{
"type": "FeatureCollection",
"name": "kullu_Bridges",
"crs": { "type": "name", "properties": { "name": "urn:ogc:def:crs:OGC:1.3:CRS84" } },
"features": [
{ "type": "Feature", "properties": { "osm_id": 1370475653, "osm_type": "way", "name": null, "tags": { "bridge": "yes", "highway": "unclassified", "layer": "1" } }, "geometry": { "type": "LineString", "coordinates": [ [ 77.4926698, 31.3560674 ], [ 77.4925881, 31.3560941 ] ] } },
{ "type": "Feature", "properties": { "osm_id": 1370475651, "osm_type": "way", "name": null, "tags": { "bridge": "yes", "highway": "unclassified", "layer": "1", "source": "maxar" } }, "geometry": { "type": "LineString", "coordinates": [ [ 77.5334061, 31.3839589 ], [ 77.5333392, 31.3839017 ] ] } },
{ "type": "Feature", "properties": { "osm_id": 166463284, "osm_type": "way", "name": null, "tags": { "bridge": "yes", "highway": "unclassified", "layer": "1" } }, "geometry": { "type": "LineString", "coordinates": [ [ 77.4842922, 31.3542078 ], [ 77.4841904, 31.3549622 ] ] } },
{ "type": "Feature", "properties": { "osm_id": 558041754, "osm_type": "way", "name": null, "tags": { "bridge": "yes", "highway": "tertiary", "layer": "1" } }, "geometry": { "type": "LineString", "coordinates": [ [ 77.3888835, 31.4148727 ], [ 77.3885831, 31.4151382 ] ] } },
{ "type": "Feature", "properties": { "osm_id": 558041736, "osm_type": "way", "name": null, "tags": { "bridge": "yes", "highway": "tertiary", "layer": "1" } }, "geometry": { "type": "LineString", "coordinates": [ [ 77.3510912, 31.4468302 ], [ 77.3508002, 31.4472215 ] ] } },
{ "type": "Feature", "properties": { "osm_id": 1346390276, "osm_type": "way", "name": null, "tags": { "bridge": "yes", "highway": "unclassified", "layer": "1" } }, "geometry": { "type": "LineString", "coordinates": [ [ 77.3673011, 31.4901392 ], [ 77.36734, 31.4899917 ] ] } },
{ "type": "Feature", "properties": { "osm_id": 558041740, "osm_type": "way", "name": null, "tags": { "bridge": "yes", "highway": "track", "layer": "1" } }, "geometry": { "type": "LineString", "coordinates": [ [ 77.4074363, 31.4956501 ], [ 77.4066505, 31.4954694 ] ] } },
{ "type": "Feature", "properties": { "osm_id": 547228609, "osm_type": "way", "name": null, "tags": { "bridge": "yes", "highway": "unclassified", "layer": "1" } }, "geometry": { "type": "LineString", "coordinates": [ [ 77.5802672, 31.397582 ], [ 77.580412, 31.3964327 ] ] } },
{ "type": "Feature", "properties": { "osm_id": 628420680, "osm_type": "way", "name": null, "tags": { "bridge": "yes", "highway": "unclassified", "layer": "1" } }, "geometry": { "type": "LineString", "coordinates": [ [ 77.5749055, 31.3978521 ], [ 77.575238, 31.3979529 ] ] } },
{ "type": "Feature", "properties": { "osm_id": 547228610, "osm_type": "way", "name": null, "tags": { "bridge": "yes", "highway": "unclassified", "layer": "1" } }, "geometry": { "type": "LineString", "coordinates": [ [ 77.5893062, 31.399473 ], [ 77.589612, 31.3982413 ] ] } },
{ "type": "Feature", "properties": { "osm_id": 514333942, "osm_type": "way", "name": null, "tags": { "bridge": "yes", "highway": "tertiary", "layer": "1" } }, "geometry": { "type": "LineString", "coordinates": [ [ 77.6221177, 31.4162804 ], [ 77.6211306, 31.4161339 ] ] } },
{ "type": "Feature", "properties": { "osm_id": 547228613, "osm_type": "way", "name": null, "tags": { "bridge": "yes", "highway": "unclassified", "layer": "1" } }, "geometry": { "type": "LineString", "coordinates": [ [ 77.6247221, 31.4396894 ], [ 77.6252371, 31.4388244 ] ] } },
{ "type": "Feature", "properties": { "osm_id": 1314717263, "osm_type": "way", "name": null, "tags": { "bridge": "yes", "highway": "unclassified", "layer": "1" } }, "geometry": { "type": "LineString", "coordinates": [ [ 77.6276756, 31.4432573 ], [ 77.62772118076073, 31.443232361521449 ] ] } },
{ "type": "Feature", "properties": { "osm_id": 1105529644, "osm_type": "way", "name": null, "tags": { "bridge": "yes", "highway": "unclassified", "layer": "1" } }, "geometry": { "type": "LineString", "coordinates": [ [ 77.325334, 31.4865929 ], [ 77.3249933, 31.4866592 ] ] } },
{ "type": "Feature", "properties": { "osm_id": 166382853, "osm_type": "way", "name": null, "tags": { "bridge": "yes", "highway": "unclassified", "layer": "1" } }, "geometry": { "type": "LineString", "coordinates": [ [ 77.6309579, 31.4517568 ], [ 77.6310903, 31.4511672 ] ] } },
{ "type": "Feature", "properties": { "osm_id": 1056695548, "osm_type": "way", "name": null, "tags": { "bridge": "yes", "highway": "unclassified" } }, "geometry": { "type": "LineString", "coordinates": [ [ 77.5543892, 31.4541901 ], [ 77.5539038, 31.4543892 ] ] } },
{ "type": "Feature", "properties": { "osm_id": 1099947019, "osm_type": "way", "name": null, "tags": { "bridge": "yes", "highway": "unclassified", "layer": "1", "surface": "asphalt" } }, "geometry": { "type": "LineString", "coordinates": [ [ 77.6804906, 31.488728 ], [ 77.6807963, 31.4887314 ] ] } },
{ "type": "Feature", "properties": { "osm_id": 166270191, "osm_type": "way", "name": null, "tags": { "bridge": "yes", "highway": "unclassified", "layer": "1" } }, "geometry": { "type": "LineString", "coordinates": [ [ 77.7047655, 31.4986088 ], [ 77.705213, 31.4982426 ] ] } },
{ "type": "Feature", "properties": { "osm_id": 278685609, "osm_type": "way", "name": null, "tags": { "bridge": "yes", "highway": "tertiary", "layer": "1", "surface": "asphalt" } }, "geometry": { "type": "LineString", "coordinates": [ [ 77.5597814, 31.5203745 ], [ 77.55951, 31.5203226 ] ] } },
{ "type": "Feature", "properties": { "osm_id": 1099947015, "osm_type": "way", "name": null, "tags": { "bridge": "yes", "highway": "unclassified", "layer": "1", "tile": "2932,1669,12" } }, "geometry": { "type": "LineString", "coordinates": [ [ 77.6975548, 31.5421323 ], [ 77.6974851, 31.5422831 ] ] } },
{ "type": "Feature", "properties": { "osm_id": 1339707248, "osm_type": "way", "name": null, "tags": { "bridge": "yes", "highway": "unclassified", "layer": "1" } }, "geometry": { "type": "LineString", "coordinates": [ [ 77.5349057, 31.5471337 ], [ 77.5350639, 31.5472229 ] ] } },
{ "type": "Feature", "properties": { "osm_id": 1099947016, "osm_type": "way", "name": null, "tags": { "bridge": "yes", "highway": "unclassified", "layer": "1" } }, "geometry": { "type": "LineString", "coordinates": [ [ 77.6804638, 31.5500207 ], [ 77.6806194, 31.5504481 ] ] } },
{ "type": "Feature", "properties": { "osm_id": 1379100151, "osm_type": "way", "name": null, "tags": { "bridge": "yes", "highway": "unclassified", "layer": "1" } }, "geometry": { "type": "LineString", "coordinates": [ [ 77.3527392, 31.5866151 ], [ 77.3527508, 31.5865342 ] ] } },
{ "type": "Feature", "properties": { "osm_id": 526945825, "osm_type": "way", "name": null, "tags": { "bridge": "yes", "highway": "tertiary", "layer": "1" } }, "geometry": { "type": "LineString", "coordinates": [ [ 77.3536915, 31.58788 ], [ 77.3531711, 31.5875732 ] ] } },
{ "type": "Feature", "properties": { "osm_id": 526945822, "osm_type": "way", "name": null, "tags": { "bridge": "yes", "highway": "trunk", "layer": "1", "ref": "NH305", "source": "GPS" } }, "geometry": { "type": "LineString", "coordinates": [ [ 77.3518574, 31.5921371 ], [ 77.3516693, 31.5920462 ] ] } },
{ "type": "Feature", "properties": { "osm_id": 526998958, "osm_type": "way", "name": "Banjar - Bathad Road", "tags": { "bridge": "yes", "highway": "tertiary", "layer": "1", "name": "Banjar - Bathad Road", "surface": "unpaved" } }, "geometry": { "type": "LineString", "coordinates": [ [ 77.4815154, 31.60129 ], [ 77.4814591, 31.6015172 ] ] } },
{ "type": "Feature", "properties": { "osm_id": 1529277977, "osm_type": "way", "name": "Banjar - Bathad Road", "tags": { "bridge": "yes", "highway": "tertiary", "layer": "1", "name": "Banjar - Bathad Road", "surface": "unpaved" } }, "geometry": { "type": "LineString", "coordinates": [ [ 77.445548, 31.6175115 ], [ 77.4454751, 31.6176031 ] ] } },
{ "type": "Feature", "properties": { "osm_id": 1005323738, "osm_type": "way", "name": "Thogi to Banjar", "tags": { "bridge": "yes", "highway": "path", "layer": "1", "name": "Thogi to Banjar" } }, "geometry": { "type": "LineString", "coordinates": [ [ 77.3413467, 31.6315899 ], [ 77.3418249, 31.6317734 ] ] } },
{ "type": "Feature", "properties": { "osm_id": 1165555145, "osm_type": "way", "name": null, "tags": { "bridge": "yes", "highway": "path", "layer": "1" } }, "geometry": { "type": "LineString", "coordinates": [ [ 77.4303008, 31.6368137 ], [ 77.4302394, 31.6367517 ] ] } },
{ "type": "Feature", "properties": { "osm_id": 526849904, "osm_type": "way", "name": "Banjar - Bathad Road", "tags": { "bridge": "yes", "highway": "tertiary", "layer": "1", "name": "Banjar - Bathad Road" } }, "geometry": { "type": "LineString", "coordinates": [ [ 77.4284385, 31.6376677 ], [ 77.4287624, 31.6375855 ] ] } },
{ "type": "Feature", "properties": { "osm_id": 526849907, "osm_type": "way", "name": "Banjar - Bathad Road", "tags": { "bridge": "yes", "highway": "tertiary", "layer": "1", "name": "Banjar - Bathad Road" } }, "geometry": { "type": "LineString", "coordinates": [ [ 77.4203555, 31.6385952 ], [ 77.4204163, 31.6389457 ] ] } },
{ "type": "Feature", "properties": { "osm_id": 526936725, "osm_type": "way", "name": "Banjar - Bathad Road", "tags": { "bridge": "yes", "highway": "tertiary", "layer": "1", "name": "Banjar - Bathad Road" } }, "geometry": { "type": "LineString", "coordinates": [ [ 77.3973042, 31.6394911 ], [ 77.3974692, 31.6394466 ] ] } },
{ "type": "Feature", "properties": { "osm_id": 526851290, "osm_type": "way", "name": null, "tags": { "bridge": "yes", "highway": "footway", "layer": "1" } }, "geometry": { "type": "LineString", "coordinates": [ [ 77.4014001, 31.6397309 ], [ 77.4010936, 31.640006 ] ] } },
{ "type": "Feature", "properties": { "osm_id": 526851294, "osm_type": "way", "name": null, "tags": { "bridge": "yes", "highway": "footway", "layer": "1" } }, "geometry": { "type": "LineString", "coordinates": [ [ 77.4070763, 31.6426115 ], [ 77.4072077, 31.6429141 ] ] } },
{ "type": "Feature", "properties": { "osm_id": 526851288, "osm_type": "way", "name": null, "tags": { "bridge": "yes", "highway": "unclassified", "layer": "1" } }, "geometry": { "type": "LineString", "coordinates": [ [ 77.3796849, 31.6447494 ], [ 77.380146, 31.6451655 ] ] } },
{ "type": "Feature", "properties": { "osm_id": 1102438033, "osm_type": "way", "name": null, "tags": { "bridge": "yes", "highway": "secondary", "layer": "1", "ref": "MDR119" } }, "geometry": { "type": "LineString", "coordinates": [ [ 77.3429467, 31.6455577 ], [ 77.3423566, 31.645625 ] ] } },
{ "type": "Feature", "properties": { "osm_id": 1005549173, "osm_type": "way", "name": null, "tags": { "bridge": "yes", "highway": "path", "layer": "1" } }, "geometry": { "type": "LineString", "coordinates": [ [ 77.3787485, 31.6459808 ], [ 77.37881, 31.645919 ] ] } },
{ "type": "Feature", "properties": { "osm_id": 288089796, "osm_type": "way", "name": null, "tags": { "bridge": "yes", "highway": "trunk", "layer": "1", "ref": "NH305", "source": "GPS" } }, "geometry": { "type": "LineString", "coordinates": [ [ 77.3462495, 31.6476004 ], [ 77.3467915, 31.6472564 ] ] } },
{ "type": "Feature", "properties": { "osm_id": 526936719, "osm_type": "way", "name": null, "tags": { "bridge": "yes", "highway": "footway", "layer": "1" } }, "geometry": { "type": "LineString", "coordinates": [ [ 77.3561914, 31.6486208 ], [ 77.3560882, 31.6482966 ] ] } },
{ "type": "Feature", "properties": { "osm_id": 527214720, "osm_type": "way", "name": null, "tags": { "bridge": "yes", "highway": "trunk", "layer": "1", "ref": "NH305", "source": "GPS" } }, "geometry": { "type": "LineString", "coordinates": [ [ 77.3287404, 31.6546622 ], [ 77.3289885, 31.6547113 ] ] } },
{ "type": "Feature", "properties": { "osm_id": 1077607293, "osm_type": "way", "name": null, "tags": { "bridge": "yes", "highway": "unclassified", "layer": "1" } }, "geometry": { "type": "LineString", "coordinates": [ [ 77.3854119, 31.6615295 ], [ 77.3854688, 31.6616363 ] ] } },
{ "type": "Feature", "properties": { "osm_id": 1005300134, "osm_type": "way", "name": "Shangarh to Banjar", "tags": { "bridge": "yes", "highway": "path", "layer": "1", "name": "Shangarh to Banjar" } }, "geometry": { "type": "LineString", "coordinates": [ [ 77.3916927, 31.6636263 ], [ 77.3917183, 31.6635444 ] ] } },
{ "type": "Feature", "properties": { "osm_id": 1102438042, "osm_type": "way", "name": null, "tags": { "bridge": "yes", "highway": "unclassified", "layer": "1", "surface": "unpaved" } }, "geometry": { "type": "LineString", "coordinates": [ [ 77.509245, 31.6070483 ], [ 77.5091296, 31.6069775 ] ] } },
{ "type": "Feature", "properties": { "osm_id": 1530325295, "osm_type": "way", "name": null, "tags": { "bridge": "yes", "highway": "unclassified", "layer": "1" } }, "geometry": { "type": "LineString", "coordinates": [ [ 77.5131947, 31.6116896 ], [ 77.5130485, 31.6119517 ] ] } },
{ "type": "Feature", "properties": { "osm_id": 820386342, "osm_type": "way", "name": "Shakti to Maror", "tags": { "bridge": "yes", "highway": "path", "name": "Shakti to Maror" } }, "geometry": { "type": "LineString", "coordinates": [ [ 77.5207362, 31.7880564 ], [ 77.520744, 31.788057 ] ] } },
{ "type": "Feature", "properties": { "osm_id": 820386340, "osm_type": "way", "name": "Shakti to Maror", "tags": { "bridge": "yes", "highway": "path", "name": "Shakti to Maror" } }, "geometry": { "type": "LineString", "coordinates": [ [ 77.5333042, 31.7886293 ], [ 77.5333041, 31.7886321 ] ] } },
{ "type": "Feature", "properties": { "osm_id": 820386338, "osm_type": "way", "name": "Shakti to Maror", "tags": { "bridge": "yes", "highway": "path", "name": "Shakti to Maror" } }, "geometry": { "type": "LineString", "coordinates": [ [ 77.4905065, 31.7887596 ], [ 77.4905084, 31.7887522 ] ] } },
{ "type": "Feature", "properties": { "osm_id": 1059450006, "osm_type": "way", "name": "Upper Neahi to Shangarh", "tags": { "bridge": "yes", "highway": "path", "layer": "1", "name": "Upper Neahi to Shangarh", "surface": "wood" } }, "geometry": { "type": "LineString", "coordinates": [ [ 77.3479369, 31.7497167 ], [ 77.3480201, 31.7497189 ] ] } },
{ "type": "Feature", "properties": { "osm_id": 1276781138, "osm_type": "way", "name": "Shangarh to Banjar", "tags": { "bridge": "yes", "highway": "path", "name": "Shangarh to Banjar" } }, "geometry": { "type": "LineString", "coordinates": [ [ 77.3872623, 31.7506056 ], [ 77.3875825, 31.75026 ] ] } },
{ "type": "Feature", "properties": { "osm_id": 1077607296, "osm_type": "way", "name": "Upper Neahi to Shangarh", "tags": { "bridge": "yes", "highway": "path", "layer": "1", "name": "Upper Neahi to Shangarh", "surface": "asphalt" } }, "geometry": { "type": "LineString", "coordinates": [ [ 77.3657219, 31.7512586 ], [ 77.3657348, 31.7513793 ] ] } },
{ "type": "Feature", "properties": { "osm_id": 1276781137, "osm_type": "way", "name": null, "tags": { "bridge": "yes", "highway": "unclassified" } }, "geometry": { "type": "LineString", "coordinates": [ [ 77.3769375, 31.7550176 ], [ 77.3767813, 31.7550549 ] ] } },
{ "type": "Feature", "properties": { "osm_id": 1394120194, "osm_type": "way", "name": "Suchen to Shangarh road", "tags": { "bridge": "yes", "highway": "unclassified", "layer": "1", "name": "Suchen to Shangarh road", "source": "maxar;digitalglobe" } }, "geometry": { "type": "LineString", "coordinates": [ [ 77.3785108, 31.7603153 ], [ 77.3787904, 31.7597175 ] ] } },
{ "type": "Feature", "properties": { "osm_id": 1154807715, "osm_type": "way", "name": null, "tags": { "bridge": "yes", "highway": "unclassified", "surface": "ground" } }, "geometry": { "type": "LineString", "coordinates": [ [ 77.3544648, 31.7652381 ], [ 77.3545817, 31.7651522 ] ] } },
{ "type": "Feature", "properties": { "osm_id": 947112912, "osm_type": "way", "name": null, "tags": { "bridge": "yes", "highway": "tertiary", "layer": "1" } }, "geometry": { "type": "LineString", "coordinates": [ [ 77.394205, 31.7742483 ], [ 77.3939905, 31.7747112 ] ] } },
{ "type": "Feature", "properties": { "osm_id": 1059452621, "osm_type": "way", "name": null, "tags": { "bridge": "yes", "highway": "unclassified" } }, "geometry": { "type": "LineString", "coordinates": [ [ 77.331841, 31.7840983 ], [ 77.3323345, 31.7844859 ] ] } },
{ "type": "Feature", "properties": { "osm_id": 678642105, "osm_type": "way", "name": null, "tags": { "bridge": "yes", "highway": "unclassified", "layer": "1" } }, "geometry": { "type": "LineString", "coordinates": [ [ 77.3299527, 31.7845908 ], [ 77.3294217, 31.7849557 ] ] } },
{ "type": "Feature", "properties": { "osm_id": 1005557340, "osm_type": "way", "name": "Sambha to Shakti Forest Rest House", "tags": { "bridge": "yes", "highway": "path", "layer": "1", "name": "Sambha to Shakti Forest Rest House", "type": "route" } }, "geometry": { "type": "LineString", "coordinates": [ [ 77.4638664, 31.7896366 ], [ 77.463869, 31.789714 ] ] } },
{ "type": "Feature", "properties": { "osm_id": 288089798, "osm_type": "way", "name": null, "tags": { "bridge": "yes", "highway": "trunk", "layer": "1", "ref": "NH305", "source": "GPS" } }, "geometry": { "type": "LineString", "coordinates": [ [ 77.3083241, 31.6639573 ], [ 77.3085942, 31.663629 ] ] } },
{ "type": "Feature", "properties": { "osm_id": 310175045, "osm_type": "way", "name": null, "tags": { "bridge": "yes", "highway": "trunk", "ref": "NH305", "source": "GPS" } }, "geometry": { "type": "LineString", "coordinates": [ [ 77.302569173050586, 31.666794435932559 ], [ 77.3025824, 31.6667955 ], [ 77.3029256, 31.6668787 ] ] } },
{ "type": "Feature", "properties": { "osm_id": 1008636091, "osm_type": "way", "name": null, "tags": { "bridge": "yes", "highway": "tertiary" } }, "geometry": { "type": "LineString", "coordinates": [ [ 77.1922025, 31.8366005 ], [ 77.1925351, 31.8363453 ] ] } },
{ "type": "Feature", "properties": { "osm_id": 1372182745, "osm_type": "way", "name": null, "tags": { "bridge": "yes", "highway": "tertiary", "layer": "1" } }, "geometry": { "type": "LineString", "coordinates": [ [ 77.1964915, 31.9515419 ], [ 77.1964236, 31.9514141 ] ] } },
{ "type": "Feature", "properties": { "osm_id": 1167726871, "osm_type": "way", "name": null, "tags": { "bridge": "yes", "highway": "unclassified", "layer": "1" } }, "geometry": { "type": "LineString", "coordinates": [ [ 77.184286, 31.9580144 ], [ 77.1840154, 31.9584799 ] ] } },
{ "type": "Feature", "properties": { "osm_id": 1274414662, "osm_type": "way", "name": null, "tags": { "bridge": "yes", "highway": "unclassified", "layer": "1" } }, "geometry": { "type": "LineString", "coordinates": [ [ 77.1847244, 31.9591373 ], [ 77.1849104, 31.9591408 ] ] } },
{ "type": "Feature", "properties": { "osm_id": 1274414664, "osm_type": "way", "name": null, "tags": { "bridge": "yes", "highway": "unclassified", "layer": "1" } }, "geometry": { "type": "LineString", "coordinates": [ [ 77.1848434, 31.9607278 ], [ 77.1847386, 31.960728 ] ] } },
{ "type": "Feature", "properties": { "osm_id": 1274414646, "osm_type": "way", "name": null, "tags": { "bridge": "yes", "highway": "unclassified", "layer": "1" } }, "geometry": { "type": "LineString", "coordinates": [ [ 77.1827853, 31.9626913 ], [ 77.1828275, 31.9627514 ] ] } },
{ "type": "Feature", "properties": { "osm_id": 1274414648, "osm_type": "way", "name": null, "tags": { "bridge": "yes", "highway": "unclassified", "layer": "1" } }, "geometry": { "type": "LineString", "coordinates": [ [ 77.1897354, 31.975674 ], [ 77.1898019, 31.9757254 ] ] } },
{ "type": "Feature", "properties": { "osm_id": 1274414650, "osm_type": "way", "name": null, "tags": { "bridge": "yes", "highway": "unclassified", "layer": "1" } }, "geometry": { "type": "LineString", "coordinates": [ [ 77.1900363, 31.9759417 ], [ 77.1899981, 31.9760201 ] ] } },
{ "type": "Feature", "properties": { "osm_id": 1274414654, "osm_type": "way", "name": null, "tags": { "bridge": "yes", "highway": "path", "layer": "1" } }, "geometry": { "type": "LineString", "coordinates": [ [ 77.1870165, 31.9850805 ], [ 77.1869636, 31.9850878 ] ] } },
{ "type": "Feature", "properties": { "osm_id": 444226878, "osm_type": "way", "name": null, "tags": { "bridge": "yes", "description": "Old highway", "highway": "secondary", "lanes": "2", "layer": "1", "maxspeed": "50", "ref": "MDR 29", "ref:old": "NH21", "shoulder": "no", "smoothness": "excellent", "surface": "asphalt" } }, "geometry": { "type": "LineString", "coordinates": [ [ 77.1601539, 31.8469033 ], [ 77.1604141, 31.8465934 ] ] } },
{ "type": "Feature", "properties": { "osm_id": 230141915, "osm_type": "way", "name": null, "tags": { "bridge": "yes", "highway": "tertiary", "layer": "1" } }, "geometry": { "type": "LineString", "coordinates": [ [ 77.1695599, 31.850438 ], [ 77.1707537, 31.8512682 ] ] } },
{ "type": "Feature", "properties": { "osm_id": 1177484723, "osm_type": "way", "name": null, "tags": { "bridge": "yes", "dual_carriageway": "yes", "highway": "trunk", "lanes": "2", "layer": "1", "maxweight:signed": "no", "oneway": "yes", "ref": "NH3", "surface": "asphalt" } }, "geometry": { "type": "LineString", "coordinates": [ [ 77.1700899, 31.8520197 ], [ 77.1699205, 31.8517863 ], [ 77.1698034, 31.8516036 ], [ 77.1697034, 31.8514174 ], [ 77.1695288, 31.8510991 ], [ 77.1692755, 31.8506398 ], [ 77.1692393, 31.8505675 ], [ 77.1691967, 31.8504698 ], [ 77.1691605, 31.8503631 ], [ 77.1691224, 31.8502024 ] ] } },
{ "type": "Feature", "properties": { "osm_id": 1177484721, "osm_type": "way", "name": null, "tags": { "bridge": "yes", "dual_carriageway": "yes", "highway": "trunk", "lanes": "2", "layer": "1", "maxweight:signed": "no", "oneway": "yes", "ref": "NH3", "surface": "asphalt" } }, "geometry": { "type": "LineString", "coordinates": [ [ 77.1689961, 31.8502195 ], [ 77.1690101, 31.8502957 ], [ 77.1690329, 31.8503918 ], [ 77.1690642, 31.8504858 ], [ 77.1691019, 31.8505697 ], [ 77.1691381, 31.8506466 ], [ 77.1693117, 31.8509746 ], [ 77.1694042, 31.8511403 ], [ 77.1694976, 31.8513081 ], [ 77.1695869, 31.8514705 ], [ 77.1696997, 31.8516884 ], [ 77.1697678, 31.8518014 ], [ 77.1698356, 31.8518999 ], [ 77.1699651, 31.8520793 ] ] } },
{ "type": "Feature", "properties": { "osm_id": 354613462, "osm_type": "way", "name": null, "tags": { "bridge": "yes", "highway": "unclassified" } }, "geometry": { "type": "LineString", "coordinates": [ [ 77.1806255, 31.9184216 ], [ 77.1801154, 31.9186531 ], [ 77.1798596, 31.9187691 ] ] } },
{ "type": "Feature", "properties": { "osm_id": 1274414652, "osm_type": "way", "name": null, "tags": { "bridge": "yes", "highway": "path", "layer": "1" } }, "geometry": { "type": "LineString", "coordinates": [ [ 77.1795397, 31.9814462 ], [ 77.179518, 31.9813644 ] ] } },
{ "type": "Feature", "properties": { "osm_id": 1160972038, "osm_type": "way", "name": null, "tags": { "bridge": "yes", "highway": "path", "layer": "1" } }, "geometry": { "type": "LineString", "coordinates": [ [ 77.1698167, 32.00896 ], [ 77.1698826, 32.0090351 ] ] } },
{ "type": "Feature", "properties": { "osm_id": 1160972043, "osm_type": "way", "name": null, "tags": { "bridge": "yes", "highway": "track", "layer": "1" } }, "geometry": { "type": "LineString", "coordinates": [ [ 77.1720783, 32.0141261 ], [ 77.1721034, 32.0142049 ] ] } },
{ "type": "Feature", "properties": { "osm_id": 1160972041, "osm_type": "way", "name": null, "tags": { "bridge": "yes", "highway": "track", "layer": "1" } }, "geometry": { "type": "LineString", "coordinates": [ [ 77.1719002, 32.0172788 ], [ 77.1718949, 32.0173638 ] ] } },
{ "type": "Feature", "properties": { "osm_id": 1160972047, "osm_type": "way", "name": null, "tags": { "bridge": "yes", "highway": "track", "layer": "1" } }, "geometry": { "type": "LineString", "coordinates": [ [ 77.1733369, 32.0211672 ], [ 77.1734034, 32.0212313 ] ] } },
{ "type": "Feature", "properties": { "osm_id": 1160972049, "osm_type": "way", "name": null, "tags": { "bridge": "yes", "highway": "track", "layer": "1" } }, "geometry": { "type": "LineString", "coordinates": [ [ 77.1735118, 32.0313027 ], [ 77.1735015, 32.0313858 ] ] } },
{ "type": "Feature", "properties": { "osm_id": 1160972045, "osm_type": "way", "name": null, "tags": { "bridge": "yes", "highway": "track", "layer": "1", "surface": "asphalt" } }, "geometry": { "type": "LineString", "coordinates": [ [ 77.1690666, 32.0493271 ], [ 77.1691892, 32.0493204 ] ] } },
{ "type": "Feature", "properties": { "osm_id": 1277956449, "osm_type": "way", "name": null, "tags": { "bridge": "yes", "highway": "path", "layer": "1" } }, "geometry": { "type": "LineString", "coordinates": [ [ 77.1625835, 32.0548643 ], [ 77.1626822, 32.0548833 ] ] } },
{ "type": "Feature", "properties": { "osm_id": 1160406235, "osm_type": "way", "name": "Naggar Jana road", "tags": { "bridge": "yes", "highway": "unclassified", "layer": "1", "name": "Naggar Jana road", "surface": "asphalt" } }, "geometry": { "type": "LineString", "coordinates": [ [ 77.1617045, 32.0779421 ], [ 77.1617779, 32.0779939 ] ] } },
{ "type": "Feature", "properties": { "osm_id": 1160406237, "osm_type": "way", "name": "Naggar Jana road", "tags": { "bridge": "yes", "highway": "unclassified", "layer": "1", "name": "Naggar Jana road", "surface": "asphalt" } }, "geometry": { "type": "LineString", "coordinates": [ [ 77.1619152, 32.0898773 ], [ 77.1619615, 32.0899488 ] ] } },
{ "type": "Feature", "properties": { "osm_id": 1295489501, "osm_type": "way", "name": null, "tags": { "bridge": "yes", "highway": "unclassified", "layer": "1" } }, "geometry": { "type": "LineString", "coordinates": [ [ 77.1557842, 32.0911555 ], [ 77.1558172, 32.0910754 ] ] } },
{ "type": "Feature", "properties": { "osm_id": 1210719016, "osm_type": "way", "name": null, "tags": { "bridge": "yes", "highway": "path" } }, "geometry": { "type": "LineString", "coordinates": [ [ 77.1688001, 32.109776 ], [ 77.1689474, 32.1098731 ] ] } },
{ "type": "Feature", "properties": { "osm_id": 1295489499, "osm_type": "way", "name": null, "tags": { "bridge": "yes", "highway": "living_street", "layer": "1" } }, "geometry": { "type": "LineString", "coordinates": [ [ 77.1656889, 32.1131131 ], [ 77.1656459, 32.1130859 ] ] } },
{ "type": "Feature", "properties": { "osm_id": 1504781600, "osm_type": "way", "name": null, "tags": { "bridge": "yes", "highway": "path", "layer": "1" } }, "geometry": { "type": "LineString", "coordinates": [ [ 77.1535951, 32.113342 ], [ 77.1535875, 32.1134196 ] ] } },
{ "type": "Feature", "properties": { "osm_id": 1103519605, "osm_type": "way", "name": "Kulu Highway", "tags": { "bridge": "yes", "highway": "trunk", "lanes": "2", "layer": "1", "name": "Kulu Highway", "ref": "NH3", "ref:old": "NH21", "surface": "asphalt" } }, "geometry": { "type": "LineString", "coordinates": [ [ 77.1474589, 32.1135377 ], [ 77.1476258, 32.1135402 ], [ 77.147762, 32.1135755 ], [ 77.1478999, 32.1136254 ] ] } },
{ "type": "Feature", "properties": { "osm_id": 238114174, "osm_type": "way", "name": "Kulu Highway", "tags": { "bridge": "yes", "highway": "trunk", "layer": "1", "name": "Kulu Highway", "ref": "NH3", "ref:old": "NH21" } }, "geometry": { "type": "LineString", "coordinates": [ [ 77.1468809, 32.1232106 ], [ 77.1470064, 32.1233914 ], [ 77.1471161, 32.123454 ], [ 77.1474194, 32.1235221 ], [ 77.1476678, 32.1235629 ] ] } },
{ "type": "Feature", "properties": { "osm_id": 1103519608, "osm_type": "way", "name": "Kulu Highway", "tags": { "bridge": "yes", "highway": "trunk", "layer": "1", "name": "Kulu Highway", "ref": "NH3", "ref:old": "NH21", "surface": "asphalt" } }, "geometry": { "type": "LineString", "coordinates": [ [ 77.1470208, 32.1235119 ], [ 77.1473266, 32.1235988 ], [ 77.1476196, 32.1236445 ] ] } },
{ "type": "Feature", "properties": { "osm_id": 401802489, "osm_type": "way", "name": "Patlikuhal Pangan Road", "tags": { "bridge": "yes", "highway": "tertiary", "maxspeed": "30", "name": "Patlikuhal Pangan Road", "surface": "asphalt", "width": "4" } }, "geometry": { "type": "LineString", "coordinates": [ [ 77.144166, 32.1326375 ], [ 77.1439225, 32.1328728 ] ] } },
{ "type": "Feature", "properties": { "osm_id": 1378863610, "osm_type": "way", "name": null, "tags": { "bridge": "yes", "highway": "unclassified", "layer": "1", "oneway": "no", "surface": "asphalt" } }, "geometry": { "type": "LineString", "coordinates": [ [ 77.1148281, 32.1382931 ], [ 77.1148711, 32.1382421 ] ] } },
{ "type": "Feature", "properties": { "osm_id": 1378863612, "osm_type": "way", "name": null, "tags": { "bridge": "yes", "highway": "unclassified", "layer": "1", "oneway": "no", "surface": "asphalt" } }, "geometry": { "type": "LineString", "coordinates": [ [ 77.126513, 32.1407663 ], [ 77.1265573, 32.1408476 ] ] } },
{ "type": "Feature", "properties": { "osm_id": 1210522760, "osm_type": "way", "name": null, "tags": { "bridge": "yes", "highway": "unclassified", "layer": "1", "oneway": "no", "surface": "asphalt" } }, "geometry": { "type": "LineString", "coordinates": [ [ 77.130871, 32.1421491 ], [ 77.1308658, 32.1420669 ] ] } },
{ "type": "Feature", "properties": { "osm_id": 1377165359, "osm_type": "way", "name": "Sangchar to Kasheri roadhead", "tags": { "bridge": "yes", "highway": "path", "layer": "1", "name": "Sangchar to Kasheri roadhead" } }, "geometry": { "type": "LineString", "coordinates": [ [ 77.1517472, 32.1658511 ], [ 77.1517182, 32.1658098 ] ] } },
{ "type": "Feature", "properties": { "osm_id": 959658307, "osm_type": "way", "name": "Shegli to Kaseri road", "tags": { "bridge": "yes", "highway": "unclassified", "layer": "1", "name": "Shegli to Kaseri road" } }, "geometry": { "type": "LineString", "coordinates": [ [ 77.1243923, 32.1788519 ], [ 77.1240478, 32.1787829 ] ] } },
{ "type": "Feature", "properties": { "osm_id": 1295489474, "osm_type": "way", "name": null, "tags": { "bridge": "yes", "foot": "yes", "highway": "path", "layer": "1" } }, "geometry": { "type": "LineString", "coordinates": [ [ 77.2088814, 32.1017965 ], [ 77.2089738, 32.1018203 ] ] } },
{ "type": "Feature", "properties": { "osm_id": 1295489497, "osm_type": "way", "name": null, "tags": { "bridge": "yes", "highway": "track", "layer": "1", "tracktype": "grade1" } }, "geometry": { "type": "LineString", "coordinates": [ [ 77.1962304, 32.1053631 ], [ 77.1963242, 32.1053456 ] ] } },
{ "type": "Feature", "properties": { "osm_id": 1032915857, "osm_type": "way", "name": "Old Kulu Highway", "tags": { "bridge": "yes", "highway": "secondary", "lanes": "2", "layer": "1", "maxspeed": "50", "motorroad": "no", "name": "Old Kulu Highway", "ref": "MDR 29" } }, "geometry": { "type": "LineString", "coordinates": [ [ 77.195882, 32.1757682 ], [ 77.1961422, 32.1758154 ] ] } },
{ "type": "Feature", "properties": { "osm_id": 387939273, "osm_type": "way", "name": null, "tags": { "bridge": "yes", "highway": "footway", "layer": "1" } }, "geometry": { "type": "LineString", "coordinates": [ [ 77.1901644, 32.1908821 ], [ 77.1907199, 32.1910311 ] ] } },
{ "type": "Feature", "properties": { "osm_id": 387939326, "osm_type": "way", "name": "Bahanu Bridge", "tags": { "bridge": "yes", "highway": "footway", "layer": "1", "name": "Bahanu Bridge" } }, "geometry": { "type": "LineString", "coordinates": [ [ 77.1901119, 32.2104562 ], [ 77.1907739, 32.2107801 ] ] } },
{ "type": "Feature", "properties": { "osm_id": 1214001252, "osm_type": "way", "name": null, "tags": { "bridge": "yes", "highway": "unclassified", "layer": "1" } }, "geometry": { "type": "LineString", "coordinates": [ [ 77.185873, 32.2192065 ], [ 77.1858449, 32.2194001 ] ] } },
{ "type": "Feature", "properties": { "osm_id": 1323127831, "osm_type": "way", "name": null, "tags": { "bridge": "yes", "highway": "path", "layer": "1" } }, "geometry": { "type": "LineString", "coordinates": [ [ 77.1843571, 32.2194446 ], [ 77.1843596, 32.219363 ] ] } },
{ "type": "Feature", "properties": { "osm_id": 1034092519, "osm_type": "way", "name": "Old Kulu Highway", "tags": { "bridge": "yes", "highway": "secondary", "lanes": "2", "layer": "1", "maxspeed": "50", "motorroad": "no", "name": "Old Kulu Highway", "ref": "MDR 29" } }, "geometry": { "type": "LineString", "coordinates": [ [ 77.2001162, 32.2197136 ], [ 77.2001034, 32.2197827 ] ] } },
{ "type": "Feature", "properties": { "osm_id": 609972527, "osm_type": "way", "name": "Old Kulu Highway", "tags": { "bridge": "yes", "highway": "secondary", "lanes": "2", "layer": "1", "maxspeed": "50", "motorroad": "no", "name": "Old Kulu Highway", "ref": "MDR 29" } }, "geometry": { "type": "LineString", "coordinates": [ [ 77.1978415, 32.2257141 ], [ 77.1982791, 32.2261016 ], [ 77.1984812, 32.2262804 ], [ 77.1985973, 32.2263833 ], [ 77.1986832, 32.2264593 ] ] } },
{ "type": "Feature", "properties": { "osm_id": 1422612951, "osm_type": "way", "name": "Kulu Highway", "tags": { "bridge": "yes", "dual_carriageway": "yes", "highway": "trunk", "lanes": "2", "layer": "1", "name": "Kulu Highway", "oneway": "yes", "ref": "NH3", "ref:old": "NH21", "surface": "asphalt" } }, "geometry": { "type": "LineString", "coordinates": [ [ 77.1881187, 32.2301204 ], [ 77.1881394, 32.2300367 ] ] } },
{ "type": "Feature", "properties": { "osm_id": 1295489478, "osm_type": "way", "name": "Old Kulu Highway", "tags": { "bridge": "yes", "highway": "secondary", "lanes": "2", "layer": "1", "maxspeed": "50", "motorroad": "no", "name": "Old Kulu Highway", "ref": "MDR 29" } }, "geometry": { "type": "LineString", "coordinates": [ [ 77.1679518, 32.1197768 ], [ 77.1681077, 32.1198323 ] ] } },
{ "type": "Feature", "properties": { "osm_id": 1295489481, "osm_type": "way", "name": null, "tags": { "bridge": "yes", "highway": "unclassified", "layer": "1" } }, "geometry": { "type": "LineString", "coordinates": [ [ 77.1653189, 32.1200294 ], [ 77.1653316, 32.1201101 ] ] } },
{ "type": "Feature", "properties": { "osm_id": 387939226, "osm_type": "way", "name": null, "tags": { "bridge": "yes", "highway": "footway" } }, "geometry": { "type": "LineString", "coordinates": [ [ 77.1569512, 32.1447703 ], [ 77.1576037, 32.1441893 ] ] } },
{ "type": "Feature", "properties": { "osm_id": 1376124020, "osm_type": "way", "name": "Old Kulu Highway", "tags": { "bridge": "yes", "highway": "secondary", "lanes": "2", "layer": "1", "maxspeed": "50", "motorroad": "no", "name": "Old Kulu Highway", "ref": "MDR 29", "source": "maxar" } }, "geometry": { "type": "LineString", "coordinates": [ [ 77.175305, 32.1449802 ], [ 77.1753022, 32.1450613 ] ] } },
{ "type": "Feature", "properties": { "osm_id": 1376122866, "osm_type": "way", "name": null, "tags": { "bridge": "yes", "highway": "unclassified", "layer": "1" } }, "geometry": { "type": "LineString", "coordinates": [ [ 77.1772428, 32.1641241 ], [ 77.1780238, 32.1640497 ] ] } },
{ "type": "Feature", "properties": { "osm_id": 444474725, "osm_type": "way", "name": null, "tags": { "bridge": "yes", "highway": "footway" } }, "geometry": { "type": "LineString", "coordinates": [ [ 77.1824616, 32.1813187 ], [ 77.1829277, 32.1811293 ] ] } },
{ "type": "Feature", "properties": { "osm_id": 1023547035, "osm_type": "way", "name": "Manali South", "tags": { "bridge": "yes", "highway": "path", "layer": "1", "name": "Manali South" } }, "geometry": { "type": "LineString", "coordinates": [ [ 77.1823641, 32.2321394 ], [ 77.1823243, 32.2321087 ], [ 77.1822832, 32.232077 ] ] } },
{ "type": "Feature", "properties": { "osm_id": 75765886, "osm_type": "way", "name": null, "tags": { "bridge": "yes", "highway": "footway", "layer": "1", "smoothness": "good", "surface": "compacted" } }, "geometry": { "type": "LineString", "coordinates": [ [ 77.1814814, 32.2415169 ], [ 77.1814911, 32.2415576 ] ] } },
{ "type": "Feature", "properties": { "osm_id": 75765878, "osm_type": "way", "name": null, "tags": { "bridge": "yes", "highway": "footway", "layer": "1", "smoothness": "intermediate", "surface": "concrete" } }, "geometry": { "type": "LineString", "coordinates": [ [ 77.1811093, 32.2416983 ], [ 77.1810549, 32.2416829 ] ] } },
{ "type": "Feature", "properties": { "osm_id": 75765866, "osm_type": "way", "name": null, "tags": { "bridge": "yes", "highway": "footway", "layer": "1", "smoothness": "good", "surface": "compacted" } }, "geometry": { "type": "LineString", "coordinates": [ [ 77.1800065, 32.2420632 ], [ 77.1799497, 32.2420017 ] ] } },
{ "type": "Feature", "properties": { "osm_id": 1339706677, "osm_type": "way", "name": null, "tags": { "bridge": "yes", "highway": "unclassified", "layer": "1" } }, "geometry": { "type": "LineString", "coordinates": [ [ 77.1409599, 31.8777006 ], [ 77.1408851, 31.8779152 ] ] } },
{ "type": "Feature", "properties": { "osm_id": 230141916, "osm_type": "way", "name": null, "tags": { "bridge": "yes", "highway": "footway", "layer": "1" } }, "geometry": { "type": "LineString", "coordinates": [ [ 77.1512655, 31.8822621 ], [ 77.1517908, 31.883074 ] ] } },
{ "type": "Feature", "properties": { "osm_id": 62065996, "osm_type": "way", "name": null, "tags": { "bridge": "yes", "highway": "secondary", "lanes": "2", "layer": "1", "maxspeed": "50", "ref:old": "NH21" } }, "geometry": { "type": "LineString", "coordinates": [ [ 77.1475558, 31.8874258 ], [ 77.1490765, 31.8874367 ] ] } },
{ "type": "Feature", "properties": { "osm_id": 62066003, "osm_type": "way", "name": null, "tags": { "bridge": "yes", "highway": "trunk", "lanes": "2", "layer": "1", "maxspeed": "50", "oneway": "yes", "ref": "NH3", "ref:old": "NH21" } }, "geometry": { "type": "LineString", "coordinates": [ [ 77.1484989, 31.8977435 ], [ 77.1474267, 31.8982806 ] ] } },
{ "type": "Feature", "properties": { "osm_id": 1365514149, "osm_type": "way", "name": null, "tags": { "bridge": "yes", "dual_carriageway": "yes", "highway": "trunk", "lanes": "2", "layer": "1", "oneway": "yes", "ref": "NH3" } }, "geometry": { "type": "LineString", "coordinates": [ [ 77.1475169, 31.8984917 ], [ 77.1486032, 31.8979542 ] ] } },
{ "type": "Feature", "properties": { "osm_id": 1096070185, "osm_type": "way", "name": null, "tags": { "bridge": "yes", "highway": "tertiary", "layer": "1" } }, "geometry": { "type": "LineString", "coordinates": [ [ 77.1154323, 31.908777 ], [ 77.1150809, 31.9089478 ] ] } },
{ "type": "Feature", "properties": { "osm_id": 444225181, "osm_type": "way", "name": "Old Kulu Highway", "tags": { "bridge": "yes", "highway": "secondary", "lanes": "2", "layer": "1", "maxspeed": "50", "name": "Old Kulu Highway", "ref": "MDR 29" } }, "geometry": { "type": "LineString", "coordinates": [ [ 77.125901, 31.915842 ], [ 77.1262461, 31.9155551 ] ] } },
{ "type": "Feature", "properties": { "osm_id": 1365514147, "osm_type": "way", "name": null, "tags": { "bridge": "yes", "dual_carriageway": "yes", "highway": "trunk", "lanes": "2", "layer": "1", "maxspeed": "50", "oneway": "yes", "ref": "NH3", "ref:old": "NH21" } }, "geometry": { "type": "LineString", "coordinates": [ [ 77.1264819, 31.9226054 ], [ 77.1262979, 31.9229132 ] ] } },
{ "type": "Feature", "properties": { "osm_id": 1096070168, "osm_type": "way", "name": null, "tags": { "bridge": "yes", "highway": "unclassified", "layer": "1" } }, "geometry": { "type": "LineString", "coordinates": [ [ 77.0904301, 31.8874286 ], [ 77.090528, 31.8872464 ] ] } },
{ "type": "Feature", "properties": { "osm_id": 1096070172, "osm_type": "way", "name": null, "tags": { "bridge": "yes", "highway": "unclassified", "layer": "1" } }, "geometry": { "type": "LineString", "coordinates": [ [ 77.0759612, 31.888183 ], [ 77.0761058, 31.8879751 ] ] } },
{ "type": "Feature", "properties": { "osm_id": 1339706497, "osm_type": "way", "name": null, "tags": { "bridge": "yes", "highway": "tertiary", "layer": "1" } }, "geometry": { "type": "LineString", "coordinates": [ [ 77.1027562, 31.9047969 ], [ 77.1026945, 31.904724 ] ] } },
{ "type": "Feature", "properties": { "osm_id": 1339706278, "osm_type": "way", "name": null, "tags": { "bridge": "yes", "highway": "unclassified", "layer": "1" } }, "geometry": { "type": "LineString", "coordinates": [ [ 77.072517, 31.9356883 ], [ 77.0724044, 31.9356292 ] ] } },
{ "type": "Feature", "properties": { "osm_id": 44170346, "osm_type": "way", "name": "Kullu Telang Road", "tags": { "bridge": "yes", "highway": "tertiary", "layer": "1", "maxspeed": "25", "name": "Kullu Telang Road", "ref": "Kullu Telang Road" } }, "geometry": { "type": "LineString", "coordinates": [ [ 77.0658668, 31.9590407 ], [ 77.0656636, 31.959054 ] ] } },
{ "type": "Feature", "properties": { "osm_id": 44170344, "osm_type": "way", "name": "Kullu Telang Road", "tags": { "bridge": "yes", "highway": "tertiary", "maxspeed": "25", "name": "Kullu Telang Road", "ref": "Kullu Telang Road" } }, "geometry": { "type": "LineString", "coordinates": [ [ 77.0865642, 31.9597664 ], [ 77.0862786, 31.9597789 ] ] } },
{ "type": "Feature", "properties": { "osm_id": 44170348, "osm_type": "way", "name": "Kullu Telang Road", "tags": { "bridge": "yes", "highway": "tertiary", "layer": "1", "maxspeed": "25", "name": "Kullu Telang Road", "ref": "Kullu Telang Road" } }, "geometry": { "type": "LineString", "coordinates": [ [ 77.0576576, 31.963786 ], [ 77.0576093, 31.9640449 ] ] } },
{ "type": "Feature", "properties": { "osm_id": 104775222, "osm_type": "way", "name": "Old Kulu Highway", "tags": { "bridge": "yes", "highway": "secondary", "lanes": "2", "layer": "1", "maxspeed": "50", "name": "Old Kulu Highway", "ref": "MDR 29" } }, "geometry": { "type": "LineString", "coordinates": [ [ 77.1074976, 31.9643606 ], [ 77.107232, 31.9640003 ] ] } },
{ "type": "Feature", "properties": { "osm_id": 1093460797, "osm_type": "way", "name": null, "tags": { "bridge": "yes", "highway": "tertiary", "layer": "1" } }, "geometry": { "type": "LineString", "coordinates": [ [ 77.0916076, 31.9670348 ], [ 77.0913179, 31.967252 ] ] } },
{ "type": "Feature", "properties": { "osm_id": 1365514145, "osm_type": "way", "name": null, "tags": { "bridge": "yes", "dual_carriageway": "yes", "highway": "trunk", "lanes": "2", "layer": "1", "maxspeed": "50", "oneway": "yes", "ref": "NH3", "ref:old": "NH21" } }, "geometry": { "type": "LineString", "coordinates": [ [ 77.1266046, 31.9226582 ], [ 77.1264207, 31.922966 ] ] } },
{ "type": "Feature", "properties": { "osm_id": 26249509, "osm_type": "way", "name": null, "tags": { "bridge": "yes", "highway": "footway", "layer": "1" } }, "geometry": { "type": "LineString", "coordinates": [ [ 77.1230142, 31.9240343 ], [ 77.1222206, 31.923279 ] ] } },
{ "type": "Feature", "properties": { "osm_id": 447544864, "osm_type": "way", "name": null, "tags": { "bridge": "yes", "highway": "secondary" } }, "geometry": { "type": "LineString", "coordinates": [ [ 77.1157484, 31.9586488 ], [ 77.1153975, 31.9587096 ], [ 77.1146382, 31.9588328 ] ] } },
{ "type": "Feature", "properties": { "osm_id": 447549509, "osm_type": "way", "name": null, "tags": { "bridge": "yes", "highway": "pedestrian" } }, "geometry": { "type": "LineString", "coordinates": [ [ 77.1102371, 31.9620532 ], [ 77.1099488, 31.9619362 ] ] } },
{ "type": "Feature", "properties": { "osm_id": 138883508, "osm_type": "way", "name": null, "tags": { "bridge": "yes", "highway": "pedestrian", "layer": "1" } }, "geometry": { "type": "LineString", "coordinates": [ [ 77.1174443, 31.9632721 ], [ 77.1169522, 31.9635644 ] ] } },
{ "type": "Feature", "properties": { "osm_id": 138883507, "osm_type": "way", "name": null, "tags": { "bridge": "yes", "highway": "pedestrian", "layer": "1" } }, "geometry": { "type": "LineString", "coordinates": [ [ 77.1163836, 31.9638266 ], [ 77.1157821, 31.964067 ] ] } },
{ "type": "Feature", "properties": { "osm_id": 709227486, "osm_type": "way", "name": null, "tags": { "bridge": "yes", "highway": "unclassified", "layer": "1" } }, "geometry": { "type": "LineString", "coordinates": [ [ 77.1358719, 31.96578 ], [ 77.1359345, 31.9658652 ] ] } },
{ "type": "Feature", "properties": { "osm_id": 1365763647, "osm_type": "way", "name": null, "tags": { "bridge": "yes", "dual_carriageway": "yes", "highway": "trunk", "lanes": "2", "layer": "1", "maxspeed": "50", "oneway": "yes", "ref": "NH3", "ref:old": "NH21" } }, "geometry": { "type": "LineString", "coordinates": [ [ 77.1217918, 31.9690064 ], [ 77.121696, 31.9688592 ] ] } },
{ "type": "Feature", "properties": { "osm_id": 1365763646, "osm_type": "way", "name": null, "tags": { "bridge": "yes", "dual_carriageway": "yes", "highway": "trunk", "lanes": "2", "layer": "1", "maxspeed": "50", "oneway": "yes", "ref": "NH3", "ref:old": "NH21" } }, "geometry": { "type": "LineString", "coordinates": [ [ 77.121591, 31.9689052 ], [ 77.1216711, 31.9690382 ] ] } },
{ "type": "Feature", "properties": { "osm_id": 65067484, "osm_type": "way", "name": "Kulu Highway", "tags": { "bridge": "yes", "highway": "trunk", "layer": "1", "name": "Kulu Highway", "ref": "NH3", "ref:old": "NH21" } }, "geometry": { "type": "LineString", "coordinates": [ [ 77.125435, 31.9742763 ], [ 77.1255927, 31.9746125 ], [ 77.1255579, 31.9747963 ], [ 77.1254001, 31.9749528 ], [ 77.1246912, 31.9754757 ], [ 77.1245354, 31.9756719 ] ] } },
{ "type": "Feature", "properties": { "osm_id": 444064996, "osm_type": "way", "name": null, "tags": { "bridge": "yes", "highway": "footway", "layer": "1" } }, "geometry": { "type": "LineString", "coordinates": [ [ 77.1264696, 31.9994703 ], [ 77.1271649, 31.9993156 ] ] } },
{ "type": "Feature", "properties": { "osm_id": 1276788779, "osm_type": "way", "name": "Old Kulu Highway", "tags": { "bridge": "yes", "highway": "secondary", "lanes": "2", "layer": "1", "maxspeed": "50", "motorroad": "no", "name": "Old Kulu Highway", "ref": "MDR 29" } }, "geometry": { "type": "LineString", "coordinates": [ [ 77.1356551, 32.0210123 ], [ 77.1355341, 32.021202 ] ] } },
{ "type": "Feature", "properties": { "osm_id": 1276788781, "osm_type": "way", "name": "Kulu Highway", "tags": { "bridge": "yes", "highway": "trunk", "lanes": "2", "layer": "1", "name": "Kulu Highway", "ref": "NH3", "ref:old": "NH21" } }, "geometry": { "type": "LineString", "coordinates": [ [ 77.1277862, 32.0221687 ], [ 77.1279724, 32.0224163 ] ] } },
{ "type": "Feature", "properties": { "osm_id": 1276788777, "osm_type": "way", "name": null, "tags": { "bridge": "yes", "highway": "tertiary", "layer": "1", "surface": "unpaved" } }, "geometry": { "type": "LineString", "coordinates": [ [ 77.1434113, 32.0232897 ], [ 77.1434265, 32.0231372 ] ] } },
{ "type": "Feature", "properties": { "osm_id": 1243523453, "osm_type": "way", "name": null, "tags": { "bridge": "yes", "highway": "unclassified", "layer": "1" } }, "geometry": { "type": "LineString", "coordinates": [ [ 77.1215196, 32.0299353 ], [ 77.1213868, 32.0297545 ] ] } },
{ "type": "Feature", "properties": { "osm_id": 1384289622, "osm_type": "way", "name": null, "tags": { "bridge": "yes", "highway": "unclassified", "layer": "1" } }, "geometry": { "type": "LineString", "coordinates": [ [ 77.1361416, 32.0551059 ], [ 77.1356482, 32.0552122 ] ] } },
{ "type": "Feature", "properties": { "osm_id": 1384289620, "osm_type": "way", "name": null, "tags": { "bridge": "yes", "highway": "path", "layer": "1" } }, "geometry": { "type": "LineString", "coordinates": [ [ 77.1370468, 32.0572778 ], [ 77.1370092, 32.0573566 ] ] } },
{ "type": "Feature", "properties": { "osm_id": 1384288998, "osm_type": "way", "name": "Old Kulu Highway", "tags": { "bridge": "yes", "highway": "secondary", "lanes": "2", "layer": "1", "maxspeed": "50", "motorroad": "no", "name": "Old Kulu Highway", "ref": "MDR 29" } }, "geometry": { "type": "LineString", "coordinates": [ [ 77.1377985, 32.057412 ], [ 77.1377344, 32.0575679 ] ] } },
{ "type": "Feature", "properties": { "osm_id": 444021069, "osm_type": "way", "name": null, "tags": { "bridge": "yes", "highway": "footway", "layer": "1" } }, "geometry": { "type": "LineString", "coordinates": [ [ 77.1351419, 32.0591343 ], [ 77.1359732, 32.0591674 ], [ 77.1360093, 32.0591688 ] ] } },
{ "type": "Feature", "properties": { "osm_id": 238114172, "osm_type": "way", "name": "Kulu Highway", "tags": { "bridge": "yes", "dual_carriageway": "yes", "highway": "trunk", "lanes": "2", "layer": "1", "name": "Kulu Highway", "oneway": "yes", "ref": "NH3", "ref:old": "NH21" } }, "geometry": { "type": "LineString", "coordinates": [ [ 77.1344246, 32.0602366 ], [ 77.1343805, 32.0598731 ] ] } },
{ "type": "Feature", "properties": { "osm_id": 161315771, "osm_type": "way", "name": "Gramang Kullu Link Road", "tags": { "bridge": "yes", "highway": "tertiary", "layer": "1", "maxspeed": "30", "name": "Gramang Kullu Link Road", "source": "Bing" } }, "geometry": { "type": "LineString", "coordinates": [ [ 77.0349131, 31.9796785 ], [ 77.0349787, 31.9796065 ] ] } },
{ "type": "Feature", "properties": { "osm_id": 161315756, "osm_type": "way", "name": "Gramang Kullu Link Road", "tags": { "bridge": "yes", "highway": "tertiary", "layer": "1", "maxspeed": "30", "name": "Gramang Kullu Link Road", "source": "Bing" } }, "geometry": { "type": "LineString", "coordinates": [ [ 77.0347623, 31.9855631 ], [ 77.0344436, 31.9855534 ] ] } },
{ "type": "Feature", "properties": { "osm_id": 1177269054, "osm_type": "way", "name": null, "tags": { "bridge": "yes", "highway": "unclassified", "layer": "1", "surface": "unpaved" } }, "geometry": { "type": "LineString", "coordinates": [ [ 77.0768559, 32.0590428 ], [ 77.0767226, 32.059172 ] ] } },
{ "type": "Feature", "properties": { "osm_id": 1177269053, "osm_type": "way", "name": null, "tags": { "bridge": "no", "highway": "unclassified", "layer": "0", "surface": "concrete" } }, "geometry": { "type": "LineString", "coordinates": [ [ 77.0767226, 32.059172 ], [ 77.0765802, 32.0592468 ], [ 77.0763711, 32.0592969 ], [ 77.0761351, 32.0592218 ], [ 77.0759529, 32.0591396 ], [ 77.0757625, 32.0590705 ], [ 77.0755559, 32.0590204 ], [ 77.0750742, 32.0589817 ], [ 77.0746778, 32.0589759 ], [ 77.0745514, 32.058976 ], [ 77.0744159, 32.0590032 ], [ 77.0743603, 32.0590995 ], [ 77.0742682, 32.0591268 ], [ 77.0741232, 32.0590778 ], [ 77.0739227, 32.058971 ], [ 77.0736367, 32.0589506 ], [ 77.0735207, 32.0589482 ], [ 77.0734738, 32.0590112 ], [ 77.0734722, 32.0590628 ], [ 77.0737695, 32.0592211 ], [ 77.0741569, 32.0594571 ], [ 77.0742455, 32.0594796 ], [ 77.0742915, 32.0595452 ], [ 77.0742691, 32.0595785 ], [ 77.0742121, 32.0595739 ], [ 77.0740555, 32.0595235 ], [ 77.0740798, 32.0595603 ], [ 77.0741364, 32.0596169 ] ] } },
{ "type": "Feature", "properties": { "osm_id": 1177269055, "osm_type": "way", "name": null, "tags": { "bridge": "no", "highway": "path", "layer": "1", "surface": "concrete" } }, "geometry": { "type": "LineString", "coordinates": [ [ 77.0741364, 32.0596169 ], [ 77.0748798, 32.0599679 ], [ 77.0757199, 32.0600724 ], [ 77.0759802, 32.0601407 ], [ 77.0760597, 32.060228 ], [ 77.0760853, 32.060307 ], [ 77.0760295, 32.0603481 ], [ 77.0760403, 32.0604459 ], [ 77.076037, 32.0605038 ], [ 77.0759663, 32.0605087 ], [ 77.07592, 32.0605324 ], [ 77.0758468, 32.0605854 ], [ 77.0757513, 32.0605771 ], [ 77.0756578, 32.0605051 ], [ 77.0754839, 32.0604902 ], [ 77.0753832, 32.0605338 ], [ 77.0753719, 32.0605729 ], [ 77.0753341, 32.0605761 ], [ 77.0752869, 32.0606216 ], [ 77.0751778, 32.0605807 ], [ 77.0751409, 32.0605681 ], [ 77.0751147, 32.06059 ], [ 77.0749967, 32.060589 ], [ 77.0748734, 32.0605775 ], [ 77.0748165, 32.0605953 ], [ 77.0747357, 32.0606018 ], [ 77.0747159, 32.0606215 ], [ 77.0747196, 32.0606524 ], [ 77.074741, 32.0606827 ], [ 77.0746911, 32.0607301 ], [ 77.0746658, 32.0607576 ], [ 77.0746059, 32.0607476 ], [ 77.0745444, 32.0607467 ], [ 77.0745141, 32.0607848 ], [ 77.0744165, 32.0607786 ], [ 77.0743162, 32.0608069 ], [ 77.0743336, 32.060836 ], [ 77.0742778, 32.0608419 ], [ 77.0741729, 32.0608116 ], [ 77.0741324, 32.0607695 ], [ 77.0740813, 32.0607372 ], [ 77.0740543, 32.060758 ], [ 77.0740487, 32.060822 ], [ 77.0740197, 32.0608736 ], [ 77.0739852, 32.0608733 ], [ 77.0739547, 32.0608601 ], [ 77.0739259, 32.0608349 ], [ 77.0738927, 32.0608546 ], [ 77.0738921, 32.0608836 ], [ 77.0738139, 32.0608749 ], [ 77.0737916, 32.0609236 ], [ 77.0737703, 32.0609461 ], [ 77.0737551, 32.060973 ], [ 77.073729, 32.0609687 ], [ 77.0736994, 32.0609433 ], [ 77.0735738, 32.0609091 ], [ 77.073499, 32.060849 ], [ 77.0734692, 32.0608118 ], [ 77.0734255, 32.0608078 ], [ 77.0734004, 32.0607964 ], [ 77.0733692, 32.0607839 ], [ 77.0733185, 32.0607803 ], [ 77.0732785, 32.0607577 ], [ 77.0732376, 32.0607485 ], [ 77.0730465, 32.0607457 ], [ 77.0729555, 32.0607605 ], [ 77.0729533, 32.060804 ], [ 77.0729042, 32.0608414 ], [ 77.0728235, 32.0609368 ], [ 77.0727378, 32.0609284 ], [ 77.0726779, 32.061019 ], [ 77.0726575, 32.0610621 ], [ 77.072684, 32.0610817 ] ] } },
{ "type": "Feature", "properties": { "osm_id": 1112500714, "osm_type": "way", "name": null, "tags": { "bridge": "yes", "highway": "unclassified", "lanes": "2", "layer": "1", "maxspeed": "30", "surface": "unpaved" } }, "geometry": { "type": "LineString", "coordinates": [ [ 77.0778561, 32.0640112 ], [ 77.0779649, 32.0640827 ] ] } },
{ "type": "Feature", "properties": { "osm_id": 279208866, "osm_type": "way", "name": "Raison - Biyasar road", "tags": { "bridge": "yes", "highway": "tertiary", "name": "Raison - Biyasar road", "surface": "asphalt" } }, "geometry": { "type": "LineString", "coordinates": [ [ 77.1014098, 32.0664025 ], [ 77.1014337, 32.0659743 ] ] } },
{ "type": "Feature", "properties": { "osm_id": 1021958301, "osm_type": "way", "name": null, "tags": { "bridge": "yes", "highway": "unclassified", "layer": "1", "surface": "asphalt" } }, "geometry": { "type": "LineString", "coordinates": [ [ 77.0796346, 32.0857648 ], [ 77.0795444, 32.0857529 ] ] } },
{ "type": "Feature", "properties": { "osm_id": 1021958303, "osm_type": "way", "name": null, "tags": { "bridge": "yes", "highway": "unclassified", "layer": "1", "surface": "asphalt" } }, "geometry": { "type": "LineString", "coordinates": [ [ 77.0885836, 32.0943264 ], [ 77.0884995, 32.094366 ] ] } },
{ "type": "Feature", "properties": { "osm_id": 1493786699, "osm_type": "way", "name": null, "tags": { "bridge": "yes", "highway": "path", "layer": "1" } }, "geometry": { "type": "LineString", "coordinates": [ [ 77.1053929, 32.0968386 ], [ 77.1054209, 32.0969171 ] ] } },
{ "type": "Feature", "properties": { "osm_id": 1177287967, "osm_type": "way", "name": "Gramang Kullu Link Road", "tags": { "bridge": "yes", "highway": "tertiary", "maxspeed": "30", "name": "Gramang Kullu Link Road" } }, "geometry": { "type": "LineString", "coordinates": [ [ 77.0257458, 32.002201 ], [ 77.0259651, 32.0022919 ] ] } },
{ "type": "Feature", "properties": { "osm_id": 1378857752, "osm_type": "way", "name": "Himri Trail", "tags": { "bridge": "yes", "highway": "path", "layer": "1", "name": "Himri Trail", "sac_scale": "mountain_hiking", "trail_visibility": "good", "width": "1" } }, "geometry": { "type": "LineString", "coordinates": [ [ 77.0137041, 32.0152229 ], [ 77.0137649, 32.0151602 ] ] } },
{ "type": "Feature", "properties": { "osm_id": 1177279581, "osm_type": "way", "name": "Kadingcha to Butti", "tags": { "bridge": "yes", "highway": "path", "layer": "1", "name": "Kadingcha to Butti", "route": "hiking", "type": "route", "website": "https://ultrajourneys.org/" } }, "geometry": { "type": "LineString", "coordinates": [ [ 76.9952654, 32.0403398 ], [ 76.9955016, 32.0402415 ] ] } },
{ "type": "Feature", "properties": { "osm_id": 1177287952, "osm_type": "way", "name": "Kadingcha to Butti", "tags": { "bridge": "yes", "highway": "path", "layer": "1", "name": "Kadingcha to Butti", "route": "hiking", "type": "route", "website": "https://ultrajourneys.org/" } }, "geometry": { "type": "LineString", "coordinates": [ [ 76.9682461, 32.0413382 ], [ 76.9685626, 32.041486 ] ] } },
{ "type": "Feature", "properties": { "osm_id": 1385059560, "osm_type": "way", "name": "Sari Pass Samalang Trail", "tags": { "bridge": "yes", "highway": "path", "layer": "1", "name": "Sari Pass Samalang Trail", "sac_scale": "demanding_mountain_hiking", "width": "1" } }, "geometry": { "type": "LineString", "coordinates": [ [ 76.9897555, 32.0609171 ], [ 76.9895225, 32.0607162 ] ] } },
{ "type": "Feature", "properties": { "osm_id": 1385059558, "osm_type": "way", "name": "Sari Pass Samalang Trail", "tags": { "bridge": "yes", "highway": "path", "layer": "1", "name": "Sari Pass Samalang Trail", "sac_scale": "demanding_mountain_hiking", "width": "1" } }, "geometry": { "type": "LineString", "coordinates": [ [ 76.9863126, 32.0633367 ], [ 76.9863726, 32.0633246 ] ] } },
{ "type": "Feature", "properties": { "osm_id": 1377160509, "osm_type": "way", "name": null, "tags": { "bridge": "log_bridge", "highway": "path", "layer": "1" } }, "geometry": { "type": "LineString", "coordinates": [ [ 77.0199597, 32.1304056 ], [ 77.0198732, 32.1304214 ] ] } },
{ "type": "Feature", "properties": { "osm_id": 1103519602, "osm_type": "way", "name": "Kulu Highway", "tags": { "bridge": "yes", "dual_carriageway": "yes", "highway": "trunk", "lanes": "2", "layer": "1", "name": "Kulu Highway", "oneway": "yes", "ref": "NH3", "ref:old": "NH21" } }, "geometry": { "type": "LineString", "coordinates": [ [ 77.1342473, 32.0599399 ], [ 77.1342857, 32.0602139 ] ] } },
{ "type": "Feature", "properties": { "osm_id": 279193883, "osm_type": "way", "name": null, "tags": { "bridge": "yes", "highway": "tertiary", "lanes": "2", "layer": "1", "maxspeed": "30", "surface": "asphalt" } }, "geometry": { "type": "LineString", "coordinates": [ [ 77.1314618, 32.0602595 ], [ 77.1320161, 32.0604458 ] ] } },
{ "type": "Feature", "properties": { "osm_id": 279193886, "osm_type": "way", "name": null, "tags": { "bridge": "yes", "highway": "tertiary", "lanes": "2", "layer": "1", "maxspeed": "30", "surface": "asphalt" } }, "geometry": { "type": "LineString", "coordinates": [ [ 77.1325182, 32.0617061 ], [ 77.1326277, 32.0617998 ], [ 77.1328408, 32.0618238 ] ] } },
{ "type": "Feature", "properties": { "osm_id": 279194458, "osm_type": "way", "name": null, "tags": { "bridge": "yes", "highway": "footway" } }, "geometry": { "type": "LineString", "coordinates": [ [ 77.1224437, 32.0663472 ], [ 77.1226815, 32.0665974 ] ] } },
{ "type": "Feature", "properties": { "osm_id": 43158149, "osm_type": "way", "name": null, "tags": { "bridge": "yes", "highway": "unclassified", "lanes": "2", "maxspeed": "30" } }, "geometry": { "type": "LineString", "coordinates": [ [ 77.1158024, 32.0677848 ], [ 77.1159025, 32.0673754 ] ] } },
{ "type": "Feature", "properties": { "osm_id": 1177261877, "osm_type": "way", "name": null, "tags": { "bridge": "yes", "highway": "road", "layer": "1", "surface": "unpaved" } }, "geometry": { "type": "LineString", "coordinates": [ [ 77.1224571, 32.0777811 ], [ 77.1224476, 32.077798 ], [ 77.1224336, 32.0778231 ] ] } },
{ "type": "Feature", "properties": { "osm_id": 1160407753, "osm_type": "way", "name": "Old Kulu Highway", "tags": { "bridge": "yes", "highway": "secondary", "lanes": "2", "layer": "1", "maxspeed": "50", "motorroad": "no", "name": "Old Kulu Highway", "ref": "MDR 29" } }, "geometry": { "type": "LineString", "coordinates": [ [ 77.1470375, 32.0898544 ], [ 77.1470657, 32.0899125 ] ] } },
{ "type": "Feature", "properties": { "osm_id": 1022770688, "osm_type": "way", "name": "Kulu Highway", "tags": { "bridge": "yes", "highway": "trunk", "lanes": "2", "layer": "1", "name": "Kulu Highway", "ref": "NH3", "ref:old": "NH21" } }, "geometry": { "type": "LineString", "coordinates": [ [ 77.1244375, 32.0942226 ], [ 77.1244411, 32.0952178 ] ] } },
{ "type": "Feature", "properties": { "osm_id": 1022770689, "osm_type": "way", "name": "Old Kullu Manali Highway NH21", "tags": { "bridge": "yes", "highway": "secondary", "layer": "1", "name": "Old Kullu Manali Highway NH21", "ref:old": "NH21" } }, "geometry": { "type": "LineString", "coordinates": [ [ 77.1216991, 32.0946733 ], [ 77.1216018, 32.0950481 ] ] } },
{ "type": "Feature", "properties": { "osm_id": 72603607, "osm_type": "way", "name": null, "tags": { "bridge": "yes", "highway": "tertiary", "oneway": "no" } }, "geometry": { "type": "LineString", "coordinates": [ [ 77.1501578, 32.1082299 ], [ 77.1493758, 32.1086053 ] ] } },
{ "type": "Feature", "properties": { "osm_id": 1504781236, "osm_type": "way", "name": null, "tags": { "bridge": "yes", "highway": "path", "layer": "1" } }, "geometry": { "type": "LineString", "coordinates": [ [ 77.0991133, 32.0988236 ], [ 77.0991519, 32.0988714 ] ] } },
{ "type": "Feature", "properties": { "osm_id": 1153434388, "osm_type": "way", "name": "Bhulang to Dimchin road", "tags": { "bridge": "yes", "highway": "unclassified", "layer": "1", "name": "Bhulang to Dimchin road" } }, "geometry": { "type": "LineString", "coordinates": [ [ 77.0964841, 32.0995375 ], [ 77.0965306, 32.0994605 ] ] } },
{ "type": "Feature", "properties": { "osm_id": 1378818473, "osm_type": "way", "name": null, "tags": { "bridge": "yes", "highway": "unclassified", "layer": "1", "surface": "asphalt" } }, "geometry": { "type": "LineString", "coordinates": [ [ 77.0782336, 32.100195 ], [ 77.078144, 32.100225 ] ] } },
{ "type": "Feature", "properties": { "osm_id": 1326405832, "osm_type": "way", "name": null, "tags": { "bridge": "yes", "highway": "unclassified", "layer": "1" } }, "geometry": { "type": "LineString", "coordinates": [ [ 77.0590872, 32.1130585 ], [ 77.0591307, 32.1133632 ] ] } },
{ "type": "Feature", "properties": { "osm_id": 1441608848, "osm_type": "way", "name": "Phojal Nal trail", "tags": { "bridge": "yes", "highway": "path", "layer": "1", "name": "Phojal Nal trail" } }, "geometry": { "type": "LineString", "coordinates": [ [ 77.0712563, 32.1145717 ], [ 77.0712262, 32.1144942 ] ] } },
{ "type": "Feature", "properties": { "osm_id": 975929103, "osm_type": "way", "name": "Jolling to Dhumaldev ka Mandir", "tags": { "bridge": "yes", "highway": "path", "layer": "1", "name": "Jolling to Dhumaldev ka Mandir" } }, "geometry": { "type": "LineString", "coordinates": [ [ 77.0584309, 32.1228905 ], [ 77.0587061, 32.1231036 ] ] } },
{ "type": "Feature", "properties": { "osm_id": 1377160504, "osm_type": "way", "name": null, "tags": { "bridge": "log_bridge", "highway": "path", "layer": "1" } }, "geometry": { "type": "LineString", "coordinates": [ [ 77.0513135, 32.1255537 ], [ 77.0512737, 32.1256295 ] ] } },
{ "type": "Feature", "properties": { "osm_id": 104789706, "osm_type": "way", "name": null, "tags": { "bridge": "yes", "highway": "trunk", "layer": "1", "ref": "NH305", "source": "GPS" } }, "geometry": { "type": "LineString", "coordinates": [ [ 77.2186895, 31.7240637 ], [ 77.2183409, 31.7250552 ] ] } },
{ "type": "Feature", "properties": { "osm_id": 104789708, "osm_type": "way", "name": null, "tags": { "bridge": "yes", "highway": "trunk", "layer": "1", "ref": "NH305", "source": "GPS" } }, "geometry": { "type": "LineString", "coordinates": [ [ 77.2261064, 31.7271328 ], [ 77.2260734, 31.7268502 ] ] } },
{ "type": "Feature", "properties": { "osm_id": 526998950, "osm_type": "way", "name": null, "tags": { "bridge": "yes", "highway": "unclassified", "layer": "1" } }, "geometry": { "type": "LineString", "coordinates": [ [ 77.230314, 31.7312082 ], [ 77.2301826, 31.7314853 ] ] } },
{ "type": "Feature", "properties": { "osm_id": 1370096652, "osm_type": "way", "name": null, "tags": { "bridge": "yes", "highway": "tertiary", "layer": "1" } }, "geometry": { "type": "LineString", "coordinates": [ [ 77.2409443, 31.7448933 ], [ 77.240974, 31.7449705 ] ] } },
{ "type": "Feature", "properties": { "osm_id": 526998953, "osm_type": "way", "name": null, "tags": { "bridge": "yes", "highway": "unclassified", "layer": "1" } }, "geometry": { "type": "LineString", "coordinates": [ [ 77.2418323, 31.7496657 ], [ 77.2423625, 31.749963 ] ] } },
{ "type": "Feature", "properties": { "osm_id": 1036537579, "osm_type": "way", "name": null, "tags": { "bridge": "yes", "highway": "unclassified" } }, "geometry": { "type": "LineString", "coordinates": [ [ 77.3093909, 31.7700343 ], [ 77.3088849, 31.7703162 ] ] } },
{ "type": "Feature", "properties": { "osm_id": 1059458355, "osm_type": "way", "name": null, "tags": { "bridge": "yes", "highway": "unclassified" } }, "geometry": { "type": "LineString", "coordinates": [ [ 77.3222494, 31.8026464 ], [ 77.3225498, 31.8030157 ] ] } },
{ "type": "Feature", "properties": { "osm_id": 1394189415, "osm_type": "way", "name": null, "tags": { "bridge": "yes", "highway": "unclassified", "layer": "1" } }, "geometry": { "type": "LineString", "coordinates": [ [ 77.2545791, 31.8258627 ], [ 77.2545987, 31.8257442 ] ] } },
{ "type": "Feature", "properties": { "osm_id": 1345206308, "osm_type": "way", "name": null, "tags": { "bridge": "yes", "highway": "path", "layer": "1" } }, "geometry": { "type": "LineString", "coordinates": [ [ 77.2461887, 31.8439422 ], [ 77.2465951, 31.8437439 ] ] } },
{ "type": "Feature", "properties": { "osm_id": 1126170583, "osm_type": "way", "name": null, "tags": { "bridge": "yes", "highway": "tertiary", "layer": "1" } }, "geometry": { "type": "LineString", "coordinates": [ [ 77.2382037, 31.8445163 ], [ 77.2381058, 31.8448672 ] ] } },
{ "type": "Feature", "properties": { "osm_id": 1158341929, "osm_type": "way", "name": null, "tags": { "bridge": "yes", "highway": "residential", "layer": "1", "source": "maxar" } }, "geometry": { "type": "LineString", "coordinates": [ [ 77.3236549, 31.8707654 ], [ 77.3239768, 31.8705421 ] ] } },
{ "type": "Feature", "properties": { "osm_id": 43161297, "osm_type": "way", "name": "Bhuntar Manikaran Highway", "tags": { "bridge": "yes", "highway": "secondary", "lanes": "2", "layer": "1", "maxspeed": "30", "name": "Bhuntar Manikaran Highway", "ref": "MDR 30" } }, "geometry": { "type": "LineString", "coordinates": [ [ 77.2161761, 31.9722025 ], [ 77.2161468, 31.9720637 ] ] } },
{ "type": "Feature", "properties": { "osm_id": 1274414656, "osm_type": "way", "name": null, "tags": { "bridge": "yes", "highway": "path", "layer": "1" } }, "geometry": { "type": "LineString", "coordinates": [ [ 77.2142347, 31.9921173 ], [ 77.2140316, 31.9921618 ] ] } },
{ "type": "Feature", "properties": { "osm_id": 1274414660, "osm_type": "way", "name": null, "tags": { "bridge": "yes", "highway": "path", "layer": "1" } }, "geometry": { "type": "LineString", "coordinates": [ [ 77.2366324, 32.0007241 ], [ 77.236495, 32.0010907 ] ] } },
{ "type": "Feature", "properties": { "osm_id": 1527582366, "osm_type": "way", "name": "Bhuntar Manikaran Highway", "tags": { "bridge": "yes", "highway": "secondary", "lanes": "2", "layer": "1", "maxspeed": "30", "name": "Bhuntar Manikaran Highway", "ref": "MDR 30" } }, "geometry": { "type": "LineString", "coordinates": [ [ 77.2544347, 32.0019388 ], [ 77.254166, 32.001897 ] ] } },
{ "type": "Feature", "properties": { "osm_id": 1274414658, "osm_type": "way", "name": null, "tags": { "bridge": "yes", "highway": "path", "layer": "1" } }, "geometry": { "type": "LineString", "coordinates": [ [ 77.2333333, 32.002542 ], [ 77.2332594, 32.0025957 ] ] } },
{ "type": "Feature", "properties": { "osm_id": 191048507, "osm_type": "way", "name": null, "tags": { "bridge": "yes", "highway": "unclassified", "lanes": "2", "layer": "3", "oneway": "no", "surface": "asphalt" } }, "geometry": { "type": "LineString", "coordinates": [ [ 77.2513521, 32.0033825 ], [ 77.2513888, 32.0041363 ] ] } },
{ "type": "Feature", "properties": { "osm_id": 1527582367, "osm_type": "way", "name": "Bhuntar Manikaran Highway", "tags": { "bridge": "yes", "highway": "secondary", "lanes": "2", "layer": "1", "maxspeed": "30", "name": "Bhuntar Manikaran Highway", "ref": "MDR 30" } }, "geometry": { "type": "LineString", "coordinates": [ [ 77.2896333, 32.006842 ], [ 77.2892727, 32.0065934 ] ] } },
{ "type": "Feature", "properties": { "osm_id": 343847707, "osm_type": "way", "name": null, "tags": { "bicycle": "yes", "bridge": "yes", "footway": "crossing", "highway": "tertiary", "horse": "yes", "motor_vehicle": "yes", "surface": "wood", "tactile_paving": "no" } }, "geometry": { "type": "LineString", "coordinates": [ [ 77.3166698, 32.0083805 ], [ 77.3169179, 32.0085249 ] ] } },
{ "type": "Feature", "properties": { "osm_id": 1158341927, "osm_type": "way", "name": null, "tags": { "bridge": "yes", "highway": "unclassified", "layer": "1" } }, "geometry": { "type": "LineString", "coordinates": [ [ 77.3326912, 31.8747959 ], [ 77.3329729, 31.8749679 ] ] } },
{ "type": "Feature", "properties": { "osm_id": 1158341931, "osm_type": "way", "name": null, "tags": { "bridge": "yes", "highway": "residential", "layer": "1", "source": "maxar" } }, "geometry": { "type": "LineString", "coordinates": [ [ 77.3357087, 31.8815799 ], [ 77.3352528, 31.8819125 ] ] } },
{ "type": "Feature", "properties": { "osm_id": 1158341936, "osm_type": "way", "name": null, "tags": { "bridge": "yes", "highway": "unclassified", "source": "maxar" } }, "geometry": { "type": "LineString", "coordinates": [ [ 77.3265141, 31.8914193 ], [ 77.3262145, 31.8911793 ] ] } },
{ "type": "Feature", "properties": { "osm_id": 1181793062, "osm_type": "way", "name": null, "tags": { "bridge": "yes", "highway": "path", "layer": "1" } }, "geometry": { "type": "LineString", "coordinates": [ [ 77.4421258, 31.9875676 ], [ 77.4422136, 31.9875309 ] ] } },
{ "type": "Feature", "properties": { "osm_id": 1181793059, "osm_type": "way", "name": null, "tags": { "bridge": "yes", "highway": "path", "layer": "1" } }, "geometry": { "type": "LineString", "coordinates": [ [ 77.4336366, 31.9904824 ], [ 77.4334603, 31.9904406 ] ] } },
{ "type": "Feature", "properties": { "osm_id": 1177886736, "osm_type": "way", "name": null, "tags": { "bicycle": "no", "bridge": "yes", "highway": "unclassified", "horse": "yes", "layer": "1" } }, "geometry": { "type": "LineString", "coordinates": [ [ 77.4424322, 31.99424 ], [ 77.4423547, 31.9941865 ] ] } },
{ "type": "Feature", "properties": { "osm_id": 1177886739, "osm_type": "way", "name": null, "tags": { "bridge": "yes", "highway": "unclassified", "layer": "1" } }, "geometry": { "type": "LineString", "coordinates": [ [ 77.4444011, 31.9943658 ], [ 77.4443296, 31.9944559 ] ] } },
{ "type": "Feature", "properties": { "osm_id": 1295493255, "osm_type": "way", "name": null, "tags": { "bridge": "yes", "highway": "unclassified", "layer": "1", "surface": "unpaved" } }, "geometry": { "type": "LineString", "coordinates": [ [ 77.4492249, 31.9946086 ], [ 77.449126, 31.9946113 ] ] } },
{ "type": "Feature", "properties": { "osm_id": 1295493252, "osm_type": "way", "name": null, "tags": { "bridge": "yes", "highway": "unclassified", "layer": "1", "surface": "unpaved" } }, "geometry": { "type": "LineString", "coordinates": [ [ 77.4471334, 31.9977055 ], [ 77.4469719, 31.9975892 ] ] } },
{ "type": "Feature", "properties": { "osm_id": 1098105668, "osm_type": "way", "name": null, "tags": { "bridge": "yes", "highway": "track", "layer": "1" } }, "geometry": { "type": "LineString", "coordinates": [ [ 77.4344408, 31.9983408 ], [ 77.4345696, 31.9980747 ] ] } },
{ "type": "Feature", "properties": { "osm_id": 1177886727, "osm_type": "way", "name": null, "tags": { "bridge": "yes", "highway": "unclassified", "layer": "1" } }, "geometry": { "type": "LineString", "coordinates": [ [ 77.4507607, 31.9982792 ], [ 77.4505453, 31.998921 ] ] } },
{ "type": "Feature", "properties": { "osm_id": 1317874036, "osm_type": "way", "name": null, "tags": { "bridge": "yes", "highway": "footway", "layer": "1", "surface": "wood" } }, "geometry": { "type": "LineString", "coordinates": [ [ 77.4631226, 31.9989156 ], [ 77.4632246, 31.9989138 ] ] } },
{ "type": "Feature", "properties": { "osm_id": 1098105669, "osm_type": "way", "name": null, "tags": { "bridge": "yes", "highway": "unclassified", "layer": "1" } }, "geometry": { "type": "LineString", "coordinates": [ [ 77.4134955, 32.0021258 ], [ 77.4131924, 32.0017119 ] ] } },
{ "type": "Feature", "properties": { "osm_id": 575544011, "osm_type": "way", "name": null, "tags": { "bridge": "yes", "foot": "yes", "highway": "path", "sac_scale": "hiking", "surface": "ground", "trail_visibility": "good" } }, "geometry": { "type": "LineString", "coordinates": [ [ 77.4848421, 32.0019866 ], [ 77.4849717, 32.001939 ] ] } },
{ "type": "Feature", "properties": { "osm_id": 581697059, "osm_type": "way", "name": null, "tags": { "bridge": "yes", "highway": "path", "layer": "1" } }, "geometry": { "type": "LineString", "coordinates": [ [ 77.4522925, 32.0041877 ], [ 77.4525231, 32.0042877 ] ] } },
{ "type": "Feature", "properties": { "osm_id": 1098105661, "osm_type": "way", "name": null, "tags": { "bridge": "yes", "highway": "path", "layer": "1", "sac_scale": "demanding_mountain_hiking" } }, "geometry": { "type": "LineString", "coordinates": [ [ 77.4522427, 32.0075233 ], [ 77.4524277, 32.0079441 ] ] } },
{ "type": "Feature", "properties": { "osm_id": 581697065, "osm_type": "way", "name": null, "tags": { "bridge": "yes", "highway": "footway", "layer": "1", "surface": "concrete" } }, "geometry": { "type": "LineString", "coordinates": [ [ 77.4490074, 32.0129543 ], [ 77.449095, 32.0131251 ] ] } },
{ "type": "Feature", "properties": { "osm_id": 6644197637, "osm_type": "node", "name": "Choj bridge", "tags": { "man_made": "bridge", "name": "Choj bridge", "tourism": "attraction" } }, "geometry": { "type": "Point", "coordinates": [ 77.3282911, 32.01683 ] } },
{ "type": "Feature", "properties": { "osm_id": 1295493249, "osm_type": "way", "name": "Manikaran Barshaini Road", "tags": { "bridge": "yes", "highway": "unclassified", "layer": "1", "maxspeed": "30", "name": "Manikaran Barshaini Road" } }, "geometry": { "type": "LineString", "coordinates": [ [ 77.3554226, 32.0256529 ], [ 77.3550974, 32.025422 ] ] } },
{ "type": "Feature", "properties": { "osm_id": 220728736, "osm_type": "way", "name": null, "tags": { "bridge": "yes", "highway": "path", "layer": "1" } }, "geometry": { "type": "LineString", "coordinates": [ [ 77.3426498, 32.0259923 ], [ 77.3425534, 32.026114 ] ] } },
{ "type": "Feature", "properties": { "osm_id": 1268606538, "osm_type": "way", "name": null, "tags": { "bridge": "yes", "highway": "footway", "layer": "1" } }, "geometry": { "type": "LineString", "coordinates": [ [ 77.2902369, 32.0091382 ], [ 77.2906468, 32.0087402 ] ] } },
{ "type": "Feature", "properties": { "osm_id": 1272713027, "osm_type": "way", "name": null, "tags": { "bridge": "yes", "highway": "footway", "layer": "1" } }, "geometry": { "type": "LineString", "coordinates": [ [ 77.2938824, 32.0101137 ], [ 77.293974, 32.0094916 ] ] } },
{ "type": "Feature", "properties": { "osm_id": 62064207, "osm_type": "way", "name": "Bhuntar Manikaran Highway", "tags": { "bridge": "yes", "highway": "secondary", "lanes": "2", "maxspeed": "30", "name": "Bhuntar Manikaran Highway", "ref": "MDR 30", "surface": "asphalt" } }, "geometry": { "type": "LineString", "coordinates": [ [ 77.3158803, 32.0105328 ], [ 77.3155621, 32.0103757 ] ] } },
{ "type": "Feature", "properties": { "osm_id": 62064209, "osm_type": "way", "name": null, "tags": { "bridge": "yes", "highway": "footway", "wikidata": "Q113579019" } }, "geometry": { "type": "LineString", "coordinates": [ [ 77.3154865, 32.0118023 ], [ 77.3153736, 32.0121614 ] ] } },
{ "type": "Feature", "properties": { "osm_id": 1100699607, "osm_type": "way", "name": "Katagla-Rashol path", "tags": { "bridge": "yes", "highway": "path", "layer": "1", "name": "Katagla-Rashol path" } }, "geometry": { "type": "LineString", "coordinates": [ [ 77.3009934, 32.0133713 ], [ 77.3010983, 32.0134825 ] ] } },
{ "type": "Feature", "properties": { "osm_id": 1098117304, "osm_type": "way", "name": null, "tags": { "bridge": "yes", "highway": "unclassified", "layer": "1" } }, "geometry": { "type": "LineString", "coordinates": [ [ 77.2545518, 32.0348843 ], [ 77.255052, 32.0348138 ] ] } },
{ "type": "Feature", "properties": { "osm_id": 1295489505, "osm_type": "way", "name": null, "tags": { "bridge": "yes", "highway": "unclassified", "layer": "1" } }, "geometry": { "type": "LineString", "coordinates": [ [ 77.2611831, 32.0528604 ], [ 77.2612257, 32.0529343 ] ] } },
{ "type": "Feature", "properties": { "osm_id": 1295489507, "osm_type": "way", "name": null, "tags": { "bridge": "yes", "highway": "unclassified", "layer": "1" } }, "geometry": { "type": "LineString", "coordinates": [ [ 77.2615813, 32.0534103 ], [ 77.2619327, 32.0532382 ] ] } },
{ "type": "Feature", "properties": { "osm_id": 1295489509, "osm_type": "way", "name": null, "tags": { "bridge": "yes", "highway": "unclassified", "layer": "1" } }, "geometry": { "type": "LineString", "coordinates": [ [ 77.2671172, 32.0540123 ], [ 77.2671708, 32.0540846 ] ] } },
{ "type": "Feature", "properties": { "osm_id": 1177850969, "osm_type": "way", "name": null, "tags": { "bridge": "yes", "highway": "unclassified", "layer": "1" } }, "geometry": { "type": "LineString", "coordinates": [ [ 77.2743677, 32.0691937 ], [ 77.2744508, 32.0692641 ] ] } },
{ "type": "Feature", "properties": { "osm_id": 220728739, "osm_type": "way", "name": null, "tags": { "bridge": "yes", "highway": "path" } }, "geometry": { "type": "LineString", "coordinates": [ [ 77.3425534, 32.026114 ], [ 77.3424559, 32.0262445 ] ] } },
{ "type": "Feature", "properties": { "osm_id": 62065765, "osm_type": "way", "name": null, "tags": { "bridge": "yes", "highway": "pedestrian" } }, "geometry": { "type": "LineString", "coordinates": [ [ 77.349572, 32.0265304 ], [ 77.3496662, 32.0262912 ] ] } },
{ "type": "Feature", "properties": { "osm_id": 62065751, "osm_type": "way", "name": null, "tags": { "bridge": "yes", "highway": "footway" } }, "geometry": { "type": "LineString", "coordinates": [ [ 77.345237, 32.0266013 ], [ 77.345131, 32.0268972 ] ] } },
{ "type": "Feature", "properties": { "osm_id": 575543927, "osm_type": "way", "name": "Pandu Bridge", "tags": { "bridge": "yes", "foot": "yes", "highway": "path", "name": "Pandu Bridge", "sac_scale": "mountain_hiking", "surface": "ground", "trail_visibility": "good" } }, "geometry": { "type": "LineString", "coordinates": [ [ 77.6711256, 31.9417282 ], [ 77.6711714, 31.9418275 ] ] } },
{ "type": "Feature", "properties": { "osm_id": 575543972, "osm_type": "way", "name": null, "tags": { "bridge": "yes", "foot": "yes", "highway": "path", "sac_scale": "mountain_hiking", "surface": "ground", "trail_visibility": "good" } }, "geometry": { "type": "LineString", "coordinates": [ [ 77.6005186, 31.9695204 ], [ 77.6007278, 31.969416 ] ] } },
{ "type": "Feature", "properties": { "osm_id": 575543975, "osm_type": "way", "name": null, "tags": { "bridge": "yes", "foot": "yes", "highway": "path", "sac_scale": "mountain_hiking", "surface": "ground", "trail_visibility": "good" } }, "geometry": { "type": "LineString", "coordinates": [ [ 77.582056, 31.9731351 ], [ 77.5821927, 31.9732126 ] ] } },
{ "type": "Feature", "properties": { "osm_id": 575543981, "osm_type": "way", "name": null, "tags": { "bridge": "yes", "foot": "yes", "highway": "path", "sac_scale": "mountain_hiking", "surface": "ground", "trail_visibility": "good" } }, "geometry": { "type": "LineString", "coordinates": [ [ 77.5660599, 31.9786611 ], [ 77.5661868, 31.9786022 ] ] } },
{ "type": "Feature", "properties": { "osm_id": 575543989, "osm_type": "way", "name": null, "tags": { "bridge": "yes", "foot": "yes", "highway": "path", "sac_scale": "mountain_hiking", "surface": "ground", "trail_visibility": "good" } }, "geometry": { "type": "LineString", "coordinates": [ [ 77.5428817, 31.9885851 ], [ 77.5429399, 31.9885814 ] ] } },
{ "type": "Feature", "properties": { "osm_id": 581697077, "osm_type": "way", "name": "Kalga to Kheerganga", "tags": { "bridge": "yes", "highway": "path", "layer": "1", "name": "Kalga to Kheerganga" } }, "geometry": { "type": "LineString", "coordinates": [ [ 77.4860631, 31.997707 ], [ 77.4863874, 31.9976668 ] ] } },
{ "type": "Feature", "properties": { "osm_id": 575544009, "osm_type": "way", "name": null, "tags": { "bridge": "yes", "foot": "yes", "highway": "path", "sac_scale": "hiking", "surface": "ground", "trail_visibility": "good" } }, "geometry": { "type": "LineString", "coordinates": [ [ 77.4859535, 32.0009621 ], [ 77.4859881, 32.0008653 ] ] } },
{ "type": "Feature", "properties": { "osm_id": 1295489485, "osm_type": "way", "name": null, "tags": { "bridge": "yes", "highway": "track", "layer": "1" } }, "geometry": { "type": "LineString", "coordinates": [ [ 77.2753012, 32.0811517 ], [ 77.2755103, 32.0810426 ] ] } },
{ "type": "Feature", "properties": { "osm_id": 1295489487, "osm_type": "way", "name": null, "tags": { "bridge": "yes", "highway": "track", "layer": "1" } }, "geometry": { "type": "LineString", "coordinates": [ [ 77.2785996, 32.0855609 ], [ 77.2785058, 32.085576 ] ] } },
{ "type": "Feature", "properties": { "osm_id": 1295489490, "osm_type": "way", "name": null, "tags": { "bridge": "yes", "highway": "track", "layer": "1" } }, "geometry": { "type": "LineString", "coordinates": [ [ 77.2850559, 32.090359 ], [ 77.2849692, 32.0903135 ] ] } },
{ "type": "Feature", "properties": { "osm_id": 1295489492, "osm_type": "way", "name": null, "tags": { "bridge": "yes", "highway": "track", "layer": "1" } }, "geometry": { "type": "LineString", "coordinates": [ [ 77.2935854, 32.0979981 ], [ 77.2935185, 32.0979392 ] ] } },
{ "type": "Feature", "properties": { "osm_id": 673483225, "osm_type": "way", "name": null, "tags": { "bridge": "yes", "highway": "path", "layer": "1" } }, "geometry": { "type": "LineString", "coordinates": [ [ 77.2500765, 32.1999693 ], [ 77.2501677, 32.1998535 ] ] } },
{ "type": "Feature", "properties": { "osm_id": 1511862200, "osm_type": "way", "name": null, "tags": { "bridge": "yes", "highway": "path", "layer": "1" } }, "geometry": { "type": "LineString", "coordinates": [ [ 77.2521636, 32.2001175 ], [ 77.2520982, 32.2002301 ] ] } },
{ "type": "Feature", "properties": { "osm_id": 1108454146, "osm_type": "way", "name": null, "tags": { "bridge": "yes", "highway": "path", "layer": "1" } }, "geometry": { "type": "LineString", "coordinates": [ [ 77.2434839, 32.2594071 ], [ 77.2436061, 32.2594397 ] ] } },
{ "type": "Feature", "properties": { "osm_id": 1187892077, "osm_type": "way", "name": null, "tags": { "bridge": "yes", "highway": "path", "layer": "1" } }, "geometry": { "type": "LineString", "coordinates": [ [ 77.2499128, 32.2739016 ], [ 77.2501676, 32.2738075 ] ] } },
{ "type": "Feature", "properties": { "osm_id": 1357144866, "osm_type": "way", "name": "Hamta Pass Trek", "tags": { "bridge": "yes", "canvec:entity_definition": "A narrow path or route suitable for walking;hiking;", "highway": "path", "layer": "1", "name": "Hamta Pass Trek", "surface": "ground", "tracktype": "grade5" } }, "geometry": { "type": "LineString", "coordinates": [ [ 77.2563024, 32.282964 ], [ 77.2563798, 32.2829741 ] ] } },
{ "type": "Feature", "properties": { "osm_id": 227086296, "osm_type": "way", "name": null, "tags": { "bridge": "yes", "highway": "tertiary", "layer": "1", "old_name": "Manali-Leh", "old_ref": "NH3", "source": "Bing" } }, "geometry": { "type": "LineString", "coordinates": [ [ 77.2180585, 32.3363922 ], [ 77.218129, 32.3362187 ] ] } },
{ "type": "Feature", "properties": { "osm_id": 1422612949, "osm_type": "way", "name": "Kulu Highway", "tags": { "bridge": "yes", "dual_carriageway": "yes", "highway": "trunk", "lane_markings": "no", "layer": "1", "name": "Kulu Highway", "oneway": "yes", "ref": "NH3", "ref:old": "NH21", "shoulder": "no", "surface": "asphalt" } }, "geometry": { "type": "LineString", "coordinates": [ [ 77.1880222, 32.2300408 ], [ 77.1880005, 32.2301345 ] ] } },
{ "type": "Feature", "properties": { "osm_id": 470025499, "osm_type": "way", "name": null, "tags": { "bridge": "yes", "highway": "footway", "layer": "1" } }, "geometry": { "type": "LineString", "coordinates": [ [ 77.1855205, 32.230773 ], [ 77.185484, 32.2307303 ] ] } },
{ "type": "Feature", "properties": { "osm_id": 75765880, "osm_type": "way", "name": null, "tags": { "bridge": "yes", "highway": "footway", "layer": "1", "smoothness": "good", "surface": "concrete" } }, "geometry": { "type": "LineString", "coordinates": [ [ 77.1840045, 32.2418452 ], [ 77.1839812, 32.2418129 ] ] } },
{ "type": "Feature", "properties": { "osm_id": 462829238, "osm_type": "way", "name": "Old Kulu Highway", "tags": { "bridge": "yes", "highway": "secondary", "lanes": "2", "layer": "1", "maxspeed": "50", "motorroad": "no", "name": "Old Kulu Highway", "ref": "MDR 29", "source": "GPS" } }, "geometry": { "type": "LineString", "coordinates": [ [ 77.192237, 32.242198 ], [ 77.192505, 32.241603 ] ] } },
{ "type": "Feature", "properties": { "osm_id": 64980254, "osm_type": "way", "name": null, "tags": { "bridge": "yes", "highway": "secondary", "lane_markings": "no", "layer": "1", "motor_vehicle": "no", "oneway": "yes", "ref:old": "NH21", "shoulder": "no", "smoothness": "good", "surface": "asphalt" } }, "geometry": { "type": "LineString", "coordinates": [ [ 77.1915682, 32.2455322 ], [ 77.1910764, 32.2454802 ] ] } },
{ "type": "Feature", "properties": { "osm_id": 41416205, "osm_type": "way", "name": null, "tags": { "bridge": "yes", "highway": "secondary", "lane_markings": "no", "layer": "1", "motor_vehicle": "no", "oneway": "yes", "shoulder": "no", "smoothness": "good", "source": "GPS", "surface": "asphalt" } }, "geometry": { "type": "LineString", "coordinates": [ [ 77.1909402, 32.2461329 ], [ 77.1911323, 32.2461736 ], [ 77.1914511, 32.2461814 ] ] } },
{ "type": "Feature", "properties": { "osm_id": 1365502720, "osm_type": "way", "name": null, "tags": { "bridge": "yes", "dual_carriageway": "yes", "highway": "trunk", "lanes": "2", "layer": "1", "oneway": "yes", "ref": "NH3", "shoulder": "no", "surface": "asphalt" } }, "geometry": { "type": "LineString", "coordinates": [ [ 77.1911792, 32.2475903 ], [ 77.190675, 32.2468508 ] ] } },
{ "type": "Feature", "properties": { "osm_id": 900573224, "osm_type": "way", "name": "Beas Bridge", "tags": { "bridge": "yes", "dual_carriageway": "yes", "highway": "trunk", "lane_markings": "no", "lanes": "2", "layer": "1", "name": "Beas Bridge", "oneway": "yes", "ref": "NH3", "shoulder": "no", "surface": "asphalt" } }, "geometry": { "type": "LineString", "coordinates": [ [ 77.190577, 32.2469097 ], [ 77.1910757, 32.247637 ] ] } },
{ "type": "Feature", "properties": { "osm_id": 74332010, "osm_type": "way", "name": null, "tags": { "bridge": "yes", "check_date:surface": "2025-06-17", "highway": "footway", "layer": "1", "surface": "paved" } }, "geometry": { "type": "LineString", "coordinates": [ [ 77.18827, 32.24776 ], [ 77.1881883, 32.2477624 ] ] } },
{ "type": "Feature", "properties": { "osm_id": 1393523843, "osm_type": "way", "name": null, "tags": { "bridge": "yes", "highway": "unclassified", "layer": "1" } }, "geometry": { "type": "LineString", "coordinates": [ [ 77.1917636, 32.2546304 ], [ 77.1917921, 32.2547108 ] ] } },
{ "type": "Feature", "properties": { "osm_id": 64980253, "osm_type": "way", "name": null, "tags": { "bridge": "yes", "highway": "tertiary", "layer": "1", "maxweight:signed": "no", "source": "GPS" } }, "geometry": { "type": "LineString", "coordinates": [ [ 77.179692, 32.2528484 ], [ 77.1798493, 32.2526812 ] ] } },
{ "type": "Feature", "properties": { "osm_id": 1459778312, "osm_type": "way", "name": null, "tags": { "bridge": "yes", "highway": "tertiary", "layer": "1" } }, "geometry": { "type": "LineString", "coordinates": [ [ 77.179923, 32.2531357 ], [ 77.1802212, 32.2528735 ] ] } },
{ "type": "Feature", "properties": { "osm_id": 305877061, "osm_type": "way", "name": null, "tags": { "bridge": "yes", "highway": "footway", "layer": "1" } }, "geometry": { "type": "LineString", "coordinates": [ [ 77.181305, 32.2542548 ], [ 77.1819003, 32.2542269 ], [ 77.182338, 32.2542663 ] ] } },
{ "type": "Feature", "properties": { "osm_id": 186129208, "osm_type": "way", "name": null, "tags": { "bridge": "yes", "foot": "yes", "highway": "unclassified", "layer": "1" } }, "geometry": { "type": "LineString", "coordinates": [ [ 77.1790098, 32.2681754 ], [ 77.178951, 32.2682379 ] ] } },
{ "type": "Feature", "properties": { "osm_id": 186129201, "osm_type": "way", "name": null, "tags": { "bridge": "yes", "highway": "tertiary", "layer": "1", "source": "GPS" } }, "geometry": { "type": "LineString", "coordinates": [ [ 77.17804, 32.2685563 ], [ 77.1780309, 32.2684611 ] ] } },
{ "type": "Feature", "properties": { "osm_id": 387957482, "osm_type": "way", "name": "Manali-Leh", "tags": { "bridge": "yes", "highway": "trunk", "layer": "1", "name": "Manali-Leh", "name:en": "Leh-Manali Highway", "ref": "NH3" } }, "geometry": { "type": "LineString", "coordinates": [ [ 77.182263, 32.268791 ], [ 77.1827112, 32.2686801 ] ] } },
{ "type": "Feature", "properties": { "osm_id": 74043529, "osm_type": "way", "name": null, "tags": { "bridge": "yes", "highway": "tertiary", "layer": "1", "source": "GPS" } }, "geometry": { "type": "LineString", "coordinates": [ [ 77.1758851, 32.2700324 ], [ 77.1759769, 32.2699695 ] ] } },
{ "type": "Feature", "properties": { "osm_id": 74379769, "osm_type": "way", "name": null, "tags": { "bridge": "yes", "foot": "yes", "highway": "unclassified", "layer": "1" } }, "geometry": { "type": "LineString", "coordinates": [ [ 77.1778513, 32.2702335 ], [ 77.1778234, 32.2703242 ] ] } },
{ "type": "Feature", "properties": { "osm_id": 587299914, "osm_type": "way", "name": null, "tags": { "bridge": "yes", "highway": "service", "layer": "1" } }, "geometry": { "type": "LineString", "coordinates": [ [ 77.1818379, 32.2714837 ], [ 77.1815512, 32.2714216 ] ] } },
{ "type": "Feature", "properties": { "osm_id": 587299915, "osm_type": "way", "name": null, "tags": { "bridge": "yes", "highway": "service", "layer": "1" } }, "geometry": { "type": "LineString", "coordinates": [ [ 77.1812185, 32.2723911 ], [ 77.1814273, 32.272427 ] ] } },
{ "type": "Feature", "properties": { "osm_id": 1393523845, "osm_type": "way", "name": null, "tags": { "bridge": "yes", "highway": "unclassified", "layer": "1" } }, "geometry": { "type": "LineString", "coordinates": [ [ 77.1927778, 32.2547821 ], [ 77.1928811, 32.254704 ] ] } },
{ "type": "Feature", "properties": { "osm_id": 1080728467, "osm_type": "way", "name": null, "tags": { "bridge": "yes", "highway": "path", "layer": "1" } }, "geometry": { "type": "LineString", "coordinates": [ [ 77.194097, 32.2548676 ], [ 77.1941164, 32.2548102 ] ] } },
{ "type": "Feature", "properties": { "osm_id": 74460343, "osm_type": "way", "name": null, "tags": { "bridge": "yes", "highway": "footway", "layer": "1", "surface": "concrete" } }, "geometry": { "type": "LineString", "coordinates": [ [ 77.1884577, 32.2607309 ], [ 77.1884452, 32.2607594 ] ] } },
{ "type": "Feature", "properties": { "osm_id": 74460339, "osm_type": "way", "name": null, "tags": { "bridge": "yes", "highway": "unclassified", "layer": "1", "maxweight:signed": "no" } }, "geometry": { "type": "LineString", "coordinates": [ [ 77.1898852, 32.261438 ], [ 77.1898081, 32.2615389 ] ] } },
{ "type": "Feature", "properties": { "osm_id": 1090739826, "osm_type": "way", "name": null, "tags": { "bridge": "yes", "highway": "path", "layer": "1" } }, "geometry": { "type": "LineString", "coordinates": [ [ 77.1909412, 32.2618455 ], [ 77.1909853, 32.261831 ] ] } },
{ "type": "Feature", "properties": { "osm_id": 587305122, "osm_type": "way", "name": null, "tags": { "bridge": "yes", "highway": "unclassified", "layer": "1" } }, "geometry": { "type": "LineString", "coordinates": [ [ 77.1846789, 32.2664829 ], [ 77.184494, 32.2662797 ] ] } },
{ "type": "Feature", "properties": { "osm_id": 74142170, "osm_type": "way", "name": null, "tags": { "bridge": "yes", "highway": "footway", "layer": "1", "surface": "concrete" } }, "geometry": { "type": "LineString", "coordinates": [ [ 77.1871815, 32.2674134 ], [ 77.1871907, 32.267454 ] ] } },
{ "type": "Feature", "properties": { "osm_id": 1090415269, "osm_type": "way", "name": null, "tags": { "bridge": "yes", "highway": "path", "layer": "1" } }, "geometry": { "type": "LineString", "coordinates": [ [ 77.1886707, 32.267639 ], [ 77.1886374, 32.2676779 ] ] } },
{ "type": "Feature", "properties": { "osm_id": 587299909, "osm_type": "way", "name": null, "tags": { "bridge": "yes", "highway": "service", "layer": "1" } }, "geometry": { "type": "LineString", "coordinates": [ [ 77.1831102, 32.2702706 ], [ 77.1830225, 32.2703402 ] ] } },
{ "type": "Feature", "properties": { "osm_id": 74384271, "osm_type": "way", "name": null, "tags": { "bridge": "yes", "highway": "footway", "layer": "1" } }, "geometry": { "type": "LineString", "coordinates": [ [ 77.1856816, 32.271833 ], [ 77.1856689, 32.2719047 ] ] } },
{ "type": "Feature", "properties": { "osm_id": 587299917, "osm_type": "way", "name": null, "tags": { "bridge": "yes", "highway": "service", "layer": "1" } }, "geometry": { "type": "LineString", "coordinates": [ [ 77.1823829, 32.2737317 ], [ 77.1825846, 32.2736928 ] ] } },
{ "type": "Feature", "properties": { "osm_id": 74043618, "osm_type": "way", "name": null, "tags": { "bridge": "yes", "foot": "yes", "highway": "unclassified", "layer": "1", "surface": "concrete" } }, "geometry": { "type": "LineString", "coordinates": [ [ 77.1758629, 32.2737802 ], [ 77.1758755, 32.273731 ] ] } },
{ "type": "Feature", "properties": { "osm_id": 74043612, "osm_type": "way", "name": null, "tags": { "bridge": "yes", "foot": "yes", "highway": "track", "layer": "1", "surface": "concrete" } }, "geometry": { "type": "LineString", "coordinates": [ [ 77.1763476, 32.2737776 ], [ 77.1763513, 32.2738228 ] ] } },
{ "type": "Feature", "properties": { "osm_id": 74043527, "osm_type": "way", "name": null, "tags": { "bridge": "yes", "foot": "yes", "highway": "track", "layer": "1", "surface": "concrete" } }, "geometry": { "type": "LineString", "coordinates": [ [ 77.1769687, 32.2741095 ], [ 77.176889, 32.2740526 ] ] } },
{ "type": "Feature", "properties": { "osm_id": 72844399, "osm_type": "way", "name": null, "tags": { "bridge": "yes", "foot": "yes", "highway": "path", "layer": "1", "surface": "ground" } }, "geometry": { "type": "LineString", "coordinates": [ [ 77.1775281, 32.2746562 ], [ 77.1776525, 32.2746952 ] ] } },
{ "type": "Feature", "properties": { "osm_id": 1168431987, "osm_type": "way", "name": null, "tags": { "bridge": "yes", "highway": "path" } }, "geometry": { "type": "LineString", "coordinates": [ [ 77.1794121, 32.2758539 ], [ 77.1795195, 32.2758727 ] ] } },
{ "type": "Feature", "properties": { "osm_id": 1168431986, "osm_type": "way", "name": null, "tags": { "bridge": "yes", "highway": "path" } }, "geometry": { "type": "LineString", "coordinates": [ [ 77.1799347, 32.2758303 ], [ 77.1800121, 32.2759235 ] ] } },
{ "type": "Feature", "properties": { "osm_id": 402184821, "osm_type": "way", "name": null, "tags": { "bridge": "yes", "highway": "path", "incline": "0%", "layer": "1", "surface": "concrete", "width": "1.5" } }, "geometry": { "type": "LineString", "coordinates": [ [ 77.1715563, 32.282914 ], [ 77.1715965, 32.2831061 ] ] } },
{ "type": "Feature", "properties": { "osm_id": 1413324477, "osm_type": "way", "name": "Majach Bridge", "tags": { "bridge": "yes", "highway": "tertiary", "layer": "1", "name": "Majach Bridge" } }, "geometry": { "type": "LineString", "coordinates": [ [ 77.160769, 32.2834622 ], [ 77.160899, 32.283281 ] ] } },
{ "type": "Feature", "properties": { "osm_id": 402184819, "osm_type": "way", "name": null, "tags": { "bridge": "yes", "highway": "tertiary", "lanes": "2", "layer": "1", "source": "GPS" } }, "geometry": { "type": "LineString", "coordinates": [ [ 77.1696797, 32.284113 ], [ 77.1695554, 32.2837145 ] ] } },
{ "type": "Feature", "properties": { "osm_id": 958169245, "osm_type": "way", "name": null, "tags": { "bridge": "yes", "highway": "path" } }, "geometry": { "type": "LineString", "coordinates": [ [ 77.1241444, 32.2485521 ], [ 77.1241304, 32.2485449 ], [ 77.1240972, 32.248529 ] ] } },
{ "type": "Feature", "properties": { "osm_id": 129149833, "osm_type": "way", "name": null, "tags": { "bridge": "yes", "highway": "path", "surface": "rock" } }, "geometry": { "type": "LineString", "coordinates": [ [ 77.1449792, 32.3091592 ], [ 77.1444997, 32.3086976 ] ] } },
{ "type": "Feature", "properties": { "osm_id": 402190155, "osm_type": "way", "name": null, "tags": { "bridge": "yes", "highway": "path", "layer": "1" } }, "geometry": { "type": "LineString", "coordinates": [ [ 77.1557198, 32.3201251 ], [ 77.155832, 32.3203909 ] ] } },
{ "type": "Feature", "properties": { "osm_id": 1515569761, "osm_type": "way", "name": null, "tags": { "bridge": "yes", "highway": "track", "layer": "1" } }, "geometry": { "type": "LineString", "coordinates": [ [ 77.1552913, 32.3219603 ], [ 77.154614, 32.3215931 ], [ 77.1537638, 32.3210944 ] ] } },
{ "type": "Feature", "properties": { "osm_id": 406136393, "osm_type": "way", "name": "Manali-Leh", "tags": { "bridge": "yes", "highway": "trunk", "layer": "1", "name": "Manali-Leh", "name:en": "Leh-Manali Highway", "ref": "NH3" } }, "geometry": { "type": "LineString", "coordinates": [ [ 77.1497686, 32.3224182 ], [ 77.149599, 32.3224626 ] ] } },
{ "type": "Feature", "properties": { "osm_id": 405993219, "osm_type": "way", "name": "Manali-Leh", "tags": { "bridge": "yes", "highway": "trunk", "layer": "1", "name": "Manali-Leh", "name:en": "Leh-Manali Highway", "ref": "NH3" } }, "geometry": { "type": "LineString", "coordinates": [ [ 77.1308586, 32.3512264 ], [ 77.1306927, 32.3511054 ], [ 77.1306142, 32.3510131 ], [ 77.1305503, 32.3509152 ], [ 77.1305256, 32.3508227 ], [ 77.1305356, 32.3507029 ], [ 77.1305799, 32.3505789 ], [ 77.1310877, 32.3495647 ] ] } },
{ "type": "Feature", "properties": { "osm_id": 582038424, "osm_type": "way", "name": null, "tags": { "bridge": "yes", "highway": "service", "layer": "1" } }, "geometry": { "type": "LineString", "coordinates": [ [ 77.130679, 32.3514153 ], [ 77.1301859, 32.3511142 ] ] } },
{ "type": "Feature", "properties": { "osm_id": 74877129, "osm_type": "way", "name": null, "tags": { "bridge": "yes", "highway": "footway", "layer": "1" } }, "geometry": { "type": "LineString", "coordinates": [ [ 77.1836482, 32.2747546 ], [ 77.1836484, 32.2748316 ] ] } },
{ "type": "Feature", "properties": { "osm_id": 1064392684, "osm_type": "way", "name": "British Bridge", "tags": { "abandoned:highway": "footway", "bicycle": "no", "bridge": "yes", "bridge:name": "British Bridge", "bridge:structure": "arch", "description": "broken bridge, not usable\n\nJuly 2025 Update - New bridge built above the old one, but not completed.", "disused:bridge": "yes", "highway": "tertiary", "layer": "1", "name": "British Bridge", "oneway": "no", "surface": "metal" } }, "geometry": { "type": "LineString", "coordinates": [ [ 77.1963847, 32.3099417 ], [ 77.1963311, 32.3100319 ] ] } },
{ "type": "Feature", "properties": { "osm_id": 387960387, "osm_type": "way", "name": null, "tags": { "bridge": "yes", "highway": "tertiary", "layer": "1", "old_name": "Manali-Leh", "old_ref": "NH3" } }, "geometry": { "type": "LineString", "coordinates": [ [ 77.188244, 32.3170852 ], [ 77.1877588, 32.3173338 ] ] } },
{ "type": "Feature", "properties": { "osm_id": 849483632, "osm_type": "way", "name": null, "tags": { "bridge": "yes", "highway": "service", "layer": "1" } }, "geometry": { "type": "LineString", "coordinates": [ [ 77.1879217, 32.3174689 ], [ 77.1883411, 32.3171802 ] ] } },
{ "type": "Feature", "properties": { "osm_id": 595939703, "osm_type": "way", "name": null, "tags": { "bridge": "yes", "highway": "tertiary", "layer": "1", "old_name": "Manali-Leh", "old_ref": "NH3", "surface": "asphalt" } }, "geometry": { "type": "LineString", "coordinates": [ [ 77.1926596, 32.3187027 ], [ 77.1925989, 32.318595 ] ] } },
{ "type": "Feature", "properties": { "osm_id": 636255991, "osm_type": "way", "name": null, "tags": { "bridge": "yes", "highway": "tertiary", "layer": "1", "old_name": "Manali-Leh", "old_ref": "NH3", "surface": "asphalt" } }, "geometry": { "type": "LineString", "coordinates": [ [ 77.1937631, 32.3225875 ], [ 77.1937952, 32.3223917 ] ] } },
{ "type": "Feature", "properties": { "osm_id": 816790375, "osm_type": "way", "name": null, "tags": { "bridge": "yes", "highway": "tertiary", "layer": "1", "old_name": "Manali-Leh", "old_ref": "NH3", "surface": "asphalt" } }, "geometry": { "type": "LineString", "coordinates": [ [ 77.2125516, 32.3283373 ], [ 77.2125576, 32.3282726 ] ] } },
{ "type": "Feature", "properties": { "osm_id": 64980256, "osm_type": "way", "name": "Nehru Bridge", "tags": { "bridge": "yes", "flood_prone": "yes", "highway": "tertiary", "lanes": "2", "layer": "1", "name": "Nehru Bridge", "source": "GPS", "surface": "paved" } }, "geometry": { "type": "LineString", "coordinates": [ [ 77.1791675, 32.2865629 ], [ 77.1783254, 32.2863531 ] ] } },
{ "type": "Feature", "properties": { "osm_id": 406136391, "osm_type": "way", "name": "Manali-Leh", "tags": { "bridge": "yes", "highway": "trunk", "layer": "1", "name": "Manali-Leh", "name:en": "Leh-Manali Highway", "ref": "NH3" } }, "geometry": { "type": "LineString", "coordinates": [ [ 77.1810147, 32.3063221 ], [ 77.1813157, 32.3061454 ] ] } },
{ "type": "Feature", "properties": { "osm_id": 202011447, "osm_type": "way", "name": null, "tags": { "bridge": "yes", "highway": "unclassified", "layer": "1" } }, "geometry": { "type": "LineString", "coordinates": [ [ 77.1767875, 32.3079379 ], [ 77.1761502, 32.3075642 ] ] } },
{ "type": "Feature", "properties": { "osm_id": 62062064, "osm_type": "way", "name": "Manali-Leh", "tags": { "bridge": "yes", "highway": "trunk", "name": "Manali-Leh", "name:en": "Leh-Manali Highway", "ref": "NH3" } }, "geometry": { "type": "LineString", "coordinates": [ [ 77.1702833, 32.311386 ], [ 77.1706706, 32.3117621 ] ] } },
{ "type": "Feature", "properties": { "osm_id": 428074192, "osm_type": "way", "name": null, "tags": { "bridge": "yes", "highway": "track" } }, "geometry": { "type": "LineString", "coordinates": [ [ 77.1616747, 32.3150044 ], [ 77.1617779, 32.3150769 ] ] } },
{ "type": "Feature", "properties": { "osm_id": 402188413, "osm_type": "way", "name": null, "tags": { "bridge": "yes", "highway": "service", "layer": "1", "surface": "asphalt" } }, "geometry": { "type": "LineString", "coordinates": [ [ 77.1604666, 32.3163884 ], [ 77.1602099, 32.3159415 ] ] } },
{ "type": "Feature", "properties": { "osm_id": 1515569759, "osm_type": "way", "name": null, "tags": { "bridge": "yes", "highway": "track", "layer": "1" } }, "geometry": { "type": "LineString", "coordinates": [ [ 77.1577938, 32.3210672 ], [ 77.1576315, 32.321197 ] ] } },
{ "type": "Feature", "properties": { "osm_id": 227086294, "osm_type": "way", "name": null, "tags": { "bridge": "yes", "highway": "tertiary", "layer": "1", "old_name": "Manali-Leh", "old_ref": "NH3", "source": "Bing" } }, "geometry": { "type": "LineString", "coordinates": [ [ 77.2214328, 32.3491428 ], [ 77.2215618, 32.3490517 ] ] } },
{ "type": "Feature", "properties": { "osm_id": 227086292, "osm_type": "way", "name": null, "tags": { "bridge": "yes", "highway": "tertiary", "layer": "1", "old_name": "Manali-Leh", "old_ref": "NH3", "source": "Bing" } }, "geometry": { "type": "LineString", "coordinates": [ [ 77.2212018, 32.3493144 ], [ 77.2213546, 32.3492014 ] ] } },
{ "type": "Feature", "properties": { "osm_id": 227086293, "osm_type": "way", "name": null, "tags": { "bridge": "yes", "highway": "tertiary", "layer": "1", "old_name": "Manali-Leh", "old_ref": "NH3", "source": "Bing" } }, "geometry": { "type": "LineString", "coordinates": [ [ 77.2157353, 32.3524092 ], [ 77.2158287, 32.3523141 ] ] } },
{ "type": "Feature", "properties": { "osm_id": 1038663290, "osm_type": "way", "name": null, "tags": { "bridge": "yes", "highway": "tertiary", "layer": "1", "old_name": "Manali-Leh", "old_ref": "NH3", "surface": "asphalt" } }, "geometry": { "type": "LineString", "coordinates": [ [ 77.234467, 32.3630138 ], [ 77.2343391, 32.3630276 ] ] } }
]
}
