{
"type": "FeatureCollection",
"name": "mandi_Bridges",
"crs": { "type": "name", "properties": { "name": "urn:ogc:def:crs:OGC:1.3:CRS84" } },
"features": [
{ "type": "Feature", "properties": { "osm_id": 49396745, "osm_type": "way", "name": "MDR22", "tags": { "bridge": "yes", "highway": "secondary", "maxspeed": "30", "name": "MDR22", "ref": "MDR22" } }, "geometry": { "type": "LineString", "coordinates": [ [ 77.3096064, 31.275368 ], [ 77.3095397, 31.2754695 ] ] } },
{ "type": "Feature", "properties": { "osm_id": 1286693626, "osm_type": "way", "name": null, "tags": { "bridge": "yes", "highway": "track", "layer": "1" } }, "geometry": { "type": "LineString", "coordinates": [ [ 77.1581514, 31.2305291 ], [ 77.1575231, 31.2309819 ] ] } },
{ "type": "Feature", "properties": { "osm_id": 1108068980, "osm_type": "way", "name": null, "tags": { "bridge": "yes", "highway": "unclassified", "layer": "1" } }, "geometry": { "type": "LineString", "coordinates": [ [ 77.2314439, 31.3526268 ], [ 77.2318093, 31.3526043 ] ] } },
{ "type": "Feature", "properties": { "osm_id": 1108068971, "osm_type": "way", "name": null, "tags": { "bridge": "yes", "highway": "unclassified", "layer": "1" } }, "geometry": { "type": "LineString", "coordinates": [ [ 77.2267156, 31.3528733 ], [ 77.2262337, 31.352737 ] ] } },
{ "type": "Feature", "properties": { "osm_id": 1108068948, "osm_type": "way", "name": null, "tags": { "bridge": "yes", "highway": "service", "layer": "1" } }, "geometry": { "type": "LineString", "coordinates": [ [ 77.2303918, 31.357276 ], [ 77.2304826, 31.3573499 ] ] } },
{ "type": "Feature", "properties": { "osm_id": 1108068960, "osm_type": "way", "name": null, "tags": { "bridge": "yes", "highway": "unclassified", "layer": "1" } }, "geometry": { "type": "LineString", "coordinates": [ [ 77.2146305, 31.3660199 ], [ 77.2145319, 31.3658038 ] ] } },
{ "type": "Feature", "properties": { "osm_id": 1107873378, "osm_type": "way", "name": null, "tags": { "bridge": "yes", "highway": "unclassified", "layer": "1" } }, "geometry": { "type": "LineString", "coordinates": [ [ 77.344242, 31.3359637 ], [ 77.3445488, 31.3357616 ] ] } },
{ "type": "Feature", "properties": { "osm_id": 737889195, "osm_type": "way", "name": null, "tags": { "bridge": "yes", "highway": "path", "layer": "1" } }, "geometry": { "type": "LineString", "coordinates": [ [ 77.3863664, 31.3595036 ], [ 77.3868267, 31.3600354 ] ] } },
{ "type": "Feature", "properties": { "osm_id": 428152450, "osm_type": "way", "name": null, "tags": { "bridge": "yes", "highway": "unclassified" } }, "geometry": { "type": "LineString", "coordinates": [ [ 77.1269918, 31.2458279 ], [ 77.1253902, 31.2458101 ] ] } },
{ "type": "Feature", "properties": { "osm_id": 49395432, "osm_type": "way", "name": "SH13", "tags": { "bridge": "yes", "highway": "primary", "lanes": "2", "layer": "1", "maxspeed": "30", "name": "SH13", "ref": "State Highway 13" } }, "geometry": { "type": "LineString", "coordinates": [ [ 77.0876589, 31.2476809 ], [ 77.086956915603722, 31.246765976940711 ] ] } },
{ "type": "Feature", "properties": { "osm_id": 794939011, "osm_type": "way", "name": null, "tags": { "bridge": "yes", "highway": "footway", "layer": "1" } }, "geometry": { "type": "LineString", "coordinates": [ [ 77.0802498, 31.2974609 ], [ 77.0802793, 31.2973051 ] ] } },
{ "type": "Feature", "properties": { "osm_id": 660718522, "osm_type": "way", "name": null, "tags": { "bridge": "yes", "highway": "primary", "layer": "1", "ref": "SH13", "surface": "asphalt" } }, "geometry": { "type": "LineString", "coordinates": [ [ 77.1342708, 31.3850383 ], [ 77.1344143, 31.3850257 ], [ 77.1345645, 31.3849983 ] ] } },
{ "type": "Feature", "properties": { "osm_id": 1346876483, "osm_type": "way", "name": null, "tags": { "bridge": "yes", "highway": "primary", "layer": "1", "ref": "SH13", "surface": "asphalt" } }, "geometry": { "type": "LineString", "coordinates": [ [ 77.1250159, 31.3873349 ], [ 77.1252103, 31.3872559 ] ] } },
{ "type": "Feature", "properties": { "osm_id": 794912956, "osm_type": "way", "name": null, "tags": { "bridge": "yes", "highway": "footway", "layer": "1" } }, "geometry": { "type": "LineString", "coordinates": [ [ 77.0524956, 31.3878203 ], [ 77.0526472, 31.3877276 ] ] } },
{ "type": "Feature", "properties": { "osm_id": 794912953, "osm_type": "way", "name": null, "tags": { "bridge": "yes", "highway": "footway", "layer": "1" } }, "geometry": { "type": "LineString", "coordinates": [ [ 77.0570903, 31.398397 ], [ 77.0570232, 31.3981646 ] ] } },
{ "type": "Feature", "properties": { "osm_id": 794912952, "osm_type": "way", "name": null, "tags": { "bridge": "yes", "highway": "footway", "layer": "1" } }, "geometry": { "type": "LineString", "coordinates": [ [ 77.0603022, 31.3999653 ], [ 77.0603961, 31.399734 ] ] } },
{ "type": "Feature", "properties": { "osm_id": 794912951, "osm_type": "way", "name": null, "tags": { "bridge": "yes", "highway": "footway", "layer": "1" } }, "geometry": { "type": "LineString", "coordinates": [ [ 77.0693895, 31.4064028 ], [ 77.0691857, 31.4063387 ] ] } },
{ "type": "Feature", "properties": { "osm_id": 794912962, "osm_type": "way", "name": null, "tags": { "bridge": "yes", "highway": "footway", "layer": "1" } }, "geometry": { "type": "LineString", "coordinates": [ [ 77.0486802, 31.33502 ], [ 77.0483851, 31.3350612 ] ] } },
{ "type": "Feature", "properties": { "osm_id": 1110285105, "osm_type": "way", "name": null, "tags": { "bridge": "yes", "highway": "track", "layer": "1" } }, "geometry": { "type": "LineString", "coordinates": [ [ 76.9530299, 31.3386144 ], [ 76.952865, 31.3390623 ] ] } },
{ "type": "Feature", "properties": { "osm_id": 794912958, "osm_type": "way", "name": null, "tags": { "bridge": "yes", "highway": "footway", "layer": "1" } }, "geometry": { "type": "LineString", "coordinates": [ [ 77.0488103, 31.3697311 ], [ 77.0486467, 31.3696361 ] ] } },
{ "type": "Feature", "properties": { "osm_id": 794912957, "osm_type": "way", "name": null, "tags": { "bridge": "yes", "highway": "footway", "layer": "1" } }, "geometry": { "type": "LineString", "coordinates": [ [ 77.0517084, 31.3817261 ], [ 77.0516708, 31.3815406 ] ] } },
{ "type": "Feature", "properties": { "osm_id": 1333920247, "osm_type": "way", "name": null, "tags": { "bridge": "yes", "highway": "unclassified", "layer": "1" } }, "geometry": { "type": "LineString", "coordinates": [ [ 76.9874963, 31.4665381 ], [ 76.9878611, 31.4664306 ] ] } },
{ "type": "Feature", "properties": { "osm_id": 1110610144, "osm_type": "way", "name": null, "tags": { "bridge": "yes", "highway": "unclassified", "layer": "1" } }, "geometry": { "type": "LineString", "coordinates": [ [ 76.9601807, 31.4754737 ], [ 76.9601861, 31.4756979 ] ] } },
{ "type": "Feature", "properties": { "osm_id": 1108068956, "osm_type": "way", "name": null, "tags": { "bridge": "yes", "highway": "track", "layer": "1" } }, "geometry": { "type": "LineString", "coordinates": [ [ 77.2139715, 31.376054 ], [ 77.2140051, 31.3762915 ] ] } },
{ "type": "Feature", "properties": { "osm_id": 1108068950, "osm_type": "way", "name": null, "tags": { "bridge": "yes", "highway": "unclassified", "layer": "1" } }, "geometry": { "type": "LineString", "coordinates": [ [ 77.2258637, 31.38558 ], [ 77.2260312, 31.3854802 ] ] } },
{ "type": "Feature", "properties": { "osm_id": 1347873884, "osm_type": "way", "name": null, "tags": { "bridge": "yes", "highway": "secondary", "layer": "1", "ref": "MDR21", "surface": "asphalt" } }, "geometry": { "type": "LineString", "coordinates": [ [ 77.2062082, 31.4077427 ], [ 77.2062169, 31.4078817 ] ] } },
{ "type": "Feature", "properties": { "osm_id": 1347873886, "osm_type": "way", "name": null, "tags": { "bridge": "yes", "highway": "tertiary", "layer": "1" } }, "geometry": { "type": "LineString", "coordinates": [ [ 77.19971, 31.4276423 ], [ 77.1994713, 31.4276561 ] ] } },
{ "type": "Feature", "properties": { "osm_id": 1347880282, "osm_type": "way", "name": null, "tags": { "bridge": "yes", "highway": "unclassified", "layer": "1", "surface": "unpaved" } }, "geometry": { "type": "LineString", "coordinates": [ [ 77.2335716, 31.4937838 ], [ 77.23342, 31.4938273 ] ] } },
{ "type": "Feature", "properties": { "osm_id": 1347880283, "osm_type": "way", "name": null, "tags": { "bridge": "yes", "highway": "unclassified", "layer": "1" } }, "geometry": { "type": "LineString", "coordinates": [ [ 77.2283761, 31.5048653 ], [ 77.2285853, 31.5048871 ] ] } },
{ "type": "Feature", "properties": { "osm_id": 609298372, "osm_type": "way", "name": null, "tags": { "bridge": "yes", "highway": "footway", "layer": "1" } }, "geometry": { "type": "LineString", "coordinates": [ [ 77.2249872, 31.5119915 ], [ 77.2249362, 31.5118886 ] ] } },
{ "type": "Feature", "properties": { "osm_id": 609298362, "osm_type": "way", "name": null, "tags": { "bridge": "yes", "highway": "unclassified", "layer": "1", "surface": "unpaved" } }, "geometry": { "type": "LineString", "coordinates": [ [ 77.2242549, 31.5120217 ], [ 77.2240067, 31.512319 ] ] } },
{ "type": "Feature", "properties": { "osm_id": 1351564895, "osm_type": "way", "name": null, "tags": { "bridge": "yes", "highway": "unclassified", "layer": "1" } }, "geometry": { "type": "LineString", "coordinates": [ [ 77.2206084, 31.5213646 ], [ 77.2210054, 31.5212869 ] ] } },
{ "type": "Feature", "properties": { "osm_id": 1108378701, "osm_type": "way", "name": null, "tags": { "bridge": "yes", "highway": "unclassified", "level": "1" } }, "geometry": { "type": "LineString", "coordinates": [ [ 77.215586, 31.5309557 ], [ 77.215755, 31.5307385 ] ] } },
{ "type": "Feature", "properties": { "osm_id": 547285435, "osm_type": "way", "name": null, "tags": { "bridge": "yes", "highway": "secondary", "layer": "1", "ref": "MDR21" } }, "geometry": { "type": "LineString", "coordinates": [ [ 77.3844364, 31.3629086 ], [ 77.384879, 31.3627185 ] ] } },
{ "type": "Feature", "properties": { "osm_id": 1018379452, "osm_type": "way", "name": null, "tags": { "bridge": "yes", "highway": "secondary", "layer": "1", "ref": "MDR21", "surface": "asphalt" } }, "geometry": { "type": "LineString", "coordinates": [ [ 77.3332357, 31.3662409 ], [ 77.3328036, 31.3659553 ] ] } },
{ "type": "Feature", "properties": { "osm_id": 1334593440, "osm_type": "way", "name": null, "tags": { "bridge": "yes", "highway": "unclassified", "layer": "1" } }, "geometry": { "type": "LineString", "coordinates": [ [ 77.2734801, 31.4641108 ], [ 77.2734654, 31.46393 ] ] } },
{ "type": "Feature", "properties": { "osm_id": 1105529678, "osm_type": "way", "name": null, "tags": { "bridge": "yes", "highway": "unclassified", "layer": "1" } }, "geometry": { "type": "LineString", "coordinates": [ [ 77.3257014, 31.4699949 ], [ 77.325146, 31.4700804 ] ] } },
{ "type": "Feature", "properties": { "osm_id": 737892494, "osm_type": "way", "name": null, "tags": { "bridge": "yes", "highway": "track", "layer": "1" } }, "geometry": { "type": "LineString", "coordinates": [ [ 77.3235932, 31.4746364 ], [ 77.3236359, 31.4746748 ] ] } },
{ "type": "Feature", "properties": { "osm_id": 557920324, "osm_type": "way", "name": null, "tags": { "bridge": "yes", "highway": "track", "layer": "1" } }, "geometry": { "type": "LineString", "coordinates": [ [ 77.3014703, 31.5626668 ], [ 77.3016849, 31.5627171 ] ] } },
{ "type": "Feature", "properties": { "osm_id": 1108393750, "osm_type": "way", "name": null, "tags": { "bridge": "yes", "highway": "unclassified", "level": "1" } }, "geometry": { "type": "LineString", "coordinates": [ [ 77.135731, 31.4105584 ], [ 77.1359589, 31.4107615 ] ] } },
{ "type": "Feature", "properties": { "osm_id": 1345046505, "osm_type": "way", "name": null, "tags": { "bridge": "yes", "highway": "unclassified", "layer": "1" } }, "geometry": { "type": "LineString", "coordinates": [ [ 77.1323893, 31.4166398 ], [ 77.1325931, 31.4166077 ] ] } },
{ "type": "Feature", "properties": { "osm_id": 1345206122, "osm_type": "way", "name": null, "tags": { "bridge": "yes", "highway": "primary", "layer": "1", "ref": "SH13", "surface": "asphalt" } }, "geometry": { "type": "LineString", "coordinates": [ [ 77.0729059, 31.4409252 ], [ 77.0730588, 31.4408634 ] ] } },
{ "type": "Feature", "properties": { "osm_id": 529376133, "osm_type": "way", "name": null, "tags": { "bridge": "yes", "highway": "residential", "layer": "1", "oneway": "no" } }, "geometry": { "type": "LineString", "coordinates": [ [ 77.1223293, 31.4759506 ], [ 77.1224181, 31.4758013 ] ] } },
{ "type": "Feature", "properties": { "osm_id": 529376135, "osm_type": "way", "name": "Jahal Devidarh Road", "tags": { "bridge": "yes", "highway": "unclassified", "layer": "1", "name": "Jahal Devidarh Road", "oneway": "no" } }, "geometry": { "type": "LineString", "coordinates": [ [ 77.1083292, 31.4781162 ], [ 77.1079835, 31.477977 ] ] } },
{ "type": "Feature", "properties": { "osm_id": 529445729, "osm_type": "way", "name": "Jahal Road", "tags": { "bridge": "yes", "highway": "unclassified", "layer": "1", "name": "Jahal Road", "oneway": "no" } }, "geometry": { "type": "LineString", "coordinates": [ [ 77.0902962, 31.4923948 ], [ 77.0901645, 31.4928095 ] ] } },
{ "type": "Feature", "properties": { "osm_id": 529376137, "osm_type": "way", "name": "Jahal Devidarh Road", "tags": { "bridge": "yes", "highway": "unclassified", "layer": "1", "name": "Jahal Devidarh Road", "oneway": "no" } }, "geometry": { "type": "LineString", "coordinates": [ [ 77.0745953, 31.5058703 ], [ 77.074845, 31.5055019 ] ] } },
{ "type": "Feature", "properties": { "osm_id": 529445718, "osm_type": "way", "name": "Jahal Road", "tags": { "bridge": "yes", "highway": "unclassified", "layer": "1", "name": "Jahal Road", "oneway": "no" } }, "geometry": { "type": "LineString", "coordinates": [ [ 77.0725666, 31.5164043 ], [ 77.0725705, 31.5162469 ] ] } },
{ "type": "Feature", "properties": { "osm_id": 529376141, "osm_type": "way", "name": "Jacch Lot Road", "tags": { "bridge": "yes", "highway": "unclassified", "layer": "1", "name": "Jacch Lot Road", "oneway": "no" } }, "geometry": { "type": "LineString", "coordinates": [ [ 77.0753188, 31.5185157 ], [ 77.0757023, 31.518538 ], [ 77.0761084, 31.5184836 ], [ 77.0765483, 31.51863 ], [ 77.0768487, 31.5187123 ], [ 77.0766234, 31.5189958 ], [ 77.0764196, 31.5191787 ], [ 77.0763659, 31.5195995 ], [ 77.0761621, 31.5201665 ], [ 77.0762479, 31.5209713 ], [ 77.0763659, 31.5211542 ], [ 77.0769024, 31.5210262 ], [ 77.0772135, 31.5209073 ], [ 77.0776182, 31.5211114 ] ] } },
{ "type": "Feature", "properties": { "osm_id": 529445714, "osm_type": "way", "name": "Jacch Road", "tags": { "bridge": "yes", "highway": "unclassified", "layer": "1", "name": "Jacch Road", "oneway": "no" } }, "geometry": { "type": "LineString", "coordinates": [ [ 77.055204, 31.5286492 ], [ 77.0553963, 31.5287082 ] ] } },
{ "type": "Feature", "properties": { "osm_id": 1345233487, "osm_type": "way", "name": null, "tags": { "bridge": "yes", "highway": "unclassified", "layer": "1" } }, "geometry": { "type": "LineString", "coordinates": [ [ 77.0248836, 31.4794574 ], [ 77.0248284, 31.4793801 ] ] } },
{ "type": "Feature", "properties": { "osm_id": 1110610155, "osm_type": "way", "name": null, "tags": { "bridge": "yes", "highway": "unclassified", "layer": "1" } }, "geometry": { "type": "LineString", "coordinates": [ [ 76.9497335, 31.4807509 ], [ 76.9498247, 31.4809248 ] ] } },
{ "type": "Feature", "properties": { "osm_id": 1110610152, "osm_type": "way", "name": null, "tags": { "bridge": "yes", "highway": "unclassified", "layer": "1" } }, "geometry": { "type": "LineString", "coordinates": [ [ 76.9503906, 31.4845423 ], [ 76.9503075, 31.4844519 ] ] } },
{ "type": "Feature", "properties": { "osm_id": 1110883522, "osm_type": "way", "name": null, "tags": { "bridge": "yes", "highway": "tertiary", "layer": "1" } }, "geometry": { "type": "LineString", "coordinates": [ [ 76.9616397, 31.508029 ], [ 76.9613054, 31.5080355 ] ] } },
{ "type": "Feature", "properties": { "osm_id": 1107591288, "osm_type": "way", "name": null, "tags": { "bridge": "yes", "highway": "track", "layer": "1" } }, "geometry": { "type": "LineString", "coordinates": [ [ 77.0523253, 31.5326863 ], [ 77.0521885, 31.5326098 ] ] } },
{ "type": "Feature", "properties": { "osm_id": 529445708, "osm_type": "way", "name": null, "tags": { "bridge": "yes", "highway": "unclassified", "layer": "1", "oneway": "no" } }, "geometry": { "type": "LineString", "coordinates": [ [ 77.0407149, 31.5361987 ], [ 77.0408784, 31.5364535 ] ] } },
{ "type": "Feature", "properties": { "osm_id": 529376143, "osm_type": "way", "name": null, "tags": { "bridge": "yes", "highway": "unclassified", "layer": "1", "oneway": "no" } }, "geometry": { "type": "LineString", "coordinates": [ [ 77.0305171, 31.5424882 ], [ 77.030595, 31.5424013 ], [ 77.0307508, 31.5423503 ], [ 77.0308347, 31.542386 ] ] } },
{ "type": "Feature", "properties": { "osm_id": 1104543689, "osm_type": "way", "name": null, "tags": { "bridge": "yes", "highway": "secondary", "layer": "1" } }, "geometry": { "type": "LineString", "coordinates": [ [ 77.0317367, 31.5538309 ], [ 77.0321712, 31.5539841 ] ] } },
{ "type": "Feature", "properties": { "osm_id": 1091238579, "osm_type": "way", "name": null, "tags": { "bridge": "yes", "highway": "unclassified", "layer": "1" } }, "geometry": { "type": "LineString", "coordinates": [ [ 76.9493955, 31.5562331 ], [ 76.9489852, 31.5564959 ] ] } },
{ "type": "Feature", "properties": { "osm_id": 1091238578, "osm_type": "way", "name": null, "tags": { "bridge": "yes", "highway": "unclassified", "layer": "1" } }, "geometry": { "type": "LineString", "coordinates": [ [ 76.9607949, 31.5634484 ], [ 76.9604838, 31.5638049 ] ] } },
{ "type": "Feature", "properties": { "osm_id": 1460549554, "osm_type": "way", "name": null, "tags": { "bridge": "yes", "highway": "tertiary", "layer": "1", "surface": "asphalt" } }, "geometry": { "type": "LineString", "coordinates": [ [ 77.0522982, 31.5757999 ], [ 77.0527355, 31.5759257 ] ] } },
{ "type": "Feature", "properties": { "osm_id": 1036656675, "osm_type": "way", "name": null, "tags": { "bridge": "yes", "highway": "unclassified", "layer": "1" } }, "geometry": { "type": "LineString", "coordinates": [ [ 77.0543748, 31.5968432 ], [ 77.0548256, 31.5962716 ] ] } },
{ "type": "Feature", "properties": { "osm_id": 1036656678, "osm_type": "way", "name": null, "tags": { "bridge": "yes", "highway": "unclassified", "layer": "1" } }, "geometry": { "type": "LineString", "coordinates": [ [ 77.069054, 31.6052217 ], [ 77.0690121, 31.6055422 ] ] } },
{ "type": "Feature", "properties": { "osm_id": 1036656679, "osm_type": "way", "name": null, "tags": { "bridge": "yes", "highway": "tertiary", "layer": "1", "surface": "unpaved" } }, "geometry": { "type": "LineString", "coordinates": [ [ 77.0740457, 31.6077307 ], [ 77.0734998, 31.6078294 ] ] } },
{ "type": "Feature", "properties": { "osm_id": 1036656682, "osm_type": "way", "name": null, "tags": { "bridge": "yes", "highway": "unclassified", "layer": "1" } }, "geometry": { "type": "LineString", "coordinates": [ [ 77.0723293, 31.6093418 ], [ 77.072593, 31.6098096 ] ] } },
{ "type": "Feature", "properties": { "osm_id": 1036656681, "osm_type": "way", "name": null, "tags": { "bridge": "yes", "highway": "unclassified", "layer": "1" } }, "geometry": { "type": "LineString", "coordinates": [ [ 77.0691426, 31.6137702 ], [ 77.0688248, 31.6144492 ] ] } },
{ "type": "Feature", "properties": { "osm_id": 1493154579, "osm_type": "way", "name": null, "tags": { "bridge": "yes", "highway": "tertiary", "layer": "1", "surface": "asphalt" } }, "geometry": { "type": "LineString", "coordinates": [ [ 77.0599696, 31.6168864 ], [ 77.0597416, 31.6168179 ] ] } },
{ "type": "Feature", "properties": { "osm_id": 1036656687, "osm_type": "way", "name": null, "tags": { "bridge": "yes", "highway": "unclassified", "layer": "1" } }, "geometry": { "type": "LineString", "coordinates": [ [ 77.0668768, 31.6338877 ], [ 77.0674985, 31.6340693 ] ] } },
{ "type": "Feature", "properties": { "osm_id": 1036656690, "osm_type": "way", "name": null, "tags": { "bridge": "yes", "highway": "unclassified", "layer": "1" } }, "geometry": { "type": "LineString", "coordinates": [ [ 77.0673625, 31.6348167 ], [ 77.0666376, 31.6346207 ] ] } },
{ "type": "Feature", "properties": { "osm_id": 733870260, "osm_type": "way", "name": null, "tags": { "bridge": "yes", "highway": "tertiary", "layer": "1" } }, "geometry": { "type": "LineString", "coordinates": [ [ 77.0932529, 31.6557582 ], [ 77.0926228, 31.6554157 ] ] } },
{ "type": "Feature", "properties": { "osm_id": 1092219616, "osm_type": "way", "name": null, "tags": { "bridge": "yes", "highway": "unclassified", "layer": "1" } }, "geometry": { "type": "LineString", "coordinates": [ [ 76.7898658, 31.5762252 ], [ 76.7897263, 31.5759259 ] ] } },
{ "type": "Feature", "properties": { "osm_id": 1341428552, "osm_type": "way", "name": null, "tags": { "bridge": "yes", "highway": "unclassified", "layer": "1" } }, "geometry": { "type": "LineString", "coordinates": [ [ 76.7739117, 31.605221 ], [ 76.7742514, 31.605246 ] ] } },
{ "type": "Feature", "properties": { "osm_id": 1092210301, "osm_type": "way", "name": null, "tags": { "bridge": "yes", "highway": "unclassified", "layer": "1" } }, "geometry": { "type": "LineString", "coordinates": [ [ 76.7748696, 31.6064784 ], [ 76.7748905, 31.6066659 ] ] } },
{ "type": "Feature", "properties": { "osm_id": 1122151867, "osm_type": "way", "name": null, "tags": { "bridge": "yes", "highway": "unclassified", "layer": "1" } }, "geometry": { "type": "LineString", "coordinates": [ [ 76.7948996, 31.6560207 ], [ 76.7946763, 31.6559637 ] ] } },
{ "type": "Feature", "properties": { "osm_id": 1092718316, "osm_type": "way", "name": null, "tags": { "bridge": "yes", "highway": "primary", "layer": "1" } }, "geometry": { "type": "LineString", "coordinates": [ [ 76.7343441, 31.5765269 ], [ 76.7340758, 31.5767702 ] ] } },
{ "type": "Feature", "properties": { "osm_id": 1092718314, "osm_type": "way", "name": null, "tags": { "bridge": "yes", "highway": "primary", "layer": "1" } }, "geometry": { "type": "LineString", "coordinates": [ [ 76.7330191, 31.5846511 ], [ 76.7328541, 31.584955 ] ] } },
{ "type": "Feature", "properties": { "osm_id": 49360453, "osm_type": "way", "name": "Slapper Kol Dam Link Road", "tags": { "bridge": "yes", "highway": "tertiary", "layer": "1", "maxspeed": "30", "name": "Slapper Kol Dam Link Road", "ref": "Slapper Kol Dam Link Road" } }, "geometry": { "type": "LineString", "coordinates": [ [ 76.881829014574933, 31.386941938626236 ], [ 76.8828615, 31.3867339 ] ] } },
{ "type": "Feature", "properties": { "osm_id": 1008636086, "osm_type": "way", "name": null, "tags": { "bridge": "yes", "highway": "path" } }, "geometry": { "type": "LineString", "coordinates": [ [ 76.8757153, 31.4136847 ], [ 76.8762061, 31.4131582 ] ] } },
{ "type": "Feature", "properties": { "osm_id": 1110583579, "osm_type": "way", "name": null, "tags": { "bridge": "yes", "highway": "unclassified", "layer": "1" } }, "geometry": { "type": "LineString", "coordinates": [ [ 76.8710589, 31.4177889 ], [ 76.8713057, 31.4177957 ] ] } },
{ "type": "Feature", "properties": { "osm_id": 1332665365, "osm_type": "way", "name": null, "tags": { "bridge": "yes", "highway": "unclassified", "layer": "1" } }, "geometry": { "type": "LineString", "coordinates": [ [ 76.8964286, 31.4254772 ], [ 76.8966727, 31.4253616 ] ] } },
{ "type": "Feature", "properties": { "osm_id": 1092219596, "osm_type": "way", "name": null, "tags": { "bridge": "yes", "highway": "unclassified", "layer": "1" } }, "geometry": { "type": "LineString", "coordinates": [ [ 76.8673468, 31.4786819 ], [ 76.8676673, 31.4786065 ] ] } },
{ "type": "Feature", "properties": { "osm_id": 1341428137, "osm_type": "way", "name": null, "tags": { "bridge": "yes", "highway": "unclassified", "layer": "1" } }, "geometry": { "type": "LineString", "coordinates": [ [ 76.8700719, 31.4832293 ], [ 76.8697795, 31.4831115 ] ] } },
{ "type": "Feature", "properties": { "osm_id": 1286280973, "osm_type": "way", "name": null, "tags": { "bridge": "yes", "highway": "unclassified", "layer": "1" } }, "geometry": { "type": "LineString", "coordinates": [ [ 76.8244366, 31.4197834 ], [ 76.8247087, 31.4184945 ] ] } },
{ "type": "Feature", "properties": { "osm_id": 1286271017, "osm_type": "way", "name": null, "tags": { "bridge": "yes", "highway": "trunk", "layer": "1", "oneway": "yes" } }, "geometry": { "type": "LineString", "coordinates": [ [ 76.8078887, 31.4261386 ], [ 76.8077427, 31.4261195 ], [ 76.8076079, 31.4261019 ], [ 76.8074023, 31.4260727 ], [ 76.8072214, 31.426029 ], [ 76.8070763, 31.42597 ] ] } },
{ "type": "Feature", "properties": { "osm_id": 1286271018, "osm_type": "way", "name": null, "tags": { "bridge": "yes", "highway": "trunk", "layer": "1", "oneway": "yes" } }, "geometry": { "type": "LineString", "coordinates": [ [ 76.8070475, 31.4260737 ], [ 76.8072078, 31.4261475 ], [ 76.8074345, 31.4262011 ], [ 76.8076826, 31.4262354 ], [ 76.8078683, 31.426254 ] ] } },
{ "type": "Feature", "properties": { "osm_id": 1131816151, "osm_type": "way", "name": null, "tags": { "bridge": "yes", "highway": "unclassified", "layer": "1" } }, "geometry": { "type": "LineString", "coordinates": [ [ 76.8082614, 31.4271407 ], [ 76.8079653, 31.4272075 ] ] } },
{ "type": "Feature", "properties": { "osm_id": 1124520052, "osm_type": "way", "name": null, "tags": { "bridge": "yes", "highway": "unclassified", "layer": "1" } }, "geometry": { "type": "LineString", "coordinates": [ [ 76.8359327, 31.4352143 ], [ 76.8356726, 31.4353642 ] ] } },
{ "type": "Feature", "properties": { "osm_id": 1078911533, "osm_type": "way", "name": null, "tags": { "bridge": "yes", "highway": "trunk", "layer": "1", "oneway": "yes", "source:bridge": "Esri" } }, "geometry": { "type": "LineString", "coordinates": [ [ 76.8311164, 31.4361954 ], [ 76.8304001, 31.4363336 ], [ 76.8303068, 31.4363497 ], [ 76.8302155, 31.4363585 ], [ 76.8301236, 31.4363607 ], [ 76.8300317, 31.4363561 ], [ 76.829945, 31.4363455 ], [ 76.8298596, 31.4363289 ], [ 76.8297719, 31.4363052 ] ] } },
{ "type": "Feature", "properties": { "osm_id": 1078911534, "osm_type": "way", "name": null, "tags": { "bridge": "yes", "highway": "trunk", "layer": "1", "oneway": "yes", "source:bridge": "Esri" } }, "geometry": { "type": "LineString", "coordinates": [ [ 76.8297279, 31.4364056 ], [ 76.829832, 31.4364156 ], [ 76.8299258, 31.4364339 ], [ 76.8300211, 31.4364455 ], [ 76.8301219, 31.4364506 ], [ 76.8302228, 31.4364482 ], [ 76.8303232, 31.4364385 ], [ 76.8304221, 31.4364215 ], [ 76.8311396, 31.436283 ] ] } },
{ "type": "Feature", "properties": { "osm_id": 1092393058, "osm_type": "way", "name": null, "tags": { "bridge": "yes", "highway": "primary", "layer": "1" } }, "geometry": { "type": "LineString", "coordinates": [ [ 76.8106462, 31.4397432 ], [ 76.8109989, 31.439781 ] ] } },
{ "type": "Feature", "properties": { "osm_id": 1289342818, "osm_type": "way", "name": null, "tags": { "bridge": "yes", "highway": "trunk", "layer": "1", "motorroad": "no", "ref": "NH154", "ref:old": "NH21" } }, "geometry": { "type": "LineString", "coordinates": [ [ 76.8544851, 31.4479126 ], [ 76.8540668, 31.4484963 ] ] } },
{ "type": "Feature", "properties": { "osm_id": 1286280980, "osm_type": "way", "name": null, "tags": { "bridge": "yes", "highway": "trunk", "layer": "1", "oneway": "yes" } }, "geometry": { "type": "LineString", "coordinates": [ [ 76.8544814, 31.451536 ], [ 76.8542697, 31.451399 ], [ 76.8541037, 31.4512185 ], [ 76.8539547, 31.4509882 ] ] } },
{ "type": "Feature", "properties": { "osm_id": 1286280981, "osm_type": "way", "name": null, "tags": { "bridge": "yes", "highway": "trunk", "layer": "1", "oneway": "yes" } }, "geometry": { "type": "LineString", "coordinates": [ [ 76.8537847, 31.4511192 ], [ 76.8539564, 31.4513469 ], [ 76.8542148, 31.4515468 ], [ 76.8543907, 31.4516428 ] ] } },
{ "type": "Feature", "properties": { "osm_id": 1092393067, "osm_type": "way", "name": null, "tags": { "bridge": "yes", "highway": "tertiary", "layer": "1" } }, "geometry": { "type": "LineString", "coordinates": [ [ 76.8604695, 31.4581388 ], [ 76.8601169, 31.4581999 ] ] } },
{ "type": "Feature", "properties": { "osm_id": 1092393061, "osm_type": "way", "name": null, "tags": { "bridge": "yes", "highway": "primary", "layer": "1" } }, "geometry": { "type": "LineString", "coordinates": [ [ 76.8008119, 31.4614202 ], [ 76.8009648, 31.461562 ] ] } },
{ "type": "Feature", "properties": { "osm_id": 1092393070, "osm_type": "way", "name": null, "tags": { "bridge": "yes", "highway": "unclassified", "layer": "1" } }, "geometry": { "type": "LineString", "coordinates": [ [ 76.8302867, 31.4723031 ], [ 76.8304798, 31.4725753 ] ] } },
{ "type": "Feature", "properties": { "osm_id": 1092219607, "osm_type": "way", "name": null, "tags": { "bridge": "yes", "highway": "unclassified", "layer": "1" } }, "geometry": { "type": "LineString", "coordinates": [ [ 76.8478605, 31.5051912 ], [ 76.8477184, 31.5049511 ] ] } },
{ "type": "Feature", "properties": { "osm_id": 1341428288, "osm_type": "way", "name": null, "tags": { "bridge": "yes", "highway": "unclassified", "layer": "1" } }, "geometry": { "type": "LineString", "coordinates": [ [ 76.857031, 31.5070058 ], [ 76.8569653, 31.5067806 ] ] } },
{ "type": "Feature", "properties": { "osm_id": 302407855, "osm_type": "way", "name": null, "tags": { "bridge": "yes", "highway": "primary", "motorroad": "no", "oneway": "no", "ref:old": "NH21" } }, "geometry": { "type": "LineString", "coordinates": [ [ 76.8824691, 31.5172114 ], [ 76.8826877, 31.5171187 ], [ 76.8828677, 31.5171209 ], [ 76.8830736, 31.517147 ] ] } },
{ "type": "Feature", "properties": { "osm_id": 1366191577, "osm_type": "way", "name": null, "tags": { "bridge": "yes", "highway": "trunk", "layer": "1", "oneway": "yes", "ref": "NH154", "ref:old": "NH21" } }, "geometry": { "type": "LineString", "coordinates": [ [ 76.8764373, 31.5204115 ], [ 76.8763306, 31.5202225 ] ] } },
{ "type": "Feature", "properties": { "osm_id": 1366191575, "osm_type": "way", "name": null, "tags": { "bridge": "yes", "highway": "trunk", "layer": "1", "oneway": "yes", "ref": "NH154", "ref:old": "NH21" } }, "geometry": { "type": "LineString", "coordinates": [ [ 76.8761748, 31.5203003 ], [ 76.8762717, 31.5204715 ] ] } },
{ "type": "Feature", "properties": { "osm_id": 43569862, "osm_type": "way", "name": "Sundarnagar Rohanda Link Road", "tags": { "bridge": "yes", "highway": "tertiary", "layer": "1", "maxspeed": "30", "name": "Sundarnagar Rohanda Link Road", "ref": "Sundarnagar Rohanda Link Road" } }, "geometry": { "type": "LineString", "coordinates": [ [ 76.9124233, 31.5264008 ], [ 76.9125405, 31.5266429 ] ] } },
{ "type": "Feature", "properties": { "osm_id": 45897680, "osm_type": "way", "name": "Sundernagar Town Lane", "tags": { "bridge": "yes", "highway": "unclassified", "layer": "1", "maxspeed": "20", "name": "Sundernagar Town Lane", "width": "3" } }, "geometry": { "type": "LineString", "coordinates": [ [ 76.8828888, 31.5288254 ], [ 76.8830477, 31.5287551 ] ] } },
{ "type": "Feature", "properties": { "osm_id": 45897684, "osm_type": "way", "name": "Sundernagar Town Lane", "tags": { "bridge": "yes", "highway": "unclassified", "layer": "-1", "maxspeed": "20", "name": "Sundernagar Town Lane", "width": "4" } }, "geometry": { "type": "LineString", "coordinates": [ [ 76.8852007, 31.529317 ], [ 76.8852661, 31.5293016 ] ] } },
{ "type": "Feature", "properties": { "osm_id": 1091966171, "osm_type": "way", "name": "Sundernagar-Kalkhar Road", "tags": { "bridge": "yes", "highway": "secondary", "lanes": "1", "layer": "1", "name": "Sundernagar-Kalkhar Road" } }, "geometry": { "type": "LineString", "coordinates": [ [ 76.8792075, 31.5305145 ], [ 76.8793336, 31.5308345 ] ] } },
{ "type": "Feature", "properties": { "osm_id": 1366191580, "osm_type": "way", "name": null, "tags": { "bridge": "yes", "highway": "trunk", "layer": "1", "oneway": "yes", "ref": "NH154", "ref:old": "NH21" } }, "geometry": { "type": "LineString", "coordinates": [ [ 76.8803474, 31.5310502 ], [ 76.8799504, 31.530309 ] ] } },
{ "type": "Feature", "properties": { "osm_id": 1366191581, "osm_type": "way", "name": null, "tags": { "bridge": "yes", "highway": "trunk", "layer": "1", "oneway": "yes", "ref": "NH154", "ref:old": "NH21" } }, "geometry": { "type": "LineString", "coordinates": [ [ 76.8798016, 31.5303549 ], [ 76.8801806, 31.5310623 ] ] } },
{ "type": "Feature", "properties": { "osm_id": 45851910, "osm_type": "way", "name": "Old Sundernagar - Bhojpur Road", "tags": { "bridge": "yes", "highway": "unclassified", "layer": "-1", "maxspeed": "20", "name": "Old Sundernagar - Bhojpur Road", "width": "4" } }, "geometry": { "type": "LineString", "coordinates": [ [ 76.8918685, 31.5347816 ], [ 76.8916289, 31.5347096 ] ] } },
{ "type": "Feature", "properties": { "osm_id": 1366191585, "osm_type": "way", "name": null, "tags": { "bridge": "yes", "highway": "trunk", "layer": "1", "oneway": "yes", "ref": "NH154", "ref:old": "NH21" } }, "geometry": { "type": "LineString", "coordinates": [ [ 76.8838788, 31.5355677 ], [ 76.883754, 31.5354662 ] ] } },
{ "type": "Feature", "properties": { "osm_id": 1366191583, "osm_type": "way", "name": null, "tags": { "bridge": "yes", "highway": "trunk", "layer": "1", "oneway": "yes", "ref": "NH154", "ref:old": "NH21" } }, "geometry": { "type": "LineString", "coordinates": [ [ 76.8836775, 31.5355484 ], [ 76.8837932, 31.5356379 ] ] } },
{ "type": "Feature", "properties": { "osm_id": 761379552, "osm_type": "way", "name": null, "tags": { "bridge": "yes", "highway": "tertiary", "layer": "1" } }, "geometry": { "type": "LineString", "coordinates": [ [ 76.8965708, 31.5411116 ], [ 76.8970437, 31.5408665 ] ] } },
{ "type": "Feature", "properties": { "osm_id": 1366191587, "osm_type": "way", "name": null, "tags": { "bridge": "yes", "highway": "trunk", "layer": "1", "oneway": "yes", "ref": "NH154", "ref:old": "NH21" } }, "geometry": { "type": "LineString", "coordinates": [ [ 76.8917704, 31.5433792 ], [ 76.8915722, 31.543215 ] ] } },
{ "type": "Feature", "properties": { "osm_id": 1366191589, "osm_type": "way", "name": null, "tags": { "bridge": "yes", "highway": "trunk", "layer": "1", "oneway": "yes", "ref": "NH154", "ref:old": "NH21" } }, "geometry": { "type": "LineString", "coordinates": [ [ 76.8914908, 31.5432847 ], [ 76.8916914, 31.5434566 ] ] } },
{ "type": "Feature", "properties": { "osm_id": 1091107410, "osm_type": "way", "name": null, "tags": { "bridge": "yes", "highway": "tertiary", "layer": "1" } }, "geometry": { "type": "LineString", "coordinates": [ [ 76.892809, 31.5449942 ], [ 76.8935251, 31.5450514 ] ] } },
{ "type": "Feature", "properties": { "osm_id": 1366191591, "osm_type": "way", "name": null, "tags": { "bridge": "yes", "highway": "trunk", "layer": "1", "oneway": "yes", "ref": "NH154", "ref:old": "NH21" } }, "geometry": { "type": "LineString", "coordinates": [ [ 76.8923644, 31.5462189 ], [ 76.8923742, 31.5459579 ] ] } },
{ "type": "Feature", "properties": { "osm_id": 1366191593, "osm_type": "way", "name": null, "tags": { "bridge": "yes", "highway": "trunk", "layer": "1", "oneway": "yes", "ref": "NH154", "ref:old": "NH21" } }, "geometry": { "type": "LineString", "coordinates": [ [ 76.8922506, 31.5459738 ], [ 76.8922298, 31.5462349 ] ] } },
{ "type": "Feature", "properties": { "osm_id": 1091238580, "osm_type": "way", "name": null, "tags": { "bridge": "yes", "highway": "unclassified", "layer": "1" } }, "geometry": { "type": "LineString", "coordinates": [ [ 76.9396055, 31.5466377 ], [ 76.9394727, 31.5471075 ] ] } },
{ "type": "Feature", "properties": { "osm_id": 1366191600, "osm_type": "way", "name": null, "tags": { "bridge": "yes", "highway": "trunk", "layer": "1", "oneway": "yes", "ref": "NH154", "ref:old": "NH21" } }, "geometry": { "type": "LineString", "coordinates": [ [ 76.8923049, 31.5478019 ], [ 76.8923347, 31.5470104 ] ] } },
{ "type": "Feature", "properties": { "osm_id": 1366191598, "osm_type": "way", "name": null, "tags": { "bridge": "yes", "highway": "trunk", "layer": "1", "oneway": "yes", "ref": "NH154", "ref:old": "NH21" } }, "geometry": { "type": "LineString", "coordinates": [ [ 76.8921813, 31.5470794 ], [ 76.8921384, 31.5478542 ] ] } },
{ "type": "Feature", "properties": { "osm_id": 1091966164, "osm_type": "way", "name": null, "tags": { "bridge": "yes", "highway": "tertiary", "layer": "1" } }, "geometry": { "type": "LineString", "coordinates": [ [ 76.8752003, 31.5506424 ], [ 76.8750608, 31.5502972 ] ] } },
{ "type": "Feature", "properties": { "osm_id": 1091238581, "osm_type": "way", "name": null, "tags": { "bridge": "yes", "highway": "unclassified", "layer": "1" } }, "geometry": { "type": "LineString", "coordinates": [ [ 76.920649, 31.5533704 ], [ 76.9209909, 31.5537246 ] ] } },
{ "type": "Feature", "properties": { "osm_id": 1366191597, "osm_type": "way", "name": null, "tags": { "bridge": "yes", "highway": "trunk", "layer": "1", "oneway": "yes", "ref": "NH154", "ref:old": "NH21" } }, "geometry": { "type": "LineString", "coordinates": [ [ 76.8952715, 31.5541296 ], [ 76.8951319, 31.5540907 ] ] } },
{ "type": "Feature", "properties": { "osm_id": 1366191595, "osm_type": "way", "name": null, "tags": { "bridge": "yes", "highway": "trunk", "layer": "1", "oneway": "yes", "ref": "NH154", "ref:old": "NH21" } }, "geometry": { "type": "LineString", "coordinates": [ [ 76.8951097, 31.5541627 ], [ 76.8952432, 31.5541995 ] ] } },
{ "type": "Feature", "properties": { "osm_id": 62683773, "osm_type": "way", "name": null, "tags": { "bridge": "yes", "highway": "primary", "layer": "1", "motorroad": "no", "ref:old": "NH21" } }, "geometry": { "type": "LineString", "coordinates": [ [ 76.9014792, 31.5553302 ], [ 76.9016163, 31.5560557 ] ] } },
{ "type": "Feature", "properties": { "osm_id": 1091238582, "osm_type": "way", "name": null, "tags": { "bridge": "yes", "highway": "unclassified", "layer": "1" } }, "geometry": { "type": "LineString", "coordinates": [ [ 76.9100502, 31.5569553 ], [ 76.9099697, 31.5564959 ] ] } },
{ "type": "Feature", "properties": { "osm_id": 1091107412, "osm_type": "way", "name": null, "tags": { "bridge": "yes", "highway": "tertiary", "layer": "1" } }, "geometry": { "type": "LineString", "coordinates": [ [ 76.886369, 31.5596111 ], [ 76.8866667, 31.5594306 ] ] } },
{ "type": "Feature", "properties": { "osm_id": 1091107419, "osm_type": "way", "name": null, "tags": { "bridge": "yes", "highway": "tertiary", "layer": "1" } }, "geometry": { "type": "LineString", "coordinates": [ [ 76.880393, 31.5784966 ], [ 76.8803783, 31.5787902 ] ] } },
{ "type": "Feature", "properties": { "osm_id": 1091107416, "osm_type": "way", "name": null, "tags": { "bridge": "yes", "highway": "tertiary", "layer": "1" } }, "geometry": { "type": "LineString", "coordinates": [ [ 76.8932918, 31.5934647 ], [ 76.8930477, 31.593042 ] ] } },
{ "type": "Feature", "properties": { "osm_id": 1334600518, "osm_type": "way", "name": null, "tags": { "bridge": "yes", "highway": "track", "layer": "1" } }, "geometry": { "type": "LineString", "coordinates": [ [ 77.0278797, 31.5677586 ], [ 77.0276275, 31.5673198 ] ] } },
{ "type": "Feature", "properties": { "osm_id": 1108422252, "osm_type": "way", "name": null, "tags": { "bridge": "yes", "highway": "unclassified", "level": "1" } }, "geometry": { "type": "LineString", "coordinates": [ [ 77.0208549, 31.5698702 ], [ 77.0207195, 31.5694908 ] ] } },
{ "type": "Feature", "properties": { "osm_id": 1108422256, "osm_type": "way", "name": null, "tags": { "bridge": "yes", "highway": "unclassified", "level": "1" } }, "geometry": { "type": "LineString", "coordinates": [ [ 77.0273888, 31.5728478 ], [ 77.0276356, 31.5729963 ] ] } },
{ "type": "Feature", "properties": { "osm_id": 1345205867, "osm_type": "way", "name": null, "tags": { "bridge": "yes", "highway": "secondary", "layer": "1", "ref": "MDR24", "surface": "asphalt" } }, "geometry": { "type": "LineString", "coordinates": [ [ 76.9637664, 31.5776417 ], [ 76.9642013, 31.5776236 ] ] } },
{ "type": "Feature", "properties": { "osm_id": 1036656674, "osm_type": "way", "name": null, "tags": { "bridge": "yes", "highway": "tertiary", "layer": "1", "surface": "asphalt" } }, "geometry": { "type": "LineString", "coordinates": [ [ 77.0456827, 31.5824421 ], [ 77.0457136, 31.5820222 ] ] } },
{ "type": "Feature", "properties": { "osm_id": 1107591271, "osm_type": "way", "name": null, "tags": { "bridge": "yes", "highway": "unclassified", "layer": "1", "surface": "asphalt" } }, "geometry": { "type": "LineString", "coordinates": [ [ 77.0448647, 31.5827958 ], [ 77.0450887, 31.5829146 ] ] } },
{ "type": "Feature", "properties": { "osm_id": 1345688385, "osm_type": "way", "name": null, "tags": { "bridge": "yes", "highway": "unclassified", "layer": "1" } }, "geometry": { "type": "LineString", "coordinates": [ [ 76.9779879, 31.5960669 ], [ 76.9781381, 31.5962176 ] ] } },
{ "type": "Feature", "properties": { "osm_id": 1345638396, "osm_type": "way", "name": null, "tags": { "bridge": "yes", "highway": "unclassified", "layer": "1" } }, "geometry": { "type": "LineString", "coordinates": [ [ 76.9839504, 31.6351391 ], [ 76.9837949, 31.6350729 ] ] } },
{ "type": "Feature", "properties": { "osm_id": 1352030547, "osm_type": "way", "name": null, "tags": { "bridge": "yes", "highway": "trunk", "layer": "1", "oneway": "yes", "ref": "NH3" } }, "geometry": { "type": "LineString", "coordinates": [ [ 76.9491636, 31.6427062 ], [ 76.9482675, 31.6423674 ], [ 76.9474804, 31.6419556 ], [ 76.9453638, 31.6407189 ] ] } },
{ "type": "Feature", "properties": { "osm_id": 45019481, "osm_type": "way", "name": "Mandi Ner Chowk Link Road", "tags": { "bridge": "yes", "highway": "tertiary", "lanes": "2", "layer": "1", "maxspeed": "40", "name": "Mandi Ner Chowk Link Road", "ref": "Mandi Ner Chowk Link" } }, "geometry": { "type": "LineString", "coordinates": [ [ 76.9503119, 31.6412549 ], [ 76.9493451, 31.6422374 ] ] } },
{ "type": "Feature", "properties": { "osm_id": 1091238585, "osm_type": "way", "name": null, "tags": { "bridge": "yes", "highway": "tertiary", "layer": "1" } }, "geometry": { "type": "LineString", "coordinates": [ [ 76.8987447, 31.5936223 ], [ 76.8997881, 31.5931128 ] ] } },
{ "type": "Feature", "properties": { "osm_id": 62683806, "osm_type": "way", "name": null, "tags": { "bridge": "yes", "highway": "primary", "layer": "1", "motorroad": "no", "ref:old": "NH21" } }, "geometry": { "type": "LineString", "coordinates": [ [ 76.9238927, 31.5973471 ], [ 76.9231325, 31.5986684 ] ] } },
{ "type": "Feature", "properties": { "osm_id": 626703599, "osm_type": "way", "name": null, "tags": { "bridge": "yes", "highway": "trunk", "layer": "1", "oneway": "yes", "ref": "NH154" } }, "geometry": { "type": "LineString", "coordinates": [ [ 76.9243732, 31.5977586 ], [ 76.9239291, 31.5987246 ] ] } },
{ "type": "Feature", "properties": { "osm_id": 626703597, "osm_type": "way", "name": null, "tags": { "bridge": "yes", "highway": "trunk", "layer": "1", "oneway": "yes", "ref": "NH154" } }, "geometry": { "type": "LineString", "coordinates": [ [ 76.9240151, 31.5987512 ], [ 76.9244792, 31.59777 ] ] } },
{ "type": "Feature", "properties": { "osm_id": 44169543, "osm_type": "way", "name": "SH32 Ner Chowk Jahu Road", "tags": { "bridge": "yes", "highway": "primary", "lanes": "2", "layer": "1", "maxspeed": "30", "name": "SH32 Ner Chowk Jahu Road", "ref": "SH32" } }, "geometry": { "type": "LineString", "coordinates": [ [ 76.8722847, 31.6001495 ], [ 76.8720782, 31.6001935 ] ] } },
{ "type": "Feature", "properties": { "osm_id": 44169097, "osm_type": "way", "name": "SH32 Ner Chowk Jahu Road", "tags": { "bridge": "yes", "highway": "secondary", "lanes": "2", "layer": "1", "maxspeed": "30", "name": "SH32 Ner Chowk Jahu Road", "ref": "SH32" } }, "geometry": { "type": "LineString", "coordinates": [ [ 76.9027107, 31.6010024 ], [ 76.9021296, 31.6008732 ] ] } },
{ "type": "Feature", "properties": { "osm_id": 1409257949, "osm_type": "way", "name": null, "tags": { "bridge": "yes", "highway": "unclassified", "layer": "1" } }, "geometry": { "type": "LineString", "coordinates": [ [ 76.8902591, 31.6314034 ], [ 76.890226, 31.6313002 ], [ 76.8901724, 31.6312294 ], [ 76.8896815, 31.6310171 ] ] } },
{ "type": "Feature", "properties": { "osm_id": 1409257946, "osm_type": "way", "name": null, "tags": { "bridge": "yes", "highway": "unclassified", "layer": "1" } }, "geometry": { "type": "LineString", "coordinates": [ [ 76.8849812, 31.6370762 ], [ 76.8850762, 31.6372757 ] ] } },
{ "type": "Feature", "properties": { "osm_id": 1091107399, "osm_type": "way", "name": null, "tags": { "bridge": "yes", "highway": "unclassified", "layer": "1" } }, "geometry": { "type": "LineString", "coordinates": [ [ 76.8745351, 31.6390509 ], [ 76.8744063, 31.638576 ] ] } },
{ "type": "Feature", "properties": { "osm_id": 1426463706, "osm_type": "way", "name": "Mandi Rewalsar Road", "tags": { "bridge": "yes", "highway": "secondary", "lanes": "2", "layer": "1", "maxspeed": "30", "name": "Mandi Rewalsar Road", "ref": "MDR26" } }, "geometry": { "type": "LineString", "coordinates": [ [ 76.8808065, 31.6545409 ], [ 76.8808837, 31.6538709 ] ] } },
{ "type": "Feature", "properties": { "osm_id": 1341428295, "osm_type": "way", "name": null, "tags": { "bridge": "yes", "highway": "unclassified", "layer": "1" } }, "geometry": { "type": "LineString", "coordinates": [ [ 76.8394395, 31.5082437 ], [ 76.8396665, 31.508309 ] ] } },
{ "type": "Feature", "properties": { "osm_id": 1091966528, "osm_type": "way", "name": null, "tags": { "bridge": "yes", "highway": "unclassified", "layer": "1" } }, "geometry": { "type": "LineString", "coordinates": [ [ 76.8499178, 31.5262003 ], [ 76.8496415, 31.5267033 ] ] } },
{ "type": "Feature", "properties": { "osm_id": 1092210316, "osm_type": "way", "name": null, "tags": { "bridge": "yes", "highway": "unclassified", "layer": "1" } }, "geometry": { "type": "LineString", "coordinates": [ [ 76.8125546, 31.6113679 ], [ 76.8123829, 31.6113542 ] ] } },
{ "type": "Feature", "properties": { "osm_id": 44169968, "osm_type": "way", "name": "Kalkhar Rewalsar Road", "tags": { "bridge": "yes", "highway": "secondary", "lanes": "2", "layer": "1", "maxspeed": "30", "name": "Kalkhar Rewalsar Road", "ref": "MDR26" } }, "geometry": { "type": "LineString", "coordinates": [ [ 76.831704, 31.6315569 ], [ 76.8319516, 31.6316958 ] ] } },
{ "type": "Feature", "properties": { "osm_id": 1120884431, "osm_type": "way", "name": null, "tags": { "bridge": "yes", "highway": "unclassified", "layer": "1" } }, "geometry": { "type": "LineString", "coordinates": [ [ 76.855765, 31.6870068 ], [ 76.8555102, 31.6868722 ] ] } },
{ "type": "Feature", "properties": { "osm_id": 1120217961, "osm_type": "way", "name": null, "tags": { "bridge": "yes", "highway": "unclassified", "layer": "1" } }, "geometry": { "type": "LineString", "coordinates": [ [ 76.8556175, 31.7329237 ], [ 76.8554726, 31.7331769 ] ] } },
{ "type": "Feature", "properties": { "osm_id": 1124651932, "osm_type": "way", "name": null, "tags": { "bridge": "yes", "highway": "unclassified", "layer": "1" } }, "geometry": { "type": "LineString", "coordinates": [ [ 76.8081343, 31.7429492 ], [ 76.8082067, 31.7427667 ] ] } },
{ "type": "Feature", "properties": { "osm_id": 242518792, "osm_type": "way", "name": null, "tags": { "bridge": "yes", "highway": "trunk", "lanes": "2", "layer": "1", "maxspeed": "50", "ref": "NH3", "ref:old": "NH70" } }, "geometry": { "type": "LineString", "coordinates": [ [ 76.8595999, 31.7552488 ], [ 76.8597181, 31.7546751 ] ] } },
{ "type": "Feature", "properties": { "osm_id": 1124784400, "osm_type": "way", "name": null, "tags": { "bridge": "yes", "highway": "unclassified", "layer": "1" } }, "geometry": { "type": "LineString", "coordinates": [ [ 76.8573287, 31.7706181 ], [ 76.8573502, 31.7708758 ] ] } },
{ "type": "Feature", "properties": { "osm_id": 1124651926, "osm_type": "way", "name": null, "tags": { "bridge": "yes", "highway": "tertiary", "layer": "1" } }, "geometry": { "type": "LineString", "coordinates": [ [ 76.8009379, 31.7735277 ], [ 76.8008575, 31.7737079 ] ] } },
{ "type": "Feature", "properties": { "osm_id": 1353368605, "osm_type": "way", "name": null, "tags": { "bridge": "yes", "highway": "trunk", "layer": "1", "oneway": "yes", "ref": "NH3" } }, "geometry": { "type": "LineString", "coordinates": [ [ 76.9452874, 31.6407933 ], [ 76.9474477, 31.6420629 ], [ 76.9482348, 31.6424747 ], [ 76.9491134, 31.6428203 ] ] } },
{ "type": "Feature", "properties": { "osm_id": 387926367, "osm_type": "way", "name": null, "tags": { "bridge": "yes", "highway": "footway" } }, "geometry": { "type": "LineString", "coordinates": [ [ 76.9525422, 31.64663 ], [ 76.9521939, 31.6463632 ] ] } },
{ "type": "Feature", "properties": { "osm_id": 1353368610, "osm_type": "way", "name": null, "tags": { "bridge": "yes", "highway": "trunk", "layer": "1", "oneway": "yes", "ref": "NH3" } }, "geometry": { "type": "LineString", "coordinates": [ [ 76.951299, 31.6466202 ], [ 76.9512587, 31.6471891 ] ] } },
{ "type": "Feature", "properties": { "osm_id": 1352030553, "osm_type": "way", "name": null, "tags": { "bridge": "yes", "highway": "trunk", "layer": "1", "oneway": "yes", "ref": "NH3" } }, "geometry": { "type": "LineString", "coordinates": [ [ 76.9513659, 31.6472029 ], [ 76.951417, 31.6466164 ] ] } },
{ "type": "Feature", "properties": { "osm_id": 1099749364, "osm_type": "way", "name": null, "tags": { "bridge": "yes", "highway": "unclassified", "layer": "1" } }, "geometry": { "type": "LineString", "coordinates": [ [ 77.0472881, 31.6538974 ], [ 77.0476288, 31.6537216 ] ] } },
{ "type": "Feature", "properties": { "osm_id": 1352030554, "osm_type": "way", "name": null, "tags": { "bridge": "yes", "highway": "trunk", "layer": "1", "oneway": "yes", "ref": "NH3" } }, "geometry": { "type": "LineString", "coordinates": [ [ 76.948359, 31.6586759 ], [ 76.9483715, 31.6583256 ], [ 76.9482796, 31.6573496 ], [ 76.9482901, 31.6566144 ], [ 76.9484792, 31.6553417 ], [ 76.9484087, 31.6542337 ] ] } },
{ "type": "Feature", "properties": { "osm_id": 1353368612, "osm_type": "way", "name": null, "tags": { "bridge": "yes", "highway": "trunk", "layer": "1", "oneway": "yes", "ref": "NH3" } }, "geometry": { "type": "LineString", "coordinates": [ [ 76.9482678, 31.654248 ], [ 76.9483111, 31.6553735 ], [ 76.9481127, 31.6566064 ], [ 76.9481395, 31.6573416 ], [ 76.948228, 31.6583232 ], [ 76.9482003, 31.6586763 ] ] } },
{ "type": "Feature", "properties": { "osm_id": 387926373, "osm_type": "way", "name": null, "tags": { "bridge": "yes", "highway": "unclassified" } }, "geometry": { "type": "LineString", "coordinates": [ [ 76.9463596, 31.6581262 ], [ 76.9464366, 31.6578222 ], [ 76.9464717, 31.6577626 ], [ 76.9465487, 31.657715 ], [ 76.9478054, 31.6574468 ], [ 76.9479104, 31.6574825 ], [ 76.9479874, 31.65756 ], [ 76.9481625, 31.6577835 ] ] } },
{ "type": "Feature", "properties": { "osm_id": 1099749362, "osm_type": "way", "name": null, "tags": { "bridge": "yes", "highway": "unclassified", "layer": "1" } }, "geometry": { "type": "LineString", "coordinates": [ [ 77.0457244, 31.6623882 ], [ 77.045542, 31.6621188 ] ] } },
{ "type": "Feature", "properties": { "osm_id": 1099749344, "osm_type": "way", "name": null, "tags": { "bridge": "yes", "highway": "unclassified", "layer": "1" } }, "geometry": { "type": "LineString", "coordinates": [ [ 76.9898942, 31.6778358 ], [ 76.9901141, 31.6776327 ] ] } },
{ "type": "Feature", "properties": { "osm_id": 208835614, "osm_type": "way", "name": "Mandi Rewalsar Road", "tags": { "bridge": "yes", "highway": "secondary", "lanes": "2", "layer": "1", "maxspeed": "30", "name": "Mandi Rewalsar Road", "ref": "MDR26" } }, "geometry": { "type": "LineString", "coordinates": [ [ 76.8987052, 31.6659143 ], [ 76.8979427, 31.6652107 ] ] } },
{ "type": "Feature", "properties": { "osm_id": 62229227, "osm_type": "way", "name": null, "tags": { "bridge": "yes", "highway": "trunk", "ref": "NH154", "ref:old": "NH21" } }, "geometry": { "type": "LineString", "coordinates": [ [ 76.935538, 31.6915214 ], [ 76.9364999, 31.6917145 ] ] } },
{ "type": "Feature", "properties": { "osm_id": 104236888, "osm_type": "way", "name": null, "tags": { "bridge": "yes", "highway": "trunk", "lanes": "2", "layer": "1", "maxspeed": "50", "ref": "NH3;NH154", "ref:old": "NH70", "shoulder": "no" } }, "geometry": { "type": "LineString", "coordinates": [ [ 76.9339889, 31.7054889 ], [ 76.9348364, 31.7055757 ] ] } },
{ "type": "Feature", "properties": { "osm_id": 278851830, "osm_type": "way", "name": null, "tags": { "bridge": "yes", "highway": "trunk", "lanes": "1", "layer": "1", "ref": "NH3;NH154", "ref:old": "NH70" } }, "geometry": { "type": "LineString", "coordinates": [ [ 76.9349536, 31.7065144 ], [ 76.9339835, 31.7068112 ] ] } },
{ "type": "Feature", "properties": { "osm_id": 1121098690, "osm_type": "way", "name": null, "tags": { "bridge": "yes", "highway": "unclassified", "layer": "1" } }, "geometry": { "type": "LineString", "coordinates": [ [ 76.8840221, 31.7074957 ], [ 76.8839765, 31.7072356 ] ] } },
{ "type": "Feature", "properties": { "osm_id": 444373169, "osm_type": "way", "name": null, "tags": { "bridge": "yes", "highway": "residential" } }, "geometry": { "type": "LineString", "coordinates": [ [ 76.9287114, 31.7085975 ], [ 76.9288775, 31.708723 ] ] } },
{ "type": "Feature", "properties": { "osm_id": 1198047553, "osm_type": "way", "name": null, "tags": { "bridge": "yes", "highway": "footway" } }, "geometry": { "type": "LineString", "coordinates": [ [ 76.9290415, 31.7102279 ], [ 76.9289042, 31.7103603 ] ] } },
{ "type": "Feature", "properties": { "osm_id": 278851832, "osm_type": "way", "name": null, "tags": { "bridge": "yes", "damage:type": "flood", "destroyed:highway": "pedestrian", "layer": "1", "status": "inactive" } }, "geometry": { "type": "LineString", "coordinates": [ [ 76.935517, 31.7111106 ], [ 76.9347983, 31.7111738 ] ] } },
{ "type": "Feature", "properties": { "osm_id": 444373168, "osm_type": "way", "name": null, "tags": { "bridge": "yes", "highway": "unclassified" } }, "geometry": { "type": "LineString", "coordinates": [ [ 76.9286203, 31.7118898 ], [ 76.9287599, 31.7119108 ] ] } },
{ "type": "Feature", "properties": { "osm_id": 62229232, "osm_type": "way", "name": "Victoria Bridge", "tags": { "abandoned:highway": "secondary", "bridge": "yes", "end_date": "2019", "layer": "1", "name": "Victoria Bridge", "start_date": "1877" } }, "geometry": { "type": "LineString", "coordinates": [ [ 76.9334642, 31.7131718 ], [ 76.9332174, 31.7124506 ] ] } },
{ "type": "Feature", "properties": { "osm_id": 1099749357, "osm_type": "way", "name": null, "tags": { "bridge": "yes", "highway": "unclassified", "layer": "1" } }, "geometry": { "type": "LineString", "coordinates": [ [ 77.0342016, 31.690444 ], [ 77.0341212, 31.6902158 ] ] } },
{ "type": "Feature", "properties": { "osm_id": 387929446, "osm_type": "way", "name": null, "tags": { "bridge": "yes", "highway": "trunk", "lanes": "2", "layer": "1", "maxspeed": "50", "ref": "NH3", "ref:old": "NH21", "surface": "asphalt" } }, "geometry": { "type": "LineString", "coordinates": [ [ 77.0413421, 31.6911226 ], [ 77.0413955, 31.6909954 ] ] } },
{ "type": "Feature", "properties": { "osm_id": 387928970, "osm_type": "way", "name": null, "tags": { "bridge": "yes", "highway": "footway", "layer": "1" } }, "geometry": { "type": "LineString", "coordinates": [ [ 77.0433409, 31.6949068 ], [ 77.0437393, 31.6952097 ] ] } },
{ "type": "Feature", "properties": { "osm_id": 444365987, "osm_type": "way", "name": null, "tags": { "bridge": "yes", "highway": "secondary", "lanes": "2", "layer": "1", "maxspeed": "50", "ref": "NH3", "ref:old": "NH21" } }, "geometry": { "type": "LineString", "coordinates": [ [ 76.9491579, 31.6984273 ], [ 76.9495482, 31.6984452 ] ] } },
{ "type": "Feature", "properties": { "osm_id": 1353368627, "osm_type": "way", "name": null, "tags": { "bridge": "yes", "highway": "trunk", "layer": "1", "oneway": "yes", "ref": "NH3" } }, "geometry": { "type": "LineString", "coordinates": [ [ 76.9637517, 31.6997816 ], [ 76.9635946, 31.6997031 ] ] } },
{ "type": "Feature", "properties": { "osm_id": 1353368626, "osm_type": "way", "name": null, "tags": { "bridge": "yes", "highway": "trunk", "layer": "1", "oneway": "yes", "ref": "NH3" } }, "geometry": { "type": "LineString", "coordinates": [ [ 76.963489, 31.6997696 ], [ 76.9636471, 31.6998426 ] ] } },
{ "type": "Feature", "properties": { "osm_id": 191461697, "osm_type": "way", "name": null, "tags": { "bridge": "yes", "highway": "trunk", "lanes": "2", "layer": "1", "maxspeed": "50", "ref": "NH154", "ref:old": "NH20" } }, "geometry": { "type": "LineString", "coordinates": [ [ 76.9444498, 31.7011969 ], [ 76.9432124, 31.7007855 ] ] } },
{ "type": "Feature", "properties": { "osm_id": 1353368630, "osm_type": "way", "name": null, "tags": { "bridge": "yes", "highway": "trunk", "lanes": "2", "layer": "1", "maxspeed": "50", "oneway": "yes", "ref": "NH3", "ref:old": "NH21" } }, "geometry": { "type": "LineString", "coordinates": [ [ 76.9755238, 31.7022717 ], [ 76.9752595, 31.7020253 ] ] } },
{ "type": "Feature", "properties": { "osm_id": 1353368632, "osm_type": "way", "name": null, "tags": { "bridge": "yes", "highway": "trunk", "lanes": "2", "layer": "1", "maxspeed": "50", "oneway": "yes", "ref": "NH3", "ref:old": "NH21" } }, "geometry": { "type": "LineString", "coordinates": [ [ 76.9751674, 31.7021027 ], [ 76.9754364, 31.7023513 ] ] } },
{ "type": "Feature", "properties": { "osm_id": 444316160, "osm_type": "way", "name": null, "tags": { "bridge": "yes", "highway": "trunk", "lanes": "2", "layer": "1", "maxspeed": "50", "ref": "NH3", "ref:old": "NH21", "surface": "asphalt" } }, "geometry": { "type": "LineString", "coordinates": [ [ 77.0302456, 31.7067178 ], [ 77.0304092, 31.7066117 ] ] } },
{ "type": "Feature", "properties": { "osm_id": 1122151866, "osm_type": "way", "name": null, "tags": { "bridge": "yes", "highway": "unclassified", "layer": "1" } }, "geometry": { "type": "LineString", "coordinates": [ [ 76.7952356, 31.6575002 ], [ 76.795021, 31.6573723 ] ] } },
{ "type": "Feature", "properties": { "osm_id": 1122151873, "osm_type": "way", "name": null, "tags": { "bridge": "yes", "highway": "unclassified", "layer": "1" } }, "geometry": { "type": "LineString", "coordinates": [ [ 76.7888539, 31.668477 ], [ 76.7890044, 31.6689578 ] ] } },
{ "type": "Feature", "properties": { "osm_id": 1122151874, "osm_type": "way", "name": null, "tags": { "bridge": "yes", "highway": "unclassified", "layer": "1" } }, "geometry": { "type": "LineString", "coordinates": [ [ 76.7847964, 31.6720755 ], [ 76.7847535, 31.6719648 ] ] } },
{ "type": "Feature", "properties": { "osm_id": 1122151876, "osm_type": "way", "name": null, "tags": { "bridge": "yes", "highway": "unclassified", "layer": "1" } }, "geometry": { "type": "LineString", "coordinates": [ [ 76.7823476, 31.6759412 ], [ 76.7822644, 31.6757746 ] ] } },
{ "type": "Feature", "properties": { "osm_id": 1339705644, "osm_type": "way", "name": null, "tags": { "bridge": "yes", "highway": "unclassified", "layer": "1" } }, "geometry": { "type": "LineString", "coordinates": [ [ 76.7691378, 31.7223579 ], [ 76.7688338, 31.722489 ] ] } },
{ "type": "Feature", "properties": { "osm_id": 1339705640, "osm_type": "way", "name": null, "tags": { "bridge": "yes", "highway": "unclassified", "layer": "1" } }, "geometry": { "type": "LineString", "coordinates": [ [ 76.7654094, 31.7253131 ], [ 76.7656428, 31.7251466 ] ] } },
{ "type": "Feature", "properties": { "osm_id": 1339705643, "osm_type": "way", "name": null, "tags": { "bridge": "yes", "highway": "unclassified", "layer": "1" } }, "geometry": { "type": "LineString", "coordinates": [ [ 76.768569, 31.7260842 ], [ 76.7683652, 31.7257443 ] ] } },
{ "type": "Feature", "properties": { "osm_id": 1339705642, "osm_type": "way", "name": null, "tags": { "bridge": "yes", "highway": "unclassified", "layer": "1" } }, "geometry": { "type": "LineString", "coordinates": [ [ 76.7563596, 31.7306573 ], [ 76.7564481, 31.7306276 ] ] } },
{ "type": "Feature", "properties": { "osm_id": 1124651939, "osm_type": "way", "name": null, "tags": { "bridge": "yes", "highway": "unclassified", "layer": "1" } }, "geometry": { "type": "LineString", "coordinates": [ [ 76.7939052, 31.7479376 ], [ 76.7941681, 31.7481725 ] ] } },
{ "type": "Feature", "properties": { "osm_id": 1339705369, "osm_type": "way", "name": null, "tags": { "bridge": "yes", "highway": "tertiary", "layer": "1" } }, "geometry": { "type": "LineString", "coordinates": [ [ 76.7845215, 31.7757521 ], [ 76.7843807, 31.7755161 ] ] } },
{ "type": "Feature", "properties": { "osm_id": 191612013, "osm_type": "way", "name": null, "tags": { "bridge": "no", "highway": "track" } }, "geometry": { "type": "LineString", "coordinates": [ [ 76.9980929, 31.7833958 ], [ 76.9979933, 31.7833604 ], [ 76.9979327, 31.7833432 ], [ 76.9978998, 31.7833271 ], [ 76.9978859, 31.7833067 ] ] } },
{ "type": "Feature", "properties": { "osm_id": 191346909, "osm_type": "way", "name": null, "tags": { "bridge": "yes", "highway": "secondary", "ref": "MDR19" } }, "geometry": { "type": "LineString", "coordinates": [ [ 77.0317182, 31.7965278 ], [ 77.0312731, 31.796438 ] ] } },
{ "type": "Feature", "properties": { "osm_id": 1351034856, "osm_type": "way", "name": "Mandi-Bajaura Road", "tags": { "bridge": "yes", "highway": "secondary", "lanes": "2", "layer": "1", "name": "Mandi-Bajaura Road", "ref": "MDR23", "surface": "asphalt" } }, "geometry": { "type": "LineString", "coordinates": [ [ 77.0148561, 31.7988045 ], [ 77.0147162, 31.7987691 ] ] } },
{ "type": "Feature", "properties": { "osm_id": 1351034854, "osm_type": "way", "name": null, "tags": { "bridge": "yes", "highway": "tertiary", "layer": "1" } }, "geometry": { "type": "LineString", "coordinates": [ [ 77.0152867, 31.7991894 ], [ 77.015485, 31.799271 ] ] } },
{ "type": "Feature", "properties": { "osm_id": 1098957906, "osm_type": "way", "name": null, "tags": { "bridge": "yes", "highway": "tertiary", "layer": "1" } }, "geometry": { "type": "LineString", "coordinates": [ [ 77.015229, 31.8014052 ], [ 77.015173, 31.8015971 ] ] } },
{ "type": "Feature", "properties": { "osm_id": 680108365, "osm_type": "way", "name": null, "tags": { "bridge": "yes", "highway": "trunk", "lanes": "2", "layer": "1", "maxspeed": "50", "ref": "NH154", "ref:old": "NH20" } }, "geometry": { "type": "LineString", "coordinates": [ [ 76.9461017, 31.8036721 ], [ 76.9466786, 31.8037909 ] ] } },
{ "type": "Feature", "properties": { "osm_id": 1098957893, "osm_type": "way", "name": null, "tags": { "bridge": "yes", "highway": "unclassified", "layer": "1" } }, "geometry": { "type": "LineString", "coordinates": [ [ 76.9755135, 31.8178883 ], [ 76.9748913, 31.8176878 ] ] } },
{ "type": "Feature", "properties": { "osm_id": 1358135015, "osm_type": "way", "name": null, "tags": { "bridge": "yes", "highway": "road", "layer": "1" } }, "geometry": { "type": "LineString", "coordinates": [ [ 76.9746542, 31.8293355 ], [ 76.9746559, 31.8294917 ] ] } },
{ "type": "Feature", "properties": { "osm_id": 1358137475, "osm_type": "way", "name": null, "tags": { "bridge": "yes", "highway": "residential", "layer": "1" } }, "geometry": { "type": "LineString", "coordinates": [ [ 76.9946753, 31.8328651 ], [ 76.9947852, 31.8327089 ] ] } },
{ "type": "Feature", "properties": { "osm_id": 1358138579, "osm_type": "way", "name": null, "tags": { "bridge": "yes", "highway": "path", "layer": "1" } }, "geometry": { "type": "LineString", "coordinates": [ [ 76.99546, 31.8342288 ], [ 76.9955986, 31.8342091 ] ] } },
{ "type": "Feature", "properties": { "osm_id": 1124651921, "osm_type": "way", "name": null, "tags": { "bridge": "yes", "highway": "unclassified", "layer": "1" } }, "geometry": { "type": "LineString", "coordinates": [ [ 76.8067878, 31.773587 ], [ 76.8067825, 31.773725 ] ] } },
{ "type": "Feature", "properties": { "osm_id": 1124784402, "osm_type": "way", "name": null, "tags": { "bridge": "yes", "highway": "unclassified", "layer": "1" } }, "geometry": { "type": "LineString", "coordinates": [ [ 76.8511435, 31.7831909 ], [ 76.8511623, 31.7834964 ] ] } },
{ "type": "Feature", "properties": { "osm_id": 1124784398, "osm_type": "way", "name": null, "tags": { "bridge": "yes", "highway": "unclassified", "layer": "1" } }, "geometry": { "type": "LineString", "coordinates": [ [ 76.8558508, 31.7908514 ], [ 76.8563068, 31.7908468 ] ] } },
{ "type": "Feature", "properties": { "osm_id": 1124784405, "osm_type": "way", "name": null, "tags": { "bridge": "yes", "highway": "unclassified", "layer": "1" } }, "geometry": { "type": "LineString", "coordinates": [ [ 76.8444675, 31.7960401 ], [ 76.8441966, 31.7962134 ] ] } },
{ "type": "Feature", "properties": { "osm_id": 1124784409, "osm_type": "way", "name": null, "tags": { "bridge": "yes", "highway": "unclassified", "layer": "1" } }, "geometry": { "type": "LineString", "coordinates": [ [ 76.8413535, 31.805922 ], [ 76.8415466, 31.8055049 ] ] } },
{ "type": "Feature", "properties": { "osm_id": 1120681844, "osm_type": "way", "name": "Nohali Kotli road", "tags": { "bridge": "yes", "highway": "secondary", "lanes": "1", "layer": "1", "maxspeed": "40", "name": "Nohali Kotli road", "ref": "MDR 57" } }, "geometry": { "type": "LineString", "coordinates": [ [ 76.8447394, 31.8270204 ], [ 76.8452066, 31.8276098 ] ] } },
{ "type": "Feature", "properties": { "osm_id": 485716791, "osm_type": "way", "name": null, "tags": { "bridge": "yes", "highway": "unclassified", "layer": "1", "source": "bing", "source:bridge": "bing" } }, "geometry": { "type": "LineString", "coordinates": [ [ 76.8036101, 31.8407171 ], [ 76.8035833, 31.8407787 ] ] } },
{ "type": "Feature", "properties": { "osm_id": 485716789, "osm_type": "way", "name": null, "tags": { "bridge": "yes", "highway": "unclassified", "layer": "1", "source": "bing", "source:bridge": "bing" } }, "geometry": { "type": "LineString", "coordinates": [ [ 76.8039507, 31.8409427 ], [ 76.8038756, 31.841002 ] ] } },
{ "type": "Feature", "properties": { "osm_id": 1095274620, "osm_type": "way", "name": null, "tags": { "bridge": "yes", "highway": "unclassified", "layer": "1" } }, "geometry": { "type": "LineString", "coordinates": [ [ 76.8311021, 31.8485856 ], [ 76.8312281, 31.8483236 ] ] } },
{ "type": "Feature", "properties": { "osm_id": 1120681833, "osm_type": "way", "name": null, "tags": { "bridge": "yes", "highway": "unclassified", "layer": "1" } }, "geometry": { "type": "LineString", "coordinates": [ [ 76.8596086, 31.8570244 ], [ 76.8598312, 31.8571748 ] ] } },
{ "type": "Feature", "properties": { "osm_id": 761379549, "osm_type": "way", "name": "New Victoria Bridge", "tags": { "bridge": "yes", "highway": "secondary", "name": "New Victoria Bridge", "name:etymology:wikidata": "Q9439", "start_date": "2019" } }, "geometry": { "type": "LineString", "coordinates": [ [ 76.9320309, 31.7125727 ], [ 76.9330662, 31.7132983 ] ] } },
{ "type": "Feature", "properties": { "osm_id": 1316137154, "osm_type": "way", "name": null, "tags": { "bridge": "yes", "highway": "residential", "layer": "1" } }, "geometry": { "type": "LineString", "coordinates": [ [ 76.9289413, 31.713266 ], [ 76.9290651, 31.7131169 ] ] } },
{ "type": "Feature", "properties": { "osm_id": 1121098682, "osm_type": "way", "name": null, "tags": { "bridge": "yes", "highway": "unclassified", "layer": "1" } }, "geometry": { "type": "LineString", "coordinates": [ [ 76.9023254, 31.7156622 ], [ 76.9020921, 31.7154796 ] ] } },
{ "type": "Feature", "properties": { "osm_id": 1120217963, "osm_type": "way", "name": null, "tags": { "bridge": "yes", "highway": "unclassified", "layer": "1" } }, "geometry": { "type": "LineString", "coordinates": [ [ 76.8605098, 31.7304553 ], [ 76.8603435, 31.7302454 ] ] } },
{ "type": "Feature", "properties": { "osm_id": 1120681865, "osm_type": "way", "name": null, "tags": { "bridge": "yes", "highway": "unclassified", "layer": "1" } }, "geometry": { "type": "LineString", "coordinates": [ [ 76.9103157, 31.8032186 ], [ 76.9108602, 31.8030567 ] ] } },
{ "type": "Feature", "properties": { "osm_id": 1339705796, "osm_type": "way", "name": null, "tags": { "bridge": "yes", "highway": "tertiary", "layer": "1" } }, "geometry": { "type": "LineString", "coordinates": [ [ 76.9223401, 31.8664875 ], [ 76.9223883, 31.8662233 ] ] } },
{ "type": "Feature", "properties": { "osm_id": 640912482, "osm_type": "way", "name": null, "tags": { "bridge": "yes", "highway": "trunk", "lanes": "2", "layer": "1", "maxspeed": "50", "ref": "NH154", "ref:old": "NH20" } }, "geometry": { "type": "LineString", "coordinates": [ [ 76.92953, 31.8672 ], [ 76.9293898, 31.8665092 ] ] } },
{ "type": "Feature", "properties": { "osm_id": 640912484, "osm_type": "way", "name": null, "tags": { "bridge": "yes", "highway": "trunk", "lanes": "2", "layer": "1", "maxspeed": "50", "ref": "NH154", "ref:old": "NH20" } }, "geometry": { "type": "LineString", "coordinates": [ [ 76.907347, 31.8946895 ], [ 76.9074826, 31.894518 ] ] } },
{ "type": "Feature", "properties": { "osm_id": 515640597, "osm_type": "way", "name": null, "tags": { "bridge": "yes", "highway": "trunk", "lanes": "2", "layer": "1", "maxspeed": "50", "ref": "NH154", "ref:old": "NH20" } }, "geometry": { "type": "LineString", "coordinates": [ [ 76.8718134, 31.948087 ], [ 76.8719572, 31.9480234 ] ] } },
{ "type": "Feature", "properties": { "osm_id": 1339706065, "osm_type": "way", "name": null, "tags": { "bridge": "yes", "highway": "unclassified", "layer": "1", "surface": "unpaved" } }, "geometry": { "type": "LineString", "coordinates": [ [ 76.9131375, 31.9560287 ], [ 76.9130302, 31.956122 ] ] } },
{ "type": "Feature", "properties": { "osm_id": 1095274628, "osm_type": "way", "name": null, "tags": { "bridge": "yes", "highway": "unclassified", "layer": "1" } }, "geometry": { "type": "LineString", "coordinates": [ [ 76.7614827, 31.8591066 ], [ 76.7614344, 31.8593458 ] ] } },
{ "type": "Feature", "properties": { "osm_id": 485706673, "osm_type": "way", "name": null, "tags": { "bridge": "yes", "highway": "primary", "lanes": "2", "layer": "1", "ref": "SH19", "source:bridge": "bing", "source:geometry": "bing", "source:lanes": "bing" } }, "geometry": { "type": "LineString", "coordinates": [ [ 76.7828632, 31.8817146 ], [ 76.7828659, 31.8816235 ] ] } },
{ "type": "Feature", "properties": { "osm_id": 485706681, "osm_type": "way", "name": null, "tags": { "bridge": "yes", "highway": "primary", "lanes": "2", "layer": "1", "ref": "SH19", "source:bridge": "bing", "source:geometry": "bing", "source:lanes": "bing" } }, "geometry": { "type": "LineString", "coordinates": [ [ 76.7853577, 31.8874812 ], [ 76.7853657, 31.8873833 ] ] } },
{ "type": "Feature", "properties": { "osm_id": 485706687, "osm_type": "way", "name": null, "tags": { "bridge": "yes", "highway": "primary", "lanes": "2", "layer": "1", "ref": "SH19", "source:bridge": "bing", "source:geometry": "bing", "source:lanes": "bing" } }, "geometry": { "type": "LineString", "coordinates": [ [ 76.7838114, 31.8905124 ], [ 76.7838999, 31.8903963 ] ] } },
{ "type": "Feature", "properties": { "osm_id": 1095274639, "osm_type": "way", "name": null, "tags": { "bridge": "yes", "highway": "unclassified", "layer": "1" } }, "geometry": { "type": "LineString", "coordinates": [ [ 76.7894688, 31.8910542 ], [ 76.7894822, 31.890774 ] ] } },
{ "type": "Feature", "properties": { "osm_id": 485706690, "osm_type": "way", "name": null, "tags": { "bridge": "yes", "highway": "primary", "layer": "1", "ref": "SH19", "source:bridge": "bing", "source:geometry": "bing" } }, "geometry": { "type": "LineString", "coordinates": [ [ 76.7859491, 31.8939216 ], [ 76.7858713, 31.8938396 ] ] } },
{ "type": "Feature", "properties": { "osm_id": 699270326, "osm_type": "way", "name": "Ahju - Basahi - Jogindernagar Link Road", "tags": { "bridge": "yes", "highway": "tertiary", "layer": "1", "maxspeed": "30", "name": "Ahju - Basahi - Jogindernagar Link Road", "surface": "asphalt", "width": "4" } }, "geometry": { "type": "LineString", "coordinates": [ [ 76.7623249, 31.9000811 ], [ 76.762463, 31.899924 ] ] } },
{ "type": "Feature", "properties": { "osm_id": 485706699, "osm_type": "way", "name": null, "tags": { "bridge": "yes", "highway": "primary", "lanes": "2", "layer": "1", "ref": "SH19", "source:bridge": "bing", "source:geometry": "bing", "source:lanes": "bing" } }, "geometry": { "type": "LineString", "coordinates": [ [ 76.7871507, 31.9018347 ], [ 76.7872231, 31.9017186 ] ] } },
{ "type": "Feature", "properties": { "osm_id": 1095274641, "osm_type": "way", "name": null, "tags": { "bridge": "yes", "highway": "unclassified", "layer": "1" } }, "geometry": { "type": "LineString", "coordinates": [ [ 76.7914939, 31.9022102 ], [ 76.7913544, 31.9018937 ] ] } },
{ "type": "Feature", "properties": { "osm_id": 485706702, "osm_type": "way", "name": null, "tags": { "bridge": "yes", "highway": "secondary", "lanes": "2", "layer": "1", "source:bridge": "bing", "source:geometry": "bing", "source:lanes": "bing" } }, "geometry": { "type": "LineString", "coordinates": [ [ 76.7879232, 31.9028184 ], [ 76.7878722, 31.9027638 ] ] } },
{ "type": "Feature", "properties": { "osm_id": 1120681830, "osm_type": "way", "name": null, "tags": { "bridge": "yes", "highway": "track", "layer": "1" } }, "geometry": { "type": "LineString", "coordinates": [ [ 76.853874, 31.8624668 ], [ 76.8538499, 31.8629429 ] ] } },
{ "type": "Feature", "properties": { "osm_id": 1095274643, "osm_type": "way", "name": null, "tags": { "bridge": "yes", "highway": "unclassified", "layer": "1", "source": "bing" } }, "geometry": { "type": "LineString", "coordinates": [ [ 76.8008119, 31.9033168 ], [ 76.8007153, 31.9035855 ] ] } },
{ "type": "Feature", "properties": { "osm_id": 485691370, "osm_type": "way", "name": null, "tags": { "bridge": "yes", "highway": "unclassified", "layer": "1", "source": "bing", "source:bridge": "bing" } }, "geometry": { "type": "LineString", "coordinates": [ [ 76.8112819, 31.912815 ], [ 76.8111934, 31.9127535 ] ] } },
{ "type": "Feature", "properties": { "osm_id": 485691372, "osm_type": "way", "name": null, "tags": { "bridge": "yes", "highway": "unclassified", "layer": "1", "source": "bing", "source:bridge": "bing" } }, "geometry": { "type": "LineString", "coordinates": [ [ 76.81118, 31.9132612 ], [ 76.8113221, 31.9130404 ] ] } },
{ "type": "Feature", "properties": { "osm_id": 485691374, "osm_type": "way", "name": null, "tags": { "bridge": "yes", "highway": "unclassified", "layer": "1", "source": "bing", "source:bridge": "bing" } }, "geometry": { "type": "LineString", "coordinates": [ [ 76.808935, 31.9134365 ], [ 76.809002, 31.9133933 ] ] } },
{ "type": "Feature", "properties": { "osm_id": 485691377, "osm_type": "way", "name": null, "tags": { "bridge": "yes", "highway": "unclassified", "layer": "1", "source": "bing", "source:bridge": "bing" } }, "geometry": { "type": "LineString", "coordinates": [ [ 76.807909, 31.9135959 ], [ 76.8079948, 31.9136824 ] ] } },
{ "type": "Feature", "properties": { "osm_id": 485693371, "osm_type": "way", "name": null, "tags": { "bridge": "yes", "highway": "unclassified", "layer": "1", "source": "bing", "source:bridge": "bing" } }, "geometry": { "type": "LineString", "coordinates": [ [ 76.8011653, 31.9228087 ], [ 76.8011921, 31.9229362 ] ] } },
{ "type": "Feature", "properties": { "osm_id": 1302643407, "osm_type": "way", "name": null, "tags": { "bridge": "yes", "highway": "unclassified", "layer": "1", "source": "bing" } }, "geometry": { "type": "LineString", "coordinates": [ [ 76.8036416, 31.9240662 ], [ 76.8032997, 31.9245613 ] ] } },
{ "type": "Feature", "properties": { "osm_id": 485691368, "osm_type": "way", "name": null, "tags": { "bridge": "yes", "highway": "unclassified", "lanes": "1", "layer": "1", "source": "bing", "source:bridge": "bing", "source:lanes": "bing" } }, "geometry": { "type": "LineString", "coordinates": [ [ 76.8011954, 31.9268777 ], [ 76.8007529, 31.9268026 ] ] } },
{ "type": "Feature", "properties": { "osm_id": 1469383613, "osm_type": "way", "name": "Nohali Kotli road", "tags": { "bridge": "yes", "highway": "secondary", "lanes": "1", "layer": "1", "maxspeed": "40", "name": "Nohali Kotli road", "ref": "MDR 57" } }, "geometry": { "type": "LineString", "coordinates": [ [ 76.8007201, 31.9268216 ], [ 76.8006036, 31.9268821 ] ] } },
{ "type": "Feature", "properties": { "osm_id": 557920326, "osm_type": "way", "name": null, "tags": { "bridge": "yes", "highway": "path", "layer": "1" } }, "geometry": { "type": "LineString", "coordinates": [ [ 77.2113723, 31.5460057 ], [ 77.2115077, 31.5461188 ] ] } },
{ "type": "Feature", "properties": { "osm_id": 557920331, "osm_type": "way", "name": null, "tags": { "bridge": "yes", "highway": "tertiary", "layer": "1" } }, "geometry": { "type": "LineString", "coordinates": [ [ 77.2087826, 31.546864 ], [ 77.2091782, 31.546872 ] ] } },
{ "type": "Feature", "properties": { "osm_id": 1106478822, "osm_type": "way", "name": null, "tags": { "bridge": "yes", "highway": "path", "layer": "1" } }, "geometry": { "type": "LineString", "coordinates": [ [ 77.1635511, 31.5548412 ], [ 77.1636504, 31.5545669 ] ] } },
{ "type": "Feature", "properties": { "osm_id": 1481179476, "osm_type": "way", "name": null, "tags": { "bridge": "yes", "highway": "secondary", "layer": "1", "ref": "MDR24", "surface": "asphalt" } }, "geometry": { "type": "LineString", "coordinates": [ [ 77.170932, 31.55858 ], [ 77.1709323, 31.5586461 ] ] } },
{ "type": "Feature", "properties": { "osm_id": 1481179477, "osm_type": "way", "name": null, "tags": { "bridge": "yes", "highway": "secondary", "layer": "1", "ref": "MDR24", "surface": "asphalt" } }, "geometry": { "type": "LineString", "coordinates": [ [ 77.1675664, 31.5586638 ], [ 77.1673559, 31.5587677 ] ] } },
{ "type": "Feature", "properties": { "osm_id": 1108378700, "osm_type": "way", "name": null, "tags": { "bridge": "yes", "highway": "unclassified", "layer": "1", "surface": "asphalt" } }, "geometry": { "type": "LineString", "coordinates": [ [ 77.1877983, 31.5585506 ], [ 77.1878424, 31.5589386 ] ] } },
{ "type": "Feature", "properties": { "osm_id": 1104531157, "osm_type": "way", "name": null, "tags": { "bridge": "yes", "highway": "unclassified", "layer": "1" } }, "geometry": { "type": "LineString", "coordinates": [ [ 77.1649379, 31.5768582 ], [ 77.1655628, 31.5769199 ] ] } },
{ "type": "Feature", "properties": { "osm_id": 1331501756, "osm_type": "way", "name": null, "tags": { "bridge": "yes", "highway": "unclassified", "layer": "1" } }, "geometry": { "type": "LineString", "coordinates": [ [ 77.2021025, 31.6039644 ], [ 77.202242, 31.6037725 ] ] } },
{ "type": "Feature", "properties": { "osm_id": 444232922, "osm_type": "way", "name": null, "tags": { "bridge": "yes", "highway": "footway" } }, "geometry": { "type": "LineString", "coordinates": [ [ 77.163087, 31.6980583 ], [ 77.1630173, 31.6980264 ] ] } },
{ "type": "Feature", "properties": { "osm_id": 444232923, "osm_type": "way", "name": null, "tags": { "bridge": "yes", "highway": "footway", "layer": "1" } }, "geometry": { "type": "LineString", "coordinates": [ [ 77.1629744, 31.6987658 ], [ 77.1632506, 31.6982523 ] ] } },
{ "type": "Feature", "properties": { "osm_id": 733866230, "osm_type": "way", "name": null, "tags": { "bridge": "yes", "highway": "path", "layer": "1" } }, "geometry": { "type": "LineString", "coordinates": [ [ 77.0843831, 31.6662463 ], [ 77.085414, 31.6653929 ] ] } },
{ "type": "Feature", "properties": { "osm_id": 238114177, "osm_type": "way", "name": null, "tags": { "bridge": "yes", "highway": "trunk", "lanes": "2", "layer": "1", "maxspeed": "50", "ref": "NH3", "ref:old": "NH21", "surface": "asphalt" } }, "geometry": { "type": "LineString", "coordinates": [ [ 77.0553453, 31.6683168 ], [ 77.0556106, 31.6677192 ] ] } },
{ "type": "Feature", "properties": { "osm_id": 43563564, "osm_type": "way", "name": "Pandoh Sivabadhar Road", "tags": { "bridge": "yes", "highway": "tertiary", "lanes": "1", "layer": "1", "maxspeed": "30", "name": "Pandoh Sivabadhar Road", "ref": "Pandoh Sivabadhar Road" } }, "geometry": { "type": "LineString", "coordinates": [ [ 77.056524, 31.6690723 ], [ 77.0576139, 31.6691309 ] ] } },
{ "type": "Feature", "properties": { "osm_id": 1383205302, "osm_type": "way", "name": null, "tags": { "bridge": "yes", "highway": "trunk", "lane_markings": "no", "level": "1", "ref": "NH3", "ref:old": "NH21", "surface": "asphalt" } }, "geometry": { "type": "LineString", "coordinates": [ [ 77.0670261, 31.6706118 ], [ 77.0667645, 31.6713025 ] ] } },
{ "type": "Feature", "properties": { "osm_id": 1445956716, "osm_type": "way", "name": null, "tags": { "bridge": "yes", "construction": "trunk", "highway": "construction", "layer": "1", "oneway": "yes", "ref": "NH3" } }, "geometry": { "type": "LineString", "coordinates": [ [ 77.1119338, 31.6897482 ], [ 77.1110476, 31.6890463 ] ] } },
{ "type": "Feature", "properties": { "osm_id": 444306136, "osm_type": "way", "name": null, "tags": { "bridge": "yes", "description": "Old highway", "highway": "trunk", "lanes": "2", "layer": "1", "maxspeed": "50", "ref": "NH3", "ref:old": "NH21", "surface": "asphalt" } }, "geometry": { "type": "LineString", "coordinates": [ [ 77.112058, 31.6895215 ], [ 77.1117819, 31.6893524 ] ] } },
{ "type": "Feature", "properties": { "osm_id": 1445956713, "osm_type": "way", "name": null, "tags": { "bridge": "yes", "construction": "trunk", "highway": "construction", "layer": "1", "oneway": "yes", "ref": "NH3" } }, "geometry": { "type": "LineString", "coordinates": [ [ 77.1109216, 31.6893149 ], [ 77.111696, 31.6899008 ] ] } },
{ "type": "Feature", "properties": { "osm_id": 444232014, "osm_type": "way", "name": null, "tags": { "bridge": "yes", "bridge:structure": "suspension", "highway": "footway", "layer": "1", "surface": "asphalt" } }, "geometry": { "type": "LineString", "coordinates": [ [ 77.1179316, 31.6927151 ], [ 77.118857, 31.6920624 ] ] } },
{ "type": "Feature", "properties": { "osm_id": 1015893489, "osm_type": "way", "name": null, "tags": { "bridge": "yes", "description": "Old highway", "highway": "trunk", "lanes": "2", "layer": "1", "maxspeed": "50", "oneway": "yes", "ref": "NH3", "ref:old": "NH21" } }, "geometry": { "type": "LineString", "coordinates": [ [ 77.144505, 31.6954485 ], [ 77.1438336, 31.6955102 ] ] } },
{ "type": "Feature", "properties": { "osm_id": 1362577052, "osm_type": "way", "name": null, "tags": { "bridge": "yes", "description": "Old highway", "highway": "trunk", "lanes": "2", "layer": "1", "maxspeed": "50", "oneway": "yes", "ref": "NH3", "ref:old": "NH21" } }, "geometry": { "type": "LineString", "coordinates": [ [ 77.1438699, 31.6957788 ], [ 77.1444121, 31.695742 ] ] } },
{ "type": "Feature", "properties": { "osm_id": 310175045, "osm_type": "way", "name": null, "tags": { "bridge": "yes", "highway": "trunk", "ref": "NH305", "source": "GPS" } }, "geometry": { "type": "LineString", "coordinates": [ [ 77.3024034, 31.6667811 ], [ 77.302569173050586, 31.666794435932559 ] ] } },
{ "type": "Feature", "properties": { "osm_id": 1099465934, "osm_type": "way", "name": null, "tags": { "bridge": "yes", "highway": "unclassified", "layer": "1" } }, "geometry": { "type": "LineString", "coordinates": [ [ 77.2758713, 31.6961656 ], [ 77.2761181, 31.6964645 ] ] } },
{ "type": "Feature", "properties": { "osm_id": 1362577066, "osm_type": "way", "name": null, "tags": { "bridge": "yes", "description": "Old highway", "highway": "trunk", "lanes": "2", "layer": "1", "maxspeed": "50", "oneway": "yes", "ref": "NH3", "ref:old": "NH21", "surface": "asphalt" } }, "geometry": { "type": "LineString", "coordinates": [ [ 77.1638042, 31.6991025 ], [ 77.1637252, 31.6990923 ] ] } },
{ "type": "Feature", "properties": { "osm_id": 1362577064, "osm_type": "way", "name": null, "tags": { "bridge": "yes", "description": "Old highway", "highway": "trunk", "lanes": "2", "layer": "1", "maxspeed": "50", "oneway": "yes", "ref": "NH3", "ref:old": "NH21", "surface": "asphalt" } }, "geometry": { "type": "LineString", "coordinates": [ [ 77.1629803, 31.6990682 ], [ 77.1636913, 31.6991553 ], [ 77.1637872, 31.699168 ], [ 77.1644378, 31.6992543 ], [ 77.1654452, 31.6994575 ], [ 77.1658316, 31.6994797 ], [ 77.1664265, 31.6994834 ], [ 77.1669302, 31.6994686 ], [ 77.1673253, 31.6995314 ], [ 77.1679028, 31.6996755 ], [ 77.1683067, 31.6997641 ], [ 77.1688234, 31.6999747 ], [ 77.1696744, 31.7003811 ], [ 77.1704604, 31.7007912 ], [ 77.1709988, 31.7009833 ], [ 77.171424, 31.7011821 ] ] } },
{ "type": "Feature", "properties": { "osm_id": 1362577062, "osm_type": "way", "name": null, "tags": { "bridge": "yes", "description": "Old highway", "highway": "trunk", "lanes": "2", "layer": "1", "maxspeed": "50", "oneway": "yes", "ref": "NH3", "ref:old": "NH21" } }, "geometry": { "type": "LineString", "coordinates": [ [ 77.1916064, 31.7091811 ], [ 77.1911944, 31.7089666 ] ] } },
{ "type": "Feature", "properties": { "osm_id": 1362577061, "osm_type": "way", "name": null, "tags": { "bridge": "yes", "description": "Old highway", "highway": "trunk", "lanes": "2", "layer": "1", "maxspeed": "50", "oneway": "yes", "ref": "NH3", "ref:old": "NH21" } }, "geometry": { "type": "LineString", "coordinates": [ [ 77.1911318, 31.7090907 ], [ 77.191535, 31.7092916 ] ] } },
{ "type": "Feature", "properties": { "osm_id": 288089797, "osm_type": "way", "name": null, "tags": { "bridge": "yes", "highway": "trunk", "layer": "1", "ref": "NH305", "source": "GPS" } }, "geometry": { "type": "LineString", "coordinates": [ [ 77.253152, 31.7099942 ], [ 77.252744, 31.7096503 ] ] } },
{ "type": "Feature", "properties": { "osm_id": 527329627, "osm_type": "way", "name": "Thachi - Shetadhar Road", "tags": { "bridge": "yes", "highway": "tertiary", "layer": "1", "name": "Thachi - Shetadhar Road", "surface": "unpaved" } }, "geometry": { "type": "LineString", "coordinates": [ [ 77.2016244, 31.7112515 ], [ 77.2024928, 31.7108318 ] ] } },
{ "type": "Feature", "properties": { "osm_id": 636362257, "osm_type": "way", "name": null, "tags": { "bridge": "yes", "highway": "trunk", "layer": "1", "ref": "NH305", "source": "GPS" } }, "geometry": { "type": "LineString", "coordinates": [ [ 77.2108188, 31.7202744 ], [ 77.2121474, 31.7194907 ] ] } },
{ "type": "Feature", "properties": { "osm_id": 444365634, "osm_type": "way", "name": null, "tags": { "bridge": "yes", "highway": "trunk", "lanes": "2", "layer": "1", "maxspeed": "50", "ref": "NH3", "ref:old": "NH21" } }, "geometry": { "type": "LineString", "coordinates": [ [ 77.0258195, 31.7104053 ], [ 77.0260443, 31.710224 ] ] } },
{ "type": "Feature", "properties": { "osm_id": 387927197, "osm_type": "way", "name": null, "tags": { "bridge": "yes", "highway": "unclassified", "layer": "1" } }, "geometry": { "type": "LineString", "coordinates": [ [ 77.0148693, 31.723343 ], [ 77.014798, 31.7239499 ] ] } },
{ "type": "Feature", "properties": { "osm_id": 1454596547, "osm_type": "way", "name": "Mandi-Bajaura Road", "tags": { "bridge": "yes", "highway": "secondary", "lanes": "2", "layer": "1", "name": "Mandi-Bajaura Road", "surface": "asphalt" } }, "geometry": { "type": "LineString", "coordinates": [ [ 76.9820486, 31.7755799 ], [ 76.9823569, 31.7755984 ], [ 76.982809, 31.7756813 ], [ 76.9833577, 31.775835 ] ] } },
{ "type": "Feature", "properties": { "osm_id": 209825237, "osm_type": "way", "name": "Road to IIT Mandi Kamand Campus", "tags": { "bridge": "yes", "highway": "tertiary", "name": "Road to IIT Mandi Kamand Campus", "surface": "paved" } }, "geometry": { "type": "LineString", "coordinates": [ [ 76.9886316, 31.7762632 ], [ 76.9886892, 31.7759264 ] ] } },
{ "type": "Feature", "properties": { "osm_id": 209825240, "osm_type": "way", "name": null, "tags": { "access": "permissive", "bicycle": "no", "bridge": "boardwalk", "foot": "yes", "highway": "path", "horse": "no", "motor_vehicle": "no", "smoothness": "impassable", "surface": "wood" } }, "geometry": { "type": "LineString", "coordinates": [ [ 76.9824191, 31.776715 ], [ 76.9831985, 31.7766492 ] ] } },
{ "type": "Feature", "properties": { "osm_id": 191349260, "osm_type": "way", "name": null, "tags": { "bridge": "yes", "highway": "tertiary" } }, "geometry": { "type": "LineString", "coordinates": [ [ 76.9846916, 31.7797359 ], [ 76.9845463, 31.7798426 ], [ 76.9842247, 31.7799374 ], [ 76.9841911, 31.7799508 ], [ 76.9839389, 31.7800643 ] ] } },
{ "type": "Feature", "properties": { "osm_id": 761379547, "osm_type": "way", "name": null, "tags": { "bridge": "yes", "highway": "secondary", "ref": "MDR19" } }, "geometry": { "type": "LineString", "coordinates": [ [ 76.9926666, 31.7818898 ], [ 76.9925645, 31.7816837 ] ] } },
{ "type": "Feature", "properties": { "osm_id": 191612011, "osm_type": "way", "name": null, "tags": { "bridge": "no", "highway": "track" } }, "geometry": { "type": "LineString", "coordinates": [ [ 76.9978885, 31.7829687 ], [ 76.9978656, 31.7828912 ] ] } },
{ "type": "Feature", "properties": { "osm_id": 191612010, "osm_type": "way", "name": null, "tags": { "bridge": "yes", "highway": "unclassified", "lanes": "2", "surface": "concrete" } }, "geometry": { "type": "LineString", "coordinates": [ [ 76.9980361, 31.7833207 ], [ 76.9980032, 31.7829 ] ] } },
{ "type": "Feature", "properties": { "osm_id": 191612008, "osm_type": "way", "name": "ABANDONED BRIDGE", "tags": { "bridge": "yes", "highway": "unclassified", "name": "ABANDONED BRIDGE" } }, "geometry": { "type": "LineString", "coordinates": [ [ 76.9978859, 31.7833067 ], [ 76.9978885, 31.7829687 ] ] } },
{ "type": "Feature", "properties": { "osm_id": 1096129111, "osm_type": "way", "name": null, "tags": { "bridge": "yes", "highway": "unclassified", "layer": "1" } }, "geometry": { "type": "LineString", "coordinates": [ [ 77.1524709, 31.7388855 ], [ 77.1522363, 31.7387475 ] ] } },
{ "type": "Feature", "properties": { "osm_id": 627331935, "osm_type": "way", "name": null, "tags": { "bridge": "yes", "highway": "tertiary", "layer": "1" } }, "geometry": { "type": "LineString", "coordinates": [ [ 77.2094959, 31.742044 ], [ 77.2088527, 31.7422355 ] ] } },
{ "type": "Feature", "properties": { "osm_id": 1370246550, "osm_type": "way", "name": null, "tags": { "bridge": "yes", "construction": "trunk", "highway": "construction", "lanes": "2", "layer": "1" } }, "geometry": { "type": "LineString", "coordinates": [ [ 77.2073362, 31.7437484 ], [ 77.2074751, 31.7441945 ], [ 77.2076679, 31.7446937 ] ] } },
{ "type": "Feature", "properties": { "osm_id": 1362577068, "osm_type": "way", "name": null, "tags": { "bridge": "yes", "highway": "trunk", "lanes": "2", "layer": "1", "maxspeed": "50", "ref": "NH3", "ref:old": "NH21" } }, "geometry": { "type": "LineString", "coordinates": [ [ 77.2084466, 31.7442793 ], [ 77.2084352, 31.7441974 ] ] } },
{ "type": "Feature", "properties": { "osm_id": 1008636088, "osm_type": "way", "name": null, "tags": { "bridge": "yes", "highway": "unclassified" } }, "geometry": { "type": "LineString", "coordinates": [ [ 77.1968759, 31.7849439 ], [ 77.1975787, 31.7849063 ] ] } },
{ "type": "Feature", "properties": { "osm_id": 1370250057, "osm_type": "way", "name": null, "tags": { "bridge": "yes", "description": "Old highway", "dual_carriageway": "yes", "highway": "trunk", "lanes": "2", "layer": "1", "maxspeed": "50", "maxweight:signed": "no", "oneway": "yes", "ref": "NH3", "ref:old": "NH21", "surface": "asphalt" } }, "geometry": { "type": "LineString", "coordinates": [ [ 77.194721, 31.7850912 ], [ 77.1946863, 31.785302 ] ] } },
{ "type": "Feature", "properties": { "osm_id": 1370246555, "osm_type": "way", "name": null, "tags": { "bridge": "yes", "description": "Old highway", "dual_carriageway": "yes", "highway": "trunk", "lanes": "2", "layer": "1", "maxspeed": "50", "maxweight:signed": "no", "oneway": "yes", "ref": "NH3", "ref:old": "NH21", "surface": "asphalt" } }, "geometry": { "type": "LineString", "coordinates": [ [ 77.1948202, 31.7853245 ], [ 77.1948556, 31.7850925 ] ] } },
{ "type": "Feature", "properties": { "osm_id": 1177484747, "osm_type": "way", "name": null, "tags": { "bridge": "yes", "highway": "trunk", "lanes": "2", "layer": "1", "maxweight:signed": "no", "oneway": "yes", "ref": "NH3", "surface": "asphalt" } }, "geometry": { "type": "LineString", "coordinates": [ [ 77.1814158, 31.8153551 ], [ 77.1813446, 31.8157983 ], [ 77.1813177, 31.8159077 ], [ 77.1812614, 31.8160615 ], [ 77.1812158, 31.8161481 ], [ 77.1811327, 31.8162644 ], [ 77.1809422, 31.8164592 ], [ 77.1807397, 31.8166416 ], [ 77.180611, 31.8167453 ], [ 77.180434, 31.8168786 ], [ 77.1800866, 31.8171111 ], [ 77.1799377, 31.8172125 ], [ 77.179817, 31.8173094 ], [ 77.1797031, 31.8174256 ], [ 77.179573, 31.8175795 ], [ 77.1794737, 31.817723 ], [ 77.1794079, 31.8178512 ] ] } },
{ "type": "Feature", "properties": { "osm_id": 43564514, "osm_type": "way", "name": "Pandoh Sivabadhar Road", "tags": { "bridge": "yes", "highway": "tertiary", "lanes": "1", "layer": "3", "maxspeed": "30", "name": "Pandoh Sivabadhar Road", "ref": "Pandoh Sivabadhar Road" } }, "geometry": { "type": "LineString", "coordinates": [ [ 77.0775307, 31.7021049 ], [ 77.0772638, 31.7022307 ] ] } },
{ "type": "Feature", "properties": { "osm_id": 305839065, "osm_type": "way", "name": "Mandi to Bajaura", "tags": { "bridge": "yes", "highway": "secondary", "lanes": "2", "name": "Mandi to Bajaura", "ref": "MDR19", "surface": "asphalt" } }, "geometry": { "type": "LineString", "coordinates": [ [ 77.1098555, 31.8201454 ], [ 77.1097847, 31.8201502 ], [ 77.1097084, 31.8201769 ] ] } },
{ "type": "Feature", "properties": { "osm_id": 1177484745, "osm_type": "way", "name": null, "tags": { "bridge": "yes", "highway": "trunk", "lanes": "2", "layer": "1", "maxweight:signed": "no", "oneway": "yes", "ref": "NH3", "surface": "asphalt" } }, "geometry": { "type": "LineString", "coordinates": [ [ 77.1795102, 31.817872 ], [ 77.1795787, 31.8177385 ], [ 77.1796767, 31.8176036 ], [ 77.1797764, 31.8174801 ], [ 77.1798794, 31.8173767 ], [ 77.1800129, 31.8172733 ], [ 77.1801937, 31.8171513 ], [ 77.1805384, 31.8169144 ], [ 77.1807209, 31.8167823 ], [ 77.1808662, 31.8166602 ], [ 77.1810842, 31.8164549 ], [ 77.1812379, 31.8162999 ], [ 77.1813342, 31.816162 ], [ 77.1813951, 31.816017 ], [ 77.1814373, 31.8158677 ], [ 77.1814762, 31.8156408 ], [ 77.1815187, 31.8153644 ] ] } },
{ "type": "Feature", "properties": { "osm_id": 1177484740, "osm_type": "way", "name": null, "tags": { "bridge": "yes", "highway": "trunk", "lanes": "2", "layer": "1", "maxweight:signed": "no", "oneway": "yes", "ref": "NH3", "surface": "asphalt" } }, "geometry": { "type": "LineString", "coordinates": [ [ 77.1763306, 31.8203013 ], [ 77.1762412, 31.8203209 ], [ 77.1761516, 31.8203446 ], [ 77.1760435, 31.8203753 ] ] } },
{ "type": "Feature", "properties": { "osm_id": 1177484737, "osm_type": "way", "name": null, "tags": { "bridge": "yes", "highway": "trunk", "lanes": "2", "layer": "1", "maxweight:signed": "no", "oneway": "yes", "ref": "NH3", "surface": "asphalt" } }, "geometry": { "type": "LineString", "coordinates": [ [ 77.176089, 31.8204828 ], [ 77.1761532, 31.8204645 ], [ 77.1762796, 31.8204323 ], [ 77.1763762, 31.8204089 ] ] } },
{ "type": "Feature", "properties": { "osm_id": 1122157946, "osm_type": "way", "name": null, "tags": { "bridge": "yes", "highway": "tertiary", "layer": "1" } }, "geometry": { "type": "LineString", "coordinates": [ [ 76.6508992, 31.7923412 ], [ 76.6508684, 31.7929078 ] ] } },
{ "type": "Feature", "properties": { "osm_id": 413168445, "osm_type": "way", "name": null, "tags": { "bridge": "yes", "highway": "tertiary", "layer": "1" } }, "geometry": { "type": "LineString", "coordinates": [ [ 76.7383283, 31.6093531 ], [ 76.7392724, 31.6091407 ] ] } },
{ "type": "Feature", "properties": { "osm_id": 1167727089, "osm_type": "way", "name": null, "tags": { "bridge": "yes", "highway": "unclassified", "layer": "1" } }, "geometry": { "type": "LineString", "coordinates": [ [ 76.724505, 31.6687997 ], [ 76.7240913, 31.6685737 ] ] } },
{ "type": "Feature", "properties": { "osm_id": 413168446, "osm_type": "way", "name": null, "tags": { "bridge": "yes", "highway": "secondary", "layer": "1" } }, "geometry": { "type": "LineString", "coordinates": [ [ 76.7312989, 31.6861378 ], [ 76.7310012, 31.685921 ] ] } },
{ "type": "Feature", "properties": { "osm_id": 1152263050, "osm_type": "way", "name": null, "tags": { "bridge": "yes", "highway": "unclassified", "layer": "1" } }, "geometry": { "type": "LineString", "coordinates": [ [ 76.7270431, 31.7138414 ], [ 76.7273623, 31.7136885 ] ] } },
{ "type": "Feature", "properties": { "osm_id": 242516619, "osm_type": "way", "name": null, "tags": { "bridge": "yes", "highway": "trunk", "lanes": "2", "layer": "1", "maxspeed": "50", "ref": "NH3", "ref:old": "NH70" } }, "geometry": { "type": "LineString", "coordinates": [ [ 76.7241104, 31.7459506 ], [ 76.7241765, 31.7461224 ] ] } },
{ "type": "Feature", "properties": { "osm_id": 242516620, "osm_type": "way", "name": null, "tags": { "bridge": "yes", "highway": "trunk", "lanes": "2", "layer": "1", "maxspeed": "50", "ref": "NH3", "ref:old": "NH70" } }, "geometry": { "type": "LineString", "coordinates": [ [ 76.7441963, 31.780097 ], [ 76.7450741, 31.7803153 ], [ 76.7454899, 31.7803466 ] ] } },
{ "type": "Feature", "properties": { "osm_id": 1168599127, "osm_type": "way", "name": null, "tags": { "bridge": "yes", "highway": "tertiary", "layer": "1" } }, "geometry": { "type": "LineString", "coordinates": [ [ 76.7260104, 31.7834873 ], [ 76.7265844, 31.7834941 ], [ 76.7271209, 31.7833938 ] ] } },
{ "type": "Feature", "properties": { "osm_id": 485724343, "osm_type": "way", "name": null, "tags": { "bridge": "yes", "highway": "unclassified", "layer": "1", "source": "bing", "source:bridge": "bing" } }, "geometry": { "type": "LineString", "coordinates": [ [ 76.7422526, 31.8051803 ], [ 76.7421453, 31.8052373 ] ] } },
{ "type": "Feature", "properties": { "osm_id": 485724341, "osm_type": "way", "name": null, "tags": { "bridge": "yes", "highway": "unclassified", "layer": "1", "source": "bing", "source:bridge": "bing" } }, "geometry": { "type": "LineString", "coordinates": [ [ 76.7398439, 31.8063793 ], [ 76.7399164, 31.8063862 ] ] } },
{ "type": "Feature", "properties": { "osm_id": 1037223559, "osm_type": "way", "name": null, "tags": { "bridge": "yes", "highway": "unclassified", "layer": "1" } }, "geometry": { "type": "LineString", "coordinates": [ [ 76.7087309, 31.6931092 ], [ 76.7084155, 31.6931997 ] ] } },
{ "type": "Feature", "properties": { "osm_id": 1037223558, "osm_type": "way", "name": null, "tags": { "bridge": "yes", "highway": "unclassified", "layer": "1" } }, "geometry": { "type": "LineString", "coordinates": [ [ 76.7111874, 31.6938136 ], [ 76.7112526, 31.693426 ] ] } },
{ "type": "Feature", "properties": { "osm_id": 242516618, "osm_type": "way", "name": null, "tags": { "bridge": "yes", "highway": "trunk", "lanes": "2", "layer": "1", "maxspeed": "50", "ref": "NH3", "ref:old": "NH70" } }, "geometry": { "type": "LineString", "coordinates": [ [ 76.721706, 31.7364429 ], [ 76.7215478, 31.7368165 ] ] } },
{ "type": "Feature", "properties": { "osm_id": 1168599129, "osm_type": "way", "name": null, "tags": { "bridge": "yes", "highway": "tertiary", "layer": "1" } }, "geometry": { "type": "LineString", "coordinates": [ [ 76.7199647, 31.7871421 ], [ 76.720233, 31.7868297 ] ] } },
{ "type": "Feature", "properties": { "osm_id": 1168599131, "osm_type": "way", "name": null, "tags": { "bridge": "yes", "highway": "tertiary", "layer": "1" } }, "geometry": { "type": "LineString", "coordinates": [ [ 76.7028053, 31.7960162 ], [ 76.7027356, 31.7959637 ] ] } },
{ "type": "Feature", "properties": { "osm_id": 1168599135, "osm_type": "way", "name": null, "tags": { "bridge": "yes", "highway": "tertiary", "layer": "1" } }, "geometry": { "type": "LineString", "coordinates": [ [ 76.7020261, 31.8038545 ], [ 76.7017606, 31.8032938 ] ] } },
{ "type": "Feature", "properties": { "osm_id": 1168599133, "osm_type": "way", "name": null, "tags": { "bridge": "yes", "highway": "tertiary", "layer": "1" } }, "geometry": { "type": "LineString", "coordinates": [ [ 76.7042765, 31.8076487 ], [ 76.7041746, 31.8073034 ] ] } },
{ "type": "Feature", "properties": { "osm_id": 1122168985, "osm_type": "way", "name": null, "tags": { "bridge": "yes", "highway": "unclassified", "layer": "1" } }, "geometry": { "type": "LineString", "coordinates": [ [ 76.7009023, 31.8786281 ], [ 76.7013502, 31.8786714 ] ] } },
{ "type": "Feature", "properties": { "osm_id": 1122168989, "osm_type": "way", "name": null, "tags": { "bridge": "yes", "highway": "unclassified", "layer": "1" } }, "geometry": { "type": "LineString", "coordinates": [ [ 76.6965678, 31.8821584 ], [ 76.6963533, 31.8806461 ] ] } },
{ "type": "Feature", "properties": { "osm_id": 485398841, "osm_type": "way", "name": null, "tags": { "bridge": "yes", "highway": "tertiary", "layer": "1", "source": "bing", "source:bridge": "bing", "source:geometry": "bing" } }, "geometry": { "type": "LineString", "coordinates": [ [ 76.7215974, 31.9139669 ], [ 76.7216403, 31.9137187 ] ] } },
{ "type": "Feature", "properties": { "osm_id": 485717799, "osm_type": "way", "name": null, "tags": { "bridge": "yes", "highway": "unclassified", "layer": "1", "source": "bing", "source:bridge": "bing", "source:surface": "bing", "surface": "unpaved" } }, "geometry": { "type": "LineString", "coordinates": [ [ 76.7795178, 31.7915527 ], [ 76.7795634, 31.7915846 ] ] } },
{ "type": "Feature", "properties": { "osm_id": 485717797, "osm_type": "way", "name": null, "tags": { "bridge": "yes", "highway": "unclassified", "layer": "1", "source": "bing", "source:bridge": "bing", "source:surface": "bing", "surface": "unpaved" } }, "geometry": { "type": "LineString", "coordinates": [ [ 76.7800033, 31.7927245 ], [ 76.7801267, 31.7928271 ] ] } },
{ "type": "Feature", "properties": { "osm_id": 242516626, "osm_type": "way", "name": null, "tags": { "bridge": "yes", "highway": "tertiary", "layer": "1" } }, "geometry": { "type": "LineString", "coordinates": [ [ 76.754518, 31.7986039 ], [ 76.7550349, 31.7977495 ] ] } },
{ "type": "Feature", "properties": { "osm_id": 485717804, "osm_type": "way", "name": null, "tags": { "bridge": "yes", "highway": "unclassified", "layer": "1", "source": "bing", "source:bridge": "bing", "source:surface": "bing", "surface": "unpaved" } }, "geometry": { "type": "LineString", "coordinates": [ [ 76.7794722, 31.8050436 ], [ 76.7795634, 31.8051735 ] ] } },
{ "type": "Feature", "properties": { "osm_id": 485717801, "osm_type": "way", "name": null, "tags": { "bridge": "yes", "highway": "unclassified", "layer": "1", "source": "bing", "source:bridge": "bing", "source:surface": "bing", "surface": "unpaved" } }, "geometry": { "type": "LineString", "coordinates": [ [ 76.7797968, 31.8064796 ], [ 76.7798236, 31.8065526 ] ] } },
{ "type": "Feature", "properties": { "osm_id": 485717808, "osm_type": "way", "name": null, "tags": { "bridge": "yes", "highway": "unclassified", "layer": "1", "source": "bing", "source:bridge": "bing", "source:surface": "bing", "surface": "unpaved" } }, "geometry": { "type": "LineString", "coordinates": [ [ 76.7762439, 31.8115796 ], [ 76.7762348, 31.8114806 ] ] } },
{ "type": "Feature", "properties": { "osm_id": 485399520, "osm_type": "way", "name": null, "tags": { "bridge": "yes", "highway": "primary", "layer": "1", "ref": "SH19", "source:bridge": "bing", "source:geometry": "bing" } }, "geometry": { "type": "LineString", "coordinates": [ [ 76.7732863, 31.8116944 ], [ 76.7729, 31.8116533 ] ] } },
{ "type": "Feature", "properties": { "osm_id": 485717806, "osm_type": "way", "name": null, "tags": { "bridge": "yes", "highway": "unclassified", "layer": "1", "source": "bing", "source:bridge": "bing", "source:surface": "bing", "surface": "unpaved" } }, "geometry": { "type": "LineString", "coordinates": [ [ 76.7791262, 31.8133222 ], [ 76.7791289, 31.8132584 ] ] } },
{ "type": "Feature", "properties": { "osm_id": 485717811, "osm_type": "way", "name": null, "tags": { "bridge": "yes", "highway": "primary", "layer": "1", "ref": "SH19", "source:bridge": "bing" } }, "geometry": { "type": "LineString", "coordinates": [ [ 76.780921, 31.8203044 ], [ 76.7808583, 31.8202441 ] ] } },
{ "type": "Feature", "properties": { "osm_id": 485737488, "osm_type": "way", "name": null, "tags": { "bridge": "yes", "highway": "tertiary", "layer": "1", "source": "bing", "source:bridge": "bing" } }, "geometry": { "type": "LineString", "coordinates": [ [ 76.7565125, 31.8285008 ], [ 76.7557079, 31.8291868 ] ] } },
{ "type": "Feature", "properties": { "osm_id": 1338745448, "osm_type": "way", "name": null, "tags": { "bridge": "yes", "highway": "unclassified", "layer": "1" } }, "geometry": { "type": "LineString", "coordinates": [ [ 76.6673586, 31.8050467 ], [ 76.6676322, 31.8048963 ] ] } },
{ "type": "Feature", "properties": { "osm_id": 1338745446, "osm_type": "way", "name": null, "tags": { "bridge": "yes", "highway": "unclassified", "layer": "1" } }, "geometry": { "type": "LineString", "coordinates": [ [ 76.6342816, 31.824117 ], [ 76.6340589, 31.8248076 ] ] } },
{ "type": "Feature", "properties": { "osm_id": 1428272271, "osm_type": "way", "name": null, "tags": { "bridge": "yes", "highway": "unclassified", "layer": "1" } }, "geometry": { "type": "LineString", "coordinates": [ [ 76.629589294652888, 31.824207174820259 ], [ 76.6311614, 31.8248913 ] ] } },
{ "type": "Feature", "properties": { "osm_id": 1168599144, "osm_type": "way", "name": null, "tags": { "bridge": "yes", "highway": "tertiary", "layer": "1" } }, "geometry": { "type": "LineString", "coordinates": [ [ 76.6849673, 31.8412717 ], [ 76.6853294, 31.8411828 ] ] } },
{ "type": "Feature", "properties": { "osm_id": 1168599146, "osm_type": "way", "name": null, "tags": { "bridge": "yes", "highway": "tertiary", "layer": "1" } }, "geometry": { "type": "LineString", "coordinates": [ [ 76.6864881, 31.842076 ], [ 76.6865927, 31.8421444 ] ] } },
{ "type": "Feature", "properties": { "osm_id": 1168599148, "osm_type": "way", "name": null, "tags": { "bridge": "yes", "highway": "tertiary", "layer": "1" } }, "geometry": { "type": "LineString", "coordinates": [ [ 76.6904712, 31.8436596 ], [ 76.6904685, 31.8437462 ] ] } },
{ "type": "Feature", "properties": { "osm_id": 1168599139, "osm_type": "way", "name": null, "tags": { "bridge": "yes", "highway": "tertiary", "layer": "1" } }, "geometry": { "type": "LineString", "coordinates": [ [ 76.6674229, 31.8658223 ], [ 76.6680627, 31.865754 ] ] } },
{ "type": "Feature", "properties": { "osm_id": 1083320258, "osm_type": "way", "name": null, "tags": { "bridge": "yes", "highway": "tertiary", "layer": "1" } }, "geometry": { "type": "LineString", "coordinates": [ [ 76.6368607, 31.865547 ], [ 76.636772602591833, 31.865580318574821 ] ] } },
{ "type": "Feature", "properties": { "osm_id": 475159655, "osm_type": "way", "name": null, "tags": { "bridge": "yes", "highway": "primary", "layer": "1", "ref": "SH19" } }, "geometry": { "type": "LineString", "coordinates": [ [ 76.7906819, 31.8309972 ], [ 76.7894408, 31.8304487 ] ] } },
{ "type": "Feature", "properties": { "osm_id": 485412144, "osm_type": "way", "name": null, "tags": { "bridge": "yes", "highway": "tertiary", "layer": "1", "source": "bing", "source:bridge": "bing", "source:geometry": "bing" } }, "geometry": { "type": "LineString", "coordinates": [ [ 76.7726925, 31.8384387 ], [ 76.7725155, 31.8384341 ] ] } },
{ "type": "Feature", "properties": { "osm_id": 485412155, "osm_type": "way", "name": null, "tags": { "bridge": "yes", "highway": "tertiary", "layer": "1", "source": "bing", "source:bridge": "bing", "source:geometry": "bing" } }, "geometry": { "type": "LineString", "coordinates": [ [ 76.7708016, 31.8420001 ], [ 76.770984, 31.8418087 ] ] } },
{ "type": "Feature", "properties": { "osm_id": 485715012, "osm_type": "way", "name": null, "tags": { "bridge": "yes", "highway": "primary", "layer": "1", "ref": "SH19", "source:bridge": "bing", "source:geometry": "bing" } }, "geometry": { "type": "LineString", "coordinates": [ [ 76.785648, 31.8439846 ], [ 76.7855662, 31.8439379 ] ] } },
{ "type": "Feature", "properties": { "osm_id": 485714994, "osm_type": "way", "name": null, "tags": { "bridge": "yes", "highway": "unclassified", "layer": "1", "source": "bing", "source:bridge": "bing" } }, "geometry": { "type": "LineString", "coordinates": [ [ 76.7847273, 31.8459805 ], [ 76.784675, 31.8460614 ] ] } },
{ "type": "Feature", "properties": { "osm_id": 485715016, "osm_type": "way", "name": null, "tags": { "bridge": "yes", "highway": "primary", "layer": "1", "ref": "SH19", "source:bridge": "bing", "source:geometry": "bing" } }, "geometry": { "type": "LineString", "coordinates": [ [ 76.7887205, 31.8482384 ], [ 76.7887768, 31.8481655 ] ] } },
{ "type": "Feature", "properties": { "osm_id": 485715020, "osm_type": "way", "name": null, "tags": { "bridge": "yes", "highway": "primary", "layer": "1", "ref": "SH19", "source:bridge": "bing", "source:geometry": "bing" } }, "geometry": { "type": "LineString", "coordinates": [ [ 76.783916, 31.850297 ], [ 76.7838114, 31.8503949 ] ] } },
{ "type": "Feature", "properties": { "osm_id": 485412162, "osm_type": "way", "name": null, "tags": { "bridge": "yes", "highway": "tertiary", "layer": "1", "source": "bing", "source:bridge": "bing", "source:geometry": "bing" } }, "geometry": { "type": "LineString", "coordinates": [ [ 76.7646513, 31.8525971 ], [ 76.764949, 31.8524011 ] ] } },
{ "type": "Feature", "properties": { "osm_id": 485412168, "osm_type": "way", "name": null, "tags": { "bridge": "yes", "highway": "tertiary", "layer": "1", "source": "bing", "source:bridge": "bing", "source:geometry": "bing" } }, "geometry": { "type": "LineString", "coordinates": [ [ 76.7626637, 31.8536929 ], [ 76.7630768, 31.8536542 ] ] } },
{ "type": "Feature", "properties": { "osm_id": 485412180, "osm_type": "way", "name": null, "tags": { "bridge": "yes", "highway": "tertiary", "layer": "1", "source": "bing", "source:bridge": "bing", "source:geometry": "bing" } }, "geometry": { "type": "LineString", "coordinates": [ [ 76.7569775, 31.8559552 ], [ 76.7570982, 31.8559301 ] ] } },
{ "type": "Feature", "properties": { "osm_id": 485724339, "osm_type": "way", "name": null, "tags": { "bridge": "yes", "highway": "unclassified", "layer": "1", "source": "bing", "source:bridge": "bing" } }, "geometry": { "type": "LineString", "coordinates": [ [ 76.7378752, 31.8067395 ], [ 76.7379557, 31.8067144 ] ] } },
{ "type": "Feature", "properties": { "osm_id": 485412195, "osm_type": "way", "name": null, "tags": { "bridge": "yes", "highway": "tertiary", "layer": "1", "source": "bing", "source:bridge": "bing", "source:geometry": "bing" } }, "geometry": { "type": "LineString", "coordinates": [ [ 76.7440197, 31.8661018 ], [ 76.7443416, 31.8661565 ] ] } },
{ "type": "Feature", "properties": { "osm_id": 485412188, "osm_type": "way", "name": null, "tags": { "bridge": "yes", "highway": "tertiary", "layer": "1", "source": "bing", "source:bridge": "bing", "source:geometry": "bing" } }, "geometry": { "type": "LineString", "coordinates": [ [ 76.7376951, 31.8718967 ], [ 76.7376897, 31.8716644 ] ] } },
{ "type": "Feature", "properties": { "osm_id": 485412214, "osm_type": "way", "name": null, "tags": { "bridge": "yes", "highway": "tertiary", "layer": "1", "source": "bing", "source:bridge": "bing", "source:geometry": "bing" } }, "geometry": { "type": "LineString", "coordinates": [ [ 76.7304155, 31.8770126 ], [ 76.7303995, 31.8769101 ] ] } },
{ "type": "Feature", "properties": { "osm_id": 485412224, "osm_type": "way", "name": null, "tags": { "bridge": "yes", "highway": "tertiary", "layer": "1", "source": "bing", "source:bridge": "bing", "source:geometry": "bing" } }, "geometry": { "type": "LineString", "coordinates": [ [ 76.7346695, 31.883711 ], [ 76.7347956, 31.883563 ] ] } },
{ "type": "Feature", "properties": { "osm_id": 485412226, "osm_type": "way", "name": null, "tags": { "bridge": "yes", "highway": "tertiary", "layer": "1", "source": "bing", "source:bridge": "bing", "source:geometry": "bing" } }, "geometry": { "type": "LineString", "coordinates": [ [ 76.7348868, 31.8875463 ], [ 76.7349699, 31.8874233 ] ] } },
{ "type": "Feature", "properties": { "osm_id": 485412228, "osm_type": "way", "name": null, "tags": { "bridge": "yes", "highway": "tertiary", "layer": "1", "source": "bing", "source:bridge": "bing", "source:geometry": "bing" } }, "geometry": { "type": "LineString", "coordinates": [ [ 76.7365471, 31.8961363 ], [ 76.7363969, 31.8961454 ] ] } },
{ "type": "Feature", "properties": { "osm_id": 485412230, "osm_type": "way", "name": null, "tags": { "bridge": "yes", "highway": "tertiary", "layer": "1", "source": "bing", "source:bridge": "bing", "source:geometry": "bing" } }, "geometry": { "type": "LineString", "coordinates": [ [ 76.7374671, 31.896881 ], [ 76.7377594, 31.8967375 ] ] } },
{ "type": "Feature", "properties": { "osm_id": 485412234, "osm_type": "way", "name": null, "tags": { "bridge": "yes", "highway": "tertiary", "layer": "1", "source": "bing", "source:bridge": "bing", "source:geometry": "bing" } }, "geometry": { "type": "LineString", "coordinates": [ [ 76.7240721, 31.909136 ], [ 76.7239461, 31.9089129 ] ] } },
{ "type": "Feature", "properties": { "osm_id": 485412232, "osm_type": "way", "name": null, "tags": { "bridge": "yes", "highway": "tertiary", "layer": "1", "source": "bing", "source:bridge": "bing", "source:geometry": "bing" } }, "geometry": { "type": "LineString", "coordinates": [ [ 76.7251155, 31.9101515 ], [ 76.7250833, 31.9100399 ] ] } },
{ "type": "Feature", "properties": { "osm_id": 475159027, "osm_type": "way", "name": null, "tags": { "bridge": "yes", "highway": "tertiary", "layer": "1" } }, "geometry": { "type": "LineString", "coordinates": [ [ 76.644035685598624, 31.87360649950611 ], [ 76.6437297, 31.8719196 ] ] } },
{ "type": "Feature", "properties": { "osm_id": 485413868, "osm_type": "way", "name": null, "tags": { "bridge": "yes", "highway": "tertiary", "layer": "1", "source": "bing", "source:bridge": "bing", "source:geometry": "bing" } }, "geometry": { "type": "LineString", "coordinates": [ [ 76.6844881, 31.9789578 ], [ 76.6845525, 31.9792194 ] ] } },
{ "type": "Feature", "properties": { "osm_id": 485398851, "osm_type": "way", "name": null, "tags": { "bridge": "yes", "highway": "tertiary", "layer": "1", "source": "bing", "source:bridge": "bing", "source:geometry": "bing" } }, "geometry": { "type": "LineString", "coordinates": [ [ 76.7164771, 31.921341 ], [ 76.716638, 31.9212932 ] ] } },
{ "type": "Feature", "properties": { "osm_id": 485398473, "osm_type": "way", "name": null, "tags": { "bridge": "yes", "highway": "tertiary", "layer": "1", "source": "bing", "source:bridge": "bing", "source:geometry": "bing" } }, "geometry": { "type": "LineString", "coordinates": [ [ 76.7101752, 31.9266203 ], [ 76.7104354, 31.9264109 ] ] } },
{ "type": "Feature", "properties": { "osm_id": 485398475, "osm_type": "way", "name": null, "tags": { "bridge": "yes", "highway": "secondary", "layer": "1", "ref": "MDR 43", "source": "bing", "source:bridge": "bing", "source:geometry": "bing" } }, "geometry": { "type": "LineString", "coordinates": [ [ 76.7091453, 31.9315237 ], [ 76.7093893, 31.931296 ] ] } },
{ "type": "Feature", "properties": { "osm_id": 485398477, "osm_type": "way", "name": null, "tags": { "bridge": "yes", "highway": "secondary", "layer": "1", "ref": "MDR 43", "source": "bing", "source:bridge": "bing", "source:geometry": "bing" } }, "geometry": { "type": "LineString", "coordinates": [ [ 76.7057952, 31.9397352 ], [ 76.7060138, 31.9397306 ] ] } },
{ "type": "Feature", "properties": { "osm_id": 485398479, "osm_type": "way", "name": null, "tags": { "bridge": "yes", "highway": "secondary", "layer": "1", "ref": "MDR 43", "source": "bing", "source:bridge": "bing", "source:geometry": "bing" } }, "geometry": { "type": "LineString", "coordinates": [ [ 76.6997052, 31.9398126 ], [ 76.6999144, 31.9398877 ] ] } },
{ "type": "Feature", "properties": { "osm_id": 485397785, "osm_type": "way", "name": null, "tags": { "bridge": "yes", "highway": "secondary", "layer": "1", "ref": "MDR 43", "source": "bing", "source:bridge": "bing", "source:geometry": "bing" } }, "geometry": { "type": "LineString", "coordinates": [ [ 76.694542, 31.9493069 ], [ 76.6943167, 31.9492933 ] ] } },
{ "type": "Feature", "properties": { "osm_id": 485413872, "osm_type": "way", "name": null, "tags": { "bridge": "yes", "highway": "tertiary", "layer": "1", "source": "bing", "source:bridge": "bing", "source:geometry": "bing" } }, "geometry": { "type": "LineString", "coordinates": [ [ 76.6974083, 31.9667075 ], [ 76.6968477, 31.9666528 ] ] } },
{ "type": "Feature", "properties": { "osm_id": 485397783, "osm_type": "way", "name": null, "tags": { "bridge": "yes", "highway": "tertiary", "layer": "1", "source": "bing", "source:bridge": "bing", "source:geometry": "bing" } }, "geometry": { "type": "LineString", "coordinates": [ [ 76.6976735, 31.9678423 ], [ 76.6977218, 31.9677126 ] ] } },
{ "type": "Feature", "properties": { "osm_id": 485413875, "osm_type": "way", "name": null, "tags": { "bridge": "yes", "highway": "unclassified", "layer": "1", "source": "bing", "source:bridge": "bing", "source:geometry": "bing" } }, "geometry": { "type": "LineString", "coordinates": [ [ 76.6957681, 31.9694676 ], [ 76.6960846, 31.969554 ] ] } },
{ "type": "Feature", "properties": { "osm_id": 485420847, "osm_type": "way", "name": null, "tags": { "bridge": "yes", "date:start": "1929", "gauge": "762", "layer": "1", "railway": "narrow_gauge", "source:bridge": "bing", "source:geometry": "bing", "usage": "branch" } }, "geometry": { "type": "LineString", "coordinates": [ [ 76.7175118, 32.0167264 ], [ 76.7175514, 32.01669 ] ] } },
{ "type": "Feature", "properties": { "osm_id": 1358137469, "osm_type": "way", "name": null, "tags": { "bridge": "yes", "highway": "path", "layer": "1" } }, "geometry": { "type": "LineString", "coordinates": [ [ 77.0053376, 31.841575 ], [ 77.0052814, 31.841643 ] ] } },
{ "type": "Feature", "properties": { "osm_id": 1098957899, "osm_type": "way", "name": null, "tags": { "bridge": "yes", "highway": "unclassified", "layer": "1" } }, "geometry": { "type": "LineString", "coordinates": [ [ 77.0206967, 31.857938 ], [ 77.0208764, 31.8577671 ] ] } },
{ "type": "Feature", "properties": { "osm_id": 1018438699, "osm_type": "way", "name": null, "tags": { "bridge": "yes", "highway": "unclassified", "layer": "1" } }, "geometry": { "type": "LineString", "coordinates": [ [ 77.020234, 31.8595269 ], [ 77.0203571, 31.8595715 ] ] } },
{ "type": "Feature", "properties": { "osm_id": 1358135017, "osm_type": "way", "name": null, "tags": { "bridge": "yes", "highway": "path", "layer": "1" } }, "geometry": { "type": "LineString", "coordinates": [ [ 77.0229296, 31.8702105 ], [ 77.0228486, 31.8701677 ] ] } },
{ "type": "Feature", "properties": { "osm_id": 1095766197, "osm_type": "way", "name": null, "tags": { "bridge": "yes", "highway": "unclassified", "layer": "1" } }, "geometry": { "type": "LineString", "coordinates": [ [ 76.9454473, 31.8880822 ], [ 76.9461447, 31.8884784 ] ] } },
{ "type": "Feature", "properties": { "osm_id": 1095948961, "osm_type": "way", "name": null, "tags": { "bridge": "yes", "highway": "unclassified", "layer": "1" } }, "geometry": { "type": "LineString", "coordinates": [ [ 76.9447204, 31.8961689 ], [ 76.9444281, 31.8961689 ] ] } },
{ "type": "Feature", "properties": { "osm_id": 1339706061, "osm_type": "way", "name": null, "tags": { "bridge": "yes", "highway": "unclassified", "layer": "1" } }, "geometry": { "type": "LineString", "coordinates": [ [ 76.9569755, 31.9048424 ], [ 76.9570452, 31.9048834 ] ] } },
{ "type": "Feature", "properties": { "osm_id": 1095948958, "osm_type": "way", "name": null, "tags": { "bridge": "yes", "highway": "path", "layer": "1" } }, "geometry": { "type": "LineString", "coordinates": [ [ 76.9821775, 31.9051384 ], [ 76.9822928, 31.9049085 ] ] } },
{ "type": "Feature", "properties": { "osm_id": 699270328, "osm_type": "way", "name": "Ahju - Basahi - Jogindernagar Link Road", "tags": { "bridge": "yes", "highway": "tertiary", "layer": "1", "maxspeed": "30", "name": "Ahju - Basahi - Jogindernagar Link Road", "surface": "asphalt", "width": "4" } }, "geometry": { "type": "LineString", "coordinates": [ [ 76.7556918, 31.9079448 ], [ 76.7557628, 31.9079095 ] ] } },
{ "type": "Feature", "properties": { "osm_id": 485693363, "osm_type": "way", "name": null, "tags": { "bridge": "yes", "highway": "primary", "lanes": "2", "layer": "1", "ref": "SH19", "source:bridge": "bing", "source:geometry": "bing", "source:lanes": "bing" } }, "geometry": { "type": "LineString", "coordinates": [ [ 76.7899469, 31.9145331 ], [ 76.7900354, 31.9144398 ] ] } },
{ "type": "Feature", "properties": { "osm_id": 485693366, "osm_type": "way", "name": null, "tags": { "bridge": "yes", "highway": "primary", "layer": "1", "ref": "SH19", "source:bridge": "bing", "source:geometry": "bing" } }, "geometry": { "type": "LineString", "coordinates": [ [ 76.7914731, 31.9193187 ], [ 76.7914811, 31.9192185 ] ] } },
{ "type": "Feature", "properties": { "osm_id": 485693368, "osm_type": "way", "name": null, "tags": { "bridge": "yes", "highway": "primary", "layer": "1", "ref": "SH19", "source:bridge": "bing", "source:geometry": "bing" } }, "geometry": { "type": "LineString", "coordinates": [ [ 76.7904592, 31.922292 ], [ 76.7905129, 31.9221485 ] ] } },
{ "type": "Feature", "properties": { "osm_id": 485693383, "osm_type": "way", "name": null, "tags": { "bridge": "yes", "highway": "unclassified", "lanes": "1", "layer": "1", "source": "bing", "source:bridge": "bing", "source:lanes": "bing" } }, "geometry": { "type": "LineString", "coordinates": [ [ 76.799617, 31.9268382 ], [ 76.7998905, 31.9269497 ] ] } },
{ "type": "Feature", "properties": { "osm_id": 1469383612, "osm_type": "way", "name": "Nohali Kotli road", "tags": { "bridge": "yes", "highway": "secondary", "lanes": "1", "layer": "1", "maxspeed": "40", "name": "Nohali Kotli road", "ref": "MDR 57" } }, "geometry": { "type": "LineString", "coordinates": [ [ 76.8006036, 31.9268821 ], [ 76.8006452, 31.9270158 ] ] } },
{ "type": "Feature", "properties": { "osm_id": 485422781, "osm_type": "way", "name": null, "tags": { "bridge": "yes", "highway": "primary", "layer": "1", "ref": "SH19", "source:bridge": "bing" } }, "geometry": { "type": "LineString", "coordinates": [ [ 76.7959286, 31.9389913 ], [ 76.7953975, 31.9381901 ] ] } },
{ "type": "Feature", "properties": { "osm_id": 485693376, "osm_type": "way", "name": null, "tags": { "bridge": "yes", "highway": "unclassified", "layer": "1", "source": "bing", "source:bridge": "bing" } }, "geometry": { "type": "LineString", "coordinates": [ [ 76.7824589, 31.9394876 ], [ 76.782432, 31.9396492 ] ] } },
{ "type": "Feature", "properties": { "osm_id": 485693374, "osm_type": "way", "name": null, "tags": { "bridge": "yes", "highway": "unclassified", "layer": "1", "source": "bing", "source:bridge": "bing" } }, "geometry": { "type": "LineString", "coordinates": [ [ 76.77944, 31.9485598 ], [ 76.7793864, 31.9486463 ] ] } },
{ "type": "Feature", "properties": { "osm_id": 485691403, "osm_type": "way", "name": null, "tags": { "bridge": "yes", "highway": "unclassified", "layer": "1", "source": "bing", "source:bridge": "bing" } }, "geometry": { "type": "LineString", "coordinates": [ [ 76.7992824, 31.9555941 ], [ 76.7994862, 31.9554803 ] ] } },
{ "type": "Feature", "properties": { "osm_id": 1469383614, "osm_type": "way", "name": "Nohali Kotli road", "tags": { "bridge": "yes", "highway": "secondary", "lanes": "1", "layer": "1", "maxspeed": "40", "name": "Nohali Kotli road", "ref": "MDR 57" } }, "geometry": { "type": "LineString", "coordinates": [ [ 76.8011922, 31.9268936 ], [ 76.8007201, 31.9268216 ] ] } },
{ "type": "Feature", "properties": { "osm_id": 485691380, "osm_type": "way", "name": null, "tags": { "bridge": "yes", "highway": "unclassified", "layer": "1", "source": "bing", "source:bridge": "bing" } }, "geometry": { "type": "LineString", "coordinates": [ [ 76.8170017, 31.9326666 ], [ 76.8169132, 31.9325846 ] ] } },
{ "type": "Feature", "properties": { "osm_id": 485691390, "osm_type": "way", "name": null, "tags": { "bridge": "yes", "highway": "unclassified", "layer": "1", "source": "bing", "source:bridge": "bing" } }, "geometry": { "type": "LineString", "coordinates": [ [ 76.8025915, 31.9365908 ], [ 76.8026988, 31.9363427 ] ] } },
{ "type": "Feature", "properties": { "osm_id": 485691384, "osm_type": "way", "name": null, "tags": { "bridge": "yes", "highway": "unclassified", "layer": "1", "source": "bing", "source:bridge": "bing" } }, "geometry": { "type": "LineString", "coordinates": [ [ 76.8195994, 31.9373465 ], [ 76.819822, 31.9370483 ] ] } },
{ "type": "Feature", "properties": { "osm_id": 485691394, "osm_type": "way", "name": null, "tags": { "bridge": "yes", "highway": "unclassified", "layer": "1", "source": "bing", "source:bridge": "bing" } }, "geometry": { "type": "LineString", "coordinates": [ [ 76.8060596, 31.9483695 ], [ 76.8061401, 31.9482739 ] ] } },
{ "type": "Feature", "properties": { "osm_id": 485691396, "osm_type": "way", "name": null, "tags": { "bridge": "yes", "highway": "unclassified", "layer": "1", "source": "bing", "source:bridge": "bing" } }, "geometry": { "type": "LineString", "coordinates": [ [ 76.8055232, 31.9487655 ], [ 76.8057163, 31.9485948 ] ] } },
{ "type": "Feature", "properties": { "osm_id": 1331713402, "osm_type": "way", "name": null, "tags": { "bridge": "yes", "highway": "track", "layer": "1" } }, "geometry": { "type": "LineString", "coordinates": [ [ 76.8092823, 31.9537963 ], [ 76.8093359, 31.9535505 ] ] } },
{ "type": "Feature", "properties": { "osm_id": 1331713403, "osm_type": "way", "name": null, "tags": { "bridge": "yes", "highway": "track", "layer": "1" } }, "geometry": { "type": "LineString", "coordinates": [ [ 76.8032527, 31.9581111 ], [ 76.8034726, 31.9578744 ] ] } },
{ "type": "Feature", "properties": { "osm_id": 485691405, "osm_type": "way", "name": null, "tags": { "bridge": "yes", "highway": "unclassified", "layer": "1", "source": "bing", "source:bridge": "bing" } }, "geometry": { "type": "LineString", "coordinates": [ [ 76.8007978, 31.9587938 ], [ 76.8007334, 31.9587391 ] ] } },
{ "type": "Feature", "properties": { "osm_id": 1331713406, "osm_type": "way", "name": null, "tags": { "bridge": "yes", "highway": "unclassified", "layer": "1" } }, "geometry": { "type": "LineString", "coordinates": [ [ 76.8024105, 31.9651745 ], [ 76.8024051, 31.9648741 ] ] } },
{ "type": "Feature", "properties": { "osm_id": 1036761448, "osm_type": "way", "name": null, "tags": { "bridge": "yes", "highway": "unclassified", "layer": "1" } }, "geometry": { "type": "LineString", "coordinates": [ [ 76.7977792, 31.9560035 ], [ 76.7981171, 31.9560208 ] ] } },
{ "type": "Feature", "properties": { "osm_id": 485510359, "osm_type": "way", "name": null, "tags": { "bridge": "yes", "highway": "unclassified", "layer": "1", "source": "bing", "source:bridge": "bing" } }, "geometry": { "type": "LineString", "coordinates": [ [ 76.7987987, 31.9628545 ], [ 76.799032, 31.9630593 ] ] } },
{ "type": "Feature", "properties": { "osm_id": 665675040, "osm_type": "way", "name": null, "tags": { "bridge": "yes", "highway": "unclassified", "layer": "1" } }, "geometry": { "type": "LineString", "coordinates": [ [ 76.7668954, 31.9634201 ], [ 76.7669114, 31.9633291 ] ] } },
{ "type": "Feature", "properties": { "osm_id": 665675037, "osm_type": "way", "name": null, "tags": { "bridge": "yes", "highway": "unclassified", "layer": "1" } }, "geometry": { "type": "LineString", "coordinates": [ [ 76.7719567, 31.963238 ], [ 76.7728177, 31.9635156 ] ] } },
{ "type": "Feature", "properties": { "osm_id": 665675029, "osm_type": "way", "name": null, "tags": { "bridge": "yes", "highway": "unclassified", "layer": "1" } }, "geometry": { "type": "LineString", "coordinates": [ [ 76.7639154, 31.9759211 ], [ 76.7633441, 31.975623 ] ] } },
{ "type": "Feature", "properties": { "osm_id": 485510362, "osm_type": "way", "name": null, "tags": { "bridge": "yes", "highway": "track", "layer": "1", "source": "bing", "source:bridge": "bing" } }, "geometry": { "type": "LineString", "coordinates": [ [ 76.7943114, 31.9766616 ], [ 76.7946976, 31.9766411 ] ] } },
{ "type": "Feature", "properties": { "osm_id": 485510366, "osm_type": "way", "name": null, "tags": { "bridge": "yes", "highway": "unclassified", "layer": "1", "source": "bing", "source:bridge": "bing" } }, "geometry": { "type": "LineString", "coordinates": [ [ 76.7943543, 31.9767572 ], [ 76.7947834, 31.9767617 ] ] } },
{ "type": "Feature", "properties": { "osm_id": 701402472, "osm_type": "way", "name": "Chauntra - Dhelu Link Road", "tags": { "bridge": "yes", "highway": "tertiary", "layer": "1", "name": "Chauntra - Dhelu Link Road" } }, "geometry": { "type": "LineString", "coordinates": [ [ 76.7553243, 31.9925595 ], [ 76.7550896, 31.9923707 ] ] } },
{ "type": "Feature", "properties": { "osm_id": 485420827, "osm_type": "way", "name": null, "tags": { "bridge": "yes", "date:start": "1929", "gauge": "762", "layer": "1", "railway": "narrow_gauge", "source:bridge": "bing", "source:geometry": "bing", "usage": "branch" } }, "geometry": { "type": "LineString", "coordinates": [ [ 76.7871269, 31.9934708 ], [ 76.78732, 31.9933889 ], [ 76.7875052, 31.9932438 ] ] } },
{ "type": "Feature", "properties": { "osm_id": 360128788, "osm_type": "way", "name": null, "tags": { "bridge": "yes", "highway": "trunk", "lanes": "2", "layer": "1", "maxspeed": "50", "ref": "NH154", "ref:old": "NH20" } }, "geometry": { "type": "LineString", "coordinates": [ [ 76.787292, 31.9937792 ], [ 76.7877408, 31.9936102 ] ] } },
{ "type": "Feature", "properties": { "osm_id": 485420829, "osm_type": "way", "name": null, "tags": { "bridge": "yes", "date:start": "1929", "gauge": "762", "layer": "1", "railway": "narrow_gauge", "source:bridge": "bing", "source:geometry": "bing", "usage": "branch" } }, "geometry": { "type": "LineString", "coordinates": [ [ 76.7778629, 31.9941189 ], [ 76.7779112, 31.9940552 ] ] } },
{ "type": "Feature", "properties": { "osm_id": 701245595, "osm_type": "way", "name": null, "tags": { "bridge": "yes", "highway": "unclassified", "layer": "1" } }, "geometry": { "type": "LineString", "coordinates": [ [ 76.7904559, 31.9954133 ], [ 76.7903727, 31.9954974 ] ] } },
{ "type": "Feature", "properties": { "osm_id": 485420831, "osm_type": "way", "name": null, "tags": { "bridge": "yes", "date:start": "1929", "gauge": "762", "layer": "1", "railway": "narrow_gauge", "source:bridge": "bing", "source:geometry": "bing", "usage": "branch" } }, "geometry": { "type": "LineString", "coordinates": [ [ 76.774036, 31.9963562 ], [ 76.7740836, 31.996338 ] ] } },
{ "type": "Feature", "properties": { "osm_id": 351921377, "osm_type": "way", "name": "Chauntra - Dhelu Link Road", "tags": { "bridge": "yes", "highway": "tertiary", "layer": "1", "name": "Chauntra - Dhelu Link Road", "oneway": "no" } }, "geometry": { "type": "LineString", "coordinates": [ [ 76.769218, 31.9965372 ], [ 76.7689203, 31.9965781 ] ] } },
{ "type": "Feature", "properties": { "osm_id": 351921376, "osm_type": "way", "name": "Chauntra - Dhelu Link Road", "tags": { "bridge": "yes", "highway": "tertiary", "name": "Chauntra - Dhelu Link Road" } }, "geometry": { "type": "LineString", "coordinates": [ [ 76.7624816, 31.9980828 ], [ 76.7618003, 31.9980863 ] ] } },
{ "type": "Feature", "properties": { "osm_id": 485420833, "osm_type": "way", "name": null, "tags": { "bridge": "yes", "date:start": "1929", "gauge": "762", "layer": "1", "railway": "narrow_gauge", "source:bridge": "bing", "source:geometry": "bing", "usage": "branch" } }, "geometry": { "type": "LineString", "coordinates": [ [ 76.7732528, 31.9981827 ], [ 76.7733226, 31.9981259 ] ] } },
{ "type": "Feature", "properties": { "osm_id": 485420835, "osm_type": "way", "name": null, "tags": { "bridge": "yes", "date:start": "1929", "gauge": "762", "layer": "1", "railway": "narrow_gauge", "source:bridge": "bing", "source:geometry": "bing", "usage": "branch" } }, "geometry": { "type": "LineString", "coordinates": [ [ 76.7727995, 31.9983056 ], [ 76.7729578, 31.9982897 ] ] } },
{ "type": "Feature", "properties": { "osm_id": 701245609, "osm_type": "way", "name": null, "tags": { "bridge": "yes", "highway": "tertiary", "layer": "1" } }, "geometry": { "type": "LineString", "coordinates": [ [ 76.8002593, 32.0004062 ], [ 76.8003827, 32.0003243 ] ] } },
{ "type": "Feature", "properties": { "osm_id": 485420841, "osm_type": "way", "name": null, "tags": { "bridge": "yes", "date:start": "1929", "gauge": "762", "layer": "1", "railway": "narrow_gauge", "source:bridge": "bing", "source:geometry": "bing", "usage": "branch" } }, "geometry": { "type": "LineString", "coordinates": [ [ 76.763499, 32.0042651 ], [ 76.7638088, 32.0042366 ] ] } },
{ "type": "Feature", "properties": { "osm_id": 485420837, "osm_type": "way", "name": null, "tags": { "bridge": "yes", "date:start": "1929", "gauge": "762", "layer": "1", "railway": "narrow_gauge", "source:bridge": "bing", "source:geometry": "bing", "usage": "branch" } }, "geometry": { "type": "LineString", "coordinates": [ [ 76.7675317, 32.0046472 ], [ 76.7676336, 32.0045949 ] ] } },
{ "type": "Feature", "properties": { "osm_id": 701241087, "osm_type": "way", "name": null, "tags": { "bridge": "yes", "highway": "tertiary", "layer": "1" } }, "geometry": { "type": "LineString", "coordinates": [ [ 76.8119431, 31.964997 ], [ 76.8119511, 31.965377 ] ] } },
{ "type": "Feature", "properties": { "osm_id": 701241089, "osm_type": "way", "name": null, "tags": { "bridge": "yes", "highway": "tertiary", "layer": "1" } }, "geometry": { "type": "LineString", "coordinates": [ [ 76.8061361, 31.9874354 ], [ 76.806356, 31.9878175 ] ] } },
{ "type": "Feature", "properties": { "osm_id": 485420823, "osm_type": "way", "name": null, "tags": { "bridge": "yes", "highway": "trunk", "lanes": "2", "layer": "1", "maxspeed": "50", "ref": "NH154", "ref:old": "NH20", "source:bridge": "bing" } }, "geometry": { "type": "LineString", "coordinates": [ [ 76.8110885, 31.9903142 ], [ 76.8112387, 31.9901686 ] ] } },
{ "type": "Feature", "properties": { "osm_id": 485420825, "osm_type": "way", "name": null, "tags": { "bridge": "yes", "highway": "trunk", "lanes": "2", "layer": "1", "maxspeed": "50", "ref": "NH154", "ref:old": "NH20", "source:bridge": "bing" } }, "geometry": { "type": "LineString", "coordinates": [ [ 76.8107658, 31.9906535 ], [ 76.8109787, 31.9904304 ] ] } },
{ "type": "Feature", "properties": { "osm_id": 1102863052, "osm_type": "way", "name": null, "tags": { "bridge": "yes", "highway": "unclassified", "layer": "1" } }, "geometry": { "type": "LineString", "coordinates": [ [ 76.8199116, 31.9915529 ], [ 76.8199151, 31.9918139 ] ] } },
{ "type": "Feature", "properties": { "osm_id": 627331932, "osm_type": "way", "name": null, "tags": { "bridge": "yes", "highway": "trunk", "lanes": "2", "layer": "1", "maxspeed": "50", "ref": "NH154", "ref:old": "NH20", "surface": "asphalt" } }, "geometry": { "type": "LineString", "coordinates": [ [ 76.8200781, 31.9918795 ], [ 76.8201184, 31.9917016 ], [ 76.8200585, 31.9915109 ] ] } },
{ "type": "Feature", "properties": { "osm_id": 733846149, "osm_type": "way", "name": "Ghatasani Barot Road", "tags": { "bridge": "yes", "highway": "tertiary", "layer": "1", "maxspeed": "25", "name": "Ghatasani Barot Road", "ref": "Ghatasani Barot Road" } }, "geometry": { "type": "LineString", "coordinates": [ [ 76.85162, 32.0216751 ], [ 76.8511844, 32.0218351 ] ] } },
{ "type": "Feature", "properties": { "osm_id": 674925311, "osm_type": "way", "name": null, "tags": { "bridge": "yes", "highway": "unclassified", "layer": "1", "oneway": "no" } }, "geometry": { "type": "LineString", "coordinates": [ [ 76.8450897, 32.0363643 ], [ 76.8451473, 32.0364734 ] ] } },
{ "type": "Feature", "properties": { "osm_id": 493723404, "osm_type": "way", "name": null, "tags": { "bridge": "yes", "highway": "unclassified", "layer": "1", "oneway": "no", "waterway": "dam" } }, "geometry": { "type": "LineString", "coordinates": [ [ 76.8449986, 32.0368341 ], [ 76.8451703, 32.0375526 ] ] } },
{ "type": "Feature", "properties": { "osm_id": 493723395, "osm_type": "way", "name": "Barot Bada-Gran Road", "tags": { "bridge": "yes", "highway": "tertiary", "layer": "1", "maxspeed": "30", "name": "Barot Bada-Gran Road" } }, "geometry": { "type": "LineString", "coordinates": [ [ 76.841942, 32.0402959 ], [ 76.8424518, 32.0398883 ] ] } },
{ "type": "Feature", "properties": { "osm_id": 485420839, "osm_type": "way", "name": null, "tags": { "bridge": "yes", "date:start": "1929", "gauge": "762", "layer": "1", "railway": "narrow_gauge", "source:bridge": "bing", "source:geometry": "bing", "usage": "branch" } }, "geometry": { "type": "LineString", "coordinates": [ [ 76.7669107, 32.0048507 ], [ 76.7670569, 32.004861 ], [ 76.7671962, 32.0048413 ] ] } },
{ "type": "Feature", "properties": { "osm_id": 701245607, "osm_type": "way", "name": null, "tags": { "bridge": "yes", "highway": "tertiary", "layer": "1" } }, "geometry": { "type": "LineString", "coordinates": [ [ 76.7996773, 32.0063269 ], [ 76.7999804, 32.0063246 ] ] } },
{ "type": "Feature", "properties": { "osm_id": 683102669, "osm_type": "way", "name": null, "tags": { "bridge": "yes", "highway": "trunk", "lanes": "2", "layer": "1", "maxspeed": "50", "ref": "NH154", "ref:old": "NH20" } }, "geometry": { "type": "LineString", "coordinates": [ [ 76.7623851, 32.0127541 ], [ 76.7625808, 32.0125838 ] ] } },
{ "type": "Feature", "properties": { "osm_id": 351462350, "osm_type": "way", "name": null, "tags": { "bridge": "yes", "highway": "trunk", "lanes": "2", "layer": "1", "maxspeed": "50", "ref": "NH154", "ref:old": "NH20" } }, "geometry": { "type": "LineString", "coordinates": [ [ 76.7558652, 32.0136511 ], [ 76.756414, 32.0134815 ] ] } },
{ "type": "Feature", "properties": { "osm_id": 701245601, "osm_type": "way", "name": null, "tags": { "bridge": "yes", "highway": "tertiary", "layer": "1" } }, "geometry": { "type": "LineString", "coordinates": [ [ 76.7857754, 32.0174098 ], [ 76.786049, 32.017287 ] ] } },
{ "type": "Feature", "properties": { "osm_id": 701245599, "osm_type": "way", "name": null, "tags": { "bridge": "yes", "highway": "tertiary", "layer": "1" } }, "geometry": { "type": "LineString", "coordinates": [ [ 76.7770824, 32.0206664 ], [ 76.7771441, 32.0207824 ] ] } },
{ "type": "Feature", "properties": { "osm_id": 279192197, "osm_type": "way", "name": null, "tags": { "bridge": "yes", "highway": "unclassified", "surface": "unpaved" } }, "geometry": { "type": "LineString", "coordinates": [ [ 76.8990962, 31.9562472 ], [ 76.8987207, 31.9562972 ] ] } },
{ "type": "Feature", "properties": { "osm_id": 44045707, "osm_type": "way", "name": "Ghatasani-Barot Road", "tags": { "bridge": "yes", "highway": "tertiary", "maxspeed": "25", "name": "Ghatasani-Barot Road", "ref": "Ghatasani-Barot Road" } }, "geometry": { "type": "LineString", "coordinates": [ [ 76.8880089, 31.9678283 ], [ 76.8883687, 31.9681329 ] ] } },
{ "type": "Feature", "properties": { "osm_id": 1094376229, "osm_type": "way", "name": null, "tags": { "bridge": "yes", "highway": "unclassified", "layer": "1" } }, "geometry": { "type": "LineString", "coordinates": [ [ 76.9056755, 31.9829513 ], [ 76.9057734, 31.98304 ] ] } },
{ "type": "Feature", "properties": { "osm_id": 1094376231, "osm_type": "way", "name": null, "tags": { "bridge": "yes", "highway": "unclassified", "layer": "1" } }, "geometry": { "type": "LineString", "coordinates": [ [ 76.9045584, 31.9864275 ], [ 76.9044431, 31.9865072 ] ] } },
{ "type": "Feature", "properties": { "osm_id": 721974615, "osm_type": "way", "name": null, "tags": { "bridge": "yes", "highway": "unclassified", "layer": "1" } }, "geometry": { "type": "LineString", "coordinates": [ [ 76.8436012, 32.0408971 ], [ 76.8437085, 32.0412848 ] ] } },
{ "type": "Feature", "properties": { "osm_id": 1157700430, "osm_type": "way", "name": "Barot Bada-Gran Road", "tags": { "bridge": "yes", "highway": "tertiary", "layer": "1", "maxspeed": "30", "name": "Barot Bada-Gran Road", "oneway": "no" } }, "geometry": { "type": "LineString", "coordinates": [ [ 76.8405264, 32.0438427 ], [ 76.8405844, 32.0438164 ] ] } },
{ "type": "Feature", "properties": { "osm_id": 674925313, "osm_type": "way", "name": null, "tags": { "bridge": "yes", "highway": "unclassified", "layer": "1" } }, "geometry": { "type": "LineString", "coordinates": [ [ 76.8330172, 32.0466765 ], [ 76.8334866, 32.0467151 ] ] } },
{ "type": "Feature", "properties": { "osm_id": 485413877, "osm_type": "way", "name": null, "tags": { "bridge": "yes", "highway": "unclassified", "layer": "1", "source": "bing", "source:bridge": "bing", "source:geometry": "bing" } }, "geometry": { "type": "LineString", "coordinates": [ [ 76.6930698, 31.9860674 ], [ 76.693279, 31.9858672 ] ] } },
{ "type": "Feature", "properties": { "osm_id": 1095207069, "osm_type": "way", "name": null, "tags": { "bridge": "yes", "highway": "unclassified", "layer": "1", "source": "bing", "source:geometry": "bing" } }, "geometry": { "type": "LineString", "coordinates": [ [ 76.6885561, 31.9900322 ], [ 76.6889906, 31.9898399 ] ] } },
{ "type": "Feature", "properties": { "osm_id": 695945568, "osm_type": "way", "name": null, "tags": { "bridge": "yes", "highway": "tertiary", "layer": "1" } }, "geometry": { "type": "LineString", "coordinates": [ [ 76.6808394, 32.0133116 ], [ 76.6808984, 32.0132593 ] ] } },
{ "type": "Feature", "properties": { "osm_id": 695945564, "osm_type": "way", "name": null, "tags": { "bridge": "yes", "highway": "tertiary", "layer": "1" } }, "geometry": { "type": "LineString", "coordinates": [ [ 76.6751987, 32.0188846 ], [ 76.6751611, 32.0189972 ] ] } },
{ "type": "Feature", "properties": { "osm_id": 695944873, "osm_type": "way", "name": null, "tags": { "bridge": "yes", "highway": "tertiary", "layer": "1" } }, "geometry": { "type": "LineString", "coordinates": [ [ 76.6645986, 32.0228359 ], [ 76.6645262, 32.0228996 ] ] } },
{ "type": "Feature", "properties": { "osm_id": 756210110, "osm_type": "way", "name": null, "tags": { "bridge": "yes", "highway": "residential", "layer": "1" } }, "geometry": { "type": "LineString", "coordinates": [ [ 76.6931051, 32.026936 ], [ 76.6930407, 32.0271042 ] ] } },
{ "type": "Feature", "properties": { "osm_id": 485380618, "osm_type": "way", "name": null, "tags": { "bridge": "yes", "date:start": "1929", "gauge": "762", "layer": "1", "railway": "narrow_gauge", "source:bridge": "bing", "usage": "branch" } }, "geometry": { "type": "LineString", "coordinates": [ [ 76.6891163, 32.0287243 ], [ 76.6892289, 32.0286948 ] ] } },
{ "type": "Feature", "properties": { "osm_id": 701402476, "osm_type": "way", "name": null, "tags": { "bridge": "yes", "highway": "unclassified", "layer": "1" } }, "geometry": { "type": "LineString", "coordinates": [ [ 76.733306, 31.9957181 ], [ 76.733239, 31.9953678 ] ] } },
{ "type": "Feature", "properties": { "osm_id": 485513671, "osm_type": "way", "name": null, "tags": { "bridge": "yes", "date:start": "1929", "gauge": "762", "layer": "1", "railway": "narrow_gauge", "source:bridge": "bing", "source:geometry": "bing", "usage": "branch" } }, "geometry": { "type": "LineString", "coordinates": [ [ 76.7487582, 32.0036975 ], [ 76.7488407, 32.003635 ] ] } },
{ "type": "Feature", "properties": { "osm_id": 485420843, "osm_type": "way", "name": null, "tags": { "bridge": "yes", "date:start": "1929", "gauge": "762", "layer": "1", "railway": "narrow_gauge", "source:bridge": "bing", "source:geometry": "bing", "usage": "branch" } }, "geometry": { "type": "LineString", "coordinates": [ [ 76.7464844, 32.0052613 ], [ 76.7470986, 32.0053318 ] ] } },
{ "type": "Feature", "properties": { "osm_id": 485420845, "osm_type": "way", "name": null, "tags": { "bridge": "yes", "date:start": "1929", "gauge": "762", "layer": "1", "railway": "narrow_gauge", "source:bridge": "bing", "source:geometry": "bing", "usage": "branch" } }, "geometry": { "type": "LineString", "coordinates": [ [ 76.7247995, 32.0117365 ], [ 76.7249688, 32.0117795 ] ] } },
{ "type": "Feature", "properties": { "osm_id": 701409248, "osm_type": "way", "name": null, "tags": { "bridge": "yes", "highway": "residential", "layer": "1" } }, "geometry": { "type": "LineString", "coordinates": [ [ 76.725246, 32.014517 ], [ 76.7250207, 32.0146352 ] ] } },
{ "type": "Feature", "properties": { "osm_id": 683102696, "osm_type": "way", "name": null, "tags": { "bridge": "yes", "highway": "trunk", "lanes": "2", "layer": "1", "maxspeed": "50", "ref": "NH154", "ref:old": "NH20" } }, "geometry": { "type": "LineString", "coordinates": [ [ 76.7419965, 32.0175342 ], [ 76.7422712, 32.0173771 ] ] } },
{ "type": "Feature", "properties": { "osm_id": 640912486, "osm_type": "way", "name": null, "tags": { "bridge": "yes", "highway": "trunk", "lanes": "2", "layer": "1", "maxspeed": "50", "ref": "NH154", "ref:old": "NH20" } }, "geometry": { "type": "LineString", "coordinates": [ [ 76.7397602, 32.01858 ], [ 76.7403532, 32.0185859 ] ] } },
{ "type": "Feature", "properties": { "osm_id": 640912488, "osm_type": "way", "name": null, "tags": { "bridge": "yes", "highway": "trunk", "lanes": "2", "layer": "1", "maxspeed": "50", "ref": "NH154", "ref:old": "NH20" } }, "geometry": { "type": "LineString", "coordinates": [ [ 76.7246168, 32.0202042 ], [ 76.7249016, 32.0201905 ] ] } },
{ "type": "Feature", "properties": { "osm_id": 701409243, "osm_type": "way", "name": null, "tags": { "bridge": "yes", "highway": "tertiary", "layer": "1" } }, "geometry": { "type": "LineString", "coordinates": [ [ 76.7265101, 32.0278987 ], [ 76.7265764, 32.0278387 ] ] } },
{ "type": "Feature", "properties": { "osm_id": 485420849, "osm_type": "way", "name": null, "tags": { "bridge": "yes", "date:start": "1929", "gauge": "762", "layer": "1", "railway": "narrow_gauge", "source:bridge": "bing", "source:geometry": "bing", "usage": "branch" } }, "geometry": { "type": "LineString", "coordinates": [ [ 76.7163551, 32.0173939 ], [ 76.7163947, 32.0173757 ] ] } },
{ "type": "Feature", "properties": { "osm_id": 485420851, "osm_type": "way", "name": null, "tags": { "bridge": "yes", "date:start": "1929", "gauge": "762", "layer": "1", "railway": "narrow_gauge", "source:bridge": "bing", "source:geometry": "bing", "usage": "branch" } }, "geometry": { "type": "LineString", "coordinates": [ [ 76.7145876, 32.0181319 ], [ 76.7146264, 32.0181137 ] ] } },
{ "type": "Feature", "properties": { "osm_id": 665489300, "osm_type": "way", "name": null, "tags": { "bridge": "yes", "date:start": "1929", "gauge": "762", "layer": "1", "railway": "narrow_gauge", "source:geometry": "bing", "usage": "branch" } }, "geometry": { "type": "LineString", "coordinates": [ [ 76.7086025, 32.0228926 ], [ 76.7091041, 32.0226619 ] ] } },
{ "type": "Feature", "properties": { "osm_id": 640912490, "osm_type": "way", "name": null, "tags": { "bridge": "yes", "highway": "trunk", "lanes": "2", "layer": "1", "maxspeed": "50", "ref": "NH154", "ref:old": "NH20" } }, "geometry": { "type": "LineString", "coordinates": [ [ 76.7092346, 32.0245923 ], [ 76.7093834, 32.0245096 ] ] } },
{ "type": "Feature", "properties": { "osm_id": 485380614, "osm_type": "way", "name": null, "tags": { "bridge": "yes", "date:start": "1929", "gauge": "762", "layer": "1", "railway": "narrow_gauge", "source:bridge": "bing", "source:geometry": "bing", "usage": "branch" } }, "geometry": { "type": "LineString", "coordinates": [ [ 76.6949211, 32.027347 ], [ 76.6950788, 32.0272667 ] ] } },
{ "type": "Feature", "properties": { "osm_id": 689137339, "osm_type": "way", "name": null, "tags": { "bridge": "yes", "highway": "unclassified", "layer": "1" } }, "geometry": { "type": "LineString", "coordinates": [ [ 76.6984681, 32.0377009 ], [ 76.6985607, 32.0375969 ] ] } },
{ "type": "Feature", "properties": { "osm_id": 683700068, "osm_type": "way", "name": null, "tags": { "bridge": "yes", "highway": "unclassified", "layer": "1" } }, "geometry": { "type": "LineString", "coordinates": [ [ 76.6798657, 32.0344375 ], [ 76.6799247, 32.0341351 ] ] } },
{ "type": "Feature", "properties": { "osm_id": 485380620, "osm_type": "way", "name": null, "tags": { "bridge": "yes", "date:start": "1929", "gauge": "762", "layer": "1", "railway": "narrow_gauge", "source:bridge": "bing", "usage": "branch" } }, "geometry": { "type": "LineString", "coordinates": [ [ 76.6735675, 32.0386404 ], [ 76.6736828, 32.0385358 ] ] } },
{ "type": "Feature", "properties": { "osm_id": 683696339, "osm_type": "way", "name": null, "tags": { "bridge": "yes", "highway": "unclassified" } }, "geometry": { "type": "LineString", "coordinates": [ [ 76.6827223, 32.0408994 ], [ 76.6831836, 32.0404628 ] ] } },
{ "type": "Feature", "properties": { "osm_id": 756210101, "osm_type": "way", "name": null, "tags": { "bridge": "yes", "highway": "unclassified", "layer": "1" } }, "geometry": { "type": "LineString", "coordinates": [ [ 76.6888887, 32.0427683 ], [ 76.6886767, 32.0430092 ] ] } },
{ "type": "Feature", "properties": { "osm_id": 756210096, "osm_type": "way", "name": null, "tags": { "bridge": "yes", "highway": "unclassified", "layer": "1" } }, "geometry": { "type": "LineString", "coordinates": [ [ 76.6882288, 32.0432775 ], [ 76.6881443, 32.0432185 ] ] } },
{ "type": "Feature", "properties": { "osm_id": 1197473161, "osm_type": "way", "name": null, "tags": { "bridge": "yes", "foot": "yes", "highway": "path" } }, "geometry": { "type": "LineString", "coordinates": [ [ 76.6908235, 32.0466164 ], [ 76.6909976, 32.0466189 ] ] } },
{ "type": "Feature", "properties": { "osm_id": 696004522, "osm_type": "way", "name": null, "tags": { "bridge": "yes", "highway": "unclassified", "layer": "1" } }, "geometry": { "type": "LineString", "coordinates": [ [ 76.6965866, 32.0465674 ], [ 76.6967261, 32.0463991 ] ] } }
]
}
