File,aid,Date,2061,2062,2065,2066,2069,2070,2111,2116,2118,2120,2122,2124,2126,2175,2185,2186,2189,2190,2193,2194,2239,2257,2258,2261,2262,2265,2266,2303,2321,2322,2325,2326,2329,2330,2367,2376,2378,2380,2382,2384,2431,2445,2446,2449,2450,2453,2454,2495,2517,2518,2521,2522,2525,2526,2559,3098,3102,3106,3135,3154,3158,3162,3222,3226,3230,3263,3294,3298,3302,3327,3358,3362,3366,3414,3418,3422,3482,3486,3490,3519,3554,3558,3562,3583,4110,4114,4159,4164,4166,4168,4172,4174,4223,4369,4373,4374,5146,5150,5202,5206,5210,5406,5410,6158,6212,6216,6271,6417,18449,18450,18453,18454,18457,18458,18495,18573,18577,18645,18649,18653,18687,18709,18713,18717,18751,18833,18837,18905,18909,19486,19490,19519,19746,19750,19754,34837,34838,34841,34842,34892,34894,34896,34943,34961,34962,34965,34966,35033,35034,35037,35038,35071,35097,35098,35101,35102,35135,35152,35154,35156,35199,35221,35222,35225,35226,35263,35293,35294,35297,35298,35327,35874,35878,35930,35934,35998,36002,36070,36074,36095,36134,36138,36190,36194,36258,36262,36330,36334,36351,36889,36940,36944,37145,37149,37982,51225,51229,51421,51425,51485,51486,51489,51609,51681,51685,52262,52522,52526,52718,63999
_250m_16_days_VI_Quality_2004353_aid0001,aid0001,2004-12-18 00:00:00+00:00,24.0,3.0,,22.0,,,,85197.0,,110.0,,324.0,,,579.0,4.0,15.0,,41.0,,,,15.0,8.0,,,,,,19.0,,,,8.0,,4.0,,,,10.0,,9.0,,,,4.0,,,,11.0,4.0,,4.0,,,,,6.0,,21.0,,4.0,142.0,,,,4.0,,,,,,,,,,,,,,,1.0,,,,,,651.0,,23.0,,,,,,,,,,,,,,,,,,,184.0,,30.0,,,,5.0,,,,,,,4.0,,32.0,,,,,,,,,,,,,,,,,,,,,,,,,,,,,,1.0,,,,,,,,,,,,,,5.0,,,,,,,,,,,,,,,,,,,,,,,,,,,,,,,,,,,,,,,,,,
_250m_16_days_VI_Quality_2005001_aid0001,aid0001,2005-01-01 00:00:00+00:00,,44.0,95.0,29.0,,,,84841.0,1.0,517.0,,,,1.0,321.0,,310.0,,,,1.0,18.0,,52.0,4.0,,,,5.0,,30.0,2.0,,,,155.0,5.0,,,,,148.0,10.0,20.0,,,,,,,,,,,,46.0,4.0,,,38.0,,,18.0,8.0,,,26.0,,,,,,,15.0,,,18.0,,,,,,,,,,,511.0,,,,,,,,,,,,,,,,,4.0,,,,56.0,2.0,9.0,,,,1.0,,,,,,,80.0,47.0,,,,,5.0,,,,,8.0,,,,,,,4.0,,,,,,,,,,,,,,,,,,6.0,,,,13.0,1.0,,,,,,,2.0,,,,,,,,,,,,,,,,,,,,,,,,,,,,,,,,,,,,,,,,
_250m_16_days_VI_Quality_2005017_aid0001,aid0001,2005-01-17 00:00:00+00:00,397.0,285.0,252.0,230.0,,,1.0,63123.0,,2896.0,16.0,,,1.0,2283.0,,1853.0,28.0,,,,196.0,,93.0,13.0,,,,28.0,12.0,6.0,14.0,,,,729.0,,49.0,5.0,,2.0,438.0,,101.0,13.0,,,2.0,14.0,,2.0,,,,,78.0,23.0,,,,87.0,,17.0,96.0,,,14.0,6.0,,,6.0,,,,33.0,,3.0,13.0,,,,,,,,,,802.0,,9.0,,,,,,,,4.0,,,,,,,,,,,11581.0,11.0,1372.0,4.0,,,12.0,,,121.0,,,,105.0,8.0,,,,,13.0,,,1.0,,9.0,,,,,,,,,8.0,,,,,,,,,,,,,,,,,,,,,,,,,,,,,,,,,,,4.0,,,,,,,,,,,,,,,,,,,,,,,,,,,,,,,,,
_250m_16_days_VI_Quality_2005033_aid0001,aid0001,2005-02-02 00:00:00+00:00,146.0,425.0,963.0,497.0,,,,65310.0,,438.0,,,,,2052.0,,4667.0,,,,,91.0,,1401.0,,,,,50.0,88.0,391.0,31.0,,,,825.0,,35.0,,,,570.0,,722.0,,,,,34.0,,385.0,6.0,,,,37.0,201.0,,,,,,,9.0,,,,27.0,,,43.0,54.0,,,,,,5.0,,,,15.0,,,,,,780.0,,,,,3.0,,,,,,,,,,,,,,,,4519.0,38.0,1619.0,30.0,,,1.0,,,42.0,5.0,,,393.0,366.0,,4.0,27.0,,21.0,35.0,15.0,,,4.0,,,,10.0,,,,,,,14.0,,,,,,,,,,18.0,,,,,,,,,,,,,,,5.0,,,,,,,,,,,,,,,,,,,,,,,,,,,,,14.0,,27.0,,,,23.0,,,,,,
_250m_16_days_VI_Quality_2005049_aid0001,aid0001,2005-02-18 00:00:00+00:00,95.0,599.0,486.0,425.0,,,1.0,63781.0,,1935.0,,,,,9281.0,,1304.0,,,,,148.0,,278.0,5.0,,,,112.0,136.0,225.0,127.0,,,,988.0,,42.0,,,,1600.0,,173.0,,,,1.0,181.0,4.0,48.0,41.0,,,,713.0,81.0,,,,,,54.0,4.0,,,188.0,22.0,,,187.0,15.0,,,,,92.0,,,,70.0,,,1.0,,,,852.0,,13.0,,,,,,,,,,,,,,,,,,,1139.0,27.0,1162.0,9.0,,,,,,5.0,,,,318.0,320.0,,,,,14.0,4.0,58.0,43.0,,10.0,6.0,,,,,,,,,,,,,,,,,,,,,,,,5.0,,,,64.0,,,,,,20.0,,,,,,,,,,,,,,,,,,,,,,,,,,,,,,,,6.0,,,,,,,,,,
_250m_16_days_VI_Quality_2005065_aid0001,aid0001,2005-03-06 00:00:00+00:00,58.0,120.0,221.0,123.0,,,,76849.0,,1411.0,,,,,3876.0,4.0,1831.0,,,,,12.0,,73.0,,,,,21.0,5.0,80.0,,,,,421.0,,43.0,,,,275.0,15.0,249.0,,,,,49.0,,21.0,,,,,34.0,5.0,,,,,,18.0,,,,,,,,17.0,1.0,,,,,,,,,,,,,,,,616.0,,32.0,,,,,,,,,,,,,,,,,,,181.0,,760.0,13.0,,,1.0,,,,,,,45.0,39.0,,,,,,,,,,,,,,,,,,,9.0,,,,,,,,,,,,,,,,,,,,,,,,,,,,,,,,,,,,,,,,,,,,,,,,,,,,,,,,,,,,,,,,,,,,
_250m_16_days_VI_Quality_2005081_aid0001,aid0001,2005-03-22 00:00:00+00:00,32.0,52.0,347.0,27.0,,,,83803.0,,135.0,,,,,815.0,,553.0,,,,,22.0,,214.0,,,,,,,22.0,,,,,172.0,,,,,,71.0,,12.0,,,,,,,4.0,,,,,17.0,27.0,,,,,,,,,,,,,,,5.0,,,,,,,,,,,,,,,,756.0,,,,,,,,,,,,,,,,,11.0,,,,290.0,,140.0,,,,,,,,,,,4.0,,,,,,,,,,,,,,,,,,,,,,,,,,,,,,,,,,,,,,,,,,,,,,,,,,,,,,,,,,,,,,,,,,,,,,,,,,,,,,,,,,,,,,,,
_250m_16_days_VI_Quality_2005097_aid0001,aid0001,2005-04-07 00:00:00+00:00,27.0,17.0,36.0,45.0,,,,70323.0,,,,,,,15392.0,,198.0,,,,,24.0,,21.0,,,,,,,,,,,,278.0,,,,,,50.0,,,,,,,,,,,,,,30.0,4.0,,,,,,,,,,19.0,,,,4.0,,,,,,,,,,,,,,,,,702.0,,,,,,,,,,,,,,,,,,,,,215.0,,,,,,,16.0,,,,,,,,,,,,,,19.0,,,,,,,,,,71.0,,,,,,,,,,,,,,,,,,22.0,,,,,,14.0,,,,,,,,,,,,,,,,,,4.0,,,,,,,,,,,,,,,,,,,,,,,,,,,,
_250m_16_days_VI_Quality_2005113_aid0001,aid0001,2005-04-23 00:00:00+00:00,,549.0,13.0,125.0,,,,70796.0,,,,,,,11021.0,9.0,,,,,,99.0,85.0,16.0,,,,,18.0,20.0,,29.0,,,,878.0,,,,,,1065.0,,27.0,,,,,151.0,65.0,45.0,,,,,44.0,10.0,,,,,,1276.0,,,,128.0,,,,8.0,10.0,,,,,26.0,,,,83.0,,,,,,,719.0,,4.0,,,,,,,,,,,,,,,,,,,,,,,,,,,,,,,,,,,,,,,,,,,,,,,,,,,,,,,,,,,,,,,,,,,,5.0,,,,28.0,4.0,,,,11.0,5.0,64.0,,,,,,,71.0,,,,,,,,,,,19.0,5.0,,,,,,,,,,,,,,,,,,,,,,
_250m_16_days_VI_Quality_2005129_aid0001,aid0001,2005-05-09 00:00:00+00:00,,34.0,,5.0,,,,84139.0,,9.0,,,,,2587.0,,,,,,,,,,,,,,,4.0,,,,,,30.0,,,,,,88.0,,,,,,,,,,,,,,,,,,,,,,,,,,,,,1.0,,,,,,,,,,,,,,,,,616.0,,,,,,,,,,,,,,,,,18.0,,,,,,,,,,,,,,,,,,,,,,,,,,,,,,,,,,,,,,,,,,,,,,,,,,,,,,,,,,,,,,,,,,,,,,,,,,,,,,,,,,,,,,,,,,,,,,,,,,,,,,,,,
_250m_16_days_VI_Quality_2005145_aid0001,aid0001,2005-05-25 00:00:00+00:00,,18.0,,23.0,,,,70339.0,,383.0,,,,,15583.0,,265.0,,,,,,,,,,,,,,,,,,,44.0,,8.0,,,,15.0,,21.0,,,,,,,,,,,,,,,,,,,,,,,,,,,,,,,,,,,,,,,,,,,,832.0,,,,,,,,,,,,,,,,,,,,,,,,,,,,,,,,,,,,,,,,,,,,,,,,,,,,,,,,,,,,,,,,,,,,,,,,,,,,,,,,,,,,,,,,,,,,,,,,,,,,,,,,,,,,,,,,,,,,,,,,,,
_250m_16_days_VI_Quality_2005161_aid0001,aid0001,2005-06-10 00:00:00+00:00,,,,,,,,49900.0,,7749.0,,,,,28984.0,,152.0,,,,,,,,,,,,,,,,,,,,,,,,,42.0,,5.0,,,,,,,,,,,,,5.0,,,,,,9.0,,,,,,,,,,,,,,,,,,,,,,,,,593.0,,92.0,,,,,,,,,,,,,,,,,,,,,,,,,,,,,,,,,,,,,,,,,,,,,,,,,,,,,,,,,,,,,,,,,,,,,,,,,,,,,,,,,,,,,,,,,,,,,,,,,,,,,,,,,,,,,,,,,,,,,,,,
_250m_16_days_VI_Quality_2005177_aid0001,aid0001,2005-06-26 00:00:00+00:00,,21093.0,,2282.0,,,4.0,2974.0,,,,,,,19191.0,33.0,,,,,,3216.0,20.0,2407.0,20.0,,,,,10.0,,1.0,,,,698.0,,,,,,16718.0,61.0,,,,,10.0,10640.0,1006.0,314.0,160.0,,,6.0,1736.0,133.0,,,5.0,,,47.0,,,,22.0,192.0,,,,,,,,,186.0,,,,603.0,227.0,,1.0,10.0,,,820.0,,,,,,67.0,,,,,,,,,,,,,,,,,,,,,,,,,,,,,,,,,,,,,,,,,,,,,,14.0,,,,52.0,10.0,,,49.0,19.0,181.0,,,,,,160.0,,4.0,,,,277.0,258.0,,,,226.0,507.0,301.0,48.0,,,,,,16.0,,29.0,5.0,,,,32.0,,225.0,,86.0,119.0,,,,,,,,,,,,,,,,,,,,,,
_250m_16_days_VI_Quality_2005193_aid0001,aid0001,2005-07-12 00:00:00+00:00,,21739.0,,6767.0,,,12.0,687.0,,,,,,,17847.0,,2177.0,,,,,535.0,,1500.0,,,,,20.0,6.0,74.0,37.0,,,,143.0,,,,,,14049.0,,2713.0,,,,4.0,5371.0,236.0,2931.0,35.0,,,4.0,2599.0,2675.0,,2.0,,,,414.0,12.0,,,201.0,20.0,,,13.0,136.0,,,,,117.0,50.0,,,383.0,586.0,,,,14.0,,420.0,,,,,,,,,,,,,,,,,42.0,,,,,,,,,,,,,,,,,,,,,,,,,,,,,,,,,,,,,,,410.0,,13.0,,,44.0,32.0,,,,16.0,15.0,11.0,,,,,,319.0,50.0,60.0,,,482.0,393.0,33.0,198.0,,,,,,131.0,,41.0,,,,6.0,,,396.0,,271.0,39.0,,,,,,,,,,,,,,,,,,,,,,
_250m_16_days_VI_Quality_2005209_aid0001,aid0001,2005-07-28 00:00:00+00:00,,19412.0,,6085.0,,,10.0,383.0,,59.0,,,,,14011.0,,272.0,,,,,1452.0,,477.0,,,,3.0,14.0,5.0,76.0,292.0,,,,160.0,,,,,,17003.0,,1061.0,,,,8.0,6162.0,202.0,705.0,473.0,,,4.0,7581.0,3959.0,,5.0,,73.0,,,290.0,,,20.0,70.0,,,16.0,216.0,,,,,,413.0,,,612.0,866.0,,2.0,46.0,115.0,,311.0,,,,,,230.0,,,32.0,37.0,,,,,,,,,,,,,,,,,,,,,,,,,,,,,,,,,,,,,,,,,9.0,,,,,276.0,,,,54.0,,4.0,,,,,23.0,85.0,,4.0,,,,1387.0,,222.0,,,833.0,76.0,310.0,308.0,1.0,,,,,,75.0,46.0,28.0,,,24.0,,,3.0,27.0,260.0,253.0,,,,,,,,,,,,,,,,,,,,,,
_250m_16_days_VI_Quality_2005225_aid0001,aid0001,2005-08-13 00:00:00+00:00,,6225.0,,2150.0,,,5.0,30387.0,,54.0,,,,,28532.0,,1153.0,,,,,24.0,,446.0,,,,,,,367.0,20.0,,,,4090.0,,,,,,7902.0,,304.0,,,,2.0,544.0,24.0,460.0,9.0,,,2.0,1166.0,1058.0,,,,,,,,,,,,,,2.0,205.0,,,,,,,,,57.0,95.0,,1.0,,,,796.0,,,,,,,,,,,,,,,,,,,,,,,,,,,,,,,,,,,,,,,,,,,,,,,,,,,,302.0,,,,54.0,,,,,,218.0,,,,3.0,15.0,4.0,,154.0,,,,471.0,,29.0,,,45.0,4.0,52.0,,,,52.0,,,,,,,,,12.0,,,,,19.0,17.0,,,,,,,,,,,,,,,,,,,,,,
_250m_16_days_VI_Quality_2005241_aid0001,aid0001,2005-08-29 00:00:00+00:00,,279.0,59.0,499.0,,,,15418.0,,58033.0,,,,,9451.0,,1667.0,,,,,6.0,,29.0,,,,,,,65.0,,,,,2.0,,460.0,,,,3.0,,225.0,,,,,10.0,1.0,43.0,,,,,9.0,23.0,,,,,,,,,,,,,,,3.0,,,,,,,,,,22.0,,,,,,644.0,,480.0,,,,,,,,,,,,,,,,,,,,,,,,,,,,,,,,,,,,,,,,,,,,,,,,,,,,41.0,,,,,,,,,,,,,,,,,,23.0,,9.0,,,,,5.0,8.0,,,,,,,,,,,,,,,,,,,14.0,,,,,,,,,,,,,,,,,,,,,,,
_250m_16_days_VI_Quality_2005257_aid0001,aid0001,2005-09-14 00:00:00+00:00,,140.0,,1.0,,,,84782.0,,82.0,,,,,89.0,,,,,,,,,,,,,,19.0,,,,,,,1226.0,,,,,,125.0,,,,,,,4.0,,,,,,,24.0,1.0,,,,,,,,,,,,,,,,,,,,,,,,12.0,,,,,,,696.0,,,,,,,,,,,,,,,,,,,,,,,,,,,,,,,,,,,,,,,,,,,,,,,,,,,,190.0,,,2.0,,,,,,,,,,,,,,,77.0,,,,60.0,,,,,,1.0,,,,,,,,,,,,,,,,,,,,,,,,,,,,,,,,,,,,,,,,,,
_250m_16_days_VI_Quality_2005273_aid0001,aid0001,2005-09-30 00:00:00+00:00,,,,,,,,86664.0,,373.0,,,,1.0,5.0,,,,,,,,,,,,,,,,,,,,,,,,,,,,,,,,,,,,,,,,,,,,,,,,,,,,,,,,,,,,,,,,,,,,,,,,,463.0,,,,,,,,,,,,,,,,,25.0,,,,,,,,,,,,,,,,,,,,,,,,,,,,,,,,,,,,,,,,,,,,,,,,,,,,,,,,,,,,,,,,,,,,,,,,,,,,,,,,,,,,,,,,,,,,,,,,,,,,,,,,,
_250m_16_days_VI_Quality_2005289_aid0001,aid0001,2005-10-16 00:00:00+00:00,,,,,,,,86887.0,,25.0,,,,,52.0,,1.0,,,,,,,,,,,,,,,,,,,,,,,,,,,,,,,,,,,,,,,,,,,,,,,,,,,,,,,,,,,,,,,,,,,,,,,566.0,,,,,,,,,,,,,,,,,,,,,,,,,,,,,,,,,,,,,,,,,,,,,,,,,,,,,,,,,,,,,,,,,,,,,,,,,,,,,,,,,,,,,,,,,,,,,,,,,,,,,,,,,,,,,,,,,,,,,,,,,,
_250m_16_days_VI_Quality_2005305_aid0001,aid0001,2005-11-01 00:00:00+00:00,,,,,,,,86990.0,,33.0,,,,,52.0,,,,,,,,,,,,,,,,,,,,,,,,,,,,,,,,,,,,,,,,,,,,,,,,,,,,,,,,,,,,,,,,,,,,,,,,,456.0,,,,,,,,,,,,,,,,,,,,,,,,,,,,,,,,,,,,,,,,,,,,,,,,,,,,,,,,,,,,,,,,,,,,,,,,,,,,,,,,,,,,,,,,,,,,,,,,,,,,,,,,,,,,,,,,,,,,,,,,,,
_250m_16_days_VI_Quality_2005321_aid0001,aid0001,2005-11-17 00:00:00+00:00,,,,,,,,86838.0,,10.0,,,,1.0,66.0,,,,,,,,,,,,,,,,,,,,,,,,,,,,,,,,,,,,,,,,,,,,,16.0,,,4.0,,,,,,,,,,,,,,,,,,,,,,,,,596.0,,,,,,,,,,,,,,,,,,,,,,,,,,,,,,,,,,,,,,,,,,,,,,,,,,,,,,,,,,,,,,,,,,,,,,,,,,,,,,,,,,,,,,,,,,,,,,,,,,,,,,,,,,,,,,,,,,,,,,,,,,
_250m_16_days_VI_Quality_2005337_aid0001,aid0001,2005-12-03 00:00:00+00:00,,,,,,,,85720.0,,45.0,,,,1.0,1075.0,,2.0,,,,,,,,,,,,,,,,,,,,,,,,,,,,,,,,,,,,,,,,,,,41.0,,,,,,,,,,,,,,,,,,,,,,,,,,,,643.0,,,,,,,,,,,,,,,,,4.0,,,,,,,,,,,,,,,,,,,,,,,,,,,,,,,,,,,,,,,,,,,,,,,,,,,,,,,,,,,,,,,,,,,,,,,,,,,,,,,,,,,,,,,,,,,,,,,,,,,,,,,,,
_250m_16_days_VI_Quality_2005353_aid0001,aid0001,2005-12-19 00:00:00+00:00,,,,,,,,69745.0,4.0,15398.0,,,,,806.0,5.0,235.0,,10.0,,,,,,,,,,,,,,,,,,,,,,,,,,,,,,,,,,,,,,,,,31.0,390.0,,14.0,,,,,2.0,,,,,,,,,,,,,,,,,,,,724.0,,142.0,,,,,,,,,6.0,,,,,,19.0,,,,,,,,,,,,,,,,,,,,,,,,,,,,,,,,,,,,,,,,,,,,,,,,,,,,,,,,,,,,,,,,,,,,,,,,,,,,,,,,,,,,,,,,,,,,,,,,,,,,,,,,,
_250m_16_days_VI_Quality_2006001_aid0001,aid0001,2006-01-01 00:00:00+00:00,89.0,174.0,,27.0,,2.0,,82825.0,,908.0,,182.0,,,597.0,,266.0,16.0,48.0,,1.0,,,26.0,3.0,,,,20.0,3.0,10.0,8.0,,,,386.0,5.0,14.0,,29.0,,68.0,4.0,47.0,2.0,6.0,,,3.0,41.0,,,,,,27.0,27.0,15.0,,6.0,4.0,,33.0,19.0,56.0,,,9.0,,,1.0,31.0,,6.0,,,,6.0,19.0,,27.0,,,,,,,758.0,,,,,,,,,,,,,,,,,,,,,521.0,,134.0,,,,,,,1.0,,,,5.0,,,,,,12.0,,,,,,,,,,,,,,,,,,,,,,,,,,,,,,,,,,,,,,,,,,,,,,,,,,,,,,,,,,,,,,,,,,,,,,,,,,,,4.0,,,,,,
_250m_16_days_VI_Quality_2006017_aid0001,aid0001,2006-01-17 00:00:00+00:00,55.0,102.0,265.0,175.0,,,,72646.0,,1386.0,,,,1.0,5548.0,5.0,3048.0,4.0,,,,14.0,,33.0,72.0,,,,30.0,4.0,12.0,8.0,,,,465.0,,68.0,,,,100.0,,128.0,5.0,,,,10.0,,,,,,,58.0,66.0,,,34.0,34.0,,160.0,366.0,,,5.0,17.0,,,6.0,4.0,,34.0,,,42.0,73.0,,,,14.0,,,,,,588.0,,8.0,,,,,,,,,,,,,,,,,,,771.0,10.0,710.0,4.0,,,,38.0,,28.0,60.0,,,128.0,14.0,,,4.0,,6.0,,17.0,,,,,,,,,,10.0,,,,4.0,,,,,,,,,,,,,,14.0,,,,16.0,,,,,,,,,,,,,,4.0,,,,,,,,,,,,,,,,,,,,,,,,,,,,,,,,,,
_250m_16_days_VI_Quality_2006033_aid0001,aid0001,2006-02-02 00:00:00+00:00,15.0,6.0,54.0,17.0,,,,84589.0,10.0,299.0,,,,,720.0,,535.0,,,,,,,,,,,,28.0,,,,,,,70.0,,,,,,92.0,,,,,,,,,,,,,,,9.0,,,20.0,,,18.0,,,,,5.0,,,,,,,,,,,,,1.0,,,,,,,679.0,,,,,,,,,,,,,,,,,13.0,,,,116.0,,228.0,,,,,,,6.0,,,,,,,,,,,,,,,,,,,,,,,,,,,,,,,,,,,,1.0,,,,,,,,,,,,,,,,,,,,,,,,,,,,,,,,,,,,,,,,,,,,,,,,,,,,,,,,
_250m_16_days_VI_Quality_2006049_aid0001,aid0001,2006-02-18 00:00:00+00:00,,104.0,,63.0,,,,83654.0,,705.0,,,,,1282.0,,485.0,,,,,11.0,,58.0,,,,,,3.0,10.0,11.0,,,,130.0,,4.0,,,,127.0,,83.0,,,,,20.0,,9.0,,,,,32.0,6.0,,,,,,,,,,,,,,9.0,,,,,,,14.0,,,6.0,6.0,,,,,,541.0,,5.0,,,,,,,,,,,,,,,,,,,110.0,,14.0,,,,,,,,,,,11.0,12.0,,,,,,,,,,,,,,,,,,,,,,,,,,,1.0,,,,,,,,,,,,,,,,,,,,,,,,,,,,,,,,,,,5.0,,,,,,,,,,,,,,,,,,,,,,,,,
_250m_16_days_VI_Quality_2006065_aid0001,aid0001,2006-03-06 00:00:00+00:00,24.0,170.0,14.0,26.0,,,,78441.0,,2655.0,,,,,2553.0,28.0,677.0,,,,,14.0,34.0,60.0,9.0,,,,5.0,19.0,10.0,,,,,324.0,,23.0,,,,250.0,,203.0,,,,,33.0,8.0,20.0,5.0,,,,95.0,,,,,,,324.0,,,,41.0,28.0,,,5.0,,,,,,26.0,14.0,,,27.0,,,,,,,778.0,,6.0,,,,,,,,,,,,,,,16.0,,,,203.0,,232.0,14.0,,,,,,,,,,49.0,58.0,,,,,,1.0,,5.0,,,,,,,,,,,4.0,,,,,,,,,,,,,,,,,,,,,,,,,,,,,,,,,,,,,,,,,,,,,,,,,,,,,,,,,,,,,,,,,,,,
_250m_16_days_VI_Quality_2006081_aid0001,aid0001,2006-03-22 00:00:00+00:00,,45.0,27.0,90.0,,,,85232.0,,11.0,,,,,735.0,,32.0,,,,,,,5.0,,,,,8.0,,5.0,,,,,188.0,,22.0,,,,115.0,,59.0,,,,,5.0,,,,,,,,10.0,,,,,,12.0,,,,,,,,4.0,,,,,,,,,,,,,,,,,681.0,,,,,1.0,,,,,,,,,,,,23.0,,,,107.0,,,,,,,,,,,,,24.0,,,,,,,,,,,,,,,,42.0,,,,,,,,28.0,,,,20.0,,,,,,,,,,,,,,,,,,,,,,,,,,,,,,,,,,,,,,,,,,,,,,,,,,,,,,,,,,,,
_250m_16_days_VI_Quality_2006097_aid0001,aid0001,2006-04-07 00:00:00+00:00,,84.0,73.0,129.0,,,,64790.0,,2201.0,,,,,13123.0,,4372.0,,,,,123.0,19.0,,,,,,,,,,,,,120.0,,34.0,,,,130.0,,250.0,,,,,4.0,5.0,8.0,,,,,31.0,22.0,,,,,,672.0,,,,227.0,,,,,,,,,,19.0,,,,66.0,,,,,,,664.0,,133.0,,,,,,,,,,,,,,,31.0,,,,,,,,,,,,,,,,,,,,,,,,,,,,,,,,,,,,,,,21.0,,45.0,,,,,,,,,,,,,,,,4.0,,101.0,,,1.0,,,,,,,,,10.0,,,,,,,,,14.0,,5.0,,,,,,,,,,,,,,,,,,,,,,,
_250m_16_days_VI_Quality_2006113_aid0001,aid0001,2006-04-23 00:00:00+00:00,22.0,,,,,,,73050.0,,1474.0,,,,,12191.0,,12.0,,,,,,,,,,,,,,,,,,,,,,,,,,,,,,,,4.0,,,,,,,,,,,,,,,,,,,,,,,,,,,,,,,,,,,,,,,778.0,,,,,,,,,,,,,,,,,,,,,,,,,,,,,,,,,,,,,,,,,,,,,,,,,,,,,,,,,,,,,,,,,,,,,,,,,,,,,,,,,,,,,,,,,,,,,,,,,,,,,,,,,,,,,,,,,,,,,,,,,,
_250m_16_days_VI_Quality_2006129_aid0001,aid0001,2006-05-09 00:00:00+00:00,,15.0,,,,,,67764.0,,3218.0,,,,,14956.0,34.0,478.0,,,,,,,,,,,,,,,,,,,128.0,,,,,,4.0,,,,,,,,,,4.0,,,,29.0,,,,14.0,,,157.0,,,,,,,,,,,,,,,,,,,,,,,,,719.0,,5.0,,,,,,,,,,,,,,,,,,,,,,,,,,,,,,,,,,,,,,,,,,,,,,,,,,,,,,,,3.0,,,,,,,,,,,,,,,,,,3.0,,,,,,,,,,,,,,,,,,,,,,,,,,,,,,,,,,,,,,,,,,,,,,
_250m_16_days_VI_Quality_2006145_aid0001,aid0001,2006-05-25 00:00:00+00:00,,309.0,,84.0,,,,70713.0,,1990.0,,,,,8451.0,,2904.0,,,,,,9.0,,,,,,,,,,,,,432.0,,137.0,,,1.0,850.0,,330.0,,,,,46.0,,19.0,16.0,,,,16.0,16.0,,,,,,76.0,,,,10.0,,,,,,,,,,66.0,,,,13.0,,,,,,,733.0,,,,,,,,,,,,,,,,,,,,,,,,,,,,,,,,,,,,,,,,,,,,,,,,,,,,,,,,6.0,,159.0,,,,,,,,,,,,26.0,,,,7.0,,112.0,,,,,,,,,,,,,,,,,,,,,,,,,,,,,,,,,,,,,,,,,,,,,,
_250m_16_days_VI_Quality_2006161_aid0001,aid0001,2006-06-10 00:00:00+00:00,,83.0,,16.0,,,,74664.0,,166.0,,,,,10686.0,,666.0,,,,,,,55.0,,,,,,,,,,,,101.0,,,,,,152.0,,5.0,,,,,35.0,,26.0,,,,,,30.0,,,,,,,,,,,,,,,,,,,,,,,,,,,,,,,756.0,,84.0,,,,,,,,,,,,,,,6.0,,,,,,,,,,,,,,,,,,,,,,,,,,,,,,,,,,,,,,,,,,,,,,,,,,,,,,,,,,,,,,,,,,,,,,,,,,,,,,,,,,,,,,,,,,,,,,,,,,,,,,,,,
_250m_16_days_VI_Quality_2006177_aid0001,aid0001,2006-06-26 00:00:00+00:00,,9733.0,,2751.0,,,3.0,18213.0,,,,,,,29327.0,,1171.0,,,,,1921.0,258.0,1540.0,,,,,,,198.0,26.0,,,,3214.0,,,,,2.0,8959.0,56.0,818.0,,,,2.0,2906.0,543.0,485.0,48.0,,,2.0,936.0,709.0,,,,,,375.0,,,,412.0,258.0,,,,17.0,,,,,210.0,,,,304.0,95.0,,,,,,594.0,,,,,,,,,,,,,,,,,52.0,,,,,,,,,,,,,,,,,,,,,,,,,,,,,,,,,,,122.0,,,,258.0,,,,42.0,,28.0,,,,,,,,179.0,,,,256.0,,40.0,,,60.0,111.0,77.0,13.0,,,,,,18.0,,66.0,,,,,,,4.0,,107.0,12.0,,,,,,,,,,,,,,,,,,,,,,
_250m_16_days_VI_Quality_2006193_aid0001,aid0001,2006-07-12 00:00:00+00:00,,6573.0,405.0,10282.0,,,6.0,160.0,,,,,,,4486.0,,9770.0,,,,,4223.0,337.0,22964.0,4.0,,,1.0,,,485.0,59.0,,,,,,,,,,3071.0,9.0,5774.0,,,,2.0,2311.0,1082.0,6823.0,394.0,,,1.0,1567.0,2129.0,,1.0,,,,34.0,67.0,,,300.0,304.0,,,,9.0,,,,,131.0,,,,638.0,370.0,,4.0,4.0,,,376.0,,720.0,,,,32.0,,,,,,,,,,,,,,,,,,,,,,,,,,,,,,,,,,,,,,,,,,,,,,,,,,,,,,2.0,9.0,34.0,,,,,,44.0,,,,,,41.0,,125.0,,,270.0,214.0,690.0,47.0,,,,,,,,29.0,,,,,,,,,95.0,,,,,,,,,,,,,,,,,23.0,,,,,,
_250m_16_days_VI_Quality_2006209_aid0001,aid0001,2006-07-28 00:00:00+00:00,,3397.0,,1182.0,,,,70206.0,,2163.0,,,,,84.0,,178.0,30.0,,,,,,,264.0,,,,,,,15.0,,,,6754.0,,147.0,,,,947.0,,129.0,,,,,27.0,11.0,,163.0,,,,46.0,51.0,,,,29.0,,,238.0,,,,50.0,,,,,,,,,,39.0,,,,53.0,,,,,,752.0,,165.0,,,,,,,,,,,,,,,30.0,,,,,,,,,,,,,,,,,,18.0,,,,,,,,,,,,,,,,,68.0,,,,,,,,,,,,,,,,,,111.0,,,,4.0,,44.0,,,,6.0,,126.0,,,,,,,,,,,,,,,,,,4.0,,,,,,,,,,,,,,,,,,,,,,
_250m_16_days_VI_Quality_2006225_aid0001,aid0001,2006-08-13 00:00:00+00:00,,671.0,,91.0,,,,75171.0,,,,,,,8255.0,21.0,5.0,,,,3.0,,,,,,,,,,,,,,,1491.0,,,,,,176.0,,,4.0,,,,59.0,,,,,,,51.0,5.0,,,,,,407.0,52.0,,,206.0,,,,,,,,,,15.0,22.0,,,14.0,,,,,,,607.0,,,,,,9.0,,,,,,,,,,,,,,,,,,,,,,,,,,,,,,,,,,,,,,,,,,,,,,14.0,,,,18.0,,,,,,,,,,,,,,122.0,,,,29.0,,,,,3.0,,,,,,,,,,,10.0,,,,,,,,,,,,,,,,,,,,,,,,,,,,,,,,
_250m_16_days_VI_Quality_2006241_aid0001,aid0001,2006-08-29 00:00:00+00:00,,493.0,,399.0,,,,24727.0,,51040.0,,,,2.0,4699.0,,1622.0,,,,1.0,,,148.0,,,,,,,,3.0,,,,420.0,,2006.0,,,,610.0,,281.0,,,,1.0,25.0,11.0,9.0,5.0,,,,165.0,6.0,,,,,,3.0,,,,,,,,,,,,,,25.0,,,,9.0,,,,,,,581.0,,,,,,,,,1.0,,,,,,,,,,,,,,,,,,,,,,,,,,,,,,,,,,,,,,,,,,,36.0,,,,21.0,,,,,,,,,,,,4.0,,8.0,,,,141.0,,,,,29.0,,,,,,,,,,,,,,,,,,,,,,,,,,,,,,,,,,,,,,,,,,,
_250m_16_days_VI_Quality_2006257_aid0001,aid0001,2006-09-14 00:00:00+00:00,,,,,,,,86793.0,,,,,,1.0,,,,,,,,,,,,,,,,,,,,,,,,,,,,,,,,,,,,,,,,,,,,,,,,,,,,,,,,,,,,,,,,,,,,,,,,,,737.0,,,,,,,,,,,,,,,,,,,,,,,,,,,,,,,,,,,,,,,,,,,,,,,,,,,,,,,,,,,,,,,,,,,,,,,,,,,,,,,,,,,,,,,,,,,,,,,,,,,,,,,,,,,,,,,,,,,,,,,,,,
_250m_16_days_VI_Quality_2006273_aid0001,aid0001,2006-09-30 00:00:00+00:00,,,,1.0,,,,86819.0,,,,,,,84.0,,,,,,,,,,,,,,,,,,,,,,,,,,,,,,,,,,,,,,,,,,,,,,,,,,,,,,,,,,,,,,,,,,,,,,,,,623.0,,,,,,,,,,,,,,,,,4.0,,,,,,,,,,,,,,,,,,,,,,,,,,,,,,,,,,,,,,,,,,,,,,,,,,,,,,,,,,,,,,,,,,,,,,,,,,,,,,,,,,,,,,,,,,,,,,,,,,,,,,,,,
_250m_16_days_VI_Quality_2006289_aid0001,aid0001,2006-10-16 00:00:00+00:00,,8.0,,,,,,86749.0,,132.0,,,,,19.0,,90.0,,,,,,,,,,,,,,,,,,,17.0,,6.0,,,,14.0,,4.0,,,,,,,,,,,,,,,,,,,,,,,,,,,,,,,,,,,,,,,,,,,,492.0,,,,,,,,,,,,,,,,,,,,,,,,,,,,,,,,,,,,,,,,,,,,,,,,,,,,,,,,,,,,,,,,,,,,,,,,,,,,,,,,,,,,,,,,,,,,,,,,,,,,,,,,,,,,,,,,,,,,,,,,,,
_250m_16_days_VI_Quality_2006305_aid0001,aid0001,2006-11-01 00:00:00+00:00,,,,,,,,80359.0,,941.0,,,,,5401.0,,8.0,,,,,,,,,,,,,,2.0,,,,,13.0,,4.0,,,,13.0,,,,,,,,,6.0,,,,,,,,,,,,6.0,,,,,,,,,,,,,,,,,,4.0,,,,,,,736.0,,,,,,,,,,,,,,,,,38.0,,,,,,,,,,,,,,,,,,,,,,,,,,,,,,,,,,,,,,,,,,,,,,,,,,,,,,,,,,,,,,,,,,,,,,,,,,,,,,,,,,,,,,,,,,,,,,,,,,,,,,,,,
_250m_16_days_VI_Quality_2006321_aid0001,aid0001,2006-11-17 00:00:00+00:00,,35.0,4.0,40.0,,,,85619.0,,620.0,,,,,165.0,,87.0,,,,,,,4.0,,,,,,,6.0,1.0,,,,147.0,,60.0,,,,54.0,,54.0,,,,,,,,,,,,25.0,1.0,,,,,,,,,,,,,,2.0,,,,,,,,,,,,,,,,,509.0,,,,,,,,,,,,,,,,,13.0,,,,72.0,,,,,,,,,,,,,10.0,,,,,,,,,,,,,,,,,,,,,,,,,,,,,,,,,,,,,,,,,,,,,3.0,,,,,,,,,,,,,,,,,,,,,,,,,,,,,,,,,,,,,,,,,,,
_250m_16_days_VI_Quality_2006337_aid0001,aid0001,2006-12-03 00:00:00+00:00,35.0,65.0,56.0,86.0,,27.0,,64812.0,,11109.0,,114.0,,,6195.0,,3016.0,,70.0,,,1.0,,3.0,,,,,30.0,6.0,24.0,31.0,,,,145.0,,56.0,,1.0,,133.0,,74.0,,,,,13.0,,,,,,,26.0,175.0,20.0,,,,,4.0,11.0,,,,,,,4.0,27.0,4.0,,,,,4.0,,,,6.0,,,,,,764.0,,,,,,,,,,,,,,,,,,,,,117.0,8.0,64.0,,,,,,,,,,,91.0,84.0,,,,,,2.0,,18.0,,,,,,,,,,,,,,,,,,,,,,,,,,,,,,,,,,,,,,,,,,,,,,,,,,,,,,,,,,,,,,,,,,,,,,,,,,,,,,,
_250m_16_days_VI_Quality_2006353_aid0001,aid0001,2006-12-19 00:00:00+00:00,18.0,46.0,60.0,28.0,,,2.0,84600.0,1.0,270.0,,31.0,,6.0,535.0,,463.0,,97.0,,1.0,20.0,,116.0,,3.0,,,4.0,,15.0,,,,,87.0,,,,,,114.0,,12.0,,5.0,,,,,6.0,,,,,46.0,16.0,6.0,,2.0,,,4.0,,,,,,,,5.0,,,,,,,,,,,,,,,,,680.0,,,,,,,,,,,,,,,,,11.0,,,,49.0,,158.0,,,,,,,2.0,,,,5.0,6.0,,,,,,,,,,,,,,,,,,,,,,,,,,,,,,,,,,,,,,,1.0,,,,,,,,,,,,,,,,,,,,,,,,,,,,,,,,,,,,,,,,,,,,,,,,
_250m_16_days_VI_Quality_2007001_aid0001,aid0001,2007-01-01 00:00:00+00:00,,53.0,89.0,32.0,,6.0,,80617.0,19.0,347.0,,16.0,,,4564.0,3.0,350.0,,90.0,,2.0,26.0,,256.0,,37.0,,,,3.0,,,,,,110.0,,14.0,,5.0,,86.0,,6.0,,,,,,,,,,,,21.0,4.0,,,19.0,,,11.0,,,,8.0,,,,2.0,,,,,,,4.0,,,9.0,,,,,,,688.0,,,,,,,,,,,,,,,,,,,,,,,15.0,,,,,,,,,,,,,,,,,,,,,,,,1.0,,,,,,,,,,,4.0,,,,,,,,,,,,4.0,,,,10.0,,,,,,,,,,,,,,,,,,,,,,,,,,,,,,,,,,,,,,,,,,,,,,,,
_250m_16_days_VI_Quality_2007017_aid0001,aid0001,2007-01-17 00:00:00+00:00,,2.0,8.0,,,,,84208.0,,577.0,,,,,1253.0,,352.0,,,,1.0,31.0,,268.0,,,,,,,,,,,,61.0,,,,,,5.0,,13.0,,,,,,,,,,,,,1.0,,,9.0,,,3.0,,,,,,,,,,,,,,,,,,,,,,,,,677.0,,4.0,,,,,,,,,,,,,,,10.0,,,,8.0,,40.0,,,,,,,,,,,,,,,,,,,,,,,,,,,,,,,,,,,,,,,,,,,,,,,,,,,,,,,,,,,,,,,,,,,,,,,,,,,,,,,,,,,,,,,,,,,,,,,,,,,
_250m_16_days_VI_Quality_2007033_aid0001,aid0001,2007-02-02 00:00:00+00:00,22.0,167.0,34.0,34.0,,,,76982.0,9.0,1742.0,,,,,2920.0,,1932.0,,,,,344.0,9.0,28.0,,,,,5.0,,,1.0,,,,307.0,,4.0,,,,233.0,,103.0,,,,,24.0,,30.0,,,,,29.0,16.0,,,340.0,,,211.0,28.0,,,149.0,,,,12.0,,,34.0,,,26.0,,,,6.0,,,,,,,951.0,,46.0,,,,,,,,,,,,,,,18.0,,,,,,642.0,,,,,,,,,,,,46.0,,,,,,10.0,,,,,,,,,,,23.0,,,,,,14.0,,,,,,,,,,,,,,,,,,,,,,,,,,,,,,,,,,,,,,,,,,,,,,,,,,,,,,,,,,,,,,,,
_250m_16_days_VI_Quality_2007049_aid0001,aid0001,2007-02-18 00:00:00+00:00,276.0,536.0,230.0,108.0,,,2.0,72287.0,,1079.0,,,,,3406.0,,451.0,,,,,395.0,,756.0,5.0,,,,84.0,41.0,24.0,,,,,1130.0,,59.0,,,,862.0,,147.0,,,,,73.0,,43.0,5.0,,,,157.0,76.0,,1.0,7.0,,,8.0,,,,29.0,54.0,,,103.0,4.0,,,,,20.0,,,,,,,,,,,748.0,,,,,,,,,,,,,,,,,14.0,,,,3100.0,17.0,443.0,,,,2.0,,,21.0,,,,245.0,127.0,,,,,,,21.0,,,,,,,,6.0,,,,20.0,,,,,,,,134.0,9.0,,,,,11.0,,,,9.0,,14.0,,,,,,,,,,,,,,,14.0,,87.0,,,,,,,,,15.0,,,,,,,,4.0,,,,,,,,,,,,,,
_250m_16_days_VI_Quality_2007065_aid0001,aid0001,2007-03-06 00:00:00+00:00,181.0,466.0,316.0,168.0,,,,74461.0,,1318.0,,,,,1723.0,,1952.0,,,,,65.0,,37.0,,,,,66.0,18.0,33.0,22.0,,,,1117.0,,189.0,,,,750.0,,345.0,,,,,35.0,,5.0,,,,,100.0,260.0,,,,,,,6.0,,,4.0,25.0,,,96.0,88.0,,,,,,12.0,,,,,,,,,,672.0,,,,,,,,,,,,,,,,,28.0,,,,1611.0,12.0,938.0,,,,1.0,,,13.0,,,,269.0,36.0,,,,,24.0,,5.0,,,,,,,,,,10.0,,,,,,,,,,,,,,5.0,,,,,,,,4.0,,,,,6.0,5.0,,,,,,,,,,,,,,,,,,,,,,,,,,,,33.0,,,,,,,,,,1.0,,,,
_250m_16_days_VI_Quality_2007081_aid0001,aid0001,2007-03-22 00:00:00+00:00,96.0,26.0,203.0,4.0,,,,83512.0,,513.0,,,,,1724.0,,317.0,,,,,28.0,,25.0,,,,,4.0,,,,,,,83.0,,,,,,32.0,,39.0,,,,,,,,,,,,5.0,,,,,,,,,,,,,,,,,,,,,,,,,,,,,,,,631.0,,,,,,,,,,,,,,,,,26.0,,2.0,,150.0,,107.0,,,,,,,,,,,,,,,,,,,,,,,,,,,,,,,,,,,,,,,,,,,,,,,,,,,4.0,,,,,,,,,,,,,,,,,,,,,,,,,,,,,,,,,,,,,,,,,,,,,,,,
_250m_16_days_VI_Quality_2007097_aid0001,aid0001,2007-04-07 00:00:00+00:00,44.0,38.0,158.0,12.0,,,,84329.0,,674.0,,,,,1134.0,,234.0,,,,,,,,,,,,4.0,,9.0,,,,,105.0,,33.0,,,,108.0,,46.0,,,,,5.0,,,,,,,,,,,,,,,,,,,,,,,,,,,,,,,,,,,,,,,592.0,,,,,,,,,,,,,,,,,6.0,,,,,,,,,,,,,,,,,,,,,,,,,,,,,,,,,,,,,,,,,,,,,,,,,,,,,,,,,,,,,,,,,,,,,,,,,,,,,,,,,,,,,,,,,,,,,,,,,,,,,,,,,
_250m_16_days_VI_Quality_2007113_aid0001,aid0001,2007-04-23 00:00:00+00:00,,,24.0,,,,,85434.0,,12.0,,,,,1471.0,,89.0,,,,,,,,,,,,,,,,,,,,,,,,,,,,,,,,8.0,,,,,,,,,,,,,,,,,,,,,,,,,,,,,,,,,,,,,,,483.0,,4.0,,,,,,,,,,,,,,,6.0,,,,,,,,,,,,,,,,,,,,,,,,,,,,,,,,,,,,,,,,,,,,,,,,,,,,,,,,,,,,,,,,,,,,,,,,,,,,,,,,,,,,,,,,,,,,,,,,,,,,,,,,,
_250m_16_days_VI_Quality_2007129_aid0001,aid0001,2007-05-09 00:00:00+00:00,,43.0,,17.0,,,,73068.0,,2607.0,,,,,10446.0,15.0,370.0,,,,,4.0,,,,,,,,,,,,,,15.0,,126.0,,,,5.0,,33.0,,,,,,,,,,,,,3.0,,,,,,29.0,,,,,,,,,,,,,,,,,,,,,,,,,746.0,,,,,,,,,,,,,,,,,4.0,,,,,,,,,,,,,,,,,,,,,,,,,,,,,,,,,,,,,,,,,,,,,,,,,,,,,,,,,,,,,,,,,,,,,,,,,,,,,,,,,,,,,,,,,,,,,,,,,,,,,,,,,
_250m_16_days_VI_Quality_2007145_aid0001,aid0001,2007-05-25 00:00:00+00:00,,11.0,,9.0,,,,75790.0,,3854.0,,,,,6490.0,,208.0,,,,,,,13.0,,,,,,,,,,,,30.0,,97.0,,,,71.0,,44.0,,,,,4.0,,4.0,,,,,,,,,,,,,,,,,,,,,,,,,,,,,,,,,,,,,906.0,,,,,,,,,,,,,,,,,,,,,,,,,,,,,,,,,,,,,,,,,,,,,,,,,,,,,,,,,,,,,,,,,,,,,,,,,,,,,,,,,,,,,,,,,,,,,,,,,,,,,,,,,,,,,,,,,,,,,,,,,,
_250m_16_days_VI_Quality_2007161_aid0001,aid0001,2007-06-10 00:00:00+00:00,,,,,,,,29607.0,,6317.0,,,,,38895.0,,10493.0,,,,,33.0,,1344.0,,,,,,,,,,,,72.0,,,,,,9.0,,,,,,,,,,,,,,,,,,,,,,,,,,,,,,,,,,,,,,,,,,,,,,451.0,,310.0,,,,,,,,,,,,,,,,,,,,,,,,,,,,,,,,,,,,,,,,,,,,,,,,,,,,,,,,,,,,,,,,,,,,,,,,,,,,,,,,,,,,,,,,,,,,,,,,,,,,,,,,,,,,,,,,,,,,,,,,
_250m_16_days_VI_Quality_2007177_aid0001,aid0001,2007-06-26 00:00:00+00:00,,20844.0,,9833.0,,,4.0,8271.0,,,,,,,8199.0,11.0,422.0,,,,,1555.0,4.0,394.0,144.0,,,,11.0,1.0,52.0,17.0,,,,3956.0,,,,,,11216.0,11.0,191.0,,,,1.0,5504.0,1585.0,1003.0,1394.0,,,1.0,2091.0,2085.0,,,,,,517.0,,,,456.0,82.0,,,,,,,,,451.0,9.0,,,2317.0,718.0,,,42.0,,,643.0,,,,,,170.0,,,5.0,,,,,,,,,,,,,,,,,,,,,,,,,,,,,,,,,,,,,,,,,,,,,,,81.0,,,,14.0,19.0,89.0,8.0,,,,,4.0,,,,,,89.0,47.0,5.0,,,352.0,342.0,405.0,617.0,,,,,,64.0,,69.0,81.0,,,5.0,,,250.0,,280.0,500.0,,,,,,,,,,,,,,,,,,,,,,
_250m_16_days_VI_Quality_2007193_aid0001,aid0001,2007-07-12 00:00:00+00:00,,9967.0,,12859.0,,,1.0,202.0,,,,,,,9614.0,,9003.0,,,,,566.0,56.0,6040.0,25.0,,,,,,459.0,6.0,,,1.0,313.0,,,,,,4977.0,28.0,2147.0,,,,,2741.0,2309.0,6968.0,1214.0,,,4.0,1243.0,4720.0,,,,,,46.0,275.0,,,104.0,2133.0,,,,99.0,,,,,33.0,376.0,,,681.0,3478.0,,,52.0,462.0,,,,447.0,,,,,203.0,,,118.0,,,,,,,,,,,,,,,,,,,,,,,,,,,,,,,,,,,,,,,,,,,,,,,,10.0,,,,270.0,,,,,30.0,,,,,,,33.0,,90.0,,,497.0,439.0,642.0,374.0,3.0,,,,,,,89.0,,,,,,,,,470.0,614.0,,,,,,,,,,,,,,,,,,,,,,
_250m_16_days_VI_Quality_2007209_aid0001,aid0001,2007-07-28 00:00:00+00:00,,10285.0,,6556.0,,,2.0,7710.0,,,,,,,12896.0,,11641.0,39.0,,,,412.0,378.0,2467.0,47.0,,,,8.0,,98.0,3.0,,,,3125.0,,,,,,10060.0,,2491.0,150.0,,,,2184.0,348.0,2241.0,278.0,,,3.0,2452.0,1563.0,,,,,,271.0,205.0,,,647.0,502.0,,,6.0,6.0,,,,,170.0,186.0,,,1183.0,1619.0,,,25.0,4.0,,589.0,,99.0,,,,43.0,10.0,,,,,,,,,,,,,,,,,,,,,,,,,,,,,,,,,,,,,,,,,,,,,128.0,,,,330.0,,,,9.0,29.0,5.0,,,,,47.0,,,385.0,,,,2059.0,115.0,,37.0,,642.0,67.0,223.0,23.0,,,10.0,,,23.0,5.0,,6.0,,,44.0,,,92.0,27.0,149.0,74.0,,,,,,,,,,,,,,,,,,,,,,
_250m_16_days_VI_Quality_2007225_aid0001,aid0001,2007-08-13 00:00:00+00:00,,14184.0,,3768.0,,,10.0,22050.0,,,,,,,13559.0,69.0,63.0,,,,1.0,632.0,47.0,1117.0,,,,,,,1.0,14.0,,,,7097.0,,,,,2.0,12425.0,65.0,18.0,,,,5.0,2540.0,637.0,655.0,118.0,,,,1403.0,1007.0,,3.0,,,,177.0,,,,59.0,23.0,,,3.0,33.0,,,,,118.0,,,,382.0,223.0,,,,61.0,,830.0,,,,,,,33.0,,,,,,,,,,23.0,,,,,,,,,,,,,,,,,,,,,,,,,,,,,,,,,,,105.0,,,,259.0,,234.0,,,21.0,833.0,,,,,,,,225.0,,,,468.0,95.0,87.0,,,147.0,515.0,358.0,148.0,1.0,,,,,73.0,,17.0,26.0,,,,,,165.0,,169.0,130.0,,,,,,,,,,,,,,,,,,,,,,
_250m_16_days_VI_Quality_2007241_aid0001,aid0001,2007-08-29 00:00:00+00:00,,8306.0,52.0,5129.0,,,6.0,5699.0,,471.0,,,,,18281.0,,8700.0,,,,1.0,328.0,608.0,4851.0,56.0,,,2.0,8.0,4.0,126.0,25.0,,,,878.0,,40.0,,,,13341.0,54.0,2318.0,36.0,,,8.0,1872.0,889.0,3212.0,570.0,,,10.0,2344.0,2605.0,,5.0,,,,320.0,30.0,,,265.0,402.0,,,14.0,7.0,,,,,188.0,,,,575.0,644.0,,,,,,761.0,,65.0,,,,,,,,,,,,,,,28.0,,,,,,,,,,,,,,,,,,,,,,,,,,,,,,,,,,,42.0,,110.0,,130.0,,227.0,,9.0,,142.0,,,,5.0,,15.0,,112.0,,5.0,,678.0,5.0,346.0,,,195.0,226.0,705.0,34.0,,,,,,20.0,,,66.0,,,8.0,,,43.0,,69.0,205.0,,,,,,,,,,,,,,,,,,,,,,
_250m_16_days_VI_Quality_2007257_aid0001,aid0001,2007-09-14 00:00:00+00:00,,323.0,,193.0,,,1.0,73027.0,,7109.0,,,,,711.0,,1970.0,,,,,,29.0,,,,,,,,,,,,,853.0,,830.0,,,,348.0,,342.0,,,,,14.0,6.0,16.0,,,,,78.0,43.0,,,,,,,,,,,,,,,,,,,,,,,,4.0,,,,,,,739.0,,9.0,,,,,,,,,,,,,,,11.0,,,,,,,,,,,,,,,,,,,,,,,,,,,,,,,,,,,89.0,,154.0,,35.0,,6.0,,,,,,,,5.0,,,,324.0,,94.0,,65.0,,40.0,,,21.0,18.0,,,,,,,,,,,,,,,,,24.0,,,,,,,,,,,,,,,,,,,,,,,,,
_250m_16_days_VI_Quality_2007273_aid0001,aid0001,2007-09-30 00:00:00+00:00,,,,,,,,80235.0,,6609.0,,,,1.0,,,,,,,,,,,,,,,,,,,,,,,,,,,,,,,,,,,,,,,,,,,,,,,,,,,,,,,,,,,,,,,,,,,,,,,,,,686.0,,,,,,,,,,,,,,,,,,,,,,,,,,,,,,,,,,,,,,,,,,,,,,,,,,,,,,,,,,,,,,,,,,,,,,,,,,,,,,,,,,,,,,,,,,,,,,,,,,,,,,,,,,,,,,,,,,,,,,,,,,
_250m_16_days_VI_Quality_2007289_aid0001,aid0001,2007-10-16 00:00:00+00:00,,,,,,,,86452.0,,397.0,,,,,,,,,,,,,,,,,,,,,,,,,,,,,,,,,,,,,,,,,,,,,,,,,,,,,,,,,,,,,,,,,,,,,,,,,,,,,,667.0,,,,,,,,,,,,,,,,,15.0,,,,,,,,,,,,,,,,,,,,,,,,,,,,,,,,,,,,,,,,,,,,,,,,,,,,,,,,,,,,,,,,,,,,,,,,,,,,,,,,,,,,,,,,,,,,,,,,,,,,,,,,,
_250m_16_days_VI_Quality_2007305_aid0001,aid0001,2007-11-01 00:00:00+00:00,,,,,,,,46366.0,,19.0,,,,,40400.0,,11.0,,,,,,,,,,,,,,,,,,,,,,,,,,,,,,,,,,,,,,,,,,,,,,,,,,,,,,,,,,,,,,,,,,,,,,,735.0,,,,,,,,,,,,,,,,,,,,,,,,,,,,,,,,,,,,,,,,,,,,,,,,,,,,,,,,,,,,,,,,,,,,,,,,,,,,,,,,,,,,,,,,,,,,,,,,,,,,,,,,,,,,,,,,,,,,,,,,,,
_250m_16_days_VI_Quality_2007321_aid0001,aid0001,2007-11-17 00:00:00+00:00,,,,,,,,82152.0,,5.0,,,,1.0,4780.0,,5.0,,,,,,,,,,,,,,,,,,,,,,,,,,,,,,,,,,,,,,,,,,,3.0,,,9.0,,,,,,,,,,,,,,,,,,,,,,,,,567.0,,,,,,,,,,,,,,,,,6.0,,,,,,,,,,,,,,,,,,,,,,,,,,,,,,,,,,,,,,,,,,,,,,,,,,,,,,,,,,,,,,,3.0,,,,,,,,,,,,,,,,,,,,,,,,,,,,,,,,,,,,,,,,,,
_250m_16_days_VI_Quality_2007337_aid0001,aid0001,2007-12-03 00:00:00+00:00,,44.0,120.0,14.0,,,,82639.0,13.0,248.0,,,,4.0,1498.0,18.0,1167.0,,,,,,,5.0,,,,,,,32.0,,,,,403.0,,30.0,,,,129.0,,20.0,,,,,,,5.0,,,,,,,,,59.0,,,60.0,,,,,,,,,,,,,,1.0,,,,,,,,,,,687.0,,,,,,,,,,,,,,,,,28.0,,,,193.0,,74.0,,,,,,,19.0,,,,16.0,,,,,,,,,,,,,,,,,,,,,,,,,,,,,,,,,,,,,,,,,,,,,,,,,,,,,,,,,,,,,,,,,,,,,,,,,,,,,,,,,,5.0,,,,,,
_250m_16_days_VI_Quality_2007353_aid0001,aid0001,2007-12-19 00:00:00+00:00,2.0,15.0,25.0,14.0,,9.0,,83958.0,,788.0,,233.0,28.0,8.0,740.0,,374.0,,43.0,,3.0,16.0,,125.0,,,,,,10.0,,,,,,149.0,,13.0,,,,68.0,,22.0,,5.0,,,,,,,,,,37.0,8.0,,,15.0,4.0,,2.0,,,1.0,,,,,,,,,,,10.0,,,,,,,,,,,610.0,,,,,,,,,,,,,,,,,,,,,147.0,,39.0,,,,,,,,,,,1.0,4.0,,,,,5.0,,,,,,,,,,,,,,,,,,,,,,,,,,,,,,,,,,,,,,,,,,,,,,,,,,,,,,,,,,,,,,,,,,,,,,,,,,,,,,,,,,
_250m_16_days_VI_Quality_2008001_aid0001,aid0001,2008-01-01 00:00:00+00:00,,87.0,95.0,333.0,,56.0,1.0,41384.0,137.0,2413.0,,4481.0,,,23253.0,1005.0,2367.0,12.0,531.0,52.0,,329.0,125.0,1268.0,,,,,,4.0,11.0,6.0,,52.0,,221.0,,670.0,,44.0,,182.0,74.0,870.0,61.0,72.0,,,76.0,48.0,286.0,38.0,,4.0,,97.0,180.0,7.0,,893.0,268.0,223.0,2231.0,204.0,338.0,,66.0,27.0,,,,9.0,,,221.0,66.0,25.0,587.0,57.0,,18.0,72.0,4.0,,,,,234.0,9.0,289.0,,,,,13.0,,,,30.0,,,,,,,,,,,,,,,,,,,,,,,14.0,4.0,43.0,,,,,,,,,,,,,33.0,,,,,,,,28.0,53.0,,,14.0,251.0,,,,7.0,,,,,,114.0,,,24.0,57.0,,,,10.0,12.0,10.0,,,,,,,,,,,,,,,5.0,30.0,,6.0,,,,,,,,,,,,,,,,,,,,,,
_250m_16_days_VI_Quality_2008017_aid0001,aid0001,2008-01-17 00:00:00+00:00,126.0,619.0,13.0,515.0,,,,64178.0,12.0,1011.0,,,,,10513.0,,347.0,,,,,166.0,9.0,55.0,40.0,,,,27.0,121.0,,54.0,,,1.0,1919.0,,150.0,,,,1078.0,,342.0,,,,,55.0,30.0,34.0,5.0,,,,233.0,186.0,,,8.0,4.0,,27.0,,,,13.0,66.0,,,35.0,17.0,,41.0,,,152.0,21.0,,,18.0,7.0,,2.0,,,,847.0,,6.0,,,,,,,,,,,,,,,,,,,3257.0,113.0,110.0,25.0,,,13.0,,,75.0,,,,633.0,84.0,,,,,18.0,,,,,,,,,,4.0,,,,,,,,,,,,,,,,10.0,,,,22.0,,,,14.0,,,,,4.0,,,,,,,,,,,,,,,,,,14.0,,12.0,,1.0,,,,,,,7.0,,,,8.0,,,,,,,,,,
_250m_16_days_VI_Quality_2008033_aid0001,aid0001,2008-02-02 00:00:00+00:00,496.0,222.0,124.0,173.0,,,,68941.0,,1025.0,,,,1.0,5667.0,,1267.0,,,,1.0,350.0,,1031.0,18.0,,,,2.0,1.0,4.0,1.0,,,,276.0,,27.0,,,,342.0,,75.0,,,,,6.0,,5.0,1.0,,,,141.0,130.0,,,4.0,,,,252.0,,,26.0,54.0,,,,6.0,,,,,6.0,,,,,15.0,,,,,,295.0,,398.0,,,,,,,,,,,,,,,9.0,,,,3792.0,,1729.0,,,,,42.0,,148.0,35.0,,,47.0,45.0,,,4.0,,,12.0,14.0,18.0,,,,,,,,,20.0,,,,9.0,,,,,,,,,,,,,,15.0,,,,56.0,,,,,,,,9.0,,,,,,,,,,,,,,,,,,,,,,,,,,144.0,,,,,,,,,,,,,,
_250m_16_days_VI_Quality_2008049_aid0001,aid0001,2008-02-18 00:00:00+00:00,17.0,103.0,72.0,54.0,,,,75623.0,,3796.0,,,,,4838.0,,1242.0,,,,,92.0,,25.0,,,,,5.0,14.0,26.0,,,,,47.0,,17.0,,,,74.0,,56.0,,,,,,2.0,,,,,,90.0,14.0,,,,,,36.0,,,,18.0,,,,13.0,,,,,,12.0,,,,9.0,,,,,,,645.0,,,,,,,,,,,,,,,,,15.0,,,,160.0,,288.0,12.0,,,,,18.0,30.0,4.0,,,14.0,44.0,,,,,,,6.0,,,,,,,,,,,,,,,,,,,,,,,,,,,,,,,,,,,,,,,,,,,,,,,,,,,,,,,,,,,,,,,,,,,,,,,,,,,,,,,,
_250m_16_days_VI_Quality_2008065_aid0001,aid0001,2008-03-05 00:00:00+00:00,85.0,,78.0,,,,,80596.0,,117.0,,,,,5451.0,,201.0,,,,,33.0,,14.0,,,,,,,,,,,,,,,,,,10.0,,8.0,,,,,6.0,,,,,,,16.0,,,,,,,,,,,,,,,,,,,,,,,,,,,,,,,,660.0,,,,,,,,,,,,,,,,,,,,,209.0,,27.0,,,,,,,15.0,,,,,,,,,,,,5.0,,,,,,,,,,,,,,,,,,,,,,,,,,,,,,,,,,,,,,,,,,,,,,,,,,,,,,,,,,,,,,,,,,,,,,,,,,,,,,,,
_250m_16_days_VI_Quality_2008081_aid0001,aid0001,2008-03-21 00:00:00+00:00,,20.0,157.0,4.0,,,,76976.0,,1160.0,,,,,7489.0,,733.0,,,,,20.0,,25.0,,,,,,,,,,,,,,,,,,17.0,,6.0,,,,,13.0,,,,,,,14.0,5.0,,,,,,,,,,,,,,,19.0,,,,,,,,,,,,,,,,828.0,,,,,,,,,,,,,,,,,,,,,4.0,,39.0,,,,,,,,,,,,,,,,,,,,,,,,,,,,,,,,,,,,,,,,,,,,,,,,,,,,,,,,,,,,,,,,,,,,,,,,,,,,,2.0,,,,,,,,,,,,,,,,,,,,,,
_250m_16_days_VI_Quality_2008097_aid0001,aid0001,2008-04-06 00:00:00+00:00,,147.0,1.0,23.0,,,,81806.0,,145.0,,,,,4122.0,,91.0,,,,,4.0,,,,,,,,,4.0,,,,,235.0,,,,,,198.0,,30.0,,,,,,,,,,,,20.0,,,,5.0,,,121.0,,,,,,,,,,,,,,,,,,,,,,,,,424.0,,,,,,,,,,,,,,,,,,,,,123.0,,13.0,,,,,,,,,,,9.0,5.0,,,,,,,,,,,,,,,,,,,,,,,,,,,,,,,,,,,,,,,,,,,,,,,,,,,,,,,,,,,,,,,,5.0,,,,,,,,,,,,,,,,,,,,,,,
_250m_16_days_VI_Quality_2008113_aid0001,aid0001,2008-04-22 00:00:00+00:00,,14.0,,10.0,,,,75153.0,,1.0,,,,,11485.0,,27.0,,,,,,,,,,,,,,11.0,,,,,,,,,,,27.0,,23.0,,,,,,,,,,,,,,,,,,,,,,,,,,,,,,,,,,,,,,,,,,,,780.0,,,,,,,,,,,,,,,,,,,,,,,,,,,,,,,,,,,,,,,,,,,,,,,,,,,,,,,,,,,,,,,,,,,,,,,,,,,,,,,,,,,,,,,,,,,,,,,,,,,,,,,,,,,,,,,,,,,,,,,,,,
_250m_16_days_VI_Quality_2008129_aid0001,aid0001,2008-05-08 00:00:00+00:00,,7.0,,76.0,,,,19375.0,,6100.0,,,,,35120.0,,25181.0,,,,,194.0,,14.0,,,,,,,38.0,,,,,,,,,,,10.0,,280.0,,,,,7.0,5.0,34.0,,,,,6.0,49.0,,,,,,,,,,,,,,,,,,,,,,,,6.0,10.0,,,,,,807.0,,187.0,,,,,,,,,,,,,,,15.0,,,,,,,,,,,,,,,,,,,,,,,,,,,,,,,,,,,,,,,,,,,6.0,,,,,,,,,,,,,,,,,,,,,,,,,,,,,,,,,,,,,,,4.0,,,,,,,,,,,,,,,,,,,,,,,
_250m_16_days_VI_Quality_2008145_aid0001,aid0001,2008-05-24 00:00:00+00:00,,130.0,,101.0,,,,82342.0,,312.0,,,,,3193.0,,46.0,,,,,,,,,,,,,,,,,,,355.0,,,,,2.0,175.0,,24.0,,,,,6.0,,,,,,,5.0,,,,,,,,,,,,,,,,,,,,,,,,,,,,,,,,815.0,,,,,,,,,,,,,,,,,,,,,,,,,,,,,,,,,,,,,,,,,,,,,,,,,,,,10.0,,,,,,,,,,,,,,,,,,11.0,,,,4.0,,,,,,,,,,,,,,,,,,,,,,,,,,,,,,,,,,,,,,,,,,,,,,,,
_250m_16_days_VI_Quality_2008161_aid0001,aid0001,2008-06-09 00:00:00+00:00,,6399.0,,2476.0,,,1.0,6744.0,,81.0,,,,,43168.0,216.0,2435.0,,,,,485.0,192.0,163.0,,,,,,2.0,204.0,5.0,,,,587.0,,,,,,10344.0,27.0,1497.0,,,,,1455.0,191.0,1494.0,422.0,,,,1083.0,1064.0,,,,,,2599.0,15.0,,,567.0,,,,,129.0,,,,,727.0,5.0,,,369.0,234.0,,,,,,580.0,,49.0,,,,,,,,,,,,,,,25.0,,,,,,,,,,,,,,,,,,,,,,,,,,,,,,,,,,,45.0,,,,297.0,,20.0,,,,22.0,,,,,10.0,11.0,,31.0,,,,440.0,,92.0,,,18.0,37.0,280.0,12.0,,,,,,55.0,,,,,5.0,,,,58.0,,,64.0,,,,,,,,,,,,,,,,,,,,,,
_250m_16_days_VI_Quality_2008177_aid0001,aid0001,2008-06-25 00:00:00+00:00,,22043.0,,5773.0,,,7.0,3132.0,,2.0,,,,,15006.0,,1032.0,,,,1.0,708.0,40.0,1044.0,7.0,,,,19.0,16.0,,26.0,,,,1394.0,,,,,1.0,16138.0,46.0,1916.0,,,,8.0,5867.0,665.0,2728.0,301.0,,,4.0,4805.0,796.0,,3.0,,,,4.0,,,,211.0,195.0,,,14.0,,,,,,71.0,9.0,,,503.0,577.0,,,28.0,2.0,,653.0,,,,,,71.0,,,5.0,,,,,,,,25.0,,,,,,,,,,,,,,,,,,,,,,,,,,,,,,,,,,,,,,,158.0,,13.0,,51.0,,20.0,,,,,,7.0,,20.0,,,,606.0,11.0,28.0,,,423.0,91.0,17.0,70.0,,,,,,12.0,,,,,,,,,6.0,,47.0,55.0,,,,,,,,,,,,,,,,,,,,,,
_250m_16_days_VI_Quality_2008193_aid0001,aid0001,2008-07-11 00:00:00+00:00,,14286.0,,6292.0,,,8.0,167.0,,5.0,,,,,16676.0,,5616.0,38.0,,,1.0,1155.0,,593.0,153.0,,,1.0,19.0,21.0,32.0,127.0,,,,235.0,,,,,,11792.0,,4140.0,108.0,,,2.0,6257.0,391.0,2223.0,762.0,,,5.0,5180.0,3171.0,,4.0,,,,,166.0,,,84.0,464.0,,,23.0,20.0,,,,,,76.0,,,880.0,1538.0,,,,50.0,,442.0,,33.0,,,,106.0,56.0,2.0,14.0,,,,,,,,,,,,,,,,,,,,,,,,,,,,,,,,,,,,,,,,,,,,,,,266.0,,257.0,,,,4.0,,,5.0,10.0,,20.0,,,,,,1322.0,,138.0,18.0,,843.0,193.0,271.0,338.0,2.0,,,,,,4.0,,47.0,,,24.0,,,,,117.0,238.0,,,,,,,,,,,,,,,,,,,,,,
_250m_16_days_VI_Quality_2008209_aid0001,aid0001,2008-07-27 00:00:00+00:00,,25414.0,,11007.0,,,7.0,5429.0,,,,,,,6255.0,163.0,933.0,,,,,137.0,77.0,243.0,19.0,,,,,19.0,36.0,188.0,,,,3104.0,,,,,,12967.0,443.0,1443.0,,,,4.0,2852.0,1609.0,963.0,933.0,,,3.0,4124.0,2782.0,,3.0,,,,170.0,14.0,,,29.0,34.0,,,9.0,103.0,,,,,436.0,22.0,,,918.0,559.0,,1.0,100.0,98.0,,477.0,,,,,,129.0,58.0,,15.0,,,,,,,4.0,,,,12.0,,,,,,,,,,,,,,,,,,,,,,,,,,,,,,,,43.0,,,,122.0,,,,,4.0,58.0,,,,,,44.0,,89.0,,,,666.0,31.0,203.0,,,415.0,499.0,296.0,334.0,,,,,,,,14.0,,,,35.0,,,10.0,,159.0,163.0,1.0,,,,,,,,,,,,,,,,,,,,,
_250m_16_days_VI_Quality_2008225_aid0001,aid0001,2008-08-12 00:00:00+00:00,,14615.0,,7703.0,,,10.0,10496.0,,5379.0,,,,1.0,7133.0,,3252.0,,,,,968.0,,54.0,,,,1.0,19.0,4.0,,49.0,,,,5459.0,,3839.0,,,,10667.0,,6251.0,,,,11.0,2291.0,83.0,1332.0,13.0,,,4.0,3547.0,2175.0,,5.0,,,,,89.0,,,,4.0,,,12.0,37.0,,,,,,53.0,,,143.0,156.0,,1.0,,,,491.0,,512.0,,,,,55.0,,,,,,,,,,35.0,,,,,,,,,,,,,,,,,,,,,,,,,,,,,,,,,,,,,,,5.0,,,,,,4.0,,,14.0,11.0,,,,6.0,,,,270.0,,,,,168.0,18.0,14.0,,,,,,,,,14.0,,,,,,,,,38.0,20.0,,,,,,,,,,,,,,,,,,,,,,
_250m_16_days_VI_Quality_2008241_aid0001,aid0001,2008-08-28 00:00:00+00:00,,,,,,,,86619.0,,262.0,,,,,15.0,,,,,,,,,,,,,,,,,,,,,,,,,,,,,,,,,,,,,,,,,,,,,,,,,,,,,,,,,,,,,,,,,,,,,,,,,635.0,,,,,,,,,,,,,,,,,,,,,,,,,,,,,,,,,,,,,,,,,,,,,,,,,,,,,,,,,,,,,,,,,,,,,,,,,,,,,,,,,,,,,,,,,,,,,,,,,,,,,,,,,,,,,,,,,,,,,,,,,,
_250m_16_days_VI_Quality_2008257_aid0001,aid0001,2008-09-13 00:00:00+00:00,,27.0,,1.0,,,,86090.0,,59.0,,,,,350.0,,,,,,,,,,,,,,,,,,,,,188.0,,12.0,,,,,,2.0,,,,,,,,,,,,5.0,5.0,,,,,,,,,,,,,,,,,,,,,,,,,,,,,,,744.0,,38.0,,,,,,,,,,,,,,,4.0,,,,,,,,,,,,,,,,,,,,,,,,,,,,,,,,,,,,,,,,,,,,,,,,,,,,,6.0,,,,,,,,,,,,,,,,,,,,,,,,,,,,,,,,,,,,,,,,,,,,,,,,,,,,
_250m_16_days_VI_Quality_2008273_aid0001,aid0001,2008-09-29 00:00:00+00:00,,,,,,,,84211.0,,2395.0,,,,,41.0,,,,,,,,,,,,,,,,,,,,,,,,,,,,,,,,,,,,,,,,,,,,,,,,,,,,,,,,,,,,,,,,,,,,,,,,,866.0,,13.0,,,,,,,,,,,,,,,5.0,,,,,,,,,,,,,,,,,,,,,,,,,,,,,,,,,,,,,,,,,,,,,,,,,,,,,,,,,,,,,,,,,,,,,,,,,,,,,,,,,,,,,,,,,,,,,,,,,,,,,,,,,
_250m_16_days_VI_Quality_2008289_aid0001,aid0001,2008-10-15 00:00:00+00:00,,,,,,,,86776.0,,85.0,,,,,104.0,,,,,,,,,,,,,,,,,,,,,,,,,,,,,,,,,,,,,,,,,,,,,,,,,,,,,,,,,,,,,,,,,,,,,,,,,534.0,,,,,,,,,,,,,,,,,32.0,,,,,,,,,,,,,,,,,,,,,,,,,,,,,,,,,,,,,,,,,,,,,,,,,,,,,,,,,,,,,,,,,,,,,,,,,,,,,,,,,,,,,,,,,,,,,,,,,,,,,,,,,
_250m_16_days_VI_Quality_2008305_aid0001,aid0001,2008-10-31 00:00:00+00:00,,,,,,,,86568.0,,17.0,,,,,365.0,,,,,,,,,,,,,,,,,,,,,,,,,,,,,,,,,,,,,,,,,,,,,,,,,,,,,,,,,,,,,,,,,,,,,,,,,581.0,,,,,,,,,,,,,,,,,,,,,,,,,,,,,,,,,,,,,,,,,,,,,,,,,,,,,,,,,,,,,,,,,,,,,,,,,,,,,,,,,,,,,,,,,,,,,,,,,,,,,,,,,,,,,,,,,,,,,,,,,,
_250m_16_days_VI_Quality_2008321_aid0001,aid0001,2008-11-16 00:00:00+00:00,,,,,,,,86025.0,,906.0,,,,1.0,,,,,,,,,,,1.0,,,,,,,,,,,,,,,,,,,,,,,,,,,,,,,,,,,8.0,,,,,,,,,,,,,,,,,,,,,,,,,,,,586.0,,,,,,,,,,,,,,,,,4.0,,,,,,,,,,,,,,,,,,,,,,,,,,,,,,,,,,,,,,,,,,,,,,,,,,,,,,,,,,,,,,,,,,,,,,,,,,,,,,,,,,,,,,,,,,,,,,,,,,,,,,,,,
_250m_16_days_VI_Quality_2008337_aid0001,aid0001,2008-12-02 00:00:00+00:00,,,,,,,,83978.0,11.0,898.0,,,,1.0,1194.0,43.0,300.0,,,,,,,,,,,,,,,,,,,,,,,,,,,,,,,,,,,,,,,,,,,193.0,,,178.0,,,,,,,,,,,,,,,,,,,,,,,,,695.0,,18.0,,,,,,,,,,,,,,,22.0,,,,,,,,,,,,,,,,,,,,,,,,,,,,,,,,,,,,,,,,,,,,,,,,,,,,,,,,,,,,,,,,,,,,,,,,,,,,,,,,,,,,,,,,,,,,,,,,,,,,,,,,,
_250m_16_days_VI_Quality_2008353_aid0001,aid0001,2008-12-18 00:00:00+00:00,,,56.0,14.0,,3.0,,85270.0,,441.0,,,,1.0,259.0,,398.0,,5.0,,,17.0,,26.0,,23.0,,,,4.0,2.0,,,,,127.0,,,,,,22.0,,24.0,,,,,10.0,,,,,,,9.0,6.0,,,12.0,4.0,,,,,,,,,,1.0,,,,,,,,,,,,,,,,,416.0,,,,,,,,,,,,,,,,,,,,,27.0,,316.0,,,,,,,1.0,,,,11.0,26.0,,,,,,,,,,,,,,,,,,,,,,,,,,,,,,,,,,,,,,,,,,,,,,,,,,,,,,,,,,,,,,,,,,,,,,,,,,,,,,,,,,,,,,,
_250m_16_days_VI_Quality_2009001_aid0001,aid0001,2009-01-01 00:00:00+00:00,20.0,158.0,95.0,217.0,,21.0,7.0,76988.0,,4104.0,,76.0,,,994.0,,1655.0,,6.0,,,,,97.0,6.0,13.0,,,,18.0,42.0,13.0,,19.0,,510.0,,160.0,,,,92.0,,236.0,,9.0,,,,,9.0,6.0,,,,72.0,85.0,10.0,1.0,45.0,18.0,,13.0,14.0,,,,127.0,1.0,,3.0,1.0,,,,,,16.0,5.0,,,,8.0,,,,,270.0,,888.0,,,,,,,,,,,,,,,,,,,53.0,,202.0,4.0,5.0,,,,,,,,,11.0,10.0,,,,,,,,,,,,,,7.0,,,,,,,,,24.0,,,31.0,,,,,3.0,,,,5.0,,,,5.0,,6.0,,,4.0,,,,,,,,,,,,,,,,,,,5.0,,,,,,,,,,,,,,,,,,,,,,,,
_250m_16_days_VI_Quality_2009017_aid0001,aid0001,2009-01-17 00:00:00+00:00,1.0,46.0,,40.0,,,,79697.0,,515.0,,,,,4981.0,,365.0,,,,,15.0,,10.0,10.0,,,,,7.0,6.0,,,,,153.0,,6.0,,,,165.0,,46.0,,,,,4.0,,,,,,,32.0,6.0,,,,,,4.0,,,,20.0,,,,27.0,,,1.0,,,,,,,12.0,,,,,,,885.0,,104.0,,,,,,,,,,,,,,,24.0,,,,112.0,2.0,104.0,,,,,,,,,,,127.0,,,,,,,,,,,,,,,,,,,,,,,,,,,,,,,,,,,,,,,,,,,,,,,,,,4.0,,,,,,,,,,,,,,,,,,,,,,,,,,,,,,,,,,,,,,
_250m_16_days_VI_Quality_2009033_aid0001,aid0001,2009-02-02 00:00:00+00:00,69.0,16.0,16.0,32.0,,,,80140.0,11.0,712.0,,,,,4625.0,,461.0,,,,,,,,,,,,4.0,,16.0,8.0,,,,48.0,,,,,,121.0,,97.0,,,,,26.0,4.0,5.0,9.0,,,,5.0,1.0,,,4.0,,,22.0,,,,,,,,,6.0,,,,,,,,,5.0,,,,,,,654.0,,16.0,,,,,,,,,6.0,,,,,,,,,,214.0,4.0,102.0,,,,1.0,,,8.0,,,,63.0,,,,,,,,,,,,,,,,,,,,,,,,,,,,,,,,,,,,,,,,,,,,,,,,,,,,,,,,,,,,,,,,,,,,,,,,,,,,,,,,,,,,,,,,
_250m_16_days_VI_Quality_2009049_aid0001,aid0001,2009-02-18 00:00:00+00:00,,175.0,,16.0,,,,84838.0,,191.0,,,,,858.0,,18.0,,,,,4.0,,,,,,,20.0,7.0,30.0,5.0,,,,270.0,,10.0,,,,164.0,,24.0,,,,,9.0,,10.0,,,,,85.0,,,,,,,,,,,,,,,9.0,,,,,,14.0,,,,13.0,,,,,,,604.0,,8.0,,,,,,,,,,,,,,,10.0,,,,32.0,4.0,,,,,,,,,,,,54.0,40.0,,,,,3.0,,,,,,,,,,,,,,,,,,,,,,,,,,,,,,,,,,6.0,,,,,,,,,,,,,,,,,,,,,,,,,,,,,,,,,,,,,,,,,,,,,,,,
_250m_16_days_VI_Quality_2009065_aid0001,aid0001,2009-03-06 00:00:00+00:00,1.0,74.0,,85.0,,,,77186.0,,4580.0,,,,1.0,3817.0,,625.0,,,,,,4.0,,,,,,34.0,1.0,4.0,3.0,,,,139.0,,42.0,,,,108.0,,79.0,,,,,,6.0,9.0,,,,,,12.0,,,,,,,,,,,,,,,8.0,,,,,,,,,,,,,,,,689.0,,,,,,,,,,,,,,,,,14.0,,,,,,,,,,,,,,,,,10.0,,,,,,,,,,,,,,,,,,,,,,,,,,,,,,,,,,,,,,,,,,,,,,,,,,,,,,,,,,,,,,,,,,,,,,,,,,,,,,,,,,,,,,,,
_250m_16_days_VI_Quality_2009081_aid0001,aid0001,2009-03-22 00:00:00+00:00,18.0,134.0,,51.0,,,,70671.0,,12772.0,,,,,1819.0,101.0,425.0,,,,,60.0,,,,,,,5.0,,,,,,,56.0,,19.0,,,,45.0,,70.0,,,,,18.0,,5.0,,,,,33.0,,,,,,,329.0,,,,,,,,,,,,,,,,,,4.0,,,,,,,173.0,,489.0,,,,,,,,,,,,,,,,,,,139.0,,43.0,,,,,,,,,,,11.0,4.0,,,,,,,10.0,5.0,,6.0,,,,,,,,,,,,,,,,,,,,,,,,,,,,,,,16.0,,,,,,,,,,,,,,,,,,,,,,,,,,,,,,,,,,,,,,,,,,,,,,
_250m_16_days_VI_Quality_2009097_aid0001,aid0001,2009-04-07 00:00:00+00:00,1.0,4.0,58.0,10.0,,,,84507.0,,746.0,,,,,1145.0,,248.0,,,,,12.0,,,,,,,13.0,,6.0,,,,,10.0,,4.0,,,,14.0,,4.0,,,,,5.0,,,,,,,,,,,,,,12.0,,,,,,,,,,,,,,,,,,,,,,,,,628.0,,,,,,,,,,,,,,,,,,,,,32.0,,68.0,,,,,,,,,,,,4.0,,,,,,,,,,,,,,,,,,,,,,,,,,,,,,,,,,,,,,,,,,,,,,,,,,,,,,,,,,,,,,,,,,,,,,,,,,,,,,,,,,,,,,,
_250m_16_days_VI_Quality_2009113_aid0001,aid0001,2009-04-23 00:00:00+00:00,,10.0,,4.0,,,,83642.0,,93.0,,,,,3061.0,,,,,,,4.0,,43.0,,,,,,,,8.0,,,,8.0,,,,,,9.0,,13.0,,,,,,,,,,,,,,,,,,,,,,,,,,,,,,,,,,,,,,9.0,,,,,,627.0,,,,,,,,,,,,,,,,,,,,,,,,,,,,,,,,,,,,,,,,,,,,,,,,,,,,,,,,,,,,,,,,,,,,,,,,,,,,,,,,,,,,,,,,,,,,,,,,,,,,,,,,,,,,,,,,,,,,,,,,,,
_250m_16_days_VI_Quality_2009129_aid0001,aid0001,2009-05-09 00:00:00+00:00,,,,,,,,67861.0,,521.0,,,,,17932.0,,399.0,,,,,,,118.0,,,,,,,,,,,,,,,,,,24.0,,15.0,,,,,,,,,,,,,,,,,,,,,,,,,,,,,,,,,,,,,,,,,,,,657.0,,,,,,,,,,,,,,,,,4.0,,,,,,,,,,,,,,,,,,,,,,,,,,,,,,,,,,,,,,,,,,,,,,,,,,,,,,,,,,,,,,,,,,,,,,,,,,,,,,,,,,,,,,,,,,,,,,,,,,,,,,,,,
_250m_16_days_VI_Quality_2009145_aid0001,aid0001,2009-05-25 00:00:00+00:00,,,,,,,,84773.0,,,,,,,2123.0,,,,,,,,,,,,,,,,,,,,,38.0,,,,,,1.0,,,,,,,,,,,,,,,,,,,,,,,,,,,,,,,,,,,,,,,,,,,,,,595.0,,,,,1.0,,,,,,,,,,,,,,,,,,,,,,,,,,,,,,,,,,,,,,,,,,,,,,,,,,,,,,,,,,,,,,,,,,,,,,,,,,,,,,,,,,,,,,,,,,,,,,,,,,,,,,,,,,,,,,,,,,,,,
_250m_16_days_VI_Quality_2009161_aid0001,aid0001,2009-06-10 00:00:00+00:00,,,,,,,,74378.0,,67.0,,,,,12249.0,,109.0,,,,,,,43.0,,,,,,,,,,,,,,,,,,,,,,,,,,,,,,,,,,,,,,,,,,,,,,,,,,,,,,,,,,,,,,,,675.0,,,,,,,,,,,,,,,,,10.0,,,,,,,,,,,,,,,,,,,,,,,,,,,,,,,,,,,,,,,,,,,,,,,,,,,,,,,,,,,,,,,,,,,,,,,,,,,,,,,,,,,,,,,,,,,,,,,,,,,,,,,,,
_250m_16_days_VI_Quality_2009177_aid0001,aid0001,2009-06-26 00:00:00+00:00,,212.0,,49.0,,,,80997.0,,,,,,,4687.0,,31.0,,,,,5.0,,,,,,,,,20.0,,,,,656.0,,,,,,82.0,,,,,,,6.0,2.0,9.0,,,,,,4.0,,,,,,,,,,,,,,,,,,,,,,,,,,,,,,,707.0,,,,,2.0,,,,,,,,,,,,15.0,,,,,,,,,,,,,,,,,,,,,,,,,,,,,,,,,,,13.0,,,,,,16.0,,,,,,,,,11.0,,,7.0,,,,,,,,,,,,,,,,,,,,,,,,,,,,,,,,,,,,,,,,,,,,,,,,,,,,
_250m_16_days_VI_Quality_2009193_aid0001,aid0001,2009-07-12 00:00:00+00:00,,5315.0,,3291.0,,,2.0,11415.0,,16455.0,,,,,34685.0,16.0,676.0,,,,,181.0,83.0,,,,,,,4.0,20.0,,,,,283.0,,2980.0,,,,4834.0,,1455.0,,,,,875.0,97.0,457.0,279.0,,,,387.0,265.0,,,18.0,14.0,,1273.0,,,,104.0,,,,,,,,,,81.0,9.0,,,68.0,60.0,,,,,,826.0,,,,,,,,,,,,,,,,,4.0,,,,,,,,,,,,,,,,,,,,,,,,,,,,,,,,,,,,,137.0,,44.0,,,,11.0,28.0,,,,,,,,,,,146.0,,145.0,37.0,106.0,,,44.0,52.0,24.0,38.0,,,,,,29.0,,40.0,,,,,,,67.0,14.0,57.0,,,,,,,,,,,,,,,,,,,,,,,
_250m_16_days_VI_Quality_2009209_aid0001,aid0001,2009-07-28 00:00:00+00:00,,10975.0,14.0,8262.0,,,1.0,4414.0,,,,,,,24125.0,34.0,4424.0,,,,,1193.0,24.0,2581.0,,,,,8.0,,396.0,37.0,,,,550.0,,,,,,11109.0,,2737.0,,,,,2852.0,369.0,1982.0,159.0,,,9.0,2363.0,3315.0,,2.0,,,,52.0,15.0,,,34.0,45.0,,,9.0,119.0,,,,,178.0,23.0,,,351.0,328.0,,1.0,4.0,9.0,,640.0,,180.0,,,,56.0,5.0,,,,,,,,,,,,,,,,,,,,,,,,,,,,,,,,,,,,,,,,,,,,,,,,,268.0,,121.0,,106.0,34.0,257.0,,,3.0,,20.0,2.0,,,,,,651.0,5.0,261.0,,1.0,723.0,145.0,613.0,6.0,,,,,,,,,4.0,,,12.0,,,18.0,,130.0,167.0,,,,,,,,,,,,,,,,,,,,,,
_250m_16_days_VI_Quality_2009225_aid0001,aid0001,2009-08-13 00:00:00+00:00,,6346.0,132.0,5583.0,,,2.0,28638.0,,,,,,,11602.0,72.0,10935.0,,,,,428.0,102.0,888.0,,,,,,6.0,371.0,12.0,,,,3070.0,,,,,,6166.0,22.0,3823.0,6.0,,,1.0,345.0,240.0,886.0,88.0,,,,786.0,2835.0,,,,,,148.0,,,,69.0,5.0,,,,40.0,,,,,48.0,,,,104.0,199.0,,,,15.0,1.0,791.0,,69.0,,,,,14.0,,,,,,,,,,,,,,,,,,,,,,,,,,,12.0,,,,,,,,,,,,,,,,58.0,,25.0,,,,374.0,42.0,282.0,,93.0,,22.0,,,,,103.0,9.0,,188.0,,,,399.0,23.0,266.0,,,141.0,93.0,319.0,,,,,,,,,,,,,24.0,,,109.0,,22.0,39.0,,,,,,,,,,,,,,,,,,,,,,
_250m_16_days_VI_Quality_2009241_aid0001,aid0001,2009-08-29 00:00:00+00:00,,240.0,,9.0,,,1.0,84384.0,,192.0,,,,,251.0,,456.0,,,,,,,10.0,,,,,,,,,,,,1052.0,,16.0,,,,116.0,,46.0,,,,,6.0,6.0,,,,,,5.0,10.0,,,,,,,,,,,,,,,,,,,,,,,,,,,,,,,441.0,,107.0,,,1.0,,,,,,,,,,,,,,,,,,,,,,,,,,,,,,,,,,,,,,,,,,,,,,,85.0,,,,,,,,,,,,,,,,,,87.0,,,,,,,,,10.0,,,,,,,,,,,,,,,,,,,,,,,,,,,,,,,,,,,,,,,,,,,
_250m_16_days_VI_Quality_2009257_aid0001,aid0001,2009-09-14 00:00:00+00:00,,7.0,,1.0,,,,78156.0,,1177.0,,,,,7340.0,,4.0,,,,,,,,,,,,,,,,,,,,,,,,,,,,,,,,,,,,,,,,,,,,,,,,,,,,,,,,,,,,,,,,,,,,,,,846.0,,,,,,,,,,,,,,,,,,,,,,,,,,,,,,,,,,,,,,,,,,,,,,,,,,,,,,,,,,,,,,,,,,,,,,,,,,,,,,,,,,,,,,,,,,,,,,,,,,,,,,,,,,,,,,,,,,,,,,,,,,
_250m_16_days_VI_Quality_2009273_aid0001,aid0001,2009-09-30 00:00:00+00:00,,,,,,,,76613.0,,460.0,,,,,9560.0,,2.0,,,,,,,,,,,,,,,,,,,1.0,,,,,,,,,,,,,,,,,,,,,,,,,,,,,,,,,,,,,,,,,,,,,,,,,,,,824.0,,71.0,,,,,,,,,,,,,,,,,,,,,,,,,,,,,,,,,,,,,,,,,,,,,,,,,,,,,,,,,,,,,,,,,,,,,,,,,,,,,,,,,,,,,,,,,,,,,,,,,,,,,,,,,,,,,,,,,,,,,,,,
_250m_16_days_VI_Quality_2009289_aid0001,aid0001,2009-10-16 00:00:00+00:00,,,,,,,,86763.0,,13.0,,,,,,,,,,,,,,,,,,,,,,,,,,,,,,,,,,,,,,,,,,,,,,,,,,,,,,,,,,,,,,,,,,,,,,,,,,,,,,739.0,,,,,,,,,,,,,,,,,16.0,,,,,,,,,,,,,,,,,,,,,,,,,,,,,,,,,,,,,,,,,,,,,,,,,,,,,,,,,,,,,,,,,,,,,,,,,,,,,,,,,,,,,,,,,,,,,,,,,,,,,,,,,
_250m_16_days_VI_Quality_2009305_aid0001,aid0001,2009-11-01 00:00:00+00:00,,,,,,,,85074.0,,4.0,,,,,1887.0,,,,,,,,,,,,,,,,,,,,,,,,,,,,,,,,,,,,,,,,,,,,,,,,,,,,,,,,,,,,,,,,,,,,,,,,,518.0,,,,,2.0,,,,,,,,,,,,46.0,,,,,,,,,,,,,,,,,,,,,,,,,,,,,,,,,,,,,,,,,,,,,,,,,,,,,,,,,,,,,,,,,,,,,,,,,,,,,,,,,,,,,,,,,,,,,,,,,,,,,,,,,
_250m_16_days_VI_Quality_2009321_aid0001,aid0001,2009-11-17 00:00:00+00:00,,57.0,16.0,22.0,,,1.0,85468.0,,173.0,,,,,488.0,,149.0,,,,,,2.0,52.0,10.0,,,,,,1.0,,,,,88.0,,8.0,,,,51.0,,31.0,,,,,14.0,,,,,,,18.0,5.0,,,17.0,,,8.0,4.0,,,,19.0,,,,1.0,,,,,15.0,,,,,,,,,,,751.0,,4.0,,,,,,,,,,,,,,,,,,,,,22.0,,,,,,,,,,,10.0,4.0,,,,,,,,,,,4.0,,,,,,,,,,,,,,,,,,,,,,,,13.0,,,,5.0,,,,,,,,,,,,,,,,,,,,,,,,,,,,,,,,,,,,,,,,,,,,,,,,
_250m_16_days_VI_Quality_2009337_aid0001,aid0001,2009-12-03 00:00:00+00:00,,14.0,,7.0,,3.0,,72449.0,,5894.0,,5.0,,,5910.0,,1772.0,,6.0,,,,,45.0,1.0,,,,,,12.0,10.0,,,,71.0,,,,,,46.0,,30.0,,,,,,,4.0,,,,,4.0,2.0,,,39.0,1.0,,276.0,,,,,,,,,,,,,,,,,,,,,,,,,711.0,,211.0,,,,,,,,,,,,,,,,,,,,,,,,,,,,,,,,4.0,,4.0,,,,,,,,,,,,,,,,,,,,,,,,,,,,,,,,,,,,,,,,,,,,,,,,,,,,,,,,,,,,,,,,,,,,,,,,,,,,,,,,,,,,,,
_250m_16_days_VI_Quality_2009353_aid0001,aid0001,2009-12-19 00:00:00+00:00,,,31.0,4.0,,,,83981.0,,37.0,,35.0,,3.0,2311.0,,61.0,,75.0,,,,,141.0,,6.0,,1.0,,,,,,,,96.0,,,,,,12.0,,,,,,,,,,,,,,2.0,,,,38.0,4.0,,4.0,,,,,,,,,,,,,,,,,,,,,,,,,679.0,,,,,,,,,,,,,,,,,,,,,,,10.0,,,,,,,,,,,,,,,,,,,,,,,,,,,,,,,,,,,,,,,,,,,,,,,,,,,,,,,,,,,,,,,,,,,,,,,,,,,,,,,,,,,,,,,,,,,,,,,,,,,
_250m_16_days_VI_Quality_2010001_aid0001,aid0001,2010-01-01 00:00:00+00:00,,23.0,20.0,,,8.0,,84075.0,,280.0,,63.0,,6.0,1960.0,,37.0,,97.0,,,,,19.0,,,,,,,5.0,,,,,49.0,,6.0,,,,110.0,1.0,4.0,,17.0,,,,,,,,,,22.0,,1.0,,26.0,,,18.0,,,,10.0,,,,,3.0,,,,,,,,,,,,,,,,591.0,,,,,1.0,,,,,,,,,,,,,,,,59.0,,3.0,,,,,,,,,,,6.0,11.0,,,,,,,,,,,,,,,,,,,,,,,,,,,,,,,,,,,,,,,,,,,,,,,,,,,,,,,,,,,,,,,,,,,,,,,,,,,,,,,,,,,,,,,
_250m_16_days_VI_Quality_2010017_aid0001,aid0001,2010-01-17 00:00:00+00:00,,90.0,16.0,23.0,,,,84239.0,,355.0,,,,,1202.0,,244.0,,,,,7.0,,111.0,,,,,20.0,4.0,,,,,,110.0,,,,,,166.0,,5.0,,,,,20.0,,,,,,2.0,31.0,5.0,,2.0,,,,2.0,,,,6.0,,,,8.0,1.0,,,,,,,,,3.0,,,3.0,,,,783.0,,,,,,,,,,,,,,,,,,,,,46.0,,,,,,,,,,,,,15.0,2.0,,,,,1.0,,,,,,,,,,,,,,,,,,,,,,,5.0,,,,,,,,,,,,,,,,,,,4.0,,,,,,,,,,,,,,,,,,,,,,,,,,,,,,,,,,,,,,,,
_250m_16_days_VI_Quality_2010033_aid0001,aid0001,2010-02-02 00:00:00+00:00,,23.0,,32.0,,,,70105.0,9.0,6954.0,,,,,7737.0,185.0,785.0,,,,,28.0,,47.0,,,,,,1.0,,,,,,97.0,,12.0,,,,197.0,,39.0,,,,,,4.0,12.0,,,,,15.0,46.0,,,85.0,32.0,,136.0,,,,,,,,10.0,,,,,,,31.0,,,,,,,,,,628.0,,,,,,,,,,,,,,,,,,,,,182.0,,62.0,,,,,,,,,,,17.0,15.0,,,,,,,,,,,,,,,,,,,,,,,,,,,,,,,,,,,,,,,,,,,,,,,,,,,,,,,,,,,,,,,,,,,,,,,,,,,,,,,,,5.0,,,,,,
_250m_16_days_VI_Quality_2010049_aid0001,aid0001,2010-02-18 00:00:00+00:00,66.0,49.0,272.0,10.0,,,,79917.0,,612.0,,,,,3113.0,,1351.0,,,,,25.0,,191.0,,,,,24.0,,4.0,6.0,,,,121.0,,47.0,,,,167.0,,27.0,,,,,,,,,,,,6.0,51.0,,,,,,,8.0,,,,,,,5.0,5.0,,,,,,,,,4.0,,,,,,,696.0,,,,,,,,,,,,,,,,,10.0,,,,534.0,8.0,65.0,,,,,,,,,,,51.0,6.0,,,14.0,,,,9.0,,,,,,,,,,,,,,,,,,,,,,,,,,,,5.0,,,,48.0,,4.0,,,,,,,,,,,,,,,,,,,,,,,,,,,,,,,,,,,,,,,,,,,,,,
_250m_16_days_VI_Quality_2010065_aid0001,aid0001,2010-03-06 00:00:00+00:00,51.0,3.0,56.0,,,,,84186.0,,470.0,,,,,1089.0,,730.0,,,,,5.0,,58.0,,,,,,,,,,,,,,,,,,,,,,,,,,,,,,,,,9.0,,,,,,2.0,,,,,,,,,,,,,,,,,,,,,,,,,637.0,,,,,,,,,,,,,,,,,4.0,,,,61.0,,170.0,,,,,,,,,,,,,,,,,,,,,,,,,,,,,,,,,,,,,,,,,,,,,,,,,,,,,,,,,,,,,,,,,,,,,,,,,,,,,,,,,,,,,,,,,,,,,,,,,,,
_250m_16_days_VI_Quality_2010081_aid0001,aid0001,2010-03-22 00:00:00+00:00,33.0,12.0,49.0,6.0,,,,84614.0,,747.0,,,,,1267.0,,68.0,,,,,,,6.0,,,,,,,,,,,,,,20.0,,,,24.0,,34.0,,,,,,,,,,,,,,,,,,,,,,,,,,,,,,,,,,,,,,,,,,,,651.0,,,,,,,,,,,,,,,,,,,,,,,,,,,,,,,,,,,,,,,,,,,,,,,,,,,,,,,,,,,,,,,,,,,,,,,,,,,,,,,,,,,,,,,,,,,,,,,,,,,,,,,,,,,,,,,,,,,,,,,,,,
_250m_16_days_VI_Quality_2010097_aid0001,aid0001,2010-04-07 00:00:00+00:00,12.0,,,,,,,84982.0,,,,,,,1859.0,,17.0,,,,,,,,,,,,,,,,,,,,,,,,,20.0,,5.0,,,,,,,,,,,,,,,,,,,,,,,,,,,,,,,,,,,,,,,,,,,,636.0,,,,,,,,,,,,,,,,,,,,,,,,,,,,,,,,,,,,,,,,,,,,,,,,,,,,,,,,,,,,,,,,,,,,,,,,,,,,,,,,,,,,,,,,,,,,,,,,,,,,,,,,,,,,,,,,,,,,,,,,,,
_250m_16_days_VI_Quality_2010113_aid0001,aid0001,2010-04-23 00:00:00+00:00,8.0,56.0,,5.0,,,,79039.0,,108.0,,,,,6779.0,61.0,185.0,,,,,59.0,,,,,,,14.0,,,,,,,57.0,,,,,,214.0,,162.0,,,,,10.0,,8.0,,,,,,,,,,,,23.0,,,,,,,,,,,,,,,,,,,,,,,,,707.0,,,,,,,,,,,,,,,,,36.0,,,,,,,,,,,,,,,,,,,,,,,,,,,,,,,,,,,,,,,,,,,,,,,,,,,,,,,,,,,,,,,,,,,,,,,,,,,,,,,,,,,,,,,,,,,,,,,,,,,,,,,,,
_250m_16_days_VI_Quality_2010129_aid0001,aid0001,2010-05-09 00:00:00+00:00,,,,,,,,81811.0,,4145.0,,,,,903.0,,122.0,,,,,,,,,,,,,,,,,,,,,,,,,,,,,,,,,,,,,,,,,,,,,,,,,,,,,,,,,,,,,,,,,,,,,,,522.0,,,,,1.0,,,,,,,,,,,,25.0,,2.0,,,,,,,,,,,,,,,,,,,,,,,,,,,,,,,,,,,,,,,,,,,,,,,,,,,,,,,,,,,,,,,,,,,,,,,,,,,,,,,,,,,,,,,,,,,,,,,,,,,,,,,
_250m_16_days_VI_Quality_2010145_aid0001,aid0001,2010-05-25 00:00:00+00:00,,4.0,,,,,,81950.0,,665.0,,,,,4152.0,,40.0,,,,,,,,,,,,,,,,,,,4.0,,,,,,,,,,,,,,,,,,,,,,,,,,,,,,,,,,,,,,,,,,,,,,,,,,,,684.0,,12.0,,,,,,,,,,,,,,,20.0,,,,,,,,,,,,,,,,,,,,,,,,,,,,,,,,,,,,,,,,,,,,,,,,,,,,,,,,,,,,,,,,,,,,,,,,,,,,,,,,,,,,,,,,,,,,,,,,,,,,,,,,,
_250m_16_days_VI_Quality_2010161_aid0001,aid0001,2010-06-10 00:00:00+00:00,,5.0,,7.0,,,,82595.0,,764.0,,,,,3238.0,,,,,,,,,,,,,,,,,,,,,157.0,,,,,,38.0,,54.0,,,,,,,,,,,,,,,,,,,,,,,,,,,,,,,,,,,,,,,,,,,,659.0,,4.0,,,,,,,,,,,,,,,10.0,,,,,,,,,,,,,,,,,,,,,,,,,,,,,,,,,,,,,,,,,,,,,,,,,,,,,,,,,,,,,,,,,,,,,,,,,,,,,,,,,,,,,,,,,,,,,,,,,,,,,,,,,
_250m_16_days_VI_Quality_2010177_aid0001,aid0001,2010-06-26 00:00:00+00:00,,1441.0,,614.0,,,,71644.0,,645.0,,,,1.0,2581.0,,4037.0,,,,,,,,,,,,,,,,,,,2450.0,,15.0,,,2.0,1623.0,,688.0,,,,,184.0,6.0,67.0,5.0,,,,24.0,118.0,,,,,,,,,,,,,,,,,,,,,,,,,24.0,,,,,,323.0,,829.0,,,,,,,,,,,,,,,,,,,,,,,,,,,,,,,,,,,,,,,,,,,,,,,,,,26.0,,,,,,,,,,,,,,,,,,119.0,,,,43.0,,18.0,,,,,4.0,,,,,,,,,,,,,,,,,,,,,,,,,,,,,,,,,,,,,,,,,
_250m_16_days_VI_Quality_2010193_aid0001,aid0001,2010-07-12 00:00:00+00:00,,8292.0,,1121.0,,,1.0,55974.0,,,,,,,4833.0,,1.0,,,,,456.0,,,,,,,12.0,,,8.0,,,,8411.0,,,,,1.0,4487.0,,9.0,,,,1.0,1056.0,38.0,175.0,110.0,,,,431.0,260.0,,,,,,,,,,,,,,,,,,,,,,,,17.0,82.0,,,,28.0,,680.0,,,,,,,,,,9.0,,,,,,,25.0,,,,,,,,,,,,,,,,,,,,,,,,,,,,,,,,,,,246.0,,,,,,,,,,,,,,,,,,404.0,,,,126.0,,,,,80.0,88.0,,26.0,,,,,,,,,,,,,,,,,37.0,6.0,,,,,,,,,,,,,,,,,,,,,,
_250m_16_days_VI_Quality_2010209_aid0001,aid0001,2010-07-28 00:00:00+00:00,,15351.0,10.0,14290.0,,,1.0,12267.0,,88.0,,,,,2352.0,,1104.0,,,,,,153.0,74.0,411.0,,,,,11.0,90.0,242.0,,,,10368.0,,13.0,,,,8502.0,6.0,2912.0,67.0,,,2.0,656.0,612.0,370.0,807.0,,,,1320.0,4697.0,,,,,,147.0,628.0,,,515.0,1167.0,,,,80.0,,,,,94.0,717.0,,,315.0,1512.0,,,76.0,91.0,,513.0,,61.0,,,,161.0,24.0,,,6.0,,,,14.0,,,,,,,,,,,,,,,,,,,,,,,,,,,,,,,,,,,,,,88.0,,,,60.0,,198.0,12.0,,24.0,14.0,50.0,,,,121.0,208.0,,94.0,,,,110.0,,759.0,5.0,,119.0,519.0,274.0,213.0,,,,25.0,,14.0,83.0,,122.0,,,114.0,11.0,,99.0,132.0,260.0,887.0,,,,,,19.0,,,,,,,,,,,,,,,,
_250m_16_days_VI_Quality_2010225_aid0001,aid0001,2010-08-13 00:00:00+00:00,,10140.0,274.0,14377.0,,,1.0,,,24012.0,,,,,71.0,,3351.0,,,,2.0,217.0,14.0,94.0,,,,,,20.0,446.0,51.0,,,,,,8204.0,,,,492.0,,8218.0,,,,5.0,574.0,128.0,1419.0,37.0,,,,1942.0,7009.0,,4.0,,,,,,,,,,,,10.0,212.0,,,,,,,,,126.0,276.0,,1.0,5.0,83.0,,,,799.0,,,,,163.0,,38.0,62.0,,,,,,,,,,,,,,,,,,,,,,,,,,,,,,,,,,,,,,,,44.0,,,,686.0,,15.0,,180.0,,54.0,46.0,,,,,,97.0,29.0,,,,897.0,,86.0,,1465.0,,,301.0,179.0,211.0,14.0,,,,,,,,,,,,66.0,,,,,123.0,10.0,,,,127.0,24.0,,,,,,,,,,,,,,,,,
_250m_16_days_VI_Quality_2010241_aid0001,aid0001,2010-08-29 00:00:00+00:00,42.0,16495.0,,4556.0,,,6.0,28249.0,,,,,,,4164.0,182.0,113.0,,,,,843.0,614.0,,4.0,,,,,9.0,,34.0,,,,8330.0,,,,,,6822.0,55.0,76.0,,,,,3619.0,305.0,223.0,357.0,,,4.0,4160.0,1326.0,,2.0,,,,411.0,5.0,,,86.0,,,,23.0,27.0,,,,,95.0,,,,572.0,293.0,,,,,,634.0,,,,,2.0,28.0,,,,6.0,,,,,,,,,,,,,,,,,,,,,,,,,5.0,,,,,,,,,,,,,,,33.0,,115.0,,,,118.0,,,,116.0,133.0,15.0,,,,2.0,21.0,37.0,,306.0,,,1.0,1450.0,73.0,,,1.0,950.0,338.0,190.0,142.0,,,42.0,,,49.0,,,,,,62.0,4.0,,70.0,,106.0,380.0,,,,,,,,,,,,,,,,,,,,,,
_250m_16_days_VI_Quality_2010257_aid0001,aid0001,2010-09-14 00:00:00+00:00,,156.0,,39.0,,,,82433.0,,3358.0,,,,,145.0,,56.0,,,,,,,,,,,,,,,,,,,499.0,,80.0,,,,19.0,,51.0,,,,,,,,,,,,26.0,1.0,,,,,,,,,,,,,,,,,,,,,,,,,,,,,,,507.0,,,,,2.0,,,,,,,,,,,,35.0,,,,,,,,,,,,,,,,,,,,,,,,,,,,,,,,,,,4.0,,,,,,,,,,,,,,,,,,113.0,,,,7.0,,,,,,,,,,,,,,,,,,,,,,,,,,,,,,,,,,,,,,,,,,,,,,,,
_250m_16_days_VI_Quality_2010273_aid0001,aid0001,2010-09-30 00:00:00+00:00,,,,,,,,86890.0,,20.0,,,,,,,,,,,,,,,,,,,,,,,,,,,,,,,,,,,,,,,,,,,,,,,,,,,,,,,,,,,,,,,,,,,,,,,,,,,,,,601.0,,,,,,,,,,,,,,,,,20.0,,,,,,,,,,,,,,,,,,,,,,,,,,,,,,,,,,,,,,,,,,,,,,,,,,,,,,,,,,,,,,,,,,,,,,,,,,,,,,,,,,,,,,,,,,,,,,,,,,,,,,,,,
_250m_16_days_VI_Quality_2010289_aid0001,aid0001,2010-10-16 00:00:00+00:00,,4.0,21.0,,,,,86512.0,,29.0,,,,,10.0,,64.0,,,,,,,,,,,,,,,,,,,110.0,,,,,,6.0,,20.0,,,,,,,,,,,,,,,,,,,,,,,,,,,,,,,,,,,,,,,,,,,,729.0,,,,,,,,,,,,,,,,,10.0,,,,,,4.0,,,,,,,,,,,,,,,,,,,,,,,,,,,,,,,,,,,6.0,,,,,,,,,,,,,,,,6.0,,,,,,,,,,,,,,,,,,,,,,,,,,,,,,,,,,,,,,,,,,,,,,,,
_250m_16_days_VI_Quality_2010305_aid0001,aid0001,2010-11-01 00:00:00+00:00,,,,,,,,86874.0,,27.0,,,,,25.0,,,,,,,,,,,,,,,,,,,,,,,,,,,,,,,,,,,,,,,,,,,,,,,,,,,,,,,,,,,,,,,,,,,,,,,,,590.0,,,,,,,,,,,,,,,,,15.0,,,,,,,,,,,,,,,,,,,,,,,,,,,,,,,,,,,,,,,,,,,,,,,,,,,,,,,,,,,,,,,,,,,,,,,,,,,,,,,,,,,,,,,,,,,,,,,,,,,,,,,,,
_250m_16_days_VI_Quality_2010321_aid0001,aid0001,2010-11-17 00:00:00+00:00,,4.0,,3.0,,,,83007.0,,44.0,,,,3.0,3807.0,,,,,,,,,,,,,,,,,,,,,4.0,,,,,,4.0,,,,,,,,,,,,,,,,,,,,,12.0,,,,,,,,,,,,,,,,,,,,,,,,,637.0,,,,,,,,,,,,,,,,,6.0,,,,,,,,,,,,,,,,,,,,,,,,,,,,,,,,,,,,,,,,,,,,,,,,,,,,,,,,,,,,,,,,,,,,,,,,,,,,,,,,,,,,,,,,,,,,,,,,,,,,,,,,,
_250m_16_days_VI_Quality_2010337_aid0001,aid0001,2010-12-03 00:00:00+00:00,,,,,,,,86665.0,,27.0,,,,1.0,220.0,,42.0,,,,,,,4.0,,,,,,,,,,,,,,,,,,,,,,,,,,,,,,,,,,,,10.0,4.0,,3.0,,,,,,,,,,,,,,,,,,,,,,,,,522.0,,,,,,,,,,,,,,,,,33.0,,,,,,,,,,,,,,,,,,,,,,,,,,,,,,,,,,,,,,,,,,,,,,,,,,,,,,,,,,,,,,,,,,,,,,,,,,,,,,,,,,,,,,,,,,,,,,,,,,,,,,,,,
_250m_16_days_VI_Quality_2010353_aid0001,aid0001,2010-12-19 00:00:00+00:00,,,,,,,,81287.0,,5627.0,,62.0,,,116.0,,5.0,,10.0,,,,,,,,,,,,,,,,,4.0,,,,,,4.0,,,,,,,,,,,,,,,,,,35.0,,,1.0,,,,,,,,,,,,,,,,,,,,,,,,,354.0,,17.0,,,,,,,,,,,,,,,,,,,5.0,,4.0,,,,,,,,,,,,,,,,,,,,,,,,,,,,,,,,,,,,,,,,,,,,,,,,,,,,,,,,,,,,,,,,,,,,,,,,,,,,,,,,,,,,,,,,,,,,,,,,,,,
_250m_16_days_VI_Quality_2011001_aid0001,aid0001,2011-01-01 00:00:00+00:00,311.0,70.0,170.0,33.0,,10.0,2.0,69921.0,,1330.0,,504.0,,1.0,6191.0,,2420.0,,82.0,,6.0,118.0,,284.0,,,,,9.0,12.0,,11.0,,,,393.0,,39.0,,,,405.0,,284.0,,4.0,,,11.0,,10.0,,,,,39.0,54.0,5.0,,5.0,10.0,4.0,24.0,19.0,16.0,,,,,,,,,4.0,,,16.0,11.0,,,,,,,,,,702.0,,6.0,,,,,,,,,,,,,,,16.0,,,,2349.0,,1144.0,5.0,44.0,,,,,24.0,33.0,10.0,,19.0,24.0,,,,,,,,13.0,,,,,,,,,,,,,28.0,,,,55.0,,,,,,,,,,14.0,,,,174.0,,24.0,,,,,,,,,,,,,,9.0,,,,,,,,,,,,,,,,,,,,,,,,,,,,,,,,
_250m_16_days_VI_Quality_2011017_aid0001,aid0001,2011-01-17 00:00:00+00:00,77.0,174.0,634.0,176.0,,,1.0,73935.0,,851.0,,,,,3224.0,15.0,1835.0,,,,5.0,328.0,59.0,1788.0,16.0,,,,37.0,23.0,28.0,21.0,,,,615.0,,26.0,,,,473.0,,109.0,,,,,55.0,15.0,20.0,5.0,,,,136.0,67.0,,2.0,6.0,,,154.0,1.0,,1.0,24.0,30.0,,,45.0,19.0,,20.0,5.0,,74.0,4.0,,,28.0,,,,,,,671.0,,101.0,,,,,,,,,,,,,,,18.0,,,,537.0,33.0,626.0,12.0,,,3.0,,,12.0,,,,99.0,98.0,,,,,,,,13.0,,,,,6.0,1.0,,,14.0,,,,19.0,,14.0,,5.0,,,,,,1.0,,,,27.0,,,,44.0,,,,,,,10.0,,,,,,,,,3.0,,,,,,,,,,,,,,,,,,,,,,,,,,,,,,,,
_250m_16_days_VI_Quality_2011033_aid0001,aid0001,2011-02-02 00:00:00+00:00,68.0,671.0,240.0,226.0,,,,58227.0,,1546.0,,,,,16417.0,407.0,3436.0,,,,,159.0,53.0,334.0,,,,,,198.0,71.0,35.0,,,,654.0,,116.0,,,,1067.0,18.0,191.0,,,,,66.0,32.0,60.0,,,,,221.0,68.0,,,29.0,,,1061.0,69.0,,,170.0,12.0,,,38.0,4.0,,,,,126.0,,,,97.0,,,,,,,581.0,,,,,,,,,,,,,,6.0,,,6.0,,,,278.0,8.0,25.0,,,,,,,20.0,,,,58.0,31.0,,,,,,,28.0,,,17.0,,,,1.0,,,10.0,,4.0,,10.0,6.0,81.0,,19.0,5.0,1.0,,,4.0,37.0,,,,,,,,42.0,5.0,8.0,,,,,,,,,,,,28.0,,,,,,,,,21.0,,,,,,,,,,,4.0,,,,,,,,,,,,,,
_250m_16_days_VI_Quality_2011049_aid0001,aid0001,2011-02-18 00:00:00+00:00,273.0,1431.0,26.0,364.0,,,,61473.0,,,,,,,9137.0,40.0,96.0,,,,,248.0,8.0,312.0,2.0,,,,463.0,471.0,91.0,46.0,,,,2094.0,,,,,,1926.0,19.0,,,,,,431.0,173.0,276.0,,,,,328.0,221.0,,,,,,292.0,,,,43.0,91.0,,,228.0,69.0,,9.0,,,102.0,,,,142.0,44.0,,,,,,1014.0,,,,,2.0,,,,,,,,,,,,10.0,,,,3021.0,128.0,121.0,,,,,,,23.0,,,,1261.0,45.0,,,,,43.0,,19.0,14.0,,14.0,,,,,,4.0,136.0,,,,10.0,,,,,,9.0,,,,21.0,,,,122.0,,,,245.0,,,,,41.0,58.0,40.0,14.0,,,,,,10.0,,26.0,,,,4.0,,,12.0,,20.0,,,,,,,,,14.0,,,,19.0,,,,27.0,,8.0,,1.0,6.0,
_250m_16_days_VI_Quality_2011065_aid0001,aid0001,2011-03-06 00:00:00+00:00,84.0,298.0,228.0,26.0,,,,79499.0,,326.0,,,,,3186.0,,580.0,,,,,59.0,,191.0,4.0,,,,41.0,10.0,48.0,,,,,569.0,,11.0,,,,390.0,,130.0,,,,,4.0,,,6.0,,,,88.0,51.0,,,,,,,,,,29.0,,,,27.0,,,,,,10.0,,,,4.0,,,,,,,680.0,,,,,,,,,,,,,,,,,22.0,,,,459.0,14.0,170.0,,,,,,,,,,,82.0,18.0,,,,,,,21.0,,,,,,,,,,43.0,,,,14.0,,,,,,14.0,,,,,,,,61.0,,,,34.0,,,,,,,,,,,,,,,,,,,,,,,,,,,,,,,,,,,,,,,,,,,,,,,,
_250m_16_days_VI_Quality_2011081_aid0001,aid0001,2011-03-22 00:00:00+00:00,61.0,89.0,1.0,62.0,,,,80668.0,,1106.0,,,,,3294.0,,531.0,,,,,20.0,,,,,,,42.0,,22.0,,,,,119.0,,,,,,87.0,,43.0,,,,,,,15.0,,,,,16.0,6.0,,,,,,,,,,,,,,8.0,6.0,,,,,,,,,,,,,,,,1030.0,,6.0,,,,,,,,,,,,,,,,,,,106.0,6.0,109.0,,,,,,,,,,,16.0,39.0,,,,,,,23.0,,,,,,,,,,,,,,,,,,,,,,,,,,,,,,,,,,,,,,,,,,,,,,,,,,,,,,,,,,,,,,,,,,,,,,,,,,,,,,,,
_250m_16_days_VI_Quality_2011097_aid0001,aid0001,2011-04-07 00:00:00+00:00,28.0,4.0,300.0,2.0,,,,79093.0,,4006.0,,,,,1074.0,,1028.0,,,,,,,598.0,,,,,,,,,,,,,,98.0,,,,,,112.0,,,,,,,28.0,,,,,,,,,,,,,,,,,,,,,,,,,,,,,,,,,,,,,718.0,,,,,,,,,,,,,,,,,37.0,,,,39.0,,366.0,,,,,,,,,,,,,,,,,,,,,,,,,,,,,,,,,,,,,,,,,,,,,,,,,,,,,,,,,,,,,,,,,,,,,,,,,,,,,,,,,,,,,,,,,,,,,,,,,,,
_250m_16_days_VI_Quality_2011113_aid0001,aid0001,2011-04-23 00:00:00+00:00,,42.0,145.0,8.0,,,,48957.0,,2017.0,,,,,34960.0,,449.0,,,,,,,28.0,,,,,10.0,,8.0,,,,,,,,,,,50.0,,,,,,,,,,,,,,,,,,,,,,,,,,,,,,,,,,,,,,,,,,,,,,817.0,,,,,,,,,,,,,,,,,8.0,,,,28.0,,4.0,,,,,,,,,,,,,,,,,,,,,,,,,,,,,,,,,,,,,,,,,,,,,,,,,,,,,,,,,,,,,,,,,,,,,,,,,,,,,,,,,,,,,,,,,,,,,,,,,,,
_250m_16_days_VI_Quality_2011129_aid0001,aid0001,2011-05-09 00:00:00+00:00,,,7.0,,,,,86411.0,,10.0,,,,,423.0,,77.0,,,,,,,,,,,,,,,,,,,,,,,,,,,,,,,,,,,,,,,,,,,,,,,,,,,,,,,,,,,,,,,,,,,,,,,578.0,,,,,,,,,,,,,,,,,25.0,,,,,,,,,,,,,,,,,,,,,,,,,,,,,,,,,,,,,,,,,,,,,,,,,,,,,,,,,,,,,,,,,,,,,,,,,,,,,,,,,,,,,,,,,,,,,,,,,,,,,,,,,
_250m_16_days_VI_Quality_2011145_aid0001,aid0001,2011-05-25 00:00:00+00:00,,100.0,,34.0,,,,45945.0,,1363.0,,,,,38091.0,,357.0,,,,,,,,,,,,,,4.0,,,,,366.0,,82.0,,,,198.0,,123.0,,,,,21.0,,,,,,,9.0,8.0,,,,,,,,,,,,,,,,,,,,,,,,,,,,,,,799.0,,21.0,,,,,,,,,,,,,,,,,,,,,,,,,,,,,,,,,,,,,,,,,,,,,,,,,,,,,,,,,,,,,,,,,,,,,,,,,,10.0,,,,,,,,,,,,,,,,,,,,,,,,,,,,,,,,,,,,,,,,,,,,,,
_250m_16_days_VI_Quality_2011161_aid0001,aid0001,2011-06-10 00:00:00+00:00,,941.0,16.0,329.0,,,,62737.0,,340.0,,,,,18574.0,,1021.0,,,,,6.0,,13.0,,,,,,,8.0,7.0,,,,554.0,,,,,,1076.0,,393.0,,,,,163.0,24.0,80.0,102.0,,,,42.0,20.0,,,,,,,5.0,,,,8.0,,,,,,,,,,4.0,,,,,,,,,,1065.0,,,,,,,,,,,,,,,,,,,,,,,,,,,,,,,,,,,,,,,,,,,,,,,,,,,,,,,,,,,,,,,,,,,,,,,,,,,,,,,,,,3.0,,,,,,,,,,,,,,,,,,,,,,,,,,,,,,,,,,,,,,,,
_250m_16_days_VI_Quality_2011177_aid0001,aid0001,2011-06-26 00:00:00+00:00,,5963.0,,2290.0,,,3.0,20219.0,,,,,,,31614.0,,1621.0,,,,,140.0,,10368.0,,,,,,,317.0,3.0,,,,1458.0,,,,,1.0,7260.0,,215.0,,,,,1589.0,23.0,1746.0,11.0,,,5.0,183.0,662.0,,,,,,,,,,,,,,,81.0,,,,,,,,,,18.0,,,,,,866.0,,314.0,,,,,,,,,,,,,,,,,,,,,,,,,,,,,,,,,,,,,,,,,,,,,,,,4.0,,,,,,,,,,,,20.0,,,,,43.0,3.0,,,,,,,,49.0,,,,,427.0,15.0,,,,,,,,,,,,,,,,,,,,,,,,,,,,,,,,,,,,,,,,
_250m_16_days_VI_Quality_2011193_aid0001,aid0001,2011-07-12 00:00:00+00:00,,23207.0,,6556.0,,,2.0,3069.0,,,,,,,15407.0,56.0,,,,,,4337.0,655.0,153.0,,,,1.0,,8.0,65.0,220.0,,,,759.0,,,,,1.0,15925.0,150.0,,,,,3.0,4860.0,1269.0,303.0,581.0,,,2.0,1915.0,1846.0,,,,,,214.0,,,,375.0,32.0,,,10.0,89.0,,,,,482.0,,,,538.0,568.0,,,10.0,13.0,,639.0,,,,,,87.0,,,9.0,,,,,,,,36.0,,,,,,,,,,,,,,,,,,,,,,,,,,,,,,,,,,,19.0,,,,167.0,19.0,,,16.0,41.0,13.0,,,,,,102.0,,28.0,,,,560.0,87.0,,,1.0,142.0,592.0,177.0,338.0,3.0,,,,,,,24.0,,,,14.0,,,227.0,,206.0,300.0,3.0,,,,,,,,,,,,,,,,,,,,,
_250m_16_days_VI_Quality_2011209_aid0001,aid0001,2011-07-28 00:00:00+00:00,,20271.0,,10070.0,,,6.0,,,,,,,,2190.0,,46.0,,,,,10527.0,83.0,139.0,273.0,,,,35.0,6.0,,18.0,,,,,,,,,,1787.0,,,,,,1.0,13597.0,1859.0,1144.0,1020.0,,,7.0,8817.0,4348.0,,2.0,,,,,,,,145.0,830.0,,,5.0,27.0,,,,,65.0,,,,2555.0,2402.0,,2.0,255.0,183.0,,135.0,,,,,,272.0,61.0,,13.0,1.0,,,,,,,,,,,,,,,,,,,,,,,,,,,,,,,,,,,,,,,,,,,,,,,,,,228.0,8.0,,,,,24.0,18.0,18.0,,,,,,230.0,,,,,1847.0,378.0,414.0,198.0,,,,,,,,21.0,,,19.0,32.0,,,,,705.0,189.0,,,,,,,,,,,,5.0,,,,,,,,,,
_250m_16_days_VI_Quality_2011225_aid0001,aid0001,2011-08-13 00:00:00+00:00,,16052.0,,12469.0,,,8.0,1644.0,,12.0,,,,,5844.0,,3033.0,,,,3.0,90.0,,494.0,,,,1.0,,,747.0,58.0,,,,891.0,,28.0,,,,11453.0,,4416.0,,,,8.0,3218.0,909.0,4079.0,199.0,,,13.0,4694.0,11407.0,,6.0,,,,32.0,,,,,,,,14.0,499.0,,,,,91.0,10.0,,,666.0,947.0,,1.0,54.0,329.0,,87.0,,183.0,,,,136.0,282.0,,,1.0,,,,,,,,,,,,,,,,,,,,,,,,,,,,,,,,,,,,,,,,45.0,,34.0,,,,77.0,,17.0,,,,37.0,,,,26.0,87.0,95.0,,41.0,,,,528.0,,260.0,,,232.0,164.0,409.0,29.0,1.0,,,,,53.0,,12.0,,,,75.0,,,8.0,,124.0,13.0,,,,,,56.0,,,,,,,,,,,,,,,,
_250m_16_days_VI_Quality_2011241_aid0001,aid0001,2011-08-29 00:00:00+00:00,,16416.0,34.0,3018.0,,,6.0,18245.0,,,,,,1.0,14948.0,162.0,450.0,,,,,262.0,501.0,1240.0,,,,,,25.0,379.0,38.0,,,,2712.0,,,,,2.0,12077.0,109.0,570.0,,,,8.0,1371.0,659.0,1098.0,132.0,,,2.0,3388.0,2101.0,,5.0,,,,1045.0,,,,412.0,12.0,,,21.0,208.0,,,,,363.0,,,,537.0,247.0,,,,,,664.0,,10.0,,,,,,,,,,,,,,,,,,,,,,,,,,,,,,,,,,,,,,,,,,,,,,,,,,83.0,,,,286.0,,,,51.0,18.0,74.0,20.0,,22.0,16.0,6.0,22.0,,177.0,,,,1509.0,43.0,74.0,,2.0,348.0,176.0,284.0,257.0,,,,,,159.0,,19.0,15.0,,11.0,4.0,,,172.0,,93.0,112.0,,,,,,,,,,,,,,,,,,,,,,
_250m_16_days_VI_Quality_2011257_aid0001,aid0001,2011-09-14 00:00:00+00:00,,1281.0,,198.0,,,2.0,65141.0,,1125.0,,,,,11451.0,,205.0,,,,,210.0,,13.0,,,,,,,12.0,,,,,2305.0,,21.0,,,,3201.0,,341.0,,,,5.0,151.0,,54.0,,,,1.0,438.0,198.0,,1.0,,,,,,,,,59.0,,,,12.0,,,,,,,,,6.0,11.0,,,,,,613.0,,,,,,,,,,,,,,,,,,,,,,,,,,,,,,,,,,,,,,,,,,,,,,,,,,,,254.0,,5.0,,,,,,,,,,,,,,,,114.0,,,,82.0,,15.0,,2.0,4.0,,,,,,,,,,,,,,,,,,,,,,,,,,,,,,,,,,,,,,,,,,,
_250m_16_days_VI_Quality_2011273_aid0001,aid0001,2011-09-30 00:00:00+00:00,,,,,,,,86340.0,,41.0,,,,,275.0,,,,,,,,,,,,,,,,,,,,,,,,,,,2.0,,,,,,,,,,,,,,2.0,1.0,,,,,,,,,,3.0,,,,,,,,,,,,,,,,,,,,,810.0,,26.0,,,,,,,,,,,,,,,28.0,,,,,,,,,,,,,,,,,,,,,,,,,,,,,,,,,,,,,,,3.0,,,,,,,,,,,,,,,,,,,,,,,,,,,,,,,,,,,,,,,,,,,,,,,,,,,,,,,,,,,,,,,,,,
_250m_16_days_VI_Quality_2011289_aid0001,aid0001,2011-10-16 00:00:00+00:00,,,,,,,,85445.0,,120.0,,,,,1457.0,,9.0,,,,,,,,,,,,,,,,,,,,,,,,,,,,,,,,,,,,,,,,,,,,,,,,,,,,,,,,,,,,,,,,,,,,,,,488.0,,,,,,,,,,,,,,,,,12.0,,,,,,,,,,,,,,,,,,,,,,,,,,,,,,,,,,,,,,,,,,,,,,,,,,,,,,,,,,,,,,,,,,,,,,,,,,,,,,,,,,,,,,,,,,,,,,,,,,,,,,,,,
_250m_16_days_VI_Quality_2011305_aid0001,aid0001,2011-11-01 00:00:00+00:00,,,,,,,,86565.0,,113.0,,,,,180.0,,,,,,,,,,,,,,,,,,,,,,,,,,,,,,,,,,,,,,,,,,,,,,,,,,,,,,,,,,,,,,,,,,,,,,,,,645.0,,,,,,,,,,,,,,,,,28.0,,,,,,,,,,,,,,,,,,,,,,,,,,,,,,,,,,,,,,,,,,,,,,,,,,,,,,,,,,,,,,,,,,,,,,,,,,,,,,,,,,,,,,,,,,,,,,,,,,,,,,,,,
_250m_16_days_VI_Quality_2011321_aid0001,aid0001,2011-11-17 00:00:00+00:00,,,,,,,,76671.0,,115.0,,,,,10182.0,,,,,,,,,,,,,,,,,,,,,,,,,,,,,,,,,,,,,,,,,,,,,5.0,,,,,,,4.0,,,,,,,,,,,,,,,,,,,,,545.0,,,,,,,,,,,,,,,,,9.0,,,,,,,,,,,,,,,,,,,,,,,,,,,,,,,,,,,,,,,,,,,,,,,,,,,,,,,,,,,,,,,,,,,,,,,,,,,,,,,,,,,,,,,,,,,,,,,,,,,,,,,,,
_250m_16_days_VI_Quality_2011337_aid0001,aid0001,2011-12-03 00:00:00+00:00,,,,,,,,85795.0,,219.0,,,,1.0,895.0,,15.0,,,,,,,,,,,,,,,,,,,,,,,,,,,,,,,,,,,,,,,,,,,,,,2.0,,,,,,,,,,,,,,,,,,,,,,,,,569.0,,6.0,,,,,,,,,,,,,,,29.0,,,,,,,,,,,,,,,,,,,,,,,,,,,,,,,,,,,,,,,,,,,,,,,,,,,,,,,,,,,,,,,,,,,,,,,,,,,,,,,,,,,,,,,,,,,,,,,,,,,,,,,,,
_250m_16_days_VI_Quality_2011353_aid0001,aid0001,2011-12-19 00:00:00+00:00,,7.0,,,,,,42804.0,,113.0,,102.0,,,42699.0,3.0,173.0,,178.0,,3.0,14.0,,171.0,,,,,,,,,,,,231.0,,8.0,,,,24.0,,8.0,,6.0,,,,,,,,,,43.0,5.0,7.0,,10.0,,,62.0,,14.0,,,,,,2.0,,,,,,,,,,,,,,,,,811.0,,,,,,,,,,,,,,,,,10.0,,,,,,23.0,,,,,,,,,,,,,,,,,,,,,,,,,,,,,,,,,,,,,,,,,,,,,,,,,,,,,,,,,,,,,,,,,,,,,,,,,,,,,,,,,,,,,,,,,,,,,,,,,,,
_250m_16_days_VI_Quality_2012001_aid0001,aid0001,2012-01-01 00:00:00+00:00,64.0,940.0,40.0,355.0,,,,29132.0,,2044.0,,,,,34985.0,,897.0,,,,,398.0,3.0,1470.0,,,,2.0,4.0,60.0,13.0,53.0,,,,1425.0,4.0,19.0,,,,1886.0,10.0,644.0,,,,,301.0,44.0,540.0,22.0,,,,375.0,42.0,,,74.0,25.0,,194.0,,,,21.0,,,,15.0,24.0,,10.0,14.0,,85.0,8.0,,,34.0,12.0,,1.0,,,,833.0,,,,,,,,,,,,,,,,,8.0,,,,9455.0,20.0,22.0,,,,,,,84.0,,,1.0,94.0,19.0,,,,,16.0,17.0,8.0,,,,,,,,,4.0,156.0,,,,113.0,,,,,,,,,,,,6.0,,134.0,,,,211.0,,,,,,28.0,,5.0,,,,,,,,,,,,,,,4.0,,,,,,,,,,,,,,,3.0,,1.0,,,,,,,,
_250m_16_days_VI_Quality_2012017_aid0001,aid0001,2012-01-17 00:00:00+00:00,680.0,172.0,674.0,176.0,,,2.0,63987.0,,1293.0,,,,,8395.0,5.0,2668.0,40.0,,,4.0,611.0,,970.0,9.0,,,6.0,34.0,11.0,30.0,5.0,,,,268.0,,37.0,,,,444.0,,149.0,,,,,41.0,4.0,,,,,,74.0,65.0,,,,19.0,,14.0,69.0,,,16.0,94.0,,,13.0,,,,5.0,,,25.0,,,,11.0,,,,,,546.0,,,,,,,,,,,,,,,,,,,,,3121.0,17.0,2056.0,29.0,,,7.0,,28.0,183.0,169.0,,,117.0,61.0,,,5.0,,3.0,,,,,,,,,1.0,,,,,,,,,,,,,,,,,,,,,,,,,,,,,,,,,,,,,,,,,,,,,,,,,,,,,,,,,,,,4.0,51.0,,,,,,,,,,,,
_250m_16_days_VI_Quality_2012033_aid0001,aid0001,2012-02-02 00:00:00+00:00,271.0,69.0,542.0,235.0,,,,58732.0,,12437.0,,,,,2403.0,,3776.0,,,,,89.0,,525.0,,,,,23.0,12.0,20.0,13.0,,,,142.0,,293.0,,,,410.0,,617.0,,,,,18.0,,37.0,4.0,,,,10.0,146.0,,,,,,4.0,46.0,,,6.0,28.0,,,4.0,19.0,,,13.0,,6.0,28.0,,,5.0,11.0,,,,,,443.0,,280.0,,,,,,,,,,,,,,,28.0,,,,3324.0,5.0,1700.0,8.0,,,3.0,,28.0,82.0,137.0,,,141.0,114.0,,2.0,,,32.0,,,,,,,,,,,,,,5.0,,63.0,,,,,,,,,,,,,,13.0,,,,66.0,,32.0,,,,,,,,,,,,14.0,,,,,,,,,4.0,,,,,,,,,,,,,,,,,,,,,,,,,
_250m_16_days_VI_Quality_2012049_aid0001,aid0001,2012-02-18 00:00:00+00:00,39.0,92.0,229.0,164.0,,,,65966.0,,1342.0,,,,,13464.0,,3186.0,,,,,32.0,,256.0,,,,,10.0,5.0,33.0,59.0,,,,260.0,,5.0,,,,155.0,,201.0,,,,,4.0,,143.0,,,,,147.0,167.0,,,,,,86.0,6.0,,,23.0,12.0,,,11.0,40.0,,,,,,2.0,,,4.0,9.0,,,,,,335.0,,404.0,,,,,,,,,,,,,,,,,,,215.0,11.0,297.0,15.0,,,,,,,,,,50.0,40.0,,,,,,,,,,,,,,,,,,,,,,,,,,,,,,,1.0,,,,,,,,,,,,,,,4.0,,,,,,,,,,,,,,,,,,,,,,,,,,,7.0,,,,,,,,,,,,,,
_250m_16_days_VI_Quality_2012065_aid0001,aid0001,2012-03-05 00:00:00+00:00,59.0,16.0,121.0,4.0,,,,77207.0,,108.0,,,,,7945.0,,550.0,,,,,98.0,,255.0,,,,,,,,,,,,4.0,,,,,,34.0,,34.0,,,,,,,1.0,,,,,,,,,,,,,,,,15.0,,,,,,,,,,,,,,,,,,,,,609.0,,,,,,,,,,,,,,,,,,,,,182.0,,289.0,,,,,,,,,,,,,,,,,,,,,,,,,,,,,,,,,,,,,,,,,,,,,,,,,,,,,,,,,,,,,,,,,,,,,,,,,,,,,,,,,,,,,,,,,,,,,,,,,,,
_250m_16_days_VI_Quality_2012081_aid0001,aid0001,2012-03-21 00:00:00+00:00,46.0,18.0,27.0,,,,,84850.0,,8.0,,,,,1760.0,,96.0,,,,,4.0,,4.0,,,,,,,,,,,,19.0,,5.0,,,,44.0,,,,,,,,,,,,,,17.0,4.0,,,,,,,,,,,,,,,,,,,,,,,,,,,,,,,523.0,,,,,,,,,,,,,,,,,24.0,,,,55.0,12.0,13.0,,,,,2.0,,,,,,,,,,,,,,,,,,,,,,,,,,,,,,,,,,,,,,,,,,,,,,,,,,,,,,,,,,,,,,,,,,,,,,,,,,,,,,,,,,,,,,,,,,,,,,
_250m_16_days_VI_Quality_2012097_aid0001,aid0001,2012-04-06 00:00:00+00:00,,236.0,24.0,198.0,,,,54015.0,,7299.0,,,,,10180.0,,11853.0,51.0,,,,101.0,57.0,60.0,52.0,,,,,13.0,3.0,19.0,,,,229.0,,,,,,268.0,,207.0,,,,,55.0,136.0,113.0,120.0,,,1.0,88.0,43.0,,,,,,50.0,453.0,,,114.0,194.0,,,23.0,,,,,,28.0,35.0,,,19.0,82.0,,1.0,,,,480.0,,231.0,,,,,,,,,,,,,,,20.0,,,,,,,,,,,,,,,,,,,,,,,,,,,,,,,,,,,46.0,,,,,,60.0,,5.0,,44.0,,,,,,6.0,,,,,,67.0,,36.0,,,,,,18.0,,,,,,,85.0,,,,,,,,9.0,4.0,,,,,,,,,,,,,,,,,,,,,,,,
_250m_16_days_VI_Quality_2012113_aid0001,aid0001,2012-04-22 00:00:00+00:00,,470.0,,107.0,,,,78562.0,,43.0,,,,1.0,3389.0,,727.0,,,,,37.0,25.0,14.0,,,,,36.0,34.0,6.0,29.0,,,,1268.0,,,,,,881.0,,120.0,,,,,30.0,17.0,52.0,,,,,93.0,13.0,,,,,,87.0,,,,116.0,,,,10.0,,,,,,15.0,,,,25.0,,,,,,,498.0,,6.0,,,,,,,,,,,,,,,28.0,,,,,,,,,,,,,,,,,10.0,,,,,,,,,,,,,,,,,,42.0,,,,226.0,,,,,,,,,,,,,,130.0,,,,223.0,,10.0,,,,14.0,33.0,,,,,,,4.0,,26.0,,,,,,,31.0,,43.0,,,,,,,,,,,,,,,,,,,,,,,
_250m_16_days_VI_Quality_2012129_aid0001,aid0001,2012-05-08 00:00:00+00:00,,8.0,,,,,,83086.0,,413.0,,,,,2854.0,,412.0,,,,,,,,,,,,,,,,,,,9.0,,,,,,72.0,,15.0,,,,,,,,,,,,,8.0,,,,,,,,,,,,,,,,,,,,,,,,,,,,,,,649.0,,,,,,,,,,,,,,,,,,,,,,,,,,,,,,,,,,1.0,,,,,,,,,,,4.0,,,,,,,,,,,,,,,,,,,,,,,,,,,,,,,,,,,,,,,,,,,,,,,,,,,,,,,,,,,,,,,,,,,,,,,,,,,,,
_250m_16_days_VI_Quality_2012145_aid0001,aid0001,2012-05-24 00:00:00+00:00,,,,,,,,77753.0,,,,,,,9108.0,,,,,,,,,,,,,,,,,,,,,,,,,,,1.0,,,,,,,4.0,,,,,,,,,,,,,,,,,,,,,,,,,,,,,,,,,,,,,,,665.0,,,,,,,,,,,,,,,,,,,,,,,,,,,,,,,,,,,,,,,,,,,,,,,,,,,,,,,,,,,,,,,,,,,,,,,,,,,,,,,,,,,,,,,,,,,,,,,,,,,,,,,,,,,,,,,,,,,,,,,,,,
_250m_16_days_VI_Quality_2012161_aid0001,aid0001,2012-06-09 00:00:00+00:00,,62.0,,,,,2.0,55888.0,,,,,,,30275.0,,531.0,,,,,,,,,,,,,,,,,,,,,,,,,70.0,,65.0,,,,,,,4.0,,,,,,,,,,,,,,,,,,,,,,,,,,,,,,,,,,,,,628.0,,,,,1.0,,,,,,,,,,,,5.0,,,,,,,,,,,,,,,,,,,,,,,,,,,,,,,,,,,,,,,,,,,,,,,,,,,,,,,,,,,,,,,,,,,,,,,,,,,,,,,,,,,,,,,,,,,,,,,,,,,,,,,,,
_250m_16_days_VI_Quality_2012177_aid0001,aid0001,2012-06-25 00:00:00+00:00,,622.0,,959.0,,,,39849.0,,805.0,,,,,35401.0,85.0,5228.0,,,,,9.0,,,,,,,,,42.0,,,,,82.0,,72.0,,,,1214.0,,1112.0,,,,,42.0,5.0,88.0,28.0,,,,38.0,109.0,,,,,,5.0,,,,,14.0,,,,,,,,,,,,,,28.0,,,,,,546.0,,392.0,,,,,,,,,,,,,,,,,,,,,,,,,,,,,,,,,,,,,,,,,,,,,,,,,,38.0,,,,238.0,,,,,,,,,,,29.0,,,9.0,,,,383.0,,,,,5.0,,50.0,,,,,,,,,,,,,,,,,,,4.0,,,,,,,,,,,,,,,,,,,,,,
_250m_16_days_VI_Quality_2012193_aid0001,aid0001,2012-07-11 00:00:00+00:00,,1371.0,,87.0,,,1.0,60641.0,,,,,,,18196.0,,,,,,,58.0,53.0,,,,,,,,,,,,,1927.0,,,,,,3289.0,,,,,,,350.0,42.0,18.0,8.0,,,,78.0,34.0,,,,,,5.0,,,,4.0,,,,,,,,,,13.0,,,,9.0,10.0,,,,,,722.0,,,,,,,,,,,,,,,,,,,,,,,,,,,,,,,,,,,,,,,,,,,,,,,,,,,,174.0,,,,122.0,,,,,,,,,,,,,,145.0,,,,145.0,,,,,10.0,14.0,,,,,,,,,,,,,,,,,,,5.0,,,,,,,,,,,,,,,,,,,,,,,
_250m_16_days_VI_Quality_2012209_aid0001,aid0001,2012-07-27 00:00:00+00:00,,31294.0,,2461.0,,,16.0,639.0,,,,,,,18879.0,4.0,,,,,,1996.0,,,,,,,,34.0,,370.0,,,,52.0,,,,,,12559.0,16.0,,,,,3.0,7950.0,812.0,42.0,198.0,,,2.0,4553.0,796.0,,2.0,,,,34.0,,,,68.0,,,,,49.0,,,,,70.0,,,,748.0,127.0,,,103.0,24.0,,278.0,,,,,,125.0,,,6.0,,,,,,,,,,,,,,,,,,,,,,,,,,,,,,,,,,,,,,,,,,,,,,,54.0,,,,19.0,76.0,,,,4.0,,12.0,228.0,,,,,,443.0,15.0,,,,497.0,889.0,13.0,180.0,,,,,,43.0,,107.0,,,18.0,27.0,,,156.0,,370.0,70.0,,,,,,,,,,,,,,,,,,,,,,
_250m_16_days_VI_Quality_2012225_aid0001,aid0001,2012-08-12 00:00:00+00:00,,19159.0,130.0,14487.0,,,1.0,9398.0,,16.0,,,,,1122.0,,1483.0,,,,2.0,9.0,147.0,631.0,,,,,24.0,4.0,358.0,89.0,,,,9351.0,,,,,,10636.0,166.0,2932.0,,,,2.0,844.0,754.0,1975.0,777.0,,,2.0,2146.0,5967.0,,,,,,59.0,,,,,18.0,,,,148.0,,,,,231.0,,,,239.0,315.0,,,10.0,71.0,,574.0,,64.0,,,,93.0,49.0,,,11.0,,,,,,,,,,,,,,,,,,,,,,,,,,,,,,,,,,,,,,,,,,36.0,,,,88.0,,32.0,,,,32.0,,,,,67.0,5.0,,237.0,,,,657.0,,241.0,,,126.0,321.0,334.0,364.0,,,,,,,,,,,,19.0,,,10.0,,99.0,369.0,,,,,,,,,,,,,,,,,,,,,,
_250m_16_days_VI_Quality_2012241_aid0001,aid0001,2012-08-28 00:00:00+00:00,,14981.0,107.0,4892.0,,,12.0,20415.0,,,,,,1.0,5857.0,,262.0,,,,,154.0,,1003.0,,,,,6.0,18.0,360.0,5.0,,,,9037.0,,,,,,12504.0,125.0,198.0,,,,7.0,968.0,738.0,1821.0,61.0,,,2.0,3701.0,3389.0,,6.0,,,,124.0,,,,35.0,118.0,,,,93.0,,,,,164.0,,,,291.0,388.0,,1.0,104.0,67.0,,151.0,,132.0,,,,134.0,9.0,,4.0,32.0,,,,,,,4.0,,,,,,,3.0,,,,,,,,,,,,,,,,,,,,,,,,,,110.0,,298.0,,,,286.0,,153.0,,41.0,4.0,14.0,,,1.0,17.0,72.0,58.0,,529.0,,,,2174.0,,115.0,,1.0,178.0,403.0,248.0,65.0,2.0,,6.0,,,14.0,,,,,6.0,23.0,,,4.0,,134.0,56.0,,,14.0,,17.0,,,,,,,4.0,,,,,,,,,,
_250m_16_days_VI_Quality_2012257_aid0001,aid0001,2012-09-13 00:00:00+00:00,,1.0,,2.0,,,,82918.0,,2807.0,,,,,564.0,,583.0,,,,,,,,,,,,,,,,,,,12.0,,13.0,,,,2.0,,,,,,,,,,,,,,,,,,,,,,,,,,,,,,,,,,,,,,,,,,,,,,606.0,,,,,,,,,,,,,,,,,23.0,,,,,,,,,,,,,,,,,,,,,,,,,,,,,,,,,,,,,,,,,,,,,,,,,,,,,,,,,,,,,,,,,,,,,,,,,,,,,,,,,,,,,,,,,,,,,,,,,,,,,,,,,
_250m_16_days_VI_Quality_2012273_aid0001,aid0001,2012-09-29 00:00:00+00:00,,,,,,,,86779.0,,,,,,,30.0,,,,,,,,,,,,,,,,,,,,,,,,,,,,,,,,,,,,,,,,,,,,,,,,,,,,,,,,,,,,,,,,,,,,,,,,,702.0,,,,,,,,,,,,,,,,,20.0,,,,,,,,,,,,,,,,,,,,,,,,,,,,,,,,,,,,,,,,,,,,,,,,,,,,,,,,,,,,,,,,,,,,,,,,,,,,,,,,,,,,,,,,,,,,,,,,,,,,,,,,,
_250m_16_days_VI_Quality_2012289_aid0001,aid0001,2012-10-15 00:00:00+00:00,,,,,,,,86280.0,,,,,,,548.0,,,,,,,,,,,,,,,,,,,,,,,,,,,,,,,,,,,,,,,,,,,,,,,,,,,,,,,,,,,,,,,,,,,,,,,,,703.0,,,,,,,,,,,,,,,,,,,,,,,,,,,,,,,,,,,,,,,,,,,,,,,,,,,,,,,,,,,,,,,,,,,,,,,,,,,,,,,,,,,,,,,,,,,,,,,,,,,,,,,,,,,,,,,,,,,,,,,,,,
_250m_16_days_VI_Quality_2012305_aid0001,aid0001,2012-10-31 00:00:00+00:00,,,,,,,,86824.0,,12.0,,,,,34.0,,5.0,,,,,,,,,,,,,,,,,,,,,,,,,,,,,,,,,,,,,,,,,,,,,,,,,,,,,,,,,,,,,,,,,,,,,,,646.0,,6.0,,,,,,,,,,,,,,,4.0,,,,,,,,,,,,,,,,,,,,,,,,,,,,,,,,,,,,,,,,,,,,,,,,,,,,,,,,,,,,,,,,,,,,,,,,,,,,,,,,,,,,,,,,,,,,,,,,,,,,,,,,,
_250m_16_days_VI_Quality_2012321_aid0001,aid0001,2012-11-16 00:00:00+00:00,,,,1.0,,,,86708.0,,4.0,,,,1.0,254.0,,5.0,,,,,,,,,,,,,,,,,,,,,,,,,,,5.0,,,,,,,,,,,,,,,,4.0,,,8.0,,,,,,,,,,,,,,,,,,,,,,,,,531.0,,,,,,,,,,,,,,,,,8.0,,,,,,,,,,,,,,,,,,,,,,,,,,,,,,,,,,,,,,,,,,,,,,2.0,,,,,,,,,,,,,,,,,,,,,,,,,,,,,,,,,,,,,,,,,,,,,,,,,,,,,,,,,,,
_250m_16_days_VI_Quality_2012337_aid0001,aid0001,2012-12-02 00:00:00+00:00,,24.0,,8.0,,,,85983.0,,325.0,,,,4.0,248.0,,226.0,,,,,,,10.0,,,,,,1.0,,,,,,28.0,,,,,,44.0,,,,,,,4.0,,,,,,,26.0,1.0,,,1.0,,,5.0,,,,,,,,1.0,,,,,,6.0,,,,,,,,,,,525.0,,,,,,,,,,,,,,,,,18.0,,,,35.0,,,,,,,,,,,,,,4.0,,,,,,,,,,,,,,,,,,,,,,,,,,,,,,,,,,,,,,,3.0,,,,,,,,,,,,,,,,,,,,,,,,1.0,,,,,,,,,,,,,,,,,,,,,,,,
_250m_16_days_VI_Quality_2012353_aid0001,aid0001,2012-12-18 00:00:00+00:00,,18.0,2.0,19.0,,3.0,,83169.0,,873.0,,11.0,,6.0,1473.0,,612.0,,34.0,,,,,184.0,,1.0,,,,1.0,6.0,,,,,87.0,,4.0,,,,156.0,,37.0,,,,,4.0,,,,,,,20.0,,,,6.0,,,5.0,,,,,,,,2.0,,,,,,6.0,,,,,,,,,,,599.0,,,,,,,,,,,,,,,,,,,,,94.0,,82.0,,,,,,,2.0,,,,8.0,7.0,,,,,,,,,,,,,,,,,,,,,,,,,,,,,,,,,,,,,,,,,,,,,,,,,,,,,,,,,,,,,,,,,,,,,,,,,,,,,,,,,,,,,,,
_250m_16_days_VI_Quality_2013001_aid0001,aid0001,2013-01-01 00:00:00+00:00,,64.0,,40.0,,11.0,,84142.0,,423.0,,10.0,,5.0,811.0,4.0,563.0,,5.0,,3.0,13.0,,105.0,,,,,5.0,8.0,3.0,,,,,183.0,,,,,,167.0,,31.0,,7.0,,,4.0,,,,,,,25.0,21.0,5.0,,127.0,,,18.0,,,1.0,,,,,5.0,1.0,,,,,8.0,,6.0,,2.0,,,,,,,672.0,,,,,,,,,,,,,,,,,,,,,1.0,,18.0,,,,,,,,,,,9.0,5.0,,,,,,,,,,,,,,,,,,,,,,,,,,,,,,,,,,,,,,,,,,,,,,,,,,,,,,,,,,,,,,,,,,,,,,,,,,,,,,,,,,,,,,,
_250m_16_days_VI_Quality_2013017_aid0001,aid0001,2013-01-17 00:00:00+00:00,624.0,275.0,546.0,193.0,,,,61039.0,,3608.0,,,,,4949.0,,1645.0,5.0,,,2.0,344.0,5.0,1416.0,92.0,,,1.0,81.0,14.0,5.0,6.0,,,,774.0,9.0,153.0,4.0,,,750.0,,133.0,5.0,,,1.0,58.0,,35.0,10.0,,,,110.0,170.0,,,75.0,124.0,,154.0,107.0,,,29.0,159.0,,,32.0,10.0,,20.0,34.0,,75.0,52.0,,,11.0,,,,,,,571.0,,38.0,,,,,,,,,,,,,,,10.0,,,,6629.0,38.0,1367.0,4.0,,,6.0,8.0,,57.0,88.0,,1.0,294.0,46.0,,,,,5.0,,11.0,1.0,,,,,5.0,1.0,,,,,,,6.0,,158.0,,19.0,,78.0,32.0,,,,4.0,,,27.0,,,,39.0,,8.0,,,1.0,,,,,4.0,,,,,,,5.0,,,,,,5.0,,,,,,,,,,,12.0,,,,,,4.0,,,,2.0,,,,
_250m_16_days_VI_Quality_2013033_aid0001,aid0001,2013-02-02 00:00:00+00:00,816.0,162.0,326.0,150.0,,,,58902.0,,9275.0,,,,,4597.0,1.0,868.0,,,,1.0,185.0,8.0,381.0,21.0,,,,30.0,6.0,32.0,9.0,,,,831.0,,223.0,,,,908.0,,217.0,,,,1.0,46.0,9.0,8.0,,,,,71.0,57.0,,,,6.0,,53.0,37.0,,,,4.0,,,10.0,5.0,,,,,10.0,,,,4.0,7.0,,,,,,719.0,,23.0,,,,,,,,,,,,,,,28.0,,,,5626.0,8.0,2148.0,10.0,,,10.0,,,75.0,138.0,,,144.0,116.0,,,15.0,,23.0,10.0,11.0,,,,,,,,,6.0,14.0,,,,9.0,,,,,,,,,,,,,,31.0,,,,43.0,,,,,,,,,,,,,,11.0,,,,,,,,,,,10.0,,,,,,,,,,,,,,,,14.0,5.0,,,,,,
_250m_16_days_VI_Quality_2013049_aid0001,aid0001,2013-02-18 00:00:00+00:00,135.0,64.0,399.0,96.0,,,,32934.0,,42195.0,,,,,3216.0,,4313.0,,,,,102.0,,155.0,,,,,4.0,,26.0,26.0,,,,257.0,,65.0,,,,165.0,,155.0,,,,,9.0,,23.0,,,,,29.0,62.0,,,,,,10.0,,,,10.0,9.0,,,,23.0,,,,,,6.0,,,,1.0,,,,,,442.0,,206.0,,,,,,,,,,,,,,,,21.0,,,347.0,,1735.0,6.0,,,,,,5.0,34.0,,,17.0,168.0,,,,,,,4.0,,,,,,,,,,,,,,,,,,,,,,,,4.0,,,,49.0,,,,4.0,,,,,,,,,,,,,,,,,,,,,,,,,,,,,,,,,,,,,,,,,,,,,,,,
_250m_16_days_VI_Quality_2013065_aid0001,aid0001,2013-03-06 00:00:00+00:00,14.0,123.0,141.0,96.0,,,,76985.0,,1296.0,,,,,3854.0,,2886.0,,,,,88.0,,98.0,,,,,51.0,24.0,88.0,,,,,302.0,,23.0,,,,82.0,,78.0,,,,,8.0,,19.0,,,,,25.0,26.0,,,,,,,,,,13.0,7.0,,,4.0,4.0,,,,,,15.0,,,10.0,,,,,,,720.0,,,,,,,,,,,,,,,,,,,,,191.0,,181.0,,,,,,,1.0,,,,61.0,4.0,,,,,,,,,,,,,,,,,,,,,,,,,,,,,,,,,,,4.0,,,,,,9.0,,,,,,,,,,,,,,,,,,,,,,,,,,,,,,,,,,,,,,,,,,,,,,
_250m_16_days_VI_Quality_2013081_aid0001,aid0001,2013-03-22 00:00:00+00:00,8.0,119.0,187.0,77.0,,,,79735.0,,659.0,,,,,4771.0,,444.0,,,,,,,108.0,,,,,16.0,,4.0,,,,,144.0,,24.0,,,,73.0,,67.0,,,,,4.0,,,,,,,9.0,17.0,,,,,,2.0,,,,,,,,,6.0,,,,,,,,,,,,,,,,724.0,,,,,,,,,,,,,,,,,,,,,108.0,,186.0,,,,,,,,,,,19.0,12.0,,,,,,,,,,4.0,,,,,,,,,,,,,4.0,,,,,,,,,,,,,,,,,,,,,,,,,,,,,,,,,,,,,,,,,,,,,,,,,,,,,,,,,,,,,,,,
_250m_16_days_VI_Quality_2013097_aid0001,aid0001,2013-04-07 00:00:00+00:00,,235.0,,60.0,,,,70321.0,,249.0,,,,,14570.0,,183.0,,,,,8.0,,5.0,,,,,22.0,52.0,48.0,3.0,,,,387.0,,27.0,,,,395.0,,31.0,,,,,5.0,8.0,10.0,,,,,16.0,10.0,,,,,,4.0,,,,4.0,,,,25.0,,,,,,,,,,1.0,5.0,,,,,,730.0,,,,,,,,,,,,,,,,,,,,,47.0,6.0,,,,,,,,,,,,8.0,,,,,,,,,,,,6.0,,,,,,,,,,,,,,,5.0,,,,,,,,,35.0,,,,,,,,,,4.0,,,,,,,,,,,,,,,,,,,,6.0,,,,,,,,,,,,,,,,,,,,,,
_250m_16_days_VI_Quality_2013113_aid0001,aid0001,2013-04-23 00:00:00+00:00,,123.0,,12.0,,,,80082.0,,472.0,,,,,5312.0,,372.0,,,,,,,,,,,,6.0,,,,,,,129.0,,,,,,108.0,,28.0,,,,,12.0,,14.0,,,,,,,,,,,,,,,,,,,,,4.0,,,,,,,,,,,,,,,,835.0,,,,,,,,,,,,,,,,,,,,,14.0,,,,,,,,,,,,,8.0,,,,,,,,,,,,,,,,,,,,,,,,,,,,,,,,,,,,,,,,,,,,,,,,,,,,,,,,,,,,,,,,,,,,,,,,,,,,,,,,,,,,,,,,
_250m_16_days_VI_Quality_2013129_aid0001,aid0001,2013-05-09 00:00:00+00:00,,,1.0,,,,,85522.0,,153.0,,,,,1065.0,,59.0,,,,,,,,,,,,,,,,,,,,,,,,,,,,,,,,,,,,,,,,,,,,,,,,,,,,,,,,,,,,,,,,,,,,,,,584.0,,147.0,,,,,,,,,,,,,,,,,,,,,,,,,,,,,,,,,,,,,,,,,,,,,,,,,,,,,,,,,,,,,,,,,,,,,,,,,,,,,,,,,,,,,,,,,,,,,,,,,,,,,,,,,,,,,,,,,,,,,,,,
_250m_16_days_VI_Quality_2013145_aid0001,aid0001,2013-05-25 00:00:00+00:00,,,,,,,,66000.0,,218.0,,,,,19378.0,,1212.0,,,,,,,,,,,,,,,,,,,,,,,,,,,,,,,,,,,,,,,,,,,,,,,,,,,,,,,,,,,,,,,,,,,,,,,723.0,,,,,,,,,,,,,,,,,,,,,,,,,,,,,,,,,,,,,,,,,,,,,,,,,,,,,,,,,,,,,,,,,,,,,,,,,,,,,,,,,,,,,,,,,,,,,,,,,,,,,,,,,,,,,,,,,,,,,,,,,,
_250m_16_days_VI_Quality_2013161_aid0001,aid0001,2013-06-10 00:00:00+00:00,,1514.0,,1048.0,,,,34560.0,,6109.0,,,,,35281.0,,1596.0,,,,,6.0,,,1.0,,,,10.0,,6.0,,,,,833.0,,207.0,,,,2502.0,,929.0,,,,,91.0,,134.0,177.0,,,,233.0,28.0,,,,,,417.0,,,,,4.0,,,,,,,,,,,,,28.0,54.0,,,,,,747.0,,,,,,,,,,,,,,,,,,,,,,,,,,,,,,,,,,,,,,,,,,,,,,,,,,,,72.0,,,,149.0,,,,,,,,,,,,,,93.0,,,,664.0,,,,,4.0,,,15.0,,,,,,19.0,,,,,,,,,,,,,,,,,,,,,,,,,,,,,,,,,,
_250m_16_days_VI_Quality_2013177_aid0001,aid0001,2013-06-26 00:00:00+00:00,,557.0,,836.0,,,,3486.0,,50930.0,,,,,1541.0,,22771.0,,,,,207.0,58.0,220.0,,,,,,,,,,,,170.0,,2567.0,,,,604.0,,1252.0,,,,,237.0,84.0,158.0,5.0,,,,40.0,67.0,,,,,,,,,,22.0,,,,,,,,,,38.0,,,,19.0,,,,,,,21.0,,1534.0,,,,,,,,,,,,,,,,,,,,,,,,,,,,,,,,,,,,,,,,,,,,,,,,,,,,9.0,,25.0,,,,,,,,,,,,,,,,22.0,,4.0,,,,,17.0,,,18.0,,,,,,,,,,,,,,,,,4.0,8.0,,,,,,,,,,,,,,,,,,,,,,
_250m_16_days_VI_Quality_2013193_aid0001,aid0001,2013-07-12 00:00:00+00:00,,12168.0,,8048.0,,,4.0,13572.0,,,,,,,17325.0,9.0,3545.0,,,,,480.0,,521.0,,,,,30.0,16.0,291.0,94.0,,,,1630.0,,,,,,14434.0,18.0,2185.0,,,,3.0,2017.0,184.0,1365.0,246.0,,,5.0,2023.0,3825.0,,1.0,,,,54.0,,,,14.0,,,,25.0,284.0,,,,,85.0,17.0,,,214.0,163.0,,,4.0,17.0,,715.0,,71.0,,,,9.0,4.0,,,,,,,,,,,,,,,,,,,,,,,,,,,,,,,,,,,,,,,,,,,4.0,20.0,,,,,28.0,,177.0,,20.0,,30.0,,,14.0,7.0,5.0,,,,,,,225.0,,377.0,,,436.0,24.0,211.0,,,,29.0,,,,,14.0,,,,10.0,,,,,153.0,32.0,,,,,,,,,,,,,,,,,,,,,,
_250m_16_days_VI_Quality_2013209_aid0001,aid0001,2013-07-28 00:00:00+00:00,,14328.0,,9236.0,,,,31924.0,,,,,,,3819.0,81.0,194.0,,,,,166.0,,22.0,,,,,,,,82.0,,,,11103.0,,,,,,8266.0,224.0,406.0,,,,1.0,1445.0,73.0,480.0,76.0,,,,580.0,2126.0,,,,,,42.0,2.0,,,,,,,,10.0,,,,,210.0,,,,63.0,224.0,,1.0,,9.0,,510.0,,,,,,38.0,,,,,,,,,,,24.0,,,,,,,,,,,,,,,,,,,,,,,,,,,,,,,,,,,247.0,,,,,,41.0,,22.0,,,,,,,,70.0,,543.0,,,,305.0,46.0,74.0,,,68.0,49.0,99.0,25.0,,,,,,,31.0,,,,,,,,39.0,,11.0,96.0,,,,,,,,,,,,,,,,,,,,,,
_250m_16_days_VI_Quality_2013225_aid0001,aid0001,2013-08-13 00:00:00+00:00,,17852.0,104.0,6080.0,,,3.0,3567.0,,,,,,,16436.0,12.0,246.0,,,,,3097.0,3283.0,2054.0,10.0,,,,62.0,123.0,659.0,81.0,,,,858.0,,,,,,12062.0,12.0,641.0,,,,4.0,3037.0,2222.0,1239.0,109.0,,,4.0,3792.0,1722.0,,6.0,,,,608.0,,,,576.0,196.0,,,23.0,60.0,,,,,203.0,20.0,,,686.0,361.0,,1.0,22.0,,,306.0,64.0,10.0,,,,11.0,,,,,84.0,,,,,,,,,,,,,,,,,,,,,,,,,,,,,,,,,,,,,,,,,218.0,,,,420.0,,,,9.0,218.0,38.0,,,,20.0,38.0,28.0,,78.0,,,,1557.0,14.0,168.0,,,421.0,678.0,330.0,130.0,,,,,,54.0,,87.0,22.0,,11.0,25.0,,,61.0,10.0,205.0,71.0,,,,,,,,,,,,,,12.0,,,,,,,,
_250m_16_days_VI_Quality_2013241_aid0001,aid0001,2013-08-29 00:00:00+00:00,,5545.0,69.0,6227.0,,,7.0,1285.0,,3450.0,,,,,23662.0,,16513.0,,,,1.0,1415.0,,2212.0,98.0,,,,,8.0,520.0,55.0,,,,80.0,,801.0,,,,6991.0,,6136.0,,,,7.0,1610.0,192.0,2100.0,88.0,,,3.0,1366.0,3603.0,,4.0,,,,10.0,,,,48.0,43.0,,,,254.0,,,,,26.0,,,,207.0,355.0,,,,,,758.0,,174.0,,,,,,,,,,,,,,,,,,,,,,,,,,,,,,,,,,,,,,,,,,,,,,,,,,,,98.0,,246.0,,65.0,,5.0,,28.0,,,,,,,,,,85.0,,525.0,15.0,254.0,,,123.0,51.0,15.0,,,,,,,,,,,,,,,,10.0,,82.0,6.0,,,,,,,,,,,,,,,,,,,,,,
_250m_16_days_VI_Quality_2013257_aid0001,aid0001,2013-09-14 00:00:00+00:00,,,,,,,,79879.0,,6660.0,,,,,51.0,,35.0,,,,,,,,,,,,,,,,,,,112.0,,145.0,,,,14.0,,20.0,,,,,,,,,,,,10.0,,,,,,,,,,,,,,,,,,,,,,,,,,,,,,,,459.0,,,,,,,,,,,,,,,,,10.0,,,,,,,,,,,,,,,,,,,,,,,,,,,,,,,,,,,60.0,,,,,,,,,,,,,,,,,,54.0,,2.0,,20.0,,,,,,,,,,,,,,,,,,,,,,,,,,,,,,,,,,,,,,,,,,,,,,,,
_250m_16_days_VI_Quality_2013273_aid0001,aid0001,2013-09-30 00:00:00+00:00,,3202.0,,1779.0,,,1.0,32725.0,,9957.0,,,,,16408.0,,7263.0,,,,3.0,168.0,,168.0,,,,,,,19.0,96.0,,,1.0,2436.0,,902.0,,,3.0,4228.0,,3201.0,,,,9.0,671.0,14.0,231.0,,,,7.0,1633.0,753.0,,6.0,,,,,,,,,,,,34.0,15.0,,,,,,,,,55.0,61.0,,,,,,778.0,,,,,1.0,,,,,,,,,,,,,,,,,,,,,,,,,,,,,,,,,,,,,,,,,,,,1.0,,,135.0,,,,80.0,,,,18.0,,,,,,4.0,,,,173.0,,4.0,,114.0,,33.0,,,89.0,8.0,4.0,,,,,,,,,,,,2.0,,,,20.0,,10.0,8.0,,,,,,,,,,,,,,,,,,,,,,
_250m_16_days_VI_Quality_2013289_aid0001,aid0001,2013-10-16 00:00:00+00:00,,,,,,,,86800.0,,21.0,,,,,17.0,,,,,,,,,,,,,,,,,,,,,,,,,,,,,,,,,,,,,,,,,,,,,,,,,,,,,,,,,,,,,,,,,,,,,,,,,693.0,,,,,,,,,,,,,,,,,,,,,,,,,,,,,,,,,,,,,,,,,,,,,,,,,,,,,,,,,,,,,,,,,,,,,,,,,,,,,,,,,,,,,,,,,,,,,,,,,,,,,,,,,,,,,,,,,,,,,,,,,,
_250m_16_days_VI_Quality_2013305_aid0001,aid0001,2013-11-01 00:00:00+00:00,,1.0,,,,,,77017.0,,9214.0,,,,,431.0,,137.0,,,,,,,,,,,,,,,,,,,29.0,,,,,,,,,,,,,,,,2.0,,,,,,,,,,,6.0,,,,,,,,,,,,,,,,,,,,,,,,,684.0,,10.0,,,,,,,,,,,,,,,,,,,,,,,,,,,,,,,,,,,,,,,,,,,,,,,,,,,,,,,,,,,,,,,,,,,,,,,,,,,,,,,,,,,,,,,,,,,,,,,,,,,,,,,,,,,,,,,,,,,,,,,,
_250m_16_days_VI_Quality_2013321_aid0001,aid0001,2013-11-17 00:00:00+00:00,,5.0,,5.0,,,,86367.0,,149.0,,,,8.0,90.0,,125.0,,,,,,,,,,,,,,,,,,,14.0,,,,,,10.0,,4.0,,,,1.0,,,,,,,,,,,,10.0,,,,,,,,,,,,,,,,,,,,,2.0,,,,,,,707.0,,,,,,,,,,,,,,,,,34.0,,,,,,,,,,,,,,,,,,,,,,,,,,,,,,,,,,,,,,,,,,,,,,,,,,,,,,,,,,,,,,,,,,,,,,,,,,,,,,,,,,,,,,,,,,,,,,,,,,,,,,,,,
_250m_16_days_VI_Quality_2013337_aid0001,aid0001,2013-12-03 00:00:00+00:00,,,,,,,,86222.0,,89.0,,5.0,,5.0,426.0,,160.0,,6.0,,,,,,,,,,,,,,,,,3.0,,,,,,,,,,,,,,,,,,,,,,,,,,,4.0,,,,,,,,,,,,,,,,,,,,,,,,,611.0,,,,,,,,,,,,,,,,,,,,,,,,,,,,,,,,,,,,,,,,,,,,,,,,,,,,,,,,,,,,,,,,,,,,,,,,,,,,,,,,,,,,,,,,,,,,,,,,,,,,,,,,,,,,,,,,,,,,,,,,,,
_250m_16_days_VI_Quality_2013353_aid0001,aid0001,2013-12-19 00:00:00+00:00,,12.0,,3.0,,,,80308.0,,2093.0,,48.0,,1.0,3004.0,,1039.0,,46.0,,,,,,,,,,,,4.0,,,,,17.0,,,,,,16.0,,5.0,,,,,6.0,,,,,,,15.0,8.0,,,9.0,,,5.0,7.0,,,,1.0,,,,,,,,,,,,,,,,,,,,586.0,,6.0,,,,,,,,,,,,,,,,,,,61.0,3.0,215.0,,,,,,,,4.0,,,3.0,6.0,,,,,,,,,,,,,,,,,,,,,,,,,,,,,,,,,,,,,,,,,,,,,,,,,,,,,,,,,,,,,,,,,,,,,,,,,,,,,,,,,,,,,,,
_250m_16_days_VI_Quality_2014001_aid0001,aid0001,2014-01-01 00:00:00+00:00,,256.0,211.0,77.0,,,1.0,60311.0,,3466.0,,,,2.0,17841.0,,884.0,,,,,69.0,,39.0,,,,4.0,,31.0,67.0,6.0,,,,777.0,,228.0,,,1.0,387.0,,218.0,,,,2.0,32.0,4.0,24.0,,,,,119.0,35.0,,,32.0,,,16.0,,,,,,,,5.0,,,4.0,,,4.0,,,,5.0,,,,,,,897.0,,,,,,,,,,,,,,,,,,,,,82.0,24.0,1063.0,3.0,,,,,,,,,,64.0,66.0,,1.0,,,,,,,,,,,,,,,,,49.0,,,,73.0,,,,18.0,,,,,,,,,,4.0,,10.0,,10.0,,,4.0,5.0,,,,,,,,,,,,,,,,,,,,,,,,,,,,,,,,,,,,,,,,,,
_250m_16_days_VI_Quality_2014017_aid0001,aid0001,2014-01-17 00:00:00+00:00,92.0,76.0,109.0,97.0,,,,56094.0,,16193.0,,,,,5758.0,11.0,3506.0,,,,1.0,328.0,,322.0,7.0,,,,4.0,6.0,36.0,,,,,326.0,9.0,146.0,,,,491.0,,253.0,,,,1.0,33.0,4.0,,,,,,21.0,10.0,,,4.0,31.0,,40.0,52.0,,,63.0,9.0,,,,1.0,,,,,8.0,,,,,,,,,,,703.0,,39.0,,,,,,,,,,,,,,,,,,,1458.0,,903.0,,,,1.0,,,10.0,133.0,,,49.0,30.0,,,,,25.0,,1.0,,,4.0,4.0,,,,,,,,,,,,,,,,,,,,,,,,,,,,21.0,,,,,,,,,,,,,,,,,,,,,,,,,5.0,,,,,,,,,,,,,,,,,,,,,,,
_250m_16_days_VI_Quality_2014033_aid0001,aid0001,2014-02-02 00:00:00+00:00,180.0,291.0,35.0,97.0,,,,72021.0,,398.0,,,,,2335.0,,2778.0,,,,,144.0,,770.0,,,,,83.0,45.0,13.0,24.0,,,,948.0,,173.0,,,,268.0,1.0,628.0,,,,,24.0,,60.0,47.0,,,,27.0,53.0,,,,,,6.0,,,,6.0,21.0,,,27.0,4.0,,,,,4.0,29.0,,,,,,,,,,675.0,,,,,,,,,,,,,,,,,28.0,,3.0,,4508.0,24.0,157.0,6.0,,,,37.0,,62.0,37.0,,,236.0,42.0,,,,,26.0,54.0,,,,,,,,2.0,,,48.0,,,,,,,,,,,,,,,,,,9.0,,,,,,,,,,,,19.0,,,,,,,,,,,,,,,,,,7.0,,,,,,,,,,11.0,,,,,,,,,,,,
_250m_16_days_VI_Quality_2014049_aid0001,aid0001,2014-02-18 00:00:00+00:00,145.0,577.0,720.0,271.0,,,1.0,53161.0,,331.0,,,,,18538.0,,3864.0,,,,,373.0,54.0,1210.0,24.0,,,,5.0,19.0,46.0,10.0,,,,385.0,,14.0,,,,779.0,,26.0,,,,,231.0,,,5.0,,,,375.0,136.0,,,,,,88.0,194.0,,,100.0,121.0,,,23.0,10.0,,,,,,15.0,,,22.0,,,,,,,719.0,,,,,,,,,,,,,,,,,,,,,1888.0,6.0,2453.0,16.0,,,,,,,335.0,,,37.0,49.0,,,,,5.0,,89.0,,,,,,,,,,18.0,,,,24.0,,,,5.0,,,,,,,,,,,,,,14.0,,,,,,,,,,,,,,,,,,,,,,,,,,,,,,,,,,,,,,,,,,,,,,,,
_250m_16_days_VI_Quality_2014065_aid0001,aid0001,2014-03-06 00:00:00+00:00,31.0,310.0,88.0,134.0,,,,75856.0,,2133.0,,,,,3056.0,9.0,1741.0,,,,,46.0,25.0,320.0,,,,,15.0,35.0,37.0,11.0,,,,435.0,,57.0,,,,390.0,,162.0,,,,,28.0,15.0,12.0,,,,,209.0,16.0,,,,,,44.0,,,,54.0,8.0,,,36.0,17.0,,,,,24.0,,,,9.0,,,,,,,747.0,,,,,,,,,,,,,,,,,25.0,,,,528.0,4.0,426.0,,,,,,,,100.0,,,110.0,63.0,,,,,,,25.0,,,,,,,,,,33.0,,,,40.0,,,,,,,,,,,,,,24.0,,,,29.0,,,,,5.0,,,,,,,,,,,,,,,,,,9.0,,,,,,,,,,,,,,,,,,,,,,,,,
_250m_16_days_VI_Quality_2014081_aid0001,aid0001,2014-03-22 00:00:00+00:00,28.0,110.0,89.0,162.0,,,,59343.0,,23268.0,,,,,1422.0,,744.0,,,,,20.0,,164.0,,,,,8.0,,49.0,4.0,,,,361.0,,86.0,,,,105.0,,169.0,,,,,4.0,,29.0,,,,,19.0,9.0,,,,,,,,,,,,,,4.0,28.0,,,,,,,,,,,,,,,,585.0,,249.0,,,,,,,,,,,,,,,28.0,,,,71.0,,212.0,,,,3.0,,,,,,,66.0,92.0,,,,,,,,,,,,,,,,,,,,,,,,,,,,,,,,,,,,,,,,,,,,,,,,,,,,,,,,,,,,,,,,,,,,,,,,,,,,,,,,,,,,,,,
_250m_16_days_VI_Quality_2014097_aid0001,aid0001,2014-04-07 00:00:00+00:00,15.0,95.0,15.0,72.0,,,,84638.0,,157.0,,,,,658.0,,84.0,,,,,33.0,,77.0,,,,,12.0,4.0,13.0,,,,,142.0,,70.0,,,,183.0,,20.0,,,,1.0,5.0,,,,,,,37.0,,,,,,,,,,,,,,,4.0,,,,,,,,,,18.0,,,,,,,671.0,,,,,,,,,,,,,,,,,15.0,,,,345.0,,,,,,,,,,,,,78.0,,,,,,,,6.0,,,,,,,,,,20.0,,,,4.0,,,,,,,,,,,,,,4.0,,,,31.0,,4.0,,,,,,,,,,,,,,,,,,,,,,,,,,,,,,,,,,,,,,,,,,,,,,
_250m_16_days_VI_Quality_2014113_aid0001,aid0001,2014-04-23 00:00:00+00:00,,61.0,171.0,1.0,,,,85823.0,,24.0,,,,,221.0,,309.0,,,,,7.0,,42.0,,,,,9.0,4.0,25.0,,,,,53.0,,,,,,47.0,,14.0,,,,,11.0,,,6.0,,,,,4.0,,,,,,,,,,,,,,3.0,,,,,,,,,,,,,,,,,667.0,,,,,,,,,,,,,,,,,,,,,29.0,,,,,,,,,,,,,,,,,,,,,,,,,,,,,,,,,,,,,,,,,,,,,,,,,,,,,,,,,,,,,,,,,,,,,,,,,,,,,,,,,,,,,,,,,,,,,,,,,,,,,
_250m_16_days_VI_Quality_2014129_aid0001,aid0001,2014-05-09 00:00:00+00:00,,80.0,,25.0,,,,85386.0,,354.0,,,,,388.0,,4.0,,,,,,8.0,,,,,,34.0,,12.0,,,,,355.0,,,,,,116.0,,23.0,,,,,18.0,4.0,,,,,,9.0,4.0,,,,,,,,,,20.0,,,,,,,,,,,,,,,,,,,,,638.0,,,,,,,,,,,,,,,,,5.0,,,,22.0,,,,,,,,,,,,,8.0,,,,,,,,,,,5.0,,,,,,,,,,,,,,,,,,,,,,,,,,,,,,,,,,,,,13.0,,,,,,,,,,,,,,,,,,,,,,,,,,,,,,,,,,,,,,,,
_250m_16_days_VI_Quality_2014145_aid0001,aid0001,2014-05-25 00:00:00+00:00,,10.0,,7.0,,,,85208.0,,55.0,,,,,1317.0,,92.0,,,,,,,,,,,,,,8.0,,,,,8.0,,,,,,20.0,,,,,,,,,,,,,,,,,,,,,,,,,,,,,6.0,,,,,,,,,,,,,,,,,800.0,,,,,,,,,,,,,,,,,,,,,,,,,,,,,,,,,,,,,,,,,,,,,,,,,,,,,,,,,,,,,,,,,,,,,,,,,,,,,,,,,,,,,,,,,,,,,,,,,,,,,,,,,,,,,,,,,,,,,,,,,,
_250m_16_days_VI_Quality_2014161_aid0001,aid0001,2014-06-10 00:00:00+00:00,,,8.0,,,,,26734.0,,972.0,,,,,53828.0,,5054.0,,,,,,,,,,,,,,,,,,,,,,,,,,,,,,,,,,,,,,,,,,,,,,,,,,,,,,,,,,,,,,,,,,,,,,,904.0,,,,,,,,,,,,,,,,,31.0,,,,,,,,,,,,,,,,,,,,,,,,,,,,,,,,,,,,,,,,,,,,,,,,,,,,,,,,,,,,,,,,,,,,,,,,,,,,,,,,,,,,,,,,,,,,,,,,,,,,,,,,,
_250m_16_days_VI_Quality_2014177_aid0001,aid0001,2014-06-26 00:00:00+00:00,,2933.0,,1235.0,,,1.0,24009.0,,284.0,,,,,43577.0,,3541.0,,,,,920.0,8.0,593.0,48.0,,,,4.0,,,,,,,1367.0,,62.0,,,,4826.0,,470.0,,,,,653.0,210.0,787.0,173.0,,,1.0,141.0,251.0,,,,,,,,,,22.0,49.0,,,,14.0,,,,,,,,,91.0,16.0,,,,,,940.0,,29.0,,,,,,,,,,,,,,,14.0,,,,,,,,,,,,,,,,,,,,,,,,,,,,,,,,,,,76.0,,,,,,,,,,,,,,,,,,127.0,,,,45.0,,,,,,8.0,5.0,,,,,,,,,,1.0,,,,,,,,,,,,,,,,,,,,,,,,,,,,,,,
_250m_16_days_VI_Quality_2014193_aid0001,aid0001,2014-07-12 00:00:00+00:00,,8663.0,,28401.0,,,,,,,,,,,136.0,,468.0,,,,,192.0,,3195.0,,,,,,14.0,431.0,295.0,,,,,,,,,,394.0,,3905.0,,,,,1246.0,493.0,7502.0,1799.0,,,3.0,1133.0,14282.0,,,,,,,87.0,,,4.0,902.0,,1.0,5.0,283.0,,,,,102.0,129.0,,,765.0,5744.0,,5.0,96.0,553.0,,,,,,,,,,,21.0,183.0,,,,,,,,,,,,,,,,,,,,,,,,,,,,,,,,,,,,,,,,,,,,,,,,57.0,,,,19.0,,,,5.0,116.0,75.0,,,,,,,,630.0,,,32.0,246.0,1192.0,1505.0,,,,,,,,,71.0,,,92.0,,,,,55.0,2001.0,3.0,,,,,,,,,,,,,,,,,,,,,
_250m_16_days_VI_Quality_2014209_aid0001,aid0001,2014-07-28 00:00:00+00:00,,15014.0,118.0,9639.0,,,20.0,899.0,,429.0,,,,,8964.0,,8145.0,,,,3.0,884.0,,2619.0,66.0,,,1.0,14.0,,85.0,144.0,,,,124.0,,88.0,,,,11506.0,,7010.0,,,,21.0,3096.0,48.0,2257.0,349.0,,,14.0,2840.0,6132.0,,6.0,,,,,31.0,,,,766.0,,,20.0,75.0,,,,,,40.0,,,197.0,577.0,,,12.0,33.0,,173.0,,163.0,,,,24.0,11.0,,,47.0,,,,,,,37.0,,,,,1.0,,,,,,,,,,,,,,,,,,,,,5.0,,,,,,,4.0,,,,,,101.0,,300.0,,10.0,,63.0,,,,8.0,49.0,33.0,,20.0,,,,710.0,,807.0,,,436.0,66.0,1153.0,56.0,,,34.0,,,,,,82.0,,5.0,57.0,,,,2.0,41.0,742.0,1.0,,,,,,,,,,,2.0,1.0,,,,,,1.0,,,
_250m_16_days_VI_Quality_2014225_aid0001,aid0001,2014-08-13 00:00:00+00:00,,341.0,,185.0,,,,80706.0,,264.0,,,,,2350.0,,1464.0,,,,,16.0,,50.0,,,,,,,,,,,,433.0,,,,,,712.0,,156.0,,,,,39.0,,27.0,,,,,7.0,6.0,,,,,,,,,,,,,,,,,,,,,,,,,,,,,,,723.0,,,,,,,,,,,,,,,,,10.0,,,,,,,,,,,,,,,,,,,,,,,,,,,,,,,,,,,,,,,,,,,,,,,,,,,,,33.0,,,,9.0,,,,,,,,,,,,,,,,,,,,,,,,,,,,,,,,,,,,,,,,,,,,,,,,
_250m_16_days_VI_Quality_2014241_aid0001,aid0001,2014-08-29 00:00:00+00:00,,11978.0,75.0,3591.0,,,1.0,12046.0,,911.0,,,,,23193.0,6.0,2574.0,,,,,385.0,58.0,162.0,,,,,,30.0,115.0,153.0,,,1.0,807.0,,83.0,,,,16198.0,8.0,1509.0,,,,12.0,2259.0,768.0,644.0,293.0,,,1.0,3183.0,2052.0,,2.0,,,,15.0,,,,104.0,20.0,,,19.0,122.0,,,,,51.0,,,,514.0,178.0,,1.0,,,,860.0,,,,,,,,,,,,,,,,,,,,,,,,,,,,,,,,,,,24.0,,,,,,,,,,,,,,,33.0,,40.0,,20.0,,370.0,,73.0,,,,33.0,,,,,66.0,36.0,,61.0,,,,848.0,,258.0,,,153.0,95.0,234.0,40.0,,,37.0,,,,,,,,,30.0,,,11.0,,17.0,68.0,,,,,,,,,,,,,,,,,,,,2.0,,
_250m_16_days_VI_Quality_2014257_aid0001,aid0001,2014-09-14 00:00:00+00:00,,67.0,,102.0,,,,74503.0,,1428.0,,,,1.0,9609.0,,120.0,,,,,,,,,,,,,,,,,,,541.0,,165.0,,,,204.0,,44.0,,,,,,,4.0,,,,,16.0,,,,,,,,,,,,,,,,,,,,,,,,,,,,,,,,522.0,,,,,,,,,,,,,,,,,33.0,,,,,,,,,,,,,,,,,,,,,,,,,,,,,,,,,,,4.0,,89.0,,,,,,,,,,,,,,,,4.0,,4.0,,,,71.0,,,,,,,,,,,,,,,,,,,,,,,,,,,,,,,,,,,,,,,,,,,,,,
_250m_16_days_VI_Quality_2014273_aid0001,aid0001,2014-09-30 00:00:00+00:00,,,,,,,,86654.0,,,,,,,172.0,,,,,,,,,,,,,,,,,,,,,,,,,,,,,,,,,,,,,,,,,,,,,,,,,,,,,,,,,,,,,,,,,,,,,,,,,691.0,,,,,,,,,,,,,,,,,14.0,,,,,,,,,,,,,,,,,,,,,,,,,,,,,,,,,,,,,,,,,,,,,,,,,,,,,,,,,,,,,,,,,,,,,,,,,,,,,,,,,,,,,,,,,,,,,,,,,,,,,,,,,
_250m_16_days_VI_Quality_2014289_aid0001,aid0001,2014-10-16 00:00:00+00:00,,,,,,,,86773.0,,4.0,,,,,198.0,,,,,,,,,,,,,,,,,,,,,,,,,,,,,,,,,,,,,,,,,,,,,,,,,,,,,,,,,,,,,,,,,,,,,,,,,556.0,,,,,,,,,,,,,,,,,,,,,,,,,,,,,,,,,,,,,,,,,,,,,,,,,,,,,,,,,,,,,,,,,,,,,,,,,,,,,,,,,,,,,,,,,,,,,,,,,,,,,,,,,,,,,,,,,,,,,,,,,,
_250m_16_days_VI_Quality_2014305_aid0001,aid0001,2014-11-01 00:00:00+00:00,,,,,,,,86659.0,,,,,,,262.0,,,,,,,,,,,,,,,,,,,,,,,,,,,,,,,,,,,,,,,,,,,,,,,,,,,,,,,,,,,,,,,,,,,,,,,,,610.0,,,,,,,,,,,,,,,,,,,,,,,,,,,,,,,,,,,,,,,,,,,,,,,,,,,,,,,,,,,,,,,,,,,,,,,,,,,,,,,,,,,,,,,,,,,,,,,,,,,,,,,,,,,,,,,,,,,,,,,,,,
_250m_16_days_VI_Quality_2014321_aid0001,aid0001,2014-11-17 00:00:00+00:00,,,,,,,,86609.0,,21.0,,,,2.0,195.0,,3.0,,,,,,,,,,,,,,,,,,,,,,,,,,,,,,,,,,,,,,,,,,,,,,,,,,1.0,,,,,,,,,,,,,,,,,,,,,694.0,,,,,,,,,,,,,,,,,6.0,,,,,,,,,,,,,,,,,,,,,,,,,,,,,,,,,,,,,,,,,,,,,,,,,,,,,,,,,,,,,,,,,,,,,,,,,,,,,,,,,,,,,,,,,,,,,,,,,,,,,,,,,
_250m_16_days_VI_Quality_2014337_aid0001,aid0001,2014-12-03 00:00:00+00:00,,,,4.0,,,,80715.0,,21.0,,,,,6037.0,2.0,31.0,,,,,,,,,,,,,1.0,,,,,,,,,,,,4.0,,,,,,,,,,,,,,,,,,11.0,,,,,,,,,,,,,,,,,,,,,5.0,,,,,,,675.0,,,,,,,,,,,,,,,,,25.0,,,,,,,,,,,,,,,,,,,,,,,,,,,,,,,,,,,,,,,,,,,,,,,,,,,,,,,,,,,,,,,,,,,,,,,,,,,,,,,,,,,,,,,,,,,,,,,,,,,,,,,,,
_250m_16_days_VI_Quality_2014353_aid0001,aid0001,2014-12-19 00:00:00+00:00,665.0,305.0,169.0,63.0,,6.0,1.0,69771.0,,885.0,,118.0,,6.0,5223.0,3.0,3351.0,,586.0,,9.0,289.0,10.0,749.0,1.0,10.0,1.0,2.0,51.0,70.0,9.0,5.0,,,,576.0,,23.0,,,1.0,546.0,,131.0,,10.0,9.0,,10.0,,,,,,,118.0,27.0,10.0,,15.0,42.0,78.0,45.0,18.0,240.0,,14.0,8.0,5.0,,24.0,4.0,,,,6.0,20.0,5.0,5.0,1.0,2.0,,,,,,,530.0,,9.0,47.0,57.0,,,,,,,,,,,,,,,,,1743.0,34.0,228.0,6.0,,,,,15.0,73.0,49.0,,,177.0,21.0,,,,,,,11.0,7.0,2.0,,,,,,56.0,,,,,,20.0,,20.0,,,,17.0,,,1.0,,,,,,,,,20.0,,10.0,,,,,,4.0,,,,,,,,,,,,,,,9.0,,,,,,,,,,,,,,13.0,,,,,,1.0,,,,,
_250m_16_days_VI_Quality_2015001_aid0001,aid0001,2015-01-01 00:00:00+00:00,361.0,165.0,249.0,42.0,,12.0,,71274.0,,204.0,,,,7.0,6104.0,,2576.0,,22.0,,6.0,361.0,,222.0,,10.0,,1.0,8.0,10.0,5.0,1.0,,,,836.0,,18.0,,,,418.0,,53.0,,8.0,,,13.0,,,2.0,,,,108.0,16.0,1.0,,,,,28.0,34.0,,,15.0,5.0,,,12.0,,,,6.0,,4.0,9.0,,,,,,,,,,660.0,,,,,,,,,,,,,,,,,4.0,,,,2918.0,,461.0,5.0,,,2.0,,,65.0,18.0,,,25.0,21.0,,,,,2.0,,,,,,,,,,,,4.0,,,,21.0,,,,,,,,,,,,,,23.0,,,,58.0,,5.0,,,,,,,,,,,,,,,,,,,,,,,,,,,,,,,,6.0,,4.0,,,,,,,,,,,,
_250m_16_days_VI_Quality_2015017_aid0001,aid0001,2015-01-17 00:00:00+00:00,425.0,910.0,,180.0,,,,59730.0,,12620.0,,,,2.0,4346.0,,324.0,,,,1.0,385.0,78.0,121.0,,,,,91.0,127.0,23.0,17.0,,,,1062.0,,73.0,,,,1063.0,,89.0,,,,,59.0,47.0,,,,,,407.0,47.0,,,23.0,,,30.0,,,,72.0,,,,85.0,,,6.0,10.0,,110.0,9.0,,,61.0,,,,,,,581.0,,,,,,,,,,,,,,,,,,,,,2815.0,13.0,777.0,7.0,,,4.0,,,38.0,,,,195.0,72.0,,,,,15.0,,60.0,,,,,,,4.0,16.0,,20.0,,,,4.0,,,,21.0,5.0,37.0,,,,,,,,18.0,,,,105.0,,61.0,,,10.0,5.0,,,,,,,,4.0,,,,,,,,,,,4.0,,,,,,,,,4.0,,,,,,,,,,,,,,
_250m_16_days_VI_Quality_2015033_aid0001,aid0001,2015-02-02 00:00:00+00:00,94.0,20.0,338.0,14.0,,,,74949.0,,2017.0,,,,,3157.0,,3423.0,,,,1.0,72.0,,582.0,,,,,23.0,,14.0,,,,,215.0,,27.0,,,,99.0,,68.0,,,,,,,,,,,,4.0,,,,,,,,,,,4.0,,,,,,,,,,,,,,,,,,,,,644.0,,6.0,,,,,,,,,,,,,,,43.0,,,,986.0,,633.0,,,,2.0,,,23.0,36.0,,,14.0,11.0,,,,,3.0,,,,,,,,,,,,,,,,,,,,,,5.0,,,,,,,,,,4.0,,,,,,,,,,,,,,,,,,,,,,,,,,,,,,,,,,,,,,,,,,,,,,,,,,
_250m_16_days_VI_Quality_2015049_aid0001,aid0001,2015-02-18 00:00:00+00:00,154.0,467.0,1111.0,240.0,,,2.0,68182.0,,1533.0,,,,,3989.0,,1394.0,,,,,101.0,,302.0,,,,,97.0,49.0,82.0,25.0,,,,1694.0,,4.0,,,,695.0,,194.0,,,,,127.0,13.0,43.0,6.0,,,,162.0,8.0,,,,,,14.0,,,,,,,,78.0,4.0,,,,,5.0,,,,,11.0,,,,,,474.0,,,,,1.0,,,,,,,,,,,,,,,,3050.0,4.0,2080.0,14.0,,,1.0,,,33.0,93.0,,,253.0,186.0,,,,,4.0,7.0,,7.0,,,,,,,47.0,,37.0,,,,49.0,,94.0,,9.0,,,,,,,,6.0,,24.0,,,,179.0,,,,,18.0,10.0,,,,,,,,,,7.0,,,,,,,29.0,,15.0,,,,,,,,,,,,,,,,,10.0,,,,,,
_250m_16_days_VI_Quality_2015065_aid0001,aid0001,2015-03-06 00:00:00+00:00,157.0,277.0,109.0,161.0,,,1.0,74562.0,,2796.0,,,,1.0,1984.0,74.0,2341.0,,,,,115.0,13.0,246.0,,,,,,24.0,16.0,,,,,425.0,,90.0,,,,215.0,10.0,318.0,,,,,,,10.0,,,,,100.0,43.0,,,23.0,,,246.0,,,,8.0,,,,11.0,,,,,,15.0,,,,,,,,,,,812.0,,,,,,,,,,,,,,,,,,,,,1428.0,11.0,571.0,,,,2.0,,,20.0,11.0,,,68.0,38.0,,,,5.0,,,,,,,,,,,,,39.0,,18.0,,27.0,,15.0,,9.0,,,,,,8.0,,,,32.0,,9.0,,8.0,,,,,,,,,,,,,,,,,,,,,,,5.0,,,,,,,,,,,,,,,4.0,,,,,,,,,,
_250m_16_days_VI_Quality_2015081_aid0001,aid0001,2015-03-22 00:00:00+00:00,47.0,153.0,216.0,168.0,,,1.0,80428.0,,824.0,,,,6.0,1861.0,,1414.0,,,,,42.0,,153.0,,,,,12.0,4.0,44.0,29.0,,,,282.0,,13.0,,,,58.0,,91.0,,,,,2.0,,51.0,23.0,,,,53.0,21.0,,,,,,,,,,,8.0,,,20.0,8.0,,,,,,,,,,5.0,,,,,,1040.0,,48.0,,,,,,,,,,,,,,,,,,,253.0,,80.0,,,,,,,,,,,37.0,8.0,,,,,,,6.0,8.0,,,,,,,14.0,,,,,,,,,,,,,,,,,,,,,,,,,,,,,,,,,,,,,,,,,,,,,,,,,,,,,,,,,,,,,,,,,,,,,,,,
_250m_16_days_VI_Quality_2015097_aid0001,aid0001,2015-04-07 00:00:00+00:00,58.0,42.0,212.0,8.0,,,,83682.0,,219.0,,,,8.0,1436.0,,390.0,,,,,22.0,,165.0,,,,,8.0,,,,,,,170.0,,5.0,,,,88.0,,47.0,,,,,,,,,,,,8.0,8.0,,,,,,,,,,,,,,14.0,,,,,,,,,,,,,,,,,619.0,,6.0,,,,,,,,,,,,,,,,,,,93.0,,187.0,,,,,,,,,,,,,,,,,,,,,,,,,,,,,,,,,,,,,,,,,,,,,,,14.0,,,,22.0,,,,,,,,,,,,,,,,,,,,,,,,,,,,,,,,,,,,,,,,,,,,,,,,
_250m_16_days_VI_Quality_2015113_aid0001,aid0001,2015-04-23 00:00:00+00:00,33.0,41.0,76.0,41.0,,,,85190.0,,29.0,,,,10.0,901.0,,182.0,,,,2.0,,,55.0,,,,,19.0,,,,,,,127.0,,,,,,45.0,,32.0,,,,,10.0,,4.0,,,,,,14.0,,,,,,,,,,,,,,,,,,,,,,,,,,,,,,,703.0,,,,,,,,,,,,,,,,,4.0,,,,4.0,,,,,,,,,,,,,9.0,,,,,,,,,,,,,,,,,,,,,,,,,,,,,,,,,,,,,,,,,,,,,,,,,,,,,,,,,,,,,,,,,,,,,,,,,,,,,,,,,,,,,,,,
_250m_16_days_VI_Quality_2015129_aid0001,aid0001,2015-05-09 00:00:00+00:00,1.0,1.0,52.0,,,,,79575.0,,895.0,,,,,6166.0,,200.0,,,,4.0,2.0,,12.0,,,,,3.0,,,,,,,,,,,,,1.0,,9.0,,,,,,,,,,,,5.0,,,,,,,,,,,,,,,,,,,,,,,,,,,,,,,,588.0,,,,,,,,,,,,,,,,,17.0,,,,,,,,,,,,,,,,,,,,,,,,,,,,,,,,,,,,,,,,,,,,,,,,,,,,,,,,,,,,,,,,,,,,,,,,,,,,,,,,,,,,,,,,,,,,,,,,,,,,,,,,,
_250m_16_days_VI_Quality_2015145_aid0001,aid0001,2015-05-25 00:00:00+00:00,,,35.0,,,,,79042.0,,14.0,,,,1.0,7450.0,,153.0,,,,2.0,2.0,,,,,,,,,,,,,,,,,,,,,,,,,,,,,,,,,,,,,,,,,,,,,,,,,,,,,,,,,,,,,,,,,,832.0,,,,,,,,,,,,,,,,,,,,,,,,,,,,,,,,,,,,,,,,,,,,,,,,,,,,,,,,,,,,,,,,,,,,,,,,,,,,,,,,,,,,,,,,,,,,,,,,,,,,,,,,,,,,,,,,,,,,,,,,,,
_250m_16_days_VI_Quality_2015161_aid0001,aid0001,2015-06-10 00:00:00+00:00,,217.0,,128.0,,,,55719.0,,626.0,,,,4.0,25276.0,108.0,2224.0,,,,10.0,457.0,,50.0,,,,,,,21.0,,,,,446.0,,17.0,,,,311.0,,381.0,,,,,152.0,,22.0,,,,,9.0,,,,,,,40.0,,,,,,,,,,,,,,,,,,,,,,,,,789.0,,,,,,,,,,,,,,,,,10.0,,,,,,,,,,,,,,,,,,,,,,,,,,,,,,,,,,,,,28.0,,,,261.0,,,,,,,,,,,,30.0,,,,8.0,,182.0,,,,,5.0,,,,,,,,,,,,,,,,,,,,,,,,,,,,,,,,,,,,,,,,,
_250m_16_days_VI_Quality_2015177_aid0001,aid0001,2015-06-26 00:00:00+00:00,,1951.0,,325.0,,,,69334.0,,,,,,,9679.0,,235.0,,,,,66.0,,60.0,,,,,,,,4.0,,,,2989.0,,,,,,1683.0,,29.0,,,,,20.0,5.0,,,,,,174.0,66.0,,,,,,,,,,,,,,,,,,,,,,,,,,,,,,,772.0,,,,,1.0,,,,,,,,,,,,18.0,,1.0,,,,,,,,,,,,,,,,,,,,,,,,,,,,,,,,,47.0,,,,,,,,,,,,,,,,,,63.0,,,,,,,,,9.0,,,,,,,,,,,,,,,,,,,,,,,,,,,,,,,,,,,,,,,,,,,
_250m_16_days_VI_Quality_2015193_aid0001,aid0001,2015-07-12 00:00:00+00:00,,5179.0,6.0,3256.0,,,1.0,40393.0,684.0,6852.0,,,,3.0,4493.0,964.0,2871.0,,,,,,,,,,,,,,24.0,12.0,,,,4704.0,67.0,885.0,,,,2925.0,400.0,3652.0,,,,,490.0,88.0,182.0,20.0,,,1.0,1055.0,389.0,,,1429.0,,,233.0,,,,,,,,,,,132.0,,,250.0,,,,40.0,108.0,,,12.0,76.0,,655.0,,,,,,23.0,,,,,9.0,,,,,,,,,,,,,,,,,,,,,,,,,,,,,,,,,,,,,,,,,1098.0,22.0,,,22.0,344.0,,,,,,,,,,2.0,13.0,,1891.0,93.0,,,403.0,380.0,,,,14.0,37.0,22.0,131.0,,,,219.0,,38.0,,,,,,,68.0,,104.0,,12.0,55.0,,,,,,,,,,,,,,,,,,,,,,
_250m_16_days_VI_Quality_2015209_aid0001,aid0001,2015-07-28 00:00:00+00:00,,30307.0,,3394.0,,,6.0,3345.0,,,,,,,7979.0,,,,,,,446.0,192.0,,,,,,,27.0,22.0,85.0,,,,2862.0,,,,,,11624.0,23.0,,,,,3.0,3194.0,1400.0,68.0,14.0,,,,11158.0,1018.0,,1.0,,,,94.0,,,,70.0,,,,42.0,176.0,,,,,177.0,,,,924.0,8.0,,,19.0,12.0,,488.0,,,,,,123.0,,,,6.0,,,,,,,32.0,,,,,,,5.0,,,,,,,,,,,,,,,,,,,,,,,,,,,,248.0,,,,650.0,,,,13.0,45.0,,,,,12.0,,15.0,,486.0,,,,3713.0,,,,,1460.0,507.0,5.0,68.0,3.0,,10.0,,,,,34.0,,,59.0,14.0,,,132.0,,713.0,,,,,,,,,,,,,,,,,,,,,,,
_250m_16_days_VI_Quality_2015225_aid0001,aid0001,2015-08-13 00:00:00+00:00,,4740.0,91.0,5989.0,,,3.0,14883.0,,9655.0,,,,,13430.0,,14383.0,,,,3.0,406.0,,3388.0,,,,3.0,,6.0,98.0,4.0,,,,510.0,,987.0,,,,6635.0,,5008.0,,,,10.0,986.0,14.0,1228.0,11.0,,,4.0,1066.0,1275.0,,2.0,,,,,,,,,41.0,,,10.0,24.0,,,,,,,,,66.0,172.0,,,,,,472.0,,47.0,,,,,,,,,,,,,,,,,,,,,,,,,,,,,,,,,,,,,,,,,,,,,,,,,,13.0,,134.0,,165.0,,167.0,,,,,,,,2.0,,,,41.0,,73.0,,420.0,,599.0,,,145.0,9.0,101.0,,1.0,,,,,,,,,,,7.0,,,,,,4.0,,,,,,,,,,,,,,,,,,,,,,
_250m_16_days_VI_Quality_2015241_aid0001,aid0001,2015-08-29 00:00:00+00:00,,,,,,,,84556.0,,1226.0,,,,,743.0,,190.0,,,,,,,,,,,,,,,,,,,79.0,,11.0,,,,5.0,,6.0,,,,,,,,,,,,,,,,,,,,,,,,,,,,,,,,,,,,,,,,,,,,646.0,,,,,,,,,,,,,,,,,14.0,,,,,,,,,,,,,,,,,,,,,,,,,,,,,,,,,,,18.0,,,,,,,,,,,,,,,,,,29.0,,,,8.0,,,,,,,,,,,,,,,,,,,,,,,,,,,,,,,,,,,,,,,,,,,,,,,,
_250m_16_days_VI_Quality_2015257_aid0001,aid0001,2015-09-14 00:00:00+00:00,,,,,,,,77771.0,,1591.0,,,,,7056.0,,184.0,,,,,,,,,,,,,,,,,,,,,1.0,,,,,,,,,,,,,,,,,,,,,,,,,,,,,,,,,,,,,,,,,,,,,,,,,,919.0,,,,,,,,,,,,,,,,,9.0,,,,,,,,,,,,,,,,,,,,,,,,,,,,,,,,,,,,,,,,,,,,,,,,,,,,,,,,,,,,,,,,,,,,,,,,,,,,,,,,,,,,,,,,,,,,,,,,,,,,,,,,,
_250m_16_days_VI_Quality_2015273_aid0001,aid0001,2015-09-30 00:00:00+00:00,,,,,,,,86732.0,,,,,,,27.0,,,,,,,,,,,,,,,,,,,,,,,,,,,,,,,,,,,,,,,,,,,,,,,,,,,,,,,,,,,,,,,,,,,,,,,,,772.0,,,,,,,,,,,,,,,,,,,,,,,,,,,,,,,,,,,,,,,,,,,,,,,,,,,,,,,,,,,,,,,,,,,,,,,,,,,,,,,,,,,,,,,,,,,,,,,,,,,,,,,,,,,,,,,,,,,,,,,,,,
_250m_16_days_VI_Quality_2015289_aid0001,aid0001,2015-10-16 00:00:00+00:00,,,,,,,,85150.0,,739.0,,,,,1059.0,,24.0,,,,,,,,,,,,,,,,,,,,,,,,,,,,,,,,,,,,,,,,,,,,,,,,,,,,,,,,,,,,,,,,,,,,,,,559.0,,,,,,,,,,,,,,,,,,,,,,,,,,,,,,,,,,,,,,,,,,,,,,,,,,,,,,,,,,,,,,,,,,,,,,,,,,,,,,,,,,,,,,,,,,,,,,,,,,,,,,,,,,,,,,,,,,,,,,,,,,
_250m_16_days_VI_Quality_2015305_aid0001,aid0001,2015-11-01 00:00:00+00:00,,5.0,,,,,,86319.0,,38.0,,,,,372.0,,98.0,,,,,,,4.0,,,,,,,,,,,,4.0,,7.0,,,,8.0,,1.0,,,,,,,,5.0,,,,6.0,,,,,,,,,,,,,,,,,,,,,,8.0,,,,5.0,,,,,,561.0,,,,,,,,,,,,,,,,,21.0,,,,,,69.0,,,,,,,,,,,,,,,,,,,,,,,,,,,,,,,,,,,,,,,,,,,,,,,,,,,,,,,,,,,,,,,,,,,,,,,,,,,,,,,,,,,,,,,,,,,,,,,,,,,
_250m_16_days_VI_Quality_2015321_aid0001,aid0001,2015-11-17 00:00:00+00:00,,,,,,,,86357.0,,53.0,,,,5.0,341.0,,,,,,,,,,,,,,,,,,,,,42.0,,,,,,8.0,,,,,,,,,,,,,,,,,,,,,,,,,,,,,,,,,,,,,,,,,,,,,,714.0,,,,,,,,,,,,,,,,,11.0,,,,,,,,,,,,,,,,,,,,,,,,,,,,,,,,,,,,,,,,,,,,,,,,,,,,,,,,,,,,,,,,,,,,,,,,,,,,,,,,,,,,,,,,,,,,,,,,,,,,,,,,,
_250m_16_days_VI_Quality_2015337_aid0001,aid0001,2015-12-03 00:00:00+00:00,,10.0,,6.0,,,,83989.0,1.0,1835.0,,,,5.0,878.0,,92.0,,5.0,,,,,,,1.0,,,,,,,,,,4.0,,,,,,31.0,,,,,,,,,,,,,,10.0,,,,,,,6.0,,,,,,,,,,,,,,,,,,,,,,,,,640.0,,,,,,,,,,,,,,,,,10.0,,,,3.0,,5.0,,,,,,,,,,,,,,,,,,,,,,,,,,,,,,,,,,,,,,,,,,,,,,,,,,,,,,,,,,,,,,,,,,,,,,,,,,,,,,,,,,,,,,,,,,,,,,,,,,,
_250m_16_days_VI_Quality_2015353_aid0001,aid0001,2015-12-19 00:00:00+00:00,66.0,61.0,43.0,18.0,,12.0,1.0,82458.0,,312.0,,340.0,,17.0,1766.0,,470.0,,304.0,,6.0,23.0,,63.0,,28.0,,,13.0,,18.0,2.0,,,,211.0,,5.0,,10.0,,135.0,,24.0,,42.0,,1.0,3.0,,,,,,,10.0,,,,25.0,,,,,,,,,,,8.0,1.0,,,,,,,,,4.0,,,,,,,661.0,,,,,,,,,,,,,,,,,25.0,,,,65.0,4.0,203.0,2.0,,,,,,,17.0,,,,21.0,,,,,,,,,,,,,,,,,,,,,4.0,,,,5.0,,,,,,,,,,,,,,24.0,,,,,,,,,,,,,,,,,,,,,,,,,,,,,,,,,,,,,,,,,,,,,,,,
_250m_16_days_VI_Quality_2016001_aid0001,aid0001,2016-01-01 00:00:00+00:00,45.0,44.0,16.0,19.0,,37.0,,32390.0,,7376.0,,774.0,,3.0,43316.0,,1656.0,,66.0,,4.0,60.0,,37.0,,28.0,,,16.0,,4.0,1.0,5.0,,,77.0,,,,32.0,,143.0,,27.0,,61.0,,,73.0,,,,,,,34.0,4.0,6.0,,,4.0,,,,,,9.0,,,,2.0,,2.0,,,,,,6.0,,,,,,,,,885.0,,65.0,,,,,,,,,,,,,,,11.0,,,,11.0,,164.0,,,,,,,,,,,,12.0,,,,,,,,,,,,,,,,,,,,,,,,,,,,,,,,,,,6.0,,,,,,,,,,,,,,,,,,,,,,,,,,,,,,,,,,,,,,,,,,,,,,,,,,,,
_250m_16_days_VI_Quality_2016017_aid0001,aid0001,2016-01-17 00:00:00+00:00,14.0,36.0,51.0,30.0,,,,74688.0,,673.0,,,,,9173.0,,736.0,,,,4.0,204.0,,610.0,,,,1.0,,,9.0,,,,,38.0,,,,,,180.0,,1.0,,,,,4.0,1.0,24.0,,,,1.0,14.0,3.0,,,,,,15.0,,,,,,,,,5.0,,,,,,,,,,,,,,,,765.0,,16.0,,,,,,,,,,,,,,,14.0,,,,59.0,,122.0,,,,,,,,,,,20.0,7.0,,,,,,,,,,,,,,,,,,,,,1.0,,9.0,,,,2.0,,,,1.0,,,,,,,,,,,,,,,,,,,,,,,,,,,,,,,,,,,,,,,,,,,,,,,,,,,,,,,,
_250m_16_days_VI_Quality_2016033_aid0001,aid0001,2016-02-02 00:00:00+00:00,4.0,29.0,79.0,38.0,,,,81979.0,1.0,335.0,,,,,2540.0,,614.0,,,,,8.0,,5.0,,,,,19.0,11.0,10.0,,,,,218.0,,,,,,212.0,,6.0,,,,,,,7.0,,,,,36.0,22.0,,,,,,4.0,,,,,,,,8.0,,,,,,,4.0,,,,,,,,,,634.0,,,,,,,,,,,,,,,,,33.0,,,,244.0,,354.0,,,,,,,27.0,8.0,,,15.0,4.0,,,,,,,,,,,,,,,,,,,,,,,,,,,,,,,,,,,4.0,,,,14.0,,5.0,,,,,,,,,,,,,,,,,,,,,,,,,,,,,,,,,,,,,,,,,,,,,,
_250m_16_days_VI_Quality_2016049_aid0001,aid0001,2016-02-18 00:00:00+00:00,10.0,34.0,,395.0,,,,15645.0,,45907.0,,,,,13503.0,,6438.0,,,,,24.0,2.0,79.0,,,,,7.0,12.0,9.0,,,,,14.0,,1326.0,,,,216.0,,1313.0,,,,,13.0,3.0,155.0,,,,,47.0,66.0,,,,4.0,,1141.0,,,,,,,,1.0,,,,,,4.0,34.0,,,10.0,40.0,,,,,,429.0,,238.0,,,,,,,,,,,,,,,,,,,23.0,6.0,,,,,,,,,,,,,,,,,,,,,,,,5.0,,,,,,,,101.0,,,,23.0,,,,,,,,,,,,,,140.0,,10.0,,85.0,,,,,19.0,,,,,,,,,,,,,,,,,,,,,,,,,,,,,,,,,,,,,,,,,
_250m_16_days_VI_Quality_2016065_aid0001,aid0001,2016-03-05 00:00:00+00:00,4.0,372.0,,80.0,,,,82350.0,,,,,,1.0,2067.0,,58.0,,,,,30.0,,18.0,,,,,54.0,8.0,,25.0,,,,679.0,,,,,,464.0,,4.0,,,,,14.0,,,,,,,74.0,20.0,,,,,,,,,,,,,,14.0,14.0,,,,,,,,,,3.0,,,,,,573.0,,,,,,,,,,,,,,,,,4.0,,,,238.0,16.0,,,,,,,,,,,,172.0,25.0,,,,,4.0,,,,,,,,,,,,44.0,,,,,,,,,,,,,,7.0,,,,50.0,,,,37.0,,,,,4.0,,,,,,,,,,,,,,,,,,,,4.0,,,,,,,,,,,,,,,,,,,,,,,
_250m_16_days_VI_Quality_2016081_aid0001,aid0001,2016-03-21 00:00:00+00:00,22.0,69.0,,139.0,,,,44400.0,,17684.0,,,,,21859.0,200.0,426.0,,,,,132.0,5.0,183.0,,,,,19.0,12.0,26.0,4.0,,,,185.0,,104.0,,,,113.0,6.0,120.0,,,,,,4.0,20.0,,,,,10.0,21.0,,,,,,279.0,,,,80.0,,,,9.0,26.0,,,,,33.0,,,,13.0,,,,,,,867.0,,,,,,,,,,,,,,,,,,,,,260.0,9.0,12.0,,,,,,,,,,,45.0,4.0,,,,,,,,,,,,,,,,,32.0,,,,,,,,,,,,,,4.0,,,,22.0,,,,19.0,,13.0,,,,,,,,,,,,,,,,,,,,,41.0,,,,,,,,,,,,,,,,,,,,,,,,,
_250m_16_days_VI_Quality_2016097_aid0001,aid0001,2016-04-06 00:00:00+00:00,,24.0,13.0,,,,,82066.0,,46.0,,,,1.0,4197.0,,314.0,,,,,,,37.0,,,,,26.0,,12.0,,,,,30.0,,5.0,,,,30.0,,19.0,,,,,,,,,,,,,6.0,,,,,,,,,,,,,,,,,,,,,,,,,,,,,,,686.0,,,,,,,,,,,,,,,,,,,,,,,8.0,,,,,,,,,,,,8.0,,,,,,,,,,,,,,,,,,,,,,,3.0,,,,,,,,,,,,,,,,,,,,,,,,,,,,,,,,,,,,,,,,,,,,,,,,,,,,,,,,,,,,,,,,
_250m_16_days_VI_Quality_2016113_aid0001,aid0001,2016-04-22 00:00:00+00:00,,,1.0,,,,,63041.0,,690.0,,,,,22612.0,,608.0,,,,,,,,,,,,,,,,,,,,,,,,,3.0,,,,,,,,,,,,,,,,,,,,,,,,,,,,,,,,,,,,,,,,,,,,,,550.0,,10.0,,,,,,,,,,,,,,,15.0,,,,,,,,,,,,,,,,,,,,,,,,,,,,,,,,,,,1.0,,,,,,,,,,,,,,,,,,,,,,,,,,,,,,,,,,,,,,,,,,,,,,,,,,,,,,,,,,,,,,,,,,,,,,
_250m_16_days_VI_Quality_2016129_aid0001,aid0001,2016-05-08 00:00:00+00:00,,,,,,,,72144.0,,534.0,,,,,14010.0,,78.0,,,,6.0,,,,,,,,,,,,,,,,,,,,,,,,,,,,,,,,,,,,,,,,,,,,,,,,,,,,,,,,,,,,,,,,,,,737.0,,,,,,,,,,,,,,,,,22.0,,,,,,,,,,,,,,,,,,,,,,,,,,,,,,,,,,,,,,,,,,,,,,,,,,,,,,,,,,,,,,,,,,,,,,,,,,,,,,,,,,,,,,,,,,,,,,,,,,,,,,,,,
_250m_16_days_VI_Quality_2016145_aid0001,aid0001,2016-05-24 00:00:00+00:00,,47.0,,23.0,,,,83011.0,,94.0,,,,4.0,2509.0,,730.0,,,,,,,,,,,,,,,,,,,234.0,,20.0,,,,140.0,,29.0,,,,,4.0,,27.0,,,,,,4.0,,,,,,,,,,,,,,,,,,,,,,,,,,,,,,,621.0,,,,,1.0,,,,,,,,,,,,32.0,,1.0,,,,,,,,,,,,,,,,,,,,,,,,,,,,,,,,,,,,,,,,,,,,,,,,,,,,,,,,,,,,,,,,,,,,,,,,,,,,,,,,,,,,,,,,,,,,,,,,,,,,,,,
_250m_16_days_VI_Quality_2016161_aid0001,aid0001,2016-06-09 00:00:00+00:00,,839.0,,242.0,,,,65530.0,,156.0,,,,,13623.0,,1654.0,,,,,207.0,,416.0,,,,,14.0,,,,,,,2048.0,,,,,,1213.0,,239.0,,,,1.0,138.0,16.0,154.0,25.0,,,,19.0,49.0,,,,,,,,,,,,,,,,,,,,,,,,10.0,7.0,,,,,,867.0,,6.0,,,,,,,,,,,,,,,,,,,,,,,,,,,,,,,,,,,,,,,,,,,,,,,,,,,,,,,,4.0,,,,,,,,,,,,24.0,,,,15.0,,15.0,,,,,,,,,,,,,,,,,,,,,,,,,,,,,,,,,,,,,,,,,,,,,,
_250m_16_days_VI_Quality_2016177_aid0001,aid0001,2016-06-25 00:00:00+00:00,,15946.0,,7807.0,,,6.0,108.0,,10.0,,,,,16552.0,,2022.0,,,,,10406.0,62.0,1351.0,,,,,,,251.0,13.0,,,,4.0,,,,,,8202.0,,3066.0,,,,2.0,8036.0,555.0,3099.0,111.0,,,1.0,1764.0,2361.0,,3.0,,,,,,,,112.0,5.0,,,9.0,106.0,,,,,6.0,,,,710.0,324.0,,,,5.0,,175.0,,661.0,,,,23.0,192.0,,,,,,,,,,,18.0,,,,,,,,,,,,,,,,,,,,,,,,,,,,,,,,,,,,,,105.0,,,,353.0,,4.0,,,,,,,,,,,,785.0,,71.0,,,1381.0,121.0,239.0,51.0,,,,,,,,,,,,13.0,,,9.0,,225.0,90.0,,,,,,,,,,,,,,,,,,,,,,
_250m_16_days_VI_Quality_2016193_aid0001,aid0001,2016-07-11 00:00:00+00:00,,2743.0,106.0,13863.0,,,,,,7585.0,,,,,1014.0,,28796.0,,,,,348.0,,669.0,,,,,,,,172.0,,,,,,763.0,,,,949.0,,17011.0,,,,1.0,794.0,86.0,2064.0,190.0,,,,903.0,2878.0,,,,,,,23.0,,,,,,,,9.0,,,,,,283.0,,,31.0,732.0,,2.0,,141.0,,,,528.0,,,,10.0,55.0,,,,,,,,,,,,,,,,,,,,,,,,,,,,,,,,,,,,,,,,,,,,,,,163.0,,,,622.0,,93.0,,32.0,,,,,13.0,16.0,,,,187.0,,204.0,,2565.0,,,349.0,23.0,235.0,134.0,,,,,,,,,10.0,,,4.0,,,,54.0,27.0,51.0,,,,,,,,,,,,,,,,,,,,,,
_250m_16_days_VI_Quality_2016209_aid0001,aid0001,2016-07-27 00:00:00+00:00,,6435.0,,11736.0,,,2.0,3118.0,,30097.0,,,,,552.0,,854.0,,,,1.0,,,,5.0,,,,,,99.0,56.0,,,,1476.0,,10162.0,,,2.0,1824.0,,2895.0,,,,1.0,369.0,659.0,409.0,174.0,,,1.0,1518.0,3326.0,,,4.0,,,92.0,,,,4.0,43.0,,,,51.0,,,,,361.0,62.0,,,622.0,350.0,,,4.0,25.0,,,,508.0,,,,,102.0,,,,,,,,,,,,,,,,,,,,,,,,,,,,,,,,,,,,,,,,,,,91.0,,,,1814.0,,,18.0,71.0,,90.0,,,,,,1.0,90.0,43.0,,53.0,,3948.0,,188.0,,1694.0,,,362.0,309.0,240.0,59.0,,,,,,4.0,,,,,10.0,4.0,29.0,,80.0,,253.0,81.0,,,,,,,,,,,,,,,,,,,,,,
_250m_16_days_VI_Quality_2016225_aid0001,aid0001,2016-08-12 00:00:00+00:00,,12218.0,,3543.0,,,4.0,26393.0,,198.0,,,,,13600.0,15.0,13.0,,,,,702.0,,,,,,1.0,40.0,29.0,,,,,,6373.0,,121.0,,,2.0,11585.0,85.0,449.0,,,,7.0,1802.0,525.0,50.0,130.0,,,1.0,2047.0,402.0,,1.0,,,,342.0,,,,,,,,15.0,,,,,,340.0,,,,136.0,66.0,,,,,,802.0,,,,,,,,,,,,,,,,,5.0,,,,,,,,,,,,,,,,,,,,,,,,,,,,,,,,,,,660.0,,,,896.0,,,,24.0,,,,,,10.0,,,,633.0,,,,2052.0,26.0,34.0,,2.0,635.0,16.0,76.0,93.0,,,,,,42.0,,,,,14.0,,,,83.0,,130.0,63.0,,,,,,,,,,,,,,,,,,,,,,
_250m_16_days_VI_Quality_2016241_aid0001,aid0001,2016-08-28 00:00:00+00:00,,8877.0,366.0,5578.0,,,6.0,21333.0,,2881.0,,,,,9351.0,,3603.0,29.0,,,1.0,343.0,,2194.0,319.0,,,,4.0,,109.0,,,,,6883.0,,270.0,,,3.0,10091.0,,2491.0,4.0,,,12.0,1567.0,28.0,1546.0,346.0,,,5.0,1906.0,2435.0,,2.0,,,,,222.0,,,,100.0,,,4.0,77.0,,,,,5.0,113.0,,,55.0,137.0,,1.0,,,,717.0,,,,,1.0,,,,,,,,,,,,6.0,,,,,,,,,,,,,,,,,,,,,,,,,,,,,,,,,15.0,,281.0,,17.0,,155.0,,89.0,,9.0,,71.0,,,,,4.0,,,395.0,,10.0,,1312.0,,244.0,1.0,2.0,211.0,1.0,546.0,62.0,,,,,,,,,,,,,,,,6.0,45.0,34.0,,,,,,,,,,,,,,,,,,,,,,
_250m_16_days_VI_Quality_2016257_aid0001,aid0001,2016-09-13 00:00:00+00:00,,1927.0,45.0,404.0,,,2.0,62835.0,,40.0,,,,,11512.0,121.0,1704.0,,,,,124.0,6.0,212.0,,,,,,,32.0,,,,,1894.0,,,,,,1772.0,4.0,409.0,,,,,92.0,18.0,62.0,,,,,965.0,196.0,,,,,,25.0,,,,13.0,,,,,9.0,,,,,,,,,12.0,9.0,,,,,,529.0,,,,,,,,,,,,,,,,,,,,,,,,,,,,,,,,,,,,,,,,,,,,,,,,,,,,455.0,,,,178.0,,4.0,,,,,,,,,6.0,,,723.0,,,,1077.0,6.0,,,,45.0,7.0,2.0,,,,,,,15.0,,,,,1.0,,,,28.0,,8.0,3.0,,,,,,,,,,,,,,,,,,,,,,
_250m_16_days_VI_Quality_2016273_aid0001,aid0001,2016-09-29 00:00:00+00:00,,,,,,,,86451.0,,4.0,,,,,118.0,,,,,,,,,,,,,,,,,,,,,,,,,,,,,,,,,,,,,,,,,,,,,,,,,,,,,,,,,,,,,,,,,,,,,,,,,958.0,,,,,,,,,,,,,,,,,,,,,,,,,,,,,,,,,,,,,,,,,,,,,,,,,,,,,,,,,,,,,,,,,,,,,,,,,,,,,,,,,,,,,,,,,,,,,,,,,,,,,,,,,,,,,,,,,,,,,,,,,,
_250m_16_days_VI_Quality_2016289_aid0001,aid0001,2016-10-15 00:00:00+00:00,,,,,,,,86565.0,,9.0,,,,,173.0,,,,,,,,,,,,,,,,,,,,,,,,,,,,,,,,,,,,,,,,,,,,,,,,,,,,,,,,,,,,,,,,,,,,,,,,,784.0,,,,,,,,,,,,,,,,,,,,,,,,,,,,,,,,,,,,,,,,,,,,,,,,,,,,,,,,,,,,,,,,,,,,,,,,,,,,,,,,,,,,,,,,,,,,,,,,,,,,,,,,,,,,,,,,,,,,,,,,,,
_250m_16_days_VI_Quality_2016305_aid0001,aid0001,2016-10-31 00:00:00+00:00,,,,,,,,84983.0,,39.0,,,,1.0,1670.0,,,,,,,,,,,,,,,,,,,,,,,,,,,,,,,,,,,,,,,,,,,,,,,,,,,,,,,,,,,,,,,,,,,,,,,,,830.0,,,,,,,,,,,,,,,,,8.0,,,,,,,,,,,,,,,,,,,,,,,,,,,,,,,,,,,,,,,,,,,,,,,,,,,,,,,,,,,,,,,,,,,,,,,,,,,,,,,,,,,,,,,,,,,,,,,,,,,,,,,,,
_250m_16_days_VI_Quality_2016321_aid0001,aid0001,2016-11-16 00:00:00+00:00,,,,1.0,,,,81763.0,,36.0,,,,2.0,5177.0,,17.0,,,,2.0,,,5.0,,,,,,,,,,,,,,,,,,,,,,,,,,,,,,,,,,,,,,,,,,,,,,,,,,,,,,,,,,,,,,,,522.0,,,,,,,,,,,,,,,,,6.0,,,,,,,,,,,,,,,,,,,,,,,,,,,,,,,,,,,,,,,,,,,,,,,,,,,,,,,,,,,,,,,,,,,,,,,,,,,,,,,,,,,,,,,,,,,,,,,,,,,,,,,,,
_250m_16_days_VI_Quality_2016337_aid0001,aid0001,2016-12-02 00:00:00+00:00,,,,,,,,58624.0,,426.0,,,,2.0,25346.0,,2007.0,,,,1.0,9.0,,,,,,,,,,,,,,,,,,,,,,,,,,,,1.0,,,,,,,,,,,,,18.0,,,,,,,,,,,,,,,,,,,,,,,,,903.0,,194.0,,,,,,,,,,,,,,,,,,,,,,,,,,,,,,,,,,,,,,,,,,,,,,,,,,,,,,,,,,,,,,,,,,,,,,,,,,,,,,,,,,,,,,,,,,,,,,,,,,,,,,,,,,,,,,,,,,,,,,,,
_250m_16_days_VI_Quality_2016353_aid0001,aid0001,2016-12-18 00:00:00+00:00,,42.0,,4.0,,11.0,,23633.0,,196.0,,257.0,,2.0,39108.0,,2930.0,,496.0,,3.0,18093.0,17.0,8.0,,7.0,,,,,,,,,,14.0,,,,,,17.0,,19.0,,,,,34.0,20.0,6.0,,,,,35.0,9.0,9.0,,10.0,,,76.0,3.0,409.0,,891.0,4.0,,,,,,,,,,,,,22.0,,,,,,,776.0,,280.0,,,,6.0,,,,,57.0,,4.0,,,,23.0,,,,,,,,,,,,,,,,,,,,,,,,,,,,,,,,,,,,,,,,,,,,,,,,,,,,,,,,,,,,,,,,,,,,,,,,,,,,,,,,,,,,,,,,,,,,,,,,,,,,,,,,,
_250m_16_days_VI_Quality_2017001_aid0001,aid0001,2017-01-01 00:00:00+00:00,,21.0,121.0,26.0,,5.0,2.0,38129.0,,17690.0,,,,,19252.0,,7526.0,,,,,515.0,10.0,331.0,,,,,2.0,1.0,14.0,,,,,163.0,,313.0,,,,183.0,8.0,547.0,,,,,181.0,,19.0,,,,,9.0,5.0,,,122.0,97.0,,128.0,60.0,,,18.0,,,,,,,,13.0,,3.0,13.0,,,,,,,,,,810.0,,184.0,,,,,,,,,,,,,,,,,,,294.0,,658.0,,,,,,,,,,,4.0,19.0,,,,,,5.0,,,,,,,,,,,14.0,,,,,,,,5.0,,,,,,,,,,5.0,,,,6.0,,,,,,,,,,,,,,,,,,,,,,,,,,,,,,,,,,,,,,,,,,,,,,,,
_250m_16_days_VI_Quality_2017017_aid0001,aid0001,2017-01-17 00:00:00+00:00,307.0,371.0,118.0,263.0,,,5.0,58843.0,,6219.0,,,,,6531.0,,2673.0,18.0,,,6.0,261.0,10.0,524.0,69.0,,,,98.0,37.0,78.0,101.0,,,,915.0,,376.0,,,,430.0,,557.0,,,,1.0,72.0,5.0,23.0,30.0,,,,223.0,298.0,,,,39.0,,20.0,157.0,,,38.0,37.0,,,27.0,57.0,,,8.0,,15.0,95.0,,,19.0,29.0,,,,,,603.0,,,,,,,1.0,,,,,,,,,,,,,,4036.0,22.0,1106.0,,,,,,,59.0,24.0,,,213.0,186.0,,,,,14.0,,46.0,,,,,,,,,,383.0,,120.0,,14.0,,,,,,,,,,39.0,,,,314.0,,27.0,,120.0,,14.0,,,26.0,4.0,,,,,,,,,,4.0,,,6.0,,,,22.0,,11.0,,,,,,,,,95.0,,,,5.0,,,,14.0,,,,,,
_250m_16_days_VI_Quality_2017033_aid0001,aid0001,2017-02-02 00:00:00+00:00,47.0,122.0,239.0,42.0,,,,80160.0,,285.0,,,,1.0,3739.0,,805.0,,,,,43.0,,64.0,,,,,9.0,6.0,,,,,,260.0,,4.0,,,,160.0,,44.0,,,,,,2.0,,,,,,63.0,8.0,,,4.0,,,4.0,,,,20.0,4.0,,,,,,,,,,,,,1.0,,,,,,,730.0,,,,,,,,,,,,,,,,,5.0,,,,220.0,,319.0,6.0,,,1.0,,18.0,,2.0,,,20.0,,,,,,,,24.0,,,,,,,,,,4.0,,,,,,,,,,,,,,2.0,,,,15.0,,,,19.0,,10.0,,,,,,,,,,,,,,,,,,,,,,,,,,,,,,,,,,,,,,,,,,,,,,
_250m_16_days_VI_Quality_2017049_aid0001,aid0001,2017-02-18 00:00:00+00:00,28.0,51.0,145.0,54.0,,,,82917.0,,530.0,,,,,1389.0,,651.0,,,,,14.0,,15.0,,,,,5.0,4.0,27.0,,,,,264.0,,4.0,,,,97.0,,56.0,,,,,,3.0,,,,,,4.0,6.0,,,10.0,,,,,,,,,,,4.0,,,,,,,,,,,,,,,,,726.0,,,,,,,,,,,,,,,,,,,,,294.0,,82.0,5.0,,,1.0,,,6.0,,,,76.0,6.0,,,,,10.0,,,,,,,,,,,,,,,,,,,,,,,,,,,,,,11.0,,,,32.0,,,,,4.0,,,,,,,,,,,,,,,,,,,,,,,,,,,,,,,,,,,,,,,,,,,
_250m_16_days_VI_Quality_2017065_aid0001,aid0001,2017-03-06 00:00:00+00:00,23.0,15.0,115.0,5.0,,,,81426.0,,,,,,,3136.0,,304.0,,,,,86.0,,74.0,,,,,,,5.0,,,,,224.0,,,,,,307.0,,,,,,,86.0,,,,,,,22.0,,,,,,,,,,,,,,,4.0,,,,,,,,,,,,,,,,,686.0,,,,,,,,,,,,,,,,,20.0,,,,721.0,4.0,167.0,,,,,,,,,,,73.0,9.0,,,,,,,5.0,,,,,,,,,,,,,,,,,,,,,,,,,,,,,,,,10.0,,,,,,,,,,,,,,,,,,,,,,,,,,,,,,,,,,4.0,,,,,,,,,,,,,,
_250m_16_days_VI_Quality_2017081_aid0001,aid0001,2017-03-22 00:00:00+00:00,,114.0,1.0,76.0,,,,83229.0,,1005.0,,,,,1796.0,,246.0,,,,,11.0,,1.0,,,,,22.0,,27.0,,,,,63.0,,14.0,,,,133.0,,21.0,,,,,,,,,,,,4.0,17.0,,,,,,,,,,,,,,4.0,4.0,,,,,,,,,,,,,,,,628.0,,,,,,,,,,,,,,,,,14.0,,,,57.0,,21.0,,,,,,,,,,,23.0,,,,,,,,,,,,,,,,,,,,,,,,,,,,,,,,,,,,,,,,,,,,,,,,,,,,,,,,,,,,,,,,,,,,,,,,,,,,,,,,,,,,,,,,
_250m_16_days_VI_Quality_2017097_aid0001,aid0001,2017-04-07 00:00:00+00:00,4.0,,36.0,,,,,84988.0,,143.0,,,,2.0,1507.0,,157.0,,,,,,,,,,,,,,,,,,,,,,,,,,,,,,,,,,,,,,,,,,,,,,,,,,,,,,,,,,,,,,,,,,,,,,,669.0,,,,,,,,,,,,,,,,,20.0,,,,5.0,,,,,,,,,,,,,,,,,,,,,,,,,,,,,,,,,,,,,,,,,,,,,,,,,,,,,,,,,,,,,,,,,,,,,,,,,,,,,,,,,,,,,,,,,,,,,,,,,,,,,
_250m_16_days_VI_Quality_2017113_aid0001,aid0001,2017-04-23 00:00:00+00:00,,7.0,,4.0,,,,85870.0,,192.0,,,,10.0,896.0,,29.0,,,,5.0,,,,,,,,,,,,,,,,,,,,,45.0,,,,,,,,,,,,,,,,,,,,,,,,,,,,,,,,,,,,,,,,,,,,,,473.0,,,,,,,,,,,,,,,,,,,,,,,,,,,,,,,,,,,,,,,,,,,,,,,,,,,,,,,,,,,,,,,,,,,,,,,,,,,,,,,,,,,,,,,,,,,,,,,,,,,,,,,,,,,,,,,,,,,,,,,,,,
_250m_16_days_VI_Quality_2017129_aid0001,aid0001,2017-05-09 00:00:00+00:00,,364.0,,204.0,,,,59941.0,,,,,,,23527.0,,927.0,,,,,5.0,5.0,4.0,,,,,,,9.0,,,,,504.0,,,,,,954.0,,92.0,,,,,17.0,12.0,14.0,,,,,71.0,75.0,,,,,,,,,,,,,,,,,,,,,,,,,,,,,,,547.0,,,,,,,,,,,,,,,,,6.0,,,,,,,,,,,,,,,,,,,,,,,,,,,,,,,,,,,23.0,,,,,,91.0,,,,,,,,,,,,56.0,,,,61.0,,,,,22.0,,,,,,,,,,,,,,,,,,,,,,,,,,,,,,,,,,,,,,,,,,,
_250m_16_days_VI_Quality_2017145_aid0001,aid0001,2017-05-25 00:00:00+00:00,,,,,,,,79709.0,,4239.0,,,,,3048.0,,37.0,,,,1.0,,,,,,,,,,,,,,,,,,,,,,,,,,,,,,,,,,,,,,,,,,,,,,,,,,,,,,,,,,,,,,,,,,,497.0,,,,,,,,,,,,,,,,,,,,,,,,,,,,,,,,,,,,,,,,,,,,,,,,,,,,,,,,,,,,,,,,,,,,,,,,,,,,,,,,,,,,,,,,,,,,,,,,,,,,,,,,,,,,,,,,,,,,,,,,,,
_250m_16_days_VI_Quality_2017161_aid0001,aid0001,2017-06-10 00:00:00+00:00,,1601.0,,541.0,,,,52003.0,,1315.0,,,,,24137.0,,1857.0,,,,3.0,,,,,,,,,1.0,22.0,,,,,1815.0,,4.0,,,,1457.0,,848.0,,,,1.0,46.0,11.0,62.0,3.0,,,,184.0,139.0,,,,,,,,,,,,,,,,,,,,,,,,20.0,,,,,,,622.0,,,,,,,,,,,,,,,,,24.0,,,,,,,,,,,,,,,,,,,,,,,,,,,,,,,,,,,163.0,,,,27.0,,14.0,,,,6.0,,,,,,,,309.0,,,,146.0,,27.0,,,29.0,,63.0,,,,,,,,,,,,,,,,,,14.0,17.0,,,,,,,,,,,,,,,,,,,,,,
_250m_16_days_VI_Quality_2017177_aid0001,aid0001,2017-06-26 00:00:00+00:00,,13799.0,,4550.0,,,1.0,10485.0,,46.0,,,,,12517.0,,5135.0,,,,,4375.0,169.0,2020.0,10.0,,,,,,33.0,93.0,,,,2658.0,,,,,,8749.0,,1509.0,,,,2.0,4848.0,843.0,1787.0,314.0,,,6.0,1909.0,1736.0,,,,,,263.0,,,,2490.0,32.0,,,6.0,50.0,,,,,1.0,,,,1994.0,438.0,,,42.0,37.0,,209.0,,,,,,242.0,,,,,,,,,,,,,,,,,,,,,,,,,,,,,,,,,,,,,,,,,,,,29.0,,208.0,,,,105.0,,44.0,,,,653.0,10.0,,,,135.0,14.0,,116.0,,,,1005.0,,189.0,,,562.0,63.0,558.0,44.0,,,,,,,,,46.0,,4.0,87.0,,,,,54.0,206.0,1.0,,,,,,,,,,,,,,,,,,,,,
_250m_16_days_VI_Quality_2017193_aid0001,aid0001,2017-07-12 00:00:00+00:00,,22286.0,,7552.0,,,6.0,5341.0,,1819.0,,,,,6919.0,537.0,5293.0,,,,,38.0,245.0,40.0,,,,,,,,81.0,,,,1162.0,,91.0,,,,7240.0,2024.0,5140.0,,,,2.0,1101.0,2992.0,1398.0,178.0,,,,3175.0,1744.0,,,,,,342.0,138.0,,,181.0,15.0,,,,83.0,,,,,1676.0,487.0,,,1433.0,368.0,,,198.0,39.0,,,,363.0,,,,120.0,47.0,,15.0,,,,,,,10.0,,,,,,,,,,,,,,,,,,,,,,,,,,,,,,,,,,,,229.0,,,,361.0,23.0,,,,20.0,,,,,,,7.0,,180.0,,,,1641.0,657.0,150.0,,1.0,449.0,578.0,69.0,85.0,1.0,,,,,32.0,,13.0,,,,,,,501.0,78.0,431.0,106.0,,,,,,,,,,,,,,,,,,,,,,
_250m_16_days_VI_Quality_2017209_aid0001,aid0001,2017-07-28 00:00:00+00:00,,34499.0,,19977.0,,,,,,,,,,,211.0,,,,,,,579.0,,240.0,,,,,,18.0,49.0,190.0,,,,,,,,,,1158.0,,,,,,,3757.0,404.0,1271.0,3139.0,,,,3399.0,6826.0,,1.0,,,,,,,,12.0,,,,8.0,52.0,,,,,90.0,,,,1280.0,2428.0,,3.0,269.0,882.0,,,,,,,,,,107.0,,334.0,,,,,50.0,,,,,,,,,,,,,,,,,,,,,,,,,,,,,,,,,,,,,,,,,14.0,,,,69.0,,,227.0,,,1.0,220.0,183.0,,,,,,146.0,,,,,531.0,142.0,833.0,1266.0,,,84.0,,,,,,99.0,,,812.0,,,,,185.0,1486.0,,,,,,,,,,,,,,,,,,,,,,
_250m_16_days_VI_Quality_2017225_aid0001,aid0001,2017-08-13 00:00:00+00:00,,9313.0,,2371.0,,,3.0,44871.0,,,,,,,4813.0,,2574.0,,,,,559.0,,73.0,5.0,,,,,6.0,,3.0,,,,9792.0,,,,,1.0,5663.0,,1157.0,,,,2.0,1051.0,14.0,346.0,47.0,,,1.0,614.0,681.0,,,,,,,,,,,4.0,,,,10.0,,,,,,,,,17.0,69.0,,,,,,681.0,,24.0,,,,,,,,,,,,,,,10.0,,,,,,,,,,,,,,,,,,,,,,,,,,,,,,,,,,,395.0,,,,42.0,,,,58.0,,27.0,,,,,,6.0,,926.0,,,1.0,838.0,,30.0,,,238.0,8.0,132.0,7.0,2.0,,,,,,,4.0,,,,,,,,,31.0,11.0,,,,,,,,,,,,,,,,,,,,,,
_250m_16_days_VI_Quality_2017241_aid0001,aid0001,2017-08-29 00:00:00+00:00,,622.0,,516.0,,,,77531.0,,4511.0,,,,,224.0,,142.0,,,,,,,,,,,,,,,,,,,1301.0,,139.0,,,,123.0,,368.0,,,,,31.0,6.0,13.0,2.0,,,,108.0,88.0,,,,,,,,,,,,,,,,,,,,,,,,,10.0,,,,,,670.0,,,,,,,,,,,,,,,,,,,,,,,,,,,,,,,,,,,,,,,,,,,,,,,,,,,,277.0,,111.0,,,,,,,,,,,,,,,,511.0,,45.0,,45.0,,112.0,,,,7.0,,18.0,,,,,,,,,,,,,,,,,,,,,,,,,,,,,,,,,,,,,,,,
_250m_16_days_VI_Quality_2017257_aid0001,aid0001,2017-09-14 00:00:00+00:00,,463.0,,193.0,,,,75315.0,,2243.0,,,,,3645.0,5.0,2680.0,,,,,,,5.0,10.0,,,,,,,,,,,1072.0,,110.0,,,1.0,416.0,,350.0,,,,,25.0,,26.0,,,,1.0,19.0,18.0,,,,,,,,,,,,,,,,,,,,,,,,,,,,,,,614.0,,,,,,,,,,,,,,,,,,,,,,,,,,,,,,,,,,,,,,,,,,,,,,,,,,,,117.0,,,,,,,,,,,,,,,,,,123.0,,,,48.0,,16.0,,,8.0,,8.0,,,,,,,,,,,,,,,,,,,,,,,,,,,,,,,,,,,,,,,,,
_250m_16_days_VI_Quality_2017273_aid0001,aid0001,2017-09-30 00:00:00+00:00,,,,,,,,85336.0,,1520.0,,,,,95.0,,,,,,,,,,,,,,,,,,,,,,,,,,,,,,,,,,,,,,,,,,,,,,,,,,,,,,,,,,,,,,,,,,,,,,,,,556.0,,,,,,,,,,,,,,,,,24.0,,,,,,,,,,,,,,,,,,,,,,,,,,,,,,,,,,,,,,,,,,,,,,,,,,,,,,,,,,,,,,,,,,,,,,,,,,,,,,,,,,,,,,,,,,,,,,,,,,,,,,,,,
_250m_16_days_VI_Quality_2017289_aid0001,aid0001,2017-10-16 00:00:00+00:00,,,,,,,,85899.0,,,,,,,1055.0,,,,,,,,,,,,,,,,,,,,,,,,,,,,,,,,,,,,,,,,,,,,,,,,,,,,,,,,,,,,,,,,,,,,,,,,,577.0,,,,,,,,,,,,,,,,,,,,,,,,,,,,,,,,,,,,,,,,,,,,,,,,,,,,,,,,,,,,,,,,,,,,,,,,,,,,,,,,,,,,,,,,,,,,,,,,,,,,,,,,,,,,,,,,,,,,,,,,,,
_250m_16_days_VI_Quality_2017305_aid0001,aid0001,2017-11-01 00:00:00+00:00,,,,,,,,49773.0,,22.0,,,,,36675.0,,119.0,,,,,34.0,,,,,,,,,,,,,,,,,,,,,,,,,,,,,,,,,,,,,,,,,,,,,,,,,,,,,,,,,,,,,,,,,,908.0,,,,,,,,,,,,,,,,,,,,,,,,,,,,,,,,,,,,,,,,,,,,,,,,,,,,,,,,,,,,,,,,,,,,,,,,,,,,,,,,,,,,,,,,,,,,,,,,,,,,,,,,,,,,,,,,,,,,,,,,,,
_250m_16_days_VI_Quality_2017321_aid0001,aid0001,2017-11-17 00:00:00+00:00,,,8.0,,,,,86269.0,,180.0,,,,2.0,278.0,,216.0,,,,,,,,,,,,,,,,,,,,,,,,,,,,,,,,,,,,,,,,,,,,,,,,,,,,,,,,,,,,,,,,,,,,,,,578.0,,,,,,,,,,,,,,,,,,,,,,,,,,,,,,,,,,,,,,,,,,,,,,,,,,,,,,,,,,,,,,,,,,,,,,,,,,,,,,,,,,,,,,,,,,,,,,,,,,,,,,,,,,,,,,,,,,,,,,,,,,
_250m_16_days_VI_Quality_2017337_aid0001,aid0001,2017-12-03 00:00:00+00:00,,,,,,,,86443.0,,54.0,,,,2.0,170.0,,8.0,,,,,,,7.0,30.0,,,,,,,,,,,46.0,,,,,,5.0,,,,,,,,4.0,,,,,,,4.0,,,,,,14.0,,,,,10.0,,,,,,,,,2.0,,,,,,,,,,,609.0,,,,,,,,,,,,,,,,,43.0,,,,5.0,,75.0,,,,,,,,,,,,,,,,,,,,,,,,,,,,,,,,,,,,,,,,,,,,,,,,,,,,,,,,,,,,,,,,,,,,,,,,,,,,,,,,,,,,,,,,,,,,,,,,,,,
_250m_16_days_VI_Quality_2017353_aid0001,aid0001,2017-12-19 00:00:00+00:00,5.0,51.0,34.0,12.0,,5.0,,79302.0,,635.0,,315.0,,1.0,4999.0,,470.0,,257.0,,,41.0,,57.0,,,,,8.0,,2.0,,,,,118.0,,,,,,131.0,,30.0,,9.0,,,4.0,,,,,,,57.0,8.0,14.0,1.0,55.0,,,59.0,,,,23.0,,,,,,,,,,9.0,,,,4.0,,,,,,,654.0,,,,,,,,,,,,,,,,,35.0,,,,17.0,,93.0,,,,,,,1.0,,,,7.0,,,,,,,,,,,,,,,,,,,,4.0,,,,,,,,,,,,,,,,,,,,,,,,,4.0,,,,,,,,,,,,,,,,,,,,,,,,,,,,,,,,,,,,,,,,,,,
_250m_16_days_VI_Quality_2018001_aid0001,aid0001,2018-01-01 00:00:00+00:00,,85.0,,4.0,,9.0,,83669.0,,304.0,,36.0,,5.0,1995.0,,137.0,,2.0,,1.0,8.0,,104.0,,,,,7.0,,4.0,,,,,229.0,,6.0,,,,125.0,,43.0,,,,1.0,,,5.0,,,,,49.0,4.0,13.0,,6.0,,,7.0,,,1.0,,,,,9.0,,,,,,,,,,5.0,,,,,,,583.0,,,,,,,,,,,,,,,,,42.0,,,,,,12.0,,,,,,,,,,,,,,,,,1.0,,,,,,,,,,,,,,,,4.0,,16.0,,,,,,,,,,,,,,,,,,,,,,,,,,,,,,,,,,,,,,,,,,,,,,,,,,,,,,,,,,,,,,,,
_250m_16_days_VI_Quality_2018017_aid0001,aid0001,2018-01-17 00:00:00+00:00,16.0,44.0,43.0,10.0,,,,76524.0,8.0,245.0,,,,,8578.0,,715.0,,,,,,,175.0,,,,,,,,,,,,130.0,,,,,,70.0,,32.0,,,,,10.0,,,,,,,22.0,,,,,,,4.0,,,,1.0,,,,,,,,,,4.0,,,,,,,,,,,784.0,,,,,,,,,,,,,,,,,24.0,,,,13.0,,,,,,,,,,,,,10.0,,,,,,,,,,,,,,,,,,19.0,,,,,,10.0,,,,,,,,,,,,36.0,,,,4.0,,,,,,,,,,,,,,,,,,,,,,,,,,,,,,,,,,,,,,,,,,,,,,,,
_250m_16_days_VI_Quality_2018033_aid0001,aid0001,2018-02-02 00:00:00+00:00,6.0,10.0,17.0,13.0,,,,71313.0,,246.0,,,,,13881.0,9.0,815.0,,,,,8.0,,4.0,,,,,,,,,,,,115.0,,4.0,,,,89.0,,71.0,,,,,,,,,,,,,3.0,,,,,,18.0,,,,,,,,,,,,,,,,,,,,,,,,,732.0,,,,,,,,,,,,,,,,,8.0,,,,100.0,,,,,,,,,,,,,6.0,,,,,,,,,,,,,,,,,,5.0,,,,16.0,,,,9.0,,,,,,,,,,,,,,27.0,,,,,6.0,,,,,,,,,,,,,,,,,,,,,,,,,,,,,,,,,,,,,,,,,,,
_250m_16_days_VI_Quality_2018049_aid0001,aid0001,2018-02-18 00:00:00+00:00,33.0,82.0,75.0,15.0,,,,83235.0,,486.0,,,,,838.0,,793.0,,,,,,,,,,,,30.0,6.0,6.0,,,,,283.0,,18.0,,,,226.0,,82.0,,,,,15.0,,,,,,,25.0,24.0,,,,,,5.0,,,,,,,,7.0,,,,,,4.0,,,,,,,,,,,651.0,,12.0,,,,,,,,,,,,,,,,,,,248.0,13.0,28.0,,,,,,,1.0,,,,114.0,,,,,,,,,,,,,,,,,,71.0,,,,,,,,,5.0,,,,,,,,,21.0,,,,68.0,,,,,,,,,,,,,,,,1.0,,,10.0,,,,,,,,,,,,,,,,,,,,,,,,,,,,,
_250m_16_days_VI_Quality_2018065_aid0001,aid0001,2018-03-06 00:00:00+00:00,,91.0,8.0,53.0,,,,84544.0,,170.0,,,,6.0,1014.0,,472.0,,,,,13.0,,78.0,,,,,3.0,,,,,,,101.0,,4.0,,,,45.0,,77.0,,,,,3.0,,,,,,,8.0,,,,,,,,,,,,,,,,,,,,,,,,,,,,,,,,640.0,,,,,,,,,,,,,,,,,32.0,,,,87.0,,45.0,,,,,,,,,,,6.0,,,,,,,,,1.0,,,,,,,,,14.0,,,,,,,,,,,,,,,,,,,,,,16.0,,,,,,,,,,,,,,,,,,,,,,,,,,,,,,,,,,,,,,,,,,,,,,,,
_250m_16_days_VI_Quality_2018081_aid0001,aid0001,2018-03-22 00:00:00+00:00,,5.0,18.0,,,,,85437.0,,426.0,,,,,575.0,,309.0,,,,,,,2.0,,,,,,,,,,,,10.0,,,,,,23.0,,,,,,,6.0,,,,,,,,,,,,,,,,,,,,,,,,,,,,,,,,,,,,,,,681.0,,,,,,,,,,,,,,,,,4.0,,,,35.0,,,,,,,,,,,,,,,,,,,,,,,,,,,,,,,,,,,,,,,,,,,,,,,,,,,,,,,,,,,,,,,,,,,,,,,,,,,,,,,,,,,,,,,,,,,,,,,,,,,,,
_250m_16_days_VI_Quality_2018097_aid0001,aid0001,2018-04-07 00:00:00+00:00,,4.0,,,,,,79324.0,,5536.0,,,,,1107.0,,596.0,,,,,,,53.0,,,,,,,,,,,,9.0,,,,,,32.0,,,,,,,,,,,,,,,2.0,,,,,,,,,,,,,,,,,,,,,,,,,,,,,,,806.0,,,,,,,,,,,,,,,,,27.0,,,,8.0,,,,,,,,,,,,,27.0,,,,,,,,,,,,,,,,,,,,,,,,,,,,,,,,,,,,,,,,,,,,,,,,,,,,,,,,,,,,,,,,,,,,,,,,,,,,,,,,,,,,,,,,
_250m_16_days_VI_Quality_2018113_aid0001,aid0001,2018-04-23 00:00:00+00:00,,,,,,,,84650.0,,104.0,,,,,2179.0,,,,,,,,,,,,,,,,,,,,,,,,,,,,,,,,,,,,,,,,,,,,,,,,,,,,,,,,,,,,,,,,,,,,,,,,,598.0,,,,,,,,,,,,,,,,,,,,,,,,,,,,,,,,,,,,,,,,,,,,,,,,,,,,,,,,,,,,,,,,,,,,,,,,,,,,,,,,,,,,,,,,,,,,,,,,,,,,,,,,,,,,,,,,,,,,,,,,,,
_250m_16_days_VI_Quality_2018129_aid0001,aid0001,2018-05-09 00:00:00+00:00,,,,,,,,86032.0,,,,,,6.0,663.0,,20.0,,,,,,,,,,,,,,,,,,,,,,,,,8.0,,,,,,,,,,,,,,,,,,,,,,,,,,,,,,,,,,,,,,,,,,,,,,793.0,,,,,,,,,,,,,,,,,9.0,,,,,,,,,,,,,,,,,,,,,,,,,,,,,,,,,,,,,,,,,,,,,,,,,,,,,,,,,,,,,,,,,,,,,,,,,,,,,,,,,,,,,,,,,,,,,,,,,,,,,,,,,
_250m_16_days_VI_Quality_2018145_aid0001,aid0001,2018-05-25 00:00:00+00:00,,43.0,,46.0,,,,8242.0,,6.0,,,,,61162.0,,8911.0,,,,1.0,7127.0,,525.0,,,,,,,,,,,,,,,,,,12.0,,38.0,,,,,72.0,,1.0,,,,,,,,,,,,,,,,,,,,,,,,,,,,,,,,,,,,,980.0,,365.0,,,,,,,,,,,,,,,,,,,,,,,,,,,,,,,,,,,,,,,,,,,,,,,,,,,,,,,,,,,,,,,,,,,,,,,,,,,,,,,,,,,,,,,,,,,,,,,,,,,,,,,,,,,,,,,,,,,,,,,,
_250m_16_days_VI_Quality_2018161_aid0001,aid0001,2018-06-10 00:00:00+00:00,,398.0,,91.0,,,,73057.0,,637.0,,,,,10279.0,,583.0,,,,,20.0,,,,,,,,,,,,,,517.0,,5.0,,,,973.0,,84.0,,,,,20.0,,3.0,1.0,,,,7.0,26.0,,,,,,,,,,,,,,,,,,,,,,,,,,,,,,,505.0,,,,,,,,,,,,,,,,,23.0,,,,,,,,,,,,,,,,,,,,,,,,,,,,,,,,,,,32.0,,,,75.0,,,,,,,,,,,,,,,,,,172.0,,23.0,,,,,,,,,,,,,,,,,,,,,,,,,,,,,,,,,,,,,,,,,,,,,,
_250m_16_days_VI_Quality_2018177_aid0001,aid0001,2018-06-26 00:00:00+00:00,,1943.0,,350.0,,,,75533.0,,,,,,,3756.0,,,,,,,39.0,,,,,,3.0,,,26.0,,,,,3207.0,,,,,,1404.0,,26.0,,,,,76.0,18.0,91.0,17.0,,,,19.0,285.0,,,,,,,,,,,,,,,5.0,,,,,,,,,,68.0,,,,,,530.0,,96.0,,,,,,,,,,,,,,,,,,,,,,,,,,,,,,,,,,,,,,,,,,,,,,,,,,,,,,,,,,,,,,,,,10.0,,,,,,,,,,,,10.0,,13.0,6.0,,,,,,,,,,,,,,,,,,,,,,,,,,,,,,,,,,,,,,,,
_250m_16_days_VI_Quality_2018193_aid0001,aid0001,2018-07-12 00:00:00+00:00,,22267.0,8.0,10426.0,,,3.0,1500.0,,,,,,,10711.0,,,,,,,1471.0,175.0,122.0,,,,,8.0,10.0,108.0,303.0,,,,104.0,,,,,,9117.0,4.0,209.0,,,,1.0,4469.0,2133.0,1442.0,745.0,,,2.0,4107.0,4492.0,,1.0,5.0,,,352.0,,,,442.0,586.0,,,,129.0,,,,,301.0,101.0,,,1133.0,4147.0,,,,69.0,,517.0,,17.0,,,,,,,,,,,,,,,,,,,,,,,,,,,,,,,,,,,,,,,,,,,,,,,,,,,,,,234.0,,,,188.0,,110.0,,,,25.0,,18.0,,,,,,608.0,,,,,1583.0,321.0,777.0,463.0,2.0,,,,,,,,9.0,,20.0,90.0,,,26.0,199.0,533.0,588.0,,,,,,,,,,,,,,,,,,,,,,
_250m_16_days_VI_Quality_2018209_aid0001,aid0001,2018-07-28 00:00:00+00:00,,16829.0,,9958.0,,,2.0,9679.0,,,,,,,7535.0,,4498.0,,,,7.0,1766.0,,3809.0,,,,,12.0,,265.0,142.0,,,,4051.0,,,,,,11633.0,,2779.0,,,,5.0,2367.0,261.0,2184.0,115.0,,,5.0,3906.0,1404.0,,4.0,,,,,,,,47.0,,,,4.0,32.0,,,,,8.0,,,,336.0,53.0,,,,,,717.0,,,,,,,,,,,,,,,,,,,,,,,,,,,,,,,,,,,,,,,,,,,,,,,,,,,,43.0,,,,27.0,,,,118.0,,34.0,,,,,,52.0,,305.0,,,,852.0,,,,1.0,688.0,61.0,288.0,263.0,,,,,,,,14.0,,,,41.0,,,,,117.0,214.0,,,,,,,,,,,,,,,,,,,,,,
_250m_16_days_VI_Quality_2018225_aid0001,aid0001,2018-08-13 00:00:00+00:00,,6741.0,,13491.0,,,4.0,47.0,,334.0,,,,,5140.0,,18050.0,,,,,1067.0,25.0,2434.0,,,,,,,135.0,5.0,,,,,,193.0,,,,3679.0,4.0,13553.0,,,,,2211.0,570.0,6187.0,110.0,,,3.0,2716.0,2422.0,,,,,,4.0,,,,37.0,14.0,,,1.0,138.0,,,,,18.0,93.0,,,690.0,350.0,,,,19.0,,223.0,,747.0,,,,54.0,52.0,,,,,,,,,,,,,,,,,,,,,,,,,,,,,,,,,,,,,,,,,,,,,,,,,110.0,,569.0,,55.0,,33.0,,,,,153.0,51.0,,,,,,236.0,14.0,2392.0,,,563.0,163.0,1023.0,31.0,,,,,,,,,,,,117.0,,,,6.0,360.0,94.0,,,,,,,,,,,,,,,,,,,,,,
_250m_16_days_VI_Quality_2018241_aid0001,aid0001,2018-08-29 00:00:00+00:00,,17711.0,,11236.0,,,1.0,298.0,,,,,,,1990.0,122.0,5515.0,,,,,2289.0,,4664.0,,,,,19.0,29.0,,80.0,,,,303.0,,,,,,2765.0,170.0,5848.0,,,,5.0,3840.0,870.0,5170.0,125.0,,,5.0,6278.0,8564.0,,3.0,,,,99.0,,,,,59.0,,,21.0,53.0,,,,,244.0,,,,489.0,581.0,,,15.0,62.0,,,,213.0,,,,26.0,88.0,,,5.0,,,,,,,,,,,,,,,,,,,,,,,,,,,,,,,,,,,,,,,,,,19.0,,,,155.0,156.0,145.0,,125.0,49.0,104.0,,,20.0,13.0,16.0,52.0,,59.0,,,,885.0,404.0,380.0,,,1383.0,1424.0,970.0,99.0,1.0,,,,,60.0,,,21.0,,,90.0,39.0,,252.0,,599.0,147.0,,,,,,,,,,,,,,,,9.0,,,,,,
_250m_16_days_VI_Quality_2018257_aid0001,aid0001,2018-09-14 00:00:00+00:00,,14.0,,,,,,79271.0,,1642.0,,,,,5739.0,,,,,,,,,,,,,,,,,,,,,40.0,,17.0,,,,4.0,,5.0,,,,,,,,,,,,,5.0,,,,,,,,,,,,,,,,,,,,,,,,,,,,,,,697.0,,,,,,,,,,,,,,,,,,,,,,,,,,,,,,,,,,,,,,,,,,,,,,,,,,,,63.0,,,,,,,,,,,,,,,,,,30.0,,4.0,,,,,,,,,,,,,,,,,,,,,,,,,,,,,,,,,,,,,,,,,,,,,,,,,,
_250m_16_days_VI_Quality_2018273_aid0001,aid0001,2018-09-30 00:00:00+00:00,,,,,,,,86710.0,,270.0,,,,6.0,122.0,,4.0,,,,,,,,,,,,,,,,,,,,,,,,,,,,,,,,,,,,,,,,,,,,,,,,,,,,,,,,,,,,,,,,,,,,,,,410.0,,,,,,,,,,,,,,,,,8.0,,1.0,,,,,,,,,,,,,,,,,,,,,,,,,,,,,,,,,,,,,,,,,,,,,,,,,,,,,,,,,,,,,,,,,,,,,,,,,,,,,,,,,,,,,,,,,,,,,,,,,,,,,,,
_250m_16_days_VI_Quality_2018289_aid0001,aid0001,2018-10-16 00:00:00+00:00,,,,,,,,82595.0,,3375.0,,,,2.0,905.0,,21.0,,,,,,,,,,,,,,,,,,,10.0,,,,,,4.0,,,,,,,,,,,,,,,,,,,,,1.0,,,,,,,,,,,,,,,,,,,,,,,,,618.0,,,,,,,,,,,,,,,,,,,,,,,,,,,,,,,,,,,,,,,,,,,,,,,,,,,,,,,,,,,,,,,,,,,,,,,,,,,,,,,,,,,,,,,,,,,,,,,,,,,,,,,,,,,,,,,,,,,,,,,,,,
_250m_16_days_VI_Quality_2018305_aid0001,aid0001,2018-11-01 00:00:00+00:00,18.0,27.0,,35.0,,,,85597.0,,148.0,,,,2.0,257.0,,48.0,,,,,23.0,,,,,,,,,,,,,,186.0,,4.0,,,,66.0,,42.0,,,,1.0,,,,,,,,8.0,,,,,,,,,,,,,,,4.0,5.0,,,,,,,,,8.0,,,,,,,874.0,,,,,,,,,,,,,,,,,,,,,123.0,,39.0,,,,,,,,,,,4.0,12.0,,,,,,,,,,,,,,,,,,,,,,,,,,,,,,,,,,,,,,,,,,,,,,,,,,,,,,,,,,,,,,,,,,,,,,,,,,,,,,,,,,,,,,,
_250m_16_days_VI_Quality_2018321_aid0001,aid0001,2018-11-17 00:00:00+00:00,,,,25.0,,,,86066.0,,333.0,,,,4.0,335.0,,66.0,,,,,,,,,,,,,,,,,,,19.0,,1.0,,,,44.0,,5.0,,,,,,,1.0,,,,,5.0,,,1.0,,,,5.0,,,,,,,,,,,,,,4.0,,,,,,,,,,,597.0,,,,,,,,,,,,,,,,,9.0,,2.0,,,,,,,,,,,,,,,,,,,,,,,,,,,,,,,,,9.0,,,,,,,,,,,,,,,,,,,,,,,,,,,,,,,,,,,,,,,,,,,,,,,,,,,,,,,,,,,,,,,,,,,,,,
_250m_16_days_VI_Quality_2018337_aid0001,aid0001,2018-12-03 00:00:00+00:00,,15.0,,9.0,,,,74776.0,,933.0,,,,3.0,10400.0,,323.0,,,,2.0,,,6.0,,,,,,,,,,,,50.0,,4.0,,,,68.0,,15.0,,,,1.0,,,,,,,,2.0,,,,5.0,,,46.0,,,,,,,,,,,,,,,,,,,,,,,,,747.0,,,,,,,,,,,,,,,,,,,,,8.0,,102.0,,,,,,,,,,,,4.0,7.0,,,,,,,,,,,,,,,,,,,,,,,,,,,,,,,,,,,,,,5.0,,,,,,,,,,,,,,,,,,,,,,,,,,,,,,,,,,,,,,,,,,,,,,,,
_250m_16_days_VI_Quality_2018353_aid0001,aid0001,2018-12-19 00:00:00+00:00,,21.0,19.0,6.0,,,,85491.0,,328.0,,50.0,,8.0,518.0,,180.0,,142.0,,,,,8.0,,,,,,,2.0,,,,,58.0,,5.0,,,,68.0,,12.0,,,,1.0,,,,,,,,32.0,9.0,1.0,,,,,,,,,,,,,,,,,,,,,,,,,,,,,,478.0,,,,,,,,,,,,,,,,,,,,,79.0,1.0,,,,,,,,,,,,11.0,,,,,,,,,,,,,,,,,,,,,,,,,,,,,,,,,,,,,,,,,,,,,,,,3.0,,,,,,,,,,,,,,,,,,,,,,,,,,,,,,,,,,,,,,,,
_250m_16_days_VI_Quality_2019001_aid0001,aid0001,2019-01-01 00:00:00+00:00,79.0,160.0,,71.0,,7.0,,79661.0,,1114.0,,,,,2359.0,,30.0,,,,,214.0,9.0,,,4.0,,,12.0,4.0,,,,,,632.0,,4.0,,,2.0,366.0,,69.0,,,,,43.0,61.0,,,4.0,,,74.0,2.0,,,,,,,,,,,,,,2.0,,,,,,,,,,,,,,,,,741.0,,,,,,,,,,,,,,,,,5.0,,,,1540.0,9.0,7.0,,,,8.0,,,,,,,173.0,8.0,,2.0,,,15.0,,,,,,,,,,,,,,,,,,,,,,,,,,,,,,,,,,,,12.0,,,,,,13.0,,,,,,,,,,,,,,,,,,,,,,,,,,,,,,5.0,,,,,,,,,,
_250m_16_days_VI_Quality_2019017_aid0001,aid0001,2019-01-17 00:00:00+00:00,433.0,182.0,226.0,19.0,,,,63473.0,,1411.0,,,,4.0,11684.0,,3600.0,,,,1.0,235.0,,408.0,,,,,45.0,6.0,,,,,,254.0,,1.0,,,,144.0,,20.0,,,,1.0,47.0,,,,,,,57.0,20.0,,,,19.0,,194.0,11.0,,,36.0,8.0,,,,,,,,,,,,,,,,,,,,623.0,,96.0,,,,,,,,,,,,,,,4.0,,,,3505.0,25.0,266.0,,,,7.0,,,53.0,40.0,,,217.0,,,,,,22.0,,3.0,,,,,,,,,,,,,,21.0,,58.0,,,,,,,,,,,,23.0,,,,,,29.0,,,,,,,,,,,,,,,,,,,,,,,,,,,,,,,,,,,,,,,,,,,,,,
_250m_16_days_VI_Quality_2019033_aid0001,aid0001,2019-02-02 00:00:00+00:00,386.0,507.0,104.0,294.0,,,,69377.0,,762.0,,,,1.0,2598.0,3.0,621.0,5.0,,,1.0,311.0,64.0,172.0,105.0,,,,35.0,52.0,1.0,14.0,,,,761.0,,,,,,595.0,,4.0,,,,,135.0,41.0,,1.0,,,,340.0,20.0,,,10.0,,,4.0,87.0,,,42.0,16.0,,,93.0,4.0,,,,,24.0,11.0,,,50.0,,,,,,,451.0,,,,,,,,,,,,,,,,,,,,,6460.0,5.0,2450.0,5.0,,,3.0,,,126.0,101.0,,,59.0,10.0,,,,,122.0,,26.0,6.0,,,,,,,,,4.0,,,,6.0,,,,,,,,,,,,,,,,,,,,,,,,18.0,4.0,,,,,,,,,10.0,,,,,,,,,14.0,,,,,,,,,,,,,,,,,,,,,,,
_250m_16_days_VI_Quality_2019049_aid0001,aid0001,2019-02-18 00:00:00+00:00,125.0,592.0,647.0,346.0,,,,65135.0,,1221.0,,,,11.0,4741.0,,2701.0,,,,1.0,355.0,,469.0,,,,2.0,23.0,66.0,246.0,68.0,,,,702.0,,9.0,,,,1777.0,,928.0,,,,,275.0,7.0,303.0,,,,,320.0,132.0,,,,,,6.0,,,,,,,,70.0,23.0,,,,,32.0,,,,47.0,,,,,,,761.0,,,,,2.0,,,,,,,,,,,,4.0,,,,2886.0,36.0,1927.0,9.0,,,2.0,,46.0,78.0,,,,173.0,30.0,,,,,,,11.0,1.0,,,,,,,,,18.0,,,,,,,,18.0,,,,,,4.0,,6.0,,31.0,,,,89.0,,10.0,,,,,,,,,,,,,,,,,,,,,9.0,,,,,,,,,,,,,,,,,,,,,,,,,
_250m_16_days_VI_Quality_2019065_aid0001,aid0001,2019-03-06 00:00:00+00:00,84.0,518.0,35.0,242.0,,,1.0,75213.0,,356.0,,,,8.0,2064.0,,1010.0,,,,1.0,233.0,,90.0,,,,,154.0,32.0,13.0,19.0,,,,1622.0,,51.0,,,,1057.0,,328.0,,,,,48.0,11.0,8.0,,,,,259.0,135.0,,,,,,,,,,53.0,62.0,,,82.0,21.0,,,,,14.0,38.0,,,,11.0,,,,,,508.0,,102.0,,,1.0,,,,,,,,,,,,,,,,1971.0,19.0,260.0,6.0,,,1.0,,,,,,,291.0,76.0,,,,,33.0,,22.0,,,5.0,,,,,,,23.0,,22.0,,10.0,,36.0,,,,,,,,,,,,74.0,,5.0,,94.0,,,,,10.0,,13.0,,,,,,,,,,,,,,,,43.0,,13.0,,,,,,,,,,,,,5.0,,,,15.0,,,,,,
_250m_16_days_VI_Quality_2019081_aid0001,aid0001,2019-03-22 00:00:00+00:00,87.0,,250.0,4.0,,,,83679.0,,200.0,,,,2.0,1748.0,,436.0,,,,,50.0,,150.0,,,,,,,,4.0,,,,19.0,,,,,,4.0,,,,,,,,,,,,,,10.0,4.0,,,,,,,,,,,,,,,,,,,,,,,,,,,,,,,460.0,,,,,,,,,,,,,,,,,,,,,294.0,,120.0,,,,,,,,,,,4.0,,,,,,,,6.0,,,,,,,,,,,,,,,,,,,,,,,,,,,,,,,,,,,,,,,,,,,,,,,,,,,,,,,,,,,,,,,,,,,,,,,,,,,,,,,,
_250m_16_days_VI_Quality_2019097_aid0001,aid0001,2019-04-07 00:00:00+00:00,30.0,111.0,131.0,31.0,,,,81087.0,,2450.0,,,,11.0,1667.0,,838.0,4.0,,,,,,13.0,4.0,,,,10.0,8.0,16.0,,,,,58.0,,19.0,,,,28.0,,40.0,,,,,,,4.0,,,,,,5.0,,,,,,,,,,,,,,,,,,,,,,,,,,,,,,,712.0,,,,,,,,,,,,,,,,,,,,,65.0,,115.0,,,,,,,,,,,52.0,21.0,,,,,,,,,,,,,,,,,,,,,,,,,,,,,,,,,,,,,,,1.0,,,,,,,,,,,,,,,,,,,,,,,,,,,,,,,,,,,,,,,,,,,,,,,,
_250m_16_days_VI_Quality_2019113_aid0001,aid0001,2019-04-23 00:00:00+00:00,5.0,6.0,190.0,,,,,85336.0,,4.0,,,,5.0,1224.0,,117.0,,,,6.0,,,,,,,,,,,,,,,4.0,,,,,,14.0,,,,,,,,,,,,,,,5.0,,,,,,,,,,,,,,,,,,,,,,,,,,,,,,,604.0,,,,,,,,,,,,,,,,,,,,,7.0,,4.0,,,,,,,,,,,,,,,,,,,,,,,,,,,,,,,,,,,,,,,,,,,,,,,,,,,,,,,,,,,,,,,,,,,,,,,,,,,,,,,,,,,,,,,,,,,,,,,,,,,
_250m_16_days_VI_Quality_2019129_aid0001,aid0001,2019-05-09 00:00:00+00:00,,,78.0,,,,,64314.0,,16655.0,,,,13.0,3708.0,,2287.0,,,,7.0,,,,,,,,,,,,,,,4.0,,,,,,18.0,,,,,,,,,,,,,,,,,,,,,,,,,,,,,,,,,,,,,,,,,,,,,,424.0,,6.0,,,,,,,,,,,,,,,13.0,,,,,,4.0,,,,,,,,,,,,,,,,,,,,,,,,,,,,,,,,,,,,,,,,,,,,,,,,,,,,,,,,,,,,,,,,,,,,,,,,,,,,,,,,,,,,,,,,,,,,,,,,,,,
_250m_16_days_VI_Quality_2019145_aid0001,aid0001,2019-05-25 00:00:00+00:00,,5.0,,,,,,85556.0,,63.0,,,,12.0,1021.0,,227.0,,,,10.0,,,,,,,,,,3.0,,,,,4.0,,,,,,14.0,,,,,,,,,,,,,,,,,,,,,,,,,,,,,,,,,,,,,,,,,,,,,,606.0,,,,,,,,,,,,,,,,,10.0,,,,,,,,,,,,,,,,,,,,,,,,,,,,,,,,,,,,,,,,,,,,,,,,,,,,,,,,,,,,,,,,,,,,,,,,,,,,,,,,,,,,,,,,,,,,,,,,,,,,,,,,,
_250m_16_days_VI_Quality_2019161_aid0001,aid0001,2019-06-10 00:00:00+00:00,,22.0,,6.0,,,,56364.0,,5049.0,,,,2.0,23715.0,,1164.0,,,,,,,,,,,,,,,,,,,147.0,,6.0,,,,199.0,,101.0,,,,,,,,,,,,1.0,,,,,,,,,,,,,,,,,,,,,,,,,,,,,,,,714.0,,4.0,,,,,,,,,,,,,,,32.0,,,,,,,,,,,,,,,,,,,,,,,,,,,,,,,,,,,,,,,,,,,,,,,,,,,,,,,,,,,,,,5.0,,,,,,,,,,,,,,,,,,,,,,,,,,,,,,,,,,,,,,,,,,,
_250m_16_days_VI_Quality_2019177_aid0001,aid0001,2019-06-26 00:00:00+00:00,,289.0,,60.0,,,,50843.0,,4.0,,,,,33730.0,,185.0,,,,2.0,1.0,,,,,,,,,,,,,,544.0,,,,,,477.0,,28.0,,,,,79.0,,9.0,4.0,,,,7.0,18.0,,,,,,,,,,,,,,,,,,,,,,,,4.0,,,,,,,942.0,,90.0,,,,,,,,,,,,,,,,,,,,,,,,,,,,,,,,,,,,,,,,,,,,,,,,,,107.0,,,,8.0,,,,,,,,,,,,,,64.0,,,,19.0,,15.0,,,,,,,,,,,,,,,,,,,,,,,2.0,,,,,,,,,,,,,,,,,,,,,,,
_250m_16_days_VI_Quality_2019193_aid0001,aid0001,2019-07-12 00:00:00+00:00,,21972.0,,3908.0,,,3.0,2885.0,,,,,,,23364.0,,,,,,,2146.0,,435.0,,,,,24.0,,,,,,,209.0,,,,,,16952.0,,,,,,3.0,5412.0,522.0,446.0,41.0,,,3.0,3115.0,681.0,,6.0,,,,,,,,,,,,5.0,,,,,,1.0,,,,411.0,204.0,,,36.0,18.0,,358.0,,,,,,62.0,32.0,,17.0,,,,,,,5.0,,,,,,,,,,,,,,,,,,,,,,,,,,,,,,,,,,,,,,,,638.0,,,,262.0,,,,,,,,,,,,,,1969.0,,,,,846.0,121.0,,113.0,3.0,,,,,,,,,,,,,,,,232.0,70.0,1.0,,,,,,,,,,,,,,,,,,,,,
_250m_16_days_VI_Quality_2019209_aid0001,aid0001,2019-07-28 00:00:00+00:00,,13411.0,67.0,6805.0,,,6.0,31061.0,,,,,,,3804.0,458.0,957.0,,,,,68.0,225.0,81.0,,,,,,6.0,590.0,49.0,,,,7178.0,,,,,,4026.0,169.0,1515.0,,,,2.0,752.0,1531.0,1154.0,61.0,,,2.0,1898.0,2098.0,,,28.0,,,305.0,486.0,,,26.0,,,,,33.0,,18.0,,,200.0,630.0,,,289.0,214.0,,,,,,775.0,,,,,,,,,,,,,,,,,,,,,,,,,,,,,,,,,,,,,,,,,,,,,,,,,,,,935.0,,,,204.0,108.0,,,21.0,9.0,,,,,7.0,,,,1686.0,,,,1345.0,209.0,300.0,,,328.0,537.0,272.0,36.0,,,,,,42.0,,20.0,,,,10.0,,,156.0,123.0,162.0,43.0,,,,,,,,,,,,,,,,,,,,,,
_250m_16_days_VI_Quality_2019225_aid0001,aid0001,2019-08-13 00:00:00+00:00,,1270.0,137.0,2155.0,,,1.0,16180.0,,54247.0,,,,3.0,1325.0,,2154.0,,,,1.0,,10.0,15.0,,,,,,,24.0,11.0,,,,701.0,,3589.0,,,,1325.0,,2024.0,14.0,,,3.0,54.0,37.0,246.0,21.0,,,,223.0,198.0,,,,,,8.0,,,,,,,,,26.0,,,,,,5.0,,,,,,,,,,772.0,,43.0,,,,,,,,,,,,,,,42.0,,,,,,,,,,,,,,,,,,,,,,,,,,,,,,,,,4.0,,,,53.0,,,,6.0,,,,,,,,,4.0,,,,,191.0,,30.0,,310.0,,,22.0,26.0,12.0,,,,,,,,,,,,,9.0,,,,,,,,,,,,,,,,,,,,,,,,,,,,
_250m_16_days_VI_Quality_2019241_aid0001,aid0001,2019-08-29 00:00:00+00:00,,11832.0,,2463.0,,,3.0,19339.0,,,,,,,24155.0,11.0,379.0,,,,3.0,1841.0,1.0,684.0,,,,,,1.0,18.0,21.0,,,,2835.0,,,,,1.0,12685.0,44.0,250.0,,,,2.0,1773.0,454.0,385.0,7.0,,,1.0,2101.0,689.0,,2.0,,,,36.0,,,,13.0,1.0,,,,8.0,,,,,119.0,,,,176.0,57.0,,,,,,808.0,,,,,,,,,,,,,,,,,6.0,,,,,,,,,,,,,,,,,,,,,,,,,,,,,,,,,4.0,,224.0,,,,377.0,,3.0,,9.0,10.0,258.0,,,6.0,24.0,112.0,39.0,,474.0,,,,1468.0,11.0,,,,495.0,182.0,142.0,37.0,1.0,,,,,9.0,,6.0,,,3.0,105.0,,,67.0,,83.0,178.0,,,,,,,,,,,,,,,,,,,,,,
_250m_16_days_VI_Quality_2019257_aid0001,aid0001,2019-09-14 00:00:00+00:00,,4765.0,1.0,1684.0,,,8.0,39555.0,,74.0,,,,,16594.0,,2382.0,,,,1.0,243.0,,596.0,,,,1.0,,1.0,31.0,9.0,,,,3705.0,,,,,1.0,7329.0,,646.0,,,,3.0,1197.0,15.0,495.0,198.0,,,8.0,2092.0,1456.0,,,,,,,,,,,48.0,,,1.0,8.0,,,,,,,,,163.0,302.0,,,,,,916.0,,,,,,,,,,,,,,,,,4.0,,,,,3.0,,,,,,,,,,,,,,,,,,,,,,,,,,,,,,352.0,,,,209.0,,124.0,,,,64.0,,,,,,76.0,,459.0,,,,1008.0,,111.0,,3.0,211.0,17.0,167.0,47.0,,,,,,,,,,,,33.0,,,,,30.0,85.0,,,,,,,,,,,,,,,,,,,,,,
_250m_16_days_VI_Quality_2019273_aid0001,aid0001,2019-09-30 00:00:00+00:00,,16.0,,,,,,83993.0,,2463.0,,,,,191.0,1.0,11.0,,,,,,,,,,,,,,,,,,,75.0,,57.0,,,2.0,69.0,,,,,,,18.0,,,,,,,14.0,,,,,,,1.0,,,,,,,,,,,,,,,,,,,,,,,,,615.0,,,,,,,,,,,,,,,,,5.0,,,,,,,,,,,,,,,,,,,,,,,,,,,,,,,,,,,,,,,,,,,,,,,,,,,,,,,,,,,,,,,,,,,,,,,,,,,,,,,,,,,,,,,,,,,,,,,,,,,,,,,,,
_250m_16_days_VI_Quality_2019289_aid0001,aid0001,2019-10-16 00:00:00+00:00,,,,,,,,86726.0,,,,,,2.0,268.0,,,,,,,,,,,,,,,,,,,,,,,,,,,,,,,,,,,,,,,,,,,,,,,,,,,,,,,,,,,,,,,,,,,,,,,,,535.0,,,,,,,,,,,,,,,,,,,,,,,,,,,,,,,,,,,,,,,,,,,,,,,,,,,,,,,,,,,,,,,,,,,,,,,,,,,,,,,,,,,,,,,,,,,,,,,,,,,,,,,,,,,,,,,,,,,,,,,,,,
_250m_16_days_VI_Quality_2019305_aid0001,aid0001,2019-11-01 00:00:00+00:00,,,,1.0,,,,86794.0,,54.0,,,,3.0,92.0,,38.0,,,,,5.0,,1.0,,,,,,,,,,,,,,,,,,,,,,,,,,,4.0,3.0,,,,,,,,,,,,,,,,,,,,,,,,,,,,,,,,,,,,510.0,,26.0,,,,,,,,,,,,,,,,,,,,,,,,,,,,,,,,,,,,,,,,,,,,,,,,,,,,,,,,,,,,,,,,,,,,,,,,,,,,,,,,,,,,,,,,,,,,,,,,,,,,,,,,,,,,,,,,,,,,,,,,
_250m_16_days_VI_Quality_2019321_aid0001,aid0001,2019-11-17 00:00:00+00:00,,18.0,56.0,1.0,,,,49080.0,,35736.0,,,,3.0,746.0,,192.0,41.0,,,,8.0,,33.0,,,,,,,,,,,,63.0,,63.0,,,,73.0,,163.0,23.0,,,,,,10.0,,,,,,7.0,,,,,,148.0,5.0,,,,,,,4.0,,,,,,,10.0,,,,,,,,,,461.0,,388.0,,,,,,,,,,,,,,,,,,,37.0,,152.0,,,,,,,,,,,,,,,,,,,,,,,,,,,,,,,,,,,,,,,,,,,,,,,10.0,,,,,,,,,,,,,,,,,,,,,,,,,,,,,,,,,,,,,,,,,,,,,,,,,,,,
_250m_16_days_VI_Quality_2019337_aid0001,aid0001,2019-12-03 00:00:00+00:00,,16.0,18.0,12.0,,,,82418.0,,2772.0,,,,14.0,275.0,,559.0,,,,,1.0,7.0,174.0,,,,1.0,2.0,,5.0,,,,,175.0,,6.0,,,,66.0,,33.0,,,,,15.0,,,7.0,,,,11.0,,,,,,,7.0,,,,,,,,1.0,,,,,,,,,,5.0,,,,,,,735.0,,6.0,,,,,,,,,,,,,,,10.0,,,,43.0,,112.0,,,,1.0,,,,,,,8.0,,,,,,,,,,,1.0,,,,,,,,,3.0,,,,,,,,,,,,,,,,8.0,,,,4.0,,,,,,,,,,,,,,,,,,,,,,,,,,,,,,,,,,,,,,,,,,,,,,,,
_250m_16_days_VI_Quality_2019353_aid0001,aid0001,2019-12-19 00:00:00+00:00,171.0,164.0,338.0,55.0,,5.0,,77364.0,,244.0,,116.0,,8.0,3881.0,,1228.0,,75.0,,8.0,115.0,5.0,864.0,,23.0,,2.0,66.0,8.0,,4.0,,,,412.0,,21.0,,4.0,1.0,339.0,,76.0,,5.0,,3.0,9.0,,12.0,,,,,57.0,10.0,12.0,,,,4.0,29.0,5.0,8.0,,26.0,3.0,7.0,,4.0,,,,,,15.0,,4.0,,14.0,,,,,,,824.0,,,,,,,,,,,,,,,,,,,,,491.0,4.0,146.0,,27.0,,1.0,,,,11.0,,,75.0,34.0,,,,,31.0,6.0,3.0,,,,,,,,,,12.0,,,,,,,,,,,,,,,,,,12.0,,,,29.0,,,,1.0,,,,,,,,,,,,,,,,,,,,,,,,,,,,,,,,,,,,,,,,,,,,
_250m_16_days_VI_Quality_2020001_aid0001,aid0001,2020-01-01 00:00:00+00:00,109.0,213.0,47.0,80.0,,,,46485.0,,47.0,,,,3.0,31254.0,,973.0,4.0,,,1.0,1.0,57.0,369.0,168.0,,,,50.0,29.0,5.0,3.0,,4.0,,1841.0,,,,,,1430.0,,16.0,5.0,,,,142.0,41.0,6.0,20.0,,,,84.0,75.0,,,28.0,,,20.0,,,,18.0,177.0,,,,,,,,,34.0,,,,18.0,6.0,,,,,,613.0,,238.0,,,,,,,,,,,,,,,,,,,1820.0,,637.0,,,,,,,15.0,,,,105.0,37.0,,,,,10.0,,14.0,,,4.0,,,,,,,,,,,,,,,,,,,,,14.0,,,,,,,,150.0,,,,,,,,,,,,,,,,,,,,,,,,8.0,,3.0,,,,,,,,,,,,,,,,,,,,,,
_250m_16_days_VI_Quality_2020017_aid0001,aid0001,2020-01-17 00:00:00+00:00,288.0,836.0,107.0,140.0,,,,72277.0,,10.0,,,,4.0,1931.0,,245.0,,,,6.0,272.0,6.0,227.0,20.0,,,2.0,79.0,119.0,13.0,26.0,,,3.0,1526.0,,4.0,,,3.0,995.0,,50.0,,,,8.0,58.0,4.0,21.0,,,,,344.0,27.0,,2.0,4.0,,,23.0,,,,34.0,19.0,,,84.0,3.0,,,,,41.0,4.0,,,27.0,8.0,,,,,,606.0,,,,,,,,,,,,,,,,,42.0,,,,4773.0,64.0,1065.0,5.0,,,11.0,,,131.0,147.0,,4.0,522.0,90.0,,5.0,,,27.0,3.0,28.0,19.0,,,,,,,4.0,,,,,,,,,,,,25.0,,,5.0,2.0,,,,4.0,,,,23.0,,,,,8.0,,,,,,,,,,,,,,4.0,,,,,,,,,,,,,,,,,,,1.0,,,,,,,,,,
_250m_16_days_VI_Quality_2020033_aid0001,aid0001,2020-02-02 00:00:00+00:00,270.0,117.0,512.0,80.0,,,,74458.0,,973.0,,,,2.0,4108.0,5.0,2977.0,,,,1.0,221.0,8.0,542.0,,,,1.0,19.0,7.0,36.0,,,,,360.0,,60.0,,,,220.0,,83.0,,,,,10.0,,12.0,,,,,24.0,47.0,,,,,,6.0,2.0,,,13.0,,,,16.0,8.0,,,,,,,,,1.0,,,,,,,847.0,,,,,,,,,,,,,,,,,24.0,,,,677.0,10.0,521.0,,,,2.0,,,33.0,146.0,,,19.0,26.0,,,,,,,14.0,,,,,,,,,,,,,,4.0,,,,,,,,,,,,,,,,,,,,5.0,,,4.0,,,,,,,,,,,,,,,,,,,,,,,,,,,,,,,,,,,,,,,,,,,
_250m_16_days_VI_Quality_2020049_aid0001,aid0001,2020-02-18 00:00:00+00:00,65.0,207.0,250.0,78.0,,,,74430.0,,176.0,,,,1.0,7696.0,,1243.0,,,,,60.0,,555.0,,,,,67.0,32.0,32.0,,,,,572.0,,15.0,,,,349.0,,212.0,,,,,32.0,3.0,27.0,,,,,71.0,118.0,,,,,,,14.0,,,1.0,,,,23.0,,,,,,,,,,4.0,,,,,,,692.0,,,,,,,,,,,,,,,,,,,,,213.0,6.0,150.0,,,,,,,,,,,50.0,20.0,,,,,,,,,,4.0,,,,,2.0,,14.0,,,,,,5.0,,,,,,,,,,,,8.0,,,,34.0,,,,,,,,,,,,,,,,,,,,,,,,,,,,,,,,,,,,,,,,,,,,,,,,
_250m_16_days_VI_Quality_2020065_aid0001,aid0001,2020-03-05 00:00:00+00:00,109.0,246.0,18.0,331.0,,,,75798.0,,880.0,,,,8.0,3763.0,,1415.0,,,,,550.0,,106.0,,,,,70.0,65.0,25.0,4.0,,,,311.0,,173.0,,,,716.0,,162.0,,,,,118.0,,18.0,14.0,,,,124.0,156.0,,,,,,23.0,,,,52.0,4.0,,,36.0,45.0,,,,,19.0,,,,26.0,,,,,,,670.0,,,,,,,,,,,,,,,,,20.0,,,,550.0,67.0,124.0,,,,2.0,,,6.0,11.0,,,233.0,49.0,,,,,1.0,,2.0,,,,4.0,,,,,10.0,89.0,,,,28.0,,,,,,,,,4.0,4.0,,,,99.0,,,,159.0,,,,,5.0,,,,,,,,,,,,,,,,,,,,,,,,,,,,,9.0,,,,,,,,,,,,,,
_250m_16_days_VI_Quality_2020081_aid0001,aid0001,2020-03-21 00:00:00+00:00,,119.0,26.0,227.0,,,,81069.0,,428.0,,,,5.0,2904.0,,303.0,,,,,57.0,4.0,14.0,,,,,,30.0,17.0,43.0,,,,321.0,,80.0,,,,279.0,,100.0,,,,,55.0,10.0,,4.0,,,,129.0,61.0,,,,,,5.0,,,,28.0,,,,14.0,12.0,,,,,8.0,,,,19.0,,,,,,,704.0,,6.0,,,,,,,,,,,,,,,14.0,,,,244.0,38.0,,,,,,,,,,,,96.0,5.0,,,,,,,,,,4.0,,,,4.0,,,,,,,,,,,,,,,,,4.0,,,,5.0,,,,14.0,,,,,,,,,,,,,,,,9.0,,,,,,,,,,,,,,,,,,,,,,,,13.0,,,,,,,,
_250m_16_days_VI_Quality_2020097_aid0001,aid0001,2020-04-06 00:00:00+00:00,12.0,258.0,33.0,278.0,,,,65155.0,,277.0,,,,5.0,15738.0,88.0,794.0,10.0,,,1.0,59.0,19.0,61.0,23.0,,,,20.0,6.0,,105.0,,,,161.0,,36.0,,,,520.0,,242.0,4.0,,,,171.0,,153.0,62.0,,,,68.0,30.0,,,,,,1614.0,61.0,,,11.0,101.0,,,49.0,3.0,,,,,32.0,83.0,,,10.0,48.0,,,,,,685.0,,40.0,,,,,51.0,,,,,,,,,,,,,,51.0,8.0,,,,,,,,,,,,43.0,,,,,,,,6.0,6.0,,,,,,,,,,,,,67.0,,32.0,,5.0,,,,,,12.0,,,,,,,,67.0,,4.0,,,9.0,,,19.0,,,,,,,,,,,3.0,,,,,4.0,,18.0,,,,,,,,,,,,,,,,,,,,,,
_250m_16_days_VI_Quality_2020113_aid0001,aid0001,2020-04-22 00:00:00+00:00,,266.0,,56.0,,,,79908.0,,96.0,,,,,5475.0,,176.0,,,,4.0,31.0,,,,,,,101.0,3.0,4.0,6.0,,,,451.0,,,,,,135.0,,20.0,,,,,49.0,,6.0,9.0,,,,11.0,21.0,,,,,,5.0,,,,,14.0,,,14.0,,,,,,,,,,9.0,,,,,,,639.0,,,,,,,,,,,,,,,,,,,,,1.0,,,,,,,,,,,,,21.0,,,,,,,,,,,,,,,,,,,,,,,,,,,,,,,,,,,,,,,,,,,,,,,,,,,,,,,,,,,,,,,,,,,,,,,,,,,,,,,,,,,,,,,,
_250m_16_days_VI_Quality_2020129_aid0001,aid0001,2020-05-08 00:00:00+00:00,,56.0,,,,,,85742.0,,141.0,,,,6.0,758.0,,,,,,,,,,,,,,24.0,,,,,,,47.0,,,,,,72.0,,,,,,,,,,,,,,,,,,,,,,,,,,,,,,,,,,,,,,,,,,,,,,656.0,,,,,,,,,,,,,,,,,12.0,,,,17.0,,,,,,,,,,,,,,,,,,,,,,,,,,,,,,,,,,,,,,,,,,,,,,,,,,,,,,,,,,,,,,,,,,,,,,,,,,,,,,,,,,,,,,,,,,,,,,,,,,,,,
_250m_16_days_VI_Quality_2020145_aid0001,aid0001,2020-05-24 00:00:00+00:00,,34.0,,27.0,,,,78273.0,,301.0,,,,,6242.0,,1177.0,,,,8.0,2.0,,79.0,,,,,,,28.0,,,,,190.0,,,,,,240.0,,13.0,,,,,,3.0,,,,,,1.0,,,,,,,,,,,,,,,,,,,,,,,,,,,,,,,,541.0,,366.0,,,,,,,,,,,,,,,,,,,,,,,,,,,,,,,,,,,,,,,,,,,,,,,,,,6.0,,,,,,,,,,,,,,,,,,,,,,,,,,,,,,,,,,,,,,,,,,,,,,,,,,,,,,,,,,,,,,,,,,,,,,
_250m_16_days_VI_Quality_2020161_aid0001,aid0001,2020-06-09 00:00:00+00:00,,7.0,,50.0,,,,55028.0,,17280.0,,,,,11676.0,,2397.0,,,,2.0,,,,,,,,,1.0,,,,,,110.0,,65.0,,,,13.0,,49.0,,,,,6.0,,,,,,,1.0,,,,,,,,,,,,,,,,,,,,,,,,,,,,,,,,558.0,,283.0,,,,,,,,,,,,,,,,,,,,,,,,,,,,,,,,,,,,,,,,,,,,,,,,,,,,,,,,,,,,,,,,,,,,,,,,5.0,,,,,,,,,,,,,,,,,,,,,,,,,,,,,,,,,,,,,,,,,,,,,,,,
_250m_16_days_VI_Quality_2020177_aid0001,aid0001,2020-06-25 00:00:00+00:00,,2343.0,,836.0,,,2.0,37310.0,,648.0,,,,,33372.0,9.0,1468.0,,,,,2681.0,,149.0,,,,,8.0,4.0,,33.0,,,,1562.0,,32.0,,,,3811.0,,167.0,,,,,744.0,25.0,166.0,27.0,,,,266.0,31.0,,,,,,30.0,6.0,,,28.0,,,,,,,,,,,10.0,,,64.0,6.0,,,,,,714.0,,188.0,,,,,,,,,,,,,,,4.0,,,,,,,,,,,,,,,,,,,,,,,,,,,,,,,,,19.0,,4.0,,15.0,,13.0,,197.0,,,,,,,,,,,,99.0,,5.0,,116.0,,97.0,,,4.0,11.0,5.0,40.0,,,60.0,,,,,,,,,21.0,,,,42.0,,39.0,,,,,,,,,,,,,,,,,,,,,,
_250m_16_days_VI_Quality_2020193_aid0001,aid0001,2020-07-11 00:00:00+00:00,,3441.0,,1554.0,,,,52543.0,,5039.0,,,,,7446.0,,5603.0,,,,1.0,,,45.0,,,,,4.0,,192.0,,,,,3978.0,,24.0,,,,2841.0,,983.0,,,,2.0,261.0,6.0,129.0,46.0,,,,435.0,407.0,,,,,,,,,,,,,,,,,,,,,,,,36.0,79.0,,,,,,728.0,,24.0,,,,,,,,,,,,,,,,,,,,,,,,,,,,,,,,,,,,,,,,,,,,,,,,,,230.0,,,,52.0,,59.0,,,,,,,,,4.0,,,624.0,,,,387.0,,198.0,,,90.0,5.0,30.0,5.0,,,,,,,,,,,,,,,,,,,,,,,,,,,,,,,,,,,,,,,,
_250m_16_days_VI_Quality_2020209_aid0001,aid0001,2020-07-27 00:00:00+00:00,,20711.0,,12312.0,,,3.0,106.0,,,,,,,6931.0,,,,,,,865.0,,5424.0,,,,,18.0,1.0,48.0,8.0,,,,106.0,,,,,,13480.0,,,,,,7.0,4791.0,477.0,4591.0,177.0,,,7.0,4277.0,3961.0,,4.0,,,,,,,,10.0,73.0,,,11.0,293.0,,,,,72.0,,,,399.0,1237.0,,,103.0,137.0,,,,,,,,183.0,28.0,,,66.0,,,,,,,,,,4.0,,,,,,,,,,,,,,,,,,,,,,,,,,,,,,,,,,,,273.0,,,,9.0,,1421.0,,1.0,,,35.0,34.0,,,,,,2373.0,,,,1.0,595.0,188.0,922.0,107.0,1.0,,,,,,,,22.0,,,14.0,,,91.0,,172.0,242.0,,,,,,109.0,,,,,,,,,,,,,,,,
_250m_16_days_VI_Quality_2020225_aid0001,aid0001,2020-08-12 00:00:00+00:00,,16003.0,,13646.0,,,2.0,6096.0,,178.0,,,,,8606.0,,1362.0,,,,2.0,482.0,,10.0,,,,,14.0,2.0,399.0,52.0,,,,1451.0,,28.0,,,,13547.0,,4683.0,,,,5.0,1776.0,379.0,1231.0,272.0,,,1.0,3690.0,6370.0,,,6.0,,,231.0,,,,204.0,,,,,278.0,,,,,242.0,,,,715.0,353.0,,,49.0,113.0,,435.0,,,,,,144.0,33.0,,,10.0,,,,,4.0,15.0,,,,,,,,,,,,,,,,,,,,,,,,,,,,,,,,,,36.0,,,,,,63.0,,44.0,,41.0,14.0,,78.0,,,,186.0,80.0,,,,,,726.0,,1078.0,,,472.0,177.0,420.0,292.0,2.0,,26.0,,,,,,,,10.0,91.0,,,,,271.0,305.0,,,,,,,,,,,,,,,,,,,,,,
_250m_16_days_VI_Quality_2020241_aid0001,aid0001,2020-08-28 00:00:00+00:00,,9138.0,74.0,5382.0,,,2.0,20803.0,,2512.0,,,,1.0,17796.0,,4994.0,,,,7.0,24.0,,345.0,,,,2.0,62.0,,93.0,4.0,,,,4063.0,,1142.0,,,,7690.0,,4513.0,,,,4.0,561.0,17.0,564.0,7.0,,,5.0,1098.0,1762.0,,3.0,,,,,,,,,,,,14.0,19.0,,,,,,,,,27.0,92.0,,2.0,,,,642.0,,60.0,,,,,,,,,,,,,,,24.0,,,,,,,,,,,,,,,,,,,,,,,,,,,,,,,,,,,584.0,,158.0,,185.0,,77.0,,,,17.0,,,,,3.0,,,607.0,,10.0,,1675.0,,402.0,,1.0,131.0,30.0,84.0,10.0,2.0,,,,,,,,,,,6.0,,,,,,1.0,,,,,,,,,,,,,,,,,,,,,,
_250m_16_days_VI_Quality_2020257_aid0001,aid0001,2020-09-13 00:00:00+00:00,,,,,,,,86262.0,,,,,,2.0,469.0,,9.0,,,,1.0,25.0,,,,,,,,,,,,,,,,,,,,,,,,,,,,,,,,,,,,,,,,,,,,,,,,,,,,,,,,,,,,,,,,,,753.0,,,,,,,,,,,,,,,,,10.0,,,,,,,,,,,,,,,,,,,,,,,,,,,,,,,,,,,,,,,,,,,,,,,,,,,,,,,,,,,,,,,,,,,,,,,,,,,,,,,,,,,,,,,,,,,,,,,,,,,,,,,,,
_250m_16_days_VI_Quality_2020273_aid0001,aid0001,2020-09-29 00:00:00+00:00,,,,,,,,86722.0,,12.0,,,,2.0,176.0,,52.0,,,,,,,,,,,,,,,,,,,,,,,,,,,,,,,,,,,,,,,,,,,,,,,,,,,,,,,,,,,,,,,,,,,,,,,553.0,,,,,4.0,,,,,,,,,,,,10.0,,,,,,,,,,,,,,,,,,,,,,,,,,,,,,,,,,,,,,,,,,,,,,,,,,,,,,,,,,,,,,,,,,,,,,,,,,,,,,,,,,,,,,,,,,,,,,,,,,,,,,,,,
_250m_16_days_VI_Quality_2020289_aid0001,aid0001,2020-10-15 00:00:00+00:00,,,,,,,,61587.0,,4.0,,,,,25244.0,,7.0,,,,,,,,,,,,,,,,,,,,,,,,,,,,,,,,,,,,,,,,,,,,,,,,,,,,,,,,,,,,,,,,,,,,,,,675.0,,,,,,,,,,,,,,,,,14.0,,,,,,,,,,,,,,,,,,,,,,,,,,,,,,,,,,,,,,,,,,,,,,,,,,,,,,,,,,,,,,,,,,,,,,,,,,,,,,,,,,,,,,,,,,,,,,,,,,,,,,,,,
_250m_16_days_VI_Quality_2020305_aid0001,aid0001,2020-10-31 00:00:00+00:00,,,,,,,,85113.0,,15.0,,,,,1642.0,,27.0,,,,,,,,,,,,,,,,,,,,,,,,,,,,,,,,,1.0,4.0,,,,,,,,,,,,,,,,,,,,,,,,,,,,,,,,,,,,,729.0,,,,,,,,,,,,,,,,,,,,,,,,,,,,,,,,,,,,,,,,,,,,,,,,,,,,,,,,,,,,,,,,,,,,,,,,,,,,,,,,,,,,,,,,,,,,,,,,,,,,,,,,,,,,,,,,,,,,,,,,,,
_250m_16_days_VI_Quality_2020321_aid0001,aid0001,2020-11-16 00:00:00+00:00,4.0,13.0,107.0,4.0,,,,84279.0,,387.0,,,,3.0,643.0,,570.0,,,,,,,52.0,,,,,,,,,,,,97.0,,17.0,,,,78.0,,15.0,,,,,,,,,,,,,,,,,,,,,,,,,,,,,,,,,,,,,,,,,,,,538.0,,,,,,,,,,,,,,,,,21.0,,,,131.0,5.0,549.0,,,,,,,,,,,6.0,,,,,,,,,,,,,,,,,,,,,,,,,,,,,,,,,,,,4.0,,,,4.0,,4.0,,,,,,,,,,,,,,,,,,,,,,,,,,,,,,,,,,,,,,,,,,,,,,
_250m_16_days_VI_Quality_2020337_aid0001,aid0001,2020-12-02 00:00:00+00:00,16.0,105.0,,25.0,,,,83274.0,,215.0,,74.0,,6.0,1417.0,3.0,551.0,,10.0,,,38.0,1.0,97.0,,,,,5.0,8.0,,,,,,200.0,,5.0,,5.0,,197.0,,55.0,,,,,,,,,,,,15.0,,,,3.0,,,11.0,9.0,,,,,,,,3.0,,,,,8.0,,,,,,,,,,,634.0,,,,,,,,,,,,,,,,,37.0,,,,210.0,8.0,164.0,,,,1.0,,,6.0,,,,11.0,11.0,11.0,,,,,,,,,4.0,,,,,,,22.0,,,,4.0,,42.0,,,,,,,,,,,,,,,,10.0,,,,,,,,,,,,,,,,,,,,,,,,,,,,,,,,,,,,,,,,,,,,,,,,
_250m_16_days_VI_Quality_2020353_aid0001,aid0001,2020-12-18 00:00:00+00:00,74.0,42.0,90.0,10.0,,,,65958.0,,169.0,,659.0,,5.0,18536.0,2.0,652.0,,65.0,,3.0,23.0,,184.0,,14.0,,2.0,,,6.0,,,,,94.0,,,,,,123.0,,,,14.0,,,,,4.0,,,,,17.0,,2.0,,5.0,,2.0,,,,,,,,,,4.0,,,,,4.0,,,,,,,,,,,558.0,,,,,,,,,,,,,,,,,22.0,,,,112.0,,46.0,,,,,,,,,,,,,,,,,,,,,,,,,,,,,9.0,,,,10.0,,,,,,,,,,,,,,,,,,11.0,,,,,,,,,,,,,,,,,,,,,,,,,,,,,,,,,,,,,,,,,,,,,,,,
_250m_16_days_VI_Quality_2021001_aid0001,aid0001,2021-01-01 00:00:00+00:00,24.0,24.0,119.0,23.0,,,,82410.0,18.0,687.0,,51.0,,7.0,1680.0,,956.0,,,,3.0,3.0,8.0,168.0,,,,,5.0,2.0,8.0,,,,,135.0,,16.0,,,,118.0,,29.0,,4.0,,,,16.0,,,,4.0,,16.0,20.0,,,,,,9.0,,,,1.0,,,,2.0,,,,,,9.0,,,,,,,,,,,677.0,,,,,1.0,,,,,,,,,,,,10.0,,,,114.0,1.0,113.0,,,,,,,,,,,29.0,3.0,,,,,,,,,,3.0,,,,,,,,,,,,,,,,,,,,,,,,,3.0,,,,,,,,,,1.0,,,,,,,,,,,,,,,,,,,,,,,,,,,,,,,,1.0,,,,,,,,,,
_250m_16_days_VI_Quality_2021017_aid0001,aid0001,2021-01-17 00:00:00+00:00,16.0,28.0,59.0,2.0,,,,57802.0,,41.0,,,,,27660.0,,345.0,,,,,23.0,,284.0,,,,,,,,,,,,68.0,,,,,,83.0,,14.0,,,,,,,,,,,,8.0,19.0,,,,,,12.0,4.0,,,,,,,,,,,,,,,,,,,,,,,,740.0,,,,,,,,,,,,,,,,,,,,,218.0,,88.0,,,,,,,3.0,,,,6.0,,,,,,,,,,,,,,,,,,,,,,,,,,,,,,,,,,,,,,,,5.0,,,,,,,,,,,,,,,,,,,,,,,,,,,,,,,,,,,,,,,,,,,,,,,,
_250m_16_days_VI_Quality_2021033_aid0001,aid0001,2021-02-02 00:00:00+00:00,43.0,6.0,106.0,21.0,,,,79730.0,,599.0,,,,1.0,5045.0,,470.0,,,,1.0,48.0,,462.0,,,,,,,,,,,,114.0,,,,,,14.0,,18.0,,,,,,,,,,,,1.0,4.0,,,,,,1.0,,,,,,,,,,,,,,,,,,,,,,,,,538.0,,12.0,,,,,,,,,,,,,,,9.0,,,,120.0,,148.0,,,,,,,6.0,10.0,,,4.0,,,,,,,,,,,,,,,,,,,,,,,,,,,,,,,,,,,,,,,,,,,,,,,,,,,,,,,,,,,,,,,,,,,,,,,,,,,,,,,,,,,,,,,,
_250m_16_days_VI_Quality_2021049_aid0001,aid0001,2021-02-18 00:00:00+00:00,,4.0,212.0,5.0,,,,67431.0,,268.0,,,,,17979.0,,566.0,,,,1.0,3.0,,100.0,,,,,,3.0,5.0,,,,,29.0,,20.0,,,,51.0,,42.0,,,,,,,,,,,,,8.0,,,,,,,,,,,,,,,,,,,,,,,,,,,,,,,752.0,,,,,,,,,,,,,,,,,22.0,,,,,,19.0,,,,,,,7.0,,,,4.0,,,,,,,,,,,,,,,,,,,,,,,,,,,,,,,,,,,,,,,,,,,,,,,,,,,,,,,,,,,,,,,,,,,,,,,,,,,,,,,,,,,,,,,,
_250m_16_days_VI_Quality_2021065_aid0001,aid0001,2021-03-06 00:00:00+00:00,39.0,59.0,22.0,9.0,,,,80566.0,,34.0,,,,,5438.0,,145.0,,,,,17.0,,48.0,,,,,8.0,4.0,6.0,,,,,163.0,,,,,,129.0,,7.0,,,,,,,,,,,,8.0,,,,,,,,,,,,,,,,,,,,,,,,,,,,,,,,754.0,,6.0,,,,,,,,,,,,,,,6.0,,,,35.0,,14.0,,,,,,,,,,,14.0,,,,,,,,,,,,,,,,,,,,,,,,,,,,,,,,,,,,,,,,,,,,,,,,,,,,,,,,,,,,,,,,,,,,,,,,,,,,,,,,,,,,,,,,
_250m_16_days_VI_Quality_2021081_aid0001,aid0001,2021-03-22 00:00:00+00:00,,,,,,,,82274.0,,187.0,,,,,4385.0,,118.0,,,,,,,4.0,,,,,,,,,,,,,,,,,,,,,,,,,,,,,,,,,,,,,,,,,,,,,,,,,,,,,,,,,,,,,,,,512.0,,16.0,,,,,,,,,,,,,,,10.0,,,,,,25.0,,,,,,,,,,,,,,,,,,,,,,,,,,,,,,,,,,,,,,,,,,,,,,,,,,,,,,,,,,,,,,,,,,,,,,,,,,,,,,,,,,,,,,,,,,,,,,,,,,,
_250m_16_days_VI_Quality_2021097_aid0001,aid0001,2021-04-07 00:00:00+00:00,,22.0,,8.0,,,,77733.0,,1458.0,,,,,7239.0,,161.0,,,,,9.0,,14.0,,,,,,4.0,,,,,,15.0,,,,,,52.0,,10.0,,,,,4.0,,,,,,,,,,,,,,,,,,,,,,,,,,,,,,,,,,,,,,,677.0,,,,,,,,,,,,,,,,,34.0,,,,,,70.0,,,,,,,,,,,,11.0,,,,,,,,,,,,,,,,,,,,,,,,,,,,,,,,,,,,,,,,,,,,,,,,,,,,,,,,,,,,,,,,10.0,,,,,,,,,,,,,,,,,,,,,,,
_250m_16_days_VI_Quality_2021113_aid0001,aid0001,2021-04-23 00:00:00+00:00,,109.0,132.0,93.0,,,,83159.0,,282.0,,,,5.0,2135.0,,176.0,,,,1.0,,,82.0,,,,,10.0,5.0,30.0,,,,,43.0,,,,,,159.0,,17.0,,,,,,,,,,,,41.0,100.0,,,,,,5.0,,,,,,,,6.0,,,,,,,,,,,,,,,,,544.0,,222.0,,,3.0,,,,,,,,,,,,14.0,,,,67.0,,86.0,,,,,,,,,,,,,,,,,,,,,,,,,,,,,,,,,,,,,,,,,,,,,,,,,,,5.0,,,,,,,,,,,,,,,,,,,,,,,,,,,,,,,,,,,,,,,,,,,,,,,,
_250m_16_days_VI_Quality_2021129_aid0001,aid0001,2021-05-09 00:00:00+00:00,,438.0,,864.0,,,,37483.0,,5449.0,,,,,28946.0,,8901.0,,,,6.0,14.0,,4.0,,,,,,,,,,,,1136.0,,256.0,,,,812.0,,805.0,,,,,56.0,27.0,67.0,,,,,162.0,195.0,,,,,,,,,,,,,,,13.0,,,,,,,,,20.0,16.0,,,,,,251.0,,876.0,,,,,,,,,,,,,,,,,,,,,,,,,,,,,,,,,,,,,,,,,,,,,,,,,,79.0,,33.0,,,,4.0,,26.0,,,,,,,,,,268.0,,5.0,,48.0,,84.0,,,88.0,25.0,24.0,,,,,,,,,,,,,,,,,,50.0,,,,,,,,,,,,,,,,,,,,,,,
_250m_16_days_VI_Quality_2021145_aid0001,aid0001,2021-05-25 00:00:00+00:00,,37.0,,10.0,,,,84889.0,,,,,,,1410.0,,96.0,,,,11.0,,,90.0,,,,,1.0,,,,,,,51.0,,,,,,47.0,,4.0,,,,,,3.0,,,,,,,,,,,,,,,,,,,,,,,,,,,,,,,,,,,,,,815.0,,67.0,,,,,,,,,,,,,,,,,,,,,,,,,,,,,,,,,,,,,,,,,,,,,,,,,,,,,,,,,,,,,,,,,,,,,,,,,,,,,,,,,,,,,,,,,,,,,,,,,,,,,,,,,,,,,,,,,,,,,,,,
_250m_16_days_VI_Quality_2021161_aid0001,aid0001,2021-06-10 00:00:00+00:00,,174.0,,135.0,,,,56476.0,,13716.0,,,,1.0,11717.0,,3596.0,,,,,,,,,,,,,,,,,,,151.0,,271.0,,,,187.0,,137.0,,,,,13.0,,25.0,,,,,,12.0,,,,,,,,,,,,,,,,,,,,,,,,,,,,,,,895.0,,6.0,,,,,,,,,,,,,,,19.0,,,,,,,,,,,,,,,,,,,,,,,,,,,,,,,,,,,,,,,,,,,,,,,,,,,,,,,,,,,,,,,,,,,,,,,,,,,,,,,,,,,,,,,,,,,,,,,,,,,,,,,,,
_250m_16_days_VI_Quality_2021177_aid0001,aid0001,2021-06-26 00:00:00+00:00,,1099.0,,231.0,,,1.0,61518.0,,114.0,,,,,19505.0,,1026.0,,,,,119.0,44.0,433.0,,,,,,,64.0,,,,,541.0,,49.0,,,,1084.0,,39.0,,,,2.0,142.0,47.0,49.0,9.0,,,,100.0,57.0,,,,,,15.0,,,,56.0,,,,,,,,,,,,,,21.0,,,,,,,729.0,,,,,,,,,,,,,,,,,12.0,,,,,,,,,,,,,,,,,,,,,,,,,,,,,,,,,,,58.0,,,,57.0,,,,28.0,,,,,,,,,,55.0,,,,152.0,,4.0,,,13.0,5.0,6.0,,,,,,,,,,,,,,,,18.0,,29.0,,,,,,,,,,,,,,,,,,,,,,,
_250m_16_days_VI_Quality_2021193_aid0001,aid0001,2021-07-12 00:00:00+00:00,,19604.0,,6358.0,,,6.0,12328.0,,,,,,,10338.0,406.0,1053.0,,,,2.0,113.0,184.0,912.0,,,,1.0,,9.0,302.0,,,,,4019.0,,,,,,11236.0,744.0,873.0,20.0,,,11.0,2227.0,2222.0,2391.0,149.0,,,3.0,1609.0,2769.0,,,35.0,,,731.0,,,,28.0,6.0,,,,111.0,,,,,734.0,76.0,,,970.0,342.0,,,45.0,10.0,,463.0,,,,,,158.0,,,,,,,,,,,,,,,,,,,,,,,,,,,,,,,,,,,,,,,,,,,,,,161.0,,,,156.0,21.0,37.0,,,,,,,,,141.0,20.0,,320.0,,,,698.0,122.0,112.0,,,112.0,173.0,647.0,229.0,,,,,,21.0,,,,,,88.0,39.0,,253.0,18.0,149.0,305.0,,,69.0,,42.0,,,,,,,,,,,,,,,,,
_250m_16_days_VI_Quality_2021209_aid0001,aid0001,2021-07-28 00:00:00+00:00,,19093.0,207.0,6604.0,,,3.0,224.0,,,,,,,23015.0,,165.0,,,,5.0,1740.0,,696.0,,,,,,5.0,69.0,21.0,,,,35.0,,,,,,18237.0,,582.0,,,,3.0,3077.0,465.0,636.0,189.0,,,6.0,4106.0,1943.0,,1.0,,,,32.0,,,,47.0,30.0,,,5.0,36.0,,,,,11.0,5.0,,,336.0,253.0,,1.0,5.0,19.0,,550.0,,,,,,54.0,4.0,,,2.0,,,,,,,23.0,,,,,,,,,,,,,,,,,,,,,,,,,,,,,,,,,,,,,,,627.0,,,,98.0,,19.0,,,,17.0,22.0,8.0,,23.0,,,,2681.0,,22.0,,,913.0,119.0,118.0,82.0,,,,,,,,19.0,,,,25.0,,,,,118.0,80.0,,,,,,,,,,,,,,,,,,,,,,
_250m_16_days_VI_Quality_2021225_aid0001,aid0001,2021-08-13 00:00:00+00:00,,995.0,10.0,302.0,,,,36941.0,,412.0,,,,,34030.0,,9139.0,,,,,31.0,,173.0,,,,,,1.0,,,,,,871.0,,,,,,2318.0,,363.0,,,,,34.0,15.0,59.0,,,,,43.0,88.0,,,,,,,79.0,,,,,,,,,,,,,,6.0,,,,,,,,,,723.0,,,,,,,,,,,,,,,,,18.0,,,,,,,,,,,,,,,,,,,,,,,,,,,,,,,,,,,63.0,,,,4.0,,431.0,,,10.0,46.0,,,,,,,,,,,,29.0,,282.0,,,,9.0,5.0,,,,,,,,,,,,,,,,,,1.0,,,,,,,,,,,,,,,,,,,,,,,
_250m_16_days_VI_Quality_2021241_aid0001,aid0001,2021-08-29 00:00:00+00:00,,11458.0,455.0,6743.0,,,,6998.0,,,,,,,30842.0,,1159.0,,,,1.0,254.0,,1430.0,48.0,,,,10.0,17.0,119.0,41.0,,,,793.0,,,,,,15638.0,,864.0,,,,,1513.0,42.0,460.0,161.0,,,,1750.0,1974.0,,,,,,,23.0,,,,47.0,,,7.0,69.0,,,,,,10.0,,,71.0,178.0,,,,3.0,,579.0,,8.0,,,,,,,,,,,,,,,19.0,,,,,,,,,,,,,,,,,,,,,,,,,,,,,,,,,5.0,,,,,,500.0,,29.0,,,,314.0,,,,,41.0,,,56.0,,,,1884.0,,4.0,,,235.0,,372.0,82.0,,,,,,,,,,,,29.0,,,,,3.0,193.0,,,,,,,,,,,,,,,,,,,,,,
_250m_16_days_VI_Quality_2021257_aid0001,aid0001,2021-09-14 00:00:00+00:00,,2789.0,,935.0,,,1.0,71701.0,,1372.0,,,,5.0,379.0,,527.0,,,,4.0,,,,,,,,4.0,,32.0,1.0,,,,5242.0,,390.0,,,1.0,917.0,,536.0,,,,,81.0,10.0,59.0,,,,,530.0,314.0,,,,,,,,,,,,,,10.0,2.0,,,,,,,,,11.0,28.0,,,,,,560.0,,4.0,,,,,,,,,,,,,,,15.0,,,,,,,,,,,,,,,,,4.0,,,,,,,,,,,,,,,,,,293.0,,,,,,,,,,,,,,,,,,466.0,,,,244.0,,17.0,,,19.0,,19.0,,,,,,,,,,,,,,,,,,,9.0,,,,,,,,,,,,,,,,,,,,,,
_250m_16_days_VI_Quality_2021273_aid0001,aid0001,2021-09-30 00:00:00+00:00,,,,,,,,80444.0,,3412.0,,,,,1195.0,,1697.0,,,,1.0,,,,,,,,,,,,,,,,,,,,,,,,,,,,,,,,,,,,,,,,,,,,,,,,,,,,,,,,,,,,,,,,,,,642.0,,140.0,,,,,,,,,,,,,,,,,,,,,,,,,,,,,,,,,,,,,,,,,,,,,,,,,,,,,,,,,,,,,,,,,,,,,,,,,,,,,,,,,,,,,,,,,,,,,,,,,,,,,,,,,,,,,,,,,,,,,,,,
_250m_16_days_VI_Quality_2021289_aid0001,aid0001,2021-10-16 00:00:00+00:00,,,,,,,,86745.0,,199.0,,,,11.0,14.0,,,,,,1.0,,,,,,,,,,,,,,,,,,,,,,,,,,,,,,,,,,,,,,,,,,,,,,,,,,,,,,,,,,,,,,,,,,,545.0,,4.0,,,2.0,,,,,,,,,,,,10.0,,,,,,,,,,,,,,,,,,,,,,,,,,,,,,,,,,,,,,,,,,,,,,,,,,,,,,,,,,,,,,,,,,,,,,,,,,,,,,,,,,,,,,,,,,,,,,,,,,,,,,,,,
_250m_16_days_VI_Quality_2021305_aid0001,aid0001,2021-11-01 00:00:00+00:00,,,,,,,,86728.0,,5.0,,,,5.0,100.0,,,,,,,,,,,,,,,,,,,,,,,,,,,,,,,,,,,,,,,,,,,,,,,,,,,,,,,,,,,,,,,,,,,,,,,,,682.0,,,,,,,,,,,,,,,,,11.0,,,,,,,,,,,,,,,,,,,,,,,,,,,,,,,,,,,,,,,,,,,,,,,,,,,,,,,,,,,,,,,,,,,,,,,,,,,,,,,,,,,,,,,,,,,,,,,,,,,,,,,,,
_250m_16_days_VI_Quality_2021321_aid0001,aid0001,2021-11-17 00:00:00+00:00,,,,1.0,,,,82213.0,,24.0,,,,1.0,4747.0,,,,,,,,,,,,,,,,,,,,,,,,,,,,,,,,,,,,,,,,,,,,,,,,,,,,,,,,,,,,,,,,,,,,,,,,,514.0,,,,,,,,,,,,,,,,,30.0,,,,,,,,,,,,,,,,,,,,,,,,,,,,,,,,,,,,,,,,,,,,,,,,,,,,,,,,,,,,,,,,,,,,,,,,,,,,,,,,,,,,,,,,,,,,,,,,,,,,,,,,,1.0
_250m_16_days_VI_Quality_2021337_aid0001,aid0001,2021-12-03 00:00:00+00:00,,27.0,88.0,42.0,,3.0,,80907.0,,687.0,,70.0,,8.0,3333.0,,884.0,,32.0,,1.0,1.0,,52.0,,10.0,,,23.0,1.0,,,,,,212.0,,45.0,,,,137.0,,38.0,,10.0,,3.0,5.0,,,3.0,,,,8.0,9.0,1.0,,,,,,,,,,,5.0,,,,,,,,4.0,,,,2.0,,,,,,,686.0,,30.0,,,,,,,,,,,,,,,9.0,,,,87.0,,,,,,,,,,,,,45.0,20.0,,,,,,,3.0,,,,,,,,,,,,,,,,,,,,,,,,,,,,,,,,,,,,,,,,,,,,,,,,,,,,,,,,,,,,,,,,,,,,,,,,,,,,,,,,
_250m_16_days_VI_Quality_2021353_aid0001,aid0001,2021-12-19 00:00:00+00:00,8.0,61.0,57.0,18.0,,29.0,,82315.0,1.0,314.0,,359.0,,4.0,2066.0,,256.0,,289.0,,1.0,3.0,,80.0,,19.0,8.0,,,,,,,,,224.0,,,,23.0,,235.0,,12.0,,16.0,,,1.0,,14.0,,,,,45.0,16.0,7.0,3.0,32.0,,,39.0,,,1.0,2.0,18.0,,,,,,,,,10.0,,,2.0,8.0,,,,,,,713.0,,6.0,,,,,,,,,,,,,,,,,,,118.0,9.0,64.0,6.0,,,,,,,,,,15.0,2.0,,,,,,,2.0,,,,,,,,,,,,,,,,,,,,,,,,,,,,,,,,,,,,,,,,,,,,,,,,,,,,,,,,,,,,,,,,,,,,,,,,,,,,,,,,
_250m_16_days_VI_Quality_2022001_aid0001,aid0001,2022-01-01 00:00:00+00:00,,56.0,53.0,1.0,,21.0,,59126.0,,3708.0,,4679.0,,2.0,14790.0,,91.0,,1864.0,,,151.0,1.0,145.0,,2.0,,,5.0,15.0,8.0,,,,,77.0,,23.0,,453.0,,166.0,,20.0,,138.0,4.0,,,,4.0,,30.0,,,25.0,10.0,6.0,,4.0,,16.0,14.0,,,,33.0,,,,,,,,,,12.0,,4.0,,11.0,,10.0,,,,,779.0,,,5.0,,,,,,,,,,,,,,,,,,438.0,4.0,361.0,,53.0,,5.0,,,,36.0,,,33.0,23.0,4.0,,,,5.0,,,,,,,,,,,,,,,,,,,,,,,,,,,,,,,,,,,,,,,,,,,,,,,,,,,,,,,,,,,,,,,,,,,,7.0,,,,,,,,,,,,,,
_250m_16_days_VI_Quality_2022017_aid0001,aid0001,2022-01-17 00:00:00+00:00,404.0,622.0,270.0,296.0,,,,60184.0,,,,,,2.0,14471.0,,1119.0,,,,1.0,287.0,18.0,1408.0,,,,4.0,447.0,123.0,25.0,12.0,,,,454.0,,,,,,937.0,,17.0,,,,1.0,370.0,10.0,9.0,34.0,,,1.0,164.0,3.0,,,,,,87.0,,,,57.0,1.0,,,58.0,4.0,,,,,9.0,,,,8.0,6.0,,,,,,828.0,,,,,,,,,,,,,,,,,25.0,,,,3459.0,29.0,562.0,4.0,,,,28.0,,134.0,102.0,,,260.0,15.0,,,,,18.0,4.0,19.0,15.0,,5.0,,,,5.0,,,4.0,,,,10.0,,,,,,,,,,4.0,,,,,,,,43.0,,,,,5.0,,,20.0,,,,,,,,,,,,,,,,,5.0,,,,,,,,,,,,,1.0,,,,4.0,,,,,,
_250m_16_days_VI_Quality_2022033_aid0001,aid0001,2022-02-02 00:00:00+00:00,218.0,47.0,652.0,25.0,,,,68149.0,,190.0,,,,,8714.0,,2151.0,,,,2.0,298.0,,1376.0,2.0,,,1.0,5.0,1.0,4.0,,,,,248.0,,15.0,,,,375.0,,21.0,,,,,8.0,,12.0,,,,1.0,29.0,3.0,,,,,,12.0,9.0,,,,12.0,,,5.0,,,,,,,,,,,5.0,,,,,,661.0,,,,,,,,,,,,,,,,,9.0,,,,2598.0,,1352.0,,,,1.0,,,80.0,105.0,,1.0,60.0,37.0,,1.0,,,5.0,,2.0,,,,,,,,,,,,,,,,,,,,,,,,,,,,,,,,24.0,,4.0,,,,,,,,,,,,,,,,,,,,,,,,,,,,,,,,,,,,,,,,,,,,,,
_250m_16_days_VI_Quality_2022049_aid0001,aid0001,2022-02-18 00:00:00+00:00,399.0,319.0,4.0,96.0,,,,76394.0,,461.0,,,,2.0,3621.0,,851.0,,,,,532.0,,158.0,24.0,,,,14.0,25.0,,10.0,,,,630.0,,66.0,,,,507.0,,62.0,,,,,27.0,,,,,,,166.0,149.0,,,,,,8.0,51.0,,,48.0,91.0,,,18.0,10.0,,,,,15.0,,,,5.0,,,,,,,705.0,,,,,,,,,,,,,,,,,,,,,1719.0,18.0,126.0,,,,5.0,,,52.0,,,,59.0,9.0,,,14.0,,4.0,,32.0,,1.0,,,,,,,,,,,,,,,,5.0,,2.0,,,,,,,,5.0,,,,4.0,,,,,,,,,,,,,,,,,,,,,,,,,,,,,,,,,,,,,,,,,5.0,,,,,,,
_250m_16_days_VI_Quality_2022065_aid0001,aid0001,2022-03-06 00:00:00+00:00,126.0,,196.0,,,,,82743.0,,115.0,,,,4.0,2452.0,,498.0,,,,,64.0,,172.0,,,,,,,6.0,,,,,35.0,,,,,,36.0,,10.0,,,,,,,,,,,,,,,,,,,,,,,,,,,4.0,,,,,,,,,,,,,,,,,814.0,,,,,,,,,,,,,,,,,9.0,,,,157.0,,67.0,,,,,19.0,,,,,,,4.0,,,,,,,,,,,,,,,,,,,,,,,,,,,,,,,,,,,,,,,,,,,,,,,,,,,,,,,,,,,,,,,,,,,,,,,,,,,,,,,,,,,,,,,
_250m_16_days_VI_Quality_2022081_aid0001,aid0001,2022-03-22 00:00:00+00:00,5.0,,33.0,,,,,84845.0,,10.0,,,,2.0,1791.0,,56.0,,,,,,,116.0,,,,,,,,,,,,,,,,,,,,,,,,,,,,,,,,,,,,,,,,,,,,,,,,,,,,,,,,,,,,,,,,649.0,,,,,,,,,,,,,,,,,20.0,,,,,,4.0,,,,,,,,,,,,,,,,,,,,,,,,,,,,,,,,,,,,,,,,,,,,,,,,,,,,,,,,,,,,,,,,,,,,,,,,,,,,,,,,,,,,,,,,,,,,,,,,,,,
_250m_16_days_VI_Quality_2022097_aid0001,aid0001,2022-04-07 00:00:00+00:00,,12.0,,13.0,,,,66450.0,,,,,,,20289.0,,41.0,,,,1.0,,,,,,,,,,4.0,,,,,,,,,,,46.0,,,,,,,4.0,,,,,,,,,,,,,,,,,,,,,,,,,,,,,,,,,,,,,,,661.0,,,,,,,,,,,,,,,,,10.0,,,,,,,,,,,,,,,,,,,,,,,,,,,,,,,,,,,,,,,,,,,,,,,,,,,,,,,,,,,,,,,,,,,,,,,,,,,,,,,,,,,,,,,,,,,,,,,,,,,,,,,,,
_250m_16_days_VI_Quality_2022113_aid0001,aid0001,2022-04-23 00:00:00+00:00,,19.0,,3.0,,,,59444.0,,,,,,,27376.0,,,,,,,,,,,,,,9.0,,,,,,,,,,,,,16.0,,,,,,,,,,,,,,,,,,,,,,,,,,,,,,,,,,,,,,,,,,,,,,664.0,,,,,,,,,,,,,,,,,,,,,,,,,,,,,,,,,,,,,,,,,,,,,,,,,,,,,,,,,,,,,,,,,,,,,,,,,,,,,,,,,,,,,,,,,,,,,,,,,,,,,,,,,,,,,,,,,,,,,,,,,,
_250m_16_days_VI_Quality_2022129_aid0001,aid0001,2022-05-09 00:00:00+00:00,,,,,,,,68519.0,,,,,,,18151.0,,2.0,,,,6.0,,,141.0,,,,,,,,,,,,,,,,,,,,,,,,,,,,,,,,,,,,,,,,,,,,,,,,,,,,,,,,,,,,,,,,671.0,,41.0,,,,,,,,,,,,,,,,,,,,,,,,,,,,,,,,,,,,,,,,,,,,,,,,,,,,,,,,,,,,,,,,,,,,,,,,,,,,,,,,,,,,,,,,,,,,,,,,,,,,,,,,,,,,,,,,,,,,,,,,
_250m_16_days_VI_Quality_2022145_aid0001,aid0001,2022-05-25 00:00:00+00:00,,27.0,,2.0,,,,17746.0,,1040.0,,,,,67339.0,,239.0,,,,,16.0,,,,,,,,,,,,,,27.0,,9.0,,,,302.0,,40.0,,,,,10.0,,4.0,,,,,,,,,,,,,,,,,,,,,,,,,,,,,,,,,,,,,684.0,,,,,,,,,,,,,,,,,42.0,,,,,,,,,,,,,,,,,,,,,,,,,,,,,,,,,,,,,,,,,,,,,,,,,,,,,,,,,,,,,,,,4.0,,,,,,,,,,,,,,,,,,,,,,,,,,,,,,,,,,,,,,,,,
_250m_16_days_VI_Quality_2022161_aid0001,aid0001,2022-06-10 00:00:00+00:00,,4.0,,20.0,,,1.0,43621.0,,30.0,,,,,42850.0,,49.0,,,,,32.0,,19.0,,,,,,,,,,,,4.0,,,,,,211.0,,4.0,,,,,,,,,,,,,,,,,,,,,,,,,,,,,,,,,,,,,,,,,,,,678.0,,,,,,,,,,,,,,,,,8.0,,,,,,,,,,,,,,,,,,,,,,,,,,,,,,,,,,,,,,,,,,,,,,,,,,,,,,,,,,,,,,,,,,,,,,,,,,,,,,,,,,,,,,,,,,,,,,,,,,,,,,,,,
_250m_16_days_VI_Quality_2022177_aid0001,aid0001,2022-06-26 00:00:00+00:00,8.0,4380.0,,4384.0,,,,22344.0,,368.0,,,,1.0,6142.0,159.0,1746.0,,,,13.0,500.0,308.0,12593.0,819.0,,,,,4.0,10.0,189.0,,,,4108.0,5.0,64.0,,,,2844.0,415.0,1993.0,15.0,,,,974.0,479.0,6806.0,807.0,,,,536.0,599.0,,,284.0,,,1799.0,140.0,,,848.0,788.0,,,,8.0,,221.0,,,1571.0,299.0,,,390.0,484.0,,,,,,,,1056.0,,,,5.0,128.0,,,,,,,,,,,,,,,,,,,,,,,,,,,,,,,,,,,,,,,,,,,,,637.0,,57.0,,384.0,,65.0,,31.0,18.0,112.0,,,,,,5.0,,487.0,22.0,,,579.0,232.0,162.0,82.0,,359.0,489.0,60.0,136.0,,,,42.0,,318.0,1.0,186.0,120.0,,,12.0,160.0,,747.0,41.0,192.0,161.0,,,,,,,,,,,,,,,,,,,,,,
_250m_16_days_VI_Quality_2022193_aid0001,aid0001,2022-07-12 00:00:00+00:00,,7253.0,52.0,9872.0,,,,833.0,,10888.0,,,,,1487.0,147.0,22996.0,,,,1.0,373.0,130.0,1036.0,,,,2.0,1.0,,328.0,3.0,,,,128.0,,2338.0,,,1.0,1818.0,458.0,7927.0,,,,,545.0,780.0,1158.0,23.0,,,,1470.0,2001.0,,,15.0,32.0,,1054.0,,,,94.0,415.0,,,6.0,31.0,,,,,1398.0,13.0,,,616.0,226.0,,,,,,388.0,,689.0,,,,4.0,,,,,,,,,,,,12.0,,,,,,,,,,,,,,,,,,,,,,,,,,,,,,,,224.0,,,,408.0,,67.0,18.0,849.0,,165.0,36.0,15.0,,,,,311.0,23.0,,,,494.0,,231.0,224.0,3400.0,,,476.0,431.0,75.0,16.0,,,,,,127.0,,43.0,,,,,,,492.0,,314.0,18.0,,,,32.0,,,,,,,,,,,,,,,,,,
_250m_16_days_VI_Quality_2022209_aid0001,aid0001,2022-07-28 00:00:00+00:00,,7466.0,115.0,8311.0,,,1.0,12101.0,,16077.0,,,,9.0,1446.0,108.0,7204.0,695.0,,,,,47.0,54.0,23.0,,,,,,106.0,310.0,,,,6498.0,,1484.0,,,,6528.0,150.0,3256.0,1457.0,,,,833.0,487.0,392.0,168.0,,,2.0,210.0,1318.0,,,,103.0,,129.0,1060.0,,,,,,,,114.0,,3.0,8.0,,227.0,671.0,,,34.0,71.0,,,,,,340.0,,542.0,,,,24.0,,,,,,,,,,,6.0,,,,,,,,,,,,,,,,,,,,,,,,,,,,,,,,,40.0,,56.0,,1293.0,,86.0,18.0,442.0,162.0,,75.0,,,,,9.0,153.0,153.0,,135.0,,468.0,,299.0,131.0,904.0,725.0,,32.0,436.0,79.0,284.0,,,,,123.0,65.0,242.0,,,,,13.0,,35.0,163.0,468.0,104.0,104.0,,5.0,5.0,30.0,,,6.0,,,,,,,,,,,,,,,
_250m_16_days_VI_Quality_2022225_aid0001,aid0001,2022-08-13 00:00:00+00:00,,1364.0,8.0,2873.0,,,1.0,9191.0,,37976.0,,,,4.0,2142.0,,16181.0,,,,,,,,,,,,,,57.0,5.0,,,,542.0,,7876.0,,,4.0,687.0,5.0,4908.0,,,,3.0,45.0,15.0,332.0,,,,,164.0,286.0,,,,,,,15.0,,,,,,,,36.0,,,,,17.0,,,,,,,,,,,533.0,,493.0,,,,,,,,,,,,,,,,20.0,,,,,,,,,,,,,,,,,,,,,,,,,,,,,,,,,,36.0,,209.0,,6.0,,383.0,,,,,,,,,,,,115.0,,82.0,,179.0,20.0,380.0,,,92.0,5.0,117.0,,,,,,,18.0,,,,,5.0,,4.0,,83.0,,14.0,,,,,,,,,,,,,,,,,,,,,,,
_250m_16_days_VI_Quality_2022241_aid0001,aid0001,2022-08-29 00:00:00+00:00,,4428.0,134.0,5726.0,,,6.0,3555.0,,4016.0,,,,,23851.0,,23723.0,,,,2.0,595.0,,1951.0,,,,1.0,59.0,11.0,123.0,1.0,,,,172.0,,464.0,,,,4038.0,,6757.0,,,,2.0,683.0,14.0,1467.0,26.0,,,8.0,1570.0,1879.0,,3.0,,,,,,,,,21.0,,,10.0,64.0,,,,,,,,,47.0,168.0,,,,,,679.0,,111.0,,,,,,,,9.0,,,,,,,,,,,,,,,,,,,,,,,,,,,,,,,,,,,,,,,,,,,,,,64.0,,92.0,,17.0,,,,,1.0,,,,,,,,,465.0,,208.0,,,135.0,6.0,149.0,,,,,,,,,,,,4.0,,,,,,2.0,14.0,,,,,,,,,,,,,,,,,,,,,,
_250m_16_days_VI_Quality_2022257_aid0001,aid0001,2022-09-14 00:00:00+00:00,,1355.0,346.0,821.0,,,2.0,69700.0,,2865.0,,,,,1008.0,,2592.0,,,,1.0,12.0,,32.0,,,,,,,47.0,,,,,4100.0,,720.0,,,1.0,800.0,,800.0,,,,4.0,85.0,19.0,27.0,10.0,,,,442.0,147.0,,1.0,,,,,,,,,,,,,8.0,,,,,,,,,23.0,5.0,,1.0,,,,734.0,,,,,,,,,,,,,,,,,,,,,,,,,,,,,,,,,,,,,,,,,,,,,,,,,,,,111.0,,70.0,,,,,,,,,,,,,,,,333.0,,72.0,,99.0,,122.0,,,8.0,8.0,,,,,,,,,,,,,,,,,,,,,,,,,,,,,,,,,,,,,,,,,,
_250m_16_days_VI_Quality_2022273_aid0001,aid0001,2022-09-30 00:00:00+00:00,,59.0,,17.0,,,,85035.0,,1150.0,,,,2.0,407.0,,,,,,6.0,,,,,,,,,,,,,,,79.0,,,,,,55.0,,,,,,,,,,,,,,24.0,3.0,,,,,,,,,,,,,,,,,,,,,,,,,6.0,,,,,,661.0,,,,,,,,,,,,,,,,,23.0,,,,,,,,,,,,,,,,,,,,,,,,,,,,,,,,,,,,,4.0,,,,,,,,,,,,,,,,,,,,,,,,,,,,,,,,,,,,,,,,,,,,,,,,,,,,,,,,,,,,,,,,,,,,
_250m_16_days_VI_Quality_2022289_aid0001,aid0001,2022-10-16 00:00:00+00:00,,,,,,,,81169.0,,,,,,1.0,5877.0,,,,,,,,,,,,,,,,,,,,,,,,,,,,,,,,,,,,,,,,,,,,,,,,,,,,,,,,,,,,,,,,,,,,,,,,,456.0,,,,,,,,,,,,,,,,,28.0,,,,,,,,,,,,,,,,,,,,,,,,,,,,,,,,,,,,,,,,,,,,,,,,,,,,,,,,,,,,,,,,,,,,,,,,,,,,,,,,,,,,,,,,,,,,,,,,,,,,,,,,,
_250m_16_days_VI_Quality_2022305_aid0001,aid0001,2022-11-01 00:00:00+00:00,,,,,,,,86639.0,,53.0,,,,2.0,86.0,,24.0,,,,,,,,,,,,,,,,,,,,,,,,,,,,,,,,,,,,,,,,,,,,,,,,,,,,,,,,,,,,,,,,,,,,,,,708.0,,,,,,,,,,,,,,,,,19.0,,,,,,,,,,,,,,,,,,,,,,,,,,,,,,,,,,,,,,,,,,,,,,,,,,,,,,,,,,,,,,,,,,,,,,,,,,,,,,,,,,,,,,,,,,,,,,,,,,,,,,,,,
_250m_16_days_VI_Quality_2022321_aid0001,aid0001,2022-11-17 00:00:00+00:00,,21.0,,7.0,,,,86216.0,,139.0,,,,3.0,355.0,20.0,51.0,,,,1.0,,,,,,,,,,,,,,,110.0,,,,,,15.0,,10.0,,,,,,,,,,,,,,,,,,,15.0,,,,,,,,2.0,,,,,,2.0,,,,,,,,,,,493.0,,,,,,,,,,,,,,,,,9.0,,,,62.0,,,,,,,,,,,,,,,,,,,,,,,,,,,,,,,,,,,,,,,,,,,,,,,,,,,,,,,,,,,,,,,,,,,,,,,,,,,,,,,,,,,,,,,,,,,,,,,,,,,,,
_250m_16_days_VI_Quality_2022337_aid0001,aid0001,2022-12-03 00:00:00+00:00,,11.0,,4.0,,,,86433.0,,62.0,,146.0,,7.0,179.0,,,,,,,,,,,,,,,,,,,,,35.0,,,,,,11.0,,6.0,,,,,,,,,,,,1.0,,,,10.0,,,,,,,,,,,,,,,,,,,,,,,,,,,,606.0,,6.0,,,,,,,,,,,,,,,14.0,,,,,,,,,,,,,,,,,,,,,,,,,,,,,,,,,,,,,,,,,,,,,,,,,,,,,,,,,,,,,,,,,,,,,,,,,,,,,,,,,,,,,,,,,,,,,,,,,,,,,,,,,
_250m_16_days_VI_Quality_2022353_aid0001,aid0001,2022-12-19 00:00:00+00:00,,,,,,,,73775.0,,10980.0,,128.0,,4.0,1834.0,,152.0,,10.0,,,,,8.0,,,,,,,,,,,,,,,,,,3.0,,2.0,,,,,,,,,,,,1.0,,,,,,,21.0,,6.0,,,,,,,,,,,,4.0,,,,,,,,,,,597.0,,,6.0,,,,,,,,,,,,,,,,,,,,,,,,,,,,,,,,,,,,,,,,,,,,,,,,,,,,,,,,,,,,,,,,,,,,,,,,,,,,,,,,,,,,,,,,,,,,,,,,,,,,,,,,,,,,,,,,,,,,,,,
_250m_16_days_VI_Quality_2023001_aid0001,aid0001,2023-01-01 00:00:00+00:00,,8.0,111.0,12.0,,4.0,1.0,80445.0,,3093.0,,1041.0,,4.0,790.0,9.0,182.0,,189.0,,,15.0,,13.0,,,,,,1.0,,,,,,36.0,,46.0,,49.0,,34.0,4.0,26.0,,41.0,,,,,,,,,,2.0,4.0,,,,,4.0,,,,,,,,,,,,,,,,,,,,,,,,,,681.0,,,12.0,,,,,,,,,,,,,,4.0,,,,237.0,,411.0,,,,,,,,,,,17.0,5.0,,,,,,,,,,,,,,,,,,,,,,,,,,,,,,,,,,,,,,,,,,,,,,,,,,,,,,,,,,,,,,,,,,,,,,,,,,,,,,,,,,,,,,,
_250m_16_days_VI_Quality_2023017_aid0001,aid0001,2023-01-17 00:00:00+00:00,235.0,290.0,95.0,40.0,,12.0,,79223.0,,25.0,,175.0,,4.0,2151.0,,5.0,,171.0,5.0,8.0,189.0,25.0,383.0,,13.0,,5.0,60.0,8.0,1.0,1.0,,,,990.0,,,,16.0,,515.0,,4.0,,30.0,,1.0,17.0,6.0,,2.0,,,,79.0,5.0,29.0,,,,,17.0,,192.0,,26.0,,,,53.0,,,,,,3.0,,1.0,,9.0,,,,,,,663.0,,,,,,,,,,,,,,,,,20.0,,,,1188.0,22.0,238.0,,25.0,,4.0,6.0,,32.0,45.0,,,127.0,13.0,,,,,5.0,,,,,,,,,,,,,,,,4.0,,,,,11.0,,,,,2.0,,,,,,,,,,,,,,,,,,,,,,,,,,,,,,,,,,,,,,,,,,,,,,3.0,,,,,,,,,,
_250m_16_days_VI_Quality_2023033_aid0001,aid0001,2023-02-02 00:00:00+00:00,38.0,38.0,116.0,47.0,,,,83524.0,,681.0,,,,,804.0,,202.0,,,,,,,378.0,,,,,21.0,,,20.0,,,,229.0,,32.0,,,,128.0,,12.0,,,,,12.0,,11.0,,,,,28.0,42.0,,,,,,11.0,,,,,48.0,,,25.0,,,,,,13.0,,,,1.0,6.0,,,,,,509.0,,,,,,,,,,,,,,,,,6.0,6.0,,,426.0,24.0,4.0,4.0,,,,,,12.0,,,,62.0,8.0,,,,,,,,,,,,,,,,,,,,,,,,,,,,,,,,,,,,,,,,,,,,,,,,,,,,,,,,,,,,,,,,,,,,,,,,,,,,,,,,,,,,,,,
_250m_16_days_VI_Quality_2023049_aid0001,aid0001,2023-02-18 00:00:00+00:00,46.0,125.0,,68.0,,,,84563.0,,194.0,,,,6.0,921.0,,187.0,,,,,4.0,,,,,,,23.0,12.0,12.0,,,,,205.0,,,,,,132.0,,24.0,,,,,11.0,,,,,,,17.0,40.0,,,,,,,,,,,,,,5.0,,,,,,4.0,,,,6.0,,,,,,,688.0,,,,,,,,,,,,,,,,,,,,,100.0,3.0,88.0,,,,,,,,,,,23.0,18.0,,,,,,,,,,,,,,,,,,,,,,,,,,1.0,,,,,,,5.0,,,,,,,,,,,,,,,,,,,,,,,,,,,,,,,,,,,,,,,,,,,,,,,,,,,,,,
_250m_16_days_VI_Quality_2023065_aid0001,aid0001,2023-03-06 00:00:00+00:00,16.0,266.0,13.0,115.0,,,,26180.0,,1790.0,,,,,40912.0,,15294.0,,,,,17.0,,575.0,,,,1.0,14.0,13.0,17.0,,,,,447.0,,11.0,11.0,,,323.0,,138.0,,,,,8.0,,31.0,,,,,96.0,39.0,,,,,,4.0,,,,,,,,20.0,9.0,,,,,8.0,,,,5.0,,,,,,,448.0,,438.0,,,,,,,,,,,,,,,5.0,,,,,,13.0,,,,,,,,,,,5.0,3.0,,,,,,,,5.0,,,,,,,,,,,28.0,,,,36.0,,,,,,,,,,,,,,14.0,,35.0,,100.0,,,5.0,,2.0,,,,,,,,,12.0,,,,,,,,,9.0,,,,,,,,,,,,,,,,,,,,,,,
_250m_16_days_VI_Quality_2023081_aid0001,aid0001,2023-03-22 00:00:00+00:00,,143.0,51.0,185.0,,,,77450.0,,2801.0,,,,1.0,1650.0,,2391.0,,,,,63.0,32.0,35.0,,,,,13.0,42.0,78.0,,,,,89.0,,132.0,,,,180.0,6.0,411.0,,,,,71.0,42.0,47.0,,,,,116.0,28.0,,,,,,51.0,,,,94.0,,,,13.0,4.0,,,,,9.0,,,,60.0,,,,,,,763.0,,4.0,,,,,,,,,,,,,,,,,,,48.0,,249.0,,,,,,,,4.0,,,28.0,79.0,,,,,,,4.0,,,3.0,,,,,,,,,,,,,,,,,,,,,,,,,10.0,,,,5.0,,,,,,,,,,4.0,,,,,,,,,,,,,,,42.0,,,,,,,,,,,,,,,,,,,,,,,
_250m_16_days_VI_Quality_2023097_aid0001,aid0001,2023-04-07 00:00:00+00:00,36.0,95.0,,137.0,,,,77904.0,,291.0,,,,,6341.0,,754.0,,,,,,46.0,195.0,,,,,12.0,,116.0,4.0,,,,274.0,,49.0,,,,222.0,,79.0,,,,,3.0,10.0,84.0,,,,,21.0,,,,,,,118.0,,,,2.0,,,,,38.0,,,,,,,,,6.0,,,,,,,610.0,,,,,,,,,,,,,,,,,25.0,,,,21.0,,18.0,,,,,,,,,,,15.0,4.0,,,,,,,,,,,,,,,,,,,,,,,,,,,,,,,,,,,,,,,,,,,,,,,,,,,,,,,,,,,,,,,,1.0,,,,,,,,,,,,,,,,,,,,,,,
_250m_16_days_VI_Quality_2023113_aid0001,aid0001,2023-04-23 00:00:00+00:00,,456.0,,430.0,,,,71021.0,,2916.0,,,,,3899.0,,2931.0,,,,,88.0,32.0,556.0,,,,,,22.0,12.0,28.0,,,,1416.0,,,,,,613.0,,386.0,,,,,224.0,24.0,325.0,5.0,,,,207.0,103.0,,,,,,55.0,,,,197.0,,,,12.0,26.0,,19.0,,,49.0,,,,98.0,14.0,,,,,,530.0,,,,,,,,,,,,,,,,,18.0,,,,6.0,,58.0,,,,,,,,,,,8.0,12.0,,,,,,,12.0,,,18.0,,,,,,,69.0,,,,,,,,,,63.0,,,,2.0,,,,80.0,,,,67.0,,,,,129.0,,56.0,73.0,,,,,,25.0,,33.0,,,,,,,15.0,,33.0,60.0,,,,,,,,,,,,,,,,,,,,,,
_250m_16_days_VI_Quality_2023129_aid0001,aid0001,2023-05-09 00:00:00+00:00,,,,15.0,,,,86644.0,,4.0,,,,8.0,205.0,,49.0,,,,,,,,,,,,3.0,,,,,,,36.0,,,,,,35.0,,,,,,,,,,,,,,,,,,,,,,,,,,,,,,,,,,,,,,,,,,,,,,523.0,,,,,,,,,,,,,,,,,,,,,9.0,,,,,,,,,,,,,,,,,,,,,,,,,,,,,,,,,,,,,,,,,,,,,,,,,,,,,,,,,,,,,,,,,,,,,,,,,,,,,,,,,,,,,,,,,,,,,,,,,,,,,
_250m_16_days_VI_Quality_2023145_aid0001,aid0001,2023-05-25 00:00:00+00:00,,298.0,,106.0,,,,83342.0,,,,,,15.0,1013.0,,5.0,,,,5.0,,,,,,,,1.0,4.0,,,,,,1146.0,,,,,,399.0,,,,,,,17.0,4.0,4.0,,,,,116.0,6.0,,,,,,,,,,2.0,,,,17.0,,,,,,,,,,34.0,,,,,,,711.0,,,,,,,,,,,,,,,,,19.0,,,,,,,,,,,,,,,,,8.0,,,,,,,,,,,,,,,,,,35.0,,,,,,,,,,6.0,,,,,,,,86.0,,,,59.0,,,,,10.0,,,,,,,,,,,,,,10.0,,,,,,42.0,11.0,,,,,,,,,,,,,,,,,,,,,,
_250m_16_days_VI_Quality_2023161_aid0001,aid0001,2023-06-10 00:00:00+00:00,,439.0,,246.0,,,,68997.0,,3413.0,,,,3.0,11828.0,28.0,682.0,,,,4.0,8.0,11.0,60.0,,,,,,,14.0,2.0,,,,264.0,,213.0,,,,228.0,82.0,69.0,,,,,9.0,108.0,16.0,,,,1.0,17.0,3.0,,,,,,10.0,,,,,,,,,,,,,,33.0,,,,,,,,,,,652.0,,,,,,,,,,,,,,,,,6.0,,,,,,,,,,,,,,,,,,,,,,,,,,,,,,,,,,,,,,,10.0,,,,32.0,27.0,,,,,,,,,,,,,8.0,,,,,,8.0,,,,,,,,,,,,,,,,,,,,,,,,,,,,,,,,,,,,,,,,,,
_250m_16_days_VI_Quality_2023177_aid0001,aid0001,2023-06-26 00:00:00+00:00,,21394.0,,7685.0,,,3.0,4770.0,,,,,,,12252.0,,131.0,,,,,1698.0,110.0,715.0,3.0,,,,19.0,,45.0,2.0,,,,2071.0,,,,,,13737.0,63.0,229.0,,,,4.0,6538.0,1432.0,2214.0,1423.0,,,5.0,2461.0,1441.0,,,72.0,,,302.0,6.0,,,62.0,79.0,,,,14.0,,28.0,,,1114.0,,,,907.0,534.0,,,75.0,12.0,,393.0,,,,,,243.0,19.0,,13.0,14.0,,,,,,,23.0,,,,,,,,,,,,,,,,,,4.0,,,,,,,,,,,,,,,,,22.0,,,,177.0,,,,75.0,1.0,14.0,,,,,11.0,,,,,,,1192.0,4.0,,,,578.0,510.0,169.0,105.0,,,,,,,,,,,,12.0,,,41.0,,163.0,98.0,,,,,,,,,,,,,,,,,,,,,,
_250m_16_days_VI_Quality_2023193_aid0001,aid0001,2023-07-12 00:00:00+00:00,,13053.0,260.0,4369.0,,,1.0,26205.0,,633.0,,,,,8871.0,96.0,1006.0,,,,2.0,21.0,57.0,190.0,,,,4.0,,4.0,531.0,55.0,,,,4288.0,,763.0,,,,11770.0,92.0,2782.0,,,,6.0,1131.0,404.0,341.0,92.0,,,,2297.0,1994.0,,,45.0,,,759.0,,,,,,,,,178.0,,6.0,,,626.0,,,,378.0,116.0,,,4.0,10.0,,588.0,,38.0,,,,84.0,,,,5.0,,,,,,,,,,,,,,,,,,,,,,,,,,,,,,,,,,,,,,,,56.0,,241.0,,,,233.0,,18.0,,,2.0,6.0,,,,,104.0,37.0,,345.0,,,,1343.0,10.0,63.0,,,214.0,157.0,218.0,9.0,,,,,,10.0,,3.0,,,,29.0,,,183.0,,12.0,83.0,,,,,,,,,,,,,,,,,,,,,,
_250m_16_days_VI_Quality_2023209_aid0001,aid0001,2023-07-28 00:00:00+00:00,,15507.0,107.0,12535.0,,,13.0,,,,,,,,8559.0,,4444.0,,,,1.0,2126.0,4.0,2204.0,,,,,64.0,9.0,335.0,80.0,,,,,,,,,,8604.0,,4775.0,,,,5.0,4365.0,539.0,3534.0,794.0,,,9.0,4612.0,5012.0,,3.0,,,,,9.0,,,,71.0,,,66.0,262.0,,,,,,28.0,,,495.0,598.0,,2.0,62.0,78.0,,188.0,,,,,,142.0,,,4.0,9.0,,,,,,,12.0,,,,,,,,,,,,,,,,,,28.0,,,,,,,,5.0,,,,,,,41.0,,,,,,500.0,,,,35.0,,173.0,,,19.0,12.0,164.0,65.0,3.0,,,,,2657.0,,42.0,,3.0,1006.0,353.0,1134.0,261.0,4.0,,,,,,,,14.0,,,77.0,,,,,418.0,183.0,,,38.0,,28.0,,,,,,,,,2.0,,,,,,,,
_250m_16_days_VI_Quality_2023225_aid0001,aid0001,2023-08-13 00:00:00+00:00,28.0,15628.0,239.0,8819.0,,,4.0,6638.0,,,,,,1.0,7934.0,,2593.0,,,,2.0,954.0,247.0,4120.0,,,,,33.0,20.0,794.0,16.0,,,,497.0,,,,,,8369.0,,1374.0,,,,3.0,4993.0,2264.0,6552.0,149.0,,,11.0,2558.0,5092.0,,,,,,153.0,,,,305.0,13.0,,,80.0,174.0,,,,,191.0,,,,807.0,571.0,,1.0,39.0,30.0,,65.0,,,,,,13.0,43.0,,,5.0,,,,,,,,,,,,,,,,,,,,,,,,,,,,,,,,,,,,,,10.0,,23.0,,87.0,,,,315.0,,,,52.0,54.0,36.0,,,19.0,1.0,28.0,7.0,,36.0,,,,1190.0,,,,,461.0,1308.0,397.0,29.0,,,,,,55.0,,80.0,,,1.0,7.0,,,203.0,,646.0,64.0,,,,,,,,,,,,,,,,,,,,,,
_250m_16_days_VI_Quality_2023241_aid0001,aid0001,2023-08-29 00:00:00+00:00,,,,,,,,81142.0,,5411.0,,,,,151.0,,47.0,,,,5.0,,,,,,,,,,,,,,,,,,,,,,,,,,,,,,,,,,,,,,,,,,,,,,,,,,,,,,,,,,,,,,,,,,,716.0,,36.0,,,2.0,,,,,,,,,,,,21.0,,,,,,,,,,,,,,,,,,,,,,,,,,,,,,,,,,,,,,,,,,,,,,,,,,,,,,,,,,,,,,,,,,,,,,,,,,,,,,,,,,,,,,,,,,,,,,,,,,,,,,,,,
_250m_16_days_VI_Quality_2023257_aid0001,aid0001,2023-09-14 00:00:00+00:00,,1.0,,1.0,,,,81729.0,,1717.0,,,,,2998.0,8.0,46.0,,,,1.0,,,,,,,,4.0,,,,,,,57.0,,,,,,42.0,,,,,,,1.0,2.0,4.0,,,,,,,,,,,,,,,,,,,,,,,,,,,,,,,,,,,,,877.0,,,,,,,,,,,,,,,,,43.0,,,,,,,,,,,,,,,,,,,,,,,,,,,,,,,,,,,,,,,,,,,,,,,,,,,,,,,,,,,,,,,,,,,,,,,,,,,,,,,,,,,,,,,,,,,,,,,,,,,,,,,,,
_250m_16_days_VI_Quality_2023273_aid0001,aid0001,2023-09-30 00:00:00+00:00,,,,,,,,86739.0,,,,,,,61.0,,,,,,,,,,,,,,,,,,,,,,,,,,,,,,,,,,,,,,,,,,,,,,,,,,,,,,,,,,,,,,,,,,,,,,,,,730.0,,,,,1.0,,,,,,,,,,,,,,,,,,,,,,,,,,,,,,,,,,,,,,,,,,,,,,,,,,,,,,,,,,,,,,,,,,,,,,,,,,,,,,,,,,,,,,,,,,,,,,,,,,,,,,,,,,,,,,,,,,,,,
_250m_16_days_VI_Quality_2023289_aid0001,aid0001,2023-10-16 00:00:00+00:00,,3.0,,10.0,,,,86567.0,,76.0,,,,,187.0,,111.0,,,,,,,,,,,,,,,,,,,66.0,,,,,,,,,,,,,,,,,,,,,,,,,,,14.0,,,,,,,,,,,,,,,,,,,,,,,,,493.0,,,,,,,,,,,,,,,,,,,,,4.0,,,,,,,,,,,,,,,,,,,,,,,,,,,,,,,,,,,,,,,,,,,,,,,,,,,,,,,,,,,,,,,,,,,,,,,,,,,,,,,,,,,,,,,,,,,,,,,,,,,,,
_250m_16_days_VI_Quality_2023305_aid0001,aid0001,2023-11-01 00:00:00+00:00,,,,,,,,83294.0,,182.0,,,,,3402.0,,18.0,,,,,,,5.0,,,,,,,,,,,,,,,,,,,,,,,,,,,,,,,,,,,,,,,3.0,,,,,,,,,,,,,,,,,,,,,,,,,612.0,,,,,,,,,,,,,,,,,15.0,,,,,,,,,,,,,,,,,,,,,,,,,,,,,,,,,,,,,,,,,,,,,,,,,,,,,,,,,,,,,,,,,,,,,,,,,,,,,,,,,,,,,,,,,,,,,,,,,,,,,,,,,
_250m_16_days_VI_Quality_2023321_aid0001,aid0001,2023-11-17 00:00:00+00:00,,,,,,,,78286.0,,25.0,,622.0,,,7924.0,,,,1.0,,,,,18.0,,,,,,,,,,,,,,,,,,,,,,,,,,,,,,,,,,,,,,,,,,,,,,,,,,,,,,,,,,,,,,,,630.0,,,,,,,,,,,,,,,,,25.0,,,,,,,,,,,,,,,,,,,,,,,,,,,,,,,,,,,,,,,,,,,,,,,,,,,,,,,,,,,,,,,,,,,,,,,,,,,,,,,,,,,,,,,,,,,,,,,,,,,,,,,,,
_250m_16_days_VI_Quality_2023337_aid0001,aid0001,2023-12-03 00:00:00+00:00,,6.0,6.0,4.0,,1.0,,73904.0,,10379.0,,423.0,,1.0,1695.0,,508.0,,19.0,,1.0,,,29.0,,,,,,,,,,,,8.0,,,,,,4.0,,4.0,,,,,,,,,,,,,,,,,,,2.0,,,,,,,,,,,,,,,,,,,,,,,,,397.0,,131.0,9.0,,,,,,,,,,,,,,,,,,,,,,,,,,,,,,,,,,,,,,,,,,,,,,,,,,,,,,,,,,,,,,,,,,,,,,,,,,,,,,,,,,,,,,,,,,,,,,,,,,,,,,,,,,,,,,,,,,,,,,,
_250m_16_days_VI_Quality_2023353_aid0001,aid0001,2023-12-19 00:00:00+00:00,,,,8.0,,,,4828.0,,45708.0,,3304.0,,,15712.0,,14982.0,,1646.0,,1.0,31.0,,32.0,1.0,13.0,61.0,,,,,,,,,,,,,,,,,8.0,,,,,,,,,,,,,,,,,59.0,88.0,6.0,52.0,99.0,,,,32.0,,,,,,,,,,,,,,,,,,,246.0,,592.0,4.0,,,,,,,,,,,,,,14.0,,,,,,,,,,,,,,,,,,,,,,,,,,,,,,,,,,,,,,,,,,,,,,,,,,,,,,,4.0,,,,,,,,,,,,,,,,,,,,,,,,,,,,,,,,,,,,,,,,,,,,,,,,,,
_250m_16_days_VI_Quality_2024001_aid0001,aid0001,2024-01-01 00:00:00+00:00,,2.0,,,,,,4635.0,,33500.0,,56.0,,,1246.0,,42675.0,,143.0,,,1303.0,22.0,2593.0,,,,,,,,,,,,,,,,,,,,,,,,,,,,,,,,,,,,,,,,168.0,,,192.0,70.0,2.0,,,,,,,,,,,,,,,,,,,203.0,,695.0,,,,,,,,,,6.0,,,,,,20.0,,,,,,,,,,,,,,,,,,,,,,,,,,,,,,,,,,,,,,,,,,,,,,,,,,,,,,,,,,,,,,,,,,,,,,,,,,,,,,,,,,,,,,,,,,,,,,,,,,,,,,,,
_250m_16_days_VI_Quality_2024017_aid0001,aid0001,2024-01-17 00:00:00+00:00,,,,,,,,61175.0,,7454.0,,8.0,,,13663.0,26.0,3113.0,,306.0,,,300.0,,59.0,,4.0,,,,,,,,,,,,8.0,,,,15.0,,,,,,,,,,,,,,,,,,230.0,50.0,8.0,109.0,75.0,17.0,,22.0,26.0,,,,,,,,,,,,,,,,,,,,554.0,,272.0,,,,,,,,,28.0,9.0,,,,,,,,,,,,,,,,,,,,,,,,,,,,,,,,,,,,,,,,,,,,,,,,,,,,,,,,,,,,,,,,,,,,,,,,,,,,,,,,,,,,,,,,,,,,,,,,,,,,,,,,,,,,,,
_250m_16_days_VI_Quality_2024033_aid0001,aid0001,2024-02-02 00:00:00+00:00,283.0,8.0,293.0,20.0,,,,61466.0,,2800.0,,,,1.0,15770.0,7.0,2111.0,,,,2.0,145.0,,537.0,38.0,,,,,,5.0,5.0,,,,95.0,,13.0,,,,182.0,,54.0,,,,2.0,4.0,,10.0,,,,,4.0,10.0,,,,4.0,,5.0,148.0,,,,28.0,,,5.0,,,,,,,,,,,,,,,,,748.0,,,,,,,,,,,,,,,,,19.0,,,,1416.0,10.0,922.0,1.0,,,2.0,42.0,36.0,25.0,114.0,,,65.0,24.0,,,5.0,,,14.0,,,,,,,,,,,10.0,,,,,,,,,,,,,,,,,,9.0,,,,14.0,,,,,,,,,,,,,,,,,,,,,,,,,,,,,,,,,,,,,,,,,,,,,,,,
_250m_16_days_VI_Quality_2024049_aid0001,aid0001,2024-02-18 00:00:00+00:00,102.0,75.0,,1.0,,,,81953.0,,172.0,,,,1.0,1284.0,,281.0,,,,,18.0,,3.0,,,,,89.0,,,,,,,623.0,,61.0,,,,115.0,,33.0,,,,,28.0,,,,,,,35.0,15.0,,,,,,1.0,10.0,,,,,,,,,,,,,14.0,,,,,,,,,,,638.0,,,,,,,,,,,,,,,,,19.0,,,,1733.0,,4.0,,,,3.0,,,129.0,,,,73.0,,,,,,10.0,,,,,,,,,,,,,,,,,,,,,,,,,,,,,,,,,,,,,,,,,,,,,,,,,,,,,,,,,1.0,,,,,,,,,,,,,,,,,,,,,,,,,
_250m_16_days_VI_Quality_2024065_aid0001,aid0001,2024-03-05 00:00:00+00:00,25.0,21.0,165.0,,,,,77923.0,,1063.0,,,,1.0,5849.0,,257.0,,,,,20.0,,167.0,,,,,4.0,9.0,,,,,,166.0,,61.0,,,,83.0,,11.0,,,,,,,,,,,,,5.0,,,,,,9.0,,,,,,,,,4.0,,,,,5.0,,,,,,,,,,,780.0,,5.0,,,,,,,,,,,,,,,,,,,361.0,,460.0,5.0,,,1.0,,36.0,,,,,9.0,26.0,,,,,,,,,,,,,,,,,,,,,,,,,,,,,,,,,,,,,,,,,,,,,,,,,,,,,,,,,,,,,,,,,,,,,,,,,,,,,,,,,,,,,,,
_250m_16_days_VI_Quality_2024081_aid0001,aid0001,2024-03-21 00:00:00+00:00,38.0,137.0,,18.0,,,,85040.0,,,,,,7.0,654.0,,1.0,,,,2.0,46.0,,37.0,,,,,44.0,,13.0,3.0,,,,396.0,,,,,,154.0,,,,,,,,,9.0,,,,,9.0,14.0,,,,,,,,,,2.0,33.0,,,5.0,,,,,,,,,,,,,,,,,435.0,,,,,,,,,,,,,,,,,32.0,,2.0,,253.0,,,4.0,,,,,,,,,,101.0,5.0,,,,,1.0,,,,,,,,,,,,,,,,9.0,,,,,,,,,,,,,,13.0,,,,8.0,,6.0,,,,,,,,,,,,,,,,,,,,,,,,,,,,,,,,,,,,,,,,,,,,,,
_250m_16_days_VI_Quality_2024097_aid0001,aid0001,2024-04-06 00:00:00+00:00,40.0,,128.0,,,,,84536.0,,210.0,,,,,1658.0,,228.0,,,,,10.0,,19.0,,,,,,,,,,,,,,,,,,,,,,,,,,,,,,,,,,,,,,,,,,,,,,,,,,,,,,,,,,,,,,,,547.0,,,,,,,,,,,,,,,,,12.0,,,,9.0,,131.0,,,,,,,,,,,,,,,,,,,3.0,,,,,,,,,,,,,,,,,,,,,,,,,,,,,,,,,,,,,,,,,,,,,,,,,,,,,,,,,,,,,,,,,,,,,,,,,,,,,,,,
_250m_16_days_VI_Quality_2024113_aid0001,aid0001,2024-04-22 00:00:00+00:00,4.0,135.0,,24.0,,,,71167.0,,543.0,,,,,14028.0,34.0,61.0,,,,,1.0,,,,,,,25.0,3.0,,,,,,174.0,,,,,,218.0,,,,,,,,,,,,,,22.0,,,,,,,224.0,,,,,,,,,4.0,,,,,14.0,,,,,,,,,,,819.0,,,,,,,,,,,,,,,,,19.0,,,,,,12.0,,,,,,,,,,,,,,,,,,,,,,,,,,,,,,,,,,,,,,,,,,,,,,,,,,,,,,,,,,,,,,,,,,,,,,,,,,,,,,,,,,,,,,,,,,,,,,,,,,,
_250m_16_days_VI_Quality_2024129_aid0001,aid0001,2024-05-08 00:00:00+00:00,14.0,14.0,,,,,,70476.0,,6.0,,,,1.0,16398.0,,46.0,,,,1.0,,,,,,,,,,8.0,,,,,14.0,,,,,,19.0,,4.0,,,,,6.0,,,,,,,,,,,,,,,,,,,,,,,,,,,,,,,,,,,,,,,492.0,,,,,,,,,,,,,,,,,20.0,,,,8.0,,,,,,,,,,,,,4.0,,,,,,,,,,,,,,,,,,,,,,,,,,,,,,,,,,,,,,,,,,,,,,,,,,,,,,,,,,,,,,,,,,,,,,,,,,,,,,,,,,,,,,,,
_250m_16_days_VI_Quality_2024145_aid0001,aid0001,2024-05-24 00:00:00+00:00,,14.0,,24.0,,,,85921.0,,50.0,,,,2.0,580.0,,101.0,,,,4.0,6.0,,17.0,,,,3.0,,,,,,,,39.0,,,,,,52.0,,8.0,,,,,5.0,,6.0,,,,,1.0,,,,,,,,,,,,,,,,,,,,,,,,,,,,,,,,695.0,,,,,3.0,,,,,,,,,,,,,,,,,,,,,,,,,,,,,,,,,,,,,,,,,,,,,,,,,,,,,,,,,,,,,,,,,,,,,,,,,,,,,,,,,,,,,,,,,,,,,,,,,,,,,,,,,,,,,,,,,,,,,
_250m_16_days_VI_Quality_2024161_aid0001,aid0001,2024-06-09 00:00:00+00:00,,,,,,,,52029.0,,,,,,,34495.0,,156.0,,,,,,,163.0,,,,,,,,,,,,,,,,,,2.0,,,,,,,1.0,,,,,,,,,,,,,,,,,,,,,,,,,,,,,,,,,,,,,,,647.0,,,,,,,,,,,,,,,,,38.0,,,,,,,,,,,,,,,,,,,,,,,,,,,,,,,,,,,,,,,,,,,,,,,,,,,,,,,,,,,,,,,,,,,,,,,,,,,,,,,,,,,,,,,,,,,,,,,,,,,,,,,,,
_250m_16_days_VI_Quality_2024177_aid0001,aid0001,2024-06-25 00:00:00+00:00,37.0,8323.0,30.0,151.0,,,2.0,21168.0,,,,,,,31479.0,23.0,493.0,,,,2.0,9300.0,48.0,1847.0,,,,,40.0,17.0,17.0,,,,,3521.0,,,,,,4291.0,8.0,20.0,,,,1.0,2645.0,308.0,49.0,,,,4.0,548.0,100.0,,,,,,9.0,,,,,,,,4.0,4.0,,,,,7.0,,,,66.0,,,,,,,765.0,,,,,,,,,,,,,,,,,24.0,,,,,,,,,,,,,,,,,,,,,,,,,,,,,,,,,34.0,,369.0,,,,4.0,,,,,,,,,1.0,,15.0,,,566.0,,,,854.0,,,,,247.0,,27.0,8.0,,,,,,,,,,,,,,,15.0,,40.0,,,,,,,,,,,,,,,,,,,,,,,
_250m_16_days_VI_Quality_2024193_aid0001,aid0001,2024-07-11 00:00:00+00:00,72.0,5229.0,84.0,2943.0,,,8.0,23136.0,,,,,,,29932.0,30.0,113.0,,,,,3196.0,120.0,1351.0,,,,,67.0,,18.0,4.0,,,,2248.0,,,,,,8017.0,54.0,399.0,,,,2.0,3244.0,406.0,892.0,457.0,,,6.0,585.0,999.0,,,,,,127.0,,,,89.0,58.0,,,7.0,26.0,,,,,41.0,,,,159.0,446.0,,,,,,788.0,,,,,,,,,,,,,,,,,4.0,,,,,,,,,,,,,,,,,,,,,,,,,,,,,,,,,81.0,,66.0,,,,131.0,,,,150.0,,20.0,,,,9.0,26.0,,,175.0,,,,522.0,,,,,561.0,92.0,67.0,23.0,,,,,,16.0,,49.0,17.0,1.0,,,,,23.0,,126.0,19.0,,,,,,,,,,,,,,,,,,,,,,
_250m_16_days_VI_Quality_2024209_aid0001,aid0001,2024-07-27 00:00:00+00:00,,11235.0,207.0,19867.0,,,6.0,58.0,,1798.0,,,,,2596.0,,2644.0,,,,,1771.0,86.0,192.0,14.0,,,,23.0,17.0,60.0,109.0,,,4.0,26.0,,2591.0,,,,6980.0,,10380.0,179.0,,,2.0,5304.0,1089.0,2508.0,689.0,,,7.0,3281.0,3440.0,,2.0,,,,10.0,94.0,,,149.0,181.0,,,10.0,57.0,,,,,74.0,892.0,,,1433.0,1227.0,,1.0,26.0,359.0,,50.0,,225.0,,,,73.0,68.0,,,,,,,,,,,,,20.0,,,,,,,,,,,,,,,,,,,,,,,,,,,,,,65.0,,,,,,66.0,,58.0,,67.0,10.0,75.0,46.0,,,1.0,122.0,66.0,,,,,,360.0,,113.0,,,778.0,635.0,766.0,405.0,,,,,,8.0,,20.0,89.0,,,125.0,,,22.0,6.0,1102.0,310.0,,,,76.0,,26.0,,,,,,,,,,,,,,,,
_250m_16_days_VI_Quality_2024225_aid0001,aid0001,2024-08-12 00:00:00+00:00,55.0,7813.0,38.0,2099.0,,,6.0,33585.0,,889.0,,,,2.0,9550.0,,6405.0,14.0,,,1.0,180.0,,281.0,,,,,30.0,,41.0,10.0,,,,6908.0,,30.0,,,3.0,9340.0,9.0,2801.0,,,,1.0,642.0,44.0,479.0,75.0,,,2.0,1147.0,570.0,,,,33.0,,31.0,75.0,,,23.0,,,,12.0,27.0,,12.0,,,34.0,22.0,,,33.0,74.0,,,,6.0,,774.0,,,,,,,12.0,,,,,,,,,,24.0,,,,,,,,,,,,,,,,,,,,,,,,,,,,,,,49.0,,,,153.0,,,,352.0,,,,,,,,,19.0,,8.0,9.0,,564.0,,,,1504.0,4.0,214.0,,,289.0,31.0,5.0,21.0,,,,,,,,,,,31.0,,,,,5.0,20.0,11.0,,,,,,,,,,,,,,,,,,,,,,
_250m_16_days_VI_Quality_2024241_aid0001,aid0001,2024-08-28 00:00:00+00:00,1.0,1353.0,139.0,1082.0,,,,27258.0,16.0,44537.0,,,,,4234.0,469.0,987.0,,,,2.0,598.0,2.0,9.0,,,,,17.0,,83.0,,,,,37.0,,1369.0,,,1.0,611.0,16.0,247.0,,,,,180.0,70.0,117.0,,,,,300.0,35.0,,,265.0,,,335.0,,,,143.0,,,,7.0,,,,,,70.0,,,,23.0,5.0,,,,,,634.0,,,,,,,,,,,,,,,,,6.0,,,,,,,,,,,,,,,,,,,,,,,,,,,,,,,,,,,25.0,,682.0,,67.0,,33.0,,11.0,2.0,3.0,,,,,,,,40.0,,601.0,,375.0,10.0,108.0,,,97.0,51.0,64.0,,,,,,,4.0,,21.0,,,,,,,51.0,,28.0,,,,,,,,,,,,,,,,,,,,,,,
_250m_16_days_VI_Quality_2024257_aid0001,aid0001,2024-09-13 00:00:00+00:00,,7.0,,4.0,,,,81484.0,,360.0,,,,4.0,3689.0,,721.0,,,,,,,26.0,,,,,,,,,,,,281.0,,22.0,,,,5.0,,35.0,,,,,,,8.0,,,,,,,,,,,,,,,,,,,,,,,,,,,,,,,,,,,,,882.0,,,,,,,,,,,,,,,,,,,,,,,,,,,,,,,,,,,,,,,,,,,,,,,,,,,,,,,,,,,,,,,,,,,,,,,,,,,,,,,3.0,,,,,,,,,,,,,,,,,,,,,,,,,,,,,,,,,,,,,,,,,,,
_250m_16_days_VI_Quality_2024273_aid0001,aid0001,2024-09-29 00:00:00+00:00,,,,,,,,86690.0,,,,,,,122.0,,,,,,,,,,,,,,,,,,,,,,,,,,,,,,,,,,,,,,,,,,,,,,,,,,,,,,,,,,,,,,,,,,,,,,,,,719.0,,,,,,,,,,,,,,,,,,,,,,,,,,,,,,,,,,,,,,,,,,,,,,,,,,,,,,,,,,,,,,,,,,,,,,,,,,,,,,,,,,,,,,,,,,,,,,,,,,,,,,,,,,,,,,,,,,,,,,,,,,
_250m_16_days_VI_Quality_2024289_aid0001,aid0001,2024-10-15 00:00:00+00:00,,,,,,,,59866.0,,,,,,,26924.0,,,,,,,,,,,,,,,,,,,,,,,,,,,,,,,,,,,,,,,,,,,,,,,,,,,,,,,,,,,,,,,,,,,,,,,,,735.0,,,,,,,,,,,,,,,,,6.0,,,,,,,,,,,,,,,,,,,,,,,,,,,,,,,,,,,,,,,,,,,,,,,,,,,,,,,,,,,,,,,,,,,,,,,,,,,,,,,,,,,,,,,,,,,,,,,,,,,,,,,,,
_250m_16_days_VI_Quality_2024305_aid0001,aid0001,2024-10-31 00:00:00+00:00,,,,,,,,78071.0,,,,,,2.0,8849.0,,,,,,,3.0,,,,,,,,,,,,,,,,,,,,,,,,,,,,,,,,,,,,,,,,,,,,,,,,,,,,,,,,,,,,,,,,,,590.0,,,,,,,,,,,,,,,,,16.0,,,,,,,,,,,,,,,,,,,,,,,,,,,,,,,,,,,,,,,,,,,,,,,,,,,,,,,,,,,,,,,,,,,,,,,,,,,,,,,,,,,,,,,,,,,,,,,,,,,,,,,,,
_250m_16_days_VI_Quality_2024321_aid0001,aid0001,2024-11-16 00:00:00+00:00,,,,,,,,60236.0,,32.0,,130.0,,,24720.0,,10.0,,1505.0,,,,,,,,,,,,,,,,,,,,,,,,,,,,,,,,,,,,,,,,,,,,,,,,,,,,,,,,,,,,,,,,,,,,,879.0,,,19.0,,,,,,,,,,,,,,,,,,,,,,,,,,,,,,,,,,,,,,,,,,,,,,,,,,,,,,,,,,,,,,,,,,,,,,,,,,,,,,,,,,,,,,,,,,,,,,,,,,,,,,,,,,,,,,,,,,,,,,,
_250m_16_days_VI_Quality_2024337_aid0001,aid0001,2024-12-02 00:00:00+00:00,,,,,,,,47884.0,,39090.0,,12.0,,4.0,19.0,,14.0,,,,,,,,,,,,,,,,,,,,,,,,,,,,,,,,,,,,,,,,,,,,10.0,,,,,,,,,,,,,,,,,,,,,,,,,,,334.0,,150.0,,,,,,,,,,,,,,,,14.0,,,,,,,,,,,,,,,,,,,,,,,,,,,,,,,,,,,,,,,,,,,,,,,,,,,,,,,,,,,,,,,,,,,,,,,,,,,,,,,,,,,,,,,,,,,,,,,,,,,,,,,,
_250m_16_days_VI_Quality_2024353_aid0001,aid0001,2024-12-18 00:00:00+00:00,,,,,,,,,,83426.0,14.0,378.0,,4.0,,,1883.0,,5.0,,,,,994.0,,,,,,,,,,,,,,181.0,,11.0,,,,9.0,,1.0,,,,,6.0,,,,,,,,,,15.0,,,,,,,18.0,,,,,,,,6.0,,,1.0,,,,,,,,,,,565.0,,,,,,,,,,,,,,,,,,,,,13.0,,,,,,,,,,,,,,,,,,,,,,,,,,,,,,,,,,,,,,,,,,,,,,,,,,,,,,,,,,,1.0,,,,,,,,,,,,,,,,,,,,,,,,,,,,,,,,,,,,,,,,
_250m_16_days_VI_Quality_2025001_aid0001,aid0001,2025-01-01 00:00:00+00:00,,,101.0,71.0,10.0,17.0,1.0,,,82730.0,1.0,244.0,,2.0,,,1891.0,,42.0,,,,,193.0,,,,,,,14.0,23.0,10.0,,,,,563.0,,21.0,,,,188.0,,5.0,,,,,4.0,,4.0,,,,32.0,14.0,1.0,,,4.0,,6.0,,,,14.0,9.0,,,8.0,2.0,,14.0,,,4.0,,,,4.0,,,,,,,,723.0,,,,,,,,,,,,,,,,,,,,,469.0,11.0,,31.0,,,1.0,,,,,,13.0,5.0,,,,,,,,,,,,,,,,,,25.0,1.0,,,,,,,,,,,,,,,,,5.0,,,,,,,,,,,,,,,,,,,,,,,,,,,,,,,,,,,,,,,,,,,,,,,,,,
_250m_16_days_VI_Quality_2025017_aid0001,aid0001,2025-01-17 00:00:00+00:00,,8.0,78.0,65.0,,14.0,,2280.0,,80032.0,,671.0,,2.0,179.0,,1751.0,,285.0,,,41.0,,277.0,,29.0,11.0,2.0,1.0,,32.0,4.0,,,,29.0,,344.0,,13.0,1.0,16.0,,42.0,2.0,23.0,,1.0,,,4.0,,,,,3.0,44.0,53.0,,,19.0,29.0,,10.0,48.0,,4.0,,74.0,,,4.0,,,,,,12.0,2.0,,,,,,,,,4.0,,721.0,,,,,,,,,,,,,,,,,,,,,224.0,,,,3.0,,,,,,,,34.0,,,,,,,,,,,,,,,,,,,,,,,,,,,,,,,,,,,,,6.0,,,,,,,,,,,,,,,,,,,,,,,,,,,,,,,,,,,,,,,,,,,,,,,,,,
_250m_16_days_VI_Quality_2025033_aid0001,aid0001,2025-02-02 00:00:00+00:00,,1.0,286.0,21.0,,3.0,,74272.0,,9610.0,,,,1.0,325.0,,1240.0,,15.0,,,,,692.0,,,,,,,2.0,,,,,17.0,,88.0,,,,8.0,,44.0,,19.0,,,,,50.0,,13.0,,,,6.0,,,1.0,14.0,,5.0,4.0,,,,,,,,3.0,,,,,,,,,,,,,,,,629.0,,10.0,,,,,,,,,,,,,,,10.0,,,,81.0,5.0,16.0,,,,,,,,,,,7.0,15.0,,,,,,,,,,,,,,,,,,,,,,,,,,,,,,,,,,,,,,,9.0,,3.0,,,,6.0,,,,,,,,,,,,,,,,,,,,,,,,,,,,,,,,,,,,,,,,,,
_250m_16_days_VI_Quality_2025049_aid0001,aid0001,2025-02-18 00:00:00+00:00,13.0,4.0,178.0,5.0,,,,80976.0,,1431.0,,,,5.0,1011.0,,2200.0,17.0,,,,1.0,,137.0,,,,,,,,,,,,72.0,,12.0,,,,47.0,,10.0,,,,,,,10.0,,,,,4.0,,,,14.0,,,29.0,,,,,,,,,,,,,,,,,,,,,,,,,596.0,,9.0,,,,,,,,,,,,,,,21.0,,,,574.0,,141.0,,,,5.0,,,4.0,,,,,,,,,,,,,,,,,,,,5.0,,,,,,,,,,,,,,,,,,,,,,,,,,,,,,,,,,,,,,,,,,,,,,,,,,,,,,,,,,,,,,,,,,,,,,,,
_250m_16_days_VI_Quality_2025065_aid0001,aid0001,2025-03-06 00:00:00+00:00,,27.0,46.0,14.0,,,,83998.0,,277.0,,,,10.0,557.0,,369.0,,,,3.0,31.0,,41.0,4.0,,,,15.0,,16.0,,,,,327.0,,19.0,,,,195.0,,15.0,,,,,4.0,,,2.0,,,,6.0,,,,,,,,10.0,,,,,,,,,,,,,2.0,,,,4.0,,,,,,,690.0,,6.0,,,,,,,,,,,,,,,11.0,,,,467.0,29.0,104.0,,,,,,,13.0,47.0,,,138.0,25.0,,,,,4.0,,,5.0,,,,,,,,,,,,,,,,,,,,,,,,,,,,,,,,,,,,,,,,,,,,,,,,,,,,,,,,,,,,,,,,,,,,,,,,,,,,,,,
_250m_16_days_VI_Quality_2025081_aid0001,aid0001,2025-03-22 00:00:00+00:00,103.0,38.0,,24.0,,,,85220.0,,180.0,,,,,644.0,,225.0,,,,,,,40.0,,,,,8.0,,,,,,,62.0,,,,,,66.0,,12.0,,,,,,,,,,,,20.0,,,,,,,,,,,,,,,,,,,,,,,,,,,,,,,,721.0,,,,,,,,,,,,,,,,,,,,,110.0,,37.0,,,,,,,7.0,,,,4.0,4.0,,,,,,,6.0,,,,,,,,,,,,,,,,,,,,,,,,,,,,,,,,,,,,,,,,,,,,,,,,,,,,,,,,,,,,,,,,,,,,,,,,,,,,,,,,
_250m_16_days_VI_Quality_2025097_aid0001,aid0001,2025-04-07 00:00:00+00:00,12.0,,55.0,5.0,,,,52061.0,,16890.0,,,,,17037.0,,398.0,,,,1.0,,,8.0,,,,,,,6.0,,,,,16.0,,53.0,,,,,,39.0,,,,,,,,,,,,,,,,,,,,,,,,,,,,,,,,,,,,,,,,,,,,864.0,,54.0,,,,,,,,,,,,,,,,,,,18.0,,10.0,,,,,,,,,,,,,,,,,,,,,,,,,,,4.0,,,,,,,,,,,,,,,,,,,,,,,,,,,,,,,,,,,,,,,,,,,,,,,,,,,,,,,,,,,,,,,,,,,,,,,,
_250m_16_days_VI_Quality_2025113_aid0001,aid0001,2025-04-23 00:00:00+00:00,,17.0,,,,,,86235.0,,50.0,,,,22.0,368.0,,,,,,2.0,,7.0,,,,,,,,,,,,,22.0,,,,,,13.0,,,,,,,2.0,,,,,,,5.0,,,,,,,,,,,,,,,,,,,,,,,,,,,,,,,,788.0,,,,,,,,,,,,,,,,,,,,,,,,,,,,,,,,,,,,,,,,,,,,,,,,,,,,,,,,,,,,,,,,,,,,,,,,,,,,,,,,,,,,,,,,,,,,,,,,,,,,,,,,,,,,,,,,,,,,,,,,,,
_250m_16_days_VI_Quality_2025129_aid0001,aid0001,2025-05-09 00:00:00+00:00,,4.0,,4.0,,,,78120.0,,520.0,,,,1.0,7625.0,,445.0,,,,6.0,,,,,,,,,,,,,,,59.0,,19.0,,,,,,,,,,,,,,,,,,,,,,,,,,,,,,,,,,,,,,,,,,,,,,,,,,720.0,,8.0,,,,,,,,,,,,,,,,,,,,,,,,,,,,,,,,,,,,,,,,,,,,,,,,,,,,,,,,,,,,,,,,,,,,,,,,,,,,,,,,,,,,,,,,,,,,,,,,,,,,,,,,,,,,,,,,,,,,,,,,
_250m_16_days_VI_Quality_2025145_aid0001,aid0001,2025-05-25 00:00:00+00:00,,,,,,,,84335.0,,766.0,,,,,983.0,,651.0,,,,1.0,,,,,,,,,,,,,,,,,,,,,8.0,,,,,,,,,,,,,,,,,,,,,,,,,,,,,,,,,,,,,,,,,,,,,,768.0,,,,,,,,,,,,,,,,,19.0,,,,,,,,,,,,,,,,,,,,,,,,,,,,,,,,,,,,,,,,,,,,,,,,,,,,,,,,,,,,,,,,,,,,,,,,,,,,,,,,,,,,,,,,,,,,,,,,,,,,,,,,,
_250m_16_days_VI_Quality_2025161_aid0001,aid0001,2025-06-10 00:00:00+00:00,,,,,,,,11069.0,,5632.0,,,,,62856.0,,6790.0,,,,,49.0,,,,,,,,,,,,,,,,45.0,,,,14.0,,6.0,,,,,,,,,,,,,,,,,,,,,,,,,,,,,,,,,,,,,,,,,,,,760.0,,310.0,,,,,,,,,,,,,,,,,,,,,,,,,,,,,,,,,,,,,,,,,,,,,,,,,,,,,,,,,,,,,,,,,,,,,,,,,,,,,,,,,,,,,,,,,,,,,,,,,,,,,,,,,,,,,,,,,,,,,,,,
_250m_16_days_VI_Quality_2025177_aid0001,aid0001,2025-06-26 00:00:00+00:00,,9012.0,,355.0,,,2.0,22122.0,,,,,,,28649.0,,,,,,2.0,39.0,38.0,14.0,,,,1.0,33.0,,6.0,9.0,,,,2298.0,,,,,,15877.0,54.0,,,,,,1374.0,744.0,37.0,29.0,,,1.0,1720.0,191.0,,,,,,232.0,,,,46.0,,,,,10.0,,,,,234.0,,,,499.0,52.0,,,,,,726.0,,,,,,,,,,,,,,,,,,,,,,10.0,,,,,,,,,,,,,,,,,,,,6.0,,,,,,,,,14.0,40.0,,,,244.0,,,,,38.0,67.0,,,,,,,,99.0,,,,1347.0,60.0,,,,211.0,221.0,218.0,36.0,1.0,,,,,90.0,,,,,,32.0,,,191.0,,98.0,102.0,,,,,,,,,,,,,,,,,,,,,,
_250m_16_days_VI_Quality_2025193_aid0001,aid0001,2025-07-12 00:00:00+00:00,10.0,575.0,,2603.0,,,1.0,281.0,,59815.0,,,,,6461.0,,3443.0,83.0,,,,60.0,,4.0,217.0,,,,73.0,,,,,,,,,6045.0,,,,790.0,19.0,3227.0,44.0,,,1.0,163.0,46.0,126.0,49.0,,,,125.0,91.0,,,,521.0,,99.0,114.0,,,4.0,286.0,,,5.0,,,,87.0,,53.0,109.0,,,49.0,43.0,,,,,,67.0,,1165.0,,,,,,,,,,,,,,,,,,,,,,,,,,,,,,,,,,,,,,,,,,,,,,,,,,,,,,33.0,,,,,,,,,10.0,,,,,,,,,320.0,39.0,,,,108.0,,,,,,,,,,,,,,,,,,35.0,,32.0,,,,,,,,,,,,,,,,,,,,,,,
_250m_16_days_VI_Quality_2025209_aid0001,aid0001,2025-07-28 00:00:00+00:00,,17465.0,,10594.0,,,1.0,571.0,,1694.0,,,,,14240.0,,1540.0,,,,,309.0,,1120.0,,,,,,23.0,199.0,4.0,,,,460.0,,231.0,,,,16068.0,26.0,876.0,,,,,2777.0,803.0,801.0,128.0,,,,3920.0,5178.0,,,,,,609.0,,,,140.0,,,,,159.0,,,,,793.0,,,,2015.0,441.0,,,142.0,64.0,,370.0,,,,,,414.0,,,14.0,4.0,,,,,,,,,,,,,,,,,,,,,,,,,,,,,,,,,,,,,,,,,,,,,,,,,,74.0,,235.0,,,,61.0,355.0,22.0,,,,,,134.0,,,,,72.0,335.0,972.0,174.0,,,88.0,,,,,,,,21.0,258.0,,,18.0,,398.0,121.0,,,,,,,,,,,,,,,,,,,,,,
_250m_16_days_VI_Quality_2025225_aid0001,aid0001,2025-08-13 00:00:00+00:00,,12021.0,,1290.0,,,3.0,45102.0,,,,,,,3443.0,,72.0,,,,3.0,77.0,136.0,98.0,,,,,18.0,60.0,23.0,71.0,,,,11433.0,,,,,,1834.0,,69.0,,,,,322.0,168.0,371.0,84.0,,,1.0,1937.0,531.0,,2.0,,,,,,,,29.0,72.0,,,25.0,5.0,,,,,,,,,141.0,281.0,,,,,,472.0,,,,,,,,,,,,,,,,,49.0,,,,,,,,,,,,,,,,,,,,,,,,,,,,,,,,,,,1465.0,,,,126.0,,,,18.0,,,,,,59.0,,6.0,,4120.0,,,,754.0,,,,,294.0,151.0,61.0,2.0,,,,,,,,,,,56.0,,,,,,91.0,85.0,,,,,,,,,,,,,,,,,,,,,,
_250m_16_days_VI_Quality_2025241_aid0001,aid0001,2025-08-29 00:00:00+00:00,,5412.0,6.0,8780.0,,,6.0,1237.0,,16867.0,,,,,1319.0,103.0,10954.0,,,,,37.0,,243.0,,,,,,6.0,81.0,5.0,,,,765.0,,10417.0,,,3.0,3310.0,304.0,14551.0,,,,3.0,262.0,173.0,1713.0,38.0,,,4.0,800.0,5195.0,,3.0,100.0,51.0,,143.0,85.0,,,,6.0,,,,6.0,,28.0,,,349.0,298.0,,,69.0,412.0,,,,,,,,1302.0,,,,,86.0,,,,,,,,,,,41.0,,,,,,,,,,,,,,,,,,,,,,,,,,,,,,,,,,24.0,,44.0,,65.0,80.0,,,3.0,,,,,,5.0,,,1.0,222.0,,,,505.0,168.0,48.0,,,51.0,202.0,226.0,40.0,2.0,,,38.0,,19.0,,,,,,,47.0,,80.0,,34.0,54.0,,,,,,,,,,,,,,,,,,,,,,
_250m_16_days_VI_Quality_2025257_aid0001,aid0001,2025-09-14 00:00:00+00:00,,13.0,,,,,,83594.0,,265.0,,,,1.0,2720.0,,337.0,,,,,14.0,,,,,,,,,,,,,,,,,,,,,,,,,,,,,,,,,,2.0,,,,,,,,,,,,,,,,,,,,,,,,,,,,,,,,585.0,,,,,,,,,,,,,,,,,,,,,,,,,,,,,,,,,,,,,,,,,,,,,,,,,,,,,,,,,,,,,,,,,,,,,,,,,,,,,,,,,,,,,,,,,,,,,,,,,,,,,,,,,,,,,,,,,,,,,,,,,,
_250m_16_days_VI_Quality_2025273_aid0001,aid0001,2025-09-30 00:00:00+00:00,,4.0,,1.0,,,,86377.0,,165.0,,,,1.0,146.0,,62.0,,,,,3.0,,2.0,,,,,,,,,,,,,,1.0,,,,1.0,,,,,,,,,,,,,,1.0,,,,,,,1.0,,,,,,,,,,,,,,,,,,,,,,,,,765.0,,,,,,,,,,,,,,,,,,,,,,,,,,,,,,,,,,,,,,,,,,,,,,,,,,,,,,,,,,,,,,,,,,,,,,,,,,,,1.0,,,,,,,,,,,,,,,,,,,,,,,,,,,,,,,,,,,,,,,,,,,,,,
_250m_16_days_VI_Quality_2025289_aid0001,aid0001,2025-10-16 00:00:00+00:00,,8.0,,,,,,85949.0,,6.0,,,,,844.0,,50.0,,,,,,,,,,,,,,,,,,,9.0,,,,,,4.0,,,,,,,,,,,,,,,,,,,,,,,,,,,,,,,,,,,,,,,,,,,,,,661.0,,,,,,,,,,,,,,,,,,,,,,,,,,,,,,,,,,,,,,,,,,,,,,,,,,,,,,,,,,,,,,,,,,,,,,,,,,,,,,,,,,,,,,,,,,,,,,,,,,,,,,,,,,,,,,,,,,,,,,,,,,
_250m_16_days_VI_Quality_2025305_aid0001,aid0001,2025-11-01 00:00:00+00:00,,,,1.0,,,,46396.0,,38392.0,,13.0,,5.0,1639.0,,384.0,,1.0,,,,,1.0,,,,,,,,,,,,11.0,,3.0,,,,,,,,,,,,,,,,,,,,,,,,,,,,,,,,,,,,,,,,,,,,,,,,,,551.0,,133.0,,,,,,,,,,,,,,,,,,,,,,,,,,,,,,,,,,,,,,,,,,,,,,,,,,,,,,,,,,,,,,,,,,,,,,,,,,,,,,,,,,,,,,,,,,,,,,,,,,,,,,,,,,,,,,,,,,,,,,,,1.0
_250m_16_days_VI_Quality_2025321_aid0001,aid0001,2025-11-17 00:00:00+00:00,,,,12.0,,,,540.0,,74806.0,,63.0,,4.0,752.0,,10591.0,,8.0,,,,,4.0,,,,,,,,,,,,,,,,,,,,,,,,,,,,,,,,,,,,,,,,,,,,,,,,,,,,,,,,,,,,,,,,57.0,,678.0,,,,,,,,,,,,,,,,16.0,,,,,,,,,,,,,,,,,,,,,,,,,,,,,,,,,,,,,,,,,,,,,,,,,,,,,,,,,,,,,,,,,,,,,,,,,,,,,,,,,,,,,,,,,,,,,,,,,,,,,,,,
_250m_16_days_VI_Quality_2025337_aid0001,aid0001,2025-12-03 00:00:00+00:00,,,,1.0,,,,,,84357.0,,347.0,,2.0,,,590.0,,693.0,,2.0,,,78.0,,546.0,,,,,,,,,,,,16.0,,,,,,39.0,,,,,,,20.0,,23.0,,,,,,,,22.0,,,,91.0,,,4.0,,,,,,,,2.0,,,,,,,,,,,,,,669.0,,,,,,,,,,,,,,,,29.0,,,,,,,,,,,,,,,,,,,,,,,,,,,,,,,,,,,,,,,,,,,,,,,,,,,,,,,,,,,,,,,,,,,,,,,,,,,,,,,,,,,,,,,,,,,,,,,,,,,,,,,,
_250m_16_days_VI_Quality_2025353_aid0001,aid0001,2025-12-19 00:00:00+00:00,,,,46.0,,88.0,,,,31208.0,,20263.0,,4.0,,,25033.0,,4975.0,,2.0,,,731.0,17.0,2655.0,,2.0,,,,,,,,,,,,52.0,,,,48.0,,86.0,,,,,77.0,15.0,94.0,29.0,1.0,,10.0,22.0,,,,380.0,,4.0,752.0,,,,116.0,,,,,,,6.0,,,90.0,,,6.0,37.0,,,,,,,284.0,398.0,,,,,,,,,,,,,,,,,,,,,,,,,,,,,,,,,,,,,,,,,,,,,,,,,,,,,,,,,,,,,,,,,,,,,,,,,,,,,,,,,,,,,,,,,,,,,,,,,,,,,,,,,,,,,,,,,,,,,,,
