state_code,state_name,district_code,district_name,sub_district_code,sub_district_name,village_code,village_name,cd_block_code,cd_block_name,reference_year,sub_district_head_quarter_name,sub_district_head_quarter_distance_in_km,district_head_quarter_name,district_head_quarter_distance_in_km,nearest_statutory_town_name,nearest_statutory_town_distance_in_km,within_the_state_ut_name,total_geographical_area_in_hectares,total_households,total_population_of_village,total_male_population_of_village,total_female_population_of_village,total_scheduled_castes_population_of_village,total_scheduled_castes_male_population_of_village,total_scheduled_castes_female_population_of_village,total_scheduled_tribes_population_of_village,total_scheduled_tribes_male_population_of_village,total_scheduled_tribes_female_population_of_village,govt_pre_primary_school_nursery_lkg_ukg_status_a_1_na_2,govt_pre_primary_school_nursery_lkg_ukg_numbers,private_pre_primary_school_nursery_lkg_ukg_status_a_1_na_2,private_pre_primary_school_nursery_lkg_ukg_numbers,nearest_facility_status_pre_primary_school_nursery_lkg_ukg_govt_1_private_2,nearest_village_town_name_pre_primary_school_nursery_lkg_ukg,"if_pre_primary_school_nursery_lkg_ukg_not_available_within_the_village,_the_distance_range_code_of_nearest_place_where_facility_is_available_is_given_viz;_a_for_<_5_kms,_b_for_5_10_kms_and_c_for_10+_kms",govt_primary_school_status_a_1_na_2,govt_primary_school_numbers,private_primary_school_status_a_1_na_2,private_primary_school_numbers,nearest_facility_status_primary_school_govt_1_private_2,nearest_village_town_name_primary_school,"if_primary_school_not_available_within_the_village,_the_distance_range_code_of_nearest_place_where_facility_is_available_is_given_viz;_a_for_<_5_kms,_b_for_5_10_kms_and_c_for_10+_kms",govt_middle_school_status_a_1_na_2,govt_middle_school_numbers,private_middle_school_status_a_1_na_2,private_middle_school_numbers,nearest_facility_status_middle_school_govt_1_private_2,nearest_village_town_name_middle_school,"if_middle_school_not_available_within_the_village,_the_distance_range_code_of_nearest_place_where_facility_is_available_is_given_viz;_a_for_<_5_kms,_b_for_5_10_kms_and_c_for_10+_kms",govt_secondary_school_status_a_1_na_2,govt_secondary_school_numbers,private_secondary_school_status_a_1_na_2,private_secondary_school_numbers,nearest_facility_status_secondary_school_govt_1_private_2,nearest_village_town_name_secondary_school,"if_secondary_school_not_available_within_the_village,_the_distance_range_code_of_nearest_place_where_facility_is_available_is_given_viz;_a_for_<_5_kms,_b_for_5_10_kms_and_c_for_10+_kms",govt_senior_secondary_school_status_a_1_na_2,govt_senior_secondary_school_numbers,private_senior_secondary_school_status_a_1_na_2,private_senior_secondary_school_numbers,nearest_facility_status_senior_secondary_school_govt_1_private_2,nearest_village_town_name_senior_secondary_school,"if_senior_secondary_school_not_available_within_the_village,_the_distance_range_code_of_nearest_place_where_facility_is_available_is_given_viz;_a_for_<_5_kms,_b_for_5_10_kms_and_c_for_10+_kms",govt_arts_and_science_degree_college_status_a_1_na_2,govt_arts_and_science_degree_college_numbers,private_arts_and_science_degree_college_status_a_1_na_2,private_arts_and_science_degree_college_numbers,nearest_facility_status_arts_and_science_degree_college_govt_1_private_2,nearest_village_town_name_arts_and_science_degree_college,"if_arts_and_science_degree_college_not_available_within_the_village,_the_distance_range_code_of_nearest_place_where_facility_is_available_is_given_viz;_a_for_<_5_kms,_b_for_5_10_kms_and_c_for_10+_kms",govt_engineering_college_status_a_1_na_2,govt_engineering_college_numbers,private_engineering_college_status_a_1_na_2,private_engineering_college_numbers,nearest_facility_status_engineering_college_govt_1_private_2,nearest_village_town_name_engineering_college,"if_engineering_college_not_available_within_the_village,_the_distance_range_code_of_nearest_place_where_facility_is_available_is_given_viz;_a_for_<_5_kms,_b_for_5_10_kms_and_c_for_10+_kms",govt_medicine_college_status_a_1_na_2,govt_medicine_college_numbers,private_medicine_college_status_a_1_na_2,private_medicine_college_numbers,nearest_facility_status_medicine_college_govt_1_private_2,nearest_village_town_name_medicine_college,"if_medicine_college_not_available_within_the_village,_the_distance_range_code_of_nearest_place_where_facility_is_available_is_given_viz;_a_for_<_5_kms,_b_for_5_10_kms_and_c_for_10+_kms",govt_management_institute_status_a_1_na_2,govt_management_institute_numbers,private_management_institute_status_a_1_na_2,private_management_institute_numbers,nearest_facility_status_management_institute_govt_1_private_2,nearest_village_town_name_management_institute,"if_management_institute_not_available_within_the_village,_the_distance_range_code_of_nearest_place_where_facility_is_available_is_given_viz;_a_for_<_5_kms,_b_for_5_10_kms_and_c_for_10+_kms",govt_polytechnic_status_a_1_na_2,govt_polytechnic_numbers,private_polytechnic_status_a_1_na_2,private_polytechnic_numbers,nearest_facility_status_polytechnic_govt_1_private_2,nearest_village_town_name_polytechnic,"if_polytechnic_not_available_within_the_village,_the_distance_range_code_of_nearest_place_where_facility_is_available_is_given_viz;_a_for_<_5_kms,_b_for_5_10_kms_and_c_for_10+_kms",govt_vocational_training_school_iti_status_a_1_na_2,govt_vocational_training_school_iti_numbers,private_vocational_training_school_iti_status_a_1_na_2,private_vocational_training_school_iti_numbers,nearest_facility_status_vocational_training_school_iti_govt_1_private_2,nearest_village_town_name_vocational_training_school_iti,"if_vocational_training_school_iti_not_available_within_the_village,_the_distance_range_code_of_nearest_place_where_facility_is_available_is_given_viz;_a_for_<_5_kms,_b_for_5_10_kms_and_c_for_10+_kms",government_non_formal_training_centre_status_a_1_na_2,government_non_formal_training_centre_numbers,private_non_formal_training_centre_status_a_1_na_2,private_non_formal_training_centre_numbers,nearest_facility_status_private_non_formal_training_centre_govt_1_private_2,nearest_village_town_name_private_non_formal_training_centre,"if_private_non_formal_training_centre_not_available_within_the_village,_the_distance_range_code_of_nearest_place_where_facility_is_available_is_given_viz;_a_for_<_5_kms,_b_for_5_10_kms_and_c_for_10+_kms",government_school_for_disabled_status_a_1_na_2,government_school_for_disabled_numbers,private_school_for_disabled_status_a_1_na_2,private_school_for_disabled_numbers,nearest_facility_status_private_school_for_disabled_govt_1_private_2,nearest_village_town_name_private_school_for_disabled,"if_private_school_for_disabled_not_available_within_the_village,_the_distance_range_code_of_nearest_place_where_facility_is_available_is_given_viz;_a_for_<_5_kms,_b_for_5_10_kms_and_c_for_10+_kms",government_others_status_a_1_na_2,government_others_numbers,private_others_status_a_1_na_2,private_others_numbers,nearest_village_town_name_others_facility,"if_others_facility_not_available_within_the_village,_the_distance_range_code_of_nearest_place_where_facility_is_available_is_given_viz;_a_for_<_5_kms,_b_for_5_10_kms_and_c_for_10+_kms",community_health_centre_numbers,community_health_centre_doctors_total_strength_numbers,community_health_centre_doctors_in_position_numbers,community_health_centre_para_medical_staff_total_strength_numbers,community_health_centre_para_medical_staff_in_position_numbers,"if_community_health_centre_not_available_within_the_village,_the_distance_range_code_of_nearest_place_where_facility_is_available_is_given_viz;_a_for_<_5_kms,_b_for_5_10_kms_and_c_for_10+_kms",primary_health_centre_numbers,primary_health_centre_doctors_total_strength_numbers,primary_health_centre_doctors_in_position_numbers,primary_health_centre_para_medical_staff_total_strength_numbers,primary_health_centre_para_medical_staff_in_position_numbers,"if_primary_health_centre_not_available_within_the_village,_the_distance_range_code_of_nearest_place_where_facility_is_available_is_given_viz;_a_for_<_5_kms,_b_for_5_10_kms_and_c_for_10+_kms",primary_health_sub_centre_numbers,primary_health_sub_centre_doctors_total_strength_numbers,primary_health_sub_centre_doctors_in_position_numbers,primary_health_sub_centre_para_medical_staff_total_strength_numbers,primary_health_sub_centre_para_medical_staff_in_position_numbers,"if_primary_health_sub_centre_not_available_within_the_village,_the_distance_range_code_of_nearest_place_where_facility_is_available_is_given_viz;_a_for_<_5_kms,_b_for_5_10_kms_and_c_for_10+_kms",maternity_and_child_welfare_centre_numbers,maternity_and_child_welfare_centre_doctors_total_strength_numbers,maternity_and_child_welfare_centre_doctors_in_position_numbers,maternity_and_child_welfare_centre_para_medical_staff_total_strength_numbers,maternity_and_child_welfare_centre_para_medical_staff_in_position_numbers,"if_maternity_and_child_welfare_centre_not_available_within_the_village,_the_distance_range_code_of_nearest_place_where_facility_is_available_is_given_viz;_a_for_<_5_kms,_b_for_5_10_kms_and_c_for_10+_kms",tb_clinic_numbers,tb_clinic_doctors_total_strength_numbers,tb_clinic_doctors_in_position_numbers,tb_clinic_para_medical_para_medical_staff_total_strength_numbers,tb_clinic_para_medical_para_medical_staff_in_position_numbers,"if_tb_clinic_not_available_within_the_village,_the_distance_range_code_of_nearest_place_where_facility_is_available_is_given_viz;_a_for_<_5_kms,_b_for_5_10_kms_and_c_for_10+_kms",hospital_allopathic_numbers,hospital_allopathic_doctors_total_strength_numbers,hospital_allopathic_doctors_in_position_numbers,hospital_allopathic_para_medical_staff_total_strength_numbers,hospital_allopathic_para_medical_staff_in_position_numbers,"if_hospital_allopathic_not_available_within_the_village,_the_distance_range_code_of_nearest_place_where_facility_is_available_is_given_viz;_a_for_<_5_kms,_b_for_5_10_kms_and_c_for_10+_kms",hospital_alternative_medicine_numbers,hospital_alternative_medicine_doctors_total_strength_numbers,hospital_alternative_medicine_doctors_in_position_numbers,hospital_alternative_medicine_para_medical_staff_total_strength_numbers,hospital_alternative_medicine_para_medical_staff_in_position_numbers,"if_hospital_alternative_medicine_not_available_within_the_village,_the_distance_range_code_of_nearest_place_where_facility_is_available_is_given_viz;_a_for_<_5_kms,_b_for_5_10_kms_and_c_for_10+_kms",dispensary_numbers,dispensary_doctors_total_strength_numbers,dispensary_doctors_in_position_numbers,dispensary_para_medical_staff_total_strength_numbers,dispensary_para_medical_staff_in_position_numbers,"if_dispensary_not_available_within_the_village,_the_distance_range_code_of_nearest_place_where_facility_is_available_is_given_viz;_a_for_<_5_kms,_b_for_5_10_kms_and_c_for_10+_kms",veterinary_hospital_numbers,veterinary_hospital_doctors_total_strength_numbers,veterinary_hospital_doctors_in_position_numbers,veterinary_hospital_para_medical_staff_total_strength_numbers,veterinary_hospital_para_medical_staff_in_position_numbers,"if_veterinary_hospital_not_available_within_the_village,_the_distance_range_code_of_nearest_place_where_facility_is_available_is_given_viz;_a_for_<_5_kms,_b_for_5_10_kms_and_c_for_10+_kms",mobile_health_clinic_numbers,mobile_health_clinic_doctors_total_strength_numbers,mobile_health_clinic_doctors_in_position_numbers,mobile_health_clinic_para_medical_staff_total_strength_numbers,mobile_health_clinic_para_medical_staff_in_position_numbers,"if_mobile_health_clinic_not_available_within_the_village,_the_distance_range_code_of_nearest_place_where_facility_is_available_is_given_viz;_a_for_<_5_kms,_b_for_5_10_kms_and_c_for_10+_kms",family_welfare_centre_numbers,family_welfare_centre_doctors_total_strength_numbers,family_welfare_centre_doctors_in_position_numbers,family_welfare_centre_para_medical_staff_total_strength_numbers,family_welfare_centre_para_medical_staff_in_position_numbers,"if_family_welfare_centre_not_available_within_the_village,_the_distance_range_code_of_nearest_place_where_facility_is_available_is_given_viz;_a_for_<_5_kms,_b_for_5_10_kms_and_c_for_10+_kms",non_government_medical_facilities_out_patient_numbers,non_government_medical_facilities_in_and_out_patient_numbers,non_government_medical_facilities_charitable_numbers,non_government_medical_facilities_medical_practitioner_with_mbbs_degree_numbers,non_government_medical_facilities_medical_practitioner_with_other_degree_numbers,non_government_medical_facilities_medical_practitioner_with_no_degree_numbers,non_government_medical_facilities_traditional_practitioner_and_faith_healer_numbers,non_government_medical_facilities_medicine_shop_numbers,non_government_medical_facilities_others_numbers,tap_water_treated_status_a_1_na_2,tap_water_treated_functioning_all_round_the_year_status_a_1_na_2,tap_water_treated_functioning_in_summer_months_april_september_status_a_1_na_2,tap_water_untreated_status_a_1_na_2,tap_water_untreated_functioning_all_round_the_year_status_a_1_na_2,tap_water_untreated_functioning_in_summer_months_april_september_status_a_1_na_2,covered_well_status_a_1_na_2,covered_well_functioning_all_round_the_year_status_a_1_na_2,covered_well_functioning_in_summer_months_april_september_status_a_1_na_2,uncovered_well_status_a_1_na_2,uncovered_well_functioning_all_round_the_year_status_a_1_na_2,uncovered_well_functioning_in_summer_months_april_september_status_a_1_na_2,hand_pump_status_a_1_na_2,hand_pump_functioning_all_round_the_year_status_a_1_na_2,hand_pump_functioning_in_summer_months_april_september_status_a_1_na_2,tube_wells_borehole_status_a_1_na_2,spring_status_a_1_na_2,spring_functioning_all_round_the_year_status_a_1_na_2,spring_functioning_in_summer_months_april_september_status_a_1_na_2,river_canal_status_a_1_na_2,river_canal_functioning_all_round_the_year_status_a_1_na_2,river_canal_functioning_in_summer_months_april_september_status_a_1_na_2,tank_pond_lake_status_a_1_na_2,tank_pond_lake_functioning_all_round_the_year_status_a_1_na_2,tank_pond_lake_functioning_in_summer_months_april_september_status_a_1_na_2,others_status_a_1_na_2,others_functioning_all_round_the_year_status_a_1_na_2,others_functioning_in_summer_months_april_september_status_a_1_na_2,closed_drainage_status_a_1_na_2,open_drainage_status_a_1_na_2,no_drainage_status_a_1_na_2,open_pucca_drainage_covered_with_tiles_slabs_status_a_1_na_2,open_pucca_drainage_uncovered_status_a_1_na_2,open_kuccha_drainage_status_a_1_na_2,whether_drain_water_is_discharged_directly_into_water_bodies_or_to_sewar_plant_for_water_bodies_1_sewar_plants_2,is_the_area_covered_under_total_sanitation_campaign_tsc_?_status_a_1_na_2,community_toilet_complex_including_bath_for_general_public_status_a_1_na_2,community_toilet_complex_excluding_bath_for_general_public_status_a_1_na_2,rural_production_centres_or_sanitary_hardware_outlet_availability_near_the_village_status_a_1_na_2,rural_production_mart_or_sanitary_hardware_outlet_availability_near_the_village_status_a_1_na_2,community_waste_disposal_system_after_house_to_house_collection_status_a_1_na_2,community_bio_gas_or_recycle_of_waste_for_production_use_status_a_1_na_2,no_system_garbage_on_road_street_status_a_1_na_2,post_office_status_a_1_na_2,"if_post_office_not_available_within_the_village,_the_distance_range_code_of_nearest_place_where_facility_is_available_is_given_viz;_a_for_<_5_kms,_b_for_5_10_kms_and_c_for_10+_kms",sub_post_office_status_a_1_na_2,"if_sub_post_office_not_available_within_the_village,_the_distance_range_code_of_nearest_place_where_facility_is_available_is_given_viz;_a_for_<_5_kms,_b_for_5_10_kms_and_c_for_10+_kms",post_and_telegraph_office_status_a_1_na_2,"if_post_and_telegraph_office_not_available_within_the_village,_the_distance_range_code_of_nearest_place_where_facility_is_available_is_given_viz;_a_for_<_5_kms,_b_for_5_10_kms_and_c_for_10+_kms",village_pin_code_status_a_1_na_2,pin_code,telephone_landlines_status_a_1_na_2,"if_telephone_landlines_not_available_within_the_village,_the_distance_range_code_of_nearest_place_where_facility_is_available_is_given_viz;_a_for_<_5_kms,_b_for_5_10_kms_and_c_for_10+_kms",public_call_office_mobile_pco_status_a_1_na_2,"if_public_call_office_mobile_pco_not_available_within_the_village,_the_distance_range_code_of_nearest_place_where_facility_is_available_is_given_viz;_a_for_<_5_kms,_b_for_5_10_kms_and_c_for_10+_kms",mobile_phone_coverage_status_a_1_na_2,"if_mobile_phone_coverage_not_available_within_the_village,_the_distance_range_code_of_nearest_place_where_facility_is_available_is_given_viz;_a_for_<_5_kms,_b_for_5_10_kms_and_c_for_10+_kms",internet_cafes_common_service_centre_csc_status_a_1_na_2,"if_internet_cafes_common_service_centre_csc_not_available_within_the_village,_the_distance_range_code_of_nearest_place_where_facility_is_available_is_given_viz;_a_for_<_5_kms,_b_for_5_10_kms_and_c_for_10+_kms",private_courier_facility_status_a_1_na_2,"if_private_courier_facility_not_available_within_the_village,_the_distance_range_code_of_nearest_place_where_facility_is_available_is_given_viz;_a_for_<_5_kms,_b_for_5_10_kms_and_c_for_10+_kms",public_bus_service_status_a_1_na_2,"if_public_bus_service_not_available_within_the_village,_the_distance_range_code_of_nearest_place_where_facility_is_available_is_given_viz;_a_for_<_5_kms,_b_for_5_10_kms_and_c_for_10+_kms",private_bus_service_status_a_1_na_2,"if_private_bus_service_not_available_within_the_village,_the_distance_range_code_of_nearest_place_where_facility_is_available_is_given_viz;_a_for_<_5_kms,_b_for_5_10_kms_and_c_for_10+_kms",railway_station_status_a_1_na_2,"if_railway_station_not_available_within_the_village,_the_distance_range_code_of_nearest_place_where_facility_is_available_is_given_viz;_a_for_<_5_kms,_b_for_5_10_kms_and_c_for_10+_kms",auto_modified_autos_status_a_1_na_2,"if_auto_modified_autos_not_available_within_the_village,_the_distance_range_code_of_nearest_place_where_facility_is_available_is_given_viz;_a_for_<_5_kms,_b_for_5_10_kms_and_c_for_10+_kms",taxi_status_a_1_na_2,"if_taxi_not_available_within_the_village,_the_distance_range_code_of_nearest_place_where_facility_is_available_is_given_viz;_a_for_<_5_kms,_b_for_5_10_kms_and_c_for_10+_kms",vans_status_a_1_na_2,"if_vans_not_available_within_the_village,_the_distance_range_code_of_nearest_place_where_facility_is_available_is_given_viz;_a_for_<_5_kms,_b_for_5_10_kms_and_c_for_10+_kms",tractors_status_a_1_na_2,"if_tractors_not_available_within_the_village,_the_distance_range_code_of_nearest_place_where_facility_is_available_is_given_viz;_a_for_<_5_kms,_b_for_5_10_kms_and_c_for_10+_kms",cycle_pulled_rickshaws_manual_driven_status_a_1_na_2,"if_cycle_pulled_rickshaws_manual_driven_not_available_within_the_village,_the_distance_range_code_of_nearest_place_where_facility_is_available_is_given_viz;_a_for_<_5_kms,_b_for_5_10_kms_and_c_for_10+_kms",cycle_pulled_rickshaws_machine_driven_status_a_1_na_2,"if_cycle_pulled_rickshaws_machine_driven_not_available_within_the_village,_the_distance_range_code_of_nearest_place_where_facility_is_available_is_given_viz;_a_for_<_5_kms,_b_for_5_10_kms_and_c_for_10+_kms",carts_driven_by_animals_status_a_1_na_2,"if_carts_driven_by_animals_not_available_within_the_village,_the_distance_range_code_of_nearest_place_where_facility_is_available_is_given_viz;_a_for_<_5_kms,_b_for_5_10_kms_and_c_for_10+_kms",sea_river_ferry_service_status_a_1_na_2,"if_sea_river_ferry_service_not_available_within_the_village,_the_distance_range_code_of_nearest_place_where_facility_is_available_is_given_viz;_a_for_<_5_kms,_b_for_5_10_kms_and_c_for_10+_kms",national_highway_status_a_1_na_2,"if_national_highway_not_available_within_the_village,_the_distance_range_code_of_nearest_place_where_facility_is_available_is_given_viz;_a_for_<_5_kms,_b_for_5_10_kms_and_c_for_10+_kms",state_highway_status_a_1_na_2,"if_state_highway_not_available_within_the_village,_the_distance_range_code_of_nearest_place_where_facility_is_available_is_given_viz;_a_for_<_5_kms,_b_for_5_10_kms_and_c_for_10+_kms",major_district_road_status_a_1_na_2,"if_major_district_road_not_available_within_the_village,_the_distance_range_code_of_nearest_place_where_facility_is_available_is_given_viz;_a_for_<_5_kms,_b_for_5_10_kms_and_c_for_10+_kms",other_district_road_status_a_1_na_2,"if_other_district_road_not_available_within_the_village,_the_distance_range_code_of_nearest_place_where_facility_is_available_is_given_viz;_a_for_<_5_kms,_b_for_5_10_kms_and_c_for_10+_kms",black_topped_pucca_road_status_a_1_na_2,"if_black_topped_pucca_road_not_available_within_the_village,_the_distance_range_code_of_nearest_place_where_facility_is_available_is_given_viz;_a_for_<_5_kms,_b_for_5_10_kms_and_c_for_10+_kms",gravel_kuchha_roads_status_a_1_na_2,"if_gravel_kuchha_roads_not_available_within_the_village,_the_distance_range_code_of_nearest_place_where_facility_is_available_is_given_viz;_a_for_<_5_kms,_b_for_5_10_kms_and_c_for_10+_kms",water_bounded_macadam_status_a_1_na_2,"if_water_bounded_macadam_not_available_within_the_village,_the_distance_range_code_of_nearest_place_where_facility_is_available_is_given_viz;_a_for_<_5_kms,_b_for_5_10_kms_and_c_for_10+_kms",all_weather_road_status_a_1_na_2,"if_all_weather_road_not_available_within_the_village,_the_distance_range_code_of_nearest_place_where_facility_is_available_is_given_viz;_a_for_<_5_kms,_b_for_5_10_kms_and_c_for_10+_kms",navigable_waterways_river_canal_status_a_1_na_2,"if_navigable_waterways_river_canal_not_available_within_the_village,_the_distance_range_code_of_nearest_place_where_facility_is_available_is_given_viz;_a_for_<_5_kms,_b_for_5_10_kms_and_c_for_10+_kms",footpath_status_a_1_na_2,"if_footpath_not_available_within_the_village,_the_distance_range_code_of_nearest_place_where_facility_is_available_is_given_viz;_a_for_<_5_kms,_b_for_5_10_kms_and_c_for_10+_kms",atm_status_a_1_na_2,nearest_facility_distance_in_km,commercial_bank_status_a_1_na_2,"if_commercial_bank_not_available_within_the_village,_the_distance_range_code_of_nearest_place_where_facility_is_available_is_given_viz;_a_for_<_5_kms,_b_for_5_10_kms_and_c_for_10+_kms",cooperative_bank_status_a_1_na_2,"if_cooperative_bank_not_available_within_the_village,_the_distance_range_code_of_nearest_place_where_facility_is_available_is_given_viz;_a_for_<_5_kms,_b_for_5_10_kms_and_c_for_10+_kms",agricultural_credit_societies_status_a_1_na_2,"if_agricultural_credit_societies_not_available_within_the_village,_the_distance_range_code_of_nearest_place_where_facility_is_available_is_given_viz;_a_for_<_5_kms,_b_for_5_10_kms_and_c_for_10+_kms",self_help_group_shg_status_a_1_na_2,"if_self_help_group_shg_not_available_within_the_village,_the_distance_range_code_of_nearest_place_where_facility_is_available_is_given_viz;_a_for_<_5_kms,_b_for_5_10_kms_and_c_for_10+_kms",public_distribution_system_pds_shop_status_a_1_na_2,"if_public_distribution_system_pds_shop_not_available_within_the_village,_the_distance_range_code_of_nearest_place_where_facility_is_available_is_given_viz;_a_for_<_5_kms,_b_for_5_10_kms_and_c_for_10+_kms",mandis_regular_market_status_a_1_na_2,"if_mandis_regular_market_not_available_within_the_village,_the_distance_range_code_of_nearest_place_where_facility_is_available_is_given_viz;_a_for_<_5_kms,_b_for_5_10_kms_and_c_for_10+_kms",weekly_haat_status_a_1_na_2,"if_weekly_haat_not_available_within_the_village,_the_distance_range_code_of_nearest_place_where_facility_is_available_is_given_viz;_a_for_<_5_kms,_b_for_5_10_kms_and_c_for_10+_kms",agricultural_marketing_society_status_a_1_na_2,"if_agricultural_marketing_society_not_available_within_the_village,_the_distance_range_code_of_nearest_place_where_facility_is_available_is_given_viz;_a_for_<_5_kms,_b_for_5_10_kms_and_c_for_10+_kms",nutritional_centres_icds_status_a_1_na_2,"if_nutritional_centres_icds_not_available_within_the_village,_the_distance_range_code_of_nearest_place_where_facility_is_available_is_given_viz;_a_for_<_5_kms,_b_for_5_10_kms_and_c_for_10+_kms",nutritional_centres_anganwadi_centre_status_a_1_na_2,"if_nutritional_centres_anganwadi_centre_not_available_within_the_village,_the_distance_range_code_of_nearest_place_where_facility_is_available_is_given_viz;_a_for_<_5_kms,_b_for_5_10_kms_and_c_for_10+_kms",nutritional_centres_others_status_a_1_na_2,asha_status_a_1_na_2,community_centre_with_without_tv_status_a_1_na_2,"if_community_centre_with_without_tv_not_available_within_the_village,_the_distance_range_code_of_nearest_place_where_facility_is_available_is_given_viz;_a_for_<_5_kms,_b_for_5_10_kms_and_c_for_10+_kms",sports_field_status_a_1_na_2,"if_sports_field_not_available_within_the_village,_the_distance_range_code_of_nearest_place_where_facility_is_available_is_given_viz;_a_for_<_5_kms,_b_for_5_10_kms_and_c_for_10+_kms",sports_club_recreation_centre_status_a_1_na_2,"if_sports_club_recreation_centre_not_available_within_the_village,_the_distance_range_code_of_nearest_place_where_facility_is_available_is_given_viz;_a_for_<_5_kms,_b_for_5_10_kms_and_c_for_10+_kms",cinema_video_hall_status_a_1_na_2,"if_cinema_video_hall_not_available_within_the_village,_the_distance_range_code_of_nearest_place_where_facility_is_available_is_given_viz;_a_for_<_5_kms,_b_for_5_10_kms_and_c_for_10+_kms",public_library_status_a_1_na_2,"if_public_library_not_available_within_the_village,_the_distance_range_code_of_nearest_place_where_facility_is_available_is_given_viz;_a_for_<_5_kms,_b_for_5_10_kms_and_c_for_10+_kms",public_reading_room_status_a_1_na_2,"if_public_reading_room_not_available_within_the_village,_the_distance_range_code_of_nearest_place_where_facility_is_available_is_given_viz;_a_for_<_5_kms,_b_for_5_10_kms_and_c_for_10+_kms",daily_newspaper_supply_status_a_1_na_2,"if_daily_newspaper_supply_not_available_within_the_village,_the_distance_range_code_of_nearest_place_where_facility_is_available_is_given_viz;_a_for_<_5_kms,_b_for_5_10_kms_and_c_for_10+_kms",assembly_polling_station_status_a_1_na_2,"if_assembly_polling_station_not_available_within_the_village,_the_distance_range_code_of_nearest_place_where_facility_is_available_is_given_viz;_a_for_<_5_kms,_b_for_5_10_kms_and_c_for_10+_kms",birth_and_death_registration_office_status_a_1_na_2,"if_birth_and_death_registration_office_not_available_within_the_village,_the_distance_range_code_of_nearest_place_where_facility_is_available_is_given_viz;_a_for_<_5_kms,_b_for_5_10_kms_and_c_for_10+_kms",power_supply_for_domestic_use_status_a_1_na_2,power_supply_for_domestic_use_summer_april_sept_per_day_in_hours,power_supply_for_domestic_use_winter_oct_march_per_day_in_hours,power_supply_for_agriculture_use_status_a_1_na_2,power_supply_for_agriculture_use_summer_april_sept_per_day_in_hours,power_supply_for_agriculture_use_winter_oct_march_per_day_in_hours,power_supply_for_commercial_use_status_a_1_na_2,power_supply_for_commercial_use_summer_april_sept_per_day_in_hours,power_supply_for_commercial_use_winter_oct_march_per_day_in_hours,power_supply_for_all_users_status_a_1_na_2,power_supply_for_all_users_summer_april_sept_per_day_in_hours,power_supply_for_all_users_winter_oct_march_per_day_in_hours,agricultural_commodities_first,manufacturers_commodities_first,handicrafts_commodities_first,agricultural_commodities_second,manufacturers_commodities_second,handicrafts_commodities_second,agricultural_commodities_third,forest_area_in_hectares,area_under_non_agricultural_uses_in_hectares,barren_&_un_cultivable_land_area_in_hectares,permanent_pastures_and_other_grazing_land_area_in_hectares,land_under_miscellaneous_tree_crops_etc_area_in_hectares,culturable_waste_land_area_in_hectares,fallows_land_other_than_current_fallows_area_in_hectares,current_fallows_area_in_hectares,net_area_sown_in_hectares,total_unirrigated_land_area_in_hectares,area_irrigated_by_source_in_hectares,canals_area_in_hectares,wells_tube_wells_area_in_hectares,tanks_lakes_area_in_hectares,waterfall_area_in_hectares,other_source_specify_area_in_hectares,nearest_town_name,nearest_town_distance_from_village_in_km,source_file
,HIMACHAL PRADESH,,Kullu,,Manali,,Palchan (21/24),,Naggar,2009,MANALI,10.0,KULLU,50,MANALI,10.0,YES,176.81,280.0,1241,674.0,567.0,94.0,54.0,40.0,33.0,21.0,12.0,2.0,0.0,2.0,0.0,2.0,MANALI,,1.0,1.0,2.0,0.0,,,,1.0,1.0,2.0,0.0,,,,1.0,1.0,2.0,0.0,,,,2.0,0.0,2.0,0.0,1.0,BAHANG,,2.0,0.0,2.0,0.0,1.0,KULLU,,2.0,0.0,2.0,0.0,1.0,MANDI,,2.0,0.0,2.0,0.0,1.0,SHIMLA,,2.0,0.0,2.0,0.0,2.0,MANDI (TALYAR),,2.0,0.0,2.0,0.0,1.0,SUNDER NAGAR,,2.0,0.0,2.0,0.0,1.0,SHAMSHI,,2.0,0.0,2.0,0.0,1.0,KULLU,,2.0,0.0,2.0,0.0,1.0,SUNDER NAGAR,,2.0,0.0,2.0,0.0,N.A.,,0.0,0.0,0.0,0.0,0.0,,0.0,0.0,0.0,0.0,0.0,,0.0,0.0,0.0,0.0,0.0,,0.0,0.0,0.0,0.0,0.0,,0.0,0.0,0.0,0.0,0.0,,0.0,0.0,0.0,0.0,0.0,,0.0,0.0,0.0,0.0,0.0,,1.0,1.0,1.0,0.0,0.0,,0.0,0.0,0.0,0.0,0.0,,0.0,0.0,0.0,0.0,0.0,,0.0,0.0,0.0,0.0,0.0,,0.0,0.0,0.0,0.0,0.0,0.0,0.0,0.0,0.0,1.0,1.0,1.0,2.0,,,2.0,,,2.0,,,2.0,,,2.0,2.0,,,1.0,1.0,1.0,2.0,,,2.0,,,2.0,1.0,2.0,2.0,2.0,1.0,1.0,1.0,2.0,2.0,2.0,2.0,2.0,2.0,2.0,2.0,,2.0,,2.0,,1.0,175131.0,1.0,,2.0,,1.0,,2.0,,2.0,,1.0,,1.0,,2.0,,1.0,,1.0,,1.0,,1.0,,2.0,,2.0,,2.0,,2.0,,1.0,,1.0,,1.0,,1.0,,1.0,,2.0,,2.0,,1.0,,2.0,,1.0,,2.0,b,2.0,,2.0,,2.0,,1.0,,1.0,,2.0,,2.0,,2.0,,2.0,,1.0,,1.0,1.0,2.0,,2.0,,2.0,,2.0,,2.0,,2.0,,2.0,,1.0,,1.0,,1.0,24.0,24.0,1.0,24.0,24.0,1.0,24.0,24.0,1.0,24.0,24.0,WHEAT,,CARPET,BARLEY,,SHAWL,MAIZE,0.0,0.0,0.0,30.74,0.0,0.0,0.0,0.0,146.07,146.07,0.0,0.0,0,0,0,0.0,MANALI,10.0,kullu_kullu_village_amenities.csv
,HIMACHAL PRADESH,,Kullu,,Manali,,UP Muhal Solang,,Naggar,2009,MANALI,15.0,KULLU,55,MANALI,15.0,YES,163.17,209.0,1016,661.0,355.0,5.0,5.0,0.0,18.0,10.0,8.0,2.0,0.0,2.0,0.0,2.0,MANALI,,1.0,1.0,2.0,0.0,,,,1.0,1.0,2.0,0.0,,,,2.0,0.0,2.0,0.0,1.0,PALCHAN,,2.0,0.0,2.0,0.0,1.0,BAHANG,,2.0,0.0,2.0,0.0,1.0,KULLU,,2.0,0.0,2.0,0.0,1.0,MANDI,,2.0,0.0,2.0,0.0,1.0,SHIMLA,,2.0,0.0,2.0,0.0,2.0,MANDI (TALYAR),,2.0,0.0,2.0,0.0,1.0,SUNDER NAGAR,,2.0,0.0,2.0,0.0,1.0,SHAMSHI,,2.0,0.0,2.0,0.0,1.0,KULLU,,2.0,0.0,2.0,0.0,1.0,SUNDER NAGAR,,2.0,0.0,2.0,0.0,N.A.,,0.0,0.0,0.0,0.0,0.0,,0.0,0.0,0.0,0.0,0.0,,0.0,0.0,0.0,0.0,0.0,,0.0,0.0,0.0,0.0,0.0,,0.0,0.0,0.0,0.0,0.0,,0.0,0.0,0.0,0.0,0.0,,0.0,0.0,0.0,0.0,0.0,,0.0,0.0,0.0,0.0,0.0,,0.0,0.0,0.0,0.0,0.0,,0.0,0.0,0.0,0.0,0.0,,0.0,0.0,0.0,0.0,0.0,,0.0,0.0,0.0,0.0,0.0,0.0,0.0,0.0,0.0,1.0,1.0,1.0,2.0,,,2.0,,,2.0,,,2.0,,,2.0,2.0,,,1.0,1.0,1.0,2.0,,,2.0,,,2.0,2.0,1.0,2.0,2.0,2.0,1.0,1.0,2.0,2.0,2.0,2.0,2.0,2.0,2.0,2.0,,2.0,,2.0,,1.0,175131.0,1.0,,2.0,,1.0,,2.0,,2.0,,1.0,,1.0,,2.0,,1.0,,1.0,,1.0,,2.0,,2.0,,2.0,,2.0,,2.0,,1.0,,1.0,,1.0,,1.0,,1.0,,2.0,,2.0,,2.0,,2.0,,1.0,,2.0,c,2.0,,2.0,,2.0,,1.0,,2.0,,2.0,,2.0,,2.0,,2.0,,1.0,,1.0,1.0,2.0,,2.0,,2.0,,2.0,,2.0,,2.0,,1.0,,1.0,,1.0,,1.0,24.0,24.0,1.0,24.0,24.0,1.0,24.0,24.0,1.0,24.0,24.0,WHEAT,,BLANKET,BARLEY,,CARPET,MAIZE,0.0,34.58,0.0,96.07,0.0,7.04,0.0,0.0,25.48,25.48,0.0,0.0,0,0,0,0.0,MANALI,15.0,kullu_kullu_village_amenities.csv
,HIMACHAL PRADESH,,Kullu,,Manali,,UP Muhal Kothi,,Naggar,2009,MANALI,16.0,KULLU,56,MANALI,16.0,YES,79.71,77.0,349,188.0,161.0,2.0,1.0,1.0,2.0,1.0,1.0,2.0,0.0,2.0,0.0,2.0,MANALI,,1.0,1.0,2.0,0.0,,,,2.0,0.0,2.0,0.0,1.0,PALCHAN,,2.0,0.0,2.0,0.0,1.0,PALCHAN,,2.0,0.0,2.0,0.0,1.0,MANALI,,2.0,0.0,2.0,0.0,1.0,KULLU,,2.0,0.0,2.0,0.0,1.0,MANDI,,2.0,0.0,2.0,0.0,1.0,SHIMLA,,2.0,0.0,2.0,0.0,2.0,TALYAR,,2.0,0.0,2.0,0.0,1.0,SUNDER NAGAR,,2.0,0.0,2.0,0.0,1.0,SHAMSHI,,2.0,0.0,2.0,0.0,1.0,KULLU,,2.0,0.0,2.0,0.0,1.0,SUNDER NAGAR,,2.0,0.0,2.0,0.0,N.A.,,0.0,0.0,0.0,0.0,0.0,,1.0,1.0,1.0,1.0,1.0,,0.0,0.0,0.0,0.0,0.0,,0.0,0.0,0.0,0.0,0.0,,0.0,0.0,0.0,0.0,0.0,,0.0,0.0,0.0,0.0,0.0,,0.0,0.0,0.0,0.0,0.0,,0.0,0.0,0.0,0.0,0.0,,0.0,0.0,0.0,0.0,0.0,,0.0,0.0,0.0,0.0,0.0,,0.0,0.0,0.0,0.0,0.0,,0.0,0.0,0.0,0.0,0.0,0.0,0.0,0.0,0.0,1.0,1.0,1.0,2.0,,,2.0,,,2.0,,,2.0,,,2.0,2.0,,,2.0,,,2.0,,,2.0,,,2.0,1.0,2.0,2.0,2.0,1.0,1.0,1.0,2.0,2.0,2.0,2.0,2.0,2.0,2.0,2.0,,2.0,,2.0,,1.0,175131.0,1.0,,2.0,,1.0,,2.0,,2.0,,1.0,,1.0,,2.0,,1.0,,1.0,,1.0,,1.0,,2.0,,2.0,,2.0,,2.0,,1.0,,1.0,,1.0,,1.0,,1.0,,2.0,,2.0,,2.0,,2.0,,1.0,,2.0,c,2.0,,2.0,,2.0,,2.0,,2.0,,2.0,,2.0,,2.0,,2.0,,2.0,,1.0,1.0,2.0,,2.0,,2.0,,2.0,,2.0,,2.0,,2.0,,2.0,,2.0,,1.0,24.0,24.0,1.0,24.0,24.0,1.0,24.0,24.0,1.0,24.0,24.0,WHEAT,,SHAWL,BARLEY,,BLANKET,MAIZE,0.0,9.24,0.0,46.05,0.0,12.95,0.0,0.0,11.47,11.47,0.0,0.0,0,0,0,0.0,MANALI,16.0,kullu_kullu_village_amenities.csv
,HIMACHAL PRADESH,,Kullu,,Manali,,UP Muhal Kulang,,Naggar,2009,MANALI,8.0,KULLU,48,MANALI,8.0,YES,49.55,63.0,287,148.0,139.0,10.0,4.0,6.0,0.0,0.0,0.0,2.0,0.0,2.0,0.0,2.0,MANALI,,1.0,1.0,2.0,0.0,,,,2.0,0.0,2.0,0.0,1.0,PALCHAN,,2.0,0.0,2.0,0.0,1.0,BAHANG,,2.0,0.0,2.0,0.0,1.0,BAHANG,,2.0,0.0,2.0,0.0,1.0,KULLU,,2.0,0.0,2.0,0.0,1.0,MANDI,,2.0,0.0,2.0,0.0,1.0,SHIMLA,,2.0,0.0,2.0,0.0,2.0,TALYAR,,2.0,0.0,2.0,0.0,1.0,SUNDER NAGAR,,2.0,0.0,2.0,0.0,1.0,SHAMSHI,,2.0,0.0,2.0,0.0,1.0,KULLU,,2.0,0.0,2.0,0.0,1.0,SUNDER NAGAR,,2.0,0.0,2.0,0.0,N.A.,,0.0,0.0,0.0,0.0,0.0,,0.0,0.0,0.0,0.0,0.0,,0.0,0.0,0.0,0.0,0.0,,0.0,0.0,0.0,0.0,0.0,,0.0,0.0,0.0,0.0,0.0,,0.0,0.0,0.0,0.0,0.0,,0.0,0.0,0.0,0.0,0.0,,0.0,0.0,0.0,0.0,0.0,,0.0,0.0,0.0,0.0,0.0,,0.0,0.0,0.0,0.0,0.0,,0.0,0.0,0.0,0.0,0.0,,0.0,0.0,0.0,0.0,0.0,0.0,0.0,0.0,0.0,1.0,1.0,1.0,2.0,,,2.0,,,2.0,,,2.0,,,2.0,2.0,,,1.0,1.0,1.0,2.0,,,2.0,,,2.0,1.0,2.0,2.0,2.0,1.0,1.0,1.0,2.0,2.0,2.0,2.0,2.0,2.0,2.0,2.0,,2.0,,2.0,,1.0,175131.0,1.0,,2.0,,1.0,,2.0,,2.0,,1.0,,1.0,,2.0,,1.0,,1.0,,1.0,,2.0,,2.0,,2.0,,2.0,,2.0,,1.0,,1.0,,1.0,,1.0,,1.0,,2.0,,2.0,,2.0,,2.0,,1.0,,2.0,b,2.0,,2.0,,2.0,,2.0,,2.0,,2.0,,2.0,,2.0,,2.0,,2.0,,1.0,1.0,2.0,,2.0,,2.0,,2.0,,2.0,,2.0,,2.0,,2.0,,2.0,,1.0,24.0,24.0,1.0,24.0,24.0,1.0,24.0,24.0,1.0,24.0,24.0,WHEAT,,BLANKET,MAIZE,,CARPET,BARLEY,0.0,9.99,0.0,38.49,0.0,0.12,0.0,0.0,0.95,0.95,0.0,0.0,0,0,0,0.0,MANALI,8.0,kullu_kullu_village_amenities.csv
,HIMACHAL PRADESH,,Kullu,,Manali,,Muhal Buruwa (21/25),,Naggar,2009,MANALI,9.0,KULLU,49,MANALI,9.0,YES,86.96,283.0,1294,693.0,601.0,89.0,49.0,40.0,27.0,12.0,15.0,2.0,0.0,2.0,0.0,2.0,BURUWA,,1.0,1.0,1.0,1.0,,,,1.0,1.0,2.0,0.0,,,,2.0,0.0,2.0,0.0,1.0,BAHANG,,2.0,0.0,2.0,0.0,1.0,BAHANG,,2.0,0.0,2.0,0.0,1.0,HARIPUR,,2.0,0.0,2.0,0.0,1.0,HARIPUR,,2.0,0.0,2.0,0.0,1.0,SHIMLA,,2.0,0.0,2.0,0.0,2.0,TALYAR,,2.0,0.0,2.0,0.0,1.0,SUNDER NAGAR,,2.0,0.0,2.0,0.0,1.0,SHAMSHI,,2.0,0.0,2.0,0.0,1.0,SHAMSHI,,2.0,0.0,2.0,0.0,1.0,KULLU,,2.0,0.0,2.0,0.0,N.A.,,0.0,0.0,0.0,0.0,0.0,,0.0,0.0,0.0,0.0,0.0,,1.0,1.0,0.0,1.0,0.0,,0.0,0.0,0.0,0.0,0.0,,0.0,0.0,0.0,0.0,0.0,,0.0,0.0,0.0,0.0,0.0,,0.0,0.0,0.0,0.0,0.0,,0.0,0.0,0.0,0.0,0.0,,1.0,1.0,1.0,0.0,0.0,,0.0,0.0,0.0,0.0,0.0,,0.0,0.0,0.0,0.0,0.0,,0.0,0.0,0.0,0.0,0.0,0.0,0.0,0.0,0.0,1.0,1.0,1.0,2.0,,,2.0,,,2.0,,,2.0,,,2.0,2.0,,,2.0,,,2.0,,,2.0,,,2.0,1.0,2.0,2.0,2.0,1.0,2.0,2.0,2.0,2.0,2.0,2.0,2.0,2.0,2.0,2.0,,1.0,,2.0,,1.0,175103.0,1.0,,2.0,,2.0,,2.0,,2.0,,2.0,,2.0,,2.0,,1.0,,1.0,,1.0,,2.0,,2.0,,2.0,,2.0,,2.0,,2.0,,2.0,,2.0,,1.0,,1.0,,2.0,,2.0,,2.0,,2.0,,1.0,,2.0,b,1.0,,2.0,,1.0,,1.0,,1.0,,2.0,,2.0,,2.0,,2.0,,1.0,,1.0,1.0,2.0,,2.0,,2.0,,2.0,,2.0,,2.0,,2.0,,1.0,,1.0,,1.0,24.0,24.0,1.0,24.0,24.0,1.0,24.0,24.0,1.0,24.0,24.0,MAIZE,,,WHEAT,,,BARLEY,0.0,6.06,0.0,10.02,0.0,16.49,0.0,0.0,54.39,54.39,0.0,0.0,0,0,0,0.0,MANALI,9.0,kullu_kullu_village_amenities.csv
,HIMACHAL PRADESH,,Kullu,,Manali,,Up Muhal Buruwa Majhach ,,Naggar,2009,MANALI,8.0,KULLU,48,MANALI,8.0,YES,249.1,97.0,484,246.0,238.0,23.0,13.0,10.0,0.0,0.0,0.0,2.0,0.0,2.0,0.0,1.0,BURUWA,,1.0,1.0,2.0,0.0,,,,1.0,1.0,2.0,0.0,,,,2.0,0.0,2.0,0.0,1.0,BAHANG,,2.0,0.0,2.0,0.0,1.0,BAHANG,,2.0,0.0,2.0,0.0,1.0,HARIPUR,,2.0,0.0,2.0,0.0,1.0,MANDI,,2.0,0.0,2.0,0.0,1.0,SHIMLA,,2.0,0.0,2.0,0.0,2.0,TALYAR,,2.0,0.0,2.0,0.0,1.0,SHAMSHI,,2.0,0.0,2.0,0.0,1.0,SHAMSHI,,2.0,0.0,2.0,0.0,1.0,KULLU,,2.0,0.0,2.0,0.0,1.0,SUNDER NAGAR,,2.0,0.0,2.0,0.0,N.A.,,0.0,0.0,0.0,0.0,0.0,,0.0,0.0,0.0,0.0,0.0,,0.0,0.0,0.0,0.0,0.0,,0.0,0.0,0.0,0.0,0.0,,0.0,0.0,0.0,0.0,0.0,,0.0,0.0,0.0,0.0,0.0,,0.0,0.0,0.0,0.0,0.0,,0.0,0.0,0.0,0.0,0.0,,0.0,0.0,0.0,0.0,0.0,,0.0,0.0,0.0,0.0,0.0,,0.0,0.0,0.0,0.0,0.0,,0.0,0.0,0.0,0.0,0.0,0.0,0.0,0.0,0.0,1.0,1.0,1.0,2.0,,,2.0,,,2.0,,,2.0,,,2.0,2.0,,,2.0,,,2.0,,,2.0,,,2.0,1.0,2.0,2.0,2.0,1.0,1.0,2.0,2.0,2.0,2.0,2.0,2.0,2.0,2.0,2.0,,1.0,,2.0,,1.0,175103.0,1.0,,2.0,,2.0,,2.0,,2.0,,1.0,,1.0,,2.0,,2.0,,2.0,,2.0,,2.0,,2.0,,2.0,,2.0,,2.0,,2.0,,1.0,,2.0,,2.0,,2.0,,1.0,,2.0,,2.0,,2.0,,1.0,,2.0,b,1.0,,2.0,,1.0,,1.0,,2.0,,2.0,,2.0,,2.0,,2.0,,1.0,,1.0,1.0,2.0,,2.0,,2.0,,2.0,,2.0,,2.0,,2.0,,2.0,,2.0,,1.0,24.0,24.0,1.0,24.0,24.0,1.0,24.0,24.0,1.0,24.0,24.0,MAIZE,,,WHEAT,,,BARLEY,0.0,5.06,0.0,86.07,0.0,69.33,0.0,0.0,88.64,88.64,0.0,0.0,0,0,0,0.0,MANALI,8.0,kullu_kullu_village_amenities.csv
,HIMACHAL PRADESH,,Kullu,,Manali,,Up Muhal Vyas Tibba,,Naggar,2009,MANALI,9.0,KULLU,49,MANALI,9.0,YES,1.62,,0,,,,,,,,,,,,,,,,,,,,,,,,,,,,,,,,,,,,,,,,,,,,,,,,,,,,,,,,,,,,,,,,,,,,,,,,,,,,,,,,,,,,,,,,,,,,,,,,,,,,,,,,,,,,,,,,,,,,,,,,,,,,,,,,,,,,,,,,,,,,,,,,,,,,,,,,,,,,,,,,,,,,,,,,,,,,,,,,,,,,,,,,,,,,,,,,,,,,,,,,,,,,,,,,,,,,,,,,,,,,,,,,,,,,,,,,,,,,,,,,,,,,,,,,,,,,,,,,,,,,,,,,,,,,,,,,,,,,,,,,,,,,,,,,,,,,,,,,,,,,,,,,,,,,,,,,,,,,,,,,,,,,,,,,,,,,,,,,,,,,,,,,,1.62,0.0,0.0,0.0,0.0,0.0,0.0,0.0,0.0,0.0,0.0,0.0,0,0,0,0.0,MANALI,9.0,kullu_kullu_village_amenities.csv
,HIMACHAL PRADESH,,Kullu,,Manali,,Up Muhal Shanag,,Naggar,2009,MANALI,6.0,KULLU,46,MANALI,6.0,YES,159.97,181.0,850,425.0,425.0,168.0,85.0,83.0,35.0,16.0,19.0,2.0,0.0,2.0,0.0,1.0,BURUWA,,1.0,1.0,2.0,0.0,,,,2.0,0.0,2.0,0.0,1.0,BAHANG,,2.0,0.0,2.0,0.0,1.0,BAHANG,,2.0,0.0,2.0,0.0,1.0,BAHANG,,2.0,0.0,2.0,0.0,1.0,HARIPUR,,2.0,0.0,2.0,0.0,1.0,HARIPUR,,2.0,0.0,2.0,0.0,1.0,SHIMLA,,2.0,0.0,2.0,0.0,1.0,SHIMLA,,2.0,0.0,2.0,0.0,1.0,SUNDER NAGAR,,2.0,0.0,2.0,0.0,1.0,SHAMSHI,,2.0,0.0,2.0,0.0,1.0,KULLU,,2.0,0.0,2.0,0.0,1.0,SUNDER NAGAR,,2.0,0.0,2.0,0.0,N.A.,,0.0,0.0,0.0,0.0,0.0,,0.0,0.0,0.0,0.0,0.0,,0.0,0.0,0.0,0.0,0.0,,0.0,0.0,0.0,0.0,0.0,,0.0,0.0,0.0,0.0,0.0,,0.0,0.0,0.0,0.0,0.0,,0.0,0.0,0.0,0.0,0.0,,0.0,0.0,0.0,0.0,0.0,,0.0,0.0,0.0,0.0,0.0,,0.0,0.0,0.0,0.0,0.0,,0.0,0.0,0.0,0.0,0.0,,0.0,0.0,0.0,0.0,0.0,0.0,0.0,0.0,0.0,1.0,1.0,1.0,2.0,,,2.0,,,2.0,,,2.0,,,2.0,2.0,,,1.0,1.0,1.0,2.0,,,2.0,,,2.0,1.0,2.0,2.0,2.0,1.0,1.0,2.0,2.0,2.0,2.0,2.0,2.0,2.0,2.0,2.0,,2.0,,2.0,,1.0,175103.0,1.0,,2.0,,2.0,,2.0,,2.0,,2.0,,2.0,,2.0,,1.0,,1.0,,1.0,,2.0,,2.0,,2.0,,2.0,,2.0,,2.0,,1.0,,2.0,,2.0,,1.0,,2.0,,2.0,,2.0,,2.0,,1.0,,2.0,b,1.0,,2.0,,1.0,,1.0,,2.0,,2.0,,2.0,,2.0,,2.0,,1.0,,1.0,1.0,2.0,,2.0,,2.0,,2.0,,2.0,,2.0,,2.0,,1.0,,2.0,,1.0,24.0,24.0,1.0,24.0,24.0,1.0,24.0,24.0,1.0,24.0,24.0,MAIZE,,,WHEAT,,,BARLEY,0.0,19.69,0.0,0.0,0.0,82.81,0.0,0.0,57.47,57.47,0.0,0.0,0,0,0,0.0,MANALI,6.0,kullu_kullu_village_amenities.csv
,HIMACHAL PRADESH,,Kullu,,Manali,,Up Muhal Gaushal,,Naggar,2009,MANALI,6.0,KULLU,46,KULLU,46.0,YES,106.36,178.0,823,391.0,432.0,252.0,118.0,134.0,2.0,2.0,0.0,2.0,0.0,2.0,0.0,1.0,BURUA,,1.0,1.0,2.0,0.0,,,,2.0,0.0,2.0,0.0,1.0,BAHANG,,2.0,0.0,2.0,0.0,1.0,BAHANG,,2.0,0.0,2.0,0.0,1.0,BAHANG,,2.0,0.0,2.0,0.0,1.0,HARIPUR,,2.0,0.0,2.0,0.0,1.0,HARIPUR,,2.0,0.0,2.0,0.0,1.0,SHIMLA,,2.0,0.0,2.0,0.0,2.0,TALYAR,,2.0,0.0,2.0,0.0,1.0,SUNDER NAGAR,,2.0,0.0,2.0,0.0,1.0,SHAMSHI,,2.0,0.0,2.0,0.0,1.0,SHAMSHI,,2.0,0.0,2.0,0.0,1.0,SUNDER  NAGAR,,2.0,0.0,2.0,0.0,N.A.,,0.0,0.0,0.0,0.0,0.0,,0.0,0.0,0.0,0.0,0.0,,0.0,0.0,0.0,0.0,0.0,,0.0,0.0,0.0,0.0,0.0,,0.0,0.0,0.0,0.0,0.0,,0.0,0.0,0.0,0.0,0.0,,0.0,0.0,0.0,0.0,0.0,,0.0,0.0,0.0,0.0,0.0,,0.0,0.0,0.0,0.0,0.0,,0.0,0.0,0.0,0.0,0.0,,0.0,0.0,0.0,0.0,0.0,,0.0,0.0,0.0,0.0,0.0,0.0,0.0,0.0,0.0,1.0,1.0,1.0,2.0,,,2.0,,,2.0,,,2.0,,,2.0,2.0,,,2.0,,,2.0,,,2.0,,,2.0,1.0,2.0,2.0,2.0,1.0,1.0,2.0,2.0,2.0,2.0,2.0,2.0,2.0,2.0,2.0,,2.0,,2.0,,1.0,175103.0,1.0,,2.0,,2.0,,2.0,,2.0,,2.0,,2.0,,2.0,,1.0,,1.0,,1.0,,2.0,,2.0,,2.0,,2.0,,2.0,,2.0,,1.0,,1.0,,1.0,,1.0,,2.0,,2.0,,2.0,,2.0,,1.0,,2.0,b,1.0,,2.0,,1.0,,1.0,,2.0,,2.0,,2.0,,2.0,,1.0,,2.0,,1.0,1.0,2.0,,2.0,,2.0,,2.0,,2.0,,2.0,,2.0,,1.0,,2.0,,1.0,24.0,24.0,1.0,24.0,24.0,1.0,24.0,24.0,1.0,24.0,24.0,MAIZE,,,WHEAT,,,BARLEY,0.0,9.25,0.0,57.86,0.0,10.72,0.0,0.0,28.53,28.53,0.0,0.0,0,0,0,0.0,KULLU,46.0,kullu_kullu_village_amenities.csv
,HIMACHAL PRADESH,,Kullu,,Manali,,Up Muhal Bahang,,Naggar,2009,MANALI,4.0,KULLU,44,MANALI,4.0,YES,127.7,376.0,1567,916.0,651.0,165.0,99.0,66.0,52.0,21.0,31.0,2.0,0.0,2.0,0.0,1.0,BURUWA,,1.0,1.0,2.0,0.0,,,,1.0,1.0,2.0,0.0,,,,1.0,1.0,2.0,0.0,,,,1.0,1.0,2.0,0.0,,,,2.0,0.0,2.0,0.0,1.0,HARIPUR,,2.0,0.0,2.0,0.0,1.0,HARIPUR,,2.0,0.0,2.0,0.0,1.0,SHIMLA,,2.0,0.0,2.0,0.0,2.0,TALYAR,,2.0,0.0,2.0,0.0,1.0,SUNDER NAGAR,,2.0,0.0,2.0,0.0,1.0,SHAMSHI,,2.0,0.0,2.0,0.0,1.0,KULLU,,2.0,0.0,2.0,0.0,1.0,SUNDER NAGAR,,2.0,0.0,2.0,0.0,N.A.,,0.0,0.0,0.0,0.0,0.0,,0.0,0.0,0.0,0.0,0.0,,1.0,1.0,1.0,1.0,0.0,,0.0,0.0,0.0,0.0,0.0,,0.0,0.0,0.0,0.0,0.0,,0.0,0.0,0.0,0.0,0.0,,0.0,0.0,0.0,0.0,0.0,,0.0,0.0,0.0,0.0,0.0,,0.0,0.0,0.0,0.0,0.0,,0.0,0.0,0.0,0.0,0.0,,0.0,0.0,0.0,0.0,0.0,,0.0,0.0,0.0,0.0,0.0,0.0,0.0,0.0,0.0,1.0,1.0,1.0,2.0,,,2.0,,,2.0,,,2.0,,,2.0,2.0,,,1.0,1.0,1.0,2.0,,,2.0,,,2.0,1.0,2.0,2.0,2.0,1.0,1.0,2.0,2.0,2.0,2.0,2.0,2.0,2.0,2.0,2.0,,1.0,,2.0,,1.0,175103.0,1.0,,2.0,,2.0,,2.0,,2.0,,1.0,,1.0,,2.0,,1.0,,1.0,,1.0,,2.0,,2.0,,2.0,,2.0,,2.0,,2.0,,1.0,,1.0,,1.0,,1.0,,2.0,,2.0,,2.0,,2.0,,1.0,,2.0,a,1.0,,2.0,,1.0,,1.0,,1.0,,2.0,,2.0,,2.0,,2.0,,1.0,,1.0,1.0,2.0,,2.0,,2.0,,2.0,,2.0,,2.0,,2.0,,1.0,,1.0,,1.0,24.0,24.0,1.0,24.0,24.0,1.0,24.0,24.0,1.0,24.0,24.0,MAIZE,,,WHEAT,,,BARLEY,0.0,52.13,0.0,46.26,0.0,5.46,0.0,0.0,23.85,23.85,0.0,0.0,0,0,0,0.0,MANALI,4.0,kullu_kullu_village_amenities.csv
,HIMACHAL PRADESH,,Kullu,,Manali,,Up Muhal Majhach,,Naggar,2009,MANALI,8.0,KULLU,48,MANALI,8.0,YES,126.52,95.0,437,224.0,213.0,0.0,0.0,0.0,0.0,0.0,0.0,2.0,0.0,2.0,0.0,1.0,BURUWA,,1.0,1.0,2.0,0.0,,,,2.0,0.0,2.0,0.0,1.0,BURUWA,,2.0,0.0,2.0,0.0,1.0,BAHANG,,2.0,0.0,2.0,0.0,1.0,BAHANG,,2.0,0.0,2.0,0.0,1.0,KULLU,,2.0,0.0,2.0,0.0,1.0,MANDI,,2.0,0.0,2.0,0.0,1.0,SHIMLA,,2.0,0.0,2.0,0.0,1.0,TALYAR,,2.0,0.0,2.0,0.0,1.0,SUNDER NAGAR,,2.0,0.0,2.0,0.0,1.0,SHAMSHI,,2.0,0.0,2.0,0.0,1.0,SHAMSHI,,2.0,0.0,2.0,0.0,1.0,SUNDER NAGAR,,2.0,0.0,2.0,0.0,N.A.,,0.0,0.0,0.0,0.0,0.0,,0.0,0.0,0.0,0.0,0.0,,0.0,0.0,0.0,0.0,0.0,,0.0,0.0,0.0,0.0,0.0,,0.0,0.0,0.0,0.0,0.0,,0.0,0.0,0.0,0.0,0.0,,0.0,0.0,0.0,0.0,0.0,,0.0,0.0,0.0,0.0,0.0,,0.0,0.0,0.0,0.0,0.0,,0.0,0.0,0.0,0.0,0.0,,0.0,0.0,0.0,0.0,0.0,,0.0,0.0,0.0,0.0,0.0,0.0,0.0,0.0,0.0,1.0,1.0,1.0,2.0,,,2.0,,,2.0,,,2.0,,,2.0,2.0,,,2.0,,,2.0,,,2.0,,,2.0,1.0,2.0,2.0,2.0,1.0,1.0,2.0,2.0,2.0,2.0,2.0,2.0,2.0,2.0,2.0,,1.0,,2.0,,1.0,175103.0,1.0,,2.0,,2.0,,2.0,,2.0,,1.0,,1.0,,2.0,,2.0,,2.0,,2.0,,2.0,,2.0,,2.0,,2.0,,2.0,,2.0,,1.0,,2.0,,2.0,,2.0,,1.0,,2.0,,2.0,,2.0,,1.0,,2.0,b,1.0,,2.0,,1.0,,1.0,,1.0,,2.0,,2.0,,2.0,,2.0,,1.0,,1.0,1.0,2.0,,2.0,,2.0,,2.0,,2.0,,2.0,,2.0,,1.0,,2.0,,1.0,24.0,24.0,1.0,24.0,24.0,1.0,24.0,24.0,1.0,24.0,24.0,MAIZE,,,WHEAT,,,BARLEY,0.0,6.04,0.0,31.04,0.0,49.53,0.0,0.0,39.91,39.91,0.0,0.0,0,0,0,0.0,MANALI,8.0,kullu_kullu_village_amenities.csv
,HIMACHAL PRADESH,,Kullu,,Manali,,Bashisht (20/23),,Naggar,2009,MANALI,3.0,KULLU,43,MANALI,3.0,YES,110.91,420.0,1626,920.0,706.0,211.0,122.0,89.0,119.0,64.0,55.0,2.0,0.0,2.0,0.0,2.0,MANALI,,1.0,1.0,2.0,0.0,,,,2.0,0.0,2.0,0.0,1.0,MANALI,,2.0,0.0,2.0,0.0,1.0,MANALI,,2.0,0.0,2.0,0.0,1.0,MANALI,,2.0,0.0,2.0,0.0,1.0,KULLU,,2.0,0.0,2.0,0.0,1.0,MANDI,,2.0,0.0,2.0,0.0,1.0,SHIMLA,,2.0,0.0,2.0,0.0,2.0,TALYAR,,2.0,0.0,2.0,0.0,1.0,SUNDER NAGAR,,2.0,0.0,2.0,0.0,1.0,SHAMSHI,,2.0,0.0,2.0,0.0,1.0,KULLU,,2.0,0.0,2.0,0.0,1.0,SUNDER NAGAR,,2.0,0.0,2.0,0.0,N.A.,,0.0,0.0,0.0,0.0,0.0,,0.0,0.0,0.0,0.0,0.0,,0.0,0.0,0.0,0.0,0.0,,0.0,0.0,0.0,0.0,0.0,,0.0,0.0,0.0,0.0,0.0,,0.0,0.0,0.0,0.0,0.0,,0.0,0.0,0.0,0.0,0.0,,0.0,0.0,0.0,0.0,0.0,,0.0,0.0,0.0,0.0,0.0,,0.0,0.0,0.0,0.0,0.0,,0.0,0.0,0.0,0.0,0.0,,0.0,0.0,0.0,0.0,0.0,0.0,0.0,0.0,0.0,1.0,1.0,1.0,2.0,,,2.0,,,2.0,,,2.0,,,2.0,2.0,,,2.0,,,2.0,,,2.0,,,2.0,1.0,2.0,2.0,2.0,1.0,1.0,1.0,2.0,2.0,2.0,2.0,2.0,2.0,2.0,2.0,,2.0,,2.0,,1.0,175103.0,1.0,,2.0,,1.0,,2.0,,2.0,,2.0,,2.0,,2.0,,1.0,,1.0,,1.0,,2.0,,2.0,,2.0,,2.0,,2.0,,1.0,,1.0,,1.0,,1.0,,1.0,,2.0,,2.0,,2.0,,2.0,,1.0,,2.0,a,1.0,,2.0,,2.0,,2.0,,1.0,,2.0,,2.0,,2.0,,2.0,,1.0,,1.0,1.0,2.0,,2.0,,2.0,,2.0,,2.0,,2.0,,2.0,,1.0,,1.0,,1.0,24.0,24.0,1.0,24.0,24.0,1.0,24.0,24.0,1.0,24.0,24.0,PADDY,,BLANKET,WHEAT,,CARPET,MAIZE,0.0,0.0,20.17,29.88,0.0,5.85,0.0,0.0,55.01,43.49,11.52,0.0,0,0,0,11.52,MANALI,3.0,kullu_kullu_village_amenities.csv
,HIMACHAL PRADESH,,Kullu,,Manali,,Up Muhal Kaushala,,Naggar,2009,MANALI,2.5,KULLU,43,MANALI,2.5,YES,86.52,244.0,906,495.0,411.0,121.0,65.0,56.0,202.0,114.0,88.0,2.0,0.0,2.0,0.0,2.0,MANALI,,2.0,0.0,2.0,0.0,1.0,KAUSHALA,,2.0,0.0,2.0,0.0,1.0,MANALI,,2.0,0.0,2.0,0.0,1.0,MANALI,,2.0,0.0,2.0,0.0,1.0,MANALI,,2.0,0.0,2.0,0.0,1.0,KULLU,,2.0,0.0,2.0,0.0,1.0,MANDI,,2.0,0.0,2.0,0.0,1.0,SHIMLA,,2.0,0.0,2.0,0.0,2.0,TALYAR,,2.0,0.0,2.0,0.0,1.0,SUNDER NAGAR,,2.0,0.0,2.0,0.0,1.0,SHAMSHI,,2.0,0.0,2.0,0.0,1.0,KULLU,,2.0,0.0,2.0,0.0,1.0,SUNDER NAGAR,,2.0,0.0,2.0,0.0,N.A.,,0.0,0.0,0.0,0.0,0.0,,0.0,0.0,0.0,0.0,0.0,,0.0,0.0,0.0,0.0,0.0,,0.0,0.0,0.0,0.0,0.0,,0.0,0.0,0.0,0.0,0.0,,0.0,0.0,0.0,0.0,0.0,,0.0,0.0,0.0,0.0,0.0,,0.0,0.0,0.0,0.0,0.0,,0.0,0.0,0.0,0.0,0.0,,0.0,0.0,0.0,0.0,0.0,,0.0,0.0,0.0,0.0,0.0,,0.0,0.0,0.0,0.0,0.0,0.0,0.0,0.0,0.0,1.0,1.0,1.0,2.0,,,2.0,,,2.0,,,2.0,,,2.0,2.0,,,2.0,,,2.0,,,2.0,,,2.0,1.0,2.0,2.0,2.0,1.0,1.0,1.0,2.0,2.0,2.0,2.0,2.0,2.0,2.0,1.0,,2.0,,2.0,,1.0,175103.0,1.0,,2.0,,1.0,,2.0,,2.0,,1.0,,1.0,,2.0,,1.0,,1.0,,1.0,,1.0,,2.0,,2.0,,2.0,,2.0,,1.0,,1.0,,1.0,,1.0,,2.0,,1.0,,1.0,,2.0,,2.0,,1.0,,2.0,a,1.0,,2.0,,2.0,,2.0,,2.0,,2.0,,2.0,,2.0,,2.0,,1.0,,1.0,1.0,2.0,,2.0,,2.0,,2.0,,2.0,,2.0,,1.0,,1.0,,1.0,,1.0,24.0,24.0,1.0,24.0,24.0,1.0,24.0,24.0,1.0,24.0,24.0,PADDY,,BLANKET,WHEAT,,CARPET,MAIZE,16.78,0.0,17.87,0.0,0.0,5.6,0.0,0.0,46.27,43.9,2.37,0.0,0,0,0,2.37,MANALI,2.5,kullu_kullu_village_amenities.csv
,HIMACHAL PRADESH,,Kullu,,Manali,,Up Muhal Dharanu,,Naggar,2009,MANALI,2.0,KULLU,41,MANALI,2.0,YES,59.5,278.0,1141,594.0,547.0,360.0,193.0,167.0,309.0,160.0,149.0,2.0,0.0,2.0,0.0,2.0,MANALI,,2.0,0.0,2.0,0.0,1.0,CHACHOGA,,2.0,0.0,2.0,0.0,1.0,MANALI,,2.0,0.0,2.0,0.0,1.0,MANALI,,2.0,0.0,2.0,0.0,1.0,MANALI,,2.0,0.0,2.0,0.0,1.0,KULLU,,2.0,0.0,2.0,0.0,1.0,MANDI,,2.0,0.0,2.0,0.0,1.0,SHIMLA,,2.0,0.0,2.0,0.0,2.0,TALYAR,,2.0,0.0,2.0,0.0,1.0,SUNDER NAGAR,,2.0,0.0,2.0,0.0,1.0,SHAMSHI,,2.0,0.0,2.0,0.0,1.0,KULLU,,2.0,0.0,2.0,0.0,1.0,SUNDER NAGAR,,2.0,0.0,2.0,0.0,N.A.,,0.0,0.0,0.0,0.0,0.0,,0.0,0.0,0.0,0.0,0.0,,0.0,0.0,0.0,0.0,0.0,,0.0,0.0,0.0,0.0,0.0,,0.0,0.0,0.0,0.0,0.0,,0.0,0.0,0.0,0.0,0.0,,0.0,0.0,0.0,0.0,0.0,,0.0,0.0,0.0,0.0,0.0,,0.0,0.0,0.0,0.0,0.0,,0.0,0.0,0.0,0.0,0.0,,0.0,0.0,0.0,0.0,0.0,,0.0,0.0,0.0,0.0,0.0,0.0,0.0,0.0,0.0,1.0,1.0,1.0,2.0,,,2.0,,,2.0,,,2.0,,,2.0,2.0,,,1.0,2.0,2.0,2.0,,,2.0,,,2.0,1.0,2.0,2.0,2.0,1.0,1.0,1.0,2.0,2.0,2.0,2.0,2.0,2.0,2.0,2.0,,2.0,,2.0,,1.0,175131.0,1.0,,2.0,,1.0,,2.0,,2.0,,1.0,,1.0,,2.0,,1.0,,1.0,,1.0,,1.0,,2.0,,2.0,,2.0,,2.0,,1.0,,1.0,,1.0,,1.0,,1.0,,2.0,,2.0,,2.0,,2.0,,1.0,,2.0,a,1.0,,2.0,,2.0,,2.0,,2.0,,2.0,,2.0,,2.0,,2.0,,1.0,,1.0,1.0,2.0,,2.0,,2.0,,2.0,,2.0,,2.0,,1.0,,1.0,,1.0,,1.0,24.0,24.0,1.0,24.0,24.0,1.0,24.0,24.0,1.0,24.0,24.0,PADDY,,BLANKET,WHEAT,,CARPET,MAIZE,0.0,14.67,12.71,0.0,1.47,0.0,0.0,0.0,30.65,20.59,10.06,0.0,0,0,0,10.06,MANALI,2.0,kullu_kullu_village_amenities.csv
,HIMACHAL PRADESH,,Kullu,,Manali,,Up Muhal Chachoga,,Naggar,2009,MANALI,2.0,KULLU,42,MANALI,2.0,YES,33.64,310.0,1256,644.0,612.0,319.0,173.0,146.0,296.0,136.0,160.0,2.0,0.0,2.0,0.0,2.0,ALEU,,1.0,1.0,2.0,0.0,,,,2.0,0.0,2.0,0.0,1.0,MANALI,,2.0,0.0,2.0,0.0,1.0,MANALI,,2.0,0.0,2.0,0.0,1.0,MANALI,,2.0,0.0,2.0,0.0,1.0,KULLU,,2.0,0.0,2.0,0.0,1.0,MANDI,,2.0,0.0,2.0,0.0,1.0,SHIMLA,,2.0,0.0,2.0,0.0,2.0,TALYAR,,2.0,0.0,2.0,0.0,1.0,SUNDER NAGAR,,2.0,0.0,2.0,0.0,1.0,SHAMSHI,,2.0,0.0,2.0,0.0,1.0,KULLU,,2.0,0.0,2.0,0.0,1.0,SUNDER NAGAR,,2.0,0.0,2.0,0.0,N.A.,,0.0,0.0,0.0,0.0,0.0,,0.0,0.0,0.0,0.0,0.0,,0.0,0.0,0.0,0.0,0.0,,0.0,0.0,0.0,0.0,0.0,,0.0,0.0,0.0,0.0,0.0,,0.0,0.0,0.0,0.0,0.0,,0.0,0.0,0.0,0.0,0.0,,0.0,0.0,0.0,0.0,0.0,,0.0,0.0,0.0,0.0,0.0,,0.0,0.0,0.0,0.0,0.0,,0.0,0.0,0.0,0.0,0.0,,0.0,0.0,0.0,0.0,0.0,0.0,0.0,0.0,0.0,1.0,1.0,1.0,2.0,,,2.0,,,2.0,,,1.0,1.0,1.0,2.0,2.0,,,1.0,1.0,1.0,2.0,,,2.0,,,2.0,1.0,2.0,2.0,2.0,1.0,1.0,1.0,2.0,2.0,2.0,2.0,2.0,2.0,2.0,2.0,,2.0,,2.0,,1.0,175131.0,1.0,,2.0,,1.0,,2.0,,2.0,,1.0,,2.0,,2.0,,1.0,,1.0,,1.0,,1.0,,2.0,,2.0,,2.0,,2.0,,1.0,,1.0,,1.0,,1.0,,1.0,,2.0,,2.0,,2.0,,2.0,,1.0,,2.0,a,1.0,,2.0,,2.0,,2.0,,2.0,,2.0,,2.0,,2.0,,2.0,,1.0,,1.0,1.0,2.0,,2.0,,2.0,,2.0,,2.0,,2.0,,1.0,,1.0,,1.0,,1.0,24.0,24.0,1.0,24.0,24.0,1.0,24.0,24.0,1.0,24.0,24.0,PADDY,,BLANKET,WHEAT,,CARPET,MAIZE,0.0,7.63,0.0,3.75,0.0,1.02,0.0,0.0,21.24,21.24,0.0,0.0,0,0,0,0.0,MANALI,2.0,kullu_kullu_village_amenities.csv
,HIMACHAL PRADESH,,Kullu,,Manali,,Up Muhal Aleu,,Naggar,2009,MANALI,3.0,KULLU,42,MANALI,3.0,YES,124.25,416.0,1625,941.0,684.0,207.0,114.0,93.0,143.0,75.0,68.0,2.0,0.0,2.0,0.0,2.0,ALEU,,1.0,1.0,2.0,0.0,,,,1.0,1.0,2.0,0.0,,,,2.0,0.0,2.0,0.0,1.0,MANALI,,2.0,0.0,2.0,0.0,1.0,MANALI,,2.0,0.0,2.0,0.0,1.0,KULLU,,2.0,0.0,2.0,0.0,1.0,MANDI,,2.0,0.0,2.0,0.0,1.0,SHIMLA,,2.0,0.0,2.0,0.0,2.0,TALYAR,,2.0,0.0,2.0,0.0,1.0,SUNDER NAGAR,,2.0,0.0,2.0,0.0,1.0,SHAMSHI,,2.0,0.0,2.0,0.0,1.0,KULLU,,2.0,0.0,2.0,0.0,1.0,SUNDER NAGAR,,2.0,0.0,2.0,0.0,N.A.,,0.0,0.0,0.0,0.0,0.0,,0.0,0.0,0.0,0.0,0.0,,0.0,0.0,0.0,0.0,0.0,,0.0,0.0,0.0,0.0,0.0,,0.0,0.0,0.0,0.0,0.0,,0.0,0.0,0.0,0.0,0.0,,0.0,0.0,0.0,0.0,0.0,,0.0,0.0,0.0,0.0,0.0,,0.0,0.0,0.0,0.0,0.0,,0.0,0.0,0.0,0.0,0.0,,0.0,0.0,0.0,0.0,0.0,,0.0,0.0,0.0,0.0,0.0,0.0,0.0,0.0,0.0,1.0,1.0,1.0,2.0,,,2.0,,,2.0,,,1.0,1.0,1.0,2.0,2.0,,,1.0,1.0,1.0,2.0,,,2.0,,,2.0,1.0,2.0,2.0,2.0,1.0,1.0,1.0,2.0,2.0,2.0,2.0,2.0,2.0,2.0,2.0,,2.0,,2.0,,1.0,175131.0,1.0,,2.0,,1.0,,2.0,,2.0,,1.0,,1.0,,2.0,,1.0,,1.0,,1.0,,2.0,,2.0,,2.0,,2.0,,2.0,,1.0,,1.0,,1.0,,1.0,,1.0,,2.0,,2.0,,2.0,,2.0,,1.0,,2.0,a,1.0,,2.0,,2.0,,2.0,,2.0,,2.0,,2.0,,2.0,,2.0,,1.0,,1.0,1.0,2.0,,2.0,,2.0,,2.0,,2.0,,2.0,,2.0,,2.0,,1.0,,1.0,24.0,24.0,1.0,24.0,24.0,1.0,24.0,24.0,1.0,24.0,24.0,PADDY,,BLANKET,WHEAT,,CARPET,MAIZE,0.0,24.44,0.0,19.92,0.0,3.12,0.0,0.0,76.77,55.1,21.67,0.0,0,0,0,21.67,MANALI,3.0,kullu_kullu_village_amenities.csv
,HIMACHAL PRADESH,,Kullu,,Manali,,Jangal Mehduda Mehfuja Aleu Vihal,,Naggar,2009,MANALI,3.0,KULLU,43,MANALI,3.0,YES,26.7,34.0,101,59.0,42.0,28.0,17.0,11.0,8.0,3.0,5.0,2.0,0.0,2.0,0.0,2.0,ALEU,,2.0,0.0,2.0,0.0,1.0,MANALI,,2.0,0.0,2.0,0.0,1.0,MANALI,,2.0,0.0,2.0,0.0,1.0,MANALI,,2.0,0.0,2.0,0.0,1.0,MANALI,,2.0,0.0,2.0,0.0,1.0,KULLU,,2.0,0.0,2.0,0.0,1.0,MANDI,,2.0,0.0,2.0,0.0,1.0,SHIMLA,,2.0,0.0,2.0,0.0,2.0,TALYAR,,2.0,0.0,2.0,0.0,1.0,SUNDER NAGAR,,2.0,0.0,2.0,0.0,1.0,SHAMSHI,,2.0,0.0,2.0,0.0,1.0,KULLU,,2.0,0.0,2.0,0.0,1.0,SUNDER NAGAR,,2.0,0.0,2.0,0.0,N.A.,,0.0,0.0,0.0,0.0,0.0,,0.0,0.0,0.0,0.0,0.0,,0.0,0.0,0.0,0.0,0.0,,0.0,0.0,0.0,0.0,0.0,,0.0,0.0,0.0,0.0,0.0,,0.0,0.0,0.0,0.0,0.0,,0.0,0.0,0.0,0.0,0.0,,0.0,0.0,0.0,0.0,0.0,,0.0,0.0,0.0,0.0,0.0,,0.0,0.0,0.0,0.0,0.0,,0.0,0.0,0.0,0.0,0.0,,0.0,0.0,0.0,0.0,0.0,0.0,0.0,0.0,0.0,1.0,1.0,1.0,2.0,,,2.0,,,2.0,,,2.0,,,2.0,2.0,,,1.0,1.0,1.0,2.0,,,2.0,,,2.0,1.0,2.0,2.0,2.0,1.0,1.0,1.0,2.0,2.0,2.0,2.0,2.0,2.0,2.0,2.0,,2.0,,2.0,,1.0,175131.0,2.0,,2.0,,2.0,,2.0,,2.0,,2.0,,2.0,,2.0,,2.0,,1.0,,1.0,,2.0,,2.0,,2.0,,2.0,,2.0,,1.0,,1.0,,1.0,,1.0,,1.0,,2.0,,2.0,,2.0,,2.0,,1.0,,2.0,a,1.0,,2.0,,2.0,,2.0,,2.0,,2.0,,2.0,,2.0,,2.0,,2.0,,1.0,1.0,2.0,,2.0,,2.0,,2.0,,2.0,,2.0,,1.0,,1.0,,2.0,,1.0,24.0,24.0,1.0,24.0,24.0,1.0,24.0,24.0,1.0,24.0,24.0,WHEAT,,,PADDY,,,MAIZE,13.57,13.13,0.0,0.0,0.0,0.0,0.0,0.0,0.0,0.0,0.0,0.0,0,0,0,0.0,MANALI,3.0,kullu_kullu_village_amenities.csv
,HIMACHAL PRADESH,,Kullu,,Manali,,Muhal Manali (21/26),,Naggar,2009,MANALI,2.0,KULLU,42,MANALI,2.0,YES,48.3,178.0,831,408.0,423.0,58.0,27.0,31.0,0.0,0.0,0.0,2.0,0.0,2.0,0.0,2.0,MANALI,,1.0,1.0,2.0,0.0,,,,1.0,1.0,2.0,0.0,,,,2.0,0.0,2.0,0.0,1.0,MANALI,,2.0,0.0,2.0,0.0,1.0,MANALI,,2.0,0.0,2.0,0.0,1.0,KULLU,,2.0,0.0,2.0,0.0,1.0,MANDI,,2.0,0.0,2.0,0.0,1.0,SHIMLA,,2.0,0.0,2.0,0.0,2.0,TALYAR,,2.0,0.0,2.0,0.0,1.0,SUNDER NAGAR,,2.0,0.0,2.0,0.0,1.0,SHAMSHI,,2.0,0.0,2.0,0.0,1.0,KULLU,,2.0,0.0,2.0,0.0,1.0,SUNDER NAGAR,,2.0,0.0,2.0,0.0,N.A.,,0.0,0.0,0.0,0.0,0.0,,0.0,0.0,0.0,0.0,0.0,,0.0,0.0,0.0,0.0,0.0,,0.0,0.0,0.0,0.0,0.0,,0.0,0.0,0.0,0.0,0.0,,0.0,0.0,0.0,0.0,0.0,,0.0,0.0,0.0,0.0,0.0,,0.0,0.0,0.0,0.0,0.0,,0.0,0.0,0.0,0.0,0.0,,0.0,0.0,0.0,0.0,0.0,,0.0,0.0,0.0,0.0,0.0,,0.0,0.0,0.0,0.0,0.0,0.0,0.0,0.0,0.0,1.0,1.0,1.0,2.0,,,2.0,,,2.0,,,2.0,,,2.0,2.0,,,2.0,,,2.0,,,2.0,,,2.0,2.0,1.0,2.0,2.0,1.0,2.0,2.0,2.0,2.0,2.0,2.0,2.0,2.0,2.0,2.0,,2.0,,2.0,,1.0,175131.0,1.0,,1.0,,1.0,,2.0,,2.0,,2.0,,2.0,,2.0,,2.0,,2.0,,2.0,,2.0,,2.0,,2.0,,2.0,,2.0,,2.0,,2.0,,2.0,,2.0,,1.0,,2.0,,2.0,,2.0,,2.0,,1.0,,2.0,a,2.0,,2.0,,2.0,,2.0,,1.0,,2.0,,2.0,,2.0,,2.0,,1.0,,1.0,1.0,2.0,,2.0,,1.0,,2.0,,2.0,,2.0,,2.0,,1.0,,1.0,,1.0,24.0,24.0,1.0,24.0,24.0,1.0,24.0,24.0,1.0,24.0,24.0,MAIZE,,SHAWL,WHEAT,,,BARLEY,0.0,18.59,0.0,4.66,0.0,0.63,0.0,0.0,24.42,24.42,0.0,0.0,0,0,0,0.0,MANALI,2.0,kullu_kullu_village_amenities.csv
,HIMACHAL PRADESH,,Kullu,,Manali,,Up Muhal Dhungri -2nd,,Naggar,2009,MANALI,2.0,KULLU,42,MANALI,2.0,YES,5.72,80.0,299,156.0,143.0,199.0,98.0,101.0,0.0,0.0,0.0,2.0,0.0,1.0,1.0,,,,1.0,2.0,2.0,0.0,,,,2.0,0.0,2.0,0.0,1.0,MANALI,,2.0,0.0,2.0,0.0,1.0,MANALI,,2.0,0.0,2.0,0.0,1.0,MANALI,,2.0,0.0,2.0,0.0,1.0,HARIPUR,,2.0,0.0,2.0,0.0,1.0,MANDI,,2.0,0.0,2.0,0.0,1.0,SHIMLA,,2.0,0.0,2.0,0.0,2.0,TALYAR,,2.0,0.0,2.0,0.0,1.0,SUNDER NAGAR,,2.0,0.0,2.0,0.0,1.0,SHAMSHI,,2.0,0.0,2.0,0.0,1.0,KULLU,,2.0,0.0,2.0,0.0,1.0,SUNDER NAGAR,,2.0,0.0,2.0,0.0,N.A.,,0.0,0.0,0.0,0.0,0.0,,0.0,0.0,0.0,0.0,0.0,,0.0,0.0,0.0,0.0,0.0,,0.0,0.0,0.0,0.0,0.0,,0.0,0.0,0.0,0.0,0.0,,0.0,0.0,0.0,0.0,0.0,,0.0,0.0,0.0,0.0,0.0,,0.0,0.0,0.0,0.0,0.0,,0.0,0.0,0.0,0.0,0.0,,0.0,0.0,0.0,0.0,0.0,,0.0,0.0,0.0,0.0,0.0,,0.0,0.0,0.0,0.0,0.0,0.0,0.0,0.0,0.0,1.0,1.0,1.0,2.0,,,2.0,,,2.0,,,1.0,1.0,1.0,2.0,1.0,1.0,1.0,2.0,,,2.0,,,2.0,,,2.0,1.0,2.0,2.0,2.0,1.0,1.0,2.0,2.0,2.0,2.0,2.0,2.0,2.0,2.0,2.0,,2.0,,2.0,,1.0,175131.0,2.0,,2.0,,2.0,,2.0,,2.0,,2.0,,2.0,,2.0,,1.0,,1.0,,1.0,,2.0,,2.0,,2.0,,2.0,,2.0,,2.0,,2.0,,2.0,,1.0,,1.0,,2.0,,2.0,,2.0,,2.0,,1.0,,2.0,a,2.0,,2.0,,2.0,,1.0,,1.0,,2.0,,2.0,,2.0,,2.0,,1.0,,1.0,1.0,2.0,,2.0,,2.0,,2.0,,2.0,,2.0,,2.0,,1.0,,2.0,,1.0,24.0,24.0,1.0,24.0,24.0,1.0,24.0,24.0,1.0,24.0,24.0,MAIZE,,,BARLEY,,,WHEAT,0.0,1.32,0.0,0.61,0.0,0.0,0.0,0.0,3.79,3.79,0.0,0.0,0,0,0,0.0,MANALI,2.0,kullu_kullu_village_amenities.csv
,HIMACHAL PRADESH,,Kullu,,Manali,,Up Muhal Tyan Padhar,,Naggar,2009,MANALI,4.0,KULLU,44,MANALI,4.0,YES,64.87,,0,,,,,,,,,,,,,,,,,,,,,,,,,,,,,,,,,,,,,,,,,,,,,,,,,,,,,,,,,,,,,,,,,,,,,,,,,,,,,,,,,,,,,,,,,,,,,,,,,,,,,,,,,,,,,,,,,,,,,,,,,,,,,,,,,,,,,,,,,,,,,,,,,,,,,,,,,,,,,,,,,,,,,,,,,,,,,,,,,,,,,,,,,,,,,,,,,,,,,,,,,,,,,,,,,,,,,,,,,,,,,,,,,,,,,,,,,,,,,,,,,,,,,,,,,,,,,,,,,,,,,,,,,,,,,,,,,,,,,,,,,,,,,,,,,,,,,,,,,,,,,,,,,,,,,,,,,,,,,,,,,,,,,,,,,,,,,,,,,,,,,,,,,37.03,0.35,0.0,4.51,0.0,8.06,0.0,0.0,14.92,14.92,0.0,0.0,0,0,0,0.0,MANALI,4.0,kullu_kullu_village_amenities.csv
,HIMACHAL PRADESH,,Kullu,,Manali,,Up Muhal Manali Koot,,Naggar,2009,MANALI,5.0,KULLU,45,MANALI,5.0,YES,98.32,1.0,5,1.0,4.0,5.0,1.0,4.0,0.0,0.0,0.0,2.0,0.0,2.0,0.0,2.0,MANALI,,2.0,0.0,2.0,0.0,1.0,MANALI,,2.0,0.0,2.0,0.0,1.0,MANALI,,2.0,0.0,2.0,0.0,1.0,MANALI,,2.0,0.0,2.0,0.0,1.0,MANALI,,2.0,0.0,2.0,0.0,1.0,KULLU,,2.0,0.0,2.0,0.0,1.0,MANDI,,2.0,0.0,2.0,0.0,1.0,SHIMLA,,2.0,0.0,2.0,0.0,2.0,TALYAR,,2.0,0.0,2.0,0.0,1.0,SUNDER NAGAR,,2.0,0.0,2.0,0.0,1.0,SHAMSHI,,2.0,0.0,2.0,0.0,1.0,KULLU,,2.0,0.0,2.0,0.0,1.0,SUNDER NAGAR,,2.0,0.0,2.0,0.0,N.A.,,0.0,0.0,0.0,0.0,0.0,,0.0,0.0,0.0,0.0,0.0,,0.0,0.0,0.0,0.0,0.0,,0.0,0.0,0.0,0.0,0.0,,0.0,0.0,0.0,0.0,0.0,,0.0,0.0,0.0,0.0,0.0,,0.0,0.0,0.0,0.0,0.0,,0.0,0.0,0.0,0.0,0.0,,0.0,0.0,0.0,0.0,0.0,,0.0,0.0,0.0,0.0,0.0,,0.0,0.0,0.0,0.0,0.0,,0.0,0.0,0.0,0.0,0.0,0.0,0.0,0.0,0.0,1.0,1.0,1.0,2.0,,,2.0,,,2.0,,,2.0,,,2.0,2.0,,,1.0,2.0,2.0,2.0,,,2.0,,,2.0,2.0,1.0,2.0,2.0,1.0,2.0,2.0,2.0,2.0,2.0,2.0,2.0,2.0,2.0,2.0,,2.0,,2.0,,1.0,175131.0,2.0,,2.0,,2.0,,2.0,,2.0,,1.0,,1.0,,2.0,,2.0,,2.0,,2.0,,1.0,,2.0,,2.0,,2.0,,2.0,,2.0,,2.0,,1.0,,2.0,,2.0,,2.0,,2.0,,2.0,,2.0,,1.0,,2.0,a,2.0,,2.0,,2.0,,2.0,,2.0,,2.0,,2.0,,2.0,,2.0,,2.0,,1.0,1.0,2.0,,2.0,,2.0,,2.0,,2.0,,2.0,,2.0,,2.0,,2.0,,1.0,24.0,24.0,1.0,24.0,24.0,1.0,24.0,24.0,1.0,24.0,24.0,,,,,,,,87.07,0.5,0.0,0.52,0.0,10.23,0.0,0.0,0.0,0.0,0.0,0.0,0,0,0,0.0,MANALI,5.0,kullu_kullu_village_amenities.csv
,HIMACHAL PRADESH,,Kullu,,Manali,,Up Muhal Manu Nagar,,Naggar,2009,MANALI,2.0,KULLU,42,MANALI,2.0,YES,77.44,146.0,750,381.0,369.0,275.0,137.0,138.0,0.0,0.0,0.0,2.0,0.0,2.0,0.0,1.0,MANALI,,2.0,0.0,2.0,0.0,1.0,MANALI,,2.0,0.0,2.0,0.0,1.0,MANALI,,2.0,0.0,2.0,0.0,1.0,MANALI MARKET,,2.0,0.0,2.0,0.0,1.0,MANALI MARKET,,2.0,0.0,2.0,0.0,1.0,HARIPUR,,2.0,0.0,2.0,0.0,1.0,MANDI,,2.0,0.0,2.0,0.0,1.0,SHIMLA,,2.0,0.0,2.0,0.0,2.0,TALYAR,,2.0,0.0,2.0,0.0,1.0,SUNDER NAGAR,,2.0,0.0,2.0,0.0,1.0,SHAMSHI,,2.0,0.0,2.0,0.0,1.0,KULLU,,2.0,0.0,2.0,0.0,1.0,SUNDER NAGAR,,2.0,0.0,2.0,0.0,N.A.,,0.0,0.0,0.0,0.0,0.0,,0.0,0.0,0.0,0.0,0.0,,0.0,0.0,0.0,0.0,0.0,,0.0,0.0,0.0,0.0,0.0,,0.0,0.0,0.0,0.0,0.0,,0.0,0.0,0.0,0.0,0.0,,0.0,0.0,0.0,0.0,0.0,,0.0,0.0,0.0,0.0,0.0,,0.0,0.0,0.0,0.0,0.0,,0.0,0.0,0.0,0.0,0.0,,0.0,0.0,0.0,0.0,0.0,,0.0,0.0,0.0,0.0,0.0,0.0,0.0,0.0,0.0,1.0,1.0,1.0,2.0,,,2.0,,,2.0,,,2.0,,,2.0,2.0,,,2.0,,,2.0,,,2.0,,,2.0,1.0,2.0,2.0,1.0,2.0,2.0,2.0,2.0,2.0,2.0,2.0,2.0,2.0,2.0,2.0,,2.0,,2.0,,1.0,175131.0,2.0,,2.0,,2.0,,2.0,,2.0,,2.0,,2.0,,2.0,,1.0,,1.0,,1.0,,1.0,,2.0,,2.0,,2.0,,2.0,,2.0,,1.0,,2.0,,1.0,,1.0,,2.0,,2.0,,1.0,,2.0,,1.0,,2.0,a,2.0,,2.0,,2.0,,2.0,,1.0,,2.0,,2.0,,2.0,,2.0,,1.0,,1.0,1.0,2.0,,2.0,,2.0,,2.0,,2.0,,2.0,,2.0,,1.0,,2.0,,1.0,24.0,24.0,1.0,24.0,24.0,1.0,24.0,24.0,1.0,24.0,24.0,WHEAT,,BLANKET,BARLEY,,,MAIZE,0.0,4.39,0.0,44.2,0.0,7.61,0.0,0.0,21.24,21.24,0.0,0.0,0,0,0,0.0,MANALI,2.0,kullu_kullu_village_amenities.csv
,HIMACHAL PRADESH,,Kullu,,Manali,,Up Muhal Manali Ser,,Naggar,2009,MANALI,3.0,KULLU,43,MANALI,3.0,YES,53.43,11.0,43,22.0,21.0,0.0,0.0,0.0,0.0,0.0,0.0,2.0,0.0,2.0,0.0,1.0,MANALI,,2.0,0.0,2.0,0.0,1.0,MANALI,,2.0,0.0,2.0,0.0,1.0,MANALI,,2.0,0.0,2.0,0.0,1.0,MANALI MARKET,,2.0,0.0,2.0,0.0,1.0,MANALI MARKET,,2.0,0.0,2.0,0.0,1.0,HARIPUR,,2.0,0.0,2.0,0.0,1.0,MANDI,,2.0,0.0,2.0,0.0,1.0,SHIMLA,,2.0,0.0,2.0,0.0,2.0,TALYAR,,2.0,0.0,2.0,0.0,1.0,SUNDER NAGAR,,2.0,0.0,2.0,0.0,1.0,SHAMSHI,,2.0,0.0,2.0,0.0,1.0,KULLU,,2.0,0.0,2.0,0.0,1.0,SUNDER NAGAR,,2.0,0.0,2.0,0.0,N.A.,,0.0,0.0,0.0,0.0,0.0,,0.0,0.0,0.0,0.0,0.0,,0.0,0.0,0.0,0.0,0.0,,0.0,0.0,0.0,0.0,0.0,,0.0,0.0,0.0,0.0,0.0,,0.0,0.0,0.0,0.0,0.0,,0.0,0.0,0.0,0.0,0.0,,0.0,0.0,0.0,0.0,0.0,,0.0,0.0,0.0,0.0,0.0,,0.0,0.0,0.0,0.0,0.0,,0.0,0.0,0.0,0.0,0.0,,0.0,0.0,0.0,0.0,0.0,0.0,0.0,0.0,0.0,1.0,1.0,1.0,2.0,,,2.0,,,2.0,,,2.0,,,2.0,2.0,,,2.0,,,2.0,,,2.0,,,2.0,1.0,2.0,2.0,1.0,2.0,2.0,2.0,2.0,2.0,2.0,2.0,2.0,2.0,2.0,2.0,,2.0,,2.0,,1.0,175131.0,2.0,,2.0,,2.0,,2.0,,2.0,,2.0,,2.0,,2.0,,2.0,,2.0,,2.0,,2.0,,2.0,,2.0,,2.0,,2.0,,2.0,,1.0,,2.0,,1.0,,1.0,,2.0,,2.0,,1.0,,2.0,,1.0,,2.0,a,2.0,,2.0,,2.0,,2.0,,2.0,,2.0,,2.0,,2.0,,2.0,,2.0,,1.0,1.0,2.0,,2.0,,2.0,,2.0,,2.0,,2.0,,2.0,,2.0,,2.0,,1.0,24.0,24.0,1.0,24.0,24.0,1.0,24.0,24.0,1.0,24.0,24.0,MAIZE,,,WHEAT,,,BARLEY,0.0,12.13,0.0,12.06,0.0,0.02,0.0,0.0,29.22,29.22,0.0,0.0,0,0,0,0.0,MANALI,3.0,kullu_kullu_village_amenities.csv
,HIMACHAL PRADESH,,Kullu,,Manali,,Up Muhal Kaliganch,,Naggar,2009,MANALI,2.0,KULLU,42,MANALI,2.0,YES,61.88,31.0,120,64.0,56.0,36.0,17.0,19.0,5.0,3.0,2.0,2.0,0.0,2.0,0.0,2.0,KHUNGRI,,2.0,0.0,2.0,0.0,1.0,KHUNGRI,,2.0,0.0,2.0,0.0,1.0,MANALI,,2.0,0.0,2.0,0.0,1.0,MANALI MARKET,,2.0,0.0,2.0,0.0,1.0,MANALI MARKET,,2.0,0.0,2.0,0.0,1.0,KULLU,,2.0,0.0,2.0,0.0,1.0,MANDI,,2.0,0.0,2.0,0.0,1.0,SHIMLA,,2.0,0.0,2.0,0.0,2.0,TALYAR,,2.0,0.0,2.0,0.0,1.0,SUNDER NAGAR,,2.0,0.0,2.0,0.0,1.0,SHAMSHI,,2.0,0.0,2.0,0.0,1.0,KULLU,,2.0,0.0,2.0,0.0,1.0,SUNDER NAGAR,,2.0,0.0,2.0,0.0,N.A.,,0.0,0.0,0.0,0.0,0.0,,0.0,0.0,0.0,0.0,0.0,,0.0,0.0,0.0,0.0,0.0,,0.0,0.0,0.0,0.0,0.0,,0.0,0.0,0.0,0.0,0.0,,0.0,0.0,0.0,0.0,0.0,,0.0,0.0,0.0,0.0,0.0,,0.0,0.0,0.0,0.0,0.0,,0.0,0.0,0.0,0.0,0.0,,0.0,0.0,0.0,0.0,0.0,,0.0,0.0,0.0,0.0,0.0,,0.0,0.0,0.0,0.0,0.0,0.0,0.0,0.0,0.0,1.0,1.0,1.0,2.0,,,2.0,,,2.0,,,2.0,,,2.0,2.0,,,1.0,1.0,1.0,2.0,,,2.0,,,2.0,2.0,1.0,2.0,2.0,1.0,2.0,2.0,2.0,2.0,2.0,2.0,2.0,2.0,2.0,2.0,,2.0,,2.0,,1.0,175131.0,1.0,,2.0,,1.0,,2.0,,2.0,,2.0,,1.0,,2.0,,1.0,,2.0,,2.0,,1.0,,2.0,,2.0,,2.0,,2.0,,2.0,,2.0,,2.0,,2.0,,2.0,,2.0,,2.0,,2.0,,2.0,,1.0,,2.0,a,2.0,,2.0,,2.0,,2.0,,2.0,,2.0,,2.0,,2.0,,2.0,,1.0,,1.0,1.0,2.0,,2.0,,2.0,,2.0,,2.0,,2.0,,2.0,,2.0,,2.0,,1.0,24.0,24.0,1.0,24.0,24.0,1.0,24.0,24.0,1.0,24.0,24.0,MAIZE,,BLANKET,BARLEY,,,WHEAT,29.2,5.19,0.0,8.89,0.0,2.25,0.0,0.0,16.35,16.35,0.0,0.0,0,0,0,0.0,MANALI,2.0,kullu_kullu_village_amenities.csv
,HIMACHAL PRADESH,,Kullu,,Manali,,Aarkshit Van R-I Dhungri,,Naggar,2009,MANALI,2.0,KULLU,42,MANALI,2.0,YES,14.5,,0,,,,,,,,,,,,,,,,,,,,,,,,,,,,,,,,,,,,,,,,,,,,,,,,,,,,,,,,,,,,,,,,,,,,,,,,,,,,,,,,,,,,,,,,,,,,,,,,,,,,,,,,,,,,,,,,,,,,,,,,,,,,,,,,,,,,,,,,,,,,,,,,,,,,,,,,,,,,,,,,,,,,,,,,,,,,,,,,,,,,,,,,,,,,,,,,,,,,,,,,,,,,,,,,,,,,,,,,,,,,,,,,,,,,,,,,,,,,,,,,,,,,,,,,,,,,,,,,,,,,,,,,,,,,,,,,,,,,,,,,,,,,,,,,,,,,,,,,,,,,,,,,,,,,,,,,,,,,,,,,,,,,,,,,,,,,,,,,,,,,,,,,,14.5,0.0,0.0,0.0,0.0,0.0,0.0,0.0,0.0,0.0,0.0,0.0,0,0,0,0.0,MANALI,2.0,kullu_kullu_village_amenities.csv
,HIMACHAL PRADESH,,Kullu,,Manali,,Muhal Nasogi (21/27),,Naggar,2009,MANALI,3.0,KULLU,43,MANALI,3.0,YES,34.19,181.0,718,374.0,344.0,237.0,126.0,111.0,85.0,39.0,46.0,2.0,0.0,2.0,0.0,2.0,DHUNGRI,,1.0,1.0,2.0,0.0,,,,1.0,1.0,2.0,0.0,,,,2.0,0.0,1.0,1.0,,,,2.0,0.0,2.0,0.0,1.0,MANALI MARKET,,2.0,0.0,2.0,0.0,1.0,HARIPUR,,2.0,0.0,2.0,0.0,1.0,MANDI,,2.0,0.0,2.0,0.0,1.0,SHIMLA,,2.0,0.0,2.0,0.0,2.0,TALYAR,,2.0,0.0,2.0,0.0,1.0,SUNDER NAGAR,,2.0,0.0,2.0,0.0,1.0,SHAMSHI,,2.0,0.0,2.0,0.0,1.0,KULLU,,2.0,0.0,2.0,0.0,1.0,SUNDER NAGAR,,2.0,0.0,2.0,0.0,N.A.,,0.0,0.0,0.0,0.0,0.0,,0.0,0.0,0.0,0.0,0.0,,0.0,0.0,0.0,0.0,0.0,,0.0,0.0,0.0,0.0,0.0,,0.0,0.0,0.0,0.0,0.0,,0.0,0.0,0.0,0.0,0.0,,0.0,0.0,0.0,0.0,0.0,,0.0,0.0,0.0,0.0,0.0,,0.0,0.0,0.0,0.0,0.0,,0.0,0.0,0.0,0.0,0.0,,0.0,0.0,0.0,0.0,0.0,,0.0,0.0,0.0,0.0,0.0,0.0,0.0,0.0,0.0,1.0,1.0,1.0,2.0,,,2.0,,,2.0,,,2.0,,,2.0,2.0,,,2.0,,,2.0,,,2.0,,,2.0,1.0,2.0,2.0,2.0,1.0,2.0,2.0,2.0,2.0,2.0,2.0,2.0,2.0,2.0,2.0,,1.0,,2.0,,1.0,175131.0,1.0,,2.0,,2.0,,2.0,,2.0,,2.0,,1.0,,2.0,,2.0,,2.0,,2.0,,2.0,,2.0,,2.0,,2.0,,2.0,,2.0,,2.0,,1.0,,2.0,,2.0,,2.0,,2.0,,2.0,,2.0,,1.0,,2.0,a,2.0,,2.0,,2.0,,2.0,,2.0,,2.0,,2.0,,2.0,,2.0,,1.0,,1.0,1.0,2.0,,2.0,,2.0,,2.0,,2.0,,2.0,,2.0,,2.0,,2.0,,1.0,24.0,24.0,1.0,24.0,24.0,1.0,24.0,24.0,1.0,24.0,24.0,WHEAT,,,BARLEY,,,MAIZE,0.0,4.58,0.0,1.18,0.0,1.38,0.0,0.0,27.05,27.05,0.0,0.0,0,0,0,0.0,MANALI,3.0,kullu_kullu_village_amenities.csv
,HIMACHAL PRADESH,,Kullu,,Manali,,Up Muhal Simsa,,Naggar,2009,MANALI,5.0,KULLU,41,MANALI,5.0,YES,68.1,139.0,559,323.0,236.0,110.0,55.0,55.0,52.0,21.0,31.0,2.0,0.0,2.0,0.0,2.0,CHHIYAL,,2.0,0.0,2.0,0.0,1.0,CHHIYAL,,2.0,0.0,2.0,0.0,1.0,MANALI,,2.0,0.0,2.0,0.0,1.0,MANALI,,2.0,0.0,2.0,0.0,1.0,MANALI,,2.0,0.0,2.0,0.0,1.0,HARIPUR,,2.0,0.0,2.0,0.0,1.0,MANDI,,2.0,0.0,2.0,0.0,1.0,SHIMLA,,2.0,0.0,2.0,0.0,2.0,TALYAR,,2.0,0.0,2.0,0.0,1.0,SUNDER NAGAR,,2.0,0.0,2.0,0.0,1.0,SHAMSHI,,2.0,0.0,2.0,0.0,1.0,KULLU,,2.0,0.0,2.0,0.0,1.0,SUNDER NAGAR,,2.0,0.0,2.0,0.0,N.A.,,0.0,0.0,0.0,0.0,0.0,,0.0,0.0,0.0,0.0,0.0,,0.0,0.0,0.0,0.0,0.0,,0.0,0.0,0.0,0.0,0.0,,0.0,0.0,0.0,0.0,0.0,,0.0,0.0,0.0,0.0,0.0,,0.0,0.0,0.0,0.0,0.0,,0.0,0.0,0.0,0.0,0.0,,0.0,0.0,0.0,0.0,0.0,,0.0,0.0,0.0,0.0,0.0,,0.0,0.0,0.0,0.0,0.0,,0.0,0.0,0.0,0.0,0.0,0.0,0.0,0.0,0.0,1.0,1.0,1.0,2.0,,,2.0,,,2.0,,,1.0,1.0,1.0,2.0,2.0,,,1.0,1.0,1.0,2.0,,,2.0,,,2.0,1.0,2.0,2.0,2.0,1.0,1.0,1.0,2.0,2.0,2.0,2.0,2.0,2.0,2.0,2.0,,2.0,,2.0,,1.0,175131.0,1.0,,1.0,,2.0,,2.0,,2.0,,2.0,,2.0,,2.0,,1.0,,1.0,,1.0,,1.0,,2.0,,2.0,,2.0,,2.0,,1.0,,1.0,,1.0,,1.0,,1.0,,2.0,,2.0,,1.0,,1.0,,1.0,,2.0,a,2.0,,2.0,,2.0,,2.0,,1.0,,1.0,,2.0,,2.0,,2.0,,1.0,,1.0,1.0,2.0,,2.0,,2.0,,2.0,,2.0,,2.0,,2.0,,1.0,,2.0,,1.0,24.0,24.0,1.0,24.0,24.0,1.0,24.0,24.0,1.0,24.0,24.0,WHEAT,,BLANKET,BARELY,,,MAIZE,0.0,14.86,0.06,2.08,0.0,0.98,0.0,0.0,50.12,19.34,30.78,0.0,0,0,0,30.78,MANALI,5.0,kullu_kullu_village_amenities.csv
,HIMACHAL PRADESH,,Kullu,,Manali,,Up Muhal Syal,,Naggar,2009,MANALI,1.0,KULLU,42,MANALI,1.0,YES,38.99,515.0,2132,1105.0,1027.0,359.0,186.0,173.0,299.0,159.0,140.0,1.0,1.0,2.0,0.0,,,,1.0,1.0,2.0,0.0,,,,2.0,0.0,2.0,0.0,1.0,MANALI,,2.0,0.0,2.0,0.0,1.0,MANALI,,2.0,0.0,2.0,0.0,1.0,MANALI,,2.0,0.0,2.0,0.0,1.0,HARIPUR,,2.0,0.0,2.0,0.0,1.0,MANDI,,2.0,0.0,2.0,0.0,1.0,SHIMLA,,2.0,0.0,2.0,0.0,2.0,TALYAR,,2.0,0.0,2.0,0.0,1.0,SUNDER NAGAR,,2.0,0.0,2.0,0.0,1.0,SHAMSHI,,2.0,0.0,2.0,0.0,1.0,KULLU,,2.0,0.0,2.0,0.0,1.0,SUNDER NAGAR,,2.0,0.0,2.0,0.0,N.A.,,0.0,0.0,0.0,0.0,0.0,,0.0,0.0,0.0,0.0,0.0,,0.0,0.0,0.0,0.0,0.0,,0.0,0.0,0.0,0.0,0.0,,0.0,0.0,0.0,0.0,0.0,,0.0,0.0,0.0,0.0,0.0,,0.0,0.0,0.0,0.0,0.0,,0.0,0.0,0.0,0.0,0.0,,0.0,0.0,0.0,0.0,0.0,,0.0,0.0,0.0,0.0,0.0,,0.0,0.0,0.0,0.0,0.0,,0.0,0.0,0.0,0.0,0.0,0.0,0.0,0.0,0.0,1.0,1.0,1.0,2.0,,,2.0,,,2.0,,,1.0,1.0,1.0,2.0,2.0,,,2.0,,,2.0,,,2.0,,,2.0,1.0,2.0,2.0,2.0,1.0,2.0,1.0,1.0,1.0,2.0,2.0,2.0,2.0,2.0,2.0,,1.0,,2.0,,1.0,175131.0,1.0,,1.0,,1.0,,2.0,,2.0,,2.0,,1.0,,2.0,,1.0,,1.0,,1.0,,1.0,,2.0,,2.0,,2.0,,2.0,,2.0,,2.0,,2.0,,2.0,,2.0,,1.0,,2.0,,1.0,,2.0,,1.0,,2.0,a,2.0,,2.0,,2.0,,2.0,,2.0,,2.0,,2.0,,2.0,,2.0,,1.0,,1.0,1.0,2.0,,1.0,,2.0,,2.0,,2.0,,2.0,,2.0,,2.0,,1.0,,1.0,24.0,24.0,1.0,24.0,24.0,1.0,24.0,24.0,1.0,24.0,24.0,APPLE,,BLANKET,WHEAT,,,BARLEY,0.0,7.86,0.0,0.85,0.0,0.72,0.0,0.0,29.56,22.83,6.73,0.0,0,0,0,6.73,MANALI,1.0,kullu_kullu_village_amenities.csv
,HIMACHAL PRADESH,,Kullu,,Manali,,Up Muhal Chhiyal,,Naggar,2009,MANALI,2.0,KULLU,40,MANALI,2.0,YES,42.61,128.0,551,292.0,259.0,67.0,30.0,37.0,50.0,26.0,24.0,1.0,1.0,2.0,0.0,,,,1.0,1.0,2.0,0.0,,,,2.0,0.0,2.0,0.0,1.0,MANALI,,2.0,0.0,2.0,0.0,1.0,MANALI,,2.0,0.0,2.0,0.0,1.0,MANALI,,2.0,0.0,2.0,0.0,1.0,HARIPUR,,2.0,0.0,2.0,0.0,1.0,MANDI,,2.0,0.0,2.0,0.0,1.0,SHIMLA,,2.0,0.0,2.0,0.0,2.0,TALYAR,,2.0,0.0,2.0,0.0,1.0,SUNDER NAGAR,,2.0,0.0,2.0,0.0,1.0,SHAMSHI,,2.0,0.0,2.0,0.0,1.0,KULLU,,2.0,0.0,2.0,0.0,1.0,SUNDER NAGAR,,2.0,0.0,2.0,0.0,N.A.,,0.0,0.0,0.0,0.0,0.0,,0.0,0.0,0.0,0.0,0.0,,0.0,0.0,0.0,0.0,0.0,,0.0,0.0,0.0,0.0,0.0,,0.0,0.0,0.0,0.0,0.0,,0.0,0.0,0.0,0.0,0.0,,0.0,0.0,0.0,0.0,0.0,,0.0,0.0,0.0,0.0,0.0,,1.0,1.0,1.0,0.0,0.0,,0.0,0.0,0.0,0.0,0.0,,0.0,0.0,0.0,0.0,0.0,,0.0,0.0,0.0,0.0,0.0,0.0,0.0,0.0,0.0,1.0,1.0,1.0,2.0,,,2.0,,,2.0,,,1.0,1.0,1.0,2.0,1.0,1.0,1.0,2.0,,,2.0,,,2.0,,,2.0,1.0,2.0,2.0,1.0,2.0,1.0,1.0,1.0,1.0,2.0,2.0,2.0,2.0,2.0,2.0,,1.0,,2.0,,1.0,175131.0,1.0,,2.0,,1.0,,2.0,,2.0,,2.0,,2.0,,2.0,,1.0,,1.0,,1.0,,1.0,,2.0,,2.0,,2.0,,2.0,,1.0,,1.0,,1.0,,1.0,,1.0,,2.0,,2.0,,1.0,,2.0,,1.0,,2.0,a,2.0,,2.0,,2.0,,2.0,,2.0,,2.0,,2.0,,2.0,,2.0,,1.0,,1.0,1.0,2.0,,2.0,,2.0,,2.0,,2.0,,2.0,,2.0,,1.0,,2.0,,1.0,24.0,24.0,1.0,24.0,24.0,1.0,24.0,24.0,1.0,24.0,24.0,WHEAT,,BLANKET,BARLEY,,,MAIZE,0.0,5.91,0.04,5.51,0.0,0.69,0.0,0.0,30.46,30.31,0.15,0.0,0,0,0,0.15,MANALI,2.0,kullu_kullu_village_amenities.csv
,HIMACHAL PRADESH,,Kullu,,Manali,,Up Muhal Kanyal,,Naggar,2009,MANALI,10.0,KULLU,47,MANALI,10.0,YES,79.86,73.0,330,173.0,157.0,91.0,49.0,42.0,2.0,1.0,1.0,2.0,0.0,2.0,0.0,1.0,CHHIYAL,,1.0,1.0,2.0,0.0,,,,2.0,0.0,2.0,0.0,1.0,MANALI,,2.0,0.0,2.0,0.0,1.0,MANALI,,2.0,0.0,2.0,0.0,1.0,MANALI,,2.0,0.0,2.0,0.0,1.0,HARIPUR,,2.0,0.0,2.0,0.0,1.0,MANDI,,2.0,0.0,2.0,0.0,1.0,SHIMLA,,2.0,0.0,2.0,0.0,2.0,TALYAR,,2.0,0.0,2.0,0.0,1.0,SUNDER NAGAR,,2.0,0.0,2.0,0.0,1.0,SHAMSHI,,2.0,0.0,2.0,0.0,1.0,KULLU,,2.0,0.0,2.0,0.0,1.0,SUNDER NAGAR,,2.0,0.0,2.0,0.0,N.A.,,0.0,0.0,0.0,0.0,0.0,,0.0,0.0,0.0,0.0,0.0,,0.0,0.0,0.0,0.0,0.0,,0.0,0.0,0.0,0.0,0.0,,0.0,0.0,0.0,0.0,0.0,,0.0,0.0,0.0,0.0,0.0,,0.0,0.0,0.0,0.0,0.0,,0.0,0.0,0.0,0.0,0.0,,0.0,0.0,0.0,0.0,0.0,,0.0,0.0,0.0,0.0,0.0,,0.0,0.0,0.0,0.0,0.0,,0.0,0.0,0.0,0.0,0.0,0.0,0.0,0.0,0.0,1.0,1.0,1.0,2.0,,,2.0,,,2.0,,,2.0,,,2.0,2.0,,,2.0,,,2.0,,,2.0,,,2.0,1.0,2.0,2.0,2.0,1.0,1.0,1.0,2.0,2.0,2.0,2.0,2.0,2.0,2.0,2.0,,1.0,,2.0,,1.0,175131.0,1.0,,2.0,,1.0,,2.0,,2.0,,1.0,,1.0,,2.0,,1.0,,1.0,,1.0,,1.0,,2.0,,2.0,,2.0,,2.0,,2.0,,2.0,,1.0,,2.0,,2.0,,1.0,,1.0,,1.0,,2.0,,1.0,,2.0,b,2.0,,2.0,,2.0,,2.0,,2.0,,1.0,,2.0,,2.0,,2.0,,1.0,,1.0,1.0,2.0,,1.0,,2.0,,2.0,,2.0,,2.0,,2.0,,1.0,,2.0,,1.0,24.0,24.0,1.0,24.0,24.0,1.0,24.0,24.0,1.0,24.0,24.0,APPLE,,,BARLEY,,,WHEAT,0.0,0.0,5.11,0.0,34.95,0.0,2.2,0.0,37.6,37.6,0.0,0.0,0,0,0,0.0,MANALI,10.0,kullu_kullu_village_amenities.csv
,HIMACHAL PRADESH,,Kullu,,Manali,,Muhal Shallin (21/28),,Naggar,2009,MANALI,6.0,KULLU,35,MANALI,6.0,YES,90.0,90.0,374,185.0,189.0,30.0,14.0,16.0,17.0,7.0,10.0,2.0,0.0,2.0,0.0,2.0,ALU GROUND,,1.0,1.0,2.0,0.0,,,,2.0,0.0,2.0,0.0,1.0,ALU GROUND,,2.0,0.0,2.0,0.0,1.0,ALU GROUND,,2.0,0.0,2.0,0.0,1.0,ALU GROUND,,2.0,0.0,2.0,0.0,1.0,KULLU,,2.0,0.0,2.0,0.0,1.0,MANDI,,2.0,0.0,2.0,0.0,1.0,SHIMLA,,2.0,0.0,2.0,0.0,2.0,TALYAR,,2.0,0.0,2.0,0.0,1.0,SUNDER NAGAR,,2.0,0.0,2.0,0.0,1.0,SHAMSHI,,2.0,0.0,2.0,0.0,1.0,KULLU,,2.0,0.0,2.0,0.0,1.0,SUNDER NAGAR,,2.0,0.0,2.0,0.0,N.A.,,0.0,0.0,0.0,0.0,0.0,,0.0,0.0,0.0,0.0,0.0,,0.0,0.0,0.0,0.0,0.0,,0.0,0.0,0.0,0.0,0.0,,0.0,0.0,0.0,0.0,0.0,,0.0,0.0,0.0,0.0,0.0,,0.0,0.0,0.0,0.0,0.0,,0.0,0.0,0.0,0.0,0.0,,0.0,0.0,0.0,0.0,0.0,,0.0,0.0,0.0,0.0,0.0,,0.0,0.0,0.0,0.0,0.0,,0.0,0.0,0.0,0.0,0.0,0.0,0.0,0.0,0.0,1.0,1.0,1.0,2.0,,,2.0,,,2.0,,,1.0,1.0,1.0,2.0,2.0,,,2.0,,,2.0,,,2.0,,,2.0,2.0,1.0,2.0,2.0,2.0,2.0,2.0,2.0,2.0,2.0,2.0,2.0,2.0,2.0,1.0,,2.0,,2.0,,1.0,175131.0,2.0,,2.0,,2.0,,2.0,,2.0,,2.0,,1.0,,2.0,,1.0,,1.0,,1.0,,1.0,,2.0,,2.0,,2.0,,2.0,,1.0,,1.0,,2.0,,2.0,,2.0,,1.0,,2.0,,1.0,,2.0,,1.0,,2.0,c,1.0,,2.0,,2.0,,2.0,,2.0,,2.0,,2.0,,2.0,,2.0,,2.0,,1.0,1.0,2.0,,2.0,,2.0,,2.0,,2.0,,2.0,,2.0,,2.0,,1.0,,1.0,24.0,24.0,1.0,24.0,24.0,1.0,24.0,24.0,1.0,24.0,24.0,APPLE,,,WHEAT,,,BARLEY,0.0,9.0,0.0,32.0,0.0,2.0,0.0,1.0,46.0,45.0,1.0,0.0,0,0,0,1.0,MANALI,6.0,kullu_kullu_village_amenities.csv
,HIMACHAL PRADESH,,Kullu,,Manali,,Up Muhal Klath,,Naggar,2009,MANALI,6.0,KULLU,33,MANALI,6.0,YES,147.0,169.0,607,310.0,297.0,91.0,44.0,47.0,108.0,53.0,55.0,2.0,0.0,2.0,0.0,2.0,ALU GROUND,,1.0,1.0,2.0,0.0,,,,2.0,0.0,2.0,0.0,1.0,ALU GROUND,,2.0,0.0,2.0,0.0,1.0,ALU GROUND,,2.0,0.0,2.0,0.0,1.0,ALU GROUND,,2.0,0.0,2.0,0.0,1.0,KULLU,,2.0,0.0,2.0,0.0,1.0,MANDI,,2.0,0.0,2.0,0.0,1.0,SHIMLA,,2.0,0.0,2.0,0.0,2.0,TALYAR,,2.0,0.0,2.0,0.0,1.0,SUNDER NAGAR,,2.0,0.0,2.0,0.0,1.0,SHAMSHI,,2.0,0.0,2.0,0.0,1.0,KULLU,,2.0,0.0,2.0,0.0,1.0,SUNDER NAGAR,,2.0,0.0,2.0,0.0,N.A.,,0.0,0.0,0.0,0.0,0.0,,0.0,0.0,0.0,0.0,0.0,,0.0,0.0,0.0,0.0,0.0,,0.0,0.0,0.0,0.0,0.0,,0.0,0.0,0.0,0.0,0.0,,0.0,0.0,0.0,0.0,0.0,,0.0,0.0,0.0,0.0,0.0,,0.0,0.0,0.0,0.0,0.0,,0.0,0.0,0.0,0.0,0.0,,0.0,0.0,0.0,0.0,0.0,,0.0,0.0,0.0,0.0,0.0,,0.0,0.0,0.0,0.0,0.0,0.0,0.0,0.0,0.0,1.0,1.0,1.0,2.0,,,2.0,,,2.0,,,1.0,1.0,1.0,2.0,2.0,,,1.0,1.0,1.0,2.0,,,2.0,,,2.0,2.0,1.0,2.0,2.0,2.0,2.0,2.0,2.0,2.0,2.0,2.0,2.0,2.0,2.0,2.0,,1.0,,2.0,,1.0,175131.0,1.0,,1.0,,2.0,,2.0,,2.0,,2.0,,2.0,,2.0,,1.0,,2.0,,2.0,,2.0,,2.0,,2.0,,2.0,,2.0,,1.0,,1.0,,1.0,,1.0,,1.0,,1.0,,1.0,,1.0,,2.0,,1.0,,2.0,b,1.0,,2.0,,2.0,,2.0,,2.0,,2.0,,2.0,,2.0,,2.0,,1.0,,1.0,1.0,2.0,,2.0,,2.0,,2.0,,2.0,,2.0,,2.0,,2.0,,2.0,,1.0,24.0,24.0,1.0,24.0,24.0,1.0,24.0,24.0,1.0,24.0,24.0,MAIZE,,,BARLEY,,,WHEAT,19.0,0.0,0.0,99.0,0.0,0.0,0.0,0.0,29.0,23.16,5.84,5.84,0,0,0,0.0,MANALI,6.0,kullu_kullu_village_amenities.csv
,HIMACHAL PRADESH,,Kullu,,Manali,,Up Muhal Parsha,,Naggar,2009,MANALI,5.0,KULLU,35,MANALI,5.0,YES,96.0,194.0,702,365.0,337.0,90.0,47.0,43.0,47.0,20.0,27.0,1.0,1.0,1.0,1.0,,,,1.0,1.0,1.0,1.0,,,,1.0,1.0,2.0,0.0,,,,2.0,0.0,2.0,0.0,1.0,ALU GROUND,,2.0,0.0,2.0,0.0,1.0,BRAN,,2.0,0.0,2.0,0.0,1.0,KULLU,,2.0,0.0,2.0,0.0,1.0,MANDI,,2.0,0.0,2.0,0.0,1.0,SHIMLA,,2.0,0.0,2.0,0.0,2.0,TALYAR,,2.0,0.0,2.0,0.0,1.0,SUNDER NAGAR,,2.0,0.0,2.0,0.0,1.0,SHAMSHI,,2.0,0.0,2.0,0.0,1.0,KULLU,,2.0,0.0,2.0,0.0,1.0,SUNDER NAGAR,,2.0,0.0,2.0,0.0,N.A.,,0.0,0.0,0.0,0.0,0.0,,0.0,0.0,0.0,0.0,0.0,,0.0,0.0,0.0,0.0,0.0,,0.0,0.0,0.0,0.0,0.0,,0.0,0.0,0.0,0.0,0.0,,0.0,0.0,0.0,0.0,0.0,,0.0,0.0,0.0,0.0,0.0,,0.0,0.0,0.0,0.0,0.0,,0.0,0.0,0.0,0.0,0.0,,0.0,0.0,0.0,0.0,0.0,,0.0,0.0,0.0,0.0,0.0,,0.0,0.0,0.0,0.0,0.0,0.0,0.0,0.0,0.0,1.0,1.0,1.0,2.0,,,2.0,,,2.0,,,2.0,,,2.0,2.0,,,1.0,1.0,1.0,2.0,,,2.0,,,2.0,2.0,1.0,2.0,2.0,2.0,2.0,2.0,2.0,2.0,2.0,2.0,2.0,2.0,2.0,2.0,,2.0,,2.0,,1.0,175131.0,1.0,,1.0,,2.0,,2.0,,2.0,,2.0,,2.0,,2.0,,2.0,,2.0,,2.0,,1.0,,2.0,,2.0,,2.0,,2.0,,1.0,,1.0,,1.0,,1.0,,1.0,,1.0,,1.0,,1.0,,2.0,,1.0,,2.0,b,1.0,,2.0,,2.0,,2.0,,2.0,,2.0,,2.0,,2.0,,2.0,,2.0,,1.0,1.0,2.0,,2.0,,2.0,,2.0,,2.0,,2.0,,2.0,,2.0,,2.0,,1.0,24.0,24.0,1.0,24.0,24.0,1.0,24.0,24.0,1.0,24.0,24.0,APPLE,,,BARLEY,,,WHEAT,0.0,21.0,0.0,25.0,0.0,1.0,0.0,2.0,47.0,34.27,12.73,0.0,0,0,0,12.73,MANALI,5.0,kullu_kullu_village_amenities.csv
,HIMACHAL PRADESH,,Kullu,,Manali,,Up Muhal Klaont,,Naggar,2009,MANALI,5.0,KULLU,35,MANALI,5.0,YES,39.67,3.0,13,8.0,5.0,0.0,0.0,0.0,0.0,0.0,0.0,1.0,1.0,2.0,0.0,,,,1.0,1.0,2.0,0.0,,,,1.0,1.0,2.0,0.0,,,,1.0,1.0,2.0,0.0,,,,1.0,1.0,2.0,0.0,,,,2.0,0.0,2.0,0.0,1.0,KULLU,,2.0,0.0,2.0,0.0,1.0,MANDI,,2.0,0.0,2.0,0.0,1.0,SHIMLA,,2.0,0.0,2.0,0.0,2.0,TALYAR,,2.0,0.0,2.0,0.0,1.0,SUNDER NAGAR,,2.0,0.0,2.0,0.0,1.0,SHAMSHI,,2.0,0.0,2.0,0.0,1.0,KULLU,,2.0,0.0,2.0,0.0,1.0,SUNDER NAGAR,,2.0,0.0,2.0,0.0,N.A.,,0.0,0.0,0.0,0.0,0.0,,0.0,0.0,0.0,0.0,0.0,,0.0,0.0,0.0,0.0,0.0,,0.0,0.0,0.0,0.0,0.0,,0.0,0.0,0.0,0.0,0.0,,0.0,0.0,0.0,0.0,0.0,,0.0,0.0,0.0,0.0,0.0,,0.0,0.0,0.0,0.0,0.0,,0.0,0.0,0.0,0.0,0.0,,0.0,0.0,0.0,0.0,0.0,,0.0,0.0,0.0,0.0,0.0,,0.0,0.0,0.0,0.0,0.0,0.0,0.0,0.0,0.0,1.0,1.0,1.0,2.0,,,2.0,,,2.0,,,1.0,1.0,1.0,2.0,1.0,1.0,1.0,2.0,,,2.0,,,2.0,,,2.0,2.0,1.0,2.0,2.0,2.0,2.0,2.0,2.0,2.0,2.0,2.0,2.0,2.0,2.0,2.0,,1.0,,2.0,,1.0,175131.0,2.0,,2.0,,2.0,,2.0,,2.0,,1.0,,1.0,,2.0,,1.0,,1.0,,1.0,,1.0,,2.0,,2.0,,2.0,,2.0,,1.0,,1.0,,1.0,,1.0,,2.0,,2.0,,2.0,,1.0,,1.0,,1.0,,2.0,b,1.0,,2.0,,2.0,,2.0,,2.0,,2.0,,2.0,,2.0,,2.0,,2.0,,1.0,1.0,2.0,,2.0,,2.0,,2.0,,2.0,,2.0,,2.0,,2.0,,2.0,,1.0,24.0,24.0,1.0,24.0,24.0,1.0,24.0,24.0,1.0,24.0,24.0,,,,,,,,0.0,1.0,0.0,0.0,22.67,1.0,0.0,0.0,15.0,15.0,0.0,0.0,0,0,0,0.0,MANALI,5.0,kullu_kullu_village_amenities.csv
,HIMACHAL PRADESH,,Kullu,,Manali,,Up Muhal Jhunjhari,,Naggar,2009,MANALI,5.0,KULLU,35,MANALI,5.0,YES,1.2,2.0,6,4.0,2.0,0.0,0.0,0.0,0.0,0.0,0.0,2.0,0.0,2.0,0.0,1.0,MUHAL KLAONT,,2.0,0.0,2.0,0.0,1.0,UP MUHAL KLANOT ,,2.0,0.0,2.0,0.0,1.0,ALU GROUND,,2.0,0.0,2.0,0.0,1.0,KLAONT,,2.0,0.0,2.0,0.0,1.0,KLAONT,,2.0,0.0,2.0,0.0,1.0,KULLU,,2.0,0.0,2.0,0.0,1.0,MANDI,,2.0,0.0,2.0,0.0,1.0,SHIMLA,,2.0,0.0,2.0,0.0,2.0,TALYAR,,2.0,0.0,2.0,0.0,1.0,SUNDER NAGAR,,2.0,0.0,2.0,0.0,1.0,SHAMSHI,,2.0,0.0,2.0,0.0,1.0,KULLU,,2.0,0.0,2.0,0.0,1.0,SUNDER NAGAR,,2.0,0.0,2.0,0.0,N.A.,,0.0,0.0,0.0,0.0,0.0,,0.0,0.0,0.0,0.0,0.0,,0.0,0.0,0.0,0.0,0.0,,0.0,0.0,0.0,0.0,0.0,,0.0,0.0,0.0,0.0,0.0,,0.0,0.0,0.0,0.0,0.0,,0.0,0.0,0.0,0.0,0.0,,0.0,0.0,0.0,0.0,0.0,,0.0,0.0,0.0,0.0,0.0,,0.0,,,,,,0.0,0.0,0.0,0.0,0.0,,0.0,0.0,0.0,0.0,0.0,0.0,0.0,0.0,0.0,1.0,1.0,1.0,2.0,,,2.0,,,2.0,,,2.0,,,2.0,2.0,,,2.0,,,2.0,,,2.0,,,2.0,2.0,1.0,2.0,2.0,2.0,2.0,2.0,2.0,2.0,2.0,2.0,2.0,2.0,2.0,2.0,,1.0,,2.0,,1.0,175131.0,2.0,,2.0,,2.0,,2.0,,2.0,,2.0,,1.0,,2.0,,2.0,,2.0,,2.0,,2.0,,2.0,,2.0,,2.0,,2.0,,1.0,,2.0,,2.0,,2.0,,2.0,,2.0,,2.0,,2.0,,2.0,,1.0,,2.0,b,1.0,,2.0,,2.0,,2.0,,2.0,,2.0,,2.0,,2.0,,2.0,,2.0,,1.0,1.0,2.0,,2.0,,2.0,,2.0,,2.0,,2.0,,2.0,,2.0,,2.0,,1.0,24.0,24.0,1.0,24.0,24.0,1.0,24.0,24.0,1.0,24.0,24.0,,,,,,,,1.2,0.0,0.0,0.0,0.0,0.0,0.0,0.0,0.0,0.0,0.0,0.0,0,0,0,0.0,MANALI,5.0,kullu_kullu_village_amenities.csv
,HIMACHAL PRADESH,,Kullu,,Manali,,Up Muhal Gadherani,,Naggar,2009,MANALI,4.0,KULLU,34,MANALI,4.0,YES,53.9,209.0,1054,567.0,487.0,98.0,55.0,43.0,264.0,149.0,115.0,2.0,0.0,2.0,0.0,1.0,ALU GROUND,,1.0,1.0,1.0,2.0,,,,2.0,0.0,2.0,0.0,1.0,ALU GROUND,,2.0,0.0,2.0,0.0,1.0,ALU GROUND,,2.0,0.0,1.0,1.0,,,,2.0,0.0,2.0,0.0,1.0,KULLU,,2.0,0.0,2.0,0.0,1.0,MANDI,,2.0,0.0,2.0,0.0,1.0,SHIMLA,,2.0,0.0,2.0,0.0,2.0,TALYAR,,2.0,0.0,2.0,0.0,1.0,SUNDER NAGAR,,2.0,0.0,2.0,0.0,1.0,SHAMSHI,,2.0,0.0,2.0,0.0,1.0,KULLU,,2.0,0.0,2.0,0.0,1.0,SUNDER NAGAR,,2.0,0.0,2.0,0.0,N.A.,,0.0,0.0,0.0,0.0,0.0,,0.0,0.0,0.0,0.0,0.0,,1.0,1.0,0.0,1.0,0.0,,0.0,0.0,0.0,0.0,0.0,,0.0,0.0,0.0,0.0,0.0,,0.0,0.0,0.0,0.0,0.0,,0.0,0.0,0.0,0.0,0.0,,0.0,0.0,0.0,0.0,0.0,,0.0,0.0,0.0,0.0,0.0,,0.0,0.0,0.0,0.0,0.0,,0.0,0.0,0.0,0.0,0.0,,0.0,0.0,0.0,0.0,0.0,0.0,0.0,0.0,0.0,1.0,1.0,1.0,2.0,,,2.0,,,2.0,,,1.0,1.0,1.0,2.0,1.0,1.0,1.0,2.0,,,2.0,,,2.0,,,2.0,1.0,2.0,2.0,2.0,1.0,2.0,1.0,2.0,2.0,2.0,2.0,2.0,2.0,2.0,2.0,,1.0,,2.0,,1.0,175131.0,2.0,,2.0,,2.0,,2.0,,2.0,,1.0,,1.0,,2.0,,1.0,,1.0,,1.0,,1.0,,2.0,,2.0,,2.0,,2.0,,1.0,,1.0,,2.0,,2.0,,2.0,,2.0,,1.0,,1.0,,1.0,,1.0,,2.0,c,1.0,,2.0,,2.0,,2.0,,2.0,,2.0,,2.0,,2.0,,2.0,,1.0,,1.0,1.0,2.0,,2.0,,2.0,,2.0,,2.0,,2.0,,2.0,,2.0,,1.0,,1.0,24.0,24.0,1.0,24.0,24.0,1.0,24.0,24.0,1.0,24.0,24.0,MAIZE,,,,,,,11.0,0.0,6.4,0.25,0.1,0.0,0.0,0.0,36.15,22.49,13.66,0.0,0,0,0,13.66,MANALI,4.0,kullu_kullu_village_amenities.csv
,HIMACHAL PRADESH,,Kullu,,Manali,,Muhal Bran (22/29),,Naggar,2009,MANALI,10.0,KULLU,37,MANALI,10.0,YES,187.46,129.0,555,284.0,271.0,150.0,75.0,75.0,73.0,37.0,36.0,2.0,0.0,2.0,0.0,2.0,BRAN,,1.0,1.0,2.0,0.0,,,,1.0,1.0,2.0,0.0,,,,2.0,0.0,2.0,0.0,1.0,BRAN,,1.0,1.0,2.0,0.0,,,,2.0,0.0,2.0,0.0,1.0,KULLU,,2.0,0.0,2.0,0.0,1.0,MANDI,,2.0,0.0,2.0,0.0,1.0,SHIMLA,,2.0,0.0,2.0,0.0,2.0,TALYAR,,2.0,0.0,2.0,0.0,1.0,SUNDER NAGAR,,2.0,0.0,2.0,0.0,1.0,SHAMSHI,,2.0,0.0,2.0,0.0,1.0,KULLU,,2.0,0.0,2.0,0.0,1.0,SUNDER NAGAR,,2.0,0.0,2.0,0.0,N.A.,,0.0,0.0,0.0,0.0,0.0,,1.0,1.0,1.0,1.0,1.0,,0.0,0.0,0.0,0.0,0.0,,0.0,0.0,0.0,0.0,0.0,,0.0,0.0,0.0,0.0,0.0,,0.0,0.0,0.0,0.0,0.0,,0.0,0.0,0.0,0.0,0.0,,1.0,0.0,0.0,0.0,0.0,,1.0,0.0,0.0,0.0,0.0,,0.0,0.0,0.0,0.0,0.0,,0.0,0.0,0.0,0.0,0.0,,0.0,0.0,0.0,0.0,0.0,0.0,0.0,0.0,0.0,1.0,1.0,1.0,2.0,,,2.0,,,2.0,,,1.0,1.0,1.0,2.0,2.0,,,1.0,1.0,1.0,2.0,,,2.0,,,2.0,2.0,1.0,2.0,2.0,2.0,2.0,2.0,2.0,2.0,2.0,2.0,2.0,2.0,2.0,1.0,,2.0,,2.0,,1.0,175131.0,1.0,,2.0,,2.0,,2.0,,2.0,,2.0,,2.0,,2.0,,2.0,,2.0,,2.0,,2.0,,2.0,,2.0,,2.0,,2.0,,1.0,,1.0,,1.0,,2.0,,1.0,,1.0,,2.0,,2.0,,2.0,,1.0,,2.0,a,2.0,,2.0,,2.0,,2.0,,1.0,,2.0,,2.0,,2.0,,2.0,,1.0,,1.0,1.0,2.0,,2.0,,2.0,,2.0,,2.0,,2.0,,2.0,,1.0,,1.0,,1.0,24.0,24.0,1.0,24.0,24.0,1.0,24.0,24.0,1.0,24.0,24.0,MAIZE,,,BARLEY,,,WHEAT,0.0,19.0,0.0,0.0,120.46,1.0,0.0,2.0,45.0,29.95,15.05,0.0,0,0,0,15.05,MANALI,10.0,kullu_kullu_village_amenities.csv
,HIMACHAL PRADESH,,Kullu,,Manali,,Up Muhal Chharogi,,Naggar,2009,MANALI,15.0,KULLU,34,MANALI,15.0,YES,119.29,1.0,1,1.0,0.0,0.0,0.0,0.0,0.0,0.0,0.0,2.0,0.0,2.0,0.0,2.0,BRAN,,2.0,0.0,2.0,0.0,1.0,MUHAL BRAN,,2.0,0.0,2.0,0.0,1.0,SANGCHAR,,2.0,0.0,2.0,0.0,1.0,BRAN,,2.0,0.0,2.0,0.0,1.0,BRAN,,2.0,0.0,2.0,0.0,1.0,KULLU,,2.0,0.0,2.0,0.0,1.0,MANDI,,2.0,0.0,2.0,0.0,1.0,SHIMLA,,2.0,0.0,2.0,0.0,2.0,TALYAR,,2.0,0.0,2.0,0.0,1.0,SUNDER NAGAR,,2.0,0.0,2.0,0.0,1.0,SHAMSHI,,2.0,0.0,2.0,0.0,1.0,KULLU,,2.0,0.0,2.0,0.0,1.0,SUNDER NAGAR,,2.0,0.0,2.0,0.0,N.A.,,0.0,0.0,0.0,0.0,0.0,,0.0,0.0,0.0,0.0,0.0,,0.0,0.0,0.0,0.0,0.0,,0.0,0.0,0.0,0.0,0.0,,0.0,0.0,0.0,0.0,0.0,,0.0,0.0,0.0,0.0,0.0,,0.0,0.0,0.0,0.0,0.0,,0.0,0.0,0.0,0.0,0.0,,0.0,0.0,0.0,0.0,0.0,,0.0,,,,,,0.0,0.0,0.0,0.0,0.0,,0.0,0.0,0.0,0.0,0.0,0.0,0.0,0.0,0.0,1.0,1.0,1.0,2.0,,,2.0,,,2.0,,,2.0,,,2.0,2.0,,,2.0,,,2.0,,,2.0,,,2.0,2.0,1.0,2.0,2.0,2.0,2.0,2.0,2.0,2.0,2.0,2.0,2.0,2.0,2.0,2.0,,1.0,,2.0,,1.0,175131.0,2.0,,2.0,,2.0,,2.0,,2.0,,1.0,,2.0,,2.0,,2.0,,2.0,,2.0,,2.0,,2.0,,2.0,,2.0,,2.0,,2.0,,2.0,,2.0,,2.0,,2.0,,2.0,,2.0,,2.0,,2.0,,1.0,,2.0,a,2.0,,2.0,,2.0,,2.0,,2.0,,2.0,,2.0,,2.0,,2.0,,2.0,,1.0,1.0,2.0,,2.0,,2.0,,2.0,,2.0,,2.0,,2.0,,2.0,,2.0,,1.0,24.0,24.0,1.0,24.0,24.0,1.0,24.0,24.0,1.0,24.0,24.0,,,,,,,,0.0,0.0,0.0,102.75,0.0,1.36,0.0,0.0,15.18,15.18,0.0,0.0,0,0,0,0.0,MANALI,15.0,kullu_kullu_village_amenities.csv
,HIMACHAL PRADESH,,Kullu,,Manali,,Up Muhal Mandhon,,Naggar,2009,MANALI,16.0,KULLU,35,MANALI,16.0,YES,83.77,,0,,,,,,,,,,,,,,,,,,,,,,,,,,,,,,,,,,,,,,,,,,,,,,,,,,,,,,,,,,,,,,,,,,,,,,,,,,,,,,,,,,,,,,,,,,,,,,,,,,,,,,,,,,,,,,,,,,,,,,,,,,,,,,,,,,,,,,,,,,,,,,,,,,,,,,,,,,,,,,,,,,,,,,,,,,,,,,,,,,,,,,,,,,,,,,,,,,,,,,,,,,,,,,,,,,,,,,,,,,,,,,,,,,,,,,,,,,,,,,,,,,,,,,,,,,,,,,,,,,,,,,,,,,,,,,,,,,,,,,,,,,,,,,,,,,,,,,,,,,,,,,,,,,,,,,,,,,,,,,,,,,,,,,,,,,,,,,,,,,,,,,,,,0.0,0.21,2.78,77.77,0.0,0.97,0.0,0.0,2.04,2.04,0.0,0.0,0,0,0,0.0,MANALI,16.0,kullu_kullu_village_amenities.csv
,HIMACHAL PRADESH,,Kullu,,Manali,,Up Muhal Shangchar,,Naggar,2009,MANALI,35.0,KULLU,35,MANALI,35.0,YES,120.05,165.0,697,343.0,354.0,14.0,8.0,6.0,2.0,1.0,1.0,2.0,0.0,2.0,0.0,2.0,BRAN,,1.0,1.0,2.0,0.0,,,,1.0,1.0,2.0,0.0,,,,2.0,0.0,2.0,0.0,1.0,BRAN,,2.0,0.0,2.0,0.0,1.0,BRAN,,2.0,0.0,2.0,0.0,1.0,KULLU,,2.0,0.0,2.0,0.0,1.0,KULLU,,2.0,0.0,2.0,0.0,1.0,SHIMLA,,2.0,0.0,2.0,0.0,2.0,TALYAR,,2.0,0.0,2.0,0.0,1.0,SUNDER NAGAR,,2.0,0.0,2.0,0.0,1.0,SHAMSHI,,2.0,0.0,2.0,0.0,1.0,KULLU,,2.0,0.0,2.0,0.0,1.0,SUNDER NAGAR,,2.0,0.0,2.0,0.0,N.A.,,0.0,0.0,0.0,0.0,0.0,,0.0,0.0,0.0,0.0,0.0,,0.0,0.0,0.0,0.0,0.0,,0.0,0.0,0.0,0.0,0.0,,0.0,0.0,0.0,0.0,0.0,,0.0,0.0,0.0,0.0,0.0,,0.0,0.0,0.0,0.0,0.0,,0.0,0.0,0.0,0.0,0.0,,0.0,0.0,0.0,0.0,0.0,,0.0,0.0,0.0,0.0,0.0,,0.0,0.0,0.0,0.0,0.0,,0.0,0.0,0.0,0.0,0.0,0.0,0.0,0.0,0.0,1.0,1.0,1.0,2.0,,,2.0,,,2.0,,,1.0,1.0,1.0,2.0,2.0,,,2.0,,,2.0,,,2.0,,,2.0,2.0,1.0,2.0,2.0,2.0,2.0,2.0,2.0,2.0,2.0,2.0,2.0,2.0,2.0,1.0,,2.0,,2.0,,1.0,175131.0,2.0,,2.0,,2.0,,2.0,,2.0,,1.0,,2.0,,2.0,,2.0,,2.0,,2.0,,2.0,,2.0,,2.0,,2.0,,2.0,,2.0,,2.0,,2.0,,2.0,,2.0,,1.0,,2.0,,2.0,,2.0,,1.0,,2.0,a,2.0,,2.0,,2.0,,2.0,,1.0,,2.0,,2.0,,2.0,,2.0,,1.0,,1.0,1.0,2.0,,2.0,,2.0,,2.0,,2.0,,2.0,,2.0,,1.0,,2.0,,1.0,24.0,24.0,1.0,24.0,24.0,1.0,24.0,24.0,1.0,24.0,24.0,MAIZE,,,BARLEY,,,WHEAT,0.0,9.0,0.0,55.0,0.0,1.0,0.0,1.0,54.05,54.05,0.0,0.0,0,0,0,0.0,MANALI,35.0,kullu_kullu_village_amenities.csv
,HIMACHAL PRADESH,,Kullu,,Manali,,Up Muhal Dobha,,Naggar,2009,MANALI,10.0,KULLU,37,MANALI,10.0,YES,153.0,98.0,450,220.0,230.0,57.0,29.0,28.0,34.0,14.0,20.0,2.0,0.0,2.0,0.0,2.0,BRAN,,1.0,1.0,2.0,0.0,,,,2.0,0.0,2.0,0.0,1.0,BRAN,,2.0,0.0,2.0,0.0,1.0,BRAN,,2.0,0.0,2.0,0.0,1.0,BRAN,,2.0,0.0,2.0,0.0,1.0,KULLU,,2.0,0.0,2.0,0.0,1.0,MANDI,,2.0,0.0,2.0,0.0,1.0,SHIMLA,,2.0,0.0,2.0,0.0,2.0,TALYAR,,2.0,0.0,2.0,0.0,1.0,SUNDER NAGAR,,2.0,0.0,2.0,0.0,1.0,SHAMSHI,,2.0,0.0,2.0,0.0,1.0,KULLU,,2.0,0.0,2.0,0.0,1.0,SUNDER NAGAR,,2.0,0.0,2.0,0.0,N.A.,,0.0,0.0,0.0,0.0,0.0,,0.0,0.0,0.0,0.0,0.0,,0.0,0.0,0.0,0.0,0.0,,0.0,0.0,0.0,0.0,0.0,,0.0,0.0,0.0,0.0,0.0,,0.0,0.0,0.0,0.0,0.0,,0.0,0.0,0.0,0.0,0.0,,0.0,0.0,0.0,0.0,0.0,,0.0,0.0,0.0,0.0,0.0,,0.0,0.0,0.0,0.0,0.0,,0.0,0.0,0.0,0.0,0.0,,0.0,0.0,0.0,0.0,0.0,0.0,0.0,0.0,0.0,1.0,1.0,1.0,2.0,,,2.0,,,2.0,,,1.0,1.0,1.0,2.0,2.0,,,1.0,1.0,1.0,2.0,,,2.0,,,2.0,2.0,1.0,2.0,2.0,2.0,2.0,2.0,2.0,2.0,2.0,2.0,2.0,2.0,2.0,2.0,,2.0,,2.0,,1.0,175131.0,1.0,,2.0,,2.0,,2.0,,2.0,,2.0,,2.0,,2.0,,2.0,,2.0,,2.0,,2.0,,2.0,,2.0,,2.0,,2.0,,1.0,,1.0,,1.0,,1.0,,1.0,,1.0,,1.0,,1.0,,2.0,,1.0,,2.0,c,2.0,,2.0,,2.0,,2.0,,2.0,,2.0,,2.0,,2.0,,2.0,,1.0,,1.0,1.0,2.0,,2.0,,2.0,,2.0,,2.0,,2.0,,2.0,,1.0,,2.0,,1.0,24.0,24.0,1.0,24.0,24.0,1.0,24.0,24.0,1.0,24.0,24.0,MAIZE,,,BARLEY,,,WHEAT,0.0,9.0,0.0,83.0,0.0,1.0,0.0,2.0,58.0,39.83,18.17,0.0,0,0,0,18.17,MANALI,10.0,kullu_kullu_village_amenities.csv
,HIMACHAL PRADESH,,Kullu,,Manali,,Up Muhal Rampur,,Naggar,2009,MANALI,10.0,KULLU,37,MANALI,10.0,YES,74.29,92.0,404,205.0,199.0,106.0,56.0,50.0,104.0,50.0,54.0,2.0,0.0,2.0,0.0,2.0,BRAN,,2.0,0.0,2.0,0.0,1.0,BRAN,,2.0,0.0,2.0,0.0,1.0,BRAN,,2.0,0.0,2.0,0.0,1.0,BRAN,,2.0,0.0,2.0,0.0,1.0,BRAN,,2.0,0.0,2.0,0.0,1.0,KULLU,,2.0,0.0,2.0,0.0,1.0,MANDI,,2.0,0.0,2.0,0.0,1.0,SHIMLA,,2.0,0.0,2.0,0.0,2.0,TALYAR,,2.0,0.0,2.0,0.0,1.0,SUNDER NAGAR,,2.0,0.0,2.0,0.0,1.0,SHAMSHI,,2.0,0.0,2.0,0.0,1.0,KULLU,,2.0,0.0,2.0,0.0,1.0,SUNDER NAGAR,,2.0,0.0,2.0,0.0,N.A.,,0.0,0.0,0.0,0.0,0.0,,0.0,0.0,0.0,0.0,0.0,,0.0,0.0,0.0,0.0,0.0,,0.0,0.0,0.0,0.0,0.0,,0.0,0.0,0.0,0.0,0.0,,0.0,0.0,0.0,0.0,0.0,,0.0,0.0,0.0,0.0,0.0,,0.0,0.0,0.0,0.0,0.0,,0.0,0.0,0.0,0.0,0.0,,0.0,0.0,0.0,0.0,0.0,,0.0,0.0,0.0,0.0,0.0,,0.0,0.0,0.0,0.0,0.0,0.0,0.0,0.0,0.0,1.0,1.0,1.0,2.0,,,2.0,,,1.0,1.0,1.0,1.0,1.0,1.0,2.0,2.0,,,2.0,,,2.0,,,2.0,,,2.0,2.0,1.0,2.0,2.0,2.0,2.0,2.0,2.0,2.0,2.0,2.0,2.0,2.0,2.0,2.0,,1.0,,2.0,,1.0,175131.0,1.0,,2.0,,2.0,,2.0,,2.0,,1.0,,1.0,,2.0,,2.0,,2.0,,2.0,,2.0,,2.0,,2.0,,2.0,,2.0,,1.0,,1.0,,2.0,,2.0,,2.0,,2.0,,2.0,,2.0,,2.0,,1.0,,2.0,a,2.0,,2.0,,2.0,,2.0,,1.0,,2.0,,2.0,,2.0,,2.0,,1.0,,1.0,1.0,2.0,,2.0,,2.0,,2.0,,2.0,,2.0,,2.0,,1.0,,2.0,,1.0,24.0,24.0,1.0,24.0,24.0,1.0,24.0,24.0,1.0,24.0,24.0,MAIZE,,,BARLEY,,,WHEAT,0.0,17.0,0.0,0.0,5.0,0.0,0.0,1.0,51.29,38.97,12.32,0.0,0,0,0,12.32,MANALI,10.0,kullu_kullu_village_amenities.csv
,HIMACHAL PRADESH,,Kullu,,Manali,,Muhal Pangan (22/38),,Naggar,2009,MANALI,28.0,KULLU,30,MANALI,28.0,YES,128.52,138.0,602,308.0,294.0,115.0,62.0,53.0,122.0,50.0,72.0,1.0,1.0,2.0,0.0,,,,1.0,1.0,2.0,0.0,,,,1.0,1.0,2.0,0.0,,,,1.0,1.0,2.0,0.0,,,,1.0,1.0,2.0,0.0,,,,2.0,0.0,2.0,0.0,1.0,KULLU,,2.0,0.0,2.0,0.0,1.0,MANDI,,2.0,0.0,2.0,0.0,1.0,SHIMLA,,2.0,0.0,2.0,0.0,2.0,TALYAR,,2.0,0.0,2.0,0.0,1.0,SUNDER NAGAR,,2.0,0.0,2.0,0.0,1.0,SHAMSHI,,2.0,0.0,2.0,0.0,1.0,KULLU,,2.0,0.0,2.0,0.0,1.0,SUNDER NAGAR,,2.0,0.0,2.0,0.0,N.A.,,0.0,0.0,0.0,0.0,0.0,,0.0,0.0,0.0,0.0,0.0,,0.0,0.0,0.0,0.0,0.0,,0.0,0.0,0.0,0.0,0.0,,0.0,0.0,0.0,0.0,0.0,,1.0,2.0,2.0,1.0,1.0,,0.0,0.0,0.0,0.0,0.0,,1.0,1.0,0.0,0.0,0.0,,1.0,2.0,0.0,0.0,0.0,,0.0,0.0,0.0,0.0,0.0,,0.0,0.0,0.0,0.0,0.0,,0.0,0.0,0.0,0.0,0.0,0.0,0.0,0.0,0.0,1.0,1.0,1.0,2.0,,,2.0,,,2.0,,,2.0,,,2.0,1.0,1.0,1.0,2.0,,,2.0,,,2.0,,,2.0,2.0,1.0,2.0,2.0,2.0,2.0,2.0,2.0,2.0,2.0,2.0,2.0,2.0,2.0,2.0,,2.0,,2.0,,1.0,175131.0,1.0,,2.0,,1.0,,2.0,,2.0,,1.0,,1.0,,2.0,,2.0,,1.0,,1.0,,1.0,,2.0,,2.0,,2.0,,2.0,,1.0,,1.0,,1.0,,1.0,,1.0,,1.0,,1.0,,1.0,,2.0,,1.0,,1.0,,2.0,,2.0,,2.0,,1.0,,1.0,,2.0,,2.0,,2.0,,1.0,,1.0,,1.0,1.0,2.0,,1.0,,2.0,,2.0,,2.0,,2.0,,1.0,,1.0,,1.0,,1.0,24.0,24.0,1.0,24.0,24.0,1.0,24.0,24.0,1.0,24.0,24.0,MAIZE,,,,,,,0.0,19.65,0.0,30.87,0.0,1.9,0.0,0.0,76.1,68.41,7.69,0.0,0,0,0,7.69,MANALI,28.0,kullu_kullu_village_amenities.csv
,HIMACHAL PRADESH,,Kullu,,Manali,,Up Muhal Gumidhar ,,Naggar,2009,MANALI,28.0,KULLU,30,MANALI,28.0,YES,44.29,132.0,434,187.0,247.0,2.0,1.0,1.0,249.0,99.0,150.0,2.0,0.0,2.0,0.0,2.0,PANGAN,,2.0,0.0,2.0,0.0,1.0,PANGAN,,2.0,0.0,2.0,0.0,1.0,PANGAN,,2.0,0.0,2.0,0.0,1.0,PANGAN,,2.0,0.0,2.0,0.0,1.0,PANGAN,,2.0,0.0,2.0,0.0,1.0,KULLU,,2.0,0.0,2.0,0.0,1.0,MANDI,,2.0,0.0,2.0,0.0,1.0,SHIMLA,,2.0,0.0,2.0,0.0,2.0,TALYAR,,2.0,0.0,2.0,0.0,1.0,SUNDER NAGAR,,2.0,0.0,2.0,0.0,1.0,SHAMSHI,,2.0,0.0,2.0,0.0,1.0,KULLU,,2.0,0.0,2.0,0.0,1.0,SUNDER NAGAR,,2.0,0.0,2.0,0.0,N.A.,,0.0,0.0,0.0,0.0,0.0,,0.0,0.0,0.0,0.0,0.0,,0.0,0.0,0.0,0.0,0.0,,0.0,0.0,0.0,0.0,0.0,,0.0,0.0,0.0,0.0,0.0,,1.0,2.0,2.0,1.0,0.0,,0.0,0.0,0.0,0.0,0.0,,1.0,1.0,0.0,0.0,0.0,,1.0,1.0,0.0,0.0,0.0,,0.0,0.0,0.0,0.0,0.0,,0.0,0.0,0.0,0.0,0.0,,0.0,0.0,0.0,0.0,0.0,0.0,0.0,0.0,0.0,1.0,1.0,1.0,2.0,,,2.0,,,2.0,,,2.0,,,2.0,2.0,,,2.0,,,2.0,,,2.0,,,2.0,2.0,1.0,2.0,2.0,2.0,2.0,2.0,2.0,2.0,2.0,2.0,2.0,2.0,2.0,2.0,,2.0,,2.0,,1.0,175131.0,1.0,,2.0,,1.0,,2.0,,2.0,,1.0,,1.0,,2.0,,2.0,,1.0,,1.0,,1.0,,2.0,,2.0,,2.0,,2.0,,1.0,,1.0,,1.0,,1.0,,1.0,,1.0,,1.0,,1.0,,1.0,,1.0,,1.0,,2.0,,2.0,,2.0,,2.0,,1.0,,2.0,,2.0,,2.0,,2.0,,1.0,,1.0,1.0,2.0,,1.0,,2.0,,2.0,,2.0,,2.0,,1.0,,1.0,,2.0,,1.0,24.0,24.0,1.0,24.0,24.0,1.0,24.0,24.0,1.0,24.0,24.0,APPLE,,,MAIZE,,,WHEAT,0.0,8.05,0.0,8.05,0.0,0.18,0.0,0.0,28.01,14.3,13.71,0.0,0,0,0,13.71,MANALI,28.0,kullu_kullu_village_amenities.csv
,HIMACHAL PRADESH,,Kullu,,Manali,,Muhal Riyara (22/30),,Naggar,2009,MANALI,30.0,KULLU,33,MANALI,30.0,YES,122.24,90.0,432,207.0,225.0,0.0,0.0,0.0,18.0,12.0,6.0,1.0,1.0,2.0,0.0,,,,1.0,1.0,2.0,0.0,,,,2.0,0.0,2.0,0.0,1.0,PANGAN,,2.0,0.0,2.0,0.0,1.0,PANGAN,,2.0,0.0,2.0,0.0,1.0,PANGAN,,2.0,0.0,2.0,0.0,1.0,KULLU,,2.0,0.0,2.0,0.0,1.0,MANDI,,2.0,0.0,2.0,0.0,1.0,SHIMLA,,2.0,0.0,2.0,0.0,2.0,TALYAR,,2.0,0.0,2.0,0.0,1.0,SUNDER NAGAR,,2.0,0.0,2.0,0.0,1.0,SHAMSHI,,2.0,0.0,2.0,0.0,1.0,KULLU,,2.0,0.0,2.0,0.0,1.0,SUNDER NAGAR,,2.0,0.0,2.0,0.0,N.A.,,0.0,0.0,0.0,0.0,0.0,,0.0,0.0,0.0,0.0,0.0,,0.0,0.0,0.0,0.0,0.0,,0.0,0.0,0.0,0.0,0.0,,0.0,0.0,0.0,0.0,0.0,,0.0,0.0,0.0,0.0,0.0,,0.0,0.0,0.0,0.0,0.0,,0.0,0.0,0.0,0.0,0.0,,0.0,0.0,0.0,0.0,0.0,,0.0,0.0,0.0,0.0,0.0,,0.0,0.0,0.0,0.0,0.0,,0.0,0.0,0.0,0.0,0.0,0.0,0.0,0.0,0.0,1.0,1.0,1.0,2.0,,,2.0,,,2.0,,,2.0,,,2.0,2.0,,,2.0,,,2.0,,,2.0,,,2.0,2.0,1.0,2.0,2.0,2.0,2.0,2.0,2.0,2.0,2.0,2.0,2.0,2.0,2.0,2.0,,1.0,,2.0,,1.0,175131.0,1.0,,2.0,,1.0,,2.0,,2.0,,2.0,,2.0,,2.0,,2.0,,1.0,,1.0,,1.0,,2.0,,2.0,,2.0,,2.0,,2.0,,2.0,,2.0,,1.0,,2.0,,1.0,,1.0,,2.0,,2.0,,1.0,,2.0,c,2.0,,2.0,,2.0,,1.0,,1.0,,2.0,,2.0,,2.0,,2.0,,1.0,,1.0,1.0,1.0,,1.0,,2.0,,2.0,,2.0,,2.0,,1.0,,1.0,,1.0,,1.0,24.0,24.0,1.0,24.0,24.0,1.0,24.0,24.0,1.0,24.0,24.0,APPLE,,,MAIZE,,,BARLEY,0.0,5.42,0.0,1.22,67.3,4.66,0.0,0.0,43.64,43.64,0.0,0.0,0,0,0,0.0,MANALI,30.0,kullu_kullu_village_amenities.csv
,HIMACHAL PRADESH,,Kullu,,Manali,,Up Muhal Defri,,Naggar,2009,MANALI,30.0,KULLU,33,MANALI,30.0,YES,127.86,77.0,388,188.0,200.0,0.0,0.0,0.0,100.0,45.0,55.0,2.0,0.0,2.0,0.0,2.0,PANGAN,,1.0,1.0,2.0,0.0,,,,2.0,0.0,2.0,0.0,1.0,PANGAN,,2.0,0.0,2.0,0.0,1.0,PANGAN,,2.0,0.0,2.0,0.0,1.0,PANGAN,,2.0,0.0,2.0,0.0,1.0,KULLU,,2.0,0.0,2.0,0.0,1.0,MANDI,,2.0,0.0,2.0,0.0,1.0,SHIMLA,,2.0,0.0,2.0,0.0,2.0,TALYAR,,2.0,0.0,2.0,0.0,1.0,SUNDER NAGAR,,2.0,0.0,2.0,0.0,1.0,SHAMSHI,,2.0,0.0,2.0,0.0,1.0,KULLU,,2.0,0.0,2.0,0.0,1.0,SUNDER NAGAR,,2.0,0.0,2.0,0.0,N.A.,,0.0,0.0,0.0,0.0,0.0,,0.0,0.0,0.0,0.0,0.0,,0.0,0.0,0.0,0.0,0.0,,0.0,0.0,0.0,0.0,0.0,,0.0,0.0,0.0,0.0,0.0,,0.0,0.0,0.0,0.0,0.0,,0.0,0.0,0.0,0.0,0.0,,0.0,0.0,0.0,0.0,0.0,,0.0,0.0,0.0,0.0,0.0,,0.0,0.0,0.0,0.0,0.0,,0.0,0.0,0.0,0.0,0.0,,0.0,0.0,0.0,0.0,0.0,0.0,0.0,0.0,0.0,1.0,1.0,1.0,2.0,,,2.0,,,2.0,,,2.0,,,2.0,2.0,,,2.0,,,2.0,,,2.0,,,2.0,2.0,1.0,2.0,2.0,2.0,2.0,2.0,2.0,2.0,2.0,2.0,2.0,2.0,2.0,2.0,,1.0,,2.0,,1.0,175131.0,1.0,,2.0,,1.0,,2.0,,1.0,,1.0,,1.0,,2.0,,2.0,,1.0,,1.0,,1.0,,2.0,,2.0,,2.0,,2.0,,2.0,,2.0,,1.0,,2.0,,2.0,,1.0,,1.0,,1.0,,2.0,,1.0,,2.0,b,2.0,,2.0,,2.0,,2.0,,1.0,,2.0,,2.0,,2.0,,2.0,,1.0,,1.0,1.0,2.0,,1.0,,2.0,,2.0,,2.0,,2.0,,2.0,,2.0,,2.0,,1.0,24.0,24.0,1.0,24.0,24.0,1.0,24.0,24.0,1.0,24.0,24.0,MAIZE,,,APPLE,,,BARLEY,6.45,0.0,0.0,48.35,3.16,6.1,0.0,0.0,63.8,63.8,0.0,0.0,0,0,0,0.0,MANALI,30.0,kullu_kullu_village_amenities.csv
,HIMACHAL PRADESH,,Kullu,,Manali,,Muhal Shigli (22/31),,Naggar,2009,MANALI,33.0,KULLU,35,MANALI,33.0,YES,266.33,27.0,136,77.0,59.0,0.0,0.0,0.0,5.0,4.0,1.0,2.0,0.0,2.0,0.0,1.0,NAYALAG,,1.0,1.0,2.0,0.0,,,,2.0,0.0,2.0,0.0,1.0,PANGAN,,2.0,0.0,2.0,0.0,1.0,PANGAN,,2.0,0.0,2.0,0.0,1.0,PANGAN,,2.0,0.0,2.0,0.0,1.0,KULLU,,2.0,0.0,2.0,0.0,1.0,MANDI,,2.0,0.0,2.0,0.0,1.0,SHIMLA,,2.0,0.0,2.0,0.0,2.0,TALYAR,,2.0,0.0,2.0,0.0,1.0,SUNDER NAGAR,,2.0,0.0,2.0,0.0,1.0,SHAMSHI,,2.0,0.0,2.0,0.0,1.0,KULLU,,2.0,0.0,2.0,0.0,1.0,SUNDER NAGAR,,2.0,0.0,2.0,0.0,N.A.,,0.0,0.0,0.0,0.0,0.0,,0.0,0.0,0.0,0.0,0.0,,0.0,0.0,0.0,0.0,0.0,,0.0,0.0,0.0,0.0,0.0,,0.0,0.0,0.0,0.0,0.0,,0.0,0.0,0.0,0.0,0.0,,0.0,0.0,0.0,0.0,0.0,,0.0,0.0,0.0,0.0,0.0,,0.0,0.0,0.0,0.0,0.0,,0.0,0.0,0.0,0.0,0.0,,0.0,0.0,0.0,0.0,0.0,,0.0,0.0,0.0,0.0,0.0,0.0,0.0,0.0,0.0,1.0,1.0,1.0,2.0,,,2.0,,,2.0,,,2.0,,,2.0,2.0,,,2.0,,,2.0,,,2.0,,,2.0,2.0,1.0,2.0,2.0,2.0,2.0,2.0,2.0,2.0,2.0,2.0,2.0,2.0,2.0,2.0,,2.0,,2.0,,1.0,175131.0,2.0,,2.0,,1.0,,2.0,,2.0,,2.0,,2.0,,2.0,,2.0,,2.0,,2.0,,2.0,,2.0,,2.0,,2.0,,2.0,,2.0,,2.0,,2.0,,2.0,,2.0,,2.0,,2.0,,2.0,,2.0,,1.0,,2.0,c,2.0,,2.0,,2.0,,2.0,,1.0,,2.0,,2.0,,2.0,,2.0,,2.0,,1.0,1.0,2.0,,1.0,,2.0,,2.0,,2.0,,2.0,,1.0,,1.0,,2.0,,1.0,24.0,24.0,1.0,24.0,24.0,1.0,24.0,24.0,1.0,24.0,24.0,APPLE,,,MAIZE,,,PULSES,0.0,6.83,0.0,0.5,205.39,8.92,0.0,0.0,44.69,44.69,0.0,0.0,0,0,0,0.0,MANALI,33.0,kullu_kullu_village_amenities.csv
,HIMACHAL PRADESH,,Kullu,,Manali,,Up Muhal Kasheri ,,Naggar,2009,MANALI,33.0,KULLU,35,MANALI,33.0,YES,227.35,28.0,126,61.0,65.0,0.0,0.0,0.0,0.0,0.0,0.0,2.0,0.0,2.0,0.0,1.0,NAYALAG,,1.0,1.0,2.0,0.0,,,,2.0,0.0,2.0,0.0,1.0,PANGAN,,2.0,0.0,2.0,0.0,1.0,PANGAN,,2.0,0.0,2.0,0.0,1.0,PANGAN,,2.0,0.0,2.0,0.0,1.0,KULLU,,2.0,0.0,2.0,0.0,1.0,MANDI,,2.0,0.0,2.0,0.0,1.0,SHIMLA,,2.0,0.0,2.0,0.0,2.0,TALYAR,,2.0,0.0,2.0,0.0,1.0,SUNDER NAGAR,,2.0,0.0,2.0,0.0,1.0,SHAMSHI,,2.0,0.0,2.0,0.0,1.0,KULLU,,2.0,0.0,2.0,0.0,1.0,SUNDER NAGAR,,2.0,0.0,2.0,0.0,N.A.,,0.0,0.0,0.0,0.0,0.0,,0.0,0.0,0.0,0.0,0.0,,0.0,0.0,0.0,0.0,0.0,,0.0,0.0,0.0,0.0,0.0,,0.0,0.0,0.0,0.0,0.0,,0.0,0.0,0.0,0.0,0.0,,0.0,0.0,0.0,0.0,0.0,,0.0,0.0,0.0,0.0,0.0,,0.0,0.0,0.0,0.0,0.0,,0.0,0.0,0.0,0.0,0.0,,0.0,0.0,0.0,0.0,0.0,,0.0,0.0,0.0,0.0,0.0,0.0,0.0,0.0,0.0,1.0,1.0,1.0,2.0,,,2.0,,,2.0,,,2.0,,,2.0,2.0,,,2.0,,,2.0,,,2.0,,,2.0,2.0,1.0,2.0,2.0,2.0,2.0,2.0,2.0,2.0,2.0,2.0,2.0,2.0,2.0,2.0,,2.0,,2.0,,1.0,175131.0,2.0,,2.0,,2.0,,2.0,,2.0,,2.0,,2.0,,2.0,,2.0,,2.0,,2.0,,2.0,,2.0,,2.0,,2.0,,2.0,,2.0,,2.0,,2.0,,2.0,,2.0,,2.0,,2.0,,2.0,,2.0,,1.0,,2.0,c,2.0,,2.0,,2.0,,2.0,,1.0,,2.0,,2.0,,2.0,,2.0,,2.0,,1.0,1.0,2.0,,1.0,,2.0,,2.0,,2.0,,2.0,,1.0,,2.0,,2.0,,1.0,24.0,24.0,1.0,24.0,24.0,1.0,24.0,24.0,1.0,24.0,24.0,MAIZE,,,PULSES,,,BARLEY,0.0,8.22,0.0,1.16,192.51,2.59,0.0,0.0,22.87,22.87,0.0,0.0,0,0,0,0.0,MANALI,33.0,kullu_kullu_village_amenities.csv
,HIMACHAL PRADESH,,Kullu,,Manali,,Up Muhal Nayalag,,Naggar,2009,MANALI,30.0,KULLU,33,MANALI,30.0,YES,118.83,50.0,219,111.0,108.0,0.0,0.0,0.0,0.0,0.0,0.0,2.0,0.0,2.0,0.0,1.0,NAYALAG,,1.0,1.0,2.0,0.0,,,,2.0,0.0,2.0,0.0,1.0,PANGAN,,2.0,0.0,2.0,0.0,1.0,PANGAN,,2.0,0.0,2.0,0.0,1.0,PANGAN,,2.0,0.0,2.0,0.0,1.0,KULLU,,2.0,0.0,2.0,0.0,1.0,MANDI,,2.0,0.0,2.0,0.0,1.0,SHIMLA,,2.0,0.0,2.0,0.0,2.0,TALYAR,,2.0,0.0,2.0,0.0,1.0,SUNDER NAGAR,,2.0,0.0,2.0,0.0,1.0,SHAMSHI,,2.0,0.0,2.0,0.0,1.0,KULLU,,2.0,0.0,2.0,0.0,1.0,SUNDER NAGAR,,2.0,0.0,2.0,0.0,N.A.,,0.0,0.0,0.0,0.0,0.0,,0.0,0.0,0.0,0.0,0.0,,0.0,0.0,0.0,0.0,0.0,,0.0,0.0,0.0,0.0,0.0,,0.0,0.0,0.0,0.0,0.0,,0.0,0.0,0.0,0.0,0.0,,0.0,0.0,0.0,0.0,0.0,,0.0,0.0,0.0,0.0,0.0,,0.0,0.0,0.0,0.0,0.0,,0.0,0.0,0.0,0.0,0.0,,0.0,0.0,0.0,0.0,0.0,,0.0,0.0,0.0,0.0,0.0,0.0,0.0,0.0,0.0,1.0,1.0,1.0,2.0,,,2.0,,,2.0,,,2.0,,,2.0,2.0,,,2.0,,,2.0,,,2.0,,,2.0,2.0,1.0,2.0,2.0,2.0,2.0,2.0,2.0,2.0,2.0,2.0,2.0,2.0,2.0,2.0,,2.0,,2.0,,1.0,175131.0,1.0,,2.0,,1.0,,2.0,,2.0,,2.0,,2.0,,2.0,,2.0,,1.0,,1.0,,1.0,,2.0,,2.0,,2.0,,2.0,,2.0,,2.0,,1.0,,2.0,,2.0,,1.0,,1.0,,1.0,,2.0,,1.0,,2.0,b,2.0,,2.0,,2.0,,2.0,,1.0,,2.0,,2.0,,2.0,,2.0,,1.0,,1.0,1.0,2.0,,1.0,,2.0,,2.0,,2.0,,2.0,,2.0,,2.0,,2.0,,1.0,24.0,24.0,1.0,24.0,24.0,1.0,24.0,24.0,1.0,24.0,24.0,APPLE,,,MAIZE,,,WHEAT,0.0,9.56,0.0,20.99,48.29,0.4,0.0,0.0,39.59,39.59,0.0,0.0,0,0,0,0.0,MANALI,30.0,kullu_kullu_village_amenities.csv
,HIMACHAL PRADESH,,Kullu,,Manali,,Muhal Hallan-II (22/32),,Naggar,2009,MANALI,28.0,KULLU,29,MANALI,28.0,YES,232.5,66.0,303,151.0,152.0,5.0,3.0,2.0,0.0,0.0,0.0,1.0,1.0,1.0,1.0,,,,1.0,1.0,2.0,0.0,,,,1.0,1.0,2.0,0.0,,,,2.0,0.0,2.0,0.0,1.0,BADGRAN,,2.0,0.0,2.0,0.0,1.0,KATRAI,,2.0,0.0,2.0,0.0,1.0,HARIPUR,,2.0,0.0,2.0,0.0,1.0,MANDI,,2.0,0.0,2.0,0.0,1.0,SHIMLA,,2.0,0.0,2.0,0.0,2.0,TALYAR,,2.0,0.0,2.0,0.0,1.0,SUNDER NAGAR,,2.0,0.0,2.0,0.0,1.0,SHAMSHI,,2.0,0.0,2.0,0.0,1.0,KULLU,,2.0,0.0,2.0,0.0,1.0,SUNDER NAGAR,,2.0,0.0,2.0,0.0,N.A.,,0.0,0.0,0.0,0.0,0.0,,0.0,0.0,0.0,0.0,0.0,,0.0,0.0,0.0,0.0,0.0,,0.0,0.0,0.0,0.0,0.0,,0.0,0.0,0.0,0.0,0.0,,0.0,0.0,0.0,0.0,0.0,,0.0,0.0,0.0,0.0,0.0,,0.0,0.0,0.0,0.0,0.0,,0.0,0.0,0.0,0.0,0.0,,0.0,0.0,0.0,0.0,0.0,,0.0,0.0,0.0,0.0,0.0,,0.0,0.0,0.0,0.0,0.0,0.0,0.0,0.0,0.0,1.0,1.0,1.0,2.0,,,2.0,,,2.0,,,2.0,,,2.0,2.0,,,2.0,,,2.0,,,2.0,,,2.0,2.0,1.0,2.0,2.0,2.0,2.0,2.0,2.0,2.0,2.0,2.0,2.0,2.0,2.0,2.0,,2.0,,2.0,,1.0,175129.0,1.0,,2.0,,1.0,,2.0,,2.0,,2.0,,2.0,,2.0,,2.0,,2.0,,2.0,,1.0,,2.0,,2.0,,2.0,,2.0,,2.0,,2.0,,2.0,,1.0,,2.0,,1.0,,2.0,,2.0,,2.0,,1.0,,2.0,b,1.0,,2.0,,2.0,,2.0,,2.0,,2.0,,2.0,,2.0,,2.0,,2.0,,1.0,1.0,2.0,,2.0,,2.0,,2.0,,2.0,,2.0,,2.0,,2.0,,2.0,,1.0,24.0,24.0,1.0,24.0,24.0,1.0,24.0,24.0,1.0,24.0,24.0,MAIZE,,,WHEAT,,,APPLE,0.0,11.22,0.0,184.87,0.0,0.93,0.0,0.0,35.48,35.48,0.0,0.0,0,0,0,0.0,MANALI,28.0,kullu_kullu_village_amenities.csv
,HIMACHAL PRADESH,,Kullu,,Manali,,Up Muhal Magana,,Naggar,2009,MANALI,28.0,KULLU,30,MANALI,28.0,YES,129.6,45.0,212,114.0,98.0,25.0,12.0,13.0,0.0,0.0,0.0,2.0,0.0,2.0,0.0,2.0,MAGANA,,2.0,0.0,2.0,0.0,1.0,MAGANA,,2.0,0.0,2.0,0.0,1.0,MAGANA,,2.0,0.0,2.0,0.0,1.0,KATRAI,,2.0,0.0,2.0,0.0,1.0,KATRAI,,2.0,0.0,2.0,0.0,1.0,HARIPUR,,2.0,0.0,2.0,0.0,1.0,MANDI,,2.0,0.0,2.0,0.0,1.0,SHIMLA,,2.0,0.0,2.0,0.0,2.0,TALYAR,,2.0,0.0,2.0,0.0,1.0,SUNDER NAGAR,,2.0,0.0,2.0,0.0,1.0,SHAMSHI,,2.0,0.0,2.0,0.0,1.0,KULLU,,2.0,0.0,2.0,0.0,1.0,SUNDER NAGAR,,2.0,0.0,2.0,0.0,N.A.,,0.0,0.0,0.0,0.0,0.0,,0.0,0.0,0.0,0.0,0.0,,0.0,0.0,0.0,0.0,0.0,,0.0,0.0,0.0,0.0,0.0,,0.0,0.0,0.0,0.0,0.0,,0.0,0.0,0.0,0.0,0.0,,0.0,0.0,0.0,0.0,0.0,,0.0,0.0,0.0,0.0,0.0,,0.0,0.0,0.0,0.0,0.0,,0.0,0.0,0.0,0.0,0.0,,0.0,0.0,0.0,0.0,0.0,,0.0,0.0,0.0,0.0,0.0,0.0,0.0,0.0,0.0,1.0,1.0,1.0,2.0,,,2.0,,,2.0,,,2.0,,,2.0,2.0,,,2.0,,,2.0,,,2.0,,,2.0,2.0,1.0,2.0,2.0,2.0,2.0,2.0,2.0,2.0,2.0,2.0,2.0,2.0,2.0,2.0,,2.0,,2.0,,1.0,175129.0,1.0,,2.0,,1.0,,2.0,,2.0,,2.0,,2.0,,2.0,,2.0,,2.0,,2.0,,1.0,,2.0,,2.0,,2.0,,2.0,,2.0,,2.0,,1.0,,2.0,,2.0,,1.0,,2.0,,1.0,,2.0,,1.0,,2.0,b,1.0,,2.0,,2.0,,2.0,,2.0,,2.0,,2.0,,2.0,,2.0,,2.0,,1.0,1.0,2.0,,2.0,,2.0,,2.0,,2.0,,2.0,,2.0,,2.0,,2.0,,1.0,24.0,24.0,1.0,24.0,24.0,1.0,24.0,24.0,1.0,24.0,24.0,APPLE,,,MAIZE,,,WHEAT,0.0,3.0,0.0,95.33,0.0,4.95,0.0,0.0,26.32,26.32,0.0,0.0,0,0,0,0.0,MANALI,28.0,kullu_kullu_village_amenities.csv
,HIMACHAL PRADESH,,Kullu,,Manali,,Up Muhal Shilha,,Naggar,2009,MANALI,25.0,KULLU,27,MANALI,25.0,YES,215.58,67.0,296,161.0,135.0,12.0,8.0,4.0,0.0,0.0,0.0,2.0,0.0,2.0,0.0,2.0,MARAK,,1.0,1.0,2.0,0.0,,,,2.0,0.0,2.0,0.0,1.0,MAGANA,,2.0,0.0,2.0,0.0,1.0,BADGRAN,,2.0,0.0,2.0,0.0,1.0,KATRAI,,2.0,0.0,2.0,0.0,1.0,KULLU,,2.0,0.0,2.0,0.0,1.0,MANDI,,2.0,0.0,2.0,0.0,1.0,SHIMLA,,2.0,0.0,2.0,0.0,2.0,TALYAR,,2.0,0.0,2.0,0.0,1.0,SUNDER NAGAR,,2.0,0.0,2.0,0.0,1.0,SHAMSHI,,2.0,0.0,2.0,0.0,1.0,KULLU,,2.0,0.0,2.0,0.0,1.0,SUNDER NAGAR,,2.0,0.0,2.0,0.0,N.A.,,0.0,0.0,0.0,0.0,0.0,,0.0,0.0,0.0,0.0,0.0,,0.0,0.0,0.0,0.0,0.0,,0.0,0.0,0.0,0.0,0.0,,0.0,0.0,0.0,0.0,0.0,,0.0,0.0,0.0,0.0,0.0,,0.0,0.0,0.0,0.0,0.0,,0.0,0.0,0.0,0.0,0.0,,0.0,0.0,0.0,0.0,0.0,,0.0,0.0,0.0,0.0,0.0,,0.0,0.0,0.0,0.0,0.0,,0.0,0.0,0.0,0.0,0.0,0.0,0.0,0.0,0.0,1.0,1.0,1.0,2.0,,,2.0,,,2.0,,,2.0,,,2.0,2.0,,,2.0,,,2.0,,,2.0,,,2.0,2.0,1.0,2.0,2.0,1.0,2.0,2.0,2.0,2.0,2.0,2.0,2.0,2.0,2.0,2.0,,2.0,,2.0,,1.0,175129.0,1.0,,2.0,,1.0,,2.0,,2.0,,2.0,,2.0,,2.0,,2.0,,2.0,,2.0,,1.0,,2.0,,2.0,,2.0,,2.0,,2.0,,2.0,,2.0,,1.0,,2.0,,2.0,,2.0,,2.0,,2.0,,1.0,,2.0,b,1.0,,2.0,,2.0,,2.0,,1.0,,2.0,,2.0,,2.0,,2.0,,2.0,,1.0,1.0,2.0,,2.0,,2.0,,2.0,,2.0,,2.0,,2.0,,2.0,,2.0,,1.0,24.0,24.0,1.0,24.0,24.0,1.0,24.0,24.0,1.0,24.0,24.0,APPLE,,,MAIZE,,,WHEAT,0.0,23.58,0.0,0.57,114.98,2.96,0.0,0.0,73.49,68.3,5.19,0.0,0,0,0,5.19,MANALI,25.0,kullu_kullu_village_amenities.csv
,HIMACHAL PRADESH,,Kullu,,Manali,,Muhal Bari (22/36),,Naggar,2009,MANALI,20.0,KULLU,21,MANALI,20.0,YES,177.81,474.0,2100,1132.0,968.0,427.0,208.0,219.0,237.0,120.0,117.0,1.0,1.0,1.0,1.0,,,,1.0,2.0,1.0,2.0,,,,1.0,1.0,1.0,1.0,,,,2.0,0.0,1.0,1.0,,,,2.0,0.0,2.0,0.0,1.0,KATRAI,,2.0,0.0,2.0,0.0,1.0,KULLU,,2.0,0.0,2.0,0.0,1.0,MANDI,,2.0,0.0,2.0,0.0,1.0,SHIMLA,,2.0,0.0,2.0,0.0,2.0,TALYAR,,2.0,0.0,2.0,0.0,1.0,SUNDER NAGAR,,2.0,0.0,2.0,0.0,1.0,SHAMSHI,,2.0,0.0,2.0,0.0,1.0,KULLU,,2.0,0.0,2.0,0.0,1.0,SUNDER NAGAR,,2.0,0.0,2.0,0.0,N.A.,,0.0,0.0,0.0,0.0,0.0,,0.0,0.0,0.0,0.0,0.0,,1.0,1.0,0.0,1.0,0.0,,0.0,0.0,0.0,0.0,0.0,,0.0,0.0,0.0,0.0,0.0,,0.0,0.0,0.0,0.0,0.0,,0.0,0.0,0.0,0.0,0.0,,0.0,0.0,0.0,0.0,0.0,,1.0,3.0,2.0,0.0,0.0,,0.0,0.0,0.0,0.0,0.0,,0.0,0.0,0.0,0.0,0.0,,1.0,1.0,0.0,0.0,0.0,0.0,0.0,1.0,0.0,1.0,1.0,1.0,2.0,,,2.0,,,2.0,,,1.0,1.0,1.0,2.0,2.0,,,1.0,1.0,1.0,2.0,,,2.0,,,2.0,2.0,1.0,2.0,2.0,2.0,2.0,2.0,2.0,2.0,2.0,2.0,2.0,2.0,2.0,2.0,,1.0,,2.0,,1.0,175129.0,1.0,,2.0,,1.0,,1.0,,1.0,,1.0,,1.0,,2.0,,1.0,,1.0,,1.0,,1.0,,2.0,,2.0,,2.0,,2.0,,1.0,,1.0,,1.0,,1.0,,2.0,,2.0,,2.0,,2.0,,2.0,,1.0,,1.0,,1.0,,2.0,,2.0,,1.0,,1.0,,1.0,,2.0,,1.0,,2.0,,1.0,,1.0,1.0,2.0,,2.0,,2.0,,2.0,,2.0,,2.0,,1.0,,1.0,,1.0,,1.0,24.0,24.0,1.0,24.0,24.0,1.0,24.0,24.0,1.0,24.0,24.0,APPLE,,,MAIZE,,,WHEAT,0.0,35.68,0.0,55.23,7.72,5.32,0.0,0.0,73.86,51.66,22.2,0.0,0,0,0,22.2,MANALI,20.0,kullu_kullu_village_amenities.csv
,HIMACHAL PRADESH,,Kullu,,Manali,,Up Muhal Tarashi,,Naggar,2009,MANALI,24.0,KULLU,25,MANALI,24.0,YES,203.85,66.0,312,171.0,141.0,189.0,104.0,85.0,13.0,6.0,7.0,1.0,1.0,1.0,1.0,,,,1.0,1.0,2.0,0.0,,,,2.0,0.0,2.0,0.0,1.0,MAGANA,,2.0,0.0,2.0,0.0,1.0,KATRAI,,2.0,0.0,2.0,0.0,1.0,KATRAI,,2.0,0.0,2.0,0.0,1.0,KULLU,,2.0,0.0,2.0,0.0,2.0,MANDI,,2.0,0.0,2.0,0.0,1.0,SHIMLA,,2.0,0.0,2.0,0.0,2.0,TALYAR,,2.0,0.0,2.0,0.0,1.0,SUNDER NAGAR,,2.0,0.0,2.0,0.0,1.0,SHAMSHI,,2.0,0.0,2.0,0.0,1.0,KULLU,,2.0,0.0,2.0,0.0,1.0,SUNDER NAGAR,,2.0,0.0,2.0,0.0,N.A.,,0.0,0.0,0.0,0.0,0.0,,0.0,0.0,0.0,0.0,0.0,,0.0,0.0,0.0,0.0,0.0,,0.0,0.0,0.0,0.0,0.0,,0.0,0.0,0.0,0.0,0.0,,0.0,0.0,0.0,0.0,0.0,,0.0,0.0,0.0,0.0,0.0,,0.0,0.0,0.0,0.0,0.0,,0.0,0.0,0.0,0.0,0.0,,0.0,0.0,0.0,0.0,0.0,,0.0,0.0,0.0,0.0,0.0,,0.0,0.0,0.0,0.0,0.0,0.0,0.0,0.0,0.0,1.0,1.0,1.0,2.0,,,2.0,,,2.0,,,2.0,,,2.0,2.0,,,2.0,,,2.0,,,2.0,,,2.0,2.0,1.0,2.0,2.0,2.0,2.0,2.0,2.0,2.0,2.0,2.0,2.0,2.0,2.0,2.0,,1.0,,2.0,,1.0,175129.0,1.0,,2.0,,1.0,,2.0,,2.0,,1.0,,1.0,,2.0,,2.0,,2.0,,2.0,,2.0,,2.0,,2.0,,2.0,,2.0,,2.0,,2.0,,2.0,,2.0,,2.0,,2.0,,2.0,,2.0,,2.0,,1.0,,2.0,b,1.0,,2.0,,2.0,,2.0,,2.0,,2.0,,2.0,,2.0,,2.0,,2.0,,1.0,1.0,2.0,,2.0,,2.0,,2.0,,2.0,,2.0,,2.0,,2.0,,2.0,,1.0,24.0,24.0,1.0,24.0,24.0,1.0,24.0,24.0,1.0,24.0,24.0,APPLE,,,MAIZE,,,WHEAT,0.0,3.69,0.0,128.97,0.0,4.7,0.0,0.22,66.27,66.27,0.0,0.0,0,0,0,0.0,MANALI,24.0,kullu_kullu_village_amenities.csv
,HIMACHAL PRADESH,,Kullu,,Manali,,Badgran (22/37),,Naggar,2009,MANALI,17.0,KULLU,23,MANALI,17.0,YES,337.5,396.0,1771,898.0,873.0,504.0,246.0,258.0,276.0,143.0,133.0,1.0,1.0,2.0,0.0,,,,1.0,2.0,2.0,0.0,,,,1.0,1.0,2.0,0.0,,,,2.0,0.0,2.0,0.0,1.0,KATRAI,,2.0,0.0,2.0,0.0,1.0,KATRAI,,2.0,0.0,2.0,0.0,1.0,KULLU,,2.0,0.0,2.0,0.0,1.0,MANDI,,2.0,0.0,2.0,0.0,1.0,SHIMLA,,2.0,0.0,2.0,0.0,2.0,TALYAR,,2.0,0.0,2.0,0.0,1.0,SUNDER NAGAR,,2.0,0.0,2.0,0.0,1.0,SHAMSHI,,2.0,0.0,2.0,0.0,1.0,KULLU,,2.0,0.0,2.0,0.0,1.0,SUNDER NAGAR,,2.0,0.0,2.0,0.0,N.A.,,0.0,0.0,0.0,0.0,0.0,,0.0,0.0,0.0,0.0,0.0,,1.0,1.0,0.0,1.0,0.0,,0.0,0.0,0.0,0.0,0.0,,0.0,0.0,0.0,0.0,0.0,,0.0,0.0,0.0,0.0,0.0,,0.0,0.0,0.0,0.0,0.0,,0.0,0.0,0.0,0.0,0.0,,0.0,0.0,0.0,0.0,0.0,,0.0,0.0,0.0,0.0,0.0,,0.0,0.0,0.0,0.0,0.0,,0.0,0.0,0.0,0.0,0.0,0.0,0.0,0.0,0.0,1.0,1.0,1.0,2.0,,,2.0,,,2.0,,,1.0,1.0,1.0,2.0,2.0,,,1.0,1.0,1.0,2.0,,,2.0,,,2.0,2.0,1.0,2.0,2.0,1.0,2.0,2.0,2.0,2.0,2.0,2.0,2.0,2.0,2.0,2.0,,1.0,,2.0,,1.0,175129.0,1.0,,2.0,,1.0,,2.0,,2.0,,1.0,,1.0,,2.0,,2.0,,2.0,,2.0,,2.0,,2.0,,2.0,,2.0,,2.0,,1.0,,1.0,,1.0,,1.0,,1.0,,2.0,,2.0,,2.0,,2.0,,1.0,,2.0,a,2.0,,2.0,,2.0,,2.0,,1.0,,2.0,,2.0,,2.0,,2.0,,1.0,,1.0,1.0,1.0,,1.0,,2.0,,2.0,,2.0,,2.0,,2.0,,1.0,,1.0,,1.0,24.0,24.0,1.0,24.0,24.0,1.0,24.0,24.0,1.0,24.0,24.0,APPLE,,,MAIZE,,,WHEAT,0.0,49.05,0.0,136.84,0.0,8.76,0.0,0.0,142.85,116.48,26.37,0.0,0,0,0,26.37,MANALI,17.0,kullu_kullu_village_amenities.csv
,HIMACHAL PRADESH,,Kullu,,Manali,,Soil (23/41),,Naggar,2009,MANALI,15.0,KULLU,25,MANALI,15.0,YES,126.5,246.0,1053,528.0,525.0,371.0,183.0,188.0,111.0,67.0,44.0,2.0,0.0,1.0,1.0,,,,1.0,2.0,2.0,0.0,,,,2.0,0.0,2.0,0.0,1.0,HARIPUR,,2.0,0.0,2.0,0.0,1.0,HARIPUR,,2.0,0.0,2.0,0.0,1.0,HARIPUR,,2.0,0.0,2.0,0.0,1.0,KULLU,,2.0,0.0,2.0,0.0,1.0,MANDI,,2.0,0.0,2.0,0.0,1.0,SHIMLA,,2.0,0.0,2.0,0.0,2.0,TALYAR,,2.0,0.0,2.0,0.0,1.0,SUNDER NAGAR,,2.0,0.0,2.0,0.0,1.0,SHAMSHI,,2.0,0.0,2.0,0.0,1.0,KULLU,,2.0,0.0,2.0,0.0,1.0,SUNDER NAGAR,,2.0,0.0,2.0,0.0,N.A.,,0.0,0.0,0.0,0.0,0.0,,0.0,0.0,0.0,0.0,0.0,,0.0,0.0,0.0,0.0,0.0,,0.0,0.0,0.0,0.0,0.0,,0.0,0.0,0.0,0.0,0.0,,0.0,0.0,0.0,0.0,0.0,,0.0,0.0,0.0,0.0,0.0,,0.0,0.0,0.0,0.0,0.0,,0.0,0.0,0.0,0.0,0.0,,0.0,0.0,0.0,0.0,0.0,,0.0,0.0,0.0,0.0,0.0,,0.0,0.0,0.0,0.0,0.0,0.0,0.0,0.0,0.0,1.0,1.0,1.0,2.0,,,2.0,,,2.0,,,2.0,,,2.0,2.0,,,2.0,,,2.0,,,2.0,,,2.0,2.0,1.0,2.0,2.0,1.0,2.0,2.0,2.0,2.0,2.0,2.0,2.0,2.0,2.0,2.0,,2.0,,2.0,,1.0,175131.0,1.0,,1.0,,1.0,,1.0,,1.0,,1.0,,1.0,,2.0,,1.0,,1.0,,1.0,,1.0,,2.0,,2.0,,2.0,,2.0,,2.0,,1.0,,1.0,,1.0,,1.0,,2.0,,2.0,,1.0,,2.0,,1.0,,2.0,b,1.0,,1.0,,1.0,,1.0,,1.0,,2.0,,2.0,,2.0,,2.0,,1.0,,1.0,1.0,1.0,,1.0,,1.0,,2.0,,2.0,,2.0,,1.0,,1.0,,1.0,,1.0,24.0,24.0,1.0,24.0,24.0,1.0,24.0,24.0,1.0,24.0,24.0,APPLE,,,PADDY,,,WHEAT,0.0,19.06,0.0,5.28,0.0,0.69,0.0,0.0,101.47,100.21,1.26,1.26,0,0,0,0.0,MANALI,15.0,kullu_kullu_village_amenities.csv
,HIMACHAL PRADESH,,Kullu,,Manali,,Up Muhal Haripur,,Naggar,2009,MANALI,15.0,KULLU,25,MANALI,15.0,YES,161.68,194.0,805,428.0,377.0,149.0,70.0,79.0,50.0,23.0,27.0,2.0,0.0,2.0,0.0,2.0,SOIL,,1.0,1.0,1.0,1.0,,,,1.0,1.0,1.0,1.0,,,,1.0,1.0,1.0,1.0,,,,1.0,1.0,1.0,1.0,,,,1.0,1.0,1.0,1.0,,,,2.0,0.0,2.0,0.0,1.0,MANDI,,2.0,0.0,2.0,0.0,1.0,SHIMLA,,2.0,0.0,2.0,0.0,2.0,TALYAR,,2.0,0.0,2.0,0.0,1.0,SUNDER NAGAR,,2.0,0.0,2.0,0.0,1.0,SHAMSHI,,2.0,0.0,2.0,0.0,1.0,KULLU,,2.0,0.0,2.0,0.0,1.0,SUNDER NAGAR,,2.0,0.0,2.0,0.0,N.A.,,0.0,0.0,0.0,0.0,0.0,,0.0,0.0,0.0,0.0,0.0,,0.0,0.0,0.0,0.0,0.0,,0.0,0.0,0.0,0.0,0.0,,0.0,0.0,0.0,0.0,0.0,,0.0,0.0,0.0,0.0,0.0,,0.0,0.0,0.0,0.0,0.0,,0.0,0.0,0.0,0.0,0.0,,0.0,0.0,0.0,0.0,0.0,,0.0,0.0,0.0,0.0,0.0,,0.0,0.0,0.0,0.0,0.0,,0.0,0.0,0.0,0.0,0.0,0.0,0.0,0.0,0.0,1.0,1.0,1.0,2.0,,,2.0,,,2.0,,,2.0,,,2.0,2.0,,,2.0,,,2.0,,,2.0,,,2.0,2.0,1.0,2.0,2.0,1.0,2.0,2.0,2.0,2.0,2.0,2.0,2.0,2.0,2.0,2.0,,2.0,,2.0,,1.0,175131.0,1.0,,1.0,,1.0,,1.0,,1.0,,1.0,,1.0,,2.0,,1.0,,1.0,,1.0,,1.0,,2.0,,2.0,,2.0,,2.0,,2.0,,1.0,,1.0,,1.0,,1.0,,1.0,,1.0,,1.0,,2.0,,1.0,,2.0,b,1.0,,1.0,,2.0,,1.0,,1.0,,2.0,,2.0,,2.0,,2.0,,1.0,,1.0,1.0,2.0,,1.0,,2.0,,2.0,,2.0,,2.0,,1.0,,1.0,,1.0,,1.0,24.0,24.0,1.0,24.0,24.0,1.0,24.0,24.0,1.0,24.0,24.0,APPLE,,,PADDY,,,WHEAT,0.0,0.0,22.6,21.26,0.0,1.47,0.0,0.0,116.35,102.56,13.79,0.0,0,0,0,13.79,MANALI,15.0,kullu_kullu_village_amenities.csv
,HIMACHAL PRADESH,,Kullu,,Manali,,Up Muhal Somvan,,Naggar,2009,MANALI,15.0,KULLU,25,MANALI,15.0,YES,28.43,11.0,49,26.0,23.0,25.0,14.0,11.0,13.0,6.0,7.0,2.0,0.0,2.0,0.0,2.0,HARIPUR,,2.0,0.0,2.0,0.0,1.0,HARIPUR,,2.0,0.0,2.0,0.0,1.0,HARIPUR,,2.0,0.0,2.0,0.0,1.0,HARIPUR,,2.0,0.0,2.0,0.0,1.0,HARIPUR,,2.0,0.0,2.0,0.0,1.0,HARIPUR,,2.0,0.0,2.0,0.0,1.0,MANDI,,2.0,0.0,2.0,0.0,1.0,SHIMLA,,2.0,0.0,2.0,0.0,2.0,TALYAR,,2.0,0.0,2.0,0.0,1.0,SUNDER NAGAR,,2.0,0.0,2.0,0.0,1.0,SHAMSHI,,2.0,0.0,2.0,0.0,1.0,KULLU,,2.0,0.0,2.0,0.0,1.0,SUNDER NAGAR,,2.0,0.0,2.0,0.0,N.A.,,0.0,0.0,0.0,0.0,0.0,,0.0,0.0,0.0,0.0,0.0,,0.0,0.0,0.0,0.0,0.0,,0.0,0.0,0.0,0.0,0.0,,0.0,0.0,0.0,0.0,0.0,,0.0,0.0,0.0,0.0,0.0,,0.0,0.0,0.0,0.0,0.0,,0.0,0.0,0.0,0.0,0.0,,0.0,0.0,0.0,0.0,0.0,,0.0,0.0,0.0,0.0,0.0,,0.0,0.0,0.0,0.0,0.0,,0.0,0.0,0.0,0.0,0.0,0.0,0.0,0.0,0.0,1.0,1.0,1.0,2.0,,,2.0,,,2.0,,,2.0,,,2.0,2.0,,,2.0,,,2.0,,,2.0,,,2.0,2.0,1.0,2.0,2.0,1.0,2.0,2.0,2.0,2.0,2.0,2.0,2.0,2.0,2.0,2.0,,2.0,,2.0,,1.0,175131.0,2.0,,2.0,,1.0,,2.0,,2.0,,1.0,,1.0,,2.0,,1.0,,1.0,,1.0,,1.0,,2.0,,2.0,,2.0,,2.0,,1.0,,1.0,,1.0,,1.0,,1.0,,1.0,,1.0,,1.0,,2.0,,1.0,,2.0,a,2.0,,2.0,,2.0,,2.0,,2.0,,2.0,,2.0,,2.0,,2.0,,2.0,,1.0,1.0,2.0,,2.0,,2.0,,2.0,,2.0,,2.0,,1.0,,2.0,,2.0,,1.0,24.0,24.0,1.0,24.0,24.0,1.0,24.0,24.0,1.0,24.0,24.0,APPLE,,,MAIZE,,,PADDY,19.9,4.54,0.0,3.82,0.0,0.0,0.0,0.0,0.17,0.17,0.0,0.0,0,0,0,0.0,MANALI,15.0,kullu_kullu_village_amenities.csv
,HIMACHAL PRADESH,,Kullu,,Manali,,Karjan (23/40),,Naggar,2009,MANALI,15.0,KULLU,25,MANALI,15.0,YES,154.0,263.0,1199,596.0,603.0,301.0,146.0,155.0,108.0,56.0,52.0,1.0,1.0,2.0,0.0,,,,1.0,1.0,2.0,0.0,,,,2.0,0.0,2.0,0.0,1.0,HARIPUR,,2.0,0.0,2.0,0.0,1.0,HARIPUR,,2.0,0.0,2.0,0.0,1.0,HARIPUR,,2.0,0.0,2.0,0.0,1.0,HARIPUR,,2.0,0.0,2.0,0.0,1.0,MANDI,,2.0,0.0,2.0,0.0,1.0,SHIMLA,,2.0,0.0,2.0,0.0,2.0,TALYAR,,2.0,0.0,2.0,0.0,1.0,SUNDER NAGAR,,2.0,0.0,2.0,0.0,1.0,SHAMSHI,,2.0,0.0,2.0,0.0,1.0,KULLU,,2.0,0.0,2.0,0.0,1.0,SUNDER NAGAR,,2.0,0.0,2.0,0.0,N.A.,,0.0,0.0,0.0,0.0,0.0,,0.0,0.0,0.0,0.0,0.0,,1.0,1.0,0.0,1.0,0.0,,0.0,0.0,0.0,0.0,0.0,,0.0,0.0,0.0,0.0,0.0,,0.0,0.0,0.0,0.0,0.0,,0.0,0.0,0.0,0.0,0.0,,0.0,0.0,0.0,0.0,0.0,,0.0,0.0,0.0,0.0,0.0,,0.0,0.0,0.0,0.0,0.0,,0.0,0.0,0.0,0.0,0.0,,0.0,0.0,0.0,0.0,0.0,0.0,0.0,0.0,0.0,1.0,1.0,1.0,2.0,,,2.0,,,2.0,,,2.0,,,2.0,2.0,,,2.0,,,2.0,,,2.0,,,2.0,2.0,1.0,2.0,2.0,2.0,2.0,2.0,2.0,2.0,2.0,2.0,2.0,2.0,2.0,2.0,,2.0,,2.0,,1.0,175131.0,1.0,,2.0,,1.0,,2.0,,2.0,,1.0,,1.0,,2.0,,1.0,,1.0,,1.0,,1.0,,2.0,,2.0,,2.0,,2.0,,2.0,,1.0,,1.0,,1.0,,1.0,,1.0,,2.0,,1.0,,2.0,,1.0,,1.0,,1.0,,1.0,,1.0,,1.0,,1.0,,2.0,,2.0,,2.0,,2.0,,1.0,,1.0,1.0,1.0,,1.0,,2.0,,2.0,,2.0,,2.0,,1.0,,1.0,,1.0,,1.0,24.0,24.0,1.0,24.0,24.0,1.0,24.0,24.0,1.0,24.0,24.0,APPLE,,,MAIZE,,,WHEAT,0.0,19.5,0.0,10.59,0.0,0.96,0.0,0.0,122.95,46.73,76.22,0.0,0,0,0,76.22,MANALI,15.0,kullu_kullu_village_amenities.csv
,HIMACHAL PRADESH,,Kullu,,Manali,,Sajla (23/39),,Naggar,2009,MANALI,13.0,KULLU,28,MANALI,13.0,YES,107.87,144.0,622,318.0,304.0,117.0,56.0,61.0,82.0,41.0,41.0,2.0,0.0,1.0,1.0,,,,1.0,1.0,1.0,1.0,,,,1.0,1.0,2.0,0.0,,,,2.0,0.0,2.0,0.0,1.0,HARIPUR,,2.0,0.0,2.0,0.0,1.0,HARIPUR,,2.0,0.0,2.0,0.0,1.0,HARIPUR,,2.0,0.0,2.0,0.0,1.0,MANDI,,2.0,0.0,2.0,0.0,1.0,SHIMLA,,2.0,0.0,2.0,0.0,2.0,TALYAR,,2.0,0.0,2.0,0.0,1.0,SUNDER NAGAR,,2.0,0.0,2.0,0.0,1.0,SHAMSHI,,2.0,0.0,2.0,0.0,1.0,KULLU,,2.0,0.0,2.0,0.0,1.0,SUNDER NAGAR,,2.0,0.0,2.0,0.0,N.A.,,0.0,0.0,0.0,0.0,0.0,,0.0,0.0,0.0,0.0,0.0,,0.0,0.0,0.0,0.0,0.0,,0.0,0.0,0.0,0.0,0.0,,0.0,0.0,0.0,0.0,0.0,,1.0,1.0,1.0,1.0,1.0,,0.0,0.0,0.0,0.0,0.0,,0.0,0.0,0.0,0.0,0.0,,0.0,0.0,0.0,0.0,0.0,,0.0,0.0,0.0,0.0,0.0,,0.0,0.0,0.0,0.0,0.0,,0.0,0.0,0.0,0.0,0.0,0.0,0.0,0.0,0.0,1.0,1.0,1.0,2.0,,,2.0,,,2.0,,,2.0,,,2.0,2.0,,,2.0,,,2.0,,,2.0,,,2.0,2.0,1.0,2.0,2.0,1.0,2.0,2.0,2.0,2.0,2.0,2.0,2.0,2.0,2.0,2.0,,2.0,,2.0,,1.0,175131.0,1.0,,1.0,,1.0,,1.0,,1.0,,1.0,,1.0,,2.0,,1.0,,1.0,,1.0,,1.0,,2.0,,2.0,,2.0,,2.0,,2.0,,1.0,,1.0,,1.0,,1.0,,2.0,,2.0,,2.0,,2.0,,1.0,,2.0,c,2.0,,1.0,,2.0,,1.0,,1.0,,1.0,,2.0,,2.0,,2.0,,1.0,,1.0,1.0,1.0,,1.0,,2.0,,2.0,,2.0,,2.0,,1.0,,1.0,,2.0,,1.0,24.0,24.0,1.0,24.0,24.0,1.0,24.0,24.0,1.0,24.0,24.0,APPLE,,,PADDY,,,WHEAT,0.0,11.94,0.0,5.51,0.0,0.57,0.0,0.0,89.85,23.3,66.55,0.0,0,0,0,66.55,MANALI,13.0,kullu_kullu_village_amenities.csv
,HIMACHAL PRADESH,,Kullu,,Manali,,Up Muhal Sajal Vihal,,Naggar,2009,MANALI,13.0,KULLU,28,MANALI,13.0,YES,24.98,48.0,201,104.0,97.0,46.0,24.0,22.0,82.0,42.0,40.0,2.0,0.0,2.0,0.0,1.0,HARIPUR,,2.0,0.0,2.0,0.0,1.0,HARIPUR,,2.0,0.0,2.0,0.0,1.0,HARIPUR,,2.0,0.0,2.0,0.0,1.0,HARIPUR,,2.0,0.0,2.0,0.0,1.0,HARIPUR,,2.0,0.0,2.0,0.0,1.0,HARIPUR,,2.0,0.0,2.0,0.0,1.0,MANDI,,2.0,0.0,2.0,0.0,1.0,SHIMLA,,2.0,0.0,2.0,0.0,2.0,TALYAR,,2.0,0.0,2.0,0.0,1.0,SUNDER NAGAR,,2.0,0.0,2.0,0.0,1.0,SHAMSHI,,2.0,0.0,2.0,0.0,1.0,KULLU,,2.0,0.0,2.0,0.0,1.0,SUNDER NAGAR,,2.0,0.0,2.0,0.0,N.A.,,0.0,0.0,0.0,0.0,0.0,,0.0,0.0,0.0,0.0,0.0,,0.0,0.0,0.0,0.0,0.0,,0.0,0.0,0.0,0.0,0.0,,0.0,0.0,0.0,0.0,0.0,,0.0,0.0,0.0,0.0,0.0,,0.0,0.0,0.0,0.0,0.0,,0.0,0.0,0.0,0.0,0.0,,0.0,0.0,0.0,0.0,0.0,,0.0,0.0,0.0,0.0,0.0,,0.0,0.0,0.0,0.0,0.0,,0.0,0.0,0.0,0.0,0.0,0.0,0.0,0.0,0.0,1.0,1.0,1.0,2.0,,,2.0,,,2.0,,,2.0,,,2.0,2.0,,,2.0,,,2.0,,,2.0,,,2.0,2.0,1.0,2.0,2.0,1.0,2.0,2.0,2.0,2.0,2.0,2.0,2.0,2.0,2.0,2.0,,1.0,,2.0,,1.0,175131.0,1.0,,1.0,,1.0,,2.0,,1.0,,1.0,,1.0,,2.0,,2.0,,2.0,,2.0,,1.0,,2.0,,2.0,,2.0,,2.0,,2.0,,2.0,,2.0,,2.0,,2.0,,2.0,,2.0,,2.0,,2.0,,1.0,,2.0,a,2.0,,1.0,,2.0,,2.0,,2.0,,2.0,,2.0,,2.0,,2.0,,2.0,,1.0,1.0,1.0,,1.0,,2.0,,2.0,,2.0,,2.0,,1.0,,2.0,,2.0,,1.0,24.0,24.0,1.0,24.0,24.0,1.0,24.0,24.0,1.0,24.0,24.0,APPLE,,,PADDY,,,WHEAT,0.0,5.26,0.0,6.82,0.0,0.0,0.0,0.0,12.9,11.68,1.22,1.22,0,0,0,0.0,MANALI,13.0,kullu_kullu_village_amenities.csv
,HIMACHAL PRADESH,,Kullu,,Manali,,Up Muhal Dhamasu Kalaun,,Naggar,2009,MANALI,13.0,KULLU,28,MANALI,13.0,YES,95.2,39.0,171,83.0,88.0,8.0,4.0,4.0,30.0,14.0,16.0,2.0,0.0,2.0,0.0,1.0,HARIPUR,,2.0,0.0,2.0,0.0,1.0,HARIPUR,,2.0,0.0,2.0,0.0,1.0,HARIPUR,,2.0,0.0,2.0,0.0,1.0,HARIPUR,,2.0,0.0,2.0,0.0,1.0,HARIPUR,,2.0,0.0,2.0,0.0,1.0,HARIPUR,,2.0,0.0,2.0,0.0,1.0,MANDI,,2.0,0.0,2.0,0.0,1.0,SHIMLA,,2.0,0.0,2.0,0.0,2.0,TALYAR,,2.0,0.0,2.0,0.0,1.0,SUNDER NAGAR,,2.0,0.0,2.0,0.0,1.0,SHAMSHI,,2.0,0.0,2.0,0.0,1.0,KULLU,,2.0,0.0,2.0,0.0,1.0,SUNDER NAGAR,,2.0,0.0,2.0,0.0,N.A.,,0.0,0.0,0.0,0.0,0.0,,0.0,0.0,0.0,0.0,0.0,,0.0,0.0,0.0,0.0,0.0,,0.0,0.0,0.0,0.0,0.0,,0.0,0.0,0.0,0.0,0.0,,0.0,0.0,0.0,0.0,0.0,,0.0,0.0,0.0,0.0,0.0,,0.0,0.0,0.0,0.0,0.0,,0.0,0.0,0.0,0.0,0.0,,0.0,0.0,0.0,0.0,0.0,,0.0,0.0,0.0,0.0,0.0,,0.0,0.0,0.0,0.0,0.0,0.0,0.0,0.0,0.0,1.0,1.0,1.0,2.0,,,2.0,,,2.0,,,2.0,,,2.0,2.0,,,2.0,,,2.0,,,2.0,,,2.0,2.0,1.0,2.0,2.0,1.0,2.0,2.0,2.0,2.0,2.0,2.0,2.0,2.0,2.0,1.0,,2.0,,2.0,,1.0,175131.0,1.0,,1.0,,1.0,,1.0,,1.0,,1.0,,1.0,,2.0,,2.0,,2.0,,2.0,,1.0,,2.0,,2.0,,2.0,,2.0,,2.0,,2.0,,2.0,,2.0,,2.0,,2.0,,2.0,,2.0,,2.0,,1.0,,2.0,b,2.0,,1.0,,2.0,,2.0,,2.0,,2.0,,2.0,,2.0,,2.0,,2.0,,1.0,1.0,2.0,,2.0,,2.0,,2.0,,2.0,,2.0,,1.0,,2.0,,2.0,,1.0,24.0,24.0,1.0,24.0,24.0,1.0,24.0,24.0,1.0,24.0,24.0,APPLE,,,PADDY,,,WHEAT,89.35,1.48,0.0,0.0,0.0,3.24,0.0,0.0,1.13,1.13,0.0,0.0,0,0,0,0.0,MANALI,13.0,kullu_kullu_village_amenities.csv
,HIMACHAL PRADESH,,Kullu,,Manali,,Muhal Gojra (20/20),,Naggar,2009,MANALI,7.0,KULLU,36,MANALI,7.0,YES,49.02,115.0,482,241.0,241.0,75.0,37.0,38.0,65.0,31.0,34.0,2.0,0.0,1.0,1.0,,,,1.0,1.0,1.0,1.0,,,,2.0,0.0,1.0,1.0,,,,2.0,0.0,1.0,1.0,,,,2.0,0.0,2.0,0.0,1.0,DHAMLA,,2.0,0.0,2.0,0.0,1.0,HARIPUR,,2.0,0.0,2.0,0.0,1.0,MANDI,,2.0,0.0,2.0,0.0,1.0,SHIMLA,,2.0,0.0,2.0,0.0,2.0,TALYAR,,2.0,0.0,2.0,0.0,1.0,SUNDER NAGAR,,2.0,0.0,2.0,0.0,1.0,SHAMSHI,,2.0,0.0,2.0,0.0,1.0,KULLU,,2.0,0.0,2.0,0.0,1.0,SUNDER NAGAR,,2.0,0.0,2.0,0.0,N.A.,,0.0,0.0,0.0,0.0,0.0,,0.0,0.0,0.0,0.0,0.0,,0.0,0.0,0.0,0.0,0.0,,1.0,1.0,1.0,0.0,0.0,,0.0,0.0,0.0,0.0,0.0,,0.0,0.0,0.0,0.0,0.0,,0.0,0.0,0.0,0.0,0.0,,0.0,0.0,0.0,0.0,0.0,,0.0,0.0,0.0,0.0,0.0,,0.0,0.0,0.0,0.0,0.0,,1.0,,,1.0,1.0,,0.0,0.0,0.0,0.0,0.0,0.0,0.0,0.0,0.0,1.0,1.0,1.0,2.0,,,2.0,,,2.0,,,2.0,,,2.0,1.0,1.0,1.0,2.0,,,2.0,,,1.0,1.0,1.0,2.0,1.0,2.0,2.0,2.0,1.0,2.0,1.0,2.0,2.0,2.0,2.0,2.0,2.0,2.0,2.0,,2.0,,2.0,,1.0,175131.0,1.0,,1.0,,1.0,,1.0,,2.0,,1.0,,1.0,,2.0,,1.0,,1.0,,1.0,,1.0,,2.0,,2.0,,2.0,,2.0,,2.0,,1.0,,1.0,,1.0,,1.0,,2.0,,2.0,,1.0,,2.0,,1.0,,2.0,b,2.0,,2.0,,2.0,,2.0,,2.0,,2.0,,2.0,,2.0,,1.0,,1.0,,1.0,1.0,2.0,,2.0,,2.0,,2.0,,2.0,,2.0,,1.0,,2.0,,1.0,,1.0,24.0,24.0,1.0,24.0,24.0,1.0,24.0,24.0,1.0,24.0,24.0,APPLE,,,PADDY,,,WHEAT,0.0,0.0,6.32,1.02,0.0,0.0,0.0,0.0,41.68,20.64,21.04,0.0,0,0,0,21.04,MANALI,7.0,kullu_kullu_village_amenities.csv
,HIMACHAL PRADESH,,Kullu,,Manali,,Up Muhal Khakhanal ,,Naggar,2009,MANALI,8.0,KULLU,35,MANALI,8.0,YES,105.1,152.0,656,342.0,314.0,67.0,29.0,38.0,170.0,93.0,77.0,2.0,0.0,2.0,0.0,2.0,DHANALA,,1.0,1.0,2.0,0.0,,,,2.0,0.0,2.0,0.0,1.0,DHANALA,,2.0,0.0,2.0,0.0,1.0,DHANALA,,2.0,0.0,2.0,0.0,1.0,DHANALA,,2.0,0.0,2.0,0.0,1.0,HARIPUR,,2.0,0.0,2.0,0.0,1.0,MANDI,,2.0,0.0,2.0,0.0,1.0,SHIMLA,,2.0,0.0,2.0,0.0,2.0,TALYAR,,2.0,0.0,2.0,0.0,1.0,SUNDER NAGAR,,2.0,0.0,2.0,0.0,1.0,SHAMSHI,,2.0,0.0,2.0,0.0,1.0,KULLU,,2.0,0.0,2.0,0.0,1.0,SUNDER NAGAR,,2.0,0.0,2.0,0.0,N.A.,,0.0,0.0,0.0,0.0,0.0,,0.0,0.0,0.0,0.0,0.0,,0.0,0.0,0.0,0.0,0.0,,0.0,0.0,0.0,0.0,0.0,,0.0,0.0,0.0,0.0,0.0,,0.0,0.0,0.0,0.0,0.0,,0.0,0.0,0.0,0.0,0.0,,0.0,0.0,0.0,0.0,0.0,,0.0,0.0,0.0,0.0,0.0,,0.0,0.0,0.0,0.0,0.0,,0.0,0.0,0.0,0.0,0.0,,0.0,0.0,0.0,0.0,0.0,0.0,0.0,0.0,0.0,1.0,1.0,1.0,2.0,,,2.0,,,2.0,,,2.0,,,2.0,1.0,1.0,1.0,2.0,,,2.0,,,2.0,,,2.0,1.0,2.0,2.0,2.0,1.0,2.0,2.0,2.0,2.0,2.0,2.0,2.0,2.0,2.0,2.0,,1.0,,2.0,,1.0,175131.0,1.0,,1.0,,1.0,,1.0,,2.0,,1.0,,1.0,,2.0,,1.0,,1.0,,1.0,,1.0,,2.0,,2.0,,2.0,,2.0,,2.0,,1.0,,1.0,,2.0,,1.0,,2.0,,2.0,,1.0,,2.0,,1.0,,2.0,b,1.0,,1.0,,2.0,,2.0,,1.0,,2.0,,2.0,,2.0,,1.0,,1.0,,1.0,1.0,2.0,,2.0,,2.0,,2.0,,2.0,,2.0,,1.0,,1.0,,2.0,,1.0,24.0,24.0,1.0,24.0,24.0,1.0,24.0,24.0,1.0,24.0,24.0,APPLE,,,PADDY,,,WHEAT,0.0,20.48,20.99,0.0,0.0,0.0,0.0,0.0,63.63,16.2,47.43,0.0,0,0,0,47.43,MANALI,8.0,kullu_kullu_village_amenities.csv
,HIMACHAL PRADESH,,Kullu,,Manali,,Up Muhal Barnar,,Naggar,2009,MANALI,8.0,KULLU,40,MANALI,8.0,YES,100.6,,0,,,,,,,,,,,,,,,,,,,,,,,,,,,,,,,,,,,,,,,,,,,,,,,,,,,,,,,,,,,,,,,,,,,,,,,,,,,,,,,,,,,,,,,,,,,,,,,,,,,,,,,,,,,,,,,,,,,,,,,,,,,,,,,,,,,,,,,,,,,,,,,,,,,,,,,,,,,,,,,,,,,,,,,,,,,,,,,,,,,,,,,,,,,,,,,,,,,,,,,,,,,,,,,,,,,,,,,,,,,,,,,,,,,,,,,,,,,,,,,,,,,,,,,,,,,,,,,,,,,,,,,,,,,,,,,,,,,,,,,,,,,,,,,,,,,,,,,,,,,,,,,,,,,,,,,,,,,,,,,,,,,,,,,,,,,,,,,,,,,,,,,,,93.87,0.0,3.87,0.0,0.0,0.0,0.0,0.0,2.86,2.86,0.0,0.0,0,0,0,0.0,MANALI,8.0,kullu_kullu_village_amenities.csv
,HIMACHAL PRADESH,,Kullu,,Manali,,Muhal Jagatsukh (20/21),,Naggar,2009,MANALI,5.0,KULLU,38,MANALI,5.0,YES,173.23,393.0,1719,903.0,816.0,285.0,156.0,129.0,86.0,44.0,42.0,2.0,0.0,2.0,0.0,2.0,DHANALA,,1.0,1.0,2.0,0.0,,,,2.0,0.0,2.0,0.0,1.0,DHANALA,,2.0,0.0,2.0,0.0,1.0,DHANALA,,2.0,0.0,2.0,0.0,1.0,DHANALA,,2.0,0.0,2.0,0.0,1.0,HARIPUR,,2.0,0.0,2.0,0.0,1.0,MANDI,,2.0,0.0,2.0,0.0,1.0,SHIMLA,,2.0,0.0,2.0,0.0,2.0,TALYAR,,2.0,0.0,2.0,0.0,1.0,SUNDER NAGAR,,2.0,0.0,2.0,0.0,1.0,SHAMSHI,,2.0,0.0,2.0,0.0,1.0,KULLU,,2.0,0.0,2.0,0.0,1.0,SUNDER NAGAR,,2.0,0.0,2.0,0.0,N.A.,,0.0,0.0,0.0,0.0,0.0,,1.0,1.0,1.0,2.0,2.0,,0.0,0.0,0.0,0.0,0.0,,2.0,0.0,0.0,4.0,4.0,,0.0,0.0,0.0,0.0,0.0,,0.0,0.0,0.0,0.0,0.0,,0.0,0.0,0.0,0.0,0.0,,0.0,0.0,0.0,0.0,0.0,,0.0,0.0,0.0,0.0,0.0,,0.0,0.0,0.0,0.0,0.0,,0.0,0.0,0.0,0.0,0.0,,0.0,0.0,0.0,0.0,0.0,0.0,0.0,0.0,0.0,1.0,1.0,1.0,2.0,,,2.0,,,2.0,,,2.0,,,2.0,1.0,1.0,1.0,1.0,2.0,2.0,2.0,,,2.0,,,2.0,2.0,1.0,2.0,2.0,1.0,2.0,2.0,2.0,2.0,2.0,2.0,2.0,2.0,2.0,2.0,,1.0,,2.0,,1.0,175131.0,1.0,,1.0,,1.0,,1.0,,2.0,,1.0,,1.0,,2.0,,1.0,,1.0,,1.0,,1.0,,2.0,,2.0,,2.0,,2.0,,2.0,,1.0,,1.0,,1.0,,1.0,,2.0,,2.0,,1.0,,2.0,,1.0,,2.0,b,1.0,,2.0,,1.0,,2.0,,2.0,,2.0,,2.0,,2.0,,2.0,,1.0,,1.0,1.0,1.0,,2.0,,2.0,,2.0,,2.0,,2.0,,1.0,,1.0,,1.0,,1.0,24.0,24.0,1.0,24.0,24.0,1.0,24.0,24.0,1.0,24.0,24.0,APPLE,,,PADDY,,,WHEAT,0.0,0.0,34.82,10.18,0.0,0.0,0.0,0.0,128.23,52.83,75.4,0.0,0,0,0,75.4,MANALI,5.0,kullu_kullu_village_amenities.csv
,HIMACHAL PRADESH,,Kullu,,Manali,,Up Muhal Bhanara,,Naggar,2009,MANALI,7.0,KULLU,40,MANALI,7.0,YES,163.06,72.0,346,181.0,165.0,39.0,17.0,22.0,5.0,3.0,2.0,2.0,0.0,2.0,0.0,2.0,GOJRA,,1.0,1.0,2.0,0.0,,,,2.0,0.0,2.0,0.0,1.0,DHANALA,,2.0,0.0,2.0,0.0,1.0,DHANALA,,2.0,0.0,2.0,0.0,1.0,DHANALA,,2.0,0.0,2.0,0.0,1.0,HARIPUR,,2.0,0.0,2.0,0.0,1.0,MANDI,,2.0,0.0,2.0,0.0,1.0,SHIMLA,,2.0,0.0,2.0,0.0,2.0,TALYAR,,2.0,0.0,2.0,0.0,1.0,SUNDER NAGAR,,2.0,0.0,2.0,0.0,1.0,SHAMSHI,,2.0,0.0,2.0,0.0,1.0,KULLU,,2.0,0.0,2.0,0.0,1.0,SUNDER NAGAR,,2.0,0.0,2.0,0.0,N.A.,,0.0,0.0,0.0,0.0,0.0,,0.0,0.0,0.0,0.0,0.0,,0.0,0.0,0.0,0.0,0.0,,0.0,0.0,0.0,0.0,0.0,,0.0,0.0,0.0,0.0,0.0,,0.0,0.0,0.0,0.0,0.0,,0.0,0.0,0.0,0.0,0.0,,0.0,0.0,0.0,0.0,0.0,,0.0,0.0,0.0,0.0,0.0,,0.0,0.0,0.0,0.0,0.0,,0.0,0.0,0.0,0.0,0.0,,0.0,0.0,0.0,0.0,0.0,0.0,0.0,0.0,0.0,1.0,1.0,1.0,2.0,,,2.0,,,2.0,,,2.0,,,2.0,1.0,1.0,1.0,2.0,,,2.0,,,2.0,,,2.0,2.0,1.0,2.0,2.0,2.0,2.0,2.0,2.0,2.0,2.0,2.0,2.0,2.0,2.0,2.0,,1.0,,2.0,,1.0,175131.0,1.0,,2.0,,1.0,,2.0,,2.0,,1.0,,1.0,,2.0,,2.0,,2.0,,2.0,,2.0,,2.0,,2.0,,2.0,,2.0,,2.0,,2.0,,2.0,,2.0,,2.0,,2.0,,2.0,,2.0,,2.0,,1.0,,2.0,b,1.0,,2.0,,1.0,,2.0,,2.0,,2.0,,2.0,,2.0,,1.0,,1.0,,1.0,1.0,2.0,,2.0,,2.0,,2.0,,2.0,,2.0,,2.0,,1.0,,2.0,,1.0,24.0,24.0,1.0,24.0,24.0,1.0,24.0,24.0,1.0,24.0,24.0,APPLE,,,PADDY,,,WHEAT,122.95,0.0,9.63,0.0,0.0,0.0,0.0,0.0,30.48,30.48,0.0,0.0,0,0,0,0.0,MANALI,7.0,kullu_kullu_village_amenities.csv
,HIMACHAL PRADESH,,Kullu,,Manali,,Up Muhal Chhalala,,Naggar,2009,MANALI,6.0,KULLU,39,MANALI,6.0,YES,125.39,44.0,191,96.0,95.0,47.0,25.0,22.0,12.0,7.0,5.0,2.0,0.0,2.0,0.0,1.0,DHANALA,,2.0,0.0,2.0,0.0,1.0,DHANALA,,1.0,1.0,2.0,0.0,,,,1.0,1.0,2.0,0.0,,,,1.0,1.0,2.0,0.0,,,,2.0,0.0,2.0,0.0,1.0,HARIPUR,,2.0,0.0,2.0,0.0,1.0,MANDI,,2.0,0.0,2.0,0.0,1.0,SHIMLA,,2.0,0.0,2.0,0.0,2.0,TALYAR,,2.0,0.0,2.0,0.0,1.0,SUNDER NAGAR,,2.0,0.0,2.0,0.0,1.0,SHAMSHI,,2.0,0.0,2.0,0.0,1.0,KULLU,,2.0,0.0,2.0,0.0,1.0,SUNDER NAGAR,,2.0,0.0,2.0,0.0,N.A.,,0.0,0.0,0.0,0.0,0.0,,0.0,0.0,0.0,0.0,0.0,,0.0,0.0,0.0,0.0,0.0,,0.0,0.0,0.0,0.0,0.0,,0.0,0.0,0.0,0.0,0.0,,0.0,0.0,0.0,0.0,0.0,,0.0,0.0,0.0,0.0,0.0,,0.0,0.0,0.0,0.0,0.0,,0.0,0.0,0.0,0.0,0.0,,0.0,0.0,0.0,0.0,0.0,,0.0,0.0,0.0,0.0,0.0,,0.0,0.0,0.0,0.0,0.0,0.0,0.0,0.0,0.0,1.0,1.0,1.0,2.0,,,2.0,,,2.0,,,2.0,,,2.0,1.0,1.0,1.0,2.0,,,2.0,,,2.0,,,2.0,2.0,1.0,2.0,2.0,2.0,2.0,2.0,2.0,1.0,2.0,2.0,2.0,2.0,2.0,2.0,,1.0,,2.0,,1.0,175131.0,1.0,,1.0,,1.0,,1.0,,2.0,,1.0,,1.0,,2.0,,1.0,,1.0,,1.0,,1.0,,2.0,,2.0,,2.0,,2.0,,2.0,,1.0,,1.0,,1.0,,1.0,,2.0,,2.0,,1.0,,2.0,,1.0,,2.0,b,1.0,,2.0,,1.0,,2.0,,2.0,,1.0,,2.0,,2.0,,1.0,,1.0,,1.0,1.0,2.0,,2.0,,2.0,,2.0,,2.0,,2.0,,1.0,,1.0,,2.0,,1.0,24.0,24.0,1.0,24.0,24.0,1.0,24.0,24.0,1.0,24.0,24.0,APPLE,,,PADDY,,,WHEAT,0.0,0.0,16.86,37.78,0.0,0.0,0.0,0.0,70.75,31.32,39.43,0.0,0,0,0,39.43,MANALI,6.0,kullu_kullu_village_amenities.csv
,HIMACHAL PRADESH,,Kullu,,Manali,,Up Muhal Bahanu,,Naggar,2009,MANALI,3.0,KULLU,39,MANALI,3.0,YES,34.84,36.0,170,97.0,73.0,53.0,27.0,26.0,17.0,8.0,9.0,2.0,0.0,2.0,0.0,2.0,DHANALA,,1.0,1.0,2.0,0.0,,,,2.0,0.0,2.0,0.0,2.0,MANALI,,2.0,0.0,2.0,0.0,1.0,MANALI,,2.0,0.0,2.0,0.0,1.0,MANALI,,2.0,0.0,2.0,0.0,1.0,DHANALA,,2.0,0.0,2.0,0.0,1.0,MANDI,,2.0,0.0,2.0,0.0,1.0,SHIMLA,,2.0,0.0,2.0,0.0,2.0,TALYARA,,2.0,0.0,2.0,0.0,1.0,SUNDER NAGAR,,2.0,0.0,2.0,0.0,1.0,SHAMSHI,,2.0,0.0,2.0,0.0,1.0,KULLU,,2.0,0.0,2.0,0.0,1.0,SUNDER NAGAR,,2.0,0.0,2.0,0.0,N.A.,,0.0,0.0,0.0,0.0,0.0,,0.0,0.0,0.0,0.0,0.0,,0.0,0.0,0.0,0.0,0.0,,0.0,0.0,0.0,0.0,0.0,,0.0,0.0,0.0,0.0,0.0,,0.0,0.0,0.0,0.0,0.0,,0.0,0.0,0.0,0.0,0.0,,0.0,0.0,0.0,0.0,0.0,,0.0,0.0,0.0,0.0,0.0,,0.0,0.0,0.0,0.0,0.0,,0.0,0.0,0.0,0.0,0.0,,0.0,0.0,0.0,0.0,0.0,0.0,0.0,0.0,0.0,1.0,1.0,1.0,2.0,,,2.0,,,2.0,,,2.0,,,2.0,1.0,1.0,1.0,2.0,,,2.0,,,2.0,,,1.0,2.0,2.0,2.0,2.0,2.0,2.0,2.0,2.0,2.0,2.0,2.0,2.0,2.0,2.0,2.0,,1.0,,2.0,,1.0,175131.0,1.0,,2.0,,1.0,,2.0,,2.0,,1.0,,1.0,,2.0,,2.0,,1.0,,1.0,,1.0,,2.0,,2.0,,2.0,,2.0,,2.0,,2.0,,2.0,,2.0,,2.0,,2.0,,2.0,,2.0,,2.0,,2.0,,2.0,b,1.0,,2.0,,1.0,,2.0,,2.0,,2.0,,2.0,,2.0,,1.0,,1.0,,1.0,1.0,2.0,,2.0,,2.0,,2.0,,2.0,,2.0,,2.0,,2.0,,2.0,,1.0,24.0,24.0,1.0,24.0,24.0,1.0,24.0,24.0,1.0,24.0,24.0,APPLE,,,PADDY,,,WHEAT,0.0,0.0,12.14,2.74,0.0,0.0,0.0,0.0,19.96,11.4,8.56,0.0,0,0,0,8.56,MANALI,3.0,kullu_kullu_village_amenities.csv
,HIMACHAL PRADESH,,Kullu,,Manali,,Muhal Prini (20/22),,Naggar,2009,MANALI,4.0,KULLU,42,MANALI,4.0,YES,92.66,243.0,961,514.0,447.0,142.0,73.0,69.0,70.0,37.0,33.0,2.0,0.0,2.0,0.0,1.0,PRINI,,1.0,1.0,2.0,0.0,,,,2.0,0.0,2.0,0.0,1.0,PRINI,,1.0,1.0,1.0,1.0,,,,2.0,0.0,2.0,0.0,1.0,JAGAT SUKH,,2.0,0.0,2.0,0.0,1.0,HARIPUR,,2.0,0.0,2.0,0.0,1.0,MANDI,,2.0,0.0,2.0,0.0,1.0,SHIMLA,,2.0,0.0,2.0,0.0,2.0,TALYARA,,2.0,0.0,2.0,0.0,1.0,SUNDER NAGAR,,2.0,0.0,2.0,0.0,1.0,SHAMSHI,,2.0,0.0,2.0,0.0,1.0,KULLU,,2.0,0.0,2.0,0.0,1.0,SUNDER NAGAR,,2.0,0.0,2.0,0.0,N.A.,,0.0,0.0,0.0,0.0,0.0,,0.0,0.0,0.0,0.0,0.0,,0.0,0.0,0.0,0.0,0.0,,0.0,0.0,0.0,0.0,0.0,,0.0,0.0,0.0,0.0,0.0,,0.0,0.0,0.0,0.0,0.0,,0.0,0.0,0.0,0.0,0.0,,0.0,0.0,0.0,0.0,0.0,,0.0,0.0,0.0,0.0,0.0,,0.0,0.0,0.0,0.0,0.0,,0.0,0.0,0.0,0.0,0.0,,0.0,0.0,0.0,0.0,0.0,0.0,0.0,0.0,0.0,1.0,1.0,1.0,2.0,,,2.0,,,2.0,,,1.0,1.0,1.0,2.0,2.0,,,1.0,1.0,1.0,2.0,,,2.0,,,2.0,2.0,1.0,2.0,2.0,1.0,2.0,2.0,2.0,2.0,2.0,2.0,2.0,2.0,2.0,2.0,,2.0,,2.0,,1.0,175131.0,1.0,,2.0,,2.0,,2.0,,2.0,,1.0,,1.0,,2.0,,2.0,,1.0,,1.0,,1.0,,2.0,,2.0,,2.0,,2.0,,2.0,,1.0,,1.0,,1.0,,1.0,,2.0,,2.0,,1.0,,2.0,,1.0,,2.0,a,2.0,,2.0,,2.0,,2.0,,1.0,,2.0,,2.0,,2.0,,2.0,,1.0,,1.0,1.0,2.0,,2.0,,2.0,,2.0,,2.0,,2.0,,2.0,,2.0,,1.0,,1.0,24.0,24.0,1.0,24.0,24.0,1.0,24.0,24.0,1.0,24.0,24.0,PADDY,,BLANKET,MAIZE,,,WHEAT,0.0,0.0,16.94,12.23,0.0,1.02,0.0,0.0,62.47,17.11,45.36,0.0,0,0,0,45.36,MANALI,4.0,kullu_kullu_village_amenities.csv
,HIMACHAL PRADESH,,Kullu,,Manali,,Up Muhal Hamta,,Naggar,2009,MANALI,4.0,KULLU,42,MANALI,4.0,YES,93.98,32.0,98,75.0,23.0,2.0,2.0,0.0,41.0,22.0,19.0,2.0,0.0,2.0,0.0,2.0,PRINI,,2.0,0.0,2.0,0.0,1.0,PRINI,,2.0,0.0,2.0,0.0,1.0,JAGAT SUKH,,2.0,0.0,2.0,0.0,1.0,JAGAT SUKH,,2.0,0.0,2.0,0.0,1.0,JAGAT SUKH,,2.0,0.0,2.0,0.0,1.0,HARIPUR,,2.0,0.0,2.0,0.0,1.0,MANDI,,2.0,0.0,2.0,0.0,1.0,SHIMLA,,2.0,0.0,2.0,0.0,2.0,TALYAR,,2.0,0.0,2.0,0.0,1.0,SUNDER NAGAR,,2.0,0.0,2.0,0.0,1.0,SHAMSHI,,2.0,0.0,2.0,0.0,1.0,KULLU,,2.0,0.0,2.0,0.0,1.0,SUNDER NAGAR,,2.0,0.0,2.0,0.0,N.A.,,0.0,0.0,0.0,0.0,0.0,,0.0,0.0,0.0,0.0,0.0,,0.0,0.0,0.0,0.0,0.0,,0.0,0.0,0.0,0.0,0.0,,0.0,0.0,0.0,0.0,0.0,,0.0,0.0,0.0,0.0,0.0,,0.0,0.0,0.0,0.0,0.0,,0.0,0.0,0.0,0.0,0.0,,0.0,0.0,0.0,0.0,0.0,,0.0,0.0,0.0,0.0,0.0,,0.0,0.0,0.0,0.0,0.0,,0.0,0.0,0.0,0.0,0.0,0.0,0.0,0.0,0.0,1.0,1.0,1.0,2.0,,,2.0,,,2.0,,,1.0,1.0,1.0,2.0,1.0,1.0,1.0,2.0,,,2.0,,,2.0,,,2.0,2.0,1.0,2.0,2.0,1.0,2.0,2.0,2.0,2.0,2.0,2.0,2.0,2.0,2.0,2.0,,2.0,,2.0,,1.0,175131.0,1.0,,2.0,,2.0,,2.0,,2.0,,2.0,,2.0,,2.0,,2.0,,1.0,,1.0,,2.0,,2.0,,2.0,,2.0,,2.0,,2.0,,1.0,,1.0,,1.0,,1.0,,2.0,,2.0,,1.0,,2.0,,1.0,,2.0,a,2.0,,2.0,,2.0,,2.0,,1.0,,2.0,,2.0,,2.0,,2.0,,2.0,,1.0,1.0,2.0,,2.0,,2.0,,2.0,,2.0,,2.0,,2.0,,2.0,,2.0,,1.0,24.0,24.0,1.0,24.0,24.0,1.0,24.0,24.0,1.0,24.0,24.0,MAIZE,,BLANKET,WHEAT,,,,61.3,0.0,2.92,0.0,0.0,6.56,0.0,0.0,23.2,23.2,0.0,0.0,0,0,0,0.0,MANALI,4.0,kullu_kullu_village_amenities.csv
,HIMACHAL PRADESH,,Kullu,,Manali,,Up Muhal Hamta 2/17,,Naggar,2009,MANALI,19.0,KULLU,57,MANALI,19.0,YES,384.69,7.0,28,15.0,13.0,0.0,0.0,0.0,0.0,0.0,0.0,2.0,0.0,2.0,0.0,2.0,PRINI,,2.0,0.0,2.0,0.0,1.0,PRINI,,2.0,0.0,2.0,0.0,1.0,JAGAT SUKH,,2.0,0.0,2.0,0.0,1.0,JAGAT SUKH,,2.0,0.0,2.0,0.0,1.0,JAGAT SUKH,,2.0,0.0,2.0,0.0,1.0,HARIPUR,,2.0,0.0,2.0,0.0,1.0,MANDI,,2.0,0.0,2.0,0.0,1.0,SHIMLA,,2.0,0.0,2.0,0.0,2.0,TALYAR,,2.0,0.0,2.0,0.0,1.0,SUNDER NAGAR,,2.0,0.0,2.0,0.0,1.0,SHAMSHI,,2.0,0.0,2.0,0.0,1.0,KULLU,,2.0,0.0,2.0,0.0,1.0,SUNDER NAGAR,,2.0,0.0,2.0,0.0,N.A.,,0.0,0.0,0.0,0.0,0.0,,0.0,0.0,0.0,0.0,0.0,,0.0,0.0,0.0,0.0,0.0,,0.0,0.0,0.0,0.0,0.0,,0.0,0.0,0.0,0.0,0.0,,0.0,0.0,0.0,0.0,0.0,,0.0,0.0,0.0,0.0,0.0,,0.0,0.0,0.0,0.0,0.0,,0.0,0.0,0.0,0.0,0.0,,0.0,0.0,0.0,0.0,0.0,,0.0,0.0,0.0,0.0,0.0,,0.0,0.0,0.0,0.0,0.0,0.0,0.0,0.0,0.0,1.0,1.0,1.0,2.0,,,2.0,,,2.0,,,1.0,1.0,1.0,2.0,2.0,,,1.0,1.0,1.0,2.0,,,2.0,,,2.0,2.0,1.0,2.0,2.0,1.0,2.0,2.0,2.0,2.0,2.0,2.0,2.0,2.0,2.0,2.0,,2.0,,2.0,,1.0,175131.0,2.0,,2.0,,2.0,,2.0,,2.0,,1.0,,1.0,,2.0,,2.0,,1.0,,1.0,,2.0,,2.0,,2.0,,2.0,,2.0,,2.0,,1.0,,1.0,,1.0,,1.0,,2.0,,2.0,,1.0,,2.0,,1.0,,2.0,c,2.0,,2.0,,2.0,,2.0,,1.0,,2.0,,2.0,,2.0,,2.0,,2.0,,1.0,1.0,2.0,,2.0,,2.0,,2.0,,2.0,,2.0,,2.0,,2.0,,2.0,,1.0,24.0,24.0,1.0,24.0,24.0,1.0,24.0,24.0,1.0,24.0,24.0,MAIZE,,BLANKET,WHEAT,,,,361.23,0.0,1.7,0.0,0.0,0.06,0.0,0.0,21.7,21.7,0.0,0.0,0,0,0,0.0,MANALI,19.0,kullu_kullu_village_amenities.csv
,HIMACHAL PRADESH,,Kullu,,Manali,,Up Muhal Hamta 1/7,,Naggar,2009,MANALI,19.0,KULLU,57,MANALI,19.0,YES,4.2,19.0,59,43.0,16.0,5.0,4.0,1.0,13.0,7.0,6.0,2.0,0.0,2.0,0.0,1.0,PRINI,,2.0,0.0,2.0,0.0,1.0,PRINI,,2.0,0.0,2.0,0.0,1.0,PRINI,,2.0,0.0,2.0,0.0,1.0,JAGAT SUKH,,2.0,0.0,2.0,0.0,1.0,JAGAT SUKH,,2.0,0.0,2.0,0.0,1.0,HARIPUR,,2.0,0.0,2.0,0.0,1.0,MANDI,,2.0,0.0,2.0,0.0,1.0,SHIMLA,,2.0,0.0,2.0,0.0,2.0,TALYAR,,2.0,0.0,2.0,0.0,1.0,SUNDER NAGAR,,2.0,0.0,2.0,0.0,1.0,SHAMSHI,,2.0,0.0,2.0,0.0,1.0,KULLU,,2.0,0.0,2.0,0.0,1.0,SUNDER NAGAR,,2.0,0.0,2.0,0.0,N.A.,,0.0,0.0,0.0,0.0,0.0,,0.0,0.0,0.0,0.0,0.0,,0.0,0.0,0.0,0.0,0.0,,0.0,0.0,0.0,0.0,0.0,,0.0,0.0,0.0,0.0,0.0,,0.0,0.0,0.0,0.0,0.0,,0.0,0.0,0.0,0.0,0.0,,0.0,0.0,0.0,0.0,0.0,,0.0,0.0,0.0,0.0,0.0,,0.0,0.0,0.0,0.0,0.0,,0.0,0.0,0.0,0.0,0.0,,0.0,0.0,0.0,0.0,0.0,0.0,0.0,0.0,0.0,1.0,1.0,1.0,2.0,,,2.0,,,2.0,,,1.0,1.0,1.0,2.0,2.0,,,1.0,1.0,1.0,2.0,,,2.0,,,2.0,2.0,1.0,2.0,2.0,1.0,2.0,2.0,2.0,2.0,2.0,2.0,2.0,2.0,2.0,2.0,,2.0,,2.0,,1.0,178513.0,1.0,,2.0,,2.0,,2.0,,2.0,,1.0,,1.0,,2.0,,2.0,,1.0,,1.0,,2.0,,2.0,,2.0,,2.0,,2.0,,2.0,,1.0,,1.0,,1.0,,1.0,,2.0,,2.0,,1.0,,2.0,,1.0,,2.0,a,2.0,,2.0,,2.0,,2.0,,2.0,,2.0,,2.0,,2.0,,2.0,,2.0,,1.0,1.0,2.0,,2.0,,2.0,,2.0,,2.0,,2.0,,2.0,,2.0,,2.0,,1.0,24.0,24.0,1.0,24.0,24.0,1.0,24.0,24.0,1.0,24.0,24.0,MAIZE,,BLANKET,WHEAT,,,,3.69,0.0,0.1,0.0,0.0,0.23,0.0,0.0,0.18,0.18,0.0,0.0,0,0,0,0.0,MANALI,19.0,kullu_kullu_village_amenities.csv
,HIMACHAL PRADESH,,Kullu,,Manali,,Up Muhal Shuru,,Naggar,2009,MANALI,4.0,KULLU,42,MANALI,4.0,YES,142.29,281.0,1212,622.0,590.0,173.0,94.0,79.0,201.0,101.0,100.0,2.0,0.0,1.0,2.0,,,,1.0,1.0,1.0,1.0,,,,2.0,0.0,2.0,0.0,1.0,PRINI,,2.0,0.0,2.0,0.0,1.0,JAGAT SUKH,,2.0,0.0,2.0,0.0,1.0,JAGAT SUKH,,2.0,0.0,2.0,0.0,1.0,HARIPUR,,2.0,0.0,2.0,0.0,1.0,MANDI,,2.0,0.0,2.0,0.0,1.0,SHIMLA,,2.0,0.0,2.0,0.0,2.0,TALYAR,,2.0,0.0,2.0,0.0,1.0,SUNDER NAGAR,,2.0,0.0,2.0,0.0,1.0,SHAMSHI,,2.0,0.0,2.0,0.0,1.0,KULLU,,2.0,0.0,2.0,0.0,1.0,SUNDER NAGAR,,2.0,0.0,2.0,0.0,N.A.,,0.0,0.0,0.0,0.0,0.0,,0.0,0.0,0.0,0.0,0.0,,0.0,0.0,0.0,0.0,0.0,,0.0,0.0,0.0,0.0,0.0,,0.0,0.0,0.0,0.0,0.0,,0.0,0.0,0.0,0.0,0.0,,0.0,0.0,0.0,0.0,0.0,,0.0,0.0,0.0,0.0,0.0,,0.0,0.0,0.0,0.0,0.0,,0.0,0.0,0.0,0.0,0.0,,0.0,0.0,0.0,0.0,0.0,,0.0,0.0,0.0,0.0,0.0,0.0,0.0,0.0,0.0,1.0,1.0,1.0,2.0,,,2.0,,,2.0,,,1.0,1.0,1.0,2.0,2.0,,,1.0,1.0,1.0,2.0,,,2.0,,,2.0,2.0,1.0,2.0,2.0,1.0,2.0,2.0,2.0,2.0,2.0,2.0,2.0,2.0,2.0,2.0,,2.0,,2.0,,1.0,175131.0,1.0,,2.0,,2.0,,2.0,,2.0,,1.0,,1.0,,2.0,,2.0,,1.0,,1.0,,2.0,,2.0,,2.0,,2.0,,2.0,,2.0,,1.0,,1.0,,1.0,,1.0,,2.0,,2.0,,1.0,,2.0,,1.0,,2.0,a,2.0,,2.0,,2.0,,2.0,,1.0,,2.0,,2.0,,2.0,,2.0,,1.0,,1.0,1.0,2.0,,2.0,,2.0,,2.0,,2.0,,2.0,,2.0,,2.0,,1.0,,1.0,24.0,24.0,1.0,24.0,24.0,1.0,24.0,24.0,1.0,24.0,24.0,PADDY,,BLANKET,MAIZE,,,WHEAT,0.0,0.0,16.57,20.57,0.0,3.25,0.0,0.0,101.9,38.1,63.8,0.0,0,0,0,63.8,MANALI,4.0,kullu_kullu_village_amenities.csv
,HIMACHAL PRADESH,,Kullu,,Manali,,Up Muhal Jamari,,Naggar,2009,MANALI,4.0,KULLU,42,MANALI,4.0,YES,102.98,2.0,8,5.0,3.0,0.0,0.0,0.0,0.0,0.0,0.0,2.0,0.0,2.0,0.0,2.0,SHURU,,2.0,0.0,2.0,0.0,1.0,SHURU,,2.0,0.0,2.0,0.0,1.0,JAGAT SUKH,,2.0,0.0,2.0,0.0,1.0,HARIPUR,,2.0,0.0,2.0,0.0,1.0,HARIPUR,,2.0,0.0,2.0,0.0,1.0,HARIPUR,,2.0,0.0,2.0,0.0,1.0,MANDI,,2.0,0.0,2.0,0.0,1.0,SHIMLA,,2.0,0.0,2.0,0.0,2.0,TALYAR,,2.0,0.0,2.0,0.0,1.0,SUNDER NAGAR,,2.0,0.0,2.0,0.0,1.0,SHAMSHI,,2.0,0.0,2.0,0.0,1.0,KULLU,,2.0,0.0,2.0,0.0,1.0,SUNDER NAGAR,,2.0,0.0,2.0,0.0,N.A.,,0.0,0.0,0.0,0.0,0.0,,0.0,0.0,0.0,0.0,0.0,,0.0,0.0,0.0,0.0,0.0,,0.0,0.0,0.0,0.0,0.0,,0.0,0.0,0.0,0.0,0.0,,0.0,0.0,0.0,0.0,0.0,,0.0,0.0,0.0,0.0,0.0,,0.0,0.0,0.0,0.0,0.0,,0.0,0.0,0.0,0.0,0.0,,0.0,0.0,0.0,0.0,0.0,,0.0,0.0,0.0,0.0,0.0,,0.0,0.0,0.0,0.0,0.0,0.0,0.0,0.0,0.0,1.0,1.0,1.0,2.0,,,2.0,,,2.0,,,2.0,,,2.0,2.0,,,1.0,1.0,1.0,2.0,,,2.0,,,2.0,2.0,1.0,2.0,2.0,1.0,2.0,2.0,2.0,2.0,2.0,2.0,2.0,2.0,2.0,2.0,,2.0,,2.0,,1.0,175131.0,1.0,,2.0,,2.0,,2.0,,2.0,,1.0,,1.0,,2.0,,2.0,,1.0,,1.0,,2.0,,2.0,,2.0,,2.0,,2.0,,2.0,,1.0,,1.0,,1.0,,1.0,,2.0,,2.0,,1.0,,2.0,,1.0,,2.0,a,2.0,,2.0,,2.0,,2.0,,2.0,,2.0,,2.0,,2.0,,2.0,,2.0,,1.0,1.0,2.0,,2.0,,2.0,,2.0,,2.0,,2.0,,2.0,,2.0,,2.0,,1.0,24.0,24.0,1.0,24.0,24.0,1.0,24.0,24.0,1.0,24.0,24.0,MAIZE,,BLANKET,WHEAT,,,,0.0,0.0,1.61,59.98,0.0,5.92,0.0,0.0,35.47,35.47,0.0,0.0,0,0,0,0.0,MANALI,4.0,kullu_kullu_village_amenities.csv
,HIMACHAL PRADESH,,Kullu,,Kullu,,Hallan-I (24/42),,Naggar,2009,KULLU,32.0,KULLU,32,MANALI,18.0,YES,85.82,112.0,524,265.0,259.0,129.0,67.0,62.0,1.0,0.0,1.0,2.0,0.0,2.0,0.0,2.0,SARSAI,,2.0,0.0,2.0,0.0,1.0,RAMAN,,2.0,0.0,2.0,0.0,1.0,RAMAN,,2.0,0.0,2.0,0.0,1.0,RAMAN,,2.0,0.0,2.0,0.0,1.0,HARIPUR,,2.0,0.0,2.0,0.0,1.0,HARIPUR,,2.0,0.0,2.0,0.0,1.0,MANDI,,2.0,0.0,2.0,0.0,1.0,SHIMLA,,2.0,0.0,2.0,0.0,1.0,MANDI,,2.0,0.0,2.0,0.0,1.0,SUNDER NAGAR,,2.0,0.0,2.0,0.0,1.0,SHAMSI,,2.0,0.0,2.0,0.0,1.0,KULLU,,2.0,0.0,2.0,0.0,2.0,KULLU,,2.0,0.0,2.0,0.0,N.A.,,0.0,0.0,0.0,0.0,0.0,,0.0,0.0,0.0,0.0,0.0,,0.0,0.0,0.0,0.0,0.0,,0.0,0.0,0.0,0.0,0.0,,0.0,0.0,0.0,0.0,0.0,,0.0,0.0,0.0,0.0,0.0,,0.0,0.0,0.0,0.0,0.0,,0.0,0.0,0.0,0.0,0.0,,0.0,0.0,0.0,0.0,0.0,,0.0,0.0,0.0,0.0,0.0,,0.0,0.0,0.0,0.0,0.0,,0.0,0.0,0.0,0.0,0.0,0.0,0.0,0.0,0.0,1.0,1.0,1.0,2.0,,,2.0,,,2.0,,,2.0,,,2.0,2.0,,,2.0,,,2.0,,,2.0,,,2.0,1.0,2.0,2.0,2.0,1.0,1.0,2.0,2.0,2.0,2.0,2.0,2.0,2.0,1.0,2.0,,2.0,,2.0,,1.0,175131.0,1.0,,2.0,,2.0,,2.0,,2.0,,1.0,,1.0,,2.0,,2.0,,1.0,,1.0,,2.0,,2.0,,2.0,,2.0,,2.0,,2.0,,2.0,,2.0,,1.0,,1.0,,2.0,,2.0,,1.0,,2.0,,1.0,,2.0,c,2.0,,2.0,,2.0,,2.0,,1.0,,2.0,,2.0,,2.0,,1.0,,1.0,,1.0,1.0,2.0,,2.0,,2.0,,2.0,,2.0,,2.0,,1.0,,2.0,,1.0,,1.0,24.0,24.0,1.0,24.0,24.0,1.0,24.0,24.0,1.0,24.0,24.0,MAIZE,THARAT,SHAWAL,WHEAT,KUDAL,HUNCKY,VEGETABLE,30.28,4.47,0.0,0.0,0.0,3.07,0.0,0.0,48.0,48.0,0.0,0.0,0,0,0,0.0,MANALI,18.0,kullu_kullu_village_amenities.csv
,HIMACHAL PRADESH,,Kullu,,Kullu,,Up Muhal Rangri,,Naggar,2009,KULLU,23.0,KULLU,23,MANALI,8.0,YES,185.75,88.0,372,194.0,178.0,93.0,47.0,46.0,18.0,10.0,8.0,2.0,0.0,1.0,2.0,,,,1.0,1.0,2.0,0.0,,,,2.0,0.0,1.0,2.0,,,,2.0,0.0,1.0,1.0,,,,2.0,0.0,2.0,0.0,1.0,HARIPUR,,2.0,0.0,2.0,0.0,1.0,HARIPUR,,2.0,0.0,2.0,0.0,1.0,MANDI,,2.0,0.0,2.0,0.0,1.0,SHIMLA,,2.0,0.0,2.0,0.0,1.0,MANDI,,2.0,0.0,2.0,0.0,1.0,SUNDER NAGAR,,2.0,0.0,2.0,0.0,1.0,SHAMSI,,2.0,0.0,2.0,0.0,1.0,KULLU,,2.0,0.0,2.0,0.0,1.0,KULLU,,2.0,0.0,2.0,0.0,N.A.,,0.0,0.0,0.0,0.0,0.0,,0.0,0.0,0.0,0.0,0.0,,0.0,0.0,0.0,0.0,0.0,,0.0,0.0,0.0,0.0,0.0,,0.0,0.0,0.0,0.0,0.0,,0.0,0.0,0.0,0.0,0.0,,0.0,0.0,0.0,0.0,0.0,,0.0,0.0,0.0,0.0,0.0,,0.0,0.0,0.0,0.0,0.0,,0.0,0.0,0.0,0.0,0.0,,0.0,0.0,0.0,0.0,0.0,,0.0,0.0,0.0,0.0,0.0,0.0,0.0,0.0,0.0,1.0,1.0,1.0,2.0,,,2.0,,,2.0,,,2.0,,,2.0,2.0,,,2.0,,,2.0,,,2.0,,,2.0,1.0,2.0,2.0,2.0,1.0,1.0,2.0,2.0,2.0,2.0,2.0,2.0,2.0,1.0,2.0,,2.0,,2.0,,1.0,175136.0,1.0,,2.0,,1.0,,2.0,,2.0,,1.0,,1.0,,2.0,,2.0,,1.0,,1.0,,2.0,,2.0,,2.0,,2.0,,2.0,,2.0,,1.0,,1.0,,1.0,,1.0,,2.0,,2.0,,1.0,,2.0,,1.0,,2.0,b,2.0,,2.0,,2.0,,2.0,,1.0,,2.0,,2.0,,2.0,,1.0,,1.0,,1.0,1.0,2.0,,2.0,,2.0,,2.0,,2.0,,2.0,,1.0,,2.0,,2.0,,1.0,24.0,24.0,1.0,24.0,24.0,1.0,24.0,24.0,1.0,24.0,24.0,MAIZE,THARAT,SHAWL,WHEAT,KULAHRI,HUNKEY,VEGETABLE,6.97,53.03,0.0,0.0,0.0,1.26,0.0,0.0,124.49,48.65,75.84,0.0,0,0,0,75.84,MANALI,8.0,kullu_kullu_village_amenities.csv
,HIMACHAL PRADESH,,Kullu,,Kullu,,Up Muhal chaki,,Naggar,2009,KULLU,20.0,KULLU,20,KULLU,20.0,YES,89.62,109.0,595,295.0,300.0,72.0,36.0,36.0,11.0,6.0,5.0,2.0,0.0,2.0,0.0,2.0,RANGRI,,2.0,0.0,2.0,0.0,2.0,SARSAI,,1.0,1.0,2.0,0.0,,,,2.0,0.0,2.0,0.0,1.0,SARSAI,,2.0,0.0,2.0,0.0,1.0,HARIPUR,,2.0,0.0,2.0,0.0,1.0,HARIPUR,,2.0,0.0,2.0,0.0,1.0,MANDI,,2.0,0.0,2.0,0.0,1.0,SHIMLA,,2.0,0.0,2.0,0.0,1.0,MANDI,,2.0,0.0,2.0,0.0,1.0,SUNDER NAGAR,,2.0,0.0,2.0,0.0,1.0,SHAMSI,,2.0,0.0,2.0,0.0,1.0,KULLU,,2.0,0.0,2.0,0.0,2.0,KULLU,,2.0,0.0,2.0,0.0,N.A.,,0.0,0.0,0.0,0.0,0.0,,0.0,0.0,0.0,0.0,0.0,,0.0,0.0,0.0,0.0,0.0,,0.0,0.0,0.0,0.0,0.0,,0.0,0.0,0.0,0.0,0.0,,0.0,0.0,0.0,0.0,0.0,,0.0,0.0,0.0,0.0,0.0,,0.0,0.0,0.0,0.0,0.0,,0.0,0.0,0.0,0.0,0.0,,0.0,0.0,0.0,0.0,0.0,,0.0,0.0,0.0,0.0,0.0,,0.0,0.0,0.0,0.0,0.0,0.0,0.0,0.0,0.0,1.0,1.0,1.0,2.0,,,2.0,,,2.0,,,2.0,,,2.0,2.0,,,2.0,,,2.0,,,2.0,,,2.0,1.0,2.0,2.0,2.0,1.0,1.0,2.0,2.0,2.0,2.0,2.0,2.0,2.0,1.0,2.0,,2.0,,2.0,,1.0,175613.0,1.0,,2.0,,1.0,,2.0,,2.0,,1.0,,1.0,,2.0,,2.0,,1.0,,1.0,,2.0,,2.0,,2.0,,2.0,,2.0,,2.0,,1.0,,1.0,,1.0,,1.0,,2.0,,2.0,,1.0,,2.0,,1.0,,2.0,a,2.0,,2.0,,2.0,,2.0,,2.0,,2.0,,2.0,,2.0,,1.0,,1.0,,1.0,1.0,2.0,,2.0,,2.0,,2.0,,2.0,,2.0,,2.0,,2.0,,2.0,,1.0,24.0,24.0,1.0,24.0,24.0,1.0,24.0,24.0,1.0,24.0,24.0,AMIZE,THARAT,PATTU,WHEAT,KUDAL,HUNKEY,VEGETABLE,6.3,13.36,0.0,0.0,0.0,0.8,0.0,0.0,69.16,24.23,44.93,0.0,0,0,0,44.93,KULLU,20.0,kullu_kullu_village_amenities.csv
,HIMACHAL PRADESH,,Kullu,,Kullu,,Up Muhal Sarsai,,Naggar,2009,KULLU,22.0,KULLU,22,KULLU,22.0,YES,74.56,296.0,1389,727.0,662.0,292.0,154.0,138.0,42.0,20.0,22.0,2.0,0.0,1.0,2.0,,,,1.0,1.0,1.0,2.0,,,,1.0,1.0,1.0,2.0,,,,2.0,0.0,1.0,1.0,,,,2.0,0.0,2.0,0.0,1.0,HARIPUR,,2.0,0.0,2.0,0.0,1.0,HARIPUR,,2.0,0.0,2.0,0.0,1.0,MANDI,,2.0,0.0,2.0,0.0,1.0,SHIMLA,,2.0,0.0,2.0,0.0,1.0,MANDI,,2.0,0.0,2.0,0.0,1.0,SUNDER NAGAR,,2.0,0.0,2.0,0.0,1.0,SHAMSI,,2.0,0.0,2.0,0.0,1.0,KULLU,,2.0,0.0,2.0,0.0,2.0,KULLU,,2.0,0.0,2.0,0.0,N.A.,,0.0,0.0,0.0,0.0,0.0,,0.0,0.0,0.0,0.0,0.0,,0.0,0.0,0.0,0.0,0.0,,0.0,0.0,0.0,0.0,0.0,,0.0,0.0,0.0,0.0,0.0,,0.0,0.0,0.0,0.0,0.0,,0.0,0.0,0.0,0.0,0.0,,0.0,0.0,0.0,0.0,0.0,,0.0,0.0,0.0,0.0,0.0,,0.0,0.0,0.0,0.0,0.0,,0.0,0.0,0.0,0.0,0.0,,0.0,0.0,0.0,0.0,0.0,0.0,0.0,0.0,0.0,1.0,1.0,1.0,2.0,,,2.0,,,2.0,,,2.0,,,2.0,2.0,,,2.0,,,2.0,,,2.0,,,2.0,2.0,1.0,2.0,2.0,1.0,1.0,2.0,2.0,2.0,2.0,2.0,2.0,2.0,1.0,2.0,,2.0,,2.0,,1.0,175136.0,1.0,,2.0,,1.0,,2.0,,2.0,,1.0,,1.0,,2.0,,2.0,,1.0,,1.0,,2.0,,2.0,,2.0,,2.0,,2.0,,2.0,,1.0,,1.0,,1.0,,1.0,,2.0,,2.0,,1.0,,2.0,,1.0,,2.0,a,2.0,,2.0,,2.0,,1.0,,1.0,,2.0,,2.0,,2.0,,1.0,,1.0,,1.0,1.0,2.0,,1.0,,2.0,,2.0,,2.0,,2.0,,1.0,,1.0,,1.0,,1.0,24.0,24.0,1.0,24.0,24.0,1.0,24.0,24.0,1.0,24.0,24.0,MAIZE,KULAHRI,SHAWL,WHEAT,DARAT,HUNKEY,VEGETABLES,2.73,10.36,0.0,0.0,0.0,1.83,0.0,0.0,59.64,53.57,6.07,0.0,0,0,0,6.07,KULLU,22.0,kullu_kullu_village_amenities.csv
,HIMACHAL PRADESH,,Kullu,,Kullu,,Up Muhal Kumartee,,Naggar,2009,KULLU,30.0,KULLU,30,KULLU,30.0,YES,125.07,68.0,347,185.0,162.0,118.0,64.0,54.0,0.0,0.0,0.0,2.0,0.0,2.0,0.0,2.0,SARSAI,,1.0,1.0,2.0,0.0,,,,2.0,0.0,2.0,0.0,1.0,RAMAN,,2.0,0.0,2.0,0.0,1.0,RAMAN,,2.0,0.0,2.0,0.0,1.0,NAGAR,,2.0,0.0,2.0,0.0,1.0,HARIPUR,,2.0,0.0,2.0,0.0,1.0,MANDI,,2.0,0.0,2.0,0.0,1.0,SHIMLA,,2.0,0.0,2.0,0.0,1.0,MANDI,,2.0,0.0,2.0,0.0,1.0,SUNDER NAGAR,,2.0,0.0,2.0,0.0,1.0,SHAMSI,,2.0,0.0,2.0,0.0,1.0,KULLU,,2.0,0.0,2.0,0.0,1.0,KULLU,,2.0,0.0,2.0,0.0,N.A.,,0.0,0.0,0.0,0.0,0.0,,0.0,0.0,0.0,0.0,0.0,,0.0,0.0,0.0,0.0,0.0,,0.0,0.0,0.0,0.0,0.0,,0.0,0.0,0.0,0.0,0.0,,0.0,0.0,0.0,0.0,0.0,,0.0,0.0,0.0,0.0,0.0,,0.0,0.0,0.0,0.0,0.0,,0.0,0.0,0.0,0.0,0.0,,0.0,0.0,0.0,0.0,0.0,,0.0,0.0,0.0,0.0,0.0,,0.0,0.0,0.0,0.0,0.0,0.0,0.0,0.0,0.0,1.0,1.0,1.0,2.0,,,2.0,,,2.0,,,2.0,,,2.0,2.0,,,2.0,,,2.0,,,2.0,,,2.0,2.0,1.0,2.0,2.0,2.0,1.0,2.0,2.0,2.0,2.0,2.0,2.0,2.0,1.0,2.0,,2.0,,2.0,,1.0,175136.0,1.0,,2.0,,1.0,,2.0,,2.0,,1.0,,1.0,,2.0,,2.0,,1.0,,1.0,,2.0,,2.0,,2.0,,2.0,,2.0,,2.0,,2.0,,2.0,,1.0,,1.0,,2.0,,2.0,,1.0,,2.0,,1.0,,2.0,b,2.0,,2.0,,2.0,,2.0,,1.0,,2.0,,2.0,,2.0,,1.0,,1.0,,1.0,1.0,2.0,,2.0,,2.0,,2.0,,2.0,,2.0,,2.0,,2.0,,2.0,,1.0,24.0,24.0,1.0,24.0,24.0,1.0,24.0,24.0,1.0,24.0,24.0,MAIZE,DARAT,PATTU,WHEAT,KUDAL,HUNKEY,VEGETABLE,71.3,6.22,0.0,0.0,0.0,10.66,0.0,0.0,36.89,36.89,0.0,0.0,0,0,0,0.0,KULLU,30.0,kullu_kullu_village_amenities.csv
,HIMACHAL PRADESH,,Kullu,,Kullu,,Up Muhal Raman,,Naggar,2009,KULLU,33.0,KULLU,33,KULLU,33.0,YES,196.53,131.0,643,313.0,330.0,21.0,9.0,12.0,0.0,0.0,0.0,2.0,0.0,2.0,0.0,2.0,SARSAI,,1.0,1.0,2.0,0.0,,,,1.0,1.0,2.0,0.0,,,,1.0,1.0,2.0,0.0,,,,2.0,0.0,2.0,0.0,1.0,HARIPUR,,2.0,0.0,2.0,0.0,1.0,HARIPUR,,2.0,0.0,2.0,0.0,1.0,MANDI,,2.0,0.0,2.0,0.0,1.0,SHIMLA,,2.0,0.0,2.0,0.0,1.0,MANDI,,2.0,0.0,2.0,0.0,1.0,SUNDER NAGAR,,2.0,0.0,2.0,0.0,1.0,SHAMSI,,2.0,0.0,2.0,0.0,1.0,KULLU,,2.0,0.0,2.0,0.0,2.0,KULLU,,2.0,0.0,2.0,0.0,N.A.,,0.0,0.0,0.0,0.0,0.0,,0.0,0.0,0.0,0.0,0.0,,0.0,0.0,0.0,0.0,0.0,,0.0,0.0,0.0,0.0,0.0,,0.0,0.0,0.0,0.0,0.0,,0.0,0.0,0.0,0.0,0.0,,0.0,0.0,0.0,0.0,0.0,,0.0,0.0,0.0,0.0,0.0,,0.0,0.0,0.0,0.0,0.0,,0.0,0.0,0.0,0.0,0.0,,0.0,0.0,0.0,0.0,0.0,,0.0,0.0,0.0,0.0,0.0,0.0,0.0,0.0,0.0,1.0,1.0,1.0,2.0,,,2.0,,,2.0,,,2.0,,,2.0,2.0,,,2.0,,,2.0,,,2.0,,,2.0,2.0,1.0,2.0,2.0,2.0,1.0,2.0,2.0,2.0,2.0,2.0,2.0,2.0,1.0,2.0,,1.0,,2.0,,1.0,175136.0,1.0,,2.0,,1.0,,2.0,,2.0,,1.0,,1.0,,2.0,,2.0,,1.0,,1.0,,2.0,,2.0,,2.0,,2.0,,2.0,,2.0,,2.0,,2.0,,1.0,,1.0,,2.0,,2.0,,1.0,,1.0,,1.0,,2.0,b,2.0,,2.0,,2.0,,2.0,,1.0,,2.0,,2.0,,2.0,,1.0,,1.0,,1.0,1.0,2.0,,1.0,,2.0,,2.0,,2.0,,2.0,,1.0,,1.0,,2.0,,1.0,24.0,24.0,1.0,24.0,24.0,1.0,24.0,24.0,1.0,24.0,24.0,MAIZE,KULAHRI,SHAWL,WHEAT,DARAT,HUNKEY,VEGETABLE,133.88,5.67,0.0,0.0,0.0,5.62,0.0,0.0,51.36,51.36,0.0,0.0,0,0,0,0.0,KULLU,33.0,kullu_kullu_village_amenities.csv
,HIMACHAL PRADESH,,Kullu,,Kullu,,Up Muhal Batahar Bihal,,Naggar,2009,KULLU,28.0,KULLU,28,KULLU,28.0,YES,16.48,95.0,470,237.0,233.0,130.0,64.0,66.0,31.0,18.0,13.0,2.0,0.0,2.0,0.0,2.0,NAGAR,,2.0,0.0,2.0,0.0,1.0,UP MUHAL RAMAN ,,2.0,0.0,2.0,0.0,1.0,RAMAN,,2.0,0.0,2.0,0.0,1.0,NAGAR,,2.0,0.0,2.0,0.0,1.0,NAGAR,,2.0,0.0,2.0,0.0,1.0,HARIPUR,,2.0,0.0,2.0,0.0,1.0,MANDI,,2.0,0.0,2.0,0.0,1.0,SHIMLA,,2.0,0.0,2.0,0.0,1.0,MANDI,,2.0,0.0,2.0,0.0,1.0,SUNDER NAGAR,,2.0,0.0,2.0,0.0,1.0,SHAMSI,,2.0,0.0,2.0,0.0,1.0,KULLU,,2.0,0.0,2.0,0.0,2.0,KULLU,,2.0,0.0,2.0,0.0,N.A.,,0.0,0.0,0.0,0.0,0.0,,0.0,0.0,0.0,0.0,0.0,,0.0,0.0,0.0,0.0,0.0,,0.0,0.0,0.0,0.0,0.0,,0.0,0.0,0.0,0.0,0.0,,0.0,0.0,0.0,0.0,0.0,,0.0,0.0,0.0,0.0,0.0,,0.0,0.0,0.0,0.0,0.0,,0.0,0.0,0.0,0.0,0.0,,0.0,,,,,,0.0,0.0,0.0,0.0,0.0,,0.0,0.0,0.0,0.0,0.0,0.0,0.0,0.0,0.0,1.0,1.0,1.0,2.0,,,2.0,,,2.0,,,2.0,,,2.0,2.0,,,2.0,,,2.0,,,2.0,,,2.0,2.0,1.0,2.0,2.0,2.0,1.0,2.0,2.0,2.0,2.0,2.0,2.0,2.0,2.0,2.0,,1.0,,2.0,,1.0,175136.0,2.0,,2.0,,1.0,,2.0,,2.0,,1.0,,1.0,,2.0,,2.0,,2.0,,2.0,,2.0,,2.0,,2.0,,2.0,,2.0,,2.0,,2.0,,2.0,,2.0,,2.0,,2.0,,2.0,,2.0,,2.0,,1.0,,2.0,a,2.0,,2.0,,2.0,,2.0,,2.0,,2.0,,2.0,,2.0,,2.0,,1.0,,1.0,1.0,2.0,,2.0,,2.0,,2.0,,2.0,,2.0,,1.0,,2.0,,2.0,,1.0,24.0,24.0,1.0,24.0,24.0,1.0,24.0,24.0,1.0,24.0,24.0,MAIZE,,,,,,,15.09,1.39,0.0,0.0,0.0,0.0,0.0,0.0,0.0,0.0,0.0,0.0,0,0,0,0.0,KULLU,28.0,kullu_kullu_village_amenities.csv
,HIMACHAL PRADESH,,Kullu,,Kullu,,Nagar (24/43),,Naggar,2009,KULLU,21.0,KULLU,21,KULLU,21.0,YES,87.94,340.0,1556,780.0,776.0,350.0,178.0,172.0,120.0,57.0,63.0,2.0,0.0,1.0,1.0,,,,1.0,1.0,2.0,0.0,,,,1.0,1.0,2.0,0.0,,,,1.0,1.0,2.0,0.0,,,,1.0,1.0,2.0,0.0,,,,2.0,0.0,2.0,0.0,1.0,HARIPUR,,2.0,0.0,2.0,0.0,1.0,MANDI,,2.0,0.0,2.0,0.0,1.0,SHIMLA,,2.0,0.0,2.0,0.0,1.0,MANDI,,2.0,0.0,2.0,0.0,1.0,SUNDER NAGAR,,2.0,0.0,2.0,0.0,1.0,SHAMSI,,2.0,0.0,2.0,0.0,1.0,KULLU,,2.0,0.0,2.0,0.0,2.0,KULLU,,2.0,0.0,2.0,0.0,N.A.,,0.0,0.0,0.0,0.0,0.0,,1.0,3.0,2.0,4.0,3.0,,0.0,0.0,0.0,0.0,0.0,,0.0,0.0,0.0,0.0,0.0,,0.0,0.0,0.0,0.0,0.0,,0.0,0.0,0.0,0.0,0.0,,0.0,0.0,0.0,0.0,0.0,,0.0,0.0,0.0,0.0,0.0,,1.0,1.0,1.0,2.0,2.0,,0.0,0.0,0.0,0.0,0.0,,0.0,0.0,0.0,0.0,0.0,,0.0,0.0,0.0,2.0,0.0,0.0,0.0,2.0,0.0,1.0,1.0,1.0,2.0,,,2.0,,,2.0,,,1.0,1.0,1.0,2.0,2.0,,,2.0,,,2.0,,,2.0,,,2.0,1.0,2.0,2.0,2.0,1.0,1.0,2.0,2.0,2.0,2.0,2.0,2.0,2.0,1.0,1.0,,2.0,,1.0,,1.0,175130.0,1.0,,1.0,,1.0,,1.0,,2.0,,1.0,,1.0,,2.0,,1.0,,1.0,,1.0,,1.0,,2.0,,2.0,,2.0,,2.0,,2.0,,1.0,,1.0,,1.0,,1.0,,1.0,,1.0,,1.0,,2.0,,1.0,,1.0,,1.0,,1.0,,1.0,,2.0,,2.0,,2.0,,2.0,,2.0,,1.0,,1.0,,1.0,1.0,1.0,,1.0,,2.0,,2.0,,2.0,,2.0,,1.0,,1.0,,1.0,,1.0,24.0,24.0,1.0,24.0,24.0,1.0,24.0,24.0,1.0,24.0,24.0,BARLEY,DARAT,CAPS,MAIZE,,,PULSES,0.71,26.22,2.52,40.55,17.83,0.0,0.0,0.0,0.11,0.11,0.0,0.0,0,0,0,0.0,KULLU,21.0,kullu_kullu_village_amenities.csv
,HIMACHAL PRADESH,,Kullu,,Kullu,,Up Muhal Pulag,,Naggar,2009,KULLU,28.0,KULLU,28,KULLU,28.0,YES,195.88,43.0,208,103.0,105.0,0.0,0.0,0.0,0.0,0.0,0.0,2.0,0.0,2.0,0.0,2.0,NAGAR,,1.0,1.0,2.0,0.0,,,,2.0,0.0,2.0,0.0,1.0,RUMSU,,2.0,0.0,2.0,0.0,1.0,NAGAR,,2.0,0.0,2.0,0.0,1.0,NAGAR,,2.0,0.0,2.0,0.0,1.0,HARIPUR,,2.0,0.0,2.0,0.0,1.0,MANDI,,2.0,0.0,2.0,0.0,1.0,SHIMLA,,2.0,0.0,2.0,0.0,1.0,MANDI,,2.0,0.0,2.0,0.0,1.0,SUNDER NAGAR,,2.0,0.0,2.0,0.0,1.0,SHAMSI,,2.0,0.0,2.0,0.0,1.0,KULLU,,2.0,0.0,2.0,0.0,2.0,KULLU,,2.0,0.0,2.0,0.0,N.A.,,0.0,0.0,0.0,0.0,0.0,,0.0,0.0,0.0,0.0,0.0,,0.0,0.0,0.0,0.0,0.0,,0.0,0.0,0.0,0.0,0.0,,0.0,0.0,0.0,0.0,0.0,,0.0,0.0,0.0,0.0,0.0,,0.0,0.0,0.0,0.0,0.0,,0.0,0.0,0.0,0.0,0.0,,0.0,0.0,0.0,0.0,0.0,,0.0,0.0,0.0,0.0,0.0,,0.0,0.0,0.0,0.0,0.0,,0.0,0.0,0.0,0.0,0.0,0.0,0.0,0.0,0.0,1.0,1.0,1.0,2.0,,,2.0,,,2.0,,,2.0,,,2.0,2.0,,,2.0,,,2.0,,,2.0,,,2.0,1.0,2.0,2.0,2.0,1.0,1.0,2.0,2.0,2.0,2.0,2.0,2.0,2.0,1.0,1.0,,2.0,,2.0,,1.0,175130.0,1.0,,1.0,,1.0,,2.0,,2.0,,1.0,,2.0,,2.0,,2.0,,1.0,,1.0,,2.0,,2.0,,2.0,,2.0,,2.0,,2.0,,2.0,,2.0,,2.0,,2.0,,1.0,,2.0,,2.0,,2.0,,1.0,,2.0,b,1.0,,2.0,,2.0,,1.0,,1.0,,2.0,,2.0,,2.0,,2.0,,1.0,,1.0,1.0,2.0,,2.0,,2.0,,2.0,,2.0,,2.0,,2.0,,2.0,,2.0,,1.0,24.0,24.0,1.0,24.0,24.0,1.0,24.0,24.0,1.0,24.0,24.0,MAIZE,KUDALI,PATTU,WHEAT,,HUNKEY,BARLEY,63.63,0.0,18.64,66.37,23.53,0.0,0.0,0.0,23.71,23.71,0.0,0.0,0,0,0,0.0,KULLU,28.0,kullu_kullu_village_amenities.csv
,HIMACHAL PRADESH,,Kullu,,Kullu,,Up Muhal Rumsu,,Naggar,2009,KULLU,28.0,KULLU,28,KULLU,28.0,YES,198.72,226.0,1010,523.0,487.0,182.0,93.0,89.0,4.0,2.0,2.0,2.0,0.0,2.0,0.0,2.0,NAGAR,,1.0,1.0,2.0,0.0,,,,1.0,1.0,2.0,0.0,,,,2.0,0.0,2.0,0.0,1.0,NAGAR,,2.0,0.0,2.0,0.0,1.0,NAGAR,,2.0,0.0,2.0,0.0,1.0,HARIPUR,,2.0,0.0,2.0,0.0,1.0,MANDI,,2.0,0.0,2.0,0.0,1.0,SHIMLA,,2.0,0.0,2.0,0.0,1.0,MANDI,,2.0,0.0,2.0,0.0,1.0,SUNDER NAGAR,,2.0,0.0,2.0,0.0,1.0,SHAMSI,,2.0,0.0,2.0,0.0,1.0,KULLU,,2.0,0.0,2.0,0.0,2.0,KULLU,,2.0,0.0,2.0,0.0,N.A.,,0.0,0.0,0.0,0.0,0.0,,0.0,0.0,0.0,0.0,0.0,,1.0,1.0,1.0,1.0,1.0,,0.0,0.0,0.0,0.0,0.0,,0.0,0.0,0.0,0.0,0.0,,0.0,0.0,0.0,0.0,0.0,,0.0,0.0,0.0,0.0,0.0,,0.0,0.0,0.0,0.0,0.0,,0.0,0.0,0.0,0.0,0.0,,0.0,0.0,0.0,0.0,0.0,,0.0,0.0,0.0,0.0,0.0,,0.0,0.0,0.0,0.0,0.0,0.0,0.0,0.0,0.0,1.0,1.0,1.0,2.0,,,2.0,,,2.0,,,2.0,,,2.0,2.0,,,2.0,,,2.0,,,2.0,,,2.0,2.0,1.0,2.0,2.0,2.0,1.0,2.0,2.0,2.0,2.0,2.0,2.0,2.0,1.0,2.0,,2.0,,2.0,,1.0,175130.0,1.0,,2.0,,1.0,,2.0,,2.0,,1.0,,1.0,,2.0,,1.0,,1.0,,1.0,,2.0,,2.0,,2.0,,2.0,,2.0,,2.0,,1.0,,1.0,,1.0,,1.0,,1.0,,1.0,,1.0,,2.0,,1.0,,1.0,,1.0,,2.0,,2.0,,2.0,,1.0,,2.0,,2.0,,2.0,,2.0,,1.0,,1.0,1.0,2.0,,2.0,,2.0,,2.0,,2.0,,2.0,,1.0,,1.0,,1.0,,1.0,24.0,24.0,1.0,24.0,24.0,1.0,24.0,24.0,1.0,24.0,24.0,WHEAT,KUDAL,SHAWL,MAIZE,,HUNKEY,BARLEY,0.0,0.0,20.74,39.53,123.78,7.25,0.0,0.0,7.42,7.42,0.0,0.0,0,0,0,0.0,KULLU,28.0,kullu_kullu_village_amenities.csv
,HIMACHAL PRADESH,,Kullu,,Kullu,,Up Muhal chachogee,,Naggar,2009,KULLU,26.0,KULLU,26,KULLU,26.0,YES,216.74,98.0,476,244.0,232.0,205.0,101.0,104.0,0.0,0.0,0.0,2.0,0.0,2.0,0.0,2.0,NAGAR,,1.0,1.0,2.0,0.0,,,,2.0,0.0,2.0,0.0,1.0,NAGAR,,2.0,0.0,2.0,0.0,1.0,NAGAR,,2.0,0.0,2.0,0.0,1.0,NAGAR,,2.0,0.0,2.0,0.0,1.0,HARIPUR,,2.0,0.0,2.0,0.0,1.0,MANDI,,2.0,0.0,2.0,0.0,1.0,SHIMLA,,2.0,0.0,2.0,0.0,1.0,MANDI,,2.0,0.0,2.0,0.0,1.0,SUNDER NAGAR,,2.0,0.0,2.0,0.0,1.0,SHAMSI,,2.0,0.0,2.0,0.0,1.0,KULLU,,2.0,0.0,2.0,0.0,2.0,KULLU,,2.0,0.0,2.0,0.0,N.A.,,0.0,0.0,0.0,0.0,0.0,,0.0,0.0,0.0,0.0,0.0,,0.0,0.0,0.0,0.0,0.0,,0.0,0.0,0.0,0.0,0.0,,0.0,0.0,0.0,0.0,0.0,,0.0,0.0,0.0,0.0,0.0,,0.0,0.0,0.0,0.0,0.0,,0.0,0.0,0.0,0.0,0.0,,0.0,0.0,0.0,0.0,0.0,,0.0,0.0,0.0,0.0,0.0,,0.0,0.0,0.0,0.0,0.0,,0.0,0.0,0.0,0.0,0.0,0.0,0.0,0.0,0.0,1.0,1.0,1.0,2.0,,,2.0,,,2.0,,,2.0,,,2.0,2.0,,,2.0,,,2.0,,,2.0,,,2.0,1.0,2.0,2.0,2.0,1.0,1.0,2.0,2.0,2.0,2.0,2.0,2.0,2.0,1.0,1.0,,2.0,,2.0,,1.0,175130.0,1.0,,1.0,,1.0,,2.0,,2.0,,1.0,,1.0,,2.0,,1.0,,1.0,,1.0,,2.0,,2.0,,2.0,,2.0,,2.0,,2.0,,2.0,,2.0,,1.0,,2.0,,1.0,,1.0,,1.0,,2.0,,1.0,,2.0,a,1.0,,2.0,,2.0,,2.0,,1.0,,2.0,,2.0,,2.0,,2.0,,2.0,,1.0,1.0,2.0,,2.0,,2.0,,2.0,,2.0,,2.0,,2.0,,2.0,,2.0,,1.0,24.0,24.0,1.0,24.0,24.0,1.0,24.0,24.0,1.0,24.0,24.0,PADDY,KULAHRI,SHAWL,WHEAT,,HUNKEY,MAIZE,0.0,0.0,13.76,90.09,96.13,13.76,0.0,0.0,3.0,3.0,0.0,0.0,0,0,0,0.0,KULLU,26.0,kullu_kullu_village_amenities.csv
,HIMACHAL PRADESH,,Kullu,,Kullu,,Up Muhal Madi,,Naggar,2009,KULLU,25.0,KULLU,25,KULLU,25.0,YES,32.54,217.0,879,453.0,426.0,325.0,161.0,164.0,24.0,13.0,11.0,2.0,0.0,2.0,0.0,2.0,NAGAR,,2.0,0.0,2.0,0.0,1.0,NAGAR,,2.0,0.0,2.0,0.0,1.0,NAGAR,,2.0,0.0,2.0,0.0,1.0,NAGAR,,2.0,0.0,2.0,0.0,1.0,NAGAR,,2.0,0.0,2.0,0.0,1.0,HARIPUR,,2.0,0.0,2.0,0.0,1.0,MANDI,,2.0,0.0,2.0,0.0,1.0,SHIMLA,,2.0,0.0,2.0,0.0,1.0,MANDI,,2.0,0.0,2.0,0.0,1.0,SUNDER NAGAR,,2.0,0.0,2.0,0.0,1.0,SHAMSI,,2.0,0.0,2.0,0.0,1.0,KULLU,,2.0,0.0,2.0,0.0,2.0,KULLU,,2.0,0.0,2.0,0.0,N.A.,,0.0,0.0,0.0,0.0,0.0,,0.0,0.0,0.0,0.0,0.0,,0.0,0.0,0.0,0.0,0.0,,0.0,0.0,0.0,0.0,0.0,,0.0,0.0,0.0,0.0,0.0,,0.0,0.0,0.0,0.0,0.0,,0.0,0.0,0.0,0.0,0.0,,0.0,0.0,0.0,0.0,0.0,,0.0,0.0,0.0,0.0,0.0,,0.0,0.0,0.0,0.0,0.0,,0.0,0.0,0.0,0.0,0.0,,0.0,0.0,0.0,0.0,0.0,0.0,0.0,0.0,0.0,1.0,1.0,1.0,2.0,,,2.0,,,2.0,,,2.0,,,2.0,2.0,,,2.0,,,2.0,,,2.0,,,2.0,2.0,1.0,2.0,2.0,2.0,1.0,2.0,2.0,2.0,2.0,2.0,2.0,2.0,1.0,2.0,,2.0,,2.0,,1.0,175130.0,1.0,,1.0,,1.0,,1.0,,2.0,,1.0,,1.0,,2.0,,1.0,,1.0,,1.0,,1.0,,2.0,,2.0,,2.0,,2.0,,1.0,,1.0,,1.0,,1.0,,1.0,,1.0,,2.0,,1.0,,2.0,,1.0,,1.0,,1.0,,2.0,,2.0,,1.0,,1.0,,2.0,,2.0,,2.0,,2.0,,1.0,,1.0,1.0,2.0,,2.0,,2.0,,2.0,,2.0,,2.0,,1.0,,2.0,,2.0,,1.0,24.0,24.0,1.0,24.0,24.0,1.0,24.0,24.0,1.0,24.0,24.0,PADDY,DARAT,SHAWL,WHEAT,,HUNKEY,MAIZE,0.0,0.0,6.28,0.47,22.1,1.75,0.0,0.0,1.94,1.94,0.0,0.0,0,0,0,0.0,KULLU,25.0,kullu_kullu_village_amenities.csv
,HIMACHAL PRADESH,,Kullu,,Kullu,,Up Muhal Mashda,,Naggar,2009,KULLU,25.0,KULLU,25,KULLU,25.0,YES,96.06,44.0,216,103.0,113.0,126.0,57.0,69.0,7.0,3.0,4.0,2.0,0.0,2.0,0.0,2.0,NAGAR,,2.0,0.0,2.0,0.0,1.0,NAGAR,,2.0,0.0,2.0,0.0,1.0,NAGAR,,2.0,0.0,2.0,0.0,1.0,NAGAR,,2.0,0.0,2.0,0.0,1.0,NAGAR,,2.0,0.0,2.0,0.0,1.0,HARIPUR,,2.0,0.0,2.0,0.0,1.0,MANDI,,2.0,0.0,2.0,0.0,1.0,SHIMLA,,2.0,0.0,2.0,0.0,1.0,MANDI,,2.0,0.0,2.0,0.0,1.0,SUNDER NAGAR,,2.0,0.0,2.0,0.0,1.0,SHANSI,,2.0,0.0,2.0,0.0,1.0,KULLU,,2.0,0.0,2.0,0.0,2.0,KULLU,,2.0,0.0,2.0,0.0,N.A.,,0.0,0.0,0.0,0.0,0.0,,0.0,0.0,0.0,0.0,0.0,,0.0,0.0,0.0,0.0,0.0,,0.0,0.0,0.0,0.0,0.0,,0.0,0.0,0.0,0.0,0.0,,0.0,0.0,0.0,0.0,0.0,,0.0,0.0,0.0,0.0,0.0,,0.0,0.0,0.0,0.0,0.0,,0.0,0.0,0.0,0.0,0.0,,0.0,0.0,0.0,0.0,0.0,,0.0,0.0,0.0,0.0,0.0,,0.0,0.0,0.0,0.0,0.0,0.0,0.0,0.0,0.0,1.0,1.0,1.0,2.0,,,2.0,,,2.0,,,2.0,,,2.0,2.0,,,2.0,,,2.0,,,2.0,,,2.0,1.0,2.0,2.0,2.0,1.0,1.0,2.0,2.0,2.0,2.0,2.0,2.0,2.0,1.0,2.0,,2.0,,2.0,,1.0,175130.0,1.0,,1.0,,1.0,,2.0,,2.0,,1.0,,1.0,,2.0,,1.0,,1.0,,1.0,,2.0,,2.0,,2.0,,2.0,,2.0,,2.0,,1.0,,1.0,,1.0,,1.0,,1.0,,1.0,,1.0,,2.0,,1.0,,2.0,a,1.0,,2.0,,2.0,,2.0,,1.0,,2.0,,2.0,,2.0,,2.0,,2.0,,1.0,1.0,2.0,,2.0,,2.0,,2.0,,2.0,,2.0,,2.0,,2.0,,2.0,,1.0,24.0,24.0,1.0,24.0,24.0,1.0,24.0,24.0,1.0,24.0,24.0,PADDY,KUDAL,HUNKEY,WHEAT,,PATTU,MAIZE,0.0,0.0,18.89,11.47,47.4,1.22,0.0,0.0,17.08,17.08,0.0,0.0,0,0,0,0.0,KULLU,25.0,kullu_kullu_village_amenities.csv
,HIMACHAL PRADESH,,Kullu,,Kullu,,Up Muhal Ghadopa,,Naggar,2009,KULLU,28.0,KULLU,28,KULLU,28.0,YES,86.22,18.0,91,51.0,40.0,68.0,37.0,31.0,0.0,0.0,0.0,2.0,0.0,2.0,0.0,2.0,NAGAR,,2.0,0.0,2.0,0.0,1.0,CHAKI,,2.0,0.0,2.0,0.0,1.0,NAGAR,,2.0,0.0,2.0,0.0,1.0,NAGAR,,2.0,0.0,2.0,0.0,1.0,NAGAR,,2.0,0.0,2.0,0.0,1.0,HARIPUR,,2.0,0.0,2.0,0.0,1.0,MANDI,,2.0,0.0,2.0,0.0,1.0,SHIMLA,,2.0,0.0,2.0,0.0,1.0,MANDI,,2.0,0.0,2.0,0.0,1.0,SUNDER NAGAR,,2.0,0.0,2.0,0.0,1.0,SHANSI,,2.0,0.0,2.0,0.0,1.0,KULLU,,2.0,0.0,2.0,0.0,2.0,KULLU,,2.0,0.0,2.0,0.0,N.A.,,0.0,0.0,0.0,0.0,0.0,,0.0,0.0,0.0,0.0,0.0,,0.0,0.0,0.0,0.0,0.0,,0.0,0.0,0.0,0.0,0.0,,0.0,0.0,0.0,0.0,0.0,,0.0,0.0,0.0,0.0,0.0,,0.0,0.0,0.0,0.0,0.0,,0.0,0.0,0.0,0.0,0.0,,0.0,0.0,0.0,0.0,0.0,,0.0,0.0,0.0,0.0,0.0,,0.0,0.0,0.0,0.0,0.0,,0.0,0.0,0.0,0.0,0.0,0.0,0.0,0.0,0.0,1.0,1.0,1.0,2.0,,,2.0,,,2.0,,,2.0,,,2.0,2.0,,,2.0,,,2.0,,,2.0,,,2.0,1.0,2.0,2.0,2.0,1.0,1.0,2.0,2.0,2.0,2.0,2.0,2.0,2.0,1.0,1.0,,2.0,,2.0,,1.0,175130.0,1.0,,1.0,,1.0,,2.0,,2.0,,1.0,,1.0,,2.0,,1.0,,1.0,,1.0,,2.0,,2.0,,2.0,,2.0,,2.0,,2.0,,2.0,,2.0,,2.0,,2.0,,1.0,,2.0,,2.0,,2.0,,1.0,,2.0,a,1.0,,2.0,,2.0,,1.0,,2.0,,2.0,,2.0,,2.0,,2.0,,1.0,,1.0,1.0,2.0,,2.0,,2.0,,2.0,,2.0,,2.0,,2.0,,2.0,,2.0,,1.0,24.0,24.0,1.0,24.0,24.0,1.0,24.0,24.0,1.0,24.0,24.0,MAIZE,KULAHRI,SHAWL,WHEAT,,,VEGETABLE,0.0,0.0,7.19,16.43,34.08,1.12,0.0,0.0,27.4,0.0,27.4,0.0,0,0,0,27.4,KULLU,28.0,kullu_kullu_village_amenities.csv
,HIMACHAL PRADESH,,Kullu,,Kullu,,Katrain (22/35),,Naggar,2009,KULLU,20.0,KULLU,20,KULLU,20.0,YES,191.12,482.0,2004,992.0,1012.0,373.0,187.0,186.0,317.0,164.0,153.0,2.0,0.0,1.0,1.0,,,,1.0,1.0,1.0,2.0,,,,1.0,1.0,1.0,1.0,,,,1.0,1.0,2.0,0.0,,,,1.0,1.0,2.0,0.0,,,,2.0,0.0,2.0,0.0,1.0,KULLU,,2.0,0.0,2.0,0.0,1.0,MANDI,,2.0,0.0,2.0,0.0,1.0,SHIMLA,,2.0,0.0,2.0,0.0,1.0,MANDI,,2.0,0.0,2.0,0.0,1.0,SUNDER NAGAR,,2.0,0.0,2.0,0.0,1.0,SHAMSI,,2.0,0.0,2.0,0.0,1.0,KULLU,,2.0,0.0,2.0,0.0,2.0,KULLU,,2.0,0.0,2.0,0.0,N.A.,,0.0,0.0,0.0,0.0,0.0,,0.0,0.0,0.0,0.0,0.0,,1.0,1.0,0.0,1.0,0.0,,1.0,1.0,1.0,1.0,1.0,,0.0,0.0,0.0,0.0,0.0,,0.0,0.0,0.0,0.0,0.0,,0.0,0.0,0.0,0.0,0.0,,1.0,1.0,1.0,1.0,1.0,,1.0,2.0,2.0,1.0,1.0,,0.0,0.0,0.0,0.0,0.0,,0.0,0.0,0.0,0.0,0.0,,0.0,1.0,0.0,1.0,1.0,0.0,2.0,2.0,0.0,1.0,1.0,1.0,2.0,,,2.0,,,2.0,,,2.0,,,2.0,2.0,,,2.0,,,2.0,,,2.0,,,2.0,1.0,2.0,2.0,2.0,1.0,1.0,1.0,2.0,2.0,2.0,2.0,2.0,2.0,1.0,1.0,,2.0,,1.0,,1.0,176129.0,1.0,,1.0,,1.0,,1.0,,2.0,,1.0,,1.0,,2.0,,1.0,,1.0,,1.0,,1.0,,2.0,,2.0,,2.0,,2.0,,1.0,,2.0,,1.0,,2.0,,1.0,,1.0,,1.0,,1.0,,2.0,,1.0,,2.0,a,1.0,,1.0,,1.0,,1.0,,1.0,,1.0,,2.0,,1.0,,1.0,,1.0,,1.0,1.0,2.0,,1.0,,1.0,,2.0,,2.0,,2.0,,1.0,,1.0,,1.0,,1.0,24.0,24.0,1.0,24.0,24.0,1.0,24.0,24.0,1.0,24.0,24.0,WHEAT,KUDAL,,MAIZE,,,VEGETABLE,0.0,42.79,0.0,43.73,94.72,6.41,0.0,0.0,3.47,0.0,3.47,0.0,0,0,0,3.47,KULLU,20.0,kullu_kullu_village_amenities.csv
,HIMACHAL PRADESH,,Kullu,,Kullu,,Up Muhal Jatehad,,Naggar,2009,KULLU,21.0,KULLU,21,KULLU,21.0,YES,119.87,571.0,2240,1135.0,1105.0,639.0,315.0,324.0,286.0,139.0,147.0,2.0,0.0,1.0,1.0,,,,1.0,1.0,1.0,1.0,,,,2.0,0.0,1.0,1.0,,,,2.0,0.0,2.0,0.0,1.0,KATRAIN,,2.0,0.0,2.0,0.0,1.0,KATRAIN,,2.0,0.0,2.0,0.0,1.0,KULLU,,2.0,0.0,2.0,0.0,1.0,MANDI,,2.0,0.0,2.0,0.0,1.0,SHIMLA,,2.0,0.0,2.0,0.0,1.0,MANDI,,2.0,0.0,2.0,0.0,1.0,SUNDER NAGAR,,2.0,0.0,2.0,0.0,1.0,SHAMSI,,2.0,0.0,2.0,0.0,1.0,KULLU,,2.0,0.0,2.0,0.0,2.0,KULLU,,2.0,0.0,2.0,0.0,N.A.,,0.0,0.0,0.0,0.0,0.0,,0.0,0.0,0.0,0.0,0.0,,0.0,0.0,0.0,0.0,0.0,,0.0,0.0,0.0,0.0,0.0,,0.0,0.0,0.0,0.0,0.0,,0.0,0.0,0.0,0.0,0.0,,0.0,0.0,0.0,0.0,0.0,,0.0,0.0,0.0,0.0,0.0,,0.0,0.0,0.0,0.0,0.0,,0.0,0.0,0.0,0.0,0.0,,0.0,0.0,0.0,0.0,0.0,,0.0,0.0,0.0,0.0,0.0,0.0,0.0,0.0,0.0,1.0,1.0,1.0,2.0,,,2.0,,,2.0,,,2.0,,,2.0,1.0,1.0,1.0,2.0,,,2.0,,,2.0,,,2.0,1.0,2.0,2.0,2.0,1.0,1.0,2.0,2.0,2.0,2.0,2.0,2.0,2.0,1.0,1.0,,2.0,,2.0,,1.0,175129.0,1.0,,1.0,,1.0,,1.0,,2.0,,1.0,,1.0,,2.0,,1.0,,1.0,,1.0,,1.0,,2.0,,2.0,,2.0,,2.0,,1.0,,2.0,,1.0,,2.0,,1.0,,1.0,,1.0,,1.0,,2.0,,1.0,,2.0,a,1.0,,1.0,,2.0,,1.0,,1.0,,2.0,,2.0,,2.0,,2.0,,1.0,,1.0,1.0,2.0,,2.0,,2.0,,2.0,,2.0,,2.0,,1.0,,2.0,,1.0,,1.0,24.0,24.0,1.0,24.0,24.0,1.0,24.0,24.0,1.0,24.0,24.0,WHEAT,KULAHRI,,MAIZE,,,VEGETABLE,0.0,28.4,0.0,11.13,62.68,4.68,0.0,0.0,12.98,7.42,5.56,0.0,0,0,0,5.56,KULLU,21.0,kullu_kullu_village_amenities.csv
,HIMACHAL PRADESH,,Kullu,,Kullu,,Dawara (22/34),,Naggar,2009,KULLU,18.0,KULLU,18,KULLU,18.0,YES,139.2,373.0,1553,770.0,783.0,274.0,116.0,158.0,298.0,151.0,147.0,2.0,0.0,1.0,1.0,,,,1.0,1.0,1.0,1.0,,,,2.0,0.0,2.0,0.0,1.0,KATRAIN,,2.0,0.0,2.0,0.0,1.0,KATRAIN,,2.0,0.0,2.0,0.0,1.0,KATRAIN,,2.0,0.0,2.0,0.0,1.0,KULLU,,2.0,0.0,2.0,0.0,1.0,MANDI,,2.0,0.0,2.0,0.0,1.0,SHIMLA,,2.0,0.0,2.0,0.0,1.0,MANDI,,2.0,0.0,2.0,0.0,1.0,SUNDER NAGAR,,2.0,0.0,2.0,0.0,1.0,SHAMSI,,2.0,0.0,2.0,0.0,1.0,KULLU,,2.0,0.0,2.0,0.0,2.0,KULLU,,2.0,0.0,2.0,0.0,N.A.,,0.0,0.0,0.0,0.0,0.0,,0.0,0.0,0.0,0.0,0.0,,0.0,0.0,0.0,0.0,0.0,,0.0,0.0,0.0,0.0,0.0,,0.0,0.0,0.0,0.0,0.0,,0.0,0.0,0.0,0.0,0.0,,0.0,0.0,0.0,0.0,0.0,,0.0,0.0,0.0,0.0,0.0,,0.0,0.0,0.0,0.0,0.0,,0.0,0.0,0.0,0.0,0.0,,0.0,0.0,0.0,0.0,0.0,,0.0,1.0,0.0,1.0,2.0,0.0,1.0,1.0,0.0,1.0,1.0,1.0,2.0,,,2.0,,,2.0,,,2.0,,,2.0,1.0,1.0,1.0,2.0,,,2.0,,,2.0,,,2.0,1.0,2.0,2.0,2.0,1.0,1.0,2.0,2.0,2.0,2.0,2.0,2.0,2.0,1.0,2.0,,1.0,,2.0,,1.0,175129.0,1.0,,1.0,,1.0,,1.0,,2.0,,1.0,,1.0,,2.0,,1.0,,1.0,,1.0,,1.0,,2.0,,2.0,,2.0,,2.0,,1.0,,2.0,,1.0,,2.0,,1.0,,1.0,,2.0,,1.0,,2.0,,1.0,,2.0,a,2.0,,2.0,,2.0,,1.0,,1.0,,2.0,,2.0,,2.0,,2.0,,1.0,,1.0,1.0,2.0,,2.0,,2.0,,2.0,,2.0,,2.0,,1.0,,1.0,,1.0,,1.0,24.0,24.0,1.0,24.0,24.0,1.0,24.0,24.0,1.0,24.0,24.0,WHEAT,DARAT,HUNKEY,MAIZE,,,VEGETABLE,0.0,39.4,0.0,8.03,80.08,2.32,0.0,0.0,9.37,3.33,6.04,0.0,0,0,0,6.04,KULLU,18.0,kullu_kullu_village_amenities.csv
,HIMACHAL PRADESH,,Kullu,,Kullu,,Up Muhal Dachnee,,Naggar,2009,KULLU,21.0,KULLU,21,KULLU,21.0,YES,304.72,23.0,91,42.0,49.0,0.0,0.0,0.0,17.0,8.0,9.0,2.0,0.0,2.0,0.0,2.0,DAWARA,,2.0,0.0,2.0,0.0,1.0,DAWARA,,2.0,0.0,2.0,0.0,1.0,DAWARA,,2.0,0.0,2.0,0.0,1.0,DAWARA,,2.0,0.0,2.0,0.0,1.0,DAWARA,,2.0,0.0,2.0,0.0,1.0,KULLU,,2.0,0.0,2.0,0.0,1.0,MANDI,,2.0,0.0,2.0,0.0,1.0,SHIMLA,,2.0,0.0,2.0,0.0,1.0,MANDI,,2.0,0.0,2.0,0.0,1.0,SUNDER NAGAR,,2.0,0.0,2.0,0.0,1.0,SHAMSI,,2.0,0.0,2.0,0.0,1.0,KULLU,,2.0,0.0,2.0,0.0,2.0,KULLU,,2.0,0.0,2.0,0.0,N.A.,,0.0,0.0,0.0,0.0,0.0,,0.0,0.0,0.0,0.0,0.0,,0.0,0.0,0.0,0.0,0.0,,0.0,0.0,0.0,0.0,0.0,,0.0,0.0,0.0,0.0,0.0,,0.0,0.0,0.0,0.0,0.0,,0.0,0.0,0.0,0.0,0.0,,0.0,0.0,0.0,0.0,0.0,,0.0,0.0,0.0,0.0,0.0,,0.0,0.0,0.0,0.0,0.0,,0.0,0.0,0.0,0.0,0.0,,0.0,0.0,0.0,0.0,0.0,0.0,0.0,0.0,0.0,1.0,1.0,1.0,2.0,,,2.0,,,2.0,,,2.0,,,2.0,2.0,,,2.0,,,2.0,,,2.0,,,2.0,2.0,1.0,2.0,2.0,2.0,1.0,2.0,2.0,2.0,2.0,2.0,2.0,2.0,1.0,2.0,,1.0,,2.0,,1.0,175129.0,2.0,,2.0,,1.0,,2.0,,2.0,,1.0,,1.0,,2.0,,2.0,,2.0,,2.0,,2.0,,2.0,,2.0,,2.0,,2.0,,2.0,,2.0,,2.0,,2.0,,2.0,,1.0,,2.0,,2.0,,2.0,,1.0,,2.0,a,2.0,,2.0,,2.0,,2.0,,2.0,,2.0,,2.0,,2.0,,2.0,,2.0,,1.0,1.0,2.0,,2.0,,2.0,,2.0,,2.0,,2.0,,2.0,,2.0,,2.0,,1.0,24.0,24.0,1.0,24.0,24.0,1.0,24.0,24.0,1.0,24.0,24.0,WHEAT,KUDAL,CAPS,MAIZE,,,VEGETABLE,0.0,7.37,0.0,262.4,23.69,7.07,0.0,0.0,4.19,4.19,0.0,0.0,0,0,0,0.0,KULLU,21.0,kullu_kullu_village_amenities.csv
,HIMACHAL PRADESH,,Kullu,,Kullu,,Meha (22/33),,Naggar,2009,KULLU,23.0,KULLU,23,KULLU,23.0,YES,161.91,73.0,291,155.0,136.0,22.0,10.0,12.0,0.0,0.0,0.0,2.0,0.0,2.0,0.0,2.0,DAWARA,,1.0,1.0,2.0,0.0,,,,1.0,1.0,2.0,0.0,,,,2.0,0.0,2.0,0.0,1.0,KATRAIN,,2.0,0.0,2.0,0.0,1.0,KATRAIN,,2.0,0.0,2.0,0.0,1.0,KULLU,,2.0,0.0,2.0,0.0,1.0,MANDI,,2.0,0.0,2.0,0.0,1.0,SHIMLA,,2.0,0.0,2.0,0.0,1.0,MANDI,,2.0,0.0,2.0,0.0,1.0,SUNDER NAGAR,,2.0,0.0,2.0,0.0,1.0,SHAMSI,,2.0,0.0,2.0,0.0,1.0,KULLU,,2.0,0.0,2.0,0.0,2.0,KULLU,,2.0,0.0,2.0,0.0,N.A.,,0.0,0.0,0.0,0.0,0.0,,0.0,0.0,0.0,0.0,0.0,,0.0,0.0,0.0,0.0,0.0,,0.0,0.0,0.0,0.0,0.0,,0.0,0.0,0.0,0.0,0.0,,0.0,0.0,0.0,0.0,0.0,,0.0,0.0,0.0,0.0,0.0,,0.0,0.0,0.0,0.0,0.0,,0.0,0.0,0.0,0.0,0.0,,0.0,0.0,0.0,0.0,0.0,,0.0,0.0,0.0,0.0,0.0,,0.0,0.0,0.0,0.0,0.0,0.0,0.0,7.0,0.0,1.0,1.0,1.0,2.0,,,2.0,,,2.0,,,2.0,,,2.0,2.0,,,2.0,,,2.0,,,2.0,,,2.0,1.0,2.0,2.0,2.0,1.0,1.0,2.0,2.0,2.0,2.0,2.0,2.0,2.0,1.0,2.0,,2.0,,2.0,,1.0,175129.0,1.0,,2.0,,1.0,,2.0,,2.0,,2.0,,2.0,,2.0,,2.0,,2.0,,2.0,,2.0,,2.0,,2.0,,2.0,,2.0,,2.0,,2.0,,2.0,,2.0,,2.0,,1.0,,2.0,,2.0,,2.0,,1.0,,2.0,b,2.0,,2.0,,2.0,,1.0,,1.0,,2.0,,2.0,,2.0,,1.0,,1.0,,1.0,1.0,2.0,,2.0,,2.0,,2.0,,2.0,,2.0,,2.0,,1.0,,2.0,,1.0,24.0,24.0,1.0,24.0,24.0,1.0,24.0,24.0,1.0,24.0,24.0,WHEAT,,PATTU,MAIZE,,,VEGETABLE,0.0,7.96,0.0,117.29,20.06,3.42,0.0,0.0,13.18,12.89,0.29,0.0,0,0,0,0.29,KULLU,23.0,kullu_kullu_village_amenities.csv
,HIMACHAL PRADESH,,Kullu,,Kullu,,Up Muhal Bhujnu,,Naggar,2009,KULLU,23.0,KULLU,23,KULLU,23.0,YES,175.11,42.0,209,106.0,103.0,20.0,11.0,9.0,38.0,20.0,18.0,2.0,0.0,2.0,0.0,2.0,DAWARA,,1.0,1.0,2.0,0.0,,,,2.0,0.0,2.0,0.0,1.0,KATRAIN,,2.0,0.0,2.0,0.0,1.0,KATRAIN,,2.0,0.0,2.0,0.0,1.0,KATRAIN,,2.0,0.0,2.0,0.0,1.0,KULLU,,2.0,0.0,2.0,0.0,1.0,MANDI,,2.0,0.0,2.0,0.0,1.0,SHIMLA,,2.0,0.0,2.0,0.0,1.0,MANDI,,2.0,0.0,2.0,0.0,1.0,SUNDER NAGAR,,2.0,0.0,2.0,0.0,1.0,SHAMSI,,2.0,0.0,2.0,0.0,1.0,KULLU,,2.0,0.0,2.0,0.0,2.0,KULLU,,2.0,0.0,2.0,0.0,N.A.,,0.0,0.0,0.0,0.0,0.0,,0.0,0.0,0.0,0.0,0.0,,0.0,0.0,0.0,0.0,0.0,,0.0,0.0,0.0,0.0,0.0,,0.0,0.0,0.0,0.0,0.0,,0.0,0.0,0.0,0.0,0.0,,0.0,0.0,0.0,0.0,0.0,,0.0,0.0,0.0,0.0,0.0,,0.0,0.0,0.0,0.0,0.0,,0.0,0.0,0.0,0.0,0.0,,0.0,0.0,0.0,0.0,0.0,,0.0,0.0,0.0,0.0,0.0,0.0,0.0,0.0,0.0,1.0,1.0,1.0,2.0,,,2.0,,,2.0,,,2.0,,,2.0,2.0,,,2.0,,,2.0,,,2.0,,,2.0,1.0,2.0,2.0,2.0,1.0,1.0,2.0,2.0,2.0,2.0,2.0,2.0,2.0,1.0,2.0,,2.0,,2.0,,1.0,175129.0,1.0,,2.0,,1.0,,2.0,,2.0,,2.0,,2.0,,2.0,,2.0,,2.0,,2.0,,2.0,,2.0,,2.0,,2.0,,2.0,,2.0,,2.0,,2.0,,2.0,,2.0,,2.0,,1.0,,1.0,,2.0,,1.0,,2.0,b,2.0,,2.0,,2.0,,2.0,,2.0,,2.0,,2.0,,2.0,,2.0,,1.0,,1.0,1.0,2.0,,2.0,,2.0,,2.0,,2.0,,2.0,,2.0,,2.0,,2.0,,1.0,24.0,24.0,1.0,24.0,24.0,1.0,24.0,24.0,1.0,24.0,24.0,WHEAT,KULAHRI,HUNKEY,MAIZE,,,VEGETABLE,0.0,5.84,0.0,122.84,35.18,2.78,0.0,0.0,8.47,3.41,5.06,0.0,0,0,0,5.06,KULLU,23.0,kullu_kullu_village_amenities.csv
,HIMACHAL PRADESH,,Kullu,,Kullu,,Pichlihar (29/64),,Naggar,2009,KULLU,22.0,KULLU,22,KULLU,22.0,YES,92.43,63.0,306,152.0,154.0,0.0,0.0,0.0,0.0,0.0,0.0,2.0,0.0,2.0,0.0,2.0,DAWARA,,1.0,1.0,2.0,0.0,,,,1.0,1.0,2.0,0.0,,,,2.0,0.0,2.0,0.0,1.0,FOJAL,,2.0,0.0,2.0,0.0,1.0,KATRAIN,,2.0,0.0,2.0,0.0,1.0,KULLU,,2.0,0.0,2.0,0.0,1.0,MANDI,,2.0,0.0,2.0,0.0,1.0,SHIMLA,,2.0,0.0,2.0,0.0,1.0,MANDI,,2.0,0.0,2.0,0.0,1.0,SUNDER NAGAR,,2.0,0.0,2.0,0.0,1.0,SHAMSI,,2.0,0.0,2.0,0.0,1.0,KULLU,,2.0,0.0,2.0,0.0,2.0,KULLU,,2.0,0.0,2.0,0.0,N.A.,,0.0,0.0,0.0,0.0,0.0,,0.0,0.0,0.0,0.0,0.0,,0.0,0.0,0.0,0.0,0.0,,0.0,0.0,0.0,0.0,0.0,,0.0,0.0,0.0,0.0,0.0,,0.0,0.0,0.0,0.0,0.0,,0.0,0.0,0.0,0.0,0.0,,0.0,0.0,0.0,0.0,0.0,,0.0,0.0,0.0,0.0,0.0,,0.0,0.0,0.0,0.0,0.0,,0.0,0.0,0.0,0.0,0.0,,0.0,0.0,0.0,0.0,0.0,0.0,0.0,0.0,0.0,1.0,1.0,1.0,2.0,,,2.0,,,2.0,,,2.0,,,2.0,2.0,,,2.0,,,2.0,,,2.0,,,2.0,1.0,2.0,2.0,2.0,1.0,1.0,2.0,2.0,2.0,2.0,2.0,2.0,2.0,1.0,2.0,,2.0,,2.0,,1.0,175129.0,2.0,,2.0,,1.0,,2.0,,2.0,,2.0,,2.0,,2.0,,2.0,,2.0,,2.0,,2.0,,2.0,,2.0,,2.0,,2.0,,2.0,,2.0,,2.0,,2.0,,2.0,,2.0,,2.0,,2.0,,2.0,,1.0,,2.0,c,2.0,,2.0,,2.0,,2.0,,2.0,,2.0,,2.0,,2.0,,2.0,,1.0,,1.0,1.0,1.0,,2.0,,2.0,,2.0,,2.0,,2.0,,1.0,,1.0,,1.0,,1.0,24.0,24.0,1.0,24.0,24.0,1.0,24.0,24.0,1.0,24.0,24.0,WHEAT,,,MAIZE,,,VEGETABLE,0.0,0.0,3.74,58.15,27.09,0.41,0.0,0.0,3.04,3.04,0.0,0.0,0,0,0,0.0,KULLU,22.0,kullu_kullu_village_amenities.csv
,HIMACHAL PRADESH,,Kullu,,Kullu,,Up Muhal chukdee,,Naggar,2009,KULLU,33.0,KULLU,33,KULLU,33.0,YES,56.37,16.0,85,44.0,41.0,0.0,0.0,0.0,0.0,0.0,0.0,2.0,0.0,2.0,0.0,2.0,DAWARA,,2.0,0.0,2.0,0.0,1.0,PICHLIHAR,,2.0,0.0,2.0,0.0,1.0,PIXHLIHAR,,2.0,0.0,2.0,0.0,1.0,NARI,,2.0,0.0,2.0,0.0,1.0,KATRAIN,,2.0,0.0,2.0,0.0,1.0,KULLU,,2.0,0.0,2.0,0.0,1.0,MANDI,,2.0,0.0,2.0,0.0,1.0,SHIMLA,,2.0,0.0,2.0,0.0,1.0,MANDI,,2.0,0.0,2.0,0.0,1.0,SUNDER NAGAR,,2.0,0.0,2.0,0.0,1.0,SHAMSI,,2.0,0.0,2.0,0.0,1.0,KULLU,,2.0,0.0,2.0,0.0,2.0,KULLU,,2.0,0.0,2.0,0.0,N.A.,,0.0,0.0,0.0,0.0,0.0,,0.0,0.0,0.0,0.0,0.0,,0.0,0.0,0.0,0.0,0.0,,0.0,0.0,0.0,0.0,0.0,,0.0,0.0,0.0,0.0,0.0,,0.0,0.0,0.0,0.0,0.0,,0.0,0.0,0.0,0.0,0.0,,0.0,0.0,0.0,0.0,0.0,,0.0,0.0,0.0,0.0,0.0,,0.0,0.0,0.0,0.0,0.0,,0.0,0.0,0.0,0.0,0.0,,0.0,0.0,0.0,0.0,0.0,0.0,0.0,0.0,0.0,2.0,,,1.0,1.0,1.0,2.0,,,2.0,,,2.0,,,2.0,1.0,1.0,1.0,2.0,,,2.0,,,2.0,,,2.0,1.0,2.0,2.0,2.0,1.0,1.0,2.0,2.0,2.0,2.0,2.0,2.0,2.0,1.0,2.0,,2.0,,2.0,,1.0,175129.0,2.0,,2.0,,2.0,,2.0,,2.0,,2.0,,2.0,,2.0,,2.0,,2.0,,2.0,,2.0,,2.0,,2.0,,2.0,,2.0,,2.0,,2.0,,2.0,,2.0,,2.0,,2.0,,2.0,,2.0,,2.0,,1.0,,2.0,c,2.0,,2.0,,2.0,,2.0,,2.0,,2.0,,2.0,,2.0,,2.0,,2.0,,1.0,1.0,2.0,,2.0,,2.0,,2.0,,2.0,,2.0,,2.0,,2.0,,2.0,,1.0,24.0,24.0,1.0,24.0,24.0,1.0,24.0,24.0,1.0,24.0,24.0,WHEAT,,,MAIZE,,,VEGETABLE,0.0,0.0,3.37,34.76,7.54,0.97,0.0,0.0,9.73,9.73,0.0,0.0,0,0,0,0.0,KULLU,33.0,kullu_kullu_village_amenities.csv
,HIMACHAL PRADESH,,Kullu,,Kullu,,Up Muhal Jalog,,Naggar,2009,KULLU,36.0,KULLU,36,KULLU,36.0,YES,70.44,,0,,,,,,,,,,,,,,,,,,,,,,,,,,,,,,,,,,,,,,,,,,,,,,,,,,,,,,,,,,,,,,,,,,,,,,,,,,,,,,,,,,,,,,,,,,,,,,,,,,,,,,,,,,,,,,,,,,,,,,,,,,,,,,,,,,,,,,,,,,,,,,,,,,,,,,,,,,,,,,,,,,,,,,,,,,,,,,,,,,,,,,,,,,,,,,,,,,,,,,,,,,,,,,,,,,,,,,,,,,,,,,,,,,,,,,,,,,,,,,,,,,,,,,,,,,,,,,,,,,,,,,,,,,,,,,,,,,,,,,,,,,,,,,,,,,,,,,,,,,,,,,,,,,,,,,,,,,,,,,,,,,,,,,,,,,,,,,,,,,,,,,,,,0.0,0.0,2.52,66.92,0.0,0.0,0.0,0.0,1.0,1.0,0.0,0.0,0,0,0,0.0,KULLU,36.0,kullu_kullu_village_amenities.csv
,HIMACHAL PRADESH,,Kullu,,Kullu,,Up Muhal Jigling,,Naggar,2009,KULLU,36.0,KULLU,36,KULLU,36.0,YES,66.94,,0,,,,,,,,,,,,,,,,,,,,,,,,,,,,,,,,,,,,,,,,,,,,,,,,,,,,,,,,,,,,,,,,,,,,,,,,,,,,,,,,,,,,,,,,,,,,,,,,,,,,,,,,,,,,,,,,,,,,,,,,,,,,,,,,,,,,,,,,,,,,,,,,,,,,,,,,,,,,,,,,,,,,,,,,,,,,,,,,,,,,,,,,,,,,,,,,,,,,,,,,,,,,,,,,,,,,,,,,,,,,,,,,,,,,,,,,,,,,,,,,,,,,,,,,,,,,,,,,,,,,,,,,,,,,,,,,,,,,,,,,,,,,,,,,,,,,,,,,,,,,,,,,,,,,,,,,,,,,,,,,,,,,,,,,,,,,,,,,,,,,,,,,,0.0,0.0,2.64,55.4,0.0,0.16,0.0,0.0,8.74,8.74,0.0,0.0,0,0,0,0.0,KULLU,36.0,kullu_kullu_village_amenities.csv
,HIMACHAL PRADESH,,Kullu,,Kullu,,Up Muhal Kabhi,,Naggar,2009,KULLU,35.0,KULLU,35,KULLU,35.0,YES,119.86,37.0,222,121.0,101.0,0.0,0.0,0.0,0.0,0.0,0.0,2.0,0.0,2.0,0.0,2.0,DAWARA,,1.0,1.0,2.0,0.0,,,,2.0,0.0,2.0,0.0,1.0,CHUKDEE,,2.0,0.0,2.0,0.0,1.0,NARI,,2.0,0.0,2.0,0.0,1.0,KATRAIN,,2.0,0.0,2.0,0.0,1.0,KULLU,,2.0,0.0,2.0,0.0,1.0,MANDI,,2.0,0.0,2.0,0.0,1.0,SHIMLA,,2.0,0.0,2.0,0.0,1.0,"M,ANDI",,2.0,0.0,2.0,0.0,1.0,SUNDER NAGAR,,2.0,0.0,2.0,0.0,1.0,SHAMSI,,2.0,0.0,2.0,0.0,1.0,KULLU,,2.0,0.0,2.0,0.0,2.0,KULLU,,2.0,0.0,2.0,0.0,N.A.,,0.0,0.0,0.0,0.0,0.0,,0.0,0.0,0.0,0.0,0.0,,0.0,0.0,0.0,0.0,0.0,,0.0,0.0,0.0,0.0,0.0,,0.0,0.0,0.0,0.0,0.0,,0.0,0.0,0.0,0.0,0.0,,0.0,0.0,0.0,0.0,0.0,,0.0,0.0,0.0,0.0,0.0,,0.0,0.0,0.0,0.0,0.0,,0.0,0.0,0.0,0.0,0.0,,0.0,0.0,0.0,0.0,0.0,,0.0,0.0,0.0,0.0,0.0,0.0,0.0,0.0,0.0,2.0,,,1.0,1.0,1.0,2.0,,,2.0,,,2.0,,,2.0,1.0,1.0,1.0,2.0,,,2.0,,,2.0,,,2.0,1.0,2.0,2.0,2.0,1.0,1.0,2.0,2.0,2.0,2.0,2.0,2.0,2.0,1.0,2.0,,2.0,,2.0,,1.0,175612.0,2.0,,2.0,,1.0,,2.0,,2.0,,2.0,,2.0,,2.0,,2.0,,2.0,,2.0,,2.0,,2.0,,2.0,,2.0,,2.0,,2.0,,2.0,,2.0,,2.0,,2.0,,2.0,,2.0,,2.0,,2.0,,1.0,,2.0,c,2.0,,2.0,,2.0,,2.0,,2.0,,2.0,,2.0,,2.0,,2.0,,1.0,,1.0,1.0,2.0,,2.0,,2.0,,2.0,,2.0,,2.0,,1.0,,2.0,,2.0,,1.0,24.0,24.0,1.0,24.0,24.0,1.0,24.0,24.0,1.0,24.0,24.0,WHEAT,,,MAIZE,,,VEGETABLE,0.0,0.0,4.07,95.67,0.35,1.37,0.0,0.0,18.4,18.4,0.0,0.0,0,0,0,0.0,KULLU,35.0,kullu_kullu_village_amenities.csv
,HIMACHAL PRADESH,,Kullu,,Kullu,,Up Muhal Kaistha,,Naggar,2009,KULLU,34.0,KULLU,34,KULLU,34.0,YES,69.49,18.0,82,45.0,37.0,0.0,0.0,0.0,0.0,0.0,0.0,2.0,0.0,2.0,0.0,2.0,DAWARA,,1.0,1.0,2.0,0.0,,,,2.0,0.0,2.0,0.0,1.0,CHUKHDEE,,2.0,0.0,2.0,0.0,1.0,NARI,,2.0,0.0,2.0,0.0,1.0,KATRAIN,,2.0,0.0,2.0,0.0,1.0,KULLU,,2.0,0.0,2.0,0.0,1.0,MANDI,,2.0,0.0,2.0,0.0,1.0,SHIMLA,,2.0,0.0,2.0,0.0,1.0,MANDI,,2.0,0.0,2.0,0.0,1.0,SUNDER NAGAR,,2.0,0.0,2.0,0.0,1.0,SHAMSI,,2.0,0.0,2.0,0.0,1.0,KULLU,,2.0,0.0,2.0,0.0,2.0,KULLU,,2.0,0.0,2.0,0.0,N.A.,,0.0,0.0,0.0,0.0,0.0,,0.0,0.0,0.0,0.0,0.0,,0.0,0.0,0.0,0.0,0.0,,0.0,0.0,0.0,0.0,0.0,,0.0,0.0,0.0,0.0,0.0,,0.0,0.0,0.0,0.0,0.0,,0.0,0.0,0.0,0.0,0.0,,0.0,0.0,0.0,0.0,0.0,,0.0,0.0,0.0,0.0,0.0,,0.0,0.0,0.0,0.0,0.0,,0.0,0.0,0.0,0.0,0.0,,0.0,0.0,0.0,0.0,0.0,0.0,0.0,0.0,0.0,2.0,,,1.0,1.0,1.0,2.0,,,2.0,,,2.0,,,2.0,1.0,1.0,1.0,2.0,,,2.0,,,2.0,,,2.0,1.0,2.0,2.0,2.0,1.0,1.0,2.0,2.0,2.0,2.0,2.0,2.0,2.0,1.0,2.0,,2.0,,2.0,,1.0,175129.0,2.0,,2.0,,1.0,,2.0,,2.0,,2.0,,2.0,,2.0,,2.0,,2.0,,2.0,,2.0,,2.0,,2.0,,2.0,,2.0,,2.0,,2.0,,2.0,,2.0,,2.0,,2.0,,2.0,,2.0,,2.0,,1.0,,2.0,c,2.0,,2.0,,2.0,,2.0,,2.0,,2.0,,2.0,,2.0,,2.0,,2.0,,1.0,1.0,2.0,,2.0,,2.0,,2.0,,2.0,,2.0,,2.0,,2.0,,2.0,,1.0,24.0,24.0,1.0,24.0,24.0,1.0,24.0,24.0,1.0,24.0,24.0,WHEAT,,,MAIZE,,,VEGETABLE,0.0,0.0,4.77,56.04,0.46,0.05,0.0,0.0,8.17,8.17,0.0,0.0,0,0,0,0.0,KULLU,34.0,kullu_kullu_village_amenities.csv
,HIMACHAL PRADESH,,Kullu,,Kullu,,Up Muhal Galang,,Naggar,2009,KULLU,30.0,KULLU,30,KULLU,30.0,YES,48.14,18.0,83,41.0,42.0,46.0,23.0,23.0,0.0,0.0,0.0,2.0,0.0,2.0,0.0,2.0,DAWARA,,2.0,0.0,2.0,0.0,1.0,NARI,,2.0,0.0,2.0,0.0,1.0,NASI,,2.0,0.0,2.0,0.0,1.0,NARI,,2.0,0.0,2.0,0.0,1.0,KATRAIN,,2.0,0.0,2.0,0.0,1.0,KULLU,,2.0,0.0,2.0,0.0,1.0,MANDI,,2.0,0.0,2.0,0.0,1.0,SHIMLA,,2.0,0.0,2.0,0.0,1.0,MANDI,,2.0,0.0,2.0,0.0,1.0,SUNDER NAGAR,,2.0,0.0,2.0,0.0,1.0,SHAMSI,,2.0,0.0,2.0,0.0,1.0,KULLU,,2.0,0.0,2.0,0.0,2.0,KULLU,,2.0,0.0,2.0,0.0,N.A.,,0.0,0.0,0.0,0.0,0.0,,0.0,0.0,0.0,0.0,0.0,,0.0,0.0,0.0,0.0,0.0,,0.0,0.0,0.0,0.0,0.0,,0.0,0.0,0.0,0.0,0.0,,0.0,0.0,0.0,0.0,0.0,,0.0,0.0,0.0,0.0,0.0,,0.0,0.0,0.0,0.0,0.0,,0.0,0.0,0.0,0.0,0.0,,0.0,0.0,0.0,0.0,0.0,,0.0,0.0,0.0,0.0,0.0,,0.0,0.0,0.0,0.0,0.0,0.0,0.0,0.0,0.0,1.0,1.0,1.0,2.0,,,2.0,,,2.0,,,2.0,,,2.0,1.0,1.0,1.0,2.0,,,2.0,,,2.0,,,2.0,1.0,2.0,2.0,2.0,1.0,1.0,2.0,2.0,2.0,2.0,2.0,2.0,2.0,1.0,2.0,,2.0,,2.0,,1.0,175129.0,2.0,,2.0,,1.0,,2.0,,2.0,,2.0,,2.0,,2.0,,2.0,,2.0,,2.0,,2.0,,2.0,,2.0,,2.0,,2.0,,2.0,,2.0,,2.0,,2.0,,2.0,,2.0,,2.0,,2.0,,2.0,,1.0,,2.0,c,2.0,,2.0,,2.0,,2.0,,2.0,,2.0,,2.0,,2.0,,2.0,,2.0,,1.0,1.0,2.0,,2.0,,2.0,,2.0,,2.0,,2.0,,2.0,,2.0,,2.0,,1.0,24.0,24.0,1.0,24.0,24.0,1.0,24.0,24.0,1.0,24.0,24.0,WHEAT,,,MAIZE,,,VEGETABLE,0.0,0.0,5.47,34.04,7.02,0.27,0.0,0.0,1.34,1.34,0.0,0.0,0,0,0,0.0,KULLU,30.0,kullu_kullu_village_amenities.csv
,HIMACHAL PRADESH,,Kullu,,Kullu,,Up Muhal Nari,,Naggar,2009,KULLU,28.0,KULLU,28,KULLU,28.0,YES,61.43,62.0,325,164.0,161.0,36.0,15.0,21.0,11.0,6.0,5.0,2.0,0.0,2.0,0.0,2.0,DAWARA,,1.0,1.0,2.0,0.0,,,,1.0,1.0,2.0,0.0,,,,1.0,1.0,2.0,0.0,,,,2.0,0.0,2.0,0.0,1.0,KATRAIN,,2.0,0.0,2.0,0.0,1.0,KULLU,,2.0,0.0,2.0,0.0,1.0,MANDI,,2.0,0.0,2.0,0.0,1.0,SHIMLA,,2.0,0.0,2.0,0.0,1.0,MANDI,,2.0,0.0,2.0,0.0,1.0,SUNDER NAGAR,,2.0,0.0,2.0,0.0,1.0,SHAMSI,,2.0,0.0,2.0,0.0,1.0,KULLU,,2.0,0.0,2.0,0.0,2.0,KULLU,,2.0,0.0,2.0,0.0,N.A.,,0.0,0.0,0.0,0.0,0.0,,0.0,0.0,0.0,0.0,0.0,,0.0,0.0,0.0,0.0,0.0,,0.0,0.0,0.0,0.0,0.0,,0.0,0.0,0.0,0.0,0.0,,0.0,0.0,0.0,0.0,0.0,,0.0,0.0,0.0,0.0,0.0,,0.0,0.0,0.0,0.0,0.0,,0.0,0.0,0.0,0.0,0.0,,0.0,0.0,0.0,0.0,0.0,,0.0,0.0,0.0,0.0,0.0,,0.0,0.0,0.0,0.0,0.0,0.0,0.0,0.0,0.0,1.0,1.0,1.0,2.0,,,2.0,,,2.0,,,2.0,,,2.0,1.0,1.0,1.0,2.0,,,2.0,,,2.0,,,2.0,1.0,2.0,2.0,2.0,1.0,1.0,2.0,2.0,2.0,2.0,2.0,2.0,2.0,1.0,2.0,,2.0,,2.0,,1.0,175129.0,1.0,,2.0,,1.0,,2.0,,2.0,,2.0,,2.0,,2.0,,2.0,,2.0,,2.0,,2.0,,2.0,,2.0,,2.0,,2.0,,2.0,,2.0,,2.0,,1.0,,2.0,,1.0,,2.0,,2.0,,2.0,,1.0,,2.0,c,2.0,,2.0,,2.0,,2.0,,2.0,,2.0,,2.0,,2.0,,2.0,,1.0,,1.0,1.0,2.0,,2.0,,2.0,,2.0,,2.0,,2.0,,2.0,,1.0,,2.0,,1.0,24.0,24.0,1.0,24.0,24.0,1.0,24.0,24.0,1.0,24.0,24.0,WHEAT,,,MAIZE,,,,0.0,0.0,5.43,33.29,17.28,2.18,0.0,0.0,3.25,3.25,0.0,0.0,0,0,0,0.0,KULLU,28.0,kullu_kullu_village_amenities.csv
,HIMACHAL PRADESH,,Kullu,,Kullu,,Up Muhal Bagnee,,Naggar,2009,KULLU,28.0,KULLU,28,KULLU,28.0,YES,54.19,43.0,216,105.0,111.0,22.0,9.0,13.0,6.0,4.0,2.0,2.0,0.0,2.0,0.0,2.0,DAWARA,,2.0,0.0,2.0,0.0,1.0,NARI,,2.0,0.0,2.0,0.0,1.0,NARI,,2.0,0.0,2.0,0.0,1.0,NARI,,2.0,0.0,2.0,0.0,1.0,KATRAIN,,2.0,0.0,2.0,0.0,1.0,KULLU,,2.0,0.0,2.0,0.0,1.0,MANDI,,2.0,0.0,2.0,0.0,1.0,SHIMLA,,2.0,0.0,2.0,0.0,1.0,MANDI,,2.0,0.0,2.0,0.0,1.0,SUNDER NAGAR,,2.0,0.0,2.0,0.0,1.0,SHAMSI,,2.0,0.0,2.0,0.0,1.0,KULLU,,2.0,0.0,2.0,0.0,1.0,KULLU,,2.0,0.0,2.0,0.0,N.A.,,0.0,0.0,0.0,0.0,0.0,,0.0,0.0,0.0,0.0,0.0,,0.0,0.0,0.0,0.0,0.0,,0.0,0.0,0.0,0.0,0.0,,0.0,0.0,0.0,0.0,0.0,,0.0,0.0,0.0,0.0,0.0,,0.0,0.0,0.0,0.0,0.0,,0.0,0.0,0.0,0.0,0.0,,0.0,0.0,0.0,0.0,0.0,,0.0,0.0,0.0,0.0,0.0,,0.0,0.0,0.0,0.0,0.0,,0.0,0.0,0.0,0.0,0.0,0.0,0.0,0.0,0.0,1.0,1.0,1.0,2.0,,,2.0,,,2.0,,,2.0,,,2.0,2.0,,,2.0,,,2.0,,,2.0,,,2.0,1.0,2.0,2.0,2.0,1.0,1.0,2.0,2.0,2.0,2.0,2.0,2.0,2.0,1.0,2.0,,2.0,,2.0,,1.0,175129.0,1.0,,2.0,,1.0,,2.0,,2.0,,1.0,,1.0,,2.0,,2.0,,2.0,,2.0,,2.0,,2.0,,2.0,,2.0,,2.0,,2.0,,2.0,,2.0,,2.0,,2.0,,2.0,,2.0,,2.0,,2.0,,1.0,,2.0,c,2.0,,2.0,,2.0,,2.0,,2.0,,2.0,,2.0,,2.0,,2.0,,1.0,,1.0,1.0,2.0,,2.0,,2.0,,2.0,,2.0,,2.0,,2.0,,2.0,,2.0,,1.0,24.0,24.0,1.0,24.0,24.0,1.0,24.0,24.0,1.0,24.0,24.0,MAIZE,,,WHEAT,,,APPLE,0.0,0.0,1.84,22.16,27.36,0.27,0.0,0.0,2.56,2.56,0.0,0.0,0,0,0,0.0,KULLU,28.0,kullu_kullu_village_amenities.csv
,HIMACHAL PRADESH,,Kullu,,Kullu,,Up Muhal Daral,,Naggar,2009,KULLU,27.0,KULLU,27,KULLU,27.0,YES,35.91,17.0,93,45.0,48.0,0.0,0.0,0.0,0.0,0.0,0.0,2.0,0.0,2.0,0.0,2.0,DAWARA,,1.0,1.0,2.0,0.0,,,,2.0,0.0,2.0,0.0,1.0,NARI,,2.0,0.0,2.0,0.0,1.0,NARI,,2.0,0.0,2.0,0.0,1.0,KATRAIN,,2.0,0.0,2.0,0.0,1.0,KULLU,,2.0,0.0,2.0,0.0,1.0,MANDI,,2.0,0.0,2.0,0.0,1.0,SHMLA,,2.0,0.0,2.0,0.0,1.0,MANDI,,2.0,0.0,2.0,0.0,1.0,SUNDER NAGAR,,2.0,0.0,2.0,0.0,1.0,SHAMSI,,2.0,0.0,2.0,0.0,1.0,KULLU,,2.0,0.0,2.0,0.0,2.0,KULLU,,2.0,0.0,2.0,0.0,N.A.,,0.0,0.0,0.0,0.0,0.0,,0.0,0.0,0.0,0.0,0.0,,0.0,0.0,0.0,0.0,0.0,,0.0,0.0,0.0,0.0,0.0,,0.0,0.0,0.0,0.0,0.0,,0.0,0.0,0.0,0.0,0.0,,0.0,0.0,0.0,0.0,0.0,,0.0,0.0,0.0,0.0,0.0,,0.0,0.0,0.0,0.0,0.0,,0.0,0.0,0.0,0.0,0.0,,0.0,0.0,0.0,0.0,0.0,,0.0,0.0,0.0,0.0,0.0,0.0,0.0,0.0,0.0,1.0,1.0,1.0,2.0,,,2.0,,,2.0,,,2.0,,,2.0,1.0,1.0,1.0,2.0,,,2.0,,,2.0,,,2.0,1.0,2.0,2.0,2.0,1.0,1.0,2.0,2.0,2.0,2.0,2.0,2.0,2.0,1.0,2.0,,2.0,,2.0,,1.0,175129.0,1.0,,2.0,,1.0,,2.0,,2.0,,2.0,,2.0,,2.0,,2.0,,2.0,,2.0,,2.0,,2.0,,2.0,,2.0,,2.0,,2.0,,2.0,,2.0,,1.0,,2.0,,1.0,,2.0,,1.0,,2.0,,1.0,,2.0,c,2.0,,2.0,,2.0,,2.0,,1.0,,2.0,,2.0,,2.0,,2.0,,2.0,,1.0,1.0,1.0,,2.0,,2.0,,2.0,,2.0,,2.0,,2.0,,2.0,,2.0,,1.0,24.0,24.0,1.0,24.0,24.0,1.0,24.0,24.0,1.0,24.0,24.0,WHEAT,,,MAIZE,,,APPLE,0.0,0.0,3.36,9.31,16.99,2.23,0.0,0.0,4.02,0.0,4.02,0.0,0,0,0,4.02,KULLU,27.0,kullu_kullu_village_amenities.csv
,HIMACHAL PRADESH,,Kullu,,Kullu,,Up Muhal Damchin,,Naggar,2009,KULLU,28.0,KULLU,28,KULLU,28.0,YES,173.64,37.0,199,101.0,98.0,46.0,23.0,23.0,0.0,0.0,0.0,2.0,0.0,2.0,0.0,2.0,DAWARA,,1.0,1.0,2.0,0.0,,,,2.0,0.0,2.0,0.0,1.0,NARI,,2.0,0.0,2.0,0.0,1.0,NARI,,2.0,0.0,2.0,0.0,1.0,KATRAIN,,2.0,0.0,2.0,0.0,1.0,KULLU,,2.0,0.0,2.0,0.0,1.0,MANDI,,2.0,0.0,2.0,0.0,1.0,SHIMLA,,2.0,0.0,2.0,0.0,1.0,MANDI,,2.0,0.0,2.0,0.0,1.0,SUNDER NAGAR,,2.0,0.0,2.0,0.0,1.0,SHAMSI,,2.0,0.0,2.0,0.0,1.0,KULLU,,2.0,0.0,2.0,0.0,2.0,KULLU,,2.0,0.0,2.0,0.0,N.A.,,0.0,0.0,0.0,0.0,0.0,,0.0,0.0,0.0,0.0,0.0,,0.0,0.0,0.0,0.0,0.0,,0.0,0.0,0.0,0.0,0.0,,0.0,0.0,0.0,0.0,0.0,,0.0,0.0,0.0,0.0,0.0,,0.0,0.0,0.0,0.0,0.0,,0.0,0.0,0.0,0.0,0.0,,0.0,0.0,0.0,0.0,0.0,,0.0,0.0,0.0,0.0,0.0,,0.0,0.0,0.0,0.0,0.0,,0.0,0.0,0.0,0.0,0.0,0.0,0.0,0.0,0.0,1.0,1.0,1.0,2.0,,,2.0,,,2.0,,,2.0,,,2.0,2.0,,,2.0,,,2.0,,,2.0,,,2.0,1.0,2.0,2.0,1.0,2.0,1.0,2.0,2.0,2.0,2.0,2.0,2.0,2.0,1.0,2.0,,2.0,,2.0,,1.0,175129.0,1.0,,2.0,,1.0,,2.0,,2.0,,2.0,,2.0,,2.0,,2.0,,2.0,,2.0,,2.0,,2.0,,2.0,,2.0,,2.0,,2.0,,2.0,,2.0,,2.0,,2.0,,2.0,,2.0,,2.0,,2.0,,1.0,,2.0,c,2.0,,2.0,,2.0,,2.0,,2.0,,2.0,,2.0,,2.0,,2.0,,1.0,,1.0,1.0,2.0,,1.0,,1.0,,2.0,,2.0,,2.0,,2.0,,2.0,,2.0,,1.0,24.0,24.0,1.0,24.0,24.0,1.0,24.0,24.0,1.0,24.0,24.0,WHEAT,,,MAIZE,,,APPLE,0.0,0.0,1.32,154.34,7.14,0.45,0.0,0.0,10.39,7.03,3.36,0.0,0,0,0,3.36,KULLU,28.0,kullu_kullu_village_amenities.csv
,HIMACHAL PRADESH,,Kullu,,Kullu,,Up Muhal Pradee,,Naggar,2009,KULLU,26.0,KULLU,26,KULLU,26.0,YES,95.73,21.0,99,41.0,58.0,0.0,0.0,0.0,5.0,1.0,4.0,2.0,0.0,2.0,0.0,2.0,DAWARA,,2.0,0.0,2.0,0.0,1.0,NARI,,2.0,0.0,2.0,0.0,1.0,NARI,,2.0,0.0,2.0,0.0,1.0,NARI,,2.0,0.0,2.0,0.0,1.0,KATRAIN,,2.0,0.0,2.0,0.0,1.0,KULLU,,2.0,0.0,2.0,0.0,1.0,MANDI,,2.0,0.0,2.0,0.0,1.0,SHIMLA,,2.0,0.0,2.0,0.0,1.0,MANDI,,2.0,0.0,2.0,0.0,1.0,SUNDER NAGAR,,2.0,0.0,2.0,0.0,1.0,SHAMSI,,2.0,0.0,2.0,0.0,1.0,KULLU,,2.0,0.0,2.0,0.0,2.0,KULLU,,2.0,0.0,2.0,0.0,N.A.,,0.0,0.0,0.0,0.0,0.0,,0.0,0.0,0.0,0.0,0.0,,0.0,0.0,0.0,0.0,0.0,,0.0,0.0,0.0,0.0,0.0,,0.0,0.0,0.0,0.0,0.0,,0.0,0.0,0.0,0.0,0.0,,0.0,0.0,0.0,0.0,0.0,,0.0,0.0,0.0,0.0,0.0,,0.0,0.0,0.0,0.0,0.0,,0.0,0.0,0.0,0.0,0.0,,0.0,0.0,0.0,0.0,0.0,,0.0,0.0,0.0,0.0,0.0,0.0,0.0,0.0,0.0,1.0,1.0,1.0,2.0,,,2.0,,,2.0,,,2.0,,,2.0,1.0,1.0,1.0,2.0,,,2.0,,,2.0,,,2.0,1.0,2.0,2.0,2.0,1.0,1.0,2.0,2.0,2.0,2.0,2.0,2.0,2.0,1.0,2.0,,2.0,,2.0,,1.0,175129.0,1.0,,2.0,,1.0,,2.0,,2.0,,1.0,,2.0,,2.0,,2.0,,2.0,,2.0,,2.0,,2.0,,2.0,,2.0,,2.0,,2.0,,2.0,,2.0,,1.0,,2.0,,1.0,,2.0,,1.0,,2.0,,1.0,,2.0,c,2.0,,2.0,,2.0,,2.0,,2.0,,2.0,,2.0,,2.0,,2.0,,2.0,,1.0,1.0,2.0,,2.0,,2.0,,2.0,,2.0,,2.0,,2.0,,2.0,,2.0,,1.0,24.0,24.0,1.0,24.0,24.0,1.0,24.0,24.0,1.0,24.0,24.0,WHEAT,,,MAIZE,,,,0.0,0.0,7.67,61.18,21.59,1.54,0.0,0.0,3.75,0.0,3.75,0.0,0,0,0,3.75,KULLU,26.0,kullu_kullu_village_amenities.csv
,HIMACHAL PRADESH,,Kullu,,Kullu,,Fojal (29/63),,Naggar,2009,KULLU,23.0,KULLU,23,KULLU,23.0,YES,74.47,102.0,492,252.0,240.0,167.0,83.0,84.0,30.0,18.0,12.0,2.0,0.0,2.0,0.0,1.0,KATRAIN,,1.0,1.0,2.0,0.0,,,,1.0,1.0,2.0,0.0,,,,2.0,0.0,2.0,0.0,1.0,KATRAIN,,2.0,0.0,2.0,0.0,1.0,KATRAIN,,2.0,0.0,2.0,0.0,1.0,KULLU,,2.0,0.0,2.0,0.0,1.0,MANDI,,2.0,0.0,2.0,0.0,1.0,SHIMLA,,2.0,0.0,2.0,0.0,1.0,MANDI,,2.0,0.0,2.0,0.0,1.0,SUNDER NAGAR,,2.0,0.0,2.0,0.0,1.0,SHAMSI,,2.0,0.0,2.0,0.0,1.0,KULLU,,2.0,0.0,2.0,0.0,2.0,KULLU,,2.0,0.0,2.0,0.0,N.A.,,0.0,0.0,0.0,0.0,0.0,,0.0,0.0,0.0,0.0,0.0,,0.0,0.0,0.0,0.0,0.0,,0.0,0.0,0.0,0.0,0.0,,0.0,0.0,0.0,0.0,0.0,,0.0,0.0,0.0,0.0,0.0,,0.0,0.0,0.0,0.0,0.0,,0.0,0.0,0.0,0.0,0.0,,1.0,2.0,2.0,3.0,2.0,,0.0,0.0,0.0,0.0,0.0,,0.0,0.0,0.0,0.0,0.0,,0.0,0.0,0.0,0.0,0.0,0.0,1.0,1.0,0.0,1.0,1.0,1.0,2.0,,,2.0,,,2.0,,,2.0,,,2.0,2.0,,,2.0,,,2.0,,,2.0,,,2.0,2.0,1.0,2.0,2.0,2.0,1.0,2.0,2.0,2.0,2.0,2.0,2.0,2.0,1.0,2.0,,1.0,,2.0,,1.0,175129.0,1.0,,1.0,,1.0,,2.0,,2.0,,1.0,,1.0,,2.0,,2.0,,2.0,,2.0,,1.0,,2.0,,2.0,,2.0,,2.0,,2.0,,2.0,,1.0,,1.0,,2.0,,1.0,,1.0,,1.0,,2.0,,1.0,,2.0,b,1.0,,2.0,,2.0,,1.0,,1.0,,2.0,,2.0,,2.0,,2.0,,1.0,,1.0,1.0,2.0,,2.0,,2.0,,2.0,,2.0,,2.0,,2.0,,1.0,,1.0,,1.0,24.0,24.0,1.0,24.0,24.0,1.0,24.0,24.0,1.0,24.0,24.0,MAIZE,,HUNKEY,WHEAT,,,BARLEY,0.0,8.04,0.0,30.66,0.0,0.66,0.0,0.0,35.11,22.66,12.45,0.0,0,0,0,12.45,KULLU,23.0,kullu_kullu_village_amenities.csv
,HIMACHAL PRADESH,,Kullu,,Kullu,,Up Muhal Runga - Ist,,Naggar,2009,KULLU,28.0,KULLU,28,KULLU,28.0,YES,88.58,35.0,180,95.0,85.0,0.0,0.0,0.0,0.0,0.0,0.0,2.0,0.0,2.0,0.0,1.0,FOJAL,,2.0,0.0,2.0,0.0,1.0,FOJAL,,2.0,0.0,2.0,0.0,1.0,FOJAL,,2.0,0.0,2.0,0.0,1.0,KATRAIN,,2.0,0.0,2.0,0.0,1.0,KATRAIN,,2.0,0.0,2.0,0.0,1.0,KULLU,,2.0,0.0,2.0,0.0,1.0,MANDI,,2.0,0.0,2.0,0.0,1.0,SHIMLA,,2.0,0.0,2.0,0.0,1.0,MANDI,,2.0,0.0,2.0,0.0,1.0,SUNDER NAGAR,,2.0,0.0,2.0,0.0,1.0,SHAMSI,,2.0,0.0,2.0,0.0,1.0,KULLU,,2.0,0.0,2.0,0.0,2.0,KULLU,,2.0,0.0,2.0,0.0,N.A.,,0.0,0.0,0.0,0.0,0.0,,0.0,0.0,0.0,0.0,0.0,,0.0,0.0,0.0,0.0,0.0,,0.0,0.0,0.0,0.0,0.0,,0.0,0.0,0.0,0.0,0.0,,0.0,0.0,0.0,0.0,0.0,,0.0,0.0,0.0,0.0,0.0,,0.0,0.0,0.0,0.0,0.0,,0.0,0.0,0.0,0.0,0.0,,0.0,0.0,0.0,0.0,0.0,,0.0,0.0,0.0,0.0,0.0,,0.0,0.0,0.0,0.0,0.0,0.0,0.0,0.0,0.0,1.0,1.0,1.0,2.0,,,2.0,,,2.0,,,2.0,,,2.0,2.0,,,2.0,,,2.0,,,2.0,,,2.0,2.0,1.0,2.0,2.0,2.0,1.0,2.0,2.0,2.0,2.0,2.0,2.0,2.0,1.0,2.0,,1.0,,2.0,,1.0,175129.0,1.0,,1.0,,1.0,,2.0,,2.0,,1.0,,1.0,,2.0,,2.0,,2.0,,2.0,,2.0,,2.0,,2.0,,2.0,,2.0,,2.0,,2.0,,1.0,,1.0,,2.0,,1.0,,1.0,,1.0,,2.0,,1.0,,2.0,c,1.0,,2.0,,2.0,,2.0,,2.0,,2.0,,2.0,,2.0,,2.0,,1.0,,1.0,1.0,2.0,,2.0,,2.0,,2.0,,2.0,,2.0,,2.0,,1.0,,2.0,,1.0,24.0,24.0,1.0,24.0,24.0,1.0,24.0,24.0,1.0,24.0,24.0,MAIZE,,SHAWL,WHEAT,,,PADDY,0.0,2.89,50.4,0.0,3.01,0.0,0.0,0.0,32.28,32.28,0.0,0.0,0,0,0,0.0,KULLU,28.0,kullu_kullu_village_amenities.csv
,HIMACHAL PRADESH,,Kullu,,Kullu,,Up Muhal Runga - II nd,,Naggar,2009,KULLU,28.0,KULLU,28,KULLU,28.0,YES,46.56,7.0,26,16.0,10.0,0.0,0.0,0.0,0.0,0.0,0.0,2.0,0.0,2.0,0.0,1.0,FOJAL,,2.0,0.0,2.0,0.0,1.0,FOJAL,,2.0,0.0,2.0,0.0,1.0,FOJAL,,2.0,0.0,2.0,0.0,1.0,KATRAIN,,2.0,0.0,2.0,0.0,1.0,KATRAIN,,2.0,0.0,2.0,0.0,1.0,KULLU,,2.0,0.0,2.0,0.0,1.0,MANDI,,2.0,0.0,2.0,0.0,1.0,SHIMLA,,2.0,0.0,2.0,0.0,1.0,MANDI,,2.0,0.0,2.0,0.0,1.0,SUNDER NAGAR,,2.0,0.0,2.0,0.0,1.0,SHAMSI,,2.0,0.0,2.0,0.0,1.0,KULLU,,2.0,0.0,2.0,0.0,2.0,KULLU,,2.0,0.0,2.0,0.0,N.A.,,0.0,0.0,0.0,0.0,0.0,,0.0,0.0,0.0,0.0,0.0,,0.0,0.0,0.0,0.0,0.0,,0.0,0.0,0.0,0.0,0.0,,0.0,0.0,0.0,0.0,0.0,,0.0,0.0,0.0,0.0,0.0,,0.0,0.0,0.0,0.0,0.0,,0.0,0.0,0.0,0.0,0.0,,0.0,0.0,0.0,0.0,0.0,,0.0,0.0,0.0,0.0,0.0,,0.0,0.0,0.0,0.0,0.0,,0.0,0.0,0.0,0.0,0.0,0.0,0.0,0.0,0.0,1.0,1.0,1.0,2.0,,,2.0,,,2.0,,,2.0,,,2.0,2.0,,,2.0,,,2.0,,,2.0,,,2.0,2.0,1.0,2.0,2.0,2.0,1.0,2.0,2.0,2.0,2.0,2.0,2.0,2.0,1.0,1.0,,2.0,,2.0,,1.0,175129.0,1.0,,1.0,,1.0,,2.0,,2.0,,1.0,,2.0,,2.0,,2.0,,2.0,,2.0,,2.0,,2.0,,2.0,,2.0,,2.0,,2.0,,2.0,,1.0,,1.0,,2.0,,1.0,,1.0,,1.0,,2.0,,1.0,,2.0,c,1.0,,2.0,,2.0,,2.0,,2.0,,2.0,,2.0,,2.0,,2.0,,1.0,,1.0,1.0,2.0,,2.0,,2.0,,2.0,,2.0,,2.0,,2.0,,2.0,,2.0,,1.0,24.0,24.0,1.0,24.0,24.0,1.0,24.0,24.0,1.0,24.0,24.0,MAIZE,,PATTU,PADDY,,,WHEAT,0.0,3.39,0.0,18.99,0.0,1.05,0.0,0.0,23.13,23.13,0.0,0.0,0,0,0,0.0,KULLU,28.0,kullu_kullu_village_amenities.csv
,HIMACHAL PRADESH,,Kullu,,Kullu,,Up Muhal Dhara,,Naggar,2009,KULLU,28.0,KULLU,28,KULLU,28.0,YES,103.96,86.0,393,200.0,193.0,73.0,39.0,34.0,50.0,24.0,26.0,2.0,0.0,2.0,0.0,1.0,FOJAL,,2.0,0.0,2.0,0.0,1.0,FOJAL,,2.0,0.0,2.0,0.0,1.0,FOJAL,,2.0,0.0,2.0,0.0,1.0,KATRAIN,,2.0,0.0,2.0,0.0,1.0,KATRAIN,,2.0,0.0,2.0,0.0,1.0,KULLU,,2.0,0.0,2.0,0.0,1.0,MANDI,,2.0,0.0,2.0,0.0,1.0,SHIMLA,,2.0,0.0,2.0,0.0,1.0,MANDI,,2.0,0.0,2.0,0.0,1.0,SUNDER NAGAR,,2.0,0.0,2.0,0.0,1.0,SHAMSI,,2.0,0.0,2.0,0.0,1.0,KULLU,,2.0,0.0,2.0,0.0,2.0,KULLU,,2.0,0.0,2.0,0.0,N.A.,,0.0,0.0,0.0,0.0,0.0,,0.0,0.0,0.0,0.0,0.0,,0.0,0.0,0.0,0.0,0.0,,0.0,0.0,0.0,0.0,0.0,,0.0,0.0,0.0,0.0,0.0,,0.0,0.0,0.0,0.0,0.0,,0.0,0.0,0.0,0.0,0.0,,0.0,0.0,0.0,0.0,0.0,,0.0,0.0,0.0,0.0,0.0,,0.0,0.0,0.0,0.0,0.0,,0.0,0.0,0.0,0.0,0.0,,0.0,0.0,0.0,0.0,0.0,0.0,0.0,0.0,0.0,1.0,1.0,1.0,2.0,,,2.0,,,2.0,,,2.0,,,2.0,2.0,,,2.0,,,2.0,,,2.0,,,2.0,2.0,1.0,2.0,2.0,2.0,1.0,2.0,2.0,2.0,2.0,2.0,2.0,2.0,1.0,2.0,,1.0,,2.0,,1.0,175129.0,1.0,,1.0,,1.0,,2.0,,2.0,,1.0,,2.0,,2.0,,2.0,,2.0,,2.0,,2.0,,2.0,,2.0,,2.0,,2.0,,2.0,,2.0,,1.0,,1.0,,2.0,,1.0,,1.0,,1.0,,2.0,,1.0,,2.0,c,1.0,,2.0,,2.0,,2.0,,2.0,,2.0,,2.0,,2.0,,2.0,,2.0,,1.0,1.0,2.0,,2.0,,2.0,,2.0,,2.0,,2.0,,2.0,,1.0,,2.0,,1.0,24.0,24.0,1.0,24.0,24.0,1.0,24.0,24.0,1.0,24.0,24.0,MAIZE,,PATTU,PADDY,,,WHEAT,0.0,4.09,0.0,65.73,0.0,0.82,0.0,0.0,33.32,29.57,3.75,0.0,0,0,0,3.75,KULLU,28.0,kullu_kullu_village_amenities.csv
,HIMACHAL PRADESH,,Kullu,,Kullu,,Up Muhal challogee,,Naggar,2009,KULLU,33.0,KULLU,33,KULLU,33.0,YES,44.83,14.0,77,42.0,35.0,0.0,0.0,0.0,9.0,6.0,3.0,2.0,0.0,2.0,0.0,1.0,FOJAL,,2.0,0.0,2.0,0.0,1.0,FOJAL,,2.0,0.0,2.0,0.0,1.0,FOJAL,,2.0,0.0,2.0,0.0,1.0,KATRAIN,,2.0,0.0,2.0,0.0,1.0,KATRAIN,,2.0,0.0,2.0,0.0,1.0,KULLU,,2.0,0.0,2.0,0.0,1.0,MANDI,,2.0,0.0,2.0,0.0,1.0,SHIMLA,,2.0,0.0,2.0,0.0,1.0,MANDI,,2.0,0.0,2.0,0.0,1.0,SUNDER NAGAR,,2.0,0.0,2.0,0.0,1.0,SHAMSI,,2.0,0.0,2.0,0.0,1.0,KULLU,,2.0,0.0,2.0,0.0,2.0,KULLU,,2.0,0.0,2.0,0.0,N.A.,,0.0,0.0,0.0,0.0,0.0,,0.0,0.0,0.0,0.0,0.0,,0.0,0.0,0.0,0.0,0.0,,0.0,0.0,0.0,0.0,0.0,,0.0,0.0,0.0,0.0,0.0,,0.0,0.0,0.0,0.0,0.0,,0.0,0.0,0.0,0.0,0.0,,0.0,0.0,0.0,0.0,0.0,,0.0,0.0,0.0,0.0,0.0,,0.0,0.0,0.0,0.0,0.0,,0.0,0.0,0.0,0.0,0.0,,0.0,0.0,0.0,0.0,0.0,0.0,0.0,0.0,0.0,1.0,1.0,1.0,2.0,,,2.0,,,2.0,,,2.0,,,2.0,2.0,,,2.0,,,2.0,,,2.0,,,2.0,2.0,1.0,2.0,2.0,2.0,1.0,2.0,2.0,2.0,2.0,2.0,2.0,2.0,1.0,2.0,,1.0,,2.0,,1.0,175129.0,1.0,,1.0,,1.0,,2.0,,2.0,,1.0,,2.0,,2.0,,2.0,,2.0,,2.0,,2.0,,2.0,,2.0,,2.0,,2.0,,2.0,,2.0,,1.0,,1.0,,2.0,,1.0,,1.0,,1.0,,2.0,,1.0,,2.0,c,1.0,,2.0,,2.0,,1.0,,1.0,,2.0,,2.0,,2.0,,2.0,,1.0,,1.0,1.0,2.0,,2.0,,2.0,,2.0,,2.0,,2.0,,1.0,,1.0,,2.0,,1.0,24.0,24.0,1.0,24.0,24.0,1.0,24.0,24.0,1.0,24.0,24.0,MAIZE,,SHAWAL,WHEAT,,,PADDY,2.13,0.0,0.0,41.54,0.0,0.46,0.0,0.0,0.7,0.7,0.0,0.0,0,0,0,0.0,KULLU,33.0,kullu_kullu_village_amenities.csv
,HIMACHAL PRADESH,,Kullu,,Kullu,,Up Muhal Bulang Jhakdi,,Naggar,2009,KULLU,22.0,KULLU,22,KULLU,22.0,YES,44.4,65.0,296,146.0,150.0,25.0,11.0,14.0,64.0,29.0,35.0,2.0,0.0,2.0,0.0,1.0,KATRAIN,,1.0,1.0,2.0,0.0,,,,1.0,1.0,2.0,0.0,,,,2.0,0.0,2.0,0.0,1.0,KATRAIN,,2.0,0.0,2.0,0.0,1.0,KATRAIN,,2.0,0.0,2.0,0.0,1.0,KULLU,,2.0,0.0,2.0,0.0,1.0,MANDI,,2.0,0.0,2.0,0.0,1.0,SHIMLA,,2.0,0.0,2.0,0.0,1.0,MANDI,,2.0,0.0,2.0,0.0,1.0,SUNDER NAGAR,,2.0,0.0,2.0,0.0,1.0,SHAMSI,,2.0,0.0,2.0,0.0,1.0,KULLU,,2.0,0.0,2.0,0.0,2.0,KULLU,,2.0,0.0,2.0,0.0,N.A.,,0.0,0.0,0.0,0.0,0.0,,0.0,0.0,0.0,0.0,0.0,,0.0,0.0,0.0,0.0,0.0,,0.0,0.0,0.0,0.0,0.0,,0.0,0.0,0.0,0.0,0.0,,0.0,0.0,0.0,0.0,0.0,,0.0,0.0,0.0,0.0,0.0,,0.0,0.0,0.0,0.0,0.0,,0.0,0.0,0.0,0.0,0.0,,0.0,0.0,0.0,0.0,0.0,,0.0,0.0,0.0,0.0,0.0,,0.0,0.0,0.0,0.0,0.0,0.0,0.0,0.0,0.0,1.0,1.0,1.0,2.0,,,2.0,,,2.0,,,2.0,,,2.0,2.0,,,2.0,,,2.0,,,2.0,,,2.0,2.0,1.0,2.0,2.0,2.0,1.0,2.0,2.0,2.0,2.0,2.0,2.0,2.0,1.0,1.0,,2.0,,2.0,,1.0,175129.0,1.0,,1.0,,1.0,,2.0,,2.0,,1.0,,2.0,,2.0,,2.0,,2.0,,2.0,,1.0,,2.0,,2.0,,2.0,,2.0,,2.0,,2.0,,1.0,,1.0,,2.0,,1.0,,1.0,,1.0,,2.0,,1.0,,2.0,b,1.0,,2.0,,2.0,,2.0,,2.0,,2.0,,2.0,,2.0,,2.0,,1.0,,1.0,1.0,2.0,,2.0,,2.0,,2.0,,2.0,,2.0,,2.0,,1.0,,2.0,,1.0,24.0,24.0,1.0,24.0,24.0,1.0,24.0,24.0,1.0,24.0,24.0,MAIZE,,PATTU,WHEAT,,,PADDY,0.0,4.64,0.0,18.99,0.0,0.54,0.0,0.0,20.23,14.45,5.78,0.0,0,0,0,5.78,KULLU,22.0,kullu_kullu_village_amenities.csv
,HIMACHAL PRADESH,,Kullu,,Kullu,,Up Muhal Demarcated Reserve Forest fozal Badon,,Naggar,2009,KULLU,35.0,KULLU,35,KULLU,35.0,YES,23.83,,0,,,,,,,,,,,,,,,,,,,,,,,,,,,,,,,,,,,,,,,,,,,,,,,,,,,,,,,,,,,,,,,,,,,,,,,,,,,,,,,,,,,,,,,,,,,,,,,,,,,,,,,,,,,,,,,,,,,,,,,,,,,,,,,,,,,,,,,,,,,,,,,,,,,,,,,,,,,,,,,,,,,,,,,,,,,,,,,,,,,,,,,,,,,,,,,,,,,,,,,,,,,,,,,,,,,,,,,,,,,,,,,,,,,,,,,,,,,,,,,,,,,,,,,,,,,,,,,,,,,,,,,,,,,,,,,,,,,,,,,,,,,,,,,,,,,,,,,,,,,,,,,,,,,,,,,,,,,,,,,,,,,,,,,,,,,,,,,,,,,,,,,,,23.83,0.0,0.0,0.0,0.0,0.0,0.0,0.0,0.0,0.0,0.0,0.0,0,0,0,0.0,KULLU,35.0,kullu_kullu_village_amenities.csv
,HIMACHAL PRADESH,,Kullu,,Kullu,,Mandalgarh (28/62),,Naggar,2009,KULLU,20.0,KULLU,20,KULLU,20.0,YES,97.69,29.0,185,88.0,97.0,0.0,0.0,0.0,0.0,0.0,0.0,2.0,0.0,2.0,0.0,2.0,RAISON,,1.0,1.0,2.0,0.0,,,,2.0,0.0,2.0,0.0,1.0,SHIM,,2.0,0.0,2.0,0.0,1.0,RAISON,,2.0,0.0,2.0,0.0,1.0,RAISON,,2.0,0.0,2.0,0.0,1.0,KULLU,,2.0,0.0,2.0,0.0,1.0,MANDI,,2.0,0.0,2.0,0.0,1.0,SHIMLA,,2.0,0.0,2.0,0.0,1.0,MANDI,,2.0,0.0,2.0,0.0,1.0,SUNDER NAGAR,,2.0,0.0,2.0,0.0,1.0,SHAMSI,,2.0,0.0,2.0,0.0,1.0,KULLU,,2.0,0.0,2.0,0.0,2.0,KULLU,,2.0,0.0,2.0,0.0,N.A.,,0.0,0.0,0.0,0.0,0.0,,0.0,0.0,0.0,0.0,0.0,,0.0,0.0,0.0,0.0,0.0,,0.0,0.0,0.0,0.0,0.0,,0.0,0.0,0.0,0.0,0.0,,0.0,0.0,0.0,0.0,0.0,,0.0,0.0,0.0,0.0,0.0,,0.0,0.0,0.0,0.0,0.0,,0.0,0.0,0.0,0.0,0.0,,0.0,0.0,0.0,0.0,0.0,,0.0,0.0,0.0,0.0,0.0,,0.0,0.0,0.0,0.0,0.0,0.0,0.0,0.0,0.0,1.0,1.0,1.0,2.0,,,2.0,,,2.0,,,2.0,,,2.0,2.0,,,2.0,,,2.0,,,2.0,,,2.0,2.0,1.0,2.0,2.0,2.0,1.0,2.0,2.0,2.0,2.0,2.0,2.0,2.0,1.0,2.0,,1.0,,2.0,,1.0,175129.0,1.0,,2.0,,1.0,,2.0,,2.0,,1.0,,1.0,,2.0,,2.0,,2.0,,2.0,,2.0,,2.0,,2.0,,2.0,,2.0,,2.0,,2.0,,2.0,,2.0,,2.0,,1.0,,2.0,,2.0,,2.0,,1.0,,2.0,c,2.0,,2.0,,2.0,,2.0,,2.0,,2.0,,2.0,,2.0,,2.0,,2.0,,1.0,1.0,2.0,,2.0,,2.0,,2.0,,2.0,,2.0,,2.0,,2.0,,1.0,,1.0,24.0,24.0,1.0,24.0,24.0,1.0,24.0,24.0,1.0,24.0,24.0,MAIZE,BELCHE,HUNKEY,WHEAT,,,VEGETABLE,0.0,6.94,0.0,56.44,30.31,0.0,0.0,0.0,4.0,4.0,0.0,0.0,0,0,0,0.0,KULLU,20.0,kullu_kullu_village_amenities.csv
,HIMACHAL PRADESH,,Kullu,,Kullu,,Up Muhal Himri ,,Naggar,2009,KULLU,29.0,KULLU,29,KULLU,29.0,YES,198.25,56.0,306,164.0,142.0,0.0,0.0,0.0,0.0,0.0,0.0,2.0,0.0,2.0,0.0,2.0,RAISON,,1.0,1.0,2.0,0.0,,,,2.0,0.0,2.0,0.0,1.0,KRAL,,2.0,0.0,2.0,0.0,1.0,SHIRATH,,2.0,0.0,2.0,0.0,1.0,SHIRATH,,2.0,0.0,2.0,0.0,1.0,KULLU,,2.0,0.0,2.0,0.0,1.0,MANDI,,2.0,0.0,2.0,0.0,1.0,SHIMLA,,2.0,0.0,2.0,0.0,1.0,MANDI,,2.0,0.0,2.0,0.0,1.0,SUNDER NAGAR,,2.0,0.0,2.0,0.0,1.0,SHAMSI,,2.0,0.0,2.0,0.0,1.0,KULLU,,2.0,0.0,2.0,0.0,2.0,KULLU,,2.0,0.0,2.0,0.0,N.A.,,0.0,0.0,0.0,0.0,0.0,,0.0,0.0,0.0,0.0,0.0,,0.0,0.0,0.0,0.0,0.0,,0.0,0.0,0.0,0.0,0.0,,0.0,0.0,0.0,0.0,0.0,,0.0,0.0,0.0,0.0,0.0,,0.0,0.0,0.0,0.0,0.0,,0.0,0.0,0.0,0.0,0.0,,0.0,0.0,0.0,0.0,0.0,,0.0,0.0,0.0,0.0,0.0,,0.0,0.0,0.0,0.0,0.0,,0.0,0.0,0.0,0.0,0.0,0.0,0.0,0.0,0.0,1.0,1.0,1.0,2.0,,,2.0,,,2.0,,,2.0,,,2.0,2.0,,,2.0,,,2.0,,,2.0,,,2.0,2.0,1.0,2.0,2.0,2.0,1.0,2.0,2.0,2.0,2.0,2.0,2.0,2.0,1.0,2.0,,1.0,,2.0,,1.0,175128.0,1.0,,2.0,,1.0,,2.0,,2.0,,1.0,,1.0,,2.0,,2.0,,2.0,,2.0,,2.0,,2.0,,2.0,,2.0,,2.0,,2.0,,2.0,,2.0,,2.0,,2.0,,2.0,,2.0,,2.0,,2.0,,1.0,,2.0,c,2.0,,2.0,,2.0,,2.0,,2.0,,2.0,,2.0,,2.0,,2.0,,1.0,,1.0,1.0,2.0,,2.0,,2.0,,2.0,,2.0,,2.0,,2.0,,1.0,,2.0,,1.0,24.0,24.0,1.0,24.0,24.0,1.0,24.0,24.0,1.0,24.0,24.0,WHEAT,KUDAL,HUNKEY,MAIZE,,,VEGETABLES,0.0,15.72,0.0,148.27,30.0,0.0,0.0,0.0,4.26,4.26,0.0,0.0,0,0,0,0.0,KULLU,29.0,kullu_kullu_village_amenities.csv
,HIMACHAL PRADESH,,Kullu,,Kullu,,Up Muhal Parvi,,Naggar,2009,KULLU,25.0,KULLU,25,KULLU,25.0,YES,103.17,26.0,124,63.0,61.0,0.0,0.0,0.0,0.0,0.0,0.0,2.0,0.0,2.0,0.0,2.0,RAISON,,1.0,1.0,2.0,0.0,,,,2.0,0.0,2.0,0.0,1.0,KRAL,,2.0,0.0,2.0,0.0,1.0,RAISON,,2.0,0.0,2.0,0.0,1.0,RAISON,,2.0,0.0,2.0,0.0,1.0,KULLU,,2.0,0.0,2.0,0.0,1.0,MANDI,,2.0,0.0,2.0,0.0,1.0,SHIMLA,,2.0,0.0,2.0,0.0,1.0,MANDI,,2.0,0.0,2.0,0.0,1.0,SUNDER NAGAR,,2.0,0.0,2.0,0.0,1.0,SHAMSI,,2.0,0.0,2.0,0.0,1.0,KULLU,,2.0,0.0,2.0,0.0,2.0,KULLU,,2.0,0.0,2.0,0.0,N.A.,,0.0,0.0,0.0,0.0,0.0,,0.0,0.0,0.0,0.0,0.0,,0.0,0.0,0.0,0.0,0.0,,0.0,0.0,0.0,0.0,0.0,,0.0,0.0,0.0,0.0,0.0,,0.0,0.0,0.0,0.0,0.0,,0.0,0.0,0.0,0.0,0.0,,0.0,0.0,0.0,0.0,0.0,,0.0,0.0,0.0,0.0,0.0,,0.0,0.0,0.0,0.0,0.0,,0.0,0.0,0.0,0.0,0.0,,0.0,0.0,0.0,0.0,0.0,0.0,0.0,0.0,0.0,1.0,1.0,1.0,2.0,,,2.0,,,2.0,,,2.0,,,2.0,2.0,,,2.0,,,2.0,,,2.0,,,2.0,2.0,1.0,2.0,2.0,2.0,1.0,2.0,2.0,2.0,2.0,2.0,2.0,2.0,1.0,2.0,,1.0,,2.0,,1.0,175128.0,1.0,,2.0,,1.0,,2.0,,2.0,,1.0,,1.0,,2.0,,2.0,,2.0,,2.0,,2.0,,2.0,,2.0,,2.0,,2.0,,2.0,,2.0,,2.0,,2.0,,2.0,,1.0,,1.0,,1.0,,2.0,,1.0,,2.0,c,2.0,,2.0,,2.0,,2.0,,2.0,,2.0,,2.0,,2.0,,1.0,,2.0,,1.0,1.0,2.0,,2.0,,2.0,,2.0,,2.0,,2.0,,2.0,,2.0,,2.0,,1.0,24.0,24.0,1.0,24.0,24.0,1.0,24.0,24.0,1.0,24.0,24.0,WHEAT,BELCHE,HUNKEY,MAIZE,,,VEGETABLE,27.0,10.69,0.0,47.6,10.88,0.0,0.0,0.0,7.0,7.0,0.0,0.0,0,0,0,0.0,KULLU,25.0,kullu_kullu_village_amenities.csv
,HIMACHAL PRADESH,,Kullu,,Kullu,,Up Muhal Kral,,Naggar,2009,KULLU,27.0,KULLU,27,KULLU,27.0,YES,149.35,59.0,317,146.0,171.0,28.0,15.0,13.0,0.0,0.0,0.0,2.0,0.0,2.0,0.0,2.0,RAISAON,,1.0,1.0,2.0,0.0,,,,1.0,1.0,2.0,0.0,,,,2.0,0.0,2.0,0.0,1.0,SHIRATH,,2.0,0.0,2.0,0.0,1.0,RAISON,,2.0,0.0,2.0,0.0,1.0,KULLU,,2.0,0.0,2.0,0.0,1.0,MANDI,,2.0,0.0,2.0,0.0,1.0,SHIMLA,,2.0,0.0,2.0,0.0,1.0,MADNI,,2.0,0.0,2.0,0.0,1.0,SUNDER NAGAR,,2.0,0.0,2.0,0.0,1.0,SHAMSI,,2.0,0.0,2.0,0.0,1.0,KULLU,,2.0,0.0,2.0,0.0,2.0,KULLU,,2.0,0.0,2.0,0.0,N.A.,,0.0,0.0,0.0,0.0,0.0,,0.0,0.0,0.0,0.0,0.0,,0.0,0.0,0.0,0.0,0.0,,0.0,0.0,0.0,0.0,0.0,,0.0,0.0,0.0,0.0,0.0,,0.0,0.0,0.0,0.0,0.0,,0.0,0.0,0.0,0.0,0.0,,1.0,1.0,1.0,1.0,1.0,,0.0,0.0,0.0,0.0,0.0,,0.0,0.0,0.0,0.0,0.0,,0.0,0.0,0.0,0.0,0.0,,0.0,0.0,0.0,0.0,0.0,0.0,0.0,0.0,0.0,1.0,1.0,1.0,2.0,,,2.0,,,2.0,,,2.0,,,2.0,2.0,,,2.0,,,2.0,,,2.0,,,2.0,2.0,1.0,2.0,2.0,2.0,1.0,2.0,2.0,2.0,2.0,2.0,2.0,2.0,1.0,2.0,,2.0,,2.0,,1.0,175128.0,1.0,,2.0,,1.0,,2.0,,2.0,,1.0,,1.0,,2.0,,2.0,,1.0,,1.0,,1.0,,2.0,,2.0,,2.0,,2.0,,2.0,,1.0,,2.0,,2.0,,1.0,,1.0,,1.0,,1.0,,2.0,,1.0,,2.0,c,2.0,,2.0,,2.0,,1.0,,1.0,,2.0,,2.0,,2.0,,2.0,,2.0,,1.0,1.0,2.0,,1.0,,2.0,,2.0,,2.0,,2.0,,1.0,,1.0,,2.0,,1.0,24.0,24.0,1.0,24.0,24.0,1.0,24.0,24.0,1.0,24.0,24.0,WHEAT,KUDAL,PATTU,MAIZE,,,VEGETABLE,0.0,25.11,0.0,88.56,30.68,0.0,0.0,0.0,5.0,5.0,0.0,0.0,0,0,0,0.0,KULLU,27.0,kullu_kullu_village_amenities.csv
,HIMACHAL PRADESH,,Kullu,,Kullu,,Up Muhal Grahan,,Naggar,2009,KULLU,22.0,KULLU,22,KULLU,22.0,YES,73.55,18.0,82,42.0,40.0,0.0,0.0,0.0,0.0,0.0,0.0,2.0,0.0,2.0,0.0,2.0,RAISON,,2.0,0.0,2.0,0.0,1.0,KRAL,,2.0,0.0,2.0,0.0,1.0,KRAL,,2.0,0.0,2.0,0.0,1.0,SHIRATH,,2.0,0.0,2.0,0.0,1.0,RAISON,,2.0,0.0,2.0,0.0,1.0,KULLU,,2.0,0.0,2.0,0.0,1.0,MANDI,,2.0,0.0,2.0,0.0,1.0,SHIMLA,,2.0,0.0,2.0,0.0,1.0,MANDI,,2.0,0.0,2.0,0.0,1.0,SUNDER NAGAR,,2.0,0.0,2.0,0.0,1.0,SHAMSI,,2.0,0.0,2.0,0.0,1.0,KULLU,,2.0,0.0,2.0,0.0,2.0,KULLU,,2.0,0.0,2.0,0.0,N.A.,,0.0,0.0,0.0,0.0,0.0,,0.0,0.0,0.0,0.0,0.0,,0.0,0.0,0.0,0.0,0.0,,0.0,0.0,0.0,0.0,0.0,,0.0,0.0,0.0,0.0,0.0,,0.0,0.0,0.0,0.0,0.0,,0.0,0.0,0.0,0.0,0.0,,0.0,0.0,0.0,0.0,0.0,,0.0,0.0,0.0,0.0,0.0,,0.0,0.0,0.0,0.0,0.0,,0.0,0.0,0.0,0.0,0.0,,0.0,0.0,0.0,0.0,0.0,0.0,0.0,0.0,0.0,1.0,1.0,1.0,2.0,,,2.0,,,2.0,,,2.0,,,2.0,2.0,,,2.0,,,2.0,,,2.0,,,2.0,2.0,1.0,2.0,2.0,2.0,1.0,2.0,2.0,2.0,2.0,2.0,2.0,2.0,1.0,2.0,,1.0,,2.0,,1.0,175128.0,1.0,,2.0,,1.0,,2.0,,2.0,,1.0,,1.0,,2.0,,2.0,,2.0,,2.0,,2.0,,2.0,,2.0,,2.0,,2.0,,2.0,,2.0,,2.0,,2.0,,2.0,,2.0,,2.0,,2.0,,2.0,,1.0,,2.0,c,2.0,,2.0,,2.0,,2.0,,2.0,,2.0,,2.0,,2.0,,2.0,,2.0,,1.0,1.0,2.0,,2.0,,2.0,,2.0,,2.0,,2.0,,2.0,,2.0,,2.0,,1.0,24.0,24.0,1.0,24.0,24.0,1.0,24.0,24.0,1.0,24.0,24.0,WHEAT,BELCHE,PATTU,MAIZE,,,VEGETABLE,0.0,1.92,0.0,59.93,8.7,0.0,0.0,0.0,3.0,3.0,0.0,0.0,0,0,0,0.0,KULLU,22.0,kullu_kullu_village_amenities.csv
,HIMACHAL PRADESH,,Kullu,,Kullu,,Up Muhal Galchet,,Naggar,2009,KULLU,23.0,KULLU,23,KULLU,23.0,YES,62.18,34.0,168,85.0,83.0,152.0,76.0,76.0,0.0,0.0,0.0,2.0,0.0,2.0,0.0,2.0,RAISON,,2.0,0.0,2.0,0.0,1.0,SHIRATH,,2.0,0.0,2.0,0.0,1.0,SHIRATH,,2.0,0.0,2.0,0.0,1.0,SHIRATH,,2.0,0.0,2.0,0.0,1.0,RAISON,,2.0,0.0,2.0,0.0,1.0,KULLU,,2.0,0.0,2.0,0.0,1.0,MANDI,,2.0,0.0,2.0,0.0,1.0,SHIMLA,,2.0,0.0,2.0,0.0,1.0,MANDI,,2.0,0.0,2.0,0.0,1.0,SUNDER NAGAR,,2.0,0.0,2.0,0.0,1.0,SHAMSI,,2.0,0.0,2.0,0.0,1.0,KULLU,,2.0,0.0,2.0,0.0,2.0,KULLU,,2.0,0.0,2.0,0.0,N.A.,,0.0,0.0,0.0,0.0,0.0,,0.0,0.0,0.0,0.0,0.0,,0.0,0.0,0.0,0.0,0.0,,0.0,0.0,0.0,0.0,0.0,,0.0,0.0,0.0,0.0,0.0,,0.0,0.0,0.0,0.0,0.0,,0.0,0.0,0.0,0.0,0.0,,0.0,0.0,0.0,0.0,0.0,,0.0,0.0,0.0,0.0,0.0,,0.0,0.0,0.0,0.0,0.0,,0.0,0.0,0.0,0.0,0.0,,0.0,0.0,0.0,0.0,0.0,0.0,0.0,0.0,0.0,1.0,1.0,1.0,2.0,,,2.0,,,2.0,,,2.0,,,2.0,2.0,,,2.0,,,2.0,,,2.0,,,2.0,2.0,1.0,2.0,2.0,2.0,1.0,2.0,2.0,2.0,2.0,2.0,2.0,2.0,1.0,2.0,,2.0,,2.0,,1.0,175128.0,1.0,,2.0,,1.0,,2.0,,2.0,,1.0,,1.0,,2.0,,1.0,,1.0,,1.0,,1.0,,2.0,,2.0,,2.0,,2.0,,2.0,,1.0,,2.0,,2.0,,1.0,,2.0,,2.0,,1.0,,2.0,,1.0,,2.0,b,2.0,,2.0,,2.0,,2.0,,1.0,,2.0,,2.0,,2.0,,2.0,,1.0,,1.0,1.0,2.0,,2.0,,2.0,,2.0,,2.0,,2.0,,2.0,,2.0,,2.0,,1.0,24.0,24.0,1.0,24.0,24.0,1.0,24.0,24.0,1.0,24.0,24.0,WHEAT,BELCHE,CHADAR,MAIZE,,,VEGETABLE,0.0,9.14,0.0,27.7,20.0,0.0,0.0,0.0,5.34,5.34,0.0,0.0,0,0,0,0.0,KULLU,23.0,kullu_kullu_village_amenities.csv
,HIMACHAL PRADESH,,Kullu,,Kullu,,Up Muhal Trisdee,,Naggar,2009,KULLU,23.0,KULLU,23,KULLU,23.0,YES,52.78,61.0,281,141.0,140.0,11.0,6.0,5.0,0.0,0.0,0.0,2.0,0.0,2.0,0.0,2.0,RAISON,,1.0,1.0,2.0,0.0,,,,1.0,1.0,2.0,0.0,,,,2.0,0.0,2.0,0.0,1.0,SHIRATH,,2.0,0.0,2.0,0.0,1.0,RAISOAN,,2.0,0.0,2.0,0.0,1.0,KULLU,,2.0,0.0,2.0,0.0,1.0,MANDI,,2.0,0.0,2.0,0.0,1.0,SHIMLA,,2.0,0.0,2.0,0.0,1.0,MANDI,,2.0,0.0,2.0,0.0,1.0,SUNDER NAGAR,,2.0,0.0,2.0,0.0,1.0,SHAMSI,,2.0,0.0,2.0,0.0,1.0,KULLU,,2.0,0.0,2.0,0.0,2.0,KULLU,,2.0,0.0,2.0,0.0,N.A.,,0.0,0.0,0.0,0.0,0.0,,0.0,0.0,0.0,0.0,0.0,,0.0,0.0,0.0,0.0,0.0,,0.0,0.0,0.0,0.0,0.0,,0.0,0.0,0.0,0.0,0.0,,0.0,0.0,0.0,0.0,0.0,,0.0,0.0,0.0,0.0,0.0,,0.0,0.0,0.0,0.0,0.0,,1.0,1.0,1.0,2.0,1.0,,0.0,0.0,0.0,0.0,0.0,,0.0,0.0,0.0,0.0,0.0,,0.0,0.0,0.0,0.0,0.0,0.0,0.0,0.0,0.0,1.0,1.0,1.0,2.0,,,2.0,,,2.0,,,2.0,,,2.0,2.0,,,2.0,,,2.0,,,2.0,,,2.0,2.0,1.0,2.0,2.0,2.0,1.0,2.0,2.0,2.0,2.0,2.0,2.0,2.0,1.0,2.0,,2.0,,2.0,,1.0,175128.0,1.0,,2.0,,1.0,,2.0,,2.0,,1.0,,1.0,,2.0,,1.0,,1.0,,1.0,,1.0,,2.0,,2.0,,2.0,,2.0,,2.0,,1.0,,2.0,,2.0,,1.0,,2.0,,2.0,,2.0,,2.0,,1.0,,2.0,b,2.0,,2.0,,2.0,,2.0,,2.0,,2.0,,2.0,,2.0,,1.0,,1.0,,1.0,1.0,2.0,,2.0,,2.0,,2.0,,2.0,,2.0,,2.0,,2.0,,2.0,,1.0,24.0,24.0,1.0,24.0,24.0,1.0,24.0,24.0,1.0,24.0,24.0,WHEAT,BELCHA,CHADAR,MAIZE,,,VEGETABLE,0.0,3.25,0.0,31.01,10.52,0.0,0.0,0.0,8.0,8.0,0.0,0.0,0,0,0,0.0,KULLU,23.0,kullu_kullu_village_amenities.csv
,HIMACHAL PRADESH,,Kullu,,Kullu,,Up Muhal Khdihar,,Naggar,2009,KULLU,22.0,KULLU,22,KULLU,22.0,YES,42.0,43.0,248,132.0,116.0,11.0,5.0,6.0,8.0,5.0,3.0,2.0,0.0,2.0,0.0,2.0,RAISON,,1.0,1.0,2.0,0.0,,,,2.0,0.0,2.0,0.0,1.0,SHIM,,2.0,0.0,2.0,0.0,1.0,RAISON,,2.0,0.0,2.0,0.0,1.0,RAISON,,2.0,0.0,2.0,0.0,1.0,KULLU,,2.0,0.0,2.0,0.0,1.0,MANDI,,2.0,0.0,2.0,0.0,1.0,SHIMLA,,2.0,0.0,2.0,0.0,1.0,MANDI,,2.0,0.0,2.0,0.0,1.0,SUNDER NAGAR,,2.0,0.0,2.0,0.0,1.0,SHAMSI,,2.0,0.0,2.0,0.0,1.0,KULLU,,2.0,0.0,2.0,0.0,1.0,KULLU,,2.0,0.0,2.0,0.0,N.A.,,0.0,0.0,0.0,0.0,0.0,,0.0,0.0,0.0,0.0,0.0,,0.0,0.0,0.0,0.0,0.0,,0.0,0.0,0.0,0.0,0.0,,0.0,0.0,0.0,0.0,0.0,,0.0,0.0,0.0,0.0,0.0,,0.0,0.0,0.0,0.0,0.0,,1.0,2.0,2.0,3.0,3.0,,0.0,0.0,0.0,0.0,0.0,,0.0,0.0,0.0,0.0,0.0,,0.0,0.0,0.0,0.0,0.0,,0.0,0.0,0.0,0.0,0.0,0.0,1.0,1.0,0.0,1.0,1.0,1.0,2.0,,,2.0,,,2.0,,,2.0,,,2.0,2.0,,,2.0,,,2.0,,,2.0,,,2.0,2.0,1.0,2.0,2.0,2.0,1.0,2.0,2.0,2.0,2.0,2.0,2.0,2.0,1.0,2.0,,1.0,,2.0,,1.0,175128.0,1.0,,2.0,,1.0,,2.0,,2.0,,1.0,,1.0,,2.0,,2.0,,2.0,,2.0,,2.0,,2.0,,2.0,,2.0,,2.0,,2.0,,2.0,,2.0,,2.0,,2.0,,1.0,,1.0,,1.0,,2.0,,1.0,,2.0,b,2.0,,2.0,,2.0,,2.0,,2.0,,2.0,,2.0,,2.0,,2.0,,1.0,,1.0,1.0,2.0,,2.0,,2.0,,2.0,,2.0,,2.0,,2.0,,2.0,,2.0,,1.0,24.0,24.0,1.0,24.0,24.0,1.0,24.0,24.0,1.0,24.0,24.0,WHEAT,KULAHRI,SHAWL,MAIZE,,,VEGETABLE,0.0,3.33,0.0,8.44,24.23,0.0,0.0,0.0,6.0,6.0,0.0,0.0,0,0,0,0.0,KULLU,22.0,kullu_kullu_village_amenities.csv
,HIMACHAL PRADESH,,Kullu,,Kullu,,Up Muhal salingcha,,Naggar,2009,KULLU,26.0,KULLU,26,KULLU,26.0,YES,84.77,60.0,291,143.0,148.0,62.0,30.0,32.0,5.0,4.0,1.0,2.0,0.0,2.0,0.0,2.0,RAISON,,1.0,1.0,2.0,0.0,,,,2.0,0.0,2.0,0.0,1.0,FOJAL,,2.0,0.0,2.0,0.0,1.0,FOJAL,,2.0,0.0,2.0,0.0,1.0,RAISON,,2.0,0.0,2.0,0.0,1.0,KULLU,,2.0,0.0,2.0,0.0,1.0,MANDI,,2.0,0.0,2.0,0.0,1.0,SHIMLA,,2.0,0.0,2.0,0.0,1.0,MANDI,,2.0,0.0,2.0,0.0,1.0,SUNDER NAGAR,,2.0,0.0,2.0,0.0,1.0,SHAMSI,,2.0,0.0,2.0,0.0,1.0,KULLU,,2.0,0.0,2.0,0.0,2.0,KULLU,,2.0,0.0,2.0,0.0,N.A.,,0.0,0.0,0.0,0.0,0.0,,0.0,0.0,0.0,0.0,0.0,,0.0,0.0,0.0,0.0,0.0,,0.0,0.0,0.0,0.0,0.0,,0.0,0.0,0.0,0.0,0.0,,0.0,0.0,0.0,0.0,0.0,,0.0,0.0,0.0,0.0,0.0,,0.0,0.0,0.0,0.0,0.0,,0.0,0.0,0.0,0.0,0.0,,0.0,0.0,0.0,0.0,0.0,,0.0,0.0,0.0,0.0,0.0,,0.0,0.0,0.0,0.0,0.0,0.0,0.0,0.0,0.0,1.0,1.0,1.0,2.0,,,2.0,,,2.0,,,2.0,,,2.0,1.0,1.0,1.0,2.0,,,2.0,,,2.0,,,2.0,2.0,1.0,2.0,2.0,2.0,1.0,2.0,2.0,2.0,2.0,2.0,2.0,2.0,1.0,2.0,,1.0,,2.0,,1.0,175128.0,1.0,,2.0,,1.0,,2.0,,2.0,,1.0,,1.0,,2.0,,2.0,,2.0,,2.0,,2.0,,2.0,,2.0,,2.0,,2.0,,2.0,,2.0,,2.0,,2.0,,2.0,,1.0,,1.0,,1.0,,2.0,,1.0,,2.0,b,2.0,,2.0,,2.0,,2.0,,2.0,,2.0,,2.0,,2.0,,2.0,,1.0,,1.0,1.0,2.0,,2.0,,2.0,,2.0,,2.0,,2.0,,2.0,,1.0,,2.0,,1.0,24.0,24.0,1.0,24.0,24.0,1.0,24.0,24.0,1.0,24.0,24.0,WHEAT,KUDAL,CHADAR,MAIZE,,,VEGETABLE,0.0,5.21,0.0,23.25,50.0,0.0,0.0,0.0,6.31,6.31,0.0,0.0,0,0,0,0.0,KULLU,26.0,kullu_kullu_village_amenities.csv
,HIMACHAL PRADESH,,Kullu,,Kullu,,Up Muhal Shaldee,,Naggar,2009,KULLU,24.0,KULLU,24,KULLU,24.0,YES,39.0,50.0,249,129.0,120.0,117.0,69.0,48.0,19.0,9.0,10.0,2.0,0.0,2.0,0.0,2.0,RAISON,,1.0,1.0,2.0,0.0,,,,2.0,0.0,2.0,0.0,1.0,FOJAL,,2.0,0.0,2.0,0.0,1.0,FOJAL,,2.0,0.0,2.0,0.0,1.0,FOJAL,,2.0,0.0,2.0,0.0,1.0,KULLU,,2.0,0.0,2.0,0.0,1.0,MANDI,,2.0,0.0,2.0,0.0,1.0,SHIMLA,,2.0,0.0,2.0,0.0,1.0,MANDI,,2.0,0.0,2.0,0.0,1.0,SUNDER NAGAR,,2.0,0.0,2.0,0.0,1.0,SHAMSI,,2.0,0.0,2.0,0.0,1.0,KULLU,,2.0,0.0,2.0,0.0,2.0,KULLU,,2.0,0.0,2.0,0.0,N.A.,,0.0,0.0,0.0,0.0,0.0,,0.0,0.0,0.0,0.0,0.0,,0.0,0.0,0.0,0.0,0.0,,0.0,0.0,0.0,0.0,0.0,,0.0,0.0,0.0,0.0,0.0,,0.0,0.0,0.0,0.0,0.0,,0.0,0.0,0.0,0.0,0.0,,0.0,0.0,0.0,0.0,0.0,,0.0,0.0,0.0,0.0,0.0,,0.0,0.0,0.0,0.0,0.0,,0.0,0.0,0.0,0.0,0.0,,0.0,0.0,0.0,0.0,0.0,0.0,0.0,0.0,0.0,1.0,1.0,1.0,2.0,,,2.0,,,2.0,,,2.0,,,2.0,2.0,,,2.0,,,2.0,,,2.0,,,2.0,2.0,1.0,2.0,2.0,2.0,1.0,2.0,2.0,2.0,2.0,2.0,2.0,2.0,1.0,2.0,,2.0,,2.0,,1.0,175128.0,1.0,,2.0,,1.0,,2.0,,2.0,,2.0,,2.0,,2.0,,2.0,,2.0,,2.0,,2.0,,2.0,,2.0,,2.0,,2.0,,2.0,,2.0,,2.0,,2.0,,2.0,,1.0,,1.0,,1.0,,2.0,,1.0,,2.0,b,2.0,,2.0,,2.0,,2.0,,2.0,,2.0,,2.0,,2.0,,2.0,,2.0,,1.0,1.0,2.0,,2.0,,2.0,,2.0,,2.0,,2.0,,1.0,,2.0,,2.0,,1.0,24.0,24.0,1.0,24.0,24.0,1.0,24.0,24.0,1.0,24.0,24.0,MAIZE,DARAT,CHADAR,WHEAT,,,VEGETABLE,0.0,3.35,0.0,13.0,20.65,0.0,0.0,0.0,2.0,2.0,0.0,0.0,0,0,0,0.0,KULLU,24.0,kullu_kullu_village_amenities.csv
,HIMACHAL PRADESH,,Kullu,,Kullu,,Dobhi (28/61),,Naggar,2009,KULLU,19.0,KULLU,19,KULLU,19.0,YES,74.18,225.0,1033,510.0,523.0,308.0,160.0,148.0,152.0,69.0,83.0,2.0,0.0,2.0,0.0,2.0,KATRAIN,,1.0,1.0,2.0,0.0,,,,2.0,0.0,2.0,0.0,1.0,KATRAIN,,2.0,0.0,2.0,0.0,1.0,KATRAIN,,2.0,0.0,2.0,0.0,1.0,KATRAIN,,2.0,0.0,2.0,0.0,1.0,KULLU,,2.0,0.0,2.0,0.0,1.0,MANDI,,2.0,0.0,2.0,0.0,1.0,SHIMLA,,2.0,0.0,2.0,0.0,1.0,MANDI,,2.0,0.0,2.0,0.0,1.0,SUNDER NAGAR,,2.0,0.0,2.0,0.0,1.0,SHAMSI,,2.0,0.0,2.0,0.0,1.0,KULLU,,2.0,0.0,2.0,0.0,2.0,KULLU,,2.0,0.0,2.0,0.0,N.A.,,0.0,0.0,0.0,0.0,0.0,,0.0,0.0,0.0,0.0,0.0,,0.0,0.0,0.0,0.0,0.0,,0.0,0.0,0.0,0.0,0.0,,0.0,0.0,0.0,0.0,0.0,,0.0,0.0,0.0,0.0,0.0,,0.0,0.0,0.0,0.0,0.0,,0.0,0.0,0.0,0.0,0.0,,0.0,0.0,0.0,0.0,0.0,,0.0,0.0,0.0,0.0,0.0,,0.0,0.0,0.0,0.0,0.0,,0.0,0.0,0.0,0.0,0.0,0.0,2.0,10.0,0.0,1.0,1.0,1.0,2.0,,,2.0,,,2.0,,,1.0,1.0,1.0,2.0,2.0,,,2.0,,,2.0,,,2.0,,,2.0,2.0,1.0,2.0,2.0,2.0,1.0,2.0,2.0,2.0,2.0,2.0,2.0,2.0,1.0,2.0,,2.0,,2.0,,1.0,175129.0,1.0,,2.0,,1.0,,2.0,,2.0,,1.0,,1.0,,2.0,,1.0,,1.0,,1.0,,1.0,,2.0,,2.0,,2.0,,2.0,,1.0,,1.0,,1.0,,1.0,,1.0,,1.0,,1.0,,1.0,,2.0,,1.0,,2.0,a,2.0,,2.0,,1.0,,1.0,,1.0,,2.0,,2.0,,2.0,,2.0,,1.0,,1.0,1.0,2.0,,2.0,,2.0,,2.0,,2.0,,2.0,,1.0,,1.0,,1.0,,1.0,24.0,24.0,1.0,24.0,24.0,1.0,24.0,24.0,1.0,24.0,24.0,MAIZE,KULAHRI,HUNKEY,WHEAT,,,BARLEY,0.0,0.0,14.18,0.0,40.0,0.0,0.0,0.0,20.0,15.0,5.0,0.0,0,0,0,5.0,KULLU,19.0,kullu_kullu_village_amenities.csv
,HIMACHAL PRADESH,,Kullu,,Kullu,,Up Muhal Dohlonallha,,Naggar,2009,KULLU,18.0,KULLU,18,KULLU,18.0,YES,127.36,164.0,789,395.0,394.0,338.0,168.0,170.0,72.0,34.0,38.0,2.0,0.0,2.0,0.0,2.0,KATRAIN,,1.0,1.0,2.0,0.0,,,,2.0,0.0,2.0,0.0,2.0,KATRAIN,,2.0,0.0,2.0,0.0,2.0,KATRAIN,,2.0,0.0,2.0,0.0,2.0,KATRAIN,,2.0,0.0,2.0,0.0,1.0,KULLU,,2.0,0.0,2.0,0.0,1.0,MANDI,,2.0,0.0,2.0,0.0,1.0,SHIMLA,,2.0,0.0,2.0,0.0,1.0,MANDI,,2.0,0.0,2.0,0.0,1.0,SUNDER NAGAR,,2.0,0.0,2.0,0.0,1.0,SHAMSI,,2.0,0.0,2.0,0.0,1.0,KULLU,,2.0,0.0,2.0,0.0,2.0,KULLU,,2.0,0.0,2.0,0.0,N.A.,,0.0,0.0,0.0,0.0,0.0,,0.0,0.0,0.0,0.0,0.0,,0.0,0.0,0.0,0.0,0.0,,0.0,0.0,0.0,0.0,0.0,,0.0,0.0,0.0,0.0,0.0,,0.0,0.0,0.0,0.0,0.0,,0.0,0.0,0.0,0.0,0.0,,0.0,0.0,0.0,0.0,0.0,,1.0,2.0,2.0,1.0,1.0,,0.0,0.0,0.0,0.0,0.0,,0.0,0.0,0.0,0.0,0.0,,0.0,0.0,0.0,0.0,0.0,0.0,0.0,0.0,0.0,1.0,1.0,1.0,2.0,,,2.0,,,2.0,,,1.0,1.0,1.0,2.0,2.0,,,2.0,,,2.0,,,2.0,,,2.0,2.0,1.0,2.0,2.0,2.0,1.0,2.0,2.0,2.0,2.0,2.0,2.0,2.0,1.0,2.0,,2.0,,2.0,,1.0,175129.0,1.0,,2.0,,1.0,,2.0,,2.0,,1.0,,1.0,,2.0,,1.0,,1.0,,1.0,,1.0,,2.0,,2.0,,2.0,,2.0,,1.0,,1.0,,1.0,,1.0,,1.0,,1.0,,1.0,,1.0,,2.0,,1.0,,2.0,a,2.0,,2.0,,2.0,,1.0,,1.0,,2.0,,2.0,,2.0,,2.0,,1.0,,1.0,1.0,2.0,,2.0,,2.0,,2.0,,2.0,,2.0,,1.0,,1.0,,1.0,,1.0,24.0,24.0,1.0,24.0,24.0,1.0,24.0,24.0,1.0,24.0,24.0,MAIZE,BELCHE,HUNKEY,WHEAT,,,VEGETABLE,0.0,0.0,12.36,0.0,75.0,0.0,0.0,0.0,40.0,32.0,8.0,0.0,0,0,0,8.0,KULLU,18.0,kullu_kullu_village_amenities.csv
,HIMACHAL PRADESH,,Kullu,,Kullu,,Up Muhal Mahiliser,,Naggar,2009,KULLU,18.0,KULLU,18,KULLU,18.0,YES,83.94,75.0,266,128.0,138.0,6.0,4.0,2.0,43.0,22.0,21.0,2.0,0.0,2.0,0.0,2.0,KATRAIN,,1.0,1.0,2.0,0.0,,,,2.0,0.0,2.0,0.0,1.0,KATRAIN,,2.0,0.0,2.0,0.0,1.0,KATRAIN,,2.0,0.0,2.0,0.0,1.0,KATRAIN,,2.0,0.0,2.0,0.0,1.0,KULLU,,2.0,0.0,2.0,0.0,1.0,MANDI,,2.0,0.0,2.0,0.0,1.0,SHIMLA,,2.0,0.0,2.0,0.0,1.0,MANDI,,2.0,0.0,2.0,0.0,1.0,SUNDER NAGAR,,2.0,0.0,2.0,0.0,1.0,SHAMSI,,2.0,0.0,2.0,0.0,1.0,KULLU,,2.0,0.0,2.0,0.0,2.0,KULLU,,2.0,0.0,2.0,0.0,N.A.,,0.0,0.0,0.0,0.0,0.0,,0.0,0.0,0.0,0.0,0.0,,0.0,0.0,0.0,0.0,0.0,,0.0,0.0,0.0,0.0,0.0,,0.0,0.0,0.0,0.0,0.0,,0.0,0.0,0.0,0.0,0.0,,0.0,0.0,0.0,0.0,0.0,,0.0,0.0,0.0,0.0,0.0,,0.0,0.0,0.0,0.0,0.0,,0.0,0.0,0.0,0.0,0.0,,0.0,0.0,0.0,0.0,0.0,,0.0,0.0,0.0,0.0,0.0,0.0,0.0,0.0,0.0,1.0,1.0,1.0,2.0,,,2.0,,,2.0,,,1.0,1.0,1.0,2.0,2.0,,,2.0,,,2.0,,,2.0,,,2.0,2.0,1.0,2.0,2.0,2.0,1.0,2.0,2.0,2.0,2.0,2.0,2.0,2.0,1.0,2.0,,2.0,,2.0,,1.0,175129.0,1.0,,2.0,,1.0,,2.0,,2.0,,1.0,,1.0,,2.0,,1.0,,1.0,,1.0,,1.0,,2.0,,2.0,,2.0,,2.0,,1.0,,1.0,,1.0,,1.0,,1.0,,1.0,,1.0,,1.0,,2.0,,1.0,,2.0,a,2.0,,2.0,,2.0,,2.0,,2.0,,2.0,,2.0,,2.0,,2.0,,1.0,,1.0,1.0,2.0,,2.0,,2.0,,2.0,,2.0,,2.0,,1.0,,1.0,,2.0,,1.0,24.0,24.0,1.0,24.0,24.0,1.0,24.0,24.0,1.0,24.0,24.0,MAIZE,KULAHRI,,WHEAT,,,VEGETABLE,0.0,0.0,5.0,0.0,60.0,0.0,0.0,0.0,18.94,10.0,8.94,0.0,0,0,0,8.94,KULLU,18.0,kullu_kullu_village_amenities.csv
,HIMACHAL PRADESH,,Kullu,,Kullu,,Up Muhal Shim,,Naggar,2009,KULLU,18.0,KULLU,18,KULLU,18.0,YES,60.55,119.0,510,261.0,249.0,161.0,87.0,74.0,88.0,43.0,45.0,2.0,0.0,2.0,0.0,2.0,KATRAIN,,1.0,1.0,2.0,0.0,,,,1.0,1.0,2.0,0.0,,,,2.0,0.0,2.0,0.0,1.0,KATRAIN,,2.0,0.0,2.0,0.0,1.0,KATRAIN,,2.0,0.0,2.0,0.0,1.0,KULLU,,2.0,0.0,2.0,0.0,1.0,MANDI,,2.0,0.0,2.0,0.0,1.0,SHIMLA,,2.0,0.0,2.0,0.0,1.0,MANDI,,2.0,0.0,2.0,0.0,1.0,SUNDER NAGAR,,2.0,0.0,2.0,0.0,1.0,SHAMSI,,2.0,0.0,2.0,0.0,1.0,KULLU,,2.0,0.0,2.0,0.0,2.0,KULLU,,2.0,0.0,2.0,0.0,N.A.,,0.0,0.0,0.0,0.0,0.0,,0.0,0.0,0.0,0.0,0.0,,0.0,0.0,0.0,0.0,0.0,,0.0,0.0,0.0,0.0,0.0,,0.0,0.0,0.0,0.0,0.0,,0.0,0.0,0.0,0.0,0.0,,0.0,0.0,0.0,0.0,0.0,,0.0,0.0,0.0,0.0,0.0,,0.0,0.0,0.0,0.0,0.0,,0.0,0.0,0.0,0.0,0.0,,0.0,0.0,0.0,0.0,0.0,,0.0,0.0,0.0,0.0,0.0,0.0,0.0,0.0,0.0,1.0,1.0,1.0,2.0,,,2.0,,,2.0,,,1.0,1.0,1.0,2.0,2.0,,,2.0,,,2.0,,,2.0,,,2.0,1.0,2.0,2.0,2.0,1.0,1.0,2.0,2.0,2.0,2.0,2.0,2.0,2.0,1.0,2.0,,2.0,,2.0,,1.0,175129.0,1.0,,2.0,,1.0,,2.0,,2.0,,1.0,,1.0,,2.0,,1.0,,1.0,,1.0,,1.0,,2.0,,2.0,,2.0,,2.0,,1.0,,1.0,,1.0,,1.0,,1.0,,1.0,,1.0,,1.0,,2.0,,1.0,,2.0,a,2.0,,2.0,,2.0,,1.0,,2.0,,2.0,,2.0,,2.0,,2.0,,1.0,,1.0,1.0,2.0,,2.0,,2.0,,2.0,,2.0,,2.0,,1.0,,1.0,,2.0,,1.0,24.0,24.0,1.0,24.0,24.0,1.0,24.0,24.0,1.0,24.0,24.0,MAIZE,KULAHRI,HUNKEY,WHEAT,,,VEGETABLE,0.0,0.0,10.0,0.0,30.0,0.0,0.0,0.0,20.55,12.55,8.0,0.0,0,0,0,8.0,KULLU,18.0,kullu_kullu_village_amenities.csv
,HIMACHAL PRADESH,,Kullu,,Kullu,,Shirar (27/59),,Naggar,2009,KULLU,16.0,KULLU,16,KULLU,16.0,YES,44.37,82.0,366,186.0,180.0,115.0,53.0,62.0,37.0,24.0,13.0,2.0,0.0,2.0,0.0,2.0,RASAIN,,1.0,1.0,2.0,0.0,,,,1.0,1.0,2.0,0.0,,,,2.0,0.0,2.0,0.0,1.0,KATRAIN,,2.0,0.0,2.0,0.0,1.0,JATRAIN,,2.0,0.0,2.0,0.0,1.0,KULLU,,2.0,0.0,2.0,0.0,1.0,MANDI,,2.0,0.0,2.0,0.0,1.0,SHIMLA,,2.0,0.0,2.0,0.0,1.0,MANDI,,2.0,0.0,2.0,0.0,1.0,SUNDER NAGAR,,2.0,0.0,2.0,0.0,1.0,SHAMSI,,2.0,0.0,2.0,0.0,1.0,KULLU,,2.0,0.0,2.0,0.0,2.0,KULLU,,2.0,0.0,2.0,0.0,N.A.,,0.0,0.0,0.0,0.0,0.0,,0.0,0.0,0.0,0.0,0.0,,0.0,0.0,0.0,0.0,0.0,,0.0,0.0,0.0,0.0,0.0,,0.0,0.0,0.0,0.0,0.0,,0.0,0.0,0.0,0.0,0.0,,0.0,0.0,0.0,0.0,0.0,,0.0,0.0,0.0,0.0,0.0,,0.0,0.0,0.0,0.0,0.0,,0.0,0.0,0.0,0.0,0.0,,0.0,0.0,0.0,0.0,0.0,,0.0,0.0,0.0,0.0,0.0,0.0,0.0,0.0,0.0,1.0,1.0,1.0,2.0,,,2.0,,,2.0,,,1.0,1.0,1.0,2.0,2.0,,,2.0,,,2.0,,,2.0,,,2.0,2.0,1.0,2.0,2.0,2.0,1.0,2.0,2.0,2.0,2.0,2.0,2.0,2.0,1.0,2.0,,2.0,,2.0,,1.0,175128.0,1.0,,2.0,,1.0,,2.0,,2.0,,1.0,,1.0,,2.0,,1.0,,1.0,,1.0,,1.0,,2.0,,2.0,,2.0,,2.0,,2.0,,2.0,,2.0,,1.0,,1.0,,1.0,,1.0,,1.0,,2.0,,1.0,,2.0,a,2.0,,2.0,,2.0,,1.0,,1.0,,2.0,,2.0,,2.0,,2.0,,1.0,,1.0,1.0,2.0,,2.0,,2.0,,2.0,,2.0,,2.0,,1.0,,1.0,,1.0,,1.0,24.0,24.0,1.0,24.0,24.0,1.0,24.0,24.0,1.0,24.0,24.0,MAIZE,KUDAL,CAPS,WHEAT,,,VEGETABLE,0.04,0.0,0.33,0.0,6.85,0.0,0.0,0.0,37.15,4.01,33.14,0.0,0,0,0,33.14,KULLU,16.0,kullu_kullu_village_amenities.csv
,HIMACHAL PRADESH,,Kullu,,Kullu,,Up Muhal Shirar - Ist,,Naggar,2009,KULLU,16.0,KULLU,16,KULLU,16.0,YES,53.37,49.0,200,89.0,111.0,41.0,20.0,21.0,3.0,0.0,3.0,2.0,0.0,2.0,0.0,2.0,RAISON,,1.0,1.0,2.0,0.0,,,,1.0,1.0,2.0,0.0,,,,2.0,0.0,2.0,0.0,1.0,KATRAIN,,2.0,0.0,2.0,0.0,1.0,KATRAIN,,2.0,0.0,2.0,0.0,1.0,KULLU,,2.0,0.0,2.0,0.0,1.0,MANDI,,2.0,0.0,2.0,0.0,1.0,SHIMLA,,2.0,0.0,2.0,0.0,1.0,MANDI,,2.0,0.0,2.0,0.0,1.0,SUNDER NAGAR,,2.0,0.0,2.0,0.0,1.0,SHAMSI,,2.0,0.0,2.0,0.0,1.0,KULLU,,2.0,0.0,2.0,0.0,2.0,KULLU,,2.0,0.0,2.0,0.0,N.A.,,0.0,0.0,0.0,0.0,0.0,,0.0,0.0,0.0,0.0,0.0,,0.0,0.0,0.0,0.0,0.0,,0.0,0.0,0.0,0.0,0.0,,0.0,0.0,0.0,0.0,0.0,,0.0,0.0,0.0,0.0,0.0,,0.0,0.0,0.0,0.0,0.0,,0.0,0.0,0.0,0.0,0.0,,0.0,0.0,0.0,0.0,0.0,,0.0,0.0,0.0,0.0,0.0,,0.0,0.0,0.0,0.0,0.0,,0.0,0.0,0.0,0.0,0.0,0.0,0.0,0.0,0.0,1.0,1.0,1.0,2.0,,,2.0,,,2.0,,,1.0,1.0,1.0,2.0,2.0,,,2.0,,,2.0,,,2.0,,,2.0,1.0,2.0,2.0,2.0,1.0,1.0,2.0,2.0,2.0,2.0,2.0,2.0,2.0,1.0,2.0,,1.0,,2.0,,1.0,175128.0,1.0,,2.0,,1.0,,2.0,,2.0,,1.0,,1.0,,2.0,,1.0,,1.0,,1.0,,1.0,,2.0,,2.0,,2.0,,2.0,,2.0,,2.0,,2.0,,1.0,,1.0,,1.0,,1.0,,1.0,,2.0,,1.0,,2.0,a,2.0,,2.0,,2.0,,2.0,,1.0,,2.0,,2.0,,2.0,,2.0,,1.0,,1.0,1.0,2.0,,1.0,,2.0,,2.0,,2.0,,2.0,,1.0,,1.0,,2.0,,1.0,24.0,24.0,1.0,24.0,24.0,1.0,24.0,24.0,1.0,24.0,24.0,MAIZE,DARAT,CAPS,WHEAT,,,RAJMAH,0.0,5.0,5.0,3.0,30.0,0.0,0.0,0.0,10.37,8.37,2.0,0.0,0,0,0,2.0,KULLU,16.0,kullu_kullu_village_amenities.csv
,HIMACHAL PRADESH,,Kullu,,Kullu,,Up Muhal Shirar - II nd,,Naggar,2009,KULLU,16.0,KULLU,16,KULLU,16.0,YES,51.43,76.0,338,179.0,159.0,117.0,59.0,58.0,36.0,15.0,21.0,2.0,0.0,2.0,0.0,2.0,RAISON,,2.0,0.0,2.0,0.0,1.0,SHIRA,,2.0,0.0,2.0,0.0,1.0,SHIRAR,,2.0,0.0,2.0,0.0,1.0,KATRAIN,,2.0,0.0,2.0,0.0,1.0,KATRAIN,,2.0,0.0,2.0,0.0,1.0,KULLU,,2.0,0.0,2.0,0.0,1.0,MANDI,,2.0,0.0,2.0,0.0,1.0,SHIMLA,,2.0,0.0,2.0,0.0,1.0,MANDI,,2.0,0.0,2.0,0.0,1.0,SUNDER NAGAR,,2.0,0.0,2.0,0.0,1.0,SHAMSI,,2.0,0.0,2.0,0.0,1.0,KULLU,,2.0,0.0,2.0,0.0,2.0,KULLU,,2.0,0.0,2.0,0.0,N.A.,,0.0,0.0,0.0,0.0,0.0,,0.0,0.0,0.0,0.0,0.0,,0.0,0.0,0.0,0.0,0.0,,0.0,0.0,0.0,0.0,0.0,,0.0,0.0,0.0,0.0,0.0,,0.0,0.0,0.0,0.0,0.0,,0.0,0.0,0.0,0.0,0.0,,0.0,0.0,0.0,0.0,0.0,,0.0,0.0,0.0,0.0,0.0,,0.0,0.0,0.0,0.0,0.0,,0.0,0.0,0.0,0.0,0.0,,0.0,0.0,0.0,0.0,0.0,0.0,0.0,0.0,0.0,1.0,1.0,1.0,2.0,,,2.0,,,2.0,,,1.0,1.0,1.0,2.0,2.0,,,2.0,,,2.0,,,2.0,,,2.0,1.0,2.0,2.0,2.0,1.0,1.0,2.0,2.0,2.0,2.0,2.0,2.0,2.0,1.0,2.0,,2.0,,2.0,,1.0,175128.0,1.0,,2.0,,1.0,,2.0,,2.0,,1.0,,1.0,,2.0,,2.0,,1.0,,1.0,,2.0,,2.0,,2.0,,2.0,,2.0,,1.0,,2.0,,2.0,,1.0,,1.0,,1.0,,1.0,,1.0,,2.0,,1.0,,2.0,b,2.0,,2.0,,2.0,,2.0,,2.0,,2.0,,2.0,,2.0,,2.0,,2.0,,1.0,1.0,2.0,,2.0,,2.0,,2.0,,2.0,,2.0,,2.0,,2.0,,2.0,,1.0,24.0,24.0,1.0,24.0,24.0,1.0,24.0,24.0,1.0,24.0,24.0,MAIZE,DARAT,HUNKEY,WHEAT,,,VEGETABLE,0.0,0.0,7.43,0.0,38.0,0.0,0.0,0.0,6.0,4.0,2.0,0.0,0,0,0,2.0,KULLU,16.0,kullu_kullu_village_amenities.csv
,HIMACHAL PRADESH,,Kullu,,Kullu,,Benchi (27/58),,Naggar,2009,KULLU,11.0,KULLU,11,KULLU,11.0,YES,122.82,330.0,1495,738.0,757.0,957.0,466.0,491.0,230.0,107.0,123.0,2.0,0.0,2.0,0.0,2.0,RAISON,,1.0,2.0,2.0,0.0,,,,1.0,1.0,2.0,0.0,,,,2.0,0.0,2.0,0.0,1.0,RAISON,,2.0,0.0,2.0,0.0,1.0,PANGAN,,2.0,0.0,2.0,0.0,1.0,KULLU,,2.0,0.0,2.0,0.0,1.0,MANDI,,2.0,0.0,2.0,0.0,1.0,SHIMLA,,2.0,0.0,2.0,0.0,1.0,MANDI,,2.0,0.0,2.0,0.0,1.0,SUNDER NAGAR,,2.0,0.0,2.0,0.0,1.0,SHAMSI,,2.0,0.0,2.0,0.0,1.0,KULLU,,2.0,0.0,2.0,0.0,2.0,KULLU,,2.0,0.0,2.0,0.0,N.A.,,0.0,0.0,0.0,0.0,0.0,,0.0,0.0,0.0,0.0,0.0,,0.0,0.0,0.0,0.0,0.0,,0.0,0.0,0.0,0.0,0.0,,0.0,0.0,0.0,0.0,0.0,,0.0,0.0,0.0,0.0,0.0,,0.0,0.0,0.0,0.0,0.0,,0.0,0.0,0.0,0.0,0.0,,0.0,0.0,0.0,0.0,0.0,,0.0,0.0,0.0,0.0,0.0,,0.0,0.0,0.0,0.0,0.0,,0.0,0.0,0.0,0.0,0.0,0.0,0.0,0.0,0.0,1.0,1.0,1.0,2.0,,,2.0,,,2.0,,,2.0,,,2.0,2.0,,,2.0,,,2.0,,,2.0,,,2.0,1.0,2.0,2.0,2.0,1.0,1.0,1.0,1.0,2.0,2.0,2.0,2.0,2.0,1.0,2.0,,2.0,,2.0,,1.0,175128.0,2.0,,2.0,,1.0,,2.0,,2.0,,1.0,,1.0,,2.0,,2.0,,2.0,,2.0,,2.0,,2.0,,2.0,,2.0,,2.0,,2.0,,2.0,,2.0,,1.0,,1.0,,1.0,,1.0,,1.0,,2.0,,1.0,,2.0,b,1.0,,2.0,,1.0,,2.0,,1.0,,2.0,,2.0,,2.0,,2.0,,1.0,,1.0,1.0,2.0,,2.0,,2.0,,2.0,,2.0,,2.0,,1.0,,1.0,,1.0,,1.0,24.0,24.0,1.0,24.0,24.0,1.0,24.0,24.0,1.0,24.0,24.0,MAIZE,KUDAL,SHAWL,WHEAT,,,VEGETABLE,0.0,0.0,9.26,52.42,0.0,0.53,0.0,0.0,60.61,56.69,3.92,0.0,0,0,0,3.92,KULLU,11.0,kullu_kullu_village_amenities.csv
,HIMACHAL PRADESH,,Kullu,,Kullu,,Up Muhal Pangan,,Naggar,2009,KULLU,16.0,KULLU,16,KULLU,16.0,YES,83.99,132.0,586,296.0,290.0,93.0,44.0,49.0,283.0,143.0,140.0,2.0,0.0,2.0,0.0,2.0,RAISON,,1.0,1.0,2.0,0.0,,,,1.0,1.0,2.0,0.0,,,,1.0,1.0,2.0,0.0,,,,1.0,1.0,2.0,0.0,,,,2.0,0.0,2.0,0.0,1.0,KULLU,,2.0,0.0,2.0,0.0,1.0,MANDI,,2.0,0.0,2.0,0.0,1.0,SHIMLA,,2.0,0.0,2.0,0.0,1.0,MANDI,,2.0,0.0,2.0,0.0,1.0,SUNDER NAGAR,,2.0,0.0,2.0,0.0,1.0,SHAMSI,,2.0,0.0,2.0,0.0,1.0,KULLU,,2.0,0.0,2.0,0.0,2.0,KULLU,,2.0,0.0,2.0,0.0,N.A.,,0.0,0.0,0.0,0.0,0.0,,0.0,0.0,0.0,0.0,0.0,,0.0,0.0,0.0,0.0,0.0,,0.0,0.0,0.0,0.0,0.0,,0.0,0.0,0.0,0.0,0.0,,0.0,0.0,0.0,0.0,0.0,,0.0,0.0,0.0,0.0,0.0,,0.0,0.0,0.0,0.0,0.0,,0.0,0.0,0.0,0.0,0.0,,0.0,0.0,0.0,0.0,0.0,,0.0,0.0,0.0,0.0,0.0,,0.0,0.0,0.0,0.0,0.0,0.0,0.0,0.0,0.0,1.0,1.0,1.0,2.0,,,2.0,,,2.0,,,1.0,1.0,1.0,2.0,2.0,,,2.0,,,2.0,,,2.0,,,2.0,1.0,2.0,2.0,2.0,1.0,1.0,1.0,1.0,2.0,2.0,2.0,2.0,2.0,1.0,2.0,,2.0,,2.0,,1.0,175128.0,1.0,,2.0,,1.0,,2.0,,2.0,,1.0,,1.0,,2.0,,1.0,,1.0,,1.0,,1.0,,2.0,,2.0,,2.0,,2.0,,1.0,,2.0,,2.0,,1.0,,1.0,,1.0,,1.0,,1.0,,2.0,,1.0,,2.0,b,1.0,,1.0,,1.0,,1.0,,1.0,,2.0,,2.0,,2.0,,2.0,,1.0,,1.0,1.0,2.0,,2.0,,2.0,,2.0,,2.0,,2.0,,1.0,,2.0,,2.0,,1.0,24.0,24.0,1.0,24.0,24.0,1.0,24.0,24.0,1.0,24.0,24.0,MAIZE,KUDAL,HUNKEY,WHEAT,,,VEGETABLE,0.0,0.0,12.29,26.78,0.0,5.68,0.0,0.0,39.24,29.0,10.24,0.0,0,0,0,10.24,KULLU,16.0,kullu_kullu_village_amenities.csv
,HIMACHAL PRADESH,,Kullu,,Kullu,,Up Muhal Chattanseri,,Naggar,2009,KULLU,17.0,KULLU,17,KULLU,18.0,YES,70.55,97.0,400,209.0,191.0,84.0,42.0,42.0,106.0,53.0,53.0,2.0,0.0,2.0,0.0,2.0,RAISON,,1.0,1.0,2.0,0.0,,,,2.0,0.0,2.0,0.0,1.0,PANGAN,,2.0,0.0,2.0,0.0,1.0,PANGAN,,2.0,0.0,2.0,0.0,1.0,PANGAN,,2.0,0.0,2.0,0.0,1.0,KULLU,,2.0,0.0,2.0,0.0,1.0,MANDI,,2.0,0.0,2.0,0.0,1.0,SHIMLA,,2.0,0.0,2.0,0.0,1.0,MANDI,,2.0,0.0,2.0,0.0,1.0,SUNDER NAGAR,,2.0,0.0,2.0,0.0,1.0,SHAMSI,,2.0,0.0,2.0,0.0,1.0,KULLU,,2.0,0.0,2.0,0.0,2.0,KULLU,,2.0,0.0,2.0,0.0,N.A.,,0.0,0.0,0.0,0.0,0.0,,0.0,0.0,0.0,0.0,0.0,,0.0,0.0,0.0,0.0,0.0,,0.0,0.0,0.0,0.0,0.0,,0.0,0.0,0.0,0.0,0.0,,0.0,0.0,0.0,0.0,0.0,,0.0,0.0,0.0,0.0,0.0,,0.0,0.0,0.0,0.0,0.0,,0.0,0.0,0.0,0.0,0.0,,0.0,0.0,0.0,0.0,0.0,,0.0,0.0,0.0,0.0,0.0,,0.0,0.0,0.0,0.0,0.0,0.0,0.0,0.0,0.0,1.0,1.0,1.0,2.0,,,2.0,,,2.0,,,1.0,1.0,1.0,2.0,2.0,,,2.0,,,2.0,,,2.0,,,2.0,2.0,1.0,2.0,2.0,2.0,1.0,1.0,2.0,2.0,2.0,2.0,2.0,2.0,1.0,2.0,,2.0,,2.0,,1.0,175128.0,1.0,,2.0,,1.0,,2.0,,2.0,,1.0,,1.0,,2.0,,1.0,,1.0,,1.0,,1.0,,2.0,,2.0,,2.0,,2.0,,1.0,,2.0,,1.0,,2.0,,1.0,,1.0,,1.0,,1.0,,2.0,,1.0,,2.0,b,1.0,,2.0,,2.0,,2.0,,1.0,,2.0,,2.0,,2.0,,2.0,,1.0,,1.0,1.0,2.0,,1.0,,2.0,,2.0,,2.0,,2.0,,2.0,,1.0,,2.0,,1.0,24.0,24.0,1.0,24.0,24.0,1.0,24.0,24.0,1.0,24.0,24.0,MAIZE,BELCHE,HUNKEY,WHEAT,,,VEGETABLE,0.0,12.72,0.0,8.42,0.0,3.62,0.0,0.0,45.79,35.83,9.96,0.0,0,0,0,9.96,KULLU,18.0,kullu_kullu_village_amenities.csv
,HIMACHAL PRADESH,,Kullu,,Kullu,,Up Muhal Raison,,Naggar,2009,KULLU,17.0,KULLU,17,KULLU,17.0,YES,120.66,249.0,1061,563.0,498.0,334.0,177.0,157.0,106.0,56.0,50.0,2.0,0.0,1.0,1.0,,,,1.0,1.0,2.0,0.0,,,,2.0,0.0,2.0,0.0,1.0,PANGAN,,2.0,0.0,2.0,0.0,1.0,PANGAN,,2.0,0.0,2.0,0.0,1.0,PANGAN,,2.0,0.0,2.0,0.0,1.0,KULLU,,2.0,0.0,2.0,0.0,1.0,MANDI,,2.0,0.0,2.0,0.0,1.0,SHIMLA,,2.0,0.0,2.0,0.0,1.0,MANDI,,2.0,0.0,2.0,0.0,1.0,SUNDER NAGAR,,2.0,0.0,2.0,0.0,1.0,SHAMSI,,2.0,0.0,2.0,0.0,1.0,KULLU,,2.0,0.0,2.0,0.0,2.0,KULLU,,2.0,0.0,2.0,0.0,N.A.,,0.0,0.0,0.0,0.0,0.0,,1.0,2.0,2.0,4.0,8.0,,0.0,0.0,0.0,0.0,0.0,,1.0,1.0,1.0,2.0,1.0,,0.0,0.0,0.0,0.0,0.0,,0.0,0.0,0.0,0.0,0.0,,0.0,0.0,0.0,0.0,0.0,,0.0,0.0,0.0,0.0,0.0,,0.0,0.0,0.0,0.0,0.0,,0.0,0.0,0.0,0.0,0.0,,0.0,0.0,0.0,0.0,0.0,,0.0,0.0,0.0,0.0,0.0,0.0,1.0,1.0,0.0,1.0,1.0,1.0,2.0,,,2.0,,,2.0,,,1.0,1.0,1.0,2.0,2.0,,,2.0,,,2.0,,,2.0,,,2.0,1.0,2.0,2.0,2.0,1.0,1.0,1.0,1.0,2.0,2.0,2.0,2.0,2.0,1.0,1.0,,1.0,,1.0,,1.0,175128.0,1.0,,2.0,,1.0,,2.0,,2.0,,1.0,,1.0,,2.0,,1.0,,1.0,,1.0,,1.0,,2.0,,2.0,,2.0,,2.0,,1.0,,2.0,,1.0,,1.0,,1.0,,1.0,,1.0,,1.0,,2.0,,1.0,,2.0,b,1.0,,2.0,,2.0,,1.0,,1.0,,1.0,,2.0,,2.0,,1.0,,1.0,,1.0,1.0,2.0,,1.0,,2.0,,2.0,,2.0,,2.0,,1.0,,2.0,,1.0,,1.0,24.0,24.0,1.0,24.0,24.0,1.0,24.0,24.0,1.0,24.0,24.0,MAIZE,DARAT,HUNKEY,WHEAT,,,VEGETABLE,0.0,20.4,7.22,0.0,21.27,1.07,0.0,0.0,70.7,30.36,40.34,0.0,0,0,0,40.34,KULLU,17.0,kullu_kullu_village_amenities.csv
,HIMACHAL PRADESH,,Kullu,,Kullu,,Shillihar (27/60),,Naggar,2009,KULLU,29.0,KULLU,29,KULLU,29.0,YES,48.01,49.0,231,120.0,111.0,46.0,22.0,24.0,0.0,0.0,0.0,2.0,0.0,2.0,0.0,2.0,RAISON,,1.0,1.0,2.0,0.0,,,,2.0,0.0,2.0,0.0,1.0,JALLOHRA,,2.0,0.0,2.0,0.0,1.0,RAISON,,2.0,0.0,2.0,0.0,1.0,RAISON,,2.0,0.0,2.0,0.0,1.0,KULLU,,2.0,0.0,2.0,0.0,1.0,MANDI,,2.0,0.0,2.0,0.0,1.0,SHIMLA,,2.0,0.0,2.0,0.0,1.0,MANDI,,2.0,0.0,2.0,0.0,1.0,SUNDER NAGAR,,2.0,0.0,2.0,0.0,1.0,SHAMSI,,2.0,0.0,2.0,0.0,1.0,KULLU,,2.0,0.0,2.0,0.0,2.0,KULLU,,2.0,0.0,2.0,0.0,N.A.,,0.0,0.0,0.0,0.0,0.0,,0.0,0.0,0.0,0.0,0.0,,0.0,0.0,0.0,0.0,0.0,,0.0,0.0,0.0,0.0,0.0,,0.0,0.0,0.0,0.0,0.0,,0.0,0.0,0.0,0.0,0.0,,0.0,0.0,0.0,0.0,0.0,,1.0,1.0,1.0,1.0,1.0,,0.0,0.0,0.0,0.0,0.0,,0.0,0.0,0.0,0.0,0.0,,0.0,0.0,0.0,0.0,0.0,,0.0,0.0,0.0,0.0,0.0,0.0,0.0,0.0,0.0,1.0,1.0,1.0,2.0,,,2.0,,,2.0,,,2.0,,,2.0,1.0,1.0,1.0,2.0,,,2.0,,,2.0,,,2.0,1.0,2.0,2.0,2.0,1.0,1.0,1.0,1.0,2.0,2.0,2.0,2.0,2.0,1.0,2.0,,2.0,,2.0,,1.0,175128.0,2.0,,2.0,,1.0,,2.0,,2.0,,2.0,,2.0,,2.0,,2.0,,2.0,,2.0,,2.0,,2.0,,2.0,,2.0,,2.0,,2.0,,2.0,,2.0,,2.0,,2.0,,1.0,,1.0,,1.0,,2.0,,1.0,,2.0,c,2.0,,2.0,,2.0,,2.0,,2.0,,2.0,,2.0,,2.0,,2.0,,1.0,,1.0,1.0,2.0,,2.0,,2.0,,2.0,,2.0,,2.0,,1.0,,2.0,,2.0,,1.0,24.0,24.0,1.0,24.0,24.0,1.0,24.0,24.0,1.0,24.0,24.0,MAIZE,DARAT,SHAWL,WHEAT,,,VEGETABLE,0.0,3.84,14.76,0.0,14.69,0.0,0.0,0.0,14.72,14.72,0.0,0.0,0,0,0,0.0,KULLU,29.0,kullu_kullu_village_amenities.csv
,HIMACHAL PRADESH,,Kullu,,Kullu,,Up Muhal Jallohra,,Naggar,2009,KULLU,28.0,KULLU,28,KULLU,28.0,YES,71.96,35.0,231,112.0,119.0,46.0,20.0,26.0,0.0,0.0,0.0,2.0,0.0,2.0,0.0,2.0,RAISON,,1.0,1.0,2.0,0.0,,,,1.0,1.0,2.0,0.0,,,,2.0,0.0,2.0,0.0,1.0,RAISON,,2.0,0.0,2.0,0.0,1.0,RAISON,,2.0,0.0,2.0,0.0,1.0,KULLU,,2.0,0.0,2.0,0.0,1.0,MANDI,,2.0,0.0,2.0,0.0,1.0,SHIMLA,,2.0,0.0,2.0,0.0,1.0,MANDI,,2.0,0.0,2.0,0.0,1.0,SUNDER NAGAR,,2.0,0.0,2.0,0.0,1.0,SHAMSI,,2.0,0.0,2.0,0.0,2.0,KULLU,,2.0,0.0,2.0,0.0,2.0,KULLU,,2.0,0.0,2.0,0.0,N.A.,,0.0,0.0,0.0,0.0,0.0,,0.0,0.0,0.0,0.0,0.0,,0.0,0.0,0.0,0.0,0.0,,0.0,0.0,0.0,0.0,0.0,,0.0,0.0,0.0,0.0,0.0,,0.0,0.0,0.0,0.0,0.0,,0.0,0.0,0.0,0.0,0.0,,0.0,0.0,0.0,0.0,0.0,,0.0,0.0,0.0,0.0,0.0,,0.0,0.0,0.0,0.0,0.0,,0.0,0.0,0.0,0.0,0.0,,0.0,0.0,0.0,0.0,0.0,0.0,0.0,0.0,0.0,1.0,1.0,1.0,2.0,,,2.0,,,2.0,,,2.0,,,2.0,1.0,1.0,1.0,2.0,,,2.0,,,2.0,,,2.0,1.0,2.0,2.0,2.0,1.0,1.0,1.0,1.0,2.0,2.0,2.0,2.0,2.0,1.0,2.0,,2.0,,2.0,,1.0,175128.0,2.0,,2.0,,1.0,,2.0,,2.0,,1.0,,1.0,,2.0,,2.0,,2.0,,2.0,,1.0,,2.0,,2.0,,2.0,,2.0,,2.0,,2.0,,2.0,,2.0,,2.0,,1.0,,1.0,,1.0,,2.0,,1.0,,2.0,c,2.0,,2.0,,2.0,,2.0,,2.0,,2.0,,2.0,,2.0,,2.0,,1.0,,1.0,1.0,2.0,,2.0,,2.0,,2.0,,2.0,,2.0,,1.0,,2.0,,2.0,,1.0,24.0,24.0,1.0,24.0,24.0,1.0,24.0,24.0,1.0,24.0,24.0,MAIZE,BELCHE,HUNKEY,WHEAT,,,VEGETABLE,0.0,5.94,0.0,0.0,21.16,0.0,0.0,0.0,44.86,44.86,0.0,0.0,0,0,0,0.0,KULLU,28.0,kullu_kullu_village_amenities.csv
,HIMACHAL PRADESH,,Kullu,,Kullu,,Up Muhal Kamarda,,Naggar,2009,KULLU,28.0,KULLU,28,KULLU,28.0,YES,64.85,27.0,113,63.0,50.0,13.0,8.0,5.0,4.0,3.0,1.0,2.0,0.0,2.0,0.0,2.0,RAISON,,2.0,0.0,2.0,0.0,1.0,JALLOHRA,,2.0,0.0,2.0,0.0,1.0,JALLOHRA,,2.0,0.0,2.0,0.0,1.0,RAISON,,2.0,0.0,2.0,0.0,1.0,RAISON,,2.0,0.0,2.0,0.0,1.0,KULLU,,2.0,0.0,2.0,0.0,1.0,MANDI,,2.0,0.0,2.0,0.0,1.0,SHIMLA,,2.0,0.0,2.0,0.0,1.0,MANDI,,2.0,0.0,2.0,0.0,1.0,SUNDER NAGAR,,2.0,0.0,2.0,0.0,1.0,SHAMSI,,2.0,0.0,2.0,0.0,1.0,KULLU,,2.0,0.0,2.0,0.0,2.0,KULLU,,2.0,0.0,2.0,0.0,N.A.,,0.0,0.0,0.0,0.0,0.0,,0.0,0.0,0.0,0.0,0.0,,0.0,0.0,0.0,0.0,0.0,,0.0,0.0,0.0,0.0,0.0,,0.0,0.0,0.0,0.0,0.0,,0.0,0.0,0.0,0.0,0.0,,0.0,0.0,0.0,0.0,0.0,,0.0,0.0,0.0,0.0,0.0,,0.0,0.0,0.0,0.0,0.0,,0.0,0.0,0.0,0.0,0.0,,0.0,0.0,0.0,0.0,0.0,,0.0,0.0,0.0,0.0,0.0,0.0,0.0,0.0,0.0,1.0,1.0,1.0,2.0,,,2.0,,,2.0,,,2.0,,,2.0,1.0,1.0,1.0,2.0,,,2.0,,,2.0,,,2.0,1.0,2.0,2.0,2.0,1.0,1.0,1.0,1.0,2.0,2.0,2.0,2.0,2.0,1.0,2.0,,2.0,,2.0,,1.0,175128.0,2.0,,2.0,,1.0,,2.0,,2.0,,2.0,,2.0,,2.0,,2.0,,2.0,,2.0,,2.0,,2.0,,2.0,,2.0,,2.0,,2.0,,2.0,,2.0,,2.0,,2.0,,1.0,,1.0,,1.0,,2.0,,1.0,,2.0,a,2.0,,2.0,,2.0,,2.0,,2.0,,2.0,,2.0,,2.0,,2.0,,2.0,,1.0,1.0,2.0,,2.0,,2.0,,2.0,,2.0,,2.0,,1.0,,2.0,,2.0,,1.0,24.0,24.0,1.0,24.0,24.0,1.0,24.0,24.0,1.0,24.0,24.0,MAIZE,BELCHE,MUFLAR,WHEAT,,,RAJMAH,0.0,4.35,14.49,9.85,20.2,0.0,0.0,0.0,15.96,10.0,5.96,0.0,0,0,0,5.96,KULLU,28.0,kullu_kullu_village_amenities.csv
,HIMACHAL PRADESH,,Kullu,,Kullu,,Up Muhal Janehda,,Naggar,2009,KULLU,28.0,KULLU,28,KULLU,28.0,YES,111.56,27.0,126,60.0,66.0,17.0,8.0,9.0,2.0,1.0,1.0,2.0,0.0,2.0,0.0,2.0,RAISON,,2.0,0.0,2.0,0.0,1.0,JALLOHRA,,2.0,0.0,2.0,0.0,1.0,JALLOHRA,,2.0,0.0,2.0,0.0,1.0,RAISON,,2.0,0.0,2.0,0.0,1.0,RAISON,,2.0,0.0,2.0,0.0,1.0,KULLU,,2.0,0.0,2.0,0.0,1.0,MANDI,,2.0,0.0,2.0,0.0,1.0,SHIMLA,,2.0,0.0,2.0,0.0,1.0,MANDI,,2.0,0.0,2.0,0.0,1.0,SUNDER NAGAR,,2.0,0.0,2.0,0.0,1.0,SHAMSI,,2.0,0.0,2.0,0.0,1.0,KULLU,,2.0,0.0,2.0,0.0,2.0,KULLU,,2.0,0.0,2.0,0.0,N.A.,,0.0,0.0,0.0,0.0,0.0,,0.0,0.0,0.0,0.0,0.0,,0.0,0.0,0.0,0.0,0.0,,0.0,0.0,0.0,0.0,0.0,,0.0,0.0,0.0,0.0,0.0,,0.0,0.0,0.0,0.0,0.0,,0.0,0.0,0.0,0.0,0.0,,0.0,0.0,0.0,0.0,0.0,,0.0,0.0,0.0,0.0,0.0,,0.0,0.0,0.0,0.0,0.0,,0.0,0.0,0.0,0.0,0.0,,0.0,0.0,0.0,0.0,0.0,0.0,0.0,0.0,0.0,1.0,1.0,1.0,2.0,,,2.0,,,2.0,,,2.0,,,2.0,1.0,1.0,1.0,2.0,,,2.0,,,2.0,,,2.0,1.0,2.0,2.0,2.0,1.0,1.0,1.0,2.0,2.0,2.0,2.0,2.0,2.0,1.0,2.0,,2.0,,2.0,,1.0,175128.0,2.0,,2.0,,1.0,,2.0,,2.0,,1.0,,1.0,,2.0,,2.0,,2.0,,2.0,,2.0,,2.0,,2.0,,2.0,,2.0,,2.0,,2.0,,2.0,,2.0,,2.0,,1.0,,1.0,,1.0,,2.0,,1.0,,2.0,c,2.0,,2.0,,2.0,,2.0,,2.0,,2.0,,2.0,,2.0,,2.0,,1.0,,1.0,1.0,2.0,,2.0,,2.0,,2.0,,2.0,,2.0,,1.0,,2.0,,2.0,,1.0,24.0,24.0,1.0,24.0,24.0,1.0,24.0,24.0,1.0,24.0,24.0,MAIZE,BELCHE,PATTU,WHEAT,,,RAJMAH,0.0,7.13,25.06,18.56,21.5,0.44,0.0,0.0,38.87,38.87,0.0,0.0,0,0,0,0.0,KULLU,28.0,kullu_kullu_village_amenities.csv
,HIMACHAL PRADESH,,Kullu,,Kullu,,Up Muhal Mathi shil,,Naggar,2009,KULLU,27.0,KULLU,27,KULLU,27.0,YES,60.87,29.0,124,62.0,62.0,17.0,9.0,8.0,0.0,0.0,0.0,2.0,0.0,2.0,0.0,2.0,RAISON,,2.0,0.0,2.0,0.0,1.0,JALLOHRA,,2.0,0.0,2.0,0.0,1.0,JALLOHRA,,2.0,0.0,2.0,0.0,1.0,RAISON,,2.0,0.0,2.0,0.0,1.0,RAISON,,2.0,0.0,2.0,0.0,1.0,KULLU,,2.0,0.0,2.0,0.0,1.0,MANDI,,2.0,0.0,2.0,0.0,1.0,SHIMLA,,2.0,0.0,2.0,0.0,1.0,MANDI,,2.0,0.0,2.0,0.0,1.0,SUNDER NAGAR,,2.0,0.0,2.0,0.0,1.0,SHAMSI,,2.0,0.0,2.0,0.0,1.0,KULLU,,2.0,0.0,2.0,0.0,2.0,KULLU,,2.0,0.0,2.0,0.0,N.A.,,0.0,0.0,0.0,0.0,0.0,,0.0,0.0,0.0,0.0,0.0,,0.0,0.0,0.0,0.0,0.0,,0.0,0.0,0.0,0.0,0.0,,0.0,0.0,0.0,0.0,0.0,,0.0,0.0,0.0,0.0,0.0,,0.0,0.0,0.0,0.0,0.0,,0.0,0.0,0.0,0.0,0.0,,0.0,0.0,0.0,0.0,0.0,,0.0,0.0,0.0,0.0,0.0,,0.0,0.0,0.0,0.0,0.0,,0.0,0.0,0.0,0.0,0.0,0.0,0.0,0.0,0.0,1.0,1.0,1.0,2.0,,,2.0,,,2.0,,,2.0,,,2.0,1.0,1.0,1.0,2.0,,,2.0,,,2.0,,,2.0,1.0,2.0,2.0,2.0,1.0,1.0,1.0,2.0,2.0,2.0,2.0,2.0,2.0,1.0,2.0,,2.0,,2.0,,1.0,175128.0,2.0,,2.0,,1.0,,2.0,,2.0,,1.0,,1.0,,2.0,,2.0,,2.0,,2.0,,2.0,,2.0,,2.0,,2.0,,2.0,,2.0,,2.0,,2.0,,2.0,,2.0,,1.0,,1.0,,1.0,,2.0,,1.0,,2.0,c,2.0,,2.0,,2.0,,2.0,,2.0,,2.0,,2.0,,2.0,,2.0,,1.0,,1.0,1.0,2.0,,2.0,,2.0,,2.0,,2.0,,2.0,,1.0,,2.0,,2.0,,1.0,24.0,24.0,1.0,24.0,24.0,1.0,24.0,24.0,1.0,24.0,24.0,MAIZE,KUDAL,HUNKEY,WHEAT,,,RAJMAH,0.0,3.55,4.85,20.0,16.11,0.0,0.0,0.0,16.36,16.36,0.0,0.0,0,0,0,0.0,KULLU,27.0,kullu_kullu_village_amenities.csv
,HIMACHAL PRADESH,,Kullu,,Kullu,,Up Muhal Kufri,,Naggar,2009,KULLU,27.0,KULLU,27,KULLU,27.0,YES,1251.03,1.0,1,1.0,0.0,0.0,0.0,0.0,0.0,0.0,0.0,2.0,0.0,2.0,0.0,2.0,RAISON,,2.0,0.0,2.0,0.0,1.0,JALLOHRA,,2.0,0.0,2.0,0.0,1.0,SHIRAR,,2.0,0.0,2.0,0.0,1.0,RAISON,,2.0,0.0,2.0,0.0,1.0,RAISON,,2.0,0.0,2.0,0.0,1.0,KULLU,,2.0,0.0,2.0,0.0,1.0,MANDI,,2.0,0.0,2.0,0.0,1.0,SHIMLA,,2.0,0.0,2.0,0.0,1.0,MANDI,,2.0,0.0,2.0,0.0,1.0,SUNDER NAGAR,,2.0,0.0,2.0,0.0,1.0,SHAMSI,,2.0,0.0,2.0,0.0,1.0,KULLU,,2.0,0.0,2.0,0.0,2.0,KULLU,,2.0,0.0,2.0,0.0,N.A.,,0.0,0.0,0.0,0.0,0.0,,0.0,0.0,0.0,0.0,0.0,,0.0,0.0,0.0,0.0,0.0,,0.0,0.0,0.0,0.0,0.0,,0.0,0.0,0.0,0.0,0.0,,0.0,0.0,0.0,0.0,0.0,,0.0,0.0,0.0,0.0,0.0,,0.0,0.0,0.0,0.0,0.0,,0.0,0.0,0.0,0.0,0.0,,0.0,0.0,0.0,0.0,0.0,,0.0,0.0,0.0,0.0,0.0,,0.0,0.0,0.0,0.0,0.0,0.0,0.0,0.0,0.0,1.0,1.0,1.0,2.0,,,2.0,,,2.0,,,2.0,,,2.0,2.0,,,2.0,,,2.0,,,2.0,,,2.0,2.0,1.0,2.0,2.0,2.0,1.0,2.0,2.0,2.0,2.0,2.0,2.0,2.0,1.0,2.0,,2.0,,2.0,,1.0,175128.0,2.0,,2.0,,1.0,,2.0,,2.0,,2.0,,2.0,,2.0,,2.0,,2.0,,2.0,,2.0,,2.0,,2.0,,2.0,,2.0,,2.0,,2.0,,2.0,,2.0,,2.0,,2.0,,2.0,,2.0,,2.0,,1.0,,2.0,c,2.0,,2.0,,2.0,,2.0,,2.0,,2.0,,2.0,,2.0,,2.0,,2.0,,1.0,1.0,2.0,,2.0,,2.0,,2.0,,2.0,,2.0,,2.0,,2.0,,2.0,,1.0,24.0,24.0,1.0,24.0,24.0,1.0,24.0,24.0,1.0,24.0,24.0,MAIZE,KUDAL,HUNKEY,WHEAT,,,RAJMAH,1147.69,0.0,103.18,0.0,0.0,0.0,0.0,0.0,0.16,0.16,0.0,0.0,0,0,0,0.0,KULLU,27.0,kullu_kullu_village_amenities.csv
,HIMACHAL PRADESH,,Kullu,,Kullu,,Biasar (27/55),,Kullu,2009,KULLU,13.0,KULLU,13,KULLU,13.0,YES,148.05,152.0,691,362.0,329.0,144.0,72.0,72.0,0.0,0.0,0.0,2.0,0.0,2.0,0.0,2.0,KULLU,,1.0,1.0,2.0,0.0,,,,1.0,1.0,2.0,0.0,,,,2.0,0.0,2.0,0.0,1.0,SHIRAR,,2.0,0.0,2.0,0.0,1.0,RAISON,,2.0,0.0,2.0,0.0,1.0,KULLU,,2.0,0.0,2.0,0.0,1.0,MANDI,,2.0,0.0,2.0,0.0,1.0,SHIMLA,,2.0,0.0,2.0,0.0,1.0,MANDI,,2.0,0.0,2.0,0.0,1.0,SUNDER NAGAR,,2.0,0.0,2.0,0.0,1.0,SHAMSI,,2.0,0.0,2.0,0.0,1.0,KULLU,,2.0,0.0,2.0,0.0,2.0,KULLU,,2.0,0.0,2.0,0.0,N.A.,,0.0,0.0,0.0,0.0,0.0,,0.0,0.0,0.0,0.0,0.0,,0.0,0.0,0.0,0.0,0.0,,0.0,0.0,0.0,0.0,0.0,,0.0,0.0,0.0,0.0,0.0,,0.0,0.0,0.0,0.0,0.0,,0.0,0.0,0.0,0.0,0.0,,1.0,1.0,1.0,1.0,1.0,,0.0,0.0,0.0,0.0,0.0,,0.0,0.0,0.0,0.0,0.0,,0.0,0.0,0.0,0.0,0.0,,0.0,0.0,0.0,0.0,0.0,0.0,2.0,1.0,0.0,1.0,1.0,1.0,2.0,,,2.0,,,2.0,,,2.0,,,2.0,1.0,1.0,1.0,2.0,,,2.0,,,2.0,,,2.0,1.0,2.0,2.0,2.0,1.0,1.0,2.0,2.0,2.0,2.0,2.0,2.0,2.0,1.0,2.0,,2.0,,2.0,,1.0,175128.0,1.0,,2.0,,1.0,,2.0,,2.0,,1.0,,1.0,,2.0,,2.0,,2.0,,2.0,,2.0,,2.0,,2.0,,2.0,,2.0,,2.0,,2.0,,2.0,,1.0,,1.0,,2.0,,2.0,,1.0,,2.0,,1.0,,2.0,c,2.0,,2.0,,2.0,,2.0,,1.0,,2.0,,2.0,,2.0,,2.0,,1.0,,1.0,1.0,2.0,,2.0,,2.0,,2.0,,2.0,,2.0,,1.0,,1.0,,2.0,,1.0,24.0,24.0,1.0,24.0,24.0,1.0,24.0,24.0,1.0,24.0,24.0,WHEAT,BELCHE,CHADAR,MAIZE,,,VEGETABLE,0.0,11.01,0.0,0.0,79.97,20.0,0.0,0.0,37.07,37.07,0.0,0.0,0,0,0,0.0,KULLU,13.0,kullu_kullu_village_amenities.csv
,HIMACHAL PRADESH,,Kullu,,Kullu,,Up Muhal Thalli,,Kullu,2009,KULLU,21.0,KULLU,21,KULLU,21.0,YES,66.35,,0,,,,,,,,,,,,,,,,,,,,,,,,,,,,,,,,,,,,,,,,,,,,,,,,,,,,,,,,,,,,,,,,,,,,,,,,,,,,,,,,,,,,,,,,,,,,,,,,,,,,,,,,,,,,,,,,,,,,,,,,,,,,,,,,,,,,,,,,,,,,,,,,,,,,,,,,,,,,,,,,,,,,,,,,,,,,,,,,,,,,,,,,,,,,,,,,,,,,,,,,,,,,,,,,,,,,,,,,,,,,,,,,,,,,,,,,,,,,,,,,,,,,,,,,,,,,,,,,,,,,,,,,,,,,,,,,,,,,,,,,,,,,,,,,,,,,,,,,,,,,,,,,,,,,,,,,,,,,,,,,,,,,,,,,,,,,,,,,,,,,,,,,,0.0,0.71,0.0,59.18,4.46,0.0,0.0,0.0,2.0,2.0,0.0,0.0,0,0,0,0.0,KULLU,21.0,kullu_kullu_village_amenities.csv
,HIMACHAL PRADESH,,Kullu,,Kullu,,Up Muhal Ropa sari,,Kullu,2009,KULLU,20.0,KULLU,20,KULLU,20.0,YES,34.9,27.0,114,58.0,56.0,12.0,4.0,8.0,0.0,0.0,0.0,2.0,0.0,2.0,0.0,2.0,KULLU,,2.0,0.0,2.0,0.0,1.0,BIASAR,,2.0,0.0,2.0,0.0,1.0,BIASAR,,2.0,0.0,2.0,0.0,1.0,RAISON,,2.0,0.0,2.0,0.0,1.0,RAISON,,2.0,0.0,2.0,0.0,1.0,KULLU,,2.0,0.0,2.0,0.0,1.0,MANDI,,2.0,0.0,2.0,0.0,1.0,SHIMLA,,2.0,0.0,2.0,0.0,1.0,KULLU,,2.0,0.0,2.0,0.0,1.0,SUNDER NAGAR,,2.0,0.0,2.0,0.0,1.0,SHAMSI,,2.0,0.0,2.0,0.0,1.0,KULLU,,2.0,0.0,2.0,0.0,2.0,KULLU,,2.0,0.0,2.0,0.0,N.A.,,0.0,0.0,0.0,0.0,0.0,,0.0,0.0,0.0,0.0,0.0,,0.0,0.0,0.0,0.0,0.0,,0.0,0.0,0.0,0.0,0.0,,0.0,0.0,0.0,0.0,0.0,,0.0,0.0,0.0,0.0,0.0,,0.0,0.0,0.0,0.0,0.0,,0.0,0.0,0.0,0.0,0.0,,0.0,0.0,0.0,0.0,0.0,,0.0,0.0,0.0,0.0,0.0,,0.0,0.0,0.0,0.0,0.0,,0.0,0.0,0.0,0.0,0.0,0.0,0.0,0.0,0.0,1.0,1.0,1.0,2.0,,,2.0,,,2.0,,,2.0,,,2.0,2.0,,,2.0,,,2.0,,,2.0,,,2.0,1.0,2.0,2.0,2.0,1.0,1.0,2.0,2.0,2.0,2.0,2.0,2.0,2.0,1.0,2.0,,1.0,,2.0,,1.0,175128.0,1.0,,2.0,,1.0,,2.0,,2.0,,2.0,,2.0,,2.0,,2.0,,2.0,,2.0,,2.0,,2.0,,2.0,,2.0,,2.0,,2.0,,2.0,,2.0,,2.0,,2.0,,2.0,,2.0,,2.0,,2.0,,1.0,,2.0,c,2.0,,2.0,,2.0,,1.0,,2.0,,2.0,,2.0,,2.0,,2.0,,2.0,,1.0,1.0,2.0,,2.0,,2.0,,2.0,,2.0,,2.0,,2.0,,2.0,,2.0,,1.0,24.0,24.0,1.0,24.0,24.0,1.0,24.0,24.0,1.0,24.0,24.0,WHEAT,KULAHRI,SHAWL,MAIZE,,CHADAR,VEGETABLE,0.0,2.74,0.0,20.19,6.0,0.0,0.0,0.0,5.97,5.97,0.0,0.0,0,0,0,0.0,KULLU,20.0,kullu_kullu_village_amenities.csv
,HIMACHAL PRADESH,,Kullu,,Kullu,,Up Muhal Mapak,,Kullu,2009,KULLU,20.0,KULLU,20,KULLU,20.0,YES,53.74,7.0,28,15.0,13.0,0.0,0.0,0.0,0.0,0.0,0.0,2.0,0.0,2.0,0.0,2.0,KULLU,,2.0,0.0,2.0,0.0,1.0,BIASAR,,2.0,0.0,2.0,0.0,1.0,BIASAR,,2.0,0.0,2.0,0.0,1.0,RAISON,,2.0,0.0,2.0,0.0,1.0,RAISON,,2.0,0.0,2.0,0.0,1.0,KULLU,,2.0,0.0,2.0,0.0,1.0,MANDI,,2.0,0.0,2.0,0.0,1.0,SHIMLA,,2.0,0.0,2.0,0.0,1.0,KULLU,,2.0,0.0,2.0,0.0,1.0,SUNDER NAGAR,,2.0,0.0,2.0,0.0,1.0,SHAMSI,,2.0,0.0,2.0,0.0,1.0,KULLU,,2.0,0.0,2.0,0.0,2.0,KULLU,,2.0,0.0,2.0,0.0,N.A.,,0.0,0.0,0.0,0.0,0.0,,0.0,0.0,0.0,0.0,0.0,,0.0,0.0,0.0,0.0,0.0,,0.0,0.0,0.0,0.0,0.0,,0.0,0.0,0.0,0.0,0.0,,0.0,0.0,0.0,0.0,0.0,,0.0,0.0,0.0,0.0,0.0,,0.0,0.0,0.0,0.0,0.0,,0.0,0.0,0.0,0.0,0.0,,0.0,0.0,0.0,0.0,0.0,,0.0,0.0,0.0,0.0,0.0,,0.0,0.0,0.0,0.0,0.0,0.0,0.0,0.0,0.0,1.0,1.0,1.0,2.0,,,2.0,,,2.0,,,2.0,,,2.0,2.0,,,2.0,,,2.0,,,2.0,,,2.0,2.0,1.0,2.0,2.0,2.0,1.0,2.0,2.0,2.0,2.0,2.0,2.0,2.0,1.0,2.0,,2.0,,2.0,,1.0,175128.0,1.0,,2.0,,1.0,,2.0,,2.0,,2.0,,2.0,,2.0,,2.0,,2.0,,2.0,,2.0,,2.0,,2.0,,2.0,,2.0,,2.0,,2.0,,2.0,,1.0,,1.0,,2.0,,2.0,,2.0,,2.0,,1.0,,2.0,c,2.0,,2.0,,2.0,,1.0,,2.0,,2.0,,2.0,,2.0,,2.0,,1.0,,1.0,1.0,2.0,,2.0,,2.0,,2.0,,2.0,,2.0,,2.0,,2.0,,2.0,,1.0,24.0,24.0,1.0,24.0,24.0,1.0,24.0,24.0,1.0,24.0,24.0,WHEAT,BELCHE,SHAWL,MAIZE,,CHADAR,VEGETABLE,0.0,1.59,0.0,35.51,6.0,0.0,0.0,0.0,10.64,10.64,0.0,0.0,0,0,0,0.0,KULLU,20.0,kullu_kullu_village_amenities.csv
,HIMACHAL PRADESH,,Kullu,,Kullu,,Bandrol (27/56),,Kullu,2009,KULLU,10.0,KULLU,10,KULLU,10.0,YES,24.0,59.0,282,144.0,138.0,94.0,50.0,44.0,22.0,12.0,10.0,2.0,0.0,2.0,0.0,2.0,KULLU,,1.0,1.0,2.0,0.0,,,,2.0,0.0,2.0,0.0,1.0,RAISON,,2.0,0.0,2.0,0.0,1.0,RAISON,,2.0,0.0,2.0,0.0,1.0,RAISON,,2.0,0.0,2.0,0.0,1.0,KULLU,,2.0,0.0,2.0,0.0,1.0,MANDI,,2.0,0.0,2.0,0.0,1.0,SHIMLA,,2.0,0.0,2.0,0.0,1.0,MANDI,,2.0,0.0,2.0,0.0,1.0,SUNDER NAGAR,,2.0,0.0,2.0,0.0,1.0,SHAMSI,,2.0,0.0,2.0,0.0,1.0,KULLU,,2.0,0.0,2.0,0.0,2.0,KULLU,,2.0,0.0,2.0,0.0,N.A.,,0.0,0.0,0.0,0.0,0.0,,0.0,0.0,0.0,0.0,0.0,,0.0,0.0,0.0,0.0,0.0,,0.0,0.0,0.0,0.0,0.0,,0.0,0.0,0.0,0.0,0.0,,0.0,0.0,0.0,0.0,0.0,,0.0,0.0,0.0,0.0,0.0,,0.0,0.0,0.0,0.0,0.0,,0.0,0.0,0.0,0.0,0.0,,0.0,0.0,0.0,0.0,0.0,,0.0,0.0,0.0,0.0,0.0,,0.0,0.0,0.0,0.0,0.0,0.0,1.0,0.0,0.0,1.0,1.0,1.0,2.0,,,2.0,,,2.0,,,2.0,,,2.0,1.0,1.0,1.0,2.0,,,2.0,,,2.0,,,2.0,1.0,2.0,2.0,2.0,1.0,1.0,2.0,2.0,2.0,2.0,2.0,2.0,2.0,1.0,2.0,,2.0,,2.0,,1.0,175128.0,1.0,,2.0,,1.0,,2.0,,2.0,,1.0,,1.0,,2.0,,2.0,,1.0,,1.0,,1.0,,2.0,,2.0,,2.0,,2.0,,1.0,,1.0,,1.0,,1.0,,1.0,,2.0,,2.0,,1.0,,2.0,,1.0,,2.0,b,2.0,,2.0,,2.0,,2.0,,2.0,,2.0,,2.0,,2.0,,2.0,,1.0,,1.0,1.0,2.0,,2.0,,2.0,,2.0,,2.0,,2.0,,2.0,,1.0,,2.0,,1.0,24.0,24.0,1.0,24.0,24.0,1.0,24.0,24.0,1.0,24.0,24.0,WHEAT,KUDAL,SHAWL,MAIZE,,PATTU,VEGETABLE,0.0,3.46,0.0,3.76,0.0,0.0,0.0,0.0,16.78,1.15,15.63,0.0,0,0,0,15.63,KULLU,10.0,kullu_kullu_village_amenities.csv
,HIMACHAL PRADESH,,Kullu,,Kullu,,Up Muhal Nangabag,,Kullu,2009,KULLU,10.0,KULLU,10,KULLU,10.0,YES,47.12,54.0,219,121.0,98.0,0.0,0.0,0.0,11.0,7.0,4.0,2.0,0.0,2.0,0.0,2.0,KULLU,,2.0,0.0,2.0,0.0,1.0,BANDROL,,2.0,0.0,2.0,0.0,1.0,RAISON,,2.0,0.0,2.0,0.0,1.0,RAISON,,2.0,0.0,2.0,0.0,1.0,RAISON,,2.0,0.0,2.0,0.0,1.0,KULLU,,2.0,0.0,2.0,0.0,1.0,MANDI,,2.0,0.0,2.0,0.0,1.0,SHIMLA,,2.0,0.0,2.0,0.0,1.0,KULLU,,2.0,0.0,2.0,0.0,1.0,SUNDER NAGAR,,2.0,0.0,2.0,0.0,1.0,SHAMSI,,2.0,0.0,2.0,0.0,1.0,KULLU,,2.0,0.0,2.0,0.0,2.0,KULLU,,2.0,0.0,2.0,0.0,N.A.,,0.0,0.0,0.0,0.0,0.0,,0.0,0.0,0.0,0.0,0.0,,0.0,0.0,0.0,0.0,0.0,,0.0,0.0,0.0,0.0,0.0,,0.0,0.0,0.0,0.0,0.0,,0.0,0.0,0.0,0.0,0.0,,0.0,0.0,0.0,0.0,0.0,,1.0,2.0,2.0,3.0,3.0,,0.0,0.0,0.0,0.0,0.0,,0.0,0.0,0.0,0.0,0.0,,0.0,0.0,0.0,0.0,0.0,,0.0,0.0,0.0,0.0,0.0,0.0,1.0,1.0,0.0,1.0,1.0,1.0,2.0,,,2.0,,,2.0,,,2.0,,,2.0,1.0,1.0,1.0,2.0,,,2.0,,,2.0,,,2.0,2.0,1.0,2.0,2.0,2.0,1.0,2.0,2.0,2.0,2.0,2.0,2.0,2.0,1.0,2.0,,1.0,,2.0,,1.0,175128.0,1.0,,2.0,,1.0,,2.0,,2.0,,1.0,,1.0,,2.0,,2.0,,1.0,,1.0,,1.0,,2.0,,2.0,,2.0,,2.0,,1.0,,2.0,,1.0,,1.0,,1.0,,2.0,,2.0,,2.0,,2.0,,1.0,,2.0,b,2.0,,2.0,,2.0,,2.0,,1.0,,2.0,,2.0,,2.0,,2.0,,1.0,,1.0,1.0,2.0,,2.0,,2.0,,2.0,,2.0,,2.0,,1.0,,1.0,,1.0,,1.0,24.0,24.0,1.0,24.0,24.0,1.0,24.0,24.0,1.0,24.0,24.0,WHEAT,BELCHE,CHADAR,MAIZE,,SHAWL,VEGETABLE,0.0,14.89,0.0,1.89,0.0,0.0,0.0,0.0,30.34,28.94,1.4,1.4,0,0,0,0.0,KULLU,10.0,kullu_kullu_village_amenities.csv
,HIMACHAL PRADESH,,Kullu,,Kullu,,Up Muhal Harabag,,Kullu,2009,KULLU,11.0,KULLU,11,KULLU,11.0,YES,35.08,62.0,291,147.0,144.0,197.0,99.0,98.0,42.0,18.0,24.0,2.0,0.0,2.0,0.0,2.0,KULLU,,2.0,0.0,2.0,0.0,1.0,BANDROL,,2.0,0.0,2.0,0.0,1.0,RAISON,,2.0,0.0,2.0,0.0,1.0,RAISON,,2.0,0.0,2.0,0.0,1.0,RAISON,,2.0,0.0,2.0,0.0,1.0,KULLU,,2.0,0.0,2.0,0.0,1.0,MANDI,,2.0,0.0,2.0,0.0,1.0,SHIMLA,,2.0,0.0,2.0,0.0,1.0,KULLU,,2.0,0.0,2.0,0.0,1.0,SUNDER NAGAR,,2.0,0.0,2.0,0.0,1.0,SHAMSI,,2.0,0.0,2.0,0.0,1.0,KULLU,,2.0,0.0,2.0,0.0,2.0,KULLU,,2.0,0.0,2.0,0.0,N.A.,,0.0,0.0,0.0,0.0,0.0,,0.0,0.0,0.0,0.0,0.0,,0.0,0.0,0.0,0.0,0.0,,0.0,0.0,0.0,0.0,0.0,,0.0,0.0,0.0,0.0,0.0,,0.0,0.0,0.0,0.0,0.0,,0.0,0.0,0.0,0.0,0.0,,0.0,0.0,0.0,0.0,0.0,,0.0,0.0,0.0,0.0,0.0,,0.0,0.0,0.0,0.0,0.0,,0.0,0.0,0.0,0.0,0.0,,0.0,0.0,0.0,0.0,0.0,0.0,0.0,0.0,0.0,1.0,1.0,1.0,2.0,,,2.0,,,2.0,,,2.0,,,2.0,2.0,,,2.0,,,2.0,,,2.0,,,2.0,2.0,1.0,2.0,2.0,2.0,1.0,2.0,2.0,2.0,2.0,2.0,2.0,2.0,1.0,2.0,,1.0,,2.0,,1.0,175128.0,1.0,,2.0,,1.0,,2.0,,2.0,,1.0,,1.0,,2.0,,1.0,,1.0,,1.0,,1.0,,2.0,,2.0,,2.0,,2.0,,1.0,,1.0,,1.0,,1.0,,1.0,,2.0,,2.0,,1.0,,2.0,,1.0,,2.0,c,2.0,,2.0,,2.0,,2.0,,2.0,,2.0,,2.0,,2.0,,1.0,,1.0,,1.0,1.0,2.0,,2.0,,2.0,,2.0,,2.0,,2.0,,1.0,,1.0,,2.0,,1.0,24.0,24.0,1.0,24.0,24.0,1.0,24.0,24.0,1.0,24.0,24.0,WHEAT,DARAT,CHADAR,MAIZE,,SHAWL,PEA,0.0,9.76,0.0,15.62,7.7,0.0,0.0,0.0,2.0,2.0,0.0,0.0,0,0,0,0.0,KULLU,11.0,kullu_kullu_village_amenities.csv
,HIMACHAL PRADESH,,Kullu,,Kullu,,Up Muhal Bagu Nalha,,Kullu,2009,KULLU,21.0,KULLU,21,KULLU,21.0,YES,66.94,54.0,251,120.0,131.0,31.0,15.0,16.0,118.0,55.0,63.0,2.0,0.0,2.0,0.0,2.0,KULLU,,1.0,1.0,2.0,0.0,,,,2.0,0.0,2.0,0.0,1.0,RAISON,,2.0,0.0,2.0,0.0,1.0,RAISON,,2.0,0.0,2.0,0.0,1.0,RAISON,,2.0,0.0,2.0,0.0,1.0,KULLU,,2.0,0.0,2.0,0.0,1.0,MANDI,,2.0,0.0,2.0,0.0,1.0,SHIMLA,,2.0,0.0,2.0,0.0,1.0,KULLU,,2.0,0.0,2.0,0.0,1.0,SUNDER NAGAR,,2.0,0.0,2.0,0.0,1.0,SHAMSI,,2.0,0.0,2.0,0.0,1.0,KULLU,,2.0,0.0,2.0,0.0,2.0,KULLU,,2.0,0.0,2.0,0.0,N.A.,,0.0,0.0,0.0,0.0,0.0,,0.0,0.0,0.0,0.0,0.0,,0.0,0.0,0.0,0.0,0.0,,0.0,0.0,0.0,0.0,0.0,,0.0,0.0,0.0,0.0,0.0,,0.0,0.0,0.0,0.0,0.0,,0.0,0.0,0.0,0.0,0.0,,0.0,0.0,0.0,0.0,0.0,,0.0,0.0,0.0,0.0,0.0,,0.0,0.0,0.0,0.0,0.0,,0.0,0.0,0.0,0.0,0.0,,0.0,0.0,0.0,0.0,0.0,0.0,0.0,0.0,0.0,1.0,1.0,1.0,2.0,,,2.0,,,2.0,,,2.0,,,2.0,1.0,1.0,1.0,2.0,,,2.0,,,2.0,,,2.0,2.0,1.0,2.0,2.0,2.0,1.0,2.0,2.0,2.0,2.0,2.0,2.0,2.0,1.0,2.0,,2.0,,2.0,,1.0,175128.0,1.0,,2.0,,1.0,,2.0,,2.0,,1.0,,1.0,,2.0,,1.0,,1.0,,1.0,,1.0,,2.0,,2.0,,2.0,,2.0,,1.0,,2.0,,2.0,,2.0,,1.0,,2.0,,2.0,,2.0,,2.0,,1.0,,2.0,c,2.0,,2.0,,2.0,,2.0,,2.0,,2.0,,2.0,,2.0,,2.0,,1.0,,1.0,1.0,2.0,,2.0,,2.0,,2.0,,2.0,,2.0,,2.0,,2.0,,2.0,,1.0,24.0,24.0,1.0,24.0,24.0,1.0,24.0,24.0,1.0,24.0,24.0,WHEAT,DARAT,SHAWL,MAIZE,,CHADAR,VEGETABLE,34.75,5.43,0.0,0.0,20.0,0.0,0.0,0.0,6.76,6.04,0.72,0.0,0,0,0,0.72,KULLU,21.0,kullu_kullu_village_amenities.csv
,HIMACHAL PRADESH,,Kullu,,Kullu,,Up Muhal Maltibag,,Kullu,2009,KULLU,10.0,KULLU,10,KULLU,10.0,YES,46.61,68.0,316,159.0,157.0,150.0,77.0,73.0,18.0,8.0,10.0,2.0,0.0,2.0,0.0,2.0,RASION,,2.0,0.0,2.0,0.0,1.0,BANDROL,,2.0,0.0,2.0,0.0,1.0,BANDROL,,2.0,0.0,2.0,0.0,1.0,BANDROL,,2.0,0.0,2.0,0.0,1.0,BANDROL,,2.0,0.0,2.0,0.0,1.0,KULLU,,2.0,0.0,2.0,0.0,1.0,MANDI,,2.0,0.0,2.0,0.0,1.0,SHIMLA,,2.0,0.0,2.0,0.0,1.0,KULLU,,2.0,0.0,2.0,0.0,1.0,SUNDER NAGAR,,2.0,0.0,2.0,0.0,1.0,SHAMSI,,2.0,0.0,2.0,0.0,1.0,KULLU,,2.0,0.0,2.0,0.0,2.0,KULLU,,2.0,0.0,2.0,0.0,N.A.,,0.0,0.0,0.0,0.0,0.0,,0.0,0.0,0.0,0.0,0.0,,0.0,0.0,0.0,0.0,0.0,,0.0,0.0,0.0,0.0,0.0,,0.0,0.0,0.0,0.0,0.0,,0.0,0.0,0.0,0.0,0.0,,0.0,0.0,0.0,0.0,0.0,,0.0,0.0,0.0,0.0,0.0,,0.0,0.0,0.0,0.0,0.0,,0.0,0.0,0.0,0.0,0.0,,0.0,0.0,0.0,0.0,0.0,,0.0,0.0,0.0,0.0,0.0,0.0,0.0,0.0,0.0,1.0,1.0,1.0,2.0,,,2.0,,,2.0,,,1.0,1.0,1.0,2.0,2.0,,,2.0,,,2.0,,,2.0,,,2.0,1.0,2.0,2.0,2.0,1.0,1.0,2.0,2.0,2.0,2.0,2.0,2.0,2.0,1.0,2.0,,2.0,,2.0,,1.0,175128.0,1.0,,2.0,,1.0,,2.0,,2.0,,1.0,,1.0,,2.0,,1.0,,1.0,,1.0,,1.0,,2.0,,2.0,,2.0,,2.0,,1.0,,1.0,,1.0,,1.0,,1.0,,2.0,,2.0,,1.0,,2.0,,1.0,,2.0,b,2.0,,2.0,,2.0,,1.0,,2.0,,2.0,,2.0,,2.0,,2.0,,1.0,,1.0,1.0,2.0,,2.0,,2.0,,2.0,,2.0,,2.0,,1.0,,2.0,,2.0,,1.0,24.0,24.0,1.0,24.0,24.0,1.0,24.0,24.0,1.0,24.0,24.0,WHEAT,DARAT,SHAWL,MAIZE,,CHADAR,MAIZE,0.0,17.96,0.0,10.24,0.0,0.0,0.0,0.0,18.41,9.96,8.45,0.0,0,0,0,8.45,KULLU,10.0,kullu_kullu_village_amenities.csv
,HIMACHAL PRADESH,,Kullu,,Kullu,,Manjhlihar (27/57),,Naggar,2009,KULLU,15.0,KULLU,15,KULLU,15.0,YES,50.88,24.0,106,56.0,50.0,0.0,0.0,0.0,0.0,0.0,0.0,2.0,0.0,2.0,0.0,2.0,RAISON,,2.0,0.0,2.0,0.0,1.0,KHARGA,,2.0,0.0,2.0,0.0,1.0,KHARGA,,2.0,0.0,2.0,0.0,1.0,RAISON,,2.0,0.0,2.0,0.0,1.0,RAISON,,2.0,0.0,2.0,0.0,1.0,KULLU,,2.0,0.0,2.0,0.0,1.0,MANDI,,2.0,0.0,2.0,0.0,1.0,SHIMLA,,2.0,0.0,2.0,0.0,1.0,KULLU,,2.0,0.0,2.0,0.0,1.0,SUNDER NAGAR,,2.0,0.0,2.0,0.0,1.0,SHAMSI,,2.0,0.0,2.0,0.0,1.0,KULLU,,2.0,0.0,2.0,0.0,2.0,KULLU,,2.0,0.0,2.0,0.0,N.A.,,0.0,0.0,0.0,0.0,0.0,,0.0,0.0,0.0,0.0,0.0,,0.0,0.0,0.0,0.0,0.0,,0.0,0.0,0.0,0.0,0.0,,0.0,0.0,0.0,0.0,0.0,,0.0,0.0,0.0,0.0,0.0,,0.0,0.0,0.0,0.0,0.0,,0.0,0.0,0.0,0.0,0.0,,0.0,0.0,0.0,0.0,0.0,,0.0,0.0,0.0,0.0,0.0,,0.0,0.0,0.0,0.0,0.0,,0.0,0.0,0.0,0.0,0.0,0.0,0.0,0.0,0.0,1.0,1.0,1.0,2.0,,,2.0,,,2.0,,,2.0,,,2.0,1.0,1.0,1.0,2.0,,,2.0,,,2.0,,,2.0,2.0,1.0,2.0,2.0,2.0,1.0,2.0,2.0,2.0,2.0,2.0,2.0,2.0,1.0,2.0,,2.0,,2.0,,1.0,175128.0,1.0,,2.0,,1.0,,2.0,,2.0,,1.0,,1.0,,2.0,,2.0,,1.0,,1.0,,2.0,,2.0,,2.0,,2.0,,2.0,,2.0,,1.0,,2.0,,1.0,,1.0,,2.0,,2.0,,1.0,,2.0,,1.0,,2.0,c,2.0,,2.0,,2.0,,2.0,,2.0,,2.0,,2.0,,2.0,,2.0,,2.0,,1.0,1.0,2.0,,2.0,,2.0,,2.0,,2.0,,2.0,,2.0,,1.0,,2.0,,1.0,24.0,24.0,1.0,24.0,24.0,1.0,24.0,24.0,1.0,24.0,24.0,WHEAT,BELCHE,SHWAL,MAIZE,,PATTU,VEGETABLE,0.0,2.12,0.0,39.62,0.0,0.0,0.0,0.0,9.14,9.14,0.0,0.0,0,0,0,0.0,KULLU,15.0,kullu_kullu_village_amenities.csv
,HIMACHAL PRADESH,,Kullu,,Kullu,,Up Muhal Kahudhar,,Naggar,2009,KULLU,13.0,KULLU,13,KULLU,13.0,YES,51.27,19.0,86,50.0,36.0,0.0,0.0,0.0,0.0,0.0,0.0,2.0,0.0,2.0,0.0,2.0,RAISON,,2.0,0.0,2.0,0.0,1.0,KHARAGA,,2.0,0.0,2.0,0.0,1.0,KHARAGA,,2.0,0.0,2.0,0.0,1.0,FOJAL,,2.0,0.0,2.0,0.0,1.0,FOJAK,,2.0,0.0,2.0,0.0,1.0,KULLU,,2.0,0.0,2.0,0.0,1.0,MANDI,,2.0,0.0,2.0,0.0,1.0,SHIMLA,,2.0,0.0,2.0,0.0,1.0,KULLU,,2.0,0.0,2.0,0.0,1.0,SUNDER NAGAR,,2.0,0.0,2.0,0.0,1.0,SHAMSI,,2.0,0.0,2.0,0.0,1.0,KULLU,,2.0,0.0,2.0,0.0,2.0,KULLU,,2.0,0.0,2.0,0.0,N.A.,,0.0,0.0,0.0,0.0,0.0,,0.0,0.0,0.0,0.0,0.0,,0.0,0.0,0.0,0.0,0.0,,0.0,0.0,0.0,0.0,0.0,,0.0,0.0,0.0,0.0,0.0,,0.0,0.0,0.0,0.0,0.0,,0.0,0.0,0.0,0.0,0.0,,0.0,0.0,0.0,0.0,0.0,,0.0,0.0,0.0,0.0,0.0,,0.0,0.0,0.0,0.0,0.0,,0.0,0.0,0.0,0.0,0.0,,0.0,0.0,0.0,0.0,0.0,0.0,0.0,0.0,0.0,1.0,1.0,1.0,2.0,,,2.0,,,2.0,,,2.0,,,2.0,2.0,,,2.0,,,2.0,,,2.0,,,2.0,2.0,1.0,2.0,2.0,2.0,1.0,2.0,2.0,2.0,2.0,2.0,2.0,2.0,1.0,2.0,,2.0,,2.0,,1.0,175128.0,1.0,,2.0,,1.0,,2.0,,2.0,,2.0,,2.0,,2.0,,2.0,,2.0,,2.0,,2.0,,2.0,,2.0,,2.0,,2.0,,2.0,,2.0,,2.0,,2.0,,2.0,,1.0,,2.0,,1.0,,2.0,,1.0,,2.0,c,2.0,,2.0,,2.0,,2.0,,2.0,,2.0,,2.0,,2.0,,2.0,,2.0,,1.0,1.0,2.0,,2.0,,2.0,,2.0,,2.0,,2.0,,2.0,,2.0,,2.0,,1.0,24.0,24.0,1.0,24.0,24.0,1.0,24.0,24.0,1.0,24.0,24.0,WHEAT,KUDAL,CHADAR,MAIZE,,HUNKEY,VEGETABLE,0.0,2.72,0.0,43.49,0.0,0.0,0.0,0.0,5.06,5.06,0.0,0.0,0,0,0,0.0,KULLU,13.0,kullu_kullu_village_amenities.csv
,HIMACHAL PRADESH,,Kullu,,Kullu,,Up Muhal Lohadi,,Naggar,2009,KULLU,14.0,KULLU,14,KULLU,14.0,YES,45.63,20.0,110,53.0,57.0,53.0,26.0,27.0,0.0,0.0,0.0,2.0,0.0,2.0,0.0,2.0,RAISON,,2.0,0.0,2.0,0.0,1.0,KHARGA,,2.0,0.0,2.0,0.0,1.0,KHARG,,2.0,0.0,2.0,0.0,1.0,RAISON,,2.0,0.0,2.0,0.0,1.0,RAISON,,2.0,0.0,2.0,0.0,1.0,KULLU,,2.0,0.0,2.0,0.0,1.0,MANDI,,2.0,0.0,2.0,0.0,1.0,SHIMLA,,2.0,0.0,2.0,0.0,1.0,KULLU,,2.0,0.0,2.0,0.0,1.0,SUNDER NAGAR,,2.0,0.0,2.0,0.0,1.0,SHAMSI,,2.0,0.0,2.0,0.0,1.0,KULLU,,2.0,0.0,2.0,0.0,2.0,KULLU,,2.0,0.0,2.0,0.0,N.A.,,0.0,0.0,0.0,0.0,0.0,,0.0,0.0,0.0,0.0,0.0,,0.0,0.0,0.0,0.0,0.0,,0.0,0.0,0.0,0.0,0.0,,0.0,0.0,0.0,0.0,0.0,,0.0,0.0,0.0,0.0,0.0,,0.0,0.0,0.0,0.0,0.0,,0.0,0.0,0.0,0.0,0.0,,0.0,0.0,0.0,0.0,0.0,,0.0,0.0,0.0,0.0,0.0,,0.0,0.0,0.0,0.0,0.0,,0.0,0.0,0.0,0.0,0.0,0.0,0.0,0.0,0.0,1.0,1.0,1.0,2.0,,,2.0,,,2.0,,,2.0,,,2.0,2.0,,,2.0,,,2.0,,,2.0,,,2.0,2.0,1.0,2.0,2.0,2.0,2.0,2.0,2.0,2.0,2.0,2.0,2.0,2.0,2.0,2.0,,2.0,,2.0,,1.0,175128.0,1.0,,2.0,,2.0,,2.0,,2.0,,2.0,,2.0,,2.0,,2.0,,2.0,,2.0,,2.0,,2.0,,2.0,,2.0,,2.0,,2.0,,2.0,,2.0,,2.0,,2.0,,2.0,,2.0,,2.0,,2.0,,1.0,,2.0,c,2.0,,2.0,,2.0,,2.0,,2.0,,2.0,,2.0,,2.0,,2.0,,2.0,,1.0,1.0,2.0,,2.0,,2.0,,2.0,,2.0,,2.0,,2.0,,2.0,,2.0,,1.0,24.0,24.0,1.0,24.0,24.0,1.0,24.0,24.0,1.0,24.0,24.0,WHEAT,KULAHRI,CHADAR,MAIZE,,SHAWL,VEGETABLE,0.0,2.74,0.0,33.82,0.0,0.0,0.0,0.0,9.07,9.07,0.0,0.0,0,0,0,0.0,KULLU,14.0,kullu_kullu_village_amenities.csv
,HIMACHAL PRADESH,,Kullu,,Kullu,,Up Muhal Sajuni,,Naggar,2009,KULLU,15.0,KULLU,15,KULLU,15.0,YES,40.32,26.0,111,54.0,57.0,0.0,0.0,0.0,0.0,0.0,0.0,2.0,0.0,2.0,0.0,2.0,RAISON,,1.0,1.0,2.0,0.0,,,,2.0,0.0,2.0,0.0,1.0,BEGHI,,2.0,0.0,2.0,0.0,1.0,RAISON,,2.0,0.0,2.0,0.0,1.0,RAISON,,2.0,0.0,2.0,0.0,1.0,KULLU,,2.0,0.0,2.0,0.0,1.0,MANDI,,2.0,0.0,2.0,0.0,1.0,SHIMLA,,2.0,0.0,2.0,0.0,1.0,KULLU,,2.0,0.0,2.0,0.0,1.0,SUNDER NAGAR,,2.0,0.0,2.0,0.0,1.0,SHAMSI,,2.0,0.0,2.0,0.0,1.0,KULLU,,2.0,0.0,2.0,0.0,2.0,KULLU,,2.0,0.0,2.0,0.0,N.A.,,0.0,0.0,0.0,0.0,0.0,,0.0,0.0,0.0,0.0,0.0,,0.0,0.0,0.0,0.0,0.0,,0.0,0.0,0.0,0.0,0.0,,0.0,0.0,0.0,0.0,0.0,,0.0,0.0,0.0,0.0,0.0,,0.0,0.0,0.0,0.0,0.0,,0.0,0.0,0.0,0.0,0.0,,0.0,0.0,0.0,0.0,0.0,,0.0,0.0,0.0,0.0,0.0,,0.0,0.0,0.0,0.0,0.0,,0.0,0.0,0.0,0.0,0.0,0.0,2.0,0.0,0.0,1.0,1.0,1.0,2.0,,,2.0,,,2.0,,,2.0,,,2.0,2.0,,,2.0,,,2.0,,,2.0,,,2.0,2.0,1.0,2.0,2.0,2.0,1.0,2.0,2.0,2.0,2.0,2.0,2.0,2.0,1.0,2.0,,2.0,,2.0,,1.0,175128.0,1.0,,2.0,,1.0,,2.0,,2.0,,1.0,,1.0,,2.0,,1.0,,1.0,,1.0,,1.0,,2.0,,2.0,,2.0,,2.0,,2.0,,1.0,,2.0,,1.0,,1.0,,1.0,,1.0,,1.0,,2.0,,1.0,,2.0,c,2.0,,2.0,,2.0,,1.0,,2.0,,2.0,,2.0,,2.0,,2.0,,1.0,,1.0,1.0,2.0,,2.0,,2.0,,2.0,,2.0,,2.0,,1.0,,2.0,,2.0,,1.0,24.0,24.0,1.0,24.0,24.0,1.0,24.0,24.0,1.0,24.0,24.0,WHEAT,BELCHE,PATTU,MAIZE,,HUNKEY,VEGETABLE,0.0,28.66,0.0,0.0,0.0,0.0,0.0,0.0,11.66,11.66,0.0,0.0,0,0,0,0.0,KULLU,15.0,kullu_kullu_village_amenities.csv
,HIMACHAL PRADESH,,Kullu,,Kullu,,Up Muhal Kharga,,Naggar,2009,KULLU,16.0,KULLU,16,KULLU,16.0,YES,96.0,51.0,263,137.0,126.0,34.0,19.0,15.0,0.0,0.0,0.0,2.0,0.0,2.0,0.0,2.0,RAISON,,1.0,1.0,2.0,0.0,,,,2.0,0.0,2.0,0.0,1.0,RAISON,,2.0,0.0,2.0,0.0,1.0,RAISON,,2.0,0.0,2.0,0.0,1.0,RAISON,,2.0,0.0,2.0,0.0,1.0,KULLU,,2.0,0.0,2.0,0.0,1.0,MANDI,,2.0,0.0,2.0,0.0,1.0,SHIMLA,,2.0,0.0,2.0,0.0,1.0,KULLU,,2.0,0.0,2.0,0.0,1.0,SUNDER NAGAR,,2.0,0.0,2.0,0.0,1.0,SHAMSI,,2.0,0.0,2.0,0.0,1.0,KULLU,,2.0,0.0,2.0,0.0,2.0,KULLU,,2.0,0.0,2.0,0.0,N.A.,,0.0,0.0,0.0,0.0,0.0,,0.0,0.0,0.0,0.0,0.0,,0.0,0.0,0.0,0.0,0.0,,0.0,0.0,0.0,0.0,0.0,,0.0,0.0,0.0,0.0,0.0,,0.0,0.0,0.0,0.0,0.0,,0.0,0.0,0.0,0.0,0.0,,0.0,0.0,0.0,0.0,0.0,,0.0,0.0,0.0,0.0,0.0,,0.0,0.0,0.0,0.0,0.0,,0.0,0.0,0.0,0.0,0.0,,0.0,0.0,0.0,0.0,0.0,0.0,0.0,0.0,0.0,1.0,1.0,1.0,2.0,,,2.0,,,2.0,,,2.0,,,2.0,1.0,1.0,1.0,2.0,,,2.0,,,2.0,,,2.0,2.0,1.0,2.0,2.0,2.0,1.0,2.0,2.0,2.0,2.0,2.0,2.0,2.0,1.0,2.0,,2.0,,2.0,,1.0,175128.0,1.0,,2.0,,1.0,,2.0,,2.0,,1.0,,1.0,,2.0,,2.0,,2.0,,2.0,,2.0,,2.0,,2.0,,2.0,,2.0,,2.0,,2.0,,2.0,,2.0,,2.0,,2.0,,2.0,,2.0,,2.0,,1.0,,2.0,c,2.0,,2.0,,2.0,,1.0,,1.0,,2.0,,2.0,,2.0,,1.0,,1.0,,1.0,1.0,2.0,,2.0,,2.0,,2.0,,2.0,,2.0,,1.0,,1.0,,2.0,,1.0,24.0,24.0,1.0,24.0,24.0,1.0,24.0,24.0,1.0,24.0,24.0,WHEAT,KULAHRI,SHAWL,MAIZE,,PATTU,VEGETABLE,0.0,6.63,0.0,58.49,0.0,0.0,0.0,0.0,30.88,30.88,0.0,0.0,0,0,0,0.0,KULLU,16.0,kullu_kullu_village_amenities.csv
,HIMACHAL PRADESH,,Kullu,,Kullu,,Nathan (24/45),,Naggar,2009,KULLU,28.0,KULLU,28,KULLU,28.0,YES,55.62,73.0,325,174.0,151.0,170.0,93.0,77.0,0.0,0.0,0.0,2.0,0.0,2.0,0.0,2.0,NAGAR,,1.0,1.0,2.0,0.0,,,,1.0,1.0,2.0,0.0,,,,2.0,0.0,2.0,0.0,1.0,LARAN KELOO,,2.0,0.0,2.0,0.0,1.0,NAGAR,,2.0,0.0,2.0,0.0,1.0,HARIPUR,,2.0,0.0,2.0,0.0,1.0,MANDI,,2.0,0.0,2.0,0.0,1.0,SHIMLA,,2.0,0.0,2.0,0.0,1.0,KULLU,,2.0,0.0,2.0,0.0,1.0,SUNDER NAGAR,,2.0,0.0,2.0,0.0,1.0,SHAMSI,,2.0,0.0,2.0,0.0,1.0,KULLU,,2.0,0.0,2.0,0.0,2.0,KULLU,,2.0,0.0,2.0,0.0,N.A.,,0.0,0.0,0.0,0.0,0.0,,0.0,0.0,0.0,0.0,0.0,,0.0,0.0,0.0,0.0,0.0,,0.0,0.0,0.0,0.0,0.0,,0.0,0.0,0.0,0.0,0.0,,0.0,0.0,0.0,0.0,0.0,,0.0,0.0,0.0,0.0,0.0,,0.0,0.0,0.0,0.0,0.0,,0.0,0.0,0.0,0.0,0.0,,0.0,0.0,0.0,0.0,0.0,,0.0,0.0,0.0,0.0,0.0,,0.0,0.0,0.0,0.0,0.0,0.0,0.0,0.0,0.0,1.0,1.0,1.0,2.0,,,2.0,,,2.0,,,2.0,,,2.0,2.0,,,2.0,,,2.0,,,2.0,,,2.0,1.0,2.0,2.0,2.0,1.0,1.0,1.0,2.0,2.0,2.0,2.0,2.0,2.0,1.0,1.0,,2.0,,2.0,,1.0,175130.0,1.0,,2.0,,1.0,,2.0,,2.0,,1.0,,1.0,,2.0,,2.0,,1.0,,1.0,,2.0,,2.0,,2.0,,2.0,,2.0,,2.0,,2.0,,2.0,,2.0,,2.0,,1.0,,2.0,,1.0,,2.0,,1.0,,2.0,b,2.0,,2.0,,2.0,,1.0,,2.0,,2.0,,2.0,,2.0,,2.0,,1.0,,1.0,1.0,2.0,,2.0,,2.0,,2.0,,2.0,,2.0,,1.0,,1.0,,2.0,,1.0,24.0,24.0,1.0,24.0,24.0,1.0,24.0,24.0,1.0,24.0,24.0,MAIZE,KULAHRI,SHAWL,WHEAT,,PATTU,BARLEY,7.56,4.7,0.0,10.11,0.0,2.55,0.0,0.0,30.7,30.7,0.0,0.0,0,0,0,0.0,KULLU,28.0,kullu_kullu_village_amenities.csv
,HIMACHAL PRADESH,,Kullu,,Kullu,,Up Muhal Dalashan,,Naggar,2009,KULLU,20.0,KULLU,20,KULLU,20.0,YES,64.01,84.0,338,155.0,183.0,5.0,2.0,3.0,0.0,0.0,0.0,1.0,1.0,1.0,1.0,,,,2.0,0.0,2.0,0.0,1.0,NATHAN,,1.0,1.0,2.0,0.0,,,,1.0,1.0,2.0,0.0,,,,2.0,0.0,2.0,0.0,1.0,NAGAR,,2.0,0.0,2.0,0.0,1.0,HARIPUR,,2.0,0.0,2.0,0.0,1.0,MANDI,,2.0,0.0,2.0,0.0,1.0,SHIMLA,,2.0,0.0,2.0,0.0,1.0,KULLU,,2.0,0.0,2.0,0.0,1.0,SUNDER NAGAR,,2.0,0.0,2.0,0.0,1.0,SHAMSI,,2.0,0.0,2.0,0.0,1.0,KULLU,,2.0,0.0,2.0,0.0,2.0,KULLU,,2.0,0.0,2.0,0.0,N.A.,,0.0,0.0,0.0,0.0,0.0,,0.0,0.0,0.0,0.0,0.0,,0.0,0.0,0.0,0.0,0.0,,0.0,0.0,0.0,0.0,0.0,,0.0,0.0,0.0,0.0,0.0,,0.0,0.0,0.0,0.0,0.0,,0.0,0.0,0.0,0.0,0.0,,1.0,1.0,1.0,3.0,2.0,,0.0,0.0,0.0,0.0,0.0,,0.0,0.0,0.0,0.0,0.0,,0.0,0.0,0.0,0.0,0.0,,0.0,0.0,0.0,0.0,0.0,0.0,1.0,1.0,0.0,1.0,1.0,1.0,2.0,,,2.0,,,2.0,,,1.0,1.0,1.0,2.0,2.0,,,2.0,,,2.0,,,2.0,,,2.0,1.0,2.0,2.0,2.0,1.0,1.0,1.0,2.0,2.0,2.0,2.0,2.0,2.0,1.0,2.0,,1.0,,2.0,,1.0,175130.0,1.0,,2.0,,1.0,,2.0,,2.0,,1.0,,1.0,,2.0,,1.0,,1.0,,1.0,,2.0,,2.0,,2.0,,2.0,,2.0,,2.0,,1.0,,1.0,,1.0,,1.0,,1.0,,1.0,,1.0,,2.0,,1.0,,2.0,a,2.0,,2.0,,2.0,,1.0,,1.0,,2.0,,2.0,,2.0,,1.0,,1.0,,1.0,1.0,2.0,,2.0,,2.0,,2.0,,2.0,,2.0,,1.0,,1.0,,2.0,,1.0,24.0,24.0,1.0,24.0,24.0,1.0,24.0,24.0,1.0,24.0,24.0,PADDY,DARAT,CAPS,MAIZE,,SHAWL,WHEAT,0.0,9.27,0.0,0.0,0.0,1.57,0.0,0.0,53.17,36.67,16.5,0.0,0,0,0,16.5,KULLU,20.0,kullu_kullu_village_amenities.csv
,HIMACHAL PRADESH,,Kullu,,Kullu,,Up Muhal Nashalla,,Naggar,2009,KULLU,26.0,KULLU,26,KULLU,26.0,YES,26.42,108.0,527,267.0,260.0,94.0,46.0,48.0,6.0,3.0,3.0,1.0,1.0,2.0,0.0,,,,1.0,1.0,2.0,0.0,,,,2.0,0.0,2.0,0.0,1.0,LARAN KELOO,,2.0,0.0,2.0,0.0,1.0,LARAN KELOO,,2.0,0.0,2.0,0.0,1.0,NAGAR,,2.0,0.0,2.0,0.0,1.0,HARIPUR,,2.0,0.0,2.0,0.0,1.0,MANDI,,2.0,0.0,2.0,0.0,1.0,SHIMLA,,2.0,0.0,2.0,0.0,1.0,KULLU,,2.0,0.0,2.0,0.0,1.0,SUNDER NAGAR,,2.0,0.0,2.0,0.0,1.0,SHAMSI,,2.0,0.0,2.0,0.0,1.0,KULLU,,2.0,0.0,2.0,0.0,2.0,KULLU,,2.0,0.0,2.0,0.0,N.A.,,0.0,0.0,0.0,0.0,0.0,,0.0,0.0,0.0,0.0,0.0,,0.0,0.0,0.0,0.0,0.0,,0.0,0.0,0.0,0.0,0.0,,0.0,0.0,0.0,0.0,0.0,,0.0,0.0,0.0,0.0,0.0,,0.0,0.0,0.0,0.0,0.0,,0.0,0.0,0.0,0.0,0.0,,0.0,0.0,0.0,0.0,0.0,,0.0,0.0,0.0,0.0,0.0,,0.0,0.0,0.0,0.0,0.0,,0.0,0.0,0.0,0.0,0.0,0.0,0.0,0.0,0.0,1.0,1.0,1.0,2.0,,,2.0,,,2.0,,,2.0,,,2.0,2.0,,,2.0,,,2.0,,,2.0,,,2.0,1.0,2.0,2.0,2.0,1.0,1.0,1.0,2.0,2.0,2.0,2.0,2.0,2.0,1.0,2.0,,2.0,,2.0,,1.0,175130.0,1.0,,2.0,,1.0,,2.0,,2.0,,1.0,,1.0,,2.0,,1.0,,1.0,,1.0,,1.0,,2.0,,2.0,,2.0,,2.0,,2.0,,2.0,,2.0,,1.0,,1.0,,1.0,,1.0,,1.0,,2.0,,1.0,,2.0,b,2.0,,2.0,,2.0,,1.0,,1.0,,2.0,,2.0,,2.0,,2.0,,1.0,,1.0,1.0,2.0,,1.0,,2.0,,2.0,,2.0,,2.0,,1.0,,1.0,,2.0,,1.0,24.0,24.0,1.0,24.0,24.0,1.0,24.0,24.0,1.0,24.0,24.0,MAIZE,KUDAL,PATTU,PADDY,,SHAWL,WHEAT,0.0,5.43,0.0,2.55,0.0,1.11,0.0,0.0,17.33,10.41,6.92,0.0,0,0,0,6.92,KULLU,26.0,kullu_kullu_village_amenities.csv
,HIMACHAL PRADESH,,Kullu,,Kullu,,Up Muhal Laran Keloo,,Naggar,2009,KULLU,20.0,KULLU,20,KULLU,20.0,YES,52.13,170.0,833,434.0,399.0,380.0,191.0,189.0,55.0,27.0,28.0,1.0,1.0,2.0,0.0,,,,1.0,1.0,1.0,1.0,,,,1.0,1.0,2.0,0.0,,,,1.0,1.0,2.0,0.0,,,,2.0,0.0,2.0,0.0,1.0,NAGAR,,2.0,0.0,2.0,0.0,1.0,HARIPUR,,2.0,0.0,2.0,0.0,1.0,MANDI,,2.0,0.0,2.0,0.0,1.0,SHIMLA,,2.0,0.0,2.0,0.0,1.0,KULLU,,2.0,0.0,2.0,0.0,1.0,SUNDER NAGAR,,2.0,0.0,2.0,0.0,1.0,SHAMSI,,2.0,0.0,2.0,0.0,1.0,KULLU,,2.0,0.0,2.0,0.0,2.0,KULLU,,2.0,0.0,2.0,0.0,N.A.,,0.0,0.0,0.0,0.0,0.0,,0.0,0.0,0.0,0.0,0.0,,0.0,0.0,0.0,0.0,0.0,,0.0,0.0,0.0,0.0,0.0,,0.0,0.0,0.0,0.0,0.0,,0.0,0.0,0.0,0.0,0.0,,0.0,0.0,0.0,0.0,0.0,,0.0,0.0,0.0,0.0,0.0,,0.0,0.0,0.0,0.0,0.0,,0.0,0.0,0.0,0.0,0.0,,0.0,0.0,0.0,0.0,0.0,,0.0,0.0,0.0,0.0,0.0,0.0,0.0,0.0,0.0,1.0,1.0,1.0,2.0,,,2.0,,,2.0,,,2.0,,,2.0,2.0,,,2.0,,,2.0,,,2.0,,,2.0,1.0,2.0,2.0,1.0,2.0,1.0,1.0,2.0,2.0,2.0,2.0,2.0,2.0,1.0,2.0,,1.0,,2.0,,1.0,175130.0,1.0,,2.0,,1.0,,2.0,,2.0,,1.0,,1.0,,2.0,,1.0,,1.0,,1.0,,1.0,,2.0,,2.0,,2.0,,2.0,,2.0,,1.0,,1.0,,1.0,,1.0,,1.0,,1.0,,1.0,,2.0,,1.0,,2.0,a,2.0,,2.0,,2.0,,1.0,,1.0,,2.0,,2.0,,2.0,,1.0,,1.0,,1.0,1.0,2.0,,1.0,,2.0,,2.0,,2.0,,2.0,,1.0,,1.0,,1.0,,1.0,24.0,24.0,1.0,24.0,24.0,1.0,24.0,24.0,1.0,24.0,24.0,MAIZE,KUDAL,PATTU,WHEAT,,HUNKEY,PADDY,0.0,7.16,0.0,2.42,0.0,0.02,0.0,0.0,42.53,42.53,0.0,0.0,0,0,0,0.0,KULLU,20.0,kullu_kullu_village_amenities.csv
,HIMACHAL PRADESH,,Kullu,,Kullu,,Up Muhal Ghod dor,,Naggar,2009,KULLU,20.0,KULLU,20,KULLU,20.0,YES,38.02,30.0,159,75.0,84.0,42.0,16.0,26.0,24.0,10.0,14.0,1.0,1.0,2.0,0.0,,,,1.0,1.0,2.0,0.0,,,,2.0,0.0,2.0,0.0,1.0,LARAN KELOO,,2.0,0.0,2.0,0.0,1.0,LRAN KELOO,,2.0,0.0,2.0,0.0,1.0,NAGAR,,2.0,0.0,2.0,0.0,1.0,HARIPUR,,2.0,0.0,2.0,0.0,1.0,MANDI,,2.0,0.0,2.0,0.0,1.0,SHIMLA,,2.0,0.0,2.0,0.0,1.0,KULLU,,2.0,0.0,2.0,0.0,1.0,SUNDER NAGAR,,2.0,0.0,2.0,0.0,1.0,SHAMSI,,2.0,0.0,2.0,0.0,1.0,KULLU,,2.0,0.0,2.0,0.0,2.0,KULLU,,2.0,0.0,2.0,0.0,N.A.,,0.0,0.0,0.0,0.0,0.0,,0.0,0.0,0.0,0.0,0.0,,0.0,0.0,0.0,0.0,0.0,,0.0,0.0,0.0,0.0,0.0,,0.0,0.0,0.0,0.0,0.0,,0.0,0.0,0.0,0.0,0.0,,0.0,0.0,0.0,0.0,0.0,,0.0,0.0,0.0,0.0,0.0,,0.0,0.0,0.0,0.0,0.0,,0.0,0.0,0.0,0.0,0.0,,0.0,0.0,0.0,0.0,0.0,,0.0,0.0,0.0,0.0,0.0,0.0,0.0,0.0,0.0,1.0,1.0,1.0,2.0,,,2.0,,,2.0,,,1.0,1.0,1.0,2.0,2.0,,,2.0,,,2.0,,,2.0,,,2.0,1.0,2.0,2.0,1.0,2.0,1.0,1.0,2.0,2.0,2.0,2.0,2.0,2.0,1.0,2.0,,2.0,,2.0,,1.0,175130.0,1.0,,2.0,,1.0,,2.0,,2.0,,1.0,,1.0,,2.0,,1.0,,1.0,,1.0,,1.0,,2.0,,2.0,,2.0,,2.0,,2.0,,1.0,,1.0,,1.0,,1.0,,1.0,,1.0,,1.0,,2.0,,1.0,,2.0,a,2.0,,2.0,,2.0,,1.0,,1.0,,2.0,,2.0,,2.0,,2.0,,1.0,,1.0,1.0,2.0,,2.0,,2.0,,2.0,,2.0,,2.0,,1.0,,2.0,,2.0,,1.0,24.0,24.0,1.0,24.0,24.0,1.0,24.0,24.0,1.0,24.0,24.0,MAIZE,DARAT,SHAWL,WHEAT,,HUNKEY,PADDY,0.0,2.66,0.0,0.0,0.0,0.33,0.0,0.0,35.03,35.03,0.0,0.0,0,0,0,0.0,KULLU,20.0,kullu_kullu_village_amenities.csv
,HIMACHAL PRADESH,,Kullu,,Kullu,,Up Muhal Mahilee,,Naggar,2009,KULLU,22.0,KULLU,22,KULLU,22.0,YES,74.15,17.0,65,35.0,30.0,52.0,29.0,23.0,6.0,1.0,5.0,2.0,0.0,2.0,0.0,1.0,GHID DOR,,2.0,0.0,2.0,0.0,1.0,GHOD DOR,,2.0,0.0,2.0,0.0,1.0,LARAN KELOO,,2.0,0.0,2.0,0.0,1.0,NAGAR,,2.0,0.0,2.0,0.0,1.0,NAGAR,,2.0,0.0,2.0,0.0,1.0,HARIPUR,,2.0,0.0,2.0,0.0,1.0,MANDI,,2.0,0.0,2.0,0.0,1.0,SHIMLA,,2.0,0.0,2.0,0.0,1.0,KULLU,,2.0,0.0,2.0,0.0,1.0,SUNDER NAGAR,,2.0,0.0,2.0,0.0,1.0,SHAMSI,,2.0,0.0,2.0,0.0,1.0,KULLU,,2.0,0.0,2.0,0.0,2.0,KULLU,,2.0,0.0,2.0,0.0,N.A.,,0.0,0.0,0.0,0.0,0.0,,0.0,0.0,0.0,0.0,0.0,,0.0,0.0,0.0,0.0,0.0,,0.0,0.0,0.0,0.0,0.0,,0.0,0.0,0.0,0.0,0.0,,0.0,0.0,0.0,0.0,0.0,,0.0,0.0,0.0,0.0,0.0,,0.0,0.0,0.0,0.0,0.0,,0.0,0.0,0.0,0.0,0.0,,0.0,0.0,0.0,0.0,0.0,,0.0,0.0,0.0,0.0,0.0,,0.0,0.0,0.0,0.0,0.0,0.0,0.0,0.0,0.0,1.0,1.0,1.0,2.0,,,2.0,,,2.0,,,2.0,,,2.0,2.0,,,2.0,,,2.0,,,2.0,,,2.0,1.0,2.0,2.0,2.0,1.0,1.0,1.0,2.0,2.0,2.0,2.0,2.0,2.0,1.0,2.0,,1.0,,2.0,,1.0,175130.0,1.0,,2.0,,1.0,,2.0,,2.0,,1.0,,1.0,,2.0,,2.0,,2.0,,2.0,,2.0,,2.0,,2.0,,2.0,,2.0,,2.0,,2.0,,2.0,,2.0,,2.0,,2.0,,2.0,,2.0,,2.0,,1.0,,2.0,a,2.0,,2.0,,2.0,,2.0,,2.0,,2.0,,2.0,,2.0,,2.0,,2.0,,1.0,1.0,2.0,,2.0,,2.0,,2.0,,2.0,,2.0,,1.0,,2.0,,2.0,,1.0,24.0,24.0,1.0,24.0,24.0,1.0,24.0,24.0,1.0,24.0,24.0,MAIZE,DARAT,PATTU,WHEAT,,HUNKEY,VEGETABLE,0.0,53.86,0.0,14.91,0.0,0.0,0.0,0.0,5.38,5.38,0.0,0.0,0,0,0,0.0,KULLU,22.0,kullu_kullu_village_amenities.csv
,HIMACHAL PRADESH,,Kullu,,Kullu,,Up Muhal Hirnee,,Naggar,2009,KULLU,19.0,KULLU,19,KULLU,19.0,YES,43.22,57.0,267,124.0,143.0,12.0,4.0,8.0,31.0,13.0,18.0,2.0,0.0,2.0,0.0,1.0,GHOD DOR,,1.0,1.0,2.0,0.0,,,,2.0,0.0,2.0,0.0,1.0,LARAN KELOO,,2.0,0.0,2.0,0.0,1.0,LARAN KELOO,,2.0,0.0,2.0,0.0,1.0,NAGAR,,2.0,0.0,2.0,0.0,1.0,HARIPUR,,2.0,0.0,2.0,0.0,1.0,MANDI,,2.0,0.0,2.0,0.0,1.0,SHIMLA,,2.0,0.0,2.0,0.0,1.0,KULLU,,2.0,0.0,2.0,0.0,1.0,SUNDER NAGAR,,2.0,0.0,2.0,0.0,1.0,SHAMSI,,2.0,0.0,2.0,0.0,1.0,KULLU,,2.0,0.0,2.0,0.0,2.0,KULLU,,2.0,0.0,2.0,0.0,N.A.,,0.0,0.0,0.0,0.0,0.0,,0.0,0.0,0.0,0.0,0.0,,0.0,0.0,0.0,0.0,0.0,,0.0,0.0,0.0,0.0,0.0,,0.0,0.0,0.0,0.0,0.0,,0.0,0.0,0.0,0.0,0.0,,0.0,0.0,0.0,0.0,0.0,,0.0,0.0,0.0,0.0,0.0,,0.0,0.0,0.0,0.0,0.0,,0.0,0.0,0.0,0.0,0.0,,0.0,0.0,0.0,0.0,0.0,,0.0,0.0,0.0,0.0,0.0,0.0,0.0,0.0,0.0,1.0,1.0,1.0,2.0,,,2.0,,,2.0,,,2.0,,,2.0,2.0,,,2.0,,,2.0,,,2.0,,,2.0,1.0,2.0,2.0,2.0,1.0,1.0,1.0,2.0,2.0,2.0,2.0,2.0,2.0,1.0,2.0,,2.0,,2.0,,1.0,175130.0,1.0,,2.0,,1.0,,2.0,,2.0,,1.0,,1.0,,2.0,,1.0,,1.0,,1.0,,1.0,,2.0,,2.0,,2.0,,2.0,,2.0,,1.0,,1.0,,1.0,,1.0,,1.0,,1.0,,1.0,,2.0,,1.0,,2.0,a,2.0,,2.0,,2.0,,1.0,,2.0,,2.0,,2.0,,2.0,,1.0,,1.0,,1.0,1.0,2.0,,2.0,,2.0,,2.0,,2.0,,2.0,,1.0,,2.0,,2.0,,1.0,24.0,24.0,1.0,24.0,24.0,1.0,24.0,24.0,1.0,24.0,24.0,MAIZE,KULAHRI,SHAWL,PADDY,,PATTU,WHEAT,0.0,8.43,0.0,1.29,0.0,1.27,0.0,0.0,32.23,21.18,11.05,0.0,0,0,0,11.05,KULLU,19.0,kullu_kullu_village_amenities.csv
,HIMACHAL PRADESH,,Kullu,,Kullu,,Up Muhal Bhiyalee,,Naggar,2009,KULLU,19.0,KULLU,19,KULLU,19.0,YES,46.28,42.0,178,98.0,80.0,46.0,29.0,17.0,18.0,10.0,8.0,1.0,1.0,2.0,0.0,,,,1.0,1.0,2.0,0.0,,,,2.0,0.0,2.0,0.0,1.0,LARAN KELOO,,2.0,0.0,2.0,0.0,1.0,LARAN KELOO,,2.0,0.0,2.0,0.0,1.0,NAGAR,,2.0,0.0,2.0,0.0,1.0,HARIPUR,,2.0,0.0,2.0,0.0,1.0,MANDI,,2.0,0.0,2.0,0.0,1.0,SHIMLA,,2.0,0.0,2.0,0.0,1.0,KULLU,,2.0,0.0,2.0,0.0,1.0,SUNDER NAGAR,,2.0,0.0,2.0,0.0,1.0,SHAMSI,,2.0,0.0,2.0,0.0,1.0,KULLU,,2.0,0.0,2.0,0.0,2.0,KULLU,,2.0,0.0,2.0,0.0,N.A.,,0.0,0.0,0.0,0.0,0.0,,0.0,0.0,0.0,0.0,0.0,,0.0,0.0,0.0,0.0,0.0,,0.0,0.0,0.0,0.0,0.0,,0.0,0.0,0.0,0.0,0.0,,0.0,0.0,0.0,0.0,0.0,,0.0,0.0,0.0,0.0,0.0,,0.0,0.0,0.0,0.0,0.0,,0.0,0.0,0.0,0.0,0.0,,0.0,0.0,0.0,0.0,0.0,,0.0,0.0,0.0,0.0,0.0,,0.0,0.0,0.0,0.0,0.0,0.0,1.0,1.0,0.0,1.0,1.0,1.0,2.0,,,2.0,,,2.0,,,2.0,,,2.0,2.0,,,2.0,,,2.0,,,2.0,,,2.0,1.0,2.0,2.0,2.0,1.0,1.0,1.0,2.0,2.0,2.0,2.0,2.0,2.0,1.0,2.0,,2.0,,2.0,,1.0,175130.0,1.0,,2.0,,1.0,,2.0,,2.0,,1.0,,1.0,,2.0,,2.0,,1.0,,1.0,,1.0,,2.0,,2.0,,2.0,,2.0,,2.0,,1.0,,2.0,,1.0,,1.0,,1.0,,1.0,,1.0,,2.0,,1.0,,2.0,a,2.0,,2.0,,2.0,,2.0,,2.0,,2.0,,2.0,,2.0,,2.0,,1.0,,1.0,1.0,2.0,,2.0,,2.0,,2.0,,2.0,,2.0,,1.0,,2.0,,2.0,,1.0,24.0,24.0,1.0,24.0,24.0,1.0,24.0,24.0,1.0,24.0,24.0,MAIZE,KUDAL,SHAWL,PADDY,,HUNKEY,WHEAT,0.0,6.29,0.0,8.09,0.0,1.49,0.0,0.0,30.41,30.41,0.0,0.0,0,0,0,0.0,KULLU,19.0,kullu_kullu_village_amenities.csv
,HIMACHAL PRADESH,,Kullu,,Kullu,,Up Muhal Chatee,,Naggar,2009,KULLU,19.0,KULLU,19,KULLU,19.0,YES,37.53,23.0,92,51.0,41.0,0.0,0.0,0.0,0.0,0.0,0.0,2.0,0.0,2.0,0.0,1.0,LARAN KELOO,,2.0,0.0,2.0,0.0,1.0,LARAN KELOO,,2.0,0.0,2.0,0.0,1.0,LARAN KELOO,,2.0,0.0,2.0,0.0,2.0,LARAN KELOO,,2.0,0.0,2.0,0.0,1.0,NAGAR,,2.0,0.0,2.0,0.0,1.0,HARIPUR,,2.0,0.0,2.0,0.0,1.0,MANDI,,2.0,0.0,2.0,0.0,1.0,SHIMLA,,2.0,0.0,2.0,0.0,1.0,KULLU,,2.0,0.0,2.0,0.0,1.0,SUNDER NAGAR,,2.0,0.0,2.0,0.0,1.0,SHAMSI,,2.0,0.0,2.0,0.0,1.0,KULLU,,2.0,0.0,2.0,0.0,2.0,KULLU,,2.0,0.0,2.0,0.0,N.A.,,0.0,0.0,0.0,0.0,0.0,,0.0,0.0,0.0,0.0,0.0,,0.0,0.0,0.0,0.0,0.0,,0.0,0.0,0.0,0.0,0.0,,0.0,0.0,0.0,0.0,0.0,,0.0,0.0,0.0,0.0,0.0,,0.0,0.0,0.0,0.0,0.0,,0.0,0.0,0.0,0.0,0.0,,0.0,0.0,0.0,0.0,0.0,,0.0,0.0,0.0,0.0,0.0,,0.0,0.0,0.0,0.0,0.0,,0.0,0.0,0.0,0.0,0.0,0.0,0.0,0.0,0.0,1.0,1.0,1.0,2.0,,,2.0,,,2.0,,,1.0,1.0,1.0,2.0,2.0,,,2.0,,,2.0,,,2.0,,,2.0,1.0,2.0,2.0,2.0,1.0,1.0,1.0,2.0,2.0,2.0,2.0,2.0,2.0,1.0,2.0,,2.0,,2.0,,1.0,175130.0,1.0,,2.0,,1.0,,2.0,,2.0,,1.0,,1.0,,2.0,,1.0,,1.0,,1.0,,1.0,,2.0,,2.0,,2.0,,2.0,,2.0,,1.0,,1.0,,1.0,,1.0,,1.0,,1.0,,1.0,,2.0,,1.0,,2.0,a,2.0,,2.0,,2.0,,2.0,,2.0,,2.0,,2.0,,2.0,,2.0,,1.0,,1.0,1.0,2.0,,2.0,,2.0,,2.0,,2.0,,2.0,,1.0,,2.0,,2.0,,1.0,24.0,24.0,1.0,24.0,24.0,1.0,24.0,24.0,1.0,24.0,24.0,MAIZE,KUDAL,PATTU,PADDY,,HUNKEY,WHEAT,0.0,4.17,0.0,0.94,0.0,0.51,0.0,0.0,31.91,8.81,23.1,0.0,0,0,0,23.1,KULLU,19.0,kullu_kullu_village_amenities.csv
,HIMACHAL PRADESH,,Kullu,,Kullu,,Up Muhal Nayanu sari,,Naggar,2009,KULLU,25.0,KULLU,25,KULLU,25.0,YES,24.47,94.0,427,207.0,220.0,0.0,0.0,0.0,4.0,2.0,2.0,2.0,0.0,2.0,0.0,1.0,NASHALLA,,2.0,0.0,2.0,0.0,1.0,NASHALLA,,2.0,0.0,2.0,0.0,1.0,LARAN KELOO,,2.0,0.0,2.0,0.0,1.0,LARAN KELOO,,2.0,0.0,2.0,0.0,1.0,NAGAR,,2.0,0.0,2.0,0.0,1.0,HARIPUR,,2.0,0.0,2.0,0.0,1.0,MANDI,,2.0,0.0,2.0,0.0,1.0,SHIMLA,,2.0,0.0,2.0,0.0,1.0,KULLU,,2.0,0.0,2.0,0.0,1.0,SUNDER NAGAR,,2.0,0.0,2.0,0.0,1.0,SHAMSI,,2.0,0.0,2.0,0.0,1.0,KULLU,,2.0,0.0,2.0,0.0,2.0,KULLU,,2.0,0.0,2.0,0.0,N.A.,,0.0,0.0,0.0,0.0,0.0,,0.0,0.0,0.0,0.0,0.0,,0.0,0.0,0.0,0.0,0.0,,0.0,0.0,0.0,0.0,0.0,,0.0,0.0,0.0,0.0,0.0,,0.0,0.0,0.0,0.0,0.0,,0.0,0.0,0.0,0.0,0.0,,0.0,0.0,0.0,0.0,0.0,,0.0,0.0,0.0,0.0,0.0,,0.0,0.0,0.0,0.0,0.0,,0.0,0.0,0.0,0.0,0.0,,0.0,0.0,0.0,0.0,0.0,0.0,0.0,0.0,0.0,1.0,1.0,1.0,2.0,,,2.0,,,2.0,,,2.0,,,2.0,2.0,,,2.0,,,2.0,,,2.0,,,2.0,1.0,2.0,2.0,1.0,2.0,1.0,1.0,2.0,2.0,2.0,2.0,2.0,2.0,1.0,2.0,,2.0,,2.0,,1.0,175130.0,1.0,,2.0,,1.0,,2.0,,2.0,,1.0,,1.0,,2.0,,1.0,,1.0,,1.0,,1.0,,2.0,,2.0,,2.0,,2.0,,2.0,,2.0,,2.0,,1.0,,1.0,,1.0,,1.0,,1.0,,2.0,,1.0,,2.0,b,2.0,,2.0,,2.0,,1.0,,2.0,,2.0,,2.0,,2.0,,2.0,,1.0,,1.0,1.0,2.0,,2.0,,2.0,,2.0,,2.0,,2.0,,1.0,,2.0,,2.0,,1.0,24.0,24.0,1.0,24.0,24.0,1.0,24.0,24.0,1.0,24.0,24.0,MAIZE,BELCHE,SHAWL,PADDY,,HUNKEY,WHEAT,0.0,2.92,0.0,1.4,0.0,0.19,0.0,0.0,19.96,14.97,4.99,0.0,0,0,0,4.99,KULLU,25.0,kullu_kullu_village_amenities.csv
,HIMACHAL PRADESH,,Kullu,,Kullu,,Up Muhal Paljot,,Naggar,2009,KULLU,28.0,KULLU,28,KULLU,28.0,YES,52.84,7.0,32,11.0,21.0,0.0,0.0,0.0,0.0,0.0,0.0,2.0,0.0,2.0,0.0,1.0,NASHALLA,,2.0,0.0,2.0,0.0,1.0,NASHALLA,,2.0,0.0,2.0,0.0,1.0,LARAN KELOO,,2.0,0.0,2.0,0.0,1.0,LARAN KELOO,,2.0,0.0,2.0,0.0,1.0,NAGAR,,2.0,0.0,2.0,0.0,1.0,HARIPUR,,2.0,0.0,2.0,0.0,1.0,MANDI,,2.0,0.0,2.0,0.0,1.0,SHIMLA,,2.0,0.0,2.0,0.0,1.0,KULLU,,2.0,0.0,2.0,0.0,1.0,SUNDER NAGAR,,2.0,0.0,2.0,0.0,1.0,SHAMSI,,2.0,0.0,2.0,0.0,1.0,KULLU,,2.0,0.0,2.0,0.0,2.0,KULLU,,2.0,0.0,2.0,0.0,N.A.,,0.0,0.0,0.0,0.0,0.0,,0.0,0.0,0.0,0.0,0.0,,0.0,0.0,0.0,0.0,0.0,,0.0,0.0,0.0,0.0,0.0,,0.0,0.0,0.0,0.0,0.0,,0.0,0.0,0.0,0.0,0.0,,0.0,0.0,0.0,0.0,0.0,,0.0,0.0,0.0,0.0,0.0,,0.0,0.0,0.0,0.0,0.0,,0.0,0.0,0.0,0.0,0.0,,0.0,0.0,0.0,0.0,0.0,,0.0,0.0,0.0,0.0,0.0,0.0,0.0,0.0,0.0,1.0,1.0,1.0,2.0,,,2.0,,,2.0,,,2.0,,,2.0,2.0,,,2.0,,,2.0,,,2.0,,,2.0,1.0,2.0,2.0,2.0,1.0,1.0,1.0,2.0,2.0,2.0,2.0,2.0,2.0,1.0,2.0,,2.0,,2.0,,1.0,175130.0,1.0,,2.0,,1.0,,2.0,,2.0,,1.0,,1.0,,2.0,,2.0,,1.0,,1.0,,1.0,,2.0,,2.0,,2.0,,2.0,,2.0,,2.0,,2.0,,1.0,,2.0,,1.0,,2.0,,1.0,,2.0,,1.0,,2.0,a,2.0,,2.0,,2.0,,1.0,,2.0,,2.0,,2.0,,2.0,,2.0,,1.0,,1.0,1.0,2.0,,2.0,,2.0,,2.0,,2.0,,2.0,,2.0,,2.0,,2.0,,1.0,24.0,24.0,1.0,24.0,24.0,1.0,24.0,24.0,1.0,24.0,24.0,MAIZE,KUDAL,HUNKEY,PADDY,,PATTU,WHEAT,0.0,5.04,0.0,9.3,0.0,1.04,0.0,0.0,37.46,12.03,25.43,0.0,0,0,0,25.43,KULLU,28.0,kullu_kullu_village_amenities.csv
,HIMACHAL PRADESH,,Kullu,,Kullu,,Up Muhal Shanshr,,Naggar,2009,KULLU,29.0,KULLU,29,KULLU,29.0,YES,35.55,5.0,19,13.0,6.0,0.0,0.0,0.0,0.0,0.0,0.0,2.0,0.0,2.0,0.0,1.0,NATHAN,,2.0,0.0,2.0,0.0,1.0,NATHAN,,2.0,0.0,2.0,0.0,1.0,LARAN KELOO,,2.0,0.0,2.0,0.0,1.0,NAGAR,,2.0,0.0,2.0,0.0,1.0,NAGAR,,2.0,0.0,2.0,0.0,1.0,HARIPUR,,2.0,0.0,2.0,0.0,1.0,MANDI,,2.0,0.0,2.0,0.0,1.0,SHIMLA,,2.0,0.0,2.0,0.0,1.0,KULLU,,2.0,0.0,2.0,0.0,1.0,SUNDER NAGAR,,2.0,0.0,2.0,0.0,1.0,SHAMSI,,2.0,0.0,2.0,0.0,1.0,KULLU,,2.0,0.0,2.0,0.0,2.0,KULLU,,2.0,0.0,2.0,0.0,N.A.,,0.0,0.0,0.0,0.0,0.0,,0.0,0.0,0.0,0.0,0.0,,0.0,0.0,0.0,0.0,0.0,,0.0,0.0,0.0,0.0,0.0,,0.0,0.0,0.0,0.0,0.0,,0.0,0.0,0.0,0.0,0.0,,0.0,0.0,0.0,0.0,0.0,,0.0,0.0,0.0,0.0,0.0,,0.0,0.0,0.0,0.0,0.0,,0.0,0.0,0.0,0.0,0.0,,0.0,0.0,0.0,0.0,0.0,,0.0,0.0,0.0,0.0,0.0,0.0,0.0,0.0,0.0,1.0,1.0,1.0,2.0,,,2.0,,,2.0,,,2.0,,,2.0,2.0,,,2.0,,,2.0,,,2.0,,,2.0,2.0,1.0,2.0,2.0,2.0,1.0,2.0,2.0,2.0,2.0,2.0,2.0,2.0,1.0,2.0,,2.0,,2.0,,1.0,175130.0,1.0,,2.0,,1.0,,2.0,,2.0,,2.0,,2.0,,2.0,,2.0,,2.0,,2.0,,2.0,,2.0,,2.0,,2.0,,2.0,,2.0,,2.0,,2.0,,2.0,,2.0,,2.0,,2.0,,2.0,,2.0,,1.0,,2.0,a,2.0,,2.0,,2.0,,2.0,,2.0,,2.0,,2.0,,2.0,,2.0,,2.0,,1.0,1.0,2.0,,2.0,,2.0,,2.0,,2.0,,2.0,,2.0,,2.0,,2.0,,1.0,24.0,24.0,1.0,24.0,24.0,1.0,24.0,24.0,1.0,24.0,24.0,MAIZE,PADDY,PATTU,WHEAT,,HUNKEY,BARLEY,12.5,0.78,0.0,0.38,0.0,3.7,0.0,0.0,18.19,18.19,0.0,0.0,0,0,0,0.0,KULLU,29.0,kullu_kullu_village_amenities.csv
,HIMACHAL PRADESH,,Kullu,,Kullu,,Up Muhal Tilla Shadnee,,Naggar,2009,KULLU,23.0,KULLU,23,KULLU,23.0,YES,40.18,7.0,40,16.0,24.0,0.0,0.0,0.0,0.0,0.0,0.0,2.0,0.0,2.0,0.0,1.0,NASHALLA,,2.0,0.0,2.0,0.0,1.0,NASHALLA,,2.0,0.0,2.0,0.0,1.0,LARAN KELOO,,2.0,0.0,2.0,0.0,1.0,LARAN KELOO,,2.0,0.0,2.0,0.0,1.0,NAGAR,,2.0,0.0,2.0,0.0,1.0,KULLU,,2.0,0.0,2.0,0.0,1.0,MANDI,,2.0,0.0,2.0,0.0,1.0,SHIMLA,,2.0,0.0,2.0,0.0,1.0,KULLU,,2.0,0.0,2.0,0.0,1.0,SUNDER NAGAR,,2.0,0.0,2.0,0.0,1.0,SHAMSI,,2.0,0.0,2.0,0.0,1.0,KULLU,,2.0,0.0,2.0,0.0,2.0,KULLU,,2.0,0.0,2.0,0.0,N.A.,,0.0,0.0,0.0,0.0,0.0,,0.0,0.0,0.0,0.0,0.0,,0.0,0.0,0.0,0.0,0.0,,0.0,0.0,0.0,0.0,0.0,,0.0,0.0,0.0,0.0,0.0,,0.0,0.0,0.0,0.0,0.0,,0.0,0.0,0.0,0.0,0.0,,0.0,0.0,0.0,0.0,0.0,,0.0,0.0,0.0,0.0,0.0,,0.0,0.0,0.0,0.0,0.0,,0.0,0.0,0.0,0.0,0.0,,0.0,0.0,0.0,0.0,0.0,0.0,0.0,0.0,0.0,1.0,1.0,1.0,2.0,,,2.0,,,2.0,,,2.0,,,2.0,2.0,,,2.0,,,2.0,,,2.0,,,2.0,2.0,1.0,2.0,2.0,2.0,1.0,1.0,2.0,2.0,2.0,2.0,2.0,2.0,1.0,2.0,,2.0,,2.0,,1.0,175130.0,1.0,,2.0,,1.0,,2.0,,2.0,,2.0,,2.0,,2.0,,2.0,,2.0,,2.0,,2.0,,2.0,,2.0,,2.0,,2.0,,2.0,,2.0,,2.0,,2.0,,2.0,,2.0,,2.0,,2.0,,2.0,,1.0,,2.0,a,2.0,,2.0,,2.0,,2.0,,2.0,,2.0,,2.0,,2.0,,2.0,,1.0,,1.0,1.0,2.0,,2.0,,2.0,,2.0,,2.0,,2.0,,2.0,,2.0,,2.0,,1.0,24.0,24.0,1.0,24.0,24.0,1.0,24.0,24.0,1.0,24.0,24.0,MAIZE,BELCHE,PATTU,WHEAT,,HUNKEY,BARLEY,0.0,1.18,0.0,20.8,0.0,1.71,0.0,0.0,16.49,16.49,0.0,0.0,0,0,0,0.0,KULLU,23.0,kullu_kullu_village_amenities.csv
,HIMACHAL PRADESH,,Kullu,,Kullu,,Up Muhal Kharol,,Naggar,2009,KULLU,25.0,KULLU,25,KULLU,25.0,YES,28.98,1.0,7,4.0,3.0,0.0,0.0,0.0,0.0,0.0,0.0,2.0,0.0,2.0,0.0,1.0,NASHALLA,,2.0,0.0,2.0,0.0,1.0,NASHALLA,,2.0,0.0,2.0,0.0,1.0,LARAN KELOO,,2.0,0.0,2.0,0.0,1.0,LARAN KELOO,,2.0,0.0,2.0,0.0,1.0,NAGAR,,2.0,0.0,2.0,0.0,1.0,HARIPUR,,2.0,0.0,2.0,0.0,1.0,MANDI,,2.0,0.0,2.0,0.0,1.0,SHIMLA,,2.0,0.0,2.0,0.0,1.0,KULLU,,2.0,0.0,2.0,0.0,1.0,SUNDER NAGAR,,2.0,0.0,2.0,0.0,1.0,SHAMSI,,2.0,0.0,2.0,0.0,1.0,KULLU,,2.0,0.0,2.0,0.0,2.0,KULLU,,2.0,0.0,2.0,0.0,N.A.,,0.0,0.0,0.0,0.0,0.0,,0.0,0.0,0.0,0.0,0.0,,0.0,0.0,0.0,0.0,0.0,,0.0,0.0,0.0,0.0,0.0,,0.0,0.0,0.0,0.0,0.0,,0.0,0.0,0.0,0.0,0.0,,0.0,0.0,0.0,0.0,0.0,,0.0,0.0,0.0,0.0,0.0,,0.0,0.0,0.0,0.0,0.0,,0.0,0.0,0.0,0.0,0.0,,0.0,0.0,0.0,0.0,0.0,,0.0,0.0,0.0,0.0,0.0,0.0,0.0,0.0,0.0,1.0,1.0,1.0,2.0,,,2.0,,,2.0,,,2.0,,,2.0,2.0,,,2.0,,,2.0,,,2.0,,,2.0,2.0,1.0,2.0,2.0,2.0,1.0,1.0,2.0,2.0,2.0,2.0,2.0,2.0,1.0,2.0,,2.0,,2.0,,1.0,175130.0,1.0,,2.0,,1.0,,2.0,,2.0,,2.0,,2.0,,2.0,,2.0,,2.0,,2.0,,2.0,,2.0,,2.0,,2.0,,2.0,,2.0,,2.0,,2.0,,2.0,,2.0,,1.0,,2.0,,1.0,,2.0,,1.0,,2.0,b,2.0,,2.0,,2.0,,2.0,,2.0,,2.0,,2.0,,2.0,,2.0,,2.0,,1.0,1.0,2.0,,2.0,,2.0,,2.0,,2.0,,2.0,,2.0,,2.0,,2.0,,1.0,24.0,24.0,1.0,24.0,24.0,1.0,24.0,24.0,1.0,24.0,24.0,MAIZE,KUDAL,SHAWL,WHEAT,,HUNKEY,BARLEY,19.02,0.77,0.0,0.95,0.0,1.81,0.0,0.0,6.43,6.43,0.0,0.0,0,0,0,0.0,KULLU,25.0,kullu_kullu_village_amenities.csv
,HIMACHAL PRADESH,,Kullu,,Kullu,,Up Muhal Dhanaseri,,Naggar,2009,KULLU,27.0,KULLU,27,KULLU,27.0,YES,10.57,,0,,,,,,,,,,,,,,,,,,,,,,,,,,,,,,,,,,,,,,,,,,,,,,,,,,,,,,,,,,,,,,,,,,,,,,,,,,,,,,,,,,,,,,,,,,,,,,,,,,,,,,,,,,,,,,,,,,,,,,,,,,,,,,,,,,,,,,,,,,,,,,,,,,,,,,,,,,,,,,,,,,,,,,,,,,,,,,,,,,,,,,,,,,,,,,,,,,,,,,,,,,,,,,,,,,,,,,,,,,,,,,,,,,,,,,,,,,,,,,,,,,,,,,,,,,,,,,,,,,,,,,,,,,,,,,,,,,,,,,,,,,,,,,,,,,,,,,,,,,,,,,,,,,,,,,,,,,,,,,,,,,,,,,,,,,,,,,,,,,,,,,,,,0.0,0.22,0.0,7.38,0.0,0.77,0.0,0.0,2.2,2.2,0.0,0.0,0,0,0,0.0,KULLU,27.0,kullu_kullu_village_amenities.csv
,HIMACHAL PRADESH,,Kullu,,Kullu,,Up Muhal Thach,,Naggar,2009,KULLU,30.0,KULLU,30,KULLU,30.0,YES,1.15,,0,,,,,,,,,,,,,,,,,,,,,,,,,,,,,,,,,,,,,,,,,,,,,,,,,,,,,,,,,,,,,,,,,,,,,,,,,,,,,,,,,,,,,,,,,,,,,,,,,,,,,,,,,,,,,,,,,,,,,,,,,,,,,,,,,,,,,,,,,,,,,,,,,,,,,,,,,,,,,,,,,,,,,,,,,,,,,,,,,,,,,,,,,,,,,,,,,,,,,,,,,,,,,,,,,,,,,,,,,,,,,,,,,,,,,,,,,,,,,,,,,,,,,,,,,,,,,,,,,,,,,,,,,,,,,,,,,,,,,,,,,,,,,,,,,,,,,,,,,,,,,,,,,,,,,,,,,,,,,,,,,,,,,,,,,,,,,,,,,,,,,,,,,0.0,0.31,0.0,0.57,0.0,0.0,0.0,0.0,0.27,0.27,0.0,0.0,0,0,0,0.0,KULLU,30.0,kullu_kullu_village_amenities.csv
,HIMACHAL PRADESH,,Kullu,,Kullu,,Up Muhal Ganesh Naggar,,Naggar,2009,KULLU,20.0,KULLU,20,KULLU,20.0,YES,41.51,121.0,542,266.0,276.0,71.0,39.0,32.0,64.0,30.0,34.0,1.0,1.0,2.0,0.0,,,,1.0,1.0,2.0,0.0,,,,2.0,0.0,2.0,0.0,1.0,LARAN KELOO,,2.0,0.0,2.0,0.0,1.0,LARAN KELOO,,2.0,0.0,2.0,0.0,1.0,NAGAR,,2.0,0.0,2.0,0.0,1.0,HARIPUR,,2.0,0.0,2.0,0.0,1.0,MANDI,,2.0,0.0,2.0,0.0,1.0,SHIMLA,,2.0,0.0,2.0,0.0,1.0,KULLU,,2.0,0.0,2.0,0.0,1.0,SUNDER NAGAR,,2.0,0.0,2.0,0.0,1.0,SHAMSI,,2.0,0.0,2.0,0.0,1.0,KULLU,,2.0,0.0,2.0,0.0,2.0,KULLU,,2.0,0.0,2.0,0.0,N.A.,,0.0,0.0,0.0,0.0,0.0,,0.0,0.0,0.0,0.0,0.0,,0.0,0.0,0.0,0.0,0.0,,0.0,0.0,0.0,0.0,0.0,,0.0,0.0,0.0,0.0,0.0,,0.0,0.0,0.0,0.0,0.0,,0.0,0.0,0.0,0.0,0.0,,0.0,0.0,0.0,0.0,0.0,,1.0,1.0,1.0,2.0,2.0,,0.0,0.0,0.0,0.0,0.0,,0.0,0.0,0.0,0.0,0.0,,0.0,0.0,0.0,0.0,0.0,0.0,1.0,1.0,0.0,1.0,1.0,1.0,2.0,,,2.0,,,2.0,,,1.0,1.0,1.0,2.0,2.0,,,2.0,,,2.0,,,2.0,,,2.0,1.0,2.0,2.0,2.0,1.0,1.0,1.0,2.0,2.0,2.0,2.0,2.0,2.0,1.0,2.0,,2.0,,2.0,,1.0,175130.0,1.0,,2.0,,1.0,,2.0,,2.0,,1.0,,1.0,,2.0,,1.0,,1.0,,1.0,,2.0,,2.0,,2.0,,2.0,,2.0,,2.0,,1.0,,1.0,,1.0,,1.0,,1.0,,1.0,,1.0,,2.0,,1.0,,2.0,a,2.0,,2.0,,2.0,,1.0,,2.0,,2.0,,2.0,,2.0,,2.0,,1.0,,1.0,1.0,2.0,,2.0,,2.0,,2.0,,2.0,,2.0,,1.0,,1.0,,2.0,,1.0,24.0,24.0,1.0,24.0,24.0,1.0,24.0,24.0,1.0,24.0,24.0,MAIZE,,,PADDY,,,WHEAT,0.0,6.06,0.0,1.27,0.0,1.55,0.0,0.0,32.63,26.61,6.02,0.0,0,0,0,6.02,KULLU,20.0,kullu_kullu_village_amenities.csv
,HIMACHAL PRADESH,,Kullu,,Kullu,,Jana (24/46),,Naggar,2009,KULLU,36.0,KULLU,36,KULLU,36.0,YES,53.93,174.0,884,456.0,428.0,325.0,170.0,155.0,1.0,0.0,1.0,1.0,1.0,2.0,0.0,,,,1.0,1.0,2.0,0.0,,,,1.0,1.0,2.0,0.0,,,,2.0,0.0,2.0,0.0,1.0,NAGAR,,2.0,0.0,2.0,0.0,1.0,NAGAR,,2.0,0.0,2.0,0.0,1.0,KULLU,,2.0,0.0,2.0,0.0,1.0,MANDI,,2.0,0.0,2.0,0.0,1.0,SHIMLA,,2.0,0.0,2.0,0.0,1.0,KULLU,,2.0,0.0,2.0,0.0,1.0,SUNDER NAGAR,,2.0,0.0,2.0,0.0,1.0,SHAIMSI,,2.0,0.0,2.0,0.0,2.0,KULLU,,2.0,0.0,2.0,0.0,1.0,KULLU,,2.0,0.0,2.0,0.0,N.A.,,0.0,0.0,0.0,0.0,0.0,,0.0,0.0,0.0,0.0,0.0,,1.0,1.0,1.0,1.0,1.0,,0.0,0.0,0.0,0.0,0.0,,0.0,0.0,0.0,0.0,0.0,,0.0,0.0,0.0,0.0,0.0,,0.0,0.0,0.0,0.0,0.0,,0.0,0.0,0.0,0.0,0.0,,1.0,1.0,1.0,1.0,1.0,,0.0,0.0,0.0,0.0,0.0,,0.0,0.0,0.0,0.0,0.0,,0.0,0.0,0.0,0.0,0.0,0.0,0.0,0.0,0.0,1.0,1.0,1.0,2.0,,,2.0,,,2.0,,,2.0,,,2.0,2.0,,,2.0,,,2.0,,,2.0,,,2.0,1.0,2.0,2.0,2.0,1.0,1.0,2.0,2.0,2.0,2.0,2.0,2.0,2.0,1.0,2.0,,1.0,,2.0,,1.0,175130.0,1.0,,2.0,,1.0,,2.0,,2.0,,1.0,,1.0,,2.0,,2.0,,1.0,,1.0,,2.0,,2.0,,2.0,,2.0,,2.0,,2.0,,2.0,,2.0,,1.0,,1.0,,1.0,,1.0,,1.0,,2.0,,1.0,,2.0,c,2.0,,2.0,,2.0,,1.0,,1.0,,2.0,,2.0,,2.0,,1.0,,1.0,,1.0,1.0,2.0,,1.0,,2.0,,2.0,,2.0,,2.0,,1.0,,1.0,,1.0,,1.0,24.0,24.0,1.0,24.0,24.0,1.0,24.0,24.0,1.0,24.0,24.0,MAIZE,,PATTU,WHEAT,,HUNKEY,APPLE,0.0,5.71,16.99,0.0,0.0,0.0,0.0,0.0,31.23,31.23,0.0,0.0,0,0,0,0.0,KULLU,36.0,kullu_kullu_village_amenities.csv
,HIMACHAL PRADESH,,Kullu,,Kullu,,Up Muhal Parsh,,Naggar,2009,KULLU,17.0,KULLU,17,KULLU,17.0,YES,43.61,57.0,285,143.0,142.0,102.0,55.0,47.0,38.0,17.0,21.0,2.0,0.0,2.0,0.0,1.0,JANA,,1.0,1.0,2.0,0.0,,,,2.0,0.0,2.0,0.0,1.0,ARCHANDEE,,2.0,0.0,2.0,0.0,1.0,NAGAR,,2.0,0.0,2.0,0.0,1.0,NAGAR,,2.0,0.0,2.0,0.0,1.0,HARIPUR,,2.0,0.0,2.0,0.0,1.0,MANDI,,2.0,0.0,2.0,0.0,1.0,SHIMLA,,2.0,0.0,2.0,0.0,1.0,KULLU,,2.0,0.0,2.0,0.0,1.0,SUNDER NAGAR,,2.0,0.0,2.0,0.0,1.0,SHAMSI,,2.0,0.0,2.0,0.0,1.0,KULLU,,2.0,0.0,2.0,0.0,2.0,KULLU,,2.0,0.0,2.0,0.0,N.A.,,0.0,0.0,0.0,0.0,0.0,,0.0,0.0,0.0,0.0,0.0,,0.0,0.0,0.0,0.0,0.0,,0.0,0.0,0.0,0.0,0.0,,0.0,0.0,0.0,0.0,0.0,,0.0,0.0,0.0,0.0,0.0,,0.0,0.0,0.0,0.0,0.0,,0.0,0.0,0.0,0.0,0.0,,0.0,0.0,0.0,0.0,0.0,,0.0,0.0,0.0,0.0,0.0,,0.0,0.0,0.0,0.0,0.0,,0.0,0.0,0.0,0.0,0.0,0.0,0.0,0.0,0.0,1.0,1.0,1.0,2.0,,,2.0,,,2.0,,,2.0,,,2.0,2.0,,,2.0,,,2.0,,,2.0,,,2.0,1.0,2.0,2.0,2.0,1.0,1.0,2.0,2.0,2.0,2.0,2.0,2.0,2.0,1.0,2.0,,2.0,,2.0,,1.0,175130.0,1.0,,2.0,,1.0,,2.0,,2.0,,1.0,,1.0,,2.0,,2.0,,2.0,,2.0,,2.0,,2.0,,2.0,,2.0,,2.0,,2.0,,2.0,,1.0,,1.0,,1.0,,2.0,,2.0,,1.0,,2.0,,1.0,,2.0,b,2.0,,2.0,,2.0,,1.0,,2.0,,2.0,,2.0,,2.0,,2.0,,1.0,,1.0,1.0,2.0,,2.0,,2.0,,2.0,,2.0,,2.0,,1.0,,1.0,,2.0,,1.0,24.0,24.0,1.0,24.0,24.0,1.0,24.0,24.0,1.0,24.0,24.0,MAIZE,,,WHEAT,,,APPLE,0.0,6.31,9.41,0.0,0.0,0.0,0.0,0.0,27.89,27.89,0.0,0.0,0,0,0,0.0,KULLU,17.0,kullu_kullu_village_amenities.csv
,HIMACHAL PRADESH,,Kullu,,Kullu,,Up Muhal Sharan Gran,,Naggar,2009,KULLU,16.0,KULLU,16,KULLU,16.0,YES,38.16,77.0,355,174.0,181.0,85.0,43.0,42.0,40.0,16.0,24.0,2.0,0.0,2.0,0.0,1.0,JANA,,1.0,1.0,2.0,0.0,,,,2.0,0.0,2.0,0.0,1.0,ARCHADEE,,2.0,0.0,2.0,0.0,1.0,NAGAR,,2.0,0.0,2.0,0.0,1.0,NAGAR,,2.0,0.0,2.0,0.0,1.0,KULLU,,2.0,0.0,2.0,0.0,1.0,MANDI,,2.0,0.0,2.0,0.0,1.0,SHIMLA,,2.0,0.0,2.0,0.0,1.0,KULLU,,2.0,0.0,2.0,0.0,1.0,SUNDER NAGAR,,2.0,0.0,2.0,0.0,1.0,SHAMSI,,2.0,0.0,2.0,0.0,1.0,KULLU,,2.0,0.0,2.0,0.0,2.0,KULLU,,2.0,0.0,2.0,0.0,N.A.,,0.0,0.0,0.0,0.0,0.0,,0.0,0.0,0.0,0.0,0.0,,0.0,0.0,0.0,0.0,0.0,,0.0,0.0,0.0,0.0,0.0,,0.0,0.0,0.0,0.0,0.0,,0.0,0.0,0.0,0.0,0.0,,0.0,0.0,0.0,0.0,0.0,,0.0,0.0,0.0,0.0,0.0,,0.0,0.0,0.0,0.0,0.0,,0.0,,,,,,0.0,0.0,0.0,0.0,0.0,,0.0,0.0,0.0,0.0,0.0,0.0,0.0,0.0,0.0,1.0,1.0,1.0,2.0,,,2.0,,,2.0,,,2.0,,,2.0,2.0,,,2.0,,,2.0,,,2.0,,,2.0,1.0,2.0,2.0,2.0,1.0,1.0,2.0,2.0,2.0,2.0,2.0,2.0,2.0,1.0,2.0,,2.0,,2.0,,1.0,175130.0,1.0,,2.0,,1.0,,2.0,,2.0,,1.0,,1.0,,2.0,,2.0,,1.0,,1.0,,2.0,,2.0,,2.0,,2.0,,2.0,,2.0,,2.0,,1.0,,1.0,,1.0,,1.0,,1.0,,1.0,,2.0,,1.0,,2.0,b,2.0,,2.0,,2.0,,1.0,,1.0,,2.0,,2.0,,2.0,,2.0,,1.0,,1.0,1.0,2.0,,2.0,,2.0,,2.0,,2.0,,2.0,,1.0,,2.0,,2.0,,1.0,24.0,24.0,1.0,24.0,24.0,1.0,24.0,24.0,1.0,24.0,24.0,MAIZE,,,WHEAT,,,APPLE,0.0,5.8,8.59,0.0,0.0,0.0,0.0,0.0,23.77,23.77,0.0,0.0,0,0,0,0.0,KULLU,16.0,kullu_kullu_village_amenities.csv
,HIMACHAL PRADESH,,Kullu,,Kullu,,Up Muhal Shahadgran,,Naggar,2009,KULLU,18.0,KULLU,18,KULLU,18.0,YES,23.46,3.0,10,6.0,4.0,0.0,0.0,0.0,0.0,0.0,0.0,2.0,0.0,2.0,0.0,1.0,ARCHADEE,,2.0,0.0,2.0,0.0,1.0,PARSHA,,2.0,0.0,2.0,0.0,1.0,ARCHADEE,,2.0,0.0,2.0,0.0,1.0,NAGAR,,2.0,0.0,2.0,0.0,1.0,NAGAR,,2.0,0.0,2.0,0.0,1.0,KULLU,,2.0,0.0,2.0,0.0,1.0,MANDI,,2.0,0.0,2.0,0.0,1.0,SHIMLA,,2.0,0.0,2.0,0.0,1.0,KULLU,,2.0,0.0,2.0,0.0,1.0,SUNDER NAGAR,,2.0,0.0,2.0,0.0,1.0,SHAMSI,,2.0,0.0,2.0,0.0,1.0,KULLU,,2.0,0.0,2.0,0.0,2.0,KULLU,,2.0,0.0,2.0,0.0,N.A.,,0.0,0.0,0.0,0.0,0.0,,0.0,0.0,0.0,0.0,0.0,,0.0,0.0,0.0,0.0,0.0,,0.0,0.0,0.0,0.0,0.0,,0.0,0.0,0.0,0.0,0.0,,0.0,0.0,0.0,0.0,0.0,,0.0,0.0,0.0,0.0,0.0,,0.0,0.0,0.0,0.0,0.0,,0.0,0.0,0.0,0.0,0.0,,0.0,0.0,0.0,0.0,0.0,,0.0,0.0,0.0,0.0,0.0,,0.0,0.0,0.0,0.0,0.0,0.0,0.0,0.0,0.0,1.0,1.0,1.0,2.0,,,2.0,,,2.0,,,2.0,,,2.0,2.0,,,2.0,,,2.0,,,2.0,,,2.0,1.0,2.0,2.0,2.0,1.0,2.0,2.0,2.0,2.0,2.0,2.0,2.0,2.0,1.0,2.0,,1.0,,2.0,,1.0,175130.0,2.0,,2.0,,1.0,,2.0,,2.0,,1.0,,2.0,,2.0,,2.0,,2.0,,2.0,,2.0,,2.0,,2.0,,2.0,,2.0,,2.0,,2.0,,2.0,,2.0,,2.0,,1.0,,2.0,,1.0,,2.0,,1.0,,2.0,b,2.0,,2.0,,2.0,,2.0,,2.0,,2.0,,2.0,,2.0,,2.0,,2.0,,1.0,1.0,2.0,,2.0,,2.0,,2.0,,2.0,,2.0,,2.0,,2.0,,2.0,,1.0,24.0,24.0,1.0,24.0,24.0,1.0,24.0,24.0,1.0,24.0,24.0,MAIZE,,PATTU,WHEAT,,HUNKEY,APPLE,0.18,1.46,13.51,0.0,0.0,0.0,0.0,0.0,8.31,8.31,0.0,0.0,0,0,0,0.0,KULLU,18.0,kullu_kullu_village_amenities.csv
,HIMACHAL PRADESH,,Kullu,,Kullu,,Up Muhal Ladi Chanon - Ist,,Naggar,2009,KULLU,15.0,KULLU,15,KULLU,15.0,YES,46.19,,0,,,,,,,,,,,,,,,,,,,,,,,,,,,,,,,,,,,,,,,,,,,,,,,,,,,,,,,,,,,,,,,,,,,,,,,,,,,,,,,,,,,,,,,,,,,,,,,,,,,,,,,,,,,,,,,,,,,,,,,,,,,,,,,,,,,,,,,,,,,,,,,,,,,,,,,,,,,,,,,,,,,,,,,,,,,,,,,,,,,,,,,,,,,,,,,,,,,,,,,,,,,,,,,,,,,,,,,,,,,,,,,,,,,,,,,,,,,,,,,,,,,,,,,,,,,,,,,,,,,,,,,,,,,,,,,,,,,,,,,,,,,,,,,,,,,,,,,,,,,,,,,,,,,,,,,,,,,,,,,,,,,,,,,,,,,,,,,,,,,,,,,,,46.19,0.0,0.0,0.0,0.0,0.0,0.0,0.0,0.0,0.0,0.0,0.0,0,0,0,0.0,KULLU,15.0,kullu_kullu_village_amenities.csv
,HIMACHAL PRADESH,,Kullu,,Kullu,,Up Muhal Ladi Chanon - II nd,,Naggar,2009,KULLU,15.0,KULLU,15,KULLU,15.0,YES,3.53,1.0,4,1.0,3.0,0.0,0.0,0.0,0.0,0.0,0.0,2.0,0.0,2.0,0.0,1.0,ARCHADEE,,2.0,0.0,2.0,0.0,1.0,PARSHA,,2.0,0.0,2.0,0.0,1.0,ARCHADEE,,2.0,0.0,2.0,0.0,1.0,NAGAR,,2.0,0.0,2.0,0.0,1.0,NAGAR,,2.0,0.0,2.0,0.0,1.0,KULLU,,2.0,0.0,2.0,0.0,1.0,MANDI,,2.0,0.0,2.0,0.0,1.0,SHIMLA,,2.0,0.0,2.0,0.0,1.0,KULLU,,2.0,0.0,2.0,0.0,1.0,SUNDER NAGAR,,2.0,0.0,2.0,0.0,1.0,SHAMSI,,2.0,0.0,2.0,0.0,1.0,KULLU,,2.0,0.0,2.0,0.0,2.0,KULLU,,2.0,0.0,2.0,0.0,N.A.,,0.0,0.0,0.0,0.0,0.0,,0.0,0.0,0.0,0.0,0.0,,0.0,0.0,0.0,0.0,0.0,,0.0,0.0,0.0,0.0,0.0,,0.0,0.0,0.0,0.0,0.0,,0.0,0.0,0.0,0.0,0.0,,0.0,0.0,0.0,0.0,0.0,,0.0,0.0,0.0,0.0,0.0,,0.0,0.0,0.0,0.0,0.0,,0.0,,,,,,0.0,0.0,0.0,0.0,0.0,,0.0,0.0,0.0,0.0,0.0,0.0,0.0,0.0,0.0,1.0,1.0,1.0,2.0,,,2.0,,,2.0,,,2.0,,,2.0,2.0,,,2.0,,,2.0,,,2.0,,,2.0,2.0,1.0,2.0,2.0,2.0,2.0,2.0,2.0,2.0,2.0,2.0,2.0,2.0,2.0,2.0,,1.0,,2.0,,1.0,175130.0,2.0,,2.0,,1.0,,2.0,,2.0,,1.0,,2.0,,2.0,,2.0,,2.0,,2.0,,2.0,,2.0,,2.0,,2.0,,2.0,,2.0,,2.0,,2.0,,2.0,,2.0,,2.0,,2.0,,2.0,,2.0,,1.0,,2.0,b,2.0,,2.0,,2.0,,2.0,,2.0,,2.0,,2.0,,2.0,,2.0,,2.0,,1.0,1.0,2.0,,2.0,,2.0,,2.0,,2.0,,2.0,,2.0,,2.0,,2.0,,1.0,24.0,24.0,1.0,24.0,24.0,1.0,24.0,24.0,1.0,24.0,24.0,,,,,,,,3.53,0.0,0.0,0.0,0.0,0.0,0.0,0.0,0.0,0.0,0.0,0.0,0,0,0,0.0,KULLU,15.0,kullu_kullu_village_amenities.csv
,HIMACHAL PRADESH,,Kullu,,Kullu,,Up Muhal Mehra Bag,,Naggar,2009,KULLU,24.0,KULLU,24,KULLU,24.0,YES,43.66,3.0,6,4.0,2.0,0.0,0.0,0.0,0.0,0.0,0.0,2.0,0.0,2.0,0.0,1.0,ARCHADEE,,2.0,0.0,2.0,0.0,1.0,PARSHA,,2.0,0.0,2.0,0.0,1.0,ARCHADEE,,2.0,0.0,2.0,0.0,1.0,NAGAR,,2.0,0.0,2.0,0.0,1.0,NAGAR,,2.0,0.0,2.0,0.0,1.0,KULLU,,2.0,0.0,2.0,0.0,1.0,MANDI,,2.0,0.0,2.0,0.0,1.0,SHIMLA,,2.0,0.0,2.0,0.0,1.0,KULLU,,2.0,0.0,2.0,0.0,1.0,SUNDER NAGAR,,2.0,0.0,2.0,0.0,1.0,SHAMSI,,2.0,0.0,2.0,0.0,1.0,KULLU,,2.0,0.0,2.0,0.0,2.0,KULLU,,2.0,0.0,2.0,0.0,N.A.,,0.0,0.0,0.0,0.0,0.0,,0.0,0.0,0.0,0.0,0.0,,0.0,0.0,0.0,0.0,0.0,,0.0,0.0,0.0,0.0,0.0,,0.0,0.0,0.0,0.0,0.0,,0.0,0.0,0.0,0.0,0.0,,0.0,0.0,0.0,0.0,0.0,,0.0,0.0,0.0,0.0,0.0,,0.0,0.0,0.0,0.0,0.0,,0.0,,,,,,0.0,0.0,0.0,0.0,0.0,,0.0,0.0,0.0,0.0,0.0,0.0,0.0,0.0,0.0,1.0,1.0,1.0,2.0,,,2.0,,,2.0,,,2.0,,,2.0,2.0,,,2.0,,,2.0,,,2.0,,,2.0,2.0,1.0,2.0,2.0,2.0,2.0,2.0,2.0,2.0,2.0,2.0,2.0,2.0,2.0,2.0,,1.0,,2.0,,1.0,175130.0,2.0,,2.0,,1.0,,2.0,,2.0,,1.0,,2.0,,2.0,,2.0,,2.0,,2.0,,2.0,,2.0,,2.0,,2.0,,2.0,,2.0,,2.0,,2.0,,2.0,,2.0,,2.0,,2.0,,2.0,,2.0,,1.0,,2.0,b,2.0,,2.0,,2.0,,2.0,,2.0,,2.0,,2.0,,2.0,,2.0,,2.0,,1.0,1.0,2.0,,2.0,,2.0,,2.0,,2.0,,2.0,,2.0,,2.0,,2.0,,1.0,24.0,24.0,1.0,24.0,24.0,1.0,24.0,24.0,1.0,24.0,24.0,MAIZE,,,WHEAT,,,VEGETABLE,0.0,2.18,11.88,11.07,0.0,1.81,0.0,0.0,16.72,16.72,0.0,0.0,0,0,0,0.0,KULLU,24.0,kullu_kullu_village_amenities.csv
,HIMACHAL PRADESH,,Kullu,,Kullu,,Up Muhal Barnot,,Naggar,2009,KULLU,24.0,KULLU,24,KULLU,24.0,YES,121.12,70.0,377,190.0,187.0,23.0,9.0,14.0,8.0,3.0,5.0,2.0,0.0,2.0,0.0,1.0,ARCHANDEE,,1.0,1.0,2.0,0.0,,,,2.0,0.0,2.0,0.0,1.0,ARCHANDEE,,2.0,0.0,2.0,0.0,1.0,NAGAR,,2.0,0.0,2.0,0.0,1.0,NAGAR,,2.0,0.0,2.0,0.0,1.0,KULLU,,2.0,0.0,2.0,0.0,1.0,MANDI,,2.0,0.0,2.0,0.0,1.0,SHIMLA,,2.0,0.0,2.0,0.0,1.0,KULLU,,2.0,0.0,2.0,0.0,1.0,SUNDER NAGAR,,2.0,0.0,2.0,0.0,1.0,SHAMSI,,2.0,0.0,2.0,0.0,1.0,KULLU,,2.0,0.0,2.0,0.0,2.0,KULLU,,2.0,0.0,2.0,0.0,N.A.,,0.0,0.0,0.0,0.0,0.0,,0.0,0.0,0.0,0.0,0.0,,0.0,0.0,0.0,0.0,0.0,,0.0,0.0,0.0,0.0,0.0,,0.0,0.0,0.0,0.0,0.0,,0.0,0.0,0.0,0.0,0.0,,0.0,0.0,0.0,0.0,0.0,,0.0,0.0,0.0,0.0,0.0,,0.0,0.0,0.0,0.0,0.0,,0.0,0.0,0.0,0.0,0.0,,0.0,0.0,0.0,0.0,0.0,,0.0,0.0,0.0,0.0,0.0,0.0,0.0,0.0,0.0,1.0,1.0,1.0,2.0,,,2.0,,,2.0,,,2.0,,,2.0,2.0,,,2.0,,,2.0,,,2.0,,,2.0,1.0,2.0,2.0,2.0,1.0,1.0,2.0,2.0,2.0,2.0,2.0,2.0,2.0,1.0,2.0,,2.0,,2.0,,1.0,175130.0,1.0,,2.0,,1.0,,2.0,,2.0,,1.0,,1.0,,2.0,,2.0,,1.0,,1.0,,2.0,,2.0,,2.0,,2.0,,2.0,,2.0,,2.0,,2.0,,1.0,,1.0,,1.0,,1.0,,1.0,,2.0,,1.0,,2.0,b,2.0,,2.0,,2.0,,2.0,,2.0,,2.0,,2.0,,2.0,,2.0,,1.0,,1.0,1.0,2.0,,2.0,,2.0,,2.0,,2.0,,2.0,,1.0,,1.0,,2.0,,1.0,24.0,24.0,1.0,24.0,24.0,1.0,24.0,24.0,1.0,24.0,24.0,MAIZE,,,WHEAT,,,APPLE,0.0,6.35,63.34,0.0,0.0,8.34,0.0,0.0,43.09,43.09,0.0,0.0,0,0,0,0.0,KULLU,24.0,kullu_kullu_village_amenities.csv
,HIMACHAL PRADESH,,Kullu,,Kullu,,Up Muhal Deogra,,Naggar,2009,KULLU,36.0,KULLU,36,KULLU,36.0,YES,63.79,55.0,261,139.0,122.0,0.0,0.0,0.0,0.0,0.0,0.0,2.0,0.0,2.0,0.0,1.0,ARCHANDEE,,1.0,1.0,2.0,0.0,,,,1.0,1.0,2.0,0.0,,,,2.0,0.0,2.0,0.0,1.0,NAGAR,,2.0,0.0,2.0,0.0,1.0,NAGAR,,2.0,0.0,2.0,0.0,1.0,KULLU,,2.0,0.0,2.0,0.0,1.0,MANDI,,2.0,0.0,2.0,0.0,1.0,SHIMLA,,2.0,0.0,2.0,0.0,1.0,KULLU,,2.0,0.0,2.0,0.0,1.0,SUNDER NAGAR,,2.0,0.0,2.0,0.0,1.0,SHAMSI,,2.0,0.0,2.0,0.0,1.0,KULLU,,2.0,0.0,2.0,0.0,2.0,KULLU,,2.0,0.0,2.0,0.0,N.A.,,0.0,0.0,0.0,0.0,0.0,,0.0,0.0,0.0,0.0,0.0,,0.0,0.0,0.0,0.0,0.0,,0.0,0.0,0.0,0.0,0.0,,0.0,0.0,0.0,0.0,0.0,,0.0,0.0,0.0,0.0,0.0,,0.0,0.0,0.0,0.0,0.0,,0.0,0.0,0.0,0.0,0.0,,1.0,1.0,1.0,1.0,1.0,,0.0,0.0,0.0,0.0,0.0,,0.0,0.0,0.0,0.0,0.0,,0.0,0.0,0.0,0.0,0.0,0.0,0.0,0.0,0.0,1.0,1.0,1.0,2.0,,,2.0,,,2.0,,,2.0,,,2.0,2.0,,,2.0,,,2.0,,,2.0,,,2.0,1.0,2.0,2.0,2.0,1.0,1.0,2.0,2.0,2.0,2.0,2.0,2.0,2.0,1.0,2.0,,2.0,,2.0,,1.0,175130.0,1.0,,2.0,,1.0,,2.0,,2.0,,1.0,,1.0,,2.0,,2.0,,1.0,,1.0,,2.0,,2.0,,2.0,,2.0,,2.0,,2.0,,2.0,,2.0,,1.0,,1.0,,1.0,,1.0,,1.0,,2.0,,1.0,,2.0,c,2.0,,2.0,,2.0,,2.0,,1.0,,2.0,,2.0,,2.0,,2.0,,1.0,,1.0,1.0,2.0,,1.0,,2.0,,2.0,,2.0,,2.0,,1.0,,1.0,,2.0,,1.0,24.0,24.0,1.0,24.0,24.0,1.0,24.0,24.0,1.0,24.0,24.0,MAIZE,,,WHEAT,,,APPLE,0.0,4.9,29.58,0.0,0.0,10.08,0.0,0.0,19.23,19.23,0.0,0.0,0,0,0,0.0,KULLU,36.0,kullu_kullu_village_amenities.csv
,HIMACHAL PRADESH,,Kullu,,Kullu,,Up Muhal Sharnee,,Naggar,2009,KULLU,18.0,KULLU,18,KULLU,18.0,YES,67.2,27.0,136,67.0,69.0,23.0,10.0,13.0,0.0,0.0,0.0,2.0,0.0,2.0,0.0,1.0,ARCHANDEE,,1.0,1.0,2.0,0.0,,,,2.0,0.0,2.0,0.0,1.0,ARCHANDEE,,2.0,0.0,2.0,0.0,1.0,NAGAR,,2.0,0.0,2.0,0.0,1.0,NAGAR,,2.0,0.0,2.0,0.0,1.0,KULLU,,2.0,0.0,2.0,0.0,1.0,MANDI,,2.0,0.0,2.0,0.0,1.0,SHIMLA,,2.0,0.0,2.0,0.0,1.0,KULLU,,2.0,0.0,2.0,0.0,1.0,SUNDER NAGAR,,2.0,0.0,2.0,0.0,1.0,SHAMSI,,2.0,0.0,2.0,0.0,1.0,KULLU,,2.0,0.0,2.0,0.0,2.0,KULLU,,2.0,0.0,2.0,0.0,N.A.,,0.0,0.0,0.0,0.0,0.0,,0.0,0.0,0.0,0.0,0.0,,0.0,0.0,0.0,0.0,0.0,,0.0,0.0,0.0,0.0,0.0,,0.0,0.0,0.0,0.0,0.0,,0.0,0.0,0.0,0.0,0.0,,0.0,0.0,0.0,0.0,0.0,,0.0,0.0,0.0,0.0,0.0,,0.0,0.0,0.0,0.0,0.0,,0.0,0.0,0.0,0.0,0.0,,0.0,0.0,0.0,0.0,0.0,,0.0,0.0,0.0,0.0,0.0,0.0,0.0,0.0,0.0,1.0,1.0,1.0,2.0,,,2.0,,,2.0,,,2.0,,,2.0,2.0,,,2.0,,,2.0,,,2.0,,,2.0,1.0,2.0,2.0,2.0,1.0,1.0,2.0,2.0,2.0,2.0,2.0,2.0,2.0,1.0,2.0,,2.0,,2.0,,1.0,175130.0,1.0,,2.0,,1.0,,2.0,,2.0,,1.0,,1.0,,2.0,,2.0,,2.0,,2.0,,2.0,,2.0,,2.0,,2.0,,2.0,,2.0,,2.0,,1.0,,1.0,,1.0,,1.0,,2.0,,1.0,,2.0,,1.0,,2.0,b,2.0,,2.0,,2.0,,2.0,,2.0,,2.0,,2.0,,2.0,,2.0,,1.0,,1.0,1.0,2.0,,2.0,,2.0,,2.0,,2.0,,2.0,,1.0,,2.0,,2.0,,1.0,24.0,24.0,1.0,24.0,24.0,1.0,24.0,24.0,1.0,24.0,24.0,MAIZE,KUDAL,HUNKEY,WHEAT,,CHADAR,APPLE,0.0,5.09,23.61,19.63,0.0,3.98,0.0,0.0,14.89,14.89,0.0,0.0,0,0,0,0.0,KULLU,18.0,kullu_kullu_village_amenities.csv
,HIMACHAL PRADESH,,Kullu,,Kullu,,Up Muhal Archandee Ist,,Naggar,2009,KULLU,15.0,KULLU,15,KULLU,15.0,YES,36.01,138.0,607,300.0,307.0,95.0,47.0,48.0,11.0,7.0,4.0,1.0,1.0,2.0,0.0,,,,1.0,1.0,2.0,0.0,,,,1.0,1.0,2.0,0.0,,,,2.0,0.0,2.0,0.0,1.0,NAGAR,,2.0,0.0,2.0,0.0,1.0,NAGAR,,2.0,0.0,2.0,0.0,1.0,KULLU,,2.0,0.0,2.0,0.0,1.0,MANDI,,2.0,0.0,2.0,0.0,1.0,SHIMLA,,2.0,0.0,2.0,0.0,1.0,KULLU,,2.0,0.0,2.0,0.0,1.0,SUNDER NAGAR,,2.0,0.0,2.0,0.0,1.0,SHAMSI,,2.0,0.0,2.0,0.0,1.0,KULLU,,2.0,0.0,2.0,0.0,2.0,KULLU,,2.0,0.0,2.0,0.0,N.A.,,0.0,0.0,0.0,0.0,0.0,,0.0,0.0,0.0,0.0,0.0,,1.0,1.0,0.0,1.0,0.0,,0.0,0.0,0.0,0.0,0.0,,0.0,0.0,0.0,0.0,0.0,,0.0,0.0,0.0,0.0,0.0,,0.0,0.0,0.0,0.0,0.0,,0.0,0.0,0.0,0.0,0.0,,0.0,0.0,0.0,0.0,0.0,,0.0,0.0,0.0,0.0,0.0,,0.0,0.0,0.0,0.0,0.0,,0.0,0.0,0.0,0.0,0.0,0.0,1.0,1.0,0.0,1.0,1.0,1.0,2.0,,,2.0,,,2.0,,,2.0,,,2.0,2.0,,,2.0,,,2.0,,,2.0,,,2.0,1.0,2.0,2.0,2.0,1.0,1.0,2.0,2.0,2.0,2.0,2.0,2.0,2.0,1.0,2.0,,1.0,,2.0,,1.0,175130.0,1.0,,2.0,,1.0,,2.0,,2.0,,1.0,,1.0,,2.0,,2.0,,1.0,,1.0,,2.0,,2.0,,2.0,,2.0,,2.0,,2.0,,2.0,,1.0,,1.0,,1.0,,1.0,,1.0,,1.0,,2.0,,1.0,,2.0,b,2.0,,2.0,,2.0,,1.0,,1.0,,2.0,,2.0,,2.0,,1.0,,1.0,,1.0,1.0,2.0,,1.0,,2.0,,2.0,,2.0,,2.0,,1.0,,1.0,,1.0,,1.0,24.0,24.0,1.0,24.0,24.0,1.0,24.0,24.0,1.0,24.0,24.0,APPLE,,HUNKEY,MAIZE,,CAPS,WHEAT,0.0,5.09,9.26,8.33,0.0,0.93,0.0,0.0,12.4,12.4,0.0,0.0,0,0,0,0.0,KULLU,15.0,kullu_kullu_village_amenities.csv
,HIMACHAL PRADESH,,Kullu,,Kullu,,Up Muhal Archandee  IInd,,Naggar,2009,KULLU,15.0,KULLU,15,KULLU,15.0,YES,15.69,18.0,86,49.0,37.0,24.0,13.0,11.0,0.0,0.0,0.0,2.0,0.0,2.0,0.0,1.0,ARCHANDEE,,2.0,0.0,2.0,0.0,1.0,ARCHANDEE- I,,2.0,0.0,2.0,0.0,1.0,ARCHANDEE - I,,2.0,0.0,2.0,0.0,1.0,NAGAR,,2.0,0.0,2.0,0.0,1.0,NAGAR,,2.0,0.0,2.0,0.0,1.0,KULLU,,2.0,0.0,2.0,0.0,1.0,MANDI,,2.0,0.0,2.0,0.0,1.0,SHIMLA,,2.0,0.0,2.0,0.0,1.0,KULLU,,2.0,0.0,2.0,0.0,1.0,SUNDER NAGAR,,2.0,0.0,2.0,0.0,1.0,SHAMSI,,2.0,0.0,2.0,0.0,1.0,KULLU,,2.0,0.0,2.0,0.0,2.0,KULLU,,2.0,0.0,2.0,0.0,N.A.,,0.0,0.0,0.0,0.0,0.0,,0.0,0.0,0.0,0.0,0.0,,0.0,0.0,0.0,0.0,0.0,,0.0,0.0,0.0,0.0,0.0,,0.0,0.0,0.0,0.0,0.0,,0.0,0.0,0.0,0.0,0.0,,0.0,0.0,0.0,0.0,0.0,,0.0,0.0,0.0,0.0,0.0,,0.0,0.0,0.0,0.0,0.0,,0.0,0.0,0.0,0.0,0.0,,0.0,0.0,0.0,0.0,0.0,,0.0,0.0,0.0,0.0,0.0,0.0,0.0,0.0,0.0,1.0,1.0,1.0,2.0,,,2.0,,,2.0,,,2.0,,,2.0,2.0,,,2.0,,,2.0,,,2.0,,,2.0,1.0,2.0,2.0,2.0,1.0,1.0,2.0,2.0,2.0,2.0,2.0,2.0,2.0,1.0,2.0,,1.0,,2.0,,1.0,175130.0,1.0,,2.0,,1.0,,2.0,,2.0,,1.0,,1.0,,2.0,,1.0,,1.0,,1.0,,2.0,,2.0,,2.0,,2.0,,2.0,,2.0,,2.0,,1.0,,1.0,,1.0,,1.0,,1.0,,1.0,,2.0,,1.0,,2.0,b,2.0,,2.0,,2.0,,2.0,,1.0,,2.0,,2.0,,2.0,,2.0,,2.0,,1.0,1.0,2.0,,2.0,,2.0,,2.0,,2.0,,2.0,,1.0,,2.0,,2.0,,1.0,24.0,24.0,1.0,24.0,24.0,1.0,24.0,24.0,1.0,24.0,24.0,APPLE,KUADL,SHAWL,MAIZE,,HUNKEY,WHEAT,0.0,0.57,1.08,0.95,0.0,0.13,0.0,0.0,12.96,12.96,0.0,0.0,0,0,0,0.0,KULLU,15.0,kullu_kullu_village_amenities.csv
,HIMACHAL PRADESH,,Kullu,,Kullu,,Up Muhal Mahilee,,Naggar,2009,KULLU,15.0,KULLU,15,KULLU,15.0,YES,17.94,42.0,228,119.0,109.0,7.0,2.0,5.0,0.0,0.0,0.0,2.0,0.0,2.0,0.0,1.0,ARCHANDEE,,2.0,0.0,2.0,0.0,1.0,ARCHANDEE,,2.0,0.0,2.0,0.0,1.0,ARCHANDEE,,2.0,0.0,2.0,0.0,1.0,NAGAR,,2.0,0.0,2.0,0.0,1.0,NAGAR,,2.0,0.0,2.0,0.0,1.0,KULLU,,2.0,0.0,2.0,0.0,1.0,MANDI,,2.0,0.0,2.0,0.0,1.0,SHIMLA,,2.0,0.0,2.0,0.0,1.0,KULLU,,2.0,0.0,2.0,0.0,1.0,SUNDER NAGAR,,2.0,0.0,2.0,0.0,1.0,SHAMSI,,2.0,0.0,2.0,0.0,1.0,KULLU,,2.0,0.0,2.0,0.0,2.0,KULLU,,2.0,0.0,2.0,0.0,N.A.,,0.0,0.0,0.0,0.0,0.0,,0.0,0.0,0.0,0.0,0.0,,0.0,0.0,0.0,0.0,0.0,,0.0,0.0,0.0,0.0,0.0,,0.0,0.0,0.0,0.0,0.0,,0.0,0.0,0.0,0.0,0.0,,0.0,0.0,0.0,0.0,0.0,,0.0,0.0,0.0,0.0,0.0,,0.0,0.0,0.0,0.0,0.0,,0.0,0.0,0.0,0.0,0.0,,0.0,0.0,0.0,0.0,0.0,,0.0,0.0,0.0,0.0,0.0,0.0,0.0,0.0,0.0,1.0,1.0,1.0,2.0,,,2.0,,,2.0,,,2.0,,,2.0,2.0,,,2.0,,,2.0,,,2.0,,,2.0,1.0,2.0,2.0,2.0,1.0,1.0,2.0,2.0,2.0,2.0,2.0,2.0,2.0,1.0,2.0,,2.0,,2.0,,1.0,175130.0,1.0,,2.0,,1.0,,2.0,,2.0,,1.0,,1.0,,2.0,,2.0,,1.0,,1.0,,2.0,,2.0,,2.0,,2.0,,2.0,,2.0,,2.0,,1.0,,1.0,,1.0,,2.0,,2.0,,1.0,,2.0,,1.0,,2.0,b,2.0,,2.0,,2.0,,2.0,,2.0,,2.0,,2.0,,2.0,,2.0,,1.0,,1.0,1.0,2.0,,2.0,,2.0,,2.0,,2.0,,2.0,,1.0,,2.0,,2.0,,1.0,24.0,24.0,1.0,24.0,24.0,1.0,24.0,24.0,1.0,24.0,24.0,APPLE,DARAT,SHAWL,MAIZE,,HUNKEY,WHEAT,0.0,2.27,0.89,0.76,0.0,0.13,0.0,0.0,13.89,13.89,0.0,0.0,0,0,0,0.0,KULLU,15.0,kullu_kullu_village_amenities.csv
,HIMACHAL PRADESH,,Kullu,,Kullu,,Up Muhal Baga Mahilee,,Naggar,2009,KULLU,15.0,KULLU,15,KULLU,15.0,YES,55.19,41.0,197,95.0,102.0,95.0,44.0,51.0,0.0,0.0,0.0,2.0,0.0,2.0,0.0,1.0,ARCHANDEE,,2.0,0.0,2.0,0.0,1.0,ARCHANDEE,,2.0,0.0,2.0,0.0,1.0,ARCHANDEE,,2.0,0.0,2.0,0.0,1.0,NAGAR,,2.0,0.0,2.0,0.0,1.0,NAGAR,,2.0,0.0,2.0,0.0,1.0,KULLU,,2.0,0.0,2.0,0.0,1.0,MANDI,,2.0,0.0,2.0,0.0,1.0,SHIMLA,,2.0,0.0,2.0,0.0,1.0,KULLU,,2.0,0.0,2.0,0.0,1.0,SUNDER NAGAR,,2.0,0.0,2.0,0.0,1.0,SHAMSI,,2.0,0.0,2.0,0.0,1.0,KULLU,,2.0,0.0,2.0,0.0,2.0,KULLU,,2.0,0.0,2.0,0.0,N.A.,,0.0,0.0,0.0,0.0,0.0,,0.0,0.0,0.0,0.0,0.0,,0.0,0.0,0.0,0.0,0.0,,0.0,0.0,0.0,0.0,0.0,,0.0,0.0,0.0,0.0,0.0,,0.0,0.0,0.0,0.0,0.0,,0.0,0.0,0.0,0.0,0.0,,0.0,0.0,0.0,0.0,0.0,,0.0,0.0,0.0,0.0,0.0,,0.0,0.0,0.0,0.0,0.0,,0.0,0.0,0.0,0.0,0.0,,0.0,0.0,0.0,0.0,0.0,0.0,0.0,0.0,0.0,1.0,1.0,1.0,2.0,,,2.0,,,2.0,,,2.0,,,2.0,2.0,,,2.0,,,2.0,,,2.0,,,2.0,1.0,2.0,2.0,2.0,1.0,1.0,2.0,2.0,2.0,2.0,2.0,2.0,2.0,1.0,2.0,,2.0,,2.0,,1.0,175130.0,1.0,,2.0,,1.0,,2.0,,2.0,,2.0,,2.0,,2.0,,2.0,,2.0,,2.0,,2.0,,2.0,,2.0,,2.0,,2.0,,2.0,,2.0,,2.0,,2.0,,2.0,,2.0,,2.0,,2.0,,2.0,,1.0,,2.0,b,2.0,,2.0,,2.0,,2.0,,2.0,,2.0,,2.0,,2.0,,2.0,,2.0,,1.0,1.0,2.0,,2.0,,2.0,,2.0,,2.0,,2.0,,2.0,,2.0,,2.0,,1.0,24.0,24.0,1.0,24.0,24.0,1.0,24.0,24.0,1.0,24.0,24.0,APPLE,DARAT,HUNKEY,MAIZE,,CAPS,WHEAT,0.0,11.9,20.39,16.05,0.0,3.63,0.0,0.0,3.22,1.26,1.96,0.0,0,0,0,1.96,KULLU,15.0,kullu_kullu_village_amenities.csv
,HIMACHAL PRADESH,,Kullu,,Kullu,,Up Muhal Dhama,,Naggar,2009,KULLU,16.0,KULLU,16,KULLU,16.0,YES,59.91,14.0,60,34.0,26.0,0.0,0.0,0.0,0.0,0.0,0.0,2.0,0.0,2.0,0.0,1.0,ARCHANDEE,,2.0,0.0,2.0,0.0,1.0,SHARNI,,2.0,0.0,2.0,0.0,1.0,ARCHANDEE,,2.0,0.0,2.0,0.0,1.0,NAGAR,,2.0,0.0,2.0,0.0,1.0,NAGAR,,2.0,0.0,2.0,0.0,1.0,KULLU,,2.0,0.0,2.0,0.0,1.0,MANDI,,2.0,0.0,2.0,0.0,1.0,SHIMLA,,2.0,0.0,2.0,0.0,1.0,KULLU,,2.0,0.0,2.0,0.0,1.0,SUNDER NAGAR,,2.0,0.0,2.0,0.0,1.0,SHAMSI,,2.0,0.0,2.0,0.0,1.0,KULLU,,2.0,0.0,2.0,0.0,2.0,KULLU,,2.0,0.0,2.0,0.0,N.A.,,0.0,0.0,0.0,0.0,0.0,,0.0,0.0,0.0,0.0,0.0,,0.0,0.0,0.0,0.0,0.0,,0.0,0.0,0.0,0.0,0.0,,0.0,0.0,0.0,0.0,0.0,,0.0,0.0,0.0,0.0,0.0,,0.0,0.0,0.0,0.0,0.0,,0.0,0.0,0.0,0.0,0.0,,0.0,0.0,0.0,0.0,0.0,,0.0,0.0,0.0,0.0,0.0,,0.0,0.0,0.0,0.0,0.0,,0.0,0.0,0.0,0.0,0.0,0.0,0.0,0.0,0.0,1.0,1.0,1.0,2.0,,,2.0,,,2.0,,,2.0,,,2.0,2.0,,,2.0,,,2.0,,,2.0,,,2.0,1.0,2.0,2.0,2.0,1.0,2.0,2.0,2.0,2.0,2.0,2.0,2.0,2.0,1.0,2.0,,2.0,,2.0,,1.0,175130.0,2.0,,2.0,,1.0,,2.0,,2.0,,2.0,,2.0,,2.0,,2.0,,2.0,,2.0,,2.0,,2.0,,2.0,,2.0,,2.0,,2.0,,2.0,,2.0,,2.0,,2.0,,2.0,,2.0,,2.0,,2.0,,1.0,,2.0,b,2.0,,2.0,,2.0,,2.0,,2.0,,2.0,,2.0,,2.0,,2.0,,2.0,,1.0,1.0,2.0,,2.0,,2.0,,2.0,,2.0,,2.0,,2.0,,2.0,,2.0,,1.0,24.0,24.0,1.0,24.0,24.0,1.0,24.0,24.0,1.0,24.0,24.0,APPLE,KULAHRI,PATTU,MAIZE,,HUNKEY,WHEAT,0.0,3.53,17.2,11.25,0.0,5.95,0.0,0.0,21.98,21.98,0.0,0.0,0,0,0,0.0,KULLU,16.0,kullu_kullu_village_amenities.csv
,HIMACHAL PRADESH,,Kullu,,Kullu,,Up Muhal Junkhra Dham,,Naggar,2009,KULLU,17.0,KULLU,17,KULLU,17.0,YES,69.19,24.0,85,42.0,43.0,28.0,12.0,16.0,4.0,2.0,2.0,2.0,0.0,2.0,0.0,1.0,ARCHANDEE,,2.0,0.0,2.0,0.0,1.0,SHARNI,,2.0,0.0,2.0,0.0,1.0,ARCHANDEE,,2.0,0.0,2.0,0.0,1.0,NAGAR,,2.0,0.0,2.0,0.0,1.0,NAGAR,,2.0,0.0,2.0,0.0,1.0,KULLU,,2.0,0.0,2.0,0.0,1.0,MANDI,,2.0,0.0,2.0,0.0,1.0,SHIMLA,,2.0,0.0,2.0,0.0,1.0,KULLU,,2.0,0.0,2.0,0.0,1.0,SUNDER NAGAR,,2.0,0.0,2.0,0.0,1.0,SHAMSI,,2.0,0.0,2.0,0.0,1.0,KULLU,,2.0,0.0,2.0,0.0,2.0,KULLU,,2.0,0.0,2.0,0.0,N.A.,,0.0,0.0,0.0,0.0,0.0,,0.0,0.0,0.0,0.0,0.0,,0.0,0.0,0.0,0.0,0.0,,0.0,0.0,0.0,0.0,0.0,,0.0,0.0,0.0,0.0,0.0,,0.0,0.0,0.0,0.0,0.0,,0.0,0.0,0.0,0.0,0.0,,0.0,0.0,0.0,0.0,0.0,,0.0,0.0,0.0,0.0,0.0,,0.0,0.0,0.0,0.0,0.0,,0.0,0.0,0.0,0.0,0.0,,0.0,0.0,0.0,0.0,0.0,0.0,0.0,0.0,0.0,1.0,1.0,1.0,2.0,,,2.0,,,2.0,,,2.0,,,2.0,2.0,,,2.0,,,2.0,,,2.0,,,2.0,1.0,2.0,2.0,2.0,1.0,2.0,2.0,2.0,2.0,2.0,2.0,2.0,2.0,1.0,2.0,,2.0,,2.0,,1.0,175130.0,2.0,,2.0,,1.0,,2.0,,2.0,,2.0,,2.0,,2.0,,2.0,,2.0,,2.0,,2.0,,2.0,,2.0,,2.0,,2.0,,2.0,,2.0,,2.0,,2.0,,2.0,,2.0,,1.0,,1.0,,2.0,,1.0,,2.0,b,2.0,,2.0,,2.0,,2.0,,2.0,,2.0,,2.0,,2.0,,2.0,,2.0,,1.0,1.0,2.0,,2.0,,2.0,,2.0,,2.0,,2.0,,2.0,,2.0,,2.0,,1.0,24.0,24.0,1.0,24.0,24.0,1.0,24.0,24.0,1.0,24.0,24.0,APPLE,,SHAWL,HONEY,,HUNKEY,WHEAT,0.0,5.43,26.68,23.9,0.0,2.78,0.0,0.0,10.4,10.4,0.0,0.0,0,0,0,0.0,KULLU,17.0,kullu_kullu_village_amenities.csv
,HIMACHAL PRADESH,,Kullu,,Kullu,,Up Muhal Phata Ban,,Naggar,2009,KULLU,35.0,KULLU,35,KULLU,35.0,YES,39.68,3.0,14,6.0,8.0,0.0,0.0,0.0,0.0,0.0,0.0,2.0,0.0,2.0,0.0,1.0,ARCHANDEE,,2.0,0.0,2.0,0.0,1.0,SHARNI,,2.0,0.0,2.0,0.0,1.0,ARCHANDEE,,2.0,0.0,2.0,0.0,1.0,NAGAR,,2.0,0.0,2.0,0.0,1.0,NAGAR,,2.0,0.0,2.0,0.0,1.0,KULLU,,2.0,0.0,2.0,0.0,1.0,MANDI,,2.0,0.0,2.0,0.0,1.0,SHIMLA,,2.0,0.0,2.0,0.0,1.0,KULLU,,2.0,0.0,2.0,0.0,1.0,SUNDER NAGAR,,2.0,0.0,2.0,0.0,1.0,SHAMSI,,2.0,0.0,2.0,0.0,1.0,KULLU,,2.0,0.0,2.0,0.0,2.0,KULLU,,2.0,0.0,2.0,0.0,N.A.,,0.0,0.0,0.0,0.0,0.0,,0.0,0.0,0.0,0.0,0.0,,0.0,0.0,0.0,0.0,0.0,,0.0,0.0,0.0,0.0,0.0,,0.0,0.0,0.0,0.0,0.0,,0.0,0.0,0.0,0.0,0.0,,0.0,0.0,0.0,0.0,0.0,,0.0,0.0,0.0,0.0,0.0,,0.0,0.0,0.0,0.0,0.0,,0.0,,,,,,0.0,0.0,0.0,0.0,0.0,,0.0,0.0,0.0,0.0,0.0,0.0,0.0,0.0,0.0,2.0,,,2.0,,,2.0,,,2.0,,,2.0,,,2.0,2.0,,,2.0,,,2.0,,,1.0,1.0,1.0,2.0,2.0,1.0,2.0,2.0,2.0,2.0,2.0,2.0,2.0,2.0,2.0,2.0,2.0,2.0,2.0,,2.0,,2.0,,1.0,175130.0,2.0,,2.0,,1.0,,2.0,,2.0,,2.0,,2.0,,2.0,,2.0,,2.0,,2.0,,2.0,,2.0,,2.0,,2.0,,2.0,,2.0,,2.0,,2.0,,2.0,,2.0,,2.0,,2.0,,2.0,,2.0,,1.0,,2.0,b,2.0,,2.0,,2.0,,2.0,,2.0,,2.0,,2.0,,2.0,,2.0,,2.0,,1.0,1.0,2.0,,2.0,,2.0,,2.0,,2.0,,2.0,,2.0,,2.0,,2.0,,1.0,24.0,24.0,1.0,24.0,24.0,1.0,24.0,24.0,1.0,24.0,24.0,MAIZE,,,WHEAT,,,VEGETABLE,35.2,2.83,0.0,0.0,0.0,0.99,0.0,0.0,0.66,0.66,0.0,0.0,0,0,0,0.0,KULLU,35.0,kullu_kullu_village_amenities.csv
,HIMACHAL PRADESH,,Kullu,,Kullu,,Up Muhal Gohru,,Naggar,2009,KULLU,38.0,KULLU,38,KULLU,38.0,YES,100.91,11.0,44,25.0,19.0,7.0,5.0,2.0,8.0,4.0,4.0,2.0,0.0,2.0,0.0,1.0,ARCHANDEE,,2.0,0.0,2.0,0.0,1.0,SHARNI,,2.0,0.0,2.0,0.0,1.0,ARCHANDEE,,2.0,0.0,2.0,0.0,1.0,NAGAR,,2.0,0.0,2.0,0.0,1.0,NAGAR,,2.0,0.0,2.0,0.0,1.0,KULLU,,2.0,0.0,2.0,0.0,1.0,MANDI,,2.0,0.0,2.0,0.0,1.0,SHIMLA,,2.0,0.0,2.0,0.0,1.0,KULLU,,2.0,0.0,2.0,0.0,1.0,SUNDER NAGAR,,2.0,0.0,2.0,0.0,1.0,SHAMSI,,2.0,0.0,2.0,0.0,1.0,KULLU,,2.0,0.0,2.0,0.0,2.0,KULLU,,2.0,0.0,2.0,0.0,N.A.,,0.0,0.0,0.0,0.0,0.0,,0.0,0.0,0.0,0.0,0.0,,0.0,0.0,0.0,0.0,0.0,,0.0,0.0,0.0,0.0,0.0,,0.0,0.0,0.0,0.0,0.0,,0.0,0.0,0.0,0.0,0.0,,0.0,0.0,0.0,0.0,0.0,,0.0,0.0,0.0,0.0,0.0,,0.0,0.0,0.0,0.0,0.0,,0.0,,,,,,0.0,0.0,0.0,0.0,0.0,,0.0,0.0,0.0,0.0,0.0,0.0,0.0,0.0,0.0,2.0,,,2.0,,,2.0,,,2.0,,,2.0,,,2.0,2.0,,,2.0,,,2.0,,,1.0,1.0,1.0,2.0,2.0,1.0,2.0,2.0,2.0,2.0,2.0,2.0,2.0,2.0,2.0,2.0,2.0,2.0,2.0,,2.0,,2.0,,1.0,175130.0,2.0,,2.0,,1.0,,2.0,,2.0,,2.0,,2.0,,2.0,,2.0,,2.0,,2.0,,2.0,,2.0,,2.0,,2.0,,2.0,,2.0,,2.0,,2.0,,2.0,,2.0,,2.0,,2.0,,2.0,,2.0,,1.0,,2.0,a,2.0,,2.0,,2.0,,2.0,,2.0,,2.0,,2.0,,2.0,,2.0,,2.0,,1.0,1.0,2.0,,2.0,,2.0,,2.0,,2.0,,2.0,,2.0,,2.0,,2.0,,1.0,24.0,24.0,1.0,24.0,24.0,1.0,24.0,24.0,1.0,24.0,24.0,APPLE,,,MAIZE,,,VEGETABLE,0.0,1.67,41.8,39.22,0.0,2.58,0.0,0.0,15.64,15.64,0.0,0.0,0,0,0,0.0,KULLU,38.0,kullu_kullu_village_amenities.csv
,HIMACHAL PRADESH,,Kullu,,Kullu,,Up Muhal Kalmidhar,,Naggar,2009,KULLU,17.0,KULLU,17,KULLU,17.0,YES,162.74,4.0,20,11.0,9.0,0.0,0.0,0.0,0.0,0.0,0.0,2.0,0.0,2.0,0.0,1.0,ARCHANDEE,,2.0,0.0,2.0,0.0,1.0,SHARNI,,2.0,0.0,2.0,0.0,1.0,ARCHANDEE,,2.0,0.0,2.0,0.0,1.0,NAGAR,,2.0,0.0,2.0,0.0,1.0,KAIS,,2.0,0.0,2.0,0.0,1.0,KULLU,,2.0,0.0,2.0,0.0,1.0,MANDI,,2.0,0.0,2.0,0.0,1.0,SHIMLA,,2.0,0.0,2.0,0.0,1.0,KULLU,,2.0,0.0,2.0,0.0,1.0,SUNDER NAGAR,,2.0,0.0,2.0,0.0,1.0,SHAMSI,,2.0,0.0,2.0,0.0,1.0,KULLU,,2.0,0.0,2.0,0.0,2.0,KULLU,,2.0,0.0,2.0,0.0,N.A.,,0.0,0.0,0.0,0.0,0.0,,0.0,0.0,0.0,0.0,0.0,,0.0,0.0,0.0,0.0,0.0,,0.0,0.0,0.0,0.0,0.0,,0.0,0.0,0.0,0.0,0.0,,0.0,0.0,0.0,0.0,0.0,,0.0,0.0,0.0,0.0,0.0,,0.0,0.0,0.0,0.0,0.0,,0.0,0.0,0.0,0.0,0.0,,0.0,,,,,,0.0,0.0,0.0,0.0,0.0,,0.0,0.0,0.0,0.0,0.0,0.0,0.0,0.0,0.0,2.0,,,2.0,,,2.0,,,2.0,,,2.0,,,2.0,2.0,,,2.0,,,2.0,,,1.0,1.0,1.0,2.0,2.0,1.0,2.0,2.0,2.0,2.0,2.0,2.0,2.0,2.0,2.0,2.0,2.0,2.0,2.0,,2.0,,2.0,,1.0,175130.0,2.0,,2.0,,1.0,,2.0,,2.0,,2.0,,2.0,,2.0,,2.0,,2.0,,2.0,,2.0,,2.0,,2.0,,2.0,,2.0,,2.0,,2.0,,2.0,,2.0,,2.0,,2.0,,2.0,,2.0,,2.0,,1.0,,2.0,b,2.0,,2.0,,2.0,,2.0,,2.0,,2.0,,2.0,,2.0,,2.0,,2.0,,1.0,1.0,2.0,,2.0,,2.0,,2.0,,2.0,,2.0,,2.0,,2.0,,2.0,,1.0,24.0,24.0,1.0,24.0,24.0,1.0,24.0,24.0,1.0,24.0,24.0,WHEAT,,,MAIZE,,,VEGETABLE,0.0,2.1,122.42,0.0,0.0,13.21,0.0,0.0,25.01,25.01,0.0,0.0,0,0,0,0.0,KULLU,17.0,kullu_kullu_village_amenities.csv
,HIMACHAL PRADESH,,Kullu,,Kullu,,Kais (25/47),,Naggar,2009,KULLU,7.0,KULLU,7,KULLU,7.0,YES,860.0,1474.0,7234,3696.0,3538.0,2743.0,1417.0,1326.0,655.0,391.0,264.0,2.0,0.0,1.0,2.0,,,,1.0,5.0,1.0,2.0,,,,1.0,3.0,1.0,1.0,,,,1.0,1.0,2.0,0.0,,,,1.0,1.0,2.0,0.0,,,,2.0,0.0,2.0,0.0,1.0,KULLU,,2.0,0.0,2.0,0.0,1.0,MANDI,,2.0,0.0,2.0,0.0,1.0,SHIMLA,,2.0,0.0,2.0,0.0,1.0,KULLU,,2.0,0.0,2.0,0.0,1.0,SUNDER NAGAR,,2.0,0.0,2.0,0.0,1.0,SHAMSI,,2.0,0.0,2.0,0.0,1.0,KULLU,,2.0,0.0,2.0,0.0,2.0,KULLU,,2.0,0.0,2.0,0.0,N.A.,,0.0,0.0,0.0,0.0,0.0,,0.0,0.0,0.0,0.0,0.0,,1.0,1.0,0.0,1.0,0.0,,0.0,0.0,0.0,0.0,0.0,,0.0,0.0,0.0,0.0,0.0,,0.0,0.0,0.0,0.0,0.0,,0.0,0.0,0.0,0.0,0.0,,1.0,1.0,1.0,1.0,1.0,,1.0,2.0,2.0,2.0,2.0,,0.0,0.0,0.0,0.0,0.0,,0.0,0.0,0.0,0.0,0.0,,0.0,0.0,0.0,0.0,0.0,0.0,2.0,1.0,0.0,1.0,1.0,1.0,2.0,,,2.0,,,2.0,,,2.0,,,2.0,1.0,1.0,1.0,2.0,,,2.0,,,2.0,,,2.0,1.0,2.0,2.0,2.0,1.0,2.0,2.0,2.0,2.0,2.0,2.0,2.0,2.0,1.0,2.0,,1.0,,2.0,,1.0,175101.0,1.0,,2.0,,1.0,,2.0,,2.0,,1.0,,1.0,,2.0,,2.0,,1.0,,1.0,,1.0,,2.0,,2.0,,2.0,,2.0,,2.0,,1.0,,1.0,,1.0,,1.0,,1.0,,1.0,,1.0,,2.0,,1.0,,2.0,b,1.0,,1.0,,1.0,,1.0,,1.0,,1.0,,2.0,,2.0,,1.0,,1.0,,1.0,1.0,2.0,,1.0,,2.0,,2.0,,2.0,,2.0,,1.0,,1.0,,1.0,,1.0,24.0,24.0,1.0,24.0,24.0,1.0,24.0,24.0,1.0,24.0,24.0,MAIZE,,HUNKEY,WHEAT,,CHADAR,APPLE,33.0,0.0,184.0,87.0,0.0,97.0,0.0,0.0,459.0,335.0,124.0,0.0,0,0,0,124.0,KULLU,7.0,kullu_kullu_village_amenities.csv
,HIMACHAL PRADESH,,Kullu,,Kullu,,Jandor (26/54),,Kullu,2009,KULLU,8.0,KULLU,8,KULLU,8.0,YES,607.84,383.0,2104,1086.0,1018.0,127.0,63.0,64.0,19.0,7.0,12.0,1.0,1.0,2.0,0.0,,,,1.0,3.0,2.0,0.0,,,,1.0,1.0,2.0,0.0,,,,1.0,1.0,2.0,0.0,,,,2.0,0.0,2.0,0.0,1.0,KULLU,,2.0,0.0,2.0,0.0,1.0,KULLU,,2.0,0.0,2.0,0.0,1.0,MANDI,,2.0,0.0,2.0,0.0,1.0,SHIMLA,,2.0,0.0,2.0,0.0,1.0,KULLU,,2.0,0.0,2.0,0.0,1.0,SUNDER NAGAR,,2.0,0.0,2.0,0.0,1.0,SHAMSI,,2.0,0.0,2.0,0.0,1.0,KULLU,,2.0,0.0,2.0,0.0,2.0,KULLU,,2.0,0.0,2.0,0.0,N.A.,,0.0,0.0,0.0,0.0,0.0,,0.0,0.0,0.0,0.0,0.0,,0.0,0.0,0.0,0.0,0.0,,0.0,0.0,0.0,0.0,0.0,,0.0,0.0,0.0,0.0,0.0,,0.0,0.0,0.0,0.0,0.0,,0.0,0.0,0.0,0.0,0.0,,0.0,0.0,0.0,0.0,0.0,,0.0,0.0,0.0,0.0,0.0,,0.0,0.0,0.0,0.0,0.0,,0.0,0.0,0.0,0.0,0.0,,0.0,0.0,0.0,0.0,0.0,0.0,0.0,0.0,0.0,1.0,1.0,1.0,2.0,,,2.0,,,2.0,,,1.0,1.0,1.0,2.0,1.0,1.0,1.0,2.0,,,2.0,,,2.0,,,2.0,1.0,2.0,2.0,2.0,1.0,1.0,2.0,2.0,2.0,2.0,2.0,2.0,2.0,1.0,2.0,,1.0,,2.0,,1.0,175101.0,1.0,,2.0,,1.0,,2.0,,2.0,,1.0,,1.0,,2.0,,2.0,,1.0,,1.0,,1.0,,2.0,,2.0,,2.0,,2.0,,1.0,,1.0,,1.0,,1.0,,1.0,,1.0,,1.0,,1.0,,2.0,,1.0,,2.0,b,2.0,,2.0,,1.0,,1.0,,1.0,,2.0,,2.0,,2.0,,1.0,,1.0,,1.0,1.0,2.0,,1.0,,2.0,,2.0,,2.0,,2.0,,1.0,,1.0,,1.0,,1.0,24.0,24.0,1.0,24.0,24.0,1.0,24.0,24.0,1.0,24.0,24.0,MAIZE,KUDAL,PATTU,WHEAT,,HUNKEY,VEGETABLE,0.0,0.0,0.0,387.08,0.0,15.39,0.0,0.0,205.37,202.93,2.44,0.0,0,0,0,2.44,KULLU,8.0,kullu_kullu_village_amenities.csv
,HIMACHAL PRADESH,,Kullu,,Kullu,,Banogi (26/53),,Kullu,2009,KULLU,7.0,KULLU,7,KULLU,7.0,YES,625.65,804.0,4043,2219.0,1824.0,906.0,467.0,439.0,48.0,27.0,21.0,2.0,0.0,1.0,1.0,,,,1.0,5.0,1.0,3.0,,,,1.0,1.0,1.0,1.0,,,,1.0,1.0,1.0,1.0,,,,1.0,1.0,1.0,1.0,,,,2.0,0.0,2.0,0.0,1.0,KULLU,,2.0,0.0,2.0,0.0,1.0,MANDI,,2.0,0.0,2.0,0.0,1.0,SHIMLA,,2.0,0.0,2.0,0.0,1.0,KULLU,,2.0,0.0,2.0,0.0,1.0,SUNDER NAGAR,,2.0,0.0,2.0,0.0,1.0,SHAMSI,,2.0,0.0,2.0,0.0,1.0,KULLU,,2.0,0.0,2.0,0.0,2.0,KULLU,,2.0,0.0,2.0,0.0,N.A.,,0.0,0.0,0.0,0.0,0.0,,0.0,0.0,0.0,0.0,0.0,,1.0,1.0,1.0,2.0,1.0,,0.0,0.0,0.0,0.0,0.0,,0.0,0.0,0.0,0.0,0.0,,0.0,0.0,0.0,0.0,0.0,,0.0,0.0,0.0,0.0,0.0,,1.0,2.0,2.0,2.0,2.0,,0.0,0.0,0.0,0.0,0.0,,0.0,0.0,0.0,0.0,0.0,,0.0,0.0,0.0,0.0,0.0,,0.0,0.0,0.0,0.0,0.0,0.0,2.0,1.0,0.0,1.0,1.0,1.0,2.0,,,2.0,,,2.0,,,1.0,1.0,1.0,2.0,1.0,1.0,1.0,2.0,,,2.0,,,2.0,,,2.0,1.0,2.0,2.0,2.0,1.0,1.0,1.0,2.0,2.0,2.0,2.0,2.0,2.0,1.0,2.0,,1.0,,2.0,,1.0,175101.0,1.0,,1.0,,1.0,,2.0,,2.0,,1.0,,1.0,,2.0,,1.0,,1.0,,1.0,,1.0,,2.0,,2.0,,2.0,,2.0,,1.0,,1.0,,1.0,,1.0,,1.0,,1.0,,1.0,,1.0,,2.0,,1.0,,2.0,b,2.0,,2.0,,1.0,,1.0,,1.0,,1.0,,2.0,,2.0,,1.0,,1.0,,1.0,1.0,2.0,,1.0,,2.0,,2.0,,2.0,,2.0,,1.0,,1.0,,1.0,,1.0,24.0,24.0,1.0,24.0,24.0,1.0,24.0,24.0,1.0,24.0,24.0,MAIZE,KULAHRI,HUKEY,WHEAT,,SHAWL,APPLE,51.06,69.53,0.0,221.44,147.14,15.74,0.0,0.0,120.74,112.18,8.56,0.0,0,0,0,8.56,KULLU,7.0,kullu_kullu_village_amenities.csv
,HIMACHAL PRADESH,,Kullu,,Kullu,,Sari (26/51),,Kullu,2009,KULLU,4.0,KULLU,4,KULLU,4.0,YES,251.0,440.0,2120,1063.0,1057.0,462.0,235.0,227.0,82.0,39.0,43.0,1.0,2.0,2.0,0.0,,,,1.0,3.0,2.0,0.0,,,,1.0,1.0,2.0,0.0,,,,1.0,1.0,2.0,0.0,,,,1.0,1.0,2.0,0.0,,,,2.0,0.0,2.0,0.0,1.0,KULLU,,2.0,0.0,2.0,0.0,1.0,MANDI,,2.0,0.0,2.0,0.0,1.0,SHIMLA,,2.0,0.0,2.0,0.0,1.0,KULLU,,2.0,0.0,2.0,0.0,1.0,SUNDER NAGAR,,2.0,0.0,2.0,0.0,1.0,SHAMSI,,2.0,0.0,2.0,0.0,1.0,KULLU,,2.0,0.0,2.0,0.0,2.0,KULLU,,2.0,0.0,2.0,0.0,N.A.,,0.0,0.0,0.0,0.0,0.0,,0.0,0.0,0.0,0.0,0.0,,0.0,0.0,0.0,0.0,0.0,,0.0,0.0,0.0,0.0,0.0,,0.0,0.0,0.0,0.0,0.0,,0.0,0.0,0.0,0.0,0.0,,0.0,0.0,0.0,0.0,0.0,,1.0,1.0,1.0,1.0,1.0,,1.0,1.0,1.0,1.0,1.0,,0.0,0.0,0.0,0.0,0.0,,0.0,0.0,0.0,0.0,0.0,,0.0,0.0,0.0,0.0,0.0,0.0,0.0,0.0,0.0,1.0,1.0,1.0,2.0,,,2.0,,,2.0,,,2.0,,,2.0,1.0,1.0,1.0,2.0,,,2.0,,,2.0,,,2.0,1.0,2.0,2.0,2.0,1.0,1.0,2.0,2.0,2.0,2.0,2.0,2.0,2.0,1.0,2.0,,1.0,,2.0,,1.0,175101.0,1.0,,2.0,,1.0,,2.0,,2.0,,1.0,,1.0,,2.0,,2.0,,1.0,,1.0,,1.0,,2.0,,2.0,,2.0,,2.0,,1.0,,1.0,,1.0,,1.0,,1.0,,1.0,,1.0,,1.0,,2.0,,1.0,,2.0,a,2.0,,2.0,,2.0,,1.0,,1.0,,2.0,,2.0,,2.0,,1.0,,1.0,,1.0,1.0,2.0,,1.0,,2.0,,2.0,,2.0,,2.0,,1.0,,1.0,,1.0,,1.0,24.0,24.0,1.0,24.0,24.0,1.0,24.0,24.0,1.0,24.0,24.0,MAIZE,KUDAL,SHAWL,WHEAT,,HUNKEY,VEGETABLE,0.0,37.0,0.0,0.0,0.0,20.0,0.0,0.0,194.0,194.0,0.0,0.0,0,0,0,0.0,KULLU,4.0,kullu_kullu_village_amenities.csv
,HIMACHAL PRADESH,,Kullu,,Kullu,,Bastori (26/52),,Kullu,2009,KULLU,5.0,KULLU,5,KULLU,5.0,YES,225.0,279.0,1483,803.0,680.0,262.0,137.0,125.0,0.0,0.0,0.0,2.0,0.0,2.0,0.0,1.0,SARI,,1.0,3.0,2.0,0.0,,,,1.0,2.0,2.0,0.0,,,,2.0,0.0,2.0,0.0,1.0,BHAIKHALI,,2.0,0.0,2.0,0.0,1.0,BHAIKHALI,,2.0,0.0,2.0,0.0,1.0,KULLU,,2.0,0.0,2.0,0.0,1.0,MANDI,,2.0,0.0,2.0,0.0,1.0,SHIMLA,,2.0,0.0,2.0,0.0,1.0,KULLU,,2.0,0.0,2.0,0.0,1.0,SUNDER NAGAR,,2.0,0.0,2.0,0.0,1.0,SHAMSI,,2.0,0.0,2.0,0.0,1.0,KULLU,,2.0,0.0,2.0,0.0,2.0,KULLU,,2.0,0.0,2.0,0.0,N.A.,,0.0,0.0,0.0,0.0,0.0,,0.0,0.0,0.0,0.0,0.0,,0.0,0.0,0.0,0.0,0.0,,0.0,0.0,0.0,0.0,0.0,,0.0,0.0,0.0,0.0,0.0,,0.0,0.0,0.0,0.0,0.0,,0.0,0.0,0.0,0.0,0.0,,1.0,1.0,1.0,1.0,1.0,,0.0,0.0,0.0,0.0,0.0,,0.0,0.0,0.0,0.0,0.0,,0.0,0.0,0.0,0.0,0.0,,0.0,0.0,0.0,0.0,0.0,0.0,1.0,0.0,0.0,1.0,1.0,1.0,2.0,,,2.0,,,2.0,,,2.0,,,2.0,1.0,1.0,1.0,2.0,,,2.0,,,2.0,,,2.0,1.0,2.0,2.0,2.0,1.0,1.0,2.0,2.0,2.0,2.0,2.0,2.0,2.0,1.0,2.0,,1.0,,2.0,,1.0,175101.0,1.0,,2.0,,1.0,,2.0,,2.0,,2.0,,2.0,,2.0,,2.0,,2.0,,2.0,,2.0,,2.0,,2.0,,2.0,,2.0,,2.0,,2.0,,2.0,,1.0,,2.0,,1.0,,2.0,,2.0,,2.0,,1.0,,2.0,b,2.0,,2.0,,1.0,,2.0,,1.0,,2.0,,2.0,,2.0,,2.0,,1.0,,1.0,1.0,2.0,,2.0,,2.0,,2.0,,2.0,,2.0,,1.0,,1.0,,1.0,,1.0,24.0,24.0,1.0,24.0,24.0,1.0,24.0,24.0,1.0,24.0,24.0,MAIZE,KULAHRI,SHAWL,WHEAT,,CAPS,VEGETABLE,0.0,22.0,31.0,0.0,1.0,9.0,0.0,0.0,162.0,162.0,0.0,0.0,0,0,0,0.0,KULLU,5.0,kullu_kullu_village_amenities.csv
,HIMACHAL PRADESH,,Kullu,,Kullu,,Dughilag (30/67),,Kullu,2009,KULLU,6.0,KULLU,6,KULLU,6.0,YES,322.0,521.0,2508,1288.0,1220.0,800.0,406.0,394.0,12.0,5.0,7.0,1.0,1.0,2.0,0.0,,,,1.0,3.0,1.0,2.0,,,,1.0,1.0,2.0,0.0,,,,1.0,1.0,2.0,0.0,,,,1.0,1.0,2.0,0.0,,,,2.0,0.0,2.0,0.0,1.0,KULLU,,2.0,0.0,2.0,0.0,1.0,MANDI,,2.0,0.0,2.0,0.0,1.0,SHIMLA,,2.0,0.0,2.0,0.0,1.0,KULLU,,2.0,0.0,2.0,0.0,1.0,SUNDER NAGAR,,2.0,0.0,2.0,0.0,1.0,SHAMSI,,2.0,0.0,2.0,0.0,1.0,KULLU,,2.0,0.0,2.0,0.0,2.0,KULLU,,2.0,0.0,2.0,0.0,N.A.,,0.0,0.0,0.0,0.0,0.0,,0.0,0.0,0.0,0.0,0.0,,1.0,1.0,0.0,1.0,0.0,,0.0,0.0,0.0,0.0,0.0,,0.0,0.0,0.0,0.0,0.0,,0.0,0.0,0.0,0.0,0.0,,0.0,0.0,0.0,0.0,0.0,,0.0,0.0,0.0,0.0,0.0,,0.0,0.0,0.0,0.0,0.0,,0.0,0.0,0.0,0.0,0.0,,0.0,0.0,0.0,0.0,0.0,,0.0,0.0,0.0,0.0,0.0,0.0,1.0,1.0,0.0,1.0,1.0,1.0,2.0,,,2.0,,,2.0,,,1.0,1.0,1.0,2.0,1.0,1.0,1.0,2.0,,,2.0,,,2.0,,,2.0,1.0,2.0,2.0,2.0,1.0,1.0,2.0,2.0,2.0,2.0,2.0,2.0,2.0,1.0,2.0,,1.0,,2.0,,1.0,175101.0,1.0,,2.0,,1.0,,2.0,,2.0,,1.0,,1.0,,2.0,,1.0,,1.0,,1.0,,1.0,,2.0,,2.0,,2.0,,2.0,,2.0,,2.0,,1.0,,1.0,,1.0,,1.0,,2.0,,1.0,,2.0,,1.0,,2.0,b,2.0,,2.0,,2.0,,1.0,,1.0,,1.0,,2.0,,2.0,,1.0,,1.0,,1.0,1.0,2.0,,1.0,,2.0,,2.0,,2.0,,2.0,,1.0,,1.0,,1.0,,1.0,24.0,24.0,1.0,24.0,24.0,1.0,24.0,24.0,1.0,24.0,24.0,MAIZE,KUDAL,PATTU,WHEAT,,HUNKEY,VEGETABLE,0.0,7.0,42.0,0.0,0.0,10.0,11.0,0.0,252.0,252.0,0.0,0.0,0,0,0,0.0,KULLU,6.0,kullu_kullu_village_amenities.csv
,HIMACHAL PRADESH,,Kullu,,Kullu,,Majhat (30/68),,Kullu,2009,KULLU,14.0,KULLU,14,KULLU,14.0,YES,102.0,161.0,764,387.0,377.0,209.0,105.0,104.0,0.0,0.0,0.0,2.0,0.0,2.0,0.0,1.0,DUGHILAG,,1.0,2.0,2.0,0.0,,,,1.0,1.0,2.0,0.0,,,,2.0,0.0,2.0,0.0,1.0,DUGHILAG,,2.0,0.0,2.0,0.0,1.0,DUGHILAG,,2.0,0.0,2.0,0.0,1.0,KULLU,,2.0,0.0,2.0,0.0,1.0,MANDI,,2.0,0.0,2.0,0.0,1.0,SHIMLA,,2.0,0.0,2.0,0.0,1.0,KULLU,,2.0,0.0,2.0,0.0,1.0,SUNDER NAGAR,,2.0,0.0,2.0,0.0,1.0,SHAMSI,,2.0,0.0,2.0,0.0,1.0,KULLU,,2.0,0.0,2.0,0.0,2.0,KULLU,,2.0,0.0,2.0,0.0,N.A.,,0.0,0.0,0.0,0.0,0.0,,0.0,0.0,0.0,0.0,0.0,,1.0,1.0,1.0,2.0,1.0,,0.0,0.0,0.0,0.0,0.0,,0.0,0.0,0.0,0.0,0.0,,0.0,0.0,0.0,0.0,0.0,,0.0,0.0,0.0,0.0,0.0,,0.0,0.0,0.0,0.0,0.0,,0.0,0.0,0.0,0.0,0.0,,0.0,0.0,0.0,0.0,0.0,,0.0,0.0,0.0,0.0,0.0,,0.0,0.0,0.0,0.0,0.0,0.0,0.0,0.0,0.0,1.0,1.0,1.0,2.0,,,2.0,,,2.0,,,1.0,1.0,1.0,2.0,1.0,1.0,1.0,2.0,,,2.0,,,2.0,,,2.0,1.0,2.0,2.0,1.0,2.0,1.0,2.0,2.0,2.0,2.0,2.0,2.0,2.0,1.0,2.0,,2.0,,2.0,,1.0,175102.0,1.0,,2.0,,1.0,,2.0,,2.0,,2.0,,2.0,,2.0,,2.0,,2.0,,2.0,,2.0,,2.0,,2.0,,2.0,,2.0,,2.0,,2.0,,2.0,,2.0,,2.0,,2.0,,2.0,,2.0,,2.0,,1.0,,2.0,c,2.0,,2.0,,1.0,,1.0,,1.0,,2.0,,2.0,,2.0,,1.0,,1.0,,1.0,1.0,2.0,,2.0,,2.0,,2.0,,2.0,,2.0,,1.0,,1.0,,1.0,,1.0,24.0,24.0,1.0,24.0,24.0,1.0,24.0,24.0,1.0,24.0,24.0,MAIZE,DARAT,CAPS,WEAT,,HUNKEY,VEGETABLE,0.0,8.0,3.0,0.0,1.0,3.0,0.0,2.0,85.0,85.0,0.0,0.0,0,0,0,0.0,KULLU,14.0,kullu_kullu_village_amenities.csv
,HIMACHAL PRADESH,,Kullu,,Kullu,,Phallan (30/66),,Kullu,2009,KULLU,124.0,KULLU,16,KULLU,16.0,YES,204.0,217.0,1203,605.0,598.0,235.0,119.0,116.0,0.0,0.0,0.0,2.0,0.0,1.0,1.0,,,,1.0,2.0,2.0,0.0,,,,1.0,1.0,2.0,0.0,,,,2.0,0.0,2.0,0.0,1.0,KULLU,,2.0,0.0,2.0,0.0,1.0,KULLU,,2.0,0.0,2.0,0.0,1.0,KULLU,,2.0,0.0,2.0,0.0,1.0,MANDI,,2.0,0.0,2.0,0.0,1.0,SHIMLA,,2.0,0.0,2.0,0.0,1.0,KULLU,,2.0,0.0,2.0,0.0,1.0,SUNDER NAGAR,,2.0,0.0,2.0,0.0,1.0,SHAMSI,,2.0,0.0,2.0,0.0,1.0,KULLU,,2.0,0.0,2.0,0.0,2.0,KULLU,,2.0,0.0,2.0,0.0,N.A.,,0.0,0.0,0.0,0.0,0.0,,0.0,0.0,0.0,0.0,0.0,,0.0,0.0,0.0,0.0,0.0,,0.0,0.0,0.0,0.0,0.0,,0.0,0.0,0.0,0.0,0.0,,0.0,0.0,0.0,0.0,0.0,,0.0,0.0,0.0,0.0,0.0,,0.0,0.0,0.0,0.0,0.0,,0.0,0.0,0.0,0.0,0.0,,0.0,0.0,0.0,0.0,0.0,,0.0,0.0,0.0,0.0,0.0,,0.0,0.0,0.0,0.0,0.0,0.0,0.0,0.0,0.0,1.0,1.0,1.0,2.0,,,2.0,,,2.0,,,2.0,,,2.0,1.0,1.0,1.0,2.0,,,2.0,,,2.0,,,2.0,1.0,2.0,2.0,1.0,2.0,1.0,2.0,2.0,2.0,2.0,2.0,2.0,2.0,1.0,2.0,,2.0,,2.0,,1.0,175102.0,1.0,,2.0,,1.0,,2.0,,2.0,,1.0,,1.0,,2.0,,2.0,,2.0,,2.0,,2.0,,2.0,,2.0,,2.0,,2.0,,2.0,,2.0,,2.0,,2.0,,2.0,,1.0,,1.0,,1.0,,2.0,,1.0,,2.0,c,2.0,,2.0,,2.0,,2.0,,1.0,,2.0,,2.0,,2.0,,2.0,,1.0,,1.0,1.0,2.0,,1.0,,2.0,,2.0,,2.0,,2.0,,1.0,,1.0,,1.0,,1.0,24.0,24.0,1.0,24.0,24.0,1.0,24.0,24.0,1.0,24.0,24.0,MAIZE,KUDAL,CAPS,WHEAT,,HUNKEY,VEGETABLE,0.0,20.0,6.0,0.0,2.0,8.0,3.0,5.0,160.0,160.0,0.0,0.0,0,0,0,0.0,KULLU,16.0,kullu_kullu_village_amenities.csv
,HIMACHAL PRADESH,,Kullu,,Kullu,,Dunkhri Gahar (30/65),,Kullu,2009,KULLU,18.0,KULLU,18,KULLU,18.0,YES,204.24,366.0,1889,958.0,931.0,465.0,240.0,225.0,0.0,0.0,0.0,2.0,0.0,2.0,0.0,1.0,KULLU,,1.0,3.0,2.0,0.0,,,,1.0,2.0,2.0,0.0,,,,1.0,1.0,2.0,0.0,,,,1.0,1.0,2.0,0.0,,,,2.0,0.0,2.0,0.0,1.0,KULLU,,2.0,0.0,2.0,0.0,1.0,MANDI,,2.0,0.0,2.0,0.0,1.0,SHIMLA,,2.0,0.0,2.0,0.0,1.0,KULLU,,2.0,0.0,2.0,0.0,1.0,SUNDER NAGAR,,2.0,0.0,2.0,0.0,1.0,SHAMSI,,2.0,0.0,2.0,0.0,1.0,KULLU,,2.0,0.0,2.0,0.0,2.0,KULLU,,2.0,0.0,2.0,0.0,N.A.,,0.0,0.0,0.0,0.0,0.0,,0.0,0.0,0.0,0.0,0.0,,1.0,1.0,1.0,2.0,2.0,,0.0,0.0,0.0,0.0,0.0,,0.0,0.0,0.0,0.0,0.0,,0.0,0.0,0.0,0.0,0.0,,0.0,0.0,0.0,0.0,0.0,,1.0,1.0,1.0,1.0,1.0,,0.0,0.0,0.0,0.0,0.0,,0.0,0.0,0.0,0.0,0.0,,0.0,0.0,0.0,0.0,0.0,,0.0,0.0,0.0,0.0,0.0,0.0,2.0,1.0,0.0,1.0,1.0,1.0,2.0,,,2.0,,,2.0,,,2.0,,,2.0,1.0,1.0,1.0,2.0,,,2.0,,,2.0,,,2.0,1.0,2.0,2.0,2.0,1.0,1.0,2.0,1.0,2.0,2.0,2.0,2.0,2.0,1.0,2.0,,1.0,,2.0,,1.0,175101.0,1.0,,2.0,,1.0,,2.0,,2.0,,1.0,,1.0,,2.0,,2.0,,1.0,,1.0,,1.0,,2.0,,2.0,,2.0,,2.0,,2.0,,2.0,,1.0,,1.0,,1.0,,1.0,,1.0,,1.0,,2.0,,1.0,,2.0,c,2.0,,2.0,,1.0,,1.0,,1.0,,2.0,,2.0,,2.0,,2.0,,1.0,,1.0,1.0,2.0,,1.0,,1.0,,2.0,,2.0,,2.0,,1.0,,1.0,,1.0,,1.0,24.0,24.0,1.0,24.0,24.0,1.0,24.0,24.0,1.0,24.0,24.0,MAIZE,KULAHRI,CAPS,WHEAT,,HUNKEY,VEGETABLE,0.0,9.0,18.0,0.0,0.0,0.0,0.0,7.64,169.6,166.35,3.25,0.0,0,0,0,3.25,KULLU,18.0,kullu_kullu_village_amenities.csv
,HIMACHAL PRADESH,,Kullu,,Kullu,,Pichhli (31/69),,Kullu,2009,KULLU,25.0,KULLU,25,KULLU,25.0,YES,268.05,287.0,1584,806.0,778.0,370.0,184.0,186.0,0.0,0.0,0.0,2.0,0.0,2.0,0.0,2.0,KULLU,,1.0,3.0,2.0,0.0,,,,1.0,1.0,2.0,0.0,,,,2.0,0.0,2.0,0.0,1.0,SHALAG,,2.0,0.0,2.0,0.0,1.0,SHALAG,,2.0,0.0,2.0,0.0,1.0,KULLU,,2.0,0.0,2.0,0.0,1.0,MANDI,,2.0,0.0,2.0,0.0,1.0,SHIMLA,,2.0,0.0,2.0,0.0,1.0,KULLU,,2.0,0.0,2.0,0.0,1.0,SUNDER NAGAR,,2.0,0.0,2.0,0.0,1.0,SHAMSI,,2.0,0.0,2.0,0.0,1.0,KULLU,,2.0,0.0,2.0,0.0,2.0,KULLU,,2.0,0.0,2.0,0.0,N.A.,,0.0,0.0,0.0,0.0,0.0,,0.0,0.0,0.0,0.0,0.0,,1.0,1.0,1.0,1.0,1.0,,0.0,0.0,0.0,0.0,0.0,,0.0,0.0,0.0,0.0,0.0,,0.0,0.0,0.0,0.0,0.0,,0.0,0.0,0.0,0.0,0.0,,1.0,2.0,1.0,2.0,0.0,,0.0,0.0,0.0,0.0,0.0,,0.0,0.0,0.0,0.0,0.0,,0.0,0.0,0.0,0.0,0.0,,0.0,0.0,0.0,0.0,0.0,0.0,0.0,0.0,0.0,1.0,1.0,1.0,2.0,,,2.0,,,2.0,,,2.0,,,2.0,1.0,1.0,1.0,2.0,,,2.0,,,2.0,,,2.0,1.0,2.0,2.0,1.0,2.0,1.0,2.0,2.0,2.0,2.0,2.0,2.0,2.0,1.0,2.0,,1.0,,2.0,,1.0,175102.0,1.0,,2.0,,1.0,,2.0,,2.0,,1.0,,1.0,,2.0,,2.0,,2.0,,2.0,,2.0,,2.0,,2.0,,2.0,,2.0,,2.0,,2.0,,2.0,,1.0,,1.0,,1.0,,2.0,,1.0,,2.0,,1.0,,2.0,c,2.0,,2.0,,2.0,,1.0,,1.0,,2.0,,2.0,,2.0,,2.0,,1.0,,1.0,1.0,2.0,,2.0,,2.0,,2.0,,2.0,,2.0,,1.0,,1.0,,1.0,,1.0,24.0,24.0,1.0,24.0,24.0,1.0,24.0,24.0,1.0,24.0,24.0,WHEAT,,SHAWL,MAIZE,,HUNKEY,VEGETABLE,0.0,50.04,0.0,0.0,0.0,7.0,0.0,0.0,211.01,206.01,5.0,0.0,0,0,0,5.0,KULLU,25.0,kullu_kullu_village_amenities.csv
,HIMACHAL PRADESH,,Kullu,,Kullu,,Mashna (31/70),,Kullu,2009,KULLU,18.0,KULLU,18,KULLU,18.0,YES,190.1,171.0,936,491.0,445.0,111.0,60.0,51.0,0.0,0.0,0.0,2.0,0.0,2.0,0.0,2.0,KULLU,,1.0,2.0,2.0,0.0,,,,1.0,1.0,2.0,0.0,,,,2.0,0.0,2.0,0.0,1.0,SHALAG,,2.0,0.0,2.0,0.0,1.0,SHALAG,,2.0,0.0,2.0,0.0,1.0,KULLU,,2.0,0.0,2.0,0.0,1.0,MANDI,,2.0,0.0,2.0,0.0,1.0,SHIMLA,,2.0,0.0,2.0,0.0,1.0,KULLU,,2.0,0.0,2.0,0.0,1.0,SUNDER NAGAR,,2.0,0.0,2.0,0.0,1.0,SHAMSI,,2.0,0.0,2.0,0.0,1.0,KULLU,,2.0,0.0,2.0,0.0,2.0,KULLU,,2.0,0.0,2.0,0.0,N.A.,,0.0,0.0,0.0,0.0,0.0,,0.0,0.0,0.0,0.0,0.0,,1.0,1.0,1.0,2.0,2.0,,0.0,0.0,0.0,0.0,0.0,,0.0,0.0,0.0,0.0,0.0,,0.0,0.0,0.0,0.0,0.0,,0.0,0.0,0.0,0.0,0.0,,1.0,1.0,1.0,2.0,2.0,,0.0,0.0,0.0,0.0,0.0,,0.0,0.0,0.0,0.0,0.0,,0.0,0.0,0.0,0.0,0.0,,0.0,0.0,0.0,0.0,0.0,0.0,0.0,0.0,0.0,1.0,1.0,1.0,2.0,,,2.0,,,2.0,,,2.0,,,2.0,1.0,1.0,1.0,2.0,,,2.0,,,2.0,,,2.0,1.0,2.0,2.0,1.0,2.0,1.0,2.0,2.0,2.0,2.0,2.0,2.0,2.0,1.0,2.0,,1.0,,2.0,,1.0,175102.0,1.0,,2.0,,1.0,,2.0,,2.0,,2.0,,2.0,,2.0,,2.0,,2.0,,2.0,,2.0,,2.0,,2.0,,2.0,,2.0,,2.0,,2.0,,2.0,,2.0,,2.0,,1.0,,1.0,,2.0,,2.0,,1.0,,2.0,c,2.0,,2.0,,2.0,,2.0,,2.0,,2.0,,2.0,,2.0,,2.0,,1.0,,1.0,1.0,2.0,,2.0,,2.0,,2.0,,2.0,,2.0,,1.0,,1.0,,1.0,,1.0,24.0,24.0,1.0,24.0,24.0,1.0,24.0,24.0,1.0,24.0,24.0,WHEAT,KUDAL,HUNKEY,MAIZE,,PATTU,VEGETABLE,0.0,35.0,0.0,0.0,0.0,0.0,0.0,0.0,155.1,151.0,4.1,0.0,0,0,0,4.1,KULLU,18.0,kullu_kullu_village_amenities.csv
,HIMACHAL PRADESH,,Kullu,,Kullu,,Gahar (32/71),,Kullu,2009,KULLU,14.0,KULLU,14,KULLU,14.0,YES,209.68,145.0,720,376.0,344.0,108.0,55.0,53.0,0.0,0.0,0.0,2.0,0.0,2.0,0.0,1.0,KULLU,,1.0,2.0,2.0,0.0,,,,2.0,0.0,2.0,0.0,1.0,DUNKHRI GAHAR,,2.0,0.0,2.0,0.0,1.0,DUNKHRI GAHAR,,2.0,0.0,2.0,0.0,1.0,DUNKHRI GAHAR,,2.0,0.0,2.0,0.0,1.0,KULLU,,2.0,0.0,2.0,0.0,1.0,MANDI,,2.0,0.0,2.0,0.0,1.0,SHIMLA,,2.0,0.0,2.0,0.0,1.0,KULLU,,2.0,0.0,2.0,0.0,1.0,SUNDER NAGAR,,2.0,0.0,2.0,0.0,1.0,SHAMSI,,2.0,0.0,2.0,0.0,1.0,KULLU,,2.0,0.0,2.0,0.0,2.0,KULLU,,2.0,0.0,2.0,0.0,N.A.,,0.0,0.0,0.0,0.0,0.0,,0.0,0.0,0.0,0.0,0.0,,1.0,1.0,1.0,1.0,1.0,,0.0,0.0,0.0,0.0,0.0,,0.0,0.0,0.0,0.0,0.0,,0.0,0.0,0.0,0.0,0.0,,0.0,0.0,0.0,0.0,0.0,,1.0,1.0,1.0,1.0,1.0,,0.0,0.0,0.0,0.0,0.0,,0.0,0.0,0.0,0.0,0.0,,0.0,0.0,0.0,0.0,0.0,,0.0,0.0,0.0,0.0,0.0,0.0,0.0,0.0,0.0,1.0,1.0,1.0,2.0,,,2.0,,,2.0,,,2.0,,,2.0,1.0,1.0,1.0,2.0,,,2.0,,,2.0,,,2.0,2.0,1.0,2.0,2.0,2.0,1.0,2.0,1.0,2.0,2.0,2.0,2.0,2.0,1.0,2.0,,1.0,,2.0,,1.0,175102.0,1.0,,2.0,,1.0,,2.0,,2.0,,1.0,,1.0,,2.0,,2.0,,1.0,,1.0,,1.0,,2.0,,2.0,,2.0,,2.0,,2.0,,2.0,,1.0,,1.0,,1.0,,1.0,,1.0,,1.0,,2.0,,1.0,,2.0,c,2.0,,2.0,,2.0,,1.0,,1.0,,2.0,,2.0,,2.0,,2.0,,1.0,,1.0,1.0,2.0,,1.0,,1.0,,2.0,,2.0,,2.0,,1.0,,1.0,,1.0,,1.0,24.0,24.0,1.0,24.0,24.0,1.0,24.0,24.0,1.0,24.0,24.0,MAIZE,KULAHRI,CAPS,WHEAT,,HUNKEY,VEGETABLE,0.0,47.92,0.0,0.0,11.04,0.0,0.0,0.0,150.72,150.72,0.0,0.0,0,0,0,0.0,KULLU,14.0,kullu_kullu_village_amenities.csv
,HIMACHAL PRADESH,,Kullu,,Kullu,,Gramang (32/72),,Kullu,2009,KULLU,10.0,KULLU,10,KULLU,10.0,YES,176.0,240.0,1248,655.0,593.0,92.0,45.0,47.0,0.0,0.0,0.0,2.0,0.0,2.0,0.0,1.0,KULLU,,1.0,2.0,2.0,0.0,,,,1.0,1.0,2.0,0.0,,,,1.0,1.0,2.0,0.0,,,,2.0,0.0,2.0,0.0,1.0,KULLU,,2.0,0.0,2.0,0.0,1.0,KULLU,,2.0,0.0,2.0,0.0,1.0,MANDI,,2.0,0.0,2.0,0.0,1.0,SHIMLA,,2.0,0.0,2.0,0.0,1.0,KULLU,,2.0,0.0,2.0,0.0,1.0,SUNDER NAGAR,,2.0,0.0,2.0,0.0,1.0,SHAMSI,,2.0,0.0,2.0,0.0,1.0,KULLU,,2.0,0.0,2.0,0.0,2.0,KULLU,,2.0,0.0,2.0,0.0,N.A.,,0.0,0.0,0.0,0.0,0.0,,0.0,0.0,0.0,0.0,0.0,,1.0,1.0,1.0,1.0,1.0,,0.0,0.0,0.0,0.0,0.0,,0.0,0.0,0.0,0.0,0.0,,0.0,0.0,0.0,0.0,0.0,,0.0,0.0,0.0,0.0,0.0,,0.0,0.0,0.0,0.0,0.0,,0.0,0.0,0.0,0.0,0.0,,0.0,0.0,0.0,0.0,0.0,,0.0,0.0,0.0,0.0,0.0,,0.0,0.0,0.0,0.0,0.0,0.0,2.0,2.0,0.0,1.0,1.0,1.0,2.0,,,2.0,,,2.0,,,2.0,,,2.0,1.0,1.0,1.0,2.0,,,2.0,,,2.0,,,2.0,1.0,2.0,2.0,2.0,1.0,1.0,1.0,2.0,2.0,2.0,2.0,2.0,2.0,1.0,2.0,,2.0,,2.0,,1.0,175101.0,1.0,,2.0,,1.0,,2.0,,2.0,,1.0,,1.0,,2.0,,2.0,,1.0,,1.0,,1.0,,2.0,,2.0,,2.0,,2.0,,2.0,,2.0,,1.0,,1.0,,1.0,,1.0,,1.0,,1.0,,2.0,,1.0,,2.0,b,2.0,,2.0,,1.0,,1.0,,2.0,,2.0,,2.0,,2.0,,2.0,,1.0,,1.0,1.0,2.0,,1.0,,2.0,,2.0,,2.0,,2.0,,1.0,,1.0,,1.0,,1.0,24.0,24.0,1.0,24.0,24.0,1.0,24.0,24.0,1.0,24.0,24.0,MAIZE,DARAT,CAPS,WHEAT,,HUNKEY,VEGETABLE,0.0,0.0,22.0,7.0,0.0,0.0,14.0,0.0,133.0,133.0,0.0,0.0,0,0,0,0.0,KULLU,10.0,kullu_kullu_village_amenities.csv
,HIMACHAL PRADESH,,Kullu,,Kullu,,Bhalyani (33/75),,Kullu,2009,KULLU,14.0,KULLU,14,KULLU,14.0,YES,424.0,375.0,2257,1140.0,1117.0,202.0,107.0,95.0,0.0,0.0,0.0,2.0,0.0,2.0,0.0,2.0,KULLU,,1.0,3.0,2.0,0.0,,,,1.0,1.0,2.0,0.0,,,,1.0,1.0,2.0,0.0,,,,1.0,1.0,2.0,0.0,,,,2.0,0.0,2.0,0.0,1.0,KULLU,,2.0,0.0,2.0,0.0,1.0,MANDI,,2.0,0.0,2.0,0.0,1.0,SHIMLA,,2.0,0.0,2.0,0.0,1.0,KULLU,,2.0,0.0,2.0,0.0,1.0,SUNDER NAGAR,,2.0,0.0,2.0,0.0,1.0,SHAMSI,,2.0,0.0,2.0,0.0,1.0,KULLU,,2.0,0.0,2.0,0.0,2.0,KULLU,,2.0,0.0,2.0,0.0,N.A.,,0.0,0.0,0.0,0.0,0.0,,0.0,0.0,0.0,0.0,0.0,,0.0,0.0,0.0,0.0,0.0,,0.0,0.0,0.0,0.0,0.0,,0.0,0.0,0.0,0.0,0.0,,0.0,0.0,0.0,0.0,0.0,,0.0,0.0,0.0,0.0,0.0,,0.0,0.0,0.0,0.0,0.0,,1.0,2.0,2.0,2.0,2.0,,0.0,0.0,0.0,0.0,0.0,,0.0,0.0,0.0,0.0,0.0,,0.0,0.0,0.0,0.0,0.0,0.0,2.0,1.0,0.0,1.0,1.0,1.0,2.0,,,2.0,,,2.0,,,2.0,,,2.0,1.0,1.0,1.0,2.0,,,2.0,,,2.0,,,2.0,1.0,2.0,2.0,2.0,1.0,1.0,2.0,2.0,2.0,2.0,2.0,2.0,2.0,1.0,2.0,,1.0,,2.0,,1.0,175102.0,1.0,,2.0,,1.0,,2.0,,2.0,,1.0,,1.0,,2.0,,2.0,,1.0,,1.0,,1.0,,2.0,,2.0,,2.0,,2.0,,2.0,,2.0,,1.0,,1.0,,2.0,,1.0,,1.0,,1.0,,2.0,,1.0,,2.0,c,2.0,,2.0,,1.0,,1.0,,1.0,,2.0,,2.0,,2.0,,1.0,,1.0,,1.0,1.0,2.0,,1.0,,2.0,,2.0,,2.0,,2.0,,1.0,,1.0,,1.0,,1.0,24.0,24.0,1.0,24.0,24.0,1.0,24.0,24.0,1.0,24.0,24.0,MAIZE,,SHAWL,WHEAT,,HUNKEY,BARLEY,0.0,0.0,43.0,0.0,0.0,47.0,0.0,0.0,334.0,331.0,3.0,0.0,0,0,0,3.0,KULLU,14.0,kullu_kullu_village_amenities.csv
,HIMACHAL PRADESH,,Kullu,,Kullu,,Brahman (33/74),,Kullu,2009,KULLU,12.0,KULLU,12,KULLU,12.0,YES,141.0,161.0,920,464.0,456.0,52.0,30.0,22.0,0.0,0.0,0.0,2.0,0.0,2.0,0.0,1.0,KULLU,,1.0,3.0,2.0,0.0,,,,2.0,0.0,2.0,0.0,1.0,BHALYANI,,2.0,0.0,2.0,0.0,1.0,BHALYANI,,2.0,0.0,2.0,0.0,1.0,BHALYANI,,2.0,0.0,2.0,0.0,1.0,KULLU,,2.0,0.0,2.0,0.0,1.0,MANDI,,2.0,0.0,2.0,0.0,1.0,SHIMLA,,2.0,0.0,2.0,0.0,1.0,KULLU,,2.0,0.0,2.0,0.0,1.0,SUNDER NAGAR,,2.0,0.0,2.0,0.0,1.0,SHAMSI,,2.0,0.0,2.0,0.0,1.0,KULLU,,2.0,0.0,2.0,0.0,2.0,KULLU,,2.0,0.0,2.0,0.0,N.A.,,0.0,0.0,0.0,0.0,0.0,,0.0,0.0,0.0,0.0,0.0,,1.0,1.0,1.0,1.0,1.0,,0.0,0.0,0.0,0.0,0.0,,0.0,0.0,0.0,0.0,0.0,,0.0,0.0,0.0,0.0,0.0,,0.0,0.0,0.0,0.0,0.0,,0.0,0.0,0.0,0.0,0.0,,0.0,0.0,0.0,0.0,0.0,,0.0,0.0,0.0,0.0,0.0,,0.0,0.0,0.0,0.0,0.0,,0.0,0.0,0.0,0.0,0.0,0.0,1.0,0.0,0.0,1.0,1.0,1.0,2.0,,,2.0,,,2.0,,,2.0,,,2.0,1.0,1.0,1.0,2.0,,,2.0,,,2.0,,,2.0,1.0,2.0,2.0,2.0,1.0,1.0,2.0,2.0,2.0,2.0,2.0,2.0,2.0,1.0,2.0,,2.0,,2.0,,1.0,175102.0,1.0,,2.0,,1.0,,2.0,,2.0,,2.0,,2.0,,2.0,,2.0,,2.0,,2.0,,2.0,,2.0,,2.0,,2.0,,2.0,,2.0,,2.0,,2.0,,2.0,,2.0,,1.0,,2.0,,2.0,,2.0,,1.0,,2.0,c,2.0,,2.0,,2.0,,1.0,,2.0,,2.0,,2.0,,2.0,,2.0,,1.0,,1.0,1.0,2.0,,2.0,,2.0,,2.0,,2.0,,2.0,,1.0,,1.0,,1.0,,1.0,24.0,24.0,1.0,24.0,24.0,1.0,24.0,24.0,1.0,24.0,24.0,MAIZE,KUDAL,SHAWL,WHEAT,,HUNKEY,BARLEY,0.0,25.0,0.0,0.0,0.0,2.0,0.0,0.0,114.0,113.0,1.0,0.0,0,0,0,1.0,KULLU,12.0,kullu_kullu_village_amenities.csv
,HIMACHAL PRADESH,,Kullu,,Kullu,,Balh (33/73),,Kullu,2009,KULLU,10.0,KULLU,10,KULLU,10.0,YES,122.0,218.0,1032,528.0,504.0,89.0,43.0,46.0,0.0,0.0,0.0,2.0,0.0,1.0,1.0,,,,1.0,2.0,2.0,0.0,,,,1.0,1.0,2.0,0.0,,,,1.0,1.0,2.0,0.0,,,,1.0,1.0,2.0,0.0,,,,2.0,0.0,2.0,0.0,1.0,KULLU,,2.0,0.0,2.0,0.0,1.0,MANDI,,2.0,0.0,2.0,0.0,1.0,SHIMLA,,2.0,0.0,2.0,0.0,1.0,KULLU,,2.0,0.0,2.0,0.0,1.0,SUNDER NAGAR,,2.0,0.0,2.0,0.0,1.0,SHAMSI,,2.0,0.0,2.0,0.0,1.0,KULLU,,2.0,0.0,2.0,0.0,2.0,KULLU,,2.0,0.0,2.0,0.0,N.A.,,0.0,0.0,0.0,0.0,0.0,,0.0,0.0,0.0,0.0,0.0,,0.0,0.0,0.0,0.0,0.0,,0.0,0.0,0.0,0.0,0.0,,0.0,0.0,0.0,0.0,0.0,,0.0,0.0,0.0,0.0,0.0,,0.0,0.0,0.0,0.0,0.0,,0.0,0.0,0.0,0.0,0.0,,1.0,1.0,1.0,4.0,3.0,,0.0,0.0,0.0,0.0,0.0,,0.0,0.0,0.0,0.0,0.0,,0.0,0.0,0.0,0.0,0.0,1.0,1.0,0.0,0.0,1.0,1.0,1.0,2.0,,,2.0,,,2.0,,,2.0,,,2.0,1.0,1.0,1.0,2.0,,,2.0,,,2.0,,,2.0,1.0,2.0,2.0,1.0,2.0,1.0,2.0,2.0,2.0,2.0,2.0,2.0,2.0,1.0,2.0,,1.0,,2.0,,1.0,175102.0,1.0,,2.0,,1.0,,2.0,,2.0,,1.0,,1.0,,2.0,,2.0,,1.0,,1.0,,2.0,,2.0,,2.0,,2.0,,2.0,,2.0,,1.0,,1.0,,1.0,,1.0,,1.0,,2.0,,1.0,,2.0,,1.0,,2.0,b,1.0,,2.0,,1.0,,1.0,,1.0,,2.0,,2.0,,2.0,,1.0,,1.0,,1.0,1.0,2.0,,1.0,,2.0,,2.0,,2.0,,2.0,,1.0,,1.0,,1.0,,1.0,24.0,24.0,1.0,24.0,24.0,1.0,24.0,24.0,1.0,24.0,24.0,MAIZE,KUDAL,PATTU,WHEAT,,HUNKEY,BARLEY,0.0,0.0,26.0,0.0,0.0,8.0,0.0,0.0,88.0,84.0,4.0,0.0,0,0,0,4.0,KULLU,10.0,kullu_kullu_village_amenities.csv
,HIMACHAL PRADESH,,Kullu,,Kullu,,Bhumtir (33/76),,Kullu,2009,KULLU,8.0,KULLU,8,KULLU,8.0,YES,216.0,240.0,1322,660.0,662.0,359.0,179.0,180.0,0.0,0.0,0.0,2.0,0.0,2.0,0.0,2.0,KULLU,,1.0,3.0,2.0,0.0,,,,1.0,1.0,2.0,0.0,,,,2.0,0.0,2.0,0.0,1.0,MUTHI,,2.0,0.0,2.0,0.0,1.0,MUTHI,,2.0,0.0,2.0,0.0,1.0,KULLU,,2.0,0.0,2.0,0.0,1.0,MANDI,,2.0,0.0,2.0,0.0,1.0,SHIMLA,,2.0,0.0,2.0,0.0,1.0,KULLU,,2.0,0.0,2.0,0.0,1.0,SUNDER NAGAR,,2.0,0.0,2.0,0.0,1.0,SHAMSI,,2.0,0.0,2.0,0.0,1.0,KULLU,,2.0,0.0,2.0,0.0,2.0,KULLU,,2.0,0.0,2.0,0.0,N.A.,,0.0,0.0,0.0,0.0,0.0,,0.0,0.0,0.0,0.0,0.0,,0.0,0.0,0.0,0.0,0.0,,0.0,0.0,0.0,0.0,0.0,,0.0,0.0,0.0,0.0,0.0,,0.0,0.0,0.0,0.0,0.0,,0.0,0.0,0.0,0.0,0.0,,0.0,0.0,0.0,0.0,0.0,,1.0,1.0,1.0,1.0,1.0,,0.0,0.0,0.0,0.0,0.0,,0.0,0.0,0.0,0.0,0.0,,0.0,0.0,0.0,0.0,0.0,0.0,2.0,0.0,0.0,1.0,1.0,1.0,2.0,,,2.0,,,2.0,,,2.0,,,2.0,1.0,1.0,1.0,2.0,,,2.0,,,2.0,,,2.0,1.0,2.0,2.0,2.0,1.0,1.0,2.0,2.0,2.0,2.0,2.0,2.0,2.0,1.0,2.0,,2.0,,2.0,,1.0,175102.0,1.0,,2.0,,1.0,,2.0,,2.0,,2.0,,2.0,,2.0,,2.0,,2.0,,2.0,,2.0,,2.0,,2.0,,2.0,,2.0,,2.0,,2.0,,2.0,,2.0,,2.0,,1.0,,2.0,,2.0,,2.0,,1.0,,2.0,b,2.0,,2.0,,1.0,,1.0,,1.0,,2.0,,2.0,,2.0,,1.0,,1.0,,1.0,1.0,2.0,,2.0,,2.0,,2.0,,2.0,,2.0,,1.0,,1.0,,1.0,,1.0,24.0,24.0,1.0,24.0,24.0,1.0,24.0,24.0,1.0,24.0,24.0,MAIZE,,PATTU,WHEAT,,CAPS,BARLEY,0.0,24.0,0.0,0.0,0.0,9.0,0.0,0.0,183.0,183.0,0.0,0.0,0,0,0,0.0,KULLU,8.0,kullu_kullu_village_amenities.csv
,HIMACHAL PRADESH,,Kullu,,Kullu,,Peej (34/77),,Kullu,2009,KULLU,5.0,KULLU,5,KULLU,5.0,YES,572.0,580.0,3114,1601.0,1513.0,803.0,406.0,397.0,3.0,1.0,2.0,2.0,0.0,2.0,0.0,2.0,KULLU,,1.0,4.0,2.0,0.0,,,,1.0,1.0,2.0,0.0,,,,1.0,1.0,2.0,0.0,,,,1.0,1.0,2.0,0.0,,,,2.0,0.0,2.0,0.0,1.0,KULLU,,2.0,0.0,2.0,0.0,1.0,MANDI,,2.0,0.0,2.0,0.0,1.0,SHIMLA,,2.0,0.0,2.0,0.0,1.0,KULLU,,2.0,0.0,2.0,0.0,1.0,SUNDER NAGAR,,2.0,0.0,2.0,0.0,1.0,SHAMSI,,2.0,0.0,2.0,0.0,1.0,KULLU,,2.0,0.0,2.0,0.0,2.0,KULLU,,2.0,0.0,2.0,0.0,N.A.,,0.0,0.0,0.0,0.0,0.0,,0.0,0.0,0.0,0.0,0.0,,1.0,1.0,1.0,1.0,1.0,,0.0,0.0,0.0,0.0,0.0,,0.0,0.0,0.0,0.0,0.0,,0.0,0.0,0.0,0.0,0.0,,0.0,0.0,0.0,0.0,0.0,,1.0,1.0,1.0,2.0,1.0,,0.0,0.0,0.0,0.0,0.0,,0.0,0.0,0.0,0.0,0.0,,0.0,0.0,0.0,0.0,0.0,,0.0,0.0,0.0,0.0,0.0,0.0,5.0,0.0,0.0,1.0,1.0,1.0,2.0,,,2.0,,,2.0,,,1.0,1.0,1.0,2.0,2.0,,,2.0,,,2.0,,,2.0,,,2.0,1.0,2.0,2.0,1.0,2.0,1.0,2.0,2.0,2.0,2.0,2.0,2.0,2.0,1.0,2.0,,1.0,,2.0,,1.0,175102.0,1.0,,2.0,,1.0,,2.0,,2.0,,1.0,,1.0,,2.0,,2.0,,1.0,,1.0,,1.0,,2.0,,2.0,,2.0,,2.0,,2.0,,1.0,,2.0,,1.0,,1.0,,1.0,,1.0,,2.0,,2.0,,1.0,,2.0,b,1.0,,2.0,,2.0,,1.0,,1.0,,1.0,,2.0,,2.0,,2.0,,1.0,,1.0,1.0,2.0,,1.0,,2.0,,2.0,,2.0,,2.0,,1.0,,1.0,,1.0,,1.0,24.0,24.0,1.0,24.0,24.0,1.0,24.0,24.0,1.0,24.0,24.0,WHEAT,KULAHRI,HUNKEY,MAIZE,,,BARLEY,102.0,96.0,0.0,0.0,0.0,0.0,0.0,0.0,374.0,374.0,0.0,0.0,0,0,0,0.0,KULLU,5.0,kullu_kullu_village_amenities.csv
,HIMACHAL PRADESH,,Kullu,,Kullu,,Balh (34/79),,Kullu,2009,KULLU,5.0,KULLU,5,KULLU,5.0,YES,381.0,1074.0,4708,2402.0,2306.0,900.0,445.0,455.0,328.0,160.0,168.0,2.0,0.0,2.0,0.0,2.0,KULLU,,1.0,4.0,2.0,0.0,,,,1.0,1.0,2.0,0.0,,,,1.0,1.0,2.0,0.0,,,,2.0,0.0,2.0,0.0,1.0,KULLU,,2.0,0.0,2.0,0.0,1.0,KULLU,,2.0,0.0,2.0,0.0,1.0,MANDI,,2.0,0.0,2.0,0.0,1.0,SHIMLA,,2.0,0.0,2.0,0.0,1.0,KULLU,,2.0,0.0,2.0,0.0,1.0,SUNDER NAGAR,,2.0,0.0,2.0,0.0,1.0,SHAMSI,,2.0,0.0,2.0,0.0,1.0,KULLU,,2.0,0.0,2.0,0.0,2.0,KULLU,,2.0,0.0,2.0,0.0,N.A.,,0.0,0.0,0.0,0.0,0.0,,0.0,0.0,0.0,0.0,0.0,,1.0,1.0,1.0,2.0,2.0,,0.0,0.0,0.0,0.0,0.0,,0.0,0.0,0.0,0.0,0.0,,0.0,0.0,0.0,0.0,0.0,,0.0,0.0,0.0,0.0,0.0,,0.0,0.0,0.0,0.0,0.0,,0.0,0.0,0.0,0.0,0.0,,0.0,0.0,0.0,0.0,0.0,,0.0,0.0,0.0,0.0,0.0,,0.0,0.0,0.0,0.0,0.0,0.0,2.0,0.0,0.0,1.0,1.0,1.0,2.0,,,2.0,,,2.0,,,1.0,1.0,1.0,2.0,1.0,1.0,1.0,2.0,,,2.0,,,2.0,,,2.0,1.0,2.0,2.0,1.0,2.0,1.0,2.0,2.0,2.0,2.0,2.0,2.0,2.0,1.0,2.0,,2.0,,2.0,,1.0,175101.0,1.0,,1.0,,1.0,,1.0,,2.0,,1.0,,1.0,,2.0,,1.0,,1.0,,1.0,,1.0,,2.0,,2.0,,2.0,,2.0,,1.0,,1.0,,1.0,,1.0,,1.0,,2.0,,2.0,,1.0,,2.0,,1.0,,2.0,b,1.0,,1.0,,1.0,,1.0,,1.0,,1.0,,2.0,,2.0,,1.0,,1.0,,1.0,1.0,2.0,,1.0,,2.0,,2.0,,2.0,,2.0,,1.0,,1.0,,1.0,,1.0,24.0,24.0,1.0,24.0,24.0,1.0,24.0,24.0,1.0,24.0,24.0,MAIZE,KUDAL,HUNKEY,WHEAT,,PATTU,BARLEY,42.0,48.0,1.0,0.0,2.0,7.0,6.0,5.0,270.0,259.0,11.0,0.0,0,0,0,11.0,KULLU,5.0,kullu_kullu_village_amenities.csv
,HIMACHAL PRADESH,,Kullu,,Kullu,,Kharihar (34/81),,Kullu,2009,KULLU,9.0,KULLU,9,KULLU,9.0,YES,245.43,342.0,1881,936.0,945.0,474.0,230.0,244.0,5.0,4.0,1.0,2.0,0.0,2.0,0.0,2.0,KULLU,,1.0,3.0,2.0,0.0,,,,1.0,1.0,2.0,0.0,,,,1.0,1.0,2.0,0.0,,,,2.0,0.0,2.0,0.0,1.0,KULLU,,2.0,0.0,2.0,0.0,1.0,KULLU,,2.0,0.0,2.0,0.0,1.0,MANDI,,2.0,0.0,2.0,0.0,1.0,SHIMLA,,2.0,0.0,2.0,0.0,1.0,KULLU,,2.0,0.0,2.0,0.0,1.0,SUNDER NAGAR,,2.0,0.0,2.0,0.0,1.0,SHAMSI,,2.0,0.0,2.0,0.0,1.0,KULLU,,2.0,0.0,2.0,0.0,2.0,KULLU,,2.0,0.0,2.0,0.0,N.A.,,0.0,0.0,0.0,0.0,0.0,,0.0,0.0,0.0,0.0,0.0,,1.0,1.0,1.0,1.0,1.0,,0.0,0.0,0.0,0.0,0.0,,0.0,0.0,0.0,0.0,0.0,,0.0,0.0,0.0,0.0,0.0,,0.0,0.0,0.0,0.0,0.0,,1.0,1.0,1.0,1.0,1.0,,0.0,0.0,0.0,0.0,0.0,,0.0,0.0,0.0,0.0,0.0,,0.0,0.0,0.0,0.0,0.0,,0.0,0.0,0.0,0.0,0.0,0.0,1.0,0.0,0.0,1.0,1.0,1.0,2.0,,,2.0,,,2.0,,,2.0,,,2.0,1.0,1.0,1.0,2.0,,,2.0,,,2.0,,,2.0,1.0,2.0,2.0,2.0,1.0,1.0,2.0,2.0,2.0,2.0,2.0,2.0,2.0,1.0,2.0,,1.0,,2.0,,1.0,175101.0,1.0,,2.0,,1.0,,2.0,,2.0,,1.0,,1.0,,2.0,,1.0,,1.0,,1.0,,1.0,,2.0,,2.0,,2.0,,2.0,,2.0,,2.0,,1.0,,1.0,,1.0,,1.0,,1.0,,1.0,,2.0,,1.0,,2.0,b,1.0,,1.0,,1.0,,1.0,,1.0,,2.0,,2.0,,2.0,,1.0,,1.0,,1.0,1.0,2.0,,1.0,,2.0,,2.0,,2.0,,2.0,,1.0,,1.0,,1.0,,1.0,24.0,24.0,1.0,24.0,24.0,1.0,24.0,24.0,1.0,24.0,24.0,MAIZE,DARAT,PATTU,WHEAT,,HUNKEY,BARLEY,0.0,48.43,1.0,0.0,2.0,13.0,3.0,2.0,176.0,176.0,0.0,0.0,0,0,0,0.0,KULLU,9.0,kullu_kullu_village_amenities.csv
,HIMACHAL PRADESH,,Kullu,,Kullu,,Barahar (34/80),,Kullu,2009,KULLU,8.0,KULLU,8,KULLU,8.0,YES,298.0,277.0,1483,768.0,715.0,93.0,55.0,38.0,3.0,2.0,1.0,2.0,0.0,2.0,0.0,2.0,KULLU,,1.0,3.0,2.0,0.0,,,,1.0,2.0,2.0,0.0,,,,2.0,0.0,2.0,0.0,1.0,KULLU,,2.0,0.0,2.0,0.0,1.0,KULLU,,2.0,0.0,2.0,0.0,1.0,KULLU,,2.0,0.0,2.0,0.0,1.0,MANDI,,2.0,0.0,2.0,0.0,1.0,SHIMLA,,2.0,0.0,2.0,0.0,1.0,KULLU,,2.0,0.0,2.0,0.0,1.0,SUNDER NAGAR,,2.0,0.0,2.0,0.0,1.0,SHAMSI,,2.0,0.0,2.0,0.0,1.0,KULLU,,2.0,0.0,2.0,0.0,2.0,KULLU,,2.0,0.0,2.0,0.0,N.A.,,0.0,0.0,0.0,0.0,0.0,,0.0,0.0,0.0,0.0,0.0,,1.0,1.0,1.0,1.0,1.0,,0.0,0.0,0.0,0.0,0.0,,0.0,0.0,0.0,0.0,0.0,,0.0,0.0,0.0,0.0,0.0,,0.0,0.0,0.0,0.0,0.0,,1.0,1.0,1.0,1.0,1.0,,0.0,0.0,0.0,0.0,0.0,,0.0,0.0,0.0,0.0,0.0,,0.0,0.0,0.0,0.0,0.0,,0.0,0.0,0.0,0.0,0.0,0.0,2.0,1.0,0.0,1.0,1.0,1.0,2.0,,,2.0,,,2.0,,,2.0,,,2.0,1.0,1.0,1.0,2.0,,,2.0,,,2.0,,,2.0,1.0,2.0,2.0,1.0,2.0,1.0,2.0,2.0,2.0,2.0,2.0,2.0,2.0,1.0,2.0,,2.0,,2.0,,1.0,175126.0,1.0,,2.0,,1.0,,2.0,,2.0,,1.0,,1.0,,2.0,,2.0,,1.0,,1.0,,1.0,,2.0,,2.0,,2.0,,2.0,,2.0,,2.0,,2.0,,1.0,,2.0,,1.0,,1.0,,1.0,,2.0,,1.0,,2.0,b,2.0,,2.0,,2.0,,1.0,,1.0,,2.0,,2.0,,2.0,,1.0,,1.0,,1.0,1.0,2.0,,1.0,,2.0,,2.0,,2.0,,2.0,,1.0,,1.0,,1.0,,1.0,24.0,24.0,1.0,24.0,24.0,1.0,24.0,24.0,1.0,24.0,24.0,MAIZE,KUDAL,SHAWL,WHEAT,,,BARLEY,0.0,0.0,63.0,0.0,17.0,0.0,0.0,0.0,218.0,218.0,0.0,0.0,0,0,0,0.0,KULLU,8.0,kullu_kullu_village_amenities.csv
,HIMACHAL PRADESH,,Kullu,,Kullu,,Kharal (25/50),,Naggar,2009,KULLU,1.0,KULLU,1,KULLU,1.0,YES,1409.0,2585.0,12384,6205.0,6179.0,3588.0,1822.0,1766.0,644.0,333.0,311.0,2.0,0.0,2.0,0.0,2.0,KULLU,,1.0,12.0,1.0,3.0,,,,1.0,3.0,1.0,1.0,,,,1.0,1.0,2.0,0.0,,,,1.0,1.0,2.0,0.0,,,,2.0,0.0,2.0,0.0,1.0,KULLU,,2.0,0.0,2.0,0.0,1.0,MANDI,,2.0,0.0,2.0,0.0,1.0,SHIMLA,,2.0,0.0,2.0,0.0,1.0,KULLU,,2.0,0.0,2.0,0.0,1.0,SUNDER NAGAR,,2.0,0.0,2.0,0.0,1.0,SHAMSI,,2.0,0.0,2.0,0.0,1.0,KULLU,,2.0,0.0,2.0,0.0,2.0,KULLU,,2.0,0.0,2.0,0.0,N.A.,,0.0,0.0,0.0,0.0,0.0,,0.0,0.0,0.0,0.0,0.0,,1.0,1.0,0.0,1.0,0.0,,0.0,0.0,0.0,0.0,0.0,,0.0,0.0,0.0,0.0,0.0,,0.0,0.0,0.0,0.0,0.0,,0.0,0.0,0.0,0.0,0.0,,1.0,1.0,1.0,1.0,1.0,,1.0,4.0,4.0,4.0,4.0,,0.0,0.0,0.0,0.0,0.0,,0.0,0.0,0.0,0.0,0.0,,0.0,0.0,0.0,0.0,0.0,0.0,4.0,2.0,0.0,1.0,1.0,1.0,2.0,,,2.0,,,2.0,,,2.0,,,2.0,1.0,1.0,1.0,2.0,,,2.0,,,2.0,,,2.0,1.0,2.0,2.0,1.0,2.0,1.0,1.0,1.0,2.0,2.0,2.0,2.0,2.0,1.0,2.0,,1.0,,2.0,,1.0,175101.0,1.0,,1.0,,1.0,,1.0,,2.0,,1.0,,1.0,,2.0,,1.0,,1.0,,1.0,,1.0,,2.0,,2.0,,2.0,,2.0,,1.0,,1.0,,1.0,,1.0,,1.0,,1.0,,1.0,,1.0,,2.0,,1.0,,2.0,a,2.0,,2.0,,2.0,,1.0,,1.0,,1.0,,2.0,,2.0,,1.0,,1.0,,1.0,1.0,1.0,,1.0,,1.0,,2.0,,2.0,,2.0,,1.0,,1.0,,1.0,,1.0,24.0,24.0,1.0,24.0,24.0,1.0,24.0,24.0,1.0,24.0,24.0,MAIZE,KULAHRI,SHAWL,WHEAT,,HUNKEY,VEGETABLE,0.0,0.0,242.0,0.0,265.0,129.0,0.0,0.0,773.0,735.0,38.0,0.0,0,0,0,38.0,KULLU,1.0,kullu_kullu_village_amenities.csv
,HIMACHAL PRADESH,,Kullu,,Kullu,,Rajgiri (35/82),,Kullu,2009,KULLU,14.0,KULLU,14,KULLU,14.0,YES,31.94,73.0,375,191.0,184.0,19.0,7.0,12.0,0.0,0.0,0.0,2.0,0.0,2.0,0.0,2.0,BADAH,,1.0,1.0,2.0,0.0,,,,1.0,1.0,2.0,0.0,,,,2.0,0.0,2.0,0.0,1.0,MOHAL,,2.0,0.0,2.0,0.0,1.0,MOHAL,,2.0,0.0,2.0,0.0,1.0,KULLU,,2.0,0.0,2.0,0.0,1.0,MANDI,,2.0,0.0,2.0,0.0,1.0,SHIMLA,,2.0,0.0,2.0,0.0,1.0,KULLU,,2.0,0.0,2.0,0.0,1.0,SUNDER NAGAR,,2.0,0.0,2.0,0.0,1.0,SHAMSI,,2.0,0.0,2.0,0.0,1.0,KULLU,,2.0,0.0,2.0,0.0,2.0,KULLU,,2.0,0.0,2.0,0.0,N.A.,,0.0,0.0,0.0,0.0,0.0,,0.0,0.0,0.0,0.0,0.0,,0.0,0.0,0.0,0.0,0.0,,0.0,0.0,0.0,0.0,0.0,,0.0,0.0,0.0,0.0,0.0,,0.0,0.0,0.0,0.0,0.0,,0.0,0.0,0.0,0.0,0.0,,0.0,0.0,0.0,0.0,0.0,,0.0,0.0,0.0,0.0,0.0,,0.0,0.0,0.0,0.0,0.0,,0.0,0.0,0.0,0.0,0.0,,0.0,0.0,0.0,0.0,0.0,0.0,0.0,0.0,0.0,2.0,,,2.0,,,2.0,,,2.0,,,2.0,,,2.0,1.0,1.0,1.0,2.0,,,2.0,,,2.0,,,2.0,1.0,2.0,2.0,2.0,1.0,1.0,2.0,2.0,2.0,2.0,2.0,2.0,2.0,1.0,2.0,,2.0,,2.0,,1.0,175126.0,1.0,,2.0,,1.0,,2.0,,2.0,,2.0,,2.0,,2.0,,2.0,,2.0,,2.0,,2.0,,2.0,,2.0,,2.0,,2.0,,2.0,,2.0,,2.0,,2.0,,2.0,,2.0,,2.0,,2.0,,2.0,,1.0,,2.0,b,2.0,,2.0,,1.0,,1.0,,1.0,,2.0,,2.0,,2.0,,1.0,,1.0,,1.0,1.0,2.0,,1.0,,2.0,,2.0,,2.0,,2.0,,1.0,,1.0,,1.0,,1.0,24.0,24.0,1.0,24.0,24.0,1.0,24.0,24.0,1.0,24.0,24.0,WHEAT,KULAHRI,PATTU,MAIZE,,HUNKEY,VEGETABLE,0.0,0.0,4.69,0.0,0.0,0.3,0.0,0.0,26.95,26.95,0.0,0.0,0,0,0,0.0,KULLU,14.0,kullu_kullu_village_amenities.csv
,HIMACHAL PRADESH,,Kullu,,Kullu,,Shillihar (35/83),,Kullu,2009,KULLU,15.0,KULLU,15,KULLU,15.0,YES,165.34,317.0,1721,879.0,842.0,1030.0,521.0,509.0,0.0,0.0,0.0,2.0,0.0,2.0,0.0,2.0,BADAH,,1.0,3.0,1.0,1.0,,,,1.0,1.0,2.0,0.0,,,,1.0,1.0,2.0,0.0,,,,2.0,0.0,2.0,0.0,1.0,MOHAL,,2.0,0.0,2.0,0.0,1.0,KULLU,,2.0,0.0,2.0,0.0,1.0,MANDI,,2.0,0.0,2.0,0.0,1.0,SHIMLA,,2.0,0.0,2.0,0.0,1.0,KULLU,,2.0,0.0,2.0,0.0,1.0,SUNDER NAGAR,,2.0,0.0,2.0,0.0,1.0,SHAMSI,,2.0,0.0,2.0,0.0,1.0,KULLU,,2.0,0.0,2.0,0.0,2.0,KULLU,,2.0,0.0,2.0,0.0,N.A.,,0.0,0.0,0.0,0.0,0.0,,0.0,0.0,0.0,0.0,0.0,,1.0,1.0,1.0,1.0,1.0,,0.0,0.0,0.0,0.0,0.0,,0.0,0.0,0.0,0.0,0.0,,0.0,0.0,0.0,0.0,0.0,,0.0,0.0,0.0,0.0,0.0,,0.0,0.0,0.0,0.0,0.0,,0.0,0.0,0.0,0.0,0.0,,0.0,0.0,0.0,0.0,0.0,,0.0,0.0,0.0,0.0,0.0,,0.0,0.0,0.0,0.0,0.0,0.0,1.0,0.0,0.0,1.0,1.0,1.0,2.0,,,2.0,,,2.0,,,2.0,,,2.0,1.0,1.0,1.0,2.0,,,2.0,,,2.0,,,2.0,1.0,2.0,2.0,2.0,1.0,1.0,2.0,2.0,2.0,2.0,2.0,2.0,2.0,1.0,2.0,,2.0,,2.0,,1.0,175126.0,1.0,,2.0,,1.0,,2.0,,2.0,,2.0,,2.0,,2.0,,2.0,,2.0,,2.0,,2.0,,2.0,,2.0,,2.0,,2.0,,2.0,,2.0,,2.0,,2.0,,2.0,,2.0,,2.0,,2.0,,2.0,,1.0,,2.0,c,2.0,,2.0,,1.0,,1.0,,1.0,,2.0,,2.0,,2.0,,1.0,,1.0,,1.0,1.0,2.0,,1.0,,2.0,,2.0,,2.0,,2.0,,1.0,,1.0,,1.0,,1.0,24.0,24.0,1.0,24.0,24.0,1.0,24.0,24.0,1.0,24.0,24.0,WHEAT,KUDAL,PATTU,MAIZE,,HUNKEY,VEGETABLE,0.0,0.0,30.74,0.0,0.0,5.88,0.0,0.0,128.72,128.72,0.0,0.0,0,0,0,0.0,KULLU,15.0,kullu_kullu_village_amenities.csv
,HIMACHAL PRADESH,,Kullu,,Kullu,,Mohal (35/84),,Kullu,2009,KULLU,5.0,KULLU,5,KULLU,5.0,YES,160.85,737.0,3150,1576.0,1574.0,976.0,496.0,480.0,426.0,212.0,214.0,2.0,0.0,2.0,0.0,2.0,BADAH,,1.0,2.0,2.0,0.0,,,,1.0,1.0,2.0,0.0,,,,1.0,1.0,1.0,2.0,,,,1.0,1.0,1.0,2.0,,,,2.0,0.0,2.0,0.0,1.0,KULLU,,2.0,0.0,2.0,0.0,1.0,MANDI,,2.0,0.0,2.0,0.0,1.0,SHIMLA,,2.0,0.0,2.0,0.0,1.0,KULLU,,2.0,0.0,2.0,0.0,1.0,SUNDER NAGAR,,2.0,0.0,2.0,0.0,1.0,SHAMSI,,2.0,0.0,2.0,0.0,1.0,KULLU,,2.0,0.0,2.0,0.0,2.0,KULLU,,2.0,0.0,2.0,0.0,N.A.,,0.0,0.0,0.0,0.0,0.0,,1.0,1.0,1.0,1.0,1.0,,1.0,1.0,1.0,1.0,1.0,,0.0,0.0,0.0,0.0,0.0,,0.0,0.0,0.0,0.0,0.0,,0.0,0.0,0.0,0.0,0.0,,0.0,0.0,0.0,0.0,0.0,,0.0,0.0,0.0,0.0,0.0,,1.0,2.0,2.0,4.0,4.0,,0.0,0.0,0.0,0.0,0.0,,0.0,0.0,0.0,0.0,0.0,,0.0,0.0,0.0,1.0,0.0,0.0,2.0,1.0,0.0,1.0,1.0,1.0,2.0,,,2.0,,,2.0,,,1.0,1.0,1.0,2.0,1.0,1.0,1.0,2.0,,,2.0,,,2.0,,,2.0,1.0,2.0,2.0,1.0,2.0,1.0,1.0,2.0,2.0,2.0,2.0,2.0,2.0,1.0,2.0,,1.0,,2.0,,1.0,175126.0,1.0,,1.0,,1.0,,1.0,,2.0,,1.0,,1.0,,2.0,,1.0,,1.0,,1.0,,1.0,,2.0,,2.0,,2.0,,2.0,,1.0,,1.0,,1.0,,1.0,,1.0,,1.0,,1.0,,1.0,,2.0,,1.0,,2.0,b,2.0,,2.0,,1.0,,1.0,,1.0,,1.0,,2.0,,2.0,,1.0,,1.0,,1.0,1.0,2.0,,1.0,,1.0,,2.0,,2.0,,2.0,,1.0,,1.0,,1.0,,1.0,24.0,24.0,1.0,24.0,24.0,1.0,24.0,24.0,1.0,24.0,24.0,WHEAT,KULAHRI,PATTU,MAIZE,,HUNKEY,VEGETABLE,0.0,17.62,0.0,0.0,0.0,2.0,0.0,0.0,141.23,102.5,38.73,0.0,0,0,0,38.73,KULLU,5.0,kullu_kullu_village_amenities.csv
,HIMACHAL PRADESH,,Kullu,,Kullu,,Bhullang (35/86),,Kullu,2009,KULLU,7.0,KULLU,7,KULLU,7.0,YES,150.15,368.0,1836,930.0,906.0,964.0,491.0,473.0,5.0,2.0,3.0,2.0,0.0,2.0,0.0,2.0,BADAH,,1.0,3.0,2.0,0.0,,,,1.0,1.0,2.0,0.0,,,,2.0,0.0,2.0,0.0,1.0,MOHAL,,2.0,0.0,2.0,0.0,1.0,MOHAL,,2.0,0.0,2.0,0.0,1.0,KULLU,,2.0,0.0,2.0,0.0,1.0,MANDI,,2.0,0.0,2.0,0.0,1.0,SHIMLA,,2.0,0.0,2.0,0.0,1.0,KULLU,,2.0,0.0,2.0,0.0,1.0,SUNDER NAGAR,,2.0,0.0,2.0,0.0,1.0,SHAMSI,,2.0,0.0,2.0,0.0,1.0,KULLU,,2.0,0.0,2.0,0.0,2.0,KULLU,,2.0,0.0,2.0,0.0,N.A.,,0.0,0.0,0.0,0.0,0.0,,0.0,0.0,0.0,0.0,0.0,,1.0,1.0,1.0,1.0,1.0,,0.0,0.0,0.0,0.0,0.0,,0.0,0.0,0.0,0.0,0.0,,0.0,0.0,0.0,0.0,0.0,,0.0,0.0,0.0,0.0,0.0,,0.0,0.0,0.0,0.0,0.0,,0.0,0.0,0.0,0.0,0.0,,0.0,0.0,0.0,0.0,0.0,,0.0,0.0,0.0,0.0,0.0,,0.0,0.0,0.0,0.0,0.0,0.0,0.0,0.0,0.0,1.0,1.0,1.0,2.0,,,2.0,,,2.0,,,2.0,,,2.0,1.0,1.0,1.0,2.0,,,2.0,,,2.0,,,2.0,1.0,2.0,2.0,1.0,2.0,1.0,1.0,2.0,2.0,2.0,2.0,2.0,2.0,1.0,2.0,,2.0,,2.0,,1.0,175126.0,1.0,,2.0,,1.0,,2.0,,2.0,,2.0,,2.0,,2.0,,2.0,,2.0,,2.0,,2.0,,2.0,,2.0,,2.0,,2.0,,2.0,,2.0,,2.0,,2.0,,2.0,,1.0,,1.0,,2.0,,2.0,,1.0,,2.0,b,2.0,,2.0,,1.0,,1.0,,1.0,,2.0,,2.0,,2.0,,2.0,,1.0,,1.0,1.0,2.0,,2.0,,1.0,,2.0,,2.0,,2.0,,1.0,,1.0,,1.0,,1.0,24.0,24.0,1.0,24.0,24.0,1.0,24.0,24.0,1.0,24.0,24.0,WHEAT,,PATTU,MAIZE,,HUNKEY,VEGETABLE,0.0,0.0,20.19,0.0,0.0,8.23,0.0,0.0,121.73,121.43,0.3,0.0,0,0,0,0.3,KULLU,7.0,kullu_kullu_village_amenities.csv
,HIMACHAL PRADESH,,Kullu,,Kullu,,Khokhan (35/87),,Kullu,2009,KULLU,10.0,KULLU,10,KULLU,10.0,YES,246.84,692.0,3193,1634.0,1559.0,1283.0,659.0,624.0,222.0,102.0,120.0,2.0,0.0,2.0,0.0,2.0,BHUNTAR,,1.0,3.0,1.0,2.0,,,,1.0,1.0,2.0,0.0,,,,2.0,0.0,2.0,0.0,1.0,BHUNTAR,,2.0,0.0,2.0,0.0,1.0,BHUNTAR,,2.0,0.0,2.0,0.0,1.0,KULLU,,2.0,0.0,2.0,0.0,1.0,MANDI,,2.0,0.0,2.0,0.0,1.0,SHIMLA,,2.0,0.0,2.0,0.0,1.0,KULLU,,2.0,0.0,2.0,0.0,1.0,SUNDER NAGAR,,2.0,0.0,2.0,0.0,1.0,SHAMSI,,2.0,0.0,2.0,0.0,1.0,KULLU,,2.0,0.0,2.0,0.0,2.0,KULLU,,2.0,0.0,2.0,0.0,N.A.,,0.0,0.0,0.0,0.0,0.0,,0.0,0.0,0.0,0.0,0.0,,0.0,0.0,0.0,0.0,0.0,,0.0,0.0,0.0,0.0,0.0,,0.0,0.0,0.0,0.0,0.0,,0.0,0.0,0.0,0.0,0.0,,0.0,0.0,0.0,0.0,0.0,,1.0,1.0,1.0,1.0,1.0,,0.0,0.0,0.0,0.0,0.0,,0.0,0.0,0.0,0.0,0.0,,0.0,0.0,0.0,0.0,0.0,,0.0,0.0,0.0,0.0,0.0,0.0,2.0,0.0,0.0,1.0,1.0,1.0,2.0,,,2.0,,,2.0,,,1.0,1.0,1.0,2.0,1.0,1.0,1.0,2.0,,,2.0,,,2.0,,,2.0,1.0,2.0,2.0,1.0,2.0,1.0,1.0,2.0,2.0,2.0,2.0,2.0,2.0,1.0,2.0,,1.0,,2.0,,1.0,175125.0,1.0,,2.0,,1.0,,2.0,,2.0,,1.0,,1.0,,2.0,,1.0,,1.0,,1.0,,1.0,,2.0,,2.0,,2.0,,2.0,,2.0,,2.0,,1.0,,1.0,,1.0,,1.0,,1.0,,1.0,,2.0,,1.0,,2.0,a,2.0,,2.0,,1.0,,1.0,,1.0,,1.0,,2.0,,2.0,,1.0,,1.0,,1.0,1.0,2.0,,2.0,,2.0,,2.0,,2.0,,2.0,,1.0,,1.0,,1.0,,1.0,24.0,24.0,1.0,24.0,24.0,1.0,24.0,24.0,1.0,24.0,24.0,MAIZE,DARAT,,WHEAT,,,VEGETABLE,0.0,48.08,12.7,0.0,0.0,0.0,0.0,0.0,186.06,186.06,0.0,0.0,0,0,0,0.0,KULLU,10.0,kullu_kullu_village_amenities.csv
,HIMACHAL PRADESH,,Kullu,,Kullu,,Neol (35/88),,Kullu,2009,KULLU,22.0,KULLU,22,KULLU,22.0,YES,199.24,414.0,2203,1120.0,1083.0,534.0,271.0,263.0,0.0,0.0,0.0,1.0,1.0,2.0,0.0,,,,1.0,1.0,2.0,0.0,,,,1.0,1.0,2.0,0.0,,,,2.0,0.0,2.0,0.0,1.0,BAJAURA,,2.0,0.0,2.0,0.0,1.0,BAJAURA,,2.0,0.0,2.0,0.0,1.0,KULLU,,2.0,0.0,2.0,0.0,1.0,MANDI,,2.0,0.0,2.0,0.0,1.0,SHIMLA,,2.0,0.0,2.0,0.0,1.0,KULLU,,2.0,0.0,2.0,0.0,1.0,SUNDER NAGAR,,2.0,0.0,2.0,0.0,1.0,SHAMSI,,2.0,0.0,2.0,0.0,1.0,KULLU,,2.0,0.0,2.0,0.0,2.0,KULLU,,2.0,0.0,2.0,0.0,N.A.,,0.0,0.0,0.0,0.0,0.0,,1.0,4.0,4.0,6.0,4.0,,0.0,0.0,0.0,0.0,0.0,,0.0,0.0,0.0,0.0,0.0,,0.0,0.0,0.0,0.0,0.0,,0.0,0.0,0.0,0.0,0.0,,0.0,0.0,0.0,0.0,0.0,,1.0,1.0,1.0,1.0,1.0,,0.0,0.0,0.0,0.0,0.0,,0.0,0.0,0.0,0.0,0.0,,0.0,0.0,0.0,0.0,0.0,,0.0,0.0,0.0,0.0,0.0,0.0,0.0,0.0,0.0,1.0,1.0,1.0,2.0,,,2.0,,,2.0,,,2.0,,,2.0,1.0,1.0,1.0,2.0,,,2.0,,,2.0,,,2.0,1.0,2.0,2.0,2.0,1.0,1.0,2.0,2.0,2.0,2.0,2.0,2.0,2.0,1.0,2.0,,1.0,,2.0,,1.0,175125.0,1.0,,2.0,,1.0,,2.0,,2.0,,1.0,,1.0,,2.0,,2.0,,1.0,,1.0,,1.0,,2.0,,2.0,,2.0,,2.0,,1.0,,1.0,,1.0,,1.0,,1.0,,1.0,,1.0,,1.0,,2.0,,1.0,,2.0,b,2.0,,2.0,,2.0,,1.0,,1.0,,2.0,,2.0,,2.0,,2.0,,1.0,,1.0,1.0,2.0,,2.0,,2.0,,2.0,,2.0,,2.0,,1.0,,1.0,,1.0,,1.0,24.0,24.0,1.0,24.0,24.0,1.0,24.0,24.0,1.0,24.0,24.0,MAIZE,KULAHRI,HUNKEY,WHEAT,,PATTU,BARLEY,0.0,3.0,45.0,0.0,0.0,2.0,0.0,7.0,142.24,142.24,0.0,0.0,0,0,0,0.0,KULLU,22.0,kullu_kullu_village_amenities.csv
,HIMACHAL PRADESH,,Kullu,,Kullu,,Bajaura (36/89),,Kullu,2009,KULLU,16.0,KULLU,16,BHUNTAR,5.0,YES,420.0,1255.0,5852,3015.0,2837.0,2258.0,1198.0,1060.0,463.0,250.0,213.0,2.0,0.0,1.0,2.0,,,,1.0,4.0,2.0,0.0,,,,1.0,1.0,2.0,0.0,,,,1.0,1.0,1.0,1.0,,,,1.0,1.0,1.0,1.0,,,,2.0,0.0,2.0,0.0,1.0,KULLU,,2.0,0.0,2.0,0.0,1.0,MANDI,,2.0,0.0,2.0,0.0,1.0,SHIMLA,,2.0,0.0,2.0,0.0,1.0,KULLU,,2.0,0.0,2.0,0.0,1.0,SUNDER NAGAR,,2.0,0.0,2.0,0.0,1.0,SHAMSI,,2.0,0.0,2.0,0.0,1.0,KULLU,,2.0,0.0,2.0,0.0,2.0,KULLU,,2.0,0.0,2.0,0.0,N.A.,,0.0,0.0,0.0,0.0,0.0,,0.0,0.0,0.0,0.0,0.0,,0.0,0.0,0.0,0.0,0.0,,0.0,0.0,0.0,0.0,0.0,,0.0,0.0,0.0,0.0,0.0,,0.0,0.0,0.0,0.0,0.0,,0.0,0.0,0.0,0.0,0.0,,2.0,4.0,4.0,6.0,4.0,,0.0,0.0,0.0,0.0,0.0,,0.0,0.0,0.0,0.0,0.0,,0.0,0.0,0.0,0.0,0.0,,0.0,0.0,0.0,0.0,0.0,0.0,4.0,2.0,0.0,1.0,1.0,1.0,2.0,,,2.0,,,2.0,,,1.0,1.0,1.0,2.0,1.0,1.0,1.0,2.0,,,2.0,,,2.0,,,2.0,1.0,2.0,2.0,2.0,1.0,1.0,2.0,2.0,2.0,2.0,2.0,2.0,2.0,1.0,2.0,,1.0,,2.0,,1.0,175125.0,1.0,,2.0,,1.0,,2.0,,2.0,,1.0,,1.0,,2.0,,1.0,,1.0,,1.0,,1.0,,2.0,,2.0,,2.0,,2.0,,1.0,,1.0,,1.0,,1.0,,1.0,,1.0,,1.0,,1.0,,2.0,,1.0,,2.0,b,2.0,,1.0,,2.0,,1.0,,1.0,,1.0,,2.0,,2.0,,1.0,,1.0,,1.0,1.0,2.0,,1.0,,2.0,,2.0,,2.0,,2.0,,1.0,,1.0,,1.0,,1.0,24.0,24.0,1.0,24.0,24.0,1.0,24.0,24.0,1.0,24.0,24.0,MAIZE,KULAHRI,HUNKEY,WHEAT,,PATTU,BARLEY,0.0,5.0,88.0,0.0,0.0,7.0,0.0,10.0,310.0,257.0,53.0,0.0,0,0,0,53.0,BHUNTAR,5.0,kullu_kullu_village_amenities.csv
,HIMACHAL PRADESH,,Kullu,,Kullu,,Hat (36/90),,Kullu,2009,KULLU,17.0,KULLU,17,KULLU,17.0,YES,164.0,504.0,2306,1186.0,1120.0,1034.0,536.0,498.0,183.0,94.0,89.0,2.0,0.0,2.0,0.0,2.0,BAJAURA,,1.0,3.0,2.0,0.0,,,,1.0,1.0,2.0,0.0,,,,1.0,1.0,1.0,1.0,,,,1.0,1.0,1.0,1.0,,,,2.0,0.0,2.0,0.0,1.0,KULLU,,2.0,0.0,2.0,0.0,1.0,MANDI,,2.0,0.0,2.0,0.0,1.0,SHIMLA,,2.0,0.0,2.0,0.0,1.0,KULLU,,2.0,0.0,2.0,0.0,1.0,SUNDER NAGAR,,2.0,0.0,2.0,0.0,1.0,SHAMSI,,2.0,0.0,2.0,0.0,1.0,KULLU,,2.0,0.0,2.0,0.0,2.0,KULLU,,2.0,0.0,2.0,0.0,N.A.,,0.0,0.0,0.0,0.0,0.0,,1.0,2.0,2.0,4.0,3.0,,0.0,0.0,0.0,0.0,0.0,,0.0,0.0,0.0,0.0,0.0,,0.0,0.0,0.0,0.0,0.0,,0.0,0.0,0.0,0.0,0.0,,0.0,0.0,0.0,0.0,0.0,,0.0,0.0,0.0,0.0,0.0,,0.0,0.0,0.0,0.0,0.0,,0.0,0.0,0.0,0.0,0.0,,0.0,0.0,0.0,0.0,0.0,,0.0,0.0,0.0,0.0,0.0,0.0,1.0,1.0,0.0,1.0,1.0,1.0,2.0,,,2.0,,,2.0,,,1.0,1.0,1.0,2.0,1.0,1.0,1.0,2.0,,,2.0,,,2.0,,,2.0,2.0,1.0,2.0,2.0,1.0,2.0,2.0,2.0,2.0,2.0,2.0,2.0,2.0,1.0,2.0,,2.0,,2.0,,1.0,175125.0,1.0,,2.0,,1.0,,2.0,,2.0,,1.0,,1.0,,2.0,,1.0,,1.0,,1.0,,1.0,,2.0,,2.0,,2.0,,2.0,,1.0,,1.0,,1.0,,1.0,,1.0,,1.0,,1.0,,1.0,,2.0,,1.0,,2.0,b,2.0,,1.0,,2.0,,1.0,,1.0,,2.0,,2.0,,2.0,,1.0,,1.0,,1.0,1.0,2.0,,1.0,,2.0,,2.0,,2.0,,2.0,,1.0,,1.0,,1.0,,1.0,24.0,24.0,1.0,24.0,24.0,1.0,24.0,24.0,1.0,24.0,24.0,MAIZE,KULAHRI,CAPS,WHEAT,,PATTU,BARLEY,0.0,28.0,0.0,0.0,5.0,0.0,2.0,0.0,129.0,128.0,1.0,0.0,0,0,0,1.0,KULLU,17.0,kullu_kullu_village_amenities.csv
,HIMACHAL PRADESH,,Kullu,,Kullu,,Shillihar (37/91),,Kullu,2009,KULLU,11.0,KULLU,11,BHUNTAR,10.0,YES,917.5,2018.0,9132,4627.0,4505.0,2888.0,1435.0,1453.0,117.0,59.0,58.0,2.0,0.0,2.0,0.0,2.0,BHUNTAR,,1.0,10.0,2.0,0.0,,,,1.0,2.0,2.0,0.0,,,,1.0,1.0,2.0,0.0,,,,1.0,1.0,2.0,0.0,,,,2.0,0.0,2.0,0.0,1.0,KULLU,,2.0,0.0,2.0,0.0,1.0,MANDI,,2.0,0.0,2.0,0.0,1.0,SHIMLA,,2.0,0.0,2.0,0.0,1.0,KULLU,,2.0,0.0,2.0,0.0,1.0,SUNDER NAGAR,,2.0,0.0,2.0,0.0,1.0,SHAMSI,,2.0,0.0,2.0,0.0,1.0,KULLU,,2.0,0.0,2.0,0.0,2.0,KULLU,,2.0,0.0,2.0,0.0,N.A.,,0.0,0.0,0.0,0.0,0.0,,0.0,0.0,0.0,0.0,0.0,,1.0,1.0,0.0,1.0,0.0,,0.0,0.0,0.0,0.0,0.0,,0.0,0.0,0.0,0.0,0.0,,0.0,0.0,0.0,0.0,0.0,,0.0,0.0,0.0,0.0,0.0,,1.0,1.0,1.0,1.0,1.0,,0.0,0.0,0.0,0.0,0.0,,0.0,0.0,0.0,0.0,0.0,,0.0,0.0,0.0,0.0,0.0,,0.0,0.0,0.0,0.0,0.0,0.0,0.0,0.0,0.0,1.0,1.0,1.0,2.0,,,2.0,,,2.0,,,1.0,1.0,1.0,2.0,1.0,1.0,1.0,2.0,,,2.0,,,2.0,,,2.0,1.0,2.0,2.0,2.0,1.0,1.0,1.0,2.0,2.0,2.0,2.0,2.0,2.0,1.0,2.0,,2.0,,2.0,,1.0,175125.0,1.0,,2.0,,1.0,,2.0,,2.0,,1.0,,1.0,,2.0,,1.0,,1.0,,1.0,,1.0,,2.0,,2.0,,2.0,,2.0,,1.0,,1.0,,1.0,,1.0,,1.0,,1.0,,2.0,,1.0,,2.0,,1.0,,2.0,b,2.0,,2.0,,2.0,,1.0,,1.0,,1.0,,2.0,,2.0,,1.0,,1.0,,1.0,1.0,2.0,,1.0,,2.0,,2.0,,2.0,,2.0,,1.0,,1.0,,1.0,,1.0,24.0,24.0,1.0,24.0,24.0,1.0,24.0,24.0,1.0,24.0,24.0,WHEAT,KUDAL,PATTU,MAIZE,,SHAWL,PULSES,0.0,0.0,119.87,8.98,0.0,0.0,39.87,0.0,748.78,716.86,31.92,0.0,0,0,0,31.92,BHUNTAR,10.0,kullu_kullu_village_amenities.csv
,HIMACHAL PRADESH,,Kullu,,Kullu,,Kashawri (25/49),,Kullu,2009,KULLU,23.0,KULLU,23,BHUNTAR,12.0,YES,448.0,934.0,4603,2381.0,2222.0,1663.0,847.0,816.0,261.0,128.0,133.0,2.0,0.0,2.0,0.0,2.0,BAJAURA,,1.0,3.0,2.0,0.0,,,,1.0,1.0,2.0,0.0,,,,1.0,1.0,2.0,0.0,,,,1.0,1.0,2.0,0.0,,,,2.0,0.0,2.0,0.0,1.0,KULLU,,2.0,0.0,2.0,0.0,1.0,MANDI,,2.0,0.0,2.0,0.0,1.0,SHIMLA,,2.0,0.0,2.0,0.0,1.0,KULLU,,2.0,0.0,2.0,0.0,1.0,SUNDER NAGAR,,2.0,0.0,2.0,0.0,1.0,SHAMSI,,2.0,0.0,2.0,0.0,1.0,KULLU,,2.0,0.0,2.0,0.0,2.0,KULLU,,2.0,0.0,2.0,0.0,N.A.,,0.0,0.0,0.0,0.0,0.0,,0.0,0.0,0.0,0.0,0.0,,1.0,1.0,1.0,2.0,1.0,,0.0,0.0,0.0,0.0,0.0,,0.0,0.0,0.0,0.0,0.0,,0.0,0.0,0.0,0.0,0.0,,0.0,0.0,0.0,0.0,0.0,,1.0,1.0,1.0,1.0,1.0,,1.0,2.0,2.0,3.0,3.0,,0.0,0.0,0.0,0.0,0.0,,0.0,0.0,0.0,0.0,0.0,,0.0,0.0,0.0,0.0,0.0,0.0,1.0,1.0,0.0,1.0,1.0,1.0,2.0,,,2.0,,,2.0,,,2.0,,,2.0,1.0,1.0,1.0,2.0,,,2.0,,,2.0,,,2.0,2.0,1.0,2.0,2.0,2.0,1.0,2.0,2.0,2.0,2.0,2.0,2.0,2.0,1.0,2.0,,1.0,,2.0,,1.0,175125.0,1.0,,2.0,,1.0,,2.0,,2.0,,2.0,,2.0,,2.0,,2.0,,2.0,,2.0,,2.0,,2.0,,2.0,,2.0,,2.0,,2.0,,2.0,,2.0,,2.0,,2.0,,1.0,,1.0,,2.0,,2.0,,1.0,,2.0,c,2.0,,2.0,,1.0,,1.0,,1.0,,1.0,,2.0,,2.0,,2.0,,1.0,,1.0,1.0,2.0,,1.0,,2.0,,2.0,,2.0,,2.0,,1.0,,1.0,,1.0,,1.0,24.0,24.0,1.0,24.0,24.0,1.0,24.0,24.0,1.0,24.0,24.0,MAIZE,KULAHRI,PATTU,WHEAT,,HUNKEY,VEGETABLE,0.0,0.0,4.0,0.0,0.0,0.0,0.0,0.0,444.0,444.0,0.0,0.0,0,0,0,0.0,BHUNTAR,12.0,kullu_kullu_village_amenities.csv
,HIMACHAL PRADESH,,Kullu,,Kullu,,Pini (25/48),,Kullu,2009,KULLU,25.0,KULLU,25,BHUNTAR,20.0,YES,301.0,507.0,2593,1332.0,1261.0,1250.0,640.0,610.0,1.0,0.0,1.0,2.0,0.0,2.0,0.0,2.0,BAJAURA,,1.0,4.0,2.0,0.0,,,,1.0,1.0,2.0,0.0,,,,1.0,1.0,2.0,0.0,,,,1.0,1.0,2.0,0.0,,,,2.0,0.0,2.0,0.0,1.0,KULLU,,2.0,0.0,2.0,0.0,1.0,MANDI,,2.0,0.0,2.0,0.0,1.0,SHIMLA,,2.0,0.0,2.0,0.0,1.0,KULLU,,2.0,0.0,2.0,0.0,1.0,SUNDER NAGAR,,2.0,0.0,2.0,0.0,1.0,SHAMSI,,2.0,0.0,2.0,0.0,1.0,KULLU,,2.0,0.0,2.0,0.0,2.0,KULLU,,2.0,0.0,2.0,0.0,N.A.,,0.0,0.0,0.0,0.0,0.0,,0.0,0.0,0.0,0.0,0.0,,1.0,1.0,0.0,1.0,0.0,,0.0,0.0,0.0,0.0,0.0,,0.0,0.0,0.0,0.0,0.0,,0.0,0.0,0.0,0.0,0.0,,0.0,0.0,0.0,0.0,0.0,,0.0,0.0,0.0,0.0,0.0,,0.0,0.0,0.0,0.0,0.0,,0.0,0.0,0.0,0.0,0.0,,0.0,0.0,0.0,0.0,0.0,,0.0,0.0,0.0,0.0,0.0,0.0,0.0,0.0,0.0,1.0,1.0,1.0,2.0,,,2.0,,,2.0,,,2.0,,,2.0,1.0,1.0,1.0,2.0,,,2.0,,,2.0,,,2.0,1.0,2.0,2.0,2.0,1.0,1.0,1.0,2.0,2.0,1.0,1.0,2.0,2.0,1.0,2.0,,1.0,,2.0,,1.0,175105.0,1.0,,2.0,,1.0,,2.0,,2.0,,2.0,,2.0,,2.0,,2.0,,2.0,,2.0,,2.0,,2.0,,2.0,,2.0,,2.0,,2.0,,2.0,,2.0,,2.0,,2.0,,2.0,,1.0,,1.0,,2.0,,1.0,,2.0,b,2.0,,2.0,,2.0,,1.0,,1.0,,1.0,,2.0,,2.0,,1.0,,1.0,,1.0,1.0,2.0,,1.0,,2.0,,2.0,,2.0,,2.0,,1.0,,1.0,,1.0,,1.0,24.0,24.0,1.0,24.0,24.0,1.0,24.0,24.0,1.0,24.0,24.0,MAIZE,DARAT,SHAWL,WHEAT,,CAPS,VEGETABLE,0.0,35.0,0.0,0.0,0.0,11.0,0.0,0.0,255.0,244.0,11.0,0.0,0,0,0,11.0,BHUNTAR,20.0,kullu_kullu_village_amenities.csv
,HIMACHAL PRADESH,,Kullu,,Kullu,,Malana (24/44),,Naggar,2009,KULLU,48.0,KULLU,48,MANALI,24.0,YES,179.0,365.0,1722,888.0,834.0,28.0,7.0,21.0,0.0,0.0,0.0,2.0,0.0,2.0,0.0,2.0,NAGAR,,1.0,1.0,2.0,0.0,,,,1.0,1.0,2.0,0.0,,,,2.0,0.0,2.0,0.0,1.0,JARI,,2.0,0.0,2.0,0.0,1.0,JARI,,2.0,0.0,2.0,0.0,1.0,KULLU,,2.0,0.0,2.0,0.0,1.0,MANDI,,2.0,0.0,2.0,0.0,1.0,SHIMLA,,2.0,0.0,2.0,0.0,1.0,KULLU,,2.0,0.0,2.0,0.0,1.0,SUNDER NAGAR,,2.0,0.0,2.0,0.0,1.0,SHAMSI,,2.0,0.0,2.0,0.0,1.0,KULLU,,2.0,0.0,2.0,0.0,2.0,KULLU,,2.0,0.0,2.0,0.0,N.A.,,0.0,0.0,0.0,0.0,0.0,,0.0,0.0,0.0,0.0,0.0,,1.0,1.0,1.0,1.0,1.0,,0.0,0.0,0.0,0.0,0.0,,0.0,0.0,0.0,0.0,0.0,,0.0,0.0,0.0,0.0,0.0,,0.0,0.0,0.0,0.0,0.0,,1.0,1.0,1.0,1.0,1.0,,0.0,0.0,0.0,0.0,0.0,,0.0,0.0,0.0,0.0,0.0,,0.0,0.0,0.0,0.0,0.0,,0.0,0.0,0.0,0.0,0.0,0.0,1.0,0.0,0.0,1.0,1.0,1.0,2.0,,,2.0,,,2.0,,,2.0,,,2.0,1.0,1.0,1.0,2.0,,,2.0,,,2.0,,,2.0,1.0,2.0,2.0,2.0,1.0,1.0,1.0,1.0,1.0,1.0,1.0,2.0,2.0,2.0,2.0,,1.0,,2.0,,1.0,175105.0,1.0,,2.0,,1.0,,2.0,,2.0,,2.0,,2.0,,2.0,,2.0,,2.0,,2.0,,2.0,,2.0,,2.0,,2.0,,2.0,,2.0,,2.0,,2.0,,2.0,,2.0,,1.0,,1.0,,1.0,,2.0,,1.0,,2.0,c,2.0,,2.0,,1.0,,1.0,,1.0,,2.0,,2.0,,2.0,,1.0,,1.0,,1.0,1.0,2.0,,1.0,,2.0,,2.0,,2.0,,2.0,,1.0,,1.0,,1.0,,1.0,24.0,24.0,1.0,24.0,24.0,1.0,24.0,24.0,1.0,24.0,24.0,MAIZE,,SHAWL,WHEAT,,HUNKEY,VEGETABLE,0.0,14.0,0.0,0.0,0.0,35.0,0.0,0.0,130.0,130.0,0.0,0.0,0,0,0,0.0,MANALI,24.0,kullu_kullu_village_amenities.csv
,HIMACHAL PRADESH,,Kullu,,Kullu,,Manikarn (40/101),,Kullu,2009,KULLU,45.0,KULLU,45,BHUNTAR,35.0,YES,821.0,1295.0,6136,3241.0,2895.0,1078.0,548.0,530.0,37.0,21.0,16.0,2.0,0.0,1.0,2.0,,,,1.0,10.0,1.0,2.0,,,,1.0,2.0,1.0,1.0,,,,1.0,2.0,2.0,0.0,,,,1.0,2.0,2.0,0.0,,,,2.0,0.0,2.0,0.0,1.0,KULLU,,2.0,0.0,2.0,0.0,1.0,MANDI,,2.0,0.0,2.0,0.0,1.0,SHIMLA,,2.0,0.0,2.0,0.0,1.0,KULLU,,2.0,0.0,2.0,0.0,1.0,SUNDER NAGAR,,2.0,0.0,2.0,0.0,1.0,SHAMSI,,2.0,0.0,2.0,0.0,1.0,KULLU,,2.0,0.0,2.0,0.0,2.0,KULLU,,2.0,0.0,2.0,0.0,N.A.,,0.0,0.0,0.0,0.0,0.0,,1.0,4.0,3.0,6.0,4.0,,1.0,1.0,0.0,1.0,0.0,,0.0,0.0,0.0,0.0,0.0,,0.0,0.0,0.0,0.0,0.0,,0.0,0.0,0.0,0.0,0.0,,0.0,0.0,0.0,0.0,0.0,,1.0,1.0,1.0,1.0,1.0,,1.0,2.0,1.0,2.0,1.0,,0.0,0.0,0.0,0.0,0.0,,0.0,0.0,0.0,0.0,0.0,,0.0,0.0,0.0,0.0,0.0,0.0,4.0,2.0,0.0,1.0,1.0,1.0,2.0,,,2.0,,,2.0,,,1.0,1.0,1.0,2.0,1.0,1.0,1.0,2.0,,,2.0,,,2.0,,,2.0,1.0,2.0,2.0,2.0,1.0,1.0,1.0,2.0,2.0,2.0,2.0,2.0,2.0,1.0,2.0,,1.0,,2.0,,1.0,175105.0,1.0,,1.0,,1.0,,2.0,,2.0,,1.0,,1.0,,2.0,,2.0,,1.0,,1.0,,1.0,,2.0,,2.0,,2.0,,2.0,,2.0,,2.0,,1.0,,1.0,,1.0,,1.0,,1.0,,1.0,,2.0,,1.0,,2.0,b,1.0,,2.0,,1.0,,1.0,,1.0,,1.0,,2.0,,2.0,,1.0,,1.0,,1.0,1.0,2.0,,1.0,,2.0,,2.0,,2.0,,2.0,,1.0,,1.0,,1.0,,1.0,24.0,24.0,1.0,24.0,24.0,1.0,24.0,24.0,1.0,24.0,24.0,MAIZE,KUDAL,PATTU,WHEAT,,HUNKEY,VEGETABLE,0.0,0.0,36.0,40.0,126.0,0.0,54.0,0.0,565.0,565.0,0.0,0.0,0,0,0,0.0,BHUNTAR,35.0,kullu_kullu_village_amenities.csv
,HIMACHAL PRADESH,,Kullu,,Kullu,,Sosan (40/102),,Kullu,2009,KULLU,45.0,KULLU,45,BHUNTAR,30.0,YES,397.0,562.0,2724,1415.0,1309.0,607.0,305.0,302.0,67.0,30.0,37.0,2.0,0.0,2.0,0.0,2.0,MANIKARAN,,1.0,5.0,2.0,0.0,,,,1.0,2.0,2.0,0.0,,,,2.0,0.0,2.0,0.0,1.0,MANIKARAN,,2.0,0.0,2.0,0.0,1.0,MANIKARAN,,2.0,0.0,2.0,0.0,1.0,KULLU,,2.0,0.0,2.0,0.0,1.0,MANDI,,2.0,0.0,2.0,0.0,1.0,SHIMLA,,2.0,0.0,2.0,0.0,1.0,KULLU,,2.0,0.0,2.0,0.0,1.0,SUNDER NAGAR,,2.0,0.0,2.0,0.0,1.0,SHAMSI,,2.0,0.0,2.0,0.0,1.0,KULLU,,2.0,0.0,2.0,0.0,2.0,KULLU,,2.0,0.0,2.0,0.0,N.A.,,0.0,0.0,0.0,0.0,0.0,,0.0,0.0,0.0,0.0,0.0,,1.0,1.0,0.0,1.0,0.0,,0.0,0.0,0.0,0.0,0.0,,0.0,0.0,0.0,0.0,0.0,,0.0,0.0,0.0,0.0,0.0,,0.0,0.0,0.0,0.0,0.0,,1.0,1.0,1.0,1.0,1.0,,0.0,0.0,0.0,0.0,0.0,,0.0,0.0,0.0,0.0,0.0,,0.0,0.0,0.0,0.0,0.0,,0.0,0.0,0.0,0.0,0.0,0.0,1.0,1.0,0.0,1.0,1.0,1.0,2.0,,,2.0,,,2.0,,,1.0,1.0,1.0,2.0,1.0,1.0,1.0,2.0,,,2.0,,,2.0,,,2.0,2.0,1.0,2.0,2.0,2.0,1.0,1.0,2.0,2.0,2.0,2.0,2.0,2.0,1.0,2.0,,1.0,,2.0,,1.0,175105.0,1.0,,1.0,,1.0,,2.0,,2.0,,2.0,,2.0,,2.0,,2.0,,1.0,,1.0,,1.0,,2.0,,2.0,,2.0,,2.0,,2.0,,2.0,,1.0,,1.0,,1.0,,1.0,,1.0,,1.0,,2.0,,1.0,,2.0,c,1.0,,2.0,,1.0,,1.0,,1.0,,1.0,,2.0,,2.0,,1.0,,1.0,,1.0,1.0,2.0,,1.0,,2.0,,2.0,,2.0,,2.0,,1.0,,1.0,,1.0,,1.0,24.0,24.0,1.0,24.0,24.0,1.0,24.0,24.0,1.0,24.0,24.0,WHEAT,KULAHRI,PATTU,POTATO,,,APPLE,0.0,3.0,55.0,0.0,0.0,37.0,53.0,0.0,249.0,249.0,0.0,0.0,0,0,0,0.0,BHUNTAR,30.0,kullu_kullu_village_amenities.csv
,HIMACHAL PRADESH,,Kullu,,Kullu,,Jari (39/100),,Kullu,2009,KULLU,35.0,KULLU,35,BHUNTAR,28.0,YES,373.0,584.0,2725,1402.0,1323.0,664.0,339.0,325.0,30.0,14.0,16.0,2.0,0.0,2.0,0.0,2.0,MANIKARAN,,1.0,3.0,1.0,1.0,,,,1.0,1.0,2.0,0.0,,,,1.0,1.0,2.0,0.0,,,,1.0,1.0,2.0,0.0,,,,2.0,0.0,2.0,0.0,1.0,KULLU,,2.0,0.0,2.0,0.0,1.0,MANDI,,2.0,0.0,2.0,0.0,1.0,SHIMLA,,2.0,0.0,2.0,0.0,1.0,KULLU,,2.0,0.0,2.0,0.0,1.0,SUNDER NAGAR,,2.0,0.0,2.0,0.0,1.0,SHAMSI,,2.0,0.0,2.0,0.0,1.0,KULLU,,2.0,0.0,2.0,0.0,2.0,KULLU,,2.0,0.0,2.0,0.0,N.A.,,1.0,4.0,3.0,2.0,1.0,,0.0,0.0,0.0,0.0,0.0,,0.0,0.0,0.0,0.0,0.0,,1.0,2.0,1.0,3.0,2.0,,0.0,0.0,0.0,0.0,0.0,,0.0,0.0,0.0,0.0,0.0,,0.0,0.0,0.0,0.0,0.0,,0.0,0.0,0.0,0.0,0.0,,1.0,1.0,1.0,1.0,1.0,,0.0,0.0,0.0,0.0,0.0,,0.0,0.0,0.0,0.0,0.0,,1.0,0.0,0.0,3.0,1.0,4.0,2.0,2.0,0.0,1.0,1.0,1.0,2.0,,,2.0,,,2.0,,,1.0,1.0,1.0,2.0,1.0,1.0,1.0,2.0,,,2.0,,,2.0,,,2.0,1.0,2.0,2.0,1.0,2.0,1.0,1.0,1.0,1.0,1.0,1.0,2.0,2.0,2.0,1.0,,2.0,,1.0,,1.0,175105.0,1.0,,1.0,,1.0,,2.0,,2.0,,1.0,,1.0,,2.0,,1.0,,1.0,,1.0,,1.0,,2.0,,2.0,,2.0,,2.0,,2.0,,1.0,,1.0,,1.0,,1.0,,1.0,,1.0,,1.0,,2.0,,1.0,,1.0,,1.0,,1.0,,1.0,,1.0,,1.0,,1.0,,2.0,,2.0,,1.0,,1.0,,1.0,1.0,2.0,,1.0,,2.0,,2.0,,2.0,,2.0,,1.0,,1.0,,1.0,,1.0,24.0,24.0,1.0,24.0,24.0,1.0,24.0,24.0,1.0,24.0,24.0,MAIZE,KUDAL,CAPS,WHEAT,,,PADDY,0.0,53.0,0.0,0.0,0.0,11.0,0.0,0.0,309.0,293.0,16.0,0.0,0,0,0,16.0,BHUNTAR,28.0,kullu_kullu_village_amenities.csv
,HIMACHAL PRADESH,,Kullu,,Kullu,,Bradha (39/99),,Kullu,2009,KULLU,40.0,KULLU,40,BHUNTAR,25.0,YES,337.0,527.0,2619,1337.0,1282.0,1193.0,605.0,588.0,7.0,3.0,4.0,2.0,0.0,2.0,0.0,2.0,MANIKARAN,,1.0,5.0,2.0,0.0,,,,1.0,2.0,2.0,0.0,,,,2.0,0.0,2.0,0.0,1.0,JARI,,2.0,0.0,2.0,0.0,1.0,JARI,,2.0,0.0,2.0,0.0,1.0,KULLU,,2.0,0.0,2.0,0.0,1.0,MANDI,,2.0,0.0,2.0,0.0,1.0,SHIMLA,,2.0,0.0,2.0,0.0,1.0,KULLU,,2.0,0.0,2.0,0.0,1.0,SUNDER NAGAR,,2.0,0.0,2.0,0.0,1.0,SHAMSI,,2.0,0.0,2.0,0.0,1.0,KULLU,,2.0,0.0,2.0,0.0,2.0,KULLU,,2.0,0.0,2.0,0.0,N.A.,,0.0,0.0,0.0,0.0,0.0,,0.0,0.0,0.0,0.0,0.0,,1.0,1.0,1.0,2.0,1.0,,0.0,0.0,0.0,0.0,0.0,,0.0,0.0,0.0,0.0,0.0,,0.0,0.0,0.0,0.0,0.0,,0.0,0.0,0.0,0.0,0.0,,1.0,2.0,1.0,2.0,1.0,,0.0,0.0,0.0,0.0,0.0,,0.0,0.0,0.0,0.0,0.0,,0.0,0.0,0.0,0.0,0.0,,0.0,0.0,0.0,0.0,0.0,2.0,1.0,1.0,0.0,1.0,1.0,1.0,2.0,,,2.0,,,2.0,,,1.0,1.0,1.0,2.0,1.0,1.0,1.0,2.0,,,2.0,,,2.0,,,2.0,1.0,2.0,2.0,2.0,1.0,1.0,1.0,1.0,1.0,1.0,1.0,2.0,2.0,2.0,2.0,,1.0,,2.0,,1.0,175105.0,1.0,,2.0,,1.0,,2.0,,2.0,,1.0,,1.0,,2.0,,1.0,,1.0,,1.0,,1.0,,2.0,,2.0,,2.0,,2.0,,2.0,,1.0,,1.0,,1.0,,1.0,,1.0,,2.0,,1.0,,2.0,,1.0,,2.0,a,2.0,,2.0,,1.0,,1.0,,1.0,,1.0,,2.0,,2.0,,1.0,,1.0,,1.0,1.0,2.0,,1.0,,2.0,,2.0,,2.0,,2.0,,1.0,,1.0,,1.0,,1.0,24.0,24.0,1.0,24.0,24.0,1.0,24.0,24.0,1.0,24.0,24.0,WHEAT,KUDAL,PATTU,MAIZE,,HUNKEY,VEGETABLE,0.0,0.0,36.0,0.0,0.0,8.0,0.0,0.0,293.0,280.0,13.0,0.0,0,0,0,13.0,BHUNTAR,25.0,kullu_kullu_village_amenities.csv
,HIMACHAL PRADESH,,Kullu,,Kullu,,Shat (38/98),,Kullu,2009,KULLU,30.0,KULLU,30,BHUNTAR,15.0,YES,231.0,291.0,1633,806.0,827.0,448.0,219.0,229.0,6.0,4.0,2.0,2.0,0.0,2.0,0.0,2.0,BHUNTAR,,1.0,2.0,2.0,0.0,,,,1.0,1.0,2.0,0.0,,,,2.0,0.0,2.0,0.0,1.0,JALLU,,2.0,0.0,2.0,0.0,1.0,JALLU,,2.0,0.0,2.0,0.0,1.0,KULLU,,2.0,0.0,2.0,0.0,1.0,MANDI,,2.0,0.0,2.0,0.0,1.0,SHIMLA,,2.0,0.0,2.0,0.0,1.0,KULLU,,2.0,0.0,2.0,0.0,1.0,SUNDER NAGAR,,2.0,0.0,2.0,0.0,1.0,SHAMSI,,2.0,0.0,2.0,0.0,1.0,KULLU,,2.0,0.0,2.0,0.0,2.0,KULLU,,2.0,0.0,2.0,0.0,N.A.,,0.0,0.0,0.0,0.0,0.0,,0.0,0.0,0.0,0.0,0.0,,1.0,1.0,0.0,1.0,0.0,,0.0,0.0,0.0,0.0,0.0,,0.0,0.0,0.0,0.0,0.0,,0.0,0.0,0.0,0.0,0.0,,0.0,0.0,0.0,0.0,0.0,,0.0,0.0,0.0,0.0,0.0,,0.0,0.0,0.0,0.0,0.0,,0.0,0.0,0.0,0.0,0.0,,0.0,0.0,0.0,0.0,0.0,,0.0,0.0,0.0,0.0,1.0,0.0,1.0,0.0,0.0,1.0,1.0,1.0,2.0,,,2.0,,,2.0,,,1.0,1.0,1.0,2.0,1.0,1.0,1.0,2.0,,,2.0,,,2.0,,,2.0,1.0,2.0,2.0,2.0,1.0,1.0,1.0,1.0,1.0,1.0,1.0,2.0,1.0,2.0,2.0,,1.0,,2.0,,1.0,175105.0,1.0,,2.0,,1.0,,2.0,,2.0,,1.0,,1.0,,2.0,,1.0,,1.0,,1.0,,1.0,,2.0,,2.0,,2.0,,2.0,,2.0,,1.0,,1.0,,1.0,,1.0,,1.0,,1.0,,1.0,,2.0,,1.0,,2.0,b,2.0,,2.0,,2.0,,1.0,,2.0,,2.0,,2.0,,2.0,,1.0,,1.0,,1.0,1.0,2.0,,1.0,,2.0,,2.0,,2.0,,2.0,,1.0,,1.0,,1.0,,1.0,24.0,24.0,1.0,24.0,24.0,1.0,24.0,24.0,1.0,24.0,24.0,MAIZE,DARAT,SHAWL,WHEAT,,HUNKEY,VEGETABLE,0.0,31.0,0.0,0.0,0.0,11.0,0.0,0.0,189.0,182.0,7.0,0.0,0,0,0,7.0,BHUNTAR,15.0,kullu_kullu_village_amenities.csv
,HIMACHAL PRADESH,,Kullu,,Kullu,,Chong (38/96),,Kullu,2009,KULLU,25.0,KULLU,25,BHUNTAR,10.0,YES,287.0,356.0,1706,860.0,846.0,456.0,250.0,206.0,23.0,13.0,10.0,2.0,0.0,2.0,0.0,2.0,KULLU,,1.0,3.0,2.0,0.0,,,,1.0,2.0,2.0,0.0,,,,1.0,1.0,2.0,0.0,,,,1.0,1.0,2.0,0.0,,,,2.0,0.0,2.0,0.0,1.0,KULLU,,2.0,0.0,2.0,0.0,1.0,MANDI,,2.0,0.0,2.0,0.0,1.0,SHIMLA,,2.0,0.0,2.0,0.0,1.0,KULLU,,2.0,0.0,2.0,0.0,1.0,SUNDER NAGAR,,2.0,0.0,2.0,0.0,1.0,SHAMSI,,2.0,0.0,2.0,0.0,1.0,KULLU,,2.0,0.0,2.0,0.0,2.0,KULLU,,2.0,0.0,2.0,0.0,N.A.,,0.0,0.0,0.0,0.0,0.0,,0.0,0.0,0.0,0.0,0.0,,1.0,1.0,0.0,1.0,0.0,,0.0,0.0,0.0,0.0,0.0,,0.0,0.0,0.0,0.0,0.0,,0.0,0.0,0.0,0.0,0.0,,0.0,0.0,0.0,0.0,0.0,,0.0,0.0,0.0,0.0,0.0,,1.0,1.0,1.0,1.0,1.0,,0.0,0.0,0.0,0.0,0.0,,0.0,0.0,0.0,0.0,0.0,,0.0,0.0,0.0,0.0,0.0,0.0,0.0,0.0,0.0,1.0,1.0,1.0,2.0,,,2.0,,,2.0,,,1.0,1.0,1.0,2.0,1.0,1.0,1.0,2.0,,,2.0,,,2.0,,,2.0,1.0,2.0,2.0,1.0,2.0,1.0,1.0,1.0,1.0,1.0,1.0,2.0,2.0,2.0,2.0,,2.0,,2.0,,1.0,175125.0,1.0,,2.0,,1.0,,2.0,,2.0,,1.0,,1.0,,2.0,,2.0,,1.0,,1.0,,1.0,,2.0,,2.0,,2.0,,2.0,,2.0,,1.0,,1.0,,1.0,,1.0,,1.0,,1.0,,1.0,,2.0,,1.0,,2.0,b,2.0,,2.0,,1.0,,1.0,,1.0,,2.0,,2.0,,2.0,,1.0,,1.0,,1.0,1.0,2.0,,1.0,,2.0,,2.0,,2.0,,2.0,,1.0,,1.0,,1.0,,1.0,24.0,24.0,1.0,24.0,24.0,1.0,24.0,24.0,1.0,24.0,24.0,WHEAT,KULAHRI,PATTU,MAIZE,,HUNKEY,VEGETABLE,0.0,17.0,0.0,0.0,0.0,10.0,0.0,0.0,260.0,252.0,8.0,0.0,0,0,0,8.0,BHUNTAR,10.0,kullu_kullu_village_amenities.csv
,HIMACHAL PRADESH,,Kullu,,Kullu,,Jallu (38/97),,Kullu,2009,KULLU,24.0,KULLU,24,BHUNTAR,14.0,YES,234.0,376.0,1857,930.0,927.0,784.0,411.0,373.0,44.0,27.0,17.0,2.0,0.0,1.0,1.0,,,,1.0,3.0,2.0,0.0,,,,1.0,1.0,2.0,0.0,,,,1.0,1.0,2.0,0.0,,,,1.0,1.0,2.0,0.0,,,,2.0,0.0,2.0,0.0,1.0,KULLU,,2.0,0.0,2.0,0.0,1.0,MANDI,,2.0,0.0,2.0,0.0,1.0,SHIMLA,,2.0,0.0,2.0,0.0,1.0,KULLU,,2.0,0.0,2.0,0.0,1.0,SUNDER NAGAR,,2.0,0.0,2.0,0.0,1.0,SHAMSI,,2.0,0.0,2.0,0.0,1.0,KULLU,,2.0,0.0,2.0,0.0,2.0,KULLU,,2.0,0.0,2.0,0.0,N.A.,,0.0,0.0,0.0,0.0,0.0,,0.0,0.0,0.0,0.0,0.0,,1.0,1.0,0.0,1.0,0.0,,0.0,0.0,0.0,0.0,0.0,,0.0,0.0,0.0,0.0,0.0,,0.0,0.0,0.0,0.0,0.0,,0.0,0.0,0.0,0.0,0.0,,0.0,0.0,0.0,0.0,0.0,,0.0,0.0,0.0,0.0,0.0,,0.0,0.0,0.0,0.0,0.0,,0.0,0.0,0.0,0.0,0.0,,0.0,0.0,0.0,0.0,0.0,0.0,0.0,0.0,0.0,1.0,1.0,1.0,2.0,,,2.0,,,2.0,,,1.0,1.0,1.0,2.0,1.0,1.0,1.0,2.0,,,2.0,,,2.0,,,2.0,1.0,2.0,2.0,2.0,1.0,1.0,1.0,1.0,1.0,1.0,1.0,2.0,2.0,2.0,2.0,,1.0,,2.0,,1.0,175105.0,1.0,,2.0,,1.0,,2.0,,2.0,,1.0,,1.0,,2.0,,1.0,,1.0,,1.0,,1.0,,2.0,,2.0,,2.0,,2.0,,2.0,,1.0,,1.0,,1.0,,1.0,,1.0,,1.0,,1.0,,2.0,,1.0,,2.0,b,2.0,,2.0,,1.0,,1.0,,1.0,,2.0,,2.0,,2.0,,1.0,,1.0,,1.0,1.0,2.0,,1.0,,2.0,,2.0,,2.0,,2.0,,1.0,,1.0,,1.0,,1.0,24.0,24.0,1.0,24.0,24.0,1.0,24.0,24.0,1.0,24.0,24.0,MAIZE,KUDAL,PATTU,WHEAT,,HUNKEY,RAJMAH,0.0,16.0,0.0,0.0,0.0,10.0,0.0,0.0,208.0,201.0,7.0,0.0,0,0,0,7.0,BHUNTAR,14.0,kullu_kullu_village_amenities.csv
,HIMACHAL PRADESH,,Kullu,,Kullu,,Ratocha (38/95),,Kullu,2009,KULLU,40.0,KULLU,40,BHUNTAR,10.0,YES,217.0,265.0,1468,748.0,720.0,429.0,217.0,212.0,0.0,0.0,0.0,2.0,0.0,2.0,0.0,2.0,BHUNTAR,,1.0,2.0,2.0,0.0,,,,1.0,2.0,2.0,0.0,,,,1.0,1.0,2.0,0.0,,,,1.0,1.0,2.0,0.0,,,,2.0,0.0,2.0,0.0,1.0,KULLU,,2.0,0.0,2.0,0.0,1.0,MANDI,,2.0,0.0,2.0,0.0,1.0,SHIMLA,,2.0,0.0,2.0,0.0,1.0,KULLU,,2.0,0.0,2.0,0.0,1.0,SUNDER NAGAR,,2.0,0.0,2.0,0.0,1.0,SHAMSI,,2.0,0.0,2.0,0.0,1.0,KULLU,,2.0,0.0,2.0,0.0,2.0,KULLU,,2.0,0.0,2.0,0.0,N.A.,,0.0,0.0,0.0,0.0,0.0,,0.0,0.0,0.0,0.0,0.0,,1.0,1.0,0.0,1.0,0.0,,0.0,0.0,0.0,0.0,0.0,,0.0,0.0,0.0,0.0,0.0,,0.0,0.0,0.0,0.0,0.0,,0.0,0.0,0.0,0.0,0.0,,0.0,0.0,0.0,0.0,0.0,,0.0,0.0,0.0,0.0,0.0,,0.0,0.0,0.0,0.0,0.0,,0.0,0.0,0.0,0.0,0.0,,0.0,0.0,0.0,0.0,0.0,0.0,0.0,0.0,0.0,1.0,1.0,1.0,2.0,,,2.0,,,2.0,,,1.0,1.0,1.0,2.0,1.0,1.0,1.0,2.0,,,2.0,,,2.0,,,2.0,1.0,2.0,2.0,1.0,2.0,1.0,1.0,1.0,1.0,1.0,1.0,2.0,2.0,2.0,2.0,,2.0,,2.0,,1.0,175125.0,1.0,,2.0,,1.0,,2.0,,2.0,,1.0,,1.0,,2.0,,2.0,,1.0,,1.0,,1.0,,2.0,,2.0,,2.0,,2.0,,2.0,,1.0,,1.0,,1.0,,1.0,,1.0,,1.0,,1.0,,2.0,,1.0,,2.0,b,2.0,,2.0,,2.0,,1.0,,1.0,,2.0,,2.0,,2.0,,1.0,,1.0,,1.0,1.0,2.0,,1.0,,2.0,,2.0,,2.0,,2.0,,1.0,,1.0,,1.0,,1.0,24.0,24.0,1.0,24.0,24.0,1.0,24.0,24.0,1.0,24.0,24.0,MAIZE,KULAHRI,PATTU,WHEAT,,HUNKEY,VEGETABLE,0.0,0.0,16.0,0.0,0.0,0.0,8.0,0.0,193.0,185.0,8.0,0.0,0,0,0,8.0,BHUNTAR,10.0,kullu_kullu_village_amenities.csv
,HIMACHAL PRADESH,,Kullu,,Kullu,,Diar (37/92),,Kullu,2009,KULLU,25.0,KULLU,25,BHUNTAR,15.0,YES,700.0,1097.0,5114,2676.0,2438.0,2063.0,1080.0,983.0,192.0,107.0,85.0,2.0,0.0,1.0,2.0,,,,1.0,4.0,1.0,2.0,,,,1.0,1.0,2.0,0.0,,,,1.0,1.0,2.0,0.0,,,,2.0,0.0,2.0,0.0,1.0,BHUNTAR,,2.0,0.0,2.0,0.0,1.0,KULLU,,2.0,0.0,2.0,0.0,1.0,MANDI,,2.0,0.0,2.0,0.0,1.0,SHIMLA,,2.0,0.0,2.0,0.0,1.0,KULLU,,2.0,0.0,2.0,0.0,1.0,SUNDER NAGAR,,2.0,0.0,2.0,0.0,1.0,SHAMSI,,2.0,0.0,2.0,0.0,1.0,KULLU,,2.0,0.0,2.0,0.0,2.0,KULLU,,2.0,0.0,2.0,0.0,N.A.,,0.0,0.0,0.0,0.0,0.0,,1.0,1.0,1.0,1.0,1.0,,0.0,0.0,0.0,0.0,0.0,,0.0,0.0,0.0,0.0,0.0,,0.0,0.0,0.0,0.0,0.0,,0.0,0.0,0.0,0.0,0.0,,0.0,0.0,0.0,0.0,0.0,,0.0,0.0,0.0,0.0,0.0,,1.0,1.0,1.0,2.0,2.0,,0.0,0.0,0.0,0.0,0.0,,0.0,0.0,0.0,0.0,0.0,,0.0,0.0,0.0,0.0,0.0,0.0,3.0,0.0,0.0,1.0,1.0,1.0,2.0,,,2.0,,,2.0,,,1.0,1.0,1.0,2.0,2.0,,,2.0,,,2.0,,,2.0,,,2.0,1.0,2.0,2.0,2.0,1.0,1.0,2.0,2.0,2.0,2.0,2.0,2.0,2.0,1.0,2.0,,1.0,,2.0,,1.0,175125.0,1.0,,2.0,,1.0,,2.0,,2.0,,1.0,,1.0,,2.0,,2.0,,1.0,,1.0,,1.0,,2.0,,2.0,,2.0,,2.0,,2.0,,1.0,,1.0,,1.0,,1.0,,1.0,,1.0,,1.0,,2.0,,1.0,,2.0,c,2.0,,2.0,,1.0,,1.0,,1.0,,1.0,,2.0,,2.0,,1.0,,1.0,,1.0,1.0,2.0,,1.0,,2.0,,2.0,,2.0,,2.0,,1.0,,1.0,,1.0,,1.0,24.0,24.0,1.0,24.0,24.0,1.0,24.0,24.0,1.0,24.0,24.0,MAIZE,KUDAL,SHAWL,WHEAT,KULAHRI,HUNKEY,VEGETABLE,0.0,71.57,19.85,0.0,0.0,18.58,0.0,0.0,590.0,565.35,24.65,0.0,0,0,0,24.65,BHUNTAR,15.0,kullu_kullu_village_amenities.csv
,HIMACHAL PRADESH,,Kullu,,Kullu,,Rote-II (42/107),,Kullu,2009,KULLU,20.0,KULLU,20,BHUNTAR,6.0,YES,415.0,799.0,3916,2008.0,1908.0,1086.0,553.0,533.0,284.0,140.0,144.0,2.0,0.0,1.0,1.0,,,,1.0,3.0,1.0,1.0,,,,1.0,1.0,2.0,0.0,,,,1.0,1.0,2.0,0.0,,,,1.0,1.0,2.0,0.0,,,,2.0,0.0,2.0,0.0,1.0,KULLU,,2.0,0.0,2.0,0.0,1.0,MANDI,,2.0,0.0,2.0,0.0,1.0,SHIMLA,,2.0,0.0,2.0,0.0,1.0,KULLU,,2.0,0.0,2.0,0.0,1.0,SUNDER NAGAR,,2.0,0.0,2.0,0.0,1.0,SHAMSI,,2.0,0.0,2.0,0.0,1.0,KULLU,,2.0,0.0,2.0,0.0,2.0,KULLU,,2.0,0.0,2.0,0.0,N.A.,,0.0,0.0,0.0,0.0,0.0,,0.0,0.0,0.0,0.0,0.0,,1.0,1.0,1.0,2.0,2.0,,0.0,0.0,0.0,0.0,0.0,,0.0,0.0,0.0,0.0,0.0,,0.0,0.0,0.0,0.0,0.0,,0.0,0.0,0.0,0.0,0.0,,0.0,0.0,0.0,0.0,0.0,,0.0,0.0,0.0,0.0,0.0,,0.0,0.0,0.0,0.0,0.0,,0.0,0.0,0.0,0.0,0.0,,0.0,0.0,0.0,0.0,0.0,0.0,0.0,0.0,0.0,1.0,1.0,1.0,2.0,,,2.0,,,2.0,,,1.0,1.0,1.0,2.0,1.0,1.0,1.0,2.0,,,2.0,,,2.0,,,2.0,1.0,2.0,2.0,2.0,1.0,1.0,2.0,2.0,2.0,2.0,2.0,2.0,2.0,1.0,2.0,,1.0,,2.0,,1.0,175125.0,1.0,,2.0,,1.0,,2.0,,2.0,,1.0,,1.0,,2.0,,2.0,,1.0,,1.0,,1.0,,2.0,,2.0,,2.0,,2.0,,2.0,,2.0,,2.0,,1.0,,1.0,,1.0,,1.0,,1.0,,2.0,,1.0,,2.0,b,2.0,,2.0,,2.0,,1.0,,1.0,,1.0,,2.0,,2.0,,1.0,,1.0,,1.0,1.0,2.0,,1.0,,2.0,,2.0,,2.0,,2.0,,1.0,,1.0,,1.0,,1.0,24.0,24.0,1.0,24.0,24.0,1.0,24.0,24.0,1.0,24.0,24.0,WHEAT,KULAHRI,PATTU,BARLEY,KUDAL,,RAJMAH,5.0,14.0,12.0,0.0,33.0,0.0,0.0,0.0,351.0,321.0,30.0,0.0,0,0,0,30.0,BHUNTAR,6.0,kullu_kullu_village_amenities.csv
,HIMACHAL PRADESH,,Kullu,,Kullu,,Bhallan-I (42/106),,Kullu,2009,KULLU,24.0,KULLU,24,BHUNTAR,14.0,YES,321.31,555.0,2593,1354.0,1239.0,920.0,476.0,444.0,73.0,39.0,34.0,2.0,0.0,1.0,1.0,,,,1.0,3.0,1.0,1.0,,,,1.0,2.0,2.0,0.0,,,,1.0,1.0,2.0,0.0,,,,1.0,1.0,2.0,0.0,,,,2.0,0.0,2.0,0.0,1.0,KULLU,,2.0,0.0,2.0,0.0,1.0,MANDI,,2.0,0.0,2.0,0.0,1.0,SHIMLA,,2.0,0.0,2.0,0.0,1.0,KULLU,,2.0,0.0,2.0,0.0,1.0,SUNDER NAGAR,,2.0,0.0,2.0,0.0,1.0,SHAMSI,,2.0,0.0,2.0,0.0,1.0,KULLU,,2.0,0.0,2.0,0.0,2.0,KULLU,,2.0,0.0,2.0,0.0,N.A.,,0.0,0.0,0.0,0.0,0.0,,0.0,0.0,0.0,0.0,0.0,,1.0,1.0,0.0,1.0,0.0,,0.0,0.0,0.0,0.0,0.0,,0.0,0.0,0.0,0.0,0.0,,0.0,0.0,0.0,0.0,0.0,,0.0,0.0,0.0,0.0,0.0,,0.0,0.0,0.0,0.0,0.0,,1.0,2.0,2.0,3.0,3.0,,0.0,0.0,0.0,0.0,0.0,,0.0,0.0,0.0,0.0,0.0,,0.0,0.0,0.0,0.0,0.0,0.0,5.0,2.0,0.0,1.0,1.0,1.0,2.0,,,2.0,,,2.0,,,1.0,1.0,1.0,2.0,1.0,1.0,1.0,2.0,,,2.0,,,2.0,,,2.0,1.0,2.0,2.0,2.0,1.0,1.0,1.0,2.0,2.0,2.0,2.0,2.0,2.0,1.0,1.0,,2.0,,1.0,,1.0,175141.0,1.0,,1.0,,1.0,,2.0,,2.0,,1.0,,1.0,,2.0,,1.0,,1.0,,1.0,,1.0,,2.0,,2.0,,2.0,,2.0,,2.0,,1.0,,1.0,,1.0,,1.0,,1.0,,1.0,,2.0,,2.0,,1.0,,2.0,c,1.0,,1.0,,1.0,,1.0,,1.0,,1.0,,2.0,,2.0,,1.0,,1.0,,1.0,1.0,2.0,,1.0,,1.0,,2.0,,2.0,,2.0,,1.0,,1.0,,1.0,,1.0,24.0,24.0,1.0,24.0,24.0,1.0,24.0,24.0,1.0,24.0,24.0,WHEAT,KULAHRI,SHAWL,RAJMAH,,,POTATO,4.9,49.93,0.0,0.0,0.0,0.0,0.0,0.0,266.48,255.21,11.27,0.0,0,0,0,11.27,BHUNTAR,14.0,kullu_kullu_village_amenities.csv
,HIMACHAL PRADESH,,Kullu,,Kullu,,Manjhli (37/93),,Kullu,2009,KULLU,30.0,KULLU,30,BHUNTAR,20.0,YES,373.78,588.0,2811,1445.0,1366.0,378.0,185.0,193.0,13.0,5.0,8.0,2.0,0.0,2.0,0.0,2.0,BHUNTAR,,1.0,5.0,1.0,2.0,,,,1.0,1.0,2.0,0.0,,,,1.0,1.0,2.0,0.0,,,,1.0,1.0,2.0,0.0,,,,2.0,0.0,2.0,0.0,1.0,KULLU,,2.0,0.0,2.0,0.0,1.0,MANDI,,2.0,0.0,2.0,0.0,1.0,SHIMLA,,2.0,0.0,2.0,0.0,1.0,KULLU,,2.0,0.0,2.0,0.0,1.0,SUNDER NAGAR,,2.0,0.0,2.0,0.0,1.0,SHAMSI,,2.0,0.0,2.0,0.0,1.0,KULLU,,2.0,0.0,2.0,0.0,2.0,KULLU,,2.0,0.0,2.0,0.0,N.A.,,0.0,0.0,0.0,0.0,0.0,,0.0,0.0,0.0,0.0,0.0,,0.0,0.0,0.0,0.0,0.0,,0.0,0.0,0.0,0.0,0.0,,0.0,0.0,0.0,0.0,0.0,,0.0,0.0,0.0,0.0,0.0,,0.0,0.0,0.0,0.0,0.0,,1.0,1.0,1.0,2.0,1.0,,0.0,0.0,0.0,0.0,0.0,,0.0,0.0,0.0,0.0,0.0,,0.0,0.0,0.0,0.0,0.0,,0.0,0.0,0.0,0.0,0.0,0.0,0.0,0.0,0.0,1.0,1.0,1.0,2.0,,,2.0,,,2.0,,,2.0,,,2.0,1.0,1.0,1.0,2.0,,,2.0,,,2.0,,,2.0,2.0,1.0,2.0,2.0,2.0,1.0,2.0,2.0,2.0,2.0,2.0,2.0,2.0,1.0,2.0,,1.0,,2.0,,1.0,175114.0,1.0,,2.0,,1.0,,2.0,,2.0,,1.0,,1.0,,2.0,,2.0,,2.0,,2.0,,2.0,,2.0,,2.0,,2.0,,2.0,,2.0,,2.0,,1.0,,1.0,,1.0,,1.0,,1.0,,1.0,,2.0,,1.0,,2.0,c,2.0,,2.0,,1.0,,1.0,,1.0,,1.0,,2.0,,2.0,,1.0,,1.0,,1.0,1.0,2.0,,1.0,,2.0,,2.0,,2.0,,2.0,,1.0,,1.0,,1.0,,1.0,24.0,24.0,1.0,24.0,24.0,1.0,24.0,24.0,1.0,24.0,24.0,MAIZE,KUDAL,SHAWL,WHEAT,,,RAJMAH,0.0,51.67,3.34,0.0,0.0,5.96,13.26,0.0,299.55,299.55,0.0,0.0,0,0,0,0.0,BHUNTAR,20.0,kullu_kullu_village_amenities.csv
,HIMACHAL PRADESH,,Kullu,,Kullu,,Parli (37/94),,Kullu,2009,KULLU,26.0,KULLU,26,BHUNTAR,18.0,YES,521.0,949.0,5073,2637.0,2436.0,1076.0,573.0,503.0,9.0,7.0,2.0,2.0,0.0,2.0,0.0,2.0,BHUNTAR,,1.0,4.0,2.0,0.0,,,,1.0,2.0,2.0,0.0,,,,2.0,0.0,2.0,0.0,1.0,GADSA,,2.0,0.0,2.0,0.0,1.0,GADSA,,2.0,0.0,2.0,0.0,1.0,KULLU,,2.0,0.0,2.0,0.0,1.0,MANDI,,2.0,0.0,2.0,0.0,1.0,SHIMLA,,2.0,0.0,2.0,0.0,1.0,KULLU,,2.0,0.0,2.0,0.0,1.0,SUNDER NAGAR,,2.0,0.0,2.0,0.0,1.0,SHAMSI,,2.0,0.0,2.0,0.0,1.0,KULLU,,2.0,0.0,2.0,0.0,2.0,KULLU,,2.0,0.0,2.0,0.0,N.A.,,0.0,0.0,0.0,0.0,0.0,,0.0,0.0,0.0,0.0,0.0,,1.0,1.0,1.0,2.0,1.0,,0.0,0.0,0.0,0.0,0.0,,0.0,0.0,0.0,0.0,0.0,,0.0,0.0,0.0,0.0,0.0,,0.0,0.0,0.0,0.0,0.0,,3.0,3.0,3.0,8.0,7.0,,0.0,0.0,0.0,0.0,0.0,,0.0,0.0,0.0,0.0,0.0,,0.0,0.0,0.0,0.0,0.0,,0.0,0.0,0.0,0.0,0.0,0.0,2.0,1.0,0.0,1.0,1.0,1.0,2.0,,,2.0,,,2.0,,,2.0,,,2.0,1.0,1.0,1.0,2.0,,,2.0,,,2.0,,,2.0,1.0,2.0,2.0,2.0,1.0,1.0,2.0,2.0,2.0,2.0,2.0,2.0,2.0,1.0,2.0,,1.0,,2.0,,1.0,175141.0,1.0,,2.0,,1.0,,2.0,,2.0,,1.0,,1.0,,2.0,,2.0,,1.0,,1.0,,2.0,,2.0,,2.0,,2.0,,2.0,,2.0,,2.0,,2.0,,1.0,,1.0,,1.0,,1.0,,1.0,,2.0,,1.0,,2.0,c,2.0,,2.0,,1.0,,1.0,,1.0,,1.0,,2.0,,2.0,,1.0,,1.0,,1.0,1.0,2.0,,1.0,,2.0,,2.0,,2.0,,2.0,,1.0,,1.0,,1.0,,1.0,24.0,24.0,1.0,24.0,24.0,1.0,24.0,24.0,1.0,24.0,24.0,MAIZE,KULAHRI,PATTU,PADDY,KUDAL,HUNKEY,VEGETABLE,5.0,100.0,0.0,0.0,100.0,15.0,7.0,6.0,288.0,277.0,11.0,0.0,0,0,0,11.0,BHUNTAR,18.0,kullu_kullu_village_amenities.csv
,HIMACHAL PRADESH,,Kullu,,Sainj,,Raila (42/105),,Kullu,2009,SAINJ,16.0,KULLU,45,BANJAR,28.0,YES,569.0,980.0,4704,2430.0,2274.0,1033.0,522.0,511.0,13.0,4.0,9.0,2.0,0.0,2.0,0.0,2.0,BHUNTAR,,1.0,10.0,2.0,0.0,,,,1.0,2.0,2.0,0.0,,,,1.0,1.0,2.0,0.0,,,,1.0,1.0,2.0,0.0,,,,2.0,0.0,2.0,0.0,1.0,BANJAR,,2.0,0.0,2.0,0.0,1.0,BANJAR,,2.0,0.0,2.0,0.0,1.0,SHIMLA,,2.0,0.0,2.0,0.0,1.0,SHIMLA,,2.0,0.0,2.0,0.0,1.0,HAMIRPUR,,2.0,0.0,2.0,0.0,1.0,KULLU,,2.0,0.0,2.0,0.0,1.0,KULLU,,2.0,0.0,2.0,0.0,1.0,MASHOBARA,,2.0,0.0,2.0,0.0,N.A.,,0.0,0.0,0.0,0.0,0.0,,0.0,0.0,0.0,0.0,0.0,,1.0,1.0,0.0,1.0,0.0,,0.0,0.0,0.0,0.0,0.0,,0.0,0.0,0.0,0.0,0.0,,0.0,0.0,0.0,0.0,0.0,,0.0,0.0,0.0,0.0,0.0,,1.0,1.0,1.0,0.0,0.0,,1.0,1.0,1.0,0.0,0.0,,0.0,0.0,0.0,0.0,0.0,,0.0,0.0,0.0,0.0,0.0,,0.0,0.0,0.0,0.0,0.0,1.0,0.0,1.0,0.0,1.0,1.0,1.0,2.0,,,2.0,,,2.0,,,2.0,,,2.0,2.0,,,1.0,1.0,1.0,2.0,,,2.0,,,2.0,2.0,1.0,2.0,2.0,2.0,2.0,2.0,2.0,2.0,2.0,2.0,2.0,2.0,2.0,1.0,,1.0,,2.0,,1.0,175134.0,1.0,,2.0,,1.0,,2.0,,2.0,,1.0,,1.0,,2.0,,2.0,,1.0,,1.0,,2.0,,2.0,,2.0,,2.0,,2.0,,2.0,,2.0,,2.0,,1.0,,2.0,,2.0,,1.0,,1.0,,2.0,,1.0,,2.0,c,2.0,,2.0,,1.0,,2.0,,2.0,,1.0,,2.0,,2.0,,2.0,,2.0,,1.0,1.0,2.0,,2.0,,2.0,,2.0,,2.0,,2.0,,1.0,,1.0,,1.0,,1.0,24.0,24.0,1.0,24.0,24.0,1.0,24.0,24.0,1.0,24.0,24.0,WHEAT,,,MAIZE,,,CHANA,8.0,31.0,148.0,72.0,238.0,72.0,0.0,0.0,0.0,0.0,0.0,0.0,0,0,0,0.0,BANJAR,28.0,kullu_kullu_village_amenities.csv
,HIMACHAL PRADESH,,Kullu,,Sainj,,Bhalan-II (42/106),,Kullu,2009,SAINJ,14.0,KULLU,50,KULLU,50.0,YES,143.0,211.0,1012,523.0,489.0,523.0,270.0,253.0,0.0,0.0,0.0,2.0,0.0,2.0,0.0,2.0,BHUNTAR,,1.0,3.0,1.0,1.0,,,,2.0,0.0,2.0,0.0,1.0,KANDIKOT,,2.0,0.0,2.0,0.0,1.0,BHALAN,,2.0,0.0,2.0,0.0,1.0,BHALAN,,2.0,0.0,2.0,0.0,1.0,BANJAR,,2.0,0.0,2.0,0.0,1.0,SUNDER NAGAR,,2.0,0.0,2.0,0.0,1.0,SHIMLA,,2.0,0.0,2.0,0.0,1.0,SHIMLA,,2.0,0.0,2.0,0.0,1.0,SUNDER NAGAR,,2.0,0.0,2.0,0.0,1.0,RACHOLI,,2.0,0.0,2.0,0.0,1.0,KULLU,,2.0,0.0,2.0,0.0,1.0,MASHOBARA,,2.0,0.0,2.0,0.0,N.A.,,0.0,0.0,0.0,0.0,0.0,,0.0,0.0,0.0,0.0,0.0,,0.0,0.0,0.0,0.0,0.0,,0.0,0.0,0.0,0.0,0.0,,0.0,0.0,0.0,0.0,0.0,,0.0,0.0,0.0,0.0,0.0,,0.0,0.0,0.0,0.0,0.0,,1.0,0.0,0.0,0.0,0.0,,0.0,0.0,0.0,0.0,0.0,,0.0,0.0,0.0,0.0,0.0,,0.0,0.0,0.0,0.0,0.0,,0.0,0.0,0.0,0.0,0.0,0.0,0.0,0.0,0.0,1.0,1.0,1.0,2.0,,,2.0,,,2.0,,,2.0,,,2.0,2.0,,,2.0,,,2.0,,,2.0,,,2.0,1.0,2.0,2.0,2.0,1.0,2.0,2.0,2.0,2.0,2.0,2.0,2.0,2.0,2.0,1.0,,2.0,,2.0,,1.0,175134.0,2.0,,2.0,,2.0,,2.0,,2.0,,2.0,,2.0,,2.0,,2.0,,2.0,,2.0,,2.0,,2.0,,2.0,,2.0,,2.0,,2.0,,2.0,,2.0,,2.0,,2.0,,2.0,,2.0,,2.0,,2.0,,1.0,,2.0,c,2.0,,2.0,,1.0,,2.0,,2.0,,2.0,,2.0,,2.0,,2.0,,2.0,,1.0,1.0,2.0,,2.0,,2.0,,2.0,,2.0,,2.0,,2.0,,2.0,,1.0,,1.0,24.0,24.0,1.0,24.0,24.0,1.0,24.0,24.0,1.0,24.0,24.0,WHEAT,,,MAIZE,,,PULSES,0.0,32.0,10.0,0.0,0.0,3.0,0.0,0.0,98.0,98.0,0.0,0.0,0,0,0,0.0,KULLU,50.0,kullu_kullu_village_amenities.csv
,HIMACHAL PRADESH,,Kullu,,Sainj,,Rote-I (42/107),,Kullu,2009,SAINJ,9.0,KULLU,48,BANJAR,46.0,YES,318.0,418.0,2184,1141.0,1043.0,376.0,191.0,185.0,6.0,5.0,1.0,2.0,0.0,2.0,0.0,1.0,KANDI KOT,,1.0,2.0,2.0,0.0,,,,1.0,2.0,2.0,0.0,,,,2.0,0.0,2.0,0.0,1.0,KANDI KOT,,2.0,0.0,2.0,0.0,1.0,BANJAR,,2.0,0.0,2.0,0.0,1.0,BANJAR,,2.0,0.0,2.0,0.0,1.0,SUNDER NAGAR,,2.0,0.0,2.0,0.0,1.0,SHIMLA,,2.0,0.0,2.0,0.0,1.0,SHIMLA,,2.0,0.0,2.0,0.0,1.0,SUNDER NAGAR,,2.0,0.0,2.0,0.0,1.0,RACHOLI,,2.0,0.0,2.0,0.0,1.0,KULLU,,2.0,0.0,2.0,0.0,1.0,MASHOBARA,,2.0,0.0,2.0,0.0,N.A.,,0.0,0.0,0.0,0.0,0.0,,0.0,0.0,0.0,0.0,0.0,,1.0,1.0,0.0,1.0,0.0,,0.0,0.0,0.0,0.0,0.0,,0.0,0.0,0.0,0.0,0.0,,0.0,0.0,0.0,0.0,0.0,,0.0,0.0,0.0,0.0,0.0,,0.0,0.0,0.0,0.0,0.0,,0.0,0.0,0.0,0.0,0.0,,0.0,0.0,0.0,0.0,0.0,,0.0,0.0,0.0,0.0,0.0,,0.0,0.0,0.0,0.0,0.0,0.0,0.0,0.0,0.0,1.0,1.0,1.0,2.0,,,2.0,,,2.0,,,2.0,,,2.0,1.0,1.0,1.0,1.0,1.0,1.0,2.0,,,2.0,,,2.0,2.0,1.0,2.0,2.0,1.0,2.0,2.0,2.0,2.0,2.0,2.0,2.0,2.0,2.0,1.0,,1.0,,2.0,,1.0,175134.0,1.0,,2.0,,1.0,,2.0,,2.0,,1.0,,1.0,,2.0,,2.0,,2.0,,2.0,,2.0,,2.0,,2.0,,2.0,,2.0,,2.0,,2.0,,1.0,,2.0,,2.0,,1.0,,2.0,,2.0,,2.0,,1.0,,2.0,b,2.0,,2.0,,1.0,,2.0,,2.0,,2.0,,2.0,,2.0,,2.0,,2.0,,1.0,1.0,2.0,,2.0,,2.0,,2.0,,2.0,,2.0,,2.0,,2.0,,1.0,,1.0,24.0,24.0,1.0,24.0,24.0,1.0,24.0,24.0,1.0,24.0,24.0,WHEAT,,,MAIZE,,,PULSES,0.0,0.0,52.0,0.0,0.0,41.0,0.0,0.0,225.0,225.0,0.0,0.0,0,0,0,0.0,BANJAR,46.0,kullu_kullu_village_amenities.csv
,HIMACHAL PRADESH,,Kullu,,Sainj,,Kotla (1/1),,Banjar,2009,SAINJ,24.0,KULLU,43,BANJAR,15.0,YES,308.0,467.0,2347,1185.0,1162.0,663.0,332.0,331.0,3.0,0.0,3.0,2.0,0.0,2.0,0.0,1.0,KANDI KOT,,1.0,3.0,2.0,0.0,,,,1.0,2.0,2.0,0.0,,,,1.0,1.0,2.0,0.0,,,,1.0,1.0,2.0,0.0,,,,2.0,0.0,2.0,0.0,1.0,BANJAR,,2.0,0.0,2.0,0.0,1.0,SUNDER NAGAR,,2.0,0.0,2.0,0.0,1.0,SHIMLA,,2.0,0.0,2.0,0.0,1.0,SHIMLA,,2.0,0.0,2.0,0.0,1.0,SUNDER NAGAR,,2.0,0.0,2.0,0.0,1.0,RACHOLI,,2.0,0.0,2.0,0.0,1.0,KULLU,,2.0,0.0,2.0,0.0,1.0,MASHOBARA,,2.0,0.0,2.0,0.0,N.A.,,0.0,0.0,0.0,0.0,0.0,,0.0,0.0,0.0,0.0,0.0,,1.0,1.0,0.0,1.0,0.0,,0.0,0.0,0.0,0.0,0.0,,0.0,0.0,0.0,0.0,0.0,,0.0,0.0,0.0,0.0,0.0,,0.0,0.0,0.0,0.0,0.0,,0.0,0.0,0.0,0.0,0.0,,0.0,0.0,0.0,0.0,0.0,,0.0,0.0,0.0,0.0,0.0,,0.0,0.0,0.0,0.0,0.0,,0.0,0.0,0.0,0.0,0.0,0.0,0.0,0.0,0.0,1.0,1.0,1.0,2.0,,,2.0,,,2.0,,,1.0,1.0,1.0,2.0,2.0,,,2.0,,,2.0,,,2.0,,,2.0,2.0,1.0,2.0,2.0,1.0,2.0,2.0,2.0,2.0,2.0,2.0,2.0,2.0,2.0,1.0,,1.0,,1.0,,1.0,175134.0,1.0,,1.0,,1.0,,2.0,,2.0,,1.0,,1.0,,2.0,,2.0,,1.0,,1.0,,2.0,,2.0,,2.0,,2.0,,2.0,,2.0,,2.0,,1.0,,1.0,,1.0,,1.0,,1.0,,1.0,,2.0,,1.0,,2.0,c,2.0,,1.0,,1.0,,2.0,,1.0,,2.0,,2.0,,1.0,,2.0,,1.0,,1.0,1.0,2.0,,2.0,,2.0,,2.0,,2.0,,2.0,,2.0,,1.0,,1.0,,1.0,24.0,24.0,1.0,24.0,24.0,1.0,24.0,24.0,1.0,24.0,24.0,MAIZE,,,WHEAT,,,GARLIC,0.0,48.0,0.0,0.0,0.0,55.0,9.0,0.0,196.0,196.0,0.0,0.0,0,0,0,0.0,BANJAR,15.0,kullu_kullu_village_amenities.csv
,HIMACHAL PRADESH,,Kullu,,Sainj,,Chakurtha (1/2),,Banjar,2009,SAINJ,24.0,KULLU,50,BANJAR,15.0,YES,329.0,279.0,1443,741.0,702.0,347.0,177.0,170.0,0.0,0.0,0.0,2.0,0.0,2.0,0.0,1.0,KANDI KOT,,1.0,2.0,2.0,0.0,,,,1.0,2.0,2.0,0.0,,,,2.0,0.0,2.0,0.0,1.0,SAINJ,,2.0,0.0,2.0,0.0,1.0,KOTLA,,2.0,0.0,2.0,0.0,1.0,BANJAR,,2.0,0.0,2.0,0.0,1.0,SUNDER NAGAR,,2.0,0.0,2.0,0.0,1.0,SHIMLA,,2.0,0.0,2.0,0.0,1.0,SHIMLA,,2.0,0.0,2.0,0.0,1.0,SUNDER NAGAR,,2.0,0.0,2.0,0.0,1.0,RACHOLI,,2.0,0.0,2.0,0.0,1.0,KULLU,,2.0,0.0,2.0,0.0,1.0,MASHOBARA,,2.0,0.0,2.0,0.0,N.A.,,0.0,0.0,0.0,0.0,0.0,,0.0,0.0,0.0,0.0,0.0,,1.0,1.0,0.0,1.0,0.0,,0.0,0.0,0.0,0.0,0.0,,0.0,0.0,0.0,0.0,0.0,,0.0,0.0,0.0,0.0,0.0,,0.0,0.0,0.0,0.0,0.0,,0.0,0.0,0.0,0.0,0.0,,0.0,0.0,0.0,0.0,0.0,,0.0,0.0,0.0,0.0,0.0,,0.0,0.0,0.0,0.0,0.0,,0.0,0.0,0.0,0.0,0.0,0.0,0.0,0.0,0.0,1.0,1.0,1.0,2.0,,,2.0,,,2.0,,,2.0,,,2.0,2.0,,,2.0,,,2.0,,,2.0,,,2.0,2.0,1.0,2.0,2.0,1.0,2.0,2.0,2.0,2.0,2.0,2.0,2.0,2.0,2.0,1.0,,1.0,,2.0,,1.0,175134.0,1.0,,1.0,,1.0,,2.0,,2.0,,1.0,,2.0,,2.0,,2.0,,1.0,,2.0,,2.0,,2.0,,2.0,,2.0,,2.0,,2.0,,2.0,,1.0,,2.0,,2.0,,1.0,,2.0,,1.0,,2.0,,1.0,,2.0,c,2.0,,1.0,,2.0,,2.0,,1.0,,2.0,,2.0,,2.0,,2.0,,1.0,,1.0,1.0,2.0,,2.0,,2.0,,2.0,,2.0,,2.0,,2.0,,2.0,,1.0,,1.0,24.0,24.0,1.0,24.0,24.0,1.0,24.0,24.0,1.0,24.0,24.0,MAIZE,,,WHEAT,,,GARLIC,0.0,42.0,0.0,0.0,0.0,70.0,10.0,0.0,207.0,207.0,0.0,0.0,0,0,0,0.0,BANJAR,15.0,kullu_kullu_village_amenities.csv
,HIMACHAL PRADESH,,Kullu,,Sainj,,Kanon (1/3),,Banjar,2009,SAINJ,3.0,KULLU,63,BANJAR,32.0,YES,242.0,337.0,1602,825.0,777.0,543.0,277.0,266.0,5.0,3.0,2.0,2.0,0.0,2.0,0.0,1.0,KANDI KOT,,1.0,3.0,2.0,0.0,,,,1.0,1.0,2.0,0.0,,,,2.0,0.0,2.0,0.0,1.0,SAINJ,,2.0,0.0,2.0,0.0,1.0,SAINJ,,2.0,0.0,2.0,0.0,1.0,BANJAR,,2.0,0.0,2.0,0.0,1.0,HAMIRPUR,,2.0,0.0,2.0,0.0,1.0,SHIMLA,,2.0,0.0,2.0,0.0,1.0,SHIMLA,,2.0,0.0,2.0,0.0,1.0,SUNDER NAGAR,,2.0,0.0,2.0,0.0,1.0,SAINJ,,2.0,0.0,2.0,0.0,1.0,KULLU,,2.0,0.0,2.0,0.0,1.0,MASHOBARA,,2.0,0.0,2.0,0.0,N.A.,,0.0,0.0,0.0,0.0,0.0,,0.0,0.0,0.0,0.0,0.0,,1.0,1.0,0.0,1.0,0.0,,0.0,0.0,0.0,0.0,0.0,,0.0,0.0,0.0,0.0,0.0,,0.0,0.0,0.0,0.0,0.0,,0.0,0.0,0.0,0.0,0.0,,1.0,1.0,1.0,0.0,0.0,,1.0,1.0,1.0,0.0,0.0,,0.0,0.0,0.0,0.0,0.0,,0.0,0.0,0.0,0.0,0.0,,0.0,0.0,0.0,0.0,0.0,0.0,0.0,0.0,0.0,1.0,1.0,1.0,2.0,,,2.0,,,2.0,,,1.0,1.0,1.0,2.0,2.0,,,2.0,,,2.0,,,2.0,,,2.0,2.0,1.0,2.0,2.0,1.0,2.0,2.0,2.0,2.0,2.0,2.0,2.0,2.0,2.0,1.0,,1.0,,2.0,,1.0,175139.0,1.0,,2.0,,1.0,,2.0,,2.0,,1.0,,1.0,,2.0,,2.0,,1.0,,1.0,,2.0,,2.0,,2.0,,2.0,,2.0,,2.0,,2.0,,1.0,,1.0,,1.0,,1.0,,1.0,,1.0,,2.0,,1.0,,2.0,b,2.0,,1.0,,1.0,,2.0,,2.0,,1.0,,2.0,,2.0,,2.0,,1.0,,1.0,1.0,2.0,,1.0,,2.0,,2.0,,2.0,,2.0,,2.0,,2.0,,1.0,,1.0,24.0,24.0,1.0,24.0,24.0,1.0,24.0,24.0,1.0,24.0,24.0,WHEAT,,,BARLEY,,,MUSTARD,0.0,22.0,0.0,0.0,0.0,35.0,2.0,0.0,183.0,183.0,0.0,0.0,0,0,0,0.0,BANJAR,32.0,kullu_kullu_village_amenities.csv
,HIMACHAL PRADESH,,Kullu,,Sainj,,Dhaugi (1/4),,Banjar,2009,SAINJ,3.0,KULLU,63,BANJAR,32.0,YES,399.0,503.0,2387,1203.0,1184.0,715.0,355.0,360.0,106.0,53.0,53.0,2.0,0.0,2.0,0.0,1.0,KANDI KOT,,1.0,3.0,2.0,0.0,,,,1.0,1.0,2.0,0.0,,,,2.0,0.0,2.0,0.0,1.0,SAINJ,,2.0,0.0,2.0,0.0,1.0,SAINJ,,2.0,0.0,2.0,0.0,1.0,BANJAR,,2.0,0.0,2.0,0.0,1.0,SUNDER NAGAR,,2.0,0.0,2.0,0.0,1.0,SHIMLA,,2.0,0.0,2.0,0.0,1.0,SHIMLA,,2.0,0.0,2.0,0.0,1.0,SUNDER NAGAR,,2.0,0.0,2.0,0.0,1.0,SAINJ,,2.0,0.0,2.0,0.0,1.0,KULLU,,2.0,0.0,2.0,0.0,1.0,MASHOBARA,,2.0,0.0,2.0,0.0,N.A.,,0.0,0.0,0.0,0.0,0.0,,1.0,1.0,0.0,1.0,0.0,,0.0,0.0,0.0,0.0,0.0,,0.0,0.0,0.0,0.0,0.0,,0.0,0.0,0.0,0.0,0.0,,0.0,0.0,0.0,0.0,0.0,,0.0,0.0,0.0,0.0,0.0,,1.0,1.0,0.0,0.0,0.0,,1.0,1.0,0.0,0.0,0.0,,0.0,0.0,0.0,0.0,0.0,,0.0,0.0,0.0,0.0,0.0,,0.0,0.0,0.0,0.0,0.0,0.0,0.0,0.0,0.0,1.0,1.0,1.0,2.0,,,2.0,,,2.0,,,1.0,1.0,1.0,2.0,2.0,,,2.0,,,2.0,,,2.0,,,2.0,2.0,1.0,2.0,2.0,1.0,2.0,2.0,2.0,2.0,2.0,2.0,2.0,2.0,2.0,1.0,,1.0,,2.0,,1.0,175134.0,2.0,,2.0,,1.0,,2.0,,2.0,,1.0,,2.0,,2.0,,2.0,,2.0,,2.0,,2.0,,2.0,,2.0,,2.0,,2.0,,2.0,,2.0,,2.0,,2.0,,2.0,,1.0,,2.0,,2.0,,2.0,,2.0,,2.0,c,2.0,,1.0,,1.0,,2.0,,2.0,,2.0,,2.0,,2.0,,2.0,,1.0,,1.0,1.0,2.0,,2.0,,2.0,,2.0,,2.0,,2.0,,2.0,,1.0,,1.0,,1.0,24.0,24.0,1.0,24.0,24.0,1.0,24.0,24.0,1.0,24.0,24.0,WHEAT,,,MAIZE,,,,0.0,45.0,0.0,0.0,0.0,51.0,14.0,0.0,289.0,289.0,0.0,0.0,0,0,0,0.0,BANJAR,32.0,kullu_kullu_village_amenities.csv
,HIMACHAL PRADESH,,Kullu,,Sainj,,Dusharh (2/5),,Banjar,2009,SAINJ,5.0,KULLU,53,BANJAR,32.0,YES,177.0,474.0,2005,1044.0,961.0,439.0,218.0,221.0,23.0,11.0,12.0,2.0,0.0,2.0,0.0,1.0,KANDI KOT,,1.0,2.0,2.0,0.0,,,,1.0,1.0,2.0,0.0,,,,2.0,0.0,2.0,0.0,1.0,SAINJ,,2.0,0.0,2.0,0.0,1.0,SAINJ,,2.0,0.0,2.0,0.0,1.0,BANJAR,,2.0,0.0,2.0,0.0,1.0,SUNDER NAGAR,,2.0,0.0,2.0,0.0,1.0,SHIMLA,,2.0,0.0,2.0,0.0,1.0,SHIMLA,,2.0,0.0,2.0,0.0,1.0,SUNDER NAGAR,,2.0,0.0,2.0,0.0,1.0,KULLU,,2.0,0.0,2.0,0.0,1.0,SUNDER NAGAR,,2.0,0.0,2.0,0.0,1.0,MASHOBARA,,2.0,0.0,2.0,0.0,N.A.,,0.0,0.0,0.0,0.0,0.0,,0.0,0.0,0.0,0.0,0.0,,0.0,0.0,0.0,0.0,0.0,,0.0,0.0,0.0,0.0,0.0,,0.0,0.0,0.0,0.0,0.0,,0.0,0.0,0.0,0.0,0.0,,0.0,0.0,0.0,0.0,0.0,,1.0,0.0,0.0,0.0,0.0,,0.0,0.0,0.0,0.0,0.0,,0.0,0.0,0.0,0.0,0.0,,0.0,0.0,0.0,0.0,0.0,,0.0,0.0,0.0,0.0,0.0,0.0,0.0,0.0,0.0,1.0,1.0,1.0,2.0,,,2.0,,,2.0,,,2.0,,,2.0,2.0,,,2.0,,,2.0,,,2.0,,,2.0,1.0,2.0,2.0,2.0,1.0,1.0,2.0,2.0,2.0,2.0,2.0,2.0,2.0,1.0,1.0,,2.0,,2.0,,1.0,175039.0,1.0,,2.0,,1.0,,2.0,,2.0,,1.0,,2.0,,2.0,,2.0,,1.0,,1.0,,2.0,,2.0,,2.0,,2.0,,2.0,,2.0,,2.0,,1.0,,1.0,,1.0,,1.0,,2.0,,2.0,,2.0,,1.0,,2.0,c,2.0,,2.0,,1.0,,2.0,,2.0,,2.0,,2.0,,2.0,,2.0,,2.0,,1.0,1.0,2.0,,2.0,,2.0,,2.0,,2.0,,2.0,,2.0,,1.0,,1.0,,1.0,24.0,24.0,1.0,24.0,24.0,1.0,24.0,24.0,1.0,24.0,24.0,MAIZE,,,PULSES,,,CAULI FLOWER,31.0,0.0,0.0,0.0,0.0,16.0,8.0,0.0,122.0,122.0,0.0,0.0,0,0,0,0.0,BANJAR,32.0,kullu_kullu_village_amenities.csv
,HIMACHAL PRADESH,,Kullu,,Sainj,,Manyashi (2/6),,Banjar,2009,SAINJ,5.0,KULLU,50,BANJAR,34.0,YES,209.0,235.0,1257,628.0,629.0,274.0,128.0,146.0,14.0,5.0,9.0,2.0,0.0,2.0,0.0,1.0,KANDI KOT,,1.0,2.0,2.0,0.0,,,,1.0,1.0,2.0,0.0,,,,1.0,1.0,2.0,0.0,,,,2.0,0.0,2.0,0.0,1.0,SAINJ,,2.0,0.0,2.0,0.0,1.0,BANJAR,,2.0,0.0,2.0,0.0,1.0,SUNDER NAGAR,,2.0,0.0,2.0,0.0,1.0,SHIMLA,,2.0,0.0,2.0,0.0,1.0,SHIMLA,,2.0,0.0,2.0,0.0,1.0,SUNDER NAGAR,,2.0,0.0,2.0,0.0,1.0,KULLU,,2.0,0.0,2.0,0.0,1.0,SUNDER NAGAR,,2.0,0.0,2.0,0.0,1.0,MASHOBARA,,2.0,0.0,2.0,0.0,N.A.,,0.0,0.0,0.0,0.0,0.0,,0.0,0.0,0.0,0.0,0.0,,0.0,0.0,0.0,0.0,0.0,,0.0,0.0,0.0,0.0,0.0,,0.0,0.0,0.0,0.0,0.0,,0.0,0.0,0.0,0.0,0.0,,0.0,0.0,0.0,0.0,0.0,,0.0,0.0,0.0,0.0,0.0,,0.0,0.0,0.0,0.0,0.0,,0.0,0.0,0.0,0.0,0.0,,0.0,0.0,0.0,0.0,0.0,,0.0,0.0,0.0,0.0,0.0,0.0,0.0,0.0,0.0,1.0,1.0,1.0,2.0,,,2.0,,,2.0,,,2.0,,,2.0,1.0,1.0,1.0,2.0,,,2.0,,,2.0,,,2.0,1.0,2.0,2.0,2.0,1.0,1.0,2.0,2.0,2.0,2.0,2.0,2.0,2.0,1.0,1.0,,2.0,,2.0,,1.0,175039.0,2.0,,2.0,,1.0,,2.0,,2.0,,2.0,,2.0,,2.0,,2.0,,2.0,,2.0,,2.0,,2.0,,2.0,,2.0,,2.0,,2.0,,2.0,,1.0,,1.0,,2.0,,2.0,,2.0,,2.0,,2.0,,1.0,,2.0,c,2.0,,2.0,,1.0,,2.0,,2.0,,2.0,,2.0,,2.0,,2.0,,2.0,,1.0,1.0,2.0,,2.0,,2.0,,2.0,,2.0,,2.0,,2.0,,1.0,,1.0,,1.0,24.0,24.0,1.0,24.0,24.0,1.0,24.0,24.0,1.0,24.0,24.0,MAIZE,,,PULSES,,,CAULI FLOWER,24.0,0.0,0.0,0.0,0.0,15.0,7.0,0.0,163.0,163.0,0.0,0.0,0,0,0,0.0,BANJAR,34.0,kullu_kullu_village_amenities.csv
,HIMACHAL PRADESH,,Kullu,,Sainj,,Sachen (2/7),,Banjar,2009,SAINJ,7.0,KULLU,55,BANJAR,36.0,YES,241.0,401.0,1994,1075.0,919.0,604.0,305.0,299.0,3.0,2.0,1.0,2.0,0.0,2.0,0.0,1.0,KANDI KOT,,1.0,3.0,1.0,1.0,,,,1.0,1.0,2.0,0.0,,,,2.0,0.0,2.0,0.0,1.0,MANYASHI,,2.0,0.0,2.0,0.0,1.0,NARWALI,,2.0,0.0,2.0,0.0,1.0,BANJAR,,2.0,0.0,2.0,0.0,1.0,HAMIRPUR,,2.0,0.0,2.0,0.0,1.0,SHIMLA,,2.0,0.0,2.0,0.0,1.0,SHIMLA,,2.0,0.0,2.0,0.0,1.0,SUNDER NAGAR,,2.0,0.0,2.0,0.0,1.0,RACHOLI,,2.0,0.0,2.0,0.0,1.0,KULLU,,2.0,0.0,2.0,0.0,1.0,MASHOBARA,,2.0,0.0,2.0,0.0,N.A.,,0.0,0.0,0.0,0.0,0.0,,0.0,0.0,0.0,0.0,0.0,,0.0,0.0,0.0,0.0,0.0,,0.0,0.0,0.0,0.0,0.0,,0.0,0.0,0.0,0.0,0.0,,0.0,0.0,0.0,0.0,0.0,,0.0,0.0,0.0,0.0,0.0,,0.0,0.0,0.0,0.0,0.0,,0.0,0.0,0.0,0.0,0.0,,0.0,0.0,0.0,0.0,0.0,,0.0,0.0,0.0,0.0,0.0,,0.0,0.0,0.0,0.0,0.0,0.0,0.0,0.0,0.0,1.0,1.0,1.0,2.0,,,2.0,,,2.0,,,2.0,,,2.0,2.0,,,2.0,,,2.0,,,2.0,,,2.0,1.0,2.0,2.0,2.0,1.0,2.0,2.0,2.0,2.0,2.0,2.0,2.0,2.0,2.0,1.0,,2.0,,2.0,,1.0,175039.0,1.0,,2.0,,1.0,,2.0,,2.0,,1.0,,2.0,,2.0,,2.0,,2.0,,2.0,,2.0,,2.0,,2.0,,2.0,,2.0,,2.0,,2.0,,2.0,,2.0,,2.0,,2.0,,2.0,,2.0,,2.0,,1.0,,2.0,c,2.0,,2.0,,1.0,,2.0,,2.0,,2.0,,2.0,,2.0,,2.0,,2.0,,1.0,1.0,2.0,,2.0,,2.0,,2.0,,2.0,,2.0,,2.0,,1.0,,1.0,,1.0,24.0,24.0,1.0,24.0,24.0,1.0,24.0,24.0,1.0,24.0,24.0,MAIZE,,,PULSES,,,WHEAT,0.0,0.0,0.0,0.0,0.0,0.0,0.0,0.0,241.0,241.0,0.0,0.0,0,0,0,0.0,BANJAR,36.0,kullu_kullu_village_amenities.csv
,HIMACHAL PRADESH,,Kullu,,Sainj,,Shanshar (41/104),,Banjar,2009,SAINJ,7.0,KULLU,65,BANJAR,35.0,YES,374.0,566.0,2681,1362.0,1319.0,1388.0,708.0,680.0,0.0,0.0,0.0,2.0,0.0,2.0,0.0,1.0,KANDI KOT,,1.0,4.0,2.0,0.0,,,,1.0,1.0,2.0,0.0,,,,1.0,1.0,2.0,0.0,,,,1.0,1.0,2.0,0.0,,,,2.0,0.0,2.0,0.0,1.0,BANJAR,,2.0,0.0,2.0,0.0,1.0,HAMIRPUR,,2.0,0.0,2.0,0.0,1.0,SHIMLA,,2.0,0.0,2.0,0.0,1.0,SHIMLA,,2.0,0.0,2.0,0.0,1.0,HAMIRPUR,,2.0,0.0,2.0,0.0,1.0,RACHOLI,,2.0,0.0,2.0,0.0,1.0,KULLU,,2.0,0.0,2.0,0.0,1.0,MASHOBARA,,2.0,0.0,2.0,0.0,N.A.,,0.0,0.0,0.0,0.0,0.0,,0.0,0.0,0.0,0.0,0.0,,1.0,1.0,0.0,1.0,0.0,,0.0,0.0,0.0,0.0,0.0,,0.0,0.0,0.0,0.0,0.0,,0.0,0.0,0.0,0.0,0.0,,0.0,0.0,0.0,0.0,0.0,,0.0,0.0,0.0,0.0,0.0,,1.0,1.0,1.0,1.0,1.0,,0.0,0.0,0.0,0.0,0.0,,0.0,0.0,0.0,0.0,0.0,,0.0,0.0,0.0,0.0,0.0,0.0,0.0,0.0,0.0,1.0,1.0,1.0,1.0,1.0,1.0,2.0,,,2.0,,,2.0,,,2.0,2.0,,,1.0,1.0,1.0,2.0,,,2.0,,,2.0,1.0,2.0,2.0,2.0,1.0,2.0,2.0,2.0,2.0,2.0,2.0,2.0,2.0,2.0,1.0,,2.0,,2.0,,1.0,175134.0,1.0,,2.0,,1.0,,2.0,,2.0,,2.0,,2.0,,2.0,,2.0,,2.0,,2.0,,2.0,,2.0,,2.0,,2.0,,2.0,,2.0,,2.0,,1.0,,2.0,,2.0,,2.0,,2.0,,2.0,,2.0,,1.0,,2.0,c,2.0,,2.0,,1.0,,2.0,,2.0,,1.0,,2.0,,2.0,,2.0,,1.0,,1.0,1.0,2.0,,1.0,,2.0,,2.0,,2.0,,2.0,,1.0,,1.0,,1.0,,1.0,24.0,24.0,1.0,24.0,24.0,1.0,24.0,24.0,1.0,24.0,24.0,BARLEY,,,WHEAT,,,MAIZE,0.0,120.0,0.0,20.0,0.0,0.0,234.0,0.0,0.0,0.0,0.0,0.0,0,0,0,0.0,BANJAR,35.0,kullu_kullu_village_amenities.csv
,HIMACHAL PRADESH,,Kullu,,Sainj,,Gara Parli (41/103),,Banjar,2009,SAINJ,7.0,KULLU,55,BANJAR,36.0,YES,218.0,207.0,1025,514.0,511.0,306.0,160.0,146.0,0.0,0.0,0.0,2.0,0.0,2.0,0.0,1.0,KANDI KOT,,1.0,2.0,2.0,0.0,,,,1.0,1.0,2.0,0.0,,,,2.0,0.0,2.0,0.0,1.0,SAINJ,,2.0,0.0,2.0,0.0,1.0,BANJAR,,2.0,0.0,2.0,0.0,1.0,BANJAR,,2.0,0.0,2.0,0.0,1.0,HAMIRPUR,,2.0,0.0,2.0,0.0,1.0,SHIMLA,,2.0,0.0,2.0,0.0,1.0,SHIMLA,,2.0,0.0,2.0,0.0,1.0,SUNDER NAGAR,,2.0,0.0,2.0,0.0,1.0,RACHOLI,,2.0,0.0,2.0,0.0,1.0,KULLU,,2.0,0.0,2.0,0.0,1.0,MASHOBARA,,2.0,0.0,2.0,0.0,N.A.,,0.0,0.0,0.0,0.0,0.0,,0.0,0.0,0.0,0.0,0.0,,1.0,1.0,0.0,1.0,0.0,,0.0,0.0,0.0,0.0,0.0,,0.0,0.0,0.0,0.0,0.0,,0.0,0.0,0.0,0.0,0.0,,0.0,0.0,0.0,0.0,0.0,,1.0,0.0,0.0,0.0,0.0,,0.0,0.0,0.0,0.0,0.0,,0.0,0.0,0.0,0.0,0.0,,0.0,0.0,0.0,0.0,0.0,,0.0,0.0,0.0,0.0,0.0,0.0,0.0,0.0,0.0,1.0,1.0,1.0,2.0,,,2.0,,,2.0,,,2.0,,,2.0,2.0,,,2.0,,,2.0,,,2.0,,,2.0,2.0,1.0,2.0,1.0,2.0,2.0,2.0,2.0,2.0,2.0,2.0,2.0,2.0,2.0,1.0,,2.0,,2.0,,1.0,175134.0,1.0,,2.0,,2.0,,2.0,,2.0,,2.0,,2.0,,2.0,,2.0,,2.0,,2.0,,2.0,,2.0,,2.0,,2.0,,2.0,,2.0,,2.0,,2.0,,2.0,,2.0,,2.0,,2.0,,2.0,,2.0,,1.0,,2.0,c,2.0,,2.0,,1.0,,2.0,,2.0,,2.0,,2.0,,2.0,,2.0,,2.0,,1.0,1.0,2.0,,2.0,,2.0,,2.0,,2.0,,2.0,,1.0,,1.0,,1.0,,1.0,24.0,24.0,1.0,24.0,24.0,1.0,24.0,24.0,1.0,24.0,24.0,BARLEY,,,WHEAT,,,MAIZE,0.0,54.0,0.0,0.0,0.0,28.0,0.0,0.0,136.0,136.0,0.0,0.0,0,0,0,0.0,BANJAR,36.0,kullu_kullu_village_amenities.csv
,HIMACHAL PRADESH,,Kullu,,Sainj,,Shangarh (3/9),,Banjar,2009,SAINJ,7.0,KULLU,55,BANJAR,36.0,YES,171.0,200.0,1064,567.0,497.0,356.0,184.0,172.0,0.0,0.0,0.0,2.0,0.0,2.0,0.0,1.0,KANDI KOT,,1.0,1.0,2.0,0.0,,,,1.0,1.0,2.0,0.0,,,,1.0,1.0,2.0,0.0,,,,2.0,0.0,2.0,0.0,1.0,BANJAR,,2.0,0.0,2.0,0.0,1.0,BANJAR,,2.0,0.0,2.0,0.0,1.0,HAMIRPUR,,2.0,0.0,2.0,0.0,1.0,SHIMLA,,2.0,0.0,2.0,0.0,1.0,SHIMLA,,2.0,0.0,2.0,0.0,1.0,HAMIRPUR,,2.0,0.0,2.0,0.0,1.0,RACHOLI,,2.0,0.0,2.0,0.0,1.0,KULLU,,2.0,0.0,2.0,0.0,1.0,MASHOBARA,,2.0,0.0,2.0,0.0,N.A.,,0.0,0.0,0.0,0.0,0.0,,0.0,0.0,0.0,0.0,0.0,,0.0,0.0,0.0,0.0,0.0,,0.0,0.0,0.0,0.0,0.0,,0.0,0.0,0.0,0.0,0.0,,0.0,0.0,0.0,0.0,0.0,,0.0,0.0,0.0,0.0,0.0,,1.0,0.0,0.0,0.0,0.0,,0.0,0.0,0.0,0.0,0.0,,0.0,0.0,0.0,0.0,0.0,,0.0,0.0,0.0,0.0,0.0,,0.0,0.0,0.0,0.0,0.0,0.0,0.0,0.0,0.0,1.0,1.0,1.0,2.0,,,2.0,,,2.0,,,2.0,,,2.0,2.0,,,2.0,,,2.0,,,2.0,,,2.0,1.0,2.0,2.0,2.0,1.0,2.0,2.0,2.0,2.0,2.0,2.0,2.0,2.0,2.0,1.0,,2.0,,2.0,,1.0,175134.0,2.0,,2.0,,2.0,,2.0,,2.0,,1.0,,2.0,,2.0,,2.0,,2.0,,2.0,,2.0,,2.0,,2.0,,2.0,,2.0,,2.0,,2.0,,1.0,,1.0,,2.0,,1.0,,2.0,,2.0,,2.0,,1.0,,2.0,c,2.0,,2.0,,2.0,,2.0,,2.0,,2.0,,2.0,,2.0,,2.0,,1.0,,1.0,1.0,2.0,,2.0,,2.0,,2.0,,2.0,,2.0,,2.0,,1.0,,1.0,,1.0,24.0,24.0,1.0,24.0,24.0,1.0,24.0,24.0,1.0,24.0,24.0,BARLEY,,,WHEAT,,,MAIZE,0.0,22.0,0.0,0.0,0.0,18.0,0.0,0.0,131.0,131.0,0.0,0.0,0,0,0,0.0,BANJAR,36.0,kullu_kullu_village_amenities.csv
,HIMACHAL PRADESH,,Kullu,,Sainj,,Lapah (3/8),,Banjar,2009,SAINJ,7.0,KULLU,55,BANJAR,36.0,YES,107.0,32.0,203,104.0,99.0,46.0,25.0,21.0,0.0,0.0,0.0,2.0,0.0,2.0,0.0,1.0,KANDI KOT,,1.0,2.0,2.0,0.0,,,,2.0,0.0,2.0,0.0,1.0,SHANGARH,,2.0,0.0,2.0,0.0,1.0,SAINJ,,2.0,0.0,2.0,0.0,1.0,SAINJ,,2.0,0.0,2.0,0.0,1.0,BANJAR,,2.0,0.0,2.0,0.0,1.0,HAMIRPUR,,2.0,0.0,2.0,0.0,1.0,SHIMLA,,2.0,0.0,2.0,0.0,1.0,SHIMLA,,2.0,0.0,2.0,0.0,1.0,SUNDER NAGAR,,2.0,0.0,2.0,0.0,1.0,RACHOLI,,2.0,0.0,2.0,0.0,1.0,KULLU,,2.0,0.0,2.0,0.0,1.0,MASHOBARA,,2.0,0.0,2.0,0.0,N.A.,,0.0,0.0,0.0,0.0,0.0,,0.0,0.0,0.0,0.0,0.0,,0.0,0.0,0.0,0.0,0.0,,0.0,0.0,0.0,0.0,0.0,,0.0,0.0,0.0,0.0,0.0,,0.0,0.0,0.0,0.0,0.0,,0.0,0.0,0.0,0.0,0.0,,0.0,0.0,0.0,0.0,0.0,,0.0,0.0,0.0,0.0,0.0,,0.0,0.0,0.0,0.0,0.0,,0.0,0.0,0.0,0.0,0.0,,0.0,0.0,0.0,0.0,0.0,0.0,0.0,0.0,0.0,1.0,1.0,1.0,2.0,,,2.0,,,2.0,,,2.0,,,2.0,2.0,,,2.0,,,2.0,,,2.0,,,2.0,1.0,2.0,2.0,2.0,1.0,2.0,1.0,2.0,2.0,2.0,2.0,2.0,2.0,2.0,1.0,,2.0,,2.0,,1.0,175134.0,2.0,,2.0,,2.0,,2.0,,2.0,,2.0,,2.0,,2.0,,2.0,,2.0,,2.0,,2.0,,2.0,,2.0,,2.0,,2.0,,2.0,,2.0,,2.0,,2.0,,2.0,,2.0,,2.0,,2.0,,2.0,,1.0,,2.0,c,2.0,,2.0,,2.0,,2.0,,2.0,,2.0,,2.0,,2.0,,2.0,,1.0,,1.0,1.0,2.0,,2.0,,2.0,,2.0,,2.0,,2.0,,2.0,,2.0,,2.0,,1.0,24.0,24.0,1.0,24.0,24.0,1.0,24.0,24.0,1.0,24.0,24.0,BARLEY,,,WHEAT,,,MAIZE,0.0,18.0,0.0,0.0,0.0,6.0,0.0,0.0,83.0,83.0,0.0,0.0,0,0,0,0.0,BANJAR,36.0,kullu_kullu_village_amenities.csv
,HIMACHAL PRADESH,,Kullu,,Banjar,,Shapnil (4/11),,Banjar,2009,BANJAR,16.0,KULLU,70,BANJAR,16.0,YES,75.0,91.0,485,245.0,240.0,5.0,3.0,2.0,0.0,0.0,0.0,2.0,0.0,2.0,0.0,1.0,KANDI KOT,,1.0,2.0,2.0,0.0,,,,2.0,0.0,2.0,0.0,1.0,KALWARI,,2.0,0.0,2.0,0.0,1.0,KALWARI,,2.0,0.0,2.0,0.0,1.0,BANJAR,,2.0,0.0,2.0,0.0,1.0,BANJAR,,2.0,0.0,2.0,0.0,1.0,SUNDER NAGAR,,2.0,0.0,2.0,0.0,1.0,SHIMLA,,2.0,0.0,2.0,0.0,2.0,MANDI,,2.0,0.0,2.0,0.0,1.0,SUNDER NAGAR,,2.0,0.0,2.0,0.0,1.0,SHAMSHI,,2.0,0.0,2.0,0.0,1.0,KULLU,,2.0,0.0,2.0,0.0,1.0,SUNDER NAGAR,,2.0,0.0,2.0,0.0,N.A.,,0.0,0.0,0.0,0.0,0.0,,0.0,0.0,0.0,0.0,0.0,,0.0,0.0,0.0,0.0,0.0,,0.0,0.0,0.0,0.0,0.0,,0.0,0.0,0.0,0.0,0.0,,0.0,0.0,0.0,0.0,0.0,,0.0,0.0,0.0,0.0,0.0,,0.0,0.0,0.0,0.0,0.0,,0.0,0.0,0.0,0.0,0.0,,0.0,0.0,0.0,0.0,0.0,,0.0,0.0,0.0,0.0,0.0,,0.0,0.0,0.0,0.0,0.0,0.0,0.0,0.0,0.0,1.0,1.0,1.0,2.0,,,2.0,,,2.0,,,2.0,,,2.0,2.0,,,1.0,1.0,1.0,2.0,,,2.0,,,2.0,2.0,1.0,2.0,2.0,2.0,2.0,2.0,2.0,2.0,2.0,2.0,2.0,2.0,1.0,2.0,,2.0,,2.0,,1.0,175123.0,2.0,,2.0,,2.0,,2.0,,2.0,,2.0,,2.0,,2.0,,2.0,,2.0,,2.0,,2.0,,2.0,,2.0,,2.0,,2.0,,2.0,,2.0,,2.0,,2.0,,2.0,,2.0,,2.0,,2.0,,2.0,,1.0,,2.0,c,2.0,,2.0,,2.0,,2.0,,1.0,,2.0,,2.0,,2.0,,2.0,,1.0,,1.0,1.0,2.0,,2.0,,2.0,,2.0,,2.0,,2.0,,2.0,,1.0,,2.0,,1.0,24.0,24.0,1.0,24.0,24.0,1.0,24.0,24.0,1.0,24.0,24.0,MAIZE,,,WHEAT,,,BARLEY,0.0,12.0,0.0,0.0,0.0,4.0,0.0,0.0,59.0,59.0,0.0,0.0,0,0,0,0.0,BANJAR,16.0,kullu_kullu_village_amenities.csv
,HIMACHAL PRADESH,,Kullu,,Banjar,,Siri Kot (4/10),,Banjar,2009,BANJAR,23.0,KULLU,78,BANJAR,23.0,YES,140.0,113.0,648,335.0,313.0,164.0,83.0,81.0,0.0,0.0,0.0,2.0,0.0,2.0,0.0,1.0,KANDI KOT,,1.0,2.0,2.0,0.0,,,,1.0,1.0,2.0,0.0,,,,2.0,0.0,2.0,0.0,1.0,BANJAR,,2.0,0.0,2.0,0.0,1.0,BANJAR,,2.0,0.0,2.0,0.0,1.0,BANJAR,,2.0,0.0,2.0,0.0,1.0,SUNDER NAGAR,,2.0,0.0,2.0,0.0,1.0,SHIMLA,,2.0,0.0,2.0,0.0,2.0,MANDI,,2.0,0.0,2.0,0.0,1.0,SUNDER NAGAR,,2.0,0.0,2.0,0.0,1.0,SHAMSHI,,2.0,0.0,2.0,0.0,1.0,KULLU,,2.0,0.0,2.0,0.0,1.0,SUNDER NAGAR,,2.0,0.0,2.0,0.0,N.A.,,0.0,0.0,0.0,0.0,0.0,,0.0,0.0,0.0,0.0,0.0,,0.0,0.0,0.0,0.0,0.0,,0.0,0.0,0.0,0.0,0.0,,0.0,0.0,0.0,0.0,0.0,,0.0,0.0,0.0,0.0,0.0,,0.0,0.0,0.0,0.0,0.0,,0.0,0.0,0.0,0.0,0.0,,0.0,0.0,0.0,0.0,0.0,,0.0,0.0,0.0,0.0,0.0,,0.0,0.0,0.0,0.0,0.0,,0.0,0.0,0.0,0.0,0.0,0.0,0.0,0.0,0.0,1.0,1.0,1.0,2.0,,,2.0,,,2.0,,,2.0,,,2.0,2.0,,,1.0,1.0,1.0,2.0,,,2.0,,,2.0,1.0,2.0,2.0,2.0,1.0,2.0,2.0,2.0,2.0,2.0,2.0,2.0,2.0,1.0,1.0,,2.0,,2.0,,1.0,175123.0,2.0,,2.0,,2.0,,2.0,,2.0,,2.0,,2.0,,2.0,,2.0,,2.0,,2.0,,2.0,,2.0,,2.0,,2.0,,2.0,,2.0,,2.0,,2.0,,2.0,,2.0,,2.0,,2.0,,2.0,,2.0,,1.0,,2.0,c,2.0,,2.0,,2.0,,2.0,,1.0,,2.0,,2.0,,2.0,,2.0,,2.0,,1.0,1.0,2.0,,2.0,,2.0,,2.0,,2.0,,2.0,,2.0,,1.0,,1.0,,1.0,24.0,24.0,1.0,24.0,24.0,1.0,24.0,24.0,1.0,24.0,24.0,MAIZE,,,WHEAT,,,BARLEY,0.0,16.0,0.0,0.0,0.0,17.0,0.0,0.0,107.0,107.0,0.0,0.0,0,0,0,0.0,BANJAR,23.0,kullu_kullu_village_amenities.csv
,HIMACHAL PRADESH,,Kullu,,Banjar,,Kalwari (4/12),,Banjar,2009,BANJAR,10.0,KULLU,65,BANJAR,10.0,YES,275.0,306.0,1539,805.0,734.0,560.0,305.0,255.0,0.0,0.0,0.0,2.0,0.0,2.0,0.0,1.0,KANDI KOT,,1.0,3.0,2.0,0.0,,,,1.0,3.0,2.0,0.0,,,,1.0,1.0,2.0,0.0,,,,1.0,1.0,2.0,0.0,,,,2.0,0.0,2.0,0.0,1.0,BANJAR,,2.0,0.0,2.0,0.0,1.0,SUNDER NAGAR,,2.0,0.0,2.0,0.0,1.0,SHIMLA,,2.0,0.0,2.0,0.0,2.0,MANDI,,2.0,0.0,2.0,0.0,1.0,SUNDER NAGAR,,2.0,0.0,2.0,0.0,1.0,SHAMSHI,,2.0,0.0,2.0,0.0,1.0,KULLU,,2.0,0.0,2.0,0.0,1.0,SUNDER NAGAR,,2.0,0.0,2.0,0.0,N.A.,,0.0,0.0,0.0,0.0,0.0,,0.0,0.0,0.0,0.0,0.0,,0.0,0.0,0.0,0.0,0.0,,0.0,0.0,0.0,0.0,0.0,,0.0,0.0,0.0,0.0,0.0,,0.0,0.0,0.0,0.0,0.0,,0.0,0.0,0.0,0.0,0.0,,0.0,0.0,0.0,0.0,0.0,,0.0,0.0,0.0,0.0,0.0,,0.0,0.0,0.0,0.0,0.0,,0.0,0.0,0.0,0.0,0.0,,0.0,0.0,0.0,0.0,0.0,0.0,0.0,0.0,0.0,1.0,1.0,1.0,2.0,,,2.0,,,2.0,,,2.0,,,2.0,2.0,,,2.0,,,2.0,,,2.0,,,2.0,2.0,1.0,2.0,2.0,1.0,2.0,2.0,2.0,2.0,2.0,2.0,2.0,2.0,1.0,1.0,,2.0,,2.0,,1.0,175123.0,2.0,,2.0,,1.0,,2.0,,2.0,,2.0,,2.0,,2.0,,2.0,,2.0,,2.0,,2.0,,2.0,,2.0,,2.0,,2.0,,2.0,,2.0,,2.0,,2.0,,1.0,,2.0,,2.0,,2.0,,2.0,,1.0,,2.0,b,2.0,,2.0,,1.0,,2.0,,2.0,,2.0,,2.0,,2.0,,2.0,,1.0,,1.0,1.0,2.0,,1.0,,2.0,,2.0,,2.0,,2.0,,2.0,,1.0,,1.0,,1.0,24.0,24.0,1.0,24.0,24.0,1.0,24.0,24.0,1.0,24.0,24.0,MAIZE,,,WHEAT,,,BARLEY,0.0,54.0,0.0,0.0,0.0,37.0,0.0,0.0,184.0,184.0,0.0,0.0,0,0,0,0.0,BANJAR,10.0,kullu_kullu_village_amenities.csv
,HIMACHAL PRADESH,,Kullu,,Banjar,,Deotha (5/14),,Banjar,2009,BANJAR,9.0,KULLU,64,BANJAR,9.0,YES,149.0,170.0,812,387.0,425.0,260.0,130.0,130.0,0.0,0.0,0.0,2.0,0.0,2.0,0.0,2.0,BANJAR,,1.0,2.0,2.0,0.0,,,,1.0,1.0,2.0,0.0,,,,2.0,0.0,2.0,0.0,1.0,CHANON,,2.0,0.0,2.0,0.0,1.0,CHANON,,2.0,0.0,2.0,0.0,1.0,BANJAR,,2.0,0.0,2.0,0.0,1.0,SUNDER NAGAR,,2.0,0.0,2.0,0.0,1.0,SHIMLA,,2.0,0.0,2.0,0.0,2.0,MANDI,,2.0,0.0,2.0,0.0,1.0,SUNDER NAGAR,,2.0,0.0,2.0,0.0,1.0,SHAMSHI,,2.0,0.0,2.0,0.0,1.0,KULLU,,2.0,0.0,2.0,0.0,1.0,SUNDER NAGAR,,2.0,0.0,2.0,0.0,N.A.,,0.0,0.0,0.0,0.0,0.0,,0.0,0.0,0.0,0.0,0.0,,0.0,0.0,0.0,0.0,0.0,,0.0,0.0,0.0,0.0,0.0,,0.0,0.0,0.0,0.0,0.0,,0.0,0.0,0.0,0.0,0.0,,0.0,0.0,0.0,0.0,0.0,,1.0,1.0,1.0,1.0,0.0,,1.0,1.0,1.0,0.0,0.0,,0.0,0.0,0.0,0.0,0.0,,0.0,0.0,0.0,0.0,0.0,,0.0,0.0,0.0,0.0,0.0,0.0,0.0,0.0,0.0,1.0,1.0,1.0,2.0,,,2.0,,,2.0,,,2.0,,,2.0,2.0,,,2.0,,,1.0,1.0,1.0,2.0,,,2.0,1.0,2.0,2.0,2.0,1.0,2.0,2.0,2.0,2.0,2.0,2.0,2.0,2.0,1.0,1.0,,1.0,,2.0,,1.0,175123.0,1.0,,2.0,,1.0,,2.0,,2.0,,1.0,,1.0,,2.0,,2.0,,1.0,,1.0,,2.0,,2.0,,2.0,,2.0,,2.0,,2.0,,2.0,,2.0,,2.0,,1.0,,2.0,,2.0,,1.0,,2.0,,1.0,,2.0,b,2.0,,2.0,,2.0,,2.0,,1.0,,2.0,,2.0,,2.0,,2.0,,1.0,,1.0,1.0,2.0,,1.0,,2.0,,2.0,,2.0,,2.0,,2.0,,1.0,,1.0,,1.0,24.0,24.0,1.0,24.0,24.0,1.0,24.0,24.0,1.0,24.0,24.0,MAIZE,,,WHEAT,,,BARLEY,0.0,0.0,18.0,0.0,0.0,15.0,0.0,0.0,116.0,116.0,0.0,0.0,0,0,0,0.0,BANJAR,9.0,kullu_kullu_village_amenities.csv
,HIMACHAL PRADESH,,Kullu,,Banjar,,Thani Char (5/15),,Banjar,2009,BANJAR,13.0,KULLU,64,BANJAR,13.0,YES,169.0,150.0,738,370.0,368.0,243.0,123.0,120.0,0.0,0.0,0.0,2.0,0.0,2.0,0.0,2.0,BANJAR,,1.0,2.0,2.0,0.0,,,,2.0,0.0,2.0,0.0,1.0,DEOTHA,,2.0,0.0,2.0,0.0,1.0,CHANON,,2.0,0.0,2.0,0.0,1.0,CHANON,,2.0,0.0,2.0,0.0,1.0,BANJAR,,2.0,0.0,2.0,0.0,1.0,SUNDER NAGAR,,2.0,0.0,2.0,0.0,1.0,SHIMLA,,2.0,0.0,2.0,0.0,2.0,MANDI,,2.0,0.0,2.0,0.0,1.0,SUNDER NAGAR,,2.0,0.0,2.0,0.0,1.0,SHAMSHI,,2.0,0.0,2.0,0.0,1.0,KULLU,,2.0,0.0,2.0,0.0,1.0,SUNDER NAGAR,,2.0,0.0,2.0,0.0,N.A.,,0.0,0.0,0.0,0.0,0.0,,0.0,0.0,0.0,0.0,0.0,,0.0,0.0,0.0,0.0,0.0,,0.0,0.0,0.0,0.0,0.0,,0.0,0.0,0.0,0.0,0.0,,0.0,0.0,0.0,0.0,0.0,,0.0,0.0,0.0,0.0,0.0,,1.0,1.0,1.0,0.0,0.0,,0.0,0.0,0.0,0.0,0.0,,0.0,0.0,0.0,0.0,0.0,,0.0,0.0,0.0,0.0,0.0,,0.0,0.0,0.0,0.0,0.0,0.0,0.0,0.0,0.0,1.0,1.0,1.0,2.0,,,2.0,,,2.0,,,2.0,,,2.0,1.0,1.0,1.0,1.0,1.0,1.0,2.0,,,1.0,1.0,1.0,2.0,2.0,1.0,2.0,2.0,2.0,2.0,2.0,2.0,2.0,2.0,2.0,2.0,2.0,1.0,1.0,,1.0,,2.0,,1.0,175123.0,1.0,,2.0,,1.0,,2.0,,2.0,,2.0,,2.0,,2.0,,2.0,,2.0,,2.0,,2.0,,2.0,,2.0,,2.0,,2.0,,2.0,,2.0,,2.0,,2.0,,1.0,,2.0,,2.0,,2.0,,2.0,,1.0,,2.0,c,2.0,,2.0,,2.0,,2.0,,2.0,,2.0,,2.0,,2.0,,2.0,,1.0,,1.0,1.0,2.0,,1.0,,2.0,,2.0,,2.0,,2.0,,2.0,,1.0,,2.0,,1.0,24.0,24.0,1.0,24.0,24.0,1.0,24.0,24.0,1.0,24.0,24.0,MAIZE,,,WHEAT,,,BARLEY,0.0,0.0,19.0,0.0,0.0,35.0,0.0,0.0,115.0,115.0,0.0,0.0,0,0,0,0.0,BANJAR,13.0,kullu_kullu_village_amenities.csv
,HIMACHAL PRADESH,,Kullu,,Banjar,,Chanon (5/19),,Banjar,2009,BANJAR,12.0,KULLU,62,BANJAR,12.0,YES,314.0,392.0,2103,1044.0,1059.0,995.0,485.0,510.0,0.0,0.0,0.0,2.0,0.0,2.0,0.0,2.0,BANJAR,,1.0,3.0,2.0,0.0,,,,1.0,1.0,2.0,0.0,,,,1.0,1.0,2.0,0.0,,,,1.0,1.0,2.0,0.0,,,,2.0,0.0,2.0,0.0,1.0,BANJAR,,2.0,0.0,2.0,0.0,1.0,SUNDER NAGAR,,2.0,0.0,2.0,0.0,1.0,SHIMLA,,2.0,0.0,2.0,0.0,2.0,MANDI,,2.0,0.0,2.0,0.0,1.0,SUNDER NAGAR,,2.0,0.0,2.0,0.0,1.0,SHAMSHI,,2.0,0.0,2.0,0.0,1.0,KULLU,,2.0,0.0,2.0,0.0,1.0,SUNDER NAGAR,,2.0,0.0,2.0,0.0,N.A.,,0.0,0.0,0.0,0.0,0.0,,0.0,0.0,0.0,0.0,0.0,,0.0,0.0,0.0,0.0,0.0,,0.0,0.0,0.0,0.0,0.0,,0.0,0.0,0.0,0.0,0.0,,0.0,0.0,0.0,0.0,0.0,,0.0,0.0,0.0,0.0,0.0,,1.0,1.0,1.0,0.0,0.0,,0.0,0.0,0.0,0.0,0.0,,0.0,0.0,0.0,0.0,0.0,,0.0,0.0,0.0,0.0,0.0,,0.0,0.0,0.0,0.0,0.0,0.0,0.0,0.0,0.0,1.0,1.0,1.0,2.0,,,2.0,,,2.0,,,2.0,,,2.0,1.0,1.0,1.0,2.0,,,2.0,,,2.0,,,2.0,1.0,2.0,2.0,2.0,1.0,2.0,1.0,2.0,2.0,2.0,2.0,2.0,2.0,1.0,1.0,,2.0,,2.0,,1.0,175123.0,1.0,,2.0,,1.0,,2.0,,2.0,,1.0,,2.0,,2.0,,2.0,,1.0,,1.0,,2.0,,2.0,,2.0,,2.0,,2.0,,2.0,,2.0,,2.0,,2.0,,1.0,,1.0,,2.0,,1.0,,2.0,,1.0,,2.0,c,2.0,,2.0,,2.0,,2.0,,1.0,,2.0,,2.0,,2.0,,2.0,,1.0,,1.0,1.0,2.0,,1.0,,2.0,,2.0,,2.0,,2.0,,2.0,,1.0,,1.0,,1.0,24.0,24.0,1.0,24.0,24.0,1.0,24.0,24.0,1.0,24.0,24.0,MAIZE,,,WHEAT,,,BARLEY,0.0,0.0,61.0,0.0,0.0,18.0,0.0,0.0,235.0,235.0,0.0,0.0,0,0,0,0.0,BANJAR,12.0,kullu_kullu_village_amenities.csv
,HIMACHAL PRADESH,,Kullu,,Banjar,,Palach (4/13),,Banjar,2009,BANJAR,15.0,KULLU,68,BANJAR,15.0,YES,362.7,456.0,2418,1230.0,1188.0,1189.0,601.0,588.0,0.0,0.0,0.0,2.0,0.0,2.0,0.0,2.0,BANJAR,,1.0,3.0,1.0,1.0,,,,1.0,1.0,2.0,0.0,,,,1.0,1.0,2.0,0.0,,,,2.0,0.0,2.0,0.0,1.0,BANJAR,,2.0,0.0,2.0,0.0,1.0,BANJAR,,2.0,0.0,2.0,0.0,1.0,SUNDER NAGAR,,2.0,0.0,2.0,0.0,1.0,SHIMLA,,2.0,0.0,2.0,0.0,2.0,MANDI,,2.0,0.0,2.0,0.0,1.0,SUNDER NAGAR,,2.0,0.0,2.0,0.0,1.0,SHAMSHI,,2.0,0.0,2.0,0.0,1.0,KULLU,,2.0,0.0,2.0,0.0,1.0,SUNDER NAGAR,,2.0,0.0,2.0,0.0,N.A.,,0.0,0.0,0.0,0.0,0.0,,0.0,0.0,0.0,0.0,0.0,,0.0,0.0,0.0,0.0,0.0,,0.0,0.0,0.0,0.0,0.0,,0.0,0.0,0.0,0.0,0.0,,0.0,0.0,0.0,0.0,0.0,,0.0,0.0,0.0,0.0,0.0,,1.0,0.0,0.0,0.0,0.0,,0.0,0.0,0.0,0.0,0.0,,0.0,0.0,0.0,0.0,0.0,,0.0,0.0,0.0,0.0,0.0,,0.0,0.0,0.0,0.0,0.0,0.0,0.0,0.0,0.0,1.0,1.0,1.0,2.0,,,2.0,,,2.0,,,1.0,1.0,1.0,2.0,1.0,1.0,1.0,2.0,,,2.0,,,2.0,,,2.0,2.0,1.0,2.0,2.0,2.0,2.0,2.0,2.0,2.0,2.0,2.0,2.0,2.0,1.0,1.0,,1.0,,2.0,,1.0,175123.0,2.0,,2.0,,2.0,,2.0,,2.0,,2.0,,2.0,,2.0,,2.0,,2.0,,2.0,,2.0,,2.0,,2.0,,2.0,,2.0,,2.0,,1.0,,1.0,,2.0,,1.0,,2.0,,2.0,,2.0,,2.0,,1.0,,2.0,c,2.0,,2.0,,2.0,,2.0,,1.0,,2.0,,2.0,,2.0,,2.0,,1.0,,1.0,1.0,2.0,,1.0,,2.0,,2.0,,2.0,,2.0,,1.0,,1.0,,1.0,,1.0,24.0,24.0,1.0,24.0,24.0,1.0,24.0,24.0,1.0,24.0,24.0,WHEAT,,,MAIZE,,,BARLEY,0.0,56.71,0.0,0.0,0.0,38.09,94.01,0.0,173.89,173.89,0.0,0.0,0,0,0,0.0,BANJAR,15.0,kullu_kullu_village_amenities.csv
,HIMACHAL PRADESH,,Kullu,,Banjar,,Sehuli (5/16),,Banjar,2009,BANJAR,25.0,KULLU,80,BANJAR,25.0,YES,100.29,130.0,690,349.0,341.0,40.0,20.0,20.0,0.0,0.0,0.0,2.0,0.0,2.0,0.0,2.0,BANJAR,,1.0,1.0,2.0,0.0,,,,1.0,1.0,2.0,0.0,,,,2.0,0.0,2.0,0.0,1.0,BHATIKHID,,2.0,0.0,2.0,0.0,1.0,BHATIKHID,,2.0,0.0,2.0,0.0,1.0,BANJAR,,2.0,0.0,2.0,0.0,1.0,SUNDER NAGAR,,2.0,0.0,2.0,0.0,1.0,SHIMLA,,2.0,0.0,2.0,0.0,2.0,MANDI,,2.0,0.0,2.0,0.0,1.0,SUNDER NAGAR,,2.0,0.0,2.0,0.0,1.0,SHAMSHI,,2.0,0.0,2.0,0.0,1.0,KULLU,,2.0,0.0,2.0,0.0,1.0,SUNDER NAGAR,,2.0,0.0,2.0,0.0,N.A.,,0.0,0.0,0.0,0.0,0.0,,0.0,0.0,0.0,0.0,0.0,,0.0,0.0,0.0,0.0,0.0,,0.0,0.0,0.0,0.0,0.0,,0.0,0.0,0.0,0.0,0.0,,0.0,0.0,0.0,0.0,0.0,,0.0,0.0,0.0,0.0,0.0,,1.0,1.0,1.0,1.0,0.0,,0.0,0.0,0.0,0.0,0.0,,0.0,0.0,0.0,0.0,0.0,,0.0,0.0,0.0,0.0,0.0,,0.0,0.0,0.0,0.0,0.0,0.0,0.0,0.0,0.0,1.0,2.0,2.0,2.0,,,2.0,,,2.0,,,2.0,,,2.0,1.0,1.0,1.0,2.0,,,2.0,,,2.0,,,2.0,2.0,1.0,2.0,2.0,2.0,2.0,1.0,2.0,2.0,2.0,2.0,2.0,2.0,1.0,1.0,,1.0,,2.0,,1.0,175123.0,1.0,,1.0,,1.0,,2.0,,2.0,,2.0,,2.0,,2.0,,2.0,,2.0,,2.0,,2.0,,2.0,,2.0,,2.0,,2.0,,2.0,,2.0,,2.0,,1.0,,1.0,,1.0,,2.0,,2.0,,2.0,,1.0,,2.0,c,2.0,,2.0,,1.0,,2.0,,1.0,,2.0,,2.0,,2.0,,2.0,,1.0,,1.0,1.0,2.0,,2.0,,2.0,,2.0,,2.0,,2.0,,2.0,,1.0,,2.0,,1.0,24.0,24.0,1.0,24.0,24.0,1.0,24.0,24.0,1.0,24.0,24.0,WHEAT,,,BARLEY,,,MAIZE,0.0,0.0,26.03,0.0,40.05,1.47,0.0,0.0,32.74,32.74,0.0,0.0,0,0,0,0.0,BANJAR,25.0,kullu_kullu_village_amenities.csv
,HIMACHAL PRADESH,,Kullu,,Banjar,,Jauri ( (5/17,,Banjar,2009,BANJAR,25.0,KULLU,80,BANJAR,25.0,YES,155.51,175.0,970,489.0,481.0,320.0,163.0,157.0,0.0,0.0,0.0,2.0,0.0,2.0,0.0,2.0,BANJAR,,1.0,3.0,2.0,0.0,,,,1.0,1.0,2.0,0.0,,,,2.0,0.0,2.0,0.0,1.0,KHID,,2.0,0.0,2.0,0.0,1.0,KHID,,2.0,0.0,2.0,0.0,1.0,BANJAR,,2.0,0.0,2.0,0.0,1.0,SUNDER NAGAR,,2.0,0.0,2.0,0.0,1.0,SHIMLA,,2.0,0.0,2.0,0.0,2.0,MANDI,,2.0,0.0,2.0,0.0,1.0,SUNDER NAGAR,,2.0,0.0,2.0,0.0,1.0,SHAMSHI,,2.0,0.0,2.0,0.0,1.0,KULLU,,2.0,0.0,2.0,0.0,1.0,SUNDER NAGAR,,2.0,0.0,2.0,0.0,N.A.,,0.0,0.0,0.0,0.0,0.0,,0.0,0.0,0.0,0.0,0.0,,0.0,0.0,0.0,0.0,0.0,,0.0,0.0,0.0,0.0,0.0,,0.0,0.0,0.0,0.0,0.0,,0.0,0.0,0.0,0.0,0.0,,0.0,0.0,0.0,0.0,0.0,,0.0,0.0,0.0,0.0,0.0,,0.0,0.0,0.0,0.0,0.0,,0.0,0.0,0.0,0.0,0.0,,0.0,0.0,0.0,0.0,0.0,,0.0,0.0,0.0,0.0,0.0,0.0,0.0,0.0,0.0,1.0,2.0,2.0,2.0,,,2.0,,,2.0,,,2.0,,,2.0,1.0,1.0,1.0,2.0,,,2.0,,,2.0,,,2.0,2.0,1.0,2.0,2.0,2.0,2.0,1.0,2.0,2.0,2.0,2.0,2.0,2.0,1.0,2.0,,2.0,,2.0,,1.0,175123.0,1.0,,1.0,,1.0,,2.0,,2.0,,2.0,,2.0,,2.0,,2.0,,2.0,,2.0,,2.0,,2.0,,2.0,,2.0,,2.0,,2.0,,2.0,,2.0,,2.0,,1.0,,1.0,,2.0,,2.0,,2.0,,1.0,,2.0,c,2.0,,2.0,,1.0,,2.0,,1.0,,2.0,,2.0,,2.0,,2.0,,1.0,,1.0,1.0,2.0,,2.0,,2.0,,2.0,,2.0,,2.0,,2.0,,1.0,,1.0,,1.0,24.0,24.0,1.0,24.0,24.0,1.0,24.0,24.0,1.0,24.0,24.0,WHEAT,,,BARLEY,,,MAIZE,0.0,0.0,20.96,0.0,39.43,2.35,0.0,0.0,92.77,92.77,0.0,0.0,0,0,0,0.0,BANJAR,25.0,kullu_kullu_village_amenities.csv
,HIMACHAL PRADESH,,Kullu,,Banjar,,Thati Bir (5/18),,Banjar,2009,BANJAR,15.0,KULLU,70,BANJAR,15.0,YES,167.57,300.0,1611,811.0,800.0,702.0,363.0,339.0,0.0,0.0,0.0,2.0,0.0,2.0,0.0,2.0,BANJAR,,1.0,3.0,2.0,0.0,,,,1.0,1.0,2.0,0.0,,,,1.0,1.0,2.0,0.0,,,,1.0,1.0,2.0,0.0,,,,2.0,0.0,2.0,0.0,1.0,BANJAR,,2.0,0.0,2.0,0.0,1.0,SUNDER NAGAR,,2.0,0.0,2.0,0.0,1.0,SHIMLA,,2.0,0.0,2.0,0.0,2.0,MANDI,,2.0,0.0,2.0,0.0,1.0,SUNDER NAGAR,,2.0,0.0,2.0,0.0,1.0,SHAMSHI,,2.0,0.0,2.0,0.0,1.0,KULLU,,2.0,0.0,2.0,0.0,1.0,SUNDER NAGAR,,2.0,0.0,2.0,0.0,N.A.,,0.0,0.0,0.0,0.0,0.0,,0.0,0.0,0.0,0.0,0.0,,1.0,1.0,0.0,1.0,0.0,,0.0,0.0,0.0,0.0,0.0,,0.0,0.0,0.0,0.0,0.0,,0.0,0.0,0.0,0.0,0.0,,0.0,0.0,0.0,0.0,0.0,,0.0,0.0,0.0,0.0,0.0,,0.0,0.0,0.0,0.0,0.0,,0.0,0.0,0.0,0.0,0.0,,0.0,0.0,0.0,0.0,0.0,,0.0,0.0,0.0,0.0,0.0,0.0,0.0,0.0,0.0,1.0,1.0,1.0,2.0,,,2.0,,,2.0,,,2.0,,,2.0,1.0,1.0,1.0,2.0,,,2.0,,,2.0,,,2.0,2.0,1.0,2.0,2.0,2.0,2.0,1.0,2.0,2.0,2.0,2.0,2.0,2.0,1.0,1.0,,1.0,,2.0,,1.0,175123.0,1.0,,1.0,,1.0,,2.0,,2.0,,1.0,,1.0,,2.0,,2.0,,2.0,,2.0,,2.0,,2.0,,2.0,,2.0,,2.0,,2.0,,1.0,,2.0,,2.0,,1.0,,1.0,,1.0,,2.0,,2.0,,1.0,,2.0,c,2.0,,2.0,,1.0,,2.0,,2.0,,2.0,,2.0,,2.0,,2.0,,1.0,,1.0,1.0,2.0,,1.0,,2.0,,2.0,,2.0,,2.0,,2.0,,1.0,,1.0,,1.0,24.0,24.0,1.0,24.0,24.0,1.0,24.0,24.0,1.0,24.0,24.0,WHEAT,,,,,,,0.0,0.0,32.95,0.0,31.59,1.88,0.0,0.0,101.15,101.15,0.0,0.0,0,0,0,0.0,BANJAR,15.0,kullu_kullu_village_amenities.csv
,HIMACHAL PRADESH,,Kullu,,Banjar,,Ratwah (6/21),,Banjar,2009,BANJAR,6.0,KULLU,49,BANJAR,6.0,YES,135.0,229.0,1082,541.0,541.0,236.0,108.0,128.0,8.0,5.0,3.0,2.0,0.0,2.0,0.0,2.0,BALI CHAUKI,,1.0,2.0,2.0,0.0,,,,1.0,1.0,2.0,0.0,,,,1.0,1.0,2.0,0.0,,,,2.0,0.0,2.0,0.0,1.0,BALI CHAUKI,,2.0,0.0,2.0,0.0,1.0,BANJAR,,2.0,0.0,2.0,0.0,1.0,SUNDER NAGAR,,2.0,0.0,2.0,0.0,1.0,SHIMLA,,2.0,0.0,2.0,0.0,2.0,MANDI,,2.0,0.0,2.0,0.0,1.0,SHAMSHI,,2.0,0.0,2.0,0.0,1.0,SHAMSHI,,2.0,0.0,2.0,0.0,1.0,KULLU,,2.0,0.0,2.0,0.0,1.0,SUNDER NAGAR,,2.0,0.0,2.0,0.0,N.A.,,0.0,0.0,0.0,0.0,0.0,,0.0,0.0,0.0,0.0,0.0,,1.0,1.0,1.0,1.0,0.0,,0.0,0.0,0.0,0.0,0.0,,0.0,0.0,0.0,0.0,0.0,,0.0,0.0,0.0,0.0,0.0,,0.0,0.0,0.0,0.0,0.0,,0.0,0.0,0.0,0.0,0.0,,1.0,1.0,1.0,0.0,0.0,,0.0,0.0,0.0,0.0,0.0,,0.0,0.0,0.0,0.0,0.0,,0.0,0.0,0.0,0.0,0.0,0.0,0.0,0.0,0.0,1.0,1.0,1.0,2.0,,,2.0,,,2.0,,,2.0,,,2.0,2.0,,,2.0,,,2.0,,,2.0,,,2.0,2.0,1.0,2.0,2.0,2.0,2.0,1.0,2.0,2.0,2.0,2.0,2.0,2.0,2.0,1.0,,1.0,,2.0,,1.0,175123.0,1.0,,1.0,,1.0,,2.0,,2.0,,1.0,,1.0,,2.0,,2.0,,2.0,,2.0,,2.0,,2.0,,2.0,,2.0,,2.0,,2.0,,1.0,,1.0,,1.0,,1.0,,2.0,,2.0,,1.0,,2.0,,1.0,,2.0,b,2.0,,2.0,,1.0,,2.0,,1.0,,2.0,,2.0,,2.0,,2.0,,1.0,,1.0,1.0,2.0,,2.0,,2.0,,2.0,,2.0,,2.0,,2.0,,2.0,,1.0,,1.0,24.0,24.0,1.0,24.0,24.0,1.0,24.0,24.0,1.0,24.0,24.0,MAIZE,,,BARLEY,,,WHEAT,0.0,0.0,17.1,0.0,28.56,4.23,0.0,0.0,85.11,85.11,0.0,0.0,0,0,0,0.0,BANJAR,6.0,kullu_kullu_village_amenities.csv
,HIMACHAL PRADESH,,Kullu,,Banjar,,Tarangali (6/20),,Banjar,2009,BANJAR,5.0,KULLU,50,BANJAR,5.0,YES,155.0,279.0,1253,625.0,628.0,558.0,276.0,282.0,0.0,0.0,0.0,2.0,0.0,2.0,0.0,2.0,BALI CHAUKI,,1.0,1.0,1.0,1.0,,,,2.0,0.0,2.0,0.0,1.0,RATWAH,,2.0,0.0,2.0,0.0,1.0,RATWAH,,2.0,0.0,2.0,0.0,1.0,BALI CAUKI,,2.0,0.0,2.0,0.0,1.0,BANJAR,,2.0,0.0,2.0,0.0,1.0,SUNDER NAGAR,,2.0,0.0,2.0,0.0,1.0,SHIMLA,,2.0,0.0,2.0,0.0,1.0,MANDI,,2.0,0.0,2.0,0.0,1.0,SHAMSHI,,2.0,0.0,2.0,0.0,1.0,SHAMSHI,,2.0,0.0,2.0,0.0,2.0,KULLU,,2.0,0.0,2.0,0.0,1.0,SUNDER NAGAR,,2.0,0.0,2.0,0.0,N.A.,,0.0,0.0,0.0,0.0,0.0,,0.0,0.0,0.0,0.0,0.0,,0.0,0.0,0.0,0.0,0.0,,0.0,0.0,0.0,0.0,0.0,,0.0,0.0,0.0,0.0,0.0,,0.0,0.0,0.0,0.0,0.0,,0.0,0.0,0.0,0.0,0.0,,0.0,0.0,0.0,0.0,0.0,,0.0,0.0,0.0,0.0,0.0,,0.0,0.0,0.0,0.0,0.0,,0.0,0.0,0.0,0.0,0.0,,0.0,0.0,0.0,0.0,0.0,0.0,0.0,0.0,0.0,1.0,1.0,1.0,2.0,,,2.0,,,2.0,,,1.0,1.0,1.0,2.0,2.0,,,1.0,1.0,1.0,2.0,,,2.0,,,2.0,2.0,1.0,2.0,2.0,2.0,2.0,2.0,2.0,2.0,2.0,2.0,2.0,2.0,2.0,2.0,,2.0,,2.0,,1.0,175123.0,2.0,,2.0,,1.0,,2.0,,2.0,,1.0,,2.0,,2.0,,2.0,,2.0,,2.0,,2.0,,2.0,,2.0,,2.0,,2.0,,2.0,,1.0,,1.0,,1.0,,1.0,,2.0,,2.0,,1.0,,2.0,,1.0,,2.0,b,2.0,,2.0,,2.0,,2.0,,1.0,,2.0,,2.0,,2.0,,2.0,,1.0,,1.0,1.0,2.0,,1.0,,2.0,,2.0,,2.0,,2.0,,2.0,,1.0,,1.0,,1.0,24.0,24.0,1.0,24.0,24.0,1.0,24.0,24.0,1.0,24.0,24.0,WHEAT,,,BARLEY,,,MAIZE,0.0,48.0,0.0,0.0,0.0,23.0,0.0,0.0,84.0,84.0,0.0,0.0,0,0,0,0.0,BANJAR,5.0,kullu_kullu_village_amenities.csv
,HIMACHAL PRADESH,,Kullu,,Banjar,,Bala Gad (7/23),,Banjar,2009,BANJAR,1.0,KULLU,55,BANJAR,1.0,YES,460.0,620.0,3006,1538.0,1468.0,776.0,389.0,387.0,0.0,0.0,0.0,2.0,0.0,2.0,0.0,2.0,BANJAR,,1.0,5.0,2.0,0.0,,,,1.0,2.0,2.0,0.0,,,,2.0,0.0,2.0,0.0,1.0,BANJAR,,2.0,0.0,2.0,0.0,1.0,BANJAR,,2.0,0.0,2.0,0.0,1.0,BANJAR,,2.0,0.0,2.0,0.0,1.0,SUNDER NAGAR,,2.0,0.0,2.0,0.0,1.0,SHIMLA,,2.0,0.0,2.0,0.0,1.0,MANDI,,2.0,0.0,2.0,0.0,1.0,SHAMSHI,,2.0,0.0,2.0,0.0,1.0,SHAMSHI,,2.0,0.0,2.0,0.0,2.0,KULLU,,2.0,0.0,2.0,0.0,1.0,SUNDER NAGAR,,2.0,0.0,2.0,0.0,N.A.,,0.0,0.0,0.0,0.0,0.0,,1.0,1.0,0.0,1.0,0.0,,0.0,0.0,0.0,0.0,0.0,,1.0,0.0,0.0,0.0,0.0,,0.0,0.0,0.0,0.0,0.0,,0.0,0.0,0.0,0.0,0.0,,0.0,0.0,0.0,0.0,0.0,,1.0,1.0,1.0,0.0,0.0,,0.0,0.0,0.0,0.0,0.0,,0.0,0.0,0.0,0.0,0.0,,0.0,0.0,0.0,0.0,0.0,,0.0,0.0,0.0,0.0,0.0,0.0,0.0,0.0,0.0,1.0,1.0,1.0,2.0,,,2.0,,,2.0,,,1.0,1.0,1.0,2.0,2.0,,,2.0,,,2.0,,,2.0,,,2.0,2.0,1.0,2.0,2.0,2.0,2.0,1.0,2.0,2.0,2.0,2.0,2.0,2.0,2.0,2.0,,2.0,,2.0,,1.0,175123.0,1.0,,1.0,,1.0,,2.0,,2.0,,1.0,,1.0,,2.0,,2.0,,2.0,,2.0,,2.0,,2.0,,2.0,,2.0,,2.0,,2.0,,1.0,,1.0,,1.0,,1.0,,1.0,,1.0,,1.0,,2.0,,1.0,,2.0,a,2.0,,2.0,,2.0,,2.0,,1.0,,1.0,,2.0,,2.0,,1.0,,1.0,,1.0,1.0,2.0,,1.0,,2.0,,2.0,,2.0,,2.0,,1.0,,1.0,,1.0,,1.0,24.0,24.0,1.0,24.0,24.0,1.0,24.0,24.0,1.0,24.0,24.0,MAIZE,,,WHEAT,,,BARLEY,0.0,62.42,0.0,0.0,20.75,7.24,0.0,0.0,369.59,369.59,0.0,0.0,0,0,0,0.0,BANJAR,1.0,kullu_kullu_village_amenities.csv
,HIMACHAL PRADESH,,Kullu,,Banjar,,Bahu (9/27),,Banjar,2009,BANJAR,12.0,KULLU,60,BANJAR,12.0,YES,167.9,210.0,1033,503.0,530.0,78.0,40.0,38.0,0.0,0.0,0.0,2.0,0.0,2.0,0.0,2.0,BANJAR,,1.0,2.0,2.0,0.0,,,,1.0,1.0,2.0,0.0,,,,2.0,0.0,2.0,0.0,1.0,BANJAR,,2.0,0.0,2.0,0.0,1.0,BANJAR,,2.0,0.0,2.0,0.0,1.0,BANJAR,,2.0,0.0,2.0,0.0,1.0,SUNDER NAGAR,,2.0,0.0,2.0,0.0,1.0,SHIMLA,,2.0,0.0,2.0,0.0,1.0,MANDI,,2.0,0.0,2.0,0.0,1.0,SHAMSHI,,2.0,0.0,2.0,0.0,1.0,SHAMSHI,,2.0,0.0,2.0,0.0,2.0,KULLU,,2.0,0.0,2.0,0.0,1.0,SUNDER NAGAR,,2.0,0.0,2.0,0.0,N.A.,,0.0,0.0,0.0,0.0,0.0,,0.0,0.0,0.0,0.0,0.0,,1.0,1.0,0.0,1.0,0.0,,1.0,2.0,2.0,3.0,2.0,,0.0,0.0,0.0,0.0,0.0,,0.0,0.0,0.0,0.0,0.0,,0.0,0.0,0.0,0.0,0.0,,1.0,0.0,0.0,1.0,1.0,,0.0,0.0,0.0,0.0,0.0,,0.0,0.0,0.0,0.0,0.0,,0.0,0.0,0.0,0.0,0.0,,0.0,0.0,0.0,0.0,0.0,0.0,0.0,0.0,0.0,1.0,1.0,1.0,2.0,,,2.0,,,2.0,,,2.0,,,2.0,2.0,,,2.0,,,2.0,,,2.0,,,2.0,2.0,1.0,2.0,2.0,2.0,2.0,1.0,2.0,2.0,2.0,2.0,2.0,2.0,2.0,1.0,,1.0,,2.0,,1.0,175123.0,1.0,,1.0,,1.0,,2.0,,2.0,,1.0,,1.0,,2.0,,2.0,,2.0,,2.0,,2.0,,2.0,,2.0,,2.0,,2.0,,2.0,,1.0,,1.0,,1.0,,1.0,,1.0,,1.0,,1.0,,2.0,,1.0,,2.0,c,2.0,,2.0,,2.0,,2.0,,1.0,,2.0,,2.0,,2.0,,1.0,,1.0,,1.0,1.0,2.0,,1.0,,2.0,,2.0,,2.0,,2.0,,1.0,,1.0,,1.0,,1.0,24.0,24.0,1.0,24.0,24.0,1.0,24.0,24.0,1.0,24.0,24.0,MAIZE,,,WHEAT,,,BARLEY,0.0,12.13,0.0,0.0,7.24,7.24,0.0,0.0,141.29,141.29,0.0,0.0,0,0,0,0.0,BANJAR,12.0,kullu_kullu_village_amenities.csv
,HIMACHAL PRADESH,,Kullu,,Banjar,,Chethar (7/22),,Banjar,2009,BANJAR,12.0,KULLU,65,BANJAR,12.0,YES,110.8,166.0,854,432.0,422.0,19.0,12.0,7.0,1.0,1.0,0.0,2.0,0.0,2.0,0.0,2.0,BANJAR,,1.0,2.0,2.0,0.0,,,,1.0,1.0,2.0,0.0,,,,2.0,0.0,2.0,0.0,1.0,PUJALI,,2.0,0.0,2.0,0.0,1.0,PUJALI,,2.0,0.0,2.0,0.0,1.0,BANJAR,,2.0,0.0,2.0,0.0,2.0,SUNDER NAGAR,,2.0,0.0,2.0,0.0,1.0,SHIMLA,,2.0,0.0,2.0,0.0,2.0,MANDI,,2.0,0.0,2.0,0.0,1.0,SHAMSHI,,2.0,0.0,2.0,0.0,1.0,SHAMSHI,,2.0,0.0,2.0,0.0,1.0,KULLU,,2.0,0.0,2.0,0.0,1.0,SUNDER NAGAR,,2.0,0.0,2.0,0.0,N.A.,,0.0,0.0,0.0,0.0,0.0,,0.0,0.0,0.0,0.0,0.0,,1.0,1.0,0.0,1.0,0.0,,0.0,0.0,0.0,0.0,0.0,,0.0,0.0,0.0,0.0,0.0,,0.0,0.0,0.0,0.0,0.0,,0.0,0.0,0.0,0.0,0.0,,0.0,0.0,0.0,0.0,0.0,,0.0,0.0,0.0,0.0,0.0,,0.0,0.0,0.0,0.0,0.0,,0.0,0.0,0.0,0.0,0.0,,0.0,0.0,0.0,0.0,0.0,0.0,0.0,0.0,0.0,1.0,1.0,1.0,2.0,,,2.0,,,2.0,,,1.0,2.0,2.0,2.0,2.0,,,2.0,,,2.0,,,2.0,,,2.0,2.0,1.0,2.0,2.0,2.0,2.0,1.0,2.0,2.0,2.0,2.0,2.0,2.0,2.0,1.0,,1.0,,2.0,,1.0,175123.0,2.0,,2.0,,1.0,,2.0,,2.0,,1.0,,1.0,,2.0,,2.0,,2.0,,2.0,,2.0,,2.0,,2.0,,2.0,,2.0,,2.0,,2.0,,2.0,,1.0,,2.0,,1.0,,2.0,,2.0,,2.0,,1.0,,2.0,c,2.0,,2.0,,2.0,,2.0,,1.0,,2.0,,2.0,,2.0,,2.0,,1.0,,1.0,1.0,2.0,,2.0,,2.0,,2.0,,2.0,,2.0,,2.0,,1.0,,1.0,,1.0,24.0,24.0,1.0,24.0,24.0,1.0,24.0,24.0,1.0,24.0,24.0,MAIZE,,,WHEAT,,,BARLEY,0.0,0.0,24.25,0.0,0.51,0.38,0.0,0.0,85.66,85.66,0.0,0.0,0,0,0,0.0,BANJAR,12.0,kullu_kullu_village_amenities.csv
,HIMACHAL PRADESH,,Kullu,,Banjar,,Khabal (8/24),,Banjar,2009,BANJAR,17.0,KULLU,70,BANJAR,17.0,YES,221.07,342.0,1882,979.0,903.0,554.0,279.0,275.0,0.0,0.0,0.0,2.0,0.0,2.0,0.0,2.0,BANJAR,,1.0,3.0,2.0,0.0,,,,1.0,1.0,2.0,0.0,,,,1.0,1.0,2.0,0.0,,,,1.0,1.0,2.0,0.0,,,,2.0,0.0,2.0,0.0,1.0,BANJAR,,2.0,0.0,2.0,0.0,1.0,SUNDER NAGAR,,2.0,0.0,2.0,0.0,1.0,SHIMLA,,2.0,0.0,2.0,0.0,2.0,MANDI,,2.0,0.0,2.0,0.0,1.0,SUNDER NAGAR,,2.0,0.0,2.0,0.0,1.0,SHAMSHI,,2.0,0.0,2.0,0.0,1.0,KULLU,,2.0,0.0,2.0,0.0,1.0,SUNDER NAGAR,,2.0,0.0,2.0,0.0,N.A.,,0.0,0.0,0.0,0.0,0.0,,0.0,0.0,0.0,0.0,0.0,,1.0,1.0,0.0,1.0,0.0,,0.0,0.0,0.0,0.0,0.0,,0.0,0.0,0.0,0.0,0.0,,0.0,0.0,0.0,0.0,0.0,,0.0,0.0,0.0,0.0,0.0,,0.0,0.0,0.0,0.0,0.0,,0.0,0.0,0.0,0.0,0.0,,0.0,0.0,0.0,0.0,0.0,,0.0,0.0,0.0,0.0,0.0,,0.0,0.0,0.0,0.0,0.0,0.0,0.0,0.0,0.0,1.0,1.0,1.0,2.0,,,2.0,,,1.0,1.0,1.0,2.0,,,2.0,1.0,1.0,1.0,1.0,1.0,1.0,2.0,,,2.0,,,2.0,2.0,1.0,2.0,2.0,2.0,2.0,1.0,2.0,2.0,2.0,2.0,2.0,2.0,1.0,1.0,,1.0,,2.0,,1.0,175123.0,1.0,,2.0,,1.0,,2.0,,2.0,,1.0,,1.0,,2.0,,2.0,,2.0,,2.0,,2.0,,2.0,,2.0,,2.0,,2.0,,2.0,,2.0,,2.0,,1.0,,2.0,,1.0,,2.0,,2.0,,2.0,,1.0,,2.0,c,2.0,,2.0,,1.0,,2.0,,1.0,,2.0,,2.0,,2.0,,2.0,,1.0,,1.0,1.0,2.0,,1.0,,2.0,,2.0,,2.0,,2.0,,2.0,,1.0,,1.0,,1.0,24.0,24.0,1.0,24.0,24.0,1.0,24.0,24.0,1.0,24.0,24.0,WHEAT,,,BARLEY,,,,0.0,0.0,33.93,0.0,0.88,2.62,0.0,0.0,183.64,183.64,0.0,0.0,0,0,0,0.0,BANJAR,17.0,kullu_kullu_village_amenities.csv
,HIMACHAL PRADESH,,Kullu,,Banjar,,Mohni (8/25),,Banjar,2009,BANJAR,20.0,KULLU,80,BANJAR,20.0,YES,211.0,345.0,1673,861.0,812.0,208.0,101.0,107.0,0.0,0.0,0.0,2.0,0.0,2.0,0.0,2.0,BANJAR,,1.0,3.0,2.0,0.0,,,,1.0,1.0,2.0,0.0,,,,1.0,1.0,2.0,0.0,,,,2.0,0.0,2.0,0.0,1.0,BIR,,2.0,0.0,2.0,0.0,1.0,BANJAR,,2.0,0.0,2.0,0.0,1.0,SUNDER NAGAR,,2.0,0.0,2.0,0.0,1.0,SHIMLA,,2.0,0.0,2.0,0.0,2.0,MANDI,,2.0,0.0,2.0,0.0,1.0,SUNDER NAGAR,,2.0,0.0,2.0,0.0,1.0,SHAMSHI,,2.0,0.0,2.0,0.0,1.0,KULLU,,2.0,0.0,2.0,0.0,1.0,SUNDER NAGAR,,2.0,0.0,2.0,0.0,N.A.,,0.0,0.0,0.0,0.0,0.0,,0.0,0.0,0.0,0.0,0.0,,0.0,0.0,0.0,0.0,0.0,,0.0,0.0,0.0,0.0,0.0,,0.0,0.0,0.0,0.0,0.0,,0.0,0.0,0.0,0.0,0.0,,0.0,0.0,0.0,0.0,0.0,,1.0,0.0,0.0,0.0,0.0,,0.0,0.0,0.0,0.0,0.0,,0.0,0.0,0.0,0.0,0.0,,0.0,0.0,0.0,0.0,0.0,,0.0,0.0,0.0,0.0,0.0,0.0,0.0,0.0,0.0,1.0,1.0,1.0,2.0,,,2.0,,,2.0,,,2.0,,,2.0,2.0,,,1.0,1.0,1.0,2.0,,,2.0,,,2.0,1.0,2.0,2.0,2.0,1.0,2.0,2.0,2.0,2.0,2.0,2.0,2.0,2.0,1.0,1.0,,1.0,,1.0,,1.0,175123.0,1.0,,2.0,,1.0,,2.0,,2.0,,1.0,,2.0,,2.0,,2.0,,2.0,,2.0,,2.0,,2.0,,2.0,,2.0,,2.0,,2.0,,2.0,,1.0,,1.0,,1.0,,1.0,,1.0,,2.0,,2.0,,1.0,,2.0,c,2.0,,2.0,,2.0,,2.0,,1.0,,1.0,,2.0,,2.0,,1.0,,1.0,,1.0,1.0,2.0,,2.0,,2.0,,2.0,,2.0,,2.0,,1.0,,1.0,,1.0,,1.0,24.0,24.0,1.0,24.0,24.0,1.0,24.0,24.0,1.0,24.0,24.0,WHEAT,,,BARLEY,,,MAIZE,0.0,34.0,0.0,5.0,0.0,0.0,0.0,0.0,172.0,172.0,0.0,0.0,0,0,0,0.0,BANJAR,20.0,kullu_kullu_village_amenities.csv
,HIMACHAL PRADESH,,Kullu,,Banjar,,Seraj (8/26),,Banjar,2009,BANJAR,30.0,KULLU,85,BANJAR,30.0,YES,307.53,482.0,2439,1273.0,1166.0,658.0,350.0,308.0,0.0,0.0,0.0,2.0,0.0,2.0,0.0,2.0,BANJAR,,1.0,2.0,1.0,2.0,,,,1.0,1.0,2.0,0.0,,,,1.0,1.0,2.0,0.0,,,,2.0,0.0,2.0,0.0,1.0,BIR,,2.0,0.0,2.0,0.0,1.0,BANJAR,,2.0,0.0,2.0,0.0,1.0,SUNDER NAGAR,,2.0,0.0,2.0,0.0,1.0,SHIMLA,,2.0,0.0,2.0,0.0,2.0,MANDI,,2.0,0.0,2.0,0.0,1.0,SUNDER NAGAR,,2.0,0.0,2.0,0.0,1.0,SHAMSHI,,2.0,0.0,2.0,0.0,1.0,KULLU,,2.0,0.0,2.0,0.0,1.0,SUNDER NAGAR,,2.0,0.0,2.0,0.0,N.A.,,0.0,0.0,0.0,0.0,0.0,,0.0,0.0,0.0,0.0,0.0,,0.0,0.0,0.0,0.0,0.0,,0.0,0.0,0.0,0.0,0.0,,0.0,0.0,0.0,0.0,0.0,,0.0,0.0,0.0,0.0,0.0,,0.0,0.0,0.0,0.0,0.0,,0.0,0.0,0.0,0.0,0.0,,0.0,0.0,0.0,0.0,0.0,,0.0,0.0,0.0,0.0,0.0,,0.0,0.0,0.0,0.0,0.0,,0.0,0.0,0.0,0.0,0.0,0.0,0.0,0.0,0.0,1.0,1.0,1.0,2.0,,,2.0,,,2.0,,,2.0,,,2.0,1.0,2.0,2.0,1.0,1.0,1.0,2.0,,,2.0,,,2.0,1.0,2.0,2.0,2.0,1.0,2.0,1.0,2.0,2.0,2.0,2.0,2.0,2.0,1.0,1.0,,2.0,,2.0,,1.0,175123.0,1.0,,2.0,,1.0,,2.0,,2.0,,1.0,,1.0,,2.0,,2.0,,2.0,,2.0,,1.0,,2.0,,2.0,,2.0,,2.0,,2.0,,2.0,,2.0,,1.0,,1.0,,1.0,,1.0,,1.0,,2.0,,1.0,,2.0,c,2.0,,2.0,,1.0,,2.0,,1.0,,2.0,,2.0,,2.0,,2.0,,1.0,,1.0,1.0,2.0,,2.0,,2.0,,2.0,,2.0,,2.0,,1.0,,1.0,,1.0,,1.0,24.0,24.0,1.0,24.0,24.0,1.0,24.0,24.0,1.0,24.0,24.0,WHEAT,,,BARLEY,,,MAIZE,0.0,52.6,0.0,0.0,0.0,37.42,0.0,0.0,217.51,217.51,0.0,0.0,0,0,0,0.0,BANJAR,30.0,kullu_kullu_village_amenities.csv
,HIMACHAL PRADESH,,Kullu,,Banjar,,Karshai Gad-II (23/72),,Banjar,2009,BANJAR,30.0,KULLU,85,BANJAR,30.0,YES,15.13,64.0,344,172.0,172.0,0.0,0.0,0.0,0.0,0.0,0.0,2.0,0.0,2.0,0.0,2.0,BANJAR,,1.0,1.0,2.0,0.0,,,,2.0,0.0,2.0,0.0,1.0,SERAJ,,2.0,0.0,2.0,0.0,1.0,SERAJ,,2.0,0.0,2.0,0.0,1.0,BANJAR,,2.0,0.0,2.0,0.0,1.0,BANJAR,,2.0,0.0,2.0,0.0,1.0,SUNDER NAGAR,,2.0,0.0,2.0,0.0,1.0,SHIMLA,,2.0,0.0,2.0,0.0,2.0,MANDI,,2.0,0.0,2.0,0.0,1.0,KULLU,,2.0,0.0,2.0,0.0,1.0,SHAMSHI,,2.0,0.0,2.0,0.0,1.0,KULLU,,2.0,0.0,2.0,0.0,1.0,SUNDER NAGAR,,2.0,0.0,2.0,0.0,N.A.,,0.0,0.0,0.0,0.0,0.0,,0.0,0.0,0.0,0.0,0.0,,0.0,0.0,0.0,0.0,0.0,,0.0,0.0,0.0,0.0,0.0,,0.0,0.0,0.0,0.0,0.0,,0.0,0.0,0.0,0.0,0.0,,0.0,0.0,0.0,0.0,0.0,,0.0,0.0,0.0,0.0,0.0,,0.0,0.0,0.0,0.0,0.0,,0.0,0.0,0.0,0.0,0.0,,0.0,0.0,0.0,0.0,0.0,,0.0,0.0,0.0,0.0,0.0,0.0,0.0,0.0,0.0,1.0,1.0,1.0,2.0,,,2.0,,,2.0,,,2.0,,,2.0,1.0,2.0,2.0,2.0,,,2.0,,,1.0,1.0,1.0,2.0,1.0,2.0,2.0,2.0,1.0,2.0,2.0,2.0,2.0,2.0,2.0,2.0,2.0,1.0,2.0,,2.0,,2.0,,1.0,175123.0,1.0,,2.0,,1.0,,2.0,,2.0,,2.0,,2.0,,2.0,,2.0,,2.0,,2.0,,2.0,,2.0,,2.0,,2.0,,2.0,,2.0,,2.0,,2.0,,2.0,,1.0,,1.0,,2.0,,2.0,,2.0,,1.0,,2.0,c,2.0,,2.0,,2.0,,2.0,,2.0,,2.0,,2.0,,2.0,,2.0,,1.0,,1.0,1.0,2.0,,2.0,,2.0,,2.0,,2.0,,2.0,,2.0,,2.0,,2.0,,1.0,24.0,24.0,1.0,24.0,24.0,1.0,24.0,24.0,1.0,24.0,24.0,BARLEY,,,MAIZE,,,WHEAT,0.0,0.6,0.0,0.0,0.0,2.02,0.0,0.0,12.51,12.51,0.0,0.0,0,0,0,0.0,BANJAR,30.0,kullu_kullu_village_amenities.csv
,HIMACHAL PRADESH,,Kullu,,Banjar,,Tandi (9/28),,Banjar,2009,BANJAR,18.0,KULLU,80,BANJAR,18.0,YES,211.0,295.0,1479,775.0,704.0,346.0,199.0,147.0,1.0,0.0,1.0,2.0,0.0,2.0,0.0,2.0,BANJAR,,1.0,2.0,2.0,0.0,,,,2.0,0.0,2.0,0.0,1.0,JIMI,,2.0,0.0,2.0,0.0,1.0,JIMI,,2.0,0.0,2.0,0.0,1.0,BANJAR,,2.0,0.0,2.0,0.0,1.0,BANJAR,,2.0,0.0,2.0,0.0,1.0,SUNDER NAGAR,,2.0,0.0,2.0,0.0,1.0,SHIMLA,,2.0,0.0,2.0,0.0,2.0,MANDI,,2.0,0.0,2.0,0.0,1.0,SUNDER NAGAR,,2.0,0.0,2.0,0.0,1.0,SHAMSHI,,2.0,0.0,2.0,0.0,1.0,KULLU,,2.0,0.0,2.0,0.0,1.0,SUNDER NAGAR,,2.0,0.0,2.0,0.0,N.A.,,0.0,0.0,0.0,0.0,0.0,,0.0,0.0,0.0,0.0,0.0,,0.0,0.0,0.0,0.0,0.0,,0.0,0.0,0.0,0.0,0.0,,0.0,0.0,0.0,0.0,0.0,,0.0,0.0,0.0,0.0,0.0,,0.0,0.0,0.0,0.0,0.0,,1.0,1.0,1.0,2.0,2.0,,0.0,0.0,0.0,0.0,0.0,,0.0,0.0,0.0,0.0,0.0,,0.0,0.0,0.0,0.0,0.0,,0.0,0.0,0.0,0.0,1.0,0.0,0.0,0.0,0.0,1.0,1.0,1.0,2.0,,,2.0,,,2.0,,,2.0,,,2.0,2.0,,,1.0,1.0,1.0,2.0,,,1.0,1.0,1.0,2.0,1.0,2.0,2.0,2.0,1.0,2.0,2.0,2.0,2.0,2.0,2.0,2.0,2.0,1.0,1.0,,1.0,,2.0,,1.0,175123.0,1.0,,2.0,,1.0,,2.0,,2.0,,1.0,,2.0,,2.0,,2.0,,2.0,,2.0,,2.0,,2.0,,2.0,,2.0,,2.0,,2.0,,1.0,,2.0,,2.0,,1.0,,2.0,,1.0,,2.0,,2.0,,1.0,,2.0,c,2.0,,2.0,,2.0,,2.0,,1.0,,2.0,,2.0,,2.0,,2.0,,1.0,,1.0,1.0,2.0,,2.0,,2.0,,2.0,,2.0,,2.0,,2.0,,2.0,,1.0,,1.0,24.0,24.0,1.0,24.0,24.0,1.0,24.0,24.0,1.0,24.0,24.0,MAIZE,,,BARLEY,,,WHEAT,0.0,60.0,0.0,22.0,0.0,0.0,0.0,0.0,129.0,129.0,0.0,0.0,0,0,0,0.0,BANJAR,18.0,kullu_kullu_village_amenities.csv
,HIMACHAL PRADESH,,Kullu,,Banjar,,Sajwar (10/29),,Banjar,2009,BANJAR,20.0,KULLU,72,BANJAR,20.0,YES,155.0,200.0,1079,556.0,523.0,265.0,137.0,128.0,0.0,0.0,0.0,2.0,0.0,2.0,0.0,2.0,BANJAR,,1.0,3.0,2.0,0.0,,,,1.0,1.0,2.0,0.0,,,,2.0,0.0,2.0,0.0,1.0,JIMI,,2.0,0.0,2.0,0.0,1.0,BANJAR,,2.0,0.0,2.0,0.0,1.0,BANJAR,,2.0,0.0,2.0,0.0,1.0,SUNDER NAGAR,,2.0,0.0,2.0,0.0,1.0,SHIMLA,,2.0,0.0,2.0,0.0,2.0,MANDI,,2.0,0.0,2.0,0.0,1.0,SUNDER NAGAR,,2.0,0.0,2.0,0.0,1.0,SHAMSHI,,2.0,0.0,2.0,0.0,1.0,KULLU,,2.0,0.0,2.0,0.0,1.0,SUNDER NAGAR,,2.0,0.0,2.0,0.0,N.A.,,0.0,0.0,0.0,0.0,0.0,,0.0,0.0,0.0,0.0,0.0,,0.0,0.0,0.0,0.0,0.0,,0.0,0.0,0.0,0.0,0.0,,0.0,0.0,0.0,0.0,0.0,,0.0,0.0,0.0,0.0,0.0,,0.0,0.0,0.0,0.0,0.0,,0.0,0.0,0.0,0.0,0.0,,0.0,0.0,0.0,0.0,0.0,,0.0,0.0,0.0,0.0,0.0,,0.0,0.0,0.0,0.0,0.0,,0.0,0.0,0.0,0.0,0.0,0.0,0.0,0.0,0.0,1.0,1.0,1.0,2.0,,,2.0,,,2.0,,,2.0,,,2.0,2.0,,,1.0,1.0,1.0,2.0,,,1.0,1.0,1.0,2.0,1.0,2.0,2.0,2.0,1.0,2.0,2.0,2.0,2.0,2.0,2.0,2.0,2.0,1.0,1.0,,1.0,,2.0,,1.0,175123.0,1.0,,2.0,,1.0,,2.0,,2.0,,1.0,,2.0,,2.0,,2.0,,2.0,,2.0,,2.0,,2.0,,2.0,,2.0,,2.0,,2.0,,2.0,,2.0,,2.0,,1.0,,2.0,,2.0,,2.0,,2.0,,1.0,,2.0,c,2.0,,2.0,,2.0,,2.0,,1.0,,2.0,,2.0,,2.0,,2.0,,1.0,,1.0,1.0,2.0,,2.0,,2.0,,2.0,,2.0,,2.0,,2.0,,1.0,,1.0,,1.0,24.0,24.0,1.0,24.0,24.0,1.0,24.0,24.0,1.0,24.0,24.0,WHEAT,,,BARLEY,,,MAIZE,0.0,0.0,35.0,0.0,5.0,6.0,0.0,0.0,109.0,109.0,0.0,0.0,0,0,0,0.0,BANJAR,20.0,kullu_kullu_village_amenities.csv
,HIMACHAL PRADESH,,Kullu,,Banjar,,Ghiaghi (10/30),,Banjar,2009,BANJAR,12.0,KULLU,75,BANJAR,12.0,YES,63.0,124.0,618,317.0,301.0,36.0,20.0,16.0,0.0,0.0,0.0,2.0,0.0,2.0,0.0,2.0,BANJAR,,1.0,2.0,2.0,0.0,,,,2.0,0.0,2.0,0.0,1.0,JIMMI,,2.0,0.0,2.0,0.0,1.0,JIMMI,,2.0,0.0,2.0,0.0,1.0,BANJAR,,2.0,0.0,2.0,0.0,1.0,BANJAR,,2.0,0.0,2.0,0.0,1.0,SUNDER NAGAR,,2.0,0.0,2.0,0.0,1.0,SHIMLA,,2.0,0.0,2.0,0.0,2.0,MANDI,,2.0,0.0,2.0,0.0,1.0,SUNDER NAGAR,,2.0,0.0,2.0,0.0,1.0,SHAMSHI,,2.0,0.0,2.0,0.0,1.0,KULLU,,2.0,0.0,2.0,0.0,1.0,SUNDER NAGAR,,2.0,0.0,2.0,0.0,N.A.,,0.0,0.0,0.0,0.0,0.0,,0.0,0.0,0.0,0.0,0.0,,0.0,0.0,0.0,0.0,0.0,,0.0,0.0,0.0,0.0,0.0,,0.0,0.0,0.0,0.0,0.0,,0.0,0.0,0.0,0.0,0.0,,0.0,0.0,0.0,0.0,0.0,,0.0,0.0,0.0,0.0,0.0,,0.0,0.0,0.0,0.0,0.0,,0.0,0.0,0.0,0.0,0.0,,0.0,0.0,0.0,0.0,0.0,,0.0,0.0,0.0,0.0,0.0,0.0,0.0,0.0,0.0,1.0,1.0,1.0,2.0,,,2.0,,,2.0,,,1.0,1.0,1.0,2.0,2.0,,,2.0,,,2.0,,,2.0,,,2.0,1.0,2.0,2.0,2.0,1.0,2.0,1.0,2.0,2.0,2.0,2.0,2.0,2.0,1.0,2.0,,2.0,,2.0,,1.0,175123.0,1.0,,1.0,,1.0,,2.0,,2.0,,1.0,,2.0,,2.0,,2.0,,2.0,,2.0,,2.0,,2.0,,2.0,,2.0,,2.0,,2.0,,2.0,,2.0,,2.0,,1.0,,2.0,,2.0,,2.0,,2.0,,1.0,,2.0,c,2.0,,2.0,,2.0,,2.0,,1.0,,2.0,,2.0,,2.0,,2.0,,1.0,,1.0,1.0,2.0,,2.0,,2.0,,2.0,,2.0,,2.0,,2.0,,1.0,,1.0,,1.0,24.0,24.0,1.0,24.0,24.0,1.0,24.0,24.0,1.0,24.0,24.0,MAIZE,,,WHEAT,,,BARLEY,0.0,7.0,13.0,0.0,0.0,0.0,0.0,0.0,43.0,43.0,0.0,0.0,0,0,0,0.0,BANJAR,12.0,kullu_kullu_village_amenities.csv
,HIMACHAL PRADESH,,Kullu,,Banjar,,Rashala (10/31),,Banjar,2009,BANJAR,10.0,KULLU,74,BANJAR,10.0,YES,101.0,184.0,853,414.0,439.0,98.0,46.0,52.0,0.0,0.0,0.0,2.0,0.0,2.0,0.0,2.0,BANJAR,,1.0,2.0,1.0,1.0,,,,1.0,1.0,2.0,0.0,,,,1.0,1.0,2.0,0.0,,,,2.0,0.0,2.0,0.0,1.0,BANJAR,,2.0,0.0,2.0,0.0,1.0,BANJAR,,2.0,0.0,2.0,0.0,1.0,SUNDER NAGAR,,2.0,0.0,2.0,0.0,1.0,SHIMLA,,2.0,0.0,2.0,0.0,2.0,MANDI,,2.0,0.0,2.0,0.0,1.0,SUNDER NAGAR,,2.0,0.0,2.0,0.0,1.0,SHAMSHI,,2.0,0.0,2.0,0.0,1.0,KULLU,,2.0,0.0,2.0,0.0,1.0,SUNDER NAGAR,,2.0,0.0,2.0,0.0,N.A.,,0.0,0.0,0.0,0.0,0.0,,0.0,0.0,0.0,0.0,0.0,,1.0,1.0,0.0,1.0,0.0,,0.0,0.0,0.0,0.0,0.0,,0.0,0.0,0.0,0.0,0.0,,0.0,0.0,0.0,0.0,0.0,,0.0,0.0,0.0,0.0,0.0,,1.0,0.0,0.0,2.0,2.0,,1.0,0.0,0.0,1.0,1.0,,0.0,0.0,0.0,0.0,0.0,,0.0,0.0,0.0,0.0,0.0,,0.0,0.0,0.0,0.0,1.0,0.0,0.0,0.0,0.0,1.0,1.0,1.0,2.0,,,2.0,,,2.0,,,1.0,1.0,1.0,2.0,2.0,,,1.0,1.0,1.0,2.0,,,2.0,,,2.0,1.0,2.0,2.0,2.0,1.0,2.0,1.0,2.0,2.0,2.0,2.0,2.0,2.0,1.0,1.0,,1.0,,2.0,,1.0,175123.0,1.0,,1.0,,1.0,,2.0,,2.0,,1.0,,2.0,,2.0,,2.0,,2.0,,2.0,,2.0,,2.0,,2.0,,2.0,,2.0,,2.0,,2.0,,2.0,,2.0,,1.0,,2.0,,1.0,,2.0,,2.0,,1.0,,2.0,b,1.0,,2.0,,2.0,,2.0,,1.0,,2.0,,2.0,,2.0,,2.0,,1.0,,1.0,1.0,2.0,,1.0,,2.0,,2.0,,2.0,,2.0,,2.0,,1.0,,2.0,,1.0,24.0,24.0,1.0,24.0,24.0,1.0,24.0,24.0,1.0,24.0,24.0,WHEAT,,,BARLEY,,,MAIZE,1.0,12.0,3.0,0.0,0.0,0.0,0.0,0.0,85.0,85.0,0.0,0.0,0,0,0,0.0,BANJAR,10.0,kullu_kullu_village_amenities.csv
,HIMACHAL PRADESH,,Kullu,,Banjar,,Bini (11/32),,Banjar,2009,BANJAR,3.0,KULLU,57,BANJAR,3.0,YES,105.29,130.0,651,316.0,335.0,164.0,84.0,80.0,0.0,0.0,0.0,2.0,0.0,2.0,0.0,2.0,BANJAR,,1.0,1.0,2.0,0.0,,,,2.0,0.0,2.0,0.0,1.0,BANJAR,,2.0,0.0,2.0,0.0,1.0,BANJAR,,2.0,0.0,2.0,0.0,1.0,BANJAR,,2.0,0.0,2.0,0.0,1.0,BANJAR,,2.0,0.0,2.0,0.0,1.0,SUNDER NAGAR,,2.0,0.0,2.0,0.0,1.0,SHIMLA,,2.0,0.0,2.0,0.0,2.0,MANDI,,2.0,0.0,2.0,0.0,1.0,SUNDER NAGAR,,2.0,0.0,2.0,0.0,1.0,SHAMSHI,,2.0,0.0,2.0,0.0,1.0,KULLU,,2.0,0.0,2.0,0.0,1.0,SUNDER NAGAR,,2.0,0.0,2.0,0.0,N.A.,,0.0,0.0,0.0,0.0,0.0,,0.0,0.0,0.0,0.0,0.0,,0.0,0.0,0.0,0.0,0.0,,0.0,0.0,0.0,0.0,0.0,,0.0,0.0,0.0,0.0,0.0,,0.0,0.0,0.0,0.0,0.0,,0.0,0.0,0.0,0.0,0.0,,0.0,0.0,0.0,0.0,0.0,,0.0,0.0,0.0,0.0,0.0,,0.0,0.0,0.0,0.0,0.0,,0.0,0.0,0.0,0.0,0.0,,0.0,0.0,0.0,0.0,0.0,0.0,0.0,0.0,0.0,1.0,1.0,1.0,2.0,,,2.0,,,2.0,,,2.0,,,2.0,2.0,,,1.0,1.0,1.0,2.0,,,1.0,1.0,1.0,2.0,1.0,2.0,2.0,2.0,1.0,2.0,2.0,2.0,2.0,2.0,2.0,2.0,2.0,2.0,1.0,,2.0,,2.0,,1.0,175123.0,1.0,,2.0,,1.0,,2.0,,2.0,,1.0,,2.0,,2.0,,2.0,,2.0,,1.0,,1.0,,2.0,,2.0,,2.0,,2.0,,2.0,,2.0,,1.0,,1.0,,1.0,,1.0,,1.0,,1.0,,2.0,,1.0,,2.0,a,2.0,,2.0,,1.0,,1.0,,1.0,,2.0,,2.0,,2.0,,1.0,,1.0,,1.0,1.0,2.0,,1.0,,1.0,,2.0,,2.0,,2.0,,2.0,,1.0,,2.0,,1.0,24.0,24.0,1.0,24.0,24.0,1.0,24.0,24.0,1.0,24.0,24.0,WHEAT,,,BARLEY,,,MAIZE,0.0,28.41,0.0,0.0,0.0,20.95,0.0,0.0,55.93,55.93,0.0,0.0,0,0,0,0.0,BANJAR,3.0,kullu_kullu_village_amenities.csv
,HIMACHAL PRADESH,,Kullu,,Banjar,,Bihar (11/33),,Banjar,2009,BANJAR,2.0,KULLU,70,BANJAR,2.0,YES,272.08,373.0,1896,953.0,943.0,383.0,187.0,196.0,2.0,1.0,1.0,2.0,0.0,1.0,2.0,,,,1.0,3.0,1.0,1.0,,,,1.0,2.0,1.0,4.0,,,,1.0,1.0,2.0,0.0,,,,2.0,0.0,2.0,0.0,1.0,BANJAR,,2.0,0.0,2.0,0.0,1.0,BANJAR,,2.0,0.0,2.0,0.0,1.0,SUNDER NAGAR,,2.0,0.0,2.0,0.0,1.0,SHIMLA,,2.0,0.0,2.0,0.0,2.0,MANDI,,2.0,0.0,2.0,0.0,1.0,SUNDER NAGAR,,2.0,0.0,2.0,0.0,1.0,SHAMSHI,,2.0,0.0,2.0,0.0,1.0,KULLU,,2.0,0.0,2.0,0.0,1.0,SUNDER NAGAR,,2.0,0.0,2.0,0.0,N.A.,,0.0,0.0,0.0,0.0,0.0,,0.0,0.0,0.0,0.0,0.0,,0.0,0.0,0.0,0.0,0.0,,0.0,0.0,0.0,0.0,0.0,,0.0,0.0,0.0,0.0,0.0,,1.0,5.0,4.0,24.0,20.0,,0.0,0.0,0.0,0.0,0.0,,0.0,0.0,0.0,0.0,0.0,,1.0,2.0,2.0,4.0,4.0,,0.0,0.0,0.0,0.0,0.0,,1.0,,,2.0,1.0,,1.0,1.0,0.0,2.0,1.0,12.0,0.0,6.0,0.0,1.0,1.0,1.0,2.0,,,2.0,,,2.0,,,2.0,,,2.0,2.0,,,1.0,1.0,1.0,2.0,,,1.0,1.0,1.0,2.0,1.0,2.0,2.0,2.0,1.0,1.0,2.0,2.0,2.0,1.0,2.0,2.0,2.0,1.0,1.0,,2.0,,2.0,,1.0,175123.0,1.0,,1.0,,1.0,,2.0,,2.0,,1.0,,1.0,,2.0,,2.0,,1.0,,1.0,,1.0,,2.0,,2.0,,2.0,,2.0,,2.0,,2.0,,1.0,,1.0,,1.0,,1.0,,2.0,,1.0,,2.0,,1.0,,1.0,,2.0,,1.0,,1.0,,2.0,,1.0,,1.0,,2.0,,2.0,,2.0,,1.0,,1.0,1.0,1.0,,1.0,,2.0,,2.0,,2.0,,2.0,,1.0,,1.0,,1.0,,1.0,24.0,24.0,1.0,24.0,24.0,1.0,24.0,24.0,1.0,24.0,24.0,MAIZE,,,WHEAT,,,BARLEY,0.0,37.02,25.01,0.0,0.0,0.0,0.0,0.0,210.05,210.05,0.0,0.0,0,0,0,0.0,BANJAR,2.0,kullu_kullu_village_amenities.csv
,HIMACHAL PRADESH,,Kullu,,Banjar,,Sharchi (12/34),,Banjar,2009,BANJAR,18.0,KULLU,71,BANJAR,18.0,YES,345.0,454.0,2413,1256.0,1157.0,808.0,430.0,378.0,0.0,0.0,0.0,2.0,0.0,2.0,0.0,1.0,BIHAR,,1.0,3.0,2.0,0.0,,,,1.0,1.0,2.0,0.0,,,,1.0,1.0,1.0,1.0,,,,1.0,1.0,2.0,0.0,,,,2.0,0.0,2.0,0.0,1.0,BANJAR,,2.0,0.0,2.0,0.0,1.0,SUNDER NAGAR,,2.0,0.0,2.0,0.0,1.0,SHIMLA,,2.0,0.0,2.0,0.0,2.0,MANDI,,2.0,0.0,2.0,0.0,1.0,SUNDER NAGAR,,2.0,0.0,2.0,0.0,1.0,SHAMSHI,,2.0,0.0,2.0,0.0,1.0,KULLU,,2.0,0.0,2.0,0.0,1.0,SUNDER NAGAR,,2.0,0.0,2.0,0.0,N.A.,,0.0,0.0,0.0,0.0,0.0,,0.0,0.0,0.0,0.0,0.0,,1.0,1.0,0.0,1.0,0.0,,0.0,0.0,0.0,0.0,0.0,,0.0,0.0,0.0,0.0,0.0,,0.0,0.0,0.0,0.0,0.0,,0.0,0.0,0.0,0.0,0.0,,1.0,0.0,0.0,0.0,0.0,,0.0,0.0,0.0,0.0,0.0,,0.0,0.0,0.0,0.0,0.0,,0.0,0.0,0.0,0.0,0.0,,0.0,0.0,0.0,0.0,0.0,0.0,0.0,0.0,0.0,1.0,1.0,1.0,2.0,,,2.0,,,2.0,,,1.0,1.0,1.0,2.0,2.0,,,2.0,,,2.0,,,2.0,,,2.0,2.0,1.0,2.0,2.0,2.0,2.0,2.0,2.0,2.0,2.0,2.0,2.0,2.0,1.0,1.0,,1.0,,2.0,,1.0,175123.0,1.0,,2.0,,1.0,,2.0,,2.0,,1.0,,2.0,,2.0,,2.0,,2.0,,2.0,,2.0,,2.0,,2.0,,2.0,,2.0,,2.0,,2.0,,2.0,,2.0,,1.0,,2.0,,2.0,,2.0,,2.0,,1.0,,2.0,c,2.0,,2.0,,2.0,,2.0,,1.0,,2.0,,2.0,,2.0,,2.0,,1.0,,1.0,1.0,2.0,,1.0,,2.0,,2.0,,2.0,,2.0,,2.0,,1.0,,1.0,,1.0,24.0,24.0,1.0,24.0,24.0,1.0,24.0,24.0,1.0,24.0,24.0,MAIZE,,,WHEAT,,,BARLEY,0.0,0.0,0.0,0.0,10.0,80.0,17.0,0.0,238.0,238.0,0.0,0.0,0,0,0,0.0,BANJAR,18.0,kullu_kullu_village_amenities.csv
,HIMACHAL PRADESH,,Kullu,,Banjar,,Pakhari (12/37),,Banjar,2009,BANJAR,21.0,KULLU,76,BANJAR,21.0,YES,356.0,275.0,1477,765.0,712.0,224.0,120.0,104.0,0.0,0.0,0.0,2.0,0.0,1.0,1.0,,,,1.0,3.0,2.0,0.0,,,,1.0,1.0,2.0,0.0,,,,2.0,0.0,2.0,0.0,1.0,GUSANDI,,2.0,0.0,2.0,0.0,1.0,GUSANDI,,2.0,0.0,2.0,0.0,1.0,BANJAR,,2.0,0.0,2.0,0.0,1.0,SUNDER NAGAR,,2.0,0.0,2.0,0.0,1.0,SHIMLA,,2.0,0.0,2.0,0.0,2.0,MANDI,,2.0,0.0,2.0,0.0,1.0,SUNDER NAGAR,,2.0,0.0,2.0,0.0,1.0,SHAMSHI,,2.0,0.0,2.0,0.0,1.0,KULLU,,2.0,0.0,2.0,0.0,1.0,SUNDER NAGAR,,2.0,0.0,2.0,0.0,N.A.,,0.0,0.0,0.0,0.0,0.0,,0.0,0.0,0.0,0.0,0.0,,1.0,1.0,0.0,1.0,0.0,,0.0,0.0,0.0,0.0,0.0,,0.0,0.0,0.0,0.0,0.0,,0.0,0.0,0.0,0.0,0.0,,0.0,0.0,0.0,0.0,0.0,,1.0,0.0,0.0,0.0,0.0,,0.0,0.0,0.0,0.0,0.0,,0.0,0.0,0.0,0.0,0.0,,0.0,0.0,0.0,0.0,0.0,,0.0,0.0,0.0,0.0,0.0,0.0,0.0,0.0,0.0,1.0,1.0,1.0,2.0,,,2.0,,,2.0,,,1.0,1.0,1.0,2.0,2.0,,,2.0,,,2.0,,,2.0,,,2.0,2.0,1.0,2.0,2.0,2.0,2.0,2.0,2.0,2.0,2.0,2.0,2.0,2.0,1.0,1.0,,2.0,,2.0,,1.0,175123.0,2.0,,2.0,,1.0,,2.0,,2.0,,2.0,,2.0,,2.0,,2.0,,2.0,,2.0,,2.0,,2.0,,2.0,,2.0,,2.0,,2.0,,2.0,,2.0,,2.0,,2.0,,1.0,,2.0,,2.0,,2.0,,1.0,,2.0,c,2.0,,2.0,,2.0,,2.0,,1.0,,2.0,,2.0,,2.0,,2.0,,1.0,,1.0,1.0,2.0,,2.0,,2.0,,2.0,,2.0,,2.0,,2.0,,1.0,,1.0,,1.0,24.0,24.0,1.0,24.0,24.0,1.0,24.0,24.0,1.0,24.0,24.0,WHEAT,,,BARLEY,,,MAIZE,0.0,100.0,0.0,2.0,0.0,0.0,0.0,0.0,254.0,254.0,0.0,0.0,0,0,0,0.0,BANJAR,21.0,kullu_kullu_village_amenities.csv
,HIMACHAL PRADESH,,Kullu,,Banjar,,Tinder (13/36),,Banjar,2009,BANJAR,15.0,KULLU,70,BANJAR,15.0,YES,300.0,234.0,1048,562.0,486.0,184.0,97.0,87.0,3.0,2.0,1.0,2.0,0.0,1.0,1.0,,,,1.0,2.0,1.0,1.0,,,,1.0,1.0,1.0,1.0,,,,1.0,1.0,2.0,0.0,,,,2.0,0.0,2.0,0.0,1.0,GURONI,,2.0,0.0,2.0,0.0,1.0,BANJAR,,2.0,0.0,2.0,0.0,1.0,SUNDER NAGAR,,2.0,0.0,2.0,0.0,1.0,SHIMLA,,2.0,0.0,2.0,0.0,2.0,MANDI,,2.0,0.0,2.0,0.0,1.0,KULLU,,2.0,0.0,2.0,0.0,1.0,SHAMSHI,,2.0,0.0,2.0,0.0,1.0,KULLU,,2.0,0.0,2.0,0.0,1.0,SUNDER NAGAR,,2.0,0.0,2.0,0.0,N.A.,,0.0,0.0,0.0,0.0,0.0,,0.0,0.0,0.0,0.0,0.0,,1.0,1.0,0.0,1.0,0.0,,0.0,0.0,0.0,0.0,0.0,,0.0,0.0,0.0,0.0,0.0,,0.0,0.0,0.0,0.0,0.0,,0.0,0.0,0.0,0.0,0.0,,0.0,0.0,0.0,0.0,0.0,,0.0,0.0,0.0,0.0,0.0,,0.0,0.0,0.0,0.0,0.0,,0.0,0.0,0.0,0.0,0.0,,0.0,0.0,0.0,0.0,0.0,0.0,0.0,0.0,0.0,1.0,1.0,1.0,2.0,,,2.0,,,2.0,,,1.0,1.0,1.0,2.0,1.0,1.0,1.0,1.0,1.0,1.0,2.0,,,2.0,,,2.0,2.0,1.0,2.0,2.0,2.0,2.0,1.0,2.0,2.0,2.0,2.0,2.0,2.0,1.0,1.0,,1.0,,2.0,,1.0,175123.0,1.0,,2.0,,1.0,,2.0,,2.0,,1.0,,1.0,,2.0,,2.0,,2.0,,2.0,,2.0,,2.0,,2.0,,2.0,,2.0,,2.0,,2.0,,2.0,,2.0,,1.0,,2.0,,2.0,,2.0,,2.0,,1.0,,2.0,c,1.0,,2.0,,2.0,,2.0,,1.0,,2.0,,2.0,,2.0,,2.0,,1.0,,1.0,1.0,2.0,,2.0,,2.0,,2.0,,2.0,,2.0,,2.0,,1.0,,1.0,,1.0,24.0,24.0,1.0,24.0,24.0,1.0,24.0,24.0,1.0,24.0,24.0,MAIZE,,,WHEAT,,,BARLEY,0.0,0.0,0.0,0.0,31.0,25.0,60.0,0.0,184.0,184.0,0.0,0.0,0,0,0,0.0,BANJAR,15.0,kullu_kullu_village_amenities.csv
,HIMACHAL PRADESH,,Kullu,,Banjar,,Chippni (14/38),,Banjar,2009,BANJAR,22.0,KULLU,75,BANJAR,22.0,YES,261.0,405.0,2145,1051.0,1094.0,707.0,352.0,355.0,0.0,0.0,0.0,2.0,0.0,2.0,0.0,1.0,TINDER,,1.0,3.0,2.0,0.0,,,,1.0,1.0,2.0,0.0,,,,1.0,1.0,2.0,0.0,,,,2.0,0.0,2.0,0.0,1.0,BANJAR,,2.0,0.0,2.0,0.0,1.0,BANJAR,,2.0,0.0,2.0,0.0,1.0,SUNDER NAGAR,,2.0,0.0,2.0,0.0,1.0,SHIMLA,,2.0,0.0,2.0,0.0,2.0,MANDI,,2.0,0.0,2.0,0.0,1.0,KULLU,,2.0,0.0,2.0,0.0,1.0,SHAMSHI,,2.0,0.0,2.0,0.0,1.0,KULLU,,2.0,0.0,2.0,0.0,1.0,SUNDER NAGAR,,2.0,0.0,2.0,0.0,N.A.,,0.0,0.0,0.0,0.0,0.0,,0.0,0.0,0.0,0.0,0.0,,0.0,0.0,0.0,0.0,0.0,,0.0,0.0,0.0,0.0,0.0,,0.0,0.0,0.0,0.0,0.0,,0.0,0.0,0.0,0.0,0.0,,0.0,0.0,0.0,0.0,0.0,,1.0,0.0,0.0,0.0,0.0,,1.0,1.0,1.0,0.0,0.0,,0.0,0.0,0.0,0.0,0.0,,0.0,0.0,0.0,0.0,0.0,,0.0,0.0,0.0,0.0,0.0,0.0,0.0,1.0,0.0,1.0,1.0,1.0,2.0,,,2.0,,,2.0,,,1.0,1.0,1.0,2.0,2.0,,,2.0,,,2.0,,,2.0,,,2.0,2.0,1.0,2.0,2.0,2.0,2.0,2.0,2.0,2.0,2.0,2.0,2.0,2.0,1.0,1.0,,1.0,,2.0,,1.0,175123.0,1.0,,2.0,,1.0,,2.0,,2.0,,1.0,,1.0,,2.0,,2.0,,2.0,,2.0,,2.0,,2.0,,2.0,,2.0,,2.0,,2.0,,2.0,,2.0,,2.0,,1.0,,2.0,,2.0,,2.0,,2.0,,1.0,,2.0,c,2.0,,2.0,,2.0,,2.0,,2.0,,2.0,,2.0,,2.0,,2.0,,1.0,,1.0,1.0,2.0,,1.0,,2.0,,2.0,,2.0,,2.0,,2.0,,1.0,,1.0,,1.0,24.0,24.0,1.0,24.0,24.0,1.0,24.0,24.0,1.0,24.0,24.0,MAIZE,,,WHEAT,,,BARLEY,0.0,0.0,0.0,0.0,25.0,53.0,0.0,0.0,183.0,183.0,0.0,0.0,0,0,0,0.0,BANJAR,22.0,kullu_kullu_village_amenities.csv
,HIMACHAL PRADESH,,Kullu,,Banjar,,Shilhi (12/35),,Banjar,2009,BANJAR,23.0,KULLU,76,BANJAR,23.0,YES,148.0,225.0,1243,636.0,607.0,307.0,155.0,152.0,0.0,0.0,0.0,2.0,0.0,2.0,0.0,1.0,TINDER,,1.0,2.0,2.0,0.0,,,,1.0,1.0,1.0,1.0,,,,1.0,1.0,1.0,1.0,,,,2.0,0.0,2.0,0.0,1.0,BANJAR,,2.0,0.0,2.0,0.0,1.0,BANJAR,,2.0,0.0,2.0,0.0,1.0,SUNDER NAGAR,,2.0,0.0,2.0,0.0,1.0,SHIMLA,,2.0,0.0,2.0,0.0,2.0,MANDI,,2.0,0.0,2.0,0.0,1.0,KULLU,,2.0,0.0,2.0,0.0,1.0,SHAMSHI,,2.0,0.0,2.0,0.0,1.0,KULLU,,2.0,0.0,2.0,0.0,1.0,SUNDER NAGAR,,2.0,0.0,2.0,0.0,N.A.,,0.0,0.0,0.0,0.0,0.0,,0.0,0.0,0.0,0.0,0.0,,0.0,0.0,0.0,0.0,0.0,,0.0,0.0,0.0,0.0,0.0,,0.0,0.0,0.0,0.0,0.0,,0.0,0.0,0.0,0.0,0.0,,0.0,0.0,0.0,0.0,0.0,,1.0,0.0,0.0,0.0,0.0,,0.0,0.0,0.0,0.0,0.0,,0.0,0.0,0.0,0.0,0.0,,0.0,0.0,0.0,0.0,0.0,,0.0,0.0,0.0,0.0,0.0,0.0,0.0,0.0,0.0,1.0,1.0,1.0,2.0,,,2.0,,,2.0,,,2.0,,,2.0,1.0,1.0,1.0,1.0,1.0,1.0,2.0,,,2.0,,,2.0,2.0,1.0,2.0,2.0,2.0,2.0,2.0,2.0,2.0,2.0,2.0,2.0,2.0,1.0,2.0,,2.0,,2.0,,1.0,175123.0,1.0,,2.0,,1.0,,2.0,,2.0,,2.0,,2.0,,2.0,,2.0,,2.0,,2.0,,2.0,,2.0,,2.0,,2.0,,2.0,,2.0,,2.0,,2.0,,2.0,,1.0,,2.0,,2.0,,2.0,,2.0,,1.0,,2.0,c,2.0,,2.0,,2.0,,2.0,,2.0,,2.0,,2.0,,2.0,,2.0,,1.0,,1.0,1.0,2.0,,1.0,,2.0,,2.0,,2.0,,2.0,,2.0,,1.0,,1.0,,1.0,24.0,24.0,1.0,24.0,24.0,1.0,24.0,24.0,1.0,24.0,24.0,MAIZE,,,WHEAT,,,BARLEY,0.0,0.0,0.0,0.0,26.0,10.0,0.0,0.0,112.0,112.0,0.0,0.0,0,0,0,0.0,BANJAR,23.0,kullu_kullu_village_amenities.csv
,HIMACHAL PRADESH,,Kullu,,Banjar,,Mashyar (14/39),,Banjar,2009,BANJAR,30.0,KULLU,83,BANJAR,30.0,YES,260.0,323.0,1716,855.0,861.0,487.0,247.0,240.0,0.0,0.0,0.0,2.0,0.0,2.0,0.0,1.0,TINDER,,1.0,3.0,2.0,0.0,,,,1.0,1.0,2.0,0.0,,,,1.0,1.0,2.0,0.0,,,,2.0,0.0,2.0,0.0,1.0,BANJAR,,2.0,0.0,2.0,0.0,1.0,BANJAR,,2.0,0.0,2.0,0.0,1.0,SUNDER NAGAR,,2.0,0.0,2.0,0.0,1.0,SHIMLA,,2.0,0.0,2.0,0.0,2.0,MANDI,,2.0,0.0,2.0,0.0,1.0,KULLU,,2.0,0.0,2.0,0.0,1.0,SHAMSHI,,2.0,0.0,2.0,0.0,1.0,KULLU,,2.0,0.0,2.0,0.0,1.0,SUNDER NAGAR,,2.0,0.0,2.0,0.0,N.A.,,0.0,0.0,0.0,0.0,0.0,,0.0,0.0,0.0,0.0,0.0,,1.0,1.0,0.0,1.0,0.0,,0.0,0.0,0.0,0.0,0.0,,0.0,0.0,0.0,0.0,0.0,,0.0,0.0,0.0,0.0,0.0,,0.0,0.0,0.0,0.0,0.0,,1.0,0.0,0.0,0.0,0.0,,0.0,0.0,0.0,0.0,0.0,,0.0,0.0,0.0,0.0,0.0,,0.0,0.0,0.0,0.0,0.0,,0.0,0.0,0.0,0.0,0.0,0.0,0.0,0.0,0.0,1.0,1.0,1.0,2.0,,,2.0,,,2.0,,,2.0,,,2.0,1.0,1.0,1.0,1.0,1.0,1.0,2.0,,,2.0,,,2.0,2.0,1.0,2.0,2.0,2.0,2.0,2.0,2.0,2.0,2.0,2.0,2.0,2.0,1.0,1.0,,1.0,,1.0,,1.0,175123.0,1.0,,2.0,,1.0,,2.0,,2.0,,2.0,,2.0,,2.0,,2.0,,2.0,,2.0,,2.0,,2.0,,2.0,,2.0,,2.0,,2.0,,2.0,,2.0,,2.0,,1.0,,2.0,,2.0,,2.0,,2.0,,1.0,,2.0,c,2.0,,2.0,,2.0,,1.0,,2.0,,2.0,,2.0,,2.0,,2.0,,1.0,,1.0,1.0,2.0,,1.0,,2.0,,2.0,,2.0,,2.0,,2.0,,1.0,,1.0,,1.0,24.0,24.0,1.0,24.0,24.0,1.0,24.0,24.0,1.0,24.0,24.0,MAIZE,,,WHEAT,,,BARLEY,0.0,0.0,0.0,0.0,12.0,60.0,0.0,0.0,188.0,188.0,0.0,0.0,0,0,0,0.0,BANJAR,30.0,kullu_kullu_village_amenities.csv
,HIMACHAL PRADESH,,Kullu,,Ani,,Karshaigad (23/72),,Anni,2009,ANI,33.0,KULLU,136,RAMPUR,45.0,YES,653.9,1108.0,5416,2792.0,2624.0,1331.0,692.0,639.0,0.0,0.0,0.0,2.0,0.0,2.0,0.0,1.0,TINDER,,1.0,5.0,2.0,0.0,,,,1.0,2.0,2.0,0.0,,,,1.0,1.0,2.0,0.0,,,,1.0,1.0,2.0,0.0,,,,2.0,0.0,2.0,0.0,1.0,HARIPUR,,2.0,0.0,2.0,0.0,1.0,SUNDER NAGAR,,2.0,0.0,2.0,0.0,1.0,SHIMLA,,2.0,0.0,2.0,0.0,1.0,SHIMLA,,2.0,0.0,2.0,0.0,1.0,SUNDER NAGAR,,2.0,0.0,2.0,0.0,1.0,RACHOLI,,2.0,0.0,2.0,0.0,1.0,RAMPUR,,2.0,0.0,2.0,0.0,1.0,MASHOBRA,,2.0,0.0,2.0,0.0,N.A.,,0.0,0.0,0.0,0.0,0.0,,0.0,0.0,0.0,0.0,0.0,,0.0,0.0,0.0,0.0,0.0,,0.0,0.0,0.0,0.0,0.0,,0.0,0.0,0.0,0.0,0.0,,0.0,0.0,0.0,0.0,0.0,,0.0,0.0,0.0,0.0,0.0,,1.0,0.0,0.0,0.0,0.0,,1.0,1.0,0.0,0.0,0.0,,0.0,0.0,0.0,0.0,0.0,,0.0,0.0,0.0,0.0,0.0,,0.0,0.0,0.0,0.0,0.0,0.0,0.0,0.0,0.0,1.0,1.0,1.0,2.0,,,2.0,,,2.0,,,1.0,1.0,1.0,2.0,1.0,1.0,1.0,1.0,1.0,1.0,2.0,,,2.0,,,2.0,1.0,2.0,2.0,2.0,1.0,2.0,2.0,2.0,2.0,2.0,2.0,2.0,2.0,2.0,1.0,,2.0,,2.0,,1.0,172026.0,2.0,,2.0,,2.0,,2.0,,2.0,,1.0,,1.0,,2.0,,2.0,,2.0,,2.0,,1.0,,2.0,,2.0,,2.0,,2.0,,2.0,,2.0,,1.0,,1.0,,2.0,,1.0,,2.0,,2.0,,2.0,,1.0,,1.0,,1.0,,2.0,,2.0,,2.0,,2.0,,1.0,,2.0,,2.0,,2.0,,1.0,,1.0,1.0,2.0,,2.0,,2.0,,2.0,,2.0,,2.0,,2.0,,1.0,,1.0,,1.0,24.0,24.0,1.0,24.0,24.0,1.0,24.0,24.0,1.0,24.0,24.0,BARLEY,,SHAWL,PADDY,,,WHEAT,0.0,55.6,0.0,0.0,0.0,28.2,0.0,0.0,570.1,570.1,0.0,0.0,0,0,0,0.0,RAMPUR,45.0,kullu_kullu_village_amenities.csv
,HIMACHAL PRADESH,,Kullu,,Ani,,Bishla Dhar (23/73),,Anni,2009,ANI,30.0,KULLU,133,RAMPUR,45.0,YES,520.0,869.0,3990,1964.0,2026.0,757.0,371.0,386.0,0.0,0.0,0.0,2.0,0.0,1.0,2.0,,,,1.0,4.0,2.0,0.0,,,,1.0,3.0,2.0,0.0,,,,1.0,1.0,2.0,0.0,,,,1.0,1.0,2.0,0.0,,,,2.0,0.0,2.0,0.0,1.0,HARIPUR,,2.0,0.0,2.0,0.0,1.0,SUNDER NAGAR,,2.0,0.0,2.0,0.0,1.0,SHIMLA,,2.0,0.0,2.0,0.0,1.0,SHIMLA,,2.0,0.0,2.0,0.0,1.0,SUNDER NAGAR,,2.0,0.0,2.0,0.0,1.0,RAHCAULI,,2.0,0.0,2.0,0.0,1.0,RAMPUR,,2.0,0.0,2.0,0.0,1.0,MASHOBRA,,2.0,0.0,2.0,0.0,N.A.,,0.0,0.0,0.0,0.0,0.0,,0.0,0.0,0.0,0.0,0.0,,1.0,1.0,0.0,1.0,0.0,,1.0,0.0,0.0,0.0,0.0,,0.0,0.0,0.0,0.0,0.0,,1.0,1.0,0.0,1.0,0.0,,0.0,0.0,0.0,0.0,0.0,,1.0,0.0,0.0,0.0,0.0,,0.0,0.0,0.0,0.0,0.0,,0.0,0.0,0.0,0.0,0.0,,0.0,0.0,0.0,0.0,0.0,,0.0,0.0,0.0,0.0,0.0,0.0,0.0,0.0,0.0,1.0,1.0,1.0,2.0,,,2.0,,,2.0,,,1.0,1.0,1.0,2.0,1.0,1.0,1.0,1.0,1.0,1.0,2.0,,,1.0,1.0,1.0,2.0,1.0,2.0,2.0,2.0,1.0,2.0,1.0,2.0,2.0,2.0,2.0,2.0,2.0,2.0,1.0,,2.0,,2.0,,1.0,172026.0,1.0,,1.0,,1.0,,2.0,,2.0,,1.0,,1.0,,2.0,,2.0,,1.0,,1.0,,2.0,,2.0,,2.0,,2.0,,2.0,,2.0,,2.0,,2.0,,2.0,,2.0,,1.0,,2.0,,2.0,,2.0,,1.0,,2.0,c,2.0,,2.0,,1.0,,2.0,,2.0,,1.0,,2.0,,2.0,,2.0,,1.0,,1.0,1.0,2.0,,2.0,,2.0,,2.0,,2.0,,2.0,,1.0,,1.0,,1.0,,1.0,24.0,24.0,1.0,24.0,24.0,1.0,24.0,24.0,1.0,24.0,24.0,APPLE,,WOOLEN CLOTH,PADDY,,,WHEAT,0.0,69.49,0.0,0.0,0.0,22.77,59.89,367.85,0.0,0.0,0.0,0.0,0,0,0,0.0,RAMPUR,45.0,kullu_kullu_village_amenities.csv
,HIMACHAL PRADESH,,Kullu,,Ani,,Karad (23/74),,Anni,2009,ANI,30.0,KULLU,138,SHIMLA,140.0,YES,329.98,585.0,2956,1503.0,1453.0,905.0,460.0,445.0,0.0,0.0,0.0,2.0,0.0,2.0,0.0,2.0,BISHLA DHAR,,1.0,5.0,2.0,0.0,,,,1.0,1.0,2.0,0.0,,,,1.0,1.0,2.0,0.0,,,,2.0,0.0,2.0,0.0,1.0,KUGANSH,,2.0,0.0,2.0,0.0,1.0,HARIPUR,,2.0,0.0,2.0,0.0,1.0,SUNDER NAGAR,,2.0,0.0,2.0,0.0,1.0,SHIMLA,,2.0,0.0,2.0,0.0,1.0,SHIMLA,,2.0,0.0,2.0,0.0,1.0,NIRMAND,,2.0,0.0,2.0,0.0,1.0,RACHAULI,,2.0,0.0,2.0,0.0,1.0,RAMPUR,,2.0,0.0,2.0,0.0,1.0,SHIMLA,,2.0,0.0,2.0,0.0,N.A.,,0.0,0.0,0.0,0.0,0.0,,0.0,0.0,0.0,0.0,0.0,,1.0,1.0,0.0,1.0,0.0,,0.0,0.0,0.0,0.0,0.0,,0.0,0.0,0.0,0.0,0.0,,1.0,1.0,0.0,1.0,0.0,,0.0,0.0,0.0,0.0,0.0,,1.0,0.0,0.0,0.0,0.0,,1.0,0.0,0.0,0.0,0.0,,0.0,0.0,0.0,0.0,0.0,,0.0,0.0,0.0,0.0,0.0,,0.0,0.0,1.0,0.0,0.0,0.0,0.0,0.0,0.0,1.0,1.0,1.0,2.0,,,2.0,,,2.0,,,1.0,1.0,1.0,2.0,1.0,1.0,1.0,2.0,,,2.0,,,2.0,,,2.0,2.0,1.0,2.0,2.0,2.0,1.0,1.0,2.0,2.0,2.0,2.0,2.0,2.0,1.0,1.0,,2.0,,2.0,,1.0,172026.0,2.0,,2.0,,1.0,,2.0,,2.0,,1.0,,1.0,,2.0,,2.0,,1.0,,2.0,,1.0,,2.0,,2.0,,2.0,,2.0,,2.0,,2.0,,1.0,,1.0,,1.0,,1.0,,1.0,,1.0,,2.0,,1.0,,2.0,c,2.0,,2.0,,1.0,,1.0,,1.0,,1.0,,2.0,,2.0,,1.0,,1.0,,1.0,1.0,1.0,,2.0,,2.0,,2.0,,2.0,,2.0,,1.0,,1.0,,1.0,,1.0,24.0,24.0,1.0,24.0,24.0,1.0,24.0,24.0,1.0,24.0,24.0,APPLE,,SHAWL,PADDY,,,MAIZE,0.0,0.0,47.98,0.0,0.0,12.02,0.0,0.0,269.98,269.98,0.0,0.0,0,0,0,0.0,SHIMLA,140.0,kullu_kullu_village_amenities.csv
,HIMACHAL PRADESH,,Kullu,,Ani,,Lajheri (22/71),,Anni,2009,ANI,25.0,KULLU,105,SHIMLA,150.0,YES,399.0,676.0,3254,1657.0,1597.0,641.0,345.0,296.0,0.0,0.0,0.0,2.0,0.0,2.0,0.0,2.0,BISHLA DHAR,,1.0,5.0,2.0,0.0,,,,1.0,1.0,2.0,0.0,,,,1.0,1.0,2.0,0.0,,,,1.0,1.0,2.0,0.0,,,,2.0,0.0,2.0,0.0,1.0,HARIPUR,,2.0,0.0,2.0,0.0,1.0,SUNDER NAGAR,,2.0,0.0,2.0,0.0,1.0,SHIMLA,,2.0,0.0,2.0,0.0,1.0,SHIMLA,,2.0,0.0,2.0,0.0,1.0,SUNDER NAGAR,,2.0,0.0,2.0,0.0,1.0,RACHAULI,,2.0,0.0,2.0,0.0,1.0,RAMPUR,,2.0,0.0,2.0,0.0,1.0,MASHOBRA,,2.0,0.0,2.0,0.0,N.A.,,0.0,0.0,0.0,0.0,0.0,,0.0,0.0,0.0,0.0,0.0,,1.0,1.0,0.0,1.0,0.0,,1.0,0.0,0.0,0.0,0.0,,0.0,0.0,0.0,0.0,0.0,,1.0,1.0,0.0,1.0,0.0,,1.0,,,,,,1.0,1.0,0.0,0.0,0.0,,0.0,0.0,0.0,0.0,0.0,,0.0,0.0,0.0,0.0,0.0,,0.0,0.0,0.0,0.0,0.0,,0.0,0.0,0.0,0.0,0.0,0.0,0.0,1.0,0.0,1.0,1.0,1.0,2.0,,,2.0,,,2.0,,,1.0,1.0,1.0,2.0,1.0,1.0,1.0,2.0,,,2.0,,,2.0,,,2.0,1.0,2.0,2.0,2.0,1.0,1.0,1.0,2.0,2.0,2.0,2.0,2.0,2.0,2.0,1.0,,1.0,,2.0,,1.0,172026.0,2.0,,2.0,,2.0,,2.0,,2.0,,1.0,,1.0,,2.0,,2.0,,2.0,,2.0,,1.0,,2.0,,2.0,,2.0,,2.0,,2.0,,1.0,,1.0,,2.0,,1.0,,2.0,,2.0,,2.0,,2.0,,1.0,,2.0,c,2.0,,2.0,,1.0,,2.0,,1.0,,1.0,,2.0,,2.0,,2.0,,1.0,,1.0,1.0,2.0,,2.0,,2.0,,2.0,,2.0,,2.0,,2.0,,1.0,,1.0,,1.0,24.0,24.0,1.0,24.0,24.0,1.0,24.0,24.0,1.0,24.0,24.0,APPLE,,SHAWL,MAIZE,,,WHEAT,0.0,65.0,0.0,0.0,0.0,14.0,0.0,164.0,156.0,156.0,0.0,0.0,0,0,0,0.0,SHIMLA,150.0,kullu_kullu_village_amenities.csv
,HIMACHAL PRADESH,,Kullu,,Ani,,Khani (22/70),,Anni,2009,ANI,20.0,KULLU,80,SHIMLA,145.0,YES,285.0,533.0,2580,1326.0,1254.0,458.0,233.0,225.0,0.0,0.0,0.0,2.0,0.0,1.0,1.0,,,,1.0,3.0,2.0,0.0,,,,1.0,1.0,2.0,0.0,,,,1.0,1.0,2.0,0.0,,,,1.0,1.0,2.0,0.0,,,,2.0,0.0,2.0,0.0,1.0,HARIPUR,,2.0,0.0,2.0,0.0,1.0,SUNDER NAGAR,,2.0,0.0,2.0,0.0,1.0,SHIMLA,,2.0,0.0,2.0,0.0,1.0,SHIMLA,,2.0,0.0,2.0,0.0,1.0,SUNDER NAGAR,,2.0,0.0,2.0,0.0,1.0,RACHAULI,,2.0,0.0,2.0,0.0,1.0,RAMPUR,,2.0,0.0,2.0,0.0,1.0,MASHOBRA,,2.0,0.0,2.0,0.0,N.A.,,0.0,0.0,0.0,0.0,0.0,,0.0,0.0,0.0,0.0,0.0,,1.0,1.0,0.0,1.0,0.0,,1.0,0.0,0.0,0.0,0.0,,0.0,0.0,0.0,0.0,0.0,,1.0,1.0,0.0,1.0,0.0,,0.0,0.0,0.0,0.0,0.0,,1.0,0.0,0.0,0.0,0.0,,0.0,0.0,0.0,0.0,0.0,,0.0,0.0,0.0,0.0,0.0,,0.0,0.0,0.0,0.0,0.0,,0.0,0.0,0.0,0.0,0.0,0.0,0.0,1.0,0.0,1.0,1.0,1.0,2.0,,,2.0,,,2.0,,,1.0,1.0,1.0,2.0,1.0,1.0,1.0,1.0,1.0,1.0,2.0,,,2.0,,,2.0,1.0,2.0,2.0,2.0,1.0,1.0,1.0,2.0,2.0,2.0,2.0,2.0,2.0,2.0,1.0,,1.0,,2.0,,1.0,172026.0,2.0,,2.0,,2.0,,2.0,,2.0,,1.0,,1.0,,2.0,,2.0,,2.0,,2.0,,2.0,,2.0,,2.0,,2.0,,2.0,,2.0,,2.0,,2.0,,2.0,,1.0,,1.0,,2.0,,2.0,,1.0,,1.0,,2.0,c,2.0,,2.0,,1.0,,2.0,,2.0,,1.0,,2.0,,2.0,,2.0,,1.0,,1.0,1.0,2.0,,1.0,,2.0,,2.0,,2.0,,2.0,,2.0,,1.0,,1.0,,1.0,24.0,24.0,1.0,24.0,24.0,1.0,24.0,24.0,1.0,24.0,24.0,APPLE,,SHAWL,MAIZE,,,WHEAT,0.0,38.0,0.0,0.0,0.0,35.0,0.0,71.0,141.0,141.0,0.0,0.0,0,0,0,0.0,SHIMLA,145.0,kullu_kullu_village_amenities.csv
,HIMACHAL PRADESH,,Kullu,,Ani,,Buchair (21/67),,Anni,2009,ANI,15.0,KULLU,115,SHIMLA,133.0,YES,344.0,559.0,2729,1415.0,1314.0,836.0,424.0,412.0,0.0,0.0,0.0,2.0,0.0,2.0,0.0,1.0,KHANI,,1.0,4.0,2.0,0.0,,,,1.0,1.0,2.0,0.0,,,,2.0,0.0,2.0,0.0,1.0,ANI,,2.0,0.0,2.0,0.0,1.0,ANI,,2.0,0.0,2.0,0.0,1.0,HARIPUR,,2.0,0.0,2.0,0.0,1.0,SUNDER NAGAR,,2.0,0.0,2.0,0.0,1.0,SHIMLA,,2.0,0.0,2.0,0.0,1.0,SHIMLA,,2.0,0.0,2.0,0.0,1.0,SUNDER NAGAR,,2.0,0.0,2.0,0.0,1.0,SWILI,,2.0,0.0,2.0,0.0,1.0,RAMPUR,,2.0,0.0,2.0,0.0,1.0,MASHOBRA,,2.0,0.0,2.0,0.0,N.A.,,0.0,0.0,0.0,0.0,0.0,,0.0,0.0,0.0,0.0,0.0,,1.0,1.0,0.0,1.0,0.0,,1.0,0.0,0.0,0.0,0.0,,0.0,0.0,0.0,0.0,0.0,,1.0,1.0,0.0,1.0,0.0,,0.0,0.0,0.0,0.0,0.0,,1.0,0.0,0.0,0.0,0.0,,0.0,0.0,0.0,0.0,0.0,,0.0,0.0,0.0,0.0,0.0,,0.0,0.0,0.0,0.0,0.0,,0.0,0.0,0.0,0.0,0.0,0.0,0.0,0.0,0.0,1.0,1.0,1.0,2.0,,,2.0,,,2.0,,,2.0,,,2.0,1.0,1.0,1.0,1.0,1.0,1.0,2.0,,,2.0,,,2.0,1.0,2.0,2.0,2.0,1.0,1.0,1.0,2.0,2.0,2.0,2.0,2.0,2.0,2.0,1.0,,1.0,,2.0,,1.0,172026.0,2.0,,2.0,,2.0,,2.0,,2.0,,1.0,,1.0,,2.0,,2.0,,2.0,,2.0,,2.0,,2.0,,2.0,,2.0,,2.0,,2.0,,2.0,,2.0,,2.0,,2.0,,2.0,,2.0,,2.0,,2.0,,1.0,,2.0,c,2.0,,2.0,,1.0,,2.0,,1.0,,1.0,,2.0,,2.0,,2.0,,1.0,,1.0,1.0,2.0,,1.0,,2.0,,2.0,,2.0,,2.0,,2.0,,1.0,,1.0,,1.0,24.0,24.0,1.0,24.0,24.0,1.0,24.0,24.0,1.0,24.0,24.0,APPLE,,SHAWL,MAIZE,,,WHEAT,0.0,44.0,0.0,0.0,0.0,10.0,0.0,58.0,232.0,232.0,0.0,0.0,0,0,0,0.0,SHIMLA,133.0,kullu_kullu_village_amenities.csv
,HIMACHAL PRADESH,,Kullu,,Ani,,Kohila (22/69),,Anni,2009,ANI,15.0,KULLU,110,SHIMLA,152.0,YES,412.0,594.0,2658,1433.0,1225.0,817.0,431.0,386.0,0.0,0.0,0.0,2.0,0.0,2.0,0.0,1.0,KHANI,,1.0,5.0,2.0,0.0,,,,1.0,2.0,2.0,0.0,,,,2.0,0.0,2.0,0.0,1.0,KARANA,,2.0,0.0,2.0,0.0,1.0,ANI,,2.0,0.0,2.0,0.0,1.0,HARIPUR,,2.0,0.0,2.0,0.0,1.0,SUNDER NAGAR,,2.0,0.0,2.0,0.0,1.0,SHIMLA,,2.0,0.0,2.0,0.0,1.0,SHIMLA,,2.0,0.0,2.0,0.0,1.0,SUNDER NAGAR,,2.0,0.0,2.0,0.0,1.0,RACHAULI,,2.0,0.0,2.0,0.0,1.0,RAMPUR,,2.0,0.0,2.0,0.0,1.0,MASHOBRA,,2.0,0.0,2.0,0.0,N.A.,,0.0,0.0,0.0,0.0,0.0,,0.0,0.0,0.0,0.0,0.0,,1.0,1.0,0.0,1.0,0.0,,1.0,0.0,0.0,0.0,0.0,,0.0,0.0,0.0,0.0,0.0,,0.0,0.0,0.0,0.0,0.0,,0.0,0.0,0.0,0.0,0.0,,1.0,0.0,0.0,0.0,0.0,,0.0,0.0,0.0,0.0,0.0,,0.0,0.0,0.0,0.0,0.0,,1.0,,,,,,0.0,0.0,0.0,0.0,0.0,0.0,0.0,0.0,0.0,1.0,1.0,1.0,2.0,,,2.0,,,2.0,,,2.0,,,2.0,1.0,1.0,1.0,2.0,,,2.0,,,1.0,1.0,1.0,2.0,1.0,2.0,2.0,2.0,1.0,2.0,1.0,2.0,2.0,2.0,2.0,2.0,2.0,2.0,1.0,,2.0,,2.0,,1.0,172026.0,1.0,,1.0,,1.0,,2.0,,2.0,,1.0,,1.0,,2.0,,2.0,,1.0,,1.0,,2.0,,2.0,,2.0,,2.0,,2.0,,2.0,,2.0,,2.0,,2.0,,2.0,,2.0,,2.0,,1.0,,2.0,,1.0,,2.0,c,2.0,,2.0,,1.0,,2.0,,1.0,,1.0,,2.0,,2.0,,2.0,,1.0,,1.0,1.0,2.0,,2.0,,2.0,,2.0,,2.0,,2.0,,2.0,,2.0,,1.0,,1.0,24.0,24.0,1.0,24.0,24.0,1.0,24.0,24.0,1.0,24.0,24.0,APPLE,,SHAWL,MAIZE,,,WHEAT,0.0,52.0,0.0,0.0,0.0,30.0,0.0,286.0,44.0,44.0,0.0,0.0,0,0,0,0.0,SHIMLA,152.0,kullu_kullu_village_amenities.csv
,HIMACHAL PRADESH,,Kullu,,Ani,,Karana (24/77),,Anni,2009,ANI,28.0,KULLU,138,SHIMLA,140.0,YES,339.98,541.0,2552,1314.0,1238.0,733.0,376.0,357.0,0.0,0.0,0.0,1.0,4.0,2.0,0.0,,,,1.0,4.0,2.0,0.0,,,,1.0,1.0,2.0,0.0,,,,1.0,1.0,2.0,0.0,,,,2.0,0.0,2.0,0.0,1.0,KUNGASH,,2.0,0.0,2.0,0.0,1.0,HARIPUR,,2.0,0.0,2.0,0.0,1.0,SUNDER NAGAR,,2.0,0.0,2.0,0.0,1.0,SHIMLA,,2.0,0.0,2.0,0.0,1.0,SHIMLA,,2.0,0.0,2.0,0.0,1.0,SUNDER NAGAR,,2.0,0.0,2.0,0.0,1.0,RACHAULI,,2.0,0.0,2.0,0.0,1.0,RAMPUR,,2.0,0.0,2.0,0.0,1.0,MASHOBRA,,2.0,0.0,2.0,0.0,N.A.,,0.0,0.0,0.0,0.0,0.0,,0.0,0.0,0.0,0.0,0.0,,1.0,1.0,0.0,1.0,0.0,,0.0,0.0,0.0,0.0,0.0,,0.0,0.0,0.0,0.0,0.0,,0.0,0.0,0.0,0.0,0.0,,0.0,0.0,0.0,0.0,0.0,,1.0,1.0,0.0,0.0,0.0,,0.0,0.0,0.0,0.0,0.0,,0.0,0.0,0.0,0.0,0.0,,0.0,0.0,0.0,0.0,0.0,,0.0,0.0,1.0,0.0,0.0,0.0,0.0,0.0,0.0,1.0,1.0,1.0,2.0,,,2.0,,,2.0,,,1.0,2.0,1.0,2.0,2.0,,,2.0,,,2.0,,,2.0,,,2.0,2.0,1.0,2.0,2.0,1.0,1.0,1.0,2.0,2.0,2.0,2.0,2.0,2.0,1.0,1.0,,1.0,,2.0,,1.0,172026.0,1.0,,1.0,,1.0,,1.0,,2.0,,1.0,,1.0,,2.0,,2.0,,1.0,,1.0,,2.0,,2.0,,2.0,,2.0,,2.0,,2.0,,2.0,,1.0,,1.0,,1.0,,1.0,,1.0,,1.0,,2.0,,1.0,,2.0,c,2.0,,2.0,,1.0,,1.0,,1.0,,1.0,,2.0,,2.0,,1.0,,1.0,,1.0,1.0,1.0,,2.0,,2.0,,2.0,,2.0,,2.0,,1.0,,1.0,,1.0,,1.0,24.0,24.0,1.0,24.0,24.0,1.0,24.0,24.0,1.0,24.0,24.0,APPLE,,SHAWL,MAIZE,,,WHEAT,0.0,52.0,0.0,0.0,0.0,20.0,0.0,0.0,267.98,266.98,1.0,0.0,0,0,0,1.0,SHIMLA,140.0,kullu_kullu_village_amenities.csv
,HIMACHAL PRADESH,,Kullu,,Ani,,Kungash (24/76),,Anni,2009,ANI,23.0,KULLU,126,SHIMLA,152.0,YES,408.9,554.0,2743,1404.0,1339.0,1134.0,573.0,561.0,0.0,0.0,0.0,1.0,1.0,1.0,2.0,,,,1.0,4.0,2.0,0.0,,,,1.0,2.0,2.0,0.0,,,,1.0,1.0,2.0,0.0,,,,1.0,1.0,2.0,0.0,,,,2.0,0.0,2.0,0.0,1.0,HARIPUR,,2.0,0.0,2.0,0.0,1.0,SUNDER NAGAR,,2.0,0.0,2.0,0.0,1.0,SHIMLA,,2.0,0.0,2.0,0.0,1.0,SHIMLA,,2.0,0.0,2.0,0.0,1.0,SUNDER NAGAR,,2.0,0.0,2.0,0.0,1.0,RACHAULI,,2.0,0.0,2.0,0.0,1.0,RAMPUR,,2.0,0.0,2.0,0.0,1.0,MASHOBRA,,2.0,0.0,2.0,0.0,N.A.,,0.0,0.0,0.0,0.0,0.0,,0.0,0.0,0.0,0.0,0.0,,1.0,1.0,0.0,1.0,0.0,,0.0,0.0,0.0,0.0,0.0,,0.0,0.0,0.0,0.0,0.0,,0.0,0.0,0.0,0.0,0.0,,0.0,0.0,0.0,0.0,0.0,,1.0,0.0,0.0,0.0,0.0,,1.0,2.0,0.0,0.0,0.0,,0.0,0.0,0.0,0.0,0.0,,0.0,0.0,0.0,0.0,0.0,,0.0,0.0,0.0,0.0,0.0,0.0,0.0,0.0,0.0,1.0,1.0,1.0,2.0,,,2.0,,,2.0,,,1.0,1.0,1.0,2.0,1.0,1.0,1.0,2.0,,,2.0,,,2.0,,,2.0,1.0,2.0,2.0,2.0,1.0,2.0,1.0,2.0,2.0,2.0,2.0,2.0,2.0,2.0,1.0,,1.0,,2.0,,1.0,172026.0,1.0,,1.0,,1.0,,2.0,,2.0,,1.0,,1.0,,2.0,,2.0,,1.0,,1.0,,2.0,,2.0,,2.0,,2.0,,2.0,,2.0,,2.0,,1.0,,1.0,,1.0,,1.0,,2.0,,1.0,,2.0,,1.0,,2.0,c,1.0,,2.0,,1.0,,2.0,,2.0,,1.0,,2.0,,2.0,,2.0,,1.0,,1.0,1.0,2.0,,2.0,,2.0,,2.0,,2.0,,2.0,,2.0,,2.0,,1.0,,1.0,24.0,24.0,1.0,24.0,24.0,1.0,24.0,24.0,1.0,24.0,24.0,APPLE,,SHAWL,MAIZE,,,PADDY,0.0,53.0,0.0,0.0,0.0,26.9,0.0,79.9,249.1,242.6,6.5,0.0,0,0,0,6.5,SHIMLA,152.0,kullu_kullu_village_amenities.csv
,HIMACHAL PRADESH,,Kullu,,Ani,,Shilhi (24/75),,Anni,2009,ANI,20.0,KULLU,120,SHIMLA,150.0,YES,387.1,493.0,2474,1262.0,1212.0,770.0,403.0,367.0,0.0,0.0,0.0,1.0,1.0,1.0,2.0,,,,1.0,3.0,2.0,0.0,,,,1.0,2.0,2.0,0.0,,,,1.0,2.0,2.0,0.0,,,,2.0,0.0,2.0,0.0,1.0,KUNGASH,,2.0,0.0,2.0,0.0,1.0,HARIPUR,,2.0,0.0,2.0,0.0,1.0,SUNDER NAGAR,,2.0,0.0,2.0,0.0,1.0,SHIMLA,,2.0,0.0,2.0,0.0,1.0,SHIMLA,,2.0,0.0,2.0,0.0,1.0,SUNDER NAGAR,,2.0,0.0,2.0,0.0,1.0,RACHAULI,,2.0,0.0,2.0,0.0,1.0,RAMPUR,,2.0,0.0,2.0,0.0,1.0,MASHOBRA,,2.0,0.0,2.0,0.0,N.A.,,0.0,0.0,0.0,0.0,0.0,,0.0,0.0,0.0,0.0,0.0,,1.0,1.0,0.0,1.0,0.0,,0.0,0.0,0.0,0.0,0.0,,0.0,0.0,0.0,0.0,0.0,,0.0,0.0,0.0,0.0,0.0,,0.0,0.0,0.0,0.0,0.0,,1.0,0.0,0.0,0.0,0.0,,1.0,2.0,2.0,0.0,0.0,,0.0,0.0,0.0,0.0,0.0,,0.0,0.0,0.0,0.0,0.0,,0.0,0.0,0.0,0.0,0.0,0.0,0.0,0.0,0.0,1.0,1.0,1.0,2.0,,,2.0,,,2.0,,,1.0,1.0,1.0,2.0,2.0,,,2.0,,,2.0,,,1.0,1.0,1.0,2.0,1.0,2.0,2.0,2.0,1.0,2.0,1.0,2.0,2.0,2.0,2.0,2.0,2.0,2.0,1.0,,1.0,,2.0,,1.0,172026.0,1.0,,1.0,,1.0,,2.0,,2.0,,1.0,,1.0,,2.0,,2.0,,1.0,,1.0,,2.0,,2.0,,2.0,,2.0,,2.0,,2.0,,2.0,,1.0,,1.0,,1.0,,1.0,,2.0,,1.0,,2.0,,1.0,,2.0,c,1.0,,2.0,,1.0,,2.0,,2.0,,2.0,,2.0,,2.0,,2.0,,1.0,,1.0,1.0,2.0,,2.0,,2.0,,2.0,,2.0,,2.0,,2.0,,2.0,,1.0,,1.0,24.0,24.0,1.0,24.0,24.0,1.0,24.0,24.0,1.0,24.0,24.0,APPLE,,SHAWL,MAIZE,,,PADDY,0.0,34.9,0.0,0.0,0.0,14.9,0.0,65.1,272.2,262.05,10.15,0.0,0,0,0,10.15,SHIMLA,150.0,kullu_kullu_village_amenities.csv
,HIMACHAL PRADESH,,Kullu,,Ani,,Franali (25/81),,Anni,2009,ANI,20.0,KULLU,103,SHIMLA,152.0,YES,507.0,861.0,3688,1886.0,1802.0,721.0,356.0,365.0,53.0,25.0,28.0,2.0,0.0,1.0,1.0,,,,1.0,3.0,1.0,1.0,,,,1.0,1.0,1.0,1.0,,,,1.0,1.0,2.0,0.0,,,,1.0,1.0,2.0,0.0,,,,2.0,0.0,2.0,0.0,1.0,HARIPUR,,2.0,0.0,2.0,0.0,1.0,SUNDER NAGAR,,2.0,0.0,2.0,0.0,1.0,SHIMLA,,2.0,0.0,2.0,0.0,1.0,SHIMLA,,2.0,0.0,2.0,0.0,1.0,SUNDER NAGAR,,2.0,0.0,2.0,0.0,1.0,RACHAULI,,2.0,0.0,2.0,0.0,1.0,RAMPUR,,2.0,0.0,2.0,0.0,1.0,MASHOBRA,,2.0,0.0,2.0,0.0,N.A.,,1.0,2.0,2.0,1.0,1.0,,0.0,0.0,0.0,0.0,0.0,,1.0,1.0,0.0,1.0,0.0,,1.0,0.0,0.0,0.0,0.0,,1.0,1.0,1.0,1.0,1.0,,0.0,0.0,0.0,0.0,0.0,,0.0,0.0,0.0,0.0,0.0,,1.0,0.0,0.0,0.0,0.0,,1.0,0.0,0.0,0.0,0.0,,0.0,0.0,0.0,0.0,0.0,,0.0,0.0,0.0,0.0,0.0,,0.0,0.0,0.0,0.0,0.0,0.0,0.0,0.0,0.0,1.0,1.0,1.0,2.0,,,2.0,,,2.0,,,1.0,1.0,1.0,2.0,1.0,1.0,1.0,2.0,,,1.0,1.0,1.0,2.0,,,2.0,2.0,1.0,2.0,2.0,2.0,2.0,1.0,1.0,1.0,2.0,2.0,2.0,2.0,2.0,1.0,,1.0,,1.0,,1.0,172026.0,1.0,,1.0,,1.0,,2.0,,2.0,,1.0,,1.0,,2.0,,2.0,,1.0,,1.0,,1.0,,2.0,,2.0,,2.0,,2.0,,2.0,,1.0,,1.0,,1.0,,2.0,,1.0,,1.0,,1.0,,2.0,,1.0,,1.0,,1.0,,1.0,,1.0,,1.0,,1.0,,1.0,,2.0,,1.0,,2.0,,1.0,,1.0,1.0,1.0,,1.0,,1.0,,2.0,,2.0,,2.0,,1.0,,1.0,,1.0,,1.0,24.0,24.0,1.0,24.0,24.0,1.0,24.0,24.0,1.0,24.0,24.0,APPLE,,,MAIZE,,,WHEAT,0.0,85.0,20.0,0.0,0.0,10.0,0.0,0.0,392.0,352.0,40.0,40.0,0,0,0,0.0,SHIMLA,152.0,kullu_kullu_village_amenities.csv
,HIMACHAL PRADESH,,Kullu,,Ani,,Manjha Desh (21/68),,Anni,2009,ANI,14.0,KULLU,124,SHIMLA,134.0,YES,896.97,1608.0,7168,3650.0,3518.0,2482.0,1275.0,1207.0,22.0,14.0,8.0,1.0,1.0,1.0,1.0,,,,1.0,5.0,2.0,0.0,,,,1.0,1.0,2.0,0.0,,,,1.0,1.0,2.0,0.0,,,,1.0,1.0,2.0,0.0,,,,2.0,0.0,2.0,0.0,1.0,HARIPUR,,2.0,0.0,2.0,0.0,1.0,SUNDER NAGAR,,2.0,0.0,2.0,0.0,1.0,SHIMLA,,2.0,0.0,2.0,0.0,1.0,SHIMLA,,2.0,0.0,2.0,0.0,1.0,SUNDER NAGAR,,2.0,0.0,2.0,0.0,1.0,RACHAULI,,2.0,0.0,2.0,0.0,1.0,RAMPUR,,2.0,0.0,2.0,0.0,1.0,MASHOBRA,,2.0,0.0,2.0,0.0,N.A.,,0.0,0.0,0.0,0.0,0.0,,0.0,0.0,0.0,0.0,0.0,,1.0,1.0,0.0,1.0,0.0,,1.0,0.0,0.0,0.0,0.0,,0.0,0.0,0.0,0.0,0.0,,0.0,0.0,0.0,0.0,0.0,,0.0,0.0,0.0,0.0,0.0,,1.0,0.0,0.0,0.0,0.0,,1.0,0.0,0.0,0.0,0.0,,0.0,0.0,0.0,0.0,0.0,,0.0,0.0,0.0,0.0,0.0,,0.0,0.0,0.0,0.0,0.0,0.0,0.0,0.0,0.0,1.0,1.0,1.0,2.0,,,2.0,,,2.0,,,1.0,1.0,1.0,2.0,1.0,1.0,1.0,2.0,,,2.0,,,2.0,,,2.0,1.0,2.0,2.0,2.0,1.0,2.0,1.0,2.0,2.0,2.0,2.0,2.0,2.0,2.0,1.0,,1.0,,2.0,,1.0,172026.0,1.0,,1.0,,1.0,,2.0,,2.0,,1.0,,1.0,,2.0,,2.0,,1.0,,1.0,,1.0,,2.0,,2.0,,2.0,,2.0,,2.0,,1.0,,1.0,,1.0,,2.0,,2.0,,2.0,,2.0,,2.0,,1.0,,1.0,,2.0,,1.0,,2.0,,2.0,,1.0,,1.0,,2.0,,2.0,,1.0,,1.0,,1.0,1.0,2.0,,2.0,,2.0,,2.0,,2.0,,2.0,,1.0,,1.0,,1.0,,1.0,24.0,24.0,1.0,24.0,24.0,1.0,24.0,24.0,1.0,24.0,24.0,MAIZE,,,PADDY,,,WHEAT,0.0,150.12,0.0,0.0,35.4,38.37,0.0,0.0,673.08,672.08,1.0,0.0,0,0,0,1.0,SHIMLA,134.0,kullu_kullu_village_amenities.csv
,HIMACHAL PRADESH,,Kullu,,Ani,,Jaban (25/78),,Anni,2009,ANI,21.0,KULLU,140,SHIMLA,138.0,YES,391.0,642.0,2752,1385.0,1367.0,963.0,503.0,460.0,19.0,10.0,9.0,1.0,1.0,1.0,1.0,,,,1.0,4.0,2.0,0.0,,,,1.0,1.0,2.0,0.0,,,,2.0,0.0,2.0,0.0,1.0,DABASH,,2.0,0.0,2.0,0.0,1.0,DABASH,,2.0,0.0,2.0,0.0,1.0,HARIPUR,,2.0,0.0,2.0,0.0,1.0,SUNDER NAGAR,,2.0,0.0,2.0,0.0,1.0,SHIMLA,,2.0,0.0,2.0,0.0,1.0,SHIMLA,,2.0,0.0,2.0,0.0,1.0,SUNDER NAGAR,,2.0,0.0,2.0,0.0,1.0,RACHAULI,,2.0,0.0,2.0,0.0,1.0,RAMPUR,,2.0,0.0,2.0,0.0,1.0,MASHOBRA,,2.0,0.0,2.0,0.0,N.A.,,0.0,0.0,0.0,0.0,0.0,,0.0,0.0,0.0,0.0,0.0,,1.0,1.0,0.0,1.0,0.0,,0.0,0.0,0.0,0.0,0.0,,0.0,0.0,0.0,0.0,0.0,,0.0,0.0,0.0,0.0,0.0,,0.0,0.0,0.0,0.0,0.0,,1.0,1.0,0.0,0.0,0.0,,0.0,0.0,0.0,0.0,0.0,,0.0,0.0,0.0,0.0,0.0,,0.0,0.0,0.0,0.0,0.0,,0.0,0.0,0.0,0.0,0.0,0.0,0.0,0.0,0.0,1.0,1.0,1.0,2.0,,,2.0,,,2.0,,,1.0,1.0,1.0,2.0,1.0,1.0,1.0,2.0,,,2.0,,,1.0,1.0,1.0,2.0,1.0,2.0,2.0,2.0,1.0,2.0,1.0,2.0,2.0,2.0,2.0,2.0,2.0,2.0,1.0,,1.0,,2.0,,1.0,172025.0,2.0,,2.0,,2.0,,2.0,,2.0,,1.0,,1.0,,2.0,,1.0,,1.0,,1.0,,1.0,,2.0,,2.0,,2.0,,2.0,,2.0,,2.0,,2.0,,2.0,,1.0,,1.0,,2.0,,2.0,,2.0,,1.0,,2.0,c,2.0,,1.0,,1.0,,2.0,,2.0,,1.0,,2.0,,2.0,,2.0,,1.0,,1.0,1.0,2.0,,2.0,,2.0,,2.0,,2.0,,2.0,,2.0,,1.0,,1.0,,1.0,24.0,24.0,1.0,24.0,24.0,1.0,24.0,24.0,1.0,24.0,24.0,APPLE,,SHAWL,MAIZE,,,WHEAT,0.0,11.0,0.0,0.0,0.0,43.0,0.0,117.0,220.0,220.0,0.0,0.0,0,0,0,0.0,SHIMLA,138.0,kullu_kullu_village_amenities.csv
,HIMACHAL PRADESH,,Kullu,,Ani,,Dingi Dhar (25/82),,Anni,2009,ANI,28.0,KULLU,156,SHIMLA,140.0,YES,632.96,827.0,3827,1958.0,1869.0,2024.0,1036.0,988.0,32.0,19.0,13.0,1.0,6.0,1.0,1.0,,,,1.0,4.0,1.0,1.0,,,,1.0,2.0,2.0,0.0,,,,1.0,1.0,2.0,0.0,,,,1.0,1.0,2.0,0.0,,,,1.0,1.0,2.0,0.0,,,,2.0,0.0,2.0,0.0,1.0,SUNDER NAGAR,,2.0,0.0,2.0,0.0,1.0,SHIMLA,,2.0,0.0,2.0,0.0,1.0,SHIMLA,,2.0,0.0,2.0,0.0,1.0,SUNDER NAGAR,,2.0,0.0,2.0,0.0,1.0,NIRMAND,,2.0,0.0,2.0,0.0,1.0,RAMPUR,,2.0,0.0,2.0,0.0,1.0,SHIMLA,,2.0,0.0,2.0,0.0,N.A.,,0.0,0.0,0.0,0.0,0.0,,0.0,0.0,0.0,0.0,0.0,,1.0,1.0,0.0,1.0,0.0,,2.0,0.0,0.0,0.0,0.0,,0.0,0.0,0.0,0.0,0.0,,1.0,1.0,0.0,1.0,0.0,,0.0,0.0,0.0,0.0,0.0,,1.0,0.0,0.0,0.0,0.0,,1.0,0.0,0.0,0.0,0.0,,0.0,0.0,0.0,0.0,0.0,,1.0,,,,,,0.0,0.0,0.0,0.0,0.0,0.0,0.0,0.0,0.0,1.0,1.0,1.0,2.0,,,2.0,,,2.0,,,1.0,1.0,1.0,2.0,1.0,1.0,1.0,1.0,1.0,1.0,2.0,,,1.0,1.0,1.0,1.0,2.0,2.0,2.0,2.0,2.0,1.0,1.0,2.0,2.0,2.0,2.0,2.0,2.0,1.0,1.0,,1.0,,1.0,,1.0,172025.0,1.0,,1.0,,1.0,,1.0,,2.0,,1.0,,1.0,,2.0,,2.0,,1.0,,2.0,,2.0,,2.0,,2.0,,2.0,,2.0,,2.0,,2.0,,1.0,,1.0,,1.0,,1.0,,1.0,,1.0,,2.0,,1.0,,2.0,c,2.0,,2.0,,1.0,,1.0,,1.0,,1.0,,2.0,,2.0,,1.0,,1.0,,1.0,1.0,1.0,,2.0,,2.0,,2.0,,2.0,,2.0,,1.0,,1.0,,1.0,,1.0,24.0,24.0,1.0,24.0,24.0,1.0,24.0,24.0,1.0,24.0,24.0,APPLE,,,MAIZE,,,PADDY,56.99,0.0,0.0,0.0,51.0,89.99,0.0,0.0,434.98,434.58,0.4,0.4,0,0,0,0.0,SHIMLA,140.0,kullu_kullu_village_amenities.csv
,HIMACHAL PRADESH,,Kullu,,Ani,,Soidhar (25/80),,Anni,2009,ANI,28.0,KULLU,156,SHIMLA,145.0,YES,367.0,519.0,2275,1138.0,1137.0,599.0,302.0,297.0,26.0,16.0,10.0,1.0,1.0,1.0,2.0,,,,1.0,3.0,2.0,0.0,,,,1.0,2.0,2.0,0.0,,,,1.0,1.0,2.0,0.0,,,,1.0,1.0,2.0,0.0,,,,2.0,0.0,2.0,0.0,1.0,DAYANALI,,2.0,0.0,2.0,0.0,1.0,SUNDER NAGAR,,2.0,0.0,2.0,0.0,1.0,SHIMLA,,2.0,0.0,2.0,0.0,1.0,SHIMLA,,2.0,0.0,2.0,0.0,1.0,SUNDER NAGAR,,2.0,0.0,2.0,0.0,1.0,RACHAULI,,2.0,0.0,2.0,0.0,1.0,RAMPUR,,2.0,0.0,2.0,0.0,1.0,MASHOBRA,,2.0,0.0,2.0,0.0,N.A.,,1.0,1.0,1.0,0.0,0.0,,1.0,2.0,2.0,2.0,2.0,,1.0,1.0,1.0,1.0,0.0,,0.0,0.0,0.0,0.0,0.0,,0.0,0.0,0.0,0.0,0.0,,0.0,0.0,0.0,0.0,0.0,,0.0,0.0,0.0,0.0,0.0,,1.0,0.0,0.0,0.0,0.0,,0.0,0.0,0.0,0.0,0.0,,0.0,0.0,0.0,0.0,0.0,,0.0,0.0,0.0,0.0,0.0,,0.0,0.0,0.0,0.0,0.0,0.0,0.0,0.0,0.0,1.0,1.0,1.0,2.0,,,2.0,,,2.0,,,1.0,1.0,1.0,2.0,1.0,1.0,1.0,1.0,1.0,1.0,2.0,,,2.0,,,2.0,2.0,1.0,2.0,2.0,1.0,2.0,1.0,2.0,2.0,2.0,2.0,2.0,2.0,2.0,1.0,,1.0,,2.0,,1.0,172026.0,1.0,,1.0,,1.0,,2.0,,2.0,,1.0,,1.0,,2.0,,2.0,,1.0,,1.0,,2.0,,2.0,,2.0,,2.0,,2.0,,2.0,,2.0,,1.0,,1.0,,1.0,,1.0,,2.0,,1.0,,2.0,,1.0,,2.0,c,1.0,,2.0,,1.0,,2.0,,2.0,,2.0,,2.0,,2.0,,2.0,,1.0,,1.0,1.0,2.0,,2.0,,2.0,,2.0,,2.0,,2.0,,2.0,,1.0,,1.0,,1.0,24.0,24.0,1.0,24.0,24.0,1.0,24.0,24.0,1.0,24.0,24.0,MAIZE,,,WHEAT,,,VEGETABLES,0.0,24.9,0.0,0.0,0.0,26.1,0.0,6.15,309.85,293.75,16.1,0.0,0,0,0,16.1,SHIMLA,145.0,kullu_kullu_village_amenities.csv
,HIMACHAL PRADESH,,Kullu,,Ani,,Beongal (25/79),,Anni,2009,ANI,21.0,KULLU,140,SHIMLA,144.0,YES,308.0,448.0,1956,990.0,966.0,687.0,355.0,332.0,0.0,0.0,0.0,1.0,1.0,1.0,1.0,,,,1.0,3.0,2.0,0.0,,,,1.0,1.0,2.0,0.0,,,,2.0,0.0,2.0,0.0,1.0,DALASH,,2.0,0.0,2.0,0.0,1.0,DALASH,,2.0,0.0,2.0,0.0,1.0,HARIPUR,,2.0,0.0,2.0,0.0,1.0,SUNDER NAGAR,,2.0,0.0,2.0,0.0,1.0,SHIMLA,,2.0,0.0,2.0,0.0,1.0,SHIMLA,,2.0,0.0,2.0,0.0,1.0,SUNDER NAGAR,,2.0,0.0,2.0,0.0,1.0,RACHAULI,,2.0,0.0,2.0,0.0,1.0,RAMPUR,,2.0,0.0,2.0,0.0,1.0,MASHOBRA,,2.0,0.0,2.0,0.0,N.A.,,0.0,0.0,0.0,0.0,0.0,,0.0,0.0,0.0,0.0,0.0,,1.0,1.0,0.0,1.0,0.0,,0.0,0.0,0.0,0.0,0.0,,0.0,0.0,0.0,0.0,0.0,,1.0,1.0,0.0,1.0,0.0,,0.0,0.0,0.0,0.0,0.0,,1.0,1.0,0.0,0.0,0.0,,0.0,0.0,0.0,0.0,0.0,,0.0,0.0,0.0,0.0,0.0,,0.0,0.0,0.0,0.0,0.0,,0.0,0.0,0.0,0.0,0.0,0.0,0.0,0.0,0.0,1.0,1.0,1.0,2.0,,,2.0,,,2.0,,,2.0,,,2.0,2.0,,,2.0,,,2.0,,,1.0,1.0,1.0,2.0,2.0,1.0,2.0,2.0,1.0,2.0,1.0,2.0,2.0,2.0,2.0,2.0,2.0,2.0,1.0,,1.0,,2.0,,1.0,172026.0,2.0,,2.0,,2.0,,2.0,,2.0,,1.0,,1.0,,2.0,,2.0,,1.0,,1.0,,1.0,,2.0,,2.0,,2.0,,2.0,,2.0,,2.0,,2.0,,2.0,,2.0,,1.0,,2.0,,2.0,,2.0,,1.0,,2.0,c,2.0,,1.0,,1.0,,2.0,,2.0,,2.0,,2.0,,2.0,,2.0,,1.0,,1.0,1.0,2.0,,2.0,,2.0,,2.0,,2.0,,2.0,,2.0,,1.0,,1.0,,1.0,24.0,24.0,1.0,24.0,24.0,1.0,24.0,24.0,1.0,24.0,24.0,APPLE,,,PADDY,,,WHEAT,0.0,18.0,0.0,0.0,0.0,20.0,0.0,24.0,246.0,244.0,2.0,0.0,0,0,0,2.0,SHIMLA,144.0,kullu_kullu_village_amenities.csv
,HIMACHAL PRADESH,,Kullu,,Ani,,Palehi (20/64),,Anni,2009,ANI,35.0,KULLU,145,SHIMLA,115.0,YES,666.6,875.0,3899,2000.0,1899.0,1384.0,716.0,668.0,5.0,3.0,2.0,2.0,0.0,2.0,0.0,2.0,TADI,,1.0,10.0,1.0,2.0,,,,1.0,3.0,2.0,0.0,,,,1.0,2.0,2.0,0.0,,,,1.0,1.0,2.0,0.0,,,,2.0,0.0,2.0,0.0,1.0,HARIPUR,,2.0,0.0,2.0,0.0,1.0,SUNDER NAGAR,,2.0,0.0,2.0,0.0,1.0,SHIMLA,,2.0,0.0,2.0,0.0,1.0,SHIMLA,,2.0,0.0,2.0,0.0,1.0,SUNDER NAGAR,,2.0,0.0,2.0,0.0,1.0,RACHOLI,,2.0,0.0,2.0,0.0,1.0,RAMPUR,,2.0,0.0,2.0,0.0,1.0,MASHOBRA,,2.0,0.0,2.0,0.0,N.A.,,0.0,0.0,0.0,0.0,0.0,,0.0,0.0,0.0,0.0,0.0,,1.0,1.0,0.0,1.0,0.0,,0.0,0.0,0.0,0.0,0.0,,0.0,0.0,0.0,0.0,0.0,,0.0,0.0,0.0,0.0,0.0,,0.0,0.0,0.0,0.0,0.0,,3.0,0.0,0.0,0.0,0.0,,0.0,0.0,0.0,0.0,0.0,,0.0,0.0,0.0,0.0,0.0,,0.0,0.0,0.0,0.0,0.0,,0.0,0.0,0.0,1.0,0.0,0.0,0.0,0.0,0.0,1.0,1.0,1.0,2.0,,,2.0,,,2.0,,,1.0,1.0,1.0,2.0,2.0,,,2.0,,,2.0,,,2.0,,,2.0,2.0,1.0,2.0,2.0,1.0,1.0,1.0,2.0,2.0,2.0,2.0,2.0,2.0,1.0,1.0,,2.0,,2.0,,1.0,172033.0,1.0,,2.0,,1.0,,2.0,,2.0,,1.0,,1.0,,2.0,,2.0,,1.0,,1.0,,2.0,,2.0,,2.0,,2.0,,2.0,,2.0,,2.0,,1.0,,1.0,,1.0,,1.0,,1.0,,1.0,,2.0,,1.0,,2.0,c,2.0,,2.0,,1.0,,1.0,,1.0,,1.0,,2.0,,2.0,,1.0,,1.0,,1.0,1.0,2.0,,2.0,,2.0,,2.0,,2.0,,2.0,,1.0,,1.0,,1.0,,1.0,24.0,24.0,1.0,24.0,24.0,1.0,24.0,24.0,1.0,24.0,24.0,APPLE,,,PADDY,,,MAIZE,0.0,0.0,90.8,0.0,0.0,53.95,0.0,21.9,499.95,498.95,1.0,0.0,0,0,0,1.0,SHIMLA,115.0,kullu_kullu_village_amenities.csv
,HIMACHAL PRADESH,,Kullu,,Nermand,,Chail (15/40),,Nirmand,2009,NERMAND,29.0,KULLU,210,RAMPUR,46.0,YES,320.0,523.0,2332,1190.0,1142.0,939.0,497.0,442.0,0.0,0.0,0.0,2.0,0.0,1.0,1.0,,,,1.0,3.0,1.0,1.0,,,,1.0,2.0,1.0,1.0,,,,1.0,1.0,2.0,0.0,,,,1.0,1.0,2.0,0.0,,,,2.0,0.0,2.0,0.0,1.0,RAMPUR,,2.0,0.0,2.0,0.0,2.0,BAKNA GHAT,,2.0,0.0,2.0,0.0,1.0,SHIMLA,,2.0,0.0,2.0,0.0,1.0,SHIMLA,,2.0,0.0,2.0,0.0,1.0,ROHRU,,2.0,0.0,2.0,0.0,1.0,RACHOLI,,2.0,0.0,2.0,0.0,1.0,RAMPUR,,2.0,0.0,2.0,0.0,1.0,MASHOBARA,,2.0,0.0,2.0,0.0,N.A.,,0.0,0.0,0.0,0.0,0.0,,0.0,0.0,0.0,0.0,0.0,,1.0,1.0,0.0,1.0,0.0,,0.0,0.0,0.0,0.0,0.0,,0.0,0.0,0.0,0.0,0.0,,0.0,0.0,0.0,0.0,0.0,,0.0,0.0,0.0,0.0,0.0,,1.0,0.0,0.0,0.0,0.0,,1.0,1.0,1.0,1.0,1.0,,0.0,0.0,0.0,0.0,0.0,,0.0,0.0,0.0,0.0,0.0,,0.0,0.0,0.0,0.0,0.0,0.0,0.0,0.0,0.0,1.0,1.0,1.0,2.0,,,2.0,,,2.0,,,1.0,1.0,1.0,2.0,2.0,,,1.0,1.0,1.0,2.0,,,2.0,,,2.0,1.0,2.0,2.0,2.0,1.0,1.0,2.0,2.0,2.0,2.0,2.0,2.0,2.0,1.0,1.0,,1.0,,2.0,,1.0,172023.0,2.0,,2.0,,1.0,,2.0,,2.0,,1.0,,2.0,,2.0,,2.0,,2.0,,2.0,,2.0,,2.0,,2.0,,2.0,,2.0,,2.0,,2.0,,2.0,,2.0,,2.0,,1.0,,1.0,,2.0,,2.0,,1.0,,2.0,c,2.0,,1.0,,1.0,,1.0,,1.0,,2.0,,2.0,,2.0,,1.0,,1.0,,1.0,1.0,2.0,,1.0,,2.0,,2.0,,2.0,,2.0,,2.0,,1.0,,1.0,,1.0,24.0,24.0,1.0,24.0,24.0,1.0,24.0,24.0,1.0,24.0,24.0,WHEAT,,,MAIZE,,,BARLEY,5.0,76.0,0.0,0.0,0.0,0.0,0.0,0.0,239.0,232.0,7.0,0.0,0,0,0,7.0,RAMPUR,46.0,kullu_kullu_village_amenities.csv
,HIMACHAL PRADESH,,Kullu,,Nermand,,Sarahan (15/41),,Nirmand,2009,NERMAND,29.0,KULLU,210,RAMPUR,46.0,YES,89.0,156.0,679,349.0,330.0,91.0,48.0,43.0,0.0,0.0,0.0,2.0,0.0,1.0,1.0,,,,1.0,2.0,1.0,1.0,,,,1.0,1.0,1.0,1.0,,,,1.0,1.0,2.0,0.0,,,,2.0,0.0,2.0,0.0,1.0,BANIPUL,,2.0,0.0,2.0,0.0,1.0,RAMPUR,,2.0,0.0,2.0,0.0,2.0,BAKNA GHAT,,2.0,0.0,2.0,0.0,1.0,SHIMLA,,2.0,0.0,2.0,0.0,1.0,SHIMLA,,2.0,0.0,2.0,0.0,1.0,ROHRU,,2.0,0.0,2.0,0.0,1.0,RACHOLI,,2.0,0.0,2.0,0.0,1.0,RAMPUR,,2.0,0.0,2.0,0.0,1.0,MASHOBARA,,2.0,0.0,2.0,0.0,N.A.,,0.0,0.0,0.0,0.0,0.0,,0.0,0.0,0.0,0.0,0.0,,1.0,1.0,0.0,1.0,0.0,,0.0,0.0,0.0,0.0,0.0,,0.0,0.0,0.0,0.0,0.0,,0.0,0.0,0.0,0.0,0.0,,0.0,0.0,0.0,0.0,0.0,,0.0,0.0,0.0,0.0,0.0,,1.0,2.0,1.0,0.0,0.0,,0.0,0.0,0.0,0.0,0.0,,0.0,0.0,0.0,0.0,0.0,,0.0,0.0,0.0,0.0,0.0,0.0,0.0,0.0,0.0,1.0,1.0,1.0,2.0,,,2.0,,,2.0,,,1.0,1.0,1.0,2.0,1.0,2.0,1.0,2.0,,,2.0,,,2.0,,,2.0,1.0,2.0,2.0,2.0,1.0,1.0,2.0,2.0,2.0,2.0,2.0,2.0,2.0,1.0,1.0,,1.0,,2.0,,1.0,172023.0,2.0,,2.0,,1.0,,2.0,,2.0,,1.0,,2.0,,2.0,,2.0,,2.0,,2.0,,2.0,,2.0,,2.0,,2.0,,2.0,,2.0,,2.0,,2.0,,2.0,,2.0,,1.0,,1.0,,2.0,,2.0,,1.0,,2.0,c,2.0,,1.0,,1.0,,1.0,,1.0,,2.0,,2.0,,2.0,,1.0,,1.0,,1.0,1.0,2.0,,1.0,,2.0,,2.0,,2.0,,2.0,,2.0,,1.0,,1.0,,1.0,24.0,24.0,1.0,24.0,24.0,1.0,24.0,24.0,1.0,24.0,24.0,WHEAT,,,MAIZE,,,BARLEY,0.0,19.0,2.0,0.0,0.0,1.0,0.0,0.0,67.0,60.0,7.0,0.0,0,0,7,0.0,RAMPUR,46.0,kullu_kullu_village_amenities.csv
,HIMACHAL PRADESH,,Kullu,,Nermand,,Jhaler (15/42),,Nirmand,2009,NERMAND,18.0,KULLU,190,RAMPUR,36.0,YES,179.0,248.0,1103,582.0,521.0,417.0,215.0,202.0,0.0,0.0,0.0,2.0,0.0,1.0,1.0,,,,1.0,2.0,1.0,1.0,,,,1.0,1.0,2.0,0.0,,,,1.0,1.0,2.0,0.0,,,,2.0,0.0,2.0,0.0,1.0,ARSU,,2.0,0.0,2.0,0.0,1.0,RAMPUR,,2.0,0.0,2.0,0.0,2.0,BAKNA GHAT,,2.0,0.0,2.0,0.0,1.0,SHIMLA,,2.0,0.0,2.0,0.0,1.0,SHIMLA,,2.0,0.0,2.0,0.0,1.0,ROHRU,,2.0,0.0,2.0,0.0,1.0,RACHOLI,,2.0,0.0,2.0,0.0,1.0,RAMPUR,,2.0,0.0,2.0,0.0,1.0,MASHOBARA,,2.0,0.0,2.0,0.0,N.A.,,0.0,0.0,0.0,0.0,0.0,,0.0,0.0,0.0,0.0,0.0,,0.0,0.0,0.0,0.0,0.0,,0.0,0.0,0.0,0.0,0.0,,0.0,0.0,0.0,0.0,0.0,,0.0,0.0,0.0,0.0,0.0,,0.0,0.0,0.0,0.0,0.0,,1.0,1.0,0.0,1.0,0.0,,1.0,0.0,0.0,0.0,0.0,,0.0,0.0,0.0,0.0,0.0,,0.0,0.0,0.0,0.0,0.0,,0.0,0.0,0.0,0.0,0.0,0.0,0.0,0.0,0.0,1.0,1.0,1.0,2.0,,,2.0,,,2.0,,,1.0,1.0,1.0,2.0,1.0,1.0,1.0,1.0,1.0,1.0,2.0,,,2.0,,,2.0,1.0,2.0,2.0,2.0,1.0,2.0,2.0,2.0,2.0,2.0,2.0,2.0,2.0,1.0,1.0,,2.0,,2.0,,1.0,172023.0,1.0,,1.0,,1.0,,2.0,,2.0,,1.0,,1.0,,2.0,,2.0,,1.0,,2.0,,2.0,,2.0,,2.0,,2.0,,2.0,,2.0,,1.0,,1.0,,1.0,,1.0,,1.0,,1.0,,1.0,,2.0,,1.0,,2.0,c,2.0,,2.0,,2.0,,1.0,,1.0,,1.0,,2.0,,2.0,,1.0,,1.0,,1.0,1.0,2.0,,1.0,,2.0,,2.0,,2.0,,2.0,,2.0,,1.0,,1.0,,1.0,24.0,24.0,1.0,24.0,24.0,1.0,24.0,24.0,1.0,24.0,24.0,WHEAT,,,BARLEY,,,MAIZE,0.0,0.0,37.0,0.0,0.0,11.0,15.0,0.0,116.0,116.0,0.0,0.0,0,0,0,0.0,RAMPUR,36.0,kullu_kullu_village_amenities.csv
,HIMACHAL PRADESH,,Kullu,,Nermand,,Nore (15/43),,Nirmand,2009,NERMAND,18.0,KULLU,190,RAMPUR,38.0,YES,193.0,311.0,1466,744.0,722.0,848.0,439.0,409.0,0.0,0.0,0.0,2.0,0.0,2.0,0.0,2.0,BANIPUL,,1.0,2.0,1.0,1.0,,,,1.0,1.0,2.0,0.0,,,,1.0,1.0,2.0,0.0,,,,1.0,1.0,2.0,0.0,,,,2.0,0.0,2.0,0.0,1.0,RAMPUR,,2.0,0.0,2.0,0.0,2.0,BAKNA GHAT,,2.0,0.0,2.0,0.0,1.0,SHIMLA,,2.0,0.0,2.0,0.0,1.0,SHIMLA,,2.0,0.0,2.0,0.0,1.0,ROHRU,,2.0,0.0,2.0,0.0,1.0,RACHOLI,,2.0,0.0,2.0,0.0,1.0,RAMPUR,,2.0,0.0,2.0,0.0,1.0,MASHOBARA,,2.0,0.0,2.0,0.0,N.A.,,0.0,0.0,0.0,0.0,0.0,,0.0,0.0,0.0,0.0,0.0,,1.0,1.0,0.0,1.0,0.0,,0.0,0.0,0.0,0.0,0.0,,0.0,0.0,0.0,0.0,0.0,,0.0,0.0,0.0,0.0,0.0,,0.0,0.0,0.0,0.0,0.0,,0.0,0.0,0.0,0.0,0.0,,1.0,2.0,2.0,0.0,0.0,,0.0,0.0,0.0,0.0,0.0,,0.0,0.0,0.0,0.0,0.0,,0.0,0.0,0.0,0.0,0.0,0.0,0.0,0.0,0.0,1.0,1.0,1.0,2.0,,,2.0,,,2.0,,,1.0,1.0,1.0,2.0,2.0,,,1.0,1.0,1.0,2.0,,,2.0,,,2.0,1.0,2.0,2.0,2.0,1.0,1.0,1.0,2.0,2.0,2.0,2.0,2.0,2.0,1.0,1.0,,2.0,,2.0,,1.0,172023.0,1.0,,1.0,,1.0,,2.0,,2.0,,1.0,,1.0,,2.0,,2.0,,2.0,,2.0,,2.0,,2.0,,2.0,,2.0,,2.0,,1.0,,2.0,,1.0,,1.0,,1.0,,1.0,,1.0,,1.0,,2.0,,1.0,,2.0,c,2.0,,2.0,,2.0,,2.0,,1.0,,2.0,,2.0,,2.0,,1.0,,1.0,,1.0,1.0,2.0,,1.0,,1.0,,2.0,,2.0,,2.0,,1.0,,1.0,,1.0,,1.0,24.0,24.0,1.0,24.0,24.0,1.0,24.0,24.0,1.0,24.0,24.0,WHEAT,,,MAIZE,,,BARLEY,0.0,40.0,19.0,0.0,0.0,8.0,0.0,0.0,126.0,126.0,0.0,0.0,0,0,0,0.0,RAMPUR,38.0,kullu_kullu_village_amenities.csv
,HIMACHAL PRADESH,,Kullu,,Nermand,,Koti (16/44),,Nirmand,2009,NERMAND,20.0,KULLU,220,RAMPUR,38.0,YES,198.0,268.0,1233,611.0,622.0,385.0,204.0,181.0,0.0,0.0,0.0,2.0,0.0,2.0,0.0,2.0,BANIPUL,,1.0,2.0,2.0,0.0,,,,1.0,1.0,2.0,0.0,,,,2.0,0.0,2.0,0.0,1.0,BANIPUL,,2.0,0.0,2.0,0.0,1.0,BANIPUL,,2.0,0.0,2.0,0.0,1.0,RAMPUR,,2.0,0.0,2.0,0.0,2.0,BAKNA GHAT,,2.0,0.0,2.0,0.0,1.0,SHIMLA,,2.0,0.0,2.0,0.0,1.0,SHIMLA,,2.0,0.0,2.0,0.0,1.0,ROHRU,,2.0,0.0,2.0,0.0,1.0,RACHOLI,,2.0,0.0,2.0,0.0,1.0,RAMPUR,,2.0,0.0,2.0,0.0,1.0,MASHOBARA,,2.0,0.0,2.0,0.0,N.A.,,0.0,0.0,0.0,0.0,0.0,,0.0,0.0,0.0,0.0,0.0,,0.0,0.0,0.0,0.0,0.0,,0.0,0.0,0.0,0.0,0.0,,0.0,0.0,0.0,0.0,0.0,,0.0,0.0,0.0,0.0,0.0,,0.0,0.0,0.0,0.0,0.0,,1.0,1.0,1.0,1.0,1.0,,0.0,0.0,0.0,0.0,0.0,,0.0,0.0,0.0,0.0,0.0,,0.0,0.0,0.0,0.0,0.0,,0.0,0.0,0.0,0.0,0.0,0.0,0.0,0.0,0.0,1.0,1.0,1.0,2.0,,,2.0,,,2.0,,,1.0,1.0,1.0,2.0,2.0,,,1.0,1.0,1.0,2.0,,,2.0,,,2.0,2.0,1.0,2.0,2.0,2.0,2.0,1.0,2.0,2.0,2.0,2.0,2.0,2.0,1.0,2.0,,2.0,,1.0,,1.0,172002.0,1.0,,1.0,,1.0,,2.0,,2.0,,1.0,,1.0,,2.0,,2.0,,2.0,,2.0,,1.0,,2.0,,2.0,,2.0,,2.0,,2.0,,2.0,,1.0,,1.0,,1.0,,1.0,,1.0,,1.0,,2.0,,1.0,,2.0,c,2.0,,2.0,,2.0,,1.0,,1.0,,2.0,,2.0,,2.0,,2.0,,1.0,,1.0,1.0,2.0,,1.0,,2.0,,2.0,,2.0,,2.0,,2.0,,1.0,,1.0,,1.0,24.0,24.0,1.0,24.0,24.0,1.0,24.0,24.0,1.0,24.0,24.0,WHEAT,,,MAIZE,,,PADDY,0.0,20.0,0.0,0.0,0.0,23.0,0.0,15.0,140.0,128.0,12.0,0.0,0,0,0,12.0,RAMPUR,38.0,kullu_kullu_village_amenities.csv
,HIMACHAL PRADESH,,Kullu,,Nermand,,Shili Kote (16/45),,Nirmand,2009,NERMAND,20.0,KULLU,220,RAMPUR,38.0,YES,301.0,499.0,2210,1103.0,1107.0,768.0,397.0,371.0,0.0,0.0,0.0,2.0,0.0,2.0,0.0,2.0,ARSU,,1.0,3.0,2.0,0.0,,,,1.0,1.0,2.0,0.0,,,,1.0,1.0,2.0,0.0,,,,2.0,0.0,2.0,0.0,1.0,ARSU,,2.0,0.0,2.0,0.0,1.0,RAMPUR,,2.0,0.0,2.0,0.0,1.0,BAKNA GHAT,,2.0,0.0,2.0,0.0,1.0,SHIMLA,,2.0,0.0,2.0,0.0,1.0,SHIMLA,,2.0,0.0,2.0,0.0,1.0,ROHRU,,2.0,0.0,2.0,0.0,1.0,RACHOLI,,2.0,0.0,2.0,0.0,1.0,RAMPUR,,2.0,0.0,2.0,0.0,1.0,MASHOBARA,,2.0,0.0,2.0,0.0,N.A.,,0.0,0.0,0.0,0.0,0.0,,0.0,0.0,0.0,0.0,0.0,,1.0,1.0,0.0,1.0,0.0,,0.0,0.0,0.0,0.0,0.0,,0.0,0.0,0.0,0.0,0.0,,0.0,0.0,0.0,0.0,0.0,,0.0,0.0,0.0,0.0,0.0,,1.0,0.0,0.0,0.0,0.0,,1.0,0.0,0.0,0.0,0.0,,0.0,0.0,0.0,0.0,0.0,,0.0,0.0,0.0,0.0,0.0,,0.0,0.0,0.0,0.0,0.0,0.0,0.0,0.0,0.0,1.0,1.0,1.0,2.0,,,2.0,,,2.0,,,1.0,1.0,1.0,2.0,1.0,1.0,1.0,2.0,,,2.0,,,2.0,,,2.0,2.0,1.0,2.0,2.0,2.0,2.0,1.0,2.0,2.0,2.0,2.0,2.0,2.0,1.0,1.0,,1.0,,2.0,,1.0,172002.0,1.0,,2.0,,1.0,,2.0,,2.0,,1.0,,1.0,,2.0,,2.0,,2.0,,2.0,,1.0,,2.0,,2.0,,2.0,,2.0,,2.0,,2.0,,2.0,,1.0,,1.0,,1.0,,1.0,,1.0,,2.0,,1.0,,2.0,c,2.0,,2.0,,2.0,,2.0,,1.0,,2.0,,2.0,,2.0,,2.0,,1.0,,1.0,1.0,2.0,,2.0,,1.0,,2.0,,2.0,,2.0,,2.0,,1.0,,1.0,,1.0,24.0,24.0,1.0,24.0,24.0,1.0,24.0,24.0,1.0,24.0,24.0,WHEAT,,,PADDY,,,MAIZE,0.0,44.0,0.0,0.0,0.0,23.0,0.0,21.0,213.0,198.0,15.0,15.0,0,0,0,0.0,RAMPUR,38.0,kullu_kullu_village_amenities.csv
,HIMACHAL PRADESH,,Kullu,,Nermand,,Dethoa (16/46),,Nirmand,2009,NERMAND,15.0,KULLU,215,RAMPUR,35.0,YES,313.0,373.0,1692,868.0,824.0,1024.0,528.0,496.0,1.0,0.0,1.0,2.0,0.0,2.0,0.0,2.0,TIKRI,,1.0,3.0,2.0,0.0,,,,1.0,1.0,2.0,0.0,,,,2.0,0.0,2.0,0.0,1.0,ARSU,,2.0,0.0,2.0,0.0,1.0,ARSU,,2.0,0.0,2.0,0.0,1.0,RAMPUR,,2.0,0.0,2.0,0.0,2.0,BAKNA GHAT,,2.0,0.0,2.0,0.0,1.0,SHIMLA,,2.0,0.0,2.0,0.0,1.0,SHIMLA,,2.0,0.0,2.0,0.0,1.0,ROHRU,,2.0,0.0,2.0,0.0,1.0,RACHOLI,,2.0,0.0,2.0,0.0,1.0,RAMPUR,,2.0,0.0,2.0,0.0,1.0,MASHOBARA,,2.0,0.0,2.0,0.0,N.A.,,0.0,0.0,0.0,0.0,0.0,,0.0,0.0,0.0,0.0,0.0,,0.0,0.0,0.0,0.0,0.0,,0.0,0.0,0.0,0.0,0.0,,0.0,0.0,0.0,0.0,0.0,,0.0,0.0,0.0,0.0,0.0,,0.0,0.0,0.0,0.0,0.0,,1.0,1.0,1.0,1.0,1.0,,1.0,1.0,1.0,1.0,1.0,,0.0,0.0,0.0,0.0,0.0,,0.0,0.0,0.0,0.0,0.0,,0.0,0.0,0.0,0.0,0.0,0.0,0.0,0.0,0.0,1.0,1.0,1.0,2.0,,,2.0,,,2.0,,,1.0,1.0,1.0,2.0,1.0,1.0,1.0,2.0,,,2.0,,,2.0,,,2.0,2.0,1.0,2.0,2.0,2.0,2.0,1.0,2.0,2.0,2.0,2.0,2.0,2.0,1.0,2.0,,2.0,,2.0,,1.0,172002.0,2.0,,2.0,,1.0,,2.0,,2.0,,1.0,,1.0,,2.0,,2.0,,2.0,,2.0,,1.0,,2.0,,2.0,,2.0,,2.0,,2.0,,2.0,,2.0,,1.0,,1.0,,1.0,,1.0,,1.0,,2.0,,1.0,,2.0,c,2.0,,2.0,,2.0,,1.0,,1.0,,2.0,,2.0,,2.0,,2.0,,1.0,,1.0,1.0,2.0,,1.0,,2.0,,2.0,,2.0,,2.0,,2.0,,1.0,,1.0,,1.0,24.0,24.0,1.0,24.0,24.0,1.0,24.0,24.0,1.0,24.0,24.0,WHEAT,,,MAIZE,,,PADDY,0.0,30.0,0.0,0.0,0.0,26.0,0.0,50.0,207.0,187.0,20.0,20.0,0,0,0,0.0,RAMPUR,35.0,kullu_kullu_village_amenities.csv
,HIMACHAL PRADESH,,Kullu,,Nermand,,Sargha (17/47),,Nirmand,2009,NERMAND,45.0,KULLU,235,RAMPUR,35.0,YES,284.0,338.0,1517,787.0,730.0,368.0,200.0,168.0,0.0,0.0,0.0,2.0,0.0,1.0,1.0,,,,1.0,3.0,2.0,0.0,,,,1.0,1.0,2.0,0.0,,,,1.0,1.0,2.0,0.0,,,,1.0,1.0,2.0,0.0,,,,2.0,0.0,2.0,0.0,1.0,RAMPUR,,2.0,0.0,2.0,0.0,2.0,BAKNA GHAT,,2.0,0.0,2.0,0.0,1.0,SHIMLA,,2.0,0.0,2.0,0.0,1.0,SHIMLA,,2.0,0.0,2.0,0.0,1.0,ROHRU,,2.0,0.0,2.0,0.0,1.0,RACHOLI,,2.0,0.0,2.0,0.0,1.0,RAMPUR,,2.0,0.0,2.0,0.0,1.0,MASHOBARA,,2.0,0.0,2.0,0.0,N.A.,,0.0,0.0,0.0,0.0,0.0,,0.0,0.0,0.0,0.0,0.0,,0.0,0.0,0.0,0.0,0.0,,0.0,0.0,0.0,0.0,0.0,,0.0,0.0,0.0,0.0,0.0,,0.0,0.0,0.0,0.0,0.0,,0.0,0.0,0.0,0.0,0.0,,1.0,1.0,1.0,0.0,0.0,,1.0,1.0,0.0,0.0,0.0,,0.0,0.0,0.0,0.0,0.0,,0.0,0.0,0.0,0.0,0.0,,0.0,0.0,0.0,0.0,0.0,0.0,0.0,0.0,0.0,1.0,1.0,1.0,2.0,,,2.0,,,2.0,,,1.0,1.0,1.0,2.0,1.0,1.0,1.0,2.0,,,2.0,,,2.0,,,2.0,2.0,1.0,2.0,2.0,2.0,2.0,1.0,2.0,2.0,2.0,2.0,2.0,2.0,1.0,1.0,,1.0,,2.0,,1.0,172023.0,1.0,,2.0,,1.0,,2.0,,2.0,,1.0,,1.0,,2.0,,2.0,,1.0,,1.0,,1.0,,2.0,,2.0,,2.0,,2.0,,2.0,,2.0,,1.0,,2.0,,1.0,,1.0,,1.0,,1.0,,2.0,,1.0,,2.0,c,2.0,,2.0,,1.0,,1.0,,1.0,,2.0,,2.0,,2.0,,1.0,,1.0,,1.0,1.0,2.0,,1.0,,2.0,,2.0,,2.0,,2.0,,1.0,,1.0,,1.0,,1.0,24.0,24.0,1.0,24.0,24.0,1.0,24.0,24.0,1.0,24.0,24.0,WHEAT,,,MAIZE,,,BARLEY,0.0,65.0,0.0,0.0,0.0,9.0,0.0,0.0,210.0,210.0,0.0,0.0,0,0,0,0.0,RAMPUR,35.0,kullu_kullu_village_amenities.csv
,HIMACHAL PRADESH,,Kullu,,Nermand,,Kushwa (17/48),,Nirmand,2009,NERMAND,43.0,KULLU,225,RAMPUR,27.0,YES,196.35,355.0,1531,803.0,728.0,641.0,330.0,311.0,0.0,0.0,0.0,2.0,0.0,2.0,0.0,2.0,SARGHA,,1.0,3.0,2.0,0.0,,,,1.0,1.0,2.0,0.0,,,,1.0,1.0,2.0,0.0,,,,2.0,0.0,2.0,0.0,1.0,RAMEJ,,2.0,0.0,2.0,0.0,1.0,RAMPUR,,2.0,0.0,2.0,0.0,2.0,BAKNA GHAT,,2.0,0.0,2.0,0.0,1.0,SHIMLA,,2.0,0.0,2.0,0.0,1.0,SHIMLA,,2.0,0.0,2.0,0.0,1.0,ROHRU,,2.0,0.0,2.0,0.0,1.0,RACHOLI,,2.0,0.0,2.0,0.0,1.0,RAMPUR,,2.0,0.0,2.0,0.0,1.0,MASHOBARA,,2.0,0.0,2.0,0.0,N.A.,,0.0,0.0,0.0,0.0,0.0,,0.0,0.0,0.0,0.0,0.0,,1.0,1.0,1.0,1.0,0.0,,0.0,0.0,0.0,0.0,0.0,,0.0,0.0,0.0,0.0,0.0,,0.0,0.0,0.0,0.0,0.0,,0.0,0.0,0.0,0.0,0.0,,0.0,0.0,0.0,0.0,0.0,,0.0,0.0,0.0,0.0,0.0,,0.0,0.0,0.0,0.0,0.0,,0.0,0.0,0.0,0.0,0.0,,0.0,0.0,0.0,0.0,0.0,0.0,0.0,0.0,0.0,1.0,1.0,1.0,2.0,,,2.0,,,2.0,,,2.0,,,2.0,1.0,1.0,1.0,2.0,,,2.0,,,2.0,,,2.0,2.0,1.0,2.0,2.0,2.0,2.0,2.0,2.0,2.0,2.0,2.0,2.0,2.0,1.0,1.0,,1.0,,2.0,,1.0,172023.0,1.0,,1.0,,1.0,,2.0,,2.0,,1.0,,1.0,,2.0,,2.0,,1.0,,1.0,,1.0,,2.0,,2.0,,2.0,,2.0,,2.0,,2.0,,1.0,,2.0,,1.0,,1.0,,1.0,,1.0,,2.0,,1.0,,2.0,c,2.0,,2.0,,1.0,,1.0,,1.0,,2.0,,2.0,,2.0,,2.0,,1.0,,1.0,1.0,2.0,,2.0,,2.0,,2.0,,2.0,,2.0,,2.0,,1.0,,1.0,,1.0,24.0,24.0,1.0,24.0,24.0,1.0,24.0,24.0,1.0,24.0,24.0,WHEAT,,,MAIZE,,,BARLEY,0.0,46.46,0.0,0.0,1.88,5.58,0.0,0.0,142.43,141.4,1.03,0.0,0,0,0,1.03,RAMPUR,27.0,kullu_kullu_village_amenities.csv
,HIMACHAL PRADESH,,Kullu,,Nermand,,Bari (18/52),,Nirmand,2009,NERMAND,20.0,KULLU,215,RAMPUR,40.0,YES,229.0,284.0,1280,654.0,626.0,439.0,223.0,216.0,0.0,0.0,0.0,1.0,1.0,2.0,0.0,,,,1.0,2.0,2.0,0.0,,,,1.0,1.0,2.0,0.0,,,,1.0,1.0,2.0,0.0,,,,2.0,0.0,2.0,0.0,1.0,ARSU,,2.0,0.0,2.0,0.0,1.0,RAMPUR,,2.0,0.0,2.0,0.0,2.0,BAKNA GHAT,,2.0,0.0,2.0,0.0,1.0,SHIMLA,,2.0,0.0,2.0,0.0,1.0,SHIMLA,,2.0,0.0,2.0,0.0,1.0,ROHRU,,2.0,0.0,2.0,0.0,1.0,RACHOLI,,2.0,0.0,2.0,0.0,1.0,RAMPUR,,2.0,0.0,2.0,0.0,1.0,MASHOBARA,,2.0,0.0,2.0,0.0,N.A.,,0.0,0.0,0.0,0.0,0.0,,0.0,0.0,0.0,0.0,0.0,,0.0,0.0,0.0,0.0,0.0,,0.0,0.0,0.0,0.0,0.0,,0.0,0.0,0.0,0.0,0.0,,0.0,0.0,0.0,0.0,0.0,,0.0,0.0,0.0,0.0,0.0,,0.0,0.0,0.0,0.0,0.0,,0.0,0.0,0.0,0.0,0.0,,0.0,0.0,0.0,0.0,0.0,,0.0,0.0,0.0,0.0,0.0,,0.0,0.0,0.0,0.0,0.0,0.0,0.0,0.0,0.0,1.0,1.0,1.0,2.0,,,1.0,1.0,1.0,2.0,,,2.0,,,2.0,2.0,,,2.0,,,2.0,,,2.0,,,2.0,1.0,2.0,2.0,2.0,1.0,2.0,1.0,2.0,2.0,2.0,2.0,2.0,2.0,1.0,2.0,,2.0,,2.0,,1.0,172023.0,2.0,,2.0,,1.0,,2.0,,2.0,,2.0,,2.0,,2.0,,2.0,,2.0,,2.0,,2.0,,2.0,,2.0,,2.0,,2.0,,2.0,,2.0,,2.0,,1.0,,1.0,,2.0,,2.0,,2.0,,2.0,,1.0,,2.0,c,2.0,,2.0,,2.0,,1.0,,1.0,,2.0,,2.0,,2.0,,2.0,,1.0,,1.0,1.0,2.0,,2.0,,2.0,,2.0,,2.0,,2.0,,2.0,,1.0,,1.0,,1.0,24.0,24.0,1.0,24.0,24.0,1.0,24.0,24.0,1.0,24.0,24.0,WHEAT,,,MAIZE,,,BARLEY,0.0,0.0,70.0,0.0,0.0,0.0,0.0,0.0,159.0,159.0,0.0,0.0,0,0,0,0.0,RAMPUR,40.0,kullu_kullu_village_amenities.csv
,HIMACHAL PRADESH,,Kullu,,Nermand,,Arsu (18/53),,Nirmand,2009,NERMAND,15.0,KULLU,210,RAMPUR,35.0,YES,244.65,346.0,1657,828.0,829.0,835.0,425.0,410.0,0.0,0.0,0.0,1.0,3.0,1.0,2.0,,,,1.0,3.0,1.0,2.0,,,,1.0,1.0,2.0,0.0,,,,1.0,1.0,1.0,2.0,,,,1.0,1.0,2.0,0.0,,,,2.0,0.0,2.0,0.0,1.0,RAMPUR,,2.0,0.0,2.0,0.0,2.0,BAKNA GHAT,,2.0,0.0,2.0,0.0,1.0,SHIMLA,,2.0,0.0,2.0,0.0,1.0,SHIMLA,,2.0,0.0,2.0,0.0,1.0,ROHRU,,2.0,0.0,2.0,0.0,1.0,RACHOLI,,2.0,0.0,2.0,0.0,1.0,RAMPUR,,2.0,0.0,2.0,0.0,1.0,MASHOBARA,,2.0,0.0,2.0,0.0,N.A.,,0.0,0.0,0.0,0.0,0.0,,1.0,3.0,2.0,3.0,2.0,,0.0,0.0,0.0,0.0,0.0,,0.0,0.0,0.0,0.0,0.0,,0.0,0.0,0.0,0.0,0.0,,0.0,0.0,0.0,0.0,0.0,,0.0,0.0,0.0,0.0,0.0,,0.0,0.0,0.0,0.0,0.0,,1.0,0.0,0.0,0.0,0.0,,0.0,0.0,0.0,0.0,0.0,,0.0,0.0,0.0,0.0,0.0,,0.0,0.0,0.0,0.0,0.0,0.0,0.0,0.0,0.0,1.0,1.0,1.0,2.0,,,1.0,1.0,1.0,2.0,,,1.0,1.0,1.0,2.0,2.0,,,2.0,,,2.0,,,2.0,,,2.0,1.0,2.0,2.0,2.0,1.0,2.0,1.0,2.0,2.0,2.0,2.0,2.0,2.0,1.0,1.0,,2.0,,2.0,,1.0,172023.0,1.0,,2.0,,1.0,,2.0,,2.0,,1.0,,1.0,,2.0,,2.0,,1.0,,1.0,,1.0,,2.0,,2.0,,2.0,,2.0,,2.0,,1.0,,1.0,,1.0,,1.0,,1.0,,2.0,,1.0,,2.0,,1.0,,2.0,c,1.0,,1.0,,2.0,,1.0,,1.0,,2.0,,2.0,,2.0,,2.0,,1.0,,1.0,1.0,2.0,,1.0,,2.0,,2.0,,2.0,,2.0,,2.0,,1.0,,1.0,,1.0,24.0,24.0,1.0,24.0,24.0,1.0,24.0,24.0,1.0,24.0,24.0,WHEAT,,,MAIZE,,,PADDY,0.0,13.0,0.0,32.65,0.0,0.0,0.0,0.0,199.0,181.0,18.0,0.0,0,0,0,18.0,RAMPUR,35.0,kullu_kullu_village_amenities.csv
,HIMACHAL PRADESH,,Kullu,,Nermand,,Sohach (18/54),,Nirmand,2009,NERMAND,15.0,KULLU,208,RAMPUR,25.0,YES,279.17,347.0,1566,796.0,770.0,754.0,387.0,367.0,0.0,0.0,0.0,2.0,0.0,2.0,0.0,2.0,ARSU,,1.0,2.0,2.0,0.0,,,,1.0,1.0,2.0,0.0,,,,1.0,1.0,2.0,0.0,,,,2.0,0.0,2.0,0.0,1.0,NERMAND,,2.0,0.0,2.0,0.0,1.0,RAMPUR,,2.0,0.0,2.0,0.0,2.0,BAKNA GHAT,,2.0,0.0,2.0,0.0,1.0,SHIMLA,,2.0,0.0,2.0,0.0,1.0,SHIMLA,,2.0,0.0,2.0,0.0,1.0,ROHRU,,2.0,0.0,2.0,0.0,1.0,RACHOLI,,2.0,0.0,2.0,0.0,1.0,RAMPUR,,2.0,0.0,2.0,0.0,1.0,MASHOBARA,,2.0,0.0,2.0,0.0,N.A.,,0.0,0.0,0.0,0.0,0.0,,0.0,0.0,0.0,0.0,0.0,,0.0,0.0,0.0,0.0,0.0,,0.0,0.0,0.0,0.0,0.0,,0.0,0.0,0.0,0.0,0.0,,0.0,0.0,0.0,0.0,0.0,,0.0,0.0,0.0,0.0,0.0,,0.0,0.0,0.0,0.0,0.0,,0.0,0.0,0.0,0.0,0.0,,0.0,0.0,0.0,0.0,0.0,,0.0,0.0,0.0,0.0,0.0,,0.0,0.0,0.0,0.0,0.0,0.0,0.0,0.0,0.0,1.0,1.0,1.0,2.0,,,1.0,1.0,1.0,2.0,,,1.0,1.0,1.0,2.0,2.0,,,2.0,,,2.0,,,2.0,,,2.0,1.0,2.0,2.0,2.0,1.0,2.0,1.0,2.0,2.0,2.0,2.0,2.0,2.0,1.0,1.0,,2.0,,2.0,,1.0,172023.0,1.0,,2.0,,1.0,,2.0,,2.0,,1.0,,1.0,,2.0,,2.0,,1.0,,1.0,,1.0,,2.0,,2.0,,2.0,,2.0,,2.0,,2.0,,1.0,,1.0,,1.0,,1.0,,2.0,,1.0,,2.0,,1.0,,2.0,c,2.0,,2.0,,2.0,,1.0,,1.0,,2.0,,2.0,,2.0,,2.0,,1.0,,1.0,1.0,2.0,,1.0,,2.0,,2.0,,2.0,,2.0,,2.0,,1.0,,1.0,,1.0,24.0,24.0,1.0,24.0,24.0,1.0,24.0,24.0,1.0,24.0,24.0,WHEAT,,,MAIZE,,,PADDY,0.0,45.2,0.0,8.8,0.0,25.72,0.0,0.0,199.45,186.45,13.0,0.0,0,0,0,13.0,RAMPUR,25.0,kullu_kullu_village_amenities.csv
,HIMACHAL PRADESH,,Kullu,,Nermand,,Rahnu (21/66),,Nirmand,2009,NERMAND,35.0,KULLU,190,RAMPUR,45.0,YES,359.0,502.0,2324,1184.0,1140.0,1216.0,618.0,598.0,0.0,0.0,0.0,2.0,0.0,2.0,0.0,2.0,ARSU,,1.0,3.0,1.0,1.0,,,,1.0,1.0,2.0,0.0,,,,1.0,1.0,2.0,0.0,,,,1.0,1.0,2.0,0.0,,,,2.0,0.0,2.0,0.0,1.0,RAMPUR,,2.0,0.0,2.0,0.0,2.0,BAKNA GHAT,,2.0,0.0,2.0,0.0,1.0,SHIMLA,,2.0,0.0,2.0,0.0,1.0,SHIMLA,,2.0,0.0,2.0,0.0,1.0,ROHRU,,2.0,0.0,2.0,0.0,1.0,RACHOLI,,2.0,0.0,2.0,0.0,1.0,RAMPUR,,2.0,0.0,2.0,0.0,1.0,MASHOBARA,,2.0,0.0,2.0,0.0,N.A.,,0.0,0.0,0.0,0.0,0.0,,0.0,0.0,0.0,0.0,0.0,,0.0,0.0,0.0,0.0,0.0,,0.0,0.0,0.0,0.0,0.0,,0.0,0.0,0.0,0.0,0.0,,0.0,0.0,0.0,0.0,0.0,,0.0,0.0,0.0,0.0,0.0,,1.0,1.0,1.0,1.0,0.0,,1.0,1.0,1.0,1.0,0.0,,0.0,0.0,0.0,0.0,0.0,,0.0,0.0,0.0,0.0,0.0,,0.0,0.0,0.0,0.0,0.0,0.0,0.0,0.0,0.0,1.0,1.0,1.0,2.0,,,2.0,,,2.0,,,1.0,1.0,1.0,2.0,2.0,,,2.0,,,2.0,,,1.0,1.0,1.0,2.0,1.0,2.0,2.0,2.0,1.0,2.0,2.0,2.0,2.0,2.0,2.0,2.0,2.0,1.0,1.0,,2.0,,1.0,,1.0,172029.0,1.0,,2.0,,1.0,,2.0,,2.0,,1.0,,1.0,,2.0,,2.0,,2.0,,2.0,,2.0,,2.0,,2.0,,2.0,,2.0,,2.0,,2.0,,2.0,,1.0,,1.0,,2.0,,2.0,,1.0,,2.0,,1.0,,2.0,c,2.0,,2.0,,2.0,,2.0,,1.0,,2.0,,2.0,,2.0,,1.0,,1.0,,1.0,1.0,2.0,,1.0,,1.0,,2.0,,2.0,,2.0,,2.0,,1.0,,1.0,,1.0,24.0,24.0,1.0,24.0,24.0,1.0,24.0,24.0,1.0,24.0,24.0,WHEAT,,,MAIZE,,,PADDY,0.0,64.0,0.0,0.0,30.0,18.0,0.0,0.0,247.0,227.0,20.0,0.0,20,0,0,0.0,RAMPUR,45.0,kullu_kullu_village_amenities.csv
,HIMACHAL PRADESH,,Kullu,,Nermand,,Ghathoo (21/65),,Nirmand,2009,NERMAND,40.0,KULLU,220,RAMPUR,55.0,YES,442.0,614.0,2799,1431.0,1368.0,1544.0,794.0,750.0,2.0,1.0,1.0,2.0,0.0,2.0,0.0,2.0,ARSU,,1.0,3.0,1.0,1.0,,,,1.0,3.0,2.0,0.0,,,,2.0,0.0,2.0,0.0,1.0,DEOGI,,2.0,0.0,2.0,0.0,1.0,DEOGI,,2.0,0.0,2.0,0.0,1.0,RAMPUR,,2.0,0.0,2.0,0.0,2.0,BAKNA GHAT,,2.0,0.0,2.0,0.0,1.0,SHIMLA,,2.0,0.0,2.0,0.0,1.0,SHIMLA,,2.0,0.0,2.0,0.0,1.0,ROHRU,,2.0,0.0,2.0,0.0,1.0,RACHOL,,2.0,0.0,2.0,0.0,1.0,RAMPUR,,2.0,0.0,2.0,0.0,1.0,MASHOBARA,,2.0,0.0,2.0,0.0,N.A.,,0.0,0.0,0.0,0.0,0.0,,0.0,0.0,0.0,0.0,0.0,,1.0,1.0,0.0,1.0,0.0,,0.0,0.0,0.0,0.0,0.0,,0.0,0.0,0.0,0.0,0.0,,0.0,0.0,0.0,0.0,0.0,,0.0,0.0,0.0,0.0,0.0,,1.0,3.0,0.0,0.0,0.0,,1.0,0.0,0.0,0.0,0.0,,0.0,0.0,0.0,0.0,0.0,,0.0,0.0,0.0,0.0,0.0,,0.0,0.0,0.0,0.0,0.0,0.0,0.0,0.0,0.0,1.0,1.0,1.0,2.0,,,2.0,,,2.0,,,1.0,1.0,1.0,2.0,2.0,,,1.0,1.0,1.0,2.0,,,2.0,,,2.0,1.0,2.0,2.0,2.0,1.0,2.0,2.0,2.0,2.0,2.0,2.0,2.0,2.0,1.0,1.0,,2.0,,2.0,,1.0,172023.0,1.0,,1.0,,1.0,,2.0,,2.0,,1.0,,1.0,,2.0,,2.0,,2.0,,2.0,,2.0,,2.0,,2.0,,2.0,,2.0,,2.0,,2.0,,2.0,,1.0,,1.0,,2.0,,2.0,,2.0,,2.0,,1.0,,2.0,c,2.0,,2.0,,2.0,,1.0,,1.0,,1.0,,2.0,,2.0,,1.0,,1.0,,1.0,1.0,2.0,,1.0,,1.0,,2.0,,2.0,,2.0,,2.0,,1.0,,1.0,,1.0,24.0,24.0,1.0,24.0,24.0,1.0,24.0,24.0,1.0,24.0,24.0,WHEAT,,,MAIZE,,,PADDY,0.0,0.0,75.0,0.0,0.0,49.0,24.0,0.0,294.0,260.0,34.0,34.0,0,0,0,0.0,RAMPUR,55.0,kullu_kullu_village_amenities.csv
,HIMACHAL PRADESH,,Kullu,,Nermand,,Neether (20/63),,Nirmand,2009,NERMAND,40.0,KULLU,153,RAMPUR,68.0,YES,564.0,796.0,3444,1743.0,1701.0,1559.0,783.0,776.0,4.0,1.0,3.0,2.0,0.0,1.0,2.0,,,,1.0,5.0,1.0,2.0,,,,1.0,2.0,1.0,1.0,,,,1.0,1.0,2.0,0.0,,,,1.0,1.0,2.0,0.0,,,,2.0,0.0,2.0,0.0,1.0,RAMPUR,,2.0,0.0,2.0,0.0,2.0,BANKNA GHAT,,2.0,0.0,2.0,0.0,1.0,SHIMLA,,2.0,0.0,2.0,0.0,1.0,SHIMLA,,2.0,0.0,2.0,0.0,1.0,ROHRU,,2.0,0.0,2.0,0.0,1.0,RACHOLI,,2.0,0.0,2.0,0.0,1.0,RAMPUR,,2.0,0.0,2.0,0.0,1.0,MASHOBARA,,2.0,0.0,2.0,0.0,N.A.,,0.0,0.0,0.0,0.0,0.0,,1.0,1.0,1.0,2.0,2.0,,0.0,0.0,0.0,0.0,0.0,,0.0,0.0,0.0,0.0,0.0,,0.0,0.0,0.0,0.0,0.0,,0.0,0.0,0.0,0.0,0.0,,0.0,0.0,0.0,0.0,0.0,,1.0,2.0,0.0,0.0,0.0,,1.0,1.0,0.0,4.0,4.0,,0.0,0.0,0.0,0.0,0.0,,0.0,0.0,0.0,0.0,0.0,,0.0,0.0,0.0,1.0,1.0,0.0,0.0,0.0,0.0,1.0,1.0,1.0,2.0,,,2.0,,,2.0,,,1.0,1.0,1.0,2.0,2.0,,,2.0,,,1.0,1.0,1.0,2.0,,,2.0,1.0,2.0,2.0,2.0,1.0,2.0,1.0,2.0,2.0,2.0,2.0,2.0,2.0,1.0,1.0,,2.0,,1.0,,1.0,172033.0,1.0,,1.0,,2.0,,2.0,,2.0,,1.0,,1.0,,2.0,,2.0,,1.0,,1.0,,2.0,,2.0,,2.0,,2.0,,2.0,,2.0,,2.0,,1.0,,1.0,,1.0,,1.0,,2.0,,2.0,,2.0,,1.0,,2.0,c,1.0,,1.0,,1.0,,1.0,,1.0,,1.0,,2.0,,2.0,,2.0,,1.0,,1.0,1.0,2.0,,2.0,,2.0,,2.0,,2.0,,2.0,,1.0,,1.0,,1.0,,1.0,24.0,24.0,1.0,24.0,24.0,1.0,24.0,24.0,1.0,24.0,24.0,WHEAT,,,MAIZE,,,PADDY,0.0,27.0,76.0,0.0,0.0,22.0,0.0,0.0,439.0,413.0,26.0,0.0,0,0,0,26.0,RAMPUR,68.0,kullu_kullu_village_amenities.csv
,HIMACHAL PRADESH,,Kullu,,Nermand,,Lote (20/62),,Nirmand,2009,NERMAND,63.0,KULLU,163,RAMPUR,71.0,YES,558.0,761.0,3193,1635.0,1558.0,1285.0,668.0,617.0,0.0,0.0,0.0,2.0,0.0,2.0,0.0,2.0,NEETHER,,1.0,4.0,1.0,2.0,,,,1.0,1.0,1.0,1.0,,,,1.0,1.0,1.0,1.0,,,,1.0,1.0,1.0,1.0,,,,2.0,0.0,2.0,0.0,1.0,RAMPUR,,2.0,0.0,2.0,0.0,2.0,BAKNA GHAT,,2.0,0.0,2.0,0.0,1.0,SHIMLA,,2.0,0.0,2.0,0.0,1.0,SHIMLA,,2.0,0.0,2.0,0.0,1.0,ROHRU,,2.0,0.0,2.0,0.0,1.0,RACHOLI,,2.0,0.0,2.0,0.0,1.0,RAMPUR,,2.0,0.0,2.0,0.0,1.0,MASHOBARA,,2.0,0.0,2.0,0.0,N.A.,,0.0,0.0,0.0,0.0,0.0,,0.0,0.0,0.0,0.0,0.0,,1.0,1.0,0.0,1.0,0.0,,0.0,0.0,0.0,0.0,0.0,,0.0,0.0,0.0,0.0,0.0,,0.0,0.0,0.0,0.0,0.0,,0.0,0.0,0.0,0.0,0.0,,1.0,3.0,0.0,0.0,0.0,,1.0,1.0,0.0,0.0,0.0,,0.0,0.0,0.0,0.0,0.0,,0.0,0.0,0.0,0.0,0.0,,0.0,0.0,0.0,0.0,0.0,0.0,0.0,0.0,0.0,1.0,1.0,1.0,2.0,,,2.0,,,2.0,,,1.0,1.0,1.0,2.0,2.0,,,2.0,,,1.0,1.0,1.0,2.0,,,2.0,2.0,1.0,2.0,2.0,2.0,1.0,2.0,2.0,2.0,2.0,2.0,2.0,2.0,1.0,1.0,,2.0,,1.0,,1.0,172033.0,1.0,,1.0,,1.0,,2.0,,2.0,,1.0,,1.0,,2.0,,2.0,,1.0,,1.0,,2.0,,2.0,,2.0,,2.0,,2.0,,2.0,,2.0,,2.0,,1.0,,1.0,,1.0,,2.0,,1.0,,2.0,,1.0,,2.0,c,2.0,,1.0,,1.0,,1.0,,1.0,,1.0,,2.0,,2.0,,2.0,,1.0,,1.0,1.0,2.0,,1.0,,2.0,,2.0,,2.0,,2.0,,1.0,,1.0,,1.0,,1.0,24.0,24.0,1.0,24.0,24.0,1.0,24.0,24.0,1.0,24.0,24.0,WHEAT,,,BARLEY,,,MAIZE,0.0,42.0,45.0,0.0,0.0,109.0,0.0,0.0,362.0,362.0,0.0,0.0,0,0,0,0.0,RAMPUR,71.0,kullu_kullu_village_amenities.csv
,HIMACHAL PRADESH,,Kullu,,Nermand,,Shilhi-Himri (20/61),,Nirmand,2009,NERMAND,45.0,KULLU,173,RAMPUR,62.0,YES,290.0,296.0,1306,647.0,659.0,517.0,262.0,255.0,2.0,1.0,1.0,2.0,0.0,2.0,0.0,2.0,DURAH,,1.0,3.0,2.0,0.0,,,,1.0,2.0,2.0,0.0,,,,2.0,0.0,2.0,0.0,1.0,DEOGI,,2.0,0.0,2.0,0.0,1.0,DEOGI,,2.0,0.0,2.0,0.0,1.0,RAMPUR,,2.0,0.0,2.0,0.0,2.0,BAKNA GHAT,,2.0,0.0,2.0,0.0,1.0,SHIMLA,,2.0,0.0,2.0,0.0,1.0,SHIMLA,,2.0,0.0,2.0,0.0,1.0,ROHRU,,2.0,0.0,2.0,0.0,1.0,RACHOLI,,2.0,0.0,2.0,0.0,1.0,RAMPUR,,2.0,0.0,2.0,0.0,1.0,MASHOBARA,,2.0,0.0,2.0,0.0,N.A.,,0.0,0.0,0.0,0.0,0.0,,0.0,0.0,0.0,0.0,0.0,,0.0,0.0,0.0,0.0,0.0,,0.0,0.0,0.0,0.0,0.0,,0.0,0.0,0.0,0.0,0.0,,0.0,0.0,0.0,0.0,0.0,,0.0,0.0,0.0,0.0,0.0,,1.0,3.0,2.0,0.0,0.0,,0.0,0.0,0.0,0.0,0.0,,0.0,0.0,0.0,0.0,0.0,,0.0,0.0,0.0,0.0,0.0,,0.0,0.0,0.0,0.0,0.0,0.0,0.0,0.0,0.0,1.0,1.0,1.0,2.0,,,2.0,,,2.0,,,1.0,1.0,1.0,2.0,2.0,,,2.0,,,1.0,1.0,1.0,2.0,,,2.0,2.0,1.0,2.0,2.0,1.0,2.0,2.0,2.0,2.0,2.0,2.0,2.0,2.0,1.0,1.0,,1.0,,2.0,,1.0,172023.0,1.0,,2.0,,2.0,,2.0,,2.0,,1.0,,1.0,,2.0,,2.0,,2.0,,2.0,,2.0,,2.0,,2.0,,2.0,,2.0,,2.0,,2.0,,2.0,,1.0,,1.0,,1.0,,1.0,,1.0,,2.0,,1.0,,2.0,c,2.0,,2.0,,1.0,,2.0,,1.0,,2.0,,2.0,,2.0,,1.0,,1.0,,1.0,1.0,2.0,,1.0,,1.0,,2.0,,2.0,,2.0,,2.0,,1.0,,1.0,,1.0,24.0,24.0,1.0,24.0,24.0,1.0,24.0,24.0,1.0,24.0,24.0,MAIZE,,,WHEAT,,,BARLEY,0.0,32.0,0.0,0.0,0.0,54.0,0.0,0.0,204.0,198.0,6.0,6.0,0,0,0,0.0,RAMPUR,62.0,kullu_kullu_village_amenities.csv
,HIMACHAL PRADESH,,Kullu,,Nermand,,Gadej (20/60),,Nirmand,2009,NERMAND,20.0,KULLU,126,RAMPUR,18.0,YES,159.0,214.0,877,428.0,449.0,296.0,142.0,154.0,64.0,35.0,29.0,2.0,0.0,2.0,0.0,2.0,DATT NAGAR,,1.0,2.0,2.0,0.0,,,,1.0,1.0,2.0,0.0,,,,2.0,0.0,2.0,0.0,1.0,RAMPUR,,2.0,0.0,2.0,0.0,1.0,DATT NAGAR,,2.0,0.0,2.0,0.0,1.0,RAMPUR,,2.0,0.0,2.0,0.0,2.0,BAKNA GHAT,,2.0,0.0,2.0,0.0,1.0,SHIMLA,,2.0,0.0,2.0,0.0,1.0,SHIMLA,,2.0,0.0,2.0,0.0,1.0,ROHRU,,2.0,0.0,2.0,0.0,1.0,RACHOLI,,2.0,0.0,2.0,0.0,1.0,RAMPUR,,2.0,0.0,2.0,0.0,1.0,MASHOBARA,,2.0,0.0,2.0,0.0,N.A.,,0.0,0.0,0.0,0.0,0.0,,0.0,0.0,0.0,0.0,0.0,,1.0,1.0,0.0,1.0,0.0,,0.0,0.0,0.0,0.0,0.0,,0.0,0.0,0.0,0.0,0.0,,0.0,0.0,0.0,0.0,0.0,,0.0,0.0,0.0,0.0,0.0,,0.0,0.0,0.0,0.0,0.0,,0.0,0.0,0.0,0.0,0.0,,0.0,0.0,0.0,0.0,0.0,,0.0,0.0,0.0,0.0,0.0,,0.0,0.0,0.0,0.0,0.0,0.0,0.0,0.0,0.0,1.0,1.0,1.0,2.0,,,2.0,,,2.0,,,1.0,1.0,1.0,2.0,2.0,,,1.0,2.0,2.0,1.0,1.0,1.0,2.0,,,2.0,2.0,1.0,2.0,2.0,1.0,2.0,2.0,2.0,2.0,2.0,2.0,2.0,2.0,1.0,1.0,,1.0,,2.0,,1.0,172023.0,1.0,,2.0,,1.0,,2.0,,2.0,,1.0,,1.0,,2.0,,2.0,,2.0,,2.0,,2.0,,2.0,,2.0,,2.0,,2.0,,2.0,,2.0,,2.0,,1.0,,1.0,,1.0,,1.0,,1.0,,2.0,,1.0,,2.0,c,2.0,,2.0,,1.0,,2.0,,1.0,,2.0,,2.0,,2.0,,1.0,,1.0,,1.0,1.0,2.0,,1.0,,1.0,,2.0,,2.0,,2.0,,2.0,,1.0,,2.0,,1.0,24.0,24.0,1.0,24.0,24.0,1.0,24.0,24.0,1.0,24.0,24.0,MAIZE,,,PADDY,,,WHEAT,0.0,8.0,0.0,0.0,0.0,33.0,0.0,0.0,118.0,48.0,70.0,70.0,0,0,0,0.0,RAMPUR,18.0,kullu_kullu_village_amenities.csv
,HIMACHAL PRADESH,,Kullu,,Nermand,,Nermand (20/58),,Nirmand,2009,NERMAND,1.0,KULLU,178,RAMPUR,17.0,YES,1102.0,1513.0,6593,3409.0,3184.0,3291.0,1683.0,1608.0,32.0,15.0,17.0,1.0,1.0,2.0,0.0,,,,1.0,5.0,2.0,0.0,,,,1.0,2.0,2.0,0.0,,,,1.0,1.0,1.0,3.0,,,,1.0,1.0,2.0,0.0,,,,2.0,0.0,2.0,0.0,1.0,RAMPUR,,2.0,0.0,2.0,0.0,2.0,BAKNA GHAT,,2.0,0.0,2.0,0.0,1.0,SHIMLA,,2.0,0.0,2.0,0.0,1.0,SHIMLA,,2.0,0.0,2.0,0.0,1.0,ROHRU,,1.0,1.0,1.0,2.0,,,,2.0,0.0,2.0,0.0,1.0,RAMPUR,,2.0,0.0,2.0,0.0,1.0,MASHOBARA,,2.0,0.0,2.0,0.0,N.A.,,1.0,5.0,5.0,1.0,1.0,,1.0,1.0,0.0,1.0,0.0,,1.0,1.0,0.0,1.0,0.0,,0.0,0.0,0.0,0.0,0.0,,0.0,0.0,0.0,0.0,0.0,,0.0,0.0,0.0,0.0,0.0,,0.0,0.0,0.0,0.0,0.0,,0.0,0.0,0.0,0.0,0.0,,1.0,1.0,1.0,0.0,0.0,,0.0,0.0,0.0,0.0,0.0,,0.0,0.0,0.0,0.0,0.0,,0.0,0.0,0.0,1.0,0.0,0.0,0.0,0.0,0.0,1.0,1.0,1.0,2.0,,,2.0,,,2.0,,,1.0,1.0,1.0,2.0,2.0,,,1.0,1.0,1.0,2.0,,,2.0,,,2.0,1.0,2.0,2.0,2.0,1.0,2.0,1.0,2.0,2.0,2.0,2.0,2.0,2.0,1.0,1.0,,1.0,,1.0,,1.0,172023.0,1.0,,1.0,,1.0,,2.0,,2.0,,1.0,,1.0,,2.0,,2.0,,1.0,,1.0,,2.0,,2.0,,2.0,,2.0,,2.0,,2.0,,2.0,,2.0,,1.0,,1.0,,1.0,,1.0,,1.0,,2.0,,1.0,,1.0,,1.0,,1.0,,2.0,,1.0,,1.0,,1.0,,2.0,,2.0,,2.0,,1.0,,1.0,1.0,1.0,,1.0,,2.0,,2.0,,2.0,,2.0,,1.0,,1.0,,1.0,,1.0,24.0,24.0,1.0,24.0,24.0,1.0,24.0,24.0,1.0,24.0,24.0,WHEAT,,,PADDY,,,MAIZE,126.0,110.0,0.0,0.0,0.0,0.0,0.0,0.0,866.0,823.0,43.0,43.0,0,0,0,0.0,RAMPUR,17.0,kullu_kullu_village_amenities.csv
,HIMACHAL PRADESH,,Kullu,,Nermand,,Bael (20/59),,Nirmand,2009,NERMAND,17.0,KULLU,164,RAMPUR,14.0,YES,76.0,150.0,696,343.0,353.0,304.0,156.0,148.0,25.0,12.0,13.0,2.0,0.0,1.0,1.0,,,,1.0,1.0,2.0,0.0,,,,1.0,1.0,2.0,0.0,,,,2.0,0.0,2.0,0.0,1.0,DATT NAGAR,,2.0,0.0,2.0,0.0,1.0,DATT NAGAR,,2.0,0.0,2.0,0.0,1.0,RAMPUR,,2.0,0.0,2.0,0.0,2.0,BAKNA GHAT,,2.0,0.0,2.0,0.0,1.0,SHIMLA,,2.0,0.0,2.0,0.0,1.0,SHIMLA,,2.0,0.0,2.0,0.0,1.0,ROHRU,,2.0,0.0,2.0,0.0,1.0,RACHOLI,,2.0,0.0,2.0,0.0,1.0,RAMPUR,,2.0,0.0,2.0,0.0,1.0,MASHOBARA,,2.0,0.0,2.0,0.0,N.A.,,0.0,0.0,0.0,0.0,0.0,,0.0,0.0,0.0,0.0,0.0,,0.0,0.0,0.0,0.0,0.0,,0.0,0.0,0.0,0.0,0.0,,0.0,0.0,0.0,0.0,0.0,,0.0,0.0,0.0,0.0,0.0,,0.0,0.0,0.0,0.0,0.0,,0.0,0.0,0.0,0.0,0.0,,0.0,0.0,0.0,0.0,0.0,,0.0,0.0,0.0,0.0,0.0,,0.0,0.0,0.0,0.0,0.0,,0.0,0.0,0.0,0.0,0.0,0.0,0.0,0.0,0.0,1.0,1.0,1.0,2.0,,,2.0,,,2.0,,,1.0,1.0,1.0,2.0,2.0,,,1.0,1.0,1.0,2.0,,,2.0,,,2.0,2.0,1.0,2.0,2.0,2.0,2.0,1.0,2.0,2.0,2.0,2.0,2.0,2.0,1.0,2.0,,2.0,,2.0,,1.0,172023.0,1.0,,2.0,,1.0,,2.0,,2.0,,1.0,,1.0,,2.0,,2.0,,2.0,,2.0,,1.0,,2.0,,2.0,,2.0,,2.0,,2.0,,2.0,,2.0,,1.0,,2.0,,1.0,,1.0,,1.0,,2.0,,1.0,,2.0,c,2.0,,1.0,,2.0,,1.0,,1.0,,2.0,,2.0,,2.0,,2.0,,1.0,,1.0,1.0,2.0,,1.0,,2.0,,2.0,,2.0,,2.0,,2.0,,1.0,,1.0,,1.0,24.0,24.0,1.0,24.0,24.0,1.0,24.0,24.0,1.0,24.0,24.0,WHEAT,,,PADDY,,,MAIZE,0.0,0.0,10.0,0.0,0.0,8.0,0.0,0.0,58.0,20.0,38.0,0.0,0,0,0,38.0,RAMPUR,14.0,kullu_kullu_village_amenities.csv
,HIMACHAL PRADESH,,Kullu,,Nermand,,Tawar (19/55),,Nirmand,2009,NERMAND,6.0,KULLU,187,RAMPUR,23.0,YES,264.62,358.0,1498,736.0,762.0,764.0,381.0,383.0,0.0,0.0,0.0,2.0,0.0,2.0,0.0,2.0,NERMAND,,1.0,2.0,1.0,2.0,,,,1.0,1.0,1.0,1.0,,,,1.0,1.0,1.0,1.0,,,,2.0,0.0,1.0,1.0,,,,2.0,0.0,2.0,0.0,1.0,RAMPUR,,2.0,0.0,2.0,0.0,2.0,BAKNA GHAT,,2.0,0.0,2.0,0.0,1.0,SHIMLA,,2.0,0.0,2.0,0.0,1.0,SHIMLA,,2.0,0.0,2.0,0.0,1.0,ROHRU,,2.0,0.0,2.0,0.0,1.0,RACHOLI,,2.0,0.0,2.0,0.0,1.0,RAMPUR,,2.0,0.0,2.0,0.0,1.0,MASHOBARA,,2.0,0.0,2.0,0.0,N.A.,,0.0,0.0,0.0,0.0,0.0,,0.0,0.0,0.0,0.0,0.0,,1.0,1.0,0.0,1.0,0.0,,1.0,2.0,2.0,0.0,0.0,,0.0,0.0,0.0,0.0,0.0,,0.0,0.0,0.0,0.0,0.0,,0.0,0.0,0.0,0.0,0.0,,0.0,0.0,0.0,0.0,0.0,,1.0,2.0,2.0,0.0,0.0,,0.0,0.0,0.0,0.0,0.0,,0.0,0.0,0.0,0.0,0.0,,0.0,0.0,0.0,0.0,0.0,0.0,0.0,0.0,0.0,1.0,1.0,1.0,2.0,,,2.0,,,2.0,,,1.0,1.0,1.0,2.0,2.0,,,1.0,1.0,1.0,2.0,,,2.0,,,2.0,2.0,1.0,2.0,2.0,1.0,1.0,2.0,2.0,2.0,1.0,1.0,2.0,2.0,1.0,2.0,,2.0,,2.0,,1.0,172023.0,1.0,,2.0,,1.0,,2.0,,2.0,,1.0,,1.0,,2.0,,2.0,,2.0,,2.0,,1.0,,2.0,,2.0,,2.0,,2.0,,2.0,,2.0,,1.0,,1.0,,1.0,,1.0,,1.0,,1.0,,2.0,,1.0,,2.0,b,2.0,,2.0,,1.0,,1.0,,1.0,,2.0,,2.0,,1.0,,1.0,,1.0,,1.0,1.0,2.0,,1.0,,2.0,,2.0,,2.0,,2.0,,1.0,,1.0,,1.0,,1.0,24.0,24.0,1.0,24.0,24.0,1.0,24.0,24.0,1.0,24.0,24.0,WHEAT,,,MAIZE,,,PADDY,0.0,22.05,18.0,0.0,0.0,16.07,0.0,0.0,208.5,191.73,16.77,0.0,0,0,0,16.77,RAMPUR,23.0,kullu_kullu_village_amenities.csv
,HIMACHAL PRADESH,,Kullu,,Nermand,,Nishani (19/56),,Nirmand,2009,NERMAND,7.0,KULLU,188,RAMPUR,24.0,YES,216.41,245.0,1089,517.0,572.0,403.0,198.0,205.0,0.0,0.0,0.0,2.0,0.0,2.0,0.0,2.0,NERMAND,,1.0,2.0,2.0,0.0,,,,1.0,1.0,2.0,0.0,,,,2.0,0.0,2.0,0.0,1.0,NERMAND,,2.0,0.0,2.0,0.0,1.0,NERMAND,,2.0,0.0,2.0,0.0,1.0,RAMPUR,,2.0,0.0,2.0,0.0,2.0,BAKNA GHAT,,2.0,0.0,2.0,0.0,1.0,SHIMLA,,2.0,0.0,2.0,0.0,1.0,SHIMLA,,2.0,0.0,2.0,0.0,1.0,ROHRU,,2.0,0.0,2.0,0.0,1.0,RACHOLI,,2.0,0.0,2.0,0.0,1.0,RAMPUR,,2.0,0.0,2.0,0.0,1.0,MASHOBARA,,2.0,0.0,2.0,0.0,N.A.,,0.0,0.0,0.0,0.0,0.0,,0.0,0.0,0.0,0.0,0.0,,1.0,1.0,0.0,1.0,0.0,,1.0,2.0,2.0,0.0,0.0,,0.0,0.0,0.0,0.0,0.0,,0.0,0.0,0.0,0.0,0.0,,0.0,0.0,0.0,0.0,0.0,,0.0,0.0,0.0,0.0,0.0,,0.0,0.0,0.0,0.0,0.0,,0.0,0.0,0.0,0.0,0.0,,0.0,0.0,0.0,0.0,0.0,,0.0,0.0,0.0,0.0,0.0,0.0,0.0,0.0,0.0,1.0,1.0,1.0,2.0,,,2.0,,,2.0,,,1.0,1.0,1.0,2.0,1.0,1.0,1.0,2.0,,,2.0,,,2.0,,,2.0,2.0,1.0,2.0,2.0,1.0,1.0,1.0,1.0,2.0,2.0,2.0,2.0,2.0,1.0,1.0,,1.0,,2.0,,1.0,172023.0,2.0,,1.0,,1.0,,2.0,,2.0,,1.0,,2.0,,2.0,,2.0,,2.0,,1.0,,2.0,,2.0,,2.0,,2.0,,2.0,,2.0,,2.0,,2.0,,2.0,,1.0,,1.0,,2.0,,1.0,,2.0,,1.0,,2.0,b,2.0,,2.0,,1.0,,1.0,,2.0,,2.0,,2.0,,1.0,,1.0,,1.0,,1.0,1.0,2.0,,2.0,,2.0,,2.0,,2.0,,2.0,,1.0,,1.0,,1.0,,1.0,24.0,24.0,1.0,24.0,24.0,1.0,24.0,24.0,1.0,24.0,24.0,WHEAT,,,MAIZE,,,BARLEY,0.0,21.0,7.0,0.0,0.0,7.0,0.0,0.0,181.41,181.41,0.0,0.0,0,0,0,0.0,RAMPUR,24.0,kullu_kullu_village_amenities.csv
,HIMACHAL PRADESH,,Kullu,,Nermand,,Poshana (19/57),,Nirmand,2009,NERMAND,17.0,KULLU,158,RAMPUR,2.0,YES,293.0,868.0,3630,1848.0,1782.0,1517.0,763.0,754.0,34.0,14.0,20.0,1.0,2.0,1.0,1.0,,,,1.0,4.0,1.0,2.0,,,,1.0,3.0,1.0,1.0,,,,1.0,1.0,2.0,0.0,,,,2.0,0.0,2.0,0.0,1.0,NERMAND,,2.0,0.0,2.0,0.0,1.0,RAMPUR,,2.0,0.0,2.0,0.0,2.0,BAKNA GHAT,,2.0,0.0,2.0,0.0,1.0,SHIMLA,,2.0,0.0,2.0,0.0,1.0,SHIMLA,,2.0,0.0,2.0,0.0,1.0,ROHRU,,2.0,0.0,2.0,0.0,1.0,RACHOLI,,2.0,0.0,2.0,0.0,1.0,RAMPUR,,2.0,0.0,2.0,0.0,1.0,MASHOBARA,,2.0,0.0,2.0,0.0,N.A.,,0.0,0.0,0.0,0.0,0.0,,0.0,0.0,0.0,0.0,0.0,,1.0,1.0,0.0,1.0,0.0,,0.0,0.0,0.0,0.0,0.0,,0.0,0.0,0.0,0.0,0.0,,0.0,0.0,0.0,0.0,0.0,,0.0,0.0,0.0,0.0,0.0,,0.0,0.0,0.0,0.0,0.0,,0.0,0.0,0.0,0.0,0.0,,0.0,0.0,0.0,0.0,0.0,,0.0,0.0,0.0,0.0,0.0,,0.0,0.0,0.0,0.0,0.0,1.0,0.0,0.0,0.0,1.0,1.0,1.0,2.0,,,2.0,,,2.0,,,1.0,1.0,1.0,2.0,2.0,,,2.0,,,2.0,,,2.0,,,2.0,1.0,2.0,2.0,2.0,1.0,2.0,1.0,2.0,2.0,2.0,2.0,2.0,2.0,1.0,1.0,,1.0,,2.0,,1.0,172001.0,1.0,,1.0,,1.0,,1.0,,2.0,,1.0,,1.0,,2.0,,2.0,,1.0,,1.0,,1.0,,2.0,,2.0,,2.0,,2.0,,2.0,,2.0,,2.0,,1.0,,1.0,,1.0,,1.0,,1.0,,2.0,,1.0,,2.0,a,2.0,,2.0,,1.0,,2.0,,1.0,,1.0,,2.0,,2.0,,2.0,,1.0,,1.0,1.0,2.0,,1.0,,2.0,,2.0,,2.0,,2.0,,1.0,,1.0,,1.0,,1.0,24.0,24.0,1.0,24.0,24.0,1.0,24.0,24.0,1.0,24.0,24.0,WHEAT,,,MAIZE,,,BARLEY,0.0,5.0,0.0,0.0,0.0,7.0,0.0,0.0,281.0,277.0,4.0,0.0,0,0,0,4.0,RAMPUR,2.0,kullu_kullu_village_amenities.csv
,HIMACHAL PRADESH,,Kullu,,Nermand,,Kasholi (18/51),,Nirmand,2009,NERMAND,20.0,KULLU,161,RAMPUR,3.0,YES,162.0,234.0,1078,520.0,558.0,531.0,254.0,277.0,0.0,0.0,0.0,2.0,0.0,2.0,0.0,2.0,RAMPUR,,1.0,3.0,2.0,0.0,,,,1.0,1.0,2.0,0.0,,,,1.0,1.0,2.0,0.0,,,,2.0,0.0,2.0,0.0,1.0,RAMPUR,,2.0,0.0,2.0,0.0,1.0,RAMPUR,,2.0,0.0,2.0,0.0,2.0,BAKNA GHAT,,2.0,0.0,2.0,0.0,1.0,SHIMLA,,2.0,0.0,2.0,0.0,1.0,SHIMLA,,2.0,0.0,2.0,0.0,1.0,ROHRU,,2.0,0.0,2.0,0.0,1.0,RACHOLI,,2.0,0.0,2.0,0.0,1.0,RAMPUR,,2.0,0.0,2.0,0.0,1.0,MASHOBARA,,2.0,0.0,2.0,0.0,N.A.,,0.0,0.0,0.0,0.0,0.0,,0.0,0.0,0.0,0.0,0.0,,1.0,1.0,0.0,1.0,0.0,,0.0,0.0,0.0,0.0,0.0,,0.0,0.0,0.0,0.0,0.0,,0.0,0.0,0.0,0.0,0.0,,0.0,0.0,0.0,0.0,0.0,,0.0,0.0,0.0,0.0,0.0,,1.0,0.0,0.0,0.0,0.0,,0.0,0.0,0.0,0.0,0.0,,0.0,0.0,0.0,0.0,0.0,,0.0,0.0,0.0,0.0,0.0,0.0,0.0,0.0,0.0,1.0,1.0,1.0,2.0,,,2.0,,,2.0,,,2.0,,,2.0,2.0,,,1.0,1.0,1.0,2.0,,,2.0,,,2.0,1.0,2.0,2.0,2.0,1.0,2.0,1.0,2.0,2.0,2.0,2.0,2.0,2.0,1.0,1.0,,2.0,,2.0,,1.0,172001.0,1.0,,2.0,,1.0,,2.0,,2.0,,2.0,,2.0,,2.0,,2.0,,2.0,,2.0,,2.0,,2.0,,2.0,,2.0,,2.0,,2.0,,2.0,,2.0,,1.0,,2.0,,1.0,,1.0,,2.0,,2.0,,1.0,,2.0,b,2.0,,2.0,,1.0,,1.0,,1.0,,2.0,,2.0,,2.0,,2.0,,1.0,,1.0,1.0,2.0,,1.0,,2.0,,2.0,,2.0,,2.0,,1.0,,1.0,,1.0,,1.0,24.0,24.0,1.0,24.0,24.0,1.0,24.0,24.0,1.0,24.0,24.0,MAIZE,,,PADDY,,,WHEAT,0.0,4.0,0.0,0.0,0.0,5.0,0.0,0.0,153.0,151.0,2.0,0.0,0,0,0,2.0,RAMPUR,3.0,kullu_kullu_village_amenities.csv
,HIMACHAL PRADESH,,Kullu,,Nermand,,Thachwa (17/50),,Nirmand,2009,NERMAND,17.0,KULLU,170,RAMPUR,14.0,YES,44.0,388.0,1534,808.0,726.0,472.0,246.0,226.0,11.0,6.0,5.0,2.0,0.0,2.0,0.0,2.0,JAGAT JANA,,1.0,3.0,2.0,0.0,,,,1.0,1.0,2.0,0.0,,,,1.0,1.0,2.0,0.0,,,,1.0,1.0,2.0,0.0,,,,2.0,0.0,2.0,0.0,1.0,RAMPUR,,2.0,0.0,2.0,0.0,2.0,BAKNA GHAT,,2.0,0.0,2.0,0.0,1.0,SHIMLA,,2.0,0.0,2.0,0.0,1.0,SHIMLA,,2.0,0.0,2.0,0.0,1.0,ROHRU,,2.0,0.0,2.0,0.0,1.0,RACHOLI,,2.0,0.0,2.0,0.0,1.0,RAMPUR,,2.0,0.0,2.0,0.0,1.0,MASHOBARA,,2.0,0.0,2.0,0.0,N.A.,,0.0,0.0,0.0,0.0,0.0,,0.0,0.0,0.0,0.0,0.0,,1.0,1.0,0.0,1.0,0.0,,0.0,0.0,0.0,0.0,0.0,,0.0,0.0,0.0,0.0,0.0,,0.0,0.0,0.0,0.0,0.0,,0.0,0.0,0.0,0.0,0.0,,0.0,0.0,0.0,0.0,0.0,,0.0,0.0,0.0,0.0,0.0,,0.0,0.0,0.0,0.0,0.0,,0.0,0.0,0.0,0.0,0.0,,0.0,0.0,0.0,0.0,0.0,0.0,0.0,0.0,0.0,1.0,1.0,1.0,2.0,,,2.0,,,2.0,,,1.0,1.0,1.0,2.0,2.0,,,1.0,2.0,2.0,1.0,1.0,1.0,2.0,,,2.0,2.0,1.0,2.0,2.0,1.0,2.0,2.0,2.0,2.0,2.0,2.0,2.0,2.0,1.0,1.0,,1.0,,2.0,,1.0,172001.0,1.0,,2.0,,1.0,,2.0,,2.0,,1.0,,1.0,,2.0,,2.0,,2.0,,2.0,,2.0,,2.0,,2.0,,2.0,,2.0,,2.0,,1.0,,2.0,,1.0,,2.0,,1.0,,1.0,,1.0,,2.0,,1.0,,2.0,c,1.0,,2.0,,1.0,,1.0,,1.0,,2.0,,2.0,,2.0,,1.0,,1.0,,1.0,1.0,2.0,,1.0,,2.0,,2.0,,2.0,,2.0,,1.0,,1.0,,1.0,,1.0,24.0,24.0,1.0,24.0,24.0,1.0,24.0,24.0,1.0,24.0,24.0,MAIZE,,,PADDY,,,WHEAT,0.0,9.0,0.0,0.0,0.0,7.0,0.0,0.0,28.0,22.0,6.0,6.0,0,0,0,0.0,RAMPUR,14.0,kullu_kullu_village_amenities.csv
,HIMACHAL PRADESH,,Kullu,,Nermand,,Tunan (17/49),,Nirmand,2009,NERMAND,17.0,KULLU,170,RAMPUR,14.0,YES,510.0,1070.0,4762,2438.0,2324.0,2678.0,1363.0,1315.0,5.0,2.0,3.0,2.0,0.0,2.0,0.0,2.0,KHARGA,,1.0,5.0,2.0,0.0,,,,1.0,1.0,2.0,0.0,,,,1.0,1.0,1.0,1.0,,,,1.0,1.0,2.0,0.0,,,,2.0,0.0,2.0,0.0,1.0,RAMPUR,,2.0,0.0,2.0,0.0,2.0,BAKNA GHAT,,2.0,0.0,2.0,0.0,1.0,SHIMLA,,2.0,0.0,2.0,0.0,1.0,SHIMLA,,2.0,0.0,2.0,0.0,1.0,ROHRU,,2.0,0.0,2.0,0.0,1.0,RACHOLI,,2.0,0.0,2.0,0.0,1.0,RAMPUR,,2.0,0.0,2.0,0.0,1.0,MASHOBARA,,2.0,0.0,2.0,0.0,N.A.,,0.0,0.0,0.0,0.0,0.0,,0.0,0.0,0.0,0.0,0.0,,1.0,1.0,0.0,1.0,0.0,,0.0,0.0,0.0,0.0,0.0,,0.0,0.0,0.0,0.0,0.0,,0.0,0.0,0.0,0.0,0.0,,0.0,0.0,0.0,0.0,0.0,,1.0,2.0,2.0,0.0,0.0,,0.0,0.0,0.0,0.0,0.0,,0.0,0.0,0.0,0.0,0.0,,0.0,0.0,0.0,0.0,0.0,,0.0,0.0,0.0,0.0,0.0,0.0,0.0,0.0,0.0,1.0,1.0,1.0,2.0,,,2.0,,,2.0,,,1.0,1.0,1.0,2.0,2.0,,,1.0,2.0,2.0,1.0,1.0,1.0,2.0,,,2.0,2.0,1.0,2.0,2.0,1.0,2.0,1.0,2.0,2.0,2.0,2.0,2.0,2.0,1.0,1.0,,1.0,,2.0,,1.0,172002.0,1.0,,2.0,,1.0,,2.0,,2.0,,1.0,,1.0,,2.0,,2.0,,2.0,,2.0,,2.0,,2.0,,2.0,,2.0,,2.0,,2.0,,1.0,,2.0,,1.0,,2.0,,1.0,,1.0,,1.0,,2.0,,1.0,,2.0,c,2.0,,2.0,,1.0,,1.0,,1.0,,1.0,,2.0,,2.0,,1.0,,1.0,,1.0,1.0,2.0,,1.0,,1.0,,2.0,,2.0,,2.0,,1.0,,1.0,,1.0,,1.0,24.0,24.0,1.0,24.0,24.0,1.0,24.0,24.0,1.0,24.0,24.0,MAIZE,,,PADDY,,,WHEAT,0.0,83.0,0.0,0.0,0.0,20.0,15.0,0.0,392.0,384.0,8.0,8.0,0,0,0,0.0,RAMPUR,14.0,kullu_kullu_village_amenities.csv
