nan,nan_1,nan_2,source_page,source_file,district_name,"name_of
district_tahsil_s
ub_tahsil","number_of_villages
as_per",number_of_towns,remarks,sarkaghat,274,180,1,1_1,"94_villages_transferred_to_bhadrota
",important_statistics,district_census_handbook_:_mandi,primary_census_abstract,"appendix_to_district_primary_census_abstract
total,_scheduled_castes_and_scheduled_tribes_population_urban_block_wise","table_1:_households_by_ownership_status_and_by_number_of_dwelling_rooms_occupied_in_the_district,_2011",nan_3,nan_4,nan_5,nan_6,nan_7,nan_8,nan_9,nan_10,"table_2_:_percentage_distribution_of_households_living_in_permanent,","semi_permanent_and_temporary_houses_,_2011",table_3_:_number_and_percentage_of_households,"sub_district_total_19,674_19,101_97_09%_221_1_12%_44_0_22%_27_0_14%","sub_district_sandhol_total_4,266_4,157_97_44%_31_0_73%_40_0_94%_16_0_38%","sub_district_kotli_total_5,789_5,256_90_79%_93_1_61%_31_0_54%_74_1_28%","sub_district_bhadrota_total_4,972_4,345_87_39%_75_1_51%_26_0_52%_20_0_4%","sub_district_sundarnagar_total_24,048_22,501_93_57%_647_2_69%_166_0_69%_205_0_85%","sub_district_aut_total_6,084_5,476_90_01%_60_0_99%_122_2_01%_19_0_31%","sub_district_thunag_total_10,850_8,362_77_07%_2,250_20_74%_12_0_11%_16_0_15%","sub_district_nihri_total_6,888_6,632_96_28%_140_2_03%_10_0_15%_14_0_2%","by_main_source_of_drinking_water,_2011",19_0_1%_0_0%_10_0_05%_7_0_04%_193_0_98%_52_0_26%_total_sub_district,15_0_35%_0_0%_2_0_05%_0_0%_0_0%_5_0_12%_total_sub_district_sandhol,102_1_76%_2_0_03%_4_0_07%_15_0_26%_87_1_5%_125_2_16%_total_sub_district_kotli,166_3_34%_2_0_04%_3_0_06%_0_0%_21_0_42%_314_6_32%_total_sub_district_bhadrota,202_0_84%_40_0_17%_39_0_16%_17_0_07%_32_0_13%_199_0_83%_total_sub_district,213_3_5%_11_0_18%_14_0_23%_11_0_18%_6_0_1%_152_2_5%_total_sub_district_aut,13_0_12%_0_0%_35_0_32%_28_0_26%_67_0_62%_67_0_62%_total_sub_district_thunag,0_0%_0_0%_29_0_42%_12_0_17%_5_0_07%_46_0_67%_total_sub_district_nihri,"district_mandi_02027_total_219,994_201,074_91_4%_8,301_3_77%_2,032_0_92%_1,899_0_86%","1,718_0_78%_142_0_06%_470_0_21%_455_0_21%_1,049_0_48%_2,854_1_3%_total_district_mandi_02027",table_4_:_number_and_percentage_of_households,"sub_district_jogindarnagar_0202700124_total_19,674_19,499_99_11%_149_0_76%_8_0_04%","sub_district_sandhol_0202700126_total_4,266_4,236_99_3%_21_0_49%_3_0_07%","sub_district_kotli_0202700128_total_5,789_5,750_99_33%_32_0_55%_3_0_05%","sub_district_bhadrota_0202700130_total_4,972_4,925_99_05%_42_0_84%_3_0_06%","sub_district_sundarnagar_0202700132_total_24,048_23,692_98_52%_291_1_21%_4_0_02%","sub_district_aut_0202700134_total_6,084_5,906_97_07%_137_2_25%_6_0_1%","sub_district_thunag_0202700136_total_10,850_10,326_95_17%_485_4_47%_4_0_04%","sub_district_nihri_0202700138_total_6,888_6,507_94_47%_321_4_66%_7_0_1%","by_main_source_of_lighting,_2011",5_0_03%_1_0_01%_12_0_06%_total_sub_district_jogindarnagar_0202700124,0_0%_0_0%_6_0_14%_total_sub_district_sandhol_0202700126,2_0_03%_2_0_03%_0_0%_total_sub_district_kotli_0202700128,1_0_02%_0_0%_1_0_02%_total_sub_district_bhadrota_0202700130,43_0_18%_4_0_02%_14_0_06%_total_sub_district_sundarnagar_0202700132,1_0_02%_4_0_07%_30_0_49%_total_sub_district_aut_0202700134,7_0_06%_11_0_1%_17_0_16%_total_sub_district_thunag_0202700136,12_0_17%_16_0_23%_25_0_36%_total_sub_district_nihri_0202700138,"district_mandi_02027_total_219,994_214,491_97_5%_4,648_2_11%_131_0_06%",188_0_09%_193_0_09%_343_0_16%_total_district_mandi_02027,table_5_:_number_and_percentage_of_households,"sub_district_jogindarnagar_total_19,674_788_4_01%_13,377_67_99%_257_1_31%_3,190_16_21%","sub_district_sandhol_total_4,266_197_4_62%_3,371_79_02%_16_0_38%_457_10_71%","sub_district_kotli_total_5,789_16_0_28%_5,270_91_03%_13_0_22%_125_2_16%","sub_district_bhadrota_total_4,972_56_1_13%_4,174_83_95%_54_1_09%_231_4_65%","sub_district_sundarnagar_total_24,048_3,216_13_37%_14,380_59_8%_117_0_49%_1,806_7_51%","sub_district_aut_total_6,084_118_1_94%_3,229_53_07%_67_1_1%_119_1_96%","sub_district_thunag_total_10,850_664_6_12%_3,629_33_45%_433_3_99%_3,058_28_18%","by_type_of_latrine_facility,_2011","123_0_63%_4_0_02%_0_0%_0_0%_68_0_35%_1,867_9_49%_total_sub_district_jogindarnagar",11_0_26%_1_0_02%_0_0%_0_0%_1_0_02%_212_4_97%_total_sub_district_sandhol,3_0_05%_1_0_02%_0_0%_0_0%_44_0_76%_317_5_48%_total_sub_district_kotli,1_0_02%_0_0%_0_0%_0_0%_47_0_95%_409_8_23%_total_sub_district_bhadrota,"39_0_16%_8_0_03%_0_0%_85_0_35%_552_2_3%_3,845_15_99%_total_sub_district_sundarnagar","52_0_85%_3_0_05%_0_0%_1_0_02%_49_0_81%_2,446_40_2%_total_sub_district_aut","230_2_12%_3_0_03%_0_0%_2_0_02%_157_1_45%_2,674_24_65%_total_sub_district_thunag","district_mandi_02027_total_219,994_16,238_7_38%_137,468_62_49%_3,049_1_39%_23,576_10_72%","1,445_0_66%_85_0_04%_24_0_01%_100_0_05%_2,500_1_14%_35,509_16_14%_total_district_mandi_02027","table_6_:_number_and_percentage_of_households_by_type_of_drainage_connectivity_for_waste_water_outlet_,_2011","total_19,674_2,572_13_07%_12,456_63_31%_4,646_23_61%","total_4,266_373_8_74%_1,880_44_07%_2,013_47_19%","total_5,789_1,104_19_07%_3,120_53_9%_1,565_27_03%","total_4,972_400_8_05%_2,383_47_93%_2,189_44_03%","total_24,048_7,647_31_8%_9,400_39_09%_7,001_29_11%","total_6,084_1,159_19_05%_2,160_35_5%_2,765_45_45%","total_10,850_1,522_14_03%_5,282_48_68%_4,046_37_29%","total_6,888_901_13_08%_2,420_35_13%_3,567_51_79%","total_219,994_45,836_20_84%_98,904_44_96%_75,254_34_21%","table_7_:_number_and_percentage_of_households_by_availablity_of_kitchen_facility,_2011","sub_district_total_19,674_17,513_89_02%_1,525_7_75%_342_1_74%_273_1_39%_21_0_11%","sub_district_total_4,266_3,686_86_4%_423_9_92%_78_1_83%_76_1_78%_3_0_07%","sub_district_kotli_total_5,789_5,369_92_74%_193_3_33%_137_2_37%_88_1_52%_2_0_03%","sub_district_total_4,972_4,417_88_84%_398_8%_80_1_61%_75_1_51%_2_0_04%","sub_district_total_24,048_20,416_84_9%_1,045_4_35%_2,078_8_64%_474_1_97%_35_0_15%","sub_district_aut_total_6,084_5,333_87_66%_401_6_59%_236_3_88%_110_1_81%_4_0_07%","sub_district_total_10,850_9,086_83_74%_397_3_66%_1,199_11_05%_163_1_5%_5_0_05%","sub_district_nihri_total_6,888_5,404_78_46%_558_8_1%_817_11_86%_106_1_54%_3_0_04%","district_mandi_total_219,994183,443_83_39%_13,490_6_13%_17,270_7_85%_5,472_2_49%_319_0_15%",table_8_:_number_and_percentage_of_households,"sub_district_jogindarnagar_total_19,674_12,348_62_76%_69_0_35%_3_0_02%_5_0_03%","sub_district_sandhol_total_4,266_2,700_63_29%_24_0_56%_2_0_05%_0_0%","sub_district_kotli_0202700128_total_5,789_4,513_77_96%_46_0_79%_2_0_03%_3_0_05%","sub_district_bhadrota_total_4,972_4,022_80_89%_49_0_99%_0_0%_2_0_04%","sub_district_sundarnagar_total_24,048_14,116_58_7%_159_0_66%_18_0_07%_6_0_02%","sub_district_aut_0202700134_total_6,084_4,038_66_37%_25_0_41%_1_0_02%_1_0_02%","sub_district_thunag_total_10,850_10,065_92_76%_55_0_51%_3_0_03%_1_0_01%","sub_district_nihri_0202700138_total_6,888_6,422_93_23%_50_0_73%_3_0_04%_0_0%","by_type_of_fuel_used_for_cooking,_2011","406_2_06%_6,780_34_46%_22_0_11%_7_0_04%_13_0_07%_21_0_11%_total_sub_district_jogindarnagar","41_0_96%_1,491_34_95%_3_0_07%_1_0_02%_1_0_02%_3_0_07%_total_sub_district_sandhol","34_0_59%_1,185_20_47%_2_0_03%_2_0_03%_0_0%_2_0_03%_total_sub_district_kotli_0202700128",7_0_14%_886_17_82%_1_0_02%_2_0_04%_1_0_02%_2_0_04%_total_sub_district_bhadrota,"352_1_46%_9,111_37_89%_218_0_91%_26_0_11%_7_0_03%_35_0_15%_total_sub_district_sundarnagar","162_2_66%_1,850_30_41%_0_0%_3_0_05%_0_0%_4_0_07%_total_sub_district_aut_0202700134",32_0_29%_685_6_31%_1_0_01%_1_0_01%_2_0_02%_5_0_05%_total_sub_district_thunag,16_0_23%_391_5_68%_3_0_04%_0_0%_0_0%_3_0_04%_total_sub_district_nihri_0202700138,"district_mandi_02027_total_219,994_154,070_70_03%_3,380_1_54%_139_0_06%_44_0_02%","2,202_1%_59,324_26_97%_348_0_16%_129_0_06%_39_0_02%_319_0_15%_total_district_mandi_02027",table_9_:_number_and_percentage_of_households_availing_banking_services_and,"sub_district_total_19,674_18,695_95_02%_4,482_22_78%_15,857_80_6%_450_2_29%_656_3_33%","sub_district_total_4,266_3,967_92_99%_1,027_24_07%_3,209_75_22%_68_1_59%_205_4_81%","sub_district_kotli_total_5,789_5,650_97_6%_827_14_29%_4,876_84_23%_39_0_67%_155_2_68%","sub_district_total_4,972_4,796_96_46%_1,297_26_09%_3,543_71_26%_60_1_21%_134_2_7%","sub_district_total_24,048_21,042_87_5%_4,320_17_96%_18,512_76_98%_958_3_98%_1,760_7_32%","sub_district_aut_total_6,084_5,664_93_1%_1,222_20_09%_4,172_68_57%_144_2_37%_334_5_49%","sub_district_total_10,850_10,293_94_87%_3,845_35_44%_5,491_50_61%_64_0_59%_203_1_87%","sub_district_nihri_total_6,888_4,831_70_14%_2,788_40_48%_3,877_56_29%_22_0_32%_145_2_11%","district_mandi_total_219,994_201,089_91_41%_53,382_24_27%_157,314_71_51%_5,333_2_42%_11,068_5_03%","number_of_households_having_each_of_the_specified_assets_in,_2011","2,571_13_07%_10,321_52_46%_3,238_16_46%_728_3_7%_2,585_13_14%_1,275_6_48%_1,629_8_28%_total_sub_district","608_14_25%_2,065_48_41%_784_18_38%_73_1_71%_187_4_38%_112_2_63%_410_9_61%_total_sub_district","972_16_79%_2,738_47_3%_1,198_20_69%_102_1_76%_423_7_31%_181_3_13%_424_7_32%_total_sub_district_kotli","520_10_46%_2,814_56_6%_593_11_93%_56_1_13%_196_3_94%_151_3_04%_537_10_8%_total_sub_district","2,399_9_98%_12,298_51_14%_4,378_18_21%_2,615_10_87%_6,031_25_08%_2,800_11_64%_2,498_10_39%_total_sub_district","283_4_65%_3,714_61_05%_634_10_42%_281_4_62%_535_8_79%_566_9_3%_774_12_72%_total_sub_district_aut","511_4_71%_6,427_59_24%_712_6_56%_87_0_8%_238_2_19%_266_2_45%_2,051_18_9%_total_sub_district","430_6_24%_3,563_51_73%_493_7_16%_90_1_31%_173_2_51%_154_2_24%_1,269_18_42%_total_sub_district_nihri","21,431_9_74%_119,439_54_29%_31,335_14_24%_10,927_4_97%_26,366_11_98%_15,958_7_25%_26,052_11_84%_total_district_mandi"
"from Great Sage Rishi 'Mandav' who prayed in this area, and the rocks turned",,,5,mandi_mandi_dchb_part_b_primary_census_abstract.pdf,Mandi,,,,,,,,,,,,,,,,,,,,,,,,,,,,,,,,,,,,,,,,,,,,,,,,,,,,,,,,,,,,,,,,,,,,,,,,,,,,,,,,,,,,,,,,,,,,,,,,,,,,,,,,,,,,,,,,,,,,,,,,,,,,,,,,,,,,,,,,,,,,,,,
"black due to the severity of his penance. Alternatively, the name may have been",,,5,mandi_mandi_dchb_part_b_primary_census_abstract.pdf,Mandi,,,,,,,,,,,,,,,,,,,,,,,,,,,,,,,,,,,,,,,,,,,,,,,,,,,,,,,,,,,,,,,,,,,,,,,,,,,,,,,,,,,,,,,,,,,,,,,,,,,,,,,,,,,,,,,,,,,,,,,,,,,,,,,,,,,,,,,,,,,,,,,
"derived from the common word mandi which means ""market” in Hindi. It may",,,5,mandi_mandi_dchb_part_b_primary_census_abstract.pdf,Mandi,,,,,,,,,,,,,,,,,,,,,,,,,,,,,,,,,,,,,,,,,,,,,,,,,,,,,,,,,,,,,,,,,,,,,,,,,,,,,,,,,,,,,,,,,,,,,,,,,,,,,,,,,,,,,,,,,,,,,,,,,,,,,,,,,,,,,,,,,,,,,,,
"possibly be connected with the Sanskrit root mandaptika, meaning ""an open",,,5,mandi_mandi_dchb_part_b_primary_census_abstract.pdf,Mandi,,,,,,,,,,,,,,,,,,,,,,,,,,,,,,,,,,,,,,,,,,,,,,,,,,,,,,,,,,,,,,,,,,,,,,,,,,,,,,,,,,,,,,,,,,,,,,,,,,,,,,,,,,,,,,,,,,,,,,,,,,,,,,,,,,,,,,,,,,,,,,,
"hall or shed,"" District of Mandi was formed with the merger of two princely",,,5,mandi_mandi_dchb_part_b_primary_census_abstract.pdf,Mandi,,,,,,,,,,,,,,,,,,,,,,,,,,,,,,,,,,,,,,,,,,,,,,,,,,,,,,,,,,,,,,,,,,,,,,,,,,,,,,,,,,,,,,,,,,,,,,,,,,,,,,,,,,,,,,,,,,,,,,,,,,,,,,,,,,,,,,,,,,,,,,,
"states, Mandi State and Suket State, on 15 April 1948, when the State of",,,5,mandi_mandi_dchb_part_b_primary_census_abstract.pdf,Mandi,,,,,,,,,,,,,,,,,,,,,,,,,,,,,,,,,,,,,,,,,,,,,,,,,,,,,,,,,,,,,,,,,,,,,,,,,,,,,,,,,,,,,,,,,,,,,,,,,,,,,,,,,,,,,,,,,,,,,,,,,,,,,,,,,,,,,,,,,,,,,,,
"Himachal Pradesh was established. Until the mid 20th century, Mandi was on",,,5,mandi_mandi_dchb_part_b_primary_census_abstract.pdf,Mandi,,,,,,,,,,,,,,,,,,,,,,,,,,,,,,,,,,,,,,,,,,,,,,,,,,,,,,,,,,,,,,,,,,,,,,,,,,,,,,,,,,,,,,,,,,,,,,,,,,,,,,,,,,,,,,,,,,,,,,,,,,,,,,,,,,,,,,,,,,,,,,,
the trade route between Yarkant County and Ladakh to,Hoshiarpur,and the,5,mandi_mandi_dchb_part_b_primary_census_abstract.pdf,Mandi,,,,,,,,,,,,,,,,,,,,,,,,,,,,,,,,,,,,,,,,,,,,,,,,,,,,,,,,,,,,,,,,,,,,,,,,,,,,,,,,,,,,,,,,,,,,,,,,,,,,,,,,,,,,,,,,,,,,,,,,,,,,,,,,,,,,,,,,,,,,,,,
"Indian plains, served as commercial hub and trade centre. Other attraction",,,5,mandi_mandi_dchb_part_b_primary_census_abstract.pdf,Mandi,,,,,,,,,,,,,,,,,,,,,,,,,,,,,,,,,,,,,,,,,,,,,,,,,,,,,,,,,,,,,,,,,,,,,,,,,,,,,,,,,,,,,,,,,,,,,,,,,,,,,,,,,,,,,,,,,,,,,,,,,,,,,,,,,,,,,,,,,,,,,,,
"point in the city is Sunken Garden, which is situated on the banks of the Beas",,,5,mandi_mandi_dchb_part_b_primary_census_abstract.pdf,Mandi,,,,,,,,,,,,,,,,,,,,,,,,,,,,,,,,,,,,,,,,,,,,,,,,,,,,,,,,,,,,,,,,,,,,,,,,,,,,,,,,,,,,,,,,,,,,,,,,,,,,,,,,,,,,,,,,,,,,,,,,,,,,,,,,,,,,,,,,,,,,,,,
"River, was earlier a garbage dump and a rundown place during the reign of",,,5,mandi_mandi_dchb_part_b_primary_census_abstract.pdf,Mandi,,,,,,,,,,,,,,,,,,,,,,,,,,,,,,,,,,,,,,,,,,,,,,,,,,,,,,,,,,,,,,,,,,,,,,,,,,,,,,,,,,,,,,,,,,,,,,,,,,,,,,,,,,,,,,,,,,,,,,,,,,,,,,,,,,,,,,,,,,,,,,,
Raja Sidh Sen of Mandi. It is the same site where Raja Sidh Sen killed his son-,,,5,mandi_mandi_dchb_part_b_primary_census_abstract.pdf,Mandi,,,,,,,,,,,,,,,,,,,,,,,,,,,,,,,,,,,,,,,,,,,,,,,,,,,,,,,,,,,,,,,,,,,,,,,,,,,,,,,,,,,,,,,,,,,,,,,,,,,,,,,,,,,,,,,,,,,,,,,,,,,,,,,,,,,,,,,,,,,,,,,
in-law Raja Prithi of Bhangal. It was initially a lake and was later transformed,,,5,mandi_mandi_dchb_part_b_primary_census_abstract.pdf,Mandi,,,,,,,,,,,,,,,,,,,,,,,,,,,,,,,,,,,,,,,,,,,,,,,,,,,,,,,,,,,,,,,,,,,,,,,,,,,,,,,,,,,,,,,,,,,,,,,,,,,,,,,,,,,,,,,,,,,,,,,,,,,,,,,,,,,,,,,,,,,,,,,
into a garden by Raja Joginder Sen. This garden also has a clock tower.,,,5,mandi_mandi_dchb_part_b_primary_census_abstract.pdf,Mandi,,,,,,,,,,,,,,,,,,,,,,,,,,,,,,,,,,,,,,,,,,,,,,,,,,,,,,,,,,,,,,,,,,,,,,,,,,,,,,,,,,,,,,,,,,,,,,,,,,,,,,,,,,,,,,,,,,,,,,,,,,,,,,,,,,,,,,,,,,,,,,,
"2011
Census","2011
Census",,25,mandi_mandi_dchb_part_b_primary_census_abstract.pdf,Mandi,,"2001
Census","2001
Census",,,,,,,,,,,,,,,,,,,,,,,,,,,,,,,,,,,,,,,,,,,,,,,,,,,,,,,,,,,,,,,,,,,,,,,,,,,,,,,,,,,,,,,,,,,,,,,,,,,,,,,,,,,,,,,,,,,,,,,,,,,,,,,,,,,,,,,,,,,,
3,5,,25,mandi_mandi_dchb_part_b_primary_census_abstract.pdf,Mandi,1,3,5,6,,,,,,,,,,,,,,,,,,,,,,,,,,,,,,,,,,,,,,,,,,,,,,,,,,,,,,,,,,,,,,,,,,,,,,,,,,,,,,,,,,,,,,,,,,,,,,,,,,,,,,,,,,,,,,,,,,,,,,,,,,,,,,,,,,,,,,,,,,,
"3,338",5,,25,mandi_mandi_dchb_part_b_primary_census_abstract.pdf,Mandi,Mandi,"3,338",5,,,,,,,,,,,,,,,,,,,,,,,,,,,,,,,,,,,,,,,,,,,,,,,,,,,,,,,,,,,,,,,,,,,,,,,,,,,,,,,,,,,,,,,,,,,,,,,,,,,,,,,,,,,,,,,,,,,,,,,,,,,,,,,,,,,,,,,,,,,,
232,-,,25,mandi_mandi_dchb_part_b_primary_census_abstract.pdf,Mandi,Padhar,232,-,,,,,,,,,,,,,,,,,,,,,,,,,,,,,,,,,,,,,,,,,,,,,,,,,,,,,,,,,,,,,,,,,,,,,,,,,,,,,,,,,,,,,,,,,,,,,,,,,,,,,,,,,,,,,,,,,,,,,,,,,,,,,,,,,,,,,,,,,,,,
219,1,,25,mandi_mandi_dchb_part_b_primary_census_abstract.pdf,Mandi,Jogindarnagar,219,1,,,,,,,,,,,,,,,,,,,,,,,,,,,,,,,,,,,,,,,,,,,,,,,,,,,,,,,,,,,,,,,,,,,,,,,,,,,,,,,,,,,,,,,,,,,,,,,,,,,,,,,,,,,,,,,,,,,,,,,,,,,,,,,,,,,,,,,,,,,,
147,-,,25,mandi_mandi_dchb_part_b_primary_census_abstract.pdf,Mandi,Lad Bharol,147,-,,,,,,,,,,,,,,,,,,,,,,,,,,,,,,,,,,,,,,,,,,,,,,,,,,,,,,,,,,,,,,,,,,,,,,,,,,,,,,,,,,,,,,,,,,,,,,,,,,,,,,,,,,,,,,,,,,,,,,,,,,,,,,,,,,,,,,,,,,,,
59,-,,25,mandi_mandi_dchb_part_b_primary_census_abstract.pdf,Mandi,Sandhol,66,-,"7 Villages transferred to
Dharampur .",,,,,,,,,,,,,,,,,,,,,,,,,,,,,,,,,,,,,,,,,,,,,,,,,,,,,,,,,,,,,,,,,,,,,,,,,,,,,,,,,,,,,,,,,,,,,,,,,,,,,,,,,,,,,,,,,,,,,,,,,,,,,,,,,,,,,,,,,,,
99,-,,25,mandi_mandi_dchb_part_b_primary_census_abstract.pdf,Mandi,Dharmpur,92,-,7 Villages merged from Sandhol .,,,,,,,,,,,,,,,,,,,,,,,,,,,,,,,,,,,,,,,,,,,,,,,,,,,,,,,,,,,,,,,,,,,,,,,,,,,,,,,,,,,,,,,,,,,,,,,,,,,,,,,,,,,,,,,,,,,,,,,,,,,,,,,,,,,,,,,,,,,
66,-,,25,mandi_mandi_dchb_part_b_primary_census_abstract.pdf,Mandi,Kotli,66,-,,,,,,,,,,,,,,,,,,,,,,,,,,,,,,,,,,,,,,,,,,,,,,,,,,,,,,,,,,,,,,,,,,,,,,,,,,,,,,,,,,,,,,,,,,,,,,,,,,,,,,,,,,,,,,,,,,,,,,,,,,,,,,,,,,,,,,,,,,,,
,,,26,mandi_mandi_dchb_part_b_primary_census_abstract.pdf,Mandi,,,,,Bhadrota,-,94,,,"94 Villages merged from Bhadrota
.",,,,,,,,,,,,,,,,,,,,,,,,,,,,,,,,,,,,,,,,,,,,,,,,,,,,,,,,,,,,,,,,,,,,,,,,,,,,,,,,,,,,,,,,,,,,,,,,,,,,,,,,,,,,,,,,,,,,,,,,,,,,,,,,,,,,,
,,,26,mandi_mandi_dchb_part_b_primary_census_abstract.pdf,Mandi,,,,,Baldwara,139,139,-,-,,,,,,,,,,,,,,,,,,,,,,,,,,,,,,,,,,,,,,,,,,,,,,,,,,,,,,,,,,,,,,,,,,,,,,,,,,,,,,,,,,,,,,,,,,,,,,,,,,,,,,,,,,,,,,,,,,,,,,,,,,,,,,,,,,,,,,
,,,26,mandi_mandi_dchb_part_b_primary_census_abstract.pdf,Mandi,,,,,Sundarnagar,180,180,1,1,,,,,,,,,,,,,,,,,,,,,,,,,,,,,,,,,,,,,,,,,,,,,,,,,,,,,,,,,,,,,,,,,,,,,,,,,,,,,,,,,,,,,,,,,,,,,,,,,,,,,,,,,,,,,,,,,,,,,,,,,,,,,,,,,,,,,,
,,,26,mandi_mandi_dchb_part_b_primary_census_abstract.pdf,Mandi,,,,,Mandi Sadar,404,404,2,2,,,,,,,,,,,,,,,,,,,,,,,,,,,,,,,,,,,,,,,,,,,,,,,,,,,,,,,,,,,,,,,,,,,,,,,,,,,,,,,,,,,,,,,,,,,,,,,,,,,,,,,,,,,,,,,,,,,,,,,,,,,,,,,,,,,,,,
,,,26,mandi_mandi_dchb_part_b_primary_census_abstract.pdf,Mandi,,,,,Aut,88,88,-,-,,,,,,,,,,,,,,,,,,,,,,,,,,,,,,,,,,,,,,,,,,,,,,,,,,,,,,,,,,,,,,,,,,,,,,,,,,,,,,,,,,,,,,,,,,,,,,,,,,,,,,,,,,,,,,,,,,,,,,,,,,,,,,,,,,,,,,
,,,26,mandi_mandi_dchb_part_b_primary_census_abstract.pdf,Mandi,,,,,Bali Chowki,156,156,-,-,,,,,,,,,,,,,,,,,,,,,,,,,,,,,,,,,,,,,,,,,,,,,,,,,,,,,,,,,,,,,,,,,,,,,,,,,,,,,,,,,,,,,,,,,,,,,,,,,,,,,,,,,,,,,,,,,,,,,,,,,,,,,,,,,,,,,,
,,,26,mandi_mandi_dchb_part_b_primary_census_abstract.pdf,Mandi,,,,,Thunag,258,258,-,-,,,,,,,,,,,,,,,,,,,,,,,,,,,,,,,,,,,,,,,,,,,,,,,,,,,,,,,,,,,,,,,,,,,,,,,,,,,,,,,,,,,,,,,,,,,,,,,,,,,,,,,,,,,,,,,,,,,,,,,,,,,,,,,,,,,,,,
,,,26,mandi_mandi_dchb_part_b_primary_census_abstract.pdf,Mandi,,,,,Chachyot,209,209,-,-,,,,,,,,,,,,,,,,,,,,,,,,,,,,,,,,,,,,,,,,,,,,,,,,,,,,,,,,,,,,,,,,,,,,,,,,,,,,,,,,,,,,,,,,,,,,,,,,,,,,,,,,,,,,,,,,,,,,,,,,,,,,,,,,,,,,,,
,,,26,mandi_mandi_dchb_part_b_primary_census_abstract.pdf,Mandi,,,,,Nihri,274,274,-,-,,,,,,,,,,,,,,,,,,,,,,,,,,,,,,,,,,,,,,,,,,,,,,,,,,,,,,,,,,,,,,,,,,,,,,,,,,,,,,,,,,,,,,,,,,,,,,,,,,,,,,,,,,,,,,,,,,,,,,,,,,,,,,,,,,,,,,
,,,26,mandi_mandi_dchb_part_b_primary_census_abstract.pdf,Mandi,,,,,Karsog,534,534,-,-,,,,,,,,,,,,,,,,,,,,,,,,,,,,,,,,,,,,,,,,,,,,,,,,,,,,,,,,,,,,,,,,,,,,,,,,,,,,,,,,,,,,,,,,,,,,,,,,,,,,,,,,,,,,,,,,,,,,,,,,,,,,,,,,,,,,,,
,,,30,mandi_mandi_dchb_part_b_primary_census_abstract.pdf,Mandi,,,,,,,,,,,State District,,,,,,,,,,,,,,,,,,,,,,,,,,,,,,,,,,,,,,,,,,,,,,,,,,,,,,,,,,,,,,,,,,,,,,,,,,,,,,,,,,,,,,,,,,,,,,,,,,,,,,,,,,,,,,,,,,,,,,,,,,,,,,,,,,,,
,,,39,mandi_mandi_dchb_part_b_primary_census_abstract.pdf,Mandi,,,,,,,,,,,,DISTRICT PRIMARY,,,,,,,,,,,,,,,,,,,,,,,,,,,,,,,,,,,,,,,,,,,,,,,,,,,,,,,,,,,,,,,,,,,,,,,,,,,,,,,,,,,,,,,,,,,,,,,,,,,,,,,,,,,,,,,,,,,,,,,,,,,,,,,,,,,
,,,39,mandi_mandi_dchb_part_b_primary_census_abstract.pdf,Mandi,,,,,,,,,,,,"Location Total/ Area in Total population (including institutional and
code District/ CD Block/ Rural/ Square Number of houseless population) Population in the age-group 0-6
number Town Urban Kilometre households Persons Males Females Persons Males Females",,,,,,,,,,,,,,,,,,,,,,,,,,,,,,,,,,,,,,,,,,,,,,,,,,,,,,,,,,,,,,,,,,,,,,,,,,,,,,,,,,,,,,,,,,,,,,,,,,,,,,,,,,,,,,,,,,,,,,,,,,,,,,,,,,,
,,,39,mandi_mandi_dchb_part_b_primary_census_abstract.pdf,Mandi,,,,,,,,,,,,1 2 3 4 5 6 7 8 9 10 11,,,,,,,,,,,,,,,,,,,,,,,,,,,,,,,,,,,,,,,,,,,,,,,,,,,,,,,,,,,,,,,,,,,,,,,,,,,,,,,,,,,,,,,,,,,,,,,,,,,,,,,,,,,,,,,,,,,,,,,,,,,,,,,,,,,
,,,40,mandi_mandi_dchb_part_b_primary_census_abstract.pdf,Mandi,,,,,,,,,,,,,CENSUS ABSTRACT,,,,,,,,,,,,,,,,,,,,,,,,,,,,,,,,,,,,,,,,,,,,,,,,,,,,,,,,,,,,,,,,,,,,,,,,,,,,,,,,,,,,,,,,,,,,,,,,,,,,,,,,,,,,,,,,,,,,,,,,,,,,,,,,,,
,,,40,mandi_mandi_dchb_part_b_primary_census_abstract.pdf,Mandi,,,,,,,,,,,,,"Total/
Scheduled Castes population Scheduled Tribes population Literates Rural/ District/ CD Block/
Persons Males Females Persons Males Females Persons Males Females Urban Town",,,,,,,,,,,,,,,,,,,,,,,,,,,,,,,,,,,,,,,,,,,,,,,,,,,,,,,,,,,,,,,,,,,,,,,,,,,,,,,,,,,,,,,,,,,,,,,,,,,,,,,,,,,,,,,,,,,,,,,,,,,,,,,,,,
,,,40,mandi_mandi_dchb_part_b_primary_census_abstract.pdf,Mandi,,,,,,,,,,,,,12 13 14 15 16 17 18 19 20 3 2,,,,,,,,,,,,,,,,,,,,,,,,,,,,,,,,,,,,,,,,,,,,,,,,,,,,,,,,,,,,,,,,,,,,,,,,,,,,,,,,,,,,,,,,,,,,,,,,,,,,,,,,,,,,,,,,,,,,,,,,,,,,,,,,,,
,,,41,mandi_mandi_dchb_part_b_primary_census_abstract.pdf,Mandi,,,,,,,,,,,,DISTRICT PRIMARY,,,,,,,,,,,,,,,,,,,,,,,,,,,,,,,,,,,,,,,,,,,,,,,,,,,,,,,,,,,,,,,,,,,,,,,,,,,,,,,,,,,,,,,,,,,,,,,,,,,,,,,,,,,,,,,,,,,,,,,,,,,,,,,,,,,
,,,41,mandi_mandi_dchb_part_b_primary_census_abstract.pdf,Mandi,,,,,,,,,,,,"Industrial category
Location Total/
code District/ CD Block/ Rural/ Total workers Main workers Cultivators
number Town Urban Persons Males Females Persons Males Females Persons Males Females",,,,,,,,,,,,,,,,,,,,,,,,,,,,,,,,,,,,,,,,,,,,,,,,,,,,,,,,,,,,,,,,,,,,,,,,,,,,,,,,,,,,,,,,,,,,,,,,,,,,,,,,,,,,,,,,,,,,,,,,,,,,,,,,,,,
,,,41,mandi_mandi_dchb_part_b_primary_census_abstract.pdf,Mandi,,,,,,,,,,,,1 2 3 21 22 23 24 25 26 27 28 29,,,,,,,,,,,,,,,,,,,,,,,,,,,,,,,,,,,,,,,,,,,,,,,,,,,,,,,,,,,,,,,,,,,,,,,,,,,,,,,,,,,,,,,,,,,,,,,,,,,,,,,,,,,,,,,,,,,,,,,,,,,,,,,,,,,
,,,42,mandi_mandi_dchb_part_b_primary_census_abstract.pdf,Mandi,,,,,,,,,,,,,CENSUS ABSTRACT,,,,,,,,,,,,,,,,,,,,,,,,,,,,,,,,,,,,,,,,,,,,,,,,,,,,,,,,,,,,,,,,,,,,,,,,,,,,,,,,,,,,,,,,,,,,,,,,,,,,,,,,,,,,,,,,,,,,,,,,,,,,,,,,,,
,,,42,mandi_mandi_dchb_part_b_primary_census_abstract.pdf,Mandi,,,,,,,,,,,,,"of main workers
Total/
Agricultural labourers Household industry workers Other workers Rural/ District/ CD Block/
Persons Males Females Persons Males Females Persons Males Females Urban Town",,,,,,,,,,,,,,,,,,,,,,,,,,,,,,,,,,,,,,,,,,,,,,,,,,,,,,,,,,,,,,,,,,,,,,,,,,,,,,,,,,,,,,,,,,,,,,,,,,,,,,,,,,,,,,,,,,,,,,,,,,,,,,,,,,
,,,42,mandi_mandi_dchb_part_b_primary_census_abstract.pdf,Mandi,,,,,,,,,,,,,30 31 32 33 34 35 36 37 38 3 2,,,,,,,,,,,,,,,,,,,,,,,,,,,,,,,,,,,,,,,,,,,,,,,,,,,,,,,,,,,,,,,,,,,,,,,,,,,,,,,,,,,,,,,,,,,,,,,,,,,,,,,,,,,,,,,,,,,,,,,,,,,,,,,,,,
,,,43,mandi_mandi_dchb_part_b_primary_census_abstract.pdf,Mandi,,,,,,,,,,,,DISTRICT PRIMARY,,,,,,,,,,,,,,,,,,,,,,,,,,,,,,,,,,,,,,,,,,,,,,,,,,,,,,,,,,,,,,,,,,,,,,,,,,,,,,,,,,,,,,,,,,,,,,,,,,,,,,,,,,,,,,,,,,,,,,,,,,,,,,,,,,,
,,,43,mandi_mandi_dchb_part_b_primary_census_abstract.pdf,Mandi,,,,,,,,,,,,"Industrial category
Location Total/
code District/ CD Block/ Rural/ Marginal workers Cultivators Agricultural labourers
number Town Urban Persons Males Females Persons Males Females Persons Males Females",,,,,,,,,,,,,,,,,,,,,,,,,,,,,,,,,,,,,,,,,,,,,,,,,,,,,,,,,,,,,,,,,,,,,,,,,,,,,,,,,,,,,,,,,,,,,,,,,,,,,,,,,,,,,,,,,,,,,,,,,,,,,,,,,,,
,,,43,mandi_mandi_dchb_part_b_primary_census_abstract.pdf,Mandi,,,,,,,,,,,,1 2 3 39 40 41 42 43 44 45 46 47,,,,,,,,,,,,,,,,,,,,,,,,,,,,,,,,,,,,,,,,,,,,,,,,,,,,,,,,,,,,,,,,,,,,,,,,,,,,,,,,,,,,,,,,,,,,,,,,,,,,,,,,,,,,,,,,,,,,,,,,,,,,,,,,,,,
,,,44,mandi_mandi_dchb_part_b_primary_census_abstract.pdf,Mandi,,,,,,,,,,,,,CENSUS ABSTRACT,,,,,,,,,,,,,,,,,,,,,,,,,,,,,,,,,,,,,,,,,,,,,,,,,,,,,,,,,,,,,,,,,,,,,,,,,,,,,,,,,,,,,,,,,,,,,,,,,,,,,,,,,,,,,,,,,,,,,,,,,,,,,,,,,,
,,,44,mandi_mandi_dchb_part_b_primary_census_abstract.pdf,Mandi,,,,,,,,,,,,,"of marginal workers
Total/ Location
Household industry workers Other workers Non-workers Rural/ District/ CD Block/ code
Persons Males Females Persons Males Females Persons Males Females Urban Town number",,,,,,,,,,,,,,,,,,,,,,,,,,,,,,,,,,,,,,,,,,,,,,,,,,,,,,,,,,,,,,,,,,,,,,,,,,,,,,,,,,,,,,,,,,,,,,,,,,,,,,,,,,,,,,,,,,,,,,,,,,,,,,,,,,
,,,44,mandi_mandi_dchb_part_b_primary_census_abstract.pdf,Mandi,,,,,,,,,,,,,48 49 50 51 52 53 54 55 56 3 2 1,,,,,,,,,,,,,,,,,,,,,,,,,,,,,,,,,,,,,,,,,,,,,,,,,,,,,,,,,,,,,,,,,,,,,,,,,,,,,,,,,,,,,,,,,,,,,,,,,,,,,,,,,,,,,,,,,,,,,,,,,,,,,,,,,,
,,,47,mandi_mandi_dchb_part_b_primary_census_abstract.pdf,Mandi,,,,,,,,,,,,,,,,,,,,,,,,,,,,,,,,,,,,,,,,,,,,,,,,,,,,,,,,,,,,,,,,,,,,,,,,,,,,,,,,,,,,,,,,,,,,,,,,,,,,,,,,,,,,,,,,,,,,,,,,,,,,,,,,,,,,,,,,,,,,,,,
,,,48,mandi_mandi_dchb_part_b_primary_census_abstract.pdf,Mandi,,,,,,,,,,,,,,,,,,,,,,,,,,,,,,,,,,,,,,,,,,,,,,,,,,,,,,,,,,,,,,,,,,,,,,,,,,,,,,,,,,,,,,,,,,,,,,,,,,,,,,,,,,,,,,,,,,,,,,,,,,,,,,,,,,,,,,,,,,,,,,,
,,,49,mandi_mandi_dchb_part_b_primary_census_abstract.pdf,Mandi,,,,,,,,,,,,,,,,,,,,,,,,,,,,,,,,,,,,,,,,,,,,,,,,,,,,,,,,,,,,,,,,,,,,,,,,,,,,,,,,,,,,,,,,,,,,,,,,,,,,,,,,,,,,,,,,,,,,,,,,,,,,,,,,,,,,,,,,,,,,,,,
,,,50,mandi_mandi_dchb_part_b_primary_census_abstract.pdf,Mandi,,,,,,,,,,,,,,,,,,,,,,,,,,,,,,,,,,,,,,,,,,,,,,,,,,,,,,,,,,,,,,,,,,,,,,,,,,,,,,,,,,,,,,,,,,,,,,,,,,,,,,,,,,,,,,,,,,,,,,,,,,,,,,,,,,,,,,,,,,,,,,,
,,,53,mandi_mandi_dchb_part_b_primary_census_abstract.pdf,Mandi,,,,,,,,,,,,PRIMARY CENSUS ABSTRACT,,,,,,,,,,,,,,,,,,,,,,,,,,,,,,,,,,,,,,,,,,,,,,,,,,,,,,,,,,,,,,,,,,,,,,,,,,,,,,,,,,,,,,,,,,,,,,,,,,,,,,,,,,,,,,,,,,,,,,,,,,,,,,,,,,,
,,,53,mandi_mandi_dchb_part_b_primary_census_abstract.pdf,Mandi,,,,,,,,,,,,"Number of
Location Total/ households Total population (including institutional and
code District/ CD Block/ Rural/ with SC as houseless population) Population in the age-group 0-6
number Town Urban head Persons Males Females Persons Males Females",,,,,,,,,,,,,,,,,,,,,,,,,,,,,,,,,,,,,,,,,,,,,,,,,,,,,,,,,,,,,,,,,,,,,,,,,,,,,,,,,,,,,,,,,,,,,,,,,,,,,,,,,,,,,,,,,,,,,,,,,,,,,,,,,,,
,,,53,mandi_mandi_dchb_part_b_primary_census_abstract.pdf,Mandi,,,,,,,,,,,,1 2 3 4 5 6 7 8 9 10,,,,,,,,,,,,,,,,,,,,,,,,,,,,,,,,,,,,,,,,,,,,,,,,,,,,,,,,,,,,,,,,,,,,,,,,,,,,,,,,,,,,,,,,,,,,,,,,,,,,,,,,,,,,,,,,,,,,,,,,,,,,,,,,,,,
,,,54,mandi_mandi_dchb_part_b_primary_census_abstract.pdf,Mandi,,,,,,,,,,,,,FOR SCHEDULED CASTES,,,,,,,,,,,,,,,,,,,,,,,,,,,,,,,,,,,,,,,,,,,,,,,,,,,,,,,,,,,,,,,,,,,,,,,,,,,,,,,,,,,,,,,,,,,,,,,,,,,,,,,,,,,,,,,,,,,,,,,,,,,,,,,,,,
,,,54,mandi_mandi_dchb_part_b_primary_census_abstract.pdf,Mandi,,,,,,,,,,,,,"Total/
Literates Illiterates Total workers Rural/ District/ CD Block/
Persons Males Females Persons Males Females Persons Males Females Urban Town",,,,,,,,,,,,,,,,,,,,,,,,,,,,,,,,,,,,,,,,,,,,,,,,,,,,,,,,,,,,,,,,,,,,,,,,,,,,,,,,,,,,,,,,,,,,,,,,,,,,,,,,,,,,,,,,,,,,,,,,,,,,,,,,,,
,,,54,mandi_mandi_dchb_part_b_primary_census_abstract.pdf,Mandi,,,,,,,,,,,,,11 12 13 14 15 16 17 18 19 3 2,,,,,,,,,,,,,,,,,,,,,,,,,,,,,,,,,,,,,,,,,,,,,,,,,,,,,,,,,,,,,,,,,,,,,,,,,,,,,,,,,,,,,,,,,,,,,,,,,,,,,,,,,,,,,,,,,,,,,,,,,,,,,,,,,,
,,,55,mandi_mandi_dchb_part_b_primary_census_abstract.pdf,Mandi,,,,,,,,,,,,PRIMARY CENSUS ABSTRACT,,,,,,,,,,,,,,,,,,,,,,,,,,,,,,,,,,,,,,,,,,,,,,,,,,,,,,,,,,,,,,,,,,,,,,,,,,,,,,,,,,,,,,,,,,,,,,,,,,,,,,,,,,,,,,,,,,,,,,,,,,,,,,,,,,,
,,,55,mandi_mandi_dchb_part_b_primary_census_abstract.pdf,Mandi,,,,,,,,,,,,"Industrial category
Location Total/
code District/ CD Block/ Rural/ Main workers Cultivators Agricultural labourers
number Town Urban Persons Males Females Persons Males Females Persons Males Females",,,,,,,,,,,,,,,,,,,,,,,,,,,,,,,,,,,,,,,,,,,,,,,,,,,,,,,,,,,,,,,,,,,,,,,,,,,,,,,,,,,,,,,,,,,,,,,,,,,,,,,,,,,,,,,,,,,,,,,,,,,,,,,,,,,
,,,55,mandi_mandi_dchb_part_b_primary_census_abstract.pdf,Mandi,,,,,,,,,,,,1 2 3 20 21 22 23 24 25 26 27 28,,,,,,,,,,,,,,,,,,,,,,,,,,,,,,,,,,,,,,,,,,,,,,,,,,,,,,,,,,,,,,,,,,,,,,,,,,,,,,,,,,,,,,,,,,,,,,,,,,,,,,,,,,,,,,,,,,,,,,,,,,,,,,,,,,,
,,,56,mandi_mandi_dchb_part_b_primary_census_abstract.pdf,Mandi,,,,,,,,,,,,,FOR SCHEDULED CASTES,,,,,,,,,,,,,,,,,,,,,,,,,,,,,,,,,,,,,,,,,,,,,,,,,,,,,,,,,,,,,,,,,,,,,,,,,,,,,,,,,,,,,,,,,,,,,,,,,,,,,,,,,,,,,,,,,,,,,,,,,,,,,,,,,,
,,,56,mandi_mandi_dchb_part_b_primary_census_abstract.pdf,Mandi,,,,,,,,,,,,,"of main workers
Total/
Household industry workers Other workers Marginal workers Rural/ District/ CD Block/
Persons Males Females Persons Males Females Persons Males Females Urban Town",,,,,,,,,,,,,,,,,,,,,,,,,,,,,,,,,,,,,,,,,,,,,,,,,,,,,,,,,,,,,,,,,,,,,,,,,,,,,,,,,,,,,,,,,,,,,,,,,,,,,,,,,,,,,,,,,,,,,,,,,,,,,,,,,,
,,,56,mandi_mandi_dchb_part_b_primary_census_abstract.pdf,Mandi,,,,,,,,,,,,,29 30 31 32 33 34 35 36 37 3 2,,,,,,,,,,,,,,,,,,,,,,,,,,,,,,,,,,,,,,,,,,,,,,,,,,,,,,,,,,,,,,,,,,,,,,,,,,,,,,,,,,,,,,,,,,,,,,,,,,,,,,,,,,,,,,,,,,,,,,,,,,,,,,,,,,
,,,57,mandi_mandi_dchb_part_b_primary_census_abstract.pdf,Mandi,,,,,,,,,,,,PRIMARY CENSUS ABSTRACT,,,,,,,,,,,,,,,,,,,,,,,,,,,,,,,,,,,,,,,,,,,,,,,,,,,,,,,,,,,,,,,,,,,,,,,,,,,,,,,,,,,,,,,,,,,,,,,,,,,,,,,,,,,,,,,,,,,,,,,,,,,,,,,,,,,
,,,57,mandi_mandi_dchb_part_b_primary_census_abstract.pdf,Mandi,,,,,,,,,,,,"Industrial category of
Location Total/
code District/ CD Block/ Rural/ Cultivators Agricultural labourers Household industry workers
number Town Urban Persons Males Females Persons Males Females Persons Males Females",,,,,,,,,,,,,,,,,,,,,,,,,,,,,,,,,,,,,,,,,,,,,,,,,,,,,,,,,,,,,,,,,,,,,,,,,,,,,,,,,,,,,,,,,,,,,,,,,,,,,,,,,,,,,,,,,,,,,,,,,,,,,,,,,,,
,,,57,mandi_mandi_dchb_part_b_primary_census_abstract.pdf,Mandi,,,,,,,,,,,,1 2 3 38 39 40 41 42 43 44 45 46,,,,,,,,,,,,,,,,,,,,,,,,,,,,,,,,,,,,,,,,,,,,,,,,,,,,,,,,,,,,,,,,,,,,,,,,,,,,,,,,,,,,,,,,,,,,,,,,,,,,,,,,,,,,,,,,,,,,,,,,,,,,,,,,,,,
,,,58,mandi_mandi_dchb_part_b_primary_census_abstract.pdf,Mandi,,,,,,,,,,,,,FOR SCHEDULED CASTES,,,,,,,,,,,,,,,,,,,,,,,,,,,,,,,,,,,,,,,,,,,,,,,,,,,,,,,,,,,,,,,,,,,,,,,,,,,,,,,,,,,,,,,,,,,,,,,,,,,,,,,,,,,,,,,,,,,,,,,,,,,,,,,,,,
,,,58,mandi_mandi_dchb_part_b_primary_census_abstract.pdf,Mandi,,,,,,,,,,,,,"marginal workers
Total/ Location
Other workers Non-workers Rural/ District/ CD Block/ code
Persons Males Females Persons Males Females Urban Town number",,,,,,,,,,,,,,,,,,,,,,,,,,,,,,,,,,,,,,,,,,,,,,,,,,,,,,,,,,,,,,,,,,,,,,,,,,,,,,,,,,,,,,,,,,,,,,,,,,,,,,,,,,,,,,,,,,,,,,,,,,,,,,,,,,
,,,58,mandi_mandi_dchb_part_b_primary_census_abstract.pdf,Mandi,,,,,,,,,,,,,47 48 49 50 51 52 3 2 1,,,,,,,,,,,,,,,,,,,,,,,,,,,,,,,,,,,,,,,,,,,,,,,,,,,,,,,,,,,,,,,,,,,,,,,,,,,,,,,,,,,,,,,,,,,,,,,,,,,,,,,,,,,,,,,,,,,,,,,,,,,,,,,,,,
,,,61,mandi_mandi_dchb_part_b_primary_census_abstract.pdf,Mandi,,,,,,,,,,,,PRIMARY CENSUS ABSTRACT,,,,,,,,,,,,,,,,,,,,,,,,,,,,,,,,,,,,,,,,,,,,,,,,,,,,,,,,,,,,,,,,,,,,,,,,,,,,,,,,,,,,,,,,,,,,,,,,,,,,,,,,,,,,,,,,,,,,,,,,,,,,,,,,,,,
,,,61,mandi_mandi_dchb_part_b_primary_census_abstract.pdf,Mandi,,,,,,,,,,,,"Number of
Location Total/ households Total population (including institutional and
code Rural/ with ST as houseless population) Population in the age-group 0-6
number District/ CD Block/ Town Urban head Persons Males Females Persons Males Females",,,,,,,,,,,,,,,,,,,,,,,,,,,,,,,,,,,,,,,,,,,,,,,,,,,,,,,,,,,,,,,,,,,,,,,,,,,,,,,,,,,,,,,,,,,,,,,,,,,,,,,,,,,,,,,,,,,,,,,,,,,,,,,,,,,
,,,61,mandi_mandi_dchb_part_b_primary_census_abstract.pdf,Mandi,,,,,,,,,,,,1 2 3 4 5 6 7 8 9 10,,,,,,,,,,,,,,,,,,,,,,,,,,,,,,,,,,,,,,,,,,,,,,,,,,,,,,,,,,,,,,,,,,,,,,,,,,,,,,,,,,,,,,,,,,,,,,,,,,,,,,,,,,,,,,,,,,,,,,,,,,,,,,,,,,,
,,,62,mandi_mandi_dchb_part_b_primary_census_abstract.pdf,Mandi,,,,,,,,,,,,,FOR SCHEDULED TRIBES,,,,,,,,,,,,,,,,,,,,,,,,,,,,,,,,,,,,,,,,,,,,,,,,,,,,,,,,,,,,,,,,,,,,,,,,,,,,,,,,,,,,,,,,,,,,,,,,,,,,,,,,,,,,,,,,,,,,,,,,,,,,,,,,,,
,,,62,mandi_mandi_dchb_part_b_primary_census_abstract.pdf,Mandi,,,,,,,,,,,,,"Total/
Literates Illiterates Total workers Rural/ District/ CD Block/
Persons Males Females Persons Males Females Persons Males Females Urban Town",,,,,,,,,,,,,,,,,,,,,,,,,,,,,,,,,,,,,,,,,,,,,,,,,,,,,,,,,,,,,,,,,,,,,,,,,,,,,,,,,,,,,,,,,,,,,,,,,,,,,,,,,,,,,,,,,,,,,,,,,,,,,,,,,,
,,,62,mandi_mandi_dchb_part_b_primary_census_abstract.pdf,Mandi,,,,,,,,,,,,,11 12 13 14 15 16 17 18 19 3 2,,,,,,,,,,,,,,,,,,,,,,,,,,,,,,,,,,,,,,,,,,,,,,,,,,,,,,,,,,,,,,,,,,,,,,,,,,,,,,,,,,,,,,,,,,,,,,,,,,,,,,,,,,,,,,,,,,,,,,,,,,,,,,,,,,
,,,63,mandi_mandi_dchb_part_b_primary_census_abstract.pdf,Mandi,,,,,,,,,,,,PRIMARY CENSUS ABSTRACT,,,,,,,,,,,,,,,,,,,,,,,,,,,,,,,,,,,,,,,,,,,,,,,,,,,,,,,,,,,,,,,,,,,,,,,,,,,,,,,,,,,,,,,,,,,,,,,,,,,,,,,,,,,,,,,,,,,,,,,,,,,,,,,,,,,
,,,63,mandi_mandi_dchb_part_b_primary_census_abstract.pdf,Mandi,,,,,,,,,,,,"Industrial category
Location Total/
code Rural/ Main workers Cultivators Agricultural labourers
number District/ CD Block/ Town Urban Persons Males Females Persons Males Females Persons Males Females",,,,,,,,,,,,,,,,,,,,,,,,,,,,,,,,,,,,,,,,,,,,,,,,,,,,,,,,,,,,,,,,,,,,,,,,,,,,,,,,,,,,,,,,,,,,,,,,,,,,,,,,,,,,,,,,,,,,,,,,,,,,,,,,,,,
,,,63,mandi_mandi_dchb_part_b_primary_census_abstract.pdf,Mandi,,,,,,,,,,,,1 2 3 20 21 22 23 24 25 26 27 28,,,,,,,,,,,,,,,,,,,,,,,,,,,,,,,,,,,,,,,,,,,,,,,,,,,,,,,,,,,,,,,,,,,,,,,,,,,,,,,,,,,,,,,,,,,,,,,,,,,,,,,,,,,,,,,,,,,,,,,,,,,,,,,,,,,
,,,64,mandi_mandi_dchb_part_b_primary_census_abstract.pdf,Mandi,,,,,,,,,,,,,FOR SCHEDULED TRIBES,,,,,,,,,,,,,,,,,,,,,,,,,,,,,,,,,,,,,,,,,,,,,,,,,,,,,,,,,,,,,,,,,,,,,,,,,,,,,,,,,,,,,,,,,,,,,,,,,,,,,,,,,,,,,,,,,,,,,,,,,,,,,,,,,,
,,,64,mandi_mandi_dchb_part_b_primary_census_abstract.pdf,Mandi,,,,,,,,,,,,,"of main workers
Total/
Household industry workers Other workers Marginal workers Rural/
Persons Males Females Persons Males Females Persons Males Females Urban District/ CD Block/ Town",,,,,,,,,,,,,,,,,,,,,,,,,,,,,,,,,,,,,,,,,,,,,,,,,,,,,,,,,,,,,,,,,,,,,,,,,,,,,,,,,,,,,,,,,,,,,,,,,,,,,,,,,,,,,,,,,,,,,,,,,,,,,,,,,,
,,,64,mandi_mandi_dchb_part_b_primary_census_abstract.pdf,Mandi,,,,,,,,,,,,,29 30 31 32 33 34 35 36 37 3 2,,,,,,,,,,,,,,,,,,,,,,,,,,,,,,,,,,,,,,,,,,,,,,,,,,,,,,,,,,,,,,,,,,,,,,,,,,,,,,,,,,,,,,,,,,,,,,,,,,,,,,,,,,,,,,,,,,,,,,,,,,,,,,,,,,
,,,65,mandi_mandi_dchb_part_b_primary_census_abstract.pdf,Mandi,,,,,,,,,,,,PRIMARY CENSUS ABSTRACT,,,,,,,,,,,,,,,,,,,,,,,,,,,,,,,,,,,,,,,,,,,,,,,,,,,,,,,,,,,,,,,,,,,,,,,,,,,,,,,,,,,,,,,,,,,,,,,,,,,,,,,,,,,,,,,,,,,,,,,,,,,,,,,,,,,
,,,65,mandi_mandi_dchb_part_b_primary_census_abstract.pdf,Mandi,,,,,,,,,,,,"Industrial category of
Location Total/
code Rural/ Cultivators Agricultural labourers Household industry workers
number District/ CD Block/ Town Urban Persons Males Females Persons Males Females Persons Males Females",,,,,,,,,,,,,,,,,,,,,,,,,,,,,,,,,,,,,,,,,,,,,,,,,,,,,,,,,,,,,,,,,,,,,,,,,,,,,,,,,,,,,,,,,,,,,,,,,,,,,,,,,,,,,,,,,,,,,,,,,,,,,,,,,,,
,,,65,mandi_mandi_dchb_part_b_primary_census_abstract.pdf,Mandi,,,,,,,,,,,,1 2 3 38 39 40 41 42 43 44 45 46,,,,,,,,,,,,,,,,,,,,,,,,,,,,,,,,,,,,,,,,,,,,,,,,,,,,,,,,,,,,,,,,,,,,,,,,,,,,,,,,,,,,,,,,,,,,,,,,,,,,,,,,,,,,,,,,,,,,,,,,,,,,,,,,,,,
,,,66,mandi_mandi_dchb_part_b_primary_census_abstract.pdf,Mandi,,,,,,,,,,,,,FOR SCHEDULED TRIBES,,,,,,,,,,,,,,,,,,,,,,,,,,,,,,,,,,,,,,,,,,,,,,,,,,,,,,,,,,,,,,,,,,,,,,,,,,,,,,,,,,,,,,,,,,,,,,,,,,,,,,,,,,,,,,,,,,,,,,,,,,,,,,,,,,
,,,66,mandi_mandi_dchb_part_b_primary_census_abstract.pdf,Mandi,,,,,,,,,,,,,"marginal workers
Total/ Location
Other workers Non-workers Rural/ code
Persons Males Females Persons Males Females Urban District/ CD Block/ Town number",,,,,,,,,,,,,,,,,,,,,,,,,,,,,,,,,,,,,,,,,,,,,,,,,,,,,,,,,,,,,,,,,,,,,,,,,,,,,,,,,,,,,,,,,,,,,,,,,,,,,,,,,,,,,,,,,,,,,,,,,,,,,,,,,,
,,,66,mandi_mandi_dchb_part_b_primary_census_abstract.pdf,Mandi,,,,,,,,,,,,,47 48 49 50 51 52 3 2 1,,,,,,,,,,,,,,,,,,,,,,,,,,,,,,,,,,,,,,,,,,,,,,,,,,,,,,,,,,,,,,,,,,,,,,,,,,,,,,,,,,,,,,,,,,,,,,,,,,,,,,,,,,,,,,,,,,,,,,,,,,,,,,,,,,
,,,69,mandi_mandi_dchb_part_b_primary_census_abstract.pdf,Mandi,,,,,,,,,,,,"VILLAGE PRIMARY
C D Block -",,,,,,,,,,,,,,,,,,,,,,,,,,,,,,,,,,,,,,,,,,,,,,,,,,,,,,,,,,,,,,,,,,,,,,,,,,,,,,,,,,,,,,,,,,,,,,,,,,,,,,,,,,,,,,,,,,,,,,,,,,,,,,,,,,,
,,,69,mandi_mandi_dchb_part_b_primary_census_abstract.pdf,Mandi,,,,,,,,,,,,"Location Area of Total population (including institutional
code Village in Number of and houseless population) Population in the age-group 0-6
number Name of Village hectares households Persons Males Females Persons Males Females",,,,,,,,,,,,,,,,,,,,,,,,,,,,,,,,,,,,,,,,,,,,,,,,,,,,,,,,,,,,,,,,,,,,,,,,,,,,,,,,,,,,,,,,,,,,,,,,,,,,,,,,,,,,,,,,,,,,,,,,,,,,,,,,,,,
,,,69,mandi_mandi_dchb_part_b_primary_census_abstract.pdf,Mandi,,,,,,,,,,,,1 2 3 4 5 6 7 8 9 10,,,,,,,,,,,,,,,,,,,,,,,,,,,,,,,,,,,,,,,,,,,,,,,,,,,,,,,,,,,,,,,,,,,,,,,,,,,,,,,,,,,,,,,,,,,,,,,,,,,,,,,,,,,,,,,,,,,,,,,,,,,,,,,,,,,
,,,70,mandi_mandi_dchb_part_b_primary_census_abstract.pdf,Mandi,,,,,,,,,,,,,"CENSUS ABSTRACT
Chauntra",,,,,,,,,,,,,,,,,,,,,,,,,,,,,,,,,,,,,,,,,,,,,,,,,,,,,,,,,,,,,,,,,,,,,,,,,,,,,,,,,,,,,,,,,,,,,,,,,,,,,,,,,,,,,,,,,,,,,,,,,,,,,,,,,,
,,,70,mandi_mandi_dchb_part_b_primary_census_abstract.pdf,Mandi,,,,,,,,,,,,,"Scheduled Castes population Scheduled Tribes population Literates
Persons Males Females Persons Males Females Persons Males Females Name of Village",,,,,,,,,,,,,,,,,,,,,,,,,,,,,,,,,,,,,,,,,,,,,,,,,,,,,,,,,,,,,,,,,,,,,,,,,,,,,,,,,,,,,,,,,,,,,,,,,,,,,,,,,,,,,,,,,,,,,,,,,,,,,,,,,,
,,,70,mandi_mandi_dchb_part_b_primary_census_abstract.pdf,Mandi,,,,,,,,,,,,,11 12 13 14 15 16 17 18 19 2,,,,,,,,,,,,,,,,,,,,,,,,,,,,,,,,,,,,,,,,,,,,,,,,,,,,,,,,,,,,,,,,,,,,,,,,,,,,,,,,,,,,,,,,,,,,,,,,,,,,,,,,,,,,,,,,,,,,,,,,,,,,,,,,,,
,,,71,mandi_mandi_dchb_part_b_primary_census_abstract.pdf,Mandi,,,,,,,,,,,,"VILLAGE PRIMARY
C D Block -",,,,,,,,,,,,,,,,,,,,,,,,,,,,,,,,,,,,,,,,,,,,,,,,,,,,,,,,,,,,,,,,,,,,,,,,,,,,,,,,,,,,,,,,,,,,,,,,,,,,,,,,,,,,,,,,,,,,,,,,,,,,,,,,,,,
,,,71,mandi_mandi_dchb_part_b_primary_census_abstract.pdf,Mandi,,,,,,,,,,,,"Location
code Illiterates Total workers Main workers
number Name of Village Persons Males Females Persons Males Females Persons Males Females",,,,,,,,,,,,,,,,,,,,,,,,,,,,,,,,,,,,,,,,,,,,,,,,,,,,,,,,,,,,,,,,,,,,,,,,,,,,,,,,,,,,,,,,,,,,,,,,,,,,,,,,,,,,,,,,,,,,,,,,,,,,,,,,,,,
,,,71,mandi_mandi_dchb_part_b_primary_census_abstract.pdf,Mandi,,,,,,,,,,,,1 2 20 21 22 23 24 25 26 27 28,,,,,,,,,,,,,,,,,,,,,,,,,,,,,,,,,,,,,,,,,,,,,,,,,,,,,,,,,,,,,,,,,,,,,,,,,,,,,,,,,,,,,,,,,,,,,,,,,,,,,,,,,,,,,,,,,,,,,,,,,,,,,,,,,,,
,,,72,mandi_mandi_dchb_part_b_primary_census_abstract.pdf,Mandi,,,,,,,,,,,,,"CENSUS ABSTRACT
Chauntra",,,,,,,,,,,,,,,,,,,,,,,,,,,,,,,,,,,,,,,,,,,,,,,,,,,,,,,,,,,,,,,,,,,,,,,,,,,,,,,,,,,,,,,,,,,,,,,,,,,,,,,,,,,,,,,,,,,,,,,,,,,,,,,,,,
,,,72,mandi_mandi_dchb_part_b_primary_census_abstract.pdf,Mandi,,,,,,,,,,,,,"Industrial category of main workers
Household industry
Cultivators Agricultural labourers workers Other workers
Persons Males Females Persons Males Females Persons MalesFemales Persons Males Females Name of Village",,,,,,,,,,,,,,,,,,,,,,,,,,,,,,,,,,,,,,,,,,,,,,,,,,,,,,,,,,,,,,,,,,,,,,,,,,,,,,,,,,,,,,,,,,,,,,,,,,,,,,,,,,,,,,,,,,,,,,,,,,,,,,,,,,
,,,72,mandi_mandi_dchb_part_b_primary_census_abstract.pdf,Mandi,,,,,,,,,,,,,29 30 31 32 33 34 35 36 37 38 39 40 2,,,,,,,,,,,,,,,,,,,,,,,,,,,,,,,,,,,,,,,,,,,,,,,,,,,,,,,,,,,,,,,,,,,,,,,,,,,,,,,,,,,,,,,,,,,,,,,,,,,,,,,,,,,,,,,,,,,,,,,,,,,,,,,,,,
,,,73,mandi_mandi_dchb_part_b_primary_census_abstract.pdf,Mandi,,,,,,,,,,,,"VILLAGE PRIMARY
C D Block -",,,,,,,,,,,,,,,,,,,,,,,,,,,,,,,,,,,,,,,,,,,,,,,,,,,,,,,,,,,,,,,,,,,,,,,,,,,,,,,,,,,,,,,,,,,,,,,,,,,,,,,,,,,,,,,,,,,,,,,,,,,,,,,,,,,
,,,73,mandi_mandi_dchb_part_b_primary_census_abstract.pdf,Mandi,,,,,,,,,,,,"Industrial category
Location
code Marginal workers Cultivators Agricultural labourers
number Name of Village Persons Males Females Persons Males Females Persons Males Females",,,,,,,,,,,,,,,,,,,,,,,,,,,,,,,,,,,,,,,,,,,,,,,,,,,,,,,,,,,,,,,,,,,,,,,,,,,,,,,,,,,,,,,,,,,,,,,,,,,,,,,,,,,,,,,,,,,,,,,,,,,,,,,,,,,
,,,73,mandi_mandi_dchb_part_b_primary_census_abstract.pdf,Mandi,,,,,,,,,,,,1 2 41 42 43 44 45 46 47 48 49,,,,,,,,,,,,,,,,,,,,,,,,,,,,,,,,,,,,,,,,,,,,,,,,,,,,,,,,,,,,,,,,,,,,,,,,,,,,,,,,,,,,,,,,,,,,,,,,,,,,,,,,,,,,,,,,,,,,,,,,,,,,,,,,,,,
,,,74,mandi_mandi_dchb_part_b_primary_census_abstract.pdf,Mandi,,,,,,,,,,,,,"CENSUS ABSTRACT
Chauntra",,,,,,,,,,,,,,,,,,,,,,,,,,,,,,,,,,,,,,,,,,,,,,,,,,,,,,,,,,,,,,,,,,,,,,,,,,,,,,,,,,,,,,,,,,,,,,,,,,,,,,,,,,,,,,,,,,,,,,,,,,,,,,,,,,
,,,74,mandi_mandi_dchb_part_b_primary_census_abstract.pdf,Mandi,,,,,,,,,,,,,"of marginal workers
Location
Household industry workers Other workers Non-workers code
Persons Males Females Persons Males Females Persons Males Females Name of Village number",,,,,,,,,,,,,,,,,,,,,,,,,,,,,,,,,,,,,,,,,,,,,,,,,,,,,,,,,,,,,,,,,,,,,,,,,,,,,,,,,,,,,,,,,,,,,,,,,,,,,,,,,,,,,,,,,,,,,,,,,,,,,,,,,,
,,,74,mandi_mandi_dchb_part_b_primary_census_abstract.pdf,Mandi,,,,,,,,,,,,,50 51 52 53 54 55 56 57 58 2 1,,,,,,,,,,,,,,,,,,,,,,,,,,,,,,,,,,,,,,,,,,,,,,,,,,,,,,,,,,,,,,,,,,,,,,,,,,,,,,,,,,,,,,,,,,,,,,,,,,,,,,,,,,,,,,,,,,,,,,,,,,,,,,,,,,
,,,75,mandi_mandi_dchb_part_b_primary_census_abstract.pdf,Mandi,,,,,,,,,,,,"VILLAGE PRIMARY
C D Block -",,,,,,,,,,,,,,,,,,,,,,,,,,,,,,,,,,,,,,,,,,,,,,,,,,,,,,,,,,,,,,,,,,,,,,,,,,,,,,,,,,,,,,,,,,,,,,,,,,,,,,,,,,,,,,,,,,,,,,,,,,,,,,,,,,,
,,,75,mandi_mandi_dchb_part_b_primary_census_abstract.pdf,Mandi,,,,,,,,,,,,"Location Area of Total population (including institutional
code Village in Number of and houseless population) Population in the age-group 0-6
number Name of Village hectares households Persons Males Females Persons Males Females",,,,,,,,,,,,,,,,,,,,,,,,,,,,,,,,,,,,,,,,,,,,,,,,,,,,,,,,,,,,,,,,,,,,,,,,,,,,,,,,,,,,,,,,,,,,,,,,,,,,,,,,,,,,,,,,,,,,,,,,,,,,,,,,,,,
,,,75,mandi_mandi_dchb_part_b_primary_census_abstract.pdf,Mandi,,,,,,,,,,,,1 2 3 4 5 6 7 8 9 10,,,,,,,,,,,,,,,,,,,,,,,,,,,,,,,,,,,,,,,,,,,,,,,,,,,,,,,,,,,,,,,,,,,,,,,,,,,,,,,,,,,,,,,,,,,,,,,,,,,,,,,,,,,,,,,,,,,,,,,,,,,,,,,,,,,
,,,76,mandi_mandi_dchb_part_b_primary_census_abstract.pdf,Mandi,,,,,,,,,,,,,"CENSUS ABSTRACT
Chauntra",,,,,,,,,,,,,,,,,,,,,,,,,,,,,,,,,,,,,,,,,,,,,,,,,,,,,,,,,,,,,,,,,,,,,,,,,,,,,,,,,,,,,,,,,,,,,,,,,,,,,,,,,,,,,,,,,,,,,,,,,,,,,,,,,,
,,,76,mandi_mandi_dchb_part_b_primary_census_abstract.pdf,Mandi,,,,,,,,,,,,,"Scheduled Castes population Scheduled Tribes population Literates
Persons Males Females Persons Males Females Persons Males Females Name of Village",,,,,,,,,,,,,,,,,,,,,,,,,,,,,,,,,,,,,,,,,,,,,,,,,,,,,,,,,,,,,,,,,,,,,,,,,,,,,,,,,,,,,,,,,,,,,,,,,,,,,,,,,,,,,,,,,,,,,,,,,,,,,,,,,,
,,,76,mandi_mandi_dchb_part_b_primary_census_abstract.pdf,Mandi,,,,,,,,,,,,,11 12 13 14 15 16 17 18 19 2,,,,,,,,,,,,,,,,,,,,,,,,,,,,,,,,,,,,,,,,,,,,,,,,,,,,,,,,,,,,,,,,,,,,,,,,,,,,,,,,,,,,,,,,,,,,,,,,,,,,,,,,,,,,,,,,,,,,,,,,,,,,,,,,,,
,,,77,mandi_mandi_dchb_part_b_primary_census_abstract.pdf,Mandi,,,,,,,,,,,,"VILLAGE PRIMARY
C D Block -",,,,,,,,,,,,,,,,,,,,,,,,,,,,,,,,,,,,,,,,,,,,,,,,,,,,,,,,,,,,,,,,,,,,,,,,,,,,,,,,,,,,,,,,,,,,,,,,,,,,,,,,,,,,,,,,,,,,,,,,,,,,,,,,,,,
,,,77,mandi_mandi_dchb_part_b_primary_census_abstract.pdf,Mandi,,,,,,,,,,,,"Location
code Illiterates Total workers Main workers
number Name of Village Persons Males Females Persons Males Females Persons Males Females",,,,,,,,,,,,,,,,,,,,,,,,,,,,,,,,,,,,,,,,,,,,,,,,,,,,,,,,,,,,,,,,,,,,,,,,,,,,,,,,,,,,,,,,,,,,,,,,,,,,,,,,,,,,,,,,,,,,,,,,,,,,,,,,,,,
,,,77,mandi_mandi_dchb_part_b_primary_census_abstract.pdf,Mandi,,,,,,,,,,,,1 2 20 21 22 23 24 25 26 27 28,,,,,,,,,,,,,,,,,,,,,,,,,,,,,,,,,,,,,,,,,,,,,,,,,,,,,,,,,,,,,,,,,,,,,,,,,,,,,,,,,,,,,,,,,,,,,,,,,,,,,,,,,,,,,,,,,,,,,,,,,,,,,,,,,,,
,,,78,mandi_mandi_dchb_part_b_primary_census_abstract.pdf,Mandi,,,,,,,,,,,,,"CENSUS ABSTRACT
Chauntra",,,,,,,,,,,,,,,,,,,,,,,,,,,,,,,,,,,,,,,,,,,,,,,,,,,,,,,,,,,,,,,,,,,,,,,,,,,,,,,,,,,,,,,,,,,,,,,,,,,,,,,,,,,,,,,,,,,,,,,,,,,,,,,,,,
,,,78,mandi_mandi_dchb_part_b_primary_census_abstract.pdf,Mandi,,,,,,,,,,,,,"Industrial category of main workers
Household industry
Cultivators Agricultural labourers workers Other workers
Persons Males Females Persons Males Females Persons MalesFemales Persons Males Females Name of Village",,,,,,,,,,,,,,,,,,,,,,,,,,,,,,,,,,,,,,,,,,,,,,,,,,,,,,,,,,,,,,,,,,,,,,,,,,,,,,,,,,,,,,,,,,,,,,,,,,,,,,,,,,,,,,,,,,,,,,,,,,,,,,,,,,
,,,78,mandi_mandi_dchb_part_b_primary_census_abstract.pdf,Mandi,,,,,,,,,,,,,29 30 31 32 33 34 35 36 37 38 39 40 2,,,,,,,,,,,,,,,,,,,,,,,,,,,,,,,,,,,,,,,,,,,,,,,,,,,,,,,,,,,,,,,,,,,,,,,,,,,,,,,,,,,,,,,,,,,,,,,,,,,,,,,,,,,,,,,,,,,,,,,,,,,,,,,,,,
,,,79,mandi_mandi_dchb_part_b_primary_census_abstract.pdf,Mandi,,,,,,,,,,,,"VILLAGE PRIMARY
C D Block -",,,,,,,,,,,,,,,,,,,,,,,,,,,,,,,,,,,,,,,,,,,,,,,,,,,,,,,,,,,,,,,,,,,,,,,,,,,,,,,,,,,,,,,,,,,,,,,,,,,,,,,,,,,,,,,,,,,,,,,,,,,,,,,,,,,
,,,79,mandi_mandi_dchb_part_b_primary_census_abstract.pdf,Mandi,,,,,,,,,,,,"Industrial category
Location
code Marginal workers Cultivators Agricultural labourers
number Name of Village Persons Males Females Persons Males Females Persons Males Females",,,,,,,,,,,,,,,,,,,,,,,,,,,,,,,,,,,,,,,,,,,,,,,,,,,,,,,,,,,,,,,,,,,,,,,,,,,,,,,,,,,,,,,,,,,,,,,,,,,,,,,,,,,,,,,,,,,,,,,,,,,,,,,,,,,
,,,79,mandi_mandi_dchb_part_b_primary_census_abstract.pdf,Mandi,,,,,,,,,,,,1 2 41 42 43 44 45 46 47 48 49,,,,,,,,,,,,,,,,,,,,,,,,,,,,,,,,,,,,,,,,,,,,,,,,,,,,,,,,,,,,,,,,,,,,,,,,,,,,,,,,,,,,,,,,,,,,,,,,,,,,,,,,,,,,,,,,,,,,,,,,,,,,,,,,,,,
,,,80,mandi_mandi_dchb_part_b_primary_census_abstract.pdf,Mandi,,,,,,,,,,,,,"CENSUS ABSTRACT
Chauntra",,,,,,,,,,,,,,,,,,,,,,,,,,,,,,,,,,,,,,,,,,,,,,,,,,,,,,,,,,,,,,,,,,,,,,,,,,,,,,,,,,,,,,,,,,,,,,,,,,,,,,,,,,,,,,,,,,,,,,,,,,,,,,,,,,
,,,80,mandi_mandi_dchb_part_b_primary_census_abstract.pdf,Mandi,,,,,,,,,,,,,"of marginal workers
Location
Household industry workers Other workers Non-workers code
Persons Males Females Persons Males Females Persons Males Females Name of Village number",,,,,,,,,,,,,,,,,,,,,,,,,,,,,,,,,,,,,,,,,,,,,,,,,,,,,,,,,,,,,,,,,,,,,,,,,,,,,,,,,,,,,,,,,,,,,,,,,,,,,,,,,,,,,,,,,,,,,,,,,,,,,,,,,,
,,,80,mandi_mandi_dchb_part_b_primary_census_abstract.pdf,Mandi,,,,,,,,,,,,,50 51 52 53 54 55 56 57 58 2 1,,,,,,,,,,,,,,,,,,,,,,,,,,,,,,,,,,,,,,,,,,,,,,,,,,,,,,,,,,,,,,,,,,,,,,,,,,,,,,,,,,,,,,,,,,,,,,,,,,,,,,,,,,,,,,,,,,,,,,,,,,,,,,,,,,
,,,81,mandi_mandi_dchb_part_b_primary_census_abstract.pdf,Mandi,,,,,,,,,,,,"VILLAGE PRIMARY
C D Block -",,,,,,,,,,,,,,,,,,,,,,,,,,,,,,,,,,,,,,,,,,,,,,,,,,,,,,,,,,,,,,,,,,,,,,,,,,,,,,,,,,,,,,,,,,,,,,,,,,,,,,,,,,,,,,,,,,,,,,,,,,,,,,,,,,,
,,,81,mandi_mandi_dchb_part_b_primary_census_abstract.pdf,Mandi,,,,,,,,,,,,"Location Area of Total population (including institutional
code Village in Number of and houseless population) Population in the age-group 0-6
number Name of Village hectares households Persons Males Females Persons Males Females",,,,,,,,,,,,,,,,,,,,,,,,,,,,,,,,,,,,,,,,,,,,,,,,,,,,,,,,,,,,,,,,,,,,,,,,,,,,,,,,,,,,,,,,,,,,,,,,,,,,,,,,,,,,,,,,,,,,,,,,,,,,,,,,,,,
,,,81,mandi_mandi_dchb_part_b_primary_census_abstract.pdf,Mandi,,,,,,,,,,,,1 2 3 4 5 6 7 8 9 10,,,,,,,,,,,,,,,,,,,,,,,,,,,,,,,,,,,,,,,,,,,,,,,,,,,,,,,,,,,,,,,,,,,,,,,,,,,,,,,,,,,,,,,,,,,,,,,,,,,,,,,,,,,,,,,,,,,,,,,,,,,,,,,,,,,
,,,82,mandi_mandi_dchb_part_b_primary_census_abstract.pdf,Mandi,,,,,,,,,,,,,"CENSUS ABSTRACT
Chauntra",,,,,,,,,,,,,,,,,,,,,,,,,,,,,,,,,,,,,,,,,,,,,,,,,,,,,,,,,,,,,,,,,,,,,,,,,,,,,,,,,,,,,,,,,,,,,,,,,,,,,,,,,,,,,,,,,,,,,,,,,,,,,,,,,,
,,,82,mandi_mandi_dchb_part_b_primary_census_abstract.pdf,Mandi,,,,,,,,,,,,,"Scheduled Castes population Scheduled Tribes population Literates
Persons Males Females Persons Males Females Persons Males Females Name of Village",,,,,,,,,,,,,,,,,,,,,,,,,,,,,,,,,,,,,,,,,,,,,,,,,,,,,,,,,,,,,,,,,,,,,,,,,,,,,,,,,,,,,,,,,,,,,,,,,,,,,,,,,,,,,,,,,,,,,,,,,,,,,,,,,,
,,,82,mandi_mandi_dchb_part_b_primary_census_abstract.pdf,Mandi,,,,,,,,,,,,,11 12 13 14 15 16 17 18 19 2,,,,,,,,,,,,,,,,,,,,,,,,,,,,,,,,,,,,,,,,,,,,,,,,,,,,,,,,,,,,,,,,,,,,,,,,,,,,,,,,,,,,,,,,,,,,,,,,,,,,,,,,,,,,,,,,,,,,,,,,,,,,,,,,,,
,,,83,mandi_mandi_dchb_part_b_primary_census_abstract.pdf,Mandi,,,,,,,,,,,,"VILLAGE PRIMARY
C D Block -",,,,,,,,,,,,,,,,,,,,,,,,,,,,,,,,,,,,,,,,,,,,,,,,,,,,,,,,,,,,,,,,,,,,,,,,,,,,,,,,,,,,,,,,,,,,,,,,,,,,,,,,,,,,,,,,,,,,,,,,,,,,,,,,,,,
,,,83,mandi_mandi_dchb_part_b_primary_census_abstract.pdf,Mandi,,,,,,,,,,,,"Location
code Illiterates Total workers Main workers
number Name of Village Persons Males Females Persons Males Females Persons Males Females",,,,,,,,,,,,,,,,,,,,,,,,,,,,,,,,,,,,,,,,,,,,,,,,,,,,,,,,,,,,,,,,,,,,,,,,,,,,,,,,,,,,,,,,,,,,,,,,,,,,,,,,,,,,,,,,,,,,,,,,,,,,,,,,,,,
,,,83,mandi_mandi_dchb_part_b_primary_census_abstract.pdf,Mandi,,,,,,,,,,,,1 2 20 21 22 23 24 25 26 27 28,,,,,,,,,,,,,,,,,,,,,,,,,,,,,,,,,,,,,,,,,,,,,,,,,,,,,,,,,,,,,,,,,,,,,,,,,,,,,,,,,,,,,,,,,,,,,,,,,,,,,,,,,,,,,,,,,,,,,,,,,,,,,,,,,,,
,,,84,mandi_mandi_dchb_part_b_primary_census_abstract.pdf,Mandi,,,,,,,,,,,,,"CENSUS ABSTRACT
Chauntra",,,,,,,,,,,,,,,,,,,,,,,,,,,,,,,,,,,,,,,,,,,,,,,,,,,,,,,,,,,,,,,,,,,,,,,,,,,,,,,,,,,,,,,,,,,,,,,,,,,,,,,,,,,,,,,,,,,,,,,,,,,,,,,,,,
,,,84,mandi_mandi_dchb_part_b_primary_census_abstract.pdf,Mandi,,,,,,,,,,,,,"Industrial category of main workers
Household industry
Cultivators Agricultural labourers workers Other workers
Persons Males Females Persons Males Females Persons MalesFemales Persons Males Females Name of Village",,,,,,,,,,,,,,,,,,,,,,,,,,,,,,,,,,,,,,,,,,,,,,,,,,,,,,,,,,,,,,,,,,,,,,,,,,,,,,,,,,,,,,,,,,,,,,,,,,,,,,,,,,,,,,,,,,,,,,,,,,,,,,,,,,
,,,84,mandi_mandi_dchb_part_b_primary_census_abstract.pdf,Mandi,,,,,,,,,,,,,29 30 31 32 33 34 35 36 37 38 39 40 2,,,,,,,,,,,,,,,,,,,,,,,,,,,,,,,,,,,,,,,,,,,,,,,,,,,,,,,,,,,,,,,,,,,,,,,,,,,,,,,,,,,,,,,,,,,,,,,,,,,,,,,,,,,,,,,,,,,,,,,,,,,,,,,,,,
,,,85,mandi_mandi_dchb_part_b_primary_census_abstract.pdf,Mandi,,,,,,,,,,,,"VILLAGE PRIMARY
C D Block -",,,,,,,,,,,,,,,,,,,,,,,,,,,,,,,,,,,,,,,,,,,,,,,,,,,,,,,,,,,,,,,,,,,,,,,,,,,,,,,,,,,,,,,,,,,,,,,,,,,,,,,,,,,,,,,,,,,,,,,,,,,,,,,,,,,
,,,85,mandi_mandi_dchb_part_b_primary_census_abstract.pdf,Mandi,,,,,,,,,,,,"Industrial category
Location
code Marginal workers Cultivators Agricultural labourers
number Name of Village Persons Males Females Persons Males Females Persons Males Females",,,,,,,,,,,,,,,,,,,,,,,,,,,,,,,,,,,,,,,,,,,,,,,,,,,,,,,,,,,,,,,,,,,,,,,,,,,,,,,,,,,,,,,,,,,,,,,,,,,,,,,,,,,,,,,,,,,,,,,,,,,,,,,,,,,
,,,85,mandi_mandi_dchb_part_b_primary_census_abstract.pdf,Mandi,,,,,,,,,,,,1 2 41 42 43 44 45 46 47 48 49,,,,,,,,,,,,,,,,,,,,,,,,,,,,,,,,,,,,,,,,,,,,,,,,,,,,,,,,,,,,,,,,,,,,,,,,,,,,,,,,,,,,,,,,,,,,,,,,,,,,,,,,,,,,,,,,,,,,,,,,,,,,,,,,,,,
,,,86,mandi_mandi_dchb_part_b_primary_census_abstract.pdf,Mandi,,,,,,,,,,,,,"CENSUS ABSTRACT
Chauntra",,,,,,,,,,,,,,,,,,,,,,,,,,,,,,,,,,,,,,,,,,,,,,,,,,,,,,,,,,,,,,,,,,,,,,,,,,,,,,,,,,,,,,,,,,,,,,,,,,,,,,,,,,,,,,,,,,,,,,,,,,,,,,,,,,
,,,86,mandi_mandi_dchb_part_b_primary_census_abstract.pdf,Mandi,,,,,,,,,,,,,"of marginal workers
Location
Household industry workers Other workers Non-workers code
Persons Males Females Persons Males Females Persons Males Females Name of Village number",,,,,,,,,,,,,,,,,,,,,,,,,,,,,,,,,,,,,,,,,,,,,,,,,,,,,,,,,,,,,,,,,,,,,,,,,,,,,,,,,,,,,,,,,,,,,,,,,,,,,,,,,,,,,,,,,,,,,,,,,,,,,,,,,,
,,,86,mandi_mandi_dchb_part_b_primary_census_abstract.pdf,Mandi,,,,,,,,,,,,,50 51 52 53 54 55 56 57 58 2 1,,,,,,,,,,,,,,,,,,,,,,,,,,,,,,,,,,,,,,,,,,,,,,,,,,,,,,,,,,,,,,,,,,,,,,,,,,,,,,,,,,,,,,,,,,,,,,,,,,,,,,,,,,,,,,,,,,,,,,,,,,,,,,,,,,
,,,87,mandi_mandi_dchb_part_b_primary_census_abstract.pdf,Mandi,,,,,,,,,,,,"VILLAGE PRIMARY
C D Block -",,,,,,,,,,,,,,,,,,,,,,,,,,,,,,,,,,,,,,,,,,,,,,,,,,,,,,,,,,,,,,,,,,,,,,,,,,,,,,,,,,,,,,,,,,,,,,,,,,,,,,,,,,,,,,,,,,,,,,,,,,,,,,,,,,,
,,,87,mandi_mandi_dchb_part_b_primary_census_abstract.pdf,Mandi,,,,,,,,,,,,"Location Area of Total population (including institutional
code Village in Number of and houseless population) Population in the age-group 0-6
number Name of Village hectares households Persons Males Females Persons Males Females",,,,,,,,,,,,,,,,,,,,,,,,,,,,,,,,,,,,,,,,,,,,,,,,,,,,,,,,,,,,,,,,,,,,,,,,,,,,,,,,,,,,,,,,,,,,,,,,,,,,,,,,,,,,,,,,,,,,,,,,,,,,,,,,,,,
,,,87,mandi_mandi_dchb_part_b_primary_census_abstract.pdf,Mandi,,,,,,,,,,,,1 2 3 4 5 6 7 8 9 10,,,,,,,,,,,,,,,,,,,,,,,,,,,,,,,,,,,,,,,,,,,,,,,,,,,,,,,,,,,,,,,,,,,,,,,,,,,,,,,,,,,,,,,,,,,,,,,,,,,,,,,,,,,,,,,,,,,,,,,,,,,,,,,,,,,
,,,88,mandi_mandi_dchb_part_b_primary_census_abstract.pdf,Mandi,,,,,,,,,,,,,"CENSUS ABSTRACT
Chauntra",,,,,,,,,,,,,,,,,,,,,,,,,,,,,,,,,,,,,,,,,,,,,,,,,,,,,,,,,,,,,,,,,,,,,,,,,,,,,,,,,,,,,,,,,,,,,,,,,,,,,,,,,,,,,,,,,,,,,,,,,,,,,,,,,,
,,,88,mandi_mandi_dchb_part_b_primary_census_abstract.pdf,Mandi,,,,,,,,,,,,,"Scheduled Castes population Scheduled Tribes population Literates
Persons Males Females Persons Males Females Persons Males Females Name of Village",,,,,,,,,,,,,,,,,,,,,,,,,,,,,,,,,,,,,,,,,,,,,,,,,,,,,,,,,,,,,,,,,,,,,,,,,,,,,,,,,,,,,,,,,,,,,,,,,,,,,,,,,,,,,,,,,,,,,,,,,,,,,,,,,,
,,,88,mandi_mandi_dchb_part_b_primary_census_abstract.pdf,Mandi,,,,,,,,,,,,,11 12 13 14 15 16 17 18 19 2,,,,,,,,,,,,,,,,,,,,,,,,,,,,,,,,,,,,,,,,,,,,,,,,,,,,,,,,,,,,,,,,,,,,,,,,,,,,,,,,,,,,,,,,,,,,,,,,,,,,,,,,,,,,,,,,,,,,,,,,,,,,,,,,,,
,,,89,mandi_mandi_dchb_part_b_primary_census_abstract.pdf,Mandi,,,,,,,,,,,,"VILLAGE PRIMARY
C D Block -",,,,,,,,,,,,,,,,,,,,,,,,,,,,,,,,,,,,,,,,,,,,,,,,,,,,,,,,,,,,,,,,,,,,,,,,,,,,,,,,,,,,,,,,,,,,,,,,,,,,,,,,,,,,,,,,,,,,,,,,,,,,,,,,,,,
,,,89,mandi_mandi_dchb_part_b_primary_census_abstract.pdf,Mandi,,,,,,,,,,,,"Location
code Illiterates Total workers Main workers
number Name of Village Persons Males Females Persons Males Females Persons Males Females",,,,,,,,,,,,,,,,,,,,,,,,,,,,,,,,,,,,,,,,,,,,,,,,,,,,,,,,,,,,,,,,,,,,,,,,,,,,,,,,,,,,,,,,,,,,,,,,,,,,,,,,,,,,,,,,,,,,,,,,,,,,,,,,,,,
,,,89,mandi_mandi_dchb_part_b_primary_census_abstract.pdf,Mandi,,,,,,,,,,,,1 2 20 21 22 23 24 25 26 27 28,,,,,,,,,,,,,,,,,,,,,,,,,,,,,,,,,,,,,,,,,,,,,,,,,,,,,,,,,,,,,,,,,,,,,,,,,,,,,,,,,,,,,,,,,,,,,,,,,,,,,,,,,,,,,,,,,,,,,,,,,,,,,,,,,,,
,,,90,mandi_mandi_dchb_part_b_primary_census_abstract.pdf,Mandi,,,,,,,,,,,,,"CENSUS ABSTRACT
Chauntra",,,,,,,,,,,,,,,,,,,,,,,,,,,,,,,,,,,,,,,,,,,,,,,,,,,,,,,,,,,,,,,,,,,,,,,,,,,,,,,,,,,,,,,,,,,,,,,,,,,,,,,,,,,,,,,,,,,,,,,,,,,,,,,,,,
,,,90,mandi_mandi_dchb_part_b_primary_census_abstract.pdf,Mandi,,,,,,,,,,,,,"Industrial category of main workers
Household industry
Cultivators Agricultural labourers workers Other workers
Persons Males Females Persons Males Females Persons MalesFemales Persons Males Females Name of Village",,,,,,,,,,,,,,,,,,,,,,,,,,,,,,,,,,,,,,,,,,,,,,,,,,,,,,,,,,,,,,,,,,,,,,,,,,,,,,,,,,,,,,,,,,,,,,,,,,,,,,,,,,,,,,,,,,,,,,,,,,,,,,,,,,
,,,90,mandi_mandi_dchb_part_b_primary_census_abstract.pdf,Mandi,,,,,,,,,,,,,29 30 31 32 33 34 35 36 37 38 39 40 2,,,,,,,,,,,,,,,,,,,,,,,,,,,,,,,,,,,,,,,,,,,,,,,,,,,,,,,,,,,,,,,,,,,,,,,,,,,,,,,,,,,,,,,,,,,,,,,,,,,,,,,,,,,,,,,,,,,,,,,,,,,,,,,,,,
,,,91,mandi_mandi_dchb_part_b_primary_census_abstract.pdf,Mandi,,,,,,,,,,,,"VILLAGE PRIMARY
C D Block -",,,,,,,,,,,,,,,,,,,,,,,,,,,,,,,,,,,,,,,,,,,,,,,,,,,,,,,,,,,,,,,,,,,,,,,,,,,,,,,,,,,,,,,,,,,,,,,,,,,,,,,,,,,,,,,,,,,,,,,,,,,,,,,,,,,
,,,91,mandi_mandi_dchb_part_b_primary_census_abstract.pdf,Mandi,,,,,,,,,,,,"Industrial category
Location
code Marginal workers Cultivators Agricultural labourers
number Name of Village Persons Males Females Persons Males Females Persons Males Females",,,,,,,,,,,,,,,,,,,,,,,,,,,,,,,,,,,,,,,,,,,,,,,,,,,,,,,,,,,,,,,,,,,,,,,,,,,,,,,,,,,,,,,,,,,,,,,,,,,,,,,,,,,,,,,,,,,,,,,,,,,,,,,,,,,
,,,91,mandi_mandi_dchb_part_b_primary_census_abstract.pdf,Mandi,,,,,,,,,,,,1 2 41 42 43 44 45 46 47 48 49,,,,,,,,,,,,,,,,,,,,,,,,,,,,,,,,,,,,,,,,,,,,,,,,,,,,,,,,,,,,,,,,,,,,,,,,,,,,,,,,,,,,,,,,,,,,,,,,,,,,,,,,,,,,,,,,,,,,,,,,,,,,,,,,,,,
,,,92,mandi_mandi_dchb_part_b_primary_census_abstract.pdf,Mandi,,,,,,,,,,,,,"CENSUS ABSTRACT
Chauntra",,,,,,,,,,,,,,,,,,,,,,,,,,,,,,,,,,,,,,,,,,,,,,,,,,,,,,,,,,,,,,,,,,,,,,,,,,,,,,,,,,,,,,,,,,,,,,,,,,,,,,,,,,,,,,,,,,,,,,,,,,,,,,,,,,
,,,92,mandi_mandi_dchb_part_b_primary_census_abstract.pdf,Mandi,,,,,,,,,,,,,"of marginal workers
Location
Household industry workers Other workers Non-workers code
Persons Males Females Persons Males Females Persons Males Females Name of Village number",,,,,,,,,,,,,,,,,,,,,,,,,,,,,,,,,,,,,,,,,,,,,,,,,,,,,,,,,,,,,,,,,,,,,,,,,,,,,,,,,,,,,,,,,,,,,,,,,,,,,,,,,,,,,,,,,,,,,,,,,,,,,,,,,,
,,,92,mandi_mandi_dchb_part_b_primary_census_abstract.pdf,Mandi,,,,,,,,,,,,,50 51 52 53 54 55 56 57 58 2 1,,,,,,,,,,,,,,,,,,,,,,,,,,,,,,,,,,,,,,,,,,,,,,,,,,,,,,,,,,,,,,,,,,,,,,,,,,,,,,,,,,,,,,,,,,,,,,,,,,,,,,,,,,,,,,,,,,,,,,,,,,,,,,,,,,
,,,93,mandi_mandi_dchb_part_b_primary_census_abstract.pdf,Mandi,,,,,,,,,,,,"VILLAGE PRIMARY
C D Block -",,,,,,,,,,,,,,,,,,,,,,,,,,,,,,,,,,,,,,,,,,,,,,,,,,,,,,,,,,,,,,,,,,,,,,,,,,,,,,,,,,,,,,,,,,,,,,,,,,,,,,,,,,,,,,,,,,,,,,,,,,,,,,,,,,,
,,,93,mandi_mandi_dchb_part_b_primary_census_abstract.pdf,Mandi,,,,,,,,,,,,"Location Area of Total population (including institutional
code Village in Number of and houseless population) Population in the age-group 0-6
number Name of Village hectares households Persons Males Females Persons Males Females",,,,,,,,,,,,,,,,,,,,,,,,,,,,,,,,,,,,,,,,,,,,,,,,,,,,,,,,,,,,,,,,,,,,,,,,,,,,,,,,,,,,,,,,,,,,,,,,,,,,,,,,,,,,,,,,,,,,,,,,,,,,,,,,,,,
,,,93,mandi_mandi_dchb_part_b_primary_census_abstract.pdf,Mandi,,,,,,,,,,,,1 2 3 4 5 6 7 8 9 10,,,,,,,,,,,,,,,,,,,,,,,,,,,,,,,,,,,,,,,,,,,,,,,,,,,,,,,,,,,,,,,,,,,,,,,,,,,,,,,,,,,,,,,,,,,,,,,,,,,,,,,,,,,,,,,,,,,,,,,,,,,,,,,,,,,
,,,94,mandi_mandi_dchb_part_b_primary_census_abstract.pdf,Mandi,,,,,,,,,,,,,"CENSUS ABSTRACT
Chauntra",,,,,,,,,,,,,,,,,,,,,,,,,,,,,,,,,,,,,,,,,,,,,,,,,,,,,,,,,,,,,,,,,,,,,,,,,,,,,,,,,,,,,,,,,,,,,,,,,,,,,,,,,,,,,,,,,,,,,,,,,,,,,,,,,,
,,,94,mandi_mandi_dchb_part_b_primary_census_abstract.pdf,Mandi,,,,,,,,,,,,,"Scheduled Castes population Scheduled Tribes population Literates
Persons Males Females Persons Males Females Persons Males Females Name of Village",,,,,,,,,,,,,,,,,,,,,,,,,,,,,,,,,,,,,,,,,,,,,,,,,,,,,,,,,,,,,,,,,,,,,,,,,,,,,,,,,,,,,,,,,,,,,,,,,,,,,,,,,,,,,,,,,,,,,,,,,,,,,,,,,,
,,,94,mandi_mandi_dchb_part_b_primary_census_abstract.pdf,Mandi,,,,,,,,,,,,,11 12 13 14 15 16 17 18 19 2,,,,,,,,,,,,,,,,,,,,,,,,,,,,,,,,,,,,,,,,,,,,,,,,,,,,,,,,,,,,,,,,,,,,,,,,,,,,,,,,,,,,,,,,,,,,,,,,,,,,,,,,,,,,,,,,,,,,,,,,,,,,,,,,,,
,,,95,mandi_mandi_dchb_part_b_primary_census_abstract.pdf,Mandi,,,,,,,,,,,,"VILLAGE PRIMARY
C D Block -",,,,,,,,,,,,,,,,,,,,,,,,,,,,,,,,,,,,,,,,,,,,,,,,,,,,,,,,,,,,,,,,,,,,,,,,,,,,,,,,,,,,,,,,,,,,,,,,,,,,,,,,,,,,,,,,,,,,,,,,,,,,,,,,,,,
,,,95,mandi_mandi_dchb_part_b_primary_census_abstract.pdf,Mandi,,,,,,,,,,,,"Location
code Illiterates Total workers Main workers
number Name of Village Persons Males Females Persons Males Females Persons Males Females",,,,,,,,,,,,,,,,,,,,,,,,,,,,,,,,,,,,,,,,,,,,,,,,,,,,,,,,,,,,,,,,,,,,,,,,,,,,,,,,,,,,,,,,,,,,,,,,,,,,,,,,,,,,,,,,,,,,,,,,,,,,,,,,,,,
,,,95,mandi_mandi_dchb_part_b_primary_census_abstract.pdf,Mandi,,,,,,,,,,,,1 2 20 21 22 23 24 25 26 27 28,,,,,,,,,,,,,,,,,,,,,,,,,,,,,,,,,,,,,,,,,,,,,,,,,,,,,,,,,,,,,,,,,,,,,,,,,,,,,,,,,,,,,,,,,,,,,,,,,,,,,,,,,,,,,,,,,,,,,,,,,,,,,,,,,,,
,,,96,mandi_mandi_dchb_part_b_primary_census_abstract.pdf,Mandi,,,,,,,,,,,,,"CENSUS ABSTRACT
Chauntra",,,,,,,,,,,,,,,,,,,,,,,,,,,,,,,,,,,,,,,,,,,,,,,,,,,,,,,,,,,,,,,,,,,,,,,,,,,,,,,,,,,,,,,,,,,,,,,,,,,,,,,,,,,,,,,,,,,,,,,,,,,,,,,,,,
,,,96,mandi_mandi_dchb_part_b_primary_census_abstract.pdf,Mandi,,,,,,,,,,,,,"Industrial category of main workers
Household industry
Cultivators Agricultural labourers workers Other workers
Persons Males Females Persons Males Females Persons MalesFemales Persons Males Females Name of Village",,,,,,,,,,,,,,,,,,,,,,,,,,,,,,,,,,,,,,,,,,,,,,,,,,,,,,,,,,,,,,,,,,,,,,,,,,,,,,,,,,,,,,,,,,,,,,,,,,,,,,,,,,,,,,,,,,,,,,,,,,,,,,,,,,
,,,96,mandi_mandi_dchb_part_b_primary_census_abstract.pdf,Mandi,,,,,,,,,,,,,29 30 31 32 33 34 35 36 37 38 39 40 2,,,,,,,,,,,,,,,,,,,,,,,,,,,,,,,,,,,,,,,,,,,,,,,,,,,,,,,,,,,,,,,,,,,,,,,,,,,,,,,,,,,,,,,,,,,,,,,,,,,,,,,,,,,,,,,,,,,,,,,,,,,,,,,,,,
,,,97,mandi_mandi_dchb_part_b_primary_census_abstract.pdf,Mandi,,,,,,,,,,,,"VILLAGE PRIMARY
C D Block -",,,,,,,,,,,,,,,,,,,,,,,,,,,,,,,,,,,,,,,,,,,,,,,,,,,,,,,,,,,,,,,,,,,,,,,,,,,,,,,,,,,,,,,,,,,,,,,,,,,,,,,,,,,,,,,,,,,,,,,,,,,,,,,,,,,
,,,97,mandi_mandi_dchb_part_b_primary_census_abstract.pdf,Mandi,,,,,,,,,,,,"Industrial category
Location
code Marginal workers Cultivators Agricultural labourers
number Name of Village Persons Males Females Persons Males Females Persons Males Females",,,,,,,,,,,,,,,,,,,,,,,,,,,,,,,,,,,,,,,,,,,,,,,,,,,,,,,,,,,,,,,,,,,,,,,,,,,,,,,,,,,,,,,,,,,,,,,,,,,,,,,,,,,,,,,,,,,,,,,,,,,,,,,,,,,
,,,97,mandi_mandi_dchb_part_b_primary_census_abstract.pdf,Mandi,,,,,,,,,,,,1 2 41 42 43 44 45 46 47 48 49,,,,,,,,,,,,,,,,,,,,,,,,,,,,,,,,,,,,,,,,,,,,,,,,,,,,,,,,,,,,,,,,,,,,,,,,,,,,,,,,,,,,,,,,,,,,,,,,,,,,,,,,,,,,,,,,,,,,,,,,,,,,,,,,,,,
,,,98,mandi_mandi_dchb_part_b_primary_census_abstract.pdf,Mandi,,,,,,,,,,,,,"CENSUS ABSTRACT
Chauntra",,,,,,,,,,,,,,,,,,,,,,,,,,,,,,,,,,,,,,,,,,,,,,,,,,,,,,,,,,,,,,,,,,,,,,,,,,,,,,,,,,,,,,,,,,,,,,,,,,,,,,,,,,,,,,,,,,,,,,,,,,,,,,,,,,
,,,98,mandi_mandi_dchb_part_b_primary_census_abstract.pdf,Mandi,,,,,,,,,,,,,"of marginal workers
Location
Household industry workers Other workers Non-workers code
Persons Males Females Persons Males Females Persons Males Females Name of Village number",,,,,,,,,,,,,,,,,,,,,,,,,,,,,,,,,,,,,,,,,,,,,,,,,,,,,,,,,,,,,,,,,,,,,,,,,,,,,,,,,,,,,,,,,,,,,,,,,,,,,,,,,,,,,,,,,,,,,,,,,,,,,,,,,,
,,,98,mandi_mandi_dchb_part_b_primary_census_abstract.pdf,Mandi,,,,,,,,,,,,,50 51 52 53 54 55 56 57 58 2 1,,,,,,,,,,,,,,,,,,,,,,,,,,,,,,,,,,,,,,,,,,,,,,,,,,,,,,,,,,,,,,,,,,,,,,,,,,,,,,,,,,,,,,,,,,,,,,,,,,,,,,,,,,,,,,,,,,,,,,,,,,,,,,,,,,
,,,99,mandi_mandi_dchb_part_b_primary_census_abstract.pdf,Mandi,,,,,,,,,,,,"VILLAGE PRIMARY
C D Block -",,,,,,,,,,,,,,,,,,,,,,,,,,,,,,,,,,,,,,,,,,,,,,,,,,,,,,,,,,,,,,,,,,,,,,,,,,,,,,,,,,,,,,,,,,,,,,,,,,,,,,,,,,,,,,,,,,,,,,,,,,,,,,,,,,,
,,,99,mandi_mandi_dchb_part_b_primary_census_abstract.pdf,Mandi,,,,,,,,,,,,"Location Area of Total population (including institutional
code Village in Number of and houseless population) Population in the age-group 0-6
number Name of Village hectares households Persons Males Females Persons Males Females",,,,,,,,,,,,,,,,,,,,,,,,,,,,,,,,,,,,,,,,,,,,,,,,,,,,,,,,,,,,,,,,,,,,,,,,,,,,,,,,,,,,,,,,,,,,,,,,,,,,,,,,,,,,,,,,,,,,,,,,,,,,,,,,,,,
,,,99,mandi_mandi_dchb_part_b_primary_census_abstract.pdf,Mandi,,,,,,,,,,,,1 2 3 4 5 6 7 8 9 10,,,,,,,,,,,,,,,,,,,,,,,,,,,,,,,,,,,,,,,,,,,,,,,,,,,,,,,,,,,,,,,,,,,,,,,,,,,,,,,,,,,,,,,,,,,,,,,,,,,,,,,,,,,,,,,,,,,,,,,,,,,,,,,,,,,
,,,100,mandi_mandi_dchb_part_b_primary_census_abstract.pdf,Mandi,,,,,,,,,,,,,"CENSUS ABSTRACT
Drang",,,,,,,,,,,,,,,,,,,,,,,,,,,,,,,,,,,,,,,,,,,,,,,,,,,,,,,,,,,,,,,,,,,,,,,,,,,,,,,,,,,,,,,,,,,,,,,,,,,,,,,,,,,,,,,,,,,,,,,,,,,,,,,,,,
,,,100,mandi_mandi_dchb_part_b_primary_census_abstract.pdf,Mandi,,,,,,,,,,,,,"Scheduled Castes population Scheduled Tribes population Literates
Persons Males Females Persons Males Females Persons Males Females Name of Village",,,,,,,,,,,,,,,,,,,,,,,,,,,,,,,,,,,,,,,,,,,,,,,,,,,,,,,,,,,,,,,,,,,,,,,,,,,,,,,,,,,,,,,,,,,,,,,,,,,,,,,,,,,,,,,,,,,,,,,,,,,,,,,,,,
,,,100,mandi_mandi_dchb_part_b_primary_census_abstract.pdf,Mandi,,,,,,,,,,,,,11 12 13 14 15 16 17 18 19 2,,,,,,,,,,,,,,,,,,,,,,,,,,,,,,,,,,,,,,,,,,,,,,,,,,,,,,,,,,,,,,,,,,,,,,,,,,,,,,,,,,,,,,,,,,,,,,,,,,,,,,,,,,,,,,,,,,,,,,,,,,,,,,,,,,
,,,101,mandi_mandi_dchb_part_b_primary_census_abstract.pdf,Mandi,,,,,,,,,,,,"VILLAGE PRIMARY
C D Block -",,,,,,,,,,,,,,,,,,,,,,,,,,,,,,,,,,,,,,,,,,,,,,,,,,,,,,,,,,,,,,,,,,,,,,,,,,,,,,,,,,,,,,,,,,,,,,,,,,,,,,,,,,,,,,,,,,,,,,,,,,,,,,,,,,,
,,,101,mandi_mandi_dchb_part_b_primary_census_abstract.pdf,Mandi,,,,,,,,,,,,"Location
code Illiterates Total workers Main workers
number Name of Village Persons Males Females Persons Males Females Persons Males Females",,,,,,,,,,,,,,,,,,,,,,,,,,,,,,,,,,,,,,,,,,,,,,,,,,,,,,,,,,,,,,,,,,,,,,,,,,,,,,,,,,,,,,,,,,,,,,,,,,,,,,,,,,,,,,,,,,,,,,,,,,,,,,,,,,,
,,,101,mandi_mandi_dchb_part_b_primary_census_abstract.pdf,Mandi,,,,,,,,,,,,1 2 20 21 22 23 24 25 26 27 28,,,,,,,,,,,,,,,,,,,,,,,,,,,,,,,,,,,,,,,,,,,,,,,,,,,,,,,,,,,,,,,,,,,,,,,,,,,,,,,,,,,,,,,,,,,,,,,,,,,,,,,,,,,,,,,,,,,,,,,,,,,,,,,,,,,
,,,102,mandi_mandi_dchb_part_b_primary_census_abstract.pdf,Mandi,,,,,,,,,,,,,"CENSUS ABSTRACT
Drang",,,,,,,,,,,,,,,,,,,,,,,,,,,,,,,,,,,,,,,,,,,,,,,,,,,,,,,,,,,,,,,,,,,,,,,,,,,,,,,,,,,,,,,,,,,,,,,,,,,,,,,,,,,,,,,,,,,,,,,,,,,,,,,,,,
,,,102,mandi_mandi_dchb_part_b_primary_census_abstract.pdf,Mandi,,,,,,,,,,,,,"Industrial category of main workers
Household industry
Cultivators Agricultural labourers workers Other workers
Persons Males Females Persons Males Females Persons MalesFemales Persons Males Females Name of Village",,,,,,,,,,,,,,,,,,,,,,,,,,,,,,,,,,,,,,,,,,,,,,,,,,,,,,,,,,,,,,,,,,,,,,,,,,,,,,,,,,,,,,,,,,,,,,,,,,,,,,,,,,,,,,,,,,,,,,,,,,,,,,,,,,
,,,102,mandi_mandi_dchb_part_b_primary_census_abstract.pdf,Mandi,,,,,,,,,,,,,29 30 31 32 33 34 35 36 37 38 39 40 2,,,,,,,,,,,,,,,,,,,,,,,,,,,,,,,,,,,,,,,,,,,,,,,,,,,,,,,,,,,,,,,,,,,,,,,,,,,,,,,,,,,,,,,,,,,,,,,,,,,,,,,,,,,,,,,,,,,,,,,,,,,,,,,,,,
,,,103,mandi_mandi_dchb_part_b_primary_census_abstract.pdf,Mandi,,,,,,,,,,,,"VILLAGE PRIMARY
C D Block -",,,,,,,,,,,,,,,,,,,,,,,,,,,,,,,,,,,,,,,,,,,,,,,,,,,,,,,,,,,,,,,,,,,,,,,,,,,,,,,,,,,,,,,,,,,,,,,,,,,,,,,,,,,,,,,,,,,,,,,,,,,,,,,,,,,
,,,103,mandi_mandi_dchb_part_b_primary_census_abstract.pdf,Mandi,,,,,,,,,,,,"Industrial category
Location
code Marginal workers Cultivators Agricultural labourers
number Name of Village Persons Males Females Persons Males Females Persons Males Females",,,,,,,,,,,,,,,,,,,,,,,,,,,,,,,,,,,,,,,,,,,,,,,,,,,,,,,,,,,,,,,,,,,,,,,,,,,,,,,,,,,,,,,,,,,,,,,,,,,,,,,,,,,,,,,,,,,,,,,,,,,,,,,,,,,
,,,103,mandi_mandi_dchb_part_b_primary_census_abstract.pdf,Mandi,,,,,,,,,,,,1 2 41 42 43 44 45 46 47 48 49,,,,,,,,,,,,,,,,,,,,,,,,,,,,,,,,,,,,,,,,,,,,,,,,,,,,,,,,,,,,,,,,,,,,,,,,,,,,,,,,,,,,,,,,,,,,,,,,,,,,,,,,,,,,,,,,,,,,,,,,,,,,,,,,,,,
,,,104,mandi_mandi_dchb_part_b_primary_census_abstract.pdf,Mandi,,,,,,,,,,,,,"CENSUS ABSTRACT
Drang",,,,,,,,,,,,,,,,,,,,,,,,,,,,,,,,,,,,,,,,,,,,,,,,,,,,,,,,,,,,,,,,,,,,,,,,,,,,,,,,,,,,,,,,,,,,,,,,,,,,,,,,,,,,,,,,,,,,,,,,,,,,,,,,,,
,,,104,mandi_mandi_dchb_part_b_primary_census_abstract.pdf,Mandi,,,,,,,,,,,,,"of marginal workers
Location
Household industry workers Other workers Non-workers code
Persons Males Females Persons Males Females Persons Males Females Name of Village number",,,,,,,,,,,,,,,,,,,,,,,,,,,,,,,,,,,,,,,,,,,,,,,,,,,,,,,,,,,,,,,,,,,,,,,,,,,,,,,,,,,,,,,,,,,,,,,,,,,,,,,,,,,,,,,,,,,,,,,,,,,,,,,,,,
,,,104,mandi_mandi_dchb_part_b_primary_census_abstract.pdf,Mandi,,,,,,,,,,,,,50 51 52 53 54 55 56 57 58 2 1,,,,,,,,,,,,,,,,,,,,,,,,,,,,,,,,,,,,,,,,,,,,,,,,,,,,,,,,,,,,,,,,,,,,,,,,,,,,,,,,,,,,,,,,,,,,,,,,,,,,,,,,,,,,,,,,,,,,,,,,,,,,,,,,,,
,,,105,mandi_mandi_dchb_part_b_primary_census_abstract.pdf,Mandi,,,,,,,,,,,,"VILLAGE PRIMARY
C D Block -",,,,,,,,,,,,,,,,,,,,,,,,,,,,,,,,,,,,,,,,,,,,,,,,,,,,,,,,,,,,,,,,,,,,,,,,,,,,,,,,,,,,,,,,,,,,,,,,,,,,,,,,,,,,,,,,,,,,,,,,,,,,,,,,,,,
,,,105,mandi_mandi_dchb_part_b_primary_census_abstract.pdf,Mandi,,,,,,,,,,,,"Location Area of Total population (including institutional
code Village in Number of and houseless population) Population in the age-group 0-6
number Name of Village hectares households Persons Males Females Persons Males Females",,,,,,,,,,,,,,,,,,,,,,,,,,,,,,,,,,,,,,,,,,,,,,,,,,,,,,,,,,,,,,,,,,,,,,,,,,,,,,,,,,,,,,,,,,,,,,,,,,,,,,,,,,,,,,,,,,,,,,,,,,,,,,,,,,,
,,,105,mandi_mandi_dchb_part_b_primary_census_abstract.pdf,Mandi,,,,,,,,,,,,1 2 3 4 5 6 7 8 9 10,,,,,,,,,,,,,,,,,,,,,,,,,,,,,,,,,,,,,,,,,,,,,,,,,,,,,,,,,,,,,,,,,,,,,,,,,,,,,,,,,,,,,,,,,,,,,,,,,,,,,,,,,,,,,,,,,,,,,,,,,,,,,,,,,,,
,,,106,mandi_mandi_dchb_part_b_primary_census_abstract.pdf,Mandi,,,,,,,,,,,,,"CENSUS ABSTRACT
Drang",,,,,,,,,,,,,,,,,,,,,,,,,,,,,,,,,,,,,,,,,,,,,,,,,,,,,,,,,,,,,,,,,,,,,,,,,,,,,,,,,,,,,,,,,,,,,,,,,,,,,,,,,,,,,,,,,,,,,,,,,,,,,,,,,,
,,,106,mandi_mandi_dchb_part_b_primary_census_abstract.pdf,Mandi,,,,,,,,,,,,,"Scheduled Castes population Scheduled Tribes population Literates
Persons Males Females Persons Males Females Persons Males Females Name of Village",,,,,,,,,,,,,,,,,,,,,,,,,,,,,,,,,,,,,,,,,,,,,,,,,,,,,,,,,,,,,,,,,,,,,,,,,,,,,,,,,,,,,,,,,,,,,,,,,,,,,,,,,,,,,,,,,,,,,,,,,,,,,,,,,,
,,,106,mandi_mandi_dchb_part_b_primary_census_abstract.pdf,Mandi,,,,,,,,,,,,,11 12 13 14 15 16 17 18 19 2,,,,,,,,,,,,,,,,,,,,,,,,,,,,,,,,,,,,,,,,,,,,,,,,,,,,,,,,,,,,,,,,,,,,,,,,,,,,,,,,,,,,,,,,,,,,,,,,,,,,,,,,,,,,,,,,,,,,,,,,,,,,,,,,,,
,,,107,mandi_mandi_dchb_part_b_primary_census_abstract.pdf,Mandi,,,,,,,,,,,,"VILLAGE PRIMARY
C D Block -",,,,,,,,,,,,,,,,,,,,,,,,,,,,,,,,,,,,,,,,,,,,,,,,,,,,,,,,,,,,,,,,,,,,,,,,,,,,,,,,,,,,,,,,,,,,,,,,,,,,,,,,,,,,,,,,,,,,,,,,,,,,,,,,,,,
,,,107,mandi_mandi_dchb_part_b_primary_census_abstract.pdf,Mandi,,,,,,,,,,,,"Location
code Illiterates Total workers Main workers
number Name of Village Persons Males Females Persons Males Females Persons Males Females",,,,,,,,,,,,,,,,,,,,,,,,,,,,,,,,,,,,,,,,,,,,,,,,,,,,,,,,,,,,,,,,,,,,,,,,,,,,,,,,,,,,,,,,,,,,,,,,,,,,,,,,,,,,,,,,,,,,,,,,,,,,,,,,,,,
,,,107,mandi_mandi_dchb_part_b_primary_census_abstract.pdf,Mandi,,,,,,,,,,,,1 2 20 21 22 23 24 25 26 27 28,,,,,,,,,,,,,,,,,,,,,,,,,,,,,,,,,,,,,,,,,,,,,,,,,,,,,,,,,,,,,,,,,,,,,,,,,,,,,,,,,,,,,,,,,,,,,,,,,,,,,,,,,,,,,,,,,,,,,,,,,,,,,,,,,,,
,,,108,mandi_mandi_dchb_part_b_primary_census_abstract.pdf,Mandi,,,,,,,,,,,,,"CENSUS ABSTRACT
Drang",,,,,,,,,,,,,,,,,,,,,,,,,,,,,,,,,,,,,,,,,,,,,,,,,,,,,,,,,,,,,,,,,,,,,,,,,,,,,,,,,,,,,,,,,,,,,,,,,,,,,,,,,,,,,,,,,,,,,,,,,,,,,,,,,,
,,,108,mandi_mandi_dchb_part_b_primary_census_abstract.pdf,Mandi,,,,,,,,,,,,,"Industrial category of main workers
Household industry
Cultivators Agricultural labourers workers Other workers
Persons Males Females Persons Males Females Persons MalesFemales Persons Males Females Name of Village",,,,,,,,,,,,,,,,,,,,,,,,,,,,,,,,,,,,,,,,,,,,,,,,,,,,,,,,,,,,,,,,,,,,,,,,,,,,,,,,,,,,,,,,,,,,,,,,,,,,,,,,,,,,,,,,,,,,,,,,,,,,,,,,,,
,,,108,mandi_mandi_dchb_part_b_primary_census_abstract.pdf,Mandi,,,,,,,,,,,,,29 30 31 32 33 34 35 36 37 38 39 40 2,,,,,,,,,,,,,,,,,,,,,,,,,,,,,,,,,,,,,,,,,,,,,,,,,,,,,,,,,,,,,,,,,,,,,,,,,,,,,,,,,,,,,,,,,,,,,,,,,,,,,,,,,,,,,,,,,,,,,,,,,,,,,,,,,,
,,,109,mandi_mandi_dchb_part_b_primary_census_abstract.pdf,Mandi,,,,,,,,,,,,"VILLAGE PRIMARY
C D Block -",,,,,,,,,,,,,,,,,,,,,,,,,,,,,,,,,,,,,,,,,,,,,,,,,,,,,,,,,,,,,,,,,,,,,,,,,,,,,,,,,,,,,,,,,,,,,,,,,,,,,,,,,,,,,,,,,,,,,,,,,,,,,,,,,,,
,,,109,mandi_mandi_dchb_part_b_primary_census_abstract.pdf,Mandi,,,,,,,,,,,,"Industrial category
Location
code Marginal workers Cultivators Agricultural labourers
number Name of Village Persons Males Females Persons Males Females Persons Males Females",,,,,,,,,,,,,,,,,,,,,,,,,,,,,,,,,,,,,,,,,,,,,,,,,,,,,,,,,,,,,,,,,,,,,,,,,,,,,,,,,,,,,,,,,,,,,,,,,,,,,,,,,,,,,,,,,,,,,,,,,,,,,,,,,,,
,,,109,mandi_mandi_dchb_part_b_primary_census_abstract.pdf,Mandi,,,,,,,,,,,,1 2 41 42 43 44 45 46 47 48 49,,,,,,,,,,,,,,,,,,,,,,,,,,,,,,,,,,,,,,,,,,,,,,,,,,,,,,,,,,,,,,,,,,,,,,,,,,,,,,,,,,,,,,,,,,,,,,,,,,,,,,,,,,,,,,,,,,,,,,,,,,,,,,,,,,,
,,,110,mandi_mandi_dchb_part_b_primary_census_abstract.pdf,Mandi,,,,,,,,,,,,,"CENSUS ABSTRACT
Drang",,,,,,,,,,,,,,,,,,,,,,,,,,,,,,,,,,,,,,,,,,,,,,,,,,,,,,,,,,,,,,,,,,,,,,,,,,,,,,,,,,,,,,,,,,,,,,,,,,,,,,,,,,,,,,,,,,,,,,,,,,,,,,,,,,
,,,110,mandi_mandi_dchb_part_b_primary_census_abstract.pdf,Mandi,,,,,,,,,,,,,"of marginal workers
Location
Household industry workers Other workers Non-workers code
Persons Males Females Persons Males Females Persons Males Females Name of Village number",,,,,,,,,,,,,,,,,,,,,,,,,,,,,,,,,,,,,,,,,,,,,,,,,,,,,,,,,,,,,,,,,,,,,,,,,,,,,,,,,,,,,,,,,,,,,,,,,,,,,,,,,,,,,,,,,,,,,,,,,,,,,,,,,,
,,,110,mandi_mandi_dchb_part_b_primary_census_abstract.pdf,Mandi,,,,,,,,,,,,,50 51 52 53 54 55 56 57 58 2 1,,,,,,,,,,,,,,,,,,,,,,,,,,,,,,,,,,,,,,,,,,,,,,,,,,,,,,,,,,,,,,,,,,,,,,,,,,,,,,,,,,,,,,,,,,,,,,,,,,,,,,,,,,,,,,,,,,,,,,,,,,,,,,,,,,
,,,111,mandi_mandi_dchb_part_b_primary_census_abstract.pdf,Mandi,,,,,,,,,,,,"VILLAGE PRIMARY
C D Block -",,,,,,,,,,,,,,,,,,,,,,,,,,,,,,,,,,,,,,,,,,,,,,,,,,,,,,,,,,,,,,,,,,,,,,,,,,,,,,,,,,,,,,,,,,,,,,,,,,,,,,,,,,,,,,,,,,,,,,,,,,,,,,,,,,,
,,,111,mandi_mandi_dchb_part_b_primary_census_abstract.pdf,Mandi,,,,,,,,,,,,"Location Area of Total population (including institutional
code Village in Number of and houseless population) Population in the age-group 0-6
number Name of Village hectares households Persons Males Females Persons Males Females",,,,,,,,,,,,,,,,,,,,,,,,,,,,,,,,,,,,,,,,,,,,,,,,,,,,,,,,,,,,,,,,,,,,,,,,,,,,,,,,,,,,,,,,,,,,,,,,,,,,,,,,,,,,,,,,,,,,,,,,,,,,,,,,,,,
,,,111,mandi_mandi_dchb_part_b_primary_census_abstract.pdf,Mandi,,,,,,,,,,,,1 2 3 4 5 6 7 8 9 10,,,,,,,,,,,,,,,,,,,,,,,,,,,,,,,,,,,,,,,,,,,,,,,,,,,,,,,,,,,,,,,,,,,,,,,,,,,,,,,,,,,,,,,,,,,,,,,,,,,,,,,,,,,,,,,,,,,,,,,,,,,,,,,,,,,
,,,112,mandi_mandi_dchb_part_b_primary_census_abstract.pdf,Mandi,,,,,,,,,,,,,"CENSUS ABSTRACT
Drang",,,,,,,,,,,,,,,,,,,,,,,,,,,,,,,,,,,,,,,,,,,,,,,,,,,,,,,,,,,,,,,,,,,,,,,,,,,,,,,,,,,,,,,,,,,,,,,,,,,,,,,,,,,,,,,,,,,,,,,,,,,,,,,,,,
,,,112,mandi_mandi_dchb_part_b_primary_census_abstract.pdf,Mandi,,,,,,,,,,,,,"Scheduled Castes population Scheduled Tribes population Literates
Persons Males Females Persons Males Females Persons Males Females Name of Village",,,,,,,,,,,,,,,,,,,,,,,,,,,,,,,,,,,,,,,,,,,,,,,,,,,,,,,,,,,,,,,,,,,,,,,,,,,,,,,,,,,,,,,,,,,,,,,,,,,,,,,,,,,,,,,,,,,,,,,,,,,,,,,,,,
,,,112,mandi_mandi_dchb_part_b_primary_census_abstract.pdf,Mandi,,,,,,,,,,,,,11 12 13 14 15 16 17 18 19 2,,,,,,,,,,,,,,,,,,,,,,,,,,,,,,,,,,,,,,,,,,,,,,,,,,,,,,,,,,,,,,,,,,,,,,,,,,,,,,,,,,,,,,,,,,,,,,,,,,,,,,,,,,,,,,,,,,,,,,,,,,,,,,,,,,
,,,113,mandi_mandi_dchb_part_b_primary_census_abstract.pdf,Mandi,,,,,,,,,,,,"VILLAGE PRIMARY
C D Block -",,,,,,,,,,,,,,,,,,,,,,,,,,,,,,,,,,,,,,,,,,,,,,,,,,,,,,,,,,,,,,,,,,,,,,,,,,,,,,,,,,,,,,,,,,,,,,,,,,,,,,,,,,,,,,,,,,,,,,,,,,,,,,,,,,,
,,,113,mandi_mandi_dchb_part_b_primary_census_abstract.pdf,Mandi,,,,,,,,,,,,"Location
code Illiterates Total workers Main workers
number Name of Village Persons Males Females Persons Males Females Persons Males Females",,,,,,,,,,,,,,,,,,,,,,,,,,,,,,,,,,,,,,,,,,,,,,,,,,,,,,,,,,,,,,,,,,,,,,,,,,,,,,,,,,,,,,,,,,,,,,,,,,,,,,,,,,,,,,,,,,,,,,,,,,,,,,,,,,,
,,,113,mandi_mandi_dchb_part_b_primary_census_abstract.pdf,Mandi,,,,,,,,,,,,1 2 20 21 22 23 24 25 26 27 28,,,,,,,,,,,,,,,,,,,,,,,,,,,,,,,,,,,,,,,,,,,,,,,,,,,,,,,,,,,,,,,,,,,,,,,,,,,,,,,,,,,,,,,,,,,,,,,,,,,,,,,,,,,,,,,,,,,,,,,,,,,,,,,,,,,
,,,114,mandi_mandi_dchb_part_b_primary_census_abstract.pdf,Mandi,,,,,,,,,,,,,"CENSUS ABSTRACT
Drang",,,,,,,,,,,,,,,,,,,,,,,,,,,,,,,,,,,,,,,,,,,,,,,,,,,,,,,,,,,,,,,,,,,,,,,,,,,,,,,,,,,,,,,,,,,,,,,,,,,,,,,,,,,,,,,,,,,,,,,,,,,,,,,,,,
,,,114,mandi_mandi_dchb_part_b_primary_census_abstract.pdf,Mandi,,,,,,,,,,,,,"Industrial category of main workers
Household industry
Cultivators Agricultural labourers workers Other workers
Persons Males Females Persons Males Females Persons MalesFemales Persons Males Females Name of Village",,,,,,,,,,,,,,,,,,,,,,,,,,,,,,,,,,,,,,,,,,,,,,,,,,,,,,,,,,,,,,,,,,,,,,,,,,,,,,,,,,,,,,,,,,,,,,,,,,,,,,,,,,,,,,,,,,,,,,,,,,,,,,,,,,
,,,114,mandi_mandi_dchb_part_b_primary_census_abstract.pdf,Mandi,,,,,,,,,,,,,29 30 31 32 33 34 35 36 37 38 39 40 2,,,,,,,,,,,,,,,,,,,,,,,,,,,,,,,,,,,,,,,,,,,,,,,,,,,,,,,,,,,,,,,,,,,,,,,,,,,,,,,,,,,,,,,,,,,,,,,,,,,,,,,,,,,,,,,,,,,,,,,,,,,,,,,,,,
,,,115,mandi_mandi_dchb_part_b_primary_census_abstract.pdf,Mandi,,,,,,,,,,,,"VILLAGE PRIMARY
C D Block -",,,,,,,,,,,,,,,,,,,,,,,,,,,,,,,,,,,,,,,,,,,,,,,,,,,,,,,,,,,,,,,,,,,,,,,,,,,,,,,,,,,,,,,,,,,,,,,,,,,,,,,,,,,,,,,,,,,,,,,,,,,,,,,,,,,
,,,115,mandi_mandi_dchb_part_b_primary_census_abstract.pdf,Mandi,,,,,,,,,,,,"Industrial category
Location
code Marginal workers Cultivators Agricultural labourers
number Name of Village Persons Males Females Persons Males Females Persons Males Females",,,,,,,,,,,,,,,,,,,,,,,,,,,,,,,,,,,,,,,,,,,,,,,,,,,,,,,,,,,,,,,,,,,,,,,,,,,,,,,,,,,,,,,,,,,,,,,,,,,,,,,,,,,,,,,,,,,,,,,,,,,,,,,,,,,
,,,115,mandi_mandi_dchb_part_b_primary_census_abstract.pdf,Mandi,,,,,,,,,,,,1 2 41 42 43 44 45 46 47 48 49,,,,,,,,,,,,,,,,,,,,,,,,,,,,,,,,,,,,,,,,,,,,,,,,,,,,,,,,,,,,,,,,,,,,,,,,,,,,,,,,,,,,,,,,,,,,,,,,,,,,,,,,,,,,,,,,,,,,,,,,,,,,,,,,,,,
,,,116,mandi_mandi_dchb_part_b_primary_census_abstract.pdf,Mandi,,,,,,,,,,,,,"CENSUS ABSTRACT
Drang",,,,,,,,,,,,,,,,,,,,,,,,,,,,,,,,,,,,,,,,,,,,,,,,,,,,,,,,,,,,,,,,,,,,,,,,,,,,,,,,,,,,,,,,,,,,,,,,,,,,,,,,,,,,,,,,,,,,,,,,,,,,,,,,,,
,,,116,mandi_mandi_dchb_part_b_primary_census_abstract.pdf,Mandi,,,,,,,,,,,,,"of marginal workers
Location
Household industry workers Other workers Non-workers code
Persons Males Females Persons Males Females Persons Males Females Name of Village number",,,,,,,,,,,,,,,,,,,,,,,,,,,,,,,,,,,,,,,,,,,,,,,,,,,,,,,,,,,,,,,,,,,,,,,,,,,,,,,,,,,,,,,,,,,,,,,,,,,,,,,,,,,,,,,,,,,,,,,,,,,,,,,,,,
,,,116,mandi_mandi_dchb_part_b_primary_census_abstract.pdf,Mandi,,,,,,,,,,,,,50 51 52 53 54 55 56 57 58 2 1,,,,,,,,,,,,,,,,,,,,,,,,,,,,,,,,,,,,,,,,,,,,,,,,,,,,,,,,,,,,,,,,,,,,,,,,,,,,,,,,,,,,,,,,,,,,,,,,,,,,,,,,,,,,,,,,,,,,,,,,,,,,,,,,,,
,,,117,mandi_mandi_dchb_part_b_primary_census_abstract.pdf,Mandi,,,,,,,,,,,,"VILLAGE PRIMARY
C D Block -",,,,,,,,,,,,,,,,,,,,,,,,,,,,,,,,,,,,,,,,,,,,,,,,,,,,,,,,,,,,,,,,,,,,,,,,,,,,,,,,,,,,,,,,,,,,,,,,,,,,,,,,,,,,,,,,,,,,,,,,,,,,,,,,,,,
,,,117,mandi_mandi_dchb_part_b_primary_census_abstract.pdf,Mandi,,,,,,,,,,,,"Location Area of Total population (including institutional
code Village in Number of and houseless population) Population in the age-group 0-6
number Name of Village hectares households Persons Males Females Persons Males Females",,,,,,,,,,,,,,,,,,,,,,,,,,,,,,,,,,,,,,,,,,,,,,,,,,,,,,,,,,,,,,,,,,,,,,,,,,,,,,,,,,,,,,,,,,,,,,,,,,,,,,,,,,,,,,,,,,,,,,,,,,,,,,,,,,,
,,,117,mandi_mandi_dchb_part_b_primary_census_abstract.pdf,Mandi,,,,,,,,,,,,1 2 3 4 5 6 7 8 9 10,,,,,,,,,,,,,,,,,,,,,,,,,,,,,,,,,,,,,,,,,,,,,,,,,,,,,,,,,,,,,,,,,,,,,,,,,,,,,,,,,,,,,,,,,,,,,,,,,,,,,,,,,,,,,,,,,,,,,,,,,,,,,,,,,,,
,,,118,mandi_mandi_dchb_part_b_primary_census_abstract.pdf,Mandi,,,,,,,,,,,,,"CENSUS ABSTRACT
Drang",,,,,,,,,,,,,,,,,,,,,,,,,,,,,,,,,,,,,,,,,,,,,,,,,,,,,,,,,,,,,,,,,,,,,,,,,,,,,,,,,,,,,,,,,,,,,,,,,,,,,,,,,,,,,,,,,,,,,,,,,,,,,,,,,,
,,,118,mandi_mandi_dchb_part_b_primary_census_abstract.pdf,Mandi,,,,,,,,,,,,,"Scheduled Castes population Scheduled Tribes population Literates
Persons Males Females Persons Males Females Persons Males Females Name of Village",,,,,,,,,,,,,,,,,,,,,,,,,,,,,,,,,,,,,,,,,,,,,,,,,,,,,,,,,,,,,,,,,,,,,,,,,,,,,,,,,,,,,,,,,,,,,,,,,,,,,,,,,,,,,,,,,,,,,,,,,,,,,,,,,,
,,,118,mandi_mandi_dchb_part_b_primary_census_abstract.pdf,Mandi,,,,,,,,,,,,,11 12 13 14 15 16 17 18 19 2,,,,,,,,,,,,,,,,,,,,,,,,,,,,,,,,,,,,,,,,,,,,,,,,,,,,,,,,,,,,,,,,,,,,,,,,,,,,,,,,,,,,,,,,,,,,,,,,,,,,,,,,,,,,,,,,,,,,,,,,,,,,,,,,,,
,,,119,mandi_mandi_dchb_part_b_primary_census_abstract.pdf,Mandi,,,,,,,,,,,,"VILLAGE PRIMARY
C D Block -",,,,,,,,,,,,,,,,,,,,,,,,,,,,,,,,,,,,,,,,,,,,,,,,,,,,,,,,,,,,,,,,,,,,,,,,,,,,,,,,,,,,,,,,,,,,,,,,,,,,,,,,,,,,,,,,,,,,,,,,,,,,,,,,,,,
,,,119,mandi_mandi_dchb_part_b_primary_census_abstract.pdf,Mandi,,,,,,,,,,,,"Location
code Illiterates Total workers Main workers
number Name of Village Persons Males Females Persons Males Females Persons Males Females",,,,,,,,,,,,,,,,,,,,,,,,,,,,,,,,,,,,,,,,,,,,,,,,,,,,,,,,,,,,,,,,,,,,,,,,,,,,,,,,,,,,,,,,,,,,,,,,,,,,,,,,,,,,,,,,,,,,,,,,,,,,,,,,,,,
,,,119,mandi_mandi_dchb_part_b_primary_census_abstract.pdf,Mandi,,,,,,,,,,,,1 2 20 21 22 23 24 25 26 27 28,,,,,,,,,,,,,,,,,,,,,,,,,,,,,,,,,,,,,,,,,,,,,,,,,,,,,,,,,,,,,,,,,,,,,,,,,,,,,,,,,,,,,,,,,,,,,,,,,,,,,,,,,,,,,,,,,,,,,,,,,,,,,,,,,,,
,,,120,mandi_mandi_dchb_part_b_primary_census_abstract.pdf,Mandi,,,,,,,,,,,,,"CENSUS ABSTRACT
Drang",,,,,,,,,,,,,,,,,,,,,,,,,,,,,,,,,,,,,,,,,,,,,,,,,,,,,,,,,,,,,,,,,,,,,,,,,,,,,,,,,,,,,,,,,,,,,,,,,,,,,,,,,,,,,,,,,,,,,,,,,,,,,,,,,,
,,,120,mandi_mandi_dchb_part_b_primary_census_abstract.pdf,Mandi,,,,,,,,,,,,,"Industrial category of main workers
Household industry
Cultivators Agricultural labourers workers Other workers
Persons Males Females Persons Males Females Persons MalesFemales Persons Males Females Name of Village",,,,,,,,,,,,,,,,,,,,,,,,,,,,,,,,,,,,,,,,,,,,,,,,,,,,,,,,,,,,,,,,,,,,,,,,,,,,,,,,,,,,,,,,,,,,,,,,,,,,,,,,,,,,,,,,,,,,,,,,,,,,,,,,,,
,,,120,mandi_mandi_dchb_part_b_primary_census_abstract.pdf,Mandi,,,,,,,,,,,,,29 30 31 32 33 34 35 36 37 38 39 40 2,,,,,,,,,,,,,,,,,,,,,,,,,,,,,,,,,,,,,,,,,,,,,,,,,,,,,,,,,,,,,,,,,,,,,,,,,,,,,,,,,,,,,,,,,,,,,,,,,,,,,,,,,,,,,,,,,,,,,,,,,,,,,,,,,,
,,,121,mandi_mandi_dchb_part_b_primary_census_abstract.pdf,Mandi,,,,,,,,,,,,"VILLAGE PRIMARY
C D Block -",,,,,,,,,,,,,,,,,,,,,,,,,,,,,,,,,,,,,,,,,,,,,,,,,,,,,,,,,,,,,,,,,,,,,,,,,,,,,,,,,,,,,,,,,,,,,,,,,,,,,,,,,,,,,,,,,,,,,,,,,,,,,,,,,,,
,,,121,mandi_mandi_dchb_part_b_primary_census_abstract.pdf,Mandi,,,,,,,,,,,,"Industrial category
Location
code Marginal workers Cultivators Agricultural labourers
number Name of Village Persons Males Females Persons Males Females Persons Males Females",,,,,,,,,,,,,,,,,,,,,,,,,,,,,,,,,,,,,,,,,,,,,,,,,,,,,,,,,,,,,,,,,,,,,,,,,,,,,,,,,,,,,,,,,,,,,,,,,,,,,,,,,,,,,,,,,,,,,,,,,,,,,,,,,,,
,,,121,mandi_mandi_dchb_part_b_primary_census_abstract.pdf,Mandi,,,,,,,,,,,,1 2 41 42 43 44 45 46 47 48 49,,,,,,,,,,,,,,,,,,,,,,,,,,,,,,,,,,,,,,,,,,,,,,,,,,,,,,,,,,,,,,,,,,,,,,,,,,,,,,,,,,,,,,,,,,,,,,,,,,,,,,,,,,,,,,,,,,,,,,,,,,,,,,,,,,,
,,,122,mandi_mandi_dchb_part_b_primary_census_abstract.pdf,Mandi,,,,,,,,,,,,,"CENSUS ABSTRACT
Drang",,,,,,,,,,,,,,,,,,,,,,,,,,,,,,,,,,,,,,,,,,,,,,,,,,,,,,,,,,,,,,,,,,,,,,,,,,,,,,,,,,,,,,,,,,,,,,,,,,,,,,,,,,,,,,,,,,,,,,,,,,,,,,,,,,
,,,122,mandi_mandi_dchb_part_b_primary_census_abstract.pdf,Mandi,,,,,,,,,,,,,"of marginal workers
Location
Household industry workers Other workers Non-workers code
Persons Males Females Persons Males Females Persons Males Females Name of Village number",,,,,,,,,,,,,,,,,,,,,,,,,,,,,,,,,,,,,,,,,,,,,,,,,,,,,,,,,,,,,,,,,,,,,,,,,,,,,,,,,,,,,,,,,,,,,,,,,,,,,,,,,,,,,,,,,,,,,,,,,,,,,,,,,,
,,,122,mandi_mandi_dchb_part_b_primary_census_abstract.pdf,Mandi,,,,,,,,,,,,,50 51 52 53 54 55 56 57 58 2 1,,,,,,,,,,,,,,,,,,,,,,,,,,,,,,,,,,,,,,,,,,,,,,,,,,,,,,,,,,,,,,,,,,,,,,,,,,,,,,,,,,,,,,,,,,,,,,,,,,,,,,,,,,,,,,,,,,,,,,,,,,,,,,,,,,
,,,123,mandi_mandi_dchb_part_b_primary_census_abstract.pdf,Mandi,,,,,,,,,,,,"VILLAGE PRIMARY
C D Block -",,,,,,,,,,,,,,,,,,,,,,,,,,,,,,,,,,,,,,,,,,,,,,,,,,,,,,,,,,,,,,,,,,,,,,,,,,,,,,,,,,,,,,,,,,,,,,,,,,,,,,,,,,,,,,,,,,,,,,,,,,,,,,,,,,,
,,,123,mandi_mandi_dchb_part_b_primary_census_abstract.pdf,Mandi,,,,,,,,,,,,"Location Area of Total population (including institutional
code Village in Number of and houseless population) Population in the age-group 0-6
number Name of Village hectares households Persons Males Females Persons Males Females",,,,,,,,,,,,,,,,,,,,,,,,,,,,,,,,,,,,,,,,,,,,,,,,,,,,,,,,,,,,,,,,,,,,,,,,,,,,,,,,,,,,,,,,,,,,,,,,,,,,,,,,,,,,,,,,,,,,,,,,,,,,,,,,,,,
,,,123,mandi_mandi_dchb_part_b_primary_census_abstract.pdf,Mandi,,,,,,,,,,,,1 2 3 4 5 6 7 8 9 10,,,,,,,,,,,,,,,,,,,,,,,,,,,,,,,,,,,,,,,,,,,,,,,,,,,,,,,,,,,,,,,,,,,,,,,,,,,,,,,,,,,,,,,,,,,,,,,,,,,,,,,,,,,,,,,,,,,,,,,,,,,,,,,,,,,
,,,124,mandi_mandi_dchb_part_b_primary_census_abstract.pdf,Mandi,,,,,,,,,,,,,"CENSUS ABSTRACT
Drang",,,,,,,,,,,,,,,,,,,,,,,,,,,,,,,,,,,,,,,,,,,,,,,,,,,,,,,,,,,,,,,,,,,,,,,,,,,,,,,,,,,,,,,,,,,,,,,,,,,,,,,,,,,,,,,,,,,,,,,,,,,,,,,,,,
,,,124,mandi_mandi_dchb_part_b_primary_census_abstract.pdf,Mandi,,,,,,,,,,,,,"Scheduled Castes population Scheduled Tribes population Literates
Persons Males Females Persons Males Females Persons Males Females Name of Village",,,,,,,,,,,,,,,,,,,,,,,,,,,,,,,,,,,,,,,,,,,,,,,,,,,,,,,,,,,,,,,,,,,,,,,,,,,,,,,,,,,,,,,,,,,,,,,,,,,,,,,,,,,,,,,,,,,,,,,,,,,,,,,,,,
,,,124,mandi_mandi_dchb_part_b_primary_census_abstract.pdf,Mandi,,,,,,,,,,,,,11 12 13 14 15 16 17 18 19 2,,,,,,,,,,,,,,,,,,,,,,,,,,,,,,,,,,,,,,,,,,,,,,,,,,,,,,,,,,,,,,,,,,,,,,,,,,,,,,,,,,,,,,,,,,,,,,,,,,,,,,,,,,,,,,,,,,,,,,,,,,,,,,,,,,
,,,125,mandi_mandi_dchb_part_b_primary_census_abstract.pdf,Mandi,,,,,,,,,,,,"VILLAGE PRIMARY
C D Block -",,,,,,,,,,,,,,,,,,,,,,,,,,,,,,,,,,,,,,,,,,,,,,,,,,,,,,,,,,,,,,,,,,,,,,,,,,,,,,,,,,,,,,,,,,,,,,,,,,,,,,,,,,,,,,,,,,,,,,,,,,,,,,,,,,,
,,,125,mandi_mandi_dchb_part_b_primary_census_abstract.pdf,Mandi,,,,,,,,,,,,"Location
code Illiterates Total workers Main workers
number Name of Village Persons Males Females Persons Males Females Persons Males Females",,,,,,,,,,,,,,,,,,,,,,,,,,,,,,,,,,,,,,,,,,,,,,,,,,,,,,,,,,,,,,,,,,,,,,,,,,,,,,,,,,,,,,,,,,,,,,,,,,,,,,,,,,,,,,,,,,,,,,,,,,,,,,,,,,,
,,,125,mandi_mandi_dchb_part_b_primary_census_abstract.pdf,Mandi,,,,,,,,,,,,1 2 20 21 22 23 24 25 26 27 28,,,,,,,,,,,,,,,,,,,,,,,,,,,,,,,,,,,,,,,,,,,,,,,,,,,,,,,,,,,,,,,,,,,,,,,,,,,,,,,,,,,,,,,,,,,,,,,,,,,,,,,,,,,,,,,,,,,,,,,,,,,,,,,,,,,
,,,126,mandi_mandi_dchb_part_b_primary_census_abstract.pdf,Mandi,,,,,,,,,,,,,"CENSUS ABSTRACT
Drang",,,,,,,,,,,,,,,,,,,,,,,,,,,,,,,,,,,,,,,,,,,,,,,,,,,,,,,,,,,,,,,,,,,,,,,,,,,,,,,,,,,,,,,,,,,,,,,,,,,,,,,,,,,,,,,,,,,,,,,,,,,,,,,,,,
,,,126,mandi_mandi_dchb_part_b_primary_census_abstract.pdf,Mandi,,,,,,,,,,,,,"Industrial category of main workers
Household industry
Cultivators Agricultural labourers workers Other workers
Persons Males Females Persons Males Females Persons MalesFemales Persons Males Females Name of Village",,,,,,,,,,,,,,,,,,,,,,,,,,,,,,,,,,,,,,,,,,,,,,,,,,,,,,,,,,,,,,,,,,,,,,,,,,,,,,,,,,,,,,,,,,,,,,,,,,,,,,,,,,,,,,,,,,,,,,,,,,,,,,,,,,
,,,126,mandi_mandi_dchb_part_b_primary_census_abstract.pdf,Mandi,,,,,,,,,,,,,29 30 31 32 33 34 35 36 37 38 39 40 2,,,,,,,,,,,,,,,,,,,,,,,,,,,,,,,,,,,,,,,,,,,,,,,,,,,,,,,,,,,,,,,,,,,,,,,,,,,,,,,,,,,,,,,,,,,,,,,,,,,,,,,,,,,,,,,,,,,,,,,,,,,,,,,,,,
,,,127,mandi_mandi_dchb_part_b_primary_census_abstract.pdf,Mandi,,,,,,,,,,,,"VILLAGE PRIMARY
C D Block -",,,,,,,,,,,,,,,,,,,,,,,,,,,,,,,,,,,,,,,,,,,,,,,,,,,,,,,,,,,,,,,,,,,,,,,,,,,,,,,,,,,,,,,,,,,,,,,,,,,,,,,,,,,,,,,,,,,,,,,,,,,,,,,,,,,
,,,127,mandi_mandi_dchb_part_b_primary_census_abstract.pdf,Mandi,,,,,,,,,,,,"Industrial category
Location
code Marginal workers Cultivators Agricultural labourers
number Name of Village Persons Males Females Persons Males Females Persons Males Females",,,,,,,,,,,,,,,,,,,,,,,,,,,,,,,,,,,,,,,,,,,,,,,,,,,,,,,,,,,,,,,,,,,,,,,,,,,,,,,,,,,,,,,,,,,,,,,,,,,,,,,,,,,,,,,,,,,,,,,,,,,,,,,,,,,
,,,127,mandi_mandi_dchb_part_b_primary_census_abstract.pdf,Mandi,,,,,,,,,,,,1 2 41 42 43 44 45 46 47 48 49,,,,,,,,,,,,,,,,,,,,,,,,,,,,,,,,,,,,,,,,,,,,,,,,,,,,,,,,,,,,,,,,,,,,,,,,,,,,,,,,,,,,,,,,,,,,,,,,,,,,,,,,,,,,,,,,,,,,,,,,,,,,,,,,,,,
,,,128,mandi_mandi_dchb_part_b_primary_census_abstract.pdf,Mandi,,,,,,,,,,,,,"CENSUS ABSTRACT
Drang",,,,,,,,,,,,,,,,,,,,,,,,,,,,,,,,,,,,,,,,,,,,,,,,,,,,,,,,,,,,,,,,,,,,,,,,,,,,,,,,,,,,,,,,,,,,,,,,,,,,,,,,,,,,,,,,,,,,,,,,,,,,,,,,,,
,,,128,mandi_mandi_dchb_part_b_primary_census_abstract.pdf,Mandi,,,,,,,,,,,,,"of marginal workers
Location
Household industry workers Other workers Non-workers code
Persons Males Females Persons Males Females Persons Males Females Name of Village number",,,,,,,,,,,,,,,,,,,,,,,,,,,,,,,,,,,,,,,,,,,,,,,,,,,,,,,,,,,,,,,,,,,,,,,,,,,,,,,,,,,,,,,,,,,,,,,,,,,,,,,,,,,,,,,,,,,,,,,,,,,,,,,,,,
,,,128,mandi_mandi_dchb_part_b_primary_census_abstract.pdf,Mandi,,,,,,,,,,,,,50 51 52 53 54 55 56 57 58 2 1,,,,,,,,,,,,,,,,,,,,,,,,,,,,,,,,,,,,,,,,,,,,,,,,,,,,,,,,,,,,,,,,,,,,,,,,,,,,,,,,,,,,,,,,,,,,,,,,,,,,,,,,,,,,,,,,,,,,,,,,,,,,,,,,,,
,,,129,mandi_mandi_dchb_part_b_primary_census_abstract.pdf,Mandi,,,,,,,,,,,,"VILLAGE PRIMARY
C D Block -",,,,,,,,,,,,,,,,,,,,,,,,,,,,,,,,,,,,,,,,,,,,,,,,,,,,,,,,,,,,,,,,,,,,,,,,,,,,,,,,,,,,,,,,,,,,,,,,,,,,,,,,,,,,,,,,,,,,,,,,,,,,,,,,,,,
,,,129,mandi_mandi_dchb_part_b_primary_census_abstract.pdf,Mandi,,,,,,,,,,,,"Location Area of Total population (including institutional
code Village in Number of and houseless population) Population in the age-group 0-6
number Name of Village hectares households Persons Males Females Persons Males Females",,,,,,,,,,,,,,,,,,,,,,,,,,,,,,,,,,,,,,,,,,,,,,,,,,,,,,,,,,,,,,,,,,,,,,,,,,,,,,,,,,,,,,,,,,,,,,,,,,,,,,,,,,,,,,,,,,,,,,,,,,,,,,,,,,,
,,,129,mandi_mandi_dchb_part_b_primary_census_abstract.pdf,Mandi,,,,,,,,,,,,1 2 3 4 5 6 7 8 9 10,,,,,,,,,,,,,,,,,,,,,,,,,,,,,,,,,,,,,,,,,,,,,,,,,,,,,,,,,,,,,,,,,,,,,,,,,,,,,,,,,,,,,,,,,,,,,,,,,,,,,,,,,,,,,,,,,,,,,,,,,,,,,,,,,,,
,,,130,mandi_mandi_dchb_part_b_primary_census_abstract.pdf,Mandi,,,,,,,,,,,,,"CENSUS ABSTRACT
Drang",,,,,,,,,,,,,,,,,,,,,,,,,,,,,,,,,,,,,,,,,,,,,,,,,,,,,,,,,,,,,,,,,,,,,,,,,,,,,,,,,,,,,,,,,,,,,,,,,,,,,,,,,,,,,,,,,,,,,,,,,,,,,,,,,,
,,,130,mandi_mandi_dchb_part_b_primary_census_abstract.pdf,Mandi,,,,,,,,,,,,,"Scheduled Castes population Scheduled Tribes population Literates
Persons Males Females Persons Males Females Persons Males Females Name of Village",,,,,,,,,,,,,,,,,,,,,,,,,,,,,,,,,,,,,,,,,,,,,,,,,,,,,,,,,,,,,,,,,,,,,,,,,,,,,,,,,,,,,,,,,,,,,,,,,,,,,,,,,,,,,,,,,,,,,,,,,,,,,,,,,,
,,,130,mandi_mandi_dchb_part_b_primary_census_abstract.pdf,Mandi,,,,,,,,,,,,,11 12 13 14 15 16 17 18 19 2,,,,,,,,,,,,,,,,,,,,,,,,,,,,,,,,,,,,,,,,,,,,,,,,,,,,,,,,,,,,,,,,,,,,,,,,,,,,,,,,,,,,,,,,,,,,,,,,,,,,,,,,,,,,,,,,,,,,,,,,,,,,,,,,,,
,,,131,mandi_mandi_dchb_part_b_primary_census_abstract.pdf,Mandi,,,,,,,,,,,,"VILLAGE PRIMARY
C D Block -",,,,,,,,,,,,,,,,,,,,,,,,,,,,,,,,,,,,,,,,,,,,,,,,,,,,,,,,,,,,,,,,,,,,,,,,,,,,,,,,,,,,,,,,,,,,,,,,,,,,,,,,,,,,,,,,,,,,,,,,,,,,,,,,,,,
,,,131,mandi_mandi_dchb_part_b_primary_census_abstract.pdf,Mandi,,,,,,,,,,,,"Location
code Illiterates Total workers Main workers
number Name of Village Persons Males Females Persons Males Females Persons Males Females",,,,,,,,,,,,,,,,,,,,,,,,,,,,,,,,,,,,,,,,,,,,,,,,,,,,,,,,,,,,,,,,,,,,,,,,,,,,,,,,,,,,,,,,,,,,,,,,,,,,,,,,,,,,,,,,,,,,,,,,,,,,,,,,,,,
,,,131,mandi_mandi_dchb_part_b_primary_census_abstract.pdf,Mandi,,,,,,,,,,,,1 2 20 21 22 23 24 25 26 27 28,,,,,,,,,,,,,,,,,,,,,,,,,,,,,,,,,,,,,,,,,,,,,,,,,,,,,,,,,,,,,,,,,,,,,,,,,,,,,,,,,,,,,,,,,,,,,,,,,,,,,,,,,,,,,,,,,,,,,,,,,,,,,,,,,,,
,,,132,mandi_mandi_dchb_part_b_primary_census_abstract.pdf,Mandi,,,,,,,,,,,,,"CENSUS ABSTRACT
Drang",,,,,,,,,,,,,,,,,,,,,,,,,,,,,,,,,,,,,,,,,,,,,,,,,,,,,,,,,,,,,,,,,,,,,,,,,,,,,,,,,,,,,,,,,,,,,,,,,,,,,,,,,,,,,,,,,,,,,,,,,,,,,,,,,,
,,,132,mandi_mandi_dchb_part_b_primary_census_abstract.pdf,Mandi,,,,,,,,,,,,,"Industrial category of main workers
Household industry
Cultivators Agricultural labourers workers Other workers
Persons Males Females Persons Males Females Persons MalesFemales Persons Males Females Name of Village",,,,,,,,,,,,,,,,,,,,,,,,,,,,,,,,,,,,,,,,,,,,,,,,,,,,,,,,,,,,,,,,,,,,,,,,,,,,,,,,,,,,,,,,,,,,,,,,,,,,,,,,,,,,,,,,,,,,,,,,,,,,,,,,,,
,,,132,mandi_mandi_dchb_part_b_primary_census_abstract.pdf,Mandi,,,,,,,,,,,,,29 30 31 32 33 34 35 36 37 38 39 40 2,,,,,,,,,,,,,,,,,,,,,,,,,,,,,,,,,,,,,,,,,,,,,,,,,,,,,,,,,,,,,,,,,,,,,,,,,,,,,,,,,,,,,,,,,,,,,,,,,,,,,,,,,,,,,,,,,,,,,,,,,,,,,,,,,,
,,,133,mandi_mandi_dchb_part_b_primary_census_abstract.pdf,Mandi,,,,,,,,,,,,"VILLAGE PRIMARY
C D Block -",,,,,,,,,,,,,,,,,,,,,,,,,,,,,,,,,,,,,,,,,,,,,,,,,,,,,,,,,,,,,,,,,,,,,,,,,,,,,,,,,,,,,,,,,,,,,,,,,,,,,,,,,,,,,,,,,,,,,,,,,,,,,,,,,,,
,,,133,mandi_mandi_dchb_part_b_primary_census_abstract.pdf,Mandi,,,,,,,,,,,,"Industrial category
Location
code Marginal workers Cultivators Agricultural labourers
number Name of Village Persons Males Females Persons Males Females Persons Males Females",,,,,,,,,,,,,,,,,,,,,,,,,,,,,,,,,,,,,,,,,,,,,,,,,,,,,,,,,,,,,,,,,,,,,,,,,,,,,,,,,,,,,,,,,,,,,,,,,,,,,,,,,,,,,,,,,,,,,,,,,,,,,,,,,,,
,,,133,mandi_mandi_dchb_part_b_primary_census_abstract.pdf,Mandi,,,,,,,,,,,,1 2 41 42 43 44 45 46 47 48 49,,,,,,,,,,,,,,,,,,,,,,,,,,,,,,,,,,,,,,,,,,,,,,,,,,,,,,,,,,,,,,,,,,,,,,,,,,,,,,,,,,,,,,,,,,,,,,,,,,,,,,,,,,,,,,,,,,,,,,,,,,,,,,,,,,,
,,,134,mandi_mandi_dchb_part_b_primary_census_abstract.pdf,Mandi,,,,,,,,,,,,,"CENSUS ABSTRACT
Drang",,,,,,,,,,,,,,,,,,,,,,,,,,,,,,,,,,,,,,,,,,,,,,,,,,,,,,,,,,,,,,,,,,,,,,,,,,,,,,,,,,,,,,,,,,,,,,,,,,,,,,,,,,,,,,,,,,,,,,,,,,,,,,,,,,
,,,134,mandi_mandi_dchb_part_b_primary_census_abstract.pdf,Mandi,,,,,,,,,,,,,"of marginal workers
Location
Household industry workers Other workers Non-workers code
Persons Males Females Persons Males Females Persons Males Females Name of Village number",,,,,,,,,,,,,,,,,,,,,,,,,,,,,,,,,,,,,,,,,,,,,,,,,,,,,,,,,,,,,,,,,,,,,,,,,,,,,,,,,,,,,,,,,,,,,,,,,,,,,,,,,,,,,,,,,,,,,,,,,,,,,,,,,,
,,,134,mandi_mandi_dchb_part_b_primary_census_abstract.pdf,Mandi,,,,,,,,,,,,,50 51 52 53 54 55 56 57 58 2 1,,,,,,,,,,,,,,,,,,,,,,,,,,,,,,,,,,,,,,,,,,,,,,,,,,,,,,,,,,,,,,,,,,,,,,,,,,,,,,,,,,,,,,,,,,,,,,,,,,,,,,,,,,,,,,,,,,,,,,,,,,,,,,,,,,
,,,135,mandi_mandi_dchb_part_b_primary_census_abstract.pdf,Mandi,,,,,,,,,,,,"VILLAGE PRIMARY
C D Block -",,,,,,,,,,,,,,,,,,,,,,,,,,,,,,,,,,,,,,,,,,,,,,,,,,,,,,,,,,,,,,,,,,,,,,,,,,,,,,,,,,,,,,,,,,,,,,,,,,,,,,,,,,,,,,,,,,,,,,,,,,,,,,,,,,,
,,,135,mandi_mandi_dchb_part_b_primary_census_abstract.pdf,Mandi,,,,,,,,,,,,"Location Area of Total population (including institutional
code Village in Number of and houseless population) Population in the age-group 0-6
number Name of Village hectares households Persons Males Females Persons Males Females",,,,,,,,,,,,,,,,,,,,,,,,,,,,,,,,,,,,,,,,,,,,,,,,,,,,,,,,,,,,,,,,,,,,,,,,,,,,,,,,,,,,,,,,,,,,,,,,,,,,,,,,,,,,,,,,,,,,,,,,,,,,,,,,,,,
,,,135,mandi_mandi_dchb_part_b_primary_census_abstract.pdf,Mandi,,,,,,,,,,,,1 2 3 4 5 6 7 8 9 10,,,,,,,,,,,,,,,,,,,,,,,,,,,,,,,,,,,,,,,,,,,,,,,,,,,,,,,,,,,,,,,,,,,,,,,,,,,,,,,,,,,,,,,,,,,,,,,,,,,,,,,,,,,,,,,,,,,,,,,,,,,,,,,,,,,
,,,136,mandi_mandi_dchb_part_b_primary_census_abstract.pdf,Mandi,,,,,,,,,,,,,"CENSUS ABSTRACT
Dharmpur",,,,,,,,,,,,,,,,,,,,,,,,,,,,,,,,,,,,,,,,,,,,,,,,,,,,,,,,,,,,,,,,,,,,,,,,,,,,,,,,,,,,,,,,,,,,,,,,,,,,,,,,,,,,,,,,,,,,,,,,,,,,,,,,,,
,,,136,mandi_mandi_dchb_part_b_primary_census_abstract.pdf,Mandi,,,,,,,,,,,,,"Scheduled Castes population Scheduled Tribes population Literates
Persons Males Females Persons Males Females Persons Males Females Name of Village",,,,,,,,,,,,,,,,,,,,,,,,,,,,,,,,,,,,,,,,,,,,,,,,,,,,,,,,,,,,,,,,,,,,,,,,,,,,,,,,,,,,,,,,,,,,,,,,,,,,,,,,,,,,,,,,,,,,,,,,,,,,,,,,,,
,,,136,mandi_mandi_dchb_part_b_primary_census_abstract.pdf,Mandi,,,,,,,,,,,,,11 12 13 14 15 16 17 18 19 2,,,,,,,,,,,,,,,,,,,,,,,,,,,,,,,,,,,,,,,,,,,,,,,,,,,,,,,,,,,,,,,,,,,,,,,,,,,,,,,,,,,,,,,,,,,,,,,,,,,,,,,,,,,,,,,,,,,,,,,,,,,,,,,,,,
,,,137,mandi_mandi_dchb_part_b_primary_census_abstract.pdf,Mandi,,,,,,,,,,,,"VILLAGE PRIMARY
C D Block -",,,,,,,,,,,,,,,,,,,,,,,,,,,,,,,,,,,,,,,,,,,,,,,,,,,,,,,,,,,,,,,,,,,,,,,,,,,,,,,,,,,,,,,,,,,,,,,,,,,,,,,,,,,,,,,,,,,,,,,,,,,,,,,,,,,
,,,137,mandi_mandi_dchb_part_b_primary_census_abstract.pdf,Mandi,,,,,,,,,,,,"Location
code Illiterates Total workers Main workers
number Name of Village Persons Males Females Persons Males Females Persons Males Females",,,,,,,,,,,,,,,,,,,,,,,,,,,,,,,,,,,,,,,,,,,,,,,,,,,,,,,,,,,,,,,,,,,,,,,,,,,,,,,,,,,,,,,,,,,,,,,,,,,,,,,,,,,,,,,,,,,,,,,,,,,,,,,,,,,
,,,137,mandi_mandi_dchb_part_b_primary_census_abstract.pdf,Mandi,,,,,,,,,,,,1 2 20 21 22 23 24 25 26 27 28,,,,,,,,,,,,,,,,,,,,,,,,,,,,,,,,,,,,,,,,,,,,,,,,,,,,,,,,,,,,,,,,,,,,,,,,,,,,,,,,,,,,,,,,,,,,,,,,,,,,,,,,,,,,,,,,,,,,,,,,,,,,,,,,,,,
,,,138,mandi_mandi_dchb_part_b_primary_census_abstract.pdf,Mandi,,,,,,,,,,,,,"CENSUS ABSTRACT
Dharmpur",,,,,,,,,,,,,,,,,,,,,,,,,,,,,,,,,,,,,,,,,,,,,,,,,,,,,,,,,,,,,,,,,,,,,,,,,,,,,,,,,,,,,,,,,,,,,,,,,,,,,,,,,,,,,,,,,,,,,,,,,,,,,,,,,,
,,,138,mandi_mandi_dchb_part_b_primary_census_abstract.pdf,Mandi,,,,,,,,,,,,,"Industrial category of main workers
Household industry
Cultivators Agricultural labourers workers Other workers
Persons Males Females Persons Males Females Persons MalesFemales Persons Males Females Name of Village",,,,,,,,,,,,,,,,,,,,,,,,,,,,,,,,,,,,,,,,,,,,,,,,,,,,,,,,,,,,,,,,,,,,,,,,,,,,,,,,,,,,,,,,,,,,,,,,,,,,,,,,,,,,,,,,,,,,,,,,,,,,,,,,,,
,,,138,mandi_mandi_dchb_part_b_primary_census_abstract.pdf,Mandi,,,,,,,,,,,,,29 30 31 32 33 34 35 36 37 38 39 40 2,,,,,,,,,,,,,,,,,,,,,,,,,,,,,,,,,,,,,,,,,,,,,,,,,,,,,,,,,,,,,,,,,,,,,,,,,,,,,,,,,,,,,,,,,,,,,,,,,,,,,,,,,,,,,,,,,,,,,,,,,,,,,,,,,,
,,,139,mandi_mandi_dchb_part_b_primary_census_abstract.pdf,Mandi,,,,,,,,,,,,"VILLAGE PRIMARY
C D Block -",,,,,,,,,,,,,,,,,,,,,,,,,,,,,,,,,,,,,,,,,,,,,,,,,,,,,,,,,,,,,,,,,,,,,,,,,,,,,,,,,,,,,,,,,,,,,,,,,,,,,,,,,,,,,,,,,,,,,,,,,,,,,,,,,,,
,,,139,mandi_mandi_dchb_part_b_primary_census_abstract.pdf,Mandi,,,,,,,,,,,,"Industrial category
Location
code Marginal workers Cultivators Agricultural labourers
number Name of Village Persons Males Females Persons Males Females Persons Males Females",,,,,,,,,,,,,,,,,,,,,,,,,,,,,,,,,,,,,,,,,,,,,,,,,,,,,,,,,,,,,,,,,,,,,,,,,,,,,,,,,,,,,,,,,,,,,,,,,,,,,,,,,,,,,,,,,,,,,,,,,,,,,,,,,,,
,,,139,mandi_mandi_dchb_part_b_primary_census_abstract.pdf,Mandi,,,,,,,,,,,,1 2 41 42 43 44 45 46 47 48 49,,,,,,,,,,,,,,,,,,,,,,,,,,,,,,,,,,,,,,,,,,,,,,,,,,,,,,,,,,,,,,,,,,,,,,,,,,,,,,,,,,,,,,,,,,,,,,,,,,,,,,,,,,,,,,,,,,,,,,,,,,,,,,,,,,,
,,,140,mandi_mandi_dchb_part_b_primary_census_abstract.pdf,Mandi,,,,,,,,,,,,,"CENSUS ABSTRACT
Dharmpur",,,,,,,,,,,,,,,,,,,,,,,,,,,,,,,,,,,,,,,,,,,,,,,,,,,,,,,,,,,,,,,,,,,,,,,,,,,,,,,,,,,,,,,,,,,,,,,,,,,,,,,,,,,,,,,,,,,,,,,,,,,,,,,,,,
,,,140,mandi_mandi_dchb_part_b_primary_census_abstract.pdf,Mandi,,,,,,,,,,,,,"of marginal workers
Location
Household industry workers Other workers Non-workers code
Persons Males Females Persons Males Females Persons Males Females Name of Village number",,,,,,,,,,,,,,,,,,,,,,,,,,,,,,,,,,,,,,,,,,,,,,,,,,,,,,,,,,,,,,,,,,,,,,,,,,,,,,,,,,,,,,,,,,,,,,,,,,,,,,,,,,,,,,,,,,,,,,,,,,,,,,,,,,
,,,140,mandi_mandi_dchb_part_b_primary_census_abstract.pdf,Mandi,,,,,,,,,,,,,50 51 52 53 54 55 56 57 58 2 1,,,,,,,,,,,,,,,,,,,,,,,,,,,,,,,,,,,,,,,,,,,,,,,,,,,,,,,,,,,,,,,,,,,,,,,,,,,,,,,,,,,,,,,,,,,,,,,,,,,,,,,,,,,,,,,,,,,,,,,,,,,,,,,,,,
,,,141,mandi_mandi_dchb_part_b_primary_census_abstract.pdf,Mandi,,,,,,,,,,,,"VILLAGE PRIMARY
C D Block -",,,,,,,,,,,,,,,,,,,,,,,,,,,,,,,,,,,,,,,,,,,,,,,,,,,,,,,,,,,,,,,,,,,,,,,,,,,,,,,,,,,,,,,,,,,,,,,,,,,,,,,,,,,,,,,,,,,,,,,,,,,,,,,,,,,
,,,141,mandi_mandi_dchb_part_b_primary_census_abstract.pdf,Mandi,,,,,,,,,,,,"Location Area of Total population (including institutional
code Village in Number of and houseless population) Population in the age-group 0-6
number Name of Village hectares households Persons Males Females Persons Males Females",,,,,,,,,,,,,,,,,,,,,,,,,,,,,,,,,,,,,,,,,,,,,,,,,,,,,,,,,,,,,,,,,,,,,,,,,,,,,,,,,,,,,,,,,,,,,,,,,,,,,,,,,,,,,,,,,,,,,,,,,,,,,,,,,,,
,,,141,mandi_mandi_dchb_part_b_primary_census_abstract.pdf,Mandi,,,,,,,,,,,,1 2 3 4 5 6 7 8 9 10,,,,,,,,,,,,,,,,,,,,,,,,,,,,,,,,,,,,,,,,,,,,,,,,,,,,,,,,,,,,,,,,,,,,,,,,,,,,,,,,,,,,,,,,,,,,,,,,,,,,,,,,,,,,,,,,,,,,,,,,,,,,,,,,,,,
,,,142,mandi_mandi_dchb_part_b_primary_census_abstract.pdf,Mandi,,,,,,,,,,,,,"CENSUS ABSTRACT
Dharmpur",,,,,,,,,,,,,,,,,,,,,,,,,,,,,,,,,,,,,,,,,,,,,,,,,,,,,,,,,,,,,,,,,,,,,,,,,,,,,,,,,,,,,,,,,,,,,,,,,,,,,,,,,,,,,,,,,,,,,,,,,,,,,,,,,,
,,,142,mandi_mandi_dchb_part_b_primary_census_abstract.pdf,Mandi,,,,,,,,,,,,,"Scheduled Castes population Scheduled Tribes population Literates
Persons Males Females Persons Males Females Persons Males Females Name of Village",,,,,,,,,,,,,,,,,,,,,,,,,,,,,,,,,,,,,,,,,,,,,,,,,,,,,,,,,,,,,,,,,,,,,,,,,,,,,,,,,,,,,,,,,,,,,,,,,,,,,,,,,,,,,,,,,,,,,,,,,,,,,,,,,,
,,,142,mandi_mandi_dchb_part_b_primary_census_abstract.pdf,Mandi,,,,,,,,,,,,,11 12 13 14 15 16 17 18 19 2,,,,,,,,,,,,,,,,,,,,,,,,,,,,,,,,,,,,,,,,,,,,,,,,,,,,,,,,,,,,,,,,,,,,,,,,,,,,,,,,,,,,,,,,,,,,,,,,,,,,,,,,,,,,,,,,,,,,,,,,,,,,,,,,,,
,,,143,mandi_mandi_dchb_part_b_primary_census_abstract.pdf,Mandi,,,,,,,,,,,,"VILLAGE PRIMARY
C D Block -",,,,,,,,,,,,,,,,,,,,,,,,,,,,,,,,,,,,,,,,,,,,,,,,,,,,,,,,,,,,,,,,,,,,,,,,,,,,,,,,,,,,,,,,,,,,,,,,,,,,,,,,,,,,,,,,,,,,,,,,,,,,,,,,,,,
,,,143,mandi_mandi_dchb_part_b_primary_census_abstract.pdf,Mandi,,,,,,,,,,,,"Location
code Illiterates Total workers Main workers
number Name of Village Persons Males Females Persons Males Females Persons Males Females",,,,,,,,,,,,,,,,,,,,,,,,,,,,,,,,,,,,,,,,,,,,,,,,,,,,,,,,,,,,,,,,,,,,,,,,,,,,,,,,,,,,,,,,,,,,,,,,,,,,,,,,,,,,,,,,,,,,,,,,,,,,,,,,,,,
,,,143,mandi_mandi_dchb_part_b_primary_census_abstract.pdf,Mandi,,,,,,,,,,,,1 2 20 21 22 23 24 25 26 27 28,,,,,,,,,,,,,,,,,,,,,,,,,,,,,,,,,,,,,,,,,,,,,,,,,,,,,,,,,,,,,,,,,,,,,,,,,,,,,,,,,,,,,,,,,,,,,,,,,,,,,,,,,,,,,,,,,,,,,,,,,,,,,,,,,,,
,,,144,mandi_mandi_dchb_part_b_primary_census_abstract.pdf,Mandi,,,,,,,,,,,,,"CENSUS ABSTRACT
Dharmpur",,,,,,,,,,,,,,,,,,,,,,,,,,,,,,,,,,,,,,,,,,,,,,,,,,,,,,,,,,,,,,,,,,,,,,,,,,,,,,,,,,,,,,,,,,,,,,,,,,,,,,,,,,,,,,,,,,,,,,,,,,,,,,,,,,
,,,144,mandi_mandi_dchb_part_b_primary_census_abstract.pdf,Mandi,,,,,,,,,,,,,"Industrial category of main workers
Household industry
Cultivators Agricultural labourers workers Other workers
Persons Males Females Persons Males Females Persons MalesFemales Persons Males Females Name of Village",,,,,,,,,,,,,,,,,,,,,,,,,,,,,,,,,,,,,,,,,,,,,,,,,,,,,,,,,,,,,,,,,,,,,,,,,,,,,,,,,,,,,,,,,,,,,,,,,,,,,,,,,,,,,,,,,,,,,,,,,,,,,,,,,,
,,,144,mandi_mandi_dchb_part_b_primary_census_abstract.pdf,Mandi,,,,,,,,,,,,,29 30 31 32 33 34 35 36 37 38 39 40 2,,,,,,,,,,,,,,,,,,,,,,,,,,,,,,,,,,,,,,,,,,,,,,,,,,,,,,,,,,,,,,,,,,,,,,,,,,,,,,,,,,,,,,,,,,,,,,,,,,,,,,,,,,,,,,,,,,,,,,,,,,,,,,,,,,
,,,145,mandi_mandi_dchb_part_b_primary_census_abstract.pdf,Mandi,,,,,,,,,,,,"VILLAGE PRIMARY
C D Block -",,,,,,,,,,,,,,,,,,,,,,,,,,,,,,,,,,,,,,,,,,,,,,,,,,,,,,,,,,,,,,,,,,,,,,,,,,,,,,,,,,,,,,,,,,,,,,,,,,,,,,,,,,,,,,,,,,,,,,,,,,,,,,,,,,,
,,,145,mandi_mandi_dchb_part_b_primary_census_abstract.pdf,Mandi,,,,,,,,,,,,"Industrial category
Location
code Marginal workers Cultivators Agricultural labourers
number Name of Village Persons Males Females Persons Males Females Persons Males Females",,,,,,,,,,,,,,,,,,,,,,,,,,,,,,,,,,,,,,,,,,,,,,,,,,,,,,,,,,,,,,,,,,,,,,,,,,,,,,,,,,,,,,,,,,,,,,,,,,,,,,,,,,,,,,,,,,,,,,,,,,,,,,,,,,,
,,,145,mandi_mandi_dchb_part_b_primary_census_abstract.pdf,Mandi,,,,,,,,,,,,1 2 41 42 43 44 45 46 47 48 49,,,,,,,,,,,,,,,,,,,,,,,,,,,,,,,,,,,,,,,,,,,,,,,,,,,,,,,,,,,,,,,,,,,,,,,,,,,,,,,,,,,,,,,,,,,,,,,,,,,,,,,,,,,,,,,,,,,,,,,,,,,,,,,,,,,
,,,146,mandi_mandi_dchb_part_b_primary_census_abstract.pdf,Mandi,,,,,,,,,,,,,"CENSUS ABSTRACT
Dharmpur",,,,,,,,,,,,,,,,,,,,,,,,,,,,,,,,,,,,,,,,,,,,,,,,,,,,,,,,,,,,,,,,,,,,,,,,,,,,,,,,,,,,,,,,,,,,,,,,,,,,,,,,,,,,,,,,,,,,,,,,,,,,,,,,,,
,,,146,mandi_mandi_dchb_part_b_primary_census_abstract.pdf,Mandi,,,,,,,,,,,,,"of marginal workers
Location
Household industry workers Other workers Non-workers code
Persons Males Females Persons Males Females Persons Males Females Name of Village number",,,,,,,,,,,,,,,,,,,,,,,,,,,,,,,,,,,,,,,,,,,,,,,,,,,,,,,,,,,,,,,,,,,,,,,,,,,,,,,,,,,,,,,,,,,,,,,,,,,,,,,,,,,,,,,,,,,,,,,,,,,,,,,,,,
,,,146,mandi_mandi_dchb_part_b_primary_census_abstract.pdf,Mandi,,,,,,,,,,,,,50 51 52 53 54 55 56 57 58 2 1,,,,,,,,,,,,,,,,,,,,,,,,,,,,,,,,,,,,,,,,,,,,,,,,,,,,,,,,,,,,,,,,,,,,,,,,,,,,,,,,,,,,,,,,,,,,,,,,,,,,,,,,,,,,,,,,,,,,,,,,,,,,,,,,,,
,,,147,mandi_mandi_dchb_part_b_primary_census_abstract.pdf,Mandi,,,,,,,,,,,,"VILLAGE PRIMARY
C D Block -",,,,,,,,,,,,,,,,,,,,,,,,,,,,,,,,,,,,,,,,,,,,,,,,,,,,,,,,,,,,,,,,,,,,,,,,,,,,,,,,,,,,,,,,,,,,,,,,,,,,,,,,,,,,,,,,,,,,,,,,,,,,,,,,,,,
,,,147,mandi_mandi_dchb_part_b_primary_census_abstract.pdf,Mandi,,,,,,,,,,,,"Location Area of Total population (including institutional
code Village in Number of and houseless population) Population in the age-group 0-6
number Name of Village hectares households Persons Males Females Persons Males Females",,,,,,,,,,,,,,,,,,,,,,,,,,,,,,,,,,,,,,,,,,,,,,,,,,,,,,,,,,,,,,,,,,,,,,,,,,,,,,,,,,,,,,,,,,,,,,,,,,,,,,,,,,,,,,,,,,,,,,,,,,,,,,,,,,,
,,,147,mandi_mandi_dchb_part_b_primary_census_abstract.pdf,Mandi,,,,,,,,,,,,1 2 3 4 5 6 7 8 9 10,,,,,,,,,,,,,,,,,,,,,,,,,,,,,,,,,,,,,,,,,,,,,,,,,,,,,,,,,,,,,,,,,,,,,,,,,,,,,,,,,,,,,,,,,,,,,,,,,,,,,,,,,,,,,,,,,,,,,,,,,,,,,,,,,,,
,,,148,mandi_mandi_dchb_part_b_primary_census_abstract.pdf,Mandi,,,,,,,,,,,,,"CENSUS ABSTRACT
Dharmpur",,,,,,,,,,,,,,,,,,,,,,,,,,,,,,,,,,,,,,,,,,,,,,,,,,,,,,,,,,,,,,,,,,,,,,,,,,,,,,,,,,,,,,,,,,,,,,,,,,,,,,,,,,,,,,,,,,,,,,,,,,,,,,,,,,
,,,148,mandi_mandi_dchb_part_b_primary_census_abstract.pdf,Mandi,,,,,,,,,,,,,"Scheduled Castes population Scheduled Tribes population Literates
Persons Males Females Persons Males Females Persons Males Females Name of Village",,,,,,,,,,,,,,,,,,,,,,,,,,,,,,,,,,,,,,,,,,,,,,,,,,,,,,,,,,,,,,,,,,,,,,,,,,,,,,,,,,,,,,,,,,,,,,,,,,,,,,,,,,,,,,,,,,,,,,,,,,,,,,,,,,
,,,148,mandi_mandi_dchb_part_b_primary_census_abstract.pdf,Mandi,,,,,,,,,,,,,11 12 13 14 15 16 17 18 19 2,,,,,,,,,,,,,,,,,,,,,,,,,,,,,,,,,,,,,,,,,,,,,,,,,,,,,,,,,,,,,,,,,,,,,,,,,,,,,,,,,,,,,,,,,,,,,,,,,,,,,,,,,,,,,,,,,,,,,,,,,,,,,,,,,,
,,,149,mandi_mandi_dchb_part_b_primary_census_abstract.pdf,Mandi,,,,,,,,,,,,"VILLAGE PRIMARY
C D Block -",,,,,,,,,,,,,,,,,,,,,,,,,,,,,,,,,,,,,,,,,,,,,,,,,,,,,,,,,,,,,,,,,,,,,,,,,,,,,,,,,,,,,,,,,,,,,,,,,,,,,,,,,,,,,,,,,,,,,,,,,,,,,,,,,,,
,,,149,mandi_mandi_dchb_part_b_primary_census_abstract.pdf,Mandi,,,,,,,,,,,,"Location
code Illiterates Total workers Main workers
number Name of Village Persons Males Females Persons Males Females Persons Males Females",,,,,,,,,,,,,,,,,,,,,,,,,,,,,,,,,,,,,,,,,,,,,,,,,,,,,,,,,,,,,,,,,,,,,,,,,,,,,,,,,,,,,,,,,,,,,,,,,,,,,,,,,,,,,,,,,,,,,,,,,,,,,,,,,,,
,,,149,mandi_mandi_dchb_part_b_primary_census_abstract.pdf,Mandi,,,,,,,,,,,,1 2 20 21 22 23 24 25 26 27 28,,,,,,,,,,,,,,,,,,,,,,,,,,,,,,,,,,,,,,,,,,,,,,,,,,,,,,,,,,,,,,,,,,,,,,,,,,,,,,,,,,,,,,,,,,,,,,,,,,,,,,,,,,,,,,,,,,,,,,,,,,,,,,,,,,,
,,,150,mandi_mandi_dchb_part_b_primary_census_abstract.pdf,Mandi,,,,,,,,,,,,,"CENSUS ABSTRACT
Dharmpur",,,,,,,,,,,,,,,,,,,,,,,,,,,,,,,,,,,,,,,,,,,,,,,,,,,,,,,,,,,,,,,,,,,,,,,,,,,,,,,,,,,,,,,,,,,,,,,,,,,,,,,,,,,,,,,,,,,,,,,,,,,,,,,,,,
,,,150,mandi_mandi_dchb_part_b_primary_census_abstract.pdf,Mandi,,,,,,,,,,,,,"Industrial category of main workers
Household industry
Cultivators Agricultural labourers workers Other workers
Persons Males Females Persons Males Females Persons MalesFemales Persons Males Females Name of Village",,,,,,,,,,,,,,,,,,,,,,,,,,,,,,,,,,,,,,,,,,,,,,,,,,,,,,,,,,,,,,,,,,,,,,,,,,,,,,,,,,,,,,,,,,,,,,,,,,,,,,,,,,,,,,,,,,,,,,,,,,,,,,,,,,
,,,150,mandi_mandi_dchb_part_b_primary_census_abstract.pdf,Mandi,,,,,,,,,,,,,29 30 31 32 33 34 35 36 37 38 39 40 2,,,,,,,,,,,,,,,,,,,,,,,,,,,,,,,,,,,,,,,,,,,,,,,,,,,,,,,,,,,,,,,,,,,,,,,,,,,,,,,,,,,,,,,,,,,,,,,,,,,,,,,,,,,,,,,,,,,,,,,,,,,,,,,,,,
,,,151,mandi_mandi_dchb_part_b_primary_census_abstract.pdf,Mandi,,,,,,,,,,,,"VILLAGE PRIMARY
C D Block -",,,,,,,,,,,,,,,,,,,,,,,,,,,,,,,,,,,,,,,,,,,,,,,,,,,,,,,,,,,,,,,,,,,,,,,,,,,,,,,,,,,,,,,,,,,,,,,,,,,,,,,,,,,,,,,,,,,,,,,,,,,,,,,,,,,
,,,151,mandi_mandi_dchb_part_b_primary_census_abstract.pdf,Mandi,,,,,,,,,,,,"Industrial category
Location
code Marginal workers Cultivators Agricultural labourers
number Name of Village Persons Males Females Persons Males Females Persons Males Females",,,,,,,,,,,,,,,,,,,,,,,,,,,,,,,,,,,,,,,,,,,,,,,,,,,,,,,,,,,,,,,,,,,,,,,,,,,,,,,,,,,,,,,,,,,,,,,,,,,,,,,,,,,,,,,,,,,,,,,,,,,,,,,,,,,
,,,151,mandi_mandi_dchb_part_b_primary_census_abstract.pdf,Mandi,,,,,,,,,,,,1 2 41 42 43 44 45 46 47 48 49,,,,,,,,,,,,,,,,,,,,,,,,,,,,,,,,,,,,,,,,,,,,,,,,,,,,,,,,,,,,,,,,,,,,,,,,,,,,,,,,,,,,,,,,,,,,,,,,,,,,,,,,,,,,,,,,,,,,,,,,,,,,,,,,,,,
,,,152,mandi_mandi_dchb_part_b_primary_census_abstract.pdf,Mandi,,,,,,,,,,,,,"CENSUS ABSTRACT
Dharmpur",,,,,,,,,,,,,,,,,,,,,,,,,,,,,,,,,,,,,,,,,,,,,,,,,,,,,,,,,,,,,,,,,,,,,,,,,,,,,,,,,,,,,,,,,,,,,,,,,,,,,,,,,,,,,,,,,,,,,,,,,,,,,,,,,,
,,,152,mandi_mandi_dchb_part_b_primary_census_abstract.pdf,Mandi,,,,,,,,,,,,,"of marginal workers
Location
Household industry workers Other workers Non-workers code
Persons Males Females Persons Males Females Persons Males Females Name of Village number",,,,,,,,,,,,,,,,,,,,,,,,,,,,,,,,,,,,,,,,,,,,,,,,,,,,,,,,,,,,,,,,,,,,,,,,,,,,,,,,,,,,,,,,,,,,,,,,,,,,,,,,,,,,,,,,,,,,,,,,,,,,,,,,,,
,,,152,mandi_mandi_dchb_part_b_primary_census_abstract.pdf,Mandi,,,,,,,,,,,,,50 51 52 53 54 55 56 57 58 2 1,,,,,,,,,,,,,,,,,,,,,,,,,,,,,,,,,,,,,,,,,,,,,,,,,,,,,,,,,,,,,,,,,,,,,,,,,,,,,,,,,,,,,,,,,,,,,,,,,,,,,,,,,,,,,,,,,,,,,,,,,,,,,,,,,,
,,,153,mandi_mandi_dchb_part_b_primary_census_abstract.pdf,Mandi,,,,,,,,,,,,"VILLAGE PRIMARY
C D Block -",,,,,,,,,,,,,,,,,,,,,,,,,,,,,,,,,,,,,,,,,,,,,,,,,,,,,,,,,,,,,,,,,,,,,,,,,,,,,,,,,,,,,,,,,,,,,,,,,,,,,,,,,,,,,,,,,,,,,,,,,,,,,,,,,,,
,,,153,mandi_mandi_dchb_part_b_primary_census_abstract.pdf,Mandi,,,,,,,,,,,,"Location Area of Total population (including institutional
code Village in Number of and houseless population) Population in the age-group 0-6
number Name of Village hectares households Persons Males Females Persons Males Females",,,,,,,,,,,,,,,,,,,,,,,,,,,,,,,,,,,,,,,,,,,,,,,,,,,,,,,,,,,,,,,,,,,,,,,,,,,,,,,,,,,,,,,,,,,,,,,,,,,,,,,,,,,,,,,,,,,,,,,,,,,,,,,,,,,
,,,153,mandi_mandi_dchb_part_b_primary_census_abstract.pdf,Mandi,,,,,,,,,,,,1 2 3 4 5 6 7 8 9 10,,,,,,,,,,,,,,,,,,,,,,,,,,,,,,,,,,,,,,,,,,,,,,,,,,,,,,,,,,,,,,,,,,,,,,,,,,,,,,,,,,,,,,,,,,,,,,,,,,,,,,,,,,,,,,,,,,,,,,,,,,,,,,,,,,,
,,,154,mandi_mandi_dchb_part_b_primary_census_abstract.pdf,Mandi,,,,,,,,,,,,,"CENSUS ABSTRACT
Dharmpur",,,,,,,,,,,,,,,,,,,,,,,,,,,,,,,,,,,,,,,,,,,,,,,,,,,,,,,,,,,,,,,,,,,,,,,,,,,,,,,,,,,,,,,,,,,,,,,,,,,,,,,,,,,,,,,,,,,,,,,,,,,,,,,,,,
,,,154,mandi_mandi_dchb_part_b_primary_census_abstract.pdf,Mandi,,,,,,,,,,,,,"Scheduled Castes population Scheduled Tribes population Literates
Persons Males Females Persons Males Females Persons Males Females Name of Village",,,,,,,,,,,,,,,,,,,,,,,,,,,,,,,,,,,,,,,,,,,,,,,,,,,,,,,,,,,,,,,,,,,,,,,,,,,,,,,,,,,,,,,,,,,,,,,,,,,,,,,,,,,,,,,,,,,,,,,,,,,,,,,,,,
,,,154,mandi_mandi_dchb_part_b_primary_census_abstract.pdf,Mandi,,,,,,,,,,,,,11 12 13 14 15 16 17 18 19 2,,,,,,,,,,,,,,,,,,,,,,,,,,,,,,,,,,,,,,,,,,,,,,,,,,,,,,,,,,,,,,,,,,,,,,,,,,,,,,,,,,,,,,,,,,,,,,,,,,,,,,,,,,,,,,,,,,,,,,,,,,,,,,,,,,
,,,155,mandi_mandi_dchb_part_b_primary_census_abstract.pdf,Mandi,,,,,,,,,,,,"VILLAGE PRIMARY
C D Block -",,,,,,,,,,,,,,,,,,,,,,,,,,,,,,,,,,,,,,,,,,,,,,,,,,,,,,,,,,,,,,,,,,,,,,,,,,,,,,,,,,,,,,,,,,,,,,,,,,,,,,,,,,,,,,,,,,,,,,,,,,,,,,,,,,,
,,,155,mandi_mandi_dchb_part_b_primary_census_abstract.pdf,Mandi,,,,,,,,,,,,"Location
code Illiterates Total workers Main workers
number Name of Village Persons Males Females Persons Males Females Persons Males Females",,,,,,,,,,,,,,,,,,,,,,,,,,,,,,,,,,,,,,,,,,,,,,,,,,,,,,,,,,,,,,,,,,,,,,,,,,,,,,,,,,,,,,,,,,,,,,,,,,,,,,,,,,,,,,,,,,,,,,,,,,,,,,,,,,,
,,,155,mandi_mandi_dchb_part_b_primary_census_abstract.pdf,Mandi,,,,,,,,,,,,1 2 20 21 22 23 24 25 26 27 28,,,,,,,,,,,,,,,,,,,,,,,,,,,,,,,,,,,,,,,,,,,,,,,,,,,,,,,,,,,,,,,,,,,,,,,,,,,,,,,,,,,,,,,,,,,,,,,,,,,,,,,,,,,,,,,,,,,,,,,,,,,,,,,,,,,
,,,156,mandi_mandi_dchb_part_b_primary_census_abstract.pdf,Mandi,,,,,,,,,,,,,"CENSUS ABSTRACT
Dharmpur",,,,,,,,,,,,,,,,,,,,,,,,,,,,,,,,,,,,,,,,,,,,,,,,,,,,,,,,,,,,,,,,,,,,,,,,,,,,,,,,,,,,,,,,,,,,,,,,,,,,,,,,,,,,,,,,,,,,,,,,,,,,,,,,,,
,,,156,mandi_mandi_dchb_part_b_primary_census_abstract.pdf,Mandi,,,,,,,,,,,,,"Industrial category of main workers
Household industry
Cultivators Agricultural labourers workers Other workers
Persons Males Females Persons Males Females Persons MalesFemales Persons Males Females Name of Village",,,,,,,,,,,,,,,,,,,,,,,,,,,,,,,,,,,,,,,,,,,,,,,,,,,,,,,,,,,,,,,,,,,,,,,,,,,,,,,,,,,,,,,,,,,,,,,,,,,,,,,,,,,,,,,,,,,,,,,,,,,,,,,,,,
,,,156,mandi_mandi_dchb_part_b_primary_census_abstract.pdf,Mandi,,,,,,,,,,,,,29 30 31 32 33 34 35 36 37 38 39 40 2,,,,,,,,,,,,,,,,,,,,,,,,,,,,,,,,,,,,,,,,,,,,,,,,,,,,,,,,,,,,,,,,,,,,,,,,,,,,,,,,,,,,,,,,,,,,,,,,,,,,,,,,,,,,,,,,,,,,,,,,,,,,,,,,,,
,,,157,mandi_mandi_dchb_part_b_primary_census_abstract.pdf,Mandi,,,,,,,,,,,,"VILLAGE PRIMARY
C D Block -",,,,,,,,,,,,,,,,,,,,,,,,,,,,,,,,,,,,,,,,,,,,,,,,,,,,,,,,,,,,,,,,,,,,,,,,,,,,,,,,,,,,,,,,,,,,,,,,,,,,,,,,,,,,,,,,,,,,,,,,,,,,,,,,,,,
,,,157,mandi_mandi_dchb_part_b_primary_census_abstract.pdf,Mandi,,,,,,,,,,,,"Industrial category
Location
code Marginal workers Cultivators Agricultural labourers
number Name of Village Persons Males Females Persons Males Females Persons Males Females",,,,,,,,,,,,,,,,,,,,,,,,,,,,,,,,,,,,,,,,,,,,,,,,,,,,,,,,,,,,,,,,,,,,,,,,,,,,,,,,,,,,,,,,,,,,,,,,,,,,,,,,,,,,,,,,,,,,,,,,,,,,,,,,,,,
,,,157,mandi_mandi_dchb_part_b_primary_census_abstract.pdf,Mandi,,,,,,,,,,,,1 2 41 42 43 44 45 46 47 48 49,,,,,,,,,,,,,,,,,,,,,,,,,,,,,,,,,,,,,,,,,,,,,,,,,,,,,,,,,,,,,,,,,,,,,,,,,,,,,,,,,,,,,,,,,,,,,,,,,,,,,,,,,,,,,,,,,,,,,,,,,,,,,,,,,,,
,,,158,mandi_mandi_dchb_part_b_primary_census_abstract.pdf,Mandi,,,,,,,,,,,,,"CENSUS ABSTRACT
Dharmpur",,,,,,,,,,,,,,,,,,,,,,,,,,,,,,,,,,,,,,,,,,,,,,,,,,,,,,,,,,,,,,,,,,,,,,,,,,,,,,,,,,,,,,,,,,,,,,,,,,,,,,,,,,,,,,,,,,,,,,,,,,,,,,,,,,
,,,158,mandi_mandi_dchb_part_b_primary_census_abstract.pdf,Mandi,,,,,,,,,,,,,"of marginal workers
Location
Household industry workers Other workers Non-workers code
Persons Males Females Persons Males Females Persons Males Females Name of Village number",,,,,,,,,,,,,,,,,,,,,,,,,,,,,,,,,,,,,,,,,,,,,,,,,,,,,,,,,,,,,,,,,,,,,,,,,,,,,,,,,,,,,,,,,,,,,,,,,,,,,,,,,,,,,,,,,,,,,,,,,,,,,,,,,,
,,,158,mandi_mandi_dchb_part_b_primary_census_abstract.pdf,Mandi,,,,,,,,,,,,,50 51 52 53 54 55 56 57 58 2 1,,,,,,,,,,,,,,,,,,,,,,,,,,,,,,,,,,,,,,,,,,,,,,,,,,,,,,,,,,,,,,,,,,,,,,,,,,,,,,,,,,,,,,,,,,,,,,,,,,,,,,,,,,,,,,,,,,,,,,,,,,,,,,,,,,
,,,159,mandi_mandi_dchb_part_b_primary_census_abstract.pdf,Mandi,,,,,,,,,,,,"VILLAGE PRIMARY
C D Block -",,,,,,,,,,,,,,,,,,,,,,,,,,,,,,,,,,,,,,,,,,,,,,,,,,,,,,,,,,,,,,,,,,,,,,,,,,,,,,,,,,,,,,,,,,,,,,,,,,,,,,,,,,,,,,,,,,,,,,,,,,,,,,,,,,,
,,,159,mandi_mandi_dchb_part_b_primary_census_abstract.pdf,Mandi,,,,,,,,,,,,"Location Area of Total population (including institutional
code Village in Number of and houseless population) Population in the age-group 0-6
number Name of Village hectares households Persons Males Females Persons Males Females",,,,,,,,,,,,,,,,,,,,,,,,,,,,,,,,,,,,,,,,,,,,,,,,,,,,,,,,,,,,,,,,,,,,,,,,,,,,,,,,,,,,,,,,,,,,,,,,,,,,,,,,,,,,,,,,,,,,,,,,,,,,,,,,,,,
,,,159,mandi_mandi_dchb_part_b_primary_census_abstract.pdf,Mandi,,,,,,,,,,,,1 2 3 4 5 6 7 8 9 10,,,,,,,,,,,,,,,,,,,,,,,,,,,,,,,,,,,,,,,,,,,,,,,,,,,,,,,,,,,,,,,,,,,,,,,,,,,,,,,,,,,,,,,,,,,,,,,,,,,,,,,,,,,,,,,,,,,,,,,,,,,,,,,,,,,
,,,160,mandi_mandi_dchb_part_b_primary_census_abstract.pdf,Mandi,,,,,,,,,,,,,"CENSUS ABSTRACT
Dharmpur",,,,,,,,,,,,,,,,,,,,,,,,,,,,,,,,,,,,,,,,,,,,,,,,,,,,,,,,,,,,,,,,,,,,,,,,,,,,,,,,,,,,,,,,,,,,,,,,,,,,,,,,,,,,,,,,,,,,,,,,,,,,,,,,,,
,,,160,mandi_mandi_dchb_part_b_primary_census_abstract.pdf,Mandi,,,,,,,,,,,,,"Scheduled Castes population Scheduled Tribes population Literates
Persons Males Females Persons Males Females Persons Males Females Name of Village",,,,,,,,,,,,,,,,,,,,,,,,,,,,,,,,,,,,,,,,,,,,,,,,,,,,,,,,,,,,,,,,,,,,,,,,,,,,,,,,,,,,,,,,,,,,,,,,,,,,,,,,,,,,,,,,,,,,,,,,,,,,,,,,,,
,,,160,mandi_mandi_dchb_part_b_primary_census_abstract.pdf,Mandi,,,,,,,,,,,,,11 12 13 14 15 16 17 18 19 2,,,,,,,,,,,,,,,,,,,,,,,,,,,,,,,,,,,,,,,,,,,,,,,,,,,,,,,,,,,,,,,,,,,,,,,,,,,,,,,,,,,,,,,,,,,,,,,,,,,,,,,,,,,,,,,,,,,,,,,,,,,,,,,,,,
,,,161,mandi_mandi_dchb_part_b_primary_census_abstract.pdf,Mandi,,,,,,,,,,,,"VILLAGE PRIMARY
C D Block -",,,,,,,,,,,,,,,,,,,,,,,,,,,,,,,,,,,,,,,,,,,,,,,,,,,,,,,,,,,,,,,,,,,,,,,,,,,,,,,,,,,,,,,,,,,,,,,,,,,,,,,,,,,,,,,,,,,,,,,,,,,,,,,,,,,
,,,161,mandi_mandi_dchb_part_b_primary_census_abstract.pdf,Mandi,,,,,,,,,,,,"Location
code Illiterates Total workers Main workers
number Name of Village Persons Males Females Persons Males Females Persons Males Females",,,,,,,,,,,,,,,,,,,,,,,,,,,,,,,,,,,,,,,,,,,,,,,,,,,,,,,,,,,,,,,,,,,,,,,,,,,,,,,,,,,,,,,,,,,,,,,,,,,,,,,,,,,,,,,,,,,,,,,,,,,,,,,,,,,
,,,161,mandi_mandi_dchb_part_b_primary_census_abstract.pdf,Mandi,,,,,,,,,,,,1 2 20 21 22 23 24 25 26 27 28,,,,,,,,,,,,,,,,,,,,,,,,,,,,,,,,,,,,,,,,,,,,,,,,,,,,,,,,,,,,,,,,,,,,,,,,,,,,,,,,,,,,,,,,,,,,,,,,,,,,,,,,,,,,,,,,,,,,,,,,,,,,,,,,,,,
,,,162,mandi_mandi_dchb_part_b_primary_census_abstract.pdf,Mandi,,,,,,,,,,,,,"CENSUS ABSTRACT
Dharmpur",,,,,,,,,,,,,,,,,,,,,,,,,,,,,,,,,,,,,,,,,,,,,,,,,,,,,,,,,,,,,,,,,,,,,,,,,,,,,,,,,,,,,,,,,,,,,,,,,,,,,,,,,,,,,,,,,,,,,,,,,,,,,,,,,,
,,,162,mandi_mandi_dchb_part_b_primary_census_abstract.pdf,Mandi,,,,,,,,,,,,,"Industrial category of main workers
Household industry
Cultivators Agricultural labourers workers Other workers
Persons Males Females Persons Males Females Persons MalesFemales Persons Males Females Name of Village",,,,,,,,,,,,,,,,,,,,,,,,,,,,,,,,,,,,,,,,,,,,,,,,,,,,,,,,,,,,,,,,,,,,,,,,,,,,,,,,,,,,,,,,,,,,,,,,,,,,,,,,,,,,,,,,,,,,,,,,,,,,,,,,,,
,,,162,mandi_mandi_dchb_part_b_primary_census_abstract.pdf,Mandi,,,,,,,,,,,,,29 30 31 32 33 34 35 36 37 38 39 40 2,,,,,,,,,,,,,,,,,,,,,,,,,,,,,,,,,,,,,,,,,,,,,,,,,,,,,,,,,,,,,,,,,,,,,,,,,,,,,,,,,,,,,,,,,,,,,,,,,,,,,,,,,,,,,,,,,,,,,,,,,,,,,,,,,,
,,,163,mandi_mandi_dchb_part_b_primary_census_abstract.pdf,Mandi,,,,,,,,,,,,"VILLAGE PRIMARY
C D Block -",,,,,,,,,,,,,,,,,,,,,,,,,,,,,,,,,,,,,,,,,,,,,,,,,,,,,,,,,,,,,,,,,,,,,,,,,,,,,,,,,,,,,,,,,,,,,,,,,,,,,,,,,,,,,,,,,,,,,,,,,,,,,,,,,,,
,,,163,mandi_mandi_dchb_part_b_primary_census_abstract.pdf,Mandi,,,,,,,,,,,,"Industrial category
Location
code Marginal workers Cultivators Agricultural labourers
number Name of Village Persons Males Females Persons Males Females Persons Males Females",,,,,,,,,,,,,,,,,,,,,,,,,,,,,,,,,,,,,,,,,,,,,,,,,,,,,,,,,,,,,,,,,,,,,,,,,,,,,,,,,,,,,,,,,,,,,,,,,,,,,,,,,,,,,,,,,,,,,,,,,,,,,,,,,,,
,,,163,mandi_mandi_dchb_part_b_primary_census_abstract.pdf,Mandi,,,,,,,,,,,,1 2 41 42 43 44 45 46 47 48 49,,,,,,,,,,,,,,,,,,,,,,,,,,,,,,,,,,,,,,,,,,,,,,,,,,,,,,,,,,,,,,,,,,,,,,,,,,,,,,,,,,,,,,,,,,,,,,,,,,,,,,,,,,,,,,,,,,,,,,,,,,,,,,,,,,,
,,,164,mandi_mandi_dchb_part_b_primary_census_abstract.pdf,Mandi,,,,,,,,,,,,,"CENSUS ABSTRACT
Dharmpur",,,,,,,,,,,,,,,,,,,,,,,,,,,,,,,,,,,,,,,,,,,,,,,,,,,,,,,,,,,,,,,,,,,,,,,,,,,,,,,,,,,,,,,,,,,,,,,,,,,,,,,,,,,,,,,,,,,,,,,,,,,,,,,,,,
,,,164,mandi_mandi_dchb_part_b_primary_census_abstract.pdf,Mandi,,,,,,,,,,,,,"of marginal workers
Location
Household industry workers Other workers Non-workers code
Persons Males Females Persons Males Females Persons Males Females Name of Village number",,,,,,,,,,,,,,,,,,,,,,,,,,,,,,,,,,,,,,,,,,,,,,,,,,,,,,,,,,,,,,,,,,,,,,,,,,,,,,,,,,,,,,,,,,,,,,,,,,,,,,,,,,,,,,,,,,,,,,,,,,,,,,,,,,
,,,164,mandi_mandi_dchb_part_b_primary_census_abstract.pdf,Mandi,,,,,,,,,,,,,50 51 52 53 54 55 56 57 58 2 1,,,,,,,,,,,,,,,,,,,,,,,,,,,,,,,,,,,,,,,,,,,,,,,,,,,,,,,,,,,,,,,,,,,,,,,,,,,,,,,,,,,,,,,,,,,,,,,,,,,,,,,,,,,,,,,,,,,,,,,,,,,,,,,,,,
,,,165,mandi_mandi_dchb_part_b_primary_census_abstract.pdf,Mandi,,,,,,,,,,,,"VILLAGE PRIMARY
C D Block -",,,,,,,,,,,,,,,,,,,,,,,,,,,,,,,,,,,,,,,,,,,,,,,,,,,,,,,,,,,,,,,,,,,,,,,,,,,,,,,,,,,,,,,,,,,,,,,,,,,,,,,,,,,,,,,,,,,,,,,,,,,,,,,,,,,
,,,165,mandi_mandi_dchb_part_b_primary_census_abstract.pdf,Mandi,,,,,,,,,,,,"Location Area of Total population (including institutional
code Village in Number of and houseless population) Population in the age-group 0-6
number Name of Village hectares households Persons Males Females Persons Males Females",,,,,,,,,,,,,,,,,,,,,,,,,,,,,,,,,,,,,,,,,,,,,,,,,,,,,,,,,,,,,,,,,,,,,,,,,,,,,,,,,,,,,,,,,,,,,,,,,,,,,,,,,,,,,,,,,,,,,,,,,,,,,,,,,,,
,,,165,mandi_mandi_dchb_part_b_primary_census_abstract.pdf,Mandi,,,,,,,,,,,,1 2 3 4 5 6 7 8 9 10,,,,,,,,,,,,,,,,,,,,,,,,,,,,,,,,,,,,,,,,,,,,,,,,,,,,,,,,,,,,,,,,,,,,,,,,,,,,,,,,,,,,,,,,,,,,,,,,,,,,,,,,,,,,,,,,,,,,,,,,,,,,,,,,,,,
,,,166,mandi_mandi_dchb_part_b_primary_census_abstract.pdf,Mandi,,,,,,,,,,,,,"CENSUS ABSTRACT
Gopalpur",,,,,,,,,,,,,,,,,,,,,,,,,,,,,,,,,,,,,,,,,,,,,,,,,,,,,,,,,,,,,,,,,,,,,,,,,,,,,,,,,,,,,,,,,,,,,,,,,,,,,,,,,,,,,,,,,,,,,,,,,,,,,,,,,,
,,,166,mandi_mandi_dchb_part_b_primary_census_abstract.pdf,Mandi,,,,,,,,,,,,,"Scheduled Castes population Scheduled Tribes population Literates
Persons Males Females Persons Males Females Persons Males Females Name of Village",,,,,,,,,,,,,,,,,,,,,,,,,,,,,,,,,,,,,,,,,,,,,,,,,,,,,,,,,,,,,,,,,,,,,,,,,,,,,,,,,,,,,,,,,,,,,,,,,,,,,,,,,,,,,,,,,,,,,,,,,,,,,,,,,,
,,,166,mandi_mandi_dchb_part_b_primary_census_abstract.pdf,Mandi,,,,,,,,,,,,,11 12 13 14 15 16 17 18 19 2,,,,,,,,,,,,,,,,,,,,,,,,,,,,,,,,,,,,,,,,,,,,,,,,,,,,,,,,,,,,,,,,,,,,,,,,,,,,,,,,,,,,,,,,,,,,,,,,,,,,,,,,,,,,,,,,,,,,,,,,,,,,,,,,,,
,,,167,mandi_mandi_dchb_part_b_primary_census_abstract.pdf,Mandi,,,,,,,,,,,,"VILLAGE PRIMARY
C D Block -",,,,,,,,,,,,,,,,,,,,,,,,,,,,,,,,,,,,,,,,,,,,,,,,,,,,,,,,,,,,,,,,,,,,,,,,,,,,,,,,,,,,,,,,,,,,,,,,,,,,,,,,,,,,,,,,,,,,,,,,,,,,,,,,,,,
,,,167,mandi_mandi_dchb_part_b_primary_census_abstract.pdf,Mandi,,,,,,,,,,,,"Location
code Illiterates Total workers Main workers
number Name of Village Persons Males Females Persons Males Females Persons Males Females",,,,,,,,,,,,,,,,,,,,,,,,,,,,,,,,,,,,,,,,,,,,,,,,,,,,,,,,,,,,,,,,,,,,,,,,,,,,,,,,,,,,,,,,,,,,,,,,,,,,,,,,,,,,,,,,,,,,,,,,,,,,,,,,,,,
,,,167,mandi_mandi_dchb_part_b_primary_census_abstract.pdf,Mandi,,,,,,,,,,,,1 2 20 21 22 23 24 25 26 27 28,,,,,,,,,,,,,,,,,,,,,,,,,,,,,,,,,,,,,,,,,,,,,,,,,,,,,,,,,,,,,,,,,,,,,,,,,,,,,,,,,,,,,,,,,,,,,,,,,,,,,,,,,,,,,,,,,,,,,,,,,,,,,,,,,,,
,,,168,mandi_mandi_dchb_part_b_primary_census_abstract.pdf,Mandi,,,,,,,,,,,,,"CENSUS ABSTRACT
Gopalpur",,,,,,,,,,,,,,,,,,,,,,,,,,,,,,,,,,,,,,,,,,,,,,,,,,,,,,,,,,,,,,,,,,,,,,,,,,,,,,,,,,,,,,,,,,,,,,,,,,,,,,,,,,,,,,,,,,,,,,,,,,,,,,,,,,
,,,168,mandi_mandi_dchb_part_b_primary_census_abstract.pdf,Mandi,,,,,,,,,,,,,"Industrial category of main workers
Household industry
Cultivators Agricultural labourers workers Other workers
Persons Males Females Persons Males Females Persons MalesFemales Persons Males Females Name of Village",,,,,,,,,,,,,,,,,,,,,,,,,,,,,,,,,,,,,,,,,,,,,,,,,,,,,,,,,,,,,,,,,,,,,,,,,,,,,,,,,,,,,,,,,,,,,,,,,,,,,,,,,,,,,,,,,,,,,,,,,,,,,,,,,,
,,,168,mandi_mandi_dchb_part_b_primary_census_abstract.pdf,Mandi,,,,,,,,,,,,,29 30 31 32 33 34 35 36 37 38 39 40 2,,,,,,,,,,,,,,,,,,,,,,,,,,,,,,,,,,,,,,,,,,,,,,,,,,,,,,,,,,,,,,,,,,,,,,,,,,,,,,,,,,,,,,,,,,,,,,,,,,,,,,,,,,,,,,,,,,,,,,,,,,,,,,,,,,
,,,169,mandi_mandi_dchb_part_b_primary_census_abstract.pdf,Mandi,,,,,,,,,,,,"VILLAGE PRIMARY
C D Block -",,,,,,,,,,,,,,,,,,,,,,,,,,,,,,,,,,,,,,,,,,,,,,,,,,,,,,,,,,,,,,,,,,,,,,,,,,,,,,,,,,,,,,,,,,,,,,,,,,,,,,,,,,,,,,,,,,,,,,,,,,,,,,,,,,,
,,,169,mandi_mandi_dchb_part_b_primary_census_abstract.pdf,Mandi,,,,,,,,,,,,"Industrial category
Location
code Marginal workers Cultivators Agricultural labourers
number Name of Village Persons Males Females Persons Males Females Persons Males Females",,,,,,,,,,,,,,,,,,,,,,,,,,,,,,,,,,,,,,,,,,,,,,,,,,,,,,,,,,,,,,,,,,,,,,,,,,,,,,,,,,,,,,,,,,,,,,,,,,,,,,,,,,,,,,,,,,,,,,,,,,,,,,,,,,,
,,,169,mandi_mandi_dchb_part_b_primary_census_abstract.pdf,Mandi,,,,,,,,,,,,1 2 41 42 43 44 45 46 47 48 49,,,,,,,,,,,,,,,,,,,,,,,,,,,,,,,,,,,,,,,,,,,,,,,,,,,,,,,,,,,,,,,,,,,,,,,,,,,,,,,,,,,,,,,,,,,,,,,,,,,,,,,,,,,,,,,,,,,,,,,,,,,,,,,,,,,
,,,170,mandi_mandi_dchb_part_b_primary_census_abstract.pdf,Mandi,,,,,,,,,,,,,"CENSUS ABSTRACT
Gopalpur",,,,,,,,,,,,,,,,,,,,,,,,,,,,,,,,,,,,,,,,,,,,,,,,,,,,,,,,,,,,,,,,,,,,,,,,,,,,,,,,,,,,,,,,,,,,,,,,,,,,,,,,,,,,,,,,,,,,,,,,,,,,,,,,,,
,,,170,mandi_mandi_dchb_part_b_primary_census_abstract.pdf,Mandi,,,,,,,,,,,,,"of marginal workers
Location
Household industry workers Other workers Non-workers code
Persons Males Females Persons Males Females Persons Males Females Name of Village number",,,,,,,,,,,,,,,,,,,,,,,,,,,,,,,,,,,,,,,,,,,,,,,,,,,,,,,,,,,,,,,,,,,,,,,,,,,,,,,,,,,,,,,,,,,,,,,,,,,,,,,,,,,,,,,,,,,,,,,,,,,,,,,,,,
,,,170,mandi_mandi_dchb_part_b_primary_census_abstract.pdf,Mandi,,,,,,,,,,,,,50 51 52 53 54 55 56 57 58 2 1,,,,,,,,,,,,,,,,,,,,,,,,,,,,,,,,,,,,,,,,,,,,,,,,,,,,,,,,,,,,,,,,,,,,,,,,,,,,,,,,,,,,,,,,,,,,,,,,,,,,,,,,,,,,,,,,,,,,,,,,,,,,,,,,,,
,,,171,mandi_mandi_dchb_part_b_primary_census_abstract.pdf,Mandi,,,,,,,,,,,,"VILLAGE PRIMARY
C D Block -",,,,,,,,,,,,,,,,,,,,,,,,,,,,,,,,,,,,,,,,,,,,,,,,,,,,,,,,,,,,,,,,,,,,,,,,,,,,,,,,,,,,,,,,,,,,,,,,,,,,,,,,,,,,,,,,,,,,,,,,,,,,,,,,,,,
,,,171,mandi_mandi_dchb_part_b_primary_census_abstract.pdf,Mandi,,,,,,,,,,,,"Location Area of Total population (including institutional
code Village in Number of and houseless population) Population in the age-group 0-6
number Name of Village hectares households Persons Males Females Persons Males Females",,,,,,,,,,,,,,,,,,,,,,,,,,,,,,,,,,,,,,,,,,,,,,,,,,,,,,,,,,,,,,,,,,,,,,,,,,,,,,,,,,,,,,,,,,,,,,,,,,,,,,,,,,,,,,,,,,,,,,,,,,,,,,,,,,,
,,,171,mandi_mandi_dchb_part_b_primary_census_abstract.pdf,Mandi,,,,,,,,,,,,1 2 3 4 5 6 7 8 9 10,,,,,,,,,,,,,,,,,,,,,,,,,,,,,,,,,,,,,,,,,,,,,,,,,,,,,,,,,,,,,,,,,,,,,,,,,,,,,,,,,,,,,,,,,,,,,,,,,,,,,,,,,,,,,,,,,,,,,,,,,,,,,,,,,,,
,,,172,mandi_mandi_dchb_part_b_primary_census_abstract.pdf,Mandi,,,,,,,,,,,,,"CENSUS ABSTRACT
Gopalpur",,,,,,,,,,,,,,,,,,,,,,,,,,,,,,,,,,,,,,,,,,,,,,,,,,,,,,,,,,,,,,,,,,,,,,,,,,,,,,,,,,,,,,,,,,,,,,,,,,,,,,,,,,,,,,,,,,,,,,,,,,,,,,,,,,
,,,172,mandi_mandi_dchb_part_b_primary_census_abstract.pdf,Mandi,,,,,,,,,,,,,"Scheduled Castes population Scheduled Tribes population Literates
Persons Males Females Persons Males Females Persons Males Females Name of Village",,,,,,,,,,,,,,,,,,,,,,,,,,,,,,,,,,,,,,,,,,,,,,,,,,,,,,,,,,,,,,,,,,,,,,,,,,,,,,,,,,,,,,,,,,,,,,,,,,,,,,,,,,,,,,,,,,,,,,,,,,,,,,,,,,
,,,172,mandi_mandi_dchb_part_b_primary_census_abstract.pdf,Mandi,,,,,,,,,,,,,11 12 13 14 15 16 17 18 19 2,,,,,,,,,,,,,,,,,,,,,,,,,,,,,,,,,,,,,,,,,,,,,,,,,,,,,,,,,,,,,,,,,,,,,,,,,,,,,,,,,,,,,,,,,,,,,,,,,,,,,,,,,,,,,,,,,,,,,,,,,,,,,,,,,,
,,,173,mandi_mandi_dchb_part_b_primary_census_abstract.pdf,Mandi,,,,,,,,,,,,"VILLAGE PRIMARY
C D Block -",,,,,,,,,,,,,,,,,,,,,,,,,,,,,,,,,,,,,,,,,,,,,,,,,,,,,,,,,,,,,,,,,,,,,,,,,,,,,,,,,,,,,,,,,,,,,,,,,,,,,,,,,,,,,,,,,,,,,,,,,,,,,,,,,,,
,,,173,mandi_mandi_dchb_part_b_primary_census_abstract.pdf,Mandi,,,,,,,,,,,,"Location
code Illiterates Total workers Main workers
number Name of Village Persons Males Females Persons Males Females Persons Males Females",,,,,,,,,,,,,,,,,,,,,,,,,,,,,,,,,,,,,,,,,,,,,,,,,,,,,,,,,,,,,,,,,,,,,,,,,,,,,,,,,,,,,,,,,,,,,,,,,,,,,,,,,,,,,,,,,,,,,,,,,,,,,,,,,,,
,,,173,mandi_mandi_dchb_part_b_primary_census_abstract.pdf,Mandi,,,,,,,,,,,,1 2 20 21 22 23 24 25 26 27 28,,,,,,,,,,,,,,,,,,,,,,,,,,,,,,,,,,,,,,,,,,,,,,,,,,,,,,,,,,,,,,,,,,,,,,,,,,,,,,,,,,,,,,,,,,,,,,,,,,,,,,,,,,,,,,,,,,,,,,,,,,,,,,,,,,,
,,,174,mandi_mandi_dchb_part_b_primary_census_abstract.pdf,Mandi,,,,,,,,,,,,,"CENSUS ABSTRACT
Gopalpur",,,,,,,,,,,,,,,,,,,,,,,,,,,,,,,,,,,,,,,,,,,,,,,,,,,,,,,,,,,,,,,,,,,,,,,,,,,,,,,,,,,,,,,,,,,,,,,,,,,,,,,,,,,,,,,,,,,,,,,,,,,,,,,,,,
,,,174,mandi_mandi_dchb_part_b_primary_census_abstract.pdf,Mandi,,,,,,,,,,,,,"Industrial category of main workers
Household industry
Cultivators Agricultural labourers workers Other workers
Persons Males Females Persons Males Females Persons MalesFemales Persons Males Females Name of Village",,,,,,,,,,,,,,,,,,,,,,,,,,,,,,,,,,,,,,,,,,,,,,,,,,,,,,,,,,,,,,,,,,,,,,,,,,,,,,,,,,,,,,,,,,,,,,,,,,,,,,,,,,,,,,,,,,,,,,,,,,,,,,,,,,
,,,174,mandi_mandi_dchb_part_b_primary_census_abstract.pdf,Mandi,,,,,,,,,,,,,29 30 31 32 33 34 35 36 37 38 39 40 2,,,,,,,,,,,,,,,,,,,,,,,,,,,,,,,,,,,,,,,,,,,,,,,,,,,,,,,,,,,,,,,,,,,,,,,,,,,,,,,,,,,,,,,,,,,,,,,,,,,,,,,,,,,,,,,,,,,,,,,,,,,,,,,,,,
,,,175,mandi_mandi_dchb_part_b_primary_census_abstract.pdf,Mandi,,,,,,,,,,,,"VILLAGE PRIMARY
C D Block -",,,,,,,,,,,,,,,,,,,,,,,,,,,,,,,,,,,,,,,,,,,,,,,,,,,,,,,,,,,,,,,,,,,,,,,,,,,,,,,,,,,,,,,,,,,,,,,,,,,,,,,,,,,,,,,,,,,,,,,,,,,,,,,,,,,
,,,175,mandi_mandi_dchb_part_b_primary_census_abstract.pdf,Mandi,,,,,,,,,,,,"Industrial category
Location
code Marginal workers Cultivators Agricultural labourers
number Name of Village Persons Males Females Persons Males Females Persons Males Females",,,,,,,,,,,,,,,,,,,,,,,,,,,,,,,,,,,,,,,,,,,,,,,,,,,,,,,,,,,,,,,,,,,,,,,,,,,,,,,,,,,,,,,,,,,,,,,,,,,,,,,,,,,,,,,,,,,,,,,,,,,,,,,,,,,
,,,175,mandi_mandi_dchb_part_b_primary_census_abstract.pdf,Mandi,,,,,,,,,,,,1 2 41 42 43 44 45 46 47 48 49,,,,,,,,,,,,,,,,,,,,,,,,,,,,,,,,,,,,,,,,,,,,,,,,,,,,,,,,,,,,,,,,,,,,,,,,,,,,,,,,,,,,,,,,,,,,,,,,,,,,,,,,,,,,,,,,,,,,,,,,,,,,,,,,,,,
,,,176,mandi_mandi_dchb_part_b_primary_census_abstract.pdf,Mandi,,,,,,,,,,,,,"CENSUS ABSTRACT
Gopalpur",,,,,,,,,,,,,,,,,,,,,,,,,,,,,,,,,,,,,,,,,,,,,,,,,,,,,,,,,,,,,,,,,,,,,,,,,,,,,,,,,,,,,,,,,,,,,,,,,,,,,,,,,,,,,,,,,,,,,,,,,,,,,,,,,,
,,,176,mandi_mandi_dchb_part_b_primary_census_abstract.pdf,Mandi,,,,,,,,,,,,,"of marginal workers
Location
Household industry workers Other workers Non-workers code
Persons Males Females Persons Males Females Persons Males Females Name of Village number",,,,,,,,,,,,,,,,,,,,,,,,,,,,,,,,,,,,,,,,,,,,,,,,,,,,,,,,,,,,,,,,,,,,,,,,,,,,,,,,,,,,,,,,,,,,,,,,,,,,,,,,,,,,,,,,,,,,,,,,,,,,,,,,,,
,,,176,mandi_mandi_dchb_part_b_primary_census_abstract.pdf,Mandi,,,,,,,,,,,,,50 51 52 53 54 55 56 57 58 2 1,,,,,,,,,,,,,,,,,,,,,,,,,,,,,,,,,,,,,,,,,,,,,,,,,,,,,,,,,,,,,,,,,,,,,,,,,,,,,,,,,,,,,,,,,,,,,,,,,,,,,,,,,,,,,,,,,,,,,,,,,,,,,,,,,,
,,,177,mandi_mandi_dchb_part_b_primary_census_abstract.pdf,Mandi,,,,,,,,,,,,"VILLAGE PRIMARY
C D Block -",,,,,,,,,,,,,,,,,,,,,,,,,,,,,,,,,,,,,,,,,,,,,,,,,,,,,,,,,,,,,,,,,,,,,,,,,,,,,,,,,,,,,,,,,,,,,,,,,,,,,,,,,,,,,,,,,,,,,,,,,,,,,,,,,,,
,,,177,mandi_mandi_dchb_part_b_primary_census_abstract.pdf,Mandi,,,,,,,,,,,,"Location Area of Total population (including institutional
code Village in Number of and houseless population) Population in the age-group 0-6
number Name of Village hectares households Persons Males Females Persons Males Females",,,,,,,,,,,,,,,,,,,,,,,,,,,,,,,,,,,,,,,,,,,,,,,,,,,,,,,,,,,,,,,,,,,,,,,,,,,,,,,,,,,,,,,,,,,,,,,,,,,,,,,,,,,,,,,,,,,,,,,,,,,,,,,,,,,
,,,177,mandi_mandi_dchb_part_b_primary_census_abstract.pdf,Mandi,,,,,,,,,,,,1 2 3 4 5 6 7 8 9 10,,,,,,,,,,,,,,,,,,,,,,,,,,,,,,,,,,,,,,,,,,,,,,,,,,,,,,,,,,,,,,,,,,,,,,,,,,,,,,,,,,,,,,,,,,,,,,,,,,,,,,,,,,,,,,,,,,,,,,,,,,,,,,,,,,,
,,,178,mandi_mandi_dchb_part_b_primary_census_abstract.pdf,Mandi,,,,,,,,,,,,,"CENSUS ABSTRACT
Gopalpur",,,,,,,,,,,,,,,,,,,,,,,,,,,,,,,,,,,,,,,,,,,,,,,,,,,,,,,,,,,,,,,,,,,,,,,,,,,,,,,,,,,,,,,,,,,,,,,,,,,,,,,,,,,,,,,,,,,,,,,,,,,,,,,,,,
,,,178,mandi_mandi_dchb_part_b_primary_census_abstract.pdf,Mandi,,,,,,,,,,,,,"Scheduled Castes population Scheduled Tribes population Literates
Persons Males Females Persons Males Females Persons Males Females Name of Village",,,,,,,,,,,,,,,,,,,,,,,,,,,,,,,,,,,,,,,,,,,,,,,,,,,,,,,,,,,,,,,,,,,,,,,,,,,,,,,,,,,,,,,,,,,,,,,,,,,,,,,,,,,,,,,,,,,,,,,,,,,,,,,,,,
,,,178,mandi_mandi_dchb_part_b_primary_census_abstract.pdf,Mandi,,,,,,,,,,,,,11 12 13 14 15 16 17 18 19 2,,,,,,,,,,,,,,,,,,,,,,,,,,,,,,,,,,,,,,,,,,,,,,,,,,,,,,,,,,,,,,,,,,,,,,,,,,,,,,,,,,,,,,,,,,,,,,,,,,,,,,,,,,,,,,,,,,,,,,,,,,,,,,,,,,
,,,179,mandi_mandi_dchb_part_b_primary_census_abstract.pdf,Mandi,,,,,,,,,,,,"VILLAGE PRIMARY
C D Block -",,,,,,,,,,,,,,,,,,,,,,,,,,,,,,,,,,,,,,,,,,,,,,,,,,,,,,,,,,,,,,,,,,,,,,,,,,,,,,,,,,,,,,,,,,,,,,,,,,,,,,,,,,,,,,,,,,,,,,,,,,,,,,,,,,,
,,,179,mandi_mandi_dchb_part_b_primary_census_abstract.pdf,Mandi,,,,,,,,,,,,"Location
code Illiterates Total workers Main workers
number Name of Village Persons Males Females Persons Males Females Persons Males Females",,,,,,,,,,,,,,,,,,,,,,,,,,,,,,,,,,,,,,,,,,,,,,,,,,,,,,,,,,,,,,,,,,,,,,,,,,,,,,,,,,,,,,,,,,,,,,,,,,,,,,,,,,,,,,,,,,,,,,,,,,,,,,,,,,,
,,,179,mandi_mandi_dchb_part_b_primary_census_abstract.pdf,Mandi,,,,,,,,,,,,1 2 20 21 22 23 24 25 26 27 28,,,,,,,,,,,,,,,,,,,,,,,,,,,,,,,,,,,,,,,,,,,,,,,,,,,,,,,,,,,,,,,,,,,,,,,,,,,,,,,,,,,,,,,,,,,,,,,,,,,,,,,,,,,,,,,,,,,,,,,,,,,,,,,,,,,
,,,180,mandi_mandi_dchb_part_b_primary_census_abstract.pdf,Mandi,,,,,,,,,,,,,"CENSUS ABSTRACT
Gopalpur",,,,,,,,,,,,,,,,,,,,,,,,,,,,,,,,,,,,,,,,,,,,,,,,,,,,,,,,,,,,,,,,,,,,,,,,,,,,,,,,,,,,,,,,,,,,,,,,,,,,,,,,,,,,,,,,,,,,,,,,,,,,,,,,,,
,,,180,mandi_mandi_dchb_part_b_primary_census_abstract.pdf,Mandi,,,,,,,,,,,,,"Industrial category of main workers
Household industry
Cultivators Agricultural labourers workers Other workers
Persons Males Females Persons Males Females Persons MalesFemales Persons Males Females Name of Village",,,,,,,,,,,,,,,,,,,,,,,,,,,,,,,,,,,,,,,,,,,,,,,,,,,,,,,,,,,,,,,,,,,,,,,,,,,,,,,,,,,,,,,,,,,,,,,,,,,,,,,,,,,,,,,,,,,,,,,,,,,,,,,,,,
,,,180,mandi_mandi_dchb_part_b_primary_census_abstract.pdf,Mandi,,,,,,,,,,,,,29 30 31 32 33 34 35 36 37 38 39 40 2,,,,,,,,,,,,,,,,,,,,,,,,,,,,,,,,,,,,,,,,,,,,,,,,,,,,,,,,,,,,,,,,,,,,,,,,,,,,,,,,,,,,,,,,,,,,,,,,,,,,,,,,,,,,,,,,,,,,,,,,,,,,,,,,,,
,,,181,mandi_mandi_dchb_part_b_primary_census_abstract.pdf,Mandi,,,,,,,,,,,,"VILLAGE PRIMARY
C D Block -",,,,,,,,,,,,,,,,,,,,,,,,,,,,,,,,,,,,,,,,,,,,,,,,,,,,,,,,,,,,,,,,,,,,,,,,,,,,,,,,,,,,,,,,,,,,,,,,,,,,,,,,,,,,,,,,,,,,,,,,,,,,,,,,,,,
,,,181,mandi_mandi_dchb_part_b_primary_census_abstract.pdf,Mandi,,,,,,,,,,,,"Industrial category
Location
code Marginal workers Cultivators Agricultural labourers
number Name of Village Persons Males Females Persons Males Females Persons Males Females",,,,,,,,,,,,,,,,,,,,,,,,,,,,,,,,,,,,,,,,,,,,,,,,,,,,,,,,,,,,,,,,,,,,,,,,,,,,,,,,,,,,,,,,,,,,,,,,,,,,,,,,,,,,,,,,,,,,,,,,,,,,,,,,,,,
,,,181,mandi_mandi_dchb_part_b_primary_census_abstract.pdf,Mandi,,,,,,,,,,,,1 2 41 42 43 44 45 46 47 48 49,,,,,,,,,,,,,,,,,,,,,,,,,,,,,,,,,,,,,,,,,,,,,,,,,,,,,,,,,,,,,,,,,,,,,,,,,,,,,,,,,,,,,,,,,,,,,,,,,,,,,,,,,,,,,,,,,,,,,,,,,,,,,,,,,,,
,,,182,mandi_mandi_dchb_part_b_primary_census_abstract.pdf,Mandi,,,,,,,,,,,,,"CENSUS ABSTRACT
Gopalpur",,,,,,,,,,,,,,,,,,,,,,,,,,,,,,,,,,,,,,,,,,,,,,,,,,,,,,,,,,,,,,,,,,,,,,,,,,,,,,,,,,,,,,,,,,,,,,,,,,,,,,,,,,,,,,,,,,,,,,,,,,,,,,,,,,
,,,182,mandi_mandi_dchb_part_b_primary_census_abstract.pdf,Mandi,,,,,,,,,,,,,"of marginal workers
Location
Household industry workers Other workers Non-workers code
Persons Males Females Persons Males Females Persons Males Females Name of Village number",,,,,,,,,,,,,,,,,,,,,,,,,,,,,,,,,,,,,,,,,,,,,,,,,,,,,,,,,,,,,,,,,,,,,,,,,,,,,,,,,,,,,,,,,,,,,,,,,,,,,,,,,,,,,,,,,,,,,,,,,,,,,,,,,,
,,,182,mandi_mandi_dchb_part_b_primary_census_abstract.pdf,Mandi,,,,,,,,,,,,,50 51 52 53 54 55 56 57 58 2 1,,,,,,,,,,,,,,,,,,,,,,,,,,,,,,,,,,,,,,,,,,,,,,,,,,,,,,,,,,,,,,,,,,,,,,,,,,,,,,,,,,,,,,,,,,,,,,,,,,,,,,,,,,,,,,,,,,,,,,,,,,,,,,,,,,
,,,183,mandi_mandi_dchb_part_b_primary_census_abstract.pdf,Mandi,,,,,,,,,,,,"VILLAGE PRIMARY
C D Block -",,,,,,,,,,,,,,,,,,,,,,,,,,,,,,,,,,,,,,,,,,,,,,,,,,,,,,,,,,,,,,,,,,,,,,,,,,,,,,,,,,,,,,,,,,,,,,,,,,,,,,,,,,,,,,,,,,,,,,,,,,,,,,,,,,,
,,,183,mandi_mandi_dchb_part_b_primary_census_abstract.pdf,Mandi,,,,,,,,,,,,"Location Area of Total population (including institutional
code Village in Number of and houseless population) Population in the age-group 0-6
number Name of Village hectares households Persons Males Females Persons Males Females",,,,,,,,,,,,,,,,,,,,,,,,,,,,,,,,,,,,,,,,,,,,,,,,,,,,,,,,,,,,,,,,,,,,,,,,,,,,,,,,,,,,,,,,,,,,,,,,,,,,,,,,,,,,,,,,,,,,,,,,,,,,,,,,,,,
,,,183,mandi_mandi_dchb_part_b_primary_census_abstract.pdf,Mandi,,,,,,,,,,,,1 2 3 4 5 6 7 8 9 10,,,,,,,,,,,,,,,,,,,,,,,,,,,,,,,,,,,,,,,,,,,,,,,,,,,,,,,,,,,,,,,,,,,,,,,,,,,,,,,,,,,,,,,,,,,,,,,,,,,,,,,,,,,,,,,,,,,,,,,,,,,,,,,,,,,
,,,184,mandi_mandi_dchb_part_b_primary_census_abstract.pdf,Mandi,,,,,,,,,,,,,"CENSUS ABSTRACT
Gopalpur",,,,,,,,,,,,,,,,,,,,,,,,,,,,,,,,,,,,,,,,,,,,,,,,,,,,,,,,,,,,,,,,,,,,,,,,,,,,,,,,,,,,,,,,,,,,,,,,,,,,,,,,,,,,,,,,,,,,,,,,,,,,,,,,,,
,,,184,mandi_mandi_dchb_part_b_primary_census_abstract.pdf,Mandi,,,,,,,,,,,,,"Scheduled Castes population Scheduled Tribes population Literates
Persons Males Females Persons Males Females Persons Males Females Name of Village",,,,,,,,,,,,,,,,,,,,,,,,,,,,,,,,,,,,,,,,,,,,,,,,,,,,,,,,,,,,,,,,,,,,,,,,,,,,,,,,,,,,,,,,,,,,,,,,,,,,,,,,,,,,,,,,,,,,,,,,,,,,,,,,,,
,,,184,mandi_mandi_dchb_part_b_primary_census_abstract.pdf,Mandi,,,,,,,,,,,,,11 12 13 14 15 16 17 18 19 2,,,,,,,,,,,,,,,,,,,,,,,,,,,,,,,,,,,,,,,,,,,,,,,,,,,,,,,,,,,,,,,,,,,,,,,,,,,,,,,,,,,,,,,,,,,,,,,,,,,,,,,,,,,,,,,,,,,,,,,,,,,,,,,,,,
,,,185,mandi_mandi_dchb_part_b_primary_census_abstract.pdf,Mandi,,,,,,,,,,,,"VILLAGE PRIMARY
C D Block -",,,,,,,,,,,,,,,,,,,,,,,,,,,,,,,,,,,,,,,,,,,,,,,,,,,,,,,,,,,,,,,,,,,,,,,,,,,,,,,,,,,,,,,,,,,,,,,,,,,,,,,,,,,,,,,,,,,,,,,,,,,,,,,,,,,
,,,185,mandi_mandi_dchb_part_b_primary_census_abstract.pdf,Mandi,,,,,,,,,,,,"Location
code Illiterates Total workers Main workers
number Name of Village Persons Males Females Persons Males Females Persons Males Females",,,,,,,,,,,,,,,,,,,,,,,,,,,,,,,,,,,,,,,,,,,,,,,,,,,,,,,,,,,,,,,,,,,,,,,,,,,,,,,,,,,,,,,,,,,,,,,,,,,,,,,,,,,,,,,,,,,,,,,,,,,,,,,,,,,
,,,185,mandi_mandi_dchb_part_b_primary_census_abstract.pdf,Mandi,,,,,,,,,,,,1 2 20 21 22 23 24 25 26 27 28,,,,,,,,,,,,,,,,,,,,,,,,,,,,,,,,,,,,,,,,,,,,,,,,,,,,,,,,,,,,,,,,,,,,,,,,,,,,,,,,,,,,,,,,,,,,,,,,,,,,,,,,,,,,,,,,,,,,,,,,,,,,,,,,,,,
,,,186,mandi_mandi_dchb_part_b_primary_census_abstract.pdf,Mandi,,,,,,,,,,,,,"CENSUS ABSTRACT
Gopalpur",,,,,,,,,,,,,,,,,,,,,,,,,,,,,,,,,,,,,,,,,,,,,,,,,,,,,,,,,,,,,,,,,,,,,,,,,,,,,,,,,,,,,,,,,,,,,,,,,,,,,,,,,,,,,,,,,,,,,,,,,,,,,,,,,,
,,,186,mandi_mandi_dchb_part_b_primary_census_abstract.pdf,Mandi,,,,,,,,,,,,,"Industrial category of main workers
Household industry
Cultivators Agricultural labourers workers Other workers
Persons Males Females Persons Males Females Persons MalesFemales Persons Males Females Name of Village",,,,,,,,,,,,,,,,,,,,,,,,,,,,,,,,,,,,,,,,,,,,,,,,,,,,,,,,,,,,,,,,,,,,,,,,,,,,,,,,,,,,,,,,,,,,,,,,,,,,,,,,,,,,,,,,,,,,,,,,,,,,,,,,,,
,,,186,mandi_mandi_dchb_part_b_primary_census_abstract.pdf,Mandi,,,,,,,,,,,,,29 30 31 32 33 34 35 36 37 38 39 40 2,,,,,,,,,,,,,,,,,,,,,,,,,,,,,,,,,,,,,,,,,,,,,,,,,,,,,,,,,,,,,,,,,,,,,,,,,,,,,,,,,,,,,,,,,,,,,,,,,,,,,,,,,,,,,,,,,,,,,,,,,,,,,,,,,,
,,,187,mandi_mandi_dchb_part_b_primary_census_abstract.pdf,Mandi,,,,,,,,,,,,"VILLAGE PRIMARY
C D Block -",,,,,,,,,,,,,,,,,,,,,,,,,,,,,,,,,,,,,,,,,,,,,,,,,,,,,,,,,,,,,,,,,,,,,,,,,,,,,,,,,,,,,,,,,,,,,,,,,,,,,,,,,,,,,,,,,,,,,,,,,,,,,,,,,,,
,,,187,mandi_mandi_dchb_part_b_primary_census_abstract.pdf,Mandi,,,,,,,,,,,,"Industrial category
Location
code Marginal workers Cultivators Agricultural labourers
number Name of Village Persons Males Females Persons Males Females Persons Males Females",,,,,,,,,,,,,,,,,,,,,,,,,,,,,,,,,,,,,,,,,,,,,,,,,,,,,,,,,,,,,,,,,,,,,,,,,,,,,,,,,,,,,,,,,,,,,,,,,,,,,,,,,,,,,,,,,,,,,,,,,,,,,,,,,,,
,,,187,mandi_mandi_dchb_part_b_primary_census_abstract.pdf,Mandi,,,,,,,,,,,,1 2 41 42 43 44 45 46 47 48 49,,,,,,,,,,,,,,,,,,,,,,,,,,,,,,,,,,,,,,,,,,,,,,,,,,,,,,,,,,,,,,,,,,,,,,,,,,,,,,,,,,,,,,,,,,,,,,,,,,,,,,,,,,,,,,,,,,,,,,,,,,,,,,,,,,,
,,,188,mandi_mandi_dchb_part_b_primary_census_abstract.pdf,Mandi,,,,,,,,,,,,,"CENSUS ABSTRACT
Gopalpur",,,,,,,,,,,,,,,,,,,,,,,,,,,,,,,,,,,,,,,,,,,,,,,,,,,,,,,,,,,,,,,,,,,,,,,,,,,,,,,,,,,,,,,,,,,,,,,,,,,,,,,,,,,,,,,,,,,,,,,,,,,,,,,,,,
,,,188,mandi_mandi_dchb_part_b_primary_census_abstract.pdf,Mandi,,,,,,,,,,,,,"of marginal workers
Location
Household industry workers Other workers Non-workers code
Persons Males Females Persons Males Females Persons Males Females Name of Village number",,,,,,,,,,,,,,,,,,,,,,,,,,,,,,,,,,,,,,,,,,,,,,,,,,,,,,,,,,,,,,,,,,,,,,,,,,,,,,,,,,,,,,,,,,,,,,,,,,,,,,,,,,,,,,,,,,,,,,,,,,,,,,,,,,
,,,188,mandi_mandi_dchb_part_b_primary_census_abstract.pdf,Mandi,,,,,,,,,,,,,50 51 52 53 54 55 56 57 58 2 1,,,,,,,,,,,,,,,,,,,,,,,,,,,,,,,,,,,,,,,,,,,,,,,,,,,,,,,,,,,,,,,,,,,,,,,,,,,,,,,,,,,,,,,,,,,,,,,,,,,,,,,,,,,,,,,,,,,,,,,,,,,,,,,,,,
,,,189,mandi_mandi_dchb_part_b_primary_census_abstract.pdf,Mandi,,,,,,,,,,,,"VILLAGE PRIMARY
C D Block -",,,,,,,,,,,,,,,,,,,,,,,,,,,,,,,,,,,,,,,,,,,,,,,,,,,,,,,,,,,,,,,,,,,,,,,,,,,,,,,,,,,,,,,,,,,,,,,,,,,,,,,,,,,,,,,,,,,,,,,,,,,,,,,,,,,
,,,189,mandi_mandi_dchb_part_b_primary_census_abstract.pdf,Mandi,,,,,,,,,,,,"Location Area of Total population (including institutional
code Village in Number of and houseless population) Population in the age-group 0-6
number Name of Village hectares households Persons Males Females Persons Males Females",,,,,,,,,,,,,,,,,,,,,,,,,,,,,,,,,,,,,,,,,,,,,,,,,,,,,,,,,,,,,,,,,,,,,,,,,,,,,,,,,,,,,,,,,,,,,,,,,,,,,,,,,,,,,,,,,,,,,,,,,,,,,,,,,,,
,,,189,mandi_mandi_dchb_part_b_primary_census_abstract.pdf,Mandi,,,,,,,,,,,,1 2 3 4 5 6 7 8 9 10,,,,,,,,,,,,,,,,,,,,,,,,,,,,,,,,,,,,,,,,,,,,,,,,,,,,,,,,,,,,,,,,,,,,,,,,,,,,,,,,,,,,,,,,,,,,,,,,,,,,,,,,,,,,,,,,,,,,,,,,,,,,,,,,,,,
,,,190,mandi_mandi_dchb_part_b_primary_census_abstract.pdf,Mandi,,,,,,,,,,,,,"CENSUS ABSTRACT
Gopalpur",,,,,,,,,,,,,,,,,,,,,,,,,,,,,,,,,,,,,,,,,,,,,,,,,,,,,,,,,,,,,,,,,,,,,,,,,,,,,,,,,,,,,,,,,,,,,,,,,,,,,,,,,,,,,,,,,,,,,,,,,,,,,,,,,,
,,,190,mandi_mandi_dchb_part_b_primary_census_abstract.pdf,Mandi,,,,,,,,,,,,,"Scheduled Castes population Scheduled Tribes population Literates
Persons Males Females Persons Males Females Persons Males Females Name of Village",,,,,,,,,,,,,,,,,,,,,,,,,,,,,,,,,,,,,,,,,,,,,,,,,,,,,,,,,,,,,,,,,,,,,,,,,,,,,,,,,,,,,,,,,,,,,,,,,,,,,,,,,,,,,,,,,,,,,,,,,,,,,,,,,,
,,,190,mandi_mandi_dchb_part_b_primary_census_abstract.pdf,Mandi,,,,,,,,,,,,,11 12 13 14 15 16 17 18 19 2,,,,,,,,,,,,,,,,,,,,,,,,,,,,,,,,,,,,,,,,,,,,,,,,,,,,,,,,,,,,,,,,,,,,,,,,,,,,,,,,,,,,,,,,,,,,,,,,,,,,,,,,,,,,,,,,,,,,,,,,,,,,,,,,,,
,,,191,mandi_mandi_dchb_part_b_primary_census_abstract.pdf,Mandi,,,,,,,,,,,,"VILLAGE PRIMARY
C D Block -",,,,,,,,,,,,,,,,,,,,,,,,,,,,,,,,,,,,,,,,,,,,,,,,,,,,,,,,,,,,,,,,,,,,,,,,,,,,,,,,,,,,,,,,,,,,,,,,,,,,,,,,,,,,,,,,,,,,,,,,,,,,,,,,,,,
,,,191,mandi_mandi_dchb_part_b_primary_census_abstract.pdf,Mandi,,,,,,,,,,,,"Location
code Illiterates Total workers Main workers
number Name of Village Persons Males Females Persons Males Females Persons Males Females",,,,,,,,,,,,,,,,,,,,,,,,,,,,,,,,,,,,,,,,,,,,,,,,,,,,,,,,,,,,,,,,,,,,,,,,,,,,,,,,,,,,,,,,,,,,,,,,,,,,,,,,,,,,,,,,,,,,,,,,,,,,,,,,,,,
,,,191,mandi_mandi_dchb_part_b_primary_census_abstract.pdf,Mandi,,,,,,,,,,,,1 2 20 21 22 23 24 25 26 27 28,,,,,,,,,,,,,,,,,,,,,,,,,,,,,,,,,,,,,,,,,,,,,,,,,,,,,,,,,,,,,,,,,,,,,,,,,,,,,,,,,,,,,,,,,,,,,,,,,,,,,,,,,,,,,,,,,,,,,,,,,,,,,,,,,,,
,,,192,mandi_mandi_dchb_part_b_primary_census_abstract.pdf,Mandi,,,,,,,,,,,,,"CENSUS ABSTRACT
Gopalpur",,,,,,,,,,,,,,,,,,,,,,,,,,,,,,,,,,,,,,,,,,,,,,,,,,,,,,,,,,,,,,,,,,,,,,,,,,,,,,,,,,,,,,,,,,,,,,,,,,,,,,,,,,,,,,,,,,,,,,,,,,,,,,,,,,
,,,192,mandi_mandi_dchb_part_b_primary_census_abstract.pdf,Mandi,,,,,,,,,,,,,"Industrial category of main workers
Household industry
Cultivators Agricultural labourers workers Other workers
Persons Males Females Persons Males Females Persons MalesFemales Persons Males Females Name of Village",,,,,,,,,,,,,,,,,,,,,,,,,,,,,,,,,,,,,,,,,,,,,,,,,,,,,,,,,,,,,,,,,,,,,,,,,,,,,,,,,,,,,,,,,,,,,,,,,,,,,,,,,,,,,,,,,,,,,,,,,,,,,,,,,,
,,,192,mandi_mandi_dchb_part_b_primary_census_abstract.pdf,Mandi,,,,,,,,,,,,,29 30 31 32 33 34 35 36 37 38 39 40 2,,,,,,,,,,,,,,,,,,,,,,,,,,,,,,,,,,,,,,,,,,,,,,,,,,,,,,,,,,,,,,,,,,,,,,,,,,,,,,,,,,,,,,,,,,,,,,,,,,,,,,,,,,,,,,,,,,,,,,,,,,,,,,,,,,
,,,193,mandi_mandi_dchb_part_b_primary_census_abstract.pdf,Mandi,,,,,,,,,,,,"VILLAGE PRIMARY
C D Block -",,,,,,,,,,,,,,,,,,,,,,,,,,,,,,,,,,,,,,,,,,,,,,,,,,,,,,,,,,,,,,,,,,,,,,,,,,,,,,,,,,,,,,,,,,,,,,,,,,,,,,,,,,,,,,,,,,,,,,,,,,,,,,,,,,,
,,,193,mandi_mandi_dchb_part_b_primary_census_abstract.pdf,Mandi,,,,,,,,,,,,"Industrial category
Location
code Marginal workers Cultivators Agricultural labourers
number Name of Village Persons Males Females Persons Males Females Persons Males Females",,,,,,,,,,,,,,,,,,,,,,,,,,,,,,,,,,,,,,,,,,,,,,,,,,,,,,,,,,,,,,,,,,,,,,,,,,,,,,,,,,,,,,,,,,,,,,,,,,,,,,,,,,,,,,,,,,,,,,,,,,,,,,,,,,,
,,,193,mandi_mandi_dchb_part_b_primary_census_abstract.pdf,Mandi,,,,,,,,,,,,1 2 41 42 43 44 45 46 47 48 49,,,,,,,,,,,,,,,,,,,,,,,,,,,,,,,,,,,,,,,,,,,,,,,,,,,,,,,,,,,,,,,,,,,,,,,,,,,,,,,,,,,,,,,,,,,,,,,,,,,,,,,,,,,,,,,,,,,,,,,,,,,,,,,,,,,
,,,194,mandi_mandi_dchb_part_b_primary_census_abstract.pdf,Mandi,,,,,,,,,,,,,"CENSUS ABSTRACT
Gopalpur",,,,,,,,,,,,,,,,,,,,,,,,,,,,,,,,,,,,,,,,,,,,,,,,,,,,,,,,,,,,,,,,,,,,,,,,,,,,,,,,,,,,,,,,,,,,,,,,,,,,,,,,,,,,,,,,,,,,,,,,,,,,,,,,,,
,,,194,mandi_mandi_dchb_part_b_primary_census_abstract.pdf,Mandi,,,,,,,,,,,,,"of marginal workers
Location
Household industry workers Other workers Non-workers code
Persons Males Females Persons Males Females Persons Males Females Name of Village number",,,,,,,,,,,,,,,,,,,,,,,,,,,,,,,,,,,,,,,,,,,,,,,,,,,,,,,,,,,,,,,,,,,,,,,,,,,,,,,,,,,,,,,,,,,,,,,,,,,,,,,,,,,,,,,,,,,,,,,,,,,,,,,,,,
,,,194,mandi_mandi_dchb_part_b_primary_census_abstract.pdf,Mandi,,,,,,,,,,,,,50 51 52 53 54 55 56 57 58 2 1,,,,,,,,,,,,,,,,,,,,,,,,,,,,,,,,,,,,,,,,,,,,,,,,,,,,,,,,,,,,,,,,,,,,,,,,,,,,,,,,,,,,,,,,,,,,,,,,,,,,,,,,,,,,,,,,,,,,,,,,,,,,,,,,,,
,,,195,mandi_mandi_dchb_part_b_primary_census_abstract.pdf,Mandi,,,,,,,,,,,,"VILLAGE PRIMARY
C D Block -",,,,,,,,,,,,,,,,,,,,,,,,,,,,,,,,,,,,,,,,,,,,,,,,,,,,,,,,,,,,,,,,,,,,,,,,,,,,,,,,,,,,,,,,,,,,,,,,,,,,,,,,,,,,,,,,,,,,,,,,,,,,,,,,,,,
,,,195,mandi_mandi_dchb_part_b_primary_census_abstract.pdf,Mandi,,,,,,,,,,,,"Location Area of Total population (including institutional
code Village in Number of and houseless population) Population in the age-group 0-6
number Name of Village hectares households Persons Males Females Persons Males Females",,,,,,,,,,,,,,,,,,,,,,,,,,,,,,,,,,,,,,,,,,,,,,,,,,,,,,,,,,,,,,,,,,,,,,,,,,,,,,,,,,,,,,,,,,,,,,,,,,,,,,,,,,,,,,,,,,,,,,,,,,,,,,,,,,,
,,,195,mandi_mandi_dchb_part_b_primary_census_abstract.pdf,Mandi,,,,,,,,,,,,1 2 3 4 5 6 7 8 9 10,,,,,,,,,,,,,,,,,,,,,,,,,,,,,,,,,,,,,,,,,,,,,,,,,,,,,,,,,,,,,,,,,,,,,,,,,,,,,,,,,,,,,,,,,,,,,,,,,,,,,,,,,,,,,,,,,,,,,,,,,,,,,,,,,,,
,,,196,mandi_mandi_dchb_part_b_primary_census_abstract.pdf,Mandi,,,,,,,,,,,,,"CENSUS ABSTRACT
Gopalpur",,,,,,,,,,,,,,,,,,,,,,,,,,,,,,,,,,,,,,,,,,,,,,,,,,,,,,,,,,,,,,,,,,,,,,,,,,,,,,,,,,,,,,,,,,,,,,,,,,,,,,,,,,,,,,,,,,,,,,,,,,,,,,,,,,
,,,196,mandi_mandi_dchb_part_b_primary_census_abstract.pdf,Mandi,,,,,,,,,,,,,"Scheduled Castes population Scheduled Tribes population Literates
Persons Males Females Persons Males Females Persons Males Females Name of Village",,,,,,,,,,,,,,,,,,,,,,,,,,,,,,,,,,,,,,,,,,,,,,,,,,,,,,,,,,,,,,,,,,,,,,,,,,,,,,,,,,,,,,,,,,,,,,,,,,,,,,,,,,,,,,,,,,,,,,,,,,,,,,,,,,
,,,196,mandi_mandi_dchb_part_b_primary_census_abstract.pdf,Mandi,,,,,,,,,,,,,11 12 13 14 15 16 17 18 19 2,,,,,,,,,,,,,,,,,,,,,,,,,,,,,,,,,,,,,,,,,,,,,,,,,,,,,,,,,,,,,,,,,,,,,,,,,,,,,,,,,,,,,,,,,,,,,,,,,,,,,,,,,,,,,,,,,,,,,,,,,,,,,,,,,,
,,,197,mandi_mandi_dchb_part_b_primary_census_abstract.pdf,Mandi,,,,,,,,,,,,"VILLAGE PRIMARY
C D Block -",,,,,,,,,,,,,,,,,,,,,,,,,,,,,,,,,,,,,,,,,,,,,,,,,,,,,,,,,,,,,,,,,,,,,,,,,,,,,,,,,,,,,,,,,,,,,,,,,,,,,,,,,,,,,,,,,,,,,,,,,,,,,,,,,,,
,,,197,mandi_mandi_dchb_part_b_primary_census_abstract.pdf,Mandi,,,,,,,,,,,,"Location
code Illiterates Total workers Main workers
number Name of Village Persons Males Females Persons Males Females Persons Males Females",,,,,,,,,,,,,,,,,,,,,,,,,,,,,,,,,,,,,,,,,,,,,,,,,,,,,,,,,,,,,,,,,,,,,,,,,,,,,,,,,,,,,,,,,,,,,,,,,,,,,,,,,,,,,,,,,,,,,,,,,,,,,,,,,,,
,,,197,mandi_mandi_dchb_part_b_primary_census_abstract.pdf,Mandi,,,,,,,,,,,,1 2 20 21 22 23 24 25 26 27 28,,,,,,,,,,,,,,,,,,,,,,,,,,,,,,,,,,,,,,,,,,,,,,,,,,,,,,,,,,,,,,,,,,,,,,,,,,,,,,,,,,,,,,,,,,,,,,,,,,,,,,,,,,,,,,,,,,,,,,,,,,,,,,,,,,,
,,,198,mandi_mandi_dchb_part_b_primary_census_abstract.pdf,Mandi,,,,,,,,,,,,,"CENSUS ABSTRACT
Gopalpur",,,,,,,,,,,,,,,,,,,,,,,,,,,,,,,,,,,,,,,,,,,,,,,,,,,,,,,,,,,,,,,,,,,,,,,,,,,,,,,,,,,,,,,,,,,,,,,,,,,,,,,,,,,,,,,,,,,,,,,,,,,,,,,,,,
,,,198,mandi_mandi_dchb_part_b_primary_census_abstract.pdf,Mandi,,,,,,,,,,,,,"Industrial category of main workers
Household industry
Cultivators Agricultural labourers workers Other workers
Persons Males Females Persons Males Females Persons MalesFemales Persons Males Females Name of Village",,,,,,,,,,,,,,,,,,,,,,,,,,,,,,,,,,,,,,,,,,,,,,,,,,,,,,,,,,,,,,,,,,,,,,,,,,,,,,,,,,,,,,,,,,,,,,,,,,,,,,,,,,,,,,,,,,,,,,,,,,,,,,,,,,
,,,198,mandi_mandi_dchb_part_b_primary_census_abstract.pdf,Mandi,,,,,,,,,,,,,29 30 31 32 33 34 35 36 37 38 39 40 2,,,,,,,,,,,,,,,,,,,,,,,,,,,,,,,,,,,,,,,,,,,,,,,,,,,,,,,,,,,,,,,,,,,,,,,,,,,,,,,,,,,,,,,,,,,,,,,,,,,,,,,,,,,,,,,,,,,,,,,,,,,,,,,,,,
,,,199,mandi_mandi_dchb_part_b_primary_census_abstract.pdf,Mandi,,,,,,,,,,,,"VILLAGE PRIMARY
C D Block -",,,,,,,,,,,,,,,,,,,,,,,,,,,,,,,,,,,,,,,,,,,,,,,,,,,,,,,,,,,,,,,,,,,,,,,,,,,,,,,,,,,,,,,,,,,,,,,,,,,,,,,,,,,,,,,,,,,,,,,,,,,,,,,,,,,
,,,199,mandi_mandi_dchb_part_b_primary_census_abstract.pdf,Mandi,,,,,,,,,,,,"Industrial category
Location
code Marginal workers Cultivators Agricultural labourers
number Name of Village Persons Males Females Persons Males Females Persons Males Females",,,,,,,,,,,,,,,,,,,,,,,,,,,,,,,,,,,,,,,,,,,,,,,,,,,,,,,,,,,,,,,,,,,,,,,,,,,,,,,,,,,,,,,,,,,,,,,,,,,,,,,,,,,,,,,,,,,,,,,,,,,,,,,,,,,
,,,199,mandi_mandi_dchb_part_b_primary_census_abstract.pdf,Mandi,,,,,,,,,,,,1 2 41 42 43 44 45 46 47 48 49,,,,,,,,,,,,,,,,,,,,,,,,,,,,,,,,,,,,,,,,,,,,,,,,,,,,,,,,,,,,,,,,,,,,,,,,,,,,,,,,,,,,,,,,,,,,,,,,,,,,,,,,,,,,,,,,,,,,,,,,,,,,,,,,,,,
,,,200,mandi_mandi_dchb_part_b_primary_census_abstract.pdf,Mandi,,,,,,,,,,,,,"CENSUS ABSTRACT
Gopalpur",,,,,,,,,,,,,,,,,,,,,,,,,,,,,,,,,,,,,,,,,,,,,,,,,,,,,,,,,,,,,,,,,,,,,,,,,,,,,,,,,,,,,,,,,,,,,,,,,,,,,,,,,,,,,,,,,,,,,,,,,,,,,,,,,,
,,,200,mandi_mandi_dchb_part_b_primary_census_abstract.pdf,Mandi,,,,,,,,,,,,,"of marginal workers
Location
Household industry workers Other workers Non-workers code
Persons Males Females Persons Males Females Persons Males Females Name of Village number",,,,,,,,,,,,,,,,,,,,,,,,,,,,,,,,,,,,,,,,,,,,,,,,,,,,,,,,,,,,,,,,,,,,,,,,,,,,,,,,,,,,,,,,,,,,,,,,,,,,,,,,,,,,,,,,,,,,,,,,,,,,,,,,,,
,,,200,mandi_mandi_dchb_part_b_primary_census_abstract.pdf,Mandi,,,,,,,,,,,,,50 51 52 53 54 55 56 57 58 2 1,,,,,,,,,,,,,,,,,,,,,,,,,,,,,,,,,,,,,,,,,,,,,,,,,,,,,,,,,,,,,,,,,,,,,,,,,,,,,,,,,,,,,,,,,,,,,,,,,,,,,,,,,,,,,,,,,,,,,,,,,,,,,,,,,,
,,,201,mandi_mandi_dchb_part_b_primary_census_abstract.pdf,Mandi,,,,,,,,,,,,"VILLAGE PRIMARY
C D Block -",,,,,,,,,,,,,,,,,,,,,,,,,,,,,,,,,,,,,,,,,,,,,,,,,,,,,,,,,,,,,,,,,,,,,,,,,,,,,,,,,,,,,,,,,,,,,,,,,,,,,,,,,,,,,,,,,,,,,,,,,,,,,,,,,,,
,,,201,mandi_mandi_dchb_part_b_primary_census_abstract.pdf,Mandi,,,,,,,,,,,,"Location Area of Total population (including institutional
code Village in Number of and houseless population) Population in the age-group 0-6
number Name of Village hectares households Persons Males Females Persons Males Females",,,,,,,,,,,,,,,,,,,,,,,,,,,,,,,,,,,,,,,,,,,,,,,,,,,,,,,,,,,,,,,,,,,,,,,,,,,,,,,,,,,,,,,,,,,,,,,,,,,,,,,,,,,,,,,,,,,,,,,,,,,,,,,,,,,
,,,201,mandi_mandi_dchb_part_b_primary_census_abstract.pdf,Mandi,,,,,,,,,,,,1 2 3 4 5 6 7 8 9 10,,,,,,,,,,,,,,,,,,,,,,,,,,,,,,,,,,,,,,,,,,,,,,,,,,,,,,,,,,,,,,,,,,,,,,,,,,,,,,,,,,,,,,,,,,,,,,,,,,,,,,,,,,,,,,,,,,,,,,,,,,,,,,,,,,,
,,,202,mandi_mandi_dchb_part_b_primary_census_abstract.pdf,Mandi,,,,,,,,,,,,,"CENSUS ABSTRACT
Sundarnagar",,,,,,,,,,,,,,,,,,,,,,,,,,,,,,,,,,,,,,,,,,,,,,,,,,,,,,,,,,,,,,,,,,,,,,,,,,,,,,,,,,,,,,,,,,,,,,,,,,,,,,,,,,,,,,,,,,,,,,,,,,,,,,,,,,
,,,202,mandi_mandi_dchb_part_b_primary_census_abstract.pdf,Mandi,,,,,,,,,,,,,"Scheduled Castes population Scheduled Tribes population Literates
Persons Males Females Persons Males Females Persons Males Females Name of Village",,,,,,,,,,,,,,,,,,,,,,,,,,,,,,,,,,,,,,,,,,,,,,,,,,,,,,,,,,,,,,,,,,,,,,,,,,,,,,,,,,,,,,,,,,,,,,,,,,,,,,,,,,,,,,,,,,,,,,,,,,,,,,,,,,
,,,202,mandi_mandi_dchb_part_b_primary_census_abstract.pdf,Mandi,,,,,,,,,,,,,11 12 13 14 15 16 17 18 19 2,,,,,,,,,,,,,,,,,,,,,,,,,,,,,,,,,,,,,,,,,,,,,,,,,,,,,,,,,,,,,,,,,,,,,,,,,,,,,,,,,,,,,,,,,,,,,,,,,,,,,,,,,,,,,,,,,,,,,,,,,,,,,,,,,,
,,,203,mandi_mandi_dchb_part_b_primary_census_abstract.pdf,Mandi,,,,,,,,,,,,"VILLAGE PRIMARY
C D Block -",,,,,,,,,,,,,,,,,,,,,,,,,,,,,,,,,,,,,,,,,,,,,,,,,,,,,,,,,,,,,,,,,,,,,,,,,,,,,,,,,,,,,,,,,,,,,,,,,,,,,,,,,,,,,,,,,,,,,,,,,,,,,,,,,,,
,,,203,mandi_mandi_dchb_part_b_primary_census_abstract.pdf,Mandi,,,,,,,,,,,,"Location
code Illiterates Total workers Main workers
number Name of Village Persons Males Females Persons Males Females Persons Males Females",,,,,,,,,,,,,,,,,,,,,,,,,,,,,,,,,,,,,,,,,,,,,,,,,,,,,,,,,,,,,,,,,,,,,,,,,,,,,,,,,,,,,,,,,,,,,,,,,,,,,,,,,,,,,,,,,,,,,,,,,,,,,,,,,,,
,,,203,mandi_mandi_dchb_part_b_primary_census_abstract.pdf,Mandi,,,,,,,,,,,,1 2 20 21 22 23 24 25 26 27 28,,,,,,,,,,,,,,,,,,,,,,,,,,,,,,,,,,,,,,,,,,,,,,,,,,,,,,,,,,,,,,,,,,,,,,,,,,,,,,,,,,,,,,,,,,,,,,,,,,,,,,,,,,,,,,,,,,,,,,,,,,,,,,,,,,,
,,,204,mandi_mandi_dchb_part_b_primary_census_abstract.pdf,Mandi,,,,,,,,,,,,,"CENSUS ABSTRACT
Sundarnagar",,,,,,,,,,,,,,,,,,,,,,,,,,,,,,,,,,,,,,,,,,,,,,,,,,,,,,,,,,,,,,,,,,,,,,,,,,,,,,,,,,,,,,,,,,,,,,,,,,,,,,,,,,,,,,,,,,,,,,,,,,,,,,,,,,
,,,204,mandi_mandi_dchb_part_b_primary_census_abstract.pdf,Mandi,,,,,,,,,,,,,"Industrial category of main workers
Household industry
Cultivators Agricultural labourers workers Other workers
Persons Males Females Persons Males Females Persons MalesFemales Persons Males Females Name of Village",,,,,,,,,,,,,,,,,,,,,,,,,,,,,,,,,,,,,,,,,,,,,,,,,,,,,,,,,,,,,,,,,,,,,,,,,,,,,,,,,,,,,,,,,,,,,,,,,,,,,,,,,,,,,,,,,,,,,,,,,,,,,,,,,,
,,,204,mandi_mandi_dchb_part_b_primary_census_abstract.pdf,Mandi,,,,,,,,,,,,,29 30 31 32 33 34 35 36 37 38 39 40 2,,,,,,,,,,,,,,,,,,,,,,,,,,,,,,,,,,,,,,,,,,,,,,,,,,,,,,,,,,,,,,,,,,,,,,,,,,,,,,,,,,,,,,,,,,,,,,,,,,,,,,,,,,,,,,,,,,,,,,,,,,,,,,,,,,
,,,205,mandi_mandi_dchb_part_b_primary_census_abstract.pdf,Mandi,,,,,,,,,,,,"VILLAGE PRIMARY
C D Block -",,,,,,,,,,,,,,,,,,,,,,,,,,,,,,,,,,,,,,,,,,,,,,,,,,,,,,,,,,,,,,,,,,,,,,,,,,,,,,,,,,,,,,,,,,,,,,,,,,,,,,,,,,,,,,,,,,,,,,,,,,,,,,,,,,,
,,,205,mandi_mandi_dchb_part_b_primary_census_abstract.pdf,Mandi,,,,,,,,,,,,"Industrial category
Location
code Marginal workers Cultivators Agricultural labourers
number Name of Village Persons Males Females Persons Males Females Persons Males Females",,,,,,,,,,,,,,,,,,,,,,,,,,,,,,,,,,,,,,,,,,,,,,,,,,,,,,,,,,,,,,,,,,,,,,,,,,,,,,,,,,,,,,,,,,,,,,,,,,,,,,,,,,,,,,,,,,,,,,,,,,,,,,,,,,,
,,,205,mandi_mandi_dchb_part_b_primary_census_abstract.pdf,Mandi,,,,,,,,,,,,1 2 41 42 43 44 45 46 47 48 49,,,,,,,,,,,,,,,,,,,,,,,,,,,,,,,,,,,,,,,,,,,,,,,,,,,,,,,,,,,,,,,,,,,,,,,,,,,,,,,,,,,,,,,,,,,,,,,,,,,,,,,,,,,,,,,,,,,,,,,,,,,,,,,,,,,
,,,206,mandi_mandi_dchb_part_b_primary_census_abstract.pdf,Mandi,,,,,,,,,,,,,"CENSUS ABSTRACT
Sundarnagar",,,,,,,,,,,,,,,,,,,,,,,,,,,,,,,,,,,,,,,,,,,,,,,,,,,,,,,,,,,,,,,,,,,,,,,,,,,,,,,,,,,,,,,,,,,,,,,,,,,,,,,,,,,,,,,,,,,,,,,,,,,,,,,,,,
,,,206,mandi_mandi_dchb_part_b_primary_census_abstract.pdf,Mandi,,,,,,,,,,,,,"of marginal workers
Location
Household industry workers Other workers Non-workers code
Persons Males Females Persons Males Females Persons Males Females Name of Village number",,,,,,,,,,,,,,,,,,,,,,,,,,,,,,,,,,,,,,,,,,,,,,,,,,,,,,,,,,,,,,,,,,,,,,,,,,,,,,,,,,,,,,,,,,,,,,,,,,,,,,,,,,,,,,,,,,,,,,,,,,,,,,,,,,
,,,206,mandi_mandi_dchb_part_b_primary_census_abstract.pdf,Mandi,,,,,,,,,,,,,50 51 52 53 54 55 56 57 58 2 1,,,,,,,,,,,,,,,,,,,,,,,,,,,,,,,,,,,,,,,,,,,,,,,,,,,,,,,,,,,,,,,,,,,,,,,,,,,,,,,,,,,,,,,,,,,,,,,,,,,,,,,,,,,,,,,,,,,,,,,,,,,,,,,,,,
,,,207,mandi_mandi_dchb_part_b_primary_census_abstract.pdf,Mandi,,,,,,,,,,,,"VILLAGE PRIMARY
C D Block -",,,,,,,,,,,,,,,,,,,,,,,,,,,,,,,,,,,,,,,,,,,,,,,,,,,,,,,,,,,,,,,,,,,,,,,,,,,,,,,,,,,,,,,,,,,,,,,,,,,,,,,,,,,,,,,,,,,,,,,,,,,,,,,,,,,
,,,207,mandi_mandi_dchb_part_b_primary_census_abstract.pdf,Mandi,,,,,,,,,,,,"Location Area of Total population (including institutional
code Village in Number of and houseless population) Population in the age-group 0-6
number Name of Village hectares households Persons Males Females Persons Males Females",,,,,,,,,,,,,,,,,,,,,,,,,,,,,,,,,,,,,,,,,,,,,,,,,,,,,,,,,,,,,,,,,,,,,,,,,,,,,,,,,,,,,,,,,,,,,,,,,,,,,,,,,,,,,,,,,,,,,,,,,,,,,,,,,,,
,,,207,mandi_mandi_dchb_part_b_primary_census_abstract.pdf,Mandi,,,,,,,,,,,,1 2 3 4 5 6 7 8 9 10,,,,,,,,,,,,,,,,,,,,,,,,,,,,,,,,,,,,,,,,,,,,,,,,,,,,,,,,,,,,,,,,,,,,,,,,,,,,,,,,,,,,,,,,,,,,,,,,,,,,,,,,,,,,,,,,,,,,,,,,,,,,,,,,,,,
,,,208,mandi_mandi_dchb_part_b_primary_census_abstract.pdf,Mandi,,,,,,,,,,,,,"CENSUS ABSTRACT
Sundarnagar",,,,,,,,,,,,,,,,,,,,,,,,,,,,,,,,,,,,,,,,,,,,,,,,,,,,,,,,,,,,,,,,,,,,,,,,,,,,,,,,,,,,,,,,,,,,,,,,,,,,,,,,,,,,,,,,,,,,,,,,,,,,,,,,,,
,,,208,mandi_mandi_dchb_part_b_primary_census_abstract.pdf,Mandi,,,,,,,,,,,,,"Scheduled Castes population Scheduled Tribes population Literates
Persons Males Females Persons Males Females Persons Males Females Name of Village",,,,,,,,,,,,,,,,,,,,,,,,,,,,,,,,,,,,,,,,,,,,,,,,,,,,,,,,,,,,,,,,,,,,,,,,,,,,,,,,,,,,,,,,,,,,,,,,,,,,,,,,,,,,,,,,,,,,,,,,,,,,,,,,,,
,,,208,mandi_mandi_dchb_part_b_primary_census_abstract.pdf,Mandi,,,,,,,,,,,,,11 12 13 14 15 16 17 18 19 2,,,,,,,,,,,,,,,,,,,,,,,,,,,,,,,,,,,,,,,,,,,,,,,,,,,,,,,,,,,,,,,,,,,,,,,,,,,,,,,,,,,,,,,,,,,,,,,,,,,,,,,,,,,,,,,,,,,,,,,,,,,,,,,,,,
,,,209,mandi_mandi_dchb_part_b_primary_census_abstract.pdf,Mandi,,,,,,,,,,,,"VILLAGE PRIMARY
C D Block -",,,,,,,,,,,,,,,,,,,,,,,,,,,,,,,,,,,,,,,,,,,,,,,,,,,,,,,,,,,,,,,,,,,,,,,,,,,,,,,,,,,,,,,,,,,,,,,,,,,,,,,,,,,,,,,,,,,,,,,,,,,,,,,,,,,
,,,209,mandi_mandi_dchb_part_b_primary_census_abstract.pdf,Mandi,,,,,,,,,,,,"Location
code Illiterates Total workers Main workers
number Name of Village Persons Males Females Persons Males Females Persons Males Females",,,,,,,,,,,,,,,,,,,,,,,,,,,,,,,,,,,,,,,,,,,,,,,,,,,,,,,,,,,,,,,,,,,,,,,,,,,,,,,,,,,,,,,,,,,,,,,,,,,,,,,,,,,,,,,,,,,,,,,,,,,,,,,,,,,
,,,209,mandi_mandi_dchb_part_b_primary_census_abstract.pdf,Mandi,,,,,,,,,,,,1 2 20 21 22 23 24 25 26 27 28,,,,,,,,,,,,,,,,,,,,,,,,,,,,,,,,,,,,,,,,,,,,,,,,,,,,,,,,,,,,,,,,,,,,,,,,,,,,,,,,,,,,,,,,,,,,,,,,,,,,,,,,,,,,,,,,,,,,,,,,,,,,,,,,,,,
,,,210,mandi_mandi_dchb_part_b_primary_census_abstract.pdf,Mandi,,,,,,,,,,,,,"CENSUS ABSTRACT
Sundarnagar",,,,,,,,,,,,,,,,,,,,,,,,,,,,,,,,,,,,,,,,,,,,,,,,,,,,,,,,,,,,,,,,,,,,,,,,,,,,,,,,,,,,,,,,,,,,,,,,,,,,,,,,,,,,,,,,,,,,,,,,,,,,,,,,,,
,,,210,mandi_mandi_dchb_part_b_primary_census_abstract.pdf,Mandi,,,,,,,,,,,,,"Industrial category of main workers
Household industry
Cultivators Agricultural labourers workers Other workers
Persons Males Females Persons Males Females Persons MalesFemales Persons Males Females Name of Village",,,,,,,,,,,,,,,,,,,,,,,,,,,,,,,,,,,,,,,,,,,,,,,,,,,,,,,,,,,,,,,,,,,,,,,,,,,,,,,,,,,,,,,,,,,,,,,,,,,,,,,,,,,,,,,,,,,,,,,,,,,,,,,,,,
,,,210,mandi_mandi_dchb_part_b_primary_census_abstract.pdf,Mandi,,,,,,,,,,,,,29 30 31 32 33 34 35 36 37 38 39 40 2,,,,,,,,,,,,,,,,,,,,,,,,,,,,,,,,,,,,,,,,,,,,,,,,,,,,,,,,,,,,,,,,,,,,,,,,,,,,,,,,,,,,,,,,,,,,,,,,,,,,,,,,,,,,,,,,,,,,,,,,,,,,,,,,,,
,,,211,mandi_mandi_dchb_part_b_primary_census_abstract.pdf,Mandi,,,,,,,,,,,,"VILLAGE PRIMARY
C D Block -",,,,,,,,,,,,,,,,,,,,,,,,,,,,,,,,,,,,,,,,,,,,,,,,,,,,,,,,,,,,,,,,,,,,,,,,,,,,,,,,,,,,,,,,,,,,,,,,,,,,,,,,,,,,,,,,,,,,,,,,,,,,,,,,,,,
,,,211,mandi_mandi_dchb_part_b_primary_census_abstract.pdf,Mandi,,,,,,,,,,,,"Industrial category
Location
code Marginal workers Cultivators Agricultural labourers
number Name of Village Persons Males Females Persons Males Females Persons Males Females",,,,,,,,,,,,,,,,,,,,,,,,,,,,,,,,,,,,,,,,,,,,,,,,,,,,,,,,,,,,,,,,,,,,,,,,,,,,,,,,,,,,,,,,,,,,,,,,,,,,,,,,,,,,,,,,,,,,,,,,,,,,,,,,,,,
,,,211,mandi_mandi_dchb_part_b_primary_census_abstract.pdf,Mandi,,,,,,,,,,,,1 2 41 42 43 44 45 46 47 48 49,,,,,,,,,,,,,,,,,,,,,,,,,,,,,,,,,,,,,,,,,,,,,,,,,,,,,,,,,,,,,,,,,,,,,,,,,,,,,,,,,,,,,,,,,,,,,,,,,,,,,,,,,,,,,,,,,,,,,,,,,,,,,,,,,,,
,,,212,mandi_mandi_dchb_part_b_primary_census_abstract.pdf,Mandi,,,,,,,,,,,,,"CENSUS ABSTRACT
Sundarnagar",,,,,,,,,,,,,,,,,,,,,,,,,,,,,,,,,,,,,,,,,,,,,,,,,,,,,,,,,,,,,,,,,,,,,,,,,,,,,,,,,,,,,,,,,,,,,,,,,,,,,,,,,,,,,,,,,,,,,,,,,,,,,,,,,,
,,,212,mandi_mandi_dchb_part_b_primary_census_abstract.pdf,Mandi,,,,,,,,,,,,,"of marginal workers
Location
Household industry workers Other workers Non-workers code
Persons Males Females Persons Males Females Persons Males Females Name of Village number",,,,,,,,,,,,,,,,,,,,,,,,,,,,,,,,,,,,,,,,,,,,,,,,,,,,,,,,,,,,,,,,,,,,,,,,,,,,,,,,,,,,,,,,,,,,,,,,,,,,,,,,,,,,,,,,,,,,,,,,,,,,,,,,,,
,,,212,mandi_mandi_dchb_part_b_primary_census_abstract.pdf,Mandi,,,,,,,,,,,,,50 51 52 53 54 55 56 57 58 2 1,,,,,,,,,,,,,,,,,,,,,,,,,,,,,,,,,,,,,,,,,,,,,,,,,,,,,,,,,,,,,,,,,,,,,,,,,,,,,,,,,,,,,,,,,,,,,,,,,,,,,,,,,,,,,,,,,,,,,,,,,,,,,,,,,,
,,,213,mandi_mandi_dchb_part_b_primary_census_abstract.pdf,Mandi,,,,,,,,,,,,"VILLAGE PRIMARY
C D Block -",,,,,,,,,,,,,,,,,,,,,,,,,,,,,,,,,,,,,,,,,,,,,,,,,,,,,,,,,,,,,,,,,,,,,,,,,,,,,,,,,,,,,,,,,,,,,,,,,,,,,,,,,,,,,,,,,,,,,,,,,,,,,,,,,,,
,,,213,mandi_mandi_dchb_part_b_primary_census_abstract.pdf,Mandi,,,,,,,,,,,,"Location Area of Total population (including institutional
code Village in Number of and houseless population) Population in the age-group 0-6
number Name of Village hectares households Persons Males Females Persons Males Females",,,,,,,,,,,,,,,,,,,,,,,,,,,,,,,,,,,,,,,,,,,,,,,,,,,,,,,,,,,,,,,,,,,,,,,,,,,,,,,,,,,,,,,,,,,,,,,,,,,,,,,,,,,,,,,,,,,,,,,,,,,,,,,,,,,
,,,213,mandi_mandi_dchb_part_b_primary_census_abstract.pdf,Mandi,,,,,,,,,,,,1 2 3 4 5 6 7 8 9 10,,,,,,,,,,,,,,,,,,,,,,,,,,,,,,,,,,,,,,,,,,,,,,,,,,,,,,,,,,,,,,,,,,,,,,,,,,,,,,,,,,,,,,,,,,,,,,,,,,,,,,,,,,,,,,,,,,,,,,,,,,,,,,,,,,,
,,,214,mandi_mandi_dchb_part_b_primary_census_abstract.pdf,Mandi,,,,,,,,,,,,,"CENSUS ABSTRACT
Sundarnagar",,,,,,,,,,,,,,,,,,,,,,,,,,,,,,,,,,,,,,,,,,,,,,,,,,,,,,,,,,,,,,,,,,,,,,,,,,,,,,,,,,,,,,,,,,,,,,,,,,,,,,,,,,,,,,,,,,,,,,,,,,,,,,,,,,
,,,214,mandi_mandi_dchb_part_b_primary_census_abstract.pdf,Mandi,,,,,,,,,,,,,"Scheduled Castes population Scheduled Tribes population Literates
Persons Males Females Persons Males Females Persons Males Females Name of Village",,,,,,,,,,,,,,,,,,,,,,,,,,,,,,,,,,,,,,,,,,,,,,,,,,,,,,,,,,,,,,,,,,,,,,,,,,,,,,,,,,,,,,,,,,,,,,,,,,,,,,,,,,,,,,,,,,,,,,,,,,,,,,,,,,
,,,214,mandi_mandi_dchb_part_b_primary_census_abstract.pdf,Mandi,,,,,,,,,,,,,11 12 13 14 15 16 17 18 19 2,,,,,,,,,,,,,,,,,,,,,,,,,,,,,,,,,,,,,,,,,,,,,,,,,,,,,,,,,,,,,,,,,,,,,,,,,,,,,,,,,,,,,,,,,,,,,,,,,,,,,,,,,,,,,,,,,,,,,,,,,,,,,,,,,,
,,,215,mandi_mandi_dchb_part_b_primary_census_abstract.pdf,Mandi,,,,,,,,,,,,"VILLAGE PRIMARY
C D Block -",,,,,,,,,,,,,,,,,,,,,,,,,,,,,,,,,,,,,,,,,,,,,,,,,,,,,,,,,,,,,,,,,,,,,,,,,,,,,,,,,,,,,,,,,,,,,,,,,,,,,,,,,,,,,,,,,,,,,,,,,,,,,,,,,,,
,,,215,mandi_mandi_dchb_part_b_primary_census_abstract.pdf,Mandi,,,,,,,,,,,,"Location
code Illiterates Total workers Main workers
number Name of Village Persons Males Females Persons Males Females Persons Males Females",,,,,,,,,,,,,,,,,,,,,,,,,,,,,,,,,,,,,,,,,,,,,,,,,,,,,,,,,,,,,,,,,,,,,,,,,,,,,,,,,,,,,,,,,,,,,,,,,,,,,,,,,,,,,,,,,,,,,,,,,,,,,,,,,,,
,,,215,mandi_mandi_dchb_part_b_primary_census_abstract.pdf,Mandi,,,,,,,,,,,,1 2 20 21 22 23 24 25 26 27 28,,,,,,,,,,,,,,,,,,,,,,,,,,,,,,,,,,,,,,,,,,,,,,,,,,,,,,,,,,,,,,,,,,,,,,,,,,,,,,,,,,,,,,,,,,,,,,,,,,,,,,,,,,,,,,,,,,,,,,,,,,,,,,,,,,,
,,,216,mandi_mandi_dchb_part_b_primary_census_abstract.pdf,Mandi,,,,,,,,,,,,,"CENSUS ABSTRACT
Sundarnagar",,,,,,,,,,,,,,,,,,,,,,,,,,,,,,,,,,,,,,,,,,,,,,,,,,,,,,,,,,,,,,,,,,,,,,,,,,,,,,,,,,,,,,,,,,,,,,,,,,,,,,,,,,,,,,,,,,,,,,,,,,,,,,,,,,
,,,216,mandi_mandi_dchb_part_b_primary_census_abstract.pdf,Mandi,,,,,,,,,,,,,"Industrial category of main workers
Household industry
Cultivators Agricultural labourers workers Other workers
Persons Males Females Persons Males Females Persons MalesFemales Persons Males Females Name of Village",,,,,,,,,,,,,,,,,,,,,,,,,,,,,,,,,,,,,,,,,,,,,,,,,,,,,,,,,,,,,,,,,,,,,,,,,,,,,,,,,,,,,,,,,,,,,,,,,,,,,,,,,,,,,,,,,,,,,,,,,,,,,,,,,,
,,,216,mandi_mandi_dchb_part_b_primary_census_abstract.pdf,Mandi,,,,,,,,,,,,,29 30 31 32 33 34 35 36 37 38 39 40 2,,,,,,,,,,,,,,,,,,,,,,,,,,,,,,,,,,,,,,,,,,,,,,,,,,,,,,,,,,,,,,,,,,,,,,,,,,,,,,,,,,,,,,,,,,,,,,,,,,,,,,,,,,,,,,,,,,,,,,,,,,,,,,,,,,
,,,217,mandi_mandi_dchb_part_b_primary_census_abstract.pdf,Mandi,,,,,,,,,,,,"VILLAGE PRIMARY
C D Block -",,,,,,,,,,,,,,,,,,,,,,,,,,,,,,,,,,,,,,,,,,,,,,,,,,,,,,,,,,,,,,,,,,,,,,,,,,,,,,,,,,,,,,,,,,,,,,,,,,,,,,,,,,,,,,,,,,,,,,,,,,,,,,,,,,,
,,,217,mandi_mandi_dchb_part_b_primary_census_abstract.pdf,Mandi,,,,,,,,,,,,"Industrial category
Location
code Marginal workers Cultivators Agricultural labourers
number Name of Village Persons Males Females Persons Males Females Persons Males Females",,,,,,,,,,,,,,,,,,,,,,,,,,,,,,,,,,,,,,,,,,,,,,,,,,,,,,,,,,,,,,,,,,,,,,,,,,,,,,,,,,,,,,,,,,,,,,,,,,,,,,,,,,,,,,,,,,,,,,,,,,,,,,,,,,,
,,,217,mandi_mandi_dchb_part_b_primary_census_abstract.pdf,Mandi,,,,,,,,,,,,1 2 41 42 43 44 45 46 47 48 49,,,,,,,,,,,,,,,,,,,,,,,,,,,,,,,,,,,,,,,,,,,,,,,,,,,,,,,,,,,,,,,,,,,,,,,,,,,,,,,,,,,,,,,,,,,,,,,,,,,,,,,,,,,,,,,,,,,,,,,,,,,,,,,,,,,
,,,218,mandi_mandi_dchb_part_b_primary_census_abstract.pdf,Mandi,,,,,,,,,,,,,"CENSUS ABSTRACT
Sundarnagar",,,,,,,,,,,,,,,,,,,,,,,,,,,,,,,,,,,,,,,,,,,,,,,,,,,,,,,,,,,,,,,,,,,,,,,,,,,,,,,,,,,,,,,,,,,,,,,,,,,,,,,,,,,,,,,,,,,,,,,,,,,,,,,,,,
,,,218,mandi_mandi_dchb_part_b_primary_census_abstract.pdf,Mandi,,,,,,,,,,,,,"of marginal workers
Location
Household industry workers Other workers Non-workers code
Persons Males Females Persons Males Females Persons Males Females Name of Village number",,,,,,,,,,,,,,,,,,,,,,,,,,,,,,,,,,,,,,,,,,,,,,,,,,,,,,,,,,,,,,,,,,,,,,,,,,,,,,,,,,,,,,,,,,,,,,,,,,,,,,,,,,,,,,,,,,,,,,,,,,,,,,,,,,
,,,218,mandi_mandi_dchb_part_b_primary_census_abstract.pdf,Mandi,,,,,,,,,,,,,50 51 52 53 54 55 56 57 58 2 1,,,,,,,,,,,,,,,,,,,,,,,,,,,,,,,,,,,,,,,,,,,,,,,,,,,,,,,,,,,,,,,,,,,,,,,,,,,,,,,,,,,,,,,,,,,,,,,,,,,,,,,,,,,,,,,,,,,,,,,,,,,,,,,,,,
,,,219,mandi_mandi_dchb_part_b_primary_census_abstract.pdf,Mandi,,,,,,,,,,,,"VILLAGE PRIMARY
C D Block -",,,,,,,,,,,,,,,,,,,,,,,,,,,,,,,,,,,,,,,,,,,,,,,,,,,,,,,,,,,,,,,,,,,,,,,,,,,,,,,,,,,,,,,,,,,,,,,,,,,,,,,,,,,,,,,,,,,,,,,,,,,,,,,,,,,
,,,219,mandi_mandi_dchb_part_b_primary_census_abstract.pdf,Mandi,,,,,,,,,,,,"Location Area of Total population (including institutional
code Village in Number of and houseless population) Population in the age-group 0-6
number Name of Village hectares households Persons Males Females Persons Males Females",,,,,,,,,,,,,,,,,,,,,,,,,,,,,,,,,,,,,,,,,,,,,,,,,,,,,,,,,,,,,,,,,,,,,,,,,,,,,,,,,,,,,,,,,,,,,,,,,,,,,,,,,,,,,,,,,,,,,,,,,,,,,,,,,,,
,,,219,mandi_mandi_dchb_part_b_primary_census_abstract.pdf,Mandi,,,,,,,,,,,,1 2 3 4 5 6 7 8 9 10,,,,,,,,,,,,,,,,,,,,,,,,,,,,,,,,,,,,,,,,,,,,,,,,,,,,,,,,,,,,,,,,,,,,,,,,,,,,,,,,,,,,,,,,,,,,,,,,,,,,,,,,,,,,,,,,,,,,,,,,,,,,,,,,,,,
,,,220,mandi_mandi_dchb_part_b_primary_census_abstract.pdf,Mandi,,,,,,,,,,,,,"CENSUS ABSTRACT
Sundarnagar",,,,,,,,,,,,,,,,,,,,,,,,,,,,,,,,,,,,,,,,,,,,,,,,,,,,,,,,,,,,,,,,,,,,,,,,,,,,,,,,,,,,,,,,,,,,,,,,,,,,,,,,,,,,,,,,,,,,,,,,,,,,,,,,,,
,,,220,mandi_mandi_dchb_part_b_primary_census_abstract.pdf,Mandi,,,,,,,,,,,,,"Scheduled Castes population Scheduled Tribes population Literates
Persons Males Females Persons Males Females Persons Males Females Name of Village",,,,,,,,,,,,,,,,,,,,,,,,,,,,,,,,,,,,,,,,,,,,,,,,,,,,,,,,,,,,,,,,,,,,,,,,,,,,,,,,,,,,,,,,,,,,,,,,,,,,,,,,,,,,,,,,,,,,,,,,,,,,,,,,,,
,,,220,mandi_mandi_dchb_part_b_primary_census_abstract.pdf,Mandi,,,,,,,,,,,,,11 12 13 14 15 16 17 18 19 2,,,,,,,,,,,,,,,,,,,,,,,,,,,,,,,,,,,,,,,,,,,,,,,,,,,,,,,,,,,,,,,,,,,,,,,,,,,,,,,,,,,,,,,,,,,,,,,,,,,,,,,,,,,,,,,,,,,,,,,,,,,,,,,,,,
,,,221,mandi_mandi_dchb_part_b_primary_census_abstract.pdf,Mandi,,,,,,,,,,,,"VILLAGE PRIMARY
C D Block -",,,,,,,,,,,,,,,,,,,,,,,,,,,,,,,,,,,,,,,,,,,,,,,,,,,,,,,,,,,,,,,,,,,,,,,,,,,,,,,,,,,,,,,,,,,,,,,,,,,,,,,,,,,,,,,,,,,,,,,,,,,,,,,,,,,
,,,221,mandi_mandi_dchb_part_b_primary_census_abstract.pdf,Mandi,,,,,,,,,,,,"Location
code Illiterates Total workers Main workers
number Name of Village Persons Males Females Persons Males Females Persons Males Females",,,,,,,,,,,,,,,,,,,,,,,,,,,,,,,,,,,,,,,,,,,,,,,,,,,,,,,,,,,,,,,,,,,,,,,,,,,,,,,,,,,,,,,,,,,,,,,,,,,,,,,,,,,,,,,,,,,,,,,,,,,,,,,,,,,
,,,221,mandi_mandi_dchb_part_b_primary_census_abstract.pdf,Mandi,,,,,,,,,,,,1 2 20 21 22 23 24 25 26 27 28,,,,,,,,,,,,,,,,,,,,,,,,,,,,,,,,,,,,,,,,,,,,,,,,,,,,,,,,,,,,,,,,,,,,,,,,,,,,,,,,,,,,,,,,,,,,,,,,,,,,,,,,,,,,,,,,,,,,,,,,,,,,,,,,,,,
,,,222,mandi_mandi_dchb_part_b_primary_census_abstract.pdf,Mandi,,,,,,,,,,,,,"CENSUS ABSTRACT
Sundarnagar",,,,,,,,,,,,,,,,,,,,,,,,,,,,,,,,,,,,,,,,,,,,,,,,,,,,,,,,,,,,,,,,,,,,,,,,,,,,,,,,,,,,,,,,,,,,,,,,,,,,,,,,,,,,,,,,,,,,,,,,,,,,,,,,,,
,,,222,mandi_mandi_dchb_part_b_primary_census_abstract.pdf,Mandi,,,,,,,,,,,,,"Industrial category of main workers
Household industry
Cultivators Agricultural labourers workers Other workers
Persons Males Females Persons Males Females Persons MalesFemales Persons Males Females Name of Village",,,,,,,,,,,,,,,,,,,,,,,,,,,,,,,,,,,,,,,,,,,,,,,,,,,,,,,,,,,,,,,,,,,,,,,,,,,,,,,,,,,,,,,,,,,,,,,,,,,,,,,,,,,,,,,,,,,,,,,,,,,,,,,,,,
,,,222,mandi_mandi_dchb_part_b_primary_census_abstract.pdf,Mandi,,,,,,,,,,,,,29 30 31 32 33 34 35 36 37 38 39 40 2,,,,,,,,,,,,,,,,,,,,,,,,,,,,,,,,,,,,,,,,,,,,,,,,,,,,,,,,,,,,,,,,,,,,,,,,,,,,,,,,,,,,,,,,,,,,,,,,,,,,,,,,,,,,,,,,,,,,,,,,,,,,,,,,,,
,,,223,mandi_mandi_dchb_part_b_primary_census_abstract.pdf,Mandi,,,,,,,,,,,,"VILLAGE PRIMARY
C D Block -",,,,,,,,,,,,,,,,,,,,,,,,,,,,,,,,,,,,,,,,,,,,,,,,,,,,,,,,,,,,,,,,,,,,,,,,,,,,,,,,,,,,,,,,,,,,,,,,,,,,,,,,,,,,,,,,,,,,,,,,,,,,,,,,,,,
,,,223,mandi_mandi_dchb_part_b_primary_census_abstract.pdf,Mandi,,,,,,,,,,,,"Industrial category
Location
code Marginal workers Cultivators Agricultural labourers
number Name of Village Persons Males Females Persons Males Females Persons Males Females",,,,,,,,,,,,,,,,,,,,,,,,,,,,,,,,,,,,,,,,,,,,,,,,,,,,,,,,,,,,,,,,,,,,,,,,,,,,,,,,,,,,,,,,,,,,,,,,,,,,,,,,,,,,,,,,,,,,,,,,,,,,,,,,,,,
,,,223,mandi_mandi_dchb_part_b_primary_census_abstract.pdf,Mandi,,,,,,,,,,,,1 2 41 42 43 44 45 46 47 48 49,,,,,,,,,,,,,,,,,,,,,,,,,,,,,,,,,,,,,,,,,,,,,,,,,,,,,,,,,,,,,,,,,,,,,,,,,,,,,,,,,,,,,,,,,,,,,,,,,,,,,,,,,,,,,,,,,,,,,,,,,,,,,,,,,,,
,,,224,mandi_mandi_dchb_part_b_primary_census_abstract.pdf,Mandi,,,,,,,,,,,,,"CENSUS ABSTRACT
Sundarnagar",,,,,,,,,,,,,,,,,,,,,,,,,,,,,,,,,,,,,,,,,,,,,,,,,,,,,,,,,,,,,,,,,,,,,,,,,,,,,,,,,,,,,,,,,,,,,,,,,,,,,,,,,,,,,,,,,,,,,,,,,,,,,,,,,,
,,,224,mandi_mandi_dchb_part_b_primary_census_abstract.pdf,Mandi,,,,,,,,,,,,,"of marginal workers
Location
Household industry workers Other workers Non-workers code
Persons Males Females Persons Males Females Persons Males Females Name of Village number",,,,,,,,,,,,,,,,,,,,,,,,,,,,,,,,,,,,,,,,,,,,,,,,,,,,,,,,,,,,,,,,,,,,,,,,,,,,,,,,,,,,,,,,,,,,,,,,,,,,,,,,,,,,,,,,,,,,,,,,,,,,,,,,,,
,,,224,mandi_mandi_dchb_part_b_primary_census_abstract.pdf,Mandi,,,,,,,,,,,,,50 51 52 53 54 55 56 57 58 2 1,,,,,,,,,,,,,,,,,,,,,,,,,,,,,,,,,,,,,,,,,,,,,,,,,,,,,,,,,,,,,,,,,,,,,,,,,,,,,,,,,,,,,,,,,,,,,,,,,,,,,,,,,,,,,,,,,,,,,,,,,,,,,,,,,,
,,,225,mandi_mandi_dchb_part_b_primary_census_abstract.pdf,Mandi,,,,,,,,,,,,"VILLAGE PRIMARY
C D Block -",,,,,,,,,,,,,,,,,,,,,,,,,,,,,,,,,,,,,,,,,,,,,,,,,,,,,,,,,,,,,,,,,,,,,,,,,,,,,,,,,,,,,,,,,,,,,,,,,,,,,,,,,,,,,,,,,,,,,,,,,,,,,,,,,,,
,,,225,mandi_mandi_dchb_part_b_primary_census_abstract.pdf,Mandi,,,,,,,,,,,,"Location Area of Total population (including institutional
code Village in Number of and houseless population) Population in the age-group 0-6
number Name of Village hectares households Persons Males Females Persons Males Females",,,,,,,,,,,,,,,,,,,,,,,,,,,,,,,,,,,,,,,,,,,,,,,,,,,,,,,,,,,,,,,,,,,,,,,,,,,,,,,,,,,,,,,,,,,,,,,,,,,,,,,,,,,,,,,,,,,,,,,,,,,,,,,,,,,
,,,225,mandi_mandi_dchb_part_b_primary_census_abstract.pdf,Mandi,,,,,,,,,,,,1 2 3 4 5 6 7 8 9 10,,,,,,,,,,,,,,,,,,,,,,,,,,,,,,,,,,,,,,,,,,,,,,,,,,,,,,,,,,,,,,,,,,,,,,,,,,,,,,,,,,,,,,,,,,,,,,,,,,,,,,,,,,,,,,,,,,,,,,,,,,,,,,,,,,,
,,,226,mandi_mandi_dchb_part_b_primary_census_abstract.pdf,Mandi,,,,,,,,,,,,,"CENSUS ABSTRACT
Sundarnagar",,,,,,,,,,,,,,,,,,,,,,,,,,,,,,,,,,,,,,,,,,,,,,,,,,,,,,,,,,,,,,,,,,,,,,,,,,,,,,,,,,,,,,,,,,,,,,,,,,,,,,,,,,,,,,,,,,,,,,,,,,,,,,,,,,
,,,226,mandi_mandi_dchb_part_b_primary_census_abstract.pdf,Mandi,,,,,,,,,,,,,"Scheduled Castes population Scheduled Tribes population Literates
Persons Males Females Persons Males Females Persons Males Females Name of Village",,,,,,,,,,,,,,,,,,,,,,,,,,,,,,,,,,,,,,,,,,,,,,,,,,,,,,,,,,,,,,,,,,,,,,,,,,,,,,,,,,,,,,,,,,,,,,,,,,,,,,,,,,,,,,,,,,,,,,,,,,,,,,,,,,
,,,226,mandi_mandi_dchb_part_b_primary_census_abstract.pdf,Mandi,,,,,,,,,,,,,11 12 13 14 15 16 17 18 19 2,,,,,,,,,,,,,,,,,,,,,,,,,,,,,,,,,,,,,,,,,,,,,,,,,,,,,,,,,,,,,,,,,,,,,,,,,,,,,,,,,,,,,,,,,,,,,,,,,,,,,,,,,,,,,,,,,,,,,,,,,,,,,,,,,,
,,,227,mandi_mandi_dchb_part_b_primary_census_abstract.pdf,Mandi,,,,,,,,,,,,"VILLAGE PRIMARY
C D Block -",,,,,,,,,,,,,,,,,,,,,,,,,,,,,,,,,,,,,,,,,,,,,,,,,,,,,,,,,,,,,,,,,,,,,,,,,,,,,,,,,,,,,,,,,,,,,,,,,,,,,,,,,,,,,,,,,,,,,,,,,,,,,,,,,,,
,,,227,mandi_mandi_dchb_part_b_primary_census_abstract.pdf,Mandi,,,,,,,,,,,,"Location
code Illiterates Total workers Main workers
number Name of Village Persons Males Females Persons Males Females Persons Males Females",,,,,,,,,,,,,,,,,,,,,,,,,,,,,,,,,,,,,,,,,,,,,,,,,,,,,,,,,,,,,,,,,,,,,,,,,,,,,,,,,,,,,,,,,,,,,,,,,,,,,,,,,,,,,,,,,,,,,,,,,,,,,,,,,,,
,,,227,mandi_mandi_dchb_part_b_primary_census_abstract.pdf,Mandi,,,,,,,,,,,,1 2 20 21 22 23 24 25 26 27 28,,,,,,,,,,,,,,,,,,,,,,,,,,,,,,,,,,,,,,,,,,,,,,,,,,,,,,,,,,,,,,,,,,,,,,,,,,,,,,,,,,,,,,,,,,,,,,,,,,,,,,,,,,,,,,,,,,,,,,,,,,,,,,,,,,,
,,,228,mandi_mandi_dchb_part_b_primary_census_abstract.pdf,Mandi,,,,,,,,,,,,,"CENSUS ABSTRACT
Sundarnagar",,,,,,,,,,,,,,,,,,,,,,,,,,,,,,,,,,,,,,,,,,,,,,,,,,,,,,,,,,,,,,,,,,,,,,,,,,,,,,,,,,,,,,,,,,,,,,,,,,,,,,,,,,,,,,,,,,,,,,,,,,,,,,,,,,
,,,228,mandi_mandi_dchb_part_b_primary_census_abstract.pdf,Mandi,,,,,,,,,,,,,"Industrial category of main workers
Household industry
Cultivators Agricultural labourers workers Other workers
Persons Males Females Persons Males Females Persons MalesFemales Persons Males Females Name of Village",,,,,,,,,,,,,,,,,,,,,,,,,,,,,,,,,,,,,,,,,,,,,,,,,,,,,,,,,,,,,,,,,,,,,,,,,,,,,,,,,,,,,,,,,,,,,,,,,,,,,,,,,,,,,,,,,,,,,,,,,,,,,,,,,,
,,,228,mandi_mandi_dchb_part_b_primary_census_abstract.pdf,Mandi,,,,,,,,,,,,,29 30 31 32 33 34 35 36 37 38 39 40 2,,,,,,,,,,,,,,,,,,,,,,,,,,,,,,,,,,,,,,,,,,,,,,,,,,,,,,,,,,,,,,,,,,,,,,,,,,,,,,,,,,,,,,,,,,,,,,,,,,,,,,,,,,,,,,,,,,,,,,,,,,,,,,,,,,
,,,229,mandi_mandi_dchb_part_b_primary_census_abstract.pdf,Mandi,,,,,,,,,,,,"VILLAGE PRIMARY
C D Block -",,,,,,,,,,,,,,,,,,,,,,,,,,,,,,,,,,,,,,,,,,,,,,,,,,,,,,,,,,,,,,,,,,,,,,,,,,,,,,,,,,,,,,,,,,,,,,,,,,,,,,,,,,,,,,,,,,,,,,,,,,,,,,,,,,,
,,,229,mandi_mandi_dchb_part_b_primary_census_abstract.pdf,Mandi,,,,,,,,,,,,"Industrial category
Location
code Marginal workers Cultivators Agricultural labourers
number Name of Village Persons Males Females Persons Males Females Persons Males Females",,,,,,,,,,,,,,,,,,,,,,,,,,,,,,,,,,,,,,,,,,,,,,,,,,,,,,,,,,,,,,,,,,,,,,,,,,,,,,,,,,,,,,,,,,,,,,,,,,,,,,,,,,,,,,,,,,,,,,,,,,,,,,,,,,,
,,,229,mandi_mandi_dchb_part_b_primary_census_abstract.pdf,Mandi,,,,,,,,,,,,1 2 41 42 43 44 45 46 47 48 49,,,,,,,,,,,,,,,,,,,,,,,,,,,,,,,,,,,,,,,,,,,,,,,,,,,,,,,,,,,,,,,,,,,,,,,,,,,,,,,,,,,,,,,,,,,,,,,,,,,,,,,,,,,,,,,,,,,,,,,,,,,,,,,,,,,
,,,230,mandi_mandi_dchb_part_b_primary_census_abstract.pdf,Mandi,,,,,,,,,,,,,"CENSUS ABSTRACT
Sundarnagar",,,,,,,,,,,,,,,,,,,,,,,,,,,,,,,,,,,,,,,,,,,,,,,,,,,,,,,,,,,,,,,,,,,,,,,,,,,,,,,,,,,,,,,,,,,,,,,,,,,,,,,,,,,,,,,,,,,,,,,,,,,,,,,,,,
,,,230,mandi_mandi_dchb_part_b_primary_census_abstract.pdf,Mandi,,,,,,,,,,,,,"of marginal workers
Location
Household industry workers Other workers Non-workers code
Persons Males Females Persons Males Females Persons Males Females Name of Village number",,,,,,,,,,,,,,,,,,,,,,,,,,,,,,,,,,,,,,,,,,,,,,,,,,,,,,,,,,,,,,,,,,,,,,,,,,,,,,,,,,,,,,,,,,,,,,,,,,,,,,,,,,,,,,,,,,,,,,,,,,,,,,,,,,
,,,230,mandi_mandi_dchb_part_b_primary_census_abstract.pdf,Mandi,,,,,,,,,,,,,50 51 52 53 54 55 56 57 58 2 1,,,,,,,,,,,,,,,,,,,,,,,,,,,,,,,,,,,,,,,,,,,,,,,,,,,,,,,,,,,,,,,,,,,,,,,,,,,,,,,,,,,,,,,,,,,,,,,,,,,,,,,,,,,,,,,,,,,,,,,,,,,,,,,,,,
,,,231,mandi_mandi_dchb_part_b_primary_census_abstract.pdf,Mandi,,,,,,,,,,,,"VILLAGE PRIMARY
C D Block -",,,,,,,,,,,,,,,,,,,,,,,,,,,,,,,,,,,,,,,,,,,,,,,,,,,,,,,,,,,,,,,,,,,,,,,,,,,,,,,,,,,,,,,,,,,,,,,,,,,,,,,,,,,,,,,,,,,,,,,,,,,,,,,,,,,
,,,231,mandi_mandi_dchb_part_b_primary_census_abstract.pdf,Mandi,,,,,,,,,,,,"Location Area of Total population (including institutional
code Village in Number of and houseless population) Population in the age-group 0-6
number Name of Village hectares households Persons Males Females Persons Males Females",,,,,,,,,,,,,,,,,,,,,,,,,,,,,,,,,,,,,,,,,,,,,,,,,,,,,,,,,,,,,,,,,,,,,,,,,,,,,,,,,,,,,,,,,,,,,,,,,,,,,,,,,,,,,,,,,,,,,,,,,,,,,,,,,,,
,,,231,mandi_mandi_dchb_part_b_primary_census_abstract.pdf,Mandi,,,,,,,,,,,,1 2 3 4 5 6 7 8 9 10,,,,,,,,,,,,,,,,,,,,,,,,,,,,,,,,,,,,,,,,,,,,,,,,,,,,,,,,,,,,,,,,,,,,,,,,,,,,,,,,,,,,,,,,,,,,,,,,,,,,,,,,,,,,,,,,,,,,,,,,,,,,,,,,,,,
,,,232,mandi_mandi_dchb_part_b_primary_census_abstract.pdf,Mandi,,,,,,,,,,,,,"CENSUS ABSTRACT
Sundarnagar",,,,,,,,,,,,,,,,,,,,,,,,,,,,,,,,,,,,,,,,,,,,,,,,,,,,,,,,,,,,,,,,,,,,,,,,,,,,,,,,,,,,,,,,,,,,,,,,,,,,,,,,,,,,,,,,,,,,,,,,,,,,,,,,,,
,,,232,mandi_mandi_dchb_part_b_primary_census_abstract.pdf,Mandi,,,,,,,,,,,,,"Scheduled Castes population Scheduled Tribes population Literates
Persons Males Females Persons Males Females Persons Males Females Name of Village",,,,,,,,,,,,,,,,,,,,,,,,,,,,,,,,,,,,,,,,,,,,,,,,,,,,,,,,,,,,,,,,,,,,,,,,,,,,,,,,,,,,,,,,,,,,,,,,,,,,,,,,,,,,,,,,,,,,,,,,,,,,,,,,,,
,,,232,mandi_mandi_dchb_part_b_primary_census_abstract.pdf,Mandi,,,,,,,,,,,,,11 12 13 14 15 16 17 18 19 2,,,,,,,,,,,,,,,,,,,,,,,,,,,,,,,,,,,,,,,,,,,,,,,,,,,,,,,,,,,,,,,,,,,,,,,,,,,,,,,,,,,,,,,,,,,,,,,,,,,,,,,,,,,,,,,,,,,,,,,,,,,,,,,,,,
,,,233,mandi_mandi_dchb_part_b_primary_census_abstract.pdf,Mandi,,,,,,,,,,,,"VILLAGE PRIMARY
C D Block -",,,,,,,,,,,,,,,,,,,,,,,,,,,,,,,,,,,,,,,,,,,,,,,,,,,,,,,,,,,,,,,,,,,,,,,,,,,,,,,,,,,,,,,,,,,,,,,,,,,,,,,,,,,,,,,,,,,,,,,,,,,,,,,,,,,
,,,233,mandi_mandi_dchb_part_b_primary_census_abstract.pdf,Mandi,,,,,,,,,,,,"Location
code Illiterates Total workers Main workers
number Name of Village Persons Males Females Persons Males Females Persons Males Females",,,,,,,,,,,,,,,,,,,,,,,,,,,,,,,,,,,,,,,,,,,,,,,,,,,,,,,,,,,,,,,,,,,,,,,,,,,,,,,,,,,,,,,,,,,,,,,,,,,,,,,,,,,,,,,,,,,,,,,,,,,,,,,,,,,
,,,233,mandi_mandi_dchb_part_b_primary_census_abstract.pdf,Mandi,,,,,,,,,,,,1 2 20 21 22 23 24 25 26 27 28,,,,,,,,,,,,,,,,,,,,,,,,,,,,,,,,,,,,,,,,,,,,,,,,,,,,,,,,,,,,,,,,,,,,,,,,,,,,,,,,,,,,,,,,,,,,,,,,,,,,,,,,,,,,,,,,,,,,,,,,,,,,,,,,,,,
,,,234,mandi_mandi_dchb_part_b_primary_census_abstract.pdf,Mandi,,,,,,,,,,,,,"CENSUS ABSTRACT
Sundarnagar",,,,,,,,,,,,,,,,,,,,,,,,,,,,,,,,,,,,,,,,,,,,,,,,,,,,,,,,,,,,,,,,,,,,,,,,,,,,,,,,,,,,,,,,,,,,,,,,,,,,,,,,,,,,,,,,,,,,,,,,,,,,,,,,,,
,,,234,mandi_mandi_dchb_part_b_primary_census_abstract.pdf,Mandi,,,,,,,,,,,,,"Industrial category of main workers
Household industry
Cultivators Agricultural labourers workers Other workers
Persons Males Females Persons Males Females Persons MalesFemales Persons Males Females Name of Village",,,,,,,,,,,,,,,,,,,,,,,,,,,,,,,,,,,,,,,,,,,,,,,,,,,,,,,,,,,,,,,,,,,,,,,,,,,,,,,,,,,,,,,,,,,,,,,,,,,,,,,,,,,,,,,,,,,,,,,,,,,,,,,,,,
,,,234,mandi_mandi_dchb_part_b_primary_census_abstract.pdf,Mandi,,,,,,,,,,,,,29 30 31 32 33 34 35 36 37 38 39 40 2,,,,,,,,,,,,,,,,,,,,,,,,,,,,,,,,,,,,,,,,,,,,,,,,,,,,,,,,,,,,,,,,,,,,,,,,,,,,,,,,,,,,,,,,,,,,,,,,,,,,,,,,,,,,,,,,,,,,,,,,,,,,,,,,,,
,,,235,mandi_mandi_dchb_part_b_primary_census_abstract.pdf,Mandi,,,,,,,,,,,,"VILLAGE PRIMARY
C D Block -",,,,,,,,,,,,,,,,,,,,,,,,,,,,,,,,,,,,,,,,,,,,,,,,,,,,,,,,,,,,,,,,,,,,,,,,,,,,,,,,,,,,,,,,,,,,,,,,,,,,,,,,,,,,,,,,,,,,,,,,,,,,,,,,,,,
,,,235,mandi_mandi_dchb_part_b_primary_census_abstract.pdf,Mandi,,,,,,,,,,,,"Industrial category
Location
code Marginal workers Cultivators Agricultural labourers
number Name of Village Persons Males Females Persons Males Females Persons Males Females",,,,,,,,,,,,,,,,,,,,,,,,,,,,,,,,,,,,,,,,,,,,,,,,,,,,,,,,,,,,,,,,,,,,,,,,,,,,,,,,,,,,,,,,,,,,,,,,,,,,,,,,,,,,,,,,,,,,,,,,,,,,,,,,,,,
,,,235,mandi_mandi_dchb_part_b_primary_census_abstract.pdf,Mandi,,,,,,,,,,,,1 2 41 42 43 44 45 46 47 48 49,,,,,,,,,,,,,,,,,,,,,,,,,,,,,,,,,,,,,,,,,,,,,,,,,,,,,,,,,,,,,,,,,,,,,,,,,,,,,,,,,,,,,,,,,,,,,,,,,,,,,,,,,,,,,,,,,,,,,,,,,,,,,,,,,,,
,,,236,mandi_mandi_dchb_part_b_primary_census_abstract.pdf,Mandi,,,,,,,,,,,,,"CENSUS ABSTRACT
Sundarnagar",,,,,,,,,,,,,,,,,,,,,,,,,,,,,,,,,,,,,,,,,,,,,,,,,,,,,,,,,,,,,,,,,,,,,,,,,,,,,,,,,,,,,,,,,,,,,,,,,,,,,,,,,,,,,,,,,,,,,,,,,,,,,,,,,,
,,,236,mandi_mandi_dchb_part_b_primary_census_abstract.pdf,Mandi,,,,,,,,,,,,,"of marginal workers
Location
Household industry workers Other workers Non-workers code
Persons Males Females Persons Males Females Persons Males Females Name of Village number",,,,,,,,,,,,,,,,,,,,,,,,,,,,,,,,,,,,,,,,,,,,,,,,,,,,,,,,,,,,,,,,,,,,,,,,,,,,,,,,,,,,,,,,,,,,,,,,,,,,,,,,,,,,,,,,,,,,,,,,,,,,,,,,,,
,,,236,mandi_mandi_dchb_part_b_primary_census_abstract.pdf,Mandi,,,,,,,,,,,,,50 51 52 53 54 55 56 57 58 2 1,,,,,,,,,,,,,,,,,,,,,,,,,,,,,,,,,,,,,,,,,,,,,,,,,,,,,,,,,,,,,,,,,,,,,,,,,,,,,,,,,,,,,,,,,,,,,,,,,,,,,,,,,,,,,,,,,,,,,,,,,,,,,,,,,,
,,,237,mandi_mandi_dchb_part_b_primary_census_abstract.pdf,Mandi,,,,,,,,,,,,"VILLAGE PRIMARY
C D Block -",,,,,,,,,,,,,,,,,,,,,,,,,,,,,,,,,,,,,,,,,,,,,,,,,,,,,,,,,,,,,,,,,,,,,,,,,,,,,,,,,,,,,,,,,,,,,,,,,,,,,,,,,,,,,,,,,,,,,,,,,,,,,,,,,,,
,,,237,mandi_mandi_dchb_part_b_primary_census_abstract.pdf,Mandi,,,,,,,,,,,,"Total population (including
Location Area of institutional and houseless
code Village in Number of population) Population in the age-group 0-6
number Name of Village hectares households Persons Males Females Persons Males Females",,,,,,,,,,,,,,,,,,,,,,,,,,,,,,,,,,,,,,,,,,,,,,,,,,,,,,,,,,,,,,,,,,,,,,,,,,,,,,,,,,,,,,,,,,,,,,,,,,,,,,,,,,,,,,,,,,,,,,,,,,,,,,,,,,,
,,,237,mandi_mandi_dchb_part_b_primary_census_abstract.pdf,Mandi,,,,,,,,,,,,1 2 3 4 5 6 7 8 9 10,,,,,,,,,,,,,,,,,,,,,,,,,,,,,,,,,,,,,,,,,,,,,,,,,,,,,,,,,,,,,,,,,,,,,,,,,,,,,,,,,,,,,,,,,,,,,,,,,,,,,,,,,,,,,,,,,,,,,,,,,,,,,,,,,,,
,,,238,mandi_mandi_dchb_part_b_primary_census_abstract.pdf,Mandi,,,,,,,,,,,,,"CENSUS ABSTRACT
Balh",,,,,,,,,,,,,,,,,,,,,,,,,,,,,,,,,,,,,,,,,,,,,,,,,,,,,,,,,,,,,,,,,,,,,,,,,,,,,,,,,,,,,,,,,,,,,,,,,,,,,,,,,,,,,,,,,,,,,,,,,,,,,,,,,,
,,,238,mandi_mandi_dchb_part_b_primary_census_abstract.pdf,Mandi,,,,,,,,,,,,,"Scheduled Castes population Scheduled Tribes population Literates
Persons Males Females Persons Males Females Persons Males Females Name of Village",,,,,,,,,,,,,,,,,,,,,,,,,,,,,,,,,,,,,,,,,,,,,,,,,,,,,,,,,,,,,,,,,,,,,,,,,,,,,,,,,,,,,,,,,,,,,,,,,,,,,,,,,,,,,,,,,,,,,,,,,,,,,,,,,,
,,,238,mandi_mandi_dchb_part_b_primary_census_abstract.pdf,Mandi,,,,,,,,,,,,,11 12 13 14 15 16 17 18 19 2,,,,,,,,,,,,,,,,,,,,,,,,,,,,,,,,,,,,,,,,,,,,,,,,,,,,,,,,,,,,,,,,,,,,,,,,,,,,,,,,,,,,,,,,,,,,,,,,,,,,,,,,,,,,,,,,,,,,,,,,,,,,,,,,,,
,,,239,mandi_mandi_dchb_part_b_primary_census_abstract.pdf,Mandi,,,,,,,,,,,,"VILLAGE PRIMARY
C D Block -",,,,,,,,,,,,,,,,,,,,,,,,,,,,,,,,,,,,,,,,,,,,,,,,,,,,,,,,,,,,,,,,,,,,,,,,,,,,,,,,,,,,,,,,,,,,,,,,,,,,,,,,,,,,,,,,,,,,,,,,,,,,,,,,,,,
,,,239,mandi_mandi_dchb_part_b_primary_census_abstract.pdf,Mandi,,,,,,,,,,,,"Location
code Illiterates Total workers Main workers
number Name of Village Persons Males Females Persons Males Females Persons Males Females",,,,,,,,,,,,,,,,,,,,,,,,,,,,,,,,,,,,,,,,,,,,,,,,,,,,,,,,,,,,,,,,,,,,,,,,,,,,,,,,,,,,,,,,,,,,,,,,,,,,,,,,,,,,,,,,,,,,,,,,,,,,,,,,,,,
,,,239,mandi_mandi_dchb_part_b_primary_census_abstract.pdf,Mandi,,,,,,,,,,,,1 2 20 21 22 23 24 25 26 27 28,,,,,,,,,,,,,,,,,,,,,,,,,,,,,,,,,,,,,,,,,,,,,,,,,,,,,,,,,,,,,,,,,,,,,,,,,,,,,,,,,,,,,,,,,,,,,,,,,,,,,,,,,,,,,,,,,,,,,,,,,,,,,,,,,,,
,,,240,mandi_mandi_dchb_part_b_primary_census_abstract.pdf,Mandi,,,,,,,,,,,,,"CENSUS ABSTRACT
Balh",,,,,,,,,,,,,,,,,,,,,,,,,,,,,,,,,,,,,,,,,,,,,,,,,,,,,,,,,,,,,,,,,,,,,,,,,,,,,,,,,,,,,,,,,,,,,,,,,,,,,,,,,,,,,,,,,,,,,,,,,,,,,,,,,,
,,,240,mandi_mandi_dchb_part_b_primary_census_abstract.pdf,Mandi,,,,,,,,,,,,,"Industrial category of main workers
Household industry
Cultivators Agricultural labourers workers Other workers
Persons Males Females Persons Males Females PersonsMalesFemales Persons Males Females Name of Village",,,,,,,,,,,,,,,,,,,,,,,,,,,,,,,,,,,,,,,,,,,,,,,,,,,,,,,,,,,,,,,,,,,,,,,,,,,,,,,,,,,,,,,,,,,,,,,,,,,,,,,,,,,,,,,,,,,,,,,,,,,,,,,,,,
,,,240,mandi_mandi_dchb_part_b_primary_census_abstract.pdf,Mandi,,,,,,,,,,,,,29 30 31 32 33 34 35 36 37 38 39 40 2,,,,,,,,,,,,,,,,,,,,,,,,,,,,,,,,,,,,,,,,,,,,,,,,,,,,,,,,,,,,,,,,,,,,,,,,,,,,,,,,,,,,,,,,,,,,,,,,,,,,,,,,,,,,,,,,,,,,,,,,,,,,,,,,,,
,,,241,mandi_mandi_dchb_part_b_primary_census_abstract.pdf,Mandi,,,,,,,,,,,,"VILLAGE PRIMARY
C D Block -",,,,,,,,,,,,,,,,,,,,,,,,,,,,,,,,,,,,,,,,,,,,,,,,,,,,,,,,,,,,,,,,,,,,,,,,,,,,,,,,,,,,,,,,,,,,,,,,,,,,,,,,,,,,,,,,,,,,,,,,,,,,,,,,,,,
,,,241,mandi_mandi_dchb_part_b_primary_census_abstract.pdf,Mandi,,,,,,,,,,,,"Industrial category
Location
code Marginal workers Cultivators Agricultural labourers
number Name of Village Persons Males Females Persons Males Females Persons Males Females",,,,,,,,,,,,,,,,,,,,,,,,,,,,,,,,,,,,,,,,,,,,,,,,,,,,,,,,,,,,,,,,,,,,,,,,,,,,,,,,,,,,,,,,,,,,,,,,,,,,,,,,,,,,,,,,,,,,,,,,,,,,,,,,,,,
,,,241,mandi_mandi_dchb_part_b_primary_census_abstract.pdf,Mandi,,,,,,,,,,,,1 2 41 42 43 44 45 46 47 48 49,,,,,,,,,,,,,,,,,,,,,,,,,,,,,,,,,,,,,,,,,,,,,,,,,,,,,,,,,,,,,,,,,,,,,,,,,,,,,,,,,,,,,,,,,,,,,,,,,,,,,,,,,,,,,,,,,,,,,,,,,,,,,,,,,,,
,,,242,mandi_mandi_dchb_part_b_primary_census_abstract.pdf,Mandi,,,,,,,,,,,,,"CENSUS ABSTRACT
Balh",,,,,,,,,,,,,,,,,,,,,,,,,,,,,,,,,,,,,,,,,,,,,,,,,,,,,,,,,,,,,,,,,,,,,,,,,,,,,,,,,,,,,,,,,,,,,,,,,,,,,,,,,,,,,,,,,,,,,,,,,,,,,,,,,,
,,,242,mandi_mandi_dchb_part_b_primary_census_abstract.pdf,Mandi,,,,,,,,,,,,,"of marginal workers
Location
Household industry workers Other workers Non-workers code
Persons Males Females Persons Males Females Persons Males Females Name of Village number",,,,,,,,,,,,,,,,,,,,,,,,,,,,,,,,,,,,,,,,,,,,,,,,,,,,,,,,,,,,,,,,,,,,,,,,,,,,,,,,,,,,,,,,,,,,,,,,,,,,,,,,,,,,,,,,,,,,,,,,,,,,,,,,,,
,,,242,mandi_mandi_dchb_part_b_primary_census_abstract.pdf,Mandi,,,,,,,,,,,,,50 51 52 53 54 55 56 57 58 2 1,,,,,,,,,,,,,,,,,,,,,,,,,,,,,,,,,,,,,,,,,,,,,,,,,,,,,,,,,,,,,,,,,,,,,,,,,,,,,,,,,,,,,,,,,,,,,,,,,,,,,,,,,,,,,,,,,,,,,,,,,,,,,,,,,,
,,,243,mandi_mandi_dchb_part_b_primary_census_abstract.pdf,Mandi,,,,,,,,,,,,"VILLAGE PRIMARY
C D Block -",,,,,,,,,,,,,,,,,,,,,,,,,,,,,,,,,,,,,,,,,,,,,,,,,,,,,,,,,,,,,,,,,,,,,,,,,,,,,,,,,,,,,,,,,,,,,,,,,,,,,,,,,,,,,,,,,,,,,,,,,,,,,,,,,,,
,,,243,mandi_mandi_dchb_part_b_primary_census_abstract.pdf,Mandi,,,,,,,,,,,,"Total population (including
Location Area of institutional and houseless
code Village in Number of population) Population in the age-group 0-6
number Name of Village hectares households Persons Males Females Persons Males Females",,,,,,,,,,,,,,,,,,,,,,,,,,,,,,,,,,,,,,,,,,,,,,,,,,,,,,,,,,,,,,,,,,,,,,,,,,,,,,,,,,,,,,,,,,,,,,,,,,,,,,,,,,,,,,,,,,,,,,,,,,,,,,,,,,,
,,,243,mandi_mandi_dchb_part_b_primary_census_abstract.pdf,Mandi,,,,,,,,,,,,1 2 3 4 5 6 7 8 9 10,,,,,,,,,,,,,,,,,,,,,,,,,,,,,,,,,,,,,,,,,,,,,,,,,,,,,,,,,,,,,,,,,,,,,,,,,,,,,,,,,,,,,,,,,,,,,,,,,,,,,,,,,,,,,,,,,,,,,,,,,,,,,,,,,,,
,,,244,mandi_mandi_dchb_part_b_primary_census_abstract.pdf,Mandi,,,,,,,,,,,,,"CENSUS ABSTRACT
Balh",,,,,,,,,,,,,,,,,,,,,,,,,,,,,,,,,,,,,,,,,,,,,,,,,,,,,,,,,,,,,,,,,,,,,,,,,,,,,,,,,,,,,,,,,,,,,,,,,,,,,,,,,,,,,,,,,,,,,,,,,,,,,,,,,,
,,,244,mandi_mandi_dchb_part_b_primary_census_abstract.pdf,Mandi,,,,,,,,,,,,,"Scheduled Castes population Scheduled Tribes population Literates
Persons Males Females Persons Males Females Persons Males Females Name of Village",,,,,,,,,,,,,,,,,,,,,,,,,,,,,,,,,,,,,,,,,,,,,,,,,,,,,,,,,,,,,,,,,,,,,,,,,,,,,,,,,,,,,,,,,,,,,,,,,,,,,,,,,,,,,,,,,,,,,,,,,,,,,,,,,,
,,,244,mandi_mandi_dchb_part_b_primary_census_abstract.pdf,Mandi,,,,,,,,,,,,,11 12 13 14 15 16 17 18 19 2,,,,,,,,,,,,,,,,,,,,,,,,,,,,,,,,,,,,,,,,,,,,,,,,,,,,,,,,,,,,,,,,,,,,,,,,,,,,,,,,,,,,,,,,,,,,,,,,,,,,,,,,,,,,,,,,,,,,,,,,,,,,,,,,,,
,,,245,mandi_mandi_dchb_part_b_primary_census_abstract.pdf,Mandi,,,,,,,,,,,,"VILLAGE PRIMARY
C D Block -",,,,,,,,,,,,,,,,,,,,,,,,,,,,,,,,,,,,,,,,,,,,,,,,,,,,,,,,,,,,,,,,,,,,,,,,,,,,,,,,,,,,,,,,,,,,,,,,,,,,,,,,,,,,,,,,,,,,,,,,,,,,,,,,,,,
,,,245,mandi_mandi_dchb_part_b_primary_census_abstract.pdf,Mandi,,,,,,,,,,,,"Location
code Illiterates Total workers Main workers
number Name of Village Persons Males Females Persons Males Females Persons Males Females",,,,,,,,,,,,,,,,,,,,,,,,,,,,,,,,,,,,,,,,,,,,,,,,,,,,,,,,,,,,,,,,,,,,,,,,,,,,,,,,,,,,,,,,,,,,,,,,,,,,,,,,,,,,,,,,,,,,,,,,,,,,,,,,,,,
,,,245,mandi_mandi_dchb_part_b_primary_census_abstract.pdf,Mandi,,,,,,,,,,,,1 2 20 21 22 23 24 25 26 27 28,,,,,,,,,,,,,,,,,,,,,,,,,,,,,,,,,,,,,,,,,,,,,,,,,,,,,,,,,,,,,,,,,,,,,,,,,,,,,,,,,,,,,,,,,,,,,,,,,,,,,,,,,,,,,,,,,,,,,,,,,,,,,,,,,,,
,,,246,mandi_mandi_dchb_part_b_primary_census_abstract.pdf,Mandi,,,,,,,,,,,,,"CENSUS ABSTRACT
Balh",,,,,,,,,,,,,,,,,,,,,,,,,,,,,,,,,,,,,,,,,,,,,,,,,,,,,,,,,,,,,,,,,,,,,,,,,,,,,,,,,,,,,,,,,,,,,,,,,,,,,,,,,,,,,,,,,,,,,,,,,,,,,,,,,,
,,,246,mandi_mandi_dchb_part_b_primary_census_abstract.pdf,Mandi,,,,,,,,,,,,,"Industrial category of main workers
Household industry
Cultivators Agricultural labourers workers Other workers
Persons Males Females Persons Males Females PersonsMalesFemales Persons Males Females Name of Village",,,,,,,,,,,,,,,,,,,,,,,,,,,,,,,,,,,,,,,,,,,,,,,,,,,,,,,,,,,,,,,,,,,,,,,,,,,,,,,,,,,,,,,,,,,,,,,,,,,,,,,,,,,,,,,,,,,,,,,,,,,,,,,,,,
,,,246,mandi_mandi_dchb_part_b_primary_census_abstract.pdf,Mandi,,,,,,,,,,,,,29 30 31 32 33 34 35 36 37 38 39 40 2,,,,,,,,,,,,,,,,,,,,,,,,,,,,,,,,,,,,,,,,,,,,,,,,,,,,,,,,,,,,,,,,,,,,,,,,,,,,,,,,,,,,,,,,,,,,,,,,,,,,,,,,,,,,,,,,,,,,,,,,,,,,,,,,,,
,,,247,mandi_mandi_dchb_part_b_primary_census_abstract.pdf,Mandi,,,,,,,,,,,,"VILLAGE PRIMARY
C D Block -",,,,,,,,,,,,,,,,,,,,,,,,,,,,,,,,,,,,,,,,,,,,,,,,,,,,,,,,,,,,,,,,,,,,,,,,,,,,,,,,,,,,,,,,,,,,,,,,,,,,,,,,,,,,,,,,,,,,,,,,,,,,,,,,,,,
,,,247,mandi_mandi_dchb_part_b_primary_census_abstract.pdf,Mandi,,,,,,,,,,,,"Industrial category
Location
code Marginal workers Cultivators Agricultural labourers
number Name of Village Persons Males Females Persons Males Females Persons Males Females",,,,,,,,,,,,,,,,,,,,,,,,,,,,,,,,,,,,,,,,,,,,,,,,,,,,,,,,,,,,,,,,,,,,,,,,,,,,,,,,,,,,,,,,,,,,,,,,,,,,,,,,,,,,,,,,,,,,,,,,,,,,,,,,,,,
,,,247,mandi_mandi_dchb_part_b_primary_census_abstract.pdf,Mandi,,,,,,,,,,,,1 2 41 42 43 44 45 46 47 48 49,,,,,,,,,,,,,,,,,,,,,,,,,,,,,,,,,,,,,,,,,,,,,,,,,,,,,,,,,,,,,,,,,,,,,,,,,,,,,,,,,,,,,,,,,,,,,,,,,,,,,,,,,,,,,,,,,,,,,,,,,,,,,,,,,,,
,,,248,mandi_mandi_dchb_part_b_primary_census_abstract.pdf,Mandi,,,,,,,,,,,,,"CENSUS ABSTRACT
Balh",,,,,,,,,,,,,,,,,,,,,,,,,,,,,,,,,,,,,,,,,,,,,,,,,,,,,,,,,,,,,,,,,,,,,,,,,,,,,,,,,,,,,,,,,,,,,,,,,,,,,,,,,,,,,,,,,,,,,,,,,,,,,,,,,,
,,,248,mandi_mandi_dchb_part_b_primary_census_abstract.pdf,Mandi,,,,,,,,,,,,,"of marginal workers
Location
Household industry workers Other workers Non-workers code
Persons Males Females Persons Males Females Persons Males Females Name of Village number",,,,,,,,,,,,,,,,,,,,,,,,,,,,,,,,,,,,,,,,,,,,,,,,,,,,,,,,,,,,,,,,,,,,,,,,,,,,,,,,,,,,,,,,,,,,,,,,,,,,,,,,,,,,,,,,,,,,,,,,,,,,,,,,,,
,,,248,mandi_mandi_dchb_part_b_primary_census_abstract.pdf,Mandi,,,,,,,,,,,,,50 51 52 53 54 55 56 57 58 2 1,,,,,,,,,,,,,,,,,,,,,,,,,,,,,,,,,,,,,,,,,,,,,,,,,,,,,,,,,,,,,,,,,,,,,,,,,,,,,,,,,,,,,,,,,,,,,,,,,,,,,,,,,,,,,,,,,,,,,,,,,,,,,,,,,,
,,,249,mandi_mandi_dchb_part_b_primary_census_abstract.pdf,Mandi,,,,,,,,,,,,"VILLAGE PRIMARY
C D Block -",,,,,,,,,,,,,,,,,,,,,,,,,,,,,,,,,,,,,,,,,,,,,,,,,,,,,,,,,,,,,,,,,,,,,,,,,,,,,,,,,,,,,,,,,,,,,,,,,,,,,,,,,,,,,,,,,,,,,,,,,,,,,,,,,,,
,,,249,mandi_mandi_dchb_part_b_primary_census_abstract.pdf,Mandi,,,,,,,,,,,,"Total population (including
Location Area of institutional and houseless
code Village in Number of population) Population in the age-group 0-6
number Name of Village hectares households Persons Males Females Persons Males Females",,,,,,,,,,,,,,,,,,,,,,,,,,,,,,,,,,,,,,,,,,,,,,,,,,,,,,,,,,,,,,,,,,,,,,,,,,,,,,,,,,,,,,,,,,,,,,,,,,,,,,,,,,,,,,,,,,,,,,,,,,,,,,,,,,,
,,,249,mandi_mandi_dchb_part_b_primary_census_abstract.pdf,Mandi,,,,,,,,,,,,1 2 3 4 5 6 7 8 9 10,,,,,,,,,,,,,,,,,,,,,,,,,,,,,,,,,,,,,,,,,,,,,,,,,,,,,,,,,,,,,,,,,,,,,,,,,,,,,,,,,,,,,,,,,,,,,,,,,,,,,,,,,,,,,,,,,,,,,,,,,,,,,,,,,,,
,,,250,mandi_mandi_dchb_part_b_primary_census_abstract.pdf,Mandi,,,,,,,,,,,,,"CENSUS ABSTRACT
Balh",,,,,,,,,,,,,,,,,,,,,,,,,,,,,,,,,,,,,,,,,,,,,,,,,,,,,,,,,,,,,,,,,,,,,,,,,,,,,,,,,,,,,,,,,,,,,,,,,,,,,,,,,,,,,,,,,,,,,,,,,,,,,,,,,,
,,,250,mandi_mandi_dchb_part_b_primary_census_abstract.pdf,Mandi,,,,,,,,,,,,,"Scheduled Castes population Scheduled Tribes population Literates
Persons Males Females Persons Males Females Persons Males Females Name of Village",,,,,,,,,,,,,,,,,,,,,,,,,,,,,,,,,,,,,,,,,,,,,,,,,,,,,,,,,,,,,,,,,,,,,,,,,,,,,,,,,,,,,,,,,,,,,,,,,,,,,,,,,,,,,,,,,,,,,,,,,,,,,,,,,,
,,,250,mandi_mandi_dchb_part_b_primary_census_abstract.pdf,Mandi,,,,,,,,,,,,,11 12 13 14 15 16 17 18 19 2,,,,,,,,,,,,,,,,,,,,,,,,,,,,,,,,,,,,,,,,,,,,,,,,,,,,,,,,,,,,,,,,,,,,,,,,,,,,,,,,,,,,,,,,,,,,,,,,,,,,,,,,,,,,,,,,,,,,,,,,,,,,,,,,,,
,,,251,mandi_mandi_dchb_part_b_primary_census_abstract.pdf,Mandi,,,,,,,,,,,,"VILLAGE PRIMARY
C D Block -",,,,,,,,,,,,,,,,,,,,,,,,,,,,,,,,,,,,,,,,,,,,,,,,,,,,,,,,,,,,,,,,,,,,,,,,,,,,,,,,,,,,,,,,,,,,,,,,,,,,,,,,,,,,,,,,,,,,,,,,,,,,,,,,,,,
,,,251,mandi_mandi_dchb_part_b_primary_census_abstract.pdf,Mandi,,,,,,,,,,,,"Location
code Illiterates Total workers Main workers
number Name of Village Persons Males Females Persons Males Females Persons Males Females",,,,,,,,,,,,,,,,,,,,,,,,,,,,,,,,,,,,,,,,,,,,,,,,,,,,,,,,,,,,,,,,,,,,,,,,,,,,,,,,,,,,,,,,,,,,,,,,,,,,,,,,,,,,,,,,,,,,,,,,,,,,,,,,,,,
,,,251,mandi_mandi_dchb_part_b_primary_census_abstract.pdf,Mandi,,,,,,,,,,,,1 2 20 21 22 23 24 25 26 27 28,,,,,,,,,,,,,,,,,,,,,,,,,,,,,,,,,,,,,,,,,,,,,,,,,,,,,,,,,,,,,,,,,,,,,,,,,,,,,,,,,,,,,,,,,,,,,,,,,,,,,,,,,,,,,,,,,,,,,,,,,,,,,,,,,,,
,,,252,mandi_mandi_dchb_part_b_primary_census_abstract.pdf,Mandi,,,,,,,,,,,,,"CENSUS ABSTRACT
Balh",,,,,,,,,,,,,,,,,,,,,,,,,,,,,,,,,,,,,,,,,,,,,,,,,,,,,,,,,,,,,,,,,,,,,,,,,,,,,,,,,,,,,,,,,,,,,,,,,,,,,,,,,,,,,,,,,,,,,,,,,,,,,,,,,,
,,,252,mandi_mandi_dchb_part_b_primary_census_abstract.pdf,Mandi,,,,,,,,,,,,,"Industrial category of main workers
Household industry
Cultivators Agricultural labourers workers Other workers
Persons Males Females Persons Males Females PersonsMalesFemales Persons Males Females Name of Village",,,,,,,,,,,,,,,,,,,,,,,,,,,,,,,,,,,,,,,,,,,,,,,,,,,,,,,,,,,,,,,,,,,,,,,,,,,,,,,,,,,,,,,,,,,,,,,,,,,,,,,,,,,,,,,,,,,,,,,,,,,,,,,,,,
,,,252,mandi_mandi_dchb_part_b_primary_census_abstract.pdf,Mandi,,,,,,,,,,,,,29 30 31 32 33 34 35 36 37 38 39 40 2,,,,,,,,,,,,,,,,,,,,,,,,,,,,,,,,,,,,,,,,,,,,,,,,,,,,,,,,,,,,,,,,,,,,,,,,,,,,,,,,,,,,,,,,,,,,,,,,,,,,,,,,,,,,,,,,,,,,,,,,,,,,,,,,,,
,,,253,mandi_mandi_dchb_part_b_primary_census_abstract.pdf,Mandi,,,,,,,,,,,,"VILLAGE PRIMARY
C D Block -",,,,,,,,,,,,,,,,,,,,,,,,,,,,,,,,,,,,,,,,,,,,,,,,,,,,,,,,,,,,,,,,,,,,,,,,,,,,,,,,,,,,,,,,,,,,,,,,,,,,,,,,,,,,,,,,,,,,,,,,,,,,,,,,,,,
,,,253,mandi_mandi_dchb_part_b_primary_census_abstract.pdf,Mandi,,,,,,,,,,,,"Industrial category
Location
code Marginal workers Cultivators Agricultural labourers
number Name of Village Persons Males Females Persons Males Females Persons Males Females",,,,,,,,,,,,,,,,,,,,,,,,,,,,,,,,,,,,,,,,,,,,,,,,,,,,,,,,,,,,,,,,,,,,,,,,,,,,,,,,,,,,,,,,,,,,,,,,,,,,,,,,,,,,,,,,,,,,,,,,,,,,,,,,,,,
,,,253,mandi_mandi_dchb_part_b_primary_census_abstract.pdf,Mandi,,,,,,,,,,,,1 2 41 42 43 44 45 46 47 48 49,,,,,,,,,,,,,,,,,,,,,,,,,,,,,,,,,,,,,,,,,,,,,,,,,,,,,,,,,,,,,,,,,,,,,,,,,,,,,,,,,,,,,,,,,,,,,,,,,,,,,,,,,,,,,,,,,,,,,,,,,,,,,,,,,,,
,,,254,mandi_mandi_dchb_part_b_primary_census_abstract.pdf,Mandi,,,,,,,,,,,,,"CENSUS ABSTRACT
Balh",,,,,,,,,,,,,,,,,,,,,,,,,,,,,,,,,,,,,,,,,,,,,,,,,,,,,,,,,,,,,,,,,,,,,,,,,,,,,,,,,,,,,,,,,,,,,,,,,,,,,,,,,,,,,,,,,,,,,,,,,,,,,,,,,,
,,,254,mandi_mandi_dchb_part_b_primary_census_abstract.pdf,Mandi,,,,,,,,,,,,,"of marginal workers
Location
Household industry workers Other workers Non-workers code
Persons Males Females Persons Males Females Persons Males Females Name of Village number",,,,,,,,,,,,,,,,,,,,,,,,,,,,,,,,,,,,,,,,,,,,,,,,,,,,,,,,,,,,,,,,,,,,,,,,,,,,,,,,,,,,,,,,,,,,,,,,,,,,,,,,,,,,,,,,,,,,,,,,,,,,,,,,,,
,,,254,mandi_mandi_dchb_part_b_primary_census_abstract.pdf,Mandi,,,,,,,,,,,,,50 51 52 53 54 55 56 57 58 2 1,,,,,,,,,,,,,,,,,,,,,,,,,,,,,,,,,,,,,,,,,,,,,,,,,,,,,,,,,,,,,,,,,,,,,,,,,,,,,,,,,,,,,,,,,,,,,,,,,,,,,,,,,,,,,,,,,,,,,,,,,,,,,,,,,,
,,,255,mandi_mandi_dchb_part_b_primary_census_abstract.pdf,Mandi,,,,,,,,,,,,"VILLAGE PRIMARY
C D Block -",,,,,,,,,,,,,,,,,,,,,,,,,,,,,,,,,,,,,,,,,,,,,,,,,,,,,,,,,,,,,,,,,,,,,,,,,,,,,,,,,,,,,,,,,,,,,,,,,,,,,,,,,,,,,,,,,,,,,,,,,,,,,,,,,,,
,,,255,mandi_mandi_dchb_part_b_primary_census_abstract.pdf,Mandi,,,,,,,,,,,,"Total population (including
Location Area of institutional and houseless
code Village in Number of population) Population in the age-group 0-6
number Name of Village hectares households Persons Males Females Persons Males Females",,,,,,,,,,,,,,,,,,,,,,,,,,,,,,,,,,,,,,,,,,,,,,,,,,,,,,,,,,,,,,,,,,,,,,,,,,,,,,,,,,,,,,,,,,,,,,,,,,,,,,,,,,,,,,,,,,,,,,,,,,,,,,,,,,,
,,,255,mandi_mandi_dchb_part_b_primary_census_abstract.pdf,Mandi,,,,,,,,,,,,1 2 3 4 5 6 7 8 9 10,,,,,,,,,,,,,,,,,,,,,,,,,,,,,,,,,,,,,,,,,,,,,,,,,,,,,,,,,,,,,,,,,,,,,,,,,,,,,,,,,,,,,,,,,,,,,,,,,,,,,,,,,,,,,,,,,,,,,,,,,,,,,,,,,,,
,,,256,mandi_mandi_dchb_part_b_primary_census_abstract.pdf,Mandi,,,,,,,,,,,,,"CENSUS ABSTRACT
Balh",,,,,,,,,,,,,,,,,,,,,,,,,,,,,,,,,,,,,,,,,,,,,,,,,,,,,,,,,,,,,,,,,,,,,,,,,,,,,,,,,,,,,,,,,,,,,,,,,,,,,,,,,,,,,,,,,,,,,,,,,,,,,,,,,,
,,,256,mandi_mandi_dchb_part_b_primary_census_abstract.pdf,Mandi,,,,,,,,,,,,,"Scheduled Castes population Scheduled Tribes population Literates
Persons Males Females Persons Males Females Persons Males Females Name of Village",,,,,,,,,,,,,,,,,,,,,,,,,,,,,,,,,,,,,,,,,,,,,,,,,,,,,,,,,,,,,,,,,,,,,,,,,,,,,,,,,,,,,,,,,,,,,,,,,,,,,,,,,,,,,,,,,,,,,,,,,,,,,,,,,,
,,,256,mandi_mandi_dchb_part_b_primary_census_abstract.pdf,Mandi,,,,,,,,,,,,,11 12 13 14 15 16 17 18 19 2,,,,,,,,,,,,,,,,,,,,,,,,,,,,,,,,,,,,,,,,,,,,,,,,,,,,,,,,,,,,,,,,,,,,,,,,,,,,,,,,,,,,,,,,,,,,,,,,,,,,,,,,,,,,,,,,,,,,,,,,,,,,,,,,,,
,,,257,mandi_mandi_dchb_part_b_primary_census_abstract.pdf,Mandi,,,,,,,,,,,,"VILLAGE PRIMARY
C D Block -",,,,,,,,,,,,,,,,,,,,,,,,,,,,,,,,,,,,,,,,,,,,,,,,,,,,,,,,,,,,,,,,,,,,,,,,,,,,,,,,,,,,,,,,,,,,,,,,,,,,,,,,,,,,,,,,,,,,,,,,,,,,,,,,,,,
,,,257,mandi_mandi_dchb_part_b_primary_census_abstract.pdf,Mandi,,,,,,,,,,,,"Location
code Illiterates Total workers Main workers
number Name of Village Persons Males Females Persons Males Females Persons Males Females",,,,,,,,,,,,,,,,,,,,,,,,,,,,,,,,,,,,,,,,,,,,,,,,,,,,,,,,,,,,,,,,,,,,,,,,,,,,,,,,,,,,,,,,,,,,,,,,,,,,,,,,,,,,,,,,,,,,,,,,,,,,,,,,,,,
,,,257,mandi_mandi_dchb_part_b_primary_census_abstract.pdf,Mandi,,,,,,,,,,,,1 2 20 21 22 23 24 25 26 27 28,,,,,,,,,,,,,,,,,,,,,,,,,,,,,,,,,,,,,,,,,,,,,,,,,,,,,,,,,,,,,,,,,,,,,,,,,,,,,,,,,,,,,,,,,,,,,,,,,,,,,,,,,,,,,,,,,,,,,,,,,,,,,,,,,,,
,,,258,mandi_mandi_dchb_part_b_primary_census_abstract.pdf,Mandi,,,,,,,,,,,,,"CENSUS ABSTRACT
Balh",,,,,,,,,,,,,,,,,,,,,,,,,,,,,,,,,,,,,,,,,,,,,,,,,,,,,,,,,,,,,,,,,,,,,,,,,,,,,,,,,,,,,,,,,,,,,,,,,,,,,,,,,,,,,,,,,,,,,,,,,,,,,,,,,,
,,,258,mandi_mandi_dchb_part_b_primary_census_abstract.pdf,Mandi,,,,,,,,,,,,,"Industrial category of main workers
Household industry
Cultivators Agricultural labourers workers Other workers
Persons Males Females Persons Males Females PersonsMalesFemales Persons Males Females Name of Village",,,,,,,,,,,,,,,,,,,,,,,,,,,,,,,,,,,,,,,,,,,,,,,,,,,,,,,,,,,,,,,,,,,,,,,,,,,,,,,,,,,,,,,,,,,,,,,,,,,,,,,,,,,,,,,,,,,,,,,,,,,,,,,,,,
,,,258,mandi_mandi_dchb_part_b_primary_census_abstract.pdf,Mandi,,,,,,,,,,,,,29 30 31 32 33 34 35 36 37 38 39 40 2,,,,,,,,,,,,,,,,,,,,,,,,,,,,,,,,,,,,,,,,,,,,,,,,,,,,,,,,,,,,,,,,,,,,,,,,,,,,,,,,,,,,,,,,,,,,,,,,,,,,,,,,,,,,,,,,,,,,,,,,,,,,,,,,,,
,,,259,mandi_mandi_dchb_part_b_primary_census_abstract.pdf,Mandi,,,,,,,,,,,,"VILLAGE PRIMARY
C D Block -",,,,,,,,,,,,,,,,,,,,,,,,,,,,,,,,,,,,,,,,,,,,,,,,,,,,,,,,,,,,,,,,,,,,,,,,,,,,,,,,,,,,,,,,,,,,,,,,,,,,,,,,,,,,,,,,,,,,,,,,,,,,,,,,,,,
,,,259,mandi_mandi_dchb_part_b_primary_census_abstract.pdf,Mandi,,,,,,,,,,,,"Industrial category
Location
code Marginal workers Cultivators Agricultural labourers
number Name of Village Persons Males Females Persons Males Females Persons Males Females",,,,,,,,,,,,,,,,,,,,,,,,,,,,,,,,,,,,,,,,,,,,,,,,,,,,,,,,,,,,,,,,,,,,,,,,,,,,,,,,,,,,,,,,,,,,,,,,,,,,,,,,,,,,,,,,,,,,,,,,,,,,,,,,,,,
,,,259,mandi_mandi_dchb_part_b_primary_census_abstract.pdf,Mandi,,,,,,,,,,,,1 2 41 42 43 44 45 46 47 48 49,,,,,,,,,,,,,,,,,,,,,,,,,,,,,,,,,,,,,,,,,,,,,,,,,,,,,,,,,,,,,,,,,,,,,,,,,,,,,,,,,,,,,,,,,,,,,,,,,,,,,,,,,,,,,,,,,,,,,,,,,,,,,,,,,,,
,,,260,mandi_mandi_dchb_part_b_primary_census_abstract.pdf,Mandi,,,,,,,,,,,,,"CENSUS ABSTRACT
Balh",,,,,,,,,,,,,,,,,,,,,,,,,,,,,,,,,,,,,,,,,,,,,,,,,,,,,,,,,,,,,,,,,,,,,,,,,,,,,,,,,,,,,,,,,,,,,,,,,,,,,,,,,,,,,,,,,,,,,,,,,,,,,,,,,,
,,,260,mandi_mandi_dchb_part_b_primary_census_abstract.pdf,Mandi,,,,,,,,,,,,,"of marginal workers
Location
Household industry workers Other workers Non-workers code
Persons Males Females Persons Males Females Persons Males Females Name of Village number",,,,,,,,,,,,,,,,,,,,,,,,,,,,,,,,,,,,,,,,,,,,,,,,,,,,,,,,,,,,,,,,,,,,,,,,,,,,,,,,,,,,,,,,,,,,,,,,,,,,,,,,,,,,,,,,,,,,,,,,,,,,,,,,,,
,,,260,mandi_mandi_dchb_part_b_primary_census_abstract.pdf,Mandi,,,,,,,,,,,,,50 51 52 53 54 55 56 57 58 2 1,,,,,,,,,,,,,,,,,,,,,,,,,,,,,,,,,,,,,,,,,,,,,,,,,,,,,,,,,,,,,,,,,,,,,,,,,,,,,,,,,,,,,,,,,,,,,,,,,,,,,,,,,,,,,,,,,,,,,,,,,,,,,,,,,,
,,,261,mandi_mandi_dchb_part_b_primary_census_abstract.pdf,Mandi,,,,,,,,,,,,"VILLAGE PRIMARY
C D Block -",,,,,,,,,,,,,,,,,,,,,,,,,,,,,,,,,,,,,,,,,,,,,,,,,,,,,,,,,,,,,,,,,,,,,,,,,,,,,,,,,,,,,,,,,,,,,,,,,,,,,,,,,,,,,,,,,,,,,,,,,,,,,,,,,,,
,,,261,mandi_mandi_dchb_part_b_primary_census_abstract.pdf,Mandi,,,,,,,,,,,,"Location Area of Total population (including institutional
code Village in Number of and houseless population) Population in the age-group 0-6
number Name of Village hectares households Persons Males Females Persons Males Females",,,,,,,,,,,,,,,,,,,,,,,,,,,,,,,,,,,,,,,,,,,,,,,,,,,,,,,,,,,,,,,,,,,,,,,,,,,,,,,,,,,,,,,,,,,,,,,,,,,,,,,,,,,,,,,,,,,,,,,,,,,,,,,,,,,
,,,261,mandi_mandi_dchb_part_b_primary_census_abstract.pdf,Mandi,,,,,,,,,,,,1 2 3 4 5 6 7 8 9 10,,,,,,,,,,,,,,,,,,,,,,,,,,,,,,,,,,,,,,,,,,,,,,,,,,,,,,,,,,,,,,,,,,,,,,,,,,,,,,,,,,,,,,,,,,,,,,,,,,,,,,,,,,,,,,,,,,,,,,,,,,,,,,,,,,,
,,,262,mandi_mandi_dchb_part_b_primary_census_abstract.pdf,Mandi,,,,,,,,,,,,,"CENSUS ABSTRACT
Mandi Sadar",,,,,,,,,,,,,,,,,,,,,,,,,,,,,,,,,,,,,,,,,,,,,,,,,,,,,,,,,,,,,,,,,,,,,,,,,,,,,,,,,,,,,,,,,,,,,,,,,,,,,,,,,,,,,,,,,,,,,,,,,,,,,,,,,,
,,,262,mandi_mandi_dchb_part_b_primary_census_abstract.pdf,Mandi,,,,,,,,,,,,,"Scheduled Castes population Scheduled Tribes population Literates
Persons Males Females Persons Males Females Persons Males Females Name of Village",,,,,,,,,,,,,,,,,,,,,,,,,,,,,,,,,,,,,,,,,,,,,,,,,,,,,,,,,,,,,,,,,,,,,,,,,,,,,,,,,,,,,,,,,,,,,,,,,,,,,,,,,,,,,,,,,,,,,,,,,,,,,,,,,,
,,,262,mandi_mandi_dchb_part_b_primary_census_abstract.pdf,Mandi,,,,,,,,,,,,,11 12 13 14 15 16 17 18 19 2,,,,,,,,,,,,,,,,,,,,,,,,,,,,,,,,,,,,,,,,,,,,,,,,,,,,,,,,,,,,,,,,,,,,,,,,,,,,,,,,,,,,,,,,,,,,,,,,,,,,,,,,,,,,,,,,,,,,,,,,,,,,,,,,,,
,,,263,mandi_mandi_dchb_part_b_primary_census_abstract.pdf,Mandi,,,,,,,,,,,,"VILLAGE PRIMARY
C D Block -",,,,,,,,,,,,,,,,,,,,,,,,,,,,,,,,,,,,,,,,,,,,,,,,,,,,,,,,,,,,,,,,,,,,,,,,,,,,,,,,,,,,,,,,,,,,,,,,,,,,,,,,,,,,,,,,,,,,,,,,,,,,,,,,,,,
,,,263,mandi_mandi_dchb_part_b_primary_census_abstract.pdf,Mandi,,,,,,,,,,,,"Location
code Illiterates Total workers Main workers
number Name of Village Persons Males Females Persons Males Females Persons Males Females",,,,,,,,,,,,,,,,,,,,,,,,,,,,,,,,,,,,,,,,,,,,,,,,,,,,,,,,,,,,,,,,,,,,,,,,,,,,,,,,,,,,,,,,,,,,,,,,,,,,,,,,,,,,,,,,,,,,,,,,,,,,,,,,,,,
,,,263,mandi_mandi_dchb_part_b_primary_census_abstract.pdf,Mandi,,,,,,,,,,,,1 2 20 21 22 23 24 25 26 27 28,,,,,,,,,,,,,,,,,,,,,,,,,,,,,,,,,,,,,,,,,,,,,,,,,,,,,,,,,,,,,,,,,,,,,,,,,,,,,,,,,,,,,,,,,,,,,,,,,,,,,,,,,,,,,,,,,,,,,,,,,,,,,,,,,,,
,,,264,mandi_mandi_dchb_part_b_primary_census_abstract.pdf,Mandi,,,,,,,,,,,,,"CENSUS ABSTRACT
Mandi Sadar",,,,,,,,,,,,,,,,,,,,,,,,,,,,,,,,,,,,,,,,,,,,,,,,,,,,,,,,,,,,,,,,,,,,,,,,,,,,,,,,,,,,,,,,,,,,,,,,,,,,,,,,,,,,,,,,,,,,,,,,,,,,,,,,,,
,,,264,mandi_mandi_dchb_part_b_primary_census_abstract.pdf,Mandi,,,,,,,,,,,,,"Industrial category of main workers
Household industry
Cultivators Agricultural labourers workers Other workers
Persons Males Females Persons Males Females Persons MalesFemales Persons Males Females Name of Village",,,,,,,,,,,,,,,,,,,,,,,,,,,,,,,,,,,,,,,,,,,,,,,,,,,,,,,,,,,,,,,,,,,,,,,,,,,,,,,,,,,,,,,,,,,,,,,,,,,,,,,,,,,,,,,,,,,,,,,,,,,,,,,,,,
,,,264,mandi_mandi_dchb_part_b_primary_census_abstract.pdf,Mandi,,,,,,,,,,,,,29 30 31 32 33 34 35 36 37 38 39 40 2,,,,,,,,,,,,,,,,,,,,,,,,,,,,,,,,,,,,,,,,,,,,,,,,,,,,,,,,,,,,,,,,,,,,,,,,,,,,,,,,,,,,,,,,,,,,,,,,,,,,,,,,,,,,,,,,,,,,,,,,,,,,,,,,,,
,,,265,mandi_mandi_dchb_part_b_primary_census_abstract.pdf,Mandi,,,,,,,,,,,,"VILLAGE PRIMARY
C D Block -",,,,,,,,,,,,,,,,,,,,,,,,,,,,,,,,,,,,,,,,,,,,,,,,,,,,,,,,,,,,,,,,,,,,,,,,,,,,,,,,,,,,,,,,,,,,,,,,,,,,,,,,,,,,,,,,,,,,,,,,,,,,,,,,,,,
,,,265,mandi_mandi_dchb_part_b_primary_census_abstract.pdf,Mandi,,,,,,,,,,,,"Industrial category
Location
code Marginal workers Cultivators Agricultural labourers
number Name of Village Persons Males Females Persons Males Females Persons Males Females",,,,,,,,,,,,,,,,,,,,,,,,,,,,,,,,,,,,,,,,,,,,,,,,,,,,,,,,,,,,,,,,,,,,,,,,,,,,,,,,,,,,,,,,,,,,,,,,,,,,,,,,,,,,,,,,,,,,,,,,,,,,,,,,,,,
,,,265,mandi_mandi_dchb_part_b_primary_census_abstract.pdf,Mandi,,,,,,,,,,,,1 2 41 42 43 44 45 46 47 48 49,,,,,,,,,,,,,,,,,,,,,,,,,,,,,,,,,,,,,,,,,,,,,,,,,,,,,,,,,,,,,,,,,,,,,,,,,,,,,,,,,,,,,,,,,,,,,,,,,,,,,,,,,,,,,,,,,,,,,,,,,,,,,,,,,,,
,,,266,mandi_mandi_dchb_part_b_primary_census_abstract.pdf,Mandi,,,,,,,,,,,,,"CENSUS ABSTRACT
Mandi Sadar",,,,,,,,,,,,,,,,,,,,,,,,,,,,,,,,,,,,,,,,,,,,,,,,,,,,,,,,,,,,,,,,,,,,,,,,,,,,,,,,,,,,,,,,,,,,,,,,,,,,,,,,,,,,,,,,,,,,,,,,,,,,,,,,,,
,,,266,mandi_mandi_dchb_part_b_primary_census_abstract.pdf,Mandi,,,,,,,,,,,,,"of marginal workers
Location
Household industry workers Other workers Non-workers code
Persons Males Females Persons Males Females Persons Males Females Name of Village number",,,,,,,,,,,,,,,,,,,,,,,,,,,,,,,,,,,,,,,,,,,,,,,,,,,,,,,,,,,,,,,,,,,,,,,,,,,,,,,,,,,,,,,,,,,,,,,,,,,,,,,,,,,,,,,,,,,,,,,,,,,,,,,,,,
,,,266,mandi_mandi_dchb_part_b_primary_census_abstract.pdf,Mandi,,,,,,,,,,,,,50 51 52 53 54 55 56 57 58 2 1,,,,,,,,,,,,,,,,,,,,,,,,,,,,,,,,,,,,,,,,,,,,,,,,,,,,,,,,,,,,,,,,,,,,,,,,,,,,,,,,,,,,,,,,,,,,,,,,,,,,,,,,,,,,,,,,,,,,,,,,,,,,,,,,,,
,,,267,mandi_mandi_dchb_part_b_primary_census_abstract.pdf,Mandi,,,,,,,,,,,,"VILLAGE PRIMARY
C D Block -",,,,,,,,,,,,,,,,,,,,,,,,,,,,,,,,,,,,,,,,,,,,,,,,,,,,,,,,,,,,,,,,,,,,,,,,,,,,,,,,,,,,,,,,,,,,,,,,,,,,,,,,,,,,,,,,,,,,,,,,,,,,,,,,,,,
,,,267,mandi_mandi_dchb_part_b_primary_census_abstract.pdf,Mandi,,,,,,,,,,,,"Location Area of Total population (including institutional
code Village in Number of and houseless population) Population in the age-group 0-6
number Name of Village hectares households Persons Males Females Persons Males Females",,,,,,,,,,,,,,,,,,,,,,,,,,,,,,,,,,,,,,,,,,,,,,,,,,,,,,,,,,,,,,,,,,,,,,,,,,,,,,,,,,,,,,,,,,,,,,,,,,,,,,,,,,,,,,,,,,,,,,,,,,,,,,,,,,,
,,,267,mandi_mandi_dchb_part_b_primary_census_abstract.pdf,Mandi,,,,,,,,,,,,1 2 3 4 5 6 7 8 9 10,,,,,,,,,,,,,,,,,,,,,,,,,,,,,,,,,,,,,,,,,,,,,,,,,,,,,,,,,,,,,,,,,,,,,,,,,,,,,,,,,,,,,,,,,,,,,,,,,,,,,,,,,,,,,,,,,,,,,,,,,,,,,,,,,,,
,,,268,mandi_mandi_dchb_part_b_primary_census_abstract.pdf,Mandi,,,,,,,,,,,,,"CENSUS ABSTRACT
Mandi Sadar",,,,,,,,,,,,,,,,,,,,,,,,,,,,,,,,,,,,,,,,,,,,,,,,,,,,,,,,,,,,,,,,,,,,,,,,,,,,,,,,,,,,,,,,,,,,,,,,,,,,,,,,,,,,,,,,,,,,,,,,,,,,,,,,,,
,,,268,mandi_mandi_dchb_part_b_primary_census_abstract.pdf,Mandi,,,,,,,,,,,,,"Scheduled Castes population Scheduled Tribes population Literates
Persons Males Females Persons Males Females Persons Males Females Name of Village",,,,,,,,,,,,,,,,,,,,,,,,,,,,,,,,,,,,,,,,,,,,,,,,,,,,,,,,,,,,,,,,,,,,,,,,,,,,,,,,,,,,,,,,,,,,,,,,,,,,,,,,,,,,,,,,,,,,,,,,,,,,,,,,,,
,,,268,mandi_mandi_dchb_part_b_primary_census_abstract.pdf,Mandi,,,,,,,,,,,,,11 12 13 14 15 16 17 18 19 2,,,,,,,,,,,,,,,,,,,,,,,,,,,,,,,,,,,,,,,,,,,,,,,,,,,,,,,,,,,,,,,,,,,,,,,,,,,,,,,,,,,,,,,,,,,,,,,,,,,,,,,,,,,,,,,,,,,,,,,,,,,,,,,,,,
,,,269,mandi_mandi_dchb_part_b_primary_census_abstract.pdf,Mandi,,,,,,,,,,,,"VILLAGE PRIMARY
C D Block -",,,,,,,,,,,,,,,,,,,,,,,,,,,,,,,,,,,,,,,,,,,,,,,,,,,,,,,,,,,,,,,,,,,,,,,,,,,,,,,,,,,,,,,,,,,,,,,,,,,,,,,,,,,,,,,,,,,,,,,,,,,,,,,,,,,
,,,269,mandi_mandi_dchb_part_b_primary_census_abstract.pdf,Mandi,,,,,,,,,,,,"Location
code Illiterates Total workers Main workers
number Name of Village Persons Males Females Persons Males Females Persons Males Females",,,,,,,,,,,,,,,,,,,,,,,,,,,,,,,,,,,,,,,,,,,,,,,,,,,,,,,,,,,,,,,,,,,,,,,,,,,,,,,,,,,,,,,,,,,,,,,,,,,,,,,,,,,,,,,,,,,,,,,,,,,,,,,,,,,
,,,269,mandi_mandi_dchb_part_b_primary_census_abstract.pdf,Mandi,,,,,,,,,,,,1 2 20 21 22 23 24 25 26 27 28,,,,,,,,,,,,,,,,,,,,,,,,,,,,,,,,,,,,,,,,,,,,,,,,,,,,,,,,,,,,,,,,,,,,,,,,,,,,,,,,,,,,,,,,,,,,,,,,,,,,,,,,,,,,,,,,,,,,,,,,,,,,,,,,,,,
,,,270,mandi_mandi_dchb_part_b_primary_census_abstract.pdf,Mandi,,,,,,,,,,,,,"CENSUS ABSTRACT
Mandi Sadar",,,,,,,,,,,,,,,,,,,,,,,,,,,,,,,,,,,,,,,,,,,,,,,,,,,,,,,,,,,,,,,,,,,,,,,,,,,,,,,,,,,,,,,,,,,,,,,,,,,,,,,,,,,,,,,,,,,,,,,,,,,,,,,,,,
,,,270,mandi_mandi_dchb_part_b_primary_census_abstract.pdf,Mandi,,,,,,,,,,,,,"Industrial category of main workers
Household industry
Cultivators Agricultural labourers workers Other workers
Persons Males Females Persons Males Females Persons MalesFemales Persons Males Females Name of Village",,,,,,,,,,,,,,,,,,,,,,,,,,,,,,,,,,,,,,,,,,,,,,,,,,,,,,,,,,,,,,,,,,,,,,,,,,,,,,,,,,,,,,,,,,,,,,,,,,,,,,,,,,,,,,,,,,,,,,,,,,,,,,,,,,
,,,270,mandi_mandi_dchb_part_b_primary_census_abstract.pdf,Mandi,,,,,,,,,,,,,29 30 31 32 33 34 35 36 37 38 39 40 2,,,,,,,,,,,,,,,,,,,,,,,,,,,,,,,,,,,,,,,,,,,,,,,,,,,,,,,,,,,,,,,,,,,,,,,,,,,,,,,,,,,,,,,,,,,,,,,,,,,,,,,,,,,,,,,,,,,,,,,,,,,,,,,,,,
,,,271,mandi_mandi_dchb_part_b_primary_census_abstract.pdf,Mandi,,,,,,,,,,,,"VILLAGE PRIMARY
C D Block -",,,,,,,,,,,,,,,,,,,,,,,,,,,,,,,,,,,,,,,,,,,,,,,,,,,,,,,,,,,,,,,,,,,,,,,,,,,,,,,,,,,,,,,,,,,,,,,,,,,,,,,,,,,,,,,,,,,,,,,,,,,,,,,,,,,
,,,271,mandi_mandi_dchb_part_b_primary_census_abstract.pdf,Mandi,,,,,,,,,,,,"Industrial category
Location
code Marginal workers Cultivators Agricultural labourers
number Name of Village Persons Males Females Persons Males Females Persons Males Females",,,,,,,,,,,,,,,,,,,,,,,,,,,,,,,,,,,,,,,,,,,,,,,,,,,,,,,,,,,,,,,,,,,,,,,,,,,,,,,,,,,,,,,,,,,,,,,,,,,,,,,,,,,,,,,,,,,,,,,,,,,,,,,,,,,
,,,271,mandi_mandi_dchb_part_b_primary_census_abstract.pdf,Mandi,,,,,,,,,,,,1 2 41 42 43 44 45 46 47 48 49,,,,,,,,,,,,,,,,,,,,,,,,,,,,,,,,,,,,,,,,,,,,,,,,,,,,,,,,,,,,,,,,,,,,,,,,,,,,,,,,,,,,,,,,,,,,,,,,,,,,,,,,,,,,,,,,,,,,,,,,,,,,,,,,,,,
,,,272,mandi_mandi_dchb_part_b_primary_census_abstract.pdf,Mandi,,,,,,,,,,,,,"CENSUS ABSTRACT
Mandi Sadar",,,,,,,,,,,,,,,,,,,,,,,,,,,,,,,,,,,,,,,,,,,,,,,,,,,,,,,,,,,,,,,,,,,,,,,,,,,,,,,,,,,,,,,,,,,,,,,,,,,,,,,,,,,,,,,,,,,,,,,,,,,,,,,,,,
,,,272,mandi_mandi_dchb_part_b_primary_census_abstract.pdf,Mandi,,,,,,,,,,,,,"of marginal workers
Location
Household industry workers Other workers Non-workers code
Persons Males Females Persons Males Females Persons Males Females Name of Village number",,,,,,,,,,,,,,,,,,,,,,,,,,,,,,,,,,,,,,,,,,,,,,,,,,,,,,,,,,,,,,,,,,,,,,,,,,,,,,,,,,,,,,,,,,,,,,,,,,,,,,,,,,,,,,,,,,,,,,,,,,,,,,,,,,
,,,272,mandi_mandi_dchb_part_b_primary_census_abstract.pdf,Mandi,,,,,,,,,,,,,50 51 52 53 54 55 56 57 58 2 1,,,,,,,,,,,,,,,,,,,,,,,,,,,,,,,,,,,,,,,,,,,,,,,,,,,,,,,,,,,,,,,,,,,,,,,,,,,,,,,,,,,,,,,,,,,,,,,,,,,,,,,,,,,,,,,,,,,,,,,,,,,,,,,,,,
,,,273,mandi_mandi_dchb_part_b_primary_census_abstract.pdf,Mandi,,,,,,,,,,,,"VILLAGE PRIMARY
C D Block -",,,,,,,,,,,,,,,,,,,,,,,,,,,,,,,,,,,,,,,,,,,,,,,,,,,,,,,,,,,,,,,,,,,,,,,,,,,,,,,,,,,,,,,,,,,,,,,,,,,,,,,,,,,,,,,,,,,,,,,,,,,,,,,,,,,
,,,273,mandi_mandi_dchb_part_b_primary_census_abstract.pdf,Mandi,,,,,,,,,,,,"Location Area of Total population (including institutional
code Village in Number of and houseless population) Population in the age-group 0-6
number Name of Village hectares households Persons Males Females Persons Males Females",,,,,,,,,,,,,,,,,,,,,,,,,,,,,,,,,,,,,,,,,,,,,,,,,,,,,,,,,,,,,,,,,,,,,,,,,,,,,,,,,,,,,,,,,,,,,,,,,,,,,,,,,,,,,,,,,,,,,,,,,,,,,,,,,,,
,,,273,mandi_mandi_dchb_part_b_primary_census_abstract.pdf,Mandi,,,,,,,,,,,,1 2 3 4 5 6 7 8 9 10,,,,,,,,,,,,,,,,,,,,,,,,,,,,,,,,,,,,,,,,,,,,,,,,,,,,,,,,,,,,,,,,,,,,,,,,,,,,,,,,,,,,,,,,,,,,,,,,,,,,,,,,,,,,,,,,,,,,,,,,,,,,,,,,,,,
,,,274,mandi_mandi_dchb_part_b_primary_census_abstract.pdf,Mandi,,,,,,,,,,,,,"CENSUS ABSTRACT
Mandi Sadar",,,,,,,,,,,,,,,,,,,,,,,,,,,,,,,,,,,,,,,,,,,,,,,,,,,,,,,,,,,,,,,,,,,,,,,,,,,,,,,,,,,,,,,,,,,,,,,,,,,,,,,,,,,,,,,,,,,,,,,,,,,,,,,,,,
,,,274,mandi_mandi_dchb_part_b_primary_census_abstract.pdf,Mandi,,,,,,,,,,,,,"Scheduled Castes population Scheduled Tribes population Literates
Persons Males Females Persons Males Females Persons Males Females Name of Village",,,,,,,,,,,,,,,,,,,,,,,,,,,,,,,,,,,,,,,,,,,,,,,,,,,,,,,,,,,,,,,,,,,,,,,,,,,,,,,,,,,,,,,,,,,,,,,,,,,,,,,,,,,,,,,,,,,,,,,,,,,,,,,,,,
,,,274,mandi_mandi_dchb_part_b_primary_census_abstract.pdf,Mandi,,,,,,,,,,,,,11 12 13 14 15 16 17 18 19 2,,,,,,,,,,,,,,,,,,,,,,,,,,,,,,,,,,,,,,,,,,,,,,,,,,,,,,,,,,,,,,,,,,,,,,,,,,,,,,,,,,,,,,,,,,,,,,,,,,,,,,,,,,,,,,,,,,,,,,,,,,,,,,,,,,
,,,275,mandi_mandi_dchb_part_b_primary_census_abstract.pdf,Mandi,,,,,,,,,,,,"VILLAGE PRIMARY
C D Block -",,,,,,,,,,,,,,,,,,,,,,,,,,,,,,,,,,,,,,,,,,,,,,,,,,,,,,,,,,,,,,,,,,,,,,,,,,,,,,,,,,,,,,,,,,,,,,,,,,,,,,,,,,,,,,,,,,,,,,,,,,,,,,,,,,,
,,,275,mandi_mandi_dchb_part_b_primary_census_abstract.pdf,Mandi,,,,,,,,,,,,"Location
code Illiterates Total workers Main workers
number Name of Village Persons Males Females Persons Males Females Persons Males Females",,,,,,,,,,,,,,,,,,,,,,,,,,,,,,,,,,,,,,,,,,,,,,,,,,,,,,,,,,,,,,,,,,,,,,,,,,,,,,,,,,,,,,,,,,,,,,,,,,,,,,,,,,,,,,,,,,,,,,,,,,,,,,,,,,,
,,,275,mandi_mandi_dchb_part_b_primary_census_abstract.pdf,Mandi,,,,,,,,,,,,1 2 20 21 22 23 24 25 26 27 28,,,,,,,,,,,,,,,,,,,,,,,,,,,,,,,,,,,,,,,,,,,,,,,,,,,,,,,,,,,,,,,,,,,,,,,,,,,,,,,,,,,,,,,,,,,,,,,,,,,,,,,,,,,,,,,,,,,,,,,,,,,,,,,,,,,
,,,276,mandi_mandi_dchb_part_b_primary_census_abstract.pdf,Mandi,,,,,,,,,,,,,"CENSUS ABSTRACT
Mandi Sadar",,,,,,,,,,,,,,,,,,,,,,,,,,,,,,,,,,,,,,,,,,,,,,,,,,,,,,,,,,,,,,,,,,,,,,,,,,,,,,,,,,,,,,,,,,,,,,,,,,,,,,,,,,,,,,,,,,,,,,,,,,,,,,,,,,
,,,276,mandi_mandi_dchb_part_b_primary_census_abstract.pdf,Mandi,,,,,,,,,,,,,"Industrial category of main workers
Household industry
Cultivators Agricultural labourers workers Other workers
Persons Males Females Persons Males Females Persons MalesFemales Persons Males Females Name of Village",,,,,,,,,,,,,,,,,,,,,,,,,,,,,,,,,,,,,,,,,,,,,,,,,,,,,,,,,,,,,,,,,,,,,,,,,,,,,,,,,,,,,,,,,,,,,,,,,,,,,,,,,,,,,,,,,,,,,,,,,,,,,,,,,,
,,,276,mandi_mandi_dchb_part_b_primary_census_abstract.pdf,Mandi,,,,,,,,,,,,,29 30 31 32 33 34 35 36 37 38 39 40 2,,,,,,,,,,,,,,,,,,,,,,,,,,,,,,,,,,,,,,,,,,,,,,,,,,,,,,,,,,,,,,,,,,,,,,,,,,,,,,,,,,,,,,,,,,,,,,,,,,,,,,,,,,,,,,,,,,,,,,,,,,,,,,,,,,
,,,277,mandi_mandi_dchb_part_b_primary_census_abstract.pdf,Mandi,,,,,,,,,,,,"VILLAGE PRIMARY
C D Block -",,,,,,,,,,,,,,,,,,,,,,,,,,,,,,,,,,,,,,,,,,,,,,,,,,,,,,,,,,,,,,,,,,,,,,,,,,,,,,,,,,,,,,,,,,,,,,,,,,,,,,,,,,,,,,,,,,,,,,,,,,,,,,,,,,,
,,,277,mandi_mandi_dchb_part_b_primary_census_abstract.pdf,Mandi,,,,,,,,,,,,"Industrial category
Location
code Marginal workers Cultivators Agricultural labourers
number Name of Village Persons Males Females Persons Males Females Persons Males Females",,,,,,,,,,,,,,,,,,,,,,,,,,,,,,,,,,,,,,,,,,,,,,,,,,,,,,,,,,,,,,,,,,,,,,,,,,,,,,,,,,,,,,,,,,,,,,,,,,,,,,,,,,,,,,,,,,,,,,,,,,,,,,,,,,,
,,,277,mandi_mandi_dchb_part_b_primary_census_abstract.pdf,Mandi,,,,,,,,,,,,1 2 41 42 43 44 45 46 47 48 49,,,,,,,,,,,,,,,,,,,,,,,,,,,,,,,,,,,,,,,,,,,,,,,,,,,,,,,,,,,,,,,,,,,,,,,,,,,,,,,,,,,,,,,,,,,,,,,,,,,,,,,,,,,,,,,,,,,,,,,,,,,,,,,,,,,
,,,278,mandi_mandi_dchb_part_b_primary_census_abstract.pdf,Mandi,,,,,,,,,,,,,"CENSUS ABSTRACT
Mandi Sadar",,,,,,,,,,,,,,,,,,,,,,,,,,,,,,,,,,,,,,,,,,,,,,,,,,,,,,,,,,,,,,,,,,,,,,,,,,,,,,,,,,,,,,,,,,,,,,,,,,,,,,,,,,,,,,,,,,,,,,,,,,,,,,,,,,
,,,278,mandi_mandi_dchb_part_b_primary_census_abstract.pdf,Mandi,,,,,,,,,,,,,"of marginal workers
Location
Household industry workers Other workers Non-workers code
Persons Males Females Persons Males Females Persons Males Females Name of Village number",,,,,,,,,,,,,,,,,,,,,,,,,,,,,,,,,,,,,,,,,,,,,,,,,,,,,,,,,,,,,,,,,,,,,,,,,,,,,,,,,,,,,,,,,,,,,,,,,,,,,,,,,,,,,,,,,,,,,,,,,,,,,,,,,,
,,,278,mandi_mandi_dchb_part_b_primary_census_abstract.pdf,Mandi,,,,,,,,,,,,,50 51 52 53 54 55 56 57 58 2 1,,,,,,,,,,,,,,,,,,,,,,,,,,,,,,,,,,,,,,,,,,,,,,,,,,,,,,,,,,,,,,,,,,,,,,,,,,,,,,,,,,,,,,,,,,,,,,,,,,,,,,,,,,,,,,,,,,,,,,,,,,,,,,,,,,
,,,279,mandi_mandi_dchb_part_b_primary_census_abstract.pdf,Mandi,,,,,,,,,,,,"VILLAGE PRIMARY
C D Block -",,,,,,,,,,,,,,,,,,,,,,,,,,,,,,,,,,,,,,,,,,,,,,,,,,,,,,,,,,,,,,,,,,,,,,,,,,,,,,,,,,,,,,,,,,,,,,,,,,,,,,,,,,,,,,,,,,,,,,,,,,,,,,,,,,,
,,,279,mandi_mandi_dchb_part_b_primary_census_abstract.pdf,Mandi,,,,,,,,,,,,"Location Area of Total population (including institutional
code Village in Number of and houseless population) Population in the age-group 0-6
number Name of Village hectares households Persons Males Females Persons Males Females",,,,,,,,,,,,,,,,,,,,,,,,,,,,,,,,,,,,,,,,,,,,,,,,,,,,,,,,,,,,,,,,,,,,,,,,,,,,,,,,,,,,,,,,,,,,,,,,,,,,,,,,,,,,,,,,,,,,,,,,,,,,,,,,,,,
,,,279,mandi_mandi_dchb_part_b_primary_census_abstract.pdf,Mandi,,,,,,,,,,,,1 2 3 4 5 6 7 8 9 10,,,,,,,,,,,,,,,,,,,,,,,,,,,,,,,,,,,,,,,,,,,,,,,,,,,,,,,,,,,,,,,,,,,,,,,,,,,,,,,,,,,,,,,,,,,,,,,,,,,,,,,,,,,,,,,,,,,,,,,,,,,,,,,,,,,
,,,280,mandi_mandi_dchb_part_b_primary_census_abstract.pdf,Mandi,,,,,,,,,,,,,"CENSUS ABSTRACT
Mandi Sadar",,,,,,,,,,,,,,,,,,,,,,,,,,,,,,,,,,,,,,,,,,,,,,,,,,,,,,,,,,,,,,,,,,,,,,,,,,,,,,,,,,,,,,,,,,,,,,,,,,,,,,,,,,,,,,,,,,,,,,,,,,,,,,,,,,
,,,280,mandi_mandi_dchb_part_b_primary_census_abstract.pdf,Mandi,,,,,,,,,,,,,"Scheduled Castes population Scheduled Tribes population Literates
Persons Males Females Persons Males Females Persons Males Females Name of Village",,,,,,,,,,,,,,,,,,,,,,,,,,,,,,,,,,,,,,,,,,,,,,,,,,,,,,,,,,,,,,,,,,,,,,,,,,,,,,,,,,,,,,,,,,,,,,,,,,,,,,,,,,,,,,,,,,,,,,,,,,,,,,,,,,
,,,280,mandi_mandi_dchb_part_b_primary_census_abstract.pdf,Mandi,,,,,,,,,,,,,11 12 13 14 15 16 17 18 19 2,,,,,,,,,,,,,,,,,,,,,,,,,,,,,,,,,,,,,,,,,,,,,,,,,,,,,,,,,,,,,,,,,,,,,,,,,,,,,,,,,,,,,,,,,,,,,,,,,,,,,,,,,,,,,,,,,,,,,,,,,,,,,,,,,,
,,,281,mandi_mandi_dchb_part_b_primary_census_abstract.pdf,Mandi,,,,,,,,,,,,"VILLAGE PRIMARY
C D Block -",,,,,,,,,,,,,,,,,,,,,,,,,,,,,,,,,,,,,,,,,,,,,,,,,,,,,,,,,,,,,,,,,,,,,,,,,,,,,,,,,,,,,,,,,,,,,,,,,,,,,,,,,,,,,,,,,,,,,,,,,,,,,,,,,,,
,,,281,mandi_mandi_dchb_part_b_primary_census_abstract.pdf,Mandi,,,,,,,,,,,,"Location
code Illiterates Total workers Main workers
number Name of Village Persons Males Females Persons Males Females Persons Males Females",,,,,,,,,,,,,,,,,,,,,,,,,,,,,,,,,,,,,,,,,,,,,,,,,,,,,,,,,,,,,,,,,,,,,,,,,,,,,,,,,,,,,,,,,,,,,,,,,,,,,,,,,,,,,,,,,,,,,,,,,,,,,,,,,,,
,,,281,mandi_mandi_dchb_part_b_primary_census_abstract.pdf,Mandi,,,,,,,,,,,,1 2 20 21 22 23 24 25 26 27 28,,,,,,,,,,,,,,,,,,,,,,,,,,,,,,,,,,,,,,,,,,,,,,,,,,,,,,,,,,,,,,,,,,,,,,,,,,,,,,,,,,,,,,,,,,,,,,,,,,,,,,,,,,,,,,,,,,,,,,,,,,,,,,,,,,,
,,,282,mandi_mandi_dchb_part_b_primary_census_abstract.pdf,Mandi,,,,,,,,,,,,,"CENSUS ABSTRACT
Mandi Sadar",,,,,,,,,,,,,,,,,,,,,,,,,,,,,,,,,,,,,,,,,,,,,,,,,,,,,,,,,,,,,,,,,,,,,,,,,,,,,,,,,,,,,,,,,,,,,,,,,,,,,,,,,,,,,,,,,,,,,,,,,,,,,,,,,,
,,,282,mandi_mandi_dchb_part_b_primary_census_abstract.pdf,Mandi,,,,,,,,,,,,,"Industrial category of main workers
Household industry
Cultivators Agricultural labourers workers Other workers
Persons Males Females Persons Males Females Persons MalesFemales Persons Males Females Name of Village",,,,,,,,,,,,,,,,,,,,,,,,,,,,,,,,,,,,,,,,,,,,,,,,,,,,,,,,,,,,,,,,,,,,,,,,,,,,,,,,,,,,,,,,,,,,,,,,,,,,,,,,,,,,,,,,,,,,,,,,,,,,,,,,,,
,,,282,mandi_mandi_dchb_part_b_primary_census_abstract.pdf,Mandi,,,,,,,,,,,,,29 30 31 32 33 34 35 36 37 38 39 40 2,,,,,,,,,,,,,,,,,,,,,,,,,,,,,,,,,,,,,,,,,,,,,,,,,,,,,,,,,,,,,,,,,,,,,,,,,,,,,,,,,,,,,,,,,,,,,,,,,,,,,,,,,,,,,,,,,,,,,,,,,,,,,,,,,,
,,,283,mandi_mandi_dchb_part_b_primary_census_abstract.pdf,Mandi,,,,,,,,,,,,"VILLAGE PRIMARY
C D Block -",,,,,,,,,,,,,,,,,,,,,,,,,,,,,,,,,,,,,,,,,,,,,,,,,,,,,,,,,,,,,,,,,,,,,,,,,,,,,,,,,,,,,,,,,,,,,,,,,,,,,,,,,,,,,,,,,,,,,,,,,,,,,,,,,,,
,,,283,mandi_mandi_dchb_part_b_primary_census_abstract.pdf,Mandi,,,,,,,,,,,,"Industrial category
Location
code Marginal workers Cultivators Agricultural labourers
number Name of Village Persons Males Females Persons Males Females Persons Males Females",,,,,,,,,,,,,,,,,,,,,,,,,,,,,,,,,,,,,,,,,,,,,,,,,,,,,,,,,,,,,,,,,,,,,,,,,,,,,,,,,,,,,,,,,,,,,,,,,,,,,,,,,,,,,,,,,,,,,,,,,,,,,,,,,,,
,,,283,mandi_mandi_dchb_part_b_primary_census_abstract.pdf,Mandi,,,,,,,,,,,,1 2 41 42 43 44 45 46 47 48 49,,,,,,,,,,,,,,,,,,,,,,,,,,,,,,,,,,,,,,,,,,,,,,,,,,,,,,,,,,,,,,,,,,,,,,,,,,,,,,,,,,,,,,,,,,,,,,,,,,,,,,,,,,,,,,,,,,,,,,,,,,,,,,,,,,,
,,,284,mandi_mandi_dchb_part_b_primary_census_abstract.pdf,Mandi,,,,,,,,,,,,,"CENSUS ABSTRACT
Mandi Sadar",,,,,,,,,,,,,,,,,,,,,,,,,,,,,,,,,,,,,,,,,,,,,,,,,,,,,,,,,,,,,,,,,,,,,,,,,,,,,,,,,,,,,,,,,,,,,,,,,,,,,,,,,,,,,,,,,,,,,,,,,,,,,,,,,,
,,,284,mandi_mandi_dchb_part_b_primary_census_abstract.pdf,Mandi,,,,,,,,,,,,,"of marginal workers
Location
Household industry workers Other workers Non-workers code
Persons Males Females Persons Males Females Persons Males Females Name of Village number",,,,,,,,,,,,,,,,,,,,,,,,,,,,,,,,,,,,,,,,,,,,,,,,,,,,,,,,,,,,,,,,,,,,,,,,,,,,,,,,,,,,,,,,,,,,,,,,,,,,,,,,,,,,,,,,,,,,,,,,,,,,,,,,,,
,,,284,mandi_mandi_dchb_part_b_primary_census_abstract.pdf,Mandi,,,,,,,,,,,,,50 51 52 53 54 55 56 57 58 2 1,,,,,,,,,,,,,,,,,,,,,,,,,,,,,,,,,,,,,,,,,,,,,,,,,,,,,,,,,,,,,,,,,,,,,,,,,,,,,,,,,,,,,,,,,,,,,,,,,,,,,,,,,,,,,,,,,,,,,,,,,,,,,,,,,,
,,,285,mandi_mandi_dchb_part_b_primary_census_abstract.pdf,Mandi,,,,,,,,,,,,"VILLAGE PRIMARY
C D Block -",,,,,,,,,,,,,,,,,,,,,,,,,,,,,,,,,,,,,,,,,,,,,,,,,,,,,,,,,,,,,,,,,,,,,,,,,,,,,,,,,,,,,,,,,,,,,,,,,,,,,,,,,,,,,,,,,,,,,,,,,,,,,,,,,,,
,,,285,mandi_mandi_dchb_part_b_primary_census_abstract.pdf,Mandi,,,,,,,,,,,,"Location Area of Total population (including institutional
code Village in Number of and houseless population) Population in the age-group 0-6
number Name of Village hectares households Persons Males Females Persons Males Females",,,,,,,,,,,,,,,,,,,,,,,,,,,,,,,,,,,,,,,,,,,,,,,,,,,,,,,,,,,,,,,,,,,,,,,,,,,,,,,,,,,,,,,,,,,,,,,,,,,,,,,,,,,,,,,,,,,,,,,,,,,,,,,,,,,
,,,285,mandi_mandi_dchb_part_b_primary_census_abstract.pdf,Mandi,,,,,,,,,,,,1 2 3 4 5 6 7 8 9 10,,,,,,,,,,,,,,,,,,,,,,,,,,,,,,,,,,,,,,,,,,,,,,,,,,,,,,,,,,,,,,,,,,,,,,,,,,,,,,,,,,,,,,,,,,,,,,,,,,,,,,,,,,,,,,,,,,,,,,,,,,,,,,,,,,,
,,,286,mandi_mandi_dchb_part_b_primary_census_abstract.pdf,Mandi,,,,,,,,,,,,,"CENSUS ABSTRACT
Mandi Sadar",,,,,,,,,,,,,,,,,,,,,,,,,,,,,,,,,,,,,,,,,,,,,,,,,,,,,,,,,,,,,,,,,,,,,,,,,,,,,,,,,,,,,,,,,,,,,,,,,,,,,,,,,,,,,,,,,,,,,,,,,,,,,,,,,,
,,,286,mandi_mandi_dchb_part_b_primary_census_abstract.pdf,Mandi,,,,,,,,,,,,,"Scheduled Castes population Scheduled Tribes population Literates
Persons Males Females Persons Males Females Persons Males Females Name of Village",,,,,,,,,,,,,,,,,,,,,,,,,,,,,,,,,,,,,,,,,,,,,,,,,,,,,,,,,,,,,,,,,,,,,,,,,,,,,,,,,,,,,,,,,,,,,,,,,,,,,,,,,,,,,,,,,,,,,,,,,,,,,,,,,,
,,,286,mandi_mandi_dchb_part_b_primary_census_abstract.pdf,Mandi,,,,,,,,,,,,,11 12 13 14 15 16 17 18 19 2,,,,,,,,,,,,,,,,,,,,,,,,,,,,,,,,,,,,,,,,,,,,,,,,,,,,,,,,,,,,,,,,,,,,,,,,,,,,,,,,,,,,,,,,,,,,,,,,,,,,,,,,,,,,,,,,,,,,,,,,,,,,,,,,,,
,,,287,mandi_mandi_dchb_part_b_primary_census_abstract.pdf,Mandi,,,,,,,,,,,,"VILLAGE PRIMARY
C D Block -",,,,,,,,,,,,,,,,,,,,,,,,,,,,,,,,,,,,,,,,,,,,,,,,,,,,,,,,,,,,,,,,,,,,,,,,,,,,,,,,,,,,,,,,,,,,,,,,,,,,,,,,,,,,,,,,,,,,,,,,,,,,,,,,,,,
,,,287,mandi_mandi_dchb_part_b_primary_census_abstract.pdf,Mandi,,,,,,,,,,,,"Location
code Illiterates Total workers Main workers
number Name of Village Persons Males Females Persons Males Females Persons Males Females",,,,,,,,,,,,,,,,,,,,,,,,,,,,,,,,,,,,,,,,,,,,,,,,,,,,,,,,,,,,,,,,,,,,,,,,,,,,,,,,,,,,,,,,,,,,,,,,,,,,,,,,,,,,,,,,,,,,,,,,,,,,,,,,,,,
,,,287,mandi_mandi_dchb_part_b_primary_census_abstract.pdf,Mandi,,,,,,,,,,,,1 2 20 21 22 23 24 25 26 27 28,,,,,,,,,,,,,,,,,,,,,,,,,,,,,,,,,,,,,,,,,,,,,,,,,,,,,,,,,,,,,,,,,,,,,,,,,,,,,,,,,,,,,,,,,,,,,,,,,,,,,,,,,,,,,,,,,,,,,,,,,,,,,,,,,,,
,,,288,mandi_mandi_dchb_part_b_primary_census_abstract.pdf,Mandi,,,,,,,,,,,,,"CENSUS ABSTRACT
Mandi Sadar",,,,,,,,,,,,,,,,,,,,,,,,,,,,,,,,,,,,,,,,,,,,,,,,,,,,,,,,,,,,,,,,,,,,,,,,,,,,,,,,,,,,,,,,,,,,,,,,,,,,,,,,,,,,,,,,,,,,,,,,,,,,,,,,,,
,,,288,mandi_mandi_dchb_part_b_primary_census_abstract.pdf,Mandi,,,,,,,,,,,,,"Industrial category of main workers
Household industry
Cultivators Agricultural labourers workers Other workers
Persons Males Females Persons Males Females Persons MalesFemales Persons Males Females Name of Village",,,,,,,,,,,,,,,,,,,,,,,,,,,,,,,,,,,,,,,,,,,,,,,,,,,,,,,,,,,,,,,,,,,,,,,,,,,,,,,,,,,,,,,,,,,,,,,,,,,,,,,,,,,,,,,,,,,,,,,,,,,,,,,,,,
,,,288,mandi_mandi_dchb_part_b_primary_census_abstract.pdf,Mandi,,,,,,,,,,,,,29 30 31 32 33 34 35 36 37 38 39 40 2,,,,,,,,,,,,,,,,,,,,,,,,,,,,,,,,,,,,,,,,,,,,,,,,,,,,,,,,,,,,,,,,,,,,,,,,,,,,,,,,,,,,,,,,,,,,,,,,,,,,,,,,,,,,,,,,,,,,,,,,,,,,,,,,,,
,,,289,mandi_mandi_dchb_part_b_primary_census_abstract.pdf,Mandi,,,,,,,,,,,,"VILLAGE PRIMARY
C D Block -",,,,,,,,,,,,,,,,,,,,,,,,,,,,,,,,,,,,,,,,,,,,,,,,,,,,,,,,,,,,,,,,,,,,,,,,,,,,,,,,,,,,,,,,,,,,,,,,,,,,,,,,,,,,,,,,,,,,,,,,,,,,,,,,,,,
,,,289,mandi_mandi_dchb_part_b_primary_census_abstract.pdf,Mandi,,,,,,,,,,,,"Industrial category
Location
code Marginal workers Cultivators Agricultural labourers
number Name of Village Persons Males Females Persons Males Females Persons Males Females",,,,,,,,,,,,,,,,,,,,,,,,,,,,,,,,,,,,,,,,,,,,,,,,,,,,,,,,,,,,,,,,,,,,,,,,,,,,,,,,,,,,,,,,,,,,,,,,,,,,,,,,,,,,,,,,,,,,,,,,,,,,,,,,,,,
,,,289,mandi_mandi_dchb_part_b_primary_census_abstract.pdf,Mandi,,,,,,,,,,,,1 2 41 42 43 44 45 46 47 48 49,,,,,,,,,,,,,,,,,,,,,,,,,,,,,,,,,,,,,,,,,,,,,,,,,,,,,,,,,,,,,,,,,,,,,,,,,,,,,,,,,,,,,,,,,,,,,,,,,,,,,,,,,,,,,,,,,,,,,,,,,,,,,,,,,,,
,,,290,mandi_mandi_dchb_part_b_primary_census_abstract.pdf,Mandi,,,,,,,,,,,,,"CENSUS ABSTRACT
Mandi Sadar",,,,,,,,,,,,,,,,,,,,,,,,,,,,,,,,,,,,,,,,,,,,,,,,,,,,,,,,,,,,,,,,,,,,,,,,,,,,,,,,,,,,,,,,,,,,,,,,,,,,,,,,,,,,,,,,,,,,,,,,,,,,,,,,,,
,,,290,mandi_mandi_dchb_part_b_primary_census_abstract.pdf,Mandi,,,,,,,,,,,,,"of marginal workers
Location
Household industry workers Other workers Non-workers code
Persons Males Females Persons Males Females Persons Males Females Name of Village number",,,,,,,,,,,,,,,,,,,,,,,,,,,,,,,,,,,,,,,,,,,,,,,,,,,,,,,,,,,,,,,,,,,,,,,,,,,,,,,,,,,,,,,,,,,,,,,,,,,,,,,,,,,,,,,,,,,,,,,,,,,,,,,,,,
,,,290,mandi_mandi_dchb_part_b_primary_census_abstract.pdf,Mandi,,,,,,,,,,,,,50 51 52 53 54 55 56 57 58 2 1,,,,,,,,,,,,,,,,,,,,,,,,,,,,,,,,,,,,,,,,,,,,,,,,,,,,,,,,,,,,,,,,,,,,,,,,,,,,,,,,,,,,,,,,,,,,,,,,,,,,,,,,,,,,,,,,,,,,,,,,,,,,,,,,,,
,,,291,mandi_mandi_dchb_part_b_primary_census_abstract.pdf,Mandi,,,,,,,,,,,,"VILLAGE PRIMARY
C D Block -",,,,,,,,,,,,,,,,,,,,,,,,,,,,,,,,,,,,,,,,,,,,,,,,,,,,,,,,,,,,,,,,,,,,,,,,,,,,,,,,,,,,,,,,,,,,,,,,,,,,,,,,,,,,,,,,,,,,,,,,,,,,,,,,,,,
,,,291,mandi_mandi_dchb_part_b_primary_census_abstract.pdf,Mandi,,,,,,,,,,,,"Location Area of Total population (including institutional
code Village in Number of and houseless population) Population in the age-group 0-6
number Name of Village hectares households Persons Males Females Persons Males Females",,,,,,,,,,,,,,,,,,,,,,,,,,,,,,,,,,,,,,,,,,,,,,,,,,,,,,,,,,,,,,,,,,,,,,,,,,,,,,,,,,,,,,,,,,,,,,,,,,,,,,,,,,,,,,,,,,,,,,,,,,,,,,,,,,,
,,,291,mandi_mandi_dchb_part_b_primary_census_abstract.pdf,Mandi,,,,,,,,,,,,1 2 3 4 5 6 7 8 9 10,,,,,,,,,,,,,,,,,,,,,,,,,,,,,,,,,,,,,,,,,,,,,,,,,,,,,,,,,,,,,,,,,,,,,,,,,,,,,,,,,,,,,,,,,,,,,,,,,,,,,,,,,,,,,,,,,,,,,,,,,,,,,,,,,,,
,,,292,mandi_mandi_dchb_part_b_primary_census_abstract.pdf,Mandi,,,,,,,,,,,,,"CENSUS ABSTRACT
Mandi Sadar",,,,,,,,,,,,,,,,,,,,,,,,,,,,,,,,,,,,,,,,,,,,,,,,,,,,,,,,,,,,,,,,,,,,,,,,,,,,,,,,,,,,,,,,,,,,,,,,,,,,,,,,,,,,,,,,,,,,,,,,,,,,,,,,,,
,,,292,mandi_mandi_dchb_part_b_primary_census_abstract.pdf,Mandi,,,,,,,,,,,,,"Scheduled Castes population Scheduled Tribes population Literates
Persons Males Females Persons Males Females Persons Males Females Name of Village",,,,,,,,,,,,,,,,,,,,,,,,,,,,,,,,,,,,,,,,,,,,,,,,,,,,,,,,,,,,,,,,,,,,,,,,,,,,,,,,,,,,,,,,,,,,,,,,,,,,,,,,,,,,,,,,,,,,,,,,,,,,,,,,,,
,,,292,mandi_mandi_dchb_part_b_primary_census_abstract.pdf,Mandi,,,,,,,,,,,,,11 12 13 14 15 16 17 18 19 2,,,,,,,,,,,,,,,,,,,,,,,,,,,,,,,,,,,,,,,,,,,,,,,,,,,,,,,,,,,,,,,,,,,,,,,,,,,,,,,,,,,,,,,,,,,,,,,,,,,,,,,,,,,,,,,,,,,,,,,,,,,,,,,,,,
,,,293,mandi_mandi_dchb_part_b_primary_census_abstract.pdf,Mandi,,,,,,,,,,,,"VILLAGE PRIMARY
C D Block -",,,,,,,,,,,,,,,,,,,,,,,,,,,,,,,,,,,,,,,,,,,,,,,,,,,,,,,,,,,,,,,,,,,,,,,,,,,,,,,,,,,,,,,,,,,,,,,,,,,,,,,,,,,,,,,,,,,,,,,,,,,,,,,,,,,
,,,293,mandi_mandi_dchb_part_b_primary_census_abstract.pdf,Mandi,,,,,,,,,,,,"Location
code Illiterates Total workers Main workers
number Name of Village Persons Males Females Persons Males Females Persons Males Females",,,,,,,,,,,,,,,,,,,,,,,,,,,,,,,,,,,,,,,,,,,,,,,,,,,,,,,,,,,,,,,,,,,,,,,,,,,,,,,,,,,,,,,,,,,,,,,,,,,,,,,,,,,,,,,,,,,,,,,,,,,,,,,,,,,
,,,293,mandi_mandi_dchb_part_b_primary_census_abstract.pdf,Mandi,,,,,,,,,,,,1 2 20 21 22 23 24 25 26 27 28,,,,,,,,,,,,,,,,,,,,,,,,,,,,,,,,,,,,,,,,,,,,,,,,,,,,,,,,,,,,,,,,,,,,,,,,,,,,,,,,,,,,,,,,,,,,,,,,,,,,,,,,,,,,,,,,,,,,,,,,,,,,,,,,,,,
,,,294,mandi_mandi_dchb_part_b_primary_census_abstract.pdf,Mandi,,,,,,,,,,,,,"CENSUS ABSTRACT
Mandi Sadar",,,,,,,,,,,,,,,,,,,,,,,,,,,,,,,,,,,,,,,,,,,,,,,,,,,,,,,,,,,,,,,,,,,,,,,,,,,,,,,,,,,,,,,,,,,,,,,,,,,,,,,,,,,,,,,,,,,,,,,,,,,,,,,,,,
,,,294,mandi_mandi_dchb_part_b_primary_census_abstract.pdf,Mandi,,,,,,,,,,,,,"Industrial category of main workers
Household industry
Cultivators Agricultural labourers workers Other workers
Persons Males Females Persons Males Females Persons MalesFemales Persons Males Females Name of Village",,,,,,,,,,,,,,,,,,,,,,,,,,,,,,,,,,,,,,,,,,,,,,,,,,,,,,,,,,,,,,,,,,,,,,,,,,,,,,,,,,,,,,,,,,,,,,,,,,,,,,,,,,,,,,,,,,,,,,,,,,,,,,,,,,
,,,294,mandi_mandi_dchb_part_b_primary_census_abstract.pdf,Mandi,,,,,,,,,,,,,29 30 31 32 33 34 35 36 37 38 39 40 2,,,,,,,,,,,,,,,,,,,,,,,,,,,,,,,,,,,,,,,,,,,,,,,,,,,,,,,,,,,,,,,,,,,,,,,,,,,,,,,,,,,,,,,,,,,,,,,,,,,,,,,,,,,,,,,,,,,,,,,,,,,,,,,,,,
,,,295,mandi_mandi_dchb_part_b_primary_census_abstract.pdf,Mandi,,,,,,,,,,,,"VILLAGE PRIMARY
C D Block -",,,,,,,,,,,,,,,,,,,,,,,,,,,,,,,,,,,,,,,,,,,,,,,,,,,,,,,,,,,,,,,,,,,,,,,,,,,,,,,,,,,,,,,,,,,,,,,,,,,,,,,,,,,,,,,,,,,,,,,,,,,,,,,,,,,
,,,295,mandi_mandi_dchb_part_b_primary_census_abstract.pdf,Mandi,,,,,,,,,,,,"Industrial category
Location
code Marginal workers Cultivators Agricultural labourers
number Name of Village Persons Males Females Persons Males Females Persons Males Females",,,,,,,,,,,,,,,,,,,,,,,,,,,,,,,,,,,,,,,,,,,,,,,,,,,,,,,,,,,,,,,,,,,,,,,,,,,,,,,,,,,,,,,,,,,,,,,,,,,,,,,,,,,,,,,,,,,,,,,,,,,,,,,,,,,
,,,295,mandi_mandi_dchb_part_b_primary_census_abstract.pdf,Mandi,,,,,,,,,,,,1 2 41 42 43 44 45 46 47 48 49,,,,,,,,,,,,,,,,,,,,,,,,,,,,,,,,,,,,,,,,,,,,,,,,,,,,,,,,,,,,,,,,,,,,,,,,,,,,,,,,,,,,,,,,,,,,,,,,,,,,,,,,,,,,,,,,,,,,,,,,,,,,,,,,,,,
,,,296,mandi_mandi_dchb_part_b_primary_census_abstract.pdf,Mandi,,,,,,,,,,,,,"CENSUS ABSTRACT
Mandi Sadar",,,,,,,,,,,,,,,,,,,,,,,,,,,,,,,,,,,,,,,,,,,,,,,,,,,,,,,,,,,,,,,,,,,,,,,,,,,,,,,,,,,,,,,,,,,,,,,,,,,,,,,,,,,,,,,,,,,,,,,,,,,,,,,,,,
,,,296,mandi_mandi_dchb_part_b_primary_census_abstract.pdf,Mandi,,,,,,,,,,,,,"of marginal workers
Location
Household industry workers Other workers Non-workers code
Persons Males Females Persons Males Females Persons Males Females Name of Village number",,,,,,,,,,,,,,,,,,,,,,,,,,,,,,,,,,,,,,,,,,,,,,,,,,,,,,,,,,,,,,,,,,,,,,,,,,,,,,,,,,,,,,,,,,,,,,,,,,,,,,,,,,,,,,,,,,,,,,,,,,,,,,,,,,
,,,296,mandi_mandi_dchb_part_b_primary_census_abstract.pdf,Mandi,,,,,,,,,,,,,50 51 52 53 54 55 56 57 58 2 1,,,,,,,,,,,,,,,,,,,,,,,,,,,,,,,,,,,,,,,,,,,,,,,,,,,,,,,,,,,,,,,,,,,,,,,,,,,,,,,,,,,,,,,,,,,,,,,,,,,,,,,,,,,,,,,,,,,,,,,,,,,,,,,,,,
,,,297,mandi_mandi_dchb_part_b_primary_census_abstract.pdf,Mandi,,,,,,,,,,,,"VILLAGE PRIMARY
C D Block -",,,,,,,,,,,,,,,,,,,,,,,,,,,,,,,,,,,,,,,,,,,,,,,,,,,,,,,,,,,,,,,,,,,,,,,,,,,,,,,,,,,,,,,,,,,,,,,,,,,,,,,,,,,,,,,,,,,,,,,,,,,,,,,,,,,
,,,297,mandi_mandi_dchb_part_b_primary_census_abstract.pdf,Mandi,,,,,,,,,,,,"Location Area of Total population (including institutional
code Village in Number of and houseless population) Population in the age-group 0-6
number Name of Village hectares households Persons Males Females Persons Males Females",,,,,,,,,,,,,,,,,,,,,,,,,,,,,,,,,,,,,,,,,,,,,,,,,,,,,,,,,,,,,,,,,,,,,,,,,,,,,,,,,,,,,,,,,,,,,,,,,,,,,,,,,,,,,,,,,,,,,,,,,,,,,,,,,,,
,,,297,mandi_mandi_dchb_part_b_primary_census_abstract.pdf,Mandi,,,,,,,,,,,,1 2 3 4 5 6 7 8 9 10,,,,,,,,,,,,,,,,,,,,,,,,,,,,,,,,,,,,,,,,,,,,,,,,,,,,,,,,,,,,,,,,,,,,,,,,,,,,,,,,,,,,,,,,,,,,,,,,,,,,,,,,,,,,,,,,,,,,,,,,,,,,,,,,,,,
,,,298,mandi_mandi_dchb_part_b_primary_census_abstract.pdf,Mandi,,,,,,,,,,,,,"CENSUS ABSTRACT
Mandi Sadar",,,,,,,,,,,,,,,,,,,,,,,,,,,,,,,,,,,,,,,,,,,,,,,,,,,,,,,,,,,,,,,,,,,,,,,,,,,,,,,,,,,,,,,,,,,,,,,,,,,,,,,,,,,,,,,,,,,,,,,,,,,,,,,,,,
,,,298,mandi_mandi_dchb_part_b_primary_census_abstract.pdf,Mandi,,,,,,,,,,,,,"Scheduled Castes population Scheduled Tribes population Literates
Persons Males Females Persons Males Females Persons Males Females Name of Village",,,,,,,,,,,,,,,,,,,,,,,,,,,,,,,,,,,,,,,,,,,,,,,,,,,,,,,,,,,,,,,,,,,,,,,,,,,,,,,,,,,,,,,,,,,,,,,,,,,,,,,,,,,,,,,,,,,,,,,,,,,,,,,,,,
,,,298,mandi_mandi_dchb_part_b_primary_census_abstract.pdf,Mandi,,,,,,,,,,,,,11 12 13 14 15 16 17 18 19 2,,,,,,,,,,,,,,,,,,,,,,,,,,,,,,,,,,,,,,,,,,,,,,,,,,,,,,,,,,,,,,,,,,,,,,,,,,,,,,,,,,,,,,,,,,,,,,,,,,,,,,,,,,,,,,,,,,,,,,,,,,,,,,,,,,
,,,299,mandi_mandi_dchb_part_b_primary_census_abstract.pdf,Mandi,,,,,,,,,,,,"VILLAGE PRIMARY
C D Block -",,,,,,,,,,,,,,,,,,,,,,,,,,,,,,,,,,,,,,,,,,,,,,,,,,,,,,,,,,,,,,,,,,,,,,,,,,,,,,,,,,,,,,,,,,,,,,,,,,,,,,,,,,,,,,,,,,,,,,,,,,,,,,,,,,,
,,,299,mandi_mandi_dchb_part_b_primary_census_abstract.pdf,Mandi,,,,,,,,,,,,"Location
code Illiterates Total workers Main workers
number Name of Village Persons Males Females Persons Males Females Persons Males Females",,,,,,,,,,,,,,,,,,,,,,,,,,,,,,,,,,,,,,,,,,,,,,,,,,,,,,,,,,,,,,,,,,,,,,,,,,,,,,,,,,,,,,,,,,,,,,,,,,,,,,,,,,,,,,,,,,,,,,,,,,,,,,,,,,,
,,,299,mandi_mandi_dchb_part_b_primary_census_abstract.pdf,Mandi,,,,,,,,,,,,1 2 20 21 22 23 24 25 26 27 28,,,,,,,,,,,,,,,,,,,,,,,,,,,,,,,,,,,,,,,,,,,,,,,,,,,,,,,,,,,,,,,,,,,,,,,,,,,,,,,,,,,,,,,,,,,,,,,,,,,,,,,,,,,,,,,,,,,,,,,,,,,,,,,,,,,
,,,300,mandi_mandi_dchb_part_b_primary_census_abstract.pdf,Mandi,,,,,,,,,,,,,"CENSUS ABSTRACT
Mandi Sadar",,,,,,,,,,,,,,,,,,,,,,,,,,,,,,,,,,,,,,,,,,,,,,,,,,,,,,,,,,,,,,,,,,,,,,,,,,,,,,,,,,,,,,,,,,,,,,,,,,,,,,,,,,,,,,,,,,,,,,,,,,,,,,,,,,
,,,300,mandi_mandi_dchb_part_b_primary_census_abstract.pdf,Mandi,,,,,,,,,,,,,"Industrial category of main workers
Household industry
Cultivators Agricultural labourers workers Other workers
Persons Males Females Persons Males Females Persons MalesFemales Persons Males Females Name of Village",,,,,,,,,,,,,,,,,,,,,,,,,,,,,,,,,,,,,,,,,,,,,,,,,,,,,,,,,,,,,,,,,,,,,,,,,,,,,,,,,,,,,,,,,,,,,,,,,,,,,,,,,,,,,,,,,,,,,,,,,,,,,,,,,,
,,,300,mandi_mandi_dchb_part_b_primary_census_abstract.pdf,Mandi,,,,,,,,,,,,,29 30 31 32 33 34 35 36 37 38 39 40 2,,,,,,,,,,,,,,,,,,,,,,,,,,,,,,,,,,,,,,,,,,,,,,,,,,,,,,,,,,,,,,,,,,,,,,,,,,,,,,,,,,,,,,,,,,,,,,,,,,,,,,,,,,,,,,,,,,,,,,,,,,,,,,,,,,
,,,301,mandi_mandi_dchb_part_b_primary_census_abstract.pdf,Mandi,,,,,,,,,,,,"VILLAGE PRIMARY
C D Block -",,,,,,,,,,,,,,,,,,,,,,,,,,,,,,,,,,,,,,,,,,,,,,,,,,,,,,,,,,,,,,,,,,,,,,,,,,,,,,,,,,,,,,,,,,,,,,,,,,,,,,,,,,,,,,,,,,,,,,,,,,,,,,,,,,,
,,,301,mandi_mandi_dchb_part_b_primary_census_abstract.pdf,Mandi,,,,,,,,,,,,"Industrial category
Location
code Marginal workers Cultivators Agricultural labourers
number Name of Village Persons Males Females Persons Males Females Persons Males Females",,,,,,,,,,,,,,,,,,,,,,,,,,,,,,,,,,,,,,,,,,,,,,,,,,,,,,,,,,,,,,,,,,,,,,,,,,,,,,,,,,,,,,,,,,,,,,,,,,,,,,,,,,,,,,,,,,,,,,,,,,,,,,,,,,,
,,,301,mandi_mandi_dchb_part_b_primary_census_abstract.pdf,Mandi,,,,,,,,,,,,1 2 41 42 43 44 45 46 47 48 49,,,,,,,,,,,,,,,,,,,,,,,,,,,,,,,,,,,,,,,,,,,,,,,,,,,,,,,,,,,,,,,,,,,,,,,,,,,,,,,,,,,,,,,,,,,,,,,,,,,,,,,,,,,,,,,,,,,,,,,,,,,,,,,,,,,
,,,302,mandi_mandi_dchb_part_b_primary_census_abstract.pdf,Mandi,,,,,,,,,,,,,"CENSUS ABSTRACT
Mandi Sadar",,,,,,,,,,,,,,,,,,,,,,,,,,,,,,,,,,,,,,,,,,,,,,,,,,,,,,,,,,,,,,,,,,,,,,,,,,,,,,,,,,,,,,,,,,,,,,,,,,,,,,,,,,,,,,,,,,,,,,,,,,,,,,,,,,
,,,302,mandi_mandi_dchb_part_b_primary_census_abstract.pdf,Mandi,,,,,,,,,,,,,"of marginal workers
Location
Household industry workers Other workers Non-workers code
Persons Males Females Persons Males Females Persons Males Females Name of Village number",,,,,,,,,,,,,,,,,,,,,,,,,,,,,,,,,,,,,,,,,,,,,,,,,,,,,,,,,,,,,,,,,,,,,,,,,,,,,,,,,,,,,,,,,,,,,,,,,,,,,,,,,,,,,,,,,,,,,,,,,,,,,,,,,,
,,,302,mandi_mandi_dchb_part_b_primary_census_abstract.pdf,Mandi,,,,,,,,,,,,,50 51 52 53 54 55 56 57 58 2 1,,,,,,,,,,,,,,,,,,,,,,,,,,,,,,,,,,,,,,,,,,,,,,,,,,,,,,,,,,,,,,,,,,,,,,,,,,,,,,,,,,,,,,,,,,,,,,,,,,,,,,,,,,,,,,,,,,,,,,,,,,,,,,,,,,
,,,303,mandi_mandi_dchb_part_b_primary_census_abstract.pdf,Mandi,,,,,,,,,,,,"VILLAGE PRIMARY
C D Block -",,,,,,,,,,,,,,,,,,,,,,,,,,,,,,,,,,,,,,,,,,,,,,,,,,,,,,,,,,,,,,,,,,,,,,,,,,,,,,,,,,,,,,,,,,,,,,,,,,,,,,,,,,,,,,,,,,,,,,,,,,,,,,,,,,,
,,,303,mandi_mandi_dchb_part_b_primary_census_abstract.pdf,Mandi,,,,,,,,,,,,"Location Area of Total population (including institutional
code Village in Number of and houseless population) Population in the age-group 0-6
number Name of Village hectares households Persons Males Females Persons Males Females",,,,,,,,,,,,,,,,,,,,,,,,,,,,,,,,,,,,,,,,,,,,,,,,,,,,,,,,,,,,,,,,,,,,,,,,,,,,,,,,,,,,,,,,,,,,,,,,,,,,,,,,,,,,,,,,,,,,,,,,,,,,,,,,,,,
,,,303,mandi_mandi_dchb_part_b_primary_census_abstract.pdf,Mandi,,,,,,,,,,,,1 2 3 4 5 6 7 8 9 10,,,,,,,,,,,,,,,,,,,,,,,,,,,,,,,,,,,,,,,,,,,,,,,,,,,,,,,,,,,,,,,,,,,,,,,,,,,,,,,,,,,,,,,,,,,,,,,,,,,,,,,,,,,,,,,,,,,,,,,,,,,,,,,,,,,
,,,304,mandi_mandi_dchb_part_b_primary_census_abstract.pdf,Mandi,,,,,,,,,,,,,"CENSUS ABSTRACT
Gohar",,,,,,,,,,,,,,,,,,,,,,,,,,,,,,,,,,,,,,,,,,,,,,,,,,,,,,,,,,,,,,,,,,,,,,,,,,,,,,,,,,,,,,,,,,,,,,,,,,,,,,,,,,,,,,,,,,,,,,,,,,,,,,,,,,
,,,304,mandi_mandi_dchb_part_b_primary_census_abstract.pdf,Mandi,,,,,,,,,,,,,"Scheduled Castes population Scheduled Tribes population Literates
Persons Males Females Persons Males Females Persons Males Females Name of Village",,,,,,,,,,,,,,,,,,,,,,,,,,,,,,,,,,,,,,,,,,,,,,,,,,,,,,,,,,,,,,,,,,,,,,,,,,,,,,,,,,,,,,,,,,,,,,,,,,,,,,,,,,,,,,,,,,,,,,,,,,,,,,,,,,
,,,304,mandi_mandi_dchb_part_b_primary_census_abstract.pdf,Mandi,,,,,,,,,,,,,11 12 13 14 15 16 17 18 19 2,,,,,,,,,,,,,,,,,,,,,,,,,,,,,,,,,,,,,,,,,,,,,,,,,,,,,,,,,,,,,,,,,,,,,,,,,,,,,,,,,,,,,,,,,,,,,,,,,,,,,,,,,,,,,,,,,,,,,,,,,,,,,,,,,,
,,,305,mandi_mandi_dchb_part_b_primary_census_abstract.pdf,Mandi,,,,,,,,,,,,"VILLAGE PRIMARY
C D Block -",,,,,,,,,,,,,,,,,,,,,,,,,,,,,,,,,,,,,,,,,,,,,,,,,,,,,,,,,,,,,,,,,,,,,,,,,,,,,,,,,,,,,,,,,,,,,,,,,,,,,,,,,,,,,,,,,,,,,,,,,,,,,,,,,,,
,,,305,mandi_mandi_dchb_part_b_primary_census_abstract.pdf,Mandi,,,,,,,,,,,,"Location
code Illiterates Total workers Main workers
number Name of Village Persons Males Females Persons Males Females Persons Males Females",,,,,,,,,,,,,,,,,,,,,,,,,,,,,,,,,,,,,,,,,,,,,,,,,,,,,,,,,,,,,,,,,,,,,,,,,,,,,,,,,,,,,,,,,,,,,,,,,,,,,,,,,,,,,,,,,,,,,,,,,,,,,,,,,,,
,,,305,mandi_mandi_dchb_part_b_primary_census_abstract.pdf,Mandi,,,,,,,,,,,,1 2 20 21 22 23 24 25 26 27 28,,,,,,,,,,,,,,,,,,,,,,,,,,,,,,,,,,,,,,,,,,,,,,,,,,,,,,,,,,,,,,,,,,,,,,,,,,,,,,,,,,,,,,,,,,,,,,,,,,,,,,,,,,,,,,,,,,,,,,,,,,,,,,,,,,,
,,,306,mandi_mandi_dchb_part_b_primary_census_abstract.pdf,Mandi,,,,,,,,,,,,,"CENSUS ABSTRACT
Gohar",,,,,,,,,,,,,,,,,,,,,,,,,,,,,,,,,,,,,,,,,,,,,,,,,,,,,,,,,,,,,,,,,,,,,,,,,,,,,,,,,,,,,,,,,,,,,,,,,,,,,,,,,,,,,,,,,,,,,,,,,,,,,,,,,,
,,,306,mandi_mandi_dchb_part_b_primary_census_abstract.pdf,Mandi,,,,,,,,,,,,,"Industrial category of main workers
Household industry
Cultivators Agricultural labourers workers Other workers
Persons Males Females Persons Males Females Persons MalesFemales Persons Males Females Name of Village",,,,,,,,,,,,,,,,,,,,,,,,,,,,,,,,,,,,,,,,,,,,,,,,,,,,,,,,,,,,,,,,,,,,,,,,,,,,,,,,,,,,,,,,,,,,,,,,,,,,,,,,,,,,,,,,,,,,,,,,,,,,,,,,,,
,,,306,mandi_mandi_dchb_part_b_primary_census_abstract.pdf,Mandi,,,,,,,,,,,,,29 30 31 32 33 34 35 36 37 38 39 40 2,,,,,,,,,,,,,,,,,,,,,,,,,,,,,,,,,,,,,,,,,,,,,,,,,,,,,,,,,,,,,,,,,,,,,,,,,,,,,,,,,,,,,,,,,,,,,,,,,,,,,,,,,,,,,,,,,,,,,,,,,,,,,,,,,,
,,,307,mandi_mandi_dchb_part_b_primary_census_abstract.pdf,Mandi,,,,,,,,,,,,"VILLAGE PRIMARY
C D Block -",,,,,,,,,,,,,,,,,,,,,,,,,,,,,,,,,,,,,,,,,,,,,,,,,,,,,,,,,,,,,,,,,,,,,,,,,,,,,,,,,,,,,,,,,,,,,,,,,,,,,,,,,,,,,,,,,,,,,,,,,,,,,,,,,,,
,,,307,mandi_mandi_dchb_part_b_primary_census_abstract.pdf,Mandi,,,,,,,,,,,,"Industrial category
Location
code Marginal workers Cultivators Agricultural labourers
number Name of Village Persons Males Females Persons Males Females Persons Males Females",,,,,,,,,,,,,,,,,,,,,,,,,,,,,,,,,,,,,,,,,,,,,,,,,,,,,,,,,,,,,,,,,,,,,,,,,,,,,,,,,,,,,,,,,,,,,,,,,,,,,,,,,,,,,,,,,,,,,,,,,,,,,,,,,,,
,,,307,mandi_mandi_dchb_part_b_primary_census_abstract.pdf,Mandi,,,,,,,,,,,,1 2 41 42 43 44 45 46 47 48 49,,,,,,,,,,,,,,,,,,,,,,,,,,,,,,,,,,,,,,,,,,,,,,,,,,,,,,,,,,,,,,,,,,,,,,,,,,,,,,,,,,,,,,,,,,,,,,,,,,,,,,,,,,,,,,,,,,,,,,,,,,,,,,,,,,,
,,,308,mandi_mandi_dchb_part_b_primary_census_abstract.pdf,Mandi,,,,,,,,,,,,,"CENSUS ABSTRACT
Gohar",,,,,,,,,,,,,,,,,,,,,,,,,,,,,,,,,,,,,,,,,,,,,,,,,,,,,,,,,,,,,,,,,,,,,,,,,,,,,,,,,,,,,,,,,,,,,,,,,,,,,,,,,,,,,,,,,,,,,,,,,,,,,,,,,,
,,,308,mandi_mandi_dchb_part_b_primary_census_abstract.pdf,Mandi,,,,,,,,,,,,,"of marginal workers
Location
Household industry workers Other workers Non-workers code
Persons Males Females Persons Males Females Persons Males Females Name of Village number",,,,,,,,,,,,,,,,,,,,,,,,,,,,,,,,,,,,,,,,,,,,,,,,,,,,,,,,,,,,,,,,,,,,,,,,,,,,,,,,,,,,,,,,,,,,,,,,,,,,,,,,,,,,,,,,,,,,,,,,,,,,,,,,,,
,,,308,mandi_mandi_dchb_part_b_primary_census_abstract.pdf,Mandi,,,,,,,,,,,,,50 51 52 53 54 55 56 57 58 2 1,,,,,,,,,,,,,,,,,,,,,,,,,,,,,,,,,,,,,,,,,,,,,,,,,,,,,,,,,,,,,,,,,,,,,,,,,,,,,,,,,,,,,,,,,,,,,,,,,,,,,,,,,,,,,,,,,,,,,,,,,,,,,,,,,,
,,,309,mandi_mandi_dchb_part_b_primary_census_abstract.pdf,Mandi,,,,,,,,,,,,"VILLAGE PRIMARY
C D Block -",,,,,,,,,,,,,,,,,,,,,,,,,,,,,,,,,,,,,,,,,,,,,,,,,,,,,,,,,,,,,,,,,,,,,,,,,,,,,,,,,,,,,,,,,,,,,,,,,,,,,,,,,,,,,,,,,,,,,,,,,,,,,,,,,,,
,,,309,mandi_mandi_dchb_part_b_primary_census_abstract.pdf,Mandi,,,,,,,,,,,,"Location Area of Total population (including institutional
code Village in Number of and houseless population) Population in the age-group 0-6
number Name of Village hectares households Persons Males Females Persons Males Females",,,,,,,,,,,,,,,,,,,,,,,,,,,,,,,,,,,,,,,,,,,,,,,,,,,,,,,,,,,,,,,,,,,,,,,,,,,,,,,,,,,,,,,,,,,,,,,,,,,,,,,,,,,,,,,,,,,,,,,,,,,,,,,,,,,
,,,309,mandi_mandi_dchb_part_b_primary_census_abstract.pdf,Mandi,,,,,,,,,,,,1 2 3 4 5 6 7 8 9 10,,,,,,,,,,,,,,,,,,,,,,,,,,,,,,,,,,,,,,,,,,,,,,,,,,,,,,,,,,,,,,,,,,,,,,,,,,,,,,,,,,,,,,,,,,,,,,,,,,,,,,,,,,,,,,,,,,,,,,,,,,,,,,,,,,,
,,,310,mandi_mandi_dchb_part_b_primary_census_abstract.pdf,Mandi,,,,,,,,,,,,,"CENSUS ABSTRACT
Gohar",,,,,,,,,,,,,,,,,,,,,,,,,,,,,,,,,,,,,,,,,,,,,,,,,,,,,,,,,,,,,,,,,,,,,,,,,,,,,,,,,,,,,,,,,,,,,,,,,,,,,,,,,,,,,,,,,,,,,,,,,,,,,,,,,,
,,,310,mandi_mandi_dchb_part_b_primary_census_abstract.pdf,Mandi,,,,,,,,,,,,,"Scheduled Castes population Scheduled Tribes population Literates
Persons Males Females Persons Males Females Persons Males Females Name of Village",,,,,,,,,,,,,,,,,,,,,,,,,,,,,,,,,,,,,,,,,,,,,,,,,,,,,,,,,,,,,,,,,,,,,,,,,,,,,,,,,,,,,,,,,,,,,,,,,,,,,,,,,,,,,,,,,,,,,,,,,,,,,,,,,,
,,,310,mandi_mandi_dchb_part_b_primary_census_abstract.pdf,Mandi,,,,,,,,,,,,,11 12 13 14 15 16 17 18 19 2,,,,,,,,,,,,,,,,,,,,,,,,,,,,,,,,,,,,,,,,,,,,,,,,,,,,,,,,,,,,,,,,,,,,,,,,,,,,,,,,,,,,,,,,,,,,,,,,,,,,,,,,,,,,,,,,,,,,,,,,,,,,,,,,,,
,,,311,mandi_mandi_dchb_part_b_primary_census_abstract.pdf,Mandi,,,,,,,,,,,,"VILLAGE PRIMARY
C D Block -",,,,,,,,,,,,,,,,,,,,,,,,,,,,,,,,,,,,,,,,,,,,,,,,,,,,,,,,,,,,,,,,,,,,,,,,,,,,,,,,,,,,,,,,,,,,,,,,,,,,,,,,,,,,,,,,,,,,,,,,,,,,,,,,,,,
,,,311,mandi_mandi_dchb_part_b_primary_census_abstract.pdf,Mandi,,,,,,,,,,,,"Location
code Illiterates Total workers Main workers
number Name of Village Persons Males Females Persons Males Females Persons Males Females",,,,,,,,,,,,,,,,,,,,,,,,,,,,,,,,,,,,,,,,,,,,,,,,,,,,,,,,,,,,,,,,,,,,,,,,,,,,,,,,,,,,,,,,,,,,,,,,,,,,,,,,,,,,,,,,,,,,,,,,,,,,,,,,,,,
,,,311,mandi_mandi_dchb_part_b_primary_census_abstract.pdf,Mandi,,,,,,,,,,,,1 2 20 21 22 23 24 25 26 27 28,,,,,,,,,,,,,,,,,,,,,,,,,,,,,,,,,,,,,,,,,,,,,,,,,,,,,,,,,,,,,,,,,,,,,,,,,,,,,,,,,,,,,,,,,,,,,,,,,,,,,,,,,,,,,,,,,,,,,,,,,,,,,,,,,,,
,,,312,mandi_mandi_dchb_part_b_primary_census_abstract.pdf,Mandi,,,,,,,,,,,,,"CENSUS ABSTRACT
Gohar",,,,,,,,,,,,,,,,,,,,,,,,,,,,,,,,,,,,,,,,,,,,,,,,,,,,,,,,,,,,,,,,,,,,,,,,,,,,,,,,,,,,,,,,,,,,,,,,,,,,,,,,,,,,,,,,,,,,,,,,,,,,,,,,,,
,,,312,mandi_mandi_dchb_part_b_primary_census_abstract.pdf,Mandi,,,,,,,,,,,,,"Industrial category of main workers
Household industry
Cultivators Agricultural labourers workers Other workers
Persons Males Females Persons Males Females Persons MalesFemales Persons Males Females Name of Village",,,,,,,,,,,,,,,,,,,,,,,,,,,,,,,,,,,,,,,,,,,,,,,,,,,,,,,,,,,,,,,,,,,,,,,,,,,,,,,,,,,,,,,,,,,,,,,,,,,,,,,,,,,,,,,,,,,,,,,,,,,,,,,,,,
,,,312,mandi_mandi_dchb_part_b_primary_census_abstract.pdf,Mandi,,,,,,,,,,,,,29 30 31 32 33 34 35 36 37 38 39 40 2,,,,,,,,,,,,,,,,,,,,,,,,,,,,,,,,,,,,,,,,,,,,,,,,,,,,,,,,,,,,,,,,,,,,,,,,,,,,,,,,,,,,,,,,,,,,,,,,,,,,,,,,,,,,,,,,,,,,,,,,,,,,,,,,,,
,,,313,mandi_mandi_dchb_part_b_primary_census_abstract.pdf,Mandi,,,,,,,,,,,,"VILLAGE PRIMARY
C D Block -",,,,,,,,,,,,,,,,,,,,,,,,,,,,,,,,,,,,,,,,,,,,,,,,,,,,,,,,,,,,,,,,,,,,,,,,,,,,,,,,,,,,,,,,,,,,,,,,,,,,,,,,,,,,,,,,,,,,,,,,,,,,,,,,,,,
,,,313,mandi_mandi_dchb_part_b_primary_census_abstract.pdf,Mandi,,,,,,,,,,,,"Industrial category
Location
code Marginal workers Cultivators Agricultural labourers
number Name of Village Persons Males Females Persons Males Females Persons Males Females",,,,,,,,,,,,,,,,,,,,,,,,,,,,,,,,,,,,,,,,,,,,,,,,,,,,,,,,,,,,,,,,,,,,,,,,,,,,,,,,,,,,,,,,,,,,,,,,,,,,,,,,,,,,,,,,,,,,,,,,,,,,,,,,,,,
,,,313,mandi_mandi_dchb_part_b_primary_census_abstract.pdf,Mandi,,,,,,,,,,,,1 2 41 42 43 44 45 46 47 48 49,,,,,,,,,,,,,,,,,,,,,,,,,,,,,,,,,,,,,,,,,,,,,,,,,,,,,,,,,,,,,,,,,,,,,,,,,,,,,,,,,,,,,,,,,,,,,,,,,,,,,,,,,,,,,,,,,,,,,,,,,,,,,,,,,,,
,,,314,mandi_mandi_dchb_part_b_primary_census_abstract.pdf,Mandi,,,,,,,,,,,,,"CENSUS ABSTRACT
Gohar",,,,,,,,,,,,,,,,,,,,,,,,,,,,,,,,,,,,,,,,,,,,,,,,,,,,,,,,,,,,,,,,,,,,,,,,,,,,,,,,,,,,,,,,,,,,,,,,,,,,,,,,,,,,,,,,,,,,,,,,,,,,,,,,,,
,,,314,mandi_mandi_dchb_part_b_primary_census_abstract.pdf,Mandi,,,,,,,,,,,,,"of marginal workers
Location
Household industry workers Other workers Non-workers code
Persons Males Females Persons Males Females Persons Males Females Name of Village number",,,,,,,,,,,,,,,,,,,,,,,,,,,,,,,,,,,,,,,,,,,,,,,,,,,,,,,,,,,,,,,,,,,,,,,,,,,,,,,,,,,,,,,,,,,,,,,,,,,,,,,,,,,,,,,,,,,,,,,,,,,,,,,,,,
,,,314,mandi_mandi_dchb_part_b_primary_census_abstract.pdf,Mandi,,,,,,,,,,,,,50 51 52 53 54 55 56 57 58 2 1,,,,,,,,,,,,,,,,,,,,,,,,,,,,,,,,,,,,,,,,,,,,,,,,,,,,,,,,,,,,,,,,,,,,,,,,,,,,,,,,,,,,,,,,,,,,,,,,,,,,,,,,,,,,,,,,,,,,,,,,,,,,,,,,,,
,,,315,mandi_mandi_dchb_part_b_primary_census_abstract.pdf,Mandi,,,,,,,,,,,,"VILLAGE PRIMARY
C D Block -",,,,,,,,,,,,,,,,,,,,,,,,,,,,,,,,,,,,,,,,,,,,,,,,,,,,,,,,,,,,,,,,,,,,,,,,,,,,,,,,,,,,,,,,,,,,,,,,,,,,,,,,,,,,,,,,,,,,,,,,,,,,,,,,,,,
,,,315,mandi_mandi_dchb_part_b_primary_census_abstract.pdf,Mandi,,,,,,,,,,,,"Location Area of Total population (including institutional
code Village in Number of and houseless population) Population in the age-group 0-6
number Name of Village hectares households Persons Males Females Persons Males Females",,,,,,,,,,,,,,,,,,,,,,,,,,,,,,,,,,,,,,,,,,,,,,,,,,,,,,,,,,,,,,,,,,,,,,,,,,,,,,,,,,,,,,,,,,,,,,,,,,,,,,,,,,,,,,,,,,,,,,,,,,,,,,,,,,,
,,,315,mandi_mandi_dchb_part_b_primary_census_abstract.pdf,Mandi,,,,,,,,,,,,1 2 3 4 5 6 7 8 9 10,,,,,,,,,,,,,,,,,,,,,,,,,,,,,,,,,,,,,,,,,,,,,,,,,,,,,,,,,,,,,,,,,,,,,,,,,,,,,,,,,,,,,,,,,,,,,,,,,,,,,,,,,,,,,,,,,,,,,,,,,,,,,,,,,,,
,,,316,mandi_mandi_dchb_part_b_primary_census_abstract.pdf,Mandi,,,,,,,,,,,,,"CENSUS ABSTRACT
Gohar",,,,,,,,,,,,,,,,,,,,,,,,,,,,,,,,,,,,,,,,,,,,,,,,,,,,,,,,,,,,,,,,,,,,,,,,,,,,,,,,,,,,,,,,,,,,,,,,,,,,,,,,,,,,,,,,,,,,,,,,,,,,,,,,,,
,,,316,mandi_mandi_dchb_part_b_primary_census_abstract.pdf,Mandi,,,,,,,,,,,,,"Scheduled Castes population Scheduled Tribes population Literates
Persons Males Females Persons Males Females Persons Males Females Name of Village",,,,,,,,,,,,,,,,,,,,,,,,,,,,,,,,,,,,,,,,,,,,,,,,,,,,,,,,,,,,,,,,,,,,,,,,,,,,,,,,,,,,,,,,,,,,,,,,,,,,,,,,,,,,,,,,,,,,,,,,,,,,,,,,,,
,,,316,mandi_mandi_dchb_part_b_primary_census_abstract.pdf,Mandi,,,,,,,,,,,,,11 12 13 14 15 16 17 18 19 2,,,,,,,,,,,,,,,,,,,,,,,,,,,,,,,,,,,,,,,,,,,,,,,,,,,,,,,,,,,,,,,,,,,,,,,,,,,,,,,,,,,,,,,,,,,,,,,,,,,,,,,,,,,,,,,,,,,,,,,,,,,,,,,,,,
,,,317,mandi_mandi_dchb_part_b_primary_census_abstract.pdf,Mandi,,,,,,,,,,,,"VILLAGE PRIMARY
C D Block -",,,,,,,,,,,,,,,,,,,,,,,,,,,,,,,,,,,,,,,,,,,,,,,,,,,,,,,,,,,,,,,,,,,,,,,,,,,,,,,,,,,,,,,,,,,,,,,,,,,,,,,,,,,,,,,,,,,,,,,,,,,,,,,,,,,
,,,317,mandi_mandi_dchb_part_b_primary_census_abstract.pdf,Mandi,,,,,,,,,,,,"Location
code Illiterates Total workers Main workers
number Name of Village Persons Males Females Persons Males Females Persons Males Females",,,,,,,,,,,,,,,,,,,,,,,,,,,,,,,,,,,,,,,,,,,,,,,,,,,,,,,,,,,,,,,,,,,,,,,,,,,,,,,,,,,,,,,,,,,,,,,,,,,,,,,,,,,,,,,,,,,,,,,,,,,,,,,,,,,
,,,317,mandi_mandi_dchb_part_b_primary_census_abstract.pdf,Mandi,,,,,,,,,,,,1 2 20 21 22 23 24 25 26 27 28,,,,,,,,,,,,,,,,,,,,,,,,,,,,,,,,,,,,,,,,,,,,,,,,,,,,,,,,,,,,,,,,,,,,,,,,,,,,,,,,,,,,,,,,,,,,,,,,,,,,,,,,,,,,,,,,,,,,,,,,,,,,,,,,,,,
,,,318,mandi_mandi_dchb_part_b_primary_census_abstract.pdf,Mandi,,,,,,,,,,,,,"CENSUS ABSTRACT
Gohar",,,,,,,,,,,,,,,,,,,,,,,,,,,,,,,,,,,,,,,,,,,,,,,,,,,,,,,,,,,,,,,,,,,,,,,,,,,,,,,,,,,,,,,,,,,,,,,,,,,,,,,,,,,,,,,,,,,,,,,,,,,,,,,,,,
,,,318,mandi_mandi_dchb_part_b_primary_census_abstract.pdf,Mandi,,,,,,,,,,,,,"Industrial category of main workers
Household industry
Cultivators Agricultural labourers workers Other workers
Persons Males Females Persons Males Females Persons MalesFemales Persons Males Females Name of Village",,,,,,,,,,,,,,,,,,,,,,,,,,,,,,,,,,,,,,,,,,,,,,,,,,,,,,,,,,,,,,,,,,,,,,,,,,,,,,,,,,,,,,,,,,,,,,,,,,,,,,,,,,,,,,,,,,,,,,,,,,,,,,,,,,
,,,318,mandi_mandi_dchb_part_b_primary_census_abstract.pdf,Mandi,,,,,,,,,,,,,29 30 31 32 33 34 35 36 37 38 39 40 2,,,,,,,,,,,,,,,,,,,,,,,,,,,,,,,,,,,,,,,,,,,,,,,,,,,,,,,,,,,,,,,,,,,,,,,,,,,,,,,,,,,,,,,,,,,,,,,,,,,,,,,,,,,,,,,,,,,,,,,,,,,,,,,,,,
,,,319,mandi_mandi_dchb_part_b_primary_census_abstract.pdf,Mandi,,,,,,,,,,,,"VILLAGE PRIMARY
C D Block -",,,,,,,,,,,,,,,,,,,,,,,,,,,,,,,,,,,,,,,,,,,,,,,,,,,,,,,,,,,,,,,,,,,,,,,,,,,,,,,,,,,,,,,,,,,,,,,,,,,,,,,,,,,,,,,,,,,,,,,,,,,,,,,,,,,
,,,319,mandi_mandi_dchb_part_b_primary_census_abstract.pdf,Mandi,,,,,,,,,,,,"Industrial category
Location
code Marginal workers Cultivators Agricultural labourers
number Name of Village Persons Males Females Persons Males Females Persons Males Females",,,,,,,,,,,,,,,,,,,,,,,,,,,,,,,,,,,,,,,,,,,,,,,,,,,,,,,,,,,,,,,,,,,,,,,,,,,,,,,,,,,,,,,,,,,,,,,,,,,,,,,,,,,,,,,,,,,,,,,,,,,,,,,,,,,
,,,319,mandi_mandi_dchb_part_b_primary_census_abstract.pdf,Mandi,,,,,,,,,,,,1 2 41 42 43 44 45 46 47 48 49,,,,,,,,,,,,,,,,,,,,,,,,,,,,,,,,,,,,,,,,,,,,,,,,,,,,,,,,,,,,,,,,,,,,,,,,,,,,,,,,,,,,,,,,,,,,,,,,,,,,,,,,,,,,,,,,,,,,,,,,,,,,,,,,,,,
,,,320,mandi_mandi_dchb_part_b_primary_census_abstract.pdf,Mandi,,,,,,,,,,,,,"CENSUS ABSTRACT
Gohar",,,,,,,,,,,,,,,,,,,,,,,,,,,,,,,,,,,,,,,,,,,,,,,,,,,,,,,,,,,,,,,,,,,,,,,,,,,,,,,,,,,,,,,,,,,,,,,,,,,,,,,,,,,,,,,,,,,,,,,,,,,,,,,,,,
,,,320,mandi_mandi_dchb_part_b_primary_census_abstract.pdf,Mandi,,,,,,,,,,,,,"of marginal workers
Location
Household industry workers Other workers Non-workers code
Persons Males Females Persons Males Females Persons Males Females Name of Village number",,,,,,,,,,,,,,,,,,,,,,,,,,,,,,,,,,,,,,,,,,,,,,,,,,,,,,,,,,,,,,,,,,,,,,,,,,,,,,,,,,,,,,,,,,,,,,,,,,,,,,,,,,,,,,,,,,,,,,,,,,,,,,,,,,
,,,320,mandi_mandi_dchb_part_b_primary_census_abstract.pdf,Mandi,,,,,,,,,,,,,50 51 52 53 54 55 56 57 58 2 1,,,,,,,,,,,,,,,,,,,,,,,,,,,,,,,,,,,,,,,,,,,,,,,,,,,,,,,,,,,,,,,,,,,,,,,,,,,,,,,,,,,,,,,,,,,,,,,,,,,,,,,,,,,,,,,,,,,,,,,,,,,,,,,,,,
,,,321,mandi_mandi_dchb_part_b_primary_census_abstract.pdf,Mandi,,,,,,,,,,,,"VILLAGE PRIMARY
C D Block -",,,,,,,,,,,,,,,,,,,,,,,,,,,,,,,,,,,,,,,,,,,,,,,,,,,,,,,,,,,,,,,,,,,,,,,,,,,,,,,,,,,,,,,,,,,,,,,,,,,,,,,,,,,,,,,,,,,,,,,,,,,,,,,,,,,
,,,321,mandi_mandi_dchb_part_b_primary_census_abstract.pdf,Mandi,,,,,,,,,,,,"Location Area of Total population (including institutional
code Village in Number of and houseless population) Population in the age-group 0-6
number Name of Village hectares households Persons Males Females Persons Males Females",,,,,,,,,,,,,,,,,,,,,,,,,,,,,,,,,,,,,,,,,,,,,,,,,,,,,,,,,,,,,,,,,,,,,,,,,,,,,,,,,,,,,,,,,,,,,,,,,,,,,,,,,,,,,,,,,,,,,,,,,,,,,,,,,,,
,,,321,mandi_mandi_dchb_part_b_primary_census_abstract.pdf,Mandi,,,,,,,,,,,,1 2 3 4 5 6 7 8 9 10,,,,,,,,,,,,,,,,,,,,,,,,,,,,,,,,,,,,,,,,,,,,,,,,,,,,,,,,,,,,,,,,,,,,,,,,,,,,,,,,,,,,,,,,,,,,,,,,,,,,,,,,,,,,,,,,,,,,,,,,,,,,,,,,,,,
,,,322,mandi_mandi_dchb_part_b_primary_census_abstract.pdf,Mandi,,,,,,,,,,,,,"CENSUS ABSTRACT
Gohar",,,,,,,,,,,,,,,,,,,,,,,,,,,,,,,,,,,,,,,,,,,,,,,,,,,,,,,,,,,,,,,,,,,,,,,,,,,,,,,,,,,,,,,,,,,,,,,,,,,,,,,,,,,,,,,,,,,,,,,,,,,,,,,,,,
,,,322,mandi_mandi_dchb_part_b_primary_census_abstract.pdf,Mandi,,,,,,,,,,,,,"Scheduled Castes population Scheduled Tribes population Literates
Persons Males Females Persons Males Females Persons Males Females Name of Village",,,,,,,,,,,,,,,,,,,,,,,,,,,,,,,,,,,,,,,,,,,,,,,,,,,,,,,,,,,,,,,,,,,,,,,,,,,,,,,,,,,,,,,,,,,,,,,,,,,,,,,,,,,,,,,,,,,,,,,,,,,,,,,,,,
,,,322,mandi_mandi_dchb_part_b_primary_census_abstract.pdf,Mandi,,,,,,,,,,,,,11 12 13 14 15 16 17 18 19 2,,,,,,,,,,,,,,,,,,,,,,,,,,,,,,,,,,,,,,,,,,,,,,,,,,,,,,,,,,,,,,,,,,,,,,,,,,,,,,,,,,,,,,,,,,,,,,,,,,,,,,,,,,,,,,,,,,,,,,,,,,,,,,,,,,
,,,323,mandi_mandi_dchb_part_b_primary_census_abstract.pdf,Mandi,,,,,,,,,,,,"VILLAGE PRIMARY
C D Block -",,,,,,,,,,,,,,,,,,,,,,,,,,,,,,,,,,,,,,,,,,,,,,,,,,,,,,,,,,,,,,,,,,,,,,,,,,,,,,,,,,,,,,,,,,,,,,,,,,,,,,,,,,,,,,,,,,,,,,,,,,,,,,,,,,,
,,,323,mandi_mandi_dchb_part_b_primary_census_abstract.pdf,Mandi,,,,,,,,,,,,"Location
code Illiterates Total workers Main workers
number Name of Village Persons Males Females Persons Males Females Persons Males Females",,,,,,,,,,,,,,,,,,,,,,,,,,,,,,,,,,,,,,,,,,,,,,,,,,,,,,,,,,,,,,,,,,,,,,,,,,,,,,,,,,,,,,,,,,,,,,,,,,,,,,,,,,,,,,,,,,,,,,,,,,,,,,,,,,,
,,,323,mandi_mandi_dchb_part_b_primary_census_abstract.pdf,Mandi,,,,,,,,,,,,1 2 20 21 22 23 24 25 26 27 28,,,,,,,,,,,,,,,,,,,,,,,,,,,,,,,,,,,,,,,,,,,,,,,,,,,,,,,,,,,,,,,,,,,,,,,,,,,,,,,,,,,,,,,,,,,,,,,,,,,,,,,,,,,,,,,,,,,,,,,,,,,,,,,,,,,
,,,324,mandi_mandi_dchb_part_b_primary_census_abstract.pdf,Mandi,,,,,,,,,,,,,"CENSUS ABSTRACT
Gohar",,,,,,,,,,,,,,,,,,,,,,,,,,,,,,,,,,,,,,,,,,,,,,,,,,,,,,,,,,,,,,,,,,,,,,,,,,,,,,,,,,,,,,,,,,,,,,,,,,,,,,,,,,,,,,,,,,,,,,,,,,,,,,,,,,
,,,324,mandi_mandi_dchb_part_b_primary_census_abstract.pdf,Mandi,,,,,,,,,,,,,"Industrial category of main workers
Household industry
Cultivators Agricultural labourers workers Other workers
Persons Males Females Persons Males Females Persons MalesFemales Persons Males Females Name of Village",,,,,,,,,,,,,,,,,,,,,,,,,,,,,,,,,,,,,,,,,,,,,,,,,,,,,,,,,,,,,,,,,,,,,,,,,,,,,,,,,,,,,,,,,,,,,,,,,,,,,,,,,,,,,,,,,,,,,,,,,,,,,,,,,,
,,,324,mandi_mandi_dchb_part_b_primary_census_abstract.pdf,Mandi,,,,,,,,,,,,,29 30 31 32 33 34 35 36 37 38 39 40 2,,,,,,,,,,,,,,,,,,,,,,,,,,,,,,,,,,,,,,,,,,,,,,,,,,,,,,,,,,,,,,,,,,,,,,,,,,,,,,,,,,,,,,,,,,,,,,,,,,,,,,,,,,,,,,,,,,,,,,,,,,,,,,,,,,
,,,325,mandi_mandi_dchb_part_b_primary_census_abstract.pdf,Mandi,,,,,,,,,,,,"VILLAGE PRIMARY
C D Block -",,,,,,,,,,,,,,,,,,,,,,,,,,,,,,,,,,,,,,,,,,,,,,,,,,,,,,,,,,,,,,,,,,,,,,,,,,,,,,,,,,,,,,,,,,,,,,,,,,,,,,,,,,,,,,,,,,,,,,,,,,,,,,,,,,,
,,,325,mandi_mandi_dchb_part_b_primary_census_abstract.pdf,Mandi,,,,,,,,,,,,"Industrial category
Location
code Marginal workers Cultivators Agricultural labourers
number Name of Village Persons Males Females Persons Males Females Persons Males Females",,,,,,,,,,,,,,,,,,,,,,,,,,,,,,,,,,,,,,,,,,,,,,,,,,,,,,,,,,,,,,,,,,,,,,,,,,,,,,,,,,,,,,,,,,,,,,,,,,,,,,,,,,,,,,,,,,,,,,,,,,,,,,,,,,,
,,,325,mandi_mandi_dchb_part_b_primary_census_abstract.pdf,Mandi,,,,,,,,,,,,1 2 41 42 43 44 45 46 47 48 49,,,,,,,,,,,,,,,,,,,,,,,,,,,,,,,,,,,,,,,,,,,,,,,,,,,,,,,,,,,,,,,,,,,,,,,,,,,,,,,,,,,,,,,,,,,,,,,,,,,,,,,,,,,,,,,,,,,,,,,,,,,,,,,,,,,
,,,326,mandi_mandi_dchb_part_b_primary_census_abstract.pdf,Mandi,,,,,,,,,,,,,"CENSUS ABSTRACT
Gohar",,,,,,,,,,,,,,,,,,,,,,,,,,,,,,,,,,,,,,,,,,,,,,,,,,,,,,,,,,,,,,,,,,,,,,,,,,,,,,,,,,,,,,,,,,,,,,,,,,,,,,,,,,,,,,,,,,,,,,,,,,,,,,,,,,
,,,326,mandi_mandi_dchb_part_b_primary_census_abstract.pdf,Mandi,,,,,,,,,,,,,"of marginal workers
Location
Household industry workers Other workers Non-workers code
Persons Males Females Persons Males Females Persons Males Females Name of Village number",,,,,,,,,,,,,,,,,,,,,,,,,,,,,,,,,,,,,,,,,,,,,,,,,,,,,,,,,,,,,,,,,,,,,,,,,,,,,,,,,,,,,,,,,,,,,,,,,,,,,,,,,,,,,,,,,,,,,,,,,,,,,,,,,,
,,,326,mandi_mandi_dchb_part_b_primary_census_abstract.pdf,Mandi,,,,,,,,,,,,,50 51 52 53 54 55 56 57 58 2 1,,,,,,,,,,,,,,,,,,,,,,,,,,,,,,,,,,,,,,,,,,,,,,,,,,,,,,,,,,,,,,,,,,,,,,,,,,,,,,,,,,,,,,,,,,,,,,,,,,,,,,,,,,,,,,,,,,,,,,,,,,,,,,,,,,
,,,327,mandi_mandi_dchb_part_b_primary_census_abstract.pdf,Mandi,,,,,,,,,,,,"VILLAGE PRIMARY
C D Block -",,,,,,,,,,,,,,,,,,,,,,,,,,,,,,,,,,,,,,,,,,,,,,,,,,,,,,,,,,,,,,,,,,,,,,,,,,,,,,,,,,,,,,,,,,,,,,,,,,,,,,,,,,,,,,,,,,,,,,,,,,,,,,,,,,,
,,,327,mandi_mandi_dchb_part_b_primary_census_abstract.pdf,Mandi,,,,,,,,,,,,"Location Area of Total population (including institutional
code Village in Number of and houseless population) Population in the age-group 0-6
number Name of Village hectares households Persons Males Females Persons Males Females",,,,,,,,,,,,,,,,,,,,,,,,,,,,,,,,,,,,,,,,,,,,,,,,,,,,,,,,,,,,,,,,,,,,,,,,,,,,,,,,,,,,,,,,,,,,,,,,,,,,,,,,,,,,,,,,,,,,,,,,,,,,,,,,,,,
,,,327,mandi_mandi_dchb_part_b_primary_census_abstract.pdf,Mandi,,,,,,,,,,,,1 2 3 4 5 6 7 8 9 10,,,,,,,,,,,,,,,,,,,,,,,,,,,,,,,,,,,,,,,,,,,,,,,,,,,,,,,,,,,,,,,,,,,,,,,,,,,,,,,,,,,,,,,,,,,,,,,,,,,,,,,,,,,,,,,,,,,,,,,,,,,,,,,,,,,
,,,328,mandi_mandi_dchb_part_b_primary_census_abstract.pdf,Mandi,,,,,,,,,,,,,"CENSUS ABSTRACT
Gohar",,,,,,,,,,,,,,,,,,,,,,,,,,,,,,,,,,,,,,,,,,,,,,,,,,,,,,,,,,,,,,,,,,,,,,,,,,,,,,,,,,,,,,,,,,,,,,,,,,,,,,,,,,,,,,,,,,,,,,,,,,,,,,,,,,
,,,328,mandi_mandi_dchb_part_b_primary_census_abstract.pdf,Mandi,,,,,,,,,,,,,"Scheduled Castes population Scheduled Tribes population Literates
Persons Males Females Persons Males Females Persons Males Females Name of Village",,,,,,,,,,,,,,,,,,,,,,,,,,,,,,,,,,,,,,,,,,,,,,,,,,,,,,,,,,,,,,,,,,,,,,,,,,,,,,,,,,,,,,,,,,,,,,,,,,,,,,,,,,,,,,,,,,,,,,,,,,,,,,,,,,
,,,328,mandi_mandi_dchb_part_b_primary_census_abstract.pdf,Mandi,,,,,,,,,,,,,11 12 13 14 15 16 17 18 19 2,,,,,,,,,,,,,,,,,,,,,,,,,,,,,,,,,,,,,,,,,,,,,,,,,,,,,,,,,,,,,,,,,,,,,,,,,,,,,,,,,,,,,,,,,,,,,,,,,,,,,,,,,,,,,,,,,,,,,,,,,,,,,,,,,,
,,,329,mandi_mandi_dchb_part_b_primary_census_abstract.pdf,Mandi,,,,,,,,,,,,"VILLAGE PRIMARY
C D Block -",,,,,,,,,,,,,,,,,,,,,,,,,,,,,,,,,,,,,,,,,,,,,,,,,,,,,,,,,,,,,,,,,,,,,,,,,,,,,,,,,,,,,,,,,,,,,,,,,,,,,,,,,,,,,,,,,,,,,,,,,,,,,,,,,,,
,,,329,mandi_mandi_dchb_part_b_primary_census_abstract.pdf,Mandi,,,,,,,,,,,,"Location
code Illiterates Total workers Main workers
number Name of Village Persons Males Females Persons Males Females Persons Males Females",,,,,,,,,,,,,,,,,,,,,,,,,,,,,,,,,,,,,,,,,,,,,,,,,,,,,,,,,,,,,,,,,,,,,,,,,,,,,,,,,,,,,,,,,,,,,,,,,,,,,,,,,,,,,,,,,,,,,,,,,,,,,,,,,,,
,,,329,mandi_mandi_dchb_part_b_primary_census_abstract.pdf,Mandi,,,,,,,,,,,,1 2 20 21 22 23 24 25 26 27 28,,,,,,,,,,,,,,,,,,,,,,,,,,,,,,,,,,,,,,,,,,,,,,,,,,,,,,,,,,,,,,,,,,,,,,,,,,,,,,,,,,,,,,,,,,,,,,,,,,,,,,,,,,,,,,,,,,,,,,,,,,,,,,,,,,,
,,,330,mandi_mandi_dchb_part_b_primary_census_abstract.pdf,Mandi,,,,,,,,,,,,,"CENSUS ABSTRACT
Gohar",,,,,,,,,,,,,,,,,,,,,,,,,,,,,,,,,,,,,,,,,,,,,,,,,,,,,,,,,,,,,,,,,,,,,,,,,,,,,,,,,,,,,,,,,,,,,,,,,,,,,,,,,,,,,,,,,,,,,,,,,,,,,,,,,,
,,,330,mandi_mandi_dchb_part_b_primary_census_abstract.pdf,Mandi,,,,,,,,,,,,,"Industrial category of main workers
Household industry
Cultivators Agricultural labourers workers Other workers
Persons Males Females Persons Males Females Persons MalesFemales Persons Males Females Name of Village",,,,,,,,,,,,,,,,,,,,,,,,,,,,,,,,,,,,,,,,,,,,,,,,,,,,,,,,,,,,,,,,,,,,,,,,,,,,,,,,,,,,,,,,,,,,,,,,,,,,,,,,,,,,,,,,,,,,,,,,,,,,,,,,,,
,,,330,mandi_mandi_dchb_part_b_primary_census_abstract.pdf,Mandi,,,,,,,,,,,,,29 30 31 32 33 34 35 36 37 38 39 40 2,,,,,,,,,,,,,,,,,,,,,,,,,,,,,,,,,,,,,,,,,,,,,,,,,,,,,,,,,,,,,,,,,,,,,,,,,,,,,,,,,,,,,,,,,,,,,,,,,,,,,,,,,,,,,,,,,,,,,,,,,,,,,,,,,,
,,,331,mandi_mandi_dchb_part_b_primary_census_abstract.pdf,Mandi,,,,,,,,,,,,"VILLAGE PRIMARY
C D Block -",,,,,,,,,,,,,,,,,,,,,,,,,,,,,,,,,,,,,,,,,,,,,,,,,,,,,,,,,,,,,,,,,,,,,,,,,,,,,,,,,,,,,,,,,,,,,,,,,,,,,,,,,,,,,,,,,,,,,,,,,,,,,,,,,,,
,,,331,mandi_mandi_dchb_part_b_primary_census_abstract.pdf,Mandi,,,,,,,,,,,,"Industrial category
Location
code Marginal workers Cultivators Agricultural labourers
number Name of Village Persons Males Females Persons Males Females Persons Males Females",,,,,,,,,,,,,,,,,,,,,,,,,,,,,,,,,,,,,,,,,,,,,,,,,,,,,,,,,,,,,,,,,,,,,,,,,,,,,,,,,,,,,,,,,,,,,,,,,,,,,,,,,,,,,,,,,,,,,,,,,,,,,,,,,,,
,,,331,mandi_mandi_dchb_part_b_primary_census_abstract.pdf,Mandi,,,,,,,,,,,,1 2 41 42 43 44 45 46 47 48 49,,,,,,,,,,,,,,,,,,,,,,,,,,,,,,,,,,,,,,,,,,,,,,,,,,,,,,,,,,,,,,,,,,,,,,,,,,,,,,,,,,,,,,,,,,,,,,,,,,,,,,,,,,,,,,,,,,,,,,,,,,,,,,,,,,,
,,,332,mandi_mandi_dchb_part_b_primary_census_abstract.pdf,Mandi,,,,,,,,,,,,,"CENSUS ABSTRACT
Gohar",,,,,,,,,,,,,,,,,,,,,,,,,,,,,,,,,,,,,,,,,,,,,,,,,,,,,,,,,,,,,,,,,,,,,,,,,,,,,,,,,,,,,,,,,,,,,,,,,,,,,,,,,,,,,,,,,,,,,,,,,,,,,,,,,,
,,,332,mandi_mandi_dchb_part_b_primary_census_abstract.pdf,Mandi,,,,,,,,,,,,,"of marginal workers
Location
Household industry workers Other workers Non-workers code
Persons Males Females Persons Males Females Persons Males Females Name of Village number",,,,,,,,,,,,,,,,,,,,,,,,,,,,,,,,,,,,,,,,,,,,,,,,,,,,,,,,,,,,,,,,,,,,,,,,,,,,,,,,,,,,,,,,,,,,,,,,,,,,,,,,,,,,,,,,,,,,,,,,,,,,,,,,,,
,,,332,mandi_mandi_dchb_part_b_primary_census_abstract.pdf,Mandi,,,,,,,,,,,,,50 51 52 53 54 55 56 57 58 2 1,,,,,,,,,,,,,,,,,,,,,,,,,,,,,,,,,,,,,,,,,,,,,,,,,,,,,,,,,,,,,,,,,,,,,,,,,,,,,,,,,,,,,,,,,,,,,,,,,,,,,,,,,,,,,,,,,,,,,,,,,,,,,,,,,,
,,,333,mandi_mandi_dchb_part_b_primary_census_abstract.pdf,Mandi,,,,,,,,,,,,"VILLAGE PRIMARY
C D Block -",,,,,,,,,,,,,,,,,,,,,,,,,,,,,,,,,,,,,,,,,,,,,,,,,,,,,,,,,,,,,,,,,,,,,,,,,,,,,,,,,,,,,,,,,,,,,,,,,,,,,,,,,,,,,,,,,,,,,,,,,,,,,,,,,,,
,,,333,mandi_mandi_dchb_part_b_primary_census_abstract.pdf,Mandi,,,,,,,,,,,,"Location Area of Total population (including institutional
code Village in Number of and houseless population) Population in the age-group 0-6
number Name of Village hectares households Persons Males Females Persons Males Females",,,,,,,,,,,,,,,,,,,,,,,,,,,,,,,,,,,,,,,,,,,,,,,,,,,,,,,,,,,,,,,,,,,,,,,,,,,,,,,,,,,,,,,,,,,,,,,,,,,,,,,,,,,,,,,,,,,,,,,,,,,,,,,,,,,
,,,333,mandi_mandi_dchb_part_b_primary_census_abstract.pdf,Mandi,,,,,,,,,,,,1 2 3 4 5 6 7 8 9 10,,,,,,,,,,,,,,,,,,,,,,,,,,,,,,,,,,,,,,,,,,,,,,,,,,,,,,,,,,,,,,,,,,,,,,,,,,,,,,,,,,,,,,,,,,,,,,,,,,,,,,,,,,,,,,,,,,,,,,,,,,,,,,,,,,,
,,,334,mandi_mandi_dchb_part_b_primary_census_abstract.pdf,Mandi,,,,,,,,,,,,,"CENSUS ABSTRACT
Gohar",,,,,,,,,,,,,,,,,,,,,,,,,,,,,,,,,,,,,,,,,,,,,,,,,,,,,,,,,,,,,,,,,,,,,,,,,,,,,,,,,,,,,,,,,,,,,,,,,,,,,,,,,,,,,,,,,,,,,,,,,,,,,,,,,,
,,,334,mandi_mandi_dchb_part_b_primary_census_abstract.pdf,Mandi,,,,,,,,,,,,,"Scheduled Castes population Scheduled Tribes population Literates
Persons Males Females Persons Males Females Persons Males Females Name of Village",,,,,,,,,,,,,,,,,,,,,,,,,,,,,,,,,,,,,,,,,,,,,,,,,,,,,,,,,,,,,,,,,,,,,,,,,,,,,,,,,,,,,,,,,,,,,,,,,,,,,,,,,,,,,,,,,,,,,,,,,,,,,,,,,,
,,,334,mandi_mandi_dchb_part_b_primary_census_abstract.pdf,Mandi,,,,,,,,,,,,,11 12 13 14 15 16 17 18 19 2,,,,,,,,,,,,,,,,,,,,,,,,,,,,,,,,,,,,,,,,,,,,,,,,,,,,,,,,,,,,,,,,,,,,,,,,,,,,,,,,,,,,,,,,,,,,,,,,,,,,,,,,,,,,,,,,,,,,,,,,,,,,,,,,,,
,,,335,mandi_mandi_dchb_part_b_primary_census_abstract.pdf,Mandi,,,,,,,,,,,,"VILLAGE PRIMARY
C D Block -",,,,,,,,,,,,,,,,,,,,,,,,,,,,,,,,,,,,,,,,,,,,,,,,,,,,,,,,,,,,,,,,,,,,,,,,,,,,,,,,,,,,,,,,,,,,,,,,,,,,,,,,,,,,,,,,,,,,,,,,,,,,,,,,,,,
,,,335,mandi_mandi_dchb_part_b_primary_census_abstract.pdf,Mandi,,,,,,,,,,,,"Location
code Illiterates Total workers Main workers
number Name of Village Persons Males Females Persons Males Females Persons Males Females",,,,,,,,,,,,,,,,,,,,,,,,,,,,,,,,,,,,,,,,,,,,,,,,,,,,,,,,,,,,,,,,,,,,,,,,,,,,,,,,,,,,,,,,,,,,,,,,,,,,,,,,,,,,,,,,,,,,,,,,,,,,,,,,,,,
,,,335,mandi_mandi_dchb_part_b_primary_census_abstract.pdf,Mandi,,,,,,,,,,,,1 2 20 21 22 23 24 25 26 27 28,,,,,,,,,,,,,,,,,,,,,,,,,,,,,,,,,,,,,,,,,,,,,,,,,,,,,,,,,,,,,,,,,,,,,,,,,,,,,,,,,,,,,,,,,,,,,,,,,,,,,,,,,,,,,,,,,,,,,,,,,,,,,,,,,,,
,,,336,mandi_mandi_dchb_part_b_primary_census_abstract.pdf,Mandi,,,,,,,,,,,,,"CENSUS ABSTRACT
Gohar",,,,,,,,,,,,,,,,,,,,,,,,,,,,,,,,,,,,,,,,,,,,,,,,,,,,,,,,,,,,,,,,,,,,,,,,,,,,,,,,,,,,,,,,,,,,,,,,,,,,,,,,,,,,,,,,,,,,,,,,,,,,,,,,,,
,,,336,mandi_mandi_dchb_part_b_primary_census_abstract.pdf,Mandi,,,,,,,,,,,,,"Industrial category of main workers
Household industry
Cultivators Agricultural labourers workers Other workers
Persons Males Females Persons Males Females Persons MalesFemales Persons Males Females Name of Village",,,,,,,,,,,,,,,,,,,,,,,,,,,,,,,,,,,,,,,,,,,,,,,,,,,,,,,,,,,,,,,,,,,,,,,,,,,,,,,,,,,,,,,,,,,,,,,,,,,,,,,,,,,,,,,,,,,,,,,,,,,,,,,,,,
,,,336,mandi_mandi_dchb_part_b_primary_census_abstract.pdf,Mandi,,,,,,,,,,,,,29 30 31 32 33 34 35 36 37 38 39 40 2,,,,,,,,,,,,,,,,,,,,,,,,,,,,,,,,,,,,,,,,,,,,,,,,,,,,,,,,,,,,,,,,,,,,,,,,,,,,,,,,,,,,,,,,,,,,,,,,,,,,,,,,,,,,,,,,,,,,,,,,,,,,,,,,,,
,,,337,mandi_mandi_dchb_part_b_primary_census_abstract.pdf,Mandi,,,,,,,,,,,,"VILLAGE PRIMARY
C D Block -",,,,,,,,,,,,,,,,,,,,,,,,,,,,,,,,,,,,,,,,,,,,,,,,,,,,,,,,,,,,,,,,,,,,,,,,,,,,,,,,,,,,,,,,,,,,,,,,,,,,,,,,,,,,,,,,,,,,,,,,,,,,,,,,,,,
,,,337,mandi_mandi_dchb_part_b_primary_census_abstract.pdf,Mandi,,,,,,,,,,,,"Industrial category
Location
code Marginal workers Cultivators Agricultural labourers
number Name of Village Persons Males Females Persons Males Females Persons Males Females",,,,,,,,,,,,,,,,,,,,,,,,,,,,,,,,,,,,,,,,,,,,,,,,,,,,,,,,,,,,,,,,,,,,,,,,,,,,,,,,,,,,,,,,,,,,,,,,,,,,,,,,,,,,,,,,,,,,,,,,,,,,,,,,,,,
,,,337,mandi_mandi_dchb_part_b_primary_census_abstract.pdf,Mandi,,,,,,,,,,,,1 2 41 42 43 44 45 46 47 48 49,,,,,,,,,,,,,,,,,,,,,,,,,,,,,,,,,,,,,,,,,,,,,,,,,,,,,,,,,,,,,,,,,,,,,,,,,,,,,,,,,,,,,,,,,,,,,,,,,,,,,,,,,,,,,,,,,,,,,,,,,,,,,,,,,,,
,,,338,mandi_mandi_dchb_part_b_primary_census_abstract.pdf,Mandi,,,,,,,,,,,,,"CENSUS ABSTRACT
Gohar",,,,,,,,,,,,,,,,,,,,,,,,,,,,,,,,,,,,,,,,,,,,,,,,,,,,,,,,,,,,,,,,,,,,,,,,,,,,,,,,,,,,,,,,,,,,,,,,,,,,,,,,,,,,,,,,,,,,,,,,,,,,,,,,,,
,,,338,mandi_mandi_dchb_part_b_primary_census_abstract.pdf,Mandi,,,,,,,,,,,,,"of marginal workers
Location
Household industry workers Other workers Non-workers code
Persons Males Females Persons Males Females Persons Males Females Name of Village number",,,,,,,,,,,,,,,,,,,,,,,,,,,,,,,,,,,,,,,,,,,,,,,,,,,,,,,,,,,,,,,,,,,,,,,,,,,,,,,,,,,,,,,,,,,,,,,,,,,,,,,,,,,,,,,,,,,,,,,,,,,,,,,,,,
,,,338,mandi_mandi_dchb_part_b_primary_census_abstract.pdf,Mandi,,,,,,,,,,,,,50 51 52 53 54 55 56 57 58 2 1,,,,,,,,,,,,,,,,,,,,,,,,,,,,,,,,,,,,,,,,,,,,,,,,,,,,,,,,,,,,,,,,,,,,,,,,,,,,,,,,,,,,,,,,,,,,,,,,,,,,,,,,,,,,,,,,,,,,,,,,,,,,,,,,,,
,,,339,mandi_mandi_dchb_part_b_primary_census_abstract.pdf,Mandi,,,,,,,,,,,,"VILLAGE PRIMARY
C D Block -",,,,,,,,,,,,,,,,,,,,,,,,,,,,,,,,,,,,,,,,,,,,,,,,,,,,,,,,,,,,,,,,,,,,,,,,,,,,,,,,,,,,,,,,,,,,,,,,,,,,,,,,,,,,,,,,,,,,,,,,,,,,,,,,,,,
,,,339,mandi_mandi_dchb_part_b_primary_census_abstract.pdf,Mandi,,,,,,,,,,,,"Location Area of Total population (including institutional
code Village in Number of and houseless population) Population in the age-group 0-6
number Name of Village hectares households Persons Males Females Persons Males Females",,,,,,,,,,,,,,,,,,,,,,,,,,,,,,,,,,,,,,,,,,,,,,,,,,,,,,,,,,,,,,,,,,,,,,,,,,,,,,,,,,,,,,,,,,,,,,,,,,,,,,,,,,,,,,,,,,,,,,,,,,,,,,,,,,,
,,,339,mandi_mandi_dchb_part_b_primary_census_abstract.pdf,Mandi,,,,,,,,,,,,1 2 3 4 5 6 7 8 9 10,,,,,,,,,,,,,,,,,,,,,,,,,,,,,,,,,,,,,,,,,,,,,,,,,,,,,,,,,,,,,,,,,,,,,,,,,,,,,,,,,,,,,,,,,,,,,,,,,,,,,,,,,,,,,,,,,,,,,,,,,,,,,,,,,,,
,,,340,mandi_mandi_dchb_part_b_primary_census_abstract.pdf,Mandi,,,,,,,,,,,,,"CENSUS ABSTRACT
Seraj",,,,,,,,,,,,,,,,,,,,,,,,,,,,,,,,,,,,,,,,,,,,,,,,,,,,,,,,,,,,,,,,,,,,,,,,,,,,,,,,,,,,,,,,,,,,,,,,,,,,,,,,,,,,,,,,,,,,,,,,,,,,,,,,,,
,,,340,mandi_mandi_dchb_part_b_primary_census_abstract.pdf,Mandi,,,,,,,,,,,,,"Scheduled Castes population Scheduled Tribes population Literates
Persons Males Females Persons Males Females Persons Males Females Name of Village",,,,,,,,,,,,,,,,,,,,,,,,,,,,,,,,,,,,,,,,,,,,,,,,,,,,,,,,,,,,,,,,,,,,,,,,,,,,,,,,,,,,,,,,,,,,,,,,,,,,,,,,,,,,,,,,,,,,,,,,,,,,,,,,,,
,,,340,mandi_mandi_dchb_part_b_primary_census_abstract.pdf,Mandi,,,,,,,,,,,,,11 12 13 14 15 16 17 18 19 2,,,,,,,,,,,,,,,,,,,,,,,,,,,,,,,,,,,,,,,,,,,,,,,,,,,,,,,,,,,,,,,,,,,,,,,,,,,,,,,,,,,,,,,,,,,,,,,,,,,,,,,,,,,,,,,,,,,,,,,,,,,,,,,,,,
,,,341,mandi_mandi_dchb_part_b_primary_census_abstract.pdf,Mandi,,,,,,,,,,,,"VILLAGE PRIMARY
C D Block -",,,,,,,,,,,,,,,,,,,,,,,,,,,,,,,,,,,,,,,,,,,,,,,,,,,,,,,,,,,,,,,,,,,,,,,,,,,,,,,,,,,,,,,,,,,,,,,,,,,,,,,,,,,,,,,,,,,,,,,,,,,,,,,,,,,
,,,341,mandi_mandi_dchb_part_b_primary_census_abstract.pdf,Mandi,,,,,,,,,,,,"Location
code Illiterates Total workers Main workers
number Name of Village Persons Males Females Persons Males Females Persons Males Females",,,,,,,,,,,,,,,,,,,,,,,,,,,,,,,,,,,,,,,,,,,,,,,,,,,,,,,,,,,,,,,,,,,,,,,,,,,,,,,,,,,,,,,,,,,,,,,,,,,,,,,,,,,,,,,,,,,,,,,,,,,,,,,,,,,
,,,341,mandi_mandi_dchb_part_b_primary_census_abstract.pdf,Mandi,,,,,,,,,,,,1 2 20 21 22 23 24 25 26 27 28,,,,,,,,,,,,,,,,,,,,,,,,,,,,,,,,,,,,,,,,,,,,,,,,,,,,,,,,,,,,,,,,,,,,,,,,,,,,,,,,,,,,,,,,,,,,,,,,,,,,,,,,,,,,,,,,,,,,,,,,,,,,,,,,,,,
,,,342,mandi_mandi_dchb_part_b_primary_census_abstract.pdf,Mandi,,,,,,,,,,,,,"CENSUS ABSTRACT
Seraj",,,,,,,,,,,,,,,,,,,,,,,,,,,,,,,,,,,,,,,,,,,,,,,,,,,,,,,,,,,,,,,,,,,,,,,,,,,,,,,,,,,,,,,,,,,,,,,,,,,,,,,,,,,,,,,,,,,,,,,,,,,,,,,,,,
,,,342,mandi_mandi_dchb_part_b_primary_census_abstract.pdf,Mandi,,,,,,,,,,,,,"Industrial category of main workers
Household industry
Cultivators Agricultural labourers workers Other workers
Persons Males Females Persons Males Females Persons MalesFemales Persons Males Females Name of Village",,,,,,,,,,,,,,,,,,,,,,,,,,,,,,,,,,,,,,,,,,,,,,,,,,,,,,,,,,,,,,,,,,,,,,,,,,,,,,,,,,,,,,,,,,,,,,,,,,,,,,,,,,,,,,,,,,,,,,,,,,,,,,,,,,
,,,342,mandi_mandi_dchb_part_b_primary_census_abstract.pdf,Mandi,,,,,,,,,,,,,29 30 31 32 33 34 35 36 37 38 39 40 2,,,,,,,,,,,,,,,,,,,,,,,,,,,,,,,,,,,,,,,,,,,,,,,,,,,,,,,,,,,,,,,,,,,,,,,,,,,,,,,,,,,,,,,,,,,,,,,,,,,,,,,,,,,,,,,,,,,,,,,,,,,,,,,,,,
,,,343,mandi_mandi_dchb_part_b_primary_census_abstract.pdf,Mandi,,,,,,,,,,,,"VILLAGE PRIMARY
C D Block -",,,,,,,,,,,,,,,,,,,,,,,,,,,,,,,,,,,,,,,,,,,,,,,,,,,,,,,,,,,,,,,,,,,,,,,,,,,,,,,,,,,,,,,,,,,,,,,,,,,,,,,,,,,,,,,,,,,,,,,,,,,,,,,,,,,
,,,343,mandi_mandi_dchb_part_b_primary_census_abstract.pdf,Mandi,,,,,,,,,,,,"Industrial category
Location
code Marginal workers Cultivators Agricultural labourers
number Name of Village Persons Males Females Persons Males Females Persons Males Females",,,,,,,,,,,,,,,,,,,,,,,,,,,,,,,,,,,,,,,,,,,,,,,,,,,,,,,,,,,,,,,,,,,,,,,,,,,,,,,,,,,,,,,,,,,,,,,,,,,,,,,,,,,,,,,,,,,,,,,,,,,,,,,,,,,
,,,343,mandi_mandi_dchb_part_b_primary_census_abstract.pdf,Mandi,,,,,,,,,,,,1 2 41 42 43 44 45 46 47 48 49,,,,,,,,,,,,,,,,,,,,,,,,,,,,,,,,,,,,,,,,,,,,,,,,,,,,,,,,,,,,,,,,,,,,,,,,,,,,,,,,,,,,,,,,,,,,,,,,,,,,,,,,,,,,,,,,,,,,,,,,,,,,,,,,,,,
,,,344,mandi_mandi_dchb_part_b_primary_census_abstract.pdf,Mandi,,,,,,,,,,,,,"CENSUS ABSTRACT
Seraj",,,,,,,,,,,,,,,,,,,,,,,,,,,,,,,,,,,,,,,,,,,,,,,,,,,,,,,,,,,,,,,,,,,,,,,,,,,,,,,,,,,,,,,,,,,,,,,,,,,,,,,,,,,,,,,,,,,,,,,,,,,,,,,,,,
,,,344,mandi_mandi_dchb_part_b_primary_census_abstract.pdf,Mandi,,,,,,,,,,,,,"of marginal workers
Location
Household industry workers Other workers Non-workers code
Persons Males Females Persons Males Females Persons Males Females Name of Village number",,,,,,,,,,,,,,,,,,,,,,,,,,,,,,,,,,,,,,,,,,,,,,,,,,,,,,,,,,,,,,,,,,,,,,,,,,,,,,,,,,,,,,,,,,,,,,,,,,,,,,,,,,,,,,,,,,,,,,,,,,,,,,,,,,
,,,344,mandi_mandi_dchb_part_b_primary_census_abstract.pdf,Mandi,,,,,,,,,,,,,50 51 52 53 54 55 56 57 58 2 1,,,,,,,,,,,,,,,,,,,,,,,,,,,,,,,,,,,,,,,,,,,,,,,,,,,,,,,,,,,,,,,,,,,,,,,,,,,,,,,,,,,,,,,,,,,,,,,,,,,,,,,,,,,,,,,,,,,,,,,,,,,,,,,,,,
,,,345,mandi_mandi_dchb_part_b_primary_census_abstract.pdf,Mandi,,,,,,,,,,,,"VILLAGE PRIMARY
C D Block -",,,,,,,,,,,,,,,,,,,,,,,,,,,,,,,,,,,,,,,,,,,,,,,,,,,,,,,,,,,,,,,,,,,,,,,,,,,,,,,,,,,,,,,,,,,,,,,,,,,,,,,,,,,,,,,,,,,,,,,,,,,,,,,,,,,
,,,345,mandi_mandi_dchb_part_b_primary_census_abstract.pdf,Mandi,,,,,,,,,,,,"Location Area of Total population (including institutional
code Village in Number of and houseless population) Population in the age-group 0-6
number Name of Village hectares households Persons Males Females Persons Males Females",,,,,,,,,,,,,,,,,,,,,,,,,,,,,,,,,,,,,,,,,,,,,,,,,,,,,,,,,,,,,,,,,,,,,,,,,,,,,,,,,,,,,,,,,,,,,,,,,,,,,,,,,,,,,,,,,,,,,,,,,,,,,,,,,,,
,,,345,mandi_mandi_dchb_part_b_primary_census_abstract.pdf,Mandi,,,,,,,,,,,,1 2 3 4 5 6 7 8 9 10,,,,,,,,,,,,,,,,,,,,,,,,,,,,,,,,,,,,,,,,,,,,,,,,,,,,,,,,,,,,,,,,,,,,,,,,,,,,,,,,,,,,,,,,,,,,,,,,,,,,,,,,,,,,,,,,,,,,,,,,,,,,,,,,,,,
,,,346,mandi_mandi_dchb_part_b_primary_census_abstract.pdf,Mandi,,,,,,,,,,,,,"CENSUS ABSTRACT
Seraj",,,,,,,,,,,,,,,,,,,,,,,,,,,,,,,,,,,,,,,,,,,,,,,,,,,,,,,,,,,,,,,,,,,,,,,,,,,,,,,,,,,,,,,,,,,,,,,,,,,,,,,,,,,,,,,,,,,,,,,,,,,,,,,,,,
,,,346,mandi_mandi_dchb_part_b_primary_census_abstract.pdf,Mandi,,,,,,,,,,,,,"Scheduled Castes population Scheduled Tribes population Literates
Persons Males Females Persons Males Females Persons Males Females Name of Village",,,,,,,,,,,,,,,,,,,,,,,,,,,,,,,,,,,,,,,,,,,,,,,,,,,,,,,,,,,,,,,,,,,,,,,,,,,,,,,,,,,,,,,,,,,,,,,,,,,,,,,,,,,,,,,,,,,,,,,,,,,,,,,,,,
,,,346,mandi_mandi_dchb_part_b_primary_census_abstract.pdf,Mandi,,,,,,,,,,,,,11 12 13 14 15 16 17 18 19 2,,,,,,,,,,,,,,,,,,,,,,,,,,,,,,,,,,,,,,,,,,,,,,,,,,,,,,,,,,,,,,,,,,,,,,,,,,,,,,,,,,,,,,,,,,,,,,,,,,,,,,,,,,,,,,,,,,,,,,,,,,,,,,,,,,
,,,347,mandi_mandi_dchb_part_b_primary_census_abstract.pdf,Mandi,,,,,,,,,,,,"VILLAGE PRIMARY
C D Block -",,,,,,,,,,,,,,,,,,,,,,,,,,,,,,,,,,,,,,,,,,,,,,,,,,,,,,,,,,,,,,,,,,,,,,,,,,,,,,,,,,,,,,,,,,,,,,,,,,,,,,,,,,,,,,,,,,,,,,,,,,,,,,,,,,,
,,,347,mandi_mandi_dchb_part_b_primary_census_abstract.pdf,Mandi,,,,,,,,,,,,"Location
code Illiterates Total workers Main workers
number Name of Village Persons Males Females Persons Males Females Persons Males Females",,,,,,,,,,,,,,,,,,,,,,,,,,,,,,,,,,,,,,,,,,,,,,,,,,,,,,,,,,,,,,,,,,,,,,,,,,,,,,,,,,,,,,,,,,,,,,,,,,,,,,,,,,,,,,,,,,,,,,,,,,,,,,,,,,,
,,,347,mandi_mandi_dchb_part_b_primary_census_abstract.pdf,Mandi,,,,,,,,,,,,1 2 20 21 22 23 24 25 26 27 28,,,,,,,,,,,,,,,,,,,,,,,,,,,,,,,,,,,,,,,,,,,,,,,,,,,,,,,,,,,,,,,,,,,,,,,,,,,,,,,,,,,,,,,,,,,,,,,,,,,,,,,,,,,,,,,,,,,,,,,,,,,,,,,,,,,
,,,348,mandi_mandi_dchb_part_b_primary_census_abstract.pdf,Mandi,,,,,,,,,,,,,"CENSUS ABSTRACT
Seraj",,,,,,,,,,,,,,,,,,,,,,,,,,,,,,,,,,,,,,,,,,,,,,,,,,,,,,,,,,,,,,,,,,,,,,,,,,,,,,,,,,,,,,,,,,,,,,,,,,,,,,,,,,,,,,,,,,,,,,,,,,,,,,,,,,
,,,348,mandi_mandi_dchb_part_b_primary_census_abstract.pdf,Mandi,,,,,,,,,,,,,"Industrial category of main workers
Household industry
Cultivators Agricultural labourers workers Other workers
Persons Males Females Persons Males Females Persons MalesFemales Persons Males Females Name of Village",,,,,,,,,,,,,,,,,,,,,,,,,,,,,,,,,,,,,,,,,,,,,,,,,,,,,,,,,,,,,,,,,,,,,,,,,,,,,,,,,,,,,,,,,,,,,,,,,,,,,,,,,,,,,,,,,,,,,,,,,,,,,,,,,,
,,,348,mandi_mandi_dchb_part_b_primary_census_abstract.pdf,Mandi,,,,,,,,,,,,,29 30 31 32 33 34 35 36 37 38 39 40 2,,,,,,,,,,,,,,,,,,,,,,,,,,,,,,,,,,,,,,,,,,,,,,,,,,,,,,,,,,,,,,,,,,,,,,,,,,,,,,,,,,,,,,,,,,,,,,,,,,,,,,,,,,,,,,,,,,,,,,,,,,,,,,,,,,
,,,349,mandi_mandi_dchb_part_b_primary_census_abstract.pdf,Mandi,,,,,,,,,,,,"VILLAGE PRIMARY
C D Block -",,,,,,,,,,,,,,,,,,,,,,,,,,,,,,,,,,,,,,,,,,,,,,,,,,,,,,,,,,,,,,,,,,,,,,,,,,,,,,,,,,,,,,,,,,,,,,,,,,,,,,,,,,,,,,,,,,,,,,,,,,,,,,,,,,,
,,,349,mandi_mandi_dchb_part_b_primary_census_abstract.pdf,Mandi,,,,,,,,,,,,"Industrial category
Location
code Marginal workers Cultivators Agricultural labourers
number Name of Village Persons Males Females Persons Males Females Persons Males Females",,,,,,,,,,,,,,,,,,,,,,,,,,,,,,,,,,,,,,,,,,,,,,,,,,,,,,,,,,,,,,,,,,,,,,,,,,,,,,,,,,,,,,,,,,,,,,,,,,,,,,,,,,,,,,,,,,,,,,,,,,,,,,,,,,,
,,,349,mandi_mandi_dchb_part_b_primary_census_abstract.pdf,Mandi,,,,,,,,,,,,1 2 41 42 43 44 45 46 47 48 49,,,,,,,,,,,,,,,,,,,,,,,,,,,,,,,,,,,,,,,,,,,,,,,,,,,,,,,,,,,,,,,,,,,,,,,,,,,,,,,,,,,,,,,,,,,,,,,,,,,,,,,,,,,,,,,,,,,,,,,,,,,,,,,,,,,
,,,350,mandi_mandi_dchb_part_b_primary_census_abstract.pdf,Mandi,,,,,,,,,,,,,"CENSUS ABSTRACT
Seraj",,,,,,,,,,,,,,,,,,,,,,,,,,,,,,,,,,,,,,,,,,,,,,,,,,,,,,,,,,,,,,,,,,,,,,,,,,,,,,,,,,,,,,,,,,,,,,,,,,,,,,,,,,,,,,,,,,,,,,,,,,,,,,,,,,
,,,350,mandi_mandi_dchb_part_b_primary_census_abstract.pdf,Mandi,,,,,,,,,,,,,"of marginal workers
Location
Household industry workers Other workers Non-workers code
Persons Males Females Persons Males Females Persons Males Females Name of Village number",,,,,,,,,,,,,,,,,,,,,,,,,,,,,,,,,,,,,,,,,,,,,,,,,,,,,,,,,,,,,,,,,,,,,,,,,,,,,,,,,,,,,,,,,,,,,,,,,,,,,,,,,,,,,,,,,,,,,,,,,,,,,,,,,,
,,,350,mandi_mandi_dchb_part_b_primary_census_abstract.pdf,Mandi,,,,,,,,,,,,,50 51 52 53 54 55 56 57 58 2 1,,,,,,,,,,,,,,,,,,,,,,,,,,,,,,,,,,,,,,,,,,,,,,,,,,,,,,,,,,,,,,,,,,,,,,,,,,,,,,,,,,,,,,,,,,,,,,,,,,,,,,,,,,,,,,,,,,,,,,,,,,,,,,,,,,
,,,351,mandi_mandi_dchb_part_b_primary_census_abstract.pdf,Mandi,,,,,,,,,,,,"VILLAGE PRIMARY
C D Block -",,,,,,,,,,,,,,,,,,,,,,,,,,,,,,,,,,,,,,,,,,,,,,,,,,,,,,,,,,,,,,,,,,,,,,,,,,,,,,,,,,,,,,,,,,,,,,,,,,,,,,,,,,,,,,,,,,,,,,,,,,,,,,,,,,,
,,,351,mandi_mandi_dchb_part_b_primary_census_abstract.pdf,Mandi,,,,,,,,,,,,"Location Area of Total population (including institutional
code Village in Number of and houseless population) Population in the age-group 0-6
number Name of Village hectares households Persons Males Females Persons Males Females",,,,,,,,,,,,,,,,,,,,,,,,,,,,,,,,,,,,,,,,,,,,,,,,,,,,,,,,,,,,,,,,,,,,,,,,,,,,,,,,,,,,,,,,,,,,,,,,,,,,,,,,,,,,,,,,,,,,,,,,,,,,,,,,,,,
,,,351,mandi_mandi_dchb_part_b_primary_census_abstract.pdf,Mandi,,,,,,,,,,,,1 2 3 4 5 6 7 8 9 10,,,,,,,,,,,,,,,,,,,,,,,,,,,,,,,,,,,,,,,,,,,,,,,,,,,,,,,,,,,,,,,,,,,,,,,,,,,,,,,,,,,,,,,,,,,,,,,,,,,,,,,,,,,,,,,,,,,,,,,,,,,,,,,,,,,
,,,352,mandi_mandi_dchb_part_b_primary_census_abstract.pdf,Mandi,,,,,,,,,,,,,"CENSUS ABSTRACT
Seraj",,,,,,,,,,,,,,,,,,,,,,,,,,,,,,,,,,,,,,,,,,,,,,,,,,,,,,,,,,,,,,,,,,,,,,,,,,,,,,,,,,,,,,,,,,,,,,,,,,,,,,,,,,,,,,,,,,,,,,,,,,,,,,,,,,
,,,352,mandi_mandi_dchb_part_b_primary_census_abstract.pdf,Mandi,,,,,,,,,,,,,"Scheduled Castes population Scheduled Tribes population Literates
Persons Males Females Persons Males Females Persons Males Females Name of Village",,,,,,,,,,,,,,,,,,,,,,,,,,,,,,,,,,,,,,,,,,,,,,,,,,,,,,,,,,,,,,,,,,,,,,,,,,,,,,,,,,,,,,,,,,,,,,,,,,,,,,,,,,,,,,,,,,,,,,,,,,,,,,,,,,
,,,352,mandi_mandi_dchb_part_b_primary_census_abstract.pdf,Mandi,,,,,,,,,,,,,11 12 13 14 15 16 17 18 19 2,,,,,,,,,,,,,,,,,,,,,,,,,,,,,,,,,,,,,,,,,,,,,,,,,,,,,,,,,,,,,,,,,,,,,,,,,,,,,,,,,,,,,,,,,,,,,,,,,,,,,,,,,,,,,,,,,,,,,,,,,,,,,,,,,,
,,,353,mandi_mandi_dchb_part_b_primary_census_abstract.pdf,Mandi,,,,,,,,,,,,"VILLAGE PRIMARY
C D Block -",,,,,,,,,,,,,,,,,,,,,,,,,,,,,,,,,,,,,,,,,,,,,,,,,,,,,,,,,,,,,,,,,,,,,,,,,,,,,,,,,,,,,,,,,,,,,,,,,,,,,,,,,,,,,,,,,,,,,,,,,,,,,,,,,,,
,,,353,mandi_mandi_dchb_part_b_primary_census_abstract.pdf,Mandi,,,,,,,,,,,,"Location
code Illiterates Total workers Main workers
number Name of Village Persons Males Females Persons Males Females Persons Males Females",,,,,,,,,,,,,,,,,,,,,,,,,,,,,,,,,,,,,,,,,,,,,,,,,,,,,,,,,,,,,,,,,,,,,,,,,,,,,,,,,,,,,,,,,,,,,,,,,,,,,,,,,,,,,,,,,,,,,,,,,,,,,,,,,,,
,,,353,mandi_mandi_dchb_part_b_primary_census_abstract.pdf,Mandi,,,,,,,,,,,,1 2 20 21 22 23 24 25 26 27 28,,,,,,,,,,,,,,,,,,,,,,,,,,,,,,,,,,,,,,,,,,,,,,,,,,,,,,,,,,,,,,,,,,,,,,,,,,,,,,,,,,,,,,,,,,,,,,,,,,,,,,,,,,,,,,,,,,,,,,,,,,,,,,,,,,,
,,,354,mandi_mandi_dchb_part_b_primary_census_abstract.pdf,Mandi,,,,,,,,,,,,,"CENSUS ABSTRACT
Seraj",,,,,,,,,,,,,,,,,,,,,,,,,,,,,,,,,,,,,,,,,,,,,,,,,,,,,,,,,,,,,,,,,,,,,,,,,,,,,,,,,,,,,,,,,,,,,,,,,,,,,,,,,,,,,,,,,,,,,,,,,,,,,,,,,,
,,,354,mandi_mandi_dchb_part_b_primary_census_abstract.pdf,Mandi,,,,,,,,,,,,,"Industrial category of main workers
Household industry
Cultivators Agricultural labourers workers Other workers
Persons Males Females Persons Males Females Persons MalesFemales Persons Males Females Name of Village",,,,,,,,,,,,,,,,,,,,,,,,,,,,,,,,,,,,,,,,,,,,,,,,,,,,,,,,,,,,,,,,,,,,,,,,,,,,,,,,,,,,,,,,,,,,,,,,,,,,,,,,,,,,,,,,,,,,,,,,,,,,,,,,,,
,,,354,mandi_mandi_dchb_part_b_primary_census_abstract.pdf,Mandi,,,,,,,,,,,,,29 30 31 32 33 34 35 36 37 38 39 40 2,,,,,,,,,,,,,,,,,,,,,,,,,,,,,,,,,,,,,,,,,,,,,,,,,,,,,,,,,,,,,,,,,,,,,,,,,,,,,,,,,,,,,,,,,,,,,,,,,,,,,,,,,,,,,,,,,,,,,,,,,,,,,,,,,,
,,,355,mandi_mandi_dchb_part_b_primary_census_abstract.pdf,Mandi,,,,,,,,,,,,"VILLAGE PRIMARY
C D Block -",,,,,,,,,,,,,,,,,,,,,,,,,,,,,,,,,,,,,,,,,,,,,,,,,,,,,,,,,,,,,,,,,,,,,,,,,,,,,,,,,,,,,,,,,,,,,,,,,,,,,,,,,,,,,,,,,,,,,,,,,,,,,,,,,,,
,,,355,mandi_mandi_dchb_part_b_primary_census_abstract.pdf,Mandi,,,,,,,,,,,,"Industrial category
Location
code Marginal workers Cultivators Agricultural labourers
number Name of Village Persons Males Females Persons Males Females Persons Males Females",,,,,,,,,,,,,,,,,,,,,,,,,,,,,,,,,,,,,,,,,,,,,,,,,,,,,,,,,,,,,,,,,,,,,,,,,,,,,,,,,,,,,,,,,,,,,,,,,,,,,,,,,,,,,,,,,,,,,,,,,,,,,,,,,,,
,,,355,mandi_mandi_dchb_part_b_primary_census_abstract.pdf,Mandi,,,,,,,,,,,,1 2 41 42 43 44 45 46 47 48 49,,,,,,,,,,,,,,,,,,,,,,,,,,,,,,,,,,,,,,,,,,,,,,,,,,,,,,,,,,,,,,,,,,,,,,,,,,,,,,,,,,,,,,,,,,,,,,,,,,,,,,,,,,,,,,,,,,,,,,,,,,,,,,,,,,,
,,,356,mandi_mandi_dchb_part_b_primary_census_abstract.pdf,Mandi,,,,,,,,,,,,,"CENSUS ABSTRACT
Seraj",,,,,,,,,,,,,,,,,,,,,,,,,,,,,,,,,,,,,,,,,,,,,,,,,,,,,,,,,,,,,,,,,,,,,,,,,,,,,,,,,,,,,,,,,,,,,,,,,,,,,,,,,,,,,,,,,,,,,,,,,,,,,,,,,,
,,,356,mandi_mandi_dchb_part_b_primary_census_abstract.pdf,Mandi,,,,,,,,,,,,,"of marginal workers
Location
Household industry workers Other workers Non-workers code
Persons Males Females Persons Males Females Persons Males Females Name of Village number",,,,,,,,,,,,,,,,,,,,,,,,,,,,,,,,,,,,,,,,,,,,,,,,,,,,,,,,,,,,,,,,,,,,,,,,,,,,,,,,,,,,,,,,,,,,,,,,,,,,,,,,,,,,,,,,,,,,,,,,,,,,,,,,,,
,,,356,mandi_mandi_dchb_part_b_primary_census_abstract.pdf,Mandi,,,,,,,,,,,,,50 51 52 53 54 55 56 57 58 2 1,,,,,,,,,,,,,,,,,,,,,,,,,,,,,,,,,,,,,,,,,,,,,,,,,,,,,,,,,,,,,,,,,,,,,,,,,,,,,,,,,,,,,,,,,,,,,,,,,,,,,,,,,,,,,,,,,,,,,,,,,,,,,,,,,,
,,,357,mandi_mandi_dchb_part_b_primary_census_abstract.pdf,Mandi,,,,,,,,,,,,"VILLAGE PRIMARY
C D Block -",,,,,,,,,,,,,,,,,,,,,,,,,,,,,,,,,,,,,,,,,,,,,,,,,,,,,,,,,,,,,,,,,,,,,,,,,,,,,,,,,,,,,,,,,,,,,,,,,,,,,,,,,,,,,,,,,,,,,,,,,,,,,,,,,,,
,,,357,mandi_mandi_dchb_part_b_primary_census_abstract.pdf,Mandi,,,,,,,,,,,,"Location Area of Total population (including institutional
code Village in Number of and houseless population) Population in the age-group 0-6
number Name of Village hectares households Persons Males Females Persons Males Females",,,,,,,,,,,,,,,,,,,,,,,,,,,,,,,,,,,,,,,,,,,,,,,,,,,,,,,,,,,,,,,,,,,,,,,,,,,,,,,,,,,,,,,,,,,,,,,,,,,,,,,,,,,,,,,,,,,,,,,,,,,,,,,,,,,
,,,357,mandi_mandi_dchb_part_b_primary_census_abstract.pdf,Mandi,,,,,,,,,,,,1 2 3 4 5 6 7 8 9 10,,,,,,,,,,,,,,,,,,,,,,,,,,,,,,,,,,,,,,,,,,,,,,,,,,,,,,,,,,,,,,,,,,,,,,,,,,,,,,,,,,,,,,,,,,,,,,,,,,,,,,,,,,,,,,,,,,,,,,,,,,,,,,,,,,,
,,,358,mandi_mandi_dchb_part_b_primary_census_abstract.pdf,Mandi,,,,,,,,,,,,,"CENSUS ABSTRACT
Seraj",,,,,,,,,,,,,,,,,,,,,,,,,,,,,,,,,,,,,,,,,,,,,,,,,,,,,,,,,,,,,,,,,,,,,,,,,,,,,,,,,,,,,,,,,,,,,,,,,,,,,,,,,,,,,,,,,,,,,,,,,,,,,,,,,,
,,,358,mandi_mandi_dchb_part_b_primary_census_abstract.pdf,Mandi,,,,,,,,,,,,,"Scheduled Castes population Scheduled Tribes population Literates
Persons Males Females Persons Males Females Persons Males Females Name of Village",,,,,,,,,,,,,,,,,,,,,,,,,,,,,,,,,,,,,,,,,,,,,,,,,,,,,,,,,,,,,,,,,,,,,,,,,,,,,,,,,,,,,,,,,,,,,,,,,,,,,,,,,,,,,,,,,,,,,,,,,,,,,,,,,,
,,,358,mandi_mandi_dchb_part_b_primary_census_abstract.pdf,Mandi,,,,,,,,,,,,,11 12 13 14 15 16 17 18 19 2,,,,,,,,,,,,,,,,,,,,,,,,,,,,,,,,,,,,,,,,,,,,,,,,,,,,,,,,,,,,,,,,,,,,,,,,,,,,,,,,,,,,,,,,,,,,,,,,,,,,,,,,,,,,,,,,,,,,,,,,,,,,,,,,,,
,,,359,mandi_mandi_dchb_part_b_primary_census_abstract.pdf,Mandi,,,,,,,,,,,,"VILLAGE PRIMARY
C D Block -",,,,,,,,,,,,,,,,,,,,,,,,,,,,,,,,,,,,,,,,,,,,,,,,,,,,,,,,,,,,,,,,,,,,,,,,,,,,,,,,,,,,,,,,,,,,,,,,,,,,,,,,,,,,,,,,,,,,,,,,,,,,,,,,,,,
,,,359,mandi_mandi_dchb_part_b_primary_census_abstract.pdf,Mandi,,,,,,,,,,,,"Location
code Illiterates Total workers Main workers
number Name of Village Persons Males Females Persons Males Females Persons Males Females",,,,,,,,,,,,,,,,,,,,,,,,,,,,,,,,,,,,,,,,,,,,,,,,,,,,,,,,,,,,,,,,,,,,,,,,,,,,,,,,,,,,,,,,,,,,,,,,,,,,,,,,,,,,,,,,,,,,,,,,,,,,,,,,,,,
,,,359,mandi_mandi_dchb_part_b_primary_census_abstract.pdf,Mandi,,,,,,,,,,,,1 2 20 21 22 23 24 25 26 27 28,,,,,,,,,,,,,,,,,,,,,,,,,,,,,,,,,,,,,,,,,,,,,,,,,,,,,,,,,,,,,,,,,,,,,,,,,,,,,,,,,,,,,,,,,,,,,,,,,,,,,,,,,,,,,,,,,,,,,,,,,,,,,,,,,,,
,,,360,mandi_mandi_dchb_part_b_primary_census_abstract.pdf,Mandi,,,,,,,,,,,,,"CENSUS ABSTRACT
Seraj",,,,,,,,,,,,,,,,,,,,,,,,,,,,,,,,,,,,,,,,,,,,,,,,,,,,,,,,,,,,,,,,,,,,,,,,,,,,,,,,,,,,,,,,,,,,,,,,,,,,,,,,,,,,,,,,,,,,,,,,,,,,,,,,,,
,,,360,mandi_mandi_dchb_part_b_primary_census_abstract.pdf,Mandi,,,,,,,,,,,,,"Industrial category of main workers
Household industry
Cultivators Agricultural labourers workers Other workers
Persons Males Females Persons Males Females Persons MalesFemales Persons Males Females Name of Village",,,,,,,,,,,,,,,,,,,,,,,,,,,,,,,,,,,,,,,,,,,,,,,,,,,,,,,,,,,,,,,,,,,,,,,,,,,,,,,,,,,,,,,,,,,,,,,,,,,,,,,,,,,,,,,,,,,,,,,,,,,,,,,,,,
,,,360,mandi_mandi_dchb_part_b_primary_census_abstract.pdf,Mandi,,,,,,,,,,,,,29 30 31 32 33 34 35 36 37 38 39 40 2,,,,,,,,,,,,,,,,,,,,,,,,,,,,,,,,,,,,,,,,,,,,,,,,,,,,,,,,,,,,,,,,,,,,,,,,,,,,,,,,,,,,,,,,,,,,,,,,,,,,,,,,,,,,,,,,,,,,,,,,,,,,,,,,,,
,,,361,mandi_mandi_dchb_part_b_primary_census_abstract.pdf,Mandi,,,,,,,,,,,,"VILLAGE PRIMARY
C D Block -",,,,,,,,,,,,,,,,,,,,,,,,,,,,,,,,,,,,,,,,,,,,,,,,,,,,,,,,,,,,,,,,,,,,,,,,,,,,,,,,,,,,,,,,,,,,,,,,,,,,,,,,,,,,,,,,,,,,,,,,,,,,,,,,,,,
,,,361,mandi_mandi_dchb_part_b_primary_census_abstract.pdf,Mandi,,,,,,,,,,,,"Industrial category
Location
code Marginal workers Cultivators Agricultural labourers
number Name of Village Persons Males Females Persons Males Females Persons Males Females",,,,,,,,,,,,,,,,,,,,,,,,,,,,,,,,,,,,,,,,,,,,,,,,,,,,,,,,,,,,,,,,,,,,,,,,,,,,,,,,,,,,,,,,,,,,,,,,,,,,,,,,,,,,,,,,,,,,,,,,,,,,,,,,,,,
,,,361,mandi_mandi_dchb_part_b_primary_census_abstract.pdf,Mandi,,,,,,,,,,,,1 2 41 42 43 44 45 46 47 48 49,,,,,,,,,,,,,,,,,,,,,,,,,,,,,,,,,,,,,,,,,,,,,,,,,,,,,,,,,,,,,,,,,,,,,,,,,,,,,,,,,,,,,,,,,,,,,,,,,,,,,,,,,,,,,,,,,,,,,,,,,,,,,,,,,,,
,,,362,mandi_mandi_dchb_part_b_primary_census_abstract.pdf,Mandi,,,,,,,,,,,,,"CENSUS ABSTRACT
Seraj",,,,,,,,,,,,,,,,,,,,,,,,,,,,,,,,,,,,,,,,,,,,,,,,,,,,,,,,,,,,,,,,,,,,,,,,,,,,,,,,,,,,,,,,,,,,,,,,,,,,,,,,,,,,,,,,,,,,,,,,,,,,,,,,,,
,,,362,mandi_mandi_dchb_part_b_primary_census_abstract.pdf,Mandi,,,,,,,,,,,,,"of marginal workers
Location
Household industry workers Other workers Non-workers code
Persons Males Females Persons Males Females Persons Males Females Name of Village number",,,,,,,,,,,,,,,,,,,,,,,,,,,,,,,,,,,,,,,,,,,,,,,,,,,,,,,,,,,,,,,,,,,,,,,,,,,,,,,,,,,,,,,,,,,,,,,,,,,,,,,,,,,,,,,,,,,,,,,,,,,,,,,,,,
,,,362,mandi_mandi_dchb_part_b_primary_census_abstract.pdf,Mandi,,,,,,,,,,,,,50 51 52 53 54 55 56 57 58 2 1,,,,,,,,,,,,,,,,,,,,,,,,,,,,,,,,,,,,,,,,,,,,,,,,,,,,,,,,,,,,,,,,,,,,,,,,,,,,,,,,,,,,,,,,,,,,,,,,,,,,,,,,,,,,,,,,,,,,,,,,,,,,,,,,,,
,,,363,mandi_mandi_dchb_part_b_primary_census_abstract.pdf,Mandi,,,,,,,,,,,,"VILLAGE PRIMARY
C D Block -",,,,,,,,,,,,,,,,,,,,,,,,,,,,,,,,,,,,,,,,,,,,,,,,,,,,,,,,,,,,,,,,,,,,,,,,,,,,,,,,,,,,,,,,,,,,,,,,,,,,,,,,,,,,,,,,,,,,,,,,,,,,,,,,,,,
,,,363,mandi_mandi_dchb_part_b_primary_census_abstract.pdf,Mandi,,,,,,,,,,,,"Location Area of Total population (including institutional
code Village in Number of and houseless population) Population in the age-group 0-6
number Name of Village hectares households Persons Males Females Persons Males Females",,,,,,,,,,,,,,,,,,,,,,,,,,,,,,,,,,,,,,,,,,,,,,,,,,,,,,,,,,,,,,,,,,,,,,,,,,,,,,,,,,,,,,,,,,,,,,,,,,,,,,,,,,,,,,,,,,,,,,,,,,,,,,,,,,,
,,,363,mandi_mandi_dchb_part_b_primary_census_abstract.pdf,Mandi,,,,,,,,,,,,1 2 3 4 5 6 7 8 9 10,,,,,,,,,,,,,,,,,,,,,,,,,,,,,,,,,,,,,,,,,,,,,,,,,,,,,,,,,,,,,,,,,,,,,,,,,,,,,,,,,,,,,,,,,,,,,,,,,,,,,,,,,,,,,,,,,,,,,,,,,,,,,,,,,,,
,,,364,mandi_mandi_dchb_part_b_primary_census_abstract.pdf,Mandi,,,,,,,,,,,,,"CENSUS ABSTRACT
Seraj",,,,,,,,,,,,,,,,,,,,,,,,,,,,,,,,,,,,,,,,,,,,,,,,,,,,,,,,,,,,,,,,,,,,,,,,,,,,,,,,,,,,,,,,,,,,,,,,,,,,,,,,,,,,,,,,,,,,,,,,,,,,,,,,,,
,,,364,mandi_mandi_dchb_part_b_primary_census_abstract.pdf,Mandi,,,,,,,,,,,,,"Scheduled Castes population Scheduled Tribes population Literates
Persons Males Females Persons Males Females Persons Males Females Name of Village",,,,,,,,,,,,,,,,,,,,,,,,,,,,,,,,,,,,,,,,,,,,,,,,,,,,,,,,,,,,,,,,,,,,,,,,,,,,,,,,,,,,,,,,,,,,,,,,,,,,,,,,,,,,,,,,,,,,,,,,,,,,,,,,,,
,,,364,mandi_mandi_dchb_part_b_primary_census_abstract.pdf,Mandi,,,,,,,,,,,,,11 12 13 14 15 16 17 18 19 2,,,,,,,,,,,,,,,,,,,,,,,,,,,,,,,,,,,,,,,,,,,,,,,,,,,,,,,,,,,,,,,,,,,,,,,,,,,,,,,,,,,,,,,,,,,,,,,,,,,,,,,,,,,,,,,,,,,,,,,,,,,,,,,,,,
,,,365,mandi_mandi_dchb_part_b_primary_census_abstract.pdf,Mandi,,,,,,,,,,,,"VILLAGE PRIMARY
C D Block -",,,,,,,,,,,,,,,,,,,,,,,,,,,,,,,,,,,,,,,,,,,,,,,,,,,,,,,,,,,,,,,,,,,,,,,,,,,,,,,,,,,,,,,,,,,,,,,,,,,,,,,,,,,,,,,,,,,,,,,,,,,,,,,,,,,
,,,365,mandi_mandi_dchb_part_b_primary_census_abstract.pdf,Mandi,,,,,,,,,,,,"Location
code Illiterates Total workers Main workers
number Name of Village Persons Males Females Persons Males Females Persons Males Females",,,,,,,,,,,,,,,,,,,,,,,,,,,,,,,,,,,,,,,,,,,,,,,,,,,,,,,,,,,,,,,,,,,,,,,,,,,,,,,,,,,,,,,,,,,,,,,,,,,,,,,,,,,,,,,,,,,,,,,,,,,,,,,,,,,
,,,365,mandi_mandi_dchb_part_b_primary_census_abstract.pdf,Mandi,,,,,,,,,,,,1 2 20 21 22 23 24 25 26 27 28,,,,,,,,,,,,,,,,,,,,,,,,,,,,,,,,,,,,,,,,,,,,,,,,,,,,,,,,,,,,,,,,,,,,,,,,,,,,,,,,,,,,,,,,,,,,,,,,,,,,,,,,,,,,,,,,,,,,,,,,,,,,,,,,,,,
,,,366,mandi_mandi_dchb_part_b_primary_census_abstract.pdf,Mandi,,,,,,,,,,,,,"CENSUS ABSTRACT
Seraj",,,,,,,,,,,,,,,,,,,,,,,,,,,,,,,,,,,,,,,,,,,,,,,,,,,,,,,,,,,,,,,,,,,,,,,,,,,,,,,,,,,,,,,,,,,,,,,,,,,,,,,,,,,,,,,,,,,,,,,,,,,,,,,,,,
,,,366,mandi_mandi_dchb_part_b_primary_census_abstract.pdf,Mandi,,,,,,,,,,,,,"Industrial category of main workers
Household industry
Cultivators Agricultural labourers workers Other workers
Persons Males Females Persons Males Females Persons MalesFemales Persons Males Females Name of Village",,,,,,,,,,,,,,,,,,,,,,,,,,,,,,,,,,,,,,,,,,,,,,,,,,,,,,,,,,,,,,,,,,,,,,,,,,,,,,,,,,,,,,,,,,,,,,,,,,,,,,,,,,,,,,,,,,,,,,,,,,,,,,,,,,
,,,366,mandi_mandi_dchb_part_b_primary_census_abstract.pdf,Mandi,,,,,,,,,,,,,29 30 31 32 33 34 35 36 37 38 39 40 2,,,,,,,,,,,,,,,,,,,,,,,,,,,,,,,,,,,,,,,,,,,,,,,,,,,,,,,,,,,,,,,,,,,,,,,,,,,,,,,,,,,,,,,,,,,,,,,,,,,,,,,,,,,,,,,,,,,,,,,,,,,,,,,,,,
,,,367,mandi_mandi_dchb_part_b_primary_census_abstract.pdf,Mandi,,,,,,,,,,,,"VILLAGE PRIMARY
C D Block -",,,,,,,,,,,,,,,,,,,,,,,,,,,,,,,,,,,,,,,,,,,,,,,,,,,,,,,,,,,,,,,,,,,,,,,,,,,,,,,,,,,,,,,,,,,,,,,,,,,,,,,,,,,,,,,,,,,,,,,,,,,,,,,,,,,
,,,367,mandi_mandi_dchb_part_b_primary_census_abstract.pdf,Mandi,,,,,,,,,,,,"Industrial category
Location
code Marginal workers Cultivators Agricultural labourers
number Name of Village Persons Males Females Persons Males Females Persons Males Females",,,,,,,,,,,,,,,,,,,,,,,,,,,,,,,,,,,,,,,,,,,,,,,,,,,,,,,,,,,,,,,,,,,,,,,,,,,,,,,,,,,,,,,,,,,,,,,,,,,,,,,,,,,,,,,,,,,,,,,,,,,,,,,,,,,
,,,367,mandi_mandi_dchb_part_b_primary_census_abstract.pdf,Mandi,,,,,,,,,,,,1 2 41 42 43 44 45 46 47 48 49,,,,,,,,,,,,,,,,,,,,,,,,,,,,,,,,,,,,,,,,,,,,,,,,,,,,,,,,,,,,,,,,,,,,,,,,,,,,,,,,,,,,,,,,,,,,,,,,,,,,,,,,,,,,,,,,,,,,,,,,,,,,,,,,,,,
,,,368,mandi_mandi_dchb_part_b_primary_census_abstract.pdf,Mandi,,,,,,,,,,,,,"CENSUS ABSTRACT
Seraj",,,,,,,,,,,,,,,,,,,,,,,,,,,,,,,,,,,,,,,,,,,,,,,,,,,,,,,,,,,,,,,,,,,,,,,,,,,,,,,,,,,,,,,,,,,,,,,,,,,,,,,,,,,,,,,,,,,,,,,,,,,,,,,,,,
,,,368,mandi_mandi_dchb_part_b_primary_census_abstract.pdf,Mandi,,,,,,,,,,,,,"of marginal workers
Location
Household industry workers Other workers Non-workers code
Persons Males Females Persons Males Females Persons Males Females Name of Village number",,,,,,,,,,,,,,,,,,,,,,,,,,,,,,,,,,,,,,,,,,,,,,,,,,,,,,,,,,,,,,,,,,,,,,,,,,,,,,,,,,,,,,,,,,,,,,,,,,,,,,,,,,,,,,,,,,,,,,,,,,,,,,,,,,
,,,368,mandi_mandi_dchb_part_b_primary_census_abstract.pdf,Mandi,,,,,,,,,,,,,50 51 52 53 54 55 56 57 58 2 1,,,,,,,,,,,,,,,,,,,,,,,,,,,,,,,,,,,,,,,,,,,,,,,,,,,,,,,,,,,,,,,,,,,,,,,,,,,,,,,,,,,,,,,,,,,,,,,,,,,,,,,,,,,,,,,,,,,,,,,,,,,,,,,,,,
,,,369,mandi_mandi_dchb_part_b_primary_census_abstract.pdf,Mandi,,,,,,,,,,,,"VILLAGE PRIMARY
C D Block -",,,,,,,,,,,,,,,,,,,,,,,,,,,,,,,,,,,,,,,,,,,,,,,,,,,,,,,,,,,,,,,,,,,,,,,,,,,,,,,,,,,,,,,,,,,,,,,,,,,,,,,,,,,,,,,,,,,,,,,,,,,,,,,,,,,
,,,369,mandi_mandi_dchb_part_b_primary_census_abstract.pdf,Mandi,,,,,,,,,,,,"Location Area of Total population (including institutional
code Village in Number of and houseless population) Population in the age-group 0-6
number Name of Village hectares households Persons Males Females Persons Males Females",,,,,,,,,,,,,,,,,,,,,,,,,,,,,,,,,,,,,,,,,,,,,,,,,,,,,,,,,,,,,,,,,,,,,,,,,,,,,,,,,,,,,,,,,,,,,,,,,,,,,,,,,,,,,,,,,,,,,,,,,,,,,,,,,,,
,,,369,mandi_mandi_dchb_part_b_primary_census_abstract.pdf,Mandi,,,,,,,,,,,,1 2 3 4 5 6 7 8 9 10,,,,,,,,,,,,,,,,,,,,,,,,,,,,,,,,,,,,,,,,,,,,,,,,,,,,,,,,,,,,,,,,,,,,,,,,,,,,,,,,,,,,,,,,,,,,,,,,,,,,,,,,,,,,,,,,,,,,,,,,,,,,,,,,,,,
,,,370,mandi_mandi_dchb_part_b_primary_census_abstract.pdf,Mandi,,,,,,,,,,,,,"CENSUS ABSTRACT
Seraj",,,,,,,,,,,,,,,,,,,,,,,,,,,,,,,,,,,,,,,,,,,,,,,,,,,,,,,,,,,,,,,,,,,,,,,,,,,,,,,,,,,,,,,,,,,,,,,,,,,,,,,,,,,,,,,,,,,,,,,,,,,,,,,,,,
,,,370,mandi_mandi_dchb_part_b_primary_census_abstract.pdf,Mandi,,,,,,,,,,,,,"Scheduled Castes population Scheduled Tribes population Literates
Persons Males Females Persons Males Females Persons Males Females Name of Village",,,,,,,,,,,,,,,,,,,,,,,,,,,,,,,,,,,,,,,,,,,,,,,,,,,,,,,,,,,,,,,,,,,,,,,,,,,,,,,,,,,,,,,,,,,,,,,,,,,,,,,,,,,,,,,,,,,,,,,,,,,,,,,,,,
,,,370,mandi_mandi_dchb_part_b_primary_census_abstract.pdf,Mandi,,,,,,,,,,,,,11 12 13 14 15 16 17 18 19 2,,,,,,,,,,,,,,,,,,,,,,,,,,,,,,,,,,,,,,,,,,,,,,,,,,,,,,,,,,,,,,,,,,,,,,,,,,,,,,,,,,,,,,,,,,,,,,,,,,,,,,,,,,,,,,,,,,,,,,,,,,,,,,,,,,
,,,371,mandi_mandi_dchb_part_b_primary_census_abstract.pdf,Mandi,,,,,,,,,,,,"VILLAGE PRIMARY
C D Block -",,,,,,,,,,,,,,,,,,,,,,,,,,,,,,,,,,,,,,,,,,,,,,,,,,,,,,,,,,,,,,,,,,,,,,,,,,,,,,,,,,,,,,,,,,,,,,,,,,,,,,,,,,,,,,,,,,,,,,,,,,,,,,,,,,,
,,,371,mandi_mandi_dchb_part_b_primary_census_abstract.pdf,Mandi,,,,,,,,,,,,"Location
code Illiterates Total workers Main workers
number Name of Village Persons Males Females Persons Males Females Persons Males Females",,,,,,,,,,,,,,,,,,,,,,,,,,,,,,,,,,,,,,,,,,,,,,,,,,,,,,,,,,,,,,,,,,,,,,,,,,,,,,,,,,,,,,,,,,,,,,,,,,,,,,,,,,,,,,,,,,,,,,,,,,,,,,,,,,,
,,,371,mandi_mandi_dchb_part_b_primary_census_abstract.pdf,Mandi,,,,,,,,,,,,1 2 20 21 22 23 24 25 26 27 28,,,,,,,,,,,,,,,,,,,,,,,,,,,,,,,,,,,,,,,,,,,,,,,,,,,,,,,,,,,,,,,,,,,,,,,,,,,,,,,,,,,,,,,,,,,,,,,,,,,,,,,,,,,,,,,,,,,,,,,,,,,,,,,,,,,
,,,372,mandi_mandi_dchb_part_b_primary_census_abstract.pdf,Mandi,,,,,,,,,,,,,"CENSUS ABSTRACT
Seraj",,,,,,,,,,,,,,,,,,,,,,,,,,,,,,,,,,,,,,,,,,,,,,,,,,,,,,,,,,,,,,,,,,,,,,,,,,,,,,,,,,,,,,,,,,,,,,,,,,,,,,,,,,,,,,,,,,,,,,,,,,,,,,,,,,
,,,372,mandi_mandi_dchb_part_b_primary_census_abstract.pdf,Mandi,,,,,,,,,,,,,"Industrial category of main workers
Household industry
Cultivators Agricultural labourers workers Other workers
Persons Males Females Persons Males Females Persons MalesFemales Persons Males Females Name of Village",,,,,,,,,,,,,,,,,,,,,,,,,,,,,,,,,,,,,,,,,,,,,,,,,,,,,,,,,,,,,,,,,,,,,,,,,,,,,,,,,,,,,,,,,,,,,,,,,,,,,,,,,,,,,,,,,,,,,,,,,,,,,,,,,,
,,,372,mandi_mandi_dchb_part_b_primary_census_abstract.pdf,Mandi,,,,,,,,,,,,,29 30 31 32 33 34 35 36 37 38 39 40 2,,,,,,,,,,,,,,,,,,,,,,,,,,,,,,,,,,,,,,,,,,,,,,,,,,,,,,,,,,,,,,,,,,,,,,,,,,,,,,,,,,,,,,,,,,,,,,,,,,,,,,,,,,,,,,,,,,,,,,,,,,,,,,,,,,
,,,373,mandi_mandi_dchb_part_b_primary_census_abstract.pdf,Mandi,,,,,,,,,,,,"VILLAGE PRIMARY
C D Block -",,,,,,,,,,,,,,,,,,,,,,,,,,,,,,,,,,,,,,,,,,,,,,,,,,,,,,,,,,,,,,,,,,,,,,,,,,,,,,,,,,,,,,,,,,,,,,,,,,,,,,,,,,,,,,,,,,,,,,,,,,,,,,,,,,,
,,,373,mandi_mandi_dchb_part_b_primary_census_abstract.pdf,Mandi,,,,,,,,,,,,"Industrial category
Location
code Marginal workers Cultivators Agricultural labourers
number Name of Village Persons Males Females Persons Males Females Persons Males Females",,,,,,,,,,,,,,,,,,,,,,,,,,,,,,,,,,,,,,,,,,,,,,,,,,,,,,,,,,,,,,,,,,,,,,,,,,,,,,,,,,,,,,,,,,,,,,,,,,,,,,,,,,,,,,,,,,,,,,,,,,,,,,,,,,,
,,,373,mandi_mandi_dchb_part_b_primary_census_abstract.pdf,Mandi,,,,,,,,,,,,1 2 41 42 43 44 45 46 47 48 49,,,,,,,,,,,,,,,,,,,,,,,,,,,,,,,,,,,,,,,,,,,,,,,,,,,,,,,,,,,,,,,,,,,,,,,,,,,,,,,,,,,,,,,,,,,,,,,,,,,,,,,,,,,,,,,,,,,,,,,,,,,,,,,,,,,
,,,374,mandi_mandi_dchb_part_b_primary_census_abstract.pdf,Mandi,,,,,,,,,,,,,"CENSUS ABSTRACT
Seraj",,,,,,,,,,,,,,,,,,,,,,,,,,,,,,,,,,,,,,,,,,,,,,,,,,,,,,,,,,,,,,,,,,,,,,,,,,,,,,,,,,,,,,,,,,,,,,,,,,,,,,,,,,,,,,,,,,,,,,,,,,,,,,,,,,
,,,374,mandi_mandi_dchb_part_b_primary_census_abstract.pdf,Mandi,,,,,,,,,,,,,"of marginal workers
Location
Household industry workers Other workers Non-workers code
Persons Males Females Persons Males Females Persons Males Females Name of Village number",,,,,,,,,,,,,,,,,,,,,,,,,,,,,,,,,,,,,,,,,,,,,,,,,,,,,,,,,,,,,,,,,,,,,,,,,,,,,,,,,,,,,,,,,,,,,,,,,,,,,,,,,,,,,,,,,,,,,,,,,,,,,,,,,,
,,,374,mandi_mandi_dchb_part_b_primary_census_abstract.pdf,Mandi,,,,,,,,,,,,,50 51 52 53 54 55 56 57 58 2 1,,,,,,,,,,,,,,,,,,,,,,,,,,,,,,,,,,,,,,,,,,,,,,,,,,,,,,,,,,,,,,,,,,,,,,,,,,,,,,,,,,,,,,,,,,,,,,,,,,,,,,,,,,,,,,,,,,,,,,,,,,,,,,,,,,
,,,375,mandi_mandi_dchb_part_b_primary_census_abstract.pdf,Mandi,,,,,,,,,,,,"VILLAGE PRIMARY
C D Block -",,,,,,,,,,,,,,,,,,,,,,,,,,,,,,,,,,,,,,,,,,,,,,,,,,,,,,,,,,,,,,,,,,,,,,,,,,,,,,,,,,,,,,,,,,,,,,,,,,,,,,,,,,,,,,,,,,,,,,,,,,,,,,,,,,,
,,,375,mandi_mandi_dchb_part_b_primary_census_abstract.pdf,Mandi,,,,,,,,,,,,"Location Area of Total population (including institutional
code Village in Number of and houseless population) Population in the age-group 0-6
number Name of Village hectares households Persons Males Females Persons Males Females",,,,,,,,,,,,,,,,,,,,,,,,,,,,,,,,,,,,,,,,,,,,,,,,,,,,,,,,,,,,,,,,,,,,,,,,,,,,,,,,,,,,,,,,,,,,,,,,,,,,,,,,,,,,,,,,,,,,,,,,,,,,,,,,,,,
,,,375,mandi_mandi_dchb_part_b_primary_census_abstract.pdf,Mandi,,,,,,,,,,,,1 2 3 4 5 6 7 8 9 10,,,,,,,,,,,,,,,,,,,,,,,,,,,,,,,,,,,,,,,,,,,,,,,,,,,,,,,,,,,,,,,,,,,,,,,,,,,,,,,,,,,,,,,,,,,,,,,,,,,,,,,,,,,,,,,,,,,,,,,,,,,,,,,,,,,
,,,376,mandi_mandi_dchb_part_b_primary_census_abstract.pdf,Mandi,,,,,,,,,,,,,"CENSUS ABSTRACT
Seraj",,,,,,,,,,,,,,,,,,,,,,,,,,,,,,,,,,,,,,,,,,,,,,,,,,,,,,,,,,,,,,,,,,,,,,,,,,,,,,,,,,,,,,,,,,,,,,,,,,,,,,,,,,,,,,,,,,,,,,,,,,,,,,,,,,
,,,376,mandi_mandi_dchb_part_b_primary_census_abstract.pdf,Mandi,,,,,,,,,,,,,"Scheduled Castes population Scheduled Tribes population Literates
Persons Males Females Persons Males Females Persons Males Females Name of Village",,,,,,,,,,,,,,,,,,,,,,,,,,,,,,,,,,,,,,,,,,,,,,,,,,,,,,,,,,,,,,,,,,,,,,,,,,,,,,,,,,,,,,,,,,,,,,,,,,,,,,,,,,,,,,,,,,,,,,,,,,,,,,,,,,
,,,376,mandi_mandi_dchb_part_b_primary_census_abstract.pdf,Mandi,,,,,,,,,,,,,11 12 13 14 15 16 17 18 19 2,,,,,,,,,,,,,,,,,,,,,,,,,,,,,,,,,,,,,,,,,,,,,,,,,,,,,,,,,,,,,,,,,,,,,,,,,,,,,,,,,,,,,,,,,,,,,,,,,,,,,,,,,,,,,,,,,,,,,,,,,,,,,,,,,,
,,,377,mandi_mandi_dchb_part_b_primary_census_abstract.pdf,Mandi,,,,,,,,,,,,"VILLAGE PRIMARY
C D Block -",,,,,,,,,,,,,,,,,,,,,,,,,,,,,,,,,,,,,,,,,,,,,,,,,,,,,,,,,,,,,,,,,,,,,,,,,,,,,,,,,,,,,,,,,,,,,,,,,,,,,,,,,,,,,,,,,,,,,,,,,,,,,,,,,,,
,,,377,mandi_mandi_dchb_part_b_primary_census_abstract.pdf,Mandi,,,,,,,,,,,,"Location
code Illiterates Total workers Main workers
number Name of Village Persons Males Females Persons Males Females Persons Males Females",,,,,,,,,,,,,,,,,,,,,,,,,,,,,,,,,,,,,,,,,,,,,,,,,,,,,,,,,,,,,,,,,,,,,,,,,,,,,,,,,,,,,,,,,,,,,,,,,,,,,,,,,,,,,,,,,,,,,,,,,,,,,,,,,,,
,,,377,mandi_mandi_dchb_part_b_primary_census_abstract.pdf,Mandi,,,,,,,,,,,,1 2 20 21 22 23 24 25 26 27 28,,,,,,,,,,,,,,,,,,,,,,,,,,,,,,,,,,,,,,,,,,,,,,,,,,,,,,,,,,,,,,,,,,,,,,,,,,,,,,,,,,,,,,,,,,,,,,,,,,,,,,,,,,,,,,,,,,,,,,,,,,,,,,,,,,,
,,,378,mandi_mandi_dchb_part_b_primary_census_abstract.pdf,Mandi,,,,,,,,,,,,,"CENSUS ABSTRACT
Seraj",,,,,,,,,,,,,,,,,,,,,,,,,,,,,,,,,,,,,,,,,,,,,,,,,,,,,,,,,,,,,,,,,,,,,,,,,,,,,,,,,,,,,,,,,,,,,,,,,,,,,,,,,,,,,,,,,,,,,,,,,,,,,,,,,,
,,,378,mandi_mandi_dchb_part_b_primary_census_abstract.pdf,Mandi,,,,,,,,,,,,,"Industrial category of main workers
Household industry
Cultivators Agricultural labourers workers Other workers
Persons Males Females Persons Males Females Persons MalesFemales Persons Males Females Name of Village",,,,,,,,,,,,,,,,,,,,,,,,,,,,,,,,,,,,,,,,,,,,,,,,,,,,,,,,,,,,,,,,,,,,,,,,,,,,,,,,,,,,,,,,,,,,,,,,,,,,,,,,,,,,,,,,,,,,,,,,,,,,,,,,,,
,,,378,mandi_mandi_dchb_part_b_primary_census_abstract.pdf,Mandi,,,,,,,,,,,,,29 30 31 32 33 34 35 36 37 38 39 40 2,,,,,,,,,,,,,,,,,,,,,,,,,,,,,,,,,,,,,,,,,,,,,,,,,,,,,,,,,,,,,,,,,,,,,,,,,,,,,,,,,,,,,,,,,,,,,,,,,,,,,,,,,,,,,,,,,,,,,,,,,,,,,,,,,,
,,,379,mandi_mandi_dchb_part_b_primary_census_abstract.pdf,Mandi,,,,,,,,,,,,"VILLAGE PRIMARY
C D Block -",,,,,,,,,,,,,,,,,,,,,,,,,,,,,,,,,,,,,,,,,,,,,,,,,,,,,,,,,,,,,,,,,,,,,,,,,,,,,,,,,,,,,,,,,,,,,,,,,,,,,,,,,,,,,,,,,,,,,,,,,,,,,,,,,,,
,,,379,mandi_mandi_dchb_part_b_primary_census_abstract.pdf,Mandi,,,,,,,,,,,,"Industrial category
Location
code Marginal workers Cultivators Agricultural labourers
number Name of Village Persons Males Females Persons Males Females Persons Males Females",,,,,,,,,,,,,,,,,,,,,,,,,,,,,,,,,,,,,,,,,,,,,,,,,,,,,,,,,,,,,,,,,,,,,,,,,,,,,,,,,,,,,,,,,,,,,,,,,,,,,,,,,,,,,,,,,,,,,,,,,,,,,,,,,,,
,,,379,mandi_mandi_dchb_part_b_primary_census_abstract.pdf,Mandi,,,,,,,,,,,,1 2 41 42 43 44 45 46 47 48 49,,,,,,,,,,,,,,,,,,,,,,,,,,,,,,,,,,,,,,,,,,,,,,,,,,,,,,,,,,,,,,,,,,,,,,,,,,,,,,,,,,,,,,,,,,,,,,,,,,,,,,,,,,,,,,,,,,,,,,,,,,,,,,,,,,,
,,,380,mandi_mandi_dchb_part_b_primary_census_abstract.pdf,Mandi,,,,,,,,,,,,,"CENSUS ABSTRACT
Seraj",,,,,,,,,,,,,,,,,,,,,,,,,,,,,,,,,,,,,,,,,,,,,,,,,,,,,,,,,,,,,,,,,,,,,,,,,,,,,,,,,,,,,,,,,,,,,,,,,,,,,,,,,,,,,,,,,,,,,,,,,,,,,,,,,,
,,,380,mandi_mandi_dchb_part_b_primary_census_abstract.pdf,Mandi,,,,,,,,,,,,,"of marginal workers
Location
Household industry workers Other workers Non-workers code
Persons Males Females Persons Males Females Persons Males Females Name of Village number",,,,,,,,,,,,,,,,,,,,,,,,,,,,,,,,,,,,,,,,,,,,,,,,,,,,,,,,,,,,,,,,,,,,,,,,,,,,,,,,,,,,,,,,,,,,,,,,,,,,,,,,,,,,,,,,,,,,,,,,,,,,,,,,,,
,,,380,mandi_mandi_dchb_part_b_primary_census_abstract.pdf,Mandi,,,,,,,,,,,,,50 51 52 53 54 55 56 57 58 2 1,,,,,,,,,,,,,,,,,,,,,,,,,,,,,,,,,,,,,,,,,,,,,,,,,,,,,,,,,,,,,,,,,,,,,,,,,,,,,,,,,,,,,,,,,,,,,,,,,,,,,,,,,,,,,,,,,,,,,,,,,,,,,,,,,,
,,,381,mandi_mandi_dchb_part_b_primary_census_abstract.pdf,Mandi,,,,,,,,,,,,"VILLAGE PRIMARY
C D Block -",,,,,,,,,,,,,,,,,,,,,,,,,,,,,,,,,,,,,,,,,,,,,,,,,,,,,,,,,,,,,,,,,,,,,,,,,,,,,,,,,,,,,,,,,,,,,,,,,,,,,,,,,,,,,,,,,,,,,,,,,,,,,,,,,,,
,,,381,mandi_mandi_dchb_part_b_primary_census_abstract.pdf,Mandi,,,,,,,,,,,,"Location Area of Total population (including institutional
code Village in Number of and houseless population) Population in the age-group 0-6
number Name of Village hectares households Persons Males Females Persons Males Females",,,,,,,,,,,,,,,,,,,,,,,,,,,,,,,,,,,,,,,,,,,,,,,,,,,,,,,,,,,,,,,,,,,,,,,,,,,,,,,,,,,,,,,,,,,,,,,,,,,,,,,,,,,,,,,,,,,,,,,,,,,,,,,,,,,
,,,381,mandi_mandi_dchb_part_b_primary_census_abstract.pdf,Mandi,,,,,,,,,,,,1 2 3 4 5 6 7 8 9 10,,,,,,,,,,,,,,,,,,,,,,,,,,,,,,,,,,,,,,,,,,,,,,,,,,,,,,,,,,,,,,,,,,,,,,,,,,,,,,,,,,,,,,,,,,,,,,,,,,,,,,,,,,,,,,,,,,,,,,,,,,,,,,,,,,,
,,,382,mandi_mandi_dchb_part_b_primary_census_abstract.pdf,Mandi,,,,,,,,,,,,,"CENSUS ABSTRACT
Seraj",,,,,,,,,,,,,,,,,,,,,,,,,,,,,,,,,,,,,,,,,,,,,,,,,,,,,,,,,,,,,,,,,,,,,,,,,,,,,,,,,,,,,,,,,,,,,,,,,,,,,,,,,,,,,,,,,,,,,,,,,,,,,,,,,,
,,,382,mandi_mandi_dchb_part_b_primary_census_abstract.pdf,Mandi,,,,,,,,,,,,,"Scheduled Castes population Scheduled Tribes population Literates
Persons Males Females Persons Males Females Persons Males Females Name of Village",,,,,,,,,,,,,,,,,,,,,,,,,,,,,,,,,,,,,,,,,,,,,,,,,,,,,,,,,,,,,,,,,,,,,,,,,,,,,,,,,,,,,,,,,,,,,,,,,,,,,,,,,,,,,,,,,,,,,,,,,,,,,,,,,,
,,,382,mandi_mandi_dchb_part_b_primary_census_abstract.pdf,Mandi,,,,,,,,,,,,,11 12 13 14 15 16 17 18 19 2,,,,,,,,,,,,,,,,,,,,,,,,,,,,,,,,,,,,,,,,,,,,,,,,,,,,,,,,,,,,,,,,,,,,,,,,,,,,,,,,,,,,,,,,,,,,,,,,,,,,,,,,,,,,,,,,,,,,,,,,,,,,,,,,,,
,,,383,mandi_mandi_dchb_part_b_primary_census_abstract.pdf,Mandi,,,,,,,,,,,,"VILLAGE PRIMARY
C D Block -",,,,,,,,,,,,,,,,,,,,,,,,,,,,,,,,,,,,,,,,,,,,,,,,,,,,,,,,,,,,,,,,,,,,,,,,,,,,,,,,,,,,,,,,,,,,,,,,,,,,,,,,,,,,,,,,,,,,,,,,,,,,,,,,,,,
,,,383,mandi_mandi_dchb_part_b_primary_census_abstract.pdf,Mandi,,,,,,,,,,,,"Location
code Illiterates Total workers Main workers
number Name of Village Persons Males Females Persons Males Females Persons Males Females",,,,,,,,,,,,,,,,,,,,,,,,,,,,,,,,,,,,,,,,,,,,,,,,,,,,,,,,,,,,,,,,,,,,,,,,,,,,,,,,,,,,,,,,,,,,,,,,,,,,,,,,,,,,,,,,,,,,,,,,,,,,,,,,,,,
,,,383,mandi_mandi_dchb_part_b_primary_census_abstract.pdf,Mandi,,,,,,,,,,,,1 2 20 21 22 23 24 25 26 27 28,,,,,,,,,,,,,,,,,,,,,,,,,,,,,,,,,,,,,,,,,,,,,,,,,,,,,,,,,,,,,,,,,,,,,,,,,,,,,,,,,,,,,,,,,,,,,,,,,,,,,,,,,,,,,,,,,,,,,,,,,,,,,,,,,,,
,,,384,mandi_mandi_dchb_part_b_primary_census_abstract.pdf,Mandi,,,,,,,,,,,,,"CENSUS ABSTRACT
Seraj",,,,,,,,,,,,,,,,,,,,,,,,,,,,,,,,,,,,,,,,,,,,,,,,,,,,,,,,,,,,,,,,,,,,,,,,,,,,,,,,,,,,,,,,,,,,,,,,,,,,,,,,,,,,,,,,,,,,,,,,,,,,,,,,,,
,,,384,mandi_mandi_dchb_part_b_primary_census_abstract.pdf,Mandi,,,,,,,,,,,,,"Industrial category of main workers
Household industry
Cultivators Agricultural labourers workers Other workers
Persons Males Females Persons Males Females Persons MalesFemales Persons Males Females Name of Village",,,,,,,,,,,,,,,,,,,,,,,,,,,,,,,,,,,,,,,,,,,,,,,,,,,,,,,,,,,,,,,,,,,,,,,,,,,,,,,,,,,,,,,,,,,,,,,,,,,,,,,,,,,,,,,,,,,,,,,,,,,,,,,,,,
,,,384,mandi_mandi_dchb_part_b_primary_census_abstract.pdf,Mandi,,,,,,,,,,,,,29 30 31 32 33 34 35 36 37 38 39 40 2,,,,,,,,,,,,,,,,,,,,,,,,,,,,,,,,,,,,,,,,,,,,,,,,,,,,,,,,,,,,,,,,,,,,,,,,,,,,,,,,,,,,,,,,,,,,,,,,,,,,,,,,,,,,,,,,,,,,,,,,,,,,,,,,,,
,,,385,mandi_mandi_dchb_part_b_primary_census_abstract.pdf,Mandi,,,,,,,,,,,,"VILLAGE PRIMARY
C D Block -",,,,,,,,,,,,,,,,,,,,,,,,,,,,,,,,,,,,,,,,,,,,,,,,,,,,,,,,,,,,,,,,,,,,,,,,,,,,,,,,,,,,,,,,,,,,,,,,,,,,,,,,,,,,,,,,,,,,,,,,,,,,,,,,,,,
,,,385,mandi_mandi_dchb_part_b_primary_census_abstract.pdf,Mandi,,,,,,,,,,,,"Industrial category
Location
code Marginal workers Cultivators Agricultural labourers
number Name of Village Persons Males Females Persons Males Females Persons Males Females",,,,,,,,,,,,,,,,,,,,,,,,,,,,,,,,,,,,,,,,,,,,,,,,,,,,,,,,,,,,,,,,,,,,,,,,,,,,,,,,,,,,,,,,,,,,,,,,,,,,,,,,,,,,,,,,,,,,,,,,,,,,,,,,,,,
,,,385,mandi_mandi_dchb_part_b_primary_census_abstract.pdf,Mandi,,,,,,,,,,,,1 2 41 42 43 44 45 46 47 48 49,,,,,,,,,,,,,,,,,,,,,,,,,,,,,,,,,,,,,,,,,,,,,,,,,,,,,,,,,,,,,,,,,,,,,,,,,,,,,,,,,,,,,,,,,,,,,,,,,,,,,,,,,,,,,,,,,,,,,,,,,,,,,,,,,,,
,,,386,mandi_mandi_dchb_part_b_primary_census_abstract.pdf,Mandi,,,,,,,,,,,,,"CENSUS ABSTRACT
Seraj",,,,,,,,,,,,,,,,,,,,,,,,,,,,,,,,,,,,,,,,,,,,,,,,,,,,,,,,,,,,,,,,,,,,,,,,,,,,,,,,,,,,,,,,,,,,,,,,,,,,,,,,,,,,,,,,,,,,,,,,,,,,,,,,,,
,,,386,mandi_mandi_dchb_part_b_primary_census_abstract.pdf,Mandi,,,,,,,,,,,,,"of marginal workers
Location
Household industry workers Other workers Non-workers code
Persons Males Females Persons Males Females Persons Males Females Name of Village number",,,,,,,,,,,,,,,,,,,,,,,,,,,,,,,,,,,,,,,,,,,,,,,,,,,,,,,,,,,,,,,,,,,,,,,,,,,,,,,,,,,,,,,,,,,,,,,,,,,,,,,,,,,,,,,,,,,,,,,,,,,,,,,,,,
,,,386,mandi_mandi_dchb_part_b_primary_census_abstract.pdf,Mandi,,,,,,,,,,,,,50 51 52 53 54 55 56 57 58 2 1,,,,,,,,,,,,,,,,,,,,,,,,,,,,,,,,,,,,,,,,,,,,,,,,,,,,,,,,,,,,,,,,,,,,,,,,,,,,,,,,,,,,,,,,,,,,,,,,,,,,,,,,,,,,,,,,,,,,,,,,,,,,,,,,,,
,,,387,mandi_mandi_dchb_part_b_primary_census_abstract.pdf,Mandi,,,,,,,,,,,,"VILLAGE PRIMARY
C D Block -",,,,,,,,,,,,,,,,,,,,,,,,,,,,,,,,,,,,,,,,,,,,,,,,,,,,,,,,,,,,,,,,,,,,,,,,,,,,,,,,,,,,,,,,,,,,,,,,,,,,,,,,,,,,,,,,,,,,,,,,,,,,,,,,,,,
,,,387,mandi_mandi_dchb_part_b_primary_census_abstract.pdf,Mandi,,,,,,,,,,,,"Location Area of Total population (including institutional
code Village in Number of and houseless population) Population in the age-group 0-6
number Name of Village hectares households Persons Males Females Persons Males Females",,,,,,,,,,,,,,,,,,,,,,,,,,,,,,,,,,,,,,,,,,,,,,,,,,,,,,,,,,,,,,,,,,,,,,,,,,,,,,,,,,,,,,,,,,,,,,,,,,,,,,,,,,,,,,,,,,,,,,,,,,,,,,,,,,,
,,,387,mandi_mandi_dchb_part_b_primary_census_abstract.pdf,Mandi,,,,,,,,,,,,1 2 3 4 5 6 7 8 9 10,,,,,,,,,,,,,,,,,,,,,,,,,,,,,,,,,,,,,,,,,,,,,,,,,,,,,,,,,,,,,,,,,,,,,,,,,,,,,,,,,,,,,,,,,,,,,,,,,,,,,,,,,,,,,,,,,,,,,,,,,,,,,,,,,,,
,,,388,mandi_mandi_dchb_part_b_primary_census_abstract.pdf,Mandi,,,,,,,,,,,,,"CENSUS ABSTRACT
Karsog",,,,,,,,,,,,,,,,,,,,,,,,,,,,,,,,,,,,,,,,,,,,,,,,,,,,,,,,,,,,,,,,,,,,,,,,,,,,,,,,,,,,,,,,,,,,,,,,,,,,,,,,,,,,,,,,,,,,,,,,,,,,,,,,,,
,,,388,mandi_mandi_dchb_part_b_primary_census_abstract.pdf,Mandi,,,,,,,,,,,,,"Scheduled Castes population Scheduled Tribes population Literates
Persons Males Females Persons Males Females Persons Males Females Name of Village",,,,,,,,,,,,,,,,,,,,,,,,,,,,,,,,,,,,,,,,,,,,,,,,,,,,,,,,,,,,,,,,,,,,,,,,,,,,,,,,,,,,,,,,,,,,,,,,,,,,,,,,,,,,,,,,,,,,,,,,,,,,,,,,,,
,,,388,mandi_mandi_dchb_part_b_primary_census_abstract.pdf,Mandi,,,,,,,,,,,,,11 12 13 14 15 16 17 18 19 2,,,,,,,,,,,,,,,,,,,,,,,,,,,,,,,,,,,,,,,,,,,,,,,,,,,,,,,,,,,,,,,,,,,,,,,,,,,,,,,,,,,,,,,,,,,,,,,,,,,,,,,,,,,,,,,,,,,,,,,,,,,,,,,,,,
,,,389,mandi_mandi_dchb_part_b_primary_census_abstract.pdf,Mandi,,,,,,,,,,,,"VILLAGE PRIMARY
C D Block -",,,,,,,,,,,,,,,,,,,,,,,,,,,,,,,,,,,,,,,,,,,,,,,,,,,,,,,,,,,,,,,,,,,,,,,,,,,,,,,,,,,,,,,,,,,,,,,,,,,,,,,,,,,,,,,,,,,,,,,,,,,,,,,,,,,
,,,389,mandi_mandi_dchb_part_b_primary_census_abstract.pdf,Mandi,,,,,,,,,,,,"Location
code Illiterates Total workers Main workers
number Name of Village Persons Males Females Persons Males Females Persons Males Females",,,,,,,,,,,,,,,,,,,,,,,,,,,,,,,,,,,,,,,,,,,,,,,,,,,,,,,,,,,,,,,,,,,,,,,,,,,,,,,,,,,,,,,,,,,,,,,,,,,,,,,,,,,,,,,,,,,,,,,,,,,,,,,,,,,
,,,389,mandi_mandi_dchb_part_b_primary_census_abstract.pdf,Mandi,,,,,,,,,,,,1 2 20 21 22 23 24 25 26 27 28,,,,,,,,,,,,,,,,,,,,,,,,,,,,,,,,,,,,,,,,,,,,,,,,,,,,,,,,,,,,,,,,,,,,,,,,,,,,,,,,,,,,,,,,,,,,,,,,,,,,,,,,,,,,,,,,,,,,,,,,,,,,,,,,,,,
,,,390,mandi_mandi_dchb_part_b_primary_census_abstract.pdf,Mandi,,,,,,,,,,,,,"CENSUS ABSTRACT
Karsog",,,,,,,,,,,,,,,,,,,,,,,,,,,,,,,,,,,,,,,,,,,,,,,,,,,,,,,,,,,,,,,,,,,,,,,,,,,,,,,,,,,,,,,,,,,,,,,,,,,,,,,,,,,,,,,,,,,,,,,,,,,,,,,,,,
,,,390,mandi_mandi_dchb_part_b_primary_census_abstract.pdf,Mandi,,,,,,,,,,,,,"Industrial category of main workers
Household industry
Cultivators Agricultural labourers workers Other workers
Persons Males Females Persons Males Females Persons MalesFemales Persons Males Females Name of Village",,,,,,,,,,,,,,,,,,,,,,,,,,,,,,,,,,,,,,,,,,,,,,,,,,,,,,,,,,,,,,,,,,,,,,,,,,,,,,,,,,,,,,,,,,,,,,,,,,,,,,,,,,,,,,,,,,,,,,,,,,,,,,,,,,
,,,390,mandi_mandi_dchb_part_b_primary_census_abstract.pdf,Mandi,,,,,,,,,,,,,29 30 31 32 33 34 35 36 37 38 39 40 2,,,,,,,,,,,,,,,,,,,,,,,,,,,,,,,,,,,,,,,,,,,,,,,,,,,,,,,,,,,,,,,,,,,,,,,,,,,,,,,,,,,,,,,,,,,,,,,,,,,,,,,,,,,,,,,,,,,,,,,,,,,,,,,,,,
,,,391,mandi_mandi_dchb_part_b_primary_census_abstract.pdf,Mandi,,,,,,,,,,,,"VILLAGE PRIMARY
C D Block -",,,,,,,,,,,,,,,,,,,,,,,,,,,,,,,,,,,,,,,,,,,,,,,,,,,,,,,,,,,,,,,,,,,,,,,,,,,,,,,,,,,,,,,,,,,,,,,,,,,,,,,,,,,,,,,,,,,,,,,,,,,,,,,,,,,
,,,391,mandi_mandi_dchb_part_b_primary_census_abstract.pdf,Mandi,,,,,,,,,,,,"Industrial category
Location
code Marginal workers Cultivators Agricultural labourers
number Name of Village Persons Males Females Persons Males Females Persons Males Females",,,,,,,,,,,,,,,,,,,,,,,,,,,,,,,,,,,,,,,,,,,,,,,,,,,,,,,,,,,,,,,,,,,,,,,,,,,,,,,,,,,,,,,,,,,,,,,,,,,,,,,,,,,,,,,,,,,,,,,,,,,,,,,,,,,
,,,391,mandi_mandi_dchb_part_b_primary_census_abstract.pdf,Mandi,,,,,,,,,,,,1 2 41 42 43 44 45 46 47 48 49,,,,,,,,,,,,,,,,,,,,,,,,,,,,,,,,,,,,,,,,,,,,,,,,,,,,,,,,,,,,,,,,,,,,,,,,,,,,,,,,,,,,,,,,,,,,,,,,,,,,,,,,,,,,,,,,,,,,,,,,,,,,,,,,,,,
,,,392,mandi_mandi_dchb_part_b_primary_census_abstract.pdf,Mandi,,,,,,,,,,,,,"CENSUS ABSTRACT
Karsog",,,,,,,,,,,,,,,,,,,,,,,,,,,,,,,,,,,,,,,,,,,,,,,,,,,,,,,,,,,,,,,,,,,,,,,,,,,,,,,,,,,,,,,,,,,,,,,,,,,,,,,,,,,,,,,,,,,,,,,,,,,,,,,,,,
,,,392,mandi_mandi_dchb_part_b_primary_census_abstract.pdf,Mandi,,,,,,,,,,,,,"of marginal workers
Location
Household industry workers Other workers Non-workers code
Persons Males Females Persons Males Females Persons Males Females Name of Village number",,,,,,,,,,,,,,,,,,,,,,,,,,,,,,,,,,,,,,,,,,,,,,,,,,,,,,,,,,,,,,,,,,,,,,,,,,,,,,,,,,,,,,,,,,,,,,,,,,,,,,,,,,,,,,,,,,,,,,,,,,,,,,,,,,
,,,392,mandi_mandi_dchb_part_b_primary_census_abstract.pdf,Mandi,,,,,,,,,,,,,50 51 52 53 54 55 56 57 58 2 1,,,,,,,,,,,,,,,,,,,,,,,,,,,,,,,,,,,,,,,,,,,,,,,,,,,,,,,,,,,,,,,,,,,,,,,,,,,,,,,,,,,,,,,,,,,,,,,,,,,,,,,,,,,,,,,,,,,,,,,,,,,,,,,,,,
,,,393,mandi_mandi_dchb_part_b_primary_census_abstract.pdf,Mandi,,,,,,,,,,,,"VILLAGE PRIMARY
C D Block -",,,,,,,,,,,,,,,,,,,,,,,,,,,,,,,,,,,,,,,,,,,,,,,,,,,,,,,,,,,,,,,,,,,,,,,,,,,,,,,,,,,,,,,,,,,,,,,,,,,,,,,,,,,,,,,,,,,,,,,,,,,,,,,,,,,
,,,393,mandi_mandi_dchb_part_b_primary_census_abstract.pdf,Mandi,,,,,,,,,,,,"Location Area of Total population (including institutional
code Village in Number of and houseless population) Population in the age-group 0-6
number Name of Village hectares households Persons Males Females Persons Males Females",,,,,,,,,,,,,,,,,,,,,,,,,,,,,,,,,,,,,,,,,,,,,,,,,,,,,,,,,,,,,,,,,,,,,,,,,,,,,,,,,,,,,,,,,,,,,,,,,,,,,,,,,,,,,,,,,,,,,,,,,,,,,,,,,,,
,,,393,mandi_mandi_dchb_part_b_primary_census_abstract.pdf,Mandi,,,,,,,,,,,,1 2 3 4 5 6 7 8 9 10,,,,,,,,,,,,,,,,,,,,,,,,,,,,,,,,,,,,,,,,,,,,,,,,,,,,,,,,,,,,,,,,,,,,,,,,,,,,,,,,,,,,,,,,,,,,,,,,,,,,,,,,,,,,,,,,,,,,,,,,,,,,,,,,,,,
,,,394,mandi_mandi_dchb_part_b_primary_census_abstract.pdf,Mandi,,,,,,,,,,,,,"CENSUS ABSTRACT
Karsog",,,,,,,,,,,,,,,,,,,,,,,,,,,,,,,,,,,,,,,,,,,,,,,,,,,,,,,,,,,,,,,,,,,,,,,,,,,,,,,,,,,,,,,,,,,,,,,,,,,,,,,,,,,,,,,,,,,,,,,,,,,,,,,,,,
,,,394,mandi_mandi_dchb_part_b_primary_census_abstract.pdf,Mandi,,,,,,,,,,,,,"Scheduled Castes population Scheduled Tribes population Literates
Persons Males Females Persons Males Females Persons Males Females Name of Village",,,,,,,,,,,,,,,,,,,,,,,,,,,,,,,,,,,,,,,,,,,,,,,,,,,,,,,,,,,,,,,,,,,,,,,,,,,,,,,,,,,,,,,,,,,,,,,,,,,,,,,,,,,,,,,,,,,,,,,,,,,,,,,,,,
,,,394,mandi_mandi_dchb_part_b_primary_census_abstract.pdf,Mandi,,,,,,,,,,,,,11 12 13 14 15 16 17 18 19 2,,,,,,,,,,,,,,,,,,,,,,,,,,,,,,,,,,,,,,,,,,,,,,,,,,,,,,,,,,,,,,,,,,,,,,,,,,,,,,,,,,,,,,,,,,,,,,,,,,,,,,,,,,,,,,,,,,,,,,,,,,,,,,,,,,
,,,395,mandi_mandi_dchb_part_b_primary_census_abstract.pdf,Mandi,,,,,,,,,,,,"VILLAGE PRIMARY
C D Block -",,,,,,,,,,,,,,,,,,,,,,,,,,,,,,,,,,,,,,,,,,,,,,,,,,,,,,,,,,,,,,,,,,,,,,,,,,,,,,,,,,,,,,,,,,,,,,,,,,,,,,,,,,,,,,,,,,,,,,,,,,,,,,,,,,,
,,,395,mandi_mandi_dchb_part_b_primary_census_abstract.pdf,Mandi,,,,,,,,,,,,"Location
code Illiterates Total workers Main workers
number Name of Village Persons Males Females Persons Males Females Persons Males Females",,,,,,,,,,,,,,,,,,,,,,,,,,,,,,,,,,,,,,,,,,,,,,,,,,,,,,,,,,,,,,,,,,,,,,,,,,,,,,,,,,,,,,,,,,,,,,,,,,,,,,,,,,,,,,,,,,,,,,,,,,,,,,,,,,,
,,,395,mandi_mandi_dchb_part_b_primary_census_abstract.pdf,Mandi,,,,,,,,,,,,1 2 20 21 22 23 24 25 26 27 28,,,,,,,,,,,,,,,,,,,,,,,,,,,,,,,,,,,,,,,,,,,,,,,,,,,,,,,,,,,,,,,,,,,,,,,,,,,,,,,,,,,,,,,,,,,,,,,,,,,,,,,,,,,,,,,,,,,,,,,,,,,,,,,,,,,
,,,396,mandi_mandi_dchb_part_b_primary_census_abstract.pdf,Mandi,,,,,,,,,,,,,"CENSUS ABSTRACT
Karsog",,,,,,,,,,,,,,,,,,,,,,,,,,,,,,,,,,,,,,,,,,,,,,,,,,,,,,,,,,,,,,,,,,,,,,,,,,,,,,,,,,,,,,,,,,,,,,,,,,,,,,,,,,,,,,,,,,,,,,,,,,,,,,,,,,
,,,396,mandi_mandi_dchb_part_b_primary_census_abstract.pdf,Mandi,,,,,,,,,,,,,"Industrial category of main workers
Household industry
Cultivators Agricultural labourers workers Other workers
Persons Males Females Persons Males Females Persons MalesFemales Persons Males Females Name of Village",,,,,,,,,,,,,,,,,,,,,,,,,,,,,,,,,,,,,,,,,,,,,,,,,,,,,,,,,,,,,,,,,,,,,,,,,,,,,,,,,,,,,,,,,,,,,,,,,,,,,,,,,,,,,,,,,,,,,,,,,,,,,,,,,,
,,,396,mandi_mandi_dchb_part_b_primary_census_abstract.pdf,Mandi,,,,,,,,,,,,,29 30 31 32 33 34 35 36 37 38 39 40 2,,,,,,,,,,,,,,,,,,,,,,,,,,,,,,,,,,,,,,,,,,,,,,,,,,,,,,,,,,,,,,,,,,,,,,,,,,,,,,,,,,,,,,,,,,,,,,,,,,,,,,,,,,,,,,,,,,,,,,,,,,,,,,,,,,
,,,397,mandi_mandi_dchb_part_b_primary_census_abstract.pdf,Mandi,,,,,,,,,,,,"VILLAGE PRIMARY
C D Block -",,,,,,,,,,,,,,,,,,,,,,,,,,,,,,,,,,,,,,,,,,,,,,,,,,,,,,,,,,,,,,,,,,,,,,,,,,,,,,,,,,,,,,,,,,,,,,,,,,,,,,,,,,,,,,,,,,,,,,,,,,,,,,,,,,,
,,,397,mandi_mandi_dchb_part_b_primary_census_abstract.pdf,Mandi,,,,,,,,,,,,"Industrial category
Location
code Marginal workers Cultivators Agricultural labourers
number Name of Village Persons Males Females Persons Males Females Persons Males Females",,,,,,,,,,,,,,,,,,,,,,,,,,,,,,,,,,,,,,,,,,,,,,,,,,,,,,,,,,,,,,,,,,,,,,,,,,,,,,,,,,,,,,,,,,,,,,,,,,,,,,,,,,,,,,,,,,,,,,,,,,,,,,,,,,,
,,,397,mandi_mandi_dchb_part_b_primary_census_abstract.pdf,Mandi,,,,,,,,,,,,1 2 41 42 43 44 45 46 47 48 49,,,,,,,,,,,,,,,,,,,,,,,,,,,,,,,,,,,,,,,,,,,,,,,,,,,,,,,,,,,,,,,,,,,,,,,,,,,,,,,,,,,,,,,,,,,,,,,,,,,,,,,,,,,,,,,,,,,,,,,,,,,,,,,,,,,
,,,398,mandi_mandi_dchb_part_b_primary_census_abstract.pdf,Mandi,,,,,,,,,,,,,"CENSUS ABSTRACT
Karsog",,,,,,,,,,,,,,,,,,,,,,,,,,,,,,,,,,,,,,,,,,,,,,,,,,,,,,,,,,,,,,,,,,,,,,,,,,,,,,,,,,,,,,,,,,,,,,,,,,,,,,,,,,,,,,,,,,,,,,,,,,,,,,,,,,
,,,398,mandi_mandi_dchb_part_b_primary_census_abstract.pdf,Mandi,,,,,,,,,,,,,"of marginal workers
Location
Household industry workers Other workers Non-workers code
Persons Males Females Persons Males Females Persons Males Females Name of Village number",,,,,,,,,,,,,,,,,,,,,,,,,,,,,,,,,,,,,,,,,,,,,,,,,,,,,,,,,,,,,,,,,,,,,,,,,,,,,,,,,,,,,,,,,,,,,,,,,,,,,,,,,,,,,,,,,,,,,,,,,,,,,,,,,,
,,,398,mandi_mandi_dchb_part_b_primary_census_abstract.pdf,Mandi,,,,,,,,,,,,,50 51 52 53 54 55 56 57 58 2 1,,,,,,,,,,,,,,,,,,,,,,,,,,,,,,,,,,,,,,,,,,,,,,,,,,,,,,,,,,,,,,,,,,,,,,,,,,,,,,,,,,,,,,,,,,,,,,,,,,,,,,,,,,,,,,,,,,,,,,,,,,,,,,,,,,
,,,399,mandi_mandi_dchb_part_b_primary_census_abstract.pdf,Mandi,,,,,,,,,,,,"VILLAGE PRIMARY
C D Block -",,,,,,,,,,,,,,,,,,,,,,,,,,,,,,,,,,,,,,,,,,,,,,,,,,,,,,,,,,,,,,,,,,,,,,,,,,,,,,,,,,,,,,,,,,,,,,,,,,,,,,,,,,,,,,,,,,,,,,,,,,,,,,,,,,,
,,,399,mandi_mandi_dchb_part_b_primary_census_abstract.pdf,Mandi,,,,,,,,,,,,"Location Area of Total population (including institutional
code Village in Number of and houseless population) Population in the age-group 0-6
number Name of Village hectares households Persons Males Females Persons Males Females",,,,,,,,,,,,,,,,,,,,,,,,,,,,,,,,,,,,,,,,,,,,,,,,,,,,,,,,,,,,,,,,,,,,,,,,,,,,,,,,,,,,,,,,,,,,,,,,,,,,,,,,,,,,,,,,,,,,,,,,,,,,,,,,,,,
,,,399,mandi_mandi_dchb_part_b_primary_census_abstract.pdf,Mandi,,,,,,,,,,,,1 2 3 4 5 6 7 8 9 10,,,,,,,,,,,,,,,,,,,,,,,,,,,,,,,,,,,,,,,,,,,,,,,,,,,,,,,,,,,,,,,,,,,,,,,,,,,,,,,,,,,,,,,,,,,,,,,,,,,,,,,,,,,,,,,,,,,,,,,,,,,,,,,,,,,
,,,400,mandi_mandi_dchb_part_b_primary_census_abstract.pdf,Mandi,,,,,,,,,,,,,"CENSUS ABSTRACT
Karsog",,,,,,,,,,,,,,,,,,,,,,,,,,,,,,,,,,,,,,,,,,,,,,,,,,,,,,,,,,,,,,,,,,,,,,,,,,,,,,,,,,,,,,,,,,,,,,,,,,,,,,,,,,,,,,,,,,,,,,,,,,,,,,,,,,
,,,400,mandi_mandi_dchb_part_b_primary_census_abstract.pdf,Mandi,,,,,,,,,,,,,"Scheduled Castes population Scheduled Tribes population Literates
Persons Males Females Persons Males Females Persons Males Females Name of Village",,,,,,,,,,,,,,,,,,,,,,,,,,,,,,,,,,,,,,,,,,,,,,,,,,,,,,,,,,,,,,,,,,,,,,,,,,,,,,,,,,,,,,,,,,,,,,,,,,,,,,,,,,,,,,,,,,,,,,,,,,,,,,,,,,
,,,400,mandi_mandi_dchb_part_b_primary_census_abstract.pdf,Mandi,,,,,,,,,,,,,11 12 13 14 15 16 17 18 19 2,,,,,,,,,,,,,,,,,,,,,,,,,,,,,,,,,,,,,,,,,,,,,,,,,,,,,,,,,,,,,,,,,,,,,,,,,,,,,,,,,,,,,,,,,,,,,,,,,,,,,,,,,,,,,,,,,,,,,,,,,,,,,,,,,,
,,,401,mandi_mandi_dchb_part_b_primary_census_abstract.pdf,Mandi,,,,,,,,,,,,"VILLAGE PRIMARY
C D Block -",,,,,,,,,,,,,,,,,,,,,,,,,,,,,,,,,,,,,,,,,,,,,,,,,,,,,,,,,,,,,,,,,,,,,,,,,,,,,,,,,,,,,,,,,,,,,,,,,,,,,,,,,,,,,,,,,,,,,,,,,,,,,,,,,,,
,,,401,mandi_mandi_dchb_part_b_primary_census_abstract.pdf,Mandi,,,,,,,,,,,,"Location
code Illiterates Total workers Main workers
number Name of Village Persons Males Females Persons Males Females Persons Males Females",,,,,,,,,,,,,,,,,,,,,,,,,,,,,,,,,,,,,,,,,,,,,,,,,,,,,,,,,,,,,,,,,,,,,,,,,,,,,,,,,,,,,,,,,,,,,,,,,,,,,,,,,,,,,,,,,,,,,,,,,,,,,,,,,,,
,,,401,mandi_mandi_dchb_part_b_primary_census_abstract.pdf,Mandi,,,,,,,,,,,,1 2 20 21 22 23 24 25 26 27 28,,,,,,,,,,,,,,,,,,,,,,,,,,,,,,,,,,,,,,,,,,,,,,,,,,,,,,,,,,,,,,,,,,,,,,,,,,,,,,,,,,,,,,,,,,,,,,,,,,,,,,,,,,,,,,,,,,,,,,,,,,,,,,,,,,,
,,,402,mandi_mandi_dchb_part_b_primary_census_abstract.pdf,Mandi,,,,,,,,,,,,,"CENSUS ABSTRACT
Karsog",,,,,,,,,,,,,,,,,,,,,,,,,,,,,,,,,,,,,,,,,,,,,,,,,,,,,,,,,,,,,,,,,,,,,,,,,,,,,,,,,,,,,,,,,,,,,,,,,,,,,,,,,,,,,,,,,,,,,,,,,,,,,,,,,,
,,,402,mandi_mandi_dchb_part_b_primary_census_abstract.pdf,Mandi,,,,,,,,,,,,,"Industrial category of main workers
Household industry
Cultivators Agricultural labourers workers Other workers
Persons Males Females Persons Males Females Persons MalesFemales Persons Males Females Name of Village",,,,,,,,,,,,,,,,,,,,,,,,,,,,,,,,,,,,,,,,,,,,,,,,,,,,,,,,,,,,,,,,,,,,,,,,,,,,,,,,,,,,,,,,,,,,,,,,,,,,,,,,,,,,,,,,,,,,,,,,,,,,,,,,,,
,,,402,mandi_mandi_dchb_part_b_primary_census_abstract.pdf,Mandi,,,,,,,,,,,,,29 30 31 32 33 34 35 36 37 38 39 40 2,,,,,,,,,,,,,,,,,,,,,,,,,,,,,,,,,,,,,,,,,,,,,,,,,,,,,,,,,,,,,,,,,,,,,,,,,,,,,,,,,,,,,,,,,,,,,,,,,,,,,,,,,,,,,,,,,,,,,,,,,,,,,,,,,,
,,,403,mandi_mandi_dchb_part_b_primary_census_abstract.pdf,Mandi,,,,,,,,,,,,"VILLAGE PRIMARY
C D Block -",,,,,,,,,,,,,,,,,,,,,,,,,,,,,,,,,,,,,,,,,,,,,,,,,,,,,,,,,,,,,,,,,,,,,,,,,,,,,,,,,,,,,,,,,,,,,,,,,,,,,,,,,,,,,,,,,,,,,,,,,,,,,,,,,,,
,,,403,mandi_mandi_dchb_part_b_primary_census_abstract.pdf,Mandi,,,,,,,,,,,,"Industrial category
Location
code Marginal workers Cultivators Agricultural labourers
number Name of Village Persons Males Females Persons Males Females Persons Males Females",,,,,,,,,,,,,,,,,,,,,,,,,,,,,,,,,,,,,,,,,,,,,,,,,,,,,,,,,,,,,,,,,,,,,,,,,,,,,,,,,,,,,,,,,,,,,,,,,,,,,,,,,,,,,,,,,,,,,,,,,,,,,,,,,,,
,,,403,mandi_mandi_dchb_part_b_primary_census_abstract.pdf,Mandi,,,,,,,,,,,,1 2 41 42 43 44 45 46 47 48 49,,,,,,,,,,,,,,,,,,,,,,,,,,,,,,,,,,,,,,,,,,,,,,,,,,,,,,,,,,,,,,,,,,,,,,,,,,,,,,,,,,,,,,,,,,,,,,,,,,,,,,,,,,,,,,,,,,,,,,,,,,,,,,,,,,,
,,,404,mandi_mandi_dchb_part_b_primary_census_abstract.pdf,Mandi,,,,,,,,,,,,,"CENSUS ABSTRACT
Karsog",,,,,,,,,,,,,,,,,,,,,,,,,,,,,,,,,,,,,,,,,,,,,,,,,,,,,,,,,,,,,,,,,,,,,,,,,,,,,,,,,,,,,,,,,,,,,,,,,,,,,,,,,,,,,,,,,,,,,,,,,,,,,,,,,,
,,,404,mandi_mandi_dchb_part_b_primary_census_abstract.pdf,Mandi,,,,,,,,,,,,,"of marginal workers
Location
Household industry workers Other workers Non-workers code
Persons Males Females Persons Males Females Persons Males Females Name of Village number",,,,,,,,,,,,,,,,,,,,,,,,,,,,,,,,,,,,,,,,,,,,,,,,,,,,,,,,,,,,,,,,,,,,,,,,,,,,,,,,,,,,,,,,,,,,,,,,,,,,,,,,,,,,,,,,,,,,,,,,,,,,,,,,,,
,,,404,mandi_mandi_dchb_part_b_primary_census_abstract.pdf,Mandi,,,,,,,,,,,,,50 51 52 53 54 55 56 57 58 2 1,,,,,,,,,,,,,,,,,,,,,,,,,,,,,,,,,,,,,,,,,,,,,,,,,,,,,,,,,,,,,,,,,,,,,,,,,,,,,,,,,,,,,,,,,,,,,,,,,,,,,,,,,,,,,,,,,,,,,,,,,,,,,,,,,,
,,,405,mandi_mandi_dchb_part_b_primary_census_abstract.pdf,Mandi,,,,,,,,,,,,"VILLAGE PRIMARY
C D Block -",,,,,,,,,,,,,,,,,,,,,,,,,,,,,,,,,,,,,,,,,,,,,,,,,,,,,,,,,,,,,,,,,,,,,,,,,,,,,,,,,,,,,,,,,,,,,,,,,,,,,,,,,,,,,,,,,,,,,,,,,,,,,,,,,,,
,,,405,mandi_mandi_dchb_part_b_primary_census_abstract.pdf,Mandi,,,,,,,,,,,,"Location Area of Total population (including institutional
code Village in Number of and houseless population) Population in the age-group 0-6
number Name of Village hectares households Persons Males Females Persons Males Females",,,,,,,,,,,,,,,,,,,,,,,,,,,,,,,,,,,,,,,,,,,,,,,,,,,,,,,,,,,,,,,,,,,,,,,,,,,,,,,,,,,,,,,,,,,,,,,,,,,,,,,,,,,,,,,,,,,,,,,,,,,,,,,,,,,
,,,405,mandi_mandi_dchb_part_b_primary_census_abstract.pdf,Mandi,,,,,,,,,,,,1 2 3 4 5 6 7 8 9 10,,,,,,,,,,,,,,,,,,,,,,,,,,,,,,,,,,,,,,,,,,,,,,,,,,,,,,,,,,,,,,,,,,,,,,,,,,,,,,,,,,,,,,,,,,,,,,,,,,,,,,,,,,,,,,,,,,,,,,,,,,,,,,,,,,,
,,,406,mandi_mandi_dchb_part_b_primary_census_abstract.pdf,Mandi,,,,,,,,,,,,,"CENSUS ABSTRACT
Karsog",,,,,,,,,,,,,,,,,,,,,,,,,,,,,,,,,,,,,,,,,,,,,,,,,,,,,,,,,,,,,,,,,,,,,,,,,,,,,,,,,,,,,,,,,,,,,,,,,,,,,,,,,,,,,,,,,,,,,,,,,,,,,,,,,,
,,,406,mandi_mandi_dchb_part_b_primary_census_abstract.pdf,Mandi,,,,,,,,,,,,,"Scheduled Castes population Scheduled Tribes population Literates
Persons Males Females Persons Males Females Persons Males Females Name of Village",,,,,,,,,,,,,,,,,,,,,,,,,,,,,,,,,,,,,,,,,,,,,,,,,,,,,,,,,,,,,,,,,,,,,,,,,,,,,,,,,,,,,,,,,,,,,,,,,,,,,,,,,,,,,,,,,,,,,,,,,,,,,,,,,,
,,,406,mandi_mandi_dchb_part_b_primary_census_abstract.pdf,Mandi,,,,,,,,,,,,,11 12 13 14 15 16 17 18 19 2,,,,,,,,,,,,,,,,,,,,,,,,,,,,,,,,,,,,,,,,,,,,,,,,,,,,,,,,,,,,,,,,,,,,,,,,,,,,,,,,,,,,,,,,,,,,,,,,,,,,,,,,,,,,,,,,,,,,,,,,,,,,,,,,,,
,,,407,mandi_mandi_dchb_part_b_primary_census_abstract.pdf,Mandi,,,,,,,,,,,,"VILLAGE PRIMARY
C D Block -",,,,,,,,,,,,,,,,,,,,,,,,,,,,,,,,,,,,,,,,,,,,,,,,,,,,,,,,,,,,,,,,,,,,,,,,,,,,,,,,,,,,,,,,,,,,,,,,,,,,,,,,,,,,,,,,,,,,,,,,,,,,,,,,,,,
,,,407,mandi_mandi_dchb_part_b_primary_census_abstract.pdf,Mandi,,,,,,,,,,,,"Location
code Illiterates Total workers Main workers
number Name of Village Persons Males Females Persons Males Females Persons Males Females",,,,,,,,,,,,,,,,,,,,,,,,,,,,,,,,,,,,,,,,,,,,,,,,,,,,,,,,,,,,,,,,,,,,,,,,,,,,,,,,,,,,,,,,,,,,,,,,,,,,,,,,,,,,,,,,,,,,,,,,,,,,,,,,,,,
,,,407,mandi_mandi_dchb_part_b_primary_census_abstract.pdf,Mandi,,,,,,,,,,,,1 2 20 21 22 23 24 25 26 27 28,,,,,,,,,,,,,,,,,,,,,,,,,,,,,,,,,,,,,,,,,,,,,,,,,,,,,,,,,,,,,,,,,,,,,,,,,,,,,,,,,,,,,,,,,,,,,,,,,,,,,,,,,,,,,,,,,,,,,,,,,,,,,,,,,,,
,,,408,mandi_mandi_dchb_part_b_primary_census_abstract.pdf,Mandi,,,,,,,,,,,,,"CENSUS ABSTRACT
Karsog",,,,,,,,,,,,,,,,,,,,,,,,,,,,,,,,,,,,,,,,,,,,,,,,,,,,,,,,,,,,,,,,,,,,,,,,,,,,,,,,,,,,,,,,,,,,,,,,,,,,,,,,,,,,,,,,,,,,,,,,,,,,,,,,,,
,,,408,mandi_mandi_dchb_part_b_primary_census_abstract.pdf,Mandi,,,,,,,,,,,,,"Industrial category of main workers
Household industry
Cultivators Agricultural labourers workers Other workers
Persons Males Females Persons Males Females Persons MalesFemales Persons Males Females Name of Village",,,,,,,,,,,,,,,,,,,,,,,,,,,,,,,,,,,,,,,,,,,,,,,,,,,,,,,,,,,,,,,,,,,,,,,,,,,,,,,,,,,,,,,,,,,,,,,,,,,,,,,,,,,,,,,,,,,,,,,,,,,,,,,,,,
,,,408,mandi_mandi_dchb_part_b_primary_census_abstract.pdf,Mandi,,,,,,,,,,,,,29 30 31 32 33 34 35 36 37 38 39 40 2,,,,,,,,,,,,,,,,,,,,,,,,,,,,,,,,,,,,,,,,,,,,,,,,,,,,,,,,,,,,,,,,,,,,,,,,,,,,,,,,,,,,,,,,,,,,,,,,,,,,,,,,,,,,,,,,,,,,,,,,,,,,,,,,,,
,,,409,mandi_mandi_dchb_part_b_primary_census_abstract.pdf,Mandi,,,,,,,,,,,,"VILLAGE PRIMARY
C D Block -",,,,,,,,,,,,,,,,,,,,,,,,,,,,,,,,,,,,,,,,,,,,,,,,,,,,,,,,,,,,,,,,,,,,,,,,,,,,,,,,,,,,,,,,,,,,,,,,,,,,,,,,,,,,,,,,,,,,,,,,,,,,,,,,,,,
,,,409,mandi_mandi_dchb_part_b_primary_census_abstract.pdf,Mandi,,,,,,,,,,,,"Industrial category
Location
code Marginal workers Cultivators Agricultural labourers
number Name of Village Persons Males Females Persons Males Females Persons Males Females",,,,,,,,,,,,,,,,,,,,,,,,,,,,,,,,,,,,,,,,,,,,,,,,,,,,,,,,,,,,,,,,,,,,,,,,,,,,,,,,,,,,,,,,,,,,,,,,,,,,,,,,,,,,,,,,,,,,,,,,,,,,,,,,,,,
,,,409,mandi_mandi_dchb_part_b_primary_census_abstract.pdf,Mandi,,,,,,,,,,,,1 2 41 42 43 44 45 46 47 48 49,,,,,,,,,,,,,,,,,,,,,,,,,,,,,,,,,,,,,,,,,,,,,,,,,,,,,,,,,,,,,,,,,,,,,,,,,,,,,,,,,,,,,,,,,,,,,,,,,,,,,,,,,,,,,,,,,,,,,,,,,,,,,,,,,,,
,,,410,mandi_mandi_dchb_part_b_primary_census_abstract.pdf,Mandi,,,,,,,,,,,,,"CENSUS ABSTRACT
Karsog",,,,,,,,,,,,,,,,,,,,,,,,,,,,,,,,,,,,,,,,,,,,,,,,,,,,,,,,,,,,,,,,,,,,,,,,,,,,,,,,,,,,,,,,,,,,,,,,,,,,,,,,,,,,,,,,,,,,,,,,,,,,,,,,,,
,,,410,mandi_mandi_dchb_part_b_primary_census_abstract.pdf,Mandi,,,,,,,,,,,,,"of marginal workers
Location
Household industry workers Other workers Non-workers code
Persons Males Females Persons Males Females Persons Males Females Name of Village number",,,,,,,,,,,,,,,,,,,,,,,,,,,,,,,,,,,,,,,,,,,,,,,,,,,,,,,,,,,,,,,,,,,,,,,,,,,,,,,,,,,,,,,,,,,,,,,,,,,,,,,,,,,,,,,,,,,,,,,,,,,,,,,,,,
,,,410,mandi_mandi_dchb_part_b_primary_census_abstract.pdf,Mandi,,,,,,,,,,,,,50 51 52 53 54 55 56 57 58 2 1,,,,,,,,,,,,,,,,,,,,,,,,,,,,,,,,,,,,,,,,,,,,,,,,,,,,,,,,,,,,,,,,,,,,,,,,,,,,,,,,,,,,,,,,,,,,,,,,,,,,,,,,,,,,,,,,,,,,,,,,,,,,,,,,,,
,,,411,mandi_mandi_dchb_part_b_primary_census_abstract.pdf,Mandi,,,,,,,,,,,,"VILLAGE PRIMARY
C D Block -",,,,,,,,,,,,,,,,,,,,,,,,,,,,,,,,,,,,,,,,,,,,,,,,,,,,,,,,,,,,,,,,,,,,,,,,,,,,,,,,,,,,,,,,,,,,,,,,,,,,,,,,,,,,,,,,,,,,,,,,,,,,,,,,,,,
,,,411,mandi_mandi_dchb_part_b_primary_census_abstract.pdf,Mandi,,,,,,,,,,,,"Location Area of Total population (including institutional
code Village in Number of and houseless population) Population in the age-group 0-6
number Name of Village hectares households Persons Males Females Persons Males Females",,,,,,,,,,,,,,,,,,,,,,,,,,,,,,,,,,,,,,,,,,,,,,,,,,,,,,,,,,,,,,,,,,,,,,,,,,,,,,,,,,,,,,,,,,,,,,,,,,,,,,,,,,,,,,,,,,,,,,,,,,,,,,,,,,,
,,,411,mandi_mandi_dchb_part_b_primary_census_abstract.pdf,Mandi,,,,,,,,,,,,1 2 3 4 5 6 7 8 9 10,,,,,,,,,,,,,,,,,,,,,,,,,,,,,,,,,,,,,,,,,,,,,,,,,,,,,,,,,,,,,,,,,,,,,,,,,,,,,,,,,,,,,,,,,,,,,,,,,,,,,,,,,,,,,,,,,,,,,,,,,,,,,,,,,,,
,,,412,mandi_mandi_dchb_part_b_primary_census_abstract.pdf,Mandi,,,,,,,,,,,,,"CENSUS ABSTRACT
Karsog",,,,,,,,,,,,,,,,,,,,,,,,,,,,,,,,,,,,,,,,,,,,,,,,,,,,,,,,,,,,,,,,,,,,,,,,,,,,,,,,,,,,,,,,,,,,,,,,,,,,,,,,,,,,,,,,,,,,,,,,,,,,,,,,,,
,,,412,mandi_mandi_dchb_part_b_primary_census_abstract.pdf,Mandi,,,,,,,,,,,,,"Scheduled Castes population Scheduled Tribes population Literates
Persons Males Females Persons Males Females Persons Males Females Name of Village",,,,,,,,,,,,,,,,,,,,,,,,,,,,,,,,,,,,,,,,,,,,,,,,,,,,,,,,,,,,,,,,,,,,,,,,,,,,,,,,,,,,,,,,,,,,,,,,,,,,,,,,,,,,,,,,,,,,,,,,,,,,,,,,,,
,,,412,mandi_mandi_dchb_part_b_primary_census_abstract.pdf,Mandi,,,,,,,,,,,,,11 12 13 14 15 16 17 18 19 2,,,,,,,,,,,,,,,,,,,,,,,,,,,,,,,,,,,,,,,,,,,,,,,,,,,,,,,,,,,,,,,,,,,,,,,,,,,,,,,,,,,,,,,,,,,,,,,,,,,,,,,,,,,,,,,,,,,,,,,,,,,,,,,,,,
,,,413,mandi_mandi_dchb_part_b_primary_census_abstract.pdf,Mandi,,,,,,,,,,,,"VILLAGE PRIMARY
C D Block -",,,,,,,,,,,,,,,,,,,,,,,,,,,,,,,,,,,,,,,,,,,,,,,,,,,,,,,,,,,,,,,,,,,,,,,,,,,,,,,,,,,,,,,,,,,,,,,,,,,,,,,,,,,,,,,,,,,,,,,,,,,,,,,,,,,
,,,413,mandi_mandi_dchb_part_b_primary_census_abstract.pdf,Mandi,,,,,,,,,,,,"Location
code Illiterates Total workers Main workers
number Name of Village Persons Males Females Persons Males Females Persons Males Females",,,,,,,,,,,,,,,,,,,,,,,,,,,,,,,,,,,,,,,,,,,,,,,,,,,,,,,,,,,,,,,,,,,,,,,,,,,,,,,,,,,,,,,,,,,,,,,,,,,,,,,,,,,,,,,,,,,,,,,,,,,,,,,,,,,
,,,413,mandi_mandi_dchb_part_b_primary_census_abstract.pdf,Mandi,,,,,,,,,,,,1 2 20 21 22 23 24 25 26 27 28,,,,,,,,,,,,,,,,,,,,,,,,,,,,,,,,,,,,,,,,,,,,,,,,,,,,,,,,,,,,,,,,,,,,,,,,,,,,,,,,,,,,,,,,,,,,,,,,,,,,,,,,,,,,,,,,,,,,,,,,,,,,,,,,,,,
,,,414,mandi_mandi_dchb_part_b_primary_census_abstract.pdf,Mandi,,,,,,,,,,,,,"CENSUS ABSTRACT
Karsog",,,,,,,,,,,,,,,,,,,,,,,,,,,,,,,,,,,,,,,,,,,,,,,,,,,,,,,,,,,,,,,,,,,,,,,,,,,,,,,,,,,,,,,,,,,,,,,,,,,,,,,,,,,,,,,,,,,,,,,,,,,,,,,,,,
,,,414,mandi_mandi_dchb_part_b_primary_census_abstract.pdf,Mandi,,,,,,,,,,,,,"Industrial category of main workers
Household industry
Cultivators Agricultural labourers workers Other workers
Persons Males Females Persons Males Females Persons MalesFemales Persons Males Females Name of Village",,,,,,,,,,,,,,,,,,,,,,,,,,,,,,,,,,,,,,,,,,,,,,,,,,,,,,,,,,,,,,,,,,,,,,,,,,,,,,,,,,,,,,,,,,,,,,,,,,,,,,,,,,,,,,,,,,,,,,,,,,,,,,,,,,
,,,414,mandi_mandi_dchb_part_b_primary_census_abstract.pdf,Mandi,,,,,,,,,,,,,29 30 31 32 33 34 35 36 37 38 39 40 2,,,,,,,,,,,,,,,,,,,,,,,,,,,,,,,,,,,,,,,,,,,,,,,,,,,,,,,,,,,,,,,,,,,,,,,,,,,,,,,,,,,,,,,,,,,,,,,,,,,,,,,,,,,,,,,,,,,,,,,,,,,,,,,,,,
,,,415,mandi_mandi_dchb_part_b_primary_census_abstract.pdf,Mandi,,,,,,,,,,,,"VILLAGE PRIMARY
C D Block -",,,,,,,,,,,,,,,,,,,,,,,,,,,,,,,,,,,,,,,,,,,,,,,,,,,,,,,,,,,,,,,,,,,,,,,,,,,,,,,,,,,,,,,,,,,,,,,,,,,,,,,,,,,,,,,,,,,,,,,,,,,,,,,,,,,
,,,415,mandi_mandi_dchb_part_b_primary_census_abstract.pdf,Mandi,,,,,,,,,,,,"Industrial category
Location
code Marginal workers Cultivators Agricultural labourers
number Name of Village Persons Males Females Persons Males Females Persons Males Females",,,,,,,,,,,,,,,,,,,,,,,,,,,,,,,,,,,,,,,,,,,,,,,,,,,,,,,,,,,,,,,,,,,,,,,,,,,,,,,,,,,,,,,,,,,,,,,,,,,,,,,,,,,,,,,,,,,,,,,,,,,,,,,,,,,
,,,415,mandi_mandi_dchb_part_b_primary_census_abstract.pdf,Mandi,,,,,,,,,,,,1 2 41 42 43 44 45 46 47 48 49,,,,,,,,,,,,,,,,,,,,,,,,,,,,,,,,,,,,,,,,,,,,,,,,,,,,,,,,,,,,,,,,,,,,,,,,,,,,,,,,,,,,,,,,,,,,,,,,,,,,,,,,,,,,,,,,,,,,,,,,,,,,,,,,,,,
,,,416,mandi_mandi_dchb_part_b_primary_census_abstract.pdf,Mandi,,,,,,,,,,,,,"CENSUS ABSTRACT
Karsog",,,,,,,,,,,,,,,,,,,,,,,,,,,,,,,,,,,,,,,,,,,,,,,,,,,,,,,,,,,,,,,,,,,,,,,,,,,,,,,,,,,,,,,,,,,,,,,,,,,,,,,,,,,,,,,,,,,,,,,,,,,,,,,,,,
,,,416,mandi_mandi_dchb_part_b_primary_census_abstract.pdf,Mandi,,,,,,,,,,,,,"of marginal workers
Location
Household industry workers Other workers Non-workers code
Persons Males Females Persons Males Females Persons Males Females Name of Village number",,,,,,,,,,,,,,,,,,,,,,,,,,,,,,,,,,,,,,,,,,,,,,,,,,,,,,,,,,,,,,,,,,,,,,,,,,,,,,,,,,,,,,,,,,,,,,,,,,,,,,,,,,,,,,,,,,,,,,,,,,,,,,,,,,
,,,416,mandi_mandi_dchb_part_b_primary_census_abstract.pdf,Mandi,,,,,,,,,,,,,50 51 52 53 54 55 56 57 58 2 1,,,,,,,,,,,,,,,,,,,,,,,,,,,,,,,,,,,,,,,,,,,,,,,,,,,,,,,,,,,,,,,,,,,,,,,,,,,,,,,,,,,,,,,,,,,,,,,,,,,,,,,,,,,,,,,,,,,,,,,,,,,,,,,,,,
,,,417,mandi_mandi_dchb_part_b_primary_census_abstract.pdf,Mandi,,,,,,,,,,,,"VILLAGE PRIMARY
C D Block -",,,,,,,,,,,,,,,,,,,,,,,,,,,,,,,,,,,,,,,,,,,,,,,,,,,,,,,,,,,,,,,,,,,,,,,,,,,,,,,,,,,,,,,,,,,,,,,,,,,,,,,,,,,,,,,,,,,,,,,,,,,,,,,,,,,
,,,417,mandi_mandi_dchb_part_b_primary_census_abstract.pdf,Mandi,,,,,,,,,,,,"Location Area of Total population (including institutional
code Village in Number of and houseless population) Population in the age-group 0-6
number Name of Village hectares households Persons Males Females Persons Males Females",,,,,,,,,,,,,,,,,,,,,,,,,,,,,,,,,,,,,,,,,,,,,,,,,,,,,,,,,,,,,,,,,,,,,,,,,,,,,,,,,,,,,,,,,,,,,,,,,,,,,,,,,,,,,,,,,,,,,,,,,,,,,,,,,,,
,,,417,mandi_mandi_dchb_part_b_primary_census_abstract.pdf,Mandi,,,,,,,,,,,,1 2 3 4 5 6 7 8 9 10,,,,,,,,,,,,,,,,,,,,,,,,,,,,,,,,,,,,,,,,,,,,,,,,,,,,,,,,,,,,,,,,,,,,,,,,,,,,,,,,,,,,,,,,,,,,,,,,,,,,,,,,,,,,,,,,,,,,,,,,,,,,,,,,,,,
,,,418,mandi_mandi_dchb_part_b_primary_census_abstract.pdf,Mandi,,,,,,,,,,,,,"CENSUS ABSTRACT
Karsog",,,,,,,,,,,,,,,,,,,,,,,,,,,,,,,,,,,,,,,,,,,,,,,,,,,,,,,,,,,,,,,,,,,,,,,,,,,,,,,,,,,,,,,,,,,,,,,,,,,,,,,,,,,,,,,,,,,,,,,,,,,,,,,,,,
,,,418,mandi_mandi_dchb_part_b_primary_census_abstract.pdf,Mandi,,,,,,,,,,,,,"Scheduled Castes population Scheduled Tribes population Literates
Persons Males Females Persons Males Females Persons Males Females Name of Village",,,,,,,,,,,,,,,,,,,,,,,,,,,,,,,,,,,,,,,,,,,,,,,,,,,,,,,,,,,,,,,,,,,,,,,,,,,,,,,,,,,,,,,,,,,,,,,,,,,,,,,,,,,,,,,,,,,,,,,,,,,,,,,,,,
,,,418,mandi_mandi_dchb_part_b_primary_census_abstract.pdf,Mandi,,,,,,,,,,,,,11 12 13 14 15 16 17 18 19 2,,,,,,,,,,,,,,,,,,,,,,,,,,,,,,,,,,,,,,,,,,,,,,,,,,,,,,,,,,,,,,,,,,,,,,,,,,,,,,,,,,,,,,,,,,,,,,,,,,,,,,,,,,,,,,,,,,,,,,,,,,,,,,,,,,
,,,419,mandi_mandi_dchb_part_b_primary_census_abstract.pdf,Mandi,,,,,,,,,,,,"VILLAGE PRIMARY
C D Block -",,,,,,,,,,,,,,,,,,,,,,,,,,,,,,,,,,,,,,,,,,,,,,,,,,,,,,,,,,,,,,,,,,,,,,,,,,,,,,,,,,,,,,,,,,,,,,,,,,,,,,,,,,,,,,,,,,,,,,,,,,,,,,,,,,,
,,,419,mandi_mandi_dchb_part_b_primary_census_abstract.pdf,Mandi,,,,,,,,,,,,"Location
code Illiterates Total workers Main workers
number Name of Village Persons Males Females Persons Males Females Persons Males Females",,,,,,,,,,,,,,,,,,,,,,,,,,,,,,,,,,,,,,,,,,,,,,,,,,,,,,,,,,,,,,,,,,,,,,,,,,,,,,,,,,,,,,,,,,,,,,,,,,,,,,,,,,,,,,,,,,,,,,,,,,,,,,,,,,,
,,,419,mandi_mandi_dchb_part_b_primary_census_abstract.pdf,Mandi,,,,,,,,,,,,1 2 20 21 22 23 24 25 26 27 28,,,,,,,,,,,,,,,,,,,,,,,,,,,,,,,,,,,,,,,,,,,,,,,,,,,,,,,,,,,,,,,,,,,,,,,,,,,,,,,,,,,,,,,,,,,,,,,,,,,,,,,,,,,,,,,,,,,,,,,,,,,,,,,,,,,
,,,420,mandi_mandi_dchb_part_b_primary_census_abstract.pdf,Mandi,,,,,,,,,,,,,"CENSUS ABSTRACT
Karsog",,,,,,,,,,,,,,,,,,,,,,,,,,,,,,,,,,,,,,,,,,,,,,,,,,,,,,,,,,,,,,,,,,,,,,,,,,,,,,,,,,,,,,,,,,,,,,,,,,,,,,,,,,,,,,,,,,,,,,,,,,,,,,,,,,
,,,420,mandi_mandi_dchb_part_b_primary_census_abstract.pdf,Mandi,,,,,,,,,,,,,"Industrial category of main workers
Household industry
Cultivators Agricultural labourers workers Other workers
Persons Males Females Persons Males Females Persons MalesFemales Persons Males Females Name of Village",,,,,,,,,,,,,,,,,,,,,,,,,,,,,,,,,,,,,,,,,,,,,,,,,,,,,,,,,,,,,,,,,,,,,,,,,,,,,,,,,,,,,,,,,,,,,,,,,,,,,,,,,,,,,,,,,,,,,,,,,,,,,,,,,,
,,,420,mandi_mandi_dchb_part_b_primary_census_abstract.pdf,Mandi,,,,,,,,,,,,,29 30 31 32 33 34 35 36 37 38 39 40 2,,,,,,,,,,,,,,,,,,,,,,,,,,,,,,,,,,,,,,,,,,,,,,,,,,,,,,,,,,,,,,,,,,,,,,,,,,,,,,,,,,,,,,,,,,,,,,,,,,,,,,,,,,,,,,,,,,,,,,,,,,,,,,,,,,
,,,421,mandi_mandi_dchb_part_b_primary_census_abstract.pdf,Mandi,,,,,,,,,,,,"VILLAGE PRIMARY
C D Block -",,,,,,,,,,,,,,,,,,,,,,,,,,,,,,,,,,,,,,,,,,,,,,,,,,,,,,,,,,,,,,,,,,,,,,,,,,,,,,,,,,,,,,,,,,,,,,,,,,,,,,,,,,,,,,,,,,,,,,,,,,,,,,,,,,,
,,,421,mandi_mandi_dchb_part_b_primary_census_abstract.pdf,Mandi,,,,,,,,,,,,"Industrial category
Location
code Marginal workers Cultivators Agricultural labourers
number Name of Village Persons Males Females Persons Males Females Persons Males Females",,,,,,,,,,,,,,,,,,,,,,,,,,,,,,,,,,,,,,,,,,,,,,,,,,,,,,,,,,,,,,,,,,,,,,,,,,,,,,,,,,,,,,,,,,,,,,,,,,,,,,,,,,,,,,,,,,,,,,,,,,,,,,,,,,,
,,,421,mandi_mandi_dchb_part_b_primary_census_abstract.pdf,Mandi,,,,,,,,,,,,1 2 41 42 43 44 45 46 47 48 49,,,,,,,,,,,,,,,,,,,,,,,,,,,,,,,,,,,,,,,,,,,,,,,,,,,,,,,,,,,,,,,,,,,,,,,,,,,,,,,,,,,,,,,,,,,,,,,,,,,,,,,,,,,,,,,,,,,,,,,,,,,,,,,,,,,
,,,422,mandi_mandi_dchb_part_b_primary_census_abstract.pdf,Mandi,,,,,,,,,,,,,"CENSUS ABSTRACT
Karsog",,,,,,,,,,,,,,,,,,,,,,,,,,,,,,,,,,,,,,,,,,,,,,,,,,,,,,,,,,,,,,,,,,,,,,,,,,,,,,,,,,,,,,,,,,,,,,,,,,,,,,,,,,,,,,,,,,,,,,,,,,,,,,,,,,
,,,422,mandi_mandi_dchb_part_b_primary_census_abstract.pdf,Mandi,,,,,,,,,,,,,"of marginal workers
Location
Household industry workers Other workers Non-workers code
Persons Males Females Persons Males Females Persons Males Females Name of Village number",,,,,,,,,,,,,,,,,,,,,,,,,,,,,,,,,,,,,,,,,,,,,,,,,,,,,,,,,,,,,,,,,,,,,,,,,,,,,,,,,,,,,,,,,,,,,,,,,,,,,,,,,,,,,,,,,,,,,,,,,,,,,,,,,,
,,,422,mandi_mandi_dchb_part_b_primary_census_abstract.pdf,Mandi,,,,,,,,,,,,,50 51 52 53 54 55 56 57 58 2 1,,,,,,,,,,,,,,,,,,,,,,,,,,,,,,,,,,,,,,,,,,,,,,,,,,,,,,,,,,,,,,,,,,,,,,,,,,,,,,,,,,,,,,,,,,,,,,,,,,,,,,,,,,,,,,,,,,,,,,,,,,,,,,,,,,
,,,423,mandi_mandi_dchb_part_b_primary_census_abstract.pdf,Mandi,,,,,,,,,,,,"VILLAGE PRIMARY
C D Block -",,,,,,,,,,,,,,,,,,,,,,,,,,,,,,,,,,,,,,,,,,,,,,,,,,,,,,,,,,,,,,,,,,,,,,,,,,,,,,,,,,,,,,,,,,,,,,,,,,,,,,,,,,,,,,,,,,,,,,,,,,,,,,,,,,,
,,,423,mandi_mandi_dchb_part_b_primary_census_abstract.pdf,Mandi,,,,,,,,,,,,"Location Area of Total population (including institutional
code Village in Number of and houseless population) Population in the age-group 0-6
number Name of Village hectares households Persons Males Females Persons Males Females",,,,,,,,,,,,,,,,,,,,,,,,,,,,,,,,,,,,,,,,,,,,,,,,,,,,,,,,,,,,,,,,,,,,,,,,,,,,,,,,,,,,,,,,,,,,,,,,,,,,,,,,,,,,,,,,,,,,,,,,,,,,,,,,,,,
,,,423,mandi_mandi_dchb_part_b_primary_census_abstract.pdf,Mandi,,,,,,,,,,,,1 2 3 4 5 6 7 8 9 10,,,,,,,,,,,,,,,,,,,,,,,,,,,,,,,,,,,,,,,,,,,,,,,,,,,,,,,,,,,,,,,,,,,,,,,,,,,,,,,,,,,,,,,,,,,,,,,,,,,,,,,,,,,,,,,,,,,,,,,,,,,,,,,,,,,
,,,424,mandi_mandi_dchb_part_b_primary_census_abstract.pdf,Mandi,,,,,,,,,,,,,"CENSUS ABSTRACT
Karsog",,,,,,,,,,,,,,,,,,,,,,,,,,,,,,,,,,,,,,,,,,,,,,,,,,,,,,,,,,,,,,,,,,,,,,,,,,,,,,,,,,,,,,,,,,,,,,,,,,,,,,,,,,,,,,,,,,,,,,,,,,,,,,,,,,
,,,424,mandi_mandi_dchb_part_b_primary_census_abstract.pdf,Mandi,,,,,,,,,,,,,"Scheduled Castes population Scheduled Tribes population Literates
Persons Males Females Persons Males Females Persons Males Females Name of Village",,,,,,,,,,,,,,,,,,,,,,,,,,,,,,,,,,,,,,,,,,,,,,,,,,,,,,,,,,,,,,,,,,,,,,,,,,,,,,,,,,,,,,,,,,,,,,,,,,,,,,,,,,,,,,,,,,,,,,,,,,,,,,,,,,
,,,424,mandi_mandi_dchb_part_b_primary_census_abstract.pdf,Mandi,,,,,,,,,,,,,11 12 13 14 15 16 17 18 19 2,,,,,,,,,,,,,,,,,,,,,,,,,,,,,,,,,,,,,,,,,,,,,,,,,,,,,,,,,,,,,,,,,,,,,,,,,,,,,,,,,,,,,,,,,,,,,,,,,,,,,,,,,,,,,,,,,,,,,,,,,,,,,,,,,,
,,,425,mandi_mandi_dchb_part_b_primary_census_abstract.pdf,Mandi,,,,,,,,,,,,"VILLAGE PRIMARY
C D Block -",,,,,,,,,,,,,,,,,,,,,,,,,,,,,,,,,,,,,,,,,,,,,,,,,,,,,,,,,,,,,,,,,,,,,,,,,,,,,,,,,,,,,,,,,,,,,,,,,,,,,,,,,,,,,,,,,,,,,,,,,,,,,,,,,,,
,,,425,mandi_mandi_dchb_part_b_primary_census_abstract.pdf,Mandi,,,,,,,,,,,,"Location
code Illiterates Total workers Main workers
number Name of Village Persons Males Females Persons Males Females Persons Males Females",,,,,,,,,,,,,,,,,,,,,,,,,,,,,,,,,,,,,,,,,,,,,,,,,,,,,,,,,,,,,,,,,,,,,,,,,,,,,,,,,,,,,,,,,,,,,,,,,,,,,,,,,,,,,,,,,,,,,,,,,,,,,,,,,,,
,,,425,mandi_mandi_dchb_part_b_primary_census_abstract.pdf,Mandi,,,,,,,,,,,,1 2 20 21 22 23 24 25 26 27 28,,,,,,,,,,,,,,,,,,,,,,,,,,,,,,,,,,,,,,,,,,,,,,,,,,,,,,,,,,,,,,,,,,,,,,,,,,,,,,,,,,,,,,,,,,,,,,,,,,,,,,,,,,,,,,,,,,,,,,,,,,,,,,,,,,,
,,,426,mandi_mandi_dchb_part_b_primary_census_abstract.pdf,Mandi,,,,,,,,,,,,,"CENSUS ABSTRACT
Karsog",,,,,,,,,,,,,,,,,,,,,,,,,,,,,,,,,,,,,,,,,,,,,,,,,,,,,,,,,,,,,,,,,,,,,,,,,,,,,,,,,,,,,,,,,,,,,,,,,,,,,,,,,,,,,,,,,,,,,,,,,,,,,,,,,,
,,,426,mandi_mandi_dchb_part_b_primary_census_abstract.pdf,Mandi,,,,,,,,,,,,,"Industrial category of main workers
Household industry
Cultivators Agricultural labourers workers Other workers
Persons Males Females Persons Males Females Persons MalesFemales Persons Males Females Name of Village",,,,,,,,,,,,,,,,,,,,,,,,,,,,,,,,,,,,,,,,,,,,,,,,,,,,,,,,,,,,,,,,,,,,,,,,,,,,,,,,,,,,,,,,,,,,,,,,,,,,,,,,,,,,,,,,,,,,,,,,,,,,,,,,,,
,,,426,mandi_mandi_dchb_part_b_primary_census_abstract.pdf,Mandi,,,,,,,,,,,,,29 30 31 32 33 34 35 36 37 38 39 40 2,,,,,,,,,,,,,,,,,,,,,,,,,,,,,,,,,,,,,,,,,,,,,,,,,,,,,,,,,,,,,,,,,,,,,,,,,,,,,,,,,,,,,,,,,,,,,,,,,,,,,,,,,,,,,,,,,,,,,,,,,,,,,,,,,,
,,,427,mandi_mandi_dchb_part_b_primary_census_abstract.pdf,Mandi,,,,,,,,,,,,"VILLAGE PRIMARY
C D Block -",,,,,,,,,,,,,,,,,,,,,,,,,,,,,,,,,,,,,,,,,,,,,,,,,,,,,,,,,,,,,,,,,,,,,,,,,,,,,,,,,,,,,,,,,,,,,,,,,,,,,,,,,,,,,,,,,,,,,,,,,,,,,,,,,,,
,,,427,mandi_mandi_dchb_part_b_primary_census_abstract.pdf,Mandi,,,,,,,,,,,,"Industrial category
Location
code Marginal workers Cultivators Agricultural labourers
number Name of Village Persons Males Females Persons Males Females Persons Males Females",,,,,,,,,,,,,,,,,,,,,,,,,,,,,,,,,,,,,,,,,,,,,,,,,,,,,,,,,,,,,,,,,,,,,,,,,,,,,,,,,,,,,,,,,,,,,,,,,,,,,,,,,,,,,,,,,,,,,,,,,,,,,,,,,,,
,,,427,mandi_mandi_dchb_part_b_primary_census_abstract.pdf,Mandi,,,,,,,,,,,,1 2 41 42 43 44 45 46 47 48 49,,,,,,,,,,,,,,,,,,,,,,,,,,,,,,,,,,,,,,,,,,,,,,,,,,,,,,,,,,,,,,,,,,,,,,,,,,,,,,,,,,,,,,,,,,,,,,,,,,,,,,,,,,,,,,,,,,,,,,,,,,,,,,,,,,,
,,,428,mandi_mandi_dchb_part_b_primary_census_abstract.pdf,Mandi,,,,,,,,,,,,,"CENSUS ABSTRACT
Karsog",,,,,,,,,,,,,,,,,,,,,,,,,,,,,,,,,,,,,,,,,,,,,,,,,,,,,,,,,,,,,,,,,,,,,,,,,,,,,,,,,,,,,,,,,,,,,,,,,,,,,,,,,,,,,,,,,,,,,,,,,,,,,,,,,,
,,,428,mandi_mandi_dchb_part_b_primary_census_abstract.pdf,Mandi,,,,,,,,,,,,,"of marginal workers
Location
Household industry workers Other workers Non-workers code
Persons Males Females Persons Males Females Persons Males Females Name of Village number",,,,,,,,,,,,,,,,,,,,,,,,,,,,,,,,,,,,,,,,,,,,,,,,,,,,,,,,,,,,,,,,,,,,,,,,,,,,,,,,,,,,,,,,,,,,,,,,,,,,,,,,,,,,,,,,,,,,,,,,,,,,,,,,,,
,,,428,mandi_mandi_dchb_part_b_primary_census_abstract.pdf,Mandi,,,,,,,,,,,,,50 51 52 53 54 55 56 57 58 2 1,,,,,,,,,,,,,,,,,,,,,,,,,,,,,,,,,,,,,,,,,,,,,,,,,,,,,,,,,,,,,,,,,,,,,,,,,,,,,,,,,,,,,,,,,,,,,,,,,,,,,,,,,,,,,,,,,,,,,,,,,,,,,,,,,,
,,,429,mandi_mandi_dchb_part_b_primary_census_abstract.pdf,Mandi,,,,,,,,,,,,"VILLAGE PRIMARY
C D Block -",,,,,,,,,,,,,,,,,,,,,,,,,,,,,,,,,,,,,,,,,,,,,,,,,,,,,,,,,,,,,,,,,,,,,,,,,,,,,,,,,,,,,,,,,,,,,,,,,,,,,,,,,,,,,,,,,,,,,,,,,,,,,,,,,,,
,,,429,mandi_mandi_dchb_part_b_primary_census_abstract.pdf,Mandi,,,,,,,,,,,,"Location Area of Total population (including institutional
code Village in Number of and houseless population) Population in the age-group 0-6
number Name of Village hectares households Persons Males Females Persons Males Females",,,,,,,,,,,,,,,,,,,,,,,,,,,,,,,,,,,,,,,,,,,,,,,,,,,,,,,,,,,,,,,,,,,,,,,,,,,,,,,,,,,,,,,,,,,,,,,,,,,,,,,,,,,,,,,,,,,,,,,,,,,,,,,,,,,
,,,429,mandi_mandi_dchb_part_b_primary_census_abstract.pdf,Mandi,,,,,,,,,,,,1 2 3 4 5 6 7 8 9 10,,,,,,,,,,,,,,,,,,,,,,,,,,,,,,,,,,,,,,,,,,,,,,,,,,,,,,,,,,,,,,,,,,,,,,,,,,,,,,,,,,,,,,,,,,,,,,,,,,,,,,,,,,,,,,,,,,,,,,,,,,,,,,,,,,,
,,,430,mandi_mandi_dchb_part_b_primary_census_abstract.pdf,Mandi,,,,,,,,,,,,,"CENSUS ABSTRACT
Karsog",,,,,,,,,,,,,,,,,,,,,,,,,,,,,,,,,,,,,,,,,,,,,,,,,,,,,,,,,,,,,,,,,,,,,,,,,,,,,,,,,,,,,,,,,,,,,,,,,,,,,,,,,,,,,,,,,,,,,,,,,,,,,,,,,,
,,,430,mandi_mandi_dchb_part_b_primary_census_abstract.pdf,Mandi,,,,,,,,,,,,,"Scheduled Castes population Scheduled Tribes population Literates
Persons Males Females Persons Males Females Persons Males Females Name of Village",,,,,,,,,,,,,,,,,,,,,,,,,,,,,,,,,,,,,,,,,,,,,,,,,,,,,,,,,,,,,,,,,,,,,,,,,,,,,,,,,,,,,,,,,,,,,,,,,,,,,,,,,,,,,,,,,,,,,,,,,,,,,,,,,,
,,,430,mandi_mandi_dchb_part_b_primary_census_abstract.pdf,Mandi,,,,,,,,,,,,,11 12 13 14 15 16 17 18 19 2,,,,,,,,,,,,,,,,,,,,,,,,,,,,,,,,,,,,,,,,,,,,,,,,,,,,,,,,,,,,,,,,,,,,,,,,,,,,,,,,,,,,,,,,,,,,,,,,,,,,,,,,,,,,,,,,,,,,,,,,,,,,,,,,,,
,,,431,mandi_mandi_dchb_part_b_primary_census_abstract.pdf,Mandi,,,,,,,,,,,,"VILLAGE PRIMARY
C D Block -",,,,,,,,,,,,,,,,,,,,,,,,,,,,,,,,,,,,,,,,,,,,,,,,,,,,,,,,,,,,,,,,,,,,,,,,,,,,,,,,,,,,,,,,,,,,,,,,,,,,,,,,,,,,,,,,,,,,,,,,,,,,,,,,,,,
,,,431,mandi_mandi_dchb_part_b_primary_census_abstract.pdf,Mandi,,,,,,,,,,,,"Location
code Illiterates Total workers Main workers
number Name of Village Persons Males Females Persons Males Females Persons Males Females",,,,,,,,,,,,,,,,,,,,,,,,,,,,,,,,,,,,,,,,,,,,,,,,,,,,,,,,,,,,,,,,,,,,,,,,,,,,,,,,,,,,,,,,,,,,,,,,,,,,,,,,,,,,,,,,,,,,,,,,,,,,,,,,,,,
,,,431,mandi_mandi_dchb_part_b_primary_census_abstract.pdf,Mandi,,,,,,,,,,,,1 2 20 21 22 23 24 25 26 27 28,,,,,,,,,,,,,,,,,,,,,,,,,,,,,,,,,,,,,,,,,,,,,,,,,,,,,,,,,,,,,,,,,,,,,,,,,,,,,,,,,,,,,,,,,,,,,,,,,,,,,,,,,,,,,,,,,,,,,,,,,,,,,,,,,,,
,,,432,mandi_mandi_dchb_part_b_primary_census_abstract.pdf,Mandi,,,,,,,,,,,,,"CENSUS ABSTRACT
Karsog",,,,,,,,,,,,,,,,,,,,,,,,,,,,,,,,,,,,,,,,,,,,,,,,,,,,,,,,,,,,,,,,,,,,,,,,,,,,,,,,,,,,,,,,,,,,,,,,,,,,,,,,,,,,,,,,,,,,,,,,,,,,,,,,,,
,,,432,mandi_mandi_dchb_part_b_primary_census_abstract.pdf,Mandi,,,,,,,,,,,,,"Industrial category of main workers
Household industry
Cultivators Agricultural labourers workers Other workers
Persons Males Females Persons Males Females Persons MalesFemales Persons Males Females Name of Village",,,,,,,,,,,,,,,,,,,,,,,,,,,,,,,,,,,,,,,,,,,,,,,,,,,,,,,,,,,,,,,,,,,,,,,,,,,,,,,,,,,,,,,,,,,,,,,,,,,,,,,,,,,,,,,,,,,,,,,,,,,,,,,,,,
,,,432,mandi_mandi_dchb_part_b_primary_census_abstract.pdf,Mandi,,,,,,,,,,,,,29 30 31 32 33 34 35 36 37 38 39 40 2,,,,,,,,,,,,,,,,,,,,,,,,,,,,,,,,,,,,,,,,,,,,,,,,,,,,,,,,,,,,,,,,,,,,,,,,,,,,,,,,,,,,,,,,,,,,,,,,,,,,,,,,,,,,,,,,,,,,,,,,,,,,,,,,,,
,,,433,mandi_mandi_dchb_part_b_primary_census_abstract.pdf,Mandi,,,,,,,,,,,,"VILLAGE PRIMARY
C D Block -",,,,,,,,,,,,,,,,,,,,,,,,,,,,,,,,,,,,,,,,,,,,,,,,,,,,,,,,,,,,,,,,,,,,,,,,,,,,,,,,,,,,,,,,,,,,,,,,,,,,,,,,,,,,,,,,,,,,,,,,,,,,,,,,,,,
,,,433,mandi_mandi_dchb_part_b_primary_census_abstract.pdf,Mandi,,,,,,,,,,,,"Industrial category
Location
code Marginal workers Cultivators Agricultural labourers
number Name of Village Persons Males Females Persons Males Females Persons Males Females",,,,,,,,,,,,,,,,,,,,,,,,,,,,,,,,,,,,,,,,,,,,,,,,,,,,,,,,,,,,,,,,,,,,,,,,,,,,,,,,,,,,,,,,,,,,,,,,,,,,,,,,,,,,,,,,,,,,,,,,,,,,,,,,,,,
,,,433,mandi_mandi_dchb_part_b_primary_census_abstract.pdf,Mandi,,,,,,,,,,,,1 2 41 42 43 44 45 46 47 48 49,,,,,,,,,,,,,,,,,,,,,,,,,,,,,,,,,,,,,,,,,,,,,,,,,,,,,,,,,,,,,,,,,,,,,,,,,,,,,,,,,,,,,,,,,,,,,,,,,,,,,,,,,,,,,,,,,,,,,,,,,,,,,,,,,,,
,,,434,mandi_mandi_dchb_part_b_primary_census_abstract.pdf,Mandi,,,,,,,,,,,,,"CENSUS ABSTRACT
Karsog",,,,,,,,,,,,,,,,,,,,,,,,,,,,,,,,,,,,,,,,,,,,,,,,,,,,,,,,,,,,,,,,,,,,,,,,,,,,,,,,,,,,,,,,,,,,,,,,,,,,,,,,,,,,,,,,,,,,,,,,,,,,,,,,,,
,,,434,mandi_mandi_dchb_part_b_primary_census_abstract.pdf,Mandi,,,,,,,,,,,,,"of marginal workers
Location
Household industry workers Other workers Non-workers code
Persons Males Females Persons Males Females Persons Males Females Name of Village number",,,,,,,,,,,,,,,,,,,,,,,,,,,,,,,,,,,,,,,,,,,,,,,,,,,,,,,,,,,,,,,,,,,,,,,,,,,,,,,,,,,,,,,,,,,,,,,,,,,,,,,,,,,,,,,,,,,,,,,,,,,,,,,,,,
,,,434,mandi_mandi_dchb_part_b_primary_census_abstract.pdf,Mandi,,,,,,,,,,,,,50 51 52 53 54 55 56 57 58 2 1,,,,,,,,,,,,,,,,,,,,,,,,,,,,,,,,,,,,,,,,,,,,,,,,,,,,,,,,,,,,,,,,,,,,,,,,,,,,,,,,,,,,,,,,,,,,,,,,,,,,,,,,,,,,,,,,,,,,,,,,,,,,,,,,,,
,,,435,mandi_mandi_dchb_part_b_primary_census_abstract.pdf,Mandi,,,,,,,,,,,,"VILLAGE PRIMARY
C D Block -",,,,,,,,,,,,,,,,,,,,,,,,,,,,,,,,,,,,,,,,,,,,,,,,,,,,,,,,,,,,,,,,,,,,,,,,,,,,,,,,,,,,,,,,,,,,,,,,,,,,,,,,,,,,,,,,,,,,,,,,,,,,,,,,,,,
,,,435,mandi_mandi_dchb_part_b_primary_census_abstract.pdf,Mandi,,,,,,,,,,,,"Location Area of Total population (including institutional
code Village in Number of and houseless population) Population in the age-group 0-6
number Name of Village hectares households Persons Males Females Persons Males Females",,,,,,,,,,,,,,,,,,,,,,,,,,,,,,,,,,,,,,,,,,,,,,,,,,,,,,,,,,,,,,,,,,,,,,,,,,,,,,,,,,,,,,,,,,,,,,,,,,,,,,,,,,,,,,,,,,,,,,,,,,,,,,,,,,,
,,,435,mandi_mandi_dchb_part_b_primary_census_abstract.pdf,Mandi,,,,,,,,,,,,1 2 3 4 5 6 7 8 9 10,,,,,,,,,,,,,,,,,,,,,,,,,,,,,,,,,,,,,,,,,,,,,,,,,,,,,,,,,,,,,,,,,,,,,,,,,,,,,,,,,,,,,,,,,,,,,,,,,,,,,,,,,,,,,,,,,,,,,,,,,,,,,,,,,,,
,,,436,mandi_mandi_dchb_part_b_primary_census_abstract.pdf,Mandi,,,,,,,,,,,,,"CENSUS ABSTRACT
Karsog",,,,,,,,,,,,,,,,,,,,,,,,,,,,,,,,,,,,,,,,,,,,,,,,,,,,,,,,,,,,,,,,,,,,,,,,,,,,,,,,,,,,,,,,,,,,,,,,,,,,,,,,,,,,,,,,,,,,,,,,,,,,,,,,,,
,,,436,mandi_mandi_dchb_part_b_primary_census_abstract.pdf,Mandi,,,,,,,,,,,,,"Scheduled Castes population Scheduled Tribes population Literates
Persons Males Females Persons Males Females Persons Males Females Name of Village",,,,,,,,,,,,,,,,,,,,,,,,,,,,,,,,,,,,,,,,,,,,,,,,,,,,,,,,,,,,,,,,,,,,,,,,,,,,,,,,,,,,,,,,,,,,,,,,,,,,,,,,,,,,,,,,,,,,,,,,,,,,,,,,,,
,,,436,mandi_mandi_dchb_part_b_primary_census_abstract.pdf,Mandi,,,,,,,,,,,,,11 12 13 14 15 16 17 18 19 2,,,,,,,,,,,,,,,,,,,,,,,,,,,,,,,,,,,,,,,,,,,,,,,,,,,,,,,,,,,,,,,,,,,,,,,,,,,,,,,,,,,,,,,,,,,,,,,,,,,,,,,,,,,,,,,,,,,,,,,,,,,,,,,,,,
,,,437,mandi_mandi_dchb_part_b_primary_census_abstract.pdf,Mandi,,,,,,,,,,,,"VILLAGE PRIMARY
C D Block -",,,,,,,,,,,,,,,,,,,,,,,,,,,,,,,,,,,,,,,,,,,,,,,,,,,,,,,,,,,,,,,,,,,,,,,,,,,,,,,,,,,,,,,,,,,,,,,,,,,,,,,,,,,,,,,,,,,,,,,,,,,,,,,,,,,
,,,437,mandi_mandi_dchb_part_b_primary_census_abstract.pdf,Mandi,,,,,,,,,,,,"Location
code Illiterates Total workers Main workers
number Name of Village Persons Males Females Persons Males Females Persons Males Females",,,,,,,,,,,,,,,,,,,,,,,,,,,,,,,,,,,,,,,,,,,,,,,,,,,,,,,,,,,,,,,,,,,,,,,,,,,,,,,,,,,,,,,,,,,,,,,,,,,,,,,,,,,,,,,,,,,,,,,,,,,,,,,,,,,
,,,437,mandi_mandi_dchb_part_b_primary_census_abstract.pdf,Mandi,,,,,,,,,,,,1 2 20 21 22 23 24 25 26 27 28,,,,,,,,,,,,,,,,,,,,,,,,,,,,,,,,,,,,,,,,,,,,,,,,,,,,,,,,,,,,,,,,,,,,,,,,,,,,,,,,,,,,,,,,,,,,,,,,,,,,,,,,,,,,,,,,,,,,,,,,,,,,,,,,,,,
,,,438,mandi_mandi_dchb_part_b_primary_census_abstract.pdf,Mandi,,,,,,,,,,,,,"CENSUS ABSTRACT
Karsog",,,,,,,,,,,,,,,,,,,,,,,,,,,,,,,,,,,,,,,,,,,,,,,,,,,,,,,,,,,,,,,,,,,,,,,,,,,,,,,,,,,,,,,,,,,,,,,,,,,,,,,,,,,,,,,,,,,,,,,,,,,,,,,,,,
,,,438,mandi_mandi_dchb_part_b_primary_census_abstract.pdf,Mandi,,,,,,,,,,,,,"Industrial category of main workers
Household industry
Cultivators Agricultural labourers workers Other workers
Persons Males Females Persons Males Females Persons MalesFemales Persons Males Females Name of Village",,,,,,,,,,,,,,,,,,,,,,,,,,,,,,,,,,,,,,,,,,,,,,,,,,,,,,,,,,,,,,,,,,,,,,,,,,,,,,,,,,,,,,,,,,,,,,,,,,,,,,,,,,,,,,,,,,,,,,,,,,,,,,,,,,
,,,438,mandi_mandi_dchb_part_b_primary_census_abstract.pdf,Mandi,,,,,,,,,,,,,29 30 31 32 33 34 35 36 37 38 39 40 2,,,,,,,,,,,,,,,,,,,,,,,,,,,,,,,,,,,,,,,,,,,,,,,,,,,,,,,,,,,,,,,,,,,,,,,,,,,,,,,,,,,,,,,,,,,,,,,,,,,,,,,,,,,,,,,,,,,,,,,,,,,,,,,,,,
,,,439,mandi_mandi_dchb_part_b_primary_census_abstract.pdf,Mandi,,,,,,,,,,,,"VILLAGE PRIMARY
C D Block -",,,,,,,,,,,,,,,,,,,,,,,,,,,,,,,,,,,,,,,,,,,,,,,,,,,,,,,,,,,,,,,,,,,,,,,,,,,,,,,,,,,,,,,,,,,,,,,,,,,,,,,,,,,,,,,,,,,,,,,,,,,,,,,,,,,
,,,439,mandi_mandi_dchb_part_b_primary_census_abstract.pdf,Mandi,,,,,,,,,,,,"Industrial category
Location
code Marginal workers Cultivators Agricultural labourers
number Name of Village Persons Males Females Persons Males Females Persons Males Females",,,,,,,,,,,,,,,,,,,,,,,,,,,,,,,,,,,,,,,,,,,,,,,,,,,,,,,,,,,,,,,,,,,,,,,,,,,,,,,,,,,,,,,,,,,,,,,,,,,,,,,,,,,,,,,,,,,,,,,,,,,,,,,,,,,
,,,439,mandi_mandi_dchb_part_b_primary_census_abstract.pdf,Mandi,,,,,,,,,,,,1 2 41 42 43 44 45 46 47 48 49,,,,,,,,,,,,,,,,,,,,,,,,,,,,,,,,,,,,,,,,,,,,,,,,,,,,,,,,,,,,,,,,,,,,,,,,,,,,,,,,,,,,,,,,,,,,,,,,,,,,,,,,,,,,,,,,,,,,,,,,,,,,,,,,,,,
,,,440,mandi_mandi_dchb_part_b_primary_census_abstract.pdf,Mandi,,,,,,,,,,,,,"CENSUS ABSTRACT
Karsog",,,,,,,,,,,,,,,,,,,,,,,,,,,,,,,,,,,,,,,,,,,,,,,,,,,,,,,,,,,,,,,,,,,,,,,,,,,,,,,,,,,,,,,,,,,,,,,,,,,,,,,,,,,,,,,,,,,,,,,,,,,,,,,,,,
,,,440,mandi_mandi_dchb_part_b_primary_census_abstract.pdf,Mandi,,,,,,,,,,,,,"of marginal workers
Location
Household industry workers Other workers Non-workers code
Persons Males Females Persons Males Females Persons Males Females Name of Village number",,,,,,,,,,,,,,,,,,,,,,,,,,,,,,,,,,,,,,,,,,,,,,,,,,,,,,,,,,,,,,,,,,,,,,,,,,,,,,,,,,,,,,,,,,,,,,,,,,,,,,,,,,,,,,,,,,,,,,,,,,,,,,,,,,
,,,440,mandi_mandi_dchb_part_b_primary_census_abstract.pdf,Mandi,,,,,,,,,,,,,50 51 52 53 54 55 56 57 58 2 1,,,,,,,,,,,,,,,,,,,,,,,,,,,,,,,,,,,,,,,,,,,,,,,,,,,,,,,,,,,,,,,,,,,,,,,,,,,,,,,,,,,,,,,,,,,,,,,,,,,,,,,,,,,,,,,,,,,,,,,,,,,,,,,,,,
,,,441,mandi_mandi_dchb_part_b_primary_census_abstract.pdf,Mandi,,,,,,,,,,,,"VILLAGE PRIMARY
C D Block -",,,,,,,,,,,,,,,,,,,,,,,,,,,,,,,,,,,,,,,,,,,,,,,,,,,,,,,,,,,,,,,,,,,,,,,,,,,,,,,,,,,,,,,,,,,,,,,,,,,,,,,,,,,,,,,,,,,,,,,,,,,,,,,,,,,
,,,441,mandi_mandi_dchb_part_b_primary_census_abstract.pdf,Mandi,,,,,,,,,,,,"Location Area of Total population (including institutional
code Village in Number of and houseless population) Population in the age-group 0-6
number Name of Village hectares households Persons Males Females Persons Males Females",,,,,,,,,,,,,,,,,,,,,,,,,,,,,,,,,,,,,,,,,,,,,,,,,,,,,,,,,,,,,,,,,,,,,,,,,,,,,,,,,,,,,,,,,,,,,,,,,,,,,,,,,,,,,,,,,,,,,,,,,,,,,,,,,,,
,,,441,mandi_mandi_dchb_part_b_primary_census_abstract.pdf,Mandi,,,,,,,,,,,,1 2 3 4 5 6 7 8 9 10,,,,,,,,,,,,,,,,,,,,,,,,,,,,,,,,,,,,,,,,,,,,,,,,,,,,,,,,,,,,,,,,,,,,,,,,,,,,,,,,,,,,,,,,,,,,,,,,,,,,,,,,,,,,,,,,,,,,,,,,,,,,,,,,,,,
,,,442,mandi_mandi_dchb_part_b_primary_census_abstract.pdf,Mandi,,,,,,,,,,,,,"CENSUS ABSTRACT
Karsog",,,,,,,,,,,,,,,,,,,,,,,,,,,,,,,,,,,,,,,,,,,,,,,,,,,,,,,,,,,,,,,,,,,,,,,,,,,,,,,,,,,,,,,,,,,,,,,,,,,,,,,,,,,,,,,,,,,,,,,,,,,,,,,,,,
,,,442,mandi_mandi_dchb_part_b_primary_census_abstract.pdf,Mandi,,,,,,,,,,,,,"Scheduled Castes population Scheduled Tribes population Literates
Persons Males Females Persons Males Females Persons Males Females Name of Village",,,,,,,,,,,,,,,,,,,,,,,,,,,,,,,,,,,,,,,,,,,,,,,,,,,,,,,,,,,,,,,,,,,,,,,,,,,,,,,,,,,,,,,,,,,,,,,,,,,,,,,,,,,,,,,,,,,,,,,,,,,,,,,,,,
,,,442,mandi_mandi_dchb_part_b_primary_census_abstract.pdf,Mandi,,,,,,,,,,,,,11 12 13 14 15 16 17 18 19 2,,,,,,,,,,,,,,,,,,,,,,,,,,,,,,,,,,,,,,,,,,,,,,,,,,,,,,,,,,,,,,,,,,,,,,,,,,,,,,,,,,,,,,,,,,,,,,,,,,,,,,,,,,,,,,,,,,,,,,,,,,,,,,,,,,
,,,443,mandi_mandi_dchb_part_b_primary_census_abstract.pdf,Mandi,,,,,,,,,,,,"VILLAGE PRIMARY
C D Block -",,,,,,,,,,,,,,,,,,,,,,,,,,,,,,,,,,,,,,,,,,,,,,,,,,,,,,,,,,,,,,,,,,,,,,,,,,,,,,,,,,,,,,,,,,,,,,,,,,,,,,,,,,,,,,,,,,,,,,,,,,,,,,,,,,,
,,,443,mandi_mandi_dchb_part_b_primary_census_abstract.pdf,Mandi,,,,,,,,,,,,"Location
code Illiterates Total workers Main workers
number Name of Village Persons Males Females Persons Males Females Persons Males Females",,,,,,,,,,,,,,,,,,,,,,,,,,,,,,,,,,,,,,,,,,,,,,,,,,,,,,,,,,,,,,,,,,,,,,,,,,,,,,,,,,,,,,,,,,,,,,,,,,,,,,,,,,,,,,,,,,,,,,,,,,,,,,,,,,,
,,,443,mandi_mandi_dchb_part_b_primary_census_abstract.pdf,Mandi,,,,,,,,,,,,1 2 20 21 22 23 24 25 26 27 28,,,,,,,,,,,,,,,,,,,,,,,,,,,,,,,,,,,,,,,,,,,,,,,,,,,,,,,,,,,,,,,,,,,,,,,,,,,,,,,,,,,,,,,,,,,,,,,,,,,,,,,,,,,,,,,,,,,,,,,,,,,,,,,,,,,
,,,444,mandi_mandi_dchb_part_b_primary_census_abstract.pdf,Mandi,,,,,,,,,,,,,"CENSUS ABSTRACT
Karsog",,,,,,,,,,,,,,,,,,,,,,,,,,,,,,,,,,,,,,,,,,,,,,,,,,,,,,,,,,,,,,,,,,,,,,,,,,,,,,,,,,,,,,,,,,,,,,,,,,,,,,,,,,,,,,,,,,,,,,,,,,,,,,,,,,
,,,444,mandi_mandi_dchb_part_b_primary_census_abstract.pdf,Mandi,,,,,,,,,,,,,"Industrial category of main workers
Household industry
Cultivators Agricultural labourers workers Other workers
Persons Males Females Persons Males Females Persons MalesFemales Persons Males Females Name of Village",,,,,,,,,,,,,,,,,,,,,,,,,,,,,,,,,,,,,,,,,,,,,,,,,,,,,,,,,,,,,,,,,,,,,,,,,,,,,,,,,,,,,,,,,,,,,,,,,,,,,,,,,,,,,,,,,,,,,,,,,,,,,,,,,,
,,,444,mandi_mandi_dchb_part_b_primary_census_abstract.pdf,Mandi,,,,,,,,,,,,,29 30 31 32 33 34 35 36 37 38 39 40 2,,,,,,,,,,,,,,,,,,,,,,,,,,,,,,,,,,,,,,,,,,,,,,,,,,,,,,,,,,,,,,,,,,,,,,,,,,,,,,,,,,,,,,,,,,,,,,,,,,,,,,,,,,,,,,,,,,,,,,,,,,,,,,,,,,
,,,445,mandi_mandi_dchb_part_b_primary_census_abstract.pdf,Mandi,,,,,,,,,,,,"VILLAGE PRIMARY
C D Block -",,,,,,,,,,,,,,,,,,,,,,,,,,,,,,,,,,,,,,,,,,,,,,,,,,,,,,,,,,,,,,,,,,,,,,,,,,,,,,,,,,,,,,,,,,,,,,,,,,,,,,,,,,,,,,,,,,,,,,,,,,,,,,,,,,,
,,,445,mandi_mandi_dchb_part_b_primary_census_abstract.pdf,Mandi,,,,,,,,,,,,"Industrial category
Location
code Marginal workers Cultivators Agricultural labourers
number Name of Village Persons Males Females Persons Males Females Persons Males Females",,,,,,,,,,,,,,,,,,,,,,,,,,,,,,,,,,,,,,,,,,,,,,,,,,,,,,,,,,,,,,,,,,,,,,,,,,,,,,,,,,,,,,,,,,,,,,,,,,,,,,,,,,,,,,,,,,,,,,,,,,,,,,,,,,,
,,,445,mandi_mandi_dchb_part_b_primary_census_abstract.pdf,Mandi,,,,,,,,,,,,1 2 41 42 43 44 45 46 47 48 49,,,,,,,,,,,,,,,,,,,,,,,,,,,,,,,,,,,,,,,,,,,,,,,,,,,,,,,,,,,,,,,,,,,,,,,,,,,,,,,,,,,,,,,,,,,,,,,,,,,,,,,,,,,,,,,,,,,,,,,,,,,,,,,,,,,
,,,446,mandi_mandi_dchb_part_b_primary_census_abstract.pdf,Mandi,,,,,,,,,,,,,"CENSUS ABSTRACT
Karsog",,,,,,,,,,,,,,,,,,,,,,,,,,,,,,,,,,,,,,,,,,,,,,,,,,,,,,,,,,,,,,,,,,,,,,,,,,,,,,,,,,,,,,,,,,,,,,,,,,,,,,,,,,,,,,,,,,,,,,,,,,,,,,,,,,
,,,446,mandi_mandi_dchb_part_b_primary_census_abstract.pdf,Mandi,,,,,,,,,,,,,"of marginal workers
Location
Household industry workers Other workers Non-workers code
Persons Males Females Persons Males Females Persons Males Females Name of Village number",,,,,,,,,,,,,,,,,,,,,,,,,,,,,,,,,,,,,,,,,,,,,,,,,,,,,,,,,,,,,,,,,,,,,,,,,,,,,,,,,,,,,,,,,,,,,,,,,,,,,,,,,,,,,,,,,,,,,,,,,,,,,,,,,,
,,,446,mandi_mandi_dchb_part_b_primary_census_abstract.pdf,Mandi,,,,,,,,,,,,,50 51 52 53 54 55 56 57 58 2 1,,,,,,,,,,,,,,,,,,,,,,,,,,,,,,,,,,,,,,,,,,,,,,,,,,,,,,,,,,,,,,,,,,,,,,,,,,,,,,,,,,,,,,,,,,,,,,,,,,,,,,,,,,,,,,,,,,,,,,,,,,,,,,,,,,
,,,447,mandi_mandi_dchb_part_b_primary_census_abstract.pdf,Mandi,,,,,,,,,,,,"VILLAGE PRIMARY
C D Block -",,,,,,,,,,,,,,,,,,,,,,,,,,,,,,,,,,,,,,,,,,,,,,,,,,,,,,,,,,,,,,,,,,,,,,,,,,,,,,,,,,,,,,,,,,,,,,,,,,,,,,,,,,,,,,,,,,,,,,,,,,,,,,,,,,,
,,,447,mandi_mandi_dchb_part_b_primary_census_abstract.pdf,Mandi,,,,,,,,,,,,"Location Area of Total population (including institutional
code Village in Number of and houseless population) Population in the age-group 0-6
number Name of Village hectares households Persons Males Females Persons Males Females",,,,,,,,,,,,,,,,,,,,,,,,,,,,,,,,,,,,,,,,,,,,,,,,,,,,,,,,,,,,,,,,,,,,,,,,,,,,,,,,,,,,,,,,,,,,,,,,,,,,,,,,,,,,,,,,,,,,,,,,,,,,,,,,,,,
,,,447,mandi_mandi_dchb_part_b_primary_census_abstract.pdf,Mandi,,,,,,,,,,,,1 2 3 4 5 6 7 8 9 10,,,,,,,,,,,,,,,,,,,,,,,,,,,,,,,,,,,,,,,,,,,,,,,,,,,,,,,,,,,,,,,,,,,,,,,,,,,,,,,,,,,,,,,,,,,,,,,,,,,,,,,,,,,,,,,,,,,,,,,,,,,,,,,,,,,
,,,448,mandi_mandi_dchb_part_b_primary_census_abstract.pdf,Mandi,,,,,,,,,,,,,"CENSUS ABSTRACT
Karsog",,,,,,,,,,,,,,,,,,,,,,,,,,,,,,,,,,,,,,,,,,,,,,,,,,,,,,,,,,,,,,,,,,,,,,,,,,,,,,,,,,,,,,,,,,,,,,,,,,,,,,,,,,,,,,,,,,,,,,,,,,,,,,,,,,
,,,448,mandi_mandi_dchb_part_b_primary_census_abstract.pdf,Mandi,,,,,,,,,,,,,"Scheduled Castes population Scheduled Tribes population Literates
Persons Males Females Persons Males Females Persons Males Females Name of Village",,,,,,,,,,,,,,,,,,,,,,,,,,,,,,,,,,,,,,,,,,,,,,,,,,,,,,,,,,,,,,,,,,,,,,,,,,,,,,,,,,,,,,,,,,,,,,,,,,,,,,,,,,,,,,,,,,,,,,,,,,,,,,,,,,
,,,448,mandi_mandi_dchb_part_b_primary_census_abstract.pdf,Mandi,,,,,,,,,,,,,11 12 13 14 15 16 17 18 19 2,,,,,,,,,,,,,,,,,,,,,,,,,,,,,,,,,,,,,,,,,,,,,,,,,,,,,,,,,,,,,,,,,,,,,,,,,,,,,,,,,,,,,,,,,,,,,,,,,,,,,,,,,,,,,,,,,,,,,,,,,,,,,,,,,,
,,,449,mandi_mandi_dchb_part_b_primary_census_abstract.pdf,Mandi,,,,,,,,,,,,"VILLAGE PRIMARY
C D Block -",,,,,,,,,,,,,,,,,,,,,,,,,,,,,,,,,,,,,,,,,,,,,,,,,,,,,,,,,,,,,,,,,,,,,,,,,,,,,,,,,,,,,,,,,,,,,,,,,,,,,,,,,,,,,,,,,,,,,,,,,,,,,,,,,,,
,,,449,mandi_mandi_dchb_part_b_primary_census_abstract.pdf,Mandi,,,,,,,,,,,,"Location
code Illiterates Total workers Main workers
number Name of Village Persons Males Females Persons Males Females Persons Males Females",,,,,,,,,,,,,,,,,,,,,,,,,,,,,,,,,,,,,,,,,,,,,,,,,,,,,,,,,,,,,,,,,,,,,,,,,,,,,,,,,,,,,,,,,,,,,,,,,,,,,,,,,,,,,,,,,,,,,,,,,,,,,,,,,,,
,,,449,mandi_mandi_dchb_part_b_primary_census_abstract.pdf,Mandi,,,,,,,,,,,,1 2 20 21 22 23 24 25 26 27 28,,,,,,,,,,,,,,,,,,,,,,,,,,,,,,,,,,,,,,,,,,,,,,,,,,,,,,,,,,,,,,,,,,,,,,,,,,,,,,,,,,,,,,,,,,,,,,,,,,,,,,,,,,,,,,,,,,,,,,,,,,,,,,,,,,,
,,,450,mandi_mandi_dchb_part_b_primary_census_abstract.pdf,Mandi,,,,,,,,,,,,,"CENSUS ABSTRACT
Karsog",,,,,,,,,,,,,,,,,,,,,,,,,,,,,,,,,,,,,,,,,,,,,,,,,,,,,,,,,,,,,,,,,,,,,,,,,,,,,,,,,,,,,,,,,,,,,,,,,,,,,,,,,,,,,,,,,,,,,,,,,,,,,,,,,,
,,,450,mandi_mandi_dchb_part_b_primary_census_abstract.pdf,Mandi,,,,,,,,,,,,,"Industrial category of main workers
Household industry
Cultivators Agricultural labourers workers Other workers
Persons Males Females Persons Males Females Persons MalesFemales Persons Males Females Name of Village",,,,,,,,,,,,,,,,,,,,,,,,,,,,,,,,,,,,,,,,,,,,,,,,,,,,,,,,,,,,,,,,,,,,,,,,,,,,,,,,,,,,,,,,,,,,,,,,,,,,,,,,,,,,,,,,,,,,,,,,,,,,,,,,,,
,,,450,mandi_mandi_dchb_part_b_primary_census_abstract.pdf,Mandi,,,,,,,,,,,,,29 30 31 32 33 34 35 36 37 38 39 40 2,,,,,,,,,,,,,,,,,,,,,,,,,,,,,,,,,,,,,,,,,,,,,,,,,,,,,,,,,,,,,,,,,,,,,,,,,,,,,,,,,,,,,,,,,,,,,,,,,,,,,,,,,,,,,,,,,,,,,,,,,,,,,,,,,,
,,,451,mandi_mandi_dchb_part_b_primary_census_abstract.pdf,Mandi,,,,,,,,,,,,"VILLAGE PRIMARY
C D Block -",,,,,,,,,,,,,,,,,,,,,,,,,,,,,,,,,,,,,,,,,,,,,,,,,,,,,,,,,,,,,,,,,,,,,,,,,,,,,,,,,,,,,,,,,,,,,,,,,,,,,,,,,,,,,,,,,,,,,,,,,,,,,,,,,,,
,,,451,mandi_mandi_dchb_part_b_primary_census_abstract.pdf,Mandi,,,,,,,,,,,,"Industrial category
Location
code Marginal workers Cultivators Agricultural labourers
number Name of Village Persons Males Females Persons Males Females Persons Males Females",,,,,,,,,,,,,,,,,,,,,,,,,,,,,,,,,,,,,,,,,,,,,,,,,,,,,,,,,,,,,,,,,,,,,,,,,,,,,,,,,,,,,,,,,,,,,,,,,,,,,,,,,,,,,,,,,,,,,,,,,,,,,,,,,,,
,,,451,mandi_mandi_dchb_part_b_primary_census_abstract.pdf,Mandi,,,,,,,,,,,,1 2 41 42 43 44 45 46 47 48 49,,,,,,,,,,,,,,,,,,,,,,,,,,,,,,,,,,,,,,,,,,,,,,,,,,,,,,,,,,,,,,,,,,,,,,,,,,,,,,,,,,,,,,,,,,,,,,,,,,,,,,,,,,,,,,,,,,,,,,,,,,,,,,,,,,,
,,,452,mandi_mandi_dchb_part_b_primary_census_abstract.pdf,Mandi,,,,,,,,,,,,,"CENSUS ABSTRACT
Karsog",,,,,,,,,,,,,,,,,,,,,,,,,,,,,,,,,,,,,,,,,,,,,,,,,,,,,,,,,,,,,,,,,,,,,,,,,,,,,,,,,,,,,,,,,,,,,,,,,,,,,,,,,,,,,,,,,,,,,,,,,,,,,,,,,,
,,,452,mandi_mandi_dchb_part_b_primary_census_abstract.pdf,Mandi,,,,,,,,,,,,,"of marginal workers
Location
Household industry workers Other workers Non-workers code
Persons Males Females Persons Males Females Persons Males Females Name of Village number",,,,,,,,,,,,,,,,,,,,,,,,,,,,,,,,,,,,,,,,,,,,,,,,,,,,,,,,,,,,,,,,,,,,,,,,,,,,,,,,,,,,,,,,,,,,,,,,,,,,,,,,,,,,,,,,,,,,,,,,,,,,,,,,,,
,,,452,mandi_mandi_dchb_part_b_primary_census_abstract.pdf,Mandi,,,,,,,,,,,,,50 51 52 53 54 55 56 57 58 2 1,,,,,,,,,,,,,,,,,,,,,,,,,,,,,,,,,,,,,,,,,,,,,,,,,,,,,,,,,,,,,,,,,,,,,,,,,,,,,,,,,,,,,,,,,,,,,,,,,,,,,,,,,,,,,,,,,,,,,,,,,,,,,,,,,,
,,,455,mandi_mandi_dchb_part_b_primary_census_abstract.pdf,Mandi,,,,,,,,,,,,URBAN PRIMARY,,,,,,,,,,,,,,,,,,,,,,,,,,,,,,,,,,,,,,,,,,,,,,,,,,,,,,,,,,,,,,,,,,,,,,,,,,,,,,,,,,,,,,,,,,,,,,,,,,,,,,,,,,,,,,,,,,,,,,,,,,,,,,,,,,,
,,,455,mandi_mandi_dchb_part_b_primary_census_abstract.pdf,Mandi,,,,,,,,,,,,"Total population (including
Location Area in institutional and houseless
code Square Number of population) Population in the age-group 0-6
number Name of Town/ Ward Kilometre households Persons Males Females Persons Males Females",,,,,,,,,,,,,,,,,,,,,,,,,,,,,,,,,,,,,,,,,,,,,,,,,,,,,,,,,,,,,,,,,,,,,,,,,,,,,,,,,,,,,,,,,,,,,,,,,,,,,,,,,,,,,,,,,,,,,,,,,,,,,,,,,,,
,,,455,mandi_mandi_dchb_part_b_primary_census_abstract.pdf,Mandi,,,,,,,,,,,,1 2 3 4 5 6 7 8 9 10,,,,,,,,,,,,,,,,,,,,,,,,,,,,,,,,,,,,,,,,,,,,,,,,,,,,,,,,,,,,,,,,,,,,,,,,,,,,,,,,,,,,,,,,,,,,,,,,,,,,,,,,,,,,,,,,,,,,,,,,,,,,,,,,,,,
,,,456,mandi_mandi_dchb_part_b_primary_census_abstract.pdf,Mandi,,,,,,,,,,,,,CENSUS ABSTRACT,,,,,,,,,,,,,,,,,,,,,,,,,,,,,,,,,,,,,,,,,,,,,,,,,,,,,,,,,,,,,,,,,,,,,,,,,,,,,,,,,,,,,,,,,,,,,,,,,,,,,,,,,,,,,,,,,,,,,,,,,,,,,,,,,,
,,,456,mandi_mandi_dchb_part_b_primary_census_abstract.pdf,Mandi,,,,,,,,,,,,,"Scheduled Castes population Scheduled Tribes population Literates
Persons Males Females Persons Males Females Persons Males Females Name of Town/ Ward",,,,,,,,,,,,,,,,,,,,,,,,,,,,,,,,,,,,,,,,,,,,,,,,,,,,,,,,,,,,,,,,,,,,,,,,,,,,,,,,,,,,,,,,,,,,,,,,,,,,,,,,,,,,,,,,,,,,,,,,,,,,,,,,,,
,,,456,mandi_mandi_dchb_part_b_primary_census_abstract.pdf,Mandi,,,,,,,,,,,,,11 12 13 14 15 16 17 18 19 2,,,,,,,,,,,,,,,,,,,,,,,,,,,,,,,,,,,,,,,,,,,,,,,,,,,,,,,,,,,,,,,,,,,,,,,,,,,,,,,,,,,,,,,,,,,,,,,,,,,,,,,,,,,,,,,,,,,,,,,,,,,,,,,,,,
,,,457,mandi_mandi_dchb_part_b_primary_census_abstract.pdf,Mandi,,,,,,,,,,,,URBAN PRIMARY,,,,,,,,,,,,,,,,,,,,,,,,,,,,,,,,,,,,,,,,,,,,,,,,,,,,,,,,,,,,,,,,,,,,,,,,,,,,,,,,,,,,,,,,,,,,,,,,,,,,,,,,,,,,,,,,,,,,,,,,,,,,,,,,,,,
,,,457,mandi_mandi_dchb_part_b_primary_census_abstract.pdf,Mandi,,,,,,,,,,,,"Location
code Illiterates Total workers Main workers
number Name of Town/ Ward Persons Males Females Persons Males Females Persons Males Females",,,,,,,,,,,,,,,,,,,,,,,,,,,,,,,,,,,,,,,,,,,,,,,,,,,,,,,,,,,,,,,,,,,,,,,,,,,,,,,,,,,,,,,,,,,,,,,,,,,,,,,,,,,,,,,,,,,,,,,,,,,,,,,,,,,
,,,457,mandi_mandi_dchb_part_b_primary_census_abstract.pdf,Mandi,,,,,,,,,,,,1 2 20 21 22 23 24 25 26 27 28,,,,,,,,,,,,,,,,,,,,,,,,,,,,,,,,,,,,,,,,,,,,,,,,,,,,,,,,,,,,,,,,,,,,,,,,,,,,,,,,,,,,,,,,,,,,,,,,,,,,,,,,,,,,,,,,,,,,,,,,,,,,,,,,,,,
,,,458,mandi_mandi_dchb_part_b_primary_census_abstract.pdf,Mandi,,,,,,,,,,,,,CENSUS ABSTRACT,,,,,,,,,,,,,,,,,,,,,,,,,,,,,,,,,,,,,,,,,,,,,,,,,,,,,,,,,,,,,,,,,,,,,,,,,,,,,,,,,,,,,,,,,,,,,,,,,,,,,,,,,,,,,,,,,,,,,,,,,,,,,,,,,,
,,,458,mandi_mandi_dchb_part_b_primary_census_abstract.pdf,Mandi,,,,,,,,,,,,,"Industrial category of main workers
Household industry
Cultivators Agricultural labourers workers Other workers
Persons Males Females Persons Males Females Persons Males Females Persons Males Females Name of Town/ Ward",,,,,,,,,,,,,,,,,,,,,,,,,,,,,,,,,,,,,,,,,,,,,,,,,,,,,,,,,,,,,,,,,,,,,,,,,,,,,,,,,,,,,,,,,,,,,,,,,,,,,,,,,,,,,,,,,,,,,,,,,,,,,,,,,,
,,,458,mandi_mandi_dchb_part_b_primary_census_abstract.pdf,Mandi,,,,,,,,,,,,,29 30 31 32 33 34 35 36 37 38 39 40 2,,,,,,,,,,,,,,,,,,,,,,,,,,,,,,,,,,,,,,,,,,,,,,,,,,,,,,,,,,,,,,,,,,,,,,,,,,,,,,,,,,,,,,,,,,,,,,,,,,,,,,,,,,,,,,,,,,,,,,,,,,,,,,,,,,
,,,459,mandi_mandi_dchb_part_b_primary_census_abstract.pdf,Mandi,,,,,,,,,,,,URBAN PRIMARY,,,,,,,,,,,,,,,,,,,,,,,,,,,,,,,,,,,,,,,,,,,,,,,,,,,,,,,,,,,,,,,,,,,,,,,,,,,,,,,,,,,,,,,,,,,,,,,,,,,,,,,,,,,,,,,,,,,,,,,,,,,,,,,,,,,
,,,459,mandi_mandi_dchb_part_b_primary_census_abstract.pdf,Mandi,,,,,,,,,,,,"Industrial category
Location
code Marginal workers Cultivators Agricultural labourers
number Name of Town/ Ward Persons Males Females Persons Males Females Persons Males Females",,,,,,,,,,,,,,,,,,,,,,,,,,,,,,,,,,,,,,,,,,,,,,,,,,,,,,,,,,,,,,,,,,,,,,,,,,,,,,,,,,,,,,,,,,,,,,,,,,,,,,,,,,,,,,,,,,,,,,,,,,,,,,,,,,,
,,,459,mandi_mandi_dchb_part_b_primary_census_abstract.pdf,Mandi,,,,,,,,,,,,1 2 41 42 43 44 45 46 47 48 49,,,,,,,,,,,,,,,,,,,,,,,,,,,,,,,,,,,,,,,,,,,,,,,,,,,,,,,,,,,,,,,,,,,,,,,,,,,,,,,,,,,,,,,,,,,,,,,,,,,,,,,,,,,,,,,,,,,,,,,,,,,,,,,,,,,
,,,460,mandi_mandi_dchb_part_b_primary_census_abstract.pdf,Mandi,,,,,,,,,,,,,CENSUS ABSTRACT,,,,,,,,,,,,,,,,,,,,,,,,,,,,,,,,,,,,,,,,,,,,,,,,,,,,,,,,,,,,,,,,,,,,,,,,,,,,,,,,,,,,,,,,,,,,,,,,,,,,,,,,,,,,,,,,,,,,,,,,,,,,,,,,,,
,,,460,mandi_mandi_dchb_part_b_primary_census_abstract.pdf,Mandi,,,,,,,,,,,,,"of marginal workers
Location
Household industry workers Other workers Non-workers code
Persons Males Females Persons Males Females Persons Males Females Name of Town/ Ward number",,,,,,,,,,,,,,,,,,,,,,,,,,,,,,,,,,,,,,,,,,,,,,,,,,,,,,,,,,,,,,,,,,,,,,,,,,,,,,,,,,,,,,,,,,,,,,,,,,,,,,,,,,,,,,,,,,,,,,,,,,,,,,,,,,
,,,460,mandi_mandi_dchb_part_b_primary_census_abstract.pdf,Mandi,,,,,,,,,,,,,50 51 52 53 54 55 56 57 58 2 1,,,,,,,,,,,,,,,,,,,,,,,,,,,,,,,,,,,,,,,,,,,,,,,,,,,,,,,,,,,,,,,,,,,,,,,,,,,,,,,,,,,,,,,,,,,,,,,,,,,,,,,,,,,,,,,,,,,,,,,,,,,,,,,,,,
"Ownership
status","Number of dwelling
rooms",Number of households,464,mandi_mandi_dchb_part_b_primary_census_abstract.pdf,Mandi,,,,,,,,,,,,,,,,,,,,,,,,,,,,,,,,,,,,,,,,,,,,,,,,,,,,,,,,,,,,,,,,,,,,,,,,,,,,,,,,,,,,,,,,,,,,,,,,,,,,,,,,,,,,,,,,,,,,,,,,,,,,,,,,,,,,,,,,,,,,,,,
,,Total,464,mandi_mandi_dchb_part_b_primary_census_abstract.pdf,Mandi,,,,,,,,,,,,,,,,,,Scheduled Castes,,,Scheduled Tribes,,,,,,,,,,,,,,,,,,,,,,,,,,,,,,,,,,,,,,,,,,,,,,,,,,,,,,,,,,,,,,,,,,,,,,,,,,,,,,,,,,,,,,,,,,,,,,,,,,,,,,,,,,,,,,,,,,,,,,,,,,
,,Total,464,mandi_mandi_dchb_part_b_primary_census_abstract.pdf,Mandi,,,,,,,,,,,,,,,,Rural,Urban,Total,Rural,Urban,Total,Rural,Urban,,,,,,,,,,,,,,,,,,,,,,,,,,,,,,,,,,,,,,,,,,,,,,,,,,,,,,,,,,,,,,,,,,,,,,,,,,,,,,,,,,,,,,,,,,,,,,,,,,,,,,,,,,,,,,,,,,,,,,,,
2,3,4,464,mandi_mandi_dchb_part_b_primary_census_abstract.pdf,Mandi,,,,,,,,,,,,,,,1.0,5,6,7,8,9,10,11,12,,,,,,,,,,,,,,,,,,,,,,,,,,,,,,,,,,,,,,,,,,,,,,,,,,,,,,,,,,,,,,,,,,,,,,,,,,,,,,,,,,,,,,,,,,,,,,,,,,,,,,,,,,,,,,,,,,,,,,,,
District -,,,464,mandi_mandi_dchb_part_b_primary_census_abstract.pdf,Mandi,,,,,,,,,,,,,,,,,,,,,,,,,,,,,,,,,,,,,,,,,,,,,,,,,,,,,,,,,,,,,,,,,,,,,,,,,,,,,,,,,,,,,,,,,,,,,,,,,,,,,,,,,,,,,,,,,,,,,,,,,,,,,,,,,,,,,,,,,,,,,,,
"Mandi One room 28,669 26,207 2,462 12,669 11,950 719 717 623 94",,,464,mandi_mandi_dchb_part_b_primary_census_abstract.pdf,Mandi,,,,,,,,,,,,,,,,,,,,,,,,,,,,,,,,,,,,,,,,,,,,,,,,,,,,,,,,,,,,,,,,,,,,,,,,,,,,,,,,,,,,,,,,,,,,,,,,,,,,,,,,,,,,,,,,,,,,,,,,,,,,,,,,,,,,,,,,,,,,,,,
(02027),,,464,mandi_mandi_dchb_part_b_primary_census_abstract.pdf,Mandi,,,,,,,,,,,,,,,,,,,,,,,,,,,,,,,,,,,,,,,,,,,,,,,,,,,,,,,,,,,,,,,,,,,,,,,,,,,,,,,,,,,,,,,,,,,,,,,,,,,,,,,,,,,,,,,,,,,,,,,,,,,,,,,,,,,,,,,,,,,,,,,
"Three rooms 37,862 34,722 3,140 11,455 10,891 564 720 651 69",,,464,mandi_mandi_dchb_part_b_primary_census_abstract.pdf,Mandi,,,,,,,,,,,,,,,,,,,,,,,,,,,,,,,,,,,,,,,,,,,,,,,,,,,,,,,,,,,,,,,,,,,,,,,,,,,,,,,,,,,,,,,,,,,,,,,,,,,,,,,,,,,,,,,,,,,,,,,,,,,,,,,,,,,,,,,,,,,,,,,
,,,464,mandi_mandi_dchb_part_b_primary_census_abstract.pdf,Mandi,,,,,,,,,,,,,,,,,,,,,,,,,,,,,,,,,,,,,,,,,,,,,,,,,,,,,,,,,,,,,,,,,,,,,,,,,,,,,,,,,,,,,,,,,,,,,,,,,,,,,,,,,,,,,,,,,,,,,,,,,,,,,,,,,,,,,,,,,,,,,,,
Name of Sub - District,Total,,465,mandi_mandi_dchb_part_b_primary_census_abstract.pdf,Mandi,,,,,,,,,,,,,,,,,,,,,,,,,,,,,,,,,,,,,,,,,,,,,,,,,,,,,,,,,,,,,,,,,,,,,,,,,,,,,,,,,,,,,,,,,,,,,,,,,,,,,,,,,,,,,,,,,,,,,,,,,,,,,,,,,,,,,,,,,,,,,,,
,Permanent,Semi permanent,465,mandi_mandi_dchb_part_b_primary_census_abstract.pdf,Mandi,,,,,,,,,,,,,,,,Temporary,Permanent,,,,,,,,,,,,,,,,,,,,,,,,,,,,,,,,,,,,,,,,,,,,,,,,,,,,,,,,,,,,,,,,,,,,,,,,,,,,,,,,,,,,,,,,,,,,,,,,,,,,,,,,,,,,,,,,,,,,,,,,,,,,,,
2,3,4,465,mandi_mandi_dchb_part_b_primary_census_abstract.pdf,Mandi,,,,,,,,,,,,,,,,5,6,,,,,,,1.0,,,,,,,,,,,,,,,,,,,,,,,,,,,,,,,,,,,,,,,,,,,,,,,,,,,,,,,,,,,,,,,,,,,,,,,,,,,,,,,,,,,,,,,,,,,,,,,,,,,,,,,,,,,,,,,,,,,,,,,
,Urban,,466,mandi_mandi_dchb_part_b_primary_census_abstract.pdf,Mandi,,,,,,,,,,,,,,,,,Name of Sub-District,,,,,,,,Rural,,,,,,,,,,,,,,,,,,,,,,,,,,,,,,,,,,,,,,,,,,,,,,,,,,,,,,,,,,,,,,,,,,,,,,,,,,,,,,,,,,,,,,,,,,,,,,,,,,,,,,,,,,,,,,,,,,,,,,
Temporary,Permanent,Semi permanent,466,mandi_mandi_dchb_part_b_primary_census_abstract.pdf,Mandi,,,,,,,,,,,,,,,,Temporary,,,,,,,,,Semi permanent,,,,,,,,,,,,,,,,,,,,,,,,,,,,,,,,,,,,,,,,,,,,,,,,,,,,,,,,,,,,,,,,,,,,,,,,,,,,,,,,,,,,,,,,,,,,,,,,,,,,,,,,,,,,,,,,,,,,,,
8,9,10,466,mandi_mandi_dchb_part_b_primary_census_abstract.pdf,Mandi,,,,,,,,,,,,,,,,11,2,,,,,,,,7,,,,,,,,,,,,,,,,,,,,,,,,,,,,,,,,,,,,,,,,,,,,,,,,,,,,,,,,,,,,,,,,,,,,,,,,,,,,,,,,,,,,,,,,,,,,,,,,,,,,,,,,,,,,,,,,,,,,,,
Name of Sub-District,"Total/
Rural/
Urban","Total Number
of households",467,mandi_mandi_dchb_part_b_primary_census_abstract.pdf,Mandi,,,,,,,,,,,,,,,,Number and percentage of Household,,,,,,,,,,,,,,,,,,,,,,,,,,,,,,,,,,,,,,,,,,,,,,,,,,,,,,,,,,,,,,,,,,,,,,,,,,,,,,,,,,,,,,,,,,,,,,,,,,,,,,,,,,,,,,,,,,,,,,,,,,,,,,,
,,,467,mandi_mandi_dchb_part_b_primary_census_abstract.pdf,Mandi,,,,,,,,,,,,,,,,"Tap water from
treated source","Tap water from
untreated source",Covered well,Un-covered well,,,,,,,,,,,,,,,,,,,,,,,,,,,,,,,,,,,,,,,,,,,,,,,,,,,,,,,,,,,,,,,,,,,,,,,,,,,,,,,,,,,,,,,,,,,,,,,,,,,,,,,,,,,,,,,,,,,,,,,,,,,,
2,3,4,467,mandi_mandi_dchb_part_b_primary_census_abstract.pdf,Mandi,,,,,,,,,,,,,,,,5,6,7,8,,,,,,,1.0,,,,,,,,,,,,,,,,,,,,,,,,,,,,,,,,,,,,,,,,,,,,,,,,,,,,,,,,,,,,,,,,,,,,,,,,,,,,,,,,,,,,,,,,,,,,,,,,,,,,,,,,,,,,,,,,,,,,,
,,,467,mandi_mandi_dchb_part_b_primary_census_abstract.pdf,Mandi,,,,,,,,,,,,,,,,,,,,,,,,,,,Jogindarnagar,,,,,,,,,,,,,,,,,,,,,,,,,,,,,,,,,,,,,,,,,,,,,,,,,,,,,,,,,,,,,,,,,,,,,,,,,,,,,,,,,,,,,,,,,,,,,,,,,,,,,,,,,,,,,,,,,,,,
,,,467,mandi_mandi_dchb_part_b_primary_census_abstract.pdf,Mandi,,,,,,,,,,,,,,,,,,,,,,,,,,,"(0202700124)
Urban 1,245 1,232 (98.96%) 4 (0.32%) 2 (0.16%) 0 (0%)",,,,,,,,,,,,,,,,,,,,,,,,,,,,,,,,,,,,,,,,,,,,,,,,,,,,,,,,,,,,,,,,,,,,,,,,,,,,,,,,,,,,,,,,,,,,,,,,,,,,,,,,,,,,,,,,,,,,
,,,467,mandi_mandi_dchb_part_b_primary_census_abstract.pdf,Mandi,,,,,,,,,,,,,,,,,,,,,,,,,,,,(0202700126),,,,,,,,,,,,,,,,,,,,,,,,,,,,,,,,,,,,,,,,,,,,,,,,,,,,,,,,,,,,,,,,,,,,,,,,,,,,,,,,,,,,,,,,,,,,,,,,,,,,,,,,,,,,,,,,,,,
,,,467,mandi_mandi_dchb_part_b_primary_census_abstract.pdf,Mandi,,,,,,,,,,,,,,,,,,,,,,,,,,,,Urban 0 (0%) 0 (0%) 0 (0%) 0 (0%) 0 (0%),,,,,,,,,,,,,,,,,,,,,,,,,,,,,,,,,,,,,,,,,,,,,,,,,,,,,,,,,,,,,,,,,,,,,,,,,,,,,,,,,,,,,,,,,,,,,,,,,,,,,,,,,,,,,,,,,,,
,,,467,mandi_mandi_dchb_part_b_primary_census_abstract.pdf,Mandi,,,,,,,,,,,,,,,,,,,,,,,,,,,,,(0202700128),,,,,,,,,,,,,,,,,,,,,,,,,,,,,,,,,,,,,,,,,,,,,,,,,,,,,,,,,,,,,,,,,,,,,,,,,,,,,,,,,,,,,,,,,,,,,,,,,,,,,,,,,,,,,,,,,,
,,,467,mandi_mandi_dchb_part_b_primary_census_abstract.pdf,Mandi,,,,,,,,,,,,,,,,,,,,,,,,,,,,,Urban 0 (0%) 0 (0%) 0 (0%) 0 (0%) 0 (0%),,,,,,,,,,,,,,,,,,,,,,,,,,,,,,,,,,,,,,,,,,,,,,,,,,,,,,,,,,,,,,,,,,,,,,,,,,,,,,,,,,,,,,,,,,,,,,,,,,,,,,,,,,,,,,,,,,
,,,467,mandi_mandi_dchb_part_b_primary_census_abstract.pdf,Mandi,,,,,,,,,,,,,,,,,,,,,,,,,,,,,,(0202700130),,,,,,,,,,,,,,,,,,,,,,,,,,,,,,,,,,,,,,,,,,,,,,,,,,,,,,,,,,,,,,,,,,,,,,,,,,,,,,,,,,,,,,,,,,,,,,,,,,,,,,,,,,,,,,,,,
,,,467,mandi_mandi_dchb_part_b_primary_census_abstract.pdf,Mandi,,,,,,,,,,,,,,,,,,,,,,,,,,,,,,Urban 0 (0%) 0 (0%) 0 (0%) 0 (0%) 0 (0%),,,,,,,,,,,,,,,,,,,,,,,,,,,,,,,,,,,,,,,,,,,,,,,,,,,,,,,,,,,,,,,,,,,,,,,,,,,,,,,,,,,,,,,,,,,,,,,,,,,,,,,,,,,,,,,,,
,,,467,mandi_mandi_dchb_part_b_primary_census_abstract.pdf,Mandi,,,,,,,,,,,,,,,,,,,,,,,,,,,,,,,(0202700132),,,,,,,,,,,,,,,,,,,,,,,,,,,,,,,,,,,,,,,,,,,,,,,,,,,,,,,,,,,,,,,,,,,,,,,,,,,,,,,,,,,,,,,,,,,,,,,,,,,,,,,,,,,,,,,,
,,,467,mandi_mandi_dchb_part_b_primary_census_abstract.pdf,Mandi,,,,,,,,,,,,,,,,,,,,,,,,,,,,,,,"Urban 6,047 5,958 (98.53%) 34 (0.56%) 16 (0.26%) 12 (0.2%)",,,,,,,,,,,,,,,,,,,,,,,,,,,,,,,,,,,,,,,,,,,,,,,,,,,,,,,,,,,,,,,,,,,,,,,,,,,,,,,,,,,,,,,,,,,,,,,,,,,,,,,,,,,,,,,,
,,,467,mandi_mandi_dchb_part_b_primary_census_abstract.pdf,Mandi,,,,,,,,,,,,,,,,,,,,,,,,,,,,,,,,(0202700134),,,,,,,,,,,,,,,,,,,,,,,,,,,,,,,,,,,,,,,,,,,,,,,,,,,,,,,,,,,,,,,,,,,,,,,,,,,,,,,,,,,,,,,,,,,,,,,,,,,,,,,,,,,,,,,
,,,467,mandi_mandi_dchb_part_b_primary_census_abstract.pdf,Mandi,,,,,,,,,,,,,,,,,,,,,,,,,,,,,,,,Urban 0 (0%) 0 (0%) 0 (0%) 0 (0%) 0 (0%),,,,,,,,,,,,,,,,,,,,,,,,,,,,,,,,,,,,,,,,,,,,,,,,,,,,,,,,,,,,,,,,,,,,,,,,,,,,,,,,,,,,,,,,,,,,,,,,,,,,,,,,,,,,,,,
,,,467,mandi_mandi_dchb_part_b_primary_census_abstract.pdf,Mandi,,,,,,,,,,,,,,,,,,,,,,,,,,,,,,,,,(0202700136),,,,,,,,,,,,,,,,,,,,,,,,,,,,,,,,,,,,,,,,,,,,,,,,,,,,,,,,,,,,,,,,,,,,,,,,,,,,,,,,,,,,,,,,,,,,,,,,,,,,,,,,,,,,,,
,,,467,mandi_mandi_dchb_part_b_primary_census_abstract.pdf,Mandi,,,,,,,,,,,,,,,,,,,,,,,,,,,,,,,,,Urban 0 (0%) 0 (0%) 0 (0%) 0 (0%) 0 (0%),,,,,,,,,,,,,,,,,,,,,,,,,,,,,,,,,,,,,,,,,,,,,,,,,,,,,,,,,,,,,,,,,,,,,,,,,,,,,,,,,,,,,,,,,,,,,,,,,,,,,,,,,,,,,,
,,,467,mandi_mandi_dchb_part_b_primary_census_abstract.pdf,Mandi,,,,,,,,,,,,,,,,,,,,,,,,,,,,,,,,,,(0202700138),,,,,,,,,,,,,,,,,,,,,,,,,,,,,,,,,,,,,,,,,,,,,,,,,,,,,,,,,,,,,,,,,,,,,,,,,,,,,,,,,,,,,,,,,,,,,,,,,,,,,,,,,,,,,
,,,467,mandi_mandi_dchb_part_b_primary_census_abstract.pdf,Mandi,,,,,,,,,,,,,,,,,,,,,,,,,,,,,,,,,,Urban 0 (0%) 0 (0%) 0 (0%) 0 (0%) 0 (0%),,,,,,,,,,,,,,,,,,,,,,,,,,,,,,,,,,,,,,,,,,,,,,,,,,,,,,,,,,,,,,,,,,,,,,,,,,,,,,,,,,,,,,,,,,,,,,,,,,,,,,,,,,,,,
,,,468,mandi_mandi_dchb_part_b_primary_census_abstract.pdf,Mandi,,,,,,,,,,,,,,,,,,"Total/
Rural/
Urban",Name of Sub-District,,,,,,,,,,,,,,,,having following source of drinking water,,,,,,,,,,,,,,,,,,,,,,,,,,,,,,,,,,,,,,,,,,,,,,,,,,,,,,,,,,,,,,,,,,,,,,,,,,,,,,,,,,,,,,,,,,,,,,,,,,,,,,,,,,,,
"Tubewell/boreh
ole",Spring,River/ canal,468,mandi_mandi_dchb_part_b_primary_census_abstract.pdf,Mandi,,,,,,,,,,,,,,,,"Tank/ pond/
lake","Other
Sources",,,,,,,,,,,,,,,,,,Handpump,,,,,,,,,,,,,,,,,,,,,,,,,,,,,,,,,,,,,,,,,,,,,,,,,,,,,,,,,,,,,,,,,,,,,,,,,,,,,,,,,,,,,,,,,,,,,,,,,,,,,,,,,,,,
10,11,12,468,mandi_mandi_dchb_part_b_primary_census_abstract.pdf,Mandi,,,,,,,,,,,,,,,,13,14,3,2,,,,,,,,,,,,,,,,9,,,,,,,,,,,,,,,,,,,,,,,,,,,,,,,,,,,,,,,,,,,,,,,,,,,,,,,,,,,,,,,,,,,,,,,,,,,,,,,,,,,,,,,,,,,,,,,,,,,,,,,,,,,,
Jogindarnagar,,,468,mandi_mandi_dchb_part_b_primary_census_abstract.pdf,Mandi,,,,,,,,,,,,,,,,,,,,,,,,,,,,,,,,,,,,,,,,,,,,,,,,,,,,,,,,,,,,,,,,,,,,,,,,,,,,,,,,,,,,,,,,,,,,,,,,,,,,,,,,,,,,,,,,,,,,,,,,,,,,,,,,,,,,,,,,,,,,,,,
,,,468,mandi_mandi_dchb_part_b_primary_census_abstract.pdf,Mandi,,,,,,,,,,,,,,,,,,,,,,,,,,,,,,,,,,,,"(0202700124)
0 (0%) 0 (0%) 0 (0%) 0 (0%) 0 (0%) 7 (0.56%) Urban",,,,,,,,,,,,,,,,,,,,,,,,,,,,,,,,,,,,,,,,,,,,,,,,,,,,,,,,,,,,,,,,,,,,,,,,,,,,,,,,,,,,,,,,,,,,,,,,,,,,,,,,,,,
(0202700126),,,468,mandi_mandi_dchb_part_b_primary_census_abstract.pdf,Mandi,,,,,,,,,,,,,,,,,,,,,,,,,,,,,,,,,,,,,,,,,,,,,,,,,,,,,,,,,,,,,,,,,,,,,,,,,,,,,,,,,,,,,,,,,,,,,,,,,,,,,,,,,,,,,,,,,,,,,,,,,,,,,,,,,,,,,,,,,,,,,,,
,,,468,mandi_mandi_dchb_part_b_primary_census_abstract.pdf,Mandi,,,,,,,,,,,,,,,,,,,,,,,,,,,,,,,,,,,,,0 (0%) 0 (0%) 0 (0%) 0 (0%) 0 (0%) 0 (0%) Urban,,,,,,,,,,,,,,,,,,,,,,,,,,,,,,,,,,,,,,,,,,,,,,,,,,,,,,,,,,,,,,,,,,,,,,,,,,,,,,,,,,,,,,,,,,,,,,,,,,,,,,,,,,
(0202700128),,,468,mandi_mandi_dchb_part_b_primary_census_abstract.pdf,Mandi,,,,,,,,,,,,,,,,,,,,,,,,,,,,,,,,,,,,,,,,,,,,,,,,,,,,,,,,,,,,,,,,,,,,,,,,,,,,,,,,,,,,,,,,,,,,,,,,,,,,,,,,,,,,,,,,,,,,,,,,,,,,,,,,,,,,,,,,,,,,,,,
,,,468,mandi_mandi_dchb_part_b_primary_census_abstract.pdf,Mandi,,,,,,,,,,,,,,,,,,,,,,,,,,,,,,,,,,,,,,0 (0%) 0 (0%) 0 (0%) 0 (0%) 0 (0%) 0 (0%) Urban,,,,,,,,,,,,,,,,,,,,,,,,,,,,,,,,,,,,,,,,,,,,,,,,,,,,,,,,,,,,,,,,,,,,,,,,,,,,,,,,,,,,,,,,,,,,,,,,,,,,,,,,,
(0202700130),,,468,mandi_mandi_dchb_part_b_primary_census_abstract.pdf,Mandi,,,,,,,,,,,,,,,,,,,,,,,,,,,,,,,,,,,,,,,,,,,,,,,,,,,,,,,,,,,,,,,,,,,,,,,,,,,,,,,,,,,,,,,,,,,,,,,,,,,,,,,,,,,,,,,,,,,,,,,,,,,,,,,,,,,,,,,,,,,,,,,
,,,468,mandi_mandi_dchb_part_b_primary_census_abstract.pdf,Mandi,,,,,,,,,,,,,,,,,,,,,,,,,,,,,,,,,,,,,,,0 (0%) 0 (0%) 0 (0%) 0 (0%) 0 (0%) 0 (0%) Urban,,,,,,,,,,,,,,,,,,,,,,,,,,,,,,,,,,,,,,,,,,,,,,,,,,,,,,,,,,,,,,,,,,,,,,,,,,,,,,,,,,,,,,,,,,,,,,,,,,,,,,,,
Sundarnagar,,,468,mandi_mandi_dchb_part_b_primary_census_abstract.pdf,Mandi,,,,,,,,,,,,,,,,,,,,,,,,,,,,,,,,,,,,,,,,,,,,,,,,,,,,,,,,,,,,,,,,,,,,,,,,,,,,,,,,,,,,,,,,,,,,,,,,,,,,,,,,,,,,,,,,,,,,,,,,,,,,,,,,,,,,,,,,,,,,,,,
,,,468,mandi_mandi_dchb_part_b_primary_census_abstract.pdf,Mandi,,,,,,,,,,,,,,,,,,,,,,,,,,,,,,,,,,,,,,,,"(0202700132)
13 (0.21%) 3 (0.05%) 3 (0.05%) 0 (0%) 3 (0.05%) 5 (0.08%) Urban",,,,,,,,,,,,,,,,,,,,,,,,,,,,,,,,,,,,,,,,,,,,,,,,,,,,,,,,,,,,,,,,,,,,,,,,,,,,,,,,,,,,,,,,,,,,,,,,,,,,,,,
(0202700134),,,468,mandi_mandi_dchb_part_b_primary_census_abstract.pdf,Mandi,,,,,,,,,,,,,,,,,,,,,,,,,,,,,,,,,,,,,,,,,,,,,,,,,,,,,,,,,,,,,,,,,,,,,,,,,,,,,,,,,,,,,,,,,,,,,,,,,,,,,,,,,,,,,,,,,,,,,,,,,,,,,,,,,,,,,,,,,,,,,,,
,,,468,mandi_mandi_dchb_part_b_primary_census_abstract.pdf,Mandi,,,,,,,,,,,,,,,,,,,,,,,,,,,,,,,,,,,,,,,,,0 (0%) 0 (0%) 0 (0%) 0 (0%) 0 (0%) 0 (0%) Urban,,,,,,,,,,,,,,,,,,,,,,,,,,,,,,,,,,,,,,,,,,,,,,,,,,,,,,,,,,,,,,,,,,,,,,,,,,,,,,,,,,,,,,,,,,,,,,,,,,,,,,
(0202700136),,,468,mandi_mandi_dchb_part_b_primary_census_abstract.pdf,Mandi,,,,,,,,,,,,,,,,,,,,,,,,,,,,,,,,,,,,,,,,,,,,,,,,,,,,,,,,,,,,,,,,,,,,,,,,,,,,,,,,,,,,,,,,,,,,,,,,,,,,,,,,,,,,,,,,,,,,,,,,,,,,,,,,,,,,,,,,,,,,,,,
,,,468,mandi_mandi_dchb_part_b_primary_census_abstract.pdf,Mandi,,,,,,,,,,,,,,,,,,,,,,,,,,,,,,,,,,,,,,,,,,0 (0%) 0 (0%) 0 (0%) 0 (0%) 0 (0%) 0 (0%) Urban,,,,,,,,,,,,,,,,,,,,,,,,,,,,,,,,,,,,,,,,,,,,,,,,,,,,,,,,,,,,,,,,,,,,,,,,,,,,,,,,,,,,,,,,,,,,,,,,,,,,,
(0202700138),,,468,mandi_mandi_dchb_part_b_primary_census_abstract.pdf,Mandi,,,,,,,,,,,,,,,,,,,,,,,,,,,,,,,,,,,,,,,,,,,,,,,,,,,,,,,,,,,,,,,,,,,,,,,,,,,,,,,,,,,,,,,,,,,,,,,,,,,,,,,,,,,,,,,,,,,,,,,,,,,,,,,,,,,,,,,,,,,,,,,
,,,468,mandi_mandi_dchb_part_b_primary_census_abstract.pdf,Mandi,,,,,,,,,,,,,,,,,,,,,,,,,,,,,,,,,,,,,,,,,,,0 (0%) 0 (0%) 0 (0%) 0 (0%) 0 (0%) 0 (0%) Urban,,,,,,,,,,,,,,,,,,,,,,,,,,,,,,,,,,,,,,,,,,,,,,,,,,,,,,,,,,,,,,,,,,,,,,,,,,,,,,,,,,,,,,,,,,,,,,,,,,,,
Name of Sub-District,"Total/
Rural/
Urban","Total Number
of households",469,mandi_mandi_dchb_part_b_primary_census_abstract.pdf,Mandi,,,,,,,,,,,,,,,,Number and percentage of Household,,,,,,,,,,,,,,,,,,,,,,,,,,,,,,,,,,,,,,,,,,,,,,,,,,,,,,,,,,,,,,,,,,,,,,,,,,,,,,,,,,,,,,,,,,,,,,,,,,,,,,,,,,,,,,,,,,,,,,,,,,,,,,,
,,,469,mandi_mandi_dchb_part_b_primary_census_abstract.pdf,Mandi,,,,,,,,,,,,,,,,"Tap water from
treated source","Tap water from
untreated source",Covered well,Un-covered well,,,,,,,,,,,,,,,,,,,,,,,,,,,,,,,,,,,,,,,,,,,,,,,,,,,,,,,,,,,,,,,,,,,,,,,,,,,,,,,,,,,,,,,,,,,,,,,,,,,,,,,,,,,,,,,,,,,,,,,,,,,,
2,3,4,469,mandi_mandi_dchb_part_b_primary_census_abstract.pdf,Mandi,,,,,,,,,,,,,,,,5,6,7,8,,,,,,,1.0,,,,,,,,,,,,,,,,,,,,,,,,,,,,,,,,,,,,,,,,,,,,,,,,,,,,,,,,,,,,,,,,,,,,,,,,,,,,,,,,,,,,,,,,,,,,,,,,,,,,,,,,,,,,,,,,,,,,,
,,,469,mandi_mandi_dchb_part_b_primary_census_abstract.pdf,Mandi,,,,,,,,,,,,,,,,,,,,,,,,,,,,,,,,,,,,,,,,,,,,,,,,,,,,,,,,,,,,,,,,,,,,,,,,,,,,,,,,,,,,,,,,,,,,,,,,,,,,,,,,,,,,,,,,,,,,,,,,,,,,,,,,,,,,,,,,,,,,,,,
,,,469,mandi_mandi_dchb_part_b_primary_census_abstract.pdf,Mandi,,,,,,,,,,,,,,,,,,,,,,,,,,,,,,,,,,,,,,,,,,,,"Urban 15,943 15,548 (97.52%) 136 (0.85%) 100 (0.63%) 37 (0.23%)",,,,,,,,,,,,,,,,,,,,,,,,,,,,,,,,,,,,,,,,,,,,,,,,,,,,,,,,,,,,,,,,,,,,,,,,,,,,,,,,,,,,,,,,,,,,,,,,,,,
,,,470,mandi_mandi_dchb_part_b_primary_census_abstract.pdf,Mandi,,,,,,,,,,,,,,,,,,"Total/
Rural/
Urban",Name of Sub-District,,,,,,,,,,,,,,,,having following source of drinking water,,,,,,,,,,,,,,,,,,,,,,,,,,,,,,,,,,,,,,,,,,,,,,,,,,,,,,,,,,,,,,,,,,,,,,,,,,,,,,,,,,,,,,,,,,,,,,,,,,,,,,,,,,,,
"Tubewell/boreh
ole",Spring,River/ canal,470,mandi_mandi_dchb_part_b_primary_census_abstract.pdf,Mandi,,,,,,,,,,,,,,,,"Tank/ pond/
lake","Other
Sources",,,,,,,,,,,,,,,,,,Handpump,,,,,,,,,,,,,,,,,,,,,,,,,,,,,,,,,,,,,,,,,,,,,,,,,,,,,,,,,,,,,,,,,,,,,,,,,,,,,,,,,,,,,,,,,,,,,,,,,,,,,,,,,,,,
10,11,12,470,mandi_mandi_dchb_part_b_primary_census_abstract.pdf,Mandi,,,,,,,,,,,,,,,,13,14,3,2,,,,,,,,,,,,,,,,9,,,,,,,,,,,,,,,,,,,,,,,,,,,,,,,,,,,,,,,,,,,,,,,,,,,,,,,,,,,,,,,,,,,,,,,,,,,,,,,,,,,,,,,,,,,,,,,,,,,,,,,,,,,,
,,,470,mandi_mandi_dchb_part_b_primary_census_abstract.pdf,Mandi,,,,,,,,,,,,,,,,,,,,,,,,,,,,,,,,,,,,,,,,,,,,,,,,,,,,,,,,,,,,,,,,,,,,,,,,,,,,,,,,,,,,,,,,,,,,,,,,,,,,,,,,,,,,,,,,,,,,,,,,,,,,,,,,,,,,,,,,,,,,,,,
,,,470,mandi_mandi_dchb_part_b_primary_census_abstract.pdf,Mandi,,,,,,,,,,,,,,,,,,,,,,,,,,,,,,,,,,,,,,,,,,,,,19 (0.12%) 4 (0.03%) 23 (0.14%) 5 (0.03%) 9 (0.06%) 62 (0.39%) Urban,,,,,,,,,,,,,,,,,,,,,,,,,,,,,,,,,,,,,,,,,,,,,,,,,,,,,,,,,,,,,,,,,,,,,,,,,,,,,,,,,,,,,,,,,,,,,,,,,,
Name of Sub-District,"Total/
Rural/
Urban","Total
number of
households",471,mandi_mandi_dchb_part_b_primary_census_abstract.pdf,Mandi,,,,,,,,,,,,,,,,Number and Percentage of households,,,,,,,,,,,,,,,,,,,,,,,,,,,,,,,,,,,,,,,,,,,,,,,,,,,,,,,,,,,,,,,,,,,,,,,,,,,,,,,,,,,,,,,,,,,,,,,,,,,,,,,,,,,,,,,,,,,,,,,,,,,,,,,
,,,471,mandi_mandi_dchb_part_b_primary_census_abstract.pdf,Mandi,,,,,,,,,,,,,,,,Electricity,Kerosene,Solar,,,,,,,,,,,,,,,,,,,,,,,,,,,,,,,,,,,,,,,,,,,,,,,,,,,,,,,,,,,,,,,,,,,,,,,,,,,,,,,,,,,,,,,,,,,,,,,,,,,,,,,,,,,,,,,,,,,,,,,,,,,,,
2,3,4,471,mandi_mandi_dchb_part_b_primary_census_abstract.pdf,Mandi,,,,,,,,,,,,,,,,5,6,7,,,,,,,,,,,,,,,,,,,,,,,,,,,,1.0,,,,,,,,,,,,,,,,,,,,,,,,,,,,,,,,,,,,,,,,,,,,,,,,,,,,,,,,,,,,,,,,,,,,,,,,,,,,,,,,,,,,,,,,,,,,,,,,,
,,,471,mandi_mandi_dchb_part_b_primary_census_abstract.pdf,Mandi,,,,,,,,,,,,,,,,,,,,,,,,,,,,,,,,,,,,,,,,,,,,,,,,,,,,,,,,,,,,,,,,,,,,,,,,,,,,,,,,,,,,,,,,,,,,,,,,,,,,,,,,,,,,,,,,,,,,,,,,,,,,,,,,,,,,,,,,,,,,,,,
,,,471,mandi_mandi_dchb_part_b_primary_census_abstract.pdf,Mandi,,,,,,,,,,,,,,,,,,,,,,,,,,,,,,,,,,,,,,,,,,,,,,,"Urban 1,245 1,240 (99.6%) 5 (0.4%) 0 (0%)",,,,,,,,,,,,,,,,,,,,,,,,,,,,,,,,,,,,,,,,,,,,,,,,,,,,,,,,,,,,,,,,,,,,,,,,,,,,,,,,,,,,,,,,,,,,,,,,
,,,471,mandi_mandi_dchb_part_b_primary_census_abstract.pdf,Mandi,,,,,,,,,,,,,,,,,,,,,,,,,,,,,,,,,,,,,,,,,,,,,,,,,,,,,,,,,,,,,,,,,,,,,,,,,,,,,,,,,,,,,,,,,,,,,,,,,,,,,,,,,,,,,,,,,,,,,,,,,,,,,,,,,,,,,,,,,,,,,,,
,,,471,mandi_mandi_dchb_part_b_primary_census_abstract.pdf,Mandi,,,,,,,,,,,,,,,,,,,,,,,,,,,,,,,,,,,,,,,,,,,,,,,,Urban 0 (0%) 0 (0%) 0 (0%) 0 (0%),,,,,,,,,,,,,,,,,,,,,,,,,,,,,,,,,,,,,,,,,,,,,,,,,,,,,,,,,,,,,,,,,,,,,,,,,,,,,,,,,,,,,,,,,,,,,,,
,,,471,mandi_mandi_dchb_part_b_primary_census_abstract.pdf,Mandi,,,,,,,,,,,,,,,,,,,,,,,,,,,,,,,,,,,,,,,,,,,,,,,,,,,,,,,,,,,,,,,,,,,,,,,,,,,,,,,,,,,,,,,,,,,,,,,,,,,,,,,,,,,,,,,,,,,,,,,,,,,,,,,,,,,,,,,,,,,,,,,
,,,471,mandi_mandi_dchb_part_b_primary_census_abstract.pdf,Mandi,,,,,,,,,,,,,,,,,,,,,,,,,,,,,,,,,,,,,,,,,,,,,,,,,Urban 0 (0%) 0 (0%) 0 (0%) 0 (0%),,,,,,,,,,,,,,,,,,,,,,,,,,,,,,,,,,,,,,,,,,,,,,,,,,,,,,,,,,,,,,,,,,,,,,,,,,,,,,,,,,,,,,,,,,,,,,
,,,471,mandi_mandi_dchb_part_b_primary_census_abstract.pdf,Mandi,,,,,,,,,,,,,,,,,,,,,,,,,,,,,,,,,,,,,,,,,,,,,,,,,,,,,,,,,,,,,,,,,,,,,,,,,,,,,,,,,,,,,,,,,,,,,,,,,,,,,,,,,,,,,,,,,,,,,,,,,,,,,,,,,,,,,,,,,,,,,,,
,,,471,mandi_mandi_dchb_part_b_primary_census_abstract.pdf,Mandi,,,,,,,,,,,,,,,,,,,,,,,,,,,,,,,,,,,,,,,,,,,,,,,,,,Urban 0 (0%) 0 (0%) 0 (0%) 0 (0%),,,,,,,,,,,,,,,,,,,,,,,,,,,,,,,,,,,,,,,,,,,,,,,,,,,,,,,,,,,,,,,,,,,,,,,,,,,,,,,,,,,,,,,,,,,,,
,,,471,mandi_mandi_dchb_part_b_primary_census_abstract.pdf,Mandi,,,,,,,,,,,,,,,,,,,,,,,,,,,,,,,,,,,,,,,,,,,,,,,,,,,,,,,,,,,,,,,,,,,,,,,,,,,,,,,,,,,,,,,,,,,,,,,,,,,,,,,,,,,,,,,,,,,,,,,,,,,,,,,,,,,,,,,,,,,,,,,
,,,471,mandi_mandi_dchb_part_b_primary_census_abstract.pdf,Mandi,,,,,,,,,,,,,,,,,,,,,,,,,,,,,,,,,,,,,,,,,,,,,,,,,,,"Urban 6,047 5,928 (98.03%) 82 (1.36%) 1 (0.02%)",,,,,,,,,,,,,,,,,,,,,,,,,,,,,,,,,,,,,,,,,,,,,,,,,,,,,,,,,,,,,,,,,,,,,,,,,,,,,,,,,,,,,,,,,,,,
,,,471,mandi_mandi_dchb_part_b_primary_census_abstract.pdf,Mandi,,,,,,,,,,,,,,,,,,,,,,,,,,,,,,,,,,,,,,,,,,,,,,,,,,,,,,,,,,,,,,,,,,,,,,,,,,,,,,,,,,,,,,,,,,,,,,,,,,,,,,,,,,,,,,,,,,,,,,,,,,,,,,,,,,,,,,,,,,,,,,,
,,,471,mandi_mandi_dchb_part_b_primary_census_abstract.pdf,Mandi,,,,,,,,,,,,,,,,,,,,,,,,,,,,,,,,,,,,,,,,,,,,,,,,,,,,Urban 0 (0%) 0 (0%) 0 (0%) 0 (0%),,,,,,,,,,,,,,,,,,,,,,,,,,,,,,,,,,,,,,,,,,,,,,,,,,,,,,,,,,,,,,,,,,,,,,,,,,,,,,,,,,,,,,,,,,,
,,,471,mandi_mandi_dchb_part_b_primary_census_abstract.pdf,Mandi,,,,,,,,,,,,,,,,,,,,,,,,,,,,,,,,,,,,,,,,,,,,,,,,,,,,,,,,,,,,,,,,,,,,,,,,,,,,,,,,,,,,,,,,,,,,,,,,,,,,,,,,,,,,,,,,,,,,,,,,,,,,,,,,,,,,,,,,,,,,,,,
,,,471,mandi_mandi_dchb_part_b_primary_census_abstract.pdf,Mandi,,,,,,,,,,,,,,,,,,,,,,,,,,,,,,,,,,,,,,,,,,,,,,,,,,,,,Urban 0 (0%) 0 (0%) 0 (0%) 0 (0%),,,,,,,,,,,,,,,,,,,,,,,,,,,,,,,,,,,,,,,,,,,,,,,,,,,,,,,,,,,,,,,,,,,,,,,,,,,,,,,,,,,,,,,,,,
,,,471,mandi_mandi_dchb_part_b_primary_census_abstract.pdf,Mandi,,,,,,,,,,,,,,,,,,,,,,,,,,,,,,,,,,,,,,,,,,,,,,,,,,,,,,,,,,,,,,,,,,,,,,,,,,,,,,,,,,,,,,,,,,,,,,,,,,,,,,,,,,,,,,,,,,,,,,,,,,,,,,,,,,,,,,,,,,,,,,,
,,,471,mandi_mandi_dchb_part_b_primary_census_abstract.pdf,Mandi,,,,,,,,,,,,,,,,,,,,,,,,,,,,,,,,,,,,,,,,,,,,,,,,,,,,,,Urban 0 (0%) 0 (0%) 0 (0%) 0 (0%),,,,,,,,,,,,,,,,,,,,,,,,,,,,,,,,,,,,,,,,,,,,,,,,,,,,,,,,,,,,,,,,,,,,,,,,,,,,,,,,,,,,,,,,,
,,"Total/
Rural/
Urban",472,mandi_mandi_dchb_part_b_primary_census_abstract.pdf,Mandi,,,,,,,,,,,,,,,,Name of Sub-District,,,,,,,,,,,,,,,,,,,,,,,,,,,,,,,,,,,,,,,having following main source of lighting,,,,,,,,,,,,,,,,,,,,,,,,,,,,,,,,,,,,,,,,,,,,,,,,,,,,,,,,,,,,,,,,,,,,,,,,,,,,,,,,,,,,,,,,
Any other,No lighting,,472,mandi_mandi_dchb_part_b_primary_census_abstract.pdf,Mandi,,,,,,,,,,,,,,,,,,,,,,,,,,,,,,,,,,,,,,,,,,,,,,,,,,,,,,,Other oil,,,,,,,,,,,,,,,,,,,,,,,,,,,,,,,,,,,,,,,,,,,,,,,,,,,,,,,,,,,,,,,,,,,,,,,,,,,,,,,,,,,,,,,,
9,10,3,472,mandi_mandi_dchb_part_b_primary_census_abstract.pdf,Mandi,,,,,,,,,,,,,,,,2,,,,,,,,,,,,,,,,,,,,,,,,,,,,,,,,,,,,,,,8,,,,,,,,,,,,,,,,,,,,,,,,,,,,,,,,,,,,,,,,,,,,,,,,,,,,,,,,,,,,,,,,,,,,,,,,,,,,,,,,,,,,,,,,
,,,472,mandi_mandi_dchb_part_b_primary_census_abstract.pdf,Mandi,,,,,,,,,,,,,,,,,,,,,,,,,,,,,,,,,,,,,,,,,,,,,,,,,,,,,,,,,,,,,,,,,,,,,,,,,,,,,,,,,,,,,,,,,,,,,,,,,,,,,,,,,,,,,,,,,,,,,,,,,,,,,,,,,,,,,,,,,,,,,,,
,,,472,mandi_mandi_dchb_part_b_primary_census_abstract.pdf,Mandi,,,,,,,,,,,,,,,,,,,,,,,,,,,,,,,,,,,,,,,,,,,,,,,,,,,,,,,,0 (0%) 0 (0%) 0 (0%) Urban,,,,,,,,,,,,,,,,,,,,,,,,,,,,,,,,,,,,,,,,,,,,,,,,,,,,,,,,,,,,,,,,,,,,,,,,,,,,,,,,,,,,,,,
,,,472,mandi_mandi_dchb_part_b_primary_census_abstract.pdf,Mandi,,,,,,,,,,,,,,,,,,,,,,,,,,,,,,,,,,,,,,,,,,,,,,,,,,,,,,,,,0 (0%) 0 (0%) 0 (0%) Urban,,,,,,,,,,,,,,,,,,,,,,,,,,,,,,,,,,,,,,,,,,,,,,,,,,,,,,,,,,,,,,,,,,,,,,,,,,,,,,,,,,,,,,
,,,472,mandi_mandi_dchb_part_b_primary_census_abstract.pdf,Mandi,,,,,,,,,,,,,,,,,,,,,,,,,,,,,,,,,,,,,,,,,,,,,,,,,,,,,,,,,,0 (0%) 0 (0%) 0 (0%) Urban,,,,,,,,,,,,,,,,,,,,,,,,,,,,,,,,,,,,,,,,,,,,,,,,,,,,,,,,,,,,,,,,,,,,,,,,,,,,,,,,,,,,,
,,,472,mandi_mandi_dchb_part_b_primary_census_abstract.pdf,Mandi,,,,,,,,,,,,,,,,,,,,,,,,,,,,,,,,,,,,,,,,,,,,,,,,,,,,,,,,,,,0 (0%) 0 (0%) 0 (0%) Urban,,,,,,,,,,,,,,,,,,,,,,,,,,,,,,,,,,,,,,,,,,,,,,,,,,,,,,,,,,,,,,,,,,,,,,,,,,,,,,,,,,,,
,,,472,mandi_mandi_dchb_part_b_primary_census_abstract.pdf,Mandi,,,,,,,,,,,,,,,,,,,,,,,,,,,,,,,,,,,,,,,,,,,,,,,,,,,,,,,,,,,,34 (0.56%) 1 (0.02%) 1 (0.02%) Urban,,,,,,,,,,,,,,,,,,,,,,,,,,,,,,,,,,,,,,,,,,,,,,,,,,,,,,,,,,,,,,,,,,,,,,,,,,,,,,,,,,,
,,,472,mandi_mandi_dchb_part_b_primary_census_abstract.pdf,Mandi,,,,,,,,,,,,,,,,,,,,,,,,,,,,,,,,,,,,,,,,,,,,,,,,,,,,,,,,,,,,,0 (0%) 0 (0%) 0 (0%) Urban,,,,,,,,,,,,,,,,,,,,,,,,,,,,,,,,,,,,,,,,,,,,,,,,,,,,,,,,,,,,,,,,,,,,,,,,,,,,,,,,,,
,,,472,mandi_mandi_dchb_part_b_primary_census_abstract.pdf,Mandi,,,,,,,,,,,,,,,,,,,,,,,,,,,,,,,,,,,,,,,,,,,,,,,,,,,,,,,,,,,,,,0 (0%) 0 (0%) 0 (0%) Urban,,,,,,,,,,,,,,,,,,,,,,,,,,,,,,,,,,,,,,,,,,,,,,,,,,,,,,,,,,,,,,,,,,,,,,,,,,,,,,,,,
,,,472,mandi_mandi_dchb_part_b_primary_census_abstract.pdf,Mandi,,,,,,,,,,,,,,,,,,,,,,,,,,,,,,,,,,,,,,,,,,,,,,,,,,,,,,,,,,,,,,,0 (0%) 0 (0%) 0 (0%) Urban,,,,,,,,,,,,,,,,,,,,,,,,,,,,,,,,,,,,,,,,,,,,,,,,,,,,,,,,,,,,,,,,,,,,,,,,,,,,,,,,
Name of Sub-District,"Total/
Rural/
Urban","Total
number of
households",473,mandi_mandi_dchb_part_b_primary_census_abstract.pdf,Mandi,,,,,,,,,,,,,,,,Number and Percentage of households,,,,,,,,,,,,,,,,,,,,,,,,,,,,,,,,,,,,,,,,,,,,,,,,,,,,,,,,,,,,,,,,,,,,,,,,,,,,,,,,,,,,,,,,,,,,,,,,,,,,,,,,,,,,,,,,,,,,,,,,,,,,,,,
,,,473,mandi_mandi_dchb_part_b_primary_census_abstract.pdf,Mandi,,,,,,,,,,,,,,,,Electricity,Kerosene,Solar,,,,,,,,,,,,,,,,,,,,,,,,,,,,,,,,,,,,,,,,,,,,,,,,,,,,,,,,,,,,,,,,,,,,,,,,,,,,,,,,,,,,,,,,,,,,,,,,,,,,,,,,,,,,,,,,,,,,,,,,,,,,,
2,3,4,473,mandi_mandi_dchb_part_b_primary_census_abstract.pdf,Mandi,,,,,,,,,,,,,,,,5,6,7,,,,,,,,,,,,,,,,,,,,,,,,,,,,1.0,,,,,,,,,,,,,,,,,,,,,,,,,,,,,,,,,,,,,,,,,,,,,,,,,,,,,,,,,,,,,,,,,,,,,,,,,,,,,,,,,,,,,,,,,,,,,,,,,
,,,473,mandi_mandi_dchb_part_b_primary_census_abstract.pdf,Mandi,,,,,,,,,,,,,,,,,,,,,,,,,,,,,,,,,,,,,,,,,,,,,,,,,,,,,,,,,,,,,,,,,,,,,,,,,,,,,,,,,,,,,,,,,,,,,,,,,,,,,,,,,,,,,,,,,,,,,,,,,,,,,,,,,,,,,,,,,,,,,,,
,,,473,mandi_mandi_dchb_part_b_primary_census_abstract.pdf,Mandi,,,,,,,,,,,,,,,,,,,,,,,,,,,,,,,,,,,,,,,,,,,,,,,,,,,,,,,,,,,,,,,,"Urban 15,943 15,743 (98.75%) 138 (0.87%) 2 (0.01%)",,,,,,,,,,,,,,,,,,,,,,,,,,,,,,,,,,,,,,,,,,,,,,,,,,,,,,,,,,,,,,,,,,,,,,,,,,,,,,,
,,"Total/
Rural/
Urban",474,mandi_mandi_dchb_part_b_primary_census_abstract.pdf,Mandi,,,,,,,,,,,,,,,,Name of Sub-District,,,,,,,,,,,,,,,,,,,,,,,,,,,,,,,,,,,,,,,having following main source of lighting,,,,,,,,,,,,,,,,,,,,,,,,,,,,,,,,,,,,,,,,,,,,,,,,,,,,,,,,,,,,,,,,,,,,,,,,,,,,,,,,,,,,,,,,
Any other,No lighting,,474,mandi_mandi_dchb_part_b_primary_census_abstract.pdf,Mandi,,,,,,,,,,,,,,,,,,,,,,,,,,,,,,,,,,,,,,,,,,,,,,,,,,,,,,,Other oil,,,,,,,,,,,,,,,,,,,,,,,,,,,,,,,,,,,,,,,,,,,,,,,,,,,,,,,,,,,,,,,,,,,,,,,,,,,,,,,,,,,,,,,,
9,10,3,474,mandi_mandi_dchb_part_b_primary_census_abstract.pdf,Mandi,,,,,,,,,,,,,,,,2,,,,,,,,,,,,,,,,,,,,,,,,,,,,,,,,,,,,,,,8,,,,,,,,,,,,,,,,,,,,,,,,,,,,,,,,,,,,,,,,,,,,,,,,,,,,,,,,,,,,,,,,,,,,,,,,,,,,,,,,,,,,,,,,
,,,474,mandi_mandi_dchb_part_b_primary_census_abstract.pdf,Mandi,,,,,,,,,,,,,,,,,,,,,,,,,,,,,,,,,,,,,,,,,,,,,,,,,,,,,,,,,,,,,,,,,,,,,,,,,,,,,,,,,,,,,,,,,,,,,,,,,,,,,,,,,,,,,,,,,,,,,,,,,,,,,,,,,,,,,,,,,,,,,,,
,,,474,mandi_mandi_dchb_part_b_primary_census_abstract.pdf,Mandi,,,,,,,,,,,,,,,,,,,,,,,,,,,,,,,,,,,,,,,,,,,,,,,,,,,,,,,,,,,,,,,,,37 (0.23%) 20 (0.13%) 3 (0.02%) Urban,,,,,,,,,,,,,,,,,,,,,,,,,,,,,,,,,,,,,,,,,,,,,,,,,,,,,,,,,,,,,,,,,,,,,,,,,,,,,,
Name of Sub-District,"Total/
Rural/
Urban","Total
number of
households",475,mandi_mandi_dchb_part_b_primary_census_abstract.pdf,Mandi,,,,,,,,,,,,,,,,Number and percentage of households,,,,,,,,,,,,,,,,,,,,,,,,,,,,,,,,,,,,,,,,,,,,,,,,,,,,,,,,,,,,,,,,,,,,,,,,,,,,,,,,,,,,,,,,,,,,,,,,,,,,,,,,,,,,,,,,,,,,,,,,,,,,,,,
,,,475,mandi_mandi_dchb_part_b_primary_census_abstract.pdf,Mandi,,,,,,,,,,,,,,,,Flush/Pour latrine,,,Pit,,,,,,,,,,,,,,,,,,,,,,,,,,,,,,,,,,,,,,,,,,,,,,,,,,,,,,,,,,,,,,,,,,,,,,,,,,,,,,,,,,,,,,,,,,,,,,,,,,,,,,,,,,,,,,,,,,,,,,,,,,,,
,,,475,mandi_mandi_dchb_part_b_primary_census_abstract.pdf,Mandi,,,,,,,,,,,,,,,,Piped sewer system,Septic tank,Other system,"With slab/Ventilated
improved pit",,,,,,,,,,,,,,,,,,,,,,,,,,,,,,,,,,,,,,,,,,,,,,,,,,,,,,,,,,,,,,,,,,,,,,,,,,,,,,,,,,,,,,,,,,,,,,,,,,,,,,,,,,,,,,,,,,,,,,,,,,,,
2,3,4,475,mandi_mandi_dchb_part_b_primary_census_abstract.pdf,Mandi,,,,,,,,,,,,,,,,5,6,7,8,,,,,,,,,,,,,,,,,,,,,,,,,,,,,,,,,,,,,,,,,,,,,,,1.0,,,,,,,,,,,,,,,,,,,,,,,,,,,,,,,,,,,,,,,,,,,,,,,,,,,,,,,,,,,,,,,,,,,,,,,,,,,,,
,,,475,mandi_mandi_dchb_part_b_primary_census_abstract.pdf,Mandi,,,,,,,,,,,,,,,,,,,,,,,,,,,,,,,,,,,,,,,,,,,,,,,,,,,,,,,,,,,,,,,,,,,(0202700124),,,,,,,,,,,,,,,,,,,,,,,,,,,,,,,,,,,,,,,,,,,,,,,,,,,,,,,,,,,,,,,,,,,,,,,,,,,,
,,,475,mandi_mandi_dchb_part_b_primary_census_abstract.pdf,Mandi,,,,,,,,,,,,,,,,,,,,,,,,,,,,,,,,,,,,,,,,,,,,,,,,,,,,,,,,,,,,,,,,,,,"Urban 1,245 246 (19.76%) 884 (71%) 4 (0.32%) 3 (0.24%)",,,,,,,,,,,,,,,,,,,,,,,,,,,,,,,,,,,,,,,,,,,,,,,,,,,,,,,,,,,,,,,,,,,,,,,,,,,,
,,,475,mandi_mandi_dchb_part_b_primary_census_abstract.pdf,Mandi,,,,,,,,,,,,,,,,,,,,,,,,,,,,,,,,,,,,,,,,,,,,,,,,,,,,,,,,,,,,,,,,,,,,(0202700126),,,,,,,,,,,,,,,,,,,,,,,,,,,,,,,,,,,,,,,,,,,,,,,,,,,,,,,,,,,,,,,,,,,,,,,,,,,
,,,475,mandi_mandi_dchb_part_b_primary_census_abstract.pdf,Mandi,,,,,,,,,,,,,,,,,,,,,,,,,,,,,,,,,,,,,,,,,,,,,,,,,,,,,,,,,,,,,,,,,,,,Urban 0 (0%) 0 (0%) 0 (0%) 0 (0%) 0 (0%),,,,,,,,,,,,,,,,,,,,,,,,,,,,,,,,,,,,,,,,,,,,,,,,,,,,,,,,,,,,,,,,,,,,,,,,,,,
,,,475,mandi_mandi_dchb_part_b_primary_census_abstract.pdf,Mandi,,,,,,,,,,,,,,,,,,,,,,,,,,,,,,,,,,,,,,,,,,,,,,,,,,,,,,,,,,,,,,,,,,,,,(0202700128),,,,,,,,,,,,,,,,,,,,,,,,,,,,,,,,,,,,,,,,,,,,,,,,,,,,,,,,,,,,,,,,,,,,,,,,,,
,,,475,mandi_mandi_dchb_part_b_primary_census_abstract.pdf,Mandi,,,,,,,,,,,,,,,,,,,,,,,,,,,,,,,,,,,,,,,,,,,,,,,,,,,,,,,,,,,,,,,,,,,,,Urban 0 (0%) 0 (0%) 0 (0%) 0 (0%) 0 (0%),,,,,,,,,,,,,,,,,,,,,,,,,,,,,,,,,,,,,,,,,,,,,,,,,,,,,,,,,,,,,,,,,,,,,,,,,,
,,,475,mandi_mandi_dchb_part_b_primary_census_abstract.pdf,Mandi,,,,,,,,,,,,,,,,,,,,,,,,,,,,,,,,,,,,,,,,,,,,,,,,,,,,,,,,,,,,,,,,,,,,,,(0202700130),,,,,,,,,,,,,,,,,,,,,,,,,,,,,,,,,,,,,,,,,,,,,,,,,,,,,,,,,,,,,,,,,,,,,,,,,
,,,475,mandi_mandi_dchb_part_b_primary_census_abstract.pdf,Mandi,,,,,,,,,,,,,,,,,,,,,,,,,,,,,,,,,,,,,,,,,,,,,,,,,,,,,,,,,,,,,,,,,,,,,,Urban 0 (0%) 0 (0%) 0 (0%) 0 (0%) 0 (0%),,,,,,,,,,,,,,,,,,,,,,,,,,,,,,,,,,,,,,,,,,,,,,,,,,,,,,,,,,,,,,,,,,,,,,,,,
,,,475,mandi_mandi_dchb_part_b_primary_census_abstract.pdf,Mandi,,,,,,,,,,,,,,,,,,,,,,,,,,,,,,,,,,,,,,,,,,,,,,,,,,,,,,,,,,,,,,,,,,,,,,,(0202700132),,,,,,,,,,,,,,,,,,,,,,,,,,,,,,,,,,,,,,,,,,,,,,,,,,,,,,,,,,,,,,,,,,,,,,,,
,,,475,mandi_mandi_dchb_part_b_primary_census_abstract.pdf,Mandi,,,,,,,,,,,,,,,,,,,,,,,,,,,,,,,,,,,,,,,,,,,,,,,,,,,,,,,,,,,,,,,,,,,,,,,"Urban 6,047 2,424 (40.09%) 2,789 (46.12%) 2 (0.03%) 14 (0.23%)",,,,,,,,,,,,,,,,,,,,,,,,,,,,,,,,,,,,,,,,,,,,,,,,,,,,,,,,,,,,,,,,,,,,,,,,
,,,475,mandi_mandi_dchb_part_b_primary_census_abstract.pdf,Mandi,,,,,,,,,,,,,,,,,,,,,,,,,,,,,,,,,,,,,,,,,,,,,,,,,,,,,,,,,,,,,,,,,,,,,,,,(0202700134),,,,,,,,,,,,,,,,,,,,,,,,,,,,,,,,,,,,,,,,,,,,,,,,,,,,,,,,,,,,,,,,,,,,,,,
,,,475,mandi_mandi_dchb_part_b_primary_census_abstract.pdf,Mandi,,,,,,,,,,,,,,,,,,,,,,,,,,,,,,,,,,,,,,,,,,,,,,,,,,,,,,,,,,,,,,,,,,,,,,,,Urban 0 (0%) 0 (0%) 0 (0%) 0 (0%) 0 (0%),,,,,,,,,,,,,,,,,,,,,,,,,,,,,,,,,,,,,,,,,,,,,,,,,,,,,,,,,,,,,,,,,,,,,,,
,,,475,mandi_mandi_dchb_part_b_primary_census_abstract.pdf,Mandi,,,,,,,,,,,,,,,,,,,,,,,,,,,,,,,,,,,,,,,,,,,,,,,,,,,,,,,,,,,,,,,,,,,,,,,,,(0202700136),,,,,,,,,,,,,,,,,,,,,,,,,,,,,,,,,,,,,,,,,,,,,,,,,,,,,,,,,,,,,,,,,,,,,,
,,,475,mandi_mandi_dchb_part_b_primary_census_abstract.pdf,Mandi,,,,,,,,,,,,,,,,,,,,,,,,,,,,,,,,,,,,,,,,,,,,,,,,,,,,,,,,,,,,,,,,,,,,,,,,,Urban 0 (0%) 0 (0%) 0 (0%) 0 (0%) 0 (0%),,,,,,,,,,,,,,,,,,,,,,,,,,,,,,,,,,,,,,,,,,,,,,,,,,,,,,,,,,,,,,,,,,,,,,
,,,476,mandi_mandi_dchb_part_b_primary_census_abstract.pdf,Mandi,,,,,,,,,,,,,,,,,,"Total/
Rural/
Urban",Name of Sub-District,,,,,,,,,,,,,,,,,,,,,,,,,,,,,,,,,,,,,,,,,,,,,,,,,,,,,,,having following type of latrine facility,,,,,,,,,,,,,,,,,,,,,,,,,,,,,,,,,,,,,,,,,,,,,,,,,,,,,,,,,,,,,,,,,,,,,
"Night Soil
disposed into
open drain",Service Latrine,,476,mandi_mandi_dchb_part_b_primary_census_abstract.pdf,Mandi,,,,,,,,,,,,,,,,No latrine within premises,,,,,,,,,,,,,,,,,,,,,,,,,,,,,,,,,,,,,,,,,,,,,,,,,,,,,,,,,,Latrine,,,,,,,,,,,,,,,,,,,,,,,,,,,,,,,,,,,,,,,,,,,,,,,,,,,,,,,,,,,,,,,,,,,,,
,"Night soil
removed by
human","Night soil
serviced by
animals",476,mandi_mandi_dchb_part_b_primary_census_abstract.pdf,Mandi,,,,,,,,,,,,,,,,Public Latrine,Open,,,,,,,,,,,,,,,,,,,,,,,,,,,,,,,,,,,,,,,,,,,,,,,,,,,,,,,,,"Without
slab/open pit",,,,,,,,,,,,,,,,,,,,,,,,,,,,,,,,,,,,,,,,,,,,,,,,,,,,,,,,,,,,,,,,,,,,,
10,11,12,476,mandi_mandi_dchb_part_b_primary_census_abstract.pdf,Mandi,,,,,,,,,,,,,,,,13,14,3,2,,,,,,,,,,,,,,,,,,,,,,,,,,,,,,,,,,,,,,,,,,,,,,,,,,,,,,,9,,,,,,,,,,,,,,,,,,,,,,,,,,,,,,,,,,,,,,,,,,,,,,,,,,,,,,,,,,,,,,,,,,,,,
(0202700124),,,476,mandi_mandi_dchb_part_b_primary_census_abstract.pdf,Mandi,,,,,,,,,,,,,,,,,,,,,,,,,,,,,,,,,,,,,,,,,,,,,,,,,,,,,,,,,,,,,,,,,,,,,,,,,,,,,,,,,,,,,,,,,,,,,,,,,,,,,,,,,,,,,,,,,,,,,,,,,,,,,,,,,,,,,,,,,,,,,,,
,,,476,mandi_mandi_dchb_part_b_primary_census_abstract.pdf,Mandi,,,,,,,,,,,,,,,,,,,,,,,,,,,,,,,,,,,,,,,,,,,,,,,,,,,,,,,,,,,,,,,,,,,,,,,,,,,0 (0%) 0 (0%) 0 (0%) 0 (0%) 12 (0.96%) 96 (7.71%) Urban,,,,,,,,,,,,,,,,,,,,,,,,,,,,,,,,,,,,,,,,,,,,,,,,,,,,,,,,,,,,,,,,,,,,
(0202700126),,,476,mandi_mandi_dchb_part_b_primary_census_abstract.pdf,Mandi,,,,,,,,,,,,,,,,,,,,,,,,,,,,,,,,,,,,,,,,,,,,,,,,,,,,,,,,,,,,,,,,,,,,,,,,,,,,,,,,,,,,,,,,,,,,,,,,,,,,,,,,,,,,,,,,,,,,,,,,,,,,,,,,,,,,,,,,,,,,,,,
,,,476,mandi_mandi_dchb_part_b_primary_census_abstract.pdf,Mandi,,,,,,,,,,,,,,,,,,,,,,,,,,,,,,,,,,,,,,,,,,,,,,,,,,,,,,,,,,,,,,,,,,,,,,,,,,,,0 (0%) 0 (0%) 0 (0%) 0 (0%) 0 (0%) 0 (0%) Urban,,,,,,,,,,,,,,,,,,,,,,,,,,,,,,,,,,,,,,,,,,,,,,,,,,,,,,,,,,,,,,,,,,,
(0202700128),,,476,mandi_mandi_dchb_part_b_primary_census_abstract.pdf,Mandi,,,,,,,,,,,,,,,,,,,,,,,,,,,,,,,,,,,,,,,,,,,,,,,,,,,,,,,,,,,,,,,,,,,,,,,,,,,,,,,,,,,,,,,,,,,,,,,,,,,,,,,,,,,,,,,,,,,,,,,,,,,,,,,,,,,,,,,,,,,,,,,
,,,476,mandi_mandi_dchb_part_b_primary_census_abstract.pdf,Mandi,,,,,,,,,,,,,,,,,,,,,,,,,,,,,,,,,,,,,,,,,,,,,,,,,,,,,,,,,,,,,,,,,,,,,,,,,,,,,0 (0%) 0 (0%) 0 (0%) 0 (0%) 0 (0%) 0 (0%) Urban,,,,,,,,,,,,,,,,,,,,,,,,,,,,,,,,,,,,,,,,,,,,,,,,,,,,,,,,,,,,,,,,,,
(0202700130),,,476,mandi_mandi_dchb_part_b_primary_census_abstract.pdf,Mandi,,,,,,,,,,,,,,,,,,,,,,,,,,,,,,,,,,,,,,,,,,,,,,,,,,,,,,,,,,,,,,,,,,,,,,,,,,,,,,,,,,,,,,,,,,,,,,,,,,,,,,,,,,,,,,,,,,,,,,,,,,,,,,,,,,,,,,,,,,,,,,,
,,,476,mandi_mandi_dchb_part_b_primary_census_abstract.pdf,Mandi,,,,,,,,,,,,,,,,,,,,,,,,,,,,,,,,,,,,,,,,,,,,,,,,,,,,,,,,,,,,,,,,,,,,,,,,,,,,,,0 (0%) 0 (0%) 0 (0%) 0 (0%) 0 (0%) 0 (0%) Urban,,,,,,,,,,,,,,,,,,,,,,,,,,,,,,,,,,,,,,,,,,,,,,,,,,,,,,,,,,,,,,,,,
(0202700132),,,476,mandi_mandi_dchb_part_b_primary_census_abstract.pdf,Mandi,,,,,,,,,,,,,,,,,,,,,,,,,,,,,,,,,,,,,,,,,,,,,,,,,,,,,,,,,,,,,,,,,,,,,,,,,,,,,,,,,,,,,,,,,,,,,,,,,,,,,,,,,,,,,,,,,,,,,,,,,,,,,,,,,,,,,,,,,,,,,,,
,,,476,mandi_mandi_dchb_part_b_primary_census_abstract.pdf,Mandi,,,,,,,,,,,,,,,,,,,,,,,,,,,,,,,,,,,,,,,,,,,,,,,,,,,,,,,,,,,,,,,,,,,,,,,,,,,,,,,0 (0%) 1 (0.02%) 0 (0%) 79 (1.31%) 402 (6.65%) 336 (5.56%) Urban,,,,,,,,,,,,,,,,,,,,,,,,,,,,,,,,,,,,,,,,,,,,,,,,,,,,,,,,,,,,,,,,
(0202700134),,,476,mandi_mandi_dchb_part_b_primary_census_abstract.pdf,Mandi,,,,,,,,,,,,,,,,,,,,,,,,,,,,,,,,,,,,,,,,,,,,,,,,,,,,,,,,,,,,,,,,,,,,,,,,,,,,,,,,,,,,,,,,,,,,,,,,,,,,,,,,,,,,,,,,,,,,,,,,,,,,,,,,,,,,,,,,,,,,,,,
,,,476,mandi_mandi_dchb_part_b_primary_census_abstract.pdf,Mandi,,,,,,,,,,,,,,,,,,,,,,,,,,,,,,,,,,,,,,,,,,,,,,,,,,,,,,,,,,,,,,,,,,,,,,,,,,,,,,,,0 (0%) 0 (0%) 0 (0%) 0 (0%) 0 (0%) 0 (0%) Urban,,,,,,,,,,,,,,,,,,,,,,,,,,,,,,,,,,,,,,,,,,,,,,,,,,,,,,,,,,,,,,,
(0202700136),,,476,mandi_mandi_dchb_part_b_primary_census_abstract.pdf,Mandi,,,,,,,,,,,,,,,,,,,,,,,,,,,,,,,,,,,,,,,,,,,,,,,,,,,,,,,,,,,,,,,,,,,,,,,,,,,,,,,,,,,,,,,,,,,,,,,,,,,,,,,,,,,,,,,,,,,,,,,,,,,,,,,,,,,,,,,,,,,,,,,
,,,476,mandi_mandi_dchb_part_b_primary_census_abstract.pdf,Mandi,,,,,,,,,,,,,,,,,,,,,,,,,,,,,,,,,,,,,,,,,,,,,,,,,,,,,,,,,,,,,,,,,,,,,,,,,,,,,,,,,0 (0%) 0 (0%) 0 (0%) 0 (0%) 0 (0%) 0 (0%) Urban,,,,,,,,,,,,,,,,,,,,,,,,,,,,,,,,,,,,,,,,,,,,,,,,,,,,,,,,,,,,,,
Name of Sub-District,"Total/
Rural/
Urban","Total
number of
households",477,mandi_mandi_dchb_part_b_primary_census_abstract.pdf,Mandi,,,,,,,,,,,,,,,,Number and percentage of households,,,,,,,,,,,,,,,,,,,,,,,,,,,,,,,,,,,,,,,,,,,,,,,,,,,,,,,,,,,,,,,,,,,,,,,,,,,,,,,,,,,,,,,,,,,,,,,,,,,,,,,,,,,,,,,,,,,,,,,,,,,,,,,
,,,477,mandi_mandi_dchb_part_b_primary_census_abstract.pdf,Mandi,,,,,,,,,,,,,,,,Flush/Pour latrine,,,Pit,,,,,,,,,,,,,,,,,,,,,,,,,,,,,,,,,,,,,,,,,,,,,,,,,,,,,,,,,,,,,,,,,,,,,,,,,,,,,,,,,,,,,,,,,,,,,,,,,,,,,,,,,,,,,,,,,,,,,,,,,,,,
,,,477,mandi_mandi_dchb_part_b_primary_census_abstract.pdf,Mandi,,,,,,,,,,,,,,,,Piped sewer system,Septic tank,Other system,"With slab/Ventilated
improved pit",,,,,,,,,,,,,,,,,,,,,,,,,,,,,,,,,,,,,,,,,,,,,,,,,,,,,,,,,,,,,,,,,,,,,,,,,,,,,,,,,,,,,,,,,,,,,,,,,,,,,,,,,,,,,,,,,,,,,,,,,,,,
2,3,4,477,mandi_mandi_dchb_part_b_primary_census_abstract.pdf,Mandi,,,,,,,,,,,,,,,,5,6,7,8,,,,,,,,,,,,,,,,,,,,,,,,,,,,,,,,,,,,,,,,,,,,,,,1.0,,,,,,,,,,,,,,,,,,,,,,,,,,,,,,,,,,,,,,,,,,,,,,,,,,,,,,,,,,,,,,,,,,,,,,,,,,,,,
"Sub-District - Nihri Total 6,888 93 (1.35%) 3,081 (44.73%) 132 (1.92%) 1,475 (21.41%)",,,477,mandi_mandi_dchb_part_b_primary_census_abstract.pdf,Mandi,,,,,,,,,,,,,,,,,,,,,,,,,,,,,,,,,,,,,,,,,,,,,,,,,,,,,,,,,,,,,,,,,,,,,,,,,,,,,,,,,,,,,,,,,,,,,,,,,,,,,,,,,,,,,,,,,,,,,,,,,,,,,,,,,,,,,,,,,,,,,,,
(0202700138),,,477,mandi_mandi_dchb_part_b_primary_census_abstract.pdf,Mandi,,,,,,,,,,,,,,,,,,,,,,,,,,,,,,,,,,,,,,,,,,,,,,,,,,,,,,,,,,,,,,,,,,,,,,,,,,,,,,,,,,,,,,,,,,,,,,,,,,,,,,,,,,,,,,,,,,,,,,,,,,,,,,,,,,,,,,,,,,,,,,,
Urban 0 (0%) 0 (0%) 0 (0%) 0 (0%) 0 (0%),,,477,mandi_mandi_dchb_part_b_primary_census_abstract.pdf,Mandi,,,,,,,,,,,,,,,,,,,,,,,,,,,,,,,,,,,,,,,,,,,,,,,,,,,,,,,,,,,,,,,,,,,,,,,,,,,,,,,,,,,,,,,,,,,,,,,,,,,,,,,,,,,,,,,,,,,,,,,,,,,,,,,,,,,,,,,,,,,,,,,
,,,477,mandi_mandi_dchb_part_b_primary_census_abstract.pdf,Mandi,,,,,,,,,,,,,,,,,,,,,,,,,,,,,,,,,,,,,,,,,,,,,,,,,,,,,,,,,,,,,,,,,,,,,,,,,,,,,,,,,,,,,,,,,,,,,,,,,,,,,,,,,,,,,,,,,,,,,,,,,,,,,,,,,,,,,,,,,,,,,,,
,,,477,mandi_mandi_dchb_part_b_primary_census_abstract.pdf,Mandi,,,,,,,,,,,,,,,,,,,,,,,,,,,,,,,,,,,,,,,,,,,,,,,,,,,,,,,,,,,,,,,,,,,,,,,,,,,,,,,,,,"Urban 15,943 8,662 (54.33%) 5,841 (36.64%) 41 (0.26%) 35 (0.22%)",,,,,,,,,,,,,,,,,,,,,,,,,,,,,,,,,,,,,,,,,,,,,,,,,,,,,,,,,,,,,
,,,478,mandi_mandi_dchb_part_b_primary_census_abstract.pdf,Mandi,,,,,,,,,,,,,,,,,,"Total/
Rural/
Urban",Name of Sub-District,,,,,,,,,,,,,,,,,,,,,,,,,,,,,,,,,,,,,,,,,,,,,,,,,,,,,,,having following type of latrine facility,,,,,,,,,,,,,,,,,,,,,,,,,,,,,,,,,,,,,,,,,,,,,,,,,,,,,,,,,,,,,,,,,,,,,
"Night Soil
disposed into
open drain",Service Latrine,,478,mandi_mandi_dchb_part_b_primary_census_abstract.pdf,Mandi,,,,,,,,,,,,,,,,No latrine within premises,,,,,,,,,,,,,,,,,,,,,,,,,,,,,,,,,,,,,,,,,,,,,,,,,,,,,,,,,,Latrine,,,,,,,,,,,,,,,,,,,,,,,,,,,,,,,,,,,,,,,,,,,,,,,,,,,,,,,,,,,,,,,,,,,,,
,"Night soil
removed by
human","Night soil
serviced by
animals",478,mandi_mandi_dchb_part_b_primary_census_abstract.pdf,Mandi,,,,,,,,,,,,,,,,Public Latrine,Open,,,,,,,,,,,,,,,,,,,,,,,,,,,,,,,,,,,,,,,,,,,,,,,,,,,,,,,,,"Without
slab/open pit",,,,,,,,,,,,,,,,,,,,,,,,,,,,,,,,,,,,,,,,,,,,,,,,,,,,,,,,,,,,,,,,,,,,,
10,11,12,478,mandi_mandi_dchb_part_b_primary_census_abstract.pdf,Mandi,,,,,,,,,,,,,,,,13,14,3,2,,,,,,,,,,,,,,,,,,,,,,,,,,,,,,,,,,,,,,,,,,,,,,,,,,,,,,,9,,,,,,,,,,,,,,,,,,,,,,,,,,,,,,,,,,,,,,,,,,,,,,,,,,,,,,,,,,,,,,,,,,,,,
,,,478,mandi_mandi_dchb_part_b_primary_census_abstract.pdf,Mandi,,,,,,,,,,,,,,,,,,,,,,,,,,,,,,,,,,,,,,,,,,,,,,,,,,,,,,,,,,,,,,,,,,,,,,,,,,"127 (1.84%) 4 (0.06%) 0 (0%) 0 (0%) 51 (0.74%) 1,925 (27.95%) Total Sub-District - Nihri",,,,,,,,,,,,,,,,,,,,,,,,,,,,,,,,,,,,,,,,,,,,,,,,,,,,,,,,,,,,,,,,,,,,,
,,,478,mandi_mandi_dchb_part_b_primary_census_abstract.pdf,Mandi,,,,,,,,,,,,,,,,,,,(0202700138),,,,,,,,,,,,,,,,,,,,,,,,,,,,,,,,,,,,,,,,,,,,,,,,,,,,,,,,,,,,,,,,,,,,,,,,,,,,,,,,,,,,,,,,,,,,,,,,,,,,,,,,,,,,,,,,,,,,,,,,,,,,
,,,478,mandi_mandi_dchb_part_b_primary_census_abstract.pdf,Mandi,,,,,,,,,,,,,,,,,,,,,,,,,,,,,,,,,,,,,,,,,,,,,,,,,,,,,,,,,,,,,,,,,,,,,,,,,,0 (0%) 0 (0%) 0 (0%) 0 (0%) 0 (0%) 0 (0%) Urban,,,,,,,,,,,,,,,,,,,,,,,,,,,,,,,,,,,,,,,,,,,,,,,,,,,,,,,,,,,,,,,,,,,,,
,,,478,mandi_mandi_dchb_part_b_primary_census_abstract.pdf,Mandi,,,,,,,,,,,,,,,,,,,,,,,,,,,,,,,,,,,,,,,,,,,,,,,,,,,,,,,,,,,,,,,,,,,,,,,,,,,,,,,,,,,,,,,,,,,,,,,,,,,,,,,,,,,,,,,,,,,,,,,,,,,,,,,,,,,,,,,,,,,,,,,
,,,478,mandi_mandi_dchb_part_b_primary_census_abstract.pdf,Mandi,,,,,,,,,,,,,,,,,,,,,,,,,,,,,,,,,,,,,,,,,,,,,,,,,,,,,,,,,,,,,,,,,,,,,,,,,,,,,,,,,,,2 (0.01%) 2 (0.01%) 0 (0%) 79 (0.5%) 598 (3.75%) 683 (4.28%) Urban,,,,,,,,,,,,,,,,,,,,,,,,,,,,,,,,,,,,,,,,,,,,,,,,,,,,,,,,,,,,
Name of Sub-District,"Total/
Rural/
Urban","Total
number of
households",479,mandi_mandi_dchb_part_b_primary_census_abstract.pdf,Mandi,,,,,,,,,,,,,,,,"Number and Percentage of households by type of
drainage connectivity for waste water outlet",,,,,,,,,,,,,,,,,,,,,,,,,,,,,,,,,,,,,,,,,,,,,,,,,,,,,,,,,,,,,,,,,,,,,,,,,,,,,,,,,,,,,,,,,,,,,,,,,,,,,,,,,,,,,,,,,,,,,,,,,,,,,,,
,,,479,mandi_mandi_dchb_part_b_primary_census_abstract.pdf,Mandi,,,,,,,,,,,,,,,,Closed drainage,Open drainage,No drainage,,,,,,,,,,,,,,,,,,,,,,,,,,,,,,,,,,,,,,,,,,,,,,,,,,,,,,,,,,,,,,,,,,,,,,,,,,,,,,,,,,,,,,,,,,,,,,,,,,,,,,,,,,,,,,,,,,,,,,,,,,,,,
2,3,4,479,mandi_mandi_dchb_part_b_primary_census_abstract.pdf,Mandi,,,,,,,,,,,,,,,,5,6,7,,,,,,,,,,,,,,,,,,,,,,,,,,,,,,,,,,,,,,,,,,,,,,,,,,,,,,,,,,,,,,,,,,1.0,,,,,,,,,,,,,,,,,,,,,,,,,,,,,,,,,,,,,,,,,,,,,,,,,,,,,,,,,,,
,,,479,mandi_mandi_dchb_part_b_primary_census_abstract.pdf,Mandi,,,,,,,,,,,,,,,,,,,,,,,,,,,,,,,,,,,,,,,,,,,,,,,,,,,,,,,,,,,,,,,,,,,,,,,,,,,,,,,,,,,,,Sub-District - Jogindarnagar (0202700124),,,,,,,,,,,,,,,,,,,,,,,,,,,,,,,,,,,,,,,,,,,,,,,,,,,,,,,,,,
,,,479,mandi_mandi_dchb_part_b_primary_census_abstract.pdf,Mandi,,,,,,,,,,,,,,,,,,,,,,,,,,,,,,,,,,,,,,,,,,,,,,,,,,,,,,,,,,,,,,,,,,,,,,,,,,,,,,,,,,,,,"Urban 1,245 700 (56.22%) 368 (29.56%) 177 (14.22%)",,,,,,,,,,,,,,,,,,,,,,,,,,,,,,,,,,,,,,,,,,,,,,,,,,,,,,,,,,
,,,479,mandi_mandi_dchb_part_b_primary_census_abstract.pdf,Mandi,,,,,,,,,,,,,,,,,,,,,,,,,,,,,,,,,,,,,,,,,,,,,,,,,,,,,,,,,,,,,,,,,,,,,,,,,,,,,,,,,,,,,,Sub-District - Sandhol (0202700126),,,,,,,,,,,,,,,,,,,,,,,,,,,,,,,,,,,,,,,,,,,,,,,,,,,,,,,,,
,,,479,mandi_mandi_dchb_part_b_primary_census_abstract.pdf,Mandi,,,,,,,,,,,,,,,,,,,,,,,,,,,,,,,,,,,,,,,,,,,,,,,,,,,,,,,,,,,,,,,,,,,,,,,,,,,,,,,,,,,,,,Urban 0 0 (0%) 0 (0%) 0 (0%),,,,,,,,,,,,,,,,,,,,,,,,,,,,,,,,,,,,,,,,,,,,,,,,,,,,,,,,,
,,,479,mandi_mandi_dchb_part_b_primary_census_abstract.pdf,Mandi,,,,,,,,,,,,,,,,,,,,,,,,,,,,,,,,,,,,,,,,,,,,,,,,,,,,,,,,,,,,,,,,,,,,,,,,,,,,,,,,,,,,,,,Sub-District - Kotli (0202700128),,,,,,,,,,,,,,,,,,,,,,,,,,,,,,,,,,,,,,,,,,,,,,,,,,,,,,,,
,,,479,mandi_mandi_dchb_part_b_primary_census_abstract.pdf,Mandi,,,,,,,,,,,,,,,,,,,,,,,,,,,,,,,,,,,,,,,,,,,,,,,,,,,,,,,,,,,,,,,,,,,,,,,,,,,,,,,,,,,,,,,Urban 0 0 (0%) 0 (0%) 0 (0%),,,,,,,,,,,,,,,,,,,,,,,,,,,,,,,,,,,,,,,,,,,,,,,,,,,,,,,,
,,,479,mandi_mandi_dchb_part_b_primary_census_abstract.pdf,Mandi,,,,,,,,,,,,,,,,,,,,,,,,,,,,,,,,,,,,,,,,,,,,,,,,,,,,,,,,,,,,,,,,,,,,,,,,,,,,,,,,,,,,,,,,Sub-District - Bhadrota (0202700130),,,,,,,,,,,,,,,,,,,,,,,,,,,,,,,,,,,,,,,,,,,,,,,,,,,,,,,
,,,479,mandi_mandi_dchb_part_b_primary_census_abstract.pdf,Mandi,,,,,,,,,,,,,,,,,,,,,,,,,,,,,,,,,,,,,,,,,,,,,,,,,,,,,,,,,,,,,,,,,,,,,,,,,,,,,,,,,,,,,,,,Urban 0 0 (0%) 0 (0%) 0 (0%),,,,,,,,,,,,,,,,,,,,,,,,,,,,,,,,,,,,,,,,,,,,,,,,,,,,,,,
,,,479,mandi_mandi_dchb_part_b_primary_census_abstract.pdf,Mandi,,,,,,,,,,,,,,,,,,,,,,,,,,,,,,,,,,,,,,,,,,,,,,,,,,,,,,,,,,,,,,,,,,,,,,,,,,,,,,,,,,,,,,,,,Sub-District - Sundarnagar (0202700132),,,,,,,,,,,,,,,,,,,,,,,,,,,,,,,,,,,,,,,,,,,,,,,,,,,,,,
,,,479,mandi_mandi_dchb_part_b_primary_census_abstract.pdf,Mandi,,,,,,,,,,,,,,,,,,,,,,,,,,,,,,,,,,,,,,,,,,,,,,,,,,,,,,,,,,,,,,,,,,,,,,,,,,,,,,,,,,,,,,,,,"Urban 6,047 4,576 (75.67%) 938 (15.51%) 533 (8.81%)",,,,,,,,,,,,,,,,,,,,,,,,,,,,,,,,,,,,,,,,,,,,,,,,,,,,,,
,,,479,mandi_mandi_dchb_part_b_primary_census_abstract.pdf,Mandi,,,,,,,,,,,,,,,,,,,,,,,,,,,,,,,,,,,,,,,,,,,,,,,,,,,,,,,,,,,,,,,,,,,,,,,,,,,,,,,,,,,,,,,,,,Sub-District - Aut (0202700134),,,,,,,,,,,,,,,,,,,,,,,,,,,,,,,,,,,,,,,,,,,,,,,,,,,,,
,,,479,mandi_mandi_dchb_part_b_primary_census_abstract.pdf,Mandi,,,,,,,,,,,,,,,,,,,,,,,,,,,,,,,,,,,,,,,,,,,,,,,,,,,,,,,,,,,,,,,,,,,,,,,,,,,,,,,,,,,,,,,,,,Urban 0 0 (0%) 0 (0%) 0 (0%),,,,,,,,,,,,,,,,,,,,,,,,,,,,,,,,,,,,,,,,,,,,,,,,,,,,,
,,,479,mandi_mandi_dchb_part_b_primary_census_abstract.pdf,Mandi,,,,,,,,,,,,,,,,,,,,,,,,,,,,,,,,,,,,,,,,,,,,,,,,,,,,,,,,,,,,,,,,,,,,,,,,,,,,,,,,,,,,,,,,,,,Sub-District - Thunag (0202700136),,,,,,,,,,,,,,,,,,,,,,,,,,,,,,,,,,,,,,,,,,,,,,,,,,,,
,,,479,mandi_mandi_dchb_part_b_primary_census_abstract.pdf,Mandi,,,,,,,,,,,,,,,,,,,,,,,,,,,,,,,,,,,,,,,,,,,,,,,,,,,,,,,,,,,,,,,,,,,,,,,,,,,,,,,,,,,,,,,,,,,Urban 0 0 (0%) 0 (0%) 0 (0%),,,,,,,,,,,,,,,,,,,,,,,,,,,,,,,,,,,,,,,,,,,,,,,,,,,,
,,,479,mandi_mandi_dchb_part_b_primary_census_abstract.pdf,Mandi,,,,,,,,,,,,,,,,,,,,,,,,,,,,,,,,,,,,,,,,,,,,,,,,,,,,,,,,,,,,,,,,,,,,,,,,,,,,,,,,,,,,,,,,,,,,Sub-District - Nihri (0202700138),,,,,,,,,,,,,,,,,,,,,,,,,,,,,,,,,,,,,,,,,,,,,,,,,,,
,,,479,mandi_mandi_dchb_part_b_primary_census_abstract.pdf,Mandi,,,,,,,,,,,,,,,,,,,,,,,,,,,,,,,,,,,,,,,,,,,,,,,,,,,,,,,,,,,,,,,,,,,,,,,,,,,,,,,,,,,,,,,,,,,,Urban 0 0 (0%) 0 (0%) 0 (0%),,,,,,,,,,,,,,,,,,,,,,,,,,,,,,,,,,,,,,,,,,,,,,,,,,,
Name of Sub-District,"Total/
Rural/
Urban","Total
number of
households",480,mandi_mandi_dchb_part_b_primary_census_abstract.pdf,Mandi,,,,,,,,,,,,,,,,"Number and Percentage of households by type of
drainage connectivity for waste water outlet",,,,,,,,,,,,,,,,,,,,,,,,,,,,,,,,,,,,,,,,,,,,,,,,,,,,,,,,,,,,,,,,,,,,,,,,,,,,,,,,,,,,,,,,,,,,,,,,,,,,,,,,,,,,,,,,,,,,,,,,,,,,,,,
,,,480,mandi_mandi_dchb_part_b_primary_census_abstract.pdf,Mandi,,,,,,,,,,,,,,,,Closed drainage,Open drainage,No drainage,,,,,,,,,,,,,,,,,,,,,,,,,,,,,,,,,,,,,,,,,,,,,,,,,,,,,,,,,,,,,,,,,,,,,,,,,,,,,,,,,,,,,,,,,,,,,,,,,,,,,,,,,,,,,,,,,,,,,,,,,,,,,
2,3,4,480,mandi_mandi_dchb_part_b_primary_census_abstract.pdf,Mandi,,,,,,,,,,,,,,,,5,6,7,,,,,,,,,,,,,,,,,,,,,,,,,,,,,,,,,,,,,,,,,,,,,,,,,,,,,,,,,,,,,,,,,,1.0,,,,,,,,,,,,,,,,,,,,,,,,,,,,,,,,,,,,,,,,,,,,,,,,,,,,,,,,,,,
,,,480,mandi_mandi_dchb_part_b_primary_census_abstract.pdf,Mandi,,,,,,,,,,,,,,,,,,,,,,,,,,,,,,,,,,,,,,,,,,,,,,,,,,,,,,,,,,,,,,,,,,,,,,,,,,,,,,,,,,,,,,,,,,,,,District - Mandi (02027),,,,,,,,,,,,,,,,,,,,,,,,,,,,,,,,,,,,,,,,,,,,,,,,,,
,,,480,mandi_mandi_dchb_part_b_primary_census_abstract.pdf,Mandi,,,,,,,,,,,,,,,,,,,,,,,,,,,,,,,,,,,,,,,,,,,,,,,,,,,,,,,,,,,,,,,,,,,,,,,,,,,,,,,,,,,,,,,,,,,,,"Urban 15,943 11,940 (74.89%) 2,861 (17.95%) 1,142 (7.16%)",,,,,,,,,,,,,,,,,,,,,,,,,,,,,,,,,,,,,,,,,,,,,,,,,,
"Name of Sub-
District","Total/
Rural/
Urban","Total
number of
households",481,mandi_mandi_dchb_part_b_primary_census_abstract.pdf,Mandi,,,,,,,,,,,,,,,,Number and Percentage of households having kitchen,,,,,,,,,,,,,,,,,,,,,,,,,,,,,,,,,,,,,,,,,,,,,,,,,,,,,,,,,,,,,,,,,,,,,,,,,,,,,,,,,,,,,,,,,,,,,,,,,,,,,,,,,,,,,,,,,,,,,,,,,,,,,,,
,,,481,mandi_mandi_dchb_part_b_primary_census_abstract.pdf,Mandi,,,,,,,,,,,,,,,,Cooking inside house,,Cooking outside house,,No cooking,,,,,,,,,,,,,,,,,,,,,,,,,,,,,,,,,,,,,,,,,,,,,,,,,,,,,,,,,,,,,,,,,,,,,,,,,,,,,,,,,,,,,,,,,,,,,,,,,,,,,,,,,,,,,,,,,,,,,,,,,,,
,,,481,mandi_mandi_dchb_part_b_primary_census_abstract.pdf,Mandi,,,,,,,,,,,,,,,,Has kitchen,"Does not have
kitchen",Has kitchen,"Does not have
kitchen",,,,,,,,,,,,,,,,,,,,,,,,,,,,,,,,,,,,,,,,,,,,,,,,,,,,,,,,,,,,,,,,,,,,,,,,,,,,,,,,,,,,,,,,,,,,,,,,,,,,,,,,,,,,,,,,,,,,,,,,,,,,
2,3,4,481,mandi_mandi_dchb_part_b_primary_census_abstract.pdf,Mandi,,,,,,,,,,,,,,,,5,6,7,8,9,,,,,,,,,,,,,,,,,,,,,,,,,,,,,,,,,,,,,,,,,,,,,,,,,,,,,,,,,,,,,,,,,,,,,,,,,,1.0,,,,,,,,,,,,,,,,,,,,,,,,,,,,,,,,,,,,,,,,,,,,,,,,,
,,,481,mandi_mandi_dchb_part_b_primary_census_abstract.pdf,Mandi,,,,,,,,,,,,,,,,,,,,,,,,,,,,,,,,,,,,,,,,,,,,,,,,,,,,,,,,,,,,,,,,,,,,,,,,,,,,,,,,,,,,,,,,,,,,,,,Jogindarnagar,,,,,,,,,,,,,,,,,,,,,,,,,,,,,,,,,,,,,,,,,,,,,,,,
,,,481,mandi_mandi_dchb_part_b_primary_census_abstract.pdf,Mandi,,,,,,,,,,,,,,,,,,,,,,,,,,,,,,,,,,,,,,,,,,,,,,,,,,,,,,,,,,,,,,,,,,,,,,,,,,,,,,,,,,,,,,,,,,,,,,,"(0202700124)
Urban 1,245 1,187 (95.34%) 37 (2.97%) 6 (0.48%) 11 (0.88%) 4 (0.32%)",,,,,,,,,,,,,,,,,,,,,,,,,,,,,,,,,,,,,,,,,,,,,,,,
,,,481,mandi_mandi_dchb_part_b_primary_census_abstract.pdf,Mandi,,,,,,,,,,,,,,,,,,,,,,,,,,,,,,,,,,,,,,,,,,,,,,,,,,,,,,,,,,,,,,,,,,,,,,,,,,,,,,,,,,,,,,,,,,,,,,,,Sandhol,,,,,,,,,,,,,,,,,,,,,,,,,,,,,,,,,,,,,,,,,,,,,,,
,,,481,mandi_mandi_dchb_part_b_primary_census_abstract.pdf,Mandi,,,,,,,,,,,,,,,,,,,,,,,,,,,,,,,,,,,,,,,,,,,,,,,,,,,,,,,,,,,,,,,,,,,,,,,,,,,,,,,,,,,,,,,,,,,,,,,,"(0202700126)
Urban 0 0 (0%) 0 (0%) 0 (0%) 0 (0%) 0 (0%)",,,,,,,,,,,,,,,,,,,,,,,,,,,,,,,,,,,,,,,,,,,,,,,
,,,481,mandi_mandi_dchb_part_b_primary_census_abstract.pdf,Mandi,,,,,,,,,,,,,,,,,,,,,,,,,,,,,,,,,,,,,,,,,,,,,,,,,,,,,,,,,,,,,,,,,,,,,,,,,,,,,,,,,,,,,,,,,,,,,,,,,(0202700128),,,,,,,,,,,,,,,,,,,,,,,,,,,,,,,,,,,,,,,,,,,,,,
,,,481,mandi_mandi_dchb_part_b_primary_census_abstract.pdf,Mandi,,,,,,,,,,,,,,,,,,,,,,,,,,,,,,,,,,,,,,,,,,,,,,,,,,,,,,,,,,,,,,,,,,,,,,,,,,,,,,,,,,,,,,,,,,,,,,,,,Urban 0 0 (0%) 0 (0%) 0 (0%) 0 (0%) 0 (0%),,,,,,,,,,,,,,,,,,,,,,,,,,,,,,,,,,,,,,,,,,,,,,
,,,481,mandi_mandi_dchb_part_b_primary_census_abstract.pdf,Mandi,,,,,,,,,,,,,,,,,,,,,,,,,,,,,,,,,,,,,,,,,,,,,,,,,,,,,,,,,,,,,,,,,,,,,,,,,,,,,,,,,,,,,,,,,,,,,,,,,,Bhadrota,,,,,,,,,,,,,,,,,,,,,,,,,,,,,,,,,,,,,,,,,,,,,
,,,481,mandi_mandi_dchb_part_b_primary_census_abstract.pdf,Mandi,,,,,,,,,,,,,,,,,,,,,,,,,,,,,,,,,,,,,,,,,,,,,,,,,,,,,,,,,,,,,,,,,,,,,,,,,,,,,,,,,,,,,,,,,,,,,,,,,,"(0202700130)
Urban 0 0 (0%) 0 (0%) 0 (0%) 0 (0%) 0 (0%)",,,,,,,,,,,,,,,,,,,,,,,,,,,,,,,,,,,,,,,,,,,,,
,,,481,mandi_mandi_dchb_part_b_primary_census_abstract.pdf,Mandi,,,,,,,,,,,,,,,,,,,,,,,,,,,,,,,,,,,,,,,,,,,,,,,,,,,,,,,,,,,,,,,,,,,,,,,,,,,,,,,,,,,,,,,,,,,,,,,,,,,Sundarnagar,,,,,,,,,,,,,,,,,,,,,,,,,,,,,,,,,,,,,,,,,,,,
,,,481,mandi_mandi_dchb_part_b_primary_census_abstract.pdf,Mandi,,,,,,,,,,,,,,,,,,,,,,,,,,,,,,,,,,,,,,,,,,,,,,,,,,,,,,,,,,,,,,,,,,,,,,,,,,,,,,,,,,,,,,,,,,,,,,,,,,,"(0202700132)
Urban 6,047 5,602 (92.64%) 216 (3.57%) 171 (2.83%) 42 (0.69%) 16 (0.26%)",,,,,,,,,,,,,,,,,,,,,,,,,,,,,,,,,,,,,,,,,,,,
,,,481,mandi_mandi_dchb_part_b_primary_census_abstract.pdf,Mandi,,,,,,,,,,,,,,,,,,,,,,,,,,,,,,,,,,,,,,,,,,,,,,,,,,,,,,,,,,,,,,,,,,,,,,,,,,,,,,,,,,,,,,,,,,,,,,,,,,,,(0202700134),,,,,,,,,,,,,,,,,,,,,,,,,,,,,,,,,,,,,,,,,,,
,,,481,mandi_mandi_dchb_part_b_primary_census_abstract.pdf,Mandi,,,,,,,,,,,,,,,,,,,,,,,,,,,,,,,,,,,,,,,,,,,,,,,,,,,,,,,,,,,,,,,,,,,,,,,,,,,,,,,,,,,,,,,,,,,,,,,,,,,,Urban 0 0 (0%) 0 (0%) 0 (0%) 0 (0%) 0 (0%),,,,,,,,,,,,,,,,,,,,,,,,,,,,,,,,,,,,,,,,,,,
,,,481,mandi_mandi_dchb_part_b_primary_census_abstract.pdf,Mandi,,,,,,,,,,,,,,,,,,,,,,,,,,,,,,,,,,,,,,,,,,,,,,,,,,,,,,,,,,,,,,,,,,,,,,,,,,,,,,,,,,,,,,,,,,,,,,,,,,,,,Thunag,,,,,,,,,,,,,,,,,,,,,,,,,,,,,,,,,,,,,,,,,,
,,,481,mandi_mandi_dchb_part_b_primary_census_abstract.pdf,Mandi,,,,,,,,,,,,,,,,,,,,,,,,,,,,,,,,,,,,,,,,,,,,,,,,,,,,,,,,,,,,,,,,,,,,,,,,,,,,,,,,,,,,,,,,,,,,,,,,,,,,,"(0202700136)
Urban 0 0 (0%) 0 (0%) 0 (0%) 0 (0%) 0 (0%)",,,,,,,,,,,,,,,,,,,,,,,,,,,,,,,,,,,,,,,,,,
,,,481,mandi_mandi_dchb_part_b_primary_census_abstract.pdf,Mandi,,,,,,,,,,,,,,,,,,,,,,,,,,,,,,,,,,,,,,,,,,,,,,,,,,,,,,,,,,,,,,,,,,,,,,,,,,,,,,,,,,,,,,,,,,,,,,,,,,,,,,(0202700138),,,,,,,,,,,,,,,,,,,,,,,,,,,,,,,,,,,,,,,,,
,,,481,mandi_mandi_dchb_part_b_primary_census_abstract.pdf,Mandi,,,,,,,,,,,,,,,,,,,,,,,,,,,,,,,,,,,,,,,,,,,,,,,,,,,,,,,,,,,,,,,,,,,,,,,,,,,,,,,,,,,,,,,,,,,,,,,,,,,,,,Urban 0 0 (0%) 0 (0%) 0 (0%) 0 (0%) 0 (0%),,,,,,,,,,,,,,,,,,,,,,,,,,,,,,,,,,,,,,,,,
"Name of Sub-
District","Total/
Rural/
Urban","Total
number of
households",482,mandi_mandi_dchb_part_b_primary_census_abstract.pdf,Mandi,,,,,,,,,,,,,,,,Number and Percentage of households having kitchen,,,,,,,,,,,,,,,,,,,,,,,,,,,,,,,,,,,,,,,,,,,,,,,,,,,,,,,,,,,,,,,,,,,,,,,,,,,,,,,,,,,,,,,,,,,,,,,,,,,,,,,,,,,,,,,,,,,,,,,,,,,,,,,
,,,482,mandi_mandi_dchb_part_b_primary_census_abstract.pdf,Mandi,,,,,,,,,,,,,,,,Cooking inside house,,Cooking outside house,,No cooking,,,,,,,,,,,,,,,,,,,,,,,,,,,,,,,,,,,,,,,,,,,,,,,,,,,,,,,,,,,,,,,,,,,,,,,,,,,,,,,,,,,,,,,,,,,,,,,,,,,,,,,,,,,,,,,,,,,,,,,,,,,
,,,482,mandi_mandi_dchb_part_b_primary_census_abstract.pdf,Mandi,,,,,,,,,,,,,,,,Has kitchen,"Does not have
kitchen",Has kitchen,"Does not have
kitchen",,,,,,,,,,,,,,,,,,,,,,,,,,,,,,,,,,,,,,,,,,,,,,,,,,,,,,,,,,,,,,,,,,,,,,,,,,,,,,,,,,,,,,,,,,,,,,,,,,,,,,,,,,,,,,,,,,,,,,,,,,,,
2,3,4,482,mandi_mandi_dchb_part_b_primary_census_abstract.pdf,Mandi,,,,,,,,,,,,,,,,5,6,7,8,9,,,,,,,,,,,,,,,,,,,,,,,,,,,,,,,,,,,,,,,,,,,,,,,,,,,,,,,,,,,,,,,,,,,,,,,,,,1.0,,,,,,,,,,,,,,,,,,,,,,,,,,,,,,,,,,,,,,,,,,,,,,,,,
,,,482,mandi_mandi_dchb_part_b_primary_census_abstract.pdf,Mandi,,,,,,,,,,,,,,,,,,,,,,,,,,,,,,,,,,,,,,,,,,,,,,,,,,,,,,,,,,,,,,,,,,,,,,,,,,,,,,,,,,,,,,,,,,,,,,,,,,,,,,,(02027),,,,,,,,,,,,,,,,,,,,,,,,,,,,,,,,,,,,,,,,
,,,482,mandi_mandi_dchb_part_b_primary_census_abstract.pdf,Mandi,,,,,,,,,,,,,,,,,,,,,,,,,,,,,,,,,,,,,,,,,,,,,,,,,,,,,,,,,,,,,,,,,,,,,,,,,,,,,,,,,,,,,,,,,,,,,,,,,,,,,,,"Urban 15,943 15,003 (94.1%) 578 (3.63%) 227 (1.42%) 82 (0.51%) 53 (0.33%)",,,,,,,,,,,,,,,,,,,,,,,,,,,,,,,,,,,,,,,,
Name of Sub-District,"Total/
Rural/
Urban","Total
number of
households",483,mandi_mandi_dchb_part_b_primary_census_abstract.pdf,Mandi,,,,,,,,,,,,,,,,Number and percentage of households by,,,,,,,,,,,,,,,,,,,,,,,,,,,,,,,,,,,,,,,,,,,,,,,,,,,,,,,,,,,,,,,,,,,,,,,,,,,,,,,,,,,,,,,,,,,,,,,,,,,,,,,,,,,,,,,,,,,,,,,,,,,,,,,
,,,483,mandi_mandi_dchb_part_b_primary_census_abstract.pdf,Mandi,,,,,,,,,,,,,,,,Firewood,Crop residue,Cowdung cake,"Coal/ lignite/
charcoal",,,,,,,,,,,,,,,,,,,,,,,,,,,,,,,,,,,,,,,,,,,,,,,,,,,,,,,,,,,,,,,,,,,,,,,,,,,,,,,,,,,,,,,,,,,,,,,,,,,,,,,,,,,,,,,,,,,,,,,,,,,,
2,3,4,483,mandi_mandi_dchb_part_b_primary_census_abstract.pdf,Mandi,,,,,,,,,,,,,,,,5,6,7,8,,,,,,,,,,,,,,,,,,,,,,,,,,,,,,,,,,,,,,,,,,,,,,,,,,,,,,,,,,,,,,,,,,,,,,,,,,,,,,,,,,,,,1.0,,,,,,,,,,,,,,,,,,,,,,,,,,,,,,,,,,,,,,,
,,,483,mandi_mandi_dchb_part_b_primary_census_abstract.pdf,Mandi,,,,,,,,,,,,,,,,,,,,,,,,,,,,,,,,,,,,,,,,,,,,,,,,,,,,,,,,,,,,,,,,,,,,,,,,,,,,,,,,,,,,,,,,,,,,,,,,,,,,,,,,,(0202700124),,,,,,,,,,,,,,,,,,,,,,,,,,,,,,,,,,,,,,
,,,483,mandi_mandi_dchb_part_b_primary_census_abstract.pdf,Mandi,,,,,,,,,,,,,,,,,,,,,,,,,,,,,,,,,,,,,,,,,,,,,,,,,,,,,,,,,,,,,,,,,,,,,,,,,,,,,,,,,,,,,,,,,,,,,,,,,,,,,,,,,"Urban 1,245 163 (13.09%) 3 (0.24%) 0 (0%) 4 (0.32%)",,,,,,,,,,,,,,,,,,,,,,,,,,,,,,,,,,,,,,
,,,483,mandi_mandi_dchb_part_b_primary_census_abstract.pdf,Mandi,,,,,,,,,,,,,,,,,,,,,,,,,,,,,,,,,,,,,,,,,,,,,,,,,,,,,,,,,,,,,,,,,,,,,,,,,,,,,,,,,,,,,,,,,,,,,,,,,,,,,,,,,,(0202700126),,,,,,,,,,,,,,,,,,,,,,,,,,,,,,,,,,,,,
,,,483,mandi_mandi_dchb_part_b_primary_census_abstract.pdf,Mandi,,,,,,,,,,,,,,,,,,,,,,,,,,,,,,,,,,,,,,,,,,,,,,,,,,,,,,,,,,,,,,,,,,,,,,,,,,,,,,,,,,,,,,,,,,,,,,,,,,,,,,,,,,Urban 0 0 (0%) 0 (0%) 0 (0%) 0 (0%),,,,,,,,,,,,,,,,,,,,,,,,,,,,,,,,,,,,,
,,,483,mandi_mandi_dchb_part_b_primary_census_abstract.pdf,Mandi,,,,,,,,,,,,,,,,,,,,,,,,,,,,,,,,,,,,,,,,,,,,,,,,,,,,,,,,,,,,,,,,,,,,,,,,,,,,,,,,,,,,,,,,,,,,,,,,,,,,,,,,,,,,,,,,,,,,,,,,,,,,,,,,,,,,,,,,,,,,,,,
,,,483,mandi_mandi_dchb_part_b_primary_census_abstract.pdf,Mandi,,,,,,,,,,,,,,,,,,,,,,,,,,,,,,,,,,,,,,,,,,,,,,,,,,,,,,,,,,,,,,,,,,,,,,,,,,,,,,,,,,,,,,,,,,,,,,,,,,,,,,,,,,,Urban 0 0 (0%) 0 (0%) 0 (0%) 0 (0%),,,,,,,,,,,,,,,,,,,,,,,,,,,,,,,,,,,,
,,,483,mandi_mandi_dchb_part_b_primary_census_abstract.pdf,Mandi,,,,,,,,,,,,,,,,,,,,,,,,,,,,,,,,,,,,,,,,,,,,,,,,,,,,,,,,,,,,,,,,,,,,,,,,,,,,,,,,,,,,,,,,,,,,,,,,,,,,,,,,,,,,(0202700130),,,,,,,,,,,,,,,,,,,,,,,,,,,,,,,,,,,
,,,483,mandi_mandi_dchb_part_b_primary_census_abstract.pdf,Mandi,,,,,,,,,,,,,,,,,,,,,,,,,,,,,,,,,,,,,,,,,,,,,,,,,,,,,,,,,,,,,,,,,,,,,,,,,,,,,,,,,,,,,,,,,,,,,,,,,,,,,,,,,,,,Urban 0 0 (0%) 0 (0%) 0 (0%) 0 (0%),,,,,,,,,,,,,,,,,,,,,,,,,,,,,,,,,,,
,,,483,mandi_mandi_dchb_part_b_primary_census_abstract.pdf,Mandi,,,,,,,,,,,,,,,,,,,,,,,,,,,,,,,,,,,,,,,,,,,,,,,,,,,,,,,,,,,,,,,,,,,,,,,,,,,,,,,,,,,,,,,,,,,,,,,,,,,,,,,,,,,,,(0202700132),,,,,,,,,,,,,,,,,,,,,,,,,,,,,,,,,,
,,,483,mandi_mandi_dchb_part_b_primary_census_abstract.pdf,Mandi,,,,,,,,,,,,,,,,,,,,,,,,,,,,,,,,,,,,,,,,,,,,,,,,,,,,,,,,,,,,,,,,,,,,,,,,,,,,,,,,,,,,,,,,,,,,,,,,,,,,,,,,,,,,,"Urban 6,047 719 (11.89%) 44 (0.73%) 2 (0.03%) 1 (0.02%)",,,,,,,,,,,,,,,,,,,,,,,,,,,,,,,,,,
,,,483,mandi_mandi_dchb_part_b_primary_census_abstract.pdf,Mandi,,,,,,,,,,,,,,,,,,,,,,,,,,,,,,,,,,,,,,,,,,,,,,,,,,,,,,,,,,,,,,,,,,,,,,,,,,,,,,,,,,,,,,,,,,,,,,,,,,,,,,,,,,,,,,,,,,,,,,,,,,,,,,,,,,,,,,,,,,,,,,,
,,,483,mandi_mandi_dchb_part_b_primary_census_abstract.pdf,Mandi,,,,,,,,,,,,,,,,,,,,,,,,,,,,,,,,,,,,,,,,,,,,,,,,,,,,,,,,,,,,,,,,,,,,,,,,,,,,,,,,,,,,,,,,,,,,,,,,,,,,,,,,,,,,,,Urban 0 0 (0%) 0 (0%) 0 (0%) 0 (0%),,,,,,,,,,,,,,,,,,,,,,,,,,,,,,,,,
,,,483,mandi_mandi_dchb_part_b_primary_census_abstract.pdf,Mandi,,,,,,,,,,,,,,,,,,,,,,,,,,,,,,,,,,,,,,,,,,,,,,,,,,,,,,,,,,,,,,,,,,,,,,,,,,,,,,,,,,,,,,,,,,,,,,,,,,,,,,,,,,,,,,,(0202700136),,,,,,,,,,,,,,,,,,,,,,,,,,,,,,,,
,,,483,mandi_mandi_dchb_part_b_primary_census_abstract.pdf,Mandi,,,,,,,,,,,,,,,,,,,,,,,,,,,,,,,,,,,,,,,,,,,,,,,,,,,,,,,,,,,,,,,,,,,,,,,,,,,,,,,,,,,,,,,,,,,,,,,,,,,,,,,,,,,,,,,Urban 0 0 (0%) 0 (0%) 0 (0%) 0 (0%),,,,,,,,,,,,,,,,,,,,,,,,,,,,,,,,
,,,483,mandi_mandi_dchb_part_b_primary_census_abstract.pdf,Mandi,,,,,,,,,,,,,,,,,,,,,,,,,,,,,,,,,,,,,,,,,,,,,,,,,,,,,,,,,,,,,,,,,,,,,,,,,,,,,,,,,,,,,,,,,,,,,,,,,,,,,,,,,,,,,,,,,,,,,,,,,,,,,,,,,,,,,,,,,,,,,,,
,,,483,mandi_mandi_dchb_part_b_primary_census_abstract.pdf,Mandi,,,,,,,,,,,,,,,,,,,,,,,,,,,,,,,,,,,,,,,,,,,,,,,,,,,,,,,,,,,,,,,,,,,,,,,,,,,,,,,,,,,,,,,,,,,,,,,,,,,,,,,,,,,,,,,,Urban 0 0 (0%) 0 (0%) 0 (0%) 0 (0%),,,,,,,,,,,,,,,,,,,,,,,,,,,,,,,
,,,484,mandi_mandi_dchb_part_b_primary_census_abstract.pdf,Mandi,,,,,,,,,,,,,,,,,,"Total/
Rural/
Urban",Name of Sub-District,,,,,,,,,,,,,,,,,,,,,,,,,,,,,,,,,,,,,,,,,,,,,,,,,,,,,,,,,,,,,,,,,,,,,,,,,,,,,,,,,,,,,,,,,,,,,,availability of fuel used for cooking,,,,,,,,,,,,,,,,,,,,,,,,,,,,,,
LPG/ PNG,Electricity,Bio-gas,484,mandi_mandi_dchb_part_b_primary_census_abstract.pdf,Mandi,,,,,,,,,,,,,,,,Any other,No cooking,,,,,,,,,,,,,,,,,,,,,,,,,,,,,,,,,,,,,,,,,,,,,,,,,,,,,,,,,,,,,,,,,,,,,,,,,,,,,,,,,,,,,,,,,,,,,,,,Kerosene,,,,,,,,,,,,,,,,,,,,,,,,,,,,,,
10,11,12,484,mandi_mandi_dchb_part_b_primary_census_abstract.pdf,Mandi,,,,,,,,,,,,,,,,13,14,3,2,,,,,,,,,,,,,,,,,,,,,,,,,,,,,,,,,,,,,,,,,,,,,,,,,,,,,,,,,,,,,,,,,,,,,,,,,,,,,,,,,,,,,,,,,,,,,,9,,,,,,,,,,,,,,,,,,,,,,,,,,,,,,
(0202700124),,,484,mandi_mandi_dchb_part_b_primary_census_abstract.pdf,Mandi,,,,,,,,,,,,,,,,,,,,,,,,,,,,,,,,,,,,,,,,,,,,,,,,,,,,,,,,,,,,,,,,,,,,,,,,,,,,,,,,,,,,,,,,,,,,,,,,,,,,,,,,,,,,,,,,,,,,,,,,,,,,,,,,,,,,,,,,,,,,,,,
,,,484,mandi_mandi_dchb_part_b_primary_census_abstract.pdf,Mandi,,,,,,,,,,,,,,,,,,,,,,,,,,,,,,,,,,,,,,,,,,,,,,,,,,,,,,,,,,,,,,,,,,,,,,,,,,,,,,,,,,,,,,,,,,,,,,,,,,,,,,,,,,,,,,,,,,77 (6.18%) 982 (78.88%) 0 (0%) 0 (0%) 12 (0.96%) 4 (0.32%) Urban,,,,,,,,,,,,,,,,,,,,,,,,,,,,,
(0202700126),,,484,mandi_mandi_dchb_part_b_primary_census_abstract.pdf,Mandi,,,,,,,,,,,,,,,,,,,,,,,,,,,,,,,,,,,,,,,,,,,,,,,,,,,,,,,,,,,,,,,,,,,,,,,,,,,,,,,,,,,,,,,,,,,,,,,,,,,,,,,,,,,,,,,,,,,,,,,,,,,,,,,,,,,,,,,,,,,,,,,
,,,484,mandi_mandi_dchb_part_b_primary_census_abstract.pdf,Mandi,,,,,,,,,,,,,,,,,,,,,,,,,,,,,,,,,,,,,,,,,,,,,,,,,,,,,,,,,,,,,,,,,,,,,,,,,,,,,,,,,,,,,,,,,,,,,,,,,,,,,,,,,,,,,,,,,,,0 (0%) 0 (0%) 0 (0%) 0 (0%) 0 (0%) 0 (0%) Urban,,,,,,,,,,,,,,,,,,,,,,,,,,,,
,,,484,mandi_mandi_dchb_part_b_primary_census_abstract.pdf,Mandi,,,,,,,,,,,,,,,,,,,,,,,,,,,,,,,,,,,,,,,,,,,,,,,,,,,,,,,,,,,,,,,,,,,,,,,,,,,,,,,,,,,,,,,,,,,,,,,,,,,,,,,,,,,,,,,,,,,,,,,,,,,,,,,,,,,,,,,,,,,,,,,
,,,484,mandi_mandi_dchb_part_b_primary_census_abstract.pdf,Mandi,,,,,,,,,,,,,,,,,,,,,,,,,,,,,,,,,,,,,,,,,,,,,,,,,,,,,,,,,,,,,,,,,,,,,,,,,,,,,,,,,,,,,,,,,,,,,,,,,,,,,,,,,,,,,,,,,,,,0 (0%) 0 (0%) 0 (0%) 0 (0%) 0 (0%) 0 (0%) Urban,,,,,,,,,,,,,,,,,,,,,,,,,,,
(0202700130),,,484,mandi_mandi_dchb_part_b_primary_census_abstract.pdf,Mandi,,,,,,,,,,,,,,,,,,,,,,,,,,,,,,,,,,,,,,,,,,,,,,,,,,,,,,,,,,,,,,,,,,,,,,,,,,,,,,,,,,,,,,,,,,,,,,,,,,,,,,,,,,,,,,,,,,,,,,,,,,,,,,,,,,,,,,,,,,,,,,,
,,,484,mandi_mandi_dchb_part_b_primary_census_abstract.pdf,Mandi,,,,,,,,,,,,,,,,,,,,,,,,,,,,,,,,,,,,,,,,,,,,,,,,,,,,,,,,,,,,,,,,,,,,,,,,,,,,,,,,,,,,,,,,,,,,,,,,,,,,,,,,,,,,,,,,,,,,,0 (0%) 0 (0%) 0 (0%) 0 (0%) 0 (0%) 0 (0%) Urban,,,,,,,,,,,,,,,,,,,,,,,,,,
(0202700132),,,484,mandi_mandi_dchb_part_b_primary_census_abstract.pdf,Mandi,,,,,,,,,,,,,,,,,,,,,,,,,,,,,,,,,,,,,,,,,,,,,,,,,,,,,,,,,,,,,,,,,,,,,,,,,,,,,,,,,,,,,,,,,,,,,,,,,,,,,,,,,,,,,,,,,,,,,,,,,,,,,,,,,,,,,,,,,,,,,,,
,,,484,mandi_mandi_dchb_part_b_primary_census_abstract.pdf,Mandi,,,,,,,,,,,,,,,,,,,,,,,,,,,,,,,,,,,,,,,,,,,,,,,,,,,,,,,,,,,,,,,,,,,,,,,,,,,,,,,,,,,,,,,,,,,,,,,,,,,,,,,,,,,,,,,,,,,,,,"235 (3.89%) 4,907 (81.15%) 117 (1.93%) 5 (0.08%) 1 (0.02%) 16 (0.26%) Urban",,,,,,,,,,,,,,,,,,,,,,,,,
,,,484,mandi_mandi_dchb_part_b_primary_census_abstract.pdf,Mandi,,,,,,,,,,,,,,,,,,,,,,,,,,,,,,,,,,,,,,,,,,,,,,,,,,,,,,,,,,,,,,,,,,,,,,,,,,,,,,,,,,,,,,,,,,,,,,,,,,,,,,,,,,,,,,,,,,,,,,,0 (0%) 0 (0%) 0 (0%) 0 (0%) 0 (0%) 0 (0%) Urban,,,,,,,,,,,,,,,,,,,,,,,,
(0202700136),,,484,mandi_mandi_dchb_part_b_primary_census_abstract.pdf,Mandi,,,,,,,,,,,,,,,,,,,,,,,,,,,,,,,,,,,,,,,,,,,,,,,,,,,,,,,,,,,,,,,,,,,,,,,,,,,,,,,,,,,,,,,,,,,,,,,,,,,,,,,,,,,,,,,,,,,,,,,,,,,,,,,,,,,,,,,,,,,,,,,
,,,484,mandi_mandi_dchb_part_b_primary_census_abstract.pdf,Mandi,,,,,,,,,,,,,,,,,,,,,,,,,,,,,,,,,,,,,,,,,,,,,,,,,,,,,,,,,,,,,,,,,,,,,,,,,,,,,,,,,,,,,,,,,,,,,,,,,,,,,,,,,,,,,,,,,,,,,,,,0 (0%) 0 (0%) 0 (0%) 0 (0%) 0 (0%) 0 (0%) Urban,,,,,,,,,,,,,,,,,,,,,,,
,,,484,mandi_mandi_dchb_part_b_primary_census_abstract.pdf,Mandi,,,,,,,,,,,,,,,,,,,,,,,,,,,,,,,,,,,,,,,,,,,,,,,,,,,,,,,,,,,,,,,,,,,,,,,,,,,,,,,,,,,,,,,,,,,,,,,,,,,,,,,,,,,,,,,,,,,,,,,,,0 (0%) 0 (0%) 0 (0%) 0 (0%) 0 (0%) 0 (0%) Urban,,,,,,,,,,,,,,,,,,,,,,
Name of Sub-District,"Total/
Rural/
Urban","Total
number of
households",485,mandi_mandi_dchb_part_b_primary_census_abstract.pdf,Mandi,,,,,,,,,,,,,,,,Number and percentage of households by,,,,,,,,,,,,,,,,,,,,,,,,,,,,,,,,,,,,,,,,,,,,,,,,,,,,,,,,,,,,,,,,,,,,,,,,,,,,,,,,,,,,,,,,,,,,,,,,,,,,,,,,,,,,,,,,,,,,,,,,,,,,,,,
,,,485,mandi_mandi_dchb_part_b_primary_census_abstract.pdf,Mandi,,,,,,,,,,,,,,,,Firewood,Crop residue,Cowdung cake,"Coal/ lignite/
charcoal",,,,,,,,,,,,,,,,,,,,,,,,,,,,,,,,,,,,,,,,,,,,,,,,,,,,,,,,,,,,,,,,,,,,,,,,,,,,,,,,,,,,,,,,,,,,,,,,,,,,,,,,,,,,,,,,,,,,,,,,,,,,
2,3,4,485,mandi_mandi_dchb_part_b_primary_census_abstract.pdf,Mandi,,,,,,,,,,,,,,,,5,6,7,8,,,,,,,,,,,,,,,,,,,,,,,,,,,,,,,,,,,,,,,,,,,,,,,,,,,,,,,,,,,,,,,,,,,,,,,,,,,,,,,,,,,,,1.0,,,,,,,,,,,,,,,,,,,,,,,,,,,,,,,,,,,,,,,
,,,485,mandi_mandi_dchb_part_b_primary_census_abstract.pdf,Mandi,,,,,,,,,,,,,,,,,,,,,,,,,,,,,,,,,,,,,,,,,,,,,,,,,,,,,,,,,,,,,,,,,,,,,,,,,,,,,,,,,,,,,,,,,,,,,,,,,,,,,,,,,,,,,,,,,,,,,,,,,,,,,,,,,,,,,,,,,,,,,,,
,,,485,mandi_mandi_dchb_part_b_primary_census_abstract.pdf,Mandi,,,,,,,,,,,,,,,,,,,,,,,,,,,,,,,,,,,,,,,,,,,,,,,,,,,,,,,,,,,,,,,,,,,,,,,,,,,,,,,,,,,,,,,,,,,,,,,,,,,,,,,,,,,,,,,,,,,,,,,,,,"Urban 15,943 1,341 (8.41%) 61 (0.38%) 3 (0.02%) 10 (0.06%)",,,,,,,,,,,,,,,,,,,,,
,,,486,mandi_mandi_dchb_part_b_primary_census_abstract.pdf,Mandi,,,,,,,,,,,,,,,,,,"Total/
Rural/
Urban",Name of Sub-District,,,,,,,,,,,,,,,,,,,,,,,,,,,,,,,,,,,,,,,,,,,,,,,,,,,,,,,,,,,,,,,,,,,,,,,,,,,,,,,,,,,,,,,,,,,,,,availability of fuel used for cooking,,,,,,,,,,,,,,,,,,,,,,,,,,,,,,
LPG/ PNG,Electricity,Bio-gas,486,mandi_mandi_dchb_part_b_primary_census_abstract.pdf,Mandi,,,,,,,,,,,,,,,,Any other,No cooking,,,,,,,,,,,,,,,,,,,,,,,,,,,,,,,,,,,,,,,,,,,,,,,,,,,,,,,,,,,,,,,,,,,,,,,,,,,,,,,,,,,,,,,,,,,,,,,,Kerosene,,,,,,,,,,,,,,,,,,,,,,,,,,,,,,
10,11,12,486,mandi_mandi_dchb_part_b_primary_census_abstract.pdf,Mandi,,,,,,,,,,,,,,,,13,14,3,2,,,,,,,,,,,,,,,,,,,,,,,,,,,,,,,,,,,,,,,,,,,,,,,,,,,,,,,,,,,,,,,,,,,,,,,,,,,,,,,,,,,,,,,,,,,,,,9,,,,,,,,,,,,,,,,,,,,,,,,,,,,,,
,,,486,mandi_mandi_dchb_part_b_primary_census_abstract.pdf,Mandi,,,,,,,,,,,,,,,,,,,,,,,,,,,,,,,,,,,,,,,,,,,,,,,,,,,,,,,,,,,,,,,,,,,,,,,,,,,,,,,,,,,,,,,,,,,,,,,,,,,,,,,,,,,,,,,,,,,,,,,,,,,,,,,,,,,,,,,,,,,,,,,
,,,486,mandi_mandi_dchb_part_b_primary_census_abstract.pdf,Mandi,,,,,,,,,,,,,,,,,,,,,,,,,,,,,,,,,,,,,,,,,,,,,,,,,,,,,,,,,,,,,,,,,,,,,,,,,,,,,,,,,,,,,,,,,,,,,,,,,,,,,,,,,,,,,,,,,,,,,,,,,,,"660 (4.14%) 13,656 (85.66%) 132 (0.83%) 13 (0.08%) 14 (0.09%) 53 (0.33%) Urban",,,,,,,,,,,,,,,,,,,,
"Name of Sub-
District","Total/
Rural/
Urban","Total
number
of house-
holds",487,mandi_mandi_dchb_part_b_primary_census_abstract.pdf,Mandi,,,,,,,,,,,,,,,,"Total number of
households availing
banking services",Number and percentage of households,,,,,,,,,,,,,,,,,,,,,,,,,,,,,,,,,,,,,,,,,,,,,,,,,,,,,,,,,,,,,,,,,,,,,,,,,,,,,,,,,,,,,,,,,,,,,,,,,,,,,,,,,,,,,,,,,,,,,,,,,,,,,,
,,,487,mandi_mandi_dchb_part_b_primary_census_abstract.pdf,Mandi,,,,,,,,,,,,,,,,,Radio/ Transistor,Television,"Computer/ laptop-
With Internet","Computer/ laptop-
Without Internet",,,,,,,,,,,,,,,,,,,,,,,,,,,,,,,,,,,,,,,,,,,,,,,,,,,,,,,,,,,,,,,,,,,,,,,,,,,,,,,,,,,,,,,,,,,,,,,,,,,,,,,,,,,,,,,,,,,,,,,,,,,
2,3,4,487,mandi_mandi_dchb_part_b_primary_census_abstract.pdf,Mandi,,,,,,,,,,,,,,,,5,6,7,8,9,,,,,,,,,,,,,,,,,,,,,,,,,,,,,,,,,,,,,,,,,,,,,,,,,,,,,,,,,,,,,,,,,,,,,,,,,,,,,,,,,,,,,,,,,,,,,,,,,,,,,,,,1.0,,,,,,,,,,,,,,,,,,,
,,,487,mandi_mandi_dchb_part_b_primary_census_abstract.pdf,Mandi,,,,,,,,,,,,,,,,,,,,,,,,,,,,,,,,,,,,,,,,,,,,,,,,,,,,,,,,,,,,,,,,,,,,,,,,,,,,,,,,,,,,,,,,,,,,,,,,,,,,,,,,,,,,,,,,,,,,,,,,,,,,,Jogindarnagar,,,,,,,,,,,,,,,,,,
,,,487,mandi_mandi_dchb_part_b_primary_census_abstract.pdf,Mandi,,,,,,,,,,,,,,,,,,,,,,,,,,,,,,,,,,,,,,,,,,,,,,,,,,,,,,,,,,,,,,,,,,,,,,,,,,,,,,,,,,,,,,,,,,,,,,,,,,,,,,,,,,,,,,,,,,,,,,,,,,,,,"(0202700124)
Urban 1,245 1,171 (94.06%) 298 (23.94%) 1,114 (89.48%) 95 (7.63%) 139 (11.16%)",,,,,,,,,,,,,,,,,,
,,,487,mandi_mandi_dchb_part_b_primary_census_abstract.pdf,Mandi,,,,,,,,,,,,,,,,,,,,,,,,,,,,,,,,,,,,,,,,,,,,,,,,,,,,,,,,,,,,,,,,,,,,,,,,,,,,,,,,,,,,,,,,,,,,,,,,,,,,,,,,,,,,,,,,,,,,,,,,,,,,,,Sandhol,,,,,,,,,,,,,,,,,
,,,487,mandi_mandi_dchb_part_b_primary_census_abstract.pdf,Mandi,,,,,,,,,,,,,,,,,,,,,,,,,,,,,,,,,,,,,,,,,,,,,,,,,,,,,,,,,,,,,,,,,,,,,,,,,,,,,,,,,,,,,,,,,,,,,,,,,,,,,,,,,,,,,,,,,,,,,,,,,,,,,,"(0202700126)
Urban 0 0 (0%) 0 (0%) 0 (0%) 0 (0%) 0 (0%)",,,,,,,,,,,,,,,,,
,,,487,mandi_mandi_dchb_part_b_primary_census_abstract.pdf,Mandi,,,,,,,,,,,,,,,,,,,,,,,,,,,,,,,,,,,,,,,,,,,,,,,,,,,,,,,,,,,,,,,,,,,,,,,,,,,,,,,,,,,,,,,,,,,,,,,,,,,,,,,,,,,,,,,,,,,,,,,,,,,,,,,(0202700128),,,,,,,,,,,,,,,,
,,,487,mandi_mandi_dchb_part_b_primary_census_abstract.pdf,Mandi,,,,,,,,,,,,,,,,,,,,,,,,,,,,,,,,,,,,,,,,,,,,,,,,,,,,,,,,,,,,,,,,,,,,,,,,,,,,,,,,,,,,,,,,,,,,,,,,,,,,,,,,,,,,,,,,,,,,,,,,,,,,,,,Urban 0 0 (0%) 0 (0%) 0 (0%) 0 (0%) 0 (0%),,,,,,,,,,,,,,,,
,,,487,mandi_mandi_dchb_part_b_primary_census_abstract.pdf,Mandi,,,,,,,,,,,,,,,,,,,,,,,,,,,,,,,,,,,,,,,,,,,,,,,,,,,,,,,,,,,,,,,,,,,,,,,,,,,,,,,,,,,,,,,,,,,,,,,,,,,,,,,,,,,,,,,,,,,,,,,,,,,,,,,,Bhadrota,,,,,,,,,,,,,,,
,,,487,mandi_mandi_dchb_part_b_primary_census_abstract.pdf,Mandi,,,,,,,,,,,,,,,,,,,,,,,,,,,,,,,,,,,,,,,,,,,,,,,,,,,,,,,,,,,,,,,,,,,,,,,,,,,,,,,,,,,,,,,,,,,,,,,,,,,,,,,,,,,,,,,,,,,,,,,,,,,,,,,,"(0202700130)
Urban 0 0 (0%) 0 (0%) 0 (0%) 0 (0%) 0 (0%)",,,,,,,,,,,,,,,
,,,487,mandi_mandi_dchb_part_b_primary_census_abstract.pdf,Mandi,,,,,,,,,,,,,,,,,,,,,,,,,,,,,,,,,,,,,,,,,,,,,,,,,,,,,,,,,,,,,,,,,,,,,,,,,,,,,,,,,,,,,,,,,,,,,,,,,,,,,,,,,,,,,,,,,,,,,,,,,,,,,,,,,Sundarnagar,,,,,,,,,,,,,,
,,,487,mandi_mandi_dchb_part_b_primary_census_abstract.pdf,Mandi,,,,,,,,,,,,,,,,,,,,,,,,,,,,,,,,,,,,,,,,,,,,,,,,,,,,,,,,,,,,,,,,,,,,,,,,,,,,,,,,,,,,,,,,,,,,,,,,,,,,,,,,,,,,,,,,,,,,,,,,,,,,,,,,,"(0202700132)
Urban 6,047 5,421 (89.65%) 1,363 (22.54%) 5,201 (86.01%) 613 (10.14%) 855 (14.14%)",,,,,,,,,,,,,,
,,,487,mandi_mandi_dchb_part_b_primary_census_abstract.pdf,Mandi,,,,,,,,,,,,,,,,,,,,,,,,,,,,,,,,,,,,,,,,,,,,,,,,,,,,,,,,,,,,,,,,,,,,,,,,,,,,,,,,,,,,,,,,,,,,,,,,,,,,,,,,,,,,,,,,,,,,,,,,,,,,,,,,,,(0202700134),,,,,,,,,,,,,
,,,487,mandi_mandi_dchb_part_b_primary_census_abstract.pdf,Mandi,,,,,,,,,,,,,,,,,,,,,,,,,,,,,,,,,,,,,,,,,,,,,,,,,,,,,,,,,,,,,,,,,,,,,,,,,,,,,,,,,,,,,,,,,,,,,,,,,,,,,,,,,,,,,,,,,,,,,,,,,,,,,,,,,,Urban 0 0 (0%) 0 (0%) 0 (0%) 0 (0%) 0 (0%),,,,,,,,,,,,,
,,,487,mandi_mandi_dchb_part_b_primary_census_abstract.pdf,Mandi,,,,,,,,,,,,,,,,,,,,,,,,,,,,,,,,,,,,,,,,,,,,,,,,,,,,,,,,,,,,,,,,,,,,,,,,,,,,,,,,,,,,,,,,,,,,,,,,,,,,,,,,,,,,,,,,,,,,,,,,,,,,,,,,,,,Thunag,,,,,,,,,,,,
,,,487,mandi_mandi_dchb_part_b_primary_census_abstract.pdf,Mandi,,,,,,,,,,,,,,,,,,,,,,,,,,,,,,,,,,,,,,,,,,,,,,,,,,,,,,,,,,,,,,,,,,,,,,,,,,,,,,,,,,,,,,,,,,,,,,,,,,,,,,,,,,,,,,,,,,,,,,,,,,,,,,,,,,,"(0202700136)
Urban 0 0 (0%) 0 (0%) 0 (0%) 0 (0%) 0 (0%)",,,,,,,,,,,,
,,,487,mandi_mandi_dchb_part_b_primary_census_abstract.pdf,Mandi,,,,,,,,,,,,,,,,,,,,,,,,,,,,,,,,,,,,,,,,,,,,,,,,,,,,,,,,,,,,,,,,,,,,,,,,,,,,,,,,,,,,,,,,,,,,,,,,,,,,,,,,,,,,,,,,,,,,,,,,,,,,,,,,,,,,(0202700138),,,,,,,,,,,
,,,487,mandi_mandi_dchb_part_b_primary_census_abstract.pdf,Mandi,,,,,,,,,,,,,,,,,,,,,,,,,,,,,,,,,,,,,,,,,,,,,,,,,,,,,,,,,,,,,,,,,,,,,,,,,,,,,,,,,,,,,,,,,,,,,,,,,,,,,,,,,,,,,,,,,,,,,,,,,,,,,,,,,,,,Urban 0 0 (0%) 0 (0%) 0 (0%) 0 (0%) 0 (0%),,,,,,,,,,,
,,,487,mandi_mandi_dchb_part_b_primary_census_abstract.pdf,Mandi,,,,,,,,,,,,,,,,,,,,,,,,,,,,,,,,,,,,,,,,,,,,,,,,,,,,,,,,,,,,,,,,,,,,,,,,,,,,,,,,,,,,,,,,,,,,,,,,,,,,,,,,,,,,,,,,,,,,,,,,,,,,,,,,,,,,,(02027),,,,,,,,,,
,,,487,mandi_mandi_dchb_part_b_primary_census_abstract.pdf,Mandi,,,,,,,,,,,,,,,,,,,,,,,,,,,,,,,,,,,,,,,,,,,,,,,,,,,,,,,,,,,,,,,,,,,,,,,,,,,,,,,,,,,,,,,,,,,,,,,,,,,,,,,,,,,,,,,,,,,,,,,,,,,,,,,,,,,,,"Urban 15,943 14,601 (91.58%) 3,700 (23.21%) 13,836 (86.78%) 1,746 (10.95%) 2,329 (14.61%)",,,,,,,,,,
,,,488,mandi_mandi_dchb_part_b_primary_census_abstract.pdf,Mandi,,,,,,,,,,,,,,,,,,,"Total/
Rural/
Urban","Name of Sub-
District",,,,,,,,,,,,,,,,,,,,,,,,,,,,,,,,,,,,,,,,,,,,,,,,,,,,,,,,,,,,,,,,,,,,,,,,,,,,,,,,,,,,,,,,,,,,,,,,,,,,,,,,,,,,,,,,,,,,,,,,,,,
Mobile Telephone,"Both Land line and
MobileTelephone",Bicycle,488,mandi_mandi_dchb_part_b_primary_census_abstract.pdf,Mandi,,,,,,,,,,,,,,,,"Scooter/ Motor
Cycle/ Moped",Car/ Jeep/ Van,"None of the
specified asset",,,,,,,,,,,,,,,,,,,,,,,,,,,,,,,,,,,,,,,,,,,,,,,,,,,,,,,,,,,,,,,,,,,,,,,,,,,,,,,,,,,,,,,,,,,,,,,,,,,,,,,,,,,,,,,,,,,,,,,,,,,,,
11,12,13,488,mandi_mandi_dchb_part_b_primary_census_abstract.pdf,Mandi,,,,,,,,,,,,,,,,14,15,16,3,2,,,,,,,,,,,,,,,,,,,,,,,,,,,,,,,,,,,,,,,,,,,,,,,,,,,,,,,,,,,,,,,,,,,,,,,,,,,,,,,,,,,,,,,,,,,,,,,,,,,,,,,,,,,,,,,,,,10.0,,,,,,,,,
Jogindarnagar,,,488,mandi_mandi_dchb_part_b_primary_census_abstract.pdf,Mandi,,,,,,,,,,,,,,,,,,,,,,,,,,,,,,,,,,,,,,,,,,,,,,,,,,,,,,,,,,,,,,,,,,,,,,,,,,,,,,,,,,,,,,,,,,,,,,,,,,,,,,,,,,,,,,,,,,,,,,,,,,,,,,,,,,,,,,,,,,,,,,,
,,,488,mandi_mandi_dchb_part_b_primary_census_abstract.pdf,Mandi,,,,,,,,,,,,,,,,,,,,,,,,,,,,,,,,,,,,,,,,,,,,,,,,,,,,,,,,,,,,,,,,,,,,,,,,,,,,,,,,,,,,,,,,,,,,,,,,,,,,,,,,,,,,,,,,,,,,,,,,,,,,,,,,,,,,,,,"(0202700124)
249 (20%) 734 (58.96%) 163 (13.09%) 126 (10.12%) 414 (33.25%) 270 (21.69%) 29 (2.33%)Urban",,,,,,,,
Sandhol,,,488,mandi_mandi_dchb_part_b_primary_census_abstract.pdf,Mandi,,,,,,,,,,,,,,,,,,,,,,,,,,,,,,,,,,,,,,,,,,,,,,,,,,,,,,,,,,,,,,,,,,,,,,,,,,,,,,,,,,,,,,,,,,,,,,,,,,,,,,,,,,,,,,,,,,,,,,,,,,,,,,,,,,,,,,,,,,,,,,,
,,,488,mandi_mandi_dchb_part_b_primary_census_abstract.pdf,Mandi,,,,,,,,,,,,,,,,,,,,,,,,,,,,,,,,,,,,,,,,,,,,,,,,,,,,,,,,,,,,,,,,,,,,,,,,,,,,,,,,,,,,,,,,,,,,,,,,,,,,,,,,,,,,,,,,,,,,,,,,,,,,,,,,,,,,,,,,"(0202700126)
0 (0%) 0 (0%) 0 (0%) 0 (0%) 0 (0%) 0 (0%) 0 (0%)Urban",,,,,,,
(0202700128),,,488,mandi_mandi_dchb_part_b_primary_census_abstract.pdf,Mandi,,,,,,,,,,,,,,,,,,,,,,,,,,,,,,,,,,,,,,,,,,,,,,,,,,,,,,,,,,,,,,,,,,,,,,,,,,,,,,,,,,,,,,,,,,,,,,,,,,,,,,,,,,,,,,,,,,,,,,,,,,,,,,,,,,,,,,,,,,,,,,,
,,,488,mandi_mandi_dchb_part_b_primary_census_abstract.pdf,Mandi,,,,,,,,,,,,,,,,,,,,,,,,,,,,,,,,,,,,,,,,,,,,,,,,,,,,,,,,,,,,,,,,,,,,,,,,,,,,,,,,,,,,,,,,,,,,,,,,,,,,,,,,,,,,,,,,,,,,,,,,,,,,,,,,,,,,,,,,,0 (0%) 0 (0%) 0 (0%) 0 (0%) 0 (0%) 0 (0%) 0 (0%)Urban,,,,,,
Bhadrota,,,488,mandi_mandi_dchb_part_b_primary_census_abstract.pdf,Mandi,,,,,,,,,,,,,,,,,,,,,,,,,,,,,,,,,,,,,,,,,,,,,,,,,,,,,,,,,,,,,,,,,,,,,,,,,,,,,,,,,,,,,,,,,,,,,,,,,,,,,,,,,,,,,,,,,,,,,,,,,,,,,,,,,,,,,,,,,,,,,,,
,,,488,mandi_mandi_dchb_part_b_primary_census_abstract.pdf,Mandi,,,,,,,,,,,,,,,,,,,,,,,,,,,,,,,,,,,,,,,,,,,,,,,,,,,,,,,,,,,,,,,,,,,,,,,,,,,,,,,,,,,,,,,,,,,,,,,,,,,,,,,,,,,,,,,,,,,,,,,,,,,,,,,,,,,,,,,,,,"(0202700130)
0 (0%) 0 (0%) 0 (0%) 0 (0%) 0 (0%) 0 (0%) 0 (0%)Urban",,,,,
Sundarnagar,,,488,mandi_mandi_dchb_part_b_primary_census_abstract.pdf,Mandi,,,,,,,,,,,,,,,,,,,,,,,,,,,,,,,,,,,,,,,,,,,,,,,,,,,,,,,,,,,,,,,,,,,,,,,,,,,,,,,,,,,,,,,,,,,,,,,,,,,,,,,,,,,,,,,,,,,,,,,,,,,,,,,,,,,,,,,,,,,,,,,
,,,488,mandi_mandi_dchb_part_b_primary_census_abstract.pdf,Mandi,,,,,,,,,,,,,,,,,,,,,,,,,,,,,,,,,,,,,,,,,,,,,,,,,,,,,,,,,,,,,,,,,,,,,,,,,,,,,,,,,,,,,,,,,,,,,,,,,,,,,,,,,,,,,,,,,,,,,,,,,,,,,,,,,,,,,,,,,,,"(0202700132)
555 (9.18%) 3,287 (54.36%) 1,679 (27.77%) 865 (14.3%) 2,278 (37.67%) 1,494 (24.71%) 229 (3.79%)Urban",,,,
(0202700134),,,488,mandi_mandi_dchb_part_b_primary_census_abstract.pdf,Mandi,,,,,,,,,,,,,,,,,,,,,,,,,,,,,,,,,,,,,,,,,,,,,,,,,,,,,,,,,,,,,,,,,,,,,,,,,,,,,,,,,,,,,,,,,,,,,,,,,,,,,,,,,,,,,,,,,,,,,,,,,,,,,,,,,,,,,,,,,,,,,,,
,,,488,mandi_mandi_dchb_part_b_primary_census_abstract.pdf,Mandi,,,,,,,,,,,,,,,,,,,,,,,,,,,,,,,,,,,,,,,,,,,,,,,,,,,,,,,,,,,,,,,,,,,,,,,,,,,,,,,,,,,,,,,,,,,,,,,,,,,,,,,,,,,,,,,,,,,,,,,,,,,,,,,,,,,,,,,,,,,,0 (0%) 0 (0%) 0 (0%) 0 (0%) 0 (0%) 0 (0%) 0 (0%)Urban,,,
Thunag,,,488,mandi_mandi_dchb_part_b_primary_census_abstract.pdf,Mandi,,,,,,,,,,,,,,,,,,,,,,,,,,,,,,,,,,,,,,,,,,,,,,,,,,,,,,,,,,,,,,,,,,,,,,,,,,,,,,,,,,,,,,,,,,,,,,,,,,,,,,,,,,,,,,,,,,,,,,,,,,,,,,,,,,,,,,,,,,,,,,,
,,,488,mandi_mandi_dchb_part_b_primary_census_abstract.pdf,Mandi,,,,,,,,,,,,,,,,,,,,,,,,,,,,,,,,,,,,,,,,,,,,,,,,,,,,,,,,,,,,,,,,,,,,,,,,,,,,,,,,,,,,,,,,,,,,,,,,,,,,,,,,,,,,,,,,,,,,,,,,,,,,,,,,,,,,,,,,,,,,,"(0202700136)
0 (0%) 0 (0%) 0 (0%) 0 (0%) 0 (0%) 0 (0%) 0 (0%)Urban",,
(0202700138),,,488,mandi_mandi_dchb_part_b_primary_census_abstract.pdf,Mandi,,,,,,,,,,,,,,,,,,,,,,,,,,,,,,,,,,,,,,,,,,,,,,,,,,,,,,,,,,,,,,,,,,,,,,,,,,,,,,,,,,,,,,,,,,,,,,,,,,,,,,,,,,,,,,,,,,,,,,,,,,,,,,,,,,,,,,,,,,,,,,,
,,,488,mandi_mandi_dchb_part_b_primary_census_abstract.pdf,Mandi,,,,,,,,,,,,,,,,,,,,,,,,,,,,,,,,,,,,,,,,,,,,,,,,,,,,,,,,,,,,,,,,,,,,,,,,,,,,,,,,,,,,,,,,,,,,,,,,,,,,,,,,,,,,,,,,,,,,,,,,,,,,,,,,,,,,,,,,,,,,,,0 (0%) 0 (0%) 0 (0%) 0 (0%) 0 (0%) 0 (0%) 0 (0%)Urban,
(02027),,,488,mandi_mandi_dchb_part_b_primary_census_abstract.pdf,Mandi,,,,,,,,,,,,,,,,,,,,,,,,,,,,,,,,,,,,,,,,,,,,,,,,,,,,,,,,,,,,,,,,,,,,,,,,,,,,,,,,,,,,,,,,,,,,,,,,,,,,,,,,,,,,,,,,,,,,,,,,,,,,,,,,,,,,,,,,,,,,,,,
,,,488,mandi_mandi_dchb_part_b_primary_census_abstract.pdf,Mandi,,,,,,,,,,,,,,,,,,,,,,,,,,,,,,,,,,,,,,,,,,,,,,,,,,,,,,,,,,,,,,,,,,,,,,,,,,,,,,,,,,,,,,,,,,,,,,,,,,,,,,,,,,,,,,,,,,,,,,,,,,,,,,,,,,,,,,,,,,,,,,,"1,347 (8.45%) 9,027 (56.62%) 4,311 (27.04%) 1,887 (11.84%) 5,394 (33.83%) 3,774 (23.67%) 541 (3.39%)Urban"
