raw_State,raw_District,raw_Date,raw_Year,raw_Month,raw_Avg_rainfall,raw_Agency_name
Himachal Pradesh,Mandi,2018-08-02,2018,08,4.653736253,NRSC VIC MODEL
Himachal Pradesh,Mandi,2018-08-06,2018,08,2.477720854,NRSC VIC MODEL
Himachal Pradesh,Mandi,2018-08-15,2018,08,0.1305777,NRSC VIC MODEL
Himachal Pradesh,Mandi,2018-08-22,2018,08,11.41987671,NRSC VIC MODEL
Himachal Pradesh,Mandi,2018-08-21,2018,08,0.442022892,NRSC VIC MODEL
Himachal Pradesh,Mandi,2018-08-26,2018,08,0.159956684,NRSC VIC MODEL
Himachal Pradesh,Mandi,2018-09-03,2018,09,13.09829347,NRSC VIC MODEL
Himachal Pradesh,Mandi,2018-09-14,2018,09,11.14699768,NRSC VIC MODEL
Himachal Pradesh,Mandi,2018-09-19,2018,09,0.0,NRSC VIC MODEL
Himachal Pradesh,Mandi,2018-09-24,2018,09,82.65681616,NRSC VIC MODEL
Himachal Pradesh,Mandi,2018-09-27,2018,09,1.613094625,NRSC VIC MODEL
Himachal Pradesh,Mandi,2018-10-01,2018,10,0.168371603,NRSC VIC MODEL
Himachal Pradesh,Mandi,2018-10-03,2018,10,0.105912136,NRSC VIC MODEL
Himachal Pradesh,Mandi,2018-10-05,2018,10,0.0,NRSC VIC MODEL
Himachal Pradesh,Mandi,2018-10-10,2018,10,2.038214449,NRSC VIC MODEL
Himachal Pradesh,Mandi,2018-10-12,2018,10,0.0605022,NRSC VIC MODEL
Himachal Pradesh,Mandi,2018-10-15,2018,10,0.0,NRSC VIC MODEL
Himachal Pradesh,Mandi,2018-10-09,2018,10,0.503916482,NRSC VIC MODEL
Himachal Pradesh,Mandi,2018-10-16,2018,10,0.0,NRSC VIC MODEL
Himachal Pradesh,Mandi,2018-11-03,2018,11,2.431818272,NRSC VIC MODEL
Himachal Pradesh,Mandi,2018-11-19,2018,11,0.0,NRSC VIC MODEL
Himachal Pradesh,Mandi,2018-12-01,2018,12,0.0,NRSC VIC MODEL
Himachal Pradesh,Mandi,2018-12-09,2018,12,0.0,NRSC VIC MODEL
Himachal Pradesh,Mandi,2018-12-19,2018,12,0.0,NRSC VIC MODEL
Himachal Pradesh,Mandi,2018-12-21,2018,12,0.0,NRSC VIC MODEL
Himachal Pradesh,Mandi,2018-12-26,2018,12,0.00053259,NRSC VIC MODEL
Himachal Pradesh,Mandi,2018-12-29,2018,12,0.0,NRSC VIC MODEL
Himachal Pradesh,Mandi,2018-07-27,2018,07,41.68309956,NRSC VIC MODEL
Himachal Pradesh,Mandi,2018-07-28,2018,07,2.001179487,NRSC VIC MODEL
Himachal Pradesh,Mandi,2018-07-30,2018,07,0.517291143,NRSC VIC MODEL
Himachal Pradesh,Mandi,2018-07-31,2018,07,0.257240866,NRSC VIC MODEL
Himachal Pradesh,Mandi,2018-08-03,2018,08,18.30567012,NRSC VIC MODEL
Himachal Pradesh,Mandi,2018-08-07,2018,08,8.018285672,NRSC VIC MODEL
Himachal Pradesh,Mandi,2018-08-14,2018,08,1.412960699,NRSC VIC MODEL
Himachal Pradesh,Mandi,2018-08-12,2018,08,67.40562169,NRSC VIC MODEL
Himachal Pradesh,Mandi,2018-08-16,2018,08,2.682275276,NRSC VIC MODEL
Himachal Pradesh,Mandi,2018-08-17,2018,08,28.1616169,NRSC VIC MODEL
Himachal Pradesh,Mandi,2018-08-20,2018,08,5.367166899,NRSC VIC MODEL
Himachal Pradesh,Mandi,2018-08-19,2018,08,1.994302421,NRSC VIC MODEL
Himachal Pradesh,Mandi,2018-08-24,2018,08,35.61963809,NRSC VIC MODEL
Himachal Pradesh,Mandi,2018-08-28,2018,08,9.775612269,NRSC VIC MODEL
Himachal Pradesh,Mandi,2018-08-30,2018,08,12.96143121,NRSC VIC MODEL
Himachal Pradesh,Mandi,2018-09-10,2018,09,1.385246058,NRSC VIC MODEL
Himachal Pradesh,Mandi,2018-09-11,2018,09,2.513064844,NRSC VIC MODEL
Himachal Pradesh,Mandi,2018-09-21,2018,09,1.947833963,NRSC VIC MODEL
Himachal Pradesh,Mandi,2018-10-06,2018,10,0.0,NRSC VIC MODEL
Himachal Pradesh,Mandi,2018-10-07,2018,10,0.004254061,NRSC VIC MODEL
Himachal Pradesh,Mandi,2018-10-31,2018,10,0.0,NRSC VIC MODEL
Himachal Pradesh,Mandi,2018-11-02,2018,11,12.13987153,NRSC VIC MODEL
Himachal Pradesh,Mandi,2018-11-09,2018,11,0.029106032,NRSC VIC MODEL
Himachal Pradesh,Mandi,2018-11-10,2018,11,0.114926218,NRSC VIC MODEL
Himachal Pradesh,Mandi,2018-11-12,2018,11,0.0,NRSC VIC MODEL
Himachal Pradesh,Mandi,2018-11-16,2018,11,0.0,NRSC VIC MODEL
Himachal Pradesh,Mandi,2018-11-22,2018,11,0.0,NRSC VIC MODEL
Himachal Pradesh,Mandi,2018-11-20,2018,11,0.0,NRSC VIC MODEL
Himachal Pradesh,Mandi,2018-11-30,2018,11,0.0,NRSC VIC MODEL
Himachal Pradesh,Mandi,2018-12-02,2018,12,0.127521967,NRSC VIC MODEL
Himachal Pradesh,Mandi,2018-12-03,2018,12,0.0,NRSC VIC MODEL
Himachal Pradesh,Mandi,2018-12-10,2018,12,2.491541559,NRSC VIC MODEL
Himachal Pradesh,Mandi,2018-12-13,2018,12,13.42775352,NRSC VIC MODEL
Himachal Pradesh,Mandi,2018-12-14,2018,12,0.0,NRSC VIC MODEL
Himachal Pradesh,Mandi,2018-12-17,2018,12,0.0,NRSC VIC MODEL
Himachal Pradesh,Mandi,2018-07-29,2018,07,0.004527013,NRSC VIC MODEL
Himachal Pradesh,Mandi,2018-08-08,2018,08,14.2853429,NRSC VIC MODEL
Himachal Pradesh,Mandi,2018-08-23,2018,08,26.70870531,NRSC VIC MODEL
Himachal Pradesh,Mandi,2018-09-06,2018,09,25.69629873,NRSC VIC MODEL
Himachal Pradesh,Mandi,2018-09-09,2018,09,42.58202457,NRSC VIC MODEL
Himachal Pradesh,Mandi,2018-09-08,2018,09,1.532640281,NRSC VIC MODEL
Himachal Pradesh,Mandi,2018-09-13,2018,09,37.39103838,NRSC VIC MODEL
Himachal Pradesh,Mandi,2018-09-15,2018,09,0.557847855,NRSC VIC MODEL
Himachal Pradesh,Mandi,2018-09-18,2018,09,0.0,NRSC VIC MODEL
Himachal Pradesh,Mandi,2018-09-28,2018,09,0.924029962,NRSC VIC MODEL
Himachal Pradesh,Mandi,2018-09-30,2018,09,0.302963699,NRSC VIC MODEL
Himachal Pradesh,Mandi,2018-10-02,2018,10,0.071566752,NRSC VIC MODEL
Himachal Pradesh,Mandi,2018-10-08,2018,10,0.010871489,NRSC VIC MODEL
Himachal Pradesh,Mandi,2018-10-11,2018,10,24.86089837,NRSC VIC MODEL
Himachal Pradesh,Mandi,2018-10-13,2018,10,0.0,NRSC VIC MODEL
Himachal Pradesh,Mandi,2018-10-27,2018,10,0.0,NRSC VIC MODEL
Himachal Pradesh,Mandi,2018-10-23,2018,10,0.0,NRSC VIC MODEL
Himachal Pradesh,Mandi,2018-11-08,2018,11,0.027002302,NRSC VIC MODEL
Himachal Pradesh,Mandi,2018-11-06,2018,11,0.0,NRSC VIC MODEL
Himachal Pradesh,Mandi,2018-11-13,2018,11,0.541177795,NRSC VIC MODEL
Himachal Pradesh,Mandi,2018-11-14,2018,11,33.29140188,NRSC VIC MODEL
Himachal Pradesh,Mandi,2018-11-26,2018,11,0.0,NRSC VIC MODEL
Himachal Pradesh,Mandi,2018-12-05,2018,12,0.0,NRSC VIC MODEL
Himachal Pradesh,Mandi,2018-12-06,2018,12,0.0,NRSC VIC MODEL
Himachal Pradesh,Mandi,2018-12-07,2018,12,0.0,NRSC VIC MODEL
Himachal Pradesh,Mandi,2018-12-08,2018,12,0.0,NRSC VIC MODEL
Himachal Pradesh,Mandi,2018-12-16,2018,12,0.0,NRSC VIC MODEL
Himachal Pradesh,Mandi,2018-12-22,2018,12,0.0,NRSC VIC MODEL
Himachal Pradesh,Mandi,2018-12-28,2018,12,0.0,NRSC VIC MODEL
Himachal Pradesh,Mandi,2018-12-30,2018,12,0.0,NRSC VIC MODEL
Himachal Pradesh,Mandi,2018-12-31,2018,12,0.0,NRSC VIC MODEL
Himachal Pradesh,Mandi,2018-07-25,2018,07,10.49748446,NRSC VIC MODEL
Himachal Pradesh,Mandi,2018-08-01,2018,08,0.237961116,NRSC VIC MODEL
Himachal Pradesh,Mandi,2018-08-04,2018,08,18.90612516,NRSC VIC MODEL
Himachal Pradesh,Mandi,2018-08-13,2018,08,66.20338014,NRSC VIC MODEL
Himachal Pradesh,Mandi,2018-08-18,2018,08,10.95535856,NRSC VIC MODEL
Himachal Pradesh,Mandi,2018-08-27,2018,08,0.313722013,NRSC VIC MODEL
Himachal Pradesh,Mandi,2018-09-02,2018,09,10.12111658,NRSC VIC MODEL
Himachal Pradesh,Mandi,2018-09-07,2018,09,33.4606456,NRSC VIC MODEL
Himachal Pradesh,Mandi,2018-09-12,2018,09,5.579144291,NRSC VIC MODEL
Himachal Pradesh,Mandi,2018-09-20,2018,09,0.0,NRSC VIC MODEL
Himachal Pradesh,Mandi,2018-09-23,2018,09,20.69409564,NRSC VIC MODEL
Himachal Pradesh,Mandi,2018-09-26,2018,09,0.31241051,NRSC VIC MODEL
Himachal Pradesh,Mandi,2018-10-18,2018,10,0.0,NRSC VIC MODEL
Himachal Pradesh,Mandi,2018-10-19,2018,10,0.0,NRSC VIC MODEL
Himachal Pradesh,Mandi,2018-10-20,2018,10,0.0,NRSC VIC MODEL
Himachal Pradesh,Mandi,2018-10-21,2018,10,0.0,NRSC VIC MODEL
Himachal Pradesh,Mandi,2018-10-24,2018,10,0.0,NRSC VIC MODEL
Himachal Pradesh,Mandi,2018-10-26,2018,10,0.0,NRSC VIC MODEL
Himachal Pradesh,Mandi,2018-10-28,2018,10,0.074922068,NRSC VIC MODEL
Himachal Pradesh,Mandi,2018-11-01,2018,11,0.0,NRSC VIC MODEL
Himachal Pradesh,Mandi,2018-11-15,2018,11,0.0,NRSC VIC MODEL
Himachal Pradesh,Mandi,2018-11-18,2018,11,0.0,NRSC VIC MODEL
Himachal Pradesh,Mandi,2018-11-21,2018,11,0.0,NRSC VIC MODEL
Himachal Pradesh,Mandi,2018-12-27,2018,12,0.000798885,NRSC VIC MODEL
Himachal Pradesh,Mandi,2018-07-24,2018,07,11.60020496,NRSC VIC MODEL
Himachal Pradesh,Mandi,2018-07-26,2018,07,58.85032573,NRSC VIC MODEL
Himachal Pradesh,Mandi,2018-08-05,2018,08,9.46626415,NRSC VIC MODEL
Himachal Pradesh,Mandi,2018-08-09,2018,08,22.90658678,NRSC VIC MODEL
Himachal Pradesh,Mandi,2018-08-10,2018,08,0.144371776,NRSC VIC MODEL
Himachal Pradesh,Mandi,2018-08-11,2018,08,16.17994451,NRSC VIC MODEL
Himachal Pradesh,Mandi,2018-08-25,2018,08,2.450758496,NRSC VIC MODEL
Himachal Pradesh,Mandi,2018-08-31,2018,08,9.285516492,NRSC VIC MODEL
Himachal Pradesh,Mandi,2018-08-29,2018,08,2.651950945,NRSC VIC MODEL
Himachal Pradesh,Mandi,2018-09-01,2018,09,1.198659884,NRSC VIC MODEL
Himachal Pradesh,Mandi,2018-09-04,2018,09,17.14256726,NRSC VIC MODEL
Himachal Pradesh,Mandi,2018-09-05,2018,09,2.093657046,NRSC VIC MODEL
Himachal Pradesh,Mandi,2018-09-16,2018,09,0.141083034,NRSC VIC MODEL
Himachal Pradesh,Mandi,2018-09-17,2018,09,0.0,NRSC VIC MODEL
Himachal Pradesh,Mandi,2018-09-22,2018,09,192.3849581,NRSC VIC MODEL
Himachal Pradesh,Mandi,2018-09-25,2018,09,0.308482661,NRSC VIC MODEL
Himachal Pradesh,Mandi,2018-09-29,2018,09,0.923550631,NRSC VIC MODEL
Himachal Pradesh,Mandi,2018-10-04,2018,10,0.246269516,NRSC VIC MODEL
Himachal Pradesh,Mandi,2018-10-14,2018,10,0.039531477,NRSC VIC MODEL
Himachal Pradesh,Mandi,2018-10-17,2018,10,0.0,NRSC VIC MODEL
Himachal Pradesh,Mandi,2018-10-22,2018,10,0.004247404,NRSC VIC MODEL
Himachal Pradesh,Mandi,2018-10-25,2018,10,0.0,NRSC VIC MODEL
Himachal Pradesh,Mandi,2018-10-29,2018,10,0.071253856,NRSC VIC MODEL
Himachal Pradesh,Mandi,2018-10-30,2018,10,0.0,NRSC VIC MODEL
Himachal Pradesh,Mandi,2018-11-04,2018,11,0.367893051,NRSC VIC MODEL
Himachal Pradesh,Mandi,2018-11-05,2018,11,0.0,NRSC VIC MODEL
Himachal Pradesh,Mandi,2018-11-07,2018,11,0.015145522,NRSC VIC MODEL
Himachal Pradesh,Mandi,2018-11-11,2018,11,0.0,NRSC VIC MODEL
Himachal Pradesh,Mandi,2018-11-17,2018,11,0.0,NRSC VIC MODEL
Himachal Pradesh,Mandi,2018-11-23,2018,11,0.0,NRSC VIC MODEL
Himachal Pradesh,Mandi,2018-11-24,2018,11,0.0,NRSC VIC MODEL
Himachal Pradesh,Mandi,2018-11-25,2018,11,0.0,NRSC VIC MODEL
Himachal Pradesh,Mandi,2018-11-27,2018,11,0.416924598,NRSC VIC MODEL
Himachal Pradesh,Mandi,2018-11-28,2018,11,0.0,NRSC VIC MODEL
Himachal Pradesh,Mandi,2018-11-29,2018,11,0.0,NRSC VIC MODEL
Himachal Pradesh,Mandi,2018-12-04,2018,12,0.0,NRSC VIC MODEL
Himachal Pradesh,Mandi,2018-12-11,2018,12,0.0,NRSC VIC MODEL
Himachal Pradesh,Mandi,2018-12-12,2018,12,0.335578166,NRSC VIC MODEL
Himachal Pradesh,Mandi,2018-12-15,2018,12,0.0,NRSC VIC MODEL
Himachal Pradesh,Mandi,2018-12-18,2018,12,0.0,NRSC VIC MODEL
Himachal Pradesh,Mandi,2018-12-20,2018,12,0.0,NRSC VIC MODEL
Himachal Pradesh,Mandi,2018-12-24,2018,12,0.0,NRSC VIC MODEL
Himachal Pradesh,Mandi,2018-12-23,2018,12,0.0,NRSC VIC MODEL
Himachal Pradesh,Mandi,2018-12-25,2018,12,0.0,NRSC VIC MODEL
Himachal Pradesh,Mandi,2019-01-02,2019,01,0.0,NRSC VIC MODEL
Himachal Pradesh,Mandi,2019-01-10,2019,01,0.280055681,NRSC VIC MODEL
Himachal Pradesh,Mandi,2019-01-15,2019,01,0.0,NRSC VIC MODEL
Himachal Pradesh,Mandi,2019-01-17,2019,01,0.0,NRSC VIC MODEL
Himachal Pradesh,Mandi,2019-01-20,2019,01,4.673368844,NRSC VIC MODEL
Himachal Pradesh,Mandi,2019-01-24,2019,01,0.519368243,NRSC VIC MODEL
Himachal Pradesh,Mandi,2019-01-26,2019,01,0.501879326,NRSC VIC MODEL
Himachal Pradesh,Mandi,2019-02-08,2019,02,3.329072283,NRSC VIC MODEL
Himachal Pradesh,Mandi,2019-02-09,2019,02,0.0,NRSC VIC MODEL
Himachal Pradesh,Mandi,2019-02-11,2019,02,0.0,NRSC VIC MODEL
Himachal Pradesh,Mandi,2019-02-13,2019,02,1.076676852,NRSC VIC MODEL
Himachal Pradesh,Mandi,2019-02-16,2019,02,0.001617741,NRSC VIC MODEL
Himachal Pradesh,Mandi,2019-02-19,2019,02,3.762573738,NRSC VIC MODEL
Himachal Pradesh,Mandi,2019-02-22,2019,02,0.859400192,NRSC VIC MODEL
Himachal Pradesh,Mandi,2019-02-25,2019,02,0.836558747,NRSC VIC MODEL
Himachal Pradesh,Mandi,2019-03-02,2019,03,17.83303663,NRSC VIC MODEL
Himachal Pradesh,Mandi,2019-03-03,2019,03,0.023786791,NRSC VIC MODEL
Himachal Pradesh,Mandi,2019-03-04,2019,03,20.42744125,NRSC VIC MODEL
Himachal Pradesh,Mandi,2019-03-06,2019,03,0.0,NRSC VIC MODEL
Himachal Pradesh,Mandi,2019-03-09,2019,03,0.0,NRSC VIC MODEL
Himachal Pradesh,Mandi,2019-03-13,2019,03,2.55652417,NRSC VIC MODEL
Himachal Pradesh,Mandi,2019-03-14,2019,03,9.477035778,NRSC VIC MODEL
Himachal Pradesh,Mandi,2019-03-18,2019,03,0.0,NRSC VIC MODEL
Himachal Pradesh,Mandi,2019-03-27,2019,03,0.31882156,NRSC VIC MODEL
Himachal Pradesh,Mandi,2019-04-02,2019,04,0.094674492,NRSC VIC MODEL
Himachal Pradesh,Mandi,2019-04-07,2019,04,0.691361457,NRSC VIC MODEL
Himachal Pradesh,Mandi,2019-04-08,2019,04,15.19868112,NRSC VIC MODEL
Himachal Pradesh,Mandi,2019-04-12,2019,04,0.290001795,NRSC VIC MODEL
Himachal Pradesh,Mandi,2019-04-18,2019,04,0.507751129,NRSC VIC MODEL
Himachal Pradesh,Mandi,2019-05-08,2019,05,0.272399703,NRSC VIC MODEL
Himachal Pradesh,Mandi,2019-05-12,2019,05,0.952343766,NRSC VIC MODEL
Himachal Pradesh,Mandi,2019-05-19,2019,05,0.06723946,NRSC VIC MODEL
Himachal Pradesh,Mandi,2019-05-20,2019,05,0.204754143,NRSC VIC MODEL
Himachal Pradesh,Mandi,2019-05-25,2019,05,0.421924285,NRSC VIC MODEL
Himachal Pradesh,Mandi,2019-05-27,2019,05,0.18312434,NRSC VIC MODEL
Himachal Pradesh,Mandi,2019-05-28,2019,05,0.064523252,NRSC VIC MODEL
Himachal Pradesh,Mandi,2019-06-01,2019,06,1.510571092,NRSC VIC MODEL
Himachal Pradesh,Mandi,2019-06-02,2019,06,0.004513698,NRSC VIC MODEL
Himachal Pradesh,Mandi,2019-06-07,2019,06,0.389869037,NRSC VIC MODEL
Himachal Pradesh,Mandi,2019-06-19,2019,06,1.808461873,NRSC VIC MODEL
Himachal Pradesh,Mandi,2019-06-20,2019,06,6.796364929,NRSC VIC MODEL
Himachal Pradesh,Mandi,2019-06-24,2019,06,21.2868947,NRSC VIC MODEL
Himachal Pradesh,Mandi,2019-06-25,2019,06,1.227659398,NRSC VIC MODEL
Himachal Pradesh,Mandi,2019-06-27,2019,06,0.377413094,NRSC VIC MODEL
Himachal Pradesh,Mandi,2019-07-04,2019,07,14.37232813,NRSC VIC MODEL
Himachal Pradesh,Mandi,2019-07-19,2019,07,14.93291882,NRSC VIC MODEL
Himachal Pradesh,Mandi,2019-07-26,2019,07,27.73623079,NRSC VIC MODEL
Himachal Pradesh,Mandi,2019-07-31,2019,07,9.607899746,NRSC VIC MODEL
Himachal Pradesh,Mandi,2019-08-06,2019,08,6.644370462,NRSC VIC MODEL
Himachal Pradesh,Mandi,2019-08-08,2019,08,20.38101939,NRSC VIC MODEL
Himachal Pradesh,Mandi,2019-08-12,2019,08,8.907297856,NRSC VIC MODEL
Himachal Pradesh,Mandi,2019-08-19,2019,08,5.863314228,NRSC VIC MODEL
Himachal Pradesh,Mandi,2019-09-04,2019,09,24.12270896,NRSC VIC MODEL
Himachal Pradesh,Mandi,2019-09-05,2019,09,3.337041157,NRSC VIC MODEL
Himachal Pradesh,Mandi,2019-09-15,2019,09,2.325733044,NRSC VIC MODEL
Himachal Pradesh,Mandi,2019-09-20,2019,09,4.324675654,NRSC VIC MODEL
Himachal Pradesh,Mandi,2019-10-04,2019,10,1.755935206,NRSC VIC MODEL
Himachal Pradesh,Mandi,2019-10-06,2019,10,0.299868021,NRSC VIC MODEL
Himachal Pradesh,Mandi,2019-10-07,2019,10,1.010369423,NRSC VIC MODEL
Himachal Pradesh,Mandi,2019-10-08,2019,10,0.127834863,NRSC VIC MODEL
Himachal Pradesh,Mandi,2019-10-25,2019,10,0.020890834,NRSC VIC MODEL
Himachal Pradesh,Mandi,2019-10-27,2019,10,0.0,NRSC VIC MODEL
Himachal Pradesh,Mandi,2019-11-02,2019,11,0.230584747,NRSC VIC MODEL
Himachal Pradesh,Mandi,2019-11-07,2019,11,16.38195582,NRSC VIC MODEL
Himachal Pradesh,Mandi,2019-11-17,2019,11,0.0,NRSC VIC MODEL
Himachal Pradesh,Mandi,2019-11-19,2019,11,0.042906765,NRSC VIC MODEL
Himachal Pradesh,Mandi,2019-11-30,2019,11,0.0,NRSC VIC MODEL
Himachal Pradesh,Mandi,2019-12-06,2019,12,0.0,NRSC VIC MODEL
Himachal Pradesh,Mandi,2019-12-07,2019,12,0.032008646,NRSC VIC MODEL
Himachal Pradesh,Mandi,2019-12-27,2019,12,0.0,NRSC VIC MODEL
Himachal Pradesh,Mandi,2019-01-01,2019,01,0.723762888,NRSC VIC MODEL
Himachal Pradesh,Mandi,2019-01-04,2019,01,0.216764042,NRSC VIC MODEL
Himachal Pradesh,Mandi,2019-01-05,2019,01,0.942490855,NRSC VIC MODEL
Himachal Pradesh,Mandi,2019-01-07,2019,01,0.0,NRSC VIC MODEL
Himachal Pradesh,Mandi,2019-01-08,2019,01,0.0,NRSC VIC MODEL
Himachal Pradesh,Mandi,2019-01-09,2019,01,0.0,NRSC VIC MODEL
Himachal Pradesh,Mandi,2019-01-22,2019,01,25.9886639,NRSC VIC MODEL
Himachal Pradesh,Mandi,2019-01-25,2019,01,0.652841901,NRSC VIC MODEL
Himachal Pradesh,Mandi,2019-01-27,2019,01,0.061127993,NRSC VIC MODEL
Himachal Pradesh,Mandi,2019-01-31,2019,01,8.955543833,NRSC VIC MODEL
Himachal Pradesh,Mandi,2019-02-04,2019,02,0.0,NRSC VIC MODEL
Himachal Pradesh,Mandi,2019-02-05,2019,02,0.128360796,NRSC VIC MODEL
Himachal Pradesh,Mandi,2019-02-20,2019,02,6.01098806,NRSC VIC MODEL
Himachal Pradesh,Mandi,2019-02-23,2019,02,0.0,NRSC VIC MODEL
Himachal Pradesh,Mandi,2019-03-17,2019,03,1.654982812,NRSC VIC MODEL
Himachal Pradesh,Mandi,2019-03-20,2019,03,15.99746594,NRSC VIC MODEL
Himachal Pradesh,Mandi,2019-03-26,2019,03,0.0,NRSC VIC MODEL
Himachal Pradesh,Mandi,2019-03-31,2019,03,0.389389706,NRSC VIC MODEL
Himachal Pradesh,Mandi,2019-04-03,2019,04,0.11142444,NRSC VIC MODEL
Himachal Pradesh,Mandi,2019-04-17,2019,04,24.1499709,NRSC VIC MODEL
Himachal Pradesh,Mandi,2019-04-23,2019,04,0.145097429,NRSC VIC MODEL
Himachal Pradesh,Mandi,2019-04-25,2019,04,3.865283678,NRSC VIC MODEL
Himachal Pradesh,Mandi,2019-04-26,2019,04,0.221251111,NRSC VIC MODEL
Himachal Pradesh,Mandi,2019-05-01,2019,05,2.316545871,NRSC VIC MODEL
Himachal Pradesh,Mandi,2019-05-02,2019,05,2.675491413,NRSC VIC MODEL
Himachal Pradesh,Mandi,2019-05-03,2019,05,0.082837684,NRSC VIC MODEL
Himachal Pradesh,Mandi,2019-05-07,2019,05,0.004693447,NRSC VIC MODEL
Himachal Pradesh,Mandi,2019-05-10,2019,05,4.638697249,NRSC VIC MODEL
Himachal Pradesh,Mandi,2019-05-14,2019,05,4.220447833,NRSC VIC MODEL
Himachal Pradesh,Mandi,2019-06-04,2019,06,1.289359925,NRSC VIC MODEL
Himachal Pradesh,Mandi,2019-06-09,2019,06,0.024206206,NRSC VIC MODEL
Himachal Pradesh,Mandi,2019-06-10,2019,06,0.160582477,NRSC VIC MODEL
Himachal Pradesh,Mandi,2019-06-21,2019,06,0.242428213,NRSC VIC MODEL
Himachal Pradesh,Mandi,2019-06-22,2019,06,0.359391587,NRSC VIC MODEL
Himachal Pradesh,Mandi,2019-07-01,2019,07,8.20962521,NRSC VIC MODEL
Himachal Pradesh,Mandi,2019-07-06,2019,07,5.678465628,NRSC VIC MODEL
Himachal Pradesh,Mandi,2019-07-07,2019,07,7.351849417,NRSC VIC MODEL
Himachal Pradesh,Mandi,2019-07-09,2019,07,102.8354914,NRSC VIC MODEL
Himachal Pradesh,Mandi,2019-07-10,2019,07,18.63891821,NRSC VIC MODEL
Himachal Pradesh,Mandi,2019-07-11,2019,07,4.749169685,NRSC VIC MODEL
Himachal Pradesh,Mandi,2019-07-12,2019,07,8.946230169,NRSC VIC MODEL
Himachal Pradesh,Mandi,2019-07-15,2019,07,19.04676215,NRSC VIC MODEL
Himachal Pradesh,Mandi,2019-07-18,2019,07,2.807500449,NRSC VIC MODEL
Himachal Pradesh,Mandi,2019-07-23,2019,07,0.155516217,NRSC VIC MODEL
Himachal Pradesh,Mandi,2019-07-24,2019,07,19.95366935,NRSC VIC MODEL
Himachal Pradesh,Mandi,2019-07-27,2019,07,9.519796081,NRSC VIC MODEL
Himachal Pradesh,Mandi,2019-07-28,2019,07,3.573297986,NRSC VIC MODEL
Himachal Pradesh,Mandi,2019-08-02,2019,08,21.21566748,NRSC VIC MODEL
Himachal Pradesh,Mandi,2019-08-03,2019,08,0.539386962,NRSC VIC MODEL
Himachal Pradesh,Mandi,2019-08-11,2019,08,65.11526592,NRSC VIC MODEL
Himachal Pradesh,Mandi,2019-08-14,2019,08,17.06554812,NRSC VIC MODEL
Himachal Pradesh,Mandi,2019-08-18,2019,08,56.21040466,NRSC VIC MODEL
Himachal Pradesh,Mandi,2019-08-21,2019,08,2.11335621,NRSC VIC MODEL
Himachal Pradesh,Mandi,2019-08-27,2019,08,5.831145805,NRSC VIC MODEL
Himachal Pradesh,Mandi,2019-09-06,2019,09,0.866310544,NRSC VIC MODEL
Himachal Pradesh,Mandi,2019-09-12,2019,09,13.06986649,NRSC VIC MODEL
Himachal Pradesh,Mandi,2019-09-13,2019,09,0.01509892,NRSC VIC MODEL
Himachal Pradesh,Mandi,2019-09-17,2019,09,0.013827362,NRSC VIC MODEL
Himachal Pradesh,Mandi,2019-09-29,2019,09,77.40488838,NRSC VIC MODEL
Himachal Pradesh,Mandi,2019-10-03,2019,10,1.35101385,NRSC VIC MODEL
Himachal Pradesh,Mandi,2019-10-11,2019,10,0.031722379,NRSC VIC MODEL
Himachal Pradesh,Mandi,2019-10-12,2019,10,0.055176302,NRSC VIC MODEL
Himachal Pradesh,Mandi,2019-10-14,2019,10,0.226643583,NRSC VIC MODEL
Himachal Pradesh,Mandi,2019-10-19,2019,10,0.856936964,NRSC VIC MODEL
Himachal Pradesh,Mandi,2019-11-08,2019,11,3.518827366,NRSC VIC MODEL
Himachal Pradesh,Mandi,2019-11-12,2019,11,0.127728345,NRSC VIC MODEL
Himachal Pradesh,Mandi,2019-11-20,2019,11,0.0,NRSC VIC MODEL
Himachal Pradesh,Mandi,2019-11-22,2019,11,6.829538615,NRSC VIC MODEL
Himachal Pradesh,Mandi,2019-11-24,2019,11,0.0,NRSC VIC MODEL
Himachal Pradesh,Mandi,2019-11-28,2019,11,22.02845275,NRSC VIC MODEL
Himachal Pradesh,Mandi,2019-12-02,2019,12,0.0,NRSC VIC MODEL
Himachal Pradesh,Mandi,2019-12-03,2019,12,0.0,NRSC VIC MODEL
Himachal Pradesh,Mandi,2019-12-05,2019,12,0.0,NRSC VIC MODEL
Himachal Pradesh,Mandi,2019-12-09,2019,12,0.0,NRSC VIC MODEL
Himachal Pradesh,Mandi,2019-12-12,2019,12,22.5680594,NRSC VIC MODEL
Himachal Pradesh,Mandi,2019-12-15,2019,12,0.12069816,NRSC VIC MODEL
Himachal Pradesh,Mandi,2019-12-16,2019,12,0.10192437,NRSC VIC MODEL
Himachal Pradesh,Mandi,2019-12-20,2019,12,9.735914358,NRSC VIC MODEL
Himachal Pradesh,Mandi,2019-12-26,2019,12,0.0,NRSC VIC MODEL
Himachal Pradesh,Mandi,2019-12-30,2019,12,0.01930638,NRSC VIC MODEL
Himachal Pradesh,Mandi,2019-06-28,2019,06,0.004100941,NRSC VIC MODEL
Himachal Pradesh,Mandi,2019-07-25,2019,07,8.608841198,NRSC VIC MODEL
Himachal Pradesh,Mandi,2019-08-09,2019,08,18.77537437,NRSC VIC MODEL
Himachal Pradesh,Mandi,2019-08-10,2019,08,12.61985476,NRSC VIC MODEL
Himachal Pradesh,Mandi,2019-08-20,2019,08,0.0,NRSC VIC MODEL
Himachal Pradesh,Mandi,2019-08-22,2019,08,5.282871251,NRSC VIC MODEL
Himachal Pradesh,Mandi,2019-08-24,2019,08,21.0828529,NRSC VIC MODEL
Himachal Pradesh,Mandi,2019-08-26,2019,08,11.90346158,NRSC VIC MODEL
Himachal Pradesh,Mandi,2019-08-30,2019,08,19.13860726,NRSC VIC MODEL
Himachal Pradesh,Mandi,2019-08-31,2019,08,0.342135678,NRSC VIC MODEL
Himachal Pradesh,Mandi,2019-09-02,2019,09,0.322523059,NRSC VIC MODEL
Himachal Pradesh,Mandi,2019-09-09,2019,09,0.0,NRSC VIC MODEL
Himachal Pradesh,Mandi,2019-09-10,2019,09,0.693571705,NRSC VIC MODEL
Himachal Pradesh,Mandi,2019-09-11,2019,09,4.134161631,NRSC VIC MODEL
Himachal Pradesh,Mandi,2019-09-22,2019,09,7.82275199,NRSC VIC MODEL
Himachal Pradesh,Mandi,2019-09-26,2019,09,17.48830458,NRSC VIC MODEL
Himachal Pradesh,Mandi,2019-10-01,2019,10,0.452102154,NRSC VIC MODEL
Himachal Pradesh,Mandi,2019-10-05,2019,10,0.0,NRSC VIC MODEL
Himachal Pradesh,Mandi,2019-10-09,2019,10,2.825888111,NRSC VIC MODEL
Himachal Pradesh,Mandi,2019-10-17,2019,10,0.323042334,NRSC VIC MODEL
Himachal Pradesh,Mandi,2019-10-18,2019,10,0.104873586,NRSC VIC MODEL
Himachal Pradesh,Mandi,2019-10-24,2019,10,0.0,NRSC VIC MODEL
Himachal Pradesh,Mandi,2019-10-29,2019,10,0.016936355,NRSC VIC MODEL
Himachal Pradesh,Mandi,2019-10-30,2019,10,0.140756823,NRSC VIC MODEL
Himachal Pradesh,Mandi,2019-10-31,2019,10,0.113761178,NRSC VIC MODEL
Himachal Pradesh,Mandi,2019-11-01,2019,11,0.0,NRSC VIC MODEL
Himachal Pradesh,Mandi,2019-11-03,2019,11,0.667155251,NRSC VIC MODEL
Himachal Pradesh,Mandi,2019-11-04,2019,11,0.435771619,NRSC VIC MODEL
Himachal Pradesh,Mandi,2019-11-05,2019,11,0.0,NRSC VIC MODEL
Himachal Pradesh,Mandi,2019-11-06,2019,11,8.499933244,NRSC VIC MODEL
Himachal Pradesh,Mandi,2019-11-11,2019,11,0.145929601,NRSC VIC MODEL
Himachal Pradesh,Mandi,2019-11-16,2019,11,0.041648521,NRSC VIC MODEL
Himachal Pradesh,Mandi,2019-11-26,2019,11,25.23662715,NRSC VIC MODEL
Himachal Pradesh,Mandi,2019-11-29,2019,11,8.649011782,NRSC VIC MODEL
Himachal Pradesh,Mandi,2019-12-17,2019,12,0.0,NRSC VIC MODEL
Himachal Pradesh,Mandi,2019-12-23,2019,12,0.0,NRSC VIC MODEL
Himachal Pradesh,Mandi,2019-12-28,2019,12,0.0,NRSC VIC MODEL
Himachal Pradesh,Mandi,2019-12-29,2019,12,0.0,NRSC VIC MODEL
Himachal Pradesh,Mandi,2019-12-31,2019,12,0.0,NRSC VIC MODEL
Himachal Pradesh,Mandi,2019-01-11,2019,01,0.0,NRSC VIC MODEL
Himachal Pradesh,Mandi,2019-01-12,2019,01,3.390273506,NRSC VIC MODEL
Himachal Pradesh,Mandi,2019-01-16,2019,01,0.017681981,NRSC VIC MODEL
Himachal Pradesh,Mandi,2019-01-23,2019,01,1.64794597,NRSC VIC MODEL
Himachal Pradesh,Mandi,2019-01-29,2019,01,0.0,NRSC VIC MODEL
Himachal Pradesh,Mandi,2019-01-30,2019,01,0.0,NRSC VIC MODEL
Himachal Pradesh,Mandi,2019-02-02,2019,02,0.0,NRSC VIC MODEL
Himachal Pradesh,Mandi,2019-02-10,2019,02,0.0,NRSC VIC MODEL
Himachal Pradesh,Mandi,2019-02-15,2019,02,21.49259419,NRSC VIC MODEL
Himachal Pradesh,Mandi,2019-02-18,2019,02,4.756299731,NRSC VIC MODEL
Himachal Pradesh,Mandi,2019-03-01,2019,03,0.366821214,NRSC VIC MODEL
Himachal Pradesh,Mandi,2019-03-07,2019,03,0.0,NRSC VIC MODEL
Himachal Pradesh,Mandi,2019-03-10,2019,03,0.029572048,NRSC VIC MODEL
Himachal Pradesh,Mandi,2019-03-22,2019,03,0.0,NRSC VIC MODEL
Himachal Pradesh,Mandi,2019-03-23,2019,03,0.026642804,NRSC VIC MODEL
Himachal Pradesh,Mandi,2019-03-29,2019,03,0.081346432,NRSC VIC MODEL
Himachal Pradesh,Mandi,2019-04-05,2019,04,0.671881986,NRSC VIC MODEL
Himachal Pradesh,Mandi,2019-04-09,2019,04,0.144338489,NRSC VIC MODEL
Himachal Pradesh,Mandi,2019-04-10,2019,04,0.17516878,NRSC VIC MODEL
Himachal Pradesh,Mandi,2019-04-11,2019,04,0.067485783,NRSC VIC MODEL
Himachal Pradesh,Mandi,2019-04-14,2019,04,0.440777963,NRSC VIC MODEL
Himachal Pradesh,Mandi,2019-04-15,2019,04,0.06371771,NRSC VIC MODEL
Himachal Pradesh,Mandi,2019-04-22,2019,04,0.429853215,NRSC VIC MODEL
Himachal Pradesh,Mandi,2019-04-24,2019,04,21.060098,NRSC VIC MODEL
Himachal Pradesh,Mandi,2019-04-27,2019,04,0.270788619,NRSC VIC MODEL
Himachal Pradesh,Mandi,2019-04-30,2019,04,1.954391474,NRSC VIC MODEL
Himachal Pradesh,Mandi,2019-05-04,2019,05,0.250437032,NRSC VIC MODEL
Himachal Pradesh,Mandi,2019-05-15,2019,05,3.256260602,NRSC VIC MODEL
Himachal Pradesh,Mandi,2019-05-16,2019,05,7.840094445,NRSC VIC MODEL
Himachal Pradesh,Mandi,2019-05-17,2019,05,3.470774452,NRSC VIC MODEL
Himachal Pradesh,Mandi,2019-05-21,2019,05,0.0,NRSC VIC MODEL
Himachal Pradesh,Mandi,2019-05-23,2019,05,6.215955239,NRSC VIC MODEL
Himachal Pradesh,Mandi,2019-05-26,2019,05,0.139818133,NRSC VIC MODEL
Himachal Pradesh,Mandi,2019-05-31,2019,05,0.1802883,NRSC VIC MODEL
Himachal Pradesh,Mandi,2019-06-08,2019,06,0.095466719,NRSC VIC MODEL
Himachal Pradesh,Mandi,2019-06-13,2019,06,1.670048446,NRSC VIC MODEL
Himachal Pradesh,Mandi,2019-01-03,2019,01,0.0,NRSC VIC MODEL
Himachal Pradesh,Mandi,2019-01-13,2019,01,0.100133537,NRSC VIC MODEL
Himachal Pradesh,Mandi,2019-01-18,2019,01,1.365739957,NRSC VIC MODEL
Himachal Pradesh,Mandi,2019-01-28,2019,01,0.0,NRSC VIC MODEL
Himachal Pradesh,Mandi,2019-02-06,2019,02,22.79753903,NRSC VIC MODEL
Himachal Pradesh,Mandi,2019-02-12,2019,02,0.232628561,NRSC VIC MODEL
Himachal Pradesh,Mandi,2019-02-14,2019,02,20.68174622,NRSC VIC MODEL
Himachal Pradesh,Mandi,2019-02-21,2019,02,45.13718398,NRSC VIC MODEL
Himachal Pradesh,Mandi,2019-02-27,2019,02,7.092997467,NRSC VIC MODEL
Himachal Pradesh,Mandi,2019-03-08,2019,03,0.809310122,NRSC VIC MODEL
Himachal Pradesh,Mandi,2019-03-15,2019,03,3.330257295,NRSC VIC MODEL
Himachal Pradesh,Mandi,2019-03-16,2019,03,0.180061949,NRSC VIC MODEL
Himachal Pradesh,Mandi,2019-03-24,2019,03,0.121936431,NRSC VIC MODEL
Himachal Pradesh,Mandi,2019-03-28,2019,03,0.521272252,NRSC VIC MODEL
Himachal Pradesh,Mandi,2019-04-01,2019,04,0.939901137,NRSC VIC MODEL
Himachal Pradesh,Mandi,2019-04-04,2019,04,0.557854513,NRSC VIC MODEL
Himachal Pradesh,Mandi,2019-04-06,2019,04,2.882628896,NRSC VIC MODEL
Himachal Pradesh,Mandi,2019-04-13,2019,04,0.208808483,NRSC VIC MODEL
Himachal Pradesh,Mandi,2019-04-19,2019,04,0.061480833,NRSC VIC MODEL
Himachal Pradesh,Mandi,2019-04-20,2019,04,0.004094284,NRSC VIC MODEL
Himachal Pradesh,Mandi,2019-05-13,2019,05,5.433354495,NRSC VIC MODEL
Himachal Pradesh,Mandi,2019-05-22,2019,05,0.163485092,NRSC VIC MODEL
Himachal Pradesh,Mandi,2019-06-03,2019,06,9.641645966,NRSC VIC MODEL
Himachal Pradesh,Mandi,2019-06-05,2019,06,0.182691611,NRSC VIC MODEL
Himachal Pradesh,Mandi,2019-06-06,2019,06,1.805732351,NRSC VIC MODEL
Himachal Pradesh,Mandi,2019-06-12,2019,06,9.087712646,NRSC VIC MODEL
Himachal Pradesh,Mandi,2019-06-16,2019,06,0.0,NRSC VIC MODEL
Himachal Pradesh,Mandi,2019-06-30,2019,06,1.756647545,NRSC VIC MODEL
Himachal Pradesh,Mandi,2019-07-02,2019,07,0.0,NRSC VIC MODEL
Himachal Pradesh,Mandi,2019-07-03,2019,07,0.115598613,NRSC VIC MODEL
Himachal Pradesh,Mandi,2019-07-05,2019,07,7.659459962,NRSC VIC MODEL
Himachal Pradesh,Mandi,2019-07-08,2019,07,3.489787908,NRSC VIC MODEL
Himachal Pradesh,Mandi,2019-07-14,2019,07,3.896280403,NRSC VIC MODEL
Himachal Pradesh,Mandi,2019-07-17,2019,07,15.05921583,NRSC VIC MODEL
Himachal Pradesh,Mandi,2019-07-21,2019,07,1.632254543,NRSC VIC MODEL
Himachal Pradesh,Mandi,2019-07-22,2019,07,1.434477326,NRSC VIC MODEL
Himachal Pradesh,Mandi,2019-07-29,2019,07,4.051490381,NRSC VIC MODEL
Himachal Pradesh,Mandi,2019-07-30,2019,07,37.57470196,NRSC VIC MODEL
Himachal Pradesh,Mandi,2019-08-04,2019,08,0.894770811,NRSC VIC MODEL
Himachal Pradesh,Mandi,2019-08-05,2019,08,1.186736531,NRSC VIC MODEL
Himachal Pradesh,Mandi,2019-08-07,2019,08,14.07580877,NRSC VIC MODEL
Himachal Pradesh,Mandi,2019-08-13,2019,08,36.1992489,NRSC VIC MODEL
Himachal Pradesh,Mandi,2019-08-17,2019,08,150.2703143,NRSC VIC MODEL
Himachal Pradesh,Mandi,2019-08-25,2019,08,3.047438804,NRSC VIC MODEL
Himachal Pradesh,Mandi,2019-08-29,2019,08,7.606227613,NRSC VIC MODEL
Himachal Pradesh,Mandi,2019-09-07,2019,09,1.267210847,NRSC VIC MODEL
Himachal Pradesh,Mandi,2019-09-08,2019,09,0.0,NRSC VIC MODEL
Himachal Pradesh,Mandi,2019-09-25,2019,09,0.731944799,NRSC VIC MODEL
Himachal Pradesh,Mandi,2019-09-27,2019,09,6.984156087,NRSC VIC MODEL
Himachal Pradesh,Mandi,2019-09-30,2019,09,27.22921197,NRSC VIC MODEL
Himachal Pradesh,Mandi,2019-10-10,2019,10,0.037061592,NRSC VIC MODEL
Himachal Pradesh,Mandi,2019-10-16,2019,10,0.031955387,NRSC VIC MODEL
Himachal Pradesh,Mandi,2019-10-20,2019,10,0.0,NRSC VIC MODEL
Himachal Pradesh,Mandi,2019-10-21,2019,10,0.08069401,NRSC VIC MODEL
Himachal Pradesh,Mandi,2019-10-22,2019,10,0.016916383,NRSC VIC MODEL
Himachal Pradesh,Mandi,2019-10-23,2019,10,0.017235937,NRSC VIC MODEL
Himachal Pradesh,Mandi,2019-10-26,2019,10,0.041968075,NRSC VIC MODEL
Himachal Pradesh,Mandi,2019-10-28,2019,10,0.0041542,NRSC VIC MODEL
Himachal Pradesh,Mandi,2019-11-09,2019,11,0.001997212,NRSC VIC MODEL
Himachal Pradesh,Mandi,2019-11-13,2019,11,0.013181597,NRSC VIC MODEL
Himachal Pradesh,Mandi,2019-11-14,2019,11,4.500550116,NRSC VIC MODEL
Himachal Pradesh,Mandi,2019-11-23,2019,11,0.557821226,NRSC VIC MODEL
Himachal Pradesh,Mandi,2019-11-27,2019,11,14.43065337,NRSC VIC MODEL
Himachal Pradesh,Mandi,2019-12-04,2019,12,0.0,NRSC VIC MODEL
Himachal Pradesh,Mandi,2019-12-08,2019,12,0.0,NRSC VIC MODEL
Himachal Pradesh,Mandi,2019-12-10,2019,12,0.000266295,NRSC VIC MODEL
Himachal Pradesh,Mandi,2019-12-22,2019,12,0.0,NRSC VIC MODEL
Himachal Pradesh,Mandi,2019-12-24,2019,12,0.0,NRSC VIC MODEL
Himachal Pradesh,Mandi,2019-01-06,2019,01,0.874645574,NRSC VIC MODEL
Himachal Pradesh,Mandi,2019-01-14,2019,01,0.0,NRSC VIC MODEL
Himachal Pradesh,Mandi,2019-01-19,2019,01,0.030330988,NRSC VIC MODEL
Himachal Pradesh,Mandi,2019-01-21,2019,01,14.98009296,NRSC VIC MODEL
Himachal Pradesh,Mandi,2019-02-01,2019,02,13.14530118,NRSC VIC MODEL
Himachal Pradesh,Mandi,2019-02-03,2019,02,0.0,NRSC VIC MODEL
Himachal Pradesh,Mandi,2019-02-07,2019,02,45.21733209,NRSC VIC MODEL
Himachal Pradesh,Mandi,2019-02-17,2019,02,0.028520183,NRSC VIC MODEL
Himachal Pradesh,Mandi,2019-02-24,2019,02,0.0,NRSC VIC MODEL
Himachal Pradesh,Mandi,2019-02-26,2019,02,10.41639767,NRSC VIC MODEL
Himachal Pradesh,Mandi,2019-02-28,2019,02,0.032887419,NRSC VIC MODEL
Himachal Pradesh,Mandi,2019-03-05,2019,03,0.0,NRSC VIC MODEL
Himachal Pradesh,Mandi,2019-03-11,2019,03,8.926051674,NRSC VIC MODEL
Himachal Pradesh,Mandi,2019-03-12,2019,03,6.918820635,NRSC VIC MODEL
Himachal Pradesh,Mandi,2019-03-19,2019,03,4.354207758,NRSC VIC MODEL
Himachal Pradesh,Mandi,2019-03-21,2019,03,0.070168704,NRSC VIC MODEL
Himachal Pradesh,Mandi,2019-03-25,2019,03,5.4442859,NRSC VIC MODEL
Himachal Pradesh,Mandi,2019-03-30,2019,03,0.427097063,NRSC VIC MODEL
Himachal Pradesh,Mandi,2019-04-16,2019,04,9.639216025,NRSC VIC MODEL
Himachal Pradesh,Mandi,2019-04-21,2019,04,0.467860154,NRSC VIC MODEL
Himachal Pradesh,Mandi,2019-04-28,2019,04,0.258772062,NRSC VIC MODEL
Himachal Pradesh,Mandi,2019-04-29,2019,04,0.212496667,NRSC VIC MODEL
Himachal Pradesh,Mandi,2019-05-05,2019,05,0.282006291,NRSC VIC MODEL
Himachal Pradesh,Mandi,2019-05-06,2019,05,0.393464018,NRSC VIC MODEL
Himachal Pradesh,Mandi,2019-05-09,2019,05,0.099754067,NRSC VIC MODEL
Himachal Pradesh,Mandi,2019-05-11,2019,05,7.069816497,NRSC VIC MODEL
Himachal Pradesh,Mandi,2019-05-18,2019,05,8.054907878,NRSC VIC MODEL
Himachal Pradesh,Mandi,2019-05-24,2019,05,8.611810386,NRSC VIC MODEL
Himachal Pradesh,Mandi,2019-05-29,2019,05,0.021476683,NRSC VIC MODEL
Himachal Pradesh,Mandi,2019-05-30,2019,05,0.153745356,NRSC VIC MODEL
Himachal Pradesh,Mandi,2019-06-11,2019,06,6.526088928,NRSC VIC MODEL
Himachal Pradesh,Mandi,2019-06-14,2019,06,0.066367345,NRSC VIC MODEL
Himachal Pradesh,Mandi,2019-06-15,2019,06,0.872175689,NRSC VIC MODEL
Himachal Pradesh,Mandi,2019-06-17,2019,06,1.659223558,NRSC VIC MODEL
Himachal Pradesh,Mandi,2019-06-18,2019,06,1.763750961,NRSC VIC MODEL
Himachal Pradesh,Mandi,2019-06-23,2019,06,0.445258375,NRSC VIC MODEL
Himachal Pradesh,Mandi,2019-06-26,2019,06,0.182019216,NRSC VIC MODEL
Himachal Pradesh,Mandi,2019-06-29,2019,06,5.785403,NRSC VIC MODEL
Himachal Pradesh,Mandi,2019-07-13,2019,07,15.15939597,NRSC VIC MODEL
Himachal Pradesh,Mandi,2019-07-16,2019,07,3.745044877,NRSC VIC MODEL
Himachal Pradesh,Mandi,2019-07-20,2019,07,24.57046385,NRSC VIC MODEL
Himachal Pradesh,Mandi,2019-08-01,2019,08,4.432431882,NRSC VIC MODEL
Himachal Pradesh,Mandi,2019-08-15,2019,08,13.88038826,NRSC VIC MODEL
Himachal Pradesh,Mandi,2019-08-16,2019,08,47.8935891,NRSC VIC MODEL
Himachal Pradesh,Mandi,2019-08-23,2019,08,73.83178346,NRSC VIC MODEL
Himachal Pradesh,Mandi,2019-08-28,2019,08,0.061287769,NRSC VIC MODEL
Himachal Pradesh,Mandi,2019-09-01,2019,09,19.16837237,NRSC VIC MODEL
Himachal Pradesh,Mandi,2019-09-03,2019,09,0.043725621,NRSC VIC MODEL
Himachal Pradesh,Mandi,2019-09-14,2019,09,0.568885779,NRSC VIC MODEL
Himachal Pradesh,Mandi,2019-09-16,2019,09,0.01981234,NRSC VIC MODEL
Himachal Pradesh,Mandi,2019-09-18,2019,09,0.041934788,NRSC VIC MODEL
Himachal Pradesh,Mandi,2019-09-19,2019,09,1.981566868,NRSC VIC MODEL
Himachal Pradesh,Mandi,2019-09-21,2019,09,2.955800075,NRSC VIC MODEL
Himachal Pradesh,Mandi,2019-09-23,2019,09,0.0,NRSC VIC MODEL
Himachal Pradesh,Mandi,2019-09-24,2019,09,0.0,NRSC VIC MODEL
Himachal Pradesh,Mandi,2019-09-28,2019,09,36.70913705,NRSC VIC MODEL
Himachal Pradesh,Mandi,2019-10-02,2019,10,0.040323704,NRSC VIC MODEL
Himachal Pradesh,Mandi,2019-10-13,2019,10,0.086252916,NRSC VIC MODEL
Himachal Pradesh,Mandi,2019-10-15,2019,10,0.175308585,NRSC VIC MODEL
Himachal Pradesh,Mandi,2019-11-10,2019,11,0.041881529,NRSC VIC MODEL
Himachal Pradesh,Mandi,2019-11-15,2019,11,3.785448469,NRSC VIC MODEL
Himachal Pradesh,Mandi,2019-11-18,2019,11,0.0,NRSC VIC MODEL
Himachal Pradesh,Mandi,2019-11-21,2019,11,0.796441422,NRSC VIC MODEL
Himachal Pradesh,Mandi,2019-11-25,2019,11,0.006124783,NRSC VIC MODEL
Himachal Pradesh,Mandi,2019-12-01,2019,12,0.018946882,NRSC VIC MODEL
Himachal Pradesh,Mandi,2019-12-11,2019,12,1.352511759,NRSC VIC MODEL
Himachal Pradesh,Mandi,2019-12-13,2019,12,37.02693337,NRSC VIC MODEL
Himachal Pradesh,Mandi,2019-12-14,2019,12,9.456298064,NRSC VIC MODEL
Himachal Pradesh,Mandi,2019-12-18,2019,12,0.0,NRSC VIC MODEL
Himachal Pradesh,Mandi,2019-12-19,2019,12,0.671322766,NRSC VIC MODEL
Himachal Pradesh,Mandi,2019-12-21,2019,12,0.0,NRSC VIC MODEL
Himachal Pradesh,Mandi,2019-12-25,2019,12,0.0,NRSC VIC MODEL
Himachal Pradesh,Mandi,2020-02-21,2020,02,2.470517577,NRSC VIC MODEL
Himachal Pradesh,Mandi,2020-02-25,2020,02,1.577704034,NRSC VIC MODEL
Himachal Pradesh,Mandi,2020-03-04,2020,03,5.838122731,NRSC VIC MODEL
Himachal Pradesh,Mandi,2020-03-10,2020,03,0.0,NRSC VIC MODEL
Himachal Pradesh,Mandi,2020-03-15,2020,03,0.027175394,NRSC VIC MODEL
Himachal Pradesh,Mandi,2020-03-20,2020,03,0.091811822,NRSC VIC MODEL
Himachal Pradesh,Mandi,2020-03-23,2020,03,0.070375083,NRSC VIC MODEL
Himachal Pradesh,Mandi,2020-03-25,2020,03,0.728063551,NRSC VIC MODEL
Himachal Pradesh,Mandi,2020-04-04,2020,04,0.307051326,NRSC VIC MODEL
Himachal Pradesh,Mandi,2020-04-05,2020,04,5.749073719,NRSC VIC MODEL
Himachal Pradesh,Mandi,2020-04-07,2020,04,17.96899349,NRSC VIC MODEL
Himachal Pradesh,Mandi,2020-04-11,2020,04,1.553211562,NRSC VIC MODEL
Himachal Pradesh,Mandi,2020-04-15,2020,04,5.321597186,NRSC VIC MODEL
Himachal Pradesh,Mandi,2020-04-21,2020,04,8.671646848,NRSC VIC MODEL
Himachal Pradesh,Mandi,2020-04-28,2020,04,9.406028245,NRSC VIC MODEL
Himachal Pradesh,Mandi,2020-04-29,2020,04,1.243364139,NRSC VIC MODEL
Himachal Pradesh,Mandi,2020-04-30,2020,04,13.34022904,NRSC VIC MODEL
Himachal Pradesh,Mandi,2020-05-05,2020,05,0.955792285,NRSC VIC MODEL
Himachal Pradesh,Mandi,2020-05-07,2020,05,0.203589103,NRSC VIC MODEL
Himachal Pradesh,Mandi,2020-05-11,2020,05,3.021807921,NRSC VIC MODEL
Himachal Pradesh,Mandi,2020-05-12,2020,05,0.363026512,NRSC VIC MODEL
Himachal Pradesh,Mandi,2020-05-13,2020,05,9.220846777,NRSC VIC MODEL
Himachal Pradesh,Mandi,2020-05-17,2020,05,0.006657372,NRSC VIC MODEL
Himachal Pradesh,Mandi,2020-05-18,2020,05,3.18519981,NRSC VIC MODEL
Himachal Pradesh,Mandi,2020-05-25,2020,05,0.309567812,NRSC VIC MODEL
Himachal Pradesh,Mandi,2020-05-31,2020,05,7.944908115,NRSC VIC MODEL
Himachal Pradesh,Mandi,2020-06-03,2020,06,13.38864145,NRSC VIC MODEL
Himachal Pradesh,Mandi,2020-06-11,2020,06,0.430632128,NRSC VIC MODEL
Himachal Pradesh,Mandi,2020-06-18,2020,06,0.446383471,NRSC VIC MODEL
Himachal Pradesh,Mandi,2020-06-19,2020,06,8.587084905,NRSC VIC MODEL
Himachal Pradesh,Mandi,2020-06-22,2020,06,0.207809877,NRSC VIC MODEL
Himachal Pradesh,Mandi,2020-06-24,2020,06,3.741097055,NRSC VIC MODEL
Himachal Pradesh,Mandi,2020-07-09,2020,07,1.070665244,NRSC VIC MODEL
Himachal Pradesh,Mandi,2020-07-13,2020,07,0.0,NRSC VIC MODEL
Himachal Pradesh,Mandi,2020-07-22,2020,07,0.516831785,NRSC VIC MODEL
Himachal Pradesh,Mandi,2020-07-24,2020,07,16.44923522,NRSC VIC MODEL
Himachal Pradesh,Mandi,2020-07-28,2020,07,8.216562192,NRSC VIC MODEL
Himachal Pradesh,Mandi,2020-08-01,2020,08,4.338349897,NRSC VIC MODEL
Himachal Pradesh,Mandi,2020-08-03,2020,08,0.862176316,NRSC VIC MODEL
Himachal Pradesh,Mandi,2020-08-06,2020,08,40.03729727,NRSC VIC MODEL
Himachal Pradesh,Mandi,2020-08-07,2020,08,11.77191856,NRSC VIC MODEL
Himachal Pradesh,Mandi,2020-08-15,2020,08,6.305303833,NRSC VIC MODEL
Himachal Pradesh,Mandi,2020-08-16,2020,08,1.068867754,NRSC VIC MODEL
Himachal Pradesh,Mandi,2020-08-24,2020,08,3.615838595,NRSC VIC MODEL
Himachal Pradesh,Mandi,2020-08-29,2020,08,0.0,NRSC VIC MODEL
Himachal Pradesh,Mandi,2020-09-01,2020,09,0.03582332,NRSC VIC MODEL
Himachal Pradesh,Mandi,2020-09-04,2020,09,0.655165324,NRSC VIC MODEL
Himachal Pradesh,Mandi,2020-09-14,2020,09,0.072751765,NRSC VIC MODEL
Himachal Pradesh,Mandi,2020-09-27,2020,09,0.070182019,NRSC VIC MODEL
Himachal Pradesh,Mandi,2020-09-30,2020,09,0.013041792,NRSC VIC MODEL
Himachal Pradesh,Mandi,2020-10-12,2020,10,0.0,NRSC VIC MODEL
Himachal Pradesh,Mandi,2020-10-14,2020,10,0.0,NRSC VIC MODEL
Himachal Pradesh,Mandi,2020-10-17,2020,10,0.0,NRSC VIC MODEL
Himachal Pradesh,Mandi,2020-10-21,2020,10,0.0,NRSC VIC MODEL
Himachal Pradesh,Mandi,2020-10-24,2020,10,0.0,NRSC VIC MODEL
Himachal Pradesh,Mandi,2020-10-27,2020,10,0.0,NRSC VIC MODEL
Himachal Pradesh,Mandi,2020-11-05,2020,11,0.0,NRSC VIC MODEL
Himachal Pradesh,Mandi,2020-11-06,2020,11,0.0,NRSC VIC MODEL
Himachal Pradesh,Mandi,2020-11-07,2020,11,0.0,NRSC VIC MODEL
Himachal Pradesh,Mandi,2020-11-10,2020,11,0.0,NRSC VIC MODEL
Himachal Pradesh,Mandi,2020-11-12,2020,11,0.0,NRSC VIC MODEL
Himachal Pradesh,Mandi,2020-11-21,2020,11,0.0,NRSC VIC MODEL
Himachal Pradesh,Mandi,2020-11-25,2020,11,1.798076372,NRSC VIC MODEL
Himachal Pradesh,Mandi,2020-12-06,2020,12,0.0,NRSC VIC MODEL
Himachal Pradesh,Mandi,2020-12-10,2020,12,0.116970031,NRSC VIC MODEL
Himachal Pradesh,Mandi,2020-12-11,2020,12,0.0,NRSC VIC MODEL
Himachal Pradesh,Mandi,2020-12-18,2020,12,0.0,NRSC VIC MODEL
Himachal Pradesh,Mandi,2020-12-26,2020,12,0.0,NRSC VIC MODEL
Himachal Pradesh,Mandi,2020-12-28,2020,12,10.93824911,NRSC VIC MODEL
Himachal Pradesh,Mandi,2020-01-06,2020,01,8.540070542,NRSC VIC MODEL
Himachal Pradesh,Mandi,2020-01-11,2020,01,1.154368386,NRSC VIC MODEL
Himachal Pradesh,Mandi,2020-01-26,2020,01,0.0,NRSC VIC MODEL
Himachal Pradesh,Mandi,2020-02-04,2020,02,0.257107719,NRSC VIC MODEL
Himachal Pradesh,Mandi,2020-02-08,2020,02,0.033453296,NRSC VIC MODEL
Himachal Pradesh,Mandi,2020-02-09,2020,02,0.0,NRSC VIC MODEL
Himachal Pradesh,Mandi,2020-02-10,2020,02,0.0,NRSC VIC MODEL
Himachal Pradesh,Mandi,2020-02-14,2020,02,0.08223852,NRSC VIC MODEL
Himachal Pradesh,Mandi,2020-01-08,2020,01,1.800719349,NRSC VIC MODEL
Himachal Pradesh,Mandi,2020-01-15,2020,01,0.0,NRSC VIC MODEL
Himachal Pradesh,Mandi,2020-01-18,2020,01,5.832483937,NRSC VIC MODEL
Himachal Pradesh,Mandi,2020-01-20,2020,01,0.366088903,NRSC VIC MODEL
Himachal Pradesh,Mandi,2020-01-22,2020,01,0.0,NRSC VIC MODEL
Himachal Pradesh,Mandi,2020-01-30,2020,01,0.0,NRSC VIC MODEL
Himachal Pradesh,Mandi,2020-02-11,2020,02,0.186413082,NRSC VIC MODEL
Himachal Pradesh,Mandi,2020-02-15,2020,02,0.0,NRSC VIC MODEL
Himachal Pradesh,Mandi,2020-02-19,2020,02,0.0,NRSC VIC MODEL
Himachal Pradesh,Mandi,2020-02-20,2020,02,10.2890954,NRSC VIC MODEL
Himachal Pradesh,Mandi,2020-02-27,2020,02,0.123887041,NRSC VIC MODEL
Himachal Pradesh,Mandi,2020-03-02,2020,03,0.10585222,NRSC VIC MODEL
Himachal Pradesh,Mandi,2020-03-14,2020,03,4.421094377,NRSC VIC MODEL
Himachal Pradesh,Mandi,2020-04-01,2020,04,0.755065853,NRSC VIC MODEL
Himachal Pradesh,Mandi,2020-04-10,2020,04,4.274385864,NRSC VIC MODEL
Himachal Pradesh,Mandi,2020-04-12,2020,04,2.039758959,NRSC VIC MODEL
Himachal Pradesh,Mandi,2020-04-20,2020,04,8.31965826,NRSC VIC MODEL
Himachal Pradesh,Mandi,2020-04-24,2020,04,1.686691876,NRSC VIC MODEL
Himachal Pradesh,Mandi,2020-05-04,2020,05,2.023874469,NRSC VIC MODEL
Himachal Pradesh,Mandi,2020-05-10,2020,05,26.46569791,NRSC VIC MODEL
Himachal Pradesh,Mandi,2020-05-27,2020,05,8.485486746,NRSC VIC MODEL
Himachal Pradesh,Mandi,2020-05-28,2020,05,1.019097238,NRSC VIC MODEL
Himachal Pradesh,Mandi,2020-05-29,2020,05,5.891261877,NRSC VIC MODEL
Himachal Pradesh,Mandi,2020-06-01,2020,06,0.793818417,NRSC VIC MODEL
Himachal Pradesh,Mandi,2020-06-02,2020,06,10.79463628,NRSC VIC MODEL
Himachal Pradesh,Mandi,2020-06-04,2020,06,10.12760086,NRSC VIC MODEL
Himachal Pradesh,Mandi,2020-06-07,2020,06,0.005991635,NRSC VIC MODEL
Himachal Pradesh,Mandi,2020-06-08,2020,06,0.65641691,NRSC VIC MODEL
Himachal Pradesh,Mandi,2020-06-28,2020,06,6.943526144,NRSC VIC MODEL
Himachal Pradesh,Mandi,2020-07-03,2020,07,14.45742932,NRSC VIC MODEL
Himachal Pradesh,Mandi,2020-07-07,2020,07,21.70346646,NRSC VIC MODEL
Himachal Pradesh,Mandi,2020-07-11,2020,07,40.38303458,NRSC VIC MODEL
Himachal Pradesh,Mandi,2020-07-14,2020,07,8.064121681,NRSC VIC MODEL
Himachal Pradesh,Mandi,2020-07-18,2020,07,11.53719293,NRSC VIC MODEL
Himachal Pradesh,Mandi,2020-08-04,2020,08,1.603747675,NRSC VIC MODEL
Himachal Pradesh,Mandi,2020-08-05,2020,08,6.883343498,NRSC VIC MODEL
Himachal Pradesh,Mandi,2020-08-13,2020,08,10.56592225,NRSC VIC MODEL
Himachal Pradesh,Mandi,2020-08-14,2020,08,0.614042735,NRSC VIC MODEL
Himachal Pradesh,Mandi,2020-08-19,2020,08,10.83023325,NRSC VIC MODEL
Himachal Pradesh,Mandi,2020-08-22,2020,08,0.010292298,NRSC VIC MODEL
Himachal Pradesh,Mandi,2020-09-05,2020,09,0.533495187,NRSC VIC MODEL
Himachal Pradesh,Mandi,2020-09-06,2020,09,5.517630171,NRSC VIC MODEL
Himachal Pradesh,Mandi,2020-09-08,2020,09,0.0,NRSC VIC MODEL
Himachal Pradesh,Mandi,2020-09-09,2020,09,0.157247134,NRSC VIC MODEL
Himachal Pradesh,Mandi,2020-09-10,2020,09,0.021410109,NRSC VIC MODEL
Himachal Pradesh,Mandi,2020-09-12,2020,09,0.021716348,NRSC VIC MODEL
Himachal Pradesh,Mandi,2020-09-16,2020,09,1.965689035,NRSC VIC MODEL
Himachal Pradesh,Mandi,2020-09-19,2020,09,0.18938227,NRSC VIC MODEL
Himachal Pradesh,Mandi,2020-09-26,2020,09,0.138413428,NRSC VIC MODEL
Himachal Pradesh,Mandi,2020-09-29,2020,09,0.0,NRSC VIC MODEL
Himachal Pradesh,Mandi,2020-10-06,2020,10,0.0,NRSC VIC MODEL
Himachal Pradesh,Mandi,2020-10-15,2020,10,0.0,NRSC VIC MODEL
Himachal Pradesh,Mandi,2020-10-26,2020,10,0.020551308,NRSC VIC MODEL
Himachal Pradesh,Mandi,2020-10-28,2020,10,0.0,NRSC VIC MODEL
Himachal Pradesh,Mandi,2020-11-08,2020,11,0.0,NRSC VIC MODEL
Himachal Pradesh,Mandi,2020-11-14,2020,11,0.0,NRSC VIC MODEL
Himachal Pradesh,Mandi,2020-11-15,2020,11,0.0,NRSC VIC MODEL
Himachal Pradesh,Mandi,2020-11-23,2020,11,0.009160544,NRSC VIC MODEL
Himachal Pradesh,Mandi,2020-11-28,2020,11,0.0,NRSC VIC MODEL
Himachal Pradesh,Mandi,2020-12-04,2020,12,0.0,NRSC VIC MODEL
Himachal Pradesh,Mandi,2020-12-05,2020,12,0.0,NRSC VIC MODEL
Himachal Pradesh,Mandi,2020-12-09,2020,12,0.049823774,NRSC VIC MODEL
Himachal Pradesh,Mandi,2020-12-15,2020,12,0.0,NRSC VIC MODEL
Himachal Pradesh,Mandi,2020-12-24,2020,12,0.0,NRSC VIC MODEL
Himachal Pradesh,Mandi,2020-12-31,2020,12,0.0,NRSC VIC MODEL
Himachal Pradesh,Mandi,2020-01-01,2020,01,0.0,NRSC VIC MODEL
Himachal Pradesh,Mandi,2020-01-02,2020,01,0.0,NRSC VIC MODEL
Himachal Pradesh,Mandi,2020-01-04,2020,01,1.105496616,NRSC VIC MODEL
Himachal Pradesh,Mandi,2020-01-09,2020,01,4.336958506,NRSC VIC MODEL
Himachal Pradesh,Mandi,2020-01-12,2020,01,3.473151134,NRSC VIC MODEL
Himachal Pradesh,Mandi,2020-01-13,2020,01,28.64156019,NRSC VIC MODEL
Himachal Pradesh,Mandi,2020-01-14,2020,01,1.240002166,NRSC VIC MODEL
Himachal Pradesh,Mandi,2020-01-27,2020,01,0.172778784,NRSC VIC MODEL
Himachal Pradesh,Mandi,2020-02-02,2020,02,0.0,NRSC VIC MODEL
Himachal Pradesh,Mandi,2020-02-05,2020,02,0.0,NRSC VIC MODEL
Himachal Pradesh,Mandi,2020-02-07,2020,02,0.458426657,NRSC VIC MODEL
Himachal Pradesh,Mandi,2020-02-12,2020,02,0.109180906,NRSC VIC MODEL
Himachal Pradesh,Mandi,2020-02-29,2020,02,27.91627276,NRSC VIC MODEL
Himachal Pradesh,Mandi,2020-03-05,2020,03,13.73460512,NRSC VIC MODEL
Himachal Pradesh,Mandi,2020-03-07,2020,03,2.39037613,NRSC VIC MODEL
Himachal Pradesh,Mandi,2020-03-12,2020,03,65.02369376,NRSC VIC MODEL
Himachal Pradesh,Mandi,2020-03-16,2020,03,0.304108767,NRSC VIC MODEL
Himachal Pradesh,Mandi,2020-03-26,2020,03,4.669254588,NRSC VIC MODEL
Himachal Pradesh,Mandi,2020-04-09,2020,04,2.442257032,NRSC VIC MODEL
Himachal Pradesh,Mandi,2020-04-13,2020,04,1.189659117,NRSC VIC MODEL
Himachal Pradesh,Mandi,2020-04-16,2020,04,2.343415025,NRSC VIC MODEL
Himachal Pradesh,Mandi,2020-04-18,2020,04,35.79366181,NRSC VIC MODEL
Himachal Pradesh,Mandi,2020-04-25,2020,04,19.0913732,NRSC VIC MODEL
Himachal Pradesh,Mandi,2020-05-01,2020,05,4.274692103,NRSC VIC MODEL
Himachal Pradesh,Mandi,2020-05-03,2020,05,14.35538512,NRSC VIC MODEL
Himachal Pradesh,Mandi,2020-05-09,2020,05,5.789337507,NRSC VIC MODEL
Himachal Pradesh,Mandi,2020-05-14,2020,05,10.87417856,NRSC VIC MODEL
Himachal Pradesh,Mandi,2020-05-16,2020,05,0.051261767,NRSC VIC MODEL
Himachal Pradesh,Mandi,2020-05-19,2020,05,0.142467767,NRSC VIC MODEL
Himachal Pradesh,Mandi,2020-05-24,2020,05,0.318009361,NRSC VIC MODEL
Himachal Pradesh,Mandi,2020-06-12,2020,06,0.820174954,NRSC VIC MODEL
Himachal Pradesh,Mandi,2020-06-13,2020,06,1.888869616,NRSC VIC MODEL
Himachal Pradesh,Mandi,2020-06-15,2020,06,0.0,NRSC VIC MODEL
Himachal Pradesh,Mandi,2020-06-16,2020,06,0.0,NRSC VIC MODEL
Himachal Pradesh,Mandi,2020-06-20,2020,06,0.779052365,NRSC VIC MODEL
Himachal Pradesh,Mandi,2020-06-23,2020,06,2.971804398,NRSC VIC MODEL
Himachal Pradesh,Mandi,2020-07-02,2020,07,0.088543052,NRSC VIC MODEL
Himachal Pradesh,Mandi,2020-07-04,2020,07,19.19851695,NRSC VIC MODEL
Himachal Pradesh,Mandi,2020-07-08,2020,07,5.568625642,NRSC VIC MODEL
Himachal Pradesh,Mandi,2020-07-12,2020,07,1.469954463,NRSC VIC MODEL
Himachal Pradesh,Mandi,2020-07-15,2020,07,0.413842235,NRSC VIC MODEL
Himachal Pradesh,Mandi,2020-07-21,2020,07,1.219397599,NRSC VIC MODEL
Himachal Pradesh,Mandi,2020-07-25,2020,07,4.177521097,NRSC VIC MODEL
Himachal Pradesh,Mandi,2020-07-30,2020,07,2.000547037,NRSC VIC MODEL
Himachal Pradesh,Mandi,2020-08-02,2020,08,0.082132002,NRSC VIC MODEL
Himachal Pradesh,Mandi,2020-08-17,2020,08,0.502405259,NRSC VIC MODEL
Himachal Pradesh,Mandi,2020-08-26,2020,08,9.239008089,NRSC VIC MODEL
Himachal Pradesh,Mandi,2020-08-27,2020,08,9.328622977,NRSC VIC MODEL
Himachal Pradesh,Mandi,2020-09-07,2020,09,0.016576857,NRSC VIC MODEL
Himachal Pradesh,Mandi,2020-09-11,2020,09,0.0,NRSC VIC MODEL
Himachal Pradesh,Mandi,2020-09-17,2020,09,0.0,NRSC VIC MODEL
Himachal Pradesh,Mandi,2020-09-18,2020,09,0.013561067,NRSC VIC MODEL
Himachal Pradesh,Mandi,2020-09-22,2020,09,0.049444304,NRSC VIC MODEL
Himachal Pradesh,Mandi,2020-09-25,2020,09,0.080840472,NRSC VIC MODEL
Himachal Pradesh,Mandi,2020-10-01,2020,10,0.0,NRSC VIC MODEL
Himachal Pradesh,Mandi,2020-10-03,2020,10,0.0,NRSC VIC MODEL
Himachal Pradesh,Mandi,2020-10-05,2020,10,0.0,NRSC VIC MODEL
Himachal Pradesh,Mandi,2020-10-07,2020,10,0.0,NRSC VIC MODEL
Himachal Pradesh,Mandi,2020-10-09,2020,10,0.0,NRSC VIC MODEL
Himachal Pradesh,Mandi,2020-10-29,2020,10,0.0,NRSC VIC MODEL
Himachal Pradesh,Mandi,2020-10-30,2020,10,0.0,NRSC VIC MODEL
Himachal Pradesh,Mandi,2020-10-31,2020,10,0.020551308,NRSC VIC MODEL
Himachal Pradesh,Mandi,2020-11-01,2020,11,0.0,NRSC VIC MODEL
Himachal Pradesh,Mandi,2020-11-16,2020,11,20.02145472,NRSC VIC MODEL
Himachal Pradesh,Mandi,2020-12-03,2020,12,0.0,NRSC VIC MODEL
Himachal Pradesh,Mandi,2020-12-08,2020,12,0.0,NRSC VIC MODEL
Himachal Pradesh,Mandi,2020-12-13,2020,12,2.672568827,NRSC VIC MODEL
Himachal Pradesh,Mandi,2020-12-17,2020,12,0.0,NRSC VIC MODEL
Himachal Pradesh,Mandi,2020-12-19,2020,12,0.0,NRSC VIC MODEL
Himachal Pradesh,Mandi,2020-01-03,2020,01,0.419015013,NRSC VIC MODEL
Himachal Pradesh,Mandi,2020-01-05,2020,01,2.807833318,NRSC VIC MODEL
Himachal Pradesh,Mandi,2020-01-07,2020,01,9.837386027,NRSC VIC MODEL
Himachal Pradesh,Mandi,2020-01-10,2020,01,0.039231895,NRSC VIC MODEL
Himachal Pradesh,Mandi,2020-01-17,2020,01,1.149049146,NRSC VIC MODEL
Himachal Pradesh,Mandi,2020-01-23,2020,01,0.199215209,NRSC VIC MODEL
Himachal Pradesh,Mandi,2020-01-24,2020,01,0.0,NRSC VIC MODEL
Himachal Pradesh,Mandi,2020-01-25,2020,01,0.0,NRSC VIC MODEL
Himachal Pradesh,Mandi,2020-02-03,2020,02,0.002662949,NRSC VIC MODEL
Himachal Pradesh,Mandi,2020-02-06,2020,02,0.44471247,NRSC VIC MODEL
Himachal Pradesh,Mandi,2020-02-18,2020,02,0.261548186,NRSC VIC MODEL
Himachal Pradesh,Mandi,2020-02-26,2020,02,0.194461845,NRSC VIC MODEL
Himachal Pradesh,Mandi,2020-03-01,2020,03,0.014133601,NRSC VIC MODEL
Himachal Pradesh,Mandi,2020-03-03,2020,03,0.446822857,NRSC VIC MODEL
Himachal Pradesh,Mandi,2020-03-13,2020,03,25.32834577,NRSC VIC MODEL
Himachal Pradesh,Mandi,2020-03-19,2020,03,2.817453221,NRSC VIC MODEL
Himachal Pradesh,Mandi,2020-03-21,2020,03,5.068883333,NRSC VIC MODEL
Himachal Pradesh,Mandi,2020-03-22,2020,03,0.615008054,NRSC VIC MODEL
Himachal Pradesh,Mandi,2020-03-24,2020,03,29.45521757,NRSC VIC MODEL
Himachal Pradesh,Mandi,2020-03-27,2020,03,12.91656718,NRSC VIC MODEL
Himachal Pradesh,Mandi,2020-03-30,2020,03,0.685176758,NRSC VIC MODEL
Himachal Pradesh,Mandi,2020-04-06,2020,04,1.017685876,NRSC VIC MODEL
Himachal Pradesh,Mandi,2020-04-08,2020,04,1.174407077,NRSC VIC MODEL
Himachal Pradesh,Mandi,2020-04-17,2020,04,38.6226456,NRSC VIC MODEL
Himachal Pradesh,Mandi,2020-04-23,2020,04,1.719060021,NRSC VIC MODEL
Himachal Pradesh,Mandi,2020-04-26,2020,04,7.844222016,NRSC VIC MODEL
Himachal Pradesh,Mandi,2020-05-15,2020,05,1.365047591,NRSC VIC MODEL
Himachal Pradesh,Mandi,2020-05-20,2020,05,0.0,NRSC VIC MODEL
Himachal Pradesh,Mandi,2020-05-22,2020,05,0.0,NRSC VIC MODEL
Himachal Pradesh,Mandi,2020-05-26,2020,05,3.868086432,NRSC VIC MODEL
Himachal Pradesh,Mandi,2020-05-30,2020,05,63.29359582,NRSC VIC MODEL
Himachal Pradesh,Mandi,2020-06-06,2020,06,0.693864629,NRSC VIC MODEL
Himachal Pradesh,Mandi,2020-06-14,2020,06,0.0,NRSC VIC MODEL
Himachal Pradesh,Mandi,2020-06-21,2020,06,1.378335706,NRSC VIC MODEL
Himachal Pradesh,Mandi,2020-06-25,2020,06,0.401985455,NRSC VIC MODEL
Himachal Pradesh,Mandi,2020-06-30,2020,06,0.088503107,NRSC VIC MODEL
Himachal Pradesh,Mandi,2020-07-01,2020,07,2.459865782,NRSC VIC MODEL
Himachal Pradesh,Mandi,2020-07-05,2020,07,1.854624093,NRSC VIC MODEL
Himachal Pradesh,Mandi,2020-07-06,2020,07,11.40073011,NRSC VIC MODEL
Himachal Pradesh,Mandi,2020-07-19,2020,07,4.345373425,NRSC VIC MODEL
Himachal Pradesh,Mandi,2020-07-29,2020,07,8.028990727,NRSC VIC MODEL
Himachal Pradesh,Mandi,2020-08-08,2020,08,0.78400545,NRSC VIC MODEL
Himachal Pradesh,Mandi,2020-08-09,2020,08,17.1128421,NRSC VIC MODEL
Himachal Pradesh,Mandi,2020-08-10,2020,08,2.954328795,NRSC VIC MODEL
Himachal Pradesh,Mandi,2020-08-21,2020,08,0.790063659,NRSC VIC MODEL
Himachal Pradesh,Mandi,2020-08-28,2020,08,0.861463977,NRSC VIC MODEL
Himachal Pradesh,Mandi,2020-09-02,2020,09,0.656849639,NRSC VIC MODEL
Himachal Pradesh,Mandi,2020-09-03,2020,09,16.1927067,NRSC VIC MODEL
Himachal Pradesh,Mandi,2020-09-15,2020,09,0.0,NRSC VIC MODEL
Himachal Pradesh,Mandi,2020-09-21,2020,09,0.0,NRSC VIC MODEL
Himachal Pradesh,Mandi,2020-09-23,2020,09,0.131496418,NRSC VIC MODEL
Himachal Pradesh,Mandi,2020-09-24,2020,09,0.091498925,NRSC VIC MODEL
Himachal Pradesh,Mandi,2020-09-28,2020,09,0.0,NRSC VIC MODEL
Himachal Pradesh,Mandi,2020-10-02,2020,10,0.0,NRSC VIC MODEL
Himachal Pradesh,Mandi,2020-10-18,2020,10,0.0,NRSC VIC MODEL
Himachal Pradesh,Mandi,2020-10-19,2020,10,0.0,NRSC VIC MODEL
Himachal Pradesh,Mandi,2020-10-22,2020,10,0.0,NRSC VIC MODEL
Himachal Pradesh,Mandi,2020-10-23,2020,10,0.0,NRSC VIC MODEL
Himachal Pradesh,Mandi,2020-10-25,2020,10,0.0,NRSC VIC MODEL
Himachal Pradesh,Mandi,2020-11-03,2020,11,3.842735158,NRSC VIC MODEL
Himachal Pradesh,Mandi,2020-11-04,2020,11,0.0,NRSC VIC MODEL
Himachal Pradesh,Mandi,2020-11-13,2020,11,0.0,NRSC VIC MODEL
Himachal Pradesh,Mandi,2020-11-17,2020,11,0.99895203,NRSC VIC MODEL
Himachal Pradesh,Mandi,2020-11-18,2020,11,0.0,NRSC VIC MODEL
Himachal Pradesh,Mandi,2020-11-19,2020,11,0.0,NRSC VIC MODEL
Himachal Pradesh,Mandi,2020-11-20,2020,11,0.0,NRSC VIC MODEL
Himachal Pradesh,Mandi,2020-11-26,2020,11,21.23188484,NRSC VIC MODEL
Himachal Pradesh,Mandi,2020-11-27,2020,11,7.241876284,NRSC VIC MODEL
Himachal Pradesh,Mandi,2020-11-29,2020,11,0.0,NRSC VIC MODEL
Himachal Pradesh,Mandi,2020-11-30,2020,11,0.0,NRSC VIC MODEL
Himachal Pradesh,Mandi,2020-12-02,2020,12,0.0,NRSC VIC MODEL
Himachal Pradesh,Mandi,2020-12-07,2020,12,0.0,NRSC VIC MODEL
Himachal Pradesh,Mandi,2020-12-12,2020,12,15.11687533,NRSC VIC MODEL
Himachal Pradesh,Mandi,2020-12-14,2020,12,0.0,NRSC VIC MODEL
Himachal Pradesh,Mandi,2020-12-16,2020,12,0.0,NRSC VIC MODEL
Himachal Pradesh,Mandi,2020-12-20,2020,12,0.0,NRSC VIC MODEL
Himachal Pradesh,Mandi,2020-12-22,2020,12,0.0,NRSC VIC MODEL
Himachal Pradesh,Mandi,2020-12-23,2020,12,0.0,NRSC VIC MODEL
Himachal Pradesh,Mandi,2020-12-25,2020,12,0.0,NRSC VIC MODEL
Himachal Pradesh,Mandi,2020-12-30,2020,12,0.0,NRSC VIC MODEL
Himachal Pradesh,Mandi,2020-01-16,2020,01,10.45552305,NRSC VIC MODEL
Himachal Pradesh,Mandi,2020-01-19,2020,01,0.0,NRSC VIC MODEL
Himachal Pradesh,Mandi,2020-01-21,2020,01,0.0,NRSC VIC MODEL
Himachal Pradesh,Mandi,2020-01-28,2020,01,17.4270035,NRSC VIC MODEL
Himachal Pradesh,Mandi,2020-01-29,2020,01,4.394558091,NRSC VIC MODEL
Himachal Pradesh,Mandi,2020-01-31,2020,01,0.023733532,NRSC VIC MODEL
Himachal Pradesh,Mandi,2020-02-01,2020,02,2.322351099,NRSC VIC MODEL
Himachal Pradesh,Mandi,2020-02-13,2020,02,0.070960931,NRSC VIC MODEL
Himachal Pradesh,Mandi,2020-02-16,2020,02,0.08654584,NRSC VIC MODEL
Himachal Pradesh,Mandi,2020-02-17,2020,02,0.207663414,NRSC VIC MODEL
Himachal Pradesh,Mandi,2020-02-22,2020,02,0.010651796,NRSC VIC MODEL
Himachal Pradesh,Mandi,2020-02-23,2020,02,16.19530973,NRSC VIC MODEL
Himachal Pradesh,Mandi,2020-02-24,2020,02,2.834376261,NRSC VIC MODEL
Himachal Pradesh,Mandi,2020-02-28,2020,02,3.597018203,NRSC VIC MODEL
Himachal Pradesh,Mandi,2020-03-06,2020,03,17.30990697,NRSC VIC MODEL
Himachal Pradesh,Mandi,2020-03-08,2020,03,0.0,NRSC VIC MODEL
Himachal Pradesh,Mandi,2020-03-09,2020,03,0.0,NRSC VIC MODEL
Himachal Pradesh,Mandi,2020-03-11,2020,03,7.30841672,NRSC VIC MODEL
Himachal Pradesh,Mandi,2020-03-17,2020,03,0.009939457,NRSC VIC MODEL
Himachal Pradesh,Mandi,2020-03-18,2020,03,1.363822634,NRSC VIC MODEL
Himachal Pradesh,Mandi,2020-03-28,2020,03,1.420676594,NRSC VIC MODEL
Himachal Pradesh,Mandi,2020-03-29,2020,03,0.024565704,NRSC VIC MODEL
Himachal Pradesh,Mandi,2020-03-31,2020,03,13.34858404,NRSC VIC MODEL
Himachal Pradesh,Mandi,2020-04-02,2020,04,1.698348935,NRSC VIC MODEL
Himachal Pradesh,Mandi,2020-04-03,2020,04,0.293104131,NRSC VIC MODEL
Himachal Pradesh,Mandi,2020-04-14,2020,04,1.115302926,NRSC VIC MODEL
Himachal Pradesh,Mandi,2020-04-19,2020,04,1.768830536,NRSC VIC MODEL
Himachal Pradesh,Mandi,2020-04-22,2020,04,0.403916093,NRSC VIC MODEL
Himachal Pradesh,Mandi,2020-04-27,2020,04,8.018272358,NRSC VIC MODEL
Himachal Pradesh,Mandi,2020-05-02,2020,05,10.75075088,NRSC VIC MODEL
Himachal Pradesh,Mandi,2020-05-06,2020,05,8.344956274,NRSC VIC MODEL
Himachal Pradesh,Mandi,2020-05-08,2020,05,0.94643202,NRSC VIC MODEL
Himachal Pradesh,Mandi,2020-05-21,2020,05,0.0,NRSC VIC MODEL
Himachal Pradesh,Mandi,2020-05-23,2020,05,10.17748455,NRSC VIC MODEL
Himachal Pradesh,Mandi,2020-06-05,2020,06,7.90098943,NRSC VIC MODEL
Himachal Pradesh,Mandi,2020-06-09,2020,06,0.547236004,NRSC VIC MODEL
Himachal Pradesh,Mandi,2020-06-10,2020,06,7.437616345,NRSC VIC MODEL
Himachal Pradesh,Mandi,2020-06-17,2020,06,0.375229476,NRSC VIC MODEL
Himachal Pradesh,Mandi,2020-06-26,2020,06,0.401179913,NRSC VIC MODEL
Himachal Pradesh,Mandi,2020-06-27,2020,06,0.017022901,NRSC VIC MODEL
Himachal Pradesh,Mandi,2020-06-29,2020,06,1.621955588,NRSC VIC MODEL
Himachal Pradesh,Mandi,2020-07-10,2020,07,8.322807197,NRSC VIC MODEL
Himachal Pradesh,Mandi,2020-07-16,2020,07,0.179609248,NRSC VIC MODEL
Himachal Pradesh,Mandi,2020-07-17,2020,07,3.630784396,NRSC VIC MODEL
Himachal Pradesh,Mandi,2020-07-20,2020,07,2.731127074,NRSC VIC MODEL
Himachal Pradesh,Mandi,2020-07-23,2020,07,0.0,NRSC VIC MODEL
Himachal Pradesh,Mandi,2020-07-26,2020,07,1.759616733,NRSC VIC MODEL
Himachal Pradesh,Mandi,2020-07-27,2020,07,6.147304416,NRSC VIC MODEL
Himachal Pradesh,Mandi,2020-07-31,2020,07,0.838555959,NRSC VIC MODEL
Himachal Pradesh,Mandi,2020-08-11,2020,08,9.285563093,NRSC VIC MODEL
Himachal Pradesh,Mandi,2020-08-12,2020,08,21.87324943,NRSC VIC MODEL
Himachal Pradesh,Mandi,2020-08-18,2020,08,12.97769517,NRSC VIC MODEL
Himachal Pradesh,Mandi,2020-08-20,2020,08,9.126258831,NRSC VIC MODEL
Himachal Pradesh,Mandi,2020-08-23,2020,08,0.195706774,NRSC VIC MODEL
Himachal Pradesh,Mandi,2020-08-25,2020,08,27.34540309,NRSC VIC MODEL
Himachal Pradesh,Mandi,2020-08-30,2020,08,3.062597641,NRSC VIC MODEL
Himachal Pradesh,Mandi,2020-08-31,2020,08,0.02216905,NRSC VIC MODEL
Himachal Pradesh,Mandi,2020-09-13,2020,09,0.214314129,NRSC VIC MODEL
Himachal Pradesh,Mandi,2020-09-20,2020,09,0.063324925,NRSC VIC MODEL
Himachal Pradesh,Mandi,2020-10-04,2020,10,0.0,NRSC VIC MODEL
Himachal Pradesh,Mandi,2020-10-08,2020,10,0.0,NRSC VIC MODEL
Himachal Pradesh,Mandi,2020-10-10,2020,10,0.0,NRSC VIC MODEL
Himachal Pradesh,Mandi,2020-10-11,2020,10,0.0,NRSC VIC MODEL
Himachal Pradesh,Mandi,2020-10-13,2020,10,0.0,NRSC VIC MODEL
Himachal Pradesh,Mandi,2020-10-16,2020,10,0.0,NRSC VIC MODEL
Himachal Pradesh,Mandi,2020-10-20,2020,10,0.0,NRSC VIC MODEL
Himachal Pradesh,Mandi,2020-11-02,2020,11,0.061713841,NRSC VIC MODEL
Himachal Pradesh,Mandi,2020-11-09,2020,11,0.0,NRSC VIC MODEL
Himachal Pradesh,Mandi,2020-11-11,2020,11,0.0,NRSC VIC MODEL
Himachal Pradesh,Mandi,2020-11-22,2020,11,0.0,NRSC VIC MODEL
Himachal Pradesh,Mandi,2020-11-24,2020,11,2.358214364,NRSC VIC MODEL
Himachal Pradesh,Mandi,2020-12-01,2020,12,0.0,NRSC VIC MODEL
Himachal Pradesh,Mandi,2020-12-21,2020,12,0.0,NRSC VIC MODEL
Himachal Pradesh,Mandi,2020-12-27,2020,12,0.0,NRSC VIC MODEL
Himachal Pradesh,Mandi,2020-12-29,2020,12,0.0,NRSC VIC MODEL
Himachal Pradesh,Mandi,2021-01-04,2021,01,2.714916372,NRSC VIC MODEL
Himachal Pradesh,Mandi,2021-01-06,2021,01,0.10623169,NRSC VIC MODEL
Himachal Pradesh,Mandi,2021-01-09,2021,01,0.0,NRSC VIC MODEL
Himachal Pradesh,Mandi,2021-01-10,2021,01,0.0,NRSC VIC MODEL
Himachal Pradesh,Mandi,2021-01-13,2021,01,0.0,NRSC VIC MODEL
Himachal Pradesh,Mandi,2021-01-17,2021,01,0.0,NRSC VIC MODEL
Himachal Pradesh,Mandi,2021-01-18,2021,01,0.0,NRSC VIC MODEL
Himachal Pradesh,Mandi,2021-01-22,2021,01,0.0,NRSC VIC MODEL
Himachal Pradesh,Mandi,2021-01-27,2021,01,0.0,NRSC VIC MODEL
Himachal Pradesh,Mandi,2021-01-31,2021,01,0.0,NRSC VIC MODEL
Himachal Pradesh,Mandi,2021-02-01,2021,02,0.0,NRSC VIC MODEL
Himachal Pradesh,Mandi,2021-02-21,2021,02,0.0,NRSC VIC MODEL
Himachal Pradesh,Mandi,2021-02-26,2021,02,0.0,NRSC VIC MODEL
Himachal Pradesh,Mandi,2021-03-07,2021,03,2.62237224,NRSC VIC MODEL
Himachal Pradesh,Mandi,2021-03-11,2021,03,2.35229596,NRSC VIC MODEL
Himachal Pradesh,Mandi,2021-03-13,2021,03,2.00768374,NRSC VIC MODEL
Himachal Pradesh,Mandi,2021-03-14,2021,03,0.0,NRSC VIC MODEL
Himachal Pradesh,Mandi,2021-03-15,2021,03,0.030710458,NRSC VIC MODEL
Himachal Pradesh,Mandi,2021-03-18,2021,03,0.0,NRSC VIC MODEL
Himachal Pradesh,Mandi,2021-03-19,2021,03,0.001517881,NRSC VIC MODEL
Himachal Pradesh,Mandi,2021-03-29,2021,03,0.38892369,NRSC VIC MODEL
Himachal Pradesh,Mandi,2021-04-02,2021,04,0.0,NRSC VIC MODEL
Himachal Pradesh,Mandi,2021-04-04,2021,04,0.001398048,NRSC VIC MODEL
Himachal Pradesh,Mandi,2021-04-05,2021,04,0.585582468,NRSC VIC MODEL
Himachal Pradesh,Mandi,2021-04-14,2021,04,0.156914265,NRSC VIC MODEL
Himachal Pradesh,Mandi,2021-04-19,2021,04,3.266040282,NRSC VIC MODEL
Himachal Pradesh,Mandi,2021-04-22,2021,04,31.97653756,NRSC VIC MODEL
Himachal Pradesh,Mandi,2021-05-08,2021,05,4.15022587,NRSC VIC MODEL
Himachal Pradesh,Mandi,2021-05-14,2021,05,10.6420493,NRSC VIC MODEL
Himachal Pradesh,Mandi,2021-05-23,2021,05,0.02386668,NRSC VIC MODEL
Himachal Pradesh,Mandi,2021-05-30,2021,05,10.56848534,NRSC VIC MODEL
Himachal Pradesh,Mandi,2021-06-03,2021,06,14.68575722,NRSC VIC MODEL
Himachal Pradesh,Mandi,2021-06-08,2021,06,0.013521123,NRSC VIC MODEL
Himachal Pradesh,Mandi,2021-06-15,2021,06,0.966377507,NRSC VIC MODEL
Himachal Pradesh,Mandi,2021-06-19,2021,06,3.529612309,NRSC VIC MODEL
Himachal Pradesh,Mandi,2021-07-01,2021,07,0.010199094,NRSC VIC MODEL
Himachal Pradesh,Mandi,2021-07-03,2021,07,2.170369947,NRSC VIC MODEL
Himachal Pradesh,Mandi,2021-07-11,2021,07,9.615668899,NRSC VIC MODEL
Himachal Pradesh,Mandi,2021-07-13,2021,07,48.27240024,NRSC VIC MODEL
Himachal Pradesh,Mandi,2021-07-15,2021,07,9.407379692,NRSC VIC MODEL
Himachal Pradesh,Mandi,2021-07-19,2021,07,57.34823614,NRSC VIC MODEL
Himachal Pradesh,Mandi,2021-07-25,2021,07,5.724834226,NRSC VIC MODEL
Himachal Pradesh,Mandi,2021-08-05,2021,08,12.44830093,NRSC VIC MODEL
Himachal Pradesh,Mandi,2021-08-11,2021,08,2.201406617,NRSC VIC MODEL
Himachal Pradesh,Mandi,2021-08-14,2021,08,10.45114915,NRSC VIC MODEL
Himachal Pradesh,Mandi,2021-08-15,2021,08,10.32470568,NRSC VIC MODEL
Himachal Pradesh,Mandi,2021-08-20,2021,08,25.19123053,NRSC VIC MODEL
Himachal Pradesh,Mandi,2021-08-25,2021,08,20.90455515,NRSC VIC MODEL
Himachal Pradesh,Mandi,2021-08-31,2021,08,1.664070125,NRSC VIC MODEL
Himachal Pradesh,Mandi,2021-09-09,2021,09,9.150698045,NRSC VIC MODEL
Himachal Pradesh,Mandi,2021-09-17,2021,09,28.85229931,NRSC VIC MODEL
Himachal Pradesh,Mandi,2021-09-18,2021,09,2.275230218,NRSC VIC MODEL
Himachal Pradesh,Mandi,2021-09-25,2021,09,0.002623005,NRSC VIC MODEL
Himachal Pradesh,Mandi,2021-09-26,2021,09,0.003355316,NRSC VIC MODEL
Himachal Pradesh,Mandi,2021-09-27,2021,09,0.000652422,NRSC VIC MODEL
Himachal Pradesh,Mandi,2021-10-02,2021,10,0.244991301,NRSC VIC MODEL
Himachal Pradesh,Mandi,2021-10-15,2021,10,0.0004061,NRSC VIC MODEL
Himachal Pradesh,Mandi,2021-10-18,2021,10,14.14377388,NRSC VIC MODEL
Himachal Pradesh,Mandi,2021-10-21,2021,10,0.0,NRSC VIC MODEL
Himachal Pradesh,Mandi,2021-10-24,2021,10,5.627729794,NRSC VIC MODEL
Himachal Pradesh,Mandi,2021-10-25,2021,10,11.57195772,NRSC VIC MODEL
Himachal Pradesh,Mandi,2021-10-26,2021,10,0.000139805,NRSC VIC MODEL
Himachal Pradesh,Mandi,2021-10-27,2021,10,0.006071524,NRSC VIC MODEL
Himachal Pradesh,Mandi,2021-10-28,2021,10,1.211721649,NRSC VIC MODEL
Himachal Pradesh,Mandi,2021-10-31,2021,10,0.001770861,NRSC VIC MODEL
Himachal Pradesh,Mandi,2021-11-04,2021,11,0.006930325,NRSC VIC MODEL
Himachal Pradesh,Mandi,2021-11-06,2021,11,0.0,NRSC VIC MODEL
Himachal Pradesh,Mandi,2021-11-08,2021,11,0.00012649,NRSC VIC MODEL
Himachal Pradesh,Mandi,2021-11-13,2021,11,0.0,NRSC VIC MODEL
Himachal Pradesh,Mandi,2021-11-17,2021,11,0.000139805,NRSC VIC MODEL
Himachal Pradesh,Mandi,2021-11-21,2021,11,0.015318614,NRSC VIC MODEL
Himachal Pradesh,Mandi,2021-11-24,2021,11,0.00063245,NRSC VIC MODEL
Himachal Pradesh,Mandi,2021-11-29,2021,11,0.0,NRSC VIC MODEL
Himachal Pradesh,Mandi,2021-12-02,2021,12,0.0,NRSC VIC MODEL
Himachal Pradesh,Mandi,2021-12-06,2021,12,10.54354016,NRSC VIC MODEL
Himachal Pradesh,Mandi,2021-12-14,2021,12,0.0,NRSC VIC MODEL
Himachal Pradesh,Mandi,2021-12-15,2021,12,0.0,NRSC VIC MODEL
Himachal Pradesh,Mandi,2021-12-16,2021,12,0.0,NRSC VIC MODEL
Himachal Pradesh,Mandi,2021-12-20,2021,12,0.0,NRSC VIC MODEL
Himachal Pradesh,Mandi,2021-12-21,2021,12,0.0,NRSC VIC MODEL
Himachal Pradesh,Mandi,2021-12-23,2021,12,0.008514779,NRSC VIC MODEL
Himachal Pradesh,Mandi,2021-12-28,2021,12,0.0,NRSC VIC MODEL
Himachal Pradesh,Mandi,2021-12-30,2021,12,0.0,NRSC VIC MODEL
Himachal Pradesh,Mandi,2021-01-02,2021,01,0.0,NRSC VIC MODEL
Himachal Pradesh,Mandi,2021-01-03,2021,01,0.016084212,NRSC VIC MODEL
Himachal Pradesh,Mandi,2021-01-11,2021,01,0.0,NRSC VIC MODEL
Himachal Pradesh,Mandi,2021-01-15,2021,01,0.0,NRSC VIC MODEL
Himachal Pradesh,Mandi,2021-01-21,2021,01,0.0,NRSC VIC MODEL
Himachal Pradesh,Mandi,2021-01-23,2021,01,0.0,NRSC VIC MODEL
Himachal Pradesh,Mandi,2021-01-28,2021,01,0.0,NRSC VIC MODEL
Himachal Pradesh,Mandi,2021-01-29,2021,01,0.0,NRSC VIC MODEL
Himachal Pradesh,Mandi,2021-02-06,2021,02,0.0,NRSC VIC MODEL
Himachal Pradesh,Mandi,2021-02-07,2021,02,0.0,NRSC VIC MODEL
Himachal Pradesh,Mandi,2021-02-13,2021,02,0.0,NRSC VIC MODEL
Himachal Pradesh,Mandi,2021-02-14,2021,02,0.0,NRSC VIC MODEL
Himachal Pradesh,Mandi,2021-02-16,2021,02,0.0,NRSC VIC MODEL
Himachal Pradesh,Mandi,2021-02-18,2021,02,0.0,NRSC VIC MODEL
Himachal Pradesh,Mandi,2021-02-22,2021,02,0.0,NRSC VIC MODEL
Himachal Pradesh,Mandi,2021-02-23,2021,02,0.0,NRSC VIC MODEL
Himachal Pradesh,Mandi,2021-02-27,2021,02,0.299748188,NRSC VIC MODEL
Himachal Pradesh,Mandi,2021-03-06,2021,03,0.00223022,NRSC VIC MODEL
Himachal Pradesh,Mandi,2021-03-08,2021,03,19.66106452,NRSC VIC MODEL
Himachal Pradesh,Mandi,2021-03-09,2021,03,0.00846152,NRSC VIC MODEL
Himachal Pradesh,Mandi,2021-03-10,2021,03,0.011617115,NRSC VIC MODEL
Himachal Pradesh,Mandi,2021-03-21,2021,03,0.0,NRSC VIC MODEL
Himachal Pradesh,Mandi,2021-03-26,2021,03,0.161301474,NRSC VIC MODEL
Himachal Pradesh,Mandi,2021-04-06,2021,04,0.45125001,NRSC VIC MODEL
Himachal Pradesh,Mandi,2021-04-08,2021,04,0.006111468,NRSC VIC MODEL
Himachal Pradesh,Mandi,2021-04-09,2021,04,0.00962656,NRSC VIC MODEL
Himachal Pradesh,Mandi,2021-04-25,2021,04,0.018227885,NRSC VIC MODEL
Himachal Pradesh,Mandi,2021-04-28,2021,04,0.107063861,NRSC VIC MODEL
Himachal Pradesh,Mandi,2021-04-29,2021,04,0.261654704,NRSC VIC MODEL
Himachal Pradesh,Mandi,2021-04-30,2021,04,0.645332385,NRSC VIC MODEL
Himachal Pradesh,Mandi,2021-05-02,2021,05,10.79654028,NRSC VIC MODEL
Himachal Pradesh,Mandi,2021-05-03,2021,05,5.962442501,NRSC VIC MODEL
Himachal Pradesh,Mandi,2021-05-04,2021,05,10.39231795,NRSC VIC MODEL
Himachal Pradesh,Mandi,2021-05-05,2021,05,7.381474724,NRSC VIC MODEL
Himachal Pradesh,Mandi,2021-05-07,2021,05,11.38818762,NRSC VIC MODEL
Himachal Pradesh,Mandi,2021-05-11,2021,05,7.402365558,NRSC VIC MODEL
Himachal Pradesh,Mandi,2021-05-16,2021,05,1.32638823,NRSC VIC MODEL
Himachal Pradesh,Mandi,2021-05-17,2021,05,0.110345946,NRSC VIC MODEL
Himachal Pradesh,Mandi,2021-05-27,2021,05,0.0,NRSC VIC MODEL
Himachal Pradesh,Mandi,2021-06-05,2021,06,0.137148527,NRSC VIC MODEL
Himachal Pradesh,Mandi,2021-06-13,2021,06,7.260197373,NRSC VIC MODEL
Himachal Pradesh,Mandi,2021-06-18,2021,06,12.51487465,NRSC VIC MODEL
Himachal Pradesh,Mandi,2021-06-21,2021,06,2.556158015,NRSC VIC MODEL
Himachal Pradesh,Mandi,2021-06-23,2021,06,0.000299582,NRSC VIC MODEL
Himachal Pradesh,Mandi,2021-06-24,2021,06,6.02236551,NRSC VIC MODEL
Himachal Pradesh,Mandi,2021-06-25,2021,06,4.218317474,NRSC VIC MODEL
Himachal Pradesh,Mandi,2021-07-04,2021,07,0.003029104,NRSC VIC MODEL
Himachal Pradesh,Mandi,2021-07-07,2021,07,0.05682733,NRSC VIC MODEL
Himachal Pradesh,Mandi,2021-07-30,2021,07,45.24075938,NRSC VIC MODEL
Himachal Pradesh,Mandi,2021-07-31,2021,07,18.05772295,NRSC VIC MODEL
Himachal Pradesh,Mandi,2021-08-02,2021,08,2.437916425,NRSC VIC MODEL
Himachal Pradesh,Mandi,2021-08-06,2021,08,8.97888458,NRSC VIC MODEL
Himachal Pradesh,Mandi,2021-08-07,2021,08,8.260114722,NRSC VIC MODEL
Himachal Pradesh,Mandi,2021-08-09,2021,08,12.16819865,NRSC VIC MODEL
Himachal Pradesh,Mandi,2021-08-10,2021,08,1.957567041,NRSC VIC MODEL
Himachal Pradesh,Mandi,2021-08-12,2021,08,1.497243033,NRSC VIC MODEL
Himachal Pradesh,Mandi,2021-08-29,2021,08,1.897430997,NRSC VIC MODEL
Himachal Pradesh,Mandi,2021-08-30,2021,08,3.200598312,NRSC VIC MODEL
Himachal Pradesh,Mandi,2021-09-08,2021,09,6.912516104,NRSC VIC MODEL
Himachal Pradesh,Mandi,2021-09-12,2021,09,14.4909625,NRSC VIC MODEL
Himachal Pradesh,Mandi,2021-09-15,2021,09,3.681027585,NRSC VIC MODEL
Himachal Pradesh,Mandi,2021-09-16,2021,09,9.238914885,NRSC VIC MODEL
Himachal Pradesh,Mandi,2021-10-09,2021,10,0.0,NRSC VIC MODEL
Himachal Pradesh,Mandi,2021-10-14,2021,10,0.000266295,NRSC VIC MODEL
Himachal Pradesh,Mandi,2021-10-17,2021,10,0.231829676,NRSC VIC MODEL
Himachal Pradesh,Mandi,2021-11-03,2021,11,1.367584049,NRSC VIC MODEL
Himachal Pradesh,Mandi,2021-11-10,2021,11,0.00027961,NRSC VIC MODEL
Himachal Pradesh,Mandi,2021-11-14,2021,11,0.001790833,NRSC VIC MODEL
Himachal Pradesh,Mandi,2021-11-19,2021,11,0.0,NRSC VIC MODEL
Himachal Pradesh,Mandi,2021-12-03,2021,12,0.027960964,NRSC VIC MODEL
Himachal Pradesh,Mandi,2021-12-04,2021,12,1.332153514,NRSC VIC MODEL
Himachal Pradesh,Mandi,2021-12-07,2021,12,6.217426518,NRSC VIC MODEL
Himachal Pradesh,Mandi,2021-12-09,2021,12,0.0,NRSC VIC MODEL
Himachal Pradesh,Mandi,2021-12-11,2021,12,0.00063245,NRSC VIC MODEL
Himachal Pradesh,Mandi,2021-12-12,2021,12,0.00012649,NRSC VIC MODEL
Himachal Pradesh,Mandi,2021-12-22,2021,12,0.0,NRSC VIC MODEL
Himachal Pradesh,Mandi,2021-12-29,2021,12,0.0,NRSC VIC MODEL
Himachal Pradesh,Mandi,2021-12-31,2021,12,0.0,NRSC VIC MODEL
Himachal Pradesh,Mandi,2021-01-08,2021,01,0.0,NRSC VIC MODEL
Himachal Pradesh,Mandi,2021-01-14,2021,01,0.0,NRSC VIC MODEL
Himachal Pradesh,Mandi,2021-01-16,2021,01,0.0,NRSC VIC MODEL
Himachal Pradesh,Mandi,2021-01-26,2021,01,0.0,NRSC VIC MODEL
Himachal Pradesh,Mandi,2021-02-03,2021,02,0.0,NRSC VIC MODEL
Himachal Pradesh,Mandi,2021-02-05,2021,02,17.21296232,NRSC VIC MODEL
Himachal Pradesh,Mandi,2021-02-08,2021,02,0.0,NRSC VIC MODEL
Himachal Pradesh,Mandi,2021-02-10,2021,02,0.0,NRSC VIC MODEL
Himachal Pradesh,Mandi,2021-02-28,2021,02,4.085456295,NRSC VIC MODEL
Himachal Pradesh,Mandi,2021-03-01,2021,03,0.00075894,NRSC VIC MODEL
Himachal Pradesh,Mandi,2021-03-02,2021,03,0.0,NRSC VIC MODEL
Himachal Pradesh,Mandi,2021-03-12,2021,03,0.003162252,NRSC VIC MODEL
Himachal Pradesh,Mandi,2021-03-20,2021,03,0.001264901,NRSC VIC MODEL
Himachal Pradesh,Mandi,2021-03-22,2021,03,12.02560439,NRSC VIC MODEL
Himachal Pradesh,Mandi,2021-03-23,2021,03,7.34414018,NRSC VIC MODEL
Himachal Pradesh,Mandi,2021-03-30,2021,03,0.610341236,NRSC VIC MODEL
Himachal Pradesh,Mandi,2021-03-31,2021,03,0.000319554,NRSC VIC MODEL
Himachal Pradesh,Mandi,2021-04-11,2021,04,0.004773336,NRSC VIC MODEL
Himachal Pradesh,Mandi,2021-04-15,2021,04,0.014220147,NRSC VIC MODEL
Himachal Pradesh,Mandi,2021-04-21,2021,04,19.136164,NRSC VIC MODEL
Himachal Pradesh,Mandi,2021-05-01,2021,05,0.043639075,NRSC VIC MODEL
Himachal Pradesh,Mandi,2021-05-06,2021,05,0.174463099,NRSC VIC MODEL
Himachal Pradesh,Mandi,2021-05-12,2021,05,3.21334718,NRSC VIC MODEL
Himachal Pradesh,Mandi,2021-05-20,2021,05,1.213645629,NRSC VIC MODEL
Himachal Pradesh,Mandi,2021-05-22,2021,05,0.359697826,NRSC VIC MODEL
Himachal Pradesh,Mandi,2021-05-24,2021,05,3.396058763,NRSC VIC MODEL
Himachal Pradesh,Mandi,2021-05-26,2021,05,0.000419414,NRSC VIC MODEL
Himachal Pradesh,Mandi,2021-05-28,2021,05,0.0,NRSC VIC MODEL
Himachal Pradesh,Mandi,2021-05-29,2021,05,0.471768031,NRSC VIC MODEL
Himachal Pradesh,Mandi,2021-06-01,2021,06,21.38026435,NRSC VIC MODEL
Himachal Pradesh,Mandi,2021-06-10,2021,06,13.10070344,NRSC VIC MODEL
Himachal Pradesh,Mandi,2021-06-12,2021,06,25.7306774,NRSC VIC MODEL
Himachal Pradesh,Mandi,2021-06-17,2021,06,20.7269298,NRSC VIC MODEL
Himachal Pradesh,Mandi,2021-06-22,2021,06,0.010511991,NRSC VIC MODEL
Himachal Pradesh,Mandi,2021-06-26,2021,06,14.31878954,NRSC VIC MODEL
Himachal Pradesh,Mandi,2021-07-05,2021,07,19.41768431,NRSC VIC MODEL
Himachal Pradesh,Mandi,2021-07-08,2021,07,7.976577235,NRSC VIC MODEL
Himachal Pradesh,Mandi,2021-07-09,2021,07,11.94148849,NRSC VIC MODEL
Himachal Pradesh,Mandi,2021-07-12,2021,07,54.95075659,NRSC VIC MODEL
Himachal Pradesh,Mandi,2021-07-14,2021,07,19.89730138,NRSC VIC MODEL
Himachal Pradesh,Mandi,2021-07-24,2021,07,2.920416141,NRSC VIC MODEL
Himachal Pradesh,Mandi,2021-07-26,2021,07,4.781730893,NRSC VIC MODEL
Himachal Pradesh,Mandi,2021-07-27,2021,07,31.1223168,NRSC VIC MODEL
Himachal Pradesh,Mandi,2021-08-01,2021,08,8.107427888,NRSC VIC MODEL
Himachal Pradesh,Mandi,2021-08-03,2021,08,14.41052147,NRSC VIC MODEL
Himachal Pradesh,Mandi,2021-08-04,2021,08,13.89639258,NRSC VIC MODEL
Himachal Pradesh,Mandi,2021-08-16,2021,08,4.588853502,NRSC VIC MODEL
Himachal Pradesh,Mandi,2021-08-19,2021,08,0.827318314,NRSC VIC MODEL
Himachal Pradesh,Mandi,2021-08-23,2021,08,13.05565966,NRSC VIC MODEL
Himachal Pradesh,Mandi,2021-08-28,2021,08,32.70348267,NRSC VIC MODEL
Himachal Pradesh,Mandi,2021-09-13,2021,09,13.54800563,NRSC VIC MODEL
Himachal Pradesh,Mandi,2021-09-22,2021,09,7.775531249,NRSC VIC MODEL
Himachal Pradesh,Mandi,2021-09-29,2021,09,8.656547928,NRSC VIC MODEL
Himachal Pradesh,Mandi,2021-09-30,2021,09,2.114434705,NRSC VIC MODEL
Himachal Pradesh,Mandi,2021-10-03,2021,10,0.01887365,NRSC VIC MODEL
Himachal Pradesh,Mandi,2021-10-12,2021,10,0.0,NRSC VIC MODEL
Himachal Pradesh,Mandi,2021-10-29,2021,10,0.000139805,NRSC VIC MODEL
Himachal Pradesh,Mandi,2021-11-16,2021,11,0.001857407,NRSC VIC MODEL
Himachal Pradesh,Mandi,2021-11-27,2021,11,0.0,NRSC VIC MODEL
Himachal Pradesh,Mandi,2021-11-28,2021,11,0.0,NRSC VIC MODEL
Himachal Pradesh,Mandi,2021-12-01,2021,12,0.000139805,NRSC VIC MODEL
Himachal Pradesh,Mandi,2021-12-08,2021,12,0.0,NRSC VIC MODEL
Himachal Pradesh,Mandi,2021-12-10,2021,12,0.0,NRSC VIC MODEL
Himachal Pradesh,Mandi,2021-01-01,2021,01,0.0,NRSC VIC MODEL
Himachal Pradesh,Mandi,2021-01-20,2021,01,0.0,NRSC VIC MODEL
Himachal Pradesh,Mandi,2021-01-30,2021,01,0.0,NRSC VIC MODEL
Himachal Pradesh,Mandi,2021-02-02,2021,02,0.0,NRSC VIC MODEL
Himachal Pradesh,Mandi,2021-02-04,2021,02,5.819515375,NRSC VIC MODEL
Himachal Pradesh,Mandi,2021-02-09,2021,02,0.0,NRSC VIC MODEL
Himachal Pradesh,Mandi,2021-02-12,2021,02,0.0,NRSC VIC MODEL
Himachal Pradesh,Mandi,2021-02-19,2021,02,0.258931839,NRSC VIC MODEL
Himachal Pradesh,Mandi,2021-02-25,2021,02,0.0,NRSC VIC MODEL
Himachal Pradesh,Mandi,2021-03-03,2021,03,0.0,NRSC VIC MODEL
Himachal Pradesh,Mandi,2021-03-05,2021,03,0.0,NRSC VIC MODEL
Himachal Pradesh,Mandi,2021-03-25,2021,03,4.429376149,NRSC VIC MODEL
Himachal Pradesh,Mandi,2021-03-28,2021,03,0.0,NRSC VIC MODEL
Himachal Pradesh,Mandi,2021-04-07,2021,04,0.912865549,NRSC VIC MODEL
Himachal Pradesh,Mandi,2021-04-13,2021,04,0.475562734,NRSC VIC MODEL
Himachal Pradesh,Mandi,2021-04-23,2021,04,34.98812641,NRSC VIC MODEL
Himachal Pradesh,Mandi,2021-04-24,2021,04,11.45375608,NRSC VIC MODEL
Himachal Pradesh,Mandi,2021-05-18,2021,05,0.020504707,NRSC VIC MODEL
Himachal Pradesh,Mandi,2021-05-19,2021,05,1.147244998,NRSC VIC MODEL
Himachal Pradesh,Mandi,2021-05-25,2021,05,0.030577311,NRSC VIC MODEL
Himachal Pradesh,Mandi,2021-06-04,2021,06,0.192844104,NRSC VIC MODEL
Himachal Pradesh,Mandi,2021-06-06,2021,06,0.440298632,NRSC VIC MODEL
Himachal Pradesh,Mandi,2021-06-07,2021,06,7.373872005,NRSC VIC MODEL
Himachal Pradesh,Mandi,2021-06-11,2021,06,15.19025289,NRSC VIC MODEL
Himachal Pradesh,Mandi,2021-06-14,2021,06,2.676849517,NRSC VIC MODEL
Himachal Pradesh,Mandi,2021-06-29,2021,06,0.003714814,NRSC VIC MODEL
Himachal Pradesh,Mandi,2021-07-06,2021,07,0.558480306,NRSC VIC MODEL
Himachal Pradesh,Mandi,2021-07-18,2021,07,3.359909231,NRSC VIC MODEL
Himachal Pradesh,Mandi,2021-07-20,2021,07,31.63514085,NRSC VIC MODEL
Himachal Pradesh,Mandi,2021-07-21,2021,07,5.360283176,NRSC VIC MODEL
Himachal Pradesh,Mandi,2021-07-22,2021,07,1.813215237,NRSC VIC MODEL
Himachal Pradesh,Mandi,2021-07-23,2021,07,11.64111451,NRSC VIC MODEL
Himachal Pradesh,Mandi,2021-07-29,2021,07,15.82155153,NRSC VIC MODEL
Himachal Pradesh,Mandi,2021-08-21,2021,08,5.854506524,NRSC VIC MODEL
Himachal Pradesh,Mandi,2021-09-01,2021,09,5.070035058,NRSC VIC MODEL
Himachal Pradesh,Mandi,2021-09-03,2021,09,7.731838914,NRSC VIC MODEL
Himachal Pradesh,Mandi,2021-09-04,2021,09,5.91818429,NRSC VIC MODEL
Himachal Pradesh,Mandi,2021-09-05,2021,09,1.104964027,NRSC VIC MODEL
Himachal Pradesh,Mandi,2021-09-06,2021,09,1.433731701,NRSC VIC MODEL
Himachal Pradesh,Mandi,2021-09-07,2021,09,11.10169426,NRSC VIC MODEL
Himachal Pradesh,Mandi,2021-09-10,2021,09,24.03865963,NRSC VIC MODEL
Himachal Pradesh,Mandi,2021-09-19,2021,09,0.827238426,NRSC VIC MODEL
Himachal Pradesh,Mandi,2021-09-20,2021,09,0.763800325,NRSC VIC MODEL
Himachal Pradesh,Mandi,2021-09-24,2021,09,23.96755224,NRSC VIC MODEL
Himachal Pradesh,Mandi,2021-10-01,2021,10,2.103210375,NRSC VIC MODEL
Himachal Pradesh,Mandi,2021-10-04,2021,10,0.593637889,NRSC VIC MODEL
Himachal Pradesh,Mandi,2021-10-05,2021,10,1.607362628,NRSC VIC MODEL
Himachal Pradesh,Mandi,2021-10-06,2021,10,1.517121946,NRSC VIC MODEL
Himachal Pradesh,Mandi,2021-10-10,2021,10,0.010325584,NRSC VIC MODEL
Himachal Pradesh,Mandi,2021-10-11,2021,10,0.0,NRSC VIC MODEL
Himachal Pradesh,Mandi,2021-10-13,2021,10,0.0,NRSC VIC MODEL
Himachal Pradesh,Mandi,2021-10-16,2021,10,0.0,NRSC VIC MODEL
Himachal Pradesh,Mandi,2021-10-19,2021,10,8.114251694,NRSC VIC MODEL
Himachal Pradesh,Mandi,2021-10-20,2021,10,0.000159777,NRSC VIC MODEL
Himachal Pradesh,Mandi,2021-10-23,2021,10,0.000692367,NRSC VIC MODEL
Himachal Pradesh,Mandi,2021-11-02,2021,11,0.033420009,NRSC VIC MODEL
Himachal Pradesh,Mandi,2021-11-05,2021,11,0.0,NRSC VIC MODEL
Himachal Pradesh,Mandi,2021-11-09,2021,11,0.000139805,NRSC VIC MODEL
Himachal Pradesh,Mandi,2021-11-11,2021,11,0.00025298,NRSC VIC MODEL
Himachal Pradesh,Mandi,2021-11-12,2021,11,0.000452701,NRSC VIC MODEL
Himachal Pradesh,Mandi,2021-11-15,2021,11,0.000565877,NRSC VIC MODEL
Himachal Pradesh,Mandi,2021-11-23,2021,11,0.001597769,NRSC VIC MODEL
Himachal Pradesh,Mandi,2021-11-25,2021,11,0.0,NRSC VIC MODEL
Himachal Pradesh,Mandi,2021-12-05,2021,12,0.0,NRSC VIC MODEL
Himachal Pradesh,Mandi,2021-12-13,2021,12,0.008568038,NRSC VIC MODEL
Himachal Pradesh,Mandi,2021-12-18,2021,12,0.08748453,NRSC VIC MODEL
Himachal Pradesh,Mandi,2021-12-19,2021,12,0.0,NRSC VIC MODEL
Himachal Pradesh,Mandi,2021-12-25,2021,12,0.0,NRSC VIC MODEL
Himachal Pradesh,Mandi,2021-12-27,2021,12,1.098659495,NRSC VIC MODEL
Himachal Pradesh,Mandi,2021-01-05,2021,01,5.725579852,NRSC VIC MODEL
Himachal Pradesh,Mandi,2021-01-07,2021,01,1.468396638,NRSC VIC MODEL
Himachal Pradesh,Mandi,2021-01-12,2021,01,0.0,NRSC VIC MODEL
Himachal Pradesh,Mandi,2021-01-19,2021,01,0.0,NRSC VIC MODEL
Himachal Pradesh,Mandi,2021-01-24,2021,01,5.706992469,NRSC VIC MODEL
Himachal Pradesh,Mandi,2021-01-25,2021,01,0.0,NRSC VIC MODEL
Himachal Pradesh,Mandi,2021-02-11,2021,02,0.0,NRSC VIC MODEL
Himachal Pradesh,Mandi,2021-02-15,2021,02,0.0,NRSC VIC MODEL
Himachal Pradesh,Mandi,2021-02-17,2021,02,0.024326038,NRSC VIC MODEL
Himachal Pradesh,Mandi,2021-02-20,2021,02,0.0,NRSC VIC MODEL
Himachal Pradesh,Mandi,2021-02-24,2021,02,0.226363973,NRSC VIC MODEL
Himachal Pradesh,Mandi,2021-03-04,2021,03,0.000692367,NRSC VIC MODEL
Himachal Pradesh,Mandi,2021-03-16,2021,03,0.0,NRSC VIC MODEL
Himachal Pradesh,Mandi,2021-03-17,2021,03,0.0,NRSC VIC MODEL
Himachal Pradesh,Mandi,2021-03-24,2021,03,10.94783573,NRSC VIC MODEL
Himachal Pradesh,Mandi,2021-03-27,2021,03,0.001990554,NRSC VIC MODEL
Himachal Pradesh,Mandi,2021-04-01,2021,04,0.0,NRSC VIC MODEL
Himachal Pradesh,Mandi,2021-04-03,2021,04,0.007849042,NRSC VIC MODEL
Himachal Pradesh,Mandi,2021-04-10,2021,04,0.0,NRSC VIC MODEL
Himachal Pradesh,Mandi,2021-04-12,2021,04,0.006404392,NRSC VIC MODEL
Himachal Pradesh,Mandi,2021-04-16,2021,04,0.451889118,NRSC VIC MODEL
Himachal Pradesh,Mandi,2021-04-17,2021,04,7.386281347,NRSC VIC MODEL
Himachal Pradesh,Mandi,2021-04-18,2021,04,26.75387558,NRSC VIC MODEL
Himachal Pradesh,Mandi,2021-04-20,2021,04,0.00063245,NRSC VIC MODEL
Himachal Pradesh,Mandi,2021-04-26,2021,04,0.131782685,NRSC VIC MODEL
Himachal Pradesh,Mandi,2021-04-27,2021,04,0.254704407,NRSC VIC MODEL
Himachal Pradesh,Mandi,2021-05-09,2021,05,1.146133217,NRSC VIC MODEL
Himachal Pradesh,Mandi,2021-05-10,2021,05,2.093650388,NRSC VIC MODEL
Himachal Pradesh,Mandi,2021-05-13,2021,05,18.14644575,NRSC VIC MODEL
Himachal Pradesh,Mandi,2021-05-15,2021,05,0.452494939,NRSC VIC MODEL
Himachal Pradesh,Mandi,2021-05-21,2021,05,1.340914616,NRSC VIC MODEL
Himachal Pradesh,Mandi,2021-05-31,2021,05,0.035896551,NRSC VIC MODEL
Himachal Pradesh,Mandi,2021-06-02,2021,06,1.073155102,NRSC VIC MODEL
Himachal Pradesh,Mandi,2021-06-09,2021,06,0.0,NRSC VIC MODEL
Himachal Pradesh,Mandi,2021-06-16,2021,06,11.23458873,NRSC VIC MODEL
Himachal Pradesh,Mandi,2021-06-20,2021,06,0.498104596,NRSC VIC MODEL
Himachal Pradesh,Mandi,2021-06-27,2021,06,0.107643053,NRSC VIC MODEL
Himachal Pradesh,Mandi,2021-06-28,2021,06,0.005692053,NRSC VIC MODEL
Himachal Pradesh,Mandi,2021-06-30,2021,06,0.001577797,NRSC VIC MODEL
Himachal Pradesh,Mandi,2021-07-02,2021,07,1.639770716,NRSC VIC MODEL
Himachal Pradesh,Mandi,2021-07-10,2021,07,20.20623674,NRSC VIC MODEL
Himachal Pradesh,Mandi,2021-07-16,2021,07,13.57299741,NRSC VIC MODEL
Himachal Pradesh,Mandi,2021-07-17,2021,07,0.16723985,NRSC VIC MODEL
Himachal Pradesh,Mandi,2021-07-28,2021,07,51.812438,NRSC VIC MODEL
Himachal Pradesh,Mandi,2021-08-08,2021,08,7.088377251,NRSC VIC MODEL
Himachal Pradesh,Mandi,2021-08-13,2021,08,10.05247241,NRSC VIC MODEL
Himachal Pradesh,Mandi,2021-08-17,2021,08,0.000885431,NRSC VIC MODEL
Himachal Pradesh,Mandi,2021-08-18,2021,08,7.99e-05,NRSC VIC MODEL
Himachal Pradesh,Mandi,2021-08-22,2021,08,20.39146481,NRSC VIC MODEL
Himachal Pradesh,Mandi,2021-08-24,2021,08,6.183154366,NRSC VIC MODEL
Himachal Pradesh,Mandi,2021-08-27,2021,08,13.96754658,NRSC VIC MODEL
Himachal Pradesh,Mandi,2021-09-02,2021,09,2.735540912,NRSC VIC MODEL
Himachal Pradesh,Mandi,2021-09-11,2021,09,31.11869519,NRSC VIC MODEL
Himachal Pradesh,Mandi,2021-09-14,2021,09,4.955688031,NRSC VIC MODEL
Himachal Pradesh,Mandi,2021-09-21,2021,09,27.67881095,NRSC VIC MODEL
Himachal Pradesh,Mandi,2021-09-28,2021,09,0.045343363,NRSC VIC MODEL
Himachal Pradesh,Mandi,2021-10-07,2021,10,0.0,NRSC VIC MODEL
Himachal Pradesh,Mandi,2021-10-08,2021,10,0.0,NRSC VIC MODEL
Himachal Pradesh,Mandi,2021-10-22,2021,10,0.038705963,NRSC VIC MODEL
Himachal Pradesh,Mandi,2021-10-30,2021,10,0.000139805,NRSC VIC MODEL
Himachal Pradesh,Mandi,2021-11-01,2021,11,0.00037947,NRSC VIC MODEL
Himachal Pradesh,Mandi,2021-11-07,2021,11,0.00037947,NRSC VIC MODEL
Himachal Pradesh,Mandi,2021-11-18,2021,11,0.0,NRSC VIC MODEL
Himachal Pradesh,Mandi,2021-11-20,2021,11,0.0,NRSC VIC MODEL
Himachal Pradesh,Mandi,2021-11-22,2021,11,0.001877379,NRSC VIC MODEL
Himachal Pradesh,Mandi,2021-11-26,2021,11,0.0,NRSC VIC MODEL
Himachal Pradesh,Mandi,2021-11-30,2021,11,0.0,NRSC VIC MODEL
Himachal Pradesh,Mandi,2021-12-17,2021,12,0.000439387,NRSC VIC MODEL
Himachal Pradesh,Mandi,2021-12-24,2021,12,0.000479331,NRSC VIC MODEL
Himachal Pradesh,Mandi,2021-12-26,2021,12,0.0,NRSC VIC MODEL
Himachal Pradesh,Mandi,2022-01-01,2022,01,0.009320321,NRSC VIC MODEL
Himachal Pradesh,Mandi,2022-01-05,2022,01,17.93379596,NRSC VIC MODEL
Himachal Pradesh,Mandi,2022-01-06,2022,01,29.64569831,NRSC VIC MODEL
Himachal Pradesh,Mandi,2022-01-08,2022,01,9.473327622,NRSC VIC MODEL
Himachal Pradesh,Mandi,2022-01-10,2022,01,41.59863748,NRSC VIC MODEL
Himachal Pradesh,Mandi,2022-01-25,2022,01,2.988347968,NRSC VIC MODEL
Himachal Pradesh,Mandi,2022-01-26,2022,01,4.755101404,NRSC VIC MODEL
Himachal Pradesh,Mandi,2022-01-27,2022,01,2.889133148,NRSC VIC MODEL
Himachal Pradesh,Mandi,2022-02-05,2022,02,13.7244726,NRSC VIC MODEL
Himachal Pradesh,Mandi,2022-02-06,2022,02,0.034871316,NRSC VIC MODEL
Himachal Pradesh,Mandi,2022-02-07,2022,02,0.148798929,NRSC VIC MODEL
Himachal Pradesh,Mandi,2022-02-08,2022,02,0.013328059,NRSC VIC MODEL
Himachal Pradesh,Mandi,2022-02-09,2022,02,0.604675812,NRSC VIC MODEL
Himachal Pradesh,Mandi,2022-02-10,2022,02,0.611006973,NRSC VIC MODEL
Himachal Pradesh,Mandi,2022-02-19,2022,02,0.045270132,NRSC VIC MODEL
Himachal Pradesh,Mandi,2022-02-20,2022,02,0.089967729,NRSC VIC MODEL
Himachal Pradesh,Mandi,2022-02-22,2022,02,0.625513388,NRSC VIC MODEL
Himachal Pradesh,Mandi,2022-02-28,2022,02,0.006138097,NRSC VIC MODEL
Himachal Pradesh,Mandi,2022-03-02,2022,03,0.000832172,NRSC VIC MODEL
Himachal Pradesh,Mandi,2022-03-03,2022,03,0.0,NRSC VIC MODEL
Himachal Pradesh,Mandi,2022-03-05,2022,03,0.018234543,NRSC VIC MODEL
Himachal Pradesh,Mandi,2022-03-14,2022,03,0.006357791,NRSC VIC MODEL
Himachal Pradesh,Mandi,2022-03-17,2022,03,0.000139805,NRSC VIC MODEL
Himachal Pradesh,Mandi,2022-03-21,2022,03,0.318488691,NRSC VIC MODEL
Himachal Pradesh,Mandi,2022-03-30,2022,03,0.01249817,NRSC VIC MODEL
Himachal Pradesh,Mandi,2022-04-02,2022,04,0.0,NRSC VIC MODEL
Himachal Pradesh,Mandi,2022-04-03,2022,04,0.00015061,NRSC VIC MODEL
Himachal Pradesh,Mandi,2022-04-10,2022,04,0.196269161,NRSC VIC MODEL
Himachal Pradesh,Mandi,2022-04-15,2022,04,1.931728021,NRSC VIC MODEL
Himachal Pradesh,Mandi,2022-04-17,2022,04,1.747205907,NRSC VIC MODEL
Himachal Pradesh,Mandi,2022-04-19,2022,04,0.000897393,NRSC VIC MODEL
Himachal Pradesh,Mandi,2022-04-21,2022,04,0.0,NRSC VIC MODEL
Himachal Pradesh,Mandi,2022-04-24,2022,04,0.012378364,NRSC VIC MODEL
Himachal Pradesh,Mandi,2022-05-07,2022,05,0.446803347,NRSC VIC MODEL
Himachal Pradesh,Mandi,2022-05-13,2022,05,8.211816939,NRSC VIC MODEL
Himachal Pradesh,Mandi,2022-05-15,2022,05,0.041062774,NRSC VIC MODEL
Himachal Pradesh,Mandi,2022-05-23,2022,05,8.556950301,NRSC VIC MODEL
Himachal Pradesh,Mandi,2022-05-27,2022,05,0.000421645,NRSC VIC MODEL
Himachal Pradesh,Mandi,2022-06-16,2022,06,14.92584138,NRSC VIC MODEL
Himachal Pradesh,Mandi,2022-06-17,2022,06,6.21733886,NRSC VIC MODEL
Himachal Pradesh,Mandi,2022-06-20,2022,06,0.162064606,NRSC VIC MODEL
Himachal Pradesh,Mandi,2022-07-05,2022,07,0.212107157,NRSC VIC MODEL
Himachal Pradesh,Mandi,2022-07-09,2022,07,0.947596883,NRSC VIC MODEL
Himachal Pradesh,Mandi,2022-07-17,2022,07,21.42869669,NRSC VIC MODEL
Himachal Pradesh,Mandi,2022-07-20,2022,07,18.77085656,NRSC VIC MODEL
Himachal Pradesh,Mandi,2022-07-23,2022,07,3.922591491,NRSC VIC MODEL
Himachal Pradesh,Mandi,2022-07-27,2022,07,8.635950054,NRSC VIC MODEL
Himachal Pradesh,Mandi,2022-07-30,2022,07,15.51083015,NRSC VIC MODEL
Himachal Pradesh,Mandi,2022-08-03,2022,08,0.0014169507,NRSC VIC MODEL
Himachal Pradesh,Mandi,2022-08-15,2022,08,44.1903753904,NRSC VIC MODEL
Himachal Pradesh,Mandi,2022-08-19,2022,08,15.5745623011,NRSC VIC MODEL
Himachal Pradesh,Mandi,2022-08-28,2022,08,2.8492175593,NRSC VIC MODEL
Himachal Pradesh,Mandi,2022-09-01,2022,09,0.523979229,NRSC VIC MODEL
Himachal Pradesh,Mandi,2022-09-11,2022,09,3.5532102828,NRSC VIC MODEL
Himachal Pradesh,Mandi,2022-09-16,2022,09,3.191010583,NRSC VIC MODEL
Himachal Pradesh,Mandi,2022-09-30,2022,09,0.0142061859,NRSC VIC MODEL
Himachal Pradesh,Mandi,2022-10-04,2022,10,0.0009641859,NRSC VIC MODEL
Himachal Pradesh,Mandi,2022-10-06,2022,10,0.0658421516,NRSC VIC MODEL
Himachal Pradesh,Mandi,2022-10-09,2022,10,0.074815186,NRSC VIC MODEL
Himachal Pradesh,Mandi,2022-10-14,2022,10,0.055106553,NRSC VIC MODEL
Himachal Pradesh,Mandi,2022-10-23,2022,10,0.0295864374,NRSC VIC MODEL
Himachal Pradesh,Mandi,2022-11-01,2022,11,0.008937959,NRSC VIC MODEL
Himachal Pradesh,Mandi,2022-11-10,2022,11,2.5343663454,NRSC VIC MODEL
Himachal Pradesh,Mandi,2022-11-11,2022,11,0.8496046234,NRSC VIC MODEL
Himachal Pradesh,Mandi,2022-11-16,2022,11,0.0386598099,NRSC VIC MODEL
Himachal Pradesh,Mandi,2022-11-18,2022,11,0.0,NRSC VIC MODEL
Himachal Pradesh,Mandi,2022-11-30,2022,11,0.0,NRSC VIC MODEL
Himachal Pradesh,Mandi,2022-12-06,2022,12,7.09923e-05,NRSC VIC MODEL
Himachal Pradesh,Mandi,2022-12-07,2022,12,0.0,NRSC VIC MODEL
Himachal Pradesh,Mandi,2022-12-09,2022,12,0.0,NRSC VIC MODEL
Himachal Pradesh,Mandi,2022-12-15,2022,12,0.0,NRSC VIC MODEL
Himachal Pradesh,Mandi,2022-12-19,2022,12,0.0,NRSC VIC MODEL
Himachal Pradesh,Mandi,2022-12-22,2022,12,0.0,NRSC VIC MODEL
Himachal Pradesh,Mandi,2022-12-25,2022,12,0.0,NRSC VIC MODEL
Himachal Pradesh,Mandi,2022-12-27,2022,12,0.0,NRSC VIC MODEL
Himachal Pradesh,Mandi,2022-01-07,2022,01,1.41029775,NRSC VIC MODEL
Himachal Pradesh,Mandi,2022-01-15,2022,01,0.0,NRSC VIC MODEL
Himachal Pradesh,Mandi,2022-01-17,2022,01,0.004566957,NRSC VIC MODEL
Himachal Pradesh,Mandi,2022-01-18,2022,01,0.0,NRSC VIC MODEL
Himachal Pradesh,Mandi,2022-01-24,2022,01,20.87331876,NRSC VIC MODEL
Himachal Pradesh,Mandi,2022-02-14,2022,02,0.006703974,NRSC VIC MODEL
Himachal Pradesh,Mandi,2022-02-23,2022,02,4.789466759,NRSC VIC MODEL
Himachal Pradesh,Mandi,2022-02-25,2022,02,11.90597141,NRSC VIC MODEL
Himachal Pradesh,Mandi,2022-03-07,2022,03,0.0,NRSC VIC MODEL
Himachal Pradesh,Mandi,2022-03-08,2022,03,0.0,NRSC VIC MODEL
Himachal Pradesh,Mandi,2022-03-10,2022,03,0.0,NRSC VIC MODEL
Himachal Pradesh,Mandi,2022-03-12,2022,03,0.0,NRSC VIC MODEL
Himachal Pradesh,Mandi,2022-03-13,2022,03,0.0,NRSC VIC MODEL
Himachal Pradesh,Mandi,2022-03-26,2022,03,0.035023959,NRSC VIC MODEL
Himachal Pradesh,Mandi,2022-04-07,2022,04,0.019978827,NRSC VIC MODEL
Himachal Pradesh,Mandi,2022-04-09,2022,04,0.000177769,NRSC VIC MODEL
Himachal Pradesh,Mandi,2022-04-12,2022,04,8.89e-05,NRSC VIC MODEL
Himachal Pradesh,Mandi,2022-04-14,2022,04,3.614451285,NRSC VIC MODEL
Himachal Pradesh,Mandi,2022-04-18,2022,04,0.003232957,NRSC VIC MODEL
Himachal Pradesh,Mandi,2022-04-20,2022,04,0.057098905,NRSC VIC MODEL
Himachal Pradesh,Mandi,2022-04-28,2022,04,0.0,NRSC VIC MODEL
Himachal Pradesh,Mandi,2022-04-30,2022,04,0.121080794,NRSC VIC MODEL
Himachal Pradesh,Mandi,2022-05-03,2022,05,0.005209472,NRSC VIC MODEL
Himachal Pradesh,Mandi,2022-05-04,2022,05,3.6658087,NRSC VIC MODEL
Himachal Pradesh,Mandi,2022-05-06,2022,05,0.00388445,NRSC VIC MODEL
Himachal Pradesh,Mandi,2022-05-14,2022,05,0.039882937,NRSC VIC MODEL
Himachal Pradesh,Mandi,2022-05-19,2022,05,0.006184542,NRSC VIC MODEL
Himachal Pradesh,Mandi,2022-05-28,2022,05,0.885741469,NRSC VIC MODEL
Himachal Pradesh,Mandi,2022-06-02,2022,06,0.0,NRSC VIC MODEL
Himachal Pradesh,Mandi,2022-06-04,2022,06,0.0,NRSC VIC MODEL
Himachal Pradesh,Mandi,2022-06-06,2022,06,0.0,NRSC VIC MODEL
Himachal Pradesh,Mandi,2022-06-15,2022,06,0.00018239,NRSC VIC MODEL
Himachal Pradesh,Mandi,2022-06-18,2022,06,8.581867716,NRSC VIC MODEL
Himachal Pradesh,Mandi,2022-07-01,2022,07,8.616539443,NRSC VIC MODEL
Himachal Pradesh,Mandi,2022-07-02,2022,07,5.250245474,NRSC VIC MODEL
Himachal Pradesh,Mandi,2022-07-11,2022,07,10.43427928,NRSC VIC MODEL
Himachal Pradesh,Mandi,2022-07-18,2022,07,10.37249155,NRSC VIC MODEL
Himachal Pradesh,Mandi,2022-07-21,2022,07,3.787153798,NRSC VIC MODEL
Himachal Pradesh,Mandi,2022-07-28,2022,07,15.99682026,NRSC VIC MODEL
Himachal Pradesh,Mandi,2022-08-04,2022,08,18.05660459,NRSC VIC MODEL
Himachal Pradesh,Mandi,2022-08-09,2022,08,5.0506126817,NRSC VIC MODEL
Himachal Pradesh,Mandi,2022-08-10,2022,08,8.5569341277,NRSC VIC MODEL
Himachal Pradesh,Mandi,2022-08-11,2022,08,56.5917621202,NRSC VIC MODEL
Himachal Pradesh,Mandi,2022-08-26,2022,08,6.2049849621,NRSC VIC MODEL
Himachal Pradesh,Mandi,2022-08-30,2022,08,3.1904980062,NRSC VIC MODEL
Himachal Pradesh,Mandi,2022-08-31,2022,08,0.6817592153,NRSC VIC MODEL
Himachal Pradesh,Mandi,2022-09-04,2022,09,23.5414268279,NRSC VIC MODEL
Himachal Pradesh,Mandi,2022-09-06,2022,09,3.3887990029,NRSC VIC MODEL
Himachal Pradesh,Mandi,2022-09-07,2022,09,1.5370132031,NRSC VIC MODEL
Himachal Pradesh,Mandi,2022-09-14,2022,09,0.3449872618,NRSC VIC MODEL
Himachal Pradesh,Mandi,2022-09-21,2022,09,2.825156484,NRSC VIC MODEL
Himachal Pradesh,Mandi,2022-10-16,2022,10,0.0,NRSC VIC MODEL
Himachal Pradesh,Mandi,2022-10-17,2022,10,0.0,NRSC VIC MODEL
Himachal Pradesh,Mandi,2022-10-25,2022,10,0.0,NRSC VIC MODEL
Himachal Pradesh,Mandi,2022-10-26,2022,10,0.0045933472,NRSC VIC MODEL
Himachal Pradesh,Mandi,2022-10-29,2022,10,0.000264922,NRSC VIC MODEL
Himachal Pradesh,Mandi,2022-10-30,2022,10,0.0327354539,NRSC VIC MODEL
Himachal Pradesh,Mandi,2022-10-31,2022,10,0.0145537792,NRSC VIC MODEL
Himachal Pradesh,Mandi,2022-11-08,2022,11,0.0,NRSC VIC MODEL
Himachal Pradesh,Mandi,2022-11-26,2022,11,0.0001205232,NRSC VIC MODEL
Himachal Pradesh,Mandi,2022-11-28,2022,11,0.0010641741,NRSC VIC MODEL
Himachal Pradesh,Mandi,2022-12-03,2022,12,0.6329185062,NRSC VIC MODEL
Himachal Pradesh,Mandi,2022-12-16,2022,12,0.0,NRSC VIC MODEL
Himachal Pradesh,Mandi,2022-12-18,2022,12,0.0,NRSC VIC MODEL
Himachal Pradesh,Mandi,2022-01-11,2022,01,0.017335797,NRSC VIC MODEL
Himachal Pradesh,Mandi,2022-01-12,2022,01,0.13349363,NRSC VIC MODEL
Himachal Pradesh,Mandi,2022-01-16,2022,01,0.111757309,NRSC VIC MODEL
Himachal Pradesh,Mandi,2022-01-19,2022,01,0.064223671,NRSC VIC MODEL
Himachal Pradesh,Mandi,2022-01-20,2022,01,3.18803585,NRSC VIC MODEL
Himachal Pradesh,Mandi,2022-01-21,2022,01,0.022934648,NRSC VIC MODEL
Himachal Pradesh,Mandi,2022-01-22,2022,01,10.58801807,NRSC VIC MODEL
Himachal Pradesh,Mandi,2022-01-23,2022,01,21.60042365,NRSC VIC MODEL
Himachal Pradesh,Mandi,2022-01-29,2022,01,0.000133147,NRSC VIC MODEL
Himachal Pradesh,Mandi,2022-02-13,2022,02,0.00223022,NRSC VIC MODEL
Himachal Pradesh,Mandi,2022-02-15,2022,02,0.040456852,NRSC VIC MODEL
Himachal Pradesh,Mandi,2022-02-17,2022,02,0.369244498,NRSC VIC MODEL
Himachal Pradesh,Mandi,2022-03-04,2022,03,8.43835255,NRSC VIC MODEL
Himachal Pradesh,Mandi,2022-03-06,2022,03,0.0,NRSC VIC MODEL
Himachal Pradesh,Mandi,2022-03-15,2022,03,0.038452982,NRSC VIC MODEL
Himachal Pradesh,Mandi,2022-03-18,2022,03,0.001890694,NRSC VIC MODEL
Himachal Pradesh,Mandi,2022-03-19,2022,03,0.0,NRSC VIC MODEL
Himachal Pradesh,Mandi,2022-03-23,2022,03,0.003929975,NRSC VIC MODEL
Himachal Pradesh,Mandi,2022-03-24,2022,03,0.002342487,NRSC VIC MODEL
Himachal Pradesh,Mandi,2022-03-25,2022,03,0.017371203,NRSC VIC MODEL
Himachal Pradesh,Mandi,2022-03-28,2022,03,0.001174841,NRSC VIC MODEL
Himachal Pradesh,Mandi,2022-04-01,2022,04,0.0,NRSC VIC MODEL
Himachal Pradesh,Mandi,2022-04-06,2022,04,9.84e-05,NRSC VIC MODEL
Himachal Pradesh,Mandi,2022-04-08,2022,04,0.0,NRSC VIC MODEL
Himachal Pradesh,Mandi,2022-04-13,2022,04,0.00018548,NRSC VIC MODEL
Himachal Pradesh,Mandi,2022-04-23,2022,04,0.318182622,NRSC VIC MODEL
Himachal Pradesh,Mandi,2022-05-01,2022,05,0.383526496,NRSC VIC MODEL
Himachal Pradesh,Mandi,2022-05-12,2022,05,5.881066058,NRSC VIC MODEL
Himachal Pradesh,Mandi,2022-05-20,2022,05,0.00429093,NRSC VIC MODEL
Himachal Pradesh,Mandi,2022-05-25,2022,05,15.49073409,NRSC VIC MODEL
Himachal Pradesh,Mandi,2022-05-26,2022,05,0.016414403,NRSC VIC MODEL
Himachal Pradesh,Mandi,2022-06-05,2022,06,0.0,NRSC VIC MODEL
Himachal Pradesh,Mandi,2022-06-11,2022,06,0.699698193,NRSC VIC MODEL
Himachal Pradesh,Mandi,2022-06-23,2022,06,0.182202298,NRSC VIC MODEL
Himachal Pradesh,Mandi,2022-06-25,2022,06,0.039768629,NRSC VIC MODEL
Himachal Pradesh,Mandi,2022-06-29,2022,06,32.12834394,NRSC VIC MODEL
Himachal Pradesh,Mandi,2022-06-30,2022,06,15.16574996,NRSC VIC MODEL
Himachal Pradesh,Mandi,2022-07-04,2022,07,16.44086586,NRSC VIC MODEL
Himachal Pradesh,Mandi,2022-07-06,2022,07,30.11221357,NRSC VIC MODEL
Himachal Pradesh,Mandi,2022-07-10,2022,07,9.080918704,NRSC VIC MODEL
Himachal Pradesh,Mandi,2022-07-12,2022,07,10.19589448,NRSC VIC MODEL
Himachal Pradesh,Mandi,2022-07-24,2022,07,27.92156194,NRSC VIC MODEL
Himachal Pradesh,Mandi,2022-08-02,2022,08,0.346978365,NRSC VIC MODEL
Himachal Pradesh,Mandi,2022-08-06,2022,08,10.7544322393,NRSC VIC MODEL
Himachal Pradesh,Mandi,2022-08-17,2022,08,18.5114585051,NRSC VIC MODEL
Himachal Pradesh,Mandi,2022-08-18,2022,08,7.9554078171,NRSC VIC MODEL
Himachal Pradesh,Mandi,2022-08-20,2022,08,20.4847094749,NRSC VIC MODEL
Himachal Pradesh,Mandi,2022-08-27,2022,08,0.3335963176,NRSC VIC MODEL
Himachal Pradesh,Mandi,2022-09-08,2022,09,0.0,NRSC VIC MODEL
Himachal Pradesh,Mandi,2022-09-10,2022,09,3.3029176347,NRSC VIC MODEL
Himachal Pradesh,Mandi,2022-09-15,2022,09,3.6848054926,NRSC VIC MODEL
Himachal Pradesh,Mandi,2022-09-17,2022,09,2.3705420703,NRSC VIC MODEL
Himachal Pradesh,Mandi,2022-09-22,2022,09,3.5712080123,NRSC VIC MODEL
Himachal Pradesh,Mandi,2022-09-26,2022,09,12.8725309219,NRSC VIC MODEL
Himachal Pradesh,Mandi,2022-10-01,2022,10,0.0126099846,NRSC VIC MODEL
Himachal Pradesh,Mandi,2022-10-03,2022,10,0.0321600754,NRSC VIC MODEL
Himachal Pradesh,Mandi,2022-10-05,2022,10,2.77454e-05,NRSC VIC MODEL
Himachal Pradesh,Mandi,2022-10-15,2022,10,0.0394223146,NRSC VIC MODEL
Himachal Pradesh,Mandi,2022-10-18,2022,10,0.0066582151,NRSC VIC MODEL
Himachal Pradesh,Mandi,2022-10-21,2022,10,1.0542521227,NRSC VIC MODEL
Himachal Pradesh,Mandi,2022-10-28,2022,10,0.0268975674,NRSC VIC MODEL
Himachal Pradesh,Mandi,2022-11-03,2022,11,0.1441069871,NRSC VIC MODEL
Himachal Pradesh,Mandi,2022-11-06,2022,11,0.0035504421,NRSC VIC MODEL
Himachal Pradesh,Mandi,2022-11-07,2022,11,0.0009013673,NRSC VIC MODEL
Himachal Pradesh,Mandi,2022-11-09,2022,11,0.1576266707,NRSC VIC MODEL
Himachal Pradesh,Mandi,2022-11-14,2022,11,1.0836266681,NRSC VIC MODEL
Himachal Pradesh,Mandi,2022-11-15,2022,11,5.0302404163,NRSC VIC MODEL
Himachal Pradesh,Mandi,2022-11-19,2022,11,0.0,NRSC VIC MODEL
Himachal Pradesh,Mandi,2022-12-05,2022,12,0.0006383651,NRSC VIC MODEL
Himachal Pradesh,Mandi,2022-12-08,2022,12,0.0,NRSC VIC MODEL
Himachal Pradesh,Mandi,2022-12-12,2022,12,0.1052757872,NRSC VIC MODEL
Himachal Pradesh,Mandi,2022-12-14,2022,12,0.0,NRSC VIC MODEL
Himachal Pradesh,Mandi,2022-12-17,2022,12,0.0,NRSC VIC MODEL
Himachal Pradesh,Mandi,2022-12-21,2022,12,0.0,NRSC VIC MODEL
Himachal Pradesh,Mandi,2022-12-24,2022,12,0.0,NRSC VIC MODEL
Himachal Pradesh,Mandi,2022-12-28,2022,12,0.0,NRSC VIC MODEL
Himachal Pradesh,Mandi,2022-12-31,2022,12,0.8866671514,NRSC VIC MODEL
Himachal Pradesh,Mandi,2022-01-03,2022,01,0.0,NRSC VIC MODEL
Himachal Pradesh,Mandi,2022-01-13,2022,01,0.46439832,NRSC VIC MODEL
Himachal Pradesh,Mandi,2022-01-14,2022,01,0.031955387,NRSC VIC MODEL
Himachal Pradesh,Mandi,2022-01-30,2022,01,0.0,NRSC VIC MODEL
Himachal Pradesh,Mandi,2022-02-02,2022,02,0.001105124,NRSC VIC MODEL
Himachal Pradesh,Mandi,2022-02-04,2022,02,23.15452064,NRSC VIC MODEL
Himachal Pradesh,Mandi,2022-02-11,2022,02,0.003854619,NRSC VIC MODEL
Himachal Pradesh,Mandi,2022-02-16,2022,02,0.023527154,NRSC VIC MODEL
Himachal Pradesh,Mandi,2022-02-18,2022,02,0.059916351,NRSC VIC MODEL
Himachal Pradesh,Mandi,2022-03-16,2022,03,0.006837121,NRSC VIC MODEL
Himachal Pradesh,Mandi,2022-03-20,2022,03,1.589261233,NRSC VIC MODEL
Himachal Pradesh,Mandi,2022-03-27,2022,03,0.028155027,NRSC VIC MODEL
Himachal Pradesh,Mandi,2022-03-31,2022,03,0.0,NRSC VIC MODEL
Himachal Pradesh,Mandi,2022-04-04,2022,04,0.0,NRSC VIC MODEL
Himachal Pradesh,Mandi,2022-04-11,2022,04,0.070395168,NRSC VIC MODEL
Himachal Pradesh,Mandi,2022-04-22,2022,04,1.73917688,NRSC VIC MODEL
Himachal Pradesh,Mandi,2022-04-25,2022,04,0.000173319,NRSC VIC MODEL
Himachal Pradesh,Mandi,2022-04-26,2022,04,0.003084492,NRSC VIC MODEL
Himachal Pradesh,Mandi,2022-04-29,2022,04,0.138235831,NRSC VIC MODEL
Himachal Pradesh,Mandi,2022-05-10,2022,05,2.655373764,NRSC VIC MODEL
Himachal Pradesh,Mandi,2022-05-18,2022,05,6.683406405,NRSC VIC MODEL
Himachal Pradesh,Mandi,2022-05-24,2022,05,14.83441488,NRSC VIC MODEL
Himachal Pradesh,Mandi,2022-05-29,2022,05,5.696445682,NRSC VIC MODEL
Himachal Pradesh,Mandi,2022-05-30,2022,05,0.0,NRSC VIC MODEL
Himachal Pradesh,Mandi,2022-06-01,2022,06,0.01244479,NRSC VIC MODEL
Himachal Pradesh,Mandi,2022-06-07,2022,06,0.0,NRSC VIC MODEL
Himachal Pradesh,Mandi,2022-06-09,2022,06,0.031845879,NRSC VIC MODEL
Himachal Pradesh,Mandi,2022-06-12,2022,06,3.959992241,NRSC VIC MODEL
Himachal Pradesh,Mandi,2022-06-13,2022,06,2.244999356,NRSC VIC MODEL
Himachal Pradesh,Mandi,2022-06-26,2022,06,0.091347997,NRSC VIC MODEL
Himachal Pradesh,Mandi,2022-06-27,2022,06,0.37686661,NRSC VIC MODEL
Himachal Pradesh,Mandi,2022-06-28,2022,06,13.57159192,NRSC VIC MODEL
Himachal Pradesh,Mandi,2022-07-07,2022,07,0.073584615,NRSC VIC MODEL
Himachal Pradesh,Mandi,2022-07-08,2022,07,32.2149328,NRSC VIC MODEL
Himachal Pradesh,Mandi,2022-07-13,2022,07,10.54271049,NRSC VIC MODEL
Himachal Pradesh,Mandi,2022-07-14,2022,07,12.2211576,NRSC VIC MODEL
Himachal Pradesh,Mandi,2022-07-15,2022,07,36.09261615,NRSC VIC MODEL
Himachal Pradesh,Mandi,2022-07-19,2022,07,0.330675586,NRSC VIC MODEL
Himachal Pradesh,Mandi,2022-07-25,2022,07,10.64576785,NRSC VIC MODEL
Himachal Pradesh,Mandi,2022-07-29,2022,07,7.750278513,NRSC VIC MODEL
Himachal Pradesh,Mandi,2022-08-01,2022,08,28.6763819006,NRSC VIC MODEL
Himachal Pradesh,Mandi,2022-08-13,2022,08,0.0,NRSC VIC MODEL
Himachal Pradesh,Mandi,2022-08-25,2022,08,7.8728942392,NRSC VIC MODEL
Himachal Pradesh,Mandi,2022-08-29,2022,08,7.3915150138,NRSC VIC MODEL
Himachal Pradesh,Mandi,2022-09-03,2022,09,6.3522753285,NRSC VIC MODEL
Himachal Pradesh,Mandi,2022-09-09,2022,09,0.0003706964,NRSC VIC MODEL
Himachal Pradesh,Mandi,2022-09-20,2022,09,9.3981149067,NRSC VIC MODEL
Himachal Pradesh,Mandi,2022-09-27,2022,09,0.0001860139,NRSC VIC MODEL
Himachal Pradesh,Mandi,2022-09-28,2022,09,0.0,NRSC VIC MODEL
Himachal Pradesh,Mandi,2022-10-02,2022,10,0.0772950769,NRSC VIC MODEL
Himachal Pradesh,Mandi,2022-08-23,2022,08,8.04617e-05,NRSC VIC MODEL
Himachal Pradesh,Mandi,2022-10-08,2022,10,0.4270373038,NRSC VIC MODEL
Himachal Pradesh,Mandi,2022-10-11,2022,10,37.3423572284,NRSC VIC MODEL
Himachal Pradesh,Mandi,2022-10-12,2022,10,6.6293235789,NRSC VIC MODEL
Himachal Pradesh,Mandi,2022-10-19,2022,10,0.1111356591,NRSC VIC MODEL
Himachal Pradesh,Mandi,2022-10-22,2022,10,0.1690293926,NRSC VIC MODEL
Himachal Pradesh,Mandi,2022-11-02,2022,11,0.0392244465,NRSC VIC MODEL
Himachal Pradesh,Mandi,2022-11-04,2022,11,0.0,NRSC VIC MODEL
Himachal Pradesh,Mandi,2022-11-12,2022,11,0.0,NRSC VIC MODEL
Himachal Pradesh,Mandi,2022-11-22,2022,11,0.0003216022,NRSC VIC MODEL
Himachal Pradesh,Mandi,2022-11-23,2022,11,0.003884265,NRSC VIC MODEL
Himachal Pradesh,Mandi,2022-11-24,2022,11,0.0002661342,NRSC VIC MODEL
Himachal Pradesh,Mandi,2022-11-25,2022,11,0.0003548456,NRSC VIC MODEL
Himachal Pradesh,Mandi,2022-12-01,2022,12,0.0,NRSC VIC MODEL
Himachal Pradesh,Mandi,2022-12-02,2022,12,0.0842952772,NRSC VIC MODEL
Himachal Pradesh,Mandi,2022-12-04,2022,12,0.0022698713,NRSC VIC MODEL
Himachal Pradesh,Mandi,2022-12-23,2022,12,0.0,NRSC VIC MODEL
Himachal Pradesh,Mandi,2022-12-26,2022,12,0.0,NRSC VIC MODEL
Himachal Pradesh,Mandi,2022-01-04,2022,01,0.093809033,NRSC VIC MODEL
Himachal Pradesh,Mandi,2022-01-09,2022,01,22.91001533,NRSC VIC MODEL
Himachal Pradesh,Mandi,2022-01-28,2022,01,0.0,NRSC VIC MODEL
Himachal Pradesh,Mandi,2022-01-31,2022,01,0.0,NRSC VIC MODEL
Himachal Pradesh,Mandi,2022-02-01,2022,02,0.0,NRSC VIC MODEL
Himachal Pradesh,Mandi,2022-02-03,2022,02,8.286830757,NRSC VIC MODEL
Himachal Pradesh,Mandi,2022-02-12,2022,02,0.000419414,NRSC VIC MODEL
Himachal Pradesh,Mandi,2022-02-21,2022,02,0.122156125,NRSC VIC MODEL
Himachal Pradesh,Mandi,2022-02-24,2022,02,2.943031234,NRSC VIC MODEL
Himachal Pradesh,Mandi,2022-02-26,2022,02,3.538559817,NRSC VIC MODEL
Himachal Pradesh,Mandi,2022-02-27,2022,02,23.78684452,NRSC VIC MODEL
Himachal Pradesh,Mandi,2022-03-01,2022,03,0.001271558,NRSC VIC MODEL
Himachal Pradesh,Mandi,2022-03-09,2022,03,0.0,NRSC VIC MODEL
Himachal Pradesh,Mandi,2022-03-11,2022,03,0.0,NRSC VIC MODEL
Himachal Pradesh,Mandi,2022-03-22,2022,03,0.000120425,NRSC VIC MODEL
Himachal Pradesh,Mandi,2022-03-29,2022,03,0.00094171,NRSC VIC MODEL
Himachal Pradesh,Mandi,2022-04-05,2022,04,0.00015061,NRSC VIC MODEL
Himachal Pradesh,Mandi,2022-04-16,2022,04,1.079571925,NRSC VIC MODEL
Himachal Pradesh,Mandi,2022-04-27,2022,04,0.0,NRSC VIC MODEL
Himachal Pradesh,Mandi,2022-05-02,2022,05,2.017258158,NRSC VIC MODEL
Himachal Pradesh,Mandi,2022-05-05,2022,05,0.900977444,NRSC VIC MODEL
Himachal Pradesh,Mandi,2022-05-09,2022,05,0.189592367,NRSC VIC MODEL
Himachal Pradesh,Mandi,2022-05-11,2022,05,0.889575112,NRSC VIC MODEL
Himachal Pradesh,Mandi,2022-05-16,2022,05,0.434882614,NRSC VIC MODEL
Himachal Pradesh,Mandi,2022-05-17,2022,05,7.630100914,NRSC VIC MODEL
Himachal Pradesh,Mandi,2022-05-21,2022,05,1.600642924,NRSC VIC MODEL
Himachal Pradesh,Mandi,2022-05-22,2022,05,0.029370953,NRSC VIC MODEL
Himachal Pradesh,Mandi,2022-05-31,2022,05,5.8225264,NRSC VIC MODEL
Himachal Pradesh,Mandi,2022-06-03,2022,06,0.0,NRSC VIC MODEL
Himachal Pradesh,Mandi,2022-06-08,2022,06,0.006377185,NRSC VIC MODEL
Himachal Pradesh,Mandi,2022-06-10,2022,06,0.121815583,NRSC VIC MODEL
Himachal Pradesh,Mandi,2022-06-14,2022,06,0.008155632,NRSC VIC MODEL
Himachal Pradesh,Mandi,2022-06-19,2022,06,2.611355351,NRSC VIC MODEL
Himachal Pradesh,Mandi,2022-06-21,2022,06,6.624936835,NRSC VIC MODEL
Himachal Pradesh,Mandi,2022-06-22,2022,06,0.237141293,NRSC VIC MODEL
Himachal Pradesh,Mandi,2022-06-24,2022,06,0.000301035,NRSC VIC MODEL
Himachal Pradesh,Mandi,2022-07-03,2022,07,20.56972401,NRSC VIC MODEL
Himachal Pradesh,Mandi,2022-07-16,2022,07,7.657572081,NRSC VIC MODEL
Himachal Pradesh,Mandi,2022-07-22,2022,07,6.181391947,NRSC VIC MODEL
Himachal Pradesh,Mandi,2022-07-26,2022,07,6.529631416,NRSC VIC MODEL
Himachal Pradesh,Mandi,2022-07-31,2022,07,17.31040522,NRSC VIC MODEL
Himachal Pradesh,Mandi,2022-08-05,2022,08,19.5906288611,NRSC VIC MODEL
Himachal Pradesh,Mandi,2022-08-07,2022,08,12.9382026664,NRSC VIC MODEL
Himachal Pradesh,Mandi,2022-08-08,2022,08,1.7898583198,NRSC VIC MODEL
Himachal Pradesh,Mandi,2022-08-12,2022,08,12.7290734815,NRSC VIC MODEL
Himachal Pradesh,Mandi,2022-08-14,2022,08,0.0634911396,NRSC VIC MODEL
Himachal Pradesh,Mandi,2022-08-16,2022,08,10.9248338446,NRSC VIC MODEL
Himachal Pradesh,Mandi,2022-08-21,2022,08,9.1162053757,NRSC VIC MODEL
Himachal Pradesh,Mandi,2022-08-22,2022,08,7.4762477763,NRSC VIC MODEL
Himachal Pradesh,Mandi,2022-09-02,2022,09,2.457638397,NRSC VIC MODEL
Himachal Pradesh,Mandi,2022-09-05,2022,09,0.4008414191,NRSC VIC MODEL
Himachal Pradesh,Mandi,2022-09-12,2022,09,3.9665379447,NRSC VIC MODEL
Himachal Pradesh,Mandi,2022-09-13,2022,09,0.0719593117,NRSC VIC MODEL
Himachal Pradesh,Mandi,2022-09-18,2022,09,2.4182917051,NRSC VIC MODEL
Himachal Pradesh,Mandi,2022-09-19,2022,09,0.0,NRSC VIC MODEL
Himachal Pradesh,Mandi,2022-09-23,2022,09,9.5385348606,NRSC VIC MODEL
Himachal Pradesh,Mandi,2022-09-24,2022,09,1.7056168028,NRSC VIC MODEL
Himachal Pradesh,Mandi,2022-09-25,2022,09,21.0003778772,NRSC VIC MODEL
Himachal Pradesh,Mandi,2022-09-29,2022,09,0.0338318461,NRSC VIC MODEL
Himachal Pradesh,Mandi,2022-08-24,2022,08,7.912838135,NRSC VIC MODEL
Himachal Pradesh,Mandi,2022-10-07,2022,10,0.3949645793,NRSC VIC MODEL
Himachal Pradesh,Mandi,2022-10-10,2022,10,0.9882333278,NRSC VIC MODEL
Himachal Pradesh,Mandi,2022-10-13,2022,10,1.5483412289,NRSC VIC MODEL
Himachal Pradesh,Mandi,2022-10-20,2022,10,0.0068704047,NRSC VIC MODEL
Himachal Pradesh,Mandi,2022-10-24,2022,10,0.0358212211,NRSC VIC MODEL
Himachal Pradesh,Mandi,2022-10-27,2022,10,0.0212229673,NRSC VIC MODEL
Himachal Pradesh,Mandi,2022-11-05,2022,11,0.0,NRSC VIC MODEL
Himachal Pradesh,Mandi,2022-11-13,2022,11,0.0158442145,NRSC VIC MODEL
Himachal Pradesh,Mandi,2022-11-20,2022,11,0.0,NRSC VIC MODEL
Himachal Pradesh,Mandi,2022-11-21,2022,11,0.0004627183,NRSC VIC MODEL
Himachal Pradesh,Mandi,2022-11-27,2022,11,0.0003634948,NRSC VIC MODEL
Himachal Pradesh,Mandi,2022-11-29,2022,11,0.0025059962,NRSC VIC MODEL
Himachal Pradesh,Mandi,2022-12-10,2022,12,0.0213285579,NRSC VIC MODEL
Himachal Pradesh,Mandi,2022-12-11,2022,12,0.0,NRSC VIC MODEL
Himachal Pradesh,Mandi,2022-12-13,2022,12,0.0027852986,NRSC VIC MODEL
Himachal Pradesh,Mandi,2022-12-20,2022,12,0.0,NRSC VIC MODEL
Himachal Pradesh,Mandi,2022-12-29,2022,12,0.0,NRSC VIC MODEL
Himachal Pradesh,Mandi,2022-12-30,2022,12,2.0552631513,NRSC VIC MODEL
Himachal Pradesh,Mandi,2023-01-04,2023,01,0.0,NRSC VIC MODEL
Himachal Pradesh,Mandi,2023-01-19,2023,01,0.3898485008,NRSC VIC MODEL
Himachal Pradesh,Mandi,2023-01-23,2023,01,0.0012239359,NRSC VIC MODEL
Himachal Pradesh,Mandi,2023-01-30,2023,01,5.3780544655,NRSC VIC MODEL
Himachal Pradesh,Mandi,2023-02-03,2023,02,0.0,NRSC VIC MODEL
Himachal Pradesh,Mandi,2023-02-05,2023,02,0.0,NRSC VIC MODEL
Himachal Pradesh,Mandi,2023-02-09,2023,02,0.1585010847,NRSC VIC MODEL
Himachal Pradesh,Mandi,2023-02-19,2023,02,0.0127967959,NRSC VIC MODEL
Himachal Pradesh,Mandi,2023-02-22,2023,02,6.1580585183,NRSC VIC MODEL
Himachal Pradesh,Mandi,2023-02-27,2023,02,0.0026446555,NRSC VIC MODEL
Himachal Pradesh,Mandi,2023-03-04,2023,03,0.0,NRSC VIC MODEL
Himachal Pradesh,Mandi,2023-03-11,2023,03,0.0,NRSC VIC MODEL
Himachal Pradesh,Mandi,2023-03-17,2023,03,1.3156740449,NRSC VIC MODEL
Himachal Pradesh,Mandi,2023-04-07,2023,04,0.2763178685,NRSC VIC MODEL
Himachal Pradesh,Mandi,2023-04-10,2023,04,0.0342893269,NRSC VIC MODEL
Himachal Pradesh,Mandi,2023-04-15,2023,04,0.1364077108,NRSC VIC MODEL
Himachal Pradesh,Mandi,2023-04-27,2023,04,6.7272866519,NRSC VIC MODEL
Himachal Pradesh,Mandi,2023-04-28,2023,04,5.8226927767,NRSC VIC MODEL
Himachal Pradesh,Mandi,2023-05-09,2023,05,5.203401695,NRSC VIC MODEL
Himachal Pradesh,Mandi,2023-05-13,2023,05,0.0519495691,NRSC VIC MODEL
Himachal Pradesh,Mandi,2023-05-15,2023,05,0.4279113106,NRSC VIC MODEL
Himachal Pradesh,Mandi,2023-05-18,2023,05,1.9162137245,NRSC VIC MODEL
Himachal Pradesh,Mandi,2023-05-21,2023,05,0.0137181682,NRSC VIC MODEL
Himachal Pradesh,Mandi,2023-06-04,2023,06,0.1533869015,NRSC VIC MODEL
Himachal Pradesh,Mandi,2023-06-06,2023,06,4.8151872501,NRSC VIC MODEL
Himachal Pradesh,Mandi,2023-06-11,2023,06,8.2232258238,NRSC VIC MODEL
Himachal Pradesh,Mandi,2023-06-12,2023,06,0.2536064483,NRSC VIC MODEL
Himachal Pradesh,Mandi,2023-06-19,2023,06,5.448914002,NRSC VIC MODEL
Himachal Pradesh,Mandi,2023-06-22,2023,06,13.4954229588,NRSC VIC MODEL
Himachal Pradesh,Mandi,2023-06-29,2023,06,5.8381387547,NRSC VIC MODEL
Himachal Pradesh,Mandi,2023-07-11,2023,07,62.3488338395,NRSC VIC MODEL
Himachal Pradesh,Mandi,2023-07-12,2023,07,0.8837888579,NRSC VIC MODEL
Himachal Pradesh,Mandi,2023-07-16,2023,07,32.0587947515,NRSC VIC MODEL
Himachal Pradesh,Mandi,2023-07-19,2023,07,16.189261522,NRSC VIC MODEL
Himachal Pradesh,Mandi,2023-07-29,2023,07,7.8646221969,NRSC VIC MODEL
Himachal Pradesh,Mandi,2023-08-01,2023,08,1.1531524644,NRSC VIC MODEL
Himachal Pradesh,Mandi,2023-08-03,2023,08,15.6193900575,NRSC VIC MODEL
Himachal Pradesh,Mandi,2023-08-07,2023,08,19.8539458722,NRSC VIC MODEL
Himachal Pradesh,Mandi,2023-08-13,2023,08,55.1707432551,NRSC VIC MODEL
Himachal Pradesh,Mandi,2023-08-26,2023,08,3.2237632503,NRSC VIC MODEL
Himachal Pradesh,Mandi,2023-08-27,2023,08,0.8605157892,NRSC VIC MODEL
Himachal Pradesh,Mandi,2023-09-02,2023,09,5.0705646335,NRSC VIC MODEL
Himachal Pradesh,Mandi,2023-09-04,2023,09,0.1170475858,NRSC VIC MODEL
Himachal Pradesh,Mandi,2023-09-06,2023,09,0.0107706382,NRSC VIC MODEL
Himachal Pradesh,Mandi,2023-09-07,2023,09,1.5495126415,NRSC VIC MODEL
Himachal Pradesh,Mandi,2023-09-30,2023,09,0.2726112503,NRSC VIC MODEL
Himachal Pradesh,Mandi,2023-10-12,2023,10,0.0267724207,NRSC VIC MODEL
Himachal Pradesh,Mandi,2023-10-16,2023,10,1.9094889492,NRSC VIC MODEL
Himachal Pradesh,Mandi,2023-10-27,2023,10,0.0147390693,NRSC VIC MODEL
Himachal Pradesh,Mandi,2023-11-13,2023,11,0.0037123933,NRSC VIC MODEL
Himachal Pradesh,Mandi,2023-11-21,2023,11,0.0,NRSC VIC MODEL
Himachal Pradesh,Mandi,2023-11-28,2023,11,0.0001121503,NRSC VIC MODEL
Himachal Pradesh,Mandi,2023-12-03,2023,12,0.0,NRSC VIC MODEL
Himachal Pradesh,Mandi,2023-12-19,2023,12,0.0,NRSC VIC MODEL
Himachal Pradesh,Mandi,2023-01-11,2023,01,0.0,NRSC VIC MODEL
Himachal Pradesh,Mandi,2023-01-14,2023,01,0.9555104381,NRSC VIC MODEL
Himachal Pradesh,Mandi,2023-02-01,2023,02,0.0,NRSC VIC MODEL
Himachal Pradesh,Mandi,2023-02-02,2023,02,0.0,NRSC VIC MODEL
Himachal Pradesh,Mandi,2023-02-08,2023,02,0.0,NRSC VIC MODEL
Himachal Pradesh,Mandi,2023-02-16,2023,02,0.0,NRSC VIC MODEL
Himachal Pradesh,Mandi,2023-02-23,2023,02,0.0,NRSC VIC MODEL
Himachal Pradesh,Mandi,2023-03-01,2023,03,2.0692953487,NRSC VIC MODEL
Himachal Pradesh,Mandi,2023-03-05,2023,03,0.0,NRSC VIC MODEL
Himachal Pradesh,Mandi,2023-03-09,2023,03,3.041812127,NRSC VIC MODEL
Himachal Pradesh,Mandi,2023-03-12,2023,03,9.85945e-05,NRSC VIC MODEL
Himachal Pradesh,Mandi,2023-03-13,2023,03,0.0183683543,NRSC VIC MODEL
Himachal Pradesh,Mandi,2023-03-21,2023,03,11.7830971165,NRSC VIC MODEL
Himachal Pradesh,Mandi,2023-03-28,2023,03,0.0212270871,NRSC VIC MODEL
Himachal Pradesh,Mandi,2023-03-29,2023,03,0.0180123726,NRSC VIC MODEL
Himachal Pradesh,Mandi,2023-04-02,2023,04,12.5964324364,NRSC VIC MODEL
Himachal Pradesh,Mandi,2023-04-03,2023,04,1.4949995423,NRSC VIC MODEL
Himachal Pradesh,Mandi,2023-04-08,2023,04,0.0,NRSC VIC MODEL
Himachal Pradesh,Mandi,2023-04-13,2023,04,0.0001205232,NRSC VIC MODEL
Himachal Pradesh,Mandi,2023-04-17,2023,04,0.0029207791,NRSC VIC MODEL
Himachal Pradesh,Mandi,2023-04-23,2023,04,0.0123894639,NRSC VIC MODEL
Himachal Pradesh,Mandi,2023-04-26,2023,04,3.4919393315,NRSC VIC MODEL
Himachal Pradesh,Mandi,2023-05-01,2023,05,6.6335093104,NRSC VIC MODEL
Himachal Pradesh,Mandi,2023-05-02,2023,05,10.4916765184,NRSC VIC MODEL
Himachal Pradesh,Mandi,2023-05-07,2023,05,5.2626000152,NRSC VIC MODEL
Himachal Pradesh,Mandi,2023-05-10,2023,05,0.2758578504,NRSC VIC MODEL
Himachal Pradesh,Mandi,2023-05-23,2023,05,0.0139359702,NRSC VIC MODEL
Himachal Pradesh,Mandi,2023-05-24,2023,05,10.3299177442,NRSC VIC MODEL
Himachal Pradesh,Mandi,2023-05-26,2023,05,18.0554930784,NRSC VIC MODEL
Himachal Pradesh,Mandi,2023-06-02,2023,06,5.6494718895,NRSC VIC MODEL
Himachal Pradesh,Mandi,2023-06-08,2023,06,0.7193923906,NRSC VIC MODEL
Himachal Pradesh,Mandi,2023-06-13,2023,06,0.046584298,NRSC VIC MODEL
Himachal Pradesh,Mandi,2023-06-14,2023,06,9.8054138904,NRSC VIC MODEL
Himachal Pradesh,Mandi,2023-06-18,2023,06,0.0396277379,NRSC VIC MODEL
Himachal Pradesh,Mandi,2023-06-20,2023,06,0.1509734392,NRSC VIC MODEL
Himachal Pradesh,Mandi,2023-06-21,2023,06,5.3179105211,NRSC VIC MODEL
Himachal Pradesh,Mandi,2023-06-25,2023,06,43.7348652838,NRSC VIC MODEL
Himachal Pradesh,Mandi,2023-06-30,2023,06,5.0086063996,NRSC VIC MODEL
Himachal Pradesh,Mandi,2023-07-06,2023,07,15.3449078384,NRSC VIC MODEL
Himachal Pradesh,Mandi,2023-07-08,2023,07,2.667680556,NRSC VIC MODEL
Himachal Pradesh,Mandi,2023-07-21,2023,07,5.8772208881,NRSC VIC MODEL
Himachal Pradesh,Mandi,2023-08-05,2023,08,12.490349215,NRSC VIC MODEL
Himachal Pradesh,Mandi,2023-08-06,2023,08,1.9769260472,NRSC VIC MODEL
Himachal Pradesh,Mandi,2023-08-10,2023,08,11.076937582,NRSC VIC MODEL
Himachal Pradesh,Mandi,2023-08-14,2023,08,92.0478541213,NRSC VIC MODEL
Himachal Pradesh,Mandi,2023-08-15,2023,08,29.0736733998,NRSC VIC MODEL
Himachal Pradesh,Mandi,2023-08-25,2023,08,21.6817014302,NRSC VIC MODEL
Himachal Pradesh,Mandi,2023-09-12,2023,09,0.0218116419,NRSC VIC MODEL
Himachal Pradesh,Mandi,2023-09-16,2023,09,18.1651945389,NRSC VIC MODEL
Himachal Pradesh,Mandi,2023-09-22,2023,09,2.8615666671,NRSC VIC MODEL
Himachal Pradesh,Mandi,2023-09-23,2023,09,1.292003601,NRSC VIC MODEL
Himachal Pradesh,Mandi,2023-09-24,2023,09,1.4376839992,NRSC VIC MODEL
Himachal Pradesh,Mandi,2023-09-28,2023,09,0.0,NRSC VIC MODEL
Himachal Pradesh,Mandi,2023-10-01,2023,10,0.3159046775,NRSC VIC MODEL
Himachal Pradesh,Mandi,2023-10-11,2023,10,0.057005544,NRSC VIC MODEL
Himachal Pradesh,Mandi,2023-10-25,2023,10,0.0,NRSC VIC MODEL
Himachal Pradesh,Mandi,2023-10-31,2023,10,0.0,NRSC VIC MODEL
Himachal Pradesh,Mandi,2023-11-07,2023,11,0.000806328,NRSC VIC MODEL
Himachal Pradesh,Mandi,2023-11-12,2023,11,0.0,NRSC VIC MODEL
Himachal Pradesh,Mandi,2023-11-14,2023,11,0.0,NRSC VIC MODEL
Himachal Pradesh,Mandi,2023-11-23,2023,11,0.0,NRSC VIC MODEL
Himachal Pradesh,Mandi,2023-11-29,2023,11,0.0,NRSC VIC MODEL
Himachal Pradesh,Mandi,2023-12-01,2023,12,2.8374729527,NRSC VIC MODEL
Himachal Pradesh,Mandi,2023-12-04,2023,12,0.2301511732,NRSC VIC MODEL
Himachal Pradesh,Mandi,2023-12-05,2023,12,2.4225537826,NRSC VIC MODEL
Himachal Pradesh,Mandi,2023-12-09,2023,12,0.0,NRSC VIC MODEL
Himachal Pradesh,Mandi,2023-12-10,2023,12,0.0064121819,NRSC VIC MODEL
Himachal Pradesh,Mandi,2023-12-12,2023,12,0.0122123378,NRSC VIC MODEL
Himachal Pradesh,Mandi,2023-12-14,2023,12,0.0,NRSC VIC MODEL
Himachal Pradesh,Mandi,2023-12-17,2023,12,0.0,NRSC VIC MODEL
Himachal Pradesh,Mandi,2023-01-02,2023,01,0.0,NRSC VIC MODEL
Himachal Pradesh,Mandi,2023-01-05,2023,01,0.0080376313,NRSC VIC MODEL
Himachal Pradesh,Mandi,2023-01-06,2023,01,0.0,NRSC VIC MODEL
Himachal Pradesh,Mandi,2023-01-07,2023,01,0.0720305487,NRSC VIC MODEL
Himachal Pradesh,Mandi,2023-01-09,2023,01,0.0,NRSC VIC MODEL
Himachal Pradesh,Mandi,2023-01-22,2023,01,0.0,NRSC VIC MODEL
Himachal Pradesh,Mandi,2023-01-26,2023,01,8.0719340972,NRSC VIC MODEL
Himachal Pradesh,Mandi,2023-01-28,2023,01,0.0,NRSC VIC MODEL
Himachal Pradesh,Mandi,2023-01-29,2023,01,0.0,NRSC VIC MODEL
Himachal Pradesh,Mandi,2023-01-31,2023,01,0.5027077121,NRSC VIC MODEL
Himachal Pradesh,Mandi,2023-02-04,2023,02,0.0,NRSC VIC MODEL
Himachal Pradesh,Mandi,2023-02-07,2023,02,2.0225973611,NRSC VIC MODEL
Himachal Pradesh,Mandi,2023-02-14,2023,02,0.011921087,NRSC VIC MODEL
Himachal Pradesh,Mandi,2023-02-15,2023,02,0.0,NRSC VIC MODEL
Himachal Pradesh,Mandi,2023-02-20,2023,02,0.1231611704,NRSC VIC MODEL
Himachal Pradesh,Mandi,2023-03-03,2023,03,0.0561818086,NRSC VIC MODEL
Himachal Pradesh,Mandi,2023-03-08,2023,03,3.4275589852,NRSC VIC MODEL
Himachal Pradesh,Mandi,2023-03-18,2023,03,2.0070805035,NRSC VIC MODEL
Himachal Pradesh,Mandi,2023-03-20,2023,03,3.7543759263,NRSC VIC MODEL
Himachal Pradesh,Mandi,2023-03-22,2023,03,7.5081002246,NRSC VIC MODEL
Himachal Pradesh,Mandi,2023-03-27,2023,03,2.8661836962,NRSC VIC MODEL
Himachal Pradesh,Mandi,2023-04-11,2023,04,0.0018925211,NRSC VIC MODEL
Himachal Pradesh,Mandi,2023-04-24,2023,04,0.0002883841,NRSC VIC MODEL
Himachal Pradesh,Mandi,2023-05-03,2023,05,15.5012337586,NRSC VIC MODEL
Himachal Pradesh,Mandi,2023-05-12,2023,05,0.0201151488,NRSC VIC MODEL
Himachal Pradesh,Mandi,2023-05-17,2023,05,0.0915644108,NRSC VIC MODEL
Himachal Pradesh,Mandi,2023-05-25,2023,05,30.2635302253,NRSC VIC MODEL
Himachal Pradesh,Mandi,2023-05-28,2023,05,3.8593664266,NRSC VIC MODEL
Himachal Pradesh,Mandi,2023-05-30,2023,05,16.9888272268,NRSC VIC MODEL
Himachal Pradesh,Mandi,2023-06-03,2023,06,0.2842597192,NRSC VIC MODEL
Himachal Pradesh,Mandi,2023-06-05,2023,06,0.2461797195,NRSC VIC MODEL
Himachal Pradesh,Mandi,2023-06-10,2023,06,0.3378255315,NRSC VIC MODEL
Himachal Pradesh,Mandi,2023-06-23,2023,06,24.0538391058,NRSC VIC MODEL
Himachal Pradesh,Mandi,2023-06-27,2023,06,6.4359617876,NRSC VIC MODEL
Himachal Pradesh,Mandi,2023-06-28,2023,06,1.915935133,NRSC VIC MODEL
Himachal Pradesh,Mandi,2023-07-01,2023,07,3.453552532,NRSC VIC MODEL
Himachal Pradesh,Mandi,2023-07-03,2023,07,1.2696465716,NRSC VIC MODEL
Himachal Pradesh,Mandi,2023-07-04,2023,07,6.4981660152,NRSC VIC MODEL
Himachal Pradesh,Mandi,2023-07-05,2023,07,2.3292892894,NRSC VIC MODEL
Himachal Pradesh,Mandi,2023-07-07,2023,07,13.6031600474,NRSC VIC MODEL
Himachal Pradesh,Mandi,2023-07-15,2023,07,19.4362249543,NRSC VIC MODEL
Himachal Pradesh,Mandi,2023-07-17,2023,07,11.9145221621,NRSC VIC MODEL
Himachal Pradesh,Mandi,2023-07-24,2023,07,2.3174710651,NRSC VIC MODEL
Himachal Pradesh,Mandi,2023-07-25,2023,07,5.7710936092,NRSC VIC MODEL
Himachal Pradesh,Mandi,2023-07-26,2023,07,4.2378056287,NRSC VIC MODEL
Himachal Pradesh,Mandi,2023-08-02,2023,08,0.1194954004,NRSC VIC MODEL
Himachal Pradesh,Mandi,2023-08-04,2023,08,7.5520496009,NRSC VIC MODEL
Himachal Pradesh,Mandi,2023-08-08,2023,08,3.163777249,NRSC VIC MODEL
Himachal Pradesh,Mandi,2023-08-09,2023,08,1.4418160136,NRSC VIC MODEL
Himachal Pradesh,Mandi,2023-08-11,2023,08,41.3697166314,NRSC VIC MODEL
Himachal Pradesh,Mandi,2023-08-17,2023,08,1.5469275266,NRSC VIC MODEL
Himachal Pradesh,Mandi,2023-08-20,2023,08,0.2013960154,NRSC VIC MODEL
Himachal Pradesh,Mandi,2023-08-24,2023,08,54.5853259148,NRSC VIC MODEL
Himachal Pradesh,Mandi,2023-08-31,2023,08,0.0056966958,NRSC VIC MODEL
Himachal Pradesh,Mandi,2023-09-08,2023,09,9.85945e-05,NRSC VIC MODEL
Himachal Pradesh,Mandi,2023-09-10,2023,09,0.0250646398,NRSC VIC MODEL
Himachal Pradesh,Mandi,2023-09-11,2023,09,4.2252847369,NRSC VIC MODEL
Himachal Pradesh,Mandi,2023-09-21,2023,09,0.1269821818,NRSC VIC MODEL
Himachal Pradesh,Mandi,2023-09-25,2023,09,0.0418972488,NRSC VIC MODEL
Himachal Pradesh,Mandi,2023-09-29,2023,09,0.0,NRSC VIC MODEL
Himachal Pradesh,Mandi,2023-10-07,2023,10,0.0,NRSC VIC MODEL
Himachal Pradesh,Mandi,2023-10-10,2023,10,7.6870118412,NRSC VIC MODEL
Himachal Pradesh,Mandi,2023-10-18,2023,10,0.2959379783,NRSC VIC MODEL
Himachal Pradesh,Mandi,2023-10-24,2023,10,1.3111970609,NRSC VIC MODEL
Himachal Pradesh,Mandi,2023-10-29,2023,10,0.0009837508,NRSC VIC MODEL
Himachal Pradesh,Mandi,2023-11-06,2023,11,0.0,NRSC VIC MODEL
Himachal Pradesh,Mandi,2023-11-08,2023,11,0.000806328,NRSC VIC MODEL
Himachal Pradesh,Mandi,2023-11-15,2023,11,0.0,NRSC VIC MODEL
Himachal Pradesh,Mandi,2023-11-22,2023,11,0.0,NRSC VIC MODEL
Himachal Pradesh,Mandi,2023-11-24,2023,11,0.0,NRSC VIC MODEL
Himachal Pradesh,Mandi,2023-11-27,2023,11,0.0,NRSC VIC MODEL
Himachal Pradesh,Mandi,2023-11-30,2023,11,1.4794771742,NRSC VIC MODEL
Himachal Pradesh,Mandi,2023-12-07,2023,12,0.0,NRSC VIC MODEL
Himachal Pradesh,Mandi,2023-12-08,2023,12,0.0,NRSC VIC MODEL
Himachal Pradesh,Mandi,2023-12-15,2023,12,0.0,NRSC VIC MODEL
Himachal Pradesh,Mandi,2023-12-20,2023,12,0.0,NRSC VIC MODEL
Himachal Pradesh,Mandi,2023-12-21,2023,12,0.0,NRSC VIC MODEL
Himachal Pradesh,Mandi,2023-12-22,2023,12,0.0,NRSC VIC MODEL
Himachal Pradesh,Mandi,2023-12-24,2023,12,0.0,NRSC VIC MODEL
Himachal Pradesh,Mandi,2023-12-25,2023,12,0.0404359982,NRSC VIC MODEL
Himachal Pradesh,Mandi,2023-12-31,2023,12,0.0023223472,NRSC VIC MODEL
Himachal Pradesh,Mandi,2023-01-01,2023,01,0.0,NRSC VIC MODEL
Himachal Pradesh,Mandi,2023-01-08,2023,01,0.0001853482,NRSC VIC MODEL
Himachal Pradesh,Mandi,2023-01-10,2023,01,0.0,NRSC VIC MODEL
Himachal Pradesh,Mandi,2023-01-12,2023,01,0.5288418029,NRSC VIC MODEL
Himachal Pradesh,Mandi,2023-01-15,2023,01,0.1353215715,NRSC VIC MODEL
Himachal Pradesh,Mandi,2023-01-17,2023,01,0.0,NRSC VIC MODEL
Himachal Pradesh,Mandi,2023-01-21,2023,01,0.096869947,NRSC VIC MODEL
Himachal Pradesh,Mandi,2023-01-24,2023,01,0.0328136035,NRSC VIC MODEL
Himachal Pradesh,Mandi,2023-01-25,2023,01,7.3154076448,NRSC VIC MODEL
Himachal Pradesh,Mandi,2023-01-27,2023,01,0.0,NRSC VIC MODEL
Himachal Pradesh,Mandi,2023-02-06,2023,02,0.7753089384,NRSC VIC MODEL
Himachal Pradesh,Mandi,2023-02-10,2023,02,2.4686615332,NRSC VIC MODEL
Himachal Pradesh,Mandi,2023-02-17,2023,02,0.1408425306,NRSC VIC MODEL
Himachal Pradesh,Mandi,2023-02-18,2023,02,0.0,NRSC VIC MODEL
Himachal Pradesh,Mandi,2023-02-28,2023,02,0.0562527238,NRSC VIC MODEL
Himachal Pradesh,Mandi,2023-03-02,2023,03,0.9240341274,NRSC VIC MODEL
Himachal Pradesh,Mandi,2023-03-15,2023,03,0.0,NRSC VIC MODEL
Himachal Pradesh,Mandi,2023-03-23,2023,03,2.0598844633,NRSC VIC MODEL
Himachal Pradesh,Mandi,2023-03-24,2023,03,0.0,NRSC VIC MODEL
Himachal Pradesh,Mandi,2023-03-25,2023,03,14.584923743,NRSC VIC MODEL
Himachal Pradesh,Mandi,2023-03-26,2023,03,20.9999170055,NRSC VIC MODEL
Himachal Pradesh,Mandi,2023-04-01,2023,04,13.4546799439,NRSC VIC MODEL
Himachal Pradesh,Mandi,2023-04-04,2023,04,8.5774784309,NRSC VIC MODEL
Himachal Pradesh,Mandi,2023-04-05,2023,04,2.5389540579,NRSC VIC MODEL
Himachal Pradesh,Mandi,2023-04-09,2023,04,9.85945e-05,NRSC VIC MODEL
Himachal Pradesh,Mandi,2023-04-16,2023,04,0.3542698694,NRSC VIC MODEL
Himachal Pradesh,Mandi,2023-04-18,2023,04,0.134878843,NRSC VIC MODEL
Himachal Pradesh,Mandi,2023-04-19,2023,04,19.761879515,NRSC VIC MODEL
Himachal Pradesh,Mandi,2023-04-22,2023,04,0.1036946684,NRSC VIC MODEL
Himachal Pradesh,Mandi,2023-04-25,2023,04,0.0006685451,NRSC VIC MODEL
Himachal Pradesh,Mandi,2023-04-30,2023,04,5.2002471264,NRSC VIC MODEL
Himachal Pradesh,Mandi,2023-05-11,2023,05,0.1245317465,NRSC VIC MODEL
Himachal Pradesh,Mandi,2023-05-16,2023,05,0.1256220499,NRSC VIC MODEL
Himachal Pradesh,Mandi,2023-05-19,2023,05,0.0721633552,NRSC VIC MODEL
Himachal Pradesh,Mandi,2023-05-29,2023,05,0.024194483,NRSC VIC MODEL
Himachal Pradesh,Mandi,2023-05-31,2023,05,3.6541684889,NRSC VIC MODEL
Himachal Pradesh,Mandi,2023-06-07,2023,06,1.0080739458,NRSC VIC MODEL
Himachal Pradesh,Mandi,2023-06-15,2023,06,9.3274032454,NRSC VIC MODEL
Himachal Pradesh,Mandi,2023-06-26,2023,06,20.7909126097,NRSC VIC MODEL
Himachal Pradesh,Mandi,2023-07-09,2023,07,136.9614530415,NRSC VIC MODEL
Himachal Pradesh,Mandi,2023-07-10,2023,07,101.959350746,NRSC VIC MODEL
Himachal Pradesh,Mandi,2023-07-13,2023,07,12.1926062411,NRSC VIC MODEL
Himachal Pradesh,Mandi,2023-07-18,2023,07,6.6474256845,NRSC VIC MODEL
Himachal Pradesh,Mandi,2023-08-16,2023,08,1.2341739438,NRSC VIC MODEL
Himachal Pradesh,Mandi,2023-08-18,2023,08,3.2393544999,NRSC VIC MODEL
Himachal Pradesh,Mandi,2023-08-19,2023,08,6.2035316404,NRSC VIC MODEL
Himachal Pradesh,Mandi,2023-08-21,2023,08,3.1415793105,NRSC VIC MODEL
Himachal Pradesh,Mandi,2023-08-22,2023,08,4.0110251466,NRSC VIC MODEL
Himachal Pradesh,Mandi,2023-08-28,2023,08,0.7689735247,NRSC VIC MODEL
Himachal Pradesh,Mandi,2023-08-30,2023,08,0.0110345972,NRSC VIC MODEL
Himachal Pradesh,Mandi,2023-09-01,2023,09,2.5237220178,NRSC VIC MODEL
Himachal Pradesh,Mandi,2023-09-03,2023,09,0.0006588207,NRSC VIC MODEL
Himachal Pradesh,Mandi,2023-09-09,2023,09,1.0956188616,NRSC VIC MODEL
Himachal Pradesh,Mandi,2023-09-13,2023,09,0.0334810284,NRSC VIC MODEL
Himachal Pradesh,Mandi,2023-09-15,2023,09,5.2085425796,NRSC VIC MODEL
Himachal Pradesh,Mandi,2023-09-18,2023,09,15.8860112397,NRSC VIC MODEL
Himachal Pradesh,Mandi,2023-09-20,2023,09,1.6838944915,NRSC VIC MODEL
Himachal Pradesh,Mandi,2023-09-26,2023,09,0.0003706964,NRSC VIC MODEL
Himachal Pradesh,Mandi,2023-10-08,2023,10,0.0,NRSC VIC MODEL
Himachal Pradesh,Mandi,2023-10-13,2023,10,0.0,NRSC VIC MODEL
Himachal Pradesh,Mandi,2023-10-14,2023,10,0.0,NRSC VIC MODEL
Himachal Pradesh,Mandi,2023-10-15,2023,10,9.6413181424,NRSC VIC MODEL
Himachal Pradesh,Mandi,2023-10-17,2023,10,11.5498567623,NRSC VIC MODEL
Himachal Pradesh,Mandi,2023-10-21,2023,10,0.0061452078,NRSC VIC MODEL
Himachal Pradesh,Mandi,2023-10-23,2023,10,0.0015968052,NRSC VIC MODEL
Himachal Pradesh,Mandi,2023-10-26,2023,10,0.0005915671,NRSC VIC MODEL
Himachal Pradesh,Mandi,2023-11-02,2023,11,0.0,NRSC VIC MODEL
Himachal Pradesh,Mandi,2023-11-03,2023,11,0.0,NRSC VIC MODEL
Himachal Pradesh,Mandi,2023-11-05,2023,11,0.0155292419,NRSC VIC MODEL
Himachal Pradesh,Mandi,2023-11-16,2023,11,0.0,NRSC VIC MODEL
Himachal Pradesh,Mandi,2023-11-25,2023,11,0.0,NRSC VIC MODEL
Himachal Pradesh,Mandi,2023-12-02,2023,12,0.0,NRSC VIC MODEL
Himachal Pradesh,Mandi,2023-12-06,2023,12,0.0,NRSC VIC MODEL
Himachal Pradesh,Mandi,2023-12-11,2023,12,0.0,NRSC VIC MODEL
Himachal Pradesh,Mandi,2023-12-13,2023,12,0.0,NRSC VIC MODEL
Himachal Pradesh,Mandi,2023-12-26,2023,12,0.0,NRSC VIC MODEL
Himachal Pradesh,Mandi,2023-12-28,2023,12,0.0,NRSC VIC MODEL
Himachal Pradesh,Mandi,2023-12-30,2023,12,0.0,NRSC VIC MODEL
Himachal Pradesh,Mandi,2023-01-03,2023,01,0.0,NRSC VIC MODEL
Himachal Pradesh,Mandi,2023-01-13,2023,01,1.9220181062,NRSC VIC MODEL
Himachal Pradesh,Mandi,2023-01-18,2023,01,0.0,NRSC VIC MODEL
Himachal Pradesh,Mandi,2023-01-20,2023,01,3.778860952,NRSC VIC MODEL
Himachal Pradesh,Mandi,2023-02-11,2023,02,4.6566398657,NRSC VIC MODEL
Himachal Pradesh,Mandi,2023-02-12,2023,02,1.0858355324,NRSC VIC MODEL
Himachal Pradesh,Mandi,2023-02-13,2023,02,0.0039643101,NRSC VIC MODEL
Himachal Pradesh,Mandi,2023-02-21,2023,02,0.0,NRSC VIC MODEL
Himachal Pradesh,Mandi,2023-02-24,2023,02,0.0,NRSC VIC MODEL
Himachal Pradesh,Mandi,2023-02-26,2023,02,0.0,NRSC VIC MODEL
Himachal Pradesh,Mandi,2023-03-06,2023,03,0.0099103685,NRSC VIC MODEL
Himachal Pradesh,Mandi,2023-03-07,2023,03,0.0022899416,NRSC VIC MODEL
Himachal Pradesh,Mandi,2023-03-14,2023,03,3.6727202768,NRSC VIC MODEL
Himachal Pradesh,Mandi,2023-03-16,2023,03,5.4983633702,NRSC VIC MODEL
Himachal Pradesh,Mandi,2023-03-19,2023,03,1.4722896253,NRSC VIC MODEL
Himachal Pradesh,Mandi,2023-03-30,2023,03,0.1182078497,NRSC VIC MODEL
Himachal Pradesh,Mandi,2023-03-31,2023,03,1.1291931059,NRSC VIC MODEL
Himachal Pradesh,Mandi,2023-04-06,2023,04,0.0,NRSC VIC MODEL
Himachal Pradesh,Mandi,2023-04-12,2023,04,0.0,NRSC VIC MODEL
Himachal Pradesh,Mandi,2023-04-14,2023,04,0.0,NRSC VIC MODEL
Himachal Pradesh,Mandi,2023-04-20,2023,04,24.8631626971,NRSC VIC MODEL
Himachal Pradesh,Mandi,2023-04-21,2023,04,15.4895637324,NRSC VIC MODEL
Himachal Pradesh,Mandi,2023-04-29,2023,04,0.0007543176,NRSC VIC MODEL
Himachal Pradesh,Mandi,2023-05-04,2023,05,9.2564173259,NRSC VIC MODEL
Himachal Pradesh,Mandi,2023-05-05,2023,05,1.2894226658,NRSC VIC MODEL
Himachal Pradesh,Mandi,2023-05-06,2023,05,0.0118596053,NRSC VIC MODEL
Himachal Pradesh,Mandi,2023-05-08,2023,05,2.4418695896,NRSC VIC MODEL
Himachal Pradesh,Mandi,2023-05-14,2023,05,2.0335483861,NRSC VIC MODEL
Himachal Pradesh,Mandi,2023-05-20,2023,05,0.0792356806,NRSC VIC MODEL
Himachal Pradesh,Mandi,2023-05-22,2023,05,0.0728537129,NRSC VIC MODEL
Himachal Pradesh,Mandi,2023-05-27,2023,05,1.1612384074,NRSC VIC MODEL
Himachal Pradesh,Mandi,2023-06-01,2023,06,25.9608069629,NRSC VIC MODEL
Himachal Pradesh,Mandi,2023-06-09,2023,06,0.4366358086,NRSC VIC MODEL
Himachal Pradesh,Mandi,2023-06-16,2023,06,0.46735857,NRSC VIC MODEL
Himachal Pradesh,Mandi,2023-06-17,2023,06,0.0269007522,NRSC VIC MODEL
Himachal Pradesh,Mandi,2023-06-24,2023,06,39.7348853357,NRSC VIC MODEL
Himachal Pradesh,Mandi,2023-07-02,2023,07,1.6604440054,NRSC VIC MODEL
Himachal Pradesh,Mandi,2023-07-14,2023,07,8.9338273581,NRSC VIC MODEL
Himachal Pradesh,Mandi,2023-07-20,2023,07,7.1800984722,NRSC VIC MODEL
Himachal Pradesh,Mandi,2023-07-22,2023,07,21.7555895097,NRSC VIC MODEL
Himachal Pradesh,Mandi,2023-07-23,2023,07,5.3422563436,NRSC VIC MODEL
Himachal Pradesh,Mandi,2023-07-27,2023,07,8.6635581791,NRSC VIC MODEL
Himachal Pradesh,Mandi,2023-07-28,2023,07,43.6847358171,NRSC VIC MODEL
Himachal Pradesh,Mandi,2023-07-30,2023,07,7.5984353895,NRSC VIC MODEL
Himachal Pradesh,Mandi,2023-07-31,2023,07,1.715918426,NRSC VIC MODEL
Himachal Pradesh,Mandi,2023-08-12,2023,08,33.8989951104,NRSC VIC MODEL
Himachal Pradesh,Mandi,2023-08-23,2023,08,79.8162753044,NRSC VIC MODEL
Himachal Pradesh,Mandi,2023-08-29,2023,08,0.567014934,NRSC VIC MODEL
Himachal Pradesh,Mandi,2023-09-05,2023,09,9.7694111307,NRSC VIC MODEL
Himachal Pradesh,Mandi,2023-09-14,2023,09,0.0050058754,NRSC VIC MODEL
Himachal Pradesh,Mandi,2023-09-17,2023,09,0.576379232,NRSC VIC MODEL
Himachal Pradesh,Mandi,2023-09-19,2023,09,2.773029357,NRSC VIC MODEL
Himachal Pradesh,Mandi,2023-09-27,2023,09,0.0,NRSC VIC MODEL
Himachal Pradesh,Mandi,2023-10-09,2023,10,0.0,NRSC VIC MODEL
Himachal Pradesh,Mandi,2023-10-28,2023,10,0.013624287,NRSC VIC MODEL
Himachal Pradesh,Mandi,2023-10-30,2023,10,0.0303755235,NRSC VIC MODEL
Himachal Pradesh,Mandi,2023-11-01,2023,11,0.0,NRSC VIC MODEL
Himachal Pradesh,Mandi,2023-11-04,2023,11,0.0,NRSC VIC MODEL
Himachal Pradesh,Mandi,2023-11-09,2023,11,0.0,NRSC VIC MODEL
Himachal Pradesh,Mandi,2023-11-10,2023,11,0.000197189,NRSC VIC MODEL
Himachal Pradesh,Mandi,2023-11-11,2023,11,9.0853421855,NRSC VIC MODEL
Himachal Pradesh,Mandi,2023-11-17,2023,11,0.0,NRSC VIC MODEL
Himachal Pradesh,Mandi,2023-11-18,2023,11,0.0,NRSC VIC MODEL
Himachal Pradesh,Mandi,2023-11-19,2023,11,0.0048423542,NRSC VIC MODEL
Himachal Pradesh,Mandi,2023-11-20,2023,11,0.0,NRSC VIC MODEL
Himachal Pradesh,Mandi,2023-11-26,2023,11,0.0,NRSC VIC MODEL
Himachal Pradesh,Mandi,2023-12-16,2023,12,0.0,NRSC VIC MODEL
Himachal Pradesh,Mandi,2023-12-18,2023,12,0.0,NRSC VIC MODEL
Himachal Pradesh,Mandi,2023-12-23,2023,12,0.0112410395,NRSC VIC MODEL
Himachal Pradesh,Mandi,2023-12-27,2023,12,0.0,NRSC VIC MODEL
Himachal Pradesh,Mandi,2023-12-29,2023,12,0.0,NRSC VIC MODEL
Himachal Pradesh,Mandi,2024-01-04,2024,01,0.0025321479,NRSC VIC MODEL
Himachal Pradesh,Mandi,2024-01-07,2024,01,0.0,NRSC VIC MODEL
Himachal Pradesh,Mandi,2024-01-09,2024,01,0.0005380025,NRSC VIC MODEL
Himachal Pradesh,Mandi,2024-01-10,2024,01,0.0,NRSC VIC MODEL
Himachal Pradesh,Mandi,2024-02-03,2024,02,2.7939306314,NRSC VIC MODEL
Himachal Pradesh,Mandi,2024-02-05,2024,02,39.5439605837,NRSC VIC MODEL
Himachal Pradesh,Mandi,2024-02-09,2024,02,0.0,NRSC VIC MODEL
Himachal Pradesh,Mandi,2024-02-12,2024,02,0.0,NRSC VIC MODEL
Himachal Pradesh,Mandi,2024-02-17,2024,02,0.0,NRSC VIC MODEL
Himachal Pradesh,Mandi,2024-02-19,2024,02,0.4104275065,NRSC VIC MODEL
Himachal Pradesh,Mandi,2024-02-24,2024,02,0.0526761886,NRSC VIC MODEL
Himachal Pradesh,Mandi,2024-02-25,2024,02,0.3248529029,NRSC VIC MODEL
Himachal Pradesh,Mandi,2024-02-27,2024,02,0.0092814633,NRSC VIC MODEL
Himachal Pradesh,Mandi,2024-02-29,2024,02,0.0,NRSC VIC MODEL
Himachal Pradesh,Mandi,2024-03-07,2024,03,0.2604739397,NRSC VIC MODEL
Himachal Pradesh,Mandi,2024-03-22,2024,03,4.3440864933,NRSC VIC MODEL
Himachal Pradesh,Mandi,2024-03-25,2024,03,0.0373133931,NRSC VIC MODEL
Himachal Pradesh,Mandi,2024-03-28,2024,03,0.0600024064,NRSC VIC MODEL
Himachal Pradesh,Mandi,2024-03-29,2024,03,0.1267275576,NRSC VIC MODEL
Himachal Pradesh,Mandi,2024-03-31,2024,03,13.3371968458,NRSC VIC MODEL
Himachal Pradesh,Mandi,2024-04-01,2024,04,0.0592992535,NRSC VIC MODEL
Himachal Pradesh,Mandi,2024-04-12,2024,04,9.4300983889,NRSC VIC MODEL
Himachal Pradesh,Mandi,2024-04-17,2024,04,0.0,NRSC VIC MODEL
Himachal Pradesh,Mandi,2024-04-20,2024,04,0.601963852,NRSC VIC MODEL
Himachal Pradesh,Mandi,2024-04-24,2024,04,0.7330954569,NRSC VIC MODEL
Himachal Pradesh,Mandi,2024-04-25,2024,04,0.0,NRSC VIC MODEL
Himachal Pradesh,Mandi,2024-04-29,2024,04,0.5800733526,NRSC VIC MODEL
Himachal Pradesh,Mandi,2024-05-07,2024,05,0.2836795216,NRSC VIC MODEL
Himachal Pradesh,Mandi,2024-05-13,2024,05,0.3685949713,NRSC VIC MODEL
Himachal Pradesh,Mandi,2024-05-16,2024,05,0.0618962261,NRSC VIC MODEL
Himachal Pradesh,Mandi,2024-05-23,2024,05,0.1478271542,NRSC VIC MODEL
Himachal Pradesh,Mandi,2024-05-26,2024,05,9.1195e-05,NRSC VIC MODEL
Himachal Pradesh,Mandi,2024-05-29,2024,05,0.003549617,NRSC VIC MODEL
Himachal Pradesh,Mandi,2024-05-30,2024,05,0.2438319538,NRSC VIC MODEL
Himachal Pradesh,Mandi,2024-06-01,2024,06,0.0054717011,NRSC VIC MODEL
Himachal Pradesh,Mandi,2024-06-05,2024,06,0.0044685559,NRSC VIC MODEL
Himachal Pradesh,Mandi,2024-06-11,2024,06,0.0101456224,NRSC VIC MODEL
Himachal Pradesh,Mandi,2024-06-18,2024,06,3.0896300454,NRSC VIC MODEL
Himachal Pradesh,Mandi,2024-06-25,2024,06,5.01301555,NRSC VIC MODEL
Himachal Pradesh,Mandi,2024-07-07,2024,07,0.766079729,NRSC VIC MODEL
Himachal Pradesh,Mandi,2024-07-14,2024,07,0.651737864,NRSC VIC MODEL
Himachal Pradesh,Mandi,2024-07-19,2024,07,6.093576498,NRSC VIC MODEL
Himachal Pradesh,Mandi,2024-08-03,2024,08,20.2837232393,NRSC VIC MODEL
Himachal Pradesh,Mandi,2024-08-09,2024,08,42.2102597299,NRSC VIC MODEL
Himachal Pradesh,Mandi,2024-08-12,2024,08,18.4533766883,NRSC VIC MODEL
Himachal Pradesh,Mandi,2024-08-14,2024,08,12.0098369053,NRSC VIC MODEL
Himachal Pradesh,Mandi,2024-08-15,2024,08,22.4476280445,NRSC VIC MODEL
Himachal Pradesh,Mandi,2024-08-18,2024,08,13.6947479455,NRSC VIC MODEL
Himachal Pradesh,Mandi,2024-08-22,2024,08,4.3305615579,NRSC VIC MODEL
Himachal Pradesh,Mandi,2024-08-30,2024,08,4.7879479483,NRSC VIC MODEL
Himachal Pradesh,Mandi,2024-09-17,2024,09,1.0075728514,NRSC VIC MODEL
Himachal Pradesh,Mandi,2024-09-25,2024,09,4.1481069717,NRSC VIC MODEL
Himachal Pradesh,Mandi,2024-10-01,2024,10,0.028391131,NRSC VIC MODEL
Himachal Pradesh,Mandi,2024-10-04,2024,10,0.053232645,NRSC VIC MODEL
Himachal Pradesh,Mandi,2024-10-16,2024,10,0.015970374,NRSC VIC MODEL
Himachal Pradesh,Mandi,2024-11-01,2024,11,0.0358915176,NRSC VIC MODEL
Himachal Pradesh,Mandi,2024-11-10,2024,11,0.0,NRSC VIC MODEL
Himachal Pradesh,Mandi,2024-11-17,2024,11,0.0,NRSC VIC MODEL
Himachal Pradesh,Mandi,2024-11-19,2024,11,0.0,NRSC VIC MODEL
Himachal Pradesh,Mandi,2024-11-27,2024,11,0.4582400389,NRSC VIC MODEL
Himachal Pradesh,Mandi,2024-12-02,2024,12,0.1791668631,NRSC VIC MODEL
Himachal Pradesh,Mandi,2024-12-09,2024,12,0.9086877029,NRSC VIC MODEL
Himachal Pradesh,Mandi,2024-12-22,2024,12,0.0,NRSC VIC MODEL
Himachal Pradesh,Mandi,2024-12-24,2024,12,2.3368361412,NRSC VIC MODEL
Himachal Pradesh,Mandi,2024-12-26,2024,12,0.0,NRSC VIC MODEL
Himachal Pradesh,Mandi,2024-12-28,2024,12,20.9868263414,NRSC VIC MODEL
Himachal Pradesh,Mandi,2024-12-30,2024,12,0.0102587751,NRSC VIC MODEL
Himachal Pradesh,Mandi,2024-01-02,2024,01,0.0,NRSC VIC MODEL
Himachal Pradesh,Mandi,2024-01-03,2024,01,0.0,NRSC VIC MODEL
Himachal Pradesh,Mandi,2024-01-05,2024,01,0.0,NRSC VIC MODEL
Himachal Pradesh,Mandi,2024-01-08,2024,01,0.0,NRSC VIC MODEL
Himachal Pradesh,Mandi,2024-01-13,2024,01,0.0,NRSC VIC MODEL
Himachal Pradesh,Mandi,2024-01-19,2024,01,0.1837464329,NRSC VIC MODEL
Himachal Pradesh,Mandi,2024-01-24,2024,01,0.0,NRSC VIC MODEL
Himachal Pradesh,Mandi,2024-01-27,2024,01,0.0,NRSC VIC MODEL
Himachal Pradesh,Mandi,2024-01-29,2024,01,0.0,NRSC VIC MODEL
Himachal Pradesh,Mandi,2024-02-08,2024,02,0.0001205232,NRSC VIC MODEL
Himachal Pradesh,Mandi,2024-02-11,2024,02,0.0,NRSC VIC MODEL
Himachal Pradesh,Mandi,2024-02-16,2024,02,0.001169099,NRSC VIC MODEL
Himachal Pradesh,Mandi,2024-02-20,2024,02,6.3714111092,NRSC VIC MODEL
Himachal Pradesh,Mandi,2024-02-22,2024,02,0.026824958,NRSC VIC MODEL
Himachal Pradesh,Mandi,2024-03-08,2024,03,0.0,NRSC VIC MODEL
Himachal Pradesh,Mandi,2024-03-10,2024,03,0.0,NRSC VIC MODEL
Himachal Pradesh,Mandi,2024-03-14,2024,03,0.1845054941,NRSC VIC MODEL
Himachal Pradesh,Mandi,2024-03-23,2024,03,0.0,NRSC VIC MODEL
Himachal Pradesh,Mandi,2024-03-24,2024,03,0.0581939998,NRSC VIC MODEL
Himachal Pradesh,Mandi,2024-03-26,2024,03,0.0,NRSC VIC MODEL
Himachal Pradesh,Mandi,2024-04-04,2024,04,0.2737041725,NRSC VIC MODEL
Himachal Pradesh,Mandi,2024-04-05,2024,04,0.0,NRSC VIC MODEL
Himachal Pradesh,Mandi,2024-04-09,2024,04,0.0833705488,NRSC VIC MODEL
Himachal Pradesh,Mandi,2024-04-18,2024,04,0.1477554332,NRSC VIC MODEL
Himachal Pradesh,Mandi,2024-04-21,2024,04,0.0,NRSC VIC MODEL
Himachal Pradesh,Mandi,2024-05-05,2024,05,0.0039488362,NRSC VIC MODEL
Himachal Pradesh,Mandi,2024-05-08,2024,05,0.2369593038,NRSC VIC MODEL
Himachal Pradesh,Mandi,2024-05-11,2024,05,3.4613606086,NRSC VIC MODEL
Himachal Pradesh,Mandi,2024-05-15,2024,05,0.0071122672,NRSC VIC MODEL
Himachal Pradesh,Mandi,2024-05-17,2024,05,0.0107610122,NRSC VIC MODEL
Himachal Pradesh,Mandi,2024-05-22,2024,05,0.0137765483,NRSC VIC MODEL
Himachal Pradesh,Mandi,2024-05-28,2024,05,0.0,NRSC VIC MODEL
Himachal Pradesh,Mandi,2024-06-07,2024,06,0.0570306238,NRSC VIC MODEL
Himachal Pradesh,Mandi,2024-06-08,2024,06,0.0138702395,NRSC VIC MODEL
Himachal Pradesh,Mandi,2024-06-20,2024,06,17.5819044128,NRSC VIC MODEL
Himachal Pradesh,Mandi,2024-06-30,2024,06,4.7318175627,NRSC VIC MODEL
Himachal Pradesh,Mandi,2024-07-05,2024,07,16.3185333113,NRSC VIC MODEL
Himachal Pradesh,Mandi,2024-07-16,2024,07,0.6555059953,NRSC VIC MODEL
Himachal Pradesh,Mandi,2024-07-17,2024,07,3.9530981955,NRSC VIC MODEL
Himachal Pradesh,Mandi,2024-07-24,2024,07,3.3111827267,NRSC VIC MODEL
Himachal Pradesh,Mandi,2024-07-25,2024,07,0.0,NRSC VIC MODEL
Himachal Pradesh,Mandi,2024-07-26,2024,07,6.6284762285,NRSC VIC MODEL
Himachal Pradesh,Mandi,2024-08-05,2024,08,6.7771522335,NRSC VIC MODEL
Himachal Pradesh,Mandi,2024-08-08,2024,08,28.9890958177,NRSC VIC MODEL
Himachal Pradesh,Mandi,2024-08-26,2024,08,15.7906526494,NRSC VIC MODEL
Himachal Pradesh,Mandi,2024-08-27,2024,08,7.1773226736,NRSC VIC MODEL
Himachal Pradesh,Mandi,2024-08-29,2024,08,13.3354262607,NRSC VIC MODEL
Himachal Pradesh,Mandi,2024-08-31,2024,08,1.2853943092,NRSC VIC MODEL
Himachal Pradesh,Mandi,2024-09-07,2024,09,7.7813684851,NRSC VIC MODEL
Himachal Pradesh,Mandi,2024-09-11,2024,09,5.1631806539,NRSC VIC MODEL
Himachal Pradesh,Mandi,2024-09-26,2024,09,9.8488822307,NRSC VIC MODEL
Himachal Pradesh,Mandi,2024-09-28,2024,09,1.2843211191,NRSC VIC MODEL
Himachal Pradesh,Mandi,2024-10-21,2024,10,0.0,NRSC VIC MODEL
Himachal Pradesh,Mandi,2024-10-24,2024,10,0.0,NRSC VIC MODEL
Himachal Pradesh,Mandi,2024-10-28,2024,10,0.0,NRSC VIC MODEL
Himachal Pradesh,Mandi,2024-11-05,2024,11,0.0,NRSC VIC MODEL
Himachal Pradesh,Mandi,2024-11-06,2024,11,0.0,NRSC VIC MODEL
Himachal Pradesh,Mandi,2024-11-12,2024,11,0.0021662592,NRSC VIC MODEL
Himachal Pradesh,Mandi,2024-11-14,2024,11,0.0,NRSC VIC MODEL
Himachal Pradesh,Mandi,2024-11-15,2024,11,0.0,NRSC VIC MODEL
Himachal Pradesh,Mandi,2024-11-16,2024,11,0.0,NRSC VIC MODEL
Himachal Pradesh,Mandi,2024-11-18,2024,11,0.0,NRSC VIC MODEL
Himachal Pradesh,Mandi,2024-11-20,2024,11,0.0,NRSC VIC MODEL
Himachal Pradesh,Mandi,2024-11-23,2024,11,0.0478532985,NRSC VIC MODEL
Himachal Pradesh,Mandi,2024-11-25,2024,11,0.0674037927,NRSC VIC MODEL
Himachal Pradesh,Mandi,2024-12-01,2024,12,0.3277764048,NRSC VIC MODEL
Himachal Pradesh,Mandi,2024-12-03,2024,12,0.0,NRSC VIC MODEL
Himachal Pradesh,Mandi,2024-12-21,2024,12,0.0,NRSC VIC MODEL
Himachal Pradesh,Mandi,2024-12-25,2024,12,2.3739659772,NRSC VIC MODEL
Himachal Pradesh,Mandi,2024-12-27,2024,12,0.0036507718,NRSC VIC MODEL
Himachal Pradesh,Mandi,2024-12-31,2024,12,0.0550278624,NRSC VIC MODEL
Himachal Pradesh,Mandi,2024-01-01,2024,01,0.6954244113,NRSC VIC MODEL
Himachal Pradesh,Mandi,2024-01-16,2024,01,0.0,NRSC VIC MODEL
Himachal Pradesh,Mandi,2024-01-20,2024,01,0.5152724357,NRSC VIC MODEL
Himachal Pradesh,Mandi,2024-01-21,2024,01,0.0,NRSC VIC MODEL
Himachal Pradesh,Mandi,2024-02-04,2024,02,6.528945221,NRSC VIC MODEL
Himachal Pradesh,Mandi,2024-02-14,2024,02,0.0,NRSC VIC MODEL
Himachal Pradesh,Mandi,2024-02-18,2024,02,0.0,NRSC VIC MODEL
Himachal Pradesh,Mandi,2024-03-02,2024,03,14.6583367507,NRSC VIC MODEL
Himachal Pradesh,Mandi,2024-03-12,2024,03,0.8511627917,NRSC VIC MODEL
Himachal Pradesh,Mandi,2024-03-13,2024,03,0.3984822153,NRSC VIC MODEL
Himachal Pradesh,Mandi,2024-03-17,2024,03,0.0,NRSC VIC MODEL
Himachal Pradesh,Mandi,2024-03-18,2024,03,0.0,NRSC VIC MODEL
Himachal Pradesh,Mandi,2024-04-06,2024,04,0.0,NRSC VIC MODEL
Himachal Pradesh,Mandi,2024-04-13,2024,04,5.9505431004,NRSC VIC MODEL
Himachal Pradesh,Mandi,2024-04-30,2024,04,65.375870794,NRSC VIC MODEL
Himachal Pradesh,Mandi,2024-05-04,2024,05,0.1780152616,NRSC VIC MODEL
Himachal Pradesh,Mandi,2024-05-06,2024,05,0.0002410465,NRSC VIC MODEL
Himachal Pradesh,Mandi,2024-05-12,2024,05,6.6180821769,NRSC VIC MODEL
Himachal Pradesh,Mandi,2024-05-21,2024,05,0.1755423988,NRSC VIC MODEL
Himachal Pradesh,Mandi,2024-05-27,2024,05,0.0,NRSC VIC MODEL
Himachal Pradesh,Mandi,2024-06-02,2024,06,0.0898934378,NRSC VIC MODEL
Himachal Pradesh,Mandi,2024-06-04,2024,06,0.8748647897,NRSC VIC MODEL
Himachal Pradesh,Mandi,2024-06-13,2024,06,0.0842705599,NRSC VIC MODEL
Himachal Pradesh,Mandi,2024-06-14,2024,06,0.4719981676,NRSC VIC MODEL
Himachal Pradesh,Mandi,2024-06-16,2024,06,0.0174464342,NRSC VIC MODEL
Himachal Pradesh,Mandi,2024-06-29,2024,06,2.3010297596,NRSC VIC MODEL
Himachal Pradesh,Mandi,2024-07-08,2024,07,8.4970057712,NRSC VIC MODEL
Himachal Pradesh,Mandi,2024-07-15,2024,07,4.4969345348,NRSC VIC MODEL
Himachal Pradesh,Mandi,2024-07-18,2024,07,3.4739801231,NRSC VIC MODEL
Himachal Pradesh,Mandi,2024-07-21,2024,07,14.2278813324,NRSC VIC MODEL
Himachal Pradesh,Mandi,2024-07-28,2024,07,28.1025237336,NRSC VIC MODEL
Himachal Pradesh,Mandi,2024-08-07,2024,08,36.803400604,NRSC VIC MODEL
Himachal Pradesh,Mandi,2024-08-10,2024,08,21.8126905777,NRSC VIC MODEL
Himachal Pradesh,Mandi,2024-08-19,2024,08,23.268554175,NRSC VIC MODEL
Himachal Pradesh,Mandi,2024-08-21,2024,08,5.4674889034,NRSC VIC MODEL
Himachal Pradesh,Mandi,2024-09-01,2024,09,8.6136559416,NRSC VIC MODEL
Himachal Pradesh,Mandi,2024-09-02,2024,09,15.0341721584,NRSC VIC MODEL
Himachal Pradesh,Mandi,2024-09-03,2024,09,8.9998803119,NRSC VIC MODEL
Himachal Pradesh,Mandi,2024-09-06,2024,09,18.7845726274,NRSC VIC MODEL
Himachal Pradesh,Mandi,2024-09-08,2024,09,0.0,NRSC VIC MODEL
Himachal Pradesh,Mandi,2024-09-10,2024,09,8.5810208016,NRSC VIC MODEL
Himachal Pradesh,Mandi,2024-09-12,2024,09,7.8430356176,NRSC VIC MODEL
Himachal Pradesh,Mandi,2024-09-14,2024,09,3.2060255115,NRSC VIC MODEL
Himachal Pradesh,Mandi,2024-09-15,2024,09,2.9247720075,NRSC VIC MODEL
Himachal Pradesh,Mandi,2024-09-21,2024,09,0.0900730398,NRSC VIC MODEL
Himachal Pradesh,Mandi,2024-09-22,2024,09,0.1661233549,NRSC VIC MODEL
Himachal Pradesh,Mandi,2024-09-29,2024,09,0.1313405611,NRSC VIC MODEL
Himachal Pradesh,Mandi,2024-10-02,2024,10,0.012420757,NRSC VIC MODEL
Himachal Pradesh,Mandi,2024-10-08,2024,10,0.0053988307,NRSC VIC MODEL
Himachal Pradesh,Mandi,2024-10-15,2024,10,0.0,NRSC VIC MODEL
Himachal Pradesh,Mandi,2024-10-17,2024,10,0.015970374,NRSC VIC MODEL
Himachal Pradesh,Mandi,2024-10-18,2024,10,0.0962161932,NRSC VIC MODEL
Himachal Pradesh,Mandi,2024-10-19,2024,10,0.155361148,NRSC VIC MODEL
Himachal Pradesh,Mandi,2024-10-23,2024,10,0.00047569,NRSC VIC MODEL
Himachal Pradesh,Mandi,2024-10-25,2024,10,0.0,NRSC VIC MODEL
Himachal Pradesh,Mandi,2024-11-02,2024,11,0.0,NRSC VIC MODEL
Himachal Pradesh,Mandi,2024-11-30,2024,11,0.0014352332,NRSC VIC MODEL
Himachal Pradesh,Mandi,2024-12-04,2024,12,0.0,NRSC VIC MODEL
Himachal Pradesh,Mandi,2024-12-06,2024,12,0.0,NRSC VIC MODEL
Himachal Pradesh,Mandi,2024-12-14,2024,12,0.0,NRSC VIC MODEL
Himachal Pradesh,Mandi,2024-12-15,2024,12,0.0,NRSC VIC MODEL
Himachal Pradesh,Mandi,2024-12-16,2024,12,0.0,NRSC VIC MODEL
Himachal Pradesh,Mandi,2024-12-20,2024,12,0.0,NRSC VIC MODEL
Himachal Pradesh,Mandi,2024-12-23,2024,12,0.0,NRSC VIC MODEL
Himachal Pradesh,Mandi,2024-01-06,2024,01,0.0,NRSC VIC MODEL
Himachal Pradesh,Mandi,2024-01-11,2024,01,0.0,NRSC VIC MODEL
Himachal Pradesh,Mandi,2024-01-14,2024,01,0.0,NRSC VIC MODEL
Himachal Pradesh,Mandi,2024-01-17,2024,01,0.0,NRSC VIC MODEL
Himachal Pradesh,Mandi,2024-01-18,2024,01,0.0,NRSC VIC MODEL
Himachal Pradesh,Mandi,2024-01-22,2024,01,0.0,NRSC VIC MODEL
Himachal Pradesh,Mandi,2024-01-28,2024,01,0.0,NRSC VIC MODEL
Himachal Pradesh,Mandi,2024-01-30,2024,01,0.0,NRSC VIC MODEL
Himachal Pradesh,Mandi,2024-01-31,2024,01,3.1750215571,NRSC VIC MODEL
Himachal Pradesh,Mandi,2024-02-02,2024,02,0.0203807502,NRSC VIC MODEL
Himachal Pradesh,Mandi,2024-02-06,2024,02,2.5629698221,NRSC VIC MODEL
Himachal Pradesh,Mandi,2024-02-13,2024,02,0.00018239,NRSC VIC MODEL
Himachal Pradesh,Mandi,2024-02-15,2024,02,0.0,NRSC VIC MODEL
Himachal Pradesh,Mandi,2024-02-21,2024,02,4.4209698061,NRSC VIC MODEL
Himachal Pradesh,Mandi,2024-02-23,2024,02,0.1828484875,NRSC VIC MODEL
Himachal Pradesh,Mandi,2024-02-28,2024,02,0.0932030535,NRSC VIC MODEL
Himachal Pradesh,Mandi,2024-03-03,2024,03,25.527581044,NRSC VIC MODEL
Himachal Pradesh,Mandi,2024-03-05,2024,03,0.2061107487,NRSC VIC MODEL
Himachal Pradesh,Mandi,2024-03-06,2024,03,0.0,NRSC VIC MODEL
Himachal Pradesh,Mandi,2024-03-11,2024,03,2.7745e-06,NRSC VIC MODEL
Himachal Pradesh,Mandi,2024-03-19,2024,03,0.092982963,NRSC VIC MODEL
Himachal Pradesh,Mandi,2024-03-20,2024,03,0.683223535,NRSC VIC MODEL
Himachal Pradesh,Mandi,2024-03-21,2024,03,0.0012239359,NRSC VIC MODEL
Himachal Pradesh,Mandi,2024-04-02,2024,04,0.0016937461,NRSC VIC MODEL
Himachal Pradesh,Mandi,2024-04-11,2024,04,2.6834930105,NRSC VIC MODEL
Himachal Pradesh,Mandi,2024-04-14,2024,04,2.9455677938,NRSC VIC MODEL
Himachal Pradesh,Mandi,2024-04-15,2024,04,0.0,NRSC VIC MODEL
Himachal Pradesh,Mandi,2024-04-16,2024,04,0.0,NRSC VIC MODEL
Himachal Pradesh,Mandi,2024-04-22,2024,04,0.1864234946,NRSC VIC MODEL
Himachal Pradesh,Mandi,2024-04-23,2024,04,0.6506684653,NRSC VIC MODEL
Himachal Pradesh,Mandi,2024-04-26,2024,04,0.0,NRSC VIC MODEL
Himachal Pradesh,Mandi,2024-04-27,2024,04,0.0,NRSC VIC MODEL
Himachal Pradesh,Mandi,2024-04-28,2024,04,5.7561775053,NRSC VIC MODEL
Himachal Pradesh,Mandi,2024-05-01,2024,05,0.0504571992,NRSC VIC MODEL
Himachal Pradesh,Mandi,2024-05-02,2024,05,3.5873402023,NRSC VIC MODEL
Himachal Pradesh,Mandi,2024-05-03,2024,05,0.0009135983,NRSC VIC MODEL
Himachal Pradesh,Mandi,2024-05-09,2024,05,0.6673604647,NRSC VIC MODEL
Himachal Pradesh,Mandi,2024-05-10,2024,05,2.7214003958,NRSC VIC MODEL
Himachal Pradesh,Mandi,2024-05-19,2024,05,0.0,NRSC VIC MODEL
Himachal Pradesh,Mandi,2024-05-20,2024,05,0.0069308214,NRSC VIC MODEL
Himachal Pradesh,Mandi,2024-05-24,2024,05,2.0070580423,NRSC VIC MODEL
Himachal Pradesh,Mandi,2024-05-25,2024,05,5.8503130881,NRSC VIC MODEL
Himachal Pradesh,Mandi,2024-06-03,2024,06,0.0328101492,NRSC VIC MODEL
Himachal Pradesh,Mandi,2024-06-09,2024,06,0.0966556554,NRSC VIC MODEL
Himachal Pradesh,Mandi,2024-06-10,2024,06,0.0,NRSC VIC MODEL
Himachal Pradesh,Mandi,2024-06-15,2024,06,0.1556656322,NRSC VIC MODEL
Himachal Pradesh,Mandi,2024-06-19,2024,06,0.5328873662,NRSC VIC MODEL
Himachal Pradesh,Mandi,2024-06-21,2024,06,0.1471537225,NRSC VIC MODEL
Himachal Pradesh,Mandi,2024-06-27,2024,06,1.5024474405,NRSC VIC MODEL
Himachal Pradesh,Mandi,2024-07-01,2024,07,5.3576195945,NRSC VIC MODEL
Himachal Pradesh,Mandi,2024-07-02,2024,07,13.3126772231,NRSC VIC MODEL
Himachal Pradesh,Mandi,2024-07-06,2024,07,41.3282263636,NRSC VIC MODEL
Himachal Pradesh,Mandi,2024-07-13,2024,07,2.0532585175,NRSC VIC MODEL
Himachal Pradesh,Mandi,2024-07-27,2024,07,11.664760198,NRSC VIC MODEL
Himachal Pradesh,Mandi,2024-07-29,2024,07,16.7307944523,NRSC VIC MODEL
Himachal Pradesh,Mandi,2024-07-31,2024,07,5.1165975891,NRSC VIC MODEL
Himachal Pradesh,Mandi,2024-08-01,2024,08,12.2644344887,NRSC VIC MODEL
Himachal Pradesh,Mandi,2024-08-04,2024,08,7.56938781,NRSC VIC MODEL
Himachal Pradesh,Mandi,2024-08-11,2024,08,20.5284368422,NRSC VIC MODEL
Himachal Pradesh,Mandi,2024-08-13,2024,08,4.0369706475,NRSC VIC MODEL
Himachal Pradesh,Mandi,2024-08-20,2024,08,17.9508688523,NRSC VIC MODEL
Himachal Pradesh,Mandi,2024-08-23,2024,08,5.164616627,NRSC VIC MODEL
Himachal Pradesh,Mandi,2024-09-05,2024,09,14.0494697482,NRSC VIC MODEL
Himachal Pradesh,Mandi,2024-09-18,2024,09,2.6315911136,NRSC VIC MODEL
Himachal Pradesh,Mandi,2024-09-19,2024,09,0.1824621618,NRSC VIC MODEL
Himachal Pradesh,Mandi,2024-09-23,2024,09,1.8530279045,NRSC VIC MODEL
Himachal Pradesh,Mandi,2024-10-03,2024,10,0.012420757,NRSC VIC MODEL
Himachal Pradesh,Mandi,2024-10-07,2024,10,0.015970374,NRSC VIC MODEL
Himachal Pradesh,Mandi,2024-10-09,2024,10,0.0200188061,NRSC VIC MODEL
Himachal Pradesh,Mandi,2024-10-13,2024,10,0.0,NRSC VIC MODEL
Himachal Pradesh,Mandi,2024-10-22,2024,10,0.0197597442,NRSC VIC MODEL
Himachal Pradesh,Mandi,2024-10-26,2024,10,0.0,NRSC VIC MODEL
Himachal Pradesh,Mandi,2024-10-29,2024,10,0.0016415103,NRSC VIC MODEL
Himachal Pradesh,Mandi,2024-10-31,2024,10,0.0015164383,NRSC VIC MODEL
Himachal Pradesh,Mandi,2024-11-03,2024,11,0.0,NRSC VIC MODEL
Himachal Pradesh,Mandi,2024-11-04,2024,11,0.0,NRSC VIC MODEL
Himachal Pradesh,Mandi,2024-11-08,2024,11,0.0,NRSC VIC MODEL
Himachal Pradesh,Mandi,2024-11-11,2024,11,1.1256783784,NRSC VIC MODEL
Himachal Pradesh,Mandi,2024-11-26,2024,11,0.0,NRSC VIC MODEL
Himachal Pradesh,Mandi,2024-11-29,2024,11,9.1195e-05,NRSC VIC MODEL
Himachal Pradesh,Mandi,2024-12-07,2024,12,0.0503657897,NRSC VIC MODEL
Himachal Pradesh,Mandi,2024-12-13,2024,12,0.0004559751,NRSC VIC MODEL
Himachal Pradesh,Mandi,2024-12-18,2024,12,0.0,NRSC VIC MODEL
Himachal Pradesh,Mandi,2024-01-12,2024,01,0.0,NRSC VIC MODEL
Himachal Pradesh,Mandi,2024-01-15,2024,01,0.0,NRSC VIC MODEL
Himachal Pradesh,Mandi,2024-01-23,2024,01,0.0,NRSC VIC MODEL
Himachal Pradesh,Mandi,2024-02-01,2024,02,23.6952434767,NRSC VIC MODEL
Himachal Pradesh,Mandi,2024-02-07,2024,02,0.0056582868,NRSC VIC MODEL
Himachal Pradesh,Mandi,2024-02-10,2024,02,0.0,NRSC VIC MODEL
Himachal Pradesh,Mandi,2024-02-26,2024,02,0.0,NRSC VIC MODEL
Himachal Pradesh,Mandi,2024-03-01,2024,03,0.0,NRSC VIC MODEL
Himachal Pradesh,Mandi,2024-03-04,2024,03,11.1745031555,NRSC VIC MODEL
Himachal Pradesh,Mandi,2024-03-09,2024,03,0.0,NRSC VIC MODEL
Himachal Pradesh,Mandi,2024-03-15,2024,03,0.015411396,NRSC VIC MODEL
Himachal Pradesh,Mandi,2024-03-16,2024,03,0.0,NRSC VIC MODEL
Himachal Pradesh,Mandi,2024-03-27,2024,03,0.9093229458,NRSC VIC MODEL
Himachal Pradesh,Mandi,2024-03-30,2024,03,19.4762027269,NRSC VIC MODEL
Himachal Pradesh,Mandi,2024-04-03,2024,04,0.0,NRSC VIC MODEL
Himachal Pradesh,Mandi,2024-04-07,2024,04,0.0,NRSC VIC MODEL
Himachal Pradesh,Mandi,2024-04-08,2024,04,0.0387079767,NRSC VIC MODEL
Himachal Pradesh,Mandi,2024-04-10,2024,04,0.051949651,NRSC VIC MODEL
Himachal Pradesh,Mandi,2024-04-19,2024,04,0.0051154343,NRSC VIC MODEL
Himachal Pradesh,Mandi,2024-05-14,2024,05,0.0637453178,NRSC VIC MODEL
Himachal Pradesh,Mandi,2024-05-18,2024,05,0.3538271948,NRSC VIC MODEL
Himachal Pradesh,Mandi,2024-05-31,2024,05,0.3278911451,NRSC VIC MODEL
Himachal Pradesh,Mandi,2024-06-06,2024,06,9.4199531918,NRSC VIC MODEL
Himachal Pradesh,Mandi,2024-06-12,2024,06,0.002180538,NRSC VIC MODEL
Himachal Pradesh,Mandi,2024-06-17,2024,06,0.0004559751,NRSC VIC MODEL
Himachal Pradesh,Mandi,2024-06-22,2024,06,2.7140840963,NRSC VIC MODEL
Himachal Pradesh,Mandi,2024-06-23,2024,06,1.1183174056,NRSC VIC MODEL
Himachal Pradesh,Mandi,2024-06-24,2024,06,9.0558426891,NRSC VIC MODEL
Himachal Pradesh,Mandi,2024-06-26,2024,06,0.2316848872,NRSC VIC MODEL
Himachal Pradesh,Mandi,2024-06-28,2024,06,12.3195954579,NRSC VIC MODEL
Himachal Pradesh,Mandi,2024-07-03,2024,07,23.4700916651,NRSC VIC MODEL
Himachal Pradesh,Mandi,2024-07-04,2024,07,31.7253413044,NRSC VIC MODEL
Himachal Pradesh,Mandi,2024-07-09,2024,07,1.7599153397,NRSC VIC MODEL
Himachal Pradesh,Mandi,2024-07-20,2024,07,0.0585322491,NRSC VIC MODEL
Himachal Pradesh,Mandi,2024-07-22,2024,07,22.7801441154,NRSC VIC MODEL
Himachal Pradesh,Mandi,2024-07-23,2024,07,12.8065135139,NRSC VIC MODEL
Himachal Pradesh,Mandi,2024-07-30,2024,07,3.1560870308,NRSC VIC MODEL
Himachal Pradesh,Mandi,2024-08-02,2024,08,22.7375187552,NRSC VIC MODEL
Himachal Pradesh,Mandi,2024-08-06,2024,08,18.2677654917,NRSC VIC MODEL
Himachal Pradesh,Mandi,2024-08-16,2024,08,16.3177383099,NRSC VIC MODEL
Himachal Pradesh,Mandi,2024-08-17,2024,08,11.9004041802,NRSC VIC MODEL
Himachal Pradesh,Mandi,2024-08-24,2024,08,6.6983341881,NRSC VIC MODEL
Himachal Pradesh,Mandi,2024-08-25,2024,08,6.483447797,NRSC VIC MODEL
Himachal Pradesh,Mandi,2024-08-28,2024,08,10.9324794617,NRSC VIC MODEL
Himachal Pradesh,Mandi,2024-09-04,2024,09,6.1815384471,NRSC VIC MODEL
Himachal Pradesh,Mandi,2024-09-09,2024,09,4.5214340074,NRSC VIC MODEL
Himachal Pradesh,Mandi,2024-09-13,2024,09,13.070866703,NRSC VIC MODEL
Himachal Pradesh,Mandi,2024-09-16,2024,09,0.5151068017,NRSC VIC MODEL
Himachal Pradesh,Mandi,2024-09-20,2024,09,0.012420757,NRSC VIC MODEL
Himachal Pradesh,Mandi,2024-09-24,2024,09,2.5639526199,NRSC VIC MODEL
Himachal Pradesh,Mandi,2024-09-27,2024,09,5.0455583226,NRSC VIC MODEL
Himachal Pradesh,Mandi,2024-09-30,2024,09,0.015970374,NRSC VIC MODEL
Himachal Pradesh,Mandi,2024-10-05,2024,10,0.049683028,NRSC VIC MODEL
Himachal Pradesh,Mandi,2024-10-06,2024,10,0.040811888,NRSC VIC MODEL
Himachal Pradesh,Mandi,2024-10-10,2024,10,0.0008432446,NRSC VIC MODEL
Himachal Pradesh,Mandi,2024-10-11,2024,10,8.87114e-05,NRSC VIC MODEL
Himachal Pradesh,Mandi,2024-10-12,2024,10,0.0,NRSC VIC MODEL
Himachal Pradesh,Mandi,2024-10-14,2024,10,0.0,NRSC VIC MODEL
Himachal Pradesh,Mandi,2024-10-20,2024,10,0.0003322415,NRSC VIC MODEL
Himachal Pradesh,Mandi,2024-10-27,2024,10,0.0,NRSC VIC MODEL
Himachal Pradesh,Mandi,2024-10-30,2024,10,0.0003647801,NRSC VIC MODEL
Himachal Pradesh,Mandi,2024-11-07,2024,11,0.0,NRSC VIC MODEL
Himachal Pradesh,Mandi,2024-11-09,2024,11,0.0,NRSC VIC MODEL
Himachal Pradesh,Mandi,2024-11-13,2024,11,0.0,NRSC VIC MODEL
Himachal Pradesh,Mandi,2024-11-21,2024,11,0.0002547452,NRSC VIC MODEL
Himachal Pradesh,Mandi,2024-11-22,2024,11,0.0003706964,NRSC VIC MODEL
Himachal Pradesh,Mandi,2024-11-24,2024,11,0.0,NRSC VIC MODEL
Himachal Pradesh,Mandi,2024-11-28,2024,11,0.0,NRSC VIC MODEL
Himachal Pradesh,Mandi,2024-12-05,2024,12,0.0,NRSC VIC MODEL
Himachal Pradesh,Mandi,2024-12-08,2024,12,0.0080251616,NRSC VIC MODEL
Himachal Pradesh,Mandi,2024-12-10,2024,12,0.1073032764,NRSC VIC MODEL
Himachal Pradesh,Mandi,2024-12-11,2024,12,0.0169091972,NRSC VIC MODEL
Himachal Pradesh,Mandi,2024-12-12,2024,12,0.0,NRSC VIC MODEL
Himachal Pradesh,Mandi,2024-12-17,2024,12,0.0,NRSC VIC MODEL
Himachal Pradesh,Mandi,2024-12-19,2024,12,0.0093566276,NRSC VIC MODEL
Himachal Pradesh,Mandi,2024-12-29,2024,12,0.1186404024,NRSC VIC MODEL
Himachal Pradesh,Mandi,2025-01-04,2025,01,0.0155031531,NRSC VIC MODEL
Himachal Pradesh,Mandi,2025-01-06,2025,01,2.7745e-06,NRSC VIC MODEL
Himachal Pradesh,Mandi,2025-01-09,2025,01,0.028913354,NRSC VIC MODEL
Himachal Pradesh,Mandi,2025-01-14,2025,01,0.0020888224,NRSC VIC MODEL
Himachal Pradesh,Mandi,2025-01-18,2025,01,0.0,NRSC VIC MODEL
Himachal Pradesh,Mandi,2025-01-19,2025,01,0.0,NRSC VIC MODEL
Himachal Pradesh,Mandi,2025-01-22,2025,01,0.1757434772,NRSC VIC MODEL
Himachal Pradesh,Mandi,2025-02-06,2025,02,0.0,NRSC VIC MODEL
Himachal Pradesh,Mandi,2025-02-13,2025,02,0.0045028785,NRSC VIC MODEL
Himachal Pradesh,Mandi,2025-02-15,2025,02,0.2170160684,NRSC VIC MODEL
Himachal Pradesh,Mandi,2025-02-17,2025,02,0.0279871141,NRSC VIC MODEL
Himachal Pradesh,Mandi,2025-02-18,2025,02,0.0,NRSC VIC MODEL
Himachal Pradesh,Mandi,2025-02-20,2025,02,4.4321303594,NRSC VIC MODEL
Himachal Pradesh,Mandi,2025-03-01,2025,03,1.2730644172,NRSC VIC MODEL
Himachal Pradesh,Mandi,2025-03-03,2025,03,0.0019179418,NRSC VIC MODEL
Himachal Pradesh,Mandi,2025-03-04,2025,03,8.7931707668,NRSC VIC MODEL
Himachal Pradesh,Mandi,2025-03-06,2025,03,0.0100128812,NRSC VIC MODEL
Himachal Pradesh,Mandi,2025-03-12,2025,03,0.0004559751,NRSC VIC MODEL
Himachal Pradesh,Mandi,2025-03-15,2025,03,13.2568957966,NRSC VIC MODEL
Himachal Pradesh,Mandi,2025-03-16,2025,03,14.7817125498,NRSC VIC MODEL
Himachal Pradesh,Mandi,2025-03-21,2025,03,0.0,NRSC VIC MODEL
Himachal Pradesh,Mandi,2025-03-23,2025,03,0.007162227,NRSC VIC MODEL
Himachal Pradesh,Mandi,2025-03-28,2025,03,0.078382508,NRSC VIC MODEL
Himachal Pradesh,Mandi,2025-03-29,2025,03,0.0252970004,NRSC VIC MODEL
Himachal Pradesh,Mandi,2025-04-03,2025,04,0.0167807732,NRSC VIC MODEL
Himachal Pradesh,Mandi,2025-04-04,2025,04,0.0009837508,NRSC VIC MODEL
Himachal Pradesh,Mandi,2025-04-13,2025,04,0.1220162025,NRSC VIC MODEL
Himachal Pradesh,Mandi,2025-04-21,2025,04,6.2349398006,NRSC VIC MODEL
Himachal Pradesh,Mandi,2025-05-05,2025,05,11.1165030085,NRSC VIC MODEL
Himachal Pradesh,Mandi,2025-05-15,2025,05,0.0082621205,NRSC VIC MODEL
Himachal Pradesh,Mandi,2025-05-16,2025,05,2.0646913565,NRSC VIC MODEL
Himachal Pradesh,Mandi,2025-05-19,2025,05,4.7716237352,NRSC VIC MODEL
Himachal Pradesh,Mandi,2025-05-24,2025,05,0.0015775123,NRSC VIC MODEL
Himachal Pradesh,Mandi,2025-05-25,2025,05,7.1945394494,NRSC VIC MODEL
Himachal Pradesh,Mandi,2025-05-30,2025,05,1.2767881718,NRSC VIC MODEL
Himachal Pradesh,Mandi,2025-06-08,2025,06,0.0333659081,NRSC VIC MODEL
Himachal Pradesh,Mandi,2025-06-10,2025,06,0.0138389834,NRSC VIC MODEL
Himachal Pradesh,Mandi,2025-06-15,2025,06,0.0002988697,NRSC VIC MODEL
Himachal Pradesh,Mandi,2025-06-24,2025,06,7.9315259513,NRSC VIC MODEL
Himachal Pradesh,Mandi,2025-06-27,2025,06,31.2556178887,NRSC VIC MODEL
Himachal Pradesh,Mandi,2025-02-10,2025,02,0.0,NRSC VIC MODEL
Himachal Pradesh,Mandi,2025-02-19,2025,02,0.0045597509,NRSC VIC MODEL
Himachal Pradesh,Mandi,2025-02-24,2025,02,0.123959014,NRSC VIC MODEL
Himachal Pradesh,Mandi,2025-02-28,2025,02,48.9161899992,NRSC VIC MODEL
Himachal Pradesh,Mandi,2025-01-11,2025,01,2.5157128215,NRSC VIC MODEL
Himachal Pradesh,Mandi,2025-01-16,2025,01,1.0498468766,NRSC VIC MODEL
Himachal Pradesh,Mandi,2025-01-24,2025,01,0.0,NRSC VIC MODEL
Himachal Pradesh,Mandi,2025-01-26,2025,01,0.0,NRSC VIC MODEL
Himachal Pradesh,Mandi,2025-01-25,2025,01,0.0,NRSC VIC MODEL
Himachal Pradesh,Mandi,2025-03-18,2025,03,0.5831909159,NRSC VIC MODEL
Himachal Pradesh,Mandi,2025-06-04,2025,06,24.5167566151,NRSC VIC MODEL
Himachal Pradesh,Mandi,2025-06-06,2025,06,0.4250763782,NRSC VIC MODEL
Himachal Pradesh,Mandi,2025-06-14,2025,06,4.0964979896,NRSC VIC MODEL
Himachal Pradesh,Mandi,2025-06-28,2025,06,7.5790370597,NRSC VIC MODEL
Himachal Pradesh,Mandi,2025-04-07,2025,04,0.094850871,NRSC VIC MODEL
Himachal Pradesh,Mandi,2025-04-09,2025,04,0.2673848032,NRSC VIC MODEL
Himachal Pradesh,Mandi,2025-04-19,2025,04,0.2189819454,NRSC VIC MODEL
Himachal Pradesh,Mandi,2025-04-23,2025,04,0.0122888485,NRSC VIC MODEL
Himachal Pradesh,Mandi,2025-04-27,2025,04,0.0081797923,NRSC VIC MODEL
Himachal Pradesh,Mandi,2025-04-29,2025,04,0.0005915671,NRSC VIC MODEL
Himachal Pradesh,Mandi,2025-05-03,2025,05,2.571995594,NRSC VIC MODEL
Himachal Pradesh,Mandi,2025-05-07,2025,05,6.7234138514,NRSC VIC MODEL
Himachal Pradesh,Mandi,2025-05-10,2025,05,6.8213858665,NRSC VIC MODEL
Himachal Pradesh,Mandi,2025-05-22,2025,05,4.2551002302,NRSC VIC MODEL
Himachal Pradesh,Mandi,2025-05-23,2025,05,0.002580784,NRSC VIC MODEL
Himachal Pradesh,Mandi,2025-05-26,2025,05,0.444750394,NRSC VIC MODEL
Himachal Pradesh,Mandi,2025-05-31,2025,05,3.4569964602,NRSC VIC MODEL
Himachal Pradesh,Mandi,2025-01-20,2025,01,0.0,NRSC VIC MODEL
Himachal Pradesh,Mandi,2025-01-31,2025,01,0.1202000397,NRSC VIC MODEL
Himachal Pradesh,Mandi,2025-02-04,2025,02,0.0,NRSC VIC MODEL
Himachal Pradesh,Mandi,2025-02-05,2025,02,0.0,NRSC VIC MODEL
Himachal Pradesh,Mandi,2025-02-08,2025,02,0.019519991,NRSC VIC MODEL
Himachal Pradesh,Mandi,2025-02-27,2025,02,5.9973914908,NRSC VIC MODEL
Himachal Pradesh,Mandi,2025-03-05,2025,03,0.173254435,NRSC VIC MODEL
Himachal Pradesh,Mandi,2025-03-11,2025,03,0.0611149606,NRSC VIC MODEL
Himachal Pradesh,Mandi,2025-03-13,2025,03,3.09715793,NRSC VIC MODEL
Himachal Pradesh,Mandi,2025-03-17,2025,03,6.7128167842,NRSC VIC MODEL
Himachal Pradesh,Mandi,2025-03-20,2025,03,1.3297860979,NRSC VIC MODEL
Himachal Pradesh,Mandi,2025-03-24,2025,03,0.0,NRSC VIC MODEL
Himachal Pradesh,Mandi,2025-03-27,2025,03,0.3252122215,NRSC VIC MODEL
Himachal Pradesh,Mandi,2025-03-30,2025,03,0.0062432347,NRSC VIC MODEL
Himachal Pradesh,Mandi,2025-03-31,2025,03,0.0,NRSC VIC MODEL
Himachal Pradesh,Mandi,2025-04-01,2025,04,0.0060718431,NRSC VIC MODEL
Himachal Pradesh,Mandi,2025-04-02,2025,04,0.0,NRSC VIC MODEL
Himachal Pradesh,Mandi,2025-04-08,2025,04,0.0340157418,NRSC VIC MODEL
Himachal Pradesh,Mandi,2025-04-10,2025,04,0.0,NRSC VIC MODEL
Himachal Pradesh,Mandi,2025-04-17,2025,04,0.0438330673,NRSC VIC MODEL
Himachal Pradesh,Mandi,2025-05-02,2025,05,6.7803790692,NRSC VIC MODEL
Himachal Pradesh,Mandi,2025-05-18,2025,05,0.0379869582,NRSC VIC MODEL
Himachal Pradesh,Mandi,2025-05-29,2025,05,0.8118697741,NRSC VIC MODEL
Himachal Pradesh,Mandi,2025-06-01,2025,06,0.4234331641,NRSC VIC MODEL
Himachal Pradesh,Mandi,2025-06-20,2025,06,7.0356651195,NRSC VIC MODEL
Himachal Pradesh,Mandi,2025-06-25,2025,06,20.8102427315,NRSC VIC MODEL
Himachal Pradesh,Mandi,2025-01-07,2025,01,3.301697429,NRSC VIC MODEL
Himachal Pradesh,Mandi,2025-01-08,2025,01,0.0002839427,NRSC VIC MODEL
Himachal Pradesh,Mandi,2025-02-02,2025,02,0.0020412547,NRSC VIC MODEL
Himachal Pradesh,Mandi,2025-02-03,2025,02,0.0,NRSC VIC MODEL
Himachal Pradesh,Mandi,2025-02-07,2025,02,0.0,NRSC VIC MODEL
Himachal Pradesh,Mandi,2025-02-16,2025,02,0.4362932792,NRSC VIC MODEL
Himachal Pradesh,Mandi,2025-03-02,2025,03,0.0,NRSC VIC MODEL
Himachal Pradesh,Mandi,2025-03-08,2025,03,0.0177311712,NRSC VIC MODEL
Himachal Pradesh,Mandi,2025-03-09,2025,03,0.0328155013,NRSC VIC MODEL
Himachal Pradesh,Mandi,2025-03-14,2025,03,2.9332469244,NRSC VIC MODEL
Himachal Pradesh,Mandi,2025-03-26,2025,03,0.0378352891,NRSC VIC MODEL
Himachal Pradesh,Mandi,2025-04-11,2025,04,9.524375537,NRSC VIC MODEL
Himachal Pradesh,Mandi,2025-05-04,2025,05,10.8538077289,NRSC VIC MODEL
Himachal Pradesh,Mandi,2025-05-20,2025,05,0.06218641,NRSC VIC MODEL
Himachal Pradesh,Mandi,2025-06-07,2025,06,0.0330940494,NRSC VIC MODEL
Himachal Pradesh,Mandi,2025-06-22,2025,06,3.7341923252,NRSC VIC MODEL
Himachal Pradesh,Mandi,2025-06-26,2025,06,19.36470403,NRSC VIC MODEL
Himachal Pradesh,Mandi,2025-01-15,2025,01,0.0,NRSC VIC MODEL
Himachal Pradesh,Mandi,2025-01-21,2025,01,0.0,NRSC VIC MODEL
Himachal Pradesh,Mandi,2025-01-29,2025,01,0.0,NRSC VIC MODEL
Himachal Pradesh,Mandi,2025-03-10,2025,03,0.0013679253,NRSC VIC MODEL
Himachal Pradesh,Mandi,2025-04-14,2025,04,0.0,NRSC VIC MODEL
Himachal Pradesh,Mandi,2025-04-20,2025,04,0.1925717883,NRSC VIC MODEL
Himachal Pradesh,Mandi,2025-04-22,2025,04,3.1692977364,NRSC VIC MODEL
Himachal Pradesh,Mandi,2025-04-24,2025,04,0.065592899,NRSC VIC MODEL
Himachal Pradesh,Mandi,2025-04-26,2025,04,0.0,NRSC VIC MODEL
Himachal Pradesh,Mandi,2025-05-21,2025,05,1.8268294779,NRSC VIC MODEL
Himachal Pradesh,Mandi,2025-05-28,2025,05,1.4748008342,NRSC VIC MODEL
Himachal Pradesh,Mandi,2025-06-02,2025,06,0.837816764,NRSC VIC MODEL
Himachal Pradesh,Mandi,2025-06-09,2025,06,0.0960391084,NRSC VIC MODEL
Himachal Pradesh,Mandi,2025-06-17,2025,06,19.5998250502,NRSC VIC MODEL
Himachal Pradesh,Mandi,2025-06-18,2025,06,19.051800039,NRSC VIC MODEL
Himachal Pradesh,Mandi,2025-01-01,2025,01,0.0023583532,NRSC VIC MODEL
Himachal Pradesh,Mandi,2025-01-03,2025,01,0.0496882562,NRSC VIC MODEL
Himachal Pradesh,Mandi,2025-01-10,2025,01,0.0,NRSC VIC MODEL
Himachal Pradesh,Mandi,2025-01-12,2025,01,0.5755685131,NRSC VIC MODEL
Himachal Pradesh,Mandi,2025-01-13,2025,01,0.000197189,NRSC VIC MODEL
Himachal Pradesh,Mandi,2025-01-17,2025,01,2.8219599678,NRSC VIC MODEL
Himachal Pradesh,Mandi,2025-01-27,2025,01,0.0325811243,NRSC VIC MODEL
Himachal Pradesh,Mandi,2025-02-01,2025,02,0.0,NRSC VIC MODEL
Himachal Pradesh,Mandi,2025-02-09,2025,02,0.0,NRSC VIC MODEL
Himachal Pradesh,Mandi,2025-02-23,2025,02,0.294804112,NRSC VIC MODEL
Himachal Pradesh,Mandi,2025-03-22,2025,03,0.0034110088,NRSC VIC MODEL
Himachal Pradesh,Mandi,2025-04-06,2025,04,0.0199078175,NRSC VIC MODEL
Himachal Pradesh,Mandi,2025-04-12,2025,04,1.4617471509,NRSC VIC MODEL
Himachal Pradesh,Mandi,2025-04-28,2025,04,0.0092310113,NRSC VIC MODEL
Himachal Pradesh,Mandi,2025-05-09,2025,05,4.9097736931,NRSC VIC MODEL
Himachal Pradesh,Mandi,2025-05-27,2025,05,0.0,NRSC VIC MODEL
Himachal Pradesh,Mandi,2025-06-03,2025,06,15.9181330071,NRSC VIC MODEL
Himachal Pradesh,Mandi,2025-06-13,2025,06,0.4908913811,NRSC VIC MODEL
Himachal Pradesh,Mandi,2025-06-23,2025,06,8.1511955809,NRSC VIC MODEL
Himachal Pradesh,Mandi,2025-06-30,2025,06,48.9521392959,NRSC VIC MODEL
Himachal Pradesh,Mandi,2025-01-05,2025,01,0.0,NRSC VIC MODEL
Himachal Pradesh,Mandi,2025-01-23,2025,01,0.0,NRSC VIC MODEL
Himachal Pradesh,Mandi,2025-01-28,2025,01,0.0023381979,NRSC VIC MODEL
Himachal Pradesh,Mandi,2025-01-30,2025,01,0.0,NRSC VIC MODEL
Himachal Pradesh,Mandi,2025-02-14,2025,02,0.0171277354,NRSC VIC MODEL
Himachal Pradesh,Mandi,2025-02-21,2025,02,13.8423054402,NRSC VIC MODEL
Himachal Pradesh,Mandi,2025-03-19,2025,03,0.0127268581,NRSC VIC MODEL
Himachal Pradesh,Mandi,2025-03-25,2025,03,0.0013366353,NRSC VIC MODEL
Himachal Pradesh,Mandi,2025-04-05,2025,04,0.0,NRSC VIC MODEL
Himachal Pradesh,Mandi,2025-04-15,2025,04,0.1281760228,NRSC VIC MODEL
Himachal Pradesh,Mandi,2025-04-16,2025,04,0.0414387544,NRSC VIC MODEL
Himachal Pradesh,Mandi,2025-04-30,2025,04,0.0107610122,NRSC VIC MODEL
Himachal Pradesh,Mandi,2025-05-06,2025,05,0.3708476168,NRSC VIC MODEL
Himachal Pradesh,Mandi,2025-05-08,2025,05,0.736893806,NRSC VIC MODEL
Himachal Pradesh,Mandi,2025-06-05,2025,06,5.3264571826,NRSC VIC MODEL
Himachal Pradesh,Mandi,2025-06-11,2025,06,0.0019150954,NRSC VIC MODEL
Himachal Pradesh,Mandi,2025-06-12,2025,06,0.0242014246,NRSC VIC MODEL
Himachal Pradesh,Mandi,2025-06-16,2025,06,5.8969820747,NRSC VIC MODEL
Himachal Pradesh,Mandi,2025-06-19,2025,06,1.1783979645,NRSC VIC MODEL
Himachal Pradesh,Mandi,2025-06-21,2025,06,14.2102014015,NRSC VIC MODEL
Himachal Pradesh,Mandi,2025-01-02,2025,01,0.0,NRSC VIC MODEL
Himachal Pradesh,Mandi,2025-02-22,2025,02,0.253307668,NRSC VIC MODEL
Himachal Pradesh,Mandi,2025-02-26,2025,02,11.9764013208,NRSC VIC MODEL
Himachal Pradesh,Mandi,2025-04-25,2025,04,0.0,NRSC VIC MODEL
Himachal Pradesh,Mandi,2025-05-17,2025,05,1.2600594604,NRSC VIC MODEL
Himachal Pradesh,Mandi,2025-06-29,2025,06,64.4210283727,NRSC VIC MODEL
Himachal Pradesh,Mandi,2025-02-25,2025,02,0.1445590038,NRSC VIC MODEL
Himachal Pradesh,Mandi,2025-03-07,2025,03,0.0365960041,NRSC VIC MODEL
Himachal Pradesh,Mandi,2025-04-18,2025,04,0.0196710328,NRSC VIC MODEL
Himachal Pradesh,Mandi,2025-05-01,2025,05,0.083578715,NRSC VIC MODEL
