date,latitude,longitude,rainfall_mm
2023-01-01,31.5,76.5,0.0
2023-01-01,31.5,76.75,0.0
2023-01-01,31.5,77.0,0.0
2023-01-01,31.5,77.25,0.0
2023-01-01,31.5,77.5,0.0
2023-01-01,31.75,76.5,0.0
2023-01-01,31.75,76.75,0.0
2023-01-01,31.75,77.0,0.0
2023-01-01,31.75,77.25,0.0
2023-01-01,31.75,77.5,0.0
2023-01-01,32.0,76.5,0.0
2023-01-01,32.0,76.75,0.0
2023-01-01,32.0,77.0,0.0
2023-01-01,32.0,77.25,0.0
2023-01-01,32.0,77.5,0.0
2023-01-02,31.5,76.5,0.0
2023-01-02,31.5,76.75,0.0
2023-01-02,31.5,77.0,0.0
2023-01-02,31.5,77.25,0.0
2023-01-02,31.5,77.5,0.0
2023-01-02,31.75,76.5,0.0
2023-01-02,31.75,76.75,0.0
2023-01-02,31.75,77.0,0.0
2023-01-02,31.75,77.25,0.0
2023-01-02,31.75,77.5,0.0
2023-01-02,32.0,76.5,0.0
2023-01-02,32.0,76.75,0.0
2023-01-02,32.0,77.0,0.0
2023-01-02,32.0,77.25,0.0
2023-01-02,32.0,77.5,0.0
2023-01-03,31.5,76.5,0.0
2023-01-03,31.5,76.75,0.0
2023-01-03,31.5,77.0,0.0
2023-01-03,31.5,77.25,0.0
2023-01-03,31.5,77.5,0.0
2023-01-03,31.75,76.5,0.0
2023-01-03,31.75,76.75,0.0
2023-01-03,31.75,77.0,0.0
2023-01-03,31.75,77.25,0.0
2023-01-03,31.75,77.5,0.0
2023-01-03,32.0,76.5,0.0
2023-01-03,32.0,76.75,0.0
2023-01-03,32.0,77.0,0.0
2023-01-03,32.0,77.25,0.0
2023-01-03,32.0,77.5,0.0
2023-01-04,31.5,76.5,0.0
2023-01-04,31.5,76.75,0.0
2023-01-04,31.5,77.0,0.0
2023-01-04,31.5,77.25,0.0
2023-01-04,31.5,77.5,0.0
2023-01-04,31.75,76.5,0.0
2023-01-04,31.75,76.75,0.0
2023-01-04,31.75,77.0,0.0
2023-01-04,31.75,77.25,0.0
2023-01-04,31.75,77.5,0.0
2023-01-04,32.0,76.5,0.0
2023-01-04,32.0,76.75,0.0
2023-01-04,32.0,77.0,0.0
2023-01-04,32.0,77.25,0.0
2023-01-04,32.0,77.5,0.0
2023-01-05,31.5,76.5,0.0
2023-01-05,31.5,76.75,0.0
2023-01-05,31.5,77.0,0.0
2023-01-05,31.5,77.25,0.0
2023-01-05,31.5,77.5,0.0
2023-01-05,31.75,76.5,0.0
2023-01-05,31.75,76.75,0.0
2023-01-05,31.75,77.0,0.0
2023-01-05,31.75,77.25,0.0
2023-01-05,31.75,77.5,0.0
2023-01-05,32.0,76.5,0.0
2023-01-05,32.0,76.75,0.0
2023-01-05,32.0,77.0,0.0
2023-01-05,32.0,77.25,0.0
2023-01-05,32.0,77.5,0.0
2023-01-06,31.5,76.5,0.0
2023-01-06,31.5,76.75,0.0
2023-01-06,31.5,77.0,0.0
2023-01-06,31.5,77.25,0.0
2023-01-06,31.5,77.5,0.0
2023-01-06,31.75,76.5,0.0
2023-01-06,31.75,76.75,0.0
2023-01-06,31.75,77.0,0.0
2023-01-06,31.75,77.25,0.0
2023-01-06,31.75,77.5,0.0
2023-01-06,32.0,76.5,0.0
2023-01-06,32.0,76.75,0.0
2023-01-06,32.0,77.0,0.0
2023-01-06,32.0,77.25,0.0
2023-01-06,32.0,77.5,0.0
2023-01-07,31.5,76.5,0.0
2023-01-07,31.5,76.75,0.0
2023-01-07,31.5,77.0,0.0
2023-01-07,31.5,77.25,0.0
2023-01-07,31.5,77.5,0.0
2023-01-07,31.75,76.5,0.0
2023-01-07,31.75,76.75,0.0
2023-01-07,31.75,77.0,0.0
2023-01-07,31.75,77.25,0.0
2023-01-07,31.75,77.5,0.0
2023-01-07,32.0,76.5,0.0
2023-01-07,32.0,76.75,0.0
2023-01-07,32.0,77.0,0.0
2023-01-07,32.0,77.25,0.0
2023-01-07,32.0,77.5,0.0
2023-01-08,31.5,76.5,0.0
2023-01-08,31.5,76.75,0.0
2023-01-08,31.5,77.0,0.0
2023-01-08,31.5,77.25,0.0
2023-01-08,31.5,77.5,0.0
2023-01-08,31.75,76.5,0.0
2023-01-08,31.75,76.75,0.0
2023-01-08,31.75,77.0,0.0
2023-01-08,31.75,77.25,0.0
2023-01-08,31.75,77.5,0.0
2023-01-08,32.0,76.5,0.0
2023-01-08,32.0,76.75,0.0
2023-01-08,32.0,77.0,0.0
2023-01-08,32.0,77.25,0.0
2023-01-08,32.0,77.5,0.0
2023-01-09,31.5,76.5,0.0
2023-01-09,31.5,76.75,0.0
2023-01-09,31.5,77.0,0.0
2023-01-09,31.5,77.25,0.0
2023-01-09,31.5,77.5,0.0
2023-01-09,31.75,76.5,0.0
2023-01-09,31.75,76.75,0.0
2023-01-09,31.75,77.0,0.0
2023-01-09,31.75,77.25,0.0
2023-01-09,31.75,77.5,0.0
2023-01-09,32.0,76.5,0.0
2023-01-09,32.0,76.75,0.0
2023-01-09,32.0,77.0,0.0
2023-01-09,32.0,77.25,0.0
2023-01-09,32.0,77.5,0.0
2023-01-10,31.5,76.5,0.0
2023-01-10,31.5,76.75,0.0
2023-01-10,31.5,77.0,0.0
2023-01-10,31.5,77.25,0.0
2023-01-10,31.5,77.5,0.0
2023-01-10,31.75,76.5,0.0
2023-01-10,31.75,76.75,0.0
2023-01-10,31.75,77.0,0.0
2023-01-10,31.75,77.25,0.0
2023-01-10,31.75,77.5,0.0
2023-01-10,32.0,76.5,0.0
2023-01-10,32.0,76.75,0.0
2023-01-10,32.0,77.0,0.0
2023-01-10,32.0,77.25,0.0
2023-01-10,32.0,77.5,0.0
2023-01-11,31.5,76.5,0.0
2023-01-11,31.5,76.75,0.0
2023-01-11,31.5,77.0,0.0
2023-01-11,31.5,77.25,0.0
2023-01-11,31.5,77.5,0.0
2023-01-11,31.75,76.5,0.0
2023-01-11,31.75,76.75,0.0
2023-01-11,31.75,77.0,0.0
2023-01-11,31.75,77.25,0.0
2023-01-11,31.75,77.5,0.0
2023-01-11,32.0,76.5,0.0
2023-01-11,32.0,76.75,0.0
2023-01-11,32.0,77.0,0.0
2023-01-11,32.0,77.25,0.0
2023-01-11,32.0,77.5,0.0
2023-01-12,31.5,76.5,0.07023061066865921
2023-01-12,31.5,76.75,0.0
2023-01-12,31.5,77.0,0.0
2023-01-12,31.5,77.25,0.0
2023-01-12,31.5,77.5,0.45558810234069824
2023-01-12,31.75,76.5,0.0
2023-01-12,31.75,76.75,0.0
2023-01-12,31.75,77.0,1.6041597127914429
2023-01-12,31.75,77.25,0.3596614599227905
2023-01-12,31.75,77.5,0.5874600410461426
2023-01-12,32.0,76.5,0.9664215445518494
2023-01-12,32.0,76.75,1.52555513381958
2023-01-12,32.0,77.0,6.926234722137451
2023-01-12,32.0,77.25,7.33988618850708
2023-01-12,32.0,77.5,1.228410243988037
2023-01-13,31.5,76.5,0.1676151603460312
2023-01-13,31.5,76.75,0.12837530672550201
2023-01-13,31.5,77.0,2.4737672805786133
2023-01-13,31.5,77.25,3.4387781620025635
2023-01-13,31.5,77.5,1.462285041809082
2023-01-13,31.75,76.5,0.0
2023-01-13,31.75,76.75,0.41347840428352356
2023-01-13,31.75,77.0,3.9380197525024414
2023-01-13,31.75,77.25,3.944366455078125
2023-01-13,31.75,77.5,2.738701581954956
2023-01-13,32.0,76.5,1.284096598625183
2023-01-13,32.0,76.75,1.1698323488235474
2023-01-13,32.0,77.0,5.365394592285156
2023-01-13,32.0,77.25,5.694052696228027
2023-01-13,32.0,77.5,3.6560580730438232
2023-01-14,31.5,76.5,13.4008150100708
2023-01-14,31.5,76.75,8.244504928588867
2023-01-14,31.5,77.0,2.5650200843811035
2023-01-14,31.5,77.25,11.17458438873291
2023-01-14,31.5,77.5,8.227248191833496
2023-01-14,31.75,76.5,6.090331554412842
2023-01-14,31.75,76.75,13.57998275756836
2023-01-14,31.75,77.0,18.432634353637695
2023-01-14,31.75,77.25,13.538196563720703
2023-01-14,31.75,77.5,9.673123359680176
2023-01-14,32.0,76.5,15.841296195983887
2023-01-14,32.0,76.75,18.7661075592041
2023-01-14,32.0,77.0,23.486024856567383
2023-01-14,32.0,77.25,22.768728256225586
2023-01-14,32.0,77.5,13.342254638671875
2023-01-15,31.5,76.5,0.008853140287101269
2023-01-15,31.5,76.75,0.0
2023-01-15,31.5,77.0,0.0
2023-01-15,31.5,77.25,0.0
2023-01-15,31.5,77.5,0.0
2023-01-15,31.75,76.5,0.0
2023-01-15,31.75,76.75,0.0
2023-01-15,31.75,77.0,0.0
2023-01-15,31.75,77.25,0.0
2023-01-15,31.75,77.5,0.0
2023-01-15,32.0,76.5,0.0
2023-01-15,32.0,76.75,0.0
2023-01-15,32.0,77.0,0.0
2023-01-15,32.0,77.25,0.0
2023-01-15,32.0,77.5,0.0
2023-01-16,31.5,76.5,0.0
2023-01-16,31.5,76.75,0.0
2023-01-16,31.5,77.0,0.0
2023-01-16,31.5,77.25,0.0
2023-01-16,31.5,77.5,0.0
2023-01-16,31.75,76.5,0.0
2023-01-16,31.75,76.75,0.0
2023-01-16,31.75,77.0,0.0
2023-01-16,31.75,77.25,0.0
2023-01-16,31.75,77.5,0.0
2023-01-16,32.0,76.5,0.0
2023-01-16,32.0,76.75,0.0
2023-01-16,32.0,77.0,0.0
2023-01-16,32.0,77.25,0.0
2023-01-16,32.0,77.5,0.0
2023-01-17,31.5,76.5,0.0
2023-01-17,31.5,76.75,0.0
2023-01-17,31.5,77.0,0.0
2023-01-17,31.5,77.25,0.0
2023-01-17,31.5,77.5,0.0
2023-01-17,31.75,76.5,0.0
2023-01-17,31.75,76.75,0.0
2023-01-17,31.75,77.0,0.0
2023-01-17,31.75,77.25,0.0
2023-01-17,31.75,77.5,0.0
2023-01-17,32.0,76.5,0.0
2023-01-17,32.0,76.75,0.0
2023-01-17,32.0,77.0,0.0
2023-01-17,32.0,77.25,0.0
2023-01-17,32.0,77.5,0.0
2023-01-18,31.5,76.5,0.0
2023-01-18,31.5,76.75,0.0
2023-01-18,31.5,77.0,0.0
2023-01-18,31.5,77.25,0.0
2023-01-18,31.5,77.5,0.0
2023-01-18,31.75,76.5,0.0
2023-01-18,31.75,76.75,0.0
2023-01-18,31.75,77.0,0.0
2023-01-18,31.75,77.25,0.0
2023-01-18,31.75,77.5,0.0
2023-01-18,32.0,76.5,0.0
2023-01-18,32.0,76.75,0.0
2023-01-18,32.0,77.0,0.0
2023-01-18,32.0,77.25,0.0
2023-01-18,32.0,77.5,0.0
2023-01-19,31.5,76.5,0.0
2023-01-19,31.5,76.75,0.0
2023-01-19,31.5,77.0,0.0
2023-01-19,31.5,77.25,0.0
2023-01-19,31.5,77.5,0.0
2023-01-19,31.75,76.5,0.0
2023-01-19,31.75,76.75,0.0
2023-01-19,31.75,77.0,0.0
2023-01-19,31.75,77.25,0.0
2023-01-19,31.75,77.5,0.0
2023-01-19,32.0,76.5,0.0
2023-01-19,32.0,76.75,0.0
2023-01-19,32.0,77.0,0.0
2023-01-19,32.0,77.25,0.0
2023-01-19,32.0,77.5,0.0
2023-01-20,31.5,76.5,1.845076084136963
2023-01-20,31.5,76.75,2.415975332260132
2023-01-20,31.5,77.0,8.117173194885254
2023-01-20,31.5,77.25,8.257390975952148
2023-01-20,31.5,77.5,7.292418479919434
2023-01-20,31.75,76.5,0.8281196355819702
2023-01-20,31.75,76.75,4.79242467880249
2023-01-20,31.75,77.0,6.205635070800781
2023-01-20,31.75,77.25,6.589848518371582
2023-01-20,31.75,77.5,6.562652111053467
2023-01-20,32.0,76.5,2.0903127193450928
2023-01-20,32.0,76.75,4.827763557434082
2023-01-20,32.0,77.0,7.355396747589111
2023-01-20,32.0,77.25,7.064590930938721
2023-01-20,32.0,77.5,6.108057975769043
2023-01-21,31.5,76.5,8.166383743286133
2023-01-21,31.5,76.75,5.858109474182129
2023-01-21,31.5,77.0,7.431867599487305
2023-01-21,31.5,77.25,9.463784217834473
2023-01-21,31.5,77.5,1.2843811511993408
2023-01-21,31.75,76.5,8.358466148376465
2023-01-21,31.75,76.75,5.820258140563965
2023-01-21,31.75,77.0,7.963946342468262
2023-01-21,31.75,77.25,10.2781982421875
2023-01-21,31.75,77.5,3.7261545658111572
2023-01-21,32.0,76.5,11.85472297668457
2023-01-21,32.0,76.75,11.636731147766113
2023-01-21,32.0,77.0,9.888418197631836
2023-01-21,32.0,77.25,8.106225967407227
2023-01-21,32.0,77.5,6.5703864097595215
2023-01-22,31.5,76.5,0.0
2023-01-22,31.5,76.75,0.0
2023-01-22,31.5,77.0,0.0
2023-01-22,31.5,77.25,0.0
2023-01-22,31.5,77.5,0.0
2023-01-22,31.75,76.5,0.0
2023-01-22,31.75,76.75,0.0
2023-01-22,31.75,77.0,0.0
2023-01-22,31.75,77.25,0.0
2023-01-22,31.75,77.5,0.0
2023-01-22,32.0,76.5,0.0
2023-01-22,32.0,76.75,0.0
2023-01-22,32.0,77.0,0.0
2023-01-22,32.0,77.25,0.0
2023-01-22,32.0,77.5,0.0
2023-01-23,31.5,76.5,0.0
2023-01-23,31.5,76.75,0.0
2023-01-23,31.5,77.0,0.0
2023-01-23,31.5,77.25,0.0
2023-01-23,31.5,77.5,0.0
2023-01-23,31.75,76.5,0.0
2023-01-23,31.75,76.75,0.0
2023-01-23,31.75,77.0,0.0
2023-01-23,31.75,77.25,0.0
2023-01-23,31.75,77.5,0.0
2023-01-23,32.0,76.5,0.0
2023-01-23,32.0,76.75,0.0
2023-01-23,32.0,77.0,0.0
2023-01-23,32.0,77.25,0.0
2023-01-23,32.0,77.5,0.0
2023-01-24,31.5,76.5,0.0
2023-01-24,31.5,76.75,0.0
2023-01-24,31.5,77.0,0.0
2023-01-24,31.5,77.25,0.0
2023-01-24,31.5,77.5,0.0
2023-01-24,31.75,76.5,0.0
2023-01-24,31.75,76.75,0.0
2023-01-24,31.75,77.0,0.0
2023-01-24,31.75,77.25,0.0
2023-01-24,31.75,77.5,0.0
2023-01-24,32.0,76.5,0.0
2023-01-24,32.0,76.75,0.0
2023-01-24,32.0,77.0,0.0
2023-01-24,32.0,77.25,0.0
2023-01-24,32.0,77.5,0.0
2023-01-25,31.5,76.5,19.832313537597656
2023-01-25,31.5,76.75,22.247610092163086
2023-01-25,31.5,77.0,2.620919704437256
2023-01-25,31.5,77.25,5.4515180587768555
2023-01-25,31.5,77.5,1.0916576385498047
2023-01-25,31.75,76.5,23.179595947265625
2023-01-25,31.75,76.75,5.657934665679932
2023-01-25,31.75,77.0,1.2074828147888184
2023-01-25,31.75,77.25,5.358208656311035
2023-01-25,31.75,77.5,3.7578747272491455
2023-01-25,32.0,76.5,26.156707763671875
2023-01-25,32.0,76.75,13.060608863830566
2023-01-25,32.0,77.0,2.371427297592163
2023-01-25,32.0,77.25,2.0554022789001465
2023-01-25,32.0,77.5,7.9265360832214355
2023-01-26,31.5,76.5,7.080871105194092
2023-01-26,31.5,76.75,3.8143367767333984
2023-01-26,31.5,77.0,5.1121063232421875
2023-01-26,31.5,77.25,2.333146810531616
2023-01-26,31.5,77.5,2.0802128314971924
2023-01-26,31.75,76.5,14.356972694396973
2023-01-26,31.75,76.75,10.511680603027344
2023-01-26,31.75,77.0,2.9002935886383057
2023-01-26,31.75,77.25,2.5774502754211426
2023-01-26,31.75,77.5,2.626915693283081
2023-01-26,32.0,76.5,25.019271850585938
2023-01-26,32.0,76.75,16.621734619140625
2023-01-26,32.0,77.0,3.934814453125
2023-01-26,32.0,77.25,5.019535541534424
2023-01-26,32.0,77.5,2.7563135623931885
2023-01-27,31.5,76.5,0.0
2023-01-27,31.5,76.75,0.0
2023-01-27,31.5,77.0,0.0
2023-01-27,31.5,77.25,0.0
2023-01-27,31.5,77.5,0.0
2023-01-27,31.75,76.5,0.0
2023-01-27,31.75,76.75,0.0
2023-01-27,31.75,77.0,0.0
2023-01-27,31.75,77.25,0.0
2023-01-27,31.75,77.5,0.0
2023-01-27,32.0,76.5,0.0
2023-01-27,32.0,76.75,0.0
2023-01-27,32.0,77.0,0.0
2023-01-27,32.0,77.25,0.0
2023-01-27,32.0,77.5,0.0
2023-01-28,31.5,76.5,0.0
2023-01-28,31.5,76.75,0.0
2023-01-28,31.5,77.0,0.0
2023-01-28,31.5,77.25,0.0
2023-01-28,31.5,77.5,0.0
2023-01-28,31.75,76.5,0.0
2023-01-28,31.75,76.75,0.0
2023-01-28,31.75,77.0,0.0
2023-01-28,31.75,77.25,0.0
2023-01-28,31.75,77.5,0.0
2023-01-28,32.0,76.5,0.0
2023-01-28,32.0,76.75,0.0
2023-01-28,32.0,77.0,0.0
2023-01-28,32.0,77.25,0.0
2023-01-28,32.0,77.5,0.0
2023-01-29,31.5,76.5,0.0
2023-01-29,31.5,76.75,0.0
2023-01-29,31.5,77.0,0.0
2023-01-29,31.5,77.25,0.0
2023-01-29,31.5,77.5,0.0
2023-01-29,31.75,76.5,0.0
2023-01-29,31.75,76.75,0.0
2023-01-29,31.75,77.0,0.0
2023-01-29,31.75,77.25,0.0
2023-01-29,31.75,77.5,0.0
2023-01-29,32.0,76.5,0.0
2023-01-29,32.0,76.75,0.0
2023-01-29,32.0,77.0,0.0
2023-01-29,32.0,77.25,0.0
2023-01-29,32.0,77.5,0.0
2023-01-30,31.5,76.5,0.4410579800605774
2023-01-30,31.5,76.75,1.465139627456665
2023-01-30,31.5,77.0,18.26810646057129
2023-01-30,31.5,77.25,25.931303024291992
2023-01-30,31.5,77.5,24.917545318603516
2023-01-30,31.75,76.5,1.8748663663864136
2023-01-30,31.75,76.75,1.1013813018798828
2023-01-30,31.75,77.0,4.187861442565918
2023-01-30,31.75,77.25,23.11621856689453
2023-01-30,31.75,77.5,26.36084747314453
2023-01-30,32.0,76.5,3.3931074142456055
2023-01-30,32.0,76.75,2.125262498855591
2023-01-30,32.0,77.0,14.852326393127441
2023-01-30,32.0,77.25,19.81171226501465
2023-01-30,32.0,77.5,21.902503967285156
2023-01-31,31.5,76.5,0.294560968875885
2023-01-31,31.5,76.75,0.29551562666893005
2023-01-31,31.5,77.0,0.028078600764274597
2023-01-31,31.5,77.25,0.12162364274263382
2023-01-31,31.5,77.5,1.7545140981674194
2023-01-31,31.75,76.5,0.5166246891021729
2023-01-31,31.75,76.75,0.028531258925795555
2023-01-31,31.75,77.0,0.5111942291259766
2023-01-31,31.75,77.25,0.11988716572523117
2023-01-31,31.75,77.5,0.627597451210022
2023-01-31,32.0,76.5,2.25809383392334
2023-01-31,32.0,76.75,0.08728854358196259
2023-01-31,32.0,77.0,3.4534828662872314
2023-01-31,32.0,77.25,3.745204210281372
2023-01-31,32.0,77.5,0.5776218175888062
2023-02-01,31.5,76.5,0.0
2023-02-01,31.5,76.75,0.0
2023-02-01,31.5,77.0,0.0
2023-02-01,31.5,77.25,0.0
2023-02-01,31.5,77.5,0.0
2023-02-01,31.75,76.5,0.0
2023-02-01,31.75,76.75,0.0
2023-02-01,31.75,77.0,0.0
2023-02-01,31.75,77.25,0.0
2023-02-01,31.75,77.5,0.0
2023-02-01,32.0,76.5,0.0
2023-02-01,32.0,76.75,0.0
2023-02-01,32.0,77.0,0.0702061802148819
2023-02-01,32.0,77.25,0.048524826765060425
2023-02-01,32.0,77.5,0.0
2023-02-02,31.5,76.5,0.0
2023-02-02,31.5,76.75,0.0
2023-02-02,31.5,77.0,0.0
2023-02-02,31.5,77.25,0.0
2023-02-02,31.5,77.5,0.0
2023-02-02,31.75,76.5,0.0
2023-02-02,31.75,76.75,0.0
2023-02-02,31.75,77.0,0.0
2023-02-02,31.75,77.25,0.0
2023-02-02,31.75,77.5,0.0
2023-02-02,32.0,76.5,0.0
2023-02-02,32.0,76.75,0.0
2023-02-02,32.0,77.0,0.0
2023-02-02,32.0,77.25,0.0
2023-02-02,32.0,77.5,0.0
2023-02-03,31.5,76.5,0.0
2023-02-03,31.5,76.75,0.0
2023-02-03,31.5,77.0,0.0
2023-02-03,31.5,77.25,0.0
2023-02-03,31.5,77.5,0.0
2023-02-03,31.75,76.5,0.0
2023-02-03,31.75,76.75,0.0
2023-02-03,31.75,77.0,0.0
2023-02-03,31.75,77.25,0.0
2023-02-03,31.75,77.5,0.0
2023-02-03,32.0,76.5,0.0
2023-02-03,32.0,76.75,0.0
2023-02-03,32.0,77.0,0.0
2023-02-03,32.0,77.25,0.0
2023-02-03,32.0,77.5,0.2777727544307709
2023-02-04,31.5,76.5,0.0
2023-02-04,31.5,76.75,0.0
2023-02-04,31.5,77.0,0.0
2023-02-04,31.5,77.25,0.0
2023-02-04,31.5,77.5,0.0
2023-02-04,31.75,76.5,0.0
2023-02-04,31.75,76.75,0.0
2023-02-04,31.75,77.0,0.0
2023-02-04,31.75,77.25,0.0
2023-02-04,31.75,77.5,0.0
2023-02-04,32.0,76.5,0.0
2023-02-04,32.0,76.75,0.0
2023-02-04,32.0,77.0,0.0
2023-02-04,32.0,77.25,0.0
2023-02-04,32.0,77.5,0.2777727544307709
2023-02-05,31.5,76.5,0.0
2023-02-05,31.5,76.75,0.0
2023-02-05,31.5,77.0,0.0
2023-02-05,31.5,77.25,0.0
2023-02-05,31.5,77.5,0.0
2023-02-05,31.75,76.5,0.0
2023-02-05,31.75,76.75,0.0
2023-02-05,31.75,77.0,0.0
2023-02-05,31.75,77.25,0.0
2023-02-05,31.75,77.5,0.0
2023-02-05,32.0,76.5,0.0
2023-02-05,32.0,76.75,0.0
2023-02-05,32.0,77.0,0.0
2023-02-05,32.0,77.25,0.0
2023-02-05,32.0,77.5,0.0
2023-02-06,31.5,76.5,0.07908375561237335
2023-02-06,31.5,76.75,0.4066549241542816
2023-02-06,31.5,77.0,0.03316335007548332
2023-02-06,31.5,77.25,1.836534857749939
2023-02-06,31.5,77.5,0.04859126731753349
2023-02-06,31.75,76.5,0.8278524875640869
2023-02-06,31.75,76.75,1.560804843902588
2023-02-06,31.75,77.0,0.6477541327476501
2023-02-06,31.75,77.25,2.0641438961029053
2023-02-06,31.75,77.5,1.1125142574310303
2023-02-06,32.0,76.5,0.2556627690792084
2023-02-06,32.0,76.75,0.8010822534561157
2023-02-06,32.0,77.0,0.6363186836242676
2023-02-06,32.0,77.25,0.843304455280304
2023-02-06,32.0,77.5,1.0811442136764526
2023-02-07,31.5,76.5,0.03667929023504257
2023-02-07,31.5,76.75,0.0661807730793953
2023-02-07,31.5,77.0,1.936478614807129
2023-02-07,31.5,77.25,12.730835914611816
2023-02-07,31.5,77.5,3.0626003742218018
2023-02-07,31.75,76.5,0.26860347390174866
2023-02-07,31.75,76.75,0.17124482989311218
2023-02-07,31.75,77.0,9.722999572753906
2023-02-07,31.75,77.25,16.24012565612793
2023-02-07,31.75,77.5,8.940065383911133
2023-02-07,32.0,76.5,2.5446619987487793
2023-02-07,32.0,76.75,3.305704355239868
2023-02-07,32.0,77.0,12.970664978027344
2023-02-07,32.0,77.25,13.55972957611084
2023-02-07,32.0,77.5,10.366751670837402
2023-02-08,31.5,76.5,0.0
2023-02-08,31.5,76.75,0.0
2023-02-08,31.5,77.0,0.0
2023-02-08,31.5,77.25,0.0
2023-02-08,31.5,77.5,0.0
2023-02-08,31.75,76.5,0.0
2023-02-08,31.75,76.75,0.0
2023-02-08,31.75,77.0,0.0
2023-02-08,31.75,77.25,0.0
2023-02-08,31.75,77.5,0.0
2023-02-08,32.0,76.5,0.0
2023-02-08,32.0,76.75,0.0
2023-02-08,32.0,77.0,0.0
2023-02-08,32.0,77.25,0.0
2023-02-08,32.0,77.5,0.0
2023-02-09,31.5,76.5,0.0
2023-02-09,31.5,76.75,0.0
2023-02-09,31.5,77.0,0.0
2023-02-09,31.5,77.25,0.0
2023-02-09,31.5,77.5,0.0
2023-02-09,31.75,76.5,0.0
2023-02-09,31.75,76.75,0.0
2023-02-09,31.75,77.0,0.0
2023-02-09,31.75,77.25,0.0
2023-02-09,31.75,77.5,0.0
2023-02-09,32.0,76.5,0.0
2023-02-09,32.0,76.75,0.0
2023-02-09,32.0,77.0,0.0
2023-02-09,32.0,77.25,0.0
2023-02-09,32.0,77.5,0.0
2023-02-10,31.5,76.5,0.21954497694969177
2023-02-10,31.5,76.75,0.7234770059585571
2023-02-10,31.5,77.0,0.6424646377563477
2023-02-10,31.5,77.25,12.65282154083252
2023-02-10,31.5,77.5,6.502653121948242
2023-02-10,31.75,76.5,0.16618414223194122
2023-02-10,31.75,76.75,1.0164320468902588
2023-02-10,31.75,77.0,8.532452583312988
2023-02-10,31.75,77.25,15.214149475097656
2023-02-10,31.75,77.5,9.947090148925781
2023-02-10,32.0,76.5,1.4447230100631714
2023-02-10,32.0,76.75,3.823941946029663
2023-02-10,32.0,77.0,14.844857215881348
2023-02-10,32.0,77.25,15.578791618347168
2023-02-10,32.0,77.5,13.20285701751709
2023-02-11,31.5,76.5,0.1230522021651268
2023-02-11,31.5,76.75,0.16559097170829773
2023-02-11,31.5,77.0,3.658837080001831
2023-02-11,31.5,77.25,13.64111328125
2023-02-11,31.5,77.5,7.843934535980225
2023-02-11,31.75,76.5,0.0
2023-02-11,31.75,76.75,0.4961740970611572
2023-02-11,31.75,77.0,11.685576438903809
2023-02-11,31.75,77.25,15.366528511047363
2023-02-11,31.75,77.5,12.21078872680664
2023-02-11,32.0,76.5,5.47068977355957
2023-02-11,32.0,76.75,10.172492027282715
2023-02-11,32.0,77.0,13.209634780883789
2023-02-11,32.0,77.25,10.345967292785645
2023-02-11,32.0,77.5,12.1912841796875
2023-02-12,31.5,76.5,0.0
2023-02-12,31.5,76.75,0.0
2023-02-12,31.5,77.0,0.16949668526649475
2023-02-12,31.5,77.25,5.0772294998168945
2023-02-12,31.5,77.5,0.37436676025390625
2023-02-12,31.75,76.5,0.0
2023-02-12,31.75,76.75,1.071250557899475
2023-02-12,31.75,77.0,2.2329699993133545
2023-02-12,31.75,77.25,5.058548450469971
2023-02-12,31.75,77.5,2.2248716354370117
2023-02-12,32.0,76.5,1.1108136177062988
2023-02-12,32.0,76.75,2.8180527687072754
2023-02-12,32.0,77.0,7.37893533706665
2023-02-12,32.0,77.25,10.142970085144043
2023-02-12,32.0,77.5,2.4619555473327637
2023-02-13,31.5,76.5,0.0
2023-02-13,31.5,76.75,0.0
2023-02-13,31.5,77.0,0.0
2023-02-13,31.5,77.25,0.0
2023-02-13,31.5,77.5,0.0
2023-02-13,31.75,76.5,0.0
2023-02-13,31.75,76.75,0.0
2023-02-13,31.75,77.0,0.0
2023-02-13,31.75,77.25,0.0
2023-02-13,31.75,77.5,0.0
2023-02-13,32.0,76.5,0.0
2023-02-13,32.0,76.75,0.0
2023-02-13,32.0,77.0,0.0
2023-02-13,32.0,77.25,0.0
2023-02-13,32.0,77.5,0.0
2023-02-14,31.5,76.5,0.0
2023-02-14,31.5,76.75,0.0
2023-02-14,31.5,77.0,0.0
2023-02-14,31.5,77.25,0.0
2023-02-14,31.5,77.5,0.0
2023-02-14,31.75,76.5,0.0
2023-02-14,31.75,76.75,0.0
2023-02-14,31.75,77.0,0.0
2023-02-14,31.75,77.25,0.0
2023-02-14,31.75,77.5,0.0
2023-02-14,32.0,76.5,0.0
2023-02-14,32.0,76.75,0.0
2023-02-14,32.0,77.0,0.0
2023-02-14,32.0,77.25,0.0
2023-02-14,32.0,77.5,0.0
2023-02-15,31.5,76.5,0.0
2023-02-15,31.5,76.75,0.0
2023-02-15,31.5,77.0,0.0
2023-02-15,31.5,77.25,0.0
2023-02-15,31.5,77.5,0.0
2023-02-15,31.75,76.5,0.0
2023-02-15,31.75,76.75,0.0
2023-02-15,31.75,77.0,0.0
2023-02-15,31.75,77.25,0.0
2023-02-15,31.75,77.5,0.0
2023-02-15,32.0,76.5,0.0
2023-02-15,32.0,76.75,0.0
2023-02-15,32.0,77.0,0.0
2023-02-15,32.0,77.25,0.0
2023-02-15,32.0,77.5,0.0
2023-02-16,31.5,76.5,0.0
2023-02-16,31.5,76.75,0.0
2023-02-16,31.5,77.0,0.0
2023-02-16,31.5,77.25,0.0
2023-02-16,31.5,77.5,0.0
2023-02-16,31.75,76.5,0.0
2023-02-16,31.75,76.75,0.0
2023-02-16,31.75,77.0,0.0
2023-02-16,31.75,77.25,0.0
2023-02-16,31.75,77.5,0.0
2023-02-16,32.0,76.5,0.0
2023-02-16,32.0,76.75,0.0
2023-02-16,32.0,77.0,0.0
2023-02-16,32.0,77.25,0.0
2023-02-16,32.0,77.5,0.0
2023-02-17,31.5,76.5,0.0
2023-02-17,31.5,76.75,0.0
2023-02-17,31.5,77.0,0.0
2023-02-17,31.5,77.25,0.0
2023-02-17,31.5,77.5,0.0
2023-02-17,31.75,76.5,0.0
2023-02-17,31.75,76.75,0.0
2023-02-17,31.75,77.0,0.0
2023-02-17,31.75,77.25,0.0
2023-02-17,31.75,77.5,0.0
2023-02-17,32.0,76.5,0.0
2023-02-17,32.0,76.75,0.0
2023-02-17,32.0,77.0,0.0
2023-02-17,32.0,77.25,0.0
2023-02-17,32.0,77.5,0.0
2023-02-18,31.5,76.5,0.0
2023-02-18,31.5,76.75,0.0
2023-02-18,31.5,77.0,0.0
2023-02-18,31.5,77.25,0.0
2023-02-18,31.5,77.5,0.0
2023-02-18,31.75,76.5,0.0
2023-02-18,31.75,76.75,0.0
2023-02-18,31.75,77.0,0.0
2023-02-18,31.75,77.25,0.0
2023-02-18,31.75,77.5,0.0
2023-02-18,32.0,76.5,0.0
2023-02-18,32.0,76.75,0.0
2023-02-18,32.0,77.0,0.0
2023-02-18,32.0,77.25,0.0
2023-02-18,32.0,77.5,0.0
2023-02-19,31.5,76.5,0.0
2023-02-19,31.5,76.75,0.0
2023-02-19,31.5,77.0,0.0
2023-02-19,31.5,77.25,0.0
2023-02-19,31.5,77.5,0.0
2023-02-19,31.75,76.5,0.0
2023-02-19,31.75,76.75,0.0
2023-02-19,31.75,77.0,0.0
2023-02-19,31.75,77.25,0.0
2023-02-19,31.75,77.5,0.0
2023-02-19,32.0,76.5,0.0
2023-02-19,32.0,76.75,0.0
2023-02-19,32.0,77.0,0.0
2023-02-19,32.0,77.25,0.0
2023-02-19,32.0,77.5,0.0
2023-02-20,31.5,76.5,0.0
2023-02-20,31.5,76.75,0.0
2023-02-20,31.5,77.0,0.0
2023-02-20,31.5,77.25,0.0
2023-02-20,31.5,77.5,0.0
2023-02-20,31.75,76.5,0.0
2023-02-20,31.75,76.75,0.0
2023-02-20,31.75,77.0,0.0
2023-02-20,31.75,77.25,0.0
2023-02-20,31.75,77.5,0.0
2023-02-20,32.0,76.5,0.0
2023-02-20,32.0,76.75,0.0
2023-02-20,32.0,77.0,0.0
2023-02-20,32.0,77.25,0.0
2023-02-20,32.0,77.5,0.2777727544307709
2023-02-21,31.5,76.5,0.0
2023-02-21,31.5,76.75,0.0
2023-02-21,31.5,77.0,0.0
2023-02-21,31.5,77.25,0.0
2023-02-21,31.5,77.5,0.0
2023-02-21,31.75,76.5,0.0
2023-02-21,31.75,76.75,0.0
2023-02-21,31.75,77.0,0.0
2023-02-21,31.75,77.25,0.0
2023-02-21,31.75,77.5,0.0
2023-02-21,32.0,76.5,0.0
2023-02-21,32.0,76.75,0.0
2023-02-21,32.0,77.0,1.2776130437850952
2023-02-21,32.0,77.25,2.0175867080688477
2023-02-21,32.0,77.5,0.3632899224758148
2023-02-22,31.5,76.5,0.6357742547988892
2023-02-22,31.5,76.75,0.8109172582626343
2023-02-22,31.5,77.0,8.931384086608887
2023-02-22,31.5,77.25,10.300398826599121
2023-02-22,31.5,77.5,14.894898414611816
2023-02-22,31.75,76.5,5.22117280960083
2023-02-22,31.75,76.75,0.3307827115058899
2023-02-22,31.75,77.0,3.3423383235931396
2023-02-22,31.75,77.25,6.3493804931640625
2023-02-22,31.75,77.5,12.003291130065918
2023-02-22,32.0,76.5,6.0321879386901855
2023-02-22,32.0,76.75,6.175299644470215
2023-02-22,32.0,77.0,4.399129390716553
2023-02-22,32.0,77.25,3.3886425495147705
2023-02-22,32.0,77.5,4.0076751708984375
2023-02-23,31.5,76.5,0.0
2023-02-23,31.5,76.75,0.0
2023-02-23,31.5,77.0,0.0
2023-02-23,31.5,77.25,0.0
2023-02-23,31.5,77.5,0.0
2023-02-23,31.75,76.5,0.0
2023-02-23,31.75,76.75,0.0
2023-02-23,31.75,77.0,0.0
2023-02-23,31.75,77.25,0.0
2023-02-23,31.75,77.5,0.0
2023-02-23,32.0,76.5,0.0
2023-02-23,32.0,76.75,0.0
2023-02-23,32.0,77.0,0.0
2023-02-23,32.0,77.25,0.0
2023-02-23,32.0,77.5,0.0
2023-02-24,31.5,76.5,0.0
2023-02-24,31.5,76.75,0.0
2023-02-24,31.5,77.0,0.0
2023-02-24,31.5,77.25,0.0
2023-02-24,31.5,77.5,0.0
2023-02-24,31.75,76.5,0.0
2023-02-24,31.75,76.75,0.0
2023-02-24,31.75,77.0,0.0
2023-02-24,31.75,77.25,0.0
2023-02-24,31.75,77.5,0.0
2023-02-24,32.0,76.5,0.0
2023-02-24,32.0,76.75,0.0
2023-02-24,32.0,77.0,0.0
2023-02-24,32.0,77.25,0.0
2023-02-24,32.0,77.5,0.0
2023-02-25,31.5,76.5,0.0
2023-02-25,31.5,76.75,0.0
2023-02-25,31.5,77.0,0.0
2023-02-25,31.5,77.25,0.0
2023-02-25,31.5,77.5,0.0
2023-02-25,31.75,76.5,0.0
2023-02-25,31.75,76.75,0.0
2023-02-25,31.75,77.0,0.0
2023-02-25,31.75,77.25,0.0
2023-02-25,31.75,77.5,0.0
2023-02-25,32.0,76.5,0.0
2023-02-25,32.0,76.75,0.0
2023-02-25,32.0,77.0,0.0
2023-02-25,32.0,77.25,0.0
2023-02-25,32.0,77.5,0.0
2023-02-26,31.5,76.5,0.0
2023-02-26,31.5,76.75,0.0
2023-02-26,31.5,77.0,0.0
2023-02-26,31.5,77.25,0.0
2023-02-26,31.5,77.5,0.0
2023-02-26,31.75,76.5,0.0
2023-02-26,31.75,76.75,0.0
2023-02-26,31.75,77.0,0.0
2023-02-26,31.75,77.25,0.0
2023-02-26,31.75,77.5,0.0
2023-02-26,32.0,76.5,0.0
2023-02-26,32.0,76.75,0.0
2023-02-26,32.0,77.0,0.0
2023-02-26,32.0,77.25,0.0
2023-02-26,32.0,77.5,0.0
2023-02-27,31.5,76.5,0.0
2023-02-27,31.5,76.75,0.0
2023-02-27,31.5,77.0,0.0
2023-02-27,31.5,77.25,0.0
2023-02-27,31.5,77.5,0.0
2023-02-27,31.75,76.5,0.0
2023-02-27,31.75,76.75,0.0
2023-02-27,31.75,77.0,0.0
2023-02-27,31.75,77.25,0.0
2023-02-27,31.75,77.5,0.0
2023-02-27,32.0,76.5,0.0
2023-02-27,32.0,76.75,0.0
2023-02-27,32.0,77.0,0.0
2023-02-27,32.0,77.25,0.0
2023-02-27,32.0,77.5,0.0
2023-02-28,31.5,76.5,0.0
2023-02-28,31.5,76.75,0.0
2023-02-28,31.5,77.0,0.0
2023-02-28,31.5,77.25,0.0
2023-02-28,31.5,77.5,0.0
2023-02-28,31.75,76.5,0.0
2023-02-28,31.75,76.75,0.0
2023-02-28,31.75,77.0,0.4583313763141632
2023-02-28,31.75,77.25,0.08151565492153168
2023-02-28,31.75,77.5,0.0
2023-02-28,32.0,76.5,0.0
2023-02-28,32.0,76.75,0.053198978304862976
2023-02-28,32.0,77.0,0.29383495450019836
2023-02-28,32.0,77.25,0.07793250679969788
2023-02-28,32.0,77.5,0.0
2023-03-01,31.5,76.5,0.15374094247817993
2023-03-01,31.5,76.75,0.47190359234809875
2023-03-01,31.5,77.0,0.1417122781276703
2023-03-01,31.5,77.25,4.785038948059082
2023-03-01,31.5,77.5,0.9078037738800049
2023-03-01,31.75,76.5,0.0
2023-03-01,31.75,76.75,0.09090684354305267
2023-03-01,31.75,77.0,3.243015766143799
2023-03-01,31.75,77.25,5.776361465454102
2023-03-01,31.75,77.5,3.905039072036743
2023-03-01,32.0,76.5,0.4694504737854004
2023-03-01,32.0,76.75,1.3052300214767456
2023-03-01,32.0,77.0,4.23492431640625
2023-03-01,32.0,77.25,4.1671881675720215
2023-03-01,32.0,77.5,3.7471108436584473
2023-03-02,31.5,76.5,0.0
2023-03-02,31.5,76.75,0.12199648469686508
2023-03-02,31.5,77.0,1.813696265220642
2023-03-02,31.5,77.25,1.5822821855545044
2023-03-02,31.5,77.5,1.091791033744812
2023-03-02,31.75,76.5,0.0
2023-03-02,31.75,76.75,0.16539135575294495
2023-03-02,31.75,77.0,4.480837821960449
2023-03-02,31.75,77.25,2.5706560611724854
2023-03-02,31.75,77.5,2.797786235809326
2023-03-02,32.0,76.5,0.21378770470619202
2023-03-02,32.0,76.75,0.9806753396987915
2023-03-02,32.0,77.0,7.848086357116699
2023-03-02,32.0,77.25,8.824854850769043
2023-03-02,32.0,77.5,3.347174882888794
2023-03-03,31.5,76.5,0.0
2023-03-03,31.5,76.75,0.0
2023-03-03,31.5,77.0,0.0
2023-03-03,31.5,77.25,1.4692280292510986
2023-03-03,31.5,77.5,0.038873013108968735
2023-03-03,31.75,76.5,0.0
2023-03-03,31.75,76.75,0.0
2023-03-03,31.75,77.0,0.3819427788257599
2023-03-03,31.75,77.25,1.7051961421966553
2023-03-03,31.75,77.5,0.8900114297866821
2023-03-03,32.0,76.5,0.0
2023-03-03,32.0,76.75,0.04433247819542885
2023-03-03,32.0,77.0,1.0629812479019165
2023-03-03,32.0,77.25,1.167084813117981
2023-03-03,32.0,77.5,0.9437397122383118
2023-03-04,31.5,76.5,0.0
2023-03-04,31.5,76.75,0.0
2023-03-04,31.5,77.0,0.0
2023-03-04,31.5,77.25,0.0
2023-03-04,31.5,77.5,0.0
2023-03-04,31.75,76.5,0.0
2023-03-04,31.75,76.75,0.0
2023-03-04,31.75,77.0,0.0
2023-03-04,31.75,77.25,0.0
2023-03-04,31.75,77.5,0.0
2023-03-04,32.0,76.5,0.0
2023-03-04,32.0,76.75,0.0
2023-03-04,32.0,77.0,0.0
2023-03-04,32.0,77.25,0.0
2023-03-04,32.0,77.5,0.0
2023-03-05,31.5,76.5,0.0
2023-03-05,31.5,76.75,0.0
2023-03-05,31.5,77.0,0.0
2023-03-05,31.5,77.25,0.0
2023-03-05,31.5,77.5,0.0
2023-03-05,31.75,76.5,0.0
2023-03-05,31.75,76.75,0.0
2023-03-05,31.75,77.0,0.0
2023-03-05,31.75,77.25,0.0
2023-03-05,31.75,77.5,0.0
2023-03-05,32.0,76.5,0.0
2023-03-05,32.0,76.75,0.0
2023-03-05,32.0,77.0,0.0
2023-03-05,32.0,77.25,0.0
2023-03-05,32.0,77.5,0.0
2023-03-06,31.5,76.5,0.0
2023-03-06,31.5,76.75,0.0
2023-03-06,31.5,77.0,0.0
2023-03-06,31.5,77.25,0.0
2023-03-06,31.5,77.5,0.0
2023-03-06,31.75,76.5,0.0
2023-03-06,31.75,76.75,0.0
2023-03-06,31.75,77.0,0.0
2023-03-06,31.75,77.25,0.0
2023-03-06,31.75,77.5,0.0
2023-03-06,32.0,76.5,0.0
2023-03-06,32.0,76.75,0.0
2023-03-06,32.0,77.0,0.0
2023-03-06,32.0,77.25,0.0
2023-03-06,32.0,77.5,0.0
2023-03-07,31.5,76.5,0.0
2023-03-07,31.5,76.75,0.0
2023-03-07,31.5,77.0,0.0
2023-03-07,31.5,77.25,0.07432566583156586
2023-03-07,31.5,77.5,0.3201266825199127
2023-03-07,31.75,76.5,0.0
2023-03-07,31.75,76.75,0.0
2023-03-07,31.75,77.0,0.0
2023-03-07,31.75,77.25,0.0
2023-03-07,31.75,77.5,0.09025237709283829
2023-03-07,32.0,76.5,0.0
2023-03-07,32.0,76.75,0.0
2023-03-07,32.0,77.0,0.0
2023-03-07,32.0,77.25,0.0
2023-03-07,32.0,77.5,0.0
2023-03-08,31.5,76.5,0.0
2023-03-08,31.5,76.75,1.0955756902694702
2023-03-08,31.5,77.0,3.8587329387664795
2023-03-08,31.5,77.25,2.000584363937378
2023-03-08,31.5,77.5,0.08539442718029022
2023-03-08,31.75,76.5,0.0
2023-03-08,31.75,76.75,2.911165952682495
2023-03-08,31.75,77.0,2.1656265258789062
2023-03-08,31.75,77.25,2.3031413555145264
2023-03-08,31.75,77.5,0.7416761517524719
2023-03-08,32.0,76.5,1.9240894317626953
2023-03-08,32.0,76.75,5.035275459289551
2023-03-08,32.0,77.0,2.0558736324310303
2023-03-08,32.0,77.25,2.5688796043395996
2023-03-08,32.0,77.5,1.6403802633285522
2023-03-09,31.5,76.5,5.100363731384277
2023-03-09,31.5,76.75,5.980773448944092
2023-03-09,31.5,77.0,2.576444625854492
2023-03-09,31.5,77.25,2.1435184478759766
2023-03-09,31.5,77.5,0.08879586309194565
2023-03-09,31.75,76.5,0.0
2023-03-09,31.75,76.75,2.6912763118743896
2023-03-09,31.75,77.0,4.75302791595459
2023-03-09,31.75,77.25,2.1895837783813477
2023-03-09,31.75,77.5,0.8900114297866821
2023-03-09,32.0,76.5,5.271330833435059
2023-03-09,32.0,76.75,4.002434253692627
2023-03-09,32.0,77.0,2.252734422683716
2023-03-09,32.0,77.25,0.5974825024604797
2023-03-09,32.0,77.5,0.5496179461479187
2023-03-10,31.5,76.5,0.0
2023-03-10,31.5,76.75,0.0
2023-03-10,31.5,77.0,0.0
2023-03-10,31.5,77.25,0.0
2023-03-10,31.5,77.5,0.0
2023-03-10,31.75,76.5,0.0
2023-03-10,31.75,76.75,0.0
2023-03-10,31.75,77.0,0.0
2023-03-10,31.75,77.25,0.0
2023-03-10,31.75,77.5,0.0
2023-03-10,32.0,76.5,0.0
2023-03-10,32.0,76.75,0.0
2023-03-10,32.0,77.0,0.0
2023-03-10,32.0,77.25,0.0
2023-03-10,32.0,77.5,0.0
2023-03-11,31.5,76.5,0.0
2023-03-11,31.5,76.75,0.0
2023-03-11,31.5,77.0,0.0
2023-03-11,31.5,77.25,0.0
2023-03-11,31.5,77.5,0.0
2023-03-11,31.75,76.5,0.0
2023-03-11,31.75,76.75,0.0
2023-03-11,31.75,77.0,0.0
2023-03-11,31.75,77.25,0.0
2023-03-11,31.75,77.5,0.0
2023-03-11,32.0,76.5,0.0
2023-03-11,32.0,76.75,0.0
2023-03-11,32.0,77.0,0.0
2023-03-11,32.0,77.25,0.0
2023-03-11,32.0,77.5,0.0
2023-03-12,31.5,76.5,0.0
2023-03-12,31.5,76.75,0.0
2023-03-12,31.5,77.0,0.0
2023-03-12,31.5,77.25,0.0
2023-03-12,31.5,77.5,0.0
2023-03-12,31.75,76.5,0.0
2023-03-12,31.75,76.75,0.0
2023-03-12,31.75,77.0,0.0
2023-03-12,31.75,77.25,0.0
2023-03-12,31.75,77.5,0.0
2023-03-12,32.0,76.5,0.0
2023-03-12,32.0,76.75,0.0
2023-03-12,32.0,77.0,0.0
2023-03-12,32.0,77.25,0.0
2023-03-12,32.0,77.5,0.0
2023-03-13,31.5,76.5,0.0
2023-03-13,31.5,76.75,0.0
2023-03-13,31.5,77.0,0.0
2023-03-13,31.5,77.25,0.1621648520231247
2023-03-13,31.5,77.5,2.3393518924713135
2023-03-13,31.75,76.5,0.0
2023-03-13,31.75,76.75,0.0
2023-03-13,31.75,77.0,0.0
2023-03-13,31.75,77.25,0.0
2023-03-13,31.75,77.5,0.7220190167427063
2023-03-13,32.0,76.5,0.0
2023-03-13,32.0,76.75,0.0
2023-03-13,32.0,77.0,0.0
2023-03-13,32.0,77.25,0.0
2023-03-13,32.0,77.5,0.0
2023-03-14,31.5,76.5,0.0
2023-03-14,31.5,76.75,0.4401426911354065
2023-03-14,31.5,77.0,0.7883546352386475
2023-03-14,31.5,77.25,0.09121771901845932
2023-03-14,31.5,77.5,1.5436793565750122
2023-03-14,31.75,76.5,0.0
2023-03-14,31.75,76.75,12.76472282409668
2023-03-14,31.75,77.0,5.436332702636719
2023-03-14,31.75,77.25,1.1749447584152222
2023-03-14,31.75,77.5,0.8910555243492126
2023-03-14,32.0,76.5,8.930244445800781
2023-03-14,32.0,76.75,7.220922470092773
2023-03-14,32.0,77.0,2.9752590656280518
2023-03-14,32.0,77.25,1.7748866081237793
2023-03-14,32.0,77.5,0.7286461591720581
2023-03-15,31.5,76.5,0.0
2023-03-15,31.5,76.75,0.0
2023-03-15,31.5,77.0,0.0
2023-03-15,31.5,77.25,0.0
2023-03-15,31.5,77.5,0.0
2023-03-15,31.75,76.5,0.0
2023-03-15,31.75,76.75,0.0
2023-03-15,31.75,77.0,0.0
2023-03-15,31.75,77.25,0.0
2023-03-15,31.75,77.5,0.0
2023-03-15,32.0,76.5,0.0
2023-03-15,32.0,76.75,0.0
2023-03-15,32.0,77.0,0.0
2023-03-15,32.0,77.25,0.0
2023-03-15,32.0,77.5,0.0
2023-03-16,31.5,76.5,1.7741913795471191
2023-03-16,31.5,76.75,1.937734603881836
2023-03-16,31.5,77.0,0.9523119330406189
2023-03-16,31.5,77.25,2.1110002994537354
2023-03-16,31.5,77.5,2.700561285018921
2023-03-16,31.75,76.5,2.2828307151794434
2023-03-16,31.75,76.75,12.185376167297363
2023-03-16,31.75,77.0,1.8343565464019775
2023-03-16,31.75,77.25,2.1727466583251953
2023-03-16,31.75,77.5,2.4510347843170166
2023-03-16,32.0,76.5,4.915122985839844
2023-03-16,32.0,76.75,8.893552780151367
2023-03-16,32.0,77.0,1.1010119915008545
2023-03-16,32.0,77.25,1.9058735370635986
2023-03-16,32.0,77.5,1.3609751462936401
2023-03-17,31.5,76.5,3.0446619987487793
2023-03-17,31.5,76.75,0.0
2023-03-17,31.5,77.0,0.9697372913360596
2023-03-17,31.5,77.25,0.3958074450492859
2023-03-17,31.5,77.5,0.49053409695625305
2023-03-17,31.75,76.5,2.110804319381714
2023-03-17,31.75,76.75,6.617321491241455
2023-03-17,31.75,77.0,1.4115184545516968
2023-03-17,31.75,77.25,0.18669278919696808
2023-03-17,31.75,77.5,0.7905185222625732
2023-03-17,32.0,76.5,16.320219039916992
2023-03-17,32.0,76.75,7.315629959106445
2023-03-17,32.0,77.0,0.6859423518180847
2023-03-17,32.0,77.25,0.29599529504776
2023-03-17,32.0,77.5,0.19819600880146027
2023-03-18,31.5,76.5,4.443819046020508
2023-03-18,31.5,76.75,0.6138101816177368
2023-03-18,31.5,77.0,0.95433109998703
2023-03-18,31.5,77.25,4.548397541046143
2023-03-18,31.5,77.5,0.4063396751880646
2023-03-18,31.75,76.5,1.1637763977050781
2023-03-18,31.75,76.75,1.4652154445648193
2023-03-18,31.75,77.0,3.703296661376953
2023-03-18,31.75,77.25,5.3104634284973145
2023-03-18,31.75,77.5,2.6670937538146973
2023-03-18,32.0,76.5,6.549901485443115
2023-03-18,32.0,76.75,5.092974662780762
2023-03-18,32.0,77.0,4.710414886474609
2023-03-18,32.0,77.25,4.423305988311768
2023-03-18,32.0,77.5,3.141232967376709
2023-03-19,31.5,76.5,2.7772958278656006
2023-03-19,31.5,76.75,2.1981935501098633
2023-03-19,31.5,77.0,0.9514394998550415
2023-03-19,31.5,77.25,1.5817724466323853
2023-03-19,31.5,77.5,0.8053627014160156
2023-03-19,31.75,76.5,1.4653334617614746
2023-03-19,31.75,76.75,3.1660776138305664
2023-03-19,31.75,77.0,0.688601016998291
2023-03-19,31.75,77.25,1.933266282081604
2023-03-19,31.75,77.5,1.4193885326385498
2023-03-19,32.0,76.5,4.791194438934326
2023-03-19,32.0,76.75,4.174758434295654
2023-03-19,32.0,77.0,2.0965089797973633
2023-03-19,32.0,77.25,2.9355342388153076
2023-03-19,32.0,77.5,1.8385761976242065
2023-03-20,31.5,76.5,1.78519606590271
2023-03-20,31.5,76.75,0.0
2023-03-20,31.5,77.0,0.07861138135194778
2023-03-20,31.5,77.25,2.8258936405181885
2023-03-20,31.5,77.5,1.6708991527557373
2023-03-20,31.75,76.5,3.932821035385132
2023-03-20,31.75,76.75,2.000584125518799
2023-03-20,31.75,77.0,2.168382406234741
2023-03-20,31.75,77.25,4.159787654876709
2023-03-20,31.75,77.5,2.8797967433929443
2023-03-20,32.0,76.5,5.9492597579956055
2023-03-20,32.0,76.75,4.322825908660889
2023-03-20,32.0,77.0,5.995370388031006
2023-03-20,32.0,77.25,8.34783935546875
2023-03-20,32.0,77.5,4.722113132476807
2023-03-21,31.5,76.5,5.498817443847656
2023-03-21,31.5,76.75,9.37948226928711
2023-03-21,31.5,77.0,23.34136390686035
2023-03-21,31.5,77.25,15.350935935974121
2023-03-21,31.5,77.5,33.822025299072266
2023-03-21,31.75,76.5,4.684989929199219
2023-03-21,31.75,76.75,5.356581211090088
2023-03-21,31.75,77.0,4.965027332305908
2023-03-21,31.75,77.25,9.24144172668457
2023-03-21,31.75,77.5,23.547813415527344
2023-03-21,32.0,76.5,4.981172561645508
2023-03-21,32.0,76.75,1.9617242813110352
2023-03-21,32.0,77.0,5.40836763381958
2023-03-21,32.0,77.25,7.520432472229004
2023-03-21,32.0,77.5,9.861882209777832
2023-03-22,31.5,76.5,4.760522842407227
2023-03-22,31.5,76.75,13.987631797790527
2023-03-22,31.5,77.0,11.61943244934082
2023-03-22,31.5,77.25,9.073565483093262
2023-03-22,31.5,77.5,3.9362258911132812
2023-03-22,31.75,76.5,2.7621099948883057
2023-03-22,31.75,76.75,20.800262451171875
2023-03-22,31.75,77.0,3.5705106258392334
2023-03-22,31.75,77.25,7.0766215324401855
2023-03-22,31.75,77.5,6.969674110412598
2023-03-22,32.0,76.5,5.685801982879639
2023-03-22,32.0,76.75,9.021501541137695
2023-03-22,32.0,77.0,1.1854257583618164
2023-03-22,32.0,77.25,1.442659616470337
2023-03-22,32.0,77.5,3.3245859146118164
2023-03-23,31.5,76.5,1.312086820602417
2023-03-23,31.5,76.75,1.0815562009811401
2023-03-23,31.5,77.0,0.12278231978416443
2023-03-23,31.5,77.25,1.2243566513061523
2023-03-23,31.5,77.5,0.0323941744863987
2023-03-23,31.75,76.5,0.8575148582458496
2023-03-23,31.75,76.75,0.13437189161777496
2023-03-23,31.75,77.0,1.3463454246520996
2023-03-23,31.75,77.25,1.592598795890808
2023-03-23,31.75,77.5,0.7416761517524719
2023-03-23,32.0,76.5,5.8563127517700195
2023-03-23,32.0,76.75,5.980237007141113
2023-03-23,32.0,77.0,0.8825777769088745
2023-03-23,32.0,77.25,0.7323055863380432
2023-03-23,32.0,77.5,0.7134833931922913
2023-03-24,31.5,76.5,0.0
2023-03-24,31.5,76.75,0.0
2023-03-24,31.5,77.0,0.0
2023-03-24,31.5,77.25,0.0
2023-03-24,31.5,77.5,0.0
2023-03-24,31.75,76.5,0.0
2023-03-24,31.75,76.75,0.0
2023-03-24,31.75,77.0,0.0
2023-03-24,31.75,77.25,1.0073736906051636
2023-03-24,31.75,77.5,0.0
2023-03-24,32.0,76.5,0.0
2023-03-24,32.0,76.75,0.0
2023-03-24,32.0,77.0,1.9572815895080566
2023-03-24,32.0,77.25,3.891803503036499
2023-03-24,32.0,77.5,1.9706088304519653
2023-03-25,31.5,76.5,14.450489044189453
2023-03-25,31.5,76.75,15.63979434967041
2023-03-25,31.5,77.0,5.48335599899292
2023-03-25,31.5,77.25,6.337643623352051
2023-03-25,31.5,77.5,3.006605625152588
2023-03-25,31.75,76.5,15.116509437561035
2023-03-25,31.75,76.75,8.608174324035645
2023-03-25,31.75,77.0,5.88911771774292
2023-03-25,31.75,77.25,6.794429779052734
2023-03-25,31.75,77.5,5.496076583862305
2023-03-25,32.0,76.5,22.837482452392578
2023-03-25,32.0,76.75,16.35788345336914
2023-03-25,32.0,77.0,5.942579746246338
2023-03-25,32.0,77.25,5.099402904510498
2023-03-25,32.0,77.5,4.6044816970825195
2023-03-26,31.5,76.5,25.595863342285156
2023-03-26,31.5,76.75,13.995044708251953
2023-03-26,31.5,77.0,22.95785903930664
2023-03-26,31.5,77.25,12.940546035766602
2023-03-26,31.5,77.5,10.12470817565918
2023-03-26,31.75,76.5,9.870918273925781
2023-03-26,31.75,76.75,7.664804458618164
2023-03-26,31.75,77.0,20.04710578918457
2023-03-26,31.75,77.25,15.18114185333252
2023-03-26,31.75,77.5,13.039856910705566
2023-03-26,32.0,76.5,24.266128540039062
2023-03-26,32.0,76.75,16.50000762939453
2023-03-26,32.0,77.0,21.664634704589844
2023-03-26,32.0,77.25,20.66339683532715
2023-03-26,32.0,77.5,13.327919006347656
2023-03-27,31.5,76.5,1.312086820602417
2023-03-27,31.5,76.75,0.6669149398803711
2023-03-27,31.5,77.0,1.6517492532730103
2023-03-27,31.5,77.25,0.19048981368541718
2023-03-27,31.5,77.5,0.0
2023-03-27,31.75,76.5,3.262906551361084
2023-03-27,31.75,76.75,2.573585033416748
2023-03-27,31.75,77.0,2.916282892227173
2023-03-27,31.75,77.25,0.5127553939819336
2023-03-27,31.75,77.5,0.0
2023-03-27,32.0,76.5,0.42757540941238403
2023-03-27,32.0,76.75,1.7709108591079712
2023-03-27,32.0,77.0,1.6160922050476074
2023-03-27,32.0,77.25,0.42862874269485474
2023-03-27,32.0,77.5,0.0
2023-03-28,31.5,76.5,0.0
2023-03-28,31.5,76.75,0.0
2023-03-28,31.5,77.0,0.0
2023-03-28,31.5,77.25,0.1317589282989502
2023-03-28,31.5,77.5,1.9007233381271362
2023-03-28,31.75,76.5,0.0
2023-03-28,31.75,76.75,0.0
2023-03-28,31.75,77.0,0.0
2023-03-28,31.75,77.25,0.0
2023-03-28,31.75,77.5,0.7479450106620789
2023-03-28,32.0,76.5,0.0
2023-03-28,32.0,76.75,0.0
2023-03-28,32.0,77.0,0.0
2023-03-28,32.0,77.25,0.0
2023-03-28,32.0,77.5,0.0
2023-03-29,31.5,76.5,0.0
2023-03-29,31.5,76.75,0.0
2023-03-29,31.5,77.0,0.0
2023-03-29,31.5,77.25,0.0
2023-03-29,31.5,77.5,0.027160989120602608
2023-03-29,31.75,76.5,0.0
2023-03-29,31.75,76.75,0.0
2023-03-29,31.75,77.0,0.0
2023-03-29,31.75,77.25,0.0
2023-03-29,31.75,77.5,0.0
2023-03-29,32.0,76.5,0.0
2023-03-29,32.0,76.75,0.0
2023-03-29,32.0,77.0,0.0
2023-03-29,32.0,77.25,0.0
2023-03-29,32.0,77.5,0.0
2023-03-30,31.5,76.5,0.0
2023-03-30,31.5,76.75,0.0
2023-03-30,31.5,77.0,0.01105444971472025
2023-03-30,31.5,77.25,0.9888085722923279
2023-03-30,31.5,77.5,2.151193141937256
2023-03-30,31.75,76.5,0.0
2023-03-30,31.75,76.75,0.08269567787647247
2023-03-30,31.75,77.0,0.82723069190979
2023-03-30,31.75,77.25,1.5778287649154663
2023-03-30,31.75,77.5,1.3995437622070312
2023-03-30,32.0,76.5,0.0
2023-03-30,32.0,76.75,0.0886649563908577
2023-03-30,32.0,77.0,1.6640938520431519
2023-03-30,32.0,77.25,2.4649693965911865
2023-03-30,32.0,77.5,1.6020739078521729
2023-03-31,31.5,76.5,6.258252143859863
2023-03-31,31.5,76.75,3.712261915206909
2023-03-31,31.5,77.0,0.09270642697811127
2023-03-31,31.5,77.25,0.0
2023-03-31,31.5,77.5,0.0
2023-03-31,31.75,76.5,4.964188098907471
2023-03-31,31.75,76.75,0.5022926330566406
2023-03-31,31.75,77.0,0.06334512680768967
2023-03-31,31.75,77.25,0.03151656687259674
2023-03-31,31.75,77.5,0.0
2023-03-31,32.0,76.5,4.754167079925537
2023-03-31,32.0,76.75,1.3006722927093506
2023-03-31,32.0,77.0,0.028929194435477257
2023-03-31,32.0,77.25,0.0
2023-03-31,32.0,77.5,0.0
2023-04-01,31.5,76.5,11.682640075683594
2023-04-01,31.5,76.75,14.844123840332031
2023-04-01,31.5,77.0,15.240150451660156
2023-04-01,31.5,77.25,11.326031684875488
2023-04-01,31.5,77.5,14.438364028930664
2023-04-01,31.75,76.5,10.019248008728027
2023-04-01,31.75,76.75,13.514610290527344
2023-04-01,31.75,77.0,9.879034042358398
2023-04-01,31.75,77.25,11.777961730957031
2023-04-01,31.75,77.5,15.105403900146484
2023-04-01,32.0,76.5,20.00420379638672
2023-04-01,32.0,76.75,18.093692779541016
2023-04-01,32.0,77.0,13.513737678527832
2023-04-01,32.0,77.25,14.775890350341797
2023-04-01,32.0,77.5,10.896971702575684
2023-04-02,31.5,76.5,15.014041900634766
2023-04-02,31.5,76.75,7.660093307495117
2023-04-02,31.5,77.0,19.587526321411133
2023-04-02,31.5,77.25,17.555500030517578
2023-04-02,31.5,77.5,21.166044235229492
2023-04-02,31.75,76.5,5.992635726928711
2023-04-02,31.75,76.75,9.190662384033203
2023-04-02,31.75,77.0,5.896206855773926
2023-04-02,31.75,77.25,11.929611206054688
2023-04-02,31.75,77.5,16.097347259521484
2023-04-02,32.0,76.5,2.5917346477508545
2023-04-02,32.0,76.75,3.7478222846984863
2023-04-02,32.0,77.0,4.693408012390137
2023-04-02,32.0,77.25,4.555325031280518
2023-04-02,32.0,77.5,6.833670139312744
2023-04-03,31.5,76.5,5.065413475036621
2023-04-03,31.5,76.75,0.0
2023-04-03,31.5,77.0,0.15722276270389557
2023-04-03,31.5,77.25,0.0
2023-04-03,31.5,77.5,0.0
2023-04-03,31.75,76.5,0.5794967412948608
2023-04-03,31.75,76.75,1.8007367849349976
2023-04-03,31.75,77.0,0.6902832388877869
2023-04-03,31.75,77.25,0.0
2023-04-03,31.75,77.5,0.0
2023-04-03,32.0,76.5,7.459830284118652
2023-04-03,32.0,76.75,4.973718166351318
2023-04-03,32.0,77.0,0.0
2023-04-03,32.0,77.25,0.0
2023-04-03,32.0,77.5,0.0
2023-04-04,31.5,76.5,6.056997776031494
2023-04-04,31.5,76.75,6.980832576751709
2023-04-04,31.5,77.0,9.845902442932129
2023-04-04,31.5,77.25,11.5683012008667
2023-04-04,31.5,77.5,9.773839950561523
2023-04-04,31.75,76.5,5.237907886505127
2023-04-04,31.75,76.75,6.540695667266846
2023-04-04,31.75,77.0,17.26656150817871
2023-04-04,31.75,77.25,14.468246459960938
2023-04-04,31.75,77.5,11.580705642700195
2023-04-04,32.0,76.5,10.711212158203125
2023-04-04,32.0,76.75,11.150074005126953
2023-04-04,32.0,77.0,20.28087615966797
2023-04-04,32.0,77.25,18.30896759033203
2023-04-04,32.0,77.5,11.29128646850586
2023-04-05,31.5,76.5,3.4782302379608154
2023-04-05,31.5,76.75,2.4500248432159424
2023-04-05,31.5,77.0,2.4607620239257812
2023-04-05,31.5,77.25,0.8585004210472107
2023-04-05,31.5,77.5,4.275774002075195
2023-04-05,31.75,76.5,0.0
2023-04-05,31.75,76.75,1.5655277967453003
2023-04-05,31.75,77.0,2.176720380783081
2023-04-05,31.75,77.25,1.746461272239685
2023-04-05,31.75,77.5,2.431821584701538
2023-04-05,32.0,76.5,19.170059204101562
2023-04-05,32.0,76.75,9.29356575012207
2023-04-05,32.0,77.0,4.502762794494629
2023-04-05,32.0,77.25,6.30733585357666
2023-04-05,32.0,77.5,3.1552443504333496
2023-04-06,31.5,76.5,0.0
2023-04-06,31.5,76.75,0.0
2023-04-06,31.5,77.0,0.0
2023-04-06,31.5,77.25,0.0
2023-04-06,31.5,77.5,0.0
2023-04-06,31.75,76.5,0.0
2023-04-06,31.75,76.75,0.0
2023-04-06,31.75,77.0,0.0
2023-04-06,31.75,77.25,0.0
2023-04-06,31.75,77.5,0.0
2023-04-06,32.0,76.5,0.0
2023-04-06,32.0,76.75,0.0
2023-04-06,32.0,77.0,0.0
2023-04-06,32.0,77.25,0.0
2023-04-06,32.0,77.5,0.0
2023-04-07,31.5,76.5,0.0
2023-04-07,31.5,76.75,0.0
2023-04-07,31.5,77.0,0.9339888691902161
2023-04-07,31.5,77.25,0.0
2023-04-07,31.5,77.5,0.0
2023-04-07,31.75,76.5,0.0
2023-04-07,31.75,76.75,0.16539135575294495
2023-04-07,31.75,77.0,0.12669025361537933
2023-04-07,31.75,77.25,0.0
2023-04-07,31.75,77.5,0.0
2023-04-07,32.0,76.5,0.0
2023-04-07,32.0,76.75,0.0
2023-04-07,32.0,77.0,0.0
2023-04-07,32.0,77.25,0.0
2023-04-07,32.0,77.5,0.0
2023-04-08,31.5,76.5,0.0
2023-04-08,31.5,76.75,0.0
2023-04-08,31.5,77.0,0.0
2023-04-08,31.5,77.25,0.0
2023-04-08,31.5,77.5,0.0
2023-04-08,31.75,76.5,0.0
2023-04-08,31.75,76.75,0.0
2023-04-08,31.75,77.0,0.0
2023-04-08,31.75,77.25,0.0
2023-04-08,31.75,77.5,0.0
2023-04-08,32.0,76.5,0.0
2023-04-08,32.0,76.75,0.0
2023-04-08,32.0,77.0,0.0
2023-04-08,32.0,77.25,0.0
2023-04-08,32.0,77.5,0.0
2023-04-09,31.5,76.5,0.0
2023-04-09,31.5,76.75,0.0
2023-04-09,31.5,77.0,0.0
2023-04-09,31.5,77.25,0.0
2023-04-09,31.5,77.5,0.0
2023-04-09,31.75,76.5,0.0
2023-04-09,31.75,76.75,0.0
2023-04-09,31.75,77.0,0.0
2023-04-09,31.75,77.25,0.0
2023-04-09,31.75,77.5,0.0
2023-04-09,32.0,76.5,0.0
2023-04-09,32.0,76.75,0.0
2023-04-09,32.0,77.0,0.0
2023-04-09,32.0,77.25,0.0
2023-04-09,32.0,77.5,0.0
2023-04-10,31.5,76.5,0.0
2023-04-10,31.5,76.75,0.0
2023-04-10,31.5,77.0,0.0
2023-04-10,31.5,77.25,0.0
2023-04-10,31.5,77.5,0.0
2023-04-10,31.75,76.5,0.0
2023-04-10,31.75,76.75,0.0
2023-04-10,31.75,77.0,0.0
2023-04-10,31.75,77.25,0.0
2023-04-10,31.75,77.5,0.0
2023-04-10,32.0,76.5,0.0
2023-04-10,32.0,76.75,0.0
2023-04-10,32.0,77.0,0.0
2023-04-10,32.0,77.25,0.0
2023-04-10,32.0,77.5,0.0
2023-04-11,31.5,76.5,0.0
2023-04-11,31.5,76.75,0.0
2023-04-11,31.5,77.0,0.0
2023-04-11,31.5,77.25,0.0
2023-04-11,31.5,77.5,0.0
2023-04-11,31.75,76.5,0.0
2023-04-11,31.75,76.75,0.0
2023-04-11,31.75,77.0,0.0
2023-04-11,31.75,77.25,0.0
2023-04-11,31.75,77.5,0.0
2023-04-11,32.0,76.5,0.0
2023-04-11,32.0,76.75,0.0
2023-04-11,32.0,77.0,0.0
2023-04-11,32.0,77.25,0.0
2023-04-11,32.0,77.5,0.0
2023-04-12,31.5,76.5,0.0
2023-04-12,31.5,76.75,0.0
2023-04-12,31.5,77.0,0.0
2023-04-12,31.5,77.25,0.0
2023-04-12,31.5,77.5,0.0
2023-04-12,31.75,76.5,0.0
2023-04-12,31.75,76.75,0.0
2023-04-12,31.75,77.0,0.0
2023-04-12,31.75,77.25,0.0
2023-04-12,31.75,77.5,0.0
2023-04-12,32.0,76.5,0.0
2023-04-12,32.0,76.75,0.0
2023-04-12,32.0,77.0,0.0
2023-04-12,32.0,77.25,0.0
2023-04-12,32.0,77.5,0.0
2023-04-13,31.5,76.5,0.0
2023-04-13,31.5,76.75,0.0
2023-04-13,31.5,77.0,0.0
2023-04-13,31.5,77.25,0.0
2023-04-13,31.5,77.5,0.0
2023-04-13,31.75,76.5,0.0
2023-04-13,31.75,76.75,0.0
2023-04-13,31.75,77.0,0.0
2023-04-13,31.75,77.25,0.0
2023-04-13,31.75,77.5,0.0
2023-04-13,32.0,76.5,0.0
2023-04-13,32.0,76.75,0.0
2023-04-13,32.0,77.0,0.0
2023-04-13,32.0,77.25,0.0
2023-04-13,32.0,77.5,0.0
2023-04-14,31.5,76.5,0.0
2023-04-14,31.5,76.75,0.0
2023-04-14,31.5,77.0,0.0
2023-04-14,31.5,77.25,0.0
2023-04-14,31.5,77.5,0.0
2023-04-14,31.75,76.5,0.0
2023-04-14,31.75,76.75,0.0
2023-04-14,31.75,77.0,0.0
2023-04-14,31.75,77.25,0.0
2023-04-14,31.75,77.5,0.0
2023-04-14,32.0,76.5,0.0
2023-04-14,32.0,76.75,0.0
2023-04-14,32.0,77.0,0.0
2023-04-14,32.0,77.25,0.0
2023-04-14,32.0,77.5,0.0
2023-04-15,31.5,76.5,0.0
2023-04-15,31.5,76.75,0.0
2023-04-15,31.5,77.0,0.0
2023-04-15,31.5,77.25,0.0
2023-04-15,31.5,77.5,0.5750837326049805
2023-04-15,31.75,76.5,0.0
2023-04-15,31.75,76.75,0.0
2023-04-15,31.75,77.0,0.0
2023-04-15,31.75,77.25,0.0
2023-04-15,31.75,77.5,1.1749200820922852
2023-04-15,32.0,76.5,0.0
2023-04-15,32.0,76.75,0.0
2023-04-15,32.0,77.0,0.0
2023-04-15,32.0,77.25,0.0
2023-04-15,32.0,77.5,0.39639201760292053
2023-04-16,31.5,76.5,0.0
2023-04-16,31.5,76.75,0.0
2023-04-16,31.5,77.0,0.0
2023-04-16,31.5,77.25,0.0
2023-04-16,31.5,77.5,0.0
2023-04-16,31.75,76.5,0.0
2023-04-16,31.75,76.75,0.0
2023-04-16,31.75,77.0,0.0
2023-04-16,31.75,77.25,0.6044241786003113
2023-04-16,31.75,77.5,0.0
2023-04-16,32.0,76.5,0.42757540941238403
2023-04-16,32.0,76.75,0.9505702257156372
2023-04-16,32.0,77.0,1.1743688583374023
2023-04-16,32.0,77.25,2.3350820541381836
2023-04-16,32.0,77.5,1.1823652982711792
2023-04-17,31.5,76.5,0.0
2023-04-17,31.5,76.75,0.0
2023-04-17,31.5,77.0,0.0
2023-04-17,31.5,77.25,0.0
2023-04-17,31.5,77.5,0.0
2023-04-17,31.75,76.5,0.0
2023-04-17,31.75,76.75,0.0
2023-04-17,31.75,77.0,0.0
2023-04-17,31.75,77.25,0.0
2023-04-17,31.75,77.5,0.0
2023-04-17,32.0,76.5,0.0
2023-04-17,32.0,76.75,0.0
2023-04-17,32.0,77.0,0.0
2023-04-17,32.0,77.25,0.0
2023-04-17,32.0,77.5,0.0
2023-04-18,31.5,76.5,0.0
2023-04-18,31.5,76.75,0.0
2023-04-18,31.5,77.0,0.0
2023-04-18,31.5,77.25,0.0
2023-04-18,31.5,77.5,0.0
2023-04-18,31.75,76.5,0.0
2023-04-18,31.75,76.75,0.0
2023-04-18,31.75,77.0,0.0
2023-04-18,31.75,77.25,0.0
2023-04-18,31.75,77.5,0.0
2023-04-18,32.0,76.5,0.0
2023-04-18,32.0,76.75,0.0
2023-04-18,32.0,77.0,0.0
2023-04-18,32.0,77.25,0.0
2023-04-18,32.0,77.5,0.0
2023-04-19,31.5,76.5,15.683253288269043
2023-04-19,31.5,76.75,16.676116943359375
2023-04-19,31.5,77.0,6.007176876068115
2023-04-19,31.5,77.25,16.38235092163086
2023-04-19,31.5,77.5,8.745052337646484
2023-04-19,31.75,76.5,3.990447521209717
2023-04-19,31.75,76.75,20.385190963745117
2023-04-19,31.75,77.0,31.61311912536621
2023-04-19,31.75,77.25,26.973186492919922
2023-04-19,31.75,77.5,13.223152160644531
2023-04-19,32.0,76.5,16.239360809326172
2023-04-19,32.0,76.75,30.496295928955078
2023-04-19,32.0,77.0,39.1799430847168
2023-04-19,32.0,77.25,42.9445686340332
2023-04-19,32.0,77.5,23.409502029418945
2023-04-20,31.5,76.5,12.522919654846191
2023-04-20,31.5,76.75,21.003765106201172
2023-04-20,31.5,77.0,21.04345703125
2023-04-20,31.5,77.25,16.214719772338867
2023-04-20,31.5,77.5,24.877588272094727
2023-04-20,31.75,76.5,6.502809047698975
2023-04-20,31.75,76.75,12.423851013183594
2023-04-20,31.75,77.0,26.219484329223633
2023-04-20,31.75,77.25,19.473390579223633
2023-04-20,31.75,77.5,27.867544174194336
2023-04-20,32.0,76.5,27.290674209594727
2023-04-20,32.0,76.75,32.11027145385742
2023-04-20,32.0,77.0,29.054683685302734
2023-04-20,32.0,77.25,28.777095794677734
2023-04-20,32.0,77.5,24.004886627197266
2023-04-21,31.5,76.5,5.122971534729004
2023-04-21,31.5,76.75,9.801993370056152
2023-04-21,31.5,77.0,17.146913528442383
2023-04-21,31.5,77.25,12.163887977600098
2023-04-21,31.5,77.5,25.17901611328125
2023-04-21,31.75,76.5,2.487022876739502
2023-04-21,31.75,76.75,20.970104217529297
2023-04-21,31.75,77.0,36.31980514526367
2023-04-21,31.75,77.25,19.643482208251953
2023-04-21,31.75,77.5,22.793500900268555
2023-04-21,32.0,76.5,6.8805036544799805
2023-04-21,32.0,76.75,14.985065460205078
2023-04-21,32.0,77.0,42.537689208984375
2023-04-21,32.0,77.25,43.52201843261719
2023-04-21,32.0,77.5,23.008920669555664
2023-04-22,31.5,76.5,0.0
2023-04-22,31.5,76.75,0.0
2023-04-22,31.5,77.0,0.0
2023-04-22,31.5,77.25,0.0
2023-04-22,31.5,77.5,3.6568081378936768
2023-04-22,31.75,76.5,0.0
2023-04-22,31.75,76.75,0.0
2023-04-22,31.75,77.0,0.8082813620567322
2023-04-22,31.75,77.25,0.9417583346366882
2023-04-22,31.75,77.5,3.2343108654022217
2023-04-22,32.0,76.5,0.05862506851553917
2023-04-22,32.0,76.75,0.0886649563908577
2023-04-22,32.0,77.0,3.027693510055542
2023-04-22,32.0,77.25,3.982642889022827
2023-04-22,32.0,77.5,2.071977138519287
2023-04-23,31.5,76.5,0.0
2023-04-23,31.5,76.75,0.0
2023-04-23,31.5,77.0,0.0
2023-04-23,31.5,77.25,0.0
2023-04-23,31.5,77.5,0.0
2023-04-23,31.75,76.5,0.0
2023-04-23,31.75,76.75,0.0
2023-04-23,31.75,77.0,0.0
2023-04-23,31.75,77.25,0.0
2023-04-23,31.75,77.5,0.0
2023-04-23,32.0,76.5,0.10887512564659119
2023-04-23,32.0,76.75,0.0
2023-04-23,32.0,77.0,0.1825360655784607
2023-04-23,32.0,77.25,0.1261645406484604
2023-04-23,32.0,77.5,0.0
2023-04-24,31.5,76.5,0.0
2023-04-24,31.5,76.75,0.0
2023-04-24,31.5,77.0,0.0
2023-04-24,31.5,77.25,0.0
2023-04-24,31.5,77.5,0.0
2023-04-24,31.75,76.5,0.0
2023-04-24,31.75,76.75,0.0
2023-04-24,31.75,77.0,0.0
2023-04-24,31.75,77.25,0.0
2023-04-24,31.75,77.5,0.0
2023-04-24,32.0,76.5,0.0
2023-04-24,32.0,76.75,0.0
2023-04-24,32.0,77.0,0.0
2023-04-24,32.0,77.25,0.0
2023-04-24,32.0,77.5,0.0
2023-04-25,31.5,76.5,0.0
2023-04-25,31.5,76.75,0.0
2023-04-25,31.5,77.0,0.0
2023-04-25,31.5,77.25,0.0
2023-04-25,31.5,77.5,0.0
2023-04-25,31.75,76.5,0.0
2023-04-25,31.75,76.75,0.0
2023-04-25,31.75,77.0,0.0
2023-04-25,31.75,77.25,0.0
2023-04-25,31.75,77.5,0.0
2023-04-25,32.0,76.5,0.0
2023-04-25,32.0,76.75,0.0
2023-04-25,32.0,77.0,0.0
2023-04-25,32.0,77.25,0.0
2023-04-25,32.0,77.5,0.0
2023-04-26,31.5,76.5,0.0
2023-04-26,31.5,76.75,0.0
2023-04-26,31.5,77.0,3.5645034313201904
2023-04-26,31.5,77.25,3.3279969692230225
2023-04-26,31.5,77.5,0.0847574919462204
2023-04-26,31.75,76.5,0.0
2023-04-26,31.75,76.75,12.262152671813965
2023-04-26,31.75,77.0,0.8051196932792664
2023-04-26,31.75,77.25,2.650663375854492
2023-04-26,31.75,77.5,1.4833523035049438
2023-04-26,32.0,76.5,0.0
2023-04-26,32.0,76.75,2.9905622005462646
2023-04-26,32.0,77.0,0.0
2023-04-26,32.0,77.25,0.0
2023-04-26,32.0,77.5,0.9160298705101013
2023-04-27,31.5,76.5,2.0032455921173096
2023-04-27,31.5,76.75,10.286808013916016
2023-04-27,31.5,77.0,8.988921165466309
2023-04-27,31.5,77.25,6.944744110107422
2023-04-27,31.5,77.5,5.974231719970703
2023-04-27,31.75,76.5,3.940624713897705
2023-04-27,31.75,76.75,14.790170669555664
2023-04-27,31.75,77.0,9.763922691345215
2023-04-27,31.75,77.25,7.3435893058776855
2023-04-27,31.75,77.5,8.05508804321289
2023-04-27,32.0,76.5,9.675069808959961
2023-04-27,32.0,76.75,9.760260581970215
2023-04-27,32.0,77.0,6.6569132804870605
2023-04-27,32.0,77.25,6.57834005355835
2023-04-27,32.0,77.5,5.795078277587891
2023-04-28,31.5,76.5,0.0
2023-04-28,31.5,76.75,1.1547859907150269
2023-04-28,31.5,77.0,6.242287635803223
2023-04-28,31.5,77.25,19.969844818115234
2023-04-28,31.5,77.5,10.731592178344727
2023-04-28,31.75,76.5,4.8468732833862305
2023-04-28,31.75,76.75,8.587029457092285
2023-04-28,31.75,77.0,11.287731170654297
2023-04-28,31.75,77.25,22.11954689025879
2023-04-28,31.75,77.5,15.318380355834961
2023-04-28,32.0,76.5,9.396824836730957
2023-04-28,32.0,76.75,10.854762077331543
2023-04-28,32.0,77.0,13.612517356872559
2023-04-28,32.0,77.25,13.872105598449707
2023-04-28,32.0,77.5,13.111595153808594
2023-04-29,31.5,76.5,0.05267295986413956
2023-04-29,31.5,76.75,0.0
2023-04-29,31.5,77.0,0.0
2023-04-29,31.5,77.25,0.0
2023-04-29,31.5,77.5,0.0
2023-04-29,31.75,76.5,0.0
2023-04-29,31.75,76.75,0.0
2023-04-29,31.75,77.0,0.0
2023-04-29,31.75,77.25,0.0
2023-04-29,31.75,77.5,0.0
2023-04-29,32.0,76.5,0.0
2023-04-29,32.0,76.75,0.0
2023-04-29,32.0,77.0,0.0
2023-04-29,32.0,77.25,0.0
2023-04-29,32.0,77.5,0.0
2023-04-30,31.5,76.5,4.340468406677246
2023-04-30,31.5,76.75,0.7626590728759766
2023-04-30,31.5,77.0,0.42458513379096985
2023-04-30,31.5,77.25,1.731850028038025
2023-04-30,31.5,77.5,2.7344539165496826
2023-04-30,31.75,76.5,0.8214879631996155
2023-04-30,31.75,76.75,14.05599594116211
2023-04-30,31.75,77.0,7.59311580657959
2023-04-30,31.75,77.25,2.7928123474121094
2023-04-30,31.75,77.5,2.9041106700897217
2023-04-30,32.0,76.5,0.648723840713501
2023-04-30,32.0,76.75,7.416988372802734
2023-04-30,32.0,77.0,4.938578128814697
2023-04-30,32.0,77.25,2.4864614009857178
2023-04-30,32.0,77.5,2.105607271194458
2023-05-01,31.5,76.5,16.97896385192871
2023-05-01,31.5,76.75,1.3630667924880981
2023-05-01,31.5,77.0,2.549121856689453
2023-05-01,31.5,77.25,2.7902896404266357
2023-05-01,31.5,77.5,4.506502628326416
2023-05-01,31.75,76.5,10.768824577331543
2023-05-01,31.75,76.75,8.436698913574219
2023-05-01,31.75,77.0,2.0582385063171387
2023-05-01,31.75,77.25,1.9788082838058472
2023-05-01,31.75,77.5,2.815208911895752
2023-05-01,32.0,76.5,12.584257125854492
2023-05-01,32.0,76.75,11.129840850830078
2023-05-01,32.0,77.0,0.10694767534732819
2023-05-01,32.0,77.25,0.09509947896003723
2023-05-01,32.0,77.5,0.8319218754768372
2023-05-02,31.5,76.5,4.228957176208496
2023-05-02,31.5,76.75,1.5942121744155884
2023-05-02,31.5,77.0,3.610017776489258
2023-05-02,31.5,77.25,7.055942058563232
2023-05-02,31.5,77.5,3.4515886306762695
2023-05-02,31.75,76.5,3.1634521484375
2023-05-02,31.75,76.75,6.412967205047607
2023-05-02,31.75,77.0,4.185377597808838
2023-05-02,31.75,77.25,7.571035861968994
2023-05-02,31.75,77.5,6.075459957122803
2023-05-02,32.0,76.5,17.94110870361328
2023-05-02,32.0,76.75,27.403181076049805
2023-05-02,32.0,77.0,12.379314422607422
2023-05-02,32.0,77.25,16.718053817749023
2023-05-02,32.0,77.5,7.750759601593018
2023-05-03,31.5,76.5,18.37976837158203
2023-05-03,31.5,76.75,9.225625991821289
2023-05-03,31.5,77.0,8.938889503479004
2023-05-03,31.5,77.25,19.382043838500977
2023-05-03,31.5,77.5,4.429935932159424
2023-05-03,31.75,76.5,12.29967212677002
2023-05-03,31.75,76.75,15.206515312194824
2023-05-03,31.75,77.0,16.519325256347656
2023-05-03,31.75,77.25,22.394262313842773
2023-05-03,31.75,77.5,13.755005836486816
2023-05-03,32.0,76.5,33.87773895263672
2023-05-03,32.0,76.75,29.648897171020508
2023-05-03,32.0,77.0,30.97624969482422
2023-05-03,32.0,77.25,39.41059494018555
2023-05-03,32.0,77.5,11.514409065246582
2023-05-04,31.5,76.5,3.022350311279297
2023-05-04,31.5,76.75,6.452839374542236
2023-05-04,31.5,77.0,11.291397094726562
2023-05-04,31.5,77.25,12.462705612182617
2023-05-04,31.5,77.5,15.484625816345215
2023-05-04,31.75,76.5,0.9289773106575012
2023-05-04,31.75,76.75,7.410025119781494
2023-05-04,31.75,77.0,9.922606468200684
2023-05-04,31.75,77.25,12.526763916015625
2023-05-04,31.75,77.5,11.794963836669922
2023-05-04,32.0,76.5,1.5264384746551514
2023-05-04,32.0,76.75,2.962512731552124
2023-05-04,32.0,77.0,13.26396369934082
2023-05-04,32.0,77.25,15.575525283813477
2023-05-04,32.0,77.5,9.786030769348145
2023-05-05,31.5,76.5,0.19350680708885193
2023-05-05,31.5,76.75,0.10684626549482346
2023-05-05,31.5,77.0,0.271903932094574
2023-05-05,31.5,77.25,0.05067651346325874
2023-05-05,31.5,77.5,0.7310474514961243
2023-05-05,31.75,76.5,0.0
2023-05-05,31.75,76.75,1.157739520072937
2023-05-05,31.75,77.0,1.0109601020812988
2023-05-05,31.75,77.25,0.0
2023-05-05,31.75,77.5,0.2256309539079666
2023-05-05,32.0,76.5,1.2800326347351074
2023-05-05,32.0,76.75,0.520268976688385
2023-05-05,32.0,77.0,0.0
2023-05-05,32.0,77.25,0.0
2023-05-05,32.0,77.5,0.0
2023-05-06,31.5,76.5,0.0
2023-05-06,31.5,76.75,0.0
2023-05-06,31.5,77.0,0.0
2023-05-06,31.5,77.25,0.0
2023-05-06,31.5,77.5,0.22779405117034912
2023-05-06,31.75,76.5,0.0
2023-05-06,31.75,76.75,0.0
2023-05-06,31.75,77.0,0.0
2023-05-06,31.75,77.25,0.0
2023-05-06,31.75,77.5,0.2937300205230713
2023-05-06,32.0,76.5,0.016750020906329155
2023-05-06,32.0,76.75,0.0
2023-05-06,32.0,77.0,0.0
2023-05-06,32.0,77.25,0.0
2023-05-06,32.0,77.5,0.09909800440073013
2023-05-07,31.5,76.5,4.113641738891602
2023-05-07,31.5,76.75,1.843218207359314
2023-05-07,31.5,77.0,1.015026330947876
2023-05-07,31.5,77.25,11.141645431518555
2023-05-07,31.5,77.5,0.9781691431999207
2023-05-07,31.75,76.5,0.03430540859699249
2023-05-07,31.75,76.75,8.452753067016602
2023-05-07,31.75,77.0,6.580930233001709
2023-05-07,31.75,77.25,13.65006160736084
2023-05-07,31.75,77.5,6.355797290802002
2023-05-07,32.0,76.5,9.545425415039062
2023-05-07,32.0,76.75,13.25275707244873
2023-05-07,32.0,77.0,8.276938438415527
2023-05-07,32.0,77.25,9.815146446228027
2023-05-07,32.0,77.5,8.406448364257812
2023-05-08,31.5,76.5,0.31483593583106995
2023-05-08,31.5,76.75,0.08133098483085632
2023-05-08,31.5,77.0,11.584636688232422
2023-05-08,31.5,77.25,9.741020202636719
2023-05-08,31.5,77.5,3.6493167877197266
2023-05-08,31.75,76.5,0.0
2023-05-08,31.75,76.75,0.0
2023-05-08,31.75,77.0,2.291656732559204
2023-05-08,31.75,77.25,8.13104248046875
2023-05-08,31.75,77.5,5.937603950500488
2023-05-08,32.0,76.5,0.11725013703107834
2023-05-08,32.0,76.75,0.2659948766231537
2023-05-08,32.0,77.0,3.745357036590576
2023-05-08,32.0,77.25,3.621072292327881
2023-05-08,32.0,77.5,4.03288459777832
2023-05-09,31.5,76.5,1.7505131959915161
2023-05-09,31.5,76.75,3.136263370513916
2023-05-09,31.5,77.0,4.594787120819092
2023-05-09,31.5,77.25,9.345048904418945
2023-05-09,31.5,77.5,11.744474411010742
2023-05-09,31.75,76.5,2.8761072158813477
2023-05-09,31.75,76.75,5.574951171875
2023-05-09,31.75,77.0,8.692776679992676
2023-05-09,31.75,77.25,9.484723091125488
2023-05-09,31.75,77.5,11.616870880126953
2023-05-09,32.0,76.5,3.5486207008361816
2023-05-09,32.0,76.75,5.5124735832214355
2023-05-09,32.0,77.0,9.255104064941406
2023-05-09,32.0,77.25,7.610889911651611
2023-05-09,32.0,77.5,11.773343086242676
2023-05-10,31.5,76.5,0.0
2023-05-10,31.5,76.75,0.08133098483085632
2023-05-10,31.5,77.0,0.0
2023-05-10,31.5,77.25,0.1596217006444931
2023-05-10,31.5,77.5,0.8373190760612488
2023-05-10,31.75,76.5,0.0
2023-05-10,31.75,76.75,0.011197657324373722
2023-05-10,31.75,77.0,0.6874969601631165
2023-05-10,31.75,77.25,0.12227347493171692
2023-05-10,31.75,77.5,0.533073902130127
2023-05-10,32.0,76.5,0.0
2023-05-10,32.0,76.75,0.07979846000671387
2023-05-10,32.0,77.0,0.44075241684913635
2023-05-10,32.0,77.25,0.11689875274896622
2023-05-10,32.0,77.5,0.0
2023-05-11,31.5,76.5,0.0
2023-05-11,31.5,76.75,0.0
2023-05-11,31.5,77.0,0.0
2023-05-11,31.5,77.25,0.0
2023-05-11,31.5,77.5,0.0
2023-05-11,31.75,76.5,0.0
2023-05-11,31.75,76.75,0.0
2023-05-11,31.75,77.0,0.0
2023-05-11,31.75,77.25,0.0
2023-05-11,31.75,77.5,0.0
2023-05-11,32.0,76.5,0.0
2023-05-11,32.0,76.75,0.0
2023-05-11,32.0,77.0,0.0
2023-05-11,32.0,77.25,0.0
2023-05-11,32.0,77.5,0.0
2023-05-12,31.5,76.5,0.0
2023-05-12,31.5,76.75,0.0
2023-05-12,31.5,77.0,0.0
2023-05-12,31.5,77.25,0.0
2023-05-12,31.5,77.5,0.0
2023-05-12,31.75,76.5,0.0
2023-05-12,31.75,76.75,0.0
2023-05-12,31.75,77.0,0.0
2023-05-12,31.75,77.25,0.0
2023-05-12,31.75,77.5,0.0
2023-05-12,32.0,76.5,0.0
2023-05-12,32.0,76.75,0.0
2023-05-12,32.0,77.0,0.0
2023-05-12,32.0,77.25,0.0
2023-05-12,32.0,77.5,0.0
2023-05-13,31.5,76.5,0.0
2023-05-13,31.5,76.75,0.0
2023-05-13,31.5,77.0,0.0
2023-05-13,31.5,77.25,0.0
2023-05-13,31.5,77.5,0.0
2023-05-13,31.75,76.5,0.0
2023-05-13,31.75,76.75,0.0
2023-05-13,31.75,77.0,0.0
2023-05-13,31.75,77.25,0.0
2023-05-13,31.75,77.5,0.0
2023-05-13,32.0,76.5,0.0
2023-05-13,32.0,76.75,0.0
2023-05-13,32.0,77.0,0.0
2023-05-13,32.0,77.25,0.0
2023-05-13,32.0,77.5,0.0
2023-05-14,31.5,76.5,0.09675340354442596
2023-05-14,31.5,76.75,3.4716203212738037
2023-05-14,31.5,77.0,0.03382306173443794
2023-05-14,31.5,77.25,0.0
2023-05-14,31.5,77.5,0.0
2023-05-14,31.75,76.5,0.0
2023-05-14,31.75,76.75,3.500483751296997
2023-05-14,31.75,77.0,0.3285430371761322
2023-05-14,31.75,77.25,0.0
2023-05-14,31.75,77.5,0.15372146666049957
2023-05-14,32.0,76.5,0.0
2023-05-14,32.0,76.75,0.7036616802215576
2023-05-14,32.0,77.0,0.0
2023-05-14,32.0,77.25,0.0
2023-05-14,32.0,77.5,0.0
2023-05-15,31.5,76.5,0.0
2023-05-15,31.5,76.75,0.21427345275878906
2023-05-15,31.5,77.0,0.7798632979393005
2023-05-15,31.5,77.25,0.387821763753891
2023-05-15,31.5,77.5,0.7560088634490967
2023-05-15,31.75,76.5,0.0
2023-05-15,31.75,76.75,1.0434173345565796
2023-05-15,31.75,77.0,0.15764199197292328
2023-05-15,31.75,77.25,0.4673687815666199
2023-05-15,31.75,77.5,0.43417036533355713
2023-05-15,32.0,76.5,0.0
2023-05-15,32.0,76.75,0.24628160893917084
2023-05-15,32.0,77.0,0.7829126119613647
2023-05-15,32.0,77.25,1.5567214488983154
2023-05-15,32.0,77.5,0.7882435321807861
2023-05-16,31.5,76.5,0.0
2023-05-16,31.5,76.75,0.0
2023-05-16,31.5,77.0,0.0
2023-05-16,31.5,77.25,0.0
2023-05-16,31.5,77.5,0.0
2023-05-16,31.75,76.5,0.0
2023-05-16,31.75,76.75,0.0
2023-05-16,31.75,77.0,0.7638855576515198
2023-05-16,31.75,77.25,0.135859414935112
2023-05-16,31.75,77.5,0.0
2023-05-16,32.0,76.5,0.0
2023-05-16,32.0,76.75,0.0886649563908577
2023-05-16,32.0,77.0,0.48972490429878235
2023-05-16,32.0,77.25,0.12988750636577606
2023-05-16,32.0,77.5,0.0
2023-05-17,31.5,76.5,0.0
2023-05-17,31.5,76.75,0.0
2023-05-17,31.5,77.0,0.0
2023-05-17,31.5,77.25,0.0
2023-05-17,31.5,77.5,0.0
2023-05-17,31.75,76.5,0.0
2023-05-17,31.75,76.75,0.0
2023-05-17,31.75,77.0,0.0
2023-05-17,31.75,77.25,0.0
2023-05-17,31.75,77.5,0.0
2023-05-17,32.0,76.5,0.0
2023-05-17,32.0,76.75,0.0
2023-05-17,32.0,77.0,0.0
2023-05-17,32.0,77.25,0.0
2023-05-17,32.0,77.5,0.0
2023-05-18,31.5,76.5,1.0883322954177856
2023-05-18,31.5,76.75,0.025515280663967133
2023-05-18,31.5,77.0,10.847737312316895
2023-05-18,31.5,77.25,2.2858777046203613
2023-05-18,31.5,77.5,0.0
2023-05-18,31.75,76.5,0.0
2023-05-18,31.75,76.75,0.1656460016965866
2023-05-18,31.75,77.0,0.2508185803890228
2023-05-18,31.75,77.25,0.7730317115783691
2023-05-18,31.75,77.5,0.0
2023-05-18,32.0,76.5,0.06700008362531662
2023-05-18,32.0,76.75,0.0
2023-05-18,32.0,77.0,0.0
2023-05-18,32.0,77.25,0.0
2023-05-18,32.0,77.5,0.0
2023-05-19,31.5,76.5,0.0
2023-05-19,31.5,76.75,0.0
2023-05-19,31.5,77.0,0.0
2023-05-19,31.5,77.25,0.0
2023-05-19,31.5,77.5,0.45558810234069824
2023-05-19,31.75,76.5,0.0
2023-05-19,31.75,76.75,0.0
2023-05-19,31.75,77.0,0.0
2023-05-19,31.75,77.25,0.0
2023-05-19,31.75,77.5,0.5874600410461426
2023-05-19,32.0,76.5,0.0
2023-05-19,32.0,76.75,0.0
2023-05-19,32.0,77.0,0.30864110589027405
2023-05-19,32.0,77.25,0.20047330856323242
2023-05-19,32.0,77.5,0.19819600880146027
2023-05-20,31.5,76.5,0.0
2023-05-20,31.5,76.75,0.0
2023-05-20,31.5,77.0,0.0
2023-05-20,31.5,77.25,0.0
2023-05-20,31.5,77.5,0.45558810234069824
2023-05-20,31.75,76.5,0.0
2023-05-20,31.75,76.75,0.0
2023-05-20,31.75,77.0,0.0
2023-05-20,31.75,77.25,0.0
2023-05-20,31.75,77.5,0.5874600410461426
2023-05-20,32.0,76.5,0.0
2023-05-20,32.0,76.75,0.0
2023-05-20,32.0,77.0,0.0
2023-05-20,32.0,77.25,0.0
2023-05-20,32.0,77.5,0.19819600880146027
2023-05-21,31.5,76.5,0.0
2023-05-21,31.5,76.75,0.0
2023-05-21,31.5,77.0,0.0
2023-05-21,31.5,77.25,0.0
2023-05-21,31.5,77.5,0.0
2023-05-21,31.75,76.5,0.0
2023-05-21,31.75,76.75,0.0
2023-05-21,31.75,77.0,0.0
2023-05-21,31.75,77.25,0.0
2023-05-21,31.75,77.5,0.0
2023-05-21,32.0,76.5,0.0
2023-05-21,32.0,76.75,0.0
2023-05-21,32.0,77.0,0.0
2023-05-21,32.0,77.25,0.0
2023-05-21,32.0,77.5,0.0
2023-05-22,31.5,76.5,0.0
2023-05-22,31.5,76.75,0.0
2023-05-22,31.5,77.0,0.0
2023-05-22,31.5,77.25,0.0
2023-05-22,31.5,77.5,0.0
2023-05-22,31.75,76.5,0.0
2023-05-22,31.75,76.75,0.0
2023-05-22,31.75,77.0,0.0
2023-05-22,31.75,77.25,0.0
2023-05-22,31.75,77.5,0.0
2023-05-22,32.0,76.5,0.0
2023-05-22,32.0,76.75,0.0
2023-05-22,32.0,77.0,0.0
2023-05-22,32.0,77.25,0.0
2023-05-22,32.0,77.5,0.0
2023-05-23,31.5,76.5,0.0
2023-05-23,31.5,76.75,0.0
2023-05-23,31.5,77.0,0.0
2023-05-23,31.5,77.25,0.0
2023-05-23,31.5,77.5,0.0
2023-05-23,31.75,76.5,0.0
2023-05-23,31.75,76.75,0.0
2023-05-23,31.75,77.0,0.0
2023-05-23,31.75,77.25,0.0
2023-05-23,31.75,77.5,0.0
2023-05-23,32.0,76.5,0.0
2023-05-23,32.0,76.75,0.0
2023-05-23,32.0,77.0,0.0
2023-05-23,32.0,77.25,0.0
2023-05-23,32.0,77.5,0.0
2023-05-24,31.5,76.5,2.3568191528320312
2023-05-24,31.5,76.75,4.06097936630249
2023-05-24,31.5,77.0,7.53179407119751
2023-05-24,31.5,77.25,4.768057346343994
2023-05-24,31.5,77.5,1.1892759799957275
2023-05-24,31.75,76.5,2.7099153995513916
2023-05-24,31.75,76.75,17.1560001373291
2023-05-24,31.75,77.0,6.506940841674805
2023-05-24,31.75,77.25,7.020270347595215
2023-05-24,31.75,77.5,2.9759697914123535
2023-05-24,32.0,76.5,8.754364967346191
2023-05-24,32.0,76.75,11.45120620727539
2023-05-24,32.0,77.0,8.960204124450684
2023-05-24,32.0,77.25,11.216980934143066
2023-05-24,32.0,77.5,6.334695816040039
2023-05-25,31.5,76.5,19.860958099365234
2023-05-25,31.5,76.75,40.433773040771484
2023-05-25,31.5,77.0,29.64892578125
2023-05-25,31.5,77.25,25.904537200927734
2023-05-25,31.5,77.5,29.39398765563965
2023-05-25,31.75,76.5,28.7532958984375
2023-05-25,31.75,76.75,30.855823516845703
2023-05-25,31.75,77.0,26.40773582458496
2023-05-25,31.75,77.25,21.393468856811523
2023-05-25,31.75,77.5,22.038803100585938
2023-05-25,32.0,76.5,19.392427444458008
2023-05-25,32.0,76.75,17.38020133972168
2023-05-25,32.0,77.0,25.499107360839844
2023-05-25,32.0,77.25,26.39903450012207
2023-05-25,32.0,77.5,17.878992080688477
2023-05-26,31.5,76.5,10.398563385009766
2023-05-26,31.5,76.75,10.463412284851074
2023-05-26,31.5,77.0,9.026907920837402
2023-05-26,31.5,77.25,16.622867584228516
2023-05-26,31.5,77.5,8.662919044494629
2023-05-26,31.75,76.5,4.7699666023254395
2023-05-26,31.75,76.75,9.402687072753906
2023-05-26,31.75,77.0,4.624438285827637
2023-05-26,31.75,77.25,16.61775779724121
2023-05-26,31.75,77.5,9.26044750213623
2023-05-26,32.0,76.5,4.384037494659424
2023-05-26,32.0,76.75,5.349481582641602
2023-05-26,32.0,77.0,6.0625410079956055
2023-05-26,32.0,77.25,9.624054908752441
2023-05-26,32.0,77.5,6.535251617431641
2023-05-27,31.5,76.5,0.0
2023-05-27,31.5,76.75,0.0
2023-05-27,31.5,77.0,0.0
2023-05-27,31.5,77.25,8.697188377380371
2023-05-27,31.5,77.5,2.5099658966064453
2023-05-27,31.75,76.5,0.0
2023-05-27,31.75,76.75,0.0
2023-05-27,31.75,77.0,3.3610968589782715
2023-05-27,31.75,77.25,9.983573913574219
2023-05-27,31.75,77.5,4.8141937255859375
2023-05-27,32.0,76.5,2.2216272354125977
2023-05-27,32.0,76.75,5.142976760864258
2023-05-27,32.0,77.0,4.643336772918701
2023-05-27,32.0,77.25,6.967334747314453
2023-05-27,32.0,77.5,5.089282035827637
2023-05-28,31.5,76.5,0.0
2023-05-28,31.5,76.75,2.8465845584869385
2023-05-28,31.5,77.0,0.5306136012077332
2023-05-28,31.5,77.25,0.15679074823856354
2023-05-28,31.5,77.5,0.1711709350347519
2023-05-28,31.75,76.5,0.0
2023-05-28,31.75,76.75,18.64922332763672
2023-05-28,31.75,77.0,3.9782934188842773
2023-05-28,31.75,77.25,0.0
2023-05-28,31.75,77.5,0.05753424018621445
2023-05-28,32.0,76.5,2.9832282066345215
2023-05-28,32.0,76.75,4.998948097229004
2023-05-28,32.0,77.0,1.0628942251205444
2023-05-28,32.0,77.25,0.0
2023-05-28,32.0,77.5,0.0
2023-05-29,31.5,76.5,0.0
2023-05-29,31.5,76.75,0.0
2023-05-29,31.5,77.0,0.0
2023-05-29,31.5,77.25,0.0
2023-05-29,31.5,77.5,0.0
2023-05-29,31.75,76.5,0.0
2023-05-29,31.75,76.75,0.0
2023-05-29,31.75,77.0,0.0
2023-05-29,31.75,77.25,0.0
2023-05-29,31.75,77.5,0.0
2023-05-29,32.0,76.5,0.0
2023-05-29,32.0,76.75,0.0
2023-05-29,32.0,77.0,0.0
2023-05-29,32.0,77.25,0.0
2023-05-29,32.0,77.5,0.0
2023-05-30,31.5,76.5,9.493402481079102
2023-05-30,31.5,76.75,8.791031837463379
2023-05-30,31.5,77.0,20.553316116333008
2023-05-30,31.5,77.25,17.560224533081055
2023-05-30,31.5,77.5,12.411371231079102
2023-05-30,31.75,76.5,5.420890808105469
2023-05-30,31.75,76.75,26.685625076293945
2023-05-30,31.75,77.0,17.831125259399414
2023-05-30,31.75,77.25,15.2068452835083
2023-05-30,31.75,77.5,13.175670623779297
2023-05-30,32.0,76.5,9.181232452392578
2023-05-30,32.0,76.75,15.550252914428711
2023-05-30,32.0,77.0,14.498631477355957
2023-05-30,32.0,77.25,11.10257339477539
2023-05-30,32.0,77.5,8.30972671508789
2023-05-31,31.5,76.5,16.40753173828125
2023-05-31,31.5,76.75,9.13082504272461
2023-05-31,31.5,77.0,2.735990047454834
2023-05-31,31.5,77.25,6.096583843231201
2023-05-31,31.5,77.5,4.611982345581055
2023-05-31,31.75,76.5,2.629460573196411
2023-05-31,31.75,76.75,3.009377956390381
2023-05-31,31.75,77.0,0.9325320720672607
2023-05-31,31.75,77.25,5.022716045379639
2023-05-31,31.75,77.5,7.867347717285156
2023-05-31,32.0,76.5,4.857767105102539
2023-05-31,32.0,76.75,3.6591928005218506
2023-05-31,32.0,77.0,1.9349110126495361
2023-05-31,32.0,77.25,3.6117095947265625
2023-05-31,32.0,77.5,5.503307342529297
2023-06-01,31.5,76.5,41.30324935913086
2023-06-01,31.5,76.75,23.799488067626953
2023-06-01,31.5,77.0,32.42822265625
2023-06-01,31.5,77.25,24.639482498168945
2023-06-01,31.5,77.5,37.44065856933594
2023-06-01,31.75,76.5,37.20045471191406
2023-06-01,31.75,76.75,21.186918258666992
2023-06-01,31.75,77.0,22.190441131591797
2023-06-01,31.75,77.25,18.83888053894043
2023-06-01,31.75,77.5,27.691089630126953
2023-06-01,32.0,76.5,22.666757583618164
2023-06-01,32.0,76.75,21.5518798828125
2023-06-01,32.0,77.0,18.150882720947266
2023-06-01,32.0,77.25,13.558753967285156
2023-06-01,32.0,77.5,20.069190979003906
2023-06-02,31.5,76.5,10.806800842285156
2023-06-02,31.5,76.75,4.13273286819458
2023-06-02,31.5,77.0,4.374330997467041
2023-06-02,31.5,77.25,4.778468132019043
2023-06-02,31.5,77.5,9.360608100891113
2023-06-02,31.75,76.5,6.556864261627197
2023-06-02,31.75,76.75,4.876416206359863
2023-06-02,31.75,77.0,6.251073360443115
2023-06-02,31.75,77.25,4.849853515625
2023-06-02,31.75,77.5,7.492295742034912
2023-06-02,32.0,76.5,3.926593542098999
2023-06-02,32.0,76.75,4.124413967132568
2023-06-02,32.0,77.0,6.651063442230225
2023-06-02,32.0,77.25,6.772708415985107
2023-06-02,32.0,77.5,3.834700345993042
2023-06-03,31.5,76.5,0.0
2023-06-03,31.5,76.75,0.2846584618091583
2023-06-03,31.5,77.0,0.5978139638900757
2023-06-03,31.5,77.25,0.24038511514663696
2023-06-03,31.5,77.5,0.24277089536190033
2023-06-03,31.75,76.5,0.0
2023-06-03,31.75,76.75,0.0
2023-06-03,31.75,77.0,0.30555424094200134
2023-06-03,31.75,77.25,0.10587922483682632
2023-06-03,31.75,77.5,0.2937300205230713
2023-06-03,32.0,76.5,0.016750020906329155
2023-06-03,32.0,76.75,0.03546598553657532
2023-06-03,32.0,77.0,0.1438221037387848
2023-06-03,32.0,77.25,0.038559556007385254
2023-06-03,32.0,77.5,0.09909800440073013
2023-06-04,31.5,76.5,0.0
2023-06-04,31.5,76.75,0.0
2023-06-04,31.5,77.0,0.0
2023-06-04,31.5,77.25,0.0
2023-06-04,31.5,77.5,0.6833820939064026
2023-06-04,31.75,76.5,0.0
2023-06-04,31.75,76.75,0.0
2023-06-04,31.75,77.0,0.0
2023-06-04,31.75,77.25,0.0
2023-06-04,31.75,77.5,1.0349115133285522
2023-06-04,32.0,76.5,0.0
2023-06-04,32.0,76.75,0.0
2023-06-04,32.0,77.0,0.0
2023-06-04,32.0,77.25,0.0
2023-06-04,32.0,77.5,0.297294020652771
2023-06-05,31.5,76.5,0.0
2023-06-05,31.5,76.75,0.0
2023-06-05,31.5,77.0,0.0
2023-06-05,31.5,77.25,1.4676038026809692
2023-06-05,31.5,77.5,3.9970102310180664
2023-06-05,31.75,76.5,0.0
2023-06-05,31.75,76.75,0.0
2023-06-05,31.75,77.0,0.0
2023-06-05,31.75,77.25,1.1964930295944214
2023-06-05,31.75,77.5,2.4121649265289307
2023-06-05,32.0,76.5,0.0
2023-06-05,32.0,76.75,0.0
2023-06-05,32.0,77.0,0.0
2023-06-05,32.0,77.25,0.06470996886491776
2023-06-05,32.0,77.5,0.6562109589576721
2023-06-06,31.5,76.5,0.0
2023-06-06,31.5,76.75,0.4903644323348999
2023-06-06,31.5,77.0,1.3272159099578857
2023-06-06,31.5,77.25,12.672895431518555
2023-06-06,31.5,77.5,17.95595932006836
2023-06-06,31.75,76.5,0.0
2023-06-06,31.75,76.75,4.902775287628174
2023-06-06,31.75,77.0,12.698064804077148
2023-06-06,31.75,77.25,12.285757064819336
2023-06-06,31.75,77.5,13.4841947555542
2023-06-06,32.0,76.5,0.42757540941238403
2023-06-06,32.0,76.75,3.354053020477295
2023-06-06,32.0,77.0,10.971776008605957
2023-06-06,32.0,77.25,10.319964408874512
2023-06-06,32.0,77.5,12.288836479187012
2023-06-07,31.5,76.5,0.0
2023-06-07,31.5,76.75,0.06378820538520813
2023-06-07,31.5,77.0,0.30695581436157227
2023-06-07,31.5,77.25,0.8570496439933777
2023-06-07,31.5,77.5,0.7060580253601074
2023-06-07,31.75,76.5,0.0
2023-06-07,31.75,76.75,0.0
2023-06-07,31.75,77.0,0.3103208541870117
2023-06-07,31.75,77.25,2.650817632675171
2023-06-07,31.75,77.5,1.4003633260726929
2023-06-07,32.0,76.5,0.0
2023-06-07,32.0,76.75,0.0
2023-06-07,32.0,77.0,3.8374392986297607
2023-06-07,32.0,77.25,7.251387119293213
2023-06-07,32.0,77.5,4.1650004386901855
2023-06-08,31.5,76.5,0.0
2023-06-08,31.5,76.75,0.0
2023-06-08,31.5,77.0,0.0
2023-06-08,31.5,77.25,0.08799326419830322
2023-06-08,31.5,77.5,0.24277089536190033
2023-06-08,31.75,76.5,0.0
2023-06-08,31.75,76.75,0.0
2023-06-08,31.75,77.0,5.6527533531188965
2023-06-08,31.75,77.25,1.2068344354629517
2023-06-08,31.75,77.5,0.2937300205230713
2023-06-08,32.0,76.5,0.0
2023-06-08,32.0,76.75,0.6561206579208374
2023-06-08,32.0,77.0,4.029461860656738
2023-06-08,32.0,77.25,1.749233365058899
2023-06-08,32.0,77.5,0.4932197630405426
2023-06-09,31.5,76.5,0.0
2023-06-09,31.5,76.75,0.0
2023-06-09,31.5,77.0,0.0
2023-06-09,31.5,77.25,2.2196056842803955
2023-06-09,31.5,77.5,0.44125184416770935
2023-06-09,31.75,76.5,0.0
2023-06-09,31.75,76.75,0.0
2023-06-09,31.75,77.0,0.0
2023-06-09,31.75,77.25,2.1536874771118164
2023-06-09,31.75,77.5,1.922477126121521
2023-06-09,32.0,76.5,0.0
2023-06-09,32.0,76.75,0.0
2023-06-09,32.0,77.0,0.0
2023-06-09,32.0,77.25,0.0
2023-06-09,32.0,77.5,1.02262282371521
2023-06-10,31.5,76.5,0.0
2023-06-10,31.5,76.75,0.0
2023-06-10,31.5,77.0,0.0
2023-06-10,31.5,77.25,0.0
2023-06-10,31.5,77.5,0.0
2023-06-10,31.75,76.5,0.0
2023-06-10,31.75,76.75,0.0
2023-06-10,31.75,77.0,0.0
2023-06-10,31.75,77.25,0.0
2023-06-10,31.75,77.5,0.0
2023-06-10,32.0,76.5,0.0
2023-06-10,32.0,76.75,0.0
2023-06-10,32.0,77.0,0.0
2023-06-10,32.0,77.25,0.0
2023-06-10,32.0,77.5,0.0
2023-06-11,31.5,76.5,15.257216453552246
2023-06-11,31.5,76.75,2.411980390548706
2023-06-11,31.5,77.0,0.5762571692466736
2023-06-11,31.5,77.25,1.836534857749939
2023-06-11,31.5,77.5,0.04859126731753349
2023-06-11,31.75,76.5,4.588414192199707
2023-06-11,31.75,76.75,14.913288116455078
2023-06-11,31.75,77.0,2.9209659099578857
2023-06-11,31.75,77.25,2.1976890563964844
2023-06-11,31.75,77.5,1.1125142574310303
2023-06-11,32.0,76.5,20.42915916442871
2023-06-11,32.0,76.75,21.925756454467773
2023-06-11,32.0,77.0,0.7829126119613647
2023-06-11,32.0,77.25,1.5567214488983154
2023-06-11,32.0,77.5,1.4752659797668457
2023-06-12,31.5,76.5,0.0
2023-06-12,31.5,76.75,0.0
2023-06-12,31.5,77.0,0.0
2023-06-12,31.5,77.25,0.20531761646270752
2023-06-12,31.5,77.5,0.03494599461555481
2023-06-12,31.75,76.5,0.0
2023-06-12,31.75,76.75,0.0
2023-06-12,31.75,77.0,0.0
2023-06-12,31.75,77.25,0.0
2023-06-12,31.75,77.5,0.0
2023-06-12,32.0,76.5,0.0
2023-06-12,32.0,76.75,0.0
2023-06-12,32.0,77.0,0.7257947325706482
2023-06-12,32.0,77.25,1.1853067874908447
2023-06-12,32.0,77.5,0.0
2023-06-13,31.5,76.5,0.0
2023-06-13,31.5,76.75,0.0
2023-06-13,31.5,77.0,0.0
2023-06-13,31.5,77.25,0.0
2023-06-13,31.5,77.5,0.0
2023-06-13,31.75,76.5,0.0
2023-06-13,31.75,76.75,0.0
2023-06-13,31.75,77.0,0.0
2023-06-13,31.75,77.25,0.0
2023-06-13,31.75,77.5,0.24156232178211212
2023-06-13,32.0,76.5,0.0
2023-06-13,32.0,76.75,0.0
2023-06-13,32.0,77.0,0.0
2023-06-13,32.0,77.25,0.0
2023-06-13,32.0,77.5,0.0
2023-06-14,31.5,76.5,7.0524797439575195
2023-06-14,31.5,76.75,4.126364707946777
2023-06-14,31.5,77.0,0.11215648055076599
2023-06-14,31.5,77.25,0.36236852407455444
2023-06-14,31.5,77.5,0.1553182750940323
2023-06-14,31.75,76.5,2.4883391857147217
2023-06-14,31.75,76.75,2.5864832401275635
2023-06-14,31.75,77.0,0.0
2023-06-14,31.75,77.25,0.0808657854795456
2023-06-14,31.75,77.5,0.11425396800041199
2023-06-14,32.0,76.5,11.627772331237793
2023-06-14,32.0,76.75,23.764257431030273
2023-06-14,32.0,77.0,0.2193937450647354
2023-06-14,32.0,77.25,0.36044222116470337
2023-06-14,32.0,77.5,0.0
2023-06-15,31.5,76.5,0.07908375561237335
2023-06-15,31.5,76.75,0.8979673981666565
2023-06-15,31.5,77.0,29.52031707763672
2023-06-15,31.5,77.25,9.245241165161133
2023-06-15,31.5,77.5,2.2492847442626953
2023-06-15,31.75,76.5,1.4960911273956299
2023-06-15,31.75,76.75,13.095547676086426
2023-06-15,31.75,77.0,7.738890171051025
2023-06-15,31.75,77.25,4.899651050567627
2023-06-15,31.75,77.5,2.9196503162384033
2023-06-15,32.0,76.5,12.043302536010742
2023-06-15,32.0,76.75,12.653270721435547
2023-06-15,32.0,77.0,3.713604688644409
2023-06-15,32.0,77.25,1.1964198350906372
2023-06-15,32.0,77.5,1.129215955734253
2023-06-16,31.5,76.5,0.0
2023-06-16,31.5,76.75,0.12199648469686508
2023-06-16,31.5,77.0,0.906848132610321
2023-06-16,31.5,77.25,0.19048981368541718
2023-06-16,31.5,77.5,0.45558810234069824
2023-06-16,31.75,76.5,0.0
2023-06-16,31.75,76.75,0.08269567787647247
2023-06-16,31.75,77.0,0.5980650186538696
2023-06-16,31.75,77.25,0.15952090919017792
2023-06-16,31.75,77.5,0.7905185222625732
2023-06-16,32.0,76.5,0.0
2023-06-16,32.0,76.75,0.06206547096371651
2023-06-16,32.0,77.0,0.342807412147522
2023-06-16,32.0,77.25,0.09092125296592712
2023-06-16,32.0,77.5,0.19819600880146027
2023-06-17,31.5,76.5,0.0
2023-06-17,31.5,76.75,0.0
2023-06-17,31.5,77.0,0.0
2023-06-17,31.5,77.25,0.0
2023-06-17,31.5,77.5,0.0
2023-06-17,31.75,76.5,0.0
2023-06-17,31.75,76.75,0.0
2023-06-17,31.75,77.0,0.0
2023-06-17,31.75,77.25,0.0
2023-06-17,31.75,77.5,0.0
2023-06-17,32.0,76.5,0.0
2023-06-17,32.0,76.75,0.0
2023-06-17,32.0,77.0,0.0
2023-06-17,32.0,77.25,0.0
2023-06-17,32.0,77.5,0.0
2023-06-18,31.5,76.5,0.0
2023-06-18,31.5,76.75,0.0
2023-06-18,31.5,77.0,0.0
2023-06-18,31.5,77.25,0.0
2023-06-18,31.5,77.5,0.0
2023-06-18,31.75,76.5,0.0
2023-06-18,31.75,76.75,0.0
2023-06-18,31.75,77.0,0.15277712047100067
2023-06-18,31.75,77.25,0.034253478050231934
2023-06-18,31.75,77.5,0.0
2023-06-18,32.0,76.5,0.0
2023-06-18,32.0,76.75,0.01773299276828766
2023-06-18,32.0,77.0,0.11032222211360931
2023-06-18,32.0,77.25,0.06496873497962952
2023-06-18,32.0,77.5,0.0676017478108406
2023-06-19,31.5,76.5,2.1882317066192627
2023-06-19,31.5,76.75,2.1951093673706055
2023-06-19,31.5,77.0,10.446697235107422
2023-06-19,31.5,77.25,5.400671482086182
2023-06-19,31.5,77.5,2.9900569915771484
2023-06-19,31.75,76.5,10.07299518585205
2023-06-19,31.75,76.75,1.4647282361984253
2023-06-19,31.75,77.0,0.32531359791755676
2023-06-19,31.75,77.25,1.0956565141677856
2023-06-19,31.75,77.5,0.9706228971481323
2023-06-19,32.0,76.5,22.052745819091797
2023-06-19,32.0,76.75,8.411300659179688
2023-06-19,32.0,77.0,0.595691978931427
2023-06-19,32.0,77.25,0.7188795804977417
2023-06-19,32.0,77.5,0.2592959702014923
2023-06-20,31.5,76.5,0.0
2023-06-20,31.5,76.75,0.0
2023-06-20,31.5,77.0,0.0
2023-06-20,31.5,77.25,0.0
2023-06-20,31.5,77.5,0.0
2023-06-20,31.75,76.5,0.0
2023-06-20,31.75,76.75,0.0
2023-06-20,31.75,77.0,0.0
2023-06-20,31.75,77.25,0.0
2023-06-20,31.75,77.5,0.0
2023-06-20,32.0,76.5,0.0
2023-06-20,32.0,76.75,0.0
2023-06-20,32.0,77.0,0.0
2023-06-20,32.0,77.25,0.0
2023-06-20,32.0,77.5,0.0
2023-06-21,31.5,76.5,0.0
2023-06-21,31.5,76.75,0.0
2023-06-21,31.5,77.0,0.015722276642918587
2023-06-21,31.5,77.25,0.0
2023-06-21,31.5,77.5,0.0
2023-06-21,31.75,76.5,0.0
2023-06-21,31.75,76.75,0.0828230008482933
2023-06-21,31.75,77.0,0.06334512680768967
2023-06-21,31.75,77.25,0.0
2023-06-21,31.75,77.5,0.0
2023-06-21,32.0,76.5,4.275754451751709
2023-06-21,32.0,76.75,9.505702018737793
2023-06-21,32.0,77.0,0.0
2023-06-21,32.0,77.25,0.0
2023-06-21,32.0,77.5,0.0
2023-06-22,31.5,76.5,14.969819068908691
2023-06-22,31.5,76.75,9.792555809020996
2023-06-22,31.5,77.0,1.3597488403320312
2023-06-22,31.5,77.25,0.0
2023-06-22,31.5,77.5,0.22779405117034912
2023-06-22,31.75,76.5,12.105335235595703
2023-06-22,31.75,76.75,9.28095817565918
2023-06-22,31.75,77.0,4.826677322387695
2023-06-22,31.75,77.25,0.01358594186604023
2023-06-22,31.75,77.5,0.3952592611312866
2023-06-22,32.0,76.5,24.93956756591797
2023-06-22,32.0,76.75,37.239051818847656
2023-06-22,32.0,77.0,0.04897249490022659
2023-06-22,32.0,77.25,0.012988750822842121
2023-06-22,32.0,77.5,0.09909800440073013
2023-06-23,31.5,76.5,41.47284698486328
2023-06-23,31.5,76.75,10.324488639831543
2023-06-23,31.5,77.0,0.048115093261003494
2023-06-23,31.5,77.25,0.0
2023-06-23,31.5,77.5,0.0
2023-06-23,31.75,76.5,44.45896530151367
2023-06-23,31.75,76.75,8.168944358825684
2023-06-23,31.75,77.0,0.46412786841392517
2023-06-23,31.75,77.25,0.0
2023-06-23,31.75,77.5,0.0
2023-06-23,32.0,76.5,0.1256251484155655
2023-06-23,32.0,76.75,1.7239711284637451
2023-06-23,32.0,77.0,0.0
2023-06-23,32.0,77.25,0.0
2023-06-23,32.0,77.5,0.0
2023-06-24,31.5,76.5,23.31488800048828
2023-06-24,31.5,76.75,32.98393249511719
2023-06-24,31.5,77.0,43.35956573486328
2023-06-24,31.5,77.25,16.387727737426758
2023-06-24,31.5,77.5,5.801762104034424
2023-06-24,31.75,76.5,59.85956954956055
2023-06-24,31.75,76.75,61.207786560058594
2023-06-24,31.75,77.0,17.168100357055664
2023-06-24,31.75,77.25,10.114679336547852
2023-06-24,31.75,77.5,5.229665756225586
2023-06-24,32.0,76.5,34.00594711303711
2023-06-24,32.0,76.75,34.96284103393555
2023-06-24,32.0,77.0,0.0
2023-06-24,32.0,77.25,0.0
2023-06-24,32.0,77.5,2.3463661670684814
2023-06-25,31.5,76.5,9.669837951660156
2023-06-25,31.5,76.75,41.782955169677734
2023-06-25,31.5,77.0,65.69593811035156
2023-06-25,31.5,77.25,40.717193603515625
2023-06-25,31.5,77.5,11.571793556213379
2023-06-25,31.75,76.5,60.85050964355469
2023-06-25,31.75,76.75,66.28887176513672
2023-06-25,31.75,77.0,16.915674209594727
2023-06-25,31.75,77.25,28.577173233032227
2023-06-25,31.75,77.5,16.883691787719727
2023-06-25,32.0,76.5,17.32351303100586
2023-06-25,32.0,76.75,29.74012565612793
2023-06-25,32.0,77.0,3.6642284393310547
2023-06-25,32.0,77.25,1.891416072845459
2023-06-25,32.0,77.5,9.838163375854492
2023-06-26,31.5,76.5,1.6251200437545776
2023-06-26,31.5,76.75,2.456937074661255
2023-06-26,31.5,77.0,10.147480010986328
2023-06-26,31.5,77.25,8.243291854858398
2023-06-26,31.5,77.5,4.444411754608154
2023-06-26,31.75,76.5,5.3825507164001465
2023-06-26,31.75,76.75,49.160186767578125
2023-06-26,31.75,77.0,20.03888511657715
2023-06-26,31.75,77.25,5.669264316558838
2023-06-26,31.75,77.5,3.946502923965454
2023-06-26,32.0,76.5,29.911012649536133
2023-06-26,32.0,76.75,35.113643646240234
2023-06-26,32.0,77.0,10.090662956237793
2023-06-26,32.0,77.25,9.51175594329834
2023-06-26,32.0,77.5,4.412099361419678
2023-06-27,31.5,76.5,14.209100723266602
2023-06-27,31.5,76.75,11.98293685913086
2023-06-27,31.5,77.0,9.369120597839355
2023-06-27,31.5,77.25,12.154040336608887
2023-06-27,31.5,77.5,3.4058303833007812
2023-06-27,31.75,76.5,0.7287561297416687
2023-06-27,31.75,76.75,4.112915992736816
2023-06-27,31.75,77.0,5.1282219886779785
2023-06-27,31.75,77.25,9.929980278015137
2023-06-27,31.75,77.5,5.064104080200195
2023-06-27,32.0,76.5,0.18317477405071259
2023-06-27,32.0,76.75,0.8818402886390686
2023-06-27,32.0,77.0,3.551626443862915
2023-06-27,32.0,77.25,3.3876872062683105
2023-06-27,32.0,77.5,4.48756742477417
2023-06-28,31.5,76.5,0.21247537434101105
2023-06-28,31.5,76.75,7.103915691375732
2023-06-28,31.5,77.0,0.5311768651008606
2023-06-28,31.5,77.25,0.19625714421272278
2023-06-28,31.5,77.5,2.1447250843048096
2023-06-28,31.75,76.5,1.199419617652893
2023-06-28,31.75,76.75,0.8853794932365417
2023-06-28,31.75,77.0,1.9014371633529663
2023-06-28,31.75,77.25,4.099738597869873
2023-06-28,31.75,77.5,4.668885231018066
2023-06-28,32.0,76.5,0.0
2023-06-28,32.0,76.75,0.1773299127817154
2023-06-28,32.0,77.0,9.55126953125
2023-06-28,32.0,77.25,15.890289306640625
2023-06-28,32.0,77.5,10.55966567993164
2023-06-29,31.5,76.5,2.599086046218872
2023-06-29,31.5,76.75,1.219964861869812
2023-06-29,31.5,77.0,10.724954605102539
2023-06-29,31.5,77.25,3.755018711090088
2023-06-29,31.5,77.5,0.2185419499874115
2023-06-29,31.75,76.5,1.6572871208190918
2023-06-29,31.75,76.75,0.333610862493515
2023-06-29,31.75,77.0,0.12669025361537933
2023-06-29,31.75,77.25,2.65857195854187
2023-06-29,31.75,77.5,0.6561790108680725
2023-06-29,32.0,76.5,10.223435401916504
2023-06-29,32.0,76.75,6.018308162689209
2023-06-29,32.0,77.0,1.4183709621429443
2023-06-29,32.0,77.25,2.1588175296783447
2023-06-29,32.0,77.5,0.5294104218482971
2023-06-30,31.5,76.5,8.404869079589844
2023-06-30,31.5,76.75,9.790091514587402
2023-06-30,31.5,77.0,0.5525204539299011
2023-06-30,31.5,77.25,0.0
2023-06-30,31.5,77.5,0.9111762046813965
2023-06-30,31.75,76.5,9.436710357666016
2023-06-30,31.75,76.75,2.502093553543091
2023-06-30,31.75,77.0,0.6438254117965698
2023-06-30,31.75,77.25,0.0
2023-06-30,31.75,77.5,1.6814298629760742
2023-06-30,32.0,76.5,5.747751235961914
2023-06-30,32.0,76.75,1.312201738357544
2023-06-30,32.0,77.0,1.3306236267089844
2023-06-30,32.0,77.25,2.173062324523926
2023-06-30,32.0,77.5,1.0278370380401611
2023-07-01,31.5,76.5,0.17646829783916473
2023-07-01,31.5,76.75,10.315982818603516
2023-07-01,31.5,77.0,0.037859898060560226
2023-07-01,31.5,77.25,1.6723273992538452
2023-07-01,31.5,77.5,8.784330368041992
2023-07-01,31.75,76.5,0.21226580440998077
2023-07-01,31.75,76.75,12.117682456970215
2023-07-01,31.75,77.0,0.9507539868354797
2023-07-01,31.75,77.25,3.4250705242156982
2023-07-01,31.75,77.5,5.261708736419678
2023-07-01,32.0,76.5,0.411251962184906
2023-07-01,32.0,76.75,3.5362136363983154
2023-07-01,32.0,77.0,6.654757022857666
2023-07-01,32.0,77.25,13.232131958007812
2023-07-01,32.0,77.5,7.7901482582092285
2023-07-02,31.5,76.5,1.7116999626159668
2023-07-02,31.5,76.75,0.9664015173912048
2023-07-02,31.5,77.0,0.7366939187049866
2023-07-02,31.5,77.25,0.010135303251445293
2023-07-02,31.5,77.5,2.014120578765869
2023-07-02,31.75,76.5,0.6633305549621582
2023-07-02,31.75,76.75,0.0
2023-07-02,31.75,77.0,0.7447700500488281
2023-07-02,31.75,77.25,1.0073736906051636
2023-07-02,31.75,77.5,2.453712224960327
2023-07-02,32.0,76.5,0.723393440246582
2023-07-02,32.0,76.75,0.9505702257156372
2023-07-02,32.0,77.0,2.054506778717041
2023-07-02,32.0,77.25,3.978257417678833
2023-07-02,32.0,77.5,2.783212423324585
2023-07-03,31.5,76.5,0.0
2023-07-03,31.5,76.75,7.55891227722168
2023-07-03,31.5,77.0,0.34731942415237427
2023-07-03,31.5,77.25,0.0
2023-07-03,31.5,77.5,0.0
2023-07-03,31.75,76.5,0.0
2023-07-03,31.75,76.75,3.1814651489257812
2023-07-03,31.75,77.0,0.3040962815284729
2023-07-03,31.75,77.25,0.0
2023-07-03,31.75,77.5,0.0
2023-07-03,32.0,76.5,3.92502498626709
2023-07-03,32.0,76.75,2.229285478591919
2023-07-03,32.0,77.0,0.0
2023-07-03,32.0,77.25,0.0
2023-07-03,32.0,77.5,0.0
2023-07-04,31.5,76.5,15.632001876831055
2023-07-04,31.5,76.75,8.164263725280762
2023-07-04,31.5,77.0,2.6870501041412354
2023-07-04,31.5,77.25,19.948959350585938
2023-07-04,31.5,77.5,32.95481872558594
2023-07-04,31.75,76.5,7.161880016326904
2023-07-04,31.75,76.75,2.7149696350097656
2023-07-04,31.75,77.0,0.4747907221317291
2023-07-04,31.75,77.25,11.203246116638184
2023-07-04,31.75,77.5,14.197046279907227
2023-07-04,32.0,76.5,31.719507217407227
2023-07-04,32.0,76.75,14.434308052062988
2023-07-04,32.0,77.0,0.3500251770019531
2023-07-04,32.0,77.25,0.5402897000312805
2023-07-04,32.0,77.5,5.400235176086426
2023-07-05,31.5,76.5,2.8058249950408936
2023-07-05,31.5,76.75,0.9342201948165894
2023-07-05,31.5,77.0,2.201348304748535
2023-07-05,31.5,77.25,0.0799543485045433
2023-07-05,31.5,77.5,0.045558810234069824
2023-07-05,31.75,76.5,3.175602912902832
2023-07-05,31.75,76.75,1.2202610969543457
2023-07-05,31.75,77.0,0.42230692505836487
2023-07-05,31.75,77.25,2.046988010406494
2023-07-05,31.75,77.5,1.031296730041504
2023-07-05,32.0,76.5,6.534342288970947
2023-07-05,32.0,76.75,0.16312724351882935
2023-07-05,32.0,77.0,5.578397274017334
2023-07-05,32.0,77.25,10.043441772460938
2023-07-05,32.0,77.5,5.67457914352417
2023-07-06,31.5,76.5,15.8546142578125
2023-07-06,31.5,76.75,22.251731872558594
2023-07-06,31.5,77.0,3.7945239543914795
2023-07-06,31.5,77.25,9.6865816116333
2023-07-06,31.5,77.5,11.374167442321777
2023-07-06,31.75,76.5,8.863542556762695
2023-07-06,31.75,76.75,11.972211837768555
2023-07-06,31.75,77.0,9.639190673828125
2023-07-06,31.75,77.25,7.037005424499512
2023-07-06,31.75,77.5,11.799095153808594
2023-07-06,32.0,76.5,17.896459579467773
2023-07-06,32.0,76.75,16.36048698425293
2023-07-06,32.0,77.0,10.712386131286621
2023-07-06,32.0,77.25,9.784272193908691
2023-07-06,32.0,77.5,6.760616779327393
2023-07-07,31.5,76.5,5.0727105140686035
2023-07-07,31.5,76.75,17.298921585083008
2023-07-07,31.5,77.0,17.19635772705078
2023-07-07,31.5,77.25,10.279379844665527
2023-07-07,31.5,77.5,12.229046821594238
2023-07-07,31.75,76.5,33.045101165771484
2023-07-07,31.75,76.75,9.914679527282715
2023-07-07,31.75,77.0,15.502336502075195
2023-07-07,31.75,77.25,8.338040351867676
2023-07-07,31.75,77.5,12.400758743286133
2023-07-07,32.0,76.5,22.20993423461914
2023-07-07,32.0,76.75,27.538137435913086
2023-07-07,32.0,77.0,8.634703636169434
2023-07-07,32.0,77.25,4.511387348175049
2023-07-07,32.0,77.5,5.286184310913086
2023-07-08,31.5,76.5,7.188808917999268
2023-07-08,31.5,76.75,2.0587897300720215
2023-07-08,31.5,77.0,3.703007936477661
2023-07-08,31.5,77.25,3.2771949768066406
2023-07-08,31.5,77.5,1.2381694316864014
2023-07-08,31.75,76.5,2.719966411590576
2023-07-08,31.75,76.75,0.3627644181251526
2023-07-08,31.75,77.0,0.18747346103191376
2023-07-08,31.75,77.25,1.1302030086517334
2023-07-08,31.75,77.5,1.5967249870300293
2023-07-08,32.0,76.5,0.8580555319786072
2023-07-08,32.0,76.75,0.04149928689002991
2023-07-08,32.0,77.0,0.0365632027387619
2023-07-08,32.0,77.25,0.41283366084098816
2023-07-08,32.0,77.5,0.8996008634567261
2023-07-09,31.5,76.5,140.98207092285156
2023-07-09,31.5,76.75,159.8412628173828
2023-07-09,31.5,77.0,83.63614654541016
2023-07-09,31.5,77.25,70.91331481933594
2023-07-09,31.5,77.5,61.63459777832031
2023-07-09,31.75,76.5,119.56084442138672
2023-07-09,31.75,76.75,85.91146850585938
2023-07-09,31.75,77.0,95.14382934570312
2023-07-09,31.75,77.25,81.58915710449219
2023-07-09,31.75,77.5,60.736568450927734
2023-07-09,32.0,76.5,118.3719482421875
2023-07-09,32.0,76.75,112.83867645263672
2023-07-09,32.0,77.0,107.660400390625
2023-07-09,32.0,77.25,106.85953521728516
2023-07-09,32.0,77.5,74.92366027832031
2023-07-10,31.5,76.5,118.43310546875
2023-07-10,31.5,76.75,73.43787384033203
2023-07-10,31.5,77.0,83.16039276123047
2023-07-10,31.5,77.25,91.36734771728516
2023-07-10,31.5,77.5,78.74530792236328
2023-07-10,31.75,76.5,109.09166717529297
2023-07-10,31.75,76.75,108.12666320800781
2023-07-10,31.75,77.0,94.24478149414062
2023-07-10,31.75,77.25,90.68878936767578
2023-07-10,31.75,77.5,78.83735656738281
2023-07-10,32.0,76.5,102.15472412109375
2023-07-10,32.0,76.75,101.94490051269531
2023-07-10,32.0,77.0,96.84746551513672
2023-07-10,32.0,77.25,96.88445281982422
2023-07-10,32.0,77.5,55.10672378540039
2023-07-11,31.5,76.5,32.91071701049805
2023-07-11,31.5,76.75,23.9060115814209
2023-07-11,31.5,77.0,68.15326690673828
2023-07-11,31.5,77.25,82.53487396240234
2023-07-11,31.5,77.5,51.25080871582031
2023-07-11,31.75,76.5,21.233732223510742
2023-07-11,31.75,76.75,42.80614471435547
2023-07-11,31.75,77.0,65.45024871826172
2023-07-11,31.75,77.25,82.0510482788086
2023-07-11,31.75,77.5,65.04694366455078
2023-07-11,32.0,76.5,24.334497451782227
2023-07-11,32.0,76.75,33.21956253051758
2023-07-11,32.0,77.0,54.98938751220703
2023-07-11,32.0,77.25,79.47103118896484
2023-07-11,32.0,77.5,42.965999603271484
2023-07-12,31.5,76.5,2.245547294616699
2023-07-12,31.5,76.75,0.1639646738767624
2023-07-12,31.5,77.0,0.0
2023-07-12,31.5,77.25,8.832574844360352
2023-07-12,31.5,77.5,13.709534645080566
2023-07-12,31.75,76.5,4.41415548324585
2023-07-12,31.75,76.75,0.0
2023-07-12,31.75,77.0,0.0
2023-07-12,31.75,77.25,3.2230312824249268
2023-07-12,31.75,77.5,7.250794887542725
2023-07-12,32.0,76.5,0.3267171084880829
2023-07-12,32.0,76.75,0.0
2023-07-12,32.0,77.0,0.0
2023-07-12,32.0,77.25,0.0
2023-07-12,32.0,77.5,1.7684743404388428
2023-07-13,31.5,76.5,15.723249435424805
2023-07-13,31.5,76.75,20.002832412719727
2023-07-13,31.5,77.0,12.458847999572754
2023-07-13,31.5,77.25,15.327607154846191
2023-07-13,31.5,77.5,17.149160385131836
2023-07-13,31.75,76.5,19.448238372802734
2023-07-13,31.75,76.75,10.556775093078613
2023-07-13,31.75,77.0,3.282029628753662
2023-07-13,31.75,77.25,8.445967674255371
2023-07-13,31.75,77.5,14.780529022216797
2023-07-13,32.0,76.5,9.316217422485352
2023-07-13,32.0,76.75,5.753391742706299
2023-07-13,32.0,77.0,1.998802661895752
2023-07-13,32.0,77.25,2.632689952850342
2023-07-13,32.0,77.5,5.835053443908691
2023-07-14,31.5,76.5,37.6638069152832
2023-07-14,31.5,76.75,13.205645561218262
2023-07-14,31.5,77.0,4.712360858917236
2023-07-14,31.5,77.25,1.07268488407135
2023-07-14,31.5,77.5,1.8505386114120483
2023-07-14,31.75,76.5,9.86952018737793
2023-07-14,31.75,76.75,6.053990364074707
2023-07-14,31.75,77.0,0.9874694347381592
2023-07-14,31.75,77.25,1.8706027269363403
2023-07-14,31.75,77.5,0.6226517558097839
2023-07-14,32.0,76.5,27.18347930908203
2023-07-14,32.0,76.75,14.935343742370605
2023-07-14,32.0,77.0,0.75230872631073
2023-07-14,32.0,77.25,1.155383586883545
2023-07-14,32.0,77.5,0.0
2023-07-15,31.5,76.5,25.74036979675293
2023-07-15,31.5,76.75,29.080230712890625
2023-07-15,31.5,77.0,17.450857162475586
2023-07-15,31.5,77.25,9.905492782592773
2023-07-15,31.5,77.5,7.382970333099365
2023-07-15,31.75,76.5,31.21461296081543
2023-07-15,31.75,76.75,18.78862190246582
2023-07-15,31.75,77.0,3.326223373413086
2023-07-15,31.75,77.25,5.9948835372924805
2023-07-15,31.75,77.5,8.318683624267578
2023-07-15,32.0,76.5,43.970863342285156
2023-07-15,32.0,76.75,32.36726379394531
2023-07-15,32.0,77.0,3.3564319610595703
2023-07-15,32.0,77.25,4.57444953918457
2023-07-15,32.0,77.5,4.129659652709961
2023-07-16,31.5,76.5,0.5773196220397949
2023-07-16,31.5,76.75,0.928435206413269
2023-07-16,31.5,77.0,18.717226028442383
2023-07-16,31.5,77.25,26.244836807250977
2023-07-16,31.5,77.5,36.230342864990234
2023-07-16,31.75,76.5,30.39676284790039
2023-07-16,31.75,76.75,13.772671699523926
2023-07-16,31.75,77.0,37.680599212646484
2023-07-16,31.75,77.25,39.09638595581055
2023-07-16,31.75,77.5,28.305850982666016
2023-07-16,32.0,76.5,107.4770278930664
2023-07-16,32.0,76.75,80.85008239746094
2023-07-16,32.0,77.0,35.317420959472656
2023-07-16,32.0,77.25,28.9976806640625
2023-07-16,32.0,77.5,32.87140655517578
2023-07-17,31.5,76.5,1.8926321268081665
2023-07-17,31.5,76.75,18.539644241333008
2023-07-17,31.5,77.0,14.210822105407715
2023-07-17,31.5,77.25,10.008017539978027
2023-07-17,31.5,77.5,9.991201400756836
2023-07-17,31.75,76.5,3.742907762527466
2023-07-17,31.75,76.75,11.351384162902832
2023-07-17,31.75,77.0,18.116867065429688
2023-07-17,31.75,77.25,14.496695518493652
2023-07-17,31.75,77.5,4.548521518707275
2023-07-17,32.0,76.5,12.470016479492188
2023-07-17,32.0,76.75,18.61850929260254
2023-07-17,32.0,77.0,14.714900016784668
2023-07-17,32.0,77.25,13.087891578674316
2023-07-17,32.0,77.5,9.856256484985352
2023-07-18,31.5,76.5,1.4465547800064087
2023-07-18,31.5,76.75,3.862091541290283
2023-07-18,31.5,77.0,10.491372108459473
2023-07-18,31.5,77.25,4.079575061798096
2023-07-18,31.5,77.5,2.6691668033599854
2023-07-18,31.75,76.5,11.628612518310547
2023-07-18,31.75,76.75,11.087594032287598
2023-07-18,31.75,77.0,8.941596031188965
2023-07-18,31.75,77.25,8.985777854919434
2023-07-18,31.75,77.5,2.967475175857544
2023-07-18,32.0,76.5,21.332509994506836
2023-07-18,32.0,76.75,11.256061553955078
2023-07-18,32.0,77.0,5.781856060028076
2023-07-18,32.0,77.25,4.713820934295654
2023-07-18,32.0,77.5,2.5522713661193848
2023-07-19,31.5,76.5,11.406593322753906
2023-07-19,31.5,76.75,6.359504222869873
2023-07-19,31.5,77.0,3.226491928100586
2023-07-19,31.5,77.25,31.07820701599121
2023-07-19,31.5,77.5,9.100244522094727
2023-07-19,31.75,76.5,12.867941856384277
2023-07-19,31.75,76.75,5.521530628204346
2023-07-19,31.75,77.0,3.3472819328308105
2023-07-19,31.75,77.25,23.808752059936523
2023-07-19,31.75,77.5,19.255220413208008
2023-07-19,32.0,76.5,75.03024291992188
2023-07-19,32.0,76.75,45.33810806274414
2023-07-19,32.0,77.0,2.477876663208008
2023-07-19,32.0,77.25,13.750410079956055
2023-07-19,32.0,77.5,13.685911178588867
2023-07-20,31.5,76.5,0.41940823197364807
2023-07-20,31.5,76.75,0.15935839712619781
2023-07-20,31.5,77.0,20.1968936920166
2023-07-20,31.5,77.25,15.280599594116211
2023-07-20,31.5,77.5,30.595638275146484
2023-07-20,31.75,76.5,0.721866250038147
2023-07-20,31.75,76.75,0.17684367299079895
2023-07-20,31.75,77.0,3.306360960006714
2023-07-20,31.75,77.25,7.410409927368164
2023-07-20,31.75,77.5,20.74802589416504
2023-07-20,32.0,76.5,1.4359486103057861
2023-07-20,32.0,76.75,0.5817902684211731
2023-07-20,32.0,77.0,7.98380708694458
2023-07-20,32.0,77.25,9.352152824401855
2023-07-20,32.0,77.5,11.359633445739746
2023-07-21,31.5,76.5,1.9471925497055054
2023-07-21,31.5,76.75,0.5114136934280396
2023-07-21,31.5,77.0,0.0
2023-07-21,31.5,77.25,10.728095054626465
2023-07-21,31.5,77.5,1.5146467685699463
2023-07-21,31.75,76.5,0.0
2023-07-21,31.75,76.75,0.0
2023-07-21,31.75,77.0,9.166626930236816
2023-07-21,31.75,77.25,13.526775360107422
2023-07-21,31.75,77.5,8.360437393188477
2023-07-21,32.0,76.5,46.64888000488281
2023-07-21,32.0,76.75,16.007095336914062
2023-07-21,32.0,77.0,16.86361312866211
2023-07-21,32.0,77.25,19.24639129638672
2023-07-21,32.0,77.5,10.403061866760254
2023-07-22,31.5,76.5,22.244930267333984
2023-07-22,31.5,76.75,46.14409255981445
2023-07-22,31.5,77.0,19.305524826049805
2023-07-22,31.5,77.25,13.133829116821289
2023-07-22,31.5,77.5,27.67414093017578
2023-07-22,31.75,76.5,20.5532283782959
2023-07-22,31.75,76.75,11.597831726074219
2023-07-22,31.75,77.0,13.726434707641602
2023-07-22,31.75,77.25,12.61684513092041
2023-07-22,31.75,77.5,19.067012786865234
2023-07-22,32.0,76.5,30.71454429626465
2023-07-22,32.0,76.75,27.331138610839844
2023-07-22,32.0,77.0,29.964557647705078
2023-07-22,32.0,77.25,31.147127151489258
2023-07-22,32.0,77.5,22.70514488220215
2023-07-23,31.5,76.5,2.2936668395996094
2023-07-23,31.5,76.75,1.9440476894378662
2023-07-23,31.5,77.0,5.837634563446045
2023-07-23,31.5,77.25,1.5231448411941528
2023-07-23,31.5,77.5,4.9514288902282715
2023-07-23,31.75,76.5,1.7169431447982788
2023-07-23,31.75,76.75,4.347631454467773
2023-07-23,31.75,77.0,4.635176658630371
2023-07-23,31.75,77.25,2.7112860679626465
2023-07-23,31.75,77.5,3.6152217388153076
2023-07-23,32.0,76.5,10.941448211669922
2023-07-23,32.0,76.75,5.62943172454834
2023-07-23,32.0,77.0,8.858186721801758
2023-07-23,32.0,77.25,10.71164608001709
2023-07-23,32.0,77.5,5.32404899597168
2023-07-24,31.5,76.5,0.938922643661499
2023-07-24,31.5,76.75,1.0573028326034546
2023-07-24,31.5,77.0,0.0
2023-07-24,31.5,77.25,0.042982250452041626
2023-07-24,31.5,77.5,0.24441060423851013
2023-07-24,31.75,76.5,5.81851053237915
2023-07-24,31.75,76.75,0.14556953310966492
2023-07-24,31.75,77.0,0.0
2023-07-24,31.75,77.25,0.0
2023-07-24,31.75,77.5,0.49934107065200806
2023-07-24,32.0,76.5,3.7371363639831543
2023-07-24,32.0,76.75,0.0
2023-07-24,32.0,77.0,0.34342139959335327
2023-07-24,32.0,77.25,0.3895726501941681
2023-07-24,32.0,77.5,0.4368307590484619
2023-07-25,31.5,76.5,1.5500857830047607
2023-07-25,31.5,76.75,0.32012152671813965
2023-07-25,31.5,77.0,0.15457864105701447
2023-07-25,31.5,77.25,2.1297552585601807
2023-07-25,31.5,77.5,3.6796681880950928
2023-07-25,31.75,76.5,13.284309387207031
2023-07-25,31.75,76.75,3.5343854427337646
2023-07-25,31.75,77.0,0.9959495663642883
2023-07-25,31.75,77.25,2.090487241744995
2023-07-25,31.75,77.5,8.08492660522461
2023-07-25,32.0,76.5,28.478944778442383
2023-07-25,32.0,76.75,17.811065673828125
2023-07-25,32.0,77.0,4.015492916107178
2023-07-25,32.0,77.25,4.3072285652160645
2023-07-25,32.0,77.5,8.80513858795166
2023-07-26,31.5,76.5,0.0
2023-07-26,31.5,76.75,0.051030561327934265
2023-07-26,31.5,77.0,0.3227188289165497
2023-07-26,31.5,77.25,7.0872039794921875
2023-07-26,31.5,77.5,41.716217041015625
2023-07-26,31.75,76.5,0.0
2023-07-26,31.75,76.75,0.6615654230117798
2023-07-26,31.75,77.0,0.7550176978111267
2023-07-26,31.75,77.25,0.2521325349807739
2023-07-26,31.75,77.5,22.648405075073242
2023-07-26,32.0,76.5,1.4700520038604736
2023-07-26,32.0,76.75,1.504296064376831
2023-07-26,32.0,77.0,1.3227697610855103
2023-07-26,32.0,77.25,1.5383025407791138
2023-07-26,32.0,77.5,11.149727821350098
2023-07-27,31.5,76.5,0.2893109619617462
2023-07-27,31.5,76.75,15.411247253417969
2023-07-27,31.5,77.0,0.5677742958068848
2023-07-27,31.5,77.25,2.081786632537842
2023-07-27,31.5,77.5,19.393238067626953
2023-07-27,31.75,76.5,12.552760124206543
2023-07-27,31.75,76.75,6.488381862640381
2023-07-27,31.75,77.0,0.4167678654193878
2023-07-27,31.75,77.25,7.051615238189697
2023-07-27,31.75,77.5,27.35978889465332
2023-07-27,32.0,76.5,23.54631233215332
2023-07-27,32.0,76.75,19.541501998901367
2023-07-27,32.0,77.0,16.390884399414062
2023-07-27,32.0,77.25,27.83724021911621
2023-07-27,32.0,77.5,19.145553588867188
2023-07-28,31.5,76.5,33.05490493774414
2023-07-28,31.5,76.75,18.59214210510254
2023-07-28,31.5,77.0,48.091217041015625
2023-07-28,31.5,77.25,17.10430145263672
2023-07-28,31.5,77.5,41.932640075683594
2023-07-28,31.75,76.5,71.16400909423828
2023-07-28,31.75,76.75,48.99267578125
2023-07-28,31.75,77.0,7.534458160400391
2023-07-28,31.75,77.25,6.539276123046875
2023-07-28,31.75,77.5,24.629871368408203
2023-07-28,32.0,76.5,17.078094482421875
2023-07-28,32.0,76.75,24.709636688232422
2023-07-28,32.0,77.0,14.915811538696289
2023-07-28,32.0,77.25,20.188865661621094
2023-07-28,32.0,77.5,11.825386047363281
2023-07-29,31.5,76.5,1.247377634048462
2023-07-29,31.5,76.75,1.2090221643447876
2023-07-29,31.5,77.0,10.652310371398926
2023-07-29,31.5,77.25,16.34731101989746
2023-07-29,31.5,77.5,65.01299285888672
2023-07-29,31.75,76.5,38.97797393798828
2023-07-29,31.75,76.75,17.978811264038086
2023-07-29,31.75,77.0,1.611517310142517
2023-07-29,31.75,77.25,5.914508819580078
2023-07-29,31.75,77.5,22.880069732666016
2023-07-29,32.0,76.5,14.714160919189453
2023-07-29,32.0,76.75,15.218009948730469
2023-07-29,32.0,77.0,15.068046569824219
2023-07-29,32.0,77.25,22.166946411132812
2023-07-29,32.0,77.5,12.021966934204102
2023-07-30,31.5,76.5,5.070791244506836
2023-07-30,31.5,76.75,4.093198299407959
2023-07-30,31.5,77.0,4.385382175445557
2023-07-30,31.5,77.25,2.462595224380493
2023-07-30,31.5,77.5,7.19243049621582
2023-07-30,31.75,76.5,21.246192932128906
2023-07-30,31.75,76.75,18.992891311645508
2023-07-30,31.75,77.0,6.4173359870910645
2023-07-30,31.75,77.25,4.7679314613342285
2023-07-30,31.75,77.5,8.214399337768555
2023-07-30,32.0,76.5,1.8012629747390747
2023-07-30,32.0,76.75,4.074669361114502
2023-07-30,32.0,77.0,6.478362083435059
2023-07-30,32.0,77.25,9.832368850708008
2023-07-30,32.0,77.5,6.933871746063232
2023-07-31,31.5,76.5,2.999134063720703
2023-07-31,31.5,76.75,0.0
2023-07-31,31.5,77.0,4.261283874511719
2023-07-31,31.5,77.25,0.49699562788009644
2023-07-31,31.5,77.5,0.0
2023-07-31,31.75,76.5,0.0
2023-07-31,31.75,76.75,0.0
2023-07-31,31.75,77.0,0.0
2023-07-31,31.75,77.25,0.0
2023-07-31,31.75,77.5,0.0
2023-07-31,32.0,76.5,0.0
2023-07-31,32.0,76.75,0.0
2023-07-31,32.0,77.0,0.0
2023-07-31,32.0,77.25,0.0
2023-07-31,32.0,77.5,0.0
2023-08-01,31.5,76.5,4.622721195220947
2023-08-01,31.5,76.75,2.4019014835357666
2023-08-01,31.5,77.0,0.3751826882362366
2023-08-01,31.5,77.25,0.09217891097068787
2023-08-01,31.5,77.5,0.0
2023-08-01,31.75,76.5,0.7792706489562988
2023-08-01,31.75,76.75,2.850196123123169
2023-08-01,31.75,77.0,0.7846153974533081
2023-08-01,31.75,77.25,0.18909941613674164
2023-08-01,31.75,77.5,0.0
2023-08-01,32.0,76.5,2.7494335174560547
2023-08-01,32.0,76.75,0.4837060868740082
2023-08-01,32.0,77.0,0.4349450170993805
2023-08-01,32.0,77.25,0.27718839049339294
2023-08-01,32.0,77.5,0.0
2023-08-02,31.5,76.5,0.037722840905189514
2023-08-02,31.5,76.75,0.5415482521057129
2023-08-02,31.5,77.0,0.01603836566209793
2023-08-02,31.5,77.25,0.0
2023-08-02,31.5,77.5,0.0
2023-08-02,31.75,76.5,0.052408866584300995
2023-08-02,31.75,76.75,0.05706251785159111
2023-08-02,31.75,77.0,0.0
2023-08-02,31.75,77.25,0.0
2023-08-02,31.75,77.5,0.0
2023-08-02,32.0,76.5,2.1860880851745605
2023-08-02,32.0,76.75,0.0
2023-08-02,32.0,77.0,0.0
2023-08-02,32.0,77.25,0.0
2023-08-02,32.0,77.5,0.0
2023-08-03,31.5,76.5,11.357598304748535
2023-08-03,31.5,76.75,50.7651481628418
2023-08-03,31.5,77.0,2.6407248973846436
2023-08-03,31.5,77.25,3.0798280239105225
2023-08-03,31.5,77.5,1.1899945735931396
2023-08-03,31.75,76.5,1.0075124502182007
2023-08-03,31.75,76.75,34.08786392211914
2023-08-03,31.75,77.0,6.127246856689453
2023-08-03,31.75,77.25,4.347723007202148
2023-08-03,31.75,77.5,3.6507139205932617
2023-08-03,32.0,76.5,6.499946594238281
2023-08-03,32.0,76.75,11.79987907409668
2023-08-03,32.0,77.0,6.100345611572266
2023-08-03,32.0,77.25,7.462786674499512
2023-08-03,32.0,77.5,2.9369473457336426
2023-08-04,31.5,76.5,5.821074485778809
2023-08-04,31.5,76.75,2.373844623565674
2023-08-04,31.5,77.0,1.0105913877487183
2023-08-04,31.5,77.25,0.0581524558365345
2023-08-04,31.5,77.5,0.3306731581687927
2023-08-04,31.75,76.5,6.218266487121582
2023-08-04,31.75,76.75,10.502477645874023
2023-08-04,31.75,77.0,0.7897300124168396
2023-08-04,31.75,77.25,0.048564620316028595
2023-08-04,31.75,77.5,0.6755790114402771
2023-08-04,32.0,76.5,24.898780822753906
2023-08-04,32.0,76.75,26.222349166870117
2023-08-04,32.0,77.0,0.04081295430660248
2023-08-04,32.0,77.25,0.0
2023-08-04,32.0,77.5,0.2279254049062729
2023-08-05,31.5,76.5,7.673285007476807
2023-08-05,31.5,76.75,1.947603702545166
2023-08-05,31.5,77.0,10.18995189666748
2023-08-05,31.5,77.25,2.757870674133301
2023-08-05,31.5,77.5,4.009932994842529
2023-08-05,31.75,76.5,12.758790969848633
2023-08-05,31.75,76.75,17.648487091064453
2023-08-05,31.75,77.0,5.4287495613098145
2023-08-05,31.75,77.25,2.8360283374786377
2023-08-05,31.75,77.5,3.9175007343292236
2023-08-05,32.0,76.5,18.89461898803711
2023-08-05,32.0,76.75,6.950870513916016
2023-08-05,32.0,77.0,1.391187071800232
2023-08-05,32.0,77.25,0.12204154580831528
2023-08-05,32.0,77.5,1.1517009735107422
2023-08-06,31.5,76.5,0.8797023892402649
2023-08-06,31.5,76.75,11.410449028015137
2023-08-06,31.5,77.0,4.781067371368408
2023-08-06,31.5,77.25,0.9999342560768127
2023-08-06,31.5,77.5,0.0
2023-08-06,31.75,76.5,0.3773208558559418
2023-08-06,31.75,76.75,1.2087584733963013
2023-08-06,31.75,77.0,0.24825666844844818
2023-08-06,31.75,77.25,0.0
2023-08-06,31.75,77.5,0.0
2023-08-06,32.0,76.5,0.2331314980983734
2023-08-06,32.0,76.75,0.0
2023-08-06,32.0,77.0,0.0
2023-08-06,32.0,77.25,0.0
2023-08-06,32.0,77.5,0.0
2023-08-07,31.5,76.5,32.63100051879883
2023-08-07,31.5,76.75,77.94902801513672
2023-08-07,31.5,77.0,40.36794662475586
2023-08-07,31.5,77.25,2.2377500534057617
2023-08-07,31.5,77.5,0.2661677598953247
2023-08-07,31.75,76.5,23.55140495300293
2023-08-07,31.75,76.75,10.7056245803833
2023-08-07,31.75,77.0,2.2080698013305664
2023-08-07,31.75,77.25,2.311457872390747
2023-08-07,31.75,77.5,1.3428491353988647
2023-08-07,32.0,76.5,13.69145679473877
2023-08-07,32.0,76.75,6.99512243270874
2023-08-07,32.0,77.0,1.822264552116394
2023-08-07,32.0,77.25,2.0521798133850098
2023-08-07,32.0,77.5,1.4518946409225464
2023-08-08,31.5,76.5,1.505428433418274
2023-08-08,31.5,76.75,0.16266196966171265
2023-08-08,31.5,77.0,6.973718643188477
2023-08-08,31.5,77.25,0.0
2023-08-08,31.5,77.5,0.0
2023-08-08,31.75,76.5,7.182663440704346
2023-08-08,31.75,76.75,9.15666675567627
2023-08-08,31.75,77.0,4.363705158233643
2023-08-08,31.75,77.25,1.5783501863479614
2023-08-08,31.75,77.5,0.0
2023-08-08,32.0,76.5,9.073356628417969
2023-08-08,32.0,76.75,12.054472923278809
2023-08-08,32.0,77.0,1.732021450996399
2023-08-08,32.0,77.25,0.2181834876537323
2023-08-08,32.0,77.5,0.0
2023-08-09,31.5,76.5,0.0
2023-08-09,31.5,76.75,0.0
2023-08-09,31.5,77.0,0.0
2023-08-09,31.5,77.25,0.0
2023-08-09,31.5,77.5,0.0
2023-08-09,31.75,76.5,0.6138147115707397
2023-08-09,31.75,76.75,0.0
2023-08-09,31.75,77.0,0.0
2023-08-09,31.75,77.25,0.0
2023-08-09,31.75,77.5,0.0
2023-08-09,32.0,76.5,11.242899894714355
2023-08-09,32.0,76.75,4.57955265045166
2023-08-09,32.0,77.0,0.0
2023-08-09,32.0,77.25,0.0
2023-08-09,32.0,77.5,0.0
2023-08-10,31.5,76.5,9.844816207885742
2023-08-10,31.5,76.75,52.76680374145508
2023-08-10,31.5,77.0,23.662851333618164
2023-08-10,31.5,77.25,0.0
2023-08-10,31.5,77.5,0.0
2023-08-10,31.75,76.5,8.2462739944458
2023-08-10,31.75,76.75,28.357118606567383
2023-08-10,31.75,77.0,1.8730919361114502
2023-08-10,31.75,77.25,0.09712924063205719
2023-08-10,31.75,77.5,0.0
2023-08-10,32.0,76.5,7.476141452789307
2023-08-10,32.0,76.75,9.533491134643555
2023-08-10,32.0,77.0,0.08162590861320496
2023-08-10,32.0,77.25,0.0
2023-08-10,32.0,77.5,0.0
2023-08-11,31.5,76.5,66.18311309814453
2023-08-11,31.5,76.75,61.71391296386719
2023-08-11,31.5,77.0,65.31107330322266
2023-08-11,31.5,77.25,25.254133224487305
2023-08-11,31.5,77.5,7.63409423828125
2023-08-11,31.75,76.5,63.0254020690918
2023-08-11,31.75,76.75,57.46144104003906
2023-08-11,31.75,77.0,35.590789794921875
2023-08-11,31.75,77.25,31.593833923339844
2023-08-11,31.75,77.5,16.436250686645508
2023-08-11,32.0,76.5,63.98086929321289
2023-08-11,32.0,76.75,51.48025894165039
2023-08-11,32.0,77.0,26.811662673950195
2023-08-11,32.0,77.25,28.23564910888672
2023-08-11,32.0,77.5,20.571367263793945
2023-08-12,31.5,76.5,26.40668296813965
2023-08-12,31.5,76.75,35.55708694458008
2023-08-12,31.5,77.0,42.933143615722656
2023-08-12,31.5,77.25,12.991421699523926
2023-08-12,31.5,77.5,5.305388927459717
2023-08-12,31.75,76.5,81.09709167480469
2023-08-12,31.75,76.75,78.39542388916016
2023-08-12,31.75,77.0,15.1552095413208
2023-08-12,31.75,77.25,9.945523262023926
2023-08-12,31.75,77.5,7.526901721954346
2023-08-12,32.0,76.5,81.69700622558594
2023-08-12,32.0,76.75,65.37547302246094
2023-08-12,32.0,77.0,9.726503372192383
2023-08-12,32.0,77.25,5.336331844329834
2023-08-12,32.0,77.5,6.282325744628906
2023-08-13,31.5,76.5,72.23172760009766
2023-08-13,31.5,76.75,81.00507354736328
2023-08-13,31.5,77.0,75.5546875
2023-08-13,31.5,77.25,8.159256935119629
2023-08-13,31.5,77.5,2.2245943546295166
2023-08-13,31.75,76.5,124.54680633544922
2023-08-13,31.75,76.75,104.48836517333984
2023-08-13,31.75,77.0,21.35048484802246
2023-08-13,31.75,77.25,3.10813570022583
2023-08-13,31.75,77.5,0.8803704977035522
2023-08-13,32.0,76.5,54.25007629394531
2023-08-13,32.0,76.75,45.225311279296875
2023-08-13,32.0,77.0,2.6120290756225586
2023-08-13,32.0,77.25,0.0
2023-08-13,32.0,77.5,0.09909800440073013
2023-08-14,31.5,76.5,111.30950164794922
2023-08-14,31.5,76.75,94.25465393066406
2023-08-14,31.5,77.0,66.1063232421875
2023-08-14,31.5,77.25,54.37568664550781
2023-08-14,31.5,77.5,36.02092742919922
2023-08-14,31.75,76.5,163.15586853027344
2023-08-14,31.75,76.75,140.71214294433594
2023-08-14,31.75,77.0,74.67382049560547
2023-08-14,31.75,77.25,46.71607971191406
2023-08-14,31.75,77.5,24.499496459960938
2023-08-14,32.0,76.5,197.3377685546875
2023-08-14,32.0,76.75,147.8136749267578
2023-08-14,32.0,77.0,42.346736907958984
2023-08-14,32.0,77.25,34.09938430786133
2023-08-14,32.0,77.5,34.04167938232422
2023-08-15,31.5,76.5,36.46445846557617
2023-08-15,31.5,76.75,25.88254737854004
2023-08-15,31.5,77.0,60.10467529296875
2023-08-15,31.5,77.25,24.64579200744629
2023-08-15,31.5,77.5,39.79079055786133
2023-08-15,31.75,76.5,67.38719940185547
2023-08-15,31.75,76.75,45.499290466308594
2023-08-15,31.75,77.0,36.88916015625
2023-08-15,31.75,77.25,25.048967361450195
2023-08-15,31.75,77.5,20.15483856201172
2023-08-15,32.0,76.5,58.66179275512695
2023-08-15,32.0,76.75,45.90593338012695
2023-08-15,32.0,77.0,23.87395477294922
2023-08-15,32.0,77.25,21.307008743286133
2023-08-15,32.0,77.5,10.01379680633545
2023-08-16,31.5,76.5,0.0
2023-08-16,31.5,76.75,0.0
2023-08-16,31.5,77.0,2.2034568786621094
2023-08-16,31.5,77.25,0.0
2023-08-16,31.5,77.5,0.0
2023-08-16,31.75,76.5,1.8046646118164062
2023-08-16,31.75,76.75,3.2251315116882324
2023-08-16,31.75,77.0,2.4704599380493164
2023-08-16,31.75,77.25,0.9470100998878479
2023-08-16,31.75,77.5,0.0
2023-08-16,32.0,76.5,1.8335039615631104
2023-08-16,32.0,76.75,0.0
2023-08-16,32.0,77.0,0.0
2023-08-16,32.0,77.25,0.0
2023-08-16,32.0,77.5,0.0
2023-08-17,31.5,76.5,0.0
2023-08-17,31.5,76.75,0.0
2023-08-17,31.5,77.0,0.32186391949653625
2023-08-17,31.5,77.25,0.0
2023-08-17,31.5,77.5,0.0
2023-08-17,31.75,76.5,2.1603939533233643
2023-08-17,31.75,76.75,0.2484690099954605
2023-08-17,31.75,77.0,0.1900353729724884
2023-08-17,31.75,77.25,0.20272502303123474
2023-08-17,31.75,77.5,0.0
2023-08-17,32.0,76.5,8.31377124786377
2023-08-17,32.0,76.75,6.13934326171875
2023-08-17,32.0,77.0,0.08678758144378662
2023-08-17,32.0,77.25,0.0
2023-08-17,32.0,77.5,0.7265798449516296
2023-08-18,31.5,76.5,7.579342365264893
2023-08-18,31.5,76.75,0.17976149916648865
2023-08-18,31.5,77.0,0.5364398956298828
2023-08-18,31.5,77.25,0.0
2023-08-18,31.5,77.5,0.0
2023-08-18,31.75,76.5,5.027390956878662
2023-08-18,31.75,76.75,0.4141150116920471
2023-08-18,31.75,77.0,0.31672561168670654
2023-08-18,31.75,77.25,0.12141155451536179
2023-08-18,31.75,77.5,0.0
2023-08-18,32.0,76.5,3.3842391967773438
2023-08-18,32.0,76.75,0.0
2023-08-18,32.0,77.0,0.1020323857665062
2023-08-18,32.0,77.25,0.0
2023-08-18,32.0,77.5,0.0
2023-08-19,31.5,76.5,8.035027503967285
2023-08-19,31.5,76.75,12.896686553955078
2023-08-19,31.5,77.0,6.184691429138184
2023-08-19,31.5,77.25,0.0
2023-08-19,31.5,77.5,0.0
2023-08-19,31.75,76.5,2.10083270072937
2023-08-19,31.75,76.75,6.584268569946289
2023-08-19,31.75,77.0,0.45821014046669006
2023-08-19,31.75,77.25,0.1351500153541565
2023-08-19,31.75,77.5,0.0
2023-08-19,32.0,76.5,0.3369055688381195
2023-08-19,32.0,76.75,1.0495705604553223
2023-08-19,32.0,77.0,2.9343371391296387
2023-08-19,32.0,77.25,2.8194046020507812
2023-08-19,32.0,77.5,0.0
2023-08-20,31.5,76.5,0.0
2023-08-20,31.5,76.75,0.0
2023-08-20,31.5,77.0,0.0
2023-08-20,31.5,77.25,0.025283675640821457
2023-08-20,31.5,77.5,0.14377093315124512
2023-08-20,31.75,76.5,0.5967494249343872
2023-08-20,31.75,76.75,0.0
2023-08-20,31.75,77.0,0.0
2023-08-20,31.75,77.25,0.0
2023-08-20,31.75,77.5,0.2937300205230713
2023-08-20,32.0,76.5,0.5668973922729492
2023-08-20,32.0,76.75,0.15577241778373718
2023-08-20,32.0,77.0,0.0
2023-08-20,32.0,77.25,0.0
2023-08-20,32.0,77.5,0.2592959702014923
2023-08-21,31.5,76.5,0.0
2023-08-21,31.5,76.75,0.13218839466571808
2023-08-21,31.5,77.0,1.8375195264816284
2023-08-21,31.5,77.25,0.31769028306007385
2023-08-21,31.5,77.5,0.0
2023-08-21,31.75,76.5,2.883971929550171
2023-08-21,31.75,76.75,0.0
2023-08-21,31.75,77.0,0.24825666844844818
2023-08-21,31.75,77.25,0.0
2023-08-21,31.75,77.5,0.0
2023-08-21,32.0,76.5,11.594783782958984
2023-08-21,32.0,76.75,7.902257442474365
2023-08-21,32.0,77.0,0.0
2023-08-21,32.0,77.25,0.0
2023-08-21,32.0,77.5,0.0
2023-08-22,31.5,76.5,12.146141052246094
2023-08-22,31.5,76.75,5.596158027648926
2023-08-22,31.5,77.0,3.9928839206695557
2023-08-22,31.5,77.25,0.1626034677028656
2023-08-22,31.5,77.5,0.0
2023-08-22,31.75,76.5,38.03003692626953
2023-08-22,31.75,76.75,8.172163009643555
2023-08-22,31.75,77.0,2.3013041019439697
2023-08-22,31.75,77.25,0.9460501670837402
2023-08-22,31.75,77.5,0.0
2023-08-22,32.0,76.5,18.52267074584961
2023-08-22,32.0,76.75,1.7961090803146362
2023-08-22,32.0,77.0,1.0867270231246948
2023-08-22,32.0,77.25,0.6467729210853577
2023-08-22,32.0,77.5,0.0
2023-08-23,31.5,76.5,150.577880859375
2023-08-23,31.5,76.75,75.75556945800781
2023-08-23,31.5,77.0,72.07377624511719
2023-08-23,31.5,77.25,31.20181655883789
2023-08-23,31.5,77.5,3.4425621032714844
2023-08-23,31.75,76.5,36.60676574707031
2023-08-23,31.75,76.75,115.53699493408203
2023-08-23,31.75,77.0,34.29310989379883
2023-08-23,31.75,77.25,35.078304290771484
2023-08-23,31.75,77.5,11.047650337219238
2023-08-23,32.0,76.5,40.50003433227539
2023-08-23,32.0,76.75,37.18466567993164
2023-08-23,32.0,77.0,8.36225700378418
2023-08-23,32.0,77.25,2.8653078079223633
2023-08-23,32.0,77.5,9.780325889587402
2023-08-24,31.5,76.5,2.044621467590332
2023-08-24,31.5,76.75,6.039607524871826
2023-08-24,31.5,77.0,31.803598403930664
2023-08-24,31.5,77.25,15.721275329589844
2023-08-24,31.5,77.5,12.256682395935059
2023-08-24,31.75,76.5,31.2735538482666
2023-08-24,31.75,76.75,54.33497619628906
2023-08-24,31.75,77.0,38.010475158691406
2023-08-24,31.75,77.25,26.560131072998047
2023-08-24,31.75,77.5,14.68796443939209
2023-08-24,32.0,76.5,128.7655029296875
2023-08-24,32.0,76.75,118.84017944335938
2023-08-24,32.0,77.0,28.447607040405273
2023-08-24,32.0,77.25,23.339914321899414
2023-08-24,32.0,77.5,12.951166152954102
2023-08-25,31.5,76.5,35.09255599975586
2023-08-25,31.5,76.75,11.930562019348145
2023-08-25,31.5,77.0,9.558950424194336
2023-08-25,31.5,77.25,2.553682804107666
2023-08-25,31.5,77.5,3.485121011734009
2023-08-25,31.75,76.5,18.503772735595703
2023-08-25,31.75,76.75,15.10936450958252
2023-08-25,31.75,77.0,5.49494743347168
2023-08-25,31.75,77.25,3.3511576652526855
2023-08-25,31.75,77.5,2.381070137023926
2023-08-25,32.0,76.5,21.576366424560547
2023-08-25,32.0,76.75,18.77667999267578
2023-08-25,32.0,77.0,3.3276970386505127
2023-08-25,32.0,77.25,2.3305888175964355
2023-08-25,32.0,77.5,2.372429132461548
2023-08-26,31.5,76.5,5.409097194671631
2023-08-26,31.5,76.75,3.465909004211426
2023-08-26,31.5,77.0,0.0
2023-08-26,31.5,77.25,0.22347037494182587
2023-08-26,31.5,77.5,3.02118182182312
2023-08-26,31.75,76.5,1.7086962461471558
2023-08-26,31.75,76.75,0.36520013213157654
2023-08-26,31.75,77.0,0.0
2023-08-26,31.75,77.25,6.44719123840332
2023-08-26,31.75,77.5,4.3978962898254395
2023-08-26,32.0,76.5,1.6335855722427368
2023-08-26,32.0,76.75,0.0
2023-08-26,32.0,77.0,13.53737735748291
2023-08-26,32.0,77.25,24.671966552734375
2023-08-26,32.0,77.5,17.2627010345459
2023-08-27,31.5,76.5,1.136794924736023
2023-08-27,31.5,76.75,0.6324352622032166
2023-08-27,31.5,77.0,0.01105444971472025
2023-08-27,31.5,77.25,0.0
2023-08-27,31.5,77.5,0.0
2023-08-27,31.75,76.5,0.0
2023-08-27,31.75,76.75,2.3909928798675537
2023-08-27,31.75,77.0,0.21489708125591278
2023-08-27,31.75,77.25,0.05449429526925087
2023-08-27,31.75,77.5,0.0
2023-08-27,32.0,76.5,0.0
2023-08-27,32.0,76.75,0.522007167339325
2023-08-27,32.0,77.0,0.0
2023-08-27,32.0,77.25,0.0
2023-08-27,32.0,77.5,0.0
2023-08-28,31.5,76.5,0.5603921413421631
2023-08-28,31.5,76.75,0.0
2023-08-28,31.5,77.0,0.0
2023-08-28,31.5,77.25,0.0
2023-08-28,31.5,77.5,0.0
2023-08-28,31.75,76.5,0.0
2023-08-28,31.75,76.75,0.0
2023-08-28,31.75,77.0,0.0
2023-08-28,31.75,77.25,0.0
2023-08-28,31.75,77.5,0.0
2023-08-28,32.0,76.5,3.8931455612182617
2023-08-28,32.0,76.75,2.005728006362915
2023-08-28,32.0,77.0,0.8264138698577881
2023-08-28,32.0,77.25,0.7348595857620239
2023-08-28,32.0,77.5,0.0
2023-08-29,31.5,76.5,2.8153741359710693
2023-08-29,31.5,76.75,2.2745025157928467
2023-08-29,31.5,77.0,0.06736113131046295
2023-08-29,31.5,77.25,0.0
2023-08-29,31.5,77.5,0.0
2023-08-29,31.75,76.5,0.0
2023-08-29,31.75,76.75,0.23966257274150848
2023-08-29,31.75,77.0,0.0
2023-08-29,31.75,77.25,0.0
2023-08-29,31.75,77.5,0.0
2023-08-29,32.0,76.5,0.8167927861213684
2023-08-29,32.0,76.75,0.0
2023-08-29,32.0,77.0,0.604828953742981
2023-08-29,32.0,77.25,0.9877555966377258
2023-08-29,32.0,77.5,0.0
2023-08-30,31.5,76.5,0.0
2023-08-30,31.5,76.75,0.0
2023-08-30,31.5,77.0,0.0
2023-08-30,31.5,77.25,0.0
2023-08-30,31.5,77.5,0.0
2023-08-30,31.75,76.5,0.0
2023-08-30,31.75,76.75,0.0
2023-08-30,31.75,77.0,0.0
2023-08-30,31.75,77.25,0.0
2023-08-30,31.75,77.5,0.0
2023-08-30,32.0,76.5,0.0
2023-08-30,32.0,76.75,0.0
2023-08-30,32.0,77.0,0.0
2023-08-30,32.0,77.25,0.0
2023-08-30,32.0,77.5,0.0
2023-08-31,31.5,76.5,0.0
2023-08-31,31.5,76.75,0.0
2023-08-31,31.5,77.0,0.0
2023-08-31,31.5,77.25,0.0
2023-08-31,31.5,77.5,0.0
2023-08-31,31.75,76.5,0.0
2023-08-31,31.75,76.75,0.0
2023-08-31,31.75,77.0,0.0
2023-08-31,31.75,77.25,0.0
2023-08-31,31.75,77.5,0.0
2023-08-31,32.0,76.5,0.0
2023-08-31,32.0,76.75,0.0
2023-08-31,32.0,77.0,0.0
2023-08-31,32.0,77.25,0.0
2023-08-31,32.0,77.5,0.0
2023-09-01,31.5,76.5,0.3859488368034363
2023-09-01,31.5,76.75,0.21471565961837769
2023-09-01,31.5,77.0,0.0
2023-09-01,31.5,77.25,0.0
2023-09-01,31.5,77.5,0.0
2023-09-01,31.75,76.5,7.803965091705322
2023-09-01,31.75,76.75,0.0
2023-09-01,31.75,77.0,0.0
2023-09-01,31.75,77.25,0.0
2023-09-01,31.75,77.5,0.0
2023-09-01,32.0,76.5,0.4288383722305298
2023-09-01,32.0,76.75,0.0
2023-09-01,32.0,77.0,0.0
2023-09-01,32.0,77.25,0.0
2023-09-01,32.0,77.5,0.0
2023-09-02,31.5,76.5,22.591773986816406
2023-09-02,31.5,76.75,0.6681296825408936
2023-09-02,31.5,77.0,0.4685664772987366
2023-09-02,31.5,77.25,0.0
2023-09-02,31.5,77.5,0.0
2023-09-02,31.75,76.5,8.272173881530762
2023-09-02,31.75,76.75,15.572689056396484
2023-09-02,31.75,77.0,1.510016918182373
2023-09-02,31.75,77.25,0.0
2023-09-02,31.75,77.5,0.0
2023-09-02,32.0,76.5,1.1297800540924072
2023-09-02,32.0,76.75,4.493786811828613
2023-09-02,32.0,77.0,0.0
2023-09-02,32.0,77.25,0.0
2023-09-02,32.0,77.5,0.0
2023-09-03,31.5,76.5,0.0
2023-09-03,31.5,76.75,0.0
2023-09-03,31.5,77.0,0.0
2023-09-03,31.5,77.25,0.0
2023-09-03,31.5,77.5,0.0
2023-09-03,31.75,76.5,0.0
2023-09-03,31.75,76.75,0.0
2023-09-03,31.75,77.0,0.0
2023-09-03,31.75,77.25,0.0
2023-09-03,31.75,77.5,0.0
2023-09-03,32.0,76.5,0.0
2023-09-03,32.0,76.75,0.0
2023-09-03,32.0,77.0,0.0
2023-09-03,32.0,77.25,0.0
2023-09-03,32.0,77.5,0.0
2023-09-04,31.5,76.5,0.0
2023-09-04,31.5,76.75,0.0
2023-09-04,31.5,77.0,0.0
2023-09-04,31.5,77.25,0.0
2023-09-04,31.5,77.5,0.0
2023-09-04,31.75,76.5,0.0
2023-09-04,31.75,76.75,0.0
2023-09-04,31.75,77.0,0.0
2023-09-04,31.75,77.25,0.0
2023-09-04,31.75,77.5,0.0
2023-09-04,32.0,76.5,0.4219512939453125
2023-09-04,32.0,76.75,0.5014320015907288
2023-09-04,32.0,77.0,0.0
2023-09-04,32.0,77.25,0.0
2023-09-04,32.0,77.5,0.0
2023-09-05,31.5,76.5,4.844323635101318
2023-09-05,31.5,76.75,41.472007751464844
2023-09-05,31.5,77.0,2.4597132205963135
2023-09-05,31.5,77.25,2.745205879211426
2023-09-05,31.5,77.5,6.051723957061768
2023-09-05,31.75,76.5,12.639813423156738
2023-09-05,31.75,76.75,14.492237091064453
2023-09-05,31.75,77.0,2.717164993286133
2023-09-05,31.75,77.25,1.834417700767517
2023-09-05,31.75,77.5,4.48082160949707
2023-09-05,32.0,76.5,24.758289337158203
2023-09-05,32.0,76.75,14.802410125732422
2023-09-05,32.0,77.0,0.23143355548381805
2023-09-05,32.0,77.25,0.2550669312477112
2023-09-05,32.0,77.5,2.6904330253601074
2023-09-06,31.5,76.5,0.0
2023-09-06,31.5,76.75,0.0
2023-09-06,31.5,77.0,0.0
2023-09-06,31.5,77.25,0.0
2023-09-06,31.5,77.5,0.0
2023-09-06,31.75,76.5,0.0
2023-09-06,31.75,76.75,0.0
2023-09-06,31.75,77.0,0.0
2023-09-06,31.75,77.25,0.0
2023-09-06,31.75,77.5,0.19764189422130585
2023-09-06,32.0,76.5,0.0
2023-09-06,32.0,76.75,0.0
2023-09-06,32.0,77.0,0.0
2023-09-06,32.0,77.25,0.0
2023-09-06,32.0,77.5,0.2628026306629181
2023-09-07,31.5,76.5,0.0
2023-09-07,31.5,76.75,0.0
2023-09-07,31.5,77.0,7.129006862640381
2023-09-07,31.5,77.25,1.5239185094833374
2023-09-07,31.5,77.5,0.22779405117034912
2023-09-07,31.75,76.5,0.0
2023-09-07,31.75,76.75,0.0
2023-09-07,31.75,77.0,0.0
2023-09-07,31.75,77.25,0.5153545141220093
2023-09-07,31.75,77.5,0.4035310745239258
2023-09-07,32.0,76.5,0.0
2023-09-07,32.0,76.75,0.0
2023-09-07,32.0,77.0,0.0
2023-09-07,32.0,77.25,0.0
2023-09-07,32.0,77.5,0.09909800440073013
2023-09-08,31.5,76.5,0.0
2023-09-08,31.5,76.75,0.0
2023-09-08,31.5,77.0,0.0
2023-09-08,31.5,77.25,0.0
2023-09-08,31.5,77.5,0.0
2023-09-08,31.75,76.5,0.0
2023-09-08,31.75,76.75,0.0
2023-09-08,31.75,77.0,0.0
2023-09-08,31.75,77.25,0.0
2023-09-08,31.75,77.5,0.0
2023-09-08,32.0,76.5,0.0
2023-09-08,32.0,76.75,0.0
2023-09-08,32.0,77.0,0.0
2023-09-08,32.0,77.25,0.0
2023-09-08,32.0,77.5,0.0
2023-09-09,31.5,76.5,0.0
2023-09-09,31.5,76.75,0.0
2023-09-09,31.5,77.0,0.0
2023-09-09,31.5,77.25,0.1414279341697693
2023-09-09,31.5,77.5,0.03934434428811073
2023-09-09,31.75,76.5,0.38006696105003357
2023-09-09,31.75,76.75,2.813082456588745
2023-09-09,31.75,77.0,0.18470394611358643
2023-09-09,31.75,77.25,0.0
2023-09-09,31.75,77.5,0.4453039765357971
2023-09-09,32.0,76.5,1.68780517578125
2023-09-09,32.0,76.75,2.6419243812561035
2023-09-09,32.0,77.0,0.0
2023-09-09,32.0,77.25,0.0
2023-09-09,32.0,77.5,0.14435610175132751
2023-09-10,31.5,76.5,0.0
2023-09-10,31.5,76.75,0.0
2023-09-10,31.5,77.0,0.0
2023-09-10,31.5,77.25,0.03480798751115799
2023-09-10,31.5,77.5,0.03714340180158615
2023-09-10,31.75,76.5,0.0
2023-09-10,31.75,76.75,0.0
2023-09-10,31.75,77.0,0.0
2023-09-10,31.75,77.25,0.0
2023-09-10,31.75,77.5,0.06399865448474884
2023-09-10,32.0,76.5,0.24503783881664276
2023-09-10,32.0,76.75,0.0
2023-09-10,32.0,77.0,0.0
2023-09-10,32.0,77.25,0.0
2023-09-10,32.0,77.5,0.04159146547317505
2023-09-11,31.5,76.5,5.628021717071533
2023-09-11,31.5,76.75,27.239439010620117
2023-09-11,31.5,77.0,10.055302619934082
2023-09-11,31.5,77.25,1.3358255624771118
2023-09-11,31.5,77.5,0.15596412122249603
2023-09-11,31.75,76.5,0.0
2023-09-11,31.75,76.75,3.7923882007598877
2023-09-11,31.75,77.0,0.9450530409812927
2023-09-11,31.75,77.25,1.602596640586853
2023-09-11,31.75,77.5,0.0
2023-09-11,32.0,76.5,0.0
2023-09-11,32.0,76.75,0.0
2023-09-11,32.0,77.0,0.3182211220264435
2023-09-11,32.0,77.25,0.0
2023-09-11,32.0,77.5,0.0
2023-09-12,31.5,76.5,6.444509029388428
2023-09-12,31.5,76.75,0.0
2023-09-12,31.5,77.0,0.0
2023-09-12,31.5,77.25,0.0
2023-09-12,31.5,77.5,0.0
2023-09-12,31.75,76.5,0.0
2023-09-12,31.75,76.75,0.0
2023-09-12,31.75,77.0,0.0
2023-09-12,31.75,77.25,0.0
2023-09-12,31.75,77.5,0.0
2023-09-12,32.0,76.5,0.0
2023-09-12,32.0,76.75,0.0
2023-09-12,32.0,77.0,0.4056004285812378
2023-09-12,32.0,77.25,0.2181834876537323
2023-09-12,32.0,77.5,0.0
2023-09-13,31.5,76.5,0.0
2023-09-13,31.5,76.75,0.0
2023-09-13,31.5,77.0,0.0
2023-09-13,31.5,77.25,0.0
2023-09-13,31.5,77.5,0.0
2023-09-13,31.75,76.5,0.0
2023-09-13,31.75,76.75,0.0
2023-09-13,31.75,77.0,0.0
2023-09-13,31.75,77.25,0.0
2023-09-13,31.75,77.5,0.0
2023-09-13,32.0,76.5,11.761815071105957
2023-09-13,32.0,76.75,0.0
2023-09-13,32.0,77.0,0.0
2023-09-13,32.0,77.25,0.0
2023-09-13,32.0,77.5,0.0
2023-09-14,31.5,76.5,0.8420702219009399
2023-09-14,31.5,76.75,0.4684705436229706
2023-09-14,31.5,77.0,0.0
2023-09-14,31.5,77.25,0.0
2023-09-14,31.5,77.5,0.0
2023-09-14,31.75,76.5,0.0
2023-09-14,31.75,76.75,0.0
2023-09-14,31.75,77.0,0.0
2023-09-14,31.75,77.25,0.0
2023-09-14,31.75,77.5,0.0
2023-09-14,32.0,76.5,0.08793262392282486
2023-09-14,32.0,76.75,0.0
2023-09-14,32.0,77.0,0.0
2023-09-14,32.0,77.25,0.0
2023-09-14,32.0,77.5,0.0
2023-09-15,31.5,76.5,0.0
2023-09-15,31.5,76.75,0.025515280663967133
2023-09-15,31.5,77.0,0.9187597632408142
2023-09-15,31.5,77.25,0.15884514153003693
2023-09-15,31.5,77.5,0.11100716888904572
2023-09-15,31.75,76.5,3.95786714553833
2023-09-15,31.75,76.75,0.0
2023-09-15,31.75,77.0,0.12412833422422409
2023-09-15,31.75,77.25,0.0
2023-09-15,31.75,77.5,0.922328770160675
2023-09-15,32.0,76.5,22.476118087768555
2023-09-15,32.0,76.75,13.902132987976074
2023-09-15,32.0,77.0,4.509687423706055
2023-09-15,32.0,77.25,3.453939199447632
2023-09-15,32.0,77.5,0.0
2023-09-16,31.5,76.5,0.32181650400161743
2023-09-16,31.5,76.75,4.770232677459717
2023-09-16,31.5,77.0,5.586710453033447
2023-09-16,31.5,77.25,9.009737968444824
2023-09-16,31.5,77.5,3.240013837814331
2023-09-16,31.75,76.5,30.346986770629883
2023-09-16,31.75,76.75,10.916813850402832
2023-09-16,31.75,77.0,20.527137756347656
2023-09-16,31.75,77.25,14.757112503051758
2023-09-16,31.75,77.5,8.886201858520508
2023-09-16,32.0,76.5,37.361968994140625
2023-09-16,32.0,76.75,29.963924407958984
2023-09-16,32.0,77.0,15.02194595336914
2023-09-16,32.0,77.25,12.806989669799805
2023-09-16,32.0,77.5,11.439159393310547
2023-09-17,31.5,76.5,0.2572901248931885
2023-09-17,31.5,76.75,0.2033274620771408
2023-09-17,31.5,77.0,0.0
2023-09-17,31.5,77.25,0.020270606502890587
2023-09-17,31.5,77.5,0.74800705909729
2023-09-17,31.75,76.5,0.0
2023-09-17,31.75,76.75,0.02799414098262787
2023-09-17,31.75,77.0,0.0
2023-09-17,31.75,77.25,1.0073736906051636
2023-09-17,31.75,77.5,1.1608370542526245
2023-09-17,32.0,76.5,0.0
2023-09-17,32.0,76.75,0.0
2023-09-17,32.0,77.0,2.852773427963257
2023-09-17,32.0,77.25,4.618570804595947
2023-09-17,32.0,77.5,2.689065456390381
2023-09-18,31.5,76.5,43.09904861450195
2023-09-18,31.5,76.75,62.76390075683594
2023-09-18,31.5,77.0,2.15864896774292
2023-09-18,31.5,77.25,14.053951263427734
2023-09-18,31.5,77.5,5.165583610534668
2023-09-18,31.75,76.5,29.555105209350586
2023-09-18,31.75,76.75,11.763652801513672
2023-09-18,31.75,77.0,6.718017578125
2023-09-18,31.75,77.25,16.252704620361328
2023-09-18,31.75,77.5,10.519259452819824
2023-09-18,32.0,76.5,21.672103881835938
2023-09-18,32.0,76.75,16.549039840698242
2023-09-18,32.0,77.0,11.02050495147705
2023-09-18,32.0,77.25,12.417972564697266
2023-09-18,32.0,77.5,10.860994338989258
2023-09-19,31.5,76.5,0.9160122275352478
2023-09-19,31.5,76.75,10.382905006408691
2023-09-19,31.5,77.0,4.766773700714111
2023-09-19,31.5,77.25,2.6601004600524902
2023-09-19,31.5,77.5,6.3178911209106445
2023-09-19,31.75,76.5,5.310257434844971
2023-09-19,31.75,76.75,1.8283159732818604
2023-09-19,31.75,77.0,0.8112455606460571
2023-09-19,31.75,77.25,1.626336932182312
2023-09-19,31.75,77.5,9.174570083618164
2023-09-19,32.0,76.5,11.190261840820312
2023-09-19,32.0,76.75,4.286523342132568
2023-09-19,32.0,77.0,5.078946113586426
2023-09-19,32.0,77.25,6.833746433258057
2023-09-19,32.0,77.5,7.423532962799072
2023-09-20,31.5,76.5,0.0
2023-09-20,31.5,76.75,1.2844830751419067
2023-09-20,31.5,77.0,2.711869716644287
2023-09-20,31.5,77.25,3.725288152694702
2023-09-20,31.5,77.5,5.318342208862305
2023-09-20,31.75,76.5,1.042589545249939
2023-09-20,31.75,76.75,0.1369500607252121
2023-09-20,31.75,77.0,0.30555424094200134
2023-09-20,31.75,77.25,3.1447534561157227
2023-09-20,31.75,77.5,4.17805290222168
2023-09-20,32.0,76.5,0.9185183644294739
2023-09-20,32.0,76.75,0.0995602011680603
2023-09-20,32.0,77.0,3.006216287612915
2023-09-20,32.0,77.25,4.890199184417725
2023-09-20,32.0,77.5,3.922496795654297
2023-09-21,31.5,76.5,0.0
2023-09-21,31.5,76.75,0.0
2023-09-21,31.5,77.0,0.0
2023-09-21,31.5,77.25,0.0
2023-09-21,31.5,77.5,0.0
2023-09-21,31.75,76.5,0.0
2023-09-21,31.75,76.75,0.0
2023-09-21,31.75,77.0,0.0
2023-09-21,31.75,77.25,0.0
2023-09-21,31.75,77.5,0.0
2023-09-21,32.0,76.5,0.0
2023-09-21,32.0,76.75,0.0
2023-09-21,32.0,77.0,3.0420031547546387
2023-09-21,32.0,77.25,1.4194086790084839
2023-09-21,32.0,77.5,0.0
2023-09-22,31.5,76.5,0.0
2023-09-22,31.5,76.75,0.8724433779716492
2023-09-22,31.5,77.0,1.6207265853881836
2023-09-22,31.5,77.25,0.0
2023-09-22,31.5,77.5,0.0
2023-09-22,31.75,76.5,0.5716501474380493
2023-09-22,31.75,76.75,0.0
2023-09-22,31.75,77.0,1.6384940147399902
2023-09-22,31.75,77.25,0.0
2023-09-22,31.75,77.5,0.0
2023-09-22,32.0,76.5,4.49043607711792
2023-09-22,32.0,76.75,4.703276634216309
2023-09-22,32.0,77.0,0.0
2023-09-22,32.0,77.25,0.0
2023-09-22,32.0,77.5,0.0
2023-09-23,31.5,76.5,7.93171501159668
2023-09-23,31.5,76.75,8.123223304748535
2023-09-23,31.5,77.0,3.8386104106903076
2023-09-23,31.5,77.25,0.0
2023-09-23,31.5,77.5,0.0
2023-09-23,31.75,76.5,0.6023850440979004
2023-09-23,31.75,76.75,0.9387608170509338
2023-09-23,31.75,77.0,0.06334512680768967
2023-09-23,31.75,77.25,0.024282310158014297
2023-09-23,31.75,77.5,0.0
2023-09-23,32.0,76.5,0.60239577293396
2023-09-23,32.0,76.75,0.0
2023-09-23,32.0,77.0,0.02040647715330124
2023-09-23,32.0,77.25,0.0
2023-09-23,32.0,77.5,0.0
2023-09-24,31.5,76.5,3.1836698055267334
2023-09-24,31.5,76.75,2.491122007369995
2023-09-24,31.5,77.0,0.073776476085186
2023-09-24,31.5,77.25,0.0
2023-09-24,31.5,77.5,0.0
2023-09-24,31.75,76.5,2.044410467147827
2023-09-24,31.75,76.75,0.26248759031295776
2023-09-24,31.75,77.0,0.0
2023-09-24,31.75,77.25,0.0
2023-09-24,31.75,77.5,0.0
2023-09-24,32.0,76.5,0.0
2023-09-24,32.0,76.75,0.0
2023-09-24,32.0,77.0,0.0
2023-09-24,32.0,77.25,0.0
2023-09-24,32.0,77.5,0.0
2023-09-25,31.5,76.5,0.0
2023-09-25,31.5,76.75,0.0
2023-09-25,31.5,77.0,0.0
2023-09-25,31.5,77.25,0.0
2023-09-25,31.5,77.5,0.0
2023-09-25,31.75,76.5,0.0
2023-09-25,31.75,76.75,0.0
2023-09-25,31.75,77.0,0.0
2023-09-25,31.75,77.25,0.0
2023-09-25,31.75,77.5,0.0
2023-09-25,32.0,76.5,0.0
2023-09-25,32.0,76.75,0.0
2023-09-25,32.0,77.0,0.0
2023-09-25,32.0,77.25,0.0
2023-09-25,32.0,77.5,0.0
2023-09-26,31.5,76.5,0.0
2023-09-26,31.5,76.75,0.0
2023-09-26,31.5,77.0,0.0
2023-09-26,31.5,77.25,0.0
2023-09-26,31.5,77.5,0.0
2023-09-26,31.75,76.5,0.0
2023-09-26,31.75,76.75,0.0
2023-09-26,31.75,77.0,0.0
2023-09-26,31.75,77.25,0.0
2023-09-26,31.75,77.5,0.0
2023-09-26,32.0,76.5,0.0
2023-09-26,32.0,76.75,0.0
2023-09-26,32.0,77.0,0.0
2023-09-26,32.0,77.25,0.0
2023-09-26,32.0,77.5,0.0
2023-09-27,31.5,76.5,0.0
2023-09-27,31.5,76.75,0.0
2023-09-27,31.5,77.0,0.0
2023-09-27,31.5,77.25,0.0
2023-09-27,31.5,77.5,0.0
2023-09-27,31.75,76.5,0.0
2023-09-27,31.75,76.75,0.0
2023-09-27,31.75,77.0,0.0
2023-09-27,31.75,77.25,0.0
2023-09-27,31.75,77.5,0.0
2023-09-27,32.0,76.5,0.0
2023-09-27,32.0,76.75,0.0
2023-09-27,32.0,77.0,0.0
2023-09-27,32.0,77.25,0.0
2023-09-27,32.0,77.5,0.0
2023-09-28,31.5,76.5,0.0
2023-09-28,31.5,76.75,0.0
2023-09-28,31.5,77.0,0.0
2023-09-28,31.5,77.25,0.0
2023-09-28,31.5,77.5,0.0
2023-09-28,31.75,76.5,0.0
2023-09-28,31.75,76.75,0.0
2023-09-28,31.75,77.0,0.0
2023-09-28,31.75,77.25,0.0
2023-09-28,31.75,77.5,0.0
2023-09-28,32.0,76.5,0.0
2023-09-28,32.0,76.75,0.0
2023-09-28,32.0,77.0,0.0
2023-09-28,32.0,77.25,0.0
2023-09-28,32.0,77.5,0.0
2023-09-29,31.5,76.5,0.0
2023-09-29,31.5,76.75,0.0
2023-09-29,31.5,77.0,0.0
2023-09-29,31.5,77.25,0.0
2023-09-29,31.5,77.5,0.0
2023-09-29,31.75,76.5,0.0
2023-09-29,31.75,76.75,0.0
2023-09-29,31.75,77.0,0.0
2023-09-29,31.75,77.25,0.0
2023-09-29,31.75,77.5,0.0
2023-09-29,32.0,76.5,0.0
2023-09-29,32.0,76.75,0.0
2023-09-29,32.0,77.0,0.0
2023-09-29,32.0,77.25,0.0
2023-09-29,32.0,77.5,0.0
2023-09-30,31.5,76.5,0.0
2023-09-30,31.5,76.75,0.0
2023-09-30,31.5,77.0,0.1257782131433487
2023-09-30,31.5,77.25,0.0
2023-09-30,31.5,77.5,0.0
2023-09-30,31.75,76.5,0.0
2023-09-30,31.75,76.75,0.6625840067863464
2023-09-30,31.75,77.0,0.5067610144615173
2023-09-30,31.75,77.25,0.0
2023-09-30,31.75,77.5,0.0
2023-09-30,32.0,76.5,0.0
2023-09-30,32.0,76.75,0.33199429512023926
2023-09-30,32.0,77.0,0.1632518172264099
2023-09-30,32.0,77.25,0.0
2023-09-30,32.0,77.5,0.0
2023-10-01,31.5,76.5,0.0
2023-10-01,31.5,76.75,0.025515280663967133
2023-10-01,31.5,77.0,1.6697756052017212
2023-10-01,31.5,77.25,0.03997717425227165
2023-10-01,31.5,77.5,0.0
2023-10-01,31.75,76.5,0.0
2023-10-01,31.75,76.75,0.5788697600364685
2023-10-01,31.75,77.0,0.5675442218780518
2023-10-01,31.75,77.25,3.244473934173584
2023-10-01,31.75,77.5,0.0
2023-10-01,32.0,76.5,0.0
2023-10-01,32.0,76.75,0.0
2023-10-01,32.0,77.0,10.98660945892334
2023-10-01,32.0,77.25,16.701807022094727
2023-10-01,32.0,77.5,7.882435321807861
2023-10-02,31.5,76.5,0.0
2023-10-02,31.5,76.75,0.0
2023-10-02,31.5,77.0,0.23642347753047943
2023-10-02,31.5,77.25,1.3306714296340942
2023-10-02,31.5,77.5,3.098344326019287
2023-10-02,31.75,76.5,0.9141313433647156
2023-10-02,31.75,76.75,0.0
2023-10-02,31.75,77.0,1.943320393562317
2023-10-02,31.75,77.25,1.6434998512268066
2023-10-02,31.75,77.5,1.9153443574905396
2023-10-02,32.0,76.5,0.8629859089851379
2023-10-02,32.0,76.75,0.6969475150108337
2023-10-02,32.0,77.0,2.6745059490203857
2023-10-02,32.0,77.25,2.599337100982666
2023-10-02,32.0,77.5,1.8648996353149414
2023-10-03,31.5,76.5,0.0
2023-10-03,31.5,76.75,0.0
2023-10-03,31.5,77.0,0.0
2023-10-03,31.5,77.25,0.5550137162208557
2023-10-03,31.5,77.5,0.25630223751068115
2023-10-03,31.75,76.5,0.0
2023-10-03,31.75,76.75,0.0
2023-10-03,31.75,77.0,0.0
2023-10-03,31.75,77.25,1.2374765872955322
2023-10-03,31.75,77.5,1.0998241901397705
2023-10-03,32.0,76.5,0.0
2023-10-03,32.0,76.75,0.0
2023-10-03,32.0,77.0,2.465207099914551
2023-10-03,32.0,77.25,3.3716862201690674
2023-10-03,32.0,77.5,1.6647621393203735
2023-10-04,31.5,76.5,0.0
2023-10-04,31.5,76.75,0.0
2023-10-04,31.5,77.0,0.0
2023-10-04,31.5,77.25,0.0
2023-10-04,31.5,77.5,0.0
2023-10-04,31.75,76.5,0.0
2023-10-04,31.75,76.75,0.0
2023-10-04,31.75,77.0,0.0
2023-10-04,31.75,77.25,0.4029494524002075
2023-10-04,31.75,77.5,0.14649920165538788
2023-10-04,32.0,76.5,0.0
2023-10-04,32.0,76.75,0.0
2023-10-04,32.0,77.0,0.7829126119613647
2023-10-04,32.0,77.25,1.5567214488983154
2023-10-04,32.0,77.5,0.8649076819419861
2023-10-05,31.5,76.5,0.0
2023-10-05,31.5,76.75,0.0
2023-10-05,31.5,77.0,0.0
2023-10-05,31.5,77.25,0.0
2023-10-05,31.5,77.5,0.0
2023-10-05,31.75,76.5,0.0
2023-10-05,31.75,76.75,0.0
2023-10-05,31.75,77.0,0.0
2023-10-05,31.75,77.25,0.0
2023-10-05,31.75,77.5,0.0
2023-10-05,32.0,76.5,0.0
2023-10-05,32.0,76.75,0.0
2023-10-05,32.0,77.0,0.0
2023-10-05,32.0,77.25,0.0
2023-10-05,32.0,77.5,0.0
2023-10-06,31.5,76.5,0.0
2023-10-06,31.5,76.75,0.0
2023-10-06,31.5,77.0,0.0
2023-10-06,31.5,77.25,0.0
2023-10-06,31.5,77.5,0.0
2023-10-06,31.75,76.5,0.0
2023-10-06,31.75,76.75,0.0
2023-10-06,31.75,77.0,0.0
2023-10-06,31.75,77.25,0.0
2023-10-06,31.75,77.5,0.0
2023-10-06,32.0,76.5,0.0
2023-10-06,32.0,76.75,0.0
2023-10-06,32.0,77.0,0.0
2023-10-06,32.0,77.25,0.0
2023-10-06,32.0,77.5,0.0
2023-10-07,31.5,76.5,0.0
2023-10-07,31.5,76.75,0.0
2023-10-07,31.5,77.0,0.0
2023-10-07,31.5,77.25,0.0
2023-10-07,31.5,77.5,0.0
2023-10-07,31.75,76.5,0.0
2023-10-07,31.75,76.75,0.0
2023-10-07,31.75,77.0,0.0
2023-10-07,31.75,77.25,0.0
2023-10-07,31.75,77.5,0.0
2023-10-07,32.0,76.5,0.0
2023-10-07,32.0,76.75,0.0
2023-10-07,32.0,77.0,0.0
2023-10-07,32.0,77.25,0.0
2023-10-07,32.0,77.5,0.0
2023-10-08,31.5,76.5,0.0
2023-10-08,31.5,76.75,0.0
2023-10-08,31.5,77.0,0.0
2023-10-08,31.5,77.25,0.0
2023-10-08,31.5,77.5,0.0
2023-10-08,31.75,76.5,0.0
2023-10-08,31.75,76.75,0.0
2023-10-08,31.75,77.0,0.0
2023-10-08,31.75,77.25,0.0
2023-10-08,31.75,77.5,0.0
2023-10-08,32.0,76.5,0.0
2023-10-08,32.0,76.75,0.0
2023-10-08,32.0,77.0,0.0
2023-10-08,32.0,77.25,0.0
2023-10-08,32.0,77.5,0.0
2023-10-09,31.5,76.5,0.0
2023-10-09,31.5,76.75,0.0
2023-10-09,31.5,77.0,0.0
2023-10-09,31.5,77.25,0.0
2023-10-09,31.5,77.5,0.0
2023-10-09,31.75,76.5,0.0
2023-10-09,31.75,76.75,0.0
2023-10-09,31.75,77.0,0.0
2023-10-09,31.75,77.25,0.0
2023-10-09,31.75,77.5,0.0
2023-10-09,32.0,76.5,0.0
2023-10-09,32.0,76.75,0.0
2023-10-09,32.0,77.0,0.0
2023-10-09,32.0,77.25,0.0
2023-10-09,32.0,77.5,0.0
2023-10-10,31.5,76.5,1.5833754539489746
2023-10-10,31.5,76.75,4.090317249298096
2023-10-10,31.5,77.0,1.7043946981430054
2023-10-10,31.5,77.25,3.9552812576293945
2023-10-10,31.5,77.5,7.167917251586914
2023-10-10,31.75,76.5,1.6955257654190063
2023-10-10,31.75,76.75,3.06070613861084
2023-10-10,31.75,77.0,6.259154319763184
2023-10-10,31.75,77.25,4.7262773513793945
2023-10-10,31.75,77.5,6.11329460144043
2023-10-10,32.0,76.5,2.09245228767395
2023-10-10,32.0,76.75,3.2084312438964844
2023-10-10,32.0,77.0,7.1256608963012695
2023-10-10,32.0,77.25,6.988590717315674
2023-10-10,32.0,77.5,6.515499114990234
2023-10-11,31.5,76.5,0.0
2023-10-11,31.5,76.75,0.0
2023-10-11,31.5,77.0,0.0
2023-10-11,31.5,77.25,0.0
2023-10-11,31.5,77.5,0.0
2023-10-11,31.75,76.5,0.0
2023-10-11,31.75,76.75,0.0
2023-10-11,31.75,77.0,0.0
2023-10-11,31.75,77.25,0.0
2023-10-11,31.75,77.5,0.0
2023-10-11,32.0,76.5,2.6166834831237793
2023-10-11,32.0,76.75,1.04053795337677
2023-10-11,32.0,77.0,0.0
2023-10-11,32.0,77.25,0.0
2023-10-11,32.0,77.5,0.0
2023-10-12,31.5,76.5,0.0
2023-10-12,31.5,76.75,0.0
2023-10-12,31.5,77.0,0.0
2023-10-12,31.5,77.25,0.0
2023-10-12,31.5,77.5,0.0
2023-10-12,31.75,76.5,0.0
2023-10-12,31.75,76.75,0.0
2023-10-12,31.75,77.0,0.0
2023-10-12,31.75,77.25,0.0
2023-10-12,31.75,77.5,0.0
2023-10-12,32.0,76.5,0.0
2023-10-12,32.0,76.75,0.0
2023-10-12,32.0,77.0,0.0
2023-10-12,32.0,77.25,0.0
2023-10-12,32.0,77.5,0.0
2023-10-13,31.5,76.5,0.0
2023-10-13,31.5,76.75,0.0
2023-10-13,31.5,77.0,0.0
2023-10-13,31.5,77.25,0.0
2023-10-13,31.5,77.5,0.0
2023-10-13,31.75,76.5,0.0
2023-10-13,31.75,76.75,0.0
2023-10-13,31.75,77.0,0.0
2023-10-13,31.75,77.25,0.0
2023-10-13,31.75,77.5,0.0
2023-10-13,32.0,76.5,0.0
2023-10-13,32.0,76.75,0.0
2023-10-13,32.0,77.0,0.0
2023-10-13,32.0,77.25,0.0
2023-10-13,32.0,77.5,0.0
2023-10-14,31.5,76.5,0.0
2023-10-14,31.5,76.75,0.0
2023-10-14,31.5,77.0,0.0
2023-10-14,31.5,77.25,0.0
2023-10-14,31.5,77.5,0.0
2023-10-14,31.75,76.5,0.0
2023-10-14,31.75,76.75,0.0
2023-10-14,31.75,77.0,0.0
2023-10-14,31.75,77.25,0.0
2023-10-14,31.75,77.5,0.0
2023-10-14,32.0,76.5,0.0
2023-10-14,32.0,76.75,0.0
2023-10-14,32.0,77.0,0.0
2023-10-14,32.0,77.25,0.0
2023-10-14,32.0,77.5,0.0
2023-10-15,31.5,76.5,8.441039085388184
2023-10-15,31.5,76.75,11.02757740020752
2023-10-15,31.5,77.0,4.862601280212402
2023-10-15,31.5,77.25,4.930503845214844
2023-10-15,31.5,77.5,5.959484100341797
2023-10-15,31.75,76.5,2.1893415451049805
2023-10-15,31.75,76.75,7.877549648284912
2023-10-15,31.75,77.0,4.243622779846191
2023-10-15,31.75,77.25,5.337769985198975
2023-10-15,31.75,77.5,5.674141883850098
2023-10-15,32.0,76.5,9.46059513092041
2023-10-15,32.0,76.75,9.22144603729248
2023-10-15,32.0,77.0,4.88126277923584
2023-10-15,32.0,77.25,5.234128475189209
2023-10-15,32.0,77.5,4.8208327293396
2023-10-16,31.5,76.5,0.0
2023-10-16,31.5,76.75,0.0
2023-10-16,31.5,77.0,0.0
2023-10-16,31.5,77.25,0.29292428493499756
2023-10-16,31.5,77.5,1.6006333827972412
2023-10-16,31.75,76.5,4.575316429138184
2023-10-16,31.75,76.75,0.34426677227020264
2023-10-16,31.75,77.0,0.0
2023-10-16,31.75,77.25,0.0
2023-10-16,31.75,77.5,0.4512619078159332
2023-10-16,32.0,76.5,0.12369953840970993
2023-10-16,32.0,76.75,0.0
2023-10-16,32.0,77.0,0.0
2023-10-16,32.0,77.25,0.0
2023-10-16,32.0,77.5,0.0
2023-10-17,31.5,76.5,21.647727966308594
2023-10-17,31.5,76.75,12.932624816894531
2023-10-17,31.5,77.0,10.70930290222168
2023-10-17,31.5,77.25,13.535419464111328
2023-10-17,31.5,77.5,20.011825561523438
2023-10-17,31.75,76.5,18.160634994506836
2023-10-17,31.75,76.75,8.43811321258545
2023-10-17,31.75,77.0,5.879971027374268
2023-10-17,31.75,77.25,10.427946090698242
2023-10-17,31.75,77.5,15.885144233703613
2023-10-17,32.0,76.5,23.96725082397461
2023-10-17,32.0,76.75,19.104698181152344
2023-10-17,32.0,77.0,8.68210220336914
2023-10-17,32.0,77.25,11.118096351623535
2023-10-17,32.0,77.5,11.075057029724121
2023-10-18,31.5,76.5,0.3621348738670349
2023-10-18,31.5,76.75,0.45901837944984436
2023-10-18,31.5,77.0,1.2966742515563965
2023-10-18,31.5,77.25,1.6946734189987183
2023-10-18,31.5,77.5,1.7636288404464722
2023-10-18,31.75,76.5,1.6371256113052368
2023-10-18,31.75,76.75,0.2993955910205841
2023-10-18,31.75,77.0,0.8541880249977112
2023-10-18,31.75,77.25,1.5244680643081665
2023-10-18,31.75,77.5,3.491610288619995
2023-10-18,32.0,76.5,0.4946272373199463
2023-10-18,32.0,76.75,0.07093197107315063
2023-10-18,32.0,77.0,0.7676813006401062
2023-10-18,32.0,77.25,0.39645642042160034
2023-10-18,32.0,77.5,1.2111598253250122
2023-10-19,31.5,76.5,0.0
2023-10-19,31.5,76.75,0.0
2023-10-19,31.5,77.0,0.0
2023-10-19,31.5,77.25,0.0
2023-10-19,31.5,77.5,0.0
2023-10-19,31.75,76.5,0.0
2023-10-19,31.75,76.75,0.0
2023-10-19,31.75,77.0,0.0
2023-10-19,31.75,77.25,0.0
2023-10-19,31.75,77.5,0.0
2023-10-19,32.0,76.5,0.0
2023-10-19,32.0,76.75,0.0
2023-10-19,32.0,77.0,0.0
2023-10-19,32.0,77.25,0.0
2023-10-19,32.0,77.5,0.0
2023-10-20,31.5,76.5,0.0
2023-10-20,31.5,76.75,0.0
2023-10-20,31.5,77.0,0.0
2023-10-20,31.5,77.25,0.0
2023-10-20,31.5,77.5,0.0
2023-10-20,31.75,76.5,0.0
2023-10-20,31.75,76.75,0.0
2023-10-20,31.75,77.0,0.0
2023-10-20,31.75,77.25,0.0
2023-10-20,31.75,77.5,0.0
2023-10-20,32.0,76.5,0.0
2023-10-20,32.0,76.75,0.0
2023-10-20,32.0,77.0,0.0
2023-10-20,32.0,77.25,0.0
2023-10-20,32.0,77.5,0.0
2023-10-21,31.5,76.5,0.0
2023-10-21,31.5,76.75,0.0
2023-10-21,31.5,77.0,0.0
2023-10-21,31.5,77.25,0.0
2023-10-21,31.5,77.5,0.0
2023-10-21,31.75,76.5,0.0
2023-10-21,31.75,76.75,0.0
2023-10-21,31.75,77.0,0.0
2023-10-21,31.75,77.25,0.0
2023-10-21,31.75,77.5,0.0
2023-10-21,32.0,76.5,0.0
2023-10-21,32.0,76.75,0.0
2023-10-21,32.0,77.0,0.0
2023-10-21,32.0,77.25,0.0
2023-10-21,32.0,77.5,0.0
2023-10-22,31.5,76.5,0.0
2023-10-22,31.5,76.75,0.0
2023-10-22,31.5,77.0,0.0
2023-10-22,31.5,77.25,0.0
2023-10-22,31.5,77.5,0.0
2023-10-22,31.75,76.5,0.0
2023-10-22,31.75,76.75,0.0
2023-10-22,31.75,77.0,0.0
2023-10-22,31.75,77.25,0.0
2023-10-22,31.75,77.5,0.0
2023-10-22,32.0,76.5,0.0
2023-10-22,32.0,76.75,0.0
2023-10-22,32.0,77.0,0.0
2023-10-22,32.0,77.25,0.0
2023-10-22,32.0,77.5,0.0
2023-10-23,31.5,76.5,0.0
2023-10-23,31.5,76.75,0.0
2023-10-23,31.5,77.0,0.0
2023-10-23,31.5,77.25,0.0
2023-10-23,31.5,77.5,0.0
2023-10-23,31.75,76.5,0.0
2023-10-23,31.75,76.75,0.0
2023-10-23,31.75,77.0,0.0
2023-10-23,31.75,77.25,0.0
2023-10-23,31.75,77.5,0.0
2023-10-23,32.0,76.5,0.0
2023-10-23,32.0,76.75,0.0
2023-10-23,32.0,77.0,0.0
2023-10-23,32.0,77.25,0.0
2023-10-23,32.0,77.5,0.0
2023-10-24,31.5,76.5,0.6533718109130859
2023-10-24,31.5,76.75,8.007172584533691
2023-10-24,31.5,77.0,1.588228702545166
2023-10-24,31.5,77.25,0.0
2023-10-24,31.5,77.5,0.0
2023-10-24,31.75,76.5,0.0
2023-10-24,31.75,76.75,0.923599362373352
2023-10-24,31.75,77.0,0.15060165524482727
2023-10-24,31.75,77.25,0.0
2023-10-24,31.75,77.5,0.0
2023-10-24,32.0,76.5,0.24976176023483276
2023-10-24,32.0,76.75,0.0
2023-10-24,32.0,77.0,0.0
2023-10-24,32.0,77.25,0.0
2023-10-24,32.0,77.5,0.0
2023-10-25,31.5,76.5,0.0
2023-10-25,31.5,76.75,0.0
2023-10-25,31.5,77.0,0.0
2023-10-25,31.5,77.25,0.0
2023-10-25,31.5,77.5,0.0
2023-10-25,31.75,76.5,0.0
2023-10-25,31.75,76.75,0.0
2023-10-25,31.75,77.0,0.0
2023-10-25,31.75,77.25,0.0
2023-10-25,31.75,77.5,0.0
2023-10-25,32.0,76.5,0.0
2023-10-25,32.0,76.75,0.0
2023-10-25,32.0,77.0,0.0
2023-10-25,32.0,77.25,0.0
2023-10-25,32.0,77.5,0.0
2023-10-26,31.5,76.5,0.0
2023-10-26,31.5,76.75,0.0
2023-10-26,31.5,77.0,0.0
2023-10-26,31.5,77.25,0.0
2023-10-26,31.5,77.5,0.0
2023-10-26,31.75,76.5,0.0
2023-10-26,31.75,76.75,0.0
2023-10-26,31.75,77.0,0.0
2023-10-26,31.75,77.25,0.0
2023-10-26,31.75,77.5,0.0
2023-10-26,32.0,76.5,0.0
2023-10-26,32.0,76.75,0.0
2023-10-26,32.0,77.0,0.0
2023-10-26,32.0,77.25,0.0
2023-10-26,32.0,77.5,0.0
2023-10-27,31.5,76.5,0.0
2023-10-27,31.5,76.75,0.0
2023-10-27,31.5,77.0,0.0
2023-10-27,31.5,77.25,0.0
2023-10-27,31.5,77.5,0.0
2023-10-27,31.75,76.5,0.0
2023-10-27,31.75,76.75,0.0
2023-10-27,31.75,77.0,0.0
2023-10-27,31.75,77.25,0.0
2023-10-27,31.75,77.5,0.0
2023-10-27,32.0,76.5,0.0
2023-10-27,32.0,76.75,0.0
2023-10-27,32.0,77.0,0.0
2023-10-27,32.0,77.25,0.0
2023-10-27,32.0,77.5,0.0
2023-10-28,31.5,76.5,0.0
2023-10-28,31.5,76.75,0.0
2023-10-28,31.5,77.0,0.0
2023-10-28,31.5,77.25,0.0
2023-10-28,31.5,77.5,0.0
2023-10-28,31.75,76.5,0.0
2023-10-28,31.75,76.75,0.0
2023-10-28,31.75,77.0,0.0
2023-10-28,31.75,77.25,0.0
2023-10-28,31.75,77.5,0.0
2023-10-28,32.0,76.5,0.0
2023-10-28,32.0,76.75,0.0
2023-10-28,32.0,77.0,0.0
2023-10-28,32.0,77.25,0.0
2023-10-28,32.0,77.5,0.0
2023-10-29,31.5,76.5,0.0
2023-10-29,31.5,76.75,0.0
2023-10-29,31.5,77.0,0.0
2023-10-29,31.5,77.25,0.0
2023-10-29,31.5,77.5,0.0
2023-10-29,31.75,76.5,0.0
2023-10-29,31.75,76.75,0.0
2023-10-29,31.75,77.0,0.0
2023-10-29,31.75,77.25,0.0
2023-10-29,31.75,77.5,0.0
2023-10-29,32.0,76.5,0.0
2023-10-29,32.0,76.75,0.0
2023-10-29,32.0,77.0,0.0
2023-10-29,32.0,77.25,0.0
2023-10-29,32.0,77.5,0.0
2023-10-30,31.5,76.5,0.0
2023-10-30,31.5,76.75,0.0
2023-10-30,31.5,77.0,0.0
2023-10-30,31.5,77.25,0.0
2023-10-30,31.5,77.5,0.0
2023-10-30,31.75,76.5,0.0
2023-10-30,31.75,76.75,0.0
2023-10-30,31.75,77.0,0.0
2023-10-30,31.75,77.25,0.0
2023-10-30,31.75,77.5,0.0
2023-10-30,32.0,76.5,0.0
2023-10-30,32.0,76.75,0.0
2023-10-30,32.0,77.0,0.0
2023-10-30,32.0,77.25,0.0
2023-10-30,32.0,77.5,0.0
2023-10-31,31.5,76.5,0.0
2023-10-31,31.5,76.75,0.0
2023-10-31,31.5,77.0,0.0
2023-10-31,31.5,77.25,0.0
2023-10-31,31.5,77.5,0.0
2023-10-31,31.75,76.5,0.0
2023-10-31,31.75,76.75,0.0
2023-10-31,31.75,77.0,0.0
2023-10-31,31.75,77.25,0.0
2023-10-31,31.75,77.5,0.0
2023-10-31,32.0,76.5,0.0
2023-10-31,32.0,76.75,0.0
2023-10-31,32.0,77.0,0.0
2023-10-31,32.0,77.25,0.0
2023-10-31,32.0,77.5,0.0
2023-11-01,31.5,76.5,0.0
2023-11-01,31.5,76.75,0.0
2023-11-01,31.5,77.0,0.0
2023-11-01,31.5,77.25,0.0
2023-11-01,31.5,77.5,0.0
2023-11-01,31.75,76.5,0.0
2023-11-01,31.75,76.75,0.0
2023-11-01,31.75,77.0,0.0
2023-11-01,31.75,77.25,0.0
2023-11-01,31.75,77.5,0.0
2023-11-01,32.0,76.5,0.0
2023-11-01,32.0,76.75,0.0
2023-11-01,32.0,77.0,0.0
2023-11-01,32.0,77.25,0.0
2023-11-01,32.0,77.5,0.0
2023-11-02,31.5,76.5,0.0
2023-11-02,31.5,76.75,0.0
2023-11-02,31.5,77.0,0.0
2023-11-02,31.5,77.25,0.0
2023-11-02,31.5,77.5,0.0
2023-11-02,31.75,76.5,0.0
2023-11-02,31.75,76.75,0.0
2023-11-02,31.75,77.0,0.0
2023-11-02,31.75,77.25,0.0
2023-11-02,31.75,77.5,0.0
2023-11-02,32.0,76.5,0.0
2023-11-02,32.0,76.75,0.0
2023-11-02,32.0,77.0,0.0
2023-11-02,32.0,77.25,0.0
2023-11-02,32.0,77.5,0.0
2023-11-03,31.5,76.5,0.0
2023-11-03,31.5,76.75,0.0
2023-11-03,31.5,77.0,0.0
2023-11-03,31.5,77.25,0.0
2023-11-03,31.5,77.5,0.0
2023-11-03,31.75,76.5,0.0
2023-11-03,31.75,76.75,0.0
2023-11-03,31.75,77.0,0.0
2023-11-03,31.75,77.25,0.0
2023-11-03,31.75,77.5,0.0
2023-11-03,32.0,76.5,0.0
2023-11-03,32.0,76.75,0.0
2023-11-03,32.0,77.0,0.0
2023-11-03,32.0,77.25,0.0
2023-11-03,32.0,77.5,0.0
2023-11-04,31.5,76.5,0.0
2023-11-04,31.5,76.75,0.0
2023-11-04,31.5,77.0,0.0
2023-11-04,31.5,77.25,0.0
2023-11-04,31.5,77.5,0.0
2023-11-04,31.75,76.5,0.0
2023-11-04,31.75,76.75,0.0
2023-11-04,31.75,77.0,0.0
2023-11-04,31.75,77.25,0.0
2023-11-04,31.75,77.5,0.0
2023-11-04,32.0,76.5,0.0
2023-11-04,32.0,76.75,0.0
2023-11-04,32.0,77.0,0.0
2023-11-04,32.0,77.25,0.0
2023-11-04,32.0,77.5,0.0
2023-11-05,31.5,76.5,0.0
2023-11-05,31.5,76.75,0.0
2023-11-05,31.5,77.0,0.0
2023-11-05,31.5,77.25,0.0
2023-11-05,31.5,77.5,0.0
2023-11-05,31.75,76.5,0.0
2023-11-05,31.75,76.75,0.0
2023-11-05,31.75,77.0,0.0
2023-11-05,31.75,77.25,0.0
2023-11-05,31.75,77.5,0.0
2023-11-05,32.0,76.5,0.0
2023-11-05,32.0,76.75,0.0
2023-11-05,32.0,77.0,0.0
2023-11-05,32.0,77.25,0.0
2023-11-05,32.0,77.5,0.0
2023-11-06,31.5,76.5,0.0
2023-11-06,31.5,76.75,0.0
2023-11-06,31.5,77.0,0.0
2023-11-06,31.5,77.25,0.0
2023-11-06,31.5,77.5,0.0
2023-11-06,31.75,76.5,0.0
2023-11-06,31.75,76.75,0.0
2023-11-06,31.75,77.0,0.0
2023-11-06,31.75,77.25,0.0
2023-11-06,31.75,77.5,0.0
2023-11-06,32.0,76.5,0.0
2023-11-06,32.0,76.75,0.0
2023-11-06,32.0,77.0,0.0
2023-11-06,32.0,77.25,0.0
2023-11-06,32.0,77.5,0.0
2023-11-07,31.5,76.5,0.0
2023-11-07,31.5,76.75,0.0
2023-11-07,31.5,77.0,0.0
2023-11-07,31.5,77.25,0.0
2023-11-07,31.5,77.5,0.0
2023-11-07,31.75,76.5,0.0
2023-11-07,31.75,76.75,0.0
2023-11-07,31.75,77.0,0.0
2023-11-07,31.75,77.25,0.0
2023-11-07,31.75,77.5,0.0
2023-11-07,32.0,76.5,0.0
2023-11-07,32.0,76.75,0.0
2023-11-07,32.0,77.0,0.0
2023-11-07,32.0,77.25,0.0
2023-11-07,32.0,77.5,0.0
2023-11-08,31.5,76.5,0.0
2023-11-08,31.5,76.75,0.0
2023-11-08,31.5,77.0,0.0
2023-11-08,31.5,77.25,0.0
2023-11-08,31.5,77.5,0.0
2023-11-08,31.75,76.5,0.0
2023-11-08,31.75,76.75,0.0
2023-11-08,31.75,77.0,0.0
2023-11-08,31.75,77.25,0.0
2023-11-08,31.75,77.5,0.0
2023-11-08,32.0,76.5,0.0
2023-11-08,32.0,76.75,0.0
2023-11-08,32.0,77.0,0.0
2023-11-08,32.0,77.25,0.0
2023-11-08,32.0,77.5,0.0
2023-11-09,31.5,76.5,0.0
2023-11-09,31.5,76.75,0.0
2023-11-09,31.5,77.0,0.0
2023-11-09,31.5,77.25,0.0
2023-11-09,31.5,77.5,0.0
2023-11-09,31.75,76.5,0.0
2023-11-09,31.75,76.75,0.0
2023-11-09,31.75,77.0,0.0
2023-11-09,31.75,77.25,0.0
2023-11-09,31.75,77.5,0.0
2023-11-09,32.0,76.5,0.0
2023-11-09,32.0,76.75,0.0
2023-11-09,32.0,77.0,0.0
2023-11-09,32.0,77.25,0.0
2023-11-09,32.0,77.5,0.0
2023-11-10,31.5,76.5,0.0
2023-11-10,31.5,76.75,0.0
2023-11-10,31.5,77.0,0.0
2023-11-10,31.5,77.25,0.0
2023-11-10,31.5,77.5,0.0
2023-11-10,31.75,76.5,0.0
2023-11-10,31.75,76.75,0.0
2023-11-10,31.75,77.0,0.0
2023-11-10,31.75,77.25,0.15372487902641296
2023-11-10,31.75,77.5,0.0
2023-11-10,32.0,76.5,0.0
2023-11-10,32.0,76.75,0.0
2023-11-10,32.0,77.0,0.683131754398346
2023-11-10,32.0,77.25,1.0377229452133179
2023-11-10,32.0,77.5,0.39412176609039307
2023-11-11,31.5,76.5,18.390758514404297
2023-11-11,31.5,76.75,16.659826278686523
2023-11-11,31.5,77.0,14.187834739685059
2023-11-11,31.5,77.25,8.132914543151855
2023-11-11,31.5,77.5,9.244397163391113
2023-11-11,31.75,76.5,12.128591537475586
2023-11-11,31.75,76.75,5.68868350982666
2023-11-11,31.75,77.0,6.332314968109131
2023-11-11,31.75,77.25,6.669256687164307
2023-11-11,31.75,77.5,6.8929972648620605
2023-11-11,32.0,76.5,13.689312934875488
2023-11-11,32.0,76.75,8.796249389648438
2023-11-11,32.0,77.0,8.848272323608398
2023-11-11,32.0,77.25,9.556138038635254
2023-11-11,32.0,77.5,4.724726676940918
2023-11-12,31.5,76.5,0.0
2023-11-12,31.5,76.75,0.0
2023-11-12,31.5,77.0,0.0
2023-11-12,31.5,77.25,0.0
2023-11-12,31.5,77.5,0.0
2023-11-12,31.75,76.5,0.0
2023-11-12,31.75,76.75,0.0
2023-11-12,31.75,77.0,0.0
2023-11-12,31.75,77.25,0.0
2023-11-12,31.75,77.5,0.0
2023-11-12,32.0,76.5,0.0
2023-11-12,32.0,76.75,0.0
2023-11-12,32.0,77.0,0.0
2023-11-12,32.0,77.25,0.0
2023-11-12,32.0,77.5,0.0
2023-11-13,31.5,76.5,0.0
2023-11-13,31.5,76.75,0.0
2023-11-13,31.5,77.0,0.0
2023-11-13,31.5,77.25,0.0
2023-11-13,31.5,77.5,0.0
2023-11-13,31.75,76.5,0.0
2023-11-13,31.75,76.75,0.0
2023-11-13,31.75,77.0,0.0
2023-11-13,31.75,77.25,0.0
2023-11-13,31.75,77.5,0.0
2023-11-13,32.0,76.5,0.0
2023-11-13,32.0,76.75,0.0
2023-11-13,32.0,77.0,0.0
2023-11-13,32.0,77.25,0.0
2023-11-13,32.0,77.5,0.0
2023-11-14,31.5,76.5,0.0
2023-11-14,31.5,76.75,0.0
2023-11-14,31.5,77.0,0.0
2023-11-14,31.5,77.25,0.0
2023-11-14,31.5,77.5,0.0
2023-11-14,31.75,76.5,0.0
2023-11-14,31.75,76.75,0.0
2023-11-14,31.75,77.0,0.0
2023-11-14,31.75,77.25,0.0
2023-11-14,31.75,77.5,0.0
2023-11-14,32.0,76.5,0.0
2023-11-14,32.0,76.75,0.0
2023-11-14,32.0,77.0,0.0
2023-11-14,32.0,77.25,0.0
2023-11-14,32.0,77.5,0.0
2023-11-15,31.5,76.5,0.0
2023-11-15,31.5,76.75,0.0
2023-11-15,31.5,77.0,0.0
2023-11-15,31.5,77.25,0.0
2023-11-15,31.5,77.5,0.0
2023-11-15,31.75,76.5,0.0
2023-11-15,31.75,76.75,0.0
2023-11-15,31.75,77.0,0.0
2023-11-15,31.75,77.25,0.0
2023-11-15,31.75,77.5,0.0
2023-11-15,32.0,76.5,0.0
2023-11-15,32.0,76.75,0.0
2023-11-15,32.0,77.0,0.0
2023-11-15,32.0,77.25,0.0
2023-11-15,32.0,77.5,0.0
2023-11-16,31.5,76.5,0.0
2023-11-16,31.5,76.75,0.0
2023-11-16,31.5,77.0,0.0
2023-11-16,31.5,77.25,0.0
2023-11-16,31.5,77.5,0.0
2023-11-16,31.75,76.5,0.0
2023-11-16,31.75,76.75,0.0
2023-11-16,31.75,77.0,0.0
2023-11-16,31.75,77.25,0.0
2023-11-16,31.75,77.5,0.0
2023-11-16,32.0,76.5,0.0
2023-11-16,32.0,76.75,0.0
2023-11-16,32.0,77.0,0.0
2023-11-16,32.0,77.25,0.0
2023-11-16,32.0,77.5,0.0
2023-11-17,31.5,76.5,0.0
2023-11-17,31.5,76.75,0.0
2023-11-17,31.5,77.0,0.0
2023-11-17,31.5,77.25,0.0
2023-11-17,31.5,77.5,0.0
2023-11-17,31.75,76.5,0.0
2023-11-17,31.75,76.75,0.0
2023-11-17,31.75,77.0,0.0
2023-11-17,31.75,77.25,0.0
2023-11-17,31.75,77.5,0.0
2023-11-17,32.0,76.5,0.0
2023-11-17,32.0,76.75,0.0
2023-11-17,32.0,77.0,0.0
2023-11-17,32.0,77.25,0.0
2023-11-17,32.0,77.5,0.0
2023-11-18,31.5,76.5,0.0
2023-11-18,31.5,76.75,0.0
2023-11-18,31.5,77.0,0.0
2023-11-18,31.5,77.25,0.0
2023-11-18,31.5,77.5,0.0
2023-11-18,31.75,76.5,0.0
2023-11-18,31.75,76.75,0.0
2023-11-18,31.75,77.0,0.0
2023-11-18,31.75,77.25,0.0
2023-11-18,31.75,77.5,0.0
2023-11-18,32.0,76.5,0.0
2023-11-18,32.0,76.75,0.0
2023-11-18,32.0,77.0,0.0
2023-11-18,32.0,77.25,0.0
2023-11-18,32.0,77.5,0.0
2023-11-19,31.5,76.5,0.0
2023-11-19,31.5,76.75,0.0
2023-11-19,31.5,77.0,0.0
2023-11-19,31.5,77.25,0.0
2023-11-19,31.5,77.5,0.0
2023-11-19,31.75,76.5,0.0
2023-11-19,31.75,76.75,0.0
2023-11-19,31.75,77.0,0.0
2023-11-19,31.75,77.25,0.0
2023-11-19,31.75,77.5,0.0
2023-11-19,32.0,76.5,0.0
2023-11-19,32.0,76.75,0.0
2023-11-19,32.0,77.0,0.0
2023-11-19,32.0,77.25,0.0
2023-11-19,32.0,77.5,0.0
2023-11-20,31.5,76.5,0.0
2023-11-20,31.5,76.75,0.0
2023-11-20,31.5,77.0,0.0
2023-11-20,31.5,77.25,0.0
2023-11-20,31.5,77.5,0.0
2023-11-20,31.75,76.5,0.0
2023-11-20,31.75,76.75,0.0
2023-11-20,31.75,77.0,0.0
2023-11-20,31.75,77.25,0.0
2023-11-20,31.75,77.5,0.0
2023-11-20,32.0,76.5,0.0
2023-11-20,32.0,76.75,0.0
2023-11-20,32.0,77.0,0.0
2023-11-20,32.0,77.25,0.0
2023-11-20,32.0,77.5,0.0
2023-11-21,31.5,76.5,0.0
2023-11-21,31.5,76.75,0.0
2023-11-21,31.5,77.0,0.0
2023-11-21,31.5,77.25,0.0
2023-11-21,31.5,77.5,0.0
2023-11-21,31.75,76.5,0.0
2023-11-21,31.75,76.75,0.0
2023-11-21,31.75,77.0,0.0
2023-11-21,31.75,77.25,0.0
2023-11-21,31.75,77.5,0.0
2023-11-21,32.0,76.5,0.0
2023-11-21,32.0,76.75,0.0
2023-11-21,32.0,77.0,0.0
2023-11-21,32.0,77.25,0.0
2023-11-21,32.0,77.5,0.0
2023-11-22,31.5,76.5,0.0
2023-11-22,31.5,76.75,0.0
2023-11-22,31.5,77.0,0.0
2023-11-22,31.5,77.25,0.0
2023-11-22,31.5,77.5,0.0
2023-11-22,31.75,76.5,0.0
2023-11-22,31.75,76.75,0.0
2023-11-22,31.75,77.0,0.0
2023-11-22,31.75,77.25,0.0
2023-11-22,31.75,77.5,0.0
2023-11-22,32.0,76.5,0.0
2023-11-22,32.0,76.75,0.0
2023-11-22,32.0,77.0,0.0
2023-11-22,32.0,77.25,0.0
2023-11-22,32.0,77.5,0.0
2023-11-23,31.5,76.5,0.0
2023-11-23,31.5,76.75,0.0
2023-11-23,31.5,77.0,0.0
2023-11-23,31.5,77.25,0.0
2023-11-23,31.5,77.5,0.0
2023-11-23,31.75,76.5,0.0
2023-11-23,31.75,76.75,0.0
2023-11-23,31.75,77.0,0.0
2023-11-23,31.75,77.25,0.0
2023-11-23,31.75,77.5,0.0
2023-11-23,32.0,76.5,0.0
2023-11-23,32.0,76.75,0.0
2023-11-23,32.0,77.0,0.0
2023-11-23,32.0,77.25,0.0
2023-11-23,32.0,77.5,0.0
2023-11-24,31.5,76.5,0.0
2023-11-24,31.5,76.75,0.0
2023-11-24,31.5,77.0,0.0
2023-11-24,31.5,77.25,0.0
2023-11-24,31.5,77.5,0.0
2023-11-24,31.75,76.5,0.0
2023-11-24,31.75,76.75,0.0
2023-11-24,31.75,77.0,0.0
2023-11-24,31.75,77.25,0.0
2023-11-24,31.75,77.5,0.0
2023-11-24,32.0,76.5,0.0
2023-11-24,32.0,76.75,0.0
2023-11-24,32.0,77.0,0.0
2023-11-24,32.0,77.25,0.0
2023-11-24,32.0,77.5,0.0
2023-11-25,31.5,76.5,0.0
2023-11-25,31.5,76.75,0.0
2023-11-25,31.5,77.0,0.0
2023-11-25,31.5,77.25,0.0
2023-11-25,31.5,77.5,0.0
2023-11-25,31.75,76.5,0.0
2023-11-25,31.75,76.75,0.0
2023-11-25,31.75,77.0,0.0
2023-11-25,31.75,77.25,0.0
2023-11-25,31.75,77.5,0.0
2023-11-25,32.0,76.5,0.0
2023-11-25,32.0,76.75,0.0
2023-11-25,32.0,77.0,0.0
2023-11-25,32.0,77.25,0.0
2023-11-25,32.0,77.5,0.0
2023-11-26,31.5,76.5,0.0
2023-11-26,31.5,76.75,0.0
2023-11-26,31.5,77.0,0.0
2023-11-26,31.5,77.25,0.0
2023-11-26,31.5,77.5,0.0
2023-11-26,31.75,76.5,0.0
2023-11-26,31.75,76.75,0.0
2023-11-26,31.75,77.0,0.0
2023-11-26,31.75,77.25,0.0
2023-11-26,31.75,77.5,0.0
2023-11-26,32.0,76.5,0.0
2023-11-26,32.0,76.75,0.0
2023-11-26,32.0,77.0,0.0
2023-11-26,32.0,77.25,0.0
2023-11-26,32.0,77.5,0.0
2023-11-27,31.5,76.5,0.0
2023-11-27,31.5,76.75,0.0
2023-11-27,31.5,77.0,0.0
2023-11-27,31.5,77.25,0.0
2023-11-27,31.5,77.5,0.0
2023-11-27,31.75,76.5,0.0
2023-11-27,31.75,76.75,0.0
2023-11-27,31.75,77.0,0.0
2023-11-27,31.75,77.25,0.0
2023-11-27,31.75,77.5,0.0
2023-11-27,32.0,76.5,0.0
2023-11-27,32.0,76.75,0.0
2023-11-27,32.0,77.0,0.0
2023-11-27,32.0,77.25,0.0
2023-11-27,32.0,77.5,0.0
2023-11-28,31.5,76.5,0.0
2023-11-28,31.5,76.75,0.0
2023-11-28,31.5,77.0,0.0
2023-11-28,31.5,77.25,0.0
2023-11-28,31.5,77.5,0.0
2023-11-28,31.75,76.5,0.0
2023-11-28,31.75,76.75,0.0
2023-11-28,31.75,77.0,0.0
2023-11-28,31.75,77.25,0.0
2023-11-28,31.75,77.5,0.0
2023-11-28,32.0,76.5,0.0
2023-11-28,32.0,76.75,0.0
2023-11-28,32.0,77.0,0.0
2023-11-28,32.0,77.25,0.0
2023-11-28,32.0,77.5,0.0
2023-11-29,31.5,76.5,0.0
2023-11-29,31.5,76.75,0.0
2023-11-29,31.5,77.0,0.0
2023-11-29,31.5,77.25,0.0
2023-11-29,31.5,77.5,0.0
2023-11-29,31.75,76.5,0.0
2023-11-29,31.75,76.75,0.0
2023-11-29,31.75,77.0,0.0
2023-11-29,31.75,77.25,0.0
2023-11-29,31.75,77.5,0.0
2023-11-29,32.0,76.5,0.0
2023-11-29,32.0,76.75,0.0
2023-11-29,32.0,77.0,0.0
2023-11-29,32.0,77.25,0.0
2023-11-29,32.0,77.5,0.0
2023-11-30,31.5,76.5,1.1237622499465942
2023-11-30,31.5,76.75,2.3394358158111572
2023-11-30,31.5,77.0,3.5519442558288574
2023-11-30,31.5,77.25,3.14416241645813
2023-11-30,31.5,77.5,0.6211054921150208
2023-11-30,31.75,76.5,0.39715301990509033
2023-11-30,31.75,76.75,0.39588794112205505
2023-11-30,31.75,77.0,0.4719931483268738
2023-11-30,31.75,77.25,2.5551466941833496
2023-11-30,31.75,77.5,0.9154703617095947
2023-11-30,32.0,76.5,2.233325481414795
2023-11-30,32.0,76.75,1.73408043384552
2023-11-30,32.0,77.0,0.2133154571056366
2023-11-30,32.0,77.25,0.7717917561531067
2023-11-30,32.0,77.5,0.8700658082962036
2023-12-01,31.5,76.5,0.7445253729820251
2023-12-01,31.5,76.75,13.115204811096191
2023-12-01,31.5,77.0,5.634970664978027
2023-12-01,31.5,77.25,2.2259650230407715
2023-12-01,31.5,77.5,4.070685386657715
2023-12-01,31.75,76.5,1.5898845195770264
2023-12-01,31.75,76.75,2.443427562713623
2023-12-01,31.75,77.0,1.4235186576843262
2023-12-01,31.75,77.25,2.0449283123016357
2023-12-01,31.75,77.5,2.1184349060058594
2023-12-01,32.0,76.5,4.096826553344727
2023-12-01,32.0,76.75,1.7414355278015137
2023-12-01,32.0,77.0,2.7446842193603516
2023-12-01,32.0,77.25,3.1563243865966797
2023-12-01,32.0,77.5,1.7394782304763794
2023-12-02,31.5,76.5,0.0
2023-12-02,31.5,76.75,0.0
2023-12-02,31.5,77.0,0.18549439311027527
2023-12-02,31.5,77.25,1.7971959114074707
2023-12-02,31.5,77.5,0.10247331112623215
2023-12-02,31.75,76.5,0.0
2023-12-02,31.75,76.75,0.0
2023-12-02,31.75,77.0,0.0
2023-12-02,31.75,77.25,1.4339934587478638
2023-12-02,31.75,77.5,0.8900114297866821
2023-12-02,32.0,76.5,0.0
2023-12-02,32.0,76.75,0.0
2023-12-02,32.0,77.0,1.9377084970474243
2023-12-02,32.0,77.25,3.2128591537475586
2023-12-02,32.0,77.5,0.6352925300598145
2023-12-03,31.5,76.5,0.0
2023-12-03,31.5,76.75,0.0
2023-12-03,31.5,77.0,0.0
2023-12-03,31.5,77.25,0.0
2023-12-03,31.5,77.5,0.0
2023-12-03,31.75,76.5,0.0
2023-12-03,31.75,76.75,0.0
2023-12-03,31.75,77.0,0.0
2023-12-03,31.75,77.25,0.0
2023-12-03,31.75,77.5,0.0
2023-12-03,32.0,76.5,0.0
2023-12-03,32.0,76.75,0.0
2023-12-03,32.0,77.0,0.0
2023-12-03,32.0,77.25,0.0
2023-12-03,32.0,77.5,0.0
2023-12-04,31.5,76.5,0.7258685231208801
2023-12-04,31.5,76.75,0.0
2023-12-04,31.5,77.0,0.0
2023-12-04,31.5,77.25,0.0
2023-12-04,31.5,77.5,0.0
2023-12-04,31.75,76.5,0.0
2023-12-04,31.75,76.75,0.0
2023-12-04,31.75,77.0,0.0
2023-12-04,31.75,77.25,0.0
2023-12-04,31.75,77.5,0.0
2023-12-04,32.0,76.5,0.0
2023-12-04,32.0,76.75,0.0
2023-12-04,32.0,77.0,0.0
2023-12-04,32.0,77.25,0.0
2023-12-04,32.0,77.5,0.0
2023-12-05,31.5,76.5,3.2183361053466797
2023-12-05,31.5,76.75,2.578519105911255
2023-12-05,31.5,77.0,2.8636832237243652
2023-12-05,31.5,77.25,0.31769028306007385
2023-12-05,31.5,77.5,0.0
2023-12-05,31.75,76.5,1.8860043287277222
2023-12-05,31.75,76.75,2.078813076019287
2023-12-05,31.75,77.0,0.5963571667671204
2023-12-05,31.75,77.25,0.270300030708313
2023-12-05,31.75,77.5,0.0
2023-12-05,32.0,76.5,0.029453793540596962
2023-12-05,32.0,76.75,0.3262544870376587
2023-12-05,32.0,77.0,0.2768987715244293
2023-12-05,32.0,77.25,0.0
2023-12-05,32.0,77.5,0.0
2023-12-06,31.5,76.5,0.0
2023-12-06,31.5,76.75,0.0
2023-12-06,31.5,77.0,0.0
2023-12-06,31.5,77.25,0.0
2023-12-06,31.5,77.5,0.0
2023-12-06,31.75,76.5,0.0
2023-12-06,31.75,76.75,0.0
2023-12-06,31.75,77.0,0.0
2023-12-06,31.75,77.25,0.0
2023-12-06,31.75,77.5,0.0
2023-12-06,32.0,76.5,0.0
2023-12-06,32.0,76.75,0.0
2023-12-06,32.0,77.0,0.0
2023-12-06,32.0,77.25,0.0
2023-12-06,32.0,77.5,0.0
2023-12-07,31.5,76.5,0.0
2023-12-07,31.5,76.75,0.0
2023-12-07,31.5,77.0,0.0
2023-12-07,31.5,77.25,0.0
2023-12-07,31.5,77.5,0.0
2023-12-07,31.75,76.5,0.0
2023-12-07,31.75,76.75,0.0
2023-12-07,31.75,77.0,0.0
2023-12-07,31.75,77.25,0.0
2023-12-07,31.75,77.5,0.0
2023-12-07,32.0,76.5,0.0
2023-12-07,32.0,76.75,0.0
2023-12-07,32.0,77.0,0.0
2023-12-07,32.0,77.25,0.0
2023-12-07,32.0,77.5,0.0
2023-12-08,31.5,76.5,0.0
2023-12-08,31.5,76.75,0.0
2023-12-08,31.5,77.0,0.0
2023-12-08,31.5,77.25,0.0
2023-12-08,31.5,77.5,0.0
2023-12-08,31.75,76.5,0.0
2023-12-08,31.75,76.75,0.0
2023-12-08,31.75,77.0,0.0
2023-12-08,31.75,77.25,0.0
2023-12-08,31.75,77.5,0.0
2023-12-08,32.0,76.5,0.0
2023-12-08,32.0,76.75,0.0
2023-12-08,32.0,77.0,0.0
2023-12-08,32.0,77.25,0.0
2023-12-08,32.0,77.5,0.0
2023-12-09,31.5,76.5,0.0
2023-12-09,31.5,76.75,0.0
2023-12-09,31.5,77.0,0.0
2023-12-09,31.5,77.25,0.0
2023-12-09,31.5,77.5,0.0
2023-12-09,31.75,76.5,0.0
2023-12-09,31.75,76.75,0.0
2023-12-09,31.75,77.0,0.0
2023-12-09,31.75,77.25,0.0
2023-12-09,31.75,77.5,0.0
2023-12-09,32.0,76.5,0.0
2023-12-09,32.0,76.75,0.0
2023-12-09,32.0,77.0,0.0
2023-12-09,32.0,77.25,0.0
2023-12-09,32.0,77.5,0.0
2023-12-10,31.5,76.5,0.0
2023-12-10,31.5,76.75,0.0
2023-12-10,31.5,77.0,0.0
2023-12-10,31.5,77.25,0.0
2023-12-10,31.5,77.5,0.0
2023-12-10,31.75,76.5,0.0
2023-12-10,31.75,76.75,0.0
2023-12-10,31.75,77.0,0.0
2023-12-10,31.75,77.25,0.0
2023-12-10,31.75,77.5,0.0
2023-12-10,32.0,76.5,0.0
2023-12-10,32.0,76.75,0.0
2023-12-10,32.0,77.0,0.0
2023-12-10,32.0,77.25,0.0
2023-12-10,32.0,77.5,0.0
2023-12-11,31.5,76.5,0.0
2023-12-11,31.5,76.75,0.0
2023-12-11,31.5,77.0,0.0
2023-12-11,31.5,77.25,0.0
2023-12-11,31.5,77.5,0.0
2023-12-11,31.75,76.5,0.0
2023-12-11,31.75,76.75,0.0
2023-12-11,31.75,77.0,0.0
2023-12-11,31.75,77.25,0.0
2023-12-11,31.75,77.5,0.0
2023-12-11,32.0,76.5,0.0
2023-12-11,32.0,76.75,0.0
2023-12-11,32.0,77.0,0.0
2023-12-11,32.0,77.25,0.0
2023-12-11,32.0,77.5,0.0
2023-12-12,31.5,76.5,0.0
2023-12-12,31.5,76.75,0.0
2023-12-12,31.5,77.0,0.0
2023-12-12,31.5,77.25,0.0
2023-12-12,31.5,77.5,0.0
2023-12-12,31.75,76.5,0.0
2023-12-12,31.75,76.75,0.0
2023-12-12,31.75,77.0,0.0
2023-12-12,31.75,77.25,0.0
2023-12-12,31.75,77.5,0.0
2023-12-12,32.0,76.5,0.0
2023-12-12,32.0,76.75,0.0
2023-12-12,32.0,77.0,0.0
2023-12-12,32.0,77.25,0.0
2023-12-12,32.0,77.5,0.0
2023-12-13,31.5,76.5,0.0
2023-12-13,31.5,76.75,0.0
2023-12-13,31.5,77.0,0.0
2023-12-13,31.5,77.25,0.0
2023-12-13,31.5,77.5,0.0
2023-12-13,31.75,76.5,0.0
2023-12-13,31.75,76.75,0.0
2023-12-13,31.75,77.0,0.0
2023-12-13,31.75,77.25,0.0
2023-12-13,31.75,77.5,0.0
2023-12-13,32.0,76.5,0.0
2023-12-13,32.0,76.75,0.0
2023-12-13,32.0,77.0,0.0
2023-12-13,32.0,77.25,0.0
2023-12-13,32.0,77.5,0.0
2023-12-14,31.5,76.5,0.0
2023-12-14,31.5,76.75,0.0
2023-12-14,31.5,77.0,0.0
2023-12-14,31.5,77.25,0.0
2023-12-14,31.5,77.5,0.0
2023-12-14,31.75,76.5,0.0
2023-12-14,31.75,76.75,0.0
2023-12-14,31.75,77.0,0.0
2023-12-14,31.75,77.25,0.0
2023-12-14,31.75,77.5,0.0
2023-12-14,32.0,76.5,0.0
2023-12-14,32.0,76.75,0.0
2023-12-14,32.0,77.0,0.0
2023-12-14,32.0,77.25,0.0
2023-12-14,32.0,77.5,0.0
2023-12-15,31.5,76.5,0.0
2023-12-15,31.5,76.75,0.0
2023-12-15,31.5,77.0,0.0
2023-12-15,31.5,77.25,0.0
2023-12-15,31.5,77.5,0.0
2023-12-15,31.75,76.5,0.0
2023-12-15,31.75,76.75,0.0
2023-12-15,31.75,77.0,0.0
2023-12-15,31.75,77.25,0.0
2023-12-15,31.75,77.5,0.0
2023-12-15,32.0,76.5,0.0
2023-12-15,32.0,76.75,0.0
2023-12-15,32.0,77.0,0.0
2023-12-15,32.0,77.25,0.0
2023-12-15,32.0,77.5,0.0
2023-12-16,31.5,76.5,0.0
2023-12-16,31.5,76.75,0.0
2023-12-16,31.5,77.0,0.0
2023-12-16,31.5,77.25,0.0
2023-12-16,31.5,77.5,0.0
2023-12-16,31.75,76.5,0.0
2023-12-16,31.75,76.75,0.0
2023-12-16,31.75,77.0,0.0
2023-12-16,31.75,77.25,0.0
2023-12-16,31.75,77.5,0.0
2023-12-16,32.0,76.5,0.0
2023-12-16,32.0,76.75,0.0
2023-12-16,32.0,77.0,0.0
2023-12-16,32.0,77.25,0.0
2023-12-16,32.0,77.5,0.0
2023-12-17,31.5,76.5,0.0
2023-12-17,31.5,76.75,0.0
2023-12-17,31.5,77.0,0.0
2023-12-17,31.5,77.25,0.0
2023-12-17,31.5,77.5,0.0
2023-12-17,31.75,76.5,0.0
2023-12-17,31.75,76.75,0.0
2023-12-17,31.75,77.0,0.0
2023-12-17,31.75,77.25,0.0
2023-12-17,31.75,77.5,0.0
2023-12-17,32.0,76.5,0.0
2023-12-17,32.0,76.75,0.0
2023-12-17,32.0,77.0,0.0
2023-12-17,32.0,77.25,0.0
2023-12-17,32.0,77.5,0.0
2023-12-18,31.5,76.5,0.0
2023-12-18,31.5,76.75,0.0
2023-12-18,31.5,77.0,0.0
2023-12-18,31.5,77.25,0.0
2023-12-18,31.5,77.5,0.0
2023-12-18,31.75,76.5,0.0
2023-12-18,31.75,76.75,0.0
2023-12-18,31.75,77.0,0.0
2023-12-18,31.75,77.25,0.0
2023-12-18,31.75,77.5,0.0
2023-12-18,32.0,76.5,0.0
2023-12-18,32.0,76.75,0.0
2023-12-18,32.0,77.0,0.0
2023-12-18,32.0,77.25,0.0
2023-12-18,32.0,77.5,0.0
2023-12-19,31.5,76.5,0.0
2023-12-19,31.5,76.75,0.0
2023-12-19,31.5,77.0,0.0
2023-12-19,31.5,77.25,0.0
2023-12-19,31.5,77.5,0.0
2023-12-19,31.75,76.5,0.0
2023-12-19,31.75,76.75,0.0
2023-12-19,31.75,77.0,0.0
2023-12-19,31.75,77.25,0.0
2023-12-19,31.75,77.5,0.0
2023-12-19,32.0,76.5,0.0
2023-12-19,32.0,76.75,0.0
2023-12-19,32.0,77.0,0.0
2023-12-19,32.0,77.25,0.0
2023-12-19,32.0,77.5,0.0
2023-12-20,31.5,76.5,0.0
2023-12-20,31.5,76.75,0.0
2023-12-20,31.5,77.0,0.0
2023-12-20,31.5,77.25,0.0
2023-12-20,31.5,77.5,0.0
2023-12-20,31.75,76.5,0.0
2023-12-20,31.75,76.75,0.0
2023-12-20,31.75,77.0,0.0
2023-12-20,31.75,77.25,0.0
2023-12-20,31.75,77.5,0.0
2023-12-20,32.0,76.5,0.0
2023-12-20,32.0,76.75,0.0
2023-12-20,32.0,77.0,0.0
2023-12-20,32.0,77.25,0.0
2023-12-20,32.0,77.5,0.0
2023-12-21,31.5,76.5,0.0
2023-12-21,31.5,76.75,0.0
2023-12-21,31.5,77.0,0.0
2023-12-21,31.5,77.25,0.0
2023-12-21,31.5,77.5,0.0
2023-12-21,31.75,76.5,0.0
2023-12-21,31.75,76.75,0.0
2023-12-21,31.75,77.0,0.0
2023-12-21,31.75,77.25,0.0
2023-12-21,31.75,77.5,0.0
2023-12-21,32.0,76.5,0.0
2023-12-21,32.0,76.75,0.0
2023-12-21,32.0,77.0,0.0
2023-12-21,32.0,77.25,0.0
2023-12-21,32.0,77.5,0.0
2023-12-22,31.5,76.5,0.0
2023-12-22,31.5,76.75,0.0
2023-12-22,31.5,77.0,0.0
2023-12-22,31.5,77.25,0.0
2023-12-22,31.5,77.5,0.0
2023-12-22,31.75,76.5,0.0
2023-12-22,31.75,76.75,0.0
2023-12-22,31.75,77.0,0.0
2023-12-22,31.75,77.25,0.0
2023-12-22,31.75,77.5,0.0
2023-12-22,32.0,76.5,0.0
2023-12-22,32.0,76.75,0.0
2023-12-22,32.0,77.0,0.0
2023-12-22,32.0,77.25,0.0
2023-12-22,32.0,77.5,0.0
2023-12-23,31.5,76.5,0.0
2023-12-23,31.5,76.75,0.0
2023-12-23,31.5,77.0,0.0
2023-12-23,31.5,77.25,0.0
2023-12-23,31.5,77.5,0.0
2023-12-23,31.75,76.5,0.0
2023-12-23,31.75,76.75,0.0
2023-12-23,31.75,77.0,0.0
2023-12-23,31.75,77.25,0.0
2023-12-23,31.75,77.5,0.0
2023-12-23,32.0,76.5,0.0
2023-12-23,32.0,76.75,0.0
2023-12-23,32.0,77.0,0.0
2023-12-23,32.0,77.25,0.0
2023-12-23,32.0,77.5,0.0
2023-12-24,31.5,76.5,0.0
2023-12-24,31.5,76.75,0.0
2023-12-24,31.5,77.0,0.0
2023-12-24,31.5,77.25,0.0
2023-12-24,31.5,77.5,0.0
2023-12-24,31.75,76.5,0.0
2023-12-24,31.75,76.75,0.0
2023-12-24,31.75,77.0,0.0
2023-12-24,31.75,77.25,0.0
2023-12-24,31.75,77.5,0.0
2023-12-24,32.0,76.5,0.0
2023-12-24,32.0,76.75,0.0
2023-12-24,32.0,77.0,0.0
2023-12-24,32.0,77.25,0.008662104606628418
2023-12-24,32.0,77.5,0.3632899224758148
2023-12-25,31.5,76.5,0.0
2023-12-25,31.5,76.75,0.0
2023-12-25,31.5,77.0,0.0
2023-12-25,31.5,77.25,0.0
2023-12-25,31.5,77.5,0.0
2023-12-25,31.75,76.5,0.0
2023-12-25,31.75,76.75,0.0
2023-12-25,31.75,77.0,0.0
2023-12-25,31.75,77.25,0.0
2023-12-25,31.75,77.5,0.0
2023-12-25,32.0,76.5,0.0
2023-12-25,32.0,76.75,0.0
2023-12-25,32.0,77.0,0.0
2023-12-25,32.0,77.25,0.0
2023-12-25,32.0,77.5,0.0
2023-12-26,31.5,76.5,0.0
2023-12-26,31.5,76.75,0.0
2023-12-26,31.5,77.0,0.0
2023-12-26,31.5,77.25,0.0
2023-12-26,31.5,77.5,0.0
2023-12-26,31.75,76.5,0.0
2023-12-26,31.75,76.75,0.0
2023-12-26,31.75,77.0,0.0
2023-12-26,31.75,77.25,0.0
2023-12-26,31.75,77.5,0.0
2023-12-26,32.0,76.5,0.0
2023-12-26,32.0,76.75,0.0
2023-12-26,32.0,77.0,0.0
2023-12-26,32.0,77.25,0.0
2023-12-26,32.0,77.5,0.0
2023-12-27,31.5,76.5,0.0
2023-12-27,31.5,76.75,0.0
2023-12-27,31.5,77.0,0.0
2023-12-27,31.5,77.25,0.0
2023-12-27,31.5,77.5,0.0
2023-12-27,31.75,76.5,0.0
2023-12-27,31.75,76.75,0.0
2023-12-27,31.75,77.0,0.0
2023-12-27,31.75,77.25,0.0
2023-12-27,31.75,77.5,0.0
2023-12-27,32.0,76.5,0.0
2023-12-27,32.0,76.75,0.0
2023-12-27,32.0,77.0,0.0
2023-12-27,32.0,77.25,0.0
2023-12-27,32.0,77.5,0.0
2023-12-28,31.5,76.5,0.0
2023-12-28,31.5,76.75,0.0
2023-12-28,31.5,77.0,0.0
2023-12-28,31.5,77.25,0.0
2023-12-28,31.5,77.5,0.0
2023-12-28,31.75,76.5,0.0
2023-12-28,31.75,76.75,0.0
2023-12-28,31.75,77.0,0.0
2023-12-28,31.75,77.25,0.0
2023-12-28,31.75,77.5,0.0
2023-12-28,32.0,76.5,0.0
2023-12-28,32.0,76.75,0.0
2023-12-28,32.0,77.0,0.0
2023-12-28,32.0,77.25,0.0
2023-12-28,32.0,77.5,0.0
2023-12-29,31.5,76.5,0.0
2023-12-29,31.5,76.75,0.0
2023-12-29,31.5,77.0,0.0
2023-12-29,31.5,77.25,0.0
2023-12-29,31.5,77.5,0.0
2023-12-29,31.75,76.5,0.0
2023-12-29,31.75,76.75,0.0
2023-12-29,31.75,77.0,0.0
2023-12-29,31.75,77.25,0.0
2023-12-29,31.75,77.5,0.0
2023-12-29,32.0,76.5,0.0
2023-12-29,32.0,76.75,0.0
2023-12-29,32.0,77.0,0.0
2023-12-29,32.0,77.25,0.0
2023-12-29,32.0,77.5,0.0
2023-12-30,31.5,76.5,0.0
2023-12-30,31.5,76.75,0.0
2023-12-30,31.5,77.0,0.0
2023-12-30,31.5,77.25,0.0
2023-12-30,31.5,77.5,0.0
2023-12-30,31.75,76.5,0.0
2023-12-30,31.75,76.75,0.0
2023-12-30,31.75,77.0,0.0
2023-12-30,31.75,77.25,0.0
2023-12-30,31.75,77.5,0.0
2023-12-30,32.0,76.5,0.0
2023-12-30,32.0,76.75,0.0
2023-12-30,32.0,77.0,0.0
2023-12-30,32.0,77.25,0.0
2023-12-30,32.0,77.5,0.0
2023-12-31,31.5,76.5,0.0
2023-12-31,31.5,76.75,0.0
2023-12-31,31.5,77.0,0.0
2023-12-31,31.5,77.25,0.0
2023-12-31,31.5,77.5,0.0
2023-12-31,31.75,76.5,0.0
2023-12-31,31.75,76.75,0.0
2023-12-31,31.75,77.0,0.0
2023-12-31,31.75,77.25,0.0
2023-12-31,31.75,77.5,0.0
2023-12-31,32.0,76.5,0.0
2023-12-31,32.0,76.75,0.0
2023-12-31,32.0,77.0,0.0
2023-12-31,32.0,77.25,0.0
2023-12-31,32.0,77.5,0.0
