date,latitude,longitude,rainfall_mm
2006-01-01,31.5,76.5,0.0
2006-01-01,31.5,76.75,0.0
2006-01-01,31.5,77.0,0.0
2006-01-01,31.5,77.25,0.0
2006-01-01,31.5,77.5,0.31880417466163635
2006-01-01,31.75,76.5,0.0
2006-01-01,31.75,76.75,0.0
2006-01-01,31.75,77.0,0.0
2006-01-01,31.75,77.25,0.0
2006-01-01,31.75,77.5,0.0
2006-01-01,32.0,76.5,0.0
2006-01-01,32.0,76.75,0.0
2006-01-01,32.0,77.0,0.0
2006-01-01,32.0,77.25,2.1403796672821045
2006-01-01,32.0,77.5,3.4372918605804443
2006-01-02,31.5,76.5,15.28339958190918
2006-01-02,31.5,76.75,0.15809223055839539
2006-01-02,31.5,77.0,0.0
2006-01-02,31.5,77.25,0.0
2006-01-02,31.5,77.5,0.15940208733081818
2006-01-02,31.75,76.5,28.606502532958984
2006-01-02,31.75,76.75,0.6153714060783386
2006-01-02,31.75,77.0,0.0
2006-01-02,31.75,77.25,0.0
2006-01-02,31.75,77.5,0.0
2006-01-02,32.0,76.5,13.137470245361328
2006-01-02,32.0,76.75,0.0
2006-01-02,32.0,77.0,0.0
2006-01-02,32.0,77.25,2.378199577331543
2006-01-02,32.0,77.5,3.8192131519317627
2006-01-03,31.5,76.5,6.315704345703125
2006-01-03,31.5,76.75,16.274320602416992
2006-01-03,31.5,77.0,12.263742446899414
2006-01-03,31.5,77.25,12.598362922668457
2006-01-03,31.5,77.5,16.85784339904785
2006-01-03,31.75,76.5,2.3299176692962646
2006-01-03,31.75,76.75,3.2007973194122314
2006-01-03,31.75,77.0,15.400015830993652
2006-01-03,31.75,77.25,12.772663116455078
2006-01-03,31.75,77.5,19.349742889404297
2006-01-03,32.0,76.5,6.833276748657227
2006-01-03,32.0,76.75,13.532205581665039
2006-01-03,32.0,77.0,24.515722274780273
2006-01-03,32.0,77.25,22.1348819732666
2006-01-03,32.0,77.5,23.39643669128418
2006-01-04,31.5,76.5,3.0635111331939697
2006-01-04,31.5,76.75,5.52745246887207
2006-01-04,31.5,77.0,3.460251808166504
2006-01-04,31.5,77.25,2.8401639461517334
2006-01-04,31.5,77.5,2.7527222633361816
2006-01-04,31.75,76.5,1.4277528524398804
2006-01-04,31.75,76.75,3.3052122592926025
2006-01-04,31.75,77.0,2.434673309326172
2006-01-04,31.75,77.25,3.3639976978302
2006-01-04,31.75,77.5,2.9317407608032227
2006-01-04,32.0,76.5,2.55464506149292
2006-01-04,32.0,76.75,4.407124996185303
2006-01-04,32.0,77.0,2.445305109024048
2006-01-04,32.0,77.25,2.972334384918213
2006-01-04,32.0,77.5,3.2344048023223877
2006-01-05,31.5,76.5,0.0
2006-01-05,31.5,76.75,0.0
2006-01-05,31.5,77.0,0.0
2006-01-05,31.5,77.25,0.0
2006-01-05,31.5,77.5,3.9933717250823975
2006-01-05,31.75,76.5,0.0
2006-01-05,31.75,76.75,0.0
2006-01-05,31.75,77.0,0.0
2006-01-05,31.75,77.25,0.0
2006-01-05,31.75,77.5,0.0
2006-01-05,32.0,76.5,0.0
2006-01-05,32.0,76.75,0.0
2006-01-05,32.0,77.0,0.0
2006-01-05,32.0,77.25,0.0
2006-01-05,32.0,77.5,0.0
2006-01-06,31.5,76.5,0.0
2006-01-06,31.5,76.75,0.0
2006-01-06,31.5,77.0,0.0
2006-01-06,31.5,77.25,0.0
2006-01-06,31.5,77.5,0.0
2006-01-06,31.75,76.5,0.0
2006-01-06,31.75,76.75,0.0
2006-01-06,31.75,77.0,0.0
2006-01-06,31.75,77.25,0.0
2006-01-06,31.75,77.5,0.0
2006-01-06,32.0,76.5,0.0
2006-01-06,32.0,76.75,0.0
2006-01-06,32.0,77.0,0.0
2006-01-06,32.0,77.25,0.0
2006-01-06,32.0,77.5,0.0
2006-01-07,31.5,76.5,0.0
2006-01-07,31.5,76.75,0.0
2006-01-07,31.5,77.0,0.0
2006-01-07,31.5,77.25,0.0
2006-01-07,31.5,77.5,0.0
2006-01-07,31.75,76.5,0.0
2006-01-07,31.75,76.75,0.0
2006-01-07,31.75,77.0,0.0
2006-01-07,31.75,77.25,0.0
2006-01-07,31.75,77.5,0.0
2006-01-07,32.0,76.5,0.0
2006-01-07,32.0,76.75,0.0
2006-01-07,32.0,77.0,0.0
2006-01-07,32.0,77.25,0.0
2006-01-07,32.0,77.5,0.0
2006-01-08,31.5,76.5,0.0
2006-01-08,31.5,76.75,0.0
2006-01-08,31.5,77.0,0.0
2006-01-08,31.5,77.25,0.0
2006-01-08,31.5,77.5,0.0
2006-01-08,31.75,76.5,0.0
2006-01-08,31.75,76.75,0.0
2006-01-08,31.75,77.0,0.0
2006-01-08,31.75,77.25,0.0
2006-01-08,31.75,77.5,0.0
2006-01-08,32.0,76.5,0.0
2006-01-08,32.0,76.75,0.0
2006-01-08,32.0,77.0,0.0
2006-01-08,32.0,77.25,0.0
2006-01-08,32.0,77.5,0.0
2006-01-09,31.5,76.5,0.0
2006-01-09,31.5,76.75,0.0
2006-01-09,31.5,77.0,0.0
2006-01-09,31.5,77.25,0.0
2006-01-09,31.5,77.5,0.0
2006-01-09,31.75,76.5,0.0
2006-01-09,31.75,76.75,0.0
2006-01-09,31.75,77.0,0.0
2006-01-09,31.75,77.25,0.0
2006-01-09,31.75,77.5,0.0
2006-01-09,32.0,76.5,0.0
2006-01-09,32.0,76.75,0.0
2006-01-09,32.0,77.0,0.0
2006-01-09,32.0,77.25,0.0
2006-01-09,32.0,77.5,0.0
2006-01-10,31.5,76.5,0.0
2006-01-10,31.5,76.75,0.0
2006-01-10,31.5,77.0,0.0
2006-01-10,31.5,77.25,0.0
2006-01-10,31.5,77.5,0.0
2006-01-10,31.75,76.5,0.0
2006-01-10,31.75,76.75,0.0
2006-01-10,31.75,77.0,0.0
2006-01-10,31.75,77.25,0.0
2006-01-10,31.75,77.5,0.0
2006-01-10,32.0,76.5,0.0
2006-01-10,32.0,76.75,0.0
2006-01-10,32.0,77.0,0.0
2006-01-10,32.0,77.25,0.0
2006-01-10,32.0,77.5,0.0
2006-01-11,31.5,76.5,0.0
2006-01-11,31.5,76.75,0.0
2006-01-11,31.5,77.0,0.0
2006-01-11,31.5,77.25,0.0
2006-01-11,31.5,77.5,0.0
2006-01-11,31.75,76.5,0.0
2006-01-11,31.75,76.75,0.0
2006-01-11,31.75,77.0,0.0
2006-01-11,31.75,77.25,0.0
2006-01-11,31.75,77.5,0.0
2006-01-11,32.0,76.5,0.0
2006-01-11,32.0,76.75,0.0
2006-01-11,32.0,77.0,0.0
2006-01-11,32.0,77.25,0.0
2006-01-11,32.0,77.5,0.0
2006-01-12,31.5,76.5,0.0
2006-01-12,31.5,76.75,0.0
2006-01-12,31.5,77.0,0.0
2006-01-12,31.5,77.25,0.0
2006-01-12,31.5,77.5,0.0
2006-01-12,31.75,76.5,0.0
2006-01-12,31.75,76.75,0.0
2006-01-12,31.75,77.0,0.0
2006-01-12,31.75,77.25,0.0
2006-01-12,31.75,77.5,0.0
2006-01-12,32.0,76.5,0.0
2006-01-12,32.0,76.75,0.0
2006-01-12,32.0,77.0,0.0
2006-01-12,32.0,77.25,0.0
2006-01-12,32.0,77.5,0.0
2006-01-13,31.5,76.5,0.0
2006-01-13,31.5,76.75,0.0
2006-01-13,31.5,77.0,0.0
2006-01-13,31.5,77.25,0.0
2006-01-13,31.5,77.5,0.0
2006-01-13,31.75,76.5,0.0
2006-01-13,31.75,76.75,0.0
2006-01-13,31.75,77.0,0.0
2006-01-13,31.75,77.25,0.0
2006-01-13,31.75,77.5,0.0
2006-01-13,32.0,76.5,0.0
2006-01-13,32.0,76.75,0.0
2006-01-13,32.0,77.0,0.0
2006-01-13,32.0,77.25,0.0
2006-01-13,32.0,77.5,0.0
2006-01-14,31.5,76.5,0.0
2006-01-14,31.5,76.75,0.0
2006-01-14,31.5,77.0,0.0
2006-01-14,31.5,77.25,0.0
2006-01-14,31.5,77.5,0.0
2006-01-14,31.75,76.5,0.0
2006-01-14,31.75,76.75,0.0
2006-01-14,31.75,77.0,0.0
2006-01-14,31.75,77.25,0.0
2006-01-14,31.75,77.5,0.0
2006-01-14,32.0,76.5,0.0
2006-01-14,32.0,76.75,0.0
2006-01-14,32.0,77.0,0.0
2006-01-14,32.0,77.25,0.0
2006-01-14,32.0,77.5,0.0
2006-01-15,31.5,76.5,3.674143075942993
2006-01-15,31.5,76.75,0.6478626132011414
2006-01-15,31.5,77.0,5.444810390472412
2006-01-15,31.5,77.25,5.968730926513672
2006-01-15,31.5,77.5,9.211185455322266
2006-01-15,31.75,76.5,6.637577533721924
2006-01-15,31.75,76.75,1.5087757110595703
2006-01-15,31.75,77.0,12.096428871154785
2006-01-15,31.75,77.25,8.092183113098145
2006-01-15,31.75,77.5,9.896218299865723
2006-01-15,32.0,76.5,7.263968467712402
2006-01-15,32.0,76.75,7.192370891571045
2006-01-15,32.0,77.0,12.271977424621582
2006-01-15,32.0,77.25,11.233174324035645
2006-01-15,32.0,77.5,9.95923900604248
2006-01-16,31.5,76.5,6.547532558441162
2006-01-16,31.5,76.75,6.647183895111084
2006-01-16,31.5,77.0,31.279705047607422
2006-01-16,31.5,77.25,40.77927780151367
2006-01-16,31.5,77.5,48.76329040527344
2006-01-16,31.75,76.5,7.888984203338623
2006-01-16,31.75,76.75,27.9926700592041
2006-01-16,31.75,77.0,65.25837707519531
2006-01-16,31.75,77.25,61.59892654418945
2006-01-16,31.75,77.5,77.0713119506836
2006-01-16,32.0,76.5,13.685524940490723
2006-01-16,32.0,76.75,82.84639739990234
2006-01-16,32.0,77.0,72.43295288085938
2006-01-16,32.0,77.25,77.38072204589844
2006-01-16,32.0,77.5,79.86524200439453
2006-01-17,31.5,76.5,13.738436698913574
2006-01-17,31.5,76.75,13.837203979492188
2006-01-17,31.5,77.0,21.25859260559082
2006-01-17,31.5,77.25,24.602819442749023
2006-01-17,31.5,77.5,27.90237045288086
2006-01-17,31.75,76.5,14.88543701171875
2006-01-17,31.75,76.75,18.137941360473633
2006-01-17,31.75,77.0,26.372547149658203
2006-01-17,31.75,77.25,27.126920700073242
2006-01-17,31.75,77.5,34.79709243774414
2006-01-17,32.0,76.5,19.516496658325195
2006-01-17,32.0,76.75,36.79612350463867
2006-01-17,32.0,77.0,29.803905487060547
2006-01-17,32.0,77.25,35.02284240722656
2006-01-17,32.0,77.5,38.72531509399414
2006-01-18,31.5,76.5,8.625944137573242
2006-01-18,31.5,76.75,13.645970344543457
2006-01-18,31.5,77.0,15.781800270080566
2006-01-18,31.5,77.25,17.096460342407227
2006-01-18,31.5,77.5,15.46959400177002
2006-01-18,31.75,76.5,4.129479885101318
2006-01-18,31.75,76.75,13.991219520568848
2006-01-18,31.75,77.0,22.476863861083984
2006-01-18,31.75,77.25,25.593854904174805
2006-01-18,31.75,77.5,33.42363357543945
2006-01-18,32.0,76.5,7.752751350402832
2006-01-18,32.0,76.75,38.96202087402344
2006-01-18,32.0,77.0,27.14026641845703
2006-01-18,32.0,77.25,33.91613006591797
2006-01-18,32.0,77.5,38.26689147949219
2006-01-19,31.5,76.5,0.0
2006-01-19,31.5,76.75,0.0
2006-01-19,31.5,77.0,0.0
2006-01-19,31.5,77.25,0.0
2006-01-19,31.5,77.5,0.3771517872810364
2006-01-19,31.75,76.5,0.0
2006-01-19,31.75,76.75,0.0
2006-01-19,31.75,77.0,0.0
2006-01-19,31.75,77.25,0.0
2006-01-19,31.75,77.5,0.0
2006-01-19,32.0,76.5,0.0
2006-01-19,32.0,76.75,0.0
2006-01-19,32.0,77.0,0.0
2006-01-19,32.0,77.25,0.0
2006-01-19,32.0,77.5,0.0
2006-01-20,31.5,76.5,0.0
2006-01-20,31.5,76.75,0.0
2006-01-20,31.5,77.0,0.0
2006-01-20,31.5,77.25,0.0
2006-01-20,31.5,77.5,0.0
2006-01-20,31.75,76.5,0.0
2006-01-20,31.75,76.75,0.0
2006-01-20,31.75,77.0,0.0
2006-01-20,31.75,77.25,0.0
2006-01-20,31.75,77.5,0.0
2006-01-20,32.0,76.5,0.0
2006-01-20,32.0,76.75,0.0
2006-01-20,32.0,77.0,0.0
2006-01-20,32.0,77.25,0.0
2006-01-20,32.0,77.5,0.0
2006-01-21,31.5,76.5,0.0
2006-01-21,31.5,76.75,0.0
2006-01-21,31.5,77.0,0.0
2006-01-21,31.5,77.25,0.0
2006-01-21,31.5,77.5,0.0
2006-01-21,31.75,76.5,0.0
2006-01-21,31.75,76.75,0.0
2006-01-21,31.75,77.0,0.0
2006-01-21,31.75,77.25,0.0
2006-01-21,31.75,77.5,0.0
2006-01-21,32.0,76.5,0.0
2006-01-21,32.0,76.75,0.0
2006-01-21,32.0,77.0,0.0
2006-01-21,32.0,77.25,0.0
2006-01-21,32.0,77.5,0.0
2006-01-22,31.5,76.5,0.0
2006-01-22,31.5,76.75,0.0
2006-01-22,31.5,77.0,0.0
2006-01-22,31.5,77.25,0.0
2006-01-22,31.5,77.5,0.0
2006-01-22,31.75,76.5,0.0
2006-01-22,31.75,76.75,0.0
2006-01-22,31.75,77.0,0.0
2006-01-22,31.75,77.25,0.0
2006-01-22,31.75,77.5,0.0
2006-01-22,32.0,76.5,0.0
2006-01-22,32.0,76.75,0.0
2006-01-22,32.0,77.0,0.0
2006-01-22,32.0,77.25,0.0
2006-01-22,32.0,77.5,0.0
2006-01-23,31.5,76.5,0.0
2006-01-23,31.5,76.75,0.0
2006-01-23,31.5,77.0,0.0
2006-01-23,31.5,77.25,0.0
2006-01-23,31.5,77.5,0.0
2006-01-23,31.75,76.5,0.0
2006-01-23,31.75,76.75,0.0
2006-01-23,31.75,77.0,0.0
2006-01-23,31.75,77.25,0.0
2006-01-23,31.75,77.5,0.0
2006-01-23,32.0,76.5,0.0
2006-01-23,32.0,76.75,0.0
2006-01-23,32.0,77.0,0.0
2006-01-23,32.0,77.25,0.0
2006-01-23,32.0,77.5,0.0
2006-01-24,31.5,76.5,0.0
2006-01-24,31.5,76.75,0.0
2006-01-24,31.5,77.0,0.0
2006-01-24,31.5,77.25,0.0
2006-01-24,31.5,77.5,0.0
2006-01-24,31.75,76.5,0.0
2006-01-24,31.75,76.75,0.0
2006-01-24,31.75,77.0,0.0
2006-01-24,31.75,77.25,0.0
2006-01-24,31.75,77.5,0.0
2006-01-24,32.0,76.5,0.0
2006-01-24,32.0,76.75,0.0
2006-01-24,32.0,77.0,0.0
2006-01-24,32.0,77.25,0.0
2006-01-24,32.0,77.5,0.0
2006-01-25,31.5,76.5,0.0
2006-01-25,31.5,76.75,0.0
2006-01-25,31.5,77.0,0.0
2006-01-25,31.5,77.25,0.0
2006-01-25,31.5,77.5,0.0
2006-01-25,31.75,76.5,0.0
2006-01-25,31.75,76.75,0.0
2006-01-25,31.75,77.0,0.0
2006-01-25,31.75,77.25,0.0
2006-01-25,31.75,77.5,0.0
2006-01-25,32.0,76.5,0.0
2006-01-25,32.0,76.75,0.0
2006-01-25,32.0,77.0,0.0
2006-01-25,32.0,77.25,0.3567299544811249
2006-01-25,32.0,77.5,0.5728819966316223
2006-01-26,31.5,76.5,0.0
2006-01-26,31.5,76.75,0.0
2006-01-26,31.5,77.0,0.0
2006-01-26,31.5,77.25,0.0
2006-01-26,31.5,77.5,0.0
2006-01-26,31.75,76.5,0.0
2006-01-26,31.75,76.75,0.0
2006-01-26,31.75,77.0,0.0
2006-01-26,31.75,77.25,0.0
2006-01-26,31.75,77.5,0.0
2006-01-26,32.0,76.5,0.0
2006-01-26,32.0,76.75,0.0
2006-01-26,32.0,77.0,0.0
2006-01-26,32.0,77.25,0.0
2006-01-26,32.0,77.5,0.0
2006-01-27,31.5,76.5,0.0
2006-01-27,31.5,76.75,0.0
2006-01-27,31.5,77.0,0.0
2006-01-27,31.5,77.25,0.0
2006-01-27,31.5,77.5,0.0
2006-01-27,31.75,76.5,0.0
2006-01-27,31.75,76.75,0.0
2006-01-27,31.75,77.0,0.0
2006-01-27,31.75,77.25,0.0
2006-01-27,31.75,77.5,0.0
2006-01-27,32.0,76.5,0.0
2006-01-27,32.0,76.75,0.0
2006-01-27,32.0,77.0,0.0
2006-01-27,32.0,77.25,0.0
2006-01-27,32.0,77.5,0.0
2006-01-28,31.5,76.5,0.0
2006-01-28,31.5,76.75,0.0
2006-01-28,31.5,77.0,0.0
2006-01-28,31.5,77.25,0.0
2006-01-28,31.5,77.5,0.0
2006-01-28,31.75,76.5,0.0
2006-01-28,31.75,76.75,0.0
2006-01-28,31.75,77.0,0.0
2006-01-28,31.75,77.25,0.0
2006-01-28,31.75,77.5,0.0
2006-01-28,32.0,76.5,0.0
2006-01-28,32.0,76.75,0.0
2006-01-28,32.0,77.0,0.0
2006-01-28,32.0,77.25,1.4269198179244995
2006-01-28,32.0,77.5,2.2915279865264893
2006-01-29,31.5,76.5,0.0
2006-01-29,31.5,76.75,0.0
2006-01-29,31.5,77.0,0.0
2006-01-29,31.5,77.25,0.0
2006-01-29,31.5,77.5,0.0
2006-01-29,31.75,76.5,0.0
2006-01-29,31.75,76.75,0.0
2006-01-29,31.75,77.0,0.0
2006-01-29,31.75,77.25,0.37318599224090576
2006-01-29,31.75,77.5,3.365757942199707
2006-01-29,32.0,76.5,0.0
2006-01-29,32.0,76.75,2.322713851928711
2006-01-29,32.0,77.0,4.318892955780029
2006-01-29,32.0,77.25,5.705549240112305
2006-01-29,32.0,77.5,7.948581218719482
2006-01-30,31.5,76.5,0.0
2006-01-30,31.5,76.75,0.0
2006-01-30,31.5,77.0,0.0
2006-01-30,31.5,77.25,0.0
2006-01-30,31.5,77.5,0.0
2006-01-30,31.75,76.5,0.0
2006-01-30,31.75,76.75,0.0
2006-01-30,31.75,77.0,0.0
2006-01-30,31.75,77.25,0.0
2006-01-30,31.75,77.5,0.0
2006-01-30,32.0,76.5,0.0
2006-01-30,32.0,76.75,0.0
2006-01-30,32.0,77.0,0.0
2006-01-30,32.0,77.25,0.0
2006-01-30,32.0,77.5,0.0
2006-01-31,31.5,76.5,0.0
2006-01-31,31.5,76.75,0.0
2006-01-31,31.5,77.0,0.0
2006-01-31,31.5,77.25,0.0
2006-01-31,31.5,77.5,0.0
2006-01-31,31.75,76.5,0.0
2006-01-31,31.75,76.75,0.0
2006-01-31,31.75,77.0,0.0
2006-01-31,31.75,77.25,0.0
2006-01-31,31.75,77.5,0.0
2006-01-31,32.0,76.5,0.0
2006-01-31,32.0,76.75,0.0
2006-01-31,32.0,77.0,0.0
2006-01-31,32.0,77.25,0.0
2006-01-31,32.0,77.5,0.0
2006-02-01,31.5,76.5,0.0
2006-02-01,31.5,76.75,0.0
2006-02-01,31.5,77.0,0.0
2006-02-01,31.5,77.25,0.0
2006-02-01,31.5,77.5,0.0
2006-02-01,31.75,76.5,0.0
2006-02-01,31.75,76.75,0.0
2006-02-01,31.75,77.0,0.0
2006-02-01,31.75,77.25,0.0
2006-02-01,31.75,77.5,0.0
2006-02-01,32.0,76.5,0.0
2006-02-01,32.0,76.75,0.0
2006-02-01,32.0,77.0,0.0
2006-02-01,32.0,77.25,0.0
2006-02-01,32.0,77.5,0.0
2006-02-02,31.5,76.5,0.0
2006-02-02,31.5,76.75,0.0
2006-02-02,31.5,77.0,0.0
2006-02-02,31.5,77.25,0.0
2006-02-02,31.5,77.5,0.0
2006-02-02,31.75,76.5,0.0
2006-02-02,31.75,76.75,0.0
2006-02-02,31.75,77.0,0.0
2006-02-02,31.75,77.25,0.0
2006-02-02,31.75,77.5,0.0
2006-02-02,32.0,76.5,0.0
2006-02-02,32.0,76.75,0.0
2006-02-02,32.0,77.0,0.0
2006-02-02,32.0,77.25,0.0
2006-02-02,32.0,77.5,0.0
2006-02-03,31.5,76.5,0.0
2006-02-03,31.5,76.75,0.0
2006-02-03,31.5,77.0,0.0
2006-02-03,31.5,77.25,0.0
2006-02-03,31.5,77.5,0.0
2006-02-03,31.75,76.5,0.0
2006-02-03,31.75,76.75,0.0
2006-02-03,31.75,77.0,0.0
2006-02-03,31.75,77.25,0.0
2006-02-03,31.75,77.5,0.0
2006-02-03,32.0,76.5,0.0
2006-02-03,32.0,76.75,0.0
2006-02-03,32.0,77.0,0.0
2006-02-03,32.0,77.25,0.3567299544811249
2006-02-03,32.0,77.5,0.5728819966316223
2006-02-04,31.5,76.5,0.0
2006-02-04,31.5,76.75,0.0
2006-02-04,31.5,77.0,0.0
2006-02-04,31.5,77.25,0.0
2006-02-04,31.5,77.5,0.0
2006-02-04,31.75,76.5,0.0
2006-02-04,31.75,76.75,0.0
2006-02-04,31.75,77.0,0.0
2006-02-04,31.75,77.25,0.0
2006-02-04,31.75,77.5,0.0
2006-02-04,32.0,76.5,0.0
2006-02-04,32.0,76.75,0.0
2006-02-04,32.0,77.0,0.0
2006-02-04,32.0,77.25,0.0
2006-02-04,32.0,77.5,0.0
2006-02-05,31.5,76.5,0.0
2006-02-05,31.5,76.75,0.0
2006-02-05,31.5,77.0,0.0
2006-02-05,31.5,77.25,0.0
2006-02-05,31.5,77.5,0.0
2006-02-05,31.75,76.5,0.0
2006-02-05,31.75,76.75,0.0
2006-02-05,31.75,77.0,0.0
2006-02-05,31.75,77.25,0.0
2006-02-05,31.75,77.5,0.0
2006-02-05,32.0,76.5,0.0
2006-02-05,32.0,76.75,0.0
2006-02-05,32.0,77.0,0.0
2006-02-05,32.0,77.25,0.0
2006-02-05,32.0,77.5,0.0
2006-02-06,31.5,76.5,0.0
2006-02-06,31.5,76.75,0.0
2006-02-06,31.5,77.0,0.0
2006-02-06,31.5,77.25,0.0
2006-02-06,31.5,77.5,0.0
2006-02-06,31.75,76.5,0.0
2006-02-06,31.75,76.75,0.0
2006-02-06,31.75,77.0,0.0
2006-02-06,31.75,77.25,0.0
2006-02-06,31.75,77.5,0.0
2006-02-06,32.0,76.5,0.0
2006-02-06,32.0,76.75,0.0
2006-02-06,32.0,77.0,0.0
2006-02-06,32.0,77.25,0.0
2006-02-06,32.0,77.5,0.0
2006-02-07,31.5,76.5,0.0
2006-02-07,31.5,76.75,0.0
2006-02-07,31.5,77.0,0.0
2006-02-07,31.5,77.25,0.0
2006-02-07,31.5,77.5,0.0
2006-02-07,31.75,76.5,0.0
2006-02-07,31.75,76.75,0.0
2006-02-07,31.75,77.0,0.0
2006-02-07,31.75,77.25,0.0
2006-02-07,31.75,77.5,0.0
2006-02-07,32.0,76.5,0.0
2006-02-07,32.0,76.75,0.0
2006-02-07,32.0,77.0,0.0
2006-02-07,32.0,77.25,0.0
2006-02-07,32.0,77.5,0.0
2006-02-08,31.5,76.5,0.0
2006-02-08,31.5,76.75,0.0
2006-02-08,31.5,77.0,0.0
2006-02-08,31.5,77.25,0.0
2006-02-08,31.5,77.5,0.0
2006-02-08,31.75,76.5,0.0
2006-02-08,31.75,76.75,0.0
2006-02-08,31.75,77.0,0.0
2006-02-08,31.75,77.25,0.0
2006-02-08,31.75,77.5,0.0
2006-02-08,32.0,76.5,0.0
2006-02-08,32.0,76.75,0.0
2006-02-08,32.0,77.0,0.0
2006-02-08,32.0,77.25,0.0
2006-02-08,32.0,77.5,0.0
2006-02-09,31.5,76.5,0.0
2006-02-09,31.5,76.75,0.0
2006-02-09,31.5,77.0,0.0
2006-02-09,31.5,77.25,0.0
2006-02-09,31.5,77.5,0.0
2006-02-09,31.75,76.5,0.0
2006-02-09,31.75,76.75,0.0
2006-02-09,31.75,77.0,0.0
2006-02-09,31.75,77.25,0.0
2006-02-09,31.75,77.5,0.0
2006-02-09,32.0,76.5,0.0
2006-02-09,32.0,76.75,0.0
2006-02-09,32.0,77.0,0.0
2006-02-09,32.0,77.25,0.0
2006-02-09,32.0,77.5,0.0
2006-02-10,31.5,76.5,0.0
2006-02-10,31.5,76.75,0.0
2006-02-10,31.5,77.0,3.8156063556671143
2006-02-10,31.5,77.25,4.214310169219971
2006-02-10,31.5,77.5,5.941591262817383
2006-02-10,31.75,76.5,0.0
2006-02-10,31.75,76.75,0.9524831175804138
2006-02-10,31.75,77.0,8.680279731750488
2006-02-10,31.75,77.25,5.448090076446533
2006-02-10,31.75,77.5,4.818661689758301
2006-02-10,32.0,76.5,0.0
2006-02-10,32.0,76.75,3.5632989406585693
2006-02-10,32.0,77.0,5.8937087059021
2006-02-10,32.0,77.25,5.394159317016602
2006-02-10,32.0,77.5,3.6873953342437744
2006-02-11,31.5,76.5,0.0
2006-02-11,31.5,76.75,0.48793113231658936
2006-02-11,31.5,77.0,19.9952449798584
2006-02-11,31.5,77.25,22.084606170654297
2006-02-11,31.5,77.5,31.136226654052734
2006-02-11,31.75,76.5,0.0
2006-02-11,31.75,76.75,4.991377830505371
2006-02-11,31.75,77.0,45.48800277709961
2006-02-11,31.75,77.25,28.55008888244629
2006-02-11,31.75,77.5,25.25164222717285
2006-02-11,32.0,76.5,0.0
2006-02-11,32.0,76.75,18.673057556152344
2006-02-11,32.0,77.0,30.885299682617188
2006-02-11,32.0,77.25,28.26746940612793
2006-02-11,32.0,77.5,19.32337188720703
2006-02-12,31.5,76.5,0.0
2006-02-12,31.5,76.75,0.0
2006-02-12,31.5,77.0,0.0
2006-02-12,31.5,77.25,0.0
2006-02-12,31.5,77.5,0.0
2006-02-12,31.75,76.5,0.0
2006-02-12,31.75,76.75,0.0
2006-02-12,31.75,77.0,0.0
2006-02-12,31.75,77.25,0.0
2006-02-12,31.75,77.5,0.0
2006-02-12,32.0,76.5,0.0
2006-02-12,32.0,76.75,0.0
2006-02-12,32.0,77.0,0.0
2006-02-12,32.0,77.25,0.0
2006-02-12,32.0,77.5,0.0
2006-02-13,31.5,76.5,0.0
2006-02-13,31.5,76.75,0.0
2006-02-13,31.5,77.0,0.0
2006-02-13,31.5,77.25,0.0
2006-02-13,31.5,77.5,0.0
2006-02-13,31.75,76.5,0.0
2006-02-13,31.75,76.75,0.0
2006-02-13,31.75,77.0,0.0
2006-02-13,31.75,77.25,0.0
2006-02-13,31.75,77.5,0.0
2006-02-13,32.0,76.5,0.0
2006-02-13,32.0,76.75,0.0
2006-02-13,32.0,77.0,0.1176040768623352
2006-02-13,32.0,77.25,0.10365848988294601
2006-02-13,32.0,77.5,0.13705511391162872
2006-02-14,31.5,76.5,0.0
2006-02-14,31.5,76.75,0.0
2006-02-14,31.5,77.0,0.0
2006-02-14,31.5,77.25,0.0
2006-02-14,31.5,77.5,0.0
2006-02-14,31.75,76.5,0.0
2006-02-14,31.75,76.75,0.0
2006-02-14,31.75,77.0,0.0
2006-02-14,31.75,77.25,0.0
2006-02-14,31.75,77.5,0.20907139778137207
2006-02-14,32.0,76.5,0.0
2006-02-14,32.0,76.75,0.13631749153137207
2006-02-14,32.0,77.0,0.2744095027446747
2006-02-14,32.0,77.25,0.5985997915267944
2006-02-14,32.0,77.5,0.8926771879196167
2006-02-15,31.5,76.5,0.0
2006-02-15,31.5,76.75,0.0
2006-02-15,31.5,77.0,0.0
2006-02-15,31.5,77.25,0.0
2006-02-15,31.5,77.5,0.31880417466163635
2006-02-15,31.75,76.5,0.0
2006-02-15,31.75,76.75,0.0
2006-02-15,31.75,77.0,0.0
2006-02-15,31.75,77.25,0.9193119406700134
2006-02-15,31.75,77.5,5.627964019775391
2006-02-15,32.0,76.5,0.0
2006-02-15,32.0,76.75,3.985302686691284
2006-02-15,32.0,77.0,7.143610954284668
2006-02-15,32.0,77.25,7.7216997146606445
2006-02-15,32.0,77.5,10.2838773727417
2006-02-16,31.5,76.5,0.19823890924453735
2006-02-16,31.5,76.75,0.5791736245155334
2006-02-16,31.5,77.0,0.1939956545829773
2006-02-16,31.5,77.25,0.16023877263069153
2006-02-16,31.5,77.5,0.49435561895370483
2006-02-16,31.75,76.5,0.0
2006-02-16,31.75,76.75,0.0
2006-02-16,31.75,77.0,0.0
2006-02-16,31.75,77.25,0.4854690730571747
2006-02-16,31.75,77.5,1.6334519386291504
2006-02-16,32.0,76.5,0.0
2006-02-16,32.0,76.75,1.1932258605957031
2006-02-16,32.0,77.0,2.0452144145965576
2006-02-16,32.0,77.25,1.9178355932235718
2006-02-16,32.0,77.5,2.4344396591186523
2006-02-17,31.5,76.5,0.0
2006-02-17,31.5,76.75,0.0
2006-02-17,31.5,77.0,0.0
2006-02-17,31.5,77.25,0.0
2006-02-17,31.5,77.5,0.0
2006-02-17,31.75,76.5,0.0
2006-02-17,31.75,76.75,0.0
2006-02-17,31.75,77.0,0.0
2006-02-17,31.75,77.25,0.0
2006-02-17,31.75,77.5,0.0
2006-02-17,32.0,76.5,0.0
2006-02-17,32.0,76.75,0.0
2006-02-17,32.0,77.0,0.0
2006-02-17,32.0,77.25,0.0
2006-02-17,32.0,77.5,0.0
2006-02-18,31.5,76.5,0.0
2006-02-18,31.5,76.75,0.0
2006-02-18,31.5,77.0,0.0
2006-02-18,31.5,77.25,0.0
2006-02-18,31.5,77.5,0.0
2006-02-18,31.75,76.5,0.0
2006-02-18,31.75,76.75,0.0
2006-02-18,31.75,77.0,0.0
2006-02-18,31.75,77.25,0.0
2006-02-18,31.75,77.5,0.0
2006-02-18,32.0,76.5,0.0
2006-02-18,32.0,76.75,0.0
2006-02-18,32.0,77.0,0.0
2006-02-18,32.0,77.25,0.0
2006-02-18,32.0,77.5,0.0
2006-02-19,31.5,76.5,0.0
2006-02-19,31.5,76.75,0.0
2006-02-19,31.5,77.0,0.0
2006-02-19,31.5,77.25,0.0
2006-02-19,31.5,77.5,0.0
2006-02-19,31.75,76.5,0.0
2006-02-19,31.75,76.75,0.0
2006-02-19,31.75,77.0,0.0
2006-02-19,31.75,77.25,0.0
2006-02-19,31.75,77.5,0.0
2006-02-19,32.0,76.5,0.0
2006-02-19,32.0,76.75,0.0
2006-02-19,32.0,77.0,0.0
2006-02-19,32.0,77.25,0.0
2006-02-19,32.0,77.5,0.0
2006-02-20,31.5,76.5,0.0
2006-02-20,31.5,76.75,0.0
2006-02-20,31.5,77.0,0.0
2006-02-20,31.5,77.25,0.0
2006-02-20,31.5,77.5,0.0
2006-02-20,31.75,76.5,0.0
2006-02-20,31.75,76.75,0.0
2006-02-20,31.75,77.0,0.0
2006-02-20,31.75,77.25,0.0
2006-02-20,31.75,77.5,0.0
2006-02-20,32.0,76.5,0.0
2006-02-20,32.0,76.75,0.0
2006-02-20,32.0,77.0,0.0
2006-02-20,32.0,77.25,0.0
2006-02-20,32.0,77.5,0.0
2006-02-21,31.5,76.5,0.0
2006-02-21,31.5,76.75,0.0
2006-02-21,31.5,77.0,0.0
2006-02-21,31.5,77.25,0.0
2006-02-21,31.5,77.5,0.0
2006-02-21,31.75,76.5,0.0
2006-02-21,31.75,76.75,0.0
2006-02-21,31.75,77.0,0.0
2006-02-21,31.75,77.25,0.0
2006-02-21,31.75,77.5,0.0
2006-02-21,32.0,76.5,0.0
2006-02-21,32.0,76.75,0.0
2006-02-21,32.0,77.0,0.0
2006-02-21,32.0,77.25,0.0
2006-02-21,32.0,77.5,0.0
2006-02-22,31.5,76.5,0.0
2006-02-22,31.5,76.75,0.0
2006-02-22,31.5,77.0,0.0
2006-02-22,31.5,77.25,0.0
2006-02-22,31.5,77.5,0.0
2006-02-22,31.75,76.5,0.0
2006-02-22,31.75,76.75,0.0
2006-02-22,31.75,77.0,0.0
2006-02-22,31.75,77.25,0.0
2006-02-22,31.75,77.5,0.0
2006-02-22,32.0,76.5,0.0
2006-02-22,32.0,76.75,0.0
2006-02-22,32.0,77.0,0.0
2006-02-22,32.0,77.25,0.0
2006-02-22,32.0,77.5,0.0
2006-02-23,31.5,76.5,0.869558572769165
2006-02-23,31.5,76.75,0.0
2006-02-23,31.5,77.0,1.1365770101547241
2006-02-23,31.5,77.25,1.0617939233779907
2006-02-23,31.5,77.5,0.0
2006-02-23,31.75,76.5,0.4316501021385193
2006-02-23,31.75,76.75,3.2610554695129395
2006-02-23,31.75,77.0,0.43822988867759705
2006-02-23,31.75,77.25,1.1849277019500732
2006-02-23,31.75,77.5,3.1411564350128174
2006-02-23,32.0,76.5,1.0872811079025269
2006-02-23,32.0,76.75,3.308666467666626
2006-02-23,32.0,77.0,3.0113613605499268
2006-02-23,32.0,77.25,5.547089099884033
2006-02-23,32.0,77.5,8.076471328735352
2006-02-24,31.5,76.5,0.4453836679458618
2006-02-24,31.5,76.75,0.0
2006-02-24,31.5,77.0,0.5821491479873657
2006-02-24,31.5,77.25,0.5438457131385803
2006-02-24,31.5,77.5,0.0
2006-02-24,31.75,76.5,0.22108906507492065
2006-02-24,31.75,76.75,1.6702966690063477
2006-02-24,31.75,77.0,0.2244592010974884
2006-02-24,31.75,77.25,0.606914222240448
2006-02-24,31.75,77.5,1.1270010471343994
2006-02-24,32.0,76.5,0.5569000244140625
2006-02-24,32.0,76.75,1.3804876804351807
2006-02-24,32.0,77.0,0.9099241495132446
2006-02-24,32.0,77.25,0.7610836625099182
2006-02-24,32.0,77.5,0.9544123411178589
2006-02-25,31.5,76.5,0.0
2006-02-25,31.5,76.75,0.0
2006-02-25,31.5,77.0,0.0
2006-02-25,31.5,77.25,0.0
2006-02-25,31.5,77.5,0.0
2006-02-25,31.75,76.5,0.0
2006-02-25,31.75,76.75,0.0
2006-02-25,31.75,77.0,0.0
2006-02-25,31.75,77.25,0.0
2006-02-25,31.75,77.5,0.0
2006-02-25,32.0,76.5,0.0
2006-02-25,32.0,76.75,0.0
2006-02-25,32.0,77.0,0.0
2006-02-25,32.0,77.25,0.951279878616333
2006-02-25,32.0,77.5,1.527685284614563
2006-02-26,31.5,76.5,1.598518967628479
2006-02-26,31.5,76.75,0.0
2006-02-26,31.5,77.0,0.4402622878551483
2006-02-26,31.5,77.25,0.4862665832042694
2006-02-26,31.5,77.5,1.7323863506317139
2006-02-26,31.75,76.5,2.992006540298462
2006-02-26,31.75,76.75,0.17426472902297974
2006-02-26,31.75,77.0,1.0992248058319092
2006-02-26,31.75,77.25,1.5479376316070557
2006-02-26,31.75,77.5,6.60210657119751
2006-02-26,32.0,76.5,1.5017753839492798
2006-02-26,32.0,76.75,4.669087886810303
2006-02-26,32.0,77.0,8.372472763061523
2006-02-26,32.0,77.25,13.393985748291016
2006-02-26,32.0,77.5,18.681825637817383
2006-02-27,31.5,76.5,3.2984769344329834
2006-02-27,31.5,76.75,3.710740327835083
2006-02-27,31.5,77.0,8.603117942810059
2006-02-27,31.5,77.25,8.759271621704102
2006-02-27,31.5,77.5,8.338687896728516
2006-02-27,31.75,76.5,1.757750391960144
2006-02-27,31.75,76.75,9.527982711791992
2006-02-27,31.75,77.0,11.800686836242676
2006-02-27,31.75,77.25,10.174524307250977
2006-02-27,31.75,77.5,14.379469871520996
2006-02-27,32.0,76.5,5.24592924118042
2006-02-27,32.0,76.75,12.991588592529297
2006-02-27,32.0,77.0,15.613300323486328
2006-02-27,32.0,77.25,16.18465232849121
2006-02-27,32.0,77.5,17.650991439819336
2006-02-28,31.5,76.5,0.0
2006-02-28,31.5,76.75,0.0
2006-02-28,31.5,77.0,0.0
2006-02-28,31.5,77.25,0.0
2006-02-28,31.5,77.5,0.0
2006-02-28,31.75,76.5,0.0
2006-02-28,31.75,76.75,0.0
2006-02-28,31.75,77.0,0.0
2006-02-28,31.75,77.25,0.0
2006-02-28,31.75,77.5,0.0
2006-02-28,32.0,76.5,0.0
2006-02-28,32.0,76.75,0.0
2006-02-28,32.0,77.0,0.0
2006-02-28,32.0,77.25,0.0
2006-02-28,32.0,77.5,0.0
2006-03-01,31.5,76.5,0.0
2006-03-01,31.5,76.75,0.0
2006-03-01,31.5,77.0,0.0
2006-03-01,31.5,77.25,0.0
2006-03-01,31.5,77.5,0.0
2006-03-01,31.75,76.5,0.0
2006-03-01,31.75,76.75,0.0
2006-03-01,31.75,77.0,0.0
2006-03-01,31.75,77.25,0.0
2006-03-01,31.75,77.5,0.0
2006-03-01,32.0,76.5,0.0
2006-03-01,32.0,76.75,0.0
2006-03-01,32.0,77.0,0.0
2006-03-01,32.0,77.25,0.0
2006-03-01,32.0,77.5,0.0
2006-03-02,31.5,76.5,0.0
2006-03-02,31.5,76.75,0.0
2006-03-02,31.5,77.0,0.0
2006-03-02,31.5,77.25,0.0
2006-03-02,31.5,77.5,0.0
2006-03-02,31.75,76.5,0.0
2006-03-02,31.75,76.75,0.0
2006-03-02,31.75,77.0,0.0
2006-03-02,31.75,77.25,0.0
2006-03-02,31.75,77.5,0.0
2006-03-02,32.0,76.5,0.0
2006-03-02,32.0,76.75,0.0
2006-03-02,32.0,77.0,0.0
2006-03-02,32.0,77.25,0.0
2006-03-02,32.0,77.5,0.0
2006-03-03,31.5,76.5,0.0
2006-03-03,31.5,76.75,0.0
2006-03-03,31.5,77.0,0.0
2006-03-03,31.5,77.25,0.0
2006-03-03,31.5,77.5,0.0
2006-03-03,31.75,76.5,0.0
2006-03-03,31.75,76.75,0.0
2006-03-03,31.75,77.0,0.0
2006-03-03,31.75,77.25,0.0
2006-03-03,31.75,77.5,0.0
2006-03-03,32.0,76.5,0.0
2006-03-03,32.0,76.75,0.0
2006-03-03,32.0,77.0,0.0
2006-03-03,32.0,77.25,0.0
2006-03-03,32.0,77.5,0.0
2006-03-04,31.5,76.5,0.0
2006-03-04,31.5,76.75,0.0
2006-03-04,31.5,77.0,0.0
2006-03-04,31.5,77.25,0.0
2006-03-04,31.5,77.5,0.0
2006-03-04,31.75,76.5,0.0
2006-03-04,31.75,76.75,0.0
2006-03-04,31.75,77.0,0.0
2006-03-04,31.75,77.25,0.0
2006-03-04,31.75,77.5,0.0
2006-03-04,32.0,76.5,0.0
2006-03-04,32.0,76.75,0.0
2006-03-04,32.0,77.0,0.0
2006-03-04,32.0,77.25,0.0
2006-03-04,32.0,77.5,0.0
2006-03-05,31.5,76.5,0.0
2006-03-05,31.5,76.75,0.0
2006-03-05,31.5,77.0,0.0
2006-03-05,31.5,77.25,0.0
2006-03-05,31.5,77.5,0.0
2006-03-05,31.75,76.5,0.0
2006-03-05,31.75,76.75,0.0
2006-03-05,31.75,77.0,0.0
2006-03-05,31.75,77.25,0.0
2006-03-05,31.75,77.5,0.0
2006-03-05,32.0,76.5,0.0
2006-03-05,32.0,76.75,0.0
2006-03-05,32.0,77.0,0.0
2006-03-05,32.0,77.25,0.23781996965408325
2006-03-05,32.0,77.5,0.38192132115364075
2006-03-06,31.5,76.5,0.0
2006-03-06,31.5,76.75,0.0
2006-03-06,31.5,77.0,0.0
2006-03-06,31.5,77.25,0.0
2006-03-06,31.5,77.5,0.0
2006-03-06,31.75,76.5,0.0
2006-03-06,31.75,76.75,0.0
2006-03-06,31.75,77.0,0.0
2006-03-06,31.75,77.25,0.0
2006-03-06,31.75,77.5,0.0
2006-03-06,32.0,76.5,0.0
2006-03-06,32.0,76.75,0.0
2006-03-06,32.0,77.0,0.0
2006-03-06,32.0,77.25,0.0
2006-03-06,32.0,77.5,0.0
2006-03-07,31.5,76.5,0.4625574052333832
2006-03-07,31.5,76.75,1.372891902923584
2006-03-07,31.5,77.0,1.7403658628463745
2006-03-07,31.5,77.25,2.2056612968444824
2006-03-07,31.5,77.5,1.3711366653442383
2006-03-07,31.75,76.5,0.1953224241733551
2006-03-07,31.75,76.75,0.35607635974884033
2006-03-07,31.75,77.0,2.105307102203369
2006-03-07,31.75,77.25,1.710389494895935
2006-03-07,31.75,77.5,1.8619568347930908
2006-03-07,32.0,76.5,0.12707442045211792
2006-03-07,32.0,76.75,1.3769423961639404
2006-03-07,32.0,77.0,2.293856143951416
2006-03-07,32.0,77.25,2.602464437484741
2006-03-07,32.0,77.5,2.7290899753570557
2006-03-08,31.5,76.5,0.0
2006-03-08,31.5,76.75,0.0
2006-03-08,31.5,77.0,0.0
2006-03-08,31.5,77.25,0.15561264753341675
2006-03-08,31.5,77.5,0.0
2006-03-08,31.75,76.5,0.0
2006-03-08,31.75,76.75,0.0
2006-03-08,31.75,77.0,0.0
2006-03-08,31.75,77.25,0.0
2006-03-08,31.75,77.5,0.0
2006-03-08,32.0,76.5,0.0
2006-03-08,32.0,76.75,0.0
2006-03-08,32.0,77.0,0.0
2006-03-08,32.0,77.25,0.0
2006-03-08,32.0,77.5,0.0
2006-03-09,31.5,76.5,0.0
2006-03-09,31.5,76.75,0.0
2006-03-09,31.5,77.0,0.0
2006-03-09,31.5,77.25,0.0
2006-03-09,31.5,77.5,0.31880417466163635
2006-03-09,31.75,76.5,0.0
2006-03-09,31.75,76.75,0.0
2006-03-09,31.75,77.0,0.0
2006-03-09,31.75,77.25,0.0
2006-03-09,31.75,77.5,0.8587663769721985
2006-03-09,32.0,76.5,0.0
2006-03-09,32.0,76.75,0.2906050384044647
2006-03-09,32.0,77.0,0.33342769742012024
2006-03-09,32.0,77.25,0.886224091053009
2006-03-09,32.0,77.5,1.3741891384124756
2006-03-10,31.5,76.5,0.0
2006-03-10,31.5,76.75,0.0
2006-03-10,31.5,77.0,0.0
2006-03-10,31.5,77.25,0.0
2006-03-10,31.5,77.5,0.3504769802093506
2006-03-10,31.75,76.5,0.0
2006-03-10,31.75,76.75,0.0
2006-03-10,31.75,77.0,0.0
2006-03-10,31.75,77.25,0.538668155670166
2006-03-10,31.75,77.5,3.5506181716918945
2006-03-10,32.0,76.5,0.0
2006-03-10,32.0,76.75,1.6948521137237549
2006-03-10,32.0,77.0,1.4738503694534302
2006-03-10,32.0,77.25,3.6880786418914795
2006-03-10,32.0,77.5,5.566712379455566
2006-03-11,31.5,76.5,4.303005695343018
2006-03-11,31.5,76.75,7.881800174713135
2006-03-11,31.5,77.0,10.535981178283691
2006-03-11,31.5,77.25,12.892486572265625
2006-03-11,31.5,77.5,12.41832447052002
2006-03-11,31.75,76.5,1.5828857421875
2006-03-11,31.75,76.75,6.631062030792236
2006-03-11,31.75,77.0,8.069031715393066
2006-03-11,31.75,77.25,8.585742950439453
2006-03-11,31.75,77.5,11.883477210998535
2006-03-11,32.0,76.5,2.5660793781280518
2006-03-11,32.0,76.75,9.784805297851562
2006-03-11,32.0,77.0,9.668052673339844
2006-03-11,32.0,77.25,12.046065330505371
2006-03-11,32.0,77.5,14.058109283447266
2006-03-12,31.5,76.5,6.206498622894287
2006-03-12,31.5,76.75,7.293638229370117
2006-03-12,31.5,77.0,4.0273308753967285
2006-03-12,31.5,77.25,3.1207985877990723
2006-03-12,31.5,77.5,1.3470534086227417
2006-03-12,31.75,76.5,5.309338092803955
2006-03-12,31.75,76.75,3.6407852172851562
2006-03-12,31.75,77.0,1.0806059837341309
2006-03-12,31.75,77.25,2.3017477989196777
2006-03-12,31.75,77.5,3.275111198425293
2006-03-12,32.0,76.5,28.910734176635742
2006-03-12,32.0,76.75,2.4620890617370605
2006-03-12,32.0,77.0,1.5828605890274048
2006-03-12,32.0,77.25,3.3671934604644775
2006-03-12,32.0,77.5,4.893751621246338
2006-03-13,31.5,76.5,0.0
2006-03-13,31.5,76.75,0.0
2006-03-13,31.5,77.0,0.0
2006-03-13,31.5,77.25,0.0
2006-03-13,31.5,77.5,0.13311240077018738
2006-03-13,31.75,76.5,0.0
2006-03-13,31.75,76.75,0.0
2006-03-13,31.75,77.0,0.0
2006-03-13,31.75,77.25,0.0
2006-03-13,31.75,77.5,0.0
2006-03-13,32.0,76.5,0.0
2006-03-13,32.0,76.75,0.0
2006-03-13,32.0,77.0,0.0
2006-03-13,32.0,77.25,0.0
2006-03-13,32.0,77.5,0.0
2006-03-14,31.5,76.5,24.341129302978516
2006-03-14,31.5,76.75,15.016036987304688
2006-03-14,31.5,77.0,21.813581466674805
2006-03-14,31.5,77.25,20.389188766479492
2006-03-14,31.5,77.5,13.842146873474121
2006-03-14,31.75,76.5,36.11451721191406
2006-03-14,31.75,76.75,22.424732208251953
2006-03-14,31.75,77.0,21.262535095214844
2006-03-14,31.75,77.25,18.47233772277832
2006-03-14,31.75,77.5,17.509984970092773
2006-03-14,32.0,76.5,23.43816375732422
2006-03-14,32.0,76.75,14.984367370605469
2006-03-14,32.0,77.0,19.695167541503906
2006-03-14,32.0,77.25,17.197978973388672
2006-03-14,32.0,77.5,15.684568405151367
2006-03-15,31.5,76.5,37.13414764404297
2006-03-15,31.5,76.75,30.039676666259766
2006-03-15,31.5,77.0,21.678640365600586
2006-03-15,31.5,77.25,16.469667434692383
2006-03-15,31.5,77.5,9.298063278198242
2006-03-15,31.75,76.5,38.767738342285156
2006-03-15,31.75,76.75,25.211421966552734
2006-03-15,31.75,77.0,11.012975692749023
2006-03-15,31.75,77.25,17.754613876342773
2006-03-15,31.75,77.5,23.453231811523438
2006-03-15,32.0,76.5,22.886423110961914
2006-03-15,32.0,76.75,25.49114227294922
2006-03-15,32.0,77.0,15.417632102966309
2006-03-15,32.0,77.25,24.181339263916016
2006-03-15,32.0,77.5,30.59428596496582
2006-03-16,31.5,76.5,9.94729995727539
2006-03-16,31.5,76.75,19.91550064086914
2006-03-16,31.5,77.0,17.245704650878906
2006-03-16,31.5,77.25,17.386648178100586
2006-03-16,31.5,77.5,9.314068794250488
2006-03-16,31.75,76.5,3.4618477821350098
2006-03-16,31.75,76.75,14.215520858764648
2006-03-16,31.75,77.0,15.411498069763184
2006-03-16,31.75,77.25,16.99415397644043
2006-03-16,31.75,77.5,18.82718849182129
2006-03-16,32.0,76.5,3.9829940795898438
2006-03-16,32.0,76.75,19.835176467895508
2006-03-16,32.0,77.0,16.10283851623535
2006-03-16,32.0,77.25,18.897092819213867
2006-03-16,32.0,77.5,21.06243133544922
2006-03-17,31.5,76.5,0.0
2006-03-17,31.5,76.75,0.0
2006-03-17,31.5,77.0,0.366885244846344
2006-03-17,31.5,77.25,0.4052221477031708
2006-03-17,31.5,77.5,0.5713068842887878
2006-03-17,31.75,76.5,0.0
2006-03-17,31.75,76.75,0.0
2006-03-17,31.75,77.0,0.8346422910690308
2006-03-17,31.75,77.25,0.5238548517227173
2006-03-17,31.75,77.5,0.463332861661911
2006-03-17,32.0,76.5,0.5832863450050354
2006-03-17,32.0,76.75,0.3426249325275421
2006-03-17,32.0,77.0,0.5667027831077576
2006-03-17,32.0,77.25,0.5186691880226135
2006-03-17,32.0,77.5,0.35455724596977234
2006-03-18,31.5,76.5,0.0
2006-03-18,31.5,76.75,0.0
2006-03-18,31.5,77.0,0.0
2006-03-18,31.5,77.25,0.0
2006-03-18,31.5,77.5,0.0
2006-03-18,31.75,76.5,0.0
2006-03-18,31.75,76.75,0.0
2006-03-18,31.75,77.0,0.0
2006-03-18,31.75,77.25,0.0
2006-03-18,31.75,77.5,0.0
2006-03-18,32.0,76.5,0.0
2006-03-18,32.0,76.75,0.0
2006-03-18,32.0,77.0,0.0
2006-03-18,32.0,77.25,0.0
2006-03-18,32.0,77.5,0.0
2006-03-19,31.5,76.5,0.0
2006-03-19,31.5,76.75,0.0
2006-03-19,31.5,77.0,0.0
2006-03-19,31.5,77.25,0.0
2006-03-19,31.5,77.5,0.0
2006-03-19,31.75,76.5,0.0
2006-03-19,31.75,76.75,0.0
2006-03-19,31.75,77.0,0.0
2006-03-19,31.75,77.25,0.0
2006-03-19,31.75,77.5,4.271029949188232
2006-03-19,32.0,76.5,0.0
2006-03-19,32.0,76.75,2.784771680831909
2006-03-19,32.0,77.0,5.6057939529418945
2006-03-19,32.0,77.25,4.941054821014404
2006-03-19,32.0,77.5,6.532960414886475
2006-03-20,31.5,76.5,0.0
2006-03-20,31.5,76.75,0.0
2006-03-20,31.5,77.0,1.467540979385376
2006-03-20,31.5,77.25,1.620888590812683
2006-03-20,31.5,77.5,2.2852275371551514
2006-03-20,31.75,76.5,0.0
2006-03-20,31.75,76.75,0.36633965373039246
2006-03-20,31.75,77.0,3.436223030090332
2006-03-20,31.75,77.25,3.0147311687469482
2006-03-20,31.75,77.5,3.449204683303833
2006-03-20,32.0,76.5,0.0
2006-03-20,32.0,76.75,2.7268221378326416
2006-03-20,32.0,77.0,4.11823844909668
2006-03-20,32.0,77.25,6.368408203125
2006-03-20,32.0,77.5,7.5206170082092285
2006-03-21,31.5,76.5,0.0
2006-03-21,31.5,76.75,0.0
2006-03-21,31.5,77.0,3.301967144012451
2006-03-21,31.5,77.25,3.6469993591308594
2006-03-21,31.5,77.5,5.274874687194824
2006-03-21,31.75,76.5,0.0
2006-03-21,31.75,76.75,0.8242642283439636
2006-03-21,31.75,77.0,7.715790271759033
2006-03-21,31.75,77.25,6.635235786437988
2006-03-21,31.75,77.5,15.448661804199219
2006-03-21,32.0,76.5,0.0
2006-03-21,32.0,76.75,11.097193717956543
2006-03-21,32.0,77.0,19.395719528198242
2006-03-21,32.0,77.25,19.287750244140625
2006-03-21,32.0,77.5,22.404563903808594
2006-03-22,31.5,76.5,0.0
2006-03-22,31.5,76.75,0.0
2006-03-22,31.5,77.0,0.0
2006-03-22,31.5,77.25,0.0
2006-03-22,31.5,77.5,0.0
2006-03-22,31.75,76.5,0.0
2006-03-22,31.75,76.75,0.0
2006-03-22,31.75,77.0,0.0
2006-03-22,31.75,77.25,0.0
2006-03-22,31.75,77.5,0.0
2006-03-22,32.0,76.5,0.0
2006-03-22,32.0,76.75,0.0
2006-03-22,32.0,77.0,0.0
2006-03-22,32.0,77.25,0.0
2006-03-22,32.0,77.5,0.0
2006-03-23,31.5,76.5,0.0
2006-03-23,31.5,76.75,0.0
2006-03-23,31.5,77.0,0.0
2006-03-23,31.5,77.25,0.0
2006-03-23,31.5,77.5,0.0
2006-03-23,31.75,76.5,0.0
2006-03-23,31.75,76.75,0.0
2006-03-23,31.75,77.0,0.0
2006-03-23,31.75,77.25,0.0
2006-03-23,31.75,77.5,0.0
2006-03-23,32.0,76.5,0.0
2006-03-23,32.0,76.75,0.0
2006-03-23,32.0,77.0,0.0
2006-03-23,32.0,77.25,0.0
2006-03-23,32.0,77.5,0.0
2006-03-24,31.5,76.5,0.0
2006-03-24,31.5,76.75,0.0
2006-03-24,31.5,77.0,0.0
2006-03-24,31.5,77.25,0.0
2006-03-24,31.5,77.5,0.6293997764587402
2006-03-24,31.75,76.5,0.0
2006-03-24,31.75,76.75,0.0
2006-03-24,31.75,77.0,0.0
2006-03-24,31.75,77.25,0.0
2006-03-24,31.75,77.5,0.0
2006-03-24,32.0,76.5,0.0
2006-03-24,32.0,76.75,0.0
2006-03-24,32.0,77.0,0.0
2006-03-24,32.0,77.25,0.0
2006-03-24,32.0,77.5,0.0
2006-03-25,31.5,76.5,0.0
2006-03-25,31.5,76.75,0.0
2006-03-25,31.5,77.0,1.5570377111434937
2006-03-25,31.5,77.25,1.8835393190383911
2006-03-25,31.5,77.5,3.536010980606079
2006-03-25,31.75,76.5,0.0
2006-03-25,31.75,76.75,0.3480226695537567
2006-03-25,31.75,77.0,3.5690248012542725
2006-03-25,31.75,77.25,5.7316107749938965
2006-03-25,31.75,77.5,14.526904106140137
2006-03-25,32.0,76.5,0.0
2006-03-25,32.0,76.75,10.910791397094727
2006-03-25,32.0,77.0,17.919782638549805
2006-03-25,32.0,77.25,22.372875213623047
2006-03-25,32.0,77.5,28.82534408569336
2006-03-26,31.5,76.5,5.616453647613525
2006-03-26,31.5,76.75,10.6149320602417
2006-03-26,31.5,77.0,9.852014541625977
2006-03-26,31.5,77.25,9.944547653198242
2006-03-26,31.5,77.5,9.059688568115234
2006-03-26,31.75,76.5,1.9505641460418701
2006-03-26,31.75,76.75,8.515732765197754
2006-03-26,31.75,77.0,10.910734176635742
2006-03-26,31.75,77.25,11.167662620544434
2006-03-26,31.75,77.5,15.02834415435791
2006-03-26,32.0,76.5,2.407771348953247
2006-03-26,32.0,76.75,12.646538734436035
2006-03-26,32.0,77.0,12.164389610290527
2006-03-26,32.0,77.25,15.08641529083252
2006-03-26,32.0,77.5,17.689674377441406
2006-03-27,31.5,76.5,0.2837502360343933
2006-03-27,31.5,76.75,0.30077478289604187
2006-03-27,31.5,77.0,0.46861106157302856
2006-03-27,31.5,77.25,0.5164027810096741
2006-03-27,31.5,77.5,0.5330272316932678
2006-03-27,31.75,76.5,0.14809934794902802
2006-03-27,31.75,76.75,0.6643970012664795
2006-03-27,31.75,77.0,0.7814807295799255
2006-03-27,31.75,77.25,1.4780610799789429
2006-03-27,31.75,77.5,2.8275203704833984
2006-03-27,32.0,76.5,0.553919792175293
2006-03-27,32.0,76.75,2.9743473529815674
2006-03-27,32.0,77.0,1.919560432434082
2006-03-27,32.0,77.25,2.992060422897339
2006-03-27,32.0,77.5,3.677128791809082
2006-03-28,31.5,76.5,4.10759162902832
2006-03-28,31.5,76.75,8.204034805297852
2006-03-28,31.5,77.0,5.808684349060059
2006-03-28,31.5,77.25,5.149642467498779
2006-03-28,31.5,77.5,2.7422733306884766
2006-03-28,31.75,76.5,1.4295191764831543
2006-03-28,31.75,76.75,5.437919616699219
2006-03-28,31.75,77.0,5.1228485107421875
2006-03-28,31.75,77.25,5.987711429595947
2006-03-28,31.75,77.5,6.369780540466309
2006-03-28,32.0,76.5,1.5137042999267578
2006-03-28,32.0,76.75,7.024537086486816
2006-03-28,32.0,77.0,5.32545280456543
2006-03-28,32.0,77.25,6.408385276794434
2006-03-28,32.0,77.5,7.22059965133667
2006-03-29,31.5,76.5,0.0
2006-03-29,31.5,76.75,0.0
2006-03-29,31.5,77.0,0.0
2006-03-29,31.5,77.25,0.0
2006-03-29,31.5,77.5,0.0
2006-03-29,31.75,76.5,0.0
2006-03-29,31.75,76.75,0.29963764548301697
2006-03-29,31.75,77.0,0.1285615712404251
2006-03-29,31.75,77.25,0.9883909225463867
2006-03-29,31.75,77.5,1.749028205871582
2006-03-29,32.0,76.5,0.0
2006-03-29,32.0,76.75,2.7005114555358887
2006-03-29,32.0,77.0,1.1232402324676514
2006-03-29,32.0,77.25,1.9155323505401611
2006-03-29,32.0,77.5,2.283174753189087
2006-03-30,31.5,76.5,0.0
2006-03-30,31.5,76.75,0.0
2006-03-30,31.5,77.0,0.0
2006-03-30,31.5,77.25,0.0
2006-03-30,31.5,77.5,0.0
2006-03-30,31.75,76.5,0.0
2006-03-30,31.75,76.75,0.0
2006-03-30,31.75,77.0,0.0
2006-03-30,31.75,77.25,0.0
2006-03-30,31.75,77.5,0.0
2006-03-30,32.0,76.5,0.0
2006-03-30,32.0,76.75,0.0
2006-03-30,32.0,77.0,0.0
2006-03-30,32.0,77.25,0.0
2006-03-30,32.0,77.5,0.0
2006-03-31,31.5,76.5,0.0
2006-03-31,31.5,76.75,0.0
2006-03-31,31.5,77.0,0.0
2006-03-31,31.5,77.25,0.0
2006-03-31,31.5,77.5,0.0
2006-03-31,31.75,76.5,0.0
2006-03-31,31.75,76.75,0.0
2006-03-31,31.75,77.0,0.0
2006-03-31,31.75,77.25,0.0
2006-03-31,31.75,77.5,0.0
2006-03-31,32.0,76.5,0.0
2006-03-31,32.0,76.75,0.0
2006-03-31,32.0,77.0,0.0
2006-03-31,32.0,77.25,0.0
2006-03-31,32.0,77.5,0.0
2006-04-01,31.5,76.5,0.0
2006-04-01,31.5,76.75,0.0
2006-04-01,31.5,77.0,0.0
2006-04-01,31.5,77.25,0.0
2006-04-01,31.5,77.5,0.0
2006-04-01,31.75,76.5,0.0
2006-04-01,31.75,76.75,0.0
2006-04-01,31.75,77.0,0.0
2006-04-01,31.75,77.25,0.0
2006-04-01,31.75,77.5,0.0
2006-04-01,32.0,76.5,0.0
2006-04-01,32.0,76.75,0.0
2006-04-01,32.0,77.0,0.0
2006-04-01,32.0,77.25,0.0
2006-04-01,32.0,77.5,0.0
2006-04-02,31.5,76.5,0.0
2006-04-02,31.5,76.75,0.0
2006-04-02,31.5,77.0,0.0
2006-04-02,31.5,77.25,0.0
2006-04-02,31.5,77.5,0.34533464908599854
2006-04-02,31.75,76.5,0.0
2006-04-02,31.75,76.75,0.0
2006-04-02,31.75,77.0,0.0
2006-04-02,31.75,77.25,0.19114404916763306
2006-04-02,31.75,77.5,0.346349835395813
2006-04-02,32.0,76.5,0.0
2006-04-02,32.0,76.75,0.6977883577346802
2006-04-02,32.0,77.0,0.4349875748157501
2006-04-02,32.0,77.25,0.5160461664199829
2006-04-02,32.0,77.5,0.546564519405365
2006-04-03,31.5,76.5,0.0
2006-04-03,31.5,76.75,0.0
2006-04-03,31.5,77.0,1.2840982675552368
2006-04-03,31.5,77.25,1.4182775020599365
2006-04-03,31.5,77.5,1.9995741844177246
2006-04-03,31.75,76.5,0.0
2006-04-03,31.75,76.75,0.3205472230911255
2006-04-03,31.75,77.0,2.9415524005889893
2006-04-03,31.75,77.25,2.0246360301971436
2006-04-03,31.75,77.5,2.0378520488739014
2006-04-03,32.0,76.5,0.5555108189582825
2006-04-03,32.0,76.75,1.693435788154602
2006-04-03,32.0,77.0,2.488133668899536
2006-04-03,32.0,77.25,2.0186166763305664
2006-04-03,32.0,77.5,1.7374482154846191
2006-04-04,31.5,76.5,0.0
2006-04-04,31.5,76.75,0.0
2006-04-04,31.5,77.0,0.0
2006-04-04,31.5,77.25,0.0
2006-04-04,31.5,77.5,0.0
2006-04-04,31.75,76.5,0.0
2006-04-04,31.75,76.75,0.0
2006-04-04,31.75,77.0,0.0
2006-04-04,31.75,77.25,0.0
2006-04-04,31.75,77.5,0.0
2006-04-04,32.0,76.5,0.0
2006-04-04,32.0,76.75,0.0
2006-04-04,32.0,77.0,0.0
2006-04-04,32.0,77.25,0.0
2006-04-04,32.0,77.5,0.0
2006-04-05,31.5,76.5,0.0
2006-04-05,31.5,76.75,0.0
2006-04-05,31.5,77.0,0.0
2006-04-05,31.5,77.25,0.0
2006-04-05,31.5,77.5,0.0
2006-04-05,31.75,76.5,0.0
2006-04-05,31.75,76.75,0.0
2006-04-05,31.75,77.0,0.0
2006-04-05,31.75,77.25,0.0
2006-04-05,31.75,77.5,0.0
2006-04-05,32.0,76.5,0.0
2006-04-05,32.0,76.75,0.0
2006-04-05,32.0,77.0,0.0
2006-04-05,32.0,77.25,0.0
2006-04-05,32.0,77.5,0.0
2006-04-06,31.5,76.5,0.0
2006-04-06,31.5,76.75,0.0
2006-04-06,31.5,77.0,0.0
2006-04-06,31.5,77.25,0.0
2006-04-06,31.5,77.5,0.0
2006-04-06,31.75,76.5,0.0
2006-04-06,31.75,76.75,0.0
2006-04-06,31.75,77.0,0.0
2006-04-06,31.75,77.25,0.0
2006-04-06,31.75,77.5,0.0
2006-04-06,32.0,76.5,0.0
2006-04-06,32.0,76.75,0.0
2006-04-06,32.0,77.0,0.0
2006-04-06,32.0,77.25,0.0
2006-04-06,32.0,77.5,0.0
2006-04-07,31.5,76.5,0.0
2006-04-07,31.5,76.75,0.0
2006-04-07,31.5,77.0,0.0
2006-04-07,31.5,77.25,0.0
2006-04-07,31.5,77.5,0.0
2006-04-07,31.75,76.5,0.0
2006-04-07,31.75,76.75,0.0
2006-04-07,31.75,77.0,0.0
2006-04-07,31.75,77.25,0.0
2006-04-07,31.75,77.5,0.0
2006-04-07,32.0,76.5,0.0
2006-04-07,32.0,76.75,0.0
2006-04-07,32.0,77.0,0.0
2006-04-07,32.0,77.25,0.0
2006-04-07,32.0,77.5,0.0
2006-04-08,31.5,76.5,0.0
2006-04-08,31.5,76.75,0.0
2006-04-08,31.5,77.0,0.0
2006-04-08,31.5,77.25,0.0
2006-04-08,31.5,77.5,0.0
2006-04-08,31.75,76.5,0.0
2006-04-08,31.75,76.75,0.0
2006-04-08,31.75,77.0,0.0
2006-04-08,31.75,77.25,0.0
2006-04-08,31.75,77.5,0.0
2006-04-08,32.0,76.5,0.0
2006-04-08,32.0,76.75,0.0
2006-04-08,32.0,77.0,0.0
2006-04-08,32.0,77.25,0.0
2006-04-08,32.0,77.5,0.0
2006-04-09,31.5,76.5,3.119061231613159
2006-04-09,31.5,76.75,0.0
2006-04-09,31.5,77.0,0.0
2006-04-09,31.5,77.25,0.0
2006-04-09,31.5,77.5,0.0
2006-04-09,31.75,76.5,5.838061332702637
2006-04-09,31.75,76.75,0.12558600306510925
2006-04-09,31.75,77.0,0.0
2006-04-09,31.75,77.25,0.19114404916763306
2006-04-09,31.75,77.5,1.6596735715866089
2006-04-09,32.0,76.5,2.930293560028076
2006-04-09,32.0,76.75,0.6977883577346802
2006-04-09,32.0,77.0,0.918752133846283
2006-04-09,32.0,77.25,3.466294527053833
2006-04-09,32.0,77.5,4.286919116973877
2006-04-10,31.5,76.5,18.545808792114258
2006-04-10,31.5,76.75,38.2833137512207
2006-04-10,31.5,77.0,30.367429733276367
2006-04-10,31.5,77.25,29.132579803466797
2006-04-10,31.5,77.5,24.965456008911133
2006-04-10,31.75,76.5,8.2557954788208
2006-04-10,31.75,76.75,27.74304962158203
2006-04-10,31.75,77.0,27.73314094543457
2006-04-10,31.75,77.25,28.147939682006836
2006-04-10,31.75,77.5,28.706653594970703
2006-04-10,32.0,76.5,10.681921005249023
2006-04-10,32.0,76.75,23.677385330200195
2006-04-10,32.0,77.0,25.83663558959961
2006-04-10,32.0,77.25,32.29947280883789
2006-04-10,32.0,77.5,34.33427810668945
2006-04-11,31.5,76.5,0.0
2006-04-11,31.5,76.75,0.0
2006-04-11,31.5,77.0,0.0
2006-04-11,31.5,77.25,0.0
2006-04-11,31.5,77.5,0.0
2006-04-11,31.75,76.5,0.0
2006-04-11,31.75,76.75,0.0
2006-04-11,31.75,77.0,0.0
2006-04-11,31.75,77.25,0.37318599224090576
2006-04-11,31.75,77.5,2.2084178924560547
2006-04-11,32.0,76.5,0.0
2006-04-11,32.0,76.75,1.3623487949371338
2006-04-11,32.0,77.0,1.4136534929275513
2006-04-11,32.0,77.25,4.449474811553955
2006-04-11,32.0,77.5,5.430849075317383
2006-04-12,31.5,76.5,0.0
2006-04-12,31.5,76.75,0.0
2006-04-12,31.5,77.0,0.0
2006-04-12,31.5,77.25,0.0
2006-04-12,31.5,77.5,0.15940208733081818
2006-04-12,31.75,76.5,0.0
2006-04-12,31.75,76.75,0.0
2006-04-12,31.75,77.0,0.0
2006-04-12,31.75,77.25,0.0
2006-04-12,31.75,77.5,0.0
2006-04-12,32.0,76.5,0.0
2006-04-12,32.0,76.75,0.0
2006-04-12,32.0,77.0,0.0
2006-04-12,32.0,77.25,0.0
2006-04-12,32.0,77.5,0.0
2006-04-13,31.5,76.5,0.0
2006-04-13,31.5,76.75,0.0
2006-04-13,31.5,77.0,0.0
2006-04-13,31.5,77.25,0.0
2006-04-13,31.5,77.5,0.0
2006-04-13,31.75,76.5,0.0
2006-04-13,31.75,76.75,0.0
2006-04-13,31.75,77.0,0.0
2006-04-13,31.75,77.25,0.0
2006-04-13,31.75,77.5,0.0
2006-04-13,32.0,76.5,0.0
2006-04-13,32.0,76.75,0.0
2006-04-13,32.0,77.0,0.0
2006-04-13,32.0,77.25,0.0
2006-04-13,32.0,77.5,0.0
2006-04-14,31.5,76.5,0.0
2006-04-14,31.5,76.75,0.0
2006-04-14,31.5,77.0,0.0
2006-04-14,31.5,77.25,0.0
2006-04-14,31.5,77.5,0.0
2006-04-14,31.75,76.5,0.0
2006-04-14,31.75,76.75,0.0
2006-04-14,31.75,77.0,0.0
2006-04-14,31.75,77.25,0.0
2006-04-14,31.75,77.5,0.0
2006-04-14,32.0,76.5,0.0
2006-04-14,32.0,76.75,0.0
2006-04-14,32.0,77.0,0.0
2006-04-14,32.0,77.25,0.0
2006-04-14,32.0,77.5,0.0
2006-04-15,31.5,76.5,0.0
2006-04-15,31.5,76.75,0.0
2006-04-15,31.5,77.0,0.0
2006-04-15,31.5,77.25,0.0
2006-04-15,31.5,77.5,0.0
2006-04-15,31.75,76.5,0.0
2006-04-15,31.75,76.75,0.0
2006-04-15,31.75,77.0,0.0
2006-04-15,31.75,77.25,0.0
2006-04-15,31.75,77.5,0.0
2006-04-15,32.0,76.5,0.0
2006-04-15,32.0,76.75,0.0
2006-04-15,32.0,77.0,0.0
2006-04-15,32.0,77.25,0.0
2006-04-15,32.0,77.5,0.0
2006-04-16,31.5,76.5,0.0
2006-04-16,31.5,76.75,0.0
2006-04-16,31.5,77.0,0.0
2006-04-16,31.5,77.25,0.0
2006-04-16,31.5,77.5,0.0
2006-04-16,31.75,76.5,0.0
2006-04-16,31.75,76.75,0.0
2006-04-16,31.75,77.0,0.0
2006-04-16,31.75,77.25,0.0
2006-04-16,31.75,77.5,0.0
2006-04-16,32.0,76.5,0.0
2006-04-16,32.0,76.75,0.0
2006-04-16,32.0,77.0,0.0
2006-04-16,32.0,77.25,0.0
2006-04-16,32.0,77.5,0.0
2006-04-17,31.5,76.5,0.9492847323417664
2006-04-17,31.5,76.75,2.2595579624176025
2006-04-17,31.5,77.0,2.357945203781128
2006-04-17,31.5,77.25,2.397226095199585
2006-04-17,31.5,77.5,2.5137503147125244
2006-04-17,31.75,76.5,0.3488772213459015
2006-04-17,31.75,76.75,0.6268499493598938
2006-04-17,31.75,77.0,3.806912422180176
2006-04-17,31.75,77.25,2.735379695892334
2006-04-17,31.75,77.5,2.126459836959839
2006-04-17,32.0,76.5,0.5142961144447327
2006-04-17,32.0,76.75,1.4219634532928467
2006-04-17,32.0,77.0,2.5810980796813965
2006-04-17,32.0,77.25,1.8889456987380981
2006-04-17,32.0,77.5,1.4971109628677368
2006-04-18,31.5,76.5,1.3856935501098633
2006-04-18,31.5,76.75,2.881417751312256
2006-04-18,31.5,77.0,8.743868827819824
2006-04-18,31.5,77.25,11.903547286987305
2006-04-18,31.5,77.5,12.636797904968262
2006-04-18,31.75,76.5,0.4822474718093872
2006-04-18,31.75,76.75,6.965787410736084
2006-04-18,31.75,77.0,16.13873291015625
2006-04-18,31.75,77.25,11.890606880187988
2006-04-18,31.75,77.5,9.790692329406738
2006-04-18,32.0,76.5,2.029350996017456
2006-04-18,32.0,76.75,8.595216751098633
2006-04-18,32.0,77.0,14.414624214172363
2006-04-18,32.0,77.25,11.009931564331055
2006-04-18,32.0,77.5,8.50479793548584
2006-04-19,31.5,76.5,1.1872384548187256
2006-04-19,31.5,76.75,0.12681487202644348
2006-04-19,31.5,77.0,0.5212304592132568
2006-04-19,31.5,77.25,0.5312197208404541
2006-04-19,31.5,77.5,0.6725401878356934
2006-04-19,31.75,76.5,2.2560713291168213
2006-04-19,31.75,76.75,0.8758978247642517
2006-04-19,31.75,77.0,0.8523163199424744
2006-04-19,31.75,77.25,0.5874201059341431
2006-04-19,31.75,77.5,0.4604908227920532
2006-04-19,32.0,76.5,1.3958160877227783
2006-04-19,32.0,76.75,0.6079485416412354
2006-04-19,32.0,77.0,0.7247751951217651
2006-04-19,32.0,77.25,0.5266755223274231
2006-04-19,32.0,77.5,0.3853711485862732
2006-04-20,31.5,76.5,0.0
2006-04-20,31.5,76.75,0.1930578649044037
2006-04-20,31.5,77.0,0.0
2006-04-20,31.5,77.25,0.0
2006-04-20,31.5,77.5,0.0
2006-04-20,31.75,76.5,0.0
2006-04-20,31.75,76.75,0.0
2006-04-20,31.75,77.0,0.0
2006-04-20,31.75,77.25,0.0
2006-04-20,31.75,77.5,0.0
2006-04-20,32.0,76.5,0.0
2006-04-20,32.0,76.75,0.0
2006-04-20,32.0,77.0,0.0
2006-04-20,32.0,77.25,0.0
2006-04-20,32.0,77.5,0.0
2006-04-21,31.5,76.5,0.0
2006-04-21,31.5,76.75,0.0
2006-04-21,31.5,77.0,0.0
2006-04-21,31.5,77.25,0.0
2006-04-21,31.5,77.5,0.0
2006-04-21,31.75,76.5,0.0
2006-04-21,31.75,76.75,0.0
2006-04-21,31.75,77.0,0.0
2006-04-21,31.75,77.25,0.0
2006-04-21,31.75,77.5,0.0
2006-04-21,32.0,76.5,0.0
2006-04-21,32.0,76.75,0.0
2006-04-21,32.0,77.0,0.0
2006-04-21,32.0,77.25,0.0
2006-04-21,32.0,77.5,0.0
2006-04-22,31.5,76.5,0.0
2006-04-22,31.5,76.75,0.0
2006-04-22,31.5,77.0,0.0
2006-04-22,31.5,77.25,0.0
2006-04-22,31.5,77.5,0.0
2006-04-22,31.75,76.5,0.0
2006-04-22,31.75,76.75,0.0
2006-04-22,31.75,77.0,0.0
2006-04-22,31.75,77.25,0.19114404916763306
2006-04-22,31.75,77.5,0.346349835395813
2006-04-22,32.0,76.5,0.0
2006-04-22,32.0,76.75,0.6977883577346802
2006-04-22,32.0,77.0,0.4349875748157501
2006-04-22,32.0,77.25,0.5160461664199829
2006-04-22,32.0,77.5,0.546564519405365
2006-04-23,31.5,76.5,0.0
2006-04-23,31.5,76.75,0.0
2006-04-23,31.5,77.0,0.0
2006-04-23,31.5,77.25,0.0
2006-04-23,31.5,77.5,0.0
2006-04-23,31.75,76.5,0.0
2006-04-23,31.75,76.75,0.0
2006-04-23,31.75,77.0,0.0
2006-04-23,31.75,77.25,0.0
2006-04-23,31.75,77.5,0.0
2006-04-23,32.0,76.5,0.0
2006-04-23,32.0,76.75,0.0
2006-04-23,32.0,77.0,0.0
2006-04-23,32.0,77.25,0.0
2006-04-23,32.0,77.5,0.0
2006-04-24,31.5,76.5,0.0
2006-04-24,31.5,76.75,0.0
2006-04-24,31.5,77.0,0.0
2006-04-24,31.5,77.25,0.0
2006-04-24,31.5,77.5,0.0
2006-04-24,31.75,76.5,0.0
2006-04-24,31.75,76.75,0.0
2006-04-24,31.75,77.0,0.0
2006-04-24,31.75,77.25,0.37318599224090576
2006-04-24,31.75,77.5,0.6762068867683411
2006-04-24,32.0,76.5,0.0
2006-04-24,32.0,76.75,1.3623487949371338
2006-04-24,32.0,77.0,0.849261462688446
2006-04-24,32.0,77.25,1.0075187683105469
2006-04-24,32.0,77.5,1.0671021938323975
2006-04-25,31.5,76.5,0.0
2006-04-25,31.5,76.75,0.0
2006-04-25,31.5,77.0,0.0
2006-04-25,31.5,77.25,0.0
2006-04-25,31.5,77.5,0.0
2006-04-25,31.75,76.5,0.0
2006-04-25,31.75,76.75,0.0
2006-04-25,31.75,77.0,0.0
2006-04-25,31.75,77.25,0.0
2006-04-25,31.75,77.5,0.0
2006-04-25,32.0,76.5,0.0
2006-04-25,32.0,76.75,0.0
2006-04-25,32.0,77.0,0.0
2006-04-25,32.0,77.25,0.0
2006-04-25,32.0,77.5,0.0
2006-04-26,31.5,76.5,0.0
2006-04-26,31.5,76.75,0.0
2006-04-26,31.5,77.0,0.0
2006-04-26,31.5,77.25,0.0
2006-04-26,31.5,77.5,0.22185398638248444
2006-04-26,31.75,76.5,0.0
2006-04-26,31.75,76.75,0.0
2006-04-26,31.75,77.0,0.0
2006-04-26,31.75,77.25,0.0
2006-04-26,31.75,77.5,0.0
2006-04-26,32.0,76.5,0.0
2006-04-26,32.0,76.75,0.0
2006-04-26,32.0,77.0,0.0
2006-04-26,32.0,77.25,0.0
2006-04-26,32.0,77.5,0.0
2006-04-27,31.5,76.5,0.0
2006-04-27,31.5,76.75,0.0
2006-04-27,31.5,77.0,0.0
2006-04-27,31.5,77.25,0.0
2006-04-27,31.5,77.5,0.4215225875377655
2006-04-27,31.75,76.5,0.0
2006-04-27,31.75,76.75,0.0
2006-04-27,31.75,77.0,0.0
2006-04-27,31.75,77.25,0.0
2006-04-27,31.75,77.5,0.0
2006-04-27,32.0,76.5,0.0
2006-04-27,32.0,76.75,0.0
2006-04-27,32.0,77.0,0.0
2006-04-27,32.0,77.25,0.0
2006-04-27,32.0,77.5,0.0
2006-04-28,31.5,76.5,0.0
2006-04-28,31.5,76.75,0.0
2006-04-28,31.5,77.0,0.0
2006-04-28,31.5,77.25,0.0
2006-04-28,31.5,77.5,0.0
2006-04-28,31.75,76.5,0.0
2006-04-28,31.75,76.75,0.0
2006-04-28,31.75,77.0,0.0
2006-04-28,31.75,77.25,0.0
2006-04-28,31.75,77.5,0.0
2006-04-28,32.0,76.5,0.0
2006-04-28,32.0,76.75,0.0
2006-04-28,32.0,77.0,0.0
2006-04-28,32.0,77.25,0.0
2006-04-28,32.0,77.5,0.0
2006-04-29,31.5,76.5,0.4625574052333832
2006-04-29,31.5,76.75,1.3514050245285034
2006-04-29,31.5,77.0,0.4526565372943878
2006-04-29,31.5,77.25,0.3738904595375061
2006-04-29,31.5,77.5,0.3800736963748932
2006-04-29,31.75,76.5,0.1953224241733551
2006-04-29,31.75,76.75,0.13627253472805023
2006-04-29,31.75,77.0,0.0
2006-04-29,31.75,77.25,0.2619938254356384
2006-04-29,31.75,77.5,0.0
2006-04-29,32.0,76.5,0.12707442045211792
2006-04-29,32.0,76.75,0.10365626215934753
2006-04-29,32.0,77.0,0.0
2006-04-29,32.0,77.25,0.0
2006-04-29,32.0,77.5,0.0
2006-04-30,31.5,76.5,0.0
2006-04-30,31.5,76.75,0.0
2006-04-30,31.5,77.0,0.0
2006-04-30,31.5,77.25,0.0
2006-04-30,31.5,77.5,0.0
2006-04-30,31.75,76.5,0.0
2006-04-30,31.75,76.75,0.0
2006-04-30,31.75,77.0,0.0
2006-04-30,31.75,77.25,0.0
2006-04-30,31.75,77.5,0.0
2006-04-30,32.0,76.5,0.0
2006-04-30,32.0,76.75,0.0
2006-04-30,32.0,77.0,0.0
2006-04-30,32.0,77.25,0.0
2006-04-30,32.0,77.5,0.0
2006-05-01,31.5,76.5,0.0
2006-05-01,31.5,76.75,0.0
2006-05-01,31.5,77.0,0.0
2006-05-01,31.5,77.25,0.0
2006-05-01,31.5,77.5,0.0
2006-05-01,31.75,76.5,0.0
2006-05-01,31.75,76.75,0.0
2006-05-01,31.75,77.0,0.0
2006-05-01,31.75,77.25,0.37318599224090576
2006-05-01,31.75,77.5,0.6478296518325806
2006-05-01,32.0,76.5,0.0
2006-05-01,32.0,76.75,0.5505862832069397
2006-05-01,32.0,77.0,0.7515696287155151
2006-05-01,32.0,77.25,7.912190914154053
2006-05-01,32.0,77.5,12.384472846984863
2006-05-02,31.5,76.5,0.5616769194602966
2006-05-02,31.5,76.75,1.661583423614502
2006-05-02,31.5,77.0,1.3934903144836426
2006-05-02,31.5,77.25,1.3860207796096802
2006-05-02,31.5,77.5,1.3140058517456055
2006-05-02,31.75,76.5,0.23717722296714783
2006-05-02,31.75,76.75,0.37611907720565796
2006-05-02,31.75,77.0,2.01908016204834
2006-05-02,31.75,77.25,1.5230014324188232
2006-05-02,31.75,77.5,1.065665602684021
2006-05-02,32.0,76.5,0.15430466830730438
2006-05-02,32.0,76.75,0.7880373597145081
2006-05-02,32.0,77.0,1.3034162521362305
2006-05-02,32.0,77.25,3.571138620376587
2006-05-02,32.0,77.5,4.634695053100586
2006-05-03,31.5,76.5,0.19823890924453735
2006-05-03,31.5,76.75,0.5881264805793762
2006-05-03,31.5,77.0,0.5608808994293213
2006-05-03,31.5,77.25,0.5654609203338623
2006-05-03,31.5,77.5,1.141417384147644
2006-05-03,31.75,76.5,0.0
2006-05-03,31.75,76.75,0.14998742938041687
2006-05-03,31.75,77.0,0.8697256445884705
2006-05-03,31.75,77.25,0.6361379027366638
2006-05-03,31.75,77.5,1.9865672588348389
2006-05-03,32.0,76.5,0.0
2006-05-03,32.0,76.75,1.335795283317566
2006-05-03,32.0,77.0,2.565971851348877
2006-05-03,32.0,77.25,3.4699630737304688
2006-05-03,32.0,77.5,4.594100475311279
2006-05-04,31.5,76.5,0.0
2006-05-04,31.5,76.75,0.0
2006-05-04,31.5,77.0,0.0
2006-05-04,31.5,77.25,0.0
2006-05-04,31.5,77.5,0.3644537925720215
2006-05-04,31.75,76.5,0.0
2006-05-04,31.75,76.75,0.0
2006-05-04,31.75,77.0,0.0
2006-05-04,31.75,77.25,0.19114404916763306
2006-05-04,31.75,77.5,2.2433249950408936
2006-05-04,32.0,76.5,0.0
2006-05-04,32.0,76.75,1.52833890914917
2006-05-04,32.0,77.0,2.8938372135162354
2006-05-04,32.0,77.25,3.2042102813720703
2006-05-04,32.0,77.5,4.353365421295166
2006-05-05,31.5,76.5,0.0
2006-05-05,31.5,76.75,0.0
2006-05-05,31.5,77.0,0.0
2006-05-05,31.5,77.25,0.0
2006-05-05,31.5,77.5,0.0
2006-05-05,31.75,76.5,0.0
2006-05-05,31.75,76.75,0.0
2006-05-05,31.75,77.0,0.0
2006-05-05,31.75,77.25,0.0
2006-05-05,31.75,77.5,0.0
2006-05-05,32.0,76.5,0.0
2006-05-05,32.0,76.75,0.0
2006-05-05,32.0,77.0,0.0
2006-05-05,32.0,77.25,0.0
2006-05-05,32.0,77.5,0.0
2006-05-06,31.5,76.5,0.0
2006-05-06,31.5,76.75,0.0
2006-05-06,31.5,77.0,0.11006557196378708
2006-05-06,31.5,77.25,0.12156664580106735
2006-05-06,31.5,77.5,0.17139208316802979
2006-05-06,31.75,76.5,0.0
2006-05-06,31.75,76.75,0.0
2006-05-06,31.75,77.0,0.25039270520210266
2006-05-06,31.75,77.25,0.15715645253658295
2006-05-06,31.75,77.5,0.13899986445903778
2006-05-06,32.0,76.5,0.0
2006-05-06,32.0,76.75,0.10278748720884323
2006-05-06,32.0,77.0,0.17001084983348846
2006-05-06,32.0,77.25,0.15560075640678406
2006-05-06,32.0,77.5,0.10636718571186066
2006-05-07,31.5,76.5,0.0
2006-05-07,31.5,76.75,0.0
2006-05-07,31.5,77.0,0.0
2006-05-07,31.5,77.25,0.0
2006-05-07,31.5,77.5,0.0
2006-05-07,31.75,76.5,0.0
2006-05-07,31.75,76.75,0.0
2006-05-07,31.75,77.0,0.0
2006-05-07,31.75,77.25,0.0
2006-05-07,31.75,77.5,0.0
2006-05-07,32.0,76.5,0.0
2006-05-07,32.0,76.75,0.0
2006-05-07,32.0,77.0,0.0
2006-05-07,32.0,77.25,0.0
2006-05-07,32.0,77.5,0.0
2006-05-08,31.5,76.5,0.0
2006-05-08,31.5,76.75,0.0
2006-05-08,31.5,77.0,1.0075513124465942
2006-05-08,31.5,77.25,1.392760992050171
2006-05-08,31.5,77.5,1.5876693725585938
2006-05-08,31.75,76.5,0.0
2006-05-08,31.75,76.75,0.7986994385719299
2006-05-08,31.75,77.0,2.2488245964050293
2006-05-08,31.75,77.25,1.5291006565093994
2006-05-08,31.75,77.5,1.4149924516677856
2006-05-08,32.0,76.5,0.2421291470527649
2006-05-08,32.0,76.75,0.8826919794082642
2006-05-08,32.0,77.0,1.9418352842330933
2006-05-08,32.0,77.25,1.344236969947815
2006-05-08,32.0,77.5,0.9627774357795715
2006-05-09,31.5,76.5,31.7839412689209
2006-05-09,31.5,76.75,23.87722396850586
2006-05-09,31.5,77.0,24.533767700195312
2006-05-09,31.5,77.25,23.289030075073242
2006-05-09,31.5,77.5,16.023006439208984
2006-05-09,31.75,76.5,40.4622917175293
2006-05-09,31.75,76.75,27.43958282470703
2006-05-09,31.75,77.0,22.830610275268555
2006-05-09,31.75,77.25,21.385679244995117
2006-05-09,31.75,77.5,20.04958724975586
2006-05-09,32.0,76.5,25.91541290283203
2006-05-09,32.0,76.75,17.927583694458008
2006-05-09,32.0,77.0,21.21027374267578
2006-05-09,32.0,77.25,19.789216995239258
2006-05-09,32.0,77.5,19.140920639038086
2006-05-10,31.5,76.5,0.0
2006-05-10,31.5,76.75,0.0
2006-05-10,31.5,77.0,0.0
2006-05-10,31.5,77.25,0.0
2006-05-10,31.5,77.5,0.0
2006-05-10,31.75,76.5,0.712482750415802
2006-05-10,31.75,76.75,0.0
2006-05-10,31.75,77.0,0.0
2006-05-10,31.75,77.25,0.0
2006-05-10,31.75,77.5,0.0
2006-05-10,32.0,76.5,7.777151584625244
2006-05-10,32.0,76.75,0.0
2006-05-10,32.0,77.0,0.0
2006-05-10,32.0,77.25,0.0
2006-05-10,32.0,77.5,0.0
2006-05-11,31.5,76.5,0.0
2006-05-11,31.5,76.75,0.2085418701171875
2006-05-11,31.5,77.0,0.77848881483078
2006-05-11,31.5,77.25,1.0067291259765625
2006-05-11,31.5,77.5,1.002894639968872
2006-05-11,31.75,76.5,0.0
2006-05-11,31.75,76.75,0.6371979713439941
2006-05-11,31.75,77.0,1.5692925453186035
2006-05-11,31.75,77.25,1.2858253717422485
2006-05-11,31.75,77.5,1.3230611085891724
2006-05-11,32.0,76.5,0.18992048501968384
2006-05-11,32.0,76.75,1.3154709339141846
2006-05-11,32.0,77.0,1.4912179708480835
2006-05-11,32.0,77.25,1.296371579170227
2006-05-11,32.0,77.5,1.1509678363800049
2006-05-12,31.5,76.5,6.0409440994262695
2006-05-12,31.5,76.75,16.4560546875
2006-05-12,31.5,77.0,6.161036968231201
2006-05-12,31.5,77.25,5.1796135902404785
2006-05-12,31.5,77.5,0.17139208316802979
2006-05-12,31.75,76.5,2.5823333263397217
2006-05-12,31.75,76.75,3.2729721069335938
2006-05-12,31.75,77.0,1.4388549327850342
2006-05-12,31.75,77.25,3.7344813346862793
2006-05-12,31.75,77.5,0.597646176815033
2006-05-12,32.0,76.5,2.073427677154541
2006-05-12,32.0,76.75,0.9542197585105896
2006-05-12,32.0,77.0,0.27797242999076843
2006-05-12,32.0,77.25,0.15560075640678406
2006-05-12,32.0,77.5,0.10636718571186066
2006-05-13,31.5,76.5,0.0
2006-05-13,31.5,76.75,0.0
2006-05-13,31.5,77.0,0.0
2006-05-13,31.5,77.25,0.0
2006-05-13,31.5,77.5,0.0
2006-05-13,31.75,76.5,0.0
2006-05-13,31.75,76.75,0.0
2006-05-13,31.75,77.0,0.0
2006-05-13,31.75,77.25,0.0
2006-05-13,31.75,77.5,0.0
2006-05-13,32.0,76.5,0.0
2006-05-13,32.0,76.75,0.0
2006-05-13,32.0,77.0,0.0
2006-05-13,32.0,77.25,0.0
2006-05-13,32.0,77.5,0.0
2006-05-14,31.5,76.5,0.0
2006-05-14,31.5,76.75,0.0
2006-05-14,31.5,77.0,0.0
2006-05-14,31.5,77.25,0.0
2006-05-14,31.5,77.5,0.0
2006-05-14,31.75,76.5,0.0
2006-05-14,31.75,76.75,0.0
2006-05-14,31.75,77.0,0.0
2006-05-14,31.75,77.25,0.0
2006-05-14,31.75,77.5,0.0
2006-05-14,32.0,76.5,0.0
2006-05-14,32.0,76.75,0.0
2006-05-14,32.0,77.0,0.0
2006-05-14,32.0,77.25,0.0
2006-05-14,32.0,77.5,0.0
2006-05-15,31.5,76.5,0.0
2006-05-15,31.5,76.75,0.0
2006-05-15,31.5,77.0,0.0
2006-05-15,31.5,77.25,0.0
2006-05-15,31.5,77.5,0.6496533751487732
2006-05-15,31.75,76.5,0.0
2006-05-15,31.75,76.75,0.0
2006-05-15,31.75,77.0,0.0
2006-05-15,31.75,77.25,0.0
2006-05-15,31.75,77.5,0.0
2006-05-15,32.0,76.5,0.0
2006-05-15,32.0,76.75,0.0
2006-05-15,32.0,77.0,0.0
2006-05-15,32.0,77.25,0.0
2006-05-15,32.0,77.5,0.0
2006-05-16,31.5,76.5,13.256010055541992
2006-05-16,31.5,76.75,0.1371207982301712
2006-05-16,31.5,77.0,0.0
2006-05-16,31.5,77.25,0.0
2006-05-16,31.5,77.5,0.0
2006-05-16,31.75,76.5,24.8117618560791
2006-05-16,31.75,76.75,0.5337405204772949
2006-05-16,31.75,77.0,0.0
2006-05-16,31.75,77.25,0.0
2006-05-16,31.75,77.5,0.0
2006-05-16,32.0,76.5,12.453747749328613
2006-05-16,32.0,76.75,0.0
2006-05-16,32.0,77.0,0.0
2006-05-16,32.0,77.25,0.0
2006-05-16,32.0,77.5,0.0
2006-05-17,31.5,76.5,24.318988800048828
2006-05-17,31.5,76.75,15.212327003479004
2006-05-17,31.5,77.0,11.87370491027832
2006-05-17,31.5,77.25,8.648600578308105
2006-05-17,31.5,77.5,6.261288166046143
2006-05-17,31.75,76.5,34.04712677001953
2006-05-17,31.75,76.75,15.534902572631836
2006-05-17,31.75,77.0,4.610920429229736
2006-05-17,31.75,77.25,5.608777046203613
2006-05-17,31.75,77.5,2.4400205612182617
2006-05-17,32.0,76.5,28.6240291595459
2006-05-17,32.0,76.75,3.3240303993225098
2006-05-17,32.0,77.0,3.0927412509918213
2006-05-17,32.0,77.25,2.3510239124298096
2006-05-17,32.0,77.5,1.8498530387878418
2006-05-18,31.5,76.5,0.0
2006-05-18,31.5,76.75,0.0
2006-05-18,31.5,77.0,0.0
2006-05-18,31.5,77.25,0.0
2006-05-18,31.5,77.5,0.22185398638248444
2006-05-18,31.75,76.5,0.0
2006-05-18,31.75,76.75,0.0
2006-05-18,31.75,77.0,0.0
2006-05-18,31.75,77.25,0.0
2006-05-18,31.75,77.5,0.17175328731536865
2006-05-18,32.0,76.5,0.0
2006-05-18,32.0,76.75,0.0
2006-05-18,32.0,77.0,0.0
2006-05-18,32.0,77.25,0.17724481225013733
2006-05-18,32.0,77.5,0.27483782172203064
2006-05-19,31.5,76.5,0.2474452704191208
2006-05-19,31.5,76.75,0.49223798513412476
2006-05-19,31.5,77.0,0.23338469862937927
2006-05-19,31.5,77.25,0.1491290032863617
2006-05-19,31.5,77.5,2.8673274517059326
2006-05-19,31.75,76.5,0.0
2006-05-19,31.75,76.75,0.2352057844400406
2006-05-19,31.75,77.0,0.0
2006-05-19,31.75,77.25,0.1025366559624672
2006-05-19,31.75,77.5,0.0
2006-05-19,32.0,76.5,0.0
2006-05-19,32.0,76.75,0.0
2006-05-19,32.0,77.0,0.0
2006-05-19,32.0,77.25,0.0
2006-05-19,32.0,77.5,0.0
2006-05-20,31.5,76.5,23.391998291015625
2006-05-20,31.5,76.75,1.084138035774231
2006-05-20,31.5,77.0,3.0086660385131836
2006-05-20,31.5,77.25,2.370290756225586
2006-05-20,31.5,77.5,2.793627977371216
2006-05-20,31.75,76.5,40.042171478271484
2006-05-20,31.75,76.75,9.712251663208008
2006-05-20,31.75,77.0,0.0
2006-05-20,31.75,77.25,0.1435513198375702
2006-05-20,31.75,77.5,0.2317575216293335
2006-05-20,32.0,76.5,22.552684783935547
2006-05-20,32.0,76.75,0.0
2006-05-20,32.0,77.0,0.0
2006-05-20,32.0,77.25,0.23781996965408325
2006-05-20,32.0,77.5,0.38192132115364075
2006-05-21,31.5,76.5,0.0
2006-05-21,31.5,76.75,0.0
2006-05-21,31.5,77.0,0.0
2006-05-21,31.5,77.25,0.0
2006-05-21,31.5,77.5,0.0
2006-05-21,31.75,76.5,0.0
2006-05-21,31.75,76.75,0.0
2006-05-21,31.75,77.0,0.0
2006-05-21,31.75,77.25,0.0
2006-05-21,31.75,77.5,0.0
2006-05-21,32.0,76.5,0.0
2006-05-21,32.0,76.75,0.0
2006-05-21,32.0,77.0,0.0
2006-05-21,32.0,77.25,0.0
2006-05-21,32.0,77.5,0.0
2006-05-22,31.5,76.5,6.697425842285156
2006-05-22,31.5,76.75,16.914287567138672
2006-05-22,31.5,77.0,5.935420989990234
2006-05-22,31.5,77.25,4.932604789733887
2006-05-22,31.5,77.5,0.22185398638248444
2006-05-22,31.75,76.5,4.124451160430908
2006-05-22,31.75,76.75,2.498785972595215
2006-05-22,31.75,77.0,1.1204817295074463
2006-05-22,31.75,77.25,3.4729084968566895
2006-05-22,31.75,77.5,0.22932317852973938
2006-05-22,32.0,76.5,19.0744571685791
2006-05-22,32.0,76.75,0.4257161319255829
2006-05-22,32.0,77.0,0.0
2006-05-22,32.0,77.25,0.0
2006-05-22,32.0,77.5,0.0
2006-05-23,31.5,76.5,2.9718081951141357
2006-05-23,31.5,76.75,3.861157178878784
2006-05-23,31.5,77.0,2.1435062885284424
2006-05-23,31.5,77.25,2.86234712600708
2006-05-23,31.5,77.5,0.0
2006-05-23,31.75,76.5,0.5580640435218811
2006-05-23,31.75,76.75,0.38935011625289917
2006-05-23,31.75,77.0,0.2338891625404358
2006-05-23,31.75,77.25,0.7485537528991699
2006-05-23,31.75,77.5,0.0
2006-05-23,32.0,76.5,0.3630698025226593
2006-05-23,32.0,76.75,0.0
2006-05-23,32.0,77.0,0.0
2006-05-23,32.0,77.25,0.0
2006-05-23,32.0,77.5,0.0
2006-05-24,31.5,76.5,0.0
2006-05-24,31.5,76.75,0.0
2006-05-24,31.5,77.0,0.0
2006-05-24,31.5,77.25,0.0
2006-05-24,31.5,77.5,0.0
2006-05-24,31.75,76.5,0.0
2006-05-24,31.75,76.75,0.0
2006-05-24,31.75,77.0,0.0
2006-05-24,31.75,77.25,0.0
2006-05-24,31.75,77.5,0.0
2006-05-24,32.0,76.5,0.0
2006-05-24,32.0,76.75,0.0
2006-05-24,32.0,77.0,0.0
2006-05-24,32.0,77.25,0.0
2006-05-24,32.0,77.5,0.0
2006-05-25,31.5,76.5,6.74552583694458
2006-05-25,31.5,76.75,3.9282617568969727
2006-05-25,31.5,77.0,2.2677407264709473
2006-05-25,31.5,77.25,1.1632062196731567
2006-05-25,31.5,77.5,0.0
2006-05-25,31.75,76.5,9.715779304504395
2006-05-25,31.75,76.75,3.9999046325683594
2006-05-25,31.75,77.0,0.3022277057170868
2006-05-25,31.75,77.25,0.7997859716415405
2006-05-25,31.75,77.5,0.0
2006-05-25,32.0,76.5,5.676871299743652
2006-05-25,32.0,76.75,0.34686946868896484
2006-05-25,32.0,77.0,0.0
2006-05-25,32.0,77.25,0.0
2006-05-25,32.0,77.5,0.0
2006-05-26,31.5,76.5,1.8639215230941772
2006-05-26,31.5,76.75,2.9608283042907715
2006-05-26,31.5,77.0,1.4375864267349243
2006-05-26,31.5,77.25,0.8947739601135254
2006-05-26,31.5,77.5,0.0
2006-05-26,31.75,76.5,1.2629764080047607
2006-05-26,31.75,76.75,1.5916763544082642
2006-05-26,31.75,77.0,0.23350754380226135
2006-05-26,31.75,77.25,0.6237626075744629
2006-05-26,31.75,77.5,0.36398565769195557
2006-05-26,32.0,76.5,0.8110946416854858
2006-05-26,32.0,76.75,0.2958831787109375
2006-05-26,32.0,77.0,0.13630729913711548
2006-05-26,32.0,77.25,0.37400636076927185
2006-05-26,32.0,77.5,0.5957244634628296
2006-05-27,31.5,76.5,4.899416446685791
2006-05-27,31.5,76.75,9.74631118774414
2006-05-27,31.5,77.0,4.621016979217529
2006-05-27,31.5,77.25,2.952754020690918
2006-05-27,31.5,77.5,0.0
2006-05-27,31.75,76.5,1.7050892114639282
2006-05-27,31.75,76.75,4.657074451446533
2006-05-27,31.75,77.0,0.7692427635192871
2006-05-27,31.75,77.25,2.0473110675811768
2006-05-27,31.75,77.5,0.0
2006-05-27,32.0,76.5,1.2509976625442505
2006-05-27,32.0,76.75,0.9386357069015503
2006-05-27,32.0,77.0,0.0
2006-05-27,32.0,77.25,0.0
2006-05-27,32.0,77.5,0.0
2006-05-28,31.5,76.5,3.266277551651001
2006-05-28,31.5,76.75,6.507721900939941
2006-05-28,31.5,77.0,3.824131965637207
2006-05-28,31.5,77.25,2.870965003967285
2006-05-28,31.5,77.5,0.0
2006-05-28,31.75,76.5,1.1367261409759521
2006-05-28,31.75,76.75,3.1047163009643555
2006-05-28,31.75,77.0,0.5340057611465454
2006-05-28,31.75,77.25,1.5414209365844727
2006-05-28,31.75,77.5,0.35968640446662903
2006-05-28,32.0,76.5,0.833998441696167
2006-05-28,32.0,76.75,1.2263410091400146
2006-05-28,32.0,77.0,0.1672360599040985
2006-05-28,32.0,77.25,0.3800811171531677
2006-05-28,32.0,77.5,0.5025354027748108
2006-05-29,31.5,76.5,0.1601971834897995
2006-05-29,31.5,76.75,0.13290925323963165
2006-05-29,31.5,77.0,7.81859827041626
2006-05-29,31.5,77.25,10.807825088500977
2006-05-29,31.5,77.5,11.083353996276855
2006-05-29,31.75,76.5,0.25404465198516846
2006-05-29,31.75,76.75,6.197907447814941
2006-05-29,31.75,77.0,17.472396850585938
2006-05-29,31.75,77.25,12.045214653015137
2006-05-29,31.75,77.5,10.963990211486816
2006-05-29,32.0,76.5,3.6373023986816406
2006-05-29,32.0,76.75,7.459959983825684
2006-05-29,32.0,77.0,15.095107078552246
2006-05-29,32.0,77.25,10.424986839294434
2006-05-29,32.0,77.5,7.3581037521362305
2006-05-30,31.5,76.5,0.0
2006-05-30,31.5,76.75,0.0
2006-05-30,31.5,77.0,0.0
2006-05-30,31.5,77.25,0.0
2006-05-30,31.5,77.5,0.0
2006-05-30,31.75,76.5,0.0
2006-05-30,31.75,76.75,0.0
2006-05-30,31.75,77.0,0.0
2006-05-30,31.75,77.25,0.0
2006-05-30,31.75,77.5,0.163493812084198
2006-05-30,32.0,76.5,0.0
2006-05-30,32.0,76.75,0.2906050384044647
2006-05-30,32.0,77.0,0.0
2006-05-30,32.0,77.25,0.1727641522884369
2006-05-30,32.0,77.5,0.22842518985271454
2006-05-31,31.5,76.5,0.0
2006-05-31,31.5,76.75,0.0
2006-05-31,31.5,77.0,0.0
2006-05-31,31.5,77.25,0.0
2006-05-31,31.5,77.5,0.0
2006-05-31,31.75,76.5,0.0
2006-05-31,31.75,76.75,0.0
2006-05-31,31.75,77.0,0.0
2006-05-31,31.75,77.25,0.29093295335769653
2006-05-31,31.75,77.5,1.6859407424926758
2006-05-31,32.0,76.5,0.0
2006-05-31,32.0,76.75,0.8520974516868591
2006-05-31,32.0,77.0,0.7385802268981934
2006-05-31,32.0,77.25,1.7601429224014282
2006-05-31,32.0,77.5,2.6127512454986572
2006-06-01,31.5,76.5,5.108671188354492
2006-06-01,31.5,76.75,13.224081993103027
2006-06-01,31.5,77.0,8.287829399108887
2006-06-01,31.5,77.25,6.908199787139893
2006-06-01,31.5,77.5,1.8281821012496948
2006-06-01,31.75,76.5,1.4102486371994019
2006-06-01,31.75,76.75,7.417818546295166
2006-06-01,31.75,77.0,3.9717490673065186
2006-06-01,31.75,77.25,5.13673734664917
2006-06-01,31.75,77.5,2.5339317321777344
2006-06-01,32.0,76.5,3.043853998184204
2006-06-01,32.0,76.75,3.586430788040161
2006-06-01,32.0,77.0,2.9223647117614746
2006-06-01,32.0,77.25,2.5068230628967285
2006-06-01,32.0,77.5,2.177997350692749
2006-06-02,31.5,76.5,1.199073076248169
2006-06-02,31.5,76.75,0.0
2006-06-02,31.5,77.0,0.11183501780033112
2006-06-02,31.5,77.25,0.0
2006-06-02,31.5,77.5,0.0
2006-06-02,31.75,76.5,2.4048221111297607
2006-06-02,31.75,76.75,0.5413248538970947
2006-06-02,31.75,77.0,0.0
2006-06-02,31.75,77.25,0.0
2006-06-02,31.75,77.5,0.0
2006-06-02,32.0,76.5,1.798187017440796
2006-06-02,32.0,76.75,0.0
2006-06-02,32.0,77.0,0.0
2006-06-02,32.0,77.25,0.0
2006-06-02,32.0,77.5,0.0
2006-06-03,31.5,76.5,2.2901077270507812
2006-06-03,31.5,76.75,1.3823769092559814
2006-06-03,31.5,77.0,0.8952894806861877
2006-06-03,31.5,77.25,0.7518238425254822
2006-06-03,31.5,77.5,0.34278416633605957
2006-06-03,31.75,76.5,0.8187216520309448
2006-06-03,31.75,76.75,0.9718992114067078
2006-06-03,31.75,77.0,0.7475345730781555
2006-06-03,31.75,77.25,1.44827401638031
2006-06-03,31.75,77.5,1.7905468940734863
2006-06-03,32.0,76.5,0.6965335011482239
2006-06-03,32.0,76.75,2.7693934440612793
2006-06-03,32.0,77.0,1.2675660848617554
2006-06-03,32.0,77.25,1.8835089206695557
2006-06-03,32.0,77.5,2.1903233528137207
2006-06-04,31.5,76.5,5.382116317749023
2006-06-04,31.5,76.75,14.083486557006836
2006-06-04,31.5,77.0,6.997218608856201
2006-06-04,31.5,77.25,4.71077299118042
2006-06-04,31.5,77.5,0.8341973423957825
2006-06-04,31.75,76.5,1.444667100906372
2006-06-04,31.75,76.75,7.104104042053223
2006-06-04,31.75,77.0,1.8912522792816162
2006-06-04,31.75,77.25,3.9170570373535156
2006-06-04,31.75,77.5,1.3278096914291382
2006-06-04,32.0,76.5,2.9635748863220215
2006-06-04,32.0,76.75,2.970228672027588
2006-06-04,32.0,77.0,1.1554826498031616
2006-06-04,32.0,77.25,1.382568120956421
2006-06-04,32.0,77.5,1.4617468118667603
2006-06-05,31.5,76.5,7.481410503387451
2006-06-05,31.5,76.75,18.37809944152832
2006-06-05,31.5,77.0,8.58317756652832
2006-06-05,31.5,77.25,8.673357009887695
2006-06-05,31.5,77.5,2.5326011180877686
2006-06-05,31.75,76.5,2.555483102798462
2006-06-05,31.75,76.75,2.234069585800171
2006-06-05,31.75,77.0,4.656112194061279
2006-06-05,31.75,77.25,6.129006385803223
2006-06-05,31.75,77.5,3.0717051029205322
2006-06-05,32.0,76.5,3.3154635429382324
2006-06-05,32.0,76.75,2.3011937141418457
2006-06-05,32.0,77.0,3.7589430809020996
2006-06-05,32.0,77.25,5.88704776763916
2006-06-05,32.0,77.5,6.9661478996276855
2006-06-06,31.5,76.5,0.0
2006-06-06,31.5,76.75,0.0
2006-06-06,31.5,77.0,0.0
2006-06-06,31.5,77.25,0.0
2006-06-06,31.5,77.5,0.0
2006-06-06,31.75,76.5,0.0
2006-06-06,31.75,76.75,0.0
2006-06-06,31.75,77.0,0.0
2006-06-06,31.75,77.25,0.0
2006-06-06,31.75,77.5,0.448010116815567
2006-06-06,32.0,76.5,0.0
2006-06-06,32.0,76.75,0.2921089231967926
2006-06-06,32.0,77.0,0.5880203247070312
2006-06-06,32.0,77.25,0.5182924270629883
2006-06-06,32.0,77.5,0.6852755546569824
2006-06-07,31.5,76.5,0.0
2006-06-07,31.5,76.75,0.0
2006-06-07,31.5,77.0,0.0
2006-06-07,31.5,77.25,0.0
2006-06-07,31.5,77.5,0.0
2006-06-07,31.75,76.5,0.0
2006-06-07,31.75,76.75,0.0
2006-06-07,31.75,77.0,0.0
2006-06-07,31.75,77.25,0.0
2006-06-07,31.75,77.5,0.0
2006-06-07,32.0,76.5,0.0
2006-06-07,32.0,76.75,0.0
2006-06-07,32.0,77.0,0.0
2006-06-07,32.0,77.25,0.832369863986969
2006-06-07,32.0,77.5,1.3367245197296143
2006-06-08,31.5,76.5,0.0
2006-06-08,31.5,76.75,0.0
2006-06-08,31.5,77.0,0.0
2006-06-08,31.5,77.25,0.0
2006-06-08,31.5,77.5,0.0
2006-06-08,31.75,76.5,0.0
2006-06-08,31.75,76.75,0.0
2006-06-08,31.75,77.0,0.0
2006-06-08,31.75,77.25,0.0
2006-06-08,31.75,77.5,0.0
2006-06-08,32.0,76.5,0.0
2006-06-08,32.0,76.75,0.0
2006-06-08,32.0,77.0,0.0
2006-06-08,32.0,77.25,0.0
2006-06-08,32.0,77.5,0.0
2006-06-09,31.5,76.5,0.0
2006-06-09,31.5,76.75,0.0
2006-06-09,31.5,77.0,0.0
2006-06-09,31.5,77.25,0.0
2006-06-09,31.5,77.5,0.0
2006-06-09,31.75,76.5,0.0
2006-06-09,31.75,76.75,0.0
2006-06-09,31.75,77.0,0.0
2006-06-09,31.75,77.25,0.0
2006-06-09,31.75,77.5,0.0
2006-06-09,32.0,76.5,0.0
2006-06-09,32.0,76.75,0.0
2006-06-09,32.0,77.0,0.0
2006-06-09,32.0,77.25,0.0
2006-06-09,32.0,77.5,0.0
2006-06-10,31.5,76.5,0.0
2006-06-10,31.5,76.75,0.0
2006-06-10,31.5,77.0,0.0
2006-06-10,31.5,77.25,0.0
2006-06-10,31.5,77.5,0.0
2006-06-10,31.75,76.5,0.0
2006-06-10,31.75,76.75,0.0
2006-06-10,31.75,77.0,0.0
2006-06-10,31.75,77.25,0.0
2006-06-10,31.75,77.5,0.0
2006-06-10,32.0,76.5,0.0
2006-06-10,32.0,76.75,0.0
2006-06-10,32.0,77.0,0.0
2006-06-10,32.0,77.25,0.0
2006-06-10,32.0,77.5,0.0
2006-06-11,31.5,76.5,0.0
2006-06-11,31.5,76.75,0.2895868122577667
2006-06-11,31.5,77.0,0.0
2006-06-11,31.5,77.25,0.0
2006-06-11,31.5,77.5,0.0
2006-06-11,31.75,76.5,0.0
2006-06-11,31.75,76.75,0.0
2006-06-11,31.75,77.0,0.0
2006-06-11,31.75,77.25,0.0
2006-06-11,31.75,77.5,0.0
2006-06-11,32.0,76.5,0.0
2006-06-11,32.0,76.75,0.0
2006-06-11,32.0,77.0,0.0
2006-06-11,32.0,77.25,0.23781996965408325
2006-06-11,32.0,77.5,0.38192132115364075
2006-06-12,31.5,76.5,0.0
2006-06-12,31.5,76.75,0.0
2006-06-12,31.5,77.0,0.0
2006-06-12,31.5,77.25,0.0
2006-06-12,31.5,77.5,0.0
2006-06-12,31.75,76.5,0.0
2006-06-12,31.75,76.75,0.0
2006-06-12,31.75,77.0,0.0
2006-06-12,31.75,77.25,0.0
2006-06-12,31.75,77.5,0.0
2006-06-12,32.0,76.5,0.0
2006-06-12,32.0,76.75,0.0
2006-06-12,32.0,77.0,0.0
2006-06-12,32.0,77.25,0.0
2006-06-12,32.0,77.5,0.0
2006-06-13,31.5,76.5,1.1233538389205933
2006-06-13,31.5,76.75,3.2909367084503174
2006-06-13,31.5,77.0,1.4661939144134521
2006-06-13,31.5,77.25,1.3132418394088745
2006-06-13,31.5,77.5,0.6822338700294495
2006-06-13,31.75,76.5,0.3809714913368225
2006-06-13,31.75,76.75,0.42253249883651733
2006-06-13,31.75,77.0,1.0334481000900269
2006-06-13,31.75,77.25,1.160125494003296
2006-06-13,31.75,77.5,0.463332861661911
2006-06-13,32.0,76.5,0.6217048764228821
2006-06-13,32.0,76.75,0.3426249325275421
2006-06-13,32.0,77.0,0.5667027831077576
2006-06-13,32.0,77.25,0.5186691880226135
2006-06-13,32.0,77.5,0.35455724596977234
2006-06-14,31.5,76.5,0.0
2006-06-14,31.5,76.75,0.0
2006-06-14,31.5,77.0,0.0
2006-06-14,31.5,77.25,0.0
2006-06-14,31.5,77.5,0.0
2006-06-14,31.75,76.5,0.0
2006-06-14,31.75,76.75,0.0
2006-06-14,31.75,77.0,0.0
2006-06-14,31.75,77.25,0.4642069935798645
2006-06-14,31.75,77.5,1.0447756052017212
2006-06-14,32.0,76.5,0.0
2006-06-14,32.0,76.75,0.8406670689582825
2006-06-14,32.0,77.0,1.2484900951385498
2006-06-14,32.0,77.25,1.2436715364456177
2006-06-14,32.0,77.5,1.518370509147644
2006-06-15,31.5,76.5,19.182226181030273
2006-06-15,31.5,76.75,0.1984218806028366
2006-06-15,31.5,77.0,0.13029912114143372
2006-06-15,31.5,77.25,0.2749561071395874
2006-06-15,31.5,77.5,0.33278098702430725
2006-06-15,31.75,76.5,37.412567138671875
2006-06-15,31.75,76.75,0.7723539471626282
2006-06-15,31.75,77.0,0.0
2006-06-15,31.75,77.25,0.0
2006-06-15,31.75,77.5,0.8362855911254883
2006-06-15,32.0,76.5,26.470840454101562
2006-06-15,32.0,76.75,0.5452699661254883
2006-06-15,32.0,77.0,1.0976380109786987
2006-06-15,32.0,77.25,0.9674792289733887
2006-06-15,32.0,77.5,1.2791810035705566
2006-06-16,31.5,76.5,4.4822163581848145
2006-06-16,31.5,76.75,11.646395683288574
2006-06-16,31.5,77.0,7.453946113586426
2006-06-16,31.5,77.25,6.973953723907471
2006-06-16,31.5,77.5,2.4922590255737305
2006-06-16,31.75,76.5,1.227611780166626
2006-06-16,31.75,76.75,6.253712177276611
2006-06-16,31.75,77.0,2.8933982849121094
2006-06-16,31.75,77.25,3.7654738426208496
2006-06-16,31.75,77.5,1.2391676902770996
2006-06-16,32.0,76.5,2.348712205886841
2006-06-16,32.0,76.75,1.826271414756775
2006-06-16,32.0,77.0,1.7065839767456055
2006-06-16,32.0,77.25,1.1767452955245972
2006-06-16,32.0,77.5,0.8373141288757324
2006-06-17,31.5,76.5,0.37395715713500977
2006-06-17,31.5,76.75,0.5427401661872864
2006-06-17,31.5,77.0,3.240391969680786
2006-06-17,31.5,77.25,4.338134765625
2006-06-17,31.5,77.5,5.931911468505859
2006-06-17,31.75,76.5,0.21128664910793304
2006-06-17,31.75,76.75,2.652533531188965
2006-06-17,31.75,77.0,6.540165424346924
2006-06-17,31.75,77.25,6.040248870849609
2006-06-17,31.75,77.5,7.263497829437256
2006-06-17,32.0,76.5,1.594077467918396
2006-06-17,32.0,76.75,7.75051212310791
2006-06-17,32.0,77.0,7.138789653778076
2006-06-17,32.0,77.25,7.286594867706299
2006-06-17,32.0,77.5,7.266201972961426
2006-06-18,31.5,76.5,0.15739163756370544
2006-06-18,31.5,76.75,0.1292770653963089
2006-06-18,31.5,77.0,1.8602694272994995
2006-06-18,31.5,77.25,2.5367956161499023
2006-06-18,31.5,77.5,3.7367868423461914
2006-06-18,31.75,76.5,0.11374282836914062
2006-06-18,31.75,76.75,1.8436719179153442
2006-06-18,31.75,77.0,4.535508632659912
2006-06-18,31.75,77.25,6.6735453605651855
2006-06-18,31.75,77.5,9.908670425415039
2006-06-18,32.0,76.5,1.7276943922042847
2006-06-18,32.0,76.75,14.07424545288086
2006-06-18,32.0,77.0,7.283171653747559
2006-06-18,32.0,77.25,10.277339935302734
2006-06-18,32.0,77.5,11.842966079711914
2006-06-19,31.5,76.5,0.32463255524635315
2006-06-19,31.5,76.75,0.0
2006-06-19,31.5,77.0,0.14675408601760864
2006-06-19,31.5,77.25,0.16208885610103607
2006-06-19,31.5,77.5,1.6161381006240845
2006-06-19,31.75,76.5,0.11501789093017578
2006-06-19,31.75,76.75,0.0
2006-06-19,31.75,77.0,0.3338569402694702
2006-06-19,31.75,77.25,0.2095419317483902
2006-06-19,31.75,77.5,0.18533314764499664
2006-06-19,32.0,76.5,0.0
2006-06-19,32.0,76.75,0.13704997301101685
2006-06-19,32.0,77.0,0.22668111324310303
2006-06-19,32.0,77.25,0.20746766030788422
2006-06-19,32.0,77.5,0.1418229043483734
2006-06-20,31.5,76.5,0.13359571993350983
2006-06-20,31.5,76.75,0.2119673639535904
2006-06-20,31.5,77.0,0.9799991250038147
2006-06-20,31.5,77.25,1.2852813005447388
2006-06-20,31.5,77.5,1.2568751573562622
2006-06-20,31.75,76.5,0.0
2006-06-20,31.75,76.75,0.7969378232955933
2006-06-20,31.75,77.0,2.006761074066162
2006-06-20,31.75,77.25,1.4891343116760254
2006-06-20,31.75,77.5,1.4005966186523438
2006-06-20,32.0,76.5,0.33465057611465454
2006-06-20,32.0,76.75,1.1432831287384033
2006-06-20,32.0,77.0,1.7849332094192505
2006-06-20,32.0,77.25,1.3483891487121582
2006-06-20,32.0,77.5,1.0541361570358276
2006-06-21,31.5,76.5,0.0
2006-06-21,31.5,76.75,0.0
2006-06-21,31.5,77.0,0.0
2006-06-21,31.5,77.25,0.1374780535697937
2006-06-21,31.5,77.5,0.0
2006-06-21,31.75,76.5,0.0
2006-06-21,31.75,76.75,0.0
2006-06-21,31.75,77.0,0.0
2006-06-21,31.75,77.25,0.0
2006-06-21,31.75,77.5,0.0
2006-06-21,32.0,76.5,0.0
2006-06-21,32.0,76.75,0.0
2006-06-21,32.0,77.0,0.0
2006-06-21,32.0,77.25,0.0
2006-06-21,32.0,77.5,0.0
2006-06-22,31.5,76.5,0.0
2006-06-22,31.5,76.75,0.0
2006-06-22,31.5,77.0,0.0
2006-06-22,31.5,77.25,0.0
2006-06-22,31.5,77.5,0.0
2006-06-22,31.75,76.5,0.0
2006-06-22,31.75,76.75,0.0
2006-06-22,31.75,77.0,0.0
2006-06-22,31.75,77.25,0.0
2006-06-22,31.75,77.5,0.0
2006-06-22,32.0,76.5,0.0
2006-06-22,32.0,76.75,0.0
2006-06-22,32.0,77.0,0.0
2006-06-22,32.0,77.25,0.0
2006-06-22,32.0,77.5,0.0
2006-06-23,31.5,76.5,0.0
2006-06-23,31.5,76.75,0.0
2006-06-23,31.5,77.0,0.0
2006-06-23,31.5,77.25,0.0
2006-06-23,31.5,77.5,4.0601277351379395
2006-06-23,31.75,76.5,0.0
2006-06-23,31.75,76.75,0.0
2006-06-23,31.75,77.0,0.0
2006-06-23,31.75,77.25,0.7004927396774292
2006-06-23,31.75,77.5,4.388260841369629
2006-06-23,32.0,76.5,0.0
2006-06-23,32.0,76.75,2.3829610347747803
2006-06-23,32.0,77.0,1.7516539096832275
2006-06-23,32.0,77.25,4.5439982414245605
2006-06-23,32.0,77.5,6.895351409912109
2006-06-24,31.5,76.5,3.7138030529022217
2006-06-24,31.5,76.75,9.658141136169434
2006-06-24,31.5,77.0,5.178870677947998
2006-06-24,31.5,77.25,3.758584976196289
2006-06-24,31.5,77.5,0.8569603562355042
2006-06-24,31.75,76.5,1.0119987726211548
2006-06-24,31.75,76.75,5.0892534255981445
2006-06-24,31.75,77.0,2.108738660812378
2006-06-24,31.75,77.25,2.9271788597106934
2006-06-24,31.75,77.5,0.821184515953064
2006-06-24,32.0,76.5,1.906029462814331
2006-06-24,32.0,76.75,1.4012359380722046
2006-06-24,32.0,77.0,1.1548047065734863
2006-06-24,32.0,77.25,0.7780036926269531
2006-06-24,32.0,77.5,0.5318358540534973
2006-06-25,31.5,76.5,12.974015235900879
2006-06-25,31.5,76.75,0.22382661700248718
2006-06-25,31.5,77.0,3.7663769721984863
2006-06-25,31.5,77.25,3.258500099182129
2006-06-25,31.5,77.5,0.0
2006-06-25,31.75,76.5,21.174142837524414
2006-06-25,31.75,76.75,4.511040210723877
2006-06-25,31.75,77.0,0.0
2006-06-25,31.75,77.25,0.0
2006-06-25,31.75,77.5,0.0
2006-06-25,32.0,76.5,14.984891891479492
2006-06-25,32.0,76.75,0.0
2006-06-25,32.0,77.0,0.0
2006-06-25,32.0,77.25,0.0
2006-06-25,32.0,77.5,0.0
2006-06-26,31.5,76.5,38.779109954833984
2006-06-26,31.5,76.75,27.5532169342041
2006-06-26,31.5,77.0,16.092674255371094
2006-06-26,31.5,77.25,9.184433937072754
2006-06-26,31.5,77.5,0.9472417831420898
2006-06-26,31.75,76.5,54.509151458740234
2006-06-26,31.75,76.75,24.655567169189453
2006-06-26,31.75,77.0,3.1431190967559814
2006-06-26,31.75,77.25,6.50025749206543
2006-06-26,31.75,77.5,0.9618883728981018
2006-06-26,32.0,76.5,42.686607360839844
2006-06-26,32.0,76.75,3.473590135574341
2006-06-26,32.0,77.0,1.0140928030014038
2006-06-26,32.0,77.25,0.950617253780365
2006-06-26,32.0,77.5,0.8925483822822571
2006-06-27,31.5,76.5,27.863027572631836
2006-06-27,31.5,76.75,25.318082809448242
2006-06-27,31.5,77.0,13.489224433898926
2006-06-27,31.5,77.25,9.154609680175781
2006-06-27,31.5,77.5,1.8625496625900269
2006-06-27,31.75,76.5,18.108224868774414
2006-06-27,31.75,76.75,15.554649353027344
2006-06-27,31.75,77.0,4.708393096923828
2006-06-27,31.75,77.25,9.972723960876465
2006-06-27,31.75,77.5,8.434896469116211
2006-06-27,32.0,76.5,13.626856803894043
2006-06-27,32.0,76.75,13.189582824707031
2006-06-27,32.0,77.0,5.4619317054748535
2006-06-27,32.0,77.25,8.789552688598633
2006-06-27,32.0,77.5,10.848102569580078
2006-06-28,31.5,76.5,1.649292230606079
2006-06-28,31.5,76.75,4.254292011260986
2006-06-28,31.5,77.0,3.4077229499816895
2006-06-28,31.5,77.25,2.727597236633301
2006-06-28,31.5,77.5,0.7998296618461609
2006-06-28,31.75,76.5,0.4611469507217407
2006-06-28,31.75,76.75,2.6213438510894775
2006-06-28,31.75,77.0,2.112452745437622
2006-06-28,31.75,77.25,6.030111789703369
2006-06-28,31.75,77.5,9.604009628295898
2006-06-28,32.0,76.5,1.3997613191604614
2006-06-28,32.0,76.75,15.143239974975586
2006-06-28,32.0,77.0,5.277536869049072
2006-06-28,32.0,77.25,10.077574729919434
2006-06-28,32.0,77.5,12.937113761901855
2006-06-29,31.5,76.5,5.228509426116943
2006-06-29,31.5,76.75,0.3926139175891876
2006-06-29,31.5,77.0,0.803057074546814
2006-06-29,31.5,77.25,0.3928993046283722
2006-06-29,31.5,77.5,0.0
2006-06-29,31.75,76.5,10.290494918823242
2006-06-29,31.75,76.75,2.4507761001586914
2006-06-29,31.75,77.0,0.0
2006-06-29,31.75,77.25,0.189660906791687
2006-06-29,31.75,77.5,0.245240718126297
2006-06-29,32.0,76.5,7.724352836608887
2006-06-29,32.0,76.75,0.4625898003578186
2006-06-29,32.0,77.0,0.1140245795249939
2006-06-29,32.0,77.25,0.25914621353149414
2006-06-29,32.0,77.5,0.3426377773284912
2006-06-30,31.5,76.5,3.8644156455993652
2006-06-30,31.5,76.75,0.15244174003601074
2006-06-30,31.5,77.0,0.8345756530761719
2006-06-30,31.5,77.25,1.2341700792312622
2006-06-30,31.5,77.5,0.7998296618461609
2006-06-30,31.75,76.5,5.381082534790039
2006-06-30,31.75,76.75,1.7282646894454956
2006-06-30,31.75,77.0,1.4170589447021484
2006-06-30,31.75,77.25,2.0849273204803467
2006-06-30,31.75,77.5,3.00661039352417
2006-06-30,32.0,76.5,4.266906261444092
2006-06-30,32.0,76.75,4.278848171234131
2006-06-30,32.0,77.0,2.2759344577789307
2006-06-30,32.0,77.25,3.1273281574249268
2006-06-30,32.0,77.5,3.545199394226074
2006-07-01,31.5,76.5,9.406628608703613
2006-07-01,31.5,76.75,0.9432256817817688
2006-07-01,31.5,77.0,1.6765727996826172
2006-07-01,31.5,77.25,0.8376468420028687
2006-07-01,31.5,77.5,0.6293997764587402
2006-07-01,31.75,76.5,15.78901481628418
2006-07-01,31.75,76.75,3.985161304473877
2006-07-01,31.75,77.0,0.0
2006-07-01,31.75,77.25,0.164058655500412
2006-07-01,31.75,77.5,0.0
2006-07-01,32.0,76.5,10.913296699523926
2006-07-01,32.0,76.75,0.0
2006-07-01,32.0,77.0,0.0
2006-07-01,32.0,77.25,0.0
2006-07-01,32.0,77.5,0.0
2006-07-02,31.5,76.5,8.577913284301758
2006-07-02,31.5,76.75,0.6535679697990417
2006-07-02,31.5,77.0,1.0460524559020996
2006-07-02,31.5,77.25,0.1491290032863617
2006-07-02,31.5,77.5,0.0
2006-07-02,31.75,76.5,16.454700469970703
2006-07-02,31.75,76.75,4.168832778930664
2006-07-02,31.75,77.0,0.0
2006-07-02,31.75,77.25,0.1025366559624672
2006-07-02,31.75,77.5,0.0
2006-07-02,32.0,76.5,10.170438766479492
2006-07-02,32.0,76.75,0.0
2006-07-02,32.0,77.0,0.0
2006-07-02,32.0,77.25,0.0
2006-07-02,32.0,77.5,0.0
2006-07-03,31.5,76.5,7.444836616516113
2006-07-03,31.5,76.75,12.934805870056152
2006-07-03,31.5,77.0,15.76159954071045
2006-07-03,31.5,77.25,17.35404396057129
2006-07-03,31.5,77.5,13.913832664489746
2006-07-03,31.75,76.5,2.6992716789245605
2006-07-03,31.75,76.75,13.823229789733887
2006-07-03,31.75,77.0,22.562551498413086
2006-07-03,31.75,77.25,18.444774627685547
2006-07-03,31.75,77.5,15.527664184570312
2006-07-03,32.0,76.5,5.003976345062256
2006-07-03,32.0,76.75,13.442453384399414
2006-07-03,32.0,77.0,17.342374801635742
2006-07-03,32.0,77.25,14.267139434814453
2006-07-03,32.0,77.5,12.815646171569824
2006-07-04,31.5,76.5,1.5169991254806519
2006-07-04,31.5,76.75,0.0
2006-07-04,31.5,77.0,2.8441340923309326
2006-07-04,31.5,77.25,2.1432342529296875
2006-07-04,31.5,77.5,0.0
2006-07-04,31.75,76.5,2.985130548477173
2006-07-04,31.75,76.75,0.7217664122581482
2006-07-04,31.75,77.0,0.0
2006-07-04,31.75,77.25,0.0
2006-07-04,31.75,77.5,0.0
2006-07-04,32.0,76.5,1.728017807006836
2006-07-04,32.0,76.75,0.0
2006-07-04,32.0,77.0,0.0
2006-07-04,32.0,77.25,0.0
2006-07-04,32.0,77.5,0.0
2006-07-05,31.5,76.5,0.5443796515464783
2006-07-05,31.5,76.75,1.095981478691101
2006-07-05,31.5,77.0,1.3578776121139526
2006-07-05,31.5,77.25,1.7150349617004395
2006-07-05,31.5,77.5,2.6430671215057373
2006-07-05,31.75,76.5,0.1894543468952179
2006-07-05,31.75,76.75,0.9327763915061951
2006-07-05,31.75,77.0,1.3284111022949219
2006-07-05,31.75,77.25,1.635779619216919
2006-07-05,31.75,77.5,2.420658588409424
2006-07-05,32.0,76.5,0.2649068832397461
2006-07-05,32.0,76.75,2.649190902709961
2006-07-05,32.0,77.0,2.2649343013763428
2006-07-05,32.0,77.25,2.959648370742798
2006-07-05,32.0,77.5,2.4991283416748047
2006-07-06,31.5,76.5,0.5947166681289673
2006-07-06,31.5,76.75,1.7375208139419556
2006-07-06,31.5,77.0,0.6145617365837097
2006-07-06,31.5,77.25,0.5494552850723267
2006-07-06,31.5,77.5,0.22185398638248444
2006-07-06,31.75,76.5,0.25112882256507874
2006-07-06,31.75,76.75,0.17520754039287567
2006-07-06,31.75,77.0,0.10525012016296387
2006-07-06,31.75,77.25,0.336849182844162
2006-07-06,31.75,77.5,0.0
2006-07-06,32.0,76.5,0.1633814126253128
2006-07-06,32.0,76.75,0.0
2006-07-06,32.0,77.0,0.0
2006-07-06,32.0,77.25,0.0
2006-07-06,32.0,77.5,0.0
2006-07-07,31.5,76.5,5.856804370880127
2006-07-07,31.5,76.75,3.6181180477142334
2006-07-07,31.5,77.0,2.0531530380249023
2006-07-07,31.5,77.25,1.0737287998199463
2006-07-07,31.5,77.5,0.0
2006-07-07,31.75,76.5,8.531173706054688
2006-07-07,31.75,76.75,3.4978976249694824
2006-07-07,31.75,77.0,0.27897942066192627
2006-07-07,31.75,77.25,0.7382639646530151
2006-07-07,31.75,77.5,0.3674255907535553
2006-07-07,32.0,76.5,7.8779778480529785
2006-07-07,32.0,76.75,0.32018721103668213
2006-07-07,32.0,77.0,0.0
2006-07-07,32.0,77.25,0.13169345259666443
2006-07-07,32.0,77.5,0.14348125457763672
2006-07-08,31.5,76.5,40.320491790771484
2006-07-08,31.5,76.75,51.87841033935547
2006-07-08,31.5,77.0,27.659374237060547
2006-07-08,31.5,77.25,17.58072280883789
2006-07-08,31.5,77.5,0.0
2006-07-08,31.75,76.5,36.93894577026367
2006-07-08,31.75,76.75,31.145463943481445
2006-07-08,31.75,77.0,4.06172513961792
2006-07-08,31.75,77.25,10.754384994506836
2006-07-08,31.75,77.5,5.371665000915527
2006-07-08,32.0,76.5,29.207124710083008
2006-07-08,32.0,76.75,4.689563274383545
2006-07-08,32.0,77.0,1.240320086479187
2006-07-08,32.0,77.25,1.9499943256378174
2006-07-08,32.0,77.5,2.1163716316223145
2006-07-09,31.5,76.5,39.172183990478516
2006-07-09,31.5,76.75,48.06493377685547
2006-07-09,31.5,77.0,25.684633255004883
2006-07-09,31.5,77.25,16.829627990722656
2006-07-09,31.5,77.5,0.22852276265621185
2006-07-09,31.75,76.5,38.20451736450195
2006-07-09,31.75,76.75,30.160415649414062
2006-07-09,31.75,77.0,4.1285319328308105
2006-07-09,31.75,77.25,10.276137351989746
2006-07-09,31.75,77.5,5.373713493347168
2006-07-09,32.0,76.5,23.447542190551758
2006-07-09,32.0,76.75,4.745469093322754
2006-07-09,32.0,77.0,1.573383092880249
2006-07-09,32.0,77.25,2.269911766052246
2006-07-09,32.0,77.5,2.3491225242614746
2006-07-10,31.5,76.5,31.823463439941406
2006-07-10,31.5,76.75,47.62321090698242
2006-07-10,31.5,77.0,34.691978454589844
2006-07-10,31.5,77.25,34.68718338012695
2006-07-10,31.5,77.5,14.989213943481445
2006-07-10,31.75,76.5,21.08311653137207
2006-07-10,31.75,76.75,31.268939971923828
2006-07-10,31.75,77.0,21.75667953491211
2006-07-10,31.75,77.25,23.024057388305664
2006-07-10,31.75,77.5,16.199378967285156
2006-07-10,32.0,76.5,41.71903610229492
2006-07-10,32.0,76.75,14.00479507446289
2006-07-10,32.0,77.0,14.889286041259766
2006-07-10,32.0,77.25,12.174405097961426
2006-07-10,32.0,77.5,12.148170471191406
2006-07-11,31.5,76.5,15.626460075378418
2006-07-11,31.5,76.75,0.3761727809906006
2006-07-11,31.5,77.0,4.23444128036499
2006-07-11,31.5,77.25,1.5945621728897095
2006-07-11,31.5,77.5,14.874661445617676
2006-07-11,31.75,76.5,27.996469497680664
2006-07-11,31.75,76.75,7.563648700714111
2006-07-11,31.75,77.0,2.6605818271636963
2006-07-11,31.75,77.25,2.765251398086548
2006-07-11,31.75,77.5,3.7319023609161377
2006-07-11,32.0,76.5,21.950820922851562
2006-07-11,32.0,76.75,4.113657474517822
2006-07-11,32.0,77.0,3.773160934448242
2006-07-11,32.0,77.25,4.273105144500732
2006-07-11,32.0,77.5,4.368892192840576
2006-07-12,31.5,76.5,5.903494358062744
2006-07-12,31.5,76.75,1.8089234828948975
2006-07-12,31.5,77.0,5.5629401206970215
2006-07-12,31.5,77.25,7.194911479949951
2006-07-12,31.5,77.5,6.844118595123291
2006-07-12,31.75,76.5,4.6837968826293945
2006-07-12,31.75,76.75,4.682826042175293
2006-07-12,31.75,77.0,10.206083297729492
2006-07-12,31.75,77.25,13.999775886535645
2006-07-12,31.75,77.5,24.640857696533203
2006-07-12,32.0,76.5,15.84048843383789
2006-07-12,32.0,76.75,28.306591033935547
2006-07-12,32.0,77.0,23.087366104125977
2006-07-12,32.0,77.25,31.396879196166992
2006-07-12,32.0,77.5,27.976770401000977
2006-07-13,31.5,76.5,6.0922627449035645
2006-07-13,31.5,76.75,1.240454912185669
2006-07-13,31.5,77.0,3.002454996109009
2006-07-13,31.5,77.25,2.9648499488830566
2006-07-13,31.5,77.5,2.914186716079712
2006-07-13,31.75,76.5,10.717982292175293
2006-07-13,31.75,76.75,3.0906763076782227
2006-07-13,31.75,77.0,0.2497728168964386
2006-07-13,31.75,77.25,1.5531049966812134
2006-07-13,31.75,77.5,3.73036527633667
2006-07-13,32.0,76.5,6.199698448181152
2006-07-13,32.0,76.75,4.552986145019531
2006-07-13,32.0,77.0,3.11199688911438
2006-07-13,32.0,77.25,5.111710548400879
2006-07-13,32.0,77.5,4.319920539855957
2006-07-14,31.5,76.5,4.540180683135986
2006-07-14,31.5,76.75,7.958822727203369
2006-07-14,31.5,77.0,3.828826427459717
2006-07-14,31.5,77.25,2.9408321380615234
2006-07-14,31.5,77.5,0.7986743450164795
2006-07-14,31.75,76.5,2.626882791519165
2006-07-14,31.75,76.75,2.3889265060424805
2006-07-14,31.75,77.0,0.7715600728988647
2006-07-14,31.75,77.25,2.849818706512451
2006-07-14,31.75,77.5,2.5025296211242676
2006-07-14,32.0,76.5,15.162446022033691
2006-07-14,32.0,76.75,2.499863386154175
2006-07-14,32.0,77.0,2.547409772872925
2006-07-14,32.0,77.25,3.313908815383911
2006-07-14,32.0,77.5,4.084434986114502
2006-07-15,31.5,76.5,0.0
2006-07-15,31.5,76.75,0.0
2006-07-15,31.5,77.0,0.18586349487304688
2006-07-15,31.5,77.25,2.6376116275787354
2006-07-15,31.5,77.5,0.31880417466163635
2006-07-15,31.75,76.5,0.0
2006-07-15,31.75,76.75,0.0
2006-07-15,31.75,77.0,0.0
2006-07-15,31.75,77.25,0.2391926348209381
2006-07-15,31.75,77.5,0.6602674722671509
2006-07-15,32.0,76.5,0.0
2006-07-15,32.0,76.75,0.8136940598487854
2006-07-15,32.0,77.0,0.5644020438194275
2006-07-15,32.0,77.25,0.9274428486824036
2006-07-15,32.0,77.5,0.7818210124969482
2006-07-16,31.5,76.5,0.0
2006-07-16,31.5,76.75,0.0
2006-07-16,31.5,77.0,0.0
2006-07-16,31.5,77.25,0.0
2006-07-16,31.5,77.5,0.6376083493232727
2006-07-16,31.75,76.5,0.0
2006-07-16,31.75,76.75,0.0
2006-07-16,31.75,77.0,0.0
2006-07-16,31.75,77.25,0.4442148804664612
2006-07-16,31.75,77.5,1.2262109518051147
2006-07-16,32.0,76.5,0.0
2006-07-16,32.0,76.75,1.511146068572998
2006-07-16,32.0,77.0,1.0481752157211304
2006-07-16,32.0,77.25,1.7223937511444092
2006-07-16,32.0,77.5,1.4519532918930054
2006-07-17,31.5,76.5,0.2120874673128128
2006-07-17,31.5,76.75,0.0
2006-07-17,31.5,77.0,1.2678040266036987
2006-07-17,31.5,77.25,1.3530739545822144
2006-07-17,31.5,77.5,4.128347873687744
2006-07-17,31.75,76.5,0.10528051853179932
2006-07-17,31.75,76.75,1.0426586866378784
2006-07-17,31.75,77.0,2.6417791843414307
2006-07-17,31.75,77.25,4.35212516784668
2006-07-17,31.75,77.5,7.550503253936768
2006-07-17,32.0,76.5,0.2651905119419098
2006-07-17,32.0,76.75,6.249765396118164
2006-07-17,32.0,77.0,8.826559066772461
2006-07-17,32.0,77.25,10.534835815429688
2006-07-17,32.0,77.5,12.587906837463379
2006-07-18,31.5,76.5,0.0
2006-07-18,31.5,76.75,0.0
2006-07-18,31.5,77.0,0.12090617418289185
2006-07-18,31.5,77.25,0.16713131964206696
2006-07-18,31.5,77.5,1.8796677589416504
2006-07-18,31.75,76.5,0.0
2006-07-18,31.75,76.75,0.21747902035713196
2006-07-18,31.75,77.0,0.32204729318618774
2006-07-18,31.75,77.25,0.5847200155258179
2006-07-18,31.75,77.5,0.9300119876861572
2006-07-18,32.0,76.5,0.0
2006-07-18,32.0,76.75,1.2021701335906982
2006-07-18,32.0,77.0,0.8746969699859619
2006-07-18,32.0,77.25,1.0294272899627686
2006-07-18,32.0,77.5,1.4913336038589478
2006-07-19,31.5,76.5,19.683502197265625
2006-07-19,31.5,76.75,0.20164825022220612
2006-07-19,31.5,77.0,0.0
2006-07-19,31.5,77.25,0.0
2006-07-19,31.5,77.5,1.1314553022384644
2006-07-19,31.75,76.5,36.49297332763672
2006-07-19,31.75,76.75,0.7849125266075134
2006-07-19,31.75,77.0,0.0
2006-07-19,31.75,77.25,0.0
2006-07-19,31.75,77.5,0.7914845943450928
2006-07-19,32.0,76.5,18.369884490966797
2006-07-19,32.0,76.75,0.5160591006278992
2006-07-19,32.0,77.0,1.0388360023498535
2006-07-19,32.0,77.25,1.6158115863800049
2006-07-19,32.0,77.5,1.4592432975769043
2006-07-20,31.5,76.5,20.16495704650879
2006-07-20,31.5,76.75,34.51259994506836
2006-07-20,31.5,77.0,18.04631233215332
2006-07-20,31.5,77.25,12.539080619812012
2006-07-20,31.5,77.5,17.95092010498047
2006-07-20,31.75,76.5,10.721071243286133
2006-07-20,31.75,76.75,18.681161880493164
2006-07-20,31.75,77.0,5.910257339477539
2006-07-20,31.75,77.25,15.07582950592041
2006-07-20,31.75,77.5,20.522930145263672
2006-07-20,32.0,76.5,16.497272491455078
2006-07-20,32.0,76.75,23.999834060668945
2006-07-20,32.0,77.0,15.947033882141113
2006-07-20,32.0,77.25,23.42713165283203
2006-07-20,32.0,77.5,23.115825653076172
2006-07-21,31.5,76.5,4.233749866485596
2006-07-21,31.5,76.75,4.449719429016113
2006-07-21,31.5,77.0,3.43280029296875
2006-07-21,31.5,77.25,2.6383116245269775
2006-07-21,31.5,77.5,6.391416072845459
2006-07-21,31.75,76.5,2.4692561626434326
2006-07-21,31.75,76.75,2.4363317489624023
2006-07-21,31.75,77.0,1.2585011720657349
2006-07-21,31.75,77.25,1.6198961734771729
2006-07-21,31.75,77.5,1.164752721786499
2006-07-21,32.0,76.5,9.629780769348145
2006-07-21,32.0,76.75,1.043915867805481
2006-07-21,32.0,77.0,0.9125115871429443
2006-07-21,32.0,77.25,0.9070430397987366
2006-07-21,32.0,77.5,0.8007964491844177
2006-07-22,31.5,76.5,20.20220947265625
2006-07-22,31.5,76.75,13.949898719787598
2006-07-22,31.5,77.0,9.912524223327637
2006-07-22,31.5,77.25,7.99312162399292
2006-07-22,31.5,77.5,0.9564125537872314
2006-07-22,31.75,76.5,28.531129837036133
2006-07-22,31.75,76.75,13.20085620880127
2006-07-22,31.75,77.0,1.4922009706497192
2006-07-22,31.75,77.25,6.183002948760986
2006-07-22,31.75,77.5,9.786818504333496
2006-07-22,32.0,76.5,16.889244079589844
2006-07-22,32.0,76.75,11.850141525268555
2006-07-22,32.0,77.0,7.515539646148682
2006-07-22,32.0,77.25,11.753607749938965
2006-07-22,32.0,77.5,11.573678970336914
2006-07-23,31.5,76.5,29.527175903320312
2006-07-23,31.5,76.75,8.58448314666748
2006-07-23,31.5,77.0,8.395485877990723
2006-07-23,31.5,77.25,5.560182571411133
2006-07-23,31.5,77.5,10.167491912841797
2006-07-23,31.75,76.5,50.868656158447266
2006-07-23,31.75,76.75,15.622166633605957
2006-07-23,31.75,77.0,0.7143552899360657
2006-07-23,31.75,77.25,2.339380979537964
2006-07-23,31.75,77.5,2.652649402618408
2006-07-23,32.0,76.5,34.0297966003418
2006-07-23,32.0,76.75,2.9669737815856934
2006-07-23,32.0,77.0,1.7430471181869507
2006-07-23,32.0,77.25,2.850435972213745
2006-07-23,32.0,77.5,2.4768261909484863
2006-07-24,31.5,76.5,16.264892578125
2006-07-24,31.5,76.75,10.758570671081543
2006-07-24,31.5,77.0,8.073868751525879
2006-07-24,31.5,77.25,5.5482177734375
2006-07-24,31.5,77.5,6.1291656494140625
2006-07-24,31.75,76.5,21.891895294189453
2006-07-24,31.75,76.75,10.093741416931152
2006-07-24,31.75,77.0,2.6288001537323
2006-07-24,31.75,77.25,7.3445844650268555
2006-07-24,31.75,77.5,11.995248794555664
2006-07-24,32.0,76.5,35.1390495300293
2006-07-24,32.0,76.75,14.67548942565918
2006-07-24,32.0,77.0,9.939207077026367
2006-07-24,32.0,77.25,14.355897903442383
2006-07-24,32.0,77.5,15.256399154663086
2006-07-25,31.5,76.5,26.547483444213867
2006-07-25,31.5,76.75,0.5180321931838989
2006-07-25,31.5,77.0,2.6094837188720703
2006-07-25,31.5,77.25,0.0
2006-07-25,31.5,77.5,0.15940208733081818
2006-07-25,31.75,76.5,52.23978805541992
2006-07-25,31.75,76.75,12.630912780761719
2006-07-25,31.75,77.0,0.16702669858932495
2006-07-25,31.75,77.25,1.3924428224563599
2006-07-25,31.75,77.5,3.8436999320983887
2006-07-25,32.0,76.5,30.240312576293945
2006-07-25,32.0,76.75,4.736861705780029
2006-07-25,32.0,77.0,3.285626173019409
2006-07-25,32.0,77.25,5.399042129516602
2006-07-25,32.0,77.5,4.551314830780029
2006-07-26,31.5,76.5,4.2093706130981445
2006-07-26,31.5,76.75,1.2795722484588623
2006-07-26,31.5,77.0,3.861260414123535
2006-07-26,31.5,77.25,4.67710542678833
2006-07-26,31.5,77.5,5.752007961273193
2006-07-26,31.75,76.5,4.6384663581848145
2006-07-26,31.75,76.75,3.910994291305542
2006-07-26,31.75,77.0,6.238378524780273
2006-07-26,31.75,77.25,5.937626361846924
2006-07-26,31.75,77.5,7.005468368530273
2006-07-26,32.0,76.5,3.0372798442840576
2006-07-26,32.0,76.75,7.404266357421875
2006-07-26,32.0,77.0,7.307603359222412
2006-07-26,32.0,77.25,7.573408126831055
2006-07-26,32.0,77.5,7.905291557312012
2006-07-27,31.5,76.5,13.340353965759277
2006-07-27,31.5,76.75,23.62594223022461
2006-07-27,31.5,77.0,22.75753402709961
2006-07-27,31.5,77.25,22.92531967163086
2006-07-27,31.5,77.5,19.11839485168457
2006-07-27,31.75,76.5,7.098684310913086
2006-07-27,31.75,76.75,20.837182998657227
2006-07-27,31.75,77.0,26.73945426940918
2006-07-27,31.75,77.25,23.0119571685791
2006-07-27,31.75,77.5,18.536571502685547
2006-07-27,32.0,76.5,7.386251449584961
2006-07-27,32.0,76.75,15.947714805603027
2006-07-27,32.0,77.0,19.98546028137207
2006-07-27,32.0,77.25,16.37151527404785
2006-07-27,32.0,77.5,14.823091506958008
2006-07-28,31.5,76.5,7.0275092124938965
2006-07-28,31.5,76.75,6.274974346160889
2006-07-28,31.5,77.0,5.56796932220459
2006-07-28,31.5,77.25,5.9330291748046875
2006-07-28,31.5,77.5,8.052056312561035
2006-07-28,31.75,76.5,5.153520107269287
2006-07-28,31.75,76.75,5.906015872955322
2006-07-28,31.75,77.0,6.110497951507568
2006-07-28,31.75,77.25,7.443782329559326
2006-07-28,31.75,77.5,9.649646759033203
2006-07-28,32.0,76.5,4.561054706573486
2006-07-28,32.0,76.75,10.633004188537598
2006-07-28,32.0,77.0,9.09840202331543
2006-07-28,32.0,77.25,10.916924476623535
2006-07-28,32.0,77.5,10.772907257080078
2006-07-29,31.5,76.5,2.8772897720336914
2006-07-29,31.5,76.75,5.171658515930176
2006-07-29,31.5,77.0,17.016122817993164
2006-07-29,31.5,77.25,21.8172550201416
2006-07-29,31.5,77.5,32.08353805541992
2006-07-29,31.75,76.5,1.0748059749603271
2006-07-29,31.75,76.75,13.91722583770752
2006-07-29,31.75,77.0,32.99758529663086
2006-07-29,31.75,77.25,23.559701919555664
2006-07-29,31.75,77.5,18.59676170349121
2006-07-29,32.0,76.5,4.8274078369140625
2006-07-29,32.0,76.75,14.562867164611816
2006-07-29,32.0,77.0,22.9864501953125
2006-07-29,32.0,77.25,16.591880798339844
2006-07-29,32.0,77.5,13.872176170349121
2006-07-30,31.5,76.5,0.9402920007705688
2006-07-30,31.5,76.75,1.8814657926559448
2006-07-30,31.5,77.0,1.5316946506500244
2006-07-30,31.5,77.25,1.4580572843551636
2006-07-30,31.5,77.5,3.4297375679016113
2006-07-30,31.75,76.5,0.32723933458328247
2006-07-30,31.75,76.75,1.40494966506958
2006-07-30,31.75,77.0,1.6315737962722778
2006-07-30,31.75,77.25,1.7441377639770508
2006-07-30,31.75,77.5,1.9829397201538086
2006-07-30,32.0,76.5,0.39505311846733093
2006-07-30,32.0,76.75,2.0125725269317627
2006-07-30,32.0,77.0,1.9010071754455566
2006-07-30,32.0,77.25,2.1848297119140625
2006-07-30,32.0,77.5,1.8518589735031128
2006-07-31,31.5,76.5,0.62822425365448
2006-07-31,31.5,76.75,0.0
2006-07-31,31.5,77.0,0.2787952423095703
2006-07-31,31.5,77.25,0.4622061848640442
2006-07-31,31.5,77.5,0.9539722204208374
2006-07-31,31.75,76.5,0.996253490447998
2006-07-31,31.75,76.75,0.0
2006-07-31,31.75,77.0,0.0
2006-07-31,31.75,77.25,0.3075333833694458
2006-07-31,31.75,77.5,0.8489153385162354
2006-07-31,32.0,76.5,6.8956098556518555
2006-07-31,32.0,76.75,1.0461781024932861
2006-07-31,32.0,77.0,0.7256597876548767
2006-07-31,32.0,77.25,1.1924265623092651
2006-07-31,32.0,77.5,1.0051984786987305
2006-08-01,31.5,76.5,2.03825044631958
2006-08-01,31.5,76.75,0.9171102643013
2006-08-01,31.5,77.0,0.5766614675521851
2006-08-01,31.5,77.25,0.2684321999549866
2006-08-01,31.5,77.5,0.0
2006-08-01,31.75,76.5,3.289395332336426
2006-08-01,31.75,76.75,1.1812251806259155
2006-08-01,31.75,77.0,0.13532587885856628
2006-08-01,31.75,77.25,0.7312920093536377
2006-08-01,31.75,77.5,2.2051479816436768
2006-08-01,32.0,76.5,1.9281457662582397
2006-08-01,32.0,76.75,1.9399189949035645
2006-08-01,32.0,77.0,0.9155237674713135
2006-08-01,32.0,77.25,2.294790267944336
2006-08-01,32.0,77.5,3.371527671813965
2006-08-02,31.5,76.5,7.207579135894775
2006-08-02,31.5,76.75,10.972739219665527
2006-08-02,31.5,77.0,6.955839157104492
2006-08-02,31.5,77.25,5.650502681732178
2006-08-02,31.5,77.5,12.92362117767334
2006-08-02,31.75,76.5,4.7128143310546875
2006-08-02,31.75,76.75,7.556663990020752
2006-08-02,31.75,77.0,4.921728610992432
2006-08-02,31.75,77.25,7.042848110198975
2006-08-02,31.75,77.5,6.800882816314697
2006-08-02,32.0,76.5,10.344991683959961
2006-08-02,32.0,76.75,8.629084587097168
2006-08-02,32.0,77.0,5.888565540313721
2006-08-02,32.0,77.25,7.0515217781066895
2006-08-02,32.0,77.5,7.604435443878174
2006-08-03,31.5,76.5,14.4157133102417
2006-08-03,31.5,76.75,26.88509750366211
2006-08-03,31.5,77.0,13.266729354858398
2006-08-03,31.5,77.25,9.19205093383789
2006-08-03,31.5,77.5,3.4216322898864746
2006-08-03,31.75,76.5,5.830329418182373
2006-08-03,31.75,76.75,13.379193305969238
2006-08-03,31.75,77.0,3.4406659603118896
2006-08-03,31.75,77.25,7.657663822174072
2006-08-03,31.75,77.5,3.0729823112487793
2006-08-03,32.0,76.5,10.816019058227539
2006-08-03,32.0,76.75,6.9184441566467285
2006-08-03,32.0,77.0,2.224565029144287
2006-08-03,32.0,77.25,3.19677996635437
2006-08-03,32.0,77.5,3.694852352142334
2006-08-04,31.5,76.5,14.612441062927246
2006-08-04,31.5,76.75,14.23620891571045
2006-08-04,31.5,77.0,13.945297241210938
2006-08-04,31.5,77.25,13.452808380126953
2006-08-04,31.5,77.5,11.788748741149902
2006-08-04,31.75,76.5,17.371335983276367
2006-08-04,31.75,76.75,15.357701301574707
2006-08-04,31.75,77.0,14.13515853881836
2006-08-04,31.75,77.25,14.988208770751953
2006-08-04,31.75,77.5,15.031396865844727
2006-08-04,32.0,76.5,11.790371894836426
2006-08-04,32.0,76.75,16.84027099609375
2006-08-04,32.0,77.0,14.732646942138672
2006-08-04,32.0,77.25,15.151778221130371
2006-08-04,32.0,77.5,15.169727325439453
2006-08-05,31.5,76.5,1.5124510526657104
2006-08-05,31.5,76.75,1.4403287172317505
2006-08-05,31.5,77.0,13.389741897583008
2006-08-05,31.5,77.25,18.690048217773438
2006-08-05,31.5,77.5,21.193359375
2006-08-05,31.75,76.5,0.9075146317481995
2006-08-05,31.75,76.75,10.704109191894531
2006-08-05,31.75,77.0,28.772451400756836
2006-08-05,31.75,77.25,27.120635986328125
2006-08-05,31.75,77.5,35.575286865234375
2006-08-05,32.0,76.5,6.58247184753418
2006-08-05,32.0,76.75,37.65692138671875
2006-08-05,32.0,77.0,32.39363479614258
2006-08-05,32.0,77.25,35.71088409423828
2006-08-05,32.0,77.5,37.777435302734375
2006-08-06,31.5,76.5,9.157017707824707
2006-08-06,31.5,76.75,16.658784866333008
2006-08-06,31.5,77.0,9.276689529418945
2006-08-06,31.5,77.25,7.555866241455078
2006-08-06,31.5,77.5,1.0472034215927124
2006-08-06,31.75,76.5,3.176765203475952
2006-08-06,31.75,76.75,8.4611234664917
2006-08-06,31.75,77.0,3.0932013988494873
2006-08-06,31.75,77.25,7.3146748542785645
2006-08-06,31.75,77.5,6.485200881958008
2006-08-06,32.0,76.5,2.290503978729248
2006-08-06,32.0,76.75,11.832351684570312
2006-08-06,32.0,77.0,3.828843832015991
2006-08-06,32.0,77.25,6.753655433654785
2006-08-06,32.0,77.5,8.433338165283203
2006-08-07,31.5,76.5,11.13516902923584
2006-08-07,31.5,76.75,0.11353421211242676
2006-08-07,31.5,77.0,3.155721426010132
2006-08-07,31.5,77.25,2.434992790222168
2006-08-07,31.5,77.5,3.751147747039795
2006-08-07,31.75,76.5,21.147571563720703
2006-08-07,31.75,76.75,5.3520026206970215
2006-08-07,31.75,77.0,0.41137978434562683
2006-08-07,31.75,77.25,3.346146821975708
2006-08-07,31.75,77.5,6.261457443237305
2006-08-07,32.0,76.5,12.785685539245605
2006-08-07,32.0,76.75,10.721210479736328
2006-08-07,32.0,77.0,3.221292495727539
2006-08-07,32.0,77.25,6.6838226318359375
2006-08-07,32.0,77.5,8.5877103805542
2006-08-08,31.5,76.5,16.082338333129883
2006-08-08,31.5,76.75,31.808752059936523
2006-08-08,31.5,77.0,15.820104598999023
2006-08-08,31.5,77.25,10.649368286132812
2006-08-08,31.5,77.5,7.600475311279297
2006-08-08,31.75,76.5,5.717487812042236
2006-08-08,31.75,76.75,15.194293022155762
2006-08-08,31.75,77.0,2.862736225128174
2006-08-08,31.75,77.25,9.622318267822266
2006-08-08,31.75,77.5,6.897420406341553
2006-08-08,32.0,76.5,5.150357723236084
2006-08-08,32.0,76.75,13.073026657104492
2006-08-08,32.0,77.0,3.097193956375122
2006-08-08,32.0,77.25,7.253120422363281
2006-08-08,32.0,77.5,9.92733097076416
2006-08-09,31.5,76.5,3.5323731899261475
2006-08-09,31.5,76.75,0.0
2006-08-09,31.5,77.0,0.4646587371826172
2006-08-09,31.5,77.25,0.935387372970581
2006-08-09,31.5,77.5,1.1758261919021606
2006-08-09,31.75,76.5,1.1845886707305908
2006-08-09,31.75,76.75,0.0
2006-08-09,31.75,77.0,0.10973162949085236
2006-08-09,31.75,77.25,0.8974571228027344
2006-08-09,31.75,77.5,2.1514742374420166
2006-08-09,32.0,76.5,0.0
2006-08-09,32.0,76.75,2.915393352508545
2006-08-09,32.0,77.0,1.0208852291107178
2006-08-09,32.0,77.25,2.273308515548706
2006-08-09,32.0,77.5,3.08880615234375
2006-08-10,31.5,76.5,6.924415111541748
2006-08-10,31.5,76.75,0.1763308346271515
2006-08-10,31.5,77.0,5.161373615264893
2006-08-10,31.5,77.25,6.015296459197998
2006-08-10,31.5,77.5,4.626410007476807
2006-08-10,31.75,76.5,11.07200813293457
2006-08-10,31.75,76.75,4.852228164672852
2006-08-10,31.75,77.0,6.4495391845703125
2006-08-10,31.75,77.25,6.210468292236328
2006-08-10,31.75,77.5,7.528435707092285
2006-08-10,32.0,76.5,7.440377712249756
2006-08-10,32.0,76.75,8.93773078918457
2006-08-10,32.0,77.0,7.181975364685059
2006-08-10,32.0,77.25,7.569823265075684
2006-08-10,32.0,77.5,7.621987342834473
2006-08-11,31.5,76.5,33.30572509765625
2006-08-11,31.5,76.75,59.24404525756836
2006-08-11,31.5,77.0,38.564353942871094
2006-08-11,31.5,77.25,31.88008689880371
2006-08-11,31.5,77.5,13.587101936340332
2006-08-11,31.75,76.5,16.062332153320312
2006-08-11,31.75,76.75,35.93626403808594
2006-08-11,31.75,77.0,25.7518310546875
2006-08-11,31.75,77.25,28.354188919067383
2006-08-11,31.75,77.5,16.11765480041504
2006-08-11,32.0,76.5,49.478519439697266
2006-08-11,32.0,76.75,19.192516326904297
2006-08-11,32.0,77.0,19.759586334228516
2006-08-11,32.0,77.25,15.71085262298584
2006-08-11,32.0,77.5,12.838839530944824
2006-08-12,31.5,76.5,0.0
2006-08-12,31.5,76.75,0.0
2006-08-12,31.5,77.0,0.0
2006-08-12,31.5,77.25,0.0
2006-08-12,31.5,77.5,0.0
2006-08-12,31.75,76.5,0.0
2006-08-12,31.75,76.75,0.15130217373371124
2006-08-12,31.75,77.0,0.0
2006-08-12,31.75,77.25,0.4990884065628052
2006-08-12,31.75,77.5,0.8831726312637329
2006-08-12,32.0,76.5,0.0
2006-08-12,32.0,76.75,1.3636244535446167
2006-08-12,32.0,77.0,0.5671806335449219
2006-08-12,32.0,77.25,0.9672489166259766
2006-08-12,32.0,77.5,1.1528902053833008
2006-08-13,31.5,76.5,5.591763973236084
2006-08-13,31.5,76.75,8.918119430541992
2006-08-13,31.5,77.0,6.914848327636719
2006-08-13,31.5,77.25,7.186867713928223
2006-08-13,31.5,77.5,1.452892780303955
2006-08-13,31.75,76.5,3.7889292240142822
2006-08-13,31.75,76.75,4.896663665771484
2006-08-13,31.75,77.0,0.7742298245429993
2006-08-13,31.75,77.25,2.4519100189208984
2006-08-13,31.75,77.5,1.102386713027954
2006-08-13,32.0,76.5,2.433284044265747
2006-08-13,32.0,76.75,2.5941672325134277
2006-08-13,32.0,77.0,0.6384081244468689
2006-08-13,32.0,77.25,1.1922261714935303
2006-08-13,32.0,77.5,1.4750536680221558
2006-08-14,31.5,76.5,7.212218284606934
2006-08-14,31.5,76.75,3.4520974159240723
2006-08-14,31.5,77.0,2.2018444538116455
2006-08-14,31.5,77.25,1.0879818201065063
2006-08-14,31.5,77.5,0.29251450300216675
2006-08-14,31.75,76.5,11.264467239379883
2006-08-14,31.75,76.75,4.247216701507568
2006-08-14,31.75,77.0,0.3873981833457947
2006-08-14,31.75,77.25,1.6964588165283203
2006-08-14,31.75,77.5,1.8544583320617676
2006-08-14,32.0,76.5,7.856820106506348
2006-08-14,32.0,76.75,3.4328813552856445
2006-08-14,32.0,77.0,0.98808354139328
2006-08-14,32.0,77.25,1.9869413375854492
2006-08-14,32.0,77.5,2.5258097648620605
2006-08-15,31.5,76.5,6.391777038574219
2006-08-15,31.5,76.75,11.765859603881836
2006-08-15,31.5,77.0,7.268420219421387
2006-08-15,31.5,77.25,6.362618923187256
2006-08-15,31.5,77.5,14.350166320800781
2006-08-15,31.75,76.5,2.8465545177459717
2006-08-15,31.75,76.75,6.643743515014648
2006-08-15,31.75,77.0,3.65026593208313
2006-08-15,31.75,77.25,5.856559753417969
2006-08-15,31.75,77.5,4.837192058563232
2006-08-15,32.0,76.5,7.291396617889404
2006-08-15,32.0,76.75,7.508167266845703
2006-08-15,32.0,77.0,3.8375492095947266
2006-08-15,32.0,77.25,4.974407196044922
2006-08-15,32.0,77.5,5.557406425476074
2006-08-16,31.5,76.5,1.5357030630111694
2006-08-16,31.5,76.75,1.4910173416137695
2006-08-16,31.5,77.0,1.198854923248291
2006-08-16,31.5,77.25,1.5895812511444092
2006-08-16,31.5,77.5,6.002370834350586
2006-08-16,31.75,76.5,0.5244041681289673
2006-08-16,31.75,76.75,0.8272525072097778
2006-08-16,31.75,77.0,0.19404737651348114
2006-08-16,31.75,77.25,0.9224028587341309
2006-08-16,31.75,77.5,3.320432662963867
2006-08-16,32.0,76.5,0.18954510986804962
2006-08-16,32.0,76.75,1.9561710357666016
2006-08-16,32.0,77.0,1.4611455202102661
2006-08-16,32.0,77.25,3.468792200088501
2006-08-16,32.0,77.5,5.126148700714111
2006-08-17,31.5,76.5,0.3464233875274658
2006-08-17,31.5,76.75,0.6891331672668457
2006-08-17,31.5,77.0,0.326738566160202
2006-08-17,31.5,77.25,2.8966355323791504
2006-08-17,31.5,77.5,1.1314553022384644
2006-08-17,31.75,76.5,0.1205618679523468
2006-08-17,31.75,76.75,0.3292880952358246
2006-08-17,31.75,77.0,0.18233396112918854
2006-08-17,31.75,77.25,1.2113755941390991
2006-08-17,31.75,77.5,2.043672561645508
2006-08-17,32.0,76.5,0.0
2006-08-17,32.0,76.75,3.694821357727051
2006-08-17,32.0,77.0,0.9502048492431641
2006-08-17,32.0,77.25,2.1595518589019775
2006-08-17,32.0,77.5,2.8553147315979004
2006-08-18,31.5,76.5,0.0
2006-08-18,31.5,76.75,0.0
2006-08-18,31.5,77.0,0.2821143865585327
2006-08-18,31.5,77.25,0.38997307419776917
2006-08-18,31.5,77.5,0.39991483092308044
2006-08-18,31.75,76.5,0.0
2006-08-18,31.75,76.75,0.28593674302101135
2006-08-18,31.75,77.0,0.8357246518135071
2006-08-18,31.75,77.25,2.1286091804504395
2006-08-18,31.75,77.5,5.462080478668213
2006-08-18,32.0,76.5,0.0
2006-08-18,32.0,76.75,5.8942341804504395
2006-08-18,32.0,77.0,2.789170742034912
2006-08-18,32.0,77.25,5.68727970123291
2006-08-18,32.0,77.5,7.775721073150635
2006-08-19,31.5,76.5,4.927931785583496
2006-08-19,31.5,76.75,0.0
2006-08-19,31.5,77.0,0.44734007120132446
2006-08-19,31.5,77.25,0.0
2006-08-19,31.5,77.5,0.0
2006-08-19,31.75,76.5,9.553143501281738
2006-08-19,31.75,76.75,2.165299415588379
2006-08-19,31.75,77.0,0.0
2006-08-19,31.75,77.25,0.0
2006-08-19,31.75,77.5,0.0
2006-08-19,32.0,76.5,9.321419715881348
2006-08-19,32.0,76.75,0.0
2006-08-19,32.0,77.0,0.0
2006-08-19,32.0,77.25,0.0
2006-08-19,32.0,77.5,0.0
2006-08-20,31.5,76.5,5.864709854125977
2006-08-20,31.5,76.75,2.4648146629333496
2006-08-20,31.5,77.0,3.99448561668396
2006-08-20,31.5,77.25,4.33937406539917
2006-08-20,31.5,77.5,8.766636848449707
2006-08-20,31.75,76.5,7.170263767242432
2006-08-20,31.75,76.75,4.515190124511719
2006-08-20,31.75,77.0,5.436198711395264
2006-08-20,31.75,77.25,4.9691925048828125
2006-08-20,31.75,77.5,5.109252452850342
2006-08-20,32.0,76.5,6.380045413970947
2006-08-20,32.0,76.75,5.327417850494385
2006-08-20,32.0,77.0,5.424511909484863
2006-08-20,32.0,77.25,5.080662250518799
2006-08-20,32.0,77.5,4.772192001342773
2006-08-21,31.5,76.5,4.256059169769287
2006-08-21,31.5,76.75,8.558298110961914
2006-08-21,31.5,77.0,9.414692878723145
2006-08-21,31.5,77.25,10.030217170715332
2006-08-21,31.5,77.5,8.896980285644531
2006-08-21,31.75,76.5,1.4811886548995972
2006-08-21,31.75,76.75,8.448203086853027
2006-08-21,31.75,77.0,12.848166465759277
2006-08-21,31.75,77.25,10.992988586425781
2006-08-21,31.75,77.5,9.418000221252441
2006-08-21,32.0,76.5,2.3845374584198
2006-08-21,32.0,76.75,8.742844581604004
2006-08-21,32.0,77.0,11.394806861877441
2006-08-21,32.0,77.25,9.172687530517578
2006-08-21,32.0,77.5,7.635591506958008
2006-08-22,31.5,76.5,0.6611393690109253
2006-08-22,31.5,76.75,0.0
2006-08-22,31.5,77.0,0.0
2006-08-22,31.5,77.25,0.0
2006-08-22,31.5,77.5,0.3771517872810364
2006-08-22,31.75,76.5,0.22171445190906525
2006-08-22,31.75,76.75,0.29963764548301697
2006-08-22,31.75,77.0,0.5466406941413879
2006-08-22,31.75,77.25,4.473769187927246
2006-08-22,31.75,77.5,8.419575691223145
2006-08-22,32.0,76.5,0.0
2006-08-22,32.0,76.75,14.557196617126465
2006-08-22,32.0,77.0,4.224708557128906
2006-08-22,32.0,77.25,8.964308738708496
2006-08-22,32.0,77.5,11.602922439575195
2006-08-23,31.5,76.5,27.70646095275879
2006-08-23,31.5,76.75,42.53484344482422
2006-08-23,31.5,77.0,20.486852645874023
2006-08-23,31.5,77.25,13.330430030822754
2006-08-23,31.5,77.5,0.6345286965370178
2006-08-23,31.75,76.5,10.033571243286133
2006-08-23,31.75,76.75,20.577363967895508
2006-08-23,31.75,77.0,4.177020072937012
2006-08-23,31.75,77.25,10.262537002563477
2006-08-23,31.75,77.5,2.1873488426208496
2006-08-23,32.0,76.5,9.673746109008789
2006-08-23,32.0,76.75,7.2341814041137695
2006-08-23,32.0,77.0,1.4292712211608887
2006-08-23,32.0,77.25,2.2635116577148438
2006-08-23,32.0,77.5,2.727795362472534
2006-08-24,31.5,76.5,6.427128314971924
2006-08-24,31.5,76.75,9.77743148803711
2006-08-24,31.5,77.0,5.195958137512207
2006-08-24,31.5,77.25,3.528052568435669
2006-08-24,31.5,77.5,0.5141761898994446
2006-08-24,31.75,76.5,4.591320037841797
2006-08-24,31.75,76.75,5.584320545196533
2006-08-24,31.75,77.0,1.8740226030349731
2006-08-24,31.75,77.25,5.041453838348389
2006-08-24,31.75,77.5,5.172606945037842
2006-08-24,32.0,76.5,6.168383598327637
2006-08-24,32.0,76.75,9.431748390197754
2006-08-24,32.0,77.0,2.933260202407837
2006-08-24,32.0,77.25,5.426054954528809
2006-08-24,32.0,77.5,6.824245929718018
2006-08-25,31.5,76.5,22.511152267456055
2006-08-25,31.5,76.75,20.719806671142578
2006-08-25,31.5,77.0,11.847245216369629
2006-08-25,31.5,77.25,8.324670791625977
2006-08-25,31.5,77.5,4.104951858520508
2006-08-25,31.75,76.5,18.652297973632812
2006-08-25,31.75,76.75,14.309502601623535
2006-08-25,31.75,77.0,4.690886497497559
2006-08-25,31.75,77.25,9.06180477142334
2006-08-25,31.75,77.5,6.986937999725342
2006-08-25,32.0,76.5,18.204753875732422
2006-08-25,32.0,76.75,11.605277061462402
2006-08-25,32.0,77.0,5.411555290222168
2006-08-25,32.0,77.25,7.33761739730835
2006-08-25,32.0,77.5,8.211462020874023
2006-08-26,31.5,76.5,40.38874053955078
2006-08-26,31.5,76.75,18.216537475585938
2006-08-26,31.5,77.0,19.642650604248047
2006-08-26,31.5,77.25,14.847807884216309
2006-08-26,31.5,77.5,2.4928359985351562
2006-08-26,31.75,76.5,53.94084167480469
2006-08-26,31.75,76.75,20.592744827270508
2006-08-26,31.75,77.0,1.8864355087280273
2006-08-26,31.75,77.25,6.289776802062988
2006-08-26,31.75,77.5,4.6038923263549805
2006-08-26,32.0,76.5,36.738765716552734
2006-08-26,32.0,76.75,8.838692665100098
2006-08-26,32.0,77.0,2.8606345653533936
2006-08-26,32.0,77.25,4.9869704246521
2006-08-26,32.0,77.5,6.030891418457031
2006-08-27,31.5,76.5,28.06537437438965
2006-08-27,31.5,76.75,17.84215545654297
2006-08-27,31.5,77.0,11.037564277648926
2006-08-27,31.5,77.25,6.481951713562012
2006-08-27,31.5,77.5,1.5940208435058594
2006-08-27,31.75,76.5,35.49753952026367
2006-08-27,31.75,76.75,15.856978416442871
2006-08-27,31.75,77.0,1.639601469039917
2006-08-27,31.75,77.25,5.785678863525391
2006-08-27,31.75,77.5,4.028925895690918
2006-08-27,32.0,76.5,26.150056838989258
2006-08-27,32.0,76.75,8.578676223754883
2006-08-27,32.0,77.0,1.9991012811660767
2006-08-27,32.0,77.25,4.284704208374023
2006-08-27,32.0,77.5,5.563864707946777
2006-08-28,31.5,76.5,19.830585479736328
2006-08-28,31.5,76.75,32.51914978027344
2006-08-28,31.5,77.0,23.810659408569336
2006-08-28,31.5,77.25,19.892499923706055
2006-08-28,31.5,77.5,6.987640380859375
2006-08-28,31.75,76.5,8.27050495147705
2006-08-28,31.75,76.75,19.192333221435547
2006-08-28,31.75,77.0,12.507661819458008
2006-08-28,31.75,77.25,16.665761947631836
2006-08-28,31.75,77.5,13.611862182617188
2006-08-28,32.0,76.5,17.59608268737793
2006-08-28,32.0,76.75,17.6282958984375
2006-08-28,32.0,77.0,12.000344276428223
2006-08-28,32.0,77.25,13.78101634979248
2006-08-28,32.0,77.5,14.84075927734375
2006-08-29,31.5,76.5,0.0
2006-08-29,31.5,76.75,0.0
2006-08-29,31.5,77.0,0.0
2006-08-29,31.5,77.25,0.0
2006-08-29,31.5,77.5,0.0
2006-08-29,31.75,76.5,0.0
2006-08-29,31.75,76.75,0.0
2006-08-29,31.75,77.0,0.0
2006-08-29,31.75,77.25,0.0
2006-08-29,31.75,77.5,0.0
2006-08-29,32.0,76.5,0.0
2006-08-29,32.0,76.75,0.0
2006-08-29,32.0,77.0,0.0
2006-08-29,32.0,77.25,0.0
2006-08-29,32.0,77.5,0.0
2006-08-30,31.5,76.5,0.0
2006-08-30,31.5,76.75,0.0
2006-08-30,31.5,77.0,0.0
2006-08-30,31.5,77.25,0.0
2006-08-30,31.5,77.5,0.0
2006-08-30,31.75,76.5,0.0
2006-08-30,31.75,76.75,0.0
2006-08-30,31.75,77.0,0.0
2006-08-30,31.75,77.25,0.0
2006-08-30,31.75,77.5,1.0905239582061768
2006-08-30,32.0,76.5,0.0
2006-08-30,32.0,76.75,0.2906050384044647
2006-08-30,32.0,77.0,0.41923147439956665
2006-08-30,32.0,77.25,1.1240440607070923
2006-08-30,32.0,77.5,1.756110429763794
2006-08-31,31.5,76.5,15.860736846923828
2006-08-31,31.5,76.75,6.837545394897461
2006-08-31,31.5,77.0,6.327808380126953
2006-08-31,31.5,77.25,3.156719446182251
2006-08-31,31.5,77.5,1.3656222820281982
2006-08-31,31.75,76.5,25.420413970947266
2006-08-31,31.75,76.75,9.255743026733398
2006-08-31,31.75,77.0,0.684966504573822
2006-08-31,31.75,77.25,2.6531190872192383
2006-08-31,31.75,77.5,5.205543041229248
2006-08-31,32.0,76.5,14.856215476989746
2006-08-31,32.0,76.75,4.421170234680176
2006-08-31,32.0,77.0,2.3638596534729004
2006-08-31,32.0,77.25,5.459555149078369
2006-08-31,32.0,77.5,7.886626243591309
2006-09-01,31.5,76.5,16.482078552246094
2006-09-01,31.5,76.75,9.34689998626709
2006-09-01,31.5,77.0,11.46560001373291
2006-09-01,31.5,77.25,11.704463958740234
2006-09-01,31.5,77.5,9.567968368530273
2006-09-01,31.75,76.5,21.614255905151367
2006-09-01,31.75,76.75,14.113645553588867
2006-09-01,31.75,77.0,15.061758041381836
2006-09-01,31.75,77.25,14.652688026428223
2006-09-01,31.75,77.5,16.34848976135254
2006-09-01,32.0,76.5,19.307680130004883
2006-09-01,32.0,76.75,16.67509651184082
2006-09-01,32.0,77.0,16.61305046081543
2006-09-01,32.0,77.25,17.532352447509766
2006-09-01,32.0,77.5,16.638248443603516
2006-09-02,31.5,76.5,7.375752925872803
2006-09-02,31.5,76.75,10.879247665405273
2006-09-02,31.5,77.0,8.076513290405273
2006-09-02,31.5,77.25,8.507721900939941
2006-09-02,31.5,77.5,5.0732879638671875
2006-09-02,31.75,76.5,3.13946795463562
2006-09-02,31.75,76.75,8.10303783416748
2006-09-02,31.75,77.0,7.974069118499756
2006-09-02,31.75,77.25,11.182212829589844
2006-09-02,31.75,77.5,15.305442810058594
2006-09-02,32.0,76.5,7.337677955627441
2006-09-02,32.0,76.75,17.415761947631836
2006-09-02,32.0,77.0,13.96363353729248
2006-09-02,32.0,77.25,17.517980575561523
2006-09-02,32.0,77.5,17.897775650024414
2006-09-03,31.5,76.5,0.5502774119377136
2006-09-03,31.5,76.75,0.4026966691017151
2006-09-03,31.5,77.0,0.7106344699859619
2006-09-03,31.5,77.25,1.1406176090240479
2006-09-03,31.5,77.5,1.7087918519973755
2006-09-03,31.75,76.5,0.3441596031188965
2006-09-03,31.75,76.75,0.725123405456543
2006-09-03,31.75,77.0,1.4964542388916016
2006-09-03,31.75,77.25,3.3115267753601074
2006-09-03,31.75,77.5,7.052771091461182
2006-09-03,32.0,76.5,1.5555745363235474
2006-09-03,32.0,76.75,8.507223129272461
2006-09-03,32.0,77.0,6.287582874298096
2006-09-03,32.0,77.25,9.338520050048828
2006-09-03,32.0,77.5,8.494976997375488
2006-09-04,31.5,76.5,0.0
2006-09-04,31.5,76.75,0.0
2006-09-04,31.5,77.0,0.0
2006-09-04,31.5,77.25,0.0
2006-09-04,31.5,77.5,0.0
2006-09-04,31.75,76.5,0.0
2006-09-04,31.75,76.75,0.0
2006-09-04,31.75,77.0,0.0
2006-09-04,31.75,77.25,0.5296408534049988
2006-09-04,31.75,77.5,1.4620208740234375
2006-09-04,32.0,76.5,0.0
2006-09-04,32.0,76.75,1.8017511367797852
2006-09-04,32.0,77.0,1.249747395515442
2006-09-04,32.0,77.25,2.0536234378814697
2006-09-04,32.0,77.5,1.7311750650405884
2006-09-05,31.5,76.5,0.0
2006-09-05,31.5,76.75,0.0
2006-09-05,31.5,77.0,0.0
2006-09-05,31.5,77.25,0.0
2006-09-05,31.5,77.5,0.0
2006-09-05,31.75,76.5,0.0
2006-09-05,31.75,76.75,0.0
2006-09-05,31.75,77.0,0.0
2006-09-05,31.75,77.25,0.0
2006-09-05,31.75,77.5,0.0
2006-09-05,32.0,76.5,0.0
2006-09-05,32.0,76.75,0.0
2006-09-05,32.0,77.0,0.0
2006-09-05,32.0,77.25,0.0
2006-09-05,32.0,77.5,0.0
2006-09-06,31.5,76.5,0.0
2006-09-06,31.5,76.75,0.0
2006-09-06,31.5,77.0,0.12090617418289185
2006-09-06,31.5,77.25,0.16713131964206696
2006-09-06,31.5,77.5,0.17139208316802979
2006-09-06,31.75,76.5,0.0
2006-09-06,31.75,76.75,0.0
2006-09-06,31.75,77.0,0.2698589563369751
2006-09-06,31.75,77.25,0.18349206447601318
2006-09-06,31.75,77.5,0.14089825749397278
2006-09-06,32.0,76.5,0.0
2006-09-06,32.0,76.75,0.10592303425073624
2006-09-06,32.0,77.0,0.18184633553028107
2006-09-06,32.0,77.25,0.12335898727178574
2006-09-06,32.0,77.5,0.10266692191362381
2006-09-07,31.5,76.5,0.2969343662261963
2006-09-07,31.5,76.75,0.6167193651199341
2006-09-07,31.5,77.0,1.8115397691726685
2006-09-07,31.5,77.25,2.2959516048431396
2006-09-07,31.5,77.5,2.4897704124450684
2006-09-07,31.75,76.5,0.10333874076604843
2006-09-07,31.75,76.75,1.4962700605392456
2006-09-07,31.75,77.0,3.464709997177124
2006-09-07,31.75,77.25,2.4472768306732178
2006-09-07,31.75,77.5,1.8459489345550537
2006-09-07,32.0,76.5,0.44385433197021484
2006-09-07,32.0,76.75,1.3950563669204712
2006-09-07,32.0,77.0,2.3173580169677734
2006-09-07,32.0,77.25,1.5844959020614624
2006-09-07,32.0,77.5,1.3243613243103027
2006-09-08,31.5,76.5,0.0
2006-09-08,31.5,76.75,0.0
2006-09-08,31.5,77.0,0.0
2006-09-08,31.5,77.25,0.0
2006-09-08,31.5,77.5,0.15940208733081818
2006-09-08,31.75,76.5,0.0
2006-09-08,31.75,76.75,0.0
2006-09-08,31.75,77.0,0.0
2006-09-08,31.75,77.25,0.0
2006-09-08,31.75,77.5,0.0
2006-09-08,32.0,76.5,0.0
2006-09-08,32.0,76.75,0.0
2006-09-08,32.0,77.0,0.0
2006-09-08,32.0,77.25,0.0
2006-09-08,32.0,77.5,0.0
2006-09-09,31.5,76.5,37.7807731628418
2006-09-09,31.5,76.75,44.168121337890625
2006-09-09,31.5,77.0,22.130111694335938
2006-09-09,31.5,77.25,14.22183609008789
2006-09-09,31.5,77.5,0.0
2006-09-09,31.75,76.5,35.920143127441406
2006-09-09,31.75,76.75,27.33190155029297
2006-09-09,31.75,77.0,3.458294153213501
2006-09-09,31.75,77.25,9.163354873657227
2006-09-09,31.75,77.5,4.599156379699707
2006-09-09,32.0,76.5,31.185779571533203
2006-09-09,32.0,76.75,4.024884223937988
2006-09-09,32.0,77.0,1.0788499116897583
2006-09-09,32.0,77.25,1.6977814435958862
2006-09-09,32.0,77.5,1.8334176540374756
2006-09-10,31.5,76.5,52.96565628051758
2006-09-10,31.5,76.75,78.12661743164062
2006-09-10,31.5,77.0,38.20383071899414
2006-09-10,31.5,77.25,24.1439266204834
2006-09-10,31.5,77.5,0.7764889597892761
2006-09-10,31.75,76.5,40.026397705078125
2006-09-10,31.75,76.75,43.416744232177734
2006-09-10,31.75,77.0,6.204600811004639
2006-09-10,31.75,77.25,16.84490966796875
2006-09-10,31.75,77.5,9.794568061828613
2006-09-10,32.0,76.5,28.99366569519043
2006-09-10,32.0,76.75,9.156641006469727
2006-09-10,32.0,77.0,3.313363790512085
2006-09-10,32.0,77.25,5.3115739822387695
2006-09-10,32.0,77.5,5.190921306610107
2006-09-11,31.5,76.5,32.60199737548828
2006-09-11,31.5,76.75,63.13299560546875
2006-09-11,31.5,77.0,31.572301864624023
2006-09-11,31.5,77.25,21.4024658203125
2006-09-11,31.5,77.5,2.342358112335205
2006-09-11,31.75,76.5,12.434776306152344
2006-09-11,31.75,76.75,31.55521583557129
2006-09-11,31.75,77.0,8.708236694335938
2006-09-11,31.75,77.25,16.067346572875977
2006-09-11,31.75,77.5,9.371026039123535
2006-09-11,32.0,76.5,18.150840759277344
2006-09-11,32.0,76.75,8.355381965637207
2006-09-11,32.0,77.0,4.763743877410889
2006-09-11,32.0,77.25,5.146455764770508
2006-09-11,32.0,77.5,5.370833873748779
2006-09-12,31.5,76.5,0.5398499369621277
2006-09-12,31.5,76.75,0.8894538283348083
2006-09-12,31.5,77.0,0.6216026544570923
2006-09-12,31.5,77.25,0.5469843745231628
2006-09-12,31.5,77.5,0.2856534421443939
2006-09-12,31.75,76.5,0.1866816133260727
2006-09-12,31.75,76.75,0.5831102728843689
2006-09-12,31.75,77.0,0.6353012919425964
2006-09-12,31.75,77.25,1.4556992053985596
2006-09-12,31.75,77.5,2.991337776184082
2006-09-12,32.0,76.5,0.16215288639068604
2006-09-12,32.0,76.75,3.540421962738037
2006-09-12,32.0,77.0,2.601799726486206
2006-09-12,32.0,77.25,3.9814159870147705
2006-09-12,32.0,77.5,3.3621881008148193
2006-09-13,31.5,76.5,0.0
2006-09-13,31.5,76.75,0.0
2006-09-13,31.5,77.0,0.0
2006-09-13,31.5,77.25,0.0
2006-09-13,31.5,77.5,0.4782062768936157
2006-09-13,31.75,76.5,0.0
2006-09-13,31.75,76.75,0.0
2006-09-13,31.75,77.0,0.0
2006-09-13,31.75,77.25,0.0
2006-09-13,31.75,77.5,0.0
2006-09-13,32.0,76.5,0.0
2006-09-13,32.0,76.75,0.0
2006-09-13,32.0,77.0,0.0
2006-09-13,32.0,77.25,0.0
2006-09-13,32.0,77.5,0.0
2006-09-14,31.5,76.5,0.0
2006-09-14,31.5,76.75,0.0
2006-09-14,31.5,77.0,0.0
2006-09-14,31.5,77.25,0.0
2006-09-14,31.5,77.5,2.188537836074829
2006-09-14,31.75,76.5,0.0
2006-09-14,31.75,76.75,0.0
2006-09-14,31.75,77.0,0.0
2006-09-14,31.75,77.25,0.0
2006-09-14,31.75,77.5,0.14148589968681335
2006-09-14,32.0,76.5,0.0
2006-09-14,32.0,76.75,0.17436303198337555
2006-09-14,32.0,77.0,0.12094330787658691
2006-09-14,32.0,77.25,0.1987377554178238
2006-09-14,32.0,77.5,0.16753308475017548
2006-09-15,31.5,76.5,0.0
2006-09-15,31.5,76.75,0.0
2006-09-15,31.5,77.0,3.3047683238983154
2006-09-15,31.5,77.25,4.56825590133667
2006-09-15,31.5,77.5,4.68471622467041
2006-09-15,31.75,76.5,0.0
2006-09-15,31.75,76.75,2.619734048843384
2006-09-15,31.75,77.0,7.3761444091796875
2006-09-15,31.75,77.25,5.015449523925781
2006-09-15,31.75,77.5,3.8512191772460938
2006-09-15,32.0,76.5,0.7941834926605225
2006-09-15,32.0,76.75,2.8952293395996094
2006-09-15,32.0,77.0,4.970466136932373
2006-09-15,32.0,77.25,3.371812105178833
2006-09-15,32.0,77.5,2.80622935295105
2006-09-16,31.5,76.5,0.0
2006-09-16,31.5,76.75,0.0
2006-09-16,31.5,77.0,0.0
2006-09-16,31.5,77.25,0.0
2006-09-16,31.5,77.5,0.0
2006-09-16,31.75,76.5,0.0
2006-09-16,31.75,76.75,0.0
2006-09-16,31.75,77.0,0.0
2006-09-16,31.75,77.25,0.0
2006-09-16,31.75,77.5,0.0
2006-09-16,32.0,76.5,0.0
2006-09-16,32.0,76.75,0.0
2006-09-16,32.0,77.0,0.0
2006-09-16,32.0,77.25,0.0
2006-09-16,32.0,77.5,0.0
2006-09-17,31.5,76.5,0.0
2006-09-17,31.5,76.75,0.0
2006-09-17,31.5,77.0,0.0
2006-09-17,31.5,77.25,0.0
2006-09-17,31.5,77.5,0.0
2006-09-17,31.75,76.5,0.0
2006-09-17,31.75,76.75,0.0
2006-09-17,31.75,77.0,0.20596544444561005
2006-09-17,31.75,77.25,1.7170615196228027
2006-09-17,31.75,77.5,4.739777088165283
2006-09-17,32.0,76.5,0.0
2006-09-17,32.0,76.75,5.841161251068115
2006-09-17,32.0,77.0,4.051600456237793
2006-09-17,32.0,77.25,6.65771484375
2006-09-17,32.0,77.5,5.612358570098877
2006-09-18,31.5,76.5,0.0
2006-09-18,31.5,76.75,0.0
2006-09-18,31.5,77.0,0.0
2006-09-18,31.5,77.25,0.0
2006-09-18,31.5,77.5,0.0
2006-09-18,31.75,76.5,0.0
2006-09-18,31.75,76.75,0.0
2006-09-18,31.75,77.0,0.0
2006-09-18,31.75,77.25,0.0
2006-09-18,31.75,77.5,0.0
2006-09-18,32.0,76.5,0.0
2006-09-18,32.0,76.75,0.0
2006-09-18,32.0,77.0,0.0
2006-09-18,32.0,77.25,0.0
2006-09-18,32.0,77.5,0.0
2006-09-19,31.5,76.5,13.99526309967041
2006-09-19,31.5,76.75,17.574766159057617
2006-09-19,31.5,77.0,20.335372924804688
2006-09-19,31.5,77.25,21.683921813964844
2006-09-19,31.5,77.5,17.233627319335938
2006-09-19,31.75,76.5,8.838485717773438
2006-09-19,31.75,76.75,19.418943405151367
2006-09-19,31.75,77.0,28.283966064453125
2006-09-19,31.75,77.25,24.687496185302734
2006-09-19,31.75,77.5,22.46750259399414
2006-09-19,32.0,76.5,9.483449935913086
2006-09-19,32.0,76.75,20.987972259521484
2006-09-19,32.0,77.0,24.207691192626953
2006-09-19,32.0,77.25,21.356447219848633
2006-09-19,32.0,77.5,21.095172882080078
2006-09-20,31.5,76.5,1.1640149354934692
2006-09-20,31.5,76.75,1.4645887613296509
2006-09-20,31.5,77.0,5.731535911560059
2006-09-20,31.5,77.25,7.437076568603516
2006-09-20,31.5,77.5,7.198467254638672
2006-09-20,31.75,76.5,0.9883139133453369
2006-09-20,31.75,76.75,5.280329704284668
2006-09-20,31.75,77.0,11.702516555786133
2006-09-20,31.75,77.25,9.994935989379883
2006-09-20,31.75,77.5,10.023520469665527
2006-09-20,32.0,76.5,6.568946838378906
2006-09-20,32.0,76.75,10.063811302185059
2006-09-20,32.0,77.0,11.147433280944824
2006-09-20,32.0,77.25,9.806727409362793
2006-09-20,32.0,77.5,11.287351608276367
2006-09-21,31.5,76.5,0.0
2006-09-21,31.5,76.75,0.0
2006-09-21,31.5,77.0,3.868997573852539
2006-09-21,31.5,77.25,5.348202228546143
2006-09-21,31.5,77.5,5.817327499389648
2006-09-21,31.75,76.5,0.0
2006-09-21,31.75,76.75,3.1589739322662354
2006-09-21,31.75,77.0,8.707736015319824
2006-09-21,31.75,77.25,6.448476791381836
2006-09-21,31.75,77.5,5.859982967376709
2006-09-21,32.0,76.5,0.9297758340835571
2006-09-21,32.0,76.75,5.148343086242676
2006-09-21,32.0,77.0,6.987976551055908
2006-09-21,32.0,77.25,5.692498683929443
2006-09-21,32.0,77.5,5.228818893432617
2006-09-22,31.5,76.5,0.3464233875274658
2006-09-22,31.5,76.75,0.6891331672668457
2006-09-22,31.5,77.0,0.326738566160202
2006-09-22,31.5,77.25,0.20878058671951294
2006-09-22,31.5,77.5,0.0
2006-09-22,31.75,76.5,0.1205618679523468
2006-09-22,31.75,76.75,0.3292880952358246
2006-09-22,31.75,77.0,0.0
2006-09-22,31.75,77.25,0.1435513198375702
2006-09-22,31.75,77.5,0.0
2006-09-22,32.0,76.5,0.0
2006-09-22,32.0,76.75,0.0
2006-09-22,32.0,77.0,0.0
2006-09-22,32.0,77.25,0.0
2006-09-22,32.0,77.5,0.0
2006-09-23,31.5,76.5,1.7816059589385986
2006-09-23,31.5,76.75,3.6174190044403076
2006-09-23,31.5,77.0,5.992689609527588
2006-09-23,31.5,77.25,7.034746170043945
2006-09-23,31.5,77.5,6.112983703613281
2006-09-23,31.75,76.5,0.6200324296951294
2006-09-23,31.75,76.75,5.111915588378906
2006-09-23,31.75,77.0,9.903947830200195
2006-09-23,31.75,77.25,7.282814025878906
2006-09-23,31.75,77.5,5.392796993255615
2006-09-23,32.0,76.5,1.4912208318710327
2006-09-23,32.0,76.75,4.098108768463135
2006-09-23,32.0,77.0,6.569680213928223
2006-09-23,32.0,77.25,4.531497001647949
2006-09-23,32.0,77.5,3.8052682876586914
2006-09-24,31.5,76.5,0.0
2006-09-24,31.5,76.75,0.0
2006-09-24,31.5,77.0,0.0
2006-09-24,31.5,77.25,0.0
2006-09-24,31.5,77.5,0.0
2006-09-24,31.75,76.5,0.0
2006-09-24,31.75,76.75,0.0
2006-09-24,31.75,77.0,0.0
2006-09-24,31.75,77.25,0.0
2006-09-24,31.75,77.5,0.0
2006-09-24,32.0,76.5,0.0
2006-09-24,32.0,76.75,0.0
2006-09-24,32.0,77.0,0.0
2006-09-24,32.0,77.25,0.0
2006-09-24,32.0,77.5,0.0
2006-09-25,31.5,76.5,0.0
2006-09-25,31.5,76.75,0.0
2006-09-25,31.5,77.0,0.0
2006-09-25,31.5,77.25,0.0
2006-09-25,31.5,77.5,0.0
2006-09-25,31.75,76.5,0.0
2006-09-25,31.75,76.75,0.0
2006-09-25,31.75,77.0,0.0
2006-09-25,31.75,77.25,0.0
2006-09-25,31.75,77.5,0.0
2006-09-25,32.0,76.5,0.0
2006-09-25,32.0,76.75,0.0
2006-09-25,32.0,77.0,0.0
2006-09-25,32.0,77.25,0.0
2006-09-25,32.0,77.5,0.0
2006-09-26,31.5,76.5,0.0
2006-09-26,31.5,76.75,0.0
2006-09-26,31.5,77.0,0.0
2006-09-26,31.5,77.25,0.0
2006-09-26,31.5,77.5,0.0
2006-09-26,31.75,76.5,0.0
2006-09-26,31.75,76.75,0.0
2006-09-26,31.75,77.0,0.0
2006-09-26,31.75,77.25,0.0
2006-09-26,31.75,77.5,0.0
2006-09-26,32.0,76.5,0.0
2006-09-26,32.0,76.75,0.0
2006-09-26,32.0,77.0,0.0
2006-09-26,32.0,77.25,0.0
2006-09-26,32.0,77.5,0.0
2006-09-27,31.5,76.5,0.0
2006-09-27,31.5,76.75,0.0
2006-09-27,31.5,77.0,0.0
2006-09-27,31.5,77.25,0.0
2006-09-27,31.5,77.5,0.0
2006-09-27,31.75,76.5,0.0
2006-09-27,31.75,76.75,0.0
2006-09-27,31.75,77.0,0.0
2006-09-27,31.75,77.25,0.0
2006-09-27,31.75,77.5,0.0
2006-09-27,32.0,76.5,0.0
2006-09-27,32.0,76.75,0.11624201387166977
2006-09-27,32.0,77.0,0.0
2006-09-27,32.0,77.25,0.1324918419122696
2006-09-27,32.0,77.5,0.11168872565031052
2006-09-28,31.5,76.5,0.0
2006-09-28,31.5,76.75,0.0
2006-09-28,31.5,77.0,0.0
2006-09-28,31.5,77.25,0.0
2006-09-28,31.5,77.5,0.0
2006-09-28,31.75,76.5,0.0
2006-09-28,31.75,76.75,0.0
2006-09-28,31.75,77.0,0.0
2006-09-28,31.75,77.25,0.27336302399635315
2006-09-28,31.75,77.5,0.7545914053916931
2006-09-28,32.0,76.5,0.0
2006-09-28,32.0,76.75,0.9299361109733582
2006-09-28,32.0,77.0,0.6450309157371521
2006-09-28,32.0,77.25,1.0599347352981567
2006-09-28,32.0,77.5,0.8935098052024841
2006-09-29,31.5,76.5,0.0
2006-09-29,31.5,76.75,0.0
2006-09-29,31.5,77.0,0.0
2006-09-29,31.5,77.25,0.0
2006-09-29,31.5,77.5,0.0
2006-09-29,31.75,76.5,0.0
2006-09-29,31.75,76.75,0.0
2006-09-29,31.75,77.0,0.0
2006-09-29,31.75,77.25,0.0
2006-09-29,31.75,77.5,0.0
2006-09-29,32.0,76.5,0.0
2006-09-29,32.0,76.75,0.0
2006-09-29,32.0,77.0,0.0
2006-09-29,32.0,77.25,0.0
2006-09-29,32.0,77.5,0.0
2006-09-30,31.5,76.5,0.0
2006-09-30,31.5,76.75,0.0
2006-09-30,31.5,77.0,0.0
2006-09-30,31.5,77.25,0.0
2006-09-30,31.5,77.5,0.0
2006-09-30,31.75,76.5,0.0
2006-09-30,31.75,76.75,0.0
2006-09-30,31.75,77.0,0.0
2006-09-30,31.75,77.25,0.0
2006-09-30,31.75,77.5,0.0
2006-09-30,32.0,76.5,0.0
2006-09-30,32.0,76.75,0.0
2006-09-30,32.0,77.0,0.0
2006-09-30,32.0,77.25,0.0
2006-09-30,32.0,77.5,0.0
2006-10-01,31.5,76.5,0.0
2006-10-01,31.5,76.75,0.0
2006-10-01,31.5,77.0,0.0
2006-10-01,31.5,77.25,0.0
2006-10-01,31.5,77.5,0.0
2006-10-01,31.75,76.5,0.0
2006-10-01,31.75,76.75,0.0
2006-10-01,31.75,77.0,0.0
2006-10-01,31.75,77.25,0.0
2006-10-01,31.75,77.5,0.0
2006-10-01,32.0,76.5,0.0
2006-10-01,32.0,76.75,0.0
2006-10-01,32.0,77.0,0.0
2006-10-01,32.0,77.25,0.0
2006-10-01,32.0,77.5,0.0
2006-10-02,31.5,76.5,0.0
2006-10-02,31.5,76.75,0.0
2006-10-02,31.5,77.0,0.0
2006-10-02,31.5,77.25,0.0
2006-10-02,31.5,77.5,0.0
2006-10-02,31.75,76.5,0.0
2006-10-02,31.75,76.75,0.0
2006-10-02,31.75,77.0,0.0
2006-10-02,31.75,77.25,0.0
2006-10-02,31.75,77.5,0.0
2006-10-02,32.0,76.5,0.0
2006-10-02,32.0,76.75,0.0
2006-10-02,32.0,77.0,0.0
2006-10-02,32.0,77.25,0.0
2006-10-02,32.0,77.5,0.0
2006-10-03,31.5,76.5,0.0
2006-10-03,31.5,76.75,0.0
2006-10-03,31.5,77.0,0.0
2006-10-03,31.5,77.25,0.0
2006-10-03,31.5,77.5,0.0
2006-10-03,31.75,76.5,0.0
2006-10-03,31.75,76.75,0.0
2006-10-03,31.75,77.0,0.0
2006-10-03,31.75,77.25,0.0
2006-10-03,31.75,77.5,0.0
2006-10-03,32.0,76.5,0.0
2006-10-03,32.0,76.75,0.0
2006-10-03,32.0,77.0,0.0
2006-10-03,32.0,77.25,0.0
2006-10-03,32.0,77.5,0.0
2006-10-04,31.5,76.5,0.0
2006-10-04,31.5,76.75,0.0
2006-10-04,31.5,77.0,0.0
2006-10-04,31.5,77.25,0.0
2006-10-04,31.5,77.5,0.0
2006-10-04,31.75,76.5,0.0
2006-10-04,31.75,76.75,0.0
2006-10-04,31.75,77.0,0.0
2006-10-04,31.75,77.25,0.0
2006-10-04,31.75,77.5,0.0
2006-10-04,32.0,76.5,0.0
2006-10-04,32.0,76.75,0.0
2006-10-04,32.0,77.0,0.0
2006-10-04,32.0,77.25,0.0
2006-10-04,32.0,77.5,0.0
2006-10-05,31.5,76.5,0.0
2006-10-05,31.5,76.75,0.0
2006-10-05,31.5,77.0,0.0
2006-10-05,31.5,77.25,0.0
2006-10-05,31.5,77.5,0.0
2006-10-05,31.75,76.5,0.0
2006-10-05,31.75,76.75,0.0
2006-10-05,31.75,77.0,0.0
2006-10-05,31.75,77.25,0.0
2006-10-05,31.75,77.5,0.0
2006-10-05,32.0,76.5,0.0
2006-10-05,32.0,76.75,0.0
2006-10-05,32.0,77.0,0.0
2006-10-05,32.0,77.25,0.0
2006-10-05,32.0,77.5,0.0
2006-10-06,31.5,76.5,0.0
2006-10-06,31.5,76.75,0.0
2006-10-06,31.5,77.0,0.0
2006-10-06,31.5,77.25,0.0
2006-10-06,31.5,77.5,0.0
2006-10-06,31.75,76.5,0.0
2006-10-06,31.75,76.75,0.0
2006-10-06,31.75,77.0,0.0
2006-10-06,31.75,77.25,0.0
2006-10-06,31.75,77.5,0.0
2006-10-06,32.0,76.5,0.0
2006-10-06,32.0,76.75,0.0
2006-10-06,32.0,77.0,0.0
2006-10-06,32.0,77.25,0.0
2006-10-06,32.0,77.5,0.0
2006-10-07,31.5,76.5,0.0
2006-10-07,31.5,76.75,0.0
2006-10-07,31.5,77.0,0.0
2006-10-07,31.5,77.25,0.0
2006-10-07,31.5,77.5,0.0
2006-10-07,31.75,76.5,0.0
2006-10-07,31.75,76.75,0.0
2006-10-07,31.75,77.0,0.0
2006-10-07,31.75,77.25,0.0
2006-10-07,31.75,77.5,0.0
2006-10-07,32.0,76.5,0.0
2006-10-07,32.0,76.75,0.0
2006-10-07,32.0,77.0,0.0
2006-10-07,32.0,77.25,0.0
2006-10-07,32.0,77.5,0.0
2006-10-08,31.5,76.5,0.0
2006-10-08,31.5,76.75,0.0
2006-10-08,31.5,77.0,0.0
2006-10-08,31.5,77.25,0.0
2006-10-08,31.5,77.5,0.0
2006-10-08,31.75,76.5,0.0
2006-10-08,31.75,76.75,0.0
2006-10-08,31.75,77.0,0.0
2006-10-08,31.75,77.25,0.0
2006-10-08,31.75,77.5,0.0
2006-10-08,32.0,76.5,0.0
2006-10-08,32.0,76.75,0.0
2006-10-08,32.0,77.0,0.0
2006-10-08,32.0,77.25,0.0
2006-10-08,32.0,77.5,0.0
2006-10-09,31.5,76.5,0.0
2006-10-09,31.5,76.75,0.0
2006-10-09,31.5,77.0,0.0
2006-10-09,31.5,77.25,0.0
2006-10-09,31.5,77.5,0.0
2006-10-09,31.75,76.5,0.0
2006-10-09,31.75,76.75,0.0
2006-10-09,31.75,77.0,0.0
2006-10-09,31.75,77.25,0.0
2006-10-09,31.75,77.5,0.0
2006-10-09,32.0,76.5,0.0
2006-10-09,32.0,76.75,0.0
2006-10-09,32.0,77.0,0.0
2006-10-09,32.0,77.25,0.0
2006-10-09,32.0,77.5,0.0
2006-10-10,31.5,76.5,0.0
2006-10-10,31.5,76.75,0.0
2006-10-10,31.5,77.0,0.0
2006-10-10,31.5,77.25,0.0
2006-10-10,31.5,77.5,0.0
2006-10-10,31.75,76.5,0.0
2006-10-10,31.75,76.75,0.0
2006-10-10,31.75,77.0,0.0
2006-10-10,31.75,77.25,0.0
2006-10-10,31.75,77.5,0.0
2006-10-10,32.0,76.5,0.0
2006-10-10,32.0,76.75,0.0
2006-10-10,32.0,77.0,0.0
2006-10-10,32.0,77.25,0.0
2006-10-10,32.0,77.5,0.0
2006-10-11,31.5,76.5,0.0
2006-10-11,31.5,76.75,0.0
2006-10-11,31.5,77.0,0.0
2006-10-11,31.5,77.25,0.0
2006-10-11,31.5,77.5,0.0
2006-10-11,31.75,76.5,0.0
2006-10-11,31.75,76.75,0.0
2006-10-11,31.75,77.0,0.0
2006-10-11,31.75,77.25,0.0
2006-10-11,31.75,77.5,0.0
2006-10-11,32.0,76.5,0.0
2006-10-11,32.0,76.75,0.0
2006-10-11,32.0,77.0,0.0
2006-10-11,32.0,77.25,0.0
2006-10-11,32.0,77.5,0.0
2006-10-12,31.5,76.5,0.0
2006-10-12,31.5,76.75,0.0
2006-10-12,31.5,77.0,0.0
2006-10-12,31.5,77.25,0.0
2006-10-12,31.5,77.5,0.0
2006-10-12,31.75,76.5,0.0
2006-10-12,31.75,76.75,0.0
2006-10-12,31.75,77.0,0.0
2006-10-12,31.75,77.25,0.0
2006-10-12,31.75,77.5,0.0
2006-10-12,32.0,76.5,0.0
2006-10-12,32.0,76.75,0.0
2006-10-12,32.0,77.0,0.0
2006-10-12,32.0,77.25,0.0
2006-10-12,32.0,77.5,0.0
2006-10-13,31.5,76.5,0.1321592777967453
2006-10-13,31.5,76.75,0.3861157298088074
2006-10-13,31.5,77.0,0.12933044135570526
2006-10-13,31.5,77.25,0.10682584345340729
2006-10-13,31.5,77.5,0.0
2006-10-13,31.75,76.5,0.0
2006-10-13,31.75,76.75,0.0
2006-10-13,31.75,77.0,0.0
2006-10-13,31.75,77.25,0.0
2006-10-13,31.75,77.5,0.0
2006-10-13,32.0,76.5,0.0
2006-10-13,32.0,76.75,0.0
2006-10-13,32.0,77.0,0.0
2006-10-13,32.0,77.25,0.0
2006-10-13,32.0,77.5,0.0
2006-10-14,31.5,76.5,1.4609493017196655
2006-10-14,31.5,76.75,2.0018367767333984
2006-10-14,31.5,77.0,2.868037700653076
2006-10-14,31.5,77.25,3.2706172466278076
2006-10-14,31.5,77.5,2.7422733306884766
2006-10-14,31.75,76.5,1.0916526317596436
2006-10-14,31.75,76.75,2.595961332321167
2006-10-14,31.75,77.0,4.637637138366699
2006-10-14,31.75,77.25,4.6869330406188965
2006-10-14,31.75,77.5,5.228927135467529
2006-10-14,32.0,76.5,5.889322280883789
2006-10-14,32.0,76.75,6.165552616119385
2006-10-14,32.0,77.0,5.021846294403076
2006-10-14,32.0,77.25,5.26273775100708
2006-10-14,32.0,77.5,5.294154167175293
2006-10-15,31.5,76.5,0.0
2006-10-15,31.5,76.75,0.0
2006-10-15,31.5,77.0,0.4402622878551483
2006-10-15,31.5,77.25,0.4862665832042694
2006-10-15,31.5,77.5,0.7489139437675476
2006-10-15,31.75,76.5,0.0
2006-10-15,31.75,76.75,0.10990190505981445
2006-10-15,31.75,77.0,1.0015708208084106
2006-10-15,31.75,77.25,0.6286258101463318
2006-10-15,31.75,77.5,1.4669533967971802
2006-10-15,32.0,76.5,0.0
2006-10-15,32.0,76.75,1.005104660987854
2006-10-15,32.0,77.0,1.8756847381591797
2006-10-15,32.0,77.25,1.795174241065979
2006-10-15,32.0,77.5,2.0098230838775635
2006-10-16,31.5,76.5,0.0
2006-10-16,31.5,76.75,0.0
2006-10-16,31.5,77.0,0.0
2006-10-16,31.5,77.25,0.0
2006-10-16,31.5,77.5,0.0
2006-10-16,31.75,76.5,0.0
2006-10-16,31.75,76.75,0.0
2006-10-16,31.75,77.0,0.0
2006-10-16,31.75,77.25,0.0
2006-10-16,31.75,77.5,0.0
2006-10-16,32.0,76.5,0.0
2006-10-16,32.0,76.75,0.0
2006-10-16,32.0,77.0,0.0
2006-10-16,32.0,77.25,0.0
2006-10-16,32.0,77.5,0.0
2006-10-17,31.5,76.5,0.0
2006-10-17,31.5,76.75,0.0
2006-10-17,31.5,77.0,0.0
2006-10-17,31.5,77.25,0.0
2006-10-17,31.5,77.5,0.0
2006-10-17,31.75,76.5,0.0
2006-10-17,31.75,76.75,0.0
2006-10-17,31.75,77.0,0.0
2006-10-17,31.75,77.25,0.0
2006-10-17,31.75,77.5,0.0
2006-10-17,32.0,76.5,0.0
2006-10-17,32.0,76.75,0.0
2006-10-17,32.0,77.0,0.0
2006-10-17,32.0,77.25,0.0
2006-10-17,32.0,77.5,0.0
2006-10-18,31.5,76.5,0.0
2006-10-18,31.5,76.75,0.0
2006-10-18,31.5,77.0,0.0
2006-10-18,31.5,77.25,0.0
2006-10-18,31.5,77.5,0.0
2006-10-18,31.75,76.5,0.0
2006-10-18,31.75,76.75,0.0
2006-10-18,31.75,77.0,0.0
2006-10-18,31.75,77.25,0.0
2006-10-18,31.75,77.5,0.0
2006-10-18,32.0,76.5,0.0
2006-10-18,32.0,76.75,0.0
2006-10-18,32.0,77.0,0.0
2006-10-18,32.0,77.25,0.0
2006-10-18,32.0,77.5,0.0
2006-10-19,31.5,76.5,8.343494415283203
2006-10-19,31.5,76.75,0.16281014680862427
2006-10-19,31.5,77.0,0.8201234340667725
2006-10-19,31.5,77.25,0.0
2006-10-19,31.5,77.5,0.4782062768936157
2006-10-19,31.75,76.5,16.4182186126709
2006-10-19,31.75,76.75,3.9697153568267822
2006-10-19,31.75,77.0,0.0
2006-10-19,31.75,77.25,0.0
2006-10-19,31.75,77.5,0.0
2006-10-19,32.0,76.5,9.504097938537598
2006-10-19,32.0,76.75,0.0
2006-10-19,32.0,77.0,0.0
2006-10-19,32.0,77.25,0.0
2006-10-19,32.0,77.5,0.0
2006-10-20,31.5,76.5,7.539901256561279
2006-10-20,31.5,76.75,11.419920921325684
2006-10-20,31.5,77.0,5.414525032043457
2006-10-20,31.5,77.25,3.4597930908203125
2006-10-20,31.5,77.5,0.921914279460907
2006-10-20,31.75,76.5,3.5046517848968506
2006-10-20,31.75,76.75,5.456774711608887
2006-10-20,31.75,77.0,0.9225019216537476
2006-10-20,31.75,77.25,2.5753304958343506
2006-10-20,31.75,77.5,0.41079941391944885
2006-10-20,32.0,76.5,9.395767211914062
2006-10-20,32.0,76.75,1.700105905532837
2006-10-20,32.0,77.0,0.18770825862884521
2006-10-20,32.0,77.25,0.43303054571151733
2006-10-20,32.0,77.5,0.5826661586761475
2006-10-21,31.5,76.5,3.196608304977417
2006-10-21,31.5,76.75,3.908539295196533
2006-10-21,31.5,77.0,4.762388229370117
2006-10-21,31.5,77.25,5.097653388977051
2006-10-21,31.5,77.5,5.70206880569458
2006-10-21,31.75,76.5,3.114781618118286
2006-10-21,31.75,76.75,4.324756622314453
2006-10-21,31.75,77.0,5.961509704589844
2006-10-21,31.75,77.25,5.965947151184082
2006-10-21,31.75,77.5,6.2020583152771
2006-10-21,32.0,76.5,3.7932260036468506
2006-10-21,32.0,76.75,7.3828020095825195
2006-10-21,32.0,77.0,6.0161824226379395
2006-10-21,32.0,77.25,6.185229778289795
2006-10-21,32.0,77.5,6.19130277633667
2006-10-22,31.5,76.5,0.0
2006-10-22,31.5,76.75,0.0
2006-10-22,31.5,77.0,0.0
2006-10-22,31.5,77.25,0.0
2006-10-22,31.5,77.5,0.31880417466163635
2006-10-22,31.75,76.5,0.0
2006-10-22,31.75,76.75,0.0
2006-10-22,31.75,77.0,0.0
2006-10-22,31.75,77.25,0.0
2006-10-22,31.75,77.5,0.0
2006-10-22,32.0,76.5,0.6895610094070435
2006-10-22,32.0,76.75,0.0
2006-10-22,32.0,77.0,0.0
2006-10-22,32.0,77.25,0.0
2006-10-22,32.0,77.5,0.0
2006-10-23,31.5,76.5,1.583649754524231
2006-10-23,31.5,76.75,3.1528682708740234
2006-10-23,31.5,77.0,1.67952561378479
2006-10-23,31.5,77.25,1.1022348403930664
2006-10-23,31.5,77.5,0.0
2006-10-23,31.75,76.5,0.5511399507522583
2006-10-23,31.75,76.75,1.505316972732544
2006-10-23,31.75,77.0,0.2510558068752289
2006-10-23,31.75,77.25,0.6818624138832092
2006-10-23,31.75,77.5,0.0
2006-10-23,32.0,76.5,0.40436291694641113
2006-10-23,32.0,76.75,0.37179234623908997
2006-10-23,32.0,77.0,0.0
2006-10-23,32.0,77.25,0.0
2006-10-23,32.0,77.5,0.0
2006-10-24,31.5,76.5,0.0
2006-10-24,31.5,76.75,0.0
2006-10-24,31.5,77.0,0.0
2006-10-24,31.5,77.25,0.0
2006-10-24,31.5,77.5,0.0
2006-10-24,31.75,76.5,0.0
2006-10-24,31.75,76.75,0.0
2006-10-24,31.75,77.0,0.0
2006-10-24,31.75,77.25,0.0
2006-10-24,31.75,77.5,0.0
2006-10-24,32.0,76.5,0.0
2006-10-24,32.0,76.75,0.0
2006-10-24,32.0,77.0,0.0
2006-10-24,32.0,77.25,0.0
2006-10-24,32.0,77.5,0.0
2006-10-25,31.5,76.5,0.0
2006-10-25,31.5,76.75,0.0
2006-10-25,31.5,77.0,0.0
2006-10-25,31.5,77.25,0.0
2006-10-25,31.5,77.5,0.0
2006-10-25,31.75,76.5,0.0
2006-10-25,31.75,76.75,0.0
2006-10-25,31.75,77.0,0.0
2006-10-25,31.75,77.25,0.0
2006-10-25,31.75,77.5,0.0
2006-10-25,32.0,76.5,0.0
2006-10-25,32.0,76.75,0.0
2006-10-25,32.0,77.0,0.0
2006-10-25,32.0,77.25,0.0
2006-10-25,32.0,77.5,0.0
2006-10-26,31.5,76.5,0.0
2006-10-26,31.5,76.75,0.0
2006-10-26,31.5,77.0,0.0
2006-10-26,31.5,77.25,0.0
2006-10-26,31.5,77.5,0.0
2006-10-26,31.75,76.5,0.0
2006-10-26,31.75,76.75,0.0
2006-10-26,31.75,77.0,0.0
2006-10-26,31.75,77.25,0.0
2006-10-26,31.75,77.5,0.0
2006-10-26,32.0,76.5,0.0
2006-10-26,32.0,76.75,0.0
2006-10-26,32.0,77.0,0.0
2006-10-26,32.0,77.25,0.0
2006-10-26,32.0,77.5,0.0
2006-10-27,31.5,76.5,0.0
2006-10-27,31.5,76.75,0.0
2006-10-27,31.5,77.0,0.0
2006-10-27,31.5,77.25,0.0
2006-10-27,31.5,77.5,0.0
2006-10-27,31.75,76.5,0.0
2006-10-27,31.75,76.75,0.0
2006-10-27,31.75,77.0,0.0
2006-10-27,31.75,77.25,0.0
2006-10-27,31.75,77.5,0.0
2006-10-27,32.0,76.5,0.0
2006-10-27,32.0,76.75,0.0
2006-10-27,32.0,77.0,0.0
2006-10-27,32.0,77.25,0.0
2006-10-27,32.0,77.5,0.0
2006-10-28,31.5,76.5,0.0
2006-10-28,31.5,76.75,0.0
2006-10-28,31.5,77.0,0.0
2006-10-28,31.5,77.25,0.0
2006-10-28,31.5,77.5,0.0
2006-10-28,31.75,76.5,0.0
2006-10-28,31.75,76.75,0.0
2006-10-28,31.75,77.0,0.0
2006-10-28,31.75,77.25,0.0
2006-10-28,31.75,77.5,0.0
2006-10-28,32.0,76.5,0.0
2006-10-28,32.0,76.75,0.0
2006-10-28,32.0,77.0,0.0
2006-10-28,32.0,77.25,0.0
2006-10-28,32.0,77.5,0.0
2006-10-29,31.5,76.5,0.0
2006-10-29,31.5,76.75,0.0
2006-10-29,31.5,77.0,0.0
2006-10-29,31.5,77.25,0.0
2006-10-29,31.5,77.5,0.0
2006-10-29,31.75,76.5,0.0
2006-10-29,31.75,76.75,0.0
2006-10-29,31.75,77.0,0.0
2006-10-29,31.75,77.25,0.0
2006-10-29,31.75,77.5,0.0
2006-10-29,32.0,76.5,0.0
2006-10-29,32.0,76.75,0.0
2006-10-29,32.0,77.0,0.0
2006-10-29,32.0,77.25,0.0
2006-10-29,32.0,77.5,0.0
2006-10-30,31.5,76.5,0.0
2006-10-30,31.5,76.75,0.0
2006-10-30,31.5,77.0,0.0
2006-10-30,31.5,77.25,0.0
2006-10-30,31.5,77.5,0.0
2006-10-30,31.75,76.5,0.0
2006-10-30,31.75,76.75,0.0
2006-10-30,31.75,77.0,0.0
2006-10-30,31.75,77.25,0.0
2006-10-30,31.75,77.5,0.0
2006-10-30,32.0,76.5,0.0
2006-10-30,32.0,76.75,0.0
2006-10-30,32.0,77.0,0.0
2006-10-30,32.0,77.25,0.0
2006-10-30,32.0,77.5,0.0
2006-10-31,31.5,76.5,0.0
2006-10-31,31.5,76.75,0.0
2006-10-31,31.5,77.0,0.0
2006-10-31,31.5,77.25,0.0
2006-10-31,31.5,77.5,0.0
2006-10-31,31.75,76.5,0.0
2006-10-31,31.75,76.75,0.0
2006-10-31,31.75,77.0,0.0
2006-10-31,31.75,77.25,0.0
2006-10-31,31.75,77.5,0.0
2006-10-31,32.0,76.5,0.0
2006-10-31,32.0,76.75,0.0
2006-10-31,32.0,77.0,0.0
2006-10-31,32.0,77.25,0.0
2006-10-31,32.0,77.5,0.0
2006-11-01,31.5,76.5,0.0
2006-11-01,31.5,76.75,0.0
2006-11-01,31.5,77.0,0.0
2006-11-01,31.5,77.25,0.0
2006-11-01,31.5,77.5,0.0
2006-11-01,31.75,76.5,0.0
2006-11-01,31.75,76.75,0.0
2006-11-01,31.75,77.0,0.0
2006-11-01,31.75,77.25,0.0
2006-11-01,31.75,77.5,0.0
2006-11-01,32.0,76.5,0.0
2006-11-01,32.0,76.75,0.0
2006-11-01,32.0,77.0,0.0
2006-11-01,32.0,77.25,0.0
2006-11-01,32.0,77.5,0.0
2006-11-02,31.5,76.5,0.0
2006-11-02,31.5,76.75,0.0
2006-11-02,31.5,77.0,0.0
2006-11-02,31.5,77.25,0.0
2006-11-02,31.5,77.5,0.0
2006-11-02,31.75,76.5,0.0
2006-11-02,31.75,76.75,0.0
2006-11-02,31.75,77.0,0.0
2006-11-02,31.75,77.25,0.0
2006-11-02,31.75,77.5,0.0
2006-11-02,32.0,76.5,0.0
2006-11-02,32.0,76.75,0.0
2006-11-02,32.0,77.0,0.0
2006-11-02,32.0,77.25,0.0
2006-11-02,32.0,77.5,0.0
2006-11-03,31.5,76.5,0.0
2006-11-03,31.5,76.75,0.0
2006-11-03,31.5,77.0,0.0
2006-11-03,31.5,77.25,0.0
2006-11-03,31.5,77.5,0.0
2006-11-03,31.75,76.5,0.0
2006-11-03,31.75,76.75,0.0
2006-11-03,31.75,77.0,0.0
2006-11-03,31.75,77.25,0.0
2006-11-03,31.75,77.5,0.0
2006-11-03,32.0,76.5,0.0
2006-11-03,32.0,76.75,0.0
2006-11-03,32.0,77.0,0.0
2006-11-03,32.0,77.25,0.0
2006-11-03,32.0,77.5,0.0
2006-11-04,31.5,76.5,0.0
2006-11-04,31.5,76.75,0.0
2006-11-04,31.5,77.0,0.0
2006-11-04,31.5,77.25,0.0
2006-11-04,31.5,77.5,0.0
2006-11-04,31.75,76.5,0.0
2006-11-04,31.75,76.75,0.0
2006-11-04,31.75,77.0,0.0
2006-11-04,31.75,77.25,0.0
2006-11-04,31.75,77.5,0.0
2006-11-04,32.0,76.5,0.0
2006-11-04,32.0,76.75,0.0
2006-11-04,32.0,77.0,0.0
2006-11-04,32.0,77.25,0.0
2006-11-04,32.0,77.5,0.0
2006-11-05,31.5,76.5,0.0
2006-11-05,31.5,76.75,0.0
2006-11-05,31.5,77.0,0.0
2006-11-05,31.5,77.25,0.0
2006-11-05,31.5,77.5,0.0
2006-11-05,31.75,76.5,0.0
2006-11-05,31.75,76.75,0.0
2006-11-05,31.75,77.0,0.0
2006-11-05,31.75,77.25,0.0
2006-11-05,31.75,77.5,0.0
2006-11-05,32.0,76.5,0.0
2006-11-05,32.0,76.75,0.0
2006-11-05,32.0,77.0,0.0
2006-11-05,32.0,77.25,0.0
2006-11-05,32.0,77.5,0.0
2006-11-06,31.5,76.5,0.0
2006-11-06,31.5,76.75,0.0
2006-11-06,31.5,77.0,0.0
2006-11-06,31.5,77.25,0.0
2006-11-06,31.5,77.5,0.0
2006-11-06,31.75,76.5,0.0
2006-11-06,31.75,76.75,0.0
2006-11-06,31.75,77.0,0.0
2006-11-06,31.75,77.25,0.0
2006-11-06,31.75,77.5,1.1587876081466675
2006-11-06,32.0,76.5,0.0
2006-11-06,32.0,76.75,0.0
2006-11-06,32.0,77.0,0.42901885509490967
2006-11-06,32.0,77.25,1.1890997886657715
2006-11-06,32.0,77.5,1.9096065759658813
2006-11-07,31.5,76.5,0.0
2006-11-07,31.5,76.75,0.0
2006-11-07,31.5,77.0,0.0
2006-11-07,31.5,77.25,0.0
2006-11-07,31.5,77.5,0.0
2006-11-07,31.75,76.5,0.0
2006-11-07,31.75,76.75,0.0
2006-11-07,31.75,77.0,0.0
2006-11-07,31.75,77.25,0.0
2006-11-07,31.75,77.5,0.0
2006-11-07,32.0,76.5,0.0
2006-11-07,32.0,76.75,0.0
2006-11-07,32.0,77.0,0.0
2006-11-07,32.0,77.25,0.0
2006-11-07,32.0,77.5,0.0
2006-11-08,31.5,76.5,0.0
2006-11-08,31.5,76.75,0.0
2006-11-08,31.5,77.0,0.0
2006-11-08,31.5,77.25,0.0
2006-11-08,31.5,77.5,0.0
2006-11-08,31.75,76.5,0.0
2006-11-08,31.75,76.75,0.0
2006-11-08,31.75,77.0,0.0
2006-11-08,31.75,77.25,0.0
2006-11-08,31.75,77.5,0.0
2006-11-08,32.0,76.5,0.0
2006-11-08,32.0,76.75,0.0
2006-11-08,32.0,77.0,0.0
2006-11-08,32.0,77.25,0.0
2006-11-08,32.0,77.5,0.0
2006-11-09,31.5,76.5,0.0
2006-11-09,31.5,76.75,0.0
2006-11-09,31.5,77.0,0.0
2006-11-09,31.5,77.25,0.0
2006-11-09,31.5,77.5,0.0
2006-11-09,31.75,76.5,0.0
2006-11-09,31.75,76.75,0.0
2006-11-09,31.75,77.0,0.0
2006-11-09,31.75,77.25,0.0
2006-11-09,31.75,77.5,0.0
2006-11-09,32.0,76.5,0.0
2006-11-09,32.0,76.75,0.0
2006-11-09,32.0,77.0,0.0
2006-11-09,32.0,77.25,0.0
2006-11-09,32.0,77.5,0.0
2006-11-10,31.5,76.5,0.0
2006-11-10,31.5,76.75,0.0
2006-11-10,31.5,77.0,0.0
2006-11-10,31.5,77.25,0.0
2006-11-10,31.5,77.5,0.0
2006-11-10,31.75,76.5,0.0
2006-11-10,31.75,76.75,0.0
2006-11-10,31.75,77.0,0.0
2006-11-10,31.75,77.25,0.0
2006-11-10,31.75,77.5,0.0
2006-11-10,32.0,76.5,0.0
2006-11-10,32.0,76.75,0.0
2006-11-10,32.0,77.0,0.0
2006-11-10,32.0,77.25,0.0
2006-11-10,32.0,77.5,0.0
2006-11-11,31.5,76.5,0.0
2006-11-11,31.5,76.75,0.0
2006-11-11,31.5,77.0,0.0
2006-11-11,31.5,77.25,0.0
2006-11-11,31.5,77.5,0.0
2006-11-11,31.75,76.5,0.0
2006-11-11,31.75,76.75,0.0
2006-11-11,31.75,77.0,0.0
2006-11-11,31.75,77.25,0.0
2006-11-11,31.75,77.5,0.0
2006-11-11,32.0,76.5,0.0
2006-11-11,32.0,76.75,0.0
2006-11-11,32.0,77.0,0.0
2006-11-11,32.0,77.25,0.0
2006-11-11,32.0,77.5,0.0
2006-11-12,31.5,76.5,0.0
2006-11-12,31.5,76.75,0.0
2006-11-12,31.5,77.0,0.0
2006-11-12,31.5,77.25,0.0
2006-11-12,31.5,77.5,0.0
2006-11-12,31.75,76.5,0.0
2006-11-12,31.75,76.75,0.0
2006-11-12,31.75,77.0,0.0
2006-11-12,31.75,77.25,0.0
2006-11-12,31.75,77.5,0.0
2006-11-12,32.0,76.5,0.0
2006-11-12,32.0,76.75,0.0
2006-11-12,32.0,77.0,0.0
2006-11-12,32.0,77.25,0.0
2006-11-12,32.0,77.5,0.0
2006-11-13,31.5,76.5,0.0
2006-11-13,31.5,76.75,0.0
2006-11-13,31.5,77.0,0.0
2006-11-13,31.5,77.25,0.0
2006-11-13,31.5,77.5,0.0
2006-11-13,31.75,76.5,0.0
2006-11-13,31.75,76.75,0.0
2006-11-13,31.75,77.0,0.0
2006-11-13,31.75,77.25,0.0
2006-11-13,31.75,77.5,0.0
2006-11-13,32.0,76.5,0.0
2006-11-13,32.0,76.75,0.0
2006-11-13,32.0,77.0,0.0
2006-11-13,32.0,77.25,0.0
2006-11-13,32.0,77.5,0.0
2006-11-14,31.5,76.5,0.0
2006-11-14,31.5,76.75,0.0
2006-11-14,31.5,77.0,0.0
2006-11-14,31.5,77.25,0.0
2006-11-14,31.5,77.5,0.0
2006-11-14,31.75,76.5,0.0
2006-11-14,31.75,76.75,0.0
2006-11-14,31.75,77.0,0.0
2006-11-14,31.75,77.25,0.0
2006-11-14,31.75,77.5,0.0
2006-11-14,32.0,76.5,0.0
2006-11-14,32.0,76.75,0.0
2006-11-14,32.0,77.0,0.0
2006-11-14,32.0,77.25,0.0
2006-11-14,32.0,77.5,0.0
2006-11-15,31.5,76.5,0.0
2006-11-15,31.5,76.75,0.0
2006-11-15,31.5,77.0,0.0
2006-11-15,31.5,77.25,0.0
2006-11-15,31.5,77.5,0.0
2006-11-15,31.75,76.5,0.0
2006-11-15,31.75,76.75,0.0
2006-11-15,31.75,77.0,0.0
2006-11-15,31.75,77.25,0.0
2006-11-15,31.75,77.5,0.0
2006-11-15,32.0,76.5,0.0
2006-11-15,32.0,76.75,0.0
2006-11-15,32.0,77.0,0.0
2006-11-15,32.0,77.25,0.0
2006-11-15,32.0,77.5,0.0
2006-11-16,31.5,76.5,0.0
2006-11-16,31.5,76.75,0.0
2006-11-16,31.5,77.0,0.0
2006-11-16,31.5,77.25,0.0
2006-11-16,31.5,77.5,0.0
2006-11-16,31.75,76.5,0.0
2006-11-16,31.75,76.75,0.0
2006-11-16,31.75,77.0,0.0
2006-11-16,31.75,77.25,0.0
2006-11-16,31.75,77.5,0.0
2006-11-16,32.0,76.5,0.0
2006-11-16,32.0,76.75,0.0
2006-11-16,32.0,77.0,0.0
2006-11-16,32.0,77.25,0.0
2006-11-16,32.0,77.5,0.0
2006-11-17,31.5,76.5,0.0
2006-11-17,31.5,76.75,0.0
2006-11-17,31.5,77.0,0.0
2006-11-17,31.5,77.25,0.0
2006-11-17,31.5,77.5,0.0
2006-11-17,31.75,76.5,0.0
2006-11-17,31.75,76.75,0.0
2006-11-17,31.75,77.0,0.0
2006-11-17,31.75,77.25,0.0
2006-11-17,31.75,77.5,6.952725887298584
2006-11-17,32.0,76.5,0.0
2006-11-17,32.0,76.75,0.0
2006-11-17,32.0,77.0,2.574113130569458
2006-11-17,32.0,77.25,7.134598731994629
2006-11-17,32.0,77.5,11.457639694213867
2006-11-18,31.5,76.5,1.4980050325393677
2006-11-18,31.5,76.75,2.8912906646728516
2006-11-18,31.5,77.0,3.4896399974823
2006-11-18,31.5,77.25,3.8176016807556152
2006-11-18,31.5,77.5,3.0279266834259033
2006-11-18,31.75,76.5,0.5990959405899048
2006-11-18,31.75,76.75,3.357074022293091
2006-11-18,31.75,77.0,5.256063938140869
2006-11-18,31.75,77.25,5.952419281005859
2006-11-18,31.75,77.5,6.808665752410889
2006-11-18,32.0,76.5,1.5693286657333374
2006-11-18,32.0,76.75,8.665733337402344
2006-11-18,32.0,77.0,6.206966400146484
2006-11-18,32.0,77.25,6.944965839385986
2006-11-18,32.0,77.5,7.177541255950928
2006-11-19,31.5,76.5,0.2474452704191208
2006-11-19,31.5,76.75,0.5333439707756042
2006-11-19,31.5,77.0,2.65150785446167
2006-11-19,31.5,77.25,3.746393918991089
2006-11-19,31.5,77.5,3.554532766342163
2006-11-19,31.75,76.5,0.0
2006-11-19,31.75,76.75,2.1520843505859375
2006-11-19,31.75,77.0,5.47281551361084
2006-11-19,31.75,77.25,4.079911231994629
2006-11-19,31.75,77.5,3.8733160495758057
2006-11-19,32.0,76.5,0.6442916393280029
2006-11-19,32.0,76.75,3.20910906791687
2006-11-19,32.0,77.0,4.892877578735352
2006-11-19,32.0,77.25,3.7339656352996826
2006-11-19,32.0,77.5,2.949674129486084
2006-11-20,31.5,76.5,0.0
2006-11-20,31.5,76.75,0.0
2006-11-20,31.5,77.0,0.0
2006-11-20,31.5,77.25,0.0
2006-11-20,31.5,77.5,0.0
2006-11-20,31.75,76.5,0.0
2006-11-20,31.75,76.75,0.0
2006-11-20,31.75,77.0,0.0
2006-11-20,31.75,77.25,0.0
2006-11-20,31.75,77.5,0.0
2006-11-20,32.0,76.5,0.0
2006-11-20,32.0,76.75,0.0
2006-11-20,32.0,77.0,0.0
2006-11-20,32.0,77.25,0.0
2006-11-20,32.0,77.5,0.0
2006-11-21,31.5,76.5,0.0
2006-11-21,31.5,76.75,0.0
2006-11-21,31.5,77.0,0.0
2006-11-21,31.5,77.25,0.0
2006-11-21,31.5,77.5,0.0
2006-11-21,31.75,76.5,0.0
2006-11-21,31.75,76.75,0.0
2006-11-21,31.75,77.0,0.0
2006-11-21,31.75,77.25,0.0
2006-11-21,31.75,77.5,0.0
2006-11-21,32.0,76.5,0.0
2006-11-21,32.0,76.75,0.0
2006-11-21,32.0,77.0,0.0
2006-11-21,32.0,77.25,0.0
2006-11-21,32.0,77.5,0.0
2006-11-22,31.5,76.5,6.395165920257568
2006-11-22,31.5,76.75,10.438124656677246
2006-11-22,31.5,77.0,10.306885719299316
2006-11-22,31.5,77.25,10.487187385559082
2006-11-22,31.5,77.5,7.457149982452393
2006-11-22,31.75,76.5,3.692183017730713
2006-11-22,31.75,76.75,8.82727336883545
2006-11-22,31.75,77.0,10.056071281433105
2006-11-22,31.75,77.25,10.237053871154785
2006-11-22,31.75,77.5,13.716867446899414
2006-11-22,32.0,76.5,5.296980381011963
2006-11-22,32.0,76.75,10.423445701599121
2006-11-22,32.0,77.0,11.435714721679688
2006-11-22,32.0,77.25,13.829439163208008
2006-11-22,32.0,77.5,16.045774459838867
2006-11-23,31.5,76.5,0.0
2006-11-23,31.5,76.75,0.0
2006-11-23,31.5,77.0,0.0
2006-11-23,31.5,77.25,0.0
2006-11-23,31.5,77.5,0.0
2006-11-23,31.75,76.5,0.0
2006-11-23,31.75,76.75,0.0
2006-11-23,31.75,77.0,0.20136266946792603
2006-11-23,31.75,77.25,1.65309739112854
2006-11-23,31.75,77.5,10.072758674621582
2006-11-23,32.0,76.5,0.0
2006-11-23,32.0,76.75,5.420429229736328
2006-11-23,32.0,77.0,4.11992883682251
2006-11-23,32.0,77.25,10.452208518981934
2006-11-23,32.0,77.5,15.767534255981445
2006-11-24,31.5,76.5,0.0
2006-11-24,31.5,76.75,0.0
2006-11-24,31.5,77.0,0.0
2006-11-24,31.5,77.25,0.0
2006-11-24,31.5,77.5,0.0
2006-11-24,31.75,76.5,0.0
2006-11-24,31.75,76.75,0.0
2006-11-24,31.75,77.0,0.0
2006-11-24,31.75,77.25,0.0
2006-11-24,31.75,77.5,0.0
2006-11-24,32.0,76.5,0.0
2006-11-24,32.0,76.75,0.0
2006-11-24,32.0,77.0,0.0
2006-11-24,32.0,77.25,0.0
2006-11-24,32.0,77.5,0.0
2006-11-25,31.5,76.5,0.0
2006-11-25,31.5,76.75,0.0
2006-11-25,31.5,77.0,0.0
2006-11-25,31.5,77.25,0.0
2006-11-25,31.5,77.5,0.0
2006-11-25,31.75,76.5,0.0
2006-11-25,31.75,76.75,0.0
2006-11-25,31.75,77.0,0.0
2006-11-25,31.75,77.25,0.0
2006-11-25,31.75,77.5,0.0
2006-11-25,32.0,76.5,0.0
2006-11-25,32.0,76.75,0.0
2006-11-25,32.0,77.0,0.0
2006-11-25,32.0,77.25,0.0
2006-11-25,32.0,77.5,0.0
2006-11-26,31.5,76.5,0.0
2006-11-26,31.5,76.75,0.0
2006-11-26,31.5,77.0,0.0
2006-11-26,31.5,77.25,0.0
2006-11-26,31.5,77.5,0.0
2006-11-26,31.75,76.5,0.0
2006-11-26,31.75,76.75,0.0
2006-11-26,31.75,77.0,0.0
2006-11-26,31.75,77.25,0.0
2006-11-26,31.75,77.5,0.0
2006-11-26,32.0,76.5,0.0
2006-11-26,32.0,76.75,0.0
2006-11-26,32.0,77.0,0.0
2006-11-26,32.0,77.25,0.0
2006-11-26,32.0,77.5,0.0
2006-11-27,31.5,76.5,0.0
2006-11-27,31.5,76.75,0.0
2006-11-27,31.5,77.0,0.0
2006-11-27,31.5,77.25,0.0
2006-11-27,31.5,77.5,0.0
2006-11-27,31.75,76.5,0.0
2006-11-27,31.75,76.75,0.0
2006-11-27,31.75,77.0,0.0
2006-11-27,31.75,77.25,0.0
2006-11-27,31.75,77.5,0.0
2006-11-27,32.0,76.5,0.0
2006-11-27,32.0,76.75,0.0
2006-11-27,32.0,77.0,0.0
2006-11-27,32.0,77.25,0.0
2006-11-27,32.0,77.5,0.0
2006-11-28,31.5,76.5,0.0
2006-11-28,31.5,76.75,0.0
2006-11-28,31.5,77.0,0.0
2006-11-28,31.5,77.25,0.0
2006-11-28,31.5,77.5,0.0
2006-11-28,31.75,76.5,0.0
2006-11-28,31.75,76.75,0.0
2006-11-28,31.75,77.0,0.0
2006-11-28,31.75,77.25,0.0
2006-11-28,31.75,77.5,6.9690752029418945
2006-11-28,32.0,76.5,0.0
2006-11-28,32.0,76.75,0.0
2006-11-28,32.0,77.0,2.581714630126953
2006-11-28,32.0,77.25,7.1518754959106445
2006-11-28,32.0,77.5,11.480481147766113
2006-11-29,31.5,76.5,0.0
2006-11-29,31.5,76.75,0.0
2006-11-29,31.5,77.0,0.0
2006-11-29,31.5,77.25,0.0
2006-11-29,31.5,77.5,0.0
2006-11-29,31.75,76.5,0.0
2006-11-29,31.75,76.75,0.0
2006-11-29,31.75,77.0,0.0
2006-11-29,31.75,77.25,0.0
2006-11-29,31.75,77.5,0.0
2006-11-29,32.0,76.5,0.0
2006-11-29,32.0,76.75,0.0
2006-11-29,32.0,77.0,0.0
2006-11-29,32.0,77.25,0.0
2006-11-29,32.0,77.5,0.0
2006-11-30,31.5,76.5,0.0
2006-11-30,31.5,76.75,0.0
2006-11-30,31.5,77.0,0.0
2006-11-30,31.5,77.25,0.0
2006-11-30,31.5,77.5,0.0
2006-11-30,31.75,76.5,0.0
2006-11-30,31.75,76.75,0.0
2006-11-30,31.75,77.0,0.0
2006-11-30,31.75,77.25,0.0
2006-11-30,31.75,77.5,0.0
2006-11-30,32.0,76.5,0.0
2006-11-30,32.0,76.75,0.0
2006-11-30,32.0,77.0,0.0
2006-11-30,32.0,77.25,0.0
2006-11-30,32.0,77.5,0.0
2006-12-01,31.5,76.5,0.0
2006-12-01,31.5,76.75,0.0
2006-12-01,31.5,77.0,0.0
2006-12-01,31.5,77.25,0.0
2006-12-01,31.5,77.5,0.0
2006-12-01,31.75,76.5,0.0
2006-12-01,31.75,76.75,0.0
2006-12-01,31.75,77.0,0.0
2006-12-01,31.75,77.25,0.0
2006-12-01,31.75,77.5,0.0
2006-12-01,32.0,76.5,0.0
2006-12-01,32.0,76.75,0.0
2006-12-01,32.0,77.0,0.0
2006-12-01,32.0,77.25,0.0
2006-12-01,32.0,77.5,0.0
2006-12-02,31.5,76.5,0.0
2006-12-02,31.5,76.75,0.0
2006-12-02,31.5,77.0,0.0
2006-12-02,31.5,77.25,0.0
2006-12-02,31.5,77.5,0.0
2006-12-02,31.75,76.5,0.0
2006-12-02,31.75,76.75,0.0
2006-12-02,31.75,77.0,0.0
2006-12-02,31.75,77.25,0.0
2006-12-02,31.75,77.5,0.0
2006-12-02,32.0,76.5,0.0
2006-12-02,32.0,76.75,0.0
2006-12-02,32.0,77.0,0.0
2006-12-02,32.0,77.25,0.0
2006-12-02,32.0,77.5,0.0
2006-12-03,31.5,76.5,0.0
2006-12-03,31.5,76.75,0.0
2006-12-03,31.5,77.0,0.0
2006-12-03,31.5,77.25,0.0
2006-12-03,31.5,77.5,0.0
2006-12-03,31.75,76.5,0.0
2006-12-03,31.75,76.75,0.0
2006-12-03,31.75,77.0,0.0
2006-12-03,31.75,77.25,0.0
2006-12-03,31.75,77.5,0.0
2006-12-03,32.0,76.5,0.0
2006-12-03,32.0,76.75,0.0
2006-12-03,32.0,77.0,0.0
2006-12-03,32.0,77.25,0.0
2006-12-03,32.0,77.5,0.0
2006-12-04,31.5,76.5,1.598764181137085
2006-12-04,31.5,76.75,0.0
2006-12-04,31.5,77.0,0.14911335706710815
2006-12-04,31.5,77.25,0.0
2006-12-04,31.5,77.5,4.548007011413574
2006-12-04,31.75,76.5,3.2064294815063477
2006-12-04,31.75,76.75,0.7840673327445984
2006-12-04,31.75,77.0,0.0
2006-12-04,31.75,77.25,1.9553556442260742
2006-12-04,31.75,77.5,6.050795078277588
2006-12-04,32.0,76.5,2.587944746017456
2006-12-04,32.0,76.75,1.2126888036727905
2006-12-04,32.0,77.0,4.1591315269470215
2006-12-04,32.0,77.25,8.506107330322266
2006-12-04,32.0,77.5,10.883923530578613
2006-12-05,31.5,76.5,9.80521297454834
2006-12-05,31.5,76.75,6.657398223876953
2006-12-05,31.5,77.0,12.384714126586914
2006-12-05,31.5,77.25,14.020742416381836
2006-12-05,31.5,77.5,13.678675651550293
2006-12-05,31.75,76.5,13.455707550048828
2006-12-05,31.75,76.75,12.814099311828613
2006-12-05,31.75,77.0,19.46390724182129
2006-12-05,31.75,77.25,19.598848342895508
2006-12-05,31.75,77.5,26.169593811035156
2006-12-05,32.0,76.5,14.695402145385742
2006-12-05,32.0,76.75,18.0643253326416
2006-12-05,32.0,77.0,24.796497344970703
2006-12-05,32.0,77.25,30.240524291992188
2006-12-05,32.0,77.5,33.33580780029297
2006-12-06,31.5,76.5,7.0870208740234375
2006-12-06,31.5,76.75,11.129875183105469
2006-12-06,31.5,77.0,11.40303897857666
2006-12-06,31.5,77.25,11.955489158630371
2006-12-06,31.5,77.5,9.937150955200195
2006-12-06,31.75,76.5,2.401625871658325
2006-12-06,31.75,76.75,10.495094299316406
2006-12-06,31.75,77.0,14.295998573303223
2006-12-06,31.75,77.25,15.884512901306152
2006-12-06,31.75,77.5,20.233577728271484
2006-12-06,32.0,76.5,5.820444583892822
2006-12-06,32.0,76.75,15.574827194213867
2006-12-06,32.0,77.0,18.842777252197266
2006-12-06,32.0,77.25,22.745304107666016
2006-12-06,32.0,77.5,24.862384796142578
2006-12-07,31.5,76.5,0.29990488290786743
2006-12-07,31.5,76.75,0.7875807285308838
2006-12-07,31.5,77.0,0.3734155297279358
2006-12-07,31.5,77.25,0.23860639333724976
2006-12-07,31.5,77.5,0.0
2006-12-07,31.75,76.5,0.0
2006-12-07,31.75,76.75,0.376329243183136
2006-12-07,31.75,77.0,0.0
2006-12-07,31.75,77.25,0.402118980884552
2006-12-07,31.75,77.5,0.8344616889953613
2006-12-07,32.0,76.5,0.13890080153942108
2006-12-07,32.0,76.75,0.0
2006-12-07,32.0,77.0,0.519252598285675
2006-12-07,32.0,77.25,1.0961307287216187
2006-12-07,32.0,77.5,1.4084503650665283
2006-12-08,31.5,76.5,0.0
2006-12-08,31.5,76.75,0.0
2006-12-08,31.5,77.0,0.0
2006-12-08,31.5,77.25,0.0
2006-12-08,31.5,77.5,0.0
2006-12-08,31.75,76.5,0.0
2006-12-08,31.75,76.75,0.0
2006-12-08,31.75,77.0,0.0
2006-12-08,31.75,77.25,0.0
2006-12-08,31.75,77.5,0.0
2006-12-08,32.0,76.5,0.0
2006-12-08,32.0,76.75,0.0
2006-12-08,32.0,77.0,0.0
2006-12-08,32.0,77.25,0.0
2006-12-08,32.0,77.5,0.0
2006-12-09,31.5,76.5,1.6494770050048828
2006-12-09,31.5,76.75,4.331694602966309
2006-12-09,31.5,77.0,2.0537853240966797
2006-12-09,31.5,77.25,1.3123352527618408
2006-12-09,31.5,77.5,0.0
2006-12-09,31.75,76.5,0.4388366639614105
2006-12-09,31.75,76.75,2.0698108673095703
2006-12-09,31.75,77.0,0.2245289832353592
2006-12-09,31.75,77.25,0.9328495860099792
2006-12-09,31.75,77.5,0.4697972536087036
2006-12-09,32.0,76.5,0.7639544010162354
2006-12-09,32.0,76.75,0.5306344032287598
2006-12-09,32.0,77.0,0.11176759749650955
2006-12-09,32.0,77.25,0.17090189456939697
2006-12-09,32.0,77.5,0.17302945256233215
2006-12-10,31.5,76.5,2.3182079792022705
2006-12-10,31.5,76.75,0.0
2006-12-10,31.5,77.0,0.2162143737077713
2006-12-10,31.5,77.25,0.0
2006-12-10,31.5,77.5,1.4420509338378906
2006-12-10,31.75,76.5,4.649322986602783
2006-12-10,31.75,76.75,1.046561360359192
2006-12-10,31.75,77.0,0.0
2006-12-10,31.75,77.25,0.11625497788190842
2006-12-10,31.75,77.5,0.37452200055122375
2006-12-10,32.0,76.5,3.4764950275421143
2006-12-10,32.0,76.75,0.4929041564464569
2006-12-10,32.0,77.0,0.24946559965610504
2006-12-10,32.0,77.25,0.532528817653656
2006-12-10,32.0,77.5,0.6884952187538147
2006-12-11,31.5,76.5,6.134169101715088
2006-12-11,31.5,76.75,5.407433032989502
2006-12-11,31.5,77.0,6.42344856262207
2006-12-11,31.5,77.25,6.6581220626831055
2006-12-11,31.5,77.5,5.380919933319092
2006-12-11,31.75,76.5,4.799490451812744
2006-12-11,31.75,76.75,5.721982955932617
2006-12-11,31.75,77.0,7.37946891784668
2006-12-11,31.75,77.25,7.733003616333008
2006-12-11,31.75,77.5,10.042804718017578
2006-12-11,32.0,76.5,4.384902000427246
2006-12-11,32.0,76.75,3.908082962036133
2006-12-11,32.0,77.0,8.893575668334961
2006-12-11,32.0,77.25,11.648384094238281
2006-12-11,32.0,77.5,13.245792388916016
2006-12-12,31.5,76.5,2.1474804878234863
2006-12-12,31.5,76.75,5.614253044128418
2006-12-12,31.5,77.0,2.821793556213379
2006-12-12,31.5,77.25,1.993645191192627
2006-12-12,31.5,77.5,0.22852276265621185
2006-12-12,31.75,76.5,0.5777168869972229
2006-12-12,31.75,76.75,2.8091375827789307
2006-12-12,31.75,77.0,0.6585158705711365
2006-12-12,31.75,77.25,1.460116982460022
2006-12-12,31.75,77.5,0.8085181713104248
2006-12-12,32.0,76.5,1.0441999435424805
2006-12-12,32.0,76.75,0.8389408588409424
2006-12-12,32.0,77.0,0.4052793085575104
2006-12-12,32.0,77.25,0.40065324306488037
2006-12-12,32.0,77.5,0.36472371220588684
2006-12-13,31.5,76.5,0.0
2006-12-13,31.5,76.75,0.0
2006-12-13,31.5,77.0,0.0
2006-12-13,31.5,77.25,0.0
2006-12-13,31.5,77.5,0.0
2006-12-13,31.75,76.5,0.0
2006-12-13,31.75,76.75,0.0
2006-12-13,31.75,77.0,0.0
2006-12-13,31.75,77.25,0.0
2006-12-13,31.75,77.5,0.0
2006-12-13,32.0,76.5,0.0
2006-12-13,32.0,76.75,0.0
2006-12-13,32.0,77.0,0.0
2006-12-13,32.0,77.25,0.0
2006-12-13,32.0,77.5,0.0
2006-12-14,31.5,76.5,0.0
2006-12-14,31.5,76.75,0.0
2006-12-14,31.5,77.0,0.0
2006-12-14,31.5,77.25,0.0
2006-12-14,31.5,77.5,0.0
2006-12-14,31.75,76.5,0.0
2006-12-14,31.75,76.75,0.0
2006-12-14,31.75,77.0,0.0
2006-12-14,31.75,77.25,0.0
2006-12-14,31.75,77.5,0.0
2006-12-14,32.0,76.5,0.0
2006-12-14,32.0,76.75,0.0
2006-12-14,32.0,77.0,0.0
2006-12-14,32.0,77.25,0.0
2006-12-14,32.0,77.5,0.0
2006-12-15,31.5,76.5,0.0
2006-12-15,31.5,76.75,0.0
2006-12-15,31.5,77.0,0.0
2006-12-15,31.5,77.25,0.0
2006-12-15,31.5,77.5,0.0
2006-12-15,31.75,76.5,0.0
2006-12-15,31.75,76.75,0.0
2006-12-15,31.75,77.0,0.0
2006-12-15,31.75,77.25,0.0
2006-12-15,31.75,77.5,0.0
2006-12-15,32.0,76.5,0.0
2006-12-15,32.0,76.75,0.0
2006-12-15,32.0,77.0,0.0
2006-12-15,32.0,77.25,0.0
2006-12-15,32.0,77.5,0.0
2006-12-16,31.5,76.5,0.0
2006-12-16,31.5,76.75,0.0
2006-12-16,31.5,77.0,0.0
2006-12-16,31.5,77.25,0.0
2006-12-16,31.5,77.5,0.0
2006-12-16,31.75,76.5,0.0
2006-12-16,31.75,76.75,0.3886389434337616
2006-12-16,31.75,77.0,0.30366840958595276
2006-12-16,31.75,77.25,1.3195509910583496
2006-12-16,31.75,77.5,2.7008790969848633
2006-12-16,32.0,76.5,1.1874967813491821
2006-12-16,32.0,76.75,5.444328308105469
2006-12-16,32.0,77.0,2.602208375930786
2006-12-16,32.0,77.25,3.2324278354644775
2006-12-16,32.0,77.5,3.471470594406128
2006-12-17,31.5,76.5,0.0
2006-12-17,31.5,76.75,0.0
2006-12-17,31.5,77.0,0.0
2006-12-17,31.5,77.25,0.0
2006-12-17,31.5,77.5,0.0
2006-12-17,31.75,76.5,0.0
2006-12-17,31.75,76.75,0.0
2006-12-17,31.75,77.0,0.0
2006-12-17,31.75,77.25,0.0
2006-12-17,31.75,77.5,0.0
2006-12-17,32.0,76.5,0.0
2006-12-17,32.0,76.75,0.0
2006-12-17,32.0,77.0,0.0
2006-12-17,32.0,77.25,0.0
2006-12-17,32.0,77.5,0.0
2006-12-18,31.5,76.5,0.0
2006-12-18,31.5,76.75,0.0
2006-12-18,31.5,77.0,0.0
2006-12-18,31.5,77.25,0.0
2006-12-18,31.5,77.5,0.0
2006-12-18,31.75,76.5,0.0
2006-12-18,31.75,76.75,0.0
2006-12-18,31.75,77.0,0.0
2006-12-18,31.75,77.25,0.0
2006-12-18,31.75,77.5,0.0
2006-12-18,32.0,76.5,0.0
2006-12-18,32.0,76.75,0.0
2006-12-18,32.0,77.0,0.0
2006-12-18,32.0,77.25,0.0
2006-12-18,32.0,77.5,0.0
2006-12-19,31.5,76.5,0.0
2006-12-19,31.5,76.75,0.0
2006-12-19,31.5,77.0,0.0
2006-12-19,31.5,77.25,0.0
2006-12-19,31.5,77.5,0.0
2006-12-19,31.75,76.5,0.0
2006-12-19,31.75,76.75,0.0
2006-12-19,31.75,77.0,0.0
2006-12-19,31.75,77.25,0.0
2006-12-19,31.75,77.5,0.0
2006-12-19,32.0,76.5,0.0
2006-12-19,32.0,76.75,0.0
2006-12-19,32.0,77.0,0.0
2006-12-19,32.0,77.25,0.0
2006-12-19,32.0,77.5,0.0
2006-12-20,31.5,76.5,0.0
2006-12-20,31.5,76.75,0.0
2006-12-20,31.5,77.0,0.0
2006-12-20,31.5,77.25,0.0
2006-12-20,31.5,77.5,0.0
2006-12-20,31.75,76.5,0.0
2006-12-20,31.75,76.75,0.0
2006-12-20,31.75,77.0,0.0
2006-12-20,31.75,77.25,0.0
2006-12-20,31.75,77.5,0.0
2006-12-20,32.0,76.5,0.0
2006-12-20,32.0,76.75,0.0
2006-12-20,32.0,77.0,0.0
2006-12-20,32.0,77.25,0.0
2006-12-20,32.0,77.5,0.0
2006-12-21,31.5,76.5,0.0
2006-12-21,31.5,76.75,0.0
2006-12-21,31.5,77.0,0.0
2006-12-21,31.5,77.25,0.0
2006-12-21,31.5,77.5,0.0
2006-12-21,31.75,76.5,0.0
2006-12-21,31.75,76.75,0.0
2006-12-21,31.75,77.0,0.0
2006-12-21,31.75,77.25,0.0
2006-12-21,31.75,77.5,0.0
2006-12-21,32.0,76.5,0.0
2006-12-21,32.0,76.75,0.0
2006-12-21,32.0,77.0,0.0
2006-12-21,32.0,77.25,0.0
2006-12-21,32.0,77.5,0.0
2006-12-22,31.5,76.5,0.0
2006-12-22,31.5,76.75,0.0
2006-12-22,31.5,77.0,0.0
2006-12-22,31.5,77.25,0.0
2006-12-22,31.5,77.5,0.0
2006-12-22,31.75,76.5,0.0
2006-12-22,31.75,76.75,0.0
2006-12-22,31.75,77.0,0.0
2006-12-22,31.75,77.25,0.0
2006-12-22,31.75,77.5,0.0
2006-12-22,32.0,76.5,0.0
2006-12-22,32.0,76.75,0.0
2006-12-22,32.0,77.0,0.0
2006-12-22,32.0,77.25,0.0
2006-12-22,32.0,77.5,0.0
2006-12-23,31.5,76.5,0.0
2006-12-23,31.5,76.75,0.0
2006-12-23,31.5,77.0,0.0
2006-12-23,31.5,77.25,0.0
2006-12-23,31.5,77.5,0.15940208733081818
2006-12-23,31.75,76.5,0.0
2006-12-23,31.75,76.75,0.0
2006-12-23,31.75,77.0,0.0
2006-12-23,31.75,77.25,0.0
2006-12-23,31.75,77.5,0.0
2006-12-23,32.0,76.5,0.0
2006-12-23,32.0,76.75,0.0
2006-12-23,32.0,77.0,0.0
2006-12-23,32.0,77.25,0.0
2006-12-23,32.0,77.5,0.0
2006-12-24,31.5,76.5,0.0
2006-12-24,31.5,76.75,0.0
2006-12-24,31.5,77.0,0.0
2006-12-24,31.5,77.25,0.0
2006-12-24,31.5,77.5,0.0
2006-12-24,31.75,76.5,0.0
2006-12-24,31.75,76.75,0.0
2006-12-24,31.75,77.0,0.0
2006-12-24,31.75,77.25,0.0
2006-12-24,31.75,77.5,0.0
2006-12-24,32.0,76.5,0.0
2006-12-24,32.0,76.75,0.0
2006-12-24,32.0,77.0,0.0
2006-12-24,32.0,77.25,0.0
2006-12-24,32.0,77.5,0.0
2006-12-25,31.5,76.5,2.066378116607666
2006-12-25,31.5,76.75,0.0
2006-12-25,31.5,77.0,0.0
2006-12-25,31.5,77.25,0.0
2006-12-25,31.5,77.5,0.0
2006-12-25,31.75,76.5,4.030215263366699
2006-12-25,31.75,76.75,0.0
2006-12-25,31.75,77.0,0.0
2006-12-25,31.75,77.25,0.0
2006-12-25,31.75,77.5,0.0
2006-12-25,32.0,76.5,2.851533889770508
2006-12-25,32.0,76.75,0.0
2006-12-25,32.0,77.0,0.0
2006-12-25,32.0,77.25,0.0
2006-12-25,32.0,77.5,0.0
2006-12-26,31.5,76.5,0.0
2006-12-26,31.5,76.75,0.0
2006-12-26,31.5,77.0,0.0
2006-12-26,31.5,77.25,0.0
2006-12-26,31.5,77.5,0.15940208733081818
2006-12-26,31.75,76.5,0.0
2006-12-26,31.75,76.75,0.0
2006-12-26,31.75,77.0,0.0
2006-12-26,31.75,77.25,0.0
2006-12-26,31.75,77.5,1.9699856042861938
2006-12-26,32.0,76.5,0.0
2006-12-26,32.0,76.75,0.0
2006-12-26,32.0,77.0,0.7256467938423157
2006-12-26,32.0,77.25,4.42537260055542
2006-12-26,32.0,77.5,5.610531806945801
2006-12-27,31.5,76.5,1.2348606586456299
2006-12-27,31.5,76.75,1.9035621881484985
2006-12-27,31.5,77.0,2.2906320095062256
2006-12-27,31.5,77.25,2.5785648822784424
2006-12-27,31.5,77.5,1.8281821012496948
2006-12-27,31.75,76.5,0.42960309982299805
2006-12-27,31.75,76.75,2.215754985809326
2006-12-27,31.75,77.0,3.2722721099853516
2006-12-27,31.75,77.25,3.433408260345459
2006-12-27,31.75,77.5,3.884561538696289
2006-12-27,32.0,76.5,1.6816953420639038
2006-12-27,32.0,76.75,5.6388983726501465
2006-12-27,32.0,77.0,4.138461589813232
2006-12-27,32.0,77.25,4.000036716461182
2006-12-27,32.0,77.5,3.875770092010498
2006-12-28,31.5,76.5,10.40754222869873
2006-12-28,31.5,76.75,30.406614303588867
2006-12-28,31.5,77.0,12.604108810424805
2006-12-28,31.5,77.25,8.919319152832031
2006-12-28,31.5,77.5,0.0
2006-12-28,31.75,76.5,3.5295886993408203
2006-12-28,31.75,76.75,3.0661323070526123
2006-12-28,31.75,77.0,1.8418771028518677
2006-12-28,31.75,77.25,5.894860744476318
2006-12-28,31.75,77.5,0.0
2006-12-28,32.0,76.5,4.700329303741455
2006-12-28,32.0,76.75,2.332265853881836
2006-12-28,32.0,77.0,0.0
2006-12-28,32.0,77.25,0.0
2006-12-28,32.0,77.5,0.0
2006-12-29,31.5,76.5,1.3215926885604858
2006-12-29,31.5,76.75,3.861157178878784
2006-12-29,31.5,77.0,1.6005216836929321
2006-12-29,31.5,77.25,1.1326119899749756
2006-12-29,31.5,77.5,0.15940208733081818
2006-12-29,31.75,76.5,0.4482017457485199
2006-12-29,31.75,76.75,0.38935011625289917
2006-12-29,31.75,77.0,0.2338891625404358
2006-12-29,31.75,77.25,0.7485537528991699
2006-12-29,31.75,77.5,0.0
2006-12-29,32.0,76.5,0.5968672037124634
2006-12-29,32.0,76.75,0.2961607575416565
2006-12-29,32.0,77.0,0.0
2006-12-29,32.0,77.25,0.0
2006-12-29,32.0,77.5,0.0
2006-12-30,31.5,76.5,0.0
2006-12-30,31.5,76.75,0.0
2006-12-30,31.5,77.0,0.0
2006-12-30,31.5,77.25,0.0
2006-12-30,31.5,77.5,0.31880417466163635
2006-12-30,31.75,76.5,0.0
2006-12-30,31.75,76.75,0.0
2006-12-30,31.75,77.0,0.0
2006-12-30,31.75,77.25,0.0
2006-12-30,31.75,77.5,0.0
2006-12-30,32.0,76.5,0.0
2006-12-30,32.0,76.75,0.0
2006-12-30,32.0,77.0,0.0
2006-12-30,32.0,77.25,0.0
2006-12-30,32.0,77.5,0.0
2006-12-31,31.5,76.5,0.0
2006-12-31,31.5,76.75,0.0
2006-12-31,31.5,77.0,0.0
2006-12-31,31.5,77.25,0.0
2006-12-31,31.5,77.5,0.0
2006-12-31,31.75,76.5,0.0
2006-12-31,31.75,76.75,0.0
2006-12-31,31.75,77.0,0.0
2006-12-31,31.75,77.25,0.0
2006-12-31,31.75,77.5,0.0
2006-12-31,32.0,76.5,0.0
2006-12-31,32.0,76.75,0.0
2006-12-31,32.0,77.0,0.0
2006-12-31,32.0,77.25,0.0
2006-12-31,32.0,77.5,0.0
