date,latitude,longitude,rainfall_mm
2007-01-01,31.5,76.5,0.0
2007-01-01,31.5,76.75,0.0
2007-01-01,31.5,77.0,0.0
2007-01-01,31.5,77.25,0.0
2007-01-01,31.5,77.5,0.0
2007-01-01,31.75,76.5,0.0
2007-01-01,31.75,76.75,0.0
2007-01-01,31.75,77.0,0.0
2007-01-01,31.75,77.25,0.0
2007-01-01,31.75,77.5,0.0
2007-01-01,32.0,76.5,0.0
2007-01-01,32.0,76.75,0.0
2007-01-01,32.0,77.0,0.0
2007-01-01,32.0,77.25,0.0
2007-01-01,32.0,77.5,0.0
2007-01-02,31.5,76.5,0.0
2007-01-02,31.5,76.75,0.0
2007-01-02,31.5,77.0,0.0
2007-01-02,31.5,77.25,0.0
2007-01-02,31.5,77.5,0.0
2007-01-02,31.75,76.5,0.0
2007-01-02,31.75,76.75,0.0
2007-01-02,31.75,77.0,0.0
2007-01-02,31.75,77.25,0.0
2007-01-02,31.75,77.5,0.0
2007-01-02,32.0,76.5,0.0
2007-01-02,32.0,76.75,0.0
2007-01-02,32.0,77.0,0.0
2007-01-02,32.0,77.25,0.0
2007-01-02,32.0,77.5,0.0
2007-01-03,31.5,76.5,0.0
2007-01-03,31.5,76.75,0.0
2007-01-03,31.5,77.0,0.0
2007-01-03,31.5,77.25,0.0
2007-01-03,31.5,77.5,0.0
2007-01-03,31.75,76.5,0.0
2007-01-03,31.75,76.75,0.0
2007-01-03,31.75,77.0,0.0
2007-01-03,31.75,77.25,0.0
2007-01-03,31.75,77.5,0.0
2007-01-03,32.0,76.5,0.0
2007-01-03,32.0,76.75,0.0
2007-01-03,32.0,77.0,0.0
2007-01-03,32.0,77.25,0.0
2007-01-03,32.0,77.5,0.0
2007-01-04,31.5,76.5,0.0
2007-01-04,31.5,76.75,0.0
2007-01-04,31.5,77.0,0.0
2007-01-04,31.5,77.25,0.0
2007-01-04,31.5,77.5,0.31880417466163635
2007-01-04,31.75,76.5,0.0
2007-01-04,31.75,76.75,0.0
2007-01-04,31.75,77.0,0.0
2007-01-04,31.75,77.25,0.0
2007-01-04,31.75,77.5,0.11910690367221832
2007-01-04,32.0,76.5,0.0
2007-01-04,32.0,76.75,0.0
2007-01-04,32.0,77.0,0.0
2007-01-04,32.0,77.25,0.0
2007-01-04,32.0,77.5,0.0
2007-01-05,31.5,76.5,0.0
2007-01-05,31.5,76.75,0.0
2007-01-05,31.5,77.0,0.0
2007-01-05,31.5,77.25,0.0
2007-01-05,31.5,77.5,0.15940208733081818
2007-01-05,31.75,76.5,0.0
2007-01-05,31.75,76.75,0.0
2007-01-05,31.75,77.0,0.0
2007-01-05,31.75,77.25,0.0
2007-01-05,31.75,77.5,0.0
2007-01-05,32.0,76.5,0.0
2007-01-05,32.0,76.75,0.0
2007-01-05,32.0,77.0,0.0
2007-01-05,32.0,77.25,0.0
2007-01-05,32.0,77.5,0.0
2007-01-06,31.5,76.5,0.0
2007-01-06,31.5,76.75,0.0
2007-01-06,31.5,77.0,0.0
2007-01-06,31.5,77.25,0.0
2007-01-06,31.5,77.5,0.0
2007-01-06,31.75,76.5,0.0
2007-01-06,31.75,76.75,0.0
2007-01-06,31.75,77.0,0.0
2007-01-06,31.75,77.25,0.0
2007-01-06,31.75,77.5,0.0
2007-01-06,32.0,76.5,0.0
2007-01-06,32.0,76.75,0.0
2007-01-06,32.0,77.0,0.0
2007-01-06,32.0,77.25,0.0
2007-01-06,32.0,77.5,0.0
2007-01-07,31.5,76.5,0.0
2007-01-07,31.5,76.75,0.0
2007-01-07,31.5,77.0,0.0
2007-01-07,31.5,77.25,0.0
2007-01-07,31.5,77.5,0.0
2007-01-07,31.75,76.5,0.0
2007-01-07,31.75,76.75,0.0
2007-01-07,31.75,77.0,0.0
2007-01-07,31.75,77.25,0.0
2007-01-07,31.75,77.5,0.0
2007-01-07,32.0,76.5,0.0
2007-01-07,32.0,76.75,0.0
2007-01-07,32.0,77.0,0.0
2007-01-07,32.0,77.25,0.0
2007-01-07,32.0,77.5,0.0
2007-01-08,31.5,76.5,0.0
2007-01-08,31.5,76.75,0.0
2007-01-08,31.5,77.0,0.0
2007-01-08,31.5,77.25,0.0
2007-01-08,31.5,77.5,0.0
2007-01-08,31.75,76.5,0.0
2007-01-08,31.75,76.75,0.0
2007-01-08,31.75,77.0,0.0
2007-01-08,31.75,77.25,0.0
2007-01-08,31.75,77.5,0.0
2007-01-08,32.0,76.5,0.0
2007-01-08,32.0,76.75,0.0
2007-01-08,32.0,77.0,0.0
2007-01-08,32.0,77.25,0.0
2007-01-08,32.0,77.5,0.0
2007-01-09,31.5,76.5,0.0
2007-01-09,31.5,76.75,0.0
2007-01-09,31.5,77.0,0.0
2007-01-09,31.5,77.25,0.0
2007-01-09,31.5,77.5,0.0
2007-01-09,31.75,76.5,0.0
2007-01-09,31.75,76.75,0.0
2007-01-09,31.75,77.0,0.0
2007-01-09,31.75,77.25,0.0
2007-01-09,31.75,77.5,0.0
2007-01-09,32.0,76.5,0.0
2007-01-09,32.0,76.75,0.0
2007-01-09,32.0,77.0,0.0
2007-01-09,32.0,77.25,0.0
2007-01-09,32.0,77.5,0.0
2007-01-10,31.5,76.5,0.0
2007-01-10,31.5,76.75,0.0
2007-01-10,31.5,77.0,0.0
2007-01-10,31.5,77.25,0.0
2007-01-10,31.5,77.5,0.0
2007-01-10,31.75,76.5,0.0
2007-01-10,31.75,76.75,0.0
2007-01-10,31.75,77.0,0.0
2007-01-10,31.75,77.25,0.0
2007-01-10,31.75,77.5,0.0
2007-01-10,32.0,76.5,0.0
2007-01-10,32.0,76.75,0.0
2007-01-10,32.0,77.0,0.0
2007-01-10,32.0,77.25,0.0
2007-01-10,32.0,77.5,0.0
2007-01-11,31.5,76.5,0.0
2007-01-11,31.5,76.75,0.0
2007-01-11,31.5,77.0,0.0
2007-01-11,31.5,77.25,0.0
2007-01-11,31.5,77.5,0.0
2007-01-11,31.75,76.5,0.0
2007-01-11,31.75,76.75,0.0
2007-01-11,31.75,77.0,0.0
2007-01-11,31.75,77.25,0.0
2007-01-11,31.75,77.5,0.0
2007-01-11,32.0,76.5,0.0
2007-01-11,32.0,76.75,0.0
2007-01-11,32.0,77.0,0.0
2007-01-11,32.0,77.25,0.0
2007-01-11,32.0,77.5,0.0
2007-01-12,31.5,76.5,0.0
2007-01-12,31.5,76.75,0.0
2007-01-12,31.5,77.0,0.0
2007-01-12,31.5,77.25,0.0
2007-01-12,31.5,77.5,0.4782062768936157
2007-01-12,31.75,76.5,0.0
2007-01-12,31.75,76.75,0.0
2007-01-12,31.75,77.0,0.0
2007-01-12,31.75,77.25,0.0
2007-01-12,31.75,77.5,0.17866036295890808
2007-01-12,32.0,76.5,0.0
2007-01-12,32.0,76.75,0.0
2007-01-12,32.0,77.0,0.0
2007-01-12,32.0,77.25,0.0
2007-01-12,32.0,77.5,0.0
2007-01-13,31.5,76.5,0.0
2007-01-13,31.5,76.75,0.0
2007-01-13,31.5,77.0,0.0
2007-01-13,31.5,77.25,0.0
2007-01-13,31.5,77.5,0.31880417466163635
2007-01-13,31.75,76.5,0.0
2007-01-13,31.75,76.75,0.0
2007-01-13,31.75,77.0,0.0
2007-01-13,31.75,77.25,0.0
2007-01-13,31.75,77.5,0.11910690367221832
2007-01-13,32.0,76.5,0.0
2007-01-13,32.0,76.75,0.0
2007-01-13,32.0,77.0,0.0
2007-01-13,32.0,77.25,0.0
2007-01-13,32.0,77.5,0.0
2007-01-14,31.5,76.5,0.0
2007-01-14,31.5,76.75,0.0
2007-01-14,31.5,77.0,0.0
2007-01-14,31.5,77.25,0.0
2007-01-14,31.5,77.5,0.31880417466163635
2007-01-14,31.75,76.5,0.0
2007-01-14,31.75,76.75,0.0
2007-01-14,31.75,77.0,0.0
2007-01-14,31.75,77.25,0.0
2007-01-14,31.75,77.5,0.11910690367221832
2007-01-14,32.0,76.5,0.0
2007-01-14,32.0,76.75,0.0
2007-01-14,32.0,77.0,0.0
2007-01-14,32.0,77.25,0.0
2007-01-14,32.0,77.5,0.0
2007-01-15,31.5,76.5,0.0
2007-01-15,31.5,76.75,0.0
2007-01-15,31.5,77.0,0.0
2007-01-15,31.5,77.25,0.0
2007-01-15,31.5,77.5,0.15940208733081818
2007-01-15,31.75,76.5,0.0
2007-01-15,31.75,76.75,0.0
2007-01-15,31.75,77.0,0.0
2007-01-15,31.75,77.25,0.0
2007-01-15,31.75,77.5,0.0
2007-01-15,32.0,76.5,0.0
2007-01-15,32.0,76.75,0.0
2007-01-15,32.0,77.0,0.0
2007-01-15,32.0,77.25,0.0
2007-01-15,32.0,77.5,0.0
2007-01-16,31.5,76.5,0.0
2007-01-16,31.5,76.75,0.0
2007-01-16,31.5,77.0,0.0
2007-01-16,31.5,77.25,0.0
2007-01-16,31.5,77.5,0.0
2007-01-16,31.75,76.5,0.0
2007-01-16,31.75,76.75,0.0
2007-01-16,31.75,77.0,0.0
2007-01-16,31.75,77.25,0.0
2007-01-16,31.75,77.5,0.0
2007-01-16,32.0,76.5,0.0
2007-01-16,32.0,76.75,0.0
2007-01-16,32.0,77.0,0.0
2007-01-16,32.0,77.25,0.0
2007-01-16,32.0,77.5,0.0
2007-01-17,31.5,76.5,0.0
2007-01-17,31.5,76.75,0.0
2007-01-17,31.5,77.0,0.0
2007-01-17,31.5,77.25,0.0
2007-01-17,31.5,77.5,0.0
2007-01-17,31.75,76.5,0.0
2007-01-17,31.75,76.75,0.0
2007-01-17,31.75,77.0,0.0
2007-01-17,31.75,77.25,0.0
2007-01-17,31.75,77.5,0.0
2007-01-17,32.0,76.5,0.0
2007-01-17,32.0,76.75,0.0
2007-01-17,32.0,77.0,0.0
2007-01-17,32.0,77.25,0.0
2007-01-17,32.0,77.5,0.0
2007-01-18,31.5,76.5,0.0
2007-01-18,31.5,76.75,0.0
2007-01-18,31.5,77.0,0.0
2007-01-18,31.5,77.25,0.0
2007-01-18,31.5,77.5,0.0
2007-01-18,31.75,76.5,0.0
2007-01-18,31.75,76.75,0.0
2007-01-18,31.75,77.0,0.0
2007-01-18,31.75,77.25,0.0
2007-01-18,31.75,77.5,0.0
2007-01-18,32.0,76.5,0.0
2007-01-18,32.0,76.75,0.0
2007-01-18,32.0,77.0,0.0
2007-01-18,32.0,77.25,0.0
2007-01-18,32.0,77.5,0.0
2007-01-19,31.5,76.5,0.0
2007-01-19,31.5,76.75,0.0
2007-01-19,31.5,77.0,0.0
2007-01-19,31.5,77.25,0.0
2007-01-19,31.5,77.5,0.0
2007-01-19,31.75,76.5,0.0
2007-01-19,31.75,76.75,0.0
2007-01-19,31.75,77.0,0.0
2007-01-19,31.75,77.25,0.0
2007-01-19,31.75,77.5,0.0
2007-01-19,32.0,76.5,0.0
2007-01-19,32.0,76.75,0.0
2007-01-19,32.0,77.0,0.0
2007-01-19,32.0,77.25,0.0
2007-01-19,32.0,77.5,0.0
2007-01-20,31.5,76.5,0.0
2007-01-20,31.5,76.75,0.0
2007-01-20,31.5,77.0,0.0
2007-01-20,31.5,77.25,0.0
2007-01-20,31.5,77.5,0.0
2007-01-20,31.75,76.5,0.0
2007-01-20,31.75,76.75,0.0
2007-01-20,31.75,77.0,0.0
2007-01-20,31.75,77.25,0.0
2007-01-20,31.75,77.5,0.0
2007-01-20,32.0,76.5,0.0
2007-01-20,32.0,76.75,0.0
2007-01-20,32.0,77.0,0.0
2007-01-20,32.0,77.25,0.0
2007-01-20,32.0,77.5,0.0
2007-01-21,31.5,76.5,0.0
2007-01-21,31.5,76.75,0.0
2007-01-21,31.5,77.0,0.0
2007-01-21,31.5,77.25,0.0
2007-01-21,31.5,77.5,0.0
2007-01-21,31.75,76.5,0.0
2007-01-21,31.75,76.75,0.0
2007-01-21,31.75,77.0,0.0
2007-01-21,31.75,77.25,0.0
2007-01-21,31.75,77.5,0.0
2007-01-21,32.0,76.5,0.0
2007-01-21,32.0,76.75,0.0
2007-01-21,32.0,77.0,0.0
2007-01-21,32.0,77.25,0.0
2007-01-21,32.0,77.5,0.0
2007-01-22,31.5,76.5,0.0
2007-01-22,31.5,76.75,0.0
2007-01-22,31.5,77.0,0.0
2007-01-22,31.5,77.25,0.0
2007-01-22,31.5,77.5,0.0
2007-01-22,31.75,76.5,0.0
2007-01-22,31.75,76.75,0.0
2007-01-22,31.75,77.0,0.0
2007-01-22,31.75,77.25,0.0
2007-01-22,31.75,77.5,0.0
2007-01-22,32.0,76.5,0.0
2007-01-22,32.0,76.75,0.0
2007-01-22,32.0,77.0,0.0
2007-01-22,32.0,77.25,0.0
2007-01-22,32.0,77.5,0.0
2007-01-23,31.5,76.5,0.0
2007-01-23,31.5,76.75,0.0
2007-01-23,31.5,77.0,0.0
2007-01-23,31.5,77.25,0.0
2007-01-23,31.5,77.5,0.0
2007-01-23,31.75,76.5,0.0
2007-01-23,31.75,76.75,0.0
2007-01-23,31.75,77.0,0.0
2007-01-23,31.75,77.25,0.0
2007-01-23,31.75,77.5,0.0
2007-01-23,32.0,76.5,0.0
2007-01-23,32.0,76.75,0.0
2007-01-23,32.0,77.0,0.0
2007-01-23,32.0,77.25,0.0
2007-01-23,32.0,77.5,0.0
2007-01-24,31.5,76.5,0.0
2007-01-24,31.5,76.75,0.0
2007-01-24,31.5,77.0,0.0
2007-01-24,31.5,77.25,0.0
2007-01-24,31.5,77.5,0.0
2007-01-24,31.75,76.5,0.0
2007-01-24,31.75,76.75,0.0
2007-01-24,31.75,77.0,0.0
2007-01-24,31.75,77.25,0.0
2007-01-24,31.75,77.5,0.0
2007-01-24,32.0,76.5,0.0
2007-01-24,32.0,76.75,0.0
2007-01-24,32.0,77.0,0.0
2007-01-24,32.0,77.25,0.0
2007-01-24,32.0,77.5,0.0
2007-01-25,31.5,76.5,0.0
2007-01-25,31.5,76.75,0.0
2007-01-25,31.5,77.0,0.0
2007-01-25,31.5,77.25,0.0
2007-01-25,31.5,77.5,0.0
2007-01-25,31.75,76.5,0.0
2007-01-25,31.75,76.75,0.0
2007-01-25,31.75,77.0,0.0
2007-01-25,31.75,77.25,0.0
2007-01-25,31.75,77.5,0.0
2007-01-25,32.0,76.5,0.0
2007-01-25,32.0,76.75,0.0
2007-01-25,32.0,77.0,0.0
2007-01-25,32.0,77.25,0.0
2007-01-25,32.0,77.5,0.0
2007-01-26,31.5,76.5,0.0
2007-01-26,31.5,76.75,0.0
2007-01-26,31.5,77.0,0.0
2007-01-26,31.5,77.25,0.0
2007-01-26,31.5,77.5,0.0
2007-01-26,31.75,76.5,0.0
2007-01-26,31.75,76.75,0.0
2007-01-26,31.75,77.0,0.0
2007-01-26,31.75,77.25,0.0
2007-01-26,31.75,77.5,0.0
2007-01-26,32.0,76.5,0.0
2007-01-26,32.0,76.75,0.0
2007-01-26,32.0,77.0,0.0
2007-01-26,32.0,77.25,0.0
2007-01-26,32.0,77.5,0.0
2007-01-27,31.5,76.5,0.0
2007-01-27,31.5,76.75,0.0
2007-01-27,31.5,77.0,0.0
2007-01-27,31.5,77.25,0.0
2007-01-27,31.5,77.5,0.0
2007-01-27,31.75,76.5,0.0
2007-01-27,31.75,76.75,0.0
2007-01-27,31.75,77.0,0.0
2007-01-27,31.75,77.25,0.0
2007-01-27,31.75,77.5,0.0
2007-01-27,32.0,76.5,0.0
2007-01-27,32.0,76.75,0.0
2007-01-27,32.0,77.0,0.0
2007-01-27,32.0,77.25,0.0
2007-01-27,32.0,77.5,0.0
2007-01-28,31.5,76.5,0.0
2007-01-28,31.5,76.75,0.0
2007-01-28,31.5,77.0,0.0
2007-01-28,31.5,77.25,0.0
2007-01-28,31.5,77.5,0.0
2007-01-28,31.75,76.5,0.0
2007-01-28,31.75,76.75,0.0
2007-01-28,31.75,77.0,0.0
2007-01-28,31.75,77.25,0.0
2007-01-28,31.75,77.5,0.0
2007-01-28,32.0,76.5,0.0
2007-01-28,32.0,76.75,0.0
2007-01-28,32.0,77.0,0.0
2007-01-28,32.0,77.25,0.0
2007-01-28,32.0,77.5,0.0
2007-01-29,31.5,76.5,0.0
2007-01-29,31.5,76.75,0.0
2007-01-29,31.5,77.0,0.0
2007-01-29,31.5,77.25,0.0
2007-01-29,31.5,77.5,0.0
2007-01-29,31.75,76.5,0.0
2007-01-29,31.75,76.75,0.0
2007-01-29,31.75,77.0,0.0
2007-01-29,31.75,77.25,0.0
2007-01-29,31.75,77.5,0.0
2007-01-29,32.0,76.5,0.0
2007-01-29,32.0,76.75,0.0
2007-01-29,32.0,77.0,0.0
2007-01-29,32.0,77.25,0.0
2007-01-29,32.0,77.5,0.0
2007-01-30,31.5,76.5,0.0
2007-01-30,31.5,76.75,0.0
2007-01-30,31.5,77.0,0.0
2007-01-30,31.5,77.25,0.0
2007-01-30,31.5,77.5,0.0
2007-01-30,31.75,76.5,0.0
2007-01-30,31.75,76.75,0.0
2007-01-30,31.75,77.0,0.0
2007-01-30,31.75,77.25,0.0
2007-01-30,31.75,77.5,0.0
2007-01-30,32.0,76.5,0.0
2007-01-30,32.0,76.75,0.0
2007-01-30,32.0,77.0,0.0
2007-01-30,32.0,77.25,0.0
2007-01-30,32.0,77.5,0.0
2007-01-31,31.5,76.5,0.0
2007-01-31,31.5,76.75,0.0
2007-01-31,31.5,77.0,0.0
2007-01-31,31.5,77.25,0.0
2007-01-31,31.5,77.5,0.0
2007-01-31,31.75,76.5,0.0
2007-01-31,31.75,76.75,0.0
2007-01-31,31.75,77.0,0.0
2007-01-31,31.75,77.25,0.0
2007-01-31,31.75,77.5,0.0
2007-01-31,32.0,76.5,0.0
2007-01-31,32.0,76.75,0.0
2007-01-31,32.0,77.0,0.0
2007-01-31,32.0,77.25,0.0
2007-01-31,32.0,77.5,0.0
2007-02-01,31.5,76.5,0.0
2007-02-01,31.5,76.75,0.0
2007-02-01,31.5,77.0,0.0
2007-02-01,31.5,77.25,0.0
2007-02-01,31.5,77.5,0.31880417466163635
2007-02-01,31.75,76.5,0.0
2007-02-01,31.75,76.75,0.0
2007-02-01,31.75,77.0,0.0
2007-02-01,31.75,77.25,0.0
2007-02-01,31.75,77.5,0.0
2007-02-01,32.0,76.5,0.0
2007-02-01,32.0,76.75,0.0
2007-02-01,32.0,77.0,0.0
2007-02-01,32.0,77.25,0.0
2007-02-01,32.0,77.5,0.0
2007-02-02,31.5,76.5,0.0
2007-02-02,31.5,76.75,0.0
2007-02-02,31.5,77.0,0.0
2007-02-02,31.5,77.25,0.0
2007-02-02,31.5,77.5,0.31880417466163635
2007-02-02,31.75,76.5,0.0
2007-02-02,31.75,76.75,0.0
2007-02-02,31.75,77.0,0.0
2007-02-02,31.75,77.25,0.0
2007-02-02,31.75,77.5,0.0
2007-02-02,32.0,76.5,0.0
2007-02-02,32.0,76.75,0.0
2007-02-02,32.0,77.0,0.0
2007-02-02,32.0,77.25,0.0
2007-02-02,32.0,77.5,0.0
2007-02-03,31.5,76.5,0.0
2007-02-03,31.5,76.75,0.0
2007-02-03,31.5,77.0,0.0
2007-02-03,31.5,77.25,0.0
2007-02-03,31.5,77.5,0.15940208733081818
2007-02-03,31.75,76.5,0.0
2007-02-03,31.75,76.75,0.0
2007-02-03,31.75,77.0,0.0
2007-02-03,31.75,77.25,0.0
2007-02-03,31.75,77.5,0.0
2007-02-03,32.0,76.5,0.0
2007-02-03,32.0,76.75,0.0
2007-02-03,32.0,77.0,0.0
2007-02-03,32.0,77.25,0.0
2007-02-03,32.0,77.5,0.0
2007-02-04,31.5,76.5,0.0
2007-02-04,31.5,76.75,0.0
2007-02-04,31.5,77.0,0.9672493934631348
2007-02-04,31.5,77.25,1.3370505571365356
2007-02-04,31.5,77.5,1.3711366653442383
2007-02-04,31.75,76.5,0.0
2007-02-04,31.75,76.75,0.7667515277862549
2007-02-04,31.75,77.0,2.158871650695801
2007-02-04,31.75,77.25,1.4679365158081055
2007-02-04,31.75,77.5,1.313895344734192
2007-02-04,32.0,76.5,0.0
2007-02-04,32.0,76.75,0.8473842740058899
2007-02-04,32.0,77.0,1.8476876020431519
2007-02-04,32.0,77.25,1.2448060512542725
2007-02-04,32.0,77.5,0.8509374856948853
2007-02-05,31.5,76.5,0.0
2007-02-05,31.5,76.75,0.0
2007-02-05,31.5,77.0,0.0
2007-02-05,31.5,77.25,0.0
2007-02-05,31.5,77.5,0.0
2007-02-05,31.75,76.5,0.0
2007-02-05,31.75,76.75,0.0
2007-02-05,31.75,77.0,0.0
2007-02-05,31.75,77.25,0.0
2007-02-05,31.75,77.5,0.0
2007-02-05,32.0,76.5,0.0
2007-02-05,32.0,76.75,0.0
2007-02-05,32.0,77.0,0.0
2007-02-05,32.0,77.25,0.0
2007-02-05,32.0,77.5,0.0
2007-02-06,31.5,76.5,0.682649552822113
2007-02-06,31.5,76.75,0.0
2007-02-06,31.5,77.0,0.0
2007-02-06,31.5,77.25,0.0
2007-02-06,31.5,77.5,0.0
2007-02-06,31.75,76.5,1.3433088064193726
2007-02-06,31.75,76.75,0.3247948884963989
2007-02-06,31.75,77.0,0.1731749176979065
2007-02-06,31.75,77.25,1.4436984062194824
2007-02-06,31.75,77.5,2.7630455493927
2007-02-06,32.0,76.5,0.6568018198013306
2007-02-06,32.0,76.75,4.911224842071533
2007-02-06,32.0,77.0,1.2846769094467163
2007-02-06,32.0,77.25,2.9197139739990234
2007-02-06,32.0,77.5,3.8603854179382324
2007-02-07,31.5,76.5,10.111930847167969
2007-02-07,31.5,76.75,18.797277450561523
2007-02-07,31.5,77.0,16.614534378051758
2007-02-07,31.5,77.25,17.262929916381836
2007-02-07,31.5,77.5,10.333245277404785
2007-02-07,31.75,76.5,4.747735500335693
2007-02-07,31.75,76.75,15.046351432800293
2007-02-07,31.75,77.0,17.06511688232422
2007-02-07,31.75,77.25,15.384490013122559
2007-02-07,31.75,77.5,11.165278434753418
2007-02-07,32.0,76.5,2.6763346195220947
2007-02-07,32.0,76.75,10.454414367675781
2007-02-07,32.0,77.0,14.36500072479248
2007-02-07,32.0,77.25,10.836642265319824
2007-02-07,32.0,77.5,8.381560325622559
2007-02-08,31.5,76.5,0.10051588714122772
2007-02-08,31.5,76.75,0.0
2007-02-08,31.5,77.0,0.4646587371826172
2007-02-08,31.5,77.25,0.5392823815345764
2007-02-08,31.5,77.5,0.0
2007-02-08,31.75,76.5,0.1594005674123764
2007-02-08,31.75,76.75,0.0
2007-02-08,31.75,77.0,0.0
2007-02-08,31.75,77.25,0.5979815721511841
2007-02-08,31.75,77.5,1.1444567441940308
2007-02-08,32.0,76.5,7.147655010223389
2007-02-08,32.0,76.75,2.0342352390289307
2007-02-08,32.0,77.0,0.5321147441864014
2007-02-08,32.0,77.25,1.2093490362167358
2007-02-08,32.0,77.5,1.5989763736724854
2007-02-09,31.5,76.5,0.0
2007-02-09,31.5,76.75,0.0
2007-02-09,31.5,77.0,0.0
2007-02-09,31.5,77.25,0.0
2007-02-09,31.5,77.5,0.0
2007-02-09,31.75,76.5,0.0
2007-02-09,31.75,76.75,0.0
2007-02-09,31.75,77.0,0.0
2007-02-09,31.75,77.25,0.0
2007-02-09,31.75,77.5,0.8111513257026672
2007-02-09,32.0,76.5,0.0
2007-02-09,32.0,76.75,0.0
2007-02-09,32.0,77.0,0.30031317472457886
2007-02-09,32.0,77.25,0.832369863986969
2007-02-09,32.0,77.5,1.3367245197296143
2007-02-10,31.5,76.5,6.925474166870117
2007-02-10,31.5,76.75,0.33010348677635193
2007-02-10,31.5,77.0,0.7643639445304871
2007-02-10,31.5,77.25,0.0
2007-02-10,31.5,77.5,0.0
2007-02-10,31.75,76.5,13.467534065246582
2007-02-10,31.75,76.75,3.4903666973114014
2007-02-10,31.75,77.0,0.0
2007-02-10,31.75,77.25,0.701168954372406
2007-02-10,31.75,77.5,2.119873285293579
2007-02-10,32.0,76.5,6.583019733428955
2007-02-10,32.0,76.75,1.935884952545166
2007-02-10,32.0,77.0,1.0513074398040771
2007-02-10,32.0,77.25,2.245091199874878
2007-02-10,32.0,77.5,3.1148200035095215
2007-02-11,31.5,76.5,20.884506225585938
2007-02-11,31.5,76.75,17.80903434753418
2007-02-11,31.5,77.0,22.2615966796875
2007-02-11,31.5,77.25,23.93588638305664
2007-02-11,31.5,77.5,22.16749382019043
2007-02-11,31.75,76.5,23.063474655151367
2007-02-11,31.75,76.75,17.894245147705078
2007-02-11,31.75,77.0,15.198070526123047
2007-02-11,31.75,77.25,16.19065284729004
2007-02-11,31.75,77.5,16.93135643005371
2007-02-11,32.0,76.5,22.59255027770996
2007-02-11,32.0,76.75,17.90735626220703
2007-02-11,32.0,77.0,15.638089179992676
2007-02-11,32.0,77.25,16.995820999145508
2007-02-11,32.0,77.5,17.96417236328125
2007-02-12,31.5,76.5,30.975038528442383
2007-02-12,31.5,76.75,32.98046112060547
2007-02-12,31.5,77.0,25.98906135559082
2007-02-12,31.5,77.25,23.599454879760742
2007-02-12,31.5,77.5,4.0228118896484375
2007-02-12,31.75,76.5,33.565738677978516
2007-02-12,31.75,76.75,23.86255645751953
2007-02-12,31.75,77.0,7.794408321380615
2007-02-12,31.75,77.25,11.77148151397705
2007-02-12,31.75,77.5,8.873220443725586
2007-02-12,32.0,76.5,25.121749877929688
2007-02-12,32.0,76.75,9.888299942016602
2007-02-12,32.0,77.0,6.893601894378662
2007-02-12,32.0,77.25,8.986821174621582
2007-02-12,32.0,77.5,10.74489974975586
2007-02-13,31.5,76.5,5.863091468811035
2007-02-13,31.5,76.75,6.845151424407959
2007-02-13,31.5,77.0,6.512200832366943
2007-02-13,31.5,77.25,6.391744613647461
2007-02-13,31.5,77.5,3.8135318756103516
2007-02-13,31.75,76.5,2.567213535308838
2007-02-13,31.75,76.75,4.9710307121276855
2007-02-13,31.75,77.0,5.473123550415039
2007-02-13,31.75,77.25,5.392727851867676
2007-02-13,31.75,77.5,4.827259540557861
2007-02-13,32.0,76.5,14.619720458984375
2007-02-13,32.0,76.75,4.816086292266846
2007-02-13,32.0,77.0,4.9723358154296875
2007-02-13,32.0,77.25,4.760200023651123
2007-02-13,32.0,77.5,4.673971176147461
2007-02-14,31.5,76.5,2.531020164489746
2007-02-14,31.5,76.75,2.5172786712646484
2007-02-14,31.5,77.0,4.990401744842529
2007-02-14,31.5,77.25,5.84928560256958
2007-02-14,31.5,77.5,4.83100700378418
2007-02-14,31.75,76.5,0.9469400644302368
2007-02-14,31.75,76.75,2.0705721378326416
2007-02-14,31.75,77.0,2.8241119384765625
2007-02-14,31.75,77.25,3.156418561935425
2007-02-14,31.75,77.5,3.546718120574951
2007-02-14,32.0,76.5,7.148808002471924
2007-02-14,32.0,76.75,4.378561973571777
2007-02-14,32.0,77.0,3.0700178146362305
2007-02-14,32.0,77.25,3.5732228755950928
2007-02-14,32.0,77.5,3.864516258239746
2007-02-15,31.5,76.5,0.21128961443901062
2007-02-15,31.5,76.75,0.2966154217720032
2007-02-15,31.5,77.0,0.23296256363391876
2007-02-15,31.5,77.25,0.16338203847408295
2007-02-15,31.5,77.5,0.0
2007-02-15,31.75,76.5,0.15129472315311432
2007-02-15,31.75,76.75,0.1411234736442566
2007-02-15,31.75,77.0,0.0
2007-02-15,31.75,77.25,0.24945907294750214
2007-02-15,31.75,77.5,0.35968640446662903
2007-02-15,32.0,76.5,4.580695152282715
2007-02-15,32.0,76.75,0.6660134196281433
2007-02-15,32.0,77.0,0.1672360599040985
2007-02-15,32.0,77.25,0.3800811171531677
2007-02-15,32.0,77.5,0.5025354027748108
2007-02-16,31.5,76.5,0.0
2007-02-16,31.5,76.75,0.0
2007-02-16,31.5,77.0,0.0
2007-02-16,31.5,77.25,0.0
2007-02-16,31.5,77.5,0.0
2007-02-16,31.75,76.5,0.0
2007-02-16,31.75,76.75,0.0
2007-02-16,31.75,77.0,0.0
2007-02-16,31.75,77.25,0.18793706595897675
2007-02-16,31.75,77.5,0.7073227167129517
2007-02-16,32.0,76.5,0.0
2007-02-16,32.0,76.75,0.6393311023712158
2007-02-16,32.0,77.0,0.29594171047210693
2007-02-16,32.0,77.25,0.736811101436615
2007-02-16,32.0,77.5,1.075417399406433
2007-02-17,31.5,76.5,7.453690052032471
2007-02-17,31.5,76.75,2.89001202583313
2007-02-17,31.5,77.0,2.790052890777588
2007-02-17,31.5,77.25,2.0607521533966064
2007-02-17,31.5,77.5,2.0538856983184814
2007-02-17,31.75,76.5,12.422770500183105
2007-02-17,31.75,76.75,4.907073974609375
2007-02-17,31.75,77.0,2.1959497928619385
2007-02-17,31.75,77.25,1.9198137521743774
2007-02-17,31.75,77.5,1.2044041156768799
2007-02-17,32.0,76.5,8.097826957702637
2007-02-17,32.0,76.75,1.0258034467697144
2007-02-17,32.0,77.0,1.6937135457992554
2007-02-17,32.0,77.25,1.1410722732543945
2007-02-17,32.0,77.5,0.7800259590148926
2007-02-18,31.5,76.5,9.233922004699707
2007-02-18,31.5,76.75,0.18925774097442627
2007-02-18,31.5,77.0,1.579815149307251
2007-02-18,31.5,77.25,0.9470775127410889
2007-02-18,31.5,77.5,1.6088300943374634
2007-02-18,31.75,76.5,18.119997024536133
2007-02-18,31.75,76.75,4.9360151290893555
2007-02-18,31.75,77.0,1.5672030448913574
2007-02-18,31.75,77.25,1.339263916015625
2007-02-18,31.75,77.5,1.4741783142089844
2007-02-18,32.0,76.5,9.721372604370117
2007-02-18,32.0,76.75,1.4813884496688843
2007-02-18,32.0,77.0,1.6259416341781616
2007-02-18,32.0,77.25,1.4700571298599243
2007-02-18,32.0,77.5,1.3287346363067627
2007-02-19,31.5,76.5,3.7356488704681396
2007-02-19,31.5,76.75,1.209243893623352
2007-02-19,31.5,77.0,5.8792338371276855
2007-02-19,31.5,77.25,6.819996356964111
2007-02-19,31.5,77.5,9.827075004577637
2007-02-19,31.75,76.5,6.291014194488525
2007-02-19,31.75,76.75,5.665356159210205
2007-02-19,31.75,77.0,10.501875877380371
2007-02-19,31.75,77.25,8.531408309936523
2007-02-19,31.75,77.5,9.458052635192871
2007-02-19,32.0,76.5,4.320178508758545
2007-02-19,32.0,76.75,8.52038860321045
2007-02-19,32.0,77.0,10.27088737487793
2007-02-19,32.0,77.25,9.3050537109375
2007-02-19,32.0,77.5,8.677648544311523
2007-02-20,31.5,76.5,0.0
2007-02-20,31.5,76.75,0.0
2007-02-20,31.5,77.0,0.0
2007-02-20,31.5,77.25,0.0
2007-02-20,31.5,77.5,0.0
2007-02-20,31.75,76.5,0.0
2007-02-20,31.75,76.75,0.0
2007-02-20,31.75,77.0,0.0
2007-02-20,31.75,77.25,0.0
2007-02-20,31.75,77.5,0.0
2007-02-20,32.0,76.5,0.0
2007-02-20,32.0,76.75,0.0
2007-02-20,32.0,77.0,0.0
2007-02-20,32.0,77.25,0.0
2007-02-20,32.0,77.5,0.0
2007-02-21,31.5,76.5,0.0
2007-02-21,31.5,76.75,0.0
2007-02-21,31.5,77.0,0.0
2007-02-21,31.5,77.25,0.0
2007-02-21,31.5,77.5,0.0
2007-02-21,31.75,76.5,0.0
2007-02-21,31.75,76.75,0.0
2007-02-21,31.75,77.0,0.0
2007-02-21,31.75,77.25,0.0
2007-02-21,31.75,77.5,0.0
2007-02-21,32.0,76.5,0.0
2007-02-21,32.0,76.75,0.0
2007-02-21,32.0,77.0,0.0
2007-02-21,32.0,77.25,0.0
2007-02-21,32.0,77.5,0.0
2007-02-22,31.5,76.5,0.0
2007-02-22,31.5,76.75,0.2085418701171875
2007-02-22,31.5,77.0,0.77848881483078
2007-02-22,31.5,77.25,1.0067291259765625
2007-02-22,31.5,77.5,0.9712218046188354
2007-02-22,31.75,76.5,0.0
2007-02-22,31.75,76.75,0.9991365075111389
2007-02-22,31.75,77.0,1.6999918222427368
2007-02-22,31.75,77.25,2.274700880050659
2007-02-22,31.75,77.5,5.940332412719727
2007-02-22,32.0,76.5,0.0
2007-02-22,32.0,76.75,3.8800222873687744
2007-02-22,32.0,77.0,3.7381105422973633
2007-02-22,32.0,77.25,6.168298244476318
2007-02-22,32.0,77.5,8.134657859802246
2007-02-23,31.5,76.5,0.0
2007-02-23,31.5,76.75,0.0
2007-02-23,31.5,77.0,0.0
2007-02-23,31.5,77.25,0.0
2007-02-23,31.5,77.5,0.0
2007-02-23,31.75,76.5,0.0
2007-02-23,31.75,76.75,0.0
2007-02-23,31.75,77.0,0.0
2007-02-23,31.75,77.25,0.0
2007-02-23,31.75,77.5,0.0
2007-02-23,32.0,76.5,0.0
2007-02-23,32.0,76.75,0.0
2007-02-23,32.0,77.0,0.0
2007-02-23,32.0,77.25,0.0
2007-02-23,32.0,77.5,0.0
2007-02-24,31.5,76.5,0.0
2007-02-24,31.5,76.75,0.0
2007-02-24,31.5,77.0,0.0
2007-02-24,31.5,77.25,0.0
2007-02-24,31.5,77.5,0.4782062768936157
2007-02-24,31.75,76.5,0.0
2007-02-24,31.75,76.75,0.0
2007-02-24,31.75,77.0,0.0
2007-02-24,31.75,77.25,0.0
2007-02-24,31.75,77.5,0.0
2007-02-24,32.0,76.5,0.0
2007-02-24,32.0,76.75,0.0
2007-02-24,32.0,77.0,0.0
2007-02-24,32.0,77.25,0.0
2007-02-24,32.0,77.5,0.0
2007-02-25,31.5,76.5,0.0
2007-02-25,31.5,76.75,0.0
2007-02-25,31.5,77.0,0.0
2007-02-25,31.5,77.25,0.0
2007-02-25,31.5,77.5,0.31880417466163635
2007-02-25,31.75,76.5,0.0
2007-02-25,31.75,76.75,0.0
2007-02-25,31.75,77.0,0.0
2007-02-25,31.75,77.25,0.0
2007-02-25,31.75,77.5,0.13222813606262207
2007-02-25,32.0,76.5,0.0
2007-02-25,32.0,76.75,0.0
2007-02-25,32.0,77.0,0.0
2007-02-25,32.0,77.25,0.1361863911151886
2007-02-25,32.0,77.5,0.21380318701267242
2007-02-26,31.5,76.5,3.41324782371521
2007-02-26,31.5,76.75,0.12004188448190689
2007-02-26,31.5,77.0,3.479065418243408
2007-02-26,31.5,77.25,4.345414161682129
2007-02-26,31.5,77.5,5.489035129547119
2007-02-26,31.75,76.5,6.716544151306152
2007-02-26,31.75,76.75,4.115916728973389
2007-02-26,31.75,77.0,7.04194974899292
2007-02-26,31.75,77.25,4.984359264373779
2007-02-26,31.75,77.5,5.0265302658081055
2007-02-26,32.0,76.5,3.2840089797973633
2007-02-26,32.0,76.75,3.480511426925659
2007-02-26,32.0,77.0,6.323730945587158
2007-02-26,32.0,77.25,4.834259986877441
2007-02-26,32.0,77.5,3.909491539001465
2007-02-27,31.5,76.5,21.42538833618164
2007-02-27,31.5,76.75,13.111331939697266
2007-02-27,31.5,77.0,20.85211181640625
2007-02-27,31.5,77.25,22.509870529174805
2007-02-27,31.5,77.5,21.853670120239258
2007-02-27,31.75,76.5,31.191747665405273
2007-02-27,31.75,76.75,23.85127830505371
2007-02-27,31.75,77.0,31.450925827026367
2007-02-27,31.75,77.25,26.426740646362305
2007-02-27,31.75,77.5,25.17591094970703
2007-02-27,32.0,76.5,23.64636993408203
2007-02-27,32.0,76.75,23.737276077270508
2007-02-27,32.0,77.0,29.175777435302734
2007-02-27,32.0,77.25,24.655441284179688
2007-02-27,32.0,77.5,21.45301628112793
2007-02-28,31.5,76.5,39.62797546386719
2007-02-28,31.5,76.75,34.54557800292969
2007-02-28,31.5,77.0,55.83600997924805
2007-02-28,31.5,77.25,62.8868522644043
2007-02-28,31.5,77.5,57.24054718017578
2007-02-28,31.75,76.5,47.73881149291992
2007-02-28,31.75,76.75,52.26029968261719
2007-02-28,31.75,77.0,79.43065643310547
2007-02-28,31.75,77.25,68.60480499267578
2007-02-28,31.75,77.5,80.63713073730469
2007-02-28,32.0,76.5,64.54154968261719
2007-02-28,32.0,76.75,67.50581359863281
2007-02-28,32.0,77.0,79.35307312011719
2007-02-28,32.0,77.25,79.7236557006836
2007-02-28,32.0,77.5,81.97303009033203
2007-03-01,31.5,76.5,16.078523635864258
2007-03-01,31.5,76.75,28.036102294921875
2007-03-01,31.5,77.0,36.60899353027344
2007-03-01,31.5,77.25,39.86006164550781
2007-03-01,31.5,77.5,30.263629913330078
2007-03-01,31.75,76.5,5.685952186584473
2007-03-01,31.75,76.75,25.658435821533203
2007-03-01,31.75,77.0,36.713714599609375
2007-03-01,31.75,77.25,31.872648239135742
2007-03-01,31.75,77.5,29.625598907470703
2007-03-01,32.0,76.5,25.407655715942383
2007-03-01,32.0,76.75,25.009977340698242
2007-03-01,32.0,77.0,33.337703704833984
2007-03-01,32.0,77.25,28.993070602416992
2007-03-01,32.0,77.5,26.51052474975586
2007-03-02,31.5,76.5,0.3464233875274658
2007-03-02,31.5,76.75,0.7183972597122192
2007-03-02,31.5,77.0,2.0843822956085205
2007-03-02,31.5,77.25,2.897108793258667
2007-03-02,31.5,77.5,2.6715164184570312
2007-03-02,31.75,76.5,0.1205618679523468
2007-03-02,31.75,76.75,1.5752592086791992
2007-03-02,31.75,77.0,3.950775146484375
2007-03-02,31.75,77.25,5.766591548919678
2007-03-02,31.75,77.5,8.679131507873535
2007-03-02,32.0,76.5,4.812794208526611
2007-03-02,32.0,76.75,12.453189849853516
2007-03-02,32.0,77.0,6.012219429016113
2007-03-02,32.0,77.25,8.927301406860352
2007-03-02,32.0,77.5,10.612971305847168
2007-03-03,31.5,76.5,0.0
2007-03-03,31.5,76.75,0.0
2007-03-03,31.5,77.0,0.0
2007-03-03,31.5,77.25,0.0
2007-03-03,31.5,77.5,0.0
2007-03-03,31.75,76.5,0.0
2007-03-03,31.75,76.75,0.0
2007-03-03,31.75,77.0,0.0
2007-03-03,31.75,77.25,0.0
2007-03-03,31.75,77.5,0.0
2007-03-03,32.0,76.5,0.0
2007-03-03,32.0,76.75,0.0
2007-03-03,32.0,77.0,0.0
2007-03-03,32.0,77.25,0.0
2007-03-03,32.0,77.5,0.0
2007-03-04,31.5,76.5,0.0
2007-03-04,31.5,76.75,0.0
2007-03-04,31.5,77.0,0.0
2007-03-04,31.5,77.25,0.0
2007-03-04,31.5,77.5,0.31880417466163635
2007-03-04,31.75,76.5,0.0
2007-03-04,31.75,76.75,0.0
2007-03-04,31.75,77.0,0.0
2007-03-04,31.75,77.25,0.0
2007-03-04,31.75,77.5,0.34763628244400024
2007-03-04,32.0,76.5,0.0
2007-03-04,32.0,76.75,0.0
2007-03-04,32.0,77.0,0.12870566546916962
2007-03-04,32.0,77.25,0.3567299544811249
2007-03-04,32.0,77.5,0.5728819966316223
2007-03-05,31.5,76.5,1.5169991254806519
2007-03-05,31.5,76.75,0.0
2007-03-05,31.5,77.0,0.14911335706710815
2007-03-05,31.5,77.25,0.0
2007-03-05,31.5,77.5,0.7970104217529297
2007-03-05,31.75,76.5,2.985130548477173
2007-03-05,31.75,76.75,0.7217664122581482
2007-03-05,31.75,77.0,0.0
2007-03-05,31.75,77.25,0.0
2007-03-05,31.75,77.5,0.0
2007-03-05,32.0,76.5,1.4595595598220825
2007-03-05,32.0,76.75,0.0
2007-03-05,32.0,77.0,0.0
2007-03-05,32.0,77.25,0.0
2007-03-05,32.0,77.5,0.0
2007-03-06,31.5,76.5,0.7584995627403259
2007-03-06,31.5,76.75,0.0
2007-03-06,31.5,77.0,0.0
2007-03-06,31.5,77.25,0.0
2007-03-06,31.5,77.5,0.0
2007-03-06,31.75,76.5,1.4925652742385864
2007-03-06,31.75,76.75,0.3608832061290741
2007-03-06,31.75,77.0,0.0
2007-03-06,31.75,77.25,0.0
2007-03-06,31.75,77.5,0.0
2007-03-06,32.0,76.5,0.7297797799110413
2007-03-06,32.0,76.75,0.0
2007-03-06,32.0,77.0,0.0
2007-03-06,32.0,77.25,0.0
2007-03-06,32.0,77.5,0.0
2007-03-07,31.5,76.5,0.0
2007-03-07,31.5,76.75,0.0
2007-03-07,31.5,77.0,0.0
2007-03-07,31.5,77.25,0.0
2007-03-07,31.5,77.5,0.0
2007-03-07,31.75,76.5,0.0
2007-03-07,31.75,76.75,0.0
2007-03-07,31.75,77.0,0.0
2007-03-07,31.75,77.25,0.0
2007-03-07,31.75,77.5,0.0
2007-03-07,32.0,76.5,0.0
2007-03-07,32.0,76.75,0.0
2007-03-07,32.0,77.0,0.0
2007-03-07,32.0,77.25,0.0
2007-03-07,32.0,77.5,0.0
2007-03-08,31.5,76.5,0.0
2007-03-08,31.5,76.75,0.0
2007-03-08,31.5,77.0,0.0
2007-03-08,31.5,77.25,0.0
2007-03-08,31.5,77.5,0.0
2007-03-08,31.75,76.5,0.0
2007-03-08,31.75,76.75,0.0
2007-03-08,31.75,77.0,0.0
2007-03-08,31.75,77.25,0.0
2007-03-08,31.75,77.5,0.0
2007-03-08,32.0,76.5,0.0
2007-03-08,32.0,76.75,0.0
2007-03-08,32.0,77.0,0.0
2007-03-08,32.0,77.25,0.0
2007-03-08,32.0,77.5,0.0
2007-03-09,31.5,76.5,0.0
2007-03-09,31.5,76.75,0.0
2007-03-09,31.5,77.0,0.0
2007-03-09,31.5,77.25,0.0
2007-03-09,31.5,77.5,0.0
2007-03-09,31.75,76.5,0.0
2007-03-09,31.75,76.75,0.0
2007-03-09,31.75,77.0,0.0
2007-03-09,31.75,77.25,0.0
2007-03-09,31.75,77.5,0.0
2007-03-09,32.0,76.5,0.0
2007-03-09,32.0,76.75,0.0
2007-03-09,32.0,77.0,0.0
2007-03-09,32.0,77.25,0.0
2007-03-09,32.0,77.5,0.0
2007-03-10,31.5,76.5,2.9556663036346436
2007-03-10,31.5,76.75,4.582173824310303
2007-03-10,31.5,77.0,4.128012657165527
2007-03-10,31.5,77.25,4.903263092041016
2007-03-10,31.5,77.5,7.022371292114258
2007-03-10,31.75,76.5,1.4913709163665771
2007-03-10,31.75,76.75,3.9970338344573975
2007-03-10,31.75,77.0,4.802778244018555
2007-03-10,31.75,77.25,4.86760139465332
2007-03-10,31.75,77.5,7.8531813621521
2007-03-10,32.0,76.5,5.215045928955078
2007-03-10,32.0,76.75,4.804408073425293
2007-03-10,32.0,77.0,6.1056718826293945
2007-03-10,32.0,77.25,7.9724440574646
2007-03-10,32.0,77.5,9.713869094848633
2007-03-11,31.5,76.5,11.421585083007812
2007-03-11,31.5,76.75,3.7246034145355225
2007-03-11,31.5,77.0,7.989637851715088
2007-03-11,31.5,77.25,8.754517555236816
2007-03-11,31.5,77.5,8.017380714416504
2007-03-11,31.75,76.5,19.515432357788086
2007-03-11,31.75,76.75,11.384026527404785
2007-03-11,31.75,77.0,12.554892539978027
2007-03-11,31.75,77.25,11.94251537322998
2007-03-11,31.75,77.5,16.858291625976562
2007-03-11,32.0,76.5,16.039636611938477
2007-03-11,32.0,76.75,13.58145809173584
2007-03-11,32.0,77.0,15.244869232177734
2007-03-11,32.0,77.25,17.11522674560547
2007-03-11,32.0,77.5,18.642812728881836
2007-03-12,31.5,76.5,24.177492141723633
2007-03-12,31.5,76.75,31.857379913330078
2007-03-12,31.5,77.0,29.47266387939453
2007-03-12,31.5,77.25,29.352069854736328
2007-03-12,31.5,77.5,26.531646728515625
2007-03-12,31.75,76.5,19.665990829467773
2007-03-12,31.75,76.75,27.525489807128906
2007-03-12,31.75,77.0,28.244977951049805
2007-03-12,31.75,77.25,24.982484817504883
2007-03-12,31.75,77.5,21.986684799194336
2007-03-12,32.0,76.5,21.535383224487305
2007-03-12,32.0,76.75,15.609307289123535
2007-03-12,32.0,77.0,24.780603408813477
2007-03-12,32.0,77.25,21.454002380371094
2007-03-12,32.0,77.5,20.0264835357666
2007-03-13,31.5,76.5,29.778444290161133
2007-03-13,31.5,76.75,26.700706481933594
2007-03-13,31.5,77.0,26.301727294921875
2007-03-13,31.5,77.25,25.968116760253906
2007-03-13,31.5,77.5,25.396047592163086
2007-03-13,31.75,76.5,29.89231300354004
2007-03-13,31.75,76.75,26.13016700744629
2007-03-13,31.75,77.0,24.48011016845703
2007-03-13,31.75,77.25,22.694311141967773
2007-03-13,31.75,77.5,19.05000877380371
2007-03-13,32.0,76.5,46.564029693603516
2007-03-13,32.0,76.75,16.99618911743164
2007-03-13,32.0,77.0,22.051227569580078
2007-03-13,32.0,77.25,18.75328826904297
2007-03-13,32.0,77.5,16.604982376098633
2007-03-14,31.5,76.5,14.770702362060547
2007-03-14,31.5,76.75,21.393022537231445
2007-03-14,31.5,77.0,29.663379669189453
2007-03-14,31.5,77.25,34.34745788574219
2007-03-14,31.5,77.5,29.116912841796875
2007-03-14,31.75,76.5,5.566737174987793
2007-03-14,31.75,76.75,23.57464599609375
2007-03-14,31.75,77.0,39.40087127685547
2007-03-14,31.75,77.25,30.417526245117188
2007-03-14,31.75,77.5,23.64842414855957
2007-03-14,32.0,76.5,10.620207786560059
2007-03-14,32.0,76.75,17.793498992919922
2007-03-14,32.0,77.0,32.7135124206543
2007-03-14,32.0,77.25,22.50983238220215
2007-03-14,32.0,77.5,15.782781600952148
2007-03-15,31.5,76.5,0.5443796515464783
2007-03-15,31.5,76.75,1.0979957580566406
2007-03-15,31.5,77.0,1.400091528892517
2007-03-15,31.5,77.25,1.5537135601043701
2007-03-15,31.5,77.5,1.4469120502471924
2007-03-15,31.75,76.5,0.1894543468952179
2007-03-15,31.75,76.75,1.2203083038330078
2007-03-15,31.75,77.0,2.31013822555542
2007-03-15,31.75,77.25,3.6214118003845215
2007-03-15,31.75,77.5,5.128255844116211
2007-03-15,32.0,76.5,0.0
2007-03-15,32.0,76.75,7.849123954772949
2007-03-15,32.0,77.0,3.518106698989868
2007-03-15,32.0,77.25,5.287411689758301
2007-03-15,32.0,77.5,6.262230396270752
2007-03-16,31.5,76.5,0.0
2007-03-16,31.5,76.75,0.0
2007-03-16,31.5,77.0,0.0
2007-03-16,31.5,77.25,0.0
2007-03-16,31.5,77.5,0.31880417466163635
2007-03-16,31.75,76.5,0.0
2007-03-16,31.75,76.75,0.0
2007-03-16,31.75,77.0,0.6107233762741089
2007-03-16,31.75,77.25,5.091385841369629
2007-03-16,31.75,77.5,9.744231224060059
2007-03-16,32.0,76.5,0.0
2007-03-16,32.0,76.75,17.320058822631836
2007-03-16,32.0,77.0,4.530576705932617
2007-03-16,32.0,77.25,10.29674243927002
2007-03-16,32.0,77.5,13.614141464233398
2007-03-17,31.5,76.5,0.0
2007-03-17,31.5,76.75,0.0
2007-03-17,31.5,77.0,0.0
2007-03-17,31.5,77.25,0.0
2007-03-17,31.5,77.5,0.4782062768936157
2007-03-17,31.75,76.5,0.0
2007-03-17,31.75,76.75,0.0
2007-03-17,31.75,77.0,0.8535781502723694
2007-03-17,31.75,77.25,7.115981101989746
2007-03-17,31.75,77.5,13.619035720825195
2007-03-17,32.0,76.5,0.0
2007-03-17,32.0,76.75,24.207399368286133
2007-03-17,32.0,77.0,6.332165241241455
2007-03-17,32.0,77.25,14.391254425048828
2007-03-17,32.0,77.5,19.02781867980957
2007-03-18,31.5,76.5,0.0
2007-03-18,31.5,76.75,0.0
2007-03-18,31.5,77.0,0.0
2007-03-18,31.5,77.25,0.0
2007-03-18,31.5,77.5,0.0
2007-03-18,31.75,76.5,0.0
2007-03-18,31.75,76.75,0.0
2007-03-18,31.75,77.0,0.0
2007-03-18,31.75,77.25,0.0
2007-03-18,31.75,77.5,0.0
2007-03-18,32.0,76.5,0.0
2007-03-18,32.0,76.75,0.0
2007-03-18,32.0,77.0,0.0
2007-03-18,32.0,77.25,0.0
2007-03-18,32.0,77.5,0.0
2007-03-19,31.5,76.5,8.722744941711426
2007-03-19,31.5,76.75,0.170210599899292
2007-03-19,31.5,77.0,0.8574017882347107
2007-03-19,31.5,77.25,0.0
2007-03-19,31.5,77.5,0.0
2007-03-19,31.75,76.5,17.164501190185547
2007-03-19,31.75,76.75,4.1501569747924805
2007-03-19,31.75,77.0,0.9222332835197449
2007-03-19,31.75,77.25,7.6883344650268555
2007-03-19,31.75,77.5,15.293837547302246
2007-03-19,32.0,76.5,8.392467498779297
2007-03-19,32.0,76.75,26.154451370239258
2007-03-19,32.0,77.0,7.055984020233154
2007-03-19,32.0,77.25,16.14332389831543
2007-03-19,32.0,77.5,21.51306915283203
2007-03-20,31.5,76.5,2.5734307765960693
2007-03-20,31.5,76.75,5.212350845336914
2007-03-20,31.5,77.0,7.920607566833496
2007-03-20,31.5,77.25,9.090044975280762
2007-03-20,31.5,77.5,7.687184810638428
2007-03-20,31.75,76.5,0.8956024050712585
2007-03-20,31.75,76.75,7.175142288208008
2007-03-20,31.75,77.0,13.1202392578125
2007-03-20,31.75,77.25,14.669647216796875
2007-03-20,31.75,77.5,18.166786193847656
2007-03-20,32.0,76.5,2.836296796798706
2007-03-20,32.0,76.75,22.598949432373047
2007-03-20,32.0,77.0,15.749719619750977
2007-03-20,32.0,77.25,18.474594116210938
2007-03-20,32.0,77.5,19.817848205566406
2007-03-21,31.5,76.5,22.49452781677246
2007-03-21,31.5,76.75,8.207296371459961
2007-03-21,31.5,77.0,10.288134574890137
2007-03-21,31.5,77.25,9.145440101623535
2007-03-21,31.5,77.5,7.121494770050049
2007-03-21,31.75,76.5,37.64137649536133
2007-03-21,31.75,76.75,17.15948486328125
2007-03-21,31.75,77.0,11.890012741088867
2007-03-21,31.75,77.25,14.03572940826416
2007-03-21,31.75,77.5,16.99995994567871
2007-03-21,32.0,76.5,38.371192932128906
2007-03-21,32.0,76.75,19.9184627532959
2007-03-21,32.0,77.0,15.109243392944336
2007-03-21,32.0,77.25,17.490503311157227
2007-03-21,32.0,77.5,18.561561584472656
2007-03-22,31.5,76.5,15.595267295837402
2007-03-22,31.5,76.75,25.525962829589844
2007-03-22,31.5,77.0,25.028148651123047
2007-03-22,31.5,77.25,25.830415725708008
2007-03-22,31.5,77.5,19.678647994995117
2007-03-22,31.75,76.5,8.613082885742188
2007-03-22,31.75,76.75,22.75331687927246
2007-03-22,31.75,77.0,28.685880661010742
2007-03-22,31.75,77.25,25.199094772338867
2007-03-22,31.75,77.5,19.575956344604492
2007-03-22,32.0,76.5,12.236591339111328
2007-03-22,32.0,76.75,18.031627655029297
2007-03-22,32.0,77.0,24.869529724121094
2007-03-22,32.0,77.25,19.060972213745117
2007-03-22,32.0,77.5,14.967726707458496
2007-03-23,31.5,76.5,0.0
2007-03-23,31.5,76.75,0.0
2007-03-23,31.5,77.0,0.0
2007-03-23,31.5,77.25,0.0
2007-03-23,31.5,77.5,0.0
2007-03-23,31.75,76.5,0.0
2007-03-23,31.75,76.75,0.0
2007-03-23,31.75,77.0,0.0
2007-03-23,31.75,77.25,0.0
2007-03-23,31.75,77.5,0.0
2007-03-23,32.0,76.5,0.0
2007-03-23,32.0,76.75,0.0
2007-03-23,32.0,77.0,0.0
2007-03-23,32.0,77.25,0.0
2007-03-23,32.0,77.5,0.0
2007-03-24,31.5,76.5,0.0
2007-03-24,31.5,76.75,0.0
2007-03-24,31.5,77.0,0.0
2007-03-24,31.5,77.25,0.0
2007-03-24,31.5,77.5,0.0
2007-03-24,31.75,76.5,0.0
2007-03-24,31.75,76.75,0.0
2007-03-24,31.75,77.0,0.0
2007-03-24,31.75,77.25,0.0
2007-03-24,31.75,77.5,0.0
2007-03-24,32.0,76.5,0.0
2007-03-24,32.0,76.75,0.0
2007-03-24,32.0,77.0,0.0
2007-03-24,32.0,77.25,0.0
2007-03-24,32.0,77.5,0.0
2007-03-25,31.5,76.5,0.0
2007-03-25,31.5,76.75,0.0
2007-03-25,31.5,77.0,0.16001032292842865
2007-03-25,31.5,77.25,0.21836063265800476
2007-03-25,31.5,77.5,0.22852276265621185
2007-03-25,31.75,76.5,0.0
2007-03-25,31.75,76.75,0.24942699074745178
2007-03-25,31.75,77.0,1.041168451309204
2007-03-25,31.75,77.25,5.8910369873046875
2007-03-25,31.75,77.5,11.083383560180664
2007-03-25,32.0,76.5,0.0
2007-03-25,32.0,76.75,19.08062744140625
2007-03-25,32.0,77.0,5.474225044250488
2007-03-25,32.0,77.25,11.711688041687012
2007-03-25,32.0,77.5,15.284923553466797
2007-03-26,31.5,76.5,0.0
2007-03-26,31.5,76.75,0.0
2007-03-26,31.5,77.0,0.0
2007-03-26,31.5,77.25,0.0
2007-03-26,31.5,77.5,0.0
2007-03-26,31.75,76.5,0.0
2007-03-26,31.75,76.75,0.0
2007-03-26,31.75,77.0,0.5338706374168396
2007-03-26,31.75,77.25,4.450691223144531
2007-03-26,31.75,77.5,8.518027305603027
2007-03-26,32.0,76.5,0.0
2007-03-26,32.0,76.75,15.140522003173828
2007-03-26,32.0,77.0,3.960453748703003
2007-03-26,32.0,77.25,9.001011848449707
2007-03-26,32.0,77.5,11.900951385498047
2007-03-27,31.5,76.5,0.0
2007-03-27,31.5,76.75,0.0
2007-03-27,31.5,77.0,0.0
2007-03-27,31.5,77.25,0.0
2007-03-27,31.5,77.5,0.31880417466163635
2007-03-27,31.75,76.5,0.0
2007-03-27,31.75,76.75,0.0
2007-03-27,31.75,77.0,0.37504151463508606
2007-03-27,31.75,77.25,3.126589298248291
2007-03-27,31.75,77.5,5.9838738441467285
2007-03-27,32.0,76.5,0.0
2007-03-27,32.0,76.75,10.636143684387207
2007-03-27,32.0,77.0,2.7821996212005615
2007-03-27,32.0,77.25,6.32316780090332
2007-03-27,32.0,77.5,8.360361099243164
2007-03-28,31.5,76.5,0.0
2007-03-28,31.5,76.75,0.0
2007-03-28,31.5,77.0,0.0
2007-03-28,31.5,77.25,0.0
2007-03-28,31.5,77.5,0.31880417466163635
2007-03-28,31.75,76.5,0.0
2007-03-28,31.75,76.75,0.0
2007-03-28,31.75,77.0,0.0
2007-03-28,31.75,77.25,0.0
2007-03-28,31.75,77.5,0.0
2007-03-28,32.0,76.5,0.0
2007-03-28,32.0,76.75,0.0
2007-03-28,32.0,77.0,0.0
2007-03-28,32.0,77.25,0.0
2007-03-28,32.0,77.5,0.0
2007-03-29,31.5,76.5,0.0
2007-03-29,31.5,76.75,0.0
2007-03-29,31.5,77.0,0.0
2007-03-29,31.5,77.25,0.0
2007-03-29,31.5,77.5,0.31880417466163635
2007-03-29,31.75,76.5,0.0
2007-03-29,31.75,76.75,0.0
2007-03-29,31.75,77.0,0.0
2007-03-29,31.75,77.25,0.0
2007-03-29,31.75,77.5,0.0
2007-03-29,32.0,76.5,0.0
2007-03-29,32.0,76.75,0.0
2007-03-29,32.0,77.0,0.0
2007-03-29,32.0,77.25,0.0
2007-03-29,32.0,77.5,0.0
2007-03-30,31.5,76.5,0.0
2007-03-30,31.5,76.75,0.0
2007-03-30,31.5,77.0,0.0
2007-03-30,31.5,77.25,0.0
2007-03-30,31.5,77.5,0.15940208733081818
2007-03-30,31.75,76.5,0.0
2007-03-30,31.75,76.75,0.0
2007-03-30,31.75,77.0,0.0
2007-03-30,31.75,77.25,0.0
2007-03-30,31.75,77.5,0.0
2007-03-30,32.0,76.5,0.0
2007-03-30,32.0,76.75,0.0
2007-03-30,32.0,77.0,0.0
2007-03-30,32.0,77.25,0.0
2007-03-30,32.0,77.5,0.0
2007-03-31,31.5,76.5,0.0
2007-03-31,31.5,76.75,0.0
2007-03-31,31.5,77.0,0.0
2007-03-31,31.5,77.25,0.0
2007-03-31,31.5,77.5,0.0
2007-03-31,31.75,76.5,0.0
2007-03-31,31.75,76.75,0.0
2007-03-31,31.75,77.0,0.10042096674442291
2007-03-31,31.75,77.25,0.8371741771697998
2007-03-31,31.75,77.5,1.6022393703460693
2007-03-31,32.0,76.5,0.0
2007-03-31,32.0,76.75,2.8479294776916504
2007-03-31,32.0,77.0,0.744960606098175
2007-03-31,32.0,77.25,1.6930886507034302
2007-03-31,32.0,77.5,2.2385668754577637
2007-04-01,31.5,76.5,0.0
2007-04-01,31.5,76.75,0.0
2007-04-01,31.5,77.0,0.0
2007-04-01,31.5,77.25,0.0
2007-04-01,31.5,77.5,0.0
2007-04-01,31.75,76.5,0.0
2007-04-01,31.75,76.75,0.0
2007-04-01,31.75,77.0,0.0
2007-04-01,31.75,77.25,0.0
2007-04-01,31.75,77.5,0.11587876081466675
2007-04-01,32.0,76.5,0.0
2007-04-01,32.0,76.75,0.0
2007-04-01,32.0,77.0,0.0
2007-04-01,32.0,77.25,0.11890998482704163
2007-04-01,32.0,77.5,0.19096066057682037
2007-04-02,31.5,76.5,0.0
2007-04-02,31.5,76.75,0.0
2007-04-02,31.5,77.0,0.0
2007-04-02,31.5,77.25,0.0
2007-04-02,31.5,77.5,0.0
2007-04-02,31.75,76.5,0.0
2007-04-02,31.75,76.75,0.0
2007-04-02,31.75,77.0,0.0
2007-04-02,31.75,77.25,0.0
2007-04-02,31.75,77.5,0.2317575216293335
2007-04-02,32.0,76.5,0.0
2007-04-02,32.0,76.75,0.0
2007-04-02,32.0,77.0,0.0
2007-04-02,32.0,77.25,0.23781996965408325
2007-04-02,32.0,77.5,0.38192132115364075
2007-04-03,31.5,76.5,0.0
2007-04-03,31.5,76.75,0.0
2007-04-03,31.5,77.0,0.0
2007-04-03,31.5,77.25,0.0
2007-04-03,31.5,77.5,0.0
2007-04-03,31.75,76.5,0.0
2007-04-03,31.75,76.75,0.0
2007-04-03,31.75,77.0,0.0
2007-04-03,31.75,77.25,0.0
2007-04-03,31.75,77.5,0.0
2007-04-03,32.0,76.5,0.0
2007-04-03,32.0,76.75,0.0
2007-04-03,32.0,77.0,0.0
2007-04-03,32.0,77.25,0.0
2007-04-03,32.0,77.5,0.0
2007-04-04,31.5,76.5,0.0
2007-04-04,31.5,76.75,0.0
2007-04-04,31.5,77.0,0.0
2007-04-04,31.5,77.25,0.0
2007-04-04,31.5,77.5,0.0
2007-04-04,31.75,76.5,0.0
2007-04-04,31.75,76.75,0.0
2007-04-04,31.75,77.0,0.0
2007-04-04,31.75,77.25,0.0
2007-04-04,31.75,77.5,0.0
2007-04-04,32.0,76.5,0.0
2007-04-04,32.0,76.75,0.0
2007-04-04,32.0,77.0,0.0
2007-04-04,32.0,77.25,0.0
2007-04-04,32.0,77.5,0.0
2007-04-05,31.5,76.5,0.0
2007-04-05,31.5,76.75,0.0
2007-04-05,31.5,77.0,0.0
2007-04-05,31.5,77.25,0.0
2007-04-05,31.5,77.5,0.0
2007-04-05,31.75,76.5,0.0
2007-04-05,31.75,76.75,0.0
2007-04-05,31.75,77.0,0.0
2007-04-05,31.75,77.25,0.0
2007-04-05,31.75,77.5,0.0
2007-04-05,32.0,76.5,0.0
2007-04-05,32.0,76.75,0.0
2007-04-05,32.0,77.0,0.0
2007-04-05,32.0,77.25,0.0
2007-04-05,32.0,77.5,0.0
2007-04-06,31.5,76.5,0.0
2007-04-06,31.5,76.75,0.0
2007-04-06,31.5,77.0,0.0
2007-04-06,31.5,77.25,0.0
2007-04-06,31.5,77.5,0.0
2007-04-06,31.75,76.5,0.0
2007-04-06,31.75,76.75,0.0
2007-04-06,31.75,77.0,0.0
2007-04-06,31.75,77.25,0.0
2007-04-06,31.75,77.5,0.0
2007-04-06,32.0,76.5,0.0
2007-04-06,32.0,76.75,0.0
2007-04-06,32.0,77.0,0.0
2007-04-06,32.0,77.25,0.0
2007-04-06,32.0,77.5,0.0
2007-04-07,31.5,76.5,0.0
2007-04-07,31.5,76.75,0.0
2007-04-07,31.5,77.0,0.0
2007-04-07,31.5,77.25,0.0
2007-04-07,31.5,77.5,0.0
2007-04-07,31.75,76.5,0.0
2007-04-07,31.75,76.75,0.0
2007-04-07,31.75,77.0,0.0
2007-04-07,31.75,77.25,0.0
2007-04-07,31.75,77.5,0.0
2007-04-07,32.0,76.5,0.0
2007-04-07,32.0,76.75,0.0
2007-04-07,32.0,77.0,0.0
2007-04-07,32.0,77.25,0.0
2007-04-07,32.0,77.5,0.0
2007-04-08,31.5,76.5,0.0
2007-04-08,31.5,76.75,0.0
2007-04-08,31.5,77.0,0.0
2007-04-08,31.5,77.25,0.0
2007-04-08,31.5,77.5,2.2185397148132324
2007-04-08,31.75,76.5,0.0
2007-04-08,31.75,76.75,0.0
2007-04-08,31.75,77.0,0.0
2007-04-08,31.75,77.25,0.0
2007-04-08,31.75,77.5,0.0
2007-04-08,32.0,76.5,0.0
2007-04-08,32.0,76.75,0.0
2007-04-08,32.0,77.0,0.0
2007-04-08,32.0,77.25,0.0
2007-04-08,32.0,77.5,0.0
2007-04-09,31.5,76.5,0.0
2007-04-09,31.5,76.75,0.0
2007-04-09,31.5,77.0,0.0
2007-04-09,31.5,77.25,0.0
2007-04-09,31.5,77.5,0.31880417466163635
2007-04-09,31.75,76.5,0.0
2007-04-09,31.75,76.75,0.0
2007-04-09,31.75,77.0,0.0
2007-04-09,31.75,77.25,0.0
2007-04-09,31.75,77.5,0.0
2007-04-09,32.0,76.5,0.0
2007-04-09,32.0,76.75,0.0
2007-04-09,32.0,77.0,0.0
2007-04-09,32.0,77.25,0.0
2007-04-09,32.0,77.5,0.0
2007-04-10,31.5,76.5,0.0
2007-04-10,31.5,76.75,0.0
2007-04-10,31.5,77.0,0.0
2007-04-10,31.5,77.25,0.0
2007-04-10,31.5,77.5,0.15940208733081818
2007-04-10,31.75,76.5,0.0
2007-04-10,31.75,76.75,0.0
2007-04-10,31.75,77.0,0.0
2007-04-10,31.75,77.25,0.0
2007-04-10,31.75,77.5,0.0
2007-04-10,32.0,76.5,0.0
2007-04-10,32.0,76.75,0.0
2007-04-10,32.0,77.0,0.0
2007-04-10,32.0,77.25,0.0
2007-04-10,32.0,77.5,0.0
2007-04-11,31.5,76.5,0.0
2007-04-11,31.5,76.75,0.0
2007-04-11,31.5,77.0,0.0
2007-04-11,31.5,77.25,0.0
2007-04-11,31.5,77.5,0.0
2007-04-11,31.75,76.5,0.0
2007-04-11,31.75,76.75,0.0
2007-04-11,31.75,77.0,0.0
2007-04-11,31.75,77.25,0.0
2007-04-11,31.75,77.5,0.0
2007-04-11,32.0,76.5,0.0
2007-04-11,32.0,76.75,0.0
2007-04-11,32.0,77.0,0.0
2007-04-11,32.0,77.25,0.0
2007-04-11,32.0,77.5,0.0
2007-04-12,31.5,76.5,0.0
2007-04-12,31.5,76.75,0.0
2007-04-12,31.5,77.0,0.0
2007-04-12,31.5,77.25,0.0
2007-04-12,31.5,77.5,0.0
2007-04-12,31.75,76.5,0.0
2007-04-12,31.75,76.75,0.0
2007-04-12,31.75,77.0,0.0
2007-04-12,31.75,77.25,0.0
2007-04-12,31.75,77.5,0.0
2007-04-12,32.0,76.5,0.0
2007-04-12,32.0,76.75,0.0
2007-04-12,32.0,77.0,0.0
2007-04-12,32.0,77.25,0.0
2007-04-12,32.0,77.5,0.0
2007-04-13,31.5,76.5,0.0
2007-04-13,31.5,76.75,0.0
2007-04-13,31.5,77.0,0.0
2007-04-13,31.5,77.25,0.0
2007-04-13,31.5,77.5,0.0
2007-04-13,31.75,76.5,0.0
2007-04-13,31.75,76.75,0.0
2007-04-13,31.75,77.0,0.0
2007-04-13,31.75,77.25,0.0
2007-04-13,31.75,77.5,0.0
2007-04-13,32.0,76.5,0.0
2007-04-13,32.0,76.75,0.0
2007-04-13,32.0,77.0,0.0
2007-04-13,32.0,77.25,0.0
2007-04-13,32.0,77.5,0.0
2007-04-14,31.5,76.5,0.0
2007-04-14,31.5,76.75,0.0
2007-04-14,31.5,77.0,0.0
2007-04-14,31.5,77.25,0.0
2007-04-14,31.5,77.5,0.0
2007-04-14,31.75,76.5,0.0
2007-04-14,31.75,76.75,0.0
2007-04-14,31.75,77.0,0.0
2007-04-14,31.75,77.25,0.0
2007-04-14,31.75,77.5,0.0
2007-04-14,32.0,76.5,0.0
2007-04-14,32.0,76.75,0.0
2007-04-14,32.0,77.0,0.0
2007-04-14,32.0,77.25,0.0
2007-04-14,32.0,77.5,0.0
2007-04-15,31.5,76.5,0.0
2007-04-15,31.5,76.75,0.0
2007-04-15,31.5,77.0,0.0
2007-04-15,31.5,77.25,0.0
2007-04-15,31.5,77.5,0.0
2007-04-15,31.75,76.5,0.0
2007-04-15,31.75,76.75,0.0
2007-04-15,31.75,77.0,0.0
2007-04-15,31.75,77.25,0.0
2007-04-15,31.75,77.5,0.0
2007-04-15,32.0,76.5,0.0
2007-04-15,32.0,76.75,0.0
2007-04-15,32.0,77.0,0.0
2007-04-15,32.0,77.25,0.0
2007-04-15,32.0,77.5,0.0
2007-04-16,31.5,76.5,0.0
2007-04-16,31.5,76.75,0.0
2007-04-16,31.5,77.0,0.0
2007-04-16,31.5,77.25,0.0
2007-04-16,31.5,77.5,0.0
2007-04-16,31.75,76.5,0.0
2007-04-16,31.75,76.75,0.0
2007-04-16,31.75,77.0,0.0
2007-04-16,31.75,77.25,0.0
2007-04-16,31.75,77.5,0.0
2007-04-16,32.0,76.5,0.0
2007-04-16,32.0,76.75,0.0
2007-04-16,32.0,77.0,0.0
2007-04-16,32.0,77.25,0.0
2007-04-16,32.0,77.5,0.0
2007-04-17,31.5,76.5,0.0
2007-04-17,31.5,76.75,0.0
2007-04-17,31.5,77.0,0.0
2007-04-17,31.5,77.25,0.0
2007-04-17,31.5,77.5,0.0
2007-04-17,31.75,76.5,0.0
2007-04-17,31.75,76.75,0.0
2007-04-17,31.75,77.0,0.0
2007-04-17,31.75,77.25,0.0
2007-04-17,31.75,77.5,0.0
2007-04-17,32.0,76.5,0.0
2007-04-17,32.0,76.75,0.0
2007-04-17,32.0,77.0,0.0
2007-04-17,32.0,77.25,0.0
2007-04-17,32.0,77.5,0.0
2007-04-18,31.5,76.5,13.178028106689453
2007-04-18,31.5,76.75,10.38893985748291
2007-04-18,31.5,77.0,8.613482475280762
2007-04-18,31.5,77.25,8.122367858886719
2007-04-18,31.5,77.5,17.983755111694336
2007-04-18,31.75,76.5,12.599865913391113
2007-04-18,31.75,76.75,8.957883834838867
2007-04-18,31.75,77.0,6.716415882110596
2007-04-18,31.75,77.25,6.638064861297607
2007-04-18,31.75,77.5,4.688006401062012
2007-04-18,32.0,76.5,12.524149894714355
2007-04-18,32.0,76.75,5.021735191345215
2007-04-18,32.0,77.0,5.518356800079346
2007-04-18,32.0,77.25,4.561397552490234
2007-04-18,32.0,77.5,3.911818742752075
2007-04-19,31.5,76.5,0.0
2007-04-19,31.5,76.75,0.0
2007-04-19,31.5,77.0,0.0
2007-04-19,31.5,77.25,0.0
2007-04-19,31.5,77.5,0.0
2007-04-19,31.75,76.5,0.0
2007-04-19,31.75,76.75,0.0
2007-04-19,31.75,77.0,0.0
2007-04-19,31.75,77.25,0.0
2007-04-19,31.75,77.5,0.0
2007-04-19,32.0,76.5,0.0
2007-04-19,32.0,76.75,0.0
2007-04-19,32.0,77.0,0.0
2007-04-19,32.0,77.25,0.0
2007-04-19,32.0,77.5,0.0
2007-04-20,31.5,76.5,0.0
2007-04-20,31.5,76.75,0.0
2007-04-20,31.5,77.0,0.0
2007-04-20,31.5,77.25,0.0
2007-04-20,31.5,77.5,3.1358964443206787
2007-04-20,31.75,76.5,0.0
2007-04-20,31.75,76.75,0.0
2007-04-20,31.75,77.0,0.0
2007-04-20,31.75,77.25,0.0
2007-04-20,31.75,77.5,0.0
2007-04-20,32.0,76.5,0.0
2007-04-20,32.0,76.75,0.0
2007-04-20,32.0,77.0,0.0
2007-04-20,32.0,77.25,0.0
2007-04-20,32.0,77.5,0.0
2007-04-21,31.5,76.5,0.0
2007-04-21,31.5,76.75,0.0
2007-04-21,31.5,77.0,0.0
2007-04-21,31.5,77.25,0.0
2007-04-21,31.5,77.5,0.22170963883399963
2007-04-21,31.75,76.5,0.0
2007-04-21,31.75,76.75,0.0
2007-04-21,31.75,77.0,0.0
2007-04-21,31.75,77.25,0.0
2007-04-21,31.75,77.5,0.0
2007-04-21,32.0,76.5,0.0
2007-04-21,32.0,76.75,0.0
2007-04-21,32.0,77.0,0.0
2007-04-21,32.0,77.25,0.0
2007-04-21,32.0,77.5,0.0
2007-04-22,31.5,76.5,0.0
2007-04-22,31.5,76.75,0.0
2007-04-22,31.5,77.0,0.13549324870109558
2007-04-22,31.5,77.25,0.16713131964206696
2007-04-22,31.5,77.5,0.2664104998111725
2007-04-22,31.75,76.5,0.0
2007-04-22,31.75,76.75,0.0
2007-04-22,31.75,77.0,0.2698589563369751
2007-04-22,31.75,77.25,0.18349206447601318
2007-04-22,31.75,77.5,0.164236918091774
2007-04-22,32.0,76.5,0.0
2007-04-22,32.0,76.75,0.10592303425073624
2007-04-22,32.0,77.0,0.23096095025539398
2007-04-22,32.0,77.25,0.15560075640678406
2007-04-22,32.0,77.5,0.10636718571186066
2007-04-23,31.5,76.5,0.0
2007-04-23,31.5,76.75,0.0
2007-04-23,31.5,77.0,0.0
2007-04-23,31.5,77.25,0.0
2007-04-23,31.5,77.5,0.0
2007-04-23,31.75,76.5,0.0
2007-04-23,31.75,76.75,0.0
2007-04-23,31.75,77.0,0.0
2007-04-23,31.75,77.25,0.0
2007-04-23,31.75,77.5,0.0
2007-04-23,32.0,76.5,0.0
2007-04-23,32.0,76.75,0.0
2007-04-23,32.0,77.0,0.0
2007-04-23,32.0,77.25,0.0
2007-04-23,32.0,77.5,0.0
2007-04-24,31.5,76.5,0.0
2007-04-24,31.5,76.75,0.0
2007-04-24,31.5,77.0,0.0
2007-04-24,31.5,77.25,0.0
2007-04-24,31.5,77.5,0.0
2007-04-24,31.75,76.5,0.0
2007-04-24,31.75,76.75,0.0
2007-04-24,31.75,77.0,0.0
2007-04-24,31.75,77.25,0.0
2007-04-24,31.75,77.5,0.0
2007-04-24,32.0,76.5,0.0
2007-04-24,32.0,76.75,0.0
2007-04-24,32.0,77.0,0.0
2007-04-24,32.0,77.25,0.0
2007-04-24,32.0,77.5,0.0
2007-04-25,31.5,76.5,0.0
2007-04-25,31.5,76.75,0.0
2007-04-25,31.5,77.0,0.0
2007-04-25,31.5,77.25,0.0
2007-04-25,31.5,77.5,0.0
2007-04-25,31.75,76.5,0.0
2007-04-25,31.75,76.75,0.0
2007-04-25,31.75,77.0,0.0
2007-04-25,31.75,77.25,0.0
2007-04-25,31.75,77.5,0.0
2007-04-25,32.0,76.5,0.0
2007-04-25,32.0,76.75,0.0
2007-04-25,32.0,77.0,0.0
2007-04-25,32.0,77.25,0.0
2007-04-25,32.0,77.5,0.0
2007-04-26,31.5,76.5,0.0
2007-04-26,31.5,76.75,0.0
2007-04-26,31.5,77.0,0.0
2007-04-26,31.5,77.25,0.0
2007-04-26,31.5,77.5,0.0
2007-04-26,31.75,76.5,0.0
2007-04-26,31.75,76.75,0.0
2007-04-26,31.75,77.0,0.0
2007-04-26,31.75,77.25,0.0
2007-04-26,31.75,77.5,0.0
2007-04-26,32.0,76.5,0.0
2007-04-26,32.0,76.75,0.0
2007-04-26,32.0,77.0,0.0
2007-04-26,32.0,77.25,0.0
2007-04-26,32.0,77.5,0.0
2007-04-27,31.5,76.5,0.0
2007-04-27,31.5,76.75,0.0
2007-04-27,31.5,77.0,0.0
2007-04-27,31.5,77.25,0.0
2007-04-27,31.5,77.5,0.0
2007-04-27,31.75,76.5,0.0
2007-04-27,31.75,76.75,0.0
2007-04-27,31.75,77.0,0.0
2007-04-27,31.75,77.25,0.0
2007-04-27,31.75,77.5,0.0
2007-04-27,32.0,76.5,0.0
2007-04-27,32.0,76.75,0.0
2007-04-27,32.0,77.0,0.0
2007-04-27,32.0,77.25,0.0
2007-04-27,32.0,77.5,0.0
2007-04-28,31.5,76.5,0.0
2007-04-28,31.5,76.75,0.0
2007-04-28,31.5,77.0,0.0
2007-04-28,31.5,77.25,0.0
2007-04-28,31.5,77.5,0.0
2007-04-28,31.75,76.5,0.0
2007-04-28,31.75,76.75,0.0
2007-04-28,31.75,77.0,0.0
2007-04-28,31.75,77.25,0.0
2007-04-28,31.75,77.5,0.0
2007-04-28,32.0,76.5,0.0
2007-04-28,32.0,76.75,0.0
2007-04-28,32.0,77.0,0.0
2007-04-28,32.0,77.25,0.0
2007-04-28,32.0,77.5,0.0
2007-04-29,31.5,76.5,0.0
2007-04-29,31.5,76.75,0.0
2007-04-29,31.5,77.0,0.0
2007-04-29,31.5,77.25,0.0
2007-04-29,31.5,77.5,0.0
2007-04-29,31.75,76.5,0.0
2007-04-29,31.75,76.75,0.0
2007-04-29,31.75,77.0,0.0
2007-04-29,31.75,77.25,0.0
2007-04-29,31.75,77.5,0.0
2007-04-29,32.0,76.5,0.0
2007-04-29,32.0,76.75,0.0
2007-04-29,32.0,77.0,0.0
2007-04-29,32.0,77.25,0.0
2007-04-29,32.0,77.5,0.0
2007-04-30,31.5,76.5,0.0
2007-04-30,31.5,76.75,0.0
2007-04-30,31.5,77.0,0.0
2007-04-30,31.5,77.25,0.0
2007-04-30,31.5,77.5,0.22185398638248444
2007-04-30,31.75,76.5,0.0
2007-04-30,31.75,76.75,0.0
2007-04-30,31.75,77.0,0.0
2007-04-30,31.75,77.25,0.0
2007-04-30,31.75,77.5,0.0
2007-04-30,32.0,76.5,0.0
2007-04-30,32.0,76.75,0.0
2007-04-30,32.0,77.0,0.0
2007-04-30,32.0,77.25,0.0
2007-04-30,32.0,77.5,0.0
2007-05-01,31.5,76.5,0.0
2007-05-01,31.5,76.75,0.0
2007-05-01,31.5,77.0,0.2418123483657837
2007-05-01,31.5,77.25,0.3342626392841339
2007-05-01,31.5,77.5,1.0083460807800293
2007-05-01,31.75,76.5,0.0
2007-05-01,31.75,76.75,0.19168788194656372
2007-05-01,31.75,77.0,0.5514732003211975
2007-05-01,31.75,77.25,0.37747934460639954
2007-05-01,31.75,77.5,0.29987576603889465
2007-05-01,32.0,76.5,0.0
2007-05-01,32.0,76.75,0.22729218006134033
2007-05-01,32.0,77.0,0.3907342255115509
2007-05-01,32.0,77.25,0.26888641715049744
2007-05-01,32.0,77.5,0.21085786819458008
2007-05-02,31.5,76.5,0.0
2007-05-02,31.5,76.75,0.0
2007-05-02,31.5,77.0,0.0
2007-05-02,31.5,77.25,0.0
2007-05-02,31.5,77.5,3.865525722503662
2007-05-02,31.75,76.5,0.0
2007-05-02,31.75,76.75,0.0
2007-05-02,31.75,77.0,0.0
2007-05-02,31.75,77.25,0.0
2007-05-02,31.75,77.5,0.0
2007-05-02,32.0,76.5,6.2148213386535645
2007-05-02,32.0,76.75,0.0
2007-05-02,32.0,77.0,0.0
2007-05-02,32.0,77.25,0.0
2007-05-02,32.0,77.5,0.0
2007-05-03,31.5,76.5,0.2830452620983124
2007-05-03,31.5,76.75,0.42092350125312805
2007-05-03,31.5,77.0,1.052435278892517
2007-05-03,31.5,77.25,1.5523288249969482
2007-05-03,31.5,77.5,0.4570455253124237
2007-05-03,31.75,76.5,0.23711296916007996
2007-05-03,31.75,76.75,0.48770320415496826
2007-05-03,31.75,77.0,0.7544012069702148
2007-05-03,31.75,77.25,0.5881102681159973
2007-05-03,31.75,77.5,0.4425432085990906
2007-05-03,32.0,76.5,0.12174130231142044
2007-05-03,32.0,76.75,0.40215814113616943
2007-05-03,32.0,77.0,0.5311396718025208
2007-05-03,32.0,77.25,0.3740517795085907
2007-05-03,32.0,77.5,0.2968737781047821
2007-05-04,31.5,76.5,0.28393182158470154
2007-05-04,31.5,76.75,0.3226871192455292
2007-05-04,31.5,77.0,1.444461703300476
2007-05-04,31.5,77.25,1.8927816152572632
2007-05-04,31.5,77.5,1.3140058517456055
2007-05-04,31.75,76.5,0.31646159291267395
2007-05-04,31.75,76.75,1.7018153667449951
2007-05-04,31.75,77.0,2.2306482791900635
2007-05-04,31.75,77.25,2.527971029281616
2007-05-04,31.75,77.5,3.2639129161834717
2007-05-04,32.0,76.5,0.24787048995494843
2007-05-04,32.0,76.75,3.8984427452087402
2007-05-04,32.0,77.0,3.5117175579071045
2007-05-04,32.0,77.25,3.5345609188079834
2007-05-04,32.0,77.5,3.496563196182251
2007-05-05,31.5,76.5,0.0
2007-05-05,31.5,76.75,0.0
2007-05-05,31.5,77.0,0.0
2007-05-05,31.5,77.25,0.0
2007-05-05,31.5,77.5,0.950184166431427
2007-05-05,31.75,76.5,0.0
2007-05-05,31.75,76.75,0.0
2007-05-05,31.75,77.0,0.0
2007-05-05,31.75,77.25,0.0
2007-05-05,31.75,77.5,0.0
2007-05-05,32.0,76.5,0.0
2007-05-05,32.0,76.75,0.0
2007-05-05,32.0,77.0,0.0
2007-05-05,32.0,77.25,0.0
2007-05-05,32.0,77.5,0.0
2007-05-06,31.5,76.5,0.16858327388763428
2007-05-06,31.5,76.75,0.0
2007-05-06,31.5,77.0,1.8065766096115112
2007-05-06,31.5,77.25,2.2284176349639893
2007-05-06,31.5,77.5,2.2852275371551514
2007-05-06,31.75,76.5,0.3261808753013611
2007-05-06,31.75,76.75,1.2672381401062012
2007-05-06,31.75,77.0,3.6226511001586914
2007-05-06,31.75,77.25,2.5455925464630127
2007-05-06,31.75,77.5,2.0928022861480713
2007-05-06,32.0,76.5,0.3683871328830719
2007-05-06,32.0,76.75,1.5298088788986206
2007-05-06,32.0,77.0,2.6672611236572266
2007-05-06,32.0,77.25,1.9257084131240845
2007-05-06,32.0,77.5,1.5778430700302124
2007-05-07,31.5,76.5,0.0
2007-05-07,31.5,76.75,0.0
2007-05-07,31.5,77.0,0.4516441524028778
2007-05-07,31.5,77.25,0.5571044087409973
2007-05-07,31.5,77.5,1.9965832233428955
2007-05-07,31.75,76.5,0.0
2007-05-07,31.75,76.75,0.3168095350265503
2007-05-07,31.75,77.0,0.9048706889152527
2007-05-07,31.75,77.25,0.6291322112083435
2007-05-07,31.75,77.5,0.4997929632663727
2007-05-07,32.0,76.5,0.0
2007-05-07,32.0,76.75,0.37314745783805847
2007-05-07,32.0,77.0,0.6512236595153809
2007-05-07,32.0,77.25,0.4481440484523773
2007-05-07,32.0,77.5,0.3514297902584076
2007-05-08,31.5,76.5,0.9757763743400574
2007-05-08,31.5,76.75,0.0
2007-05-08,31.5,77.0,0.0
2007-05-08,31.5,77.25,0.0
2007-05-08,31.5,77.5,1.587476134300232
2007-05-08,31.75,76.5,1.9928921461105347
2007-05-08,31.75,76.75,0.16735439002513885
2007-05-08,31.75,77.0,0.0
2007-05-08,31.75,77.25,0.0
2007-05-08,31.75,77.5,0.0
2007-05-08,32.0,76.5,7.273648262023926
2007-05-08,32.0,76.75,0.0
2007-05-08,32.0,77.0,0.0
2007-05-08,32.0,77.25,0.0
2007-05-08,32.0,77.5,0.0
2007-05-09,31.5,76.5,8.089831352233887
2007-05-09,31.5,76.75,12.344318389892578
2007-05-09,31.5,77.0,10.737327575683594
2007-05-09,31.5,77.25,9.746047019958496
2007-05-09,31.5,77.5,6.885560512542725
2007-05-09,31.75,76.5,7.919371128082275
2007-05-09,31.75,76.75,10.557967185974121
2007-05-09,31.75,77.0,10.473102569580078
2007-05-09,31.75,77.25,9.446357727050781
2007-05-09,31.75,77.5,7.004765510559082
2007-05-09,32.0,76.5,3.7726376056671143
2007-05-09,32.0,76.75,7.746853828430176
2007-05-09,32.0,77.0,7.5699782371521
2007-05-09,32.0,77.25,5.705320835113525
2007-05-09,32.0,77.5,4.734136581420898
2007-05-10,31.5,76.5,0.0
2007-05-10,31.5,76.75,0.0
2007-05-10,31.5,77.0,0.0
2007-05-10,31.5,77.25,0.0
2007-05-10,31.5,77.5,0.0
2007-05-10,31.75,76.5,0.0
2007-05-10,31.75,76.75,0.0
2007-05-10,31.75,77.0,0.0
2007-05-10,31.75,77.25,0.0
2007-05-10,31.75,77.5,0.0
2007-05-10,32.0,76.5,0.0
2007-05-10,32.0,76.75,0.0
2007-05-10,32.0,77.0,0.0
2007-05-10,32.0,77.25,0.0
2007-05-10,32.0,77.5,0.0
2007-05-11,31.5,76.5,0.0
2007-05-11,31.5,76.75,0.0
2007-05-11,31.5,77.0,0.0
2007-05-11,31.5,77.25,0.0
2007-05-11,31.5,77.5,0.0
2007-05-11,31.75,76.5,0.0
2007-05-11,31.75,76.75,0.0
2007-05-11,31.75,77.0,0.0
2007-05-11,31.75,77.25,0.0
2007-05-11,31.75,77.5,0.0
2007-05-11,32.0,76.5,1.287691593170166
2007-05-11,32.0,76.75,0.0
2007-05-11,32.0,77.0,0.0
2007-05-11,32.0,77.25,0.0
2007-05-11,32.0,77.5,0.0
2007-05-12,31.5,76.5,1.2235653400421143
2007-05-12,31.5,76.75,0.9117666482925415
2007-05-12,31.5,77.0,8.149422645568848
2007-05-12,31.5,77.25,9.820802688598633
2007-05-12,31.5,77.5,10.111534118652344
2007-05-12,31.75,76.5,1.7463314533233643
2007-05-12,31.75,76.75,5.917635440826416
2007-05-12,31.75,77.0,15.624786376953125
2007-05-12,31.75,77.25,10.990682601928711
2007-05-12,31.75,77.5,8.681857109069824
2007-05-12,32.0,76.5,2.6919503211975098
2007-05-12,32.0,76.75,6.625417232513428
2007-05-12,32.0,77.0,11.221368789672852
2007-05-12,32.0,77.25,7.739150524139404
2007-05-12,32.0,77.5,6.076053142547607
2007-05-13,31.5,76.5,0.0
2007-05-13,31.5,76.75,0.0
2007-05-13,31.5,77.0,0.0
2007-05-13,31.5,77.25,0.0
2007-05-13,31.5,77.5,0.0
2007-05-13,31.75,76.5,0.0
2007-05-13,31.75,76.75,0.0
2007-05-13,31.75,77.0,0.0
2007-05-13,31.75,77.25,0.0
2007-05-13,31.75,77.5,0.0
2007-05-13,32.0,76.5,0.0
2007-05-13,32.0,76.75,0.0
2007-05-13,32.0,77.0,0.0
2007-05-13,32.0,77.25,0.0
2007-05-13,32.0,77.5,0.0
2007-05-14,31.5,76.5,0.0
2007-05-14,31.5,76.75,0.0
2007-05-14,31.5,77.0,0.0
2007-05-14,31.5,77.25,0.0
2007-05-14,31.5,77.5,0.0
2007-05-14,31.75,76.5,0.0
2007-05-14,31.75,76.75,0.0
2007-05-14,31.75,77.0,0.0
2007-05-14,31.75,77.25,0.0
2007-05-14,31.75,77.5,0.0
2007-05-14,32.0,76.5,0.0
2007-05-14,32.0,76.75,0.0
2007-05-14,32.0,77.0,0.0
2007-05-14,32.0,77.25,0.0
2007-05-14,32.0,77.5,0.0
2007-05-15,31.5,76.5,0.0
2007-05-15,31.5,76.75,0.0
2007-05-15,31.5,77.0,0.0
2007-05-15,31.5,77.25,0.0
2007-05-15,31.5,77.5,0.0
2007-05-15,31.75,76.5,0.0
2007-05-15,31.75,76.75,0.0
2007-05-15,31.75,77.0,0.0
2007-05-15,31.75,77.25,0.0
2007-05-15,31.75,77.5,0.0
2007-05-15,32.0,76.5,0.0
2007-05-15,32.0,76.75,0.0
2007-05-15,32.0,77.0,0.0
2007-05-15,32.0,77.25,0.0
2007-05-15,32.0,77.5,0.0
2007-05-16,31.5,76.5,0.0
2007-05-16,31.5,76.75,0.0
2007-05-16,31.5,77.0,0.0
2007-05-16,31.5,77.25,0.0
2007-05-16,31.5,77.5,1.2035666704177856
2007-05-16,31.75,76.5,0.0
2007-05-16,31.75,76.75,0.0
2007-05-16,31.75,77.0,0.0
2007-05-16,31.75,77.25,0.0
2007-05-16,31.75,77.5,0.0
2007-05-16,32.0,76.5,6.806369304656982
2007-05-16,32.0,76.75,0.0
2007-05-16,32.0,77.0,0.0
2007-05-16,32.0,77.25,0.0
2007-05-16,32.0,77.5,0.0
2007-05-17,31.5,76.5,13.01861572265625
2007-05-17,31.5,76.75,11.626824378967285
2007-05-17,31.5,77.0,12.20384693145752
2007-05-17,31.5,77.25,12.205948829650879
2007-05-17,31.5,77.5,11.284857749938965
2007-05-17,31.75,76.5,12.89583683013916
2007-05-17,31.75,76.75,11.397502899169922
2007-05-17,31.75,77.0,12.796157836914062
2007-05-17,31.75,77.25,11.172079086303711
2007-05-17,31.75,77.5,8.818418502807617
2007-05-17,32.0,76.5,4.895296096801758
2007-05-17,32.0,76.75,9.170823097229004
2007-05-17,32.0,77.0,9.764854431152344
2007-05-17,32.0,77.25,7.599186420440674
2007-05-17,32.0,77.5,6.490637302398682
2007-05-18,31.5,76.5,0.0
2007-05-18,31.5,76.75,0.0
2007-05-18,31.5,77.0,0.0
2007-05-18,31.5,77.25,0.0
2007-05-18,31.5,77.5,0.0
2007-05-18,31.75,76.5,0.0
2007-05-18,31.75,76.75,0.0
2007-05-18,31.75,77.0,0.0
2007-05-18,31.75,77.25,0.0
2007-05-18,31.75,77.5,0.0
2007-05-18,32.0,76.5,3.863074541091919
2007-05-18,32.0,76.75,0.0
2007-05-18,32.0,77.0,0.0
2007-05-18,32.0,77.25,0.0
2007-05-18,32.0,77.5,0.0
2007-05-19,31.5,76.5,12.983633995056152
2007-05-19,31.5,76.75,17.94337272644043
2007-05-19,31.5,77.0,23.251684188842773
2007-05-19,31.5,77.25,23.50041961669922
2007-05-19,31.5,77.5,19.543115615844727
2007-05-19,31.75,76.5,10.884520530700684
2007-05-19,31.75,76.75,21.213605880737305
2007-05-19,31.75,77.0,30.942981719970703
2007-05-19,31.75,77.25,24.957931518554688
2007-05-19,31.75,77.5,19.70538330078125
2007-05-19,32.0,76.5,29.80330467224121
2007-05-19,32.0,76.75,18.4770565032959
2007-05-19,32.0,77.0,22.997013092041016
2007-05-19,32.0,77.25,17.20221519470215
2007-05-19,32.0,77.5,14.33820915222168
2007-05-20,31.5,76.5,0.0
2007-05-20,31.5,76.75,0.0
2007-05-20,31.5,77.0,0.0
2007-05-20,31.5,77.25,0.0
2007-05-20,31.5,77.5,0.0
2007-05-20,31.75,76.5,0.0
2007-05-20,31.75,76.75,0.0
2007-05-20,31.75,77.0,0.0
2007-05-20,31.75,77.25,0.0
2007-05-20,31.75,77.5,0.0
2007-05-20,32.0,76.5,0.0
2007-05-20,32.0,76.75,0.0
2007-05-20,32.0,77.0,0.0
2007-05-20,32.0,77.25,0.0
2007-05-20,32.0,77.5,0.0
2007-05-21,31.5,76.5,0.0
2007-05-21,31.5,76.75,0.0
2007-05-21,31.5,77.0,0.0
2007-05-21,31.5,77.25,0.0
2007-05-21,31.5,77.5,0.0
2007-05-21,31.75,76.5,0.0
2007-05-21,31.75,76.75,0.0
2007-05-21,31.75,77.0,0.0
2007-05-21,31.75,77.25,0.0
2007-05-21,31.75,77.5,0.0
2007-05-21,32.0,76.5,0.0
2007-05-21,32.0,76.75,0.0
2007-05-21,32.0,77.0,0.0
2007-05-21,32.0,77.25,0.0
2007-05-21,32.0,77.5,0.10327429324388504
2007-05-22,31.5,76.5,0.0
2007-05-22,31.5,76.75,0.0
2007-05-22,31.5,77.0,0.0
2007-05-22,31.5,77.25,0.0
2007-05-22,31.5,77.5,0.0
2007-05-22,31.75,76.5,0.0
2007-05-22,31.75,76.75,0.0
2007-05-22,31.75,77.0,0.0
2007-05-22,31.75,77.25,0.0
2007-05-22,31.75,77.5,0.0
2007-05-22,32.0,76.5,0.0
2007-05-22,32.0,76.75,0.0
2007-05-22,32.0,77.0,0.0
2007-05-22,32.0,77.25,0.0
2007-05-22,32.0,77.5,0.0
2007-05-23,31.5,76.5,1.9491549730300903
2007-05-23,31.5,76.75,3.070544719696045
2007-05-23,31.5,77.0,1.6575886011123657
2007-05-23,31.5,77.25,1.1474416255950928
2007-05-23,31.5,77.5,0.22852276265621185
2007-05-23,31.75,76.5,1.3646631240844727
2007-05-23,31.75,76.75,1.9422043561935425
2007-05-23,31.75,77.0,0.6021610498428345
2007-05-23,31.75,77.25,0.9437642693519592
2007-05-23,31.75,77.5,0.6432673335075378
2007-05-23,32.0,76.5,1.4210914373397827
2007-05-23,32.0,76.75,0.9971330761909485
2007-05-23,32.0,77.0,0.41407451033592224
2007-05-23,32.0,77.25,0.4594244062900543
2007-05-23,32.0,77.5,0.4690276086330414
2007-05-24,31.5,76.5,0.0
2007-05-24,31.5,76.75,0.0
2007-05-24,31.5,77.0,0.0
2007-05-24,31.5,77.25,0.0
2007-05-24,31.5,77.5,1.6786587238311768
2007-05-24,31.75,76.5,0.0
2007-05-24,31.75,76.75,0.0
2007-05-24,31.75,77.0,0.0
2007-05-24,31.75,77.25,0.0
2007-05-24,31.75,77.5,0.0
2007-05-24,32.0,76.5,0.0
2007-05-24,32.0,76.75,0.0
2007-05-24,32.0,77.0,0.0
2007-05-24,32.0,77.25,0.0
2007-05-24,32.0,77.5,0.0
2007-05-25,31.5,76.5,0.0
2007-05-25,31.5,76.75,0.0
2007-05-25,31.5,77.0,0.0
2007-05-25,31.5,77.25,0.0
2007-05-25,31.5,77.5,0.0
2007-05-25,31.75,76.5,0.0
2007-05-25,31.75,76.75,0.0
2007-05-25,31.75,77.0,0.0
2007-05-25,31.75,77.25,0.0
2007-05-25,31.75,77.5,0.0
2007-05-25,32.0,76.5,0.0
2007-05-25,32.0,76.75,0.0
2007-05-25,32.0,77.0,0.0
2007-05-25,32.0,77.25,0.0
2007-05-25,32.0,77.5,0.0
2007-05-26,31.5,76.5,0.0
2007-05-26,31.5,76.75,0.0
2007-05-26,31.5,77.0,0.0
2007-05-26,31.5,77.25,0.0
2007-05-26,31.5,77.5,0.0
2007-05-26,31.75,76.5,0.0
2007-05-26,31.75,76.75,0.0
2007-05-26,31.75,77.0,0.0
2007-05-26,31.75,77.25,0.0
2007-05-26,31.75,77.5,0.0
2007-05-26,32.0,76.5,0.0
2007-05-26,32.0,76.75,0.0
2007-05-26,32.0,77.0,0.0
2007-05-26,32.0,77.25,0.0
2007-05-26,32.0,77.5,0.0
2007-05-27,31.5,76.5,2.241515874862671
2007-05-27,31.5,76.75,3.3848793506622314
2007-05-27,31.5,77.0,3.0294463634490967
2007-05-27,31.5,77.25,2.8560256958007812
2007-05-27,31.5,77.5,1.7834813594818115
2007-05-27,31.75,76.5,1.6974338293075562
2007-05-27,31.75,76.75,3.233642101287842
2007-05-27,31.75,77.0,2.935426950454712
2007-05-27,31.75,77.25,2.9641237258911133
2007-05-27,31.75,77.5,2.676464080810547
2007-05-27,32.0,76.5,1.779359221458435
2007-05-27,32.0,76.75,3.1731009483337402
2007-05-27,32.0,77.0,2.801819086074829
2007-05-27,32.0,77.25,2.4699807167053223
2007-05-27,32.0,77.5,2.27376651763916
2007-05-28,31.5,76.5,5.322604656219482
2007-05-28,31.5,76.75,7.634149074554443
2007-05-28,31.5,77.0,4.52662992477417
2007-05-28,31.5,77.25,3.3550851345062256
2007-05-28,31.5,77.5,1.0854830741882324
2007-05-28,31.75,76.5,4.1737589836120605
2007-05-28,31.75,76.75,5.5512261390686035
2007-05-28,31.75,77.0,2.3710126876831055
2007-05-28,31.75,77.25,3.3473687171936035
2007-05-28,31.75,77.5,2.8419651985168457
2007-05-28,32.0,76.5,4.883172035217285
2007-05-28,32.0,76.75,4.207399368286133
2007-05-28,32.0,77.0,2.4584648609161377
2007-05-28,32.0,77.25,2.4356043338775635
2007-05-28,32.0,77.5,2.356431484222412
2007-05-29,31.5,76.5,2.892566204071045
2007-05-29,31.5,76.75,4.556337356567383
2007-05-29,31.5,77.0,2.4625613689422607
2007-05-29,31.5,77.25,1.706249475479126
2007-05-29,31.5,77.5,0.34278416633605957
2007-05-29,31.75,76.5,2.02551007270813
2007-05-29,31.75,76.75,3.207746982574463
2007-05-29,31.75,77.0,0.9476392269134521
2007-05-29,31.75,77.25,1.7889713048934937
2007-05-29,31.75,77.5,1.7112451791763306
2007-05-29,32.0,76.5,0.6079925894737244
2007-05-29,32.0,76.75,2.64811372756958
2007-05-29,32.0,77.0,1.3719068765640259
2007-05-29,32.0,77.25,1.5657380819320679
2007-05-29,32.0,77.5,1.6159420013427734
2007-05-30,31.5,76.5,0.14573721587657928
2007-05-30,31.5,76.75,0.2014104425907135
2007-05-30,31.5,77.0,0.32110795378685
2007-05-30,31.5,77.25,0.3382038176059723
2007-05-30,31.5,77.5,0.2856534421443939
2007-05-30,31.75,76.5,0.12671099603176117
2007-05-30,31.75,76.75,0.2755325436592102
2007-05-30,31.75,77.0,0.4676876664161682
2007-05-30,31.75,77.25,0.35696834325790405
2007-05-30,31.75,77.5,0.2712509036064148
2007-05-30,32.0,76.5,0.0
2007-05-30,32.0,76.75,0.23839381337165833
2007-05-30,32.0,77.0,0.33069220185279846
2007-05-30,32.0,77.25,0.23184028267860413
2007-05-30,32.0,77.5,0.18357986211776733
2007-05-31,31.5,76.5,0.0
2007-05-31,31.5,76.75,0.0
2007-05-31,31.5,77.0,0.0
2007-05-31,31.5,77.25,0.0
2007-05-31,31.5,77.5,0.0
2007-05-31,31.75,76.5,0.0
2007-05-31,31.75,76.75,0.0
2007-05-31,31.75,77.0,0.0
2007-05-31,31.75,77.25,0.0
2007-05-31,31.75,77.5,0.0
2007-05-31,32.0,76.5,0.0
2007-05-31,32.0,76.75,0.0
2007-05-31,32.0,77.0,0.0
2007-05-31,32.0,77.25,0.0
2007-05-31,32.0,77.5,0.0
2007-06-01,31.5,76.5,0.0
2007-06-01,31.5,76.75,0.0
2007-06-01,31.5,77.0,0.0
2007-06-01,31.5,77.25,0.0
2007-06-01,31.5,77.5,0.0
2007-06-01,31.75,76.5,0.0
2007-06-01,31.75,76.75,0.0
2007-06-01,31.75,77.0,0.0
2007-06-01,31.75,77.25,0.0
2007-06-01,31.75,77.5,0.0
2007-06-01,32.0,76.5,0.0
2007-06-01,32.0,76.75,0.0
2007-06-01,32.0,77.0,0.0
2007-06-01,32.0,77.25,0.0
2007-06-01,32.0,77.5,0.0
2007-06-02,31.5,76.5,0.0
2007-06-02,31.5,76.75,0.0
2007-06-02,31.5,77.0,0.0
2007-06-02,31.5,77.25,0.0
2007-06-02,31.5,77.5,0.0
2007-06-02,31.75,76.5,0.0
2007-06-02,31.75,76.75,0.0
2007-06-02,31.75,77.0,0.0
2007-06-02,31.75,77.25,0.0
2007-06-02,31.75,77.5,0.0
2007-06-02,32.0,76.5,0.0
2007-06-02,32.0,76.75,0.0
2007-06-02,32.0,77.0,0.0
2007-06-02,32.0,77.25,0.0
2007-06-02,32.0,77.5,0.0
2007-06-03,31.5,76.5,0.0
2007-06-03,31.5,76.75,0.0
2007-06-03,31.5,77.0,0.0
2007-06-03,31.5,77.25,0.2958637475967407
2007-06-03,31.5,77.5,0.0
2007-06-03,31.75,76.5,0.0
2007-06-03,31.75,76.75,0.0
2007-06-03,31.75,77.0,0.0
2007-06-03,31.75,77.25,0.0
2007-06-03,31.75,77.5,0.0
2007-06-03,32.0,76.5,0.0
2007-06-03,32.0,76.75,0.0
2007-06-03,32.0,77.0,0.0
2007-06-03,32.0,77.25,0.0
2007-06-03,32.0,77.5,0.0
2007-06-04,31.5,76.5,4.286511421203613
2007-06-04,31.5,76.75,6.575053691864014
2007-06-04,31.5,77.0,5.556174278259277
2007-06-04,31.5,77.25,4.2862701416015625
2007-06-04,31.5,77.5,1.073665738105774
2007-06-04,31.75,76.5,5.1902055740356445
2007-06-04,31.75,76.75,6.141584396362305
2007-06-04,31.75,77.0,6.309393405914307
2007-06-04,31.75,77.25,6.027063846588135
2007-06-04,31.75,77.5,5.393425464630127
2007-06-04,32.0,76.5,10.52857780456543
2007-06-04,32.0,76.75,7.455314636230469
2007-06-04,32.0,77.0,6.453392505645752
2007-06-04,32.0,77.25,6.401230335235596
2007-06-04,32.0,77.5,6.004051208496094
2007-06-05,31.5,76.5,0.0
2007-06-05,31.5,76.75,0.0
2007-06-05,31.5,77.0,0.0
2007-06-05,31.5,77.25,0.0
2007-06-05,31.5,77.5,0.0
2007-06-05,31.75,76.5,0.0
2007-06-05,31.75,76.75,0.0
2007-06-05,31.75,77.0,0.0
2007-06-05,31.75,77.25,0.0
2007-06-05,31.75,77.5,0.0
2007-06-05,32.0,76.5,0.0
2007-06-05,32.0,76.75,0.0
2007-06-05,32.0,77.0,0.0
2007-06-05,32.0,77.25,0.0
2007-06-05,32.0,77.5,0.0
2007-06-06,31.5,76.5,0.0
2007-06-06,31.5,76.75,0.0
2007-06-06,31.5,77.0,0.0
2007-06-06,31.5,77.25,0.0
2007-06-06,31.5,77.5,0.0
2007-06-06,31.75,76.5,0.0
2007-06-06,31.75,76.75,0.0
2007-06-06,31.75,77.0,0.0
2007-06-06,31.75,77.25,0.0
2007-06-06,31.75,77.5,0.0
2007-06-06,32.0,76.5,0.0
2007-06-06,32.0,76.75,0.0
2007-06-06,32.0,77.0,0.0
2007-06-06,32.0,77.25,0.0
2007-06-06,32.0,77.5,0.0
2007-06-07,31.5,76.5,0.0
2007-06-07,31.5,76.75,0.0
2007-06-07,31.5,77.0,0.0
2007-06-07,31.5,77.25,0.0
2007-06-07,31.5,77.5,0.0
2007-06-07,31.75,76.5,0.0
2007-06-07,31.75,76.75,0.0
2007-06-07,31.75,77.0,0.0
2007-06-07,31.75,77.25,0.0
2007-06-07,31.75,77.5,0.0
2007-06-07,32.0,76.5,0.0
2007-06-07,32.0,76.75,0.0
2007-06-07,32.0,77.0,0.0
2007-06-07,32.0,77.25,0.0
2007-06-07,32.0,77.5,0.0
2007-06-08,31.5,76.5,0.0
2007-06-08,31.5,76.75,0.0
2007-06-08,31.5,77.0,0.0
2007-06-08,31.5,77.25,0.0
2007-06-08,31.5,77.5,0.0
2007-06-08,31.75,76.5,0.0
2007-06-08,31.75,76.75,0.0
2007-06-08,31.75,77.0,0.0
2007-06-08,31.75,77.25,0.0
2007-06-08,31.75,77.5,0.0
2007-06-08,32.0,76.5,0.0
2007-06-08,32.0,76.75,0.0
2007-06-08,32.0,77.0,0.0
2007-06-08,32.0,77.25,0.0
2007-06-08,32.0,77.5,0.0
2007-06-09,31.5,76.5,0.0
2007-06-09,31.5,76.75,0.0
2007-06-09,31.5,77.0,0.0
2007-06-09,31.5,77.25,0.0
2007-06-09,31.5,77.5,0.0
2007-06-09,31.75,76.5,0.0
2007-06-09,31.75,76.75,0.0
2007-06-09,31.75,77.0,0.0
2007-06-09,31.75,77.25,0.0
2007-06-09,31.75,77.5,0.0
2007-06-09,32.0,76.5,0.0
2007-06-09,32.0,76.75,0.0
2007-06-09,32.0,77.0,0.0
2007-06-09,32.0,77.25,0.0
2007-06-09,32.0,77.5,0.0
2007-06-10,31.5,76.5,0.0
2007-06-10,31.5,76.75,0.0
2007-06-10,31.5,77.0,0.0
2007-06-10,31.5,77.25,0.0
2007-06-10,31.5,77.5,0.0
2007-06-10,31.75,76.5,0.0
2007-06-10,31.75,76.75,0.0
2007-06-10,31.75,77.0,0.0
2007-06-10,31.75,77.25,0.0
2007-06-10,31.75,77.5,0.0
2007-06-10,32.0,76.5,0.0
2007-06-10,32.0,76.75,0.0
2007-06-10,32.0,77.0,0.0
2007-06-10,32.0,77.25,0.0
2007-06-10,32.0,77.5,0.0
2007-06-11,31.5,76.5,0.0
2007-06-11,31.5,76.75,0.0
2007-06-11,31.5,77.0,0.0
2007-06-11,31.5,77.25,0.0
2007-06-11,31.5,77.5,0.4782062768936157
2007-06-11,31.75,76.5,0.0
2007-06-11,31.75,76.75,0.0
2007-06-11,31.75,77.0,0.0
2007-06-11,31.75,77.25,0.0
2007-06-11,31.75,77.5,0.17866036295890808
2007-06-11,32.0,76.5,0.0
2007-06-11,32.0,76.75,0.0
2007-06-11,32.0,77.0,0.0
2007-06-11,32.0,77.25,0.0
2007-06-11,32.0,77.5,0.0
2007-06-12,31.5,76.5,43.324222564697266
2007-06-12,31.5,76.75,61.60171127319336
2007-06-12,31.5,77.0,33.67485809326172
2007-06-12,31.5,77.25,21.591434478759766
2007-06-12,31.5,77.5,0.0
2007-06-12,31.75,76.5,36.02700424194336
2007-06-12,31.75,76.75,37.207725524902344
2007-06-12,31.75,77.0,3.352778673171997
2007-06-12,31.75,77.25,10.593831062316895
2007-06-12,31.75,77.5,11.720078468322754
2007-06-12,32.0,76.5,29.153894424438477
2007-06-12,32.0,76.75,13.65230941772461
2007-06-12,32.0,77.0,3.223806142807007
2007-06-12,32.0,77.25,4.667115688323975
2007-06-12,32.0,77.5,5.446152210235596
2007-06-13,31.5,76.5,0.22611306607723236
2007-06-13,31.5,76.75,0.16916172206401825
2007-06-13,31.5,77.0,8.800803184509277
2007-06-13,31.5,77.25,6.395902156829834
2007-06-13,31.5,77.5,0.0
2007-06-13,31.75,76.5,0.2673303782939911
2007-06-13,31.75,76.75,0.0
2007-06-13,31.75,77.0,0.12410344183444977
2007-06-13,31.75,77.25,0.8082226514816284
2007-06-13,31.75,77.5,0.0
2007-06-13,32.0,76.5,6.806369304656982
2007-06-13,32.0,76.75,0.7737104892730713
2007-06-13,32.0,77.0,0.10069899260997772
2007-06-13,32.0,77.25,0.0
2007-06-13,32.0,77.5,0.0
2007-06-14,31.5,76.5,11.2813138961792
2007-06-14,31.5,76.75,16.479475021362305
2007-06-14,31.5,77.0,16.164308547973633
2007-06-14,31.5,77.25,11.562149047851562
2007-06-14,31.5,77.5,1.1092698574066162
2007-06-14,31.75,76.5,11.242020606994629
2007-06-14,31.75,76.75,9.239830017089844
2007-06-14,31.75,77.0,0.9913735389709473
2007-06-14,31.75,77.25,3.4743449687957764
2007-06-14,31.75,77.5,3.1090238094329834
2007-06-14,32.0,76.5,33.9237060546875
2007-06-14,32.0,76.75,6.091052532196045
2007-06-14,32.0,77.0,1.1765916347503662
2007-06-14,32.0,77.25,1.4458951950073242
2007-06-14,32.0,77.5,1.4447189569473267
2007-06-15,31.5,76.5,44.90515899658203
2007-06-15,31.5,76.75,60.83183670043945
2007-06-15,31.5,77.0,55.79963302612305
2007-06-15,31.5,77.25,52.29267501831055
2007-06-15,31.5,77.5,2.529789686203003
2007-06-15,31.75,76.5,44.476898193359375
2007-06-15,31.75,76.75,51.384620666503906
2007-06-15,31.75,77.0,46.282203674316406
2007-06-15,31.75,77.25,32.09798812866211
2007-06-15,31.75,77.5,24.85992431640625
2007-06-15,32.0,76.5,46.945926666259766
2007-06-15,32.0,76.75,32.058162689208984
2007-06-15,32.0,77.0,19.302961349487305
2007-06-15,32.0,77.25,19.072490692138672
2007-06-15,32.0,77.5,17.294836044311523
2007-06-16,31.5,76.5,5.9049601554870605
2007-06-16,31.5,76.75,3.6438217163085938
2007-06-16,31.5,77.0,5.080986976623535
2007-06-16,31.5,77.25,5.630992412567139
2007-06-16,31.5,77.5,1.1301743984222412
2007-06-16,31.75,76.5,4.432608127593994
2007-06-16,31.75,76.75,3.3435497283935547
2007-06-16,31.75,77.0,3.1879048347473145
2007-06-16,31.75,77.25,2.093074321746826
2007-06-16,31.75,77.5,1.3938273191452026
2007-06-16,32.0,76.5,1.1440178155899048
2007-06-16,32.0,76.75,1.1791201829910278
2007-06-16,32.0,77.0,0.49290961027145386
2007-06-16,32.0,77.25,0.5264824628829956
2007-06-16,32.0,77.5,0.5021560788154602
2007-06-17,31.5,76.5,2.019650459289551
2007-06-17,31.5,76.75,1.9314974546432495
2007-06-17,31.5,77.0,3.49171781539917
2007-06-17,31.5,77.25,3.786795139312744
2007-06-17,31.5,77.5,0.0
2007-06-17,31.75,76.5,2.2958154678344727
2007-06-17,31.75,76.75,1.5960743427276611
2007-06-17,31.75,77.0,2.198484420776367
2007-06-17,31.75,77.25,1.315255880355835
2007-06-17,31.75,77.5,0.5855831503868103
2007-06-17,32.0,76.5,5.1459832191467285
2007-06-17,32.0,76.75,1.6809158325195312
2007-06-17,32.0,77.0,0.5100542902946472
2007-06-17,32.0,77.25,0.48692551255226135
2007-06-17,32.0,77.5,0.24763360619544983
2007-06-18,31.5,76.5,0.0
2007-06-18,31.5,76.75,0.0
2007-06-18,31.5,77.0,1.4030265808105469
2007-06-18,31.5,77.25,0.9201623201370239
2007-06-18,31.5,77.5,0.0
2007-06-18,31.75,76.5,0.0
2007-06-18,31.75,76.75,0.0
2007-06-18,31.75,77.0,0.0
2007-06-18,31.75,77.25,0.12884709239006042
2007-06-18,31.75,77.5,0.0
2007-06-18,32.0,76.5,6.346479415893555
2007-06-18,32.0,76.75,0.7214328050613403
2007-06-18,32.0,77.0,0.0
2007-06-18,32.0,77.25,0.0
2007-06-18,32.0,77.5,0.0
2007-06-19,31.5,76.5,0.0
2007-06-19,31.5,76.75,0.0
2007-06-19,31.5,77.0,0.7652872204780579
2007-06-19,31.5,77.25,0.50190669298172
2007-06-19,31.5,77.5,0.0
2007-06-19,31.75,76.5,0.0
2007-06-19,31.75,76.75,0.0
2007-06-19,31.75,77.0,0.0
2007-06-19,31.75,77.25,0.0
2007-06-19,31.75,77.5,0.0
2007-06-19,32.0,76.5,0.0
2007-06-19,32.0,76.75,0.0
2007-06-19,32.0,77.0,0.0
2007-06-19,32.0,77.25,0.0
2007-06-19,32.0,77.5,0.0
2007-06-20,31.5,76.5,3.4282684326171875
2007-06-20,31.5,76.75,5.461066722869873
2007-06-20,31.5,77.0,3.7087225914001465
2007-06-20,31.5,77.25,2.388657808303833
2007-06-20,31.5,77.5,0.0
2007-06-20,31.75,76.5,2.3633058071136475
2007-06-20,31.75,76.75,3.2210137844085693
2007-06-20,31.75,77.0,0.3067762553691864
2007-06-20,31.75,77.25,1.0038888454437256
2007-06-20,31.75,77.5,1.0363413095474243
2007-06-20,32.0,76.5,2.6843936443328857
2007-06-20,32.0,76.75,1.357710599899292
2007-06-20,32.0,77.0,0.3046525716781616
2007-06-20,32.0,77.25,0.4253544807434082
2007-06-20,32.0,77.5,0.4815729558467865
2007-06-21,31.5,76.5,0.0
2007-06-21,31.5,76.75,0.0
2007-06-21,31.5,77.0,0.0
2007-06-21,31.5,77.25,0.0
2007-06-21,31.5,77.5,0.0
2007-06-21,31.75,76.5,0.0
2007-06-21,31.75,76.75,0.0
2007-06-21,31.75,77.0,0.0
2007-06-21,31.75,77.25,0.0
2007-06-21,31.75,77.5,0.0
2007-06-21,32.0,76.5,0.0
2007-06-21,32.0,76.75,0.0
2007-06-21,32.0,77.0,0.0
2007-06-21,32.0,77.25,0.0
2007-06-21,32.0,77.5,0.0
2007-06-22,31.5,76.5,0.5195772051811218
2007-06-22,31.5,76.75,0.7969762086868286
2007-06-22,31.5,77.0,0.6087635159492493
2007-06-22,31.5,77.25,0.5195478796958923
2007-06-22,31.5,77.5,0.0
2007-06-22,31.75,76.5,0.4518333971500397
2007-06-22,31.75,76.75,0.6489949226379395
2007-06-22,31.75,77.0,0.5061728358268738
2007-06-22,31.75,77.25,0.3090285360813141
2007-06-22,31.75,77.5,0.24656133353710175
2007-06-22,32.0,76.5,0.14550825953483582
2007-06-22,32.0,76.75,0.2294171005487442
2007-06-22,32.0,77.0,0.10726029425859451
2007-06-22,32.0,77.25,0.1064547523856163
2007-06-22,32.0,77.5,0.10426678508520126
2007-06-23,31.5,76.5,0.8103179335594177
2007-06-23,31.5,76.75,1.2864766120910645
2007-06-23,31.5,77.0,0.6504995226860046
2007-06-23,31.5,77.25,0.4163011908531189
2007-06-23,31.5,77.5,4.535673141479492
2007-06-23,31.75,76.5,0.5585995316505432
2007-06-23,31.75,76.75,0.7613305449485779
2007-06-23,31.75,77.0,0.0
2007-06-23,31.75,77.25,0.21651820838451385
2007-06-23,31.75,77.5,0.48316720128059387
2007-06-23,32.0,76.5,0.15620757639408112
2007-06-23,32.0,76.75,0.2665445804595947
2007-06-23,32.0,77.0,0.0
2007-06-23,32.0,77.25,0.0
2007-06-23,32.0,77.5,0.16983594000339508
2007-06-24,31.5,76.5,0.0
2007-06-24,31.5,76.75,0.0
2007-06-24,31.5,77.0,0.0
2007-06-24,31.5,77.25,0.0
2007-06-24,31.5,77.5,1.4145901203155518
2007-06-24,31.75,76.5,0.3007175326347351
2007-06-24,31.75,76.75,0.0
2007-06-24,31.75,77.0,0.0
2007-06-24,31.75,77.25,0.0
2007-06-24,31.75,77.5,0.34288638830184937
2007-06-24,32.0,76.5,1.8208417892456055
2007-06-24,32.0,76.75,0.43091559410095215
2007-06-24,32.0,77.0,0.0
2007-06-24,32.0,77.25,0.0
2007-06-24,32.0,77.5,0.0
2007-06-25,31.5,76.5,3.9197535514831543
2007-06-25,31.5,76.75,6.635178089141846
2007-06-25,31.5,77.0,3.607670307159424
2007-06-25,31.5,77.25,4.60076379776001
2007-06-25,31.5,77.5,5.87855339050293
2007-06-25,31.75,76.5,3.9614522457122803
2007-06-25,31.75,76.75,3.7519307136535645
2007-06-25,31.75,77.0,0.3608737885951996
2007-06-25,31.75,77.25,1.1393282413482666
2007-06-25,31.75,77.5,1.2624520063400269
2007-06-25,32.0,76.5,8.597966194152832
2007-06-25,32.0,76.75,2.0219736099243164
2007-06-25,32.0,77.0,0.4190222918987274
2007-06-25,32.0,77.25,0.5491335391998291
2007-06-25,32.0,77.5,0.5866434574127197
2007-06-26,31.5,76.5,2.5288751125335693
2007-06-26,31.5,76.75,0.23573808372020721
2007-06-26,31.5,77.0,2.816638708114624
2007-06-26,31.5,77.25,2.0239510536193848
2007-06-26,31.5,77.5,5.650872707366943
2007-06-26,31.75,76.5,7.1472249031066895
2007-06-26,31.75,76.75,2.233126640319824
2007-06-26,31.75,77.0,5.643189907073975
2007-06-26,31.75,77.25,8.16882038116455
2007-06-26,31.75,77.5,8.117348670959473
2007-06-26,32.0,76.5,31.234785079956055
2007-06-26,32.0,76.75,14.463441848754883
2007-06-26,32.0,77.0,12.524502754211426
2007-06-26,32.0,77.25,12.285466194152832
2007-06-26,32.0,77.5,11.170238494873047
2007-06-27,31.5,76.5,1.5895678997039795
2007-06-27,31.5,76.75,1.5965697765350342
2007-06-27,31.5,77.0,1.2175270318984985
2007-06-27,31.5,77.25,1.0390957593917847
2007-06-27,31.5,77.5,3.47294020652771
2007-06-27,31.75,76.5,1.5284764766693115
2007-06-27,31.75,76.75,1.3904948234558105
2007-06-27,31.75,77.0,1.0123456716537476
2007-06-27,31.75,77.25,0.7802489995956421
2007-06-27,31.75,77.5,1.432466983795166
2007-06-27,32.0,76.5,0.6178900003433228
2007-06-27,32.0,76.75,0.5057985186576843
2007-06-27,32.0,77.0,0.22278137505054474
2007-06-27,32.0,77.25,0.2129095047712326
2007-06-27,32.0,77.5,0.33753448724746704
2007-06-28,31.5,76.5,0.0
2007-06-28,31.5,76.75,0.0
2007-06-28,31.5,77.0,0.0
2007-06-28,31.5,77.25,0.0
2007-06-28,31.5,77.5,4.3106160163879395
2007-06-28,31.75,76.5,0.8807061314582825
2007-06-28,31.75,76.75,0.0
2007-06-28,31.75,77.0,0.0
2007-06-28,31.75,77.25,0.0
2007-06-28,31.75,77.5,0.17866036295890808
2007-06-28,32.0,76.5,7.555258750915527
2007-06-28,32.0,76.75,0.6586995124816895
2007-06-28,32.0,77.0,0.0
2007-06-28,32.0,77.25,0.0
2007-06-28,32.0,77.5,0.0
2007-06-29,31.5,76.5,1.8240759372711182
2007-06-29,31.5,76.75,0.0
2007-06-29,31.5,77.0,0.6228218078613281
2007-06-29,31.5,77.25,0.32940244674682617
2007-06-29,31.5,77.5,0.0
2007-06-29,31.75,76.5,13.618560791015625
2007-06-29,31.75,76.75,2.8515193462371826
2007-06-29,31.75,77.0,2.83597731590271
2007-06-29,31.75,77.25,2.370971441268921
2007-06-29,31.75,77.5,2.076353073120117
2007-06-29,32.0,76.5,55.0792121887207
2007-06-29,32.0,76.75,16.11200523376465
2007-06-29,32.0,77.0,6.228914737701416
2007-06-29,32.0,77.25,5.202000141143799
2007-06-29,32.0,77.5,3.4362988471984863
2007-06-30,31.5,76.5,13.374444961547852
2007-06-30,31.5,76.75,18.04954719543457
2007-06-30,31.5,77.0,16.086811065673828
2007-06-30,31.5,77.25,12.446516036987305
2007-06-30,31.5,77.5,0.0
2007-06-30,31.75,76.5,12.721503257751465
2007-06-30,31.75,76.75,17.496826171875
2007-06-30,31.75,77.0,17.858455657958984
2007-06-30,31.75,77.25,18.405107498168945
2007-06-30,31.75,77.5,15.757644653320312
2007-06-30,32.0,76.5,9.565770149230957
2007-06-30,32.0,76.75,17.730438232421875
2007-06-30,32.0,77.0,19.474321365356445
2007-06-30,32.0,77.25,19.6463623046875
2007-06-30,32.0,77.5,19.20528221130371
2007-07-01,31.5,76.5,4.9812331199646
2007-07-01,31.5,76.75,6.920933723449707
2007-07-01,31.5,77.0,3.416499137878418
2007-07-01,31.5,77.25,2.087805986404419
2007-07-01,31.5,77.5,2.3761820793151855
2007-07-01,31.75,76.5,4.190749168395996
2007-07-01,31.75,76.75,4.610956192016602
2007-07-01,31.75,77.0,0.849810779094696
2007-07-01,31.75,77.25,3.5610480308532715
2007-07-01,31.75,77.5,5.060036659240723
2007-07-01,32.0,76.5,1.9846091270446777
2007-07-01,32.0,76.75,9.537636756896973
2007-07-01,32.0,77.0,4.282773017883301
2007-07-01,32.0,77.25,5.4712066650390625
2007-07-01,32.0,77.5,5.911551475524902
2007-07-02,31.5,76.5,1.7000726461410522
2007-07-02,31.5,76.75,0.0
2007-07-02,31.5,77.0,1.2740188837051392
2007-07-02,31.5,77.25,1.6519911289215088
2007-07-02,31.5,77.5,3.4282875061035156
2007-07-02,31.75,76.5,0.5701228380203247
2007-07-02,31.75,76.75,1.4618706703186035
2007-07-02,31.75,77.0,2.9498813152313232
2007-07-02,31.75,77.25,3.779886484146118
2007-07-02,31.75,77.5,5.66396427154541
2007-07-02,32.0,76.5,6.743742942810059
2007-07-02,32.0,76.75,9.417885780334473
2007-07-02,32.0,77.0,5.870655536651611
2007-07-02,32.0,77.25,6.407354354858398
2007-07-02,32.0,77.5,6.577213287353516
2007-07-03,31.5,76.5,3.129056215286255
2007-07-03,31.5,76.75,7.6440815925598145
2007-07-03,31.5,77.0,7.354543209075928
2007-07-03,31.5,77.25,8.26064395904541
2007-07-03,31.5,77.5,26.70804786682129
2007-07-03,31.75,76.5,0.9778086543083191
2007-07-03,31.75,76.75,6.6510701179504395
2007-07-03,31.75,77.0,8.851977348327637
2007-07-03,31.75,77.25,7.8228936195373535
2007-07-03,31.75,77.5,6.384109973907471
2007-07-03,32.0,76.5,19.88823890686035
2007-07-03,32.0,76.75,6.079824924468994
2007-07-03,32.0,77.0,7.048420429229736
2007-07-03,32.0,77.25,5.628503322601318
2007-07-03,32.0,77.5,4.897126197814941
2007-07-04,31.5,76.5,32.65505599975586
2007-07-04,31.5,76.75,72.77921295166016
2007-07-04,31.5,77.0,36.20183181762695
2007-07-04,31.5,77.25,25.07513427734375
2007-07-04,31.5,77.5,8.922113418579102
2007-07-04,31.75,76.5,9.28319263458252
2007-07-04,31.75,76.75,35.49821853637695
2007-07-04,31.75,77.0,5.88504695892334
2007-07-04,31.75,77.25,17.11463737487793
2007-07-04,31.75,77.5,9.039982795715332
2007-07-04,32.0,76.5,7.8464765548706055
2007-07-04,32.0,76.75,9.78353214263916
2007-07-04,32.0,77.0,3.375002145767212
2007-07-04,32.0,77.25,3.901106357574463
2007-07-04,32.0,77.5,3.7143967151641846
2007-07-05,31.5,76.5,1.5664880275726318
2007-07-05,31.5,76.75,0.1342153251171112
2007-07-05,31.5,77.0,0.5585087537765503
2007-07-05,31.5,77.25,0.6231726408004761
2007-07-05,31.5,77.5,11.052407264709473
2007-07-05,31.75,76.5,3.0023539066314697
2007-07-05,31.75,76.75,1.0563393831253052
2007-07-05,31.75,77.0,0.8589842319488525
2007-07-05,31.75,77.25,0.5874201059341431
2007-07-05,31.75,77.5,0.4604908227920532
2007-07-05,32.0,76.5,1.4670602083206177
2007-07-05,32.0,76.75,0.6929320096969604
2007-07-05,32.0,77.0,0.5886414647102356
2007-07-05,32.0,77.25,0.4072137773036957
2007-07-05,32.0,77.5,0.3202192783355713
2007-07-06,31.5,76.5,0.0
2007-07-06,31.5,76.75,0.10187308490276337
2007-07-06,31.5,77.0,0.24818722903728485
2007-07-06,31.5,77.25,0.3083780109882355
2007-07-06,31.5,77.5,1.40146803855896
2007-07-06,31.75,76.5,0.0
2007-07-06,31.75,76.75,0.2690819501876831
2007-07-06,31.75,77.0,0.5133435726165771
2007-07-06,31.75,77.25,0.5472983121871948
2007-07-06,31.75,77.5,0.6935389637947083
2007-07-06,32.0,76.5,0.7439176440238953
2007-07-06,32.0,76.75,1.074224829673767
2007-07-06,32.0,77.0,0.7452998757362366
2007-07-06,32.0,77.25,0.7461314797401428
2007-07-06,32.0,77.5,0.7361426949501038
2007-07-07,31.5,76.5,0.0
2007-07-07,31.5,76.75,0.0
2007-07-07,31.5,77.0,0.0
2007-07-07,31.5,77.25,0.0
2007-07-07,31.5,77.5,1.4420509338378906
2007-07-07,31.75,76.5,0.0
2007-07-07,31.75,76.75,0.1216350793838501
2007-07-07,31.75,77.0,0.0
2007-07-07,31.75,77.25,0.4188019633293152
2007-07-07,31.75,77.5,0.864039421081543
2007-07-07,32.0,76.5,0.0
2007-07-07,32.0,76.75,1.703950047492981
2007-07-07,32.0,77.0,0.826904833316803
2007-07-07,32.0,77.25,1.0383021831512451
2007-07-07,32.0,77.5,1.1209155321121216
2007-07-08,31.5,76.5,22.64780616760254
2007-07-08,31.5,76.75,7.9788689613342285
2007-07-08,31.5,77.0,14.082881927490234
2007-07-08,31.5,77.25,10.954730987548828
2007-07-08,31.5,77.5,8.476151466369629
2007-07-08,31.75,76.5,38.47383117675781
2007-07-08,31.75,76.75,15.42573356628418
2007-07-08,31.75,77.0,7.711584568023682
2007-07-08,31.75,77.25,8.230659484863281
2007-07-08,31.75,77.5,8.916069030761719
2007-07-08,32.0,76.5,26.14646339416504
2007-07-08,32.0,76.75,16.191862106323242
2007-07-08,32.0,77.0,9.083854675292969
2007-07-08,32.0,77.25,9.022477149963379
2007-07-08,32.0,77.5,8.877820014953613
2007-07-09,31.5,76.5,41.611446380615234
2007-07-09,31.5,76.75,73.49562072753906
2007-07-09,31.5,77.0,78.66341400146484
2007-07-09,31.5,77.25,81.67880249023438
2007-07-09,31.5,77.5,63.986900329589844
2007-07-09,31.75,76.5,16.892309188842773
2007-07-09,31.75,76.75,68.48748779296875
2007-07-09,31.75,77.0,99.481201171875
2007-07-09,31.75,77.25,83.66864776611328
2007-07-09,31.75,77.5,66.26641082763672
2007-07-09,32.0,76.5,68.13507080078125
2007-07-09,32.0,76.75,56.9271354675293
2007-07-09,32.0,77.0,75.03209686279297
2007-07-09,32.0,77.25,57.699703216552734
2007-07-09,32.0,77.5,49.03666305541992
2007-07-10,31.5,76.5,2.0447158813476562
2007-07-10,31.5,76.75,0.341251403093338
2007-07-10,31.5,77.0,0.8503491878509521
2007-07-10,31.5,77.25,0.8915194272994995
2007-07-10,31.5,77.5,4.028578281402588
2007-07-10,31.75,76.5,3.7830827236175537
2007-07-10,31.75,76.75,1.8235604763031006
2007-07-10,31.75,77.0,1.5286307334899902
2007-07-10,31.75,77.25,2.1611318588256836
2007-07-10,31.75,77.5,3.348784923553467
2007-07-10,32.0,76.5,1.8469516038894653
2007-07-10,32.0,76.75,6.065413475036621
2007-07-10,32.0,77.0,3.3848190307617188
2007-07-10,32.0,77.25,3.815652370452881
2007-07-10,32.0,77.5,3.969101667404175
2007-07-11,31.5,76.5,5.938187599182129
2007-07-11,31.5,76.75,9.57161808013916
2007-07-11,31.5,77.0,4.639497756958008
2007-07-11,31.5,77.25,2.8931024074554443
2007-07-11,31.5,77.5,1.495888352394104
2007-07-11,31.75,76.5,3.9094908237457275
2007-07-11,31.75,76.75,5.1043171882629395
2007-07-11,31.75,77.0,0.5149880647659302
2007-07-11,31.75,77.25,2.056509256362915
2007-07-11,31.75,77.5,1.035689353942871
2007-07-11,32.0,76.5,6.251951217651367
2007-07-11,32.0,76.75,1.4247580766677856
2007-07-11,32.0,77.0,0.2463967353105545
2007-07-11,32.0,77.25,0.37676095962524414
2007-07-11,32.0,77.5,0.381451278924942
2007-07-12,31.5,76.5,19.016355514526367
2007-07-12,31.5,76.75,17.10553741455078
2007-07-12,31.5,77.0,9.157175064086914
2007-07-12,31.5,77.25,5.351751804351807
2007-07-12,31.5,77.5,2.391031265258789
2007-07-12,31.75,76.5,20.679040908813477
2007-07-12,31.75,76.75,12.267448425292969
2007-07-12,31.75,77.0,1.0784122943878174
2007-07-12,31.75,77.25,3.875562906265259
2007-07-12,31.75,77.5,2.3256239891052246
2007-07-12,32.0,76.5,24.34953498840332
2007-07-12,32.0,76.75,4.884676456451416
2007-07-12,32.0,77.0,0.8914774656295776
2007-07-12,32.0,77.25,1.2661256790161133
2007-07-12,32.0,77.5,1.3361573219299316
2007-07-13,31.5,76.5,5.128702163696289
2007-07-13,31.5,76.75,2.7492172718048096
2007-07-13,31.5,77.0,2.6406121253967285
2007-07-13,31.5,77.25,2.4668431282043457
2007-07-13,31.5,77.5,2.839092254638672
2007-07-13,31.75,76.5,7.927850723266602
2007-07-13,31.75,76.75,3.873227119445801
2007-07-13,31.75,77.0,2.502263069152832
2007-07-13,31.75,77.25,2.145260810852051
2007-07-13,31.75,77.5,1.5377670526504517
2007-07-13,32.0,76.5,3.8514180183410645
2007-07-13,32.0,76.75,2.122501850128174
2007-07-13,32.0,77.0,1.6966439485549927
2007-07-13,32.0,77.25,1.225231647491455
2007-07-13,32.0,77.5,0.9847517013549805
2007-07-14,31.5,76.5,32.11341857910156
2007-07-14,31.5,76.75,38.18205261230469
2007-07-14,31.5,77.0,22.53769874572754
2007-07-14,31.5,77.25,17.876253128051758
2007-07-14,31.5,77.5,3.453277826309204
2007-07-14,31.75,76.5,30.2027587890625
2007-07-14,31.75,76.75,24.567129135131836
2007-07-14,31.75,77.0,4.652963161468506
2007-07-14,31.75,77.25,9.861090660095215
2007-07-14,31.75,77.5,5.460166931152344
2007-07-14,32.0,76.5,21.075332641601562
2007-07-14,32.0,76.75,8.300353050231934
2007-07-14,32.0,77.0,2.7362704277038574
2007-07-14,32.0,77.25,2.705380439758301
2007-07-14,32.0,77.5,2.4628682136535645
2007-07-15,31.5,76.5,0.22492867708206177
2007-07-15,31.5,76.75,0.5906856060028076
2007-07-15,31.5,77.0,0.28006163239479065
2007-07-15,31.5,77.25,0.17895479500293732
2007-07-15,31.5,77.5,2.7352800369262695
2007-07-15,31.75,76.5,0.0
2007-07-15,31.75,76.75,0.2822469472885132
2007-07-15,31.75,77.0,0.0
2007-07-15,31.75,77.25,0.12720675766468048
2007-07-15,31.75,77.5,0.0
2007-07-15,32.0,76.5,12.372804641723633
2007-07-15,32.0,76.75,0.0
2007-07-15,32.0,77.0,0.0
2007-07-15,32.0,77.25,0.0
2007-07-15,32.0,77.5,0.0
2007-07-16,31.5,76.5,1.1377493143081665
2007-07-16,31.5,76.75,0.0
2007-07-16,31.5,77.0,0.19243912398815155
2007-07-16,31.5,77.25,1.2007094621658325
2007-07-16,31.5,77.5,0.11426138132810593
2007-07-16,31.75,76.5,2.2388479709625244
2007-07-16,31.75,76.75,0.6052207946777344
2007-07-16,31.75,77.0,0.2038281112909317
2007-07-16,31.75,77.25,0.15489017963409424
2007-07-16,31.75,77.5,0.19358909130096436
2007-07-16,32.0,76.5,1.0946696996688843
2007-07-16,32.0,76.75,0.33071446418762207
2007-07-16,32.0,77.0,0.19261114299297333
2007-07-16,32.0,77.25,0.22276102006435394
2007-07-16,32.0,77.5,0.24240976572036743
2007-07-17,31.5,76.5,23.309345245361328
2007-07-17,31.5,76.75,46.368812561035156
2007-07-17,31.5,77.0,21.984838485717773
2007-07-17,31.5,77.25,14.047950744628906
2007-07-17,31.5,77.5,0.0
2007-07-17,31.75,76.5,8.112091064453125
2007-07-17,31.75,76.75,22.604354858398438
2007-07-17,31.75,77.0,2.7535107135772705
2007-07-17,31.75,77.25,11.63461971282959
2007-07-17,31.75,77.5,8.554167747497559
2007-07-17,32.0,76.5,5.384056568145752
2007-07-17,32.0,76.75,11.95572280883789
2007-07-17,32.0,77.0,4.470324993133545
2007-07-17,32.0,77.25,6.14113712310791
2007-07-17,32.0,77.5,6.611011981964111
2007-07-18,31.5,76.5,0.0
2007-07-18,31.5,76.75,0.0
2007-07-18,31.5,77.0,0.0
2007-07-18,31.5,77.25,0.0
2007-07-18,31.5,77.5,0.0
2007-07-18,31.75,76.5,0.0
2007-07-18,31.75,76.75,0.0
2007-07-18,31.75,77.0,0.0
2007-07-18,31.75,77.25,0.0
2007-07-18,31.75,77.5,0.0
2007-07-18,32.0,76.5,1.5867631435394287
2007-07-18,32.0,76.75,0.0
2007-07-18,32.0,77.0,0.0
2007-07-18,32.0,77.25,0.0
2007-07-18,32.0,77.5,0.0
2007-07-19,31.5,76.5,1.5775063037872314
2007-07-19,31.5,76.75,0.0
2007-07-19,31.5,77.0,0.11183501780033112
2007-07-19,31.5,77.25,0.0
2007-07-19,31.5,77.5,0.44370797276496887
2007-07-19,31.75,76.5,2.936225414276123
2007-07-19,31.75,76.75,0.5413248538970947
2007-07-19,31.75,77.0,0.0
2007-07-19,31.75,77.25,0.0
2007-07-19,31.75,77.5,0.0
2007-07-19,32.0,76.5,6.688198566436768
2007-07-19,32.0,76.75,0.2549504041671753
2007-07-19,32.0,77.0,0.0
2007-07-19,32.0,77.25,0.0
2007-07-19,32.0,77.5,0.0
2007-07-20,31.5,76.5,0.6044702529907227
2007-07-20,31.5,76.75,0.0
2007-07-20,31.5,77.0,0.0
2007-07-20,31.5,77.25,0.0
2007-07-20,31.5,77.5,0.44341927766799927
2007-07-20,31.75,76.5,0.20271036028862
2007-07-20,31.75,76.75,0.0
2007-07-20,31.75,77.0,0.0
2007-07-20,31.75,77.25,0.0
2007-07-20,31.75,77.5,0.0
2007-07-20,32.0,76.5,35.305477142333984
2007-07-20,32.0,76.75,0.0
2007-07-20,32.0,77.0,0.0
2007-07-20,32.0,77.25,0.0
2007-07-20,32.0,77.5,0.0
2007-07-21,31.5,76.5,22.464828491210938
2007-07-21,31.5,76.75,1.0425350666046143
2007-07-21,31.5,77.0,2.9894461631774902
2007-07-21,31.5,77.25,0.9626078605651855
2007-07-21,31.5,77.5,0.0
2007-07-21,31.75,76.5,38.39522171020508
2007-07-21,31.75,76.75,8.691903114318848
2007-07-21,31.75,77.0,0.3911239802837372
2007-07-21,31.75,77.25,0.35993894934654236
2007-07-21,31.75,77.5,0.507705807685852
2007-07-21,32.0,76.5,19.96412467956543
2007-07-21,32.0,76.75,4.866413593292236
2007-07-21,32.0,77.0,0.4349290728569031
2007-07-21,32.0,77.25,0.5453643202781677
2007-07-21,32.0,77.5,0.5840226411819458
2007-07-22,31.5,76.5,20.17729949951172
2007-07-22,31.5,76.75,36.72917175292969
2007-07-22,31.5,77.0,17.894123077392578
2007-07-22,31.5,77.25,11.793548583984375
2007-07-22,31.5,77.5,7.6388325691223145
2007-07-22,31.75,76.5,6.091324329376221
2007-07-22,31.75,76.75,18.051362991333008
2007-07-22,31.75,77.0,3.101381301879883
2007-07-22,31.75,77.25,9.128281593322754
2007-07-22,31.75,77.5,5.5961995124816895
2007-07-22,32.0,76.5,25.230003356933594
2007-07-22,32.0,76.75,6.656866550445557
2007-07-22,32.0,77.0,2.6556437015533447
2007-07-22,32.0,77.25,3.237868309020996
2007-07-22,32.0,77.5,3.2848472595214844
2007-07-23,31.5,76.5,0.9118252396583557
2007-07-23,31.5,76.75,0.6891331672668457
2007-07-23,31.5,77.0,0.326738566160202
2007-07-23,31.5,77.25,0.20878058671951294
2007-07-23,31.5,77.5,0.0
2007-07-23,31.75,76.5,1.0171900987625122
2007-07-23,31.75,76.75,0.9255966544151306
2007-07-23,31.75,77.0,0.5016545057296753
2007-07-23,31.75,77.25,2.184687852859497
2007-07-23,31.75,77.5,4.256289482116699
2007-07-23,32.0,76.5,4.183999061584473
2007-07-23,32.0,76.75,8.437931060791016
2007-07-23,32.0,77.0,4.035429000854492
2007-07-23,32.0,77.25,5.040120601654053
2007-07-23,32.0,77.5,5.4228315353393555
2007-07-24,31.5,76.5,3.9696507453918457
2007-07-24,31.5,76.75,4.957050800323486
2007-07-24,31.5,77.0,3.703758716583252
2007-07-24,31.5,77.25,3.133408308029175
2007-07-24,31.5,77.5,1.3922972679138184
2007-07-24,31.75,76.5,2.6007747650146484
2007-07-24,31.75,76.75,3.3457436561584473
2007-07-24,31.75,77.0,1.8341188430786133
2007-07-24,31.75,77.25,2.5435972213745117
2007-07-24,31.75,77.5,2.3848297595977783
2007-07-24,32.0,76.5,4.675032138824463
2007-07-24,32.0,76.75,3.0830230712890625
2007-07-24,32.0,77.0,2.1206042766571045
2007-07-24,32.0,77.25,2.215803861618042
2007-07-24,32.0,77.5,2.2240753173828125
2007-07-25,31.5,76.5,2.177518606185913
2007-07-25,31.5,76.75,4.331694602966309
2007-07-25,31.5,77.0,2.0537853240966797
2007-07-25,31.5,77.25,1.3123352527618408
2007-07-25,31.5,77.5,0.0
2007-07-25,31.75,76.5,0.7578173875808716
2007-07-25,31.75,76.75,2.1321117877960205
2007-07-25,31.75,77.0,0.2732086479663849
2007-07-25,31.75,77.25,1.1443805694580078
2007-07-25,31.75,77.5,0.9027625918388367
2007-07-25,32.0,76.5,4.098593235015869
2007-07-25,32.0,76.75,1.4033892154693604
2007-07-25,32.0,77.0,0.5289154648780823
2007-07-25,32.0,77.25,0.6890772581100464
2007-07-25,32.0,77.5,0.7295246720314026
2007-07-26,31.5,76.5,8.355997085571289
2007-07-26,31.5,76.75,13.799105644226074
2007-07-26,31.5,77.0,7.502020835876465
2007-07-26,31.5,77.25,5.512662410736084
2007-07-26,31.5,77.5,2.0087451934814453
2007-07-26,31.75,76.5,3.871934175491333
2007-07-26,31.75,76.75,7.352513313293457
2007-07-26,31.75,77.0,2.9203031063079834
2007-07-26,31.75,77.25,4.4897003173828125
2007-07-26,31.75,77.5,2.731764793395996
2007-07-26,32.0,76.5,44.077213287353516
2007-07-26,32.0,76.75,2.597550630569458
2007-07-26,32.0,77.0,1.9435075521469116
2007-07-26,32.0,77.25,1.6725773811340332
2007-07-26,32.0,77.5,1.4628292322158813
2007-07-27,31.5,76.5,4.74615478515625
2007-07-27,31.5,76.75,8.73231315612793
2007-07-27,31.5,77.0,7.3659892082214355
2007-07-27,31.5,77.25,7.025794982910156
2007-07-27,31.5,77.5,5.3103346824646
2007-07-27,31.75,76.5,2.8293747901916504
2007-07-27,31.75,76.75,7.264698505401611
2007-07-27,31.75,77.0,7.911221504211426
2007-07-27,31.75,77.25,7.698251724243164
2007-07-27,31.75,77.5,6.70777702331543
2007-07-27,32.0,76.5,12.490650177001953
2007-07-27,32.0,76.75,7.590256690979004
2007-07-27,32.0,77.0,7.0769877433776855
2007-07-27,32.0,77.25,6.093830108642578
2007-07-27,32.0,77.5,5.544233798980713
2007-07-28,31.5,76.5,4.592411994934082
2007-07-28,31.5,76.75,2.594780921936035
2007-07-28,31.5,77.0,3.750731945037842
2007-07-28,31.5,77.25,2.8641226291656494
2007-07-28,31.5,77.5,1.4466087818145752
2007-07-28,31.75,76.5,1.5563734769821167
2007-07-28,31.75,76.75,1.3189139366149902
2007-07-28,31.75,77.0,0.4084128141403198
2007-07-28,31.75,77.25,0.7399689555168152
2007-07-28,31.75,77.5,0.42754533886909485
2007-07-28,32.0,76.5,0.19501838088035583
2007-07-28,32.0,76.75,0.4272027611732483
2007-07-28,32.0,77.0,0.2614116072654724
2007-07-28,32.0,77.25,0.23543070256710052
2007-07-28,32.0,77.5,0.2076735943555832
2007-07-29,31.5,76.5,0.0
2007-07-29,31.5,76.75,0.0
2007-07-29,31.5,77.0,0.40302056074142456
2007-07-29,31.5,77.25,0.6985704302787781
2007-07-29,31.5,77.5,1.6871215105056763
2007-07-29,31.75,76.5,0.0
2007-07-29,31.75,76.75,0.3194797933101654
2007-07-29,31.75,77.0,0.9191219806671143
2007-07-29,31.75,77.25,0.6291322112083435
2007-07-29,31.75,77.5,0.4997929632663727
2007-07-29,32.0,76.5,15.603169441223145
2007-07-29,32.0,76.75,0.3788203001022339
2007-07-29,32.0,77.0,0.6512236595153809
2007-07-29,32.0,77.25,0.4481440484523773
2007-07-29,32.0,77.5,0.3514297902584076
2007-07-30,31.5,76.5,0.0
2007-07-30,31.5,76.75,0.0
2007-07-30,31.5,77.0,0.0
2007-07-30,31.5,77.25,0.0
2007-07-30,31.5,77.5,1.4346188306808472
2007-07-30,31.75,76.5,0.0
2007-07-30,31.75,76.75,0.0
2007-07-30,31.75,77.0,0.0
2007-07-30,31.75,77.25,0.0
2007-07-30,31.75,77.5,0.0
2007-07-30,32.0,76.5,0.0
2007-07-30,32.0,76.75,0.0
2007-07-30,32.0,77.0,0.0
2007-07-30,32.0,77.25,0.0
2007-07-30,32.0,77.5,0.0
2007-07-31,31.5,76.5,0.0
2007-07-31,31.5,76.75,0.0
2007-07-31,31.5,77.0,0.0
2007-07-31,31.5,77.25,0.11317283660173416
2007-07-31,31.5,77.5,1.5940208435058594
2007-07-31,31.75,76.5,0.0
2007-07-31,31.75,76.75,0.0
2007-07-31,31.75,77.0,0.0
2007-07-31,31.75,77.25,0.0
2007-07-31,31.75,77.5,0.0
2007-07-31,32.0,76.5,4.760289192199707
2007-07-31,32.0,76.75,0.0
2007-07-31,32.0,77.0,0.0
2007-07-31,32.0,77.25,0.0
2007-07-31,32.0,77.5,0.10327429324388504
2007-08-01,31.5,76.5,0.0
2007-08-01,31.5,76.75,0.0
2007-08-01,31.5,77.0,0.0
2007-08-01,31.5,77.25,0.0
2007-08-01,31.5,77.5,0.0
2007-08-01,31.75,76.5,0.0
2007-08-01,31.75,76.75,0.0
2007-08-01,31.75,77.0,0.0
2007-08-01,31.75,77.25,0.21153104305267334
2007-08-01,31.75,77.5,0.43296536803245544
2007-08-01,32.0,76.5,7.471009254455566
2007-08-01,32.0,76.75,0.8727548718452454
2007-08-01,32.0,77.0,0.41714784502983093
2007-08-01,32.0,77.25,0.5181753635406494
2007-08-01,32.0,77.5,0.5564952492713928
2007-08-02,31.5,76.5,4.248892784118652
2007-08-02,31.5,76.75,0.0
2007-08-02,31.5,77.0,0.0
2007-08-02,31.5,77.25,0.0
2007-08-02,31.5,77.5,0.0
2007-08-02,31.75,76.5,2.131894588470459
2007-08-02,31.75,76.75,0.1809692680835724
2007-08-02,31.75,77.0,0.14140284061431885
2007-08-02,31.75,77.25,0.6842003464698792
2007-08-02,31.75,77.5,1.4823744297027588
2007-08-02,32.0,76.5,7.305020332336426
2007-08-02,32.0,76.75,2.5351452827453613
2007-08-02,32.0,77.0,1.3613946437835693
2007-08-02,32.0,77.25,1.8246935606002808
2007-08-02,32.0,77.5,2.02958345413208
2007-08-03,31.5,76.5,0.1133381798863411
2007-08-03,31.5,76.75,0.0
2007-08-03,31.5,77.0,3.794003486633301
2007-08-03,31.5,77.25,9.211779594421387
2007-08-03,31.5,77.5,17.02912712097168
2007-08-03,31.75,76.5,0.0
2007-08-03,31.75,76.75,1.8468259572982788
2007-08-03,31.75,77.0,5.058300018310547
2007-08-03,31.75,77.25,3.926558256149292
2007-08-03,31.75,77.5,3.9187171459198
2007-08-03,32.0,76.5,5.553670406341553
2007-08-03,32.0,76.75,3.749579429626465
2007-08-03,32.0,77.0,4.580504894256592
2007-08-03,32.0,77.25,3.9641826152801514
2007-08-03,32.0,77.5,3.6727068424224854
2007-08-04,31.5,76.5,6.3300700187683105
2007-08-04,31.5,76.75,12.51960563659668
2007-08-04,31.5,77.0,13.525880813598633
2007-08-04,31.5,77.25,18.56770133972168
2007-08-04,31.5,77.5,19.91388511657715
2007-08-04,31.75,76.5,2.201786994934082
2007-08-04,31.75,76.75,8.928716659545898
2007-08-04,31.75,77.0,8.277243614196777
2007-08-04,31.75,77.25,9.315539360046387
2007-08-04,31.75,77.5,8.78162956237793
2007-08-04,32.0,76.5,14.763151168823242
2007-08-04,32.0,76.75,11.20334529876709
2007-08-04,32.0,77.0,8.775121688842773
2007-08-04,32.0,77.25,8.24205493927002
2007-08-04,32.0,77.5,7.8480753898620605
2007-08-05,31.5,76.5,3.3157665729522705
2007-08-05,31.5,76.75,6.640764236450195
2007-08-05,31.5,77.0,4.789738655090332
2007-08-05,31.5,77.25,4.454800605773926
2007-08-05,31.5,77.5,4.133999347686768
2007-08-05,31.75,76.5,1.15394926071167
2007-08-05,31.75,76.75,4.631189346313477
2007-08-05,31.75,77.0,3.9080419540405273
2007-08-05,31.75,77.25,4.849946022033691
2007-08-05,31.75,77.5,4.952967643737793
2007-08-05,32.0,76.5,1.6926196813583374
2007-08-05,32.0,76.75,6.784897327423096
2007-08-05,32.0,77.0,4.819307327270508
2007-08-05,32.0,77.25,4.825494289398193
2007-08-05,32.0,77.5,4.74549674987793
2007-08-06,31.5,76.5,5.563303470611572
2007-08-06,31.5,76.75,4.885092258453369
2007-08-06,31.5,77.0,17.168853759765625
2007-08-06,31.5,77.25,21.935585021972656
2007-08-06,31.5,77.5,23.25263786315918
2007-08-06,31.75,76.5,1.8945010900497437
2007-08-06,31.75,76.75,14.263739585876465
2007-08-06,31.75,77.0,34.728118896484375
2007-08-06,31.75,77.25,25.030141830444336
2007-08-06,31.75,77.5,20.272348403930664
2007-08-06,32.0,76.5,8.54330825805664
2007-08-06,32.0,76.75,16.842182159423828
2007-08-06,32.0,77.0,25.51063346862793
2007-08-06,32.0,77.25,18.250934600830078
2007-08-06,32.0,77.5,14.744707107543945
2007-08-07,31.5,76.5,2.164700746536255
2007-08-07,31.5,76.75,2.953427791595459
2007-08-07,31.5,77.0,1.4003081321716309
2007-08-07,31.5,77.25,0.8947739601135254
2007-08-07,31.5,77.5,0.5546349287033081
2007-08-07,31.75,76.5,0.7447428703308105
2007-08-07,31.75,76.75,1.411234736442566
2007-08-07,31.75,77.0,0.15308794379234314
2007-08-07,31.75,77.25,0.6360337734222412
2007-08-07,31.75,77.5,0.3203163146972656
2007-08-07,32.0,76.5,0.22502121329307556
2007-08-07,32.0,76.75,0.36179617047309875
2007-08-07,32.0,77.0,0.0
2007-08-07,32.0,77.25,0.11652401834726334
2007-08-07,32.0,77.5,0.11797461658716202
2007-08-08,31.5,76.5,0.0
2007-08-08,31.5,76.75,0.0
2007-08-08,31.5,77.0,0.0
2007-08-08,31.5,77.25,0.0
2007-08-08,31.5,77.5,0.44341927766799927
2007-08-08,31.75,76.5,0.0
2007-08-08,31.75,76.75,0.0
2007-08-08,31.75,77.0,0.0
2007-08-08,31.75,77.25,0.0
2007-08-08,31.75,77.5,0.0
2007-08-08,32.0,76.5,3.5702168941497803
2007-08-08,32.0,76.75,0.0
2007-08-08,32.0,77.0,0.0
2007-08-08,32.0,77.25,0.0
2007-08-08,32.0,77.5,0.0
2007-08-09,31.5,76.5,1.8805840015411377
2007-08-09,31.5,76.75,3.7410085201263428
2007-08-09,31.5,77.0,1.7737236022949219
2007-08-09,31.5,77.25,1.13338041305542
2007-08-09,31.5,77.5,0.0
2007-08-09,31.75,76.5,0.6544786691665649
2007-08-09,31.75,76.75,1.7875639200210571
2007-08-09,31.75,77.0,0.19391140341758728
2007-08-09,31.75,77.25,0.8056427240371704
2007-08-09,31.75,77.5,0.40573400259017944
2007-08-09,32.0,76.5,24.945968627929688
2007-08-09,32.0,76.75,0.45827516913414
2007-08-09,32.0,77.0,0.0
2007-08-09,32.0,77.25,0.14759708940982819
2007-08-09,32.0,77.5,0.14943453669548035
2007-08-10,31.5,76.5,3.8260509967803955
2007-08-10,31.5,76.75,2.0240063667297363
2007-08-10,31.5,77.0,2.941287040710449
2007-08-10,31.5,77.25,2.4707133769989014
2007-08-10,31.5,77.5,0.15940208733081818
2007-08-10,31.75,76.5,5.421725749969482
2007-08-10,31.75,76.75,1.6625896692276
2007-08-10,31.75,77.0,0.12873026728630066
2007-08-10,31.75,77.25,0.42402249574661255
2007-08-10,31.75,77.5,0.21354420483112335
2007-08-10,32.0,76.5,11.249725341796875
2007-08-10,32.0,76.75,0.5811313390731812
2007-08-10,32.0,77.0,0.0
2007-08-10,32.0,77.25,0.0
2007-08-10,32.0,77.5,0.0
2007-08-11,31.5,76.5,128.3660888671875
2007-08-11,31.5,76.75,3.4636731147766113
2007-08-11,31.5,77.0,12.056761741638184
2007-08-11,31.5,77.25,0.4852290451526642
2007-08-11,31.5,77.5,1.4744731187820435
2007-08-11,31.75,76.5,249.1043701171875
2007-08-11,31.75,76.75,56.212684631347656
2007-08-11,31.75,77.0,2.1176180839538574
2007-08-11,31.75,77.25,0.25441351532936096
2007-08-11,31.75,77.5,0.12812653183937073
2007-08-11,32.0,76.5,122.97884368896484
2007-08-11,32.0,76.75,26.353620529174805
2007-08-11,32.0,77.0,0.0
2007-08-11,32.0,77.25,0.0
2007-08-11,32.0,77.5,0.0
2007-08-12,31.5,76.5,155.31289672851562
2007-08-12,31.5,76.75,191.5526885986328
2007-08-12,31.5,77.0,125.20372009277344
2007-08-12,31.5,77.25,94.32896423339844
2007-08-12,31.5,77.5,34.02603530883789
2007-08-12,31.75,76.5,141.36849975585938
2007-08-12,31.75,76.75,131.36410522460938
2007-08-12,31.75,77.0,55.628421783447266
2007-08-12,31.75,77.25,71.64102935791016
2007-08-12,31.75,77.5,45.007591247558594
2007-08-12,32.0,76.5,83.63442993164062
2007-08-12,32.0,76.75,53.51875686645508
2007-08-12,32.0,77.0,36.68478775024414
2007-08-12,32.0,77.25,29.369691848754883
2007-08-12,32.0,77.5,24.743406295776367
2007-08-13,31.5,76.5,73.4857406616211
2007-08-13,31.5,76.75,120.56962585449219
2007-08-13,31.5,77.0,68.02127838134766
2007-08-13,31.5,77.25,59.43963623046875
2007-08-13,31.5,77.5,15.762147903442383
2007-08-13,31.75,76.5,30.23672866821289
2007-08-13,31.75,76.75,63.38901901245117
2007-08-13,31.75,77.0,18.734060287475586
2007-08-13,31.75,77.25,35.57906723022461
2007-08-13,31.75,77.5,22.540456771850586
2007-08-13,32.0,76.5,15.758065223693848
2007-08-13,32.0,76.75,26.265769958496094
2007-08-13,32.0,77.0,14.513337135314941
2007-08-13,32.0,77.25,14.15411376953125
2007-08-13,32.0,77.5,13.195542335510254
2007-08-14,31.5,76.5,25.04266929626465
2007-08-14,31.5,76.75,46.34922409057617
2007-08-14,31.5,77.0,24.99946403503418
2007-08-14,31.5,77.25,19.170988082885742
2007-08-14,31.5,77.5,3.2558507919311523
2007-08-14,31.75,76.5,8.692111015319824
2007-08-14,31.75,76.75,24.023235321044922
2007-08-14,31.75,77.0,7.406834602355957
2007-08-14,31.75,77.25,14.232179641723633
2007-08-14,31.75,77.5,9.688892364501953
2007-08-14,32.0,76.5,24.873018264770508
2007-08-14,32.0,76.75,11.823480606079102
2007-08-14,32.0,77.0,6.583987236022949
2007-08-14,32.0,77.25,6.644184589385986
2007-08-14,32.0,77.5,6.3482489585876465
2007-08-15,31.5,76.5,8.866556167602539
2007-08-15,31.5,76.75,11.481558799743652
2007-08-15,31.5,77.0,6.093390941619873
2007-08-15,31.5,77.25,3.8301820755004883
2007-08-15,31.5,77.5,0.0
2007-08-15,31.75,76.5,6.884557247161865
2007-08-15,31.75,76.75,6.575512886047363
2007-08-15,31.75,77.0,0.6332811117172241
2007-08-15,31.75,77.25,2.4593305587768555
2007-08-15,31.75,77.5,1.2385565042495728
2007-08-15,32.0,76.5,10.86786937713623
2007-08-15,32.0,76.75,1.9258428812026978
2007-08-15,32.0,77.0,0.2946600615978241
2007-08-15,32.0,77.25,0.4505595862865448
2007-08-15,32.0,77.5,0.4561685621738434
2007-08-16,31.5,76.5,3.3917596340179443
2007-08-16,31.5,76.75,3.7410085201263428
2007-08-16,31.5,77.0,1.7737236022949219
2007-08-16,31.5,77.25,1.13338041305542
2007-08-16,31.5,77.5,0.0
2007-08-16,31.75,76.5,1.161254644393921
2007-08-16,31.75,76.75,1.7875639200210571
2007-08-16,31.75,77.0,0.19391140341758728
2007-08-16,31.75,77.25,0.8056427240371704
2007-08-16,31.75,77.5,0.40573400259017944
2007-08-16,32.0,76.5,0.285026878118515
2007-08-16,32.0,76.75,0.45827516913414
2007-08-16,32.0,77.0,0.0
2007-08-16,32.0,77.25,0.14759708940982819
2007-08-16,32.0,77.5,0.14943453669548035
2007-08-17,31.5,76.5,0.19795621931552887
2007-08-17,31.5,76.75,0.3937903642654419
2007-08-17,31.5,77.0,0.1867077648639679
2007-08-17,31.5,77.25,0.11930319666862488
2007-08-17,31.5,77.5,2.3113303184509277
2007-08-17,31.75,76.5,0.0
2007-08-17,31.75,76.75,0.188164621591568
2007-08-17,31.75,77.0,0.0
2007-08-17,31.75,77.25,0.0
2007-08-17,31.75,77.5,0.0
2007-08-17,32.0,76.5,8.492738723754883
2007-08-17,32.0,76.75,0.0
2007-08-17,32.0,77.0,0.0
2007-08-17,32.0,77.25,0.0
2007-08-17,32.0,77.5,0.0
2007-08-18,31.5,76.5,4.5463666915893555
2007-08-18,31.5,76.75,0.0
2007-08-18,31.5,77.0,0.3727833926677704
2007-08-18,31.5,77.25,0.0
2007-08-18,31.5,77.5,0.6376083493232727
2007-08-18,31.75,76.5,8.658330917358398
2007-08-18,31.75,76.75,1.8044160604476929
2007-08-18,31.75,77.0,0.0
2007-08-18,31.75,77.25,0.0
2007-08-18,31.75,77.5,0.0
2007-08-18,32.0,76.5,23.636770248413086
2007-08-18,32.0,76.75,0.849834680557251
2007-08-18,32.0,77.0,0.0
2007-08-18,32.0,77.25,0.0
2007-08-18,32.0,77.5,0.0
2007-08-19,31.5,76.5,3.683490753173828
2007-08-19,31.5,76.75,0.0
2007-08-19,31.5,77.0,0.1690203994512558
2007-08-19,31.5,77.25,0.3502669632434845
2007-08-19,31.5,77.5,2.659428596496582
2007-08-19,31.75,76.5,1.2352662086486816
2007-08-19,31.75,76.75,0.0
2007-08-19,31.75,77.0,0.0
2007-08-19,31.75,77.25,0.0
2007-08-19,31.75,77.5,0.0
2007-08-19,32.0,76.5,7.5371246337890625
2007-08-19,32.0,76.75,0.0
2007-08-19,32.0,77.0,0.0
2007-08-19,32.0,77.25,0.0
2007-08-19,32.0,77.5,0.0
2007-08-20,31.5,76.5,1.5219717025756836
2007-08-20,31.5,76.75,0.5953199863433838
2007-08-20,31.5,77.0,0.4479958117008209
2007-08-20,31.5,77.25,1.7001110315322876
2007-08-20,31.5,77.5,3.2226641178131104
2007-08-20,31.75,76.5,2.0460331439971924
2007-08-20,31.75,76.75,0.7096765041351318
2007-08-20,31.75,77.0,0.632392406463623
2007-08-20,31.75,77.25,1.3962234258651733
2007-08-20,31.75,77.5,2.3463377952575684
2007-08-20,32.0,76.5,28.963346481323242
2007-08-20,32.0,76.75,4.421422958374023
2007-08-20,32.0,77.0,2.282013177871704
2007-08-20,32.0,77.25,2.694739580154419
2007-08-20,32.0,77.5,2.840644121170044
2007-08-21,31.5,76.5,14.715039253234863
2007-08-21,31.5,76.75,14.99429988861084
2007-08-21,31.5,77.0,9.617622375488281
2007-08-21,31.5,77.25,5.852669715881348
2007-08-21,31.5,77.5,4.639883041381836
2007-08-21,31.75,76.5,19.64078140258789
2007-08-21,31.75,76.75,11.73344898223877
2007-08-21,31.75,77.0,1.8883429765701294
2007-08-21,31.75,77.25,4.711966514587402
2007-08-21,31.75,77.5,4.073832988739014
2007-08-21,32.0,76.5,37.811683654785156
2007-08-21,32.0,76.75,8.200699806213379
2007-08-21,32.0,77.0,2.890963554382324
2007-08-21,32.0,77.25,3.4125213623046875
2007-08-21,32.0,77.5,3.5249271392822266
2007-08-22,31.5,76.5,0.0
2007-08-22,31.5,76.75,0.0
2007-08-22,31.5,77.0,0.0
2007-08-22,31.5,77.25,0.0
2007-08-22,31.5,77.5,0.0
2007-08-22,31.75,76.5,0.0
2007-08-22,31.75,76.75,0.0
2007-08-22,31.75,77.0,0.0
2007-08-22,31.75,77.25,0.0
2007-08-22,31.75,77.5,0.0
2007-08-22,32.0,76.5,0.0
2007-08-22,32.0,76.75,0.0
2007-08-22,32.0,77.0,0.0
2007-08-22,32.0,77.25,0.0
2007-08-22,32.0,77.5,0.0
2007-08-23,31.5,76.5,0.13222786784172058
2007-08-23,31.5,76.75,0.0
2007-08-23,31.5,77.0,0.37172698974609375
2007-08-23,31.5,77.25,0.29561853408813477
2007-08-23,31.5,77.5,0.0
2007-08-23,31.75,76.5,0.0
2007-08-23,31.75,76.75,0.0
2007-08-23,31.75,77.0,0.0
2007-08-23,31.75,77.25,0.0
2007-08-23,31.75,77.5,0.0
2007-08-23,32.0,76.5,12.165183067321777
2007-08-23,32.0,76.75,0.0
2007-08-23,32.0,77.0,0.0
2007-08-23,32.0,77.25,0.0
2007-08-23,32.0,77.5,0.0
2007-08-24,31.5,76.5,5.460491180419922
2007-08-24,31.5,76.75,6.30064582824707
2007-08-24,31.5,77.0,2.9873242378234863
2007-08-24,31.5,77.25,1.908851146697998
2007-08-24,31.5,77.5,0.0
2007-08-24,31.75,76.5,1.802505612373352
2007-08-24,31.75,76.75,3.200503349304199
2007-08-24,31.75,77.0,0.47494471073150635
2007-08-24,31.75,77.25,2.0189764499664307
2007-08-24,31.75,77.5,2.059033155441284
2007-08-24,32.0,76.5,5.052219390869141
2007-08-24,32.0,76.75,3.4316565990448
2007-08-24,32.0,77.0,1.4712986946105957
2007-08-24,32.0,77.25,1.9076651334762573
2007-08-24,32.0,77.5,2.0509390830993652
2007-08-25,31.5,76.5,13.492779731750488
2007-08-25,31.5,76.75,4.834249496459961
2007-08-25,31.5,77.0,3.237609624862671
2007-08-25,31.5,77.25,1.4018125534057617
2007-08-25,31.5,77.5,0.8077287077903748
2007-08-25,31.75,76.5,21.88910484313965
2007-08-25,31.75,76.75,7.565903663635254
2007-08-25,31.75,77.0,0.6629833579063416
2007-08-25,31.75,77.25,2.0238893032073975
2007-08-25,31.75,77.5,2.6048033237457275
2007-08-25,32.0,76.5,10.966140747070312
2007-08-25,32.0,76.75,7.185446262359619
2007-08-25,32.0,77.0,2.1455347537994385
2007-08-25,32.0,77.25,2.699406147003174
2007-08-25,32.0,77.5,2.887803792953491
2007-08-26,31.5,76.5,0.2782956659793854
2007-08-26,31.5,76.75,0.0
2007-08-26,31.5,77.0,0.0
2007-08-26,31.5,77.25,0.0
2007-08-26,31.5,77.5,2.6128854751586914
2007-08-26,31.75,76.5,0.10583615303039551
2007-08-26,31.75,76.75,0.0
2007-08-26,31.75,77.0,0.0
2007-08-26,31.75,77.25,0.0
2007-08-26,31.75,77.5,0.0
2007-08-26,32.0,76.5,28.739238739013672
2007-08-26,32.0,76.75,0.0
2007-08-26,32.0,77.0,0.0
2007-08-26,32.0,77.25,0.0
2007-08-26,32.0,77.5,0.0
2007-08-27,31.5,76.5,0.0
2007-08-27,31.5,76.75,0.0
2007-08-27,31.5,77.0,0.0
2007-08-27,31.5,77.25,0.0
2007-08-27,31.5,77.5,1.5940208435058594
2007-08-27,31.75,76.5,0.0
2007-08-27,31.75,76.75,0.0
2007-08-27,31.75,77.0,0.0
2007-08-27,31.75,77.25,0.0
2007-08-27,31.75,77.5,0.0
2007-08-27,32.0,76.5,0.9256117343902588
2007-08-27,32.0,76.75,0.0
2007-08-27,32.0,77.0,0.0
2007-08-27,32.0,77.25,0.0
2007-08-27,32.0,77.5,0.0
2007-08-28,31.5,76.5,6.289080619812012
2007-08-28,31.5,76.75,0.7076128721237183
2007-08-28,31.5,77.0,0.8690593838691711
2007-08-28,31.5,77.25,0.17895479500293732
2007-08-28,31.5,77.5,3.3780786991119385
2007-08-28,31.75,76.5,11.894604682922363
2007-08-28,31.75,76.75,3.1332244873046875
2007-08-28,31.75,77.0,0.13597054779529572
2007-08-28,31.75,77.25,0.185334250330925
2007-08-28,31.75,77.5,0.25132426619529724
2007-08-28,32.0,76.5,14.60357666015625
2007-08-28,32.0,76.75,1.4150981903076172
2007-08-28,32.0,77.0,0.13997383415699005
2007-08-28,32.0,77.25,0.2895691990852356
2007-08-28,32.0,77.5,0.36784255504608154
2007-08-29,31.5,76.5,0.6433576941490173
2007-08-29,31.5,76.75,1.2823638916015625
2007-08-29,31.5,77.0,0.7926636934280396
2007-08-29,31.5,77.25,2.374603271484375
2007-08-29,31.5,77.5,3.9798619747161865
2007-08-29,31.75,76.5,0.22390060126781464
2007-08-29,31.75,76.75,0.6115350127220154
2007-08-29,31.75,77.0,0.0
2007-08-29,31.75,77.25,0.3104911148548126
2007-08-29,31.75,77.5,0.2511603534221649
2007-08-29,32.0,76.5,4.1305317878723145
2007-08-29,32.0,76.75,0.15677833557128906
2007-08-29,32.0,77.0,0.10786192864179611
2007-08-29,32.0,77.25,0.21025238931179047
2007-08-29,32.0,77.5,0.25767090916633606
2007-08-30,31.5,76.5,4.343841552734375
2007-08-30,31.5,76.75,2.8180739879608154
2007-08-30,31.5,77.0,1.8765205144882202
2007-08-30,31.5,77.25,1.2690353393554688
2007-08-30,31.5,77.5,3.306400775909424
2007-08-30,31.75,76.5,6.303252220153809
2007-08-30,31.75,76.75,2.7245969772338867
2007-08-30,31.75,77.0,0.1948917806148529
2007-08-30,31.75,77.25,0.6924482583999634
2007-08-30,31.75,77.5,0.6173055768013
2007-08-30,32.0,76.5,4.841269493103027
2007-08-30,32.0,76.75,1.0005475282669067
2007-08-30,32.0,77.0,0.283170610666275
2007-08-30,32.0,77.25,0.5614052414894104
2007-08-30,32.0,77.5,0.6953306198120117
2007-08-31,31.5,76.5,5.089515686035156
2007-08-31,31.5,76.75,5.447179794311523
2007-08-31,31.5,77.0,2.7312564849853516
2007-08-31,31.5,77.25,1.7111519575119019
2007-08-31,31.5,77.5,0.6017833352088928
2007-08-31,31.75,76.5,4.465299129486084
2007-08-31,31.75,76.75,3.381206750869751
2007-08-31,31.75,77.0,0.3100000321865082
2007-08-31,31.75,77.25,1.1660618782043457
2007-08-31,31.75,77.5,0.5872465968132019
2007-08-31,32.0,76.5,21.389785766601562
2007-08-31,32.0,76.75,1.0372202396392822
2007-08-31,32.0,77.0,0.1397095024585724
2007-08-31,32.0,77.25,0.2136273831129074
2007-08-31,32.0,77.5,0.2162868231534958
2007-09-01,31.5,76.5,5.106072902679443
2007-09-01,31.5,76.75,4.764414310455322
2007-09-01,31.5,77.0,2.914341688156128
2007-09-01,31.5,77.25,1.5849028825759888
2007-09-01,31.5,77.5,2.09810471534729
2007-09-01,31.75,76.5,6.199944972991943
2007-09-01,31.75,76.75,3.919093608856201
2007-09-01,31.75,77.0,0.6686738729476929
2007-09-01,31.75,77.25,3.3571279048919678
2007-09-01,31.75,77.5,4.368902206420898
2007-09-01,32.0,76.5,10.1937894821167
2007-09-01,32.0,76.75,7.699268817901611
2007-09-01,32.0,77.0,2.405811309814453
2007-09-01,32.0,77.25,4.697956562042236
2007-09-01,32.0,77.5,5.910161972045898
2007-09-02,31.5,76.5,4.750949859619141
2007-09-02,31.5,76.75,9.452241897583008
2007-09-02,31.5,77.0,4.573917865753174
2007-09-02,31.5,77.25,2.9371814727783203
2007-09-02,31.5,77.5,1.781087875366211
2007-09-02,31.75,76.5,1.653419852256775
2007-09-02,31.75,76.75,4.515951156616211
2007-09-02,31.75,77.0,0.7439451813697815
2007-09-02,31.75,77.25,1.9687039852142334
2007-09-02,31.75,77.5,0.0
2007-09-02,32.0,76.5,3.563018798828125
2007-09-02,32.0,76.75,0.8538325428962708
2007-09-02,32.0,77.0,0.0
2007-09-02,32.0,77.25,0.0
2007-09-02,32.0,77.5,0.0
2007-09-03,31.5,76.5,23.368505477905273
2007-09-03,31.5,76.75,4.1857709884643555
2007-09-03,31.5,77.0,7.893754482269287
2007-09-03,31.5,77.25,3.950024366378784
2007-09-03,31.5,77.5,10.019722938537598
2007-09-03,31.75,76.5,40.97035598754883
2007-09-03,31.75,76.75,12.354559898376465
2007-09-03,31.75,77.0,3.034024477005005
2007-09-03,31.75,77.25,2.8509349822998047
2007-09-03,31.75,77.5,1.9887112379074097
2007-09-03,32.0,76.5,35.42129135131836
2007-09-03,32.0,76.75,1.9497483968734741
2007-09-03,32.0,77.0,2.5320329666137695
2007-09-03,32.0,77.25,1.9353207349777222
2007-09-03,32.0,77.5,1.515785574913025
2007-09-04,31.5,76.5,3.271745443344116
2007-09-04,31.5,76.75,1.4400429725646973
2007-09-04,31.5,77.0,1.7433555126190186
2007-09-04,31.5,77.25,2.4266302585601807
2007-09-04,31.5,77.5,0.44370797276496887
2007-09-04,31.75,76.5,5.315845966339111
2007-09-04,31.75,76.75,2.010180950164795
2007-09-04,31.75,77.0,0.16195322573184967
2007-09-04,31.75,77.25,0.698116660118103
2007-09-04,31.75,77.5,0.7273185849189758
2007-09-04,32.0,76.5,3.379642963409424
2007-09-04,32.0,76.75,1.247502088546753
2007-09-04,32.0,77.0,0.4670899510383606
2007-09-04,32.0,77.25,0.7965579032897949
2007-09-04,32.0,77.5,0.9494389295578003
2007-09-05,31.5,76.5,2.302358627319336
2007-09-05,31.5,76.75,2.198436975479126
2007-09-05,31.5,77.0,1.7967056035995483
2007-09-05,31.5,77.25,1.1734999418258667
2007-09-05,31.5,77.5,0.22185398638248444
2007-09-05,31.75,76.5,2.7670130729675293
2007-09-05,31.75,76.75,1.612318515777588
2007-09-05,31.75,77.0,0.1704874336719513
2007-09-05,31.75,77.25,0.45116129517555237
2007-09-05,31.75,77.5,0.0
2007-09-05,32.0,76.5,18.125905990600586
2007-09-05,32.0,76.75,0.19566994905471802
2007-09-05,32.0,77.0,0.0
2007-09-05,32.0,77.25,0.0
2007-09-05,32.0,77.5,0.0
2007-09-06,31.5,76.5,5.406887054443359
2007-09-06,31.5,76.75,0.0
2007-09-06,31.5,77.0,0.0
2007-09-06,31.5,77.25,0.12731944024562836
2007-09-06,31.5,77.5,0.0
2007-09-06,31.75,76.5,2.0562453269958496
2007-09-06,31.75,76.75,0.1809692680835724
2007-09-06,31.75,77.0,0.2754139006137848
2007-09-06,31.75,77.25,2.245669364929199
2007-09-06,31.75,77.5,5.602319717407227
2007-09-06,32.0,76.5,0.0
2007-09-06,32.0,76.75,7.239678382873535
2007-09-06,32.0,77.0,2.6603312492370605
2007-09-06,32.0,77.25,5.918173313140869
2007-09-06,32.0,77.5,8.079081535339355
2007-09-07,31.5,76.5,0.0
2007-09-07,31.5,76.75,0.0
2007-09-07,31.5,77.0,0.0
2007-09-07,31.5,77.25,0.0
2007-09-07,31.5,77.5,0.7970104217529297
2007-09-07,31.75,76.5,0.0
2007-09-07,31.75,76.75,0.0
2007-09-07,31.75,77.0,0.0
2007-09-07,31.75,77.25,0.0
2007-09-07,31.75,77.5,0.0
2007-09-07,32.0,76.5,8.132160186767578
2007-09-07,32.0,76.75,0.0
2007-09-07,32.0,77.0,0.0
2007-09-07,32.0,77.25,0.0
2007-09-07,32.0,77.5,0.0
2007-09-08,31.5,76.5,0.0
2007-09-08,31.5,76.75,0.0
2007-09-08,31.5,77.0,0.0
2007-09-08,31.5,77.25,0.0
2007-09-08,31.5,77.5,3.235816717147827
2007-09-08,31.75,76.5,0.0
2007-09-08,31.75,76.75,0.0
2007-09-08,31.75,77.0,0.0
2007-09-08,31.75,77.25,0.0
2007-09-08,31.75,77.5,0.163493812084198
2007-09-08,32.0,76.5,0.0
2007-09-08,32.0,76.75,0.2906050384044647
2007-09-08,32.0,77.0,0.0
2007-09-08,32.0,77.25,0.1727641522884369
2007-09-08,32.0,77.5,0.22842518985271454
2007-09-09,31.5,76.5,8.739407539367676
2007-09-09,31.5,76.75,0.8794729709625244
2007-09-09,31.5,77.0,2.5292859077453613
2007-09-09,31.5,77.25,0.6462815999984741
2007-09-09,31.5,77.5,0.39991483092308044
2007-09-09,31.75,76.5,16.55600357055664
2007-09-09,31.75,76.75,4.569680213928223
2007-09-09,31.75,77.0,0.7347038984298706
2007-09-09,31.75,77.25,0.9509958028793335
2007-09-09,31.75,77.5,1.649287223815918
2007-09-09,32.0,76.5,8.087583541870117
2007-09-09,32.0,76.75,1.5388474464416504
2007-09-09,32.0,77.0,1.072687029838562
2007-09-09,32.0,77.25,1.683227777481079
2007-09-09,32.0,77.5,2.162379026412964
2007-09-10,31.5,76.5,0.0
2007-09-10,31.5,76.75,0.0
2007-09-10,31.5,77.0,0.0
2007-09-10,31.5,77.25,0.0
2007-09-10,31.5,77.5,0.22185398638248444
2007-09-10,31.75,76.5,0.0
2007-09-10,31.75,76.75,0.0
2007-09-10,31.75,77.0,0.0
2007-09-10,31.75,77.25,0.0
2007-09-10,31.75,77.5,0.34763628244400024
2007-09-10,32.0,76.5,0.0
2007-09-10,32.0,76.75,0.0
2007-09-10,32.0,77.0,0.12870566546916962
2007-09-10,32.0,77.25,0.3567299544811249
2007-09-10,32.0,77.5,0.5728819966316223
2007-09-11,31.5,76.5,0.0
2007-09-11,31.5,76.75,0.10481072217226028
2007-09-11,31.5,77.0,0.5113356709480286
2007-09-11,31.5,77.25,0.3993489444255829
2007-09-11,31.5,77.5,1.6639047861099243
2007-09-11,31.75,76.5,0.0
2007-09-11,31.75,76.75,0.34371206164360046
2007-09-11,31.75,77.0,0.19856972992420197
2007-09-11,31.75,77.25,1.5287529230117798
2007-09-11,31.75,77.5,2.745372772216797
2007-09-11,32.0,76.5,9.329733848571777
2007-09-11,32.0,76.75,4.4844183921813965
2007-09-11,32.0,77.0,1.5834206342697144
2007-09-11,32.0,77.25,2.9677040576934814
2007-09-11,32.0,77.5,3.676805019378662
2007-09-12,31.5,76.5,0.0
2007-09-12,31.5,76.75,0.0
2007-09-12,31.5,77.0,0.0
2007-09-12,31.5,77.25,0.0
2007-09-12,31.5,77.5,0.0
2007-09-12,31.75,76.5,0.0
2007-09-12,31.75,76.75,0.0
2007-09-12,31.75,77.0,0.0
2007-09-12,31.75,77.25,0.0
2007-09-12,31.75,77.5,1.5391227006912231
2007-09-12,32.0,76.5,0.0
2007-09-12,32.0,76.75,0.0
2007-09-12,32.0,77.0,0.5729277729988098
2007-09-12,32.0,77.25,1.5803825855255127
2007-09-12,32.0,77.5,2.5281734466552734
2007-09-13,31.5,76.5,1.0887593030929565
2007-09-13,31.5,76.75,2.1658473014831543
2007-09-13,31.5,77.0,1.0268926620483398
2007-09-13,31.5,77.25,0.6561676263809204
2007-09-13,31.5,77.5,0.0
2007-09-13,31.75,76.5,0.3789086937904358
2007-09-13,31.75,76.75,1.0349054336547852
2007-09-13,31.75,77.0,0.1704874336719513
2007-09-13,31.75,77.25,0.45116129517555237
2007-09-13,31.75,77.5,0.0
2007-09-13,32.0,76.5,4.198038101196289
2007-09-13,32.0,76.75,0.19566994905471802
2007-09-13,32.0,77.0,0.0
2007-09-13,32.0,77.25,0.0
2007-09-13,32.0,77.5,0.0
2007-09-14,31.5,76.5,0.2969343662261963
2007-09-14,31.5,76.75,0.642068088054657
2007-09-14,31.5,77.0,3.302715539932251
2007-09-14,31.5,77.25,4.357237815856934
2007-09-14,31.5,77.5,4.284801959991455
2007-09-14,31.75,76.5,0.10333874076604843
2007-09-14,31.75,76.75,2.6783454418182373
2007-09-14,31.75,77.0,6.795019149780273
2007-09-14,31.75,77.25,4.727431297302246
2007-09-14,31.75,77.5,4.138621807098389
2007-09-14,32.0,76.5,0.0
2007-09-14,32.0,76.75,2.75956130027771
2007-09-14,32.0,77.0,5.789226531982422
2007-09-14,32.0,77.25,3.9245717525482178
2007-09-14,32.0,77.5,2.704864263534546
2007-09-15,31.5,76.5,0.0
2007-09-15,31.5,76.75,0.0
2007-09-15,31.5,77.0,0.0
2007-09-15,31.5,77.25,0.0
2007-09-15,31.5,77.5,1.2201969623565674
2007-09-15,31.75,76.5,0.0
2007-09-15,31.75,76.75,0.0
2007-09-15,31.75,77.0,0.0
2007-09-15,31.75,77.25,0.0
2007-09-15,31.75,77.5,0.0
2007-09-15,32.0,76.5,2.2479143142700195
2007-09-15,32.0,76.75,0.0
2007-09-15,32.0,77.0,0.0
2007-09-15,32.0,77.25,0.0
2007-09-15,32.0,77.5,0.0
2007-09-16,31.5,76.5,0.0
2007-09-16,31.5,76.75,0.0
2007-09-16,31.5,77.0,0.0
2007-09-16,31.5,77.25,0.0
2007-09-16,31.5,77.5,0.0
2007-09-16,31.75,76.5,0.0
2007-09-16,31.75,76.75,0.0
2007-09-16,31.75,77.0,0.0
2007-09-16,31.75,77.25,0.0
2007-09-16,31.75,77.5,0.0
2007-09-16,32.0,76.5,1.4545328617095947
2007-09-16,32.0,76.75,0.0
2007-09-16,32.0,77.0,0.0
2007-09-16,32.0,77.25,0.0
2007-09-16,32.0,77.5,0.0
2007-09-17,31.5,76.5,0.0
2007-09-17,31.5,76.75,0.0
2007-09-17,31.5,77.0,0.0
2007-09-17,31.5,77.25,0.0
2007-09-17,31.5,77.5,0.0
2007-09-17,31.75,76.5,0.0
2007-09-17,31.75,76.75,0.0
2007-09-17,31.75,77.0,0.0
2007-09-17,31.75,77.25,0.0
2007-09-17,31.75,77.5,0.0
2007-09-17,32.0,76.5,0.7272664308547974
2007-09-17,32.0,76.75,0.0
2007-09-17,32.0,77.0,0.0
2007-09-17,32.0,77.25,0.0
2007-09-17,32.0,77.5,0.0
2007-09-18,31.5,76.5,0.0
2007-09-18,31.5,76.75,0.0
2007-09-18,31.5,77.0,0.0
2007-09-18,31.5,77.25,0.0
2007-09-18,31.5,77.5,0.0
2007-09-18,31.75,76.5,0.0
2007-09-18,31.75,76.75,0.0
2007-09-18,31.75,77.0,0.0
2007-09-18,31.75,77.25,0.0
2007-09-18,31.75,77.5,0.0
2007-09-18,32.0,76.5,0.8594965934753418
2007-09-18,32.0,76.75,0.0
2007-09-18,32.0,77.0,0.0
2007-09-18,32.0,77.25,0.0
2007-09-18,32.0,77.5,0.0
2007-09-19,31.5,76.5,0.0
2007-09-19,31.5,76.75,0.0
2007-09-19,31.5,77.0,0.2821143865585327
2007-09-19,31.5,77.25,0.38997307419776917
2007-09-19,31.5,77.5,1.1969252824783325
2007-09-19,31.75,76.5,0.0
2007-09-19,31.75,76.75,0.22363583743572235
2007-09-19,31.75,77.0,0.6296708583831787
2007-09-19,31.75,77.25,0.42814815044403076
2007-09-19,31.75,77.5,0.383219450712204
2007-09-19,32.0,76.5,0.0
2007-09-19,32.0,76.75,0.24715374410152435
2007-09-19,32.0,77.0,0.538908839225769
2007-09-19,32.0,77.25,0.3630684018135071
2007-09-19,32.0,77.5,0.24819007515907288
2007-09-20,31.5,76.5,0.0
2007-09-20,31.5,76.75,0.0
2007-09-20,31.5,77.0,0.0
2007-09-20,31.5,77.25,0.0
2007-09-20,31.5,77.5,0.7970104217529297
2007-09-20,31.75,76.5,0.0
2007-09-20,31.75,76.75,0.29667091369628906
2007-09-20,31.75,77.0,0.15393097698688507
2007-09-20,31.75,77.25,1.2007123231887817
2007-09-20,31.75,77.5,2.5044312477111816
2007-09-20,32.0,76.5,10.710650444030762
2007-09-20,32.0,76.75,3.4293465614318848
2007-09-20,32.0,77.0,1.438467264175415
2007-09-20,32.0,77.25,2.7024831771850586
2007-09-20,32.0,77.5,3.427356481552124
2007-09-21,31.5,76.5,7.719937801361084
2007-09-21,31.5,76.75,0.8238215446472168
2007-09-21,31.5,77.0,1.0052043199539185
2007-09-21,31.5,77.25,0.5200058817863464
2007-09-21,31.5,77.5,0.0
2007-09-21,31.75,76.5,14.45009708404541
2007-09-21,31.75,76.75,3.7349605560302734
2007-09-21,31.75,77.0,0.18636123836040497
2007-09-21,31.75,77.25,1.2111015319824219
2007-09-21,31.75,77.5,3.375798225402832
2007-09-21,32.0,76.5,13.177709579467773
2007-09-21,32.0,76.75,3.425225019454956
2007-09-21,32.0,77.0,1.5637192726135254
2007-09-21,32.0,77.25,3.552072525024414
2007-09-21,32.0,77.5,5.000077724456787
2007-09-22,31.5,76.5,1.391478419303894
2007-09-22,31.5,76.75,0.0
2007-09-22,31.5,77.0,0.0
2007-09-22,31.5,77.25,0.0
2007-09-22,31.5,77.5,1.3468881845474243
2007-09-22,31.75,76.5,0.5291807651519775
2007-09-22,31.75,76.75,0.0
2007-09-22,31.75,77.0,0.0
2007-09-22,31.75,77.25,0.0
2007-09-22,31.75,77.5,1.9862884283065796
2007-09-22,32.0,76.5,32.67013931274414
2007-09-22,32.0,76.75,0.0
2007-09-22,32.0,77.0,0.736933708190918
2007-09-22,32.0,77.25,2.0387461185455322
2007-09-22,32.0,77.5,3.2691736221313477
2007-09-23,31.5,76.5,16.372777938842773
2007-09-23,31.5,76.75,9.172075271606445
2007-09-23,31.5,77.0,5.963171482086182
2007-09-23,31.5,77.25,3.4554500579833984
2007-09-23,31.5,77.5,0.4570455253124237
2007-09-23,31.75,76.5,23.53229331970215
2007-09-23,31.75,76.75,9.845335006713867
2007-09-23,31.75,77.0,1.714598298072815
2007-09-23,31.75,77.25,4.669700622558594
2007-09-23,31.75,77.5,7.010964393615723
2007-09-23,32.0,76.5,16.64826202392578
2007-09-23,32.0,76.75,8.158430099487305
2007-09-23,32.0,77.0,3.8300530910491943
2007-09-23,32.0,77.25,7.371845722198486
2007-09-23,32.0,77.5,9.852887153625488
2007-09-24,31.5,76.5,0.0
2007-09-24,31.5,76.75,0.0
2007-09-24,31.5,77.0,0.0
2007-09-24,31.5,77.25,0.0
2007-09-24,31.5,77.5,0.0
2007-09-24,31.75,76.5,0.0
2007-09-24,31.75,76.75,0.0
2007-09-24,31.75,77.0,0.0
2007-09-24,31.75,77.25,0.0
2007-09-24,31.75,77.5,0.0
2007-09-24,32.0,76.5,0.0
2007-09-24,32.0,76.75,0.0
2007-09-24,32.0,77.0,0.0
2007-09-24,32.0,77.25,0.0
2007-09-24,32.0,77.5,0.0
2007-09-25,31.5,76.5,0.0
2007-09-25,31.5,76.75,0.0
2007-09-25,31.5,77.0,0.0
2007-09-25,31.5,77.25,0.0
2007-09-25,31.5,77.5,0.0
2007-09-25,31.75,76.5,0.0
2007-09-25,31.75,76.75,0.0
2007-09-25,31.75,77.0,0.0
2007-09-25,31.75,77.25,0.4613000750541687
2007-09-25,31.75,77.5,1.462260365486145
2007-09-25,32.0,76.5,0.0
2007-09-25,32.0,76.75,1.5692671537399292
2007-09-25,32.0,77.0,0.6249979734420776
2007-09-25,32.0,77.25,1.5274763107299805
2007-09-25,32.0,77.5,2.1882991790771484
2007-09-26,31.5,76.5,0.3464233875274658
2007-09-26,31.5,76.75,0.7126258611679077
2007-09-26,31.5,77.0,1.925544261932373
2007-09-26,31.5,77.25,2.1319732666015625
2007-09-26,31.5,77.5,3.348593235015869
2007-09-26,31.75,76.5,0.1205618679523468
2007-09-26,31.75,76.75,0.7749648094177246
2007-09-26,31.75,77.0,1.1604124307632446
2007-09-26,31.75,77.25,1.0830265283584595
2007-09-26,31.75,77.5,1.0206069946289062
2007-09-26,32.0,76.5,4.878909587860107
2007-09-26,32.0,76.75,1.0474432706832886
2007-09-26,32.0,77.0,1.1573888063430786
2007-09-26,32.0,77.25,1.0206819772720337
2007-09-26,32.0,77.5,0.9001882076263428
2007-09-27,31.5,76.5,0.0
2007-09-27,31.5,76.75,0.0
2007-09-27,31.5,77.0,0.0
2007-09-27,31.5,77.25,0.0
2007-09-27,31.5,77.5,1.4970706701278687
2007-09-27,31.75,76.5,0.0
2007-09-27,31.75,76.75,0.0
2007-09-27,31.75,77.0,0.0
2007-09-27,31.75,77.25,0.0
2007-09-27,31.75,77.5,0.0
2007-09-27,32.0,76.5,0.0
2007-09-27,32.0,76.75,0.0
2007-09-27,32.0,77.0,0.0
2007-09-27,32.0,77.25,0.0
2007-09-27,32.0,77.5,0.0
2007-09-28,31.5,76.5,0.0
2007-09-28,31.5,76.75,0.0
2007-09-28,31.5,77.0,0.0
2007-09-28,31.5,77.25,0.0
2007-09-28,31.5,77.5,1.6890393495559692
2007-09-28,31.75,76.5,0.0
2007-09-28,31.75,76.75,0.0
2007-09-28,31.75,77.0,0.0
2007-09-28,31.75,77.25,0.0
2007-09-28,31.75,77.5,0.0
2007-09-28,32.0,76.5,3.84354567527771
2007-09-28,32.0,76.75,0.0
2007-09-28,32.0,77.0,0.0
2007-09-28,32.0,77.25,0.0
2007-09-28,32.0,77.5,0.0
2007-09-29,31.5,76.5,0.0
2007-09-29,31.5,76.75,0.0
2007-09-29,31.5,77.0,0.0
2007-09-29,31.5,77.25,0.0
2007-09-29,31.5,77.5,0.8554544448852539
2007-09-29,31.75,76.5,0.0
2007-09-29,31.75,76.75,0.0
2007-09-29,31.75,77.0,0.0
2007-09-29,31.75,77.25,0.0
2007-09-29,31.75,77.5,1.1587876081466675
2007-09-29,32.0,76.5,0.0
2007-09-29,32.0,76.75,0.0
2007-09-29,32.0,77.0,0.42901885509490967
2007-09-29,32.0,77.25,1.1890997886657715
2007-09-29,32.0,77.5,1.9096065759658813
2007-09-30,31.5,76.5,0.0
2007-09-30,31.5,76.75,0.0
2007-09-30,31.5,77.0,0.0
2007-09-30,31.5,77.25,0.0
2007-09-30,31.5,77.5,0.0
2007-09-30,31.75,76.5,0.0
2007-09-30,31.75,76.75,0.0
2007-09-30,31.75,77.0,0.0
2007-09-30,31.75,77.25,0.0
2007-09-30,31.75,77.5,0.0
2007-09-30,32.0,76.5,0.0
2007-09-30,32.0,76.75,0.0
2007-09-30,32.0,77.0,0.0
2007-09-30,32.0,77.25,0.0
2007-09-30,32.0,77.5,0.0
2007-10-01,31.5,76.5,0.0
2007-10-01,31.5,76.75,0.0
2007-10-01,31.5,77.0,0.0
2007-10-01,31.5,77.25,0.0
2007-10-01,31.5,77.5,0.0
2007-10-01,31.75,76.5,0.0
2007-10-01,31.75,76.75,0.0
2007-10-01,31.75,77.0,0.0
2007-10-01,31.75,77.25,0.20502226054668427
2007-10-01,31.75,77.5,0.39238518476486206
2007-10-01,32.0,76.5,0.0
2007-10-01,32.0,76.75,0.6974521279335022
2007-10-01,32.0,77.0,0.18243934214115143
2007-10-01,32.0,77.25,0.41463395953178406
2007-10-01,32.0,77.5,0.5482204556465149
2007-10-02,31.5,76.5,0.0
2007-10-02,31.5,76.75,0.0
2007-10-02,31.5,77.0,0.0
2007-10-02,31.5,77.25,0.0
2007-10-02,31.5,77.5,0.0
2007-10-02,31.75,76.5,0.0
2007-10-02,31.75,76.75,0.29963764548301697
2007-10-02,31.75,77.0,0.15315446257591248
2007-10-02,31.75,77.25,1.1934131383895874
2007-10-02,31.75,77.5,2.141413450241089
2007-10-02,32.0,76.5,0.0
2007-10-02,32.0,76.75,3.397963762283325
2007-10-02,32.0,77.0,1.3056795597076416
2007-10-02,32.0,77.25,2.3301663398742676
2007-10-02,32.0,77.5,2.831395149230957
2007-10-03,31.5,76.5,0.0
2007-10-03,31.5,76.75,0.0
2007-10-03,31.5,77.0,0.0
2007-10-03,31.5,77.25,0.0
2007-10-03,31.5,77.5,0.0
2007-10-03,31.75,76.5,0.0
2007-10-03,31.75,76.75,0.0
2007-10-03,31.75,77.0,0.0
2007-10-03,31.75,77.25,0.454485684633255
2007-10-03,31.75,77.5,0.8387591242790222
2007-10-03,32.0,76.5,0.0
2007-10-03,32.0,76.75,1.4019242525100708
2007-10-03,32.0,77.0,0.4575120508670807
2007-10-03,32.0,77.25,0.9009842276573181
2007-10-03,32.0,77.5,1.136915683746338
2007-10-04,31.5,76.5,0.0
2007-10-04,31.5,76.75,0.0
2007-10-04,31.5,77.0,0.0
2007-10-04,31.5,77.25,0.0
2007-10-04,31.5,77.5,0.0
2007-10-04,31.75,76.5,0.0
2007-10-04,31.75,76.75,0.12460178136825562
2007-10-04,31.75,77.0,0.0
2007-10-04,31.75,77.25,0.7868881225585938
2007-10-04,31.75,77.5,5.6183271408081055
2007-10-04,32.0,76.5,0.0
2007-10-04,32.0,76.75,2.4016470909118652
2007-10-04,32.0,77.0,2.3460299968719482
2007-10-04,32.0,77.25,5.837479591369629
2007-10-04,32.0,77.5,8.829092979431152
2007-10-05,31.5,76.5,0.0
2007-10-05,31.5,76.75,0.0
2007-10-05,31.5,77.0,0.0
2007-10-05,31.5,77.25,0.0
2007-10-05,31.5,77.5,0.2692910134792328
2007-10-05,31.75,76.5,0.0
2007-10-05,31.75,76.75,0.0
2007-10-05,31.75,77.0,0.0
2007-10-05,31.75,77.25,0.2955836057662964
2007-10-05,31.75,77.5,1.824841022491455
2007-10-05,32.0,76.5,0.0
2007-10-05,32.0,76.75,0.9334461688995361
2007-10-05,32.0,77.0,0.7614898681640625
2007-10-05,32.0,77.25,1.896713137626648
2007-10-05,32.0,77.5,2.8517651557922363
2007-10-06,31.5,76.5,0.0
2007-10-06,31.5,76.75,0.0
2007-10-06,31.5,77.0,0.0
2007-10-06,31.5,77.25,0.0
2007-10-06,31.5,77.5,0.22185398638248444
2007-10-06,31.75,76.5,0.0
2007-10-06,31.75,76.75,0.1809692680835724
2007-10-06,31.75,77.0,0.1370789110660553
2007-10-06,31.75,77.25,1.0924193859100342
2007-10-06,31.75,77.5,5.712728023529053
2007-10-06,32.0,76.5,0.0
2007-10-06,32.0,76.75,3.3165111541748047
2007-10-06,32.0,77.0,2.492147922515869
2007-10-06,32.0,77.25,5.964056968688965
2007-10-06,32.0,77.5,8.814554214477539
2007-10-07,31.5,76.5,0.0
2007-10-07,31.5,76.75,0.0
2007-10-07,31.5,77.0,0.0
2007-10-07,31.5,77.25,0.0
2007-10-07,31.5,77.5,0.0
2007-10-07,31.75,76.5,0.0
2007-10-07,31.75,76.75,0.0
2007-10-07,31.75,77.0,0.0
2007-10-07,31.75,77.25,0.0
2007-10-07,31.75,77.5,0.0
2007-10-07,32.0,76.5,0.0
2007-10-07,32.0,76.75,0.0
2007-10-07,32.0,77.0,0.0
2007-10-07,32.0,77.25,0.0
2007-10-07,32.0,77.5,0.0
2007-10-08,31.5,76.5,0.0
2007-10-08,31.5,76.75,0.0
2007-10-08,31.5,77.0,0.0
2007-10-08,31.5,77.25,0.0
2007-10-08,31.5,77.5,0.0
2007-10-08,31.75,76.5,0.0
2007-10-08,31.75,76.75,0.0
2007-10-08,31.75,77.0,0.0
2007-10-08,31.75,77.25,0.0
2007-10-08,31.75,77.5,0.927030086517334
2007-10-08,32.0,76.5,0.0
2007-10-08,32.0,76.75,0.0
2007-10-08,32.0,77.0,0.34321507811546326
2007-10-08,32.0,77.25,0.951279878616333
2007-10-08,32.0,77.5,1.527685284614563
2007-10-09,31.5,76.5,0.0
2007-10-09,31.5,76.75,0.0
2007-10-09,31.5,77.0,0.0
2007-10-09,31.5,77.25,0.0
2007-10-09,31.5,77.5,0.0
2007-10-09,31.75,76.5,0.0
2007-10-09,31.75,76.75,0.0
2007-10-09,31.75,77.0,0.0
2007-10-09,31.75,77.25,0.0
2007-10-09,31.75,77.5,0.0
2007-10-09,32.0,76.5,0.0
2007-10-09,32.0,76.75,0.0
2007-10-09,32.0,77.0,0.0
2007-10-09,32.0,77.25,0.0
2007-10-09,32.0,77.5,0.0
2007-10-10,31.5,76.5,0.0
2007-10-10,31.5,76.75,0.0
2007-10-10,31.5,77.0,0.0
2007-10-10,31.5,77.25,0.0
2007-10-10,31.5,77.5,0.0
2007-10-10,31.75,76.5,0.0
2007-10-10,31.75,76.75,0.0
2007-10-10,31.75,77.0,0.0
2007-10-10,31.75,77.25,0.0
2007-10-10,31.75,77.5,0.0
2007-10-10,32.0,76.5,0.0
2007-10-10,32.0,76.75,0.0
2007-10-10,32.0,77.0,0.0
2007-10-10,32.0,77.25,0.0
2007-10-10,32.0,77.5,0.0
2007-10-11,31.5,76.5,0.0
2007-10-11,31.5,76.75,0.0
2007-10-11,31.5,77.0,0.0
2007-10-11,31.5,77.25,0.0
2007-10-11,31.5,77.5,0.0
2007-10-11,31.75,76.5,0.0
2007-10-11,31.75,76.75,0.0
2007-10-11,31.75,77.0,0.0
2007-10-11,31.75,77.25,0.0
2007-10-11,31.75,77.5,0.0
2007-10-11,32.0,76.5,0.0
2007-10-11,32.0,76.75,0.0
2007-10-11,32.0,77.0,0.0
2007-10-11,32.0,77.25,0.0
2007-10-11,32.0,77.5,0.0
2007-10-12,31.5,76.5,0.0
2007-10-12,31.5,76.75,0.0
2007-10-12,31.5,77.0,0.0
2007-10-12,31.5,77.25,0.0
2007-10-12,31.5,77.5,0.0
2007-10-12,31.75,76.5,0.0
2007-10-12,31.75,76.75,0.0
2007-10-12,31.75,77.0,0.0
2007-10-12,31.75,77.25,0.0
2007-10-12,31.75,77.5,0.0
2007-10-12,32.0,76.5,0.0
2007-10-12,32.0,76.75,0.0
2007-10-12,32.0,77.0,0.0
2007-10-12,32.0,77.25,0.0
2007-10-12,32.0,77.5,0.0
2007-10-13,31.5,76.5,0.0
2007-10-13,31.5,76.75,0.0
2007-10-13,31.5,77.0,0.0
2007-10-13,31.5,77.25,0.0
2007-10-13,31.5,77.5,0.0
2007-10-13,31.75,76.5,0.0
2007-10-13,31.75,76.75,0.0
2007-10-13,31.75,77.0,0.0
2007-10-13,31.75,77.25,0.0
2007-10-13,31.75,77.5,0.0
2007-10-13,32.0,76.5,0.0
2007-10-13,32.0,76.75,0.0
2007-10-13,32.0,77.0,0.0
2007-10-13,32.0,77.25,0.0
2007-10-13,32.0,77.5,0.0
2007-10-14,31.5,76.5,0.0
2007-10-14,31.5,76.75,0.0
2007-10-14,31.5,77.0,0.0
2007-10-14,31.5,77.25,0.0
2007-10-14,31.5,77.5,0.15940208733081818
2007-10-14,31.75,76.5,0.0
2007-10-14,31.75,76.75,0.0
2007-10-14,31.75,77.0,0.0
2007-10-14,31.75,77.25,0.0
2007-10-14,31.75,77.5,0.0
2007-10-14,32.0,76.5,0.0
2007-10-14,32.0,76.75,0.0
2007-10-14,32.0,77.0,0.0
2007-10-14,32.0,77.25,0.0
2007-10-14,32.0,77.5,0.0
2007-10-15,31.5,76.5,0.4948905408382416
2007-10-15,31.5,76.75,0.9844759702682495
2007-10-15,31.5,77.0,0.46676939725875854
2007-10-15,31.5,77.25,0.2982580065727234
2007-10-15,31.5,77.5,1.4597468376159668
2007-10-15,31.75,76.5,0.17223122715950012
2007-10-15,31.75,76.75,0.4704115688800812
2007-10-15,31.75,77.0,0.11335891485214233
2007-10-15,31.75,77.25,0.5040640830993652
2007-10-15,31.75,77.5,1.7310160398483276
2007-10-15,32.0,76.5,0.0
2007-10-15,32.0,76.75,1.1060584783554077
2007-10-15,32.0,77.0,0.6950762271881104
2007-10-15,32.0,77.25,1.7937742471694946
2007-10-15,32.0,77.5,2.709094762802124
2007-10-16,31.5,76.5,1.1526082754135132
2007-10-16,31.5,76.75,2.067399263381958
2007-10-16,31.5,77.0,0.9802156686782837
2007-10-16,31.5,77.25,0.6263417601585388
2007-10-16,31.5,77.5,2.9178783893585205
2007-10-16,31.75,76.5,0.3996937572956085
2007-10-16,31.75,76.75,1.142133116722107
2007-10-16,31.75,77.0,0.26991623640060425
2007-10-16,31.75,77.25,1.281232237815857
2007-10-16,31.75,77.5,1.5544649362564087
2007-10-16,32.0,76.5,0.15751484036445618
2007-10-16,32.0,76.75,2.739558219909668
2007-10-16,32.0,77.0,0.8823673725128174
2007-10-16,32.0,77.25,1.6772711277008057
2007-10-16,32.0,77.5,2.0891966819763184
2007-10-17,31.5,76.5,0.0
2007-10-17,31.5,76.75,0.0
2007-10-17,31.5,77.0,1.9094040393829346
2007-10-17,31.5,77.25,2.9944329261779785
2007-10-17,31.5,77.5,4.46136999130249
2007-10-17,31.75,76.5,0.0
2007-10-17,31.75,76.75,1.0862312316894531
2007-10-17,31.75,77.0,3.058401584625244
2007-10-17,31.75,77.25,2.0795769691467285
2007-10-17,31.75,77.5,1.861351728439331
2007-10-17,32.0,76.5,0.0
2007-10-17,32.0,76.75,1.2004610300064087
2007-10-17,32.0,77.0,2.6175572872161865
2007-10-17,32.0,77.25,1.7634751796722412
2007-10-17,32.0,77.5,1.20549476146698
2007-10-18,31.5,76.5,1.3721046447753906
2007-10-18,31.5,76.75,2.1726982593536377
2007-10-18,31.5,77.0,1.4299132823944092
2007-10-18,31.5,77.25,3.844540596008301
2007-10-18,31.5,77.5,0.7772523164749146
2007-10-18,31.75,76.5,0.47392919659614563
2007-10-18,31.75,76.75,1.5976552963256836
2007-10-18,31.75,77.0,1.2143573760986328
2007-10-18,31.75,77.25,2.198418617248535
2007-10-18,31.75,77.5,3.3003578186035156
2007-10-18,32.0,76.5,0.1650155633687973
2007-10-18,32.0,76.75,3.874600648880005
2007-10-18,32.0,77.0,2.235682487487793
2007-10-18,32.0,77.25,3.4610936641693115
2007-10-18,32.0,77.5,4.244845867156982
2007-10-19,31.5,76.5,0.0
2007-10-19,31.5,76.75,0.0
2007-10-19,31.5,77.0,0.0
2007-10-19,31.5,77.25,0.0
2007-10-19,31.5,77.5,0.0
2007-10-19,31.75,76.5,0.0
2007-10-19,31.75,76.75,0.0
2007-10-19,31.75,77.0,0.0
2007-10-19,31.75,77.25,0.0
2007-10-19,31.75,77.5,0.0
2007-10-19,32.0,76.5,0.0
2007-10-19,32.0,76.75,0.0
2007-10-19,32.0,77.0,0.0
2007-10-19,32.0,77.25,0.0
2007-10-19,32.0,77.5,0.0
2007-10-20,31.5,76.5,0.0
2007-10-20,31.5,76.75,0.0
2007-10-20,31.5,77.0,0.0
2007-10-20,31.5,77.25,0.0
2007-10-20,31.5,77.5,0.0
2007-10-20,31.75,76.5,0.0
2007-10-20,31.75,76.75,0.0
2007-10-20,31.75,77.0,0.0
2007-10-20,31.75,77.25,0.0
2007-10-20,31.75,77.5,0.0
2007-10-20,32.0,76.5,0.0
2007-10-20,32.0,76.75,0.0
2007-10-20,32.0,77.0,0.0
2007-10-20,32.0,77.25,0.0
2007-10-20,32.0,77.5,0.0
2007-10-21,31.5,76.5,0.0
2007-10-21,31.5,76.75,0.0
2007-10-21,31.5,77.0,0.0
2007-10-21,31.5,77.25,0.0
2007-10-21,31.5,77.5,0.0
2007-10-21,31.75,76.5,0.0
2007-10-21,31.75,76.75,0.0
2007-10-21,31.75,77.0,0.0
2007-10-21,31.75,77.25,0.0
2007-10-21,31.75,77.5,0.0
2007-10-21,32.0,76.5,0.0
2007-10-21,32.0,76.75,0.0
2007-10-21,32.0,77.0,0.0
2007-10-21,32.0,77.25,0.0
2007-10-21,32.0,77.5,0.0
2007-10-22,31.5,76.5,0.0
2007-10-22,31.5,76.75,0.0
2007-10-22,31.5,77.0,0.0
2007-10-22,31.5,77.25,0.0
2007-10-22,31.5,77.5,0.0
2007-10-22,31.75,76.5,0.0
2007-10-22,31.75,76.75,0.0
2007-10-22,31.75,77.0,0.0
2007-10-22,31.75,77.25,0.0
2007-10-22,31.75,77.5,0.0
2007-10-22,32.0,76.5,0.0
2007-10-22,32.0,76.75,0.0
2007-10-22,32.0,77.0,0.0
2007-10-22,32.0,77.25,0.0
2007-10-22,32.0,77.5,0.0
2007-10-23,31.5,76.5,0.0
2007-10-23,31.5,76.75,0.0
2007-10-23,31.5,77.0,0.0
2007-10-23,31.5,77.25,0.0
2007-10-23,31.5,77.5,0.0
2007-10-23,31.75,76.5,0.0
2007-10-23,31.75,76.75,0.0
2007-10-23,31.75,77.0,0.0
2007-10-23,31.75,77.25,0.0
2007-10-23,31.75,77.5,0.0
2007-10-23,32.0,76.5,0.0
2007-10-23,32.0,76.75,0.0
2007-10-23,32.0,77.0,0.0
2007-10-23,32.0,77.25,0.0
2007-10-23,32.0,77.5,0.0
2007-10-24,31.5,76.5,0.0
2007-10-24,31.5,76.75,0.0
2007-10-24,31.5,77.0,0.0
2007-10-24,31.5,77.25,0.0
2007-10-24,31.5,77.5,0.0
2007-10-24,31.75,76.5,0.0
2007-10-24,31.75,76.75,0.0
2007-10-24,31.75,77.0,0.0
2007-10-24,31.75,77.25,0.0
2007-10-24,31.75,77.5,0.0
2007-10-24,32.0,76.5,0.0
2007-10-24,32.0,76.75,0.0
2007-10-24,32.0,77.0,0.0
2007-10-24,32.0,77.25,0.0
2007-10-24,32.0,77.5,0.0
2007-10-25,31.5,76.5,0.0
2007-10-25,31.5,76.75,0.0
2007-10-25,31.5,77.0,0.0
2007-10-25,31.5,77.25,0.0
2007-10-25,31.5,77.5,0.0
2007-10-25,31.75,76.5,0.0
2007-10-25,31.75,76.75,0.0
2007-10-25,31.75,77.0,0.0
2007-10-25,31.75,77.25,0.0
2007-10-25,31.75,77.5,0.0
2007-10-25,32.0,76.5,0.0
2007-10-25,32.0,76.75,0.0
2007-10-25,32.0,77.0,0.0
2007-10-25,32.0,77.25,0.0
2007-10-25,32.0,77.5,0.0
2007-10-26,31.5,76.5,0.0
2007-10-26,31.5,76.75,0.0
2007-10-26,31.5,77.0,0.0
2007-10-26,31.5,77.25,0.0
2007-10-26,31.5,77.5,0.0
2007-10-26,31.75,76.5,0.0
2007-10-26,31.75,76.75,0.0
2007-10-26,31.75,77.0,0.0
2007-10-26,31.75,77.25,0.0
2007-10-26,31.75,77.5,0.0
2007-10-26,32.0,76.5,0.0
2007-10-26,32.0,76.75,0.0
2007-10-26,32.0,77.0,0.0
2007-10-26,32.0,77.25,0.0
2007-10-26,32.0,77.5,0.0
2007-10-27,31.5,76.5,0.0
2007-10-27,31.5,76.75,0.0
2007-10-27,31.5,77.0,0.0
2007-10-27,31.5,77.25,0.0
2007-10-27,31.5,77.5,0.0
2007-10-27,31.75,76.5,0.0
2007-10-27,31.75,76.75,0.0
2007-10-27,31.75,77.0,0.0
2007-10-27,31.75,77.25,0.0
2007-10-27,31.75,77.5,0.0
2007-10-27,32.0,76.5,0.0
2007-10-27,32.0,76.75,0.0
2007-10-27,32.0,77.0,0.0
2007-10-27,32.0,77.25,0.0
2007-10-27,32.0,77.5,0.0
2007-10-28,31.5,76.5,0.0
2007-10-28,31.5,76.75,0.0
2007-10-28,31.5,77.0,0.0
2007-10-28,31.5,77.25,0.0
2007-10-28,31.5,77.5,0.0
2007-10-28,31.75,76.5,0.0
2007-10-28,31.75,76.75,0.0
2007-10-28,31.75,77.0,0.0
2007-10-28,31.75,77.25,0.0
2007-10-28,31.75,77.5,0.0
2007-10-28,32.0,76.5,0.0
2007-10-28,32.0,76.75,0.0
2007-10-28,32.0,77.0,0.0
2007-10-28,32.0,77.25,0.0
2007-10-28,32.0,77.5,0.0
2007-10-29,31.5,76.5,0.0
2007-10-29,31.5,76.75,0.0
2007-10-29,31.5,77.0,0.0
2007-10-29,31.5,77.25,0.0
2007-10-29,31.5,77.5,0.0
2007-10-29,31.75,76.5,0.0
2007-10-29,31.75,76.75,0.0
2007-10-29,31.75,77.0,0.0
2007-10-29,31.75,77.25,0.0
2007-10-29,31.75,77.5,0.0
2007-10-29,32.0,76.5,0.0
2007-10-29,32.0,76.75,0.0
2007-10-29,32.0,77.0,0.0
2007-10-29,32.0,77.25,0.0
2007-10-29,32.0,77.5,0.0
2007-10-30,31.5,76.5,0.0
2007-10-30,31.5,76.75,0.0
2007-10-30,31.5,77.0,0.0
2007-10-30,31.5,77.25,0.0
2007-10-30,31.5,77.5,0.0
2007-10-30,31.75,76.5,0.0
2007-10-30,31.75,76.75,0.0
2007-10-30,31.75,77.0,0.0
2007-10-30,31.75,77.25,0.0
2007-10-30,31.75,77.5,0.0
2007-10-30,32.0,76.5,0.0
2007-10-30,32.0,76.75,0.0
2007-10-30,32.0,77.0,0.0
2007-10-30,32.0,77.25,0.0
2007-10-30,32.0,77.5,0.0
2007-10-31,31.5,76.5,0.0
2007-10-31,31.5,76.75,0.0
2007-10-31,31.5,77.0,0.0
2007-10-31,31.5,77.25,0.0
2007-10-31,31.5,77.5,0.0
2007-10-31,31.75,76.5,0.0
2007-10-31,31.75,76.75,0.0
2007-10-31,31.75,77.0,0.0
2007-10-31,31.75,77.25,0.0
2007-10-31,31.75,77.5,0.0
2007-10-31,32.0,76.5,0.0
2007-10-31,32.0,76.75,0.0
2007-10-31,32.0,77.0,0.0
2007-10-31,32.0,77.25,0.0
2007-10-31,32.0,77.5,0.0
2007-11-01,31.5,76.5,0.0
2007-11-01,31.5,76.75,0.0
2007-11-01,31.5,77.0,0.0
2007-11-01,31.5,77.25,0.0
2007-11-01,31.5,77.5,0.0
2007-11-01,31.75,76.5,0.0
2007-11-01,31.75,76.75,0.0
2007-11-01,31.75,77.0,0.0
2007-11-01,31.75,77.25,0.0
2007-11-01,31.75,77.5,0.0
2007-11-01,32.0,76.5,0.0
2007-11-01,32.0,76.75,0.0
2007-11-01,32.0,77.0,0.0
2007-11-01,32.0,77.25,0.0
2007-11-01,32.0,77.5,0.0
2007-11-02,31.5,76.5,0.0
2007-11-02,31.5,76.75,0.0
2007-11-02,31.5,77.0,0.0
2007-11-02,31.5,77.25,0.0
2007-11-02,31.5,77.5,0.0
2007-11-02,31.75,76.5,0.0
2007-11-02,31.75,76.75,0.0
2007-11-02,31.75,77.0,0.0
2007-11-02,31.75,77.25,0.0
2007-11-02,31.75,77.5,0.0
2007-11-02,32.0,76.5,0.0
2007-11-02,32.0,76.75,0.0
2007-11-02,32.0,77.0,0.0
2007-11-02,32.0,77.25,0.0
2007-11-02,32.0,77.5,0.0
2007-11-03,31.5,76.5,0.0
2007-11-03,31.5,76.75,0.0
2007-11-03,31.5,77.0,0.0
2007-11-03,31.5,77.25,0.0
2007-11-03,31.5,77.5,0.0
2007-11-03,31.75,76.5,0.0
2007-11-03,31.75,76.75,0.0
2007-11-03,31.75,77.0,0.0
2007-11-03,31.75,77.25,0.0
2007-11-03,31.75,77.5,0.0
2007-11-03,32.0,76.5,0.0
2007-11-03,32.0,76.75,0.0
2007-11-03,32.0,77.0,0.0
2007-11-03,32.0,77.25,0.0
2007-11-03,32.0,77.5,0.0
2007-11-04,31.5,76.5,0.0
2007-11-04,31.5,76.75,0.0
2007-11-04,31.5,77.0,0.0
2007-11-04,31.5,77.25,0.0
2007-11-04,31.5,77.5,0.31880417466163635
2007-11-04,31.75,76.5,0.0
2007-11-04,31.75,76.75,0.0
2007-11-04,31.75,77.0,0.0
2007-11-04,31.75,77.25,0.0
2007-11-04,31.75,77.5,0.0
2007-11-04,32.0,76.5,0.0
2007-11-04,32.0,76.75,0.0
2007-11-04,32.0,77.0,0.0
2007-11-04,32.0,77.25,0.0
2007-11-04,32.0,77.5,0.0
2007-11-05,31.5,76.5,0.0
2007-11-05,31.5,76.75,0.0
2007-11-05,31.5,77.0,0.0
2007-11-05,31.5,77.25,0.0
2007-11-05,31.5,77.5,0.4782062768936157
2007-11-05,31.75,76.5,0.0
2007-11-05,31.75,76.75,0.0
2007-11-05,31.75,77.0,0.0
2007-11-05,31.75,77.25,0.0
2007-11-05,31.75,77.5,0.0
2007-11-05,32.0,76.5,0.0
2007-11-05,32.0,76.75,0.0
2007-11-05,32.0,77.0,0.0
2007-11-05,32.0,77.25,0.0
2007-11-05,32.0,77.5,0.0
2007-11-06,31.5,76.5,0.0
2007-11-06,31.5,76.75,0.0
2007-11-06,31.5,77.0,0.0
2007-11-06,31.5,77.25,0.0
2007-11-06,31.5,77.5,0.31880417466163635
2007-11-06,31.75,76.5,0.0
2007-11-06,31.75,76.75,0.0
2007-11-06,31.75,77.0,0.0
2007-11-06,31.75,77.25,0.0
2007-11-06,31.75,77.5,0.0
2007-11-06,32.0,76.5,0.0
2007-11-06,32.0,76.75,0.0
2007-11-06,32.0,77.0,0.0
2007-11-06,32.0,77.25,0.0
2007-11-06,32.0,77.5,0.0
2007-11-07,31.5,76.5,0.0
2007-11-07,31.5,76.75,0.0
2007-11-07,31.5,77.0,0.0
2007-11-07,31.5,77.25,0.0
2007-11-07,31.5,77.5,0.0
2007-11-07,31.75,76.5,0.0
2007-11-07,31.75,76.75,0.0
2007-11-07,31.75,77.0,0.0
2007-11-07,31.75,77.25,0.0
2007-11-07,31.75,77.5,0.0
2007-11-07,32.0,76.5,0.0
2007-11-07,32.0,76.75,0.0
2007-11-07,32.0,77.0,0.0
2007-11-07,32.0,77.25,0.0
2007-11-07,32.0,77.5,0.0
2007-11-08,31.5,76.5,0.0
2007-11-08,31.5,76.75,0.0
2007-11-08,31.5,77.0,0.0
2007-11-08,31.5,77.25,0.0
2007-11-08,31.5,77.5,0.0
2007-11-08,31.75,76.5,0.0
2007-11-08,31.75,76.75,0.0
2007-11-08,31.75,77.0,0.0
2007-11-08,31.75,77.25,0.0
2007-11-08,31.75,77.5,0.0
2007-11-08,32.0,76.5,0.0
2007-11-08,32.0,76.75,0.0
2007-11-08,32.0,77.0,0.0
2007-11-08,32.0,77.25,0.0
2007-11-08,32.0,77.5,0.0
2007-11-09,31.5,76.5,0.0
2007-11-09,31.5,76.75,0.0
2007-11-09,31.5,77.0,0.0
2007-11-09,31.5,77.25,0.0
2007-11-09,31.5,77.5,0.0
2007-11-09,31.75,76.5,0.0
2007-11-09,31.75,76.75,0.0
2007-11-09,31.75,77.0,0.0
2007-11-09,31.75,77.25,0.0
2007-11-09,31.75,77.5,0.0
2007-11-09,32.0,76.5,0.0
2007-11-09,32.0,76.75,0.0
2007-11-09,32.0,77.0,0.0
2007-11-09,32.0,77.25,0.0
2007-11-09,32.0,77.5,0.0
2007-11-10,31.5,76.5,0.0
2007-11-10,31.5,76.75,0.0
2007-11-10,31.5,77.0,0.0
2007-11-10,31.5,77.25,0.0
2007-11-10,31.5,77.5,0.0
2007-11-10,31.75,76.5,0.0
2007-11-10,31.75,76.75,0.0
2007-11-10,31.75,77.0,0.0
2007-11-10,31.75,77.25,0.0
2007-11-10,31.75,77.5,0.0
2007-11-10,32.0,76.5,0.0
2007-11-10,32.0,76.75,0.0
2007-11-10,32.0,77.0,0.0
2007-11-10,32.0,77.25,0.0
2007-11-10,32.0,77.5,0.0
2007-11-11,31.5,76.5,0.0
2007-11-11,31.5,76.75,0.0
2007-11-11,31.5,77.0,0.0
2007-11-11,31.5,77.25,0.0
2007-11-11,31.5,77.5,0.0
2007-11-11,31.75,76.5,0.0
2007-11-11,31.75,76.75,0.0
2007-11-11,31.75,77.0,0.0
2007-11-11,31.75,77.25,0.0
2007-11-11,31.75,77.5,0.0
2007-11-11,32.0,76.5,0.0
2007-11-11,32.0,76.75,0.0
2007-11-11,32.0,77.0,0.0
2007-11-11,32.0,77.25,0.0
2007-11-11,32.0,77.5,0.0
2007-11-12,31.5,76.5,0.0
2007-11-12,31.5,76.75,0.0
2007-11-12,31.5,77.0,0.0
2007-11-12,31.5,77.25,0.0
2007-11-12,31.5,77.5,0.31880417466163635
2007-11-12,31.75,76.5,0.0
2007-11-12,31.75,76.75,0.0
2007-11-12,31.75,77.0,0.0
2007-11-12,31.75,77.25,0.0
2007-11-12,31.75,77.5,0.0
2007-11-12,32.0,76.5,0.0
2007-11-12,32.0,76.75,0.0
2007-11-12,32.0,77.0,0.0
2007-11-12,32.0,77.25,0.0
2007-11-12,32.0,77.5,0.0
2007-11-13,31.5,76.5,0.0
2007-11-13,31.5,76.75,0.0
2007-11-13,31.5,77.0,0.0
2007-11-13,31.5,77.25,0.0
2007-11-13,31.5,77.5,0.4782062768936157
2007-11-13,31.75,76.5,0.0
2007-11-13,31.75,76.75,0.0
2007-11-13,31.75,77.0,0.0
2007-11-13,31.75,77.25,0.0
2007-11-13,31.75,77.5,0.0
2007-11-13,32.0,76.5,0.0
2007-11-13,32.0,76.75,0.0
2007-11-13,32.0,77.0,0.0
2007-11-13,32.0,77.25,0.0
2007-11-13,32.0,77.5,0.0
2007-11-14,31.5,76.5,0.0
2007-11-14,31.5,76.75,0.0
2007-11-14,31.5,77.0,0.0
2007-11-14,31.5,77.25,0.0
2007-11-14,31.5,77.5,0.15940208733081818
2007-11-14,31.75,76.5,0.0
2007-11-14,31.75,76.75,0.0
2007-11-14,31.75,77.0,0.0
2007-11-14,31.75,77.25,0.0
2007-11-14,31.75,77.5,0.0
2007-11-14,32.0,76.5,0.0
2007-11-14,32.0,76.75,0.0
2007-11-14,32.0,77.0,0.0
2007-11-14,32.0,77.25,0.0
2007-11-14,32.0,77.5,0.0
2007-11-15,31.5,76.5,0.0
2007-11-15,31.5,76.75,0.0
2007-11-15,31.5,77.0,0.0
2007-11-15,31.5,77.25,0.0
2007-11-15,31.5,77.5,0.0
2007-11-15,31.75,76.5,0.0
2007-11-15,31.75,76.75,0.0
2007-11-15,31.75,77.0,0.0
2007-11-15,31.75,77.25,0.0
2007-11-15,31.75,77.5,0.0
2007-11-15,32.0,76.5,0.0
2007-11-15,32.0,76.75,0.0
2007-11-15,32.0,77.0,0.0
2007-11-15,32.0,77.25,0.0
2007-11-15,32.0,77.5,0.0
2007-11-16,31.5,76.5,0.0
2007-11-16,31.5,76.75,0.0
2007-11-16,31.5,77.0,0.0
2007-11-16,31.5,77.25,0.0
2007-11-16,31.5,77.5,0.0
2007-11-16,31.75,76.5,0.0
2007-11-16,31.75,76.75,0.0
2007-11-16,31.75,77.0,0.0
2007-11-16,31.75,77.25,0.0
2007-11-16,31.75,77.5,0.0
2007-11-16,32.0,76.5,0.0
2007-11-16,32.0,76.75,0.0
2007-11-16,32.0,77.0,0.0
2007-11-16,32.0,77.25,0.0
2007-11-16,32.0,77.5,0.0
2007-11-17,31.5,76.5,0.0
2007-11-17,31.5,76.75,0.0
2007-11-17,31.5,77.0,0.0
2007-11-17,31.5,77.25,0.0
2007-11-17,31.5,77.5,0.0
2007-11-17,31.75,76.5,0.0
2007-11-17,31.75,76.75,0.0
2007-11-17,31.75,77.0,0.0
2007-11-17,31.75,77.25,0.0
2007-11-17,31.75,77.5,0.0
2007-11-17,32.0,76.5,0.0
2007-11-17,32.0,76.75,0.0
2007-11-17,32.0,77.0,0.0
2007-11-17,32.0,77.25,0.0
2007-11-17,32.0,77.5,0.0
2007-11-18,31.5,76.5,0.0
2007-11-18,31.5,76.75,0.0
2007-11-18,31.5,77.0,0.0
2007-11-18,31.5,77.25,0.0
2007-11-18,31.5,77.5,0.0
2007-11-18,31.75,76.5,0.0
2007-11-18,31.75,76.75,0.0
2007-11-18,31.75,77.0,0.0
2007-11-18,31.75,77.25,0.0
2007-11-18,31.75,77.5,0.0
2007-11-18,32.0,76.5,0.0
2007-11-18,32.0,76.75,0.0
2007-11-18,32.0,77.0,0.0
2007-11-18,32.0,77.25,0.0
2007-11-18,32.0,77.5,0.0
2007-11-19,31.5,76.5,0.0
2007-11-19,31.5,76.75,0.0
2007-11-19,31.5,77.0,0.0
2007-11-19,31.5,77.25,0.0
2007-11-19,31.5,77.5,0.0
2007-11-19,31.75,76.5,0.0
2007-11-19,31.75,76.75,0.0
2007-11-19,31.75,77.0,0.0
2007-11-19,31.75,77.25,0.0
2007-11-19,31.75,77.5,0.0
2007-11-19,32.0,76.5,0.0
2007-11-19,32.0,76.75,0.0
2007-11-19,32.0,77.0,0.0
2007-11-19,32.0,77.25,0.0
2007-11-19,32.0,77.5,0.0
2007-11-20,31.5,76.5,0.0
2007-11-20,31.5,76.75,0.0
2007-11-20,31.5,77.0,0.0
2007-11-20,31.5,77.25,0.0
2007-11-20,31.5,77.5,0.0
2007-11-20,31.75,76.5,0.0
2007-11-20,31.75,76.75,0.0
2007-11-20,31.75,77.0,0.0
2007-11-20,31.75,77.25,0.0
2007-11-20,31.75,77.5,0.0
2007-11-20,32.0,76.5,0.0
2007-11-20,32.0,76.75,0.0
2007-11-20,32.0,77.0,0.0
2007-11-20,32.0,77.25,0.0
2007-11-20,32.0,77.5,0.0
2007-11-21,31.5,76.5,0.0
2007-11-21,31.5,76.75,0.0
2007-11-21,31.5,77.0,0.0
2007-11-21,31.5,77.25,0.0
2007-11-21,31.5,77.5,0.0
2007-11-21,31.75,76.5,0.0
2007-11-21,31.75,76.75,0.0
2007-11-21,31.75,77.0,0.0
2007-11-21,31.75,77.25,0.0
2007-11-21,31.75,77.5,0.0
2007-11-21,32.0,76.5,0.0
2007-11-21,32.0,76.75,0.0
2007-11-21,32.0,77.0,0.0
2007-11-21,32.0,77.25,0.0
2007-11-21,32.0,77.5,0.0
2007-11-22,31.5,76.5,0.0
2007-11-22,31.5,76.75,0.0
2007-11-22,31.5,77.0,0.0
2007-11-22,31.5,77.25,0.0
2007-11-22,31.5,77.5,0.0
2007-11-22,31.75,76.5,0.0
2007-11-22,31.75,76.75,0.0
2007-11-22,31.75,77.0,0.0
2007-11-22,31.75,77.25,0.0
2007-11-22,31.75,77.5,0.0
2007-11-22,32.0,76.5,0.0
2007-11-22,32.0,76.75,0.0
2007-11-22,32.0,77.0,0.0
2007-11-22,32.0,77.25,0.0
2007-11-22,32.0,77.5,0.0
2007-11-23,31.5,76.5,0.0
2007-11-23,31.5,76.75,0.0
2007-11-23,31.5,77.0,0.0
2007-11-23,31.5,77.25,0.0
2007-11-23,31.5,77.5,0.31880417466163635
2007-11-23,31.75,76.5,0.0
2007-11-23,31.75,76.75,0.0
2007-11-23,31.75,77.0,0.0
2007-11-23,31.75,77.25,0.0
2007-11-23,31.75,77.5,0.0
2007-11-23,32.0,76.5,0.0
2007-11-23,32.0,76.75,0.0
2007-11-23,32.0,77.0,0.0
2007-11-23,32.0,77.25,0.0
2007-11-23,32.0,77.5,0.0
2007-11-24,31.5,76.5,0.0
2007-11-24,31.5,76.75,0.0
2007-11-24,31.5,77.0,0.0
2007-11-24,31.5,77.25,0.0
2007-11-24,31.5,77.5,0.4782062768936157
2007-11-24,31.75,76.5,0.0
2007-11-24,31.75,76.75,0.0
2007-11-24,31.75,77.0,0.0
2007-11-24,31.75,77.25,0.0
2007-11-24,31.75,77.5,0.0
2007-11-24,32.0,76.5,0.0
2007-11-24,32.0,76.75,0.0
2007-11-24,32.0,77.0,0.0
2007-11-24,32.0,77.25,0.0
2007-11-24,32.0,77.5,0.0
2007-11-25,31.5,76.5,0.0
2007-11-25,31.5,76.75,0.0
2007-11-25,31.5,77.0,0.0
2007-11-25,31.5,77.25,0.0
2007-11-25,31.5,77.5,0.0
2007-11-25,31.75,76.5,0.0
2007-11-25,31.75,76.75,0.0
2007-11-25,31.75,77.0,0.0
2007-11-25,31.75,77.25,0.0
2007-11-25,31.75,77.5,0.0
2007-11-25,32.0,76.5,0.0
2007-11-25,32.0,76.75,0.0
2007-11-25,32.0,77.0,0.0
2007-11-25,32.0,77.25,0.0
2007-11-25,32.0,77.5,0.0
2007-11-26,31.5,76.5,0.0
2007-11-26,31.5,76.75,0.0
2007-11-26,31.5,77.0,0.0
2007-11-26,31.5,77.25,0.0
2007-11-26,31.5,77.5,0.0
2007-11-26,31.75,76.5,0.0
2007-11-26,31.75,76.75,0.0
2007-11-26,31.75,77.0,0.0
2007-11-26,31.75,77.25,0.0
2007-11-26,31.75,77.5,0.0
2007-11-26,32.0,76.5,0.4590549170970917
2007-11-26,32.0,76.75,0.0
2007-11-26,32.0,77.0,0.0
2007-11-26,32.0,77.25,0.0
2007-11-26,32.0,77.5,0.0
2007-11-27,31.5,76.5,0.0
2007-11-27,31.5,76.75,0.0
2007-11-27,31.5,77.0,0.0
2007-11-27,31.5,77.25,0.0
2007-11-27,31.5,77.5,0.0
2007-11-27,31.75,76.5,0.0
2007-11-27,31.75,76.75,0.0
2007-11-27,31.75,77.0,0.0
2007-11-27,31.75,77.25,0.0
2007-11-27,31.75,77.5,0.0
2007-11-27,32.0,76.5,0.0
2007-11-27,32.0,76.75,0.0
2007-11-27,32.0,77.0,0.0
2007-11-27,32.0,77.25,0.0
2007-11-27,32.0,77.5,0.0
2007-11-28,31.5,76.5,0.31411212682724
2007-11-28,31.5,76.75,0.0
2007-11-28,31.5,77.0,0.0
2007-11-28,31.5,77.25,0.0
2007-11-28,31.5,77.5,0.0
2007-11-28,31.75,76.5,0.498126745223999
2007-11-28,31.75,76.75,0.0
2007-11-28,31.75,77.0,0.0
2007-11-28,31.75,77.25,0.0
2007-11-28,31.75,77.5,0.0
2007-11-28,32.0,76.5,2.295274496078491
2007-11-28,32.0,76.75,0.0
2007-11-28,32.0,77.0,0.0
2007-11-28,32.0,77.25,0.0
2007-11-28,32.0,77.5,0.0
2007-11-29,31.5,76.5,0.0
2007-11-29,31.5,76.75,0.0
2007-11-29,31.5,77.0,0.0
2007-11-29,31.5,77.25,0.0
2007-11-29,31.5,77.5,0.0
2007-11-29,31.75,76.5,0.0
2007-11-29,31.75,76.75,0.0
2007-11-29,31.75,77.0,0.0
2007-11-29,31.75,77.25,0.0
2007-11-29,31.75,77.5,0.0
2007-11-29,32.0,76.5,0.0
2007-11-29,32.0,76.75,0.0
2007-11-29,32.0,77.0,0.0
2007-11-29,32.0,77.25,0.0
2007-11-29,32.0,77.5,0.0
2007-11-30,31.5,76.5,0.4711682200431824
2007-11-30,31.5,76.75,0.0
2007-11-30,31.5,77.0,0.0
2007-11-30,31.5,77.25,0.0
2007-11-30,31.5,77.5,0.0
2007-11-30,31.75,76.5,0.7471901774406433
2007-11-30,31.75,76.75,0.0
2007-11-30,31.75,77.0,0.0
2007-11-30,31.75,77.25,0.0
2007-11-30,31.75,77.5,0.0
2007-11-30,32.0,76.5,3.4429116249084473
2007-11-30,32.0,76.75,0.0
2007-11-30,32.0,77.0,0.0
2007-11-30,32.0,77.25,0.0
2007-11-30,32.0,77.5,0.0
2007-12-01,31.5,76.5,3.9873287677764893
2007-12-01,31.5,76.75,7.487497806549072
2007-12-01,31.5,77.0,3.869863748550415
2007-12-01,31.5,77.25,2.712444305419922
2007-12-01,31.5,77.5,0.4570455253124237
2007-12-01,31.75,76.5,1.667608618736267
2007-12-01,31.75,76.75,3.830711603164673
2007-12-01,31.75,77.0,1.400803804397583
2007-12-01,31.75,77.25,2.8167028427124023
2007-12-01,31.75,77.5,2.372924566268921
2007-12-01,32.0,76.5,2.619342088699341
2007-12-01,32.0,76.75,3.573857307434082
2007-12-01,32.0,77.0,1.4716509580612183
2007-12-01,32.0,77.25,2.4454526901245117
2007-12-01,32.0,77.5,3.1033148765563965
2007-12-02,31.5,76.5,0.0
2007-12-02,31.5,76.75,0.0
2007-12-02,31.5,77.0,0.0
2007-12-02,31.5,77.25,0.0
2007-12-02,31.5,77.5,0.0
2007-12-02,31.75,76.5,0.0
2007-12-02,31.75,76.75,0.0
2007-12-02,31.75,77.0,0.0
2007-12-02,31.75,77.25,0.0
2007-12-02,31.75,77.5,0.0
2007-12-02,32.0,76.5,0.4590549170970917
2007-12-02,32.0,76.75,0.0
2007-12-02,32.0,77.0,0.0
2007-12-02,32.0,77.25,0.0
2007-12-02,32.0,77.5,0.0
2007-12-03,31.5,76.5,0.0
2007-12-03,31.5,76.75,0.0
2007-12-03,31.5,77.0,0.0
2007-12-03,31.5,77.25,0.0
2007-12-03,31.5,77.5,0.0
2007-12-03,31.75,76.5,0.0
2007-12-03,31.75,76.75,0.0
2007-12-03,31.75,77.0,0.0
2007-12-03,31.75,77.25,0.0
2007-12-03,31.75,77.5,0.0
2007-12-03,32.0,76.5,0.0
2007-12-03,32.0,76.75,0.0
2007-12-03,32.0,77.0,0.0
2007-12-03,32.0,77.25,0.0
2007-12-03,32.0,77.5,0.0
2007-12-04,31.5,76.5,0.0
2007-12-04,31.5,76.75,0.0
2007-12-04,31.5,77.0,0.0
2007-12-04,31.5,77.25,0.0
2007-12-04,31.5,77.5,0.0
2007-12-04,31.75,76.5,0.0
2007-12-04,31.75,76.75,0.0
2007-12-04,31.75,77.0,0.0
2007-12-04,31.75,77.25,0.0
2007-12-04,31.75,77.5,0.0
2007-12-04,32.0,76.5,0.0
2007-12-04,32.0,76.75,0.0
2007-12-04,32.0,77.0,0.0
2007-12-04,32.0,77.25,0.0
2007-12-04,32.0,77.5,0.0
2007-12-05,31.5,76.5,0.0
2007-12-05,31.5,76.75,0.0
2007-12-05,31.5,77.0,0.0
2007-12-05,31.5,77.25,0.0
2007-12-05,31.5,77.5,0.0
2007-12-05,31.75,76.5,0.0
2007-12-05,31.75,76.75,0.0
2007-12-05,31.75,77.0,0.0
2007-12-05,31.75,77.25,0.0
2007-12-05,31.75,77.5,0.0
2007-12-05,32.0,76.5,0.0
2007-12-05,32.0,76.75,0.0
2007-12-05,32.0,77.0,0.0
2007-12-05,32.0,77.25,0.0
2007-12-05,32.0,77.5,0.0
2007-12-06,31.5,76.5,0.0
2007-12-06,31.5,76.75,0.0
2007-12-06,31.5,77.0,0.0
2007-12-06,31.5,77.25,0.0
2007-12-06,31.5,77.5,0.9564125537872314
2007-12-06,31.75,76.5,0.0
2007-12-06,31.75,76.75,0.0
2007-12-06,31.75,77.0,0.0
2007-12-06,31.75,77.25,0.0
2007-12-06,31.75,77.5,0.0
2007-12-06,32.0,76.5,0.0
2007-12-06,32.0,76.75,0.0
2007-12-06,32.0,77.0,0.0
2007-12-06,32.0,77.25,0.0
2007-12-06,32.0,77.5,0.0
2007-12-07,31.5,76.5,0.0
2007-12-07,31.5,76.75,0.0
2007-12-07,31.5,77.0,0.0
2007-12-07,31.5,77.25,0.0
2007-12-07,31.5,77.5,0.4782062768936157
2007-12-07,31.75,76.5,0.0
2007-12-07,31.75,76.75,0.0
2007-12-07,31.75,77.0,0.0
2007-12-07,31.75,77.25,0.0
2007-12-07,31.75,77.5,0.34763628244400024
2007-12-07,32.0,76.5,0.0
2007-12-07,32.0,76.75,0.0
2007-12-07,32.0,77.0,0.12870566546916962
2007-12-07,32.0,77.25,0.3567299544811249
2007-12-07,32.0,77.5,0.5728819966316223
2007-12-08,31.5,76.5,0.0
2007-12-08,31.5,76.75,0.0
2007-12-08,31.5,77.0,0.0
2007-12-08,31.5,77.25,0.0
2007-12-08,31.5,77.5,0.0
2007-12-08,31.75,76.5,0.0
2007-12-08,31.75,76.75,0.0
2007-12-08,31.75,77.0,0.0
2007-12-08,31.75,77.25,0.0
2007-12-08,31.75,77.5,0.0
2007-12-08,32.0,76.5,0.0
2007-12-08,32.0,76.75,0.0
2007-12-08,32.0,77.0,0.0
2007-12-08,32.0,77.25,0.0
2007-12-08,32.0,77.5,0.0
2007-12-09,31.5,76.5,0.0
2007-12-09,31.5,76.75,0.0
2007-12-09,31.5,77.0,0.0
2007-12-09,31.5,77.25,0.0
2007-12-09,31.5,77.5,1.331123948097229
2007-12-09,31.75,76.5,0.0
2007-12-09,31.75,76.75,0.0
2007-12-09,31.75,77.0,0.0
2007-12-09,31.75,77.25,0.0
2007-12-09,31.75,77.5,0.0
2007-12-09,32.0,76.5,0.0
2007-12-09,32.0,76.75,0.0
2007-12-09,32.0,77.0,0.0
2007-12-09,32.0,77.25,0.0
2007-12-09,32.0,77.5,0.0
2007-12-10,31.5,76.5,2.882297992706299
2007-12-10,31.5,76.75,0.0
2007-12-10,31.5,77.0,0.48482564091682434
2007-12-10,31.5,77.25,0.27855220437049866
2007-12-10,31.5,77.5,2.107633590698242
2007-12-10,31.75,76.5,5.67174768447876
2007-12-10,31.75,76.75,1.679431676864624
2007-12-10,31.75,77.0,0.6240772604942322
2007-12-10,31.75,77.25,1.7177226543426514
2007-12-10,31.75,77.5,3.3688321113586426
2007-12-10,32.0,76.5,2.773163080215454
2007-12-10,32.0,76.75,4.651959419250488
2007-12-10,32.0,77.0,1.9335789680480957
2007-12-10,32.0,77.25,3.5491106510162354
2007-12-10,32.0,77.5,4.538397789001465
2007-12-11,31.5,76.5,3.715872049331665
2007-12-11,31.5,76.75,5.559575080871582
2007-12-11,31.5,77.0,5.4655866622924805
2007-12-11,31.5,77.25,5.630830764770508
2007-12-11,31.5,77.5,4.751574993133545
2007-12-11,31.75,76.5,1.281229853630066
2007-12-11,31.75,76.75,4.8416972160339355
2007-12-11,31.75,77.0,5.917235374450684
2007-12-11,31.75,77.25,8.174503326416016
2007-12-11,31.75,77.5,10.917095184326172
2007-12-11,32.0,76.5,4.783638000488281
2007-12-11,32.0,76.75,13.801050186157227
2007-12-11,32.0,77.0,8.28480339050293
2007-12-11,32.0,77.25,11.259673118591309
2007-12-11,32.0,77.5,13.021585464477539
2007-12-12,31.5,76.5,11.360535621643066
2007-12-12,31.5,76.75,5.148662090301514
2007-12-12,31.5,77.0,6.585535049438477
2007-12-12,31.5,77.25,6.021455764770508
2007-12-12,31.5,77.5,5.001286029815674
2007-12-12,31.75,76.5,18.284683227539062
2007-12-12,31.75,76.75,8.802469253540039
2007-12-12,31.75,77.0,7.069026947021484
2007-12-12,31.75,77.25,7.1376953125
2007-12-12,31.75,77.5,10.687925338745117
2007-12-12,32.0,76.5,10.820541381835938
2007-12-12,32.0,76.75,8.798957824707031
2007-12-12,32.0,77.0,8.350446701049805
2007-12-12,32.0,77.25,10.756999969482422
2007-12-12,32.0,77.5,12.850135803222656
2007-12-13,31.5,76.5,4.124119758605957
2007-12-13,31.5,76.75,1.7281908988952637
2007-12-13,31.5,77.0,1.6340365409851074
2007-12-13,31.5,77.25,1.3051788806915283
2007-12-13,31.5,77.5,1.726631999015808
2007-12-13,31.75,76.5,5.186849117279053
2007-12-13,31.75,76.75,2.297672986984253
2007-12-13,31.75,77.0,1.3646605014801025
2007-12-13,31.75,77.25,1.6733977794647217
2007-12-13,31.75,77.5,3.463536500930786
2007-12-13,32.0,76.5,3.8998634815216064
2007-12-13,32.0,76.75,2.4119503498077393
2007-12-13,32.0,77.0,2.1156604290008545
2007-12-13,32.0,77.25,3.529057264328003
2007-12-13,32.0,77.5,4.741569995880127
2007-12-14,31.5,76.5,6.1542510986328125
2007-12-14,31.5,76.75,11.666143417358398
2007-12-14,31.5,77.0,8.409626960754395
2007-12-14,31.5,77.25,7.530595779418945
2007-12-14,31.5,77.5,5.066708087921143
2007-12-14,31.75,76.5,2.294926404953003
2007-12-14,31.75,76.75,8.02911376953125
2007-12-14,31.75,77.0,7.675435543060303
2007-12-14,31.75,77.25,9.144984245300293
2007-12-14,31.75,77.5,11.776000022888184
2007-12-14,32.0,76.5,5.968446254730225
2007-12-14,32.0,76.75,11.09520149230957
2007-12-14,32.0,77.0,9.040522575378418
2007-12-14,32.0,77.25,11.946769714355469
2007-12-14,32.0,77.5,14.275004386901855
2007-12-15,31.5,76.5,0.0
2007-12-15,31.5,76.75,0.0
2007-12-15,31.5,77.0,0.0
2007-12-15,31.5,77.25,0.0
2007-12-15,31.5,77.5,0.0
2007-12-15,31.75,76.5,0.0
2007-12-15,31.75,76.75,0.0
2007-12-15,31.75,77.0,0.0
2007-12-15,31.75,77.25,0.0
2007-12-15,31.75,77.5,0.0
2007-12-15,32.0,76.5,0.0
2007-12-15,32.0,76.75,0.0
2007-12-15,32.0,77.0,0.0
2007-12-15,32.0,77.25,0.0
2007-12-15,32.0,77.5,0.0
2007-12-16,31.5,76.5,0.0
2007-12-16,31.5,76.75,0.0
2007-12-16,31.5,77.0,0.0
2007-12-16,31.5,77.25,0.0
2007-12-16,31.5,77.5,0.0
2007-12-16,31.75,76.5,0.0
2007-12-16,31.75,76.75,0.0
2007-12-16,31.75,77.0,0.0
2007-12-16,31.75,77.25,0.0
2007-12-16,31.75,77.5,0.0
2007-12-16,32.0,76.5,0.0
2007-12-16,32.0,76.75,0.0
2007-12-16,32.0,77.0,0.0
2007-12-16,32.0,77.25,0.0
2007-12-16,32.0,77.5,0.0
2007-12-17,31.5,76.5,0.0
2007-12-17,31.5,76.75,0.0
2007-12-17,31.5,77.0,0.0
2007-12-17,31.5,77.25,0.0
2007-12-17,31.5,77.5,0.0
2007-12-17,31.75,76.5,0.0
2007-12-17,31.75,76.75,0.0
2007-12-17,31.75,77.0,0.0
2007-12-17,31.75,77.25,0.0
2007-12-17,31.75,77.5,0.0
2007-12-17,32.0,76.5,0.0
2007-12-17,32.0,76.75,0.0
2007-12-17,32.0,77.0,0.0
2007-12-17,32.0,77.25,0.0
2007-12-17,32.0,77.5,0.0
2007-12-18,31.5,76.5,0.0
2007-12-18,31.5,76.75,0.0
2007-12-18,31.5,77.0,0.0
2007-12-18,31.5,77.25,0.0
2007-12-18,31.5,77.5,0.0
2007-12-18,31.75,76.5,0.0
2007-12-18,31.75,76.75,0.0
2007-12-18,31.75,77.0,0.0
2007-12-18,31.75,77.25,0.0
2007-12-18,31.75,77.5,0.0
2007-12-18,32.0,76.5,0.0
2007-12-18,32.0,76.75,0.0
2007-12-18,32.0,77.0,0.0
2007-12-18,32.0,77.25,0.0
2007-12-18,32.0,77.5,0.0
2007-12-19,31.5,76.5,0.0
2007-12-19,31.5,76.75,0.0
2007-12-19,31.5,77.0,0.0
2007-12-19,31.5,77.25,0.0
2007-12-19,31.5,77.5,0.0
2007-12-19,31.75,76.5,0.0
2007-12-19,31.75,76.75,0.0
2007-12-19,31.75,77.0,0.0
2007-12-19,31.75,77.25,0.0
2007-12-19,31.75,77.5,0.0
2007-12-19,32.0,76.5,0.0
2007-12-19,32.0,76.75,0.0
2007-12-19,32.0,77.0,0.0
2007-12-19,32.0,77.25,0.0
2007-12-19,32.0,77.5,0.0
2007-12-20,31.5,76.5,0.0
2007-12-20,31.5,76.75,0.0
2007-12-20,31.5,77.0,0.0
2007-12-20,31.5,77.25,0.0
2007-12-20,31.5,77.5,0.0
2007-12-20,31.75,76.5,0.0
2007-12-20,31.75,76.75,0.0
2007-12-20,31.75,77.0,0.0
2007-12-20,31.75,77.25,0.0
2007-12-20,31.75,77.5,0.0
2007-12-20,32.0,76.5,0.0
2007-12-20,32.0,76.75,0.0
2007-12-20,32.0,77.0,0.0
2007-12-20,32.0,77.25,0.0
2007-12-20,32.0,77.5,0.0
2007-12-21,31.5,76.5,0.0
2007-12-21,31.5,76.75,0.0
2007-12-21,31.5,77.0,0.0
2007-12-21,31.5,77.25,0.0
2007-12-21,31.5,77.5,0.7970104217529297
2007-12-21,31.75,76.5,0.0
2007-12-21,31.75,76.75,0.0
2007-12-21,31.75,77.0,0.0
2007-12-21,31.75,77.25,0.0
2007-12-21,31.75,77.5,0.0
2007-12-21,32.0,76.5,0.0
2007-12-21,32.0,76.75,0.0
2007-12-21,32.0,77.0,0.0
2007-12-21,32.0,77.25,0.0
2007-12-21,32.0,77.5,0.0
2007-12-22,31.5,76.5,0.0
2007-12-22,31.5,76.75,0.0
2007-12-22,31.5,77.0,0.0
2007-12-22,31.5,77.25,0.0
2007-12-22,31.5,77.5,0.6376083493232727
2007-12-22,31.75,76.5,0.0
2007-12-22,31.75,76.75,0.0
2007-12-22,31.75,77.0,0.0
2007-12-22,31.75,77.25,0.0
2007-12-22,31.75,77.5,0.0
2007-12-22,32.0,76.5,0.0
2007-12-22,32.0,76.75,0.0
2007-12-22,32.0,77.0,0.0
2007-12-22,32.0,77.25,0.0
2007-12-22,32.0,77.5,0.0
2007-12-23,31.5,76.5,0.0
2007-12-23,31.5,76.75,0.0
2007-12-23,31.5,77.0,0.0
2007-12-23,31.5,77.25,0.0
2007-12-23,31.5,77.5,0.0
2007-12-23,31.75,76.5,0.0
2007-12-23,31.75,76.75,0.0
2007-12-23,31.75,77.0,0.0
2007-12-23,31.75,77.25,0.0
2007-12-23,31.75,77.5,0.0
2007-12-23,32.0,76.5,0.0
2007-12-23,32.0,76.75,0.0
2007-12-23,32.0,77.0,0.0
2007-12-23,32.0,77.25,0.0
2007-12-23,32.0,77.5,0.0
2007-12-24,31.5,76.5,0.0
2007-12-24,31.5,76.75,0.0
2007-12-24,31.5,77.0,0.0
2007-12-24,31.5,77.25,0.0
2007-12-24,31.5,77.5,0.0
2007-12-24,31.75,76.5,0.0
2007-12-24,31.75,76.75,0.0
2007-12-24,31.75,77.0,0.0
2007-12-24,31.75,77.25,0.0
2007-12-24,31.75,77.5,0.0
2007-12-24,32.0,76.5,0.0
2007-12-24,32.0,76.75,0.0
2007-12-24,32.0,77.0,0.0
2007-12-24,32.0,77.25,0.0
2007-12-24,32.0,77.5,0.0
2007-12-25,31.5,76.5,0.0
2007-12-25,31.5,76.75,0.0
2007-12-25,31.5,77.0,0.0
2007-12-25,31.5,77.25,0.0
2007-12-25,31.5,77.5,0.0
2007-12-25,31.75,76.5,0.0
2007-12-25,31.75,76.75,0.0
2007-12-25,31.75,77.0,0.0
2007-12-25,31.75,77.25,0.0
2007-12-25,31.75,77.5,0.0
2007-12-25,32.0,76.5,0.0
2007-12-25,32.0,76.75,0.0
2007-12-25,32.0,77.0,0.0
2007-12-25,32.0,77.25,0.0
2007-12-25,32.0,77.5,0.0
2007-12-26,31.5,76.5,0.0
2007-12-26,31.5,76.75,0.0
2007-12-26,31.5,77.0,0.0
2007-12-26,31.5,77.25,0.0
2007-12-26,31.5,77.5,0.0
2007-12-26,31.75,76.5,0.0
2007-12-26,31.75,76.75,0.0
2007-12-26,31.75,77.0,0.0
2007-12-26,31.75,77.25,0.0
2007-12-26,31.75,77.5,0.0
2007-12-26,32.0,76.5,0.0
2007-12-26,32.0,76.75,0.0
2007-12-26,32.0,77.0,0.0
2007-12-26,32.0,77.25,0.0
2007-12-26,32.0,77.5,0.0
2007-12-27,31.5,76.5,0.0
2007-12-27,31.5,76.75,0.0
2007-12-27,31.5,77.0,0.0
2007-12-27,31.5,77.25,0.0
2007-12-27,31.5,77.5,0.0
2007-12-27,31.75,76.5,0.0
2007-12-27,31.75,76.75,0.0
2007-12-27,31.75,77.0,0.0
2007-12-27,31.75,77.25,0.0
2007-12-27,31.75,77.5,0.0
2007-12-27,32.0,76.5,0.0
2007-12-27,32.0,76.75,0.0
2007-12-27,32.0,77.0,0.0
2007-12-27,32.0,77.25,0.0
2007-12-27,32.0,77.5,0.0
2007-12-28,31.5,76.5,0.0
2007-12-28,31.5,76.75,0.0
2007-12-28,31.5,77.0,0.0
2007-12-28,31.5,77.25,0.0
2007-12-28,31.5,77.5,0.0
2007-12-28,31.75,76.5,0.0
2007-12-28,31.75,76.75,0.0
2007-12-28,31.75,77.0,0.0
2007-12-28,31.75,77.25,0.0
2007-12-28,31.75,77.5,0.0
2007-12-28,32.0,76.5,0.0
2007-12-28,32.0,76.75,0.0
2007-12-28,32.0,77.0,0.0
2007-12-28,32.0,77.25,0.0
2007-12-28,32.0,77.5,0.0
2007-12-29,31.5,76.5,0.0
2007-12-29,31.5,76.75,0.0
2007-12-29,31.5,77.0,0.0
2007-12-29,31.5,77.25,0.0
2007-12-29,31.5,77.5,0.0
2007-12-29,31.75,76.5,0.0
2007-12-29,31.75,76.75,0.0
2007-12-29,31.75,77.0,0.0
2007-12-29,31.75,77.25,0.0
2007-12-29,31.75,77.5,0.0
2007-12-29,32.0,76.5,0.0
2007-12-29,32.0,76.75,0.0
2007-12-29,32.0,77.0,0.0
2007-12-29,32.0,77.25,0.0
2007-12-29,32.0,77.5,0.0
2007-12-30,31.5,76.5,0.0
2007-12-30,31.5,76.75,0.0
2007-12-30,31.5,77.0,0.0
2007-12-30,31.5,77.25,0.0
2007-12-30,31.5,77.5,0.0
2007-12-30,31.75,76.5,0.0
2007-12-30,31.75,76.75,0.0
2007-12-30,31.75,77.0,0.0
2007-12-30,31.75,77.25,0.0
2007-12-30,31.75,77.5,0.0
2007-12-30,32.0,76.5,0.0
2007-12-30,32.0,76.75,0.0
2007-12-30,32.0,77.0,0.0
2007-12-30,32.0,77.25,0.0
2007-12-30,32.0,77.5,0.0
2007-12-31,31.5,76.5,0.0
2007-12-31,31.5,76.75,0.0
2007-12-31,31.5,77.0,0.0
2007-12-31,31.5,77.25,0.0
2007-12-31,31.5,77.5,0.0
2007-12-31,31.75,76.5,0.0
2007-12-31,31.75,76.75,0.0
2007-12-31,31.75,77.0,0.0
2007-12-31,31.75,77.25,0.0
2007-12-31,31.75,77.5,0.0
2007-12-31,32.0,76.5,0.0
2007-12-31,32.0,76.75,0.0
2007-12-31,32.0,77.0,0.0
2007-12-31,32.0,77.25,0.0
2007-12-31,32.0,77.5,0.0
