date,latitude,longitude,rainfall_mm
2013-01-01,31.5,76.5,0.0
2013-01-01,31.5,76.75,0.0
2013-01-01,31.5,77.0,0.0
2013-01-01,31.5,77.25,0.0
2013-01-01,31.5,77.5,0.0
2013-01-01,31.75,76.5,0.0
2013-01-01,31.75,76.75,0.0
2013-01-01,31.75,77.0,0.0
2013-01-01,31.75,77.25,0.0
2013-01-01,31.75,77.5,0.0
2013-01-01,32.0,76.5,0.0
2013-01-01,32.0,76.75,0.0
2013-01-01,32.0,77.0,0.0
2013-01-01,32.0,77.25,0.0
2013-01-01,32.0,77.5,0.0
2013-01-02,31.5,76.5,0.0
2013-01-02,31.5,76.75,0.0
2013-01-02,31.5,77.0,0.0
2013-01-02,31.5,77.25,0.0
2013-01-02,31.5,77.5,0.0
2013-01-02,31.75,76.5,0.0
2013-01-02,31.75,76.75,0.0
2013-01-02,31.75,77.0,0.0
2013-01-02,31.75,77.25,0.0
2013-01-02,31.75,77.5,0.0
2013-01-02,32.0,76.5,0.0
2013-01-02,32.0,76.75,0.0
2013-01-02,32.0,77.0,0.0
2013-01-02,32.0,77.25,0.0
2013-01-02,32.0,77.5,0.0
2013-01-03,31.5,76.5,0.0
2013-01-03,31.5,76.75,0.0
2013-01-03,31.5,77.0,0.0
2013-01-03,31.5,77.25,0.0
2013-01-03,31.5,77.5,0.0
2013-01-03,31.75,76.5,0.0
2013-01-03,31.75,76.75,0.0
2013-01-03,31.75,77.0,0.0
2013-01-03,31.75,77.25,0.0
2013-01-03,31.75,77.5,0.0
2013-01-03,32.0,76.5,0.0
2013-01-03,32.0,76.75,0.0
2013-01-03,32.0,77.0,0.0
2013-01-03,32.0,77.25,0.0
2013-01-03,32.0,77.5,0.0
2013-01-04,31.5,76.5,0.0
2013-01-04,31.5,76.75,0.0
2013-01-04,31.5,77.0,0.0
2013-01-04,31.5,77.25,0.0
2013-01-04,31.5,77.5,0.0
2013-01-04,31.75,76.5,0.0
2013-01-04,31.75,76.75,0.0
2013-01-04,31.75,77.0,0.0
2013-01-04,31.75,77.25,0.0
2013-01-04,31.75,77.5,0.0
2013-01-04,32.0,76.5,0.0
2013-01-04,32.0,76.75,0.0
2013-01-04,32.0,77.0,0.0
2013-01-04,32.0,77.25,0.0
2013-01-04,32.0,77.5,0.0
2013-01-05,31.5,76.5,0.0
2013-01-05,31.5,76.75,0.0
2013-01-05,31.5,77.0,0.0
2013-01-05,31.5,77.25,0.0
2013-01-05,31.5,77.5,0.0
2013-01-05,31.75,76.5,0.0
2013-01-05,31.75,76.75,0.0
2013-01-05,31.75,77.0,0.0
2013-01-05,31.75,77.25,0.0
2013-01-05,31.75,77.5,0.0
2013-01-05,32.0,76.5,0.0
2013-01-05,32.0,76.75,0.0
2013-01-05,32.0,77.0,0.0
2013-01-05,32.0,77.25,0.0
2013-01-05,32.0,77.5,0.0
2013-01-06,31.5,76.5,0.0
2013-01-06,31.5,76.75,0.0
2013-01-06,31.5,77.0,0.0
2013-01-06,31.5,77.25,0.0
2013-01-06,31.5,77.5,0.0
2013-01-06,31.75,76.5,0.0
2013-01-06,31.75,76.75,0.0
2013-01-06,31.75,77.0,0.0
2013-01-06,31.75,77.25,0.0
2013-01-06,31.75,77.5,0.0
2013-01-06,32.0,76.5,0.0
2013-01-06,32.0,76.75,0.0
2013-01-06,32.0,77.0,0.0
2013-01-06,32.0,77.25,0.0
2013-01-06,32.0,77.5,0.0
2013-01-07,31.5,76.5,0.0
2013-01-07,31.5,76.75,0.0
2013-01-07,31.5,77.0,0.0
2013-01-07,31.5,77.25,0.0
2013-01-07,31.5,77.5,0.0
2013-01-07,31.75,76.5,0.0
2013-01-07,31.75,76.75,0.0
2013-01-07,31.75,77.0,0.0
2013-01-07,31.75,77.25,0.0
2013-01-07,31.75,77.5,0.0
2013-01-07,32.0,76.5,0.0
2013-01-07,32.0,76.75,0.0
2013-01-07,32.0,77.0,0.0
2013-01-07,32.0,77.25,0.0
2013-01-07,32.0,77.5,0.0
2013-01-08,31.5,76.5,0.0
2013-01-08,31.5,76.75,0.0
2013-01-08,31.5,77.0,0.0
2013-01-08,31.5,77.25,0.0
2013-01-08,31.5,77.5,0.0
2013-01-08,31.75,76.5,0.0
2013-01-08,31.75,76.75,0.0
2013-01-08,31.75,77.0,0.0
2013-01-08,31.75,77.25,0.0
2013-01-08,31.75,77.5,0.0
2013-01-08,32.0,76.5,0.0
2013-01-08,32.0,76.75,0.0
2013-01-08,32.0,77.0,0.0
2013-01-08,32.0,77.25,0.0
2013-01-08,32.0,77.5,0.0
2013-01-09,31.5,76.5,0.0
2013-01-09,31.5,76.75,0.0
2013-01-09,31.5,77.0,0.0
2013-01-09,31.5,77.25,0.0
2013-01-09,31.5,77.5,0.0
2013-01-09,31.75,76.5,0.0
2013-01-09,31.75,76.75,0.0
2013-01-09,31.75,77.0,0.0
2013-01-09,31.75,77.25,0.0
2013-01-09,31.75,77.5,0.0
2013-01-09,32.0,76.5,0.0
2013-01-09,32.0,76.75,0.0
2013-01-09,32.0,77.0,0.0
2013-01-09,32.0,77.25,0.0
2013-01-09,32.0,77.5,0.0
2013-01-10,31.5,76.5,0.0
2013-01-10,31.5,76.75,0.0
2013-01-10,31.5,77.0,0.0
2013-01-10,31.5,77.25,0.0
2013-01-10,31.5,77.5,0.0
2013-01-10,31.75,76.5,0.0
2013-01-10,31.75,76.75,0.0
2013-01-10,31.75,77.0,0.0
2013-01-10,31.75,77.25,0.0
2013-01-10,31.75,77.5,0.0
2013-01-10,32.0,76.5,0.0
2013-01-10,32.0,76.75,0.0
2013-01-10,32.0,77.0,0.0
2013-01-10,32.0,77.25,0.0
2013-01-10,32.0,77.5,0.0
2013-01-11,31.5,76.5,0.0
2013-01-11,31.5,76.75,0.0
2013-01-11,31.5,77.0,0.0
2013-01-11,31.5,77.25,0.0
2013-01-11,31.5,77.5,0.0
2013-01-11,31.75,76.5,0.0
2013-01-11,31.75,76.75,0.0
2013-01-11,31.75,77.0,0.0
2013-01-11,31.75,77.25,0.0
2013-01-11,31.75,77.5,0.0
2013-01-11,32.0,76.5,0.0
2013-01-11,32.0,76.75,0.0
2013-01-11,32.0,77.0,0.0
2013-01-11,32.0,77.25,0.0
2013-01-11,32.0,77.5,0.0
2013-01-12,31.5,76.5,0.0
2013-01-12,31.5,76.75,0.0
2013-01-12,31.5,77.0,0.0
2013-01-12,31.5,77.25,0.0
2013-01-12,31.5,77.5,0.0
2013-01-12,31.75,76.5,0.0
2013-01-12,31.75,76.75,0.0
2013-01-12,31.75,77.0,0.0
2013-01-12,31.75,77.25,0.0
2013-01-12,31.75,77.5,0.0
2013-01-12,32.0,76.5,0.0
2013-01-12,32.0,76.75,0.0
2013-01-12,32.0,77.0,0.0
2013-01-12,32.0,77.25,0.0
2013-01-12,32.0,77.5,0.0
2013-01-13,31.5,76.5,1.3299850225448608
2013-01-13,31.5,76.75,0.7528355121612549
2013-01-13,31.5,77.0,0.0
2013-01-13,31.5,77.25,0.0
2013-01-13,31.5,77.5,2.1628684997558594
2013-01-13,31.75,76.5,1.8806979656219482
2013-01-13,31.75,76.75,0.2444436401128769
2013-01-13,31.75,77.0,5.328173637390137
2013-01-13,31.75,77.25,1.0367035865783691
2013-01-13,31.75,77.5,1.954188585281372
2013-01-13,32.0,76.5,1.5901670455932617
2013-01-13,32.0,76.75,2.310116767883301
2013-01-13,32.0,77.0,4.121638774871826
2013-01-13,32.0,77.25,1.5023514032363892
2013-01-13,32.0,77.5,2.2771522998809814
2013-01-14,31.5,76.5,0.0
2013-01-14,31.5,76.75,0.0
2013-01-14,31.5,77.0,0.0
2013-01-14,31.5,77.25,0.0
2013-01-14,31.5,77.5,0.0
2013-01-14,31.75,76.5,0.13354623317718506
2013-01-14,31.75,76.75,0.0
2013-01-14,31.75,77.0,0.0
2013-01-14,31.75,77.25,0.0
2013-01-14,31.75,77.5,0.0
2013-01-14,32.0,76.5,0.0
2013-01-14,32.0,76.75,0.0
2013-01-14,32.0,77.0,0.0
2013-01-14,32.0,77.25,0.0
2013-01-14,32.0,77.5,0.0
2013-01-15,31.5,76.5,0.0
2013-01-15,31.5,76.75,0.0
2013-01-15,31.5,77.0,0.0
2013-01-15,31.5,77.25,0.0
2013-01-15,31.5,77.5,0.0
2013-01-15,31.75,76.5,0.0
2013-01-15,31.75,76.75,0.0
2013-01-15,31.75,77.0,0.0
2013-01-15,31.75,77.25,0.0
2013-01-15,31.75,77.5,0.0
2013-01-15,32.0,76.5,0.0
2013-01-15,32.0,76.75,0.0
2013-01-15,32.0,77.0,0.0
2013-01-15,32.0,77.25,0.0
2013-01-15,32.0,77.5,0.0
2013-01-16,31.5,76.5,0.0
2013-01-16,31.5,76.75,0.0
2013-01-16,31.5,77.0,0.0
2013-01-16,31.5,77.25,0.0
2013-01-16,31.5,77.5,0.0
2013-01-16,31.75,76.5,0.0
2013-01-16,31.75,76.75,0.0
2013-01-16,31.75,77.0,0.0
2013-01-16,31.75,77.25,0.0
2013-01-16,31.75,77.5,0.0
2013-01-16,32.0,76.5,0.0
2013-01-16,32.0,76.75,0.0
2013-01-16,32.0,77.0,0.0
2013-01-16,32.0,77.25,0.0
2013-01-16,32.0,77.5,0.0
2013-01-17,31.5,76.5,0.0
2013-01-17,31.5,76.75,0.0
2013-01-17,31.5,77.0,0.0
2013-01-17,31.5,77.25,0.0
2013-01-17,31.5,77.5,0.0
2013-01-17,31.75,76.5,0.0
2013-01-17,31.75,76.75,0.0
2013-01-17,31.75,77.0,0.0
2013-01-17,31.75,77.25,0.0
2013-01-17,31.75,77.5,0.0
2013-01-17,32.0,76.5,0.0
2013-01-17,32.0,76.75,0.0
2013-01-17,32.0,77.0,0.0
2013-01-17,32.0,77.25,0.0
2013-01-17,32.0,77.5,0.0
2013-01-18,31.5,76.5,18.10858726501465
2013-01-18,31.5,76.75,34.28087615966797
2013-01-18,31.5,77.0,35.03483581542969
2013-01-18,31.5,77.25,41.419288635253906
2013-01-18,31.5,77.5,38.95250701904297
2013-01-18,31.75,76.5,12.392241477966309
2013-01-18,31.75,76.75,26.411544799804688
2013-01-18,31.75,77.0,38.3660888671875
2013-01-18,31.75,77.25,37.757789611816406
2013-01-18,31.75,77.5,39.251190185546875
2013-01-18,32.0,76.5,19.106657028198242
2013-01-18,32.0,76.75,27.87798309326172
2013-01-18,32.0,77.0,38.913719177246094
2013-01-18,32.0,77.25,30.260103225708008
2013-01-18,32.0,77.5,36.84328079223633
2013-01-19,31.5,76.5,31.895509719848633
2013-01-19,31.5,76.75,22.713796615600586
2013-01-19,31.5,77.0,19.893430709838867
2013-01-19,31.5,77.25,37.57187271118164
2013-01-19,31.5,77.5,45.59701919555664
2013-01-19,31.75,76.5,30.312442779541016
2013-01-19,31.75,76.75,27.99738121032715
2013-01-19,31.75,77.0,36.267662048339844
2013-01-19,31.75,77.25,36.76604080200195
2013-01-19,31.75,77.5,39.550907135009766
2013-01-19,32.0,76.5,39.71727752685547
2013-01-19,32.0,76.75,32.60812759399414
2013-01-19,32.0,77.0,35.414161682128906
2013-01-19,32.0,77.25,32.51722717285156
2013-01-19,32.0,77.5,35.57099533081055
2013-01-20,31.5,76.5,0.0
2013-01-20,31.5,76.75,0.0
2013-01-20,31.5,77.0,0.0
2013-01-20,31.5,77.25,0.0
2013-01-20,31.5,77.5,0.0
2013-01-20,31.75,76.5,0.0
2013-01-20,31.75,76.75,0.0
2013-01-20,31.75,77.0,0.0
2013-01-20,31.75,77.25,0.0
2013-01-20,31.75,77.5,0.0
2013-01-20,32.0,76.5,0.1318989396095276
2013-01-20,32.0,76.75,0.0
2013-01-20,32.0,77.0,0.0
2013-01-20,32.0,77.25,0.0
2013-01-20,32.0,77.5,0.0
2013-01-21,31.5,76.5,0.0
2013-01-21,31.5,76.75,0.0
2013-01-21,31.5,77.0,0.0
2013-01-21,31.5,77.25,0.0
2013-01-21,31.5,77.5,0.0
2013-01-21,31.75,76.5,0.0
2013-01-21,31.75,76.75,0.0
2013-01-21,31.75,77.0,0.0
2013-01-21,31.75,77.25,0.0
2013-01-21,31.75,77.5,0.0
2013-01-21,32.0,76.5,0.0
2013-01-21,32.0,76.75,0.0
2013-01-21,32.0,77.0,0.0
2013-01-21,32.0,77.25,0.0
2013-01-21,32.0,77.5,0.0
2013-01-22,31.5,76.5,0.0
2013-01-22,31.5,76.75,0.0
2013-01-22,31.5,77.0,0.0
2013-01-22,31.5,77.25,0.0
2013-01-22,31.5,77.5,0.0
2013-01-22,31.75,76.5,0.0
2013-01-22,31.75,76.75,0.0
2013-01-22,31.75,77.0,0.0
2013-01-22,31.75,77.25,0.0
2013-01-22,31.75,77.5,0.0
2013-01-22,32.0,76.5,0.0
2013-01-22,32.0,76.75,0.0
2013-01-22,32.0,77.0,0.0
2013-01-22,32.0,77.25,0.0
2013-01-22,32.0,77.5,0.0
2013-01-23,31.5,76.5,0.0
2013-01-23,31.5,76.75,0.0
2013-01-23,31.5,77.0,0.0
2013-01-23,31.5,77.25,0.0
2013-01-23,31.5,77.5,0.0
2013-01-23,31.75,76.5,0.0
2013-01-23,31.75,76.75,0.0
2013-01-23,31.75,77.0,0.0
2013-01-23,31.75,77.25,0.0
2013-01-23,31.75,77.5,0.0
2013-01-23,32.0,76.5,0.0
2013-01-23,32.0,76.75,0.0
2013-01-23,32.0,77.0,0.0
2013-01-23,32.0,77.25,0.0
2013-01-23,32.0,77.5,0.0
2013-01-24,31.5,76.5,0.0
2013-01-24,31.5,76.75,0.0
2013-01-24,31.5,77.0,0.0
2013-01-24,31.5,77.25,0.0
2013-01-24,31.5,77.5,0.0
2013-01-24,31.75,76.5,0.0
2013-01-24,31.75,76.75,0.0
2013-01-24,31.75,77.0,0.0
2013-01-24,31.75,77.25,0.0
2013-01-24,31.75,77.5,0.0
2013-01-24,32.0,76.5,0.0
2013-01-24,32.0,76.75,0.0
2013-01-24,32.0,77.0,0.0
2013-01-24,32.0,77.25,0.0
2013-01-24,32.0,77.5,0.0
2013-01-25,31.5,76.5,0.0
2013-01-25,31.5,76.75,0.0
2013-01-25,31.5,77.0,0.0
2013-01-25,31.5,77.25,0.0
2013-01-25,31.5,77.5,0.0
2013-01-25,31.75,76.5,0.0
2013-01-25,31.75,76.75,0.0
2013-01-25,31.75,77.0,0.0
2013-01-25,31.75,77.25,0.0
2013-01-25,31.75,77.5,0.0
2013-01-25,32.0,76.5,0.0
2013-01-25,32.0,76.75,0.0
2013-01-25,32.0,77.0,0.0
2013-01-25,32.0,77.25,0.0
2013-01-25,32.0,77.5,0.0
2013-01-26,31.5,76.5,0.0
2013-01-26,31.5,76.75,0.0
2013-01-26,31.5,77.0,0.0
2013-01-26,31.5,77.25,0.0
2013-01-26,31.5,77.5,0.0
2013-01-26,31.75,76.5,0.0
2013-01-26,31.75,76.75,0.0
2013-01-26,31.75,77.0,0.0
2013-01-26,31.75,77.25,0.0
2013-01-26,31.75,77.5,0.0
2013-01-26,32.0,76.5,0.0
2013-01-26,32.0,76.75,0.0
2013-01-26,32.0,77.0,0.0
2013-01-26,32.0,77.25,0.0
2013-01-26,32.0,77.5,0.0
2013-01-27,31.5,76.5,0.0
2013-01-27,31.5,76.75,0.0
2013-01-27,31.5,77.0,0.0
2013-01-27,31.5,77.25,0.0
2013-01-27,31.5,77.5,0.0
2013-01-27,31.75,76.5,0.0
2013-01-27,31.75,76.75,0.0
2013-01-27,31.75,77.0,0.0
2013-01-27,31.75,77.25,0.0
2013-01-27,31.75,77.5,0.0
2013-01-27,32.0,76.5,0.0
2013-01-27,32.0,76.75,0.0
2013-01-27,32.0,77.0,0.0
2013-01-27,32.0,77.25,0.0
2013-01-27,32.0,77.5,0.0
2013-01-28,31.5,76.5,0.0
2013-01-28,31.5,76.75,0.0
2013-01-28,31.5,77.0,0.0
2013-01-28,31.5,77.25,0.0
2013-01-28,31.5,77.5,0.0
2013-01-28,31.75,76.5,0.0
2013-01-28,31.75,76.75,0.0
2013-01-28,31.75,77.0,0.0
2013-01-28,31.75,77.25,0.0
2013-01-28,31.75,77.5,0.0
2013-01-28,32.0,76.5,0.0
2013-01-28,32.0,76.75,0.0
2013-01-28,32.0,77.0,0.0
2013-01-28,32.0,77.25,0.0
2013-01-28,32.0,77.5,0.0
2013-01-29,31.5,76.5,0.0
2013-01-29,31.5,76.75,0.0
2013-01-29,31.5,77.0,0.0
2013-01-29,31.5,77.25,0.0
2013-01-29,31.5,77.5,0.0
2013-01-29,31.75,76.5,0.0
2013-01-29,31.75,76.75,0.0
2013-01-29,31.75,77.0,0.0
2013-01-29,31.75,77.25,0.0
2013-01-29,31.75,77.5,0.0
2013-01-29,32.0,76.5,0.0
2013-01-29,32.0,76.75,0.0
2013-01-29,32.0,77.0,0.0
2013-01-29,32.0,77.25,0.0
2013-01-29,32.0,77.5,0.0
2013-01-30,31.5,76.5,0.0
2013-01-30,31.5,76.75,0.0
2013-01-30,31.5,77.0,0.0
2013-01-30,31.5,77.25,0.0
2013-01-30,31.5,77.5,0.0
2013-01-30,31.75,76.5,0.0
2013-01-30,31.75,76.75,0.0
2013-01-30,31.75,77.0,0.0
2013-01-30,31.75,77.25,0.0
2013-01-30,31.75,77.5,0.0
2013-01-30,32.0,76.5,0.0
2013-01-30,32.0,76.75,0.0
2013-01-30,32.0,77.0,0.0
2013-01-30,32.0,77.25,0.0
2013-01-30,32.0,77.5,0.0
2013-01-31,31.5,76.5,0.0
2013-01-31,31.5,76.75,0.0
2013-01-31,31.5,77.0,0.0
2013-01-31,31.5,77.25,0.0
2013-01-31,31.5,77.5,0.0
2013-01-31,31.75,76.5,0.0
2013-01-31,31.75,76.75,0.0
2013-01-31,31.75,77.0,0.0
2013-01-31,31.75,77.25,0.0
2013-01-31,31.75,77.5,0.0
2013-01-31,32.0,76.5,0.0
2013-01-31,32.0,76.75,0.0
2013-01-31,32.0,77.0,0.0
2013-01-31,32.0,77.25,0.0
2013-01-31,32.0,77.5,0.0
2013-02-01,31.5,76.5,0.0
2013-02-01,31.5,76.75,0.0
2013-02-01,31.5,77.0,0.0
2013-02-01,31.5,77.25,0.0
2013-02-01,31.5,77.5,0.0
2013-02-01,31.75,76.5,0.0
2013-02-01,31.75,76.75,0.0
2013-02-01,31.75,77.0,0.0
2013-02-01,31.75,77.25,0.0
2013-02-01,31.75,77.5,0.0
2013-02-01,32.0,76.5,0.0
2013-02-01,32.0,76.75,0.0
2013-02-01,32.0,77.0,0.0
2013-02-01,32.0,77.25,0.0
2013-02-01,32.0,77.5,0.0
2013-02-02,31.5,76.5,0.0
2013-02-02,31.5,76.75,0.0
2013-02-02,31.5,77.0,0.0
2013-02-02,31.5,77.25,0.0
2013-02-02,31.5,77.5,0.0
2013-02-02,31.75,76.5,0.0
2013-02-02,31.75,76.75,0.0
2013-02-02,31.75,77.0,0.0
2013-02-02,31.75,77.25,0.0
2013-02-02,31.75,77.5,0.0
2013-02-02,32.0,76.5,0.0
2013-02-02,32.0,76.75,0.0
2013-02-02,32.0,77.0,0.0
2013-02-02,32.0,77.25,0.0
2013-02-02,32.0,77.5,0.0
2013-02-03,31.5,76.5,0.0
2013-02-03,31.5,76.75,0.0
2013-02-03,31.5,77.0,0.0
2013-02-03,31.5,77.25,0.0
2013-02-03,31.5,77.5,0.0
2013-02-03,31.75,76.5,0.0
2013-02-03,31.75,76.75,0.0
2013-02-03,31.75,77.0,0.0
2013-02-03,31.75,77.25,0.0
2013-02-03,31.75,77.5,0.0
2013-02-03,32.0,76.5,0.0
2013-02-03,32.0,76.75,0.0
2013-02-03,32.0,77.0,0.0
2013-02-03,32.0,77.25,0.0
2013-02-03,32.0,77.5,0.0
2013-02-04,31.5,76.5,13.993170738220215
2013-02-04,31.5,76.75,14.664209365844727
2013-02-04,31.5,77.0,12.905324935913086
2013-02-04,31.5,77.25,12.311349868774414
2013-02-04,31.5,77.5,13.435991287231445
2013-02-04,31.75,76.5,20.8514347076416
2013-02-04,31.75,76.75,13.545280456542969
2013-02-04,31.75,77.0,21.403915405273438
2013-02-04,31.75,77.25,13.801003456115723
2013-02-04,31.75,77.5,15.234137535095215
2013-02-04,32.0,76.5,23.846099853515625
2013-02-04,32.0,76.75,22.984745025634766
2013-02-04,32.0,77.0,16.458356857299805
2013-02-04,32.0,77.25,11.320929527282715
2013-02-04,32.0,77.5,13.97303295135498
2013-02-05,31.5,76.5,16.072860717773438
2013-02-05,31.5,76.75,13.184290885925293
2013-02-05,31.5,77.0,28.75691032409668
2013-02-05,31.5,77.25,24.119836807250977
2013-02-05,31.5,77.5,27.745370864868164
2013-02-05,31.75,76.5,22.892980575561523
2013-02-05,31.75,76.75,14.587910652160645
2013-02-05,31.75,77.0,27.254796981811523
2013-02-05,31.75,77.25,21.4871883392334
2013-02-05,31.75,77.5,23.708683013916016
2013-02-05,32.0,76.5,18.89849090576172
2013-02-05,32.0,76.75,17.60816764831543
2013-02-05,32.0,77.0,20.799850463867188
2013-02-05,32.0,77.25,13.206035614013672
2013-02-05,32.0,77.5,19.218704223632812
2013-02-06,31.5,76.5,41.26703643798828
2013-02-06,31.5,76.75,70.2977066040039
2013-02-06,31.5,77.0,33.95893096923828
2013-02-06,31.5,77.25,45.403175354003906
2013-02-06,31.5,77.5,47.673667907714844
2013-02-06,31.75,76.5,32.9550666809082
2013-02-06,31.75,76.75,37.98250961303711
2013-02-06,31.75,77.0,51.60947036743164
2013-02-06,31.75,77.25,51.634525299072266
2013-02-06,31.75,77.5,55.077972412109375
2013-02-06,32.0,76.5,41.86311340332031
2013-02-06,32.0,76.75,45.28547668457031
2013-02-06,32.0,77.0,55.154327392578125
2013-02-06,32.0,77.25,62.2618522644043
2013-02-06,32.0,77.5,55.535675048828125
2013-02-07,31.5,76.5,1.0443198680877686
2013-02-07,31.5,76.75,2.6726791858673096
2013-02-07,31.5,77.0,16.476879119873047
2013-02-07,31.5,77.25,22.223140716552734
2013-02-07,31.5,77.5,27.07320785522461
2013-02-07,31.75,76.5,1.1016215085983276
2013-02-07,31.75,76.75,9.188904762268066
2013-02-07,31.75,77.0,17.63517189025879
2013-02-07,31.75,77.25,18.704055786132812
2013-02-07,31.75,77.5,18.616512298583984
2013-02-07,32.0,76.5,2.608772039413452
2013-02-07,32.0,76.75,7.527880668640137
2013-02-07,32.0,77.0,11.44900131225586
2013-02-07,32.0,77.25,4.451798439025879
2013-02-07,32.0,77.5,12.180413246154785
2013-02-08,31.5,76.5,0.0
2013-02-08,31.5,76.75,0.0
2013-02-08,31.5,77.0,0.0
2013-02-08,31.5,77.25,0.0
2013-02-08,31.5,77.5,0.0
2013-02-08,31.75,76.5,0.0
2013-02-08,31.75,76.75,0.0
2013-02-08,31.75,77.0,0.0
2013-02-08,31.75,77.25,0.0
2013-02-08,31.75,77.5,0.0
2013-02-08,32.0,76.5,0.0
2013-02-08,32.0,76.75,0.0
2013-02-08,32.0,77.0,0.0
2013-02-08,32.0,77.25,0.0
2013-02-08,32.0,77.5,0.0
2013-02-09,31.5,76.5,0.0
2013-02-09,31.5,76.75,0.0
2013-02-09,31.5,77.0,0.0
2013-02-09,31.5,77.25,0.0
2013-02-09,31.5,77.5,0.0
2013-02-09,31.75,76.5,0.0
2013-02-09,31.75,76.75,0.0
2013-02-09,31.75,77.0,0.0
2013-02-09,31.75,77.25,0.0
2013-02-09,31.75,77.5,0.0
2013-02-09,32.0,76.5,0.0
2013-02-09,32.0,76.75,0.0
2013-02-09,32.0,77.0,0.0
2013-02-09,32.0,77.25,0.0
2013-02-09,32.0,77.5,0.0
2013-02-10,31.5,76.5,0.0
2013-02-10,31.5,76.75,0.0
2013-02-10,31.5,77.0,0.0
2013-02-10,31.5,77.25,0.0
2013-02-10,31.5,77.5,0.0
2013-02-10,31.75,76.5,0.0
2013-02-10,31.75,76.75,0.0
2013-02-10,31.75,77.0,0.0
2013-02-10,31.75,77.25,0.0
2013-02-10,31.75,77.5,0.0
2013-02-10,32.0,76.5,0.0
2013-02-10,32.0,76.75,0.0
2013-02-10,32.0,77.0,0.0
2013-02-10,32.0,77.25,0.0
2013-02-10,32.0,77.5,0.0
2013-02-11,31.5,76.5,0.0
2013-02-11,31.5,76.75,0.0
2013-02-11,31.5,77.0,0.0
2013-02-11,31.5,77.25,0.0
2013-02-11,31.5,77.5,0.0
2013-02-11,31.75,76.5,0.0
2013-02-11,31.75,76.75,0.0
2013-02-11,31.75,77.0,0.0
2013-02-11,31.75,77.25,0.0
2013-02-11,31.75,77.5,0.0
2013-02-11,32.0,76.5,0.0
2013-02-11,32.0,76.75,0.0
2013-02-11,32.0,77.0,0.0
2013-02-11,32.0,77.25,0.0
2013-02-11,32.0,77.5,0.0
2013-02-12,31.5,76.5,0.0
2013-02-12,31.5,76.75,0.0
2013-02-12,31.5,77.0,0.0
2013-02-12,31.5,77.25,0.0
2013-02-12,31.5,77.5,0.0
2013-02-12,31.75,76.5,0.0
2013-02-12,31.75,76.75,0.0
2013-02-12,31.75,77.0,0.0
2013-02-12,31.75,77.25,0.0
2013-02-12,31.75,77.5,0.0
2013-02-12,32.0,76.5,0.0
2013-02-12,32.0,76.75,0.0
2013-02-12,32.0,77.0,0.0
2013-02-12,32.0,77.25,0.0
2013-02-12,32.0,77.5,0.0
2013-02-13,31.5,76.5,0.0
2013-02-13,31.5,76.75,0.0
2013-02-13,31.5,77.0,0.0
2013-02-13,31.5,77.25,0.0
2013-02-13,31.5,77.5,0.0
2013-02-13,31.75,76.5,0.0
2013-02-13,31.75,76.75,0.0
2013-02-13,31.75,77.0,0.0
2013-02-13,31.75,77.25,0.0
2013-02-13,31.75,77.5,0.0
2013-02-13,32.0,76.5,0.0
2013-02-13,32.0,76.75,0.0
2013-02-13,32.0,77.0,0.0
2013-02-13,32.0,77.25,0.0
2013-02-13,32.0,77.5,0.0
2013-02-14,31.5,76.5,0.0
2013-02-14,31.5,76.75,0.0
2013-02-14,31.5,77.0,0.0
2013-02-14,31.5,77.25,0.0
2013-02-14,31.5,77.5,0.0
2013-02-14,31.75,76.5,0.0
2013-02-14,31.75,76.75,0.0
2013-02-14,31.75,77.0,0.0
2013-02-14,31.75,77.25,0.0
2013-02-14,31.75,77.5,0.0
2013-02-14,32.0,76.5,0.0
2013-02-14,32.0,76.75,0.0
2013-02-14,32.0,77.0,0.0
2013-02-14,32.0,77.25,0.0
2013-02-14,32.0,77.5,0.0
2013-02-15,31.5,76.5,0.0
2013-02-15,31.5,76.75,0.0
2013-02-15,31.5,77.0,0.0
2013-02-15,31.5,77.25,0.0
2013-02-15,31.5,77.5,0.0
2013-02-15,31.75,76.5,0.0
2013-02-15,31.75,76.75,0.0
2013-02-15,31.75,77.0,0.0
2013-02-15,31.75,77.25,0.0
2013-02-15,31.75,77.5,0.0
2013-02-15,32.0,76.5,0.0
2013-02-15,32.0,76.75,0.0
2013-02-15,32.0,77.0,0.6396892070770264
2013-02-15,32.0,77.25,0.2798680067062378
2013-02-15,32.0,77.5,0.36808010935783386
2013-02-16,31.5,76.5,6.056163787841797
2013-02-16,31.5,76.75,4.8337788581848145
2013-02-16,31.5,77.0,5.708700656890869
2013-02-16,31.5,77.25,10.080978393554688
2013-02-16,31.5,77.5,17.140575408935547
2013-02-16,31.75,76.5,6.803419589996338
2013-02-16,31.75,76.75,6.495858192443848
2013-02-16,31.75,77.0,6.997402191162109
2013-02-16,31.75,77.25,9.449132919311523
2013-02-16,31.75,77.5,11.222884178161621
2013-02-16,32.0,76.5,4.608771800994873
2013-02-16,32.0,76.75,6.211613178253174
2013-02-16,32.0,77.0,11.255059242248535
2013-02-16,32.0,77.25,8.789255142211914
2013-02-16,32.0,77.5,10.489279747009277
2013-02-17,31.5,76.5,7.485895156860352
2013-02-17,31.5,76.75,5.145233154296875
2013-02-17,31.5,77.0,6.56226921081543
2013-02-17,31.5,77.25,7.331828594207764
2013-02-17,31.5,77.5,11.458898544311523
2013-02-17,31.75,76.5,7.415383815765381
2013-02-17,31.75,76.75,6.338718414306641
2013-02-17,31.75,77.0,5.55607271194458
2013-02-17,31.75,77.25,7.224188804626465
2013-02-17,31.75,77.5,8.369400978088379
2013-02-17,32.0,76.5,5.664307594299316
2013-02-17,32.0,76.75,4.656599044799805
2013-02-17,32.0,77.0,9.892999649047852
2013-02-17,32.0,77.25,9.516748428344727
2013-02-17,32.0,77.5,9.213265419006348
2013-02-18,31.5,76.5,3.845569610595703
2013-02-18,31.5,76.75,8.520776748657227
2013-02-18,31.5,77.0,6.223122596740723
2013-02-18,31.5,77.25,0.8197761178016663
2013-02-18,31.5,77.5,0.0
2013-02-18,31.75,76.5,0.8321095705032349
2013-02-18,31.75,76.75,6.775876998901367
2013-02-18,31.75,77.0,1.4592679738998413
2013-02-18,31.75,77.25,0.2579483389854431
2013-02-18,31.75,77.5,0.35287079215049744
2013-02-18,32.0,76.5,1.460733413696289
2013-02-18,32.0,76.75,2.576382875442505
2013-02-18,32.0,77.0,0.8329400420188904
2013-02-18,32.0,77.25,0.9423952698707581
2013-02-18,32.0,77.5,0.6417189240455627
2013-02-19,31.5,76.5,0.0
2013-02-19,31.5,76.75,0.0
2013-02-19,31.5,77.0,0.0
2013-02-19,31.5,77.25,0.0
2013-02-19,31.5,77.5,0.0
2013-02-19,31.75,76.5,0.0
2013-02-19,31.75,76.75,0.0
2013-02-19,31.75,77.0,0.0
2013-02-19,31.75,77.25,0.0
2013-02-19,31.75,77.5,0.0
2013-02-19,32.0,76.5,0.3077641427516937
2013-02-19,32.0,76.75,0.0
2013-02-19,32.0,77.0,0.0
2013-02-19,32.0,77.25,0.0
2013-02-19,32.0,77.5,0.0
2013-02-20,31.5,76.5,0.0
2013-02-20,31.5,76.75,0.0
2013-02-20,31.5,77.0,0.0
2013-02-20,31.5,77.25,0.0
2013-02-20,31.5,77.5,0.0
2013-02-20,31.75,76.5,0.0
2013-02-20,31.75,76.75,0.0
2013-02-20,31.75,77.0,0.0
2013-02-20,31.75,77.25,0.0
2013-02-20,31.75,77.5,0.0
2013-02-20,32.0,76.5,0.0
2013-02-20,32.0,76.75,0.0
2013-02-20,32.0,77.0,0.0
2013-02-20,32.0,77.25,0.0
2013-02-20,32.0,77.5,0.0
2013-02-21,31.5,76.5,0.0
2013-02-21,31.5,76.75,0.0
2013-02-21,31.5,77.0,0.0
2013-02-21,31.5,77.25,0.0
2013-02-21,31.5,77.5,0.0
2013-02-21,31.75,76.5,0.0
2013-02-21,31.75,76.75,0.0
2013-02-21,31.75,77.0,0.0
2013-02-21,31.75,77.25,0.0
2013-02-21,31.75,77.5,0.0
2013-02-21,32.0,76.5,0.0
2013-02-21,32.0,76.75,0.0
2013-02-21,32.0,77.0,0.0
2013-02-21,32.0,77.25,0.0
2013-02-21,32.0,77.5,0.0
2013-02-22,31.5,76.5,0.45757153630256653
2013-02-22,31.5,76.75,0.5687885284423828
2013-02-22,31.5,77.0,0.23009921610355377
2013-02-22,31.5,77.25,1.4358915090560913
2013-02-22,31.5,77.5,4.258227825164795
2013-02-22,31.75,76.5,0.5508107542991638
2013-02-22,31.75,76.75,0.14053088426589966
2013-02-22,31.75,77.0,0.9786823391914368
2013-02-22,31.75,77.25,0.9848634004592896
2013-02-22,31.75,77.5,1.2834537029266357
2013-02-22,32.0,76.5,1.3263691663742065
2013-02-22,32.0,76.75,1.4830206632614136
2013-02-22,32.0,77.0,3.2813258171081543
2013-02-22,32.0,77.25,1.3588600158691406
2013-02-22,32.0,77.5,2.1805968284606934
2013-02-23,31.5,76.5,12.823701858520508
2013-02-23,31.5,76.75,12.918533325195312
2013-02-23,31.5,77.0,17.63465118408203
2013-02-23,31.5,77.25,12.95748233795166
2013-02-23,31.5,77.5,14.212271690368652
2013-02-23,31.75,76.5,13.661150932312012
2013-02-23,31.75,76.75,11.162149429321289
2013-02-23,31.75,77.0,15.804811477661133
2013-02-23,31.75,77.25,12.756664276123047
2013-02-23,31.75,77.5,14.317682266235352
2013-02-23,32.0,76.5,13.136460304260254
2013-02-23,32.0,76.75,12.448249816894531
2013-02-23,32.0,77.0,17.33641242980957
2013-02-23,32.0,77.25,13.88679313659668
2013-02-23,32.0,77.5,15.064512252807617
2013-02-24,31.5,76.5,12.674721717834473
2013-02-24,31.5,76.75,10.721134185791016
2013-02-24,31.5,77.0,7.787893772125244
2013-02-24,31.5,77.25,14.119084358215332
2013-02-24,31.5,77.5,20.840137481689453
2013-02-24,31.75,76.5,12.669103622436523
2013-02-24,31.75,76.75,8.02250862121582
2013-02-24,31.75,77.0,10.117277145385742
2013-02-24,31.75,77.25,14.583147048950195
2013-02-24,31.75,77.5,15.725762367248535
2013-02-24,32.0,76.5,16.49960708618164
2013-02-24,32.0,76.75,10.765563011169434
2013-02-24,32.0,77.0,16.91591453552246
2013-02-24,32.0,77.25,17.44428253173828
2013-02-24,32.0,77.5,16.95897102355957
2013-02-25,31.5,76.5,0.0
2013-02-25,31.5,76.75,0.0
2013-02-25,31.5,77.0,0.0
2013-02-25,31.5,77.25,0.0
2013-02-25,31.5,77.5,0.0
2013-02-25,31.75,76.5,0.0
2013-02-25,31.75,76.75,0.0
2013-02-25,31.75,77.0,0.0
2013-02-25,31.75,77.25,0.0
2013-02-25,31.75,77.5,0.0
2013-02-25,32.0,76.5,0.0
2013-02-25,32.0,76.75,0.0
2013-02-25,32.0,77.0,0.0
2013-02-25,32.0,77.25,0.0
2013-02-25,32.0,77.5,0.0
2013-02-26,31.5,76.5,0.0
2013-02-26,31.5,76.75,0.0
2013-02-26,31.5,77.0,0.0
2013-02-26,31.5,77.25,0.0
2013-02-26,31.5,77.5,0.0
2013-02-26,31.75,76.5,0.0
2013-02-26,31.75,76.75,0.0
2013-02-26,31.75,77.0,0.0
2013-02-26,31.75,77.25,0.0
2013-02-26,31.75,77.5,0.0
2013-02-26,32.0,76.5,0.0
2013-02-26,32.0,76.75,0.0
2013-02-26,32.0,77.0,0.0
2013-02-26,32.0,77.25,0.0
2013-02-26,32.0,77.5,0.0
2013-02-27,31.5,76.5,10.900712013244629
2013-02-27,31.5,76.75,7.539017677307129
2013-02-27,31.5,77.0,4.664785385131836
2013-02-27,31.5,77.25,5.15097713470459
2013-02-27,31.5,77.5,5.602887153625488
2013-02-27,31.75,76.5,14.256253242492676
2013-02-27,31.75,76.75,9.628985404968262
2013-02-27,31.75,77.0,2.6794731616973877
2013-02-27,31.75,77.25,5.466400623321533
2013-02-27,31.75,77.5,5.47717809677124
2013-02-27,32.0,76.5,11.93301773071289
2013-02-27,32.0,76.75,10.407044410705566
2013-02-27,32.0,77.0,5.341836929321289
2013-02-27,32.0,77.25,8.368366241455078
2013-02-27,32.0,77.5,6.440958023071289
2013-02-28,31.5,76.5,8.416092872619629
2013-02-28,31.5,76.75,13.292082786560059
2013-02-28,31.5,77.0,6.426729202270508
2013-02-28,31.5,77.25,2.6688625812530518
2013-02-28,31.5,77.5,3.296964406967163
2013-02-28,31.75,76.5,6.448019027709961
2013-02-28,31.75,76.75,11.281778335571289
2013-02-28,31.75,77.0,3.504516124725342
2013-02-28,31.75,77.25,3.180885076522827
2013-02-28,31.75,77.5,3.435436487197876
2013-02-28,32.0,76.5,12.00699520111084
2013-02-28,32.0,76.75,12.127654075622559
2013-02-28,32.0,77.0,11.317625045776367
2013-02-28,32.0,77.25,9.411460876464844
2013-02-28,32.0,77.5,8.463781356811523
2013-03-01,31.5,76.5,0.0
2013-03-01,31.5,76.75,0.0
2013-03-01,31.5,77.0,0.0
2013-03-01,31.5,77.25,0.0
2013-03-01,31.5,77.5,0.0
2013-03-01,31.75,76.5,0.0
2013-03-01,31.75,76.75,0.0
2013-03-01,31.75,77.0,0.0
2013-03-01,31.75,77.25,0.0
2013-03-01,31.75,77.5,0.0
2013-03-01,32.0,76.5,0.0
2013-03-01,32.0,76.75,0.0
2013-03-01,32.0,77.0,0.0
2013-03-01,32.0,77.25,0.0
2013-03-01,32.0,77.5,0.0
2013-03-02,31.5,76.5,0.0
2013-03-02,31.5,76.75,0.0
2013-03-02,31.5,77.0,0.0
2013-03-02,31.5,77.25,0.0
2013-03-02,31.5,77.5,0.0
2013-03-02,31.75,76.5,0.0
2013-03-02,31.75,76.75,0.0
2013-03-02,31.75,77.0,0.0
2013-03-02,31.75,77.25,0.0
2013-03-02,31.75,77.5,0.0
2013-03-02,32.0,76.5,0.0
2013-03-02,32.0,76.75,0.0
2013-03-02,32.0,77.0,0.0
2013-03-02,32.0,77.25,0.0
2013-03-02,32.0,77.5,0.0
2013-03-03,31.5,76.5,0.0
2013-03-03,31.5,76.75,0.0
2013-03-03,31.5,77.0,0.0
2013-03-03,31.5,77.25,0.0
2013-03-03,31.5,77.5,0.0
2013-03-03,31.75,76.5,0.0
2013-03-03,31.75,76.75,0.0
2013-03-03,31.75,77.0,0.0
2013-03-03,31.75,77.25,0.0
2013-03-03,31.75,77.5,0.0
2013-03-03,32.0,76.5,0.0
2013-03-03,32.0,76.75,0.0
2013-03-03,32.0,77.0,0.0
2013-03-03,32.0,77.25,0.0
2013-03-03,32.0,77.5,0.0
2013-03-04,31.5,76.5,0.0
2013-03-04,31.5,76.75,0.0
2013-03-04,31.5,77.0,0.0
2013-03-04,31.5,77.25,0.0
2013-03-04,31.5,77.5,0.0
2013-03-04,31.75,76.5,0.0
2013-03-04,31.75,76.75,0.0
2013-03-04,31.75,77.0,0.0
2013-03-04,31.75,77.25,0.0
2013-03-04,31.75,77.5,0.0
2013-03-04,32.0,76.5,0.0
2013-03-04,32.0,76.75,0.0
2013-03-04,32.0,77.0,0.0
2013-03-04,32.0,77.25,0.0
2013-03-04,32.0,77.5,0.0
2013-03-05,31.5,76.5,0.0
2013-03-05,31.5,76.75,0.0
2013-03-05,31.5,77.0,0.0
2013-03-05,31.5,77.25,0.0
2013-03-05,31.5,77.5,0.0
2013-03-05,31.75,76.5,0.0
2013-03-05,31.75,76.75,0.0
2013-03-05,31.75,77.0,0.0
2013-03-05,31.75,77.25,0.0
2013-03-05,31.75,77.5,0.0
2013-03-05,32.0,76.5,0.0
2013-03-05,32.0,76.75,0.0
2013-03-05,32.0,77.0,0.0
2013-03-05,32.0,77.25,0.0
2013-03-05,32.0,77.5,0.0
2013-03-06,31.5,76.5,0.0
2013-03-06,31.5,76.75,0.0
2013-03-06,31.5,77.0,0.0
2013-03-06,31.5,77.25,0.0
2013-03-06,31.5,77.5,0.0
2013-03-06,31.75,76.5,0.0
2013-03-06,31.75,76.75,0.0
2013-03-06,31.75,77.0,0.0
2013-03-06,31.75,77.25,0.0
2013-03-06,31.75,77.5,0.0
2013-03-06,32.0,76.5,0.0
2013-03-06,32.0,76.75,0.0
2013-03-06,32.0,77.0,0.0
2013-03-06,32.0,77.25,0.0
2013-03-06,32.0,77.5,0.0
2013-03-07,31.5,76.5,0.0
2013-03-07,31.5,76.75,0.0
2013-03-07,31.5,77.0,0.0
2013-03-07,31.5,77.25,0.0
2013-03-07,31.5,77.5,0.0
2013-03-07,31.75,76.5,0.0
2013-03-07,31.75,76.75,0.0
2013-03-07,31.75,77.0,0.0
2013-03-07,31.75,77.25,0.0
2013-03-07,31.75,77.5,0.0
2013-03-07,32.0,76.5,0.0
2013-03-07,32.0,76.75,0.0
2013-03-07,32.0,77.0,0.0
2013-03-07,32.0,77.25,0.0
2013-03-07,32.0,77.5,0.0
2013-03-08,31.5,76.5,0.0
2013-03-08,31.5,76.75,0.0
2013-03-08,31.5,77.0,0.0
2013-03-08,31.5,77.25,0.0
2013-03-08,31.5,77.5,0.0
2013-03-08,31.75,76.5,0.0
2013-03-08,31.75,76.75,0.0
2013-03-08,31.75,77.0,0.0
2013-03-08,31.75,77.25,0.0
2013-03-08,31.75,77.5,0.0
2013-03-08,32.0,76.5,0.0
2013-03-08,32.0,76.75,0.0
2013-03-08,32.0,77.0,0.0
2013-03-08,32.0,77.25,0.0
2013-03-08,32.0,77.5,0.0
2013-03-09,31.5,76.5,0.0
2013-03-09,31.5,76.75,0.0
2013-03-09,31.5,77.0,0.0
2013-03-09,31.5,77.25,0.34497588872909546
2013-03-09,31.5,77.5,0.2285931557416916
2013-03-09,31.75,76.5,0.0
2013-03-09,31.75,76.75,0.0
2013-03-09,31.75,77.0,0.0
2013-03-09,31.75,77.25,0.27150455117225647
2013-03-09,31.75,77.5,0.1705348938703537
2013-03-09,32.0,76.5,0.0
2013-03-09,32.0,76.75,0.0
2013-03-09,32.0,77.0,0.0
2013-03-09,32.0,77.25,0.0
2013-03-09,32.0,77.5,0.10858701914548874
2013-03-10,31.5,76.5,0.0
2013-03-10,31.5,76.75,0.0
2013-03-10,31.5,77.0,0.0
2013-03-10,31.5,77.25,0.5174638032913208
2013-03-10,31.5,77.5,0.3428897261619568
2013-03-10,31.75,76.5,0.0
2013-03-10,31.75,76.75,0.0
2013-03-10,31.75,77.0,0.0
2013-03-10,31.75,77.25,0.4072568416595459
2013-03-10,31.75,77.5,0.25580236315727234
2013-03-10,32.0,76.5,0.0
2013-03-10,32.0,76.75,0.0
2013-03-10,32.0,77.0,0.0
2013-03-10,32.0,77.25,0.0
2013-03-10,32.0,77.5,0.162880539894104
2013-03-11,31.5,76.5,0.0
2013-03-11,31.5,76.75,0.0
2013-03-11,31.5,77.0,0.0
2013-03-11,31.5,77.25,0.5174638032913208
2013-03-11,31.5,77.5,0.3428897261619568
2013-03-11,31.75,76.5,0.0
2013-03-11,31.75,76.75,0.0
2013-03-11,31.75,77.0,0.14912189543247223
2013-03-11,31.75,77.25,0.43159249424934387
2013-03-11,31.75,77.5,0.3032090961933136
2013-03-11,32.0,76.5,0.0
2013-03-11,32.0,76.75,0.0
2013-03-11,32.0,77.0,0.5418681502342224
2013-03-11,32.0,77.25,0.2381509244441986
2013-03-11,32.0,77.5,0.4699234068393707
2013-03-12,31.5,76.5,0.0
2013-03-12,31.5,76.75,0.0
2013-03-12,31.5,77.0,0.0
2013-03-12,31.5,77.25,0.0
2013-03-12,31.5,77.5,0.0
2013-03-12,31.75,76.5,0.0
2013-03-12,31.75,76.75,0.0
2013-03-12,31.75,77.0,0.0
2013-03-12,31.75,77.25,0.0
2013-03-12,31.75,77.5,0.0
2013-03-12,32.0,76.5,0.0
2013-03-12,32.0,76.75,0.0
2013-03-12,32.0,77.0,0.0
2013-03-12,32.0,77.25,0.0
2013-03-12,32.0,77.5,0.0
2013-03-13,31.5,76.5,0.0
2013-03-13,31.5,76.75,0.0
2013-03-13,31.5,77.0,0.0
2013-03-13,31.5,77.25,0.0
2013-03-13,31.5,77.5,0.0
2013-03-13,31.75,76.5,0.0
2013-03-13,31.75,76.75,0.0
2013-03-13,31.75,77.0,0.0
2013-03-13,31.75,77.25,0.0
2013-03-13,31.75,77.5,0.0
2013-03-13,32.0,76.5,0.0
2013-03-13,32.0,76.75,0.0
2013-03-13,32.0,77.0,0.0
2013-03-13,32.0,77.25,0.0
2013-03-13,32.0,77.5,0.0
2013-03-14,31.5,76.5,10.671722412109375
2013-03-14,31.5,76.75,17.621395111083984
2013-03-14,31.5,77.0,7.735445022583008
2013-03-14,31.5,77.25,8.393128395080566
2013-03-14,31.5,77.5,5.347326755523682
2013-03-14,31.75,76.5,2.8151347637176514
2013-03-14,31.75,76.75,12.260994911193848
2013-03-14,31.75,77.0,4.062263011932373
2013-03-14,31.75,77.25,7.821266174316406
2013-03-14,31.75,77.5,6.744844436645508
2013-03-14,32.0,76.5,5.475446701049805
2013-03-14,32.0,76.75,5.20938777923584
2013-03-14,32.0,77.0,6.591335296630859
2013-03-14,32.0,77.25,9.1959228515625
2013-03-14,32.0,77.5,7.982036590576172
2013-03-15,31.5,76.5,6.271600723266602
2013-03-15,31.5,76.75,14.435107231140137
2013-03-15,31.5,77.0,25.907150268554688
2013-03-15,31.5,77.25,48.88193130493164
2013-03-15,31.5,77.5,46.820404052734375
2013-03-15,31.75,76.5,2.065540313720703
2013-03-15,31.75,76.75,8.753426551818848
2013-03-15,31.75,77.0,34.474029541015625
2013-03-15,31.75,77.25,42.923622131347656
2013-03-15,31.75,77.5,38.031578063964844
2013-03-15,32.0,76.5,4.699095249176025
2013-03-15,32.0,76.75,12.443140983581543
2013-03-15,32.0,77.0,29.558469772338867
2013-03-15,32.0,77.25,16.35032844543457
2013-03-15,32.0,77.5,31.701419830322266
2013-03-16,31.5,76.5,0.0
2013-03-16,31.5,76.75,0.0
2013-03-16,31.5,77.0,0.10240497440099716
2013-03-16,31.5,77.25,2.069855213165283
2013-03-16,31.5,77.5,1.7777740955352783
2013-03-16,31.75,76.5,0.0
2013-03-16,31.75,76.75,0.0
2013-03-16,31.75,77.0,0.9367068409919739
2013-03-16,31.75,77.25,1.7872092723846436
2013-03-16,31.75,77.5,1.3313533067703247
2013-03-16,32.0,76.5,0.0
2013-03-16,32.0,76.75,0.16210728883743286
2013-03-16,32.0,77.0,0.4729578495025635
2013-03-16,32.0,77.25,0.1717923879623413
2013-03-16,32.0,77.5,0.892785370349884
2013-03-17,31.5,76.5,0.0
2013-03-17,31.5,76.75,0.0
2013-03-17,31.5,77.0,0.0
2013-03-17,31.5,77.25,0.6899517774581909
2013-03-17,31.5,77.5,0.4571863114833832
2013-03-17,31.75,76.5,0.0
2013-03-17,31.75,76.75,0.0
2013-03-17,31.75,77.0,1.8545631170272827
2013-03-17,31.75,77.25,0.8715407848358154
2013-03-17,31.75,77.5,0.9810609817504883
2013-03-17,32.0,76.5,0.0
2013-03-17,32.0,76.75,0.33668437600135803
2013-03-17,32.0,77.0,2.0910916328430176
2013-03-17,32.0,77.25,0.7243133187294006
2013-03-17,32.0,77.5,1.3562648296356201
2013-03-18,31.5,76.5,0.0
2013-03-18,31.5,76.75,0.0
2013-03-18,31.5,77.0,0.0
2013-03-18,31.5,77.25,0.0
2013-03-18,31.5,77.5,0.0
2013-03-18,31.75,76.5,0.0
2013-03-18,31.75,76.75,0.0
2013-03-18,31.75,77.0,0.0
2013-03-18,31.75,77.25,0.0
2013-03-18,31.75,77.5,0.0
2013-03-18,32.0,76.5,0.0
2013-03-18,32.0,76.75,0.0
2013-03-18,32.0,77.0,0.0
2013-03-18,32.0,77.25,0.0
2013-03-18,32.0,77.5,0.0
2013-03-19,31.5,76.5,0.0
2013-03-19,31.5,76.75,0.0
2013-03-19,31.5,77.0,0.0
2013-03-19,31.5,77.25,0.0
2013-03-19,31.5,77.5,0.0
2013-03-19,31.75,76.5,0.0
2013-03-19,31.75,76.75,0.0
2013-03-19,31.75,77.0,0.0
2013-03-19,31.75,77.25,0.0
2013-03-19,31.75,77.5,0.0
2013-03-19,32.0,76.5,0.0
2013-03-19,32.0,76.75,0.0
2013-03-19,32.0,77.0,0.0
2013-03-19,32.0,77.25,0.0
2013-03-19,32.0,77.5,0.0
2013-03-20,31.5,76.5,0.0
2013-03-20,31.5,76.75,0.0
2013-03-20,31.5,77.0,0.0
2013-03-20,31.5,77.25,0.0
2013-03-20,31.5,77.5,0.0
2013-03-20,31.75,76.5,0.0
2013-03-20,31.75,76.75,0.0
2013-03-20,31.75,77.0,0.0
2013-03-20,31.75,77.25,0.0
2013-03-20,31.75,77.5,0.0
2013-03-20,32.0,76.5,0.0
2013-03-20,32.0,76.75,0.0
2013-03-20,32.0,77.0,0.0
2013-03-20,32.0,77.25,0.0
2013-03-20,32.0,77.5,0.0
2013-03-21,31.5,76.5,0.0
2013-03-21,31.5,76.75,0.0
2013-03-21,31.5,77.0,0.0
2013-03-21,31.5,77.25,0.0
2013-03-21,31.5,77.5,0.0
2013-03-21,31.75,76.5,0.0
2013-03-21,31.75,76.75,0.0
2013-03-21,31.75,77.0,0.0
2013-03-21,31.75,77.25,0.0
2013-03-21,31.75,77.5,0.0
2013-03-21,32.0,76.5,0.0
2013-03-21,32.0,76.75,0.0
2013-03-21,32.0,77.0,0.0
2013-03-21,32.0,77.25,0.0
2013-03-21,32.0,77.5,0.0
2013-03-22,31.5,76.5,0.0
2013-03-22,31.5,76.75,0.0
2013-03-22,31.5,77.0,0.0
2013-03-22,31.5,77.25,0.0
2013-03-22,31.5,77.5,0.0
2013-03-22,31.75,76.5,0.0
2013-03-22,31.75,76.75,0.0
2013-03-22,31.75,77.0,0.0
2013-03-22,31.75,77.25,0.0
2013-03-22,31.75,77.5,0.0
2013-03-22,32.0,76.5,0.0
2013-03-22,32.0,76.75,0.0
2013-03-22,32.0,77.0,0.0
2013-03-22,32.0,77.25,0.0
2013-03-22,32.0,77.5,0.0
2013-03-23,31.5,76.5,0.0
2013-03-23,31.5,76.75,0.0
2013-03-23,31.5,77.0,0.0
2013-03-23,31.5,77.25,0.0
2013-03-23,31.5,77.5,0.0
2013-03-23,31.75,76.5,0.0
2013-03-23,31.75,76.75,0.0
2013-03-23,31.75,77.0,0.0
2013-03-23,31.75,77.25,0.0
2013-03-23,31.75,77.5,0.0
2013-03-23,32.0,76.5,0.0
2013-03-23,32.0,76.75,0.0
2013-03-23,32.0,77.0,0.0
2013-03-23,32.0,77.25,0.0
2013-03-23,32.0,77.5,0.0
2013-03-24,31.5,76.5,24.688451766967773
2013-03-24,31.5,76.75,25.565765380859375
2013-03-24,31.5,77.0,10.543070793151855
2013-03-24,31.5,77.25,17.403533935546875
2013-03-24,31.5,77.5,12.7855224609375
2013-03-24,31.75,76.5,28.213579177856445
2013-03-24,31.75,76.75,16.227548599243164
2013-03-24,31.75,77.0,25.793813705444336
2013-03-24,31.75,77.25,22.108322143554688
2013-03-24,31.75,77.5,23.14838218688965
2013-03-24,32.0,76.5,35.86577224731445
2013-03-24,32.0,76.75,32.05516052246094
2013-03-24,32.0,77.0,32.165626525878906
2013-03-24,32.0,77.25,30.831409454345703
2013-03-24,32.0,77.5,28.441843032836914
2013-03-25,31.5,76.5,24.879741668701172
2013-03-25,31.5,76.75,20.553543090820312
2013-03-25,31.5,77.0,2.7166030406951904
2013-03-25,31.5,77.25,14.094542503356934
2013-03-25,31.5,77.5,15.516098022460938
2013-03-25,31.75,76.5,32.29286575317383
2013-03-25,31.75,76.75,15.732693672180176
2013-03-25,31.75,77.0,9.701313972473145
2013-03-25,31.75,77.25,14.276083946228027
2013-03-25,31.75,77.5,13.61017894744873
2013-03-25,32.0,76.5,30.06175422668457
2013-03-25,32.0,76.75,20.897308349609375
2013-03-25,32.0,77.0,20.314159393310547
2013-03-25,32.0,77.25,17.657611846923828
2013-03-25,32.0,77.5,18.58165168762207
2013-03-26,31.5,76.5,0.0
2013-03-26,31.5,76.75,0.0
2013-03-26,31.5,77.0,0.0
2013-03-26,31.5,77.25,0.0
2013-03-26,31.5,77.5,0.0
2013-03-26,31.75,76.5,0.0
2013-03-26,31.75,76.75,0.0
2013-03-26,31.75,77.0,0.0
2013-03-26,31.75,77.25,0.0
2013-03-26,31.75,77.5,0.0
2013-03-26,32.0,76.5,0.0
2013-03-26,32.0,76.75,0.0
2013-03-26,32.0,77.0,0.0
2013-03-26,32.0,77.25,0.0
2013-03-26,32.0,77.5,0.0
2013-03-27,31.5,76.5,0.0
2013-03-27,31.5,76.75,0.0
2013-03-27,31.5,77.0,0.0
2013-03-27,31.5,77.25,0.0
2013-03-27,31.5,77.5,0.0
2013-03-27,31.75,76.5,0.0
2013-03-27,31.75,76.75,0.0
2013-03-27,31.75,77.0,0.0
2013-03-27,31.75,77.25,0.0
2013-03-27,31.75,77.5,0.0
2013-03-27,32.0,76.5,0.0
2013-03-27,32.0,76.75,0.0
2013-03-27,32.0,77.0,0.0
2013-03-27,32.0,77.25,0.0
2013-03-27,32.0,77.5,0.0
2013-03-28,31.5,76.5,0.0
2013-03-28,31.5,76.75,0.0
2013-03-28,31.5,77.0,0.0
2013-03-28,31.5,77.25,0.0
2013-03-28,31.5,77.5,0.0
2013-03-28,31.75,76.5,0.0
2013-03-28,31.75,76.75,0.0
2013-03-28,31.75,77.0,0.0
2013-03-28,31.75,77.25,0.0
2013-03-28,31.75,77.5,0.0
2013-03-28,32.0,76.5,0.0
2013-03-28,32.0,76.75,0.0
2013-03-28,32.0,77.0,0.0
2013-03-28,32.0,77.25,0.0
2013-03-28,32.0,77.5,0.0
2013-03-29,31.5,76.5,2.059163808822632
2013-03-29,31.5,76.75,5.070969104766846
2013-03-29,31.5,77.0,5.1599345207214355
2013-03-29,31.5,77.25,16.336727142333984
2013-03-29,31.5,77.5,11.91722297668457
2013-03-29,31.75,76.5,3.3048644065856934
2013-03-29,31.75,76.75,8.390213966369629
2013-03-29,31.75,77.0,11.315585136413574
2013-03-29,31.75,77.25,14.978758811950684
2013-03-29,31.75,77.5,11.201886177062988
2013-03-29,32.0,76.5,9.716867446899414
2013-03-29,32.0,76.75,11.388151168823242
2013-03-29,32.0,77.0,6.353325366973877
2013-03-29,32.0,77.25,3.620403528213501
2013-03-29,32.0,77.5,8.579244613647461
2013-03-30,31.5,76.5,16.328062057495117
2013-03-30,31.5,76.75,0.999988853931427
2013-03-30,31.5,77.0,3.5180797576904297
2013-03-30,31.5,77.25,7.968931674957275
2013-03-30,31.5,77.5,8.266365051269531
2013-03-30,31.75,76.5,23.655458450317383
2013-03-30,31.75,76.75,8.333415031433105
2013-03-30,31.75,77.0,2.538264751434326
2013-03-30,31.75,77.25,6.191901683807373
2013-03-30,31.75,77.5,4.349967956542969
2013-03-30,32.0,76.5,2.2046756744384766
2013-03-30,32.0,76.75,2.5217998027801514
2013-03-30,32.0,77.0,0.3983306884765625
2013-03-30,32.0,77.25,0.31150224804878235
2013-03-30,32.0,77.5,2.537384033203125
2013-03-31,31.5,76.5,0.0
2013-03-31,31.5,76.75,0.0
2013-03-31,31.5,77.0,0.0
2013-03-31,31.5,77.25,0.1128794327378273
2013-03-31,31.5,77.5,0.9667012095451355
2013-03-31,31.75,76.5,0.0
2013-03-31,31.75,76.75,0.0
2013-03-31,31.75,77.0,0.2041315883398056
2013-03-31,31.75,77.25,0.0
2013-03-31,31.75,77.5,0.0
2013-03-31,32.0,76.5,4.616462707519531
2013-03-31,32.0,76.75,0.0
2013-03-31,32.0,77.0,0.10914412885904312
2013-03-31,32.0,77.25,0.0
2013-03-31,32.0,77.5,0.0
2013-04-01,31.5,76.5,0.0
2013-04-01,31.5,76.75,0.0
2013-04-01,31.5,77.0,0.0
2013-04-01,31.5,77.25,0.0
2013-04-01,31.5,77.5,0.0
2013-04-01,31.75,76.5,0.0
2013-04-01,31.75,76.75,0.0
2013-04-01,31.75,77.0,0.0
2013-04-01,31.75,77.25,0.0
2013-04-01,31.75,77.5,0.0
2013-04-01,32.0,76.5,0.5275957584381104
2013-04-01,32.0,76.75,0.0
2013-04-01,32.0,77.0,0.0
2013-04-01,32.0,77.25,0.0
2013-04-01,32.0,77.5,0.0
2013-04-02,31.5,76.5,0.6096210479736328
2013-04-02,31.5,76.75,0.0
2013-04-02,31.5,77.0,0.0
2013-04-02,31.5,77.25,0.0
2013-04-02,31.5,77.5,0.9686924815177917
2013-04-02,31.75,76.5,0.7979323267936707
2013-04-02,31.75,76.75,0.0
2013-04-02,31.75,77.0,0.0
2013-04-02,31.75,77.25,0.0
2013-04-02,31.75,77.5,0.4164302945137024
2013-04-02,32.0,76.5,0.0
2013-04-02,32.0,76.75,0.0
2013-04-02,32.0,77.0,0.0
2013-04-02,32.0,77.25,0.0
2013-04-02,32.0,77.5,0.0
2013-04-03,31.5,76.5,0.0
2013-04-03,31.5,76.75,0.0
2013-04-03,31.5,77.0,0.0
2013-04-03,31.5,77.25,0.0
2013-04-03,31.5,77.5,0.0
2013-04-03,31.75,76.5,0.0
2013-04-03,31.75,76.75,0.0
2013-04-03,31.75,77.0,0.0
2013-04-03,31.75,77.25,0.0
2013-04-03,31.75,77.5,0.0
2013-04-03,32.0,76.5,0.0
2013-04-03,32.0,76.75,0.0
2013-04-03,32.0,77.0,0.0
2013-04-03,32.0,77.25,0.0
2013-04-03,32.0,77.5,0.0
2013-04-04,31.5,76.5,1.7267249822616577
2013-04-04,31.5,76.75,4.285239219665527
2013-04-04,31.5,77.0,2.6793980598449707
2013-04-04,31.5,77.25,5.201135158538818
2013-04-04,31.5,77.5,4.341098308563232
2013-04-04,31.75,76.5,0.2225770205259323
2013-04-04,31.75,76.75,8.428689002990723
2013-04-04,31.75,77.0,2.6062779426574707
2013-04-04,31.75,77.25,4.1861982345581055
2013-04-04,31.75,77.5,3.4173271656036377
2013-04-04,32.0,76.5,0.0
2013-04-04,32.0,76.75,1.8178989887237549
2013-04-04,32.0,77.0,1.5682159662246704
2013-04-04,32.0,77.25,1.97274911403656
2013-04-04,32.0,77.5,2.713482618331909
2013-04-05,31.5,76.5,0.0
2013-04-05,31.5,76.75,0.0
2013-04-05,31.5,77.0,0.0
2013-04-05,31.5,77.25,0.0
2013-04-05,31.5,77.5,0.0
2013-04-05,31.75,76.5,0.0
2013-04-05,31.75,76.75,0.0
2013-04-05,31.75,77.0,0.34021928906440735
2013-04-05,31.75,77.25,0.0
2013-04-05,31.75,77.5,0.11851688474416733
2013-04-05,32.0,76.5,0.0
2013-04-05,32.0,76.75,0.0
2013-04-05,32.0,77.0,0.18190687894821167
2013-04-05,32.0,77.25,0.0
2013-04-05,32.0,77.5,0.0
2013-04-06,31.5,76.5,0.0
2013-04-06,31.5,76.75,0.0
2013-04-06,31.5,77.0,0.0
2013-04-06,31.5,77.25,0.0
2013-04-06,31.5,77.5,0.0
2013-04-06,31.75,76.5,0.0
2013-04-06,31.75,76.75,0.0
2013-04-06,31.75,77.0,0.0
2013-04-06,31.75,77.25,0.0
2013-04-06,31.75,77.5,0.0
2013-04-06,32.0,76.5,0.0
2013-04-06,32.0,76.75,0.0
2013-04-06,32.0,77.0,0.0
2013-04-06,32.0,77.25,0.0
2013-04-06,32.0,77.5,0.0
2013-04-07,31.5,76.5,0.0
2013-04-07,31.5,76.75,0.0
2013-04-07,31.5,77.0,0.0
2013-04-07,31.5,77.25,0.0
2013-04-07,31.5,77.5,0.0
2013-04-07,31.75,76.5,0.0
2013-04-07,31.75,76.75,0.0
2013-04-07,31.75,77.0,0.0
2013-04-07,31.75,77.25,0.0
2013-04-07,31.75,77.5,0.0
2013-04-07,32.0,76.5,0.0
2013-04-07,32.0,76.75,0.0
2013-04-07,32.0,77.0,0.0
2013-04-07,32.0,77.25,0.0
2013-04-07,32.0,77.5,0.0
2013-04-08,31.5,76.5,0.0
2013-04-08,31.5,76.75,0.0
2013-04-08,31.5,77.0,0.0
2013-04-08,31.5,77.25,0.0
2013-04-08,31.5,77.5,0.0
2013-04-08,31.75,76.5,0.0
2013-04-08,31.75,76.75,0.0
2013-04-08,31.75,77.0,0.0
2013-04-08,31.75,77.25,0.0
2013-04-08,31.75,77.5,0.0
2013-04-08,32.0,76.5,0.0
2013-04-08,32.0,76.75,0.0
2013-04-08,32.0,77.0,0.0
2013-04-08,32.0,77.25,0.0
2013-04-08,32.0,77.5,0.0
2013-04-09,31.5,76.5,0.0
2013-04-09,31.5,76.75,0.0
2013-04-09,31.5,77.0,0.0
2013-04-09,31.5,77.25,0.0
2013-04-09,31.5,77.5,0.0
2013-04-09,31.75,76.5,0.0
2013-04-09,31.75,76.75,0.0
2013-04-09,31.75,77.0,0.0
2013-04-09,31.75,77.25,0.0
2013-04-09,31.75,77.5,0.0
2013-04-09,32.0,76.5,0.0
2013-04-09,32.0,76.75,0.0
2013-04-09,32.0,77.0,0.0
2013-04-09,32.0,77.25,0.0
2013-04-09,32.0,77.5,0.0
2013-04-10,31.5,76.5,0.1048598513007164
2013-04-10,31.5,76.75,0.2801012694835663
2013-04-10,31.5,77.0,0.0
2013-04-10,31.5,77.25,0.0
2013-04-10,31.5,77.5,0.1015537902712822
2013-04-10,31.75,76.5,0.0
2013-04-10,31.75,76.75,0.0
2013-04-10,31.75,77.0,0.0
2013-04-10,31.75,77.25,0.0
2013-04-10,31.75,77.5,0.0
2013-04-10,32.0,76.5,0.0
2013-04-10,32.0,76.75,0.0
2013-04-10,32.0,77.0,0.0
2013-04-10,32.0,77.25,0.0
2013-04-10,32.0,77.5,0.0
2013-04-11,31.5,76.5,0.0
2013-04-11,31.5,76.75,0.6086211800575256
2013-04-11,31.5,77.0,3.995351552963257
2013-04-11,31.5,77.25,6.603456020355225
2013-04-11,31.5,77.5,4.403059005737305
2013-04-11,31.75,76.5,2.2032430171966553
2013-04-11,31.75,76.75,8.155122756958008
2013-04-11,31.75,77.0,10.741438865661621
2013-04-11,31.75,77.25,6.60248327255249
2013-04-11,31.75,77.5,6.127363204956055
2013-04-11,32.0,76.5,4.777881145477295
2013-04-11,32.0,76.75,8.555039405822754
2013-04-11,32.0,77.0,6.996876239776611
2013-04-11,32.0,77.25,2.1893560886383057
2013-04-11,32.0,77.5,5.600111961364746
2013-04-12,31.5,76.5,0.43168124556541443
2013-04-12,31.5,76.75,1.178673267364502
2013-04-12,31.5,77.0,1.6288456916809082
2013-04-12,31.5,77.25,0.16392210125923157
2013-04-12,31.5,77.5,1.0155378580093384
2013-04-12,31.75,76.5,0.0
2013-04-12,31.75,76.75,0.11413131654262543
2013-04-12,31.75,77.0,0.2041315883398056
2013-04-12,31.75,77.25,0.0
2013-04-12,31.75,77.5,0.0
2013-04-12,32.0,76.5,0.0
2013-04-12,32.0,76.75,0.0
2013-04-12,32.0,77.0,0.10914412885904312
2013-04-12,32.0,77.25,0.0
2013-04-12,32.0,77.5,0.0
2013-04-13,31.5,76.5,0.0
2013-04-13,31.5,76.75,0.0
2013-04-13,31.5,77.0,0.0
2013-04-13,31.5,77.25,0.0
2013-04-13,31.5,77.5,0.0
2013-04-13,31.75,76.5,0.0
2013-04-13,31.75,76.75,0.0
2013-04-13,31.75,77.0,0.0
2013-04-13,31.75,77.25,0.0
2013-04-13,31.75,77.5,0.0
2013-04-13,32.0,76.5,0.0
2013-04-13,32.0,76.75,0.0
2013-04-13,32.0,77.0,0.0
2013-04-13,32.0,77.25,0.0
2013-04-13,32.0,77.5,0.0
2013-04-14,31.5,76.5,0.2354625016450882
2013-04-14,31.5,76.75,0.9484464526176453
2013-04-14,31.5,77.0,6.632567882537842
2013-04-14,31.5,77.25,6.071457386016846
2013-04-14,31.5,77.5,4.227064609527588
2013-04-14,31.75,76.5,2.7540535926818848
2013-04-14,31.75,76.75,6.686103343963623
2013-04-14,31.75,77.0,9.214018821716309
2013-04-14,31.75,77.25,5.568948745727539
2013-04-14,31.75,77.5,5.189098358154297
2013-04-14,32.0,76.5,11.02847671508789
2013-04-14,32.0,76.75,9.32143783569336
2013-04-14,32.0,77.0,5.446446418762207
2013-04-14,32.0,77.25,1.6193344593048096
2013-04-14,32.0,77.5,4.42498254776001
2013-04-15,31.5,76.5,0.20627230405807495
2013-04-15,31.5,76.75,0.5369013547897339
2013-04-15,31.5,77.0,1.9100135564804077
2013-04-15,31.5,77.25,2.923729181289673
2013-04-15,31.5,77.5,4.083087921142578
2013-04-15,31.75,76.5,0.0
2013-04-15,31.75,76.75,0.20782549679279327
2013-04-15,31.75,77.0,0.2471088021993637
2013-04-15,31.75,77.25,2.522573471069336
2013-04-15,31.75,77.5,1.8803938627243042
2013-04-15,32.0,76.5,0.0
2013-04-15,32.0,76.75,0.0
2013-04-15,32.0,77.0,0.8030011653900146
2013-04-15,32.0,77.25,1.6866027116775513
2013-04-15,32.0,77.5,1.709200143814087
2013-04-16,31.5,76.5,0.0
2013-04-16,31.5,76.75,0.0
2013-04-16,31.5,77.0,0.0
2013-04-16,31.5,77.25,0.0
2013-04-16,31.5,77.5,0.9686924815177917
2013-04-16,31.75,76.5,0.0
2013-04-16,31.75,76.75,0.0
2013-04-16,31.75,77.0,0.0
2013-04-16,31.75,77.25,0.0
2013-04-16,31.75,77.5,0.4164302945137024
2013-04-16,32.0,76.5,0.0
2013-04-16,32.0,76.75,0.0
2013-04-16,32.0,77.0,0.0
2013-04-16,32.0,77.25,0.0
2013-04-16,32.0,77.5,0.0
2013-04-17,31.5,76.5,2.9055168628692627
2013-04-17,31.5,76.75,3.014570713043213
2013-04-17,31.5,77.0,2.771294593811035
2013-04-17,31.5,77.25,8.256458282470703
2013-04-17,31.5,77.5,6.3870954513549805
2013-04-17,31.75,76.5,3.5746498107910156
2013-04-17,31.75,76.75,6.774844169616699
2013-04-17,31.75,77.0,4.537957668304443
2013-04-17,31.75,77.25,6.94498872756958
2013-04-17,31.75,77.5,5.29047966003418
2013-04-17,32.0,76.5,3.528134346008301
2013-04-17,32.0,76.75,3.8813960552215576
2013-04-17,32.0,77.0,3.9808242321014404
2013-04-17,32.0,77.25,1.6246525049209595
2013-04-17,32.0,77.5,4.653741359710693
2013-04-18,31.5,76.5,0.0
2013-04-18,31.5,76.75,0.0
2013-04-18,31.5,77.0,0.0
2013-04-18,31.5,77.25,0.8624396920204163
2013-04-18,31.5,77.5,0.5714828968048096
2013-04-18,31.75,76.5,0.0
2013-04-18,31.75,76.75,0.0
2013-04-18,31.75,77.0,0.42998677492141724
2013-04-18,31.75,77.25,0.7517684102058411
2013-04-18,31.75,77.5,0.5685575008392334
2013-04-18,32.0,76.5,0.0
2013-04-18,32.0,76.75,0.0
2013-04-18,32.0,77.0,0.21828825771808624
2013-04-18,32.0,77.25,0.0
2013-04-18,32.0,77.5,0.382819801568985
2013-04-19,31.5,76.5,0.0
2013-04-19,31.5,76.75,0.0
2013-04-19,31.5,77.0,0.0
2013-04-19,31.5,77.25,0.0
2013-04-19,31.5,77.5,0.0
2013-04-19,31.75,76.5,0.0
2013-04-19,31.75,76.75,0.0
2013-04-19,31.75,77.0,0.0
2013-04-19,31.75,77.25,0.0
2013-04-19,31.75,77.5,0.0
2013-04-19,32.0,76.5,0.0
2013-04-19,32.0,76.75,0.0
2013-04-19,32.0,77.0,0.0
2013-04-19,32.0,77.25,0.0
2013-04-19,32.0,77.5,0.0
2013-04-20,31.5,76.5,0.0
2013-04-20,31.5,76.75,0.0
2013-04-20,31.5,77.0,0.0
2013-04-20,31.5,77.25,0.0
2013-04-20,31.5,77.5,0.0
2013-04-20,31.75,76.5,0.0
2013-04-20,31.75,76.75,0.0
2013-04-20,31.75,77.0,0.0
2013-04-20,31.75,77.25,0.0
2013-04-20,31.75,77.5,0.0
2013-04-20,32.0,76.5,0.0
2013-04-20,32.0,76.75,0.0
2013-04-20,32.0,77.0,0.0
2013-04-20,32.0,77.25,0.0
2013-04-20,32.0,77.5,0.0
2013-04-21,31.5,76.5,4.6267547607421875
2013-04-21,31.5,76.75,4.539011478424072
2013-04-21,31.5,77.0,0.14462792873382568
2013-04-21,31.5,77.25,0.0
2013-04-21,31.5,77.5,0.5767649412155151
2013-04-21,31.75,76.5,3.415417432785034
2013-04-21,31.75,76.75,7.529516696929932
2013-04-21,31.75,77.0,1.864267110824585
2013-04-21,31.75,77.25,0.8253220319747925
2013-04-21,31.75,77.5,1.3508847951889038
2013-04-21,32.0,76.5,7.746637344360352
2013-04-21,32.0,76.75,6.728307723999023
2013-04-21,32.0,77.0,2.044163703918457
2013-04-21,32.0,77.25,3.6567463874816895
2013-04-21,32.0,77.5,2.0396037101745605
2013-04-22,31.5,76.5,1.72251558303833
2013-04-22,31.5,76.75,3.0569355487823486
2013-04-22,31.5,77.0,2.5936148166656494
2013-04-22,31.5,77.25,0.4762333333492279
2013-04-22,31.5,77.5,0.43257373571395874
2013-04-22,31.75,76.5,0.5676084756851196
2013-04-22,31.75,76.75,7.216721057891846
2013-04-22,31.75,77.0,3.674913167953491
2013-04-22,31.75,77.25,0.4865376949310303
2013-04-22,31.75,77.5,0.7585080862045288
2013-04-22,32.0,76.5,0.0
2013-04-22,32.0,76.75,1.8768067359924316
2013-04-22,32.0,77.0,1.8897168636322021
2013-04-22,32.0,77.25,0.5367311239242554
2013-04-22,32.0,77.5,0.9619589447975159
2013-04-23,31.5,76.5,0.0
2013-04-23,31.5,76.75,0.0
2013-04-23,31.5,77.0,1.9202990531921387
2013-04-23,31.5,77.25,0.35923463106155396
2013-04-23,31.5,77.5,0.0
2013-04-23,31.75,76.5,0.0
2013-04-23,31.75,76.75,0.0
2013-04-23,31.75,77.0,0.0
2013-04-23,31.75,77.25,0.0
2013-04-23,31.75,77.5,0.0
2013-04-23,32.0,76.5,1.8465849161148071
2013-04-23,32.0,76.75,0.0
2013-04-23,32.0,77.0,0.0
2013-04-23,32.0,77.25,0.0
2013-04-23,32.0,77.5,0.0
2013-04-24,31.5,76.5,0.0
2013-04-24,31.5,76.75,0.0
2013-04-24,31.5,77.0,0.0
2013-04-24,31.5,77.25,0.0
2013-04-24,31.5,77.5,0.0
2013-04-24,31.75,76.5,0.0
2013-04-24,31.75,76.75,0.0
2013-04-24,31.75,77.0,0.0
2013-04-24,31.75,77.25,0.0
2013-04-24,31.75,77.5,0.0
2013-04-24,32.0,76.5,0.483629435300827
2013-04-24,32.0,76.75,0.0
2013-04-24,32.0,77.0,0.4264594614505768
2013-04-24,32.0,77.25,0.1865786761045456
2013-04-24,32.0,77.5,0.2453867495059967
2013-04-25,31.5,76.5,0.0
2013-04-25,31.5,76.75,0.0
2013-04-25,31.5,77.0,0.0
2013-04-25,31.5,77.25,0.0
2013-04-25,31.5,77.5,0.0
2013-04-25,31.75,76.5,0.0
2013-04-25,31.75,76.75,0.0
2013-04-25,31.75,77.0,0.0
2013-04-25,31.75,77.25,0.0
2013-04-25,31.75,77.5,0.0
2013-04-25,32.0,76.5,0.0
2013-04-25,32.0,76.75,0.0
2013-04-25,32.0,77.0,0.0
2013-04-25,32.0,77.25,0.0
2013-04-25,32.0,77.5,0.0
2013-04-26,31.5,76.5,0.0
2013-04-26,31.5,76.75,0.0
2013-04-26,31.5,77.0,0.0
2013-04-26,31.5,77.25,0.0
2013-04-26,31.5,77.5,0.0
2013-04-26,31.75,76.5,0.0
2013-04-26,31.75,76.75,0.0
2013-04-26,31.75,77.0,0.0
2013-04-26,31.75,77.25,0.0
2013-04-26,31.75,77.5,0.0
2013-04-26,32.0,76.5,0.0
2013-04-26,32.0,76.75,0.0
2013-04-26,32.0,77.0,0.0
2013-04-26,32.0,77.25,0.0
2013-04-26,32.0,77.5,0.0
2013-04-27,31.5,76.5,2.878574848175049
2013-04-27,31.5,76.75,0.9513673782348633
2013-04-27,31.5,77.0,0.21694189310073853
2013-04-27,31.5,77.25,0.1128794327378273
2013-04-27,31.5,77.5,1.4764931201934814
2013-04-27,31.75,76.5,5.267391681671143
2013-04-27,31.75,76.75,0.5880728363990784
2013-04-27,31.75,77.0,1.6272670030593872
2013-04-27,31.75,77.25,0.37662261724472046
2013-04-27,31.75,77.5,0.8444344401359558
2013-04-27,32.0,76.5,4.51409912109375
2013-04-27,32.0,76.75,4.299224376678467
2013-04-27,32.0,77.0,3.332186222076416
2013-04-27,32.0,77.25,1.5247160196304321
2013-04-27,32.0,77.5,1.9134408235549927
2013-04-28,31.5,76.5,0.0
2013-04-28,31.5,76.75,0.0
2013-04-28,31.5,77.0,0.0
2013-04-28,31.5,77.25,0.0
2013-04-28,31.5,77.5,0.0
2013-04-28,31.75,76.5,0.0
2013-04-28,31.75,76.75,0.0
2013-04-28,31.75,77.0,0.0
2013-04-28,31.75,77.25,0.0
2013-04-28,31.75,77.5,0.0
2013-04-28,32.0,76.5,0.0
2013-04-28,32.0,76.75,0.0
2013-04-28,32.0,77.0,0.0
2013-04-28,32.0,77.25,0.0
2013-04-28,32.0,77.5,0.0
2013-04-29,31.5,76.5,0.0
2013-04-29,31.5,76.75,0.0
2013-04-29,31.5,77.0,0.0
2013-04-29,31.5,77.25,0.0
2013-04-29,31.5,77.5,0.0
2013-04-29,31.75,76.5,0.0
2013-04-29,31.75,76.75,0.0
2013-04-29,31.75,77.0,0.0
2013-04-29,31.75,77.25,0.0
2013-04-29,31.75,77.5,0.0
2013-04-29,32.0,76.5,0.0
2013-04-29,32.0,76.75,0.0
2013-04-29,32.0,77.0,0.8529189229011536
2013-04-29,32.0,77.25,0.3731573522090912
2013-04-29,32.0,77.5,0.4907734990119934
2013-04-30,31.5,76.5,0.0
2013-04-30,31.5,76.75,0.0
2013-04-30,31.5,77.0,0.0
2013-04-30,31.5,77.25,0.0
2013-04-30,31.5,77.5,0.0
2013-04-30,31.75,76.5,0.0
2013-04-30,31.75,76.75,0.0
2013-04-30,31.75,77.0,0.0
2013-04-30,31.75,77.25,0.0
2013-04-30,31.75,77.5,0.0
2013-04-30,32.0,76.5,0.0
2013-04-30,32.0,76.75,0.0
2013-04-30,32.0,77.0,0.0
2013-04-30,32.0,77.25,0.0
2013-04-30,32.0,77.5,0.0
2013-05-01,31.5,76.5,0.0
2013-05-01,31.5,76.75,0.0
2013-05-01,31.5,77.0,0.0
2013-05-01,31.5,77.25,0.0
2013-05-01,31.5,77.5,0.0
2013-05-01,31.75,76.5,0.0
2013-05-01,31.75,76.75,0.0
2013-05-01,31.75,77.0,0.0
2013-05-01,31.75,77.25,0.0
2013-05-01,31.75,77.5,0.0
2013-05-01,32.0,76.5,0.0
2013-05-01,32.0,76.75,0.0
2013-05-01,32.0,77.0,0.0
2013-05-01,32.0,77.25,0.0
2013-05-01,32.0,77.5,0.0
2013-05-02,31.5,76.5,0.0
2013-05-02,31.5,76.75,0.0
2013-05-02,31.5,77.0,0.0
2013-05-02,31.5,77.25,0.0
2013-05-02,31.5,77.5,0.0
2013-05-02,31.75,76.5,0.0
2013-05-02,31.75,76.75,0.0
2013-05-02,31.75,77.0,0.0
2013-05-02,31.75,77.25,0.0
2013-05-02,31.75,77.5,0.0
2013-05-02,32.0,76.5,0.0
2013-05-02,32.0,76.75,0.0
2013-05-02,32.0,77.0,0.0
2013-05-02,32.0,77.25,0.0
2013-05-02,32.0,77.5,0.0
2013-05-03,31.5,76.5,0.0
2013-05-03,31.5,76.75,0.0
2013-05-03,31.5,77.0,0.0
2013-05-03,31.5,77.25,0.0
2013-05-03,31.5,77.5,0.0
2013-05-03,31.75,76.5,0.0
2013-05-03,31.75,76.75,0.0
2013-05-03,31.75,77.0,0.0
2013-05-03,31.75,77.25,0.0
2013-05-03,31.75,77.5,0.0
2013-05-03,32.0,76.5,0.0
2013-05-03,32.0,76.75,0.0
2013-05-03,32.0,77.0,0.0
2013-05-03,32.0,77.25,0.0
2013-05-03,32.0,77.5,0.0
2013-05-04,31.5,76.5,0.0
2013-05-04,31.5,76.75,0.0
2013-05-04,31.5,77.0,0.0
2013-05-04,31.5,77.25,0.0
2013-05-04,31.5,77.5,0.0
2013-05-04,31.75,76.5,0.0
2013-05-04,31.75,76.75,0.0
2013-05-04,31.75,77.0,0.0
2013-05-04,31.75,77.25,0.0
2013-05-04,31.75,77.5,0.0
2013-05-04,32.0,76.5,0.0
2013-05-04,32.0,76.75,0.0
2013-05-04,32.0,77.0,0.0
2013-05-04,32.0,77.25,0.0
2013-05-04,32.0,77.5,0.0
2013-05-05,31.5,76.5,0.0
2013-05-05,31.5,76.75,0.0
2013-05-05,31.5,77.0,0.0
2013-05-05,31.5,77.25,0.0
2013-05-05,31.5,77.5,0.0
2013-05-05,31.75,76.5,0.0
2013-05-05,31.75,76.75,0.0
2013-05-05,31.75,77.0,0.0
2013-05-05,31.75,77.25,0.0
2013-05-05,31.75,77.5,0.0
2013-05-05,32.0,76.5,0.0
2013-05-05,32.0,76.75,0.0
2013-05-05,32.0,77.0,0.0
2013-05-05,32.0,77.25,0.0
2013-05-05,32.0,77.5,0.0
2013-05-06,31.5,76.5,0.0
2013-05-06,31.5,76.75,0.0
2013-05-06,31.5,77.0,0.0
2013-05-06,31.5,77.25,0.8624396920204163
2013-05-06,31.5,77.5,0.6831920146942139
2013-05-06,31.75,76.5,0.0
2013-05-06,31.75,76.75,0.0
2013-05-06,31.75,77.0,1.92695152759552
2013-05-06,31.75,77.25,1.0194607973098755
2013-05-06,31.75,77.5,1.0900317430496216
2013-05-06,32.0,76.5,0.0
2013-05-06,32.0,76.75,0.34915417432785034
2013-05-06,32.0,77.0,1.7010135650634766
2013-05-06,32.0,77.25,0.5513818264007568
2013-05-06,32.0,77.5,1.1837302446365356
2013-05-07,31.5,76.5,0.15697501599788666
2013-05-07,31.5,76.75,0.4029625356197357
2013-05-07,31.5,77.0,0.4127722680568695
2013-05-07,31.5,77.25,1.0349276065826416
2013-05-07,31.5,77.5,0.6857794523239136
2013-05-07,31.75,76.5,0.0
2013-05-07,31.75,76.75,0.4573103189468384
2013-05-07,31.75,77.0,0.9463583827018738
2013-05-07,31.75,77.25,1.0211471319198608
2013-05-07,31.75,77.5,0.6775283217430115
2013-05-07,32.0,76.5,0.0
2013-05-07,32.0,76.75,0.2947849929332733
2013-05-07,32.0,77.0,0.7884087562561035
2013-05-07,32.0,77.25,0.27648836374282837
2013-05-07,32.0,77.5,0.7010588049888611
2013-05-08,31.5,76.5,0.0
2013-05-08,31.5,76.75,0.0
2013-05-08,31.5,77.0,0.0
2013-05-08,31.5,77.25,0.0
2013-05-08,31.5,77.5,0.0
2013-05-08,31.75,76.5,0.0
2013-05-08,31.75,76.75,0.0
2013-05-08,31.75,77.0,0.0
2013-05-08,31.75,77.25,0.0
2013-05-08,31.75,77.5,0.0
2013-05-08,32.0,76.5,0.0
2013-05-08,32.0,76.75,0.0
2013-05-08,32.0,77.0,0.0
2013-05-08,32.0,77.25,0.0
2013-05-08,32.0,77.5,0.0
2013-05-09,31.5,76.5,0.0
2013-05-09,31.5,76.75,0.0
2013-05-09,31.5,77.0,0.0
2013-05-09,31.5,77.25,0.0
2013-05-09,31.5,77.5,0.0
2013-05-09,31.75,76.5,0.0
2013-05-09,31.75,76.75,0.0
2013-05-09,31.75,77.0,0.0
2013-05-09,31.75,77.25,0.0
2013-05-09,31.75,77.5,0.0
2013-05-09,32.0,76.5,0.0
2013-05-09,32.0,76.75,0.0
2013-05-09,32.0,77.0,0.0
2013-05-09,32.0,77.25,0.0
2013-05-09,32.0,77.5,0.0
2013-05-10,31.5,76.5,0.0
2013-05-10,31.5,76.75,0.0
2013-05-10,31.5,77.0,0.0
2013-05-10,31.5,77.25,0.0
2013-05-10,31.5,77.5,0.0
2013-05-10,31.75,76.5,0.0
2013-05-10,31.75,76.75,0.0
2013-05-10,31.75,77.0,0.0
2013-05-10,31.75,77.25,0.0
2013-05-10,31.75,77.5,0.0
2013-05-10,32.0,76.5,0.0
2013-05-10,32.0,76.75,0.0
2013-05-10,32.0,77.0,0.0
2013-05-10,32.0,77.25,0.0
2013-05-10,32.0,77.5,0.0
2013-05-11,31.5,76.5,0.0
2013-05-11,31.5,76.75,0.0
2013-05-11,31.5,77.0,0.0
2013-05-11,31.5,77.25,0.0
2013-05-11,31.5,77.5,0.0
2013-05-11,31.75,76.5,0.0
2013-05-11,31.75,76.75,0.0
2013-05-11,31.75,77.0,0.0
2013-05-11,31.75,77.25,0.0
2013-05-11,31.75,77.5,0.0
2013-05-11,32.0,76.5,0.0
2013-05-11,32.0,76.75,0.0
2013-05-11,32.0,77.0,0.0
2013-05-11,32.0,77.25,0.0
2013-05-11,32.0,77.5,0.0
2013-05-12,31.5,76.5,5.927909851074219
2013-05-12,31.5,76.75,7.370610237121582
2013-05-12,31.5,77.0,2.502777099609375
2013-05-12,31.5,77.25,4.2838544845581055
2013-05-12,31.5,77.5,6.311116695404053
2013-05-12,31.75,76.5,8.834729194641113
2013-05-12,31.75,76.75,4.9097208976745605
2013-05-12,31.75,77.0,6.093719005584717
2013-05-12,31.75,77.25,6.239741325378418
2013-05-12,31.75,77.5,7.205281734466553
2013-05-12,32.0,76.5,14.578866004943848
2013-05-12,32.0,76.75,8.993657112121582
2013-05-12,32.0,77.0,8.446990966796875
2013-05-12,32.0,77.25,11.921509742736816
2013-05-12,32.0,77.5,8.635822296142578
2013-05-13,31.5,76.5,2.8154265880584717
2013-05-13,31.5,76.75,2.7857062816619873
2013-05-13,31.5,77.0,5.631471157073975
2013-05-13,31.5,77.25,5.344631195068359
2013-05-13,31.5,77.5,12.424335479736328
2013-05-13,31.75,76.5,7.8675994873046875
2013-05-13,31.75,76.75,7.4485931396484375
2013-05-13,31.75,77.0,5.293607234954834
2013-05-13,31.75,77.25,4.217704772949219
2013-05-13,31.75,77.5,3.9186646938323975
2013-05-13,32.0,76.5,7.756269454956055
2013-05-13,32.0,76.75,6.106915473937988
2013-05-13,32.0,77.0,2.945725917816162
2013-05-13,32.0,77.25,1.7155308723449707
2013-05-13,32.0,77.5,3.042325019836426
2013-05-14,31.5,76.5,0.0
2013-05-14,31.5,76.75,0.0
2013-05-14,31.5,77.0,0.0
2013-05-14,31.5,77.25,0.0
2013-05-14,31.5,77.5,0.0
2013-05-14,31.75,76.5,0.35612326860427856
2013-05-14,31.75,76.75,0.0
2013-05-14,31.75,77.0,0.0
2013-05-14,31.75,77.25,0.0
2013-05-14,31.75,77.5,0.0
2013-05-14,32.0,76.5,0.0
2013-05-14,32.0,76.75,0.0
2013-05-14,32.0,77.0,0.29852160811424255
2013-05-14,32.0,77.25,0.1306050717830658
2013-05-14,32.0,77.5,0.17177072167396545
2013-05-15,31.5,76.5,0.0
2013-05-15,31.5,76.75,0.0
2013-05-15,31.5,77.0,0.0
2013-05-15,31.5,77.25,0.0
2013-05-15,31.5,77.5,0.1015537902712822
2013-05-15,31.75,76.5,0.0
2013-05-15,31.75,76.75,0.0
2013-05-15,31.75,77.0,0.0
2013-05-15,31.75,77.25,0.0
2013-05-15,31.75,77.5,0.0
2013-05-15,32.0,76.5,0.0
2013-05-15,32.0,76.75,0.0
2013-05-15,32.0,77.0,0.0
2013-05-15,32.0,77.25,0.0
2013-05-15,32.0,77.5,0.0
2013-05-16,31.5,76.5,0.0
2013-05-16,31.5,76.75,0.0
2013-05-16,31.5,77.0,0.0
2013-05-16,31.5,77.25,0.0
2013-05-16,31.5,77.5,0.0
2013-05-16,31.75,76.5,0.0
2013-05-16,31.75,76.75,0.0
2013-05-16,31.75,77.0,0.0
2013-05-16,31.75,77.25,0.0
2013-05-16,31.75,77.5,0.0
2013-05-16,32.0,76.5,0.0
2013-05-16,32.0,76.75,0.0
2013-05-16,32.0,77.0,0.0
2013-05-16,32.0,77.25,0.0
2013-05-16,32.0,77.5,0.0
2013-05-17,31.5,76.5,0.0
2013-05-17,31.5,76.75,0.0
2013-05-17,31.5,77.0,1.0716090202331543
2013-05-17,31.5,77.25,0.10784349590539932
2013-05-17,31.5,77.5,0.1015537902712822
2013-05-17,31.75,76.5,0.0
2013-05-17,31.75,76.75,0.0
2013-05-17,31.75,77.0,0.0
2013-05-17,31.75,77.25,0.0
2013-05-17,31.75,77.5,0.0
2013-05-17,32.0,76.5,0.0
2013-05-17,32.0,76.75,0.0
2013-05-17,32.0,77.0,0.0
2013-05-17,32.0,77.25,0.0
2013-05-17,32.0,77.5,0.0
2013-05-18,31.5,76.5,0.0
2013-05-18,31.5,76.75,0.0
2013-05-18,31.5,77.0,0.0
2013-05-18,31.5,77.25,0.0
2013-05-18,31.5,77.5,0.0
2013-05-18,31.75,76.5,0.0
2013-05-18,31.75,76.75,0.0
2013-05-18,31.75,77.0,0.0
2013-05-18,31.75,77.25,0.0
2013-05-18,31.75,77.5,0.0
2013-05-18,32.0,76.5,0.0
2013-05-18,32.0,76.75,0.0
2013-05-18,32.0,77.0,0.0
2013-05-18,32.0,77.25,0.0
2013-05-18,32.0,77.5,0.0
2013-05-19,31.5,76.5,0.0
2013-05-19,31.5,76.75,0.0
2013-05-19,31.5,77.0,0.0
2013-05-19,31.5,77.25,0.0
2013-05-19,31.5,77.5,0.0
2013-05-19,31.75,76.5,0.0
2013-05-19,31.75,76.75,0.0
2013-05-19,31.75,77.0,0.0
2013-05-19,31.75,77.25,0.0
2013-05-19,31.75,77.5,0.0
2013-05-19,32.0,76.5,0.0
2013-05-19,32.0,76.75,0.0
2013-05-19,32.0,77.0,0.0
2013-05-19,32.0,77.25,0.0
2013-05-19,32.0,77.5,0.0
2013-05-20,31.5,76.5,0.0
2013-05-20,31.5,76.75,0.0
2013-05-20,31.5,77.0,0.0
2013-05-20,31.5,77.25,0.0
2013-05-20,31.5,77.5,0.0
2013-05-20,31.75,76.5,0.0
2013-05-20,31.75,76.75,0.0
2013-05-20,31.75,77.0,0.0
2013-05-20,31.75,77.25,0.0
2013-05-20,31.75,77.5,0.0
2013-05-20,32.0,76.5,0.0
2013-05-20,32.0,76.75,0.0
2013-05-20,32.0,77.0,0.0
2013-05-20,32.0,77.25,0.0
2013-05-20,32.0,77.5,0.0
2013-05-21,31.5,76.5,0.0
2013-05-21,31.5,76.75,0.0
2013-05-21,31.5,77.0,0.0
2013-05-21,31.5,77.25,0.0
2013-05-21,31.5,77.5,0.0
2013-05-21,31.75,76.5,0.0
2013-05-21,31.75,76.75,0.0
2013-05-21,31.75,77.0,0.0
2013-05-21,31.75,77.25,0.0
2013-05-21,31.75,77.5,0.0
2013-05-21,32.0,76.5,0.0
2013-05-21,32.0,76.75,0.0
2013-05-21,32.0,77.0,0.0
2013-05-21,32.0,77.25,0.0
2013-05-21,32.0,77.5,0.0
2013-05-22,31.5,76.5,0.0
2013-05-22,31.5,76.75,0.0
2013-05-22,31.5,77.0,0.0
2013-05-22,31.5,77.25,0.0
2013-05-22,31.5,77.5,0.0
2013-05-22,31.75,76.5,0.0
2013-05-22,31.75,76.75,0.0
2013-05-22,31.75,77.0,0.0
2013-05-22,31.75,77.25,0.0
2013-05-22,31.75,77.5,0.0
2013-05-22,32.0,76.5,0.0
2013-05-22,32.0,76.75,0.0
2013-05-22,32.0,77.0,0.0
2013-05-22,32.0,77.25,0.0
2013-05-22,32.0,77.5,0.0
2013-05-23,31.5,76.5,0.0
2013-05-23,31.5,76.75,0.0
2013-05-23,31.5,77.0,0.0
2013-05-23,31.5,77.25,0.0
2013-05-23,31.5,77.5,0.0
2013-05-23,31.75,76.5,0.0
2013-05-23,31.75,76.75,0.0
2013-05-23,31.75,77.0,0.0
2013-05-23,31.75,77.25,0.0
2013-05-23,31.75,77.5,0.0
2013-05-23,32.0,76.5,0.0
2013-05-23,32.0,76.75,0.0
2013-05-23,32.0,77.0,0.0
2013-05-23,32.0,77.25,0.0
2013-05-23,32.0,77.5,0.0
2013-05-24,31.5,76.5,0.0
2013-05-24,31.5,76.75,0.0
2013-05-24,31.5,77.0,0.0
2013-05-24,31.5,77.25,0.0
2013-05-24,31.5,77.5,0.0
2013-05-24,31.75,76.5,0.0
2013-05-24,31.75,76.75,0.0
2013-05-24,31.75,77.0,0.0
2013-05-24,31.75,77.25,0.0
2013-05-24,31.75,77.5,0.0
2013-05-24,32.0,76.5,0.0
2013-05-24,32.0,76.75,0.0
2013-05-24,32.0,77.0,0.0
2013-05-24,32.0,77.25,0.0
2013-05-24,32.0,77.5,0.0
2013-05-25,31.5,76.5,0.0
2013-05-25,31.5,76.75,0.0
2013-05-25,31.5,77.0,0.0
2013-05-25,31.5,77.25,0.0
2013-05-25,31.5,77.5,0.0
2013-05-25,31.75,76.5,0.0
2013-05-25,31.75,76.75,0.0
2013-05-25,31.75,77.0,0.0
2013-05-25,31.75,77.25,0.0
2013-05-25,31.75,77.5,0.0
2013-05-25,32.0,76.5,0.0
2013-05-25,32.0,76.75,0.0
2013-05-25,32.0,77.0,0.0
2013-05-25,32.0,77.25,0.0
2013-05-25,32.0,77.5,0.0
2013-05-26,31.5,76.5,0.0
2013-05-26,31.5,76.75,0.0
2013-05-26,31.5,77.0,0.0
2013-05-26,31.5,77.25,0.0
2013-05-26,31.5,77.5,0.0
2013-05-26,31.75,76.5,0.0
2013-05-26,31.75,76.75,0.0
2013-05-26,31.75,77.0,0.8165263533592224
2013-05-26,31.75,77.25,0.14601406455039978
2013-05-26,31.75,77.5,0.2844405472278595
2013-05-26,32.0,76.5,0.0
2013-05-26,32.0,76.75,0.14963750541210175
2013-05-26,32.0,77.0,0.4365765154361725
2013-05-26,32.0,77.25,0.0
2013-05-26,32.0,77.5,0.22270454466342926
2013-05-27,31.5,76.5,4.975502014160156
2013-05-27,31.5,76.75,0.9673140048980713
2013-05-27,31.5,77.0,0.1194724589586258
2013-05-27,31.5,77.25,2.4148309230804443
2013-05-27,31.5,77.5,1.6001520156860352
2013-05-27,31.75,76.5,0.8262161016464233
2013-05-27,31.75,76.75,1.8099712133407593
2013-05-27,31.75,77.0,3.263274669647217
2013-05-27,31.75,77.25,2.423748731613159
2013-05-27,31.75,77.5,2.212989330291748
2013-05-27,32.0,76.5,2.0994696617126465
2013-05-27,32.0,76.75,2.8164544105529785
2013-05-27,32.0,77.0,4.848136901855469
2013-05-27,32.0,77.25,1.8604975938796997
2013-05-27,32.0,77.5,3.4476118087768555
2013-05-28,31.5,76.5,7.702873706817627
2013-05-28,31.5,76.75,7.6439032554626465
2013-05-28,31.5,77.0,2.90388560295105
2013-05-28,31.5,77.25,18.7860050201416
2013-05-28,31.5,77.5,12.589775085449219
2013-05-28,31.75,76.5,0.0
2013-05-28,31.75,76.75,1.8279850482940674
2013-05-28,31.75,77.0,9.291789054870605
2013-05-28,31.75,77.25,18.830997467041016
2013-05-28,31.75,77.5,16.169015884399414
2013-05-28,32.0,76.5,0.1457071751356125
2013-05-28,32.0,76.75,1.9195476770401
2013-05-28,32.0,77.0,12.807981491088867
2013-05-28,32.0,77.25,15.627556800842285
2013-05-28,32.0,77.5,16.140483856201172
2013-05-29,31.5,76.5,0.0
2013-05-29,31.5,76.75,0.0
2013-05-29,31.5,77.0,0.0
2013-05-29,31.5,77.25,0.0
2013-05-29,31.5,77.5,0.0
2013-05-29,31.75,76.5,0.0
2013-05-29,31.75,76.75,0.0
2013-05-29,31.75,77.0,0.6123947501182556
2013-05-29,31.75,77.25,0.10951053351163864
2013-05-29,31.75,77.5,0.21333038806915283
2013-05-29,32.0,76.5,0.0
2013-05-29,32.0,76.75,0.11222812533378601
2013-05-29,32.0,77.0,0.7538918256759644
2013-05-29,32.0,77.25,0.25882142782211304
2013-05-29,32.0,77.5,0.41241514682769775
2013-05-30,31.5,76.5,0.0
2013-05-30,31.5,76.75,0.0
2013-05-30,31.5,77.0,0.0
2013-05-30,31.5,77.25,0.0
2013-05-30,31.5,77.5,0.0
2013-05-30,31.75,76.5,0.0
2013-05-30,31.75,76.75,0.0
2013-05-30,31.75,77.0,0.0
2013-05-30,31.75,77.25,0.0
2013-05-30,31.75,77.5,0.0
2013-05-30,32.0,76.5,0.0
2013-05-30,32.0,76.75,0.0
2013-05-30,32.0,77.0,0.0
2013-05-30,32.0,77.25,0.0
2013-05-30,32.0,77.5,0.0
2013-05-31,31.5,76.5,0.0
2013-05-31,31.5,76.75,0.0
2013-05-31,31.5,77.0,0.0
2013-05-31,31.5,77.25,0.0
2013-05-31,31.5,77.5,0.0
2013-05-31,31.75,76.5,0.0
2013-05-31,31.75,76.75,0.0
2013-05-31,31.75,77.0,0.0
2013-05-31,31.75,77.25,0.0
2013-05-31,31.75,77.5,0.0
2013-05-31,32.0,76.5,0.0
2013-05-31,32.0,76.75,0.0
2013-05-31,32.0,77.0,0.0
2013-05-31,32.0,77.25,0.0
2013-05-31,32.0,77.5,0.0
2013-06-01,31.5,76.5,0.0
2013-06-01,31.5,76.75,0.0
2013-06-01,31.5,77.0,0.0
2013-06-01,31.5,77.25,0.0
2013-06-01,31.5,77.5,0.0
2013-06-01,31.75,76.5,0.0
2013-06-01,31.75,76.75,0.0
2013-06-01,31.75,77.0,0.0
2013-06-01,31.75,77.25,0.0
2013-06-01,31.75,77.5,0.0
2013-06-01,32.0,76.5,0.0
2013-06-01,32.0,76.75,0.0
2013-06-01,32.0,77.0,0.0
2013-06-01,32.0,77.25,0.0
2013-06-01,32.0,77.5,0.0
2013-06-02,31.5,76.5,0.0
2013-06-02,31.5,76.75,0.0
2013-06-02,31.5,77.0,0.0
2013-06-02,31.5,77.25,0.0
2013-06-02,31.5,77.5,0.0
2013-06-02,31.75,76.5,0.0
2013-06-02,31.75,76.75,0.0
2013-06-02,31.75,77.0,0.0
2013-06-02,31.75,77.25,0.0
2013-06-02,31.75,77.5,0.0
2013-06-02,32.0,76.5,1.209073543548584
2013-06-02,32.0,76.75,0.0
2013-06-02,32.0,77.0,0.0
2013-06-02,32.0,77.25,0.0
2013-06-02,32.0,77.5,0.0
2013-06-03,31.5,76.5,0.0
2013-06-03,31.5,76.75,0.752150297164917
2013-06-03,31.5,77.0,7.767986297607422
2013-06-03,31.5,77.25,0.34509918093681335
2013-06-03,31.5,77.5,0.7108765244483948
2013-06-03,31.75,76.5,11.291620254516602
2013-06-03,31.75,76.75,10.324607849121094
2013-06-03,31.75,77.0,5.977116584777832
2013-06-03,31.75,77.25,1.457502841949463
2013-06-03,31.75,77.5,0.0
2013-06-03,32.0,76.5,25.475881576538086
2013-06-03,32.0,76.75,30.058691024780273
2013-06-03,32.0,77.0,1.927045226097107
2013-06-03,32.0,77.25,0.2798680067062378
2013-06-03,32.0,77.5,0.36808010935783386
2013-06-04,31.5,76.5,9.011470794677734
2013-06-04,31.5,76.75,21.47933006286621
2013-06-04,31.5,77.0,7.309784889221191
2013-06-04,31.5,77.25,0.7299312353134155
2013-06-04,31.5,77.5,2.6504783630371094
2013-06-04,31.75,76.5,0.7359755635261536
2013-06-04,31.75,76.75,5.406599044799805
2013-06-04,31.75,77.0,3.332765579223633
2013-06-04,31.75,77.25,1.8046984672546387
2013-06-04,31.75,77.5,1.5957505702972412
2013-06-04,32.0,76.5,1.510371208190918
2013-06-04,32.0,76.75,2.827357530593872
2013-06-04,32.0,77.0,3.1254444122314453
2013-06-04,32.0,77.25,4.806095123291016
2013-06-04,32.0,77.5,2.5586295127868652
2013-06-05,31.5,76.5,0.0
2013-06-05,31.5,76.75,0.0
2013-06-05,31.5,77.0,0.0
2013-06-05,31.5,77.25,0.0
2013-06-05,31.5,77.5,0.0
2013-06-05,31.75,76.5,0.0
2013-06-05,31.75,76.75,0.0
2013-06-05,31.75,77.0,0.0
2013-06-05,31.75,77.25,0.0
2013-06-05,31.75,77.5,0.0
2013-06-05,32.0,76.5,0.0
2013-06-05,32.0,76.75,0.0
2013-06-05,32.0,77.0,0.0
2013-06-05,32.0,77.25,0.0
2013-06-05,32.0,77.5,0.0
2013-06-06,31.5,76.5,0.0
2013-06-06,31.5,76.75,0.0
2013-06-06,31.5,77.0,0.0
2013-06-06,31.5,77.25,0.0
2013-06-06,31.5,77.5,0.0
2013-06-06,31.75,76.5,0.0
2013-06-06,31.75,76.75,0.0
2013-06-06,31.75,77.0,0.0
2013-06-06,31.75,77.25,0.0
2013-06-06,31.75,77.5,0.0
2013-06-06,32.0,76.5,0.0
2013-06-06,32.0,76.75,0.0
2013-06-06,32.0,77.0,0.5117513537406921
2013-06-06,32.0,77.25,0.2238944172859192
2013-06-06,32.0,77.5,0.294464111328125
2013-06-07,31.5,76.5,1.491262435913086
2013-06-07,31.5,76.75,3.6505327224731445
2013-06-07,31.5,77.0,0.4855320453643799
2013-06-07,31.5,77.25,4.012373924255371
2013-06-07,31.5,77.5,2.6288211345672607
2013-06-07,31.75,76.5,1.7146281003952026
2013-06-07,31.75,76.75,4.574559211730957
2013-06-07,31.75,77.0,2.873575448989868
2013-06-07,31.75,77.25,3.535832643508911
2013-06-07,31.75,77.5,2.5774388313293457
2013-06-07,32.0,76.5,2.2919363975524902
2013-06-07,32.0,76.75,3.1985182762145996
2013-06-07,32.0,77.0,1.0317394733428955
2013-06-07,32.0,77.25,0.33796465396881104
2013-06-07,32.0,77.5,1.7312771081924438
2013-06-08,31.5,76.5,15.527617454528809
2013-06-08,31.5,76.75,29.96364974975586
2013-06-08,31.5,77.0,1.8003031015396118
2013-06-08,31.5,77.25,0.1811770647764206
2013-06-08,31.5,77.5,0.0
2013-06-08,31.75,76.5,5.647146224975586
2013-06-08,31.75,76.75,8.273064613342285
2013-06-08,31.75,77.0,0.8657605051994324
2013-06-08,31.75,77.25,5.208702087402344
2013-06-08,31.75,77.5,8.902976989746094
2013-06-08,32.0,76.5,0.9405499696731567
2013-06-08,32.0,76.75,0.9941881895065308
2013-06-08,32.0,77.0,13.111540794372559
2013-06-08,32.0,77.25,27.542736053466797
2013-06-08,32.0,77.5,14.49869441986084
2013-06-09,31.5,76.5,1.475061297416687
2013-06-09,31.5,76.75,1.8351657390594482
2013-06-09,31.5,77.0,6.671289920806885
2013-06-09,31.5,77.25,9.141860961914062
2013-06-09,31.5,77.5,6.057718753814697
2013-06-09,31.75,76.5,6.609728813171387
2013-06-09,31.75,76.75,13.614212036132812
2013-06-09,31.75,77.0,8.804685592651367
2013-06-09,31.75,77.25,9.283958435058594
2013-06-09,31.75,77.5,4.519175052642822
2013-06-09,32.0,76.5,17.23542022705078
2013-06-09,32.0,76.75,20.34729766845703
2013-06-09,32.0,77.0,1.8452101945877075
2013-06-09,32.0,77.25,0.2978678047657013
2013-06-09,32.0,77.5,2.877556085586548
2013-06-10,31.5,76.5,6.969786167144775
2013-06-10,31.5,76.75,0.4668354392051697
2013-06-10,31.5,77.0,0.861908495426178
2013-06-10,31.5,77.25,17.421281814575195
2013-06-10,31.5,77.5,11.543954849243164
2013-06-10,31.75,76.5,36.68185806274414
2013-06-10,31.75,76.75,4.004889011383057
2013-06-10,31.75,77.0,11.870184898376465
2013-06-10,31.75,77.25,16.58555030822754
2013-06-10,31.75,77.5,14.013494491577148
2013-06-10,32.0,76.5,70.25713348388672
2013-06-10,32.0,76.75,68.17132568359375
2013-06-10,32.0,77.0,8.202316284179688
2013-06-10,32.0,77.25,6.307036876678467
2013-06-10,32.0,77.5,10.912894248962402
2013-06-11,31.5,76.5,6.088691234588623
2013-06-11,31.5,76.75,11.487027168273926
2013-06-11,31.5,77.0,10.1653470993042
2013-06-11,31.5,77.25,4.161464214324951
2013-06-11,31.5,77.5,3.4157660007476807
2013-06-11,31.75,76.5,26.727558135986328
2013-06-11,31.75,76.75,17.220966339111328
2013-06-11,31.75,77.0,10.166807174682617
2013-06-11,31.75,77.25,4.9651875495910645
2013-06-11,31.75,77.5,2.8809714317321777
2013-06-11,32.0,76.5,69.37749481201172
2013-06-11,32.0,76.75,62.9051628112793
2013-06-11,32.0,77.0,4.411393165588379
2013-06-11,32.0,77.25,1.0843156576156616
2013-06-11,32.0,77.5,2.779101848602295
2013-06-12,31.5,76.5,14.242424964904785
2013-06-12,31.5,76.75,17.955636978149414
2013-06-12,31.5,77.0,2.2977938652038574
2013-06-12,31.5,77.25,7.44264030456543
2013-06-12,31.5,77.5,4.8004560470581055
2013-06-12,31.75,76.5,53.01001739501953
2013-06-12,31.75,76.75,9.533398628234863
2013-06-12,31.75,77.0,8.56126880645752
2013-06-12,31.75,77.25,7.823025226593018
2013-06-12,31.75,77.5,7.00540018081665
2013-06-12,32.0,76.5,90.92113494873047
2013-06-12,32.0,76.75,76.1250228881836
2013-06-12,32.0,77.0,10.653349876403809
2013-06-12,32.0,77.25,6.444583892822266
2013-06-12,32.0,77.5,8.80601692199707
2013-06-13,31.5,76.5,19.345014572143555
2013-06-13,31.5,76.75,7.561294078826904
2013-06-13,31.5,77.0,2.222054958343506
2013-06-13,31.5,77.25,4.320887565612793
2013-06-13,31.5,77.5,10.273824691772461
2013-06-13,31.75,76.5,14.5834321975708
2013-06-13,31.75,76.75,1.6170973777770996
2013-06-13,31.75,77.0,6.358522891998291
2013-06-13,31.75,77.25,4.613067150115967
2013-06-13,31.75,77.5,6.159317493438721
2013-06-13,32.0,76.5,9.617423057556152
2013-06-13,32.0,76.75,10.38094425201416
2013-06-13,32.0,77.0,5.24795389175415
2013-06-13,32.0,77.25,2.5933010578155518
2013-06-13,32.0,77.5,4.3588786125183105
2013-06-14,31.5,76.5,30.314971923828125
2013-06-14,31.5,76.75,24.728775024414062
2013-06-14,31.5,77.0,14.706714630126953
2013-06-14,31.5,77.25,11.48071002960205
2013-06-14,31.5,77.5,9.841307640075684
2013-06-14,31.75,76.5,19.17608070373535
2013-06-14,31.75,76.75,11.94399356842041
2013-06-14,31.75,77.0,11.775228500366211
2013-06-14,31.75,77.25,14.117812156677246
2013-06-14,31.75,77.5,15.82543659210205
2013-06-14,32.0,76.5,33.188541412353516
2013-06-14,32.0,76.75,13.689401626586914
2013-06-14,32.0,77.0,18.35576629638672
2013-06-14,32.0,77.25,27.370330810546875
2013-06-14,32.0,77.5,19.276247024536133
2013-06-15,31.5,76.5,38.5544548034668
2013-06-15,31.5,76.75,42.46118927001953
2013-06-15,31.5,77.0,25.920961380004883
2013-06-15,31.5,77.25,22.217243194580078
2013-06-15,31.5,77.5,21.73584747314453
2013-06-15,31.75,76.5,16.61571502685547
2013-06-15,31.75,76.75,42.1633186340332
2013-06-15,31.75,77.0,23.24311637878418
2013-06-15,31.75,77.25,26.3128719329834
2013-06-15,31.75,77.5,29.71763038635254
2013-06-15,32.0,76.5,25.7911434173584
2013-06-15,32.0,76.75,19.39298439025879
2013-06-15,32.0,77.0,30.482881546020508
2013-06-15,32.0,77.25,47.71760177612305
2013-06-15,32.0,77.5,33.69464874267578
2013-06-16,31.5,76.5,52.97099685668945
2013-06-16,31.5,76.75,44.06919479370117
2013-06-16,31.5,77.0,10.329289436340332
2013-06-16,31.5,77.25,11.883206367492676
2013-06-16,31.5,77.5,20.6732177734375
2013-06-16,31.75,76.5,40.01656723022461
2013-06-16,31.75,76.75,19.09761619567871
2013-06-16,31.75,77.0,21.81229591369629
2013-06-16,31.75,77.25,19.280519485473633
2013-06-16,31.75,77.5,24.829875946044922
2013-06-16,32.0,76.5,30.01836395263672
2013-06-16,32.0,76.75,27.473886489868164
2013-06-16,32.0,77.0,34.01696014404297
2013-06-16,32.0,77.25,42.359127044677734
2013-06-16,32.0,77.5,31.2888126373291
2013-06-17,31.5,76.5,0.29708555340766907
2013-06-17,31.5,76.75,0.0
2013-06-17,31.5,77.0,6.076645851135254
2013-06-17,31.5,77.25,7.730668067932129
2013-06-17,31.5,77.5,26.0267391204834
2013-06-17,31.75,76.5,2.4786484241485596
2013-06-17,31.75,76.75,0.35224851965904236
2013-06-17,31.75,77.0,1.5216319561004639
2013-06-17,31.75,77.25,5.266191005706787
2013-06-17,31.75,77.5,7.101834297180176
2013-06-17,32.0,76.5,8.057061195373535
2013-06-17,32.0,76.75,6.137391567230225
2013-06-17,32.0,77.0,1.1114410161972046
2013-06-17,32.0,77.25,0.5364056825637817
2013-06-17,32.0,77.5,2.600882053375244
2013-06-18,31.5,76.5,1.0900784730911255
2013-06-18,31.5,76.75,1.0683298110961914
2013-06-18,31.5,77.0,1.6242009401321411
2013-06-18,31.5,77.25,7.418881893157959
2013-06-18,31.5,77.5,13.169339179992676
2013-06-18,31.75,76.5,8.57797908782959
2013-06-18,31.75,76.75,1.4398983716964722
2013-06-18,31.75,77.0,5.562779903411865
2013-06-18,31.75,77.25,6.814099311828613
2013-06-18,31.75,77.5,7.530152797698975
2013-06-18,32.0,76.5,14.109777450561523
2013-06-18,32.0,76.75,13.593594551086426
2013-06-18,32.0,77.0,8.04330062866211
2013-06-18,32.0,77.25,4.079505443572998
2013-06-18,32.0,77.5,6.903853416442871
2013-06-19,31.5,76.5,0.0
2013-06-19,31.5,76.75,0.0
2013-06-19,31.5,77.0,0.20480994880199432
2013-06-19,31.5,77.25,4.32031774520874
2013-06-19,31.5,77.5,3.250886917114258
2013-06-19,31.75,76.5,0.0
2013-06-19,31.75,76.75,0.0
2013-06-19,31.75,77.0,0.10427337139844894
2013-06-19,31.75,77.25,3.258054733276367
2013-06-19,31.75,77.5,2.0464189052581787
2013-06-19,32.0,76.5,0.0
2013-06-19,32.0,76.75,0.0
2013-06-19,32.0,77.0,0.0
2013-06-19,32.0,77.25,0.13488352298736572
2013-06-19,32.0,77.5,1.303044319152832
2013-06-20,31.5,76.5,0.0
2013-06-20,31.5,76.75,0.0
2013-06-20,31.5,77.0,0.0
2013-06-20,31.5,77.25,0.0
2013-06-20,31.5,77.5,0.0
2013-06-20,31.75,76.5,0.0
2013-06-20,31.75,76.75,0.0
2013-06-20,31.75,77.0,0.0
2013-06-20,31.75,77.25,0.0
2013-06-20,31.75,77.5,0.0
2013-06-20,32.0,76.5,0.0
2013-06-20,32.0,76.75,0.0
2013-06-20,32.0,77.0,0.0
2013-06-20,32.0,77.25,0.0
2013-06-20,32.0,77.5,0.0
2013-06-21,31.5,76.5,0.0
2013-06-21,31.5,76.75,0.0
2013-06-21,31.5,77.0,0.0
2013-06-21,31.5,77.25,0.0
2013-06-21,31.5,77.5,0.0
2013-06-21,31.75,76.5,0.0
2013-06-21,31.75,76.75,0.0
2013-06-21,31.75,77.0,0.0
2013-06-21,31.75,77.25,0.0
2013-06-21,31.75,77.5,0.0
2013-06-21,32.0,76.5,0.0
2013-06-21,32.0,76.75,0.0
2013-06-21,32.0,77.0,0.0
2013-06-21,32.0,77.25,0.0
2013-06-21,32.0,77.5,0.0
2013-06-22,31.5,76.5,0.0
2013-06-22,31.5,76.75,0.0
2013-06-22,31.5,77.0,0.0
2013-06-22,31.5,77.25,0.0
2013-06-22,31.5,77.5,0.0
2013-06-22,31.75,76.5,0.0
2013-06-22,31.75,76.75,0.0
2013-06-22,31.75,77.0,0.0
2013-06-22,31.75,77.25,0.0
2013-06-22,31.75,77.5,0.0
2013-06-22,32.0,76.5,1.3189892768859863
2013-06-22,32.0,76.75,0.0
2013-06-22,32.0,77.0,0.0
2013-06-22,32.0,77.25,0.0
2013-06-22,32.0,77.5,0.0
2013-06-23,31.5,76.5,6.789168357849121
2013-06-23,31.5,76.75,16.566024780273438
2013-06-23,31.5,77.0,3.7603261470794678
2013-06-23,31.5,77.25,0.0
2013-06-23,31.5,77.5,0.0
2013-06-23,31.75,76.5,4.257050037384033
2013-06-23,31.75,76.75,11.396921157836914
2013-06-23,31.75,77.0,5.495208263397217
2013-06-23,31.75,77.25,1.2631691694259644
2013-06-23,31.75,77.5,0.0
2013-06-23,32.0,76.5,5.193316459655762
2013-06-23,32.0,76.75,7.091290473937988
2013-06-23,32.0,77.0,1.3289382457733154
2013-06-23,32.0,77.25,0.0
2013-06-23,32.0,77.5,0.12269337475299835
2013-06-24,31.5,76.5,26.4986572265625
2013-06-24,31.5,76.75,48.04301071166992
2013-06-24,31.5,77.0,35.8028678894043
2013-06-24,31.5,77.25,8.975748062133789
2013-06-24,31.5,77.5,4.459796905517578
2013-06-24,31.75,76.5,47.052066802978516
2013-06-24,31.75,76.75,35.23551559448242
2013-06-24,31.75,77.0,11.560580253601074
2013-06-24,31.75,77.25,6.534506320953369
2013-06-24,31.75,77.5,3.68002986907959
2013-06-24,32.0,76.5,79.33668518066406
2013-06-24,32.0,76.75,67.77597045898438
2013-06-24,32.0,77.0,4.936549186706543
2013-06-24,32.0,77.25,5.229070663452148
2013-06-24,32.0,77.5,4.271468162536621
2013-06-25,31.5,76.5,16.452804565429688
2013-06-25,31.5,76.75,38.3619499206543
2013-06-25,31.5,77.0,41.44523620605469
2013-06-25,31.5,77.25,52.11314010620117
2013-06-25,31.5,77.5,37.101043701171875
2013-06-25,31.75,76.5,21.50176239013672
2013-06-25,31.75,76.75,46.23491668701172
2013-06-25,31.75,77.0,21.27157211303711
2013-06-25,31.75,77.25,41.96226119995117
2013-06-25,31.75,77.5,25.64029312133789
2013-06-25,32.0,76.5,31.830894470214844
2013-06-25,32.0,76.75,39.68926239013672
2013-06-25,32.0,77.0,6.362321853637695
2013-06-25,32.0,77.25,4.233207702636719
2013-06-25,32.0,77.5,17.24803352355957
2013-06-26,31.5,76.5,34.175079345703125
2013-06-26,31.5,76.75,47.66432189941406
2013-06-26,31.5,77.0,24.557151794433594
2013-06-26,31.5,77.25,19.239625930786133
2013-06-26,31.5,77.5,16.559484481811523
2013-06-26,31.75,76.5,22.087474822998047
2013-06-26,31.75,76.75,35.461666107177734
2013-06-26,31.75,77.0,14.003548622131348
2013-06-26,31.75,77.25,22.17168426513672
2013-06-26,31.75,77.5,22.429397583007812
2013-06-26,32.0,76.5,45.19945526123047
2013-06-26,32.0,76.75,39.426971435546875
2013-06-26,32.0,77.0,24.45514678955078
2013-06-26,32.0,77.25,41.13267517089844
2013-06-26,32.0,77.5,27.98822593688965
2013-06-27,31.5,76.5,6.915096759796143
2013-06-27,31.5,76.75,2.7213070392608643
2013-06-27,31.5,77.0,1.2545844316482544
2013-06-27,31.5,77.25,2.285396099090576
2013-06-27,31.5,77.5,1.3715589046478271
2013-06-27,31.75,76.5,24.525211334228516
2013-06-27,31.75,76.75,10.683188438415527
2013-06-27,31.75,77.0,12.654547691345215
2013-06-27,31.75,77.25,4.071175575256348
2013-06-27,31.75,77.5,5.665236473083496
2013-06-27,32.0,76.5,24.054101943969727
2013-06-27,32.0,76.75,19.600679397583008
2013-06-27,32.0,77.0,9.461716651916504
2013-06-27,32.0,77.25,4.959312915802002
2013-06-27,32.0,77.5,6.358447074890137
2013-06-28,31.5,76.5,26.240964889526367
2013-06-28,31.5,76.75,12.809675216674805
2013-06-28,31.5,77.0,0.9670201539993286
2013-06-28,31.5,77.25,9.494956970214844
2013-06-28,31.5,77.5,7.118481159210205
2013-06-28,31.75,76.5,15.881229400634766
2013-06-28,31.75,76.75,9.915288925170898
2013-06-28,31.75,77.0,4.924684524536133
2013-06-28,31.75,77.25,9.829296112060547
2013-06-28,31.75,77.5,8.70087718963623
2013-06-28,32.0,76.5,7.00947380065918
2013-06-28,32.0,76.75,5.606910705566406
2013-06-28,32.0,77.0,6.796389102935791
2013-06-28,32.0,77.25,10.6068696975708
2013-06-28,32.0,77.5,9.120275497436523
2013-06-29,31.5,76.5,0.0
2013-06-29,31.5,76.75,0.13963060081005096
2013-06-29,31.5,77.0,1.2172054052352905
2013-06-29,31.5,77.25,4.139710426330566
2013-06-29,31.5,77.5,4.442898750305176
2013-06-29,31.75,76.5,17.35053825378418
2013-06-29,31.75,76.75,6.324052810668945
2013-06-29,31.75,77.0,2.0205111503601074
2013-06-29,31.75,77.25,3.6346423625946045
2013-06-29,31.75,77.5,2.8482460975646973
2013-06-29,32.0,76.5,37.66978073120117
2013-06-29,32.0,76.75,42.37289047241211
2013-06-29,32.0,77.0,0.4095271825790405
2013-06-29,32.0,77.25,0.15896444022655487
2013-06-29,32.0,77.5,1.3587204217910767
2013-06-30,31.5,76.5,5.940107822418213
2013-06-30,31.5,76.75,4.35139274597168
2013-06-30,31.5,77.0,2.6819634437561035
2013-06-30,31.5,77.25,1.2851245403289795
2013-06-30,31.5,77.5,0.6857794523239136
2013-06-30,31.75,76.5,7.566901206970215
2013-06-30,31.75,76.75,1.3273454904556274
2013-06-30,31.75,77.0,0.8841001987457275
2013-06-30,31.75,77.25,1.8755390644073486
2013-06-30,31.75,77.5,2.271176815032959
2013-06-30,32.0,76.5,12.449098587036133
2013-06-30,32.0,76.75,11.983687400817871
2013-06-30,32.0,77.0,3.7151377201080322
2013-06-30,32.0,77.25,5.290644645690918
2013-06-30,32.0,77.5,3.604301691055298
2013-07-01,31.5,76.5,0.0
2013-07-01,31.5,76.75,0.0
2013-07-01,31.5,77.0,0.0
2013-07-01,31.5,77.25,0.0
2013-07-01,31.5,77.5,0.0
2013-07-01,31.75,76.5,1.1016215085983276
2013-07-01,31.75,76.75,0.15655489265918732
2013-07-01,31.75,77.0,0.0
2013-07-01,31.75,77.25,0.0
2013-07-01,31.75,77.5,0.0
2013-07-01,32.0,76.5,2.3889405727386475
2013-07-01,32.0,76.75,2.616887092590332
2013-07-01,32.0,77.0,0.0
2013-07-01,32.0,77.25,0.0
2013-07-01,32.0,77.5,0.0
2013-07-02,31.5,76.5,0.0
2013-07-02,31.5,76.75,0.0
2013-07-02,31.5,77.0,0.0
2013-07-02,31.5,77.25,0.0
2013-07-02,31.5,77.5,0.0
2013-07-02,31.75,76.5,0.0
2013-07-02,31.75,76.75,3.6611461639404297
2013-07-02,31.75,77.0,0.6372960209846497
2013-07-02,31.75,77.25,0.0
2013-07-02,31.75,77.5,0.0
2013-07-02,32.0,76.5,0.0
2013-07-02,32.0,76.75,0.7318330407142639
2013-07-02,32.0,77.0,0.0
2013-07-02,32.0,77.25,0.0
2013-07-02,32.0,77.5,0.0
2013-07-03,31.5,76.5,1.1678153276443481
2013-07-03,31.5,76.75,3.0837302207946777
2013-07-03,31.5,77.0,6.850148677825928
2013-07-03,31.5,77.25,4.478918552398682
2013-07-03,31.5,77.5,4.723265171051025
2013-07-03,31.75,76.5,9.40829849243164
2013-07-03,31.75,76.75,7.182684421539307
2013-07-03,31.75,77.0,12.177593231201172
2013-07-03,31.75,77.25,7.550865173339844
2013-07-03,31.75,77.5,6.863518714904785
2013-07-03,32.0,76.5,26.10398292541504
2013-07-03,32.0,76.75,26.14627456665039
2013-07-03,32.0,77.0,11.30838394165039
2013-07-03,32.0,77.25,10.3168363571167
2013-07-03,32.0,77.5,8.865346908569336
2013-07-04,31.5,76.5,0.0
2013-07-04,31.5,76.75,0.17114077508449554
2013-07-04,31.5,77.0,0.0
2013-07-04,31.5,77.25,0.0
2013-07-04,31.5,77.5,2.778136730194092
2013-07-04,31.75,76.5,0.2754053771495819
2013-07-04,31.75,76.75,8.121291160583496
2013-07-04,31.75,77.0,1.4068608283996582
2013-07-04,31.75,77.25,0.0
2013-07-04,31.75,77.5,1.1942905187606812
2013-07-04,32.0,76.5,1.908599853515625
2013-07-04,32.0,76.75,2.269777774810791
2013-07-04,32.0,77.0,0.0
2013-07-04,32.0,77.25,0.0
2013-07-04,32.0,77.5,0.0
2013-07-05,31.5,76.5,1.6933917999267578
2013-07-05,31.5,76.75,0.0
2013-07-05,31.5,77.0,0.21694189310073853
2013-07-05,31.5,77.25,0.0
2013-07-05,31.5,77.5,0.0
2013-07-05,31.75,76.5,4.36605167388916
2013-07-05,31.75,76.75,3.1599695682525635
2013-07-05,31.75,77.0,0.7593923211097717
2013-07-05,31.75,77.25,0.3446334898471832
2013-07-05,31.75,77.5,0.46450313925743103
2013-07-05,32.0,76.5,2.352386236190796
2013-07-05,32.0,76.75,1.999076247215271
2013-07-05,32.0,77.0,0.7484481334686279
2013-07-05,32.0,77.25,1.4370123147964478
2013-07-05,32.0,77.5,0.7564535737037659
2013-07-06,31.5,76.5,5.875637531280518
2013-07-06,31.5,76.75,0.40306732058525085
2013-07-06,31.5,77.0,0.7505239844322205
2013-07-06,31.5,77.25,12.291794776916504
2013-07-06,31.5,77.5,8.40343952178955
2013-07-06,31.75,76.5,47.924591064453125
2013-07-06,31.75,76.75,10.457152366638184
2013-07-06,31.75,77.0,18.002628326416016
2013-07-06,31.75,77.25,12.852216720581055
2013-07-06,31.75,77.5,12.173086166381836
2013-07-06,32.0,76.5,109.41187286376953
2013-07-06,32.0,76.75,87.91544342041016
2013-07-06,32.0,77.0,9.840484619140625
2013-07-06,32.0,77.25,3.5820322036743164
2013-07-06,32.0,77.5,9.17487907409668
2013-07-07,31.5,76.5,27.434310913085938
2013-07-07,31.5,76.75,30.02123260498047
2013-07-07,31.5,77.0,36.350341796875
2013-07-07,31.5,77.25,38.28448486328125
2013-07-07,31.5,77.5,26.010892868041992
2013-07-07,31.75,76.5,61.70824432373047
2013-07-07,31.75,76.75,66.89159393310547
2013-07-07,31.75,77.0,46.360740661621094
2013-07-07,31.75,77.25,36.47800064086914
2013-07-07,31.75,77.5,23.53212547302246
2013-07-07,32.0,76.5,71.64385223388672
2013-07-07,32.0,76.75,50.385528564453125
2013-07-07,32.0,77.0,15.72832202911377
2013-07-07,32.0,77.25,3.816281795501709
2013-07-07,32.0,77.5,16.444639205932617
2013-07-08,31.5,76.5,21.121919631958008
2013-07-08,31.5,76.75,22.39429473876953
2013-07-08,31.5,77.0,25.049190521240234
2013-07-08,31.5,77.25,13.805937767028809
2013-07-08,31.5,77.5,7.94951868057251
2013-07-08,31.75,76.5,53.03023147583008
2013-07-08,31.75,76.75,27.865467071533203
2013-07-08,31.75,77.0,20.25554656982422
2013-07-08,31.75,77.25,14.231733322143555
2013-07-08,31.75,77.5,8.973381042480469
2013-07-08,32.0,76.5,44.82821273803711
2013-07-08,32.0,76.75,36.918418884277344
2013-07-08,32.0,77.0,9.956871032714844
2013-07-08,32.0,77.25,8.125144004821777
2013-07-08,32.0,77.5,8.745543479919434
2013-07-09,31.5,76.5,9.748525619506836
2013-07-09,31.5,76.75,8.410999298095703
2013-07-09,31.5,77.0,6.1844096183776855
2013-07-09,31.5,77.25,2.923330068588257
2013-07-09,31.5,77.5,1.4858554601669312
2013-07-09,31.75,76.5,5.399705410003662
2013-07-09,31.75,76.75,7.1781463623046875
2013-07-09,31.75,77.0,6.786944389343262
2013-07-09,31.75,77.25,6.531473636627197
2013-07-09,31.75,77.5,8.961088180541992
2013-07-09,32.0,76.5,4.164328575134277
2013-07-09,32.0,76.75,4.369155406951904
2013-07-09,32.0,77.0,12.948741912841797
2013-07-09,32.0,77.25,20.242902755737305
2013-07-09,32.0,77.5,12.679901123046875
2013-07-10,31.5,76.5,2.4110589027404785
2013-07-10,31.5,76.75,3.2454867362976074
2013-07-10,31.5,77.0,0.3376508057117462
2013-07-10,31.5,77.25,0.0
2013-07-10,31.5,77.5,0.0
2013-07-10,31.75,76.5,3.2520363330841064
2013-07-10,31.75,76.75,0.9496186971664429
2013-07-10,31.75,77.0,0.1775932013988495
2013-07-10,31.75,77.25,3.1889021396636963
2013-07-10,31.75,77.5,5.367591857910156
2013-07-10,32.0,76.5,7.521766185760498
2013-07-10,32.0,76.75,7.279438018798828
2013-07-10,32.0,77.0,8.161070823669434
2013-07-10,32.0,77.25,16.698762893676758
2013-07-10,32.0,77.5,8.863934516906738
2013-07-11,31.5,76.5,6.848276615142822
2013-07-11,31.5,76.75,8.88327693939209
2013-07-11,31.5,77.0,1.315171718597412
2013-07-11,31.5,77.25,1.8215034008026123
2013-07-11,31.5,77.5,1.2001140117645264
2013-07-11,31.75,76.5,3.6835532188415527
2013-07-11,31.75,76.75,1.463897943496704
2013-07-11,31.75,77.0,0.7144869565963745
2013-07-11,31.75,77.25,2.9542768001556396
2013-07-11,31.75,77.5,3.265230655670166
2013-07-11,32.0,76.5,2.3784964084625244
2013-07-11,32.0,76.75,0.27393531799316406
2013-07-11,32.0,77.0,3.6219003200531006
2013-07-11,32.0,77.25,7.260127067565918
2013-07-11,32.0,77.5,4.389467239379883
2013-07-12,31.5,76.5,4.238325119018555
2013-07-12,31.5,76.75,10.271720886230469
2013-07-12,31.5,77.0,0.8001120686531067
2013-07-12,31.5,77.25,0.0
2013-07-12,31.5,77.5,0.0
2013-07-12,31.75,76.5,1.9278377294540405
2013-07-12,31.75,76.75,1.6440178155899048
2013-07-12,31.75,77.0,0.2663898169994354
2013-07-12,31.75,77.25,0.0
2013-07-12,31.75,77.5,0.0
2013-07-12,32.0,76.5,7.522085189819336
2013-07-12,32.0,76.75,4.704050540924072
2013-07-12,32.0,77.0,0.0
2013-07-12,32.0,77.25,0.0
2013-07-12,32.0,77.5,0.0
2013-07-13,31.5,76.5,8.332362174987793
2013-07-13,31.5,76.75,14.760199546813965
2013-07-13,31.5,77.0,4.634422779083252
2013-07-13,31.5,77.25,2.6568729877471924
2013-07-13,31.5,77.5,1.7905168533325195
2013-07-13,31.75,76.5,0.8262161016464233
2013-07-13,31.75,76.75,13.138370513916016
2013-07-13,31.75,77.0,3.164130926132202
2013-07-13,31.75,77.25,4.544371604919434
2013-07-13,31.75,77.5,5.728280067443848
2013-07-13,32.0,76.5,1.7917053699493408
2013-07-13,32.0,76.75,4.501415252685547
2013-07-13,32.0,77.0,6.9071502685546875
2013-07-13,32.0,77.25,13.581499099731445
2013-07-13,32.0,77.5,7.988753318786621
2013-07-14,31.5,76.5,2.078047752380371
2013-07-14,31.5,76.75,0.9425893425941467
2013-07-14,31.5,77.0,1.2275358438491821
2013-07-14,31.5,77.25,2.762723684310913
2013-07-14,31.5,77.5,2.0318527221679688
2013-07-14,31.75,76.5,2.766239643096924
2013-07-14,31.75,76.75,0.7586729526519775
2013-07-14,31.75,77.0,0.779888391494751
2013-07-14,31.75,77.25,2.5928354263305664
2013-07-14,31.75,77.5,1.751365065574646
2013-07-14,32.0,76.5,4.748361587524414
2013-07-14,32.0,76.75,0.33199429512023926
2013-07-14,32.0,77.0,0.7417144775390625
2013-07-14,32.0,77.25,1.2874326705932617
2013-07-14,32.0,77.5,1.4990742206573486
2013-07-15,31.5,76.5,4.5657124519348145
2013-07-15,31.5,76.75,8.46575927734375
2013-07-15,31.5,77.0,3.6142704486846924
2013-07-15,31.5,77.25,11.159185409545898
2013-07-15,31.5,77.5,7.54357385635376
2013-07-15,31.75,76.5,5.087475299835205
2013-07-15,31.75,76.75,4.965311527252197
2013-07-15,31.75,77.0,1.9333034753799438
2013-07-15,31.75,77.25,9.275486946105957
2013-07-15,31.75,77.5,5.675057888031006
2013-07-15,32.0,76.5,10.58614444732666
2013-07-15,32.0,76.75,9.538716316223145
2013-07-15,32.0,77.0,0.5434637069702148
2013-07-15,32.0,77.25,0.48027294874191284
2013-07-15,32.0,77.5,3.743182420730591
2013-07-16,31.5,76.5,15.626716613769531
2013-07-16,31.5,76.75,40.10137939453125
2013-07-16,31.5,77.0,3.8201677799224854
2013-07-16,31.5,77.25,1.2053431272506714
2013-07-16,31.5,77.5,0.6857794523239136
2013-07-16,31.75,76.5,16.2835750579834
2013-07-16,31.75,76.75,13.180113792419434
2013-07-16,31.75,77.0,3.5269527435302734
2013-07-16,31.75,77.25,5.830638885498047
2013-07-16,31.75,77.5,8.378725051879883
2013-07-16,32.0,76.5,41.65468978881836
2013-07-16,32.0,76.75,33.41505432128906
2013-07-16,32.0,77.0,12.504602432250977
2013-07-16,32.0,77.25,23.681528091430664
2013-07-16,32.0,77.5,13.151406288146973
2013-07-17,31.5,76.5,26.602792739868164
2013-07-17,31.5,76.75,36.98606491088867
2013-07-17,31.5,77.0,12.846681594848633
2013-07-17,31.5,77.25,1.7547111511230469
2013-07-17,31.5,77.5,0.0
2013-07-17,31.75,76.5,16.435134887695312
2013-07-17,31.75,76.75,15.028940200805664
2013-07-17,31.75,77.0,3.8765156269073486
2013-07-17,31.75,77.25,10.01644229888916
2013-07-17,31.75,77.5,15.999552726745605
2013-07-17,32.0,76.5,15.489633560180664
2013-07-17,32.0,76.75,8.05265998840332
2013-07-17,32.0,77.0,25.293519973754883
2013-07-17,32.0,77.25,50.000850677490234
2013-07-17,32.0,77.5,26.71816635131836
2013-07-18,31.5,76.5,3.4340622425079346
2013-07-18,31.5,76.75,0.20116490125656128
2013-07-18,31.5,77.0,1.56209135055542
2013-07-18,31.5,77.25,0.7042645215988159
2013-07-18,31.5,77.5,0.3428897261619568
2013-07-18,31.75,76.5,34.16838836669922
2013-07-18,31.75,76.75,5.684752464294434
2013-07-18,31.75,77.0,10.52511978149414
2013-07-18,31.75,77.25,2.4384946823120117
2013-07-18,31.75,77.5,3.3609447479248047
2013-07-18,32.0,76.5,67.90534210205078
2013-07-18,32.0,76.75,72.38226318359375
2013-07-18,32.0,77.0,12.871084213256836
2013-07-18,32.0,77.25,4.445467948913574
2013-07-18,32.0,77.5,7.035572052001953
2013-07-19,31.5,76.5,28.4442081451416
2013-07-19,31.5,76.75,4.5783610343933105
2013-07-19,31.5,77.0,8.155035972595215
2013-07-19,31.5,77.25,14.757238388061523
2013-07-19,31.5,77.5,9.966456413269043
2013-07-19,31.75,76.5,44.08393096923828
2013-07-19,31.75,76.75,31.022869110107422
2013-07-19,31.75,77.0,9.17938232421875
2013-07-19,31.75,77.25,13.47784423828125
2013-07-19,31.75,77.5,9.18660831451416
2013-07-19,32.0,76.5,21.722429275512695
2013-07-19,32.0,76.75,18.239145278930664
2013-07-19,32.0,77.0,3.6410346031188965
2013-07-19,32.0,77.25,5.725518703460693
2013-07-19,32.0,77.5,7.440762042999268
2013-07-20,31.5,76.5,65.68309783935547
2013-07-20,31.5,76.75,9.736303329467773
2013-07-20,31.5,77.0,9.783536911010742
2013-07-20,31.5,77.25,20.188091278076172
2013-07-20,31.5,77.5,21.22447967529297
2013-07-20,31.75,76.5,154.84461975097656
2013-07-20,31.75,76.75,19.238643646240234
2013-07-20,31.75,77.0,17.338300704956055
2013-07-20,31.75,77.25,18.834022521972656
2013-07-20,31.75,77.5,14.61249828338623
2013-07-20,32.0,76.5,120.19943237304688
2013-07-20,32.0,76.75,87.8794937133789
2013-07-20,32.0,77.0,13.377370834350586
2013-07-20,32.0,77.25,4.82153844833374
2013-07-20,32.0,77.5,12.737334251403809
2013-07-21,31.5,76.5,13.73049545288086
2013-07-21,31.5,76.75,6.6198506355285645
2013-07-21,31.5,77.0,1.6399961709976196
2013-07-21,31.5,77.25,0.4516938328742981
2013-07-21,31.5,77.5,1.4419881105422974
2013-07-21,31.75,76.5,14.80974292755127
2013-07-21,31.75,76.75,7.688987731933594
2013-07-21,31.75,77.0,14.506532669067383
2013-07-21,31.75,77.25,3.158450126647949
2013-07-21,31.75,77.5,5.251430034637451
2013-07-21,32.0,76.5,8.562825202941895
2013-07-21,32.0,76.75,5.310516834259033
2013-07-21,32.0,77.0,8.808464050292969
2013-07-21,32.0,77.25,4.82739782333374
2013-07-21,32.0,77.5,5.2543840408325195
2013-07-22,31.5,76.5,6.02746057510376
2013-07-22,31.5,76.75,10.990935325622559
2013-07-22,31.5,77.0,0.7497712969779968
2013-07-22,31.5,77.25,0.23944349586963654
2013-07-22,31.5,77.5,1.2226773500442505
2013-07-22,31.75,76.5,7.355544567108154
2013-07-22,31.75,76.75,7.114744663238525
2013-07-22,31.75,77.0,1.0313292741775513
2013-07-22,31.75,77.25,0.0
2013-07-22,31.75,77.5,0.0
2013-07-22,32.0,76.5,14.83565616607666
2013-07-22,32.0,76.75,15.456256866455078
2013-07-22,32.0,77.0,0.4267253875732422
2013-07-22,32.0,77.25,0.1679207980632782
2013-07-22,32.0,77.5,0.22084806859493256
2013-07-23,31.5,76.5,28.029163360595703
2013-07-23,31.5,76.75,51.93874740600586
2013-07-23,31.5,77.0,39.01591491699219
2013-07-23,31.5,77.25,13.518353462219238
2013-07-23,31.5,77.5,18.385005950927734
2013-07-23,31.75,76.5,35.0466194152832
2013-07-23,31.75,76.75,20.500526428222656
2013-07-23,31.75,77.0,12.307323455810547
2013-07-23,31.75,77.25,9.349472045898438
2013-07-23,31.75,77.5,8.585506439208984
2013-07-23,32.0,76.5,56.6293830871582
2013-07-23,32.0,76.75,52.296138763427734
2013-07-23,32.0,77.0,10.087153434753418
2013-07-23,32.0,77.25,3.467604160308838
2013-07-23,32.0,77.5,7.306855201721191
2013-07-24,31.5,76.5,1.0160351991653442
2013-07-24,31.5,76.75,0.4644146263599396
2013-07-24,31.5,77.0,17.165616989135742
2013-07-24,31.5,77.25,42.90168380737305
2013-07-24,31.5,77.5,31.58072853088379
2013-07-24,31.75,76.5,37.13258743286133
2013-07-24,31.75,76.75,10.220600128173828
2013-07-24,31.75,77.0,28.399044036865234
2013-07-24,31.75,77.25,38.678565979003906
2013-07-24,31.75,77.5,30.716684341430664
2013-07-24,32.0,76.5,97.3814468383789
2013-07-24,32.0,76.75,91.21070098876953
2013-07-24,32.0,77.0,14.124255180358887
2013-07-24,32.0,77.25,4.488742828369141
2013-07-24,32.0,77.5,20.415851593017578
2013-07-25,31.5,76.5,16.265214920043945
2013-07-25,31.5,76.75,34.30600357055664
2013-07-25,31.5,77.0,9.609766006469727
2013-07-25,31.5,77.25,9.157669067382812
2013-07-25,31.5,77.5,6.771803379058838
2013-07-25,31.75,76.5,12.91435718536377
2013-07-25,31.75,76.75,13.067366600036621
2013-07-25,31.75,77.0,14.811473846435547
2013-07-25,31.75,77.25,10.925116539001465
2013-07-25,31.75,77.5,10.816974639892578
2013-07-25,32.0,76.5,13.3040132522583
2013-07-25,32.0,76.75,10.509132385253906
2013-07-25,32.0,77.0,13.438239097595215
2013-07-25,32.0,77.25,11.561605453491211
2013-07-25,32.0,77.5,11.730374336242676
2013-07-26,31.5,76.5,16.91405487060547
2013-07-26,31.5,76.75,41.18983840942383
2013-07-26,31.5,77.0,10.634047508239746
2013-07-26,31.5,77.25,10.284452438354492
2013-07-26,31.5,77.5,10.56983757019043
2013-07-26,31.75,76.5,13.862353324890137
2013-07-26,31.75,76.75,12.477118492126465
2013-07-26,31.75,77.0,2.2691149711608887
2013-07-26,31.75,77.25,8.271392822265625
2013-07-26,31.75,77.5,7.471493721008301
2013-07-26,32.0,76.5,31.71541976928711
2013-07-26,32.0,76.75,27.692657470703125
2013-07-26,32.0,77.0,5.412452220916748
2013-07-26,32.0,77.25,6.6571197509765625
2013-07-26,32.0,77.5,7.157131195068359
2013-07-27,31.5,76.5,6.6338019371032715
2013-07-27,31.5,76.75,9.52451229095459
2013-07-27,31.5,77.0,5.786705493927002
2013-07-27,31.5,77.25,25.203134536743164
2013-07-27,31.5,77.5,18.31783103942871
2013-07-27,31.75,76.5,6.575825214385986
2013-07-27,31.75,76.75,1.8007296323776245
2013-07-27,31.75,77.0,4.540830612182617
2013-07-27,31.75,77.25,22.738508224487305
2013-07-27,31.75,77.5,16.982501983642578
2013-07-27,32.0,76.5,6.745451927185059
2013-07-27,32.0,76.75,8.010865211486816
2013-07-27,32.0,77.0,8.807708740234375
2013-07-27,32.0,77.25,11.70140266418457
2013-07-27,32.0,77.5,15.363386154174805
2013-07-28,31.5,76.5,2.9710288047790527
2013-07-28,31.5,76.75,8.278618812561035
2013-07-28,31.5,77.0,0.4378780722618103
2013-07-28,31.5,77.25,0.0
2013-07-28,31.5,77.5,0.2031075805425644
2013-07-28,31.75,76.5,0.0
2013-07-28,31.75,76.75,7.5825114250183105
2013-07-28,31.75,77.0,1.1663718223571777
2013-07-28,31.75,77.25,0.6793959140777588
2013-07-28,31.75,77.5,1.1612578630447388
2013-07-28,32.0,76.5,3.165574073791504
2013-07-28,32.0,76.75,1.3393924236297607
2013-07-28,32.0,77.0,1.7102010250091553
2013-07-28,32.0,77.25,3.5925307273864746
2013-07-28,32.0,77.5,1.8911340236663818
2013-07-29,31.5,76.5,12.870299339294434
2013-07-29,31.5,76.75,1.7251471281051636
2013-07-29,31.5,77.0,0.4886730909347534
2013-07-29,31.5,77.25,0.0
2013-07-29,31.5,77.5,0.0
2013-07-29,31.75,76.5,31.158817291259766
2013-07-29,31.75,76.75,5.366613388061523
2013-07-29,31.75,77.0,1.2496212720870972
2013-07-29,31.75,77.25,0.49890074133872986
2013-07-29,31.75,77.5,0.6451432704925537
2013-07-29,32.0,76.5,14.97367000579834
2013-07-29,32.0,76.75,3.7495310306549072
2013-07-29,32.0,77.0,1.0573912858963013
2013-07-29,32.0,77.25,1.9958504438400269
2013-07-29,32.0,77.5,1.05062997341156
2013-07-30,31.5,76.5,4.158824920654297
2013-07-30,31.5,76.75,0.5010166168212891
2013-07-30,31.5,77.0,1.5855882167816162
2013-07-30,31.5,77.25,1.1940548419952393
2013-07-30,31.5,77.5,0.6857794523239136
2013-07-30,31.75,76.5,13.070508003234863
2013-07-30,31.75,76.75,8.6519136428833
2013-07-30,31.75,77.0,2.67793345451355
2013-07-30,31.75,77.25,1.2274727821350098
2013-07-30,31.75,77.5,0.5116047263145447
2013-07-30,32.0,76.5,13.431450843811035
2013-07-30,32.0,76.75,13.139034271240234
2013-07-30,32.0,77.0,0.36475083231925964
2013-07-30,32.0,77.25,0.0
2013-07-30,32.0,77.5,0.325761079788208
2013-07-31,31.5,76.5,0.8192051649093628
2013-07-31,31.5,76.75,1.1044424772262573
2013-07-31,31.5,77.0,0.9230868816375732
2013-07-31,31.5,77.25,0.8614755272865295
2013-07-31,31.5,77.5,0.30210328102111816
2013-07-31,31.75,76.5,0.4735668897628784
2013-07-31,31.75,76.75,1.268018126487732
2013-07-31,31.75,77.0,1.8068724870681763
2013-07-31,31.75,77.25,9.113811492919922
2013-07-31,31.75,77.5,7.381397247314453
2013-07-31,32.0,76.5,0.2687285542488098
2013-07-31,32.0,76.75,0.5809900164604187
2013-07-31,32.0,77.0,7.331209659576416
2013-07-31,32.0,77.25,15.129199028015137
2013-07-31,32.0,77.5,9.419468879699707
2013-08-01,31.5,76.5,2.1326000690460205
2013-08-01,31.5,76.75,2.673034906387329
2013-08-01,31.5,77.0,3.2207634449005127
2013-08-01,31.5,77.25,7.003108978271484
2013-08-01,31.5,77.5,5.560337066650391
2013-08-01,31.75,76.5,10.877098083496094
2013-08-01,31.75,76.75,4.006239414215088
2013-08-01,31.75,77.0,0.9362356066703796
2013-08-01,31.75,77.25,8.573826789855957
2013-08-01,31.75,77.5,9.177857398986816
2013-08-01,32.0,76.5,16.812225341796875
2013-08-01,32.0,76.75,4.030707359313965
2013-08-01,32.0,77.0,8.175868034362793
2013-08-01,32.0,77.25,17.303665161132812
2013-08-01,32.0,77.5,11.11083984375
2013-08-02,31.5,76.5,2.7965190410614014
2013-08-02,31.5,76.75,5.417562961578369
2013-08-02,31.5,77.0,9.74191951751709
2013-08-02,31.5,77.25,10.758574485778809
2013-08-02,31.5,77.5,9.953630447387695
2013-08-02,31.75,76.5,37.056724548339844
2013-08-02,31.75,76.75,14.02156925201416
2013-08-02,31.75,77.0,4.15590238571167
2013-08-02,31.75,77.25,9.399584770202637
2013-08-02,31.75,77.5,8.209348678588867
2013-08-02,32.0,76.5,109.34629821777344
2013-08-02,32.0,76.75,80.18504333496094
2013-08-02,32.0,77.0,9.080255508422852
2013-08-02,32.0,77.25,10.310611724853516
2013-08-02,32.0,77.5,9.971989631652832
2013-08-03,31.5,76.5,1.0697942972183228
2013-08-03,31.5,76.75,1.0393297672271729
2013-08-03,31.5,77.0,1.3060641288757324
2013-08-03,31.5,77.25,3.4528417587280273
2013-08-03,31.5,77.5,4.722541809082031
2013-08-03,31.75,76.5,2.4630961418151855
2013-08-03,31.75,76.75,0.18691733479499817
2013-08-03,31.75,77.0,1.3961358070373535
2013-08-03,31.75,77.25,3.01887583732605
2013-08-03,31.75,77.5,2.633646249771118
2013-08-03,32.0,76.5,2.134380340576172
2013-08-03,32.0,76.75,0.26595553755760193
2013-08-03,32.0,77.0,2.577694892883301
2013-08-03,32.0,77.25,1.9048200845718384
2013-08-03,32.0,77.5,2.7217371463775635
2013-08-04,31.5,76.5,3.9626705646514893
2013-08-04,31.5,76.75,0.30818960070610046
2013-08-04,31.5,77.0,0.27712389826774597
2013-08-04,31.5,77.25,4.139710426330566
2013-08-04,31.5,77.5,2.7431178092956543
2013-08-04,31.75,76.5,4.071306228637695
2013-08-04,31.75,76.75,5.991618633270264
2013-08-04,31.75,77.0,1.2790894508361816
2013-08-04,31.75,77.25,3.3066823482513428
2013-08-04,31.75,77.5,2.093825578689575
2013-08-04,32.0,76.5,8.34073543548584
2013-08-04,32.0,76.75,8.353723526000977
2013-08-04,32.0,77.0,0.0
2013-08-04,32.0,77.25,0.15093746781349182
2013-08-04,32.0,77.5,1.340161681175232
2013-08-05,31.5,76.5,2.3546252250671387
2013-08-05,31.5,76.75,6.2010979652404785
2013-08-05,31.5,77.0,15.840011596679688
2013-08-05,31.5,77.25,23.785398483276367
2013-08-05,31.5,77.5,15.882182121276855
2013-08-05,31.75,76.5,9.81893539428711
2013-08-05,31.75,76.75,20.206697463989258
2013-08-05,31.75,77.0,4.03074312210083
2013-08-05,31.75,77.25,16.746112823486328
2013-08-05,31.75,77.5,11.132184028625488
2013-08-05,32.0,76.5,10.817493438720703
2013-08-05,32.0,76.75,9.782050132751465
2013-08-05,32.0,77.0,0.4267253875732422
2013-08-05,32.0,77.25,0.8591988682746887
2013-08-05,32.0,77.5,6.898950099945068
2013-08-06,31.5,76.5,9.53695011138916
2013-08-06,31.5,76.75,13.532812118530273
2013-08-06,31.5,77.0,19.54912757873535
2013-08-06,31.5,77.25,27.22671890258789
2013-08-06,31.5,77.5,18.226131439208984
2013-08-06,31.75,76.5,51.535064697265625
2013-08-06,31.75,76.75,31.733917236328125
2013-08-06,31.75,77.0,25.1616153717041
2013-08-06,31.75,77.25,26.368024826049805
2013-08-06,31.75,77.5,16.202655792236328
2013-08-06,32.0,76.5,130.48724365234375
2013-08-06,32.0,76.75,102.13707733154297
2013-08-06,32.0,77.0,8.505632400512695
2013-08-06,32.0,77.25,3.374044418334961
2013-08-06,32.0,77.5,11.22736930847168
2013-08-07,31.5,76.5,21.106393814086914
2013-08-07,31.5,76.75,43.31309509277344
2013-08-07,31.5,77.0,5.941850662231445
2013-08-07,31.5,77.25,10.286532402038574
2013-08-07,31.5,77.5,8.742964744567871
2013-08-07,31.75,76.5,19.60321617126465
2013-08-07,31.75,76.75,13.378104209899902
2013-08-07,31.75,77.0,5.34061861038208
2013-08-07,31.75,77.25,10.275202751159668
2013-08-07,31.75,77.5,7.126944541931152
2013-08-07,32.0,76.5,41.457252502441406
2013-08-07,32.0,76.75,27.5540828704834
2013-08-07,32.0,77.0,6.247719764709473
2013-08-07,32.0,77.25,8.004416465759277
2013-08-07,32.0,77.5,7.801177501678467
2013-08-08,31.5,76.5,7.701449394226074
2013-08-08,31.5,76.75,15.579279899597168
2013-08-08,31.5,77.0,7.283377647399902
2013-08-08,31.5,77.25,0.5183709263801575
2013-08-08,31.5,77.5,0.0
2013-08-08,31.75,76.5,11.096607208251953
2013-08-08,31.75,76.75,6.419970512390137
2013-08-08,31.75,77.0,4.676285743713379
2013-08-08,31.75,77.25,7.887983798980713
2013-08-08,31.75,77.5,11.643166542053223
2013-08-08,32.0,76.5,23.234542846679688
2013-08-08,32.0,76.75,19.00193214416504
2013-08-08,32.0,77.0,22.09337615966797
2013-08-08,32.0,77.25,37.102088928222656
2013-08-08,32.0,77.5,21.042821884155273
2013-08-09,31.5,76.5,29.17474365234375
2013-08-09,31.5,76.75,9.4539213180542
2013-08-09,31.5,77.0,11.363680839538574
2013-08-09,31.5,77.25,1.5446745157241821
2013-08-09,31.5,77.5,4.102341175079346
2013-08-09,31.75,76.5,40.919429779052734
2013-08-09,31.75,76.75,20.291501998901367
2013-08-09,31.75,77.0,5.232520580291748
2013-08-09,31.75,77.25,6.721530914306641
2013-08-09,31.75,77.5,11.39845085144043
2013-08-09,32.0,76.5,40.871856689453125
2013-08-09,32.0,76.75,15.354169845581055
2013-08-09,32.0,77.0,22.889665603637695
2013-08-09,32.0,77.25,35.87990188598633
2013-08-09,32.0,77.5,21.309608459472656
2013-08-10,31.5,76.5,3.530752182006836
2013-08-10,31.5,76.75,2.467545509338379
2013-08-10,31.5,77.0,9.285428047180176
2013-08-10,31.5,77.25,5.1381120681762695
2013-08-10,31.5,77.5,3.3405709266662598
2013-08-10,31.75,76.5,4.522889137268066
2013-08-10,31.75,76.75,2.5567874908447266
2013-08-10,31.75,77.0,2.5775439739227295
2013-08-10,31.75,77.25,3.7725284099578857
2013-08-10,31.75,77.5,2.203507900238037
2013-08-10,32.0,76.5,1.8296555280685425
2013-08-10,32.0,76.75,1.1619800329208374
2013-08-10,32.0,77.0,1.208837628364563
2013-08-10,32.0,77.25,1.3953673839569092
2013-08-10,32.0,77.5,1.812566876411438
2013-08-11,31.5,76.5,6.905519962310791
2013-08-11,31.5,76.75,13.662099838256836
2013-08-11,31.5,77.0,0.8230667114257812
2013-08-11,31.5,77.25,0.0
2013-08-11,31.5,77.5,0.9606534242630005
2013-08-11,31.75,76.5,1.803454041481018
2013-08-11,31.75,76.75,1.5772441625595093
2013-08-11,31.75,77.0,0.0
2013-08-11,31.75,77.25,2.666386842727661
2013-08-11,31.75,77.5,4.516002655029297
2013-08-11,32.0,76.5,0.2687285542488098
2013-08-11,32.0,76.75,0.0
2013-08-11,32.0,77.0,9.145702362060547
2013-08-11,32.0,77.25,15.053109169006348
2013-08-11,32.0,77.5,8.777653694152832
2013-08-12,31.5,76.5,1.2297168970108032
2013-08-12,31.5,76.75,0.49634209275245667
2013-08-12,31.5,77.0,0.1882571130990982
2013-08-12,31.5,77.25,0.13100984692573547
2013-08-12,31.5,77.5,1.0560253858566284
2013-08-12,31.75,76.5,2.8144290447235107
2013-08-12,31.75,76.75,0.49217212200164795
2013-08-12,31.75,77.0,0.1775932013988495
2013-08-12,31.75,77.25,0.12407186627388
2013-08-12,31.75,77.5,0.45903000235557556
2013-08-12,32.0,76.5,5.059972286224365
2013-08-12,32.0,76.75,4.662550926208496
2013-08-12,32.0,77.0,3.2181503772735596
2013-08-12,32.0,77.25,1.7052208185195923
2013-08-12,32.0,77.5,1.9278331995010376
2013-08-13,31.5,76.5,7.635701656341553
2013-08-13,31.5,76.75,0.0
2013-08-13,31.5,77.0,0.9592602849006653
2013-08-13,31.5,77.25,4.248071670532227
2013-08-13,31.5,77.5,6.067773342132568
2013-08-13,31.75,76.5,12.117836952209473
2013-08-13,31.75,76.75,1.8884271383285522
2013-08-13,31.75,77.0,0.28186658024787903
2013-08-13,31.75,77.25,3.30663800239563
2013-08-13,31.75,77.5,2.2978484630584717
2013-08-13,32.0,76.5,34.10435104370117
2013-08-13,32.0,76.75,28.868757247924805
2013-08-13,32.0,77.0,8.102994918823242
2013-08-13,32.0,77.25,3.6612205505371094
2013-08-13,32.0,77.5,5.940853595733643
2013-08-14,31.5,76.5,0.98109370470047
2013-08-14,31.5,76.75,2.534325122833252
2013-08-14,31.5,77.0,5.838042259216309
2013-08-14,31.5,77.25,6.327139377593994
2013-08-14,31.5,77.5,4.060169219970703
2013-08-14,31.75,76.5,8.001912117004395
2013-08-14,31.75,76.75,1.604692816734314
2013-08-14,31.75,77.0,10.91845417022705
2013-08-14,31.75,77.25,6.619984149932861
2013-08-14,31.75,77.5,6.433557510375977
2013-08-14,32.0,76.5,17.58738136291504
2013-08-14,32.0,76.75,9.44858169555664
2013-08-14,32.0,77.0,9.06270694732666
2013-08-14,32.0,77.25,3.4166767597198486
2013-08-14,32.0,77.5,6.6898193359375
2013-08-15,31.5,76.5,17.178014755249023
2013-08-15,31.5,76.75,9.653217315673828
2013-08-15,31.5,77.0,3.246577739715576
2013-08-15,31.5,77.25,10.482632637023926
2013-08-15,31.5,77.5,6.7638092041015625
2013-08-15,31.75,76.5,24.498254776000977
2013-08-15,31.75,76.75,3.6706383228302
2013-08-15,31.75,77.0,8.333810806274414
2013-08-15,31.75,77.25,10.620256423950195
2013-08-15,31.75,77.5,8.841455459594727
2013-08-15,32.0,76.5,23.260059356689453
2013-08-15,32.0,76.75,15.11970043182373
2013-08-15,32.0,77.0,13.039995193481445
2013-08-15,32.0,77.25,9.228486061096191
2013-08-15,32.0,77.5,11.531427383422852
2013-08-16,31.5,76.5,16.54073715209961
2013-08-16,31.5,76.75,3.5774433612823486
2013-08-16,31.5,77.0,2.094085216522217
2013-08-16,31.5,77.25,4.254610061645508
2013-08-16,31.5,77.5,3.366056203842163
2013-08-16,31.75,76.5,18.697601318359375
2013-08-16,31.75,76.75,1.0057734251022339
2013-08-16,31.75,77.0,2.7893588542938232
2013-08-16,31.75,77.25,3.9472532272338867
2013-08-16,31.75,77.5,3.259477138519287
2013-08-16,32.0,76.5,12.842633247375488
2013-08-16,32.0,76.75,3.890108585357666
2013-08-16,32.0,77.0,3.517916679382324
2013-08-16,32.0,77.25,2.6252012252807617
2013-08-16,32.0,77.5,3.5360069274902344
2013-08-17,31.5,76.5,27.208650588989258
2013-08-17,31.5,76.75,36.234031677246094
2013-08-17,31.5,77.0,7.556540489196777
2013-08-17,31.5,77.25,19.128435134887695
2013-08-17,31.5,77.5,13.704204559326172
2013-08-17,31.75,76.5,14.399394035339355
2013-08-17,31.75,76.75,20.754924774169922
2013-08-17,31.75,77.0,12.904139518737793
2013-08-17,31.75,77.25,19.20177459716797
2013-08-17,31.75,77.5,15.829317092895508
2013-08-17,32.0,76.5,13.747974395751953
2013-08-17,32.0,76.75,16.541658401489258
2013-08-17,32.0,77.0,14.50576400756836
2013-08-17,32.0,77.25,16.42074203491211
2013-08-17,32.0,77.5,16.83583641052246
2013-08-18,31.5,76.5,2.3084616661071777
2013-08-18,31.5,76.75,0.6378061175346375
2013-08-18,31.5,77.0,5.614893436431885
2013-08-18,31.5,77.25,7.25710391998291
2013-08-18,31.5,77.5,4.3432698249816895
2013-08-18,31.75,76.5,3.8656153678894043
2013-08-18,31.75,76.75,1.4053525924682617
2013-08-18,31.75,77.0,4.955513000488281
2013-08-18,31.75,77.25,6.153194427490234
2013-08-18,31.75,77.5,4.401628494262695
2013-08-18,32.0,76.5,0.35666120052337646
2013-08-18,32.0,76.75,1.2916080951690674
2013-08-18,32.0,77.0,3.5418806076049805
2013-08-18,32.0,77.25,1.2225968837738037
2013-08-18,32.0,77.5,3.782306671142578
2013-08-19,31.5,76.5,32.91670227050781
2013-08-19,31.5,76.75,67.88274383544922
2013-08-19,31.5,77.0,4.935405731201172
2013-08-19,31.5,77.25,10.4645414352417
2013-08-19,31.5,77.5,11.583946228027344
2013-08-19,31.75,76.5,5.589432239532471
2013-08-19,31.75,76.75,12.125974655151367
2013-08-19,31.75,77.0,6.404165267944336
2013-08-19,31.75,77.25,18.211322784423828
2013-08-19,31.75,77.5,23.079227447509766
2013-08-19,32.0,76.5,9.492137908935547
2013-08-19,32.0,76.75,7.264641761779785
2013-08-19,32.0,77.0,32.22671890258789
2013-08-19,32.0,77.25,52.8421745300293
2013-08-19,32.0,77.5,33.750511169433594
2013-08-20,31.5,76.5,5.9037556648254395
2013-08-20,31.5,76.75,0.4718918204307556
2013-08-20,31.5,77.0,2.6058778762817383
2013-08-20,31.5,77.25,12.940970420837402
2013-08-20,31.5,77.5,9.388075828552246
2013-08-20,31.75,76.5,9.869077682495117
2013-08-20,31.75,76.75,5.409622669219971
2013-08-20,31.75,77.0,4.095345973968506
2013-08-20,31.75,77.25,11.030921936035156
2013-08-20,31.75,77.5,8.312590599060059
2013-08-20,32.0,76.5,8.491816520690918
2013-08-20,32.0,76.75,5.516530513763428
2013-08-20,32.0,77.0,5.741171360015869
2013-08-20,32.0,77.25,4.424811363220215
2013-08-20,32.0,77.5,7.776102066040039
2013-08-21,31.5,76.5,3.939959764480591
2013-08-21,31.5,76.75,2.5329649448394775
2013-08-21,31.5,77.0,3.9703636169433594
2013-08-21,31.5,77.25,2.458528995513916
2013-08-21,31.5,77.5,5.689352035522461
2013-08-21,31.75,76.5,8.20940113067627
2013-08-21,31.75,76.75,14.255087852478027
2013-08-21,31.75,77.0,5.699167728424072
2013-08-21,31.75,77.25,3.434077501296997
2013-08-21,31.75,77.5,3.485358715057373
2013-08-21,32.0,76.5,20.47770118713379
2013-08-21,32.0,76.75,13.422879219055176
2013-08-21,32.0,77.0,8.05636978149414
2013-08-21,32.0,77.25,6.979701995849609
2013-08-21,32.0,77.5,6.108190536499023
2013-08-22,31.5,76.5,16.085636138916016
2013-08-22,31.5,76.75,36.55910110473633
2013-08-22,31.5,77.0,6.2791829109191895
2013-08-22,31.5,77.25,4.230014324188232
2013-08-22,31.5,77.5,4.896058559417725
2013-08-22,31.75,76.5,2.9050755500793457
2013-08-22,31.75,76.75,21.07361602783203
2013-08-22,31.75,77.0,9.43079662322998
2013-08-22,31.75,77.25,5.775825023651123
2013-08-22,31.75,77.5,2.867997646331787
2013-08-22,32.0,76.5,3.756826877593994
2013-08-22,32.0,76.75,8.116143226623535
2013-08-22,32.0,77.0,3.9534058570861816
2013-08-22,32.0,77.25,2.9564313888549805
2013-08-22,32.0,77.5,3.140768527984619
2013-08-23,31.5,76.5,0.0
2013-08-23,31.5,76.75,0.0
2013-08-23,31.5,77.0,0.5237109661102295
2013-08-23,31.5,77.25,3.5256052017211914
2013-08-23,31.5,77.5,3.367877960205078
2013-08-23,31.75,76.5,0.0
2013-08-23,31.75,76.75,0.4158079922199249
2013-08-23,31.75,77.0,0.526532769203186
2013-08-23,31.75,77.25,2.700751781463623
2013-08-23,31.75,77.5,1.6200814247131348
2013-08-23,32.0,76.5,12.398500442504883
2013-08-23,32.0,76.75,0.20749644935131073
2013-08-23,32.0,77.0,2.9645578861236572
2013-08-23,32.0,77.25,1.3568600416183472
2013-08-23,32.0,77.5,2.6756677627563477
2013-08-24,31.5,76.5,0.98109370470047
2013-08-24,31.5,76.75,2.480499267578125
2013-08-24,31.5,77.0,0.0
2013-08-24,31.5,77.25,0.13545531034469604
2013-08-24,31.5,77.5,3.7754063606262207
2013-08-24,31.75,76.5,0.8262161016464233
2013-08-24,31.75,76.75,7.091477870941162
2013-08-24,31.75,77.0,1.2431440353393555
2013-08-24,31.75,77.25,1.5340603590011597
2013-08-24,31.75,77.5,2.580573081970215
2013-08-24,32.0,76.5,1.7917053699493408
2013-08-24,32.0,76.75,3.329749345779419
2013-08-24,32.0,77.0,4.163070201873779
2013-08-24,32.0,77.25,8.132664680480957
2013-08-24,32.0,77.5,4.398829460144043
2013-08-25,31.5,76.5,0.0
2013-08-25,31.5,76.75,0.23403868079185486
2013-08-25,31.5,77.0,0.0
2013-08-25,31.5,77.25,0.0
2013-08-25,31.5,77.5,0.5848708748817444
2013-08-25,31.75,76.5,0.0
2013-08-25,31.75,76.75,11.05251693725586
2013-08-25,31.75,77.0,1.9239122867584229
2013-08-25,31.75,77.25,0.0
2013-08-25,31.75,77.5,0.25142961740493774
2013-08-25,32.0,76.5,0.483629435300827
2013-08-25,32.0,76.75,2.2093071937561035
2013-08-25,32.0,77.0,0.7676270008087158
2013-08-25,32.0,77.25,0.3358415961265564
2013-08-25,32.0,77.5,0.4416961371898651
2013-08-26,31.5,76.5,7.401028633117676
2013-08-26,31.5,76.75,0.0
2013-08-26,31.5,77.0,0.14462792873382568
2013-08-26,31.5,77.25,0.0
2013-08-26,31.5,77.5,0.0
2013-08-26,31.75,76.5,10.41212272644043
2013-08-26,31.75,76.75,0.2837393879890442
2013-08-26,31.75,77.0,0.1775932013988495
2013-08-26,31.75,77.25,0.0
2013-08-26,31.75,77.5,0.0
2013-08-26,32.0,76.5,7.9056196212768555
2013-08-26,32.0,76.75,2.045664072036743
2013-08-26,32.0,77.0,0.0
2013-08-26,32.0,77.25,0.0
2013-08-26,32.0,77.5,0.0
2013-08-27,31.5,76.5,0.0
2013-08-27,31.5,76.75,0.11797668784856796
2013-08-27,31.5,77.0,1.4462791681289673
2013-08-27,31.5,77.25,0.0
2013-08-27,31.5,77.5,0.0
2013-08-27,31.75,76.5,3.855675458908081
2013-08-27,31.75,76.75,2.2111740112304688
2013-08-27,31.75,77.0,1.7759320735931396
2013-08-27,31.75,77.25,0.4858342707157135
2013-08-27,31.75,77.5,0.0
2013-08-27,32.0,76.5,10.251843452453613
2013-08-27,32.0,76.75,9.989090919494629
2013-08-27,32.0,77.0,0.42911863327026367
2013-08-27,32.0,77.25,0.0
2013-08-27,32.0,77.5,0.0
2013-08-28,31.5,76.5,5.196251392364502
2013-08-28,31.5,76.75,0.0
2013-08-28,31.5,77.0,0.0
2013-08-28,31.5,77.25,0.0
2013-08-28,31.5,77.5,0.0
2013-08-28,31.75,76.5,0.0
2013-08-28,31.75,76.75,0.0
2013-08-28,31.75,77.0,0.0
2013-08-28,31.75,77.25,0.0
2013-08-28,31.75,77.5,0.0
2013-08-28,32.0,76.5,11.218071937561035
2013-08-28,32.0,76.75,0.0
2013-08-28,32.0,77.0,0.0
2013-08-28,32.0,77.25,0.0
2013-08-28,32.0,77.5,0.0
2013-08-29,31.5,76.5,24.35714340209961
2013-08-29,31.5,76.75,7.535917282104492
2013-08-29,31.5,77.0,0.7231395840644836
2013-08-29,31.5,77.25,0.0
2013-08-29,31.5,77.5,2.3336455821990967
2013-08-29,31.75,76.5,3.5240514278411865
2013-08-29,31.75,76.75,6.495961666107178
2013-08-29,31.75,77.0,1.7176531553268433
2013-08-29,31.75,77.25,1.3752436637878418
2013-08-29,31.75,77.5,1.9354298114776611
2013-08-29,32.0,76.5,1.4373154640197754
2013-08-29,32.0,76.75,2.6762001514434814
2013-08-29,32.0,77.0,3.064894199371338
2013-08-29,32.0,77.25,5.987551689147949
2013-08-29,32.0,77.5,3.1518900394439697
2013-08-30,31.5,76.5,2.2401371002197266
2013-08-30,31.5,76.75,1.3560948371887207
2013-08-30,31.5,77.0,13.739594459533691
2013-08-30,31.5,77.25,6.520159721374512
2013-08-30,31.5,77.5,9.756183624267578
2013-08-30,31.75,76.5,8.95987606048584
2013-08-30,31.75,76.75,16.009654998779297
2013-08-30,31.75,77.0,7.359100818634033
2013-08-30,31.75,77.25,5.185726165771484
2013-08-30,31.75,77.5,3.0665266513824463
2013-08-30,32.0,76.5,13.592230796813965
2013-08-30,32.0,76.75,15.534879684448242
2013-08-30,32.0,77.0,4.230938911437988
2013-08-30,32.0,77.25,1.6953150033950806
2013-08-30,32.0,77.5,3.42706036567688
2013-08-31,31.5,76.5,2.3045105934143066
2013-08-31,31.5,76.75,0.0
2013-08-31,31.5,77.0,1.996278166770935
2013-08-31,31.5,77.25,7.857527256011963
2013-08-31,31.5,77.5,6.939629554748535
2013-08-31,31.75,76.5,13.115812301635742
2013-08-31,31.75,76.75,1.8737090826034546
2013-08-31,31.75,77.0,5.163206100463867
2013-08-31,31.75,77.25,6.906912803649902
2013-08-31,31.75,77.5,5.3899617195129395
2013-08-31,32.0,76.5,23.55593490600586
2013-08-31,32.0,76.75,22.677881240844727
2013-08-31,32.0,77.0,3.2517404556274414
2013-08-31,32.0,77.25,1.5993013381958008
2013-08-31,32.0,77.5,4.128505706787109
2013-09-01,31.5,76.5,2.8561887741088867
2013-09-01,31.5,76.75,2.0845842361450195
2013-09-01,31.5,77.0,1.5185933113098145
2013-09-01,31.5,77.25,0.0
2013-09-01,31.5,77.5,3.718809127807617
2013-09-01,31.75,76.5,10.833642959594727
2013-09-01,31.75,76.75,2.473083734512329
2013-09-01,31.75,77.0,1.864728569984436
2013-09-01,31.75,77.25,4.058082580566406
2013-09-01,31.75,77.5,6.064346790313721
2013-09-01,32.0,76.5,19.427783966064453
2013-09-01,32.0,76.75,9.376368522644043
2013-09-01,32.0,77.0,11.38598346710205
2013-09-01,32.0,77.25,19.63791275024414
2013-09-01,32.0,77.5,11.029239654541016
2013-09-02,31.5,76.5,0.0
2013-09-02,31.5,76.75,0.0
2013-09-02,31.5,77.0,0.0
2013-09-02,31.5,77.25,0.0
2013-09-02,31.5,77.5,0.0
2013-09-02,31.75,76.5,0.0
2013-09-02,31.75,76.75,0.0
2013-09-02,31.75,77.0,0.0
2013-09-02,31.75,77.25,0.0
2013-09-02,31.75,77.5,0.0
2013-09-02,32.0,76.5,0.0
2013-09-02,32.0,76.75,0.0
2013-09-02,32.0,77.0,0.0
2013-09-02,32.0,77.25,0.0
2013-09-02,32.0,77.5,0.0
2013-09-03,31.5,76.5,0.0
2013-09-03,31.5,76.75,0.0
2013-09-03,31.5,77.0,0.5061977505683899
2013-09-03,31.5,77.25,0.0
2013-09-03,31.5,77.5,0.0
2013-09-03,31.75,76.5,0.5508107542991638
2013-09-03,31.75,76.75,0.6604086756706238
2013-09-03,31.75,77.0,0.621576189994812
2013-09-03,31.75,77.25,0.1700419932603836
2013-09-03,31.75,77.5,0.0
2013-09-03,32.0,76.5,1.1944702863693237
2013-09-03,32.0,76.75,1.5989385843276978
2013-09-03,32.0,77.0,0.150191530585289
2013-09-03,32.0,77.25,0.0
2013-09-03,32.0,77.5,0.0
2013-09-04,31.5,76.5,0.0
2013-09-04,31.5,76.75,0.0
2013-09-04,31.5,77.0,0.0
2013-09-04,31.5,77.25,0.0
2013-09-04,31.5,77.5,0.0
2013-09-04,31.75,76.5,0.0
2013-09-04,31.75,76.75,0.0
2013-09-04,31.75,77.0,0.0
2013-09-04,31.75,77.25,0.0
2013-09-04,31.75,77.5,0.0
2013-09-04,32.0,76.5,0.0
2013-09-04,32.0,76.75,0.0
2013-09-04,32.0,77.0,0.0
2013-09-04,32.0,77.25,0.0
2013-09-04,32.0,77.5,0.0
2013-09-05,31.5,76.5,2.6676437854766846
2013-09-05,31.5,76.75,0.10617901384830475
2013-09-05,31.5,77.0,1.3101850748062134
2013-09-05,31.5,77.25,0.17248794436454773
2013-09-05,31.5,77.5,0.1142965778708458
2013-09-05,31.75,76.5,0.0
2013-09-05,31.75,76.75,1.4969087839126587
2013-09-05,31.75,77.0,1.6026835441589355
2013-09-05,31.75,77.25,1.2523990869522095
2013-09-05,31.75,77.5,1.2465252876281738
2013-09-05,32.0,76.5,0.0
2013-09-05,32.0,76.75,0.7469872236251831
2013-09-05,32.0,77.0,2.096407651901245
2013-09-05,32.0,77.25,3.5981509685516357
2013-09-05,32.0,77.5,1.9454275369644165
2013-09-06,31.5,76.5,3.3138551712036133
2013-09-06,31.5,76.75,0.9412329792976379
2013-09-06,31.5,77.0,0.0
2013-09-06,31.5,77.25,0.0
2013-09-06,31.5,77.5,0.0
2013-09-06,31.75,76.5,3.1917293071746826
2013-09-06,31.75,76.75,4.859777927398682
2013-09-06,31.75,77.0,0.829687237739563
2013-09-06,31.75,77.25,0.0
2013-09-06,31.75,77.5,0.0
2013-09-06,32.0,76.5,1.4634257555007935
2013-09-06,32.0,76.75,0.9527637362480164
2013-09-06,32.0,77.0,0.0
2013-09-06,32.0,77.25,0.0
2013-09-06,32.0,77.5,0.0
2013-09-07,31.5,76.5,0.0
2013-09-07,31.5,76.75,0.0
2013-09-07,31.5,77.0,0.0
2013-09-07,31.5,77.25,0.0
2013-09-07,31.5,77.5,0.0
2013-09-07,31.75,76.5,3.029459238052368
2013-09-07,31.75,76.75,0.4305259585380554
2013-09-07,31.75,77.0,0.0
2013-09-07,31.75,77.25,0.0
2013-09-07,31.75,77.5,0.0
2013-09-07,32.0,76.5,12.76883602142334
2013-09-07,32.0,76.75,7.196439266204834
2013-09-07,32.0,77.0,0.0
2013-09-07,32.0,77.25,0.0
2013-09-07,32.0,77.5,0.0
2013-09-08,31.5,76.5,15.736742973327637
2013-09-08,31.5,76.75,37.83259963989258
2013-09-08,31.5,77.0,4.931939125061035
2013-09-08,31.5,77.25,2.02095627784729
2013-09-08,31.5,77.5,3.183516025543213
2013-09-08,31.75,76.5,17.564115524291992
2013-09-08,31.75,76.75,11.503137588500977
2013-09-08,31.75,77.0,5.659404277801514
2013-09-08,31.75,77.25,4.700938701629639
2013-09-08,31.75,77.5,6.2186102867126465
2013-09-08,32.0,76.5,25.26468849182129
2013-09-08,32.0,76.75,16.229951858520508
2013-09-08,32.0,77.0,11.370142936706543
2013-09-08,32.0,77.25,14.728193283081055
2013-09-08,32.0,77.5,9.935150146484375
2013-09-09,31.5,76.5,4.120594024658203
2013-09-09,31.5,76.75,10.036895751953125
2013-09-09,31.5,77.0,4.0528035163879395
2013-09-09,31.5,77.25,4.117610454559326
2013-09-09,31.5,77.5,3.8158576488494873
2013-09-09,31.75,76.5,5.165404796600342
2013-09-09,31.75,76.75,3.398423433303833
2013-09-09,31.75,77.0,2.358445405960083
2013-09-09,31.75,77.25,5.315149784088135
2013-09-09,31.75,77.5,5.012127876281738
2013-09-09,32.0,76.5,8.983489036560059
2013-09-09,32.0,76.75,6.254696369171143
2013-09-09,32.0,77.0,5.26225471496582
2013-09-09,32.0,77.25,9.95366096496582
2013-09-09,32.0,77.5,6.346380710601807
2013-09-10,31.5,76.5,0.0
2013-09-10,31.5,76.75,0.0
2013-09-10,31.5,77.0,0.0
2013-09-10,31.5,77.25,0.0
2013-09-10,31.5,77.5,0.304661363363266
2013-09-10,31.75,76.5,0.0
2013-09-10,31.75,76.75,0.0
2013-09-10,31.75,77.0,0.0
2013-09-10,31.75,77.25,0.0
2013-09-10,31.75,77.5,0.0
2013-09-10,32.0,76.5,0.0
2013-09-10,32.0,76.75,0.0
2013-09-10,32.0,77.0,0.0
2013-09-10,32.0,77.25,0.0
2013-09-10,32.0,77.5,0.0
2013-09-11,31.5,76.5,0.0
2013-09-11,31.5,76.75,0.0
2013-09-11,31.5,77.0,0.0
2013-09-11,31.5,77.25,0.0
2013-09-11,31.5,77.5,0.0
2013-09-11,31.75,76.5,0.0
2013-09-11,31.75,76.75,0.0
2013-09-11,31.75,77.0,0.0
2013-09-11,31.75,77.25,0.0
2013-09-11,31.75,77.5,0.0
2013-09-11,32.0,76.5,0.0
2013-09-11,32.0,76.75,0.0
2013-09-11,32.0,77.0,0.0
2013-09-11,32.0,77.25,0.0
2013-09-11,32.0,77.5,0.0
2013-09-12,31.5,76.5,0.3531937301158905
2013-09-12,31.5,76.75,1.0056893825531006
2013-09-12,31.5,77.0,0.5201128125190735
2013-09-12,31.5,77.25,7.5894694328308105
2013-09-12,31.5,77.5,5.465731143951416
2013-09-12,31.75,76.5,7.909512519836426
2013-09-12,31.75,76.75,8.569662094116211
2013-09-12,31.75,77.0,1.9715479612350464
2013-09-12,31.75,77.25,6.082522869110107
2013-09-12,31.75,77.5,3.8702845573425293
2013-09-12,32.0,76.5,19.9113826751709
2013-09-12,32.0,76.75,19.259193420410156
2013-09-12,32.0,77.0,0.22481873631477356
2013-09-12,32.0,77.25,0.287421315908432
2013-09-12,32.0,77.5,2.481707811355591
2013-09-13,31.5,76.5,0.8633624911308289
2013-09-13,31.5,76.75,2.065873622894287
2013-09-13,31.5,77.0,2.218534469604492
2013-09-13,31.5,77.25,3.644624710083008
2013-09-13,31.5,77.5,3.007753372192383
2013-09-13,31.75,76.5,3.5802698135375977
2013-09-13,31.75,76.75,0.9033892154693604
2013-09-13,31.75,77.0,1.072324514389038
2013-09-13,31.75,77.25,2.6381382942199707
2013-09-13,31.75,77.5,2.227827548980713
2013-09-13,32.0,76.5,8.247686386108398
2013-09-13,32.0,76.75,8.737519264221191
2013-09-13,32.0,77.0,0.9059478640556335
2013-09-13,32.0,77.25,0.3840649724006653
2013-09-13,32.0,77.5,1.4453743696212769
2013-09-14,31.5,76.5,0.0
2013-09-14,31.5,76.75,0.0
2013-09-14,31.5,77.0,0.0
2013-09-14,31.5,77.25,0.0
2013-09-14,31.5,77.5,0.0
2013-09-14,31.75,76.5,0.0
2013-09-14,31.75,76.75,0.0
2013-09-14,31.75,77.0,0.0
2013-09-14,31.75,77.25,0.0
2013-09-14,31.75,77.5,0.0
2013-09-14,32.0,76.5,0.0
2013-09-14,32.0,76.75,0.0
2013-09-14,32.0,77.0,0.0
2013-09-14,32.0,77.25,0.0
2013-09-14,32.0,77.5,0.0
2013-09-15,31.5,76.5,0.0
2013-09-15,31.5,76.75,0.0
2013-09-15,31.5,77.0,0.0
2013-09-15,31.5,77.25,0.0
2013-09-15,31.5,77.5,0.0
2013-09-15,31.75,76.5,0.0
2013-09-15,31.75,76.75,0.0
2013-09-15,31.75,77.0,0.0
2013-09-15,31.75,77.25,0.0
2013-09-15,31.75,77.5,0.0
2013-09-15,32.0,76.5,0.967258870601654
2013-09-15,32.0,76.75,0.0
2013-09-15,32.0,77.0,0.0
2013-09-15,32.0,77.25,0.0
2013-09-15,32.0,77.5,0.0
2013-09-16,31.5,76.5,8.691618919372559
2013-09-16,31.5,76.75,7.611014366149902
2013-09-16,31.5,77.0,2.8539113998413086
2013-09-16,31.5,77.25,4.396957874298096
2013-09-16,31.5,77.5,2.956380844116211
2013-09-16,31.75,76.5,15.561168670654297
2013-09-16,31.75,76.75,7.605825901031494
2013-09-16,31.75,77.0,4.133028030395508
2013-09-16,31.75,77.25,8.009406089782715
2013-09-16,31.75,77.5,9.26208782196045
2013-09-16,32.0,76.5,9.574812889099121
2013-09-16,32.0,76.75,4.081899642944336
2013-09-16,32.0,77.0,12.253942489624023
2013-09-16,32.0,77.25,21.832626342773438
2013-09-16,32.0,77.5,13.351201057434082
2013-09-17,31.5,76.5,0.0
2013-09-17,31.5,76.75,0.0
2013-09-17,31.5,77.0,0.0
2013-09-17,31.5,77.25,0.0
2013-09-17,31.5,77.5,0.0
2013-09-17,31.75,76.5,0.0
2013-09-17,31.75,76.75,0.0
2013-09-17,31.75,77.0,0.0
2013-09-17,31.75,77.25,0.0
2013-09-17,31.75,77.5,0.0
2013-09-17,32.0,76.5,0.0
2013-09-17,32.0,76.75,0.0
2013-09-17,32.0,77.0,0.0
2013-09-17,32.0,77.25,0.0
2013-09-17,32.0,77.5,0.0
2013-09-18,31.5,76.5,0.0
2013-09-18,31.5,76.75,0.0
2013-09-18,31.5,77.0,0.0
2013-09-18,31.5,77.25,0.0
2013-09-18,31.5,77.5,0.0
2013-09-18,31.75,76.5,0.0
2013-09-18,31.75,76.75,0.0
2013-09-18,31.75,77.0,0.0
2013-09-18,31.75,77.25,0.0
2013-09-18,31.75,77.5,0.0
2013-09-18,32.0,76.5,0.0
2013-09-18,32.0,76.75,0.0
2013-09-18,32.0,77.0,0.0
2013-09-18,32.0,77.25,0.0
2013-09-18,32.0,77.5,0.0
2013-09-19,31.5,76.5,0.0
2013-09-19,31.5,76.75,0.0
2013-09-19,31.5,77.0,0.0
2013-09-19,31.5,77.25,0.0
2013-09-19,31.5,77.5,0.0
2013-09-19,31.75,76.5,0.0
2013-09-19,31.75,76.75,0.0
2013-09-19,31.75,77.0,0.0
2013-09-19,31.75,77.25,0.0
2013-09-19,31.75,77.5,0.0
2013-09-19,32.0,76.5,0.0
2013-09-19,32.0,76.75,0.0
2013-09-19,32.0,77.0,0.0
2013-09-19,32.0,77.25,0.0
2013-09-19,32.0,77.5,0.0
2013-09-20,31.5,76.5,0.0
2013-09-20,31.5,76.75,0.0
2013-09-20,31.5,77.0,0.0
2013-09-20,31.5,77.25,0.0
2013-09-20,31.5,77.5,0.0
2013-09-20,31.75,76.5,0.0
2013-09-20,31.75,76.75,0.0
2013-09-20,31.75,77.0,0.0
2013-09-20,31.75,77.25,0.0
2013-09-20,31.75,77.5,0.0
2013-09-20,32.0,76.5,0.0
2013-09-20,32.0,76.75,0.0
2013-09-20,32.0,77.0,0.0
2013-09-20,32.0,77.25,0.0
2013-09-20,32.0,77.5,0.0
2013-09-21,31.5,76.5,0.0
2013-09-21,31.5,76.75,0.14567038416862488
2013-09-21,31.5,77.0,0.0
2013-09-21,31.5,77.25,0.0
2013-09-21,31.5,77.5,1.767035961151123
2013-09-21,31.75,76.5,4.681891441345215
2013-09-21,31.75,76.75,5.08636474609375
2013-09-21,31.75,77.0,0.7695649266242981
2013-09-21,31.75,77.25,0.0
2013-09-21,31.75,77.5,0.0
2013-09-21,32.0,76.5,20.04541778564453
2013-09-21,32.0,76.75,12.0054931640625
2013-09-21,32.0,77.0,0.0
2013-09-21,32.0,77.25,0.0
2013-09-21,32.0,77.5,0.0
2013-09-22,31.5,76.5,1.6134791374206543
2013-09-22,31.5,76.75,0.540590763092041
2013-09-22,31.5,77.0,0.5334345102310181
2013-09-22,31.5,77.25,2.6705799102783203
2013-09-22,31.5,77.5,5.772156715393066
2013-09-22,31.75,76.5,1.8618420362472534
2013-09-22,31.75,76.75,4.6838274002075195
2013-09-22,31.75,77.0,1.4832428693771362
2013-09-22,31.75,77.25,1.8864139318466187
2013-09-22,31.75,77.5,2.1309642791748047
2013-09-22,32.0,76.5,15.87183666229248
2013-09-22,32.0,76.75,1.0525968074798584
2013-09-22,32.0,77.0,0.7389663457870483
2013-09-22,32.0,77.25,0.323856383562088
2013-09-22,32.0,77.5,1.0996720790863037
2013-09-23,31.5,76.5,0.0
2013-09-23,31.5,76.75,0.0
2013-09-23,31.5,77.0,0.23238852620124817
2013-09-23,31.5,77.25,1.1691831350326538
2013-09-23,31.5,77.5,1.9332633018493652
2013-09-23,31.75,76.5,0.0
2013-09-23,31.75,76.75,0.0
2013-09-23,31.75,77.0,0.23454463481903076
2013-09-23,31.75,77.25,0.986769437789917
2013-09-23,31.75,77.5,1.1551270484924316
2013-09-23,32.0,76.5,0.0
2013-09-23,32.0,76.75,0.0
2013-09-23,32.0,77.0,0.3223738670349121
2013-09-23,32.0,77.25,0.15671126544475555
2013-09-23,32.0,77.5,0.5584240555763245
2013-09-24,31.5,76.5,0.0
2013-09-24,31.5,76.75,0.0
2013-09-24,31.5,77.0,0.0
2013-09-24,31.5,77.25,0.0
2013-09-24,31.5,77.5,0.6275506019592285
2013-09-24,31.75,76.5,0.0
2013-09-24,31.75,76.75,0.0
2013-09-24,31.75,77.0,1.496964931488037
2013-09-24,31.75,77.25,0.2676924467086792
2013-09-24,31.75,77.5,0.6864749193191528
2013-09-24,32.0,76.5,0.0
2013-09-24,32.0,76.75,0.27433544397354126
2013-09-24,32.0,77.0,1.1415578126907349
2013-09-24,32.0,77.25,0.3258563280105591
2013-09-24,32.0,77.5,0.6046010851860046
2013-09-25,31.5,76.5,2.3220362663269043
2013-09-25,31.5,76.75,3.9252054691314697
2013-09-25,31.5,77.0,10.17743968963623
2013-09-25,31.5,77.25,9.191219329833984
2013-09-25,31.5,77.5,5.486235618591309
2013-09-25,31.75,76.5,1.4374022483825684
2013-09-25,31.75,76.75,18.046096801757812
2013-09-25,31.75,77.0,15.169271469116211
2013-09-25,31.75,77.25,9.90546703338623
2013-09-25,31.75,77.5,5.745189189910889
2013-09-25,32.0,76.5,12.01018238067627
2013-09-25,32.0,76.75,8.193897247314453
2013-09-25,32.0,77.0,5.010592460632324
2013-09-25,32.0,77.25,1.5100317001342773
2013-09-25,32.0,77.5,4.2216033935546875
2013-09-26,31.5,76.5,0.0
2013-09-26,31.5,76.75,0.0
2013-09-26,31.5,77.0,0.0
2013-09-26,31.5,77.25,0.0
2013-09-26,31.5,77.5,0.0
2013-09-26,31.75,76.5,0.0
2013-09-26,31.75,76.75,0.0
2013-09-26,31.75,77.0,0.0
2013-09-26,31.75,77.25,0.0
2013-09-26,31.75,77.5,0.0
2013-09-26,32.0,76.5,0.0
2013-09-26,32.0,76.75,0.0
2013-09-26,32.0,77.0,0.0
2013-09-26,32.0,77.25,0.0
2013-09-26,32.0,77.5,0.0
2013-09-27,31.5,76.5,0.0
2013-09-27,31.5,76.75,0.0
2013-09-27,31.5,77.0,0.48749876022338867
2013-09-27,31.5,77.25,0.0
2013-09-27,31.5,77.5,0.0
2013-09-27,31.75,76.5,1.6524322032928467
2013-09-27,31.75,76.75,0.7338019013404846
2013-09-27,31.75,77.0,0.5327796339988708
2013-09-27,31.75,77.25,0.1457502841949463
2013-09-27,31.75,77.5,0.0
2013-09-27,32.0,76.5,3.5834107398986816
2013-09-27,32.0,76.75,4.174326419830322
2013-09-27,32.0,77.0,0.12873560190200806
2013-09-27,32.0,77.25,0.0
2013-09-27,32.0,77.5,0.0
2013-09-28,31.5,76.5,19.393211364746094
2013-09-28,31.5,76.75,13.467232704162598
2013-09-28,31.5,77.0,9.257268905639648
2013-09-28,31.5,77.25,9.809792518615723
2013-09-28,31.5,77.5,6.057718753814697
2013-09-28,31.75,76.5,4.952432632446289
2013-09-28,31.75,76.75,13.834548950195312
2013-09-28,31.75,77.0,13.481094360351562
2013-09-28,31.75,77.25,11.338666915893555
2013-09-28,31.75,77.5,10.378644943237305
2013-09-28,32.0,76.5,12.72783374786377
2013-09-28,32.0,76.75,8.832489013671875
2013-09-28,32.0,77.0,14.656588554382324
2013-09-28,32.0,77.25,12.659698486328125
2013-09-28,32.0,77.5,12.870179176330566
2013-09-29,31.5,76.5,0.0
2013-09-29,31.5,76.75,0.0
2013-09-29,31.5,77.0,0.0
2013-09-29,31.5,77.25,0.0
2013-09-29,31.5,77.5,0.7270708680152893
2013-09-29,31.75,76.5,0.0
2013-09-29,31.75,76.75,0.0
2013-09-29,31.75,77.0,0.0
2013-09-29,31.75,77.25,0.0
2013-09-29,31.75,77.5,0.172857865691185
2013-09-29,32.0,76.5,0.0
2013-09-29,32.0,76.75,0.0
2013-09-29,32.0,77.0,0.0
2013-09-29,32.0,77.25,0.0
2013-09-29,32.0,77.5,0.0
2013-09-30,31.5,76.5,0.0
2013-09-30,31.5,76.75,0.0
2013-09-30,31.5,77.0,0.0
2013-09-30,31.5,77.25,0.33405235409736633
2013-09-30,31.5,77.5,0.2285931557416916
2013-09-30,31.75,76.5,3.855675458908081
2013-09-30,31.75,76.75,3.6606452465057373
2013-09-30,31.75,77.0,0.0
2013-09-30,31.75,77.25,0.27150455117225647
2013-09-30,31.75,77.5,0.1705348938703537
2013-09-30,32.0,76.5,12.098427772521973
2013-09-30,32.0,76.75,9.067215919494629
2013-09-30,32.0,77.0,0.0
2013-09-30,32.0,77.25,0.0
2013-09-30,32.0,77.5,0.10858701914548874
2013-10-01,31.5,76.5,0.4741497039794922
2013-10-01,31.5,76.75,0.0
2013-10-01,31.5,77.0,0.0
2013-10-01,31.5,77.25,0.37951773405075073
2013-10-01,31.5,77.5,0.8956135511398315
2013-10-01,31.75,76.5,0.6206140518188477
2013-10-01,31.75,76.75,0.0
2013-10-01,31.75,77.0,0.0
2013-10-01,31.75,77.25,0.0
2013-10-01,31.75,77.5,0.0
2013-10-01,32.0,76.5,14.245084762573242
2013-10-01,32.0,76.75,0.0
2013-10-01,32.0,77.0,0.0
2013-10-01,32.0,77.25,0.0
2013-10-01,32.0,77.5,0.0
2013-10-02,31.5,76.5,0.0
2013-10-02,31.5,76.75,0.0
2013-10-02,31.5,77.0,0.0
2013-10-02,31.5,77.25,0.2710840702056885
2013-10-02,31.5,77.5,1.2551594972610474
2013-10-02,31.75,76.5,0.7511301040649414
2013-10-02,31.75,76.75,0.0
2013-10-02,31.75,77.0,0.0
2013-10-02,31.75,77.25,0.0
2013-10-02,31.75,77.5,0.0
2013-10-02,32.0,76.5,3.3488194942474365
2013-10-02,32.0,76.75,1.308443546295166
2013-10-02,32.0,77.0,0.11401340365409851
2013-10-02,32.0,77.25,0.23950207233428955
2013-10-02,32.0,77.5,0.1260756105184555
2013-10-03,31.5,76.5,0.0
2013-10-03,31.5,76.75,0.0
2013-10-03,31.5,77.0,0.0
2013-10-03,31.5,77.25,0.3253009021282196
2013-10-03,31.5,77.5,2.128389596939087
2013-10-03,31.75,76.5,0.0
2013-10-03,31.75,76.75,0.0
2013-10-03,31.75,77.0,0.0
2013-10-03,31.75,77.25,0.15097686648368835
2013-10-03,31.75,77.5,0.8237738609313965
2013-10-03,32.0,76.5,0.8793261647224426
2013-10-03,32.0,76.75,0.0
2013-10-03,32.0,77.0,0.3800446689128876
2013-10-03,32.0,77.25,0.7983401417732239
2013-10-03,32.0,77.5,0.4202519953250885
2013-10-04,31.5,76.5,0.0
2013-10-04,31.5,76.75,0.0
2013-10-04,31.5,77.0,0.0
2013-10-04,31.5,77.25,0.0
2013-10-04,31.5,77.5,0.0
2013-10-04,31.75,76.5,4.4064860343933105
2013-10-04,31.75,76.75,0.7093811631202698
2013-10-04,31.75,77.0,3.08272647857666
2013-10-04,31.75,77.25,0.9673141837120056
2013-10-04,31.75,77.5,1.7397034168243408
2013-10-04,32.0,76.5,10.693775177001953
2013-10-04,32.0,76.75,11.057719230651855
2013-10-04,32.0,77.0,2.6483571529388428
2013-10-04,32.0,77.25,2.5087053775787354
2013-10-04,32.0,77.5,1.951263666152954
2013-10-05,31.5,76.5,0.0
2013-10-05,31.5,76.75,0.5364397764205933
2013-10-05,31.5,77.0,3.8999900817871094
2013-10-05,31.5,77.25,0.8129133582115173
2013-10-05,31.5,77.5,0.0
2013-10-05,31.75,76.5,0.8262161016464233
2013-10-05,31.75,76.75,4.109172821044922
2013-10-05,31.75,77.0,4.262237071990967
2013-10-05,31.75,77.25,1.1660022735595703
2013-10-05,31.75,77.5,0.0
2013-10-05,32.0,76.5,2.0555033683776855
2013-10-05,32.0,76.75,3.9546313285827637
2013-10-05,32.0,77.0,1.0298848152160645
2013-10-05,32.0,77.25,0.0
2013-10-05,32.0,77.5,0.0
2013-10-06,31.5,76.5,0.0
2013-10-06,31.5,76.75,0.0
2013-10-06,31.5,77.0,0.0
2013-10-06,31.5,77.25,0.0
2013-10-06,31.5,77.5,0.0
2013-10-06,31.75,76.5,0.0
2013-10-06,31.75,76.75,0.0
2013-10-06,31.75,77.0,0.0
2013-10-06,31.75,77.25,0.0
2013-10-06,31.75,77.5,0.0
2013-10-06,32.0,76.5,0.0
2013-10-06,32.0,76.75,0.0
2013-10-06,32.0,77.0,0.0
2013-10-06,32.0,77.25,0.0
2013-10-06,32.0,77.5,0.0
2013-10-07,31.5,76.5,0.0
2013-10-07,31.5,76.75,0.0
2013-10-07,31.5,77.0,0.0
2013-10-07,31.5,77.25,0.0
2013-10-07,31.5,77.5,0.0
2013-10-07,31.75,76.5,0.0
2013-10-07,31.75,76.75,0.0
2013-10-07,31.75,77.0,0.0
2013-10-07,31.75,77.25,0.0
2013-10-07,31.75,77.5,0.0
2013-10-07,32.0,76.5,0.0
2013-10-07,32.0,76.75,0.0
2013-10-07,32.0,77.0,0.0
2013-10-07,32.0,77.25,0.0
2013-10-07,32.0,77.5,0.0
2013-10-08,31.5,76.5,0.0
2013-10-08,31.5,76.75,0.0
2013-10-08,31.5,77.0,0.0
2013-10-08,31.5,77.25,0.0
2013-10-08,31.5,77.5,0.0
2013-10-08,31.75,76.5,0.31729039549827576
2013-10-08,31.75,76.75,0.0
2013-10-08,31.75,77.0,0.0
2013-10-08,31.75,77.25,0.0
2013-10-08,31.75,77.5,0.0
2013-10-08,32.0,76.5,0.0
2013-10-08,32.0,76.75,0.0
2013-10-08,32.0,77.0,0.0
2013-10-08,32.0,77.25,0.0
2013-10-08,32.0,77.5,0.0
2013-10-09,31.5,76.5,1.2713876962661743
2013-10-09,31.5,76.75,0.0
2013-10-09,31.5,77.0,0.0
2013-10-09,31.5,77.25,0.0
2013-10-09,31.5,77.5,0.0
2013-10-09,31.75,76.5,2.7599551677703857
2013-10-09,31.75,76.75,0.0
2013-10-09,31.75,77.0,0.0
2013-10-09,31.75,77.25,0.0
2013-10-09,31.75,77.5,0.0
2013-10-09,32.0,76.5,5.245458602905273
2013-10-09,32.0,76.75,0.0
2013-10-09,32.0,77.0,0.0
2013-10-09,32.0,77.25,0.0
2013-10-09,32.0,77.5,0.0
2013-10-10,31.5,76.5,0.45406705141067505
2013-10-10,31.5,76.75,0.0
2013-10-10,31.5,77.0,0.0
2013-10-10,31.5,77.25,0.0
2013-10-10,31.5,77.5,0.0
2013-10-10,31.75,76.5,0.0
2013-10-10,31.75,76.75,2.3486599922180176
2013-10-10,31.75,77.0,0.408831387758255
2013-10-10,31.75,77.25,0.0
2013-10-10,31.75,77.5,0.0
2013-10-10,32.0,76.5,0.395696759223938
2013-10-10,32.0,76.75,0.4694778323173523
2013-10-10,32.0,77.0,0.0
2013-10-10,32.0,77.25,0.0
2013-10-10,32.0,77.5,0.0
2013-10-11,31.5,76.5,0.0
2013-10-11,31.5,76.75,0.0
2013-10-11,31.5,77.0,0.1624995917081833
2013-10-11,31.5,77.25,0.0
2013-10-11,31.5,77.5,0.0
2013-10-11,31.75,76.5,0.2754053771495819
2013-10-11,31.75,76.75,2.485043525695801
2013-10-11,31.75,77.0,0.5744001269340515
2013-10-11,31.75,77.25,0.0
2013-10-11,31.75,77.5,0.0
2013-10-11,32.0,76.5,4.537853717803955
2013-10-11,32.0,76.75,1.1928900480270386
2013-10-11,32.0,77.0,0.0
2013-10-11,32.0,77.25,0.0
2013-10-11,32.0,77.5,0.0
2013-10-12,31.5,76.5,1.5535478591918945
2013-10-12,31.5,76.75,0.9792731404304504
2013-10-12,31.5,77.0,2.204519510269165
2013-10-12,31.5,77.25,9.719124794006348
2013-10-12,31.5,77.5,8.487560272216797
2013-10-12,31.75,76.5,8.33560562133789
2013-10-12,31.75,76.75,1.1976600885391235
2013-10-12,31.75,77.0,3.698685884475708
2013-10-12,31.75,77.25,8.709806442260742
2013-10-12,31.75,77.5,6.395045280456543
2013-10-12,32.0,76.5,20.564800262451172
2013-10-12,32.0,76.75,15.0951566696167
2013-10-12,32.0,77.0,5.1639838218688965
2013-10-12,32.0,77.25,3.0098133087158203
2013-10-12,32.0,77.5,6.236239910125732
2013-10-13,31.5,76.5,0.0
2013-10-13,31.5,76.75,0.0
2013-10-13,31.5,77.0,0.0
2013-10-13,31.5,77.25,0.0
2013-10-13,31.5,77.5,0.0
2013-10-13,31.75,76.5,0.0
2013-10-13,31.75,76.75,0.0
2013-10-13,31.75,77.0,0.0
2013-10-13,31.75,77.25,0.0
2013-10-13,31.75,77.5,0.0
2013-10-13,32.0,76.5,0.0
2013-10-13,32.0,76.75,0.0
2013-10-13,32.0,77.0,0.0
2013-10-13,32.0,77.25,0.0
2013-10-13,32.0,77.5,0.0
2013-10-14,31.5,76.5,0.0
2013-10-14,31.5,76.75,0.0
2013-10-14,31.5,77.0,0.0
2013-10-14,31.5,77.25,0.0
2013-10-14,31.5,77.5,0.0
2013-10-14,31.75,76.5,0.0
2013-10-14,31.75,76.75,0.0
2013-10-14,31.75,77.0,0.0
2013-10-14,31.75,77.25,0.0
2013-10-14,31.75,77.5,0.0
2013-10-14,32.0,76.5,0.0
2013-10-14,32.0,76.75,0.0
2013-10-14,32.0,77.0,0.0
2013-10-14,32.0,77.25,0.0
2013-10-14,32.0,77.5,0.0
2013-10-15,31.5,76.5,0.0
2013-10-15,31.5,76.75,0.0
2013-10-15,31.5,77.0,0.0
2013-10-15,31.5,77.25,0.0
2013-10-15,31.5,77.5,0.0
2013-10-15,31.75,76.5,0.0
2013-10-15,31.75,76.75,0.0
2013-10-15,31.75,77.0,0.0
2013-10-15,31.75,77.25,0.0
2013-10-15,31.75,77.5,0.0
2013-10-15,32.0,76.5,0.0
2013-10-15,32.0,76.75,0.0
2013-10-15,32.0,77.0,0.0
2013-10-15,32.0,77.25,0.0
2013-10-15,32.0,77.5,0.0
2013-10-16,31.5,76.5,0.0
2013-10-16,31.5,76.75,0.0
2013-10-16,31.5,77.0,0.0
2013-10-16,31.5,77.25,0.0
2013-10-16,31.5,77.5,0.0
2013-10-16,31.75,76.5,0.0
2013-10-16,31.75,76.75,0.0
2013-10-16,31.75,77.0,0.0
2013-10-16,31.75,77.25,0.0
2013-10-16,31.75,77.5,0.0
2013-10-16,32.0,76.5,3.6492037773132324
2013-10-16,32.0,76.75,0.0
2013-10-16,32.0,77.0,0.0
2013-10-16,32.0,77.25,0.0
2013-10-16,32.0,77.5,0.0
2013-10-17,31.5,76.5,0.0
2013-10-17,31.5,76.75,0.0
2013-10-17,31.5,77.0,0.0
2013-10-17,31.5,77.25,0.0
2013-10-17,31.5,77.5,0.0
2013-10-17,31.75,76.5,0.0
2013-10-17,31.75,76.75,0.0
2013-10-17,31.75,77.0,0.0
2013-10-17,31.75,77.25,0.0
2013-10-17,31.75,77.5,0.0
2013-10-17,32.0,76.5,0.0
2013-10-17,32.0,76.75,0.0
2013-10-17,32.0,77.0,0.0
2013-10-17,32.0,77.25,0.0
2013-10-17,32.0,77.5,0.0
2013-10-18,31.5,76.5,0.0
2013-10-18,31.5,76.75,0.0
2013-10-18,31.5,77.0,0.0
2013-10-18,31.5,77.25,0.0
2013-10-18,31.5,77.5,0.0
2013-10-18,31.75,76.5,0.0
2013-10-18,31.75,76.75,0.0
2013-10-18,31.75,77.0,0.0
2013-10-18,31.75,77.25,0.0
2013-10-18,31.75,77.5,0.0
2013-10-18,32.0,76.5,0.0
2013-10-18,32.0,76.75,0.0
2013-10-18,32.0,77.0,0.0
2013-10-18,32.0,77.25,0.0
2013-10-18,32.0,77.5,0.0
2013-10-19,31.5,76.5,0.0
2013-10-19,31.5,76.75,0.0
2013-10-19,31.5,77.0,0.0
2013-10-19,31.5,77.25,0.0
2013-10-19,31.5,77.5,0.0
2013-10-19,31.75,76.5,0.0
2013-10-19,31.75,76.75,0.0
2013-10-19,31.75,77.0,0.0
2013-10-19,31.75,77.25,0.0
2013-10-19,31.75,77.5,0.0
2013-10-19,32.0,76.5,0.0
2013-10-19,32.0,76.75,0.0
2013-10-19,32.0,77.0,0.0
2013-10-19,32.0,77.25,0.0
2013-10-19,32.0,77.5,0.0
2013-10-20,31.5,76.5,0.0
2013-10-20,31.5,76.75,0.0
2013-10-20,31.5,77.0,0.0
2013-10-20,31.5,77.25,0.0
2013-10-20,31.5,77.5,0.0
2013-10-20,31.75,76.5,0.0
2013-10-20,31.75,76.75,0.0
2013-10-20,31.75,77.0,0.0
2013-10-20,31.75,77.25,0.0
2013-10-20,31.75,77.5,0.0
2013-10-20,32.0,76.5,0.0
2013-10-20,32.0,76.75,0.0
2013-10-20,32.0,77.0,0.0
2013-10-20,32.0,77.25,0.0
2013-10-20,32.0,77.5,0.0
2013-10-21,31.5,76.5,0.0
2013-10-21,31.5,76.75,0.0
2013-10-21,31.5,77.0,0.0
2013-10-21,31.5,77.25,0.0
2013-10-21,31.5,77.5,0.0
2013-10-21,31.75,76.5,0.0
2013-10-21,31.75,76.75,0.0
2013-10-21,31.75,77.0,0.0
2013-10-21,31.75,77.25,0.0
2013-10-21,31.75,77.5,0.0
2013-10-21,32.0,76.5,0.0
2013-10-21,32.0,76.75,0.0
2013-10-21,32.0,77.0,0.0
2013-10-21,32.0,77.25,0.0
2013-10-21,32.0,77.5,0.0
2013-10-22,31.5,76.5,0.0
2013-10-22,31.5,76.75,0.0
2013-10-22,31.5,77.0,0.0
2013-10-22,31.5,77.25,0.0
2013-10-22,31.5,77.5,0.0
2013-10-22,31.75,76.5,0.0
2013-10-22,31.75,76.75,0.0
2013-10-22,31.75,77.0,0.0
2013-10-22,31.75,77.25,0.0
2013-10-22,31.75,77.5,0.0
2013-10-22,32.0,76.5,0.0
2013-10-22,32.0,76.75,0.0
2013-10-22,32.0,77.0,0.0
2013-10-22,32.0,77.25,0.0
2013-10-22,32.0,77.5,0.0
2013-10-23,31.5,76.5,0.0
2013-10-23,31.5,76.75,0.0
2013-10-23,31.5,77.0,0.0
2013-10-23,31.5,77.25,0.0
2013-10-23,31.5,77.5,0.0
2013-10-23,31.75,76.5,0.0
2013-10-23,31.75,76.75,0.0
2013-10-23,31.75,77.0,0.0
2013-10-23,31.75,77.25,0.0
2013-10-23,31.75,77.5,0.0
2013-10-23,32.0,76.5,0.0
2013-10-23,32.0,76.75,0.0
2013-10-23,32.0,77.0,0.0
2013-10-23,32.0,77.25,0.0
2013-10-23,32.0,77.5,0.0
2013-10-24,31.5,76.5,0.0
2013-10-24,31.5,76.75,0.0
2013-10-24,31.5,77.0,0.0
2013-10-24,31.5,77.25,0.0
2013-10-24,31.5,77.5,0.0
2013-10-24,31.75,76.5,0.0
2013-10-24,31.75,76.75,0.0
2013-10-24,31.75,77.0,0.0
2013-10-24,31.75,77.25,0.0
2013-10-24,31.75,77.5,0.0
2013-10-24,32.0,76.5,0.0
2013-10-24,32.0,76.75,0.0
2013-10-24,32.0,77.0,0.0
2013-10-24,32.0,77.25,0.0
2013-10-24,32.0,77.5,0.0
2013-10-25,31.5,76.5,0.0
2013-10-25,31.5,76.75,0.0
2013-10-25,31.5,77.0,0.0
2013-10-25,31.5,77.25,0.0
2013-10-25,31.5,77.5,0.0
2013-10-25,31.75,76.5,0.0
2013-10-25,31.75,76.75,0.0
2013-10-25,31.75,77.0,0.0
2013-10-25,31.75,77.25,0.0
2013-10-25,31.75,77.5,0.0
2013-10-25,32.0,76.5,0.0
2013-10-25,32.0,76.75,0.0
2013-10-25,32.0,77.0,0.0
2013-10-25,32.0,77.25,0.0
2013-10-25,32.0,77.5,0.0
2013-10-26,31.5,76.5,0.0
2013-10-26,31.5,76.75,0.0
2013-10-26,31.5,77.0,0.0
2013-10-26,31.5,77.25,0.0
2013-10-26,31.5,77.5,0.0
2013-10-26,31.75,76.5,0.0
2013-10-26,31.75,76.75,0.0
2013-10-26,31.75,77.0,0.0
2013-10-26,31.75,77.25,0.0
2013-10-26,31.75,77.5,0.0
2013-10-26,32.0,76.5,0.0
2013-10-26,32.0,76.75,0.0
2013-10-26,32.0,77.0,0.0
2013-10-26,32.0,77.25,0.0
2013-10-26,32.0,77.5,0.0
2013-10-27,31.5,76.5,0.0
2013-10-27,31.5,76.75,0.0
2013-10-27,31.5,77.0,0.0
2013-10-27,31.5,77.25,0.0
2013-10-27,31.5,77.5,0.0
2013-10-27,31.75,76.5,0.0
2013-10-27,31.75,76.75,0.0
2013-10-27,31.75,77.0,0.0
2013-10-27,31.75,77.25,0.0
2013-10-27,31.75,77.5,0.0
2013-10-27,32.0,76.5,0.0
2013-10-27,32.0,76.75,0.0
2013-10-27,32.0,77.0,0.0
2013-10-27,32.0,77.25,0.0
2013-10-27,32.0,77.5,0.0
2013-10-28,31.5,76.5,0.0
2013-10-28,31.5,76.75,0.0
2013-10-28,31.5,77.0,0.0
2013-10-28,31.5,77.25,0.0
2013-10-28,31.5,77.5,0.0
2013-10-28,31.75,76.5,0.0
2013-10-28,31.75,76.75,0.0
2013-10-28,31.75,77.0,0.0
2013-10-28,31.75,77.25,0.0
2013-10-28,31.75,77.5,0.0
2013-10-28,32.0,76.5,0.0
2013-10-28,32.0,76.75,0.0
2013-10-28,32.0,77.0,0.0
2013-10-28,32.0,77.25,0.0
2013-10-28,32.0,77.5,0.0
2013-10-29,31.5,76.5,0.0
2013-10-29,31.5,76.75,0.0
2013-10-29,31.5,77.0,0.0
2013-10-29,31.5,77.25,0.0
2013-10-29,31.5,77.5,0.0
2013-10-29,31.75,76.5,0.0
2013-10-29,31.75,76.75,0.0
2013-10-29,31.75,77.0,0.0
2013-10-29,31.75,77.25,0.0
2013-10-29,31.75,77.5,0.0
2013-10-29,32.0,76.5,0.0
2013-10-29,32.0,76.75,0.0
2013-10-29,32.0,77.0,0.0
2013-10-29,32.0,77.25,0.0
2013-10-29,32.0,77.5,0.0
2013-10-30,31.5,76.5,0.0
2013-10-30,31.5,76.75,0.0
2013-10-30,31.5,77.0,0.0
2013-10-30,31.5,77.25,0.0
2013-10-30,31.5,77.5,0.0
2013-10-30,31.75,76.5,0.0
2013-10-30,31.75,76.75,0.0
2013-10-30,31.75,77.0,0.0
2013-10-30,31.75,77.25,0.0
2013-10-30,31.75,77.5,0.0
2013-10-30,32.0,76.5,0.0
2013-10-30,32.0,76.75,0.0
2013-10-30,32.0,77.0,0.0
2013-10-30,32.0,77.25,0.0
2013-10-30,32.0,77.5,0.0
2013-10-31,31.5,76.5,0.7364519238471985
2013-10-31,31.5,76.75,0.0
2013-10-31,31.5,77.0,0.0
2013-10-31,31.5,77.25,0.0
2013-10-31,31.5,77.5,0.0
2013-10-31,31.75,76.5,0.0
2013-10-31,31.75,76.75,0.0
2013-10-31,31.75,77.0,0.0
2013-10-31,31.75,77.25,0.0
2013-10-31,31.75,77.5,0.0
2013-10-31,32.0,76.5,0.0
2013-10-31,32.0,76.75,0.0
2013-10-31,32.0,77.0,0.0
2013-10-31,32.0,77.25,0.0
2013-10-31,32.0,77.5,0.0
2013-11-01,31.5,76.5,0.0
2013-11-01,31.5,76.75,0.0
2013-11-01,31.5,77.0,0.0
2013-11-01,31.5,77.25,0.0
2013-11-01,31.5,77.5,0.0
2013-11-01,31.75,76.5,0.0
2013-11-01,31.75,76.75,0.0
2013-11-01,31.75,77.0,0.27217546105384827
2013-11-01,31.75,77.25,0.18455052375793457
2013-11-01,31.75,77.5,0.32706505060195923
2013-11-01,32.0,76.5,0.0
2013-11-01,32.0,76.75,0.0
2013-11-01,32.0,77.0,0.48756566643714905
2013-11-01,32.0,77.25,0.7506140470504761
2013-11-01,32.0,77.5,0.4524616301059723
2013-11-02,31.5,76.5,0.0
2013-11-02,31.5,76.75,0.0
2013-11-02,31.5,77.0,0.0
2013-11-02,31.5,77.25,0.0
2013-11-02,31.5,77.5,0.0
2013-11-02,31.75,76.5,0.0
2013-11-02,31.75,76.75,0.0
2013-11-02,31.75,77.0,0.0
2013-11-02,31.75,77.25,0.0
2013-11-02,31.75,77.5,0.0
2013-11-02,32.0,76.5,0.0
2013-11-02,32.0,76.75,0.0
2013-11-02,32.0,77.0,0.0
2013-11-02,32.0,77.25,0.0
2013-11-02,32.0,77.5,0.0
2013-11-03,31.5,76.5,0.0
2013-11-03,31.5,76.75,0.0
2013-11-03,31.5,77.0,0.0
2013-11-03,31.5,77.25,0.0
2013-11-03,31.5,77.5,0.0
2013-11-03,31.75,76.5,0.0
2013-11-03,31.75,76.75,0.0
2013-11-03,31.75,77.0,0.0
2013-11-03,31.75,77.25,0.0
2013-11-03,31.75,77.5,0.0
2013-11-03,32.0,76.5,0.0
2013-11-03,32.0,76.75,0.0
2013-11-03,32.0,77.0,0.0
2013-11-03,32.0,77.25,0.0
2013-11-03,32.0,77.5,0.0
2013-11-04,31.5,76.5,0.0
2013-11-04,31.5,76.75,0.0
2013-11-04,31.5,77.0,0.0
2013-11-04,31.5,77.25,0.0
2013-11-04,31.5,77.5,0.0
2013-11-04,31.75,76.5,0.0
2013-11-04,31.75,76.75,0.0
2013-11-04,31.75,77.0,0.0
2013-11-04,31.75,77.25,0.0
2013-11-04,31.75,77.5,0.0
2013-11-04,32.0,76.5,0.0
2013-11-04,32.0,76.75,0.0
2013-11-04,32.0,77.0,0.0
2013-11-04,32.0,77.25,0.0
2013-11-04,32.0,77.5,0.0
2013-11-05,31.5,76.5,0.0
2013-11-05,31.5,76.75,0.0
2013-11-05,31.5,77.0,0.0
2013-11-05,31.5,77.25,0.0
2013-11-05,31.5,77.5,0.0
2013-11-05,31.75,76.5,0.0
2013-11-05,31.75,76.75,0.0
2013-11-05,31.75,77.0,0.0
2013-11-05,31.75,77.25,0.0
2013-11-05,31.75,77.5,0.0
2013-11-05,32.0,76.5,0.0
2013-11-05,32.0,76.75,0.0
2013-11-05,32.0,77.0,0.0
2013-11-05,32.0,77.25,0.0
2013-11-05,32.0,77.5,0.0
2013-11-06,31.5,76.5,0.0
2013-11-06,31.5,76.75,0.0
2013-11-06,31.5,77.0,0.0
2013-11-06,31.5,77.25,0.0
2013-11-06,31.5,77.5,0.0
2013-11-06,31.75,76.5,0.0
2013-11-06,31.75,76.75,0.0
2013-11-06,31.75,77.0,0.0
2013-11-06,31.75,77.25,0.0
2013-11-06,31.75,77.5,0.0
2013-11-06,32.0,76.5,0.0
2013-11-06,32.0,76.75,0.0
2013-11-06,32.0,77.0,0.0
2013-11-06,32.0,77.25,0.0
2013-11-06,32.0,77.5,0.0
2013-11-07,31.5,76.5,0.0
2013-11-07,31.5,76.75,0.0
2013-11-07,31.5,77.0,0.0
2013-11-07,31.5,77.25,0.0
2013-11-07,31.5,77.5,0.0
2013-11-07,31.75,76.5,0.0
2013-11-07,31.75,76.75,0.0
2013-11-07,31.75,77.0,0.0
2013-11-07,31.75,77.25,0.0
2013-11-07,31.75,77.5,0.0
2013-11-07,32.0,76.5,0.3169696629047394
2013-11-07,32.0,76.75,0.0
2013-11-07,32.0,77.0,3.9171624183654785
2013-11-07,32.0,77.25,1.7058930397033691
2013-11-07,32.0,77.5,2.2515780925750732
2013-11-08,31.5,76.5,11.830437660217285
2013-11-08,31.5,76.75,9.552620887756348
2013-11-08,31.5,77.0,7.137729644775391
2013-11-08,31.5,77.25,8.080794334411621
2013-11-08,31.5,77.5,8.183080673217773
2013-11-08,31.75,76.5,19.01594352722168
2013-11-08,31.75,76.75,9.826628684997559
2013-11-08,31.75,77.0,8.679484367370605
2013-11-08,31.75,77.25,8.244794845581055
2013-11-08,31.75,77.5,7.385687828063965
2013-11-08,32.0,76.5,23.575109481811523
2013-11-08,32.0,76.75,19.432815551757812
2013-11-08,32.0,77.0,10.39714527130127
2013-11-08,32.0,77.25,7.306437015533447
2013-11-08,32.0,77.5,9.015687942504883
2013-11-09,31.5,76.5,1.2165563106536865
2013-11-09,31.5,76.75,3.20206356048584
2013-11-09,31.5,77.0,8.762457847595215
2013-11-09,31.5,77.25,8.846100807189941
2013-11-09,31.5,77.5,5.371938705444336
2013-11-09,31.75,76.5,2.891756534576416
2013-11-09,31.75,76.75,2.2295079231262207
2013-11-09,31.75,77.0,4.592339038848877
2013-11-09,31.75,77.25,7.316488742828369
2013-11-09,31.75,77.5,4.979408264160156
2013-11-09,32.0,76.5,7.018395900726318
2013-11-09,32.0,76.75,8.12757682800293
2013-11-09,32.0,77.0,2.304302453994751
2013-11-09,32.0,77.25,0.7798314094543457
2013-11-09,32.0,77.5,3.558088779449463
2013-11-10,31.5,76.5,0.0
2013-11-10,31.5,76.75,0.0
2013-11-10,31.5,77.0,0.0
2013-11-10,31.5,77.25,0.0
2013-11-10,31.5,77.5,0.0
2013-11-10,31.75,76.5,0.0
2013-11-10,31.75,76.75,0.0
2013-11-10,31.75,77.0,2.721754312515259
2013-11-10,31.75,77.25,0.4867135286331177
2013-11-10,31.75,77.5,0.9481350779533386
2013-11-10,32.0,76.5,0.0
2013-11-10,32.0,76.75,0.4987916946411133
2013-11-10,32.0,77.0,2.308173894882202
2013-11-10,32.0,77.25,0.6942362189292908
2013-11-10,32.0,77.5,1.2331219911575317
2013-11-11,31.5,76.5,0.0
2013-11-11,31.5,76.75,0.0
2013-11-11,31.5,77.0,0.0
2013-11-11,31.5,77.25,0.0
2013-11-11,31.5,77.5,0.0
2013-11-11,31.75,76.5,0.0
2013-11-11,31.75,76.75,0.0
2013-11-11,31.75,77.0,0.0
2013-11-11,31.75,77.25,0.0
2013-11-11,31.75,77.5,0.0
2013-11-11,32.0,76.5,0.0
2013-11-11,32.0,76.75,0.0
2013-11-11,32.0,77.0,0.0
2013-11-11,32.0,77.25,0.0
2013-11-11,32.0,77.5,0.0
2013-11-12,31.5,76.5,0.0
2013-11-12,31.5,76.75,0.0
2013-11-12,31.5,77.0,0.0
2013-11-12,31.5,77.25,0.0
2013-11-12,31.5,77.5,0.0
2013-11-12,31.75,76.5,0.0
2013-11-12,31.75,76.75,0.0
2013-11-12,31.75,77.0,0.0
2013-11-12,31.75,77.25,0.0
2013-11-12,31.75,77.5,0.0
2013-11-12,32.0,76.5,0.0
2013-11-12,32.0,76.75,0.0
2013-11-12,32.0,77.0,0.0
2013-11-12,32.0,77.25,0.0
2013-11-12,32.0,77.5,0.0
2013-11-13,31.5,76.5,0.0
2013-11-13,31.5,76.75,0.0
2013-11-13,31.5,77.0,0.0
2013-11-13,31.5,77.25,0.0
2013-11-13,31.5,77.5,0.0
2013-11-13,31.75,76.5,0.0
2013-11-13,31.75,76.75,0.0
2013-11-13,31.75,77.0,0.0
2013-11-13,31.75,77.25,0.0
2013-11-13,31.75,77.5,0.0
2013-11-13,32.0,76.5,0.0
2013-11-13,32.0,76.75,0.0
2013-11-13,32.0,77.0,0.0
2013-11-13,32.0,77.25,0.0
2013-11-13,32.0,77.5,0.0
2013-11-14,31.5,76.5,0.0
2013-11-14,31.5,76.75,0.0
2013-11-14,31.5,77.0,0.0
2013-11-14,31.5,77.25,0.0
2013-11-14,31.5,77.5,0.0
2013-11-14,31.75,76.5,0.0
2013-11-14,31.75,76.75,0.0
2013-11-14,31.75,77.0,0.0
2013-11-14,31.75,77.25,0.0
2013-11-14,31.75,77.5,0.0
2013-11-14,32.0,76.5,0.0
2013-11-14,32.0,76.75,0.0
2013-11-14,32.0,77.0,0.0
2013-11-14,32.0,77.25,0.0
2013-11-14,32.0,77.5,0.0
2013-11-15,31.5,76.5,0.0
2013-11-15,31.5,76.75,0.0
2013-11-15,31.5,77.0,0.0
2013-11-15,31.5,77.25,0.0
2013-11-15,31.5,77.5,0.0
2013-11-15,31.75,76.5,0.0
2013-11-15,31.75,76.75,0.0
2013-11-15,31.75,77.0,0.0
2013-11-15,31.75,77.25,0.0
2013-11-15,31.75,77.5,0.0
2013-11-15,32.0,76.5,0.0
2013-11-15,32.0,76.75,0.0
2013-11-15,32.0,77.0,0.0
2013-11-15,32.0,77.25,0.0
2013-11-15,32.0,77.5,0.0
2013-11-16,31.5,76.5,0.0
2013-11-16,31.5,76.75,0.0
2013-11-16,31.5,77.0,0.0
2013-11-16,31.5,77.25,0.0
2013-11-16,31.5,77.5,0.0
2013-11-16,31.75,76.5,0.0
2013-11-16,31.75,76.75,0.0
2013-11-16,31.75,77.0,0.0
2013-11-16,31.75,77.25,0.0
2013-11-16,31.75,77.5,0.0
2013-11-16,32.0,76.5,0.0
2013-11-16,32.0,76.75,0.0
2013-11-16,32.0,77.0,0.0
2013-11-16,32.0,77.25,0.0
2013-11-16,32.0,77.5,0.0
2013-11-17,31.5,76.5,0.0
2013-11-17,31.5,76.75,0.0
2013-11-17,31.5,77.0,0.0
2013-11-17,31.5,77.25,0.0
2013-11-17,31.5,77.5,0.0
2013-11-17,31.75,76.5,0.0
2013-11-17,31.75,76.75,0.0
2013-11-17,31.75,77.0,0.0
2013-11-17,31.75,77.25,0.0
2013-11-17,31.75,77.5,0.0
2013-11-17,32.0,76.5,0.0
2013-11-17,32.0,76.75,0.0
2013-11-17,32.0,77.0,0.0
2013-11-17,32.0,77.25,0.0
2013-11-17,32.0,77.5,0.0
2013-11-18,31.5,76.5,0.0
2013-11-18,31.5,76.75,0.0
2013-11-18,31.5,77.0,0.0
2013-11-18,31.5,77.25,0.0
2013-11-18,31.5,77.5,0.0
2013-11-18,31.75,76.5,0.0
2013-11-18,31.75,76.75,0.0
2013-11-18,31.75,77.0,0.0
2013-11-18,31.75,77.25,0.0
2013-11-18,31.75,77.5,0.0
2013-11-18,32.0,76.5,0.0
2013-11-18,32.0,76.75,0.0
2013-11-18,32.0,77.0,0.0
2013-11-18,32.0,77.25,0.0
2013-11-18,32.0,77.5,0.0
2013-11-19,31.5,76.5,0.0
2013-11-19,31.5,76.75,0.0
2013-11-19,31.5,77.0,0.0
2013-11-19,31.5,77.25,0.0
2013-11-19,31.5,77.5,0.0
2013-11-19,31.75,76.5,0.0
2013-11-19,31.75,76.75,0.0
2013-11-19,31.75,77.0,0.0
2013-11-19,31.75,77.25,0.0
2013-11-19,31.75,77.5,0.0
2013-11-19,32.0,76.5,0.0
2013-11-19,32.0,76.75,0.0
2013-11-19,32.0,77.0,0.0
2013-11-19,32.0,77.25,0.0
2013-11-19,32.0,77.5,0.0
2013-11-20,31.5,76.5,0.0
2013-11-20,31.5,76.75,0.0
2013-11-20,31.5,77.0,0.0
2013-11-20,31.5,77.25,0.0
2013-11-20,31.5,77.5,0.0
2013-11-20,31.75,76.5,0.0
2013-11-20,31.75,76.75,0.0
2013-11-20,31.75,77.0,0.0
2013-11-20,31.75,77.25,0.0
2013-11-20,31.75,77.5,0.0
2013-11-20,32.0,76.5,0.0
2013-11-20,32.0,76.75,0.0
2013-11-20,32.0,77.0,0.0
2013-11-20,32.0,77.25,0.0
2013-11-20,32.0,77.5,0.0
2013-11-21,31.5,76.5,0.0
2013-11-21,31.5,76.75,0.0
2013-11-21,31.5,77.0,0.0
2013-11-21,31.5,77.25,0.0
2013-11-21,31.5,77.5,0.0
2013-11-21,31.75,76.5,0.0
2013-11-21,31.75,76.75,0.0
2013-11-21,31.75,77.0,0.0
2013-11-21,31.75,77.25,0.0
2013-11-21,31.75,77.5,0.0
2013-11-21,32.0,76.5,0.0
2013-11-21,32.0,76.75,0.0
2013-11-21,32.0,77.0,0.0
2013-11-21,32.0,77.25,0.0
2013-11-21,32.0,77.5,0.0
2013-11-22,31.5,76.5,0.0
2013-11-22,31.5,76.75,0.0
2013-11-22,31.5,77.0,0.0
2013-11-22,31.5,77.25,0.0
2013-11-22,31.5,77.5,0.0
2013-11-22,31.75,76.5,0.0
2013-11-22,31.75,76.75,0.0
2013-11-22,31.75,77.0,0.0
2013-11-22,31.75,77.25,0.0
2013-11-22,31.75,77.5,0.0
2013-11-22,32.0,76.5,0.0
2013-11-22,32.0,76.75,0.0
2013-11-22,32.0,77.0,0.0
2013-11-22,32.0,77.25,0.0
2013-11-22,32.0,77.5,0.0
2013-11-23,31.5,76.5,0.0
2013-11-23,31.5,76.75,0.0
2013-11-23,31.5,77.0,0.0
2013-11-23,31.5,77.25,0.0
2013-11-23,31.5,77.5,0.0
2013-11-23,31.75,76.5,0.0
2013-11-23,31.75,76.75,0.0
2013-11-23,31.75,77.0,0.0
2013-11-23,31.75,77.25,0.0
2013-11-23,31.75,77.5,0.0
2013-11-23,32.0,76.5,0.0
2013-11-23,32.0,76.75,0.0
2013-11-23,32.0,77.0,0.0
2013-11-23,32.0,77.25,0.0
2013-11-23,32.0,77.5,0.0
2013-11-24,31.5,76.5,0.0
2013-11-24,31.5,76.75,0.0
2013-11-24,31.5,77.0,0.0
2013-11-24,31.5,77.25,0.0
2013-11-24,31.5,77.5,0.0
2013-11-24,31.75,76.5,0.0
2013-11-24,31.75,76.75,0.0
2013-11-24,31.75,77.0,0.0
2013-11-24,31.75,77.25,0.0
2013-11-24,31.75,77.5,0.0
2013-11-24,32.0,76.5,0.0
2013-11-24,32.0,76.75,0.0
2013-11-24,32.0,77.0,0.0
2013-11-24,32.0,77.25,0.0
2013-11-24,32.0,77.5,0.0
2013-11-25,31.5,76.5,0.0
2013-11-25,31.5,76.75,0.0
2013-11-25,31.5,77.0,0.0
2013-11-25,31.5,77.25,0.0
2013-11-25,31.5,77.5,0.0
2013-11-25,31.75,76.5,0.0
2013-11-25,31.75,76.75,0.0
2013-11-25,31.75,77.0,0.0
2013-11-25,31.75,77.25,0.0
2013-11-25,31.75,77.5,0.0
2013-11-25,32.0,76.5,0.0
2013-11-25,32.0,76.75,0.0
2013-11-25,32.0,77.0,0.0
2013-11-25,32.0,77.25,0.0
2013-11-25,32.0,77.5,0.0
2013-11-26,31.5,76.5,0.0
2013-11-26,31.5,76.75,0.0
2013-11-26,31.5,77.0,0.0
2013-11-26,31.5,77.25,0.0
2013-11-26,31.5,77.5,0.0
2013-11-26,31.75,76.5,0.0
2013-11-26,31.75,76.75,0.0
2013-11-26,31.75,77.0,0.0
2013-11-26,31.75,77.25,0.0
2013-11-26,31.75,77.5,0.0
2013-11-26,32.0,76.5,0.0
2013-11-26,32.0,76.75,0.0
2013-11-26,32.0,77.0,0.0
2013-11-26,32.0,77.25,0.0
2013-11-26,32.0,77.5,0.0
2013-11-27,31.5,76.5,0.0
2013-11-27,31.5,76.75,0.0
2013-11-27,31.5,77.0,0.0
2013-11-27,31.5,77.25,0.0
2013-11-27,31.5,77.5,0.0
2013-11-27,31.75,76.5,0.0
2013-11-27,31.75,76.75,0.0
2013-11-27,31.75,77.0,0.0
2013-11-27,31.75,77.25,0.0
2013-11-27,31.75,77.5,0.0
2013-11-27,32.0,76.5,0.0
2013-11-27,32.0,76.75,0.0
2013-11-27,32.0,77.0,0.0
2013-11-27,32.0,77.25,0.0
2013-11-27,32.0,77.5,0.0
2013-11-28,31.5,76.5,0.0
2013-11-28,31.5,76.75,0.0
2013-11-28,31.5,77.0,0.0
2013-11-28,31.5,77.25,0.0
2013-11-28,31.5,77.5,0.0
2013-11-28,31.75,76.5,0.0
2013-11-28,31.75,76.75,0.0
2013-11-28,31.75,77.0,0.0
2013-11-28,31.75,77.25,0.0
2013-11-28,31.75,77.5,0.0
2013-11-28,32.0,76.5,0.0
2013-11-28,32.0,76.75,0.0
2013-11-28,32.0,77.0,0.0
2013-11-28,32.0,77.25,0.0
2013-11-28,32.0,77.5,0.0
2013-11-29,31.5,76.5,0.0
2013-11-29,31.5,76.75,0.0
2013-11-29,31.5,77.0,0.0
2013-11-29,31.5,77.25,0.0
2013-11-29,31.5,77.5,0.0
2013-11-29,31.75,76.5,0.0
2013-11-29,31.75,76.75,0.0
2013-11-29,31.75,77.0,0.0
2013-11-29,31.75,77.25,0.0
2013-11-29,31.75,77.5,0.0
2013-11-29,32.0,76.5,0.0
2013-11-29,32.0,76.75,0.0
2013-11-29,32.0,77.0,0.0
2013-11-29,32.0,77.25,0.0
2013-11-29,32.0,77.5,0.0
2013-11-30,31.5,76.5,0.0
2013-11-30,31.5,76.75,0.0
2013-11-30,31.5,77.0,0.0
2013-11-30,31.5,77.25,0.0
2013-11-30,31.5,77.5,0.0
2013-11-30,31.75,76.5,0.0
2013-11-30,31.75,76.75,0.0
2013-11-30,31.75,77.0,0.0
2013-11-30,31.75,77.25,0.0
2013-11-30,31.75,77.5,0.0
2013-11-30,32.0,76.5,0.0
2013-11-30,32.0,76.75,0.0
2013-11-30,32.0,77.0,0.0
2013-11-30,32.0,77.25,0.0
2013-11-30,32.0,77.5,0.0
2013-12-01,31.5,76.5,0.0
2013-12-01,31.5,76.75,0.0
2013-12-01,31.5,77.0,0.0
2013-12-01,31.5,77.25,0.0
2013-12-01,31.5,77.5,0.0
2013-12-01,31.75,76.5,0.0
2013-12-01,31.75,76.75,0.0
2013-12-01,31.75,77.0,0.0
2013-12-01,31.75,77.25,0.0
2013-12-01,31.75,77.5,0.0
2013-12-01,32.0,76.5,0.0
2013-12-01,32.0,76.75,0.0
2013-12-01,32.0,77.0,0.0
2013-12-01,32.0,77.25,0.0
2013-12-01,32.0,77.5,0.0
2013-12-02,31.5,76.5,0.0
2013-12-02,31.5,76.75,0.0
2013-12-02,31.5,77.0,0.0
2013-12-02,31.5,77.25,0.0
2013-12-02,31.5,77.5,0.0
2013-12-02,31.75,76.5,0.0
2013-12-02,31.75,76.75,0.0
2013-12-02,31.75,77.0,0.0
2013-12-02,31.75,77.25,0.0
2013-12-02,31.75,77.5,0.0
2013-12-02,32.0,76.5,0.0
2013-12-02,32.0,76.75,0.0
2013-12-02,32.0,77.0,0.0
2013-12-02,32.0,77.25,0.0
2013-12-02,32.0,77.5,0.0
2013-12-03,31.5,76.5,0.0
2013-12-03,31.5,76.75,0.0
2013-12-03,31.5,77.0,0.0
2013-12-03,31.5,77.25,0.0
2013-12-03,31.5,77.5,0.0
2013-12-03,31.75,76.5,0.0
2013-12-03,31.75,76.75,0.0
2013-12-03,31.75,77.0,0.0
2013-12-03,31.75,77.25,0.0
2013-12-03,31.75,77.5,0.0
2013-12-03,32.0,76.5,0.0
2013-12-03,32.0,76.75,0.0
2013-12-03,32.0,77.0,0.0
2013-12-03,32.0,77.25,0.0
2013-12-03,32.0,77.5,0.0
2013-12-04,31.5,76.5,0.0
2013-12-04,31.5,76.75,0.0
2013-12-04,31.5,77.0,0.0
2013-12-04,31.5,77.25,0.0
2013-12-04,31.5,77.5,0.0
2013-12-04,31.75,76.5,0.0
2013-12-04,31.75,76.75,0.0
2013-12-04,31.75,77.0,0.0
2013-12-04,31.75,77.25,0.0
2013-12-04,31.75,77.5,0.0
2013-12-04,32.0,76.5,0.0
2013-12-04,32.0,76.75,0.0
2013-12-04,32.0,77.0,0.0
2013-12-04,32.0,77.25,0.0
2013-12-04,32.0,77.5,0.0
2013-12-05,31.5,76.5,0.0
2013-12-05,31.5,76.75,0.0
2013-12-05,31.5,77.0,0.0
2013-12-05,31.5,77.25,0.0
2013-12-05,31.5,77.5,0.0
2013-12-05,31.75,76.5,0.0
2013-12-05,31.75,76.75,0.0
2013-12-05,31.75,77.0,0.0
2013-12-05,31.75,77.25,0.0
2013-12-05,31.75,77.5,0.0
2013-12-05,32.0,76.5,0.0
2013-12-05,32.0,76.75,0.0
2013-12-05,32.0,77.0,0.0
2013-12-05,32.0,77.25,0.0
2013-12-05,32.0,77.5,0.0
2013-12-06,31.5,76.5,0.0
2013-12-06,31.5,76.75,0.0
2013-12-06,31.5,77.0,0.0
2013-12-06,31.5,77.25,0.0
2013-12-06,31.5,77.5,0.0
2013-12-06,31.75,76.5,0.0
2013-12-06,31.75,76.75,0.0
2013-12-06,31.75,77.0,0.0
2013-12-06,31.75,77.25,0.0
2013-12-06,31.75,77.5,0.0
2013-12-06,32.0,76.5,0.0
2013-12-06,32.0,76.75,0.0
2013-12-06,32.0,77.0,0.0
2013-12-06,32.0,77.25,0.0
2013-12-06,32.0,77.5,0.0
2013-12-07,31.5,76.5,0.0
2013-12-07,31.5,76.75,0.0
2013-12-07,31.5,77.0,0.0
2013-12-07,31.5,77.25,0.0
2013-12-07,31.5,77.5,0.0
2013-12-07,31.75,76.5,0.0
2013-12-07,31.75,76.75,0.0
2013-12-07,31.75,77.0,0.0
2013-12-07,31.75,77.25,0.0
2013-12-07,31.75,77.5,0.0
2013-12-07,32.0,76.5,0.0
2013-12-07,32.0,76.75,0.0
2013-12-07,32.0,77.0,0.0
2013-12-07,32.0,77.25,0.0
2013-12-07,32.0,77.5,0.0
2013-12-08,31.5,76.5,0.0
2013-12-08,31.5,76.75,0.0
2013-12-08,31.5,77.0,0.0
2013-12-08,31.5,77.25,0.0
2013-12-08,31.5,77.5,0.0
2013-12-08,31.75,76.5,0.0
2013-12-08,31.75,76.75,0.0
2013-12-08,31.75,77.0,0.0
2013-12-08,31.75,77.25,0.0
2013-12-08,31.75,77.5,0.0
2013-12-08,32.0,76.5,0.0
2013-12-08,32.0,76.75,0.0
2013-12-08,32.0,77.0,0.0
2013-12-08,32.0,77.25,0.0
2013-12-08,32.0,77.5,0.0
2013-12-09,31.5,76.5,0.0
2013-12-09,31.5,76.75,0.0
2013-12-09,31.5,77.0,0.0
2013-12-09,31.5,77.25,0.0
2013-12-09,31.5,77.5,0.0
2013-12-09,31.75,76.5,0.0
2013-12-09,31.75,76.75,0.0
2013-12-09,31.75,77.0,0.0
2013-12-09,31.75,77.25,0.0
2013-12-09,31.75,77.5,0.0
2013-12-09,32.0,76.5,0.0
2013-12-09,32.0,76.75,0.0
2013-12-09,32.0,77.0,0.0
2013-12-09,32.0,77.25,0.0
2013-12-09,32.0,77.5,0.0
2013-12-10,31.5,76.5,0.0
2013-12-10,31.5,76.75,0.0
2013-12-10,31.5,77.0,0.0
2013-12-10,31.5,77.25,0.0
2013-12-10,31.5,77.5,0.0
2013-12-10,31.75,76.5,0.0
2013-12-10,31.75,76.75,0.0
2013-12-10,31.75,77.0,0.0
2013-12-10,31.75,77.25,0.0
2013-12-10,31.75,77.5,0.0
2013-12-10,32.0,76.5,0.0
2013-12-10,32.0,76.75,0.0
2013-12-10,32.0,77.0,0.0
2013-12-10,32.0,77.25,0.0
2013-12-10,32.0,77.5,0.0
2013-12-11,31.5,76.5,0.0
2013-12-11,31.5,76.75,0.0
2013-12-11,31.5,77.0,0.0
2013-12-11,31.5,77.25,0.0
2013-12-11,31.5,77.5,0.0
2013-12-11,31.75,76.5,0.0
2013-12-11,31.75,76.75,0.0
2013-12-11,31.75,77.0,0.0
2013-12-11,31.75,77.25,0.0
2013-12-11,31.75,77.5,0.0
2013-12-11,32.0,76.5,0.0
2013-12-11,32.0,76.75,0.0
2013-12-11,32.0,77.0,0.0
2013-12-11,32.0,77.25,0.0
2013-12-11,32.0,77.5,0.0
2013-12-12,31.5,76.5,0.0
2013-12-12,31.5,76.75,0.0
2013-12-12,31.5,77.0,0.0
2013-12-12,31.5,77.25,0.0
2013-12-12,31.5,77.5,0.0
2013-12-12,31.75,76.5,0.0
2013-12-12,31.75,76.75,0.0
2013-12-12,31.75,77.0,0.0
2013-12-12,31.75,77.25,0.0
2013-12-12,31.75,77.5,0.0
2013-12-12,32.0,76.5,0.0
2013-12-12,32.0,76.75,0.0
2013-12-12,32.0,77.0,0.0
2013-12-12,32.0,77.25,0.0
2013-12-12,32.0,77.5,0.0
2013-12-13,31.5,76.5,0.0
2013-12-13,31.5,76.75,0.0
2013-12-13,31.5,77.0,0.0
2013-12-13,31.5,77.25,0.0
2013-12-13,31.5,77.5,0.0
2013-12-13,31.75,76.5,0.0
2013-12-13,31.75,76.75,0.0
2013-12-13,31.75,77.0,0.0
2013-12-13,31.75,77.25,0.0
2013-12-13,31.75,77.5,0.0
2013-12-13,32.0,76.5,0.0
2013-12-13,32.0,76.75,0.0
2013-12-13,32.0,77.0,0.0
2013-12-13,32.0,77.25,0.0
2013-12-13,32.0,77.5,0.0
2013-12-14,31.5,76.5,0.0
2013-12-14,31.5,76.75,0.0
2013-12-14,31.5,77.0,0.0
2013-12-14,31.5,77.25,0.0
2013-12-14,31.5,77.5,0.0
2013-12-14,31.75,76.5,0.0
2013-12-14,31.75,76.75,0.0
2013-12-14,31.75,77.0,0.0
2013-12-14,31.75,77.25,0.0
2013-12-14,31.75,77.5,0.0
2013-12-14,32.0,76.5,0.0
2013-12-14,32.0,76.75,0.0
2013-12-14,32.0,77.0,0.0
2013-12-14,32.0,77.25,0.0
2013-12-14,32.0,77.5,0.0
2013-12-15,31.5,76.5,0.0
2013-12-15,31.5,76.75,0.0
2013-12-15,31.5,77.0,0.0
2013-12-15,31.5,77.25,0.0
2013-12-15,31.5,77.5,0.0
2013-12-15,31.75,76.5,0.0
2013-12-15,31.75,76.75,0.0
2013-12-15,31.75,77.0,0.0
2013-12-15,31.75,77.25,0.0
2013-12-15,31.75,77.5,0.0
2013-12-15,32.0,76.5,0.0
2013-12-15,32.0,76.75,0.0
2013-12-15,32.0,77.0,0.0
2013-12-15,32.0,77.25,0.0
2013-12-15,32.0,77.5,0.0
2013-12-16,31.5,76.5,0.0
2013-12-16,31.5,76.75,0.0
2013-12-16,31.5,77.0,0.0
2013-12-16,31.5,77.25,0.0
2013-12-16,31.5,77.5,0.0
2013-12-16,31.75,76.5,0.0
2013-12-16,31.75,76.75,0.0
2013-12-16,31.75,77.0,0.0
2013-12-16,31.75,77.25,0.0
2013-12-16,31.75,77.5,0.0
2013-12-16,32.0,76.5,0.0
2013-12-16,32.0,76.75,0.0
2013-12-16,32.0,77.0,0.0
2013-12-16,32.0,77.25,0.0
2013-12-16,32.0,77.5,0.0
2013-12-17,31.5,76.5,0.0
2013-12-17,31.5,76.75,0.0
2013-12-17,31.5,77.0,0.0
2013-12-17,31.5,77.25,0.0
2013-12-17,31.5,77.5,0.0
2013-12-17,31.75,76.5,0.0
2013-12-17,31.75,76.75,0.0
2013-12-17,31.75,77.0,0.0
2013-12-17,31.75,77.25,0.0
2013-12-17,31.75,77.5,0.0
2013-12-17,32.0,76.5,0.0
2013-12-17,32.0,76.75,0.0
2013-12-17,32.0,77.0,0.0
2013-12-17,32.0,77.25,0.0
2013-12-17,32.0,77.5,0.0
2013-12-18,31.5,76.5,0.0
2013-12-18,31.5,76.75,0.0
2013-12-18,31.5,77.0,0.0
2013-12-18,31.5,77.25,0.0
2013-12-18,31.5,77.5,0.0
2013-12-18,31.75,76.5,0.0
2013-12-18,31.75,76.75,0.0
2013-12-18,31.75,77.0,0.0
2013-12-18,31.75,77.25,0.0
2013-12-18,31.75,77.5,0.0
2013-12-18,32.0,76.5,0.0
2013-12-18,32.0,76.75,0.0
2013-12-18,32.0,77.0,0.0
2013-12-18,32.0,77.25,0.0
2013-12-18,32.0,77.5,0.0
2013-12-19,31.5,76.5,0.0
2013-12-19,31.5,76.75,0.0
2013-12-19,31.5,77.0,0.0
2013-12-19,31.5,77.25,0.0
2013-12-19,31.5,77.5,0.0
2013-12-19,31.75,76.5,0.0
2013-12-19,31.75,76.75,0.0
2013-12-19,31.75,77.0,0.0
2013-12-19,31.75,77.25,0.0
2013-12-19,31.75,77.5,0.0
2013-12-19,32.0,76.5,0.0
2013-12-19,32.0,76.75,0.0
2013-12-19,32.0,77.0,0.0
2013-12-19,32.0,77.25,0.0
2013-12-19,32.0,77.5,0.0
2013-12-20,31.5,76.5,0.0
2013-12-20,31.5,76.75,0.0
2013-12-20,31.5,77.0,0.0
2013-12-20,31.5,77.25,0.0
2013-12-20,31.5,77.5,0.0
2013-12-20,31.75,76.5,0.0
2013-12-20,31.75,76.75,0.0
2013-12-20,31.75,77.0,0.0
2013-12-20,31.75,77.25,0.0
2013-12-20,31.75,77.5,0.0
2013-12-20,32.0,76.5,0.0
2013-12-20,32.0,76.75,0.0
2013-12-20,32.0,77.0,0.0
2013-12-20,32.0,77.25,0.0
2013-12-20,32.0,77.5,0.0
2013-12-21,31.5,76.5,0.0
2013-12-21,31.5,76.75,0.0
2013-12-21,31.5,77.0,0.0
2013-12-21,31.5,77.25,0.0
2013-12-21,31.5,77.5,0.0
2013-12-21,31.75,76.5,0.0
2013-12-21,31.75,76.75,0.0
2013-12-21,31.75,77.0,0.0
2013-12-21,31.75,77.25,0.0
2013-12-21,31.75,77.5,0.0
2013-12-21,32.0,76.5,0.0
2013-12-21,32.0,76.75,0.0
2013-12-21,32.0,77.0,0.0
2013-12-21,32.0,77.25,0.0
2013-12-21,32.0,77.5,0.0
2013-12-22,31.5,76.5,12.675331115722656
2013-12-22,31.5,76.75,14.885994911193848
2013-12-22,31.5,77.0,15.829946517944336
2013-12-22,31.5,77.25,13.008796691894531
2013-12-22,31.5,77.5,11.880151748657227
2013-12-22,31.75,76.5,18.7628231048584
2013-12-22,31.75,76.75,13.645896911621094
2013-12-22,31.75,77.0,13.164834022521973
2013-12-22,31.75,77.25,12.809683799743652
2013-12-22,31.75,77.5,12.012349128723145
2013-12-22,32.0,76.5,27.925161361694336
2013-12-22,32.0,76.75,21.466188430786133
2013-12-22,32.0,77.0,15.408897399902344
2013-12-22,32.0,77.25,12.779205322265625
2013-12-22,32.0,77.5,14.079965591430664
2013-12-23,31.5,76.5,1.920589804649353
2013-12-23,31.5,76.75,2.018498182296753
2013-12-23,31.5,77.0,15.043835639953613
2013-12-23,31.5,77.25,7.316375255584717
2013-12-23,31.5,77.5,6.232715129852295
2013-12-23,31.75,76.5,3.540339708328247
2013-12-23,31.75,76.75,1.5311321020126343
2013-12-23,31.75,77.0,4.384218692779541
2013-12-23,31.75,77.25,5.370105266571045
2013-12-23,31.75,77.5,4.850451946258545
2013-12-23,32.0,76.5,2.595425605773926
2013-12-23,32.0,76.75,2.978785753250122
2013-12-23,32.0,77.0,5.344561576843262
2013-12-23,32.0,77.25,3.1858396530151367
2013-12-23,32.0,77.5,5.005454063415527
2013-12-24,31.5,76.5,0.0
2013-12-24,31.5,76.75,0.0
2013-12-24,31.5,77.0,0.0
2013-12-24,31.5,77.25,0.0
2013-12-24,31.5,77.5,0.0
2013-12-24,31.75,76.5,0.0
2013-12-24,31.75,76.75,0.0
2013-12-24,31.75,77.0,0.0
2013-12-24,31.75,77.25,0.0
2013-12-24,31.75,77.5,0.0
2013-12-24,32.0,76.5,0.0
2013-12-24,32.0,76.75,0.0
2013-12-24,32.0,77.0,0.0
2013-12-24,32.0,77.25,0.0
2013-12-24,32.0,77.5,0.0
2013-12-25,31.5,76.5,0.0
2013-12-25,31.5,76.75,0.0
2013-12-25,31.5,77.0,0.0
2013-12-25,31.5,77.25,0.0
2013-12-25,31.5,77.5,0.0
2013-12-25,31.75,76.5,0.0
2013-12-25,31.75,76.75,0.0
2013-12-25,31.75,77.0,0.0
2013-12-25,31.75,77.25,0.0
2013-12-25,31.75,77.5,0.0
2013-12-25,32.0,76.5,0.0
2013-12-25,32.0,76.75,0.0
2013-12-25,32.0,77.0,0.0
2013-12-25,32.0,77.25,0.0
2013-12-25,32.0,77.5,0.0
2013-12-26,31.5,76.5,0.0
2013-12-26,31.5,76.75,0.0
2013-12-26,31.5,77.0,0.0
2013-12-26,31.5,77.25,0.0
2013-12-26,31.5,77.5,0.0
2013-12-26,31.75,76.5,0.0
2013-12-26,31.75,76.75,0.0
2013-12-26,31.75,77.0,0.0
2013-12-26,31.75,77.25,0.0
2013-12-26,31.75,77.5,0.0
2013-12-26,32.0,76.5,0.0
2013-12-26,32.0,76.75,0.0
2013-12-26,32.0,77.0,0.0
2013-12-26,32.0,77.25,0.0
2013-12-26,32.0,77.5,0.0
2013-12-27,31.5,76.5,0.0
2013-12-27,31.5,76.75,0.0
2013-12-27,31.5,77.0,0.0
2013-12-27,31.5,77.25,0.0
2013-12-27,31.5,77.5,0.0
2013-12-27,31.75,76.5,0.0
2013-12-27,31.75,76.75,0.0
2013-12-27,31.75,77.0,0.0
2013-12-27,31.75,77.25,0.0
2013-12-27,31.75,77.5,0.0
2013-12-27,32.0,76.5,0.0
2013-12-27,32.0,76.75,0.0
2013-12-27,32.0,77.0,0.0
2013-12-27,32.0,77.25,0.0
2013-12-27,32.0,77.5,0.0
2013-12-28,31.5,76.5,0.0
2013-12-28,31.5,76.75,0.0
2013-12-28,31.5,77.0,0.0
2013-12-28,31.5,77.25,0.0
2013-12-28,31.5,77.5,0.0
2013-12-28,31.75,76.5,0.0
2013-12-28,31.75,76.75,0.0
2013-12-28,31.75,77.0,0.0
2013-12-28,31.75,77.25,0.0
2013-12-28,31.75,77.5,0.0
2013-12-28,32.0,76.5,0.0
2013-12-28,32.0,76.75,0.0
2013-12-28,32.0,77.0,0.0
2013-12-28,32.0,77.25,0.0
2013-12-28,32.0,77.5,0.0
2013-12-29,31.5,76.5,0.0
2013-12-29,31.5,76.75,0.0
2013-12-29,31.5,77.0,0.0
2013-12-29,31.5,77.25,0.0
2013-12-29,31.5,77.5,0.0
2013-12-29,31.75,76.5,0.0
2013-12-29,31.75,76.75,0.0
2013-12-29,31.75,77.0,0.0
2013-12-29,31.75,77.25,0.0
2013-12-29,31.75,77.5,0.0
2013-12-29,32.0,76.5,0.0
2013-12-29,32.0,76.75,0.0
2013-12-29,32.0,77.0,0.0
2013-12-29,32.0,77.25,0.0
2013-12-29,32.0,77.5,0.0
2013-12-30,31.5,76.5,0.0
2013-12-30,31.5,76.75,0.0
2013-12-30,31.5,77.0,0.0
2013-12-30,31.5,77.25,0.0
2013-12-30,31.5,77.5,0.0
2013-12-30,31.75,76.5,0.0
2013-12-30,31.75,76.75,0.0
2013-12-30,31.75,77.0,0.0
2013-12-30,31.75,77.25,0.0
2013-12-30,31.75,77.5,0.0
2013-12-30,32.0,76.5,0.0
2013-12-30,32.0,76.75,0.0
2013-12-30,32.0,77.0,0.0
2013-12-30,32.0,77.25,0.0
2013-12-30,32.0,77.5,0.0
2013-12-31,31.5,76.5,4.094863414764404
2013-12-31,31.5,76.75,2.32067608833313
2013-12-31,31.5,77.0,0.1236361637711525
2013-12-31,31.5,77.25,0.0
2013-12-31,31.5,77.5,0.66595059633255
2013-12-31,31.75,76.5,5.25692081451416
2013-12-31,31.75,76.75,1.7871333360671997
2013-12-31,31.75,77.0,0.24048903584480286
2013-12-31,31.75,77.25,0.45293059945106506
2013-12-31,31.75,77.5,0.9156010746955872
2013-12-31,32.0,76.5,4.436254501342773
2013-12-31,32.0,76.75,2.8930506706237793
2013-12-31,32.0,77.0,2.5687732696533203
2013-12-31,32.0,77.25,3.0200588703155518
2013-12-31,32.0,77.5,2.082801580429077
