date,latitude,longitude,rainfall_mm
2017-01-01,31.5,76.5,0.0
2017-01-01,31.5,76.75,0.0
2017-01-01,31.5,77.0,0.0
2017-01-01,31.5,77.25,0.0
2017-01-01,31.5,77.5,0.0
2017-01-01,31.75,76.5,0.0
2017-01-01,31.75,76.75,0.0
2017-01-01,31.75,77.0,0.0
2017-01-01,31.75,77.25,0.0
2017-01-01,31.75,77.5,0.0
2017-01-01,32.0,76.5,0.0
2017-01-01,32.0,76.75,0.0
2017-01-01,32.0,77.0,0.0
2017-01-01,32.0,77.25,0.0
2017-01-01,32.0,77.5,0.0
2017-01-02,31.5,76.5,0.0
2017-01-02,31.5,76.75,0.0
2017-01-02,31.5,77.0,0.0
2017-01-02,31.5,77.25,1.1145813465118408
2017-01-02,31.5,77.5,1.1008830070495605
2017-01-02,31.75,76.5,0.0
2017-01-02,31.75,76.75,0.0
2017-01-02,31.75,77.0,0.0
2017-01-02,31.75,77.25,0.0
2017-01-02,31.75,77.5,2.2971811294555664
2017-01-02,32.0,76.5,0.0
2017-01-02,32.0,76.75,0.0
2017-01-02,32.0,77.0,0.0
2017-01-02,32.0,77.25,0.0
2017-01-02,32.0,77.5,1.5609004497528076
2017-01-03,31.5,76.5,0.0
2017-01-03,31.5,76.75,0.0
2017-01-03,31.5,77.0,0.0
2017-01-03,31.5,77.25,0.0
2017-01-03,31.5,77.5,0.0
2017-01-03,31.75,76.5,0.0
2017-01-03,31.75,76.75,0.0
2017-01-03,31.75,77.0,0.0
2017-01-03,31.75,77.25,0.0
2017-01-03,31.75,77.5,0.0
2017-01-03,32.0,76.5,0.0
2017-01-03,32.0,76.75,0.0
2017-01-03,32.0,77.0,0.0
2017-01-03,32.0,77.25,0.0
2017-01-03,32.0,77.5,0.0
2017-01-04,31.5,76.5,0.0
2017-01-04,31.5,76.75,0.0
2017-01-04,31.5,77.0,0.0
2017-01-04,31.5,77.25,0.0
2017-01-04,31.5,77.5,0.0
2017-01-04,31.75,76.5,0.0
2017-01-04,31.75,76.75,0.0
2017-01-04,31.75,77.0,0.0
2017-01-04,31.75,77.25,0.0
2017-01-04,31.75,77.5,0.0
2017-01-04,32.0,76.5,0.0
2017-01-04,32.0,76.75,0.0
2017-01-04,32.0,77.0,0.6586351990699768
2017-01-04,32.0,77.25,1.0182315111160278
2017-01-04,32.0,77.5,0.0
2017-01-05,31.5,76.5,0.0
2017-01-05,31.5,76.75,0.0
2017-01-05,31.5,77.0,0.0
2017-01-05,31.5,77.25,0.0
2017-01-05,31.5,77.5,0.45558810234069824
2017-01-05,31.75,76.5,0.0
2017-01-05,31.75,76.75,0.0
2017-01-05,31.75,77.0,0.31516867876052856
2017-01-05,31.75,77.25,0.0
2017-01-05,31.75,77.5,0.8407149314880371
2017-01-05,32.0,76.5,0.0
2017-01-05,32.0,76.75,0.0
2017-01-05,32.0,77.0,1.7538281679153442
2017-01-05,32.0,77.25,2.509847640991211
2017-01-05,32.0,77.5,0.8919137716293335
2017-01-06,31.5,76.5,0.0
2017-01-06,31.5,76.75,0.0
2017-01-06,31.5,77.0,0.0
2017-01-06,31.5,77.25,0.0
2017-01-06,31.5,77.5,0.0
2017-01-06,31.75,76.5,0.0
2017-01-06,31.75,76.75,0.0
2017-01-06,31.75,77.0,0.0
2017-01-06,31.75,77.25,0.0
2017-01-06,31.75,77.5,0.0
2017-01-06,32.0,76.5,0.0
2017-01-06,32.0,76.75,0.0
2017-01-06,32.0,77.0,0.3951811194419861
2017-01-06,32.0,77.25,0.6109389066696167
2017-01-06,32.0,77.5,0.0
2017-01-07,31.5,76.5,64.1890640258789
2017-01-07,31.5,76.75,41.481117248535156
2017-01-07,31.5,77.0,17.235132217407227
2017-01-07,31.5,77.25,51.993202209472656
2017-01-07,31.5,77.5,22.85941505432129
2017-01-07,31.75,76.5,37.19758224487305
2017-01-07,31.75,76.75,35.943016052246094
2017-01-07,31.75,77.0,37.180450439453125
2017-01-07,31.75,77.25,56.66361999511719
2017-01-07,31.75,77.5,31.450593948364258
2017-01-07,32.0,76.5,25.795886993408203
2017-01-07,32.0,76.75,17.437694549560547
2017-01-07,32.0,77.0,35.35896301269531
2017-01-07,32.0,77.25,39.10177230834961
2017-01-07,32.0,77.5,36.25339889526367
2017-01-08,31.5,76.5,17.11958885192871
2017-01-08,31.5,76.75,20.085906982421875
2017-01-08,31.5,77.0,21.308177947998047
2017-01-08,31.5,77.25,30.940200805664062
2017-01-08,31.5,77.5,13.296697616577148
2017-01-08,31.75,76.5,6.216564178466797
2017-01-08,31.75,76.75,23.231563568115234
2017-01-08,31.75,77.0,18.798429489135742
2017-01-08,31.75,77.25,31.7203426361084
2017-01-08,31.75,77.5,23.895883560180664
2017-01-08,32.0,76.5,16.370738983154297
2017-01-08,32.0,76.75,22.657886505126953
2017-01-08,32.0,77.0,21.383760452270508
2017-01-08,32.0,77.25,25.746782302856445
2017-01-08,32.0,77.5,26.802404403686523
2017-01-09,31.5,76.5,0.0
2017-01-09,31.5,76.75,0.12199648469686508
2017-01-09,31.5,77.0,0.0
2017-01-09,31.5,77.25,0.0
2017-01-09,31.5,77.5,0.0
2017-01-09,31.75,76.5,0.0
2017-01-09,31.75,76.75,0.0
2017-01-09,31.75,77.0,0.395950049161911
2017-01-09,31.75,77.25,0.13136830925941467
2017-01-09,31.75,77.5,0.0
2017-01-09,32.0,76.5,0.2041981965303421
2017-01-09,32.0,76.75,0.0
2017-01-09,32.0,77.0,1.211438536643982
2017-01-09,32.0,77.25,1.612760066986084
2017-01-09,32.0,77.5,0.1553569734096527
2017-01-10,31.5,76.5,0.0
2017-01-10,31.5,76.75,0.8133098483085632
2017-01-10,31.5,77.0,0.0
2017-01-10,31.5,77.25,0.0
2017-01-10,31.5,77.5,0.0
2017-01-10,31.75,76.5,0.17152704298496246
2017-01-10,31.75,76.75,0.0
2017-01-10,31.75,77.0,0.0
2017-01-10,31.75,77.25,0.0
2017-01-10,31.75,77.5,0.0
2017-01-10,32.0,76.5,0.6298859715461731
2017-01-10,32.0,76.75,0.0
2017-01-10,32.0,77.0,0.0
2017-01-10,32.0,77.25,0.0
2017-01-10,32.0,77.5,0.0
2017-01-11,31.5,76.5,0.0
2017-01-11,31.5,76.75,0.2726955711841583
2017-01-11,31.5,77.0,1.0112155675888062
2017-01-11,31.5,77.25,1.645214557647705
2017-01-11,31.5,77.5,0.29662075638771057
2017-01-11,31.75,76.5,0.0
2017-01-11,31.75,76.75,0.9923481941223145
2017-01-11,31.75,77.0,3.5730090141296387
2017-01-11,31.75,77.25,2.263812303543091
2017-01-11,31.75,77.5,1.0866782665252686
2017-01-11,32.0,76.5,1.8130348920822144
2017-01-11,32.0,76.75,3.2871625423431396
2017-01-11,32.0,77.0,3.589660406112671
2017-01-11,32.0,77.25,3.8279809951782227
2017-01-11,32.0,77.5,1.9571958780288696
2017-01-12,31.5,76.5,0.0
2017-01-12,31.5,76.75,0.0
2017-01-12,31.5,77.0,0.0
2017-01-12,31.5,77.25,0.0
2017-01-12,31.5,77.5,0.0
2017-01-12,31.75,76.5,0.0
2017-01-12,31.75,76.75,0.0
2017-01-12,31.75,77.0,0.0
2017-01-12,31.75,77.25,0.0
2017-01-12,31.75,77.5,0.0
2017-01-12,32.0,76.5,0.0
2017-01-12,32.0,76.75,0.0
2017-01-12,32.0,77.0,0.0
2017-01-12,32.0,77.25,0.0
2017-01-12,32.0,77.5,0.0
2017-01-13,31.5,76.5,0.0
2017-01-13,31.5,76.75,0.0
2017-01-13,31.5,77.0,0.0
2017-01-13,31.5,77.25,0.0
2017-01-13,31.5,77.5,0.0
2017-01-13,31.75,76.5,0.0
2017-01-13,31.75,76.75,0.0
2017-01-13,31.75,77.0,0.0
2017-01-13,31.75,77.25,0.0
2017-01-13,31.75,77.5,0.0
2017-01-13,32.0,76.5,0.0
2017-01-13,32.0,76.75,0.0
2017-01-13,32.0,77.0,0.0
2017-01-13,32.0,77.25,0.0
2017-01-13,32.0,77.5,0.0
2017-01-14,31.5,76.5,0.0
2017-01-14,31.5,76.75,0.0
2017-01-14,31.5,77.0,0.0
2017-01-14,31.5,77.25,0.0
2017-01-14,31.5,77.5,0.0
2017-01-14,31.75,76.5,0.0
2017-01-14,31.75,76.75,0.0
2017-01-14,31.75,77.0,0.0
2017-01-14,31.75,77.25,0.0
2017-01-14,31.75,77.5,0.0
2017-01-14,32.0,76.5,0.0
2017-01-14,32.0,76.75,0.0
2017-01-14,32.0,77.0,0.0
2017-01-14,32.0,77.25,0.0
2017-01-14,32.0,77.5,0.0
2017-01-15,31.5,76.5,0.0
2017-01-15,31.5,76.75,0.0
2017-01-15,31.5,77.0,0.0
2017-01-15,31.5,77.25,0.0
2017-01-15,31.5,77.5,0.0
2017-01-15,31.75,76.5,0.0
2017-01-15,31.75,76.75,0.0
2017-01-15,31.75,77.0,0.0
2017-01-15,31.75,77.25,0.0
2017-01-15,31.75,77.5,0.0
2017-01-15,32.0,76.5,0.0
2017-01-15,32.0,76.75,0.0
2017-01-15,32.0,77.0,0.0
2017-01-15,32.0,77.25,0.0
2017-01-15,32.0,77.5,0.0
2017-01-16,31.5,76.5,21.508543014526367
2017-01-16,31.5,76.75,10.542725563049316
2017-01-16,31.5,77.0,4.361893177032471
2017-01-16,31.5,77.25,13.71914291381836
2017-01-16,31.5,77.5,6.291977405548096
2017-01-16,31.75,76.5,19.440568923950195
2017-01-16,31.75,76.75,13.430686950683594
2017-01-16,31.75,77.0,5.948526859283447
2017-01-16,31.75,77.25,14.322196960449219
2017-01-16,31.75,77.5,10.281888961791992
2017-01-16,32.0,76.5,15.454694747924805
2017-01-16,32.0,76.75,11.012696266174316
2017-01-16,32.0,77.0,9.1005220413208
2017-01-16,32.0,77.25,12.59461784362793
2017-01-16,32.0,77.5,10.732748031616211
2017-01-17,31.5,76.5,0.18805031478405
2017-01-17,31.5,76.75,1.2410128116607666
2017-01-17,31.5,77.0,4.789791107177734
2017-01-17,31.5,77.25,4.549011707305908
2017-01-17,31.5,77.5,3.691011428833008
2017-01-17,31.75,76.5,3.9713199138641357
2017-01-17,31.75,76.75,4.814026355743408
2017-01-17,31.75,77.0,7.768103122711182
2017-01-17,31.75,77.25,5.105969429016113
2017-01-17,31.75,77.5,4.071206569671631
2017-01-17,32.0,76.5,15.611393928527832
2017-01-17,32.0,76.75,11.996800422668457
2017-01-17,32.0,77.0,13.008504867553711
2017-01-17,32.0,77.25,15.679350852966309
2017-01-17,32.0,77.5,5.15157413482666
2017-01-18,31.5,76.5,0.0
2017-01-18,31.5,76.75,0.0
2017-01-18,31.5,77.0,0.0
2017-01-18,31.5,77.25,1.5644387006759644
2017-01-18,31.5,77.5,2.3609912395477295
2017-01-18,31.75,76.5,1.3722163438796997
2017-01-18,31.75,76.75,0.0
2017-01-18,31.75,77.0,0.4579632878303528
2017-01-18,31.75,77.25,1.6303808689117432
2017-01-18,31.75,77.5,3.4473938941955566
2017-01-18,32.0,76.5,6.866299629211426
2017-01-18,32.0,76.75,0.6869946718215942
2017-01-18,32.0,77.0,0.769770085811615
2017-01-18,32.0,77.25,1.1483511924743652
2017-01-18,32.0,77.5,3.1280336380004883
2017-01-19,31.5,76.5,0.0
2017-01-19,31.5,76.75,0.0
2017-01-19,31.5,77.0,0.0
2017-01-19,31.5,77.25,0.0
2017-01-19,31.5,77.5,0.0
2017-01-19,31.75,76.5,0.0
2017-01-19,31.75,76.75,0.0
2017-01-19,31.75,77.0,0.0
2017-01-19,31.75,77.25,0.0
2017-01-19,31.75,77.5,0.0
2017-01-19,32.0,76.5,0.0
2017-01-19,32.0,76.75,0.0
2017-01-19,32.0,77.0,0.0
2017-01-19,32.0,77.25,0.0
2017-01-19,32.0,77.5,0.0
2017-01-20,31.5,76.5,0.0
2017-01-20,31.5,76.75,0.0
2017-01-20,31.5,77.0,0.0
2017-01-20,31.5,77.25,0.0
2017-01-20,31.5,77.5,0.0
2017-01-20,31.75,76.5,0.0
2017-01-20,31.75,76.75,0.0
2017-01-20,31.75,77.0,0.0
2017-01-20,31.75,77.25,0.0
2017-01-20,31.75,77.5,0.0
2017-01-20,32.0,76.5,0.0
2017-01-20,32.0,76.75,0.0
2017-01-20,32.0,77.0,0.0
2017-01-20,32.0,77.25,0.0
2017-01-20,32.0,77.5,0.0
2017-01-21,31.5,76.5,0.0
2017-01-21,31.5,76.75,0.0
2017-01-21,31.5,77.0,0.0
2017-01-21,31.5,77.25,0.0
2017-01-21,31.5,77.5,0.0
2017-01-21,31.75,76.5,0.0
2017-01-21,31.75,76.75,0.0
2017-01-21,31.75,77.0,0.0
2017-01-21,31.75,77.25,0.0
2017-01-21,31.75,77.5,0.0
2017-01-21,32.0,76.5,0.0
2017-01-21,32.0,76.75,0.0
2017-01-21,32.0,77.0,0.0
2017-01-21,32.0,77.25,0.0
2017-01-21,32.0,77.5,0.0
2017-01-22,31.5,76.5,0.0
2017-01-22,31.5,76.75,0.0
2017-01-22,31.5,77.0,0.0
2017-01-22,31.5,77.25,0.0
2017-01-22,31.5,77.5,0.0
2017-01-22,31.75,76.5,0.0
2017-01-22,31.75,76.75,0.0
2017-01-22,31.75,77.0,0.0
2017-01-22,31.75,77.25,0.0
2017-01-22,31.75,77.5,0.0
2017-01-22,32.0,76.5,0.0
2017-01-22,32.0,76.75,0.0
2017-01-22,32.0,77.0,0.0
2017-01-22,32.0,77.25,0.0
2017-01-22,32.0,77.5,0.0
2017-01-23,31.5,76.5,0.0
2017-01-23,31.5,76.75,0.0
2017-01-23,31.5,77.0,0.0
2017-01-23,31.5,77.25,0.0
2017-01-23,31.5,77.5,0.0
2017-01-23,31.75,76.5,0.0
2017-01-23,31.75,76.75,0.0
2017-01-23,31.75,77.0,0.0
2017-01-23,31.75,77.25,0.0
2017-01-23,31.75,77.5,0.0
2017-01-23,32.0,76.5,0.0
2017-01-23,32.0,76.75,0.0
2017-01-23,32.0,77.0,0.0
2017-01-23,32.0,77.25,0.0
2017-01-23,32.0,77.5,0.0
2017-01-24,31.5,76.5,0.0
2017-01-24,31.5,76.75,0.0
2017-01-24,31.5,77.0,0.0
2017-01-24,31.5,77.25,0.0
2017-01-24,31.5,77.5,0.0
2017-01-24,31.75,76.5,0.0
2017-01-24,31.75,76.75,0.0
2017-01-24,31.75,77.0,0.0
2017-01-24,31.75,77.25,0.0
2017-01-24,31.75,77.5,0.0
2017-01-24,32.0,76.5,0.0
2017-01-24,32.0,76.75,0.0
2017-01-24,32.0,77.0,0.0
2017-01-24,32.0,77.25,0.0
2017-01-24,32.0,77.5,0.0
2017-01-25,31.5,76.5,0.0
2017-01-25,31.5,76.75,0.0
2017-01-25,31.5,77.0,0.0
2017-01-25,31.5,77.25,2.596487283706665
2017-01-25,31.5,77.5,1.344727635383606
2017-01-25,31.75,76.5,0.39451220631599426
2017-01-25,31.75,76.75,0.0
2017-01-25,31.75,77.0,5.620418071746826
2017-01-25,31.75,77.25,4.5228166580200195
2017-01-25,31.75,77.5,2.808098793029785
2017-01-25,32.0,76.5,1.711843490600586
2017-01-25,32.0,76.75,1.3035627603530884
2017-01-25,32.0,77.0,18.622386932373047
2017-01-25,32.0,77.25,25.479328155517578
2017-01-25,32.0,77.5,4.881173610687256
2017-01-26,31.5,76.5,27.748584747314453
2017-01-26,31.5,76.75,35.46977233886719
2017-01-26,31.5,77.0,20.089529037475586
2017-01-26,31.5,77.25,31.561765670776367
2017-01-26,31.5,77.5,21.514362335205078
2017-01-26,31.75,76.5,30.54934310913086
2017-01-26,31.75,76.75,24.866601943969727
2017-01-26,31.75,77.0,31.602758407592773
2017-01-26,31.75,77.25,36.39067077636719
2017-01-26,31.75,77.5,24.05831527709961
2017-01-26,32.0,76.5,39.05912399291992
2017-01-26,32.0,76.75,36.61597442626953
2017-01-26,32.0,77.0,36.76127243041992
2017-01-26,32.0,77.25,40.792118072509766
2017-01-26,32.0,77.5,28.961002349853516
2017-01-27,31.5,76.5,63.56308364868164
2017-01-27,31.5,76.75,31.44093132019043
2017-01-27,31.5,77.0,12.947388648986816
2017-01-27,31.5,77.25,2.9951982498168945
2017-01-27,31.5,77.5,4.79373025894165
2017-01-27,31.75,76.5,31.03780746459961
2017-01-27,31.75,76.75,17.851839065551758
2017-01-27,31.75,77.0,21.6101131439209
2017-01-27,31.75,77.25,7.781439781188965
2017-01-27,31.75,77.5,5.716304779052734
2017-01-27,32.0,76.5,42.28435516357422
2017-01-27,32.0,76.75,26.43120002746582
2017-01-27,32.0,77.0,25.57588768005371
2017-01-27,32.0,77.25,25.841957092285156
2017-01-27,32.0,77.5,12.147525787353516
2017-01-28,31.5,76.5,0.0
2017-01-28,31.5,76.75,0.0
2017-01-28,31.5,77.0,0.0
2017-01-28,31.5,77.25,0.0
2017-01-28,31.5,77.5,0.0
2017-01-28,31.75,76.5,0.0
2017-01-28,31.75,76.75,0.0
2017-01-28,31.75,77.0,0.0
2017-01-28,31.75,77.25,0.0
2017-01-28,31.75,77.5,0.0
2017-01-28,32.0,76.5,2.531707763671875
2017-01-28,32.0,76.75,3.921565294265747
2017-01-28,32.0,77.0,0.0
2017-01-28,32.0,77.25,0.0
2017-01-28,32.0,77.5,0.0
2017-01-29,31.5,76.5,0.0
2017-01-29,31.5,76.75,0.0
2017-01-29,31.5,77.0,0.0
2017-01-29,31.5,77.25,0.0
2017-01-29,31.5,77.5,0.0
2017-01-29,31.75,76.5,0.0
2017-01-29,31.75,76.75,0.0
2017-01-29,31.75,77.0,0.0
2017-01-29,31.75,77.25,0.0
2017-01-29,31.75,77.5,0.0
2017-01-29,32.0,76.5,0.0
2017-01-29,32.0,76.75,0.0
2017-01-29,32.0,77.0,0.0
2017-01-29,32.0,77.25,0.0
2017-01-29,32.0,77.5,0.0
2017-01-30,31.5,76.5,0.0
2017-01-30,31.5,76.75,0.0
2017-01-30,31.5,77.0,0.0
2017-01-30,31.5,77.25,0.0
2017-01-30,31.5,77.5,0.0
2017-01-30,31.75,76.5,0.0
2017-01-30,31.75,76.75,0.0
2017-01-30,31.75,77.0,0.0
2017-01-30,31.75,77.25,0.0
2017-01-30,31.75,77.5,0.0
2017-01-30,32.0,76.5,0.0
2017-01-30,32.0,76.75,0.0
2017-01-30,32.0,77.0,0.0
2017-01-30,32.0,77.25,0.0
2017-01-30,32.0,77.5,0.0
2017-01-31,31.5,76.5,0.0
2017-01-31,31.5,76.75,0.43217018246650696
2017-01-31,31.5,77.0,0.8754634857177734
2017-01-31,31.5,77.25,0.8107419610023499
2017-01-31,31.5,77.5,2.750559091567993
2017-01-31,31.75,76.5,0.8747879266738892
2017-01-31,31.75,76.75,1.8662163019180298
2017-01-31,31.75,77.0,2.710691213607788
2017-01-31,31.75,77.25,0.6833087205886841
2017-01-31,31.75,77.5,2.261671304702759
2017-01-31,32.0,76.5,4.260519027709961
2017-01-31,32.0,76.75,2.2897727489471436
2017-01-31,32.0,77.0,3.050541400909424
2017-01-31,32.0,77.25,1.3336275815963745
2017-01-31,32.0,77.5,1.3831403255462646
2017-02-01,31.5,76.5,0.0
2017-02-01,31.5,76.75,0.0
2017-02-01,31.5,77.0,0.0
2017-02-01,31.5,77.25,0.0
2017-02-01,31.5,77.5,0.0
2017-02-01,31.75,76.5,0.0
2017-02-01,31.75,76.75,0.0
2017-02-01,31.75,77.0,0.0
2017-02-01,31.75,77.25,0.0
2017-02-01,31.75,77.5,0.0
2017-02-01,32.0,76.5,0.0
2017-02-01,32.0,76.75,0.0
2017-02-01,32.0,77.0,0.0
2017-02-01,32.0,77.25,0.0
2017-02-01,32.0,77.5,0.0
2017-02-02,31.5,76.5,0.0
2017-02-02,31.5,76.75,0.0
2017-02-02,31.5,77.0,0.0
2017-02-02,31.5,77.25,0.0
2017-02-02,31.5,77.5,0.0
2017-02-02,31.75,76.5,0.0
2017-02-02,31.75,76.75,0.0
2017-02-02,31.75,77.0,0.0
2017-02-02,31.75,77.25,0.0
2017-02-02,31.75,77.5,0.0
2017-02-02,32.0,76.5,0.0
2017-02-02,32.0,76.75,0.0
2017-02-02,32.0,77.0,0.0
2017-02-02,32.0,77.25,0.0
2017-02-02,32.0,77.5,0.0
2017-02-03,31.5,76.5,0.0
2017-02-03,31.5,76.75,0.0
2017-02-03,31.5,77.0,0.0
2017-02-03,31.5,77.25,0.0
2017-02-03,31.5,77.5,0.0
2017-02-03,31.75,76.5,0.0
2017-02-03,31.75,76.75,0.0
2017-02-03,31.75,77.0,0.0
2017-02-03,31.75,77.25,0.0
2017-02-03,31.75,77.5,0.0
2017-02-03,32.0,76.5,0.0
2017-02-03,32.0,76.75,0.0
2017-02-03,32.0,77.0,0.0
2017-02-03,32.0,77.25,0.0
2017-02-03,32.0,77.5,0.0
2017-02-04,31.5,76.5,0.0
2017-02-04,31.5,76.75,0.0
2017-02-04,31.5,77.0,0.0
2017-02-04,31.5,77.25,0.0
2017-02-04,31.5,77.5,0.0
2017-02-04,31.75,76.5,0.0
2017-02-04,31.75,76.75,0.0
2017-02-04,31.75,77.0,0.0
2017-02-04,31.75,77.25,0.0
2017-02-04,31.75,77.5,0.0
2017-02-04,32.0,76.5,0.0
2017-02-04,32.0,76.75,0.0
2017-02-04,32.0,77.0,0.0
2017-02-04,32.0,77.25,0.0
2017-02-04,32.0,77.5,0.0
2017-02-05,31.5,76.5,1.1020939350128174
2017-02-05,31.5,76.75,1.7075557708740234
2017-02-05,31.5,77.0,8.967209815979004
2017-02-05,31.5,77.25,4.889901638031006
2017-02-05,31.5,77.5,5.22422981262207
2017-02-05,31.75,76.5,0.8404825329780579
2017-02-05,31.75,76.75,1.4651693105697632
2017-02-05,31.75,77.0,1.3198333978652954
2017-02-05,31.75,77.25,2.8831071853637695
2017-02-05,31.75,77.5,5.576179504394531
2017-02-05,32.0,76.5,7.351658344268799
2017-02-05,32.0,76.75,5.306785583496094
2017-02-05,32.0,77.0,4.404036998748779
2017-02-05,32.0,77.25,6.197145462036133
2017-02-05,32.0,77.5,4.273165225982666
2017-02-06,31.5,76.5,5.488442420959473
2017-02-06,31.5,76.75,4.904378414154053
2017-02-06,31.5,77.0,6.330972671508789
2017-02-06,31.5,77.25,14.754120826721191
2017-02-06,31.5,77.5,7.519418239593506
2017-02-06,31.75,76.5,11.140337944030762
2017-02-06,31.75,76.75,4.809113025665283
2017-02-06,31.75,77.0,14.73617172241211
2017-02-06,31.75,77.25,17.88530158996582
2017-02-06,31.75,77.5,10.06633472442627
2017-02-06,32.0,76.5,24.499910354614258
2017-02-06,32.0,76.75,16.957408905029297
2017-02-06,32.0,77.0,17.318252563476562
2017-02-06,32.0,77.25,19.196144104003906
2017-02-06,32.0,77.5,13.641898155212402
2017-02-07,31.5,76.5,0.0
2017-02-07,31.5,76.75,0.0
2017-02-07,31.5,77.0,0.0
2017-02-07,31.5,77.25,0.0
2017-02-07,31.5,77.5,0.0
2017-02-07,31.75,76.5,0.0
2017-02-07,31.75,76.75,2.400893211364746
2017-02-07,31.75,77.0,0.0
2017-02-07,31.75,77.25,0.0
2017-02-07,31.75,77.5,0.0
2017-02-07,32.0,76.5,0.0
2017-02-07,32.0,76.75,0.495540589094162
2017-02-07,32.0,77.0,0.0
2017-02-07,32.0,77.25,0.0
2017-02-07,32.0,77.5,0.0
2017-02-08,31.5,76.5,0.0
2017-02-08,31.5,76.75,0.0
2017-02-08,31.5,77.0,0.0
2017-02-08,31.5,77.25,0.0
2017-02-08,31.5,77.5,0.0
2017-02-08,31.75,76.5,0.0
2017-02-08,31.75,76.75,0.0
2017-02-08,31.75,77.0,0.0
2017-02-08,31.75,77.25,0.0
2017-02-08,31.75,77.5,0.0
2017-02-08,32.0,76.5,0.0
2017-02-08,32.0,76.75,0.0
2017-02-08,32.0,77.0,0.0
2017-02-08,32.0,77.25,0.0
2017-02-08,32.0,77.5,0.0
2017-02-09,31.5,76.5,0.0
2017-02-09,31.5,76.75,0.0
2017-02-09,31.5,77.0,0.0
2017-02-09,31.5,77.25,0.0
2017-02-09,31.5,77.5,0.0
2017-02-09,31.75,76.5,0.0
2017-02-09,31.75,76.75,0.0
2017-02-09,31.75,77.0,0.0
2017-02-09,31.75,77.25,0.0
2017-02-09,31.75,77.5,0.0
2017-02-09,32.0,76.5,0.0
2017-02-09,32.0,76.75,0.0
2017-02-09,32.0,77.0,0.0
2017-02-09,32.0,77.25,0.0
2017-02-09,32.0,77.5,0.0
2017-02-10,31.5,76.5,0.0
2017-02-10,31.5,76.75,0.0
2017-02-10,31.5,77.0,0.0
2017-02-10,31.5,77.25,0.0
2017-02-10,31.5,77.5,0.0
2017-02-10,31.75,76.5,0.0
2017-02-10,31.75,76.75,0.0
2017-02-10,31.75,77.0,0.0
2017-02-10,31.75,77.25,0.0
2017-02-10,31.75,77.5,0.0
2017-02-10,32.0,76.5,0.0
2017-02-10,32.0,76.75,0.0
2017-02-10,32.0,77.0,0.0
2017-02-10,32.0,77.25,0.0
2017-02-10,32.0,77.5,0.0
2017-02-11,31.5,76.5,0.0
2017-02-11,31.5,76.75,0.0
2017-02-11,31.5,77.0,0.0
2017-02-11,31.5,77.25,0.0
2017-02-11,31.5,77.5,0.0
2017-02-11,31.75,76.5,0.0
2017-02-11,31.75,76.75,0.0
2017-02-11,31.75,77.0,0.0
2017-02-11,31.75,77.25,0.0
2017-02-11,31.75,77.5,0.0
2017-02-11,32.0,76.5,0.0
2017-02-11,32.0,76.75,0.0
2017-02-11,32.0,77.0,0.0
2017-02-11,32.0,77.25,0.0
2017-02-11,32.0,77.5,0.0
2017-02-12,31.5,76.5,0.0
2017-02-12,31.5,76.75,0.0
2017-02-12,31.5,77.0,0.0
2017-02-12,31.5,77.25,0.0
2017-02-12,31.5,77.5,0.0
2017-02-12,31.75,76.5,0.0
2017-02-12,31.75,76.75,0.0
2017-02-12,31.75,77.0,0.0
2017-02-12,31.75,77.25,0.0
2017-02-12,31.75,77.5,0.0
2017-02-12,32.0,76.5,0.0
2017-02-12,32.0,76.75,0.0
2017-02-12,32.0,77.0,0.0
2017-02-12,32.0,77.25,0.0
2017-02-12,32.0,77.5,0.0
2017-02-13,31.5,76.5,0.0
2017-02-13,31.5,76.75,0.0
2017-02-13,31.5,77.0,0.0
2017-02-13,31.5,77.25,0.0
2017-02-13,31.5,77.5,0.0
2017-02-13,31.75,76.5,0.0
2017-02-13,31.75,76.75,0.0
2017-02-13,31.75,77.0,0.0
2017-02-13,31.75,77.25,0.0
2017-02-13,31.75,77.5,0.0
2017-02-13,32.0,76.5,0.0
2017-02-13,32.0,76.75,0.0
2017-02-13,32.0,77.0,0.0
2017-02-13,32.0,77.25,0.0
2017-02-13,32.0,77.5,0.0
2017-02-14,31.5,76.5,0.0
2017-02-14,31.5,76.75,0.0
2017-02-14,31.5,77.0,0.0
2017-02-14,31.5,77.25,0.0
2017-02-14,31.5,77.5,0.0
2017-02-14,31.75,76.5,0.0
2017-02-14,31.75,76.75,0.0
2017-02-14,31.75,77.0,0.0
2017-02-14,31.75,77.25,0.0
2017-02-14,31.75,77.5,0.0
2017-02-14,32.0,76.5,0.0
2017-02-14,32.0,76.75,0.0
2017-02-14,32.0,77.0,0.0
2017-02-14,32.0,77.25,0.0
2017-02-14,32.0,77.5,0.0
2017-02-15,31.5,76.5,0.0
2017-02-15,31.5,76.75,0.0
2017-02-15,31.5,77.0,0.0
2017-02-15,31.5,77.25,0.0
2017-02-15,31.5,77.5,0.0
2017-02-15,31.75,76.5,0.0
2017-02-15,31.75,76.75,0.0
2017-02-15,31.75,77.0,0.0
2017-02-15,31.75,77.25,0.0
2017-02-15,31.75,77.5,0.0
2017-02-15,32.0,76.5,0.0
2017-02-15,32.0,76.75,0.0
2017-02-15,32.0,77.0,0.0
2017-02-15,32.0,77.25,0.0
2017-02-15,32.0,77.5,0.0
2017-02-16,31.5,76.5,0.0
2017-02-16,31.5,76.75,0.0
2017-02-16,31.5,77.0,0.0
2017-02-16,31.5,77.25,0.0
2017-02-16,31.5,77.5,0.0
2017-02-16,31.75,76.5,0.0
2017-02-16,31.75,76.75,0.0
2017-02-16,31.75,77.0,0.0
2017-02-16,31.75,77.25,0.0
2017-02-16,31.75,77.5,0.0
2017-02-16,32.0,76.5,0.0
2017-02-16,32.0,76.75,0.0
2017-02-16,32.0,77.0,0.0
2017-02-16,32.0,77.25,0.0
2017-02-16,32.0,77.5,0.0
2017-02-17,31.5,76.5,0.0
2017-02-17,31.5,76.75,0.0
2017-02-17,31.5,77.0,0.0
2017-02-17,31.5,77.25,0.0
2017-02-17,31.5,77.5,0.0
2017-02-17,31.75,76.5,0.0
2017-02-17,31.75,76.75,0.0
2017-02-17,31.75,77.0,0.0
2017-02-17,31.75,77.25,0.0
2017-02-17,31.75,77.5,0.0
2017-02-17,32.0,76.5,0.0
2017-02-17,32.0,76.75,0.0
2017-02-17,32.0,77.0,0.0
2017-02-17,32.0,77.25,0.0
2017-02-17,32.0,77.5,0.0
2017-02-18,31.5,76.5,0.0
2017-02-18,31.5,76.75,0.0
2017-02-18,31.5,77.0,0.0
2017-02-18,31.5,77.25,0.0
2017-02-18,31.5,77.5,0.0
2017-02-18,31.75,76.5,0.0
2017-02-18,31.75,76.75,0.0
2017-02-18,31.75,77.0,0.0
2017-02-18,31.75,77.25,0.0
2017-02-18,31.75,77.5,0.0
2017-02-18,32.0,76.5,0.0
2017-02-18,32.0,76.75,0.0
2017-02-18,32.0,77.0,0.0
2017-02-18,32.0,77.25,0.0
2017-02-18,32.0,77.5,0.0
2017-02-19,31.5,76.5,0.0
2017-02-19,31.5,76.75,0.0
2017-02-19,31.5,77.0,0.0
2017-02-19,31.5,77.25,0.0
2017-02-19,31.5,77.5,0.0
2017-02-19,31.75,76.5,0.0
2017-02-19,31.75,76.75,0.0
2017-02-19,31.75,77.0,0.0
2017-02-19,31.75,77.25,0.0
2017-02-19,31.75,77.5,0.0
2017-02-19,32.0,76.5,0.0
2017-02-19,32.0,76.75,0.0
2017-02-19,32.0,77.0,0.2634540796279907
2017-02-19,32.0,77.25,0.4072926342487335
2017-02-19,32.0,77.5,0.0
2017-02-20,31.5,76.5,0.0
2017-02-20,31.5,76.75,0.7322967648506165
2017-02-20,31.5,77.0,1.1331751346588135
2017-02-20,31.5,77.25,1.954728603363037
2017-02-20,31.5,77.5,2.8327159881591797
2017-02-20,31.75,76.5,2.601365089416504
2017-02-20,31.75,76.75,4.32484769821167
2017-02-20,31.75,77.0,7.348468780517578
2017-02-20,31.75,77.25,3.9131717681884766
2017-02-20,31.75,77.5,3.0275845527648926
2017-02-20,32.0,76.5,9.140266418457031
2017-02-20,32.0,76.75,12.52662467956543
2017-02-20,32.0,77.0,8.323436737060547
2017-02-20,32.0,77.25,8.258642196655273
2017-02-20,32.0,77.5,4.9695963859558105
2017-02-21,31.5,76.5,0.2561701238155365
2017-02-21,31.5,76.75,3.8916068077087402
2017-02-21,31.5,77.0,8.666961669921875
2017-02-21,31.5,77.25,19.028018951416016
2017-02-21,31.5,77.5,6.3337931632995605
2017-02-21,31.75,76.5,3.6544642448425293
2017-02-21,31.75,76.75,6.2676239013671875
2017-02-21,31.75,77.0,16.79585838317871
2017-02-21,31.75,77.25,22.788673400878906
2017-02-21,31.75,77.5,10.829813957214355
2017-02-21,32.0,76.5,7.657866954803467
2017-02-21,32.0,76.75,8.973340034484863
2017-02-21,32.0,77.0,23.92347526550293
2017-02-21,32.0,77.25,28.575334548950195
2017-02-21,32.0,77.5,15.903169631958008
2017-02-22,31.5,76.5,1.9397622346878052
2017-02-22,31.5,76.75,8.891705513000488
2017-02-22,31.5,77.0,5.799480438232422
2017-02-22,31.5,77.25,18.981752395629883
2017-02-22,31.5,77.5,3.3921897411346436
2017-02-22,31.75,76.5,2.7900447845458984
2017-02-22,31.75,76.75,15.499638557434082
2017-02-22,31.75,77.0,15.854621887207031
2017-02-22,31.75,77.25,22.906829833984375
2017-02-22,31.75,77.5,10.429238319396973
2017-02-22,32.0,76.5,6.030303955078125
2017-02-22,32.0,76.75,8.258544921875
2017-02-22,32.0,77.0,15.295820236206055
2017-02-22,32.0,77.25,16.537302017211914
2017-02-22,32.0,77.5,15.873641014099121
2017-02-23,31.5,76.5,0.0
2017-02-23,31.5,76.75,0.0
2017-02-23,31.5,77.0,0.0
2017-02-23,31.5,77.25,0.0
2017-02-23,31.5,77.5,0.0
2017-02-23,31.75,76.5,0.0
2017-02-23,31.75,76.75,0.0
2017-02-23,31.75,77.0,0.0
2017-02-23,31.75,77.25,0.0
2017-02-23,31.75,77.5,0.0
2017-02-23,32.0,76.5,0.0
2017-02-23,32.0,76.75,0.0
2017-02-23,32.0,77.0,0.0
2017-02-23,32.0,77.25,0.0
2017-02-23,32.0,77.5,0.0
2017-02-24,31.5,76.5,0.0
2017-02-24,31.5,76.75,0.0
2017-02-24,31.5,77.0,0.0
2017-02-24,31.5,77.25,0.0
2017-02-24,31.5,77.5,0.0
2017-02-24,31.75,76.5,0.0
2017-02-24,31.75,76.75,0.0
2017-02-24,31.75,77.0,0.0
2017-02-24,31.75,77.25,0.0
2017-02-24,31.75,77.5,0.0
2017-02-24,32.0,76.5,0.0
2017-02-24,32.0,76.75,0.0
2017-02-24,32.0,77.0,0.0
2017-02-24,32.0,77.25,0.0
2017-02-24,32.0,77.5,0.0
2017-02-25,31.5,76.5,0.0
2017-02-25,31.5,76.75,0.0
2017-02-25,31.5,77.0,0.0
2017-02-25,31.5,77.25,0.0
2017-02-25,31.5,77.5,0.0
2017-02-25,31.75,76.5,0.0
2017-02-25,31.75,76.75,0.0
2017-02-25,31.75,77.0,0.0
2017-02-25,31.75,77.25,0.0
2017-02-25,31.75,77.5,0.0
2017-02-25,32.0,76.5,0.0
2017-02-25,32.0,76.75,0.0
2017-02-25,32.0,77.0,0.0
2017-02-25,32.0,77.25,0.0
2017-02-25,32.0,77.5,0.0
2017-02-26,31.5,76.5,0.0
2017-02-26,31.5,76.75,0.0
2017-02-26,31.5,77.0,0.0
2017-02-26,31.5,77.25,0.0
2017-02-26,31.5,77.5,0.0
2017-02-26,31.75,76.5,0.0
2017-02-26,31.75,76.75,0.0
2017-02-26,31.75,77.0,0.0
2017-02-26,31.75,77.25,0.0
2017-02-26,31.75,77.5,0.0
2017-02-26,32.0,76.5,0.0
2017-02-26,32.0,76.75,0.0
2017-02-26,32.0,77.0,0.0
2017-02-26,32.0,77.25,0.0
2017-02-26,32.0,77.5,0.0
2017-02-27,31.5,76.5,0.0
2017-02-27,31.5,76.75,0.0
2017-02-27,31.5,77.0,0.0
2017-02-27,31.5,77.25,0.0
2017-02-27,31.5,77.5,0.0
2017-02-27,31.75,76.5,0.0
2017-02-27,31.75,76.75,0.0
2017-02-27,31.75,77.0,0.0
2017-02-27,31.75,77.25,0.0
2017-02-27,31.75,77.5,0.0
2017-02-27,32.0,76.5,0.0
2017-02-27,32.0,76.75,0.0
2017-02-27,32.0,77.0,0.0
2017-02-27,32.0,77.25,0.0
2017-02-27,32.0,77.5,0.0
2017-02-28,31.5,76.5,0.0
2017-02-28,31.5,76.75,0.0
2017-02-28,31.5,77.0,0.0
2017-02-28,31.5,77.25,0.0
2017-02-28,31.5,77.5,0.0
2017-02-28,31.75,76.5,0.0
2017-02-28,31.75,76.75,0.0
2017-02-28,31.75,77.0,0.0
2017-02-28,31.75,77.25,0.0
2017-02-28,31.75,77.5,0.0
2017-02-28,32.0,76.5,0.0
2017-02-28,32.0,76.75,0.0
2017-02-28,32.0,77.0,0.0
2017-02-28,32.0,77.25,0.0
2017-02-28,32.0,77.5,0.0
2017-03-01,31.5,76.5,0.0
2017-03-01,31.5,76.75,0.0
2017-03-01,31.5,77.0,0.7472674250602722
2017-03-01,31.5,77.25,1.2821881771087646
2017-03-01,31.5,77.5,0.5182023048400879
2017-03-01,31.75,76.5,0.0
2017-03-01,31.75,76.75,0.0
2017-03-01,31.75,77.0,1.8693891763687134
2017-03-01,31.75,77.25,1.5461233854293823
2017-03-01,31.75,77.5,1.3023200035095215
2017-03-01,32.0,76.5,0.2041981965303421
2017-03-01,32.0,76.75,0.42209455370903015
2017-03-01,32.0,77.0,3.0971834659576416
2017-03-01,32.0,77.25,3.7198503017425537
2017-03-01,32.0,77.5,1.8693264722824097
2017-03-02,31.5,76.5,0.0
2017-03-02,31.5,76.75,0.0
2017-03-02,31.5,77.0,1.4945348501205444
2017-03-02,31.5,77.25,5.703038692474365
2017-03-02,31.5,77.5,2.07700252532959
2017-03-02,31.75,76.5,0.42881760001182556
2017-03-02,31.75,76.75,0.0
2017-03-02,31.75,77.0,1.7237399816513062
2017-03-02,31.75,77.25,5.3647260665893555
2017-03-02,31.75,77.5,5.55508279800415
2017-03-02,32.0,76.5,1.8605923652648926
2017-03-02,32.0,76.75,0.4096454679965973
2017-03-02,32.0,77.0,2.6141786575317383
2017-03-02,32.0,77.25,3.638197183609009
2017-03-02,32.0,77.5,5.759239196777344
2017-03-03,31.5,76.5,0.0
2017-03-03,31.5,76.75,0.0
2017-03-03,31.5,77.0,0.0
2017-03-03,31.5,77.25,0.0
2017-03-03,31.5,77.5,0.0
2017-03-03,31.75,76.5,0.0
2017-03-03,31.75,76.75,0.0
2017-03-03,31.75,77.0,2.7961273193359375
2017-03-03,31.75,77.25,0.8631156086921692
2017-03-03,31.75,77.5,0.0
2017-03-03,32.0,76.5,0.0
2017-03-03,32.0,76.75,0.6181538105010986
2017-03-03,32.0,77.0,3.585488796234131
2017-03-03,32.0,77.25,3.758654832839966
2017-03-03,32.0,77.5,1.0646227598190308
2017-03-04,31.5,76.5,0.0
2017-03-04,31.5,76.75,0.0
2017-03-04,31.5,77.0,0.0
2017-03-04,31.5,77.25,0.0
2017-03-04,31.5,77.5,0.0
2017-03-04,31.75,76.5,0.0
2017-03-04,31.75,76.75,0.0
2017-03-04,31.75,77.0,0.0
2017-03-04,31.75,77.25,0.0
2017-03-04,31.75,77.5,0.0
2017-03-04,32.0,76.5,0.0
2017-03-04,32.0,76.75,0.0
2017-03-04,32.0,77.0,0.0
2017-03-04,32.0,77.25,0.0
2017-03-04,32.0,77.5,0.0
2017-03-05,31.5,76.5,0.0
2017-03-05,31.5,76.75,0.0
2017-03-05,31.5,77.0,0.0
2017-03-05,31.5,77.25,0.0
2017-03-05,31.5,77.5,0.0
2017-03-05,31.75,76.5,0.0
2017-03-05,31.75,76.75,0.0
2017-03-05,31.75,77.0,0.0
2017-03-05,31.75,77.25,0.0
2017-03-05,31.75,77.5,0.0
2017-03-05,32.0,76.5,0.0
2017-03-05,32.0,76.75,0.0
2017-03-05,32.0,77.0,0.0
2017-03-05,32.0,77.25,0.0
2017-03-05,32.0,77.5,0.0
2017-03-06,31.5,76.5,0.0
2017-03-06,31.5,76.75,0.0
2017-03-06,31.5,77.0,0.0
2017-03-06,31.5,77.25,0.0
2017-03-06,31.5,77.5,0.0
2017-03-06,31.75,76.5,0.0
2017-03-06,31.75,76.75,0.0
2017-03-06,31.75,77.0,0.0
2017-03-06,31.75,77.25,0.0
2017-03-06,31.75,77.5,0.0
2017-03-06,32.0,76.5,0.0
2017-03-06,32.0,76.75,0.0
2017-03-06,32.0,77.0,0.0
2017-03-06,32.0,77.25,0.0
2017-03-06,32.0,77.5,0.0
2017-03-07,31.5,76.5,0.0
2017-03-07,31.5,76.75,0.0
2017-03-07,31.5,77.0,0.0
2017-03-07,31.5,77.25,0.0
2017-03-07,31.5,77.5,0.0
2017-03-07,31.75,76.5,0.0
2017-03-07,31.75,76.75,0.0
2017-03-07,31.75,77.0,0.0
2017-03-07,31.75,77.25,0.0
2017-03-07,31.75,77.5,0.0
2017-03-07,32.0,76.5,0.0
2017-03-07,32.0,76.75,0.0
2017-03-07,32.0,77.0,0.0
2017-03-07,32.0,77.25,0.0
2017-03-07,32.0,77.5,0.0
2017-03-08,31.5,76.5,0.0
2017-03-08,31.5,76.75,4.144089221954346
2017-03-08,31.5,77.0,0.5880516767501831
2017-03-08,31.5,77.25,5.781208515167236
2017-03-08,31.5,77.5,0.9388263821601868
2017-03-08,31.75,76.5,0.6305731534957886
2017-03-08,31.75,76.75,3.155604124069214
2017-03-08,31.75,77.0,16.219242095947266
2017-03-08,31.75,77.25,11.15847396850586
2017-03-08,31.75,77.5,3.5584757328033447
2017-03-08,32.0,76.5,2.3004209995269775
2017-03-08,32.0,76.75,4.316082954406738
2017-03-08,32.0,77.0,24.163307189941406
2017-03-08,32.0,77.25,27.56264305114746
2017-03-08,32.0,77.5,9.959328651428223
2017-03-09,31.5,76.5,7.119409561157227
2017-03-09,31.5,76.75,7.598395824432373
2017-03-09,31.5,77.0,11.460203170776367
2017-03-09,31.5,77.25,10.936677932739258
2017-03-09,31.5,77.5,10.041274070739746
2017-03-09,31.75,76.5,9.529980659484863
2017-03-09,31.75,76.75,14.029820442199707
2017-03-09,31.75,77.0,20.917537689208984
2017-03-09,31.75,77.25,14.031464576721191
2017-03-09,31.75,77.5,10.651354789733887
2017-03-09,32.0,76.5,29.56480598449707
2017-03-09,32.0,76.75,31.375764846801758
2017-03-09,32.0,77.0,22.08036231994629
2017-03-09,32.0,77.25,21.884254455566406
2017-03-09,32.0,77.5,14.439892768859863
2017-03-10,31.5,76.5,18.139387130737305
2017-03-10,31.5,76.75,19.6392765045166
2017-03-10,31.5,77.0,12.774529457092285
2017-03-10,31.5,77.25,23.773239135742188
2017-03-10,31.5,77.5,11.49280071258545
2017-03-10,31.75,76.5,21.068693161010742
2017-03-10,31.75,76.75,10.031868934631348
2017-03-10,31.75,77.0,10.970017433166504
2017-03-10,31.75,77.25,24.008756637573242
2017-03-10,31.75,77.5,15.878615379333496
2017-03-10,32.0,76.5,7.532616138458252
2017-03-10,32.0,76.75,7.939773082733154
2017-03-10,32.0,77.0,11.738036155700684
2017-03-10,32.0,77.25,14.861945152282715
2017-03-10,32.0,77.5,16.41879653930664
2017-03-11,31.5,76.5,3.1354916095733643
2017-03-11,31.5,76.75,3.4307188987731934
2017-03-11,31.5,77.0,1.516643762588501
2017-03-11,31.5,77.25,0.9161564707756042
2017-03-11,31.5,77.5,1.599723219871521
2017-03-11,31.75,76.5,0.9948568940162659
2017-03-11,31.75,76.75,1.7631372213363647
2017-03-11,31.75,77.0,0.790282130241394
2017-03-11,31.75,77.25,0.3902691900730133
2017-03-11,31.75,77.5,1.6501060724258423
2017-03-11,32.0,76.5,5.8767476081848145
2017-03-11,32.0,76.75,0.44702422618865967
2017-03-11,32.0,77.0,3.223832368850708
2017-03-11,32.0,77.25,4.451725959777832
2017-03-11,32.0,77.5,1.2419614791870117
2017-03-12,31.5,76.5,1.4483038187026978
2017-03-12,31.5,76.75,1.0573028326034546
2017-03-12,31.5,77.0,1.3199454545974731
2017-03-12,31.5,77.25,11.004790306091309
2017-03-12,31.5,77.5,5.739975929260254
2017-03-12,31.75,76.5,0.9262461066246033
2017-03-12,31.75,76.75,0.16539135575294495
2017-03-12,31.75,77.0,3.9146368503570557
2017-03-12,31.75,77.25,10.927091598510742
2017-03-12,31.75,77.5,7.510371208190918
2017-03-12,32.0,76.5,4.0862507820129395
2017-03-12,32.0,76.75,0.898298978805542
2017-03-12,32.0,77.0,6.406482696533203
2017-03-12,32.0,77.25,8.850906372070312
2017-03-12,32.0,77.5,7.159087181091309
2017-03-13,31.5,76.5,0.0
2017-03-13,31.5,76.75,0.0
2017-03-13,31.5,77.0,0.0
2017-03-13,31.5,77.25,0.0
2017-03-13,31.5,77.5,0.0
2017-03-13,31.75,76.5,0.0
2017-03-13,31.75,76.75,0.0
2017-03-13,31.75,77.0,0.0
2017-03-13,31.75,77.25,0.0
2017-03-13,31.75,77.5,0.0
2017-03-13,32.0,76.5,0.0
2017-03-13,32.0,76.75,0.0
2017-03-13,32.0,77.0,0.0
2017-03-13,32.0,77.25,0.0
2017-03-13,32.0,77.5,0.0
2017-03-14,31.5,76.5,0.0
2017-03-14,31.5,76.75,0.0
2017-03-14,31.5,77.0,0.0
2017-03-14,31.5,77.25,0.0
2017-03-14,31.5,77.5,0.0
2017-03-14,31.75,76.5,0.0
2017-03-14,31.75,76.75,0.0
2017-03-14,31.75,77.0,0.0
2017-03-14,31.75,77.25,0.0
2017-03-14,31.75,77.5,0.0
2017-03-14,32.0,76.5,0.0
2017-03-14,32.0,76.75,0.0
2017-03-14,32.0,77.0,0.0
2017-03-14,32.0,77.25,0.0
2017-03-14,32.0,77.5,0.0
2017-03-15,31.5,76.5,0.0
2017-03-15,31.5,76.75,0.0
2017-03-15,31.5,77.0,0.0
2017-03-15,31.5,77.25,0.0
2017-03-15,31.5,77.5,0.0
2017-03-15,31.75,76.5,0.0
2017-03-15,31.75,76.75,0.0
2017-03-15,31.75,77.0,0.0
2017-03-15,31.75,77.25,0.0
2017-03-15,31.75,77.5,0.0
2017-03-15,32.0,76.5,0.0
2017-03-15,32.0,76.75,0.0
2017-03-15,32.0,77.0,0.0
2017-03-15,32.0,77.25,0.0
2017-03-15,32.0,77.5,0.0
2017-03-16,31.5,76.5,0.0
2017-03-16,31.5,76.75,0.0
2017-03-16,31.5,77.0,0.0
2017-03-16,31.5,77.25,0.0
2017-03-16,31.5,77.5,0.9111762046813965
2017-03-16,31.75,76.5,0.0
2017-03-16,31.75,76.75,0.0
2017-03-16,31.75,77.0,7.757437705993652
2017-03-16,31.75,77.25,2.560166358947754
2017-03-16,31.75,77.5,1.6814298629760742
2017-03-16,32.0,76.5,0.0
2017-03-16,32.0,76.75,1.7790708541870117
2017-03-16,32.0,77.0,11.78957462310791
2017-03-16,32.0,77.25,13.14168930053711
2017-03-16,32.0,77.5,4.580252647399902
2017-03-17,31.5,76.5,0.5852621793746948
2017-03-17,31.5,76.75,0.48080816864967346
2017-03-17,31.5,77.0,7.683753967285156
2017-03-17,31.5,77.25,20.640268325805664
2017-03-17,31.5,77.5,18.844602584838867
2017-03-17,31.75,76.5,0.5145811438560486
2017-03-17,31.75,76.75,0.2480870485305786
2017-03-17,31.75,77.0,9.289159774780273
2017-03-17,31.75,77.25,20.050907135009766
2017-03-17,31.75,77.5,21.75222396850586
2017-03-17,32.0,76.5,2.7281386852264404
2017-03-17,32.0,76.75,3.1334822177886963
2017-03-17,32.0,77.0,10.784189224243164
2017-03-17,32.0,77.25,13.354802131652832
2017-03-17,32.0,77.5,19.47048568725586
2017-03-18,31.5,76.5,0.0
2017-03-18,31.5,76.75,0.0
2017-03-18,31.5,77.0,0.0
2017-03-18,31.5,77.25,4.308875560760498
2017-03-18,31.5,77.5,4.388915538787842
2017-03-18,31.75,76.5,0.3430540859699249
2017-03-18,31.75,76.75,0.0
2017-03-18,31.75,77.0,2.1188812255859375
2017-03-18,31.75,77.25,4.590275764465332
2017-03-18,31.75,77.5,3.458400249481201
2017-03-18,32.0,76.5,4.213430881500244
2017-03-18,32.0,76.75,5.066734313964844
2017-03-18,32.0,77.0,2.0086898803710938
2017-03-18,32.0,77.25,2.313328266143799
2017-03-18,32.0,77.5,2.87613582611084
2017-03-19,31.5,76.5,0.0
2017-03-19,31.5,76.75,0.0
2017-03-19,31.5,77.0,0.0
2017-03-19,31.5,77.25,0.0
2017-03-19,31.5,77.5,0.0
2017-03-19,31.75,76.5,0.0
2017-03-19,31.75,76.75,0.0
2017-03-19,31.75,77.0,0.0
2017-03-19,31.75,77.25,0.0
2017-03-19,31.75,77.5,0.0
2017-03-19,32.0,76.5,0.0
2017-03-19,32.0,76.75,0.0
2017-03-19,32.0,77.0,0.0
2017-03-19,32.0,77.25,0.0
2017-03-19,32.0,77.5,0.0
2017-03-20,31.5,76.5,0.1644807755947113
2017-03-20,31.5,76.75,0.0
2017-03-20,31.5,77.0,0.0
2017-03-20,31.5,77.25,0.0
2017-03-20,31.5,77.5,0.0
2017-03-20,31.75,76.5,0.0
2017-03-20,31.75,76.75,0.0
2017-03-20,31.75,77.0,0.0
2017-03-20,31.75,77.25,0.0
2017-03-20,31.75,77.5,0.0
2017-03-20,32.0,76.5,0.843902587890625
2017-03-20,32.0,76.75,1.3071883916854858
2017-03-20,32.0,77.0,0.0
2017-03-20,32.0,77.25,0.0
2017-03-20,32.0,77.5,0.0
2017-03-21,31.5,76.5,0.0
2017-03-21,31.5,76.75,0.0
2017-03-21,31.5,77.0,0.0
2017-03-21,31.5,77.25,0.0
2017-03-21,31.5,77.5,0.0
2017-03-21,31.75,76.5,0.0
2017-03-21,31.75,76.75,0.0
2017-03-21,31.75,77.0,0.0
2017-03-21,31.75,77.25,0.0
2017-03-21,31.75,77.5,0.0
2017-03-21,32.0,76.5,0.0
2017-03-21,32.0,76.75,0.0
2017-03-21,32.0,77.0,0.0
2017-03-21,32.0,77.25,0.0
2017-03-21,32.0,77.5,0.0
2017-03-22,31.5,76.5,0.0
2017-03-22,31.5,76.75,0.0
2017-03-22,31.5,77.0,0.0
2017-03-22,31.5,77.25,0.0
2017-03-22,31.5,77.5,0.0
2017-03-22,31.75,76.5,0.0
2017-03-22,31.75,76.75,0.0
2017-03-22,31.75,77.0,0.0
2017-03-22,31.75,77.25,0.0
2017-03-22,31.75,77.5,0.0
2017-03-22,32.0,76.5,0.0
2017-03-22,32.0,76.75,0.0
2017-03-22,32.0,77.0,0.0
2017-03-22,32.0,77.25,0.0
2017-03-22,32.0,77.5,0.0
2017-03-23,31.5,76.5,0.0
2017-03-23,31.5,76.75,0.0
2017-03-23,31.5,77.0,0.0
2017-03-23,31.5,77.25,0.0
2017-03-23,31.5,77.5,0.0
2017-03-23,31.75,76.5,0.0
2017-03-23,31.75,76.75,0.0
2017-03-23,31.75,77.0,0.0
2017-03-23,31.75,77.25,0.0
2017-03-23,31.75,77.5,0.0
2017-03-23,32.0,76.5,0.0
2017-03-23,32.0,76.75,0.0
2017-03-23,32.0,77.0,0.0
2017-03-23,32.0,77.25,0.0
2017-03-23,32.0,77.5,0.0
2017-03-24,31.5,76.5,0.0
2017-03-24,31.5,76.75,0.0
2017-03-24,31.5,77.0,0.0
2017-03-24,31.5,77.25,0.7346140146255493
2017-03-24,31.5,77.5,0.0
2017-03-24,31.75,76.5,0.0
2017-03-24,31.75,76.75,0.0
2017-03-24,31.75,77.0,0.3905443847179413
2017-03-24,31.75,77.25,0.8823902606964111
2017-03-24,31.75,77.5,0.28454843163490295
2017-03-24,32.0,76.5,0.0
2017-03-24,32.0,76.75,0.0
2017-03-24,32.0,77.0,0.6832398176193237
2017-03-24,32.0,77.25,0.918286919593811
2017-03-24,32.0,77.5,0.4767390489578247
2017-03-25,31.5,76.5,0.0
2017-03-25,31.5,76.75,0.0
2017-03-25,31.5,77.0,0.0
2017-03-25,31.5,77.25,0.0
2017-03-25,31.5,77.5,0.0
2017-03-25,31.75,76.5,0.0
2017-03-25,31.75,76.75,0.0
2017-03-25,31.75,77.0,0.0
2017-03-25,31.75,77.25,0.0
2017-03-25,31.75,77.5,0.0
2017-03-25,32.0,76.5,0.0
2017-03-25,32.0,76.75,0.0
2017-03-25,32.0,77.0,0.0
2017-03-25,32.0,77.25,0.0
2017-03-25,32.0,77.5,0.0
2017-03-26,31.5,76.5,0.0
2017-03-26,31.5,76.75,0.0
2017-03-26,31.5,77.0,0.0
2017-03-26,31.5,77.25,0.0
2017-03-26,31.5,77.5,0.0
2017-03-26,31.75,76.5,0.0
2017-03-26,31.75,76.75,0.0
2017-03-26,31.75,77.0,0.0
2017-03-26,31.75,77.25,0.0
2017-03-26,31.75,77.5,0.0
2017-03-26,32.0,76.5,0.0
2017-03-26,32.0,76.75,0.0
2017-03-26,32.0,77.0,0.0
2017-03-26,32.0,77.25,0.0
2017-03-26,32.0,77.5,0.0
2017-03-27,31.5,76.5,0.0
2017-03-27,31.5,76.75,0.0
2017-03-27,31.5,77.0,0.0
2017-03-27,31.5,77.25,0.0
2017-03-27,31.5,77.5,0.0
2017-03-27,31.75,76.5,0.0
2017-03-27,31.75,76.75,0.0
2017-03-27,31.75,77.0,0.0
2017-03-27,31.75,77.25,0.0
2017-03-27,31.75,77.5,0.0
2017-03-27,32.0,76.5,0.0
2017-03-27,32.0,76.75,0.0
2017-03-27,32.0,77.0,0.0
2017-03-27,32.0,77.25,0.0
2017-03-27,32.0,77.5,0.0
2017-03-28,31.5,76.5,0.0
2017-03-28,31.5,76.75,0.0
2017-03-28,31.5,77.0,0.0
2017-03-28,31.5,77.25,0.0
2017-03-28,31.5,77.5,0.0
2017-03-28,31.75,76.5,0.0
2017-03-28,31.75,76.75,0.0
2017-03-28,31.75,77.0,0.0
2017-03-28,31.75,77.25,0.0
2017-03-28,31.75,77.5,0.0
2017-03-28,32.0,76.5,0.0
2017-03-28,32.0,76.75,0.0
2017-03-28,32.0,77.0,0.0
2017-03-28,32.0,77.25,0.0
2017-03-28,32.0,77.5,0.0
2017-03-29,31.5,76.5,0.0
2017-03-29,31.5,76.75,0.0
2017-03-29,31.5,77.0,0.0
2017-03-29,31.5,77.25,0.0
2017-03-29,31.5,77.5,0.0
2017-03-29,31.75,76.5,0.0
2017-03-29,31.75,76.75,0.0
2017-03-29,31.75,77.0,0.0
2017-03-29,31.75,77.25,0.0
2017-03-29,31.75,77.5,0.0
2017-03-29,32.0,76.5,0.0
2017-03-29,32.0,76.75,0.0
2017-03-29,32.0,77.0,0.0
2017-03-29,32.0,77.25,0.0
2017-03-29,32.0,77.5,0.0
2017-03-30,31.5,76.5,0.0
2017-03-30,31.5,76.75,0.0
2017-03-30,31.5,77.0,0.0
2017-03-30,31.5,77.25,0.0
2017-03-30,31.5,77.5,0.0
2017-03-30,31.75,76.5,0.0
2017-03-30,31.75,76.75,0.0
2017-03-30,31.75,77.0,0.0
2017-03-30,31.75,77.25,0.0
2017-03-30,31.75,77.5,0.0
2017-03-30,32.0,76.5,0.0
2017-03-30,32.0,76.75,0.0
2017-03-30,32.0,77.0,0.0
2017-03-30,32.0,77.25,0.0
2017-03-30,32.0,77.5,0.0
2017-03-31,31.5,76.5,0.0
2017-03-31,31.5,76.75,0.0
2017-03-31,31.5,77.0,0.0
2017-03-31,31.5,77.25,0.0
2017-03-31,31.5,77.5,0.0
2017-03-31,31.75,76.5,0.0
2017-03-31,31.75,76.75,0.0
2017-03-31,31.75,77.0,0.0
2017-03-31,31.75,77.25,0.0
2017-03-31,31.75,77.5,0.0
2017-03-31,32.0,76.5,0.0
2017-03-31,32.0,76.75,0.0
2017-03-31,32.0,77.0,0.0
2017-03-31,32.0,77.25,0.0
2017-03-31,32.0,77.5,0.0
2017-04-01,31.5,76.5,0.0
2017-04-01,31.5,76.75,0.0
2017-04-01,31.5,77.0,0.0
2017-04-01,31.5,77.25,0.0
2017-04-01,31.5,77.5,0.0
2017-04-01,31.75,76.5,0.0
2017-04-01,31.75,76.75,0.0
2017-04-01,31.75,77.0,0.0
2017-04-01,31.75,77.25,0.0
2017-04-01,31.75,77.5,0.0
2017-04-01,32.0,76.5,0.0
2017-04-01,32.0,76.75,0.0
2017-04-01,32.0,77.0,0.2634540796279907
2017-04-01,32.0,77.25,0.4072926342487335
2017-04-01,32.0,77.5,0.0
2017-04-02,31.5,76.5,0.0
2017-04-02,31.5,76.75,0.0
2017-04-02,31.5,77.0,0.0
2017-04-02,31.5,77.25,0.0
2017-04-02,31.5,77.5,0.0
2017-04-02,31.75,76.5,0.0
2017-04-02,31.75,76.75,0.0
2017-04-02,31.75,77.0,0.0
2017-04-02,31.75,77.25,0.0
2017-04-02,31.75,77.5,0.0
2017-04-02,32.0,76.5,0.0
2017-04-02,32.0,76.75,0.0
2017-04-02,32.0,77.0,0.0
2017-04-02,32.0,77.25,0.0
2017-04-02,32.0,77.5,0.0
2017-04-03,31.5,76.5,0.0
2017-04-03,31.5,76.75,0.0
2017-04-03,31.5,77.0,0.0
2017-04-03,31.5,77.25,0.0
2017-04-03,31.5,77.5,0.0
2017-04-03,31.75,76.5,0.0
2017-04-03,31.75,76.75,0.0
2017-04-03,31.75,77.0,0.0
2017-04-03,31.75,77.25,0.0
2017-04-03,31.75,77.5,0.0
2017-04-03,32.0,76.5,0.0
2017-04-03,32.0,76.75,0.0
2017-04-03,32.0,77.0,0.0
2017-04-03,32.0,77.25,0.0
2017-04-03,32.0,77.5,0.0
2017-04-04,31.5,76.5,0.0
2017-04-04,31.5,76.75,0.0
2017-04-04,31.5,77.0,0.0
2017-04-04,31.5,77.25,0.0
2017-04-04,31.5,77.5,0.0
2017-04-04,31.75,76.5,0.0
2017-04-04,31.75,76.75,0.0
2017-04-04,31.75,77.0,0.0
2017-04-04,31.75,77.25,0.0
2017-04-04,31.75,77.5,0.0
2017-04-04,32.0,76.5,0.0
2017-04-04,32.0,76.75,0.0
2017-04-04,32.0,77.0,0.0
2017-04-04,32.0,77.25,0.0
2017-04-04,32.0,77.5,0.0
2017-04-05,31.5,76.5,1.7830712795257568
2017-04-05,31.5,76.75,2.657343864440918
2017-04-05,31.5,77.0,7.9264726638793945
2017-04-05,31.5,77.25,9.440088272094727
2017-04-05,31.5,77.5,15.527193069458008
2017-04-05,31.75,76.5,9.316068649291992
2017-04-05,31.75,76.75,11.376629829406738
2017-04-05,31.75,77.0,15.741829872131348
2017-04-05,31.75,77.25,12.968092918395996
2017-04-05,31.75,77.5,13.088663101196289
2017-04-05,32.0,76.5,22.742605209350586
2017-04-05,32.0,76.75,29.81842613220215
2017-04-05,32.0,77.0,16.954681396484375
2017-04-05,32.0,77.25,16.91246795654297
2017-04-05,32.0,77.5,15.270027160644531
2017-04-06,31.5,76.5,12.847132682800293
2017-04-06,31.5,76.75,10.645282745361328
2017-04-06,31.5,77.0,24.688859939575195
2017-04-06,31.5,77.25,46.11088562011719
2017-04-06,31.5,77.5,43.09449005126953
2017-04-06,31.75,76.5,23.303789138793945
2017-04-06,31.75,76.75,20.627466201782227
2017-04-06,31.75,77.0,43.694480895996094
2017-04-06,31.75,77.25,47.58163070678711
2017-04-06,31.75,77.5,40.220272064208984
2017-04-06,32.0,76.5,14.886126518249512
2017-04-06,32.0,76.75,19.137351989746094
2017-04-06,32.0,77.0,47.1644401550293
2017-04-06,32.0,77.25,49.12886047363281
2017-04-06,32.0,77.5,40.48622131347656
2017-04-07,31.5,76.5,3.9180338382720947
2017-04-07,31.5,76.75,4.191732883453369
2017-04-07,31.5,77.0,3.058495044708252
2017-04-07,31.5,77.25,6.213614463806152
2017-04-07,31.5,77.5,0.5457242131233215
2017-04-07,31.75,76.5,9.301521301269531
2017-04-07,31.75,76.75,7.157295227050781
2017-04-07,31.75,77.0,4.066598892211914
2017-04-07,31.75,77.25,5.88862419128418
2017-04-07,31.75,77.5,2.7995197772979736
2017-04-07,32.0,76.5,10.041930198669434
2017-04-07,32.0,76.75,2.1934421062469482
2017-04-07,32.0,77.0,5.819192409515381
2017-04-07,32.0,77.25,7.374022483825684
2017-04-07,32.0,77.5,3.651298999786377
2017-04-08,31.5,76.5,0.0
2017-04-08,31.5,76.75,0.0
2017-04-08,31.5,77.0,0.0
2017-04-08,31.5,77.25,0.0
2017-04-08,31.5,77.5,0.0
2017-04-08,31.75,76.5,0.0
2017-04-08,31.75,76.75,0.0
2017-04-08,31.75,77.0,0.0
2017-04-08,31.75,77.25,0.0
2017-04-08,31.75,77.5,0.0
2017-04-08,32.0,76.5,0.0
2017-04-08,32.0,76.75,0.0
2017-04-08,32.0,77.0,0.0
2017-04-08,32.0,77.25,0.0
2017-04-08,32.0,77.5,0.0
2017-04-09,31.5,76.5,0.0
2017-04-09,31.5,76.75,0.0
2017-04-09,31.5,77.0,0.0
2017-04-09,31.5,77.25,0.0
2017-04-09,31.5,77.5,0.0
2017-04-09,31.75,76.5,0.0
2017-04-09,31.75,76.75,0.0
2017-04-09,31.75,77.0,0.0
2017-04-09,31.75,77.25,0.0
2017-04-09,31.75,77.5,0.0
2017-04-09,32.0,76.5,0.0
2017-04-09,32.0,76.75,0.0
2017-04-09,32.0,77.0,0.0
2017-04-09,32.0,77.25,0.0
2017-04-09,32.0,77.5,0.0
2017-04-10,31.5,76.5,0.0
2017-04-10,31.5,76.75,0.0
2017-04-10,31.5,77.0,0.0
2017-04-10,31.5,77.25,0.0
2017-04-10,31.5,77.5,0.0
2017-04-10,31.75,76.5,0.0
2017-04-10,31.75,76.75,0.0
2017-04-10,31.75,77.0,0.0
2017-04-10,31.75,77.25,0.0
2017-04-10,31.75,77.5,0.0
2017-04-10,32.0,76.5,0.0
2017-04-10,32.0,76.75,0.0
2017-04-10,32.0,77.0,0.0
2017-04-10,32.0,77.25,0.0
2017-04-10,32.0,77.5,0.0
2017-04-11,31.5,76.5,0.0
2017-04-11,31.5,76.75,0.0
2017-04-11,31.5,77.0,0.0
2017-04-11,31.5,77.25,0.0
2017-04-11,31.5,77.5,0.0
2017-04-11,31.75,76.5,0.0
2017-04-11,31.75,76.75,0.0
2017-04-11,31.75,77.0,0.0
2017-04-11,31.75,77.25,0.0
2017-04-11,31.75,77.5,0.0
2017-04-11,32.0,76.5,0.0
2017-04-11,32.0,76.75,0.0
2017-04-11,32.0,77.0,0.0
2017-04-11,32.0,77.25,0.0
2017-04-11,32.0,77.5,0.0
2017-04-12,31.5,76.5,0.0
2017-04-12,31.5,76.75,0.0
2017-04-12,31.5,77.0,0.0
2017-04-12,31.5,77.25,0.0
2017-04-12,31.5,77.5,0.0
2017-04-12,31.75,76.5,0.0
2017-04-12,31.75,76.75,0.0
2017-04-12,31.75,77.0,0.0
2017-04-12,31.75,77.25,0.0
2017-04-12,31.75,77.5,0.0
2017-04-12,32.0,76.5,0.0
2017-04-12,32.0,76.75,0.0
2017-04-12,32.0,77.0,0.0
2017-04-12,32.0,77.25,0.0
2017-04-12,32.0,77.5,0.0
2017-04-13,31.5,76.5,0.0
2017-04-13,31.5,76.75,0.0
2017-04-13,31.5,77.0,0.0
2017-04-13,31.5,77.25,0.0
2017-04-13,31.5,77.5,0.0
2017-04-13,31.75,76.5,0.0
2017-04-13,31.75,76.75,0.0
2017-04-13,31.75,77.0,0.0
2017-04-13,31.75,77.25,0.0
2017-04-13,31.75,77.5,0.0
2017-04-13,32.0,76.5,0.0
2017-04-13,32.0,76.75,0.0
2017-04-13,32.0,77.0,0.0
2017-04-13,32.0,77.25,0.0
2017-04-13,32.0,77.5,0.0
2017-04-14,31.5,76.5,0.0
2017-04-14,31.5,76.75,0.0
2017-04-14,31.5,77.0,0.0
2017-04-14,31.5,77.25,0.0
2017-04-14,31.5,77.5,0.0
2017-04-14,31.75,76.5,0.0
2017-04-14,31.75,76.75,0.0
2017-04-14,31.75,77.0,0.0
2017-04-14,31.75,77.25,0.0
2017-04-14,31.75,77.5,0.0
2017-04-14,32.0,76.5,0.0
2017-04-14,32.0,76.75,0.0
2017-04-14,32.0,77.0,0.0
2017-04-14,32.0,77.25,0.0
2017-04-14,32.0,77.5,0.0
2017-04-15,31.5,76.5,0.0
2017-04-15,31.5,76.75,0.0
2017-04-15,31.5,77.0,0.0
2017-04-15,31.5,77.25,0.0
2017-04-15,31.5,77.5,0.0
2017-04-15,31.75,76.5,0.0
2017-04-15,31.75,76.75,0.0
2017-04-15,31.75,77.0,1.1366480588912964
2017-04-15,31.75,77.25,0.38391539454460144
2017-04-15,31.75,77.5,0.0
2017-04-15,32.0,76.5,0.0
2017-04-15,32.0,76.75,0.26407870650291443
2017-04-15,32.0,77.0,0.9610255360603333
2017-04-15,32.0,77.25,0.7335768342018127
2017-04-15,32.0,77.5,0.44940000772476196
2017-04-16,31.5,76.5,0.0
2017-04-16,31.5,76.75,0.0
2017-04-16,31.5,77.0,0.0
2017-04-16,31.5,77.25,0.0
2017-04-16,31.5,77.5,0.0
2017-04-16,31.75,76.5,0.0
2017-04-16,31.75,76.75,0.0
2017-04-16,31.75,77.0,0.0
2017-04-16,31.75,77.25,0.0
2017-04-16,31.75,77.5,0.0
2017-04-16,32.0,76.5,0.0
2017-04-16,32.0,76.75,0.0
2017-04-16,32.0,77.0,0.0
2017-04-16,32.0,77.25,0.0
2017-04-16,32.0,77.5,0.0
2017-04-17,31.5,76.5,0.0
2017-04-17,31.5,76.75,0.0
2017-04-17,31.5,77.0,0.0
2017-04-17,31.5,77.25,0.0
2017-04-17,31.5,77.5,0.0
2017-04-17,31.75,76.5,0.0
2017-04-17,31.75,76.75,0.0
2017-04-17,31.75,77.0,0.0
2017-04-17,31.75,77.25,0.0
2017-04-17,31.75,77.5,0.0
2017-04-17,32.0,76.5,0.0
2017-04-17,32.0,76.75,0.0
2017-04-17,32.0,77.0,0.0
2017-04-17,32.0,77.25,0.0
2017-04-17,32.0,77.5,0.0
2017-04-18,31.5,76.5,0.0
2017-04-18,31.5,76.75,0.0
2017-04-18,31.5,77.0,0.0
2017-04-18,31.5,77.25,0.0
2017-04-18,31.5,77.5,0.0
2017-04-18,31.75,76.5,0.0
2017-04-18,31.75,76.75,0.0
2017-04-18,31.75,77.0,0.0
2017-04-18,31.75,77.25,0.0
2017-04-18,31.75,77.5,0.0
2017-04-18,32.0,76.5,0.0
2017-04-18,32.0,76.75,0.0
2017-04-18,32.0,77.0,0.0
2017-04-18,32.0,77.25,0.0
2017-04-18,32.0,77.5,0.0
2017-04-19,31.5,76.5,0.0
2017-04-19,31.5,76.75,0.0
2017-04-19,31.5,77.0,0.0
2017-04-19,31.5,77.25,0.0
2017-04-19,31.5,77.5,0.0
2017-04-19,31.75,76.5,0.0
2017-04-19,31.75,76.75,0.0
2017-04-19,31.75,77.0,0.0
2017-04-19,31.75,77.25,0.0
2017-04-19,31.75,77.5,0.0
2017-04-19,32.0,76.5,0.0
2017-04-19,32.0,76.75,0.0
2017-04-19,32.0,77.0,0.0
2017-04-19,32.0,77.25,0.0
2017-04-19,32.0,77.5,0.0
2017-04-20,31.5,76.5,0.0
2017-04-20,31.5,76.75,0.0
2017-04-20,31.5,77.0,0.0
2017-04-20,31.5,77.25,0.0
2017-04-20,31.5,77.5,0.0
2017-04-20,31.75,76.5,0.0
2017-04-20,31.75,76.75,0.0
2017-04-20,31.75,77.0,0.0
2017-04-20,31.75,77.25,0.0
2017-04-20,31.75,77.5,0.0
2017-04-20,32.0,76.5,0.0
2017-04-20,32.0,76.75,0.0
2017-04-20,32.0,77.0,0.0
2017-04-20,32.0,77.25,0.0
2017-04-20,32.0,77.5,0.0
2017-04-21,31.5,76.5,0.0
2017-04-21,31.5,76.75,0.0
2017-04-21,31.5,77.0,0.0
2017-04-21,31.5,77.25,0.0
2017-04-21,31.5,77.5,0.0
2017-04-21,31.75,76.5,0.0
2017-04-21,31.75,76.75,0.0
2017-04-21,31.75,77.0,0.0
2017-04-21,31.75,77.25,0.0
2017-04-21,31.75,77.5,0.0
2017-04-21,32.0,76.5,0.0
2017-04-21,32.0,76.75,0.0
2017-04-21,32.0,77.0,0.0
2017-04-21,32.0,77.25,0.0
2017-04-21,32.0,77.5,0.0
2017-04-22,31.5,76.5,4.295688629150391
2017-04-22,31.5,76.75,10.84829330444336
2017-04-22,31.5,77.0,16.68886375427246
2017-04-22,31.5,77.25,6.621057510375977
2017-04-22,31.5,77.5,9.240544319152832
2017-04-22,31.75,76.5,7.060486316680908
2017-04-22,31.75,76.75,11.293811798095703
2017-04-22,31.75,77.0,14.442861557006836
2017-04-22,31.75,77.25,5.754375457763672
2017-04-22,31.75,77.5,8.640681266784668
2017-04-22,32.0,76.5,3.865495204925537
2017-04-22,32.0,76.75,9.008308410644531
2017-04-22,32.0,77.0,12.829129219055176
2017-04-22,32.0,77.25,10.426431655883789
2017-04-22,32.0,77.5,9.620954513549805
2017-04-23,31.5,76.5,0.48850876092910767
2017-04-23,31.5,76.75,0.16266196966171265
2017-04-23,31.5,77.0,0.0
2017-04-23,31.5,77.25,11.876259803771973
2017-04-23,31.5,77.5,0.3142234981060028
2017-04-23,31.75,76.5,0.20583245158195496
2017-04-23,31.75,76.75,0.0
2017-04-23,31.75,77.0,0.5387446284294128
2017-04-23,31.75,77.25,12.256634712219238
2017-04-23,31.75,77.5,4.600199222564697
2017-04-23,32.0,76.5,0.7558632493019104
2017-04-23,32.0,76.75,0.11997248232364655
2017-04-23,32.0,77.0,1.1055607795715332
2017-04-23,32.0,77.25,3.3469462394714355
2017-04-23,32.0,77.5,5.3947672843933105
2017-04-24,31.5,76.5,6.1051154136657715
2017-04-24,31.5,76.75,6.668185710906982
2017-04-24,31.5,77.0,8.264290809631348
2017-04-24,31.5,77.25,3.2502355575561523
2017-04-24,31.5,77.5,12.517668724060059
2017-04-24,31.75,76.5,2.2967255115509033
2017-04-24,31.75,76.75,5.106717109680176
2017-04-24,31.75,77.0,7.276864528656006
2017-04-24,31.75,77.25,2.5375194549560547
2017-04-24,31.75,77.5,11.240605354309082
2017-04-24,32.0,76.5,3.8243770599365234
2017-04-24,32.0,76.75,6.812231540679932
2017-04-24,32.0,77.0,9.548437118530273
2017-04-24,32.0,77.25,10.604768753051758
2017-04-24,32.0,77.5,9.266705513000488
2017-04-25,31.5,76.5,0.0
2017-04-25,31.5,76.75,0.0
2017-04-25,31.5,77.0,0.0
2017-04-25,31.5,77.25,12.304784774780273
2017-04-25,31.5,77.5,0.7811495661735535
2017-04-25,31.75,76.5,0.0
2017-04-25,31.75,76.75,0.0
2017-04-25,31.75,77.0,0.24234406650066376
2017-04-25,31.75,77.25,12.625055313110352
2017-04-25,31.75,77.5,5.606900691986084
2017-04-25,32.0,76.5,0.0
2017-04-25,32.0,76.75,0.0
2017-04-25,32.0,77.0,0.7000090479850769
2017-04-25,32.0,77.25,2.9614663124084473
2017-04-25,32.0,77.5,6.252741813659668
2017-04-26,31.5,76.5,0.0
2017-04-26,31.5,76.75,0.0
2017-04-26,31.5,77.0,0.0
2017-04-26,31.5,77.25,0.0
2017-04-26,31.5,77.5,0.0
2017-04-26,31.75,76.5,0.0
2017-04-26,31.75,76.75,0.0
2017-04-26,31.75,77.0,2.5722477436065674
2017-04-26,31.75,77.25,0.8755148649215698
2017-04-26,31.75,77.5,0.0
2017-04-26,32.0,76.5,0.0
2017-04-26,32.0,76.75,0.6002105474472046
2017-04-26,32.0,77.0,2.1791012287139893
2017-04-26,32.0,77.25,1.661290168762207
2017-04-26,32.0,77.5,1.020371913909912
2017-04-27,31.5,76.5,0.33612173795700073
2017-04-27,31.5,76.75,0.27077412605285645
2017-04-27,31.5,77.0,0.0
2017-04-27,31.5,77.25,0.0
2017-04-27,31.5,77.5,0.0
2017-04-27,31.75,76.5,0.0
2017-04-27,31.75,76.75,0.0
2017-04-27,31.75,77.0,0.0
2017-04-27,31.75,77.25,0.0
2017-04-27,31.75,77.5,0.0
2017-04-27,32.0,76.5,0.0
2017-04-27,32.0,76.75,0.0
2017-04-27,32.0,77.0,0.0
2017-04-27,32.0,77.25,0.0
2017-04-27,32.0,77.5,0.0
2017-04-28,31.5,76.5,0.0
2017-04-28,31.5,76.75,0.0
2017-04-28,31.5,77.0,0.0
2017-04-28,31.5,77.25,0.0
2017-04-28,31.5,77.5,1.5945583581924438
2017-04-28,31.75,76.5,0.0
2017-04-28,31.75,76.75,0.0
2017-04-28,31.75,77.0,0.0
2017-04-28,31.75,77.25,0.0
2017-04-28,31.75,77.5,2.94250226020813
2017-04-28,32.0,76.5,0.0
2017-04-28,32.0,76.75,0.0
2017-04-28,32.0,77.0,0.0
2017-04-28,32.0,77.25,0.0
2017-04-28,32.0,77.5,2.700850486755371
2017-04-29,31.5,76.5,0.0
2017-04-29,31.5,76.75,1.732954502105713
2017-04-29,31.5,77.0,0.0
2017-04-29,31.5,77.25,0.0
2017-04-29,31.5,77.5,0.0
2017-04-29,31.75,76.5,0.0
2017-04-29,31.75,76.75,0.13137857615947723
2017-04-29,31.75,77.0,0.0
2017-04-29,31.75,77.25,0.0
2017-04-29,31.75,77.5,0.0
2017-04-29,32.0,76.5,0.0
2017-04-29,32.0,76.75,0.0
2017-04-29,32.0,77.0,0.0
2017-04-29,32.0,77.25,0.0
2017-04-29,32.0,77.5,0.0
2017-04-30,31.5,76.5,4.675771236419678
2017-04-30,31.5,76.75,2.138091564178467
2017-04-30,31.5,77.0,2.3717777729034424
2017-04-30,31.5,77.25,22.49773597717285
2017-04-30,31.5,77.5,7.7605109214782715
2017-04-30,31.75,76.5,0.8591008186340332
2017-04-30,31.75,76.75,5.557009220123291
2017-04-30,31.75,77.0,1.9817543029785156
2017-04-30,31.75,77.25,19.476606369018555
2017-04-30,31.75,77.5,10.099267959594727
2017-04-30,32.0,76.5,3.2851221561431885
2017-04-30,32.0,76.75,1.4379063844680786
2017-04-30,32.0,77.0,2.3096189498901367
2017-04-30,32.0,77.25,5.657407760620117
2017-04-30,32.0,77.5,9.79275894165039
2017-05-01,31.5,76.5,0.14513009786605835
2017-05-01,31.5,76.75,3.110459327697754
2017-05-01,31.5,77.0,6.566168785095215
2017-05-01,31.5,77.25,10.385165214538574
2017-05-01,31.5,77.5,10.205581665039062
2017-05-01,31.75,76.5,2.696477174758911
2017-05-01,31.75,76.75,1.1723763942718506
2017-05-01,31.75,77.0,6.110122203826904
2017-05-01,31.75,77.25,10.57876968383789
2017-05-01,31.75,77.5,12.492288589477539
2017-05-01,32.0,76.5,2.90160870552063
2017-05-01,32.0,76.75,4.077173709869385
2017-05-01,32.0,77.0,8.627202033996582
2017-05-01,32.0,77.25,10.736005783081055
2017-05-01,32.0,77.5,11.931046485900879
2017-05-02,31.5,76.5,0.0
2017-05-02,31.5,76.75,0.0
2017-05-02,31.5,77.0,0.0
2017-05-02,31.5,77.25,0.0
2017-05-02,31.5,77.5,0.0
2017-05-02,31.75,76.5,0.0
2017-05-02,31.75,76.75,0.0
2017-05-02,31.75,77.0,0.0
2017-05-02,31.75,77.25,0.0
2017-05-02,31.75,77.5,0.0
2017-05-02,32.0,76.5,0.0
2017-05-02,32.0,76.75,0.0
2017-05-02,32.0,77.0,0.0
2017-05-02,32.0,77.25,0.0
2017-05-02,32.0,77.5,0.0
2017-05-03,31.5,76.5,0.0
2017-05-03,31.5,76.75,0.0
2017-05-03,31.5,77.0,0.0
2017-05-03,31.5,77.25,0.0
2017-05-03,31.5,77.5,0.0
2017-05-03,31.75,76.5,0.0
2017-05-03,31.75,76.75,0.0
2017-05-03,31.75,77.0,0.0
2017-05-03,31.75,77.25,0.0
2017-05-03,31.75,77.5,0.0
2017-05-03,32.0,76.5,0.0
2017-05-03,32.0,76.75,0.0
2017-05-03,32.0,77.0,0.0
2017-05-03,32.0,77.25,0.0
2017-05-03,32.0,77.5,0.0
2017-05-04,31.5,76.5,0.0
2017-05-04,31.5,76.75,0.0
2017-05-04,31.5,77.0,0.0
2017-05-04,31.5,77.25,0.0
2017-05-04,31.5,77.5,0.0
2017-05-04,31.75,76.5,0.0
2017-05-04,31.75,76.75,0.0
2017-05-04,31.75,77.0,7.681758403778076
2017-05-04,31.75,77.25,2.6064393520355225
2017-05-04,31.75,77.5,0.0
2017-05-04,32.0,76.5,2.904686212539673
2017-05-04,32.0,76.75,5.9722981452941895
2017-05-04,32.0,77.0,15.723318099975586
2017-05-04,32.0,77.25,19.215055465698242
2017-05-04,32.0,77.5,3.0431151390075684
2017-05-05,31.5,76.5,0.0
2017-05-05,31.5,76.75,0.0
2017-05-05,31.5,77.0,0.0
2017-05-05,31.5,77.25,0.7346140146255493
2017-05-05,31.5,77.5,0.0
2017-05-05,31.75,76.5,0.0
2017-05-05,31.75,76.75,0.0
2017-05-05,31.75,77.0,0.13738898932933807
2017-05-05,31.75,77.25,0.7882009744644165
2017-05-05,31.75,77.5,0.28454843163490295
2017-05-05,32.0,76.5,0.4083963930606842
2017-05-05,32.0,76.75,0.0
2017-05-05,32.0,77.0,0.7710118889808655
2017-05-05,32.0,77.25,1.2285293340682983
2017-05-05,32.0,77.5,0.3722812831401825
2017-05-06,31.5,76.5,0.0
2017-05-06,31.5,76.75,0.0
2017-05-06,31.5,77.0,0.0
2017-05-06,31.5,77.25,0.0
2017-05-06,31.5,77.5,0.0
2017-05-06,31.75,76.5,0.0
2017-05-06,31.75,76.75,0.0
2017-05-06,31.75,77.0,1.2498633861541748
2017-05-06,31.75,77.25,0.3976840078830719
2017-05-06,31.75,77.5,0.0
2017-05-06,32.0,76.5,0.0
2017-05-06,32.0,76.75,0.28090953826904297
2017-05-06,32.0,77.0,1.0411057472229004
2017-05-06,32.0,77.25,0.8022779822349548
2017-05-06,32.0,77.5,0.4818553626537323
2017-05-07,31.5,76.5,0.0
2017-05-07,31.5,76.75,0.0
2017-05-07,31.5,77.0,0.0
2017-05-07,31.5,77.25,0.0
2017-05-07,31.5,77.5,0.0
2017-05-07,31.75,76.5,0.0
2017-05-07,31.75,76.75,0.0
2017-05-07,31.75,77.0,0.0
2017-05-07,31.75,77.25,0.0
2017-05-07,31.75,77.5,0.0
2017-05-07,32.0,76.5,0.0
2017-05-07,32.0,76.75,0.0
2017-05-07,32.0,77.0,0.0
2017-05-07,32.0,77.25,0.0
2017-05-07,32.0,77.5,0.0
2017-05-08,31.5,76.5,0.0
2017-05-08,31.5,76.75,0.0
2017-05-08,31.5,77.0,0.0
2017-05-08,31.5,77.25,0.0
2017-05-08,31.5,77.5,0.0
2017-05-08,31.75,76.5,0.0
2017-05-08,31.75,76.75,0.0
2017-05-08,31.75,77.0,3.7267534732818604
2017-05-08,31.75,77.25,1.5389854907989502
2017-05-08,31.75,77.5,0.0
2017-05-08,32.0,76.5,0.0
2017-05-08,32.0,76.75,0.9743175506591797
2017-05-08,32.0,77.0,3.330066204071045
2017-05-08,32.0,77.25,2.455197334289551
2017-05-08,32.0,77.5,1.6143916845321655
2017-05-09,31.5,76.5,0.0
2017-05-09,31.5,76.75,0.0
2017-05-09,31.5,77.0,0.0
2017-05-09,31.5,77.25,0.0
2017-05-09,31.5,77.5,0.0
2017-05-09,31.75,76.5,0.0
2017-05-09,31.75,76.75,0.0
2017-05-09,31.75,77.0,0.0
2017-05-09,31.75,77.25,0.0
2017-05-09,31.75,77.5,0.0
2017-05-09,32.0,76.5,0.0
2017-05-09,32.0,76.75,0.0
2017-05-09,32.0,77.0,0.0
2017-05-09,32.0,77.25,0.0
2017-05-09,32.0,77.5,0.0
2017-05-10,31.5,76.5,0.0
2017-05-10,31.5,76.75,1.1387927532196045
2017-05-10,31.5,77.0,5.418298721313477
2017-05-10,31.5,77.25,1.5974085330963135
2017-05-10,31.5,77.5,0.0
2017-05-10,31.75,76.5,2.5239086151123047
2017-05-10,31.75,76.75,0.6455001831054688
2017-05-10,31.75,77.0,2.7426466941833496
2017-05-10,31.75,77.25,1.4865732192993164
2017-05-10,31.75,77.5,0.14583587646484375
2017-05-10,32.0,76.5,4.9862775802612305
2017-05-10,32.0,76.75,6.393152713775635
2017-05-10,32.0,77.0,3.6320080757141113
2017-05-10,32.0,77.25,3.8120768070220947
2017-05-10,32.0,77.5,1.078805923461914
2017-05-11,31.5,76.5,10.400123596191406
2017-05-11,31.5,76.75,1.5371206998825073
2017-05-11,31.5,77.0,2.961897373199463
2017-05-11,31.5,77.25,0.9863216280937195
2017-05-11,31.5,77.5,0.0
2017-05-11,31.75,76.5,6.754390239715576
2017-05-11,31.75,76.75,10.918025016784668
2017-05-11,31.75,77.0,3.884303092956543
2017-05-11,31.75,77.25,1.5917713642120361
2017-05-11,31.75,77.5,0.3082607686519623
2017-05-11,32.0,76.5,28.2945499420166
2017-05-11,32.0,76.75,13.202210426330566
2017-05-11,32.0,77.0,2.3223159313201904
2017-05-11,32.0,77.25,1.974678874015808
2017-05-11,32.0,77.5,1.2078231573104858
2017-05-12,31.5,76.5,0.0
2017-05-12,31.5,76.75,0.0
2017-05-12,31.5,77.0,0.0
2017-05-12,31.5,77.25,0.0
2017-05-12,31.5,77.5,0.0
2017-05-12,31.75,76.5,0.0
2017-05-12,31.75,76.75,0.0
2017-05-12,31.75,77.0,0.0
2017-05-12,31.75,77.25,0.0
2017-05-12,31.75,77.5,0.0
2017-05-12,32.0,76.5,0.0
2017-05-12,32.0,76.75,0.0
2017-05-12,32.0,77.0,0.0
2017-05-12,32.0,77.25,0.0
2017-05-12,32.0,77.5,0.0
2017-05-13,31.5,76.5,0.0
2017-05-13,31.5,76.75,0.0
2017-05-13,31.5,77.0,2.241802453994751
2017-05-13,31.5,77.25,0.7767871022224426
2017-05-13,31.5,77.5,0.0
2017-05-13,31.75,76.5,0.0
2017-05-13,31.75,76.75,0.0
2017-05-13,31.75,77.0,2.473001718521118
2017-05-13,31.75,77.25,0.9505833983421326
2017-05-13,31.75,77.5,0.11342789977788925
2017-05-13,32.0,76.5,0.0
2017-05-13,32.0,76.75,0.5333035588264465
2017-05-13,32.0,77.0,2.022780656814575
2017-05-13,32.0,77.25,1.5770258903503418
2017-05-13,32.0,77.5,0.9241637587547302
2017-05-14,31.5,76.5,0.0
2017-05-14,31.5,76.75,0.0
2017-05-14,31.5,77.0,0.0
2017-05-14,31.5,77.25,0.0
2017-05-14,31.5,77.5,0.0
2017-05-14,31.75,76.5,0.0
2017-05-14,31.75,76.75,0.0
2017-05-14,31.75,77.0,0.0
2017-05-14,31.75,77.25,0.0
2017-05-14,31.75,77.5,0.0
2017-05-14,32.0,76.5,0.8984720706939697
2017-05-14,32.0,76.75,0.0
2017-05-14,32.0,77.0,0.0
2017-05-14,32.0,77.25,0.0
2017-05-14,32.0,77.5,0.0
2017-05-15,31.5,76.5,0.0
2017-05-15,31.5,76.75,0.0
2017-05-15,31.5,77.0,0.0
2017-05-15,31.5,77.25,2.2291626930236816
2017-05-15,31.5,77.5,0.3794136643409729
2017-05-15,31.75,76.5,0.0
2017-05-15,31.75,76.75,0.0
2017-05-15,31.75,77.0,0.0
2017-05-15,31.75,77.25,0.0
2017-05-15,31.75,77.5,1.2315030097961426
2017-05-15,32.0,76.5,0.0
2017-05-15,32.0,76.75,0.0
2017-05-15,32.0,77.0,0.0
2017-05-15,32.0,77.25,0.0
2017-05-15,32.0,77.5,0.0
2017-05-16,31.5,76.5,0.0
2017-05-16,31.5,76.75,0.0
2017-05-16,31.5,77.0,0.0
2017-05-16,31.5,77.25,0.0
2017-05-16,31.5,77.5,0.0
2017-05-16,31.75,76.5,0.0
2017-05-16,31.75,76.75,0.0
2017-05-16,31.75,77.0,0.0
2017-05-16,31.75,77.25,0.0
2017-05-16,31.75,77.5,0.0
2017-05-16,32.0,76.5,0.44923603534698486
2017-05-16,32.0,76.75,0.0
2017-05-16,32.0,77.0,0.0
2017-05-16,32.0,77.25,0.0
2017-05-16,32.0,77.5,0.0
2017-05-17,31.5,76.5,0.6579231023788452
2017-05-17,31.5,76.75,0.0
2017-05-17,31.5,77.0,6.08868408203125
2017-05-17,31.5,77.25,2.9537692070007324
2017-05-17,31.5,77.5,7.205983638763428
2017-05-17,31.75,76.5,0.8576352000236511
2017-05-17,31.75,76.75,0.8269568085670471
2017-05-17,31.75,77.0,4.009962558746338
2017-05-17,31.75,77.25,2.016611337661743
2017-05-17,31.75,77.5,6.160956859588623
2017-05-17,32.0,76.5,6.581045150756836
2017-05-17,32.0,76.75,2.6071035861968994
2017-05-17,32.0,77.0,4.919857025146484
2017-05-17,32.0,77.25,4.749459743499756
2017-05-17,32.0,77.5,4.979796409606934
2017-05-18,31.5,76.5,0.0
2017-05-18,31.5,76.75,0.31894099712371826
2017-05-18,31.5,77.0,4.804673671722412
2017-05-18,31.5,77.25,2.7248549461364746
2017-05-18,31.5,77.5,3.516420602798462
2017-05-18,31.75,76.5,0.0
2017-05-18,31.75,76.75,13.336006164550781
2017-05-18,31.75,77.0,8.230240821838379
2017-05-18,31.75,77.25,2.8854639530181885
2017-05-18,31.75,77.5,2.6492443084716797
2017-05-18,32.0,76.5,0.0
2017-05-18,32.0,76.75,4.509081840515137
2017-05-18,32.0,77.0,6.324500560760498
2017-05-18,32.0,77.25,4.698897361755371
2017-05-18,32.0,77.5,3.38531494140625
2017-05-19,31.5,76.5,0.0
2017-05-19,31.5,76.75,1.2717901468276978
2017-05-19,31.5,77.0,13.151873588562012
2017-05-19,31.5,77.25,7.765983581542969
2017-05-19,31.5,77.5,4.66828727722168
2017-05-19,31.75,76.5,7.160923957824707
2017-05-19,31.75,76.75,8.858080863952637
2017-05-19,31.75,77.0,0.7468785047531128
2017-05-19,31.75,77.25,5.163548469543457
2017-05-19,31.75,77.5,4.948916912078857
2017-05-19,32.0,76.5,1.68780517578125
2017-05-19,32.0,76.75,4.058523654937744
2017-05-19,32.0,77.0,0.5269081592559814
2017-05-19,32.0,77.25,1.5404727458953857
2017-05-19,32.0,77.5,3.0563955307006836
2017-05-20,31.5,76.5,4.890567779541016
2017-05-20,31.5,76.75,1.6184883117675781
2017-05-20,31.5,77.0,1.3149142265319824
2017-05-20,31.5,77.25,25.51854705810547
2017-05-20,31.5,77.5,11.564367294311523
2017-05-20,31.75,76.5,5.4336957931518555
2017-05-20,31.75,76.75,9.264382362365723
2017-05-20,31.75,77.0,11.849395751953125
2017-05-20,31.75,77.25,27.48833656311035
2017-05-20,31.75,77.5,16.569721221923828
2017-05-20,32.0,76.5,16.46096420288086
2017-05-20,32.0,76.75,25.23586082458496
2017-05-20,32.0,77.0,11.91550350189209
2017-05-20,32.0,77.25,14.595732688903809
2017-05-20,32.0,77.5,17.869821548461914
2017-05-21,31.5,76.5,0.0
2017-05-21,31.5,76.75,0.1530916839838028
2017-05-21,31.5,77.0,0.9437236189842224
2017-05-21,31.5,77.25,0.0
2017-05-21,31.5,77.5,0.0
2017-05-21,31.75,76.5,0.0
2017-05-21,31.75,76.75,0.0
2017-05-21,31.75,77.0,6.535274505615234
2017-05-21,31.75,77.25,2.0875766277313232
2017-05-21,31.75,77.5,0.0
2017-05-21,32.0,76.5,0.0
2017-05-21,32.0,76.75,1.426456332206726
2017-05-21,32.0,77.0,5.166811466217041
2017-05-21,32.0,77.25,3.9341938495635986
2017-05-21,32.0,77.5,2.4225735664367676
2017-05-22,31.5,76.5,0.8284037113189697
2017-05-22,31.5,76.75,1.5277458429336548
2017-05-22,31.5,77.0,2.095836639404297
2017-05-22,31.5,77.25,3.440215826034546
2017-05-22,31.5,77.5,2.9324707984924316
2017-05-22,31.75,76.5,3.36409854888916
2017-05-22,31.75,76.75,3.2394065856933594
2017-05-22,31.75,77.0,2.27980899810791
2017-05-22,31.75,77.25,3.3825886249542236
2017-05-22,31.75,77.5,5.292390823364258
2017-05-22,32.0,76.5,6.528594017028809
2017-05-22,32.0,76.75,7.693479061126709
2017-05-22,32.0,77.0,4.1385273933410645
2017-05-22,32.0,77.25,5.410268306732178
2017-05-22,32.0,77.5,5.3489508628845215
2017-05-23,31.5,76.5,0.0
2017-05-23,31.5,76.75,1.3012957572937012
2017-05-23,31.5,77.0,0.0
2017-05-23,31.5,77.25,0.0
2017-05-23,31.5,77.5,0.22779405117034912
2017-05-23,31.75,76.5,0.291595995426178
2017-05-23,31.75,76.75,0.16539135575294495
2017-05-23,31.75,77.0,0.10078606754541397
2017-05-23,31.75,77.25,0.0
2017-05-23,31.75,77.5,0.42035746574401855
2017-05-23,32.0,76.5,1.2522327899932861
2017-05-23,32.0,76.75,0.0
2017-05-23,32.0,77.0,1.6249072551727295
2017-05-23,32.0,77.25,2.443755626678467
2017-05-23,32.0,77.5,0.38583576679229736
2017-05-24,31.5,76.5,1.3960084915161133
2017-05-24,31.5,76.75,2.724587917327881
2017-05-24,31.5,77.0,0.0
2017-05-24,31.5,77.25,1.4078922271728516
2017-05-24,31.5,77.5,0.23962970077991486
2017-05-24,31.75,76.5,15.817782402038574
2017-05-24,31.75,76.75,2.5282089710235596
2017-05-24,31.75,77.0,0.0
2017-05-24,31.75,77.25,0.0
2017-05-24,31.75,77.5,0.7777913808822632
2017-05-24,32.0,76.5,1.6494123935699463
2017-05-24,32.0,76.75,0.0
2017-05-24,32.0,77.0,0.0
2017-05-24,32.0,77.25,0.0
2017-05-24,32.0,77.5,0.0
2017-05-25,31.5,76.5,0.0
2017-05-25,31.5,76.75,0.0
2017-05-25,31.5,77.0,0.0
2017-05-25,31.5,77.25,0.0
2017-05-25,31.5,77.5,0.0
2017-05-25,31.75,76.5,0.0
2017-05-25,31.75,76.75,0.0
2017-05-25,31.75,77.0,0.0
2017-05-25,31.75,77.25,0.0
2017-05-25,31.75,77.5,0.0
2017-05-25,32.0,76.5,0.0
2017-05-25,32.0,76.75,0.0
2017-05-25,32.0,77.0,0.0
2017-05-25,32.0,77.25,0.0
2017-05-25,32.0,77.5,0.0
2017-05-26,31.5,76.5,0.0
2017-05-26,31.5,76.75,0.15615683794021606
2017-05-26,31.5,77.0,0.0
2017-05-26,31.5,77.25,1.2905678749084473
2017-05-26,31.5,77.5,0.21966056525707245
2017-05-26,31.75,76.5,0.0
2017-05-26,31.75,76.75,0.0
2017-05-26,31.75,77.0,0.0
2017-05-26,31.75,77.25,0.0
2017-05-26,31.75,77.5,0.7129754424095154
2017-05-26,32.0,76.5,0.4219512939453125
2017-05-26,32.0,76.75,0.6535941958427429
2017-05-26,32.0,77.0,0.0
2017-05-26,32.0,77.25,0.0
2017-05-26,32.0,77.5,0.0
2017-05-27,31.5,76.5,5.026022434234619
2017-05-27,31.5,76.75,8.56660270690918
2017-05-27,31.5,77.0,12.061147689819336
2017-05-27,31.5,77.25,8.11833667755127
2017-05-27,31.5,77.5,5.44563627243042
2017-05-27,31.75,76.5,8.67383098602295
2017-05-27,31.75,76.75,3.3574135303497314
2017-05-27,31.75,77.0,7.2069573402404785
2017-05-27,31.75,77.25,7.295255661010742
2017-05-27,31.75,77.5,5.1016845703125
2017-05-27,32.0,76.5,26.07560157775879
2017-05-27,32.0,76.75,12.673347473144531
2017-05-27,32.0,77.0,4.965232849121094
2017-05-27,32.0,77.25,4.347247123718262
2017-05-27,32.0,77.5,5.011091232299805
2017-05-28,31.5,76.5,0.0
2017-05-28,31.5,76.75,0.0
2017-05-28,31.5,77.0,0.0
2017-05-28,31.5,77.25,0.0
2017-05-28,31.5,77.5,1.1389702558517456
2017-05-28,31.75,76.5,0.6052667498588562
2017-05-28,31.75,76.75,0.0
2017-05-28,31.75,77.0,0.0
2017-05-28,31.75,77.25,0.0
2017-05-28,31.75,77.5,2.1017873287200928
2017-05-28,32.0,76.5,0.0
2017-05-28,32.0,76.75,0.0
2017-05-28,32.0,77.0,0.0
2017-05-28,32.0,77.25,0.0
2017-05-28,32.0,77.5,1.9291787147521973
2017-05-29,31.5,76.5,4.009763717651367
2017-05-29,31.5,76.75,13.00697135925293
2017-05-29,31.5,77.0,11.65571117401123
2017-05-29,31.5,77.25,7.548393726348877
2017-05-29,31.5,77.5,4.362236022949219
2017-05-29,31.75,76.5,2.152416467666626
2017-05-29,31.75,76.75,13.064480781555176
2017-05-29,31.75,77.0,6.9773993492126465
2017-05-29,31.75,77.25,5.824465751647949
2017-05-29,31.75,77.5,4.2930073738098145
2017-05-29,32.0,76.5,3.4222218990325928
2017-05-29,32.0,76.75,2.761559009552002
2017-05-29,32.0,77.0,4.291668891906738
2017-05-29,32.0,77.25,3.199381113052368
2017-05-29,32.0,77.5,3.2727086544036865
2017-05-30,31.5,76.5,10.439512252807617
2017-05-30,31.5,76.75,0.17063447833061218
2017-05-30,31.5,77.0,1.2678076028823853
2017-05-30,31.5,77.25,2.70042085647583
2017-05-30,31.5,77.5,0.0
2017-05-30,31.75,76.5,0.0
2017-05-30,31.75,76.75,0.8269568085670471
2017-05-30,31.75,77.0,2.2194020748138428
2017-05-30,31.75,77.25,3.2334530353546143
2017-05-30,31.75,77.5,0.9722070097923279
2017-05-30,32.0,76.5,6.270870685577393
2017-05-30,32.0,76.75,1.6890146732330322
2017-05-30,32.0,77.0,1.7864274978637695
2017-05-30,32.0,77.25,1.7851828336715698
2017-05-30,32.0,77.5,1.7286063432693481
2017-05-31,31.5,76.5,12.20550537109375
2017-05-31,31.5,76.75,11.836830139160156
2017-05-31,31.5,77.0,12.37017822265625
2017-05-31,31.5,77.25,36.42833709716797
2017-05-31,31.5,77.5,36.016387939453125
2017-05-31,31.75,76.5,10.49036693572998
2017-05-31,31.75,76.75,39.499935150146484
2017-05-31,31.75,77.0,13.197985649108887
2017-05-31,31.75,77.25,33.21916961669922
2017-05-31,31.75,77.5,31.091190338134766
2017-05-31,32.0,76.5,9.747050285339355
2017-05-31,32.0,76.75,16.074596405029297
2017-05-31,32.0,77.0,11.220528602600098
2017-05-31,32.0,77.25,14.587839126586914
2017-05-31,32.0,77.5,22.513042449951172
2017-06-01,31.5,76.5,0.0
2017-06-01,31.5,76.75,0.3155662417411804
2017-06-01,31.5,77.0,0.0
2017-06-01,31.5,77.25,1.7542344331741333
2017-06-01,31.5,77.5,1.7336210012435913
2017-06-01,31.75,76.5,0.0
2017-06-01,31.75,76.75,0.16539135575294495
2017-06-01,31.75,77.0,2.441197633743286
2017-06-01,31.75,77.25,2.5336456298828125
2017-06-01,31.75,77.5,1.5835893154144287
2017-06-01,32.0,76.5,0.2041981965303421
2017-06-01,32.0,76.75,0.5672791600227356
2017-06-01,32.0,77.0,3.379103660583496
2017-06-01,32.0,77.25,3.833819627761841
2017-06-01,32.0,77.5,2.063852310180664
2017-06-02,31.5,76.5,0.0
2017-06-02,31.5,76.75,0.0
2017-06-02,31.5,77.0,0.0
2017-06-02,31.5,77.25,0.0
2017-06-02,31.5,77.5,0.0
2017-06-02,31.75,76.5,0.0
2017-06-02,31.75,76.75,0.0
2017-06-02,31.75,77.0,0.0
2017-06-02,31.75,77.25,0.0
2017-06-02,31.75,77.5,0.0
2017-06-02,32.0,76.5,0.0
2017-06-02,32.0,76.75,0.0
2017-06-02,32.0,77.0,0.0
2017-06-02,32.0,77.25,0.0
2017-06-02,32.0,77.5,0.0
2017-06-03,31.5,76.5,0.0
2017-06-03,31.5,76.75,0.0
2017-06-03,31.5,77.0,0.0
2017-06-03,31.5,77.25,0.0
2017-06-03,31.5,77.5,0.0
2017-06-03,31.75,76.5,0.0
2017-06-03,31.75,76.75,0.0
2017-06-03,31.75,77.0,0.0
2017-06-03,31.75,77.25,0.0
2017-06-03,31.75,77.5,0.0
2017-06-03,32.0,76.5,0.0
2017-06-03,32.0,76.75,0.0
2017-06-03,32.0,77.0,0.0
2017-06-03,32.0,77.25,0.0
2017-06-03,32.0,77.5,0.0
2017-06-04,31.5,76.5,0.0
2017-06-04,31.5,76.75,0.0
2017-06-04,31.5,77.0,0.0
2017-06-04,31.5,77.25,0.0
2017-06-04,31.5,77.5,0.0
2017-06-04,31.75,76.5,0.0
2017-06-04,31.75,76.75,0.0
2017-06-04,31.75,77.0,0.0
2017-06-04,31.75,77.25,0.0
2017-06-04,31.75,77.5,0.0
2017-06-04,32.0,76.5,0.0
2017-06-04,32.0,76.75,0.0
2017-06-04,32.0,77.0,0.0
2017-06-04,32.0,77.25,0.0
2017-06-04,32.0,77.5,0.0
2017-06-05,31.5,76.5,0.0
2017-06-05,31.5,76.75,0.0
2017-06-05,31.5,77.0,0.0
2017-06-05,31.5,77.25,0.0
2017-06-05,31.5,77.5,0.0
2017-06-05,31.75,76.5,0.0
2017-06-05,31.75,76.75,0.0
2017-06-05,31.75,77.0,0.0
2017-06-05,31.75,77.25,0.0
2017-06-05,31.75,77.5,0.0
2017-06-05,32.0,76.5,0.0
2017-06-05,32.0,76.75,0.0
2017-06-05,32.0,77.0,0.0
2017-06-05,32.0,77.25,0.0
2017-06-05,32.0,77.5,0.0
2017-06-06,31.5,76.5,0.0
2017-06-06,31.5,76.75,0.0
2017-06-06,31.5,77.0,0.0
2017-06-06,31.5,77.25,26.099123001098633
2017-06-06,31.5,77.5,1.0532474517822266
2017-06-06,31.75,76.5,0.17152704298496246
2017-06-06,31.75,76.75,0.0
2017-06-06,31.75,77.0,4.303641319274902
2017-06-06,31.75,77.25,27.21051597595215
2017-06-06,31.75,77.5,10.684666633605957
2017-06-06,32.0,76.5,0.6298859715461731
2017-06-06,32.0,76.75,1.0570110082626343
2017-06-06,32.0,77.0,3.996502637863159
2017-06-06,32.0,77.25,7.413110733032227
2017-06-06,32.0,77.5,13.153772354125977
2017-06-07,31.5,76.5,10.197602272033691
2017-06-07,31.5,76.75,24.415935516357422
2017-06-07,31.5,77.0,20.437883377075195
2017-06-07,31.5,77.25,36.676979064941406
2017-06-07,31.5,77.5,48.53385543823242
2017-06-07,31.75,76.5,21.9728946685791
2017-06-07,31.75,76.75,44.320125579833984
2017-06-07,31.75,77.0,32.864620208740234
2017-06-07,31.75,77.25,36.883846282958984
2017-06-07,31.75,77.5,43.06974792480469
2017-06-07,32.0,76.5,37.05074691772461
2017-06-07,32.0,76.75,60.09241485595703
2017-06-07,32.0,77.0,27.742916107177734
2017-06-07,32.0,77.25,26.803544998168945
2017-06-07,32.0,77.5,37.45281219482422
2017-06-08,31.5,76.5,0.15480545163154602
2017-06-08,31.5,76.75,0.8946408629417419
2017-06-08,31.5,77.0,2.241802453994751
2017-06-08,31.5,77.25,0.6728224754333496
2017-06-08,31.5,77.5,2.3732712268829346
2017-06-08,31.75,76.5,0.0
2017-06-08,31.75,76.75,0.0
2017-06-08,31.75,77.0,0.0
2017-06-08,31.75,77.25,0.24885688722133636
2017-06-08,31.75,77.5,2.204427719116211
2017-06-08,32.0,76.5,0.0
2017-06-08,32.0,76.75,0.0
2017-06-08,32.0,77.0,0.47009891271591187
2017-06-08,32.0,77.25,0.6693472862243652
2017-06-08,32.0,77.5,1.5775713920593262
2017-06-09,31.5,76.5,1.211693286895752
2017-06-09,31.5,76.75,0.0
2017-06-09,31.5,77.0,1.6172963380813599
2017-06-09,31.5,77.25,4.355172634124756
2017-06-09,31.5,77.5,14.800098419189453
2017-06-09,31.75,76.5,0.6861081719398499
2017-06-09,31.75,76.75,3.4984445571899414
2017-06-09,31.75,77.0,0.0
2017-06-09,31.75,77.25,3.427035093307495
2017-06-09,31.75,77.5,7.244124412536621
2017-06-09,32.0,76.5,4.68404483795166
2017-06-09,32.0,76.75,0.722073495388031
2017-06-09,32.0,77.0,0.0
2017-06-09,32.0,77.25,0.5623072385787964
2017-06-09,32.0,77.5,2.2426414489746094
2017-06-10,31.5,76.5,0.0
2017-06-10,31.5,76.75,0.36598941683769226
2017-06-10,31.5,77.0,0.0
2017-06-10,31.5,77.25,0.7146943211555481
2017-06-10,31.5,77.5,5.845720291137695
2017-06-10,31.75,76.5,0.0
2017-06-10,31.75,76.75,3.5670413970947266
2017-06-10,31.75,77.0,2.3324549198150635
2017-06-10,31.75,77.25,0.8146515488624573
2017-06-10,31.75,77.5,4.360030174255371
2017-06-10,32.0,76.5,0.0
2017-06-10,32.0,76.75,1.2885228395462036
2017-06-10,32.0,77.0,1.9892253875732422
2017-06-10,32.0,77.25,1.5101227760314941
2017-06-10,32.0,77.5,3.289285898208618
2017-06-11,31.5,76.5,0.0
2017-06-11,31.5,76.75,1.3012957572937012
2017-06-11,31.5,77.0,1.4108330011367798
2017-06-11,31.5,77.25,0.2346487045288086
2017-06-11,31.5,77.5,0.0
2017-06-11,31.75,76.5,0.3430540859699249
2017-06-11,31.75,76.75,0.0
2017-06-11,31.75,77.0,0.36637061834335327
2017-06-11,31.75,77.25,0.10795791447162628
2017-06-11,31.75,77.5,0.1296318918466568
2017-06-11,32.0,76.5,6.0788493156433105
2017-06-11,32.0,76.75,0.0
2017-06-11,32.0,77.0,0.2996712028980255
2017-06-11,32.0,77.25,0.23363345861434937
2017-06-11,32.0,77.5,0.13691313564777374
2017-06-12,31.5,76.5,0.0
2017-06-12,31.5,76.75,0.0
2017-06-12,31.5,77.0,1.7873889207839966
2017-06-12,31.5,77.25,1.2380292415618896
2017-06-12,31.5,77.5,0.0
2017-06-12,31.75,76.5,0.0
2017-06-12,31.75,76.75,0.0
2017-06-12,31.75,77.0,0.1867196261882782
2017-06-12,31.75,77.25,1.0202478170394897
2017-06-12,31.75,77.5,0.331973135471344
2017-06-12,32.0,76.5,0.0
2017-06-12,32.0,76.75,0.0
2017-06-12,32.0,77.0,0.0
2017-06-12,32.0,77.25,0.143132746219635
2017-06-12,32.0,77.5,0.3744286596775055
2017-06-13,31.5,76.5,0.0
2017-06-13,31.5,76.75,0.0
2017-06-13,31.5,77.0,0.0
2017-06-13,31.5,77.25,6.682494640350342
2017-06-13,31.5,77.5,0.9525943398475647
2017-06-13,31.75,76.5,0.0
2017-06-13,31.75,76.75,0.0
2017-06-13,31.75,77.0,0.0
2017-06-13,31.75,77.25,1.3085042238235474
2017-06-13,31.75,77.5,3.4794931411743164
2017-06-13,32.0,76.5,0.0
2017-06-13,32.0,76.75,0.0
2017-06-13,32.0,77.0,0.0
2017-06-13,32.0,77.25,0.21469910442829132
2017-06-13,32.0,77.5,0.5616429448127747
2017-06-14,31.5,76.5,0.0
2017-06-14,31.5,76.75,0.2846584618091583
2017-06-14,31.5,77.0,0.0
2017-06-14,31.5,77.25,0.26720425486564636
2017-06-14,31.5,77.5,1.345839023590088
2017-06-14,31.75,76.5,4.139262676239014
2017-06-14,31.75,76.75,1.0758335590362549
2017-06-14,31.75,77.0,0.0
2017-06-14,31.75,77.25,0.0
2017-06-14,31.75,77.5,0.5679219961166382
2017-06-14,32.0,76.5,2.078117847442627
2017-06-14,32.0,76.75,0.0
2017-06-14,32.0,77.0,0.0
2017-06-14,32.0,77.25,0.0
2017-06-14,32.0,77.5,0.0
2017-06-15,31.5,76.5,0.2979040741920471
2017-06-15,31.5,76.75,6.309135913848877
2017-06-15,31.5,77.0,0.0
2017-06-15,31.5,77.25,0.0
2017-06-15,31.5,77.5,0.0
2017-06-15,31.75,76.5,0.0
2017-06-15,31.75,76.75,0.47214168310165405
2017-06-15,31.75,77.0,0.0
2017-06-15,31.75,77.25,0.0
2017-06-15,31.75,77.5,0.0
2017-06-15,32.0,76.5,0.0
2017-06-15,32.0,76.75,0.0
2017-06-15,32.0,77.0,0.0
2017-06-15,32.0,77.25,0.0
2017-06-15,32.0,77.5,0.0
2017-06-16,31.5,76.5,4.590632438659668
2017-06-16,31.5,76.75,0.4606122672557831
2017-06-16,31.5,77.0,0.0
2017-06-16,31.5,77.25,0.0
2017-06-16,31.5,77.5,0.0
2017-06-16,31.75,76.5,0.0
2017-06-16,31.75,76.75,0.0
2017-06-16,31.75,77.0,0.0
2017-06-16,31.75,77.25,0.0
2017-06-16,31.75,77.5,0.0
2017-06-16,32.0,76.5,2.1236610412597656
2017-06-16,32.0,76.75,0.0
2017-06-16,32.0,77.0,0.0
2017-06-16,32.0,77.25,0.0
2017-06-16,32.0,77.5,0.0
2017-06-17,31.5,76.5,10.615837097167969
2017-06-17,31.5,76.75,0.0
2017-06-17,31.5,77.0,2.6628525257110596
2017-06-17,31.5,77.25,8.947735786437988
2017-06-17,31.5,77.5,0.8624886870384216
2017-06-17,31.75,76.5,2.6077356338500977
2017-06-17,31.75,76.75,0.7604709267616272
2017-06-17,31.75,77.0,12.110126495361328
2017-06-17,31.75,77.25,7.950782775878906
2017-06-17,31.75,77.5,3.980597496032715
2017-06-17,32.0,76.5,0.8984720706939697
2017-06-17,32.0,76.75,2.646697521209717
2017-06-17,32.0,77.0,11.378364562988281
2017-06-17,32.0,77.25,10.601147651672363
2017-06-17,32.0,77.5,6.25374174118042
2017-06-18,31.5,76.5,0.0
2017-06-18,31.5,76.75,4.017360687255859
2017-06-18,31.5,77.0,1.0021402835845947
2017-06-18,31.5,77.25,0.0
2017-06-18,31.5,77.5,0.0
2017-06-18,31.75,76.5,9.194440841674805
2017-06-18,31.75,76.75,5.1563873291015625
2017-06-18,31.75,77.0,0.9857094883918762
2017-06-18,31.75,77.25,0.0
2017-06-18,31.75,77.5,0.0
2017-06-18,32.0,76.5,0.0
2017-06-18,32.0,76.75,0.5946487188339233
2017-06-18,32.0,77.0,0.17673122882843018
2017-06-18,32.0,77.25,0.0
2017-06-18,32.0,77.5,0.0
2017-06-19,31.5,76.5,12.790694236755371
2017-06-19,31.5,76.75,12.74111270904541
2017-06-19,31.5,77.0,9.953967094421387
2017-06-19,31.5,77.25,8.979975700378418
2017-06-19,31.5,77.5,0.25198695063591003
2017-06-19,31.75,76.5,14.047933578491211
2017-06-19,31.75,76.75,25.49704360961914
2017-06-19,31.75,77.0,9.524365425109863
2017-06-19,31.75,77.25,10.017261505126953
2017-06-19,31.75,77.5,3.2908849716186523
2017-06-19,32.0,76.5,11.773545265197754
2017-06-19,32.0,76.75,17.612327575683594
2017-06-19,32.0,77.0,4.571098327636719
2017-06-19,32.0,77.25,3.818237781524658
2017-06-19,32.0,77.5,5.155115604400635
2017-06-20,31.5,76.5,31.26648712158203
2017-06-20,31.5,76.75,16.970539093017578
2017-06-20,31.5,77.0,5.2569990158081055
2017-06-20,31.5,77.25,14.760398864746094
2017-06-20,31.5,77.5,3.6269490718841553
2017-06-20,31.75,76.5,7.103456974029541
2017-06-20,31.75,76.75,8.94543170928955
2017-06-20,31.75,77.0,3.1392173767089844
2017-06-20,31.75,77.25,14.544378280639648
2017-06-20,31.75,77.5,11.3847017288208
2017-06-20,32.0,76.5,1.3014177083969116
2017-06-20,32.0,76.75,1.7704026699066162
2017-06-20,32.0,77.0,2.3012547492980957
2017-06-20,32.0,77.25,4.651368141174316
2017-06-20,32.0,77.5,11.866182327270508
2017-06-21,31.5,76.5,6.6125874519348145
2017-06-21,31.5,76.75,10.099973678588867
2017-06-21,31.5,77.0,11.41472053527832
2017-06-21,31.5,77.25,3.5982277393341064
2017-06-21,31.5,77.5,0.502959132194519
2017-06-21,31.75,76.5,4.3096466064453125
2017-06-21,31.75,76.75,8.617264747619629
2017-06-21,31.75,77.0,1.543797254562378
2017-06-21,31.75,77.25,2.18764328956604
2017-06-21,31.75,77.5,1.3635742664337158
2017-06-21,32.0,76.5,6.24738883972168
2017-06-21,32.0,76.75,2.1155166625976562
2017-06-21,32.0,77.0,1.1853935718536377
2017-06-21,32.0,77.25,1.0001131296157837
2017-06-21,32.0,77.5,1.3750262260437012
2017-06-22,31.5,76.5,0.24904367327690125
2017-06-22,31.5,76.75,2.7990591526031494
2017-06-22,31.5,77.0,4.7067670822143555
2017-06-22,31.5,77.25,12.986506462097168
2017-06-22,31.5,77.5,15.551676750183105
2017-06-22,31.75,76.5,10.697362899780273
2017-06-22,31.75,76.75,10.106226921081543
2017-06-22,31.75,77.0,9.044833183288574
2017-06-22,31.75,77.25,13.731799125671387
2017-06-22,31.75,77.5,14.723038673400879
2017-06-22,32.0,76.5,32.845497131347656
2017-06-22,32.0,76.75,11.092284202575684
2017-06-22,32.0,77.0,10.795077323913574
2017-06-22,32.0,77.25,12.783586502075195
2017-06-22,32.0,77.5,12.937344551086426
2017-06-23,31.5,76.5,0.0
2017-06-23,31.5,76.75,0.0
2017-06-23,31.5,77.0,5.978139400482178
2017-06-23,31.5,77.25,1.8758915662765503
2017-06-23,31.5,77.5,1.654465913772583
2017-06-23,31.75,76.5,0.0
2017-06-23,31.75,76.75,0.0
2017-06-23,31.75,77.0,0.0
2017-06-23,31.75,77.25,0.5916464328765869
2017-06-23,31.75,77.5,3.1369500160217285
2017-06-23,32.0,76.5,0.0
2017-06-23,32.0,76.75,0.0
2017-06-23,32.0,77.0,0.0
2017-06-23,32.0,77.25,0.0
2017-06-23,32.0,77.5,2.700850486755371
2017-06-24,31.5,76.5,0.0
2017-06-24,31.5,76.75,0.0
2017-06-24,31.5,77.0,0.0
2017-06-24,31.5,77.25,0.0
2017-06-24,31.5,77.5,0.0
2017-06-24,31.75,76.5,0.0
2017-06-24,31.75,76.75,0.0
2017-06-24,31.75,77.0,0.0
2017-06-24,31.75,77.25,0.0
2017-06-24,31.75,77.5,0.0
2017-06-24,32.0,76.5,0.0
2017-06-24,32.0,76.75,0.0
2017-06-24,32.0,77.0,0.0
2017-06-24,32.0,77.25,0.0
2017-06-24,32.0,77.5,0.0
2017-06-25,31.5,76.5,0.0
2017-06-25,31.5,76.75,0.0
2017-06-25,31.5,77.0,0.0
2017-06-25,31.5,77.25,0.0
2017-06-25,31.5,77.5,0.0
2017-06-25,31.75,76.5,0.0
2017-06-25,31.75,76.75,0.0
2017-06-25,31.75,77.0,0.0
2017-06-25,31.75,77.25,0.0
2017-06-25,31.75,77.5,0.0
2017-06-25,32.0,76.5,0.0
2017-06-25,32.0,76.75,0.0
2017-06-25,32.0,77.0,0.0
2017-06-25,32.0,77.25,0.0
2017-06-25,32.0,77.5,0.0
2017-06-26,31.5,76.5,0.0
2017-06-26,31.5,76.75,0.2551528215408325
2017-06-26,31.5,77.0,1.2731170654296875
2017-06-26,31.5,77.25,0.0
2017-06-26,31.5,77.5,0.0
2017-06-26,31.75,76.5,0.0
2017-06-26,31.75,76.75,54.40361404418945
2017-06-26,31.75,77.0,1.6576465368270874
2017-06-26,31.75,77.25,0.9079992175102234
2017-06-26,31.75,77.5,0.0
2017-06-26,32.0,76.5,40.60776901245117
2017-06-26,32.0,76.75,66.07392883300781
2017-06-26,32.0,77.0,0.5752487778663635
2017-06-26,32.0,77.25,0.7085980772972107
2017-06-26,32.0,77.5,0.2695905864238739
2017-06-27,31.5,76.5,6.025204658508301
2017-06-27,31.5,76.75,18.21495246887207
2017-06-27,31.5,77.0,3.3942477703094482
2017-06-27,31.5,77.25,9.116637229919434
2017-06-27,31.5,77.5,20.640687942504883
2017-06-27,31.75,76.5,29.818599700927734
2017-06-27,31.75,76.75,29.639911651611328
2017-06-27,31.75,77.0,3.4331297874450684
2017-06-27,31.75,77.25,5.134755611419678
2017-06-27,31.75,77.5,8.85739803314209
2017-06-27,32.0,76.5,14.695717811584473
2017-06-27,32.0,76.75,10.281392097473145
2017-06-27,32.0,77.0,7.080676555633545
2017-06-27,32.0,77.25,6.348751544952393
2017-06-27,32.0,77.5,10.677943229675293
2017-06-28,31.5,76.5,5.081358909606934
2017-06-28,31.5,76.75,1.797590732574463
2017-06-28,31.5,77.0,3.073387622833252
2017-06-28,31.5,77.25,4.348071098327637
2017-06-28,31.5,77.5,5.607207298278809
2017-06-28,31.75,76.5,16.662952423095703
2017-06-28,31.75,76.75,9.251346588134766
2017-06-28,31.75,77.0,35.18769836425781
2017-06-28,31.75,77.25,22.26487922668457
2017-06-28,31.75,77.5,10.82133960723877
2017-06-28,32.0,76.5,11.481965065002441
2017-06-28,32.0,76.75,16.09510040283203
2017-06-28,32.0,77.0,33.26571273803711
2017-06-28,32.0,77.25,29.78577995300293
2017-06-28,32.0,77.5,17.95953941345215
2017-06-29,31.5,76.5,14.940287590026855
2017-06-29,31.5,76.75,39.58430099487305
2017-06-29,31.5,77.0,8.299930572509766
2017-06-29,31.5,77.25,11.127174377441406
2017-06-29,31.5,77.5,12.469643592834473
2017-06-29,31.75,76.5,22.15447998046875
2017-06-29,31.75,76.75,14.542668342590332
2017-06-29,31.75,77.0,13.522204399108887
2017-06-29,31.75,77.25,9.943405151367188
2017-06-29,31.75,77.5,13.834321975708008
2017-06-29,32.0,76.5,18.05658531188965
2017-06-29,32.0,76.75,16.091087341308594
2017-06-29,32.0,77.0,14.419713973999023
2017-06-29,32.0,77.25,13.98591136932373
2017-06-29,32.0,77.5,13.839667320251465
2017-06-30,31.5,76.5,3.1845457553863525
2017-06-30,31.5,76.75,2.166212797164917
2017-06-30,31.5,77.0,3.0887372493743896
2017-06-30,31.5,77.25,5.43427848815918
2017-06-30,31.5,77.5,8.168227195739746
2017-06-30,31.75,76.5,7.627028942108154
2017-06-30,31.75,76.75,4.328159809112549
2017-06-30,31.75,77.0,9.205135345458984
2017-06-30,31.75,77.25,6.439424991607666
2017-06-30,31.75,77.5,7.571444511413574
2017-06-30,32.0,76.5,11.229415893554688
2017-06-30,32.0,76.75,7.2719621658325195
2017-06-30,32.0,77.0,11.88788890838623
2017-06-30,32.0,77.25,11.569355964660645
2017-06-30,32.0,77.5,9.64493179321289
2017-07-01,31.5,76.5,2.869145154953003
2017-07-01,31.5,76.75,0.31719255447387695
2017-07-01,31.5,77.0,0.0
2017-07-01,31.5,77.25,2.44085955619812
2017-07-01,31.5,77.5,3.92364764213562
2017-07-01,31.75,76.5,3.4345390796661377
2017-07-01,31.75,76.75,4.859524726867676
2017-07-01,31.75,77.0,2.224341630935669
2017-07-01,31.75,77.25,2.8746674060821533
2017-07-01,31.75,77.5,3.290149211883545
2017-07-01,32.0,76.5,0.7663918733596802
2017-07-01,32.0,76.75,1.4588700532913208
2017-07-01,32.0,77.0,4.378409385681152
2017-07-01,32.0,77.25,5.519335746765137
2017-07-01,32.0,77.5,2.9578964710235596
2017-07-02,31.5,76.5,2.761345863342285
2017-07-02,31.5,76.75,0.4002719819545746
2017-07-02,31.5,77.0,3.7613449096679688
2017-07-02,31.5,77.25,3.404505968093872
2017-07-02,31.5,77.5,3.4072000980377197
2017-07-02,31.75,76.5,0.20583245158195496
2017-07-02,31.75,76.75,0.41347840428352356
2017-07-02,31.75,77.0,1.185563325881958
2017-07-02,31.75,77.25,1.0318938493728638
2017-07-02,31.75,77.5,4.843223571777344
2017-07-02,32.0,76.5,0.7558632493019104
2017-07-02,32.0,76.75,0.0
2017-07-02,32.0,77.0,0.11045701801776886
2017-07-02,32.0,77.25,0.13290897011756897
2017-07-02,32.0,77.5,3.0485341548919678
2017-07-03,31.5,76.5,29.48148536682129
2017-07-03,31.5,76.75,7.038876533508301
2017-07-03,31.5,77.0,8.097508430480957
2017-07-03,31.5,77.25,0.38097962737083435
2017-07-03,31.5,77.5,0.0
2017-07-03,31.75,76.5,30.00054931640625
2017-07-03,31.75,76.75,16.39897918701172
2017-07-03,31.75,77.0,3.9114747047424316
2017-07-03,31.75,77.25,0.2558695375919342
2017-07-03,31.75,77.5,0.0
2017-07-03,32.0,76.5,16.565385818481445
2017-07-03,32.0,76.75,5.821561813354492
2017-07-03,32.0,77.0,1.731231689453125
2017-07-03,32.0,77.25,1.3197472095489502
2017-07-03,32.0,77.5,0.13691313564777374
2017-07-04,31.5,76.5,0.2902601957321167
2017-07-04,31.5,76.75,6.626155376434326
2017-07-04,31.5,77.0,0.5857080817222595
2017-07-04,31.5,77.25,0.0
2017-07-04,31.5,77.5,0.0
2017-07-04,31.75,76.5,21.862743377685547
2017-07-04,31.75,76.75,2.321586847305298
2017-07-04,31.75,77.0,0.3734392523765564
2017-07-04,31.75,77.25,0.0
2017-07-04,31.75,77.5,0.0
2017-07-04,32.0,76.5,30.083187103271484
2017-07-04,32.0,76.75,36.2091178894043
2017-07-04,32.0,77.0,0.0
2017-07-04,32.0,77.25,0.0
2017-07-04,32.0,77.5,0.0
2017-07-05,31.5,76.5,0.0
2017-07-05,31.5,76.75,0.36486852169036865
2017-07-05,31.5,77.0,9.567869186401367
2017-07-05,31.5,77.25,6.251364231109619
2017-07-05,31.5,77.5,0.11499931663274765
2017-07-05,31.75,76.5,0.0
2017-07-05,31.75,76.75,3.1424357891082764
2017-07-05,31.75,77.0,2.982971668243408
2017-07-05,31.75,77.25,5.163548469543457
2017-07-05,31.75,77.5,1.6835780143737793
2017-07-05,32.0,76.5,0.0
2017-07-05,32.0,76.75,0.0
2017-07-05,32.0,77.0,4.571739196777344
2017-07-05,32.0,77.25,6.495866298675537
2017-07-05,32.0,77.5,1.8988882303237915
2017-07-06,31.5,76.5,4.016157627105713
2017-07-06,31.5,76.75,0.9800477623939514
2017-07-06,31.5,77.0,5.58611536026001
2017-07-06,31.5,77.25,0.5714694261550903
2017-07-06,31.5,77.5,0.0
2017-07-06,31.75,76.5,1.6557049751281738
2017-07-06,31.75,76.75,1.1745946407318115
2017-07-06,31.75,77.0,2.522390604019165
2017-07-06,31.75,77.25,0.2218674123287201
2017-07-06,31.75,77.5,0.0
2017-07-06,32.0,76.5,13.095576286315918
2017-07-06,32.0,76.75,19.01959228515625
2017-07-06,32.0,77.0,0.6379127502441406
2017-07-06,32.0,77.25,0.6788210272789001
2017-07-06,32.0,77.5,0.0
2017-07-07,31.5,76.5,0.0
2017-07-07,31.5,76.75,1.732954502105713
2017-07-07,31.5,77.0,0.7583218812942505
2017-07-07,31.5,77.25,5.852321147918701
2017-07-07,31.5,77.5,3.328336000442505
2017-07-07,31.75,76.5,0.0
2017-07-07,31.75,76.75,0.2140742540359497
2017-07-07,31.75,77.0,13.99106502532959
2017-07-07,31.75,77.25,5.680324554443359
2017-07-07,31.75,77.5,6.239407062530518
2017-07-07,32.0,76.5,9.003172874450684
2017-07-07,32.0,76.75,10.118430137634277
2017-07-07,32.0,77.0,13.569171905517578
2017-07-07,32.0,77.25,11.65910530090332
2017-07-07,32.0,77.5,8.613602638244629
2017-07-08,31.5,76.5,0.0
2017-07-08,31.5,76.75,0.0
2017-07-08,31.5,77.0,1.4945348501205444
2017-07-08,31.5,77.25,0.38097962737083435
2017-07-08,31.5,77.5,0.0
2017-07-08,31.75,76.5,0.0
2017-07-08,31.75,76.75,0.0
2017-07-08,31.75,77.0,0.9166627526283264
2017-07-08,31.75,77.25,0.41834884881973267
2017-07-08,31.75,77.5,0.0
2017-07-08,32.0,76.5,0.0
2017-07-08,32.0,76.75,0.2986806035041809
2017-07-08,32.0,77.0,0.621755063533783
2017-07-08,32.0,77.25,0.40980079770088196
2017-07-08,32.0,77.5,0.33542802929878235
2017-07-09,31.5,76.5,0.0
2017-07-09,31.5,76.75,0.0
2017-07-09,31.5,77.0,0.0
2017-07-09,31.5,77.25,0.0
2017-07-09,31.5,77.5,0.0
2017-07-09,31.75,76.5,0.0
2017-07-09,31.75,76.75,0.0
2017-07-09,31.75,77.0,0.0
2017-07-09,31.75,77.25,0.0
2017-07-09,31.75,77.5,0.0
2017-07-09,32.0,76.5,1.5190246105194092
2017-07-09,32.0,76.75,1.8051552772521973
2017-07-09,32.0,77.0,0.0
2017-07-09,32.0,77.25,0.0
2017-07-09,32.0,77.5,0.0
2017-07-10,31.5,76.5,29.84358787536621
2017-07-10,31.5,76.75,51.867576599121094
2017-07-10,31.5,77.0,4.765941143035889
2017-07-10,31.5,77.25,0.7036215662956238
2017-07-10,31.5,77.5,0.5105032324790955
2017-07-10,31.75,76.5,74.22080993652344
2017-07-10,31.75,76.75,67.1913070678711
2017-07-10,31.75,77.0,12.245026588439941
2017-07-10,31.75,77.25,3.09999418258667
2017-07-10,31.75,77.5,1.0189588069915771
2017-07-10,32.0,76.5,23.11180305480957
2017-07-10,32.0,76.75,30.623512268066406
2017-07-10,32.0,77.0,8.447686195373535
2017-07-10,32.0,77.25,4.358738422393799
2017-07-10,32.0,77.5,0.9889259934425354
2017-07-11,31.5,76.5,4.278254508972168
2017-07-11,31.5,76.75,5.316990852355957
2017-07-11,31.5,77.0,2.4091591835021973
2017-07-11,31.5,77.25,1.2855744361877441
2017-07-11,31.5,77.5,2.539748430252075
2017-07-11,31.75,76.5,11.43081283569336
2017-07-11,31.75,76.75,7.720654010772705
2017-07-11,31.75,77.0,3.599167585372925
2017-07-11,31.75,77.25,1.6421058177947998
2017-07-11,31.75,77.5,5.121891498565674
2017-07-11,32.0,76.5,44.6284065246582
2017-07-11,32.0,76.75,30.440792083740234
2017-07-11,32.0,77.0,1.0210700035095215
2017-07-11,32.0,77.25,0.7845025658607483
2017-07-11,32.0,77.5,3.9498891830444336
2017-07-12,31.5,76.5,19.315467834472656
2017-07-12,31.5,76.75,37.577083587646484
2017-07-12,31.5,77.0,3.179960250854492
2017-07-12,31.5,77.25,19.226045608520508
2017-07-12,31.5,77.5,14.757784843444824
2017-07-12,31.75,76.5,9.247556686401367
2017-07-12,31.75,76.75,13.035442352294922
2017-07-12,31.75,77.0,4.161968231201172
2017-07-12,31.75,77.25,20.804080963134766
2017-07-12,31.75,77.5,17.571096420288086
2017-07-12,32.0,76.5,91.2637939453125
2017-07-12,32.0,76.75,95.45695495605469
2017-07-12,32.0,77.0,5.794782638549805
2017-07-12,32.0,77.25,10.77273178100586
2017-07-12,32.0,77.5,15.089753150939941
2017-07-13,31.5,76.5,0.15480545163154602
2017-07-13,31.5,76.75,0.11960390210151672
2017-07-13,31.5,77.0,10.564597129821777
2017-07-13,31.5,77.25,19.516408920288086
2017-07-13,31.5,77.5,7.5466718673706055
2017-07-13,31.75,76.5,9.691119194030762
2017-07-13,31.75,76.75,0.2480870485305786
2017-07-13,31.75,77.0,4.068801403045654
2017-07-13,31.75,77.25,15.926962852478027
2017-07-13,31.75,77.5,13.488960266113281
2017-07-13,32.0,76.5,66.70658111572266
2017-07-13,32.0,76.75,38.43178939819336
2017-07-13,32.0,77.0,3.686859369277954
2017-07-13,32.0,77.25,5.293469429016113
2017-07-13,32.0,77.5,11.75362777709961
2017-07-14,31.5,76.5,0.0
2017-07-14,31.5,76.75,0.0
2017-07-14,31.5,77.0,0.0
2017-07-14,31.5,77.25,8.151700973510742
2017-07-14,31.5,77.5,1.4650620222091675
2017-07-14,31.75,76.5,0.17152704298496246
2017-07-14,31.75,76.75,0.0
2017-07-14,31.75,77.0,0.12117203325033188
2017-07-14,31.75,77.25,8.275283813476562
2017-07-14,31.75,77.5,3.9164884090423584
2017-07-14,32.0,76.5,1.033578634262085
2017-07-14,32.0,76.75,0.0
2017-07-14,32.0,77.0,0.5036860704421997
2017-07-14,32.0,77.25,2.0403690338134766
2017-07-14,32.0,77.5,3.96883487701416
2017-07-15,31.5,76.5,0.0
2017-07-15,31.5,76.75,0.0
2017-07-15,31.5,77.0,2.428354024887085
2017-07-15,31.5,77.25,0.0
2017-07-15,31.5,77.5,0.9111762046813965
2017-07-15,31.75,76.5,5.574629306793213
2017-07-15,31.75,76.75,0.6615654230117798
2017-07-15,31.75,77.0,0.4031442701816559
2017-07-15,31.75,77.25,0.0
2017-07-15,31.75,77.5,1.6814298629760742
2017-07-15,32.0,76.5,42.714420318603516
2017-07-15,32.0,76.75,24.901939392089844
2017-07-15,32.0,77.0,1.9330917596817017
2017-07-15,32.0,77.25,2.7152841091156006
2017-07-15,32.0,77.5,1.5433430671691895
2017-07-16,31.5,76.5,10.759294509887695
2017-07-16,31.5,76.75,10.004570007324219
2017-07-16,31.5,77.0,9.394594192504883
2017-07-16,31.5,77.25,2.524498224258423
2017-07-16,31.5,77.5,0.0
2017-07-16,31.75,76.5,22.460500717163086
2017-07-16,31.75,76.75,17.602394104003906
2017-07-16,31.75,77.0,9.564007759094238
2017-07-16,31.75,77.25,2.2897403240203857
2017-07-16,31.75,77.5,0.731136679649353
2017-07-16,32.0,76.5,80.66436004638672
2017-07-16,32.0,76.75,21.396520614624023
2017-07-16,32.0,77.0,6.3641557693481445
2017-07-16,32.0,77.25,5.959181785583496
2017-07-16,32.0,77.5,1.2290773391723633
2017-07-17,31.5,76.5,0.8012154698371887
2017-07-17,31.5,76.75,0.7807841897010803
2017-07-17,31.5,77.0,8.48809814453125
2017-07-17,31.5,77.25,49.7380256652832
2017-07-17,31.5,77.5,15.100725173950195
2017-07-17,31.75,76.5,15.069454193115234
2017-07-17,31.75,76.75,11.700723648071289
2017-07-17,31.75,77.0,5.031376361846924
2017-07-17,31.75,77.25,50.60408401489258
2017-07-17,31.75,77.5,27.39615821838379
2017-07-17,32.0,76.5,19.886526107788086
2017-07-17,32.0,76.75,6.68969202041626
2017-07-17,32.0,77.0,6.434811115264893
2017-07-17,32.0,77.25,14.412596702575684
2017-07-17,32.0,77.5,27.271799087524414
2017-07-18,31.5,76.5,12.2763671875
2017-07-18,31.5,76.75,0.9759718775749207
2017-07-18,31.5,77.0,12.45132064819336
2017-07-18,31.5,77.25,94.22576141357422
2017-07-18,31.5,77.5,18.44031524658203
2017-07-18,31.75,76.5,39.27914810180664
2017-07-18,31.75,76.75,28.6668701171875
2017-07-18,31.75,77.0,31.10514259338379
2017-07-18,31.75,77.25,102.06218719482422
2017-07-18,31.75,77.5,44.419002532958984
2017-07-18,32.0,76.5,152.8640899658203
2017-07-18,32.0,76.75,117.37478637695312
2017-07-18,32.0,77.0,27.462047576904297
2017-07-18,32.0,77.25,36.52139663696289
2017-07-18,32.0,77.5,54.838661193847656
2017-07-19,31.5,76.5,0.0
2017-07-19,31.5,76.75,0.0
2017-07-19,31.5,77.0,0.0
2017-07-19,31.5,77.25,0.0
2017-07-19,31.5,77.5,0.0
2017-07-19,31.75,76.5,1.2006893157958984
2017-07-19,31.75,76.75,0.2480870485305786
2017-07-19,31.75,77.0,1.4385786056518555
2017-07-19,31.75,77.25,0.4577256441116333
2017-07-19,31.75,77.5,0.0
2017-07-19,32.0,76.5,8.493165969848633
2017-07-19,32.0,76.75,0.3079644441604614
2017-07-19,32.0,77.0,1.652390956878662
2017-07-19,32.0,77.25,1.5816575288772583
2017-07-19,32.0,77.5,0.5205159187316895
2017-07-20,31.5,76.5,0.0
2017-07-20,31.5,76.75,0.0
2017-07-20,31.5,77.0,2.989069700241089
2017-07-20,31.5,77.25,1.4606937170028687
2017-07-20,31.5,77.5,1.0667226314544678
2017-07-20,31.75,76.5,0.0
2017-07-20,31.75,76.75,2.8124747276306152
2017-07-20,31.75,77.0,0.0
2017-07-20,31.75,77.25,0.9812303185462952
2017-07-20,31.75,77.5,1.6526578664779663
2017-07-20,32.0,76.5,2.6460938453674316
2017-07-20,32.0,76.75,4.109899044036865
2017-07-20,32.0,77.0,0.878180205821991
2017-07-20,32.0,77.25,1.4701035022735596
2017-07-20,32.0,77.5,1.451701283454895
2017-07-21,31.5,76.5,8.492871284484863
2017-07-21,31.5,76.75,0.0
2017-07-21,31.5,77.0,0.0
2017-07-21,31.5,77.25,0.0
2017-07-21,31.5,77.5,0.0
2017-07-21,31.75,76.5,18.136871337890625
2017-07-21,31.75,76.75,6.806883811950684
2017-07-21,31.75,77.0,0.0
2017-07-21,31.75,77.25,0.0
2017-07-21,31.75,77.5,0.0
2017-07-21,32.0,76.5,1.0791220664978027
2017-07-21,32.0,76.75,1.005239486694336
2017-07-21,32.0,77.0,0.9659982323646545
2017-07-21,32.0,77.25,1.4934064149856567
2017-07-21,32.0,77.5,0.0
2017-07-22,31.5,76.5,32.82492446899414
2017-07-22,31.5,76.75,10.09141731262207
2017-07-22,31.5,77.0,18.007856369018555
2017-07-22,31.5,77.25,9.333131790161133
2017-07-22,31.5,77.5,10.164104461669922
2017-07-22,31.75,76.5,27.68606948852539
2017-07-22,31.75,76.75,39.47990798950195
2017-07-22,31.75,77.0,18.778783798217773
2017-07-22,31.75,77.25,10.584983825683594
2017-07-22,31.75,77.5,15.039475440979004
2017-07-22,32.0,76.5,32.84843826293945
2017-07-22,32.0,76.75,51.535400390625
2017-07-22,32.0,77.0,11.386744499206543
2017-07-22,32.0,77.25,9.39429759979248
2017-07-22,32.0,77.5,15.675897598266602
2017-07-23,31.5,76.5,26.69369125366211
2017-07-23,31.5,76.75,8.366316795349121
2017-07-23,31.5,77.0,33.558197021484375
2017-07-23,31.5,77.25,44.543975830078125
2017-07-23,31.5,77.5,28.3249454498291
2017-07-23,31.75,76.5,5.586873531341553
2017-07-23,31.75,76.75,29.54064178466797
2017-07-23,31.75,77.0,27.855304718017578
2017-07-23,31.75,77.25,46.4438362121582
2017-07-23,31.75,77.5,34.1821403503418
2017-07-23,32.0,76.5,42.1086311340332
2017-07-23,32.0,76.75,43.37652587890625
2017-07-23,32.0,77.0,18.113765716552734
2017-07-23,32.0,77.25,23.161624908447266
2017-07-23,32.0,77.5,34.58271408081055
2017-07-24,31.5,76.5,22.935514450073242
2017-07-24,31.5,76.75,5.082900047302246
2017-07-24,31.5,77.0,5.692193031311035
2017-07-24,31.5,77.25,7.611172199249268
2017-07-24,31.5,77.5,6.808365345001221
2017-07-24,31.75,76.5,14.923462867736816
2017-07-24,31.75,76.75,6.478468418121338
2017-07-24,31.75,77.0,6.7946248054504395
2017-07-24,31.75,77.25,6.464941024780273
2017-07-24,31.75,77.5,5.880195617675781
2017-07-24,32.0,76.5,25.115230560302734
2017-07-24,32.0,76.75,21.225139617919922
2017-07-24,32.0,77.0,16.85223960876465
2017-07-24,32.0,77.25,19.368833541870117
2017-07-24,32.0,77.5,4.685133457183838
2017-07-25,31.5,76.5,0.0
2017-07-25,31.5,76.75,0.5501763224601746
2017-07-25,31.5,77.0,13.579113960266113
2017-07-25,31.5,77.25,14.021742820739746
2017-07-25,31.5,77.5,13.20474910736084
2017-07-25,31.75,76.5,0.0
2017-07-25,31.75,76.75,0.7442611455917358
2017-07-25,31.75,77.0,2.0596461296081543
2017-07-25,31.75,77.25,12.727984428405762
2017-07-25,31.75,77.5,21.44093132019043
2017-07-25,32.0,76.5,30.040634155273438
2017-07-25,32.0,76.75,26.72632598876953
2017-07-25,32.0,77.0,5.274336338043213
2017-07-25,32.0,77.25,9.044299125671387
2017-07-25,32.0,77.5,16.232694625854492
2017-07-26,31.5,76.5,0.0
2017-07-26,31.5,76.75,2.971799612045288
2017-07-26,31.5,77.0,2.923922300338745
2017-07-26,31.5,77.25,13.529141426086426
2017-07-26,31.5,77.5,3.0914840698242188
2017-07-26,31.75,76.5,9.129376411437988
2017-07-26,31.75,76.75,9.404675483703613
2017-07-26,31.75,77.0,3.9428062438964844
2017-07-26,31.75,77.25,14.790824890136719
2017-07-26,31.75,77.5,10.284722328186035
2017-07-26,32.0,76.5,26.855546951293945
2017-07-26,32.0,76.75,9.491805076599121
2017-07-26,32.0,77.0,4.768556118011475
2017-07-26,32.0,77.25,8.587923049926758
2017-07-26,32.0,77.5,9.387516021728516
2017-07-27,31.5,76.5,13.718668937683105
2017-07-27,31.5,76.75,9.038151741027832
2017-07-27,31.5,77.0,11.0799560546875
2017-07-27,31.5,77.25,0.0
2017-07-27,31.5,77.5,0.0
2017-07-27,31.75,76.5,1.2417787313461304
2017-07-27,31.75,76.75,9.435516357421875
2017-07-27,31.75,77.0,14.105353355407715
2017-07-27,31.75,77.25,1.1976295709609985
2017-07-27,31.75,77.5,0.0
2017-07-27,32.0,76.5,13.585694313049316
2017-07-27,32.0,76.75,3.8937418460845947
2017-07-27,32.0,77.0,1.944646954536438
2017-07-27,32.0,77.25,1.7555264234542847
2017-07-27,32.0,77.5,0.0
2017-07-28,31.5,76.5,0.0
2017-07-28,31.5,76.75,0.9759718775749207
2017-07-28,31.5,77.0,7.5339274406433105
2017-07-28,31.5,77.25,7.40083122253418
2017-07-28,31.5,77.5,0.6110801696777344
2017-07-28,31.75,76.5,26.5878963470459
2017-07-28,31.75,76.75,8.212226867675781
2017-07-28,31.75,77.0,1.6281756162643433
2017-07-28,31.75,77.25,7.632631778717041
2017-07-28,31.75,77.5,3.1171021461486816
2017-07-28,32.0,76.5,41.2349967956543
2017-07-28,32.0,76.75,11.68027400970459
2017-07-28,32.0,77.0,1.3092515468597412
2017-07-28,32.0,77.25,2.4298737049102783
2017-07-28,32.0,77.5,3.3415184020996094
2017-07-29,31.5,76.5,61.973533630371094
2017-07-29,31.5,76.75,32.394107818603516
2017-07-29,31.5,77.0,19.784587860107422
2017-07-29,31.5,77.25,48.56563186645508
2017-07-29,31.5,77.5,41.738685607910156
2017-07-29,31.75,76.5,56.832763671875
2017-07-29,31.75,76.75,35.69121551513672
2017-07-29,31.75,77.0,25.455379486083984
2017-07-29,31.75,77.25,48.15630340576172
2017-07-29,31.75,77.5,40.582767486572266
2017-07-29,32.0,76.5,20.44487190246582
2017-07-29,32.0,76.75,21.239574432373047
2017-07-29,32.0,77.0,14.083613395690918
2017-07-29,32.0,77.25,21.847675323486328
2017-07-29,32.0,77.5,34.93058395385742
2017-07-30,31.5,76.5,11.637177467346191
2017-07-30,31.5,76.75,0.3562317490577698
2017-07-30,31.5,77.0,2.7184767723083496
2017-07-30,31.5,77.25,0.4211457073688507
2017-07-30,31.5,77.5,5.184144496917725
2017-07-30,31.75,76.5,10.571676254272461
2017-07-30,31.75,76.75,6.894372463226318
2017-07-30,31.75,77.0,3.229471445083618
2017-07-30,31.75,77.25,0.8147894144058228
2017-07-30,31.75,77.5,9.071683883666992
2017-07-30,32.0,76.5,19.63658905029297
2017-07-30,32.0,76.75,9.882461547851562
2017-07-30,32.0,77.0,6.757585525512695
2017-07-30,32.0,77.25,6.254510402679443
2017-07-30,32.0,77.5,7.304683208465576
2017-07-31,31.5,76.5,13.438278198242188
2017-07-31,31.5,76.75,9.719688415527344
2017-07-31,31.5,77.0,7.9684834480285645
2017-07-31,31.5,77.25,13.44929027557373
2017-07-31,31.5,77.5,7.7534379959106445
2017-07-31,31.75,76.5,10.478448867797852
2017-07-31,31.75,76.75,6.7015275955200195
2017-07-31,31.75,77.0,9.452561378479004
2017-07-31,31.75,77.25,14.440361022949219
2017-07-31,31.75,77.5,10.892903327941895
2017-07-31,32.0,76.5,68.68743133544922
2017-07-31,32.0,76.75,51.96943283081055
2017-07-31,32.0,77.0,11.735958099365234
2017-07-31,32.0,77.25,14.011405944824219
2017-07-31,32.0,77.5,11.179155349731445
2017-08-01,31.5,76.5,8.60743522644043
2017-08-01,31.5,76.75,3.32110333442688
2017-08-01,31.5,77.0,21.193805694580078
2017-08-01,31.5,77.25,17.30681800842285
2017-08-01,31.5,77.5,23.041839599609375
2017-08-01,31.75,76.5,16.02890968322754
2017-08-01,31.75,76.75,15.626355171203613
2017-08-01,31.75,77.0,14.339205741882324
2017-08-01,31.75,77.25,11.532458305358887
2017-08-01,31.75,77.5,26.581897735595703
2017-08-01,32.0,76.5,73.29141235351562
2017-08-01,32.0,76.75,76.30720520019531
2017-08-01,32.0,77.0,11.292667388916016
2017-08-01,32.0,77.25,10.265888214111328
2017-08-01,32.0,77.5,21.442419052124023
2017-08-02,31.5,76.5,2.7069692611694336
2017-08-02,31.5,76.75,13.11300277709961
2017-08-02,31.5,77.0,5.844686508178711
2017-08-02,31.5,77.25,28.68989372253418
2017-08-02,31.5,77.5,1.0561007261276245
2017-08-02,31.75,76.5,14.338340759277344
2017-08-02,31.75,76.75,6.972073554992676
2017-08-02,31.75,77.0,2.3604512214660645
2017-08-02,31.75,77.25,28.63008689880371
2017-08-02,31.75,77.5,10.943525314331055
2017-08-02,32.0,76.5,6.396996021270752
2017-08-02,32.0,76.75,2.601672410964966
2017-08-02,32.0,77.0,2.144397258758545
2017-08-02,32.0,77.25,7.580284118652344
2017-08-02,32.0,77.5,12.252354621887207
2017-08-03,31.5,76.5,33.25794982910156
2017-08-03,31.5,76.75,13.74415111541748
2017-08-03,31.5,77.0,4.19620943069458
2017-08-03,31.5,77.25,5.843039512634277
2017-08-03,31.5,77.5,2.867964267730713
2017-08-03,31.75,76.5,35.56585693359375
2017-08-03,31.75,76.75,11.102039337158203
2017-08-03,31.75,77.0,9.171603202819824
2017-08-03,31.75,77.25,8.402263641357422
2017-08-03,31.75,77.5,7.012415885925293
2017-08-03,32.0,76.5,26.086843490600586
2017-08-03,32.0,76.75,3.557870626449585
2017-08-03,32.0,77.0,10.088705062866211
2017-08-03,32.0,77.25,10.60050106048584
2017-08-03,32.0,77.5,10.181866645812988
2017-08-04,31.5,76.5,51.13019561767578
2017-08-04,31.5,76.75,38.452877044677734
2017-08-04,31.5,77.0,7.44637393951416
2017-08-04,31.5,77.25,0.38130414485931396
2017-08-04,31.5,77.5,0.7482818365097046
2017-08-04,31.75,76.5,100.52483367919922
2017-08-04,31.75,76.75,45.18319320678711
2017-08-04,31.75,77.0,6.072877407073975
2017-08-04,31.75,77.25,0.18176817893981934
2017-08-04,31.75,77.5,1.4717241525650024
2017-08-04,32.0,76.5,25.4927921295166
2017-08-04,32.0,76.75,30.36170768737793
2017-08-04,32.0,77.0,6.11259651184082
2017-08-04,32.0,77.25,7.462632179260254
2017-08-04,32.0,77.5,1.3655364513397217
2017-08-05,31.5,76.5,43.224300384521484
2017-08-05,31.5,76.75,80.82714080810547
2017-08-05,31.5,77.0,15.182939529418945
2017-08-05,31.5,77.25,2.8311686515808105
2017-08-05,31.5,77.5,2.9526009559631348
2017-08-05,31.75,76.5,49.67152786254883
2017-08-05,31.75,76.75,24.85584259033203
2017-08-05,31.75,77.0,7.420959949493408
2017-08-05,31.75,77.25,2.598750114440918
2017-08-05,31.75,77.5,3.889707088470459
2017-08-05,32.0,76.5,37.253753662109375
2017-08-05,32.0,76.75,32.34470748901367
2017-08-05,32.0,77.0,2.8769431114196777
2017-08-05,32.0,77.25,2.0889384746551514
2017-08-05,32.0,77.5,3.861011028289795
2017-08-06,31.5,76.5,54.87671661376953
2017-08-06,31.5,76.75,19.512176513671875
2017-08-06,31.5,77.0,9.02885913848877
2017-08-06,31.5,77.25,4.428131103515625
2017-08-06,31.5,77.5,6.3578314781188965
2017-08-06,31.75,76.5,86.44341278076172
2017-08-06,31.75,76.75,37.29859161376953
2017-08-06,31.75,77.0,8.761990547180176
2017-08-06,31.75,77.25,7.862333297729492
2017-08-06,31.75,77.5,5.658669948577881
2017-08-06,32.0,76.5,54.39262771606445
2017-08-06,32.0,76.75,42.01472473144531
2017-08-06,32.0,77.0,4.504040241241455
2017-08-06,32.0,77.25,6.318619728088379
2017-08-06,32.0,77.5,4.576308727264404
2017-08-07,31.5,76.5,26.01609992980957
2017-08-07,31.5,76.75,14.826926231384277
2017-08-07,31.5,77.0,1.772144079208374
2017-08-07,31.5,77.25,1.3213229179382324
2017-08-07,31.5,77.5,0.39175498485565186
2017-08-07,31.75,76.5,121.04540252685547
2017-08-07,31.75,76.75,16.213748931884766
2017-08-07,31.75,77.0,0.1615627110004425
2017-08-07,31.75,77.25,0.1375715732574463
2017-08-07,31.75,77.5,0.24798254668712616
2017-08-07,32.0,76.5,21.955949783325195
2017-08-07,32.0,76.75,0.0
2017-08-07,32.0,77.0,0.14467327296733856
2017-08-07,32.0,77.25,0.11822666972875595
2017-08-07,32.0,77.5,0.1725045144557953
2017-08-08,31.5,76.5,55.64777374267578
2017-08-08,31.5,76.75,30.838876724243164
2017-08-08,31.5,77.0,15.79810619354248
2017-08-08,31.5,77.25,8.635322570800781
2017-08-08,31.5,77.5,8.27248764038086
2017-08-08,31.75,76.5,33.02473831176758
2017-08-08,31.75,76.75,12.316644668579102
2017-08-08,31.75,77.0,8.668333053588867
2017-08-08,31.75,77.25,11.147758483886719
2017-08-08,31.75,77.5,6.681524276733398
2017-08-08,32.0,76.5,28.721864700317383
2017-08-08,32.0,76.75,3.260493278503418
2017-08-08,32.0,77.0,7.1017045974731445
2017-08-08,32.0,77.25,10.14789867401123
2017-08-08,32.0,77.5,4.715600490570068
2017-08-09,31.5,76.5,0.3386369049549103
2017-08-09,31.5,76.75,1.9799479246139526
2017-08-09,31.5,77.0,1.2600516080856323
2017-08-09,31.5,77.25,0.2932058870792389
2017-08-09,31.5,77.5,0.659940242767334
2017-08-09,31.75,76.5,19.789865493774414
2017-08-09,31.75,76.75,4.224311828613281
2017-08-09,31.75,77.0,0.5919162034988403
2017-08-09,31.75,77.25,0.5355566143989563
2017-08-09,31.75,77.5,1.3901664018630981
2017-08-09,32.0,76.5,57.4899787902832
2017-08-09,32.0,76.75,45.57526779174805
2017-08-09,32.0,77.0,0.558464527130127
2017-08-09,32.0,77.25,0.7723937630653381
2017-08-09,32.0,77.5,1.0446916818618774
2017-08-10,31.5,76.5,14.45168685913086
2017-08-10,31.5,76.75,4.673171043395996
2017-08-10,31.5,77.0,5.040743350982666
2017-08-10,31.5,77.25,0.0
2017-08-10,31.5,77.5,0.7395272850990295
2017-08-10,31.75,76.5,5.84266996383667
2017-08-10,31.75,76.75,9.148832321166992
2017-08-10,31.75,77.0,7.591739654541016
2017-08-10,31.75,77.25,0.0
2017-08-10,31.75,77.5,0.6034066677093506
2017-08-10,32.0,76.5,5.649631500244141
2017-08-10,32.0,76.75,1.5686261653900146
2017-08-10,32.0,77.0,2.231231689453125
2017-08-10,32.0,77.25,0.0
2017-08-10,32.0,77.5,0.38583576679229736
2017-08-11,31.5,76.5,4.473769187927246
2017-08-11,31.5,76.75,5.94578742980957
2017-08-11,31.5,77.0,5.8663716316223145
2017-08-11,31.5,77.25,1.1429388523101807
2017-08-11,31.5,77.5,0.0
2017-08-11,31.75,76.5,16.271156311035156
2017-08-11,31.75,76.75,7.936685085296631
2017-08-11,31.75,77.0,1.5473315715789795
2017-08-11,31.75,77.25,0.4437348246574402
2017-08-11,31.75,77.5,0.0
2017-08-11,32.0,76.5,8.495031356811523
2017-08-11,32.0,76.75,13.29280948638916
2017-08-11,32.0,77.0,0.9916490316390991
2017-08-11,32.0,77.25,0.6109389066696167
2017-08-11,32.0,77.5,0.0
2017-08-12,31.5,76.5,8.6787691116333
2017-08-12,31.5,76.75,14.430501937866211
2017-08-12,31.5,77.0,11.355618476867676
2017-08-12,31.5,77.25,2.476367473602295
2017-08-12,31.5,77.5,0.0
2017-08-12,31.75,76.5,5.544767379760742
2017-08-12,31.75,76.75,9.541138648986816
2017-08-12,31.75,77.0,1.7398866415023804
2017-08-12,31.75,77.25,0.9614254832267761
2017-08-12,31.75,77.5,0.0
2017-08-12,32.0,76.5,17.94321632385254
2017-08-12,32.0,76.75,9.548714637756348
2017-08-12,32.0,77.0,0.35346245765686035
2017-08-12,32.0,77.25,0.0
2017-08-12,32.0,77.5,0.0
2017-08-13,31.5,76.5,5.819038391113281
2017-08-13,31.5,76.75,35.42502212524414
2017-08-13,31.5,77.0,0.0
2017-08-13,31.5,77.25,0.0
2017-08-13,31.5,77.5,0.0
2017-08-13,31.75,76.5,7.64484977722168
2017-08-13,31.75,76.75,2.4715592861175537
2017-08-13,31.75,77.0,0.0
2017-08-13,31.75,77.25,0.0
2017-08-13,31.75,77.5,0.0
2017-08-13,32.0,76.5,17.337717056274414
2017-08-13,32.0,76.75,20.130701065063477
2017-08-13,32.0,77.0,0.0
2017-08-13,32.0,77.25,0.0
2017-08-13,32.0,77.5,0.0
2017-08-14,31.5,76.5,22.049095153808594
2017-08-14,31.5,76.75,26.33412742614746
2017-08-14,31.5,77.0,3.2326266765594482
2017-08-14,31.5,77.25,2.693584680557251
2017-08-14,31.5,77.5,0.0
2017-08-14,31.75,76.5,19.6043643951416
2017-08-14,31.75,76.75,7.245215892791748
2017-08-14,31.75,77.0,12.654637336730957
2017-08-14,31.75,77.25,5.49678373336792
2017-08-14,31.75,77.5,1.043344259262085
2017-08-14,32.0,76.5,37.9801025390625
2017-08-14,32.0,76.75,31.31662368774414
2017-08-14,32.0,77.0,9.599027633666992
2017-08-14,32.0,77.25,8.010510444641113
2017-08-14,32.0,77.5,4.423487663269043
2017-08-15,31.5,76.5,0.0
2017-08-15,31.5,76.75,6.8516716957092285
2017-08-15,31.5,77.0,0.0
2017-08-15,31.5,77.25,0.0
2017-08-15,31.5,77.5,0.0
2017-08-15,31.75,76.5,0.0
2017-08-15,31.75,76.75,0.45161381363868713
2017-08-15,31.75,77.0,0.0
2017-08-15,31.75,77.25,0.0
2017-08-15,31.75,77.5,0.0
2017-08-15,32.0,76.5,0.0
2017-08-15,32.0,76.75,0.0
2017-08-15,32.0,77.0,0.0
2017-08-15,32.0,77.25,0.0
2017-08-15,32.0,77.5,0.0
2017-08-16,31.5,76.5,0.0
2017-08-16,31.5,76.75,0.0
2017-08-16,31.5,77.0,0.0
2017-08-16,31.5,77.25,0.0
2017-08-16,31.5,77.5,0.0
2017-08-16,31.75,76.5,0.0
2017-08-16,31.75,76.75,0.0
2017-08-16,31.75,77.0,0.0
2017-08-16,31.75,77.25,0.0
2017-08-16,31.75,77.5,0.0
2017-08-16,32.0,76.5,0.0
2017-08-16,32.0,76.75,0.0
2017-08-16,32.0,77.0,0.0
2017-08-16,32.0,77.25,0.0
2017-08-16,32.0,77.5,0.0
2017-08-17,31.5,76.5,0.0
2017-08-17,31.5,76.75,0.0
2017-08-17,31.5,77.0,0.0
2017-08-17,31.5,77.25,0.0
2017-08-17,31.5,77.5,0.0
2017-08-17,31.75,76.5,0.0
2017-08-17,31.75,76.75,0.0
2017-08-17,31.75,77.0,0.0
2017-08-17,31.75,77.25,0.0
2017-08-17,31.75,77.5,0.0
2017-08-17,32.0,76.5,5.04986047744751
2017-08-17,32.0,76.75,7.189536094665527
2017-08-17,32.0,77.0,0.0
2017-08-17,32.0,77.25,0.0
2017-08-17,32.0,77.5,0.0
2017-08-18,31.5,76.5,0.0
2017-08-18,31.5,76.75,0.0
2017-08-18,31.5,77.0,0.0
2017-08-18,31.5,77.25,0.0
2017-08-18,31.5,77.5,0.0
2017-08-18,31.75,76.5,0.0
2017-08-18,31.75,76.75,0.0
2017-08-18,31.75,77.0,0.0
2017-08-18,31.75,77.25,0.0
2017-08-18,31.75,77.5,0.0
2017-08-18,32.0,76.5,5.7175493240356445
2017-08-18,32.0,76.75,0.0
2017-08-18,32.0,77.0,0.0
2017-08-18,32.0,77.25,0.0
2017-08-18,32.0,77.5,0.0
2017-08-19,31.5,76.5,28.006563186645508
2017-08-19,31.5,76.75,32.48656463623047
2017-08-19,31.5,77.0,3.2738590240478516
2017-08-19,31.5,77.25,13.972185134887695
2017-08-19,31.5,77.5,4.38070011138916
2017-08-19,31.75,76.5,22.178813934326172
2017-08-19,31.75,76.75,11.346505165100098
2017-08-19,31.75,77.0,3.028656482696533
2017-08-19,31.75,77.25,14.196183204650879
2017-08-19,31.75,77.5,10.565607070922852
2017-08-19,32.0,76.5,1.6508768796920776
2017-08-19,32.0,76.75,1.3113951683044434
2017-08-19,32.0,77.0,3.140690565109253
2017-08-19,32.0,77.25,5.337009429931641
2017-08-19,32.0,77.5,10.685355186462402
2017-08-20,31.5,76.5,20.48933219909668
2017-08-20,31.5,76.75,8.818615913391113
2017-08-20,31.5,77.0,24.847152709960938
2017-08-20,31.5,77.25,18.437665939331055
2017-08-20,31.5,77.5,9.437480926513672
2017-08-20,31.75,76.5,15.747361183166504
2017-08-20,31.75,76.75,10.266084671020508
2017-08-20,31.75,77.0,14.015192985534668
2017-08-20,31.75,77.25,15.770247459411621
2017-08-20,31.75,77.5,13.468953132629395
2017-08-20,32.0,76.5,5.392798900604248
2017-08-20,32.0,76.75,9.589290618896484
2017-08-20,32.0,77.0,10.705548286437988
2017-08-20,32.0,77.25,9.518867492675781
2017-08-20,32.0,77.5,14.428123474121094
2017-08-21,31.5,76.5,9.097286224365234
2017-08-21,31.5,76.75,10.281006813049316
2017-08-21,31.5,77.0,3.8645331859588623
2017-08-21,31.5,77.25,9.549966812133789
2017-08-21,31.5,77.5,2.3806076049804688
2017-08-21,31.75,76.5,5.3185505867004395
2017-08-21,31.75,76.75,4.96357536315918
2017-08-21,31.75,77.0,0.4806402325630188
2017-08-21,31.75,77.25,6.777629375457764
2017-08-21,31.75,77.5,4.312607288360596
2017-08-21,32.0,76.5,4.275027751922607
2017-08-21,32.0,76.75,5.036746025085449
2017-08-21,32.0,77.0,0.3191814720630646
2017-08-21,32.0,77.25,1.2610875368118286
2017-08-21,32.0,77.5,2.8390350341796875
2017-08-22,31.5,76.5,0.15480545163154602
2017-08-22,31.5,76.75,0.8802772164344788
2017-08-22,31.5,77.0,6.736420631408691
2017-08-22,31.5,77.25,26.63229751586914
2017-08-22,31.5,77.5,11.935436248779297
2017-08-22,31.75,76.5,1.6123541593551636
2017-08-22,31.75,76.75,8.946876525878906
2017-08-22,31.75,77.0,4.688641548156738
2017-08-22,31.75,77.25,25.90696907043457
2017-08-22,31.75,77.5,13.828987121582031
2017-08-22,32.0,76.5,14.387939453125
2017-08-22,32.0,76.75,5.731858253479004
2017-08-22,32.0,77.0,2.7873849868774414
2017-08-22,32.0,77.25,7.09244441986084
2017-08-22,32.0,77.5,11.036014556884766
2017-08-23,31.5,76.5,16.06721305847168
2017-08-23,31.5,76.75,0.8802772164344788
2017-08-23,31.5,77.0,4.284584045410156
2017-08-23,31.5,77.25,12.25045394897461
2017-08-23,31.5,77.5,7.703043460845947
2017-08-23,31.75,76.5,22.389299392700195
2017-08-23,31.75,76.75,21.620620727539062
2017-08-23,31.75,77.0,3.685377359390259
2017-08-23,31.75,77.25,11.963468551635742
2017-08-23,31.75,77.5,7.535821914672852
2017-08-23,32.0,76.5,8.904547691345215
2017-08-23,32.0,76.75,12.532997131347656
2017-08-23,32.0,77.0,0.486010879278183
2017-08-23,32.0,77.25,1.962963342666626
2017-08-23,32.0,77.5,5.520857810974121
2017-08-24,31.5,76.5,81.3938217163086
2017-08-24,31.5,76.75,5.855983257293701
2017-08-24,31.5,77.0,3.6325490474700928
2017-08-24,31.5,77.25,3.305762767791748
2017-08-24,31.5,77.5,0.0
2017-08-24,31.75,76.5,57.17315673828125
2017-08-24,31.75,76.75,7.073201656341553
2017-08-24,31.75,77.0,5.320412635803223
2017-08-24,31.75,77.25,4.19259786605835
2017-08-24,31.75,77.5,1.2804678678512573
2017-08-24,32.0,76.5,22.662120819091797
2017-08-24,32.0,76.75,28.97881507873535
2017-08-24,32.0,77.0,5.235520362854004
2017-08-24,32.0,77.25,6.532132625579834
2017-08-24,32.0,77.5,2.381685495376587
2017-08-25,31.5,76.5,0.0
2017-08-25,31.5,76.75,0.5603539943695068
2017-08-25,31.5,77.0,6.245385646820068
2017-08-25,31.5,77.25,1.4195789098739624
2017-08-25,31.5,77.5,3.2929272651672363
2017-08-25,31.75,76.5,0.0
2017-08-25,31.75,76.75,12.308948516845703
2017-08-25,31.75,77.0,2.246298313140869
2017-08-25,31.75,77.25,0.9655139446258545
2017-08-25,31.75,77.5,4.227765083312988
2017-08-25,32.0,76.5,30.276643753051758
2017-08-25,32.0,76.75,30.518667221069336
2017-08-25,32.0,77.0,1.3729654550552368
2017-08-25,32.0,77.25,0.32338646054267883
2017-08-25,32.0,77.5,2.959721565246582
2017-08-26,31.5,76.5,9.210922241210938
2017-08-26,31.5,76.75,13.105596542358398
2017-08-26,31.5,77.0,7.607807636260986
2017-08-26,31.5,77.25,0.9131697416305542
2017-08-26,31.5,77.5,4.646290302276611
2017-08-26,31.75,76.5,18.77667999267578
2017-08-26,31.75,76.75,9.396740913391113
2017-08-26,31.75,77.0,8.774375915527344
2017-08-26,31.75,77.25,0.46678078174591064
2017-08-26,31.75,77.5,3.248188018798828
2017-08-26,32.0,76.5,5.45655632019043
2017-08-26,32.0,76.75,4.232616424560547
2017-08-26,32.0,77.0,1.6753690242767334
2017-08-26,32.0,77.25,1.008261799812317
2017-08-26,32.0,77.5,2.2704503536224365
2017-08-27,31.5,76.5,0.0
2017-08-27,31.5,76.75,0.0
2017-08-27,31.5,77.0,0.0
2017-08-27,31.5,77.25,0.0
2017-08-27,31.5,77.5,0.0
2017-08-27,31.75,76.5,0.0
2017-08-27,31.75,76.75,0.0
2017-08-27,31.75,77.0,0.0
2017-08-27,31.75,77.25,0.0
2017-08-27,31.75,77.5,0.0
2017-08-27,32.0,76.5,0.0
2017-08-27,32.0,76.75,0.0
2017-08-27,32.0,77.0,0.0
2017-08-27,32.0,77.25,0.0
2017-08-27,32.0,77.5,0.0
2017-08-28,31.5,76.5,0.0
2017-08-28,31.5,76.75,0.0
2017-08-28,31.5,77.0,0.0
2017-08-28,31.5,77.25,0.0
2017-08-28,31.5,77.5,1.6507034301757812
2017-08-28,31.75,76.5,0.0
2017-08-28,31.75,76.75,0.0
2017-08-28,31.75,77.0,0.0
2017-08-28,31.75,77.25,0.0
2017-08-28,31.75,77.5,2.284836530685425
2017-08-28,32.0,76.5,0.0
2017-08-28,32.0,76.75,0.0
2017-08-28,32.0,77.0,0.0
2017-08-28,32.0,77.25,0.0
2017-08-28,32.0,77.5,1.6053868532180786
2017-08-29,31.5,76.5,22.20302391052246
2017-08-29,31.5,76.75,3.1312429904937744
2017-08-29,31.5,77.0,0.780430793762207
2017-08-29,31.5,77.25,3.6931350231170654
2017-08-29,31.5,77.5,3.1757090091705322
2017-08-29,31.75,76.5,13.172283172607422
2017-08-29,31.75,76.75,3.4504261016845703
2017-08-29,31.75,77.0,7.822929859161377
2017-08-29,31.75,77.25,5.2417402267456055
2017-08-29,31.75,77.5,4.478758811950684
2017-08-29,32.0,76.5,12.32305908203125
2017-08-29,32.0,76.75,6.309078216552734
2017-08-29,32.0,77.0,10.541177749633789
2017-08-29,32.0,77.25,10.229195594787598
2017-08-29,32.0,77.5,6.237061977386475
2017-08-30,31.5,76.5,0.21285748481750488
2017-08-30,31.5,76.75,0.45561084151268005
2017-08-30,31.5,77.0,4.045419216156006
2017-08-30,31.5,77.25,0.7767871022224426
2017-08-30,31.5,77.5,0.26274004578590393
2017-08-30,31.75,76.5,3.2722840309143066
2017-08-30,31.75,76.75,2.745774745941162
2017-08-30,31.75,77.0,3.906620502471924
2017-08-30,31.75,77.25,1.0591338872909546
2017-08-30,31.75,77.5,0.533785343170166
2017-08-30,32.0,76.5,10.40158748626709
2017-08-30,32.0,76.75,3.979792833328247
2017-08-30,32.0,77.0,4.707871913909912
2017-08-30,32.0,77.25,4.274930477142334
2017-08-30,32.0,77.5,1.249176025390625
2017-08-31,31.5,76.5,3.335954189300537
2017-08-31,31.5,76.75,0.0
2017-08-31,31.5,77.0,0.7472674250602722
2017-08-31,31.5,77.25,3.3215339183807373
2017-08-31,31.5,77.5,34.190494537353516
2017-08-31,31.75,76.5,0.6346500515937805
2017-08-31,31.75,76.75,0.0
2017-08-31,31.75,77.0,0.9166627526283264
2017-08-31,31.75,77.25,1.2349345684051514
2017-08-31,31.75,77.5,18.401329040527344
2017-08-31,32.0,76.5,2.4189393520355225
2017-08-31,32.0,76.75,0.9390783309936523
2017-08-31,32.0,77.0,1.9267563819885254
2017-08-31,32.0,77.25,2.137319326400757
2017-08-31,32.0,77.5,12.371246337890625
2017-09-01,31.5,76.5,10.45986557006836
2017-09-01,31.5,76.75,31.418916702270508
2017-09-01,31.5,77.0,7.332437038421631
2017-09-01,31.5,77.25,13.889473915100098
2017-09-01,31.5,77.5,7.297749042510986
2017-09-01,31.75,76.5,16.224729537963867
2017-09-01,31.75,76.75,17.326128005981445
2017-09-01,31.75,77.0,7.528693675994873
2017-09-01,31.75,77.25,13.038042068481445
2017-09-01,31.75,77.5,9.9204740524292
2017-09-01,32.0,76.5,17.791467666625977
2017-09-01,32.0,76.75,5.36622953414917
2017-09-01,32.0,77.0,11.955588340759277
2017-09-01,32.0,77.25,14.298013687133789
2017-09-01,32.0,77.5,8.476329803466797
2017-09-02,31.5,76.5,15.456093788146973
2017-09-02,31.5,76.75,35.36128616333008
2017-09-02,31.5,77.0,23.24504280090332
2017-09-02,31.5,77.25,10.171611785888672
2017-09-02,31.5,77.5,9.313431739807129
2017-09-02,31.75,76.5,15.471112251281738
2017-09-02,31.75,76.75,6.476654052734375
2017-09-02,31.75,77.0,5.237814426422119
2017-09-02,31.75,77.25,8.479876518249512
2017-09-02,31.75,77.5,9.187764167785645
2017-09-02,32.0,76.5,24.93684196472168
2017-09-02,32.0,76.75,12.918746948242188
2017-09-02,32.0,77.0,9.468425750732422
2017-09-02,32.0,77.25,10.956313133239746
2017-09-02,32.0,77.5,7.894383430480957
2017-09-03,31.5,76.5,0.0
2017-09-03,31.5,76.75,0.5415482521057129
2017-09-03,31.5,77.0,0.14370784163475037
2017-09-03,31.5,77.25,4.365456581115723
2017-09-03,31.5,77.5,0.3558274507522583
2017-09-03,31.75,76.5,2.7728922367095947
2017-09-03,31.75,76.75,1.6540164947509766
2017-09-03,31.75,77.0,1.9693150520324707
2017-09-03,31.75,77.25,3.5674726963043213
2017-09-03,31.75,77.5,1.9669713973999023
2017-09-03,32.0,76.5,14.672296524047852
2017-09-03,32.0,76.75,1.0829806327819824
2017-09-03,32.0,77.0,1.252515435218811
2017-09-03,32.0,77.25,1.8895598649978638
2017-09-03,32.0,77.5,1.574425458908081
2017-09-04,31.5,76.5,0.0
2017-09-04,31.5,76.75,16.402605056762695
2017-09-04,31.5,77.0,2.989069700241089
2017-09-04,31.5,77.25,0.7619592547416687
2017-09-04,31.5,77.5,0.0
2017-09-04,31.75,76.5,9.106377601623535
2017-09-04,31.75,76.75,13.27067756652832
2017-09-04,31.75,77.0,0.6677757501602173
2017-09-04,31.75,77.25,0.42565596103668213
2017-09-04,31.75,77.5,0.0
2017-09-04,32.0,76.5,0.8167927861213684
2017-09-04,32.0,76.75,2.3000941276550293
2017-09-04,32.0,77.0,0.9210540652275085
2017-09-04,32.0,77.25,0.0
2017-09-04,32.0,77.5,0.0
2017-09-05,31.5,76.5,0.0
2017-09-05,31.5,76.75,0.0
2017-09-05,31.5,77.0,0.0
2017-09-05,31.5,77.25,0.0
2017-09-05,31.5,77.5,0.0
2017-09-05,31.75,76.5,0.0
2017-09-05,31.75,76.75,0.0
2017-09-05,31.75,77.0,0.0
2017-09-05,31.75,77.25,0.0
2017-09-05,31.75,77.5,0.0
2017-09-05,32.0,76.5,0.0
2017-09-05,32.0,76.75,0.0
2017-09-05,32.0,77.0,0.0
2017-09-05,32.0,77.25,0.0
2017-09-05,32.0,77.5,0.0
2017-09-06,31.5,76.5,0.0
2017-09-06,31.5,76.75,0.0
2017-09-06,31.5,77.0,0.0
2017-09-06,31.5,77.25,0.0
2017-09-06,31.5,77.5,0.0
2017-09-06,31.75,76.5,0.0
2017-09-06,31.75,76.75,0.0
2017-09-06,31.75,77.0,0.0
2017-09-06,31.75,77.25,0.0
2017-09-06,31.75,77.5,0.0
2017-09-06,32.0,76.5,0.3267171084880829
2017-09-06,32.0,76.75,0.0
2017-09-06,32.0,77.0,2.06052827835083
2017-09-06,32.0,77.25,2.3374359607696533
2017-09-06,32.0,77.5,0.0
2017-09-07,31.5,76.5,3.1850855350494385
2017-09-07,31.5,76.75,0.8538165092468262
2017-09-07,31.5,77.0,14.308147430419922
2017-09-07,31.5,77.25,3.5808463096618652
2017-09-07,31.5,77.5,4.926671028137207
2017-09-07,31.75,76.5,9.934229850769043
2017-09-07,31.75,76.75,2.582000732421875
2017-09-07,31.75,77.0,0.434449166059494
2017-09-07,31.75,77.25,1.9154517650604248
2017-09-07,31.75,77.5,5.828786373138428
2017-09-07,32.0,76.5,6.013570785522461
2017-09-07,32.0,76.75,6.418330192565918
2017-09-07,32.0,77.0,2.403949737548828
2017-09-07,32.0,77.25,2.72700834274292
2017-09-07,32.0,77.5,4.063004016876221
2017-09-08,31.5,76.5,15.924057006835938
2017-09-08,31.5,76.75,21.151060104370117
2017-09-08,31.5,77.0,5.109387397766113
2017-09-08,31.5,77.25,14.855046272277832
2017-09-08,31.5,77.5,2.1925432682037354
2017-09-08,31.75,76.5,8.570079803466797
2017-09-08,31.75,76.75,13.114822387695312
2017-09-08,31.75,77.0,8.976249694824219
2017-09-08,31.75,77.25,17.59479522705078
2017-09-08,31.75,77.5,8.795927047729492
2017-09-08,32.0,76.5,10.781100273132324
2017-09-08,32.0,76.75,12.39797306060791
2017-09-08,32.0,77.0,5.602997303009033
2017-09-08,32.0,77.25,9.652094841003418
2017-09-08,32.0,77.5,8.328109741210938
2017-09-09,31.5,76.5,0.0
2017-09-09,31.5,76.75,0.0
2017-09-09,31.5,77.0,0.0
2017-09-09,31.5,77.25,0.0
2017-09-09,31.5,77.5,0.0
2017-09-09,31.75,76.5,6.208893775939941
2017-09-09,31.75,76.75,1.6137504577636719
2017-09-09,31.75,77.0,0.0
2017-09-09,31.75,77.25,0.0
2017-09-09,31.75,77.5,0.0
2017-09-09,32.0,76.5,0.0
2017-09-09,32.0,76.75,0.0
2017-09-09,32.0,77.0,0.0
2017-09-09,32.0,77.25,0.0
2017-09-09,32.0,77.5,0.0
2017-09-10,31.5,76.5,0.0
2017-09-10,31.5,76.75,6.874102592468262
2017-09-10,31.5,77.0,1.0777819156646729
2017-09-10,31.5,77.25,1.5987262725830078
2017-09-10,31.5,77.5,9.78579330444336
2017-09-10,31.75,76.5,7.036746501922607
2017-09-10,31.75,76.75,8.153935432434082
2017-09-10,31.75,77.0,0.9526523947715759
2017-09-10,31.75,77.25,0.9254195690155029
2017-09-10,31.75,77.5,4.217820167541504
2017-09-10,32.0,76.5,4.911250591278076
2017-09-10,32.0,76.75,5.043536186218262
2017-09-10,32.0,77.0,4.03267240524292
2017-09-10,32.0,77.25,3.9690887928009033
2017-09-10,32.0,77.5,2.8504738807678223
2017-09-11,31.5,76.5,5.738290309906006
2017-09-11,31.5,76.75,0.11711763590574265
2017-09-11,31.5,77.0,7.905130863189697
2017-09-11,31.5,77.25,5.785218715667725
2017-09-11,31.5,77.5,2.0978949069976807
2017-09-11,31.75,76.5,4.276484489440918
2017-09-11,31.75,76.75,1.0758335590362549
2017-09-11,31.75,77.0,0.0
2017-09-11,31.75,77.25,0.8513119220733643
2017-09-11,31.75,77.5,2.797813892364502
2017-09-11,32.0,76.5,0.5447484254837036
2017-09-11,32.0,76.75,0.13846436142921448
2017-09-11,32.0,77.0,0.6868427991867065
2017-09-11,32.0,77.25,0.7791453003883362
2017-09-11,32.0,77.5,0.30238133668899536
2017-09-12,31.5,76.5,0.0
2017-09-12,31.5,76.75,0.0
2017-09-12,31.5,77.0,0.0
2017-09-12,31.5,77.25,0.0
2017-09-12,31.5,77.5,0.9111762046813965
2017-09-12,31.75,76.5,0.0
2017-09-12,31.75,76.75,0.0
2017-09-12,31.75,77.0,0.0
2017-09-12,31.75,77.25,0.0
2017-09-12,31.75,77.5,1.6814298629760742
2017-09-12,32.0,76.5,0.467303991317749
2017-09-12,32.0,76.75,0.0
2017-09-12,32.0,77.0,0.0
2017-09-12,32.0,77.25,0.0
2017-09-12,32.0,77.5,1.1951866149902344
2017-09-13,31.5,76.5,0.0
2017-09-13,31.5,76.75,0.0
2017-09-13,31.5,77.0,0.0
2017-09-13,31.5,77.25,0.0
2017-09-13,31.5,77.5,0.0
2017-09-13,31.75,76.5,0.0
2017-09-13,31.75,76.75,0.0
2017-09-13,31.75,77.0,0.0
2017-09-13,31.75,77.25,0.0
2017-09-13,31.75,77.5,0.0
2017-09-13,32.0,76.5,0.44923603534698486
2017-09-13,32.0,76.75,0.0
2017-09-13,32.0,77.0,0.0
2017-09-13,32.0,77.25,0.0
2017-09-13,32.0,77.5,0.0
2017-09-14,31.5,76.5,0.0
2017-09-14,31.5,76.75,3.9852185249328613
2017-09-14,31.5,77.0,0.0
2017-09-14,31.5,77.25,0.0
2017-09-14,31.5,77.5,0.0
2017-09-14,31.75,76.5,3.845405340194702
2017-09-14,31.75,76.75,2.340189218521118
2017-09-14,31.75,77.0,0.0
2017-09-14,31.75,77.25,0.0
2017-09-14,31.75,77.5,0.0
2017-09-14,32.0,76.5,5.588725566864014
2017-09-14,32.0,76.75,8.257015228271484
2017-09-14,32.0,77.0,0.0
2017-09-14,32.0,77.25,0.0
2017-09-14,32.0,77.5,0.0
2017-09-15,31.5,76.5,0.0
2017-09-15,31.5,76.75,0.0
2017-09-15,31.5,77.0,0.0
2017-09-15,31.5,77.25,0.0
2017-09-15,31.5,77.5,0.0
2017-09-15,31.75,76.5,0.0
2017-09-15,31.75,76.75,0.0
2017-09-15,31.75,77.0,0.0
2017-09-15,31.75,77.25,0.0
2017-09-15,31.75,77.5,0.0
2017-09-15,32.0,76.5,0.0
2017-09-15,32.0,76.75,0.0
2017-09-15,32.0,77.0,0.0
2017-09-15,32.0,77.25,0.0
2017-09-15,32.0,77.5,0.0
2017-09-16,31.5,76.5,0.0
2017-09-16,31.5,76.75,0.0
2017-09-16,31.5,77.0,0.0
2017-09-16,31.5,77.25,0.0
2017-09-16,31.5,77.5,0.0
2017-09-16,31.75,76.5,0.0
2017-09-16,31.75,76.75,0.0
2017-09-16,31.75,77.0,0.0
2017-09-16,31.75,77.25,0.0
2017-09-16,31.75,77.5,0.0
2017-09-16,32.0,76.5,0.0
2017-09-16,32.0,76.75,0.0
2017-09-16,32.0,77.0,0.0
2017-09-16,32.0,77.25,0.0
2017-09-16,32.0,77.5,0.0
2017-09-17,31.5,76.5,0.0
2017-09-17,31.5,76.75,0.0
2017-09-17,31.5,77.0,0.0
2017-09-17,31.5,77.25,1.2119415998458862
2017-09-17,31.5,77.5,2.923509359359741
2017-09-17,31.75,76.5,0.0
2017-09-17,31.75,76.75,0.0
2017-09-17,31.75,77.0,0.0
2017-09-17,31.75,77.25,0.0
2017-09-17,31.75,77.5,2.9347245693206787
2017-09-17,32.0,76.5,0.0
2017-09-17,32.0,76.75,0.0
2017-09-17,32.0,77.0,2.854085922241211
2017-09-17,32.0,77.25,4.412336826324463
2017-09-17,32.0,77.5,1.5433430671691895
2017-09-18,31.5,76.5,0.0
2017-09-18,31.5,76.75,0.0
2017-09-18,31.5,77.0,0.0
2017-09-18,31.5,77.25,0.0
2017-09-18,31.5,77.5,1.3667641878128052
2017-09-18,31.75,76.5,0.0
2017-09-18,31.75,76.75,0.0
2017-09-18,31.75,77.0,0.0
2017-09-18,31.75,77.25,0.0
2017-09-18,31.75,77.5,2.5221445560455322
2017-09-18,32.0,76.5,0.0
2017-09-18,32.0,76.75,0.0
2017-09-18,32.0,77.0,0.0
2017-09-18,32.0,77.25,0.0
2017-09-18,32.0,77.5,2.315014600753784
2017-09-19,31.5,76.5,0.0
2017-09-19,31.5,76.75,0.0
2017-09-19,31.5,77.0,0.0
2017-09-19,31.5,77.25,0.0
2017-09-19,31.5,77.5,0.0
2017-09-19,31.75,76.5,0.0
2017-09-19,31.75,76.75,0.0
2017-09-19,31.75,77.0,0.0
2017-09-19,31.75,77.25,0.0
2017-09-19,31.75,77.5,0.0
2017-09-19,32.0,76.5,0.0
2017-09-19,32.0,76.75,0.0
2017-09-19,32.0,77.0,0.0
2017-09-19,32.0,77.25,0.0
2017-09-19,32.0,77.5,0.0
2017-09-20,31.5,76.5,0.0
2017-09-20,31.5,76.75,0.0
2017-09-20,31.5,77.0,0.0
2017-09-20,31.5,77.25,0.0
2017-09-20,31.5,77.5,0.0
2017-09-20,31.75,76.5,0.0
2017-09-20,31.75,76.75,0.0
2017-09-20,31.75,77.0,0.0
2017-09-20,31.75,77.25,0.0
2017-09-20,31.75,77.5,0.0
2017-09-20,32.0,76.5,0.0
2017-09-20,32.0,76.75,0.0
2017-09-20,32.0,77.0,0.0
2017-09-20,32.0,77.25,0.0
2017-09-20,32.0,77.5,0.0
2017-09-21,31.5,76.5,0.0
2017-09-21,31.5,76.75,0.0
2017-09-21,31.5,77.0,0.0
2017-09-21,31.5,77.25,0.0
2017-09-21,31.5,77.5,0.0
2017-09-21,31.75,76.5,0.0
2017-09-21,31.75,76.75,0.0
2017-09-21,31.75,77.0,0.0
2017-09-21,31.75,77.25,0.0
2017-09-21,31.75,77.5,0.0
2017-09-21,32.0,76.5,0.0
2017-09-21,32.0,76.75,0.0
2017-09-21,32.0,77.0,0.0
2017-09-21,32.0,77.25,0.0
2017-09-21,32.0,77.5,0.0
2017-09-22,31.5,76.5,0.0
2017-09-22,31.5,76.75,0.0
2017-09-22,31.5,77.0,0.0
2017-09-22,31.5,77.25,0.0
2017-09-22,31.5,77.5,0.22779405117034912
2017-09-22,31.75,76.5,0.0
2017-09-22,31.75,76.75,0.0
2017-09-22,31.75,77.0,0.0
2017-09-22,31.75,77.25,0.0
2017-09-22,31.75,77.5,0.42035746574401855
2017-09-22,32.0,76.5,0.0
2017-09-22,32.0,76.75,0.0
2017-09-22,32.0,77.0,0.0
2017-09-22,32.0,77.25,0.0
2017-09-22,32.0,77.5,0.38583576679229736
2017-09-23,31.5,76.5,32.77815246582031
2017-09-23,31.5,76.75,42.82889938354492
2017-09-23,31.5,77.0,18.315820693969727
2017-09-23,31.5,77.25,17.536699295043945
2017-09-23,31.5,77.5,7.144687652587891
2017-09-23,31.75,76.5,32.48580551147461
2017-09-23,31.75,76.75,21.796890258789062
2017-09-23,31.75,77.0,25.289873123168945
2017-09-23,31.75,77.25,21.26044273376465
2017-09-23,31.75,77.5,10.031391143798828
2017-09-23,32.0,76.5,47.41386413574219
2017-09-23,32.0,76.75,26.03714370727539
2017-09-23,32.0,77.0,24.0206356048584
2017-09-23,32.0,77.25,24.918928146362305
2017-09-23,32.0,77.5,15.440791130065918
2017-09-24,31.5,76.5,19.487768173217773
2017-09-24,31.5,76.75,18.017425537109375
2017-09-24,31.5,77.0,27.154281616210938
2017-09-24,31.5,77.25,37.45171356201172
2017-09-24,31.5,77.5,38.65001678466797
2017-09-24,31.75,76.5,6.976837158203125
2017-09-24,31.75,76.75,16.17837905883789
2017-09-24,31.75,77.0,36.694461822509766
2017-09-24,31.75,77.25,37.969932556152344
2017-09-24,31.75,77.5,38.35662078857422
2017-09-24,32.0,76.5,6.7462944984436035
2017-09-24,32.0,76.75,13.653816223144531
2017-09-24,32.0,77.0,39.68978500366211
2017-09-24,32.0,77.25,43.20888900756836
2017-09-24,32.0,77.5,37.311981201171875
2017-09-25,31.5,76.5,0.0
2017-09-25,31.5,76.75,0.0
2017-09-25,31.5,77.0,0.0
2017-09-25,31.5,77.25,12.69119930267334
2017-09-25,31.5,77.5,2.651671886444092
2017-09-25,31.75,76.5,0.0
2017-09-25,31.75,76.75,0.0
2017-09-25,31.75,77.0,0.17237401008605957
2017-09-25,31.75,77.25,12.709464073181152
2017-09-25,31.75,77.5,9.163021087646484
2017-09-25,32.0,76.5,0.0
2017-09-25,32.0,76.75,0.0
2017-09-25,32.0,77.0,0.5863445401191711
2017-09-25,32.0,77.25,2.8659160137176514
2017-09-25,32.0,77.5,9.356915473937988
2017-09-26,31.5,76.5,0.0
2017-09-26,31.5,76.75,0.0
2017-09-26,31.5,77.0,0.0
2017-09-26,31.5,77.25,0.0
2017-09-26,31.5,77.5,0.0
2017-09-26,31.75,76.5,0.0
2017-09-26,31.75,76.75,0.0
2017-09-26,31.75,77.0,0.0
2017-09-26,31.75,77.25,0.0
2017-09-26,31.75,77.5,0.0
2017-09-26,32.0,76.5,0.0
2017-09-26,32.0,76.75,0.0
2017-09-26,32.0,77.0,0.0
2017-09-26,32.0,77.25,0.0
2017-09-26,32.0,77.5,0.0
2017-09-27,31.5,76.5,0.0
2017-09-27,31.5,76.75,0.0
2017-09-27,31.5,77.0,0.0
2017-09-27,31.5,77.25,0.0
2017-09-27,31.5,77.5,0.0
2017-09-27,31.75,76.5,0.0
2017-09-27,31.75,76.75,0.0
2017-09-27,31.75,77.0,0.0
2017-09-27,31.75,77.25,0.0
2017-09-27,31.75,77.5,0.0
2017-09-27,32.0,76.5,0.0
2017-09-27,32.0,76.75,0.0
2017-09-27,32.0,77.0,0.0
2017-09-27,32.0,77.25,0.0
2017-09-27,32.0,77.5,0.0
2017-09-28,31.5,76.5,0.0
2017-09-28,31.5,76.75,0.5091360211372375
2017-09-28,31.5,77.0,0.0
2017-09-28,31.5,77.25,0.0
2017-09-28,31.5,77.5,0.0
2017-09-28,31.75,76.5,1.7150297164916992
2017-09-28,31.75,76.75,0.0
2017-09-28,31.75,77.0,0.0
2017-09-28,31.75,77.25,0.0
2017-09-28,31.75,77.5,0.0
2017-09-28,32.0,76.5,0.5309152603149414
2017-09-28,32.0,76.75,0.0
2017-09-28,32.0,77.0,0.0
2017-09-28,32.0,77.25,0.0
2017-09-28,32.0,77.5,0.0
2017-09-29,31.5,76.5,0.4160396456718445
2017-09-29,31.5,76.75,0.0
2017-09-29,31.5,77.0,0.0
2017-09-29,31.5,77.25,0.0
2017-09-29,31.5,77.5,0.0
2017-09-29,31.75,76.5,0.0
2017-09-29,31.75,76.75,0.0
2017-09-29,31.75,77.0,0.0
2017-09-29,31.75,77.25,0.0
2017-09-29,31.75,77.5,0.0
2017-09-29,32.0,76.5,3.628781318664551
2017-09-29,32.0,76.75,4.312315464019775
2017-09-29,32.0,77.0,0.0
2017-09-29,32.0,77.25,0.0
2017-09-29,32.0,77.5,0.0
2017-09-30,31.5,76.5,0.0
2017-09-30,31.5,76.75,0.0
2017-09-30,31.5,77.0,0.0
2017-09-30,31.5,77.25,0.0
2017-09-30,31.5,77.5,0.0
2017-09-30,31.75,76.5,0.0
2017-09-30,31.75,76.75,0.0
2017-09-30,31.75,77.0,0.0
2017-09-30,31.75,77.25,0.0
2017-09-30,31.75,77.5,0.0
2017-09-30,32.0,76.5,0.0
2017-09-30,32.0,76.75,0.0
2017-09-30,32.0,77.0,0.0
2017-09-30,32.0,77.25,0.0
2017-09-30,32.0,77.5,0.0
2017-10-01,31.5,76.5,0.0
2017-10-01,31.5,76.75,0.0
2017-10-01,31.5,77.0,0.0
2017-10-01,31.5,77.25,0.0
2017-10-01,31.5,77.5,0.0
2017-10-01,31.75,76.5,0.0
2017-10-01,31.75,76.75,0.0
2017-10-01,31.75,77.0,0.0
2017-10-01,31.75,77.25,0.0
2017-10-01,31.75,77.5,0.0
2017-10-01,32.0,76.5,3.757246494293213
2017-10-01,32.0,76.75,0.0
2017-10-01,32.0,77.0,0.0
2017-10-01,32.0,77.25,0.0
2017-10-01,32.0,77.5,0.0
2017-10-02,31.5,76.5,0.0
2017-10-02,31.5,76.75,0.0
2017-10-02,31.5,77.0,0.0
2017-10-02,31.5,77.25,0.0
2017-10-02,31.5,77.5,0.0
2017-10-02,31.75,76.5,0.0
2017-10-02,31.75,76.75,0.0
2017-10-02,31.75,77.0,0.0
2017-10-02,31.75,77.25,0.0
2017-10-02,31.75,77.5,0.0
2017-10-02,32.0,76.5,0.0
2017-10-02,32.0,76.75,0.0
2017-10-02,32.0,77.0,0.0
2017-10-02,32.0,77.25,0.0
2017-10-02,32.0,77.5,0.0
2017-10-03,31.5,76.5,0.0
2017-10-03,31.5,76.75,0.0
2017-10-03,31.5,77.0,0.0
2017-10-03,31.5,77.25,0.0
2017-10-03,31.5,77.5,0.0
2017-10-03,31.75,76.5,0.0
2017-10-03,31.75,76.75,0.0
2017-10-03,31.75,77.0,0.0
2017-10-03,31.75,77.25,0.0
2017-10-03,31.75,77.5,0.0
2017-10-03,32.0,76.5,0.0
2017-10-03,32.0,76.75,0.0
2017-10-03,32.0,77.0,0.0
2017-10-03,32.0,77.25,0.0
2017-10-03,32.0,77.5,0.0
2017-10-04,31.5,76.5,0.0
2017-10-04,31.5,76.75,0.0
2017-10-04,31.5,77.0,0.0
2017-10-04,31.5,77.25,0.0
2017-10-04,31.5,77.5,0.0
2017-10-04,31.75,76.5,0.0
2017-10-04,31.75,76.75,0.0
2017-10-04,31.75,77.0,0.0
2017-10-04,31.75,77.25,0.0
2017-10-04,31.75,77.5,0.0
2017-10-04,32.0,76.5,0.0
2017-10-04,32.0,76.75,0.0
2017-10-04,32.0,77.0,0.0
2017-10-04,32.0,77.25,0.0
2017-10-04,32.0,77.5,0.0
2017-10-05,31.5,76.5,0.0
2017-10-05,31.5,76.75,0.0
2017-10-05,31.5,77.0,0.0
2017-10-05,31.5,77.25,0.0
2017-10-05,31.5,77.5,0.0
2017-10-05,31.75,76.5,0.0
2017-10-05,31.75,76.75,0.0
2017-10-05,31.75,77.0,0.0
2017-10-05,31.75,77.25,0.0
2017-10-05,31.75,77.5,0.0
2017-10-05,32.0,76.5,0.0
2017-10-05,32.0,76.75,0.0
2017-10-05,32.0,77.0,0.0
2017-10-05,32.0,77.25,0.0
2017-10-05,32.0,77.5,0.0
2017-10-06,31.5,76.5,0.0
2017-10-06,31.5,76.75,0.0
2017-10-06,31.5,77.0,0.0
2017-10-06,31.5,77.25,0.0
2017-10-06,31.5,77.5,0.0
2017-10-06,31.75,76.5,0.0
2017-10-06,31.75,76.75,0.0
2017-10-06,31.75,77.0,0.0
2017-10-06,31.75,77.25,0.0
2017-10-06,31.75,77.5,0.0
2017-10-06,32.0,76.5,0.0
2017-10-06,32.0,76.75,0.0
2017-10-06,32.0,77.0,0.0
2017-10-06,32.0,77.25,0.0
2017-10-06,32.0,77.5,0.0
2017-10-07,31.5,76.5,0.0
2017-10-07,31.5,76.75,0.0
2017-10-07,31.5,77.0,0.0
2017-10-07,31.5,77.25,0.0
2017-10-07,31.5,77.5,0.0
2017-10-07,31.75,76.5,0.0
2017-10-07,31.75,76.75,0.0
2017-10-07,31.75,77.0,0.0
2017-10-07,31.75,77.25,0.0
2017-10-07,31.75,77.5,0.0
2017-10-07,32.0,76.5,0.0
2017-10-07,32.0,76.75,0.0
2017-10-07,32.0,77.0,0.0
2017-10-07,32.0,77.25,0.0
2017-10-07,32.0,77.5,0.0
2017-10-08,31.5,76.5,0.0
2017-10-08,31.5,76.75,0.0
2017-10-08,31.5,77.0,0.0
2017-10-08,31.5,77.25,0.0
2017-10-08,31.5,77.5,0.0
2017-10-08,31.75,76.5,0.0
2017-10-08,31.75,76.75,0.0
2017-10-08,31.75,77.0,0.0
2017-10-08,31.75,77.25,0.0
2017-10-08,31.75,77.5,0.0
2017-10-08,32.0,76.5,0.0
2017-10-08,32.0,76.75,0.0
2017-10-08,32.0,77.0,0.0
2017-10-08,32.0,77.25,0.0
2017-10-08,32.0,77.5,0.0
2017-10-09,31.5,76.5,0.0
2017-10-09,31.5,76.75,0.0
2017-10-09,31.5,77.0,0.0
2017-10-09,31.5,77.25,0.0
2017-10-09,31.5,77.5,0.0
2017-10-09,31.75,76.5,0.0
2017-10-09,31.75,76.75,0.0
2017-10-09,31.75,77.0,0.0
2017-10-09,31.75,77.25,0.0
2017-10-09,31.75,77.5,0.0
2017-10-09,32.0,76.5,0.0
2017-10-09,32.0,76.75,0.0
2017-10-09,32.0,77.0,0.0
2017-10-09,32.0,77.25,0.0
2017-10-09,32.0,77.5,0.0
2017-10-10,31.5,76.5,0.0
2017-10-10,31.5,76.75,0.0
2017-10-10,31.5,77.0,0.0
2017-10-10,31.5,77.25,0.0
2017-10-10,31.5,77.5,0.0
2017-10-10,31.75,76.5,0.0
2017-10-10,31.75,76.75,0.0
2017-10-10,31.75,77.0,0.0
2017-10-10,31.75,77.25,0.0
2017-10-10,31.75,77.5,0.0
2017-10-10,32.0,76.5,0.0
2017-10-10,32.0,76.75,0.0
2017-10-10,32.0,77.0,0.0
2017-10-10,32.0,77.25,0.0
2017-10-10,32.0,77.5,0.0
2017-10-11,31.5,76.5,0.0
2017-10-11,31.5,76.75,0.0
2017-10-11,31.5,77.0,0.0
2017-10-11,31.5,77.25,0.0
2017-10-11,31.5,77.5,0.0
2017-10-11,31.75,76.5,0.0
2017-10-11,31.75,76.75,0.0
2017-10-11,31.75,77.0,0.0
2017-10-11,31.75,77.25,0.0
2017-10-11,31.75,77.5,0.0
2017-10-11,32.0,76.5,0.0
2017-10-11,32.0,76.75,0.0
2017-10-11,32.0,77.0,0.0
2017-10-11,32.0,77.25,0.0
2017-10-11,32.0,77.5,0.0
2017-10-12,31.5,76.5,0.0
2017-10-12,31.5,76.75,0.0
2017-10-12,31.5,77.0,0.0
2017-10-12,31.5,77.25,0.0
2017-10-12,31.5,77.5,0.0
2017-10-12,31.75,76.5,0.0
2017-10-12,31.75,76.75,0.0
2017-10-12,31.75,77.0,0.0
2017-10-12,31.75,77.25,0.0
2017-10-12,31.75,77.5,0.0
2017-10-12,32.0,76.5,0.0
2017-10-12,32.0,76.75,0.0
2017-10-12,32.0,77.0,0.2634540796279907
2017-10-12,32.0,77.25,0.4072926342487335
2017-10-12,32.0,77.5,0.0
2017-10-13,31.5,76.5,0.0
2017-10-13,31.5,76.75,0.0
2017-10-13,31.5,77.0,0.0
2017-10-13,31.5,77.25,0.0
2017-10-13,31.5,77.5,0.0
2017-10-13,31.75,76.5,0.0
2017-10-13,31.75,76.75,0.0
2017-10-13,31.75,77.0,0.0
2017-10-13,31.75,77.25,0.0
2017-10-13,31.75,77.5,0.0
2017-10-13,32.0,76.5,0.0
2017-10-13,32.0,76.75,0.0
2017-10-13,32.0,77.0,0.0
2017-10-13,32.0,77.25,0.0
2017-10-13,32.0,77.5,0.0
2017-10-14,31.5,76.5,0.0
2017-10-14,31.5,76.75,0.0
2017-10-14,31.5,77.0,0.0
2017-10-14,31.5,77.25,0.0
2017-10-14,31.5,77.5,0.0
2017-10-14,31.75,76.5,0.0
2017-10-14,31.75,76.75,0.0
2017-10-14,31.75,77.0,0.0
2017-10-14,31.75,77.25,0.0
2017-10-14,31.75,77.5,0.0
2017-10-14,32.0,76.5,0.0
2017-10-14,32.0,76.75,0.0
2017-10-14,32.0,77.0,0.5708171129226685
2017-10-14,32.0,77.25,0.8824672698974609
2017-10-14,32.0,77.5,0.0
2017-10-15,31.5,76.5,0.0
2017-10-15,31.5,76.75,0.0
2017-10-15,31.5,77.0,0.0
2017-10-15,31.5,77.25,0.0
2017-10-15,31.5,77.5,0.0
2017-10-15,31.75,76.5,0.0
2017-10-15,31.75,76.75,0.0
2017-10-15,31.75,77.0,0.0
2017-10-15,31.75,77.25,0.0
2017-10-15,31.75,77.5,0.0
2017-10-15,32.0,76.5,0.0
2017-10-15,32.0,76.75,0.0
2017-10-15,32.0,77.0,0.0
2017-10-15,32.0,77.25,0.0
2017-10-15,32.0,77.5,0.0
2017-10-16,31.5,76.5,0.0
2017-10-16,31.5,76.75,0.0
2017-10-16,31.5,77.0,0.0
2017-10-16,31.5,77.25,0.0
2017-10-16,31.5,77.5,0.0
2017-10-16,31.75,76.5,0.0
2017-10-16,31.75,76.75,0.0
2017-10-16,31.75,77.0,0.0
2017-10-16,31.75,77.25,0.0
2017-10-16,31.75,77.5,0.0
2017-10-16,32.0,76.5,0.0
2017-10-16,32.0,76.75,0.0
2017-10-16,32.0,77.0,0.0
2017-10-16,32.0,77.25,0.0
2017-10-16,32.0,77.5,0.0
2017-10-17,31.5,76.5,0.0
2017-10-17,31.5,76.75,0.0
2017-10-17,31.5,77.0,0.0
2017-10-17,31.5,77.25,0.0
2017-10-17,31.5,77.5,0.0
2017-10-17,31.75,76.5,0.0
2017-10-17,31.75,76.75,0.0
2017-10-17,31.75,77.0,0.0
2017-10-17,31.75,77.25,0.0
2017-10-17,31.75,77.5,0.0
2017-10-17,32.0,76.5,0.0
2017-10-17,32.0,76.75,0.0
2017-10-17,32.0,77.0,0.0
2017-10-17,32.0,77.25,0.0
2017-10-17,32.0,77.5,0.0
2017-10-18,31.5,76.5,0.0
2017-10-18,31.5,76.75,0.0
2017-10-18,31.5,77.0,0.0
2017-10-18,31.5,77.25,0.0
2017-10-18,31.5,77.5,0.0
2017-10-18,31.75,76.5,0.0
2017-10-18,31.75,76.75,0.0
2017-10-18,31.75,77.0,0.0
2017-10-18,31.75,77.25,0.0
2017-10-18,31.75,77.5,0.0
2017-10-18,32.0,76.5,0.0
2017-10-18,32.0,76.75,0.0
2017-10-18,32.0,77.0,0.0
2017-10-18,32.0,77.25,0.0
2017-10-18,32.0,77.5,0.0
2017-10-19,31.5,76.5,0.0
2017-10-19,31.5,76.75,0.0
2017-10-19,31.5,77.0,0.0
2017-10-19,31.5,77.25,0.0
2017-10-19,31.5,77.5,0.0
2017-10-19,31.75,76.5,0.0
2017-10-19,31.75,76.75,0.0
2017-10-19,31.75,77.0,0.0
2017-10-19,31.75,77.25,0.0
2017-10-19,31.75,77.5,0.0
2017-10-19,32.0,76.5,0.0
2017-10-19,32.0,76.75,0.0
2017-10-19,32.0,77.0,0.0
2017-10-19,32.0,77.25,0.0
2017-10-19,32.0,77.5,0.0
2017-10-20,31.5,76.5,0.0
2017-10-20,31.5,76.75,0.0
2017-10-20,31.5,77.0,0.0
2017-10-20,31.5,77.25,0.0
2017-10-20,31.5,77.5,0.0
2017-10-20,31.75,76.5,0.0
2017-10-20,31.75,76.75,0.0
2017-10-20,31.75,77.0,0.0
2017-10-20,31.75,77.25,0.0
2017-10-20,31.75,77.5,0.0
2017-10-20,32.0,76.5,0.0
2017-10-20,32.0,76.75,0.0
2017-10-20,32.0,77.0,0.2634540796279907
2017-10-20,32.0,77.25,0.4072926342487335
2017-10-20,32.0,77.5,0.0
2017-10-21,31.5,76.5,0.0
2017-10-21,31.5,76.75,0.0
2017-10-21,31.5,77.0,0.0
2017-10-21,31.5,77.25,0.0
2017-10-21,31.5,77.5,0.0
2017-10-21,31.75,76.5,0.0
2017-10-21,31.75,76.75,0.0
2017-10-21,31.75,77.0,0.0
2017-10-21,31.75,77.25,0.0
2017-10-21,31.75,77.5,0.0
2017-10-21,32.0,76.5,0.0
2017-10-21,32.0,76.75,0.0
2017-10-21,32.0,77.0,0.0
2017-10-21,32.0,77.25,0.0
2017-10-21,32.0,77.5,0.0
2017-10-22,31.5,76.5,0.0
2017-10-22,31.5,76.75,0.0
2017-10-22,31.5,77.0,0.0
2017-10-22,31.5,77.25,0.0
2017-10-22,31.5,77.5,0.0
2017-10-22,31.75,76.5,0.0
2017-10-22,31.75,76.75,0.0
2017-10-22,31.75,77.0,0.0
2017-10-22,31.75,77.25,0.0
2017-10-22,31.75,77.5,0.0
2017-10-22,32.0,76.5,0.0
2017-10-22,32.0,76.75,0.0
2017-10-22,32.0,77.0,0.0
2017-10-22,32.0,77.25,0.0
2017-10-22,32.0,77.5,0.0
2017-10-23,31.5,76.5,0.0
2017-10-23,31.5,76.75,0.0
2017-10-23,31.5,77.0,0.0
2017-10-23,31.5,77.25,0.0
2017-10-23,31.5,77.5,0.0
2017-10-23,31.75,76.5,0.0
2017-10-23,31.75,76.75,0.0
2017-10-23,31.75,77.0,0.0
2017-10-23,31.75,77.25,0.0
2017-10-23,31.75,77.5,0.0
2017-10-23,32.0,76.5,0.0
2017-10-23,32.0,76.75,0.0
2017-10-23,32.0,77.0,0.0
2017-10-23,32.0,77.25,0.0
2017-10-23,32.0,77.5,0.0
2017-10-24,31.5,76.5,0.0
2017-10-24,31.5,76.75,0.0
2017-10-24,31.5,77.0,0.0
2017-10-24,31.5,77.25,0.0
2017-10-24,31.5,77.5,0.0
2017-10-24,31.75,76.5,0.0
2017-10-24,31.75,76.75,0.0
2017-10-24,31.75,77.0,0.0
2017-10-24,31.75,77.25,0.0
2017-10-24,31.75,77.5,0.0
2017-10-24,32.0,76.5,0.0
2017-10-24,32.0,76.75,0.0
2017-10-24,32.0,77.0,0.0
2017-10-24,32.0,77.25,0.0
2017-10-24,32.0,77.5,0.0
2017-10-25,31.5,76.5,0.0
2017-10-25,31.5,76.75,0.0
2017-10-25,31.5,77.0,0.0
2017-10-25,31.5,77.25,0.0
2017-10-25,31.5,77.5,0.0
2017-10-25,31.75,76.5,0.0
2017-10-25,31.75,76.75,0.0
2017-10-25,31.75,77.0,0.0
2017-10-25,31.75,77.25,0.0
2017-10-25,31.75,77.5,0.0
2017-10-25,32.0,76.5,0.0
2017-10-25,32.0,76.75,0.0
2017-10-25,32.0,77.0,0.0
2017-10-25,32.0,77.25,0.0
2017-10-25,32.0,77.5,0.0
2017-10-26,31.5,76.5,0.0
2017-10-26,31.5,76.75,0.0
2017-10-26,31.5,77.0,0.0
2017-10-26,31.5,77.25,0.0
2017-10-26,31.5,77.5,0.0
2017-10-26,31.75,76.5,0.0
2017-10-26,31.75,76.75,0.0
2017-10-26,31.75,77.0,0.0
2017-10-26,31.75,77.25,0.0
2017-10-26,31.75,77.5,0.0
2017-10-26,32.0,76.5,0.0
2017-10-26,32.0,76.75,0.0
2017-10-26,32.0,77.0,0.0
2017-10-26,32.0,77.25,0.0
2017-10-26,32.0,77.5,0.0
2017-10-27,31.5,76.5,0.0
2017-10-27,31.5,76.75,0.0
2017-10-27,31.5,77.0,0.0
2017-10-27,31.5,77.25,0.0
2017-10-27,31.5,77.5,0.0
2017-10-27,31.75,76.5,0.0
2017-10-27,31.75,76.75,0.0
2017-10-27,31.75,77.0,0.0
2017-10-27,31.75,77.25,0.0
2017-10-27,31.75,77.5,0.0
2017-10-27,32.0,76.5,0.0
2017-10-27,32.0,76.75,0.0
2017-10-27,32.0,77.0,0.0
2017-10-27,32.0,77.25,0.0
2017-10-27,32.0,77.5,0.0
2017-10-28,31.5,76.5,0.0
2017-10-28,31.5,76.75,0.0
2017-10-28,31.5,77.0,0.0
2017-10-28,31.5,77.25,0.0
2017-10-28,31.5,77.5,0.0
2017-10-28,31.75,76.5,0.0
2017-10-28,31.75,76.75,0.0
2017-10-28,31.75,77.0,0.0
2017-10-28,31.75,77.25,0.0
2017-10-28,31.75,77.5,0.0
2017-10-28,32.0,76.5,0.0
2017-10-28,32.0,76.75,0.0
2017-10-28,32.0,77.0,0.0
2017-10-28,32.0,77.25,0.0
2017-10-28,32.0,77.5,0.0
2017-10-29,31.5,76.5,0.0
2017-10-29,31.5,76.75,0.0
2017-10-29,31.5,77.0,0.0
2017-10-29,31.5,77.25,0.0
2017-10-29,31.5,77.5,0.0
2017-10-29,31.75,76.5,0.0
2017-10-29,31.75,76.75,0.0
2017-10-29,31.75,77.0,0.0
2017-10-29,31.75,77.25,0.0
2017-10-29,31.75,77.5,0.0
2017-10-29,32.0,76.5,0.0
2017-10-29,32.0,76.75,0.0
2017-10-29,32.0,77.0,0.0
2017-10-29,32.0,77.25,0.0
2017-10-29,32.0,77.5,0.0
2017-10-30,31.5,76.5,0.0
2017-10-30,31.5,76.75,0.0
2017-10-30,31.5,77.0,0.0
2017-10-30,31.5,77.25,0.0
2017-10-30,31.5,77.5,0.0
2017-10-30,31.75,76.5,0.0
2017-10-30,31.75,76.75,0.0
2017-10-30,31.75,77.0,0.0
2017-10-30,31.75,77.25,0.0
2017-10-30,31.75,77.5,0.0
2017-10-30,32.0,76.5,0.0
2017-10-30,32.0,76.75,0.0
2017-10-30,32.0,77.0,0.0
2017-10-30,32.0,77.25,0.0
2017-10-30,32.0,77.5,0.0
2017-10-31,31.5,76.5,0.0
2017-10-31,31.5,76.75,0.0
2017-10-31,31.5,77.0,0.0
2017-10-31,31.5,77.25,0.0
2017-10-31,31.5,77.5,0.0
2017-10-31,31.75,76.5,0.0
2017-10-31,31.75,76.75,0.0
2017-10-31,31.75,77.0,0.0
2017-10-31,31.75,77.25,0.0
2017-10-31,31.75,77.5,0.0
2017-10-31,32.0,76.5,0.0
2017-10-31,32.0,76.75,0.0
2017-10-31,32.0,77.0,0.0
2017-10-31,32.0,77.25,0.0
2017-10-31,32.0,77.5,0.0
2017-11-01,31.5,76.5,0.0
2017-11-01,31.5,76.75,0.0
2017-11-01,31.5,77.0,0.0
2017-11-01,31.5,77.25,0.0
2017-11-01,31.5,77.5,0.0
2017-11-01,31.75,76.5,0.0
2017-11-01,31.75,76.75,0.0
2017-11-01,31.75,77.0,0.0
2017-11-01,31.75,77.25,0.0
2017-11-01,31.75,77.5,0.0
2017-11-01,32.0,76.5,0.0
2017-11-01,32.0,76.75,0.0
2017-11-01,32.0,77.0,0.0
2017-11-01,32.0,77.25,0.0
2017-11-01,32.0,77.5,0.0
2017-11-02,31.5,76.5,0.0
2017-11-02,31.5,76.75,0.0
2017-11-02,31.5,77.0,0.0
2017-11-02,31.5,77.25,0.0
2017-11-02,31.5,77.5,0.0
2017-11-02,31.75,76.5,0.0
2017-11-02,31.75,76.75,0.0
2017-11-02,31.75,77.0,0.0
2017-11-02,31.75,77.25,0.0
2017-11-02,31.75,77.5,0.0
2017-11-02,32.0,76.5,0.0
2017-11-02,32.0,76.75,0.0
2017-11-02,32.0,77.0,0.0
2017-11-02,32.0,77.25,0.0
2017-11-02,32.0,77.5,0.0
2017-11-03,31.5,76.5,0.0
2017-11-03,31.5,76.75,0.0
2017-11-03,31.5,77.0,0.0
2017-11-03,31.5,77.25,0.0
2017-11-03,31.5,77.5,0.0
2017-11-03,31.75,76.5,0.0
2017-11-03,31.75,76.75,0.0
2017-11-03,31.75,77.0,0.0
2017-11-03,31.75,77.25,0.0
2017-11-03,31.75,77.5,0.0
2017-11-03,32.0,76.5,0.0
2017-11-03,32.0,76.75,0.0
2017-11-03,32.0,77.0,0.0
2017-11-03,32.0,77.25,0.0
2017-11-03,32.0,77.5,0.0
2017-11-04,31.5,76.5,0.0
2017-11-04,31.5,76.75,0.0
2017-11-04,31.5,77.0,0.0
2017-11-04,31.5,77.25,0.0
2017-11-04,31.5,77.5,0.0
2017-11-04,31.75,76.5,0.0
2017-11-04,31.75,76.75,0.0
2017-11-04,31.75,77.0,0.0
2017-11-04,31.75,77.25,0.0
2017-11-04,31.75,77.5,0.0
2017-11-04,32.0,76.5,0.0
2017-11-04,32.0,76.75,0.0
2017-11-04,32.0,77.0,0.0
2017-11-04,32.0,77.25,0.0
2017-11-04,32.0,77.5,0.0
2017-11-05,31.5,76.5,0.0
2017-11-05,31.5,76.75,0.0
2017-11-05,31.5,77.0,0.0
2017-11-05,31.5,77.25,0.0
2017-11-05,31.5,77.5,0.0
2017-11-05,31.75,76.5,0.0
2017-11-05,31.75,76.75,0.0
2017-11-05,31.75,77.0,0.0
2017-11-05,31.75,77.25,0.0
2017-11-05,31.75,77.5,0.0
2017-11-05,32.0,76.5,0.0
2017-11-05,32.0,76.75,0.0
2017-11-05,32.0,77.0,0.0
2017-11-05,32.0,77.25,0.0
2017-11-05,32.0,77.5,0.0
2017-11-06,31.5,76.5,0.0
2017-11-06,31.5,76.75,0.0
2017-11-06,31.5,77.0,0.0
2017-11-06,31.5,77.25,0.0
2017-11-06,31.5,77.5,0.0
2017-11-06,31.75,76.5,0.0
2017-11-06,31.75,76.75,0.0
2017-11-06,31.75,77.0,0.0
2017-11-06,31.75,77.25,0.0
2017-11-06,31.75,77.5,0.0
2017-11-06,32.0,76.5,0.0
2017-11-06,32.0,76.75,0.0
2017-11-06,32.0,77.0,0.0
2017-11-06,32.0,77.25,0.0
2017-11-06,32.0,77.5,0.0
2017-11-07,31.5,76.5,0.0
2017-11-07,31.5,76.75,0.0
2017-11-07,31.5,77.0,0.0
2017-11-07,31.5,77.25,0.0
2017-11-07,31.5,77.5,0.0
2017-11-07,31.75,76.5,0.0
2017-11-07,31.75,76.75,0.0
2017-11-07,31.75,77.0,0.0
2017-11-07,31.75,77.25,0.0
2017-11-07,31.75,77.5,0.0
2017-11-07,32.0,76.5,0.0
2017-11-07,32.0,76.75,0.0
2017-11-07,32.0,77.0,0.0
2017-11-07,32.0,77.25,0.0
2017-11-07,32.0,77.5,0.0
2017-11-08,31.5,76.5,0.0
2017-11-08,31.5,76.75,0.0
2017-11-08,31.5,77.0,0.0
2017-11-08,31.5,77.25,0.0
2017-11-08,31.5,77.5,0.0
2017-11-08,31.75,76.5,0.0
2017-11-08,31.75,76.75,0.0
2017-11-08,31.75,77.0,0.0
2017-11-08,31.75,77.25,0.0
2017-11-08,31.75,77.5,0.0
2017-11-08,32.0,76.5,0.0
2017-11-08,32.0,76.75,0.0
2017-11-08,32.0,77.0,0.0
2017-11-08,32.0,77.25,0.0
2017-11-08,32.0,77.5,0.0
2017-11-09,31.5,76.5,0.0
2017-11-09,31.5,76.75,0.0
2017-11-09,31.5,77.0,0.0
2017-11-09,31.5,77.25,0.0
2017-11-09,31.5,77.5,0.0
2017-11-09,31.75,76.5,0.0
2017-11-09,31.75,76.75,0.0
2017-11-09,31.75,77.0,0.0
2017-11-09,31.75,77.25,0.0
2017-11-09,31.75,77.5,0.0
2017-11-09,32.0,76.5,0.0
2017-11-09,32.0,76.75,0.0
2017-11-09,32.0,77.0,0.0
2017-11-09,32.0,77.25,0.0
2017-11-09,32.0,77.5,0.0
2017-11-10,31.5,76.5,0.0
2017-11-10,31.5,76.75,0.0
2017-11-10,31.5,77.0,0.0
2017-11-10,31.5,77.25,0.0
2017-11-10,31.5,77.5,0.0
2017-11-10,31.75,76.5,0.0
2017-11-10,31.75,76.75,0.0
2017-11-10,31.75,77.0,0.0
2017-11-10,31.75,77.25,0.0
2017-11-10,31.75,77.5,0.0
2017-11-10,32.0,76.5,0.0
2017-11-10,32.0,76.75,0.0
2017-11-10,32.0,77.0,0.0
2017-11-10,32.0,77.25,0.0
2017-11-10,32.0,77.5,0.0
2017-11-11,31.5,76.5,0.0
2017-11-11,31.5,76.75,0.0
2017-11-11,31.5,77.0,0.0
2017-11-11,31.5,77.25,0.0
2017-11-11,31.5,77.5,0.0
2017-11-11,31.75,76.5,0.0
2017-11-11,31.75,76.75,0.0
2017-11-11,31.75,77.0,0.0
2017-11-11,31.75,77.25,0.0
2017-11-11,31.75,77.5,0.0
2017-11-11,32.0,76.5,0.0
2017-11-11,32.0,76.75,0.0
2017-11-11,32.0,77.0,0.0
2017-11-11,32.0,77.25,0.0
2017-11-11,32.0,77.5,0.0
2017-11-12,31.5,76.5,0.0
2017-11-12,31.5,76.75,0.0
2017-11-12,31.5,77.0,0.0
2017-11-12,31.5,77.25,0.0
2017-11-12,31.5,77.5,0.0
2017-11-12,31.75,76.5,0.0
2017-11-12,31.75,76.75,0.0
2017-11-12,31.75,77.0,0.0
2017-11-12,31.75,77.25,0.0
2017-11-12,31.75,77.5,0.0
2017-11-12,32.0,76.5,0.0
2017-11-12,32.0,76.75,0.0
2017-11-12,32.0,77.0,0.0
2017-11-12,32.0,77.25,0.0
2017-11-12,32.0,77.5,0.0
2017-11-13,31.5,76.5,0.0
2017-11-13,31.5,76.75,0.0
2017-11-13,31.5,77.0,0.0
2017-11-13,31.5,77.25,0.0
2017-11-13,31.5,77.5,0.0
2017-11-13,31.75,76.5,0.0
2017-11-13,31.75,76.75,0.0
2017-11-13,31.75,77.0,0.0
2017-11-13,31.75,77.25,0.0
2017-11-13,31.75,77.5,0.0
2017-11-13,32.0,76.5,0.0
2017-11-13,32.0,76.75,0.0
2017-11-13,32.0,77.0,0.0
2017-11-13,32.0,77.25,0.0
2017-11-13,32.0,77.5,0.0
2017-11-14,31.5,76.5,0.0
2017-11-14,31.5,76.75,0.0
2017-11-14,31.5,77.0,0.0
2017-11-14,31.5,77.25,0.0
2017-11-14,31.5,77.5,0.0
2017-11-14,31.75,76.5,0.0
2017-11-14,31.75,76.75,0.0
2017-11-14,31.75,77.0,0.0
2017-11-14,31.75,77.25,0.0
2017-11-14,31.75,77.5,0.0
2017-11-14,32.0,76.5,0.0
2017-11-14,32.0,76.75,0.0
2017-11-14,32.0,77.0,0.0
2017-11-14,32.0,77.25,0.0
2017-11-14,32.0,77.5,0.0
2017-11-15,31.5,76.5,0.0
2017-11-15,31.5,76.75,0.0
2017-11-15,31.5,77.0,0.0
2017-11-15,31.5,77.25,0.0
2017-11-15,31.5,77.5,0.0
2017-11-15,31.75,76.5,0.0
2017-11-15,31.75,76.75,0.0
2017-11-15,31.75,77.0,0.0
2017-11-15,31.75,77.25,0.0
2017-11-15,31.75,77.5,0.0
2017-11-15,32.0,76.5,0.0
2017-11-15,32.0,76.75,0.0
2017-11-15,32.0,77.0,0.0
2017-11-15,32.0,77.25,0.0
2017-11-15,32.0,77.5,0.0
2017-11-16,31.5,76.5,0.0
2017-11-16,31.5,76.75,0.0
2017-11-16,31.5,77.0,0.0
2017-11-16,31.5,77.25,0.0
2017-11-16,31.5,77.5,0.0
2017-11-16,31.75,76.5,0.0
2017-11-16,31.75,76.75,0.0
2017-11-16,31.75,77.0,0.0
2017-11-16,31.75,77.25,0.0
2017-11-16,31.75,77.5,0.0
2017-11-16,32.0,76.5,0.0
2017-11-16,32.0,76.75,0.0
2017-11-16,32.0,77.0,0.0
2017-11-16,32.0,77.25,0.0
2017-11-16,32.0,77.5,0.0
2017-11-17,31.5,76.5,0.0
2017-11-17,31.5,76.75,0.0
2017-11-17,31.5,77.0,0.0
2017-11-17,31.5,77.25,0.0
2017-11-17,31.5,77.5,0.0
2017-11-17,31.75,76.5,0.0
2017-11-17,31.75,76.75,0.0
2017-11-17,31.75,77.0,0.0
2017-11-17,31.75,77.25,0.0
2017-11-17,31.75,77.5,0.0
2017-11-17,32.0,76.5,0.0
2017-11-17,32.0,76.75,0.0
2017-11-17,32.0,77.0,0.2918816804885864
2017-11-17,32.0,77.25,0.39267250895500183
2017-11-17,32.0,77.5,0.0
2017-11-18,31.5,76.5,0.0
2017-11-18,31.5,76.75,0.2846584618091583
2017-11-18,31.5,77.0,0.0
2017-11-18,31.5,77.25,0.8174959421157837
2017-11-18,31.5,77.5,0.27893713116645813
2017-11-18,31.75,76.5,0.0
2017-11-18,31.75,76.75,0.0
2017-11-18,31.75,77.0,0.8618699908256531
2017-11-18,31.75,77.25,0.9260441660881042
2017-11-18,31.75,77.5,0.7709090113639832
2017-11-18,32.0,76.5,1.049456238746643
2017-11-18,32.0,76.75,1.5773704051971436
2017-11-18,32.0,77.0,2.4048147201538086
2017-11-18,32.0,77.25,3.240109443664551
2017-11-18,32.0,77.5,1.0
2017-11-19,31.5,76.5,0.0
2017-11-19,31.5,76.75,0.4066549241542816
2017-11-19,31.5,77.0,3.000123977661133
2017-11-19,31.5,77.25,0.9086147546768188
2017-11-19,31.5,77.5,0.0
2017-11-19,31.75,76.5,0.0
2017-11-19,31.75,76.75,0.0
2017-11-19,31.75,77.0,7.653920650482178
2017-11-19,31.75,77.25,2.9085988998413086
2017-11-19,31.75,77.5,0.0
2017-11-19,32.0,76.5,0.0
2017-11-19,32.0,76.75,1.783800721168518
2017-11-19,32.0,77.0,10.475034713745117
2017-11-19,32.0,77.25,11.09244155883789
2017-11-19,32.0,77.5,3.0286600589752197
2017-11-20,31.5,76.5,0.0
2017-11-20,31.5,76.75,0.0
2017-11-20,31.5,77.0,1.4945348501205444
2017-11-20,31.5,77.25,7.878885746002197
2017-11-20,31.5,77.5,0.658184826374054
2017-11-20,31.75,76.5,0.0
2017-11-20,31.75,76.75,0.0
2017-11-20,31.75,77.0,3.477363109588623
2017-11-20,31.75,77.25,8.901719093322754
2017-11-20,31.75,77.5,3.7498273849487305
2017-11-20,32.0,76.5,0.0
2017-11-20,32.0,76.75,0.7991909384727478
2017-11-20,32.0,77.0,5.428512096405029
2017-11-20,32.0,77.25,7.356806755065918
2017-11-20,32.0,77.5,5.398090362548828
2017-11-21,31.5,76.5,0.0
2017-11-21,31.5,76.75,0.0
2017-11-21,31.5,77.0,0.0
2017-11-21,31.5,77.25,0.0
2017-11-21,31.5,77.5,0.0
2017-11-21,31.75,76.5,0.0
2017-11-21,31.75,76.75,0.0
2017-11-21,31.75,77.0,0.0
2017-11-21,31.75,77.25,0.0
2017-11-21,31.75,77.5,0.0
2017-11-21,32.0,76.5,0.0
2017-11-21,32.0,76.75,0.0
2017-11-21,32.0,77.0,0.0
2017-11-21,32.0,77.25,0.0
2017-11-21,32.0,77.5,0.0
2017-11-22,31.5,76.5,0.0
2017-11-22,31.5,76.75,0.0
2017-11-22,31.5,77.0,0.0
2017-11-22,31.5,77.25,0.0
2017-11-22,31.5,77.5,0.0
2017-11-22,31.75,76.5,0.0
2017-11-22,31.75,76.75,0.0
2017-11-22,31.75,77.0,0.0
2017-11-22,31.75,77.25,0.0
2017-11-22,31.75,77.5,0.0
2017-11-22,32.0,76.5,0.0
2017-11-22,32.0,76.75,0.0
2017-11-22,32.0,77.0,0.0
2017-11-22,32.0,77.25,0.0
2017-11-22,32.0,77.5,0.0
2017-11-23,31.5,76.5,0.0
2017-11-23,31.5,76.75,0.0
2017-11-23,31.5,77.0,0.0
2017-11-23,31.5,77.25,0.0
2017-11-23,31.5,77.5,0.0
2017-11-23,31.75,76.5,0.0
2017-11-23,31.75,76.75,0.0
2017-11-23,31.75,77.0,0.0
2017-11-23,31.75,77.25,0.0
2017-11-23,31.75,77.5,0.0
2017-11-23,32.0,76.5,0.0
2017-11-23,32.0,76.75,0.0
2017-11-23,32.0,77.0,0.0
2017-11-23,32.0,77.25,0.0
2017-11-23,32.0,77.5,0.0
2017-11-24,31.5,76.5,0.0
2017-11-24,31.5,76.75,0.0
2017-11-24,31.5,77.0,0.0
2017-11-24,31.5,77.25,0.0
2017-11-24,31.5,77.5,0.0
2017-11-24,31.75,76.5,0.0
2017-11-24,31.75,76.75,0.0
2017-11-24,31.75,77.0,0.0
2017-11-24,31.75,77.25,0.0
2017-11-24,31.75,77.5,0.0
2017-11-24,32.0,76.5,0.0
2017-11-24,32.0,76.75,0.0
2017-11-24,32.0,77.0,0.0
2017-11-24,32.0,77.25,0.0
2017-11-24,32.0,77.5,0.0
2017-11-25,31.5,76.5,0.0
2017-11-25,31.5,76.75,0.0
2017-11-25,31.5,77.0,0.0
2017-11-25,31.5,77.25,0.0
2017-11-25,31.5,77.5,0.0
2017-11-25,31.75,76.5,0.0
2017-11-25,31.75,76.75,0.0
2017-11-25,31.75,77.0,0.0
2017-11-25,31.75,77.25,0.0
2017-11-25,31.75,77.5,0.0
2017-11-25,32.0,76.5,0.0
2017-11-25,32.0,76.75,0.0
2017-11-25,32.0,77.0,0.0
2017-11-25,32.0,77.25,0.0
2017-11-25,32.0,77.5,0.0
2017-11-26,31.5,76.5,0.0
2017-11-26,31.5,76.75,0.0
2017-11-26,31.5,77.0,0.0
2017-11-26,31.5,77.25,0.0
2017-11-26,31.5,77.5,0.0
2017-11-26,31.75,76.5,0.0
2017-11-26,31.75,76.75,0.0
2017-11-26,31.75,77.0,0.0
2017-11-26,31.75,77.25,0.0
2017-11-26,31.75,77.5,0.0
2017-11-26,32.0,76.5,0.0
2017-11-26,32.0,76.75,0.0
2017-11-26,32.0,77.0,0.0
2017-11-26,32.0,77.25,0.0
2017-11-26,32.0,77.5,0.0
2017-11-27,31.5,76.5,0.0
2017-11-27,31.5,76.75,0.0
2017-11-27,31.5,77.0,0.0
2017-11-27,31.5,77.25,0.0
2017-11-27,31.5,77.5,0.0
2017-11-27,31.75,76.5,0.0
2017-11-27,31.75,76.75,0.0
2017-11-27,31.75,77.0,0.0
2017-11-27,31.75,77.25,0.0
2017-11-27,31.75,77.5,0.0
2017-11-27,32.0,76.5,0.0
2017-11-27,32.0,76.75,0.0
2017-11-27,32.0,77.0,0.0
2017-11-27,32.0,77.25,0.0
2017-11-27,32.0,77.5,0.0
2017-11-28,31.5,76.5,0.0
2017-11-28,31.5,76.75,0.0
2017-11-28,31.5,77.0,0.0
2017-11-28,31.5,77.25,0.0
2017-11-28,31.5,77.5,0.0
2017-11-28,31.75,76.5,0.0
2017-11-28,31.75,76.75,0.0
2017-11-28,31.75,77.0,0.0
2017-11-28,31.75,77.25,0.0
2017-11-28,31.75,77.5,0.0
2017-11-28,32.0,76.5,0.0
2017-11-28,32.0,76.75,0.0
2017-11-28,32.0,77.0,0.0
2017-11-28,32.0,77.25,0.0
2017-11-28,32.0,77.5,0.0
2017-11-29,31.5,76.5,0.0
2017-11-29,31.5,76.75,0.0
2017-11-29,31.5,77.0,0.0
2017-11-29,31.5,77.25,0.0
2017-11-29,31.5,77.5,0.0
2017-11-29,31.75,76.5,0.0
2017-11-29,31.75,76.75,0.0
2017-11-29,31.75,77.0,0.0
2017-11-29,31.75,77.25,0.0
2017-11-29,31.75,77.5,0.0
2017-11-29,32.0,76.5,0.0
2017-11-29,32.0,76.75,0.0
2017-11-29,32.0,77.0,0.0
2017-11-29,32.0,77.25,0.0
2017-11-29,32.0,77.5,0.0
2017-11-30,31.5,76.5,0.0
2017-11-30,31.5,76.75,0.0
2017-11-30,31.5,77.0,0.0
2017-11-30,31.5,77.25,0.0
2017-11-30,31.5,77.5,0.0
2017-11-30,31.75,76.5,0.0
2017-11-30,31.75,76.75,0.0
2017-11-30,31.75,77.0,0.0
2017-11-30,31.75,77.25,0.0
2017-11-30,31.75,77.5,0.0
2017-11-30,32.0,76.5,0.0
2017-11-30,32.0,76.75,0.0
2017-11-30,32.0,77.0,0.0
2017-11-30,32.0,77.25,0.0
2017-11-30,32.0,77.5,0.0
2017-12-01,31.5,76.5,0.0
2017-12-01,31.5,76.75,0.0
2017-12-01,31.5,77.0,0.0
2017-12-01,31.5,77.25,0.0
2017-12-01,31.5,77.5,0.0
2017-12-01,31.75,76.5,0.0
2017-12-01,31.75,76.75,0.0
2017-12-01,31.75,77.0,0.0
2017-12-01,31.75,77.25,0.0
2017-12-01,31.75,77.5,0.0
2017-12-01,32.0,76.5,0.0
2017-12-01,32.0,76.75,0.0
2017-12-01,32.0,77.0,0.0
2017-12-01,32.0,77.25,0.0
2017-12-01,32.0,77.5,0.0
2017-12-02,31.5,76.5,0.0
2017-12-02,31.5,76.75,0.0
2017-12-02,31.5,77.0,0.0
2017-12-02,31.5,77.25,0.0
2017-12-02,31.5,77.5,0.0
2017-12-02,31.75,76.5,0.0
2017-12-02,31.75,76.75,0.0
2017-12-02,31.75,77.0,0.0
2017-12-02,31.75,77.25,0.0
2017-12-02,31.75,77.5,0.0
2017-12-02,32.0,76.5,0.0
2017-12-02,32.0,76.75,0.0
2017-12-02,32.0,77.0,0.0
2017-12-02,32.0,77.25,0.0
2017-12-02,32.0,77.5,0.0
2017-12-03,31.5,76.5,0.0
2017-12-03,31.5,76.75,0.0
2017-12-03,31.5,77.0,0.0
2017-12-03,31.5,77.25,0.0
2017-12-03,31.5,77.5,0.0
2017-12-03,31.75,76.5,0.0
2017-12-03,31.75,76.75,0.0
2017-12-03,31.75,77.0,0.0
2017-12-03,31.75,77.25,0.0
2017-12-03,31.75,77.5,0.0
2017-12-03,32.0,76.5,0.0
2017-12-03,32.0,76.75,0.0
2017-12-03,32.0,77.0,0.0
2017-12-03,32.0,77.25,0.0
2017-12-03,32.0,77.5,0.0
2017-12-04,31.5,76.5,0.0
2017-12-04,31.5,76.75,0.0
2017-12-04,31.5,77.0,0.0
2017-12-04,31.5,77.25,0.0
2017-12-04,31.5,77.5,0.0
2017-12-04,31.75,76.5,0.0
2017-12-04,31.75,76.75,0.0
2017-12-04,31.75,77.0,0.0
2017-12-04,31.75,77.25,0.0
2017-12-04,31.75,77.5,0.0
2017-12-04,32.0,76.5,0.0
2017-12-04,32.0,76.75,0.0
2017-12-04,32.0,77.0,0.0
2017-12-04,32.0,77.25,0.0
2017-12-04,32.0,77.5,0.0
2017-12-05,31.5,76.5,0.0
2017-12-05,31.5,76.75,0.0
2017-12-05,31.5,77.0,0.0
2017-12-05,31.5,77.25,0.0
2017-12-05,31.5,77.5,0.0
2017-12-05,31.75,76.5,0.0
2017-12-05,31.75,76.75,0.0
2017-12-05,31.75,77.0,0.0
2017-12-05,31.75,77.25,0.0
2017-12-05,31.75,77.5,0.0
2017-12-05,32.0,76.5,0.0
2017-12-05,32.0,76.75,0.0
2017-12-05,32.0,77.0,0.0
2017-12-05,32.0,77.25,0.0
2017-12-05,32.0,77.5,0.0
2017-12-06,31.5,76.5,0.0
2017-12-06,31.5,76.75,0.0
2017-12-06,31.5,77.0,0.0
2017-12-06,31.5,77.25,0.0
2017-12-06,31.5,77.5,0.0
2017-12-06,31.75,76.5,0.0
2017-12-06,31.75,76.75,0.0
2017-12-06,31.75,77.0,0.0
2017-12-06,31.75,77.25,0.0
2017-12-06,31.75,77.5,0.0
2017-12-06,32.0,76.5,0.0
2017-12-06,32.0,76.75,0.0
2017-12-06,32.0,77.0,0.0
2017-12-06,32.0,77.25,0.0
2017-12-06,32.0,77.5,0.0
2017-12-07,31.5,76.5,0.0
2017-12-07,31.5,76.75,0.0
2017-12-07,31.5,77.0,0.0
2017-12-07,31.5,77.25,1.12712824344635
2017-12-07,31.5,77.5,1.1197699308395386
2017-12-07,31.75,76.5,0.0
2017-12-07,31.75,76.75,0.0
2017-12-07,31.75,77.0,0.0
2017-12-07,31.75,77.25,0.7477167844772339
2017-12-07,31.75,77.5,1.5289103984832764
2017-12-07,32.0,76.5,0.0
2017-12-07,32.0,76.75,0.0
2017-12-07,32.0,77.0,0.2634540796279907
2017-12-07,32.0,77.25,0.5299778580665588
2017-12-07,32.0,77.5,1.0926103591918945
2017-12-08,31.5,76.5,0.0
2017-12-08,31.5,76.75,0.0
2017-12-08,31.5,77.0,0.0
2017-12-08,31.5,77.25,0.0
2017-12-08,31.5,77.5,0.0
2017-12-08,31.75,76.5,0.0
2017-12-08,31.75,76.75,0.0
2017-12-08,31.75,77.0,0.0
2017-12-08,31.75,77.25,0.0
2017-12-08,31.75,77.5,0.0
2017-12-08,32.0,76.5,0.0
2017-12-08,32.0,76.75,0.0
2017-12-08,32.0,77.0,0.0
2017-12-08,32.0,77.25,0.0
2017-12-08,32.0,77.5,0.0
2017-12-09,31.5,76.5,0.0
2017-12-09,31.5,76.75,0.0
2017-12-09,31.5,77.0,0.0
2017-12-09,31.5,77.25,0.0
2017-12-09,31.5,77.5,0.0
2017-12-09,31.75,76.5,0.0
2017-12-09,31.75,76.75,0.0
2017-12-09,31.75,77.0,0.0
2017-12-09,31.75,77.25,0.0
2017-12-09,31.75,77.5,0.0
2017-12-09,32.0,76.5,0.0
2017-12-09,32.0,76.75,0.0
2017-12-09,32.0,77.0,0.0
2017-12-09,32.0,77.25,0.0
2017-12-09,32.0,77.5,0.0
2017-12-10,31.5,76.5,0.0
2017-12-10,31.5,76.75,0.0
2017-12-10,31.5,77.0,0.0
2017-12-10,31.5,77.25,0.0
2017-12-10,31.5,77.5,0.0
2017-12-10,31.75,76.5,0.0
2017-12-10,31.75,76.75,0.0
2017-12-10,31.75,77.0,0.0
2017-12-10,31.75,77.25,0.0
2017-12-10,31.75,77.5,0.0
2017-12-10,32.0,76.5,0.0
2017-12-10,32.0,76.75,0.0
2017-12-10,32.0,77.0,0.0
2017-12-10,32.0,77.25,0.0
2017-12-10,32.0,77.5,0.0
2017-12-11,31.5,76.5,0.0
2017-12-11,31.5,76.75,0.0
2017-12-11,31.5,77.0,0.0
2017-12-11,31.5,77.25,0.0
2017-12-11,31.5,77.5,0.0
2017-12-11,31.75,76.5,0.0
2017-12-11,31.75,76.75,0.0
2017-12-11,31.75,77.0,0.0
2017-12-11,31.75,77.25,0.0
2017-12-11,31.75,77.5,0.0
2017-12-11,32.0,76.5,0.0
2017-12-11,32.0,76.75,0.0
2017-12-11,32.0,77.0,0.0
2017-12-11,32.0,77.25,0.0
2017-12-11,32.0,77.5,0.0
2017-12-12,31.5,76.5,18.95591163635254
2017-12-12,31.5,76.75,31.340681076049805
2017-12-12,31.5,77.0,20.63013458251953
2017-12-12,31.5,77.25,34.87350845336914
2017-12-12,31.5,77.5,9.101048469543457
2017-12-12,31.75,76.5,33.17460250854492
2017-12-12,31.75,76.75,23.806262969970703
2017-12-12,31.75,77.0,18.323471069335938
2017-12-12,31.75,77.25,35.217960357666016
2017-12-12,31.75,77.5,19.221189498901367
2017-12-12,32.0,76.5,43.737876892089844
2017-12-12,32.0,76.75,33.7208137512207
2017-12-12,32.0,77.0,24.911365509033203
2017-12-12,32.0,77.25,32.80617904663086
2017-12-12,32.0,77.5,22.649627685546875
2017-12-13,31.5,76.5,20.79119300842285
2017-12-13,31.5,76.75,12.116868019104004
2017-12-13,31.5,77.0,7.66282320022583
2017-12-13,31.5,77.25,8.812665939331055
2017-12-13,31.5,77.5,9.259905815124512
2017-12-13,31.75,76.5,42.510746002197266
2017-12-13,31.75,76.75,25.955825805664062
2017-12-13,31.75,77.0,9.85859203338623
2017-12-13,31.75,77.25,8.950531959533691
2017-12-13,31.75,77.5,8.731919288635254
2017-12-13,32.0,76.5,22.71103858947754
2017-12-13,32.0,76.75,17.388139724731445
2017-12-13,32.0,77.0,9.369437217712402
2017-12-13,32.0,77.25,9.11776065826416
2017-12-13,32.0,77.5,8.119588851928711
2017-12-14,31.5,76.5,0.0
2017-12-14,31.5,76.75,0.6343851089477539
2017-12-14,31.5,77.0,0.0
2017-12-14,31.5,77.25,0.7954258322715759
2017-12-14,31.5,77.5,1.1244876384735107
2017-12-14,31.75,76.5,5.151271820068359
2017-12-14,31.75,76.75,1.0758335590362549
2017-12-14,31.75,77.0,0.9750853776931763
2017-12-14,31.75,77.25,1.0644323825836182
2017-12-14,31.75,77.5,1.0187046527862549
2017-12-14,32.0,76.5,3.8388466835021973
2017-12-14,32.0,76.75,0.22165356576442719
2017-12-14,32.0,77.0,1.5628055334091187
2017-12-14,32.0,77.25,1.9037338495254517
2017-12-14,32.0,77.5,1.0859452486038208
2017-12-15,31.5,76.5,0.0
2017-12-15,31.5,76.75,0.0
2017-12-15,31.5,77.0,0.0
2017-12-15,31.5,77.25,0.0
2017-12-15,31.5,77.5,0.0
2017-12-15,31.75,76.5,0.0
2017-12-15,31.75,76.75,0.0
2017-12-15,31.75,77.0,0.0
2017-12-15,31.75,77.25,0.0
2017-12-15,31.75,77.5,0.0
2017-12-15,32.0,76.5,0.0
2017-12-15,32.0,76.75,0.0
2017-12-15,32.0,77.0,0.0
2017-12-15,32.0,77.25,0.0
2017-12-15,32.0,77.5,0.0
2017-12-16,31.5,76.5,0.0
2017-12-16,31.5,76.75,0.0
2017-12-16,31.5,77.0,0.0
2017-12-16,31.5,77.25,0.0
2017-12-16,31.5,77.5,0.0
2017-12-16,31.75,76.5,0.0
2017-12-16,31.75,76.75,0.0
2017-12-16,31.75,77.0,0.0
2017-12-16,31.75,77.25,0.0
2017-12-16,31.75,77.5,0.0
2017-12-16,32.0,76.5,0.0
2017-12-16,32.0,76.75,0.0
2017-12-16,32.0,77.0,0.0
2017-12-16,32.0,77.25,0.0
2017-12-16,32.0,77.5,0.0
2017-12-17,31.5,76.5,0.0
2017-12-17,31.5,76.75,0.0
2017-12-17,31.5,77.0,0.0
2017-12-17,31.5,77.25,0.0
2017-12-17,31.5,77.5,0.0
2017-12-17,31.75,76.5,0.0
2017-12-17,31.75,76.75,0.0
2017-12-17,31.75,77.0,0.0
2017-12-17,31.75,77.25,0.0
2017-12-17,31.75,77.5,0.0
2017-12-17,32.0,76.5,0.0
2017-12-17,32.0,76.75,0.0
2017-12-17,32.0,77.0,0.0
2017-12-17,32.0,77.25,0.0
2017-12-17,32.0,77.5,0.0
2017-12-18,31.5,76.5,0.0
2017-12-18,31.5,76.75,0.0
2017-12-18,31.5,77.0,0.0
2017-12-18,31.5,77.25,0.0
2017-12-18,31.5,77.5,0.0
2017-12-18,31.75,76.5,0.0
2017-12-18,31.75,76.75,0.0
2017-12-18,31.75,77.0,0.0
2017-12-18,31.75,77.25,0.0
2017-12-18,31.75,77.5,0.0
2017-12-18,32.0,76.5,0.0
2017-12-18,32.0,76.75,0.0
2017-12-18,32.0,77.0,0.0
2017-12-18,32.0,77.25,0.0
2017-12-18,32.0,77.5,0.0
2017-12-19,31.5,76.5,0.0
2017-12-19,31.5,76.75,0.0
2017-12-19,31.5,77.0,0.0
2017-12-19,31.5,77.25,0.0
2017-12-19,31.5,77.5,0.0
2017-12-19,31.75,76.5,0.0
2017-12-19,31.75,76.75,0.0
2017-12-19,31.75,77.0,0.0
2017-12-19,31.75,77.25,0.0
2017-12-19,31.75,77.5,0.0
2017-12-19,32.0,76.5,0.0
2017-12-19,32.0,76.75,0.0
2017-12-19,32.0,77.0,0.0
2017-12-19,32.0,77.25,0.0
2017-12-19,32.0,77.5,0.0
2017-12-20,31.5,76.5,0.0
2017-12-20,31.5,76.75,0.0
2017-12-20,31.5,77.0,0.0
2017-12-20,31.5,77.25,0.0
2017-12-20,31.5,77.5,0.0
2017-12-20,31.75,76.5,0.0
2017-12-20,31.75,76.75,0.0
2017-12-20,31.75,77.0,0.0
2017-12-20,31.75,77.25,0.0
2017-12-20,31.75,77.5,0.0
2017-12-20,32.0,76.5,0.0
2017-12-20,32.0,76.75,0.0
2017-12-20,32.0,77.0,0.0
2017-12-20,32.0,77.25,0.0
2017-12-20,32.0,77.5,0.0
2017-12-21,31.5,76.5,0.0
2017-12-21,31.5,76.75,0.0
2017-12-21,31.5,77.0,0.0
2017-12-21,31.5,77.25,0.0
2017-12-21,31.5,77.5,0.0
2017-12-21,31.75,76.5,0.0
2017-12-21,31.75,76.75,0.0
2017-12-21,31.75,77.0,0.0
2017-12-21,31.75,77.25,0.0
2017-12-21,31.75,77.5,0.0
2017-12-21,32.0,76.5,0.0
2017-12-21,32.0,76.75,0.0
2017-12-21,32.0,77.0,0.0
2017-12-21,32.0,77.25,0.0
2017-12-21,32.0,77.5,0.0
2017-12-22,31.5,76.5,0.0
2017-12-22,31.5,76.75,0.0
2017-12-22,31.5,77.0,0.0
2017-12-22,31.5,77.25,0.0
2017-12-22,31.5,77.5,0.0
2017-12-22,31.75,76.5,0.0
2017-12-22,31.75,76.75,0.0
2017-12-22,31.75,77.0,0.0
2017-12-22,31.75,77.25,0.0
2017-12-22,31.75,77.5,0.0
2017-12-22,32.0,76.5,0.0
2017-12-22,32.0,76.75,0.0
2017-12-22,32.0,77.0,0.0
2017-12-22,32.0,77.25,0.0
2017-12-22,32.0,77.5,0.0
2017-12-23,31.5,76.5,0.0
2017-12-23,31.5,76.75,0.0
2017-12-23,31.5,77.0,0.0
2017-12-23,31.5,77.25,0.0
2017-12-23,31.5,77.5,0.0
2017-12-23,31.75,76.5,0.0
2017-12-23,31.75,76.75,0.0
2017-12-23,31.75,77.0,0.0
2017-12-23,31.75,77.25,0.0
2017-12-23,31.75,77.5,0.0
2017-12-23,32.0,76.5,0.0
2017-12-23,32.0,76.75,0.0
2017-12-23,32.0,77.0,0.0
2017-12-23,32.0,77.25,0.0
2017-12-23,32.0,77.5,0.0
2017-12-24,31.5,76.5,0.0
2017-12-24,31.5,76.75,0.0
2017-12-24,31.5,77.0,0.0
2017-12-24,31.5,77.25,0.0
2017-12-24,31.5,77.5,0.0
2017-12-24,31.75,76.5,0.0
2017-12-24,31.75,76.75,0.0
2017-12-24,31.75,77.0,0.0
2017-12-24,31.75,77.25,0.0
2017-12-24,31.75,77.5,0.0
2017-12-24,32.0,76.5,0.0
2017-12-24,32.0,76.75,0.0
2017-12-24,32.0,77.0,0.0
2017-12-24,32.0,77.25,0.0
2017-12-24,32.0,77.5,0.0
2017-12-25,31.5,76.5,0.0
2017-12-25,31.5,76.75,0.0
2017-12-25,31.5,77.0,0.0
2017-12-25,31.5,77.25,0.0
2017-12-25,31.5,77.5,0.0
2017-12-25,31.75,76.5,0.0
2017-12-25,31.75,76.75,0.0
2017-12-25,31.75,77.0,0.0
2017-12-25,31.75,77.25,0.0
2017-12-25,31.75,77.5,0.0
2017-12-25,32.0,76.5,0.0
2017-12-25,32.0,76.75,0.0
2017-12-25,32.0,77.0,0.0
2017-12-25,32.0,77.25,0.0
2017-12-25,32.0,77.5,0.0
2017-12-26,31.5,76.5,0.0
2017-12-26,31.5,76.75,0.0
2017-12-26,31.5,77.0,0.0
2017-12-26,31.5,77.25,0.0
2017-12-26,31.5,77.5,0.0
2017-12-26,31.75,76.5,0.0
2017-12-26,31.75,76.75,0.0
2017-12-26,31.75,77.0,0.0
2017-12-26,31.75,77.25,0.0
2017-12-26,31.75,77.5,0.0
2017-12-26,32.0,76.5,0.0
2017-12-26,32.0,76.75,0.0
2017-12-26,32.0,77.0,0.0
2017-12-26,32.0,77.25,0.0
2017-12-26,32.0,77.5,0.0
2017-12-27,31.5,76.5,0.0
2017-12-27,31.5,76.75,0.0
2017-12-27,31.5,77.0,0.0
2017-12-27,31.5,77.25,0.0
2017-12-27,31.5,77.5,0.0
2017-12-27,31.75,76.5,0.0
2017-12-27,31.75,76.75,0.0
2017-12-27,31.75,77.0,0.0
2017-12-27,31.75,77.25,0.0
2017-12-27,31.75,77.5,0.0
2017-12-27,32.0,76.5,0.0
2017-12-27,32.0,76.75,0.0
2017-12-27,32.0,77.0,0.0
2017-12-27,32.0,77.25,0.0
2017-12-27,32.0,77.5,0.0
2017-12-28,31.5,76.5,0.0
2017-12-28,31.5,76.75,0.0
2017-12-28,31.5,77.0,0.0
2017-12-28,31.5,77.25,0.0
2017-12-28,31.5,77.5,0.0
2017-12-28,31.75,76.5,0.0
2017-12-28,31.75,76.75,0.0
2017-12-28,31.75,77.0,0.0
2017-12-28,31.75,77.25,0.0
2017-12-28,31.75,77.5,0.0
2017-12-28,32.0,76.5,0.0
2017-12-28,32.0,76.75,0.0
2017-12-28,32.0,77.0,0.0
2017-12-28,32.0,77.25,0.0
2017-12-28,32.0,77.5,0.0
2017-12-29,31.5,76.5,0.0
2017-12-29,31.5,76.75,0.0
2017-12-29,31.5,77.0,0.0
2017-12-29,31.5,77.25,0.0
2017-12-29,31.5,77.5,0.0
2017-12-29,31.75,76.5,0.0
2017-12-29,31.75,76.75,0.0
2017-12-29,31.75,77.0,0.0
2017-12-29,31.75,77.25,0.0
2017-12-29,31.75,77.5,0.0
2017-12-29,32.0,76.5,0.0
2017-12-29,32.0,76.75,0.0
2017-12-29,32.0,77.0,0.0
2017-12-29,32.0,77.25,0.0
2017-12-29,32.0,77.5,0.0
2017-12-30,31.5,76.5,0.0
2017-12-30,31.5,76.75,0.0
2017-12-30,31.5,77.0,0.0
2017-12-30,31.5,77.25,0.0
2017-12-30,31.5,77.5,0.0
2017-12-30,31.75,76.5,0.0
2017-12-30,31.75,76.75,0.0
2017-12-30,31.75,77.0,0.0
2017-12-30,31.75,77.25,0.0
2017-12-30,31.75,77.5,0.0
2017-12-30,32.0,76.5,0.0
2017-12-30,32.0,76.75,0.0
2017-12-30,32.0,77.0,0.0
2017-12-30,32.0,77.25,0.0
2017-12-30,32.0,77.5,0.0
2017-12-31,31.5,76.5,0.0
2017-12-31,31.5,76.75,0.0
2017-12-31,31.5,77.0,0.0
2017-12-31,31.5,77.25,0.0
2017-12-31,31.5,77.5,0.0
2017-12-31,31.75,76.5,0.0
2017-12-31,31.75,76.75,0.0
2017-12-31,31.75,77.0,0.0
2017-12-31,31.75,77.25,0.0
2017-12-31,31.75,77.5,0.0
2017-12-31,32.0,76.5,0.0
2017-12-31,32.0,76.75,0.0
2017-12-31,32.0,77.0,0.0
2017-12-31,32.0,77.25,0.0
2017-12-31,32.0,77.5,0.0
