date,latitude,longitude,rainfall_mm
2008-01-01,31.5,76.5,0.0
2008-01-01,31.5,76.75,0.0
2008-01-01,31.5,77.0,0.0
2008-01-01,31.5,77.25,0.0
2008-01-01,31.5,77.5,0.0
2008-01-01,31.75,76.5,0.0
2008-01-01,31.75,76.75,0.0
2008-01-01,31.75,77.0,0.0
2008-01-01,31.75,77.25,0.0
2008-01-01,31.75,77.5,0.0
2008-01-01,32.0,76.5,0.0
2008-01-01,32.0,76.75,0.0
2008-01-01,32.0,77.0,0.0
2008-01-01,32.0,77.25,0.0
2008-01-01,32.0,77.5,0.0
2008-01-02,31.5,76.5,0.0
2008-01-02,31.5,76.75,0.0
2008-01-02,31.5,77.0,0.0
2008-01-02,31.5,77.25,0.0
2008-01-02,31.5,77.5,0.0
2008-01-02,31.75,76.5,0.0
2008-01-02,31.75,76.75,0.0
2008-01-02,31.75,77.0,0.0
2008-01-02,31.75,77.25,0.0
2008-01-02,31.75,77.5,0.0
2008-01-02,32.0,76.5,0.0
2008-01-02,32.0,76.75,0.0
2008-01-02,32.0,77.0,0.0
2008-01-02,32.0,77.25,0.0
2008-01-02,32.0,77.5,0.0
2008-01-03,31.5,76.5,0.0
2008-01-03,31.5,76.75,0.0
2008-01-03,31.5,77.0,0.0
2008-01-03,31.5,77.25,0.0
2008-01-03,31.5,77.5,0.0
2008-01-03,31.75,76.5,0.0
2008-01-03,31.75,76.75,0.0
2008-01-03,31.75,77.0,0.0
2008-01-03,31.75,77.25,0.0
2008-01-03,31.75,77.5,0.0
2008-01-03,32.0,76.5,0.0
2008-01-03,32.0,76.75,0.0
2008-01-03,32.0,77.0,0.0
2008-01-03,32.0,77.25,0.0
2008-01-03,32.0,77.5,0.0
2008-01-04,31.5,76.5,0.0
2008-01-04,31.5,76.75,0.0
2008-01-04,31.5,77.0,0.0
2008-01-04,31.5,77.25,0.0
2008-01-04,31.5,77.5,0.0
2008-01-04,31.75,76.5,0.0
2008-01-04,31.75,76.75,0.0
2008-01-04,31.75,77.0,0.0
2008-01-04,31.75,77.25,0.0
2008-01-04,31.75,77.5,0.0
2008-01-04,32.0,76.5,0.0
2008-01-04,32.0,76.75,0.0
2008-01-04,32.0,77.0,0.0
2008-01-04,32.0,77.25,0.0
2008-01-04,32.0,77.5,0.0
2008-01-05,31.5,76.5,0.0
2008-01-05,31.5,76.75,0.0
2008-01-05,31.5,77.0,0.0
2008-01-05,31.5,77.25,0.0
2008-01-05,31.5,77.5,0.0
2008-01-05,31.75,76.5,0.0
2008-01-05,31.75,76.75,0.0
2008-01-05,31.75,77.0,0.0
2008-01-05,31.75,77.25,0.0
2008-01-05,31.75,77.5,0.0
2008-01-05,32.0,76.5,0.0
2008-01-05,32.0,76.75,0.0
2008-01-05,32.0,77.0,0.0
2008-01-05,32.0,77.25,0.0
2008-01-05,32.0,77.5,0.0
2008-01-06,31.5,76.5,0.0
2008-01-06,31.5,76.75,0.0
2008-01-06,31.5,77.0,2.2013113498687744
2008-01-06,31.5,77.25,2.43133282661438
2008-01-06,31.5,77.5,3.4278414249420166
2008-01-06,31.75,76.5,0.0
2008-01-06,31.75,76.75,0.5495094656944275
2008-01-06,31.75,77.0,5.124845027923584
2008-01-06,31.75,77.25,4.244482517242432
2008-01-06,31.75,77.5,8.096761703491211
2008-01-06,32.0,76.5,0.2748037576675415
2008-01-06,32.0,76.75,5.900678634643555
2008-01-06,32.0,77.0,10.087218284606934
2008-01-06,32.0,77.25,12.030879974365234
2008-01-06,32.0,77.5,11.95486831665039
2008-01-07,31.5,76.5,0.0
2008-01-07,31.5,76.75,0.0
2008-01-07,31.5,77.0,3.852294683456421
2008-01-07,31.5,77.25,4.254832744598389
2008-01-07,31.5,77.5,6.125413417816162
2008-01-07,31.75,76.5,0.1526748687028885
2008-01-07,31.75,76.75,0.9616416096687317
2008-01-07,31.75,77.0,8.861397743225098
2008-01-07,31.75,77.25,6.419787406921387
2008-01-07,31.75,77.5,8.52171516418457
2008-01-07,32.0,76.5,1.5345841646194458
2008-01-07,32.0,76.75,6.2975850105285645
2008-01-07,32.0,77.0,10.50670051574707
2008-01-07,32.0,77.25,10.63032341003418
2008-01-07,32.0,77.5,10.356243133544922
2008-01-08,31.5,76.5,0.0
2008-01-08,31.5,76.75,0.20922698080539703
2008-01-08,31.5,77.0,0.818790853023529
2008-01-08,31.5,77.25,1.0260111093521118
2008-01-08,31.5,77.5,1.0283523797988892
2008-01-08,31.75,76.5,0.0
2008-01-08,31.75,76.75,0.9687835574150085
2008-01-08,31.75,77.0,1.8544126749038696
2008-01-08,31.75,77.25,2.890648603439331
2008-01-08,31.75,77.5,4.908423900604248
2008-01-08,32.0,76.5,0.41169220209121704
2008-01-08,32.0,76.75,5.94022274017334
2008-01-08,32.0,77.0,3.2740516662597656
2008-01-08,32.0,77.25,4.714698314666748
2008-01-08,32.0,77.5,5.690018653869629
2008-01-09,31.5,76.5,25.955230712890625
2008-01-09,31.5,76.75,37.38132095336914
2008-01-09,31.5,77.0,42.95064163208008
2008-01-09,31.5,77.25,43.66801071166992
2008-01-09,31.5,77.5,43.84849166870117
2008-01-09,31.75,76.5,21.583309173583984
2008-01-09,31.75,76.75,29.599618911743164
2008-01-09,31.75,77.0,57.32354736328125
2008-01-09,31.75,77.25,46.08064651489258
2008-01-09,31.75,77.5,52.411624908447266
2008-01-09,32.0,76.5,20.69366455078125
2008-01-09,32.0,76.75,44.012516021728516
2008-01-09,32.0,77.0,59.71207809448242
2008-01-09,32.0,77.25,61.39957046508789
2008-01-09,32.0,77.5,55.47895812988281
2008-01-10,31.5,76.5,2.6132497787475586
2008-01-10,31.5,76.75,7.395449638366699
2008-01-10,31.5,77.0,9.544938087463379
2008-01-10,31.5,77.25,10.607351303100586
2008-01-10,31.5,77.5,20.72843360900879
2008-01-10,31.75,76.5,1.4280571937561035
2008-01-10,31.75,76.75,2.3236091136932373
2008-01-10,31.75,77.0,15.058971405029297
2008-01-10,31.75,77.25,11.4379243850708
2008-01-10,31.75,77.5,16.19881248474121
2008-01-10,32.0,76.5,4.205826759338379
2008-01-10,32.0,76.75,11.582785606384277
2008-01-10,32.0,77.0,20.29715347290039
2008-01-10,32.0,77.25,22.519113540649414
2008-01-10,32.0,77.5,20.89998435974121
2008-01-11,31.5,76.5,3.4374985694885254
2008-01-11,31.5,76.75,6.896181583404541
2008-01-11,31.5,77.0,3.579713821411133
2008-01-11,31.5,77.25,3.3144359588623047
2008-01-11,31.5,77.5,3.5683164596557617
2008-01-11,31.75,76.5,3.1865599155426025
2008-01-11,31.75,76.75,1.0555987358093262
2008-01-11,31.75,77.0,3.3364014625549316
2008-01-11,31.75,77.25,3.162174701690674
2008-01-11,31.75,77.5,15.181437492370605
2008-01-11,32.0,76.5,3.704195737838745
2008-01-11,32.0,76.75,10.040350914001465
2008-01-11,32.0,77.0,19.78087615966797
2008-01-11,32.0,77.25,29.073423385620117
2008-01-11,32.0,77.5,26.15835189819336
2008-01-12,31.5,76.5,0.0
2008-01-12,31.5,76.75,0.0
2008-01-12,31.5,77.0,0.0
2008-01-12,31.5,77.25,0.0
2008-01-12,31.5,77.5,0.0
2008-01-12,31.75,76.5,0.0
2008-01-12,31.75,76.75,0.0
2008-01-12,31.75,77.0,0.0
2008-01-12,31.75,77.25,0.0
2008-01-12,31.75,77.5,0.0
2008-01-12,32.0,76.5,0.0
2008-01-12,32.0,76.75,0.0
2008-01-12,32.0,77.0,0.0
2008-01-12,32.0,77.25,0.0
2008-01-12,32.0,77.5,0.0
2008-01-13,31.5,76.5,0.0
2008-01-13,31.5,76.75,0.0
2008-01-13,31.5,77.0,0.0
2008-01-13,31.5,77.25,0.0
2008-01-13,31.5,77.5,0.0
2008-01-13,31.75,76.5,0.0
2008-01-13,31.75,76.75,0.0
2008-01-13,31.75,77.0,0.0
2008-01-13,31.75,77.25,0.0
2008-01-13,31.75,77.5,0.0
2008-01-13,32.0,76.5,0.0
2008-01-13,32.0,76.75,0.0
2008-01-13,32.0,77.0,0.0
2008-01-13,32.0,77.25,0.0
2008-01-13,32.0,77.5,0.0
2008-01-14,31.5,76.5,0.0
2008-01-14,31.5,76.75,0.0
2008-01-14,31.5,77.0,0.0
2008-01-14,31.5,77.25,0.0
2008-01-14,31.5,77.5,0.0
2008-01-14,31.75,76.5,0.0
2008-01-14,31.75,76.75,0.0
2008-01-14,31.75,77.0,0.0
2008-01-14,31.75,77.25,0.0
2008-01-14,31.75,77.5,0.0
2008-01-14,32.0,76.5,0.0
2008-01-14,32.0,76.75,0.0
2008-01-14,32.0,77.0,0.0
2008-01-14,32.0,77.25,0.0
2008-01-14,32.0,77.5,0.0
2008-01-15,31.5,76.5,0.0
2008-01-15,31.5,76.75,0.0
2008-01-15,31.5,77.0,0.0
2008-01-15,31.5,77.25,0.0
2008-01-15,31.5,77.5,0.0
2008-01-15,31.75,76.5,0.0
2008-01-15,31.75,76.75,0.0
2008-01-15,31.75,77.0,0.0
2008-01-15,31.75,77.25,0.0
2008-01-15,31.75,77.5,0.0
2008-01-15,32.0,76.5,0.0
2008-01-15,32.0,76.75,0.0
2008-01-15,32.0,77.0,0.0
2008-01-15,32.0,77.25,0.0
2008-01-15,32.0,77.5,0.0
2008-01-16,31.5,76.5,0.8577418327331543
2008-01-16,31.5,76.75,0.0
2008-01-16,31.5,77.0,0.0
2008-01-16,31.5,77.25,0.0
2008-01-16,31.5,77.5,0.0
2008-01-16,31.75,76.5,1.8395684957504272
2008-01-16,31.75,76.75,0.0
2008-01-16,31.75,77.0,0.0
2008-01-16,31.75,77.25,0.0
2008-01-16,31.75,77.5,0.3136070668697357
2008-01-16,32.0,76.5,1.5800385475158691
2008-01-16,32.0,76.75,0.2044762223958969
2008-01-16,32.0,77.0,0.41161423921585083
2008-01-16,32.0,77.25,0.6402271389961243
2008-01-16,32.0,77.5,0.5781906843185425
2008-01-17,31.5,76.5,10.736361503601074
2008-01-17,31.5,76.75,4.428462982177734
2008-01-17,31.5,77.0,10.478246688842773
2008-01-17,31.5,77.25,11.568662643432617
2008-01-17,31.5,77.5,10.911961555480957
2008-01-17,31.75,76.5,17.52195167541504
2008-01-17,31.75,76.75,12.528114318847656
2008-01-17,31.75,77.0,18.171770095825195
2008-01-17,31.75,77.25,17.956058502197266
2008-01-17,31.75,77.5,23.0814266204834
2008-01-17,32.0,76.5,11.866637229919434
2008-01-17,32.0,76.75,24.46793556213379
2008-01-17,32.0,77.0,20.368379592895508
2008-01-17,32.0,77.25,22.201570510864258
2008-01-17,32.0,77.5,23.73653221130371
2008-01-18,31.5,76.5,7.446375846862793
2008-01-18,31.5,76.75,20.735889434814453
2008-01-18,31.5,77.0,29.865455627441406
2008-01-18,31.5,77.25,31.209041595458984
2008-01-18,31.5,77.5,39.90789031982422
2008-01-18,31.75,76.5,3.0482027530670166
2008-01-18,31.75,76.75,7.776728630065918
2008-01-18,31.75,77.0,53.90510940551758
2008-01-18,31.75,77.25,40.060951232910156
2008-01-18,31.75,77.5,57.15727615356445
2008-01-18,32.0,76.5,14.820050239562988
2008-01-18,32.0,76.75,40.94325637817383
2008-01-18,32.0,77.0,71.54822540283203
2008-01-18,32.0,77.25,78.67691802978516
2008-01-18,32.0,77.5,73.07190704345703
2008-01-19,31.5,76.5,9.053503036499023
2008-01-19,31.5,76.75,4.625068664550781
2008-01-19,31.5,77.0,6.441898345947266
2008-01-19,31.5,77.25,6.26804780960083
2008-01-19,31.5,77.5,7.732841968536377
2008-01-19,31.75,76.5,14.208128929138184
2008-01-19,31.75,76.75,8.174628257751465
2008-01-19,31.75,77.0,8.291759490966797
2008-01-19,31.75,77.25,7.891939640045166
2008-01-19,31.75,77.5,9.0527982711792
2008-01-19,32.0,76.5,9.616270065307617
2008-01-19,32.0,76.75,9.112834930419922
2008-01-19,32.0,77.0,8.37204647064209
2008-01-19,32.0,77.25,8.456814765930176
2008-01-19,32.0,77.5,8.665050506591797
2008-01-20,31.5,76.5,0.0
2008-01-20,31.5,76.75,0.21096360683441162
2008-01-20,31.5,77.0,0.7984356880187988
2008-01-20,31.5,77.25,0.8638572096824646
2008-01-20,31.5,77.5,1.3959962129592896
2008-01-20,31.75,76.5,0.0
2008-01-20,31.75,76.75,0.20263734459877014
2008-01-20,31.75,77.0,1.6809791326522827
2008-01-20,31.75,77.25,1.0851373672485352
2008-01-20,31.75,77.5,2.001889944076538
2008-01-20,32.0,76.5,1.0465378761291504
2008-01-20,32.0,76.75,1.3863111734390259
2008-01-20,32.0,77.0,2.544654130935669
2008-01-20,32.0,77.25,2.990046739578247
2008-01-20,32.0,77.5,2.644360065460205
2008-01-21,31.5,76.5,0.0
2008-01-21,31.5,76.75,0.0
2008-01-21,31.5,77.0,0.366885244846344
2008-01-21,31.5,77.25,0.4052221477031708
2008-01-21,31.5,77.5,0.5713068842887878
2008-01-21,31.75,76.5,0.0
2008-01-21,31.75,76.75,0.0
2008-01-21,31.75,77.0,0.8346422910690308
2008-01-21,31.75,77.25,0.5238548517227173
2008-01-21,31.75,77.5,0.6724042296409607
2008-01-21,32.0,76.5,0.0
2008-01-21,32.0,76.75,0.4789424240589142
2008-01-21,32.0,77.0,0.8411122560501099
2008-01-21,32.0,77.25,0.824309229850769
2008-01-21,32.0,77.5,0.7164564728736877
2008-01-22,31.5,76.5,0.0
2008-01-22,31.5,76.75,0.0
2008-01-22,31.5,77.0,0.0
2008-01-22,31.5,77.25,0.0
2008-01-22,31.5,77.5,0.0
2008-01-22,31.75,76.5,0.0
2008-01-22,31.75,76.75,0.0
2008-01-22,31.75,77.0,0.0
2008-01-22,31.75,77.25,0.0
2008-01-22,31.75,77.5,0.0
2008-01-22,32.0,76.5,0.0
2008-01-22,32.0,76.75,0.0
2008-01-22,32.0,77.0,0.0
2008-01-22,32.0,77.25,0.0
2008-01-22,32.0,77.5,0.0
2008-01-23,31.5,76.5,0.0
2008-01-23,31.5,76.75,0.0
2008-01-23,31.5,77.0,0.0
2008-01-23,31.5,77.25,0.0
2008-01-23,31.5,77.5,0.0
2008-01-23,31.75,76.5,0.0
2008-01-23,31.75,76.75,0.0
2008-01-23,31.75,77.0,0.0
2008-01-23,31.75,77.25,0.0
2008-01-23,31.75,77.5,0.0
2008-01-23,32.0,76.5,0.0
2008-01-23,32.0,76.75,0.0
2008-01-23,32.0,77.0,0.0
2008-01-23,32.0,77.25,0.0
2008-01-23,32.0,77.5,0.0
2008-01-24,31.5,76.5,0.0
2008-01-24,31.5,76.75,0.0
2008-01-24,31.5,77.0,0.0
2008-01-24,31.5,77.25,0.0
2008-01-24,31.5,77.5,0.0
2008-01-24,31.75,76.5,0.0
2008-01-24,31.75,76.75,0.0
2008-01-24,31.75,77.0,0.0
2008-01-24,31.75,77.25,0.0
2008-01-24,31.75,77.5,0.0
2008-01-24,32.0,76.5,0.0
2008-01-24,32.0,76.75,0.0
2008-01-24,32.0,77.0,0.0
2008-01-24,32.0,77.25,0.0
2008-01-24,32.0,77.5,0.0
2008-01-25,31.5,76.5,0.0
2008-01-25,31.5,76.75,0.0
2008-01-25,31.5,77.0,0.0
2008-01-25,31.5,77.25,0.0
2008-01-25,31.5,77.5,0.0
2008-01-25,31.75,76.5,0.0
2008-01-25,31.75,76.75,0.0
2008-01-25,31.75,77.0,0.0
2008-01-25,31.75,77.25,0.0
2008-01-25,31.75,77.5,0.0
2008-01-25,32.0,76.5,0.0
2008-01-25,32.0,76.75,0.0
2008-01-25,32.0,77.0,0.0
2008-01-25,32.0,77.25,0.0
2008-01-25,32.0,77.5,0.0
2008-01-26,31.5,76.5,0.0
2008-01-26,31.5,76.75,0.0
2008-01-26,31.5,77.0,0.0
2008-01-26,31.5,77.25,0.0
2008-01-26,31.5,77.5,0.11426138132810593
2008-01-26,31.75,76.5,0.0
2008-01-26,31.75,76.75,0.0
2008-01-26,31.75,77.0,0.1669284701347351
2008-01-26,31.75,77.25,0.1047709658741951
2008-01-26,31.75,77.5,0.8692174553871155
2008-01-26,32.0,76.5,0.0
2008-01-26,32.0,76.75,0.5748470425605774
2008-01-26,32.0,77.0,1.1325757503509521
2008-01-26,32.0,77.25,1.6648225784301758
2008-01-26,32.0,77.5,1.4979095458984375
2008-01-27,31.5,76.5,0.0
2008-01-27,31.5,76.75,0.0
2008-01-27,31.5,77.0,0.11006557196378708
2008-01-27,31.5,77.25,0.12156664580106735
2008-01-27,31.5,77.5,0.17139208316802979
2008-01-27,31.75,76.5,0.0
2008-01-27,31.75,76.75,0.0
2008-01-27,31.75,77.0,0.25039270520210266
2008-01-27,31.75,77.25,0.15715645253658295
2008-01-27,31.75,77.5,0.13899986445903778
2008-01-27,32.0,76.5,0.0
2008-01-27,32.0,76.75,0.10278748720884323
2008-01-27,32.0,77.0,0.17001084983348846
2008-01-27,32.0,77.25,0.11924733966588974
2008-01-27,32.0,77.5,0.0
2008-01-28,31.5,76.5,0.0
2008-01-28,31.5,76.75,0.0
2008-01-28,31.5,77.0,0.0
2008-01-28,31.5,77.25,0.0
2008-01-28,31.5,77.5,0.0
2008-01-28,31.75,76.5,0.0
2008-01-28,31.75,76.75,0.0
2008-01-28,31.75,77.0,0.0
2008-01-28,31.75,77.25,0.0
2008-01-28,31.75,77.5,0.0
2008-01-28,32.0,76.5,0.0
2008-01-28,32.0,76.75,0.0
2008-01-28,32.0,77.0,0.0
2008-01-28,32.0,77.25,0.0
2008-01-28,32.0,77.5,0.0
2008-01-29,31.5,76.5,0.0
2008-01-29,31.5,76.75,0.0
2008-01-29,31.5,77.0,0.0
2008-01-29,31.5,77.25,0.0
2008-01-29,31.5,77.5,0.0
2008-01-29,31.75,76.5,0.0
2008-01-29,31.75,76.75,0.0
2008-01-29,31.75,77.0,0.0
2008-01-29,31.75,77.25,0.0
2008-01-29,31.75,77.5,0.806418240070343
2008-01-29,32.0,76.5,0.0
2008-01-29,32.0,76.75,0.5257960557937622
2008-01-29,32.0,77.0,1.058436632156372
2008-01-29,32.0,77.25,1.6462985277175903
2008-01-29,32.0,77.5,1.4867761135101318
2008-01-30,31.5,76.5,0.0
2008-01-30,31.5,76.75,0.0
2008-01-30,31.5,77.0,0.183442622423172
2008-01-30,31.5,77.25,0.2026110738515854
2008-01-30,31.5,77.5,0.2856534421443939
2008-01-30,31.75,76.5,0.0
2008-01-30,31.75,76.75,0.0
2008-01-30,31.75,77.0,0.4173211455345154
2008-01-30,31.75,77.25,0.26192742586135864
2008-01-30,31.75,77.5,0.5900745391845703
2008-01-30,32.0,76.5,0.0
2008-01-30,32.0,76.75,0.40499961376190186
2008-01-30,32.0,77.0,0.7537676692008972
2008-01-30,32.0,77.25,0.9304338097572327
2008-01-30,32.0,77.5,0.8262873888015747
2008-01-31,31.5,76.5,0.0
2008-01-31,31.5,76.75,0.0
2008-01-31,31.5,77.0,0.0
2008-01-31,31.5,77.25,0.0
2008-01-31,31.5,77.5,0.0
2008-01-31,31.75,76.5,0.0
2008-01-31,31.75,76.75,0.0
2008-01-31,31.75,77.0,0.0
2008-01-31,31.75,77.25,0.0
2008-01-31,31.75,77.5,0.0
2008-01-31,32.0,76.5,0.0
2008-01-31,32.0,76.75,0.0
2008-01-31,32.0,77.0,0.0
2008-01-31,32.0,77.25,0.0
2008-01-31,32.0,77.5,0.0
2008-02-01,31.5,76.5,0.0
2008-02-01,31.5,76.75,0.0
2008-02-01,31.5,77.0,0.0
2008-02-01,31.5,77.25,0.0
2008-02-01,31.5,77.5,0.0
2008-02-01,31.75,76.5,0.0
2008-02-01,31.75,76.75,0.0
2008-02-01,31.75,77.0,0.0
2008-02-01,31.75,77.25,0.0
2008-02-01,31.75,77.5,0.0
2008-02-01,32.0,76.5,0.0
2008-02-01,32.0,76.75,0.0
2008-02-01,32.0,77.0,0.0
2008-02-01,32.0,77.25,0.0
2008-02-01,32.0,77.5,0.0
2008-02-02,31.5,76.5,0.0
2008-02-02,31.5,76.75,0.0
2008-02-02,31.5,77.0,0.0
2008-02-02,31.5,77.25,0.0
2008-02-02,31.5,77.5,0.0
2008-02-02,31.75,76.5,0.0
2008-02-02,31.75,76.75,0.0
2008-02-02,31.75,77.0,0.0
2008-02-02,31.75,77.25,0.0
2008-02-02,31.75,77.5,0.0
2008-02-02,32.0,76.5,0.0
2008-02-02,32.0,76.75,0.0
2008-02-02,32.0,77.0,0.0
2008-02-02,32.0,77.25,0.0
2008-02-02,32.0,77.5,0.0
2008-02-03,31.5,76.5,6.1375813484191895
2008-02-03,31.5,76.75,8.701139450073242
2008-02-03,31.5,77.0,6.032815456390381
2008-02-03,31.5,77.25,5.861785411834717
2008-02-03,31.5,77.5,5.879477024078369
2008-02-03,31.75,76.5,7.225705623626709
2008-02-03,31.75,76.75,1.782659888267517
2008-02-03,31.75,77.0,7.698327541351318
2008-02-03,31.75,77.25,6.170683860778809
2008-02-03,31.75,77.5,7.867416858673096
2008-02-03,32.0,76.5,4.718097686767578
2008-02-03,32.0,76.75,5.478184700012207
2008-02-03,32.0,77.0,9.969820022583008
2008-02-03,32.0,77.25,11.345046043395996
2008-02-03,32.0,77.5,10.005117416381836
2008-02-04,31.5,76.5,3.651010513305664
2008-02-04,31.5,76.75,10.341292381286621
2008-02-04,31.5,77.0,7.903256416320801
2008-02-04,31.5,77.25,7.774594783782959
2008-02-04,31.5,77.5,10.106563568115234
2008-02-04,31.75,76.5,1.7129713296890259
2008-02-04,31.75,76.75,2.149113893508911
2008-02-04,31.75,77.0,10.80244255065918
2008-02-04,31.75,77.25,8.374695777893066
2008-02-04,31.75,77.5,10.431435585021973
2008-02-04,32.0,76.5,12.72401237487793
2008-02-04,32.0,76.75,7.295852184295654
2008-02-04,32.0,77.0,13.185990333557129
2008-02-04,32.0,77.25,14.60523509979248
2008-02-04,32.0,77.5,12.848675727844238
2008-02-05,31.5,76.5,2.1384060382843018
2008-02-05,31.5,76.75,0.11830694228410721
2008-02-05,31.5,77.0,0.16263173520565033
2008-02-05,31.5,77.25,0.3016625642776489
2008-02-05,31.5,77.5,0.0
2008-02-05,31.75,76.5,3.9546432495117188
2008-02-05,31.75,76.75,0.0
2008-02-05,31.75,77.0,0.0
2008-02-05,31.75,77.25,0.0
2008-02-05,31.75,77.5,0.0
2008-02-05,32.0,76.5,2.9178524017333984
2008-02-05,32.0,76.75,0.0
2008-02-05,32.0,77.0,0.0
2008-02-05,32.0,77.25,0.0
2008-02-05,32.0,77.5,0.0
2008-02-06,31.5,76.5,13.020684242248535
2008-02-06,31.5,76.75,16.199546813964844
2008-02-06,31.5,77.0,11.832971572875977
2008-02-06,31.5,77.25,10.140402793884277
2008-02-06,31.5,77.5,5.060858249664307
2008-02-06,31.75,76.5,12.327157020568848
2008-02-06,31.75,76.75,12.283238410949707
2008-02-06,31.75,77.0,8.334460258483887
2008-02-06,31.75,77.25,10.637999534606934
2008-02-06,31.75,77.5,12.661249160766602
2008-02-06,32.0,76.5,13.480883598327637
2008-02-06,32.0,76.75,13.309991836547852
2008-02-06,32.0,77.0,8.439292907714844
2008-02-06,32.0,77.25,10.061117172241211
2008-02-06,32.0,77.5,11.41161060333252
2008-02-07,31.5,76.5,5.687682628631592
2008-02-07,31.5,76.75,8.964288711547852
2008-02-07,31.5,77.0,9.826637268066406
2008-02-07,31.5,77.25,10.077850341796875
2008-02-07,31.5,77.5,8.396430015563965
2008-02-07,31.75,76.5,3.3237597942352295
2008-02-07,31.75,76.75,7.757436752319336
2008-02-07,31.75,77.0,10.07620620727539
2008-02-07,31.75,77.25,11.847576141357422
2008-02-07,31.75,77.5,16.462617874145508
2008-02-07,32.0,76.5,7.339474201202393
2008-02-07,32.0,76.75,17.721879959106445
2008-02-07,32.0,77.0,11.498238563537598
2008-02-07,32.0,77.25,14.095659255981445
2008-02-07,32.0,77.5,16.216320037841797
2008-02-08,31.5,76.5,1.4568562507629395
2008-02-08,31.5,76.75,3.862947940826416
2008-02-08,31.5,77.0,1.4383459091186523
2008-02-08,31.5,77.25,1.3005287647247314
2008-02-08,31.5,77.5,0.11426138132810593
2008-02-08,31.75,76.5,0.5580640435218811
2008-02-08,31.75,76.75,0.4076671004295349
2008-02-08,31.75,77.0,0.44045937061309814
2008-02-08,31.75,77.25,1.2265106439590454
2008-02-08,31.75,77.5,1.6215828657150269
2008-02-08,32.0,76.5,1.292781949043274
2008-02-08,32.0,76.75,1.1935921907424927
2008-02-08,32.0,77.0,2.021350145339966
2008-02-08,32.0,77.25,2.7913784980773926
2008-02-08,32.0,77.5,2.9414424896240234
2008-02-09,31.5,76.5,9.872687339782715
2008-02-09,31.5,76.75,10.579854965209961
2008-02-09,31.5,77.0,8.586413383483887
2008-02-09,31.5,77.25,7.902177810668945
2008-02-09,31.5,77.5,6.113306522369385
2008-02-09,31.75,76.5,10.930299758911133
2008-02-09,31.75,76.75,9.800642013549805
2008-02-09,31.75,77.0,8.18929672241211
2008-02-09,31.75,77.25,9.161601066589355
2008-02-09,31.75,77.5,10.510238647460938
2008-02-09,32.0,76.5,6.3045735359191895
2008-02-09,32.0,76.75,10.869401931762695
2008-02-09,32.0,77.0,8.27511978149414
2008-02-09,32.0,77.25,9.04053783416748
2008-02-09,32.0,77.5,9.727310180664062
2008-02-10,31.5,76.5,3.508943796157837
2008-02-10,31.5,76.75,0.0
2008-02-10,31.5,77.0,0.0
2008-02-10,31.5,77.25,0.0
2008-02-10,31.5,77.5,0.0
2008-02-10,31.75,76.5,6.567819118499756
2008-02-10,31.75,76.75,0.1412842571735382
2008-02-10,31.75,77.0,0.0
2008-02-10,31.75,77.25,0.0
2008-02-10,31.75,77.5,0.0
2008-02-10,32.0,76.5,3.016256093978882
2008-02-10,32.0,76.75,0.0
2008-02-10,32.0,77.0,0.0
2008-02-10,32.0,77.25,0.0
2008-02-10,32.0,77.5,0.0
2008-02-11,31.5,76.5,8.577418327331543
2008-02-11,31.5,76.75,0.0
2008-02-11,31.5,77.0,0.0
2008-02-11,31.5,77.25,0.0
2008-02-11,31.5,77.5,0.0
2008-02-11,31.75,76.5,16.054668426513672
2008-02-11,31.75,76.75,0.34536153078079224
2008-02-11,31.75,77.0,0.0
2008-02-11,31.75,77.25,0.0
2008-02-11,31.75,77.5,0.0
2008-02-11,32.0,76.5,7.373069763183594
2008-02-11,32.0,76.75,0.0
2008-02-11,32.0,77.0,0.0
2008-02-11,32.0,77.25,0.0
2008-02-11,32.0,77.5,0.0
2008-02-12,31.5,76.5,0.0
2008-02-12,31.5,76.75,0.0
2008-02-12,31.5,77.0,0.0
2008-02-12,31.5,77.25,0.0
2008-02-12,31.5,77.5,0.0
2008-02-12,31.75,76.5,0.1526748687028885
2008-02-12,31.75,76.75,0.0
2008-02-12,31.75,77.0,0.0
2008-02-12,31.75,77.25,0.0
2008-02-12,31.75,77.5,0.2688060700893402
2008-02-12,32.0,76.5,0.549607515335083
2008-02-12,32.0,76.75,0.1752653419971466
2008-02-12,32.0,77.0,0.3528122007846832
2008-02-12,32.0,77.25,0.5487661361694336
2008-02-12,32.0,77.5,0.49559202790260315
2008-02-13,31.5,76.5,0.0
2008-02-13,31.5,76.75,0.0
2008-02-13,31.5,77.0,0.0
2008-02-13,31.5,77.25,0.0
2008-02-13,31.5,77.5,0.0
2008-02-13,31.75,76.5,0.0
2008-02-13,31.75,76.75,0.0
2008-02-13,31.75,77.0,0.0
2008-02-13,31.75,77.25,0.0
2008-02-13,31.75,77.5,0.0
2008-02-13,32.0,76.5,0.0
2008-02-13,32.0,76.75,0.0
2008-02-13,32.0,77.0,0.0
2008-02-13,32.0,77.25,0.0
2008-02-13,32.0,77.5,0.0
2008-02-14,31.5,76.5,0.0
2008-02-14,31.5,76.75,0.0
2008-02-14,31.5,77.0,0.0
2008-02-14,31.5,77.25,0.0
2008-02-14,31.5,77.5,0.0
2008-02-14,31.75,76.5,0.12722904980182648
2008-02-14,31.75,76.75,0.0
2008-02-14,31.75,77.0,0.0
2008-02-14,31.75,77.25,0.0
2008-02-14,31.75,77.5,0.0
2008-02-14,32.0,76.5,0.45800623297691345
2008-02-14,32.0,76.75,0.0
2008-02-14,32.0,77.0,0.0
2008-02-14,32.0,77.25,0.0
2008-02-14,32.0,77.5,0.0
2008-02-15,31.5,76.5,0.0
2008-02-15,31.5,76.75,0.0
2008-02-15,31.5,77.0,0.0
2008-02-15,31.5,77.25,0.0
2008-02-15,31.5,77.5,0.0
2008-02-15,31.75,76.5,0.0
2008-02-15,31.75,76.75,0.0
2008-02-15,31.75,77.0,0.0
2008-02-15,31.75,77.25,0.0
2008-02-15,31.75,77.5,0.23893873393535614
2008-02-15,32.0,76.5,0.0
2008-02-15,32.0,76.75,0.15579141676425934
2008-02-15,32.0,77.0,0.31361085176467896
2008-02-15,32.0,77.25,0.48779216408729553
2008-02-15,32.0,77.5,0.44052624702453613
2008-02-16,31.5,76.5,0.0
2008-02-16,31.5,76.75,0.0
2008-02-16,31.5,77.0,0.0
2008-02-16,31.5,77.25,0.0
2008-02-16,31.5,77.5,0.0
2008-02-16,31.75,76.5,0.0
2008-02-16,31.75,76.75,0.0
2008-02-16,31.75,77.0,0.0
2008-02-16,31.75,77.25,0.0
2008-02-16,31.75,77.5,0.0
2008-02-16,32.0,76.5,0.0
2008-02-16,32.0,76.75,0.0
2008-02-16,32.0,77.0,0.0
2008-02-16,32.0,77.25,0.0
2008-02-16,32.0,77.5,0.0
2008-02-17,31.5,76.5,0.0
2008-02-17,31.5,76.75,0.0
2008-02-17,31.5,77.0,0.0
2008-02-17,31.5,77.25,0.0
2008-02-17,31.5,77.5,0.0
2008-02-17,31.75,76.5,0.0
2008-02-17,31.75,76.75,0.0
2008-02-17,31.75,77.0,0.0
2008-02-17,31.75,77.25,0.0
2008-02-17,31.75,77.5,0.0
2008-02-17,32.0,76.5,0.0
2008-02-17,32.0,76.75,0.0
2008-02-17,32.0,77.0,0.0
2008-02-17,32.0,77.25,0.0
2008-02-17,32.0,77.5,0.0
2008-02-18,31.5,76.5,0.0
2008-02-18,31.5,76.75,0.0
2008-02-18,31.5,77.0,0.0
2008-02-18,31.5,77.25,0.0
2008-02-18,31.5,77.5,0.6376083493232727
2008-02-18,31.75,76.5,0.0
2008-02-18,31.75,76.75,0.0
2008-02-18,31.75,77.0,0.0
2008-02-18,31.75,77.25,0.0
2008-02-18,31.75,77.5,0.0
2008-02-18,32.0,76.5,0.0
2008-02-18,32.0,76.75,0.0
2008-02-18,32.0,77.0,0.0
2008-02-18,32.0,77.25,0.0
2008-02-18,32.0,77.5,0.0
2008-02-19,31.5,76.5,0.0
2008-02-19,31.5,76.75,0.0
2008-02-19,31.5,77.0,0.0
2008-02-19,31.5,77.25,0.0
2008-02-19,31.5,77.5,0.6376083493232727
2008-02-19,31.75,76.5,0.0
2008-02-19,31.75,76.75,0.0
2008-02-19,31.75,77.0,0.0
2008-02-19,31.75,77.25,0.0
2008-02-19,31.75,77.5,0.0
2008-02-19,32.0,76.5,0.0
2008-02-19,32.0,76.75,0.0
2008-02-19,32.0,77.0,0.0
2008-02-19,32.0,77.25,0.0
2008-02-19,32.0,77.5,0.0
2008-02-20,31.5,76.5,0.0
2008-02-20,31.5,76.75,0.0
2008-02-20,31.5,77.0,0.0
2008-02-20,31.5,77.25,0.0
2008-02-20,31.5,77.5,0.0
2008-02-20,31.75,76.5,0.0
2008-02-20,31.75,76.75,0.0
2008-02-20,31.75,77.0,0.0
2008-02-20,31.75,77.25,0.0
2008-02-20,31.75,77.5,0.0
2008-02-20,32.0,76.5,0.0
2008-02-20,32.0,76.75,0.0
2008-02-20,32.0,77.0,0.0
2008-02-20,32.0,77.25,0.0
2008-02-20,32.0,77.5,0.0
2008-02-21,31.5,76.5,0.0
2008-02-21,31.5,76.75,0.0
2008-02-21,31.5,77.0,0.0
2008-02-21,31.5,77.25,0.0
2008-02-21,31.5,77.5,0.0
2008-02-21,31.75,76.5,0.0
2008-02-21,31.75,76.75,0.0
2008-02-21,31.75,77.0,0.0
2008-02-21,31.75,77.25,0.0
2008-02-21,31.75,77.5,0.0
2008-02-21,32.0,76.5,0.0
2008-02-21,32.0,76.75,0.0
2008-02-21,32.0,77.0,0.0
2008-02-21,32.0,77.25,0.0
2008-02-21,32.0,77.5,0.0
2008-02-22,31.5,76.5,1.4815540313720703
2008-02-22,31.5,76.75,0.0
2008-02-22,31.5,77.0,0.0
2008-02-22,31.5,77.25,0.0
2008-02-22,31.5,77.5,0.0
2008-02-22,31.75,76.5,2.7730789184570312
2008-02-22,31.75,76.75,0.0
2008-02-22,31.75,77.0,0.0
2008-02-22,31.75,77.25,0.0
2008-02-22,31.75,77.5,0.0
2008-02-22,32.0,76.5,1.2735302448272705
2008-02-22,32.0,76.75,0.0
2008-02-22,32.0,77.0,0.0
2008-02-22,32.0,77.25,0.0
2008-02-22,32.0,77.5,0.0
2008-02-23,31.5,76.5,4.903088092803955
2008-02-23,31.5,76.75,1.968989610671997
2008-02-23,31.5,77.0,2.674353837966919
2008-02-23,31.5,77.25,2.3482964038848877
2008-02-23,31.5,77.5,1.8531861305236816
2008-02-23,31.75,76.5,7.970996379852295
2008-02-23,31.75,76.75,3.958134651184082
2008-02-23,31.75,77.0,3.104377269744873
2008-02-23,31.75,77.25,5.665835857391357
2008-02-23,31.75,77.5,10.483835220336914
2008-02-23,32.0,76.5,4.98834753036499
2008-02-23,32.0,76.75,12.5530366897583
2008-02-23,32.0,77.0,5.818304061889648
2008-02-23,32.0,77.25,9.22978687286377
2008-02-23,32.0,77.5,11.67143726348877
2008-02-24,31.5,76.5,0.0
2008-02-24,31.5,76.75,0.0
2008-02-24,31.5,77.0,0.22904729843139648
2008-02-24,31.5,77.25,0.29884570837020874
2008-02-24,31.5,77.5,0.2856534421443939
2008-02-24,31.75,76.5,0.0
2008-02-24,31.75,76.75,0.0
2008-02-24,31.75,77.0,0.5149751901626587
2008-02-24,31.75,77.25,1.1812392473220825
2008-02-24,31.75,77.5,5.127881050109863
2008-02-24,32.0,76.5,4.124589920043945
2008-02-24,32.0,76.75,3.6795036792755127
2008-02-24,32.0,77.0,6.46652889251709
2008-02-24,32.0,77.25,9.185833930969238
2008-02-24,32.0,77.5,9.331512451171875
2008-02-25,31.5,76.5,0.0
2008-02-25,31.5,76.75,0.0
2008-02-25,31.5,77.0,0.0
2008-02-25,31.5,77.25,0.0
2008-02-25,31.5,77.5,0.15940208733081818
2008-02-25,31.75,76.5,0.0
2008-02-25,31.75,76.75,0.0
2008-02-25,31.75,77.0,0.0
2008-02-25,31.75,77.25,0.0
2008-02-25,31.75,77.5,0.0
2008-02-25,32.0,76.5,0.0
2008-02-25,32.0,76.75,0.0
2008-02-25,32.0,77.0,0.0
2008-02-25,32.0,77.25,0.0
2008-02-25,32.0,77.5,0.0
2008-02-26,31.5,76.5,0.0
2008-02-26,31.5,76.75,0.0
2008-02-26,31.5,77.0,0.0
2008-02-26,31.5,77.25,0.0
2008-02-26,31.5,77.5,0.4782062768936157
2008-02-26,31.75,76.5,0.0
2008-02-26,31.75,76.75,0.0
2008-02-26,31.75,77.0,0.0
2008-02-26,31.75,77.25,0.0
2008-02-26,31.75,77.5,0.11946936696767807
2008-02-26,32.0,76.5,0.0
2008-02-26,32.0,76.75,0.0
2008-02-26,32.0,77.0,0.15680542588233948
2008-02-26,32.0,77.25,0.24389608204364777
2008-02-26,32.0,77.5,0.22026312351226807
2008-02-27,31.5,76.5,0.0
2008-02-27,31.5,76.75,0.0
2008-02-27,31.5,77.0,0.0
2008-02-27,31.5,77.25,0.0
2008-02-27,31.5,77.5,0.31880417466163635
2008-02-27,31.75,76.5,0.0
2008-02-27,31.75,76.75,0.0
2008-02-27,31.75,77.0,0.0
2008-02-27,31.75,77.25,0.0
2008-02-27,31.75,77.5,0.0
2008-02-27,32.0,76.5,0.0
2008-02-27,32.0,76.75,0.0
2008-02-27,32.0,77.0,0.0
2008-02-27,32.0,77.25,0.0
2008-02-27,32.0,77.5,0.0
2008-02-28,31.5,76.5,0.0
2008-02-28,31.5,76.75,0.0
2008-02-28,31.5,77.0,0.0
2008-02-28,31.5,77.25,0.0
2008-02-28,31.5,77.5,0.0
2008-02-28,31.75,76.5,0.0
2008-02-28,31.75,76.75,0.0
2008-02-28,31.75,77.0,0.0
2008-02-28,31.75,77.25,0.0
2008-02-28,31.75,77.5,0.0
2008-02-28,32.0,76.5,0.0
2008-02-28,32.0,76.75,0.0
2008-02-28,32.0,77.0,0.0
2008-02-28,32.0,77.25,0.0
2008-02-28,32.0,77.5,0.0
2008-02-29,31.5,76.5,0.0
2008-02-29,31.5,76.75,0.0
2008-02-29,31.5,77.0,0.0
2008-02-29,31.5,77.25,0.0
2008-02-29,31.5,77.5,0.0
2008-02-29,31.75,76.5,0.0
2008-02-29,31.75,76.75,0.0
2008-02-29,31.75,77.0,0.0
2008-02-29,31.75,77.25,0.0
2008-02-29,31.75,77.5,0.0
2008-02-29,32.0,76.5,0.0
2008-02-29,32.0,76.75,0.0
2008-02-29,32.0,77.0,0.0
2008-02-29,32.0,77.25,0.0
2008-02-29,32.0,77.5,0.0
2008-03-01,31.5,76.5,0.0
2008-03-01,31.5,76.75,0.0
2008-03-01,31.5,77.0,0.0
2008-03-01,31.5,77.25,0.0
2008-03-01,31.5,77.5,0.0
2008-03-01,31.75,76.5,0.0
2008-03-01,31.75,76.75,0.0
2008-03-01,31.75,77.0,0.0
2008-03-01,31.75,77.25,0.0
2008-03-01,31.75,77.5,0.0
2008-03-01,32.0,76.5,0.0
2008-03-01,32.0,76.75,0.0
2008-03-01,32.0,77.0,0.0
2008-03-01,32.0,77.25,0.0
2008-03-01,32.0,77.5,0.0
2008-03-02,31.5,76.5,0.0
2008-03-02,31.5,76.75,0.0
2008-03-02,31.5,77.0,0.0
2008-03-02,31.5,77.25,0.0
2008-03-02,31.5,77.5,0.0
2008-03-02,31.75,76.5,0.0
2008-03-02,31.75,76.75,0.0
2008-03-02,31.75,77.0,0.0
2008-03-02,31.75,77.25,0.0
2008-03-02,31.75,77.5,0.0
2008-03-02,32.0,76.5,0.0
2008-03-02,32.0,76.75,0.0
2008-03-02,32.0,77.0,0.0
2008-03-02,32.0,77.25,0.0
2008-03-02,32.0,77.5,0.0
2008-03-03,31.5,76.5,0.0
2008-03-03,31.5,76.75,0.0
2008-03-03,31.5,77.0,0.0
2008-03-03,31.5,77.25,0.0
2008-03-03,31.5,77.5,0.0
2008-03-03,31.75,76.5,0.0
2008-03-03,31.75,76.75,0.0
2008-03-03,31.75,77.0,0.0
2008-03-03,31.75,77.25,0.0
2008-03-03,31.75,77.5,0.0
2008-03-03,32.0,76.5,0.0
2008-03-03,32.0,76.75,0.0
2008-03-03,32.0,77.0,0.15534791350364685
2008-03-03,32.0,77.25,0.35525020956993103
2008-03-03,32.0,77.5,0.49580249190330505
2008-03-04,31.5,76.5,0.0
2008-03-04,31.5,76.75,0.0
2008-03-04,31.5,77.0,0.0
2008-03-04,31.5,77.25,0.0
2008-03-04,31.5,77.5,0.0
2008-03-04,31.75,76.5,0.0
2008-03-04,31.75,76.75,0.0
2008-03-04,31.75,77.0,0.0
2008-03-04,31.75,77.25,0.0
2008-03-04,31.75,77.5,0.0
2008-03-04,32.0,76.5,0.0
2008-03-04,32.0,76.75,0.0
2008-03-04,32.0,77.0,0.0
2008-03-04,32.0,77.25,0.0
2008-03-04,32.0,77.5,0.0
2008-03-05,31.5,76.5,0.0
2008-03-05,31.5,76.75,0.0
2008-03-05,31.5,77.0,0.0
2008-03-05,31.5,77.25,0.0
2008-03-05,31.5,77.5,0.0
2008-03-05,31.75,76.5,0.0
2008-03-05,31.75,76.75,0.0
2008-03-05,31.75,77.0,0.0
2008-03-05,31.75,77.25,0.0
2008-03-05,31.75,77.5,0.0
2008-03-05,32.0,76.5,0.0
2008-03-05,32.0,76.75,0.0
2008-03-05,32.0,77.0,0.0
2008-03-05,32.0,77.25,0.0
2008-03-05,32.0,77.5,0.0
2008-03-06,31.5,76.5,0.0
2008-03-06,31.5,76.75,0.0
2008-03-06,31.5,77.0,0.0
2008-03-06,31.5,77.25,0.0
2008-03-06,31.5,77.5,0.0
2008-03-06,31.75,76.5,0.0
2008-03-06,31.75,76.75,0.0
2008-03-06,31.75,77.0,0.0
2008-03-06,31.75,77.25,0.0
2008-03-06,31.75,77.5,0.0
2008-03-06,32.0,76.5,0.0
2008-03-06,32.0,76.75,0.0
2008-03-06,32.0,77.0,0.0
2008-03-06,32.0,77.25,0.0
2008-03-06,32.0,77.5,0.0
2008-03-07,31.5,76.5,0.0
2008-03-07,31.5,76.75,0.0
2008-03-07,31.5,77.0,0.0
2008-03-07,31.5,77.25,0.0
2008-03-07,31.5,77.5,0.0
2008-03-07,31.75,76.5,0.0
2008-03-07,31.75,76.75,0.0
2008-03-07,31.75,77.0,0.0
2008-03-07,31.75,77.25,0.0
2008-03-07,31.75,77.5,0.0
2008-03-07,32.0,76.5,0.0
2008-03-07,32.0,76.75,0.0
2008-03-07,32.0,77.0,0.0
2008-03-07,32.0,77.25,0.0
2008-03-07,32.0,77.5,0.0
2008-03-08,31.5,76.5,0.0
2008-03-08,31.5,76.75,0.0
2008-03-08,31.5,77.0,0.0
2008-03-08,31.5,77.25,0.0
2008-03-08,31.5,77.5,0.0
2008-03-08,31.75,76.5,0.0
2008-03-08,31.75,76.75,0.0
2008-03-08,31.75,77.0,0.0
2008-03-08,31.75,77.25,0.0
2008-03-08,31.75,77.5,0.0
2008-03-08,32.0,76.5,0.0
2008-03-08,32.0,76.75,0.0
2008-03-08,32.0,77.0,0.0
2008-03-08,32.0,77.25,0.0
2008-03-08,32.0,77.5,0.0
2008-03-09,31.5,76.5,0.0
2008-03-09,31.5,76.75,0.0
2008-03-09,31.5,77.0,0.0
2008-03-09,31.5,77.25,0.0
2008-03-09,31.5,77.5,0.0
2008-03-09,31.75,76.5,0.0
2008-03-09,31.75,76.75,0.0
2008-03-09,31.75,77.0,0.0
2008-03-09,31.75,77.25,0.0
2008-03-09,31.75,77.5,0.0
2008-03-09,32.0,76.5,0.0
2008-03-09,32.0,76.75,0.0
2008-03-09,32.0,77.0,0.0
2008-03-09,32.0,77.25,0.0
2008-03-09,32.0,77.5,0.0
2008-03-10,31.5,76.5,0.0
2008-03-10,31.5,76.75,0.0
2008-03-10,31.5,77.0,0.0
2008-03-10,31.5,77.25,0.0
2008-03-10,31.5,77.5,0.0
2008-03-10,31.75,76.5,0.0
2008-03-10,31.75,76.75,0.0
2008-03-10,31.75,77.0,0.0
2008-03-10,31.75,77.25,0.0
2008-03-10,31.75,77.5,0.0
2008-03-10,32.0,76.5,0.0
2008-03-10,32.0,76.75,0.0
2008-03-10,32.0,77.0,0.0
2008-03-10,32.0,77.25,0.0
2008-03-10,32.0,77.5,0.0
2008-03-11,31.5,76.5,0.0
2008-03-11,31.5,76.75,0.0
2008-03-11,31.5,77.0,0.0
2008-03-11,31.5,77.25,0.0
2008-03-11,31.5,77.5,0.0
2008-03-11,31.75,76.5,0.0
2008-03-11,31.75,76.75,0.0
2008-03-11,31.75,77.0,0.0
2008-03-11,31.75,77.25,0.0
2008-03-11,31.75,77.5,0.0
2008-03-11,32.0,76.5,0.0
2008-03-11,32.0,76.75,0.0
2008-03-11,32.0,77.0,0.0
2008-03-11,32.0,77.25,0.0
2008-03-11,32.0,77.5,0.0
2008-03-12,31.5,76.5,0.0
2008-03-12,31.5,76.75,0.0
2008-03-12,31.5,77.0,0.0
2008-03-12,31.5,77.25,0.0
2008-03-12,31.5,77.5,0.0
2008-03-12,31.75,76.5,0.0
2008-03-12,31.75,76.75,0.0
2008-03-12,31.75,77.0,0.0
2008-03-12,31.75,77.25,0.19114404916763306
2008-03-12,31.75,77.5,0.5097265839576721
2008-03-12,32.0,76.5,0.0
2008-03-12,32.0,76.75,0.6977883577346802
2008-03-12,32.0,77.0,0.47141292691230774
2008-03-12,32.0,77.25,0.6218874454498291
2008-03-12,32.0,77.5,0.7100707292556763
2008-03-13,31.5,76.5,0.0
2008-03-13,31.5,76.75,0.0
2008-03-13,31.5,77.0,0.0
2008-03-13,31.5,77.25,0.0
2008-03-13,31.5,77.5,0.0
2008-03-13,31.75,76.5,0.0
2008-03-13,31.75,76.75,0.0
2008-03-13,31.75,77.0,0.0
2008-03-13,31.75,77.25,0.0
2008-03-13,31.75,77.5,0.0
2008-03-13,32.0,76.5,0.0
2008-03-13,32.0,76.75,0.0
2008-03-13,32.0,77.0,0.0
2008-03-13,32.0,77.25,0.0
2008-03-13,32.0,77.5,0.0
2008-03-14,31.5,76.5,0.8483498692512512
2008-03-14,31.5,76.75,0.10781332850456238
2008-03-14,31.5,77.0,1.8169502019882202
2008-03-14,31.5,77.25,1.6476515531539917
2008-03-14,31.5,77.5,13.354717254638672
2008-03-14,31.75,76.5,0.42112207412719727
2008-03-14,31.75,76.75,3.4243810176849365
2008-03-14,31.75,77.0,2.2351887226104736
2008-03-14,31.75,77.25,1.6316454410552979
2008-03-14,31.75,77.5,2.657165050506592
2008-03-14,32.0,76.5,1.0607620477676392
2008-03-14,32.0,76.75,1.5598678588867188
2008-03-14,32.0,77.0,0.9564812183380127
2008-03-14,32.0,77.25,0.8730951547622681
2008-03-14,32.0,77.5,0.8340628147125244
2008-03-15,31.5,76.5,0.2312787026166916
2008-03-15,31.5,76.75,0.6757025122642517
2008-03-15,31.5,77.0,0.2263282686471939
2008-03-15,31.5,77.25,0.18694522976875305
2008-03-15,31.5,77.5,0.0
2008-03-15,31.75,76.5,0.0
2008-03-15,31.75,76.75,0.0
2008-03-15,31.75,77.0,0.0
2008-03-15,31.75,77.25,0.5041828751564026
2008-03-15,31.75,77.5,1.0685555934906006
2008-03-15,32.0,76.5,0.0
2008-03-15,32.0,76.75,1.4141769409179688
2008-03-15,32.0,77.0,0.9203776121139526
2008-03-15,32.0,77.25,1.2141612768173218
2008-03-15,32.0,77.5,1.3863285779953003
2008-03-16,31.5,76.5,0.0
2008-03-16,31.5,76.75,0.0
2008-03-16,31.5,77.0,0.0
2008-03-16,31.5,77.25,0.0
2008-03-16,31.5,77.5,0.0
2008-03-16,31.75,76.5,0.0
2008-03-16,31.75,76.75,0.0
2008-03-16,31.75,77.0,0.0
2008-03-16,31.75,77.25,0.0
2008-03-16,31.75,77.5,0.0
2008-03-16,32.0,76.5,0.0
2008-03-16,32.0,76.75,0.0
2008-03-16,32.0,77.0,0.0
2008-03-16,32.0,77.25,0.0
2008-03-16,32.0,77.5,0.0
2008-03-17,31.5,76.5,0.0
2008-03-17,31.5,76.75,0.0
2008-03-17,31.5,77.0,0.0
2008-03-17,31.5,77.25,0.0
2008-03-17,31.5,77.5,0.0
2008-03-17,31.75,76.5,0.0
2008-03-17,31.75,76.75,0.0
2008-03-17,31.75,77.0,0.0
2008-03-17,31.75,77.25,0.0
2008-03-17,31.75,77.5,0.0
2008-03-17,32.0,76.5,0.0
2008-03-17,32.0,76.75,0.0
2008-03-17,32.0,77.0,0.0
2008-03-17,32.0,77.25,0.0
2008-03-17,32.0,77.5,0.0
2008-03-18,31.5,76.5,0.0
2008-03-18,31.5,76.75,0.0
2008-03-18,31.5,77.0,0.0
2008-03-18,31.5,77.25,0.0
2008-03-18,31.5,77.5,0.0
2008-03-18,31.75,76.5,0.0
2008-03-18,31.75,76.75,0.0
2008-03-18,31.75,77.0,0.0
2008-03-18,31.75,77.25,0.0
2008-03-18,31.75,77.5,0.0
2008-03-18,32.0,76.5,0.0
2008-03-18,32.0,76.75,0.0
2008-03-18,32.0,77.0,0.0
2008-03-18,32.0,77.25,0.0
2008-03-18,32.0,77.5,0.0
2008-03-19,31.5,76.5,0.0
2008-03-19,31.5,76.75,0.0
2008-03-19,31.5,77.0,0.0
2008-03-19,31.5,77.25,0.0
2008-03-19,31.5,77.5,0.0
2008-03-19,31.75,76.5,0.0
2008-03-19,31.75,76.75,0.0
2008-03-19,31.75,77.0,0.0
2008-03-19,31.75,77.25,0.0
2008-03-19,31.75,77.5,0.0
2008-03-19,32.0,76.5,0.0
2008-03-19,32.0,76.75,0.0
2008-03-19,32.0,77.0,0.0
2008-03-19,32.0,77.25,0.0
2008-03-19,32.0,77.5,0.0
2008-03-20,31.5,76.5,0.0
2008-03-20,31.5,76.75,0.0
2008-03-20,31.5,77.0,0.0
2008-03-20,31.5,77.25,0.0
2008-03-20,31.5,77.5,0.0
2008-03-20,31.75,76.5,0.0
2008-03-20,31.75,76.75,0.0
2008-03-20,31.75,77.0,0.0
2008-03-20,31.75,77.25,0.0
2008-03-20,31.75,77.5,0.0
2008-03-20,32.0,76.5,0.0
2008-03-20,32.0,76.75,0.0
2008-03-20,32.0,77.0,0.0
2008-03-20,32.0,77.25,0.0
2008-03-20,32.0,77.5,0.0
2008-03-21,31.5,76.5,0.0
2008-03-21,31.5,76.75,0.0
2008-03-21,31.5,77.0,0.0
2008-03-21,31.5,77.25,0.0
2008-03-21,31.5,77.5,0.0
2008-03-21,31.75,76.5,0.0
2008-03-21,31.75,76.75,0.0
2008-03-21,31.75,77.0,0.0
2008-03-21,31.75,77.25,0.0
2008-03-21,31.75,77.5,0.0
2008-03-21,32.0,76.5,0.0
2008-03-21,32.0,76.75,0.0
2008-03-21,32.0,77.0,0.0
2008-03-21,32.0,77.25,0.0
2008-03-21,32.0,77.5,0.0
2008-03-22,31.5,76.5,0.0
2008-03-22,31.5,76.75,0.0
2008-03-22,31.5,77.0,0.0
2008-03-22,31.5,77.25,0.0
2008-03-22,31.5,77.5,0.0
2008-03-22,31.75,76.5,0.0
2008-03-22,31.75,76.75,0.0
2008-03-22,31.75,77.0,0.0
2008-03-22,31.75,77.25,0.0
2008-03-22,31.75,77.5,0.0
2008-03-22,32.0,76.5,0.0
2008-03-22,32.0,76.75,0.0
2008-03-22,32.0,77.0,0.3106958270072937
2008-03-22,32.0,77.25,0.7105004191398621
2008-03-22,32.0,77.5,0.9916049838066101
2008-03-23,31.5,76.5,0.0
2008-03-23,31.5,76.75,0.0
2008-03-23,31.5,77.0,0.0
2008-03-23,31.5,77.25,0.0
2008-03-23,31.5,77.5,0.0
2008-03-23,31.75,76.5,0.0
2008-03-23,31.75,76.75,0.0
2008-03-23,31.75,77.0,0.0
2008-03-23,31.75,77.25,0.0
2008-03-23,31.75,77.5,0.0
2008-03-23,32.0,76.5,0.0
2008-03-23,32.0,76.75,0.0
2008-03-23,32.0,77.0,0.0
2008-03-23,32.0,77.25,0.0
2008-03-23,32.0,77.5,0.0
2008-03-24,31.5,76.5,0.0
2008-03-24,31.5,76.75,0.0
2008-03-24,31.5,77.0,0.0
2008-03-24,31.5,77.25,0.0
2008-03-24,31.5,77.5,0.0
2008-03-24,31.75,76.5,0.0
2008-03-24,31.75,76.75,0.0
2008-03-24,31.75,77.0,0.0
2008-03-24,31.75,77.25,0.0
2008-03-24,31.75,77.5,0.0
2008-03-24,32.0,76.5,0.0
2008-03-24,32.0,76.75,0.0
2008-03-24,32.0,77.0,0.0
2008-03-24,32.0,77.25,0.0
2008-03-24,32.0,77.5,0.0
2008-03-25,31.5,76.5,0.0
2008-03-25,31.5,76.75,0.0
2008-03-25,31.5,77.0,0.0
2008-03-25,31.5,77.25,0.0
2008-03-25,31.5,77.5,0.0
2008-03-25,31.75,76.5,0.0
2008-03-25,31.75,76.75,0.0
2008-03-25,31.75,77.0,0.0
2008-03-25,31.75,77.25,0.0
2008-03-25,31.75,77.5,0.0
2008-03-25,32.0,76.5,0.0
2008-03-25,32.0,76.75,0.0
2008-03-25,32.0,77.0,0.0
2008-03-25,32.0,77.25,0.0
2008-03-25,32.0,77.5,0.0
2008-03-26,31.5,76.5,0.0
2008-03-26,31.5,76.75,0.0
2008-03-26,31.5,77.0,0.0
2008-03-26,31.5,77.25,0.0
2008-03-26,31.5,77.5,0.0
2008-03-26,31.75,76.5,0.0
2008-03-26,31.75,76.75,0.0
2008-03-26,31.75,77.0,0.0
2008-03-26,31.75,77.25,0.0
2008-03-26,31.75,77.5,0.0
2008-03-26,32.0,76.5,0.0
2008-03-26,32.0,76.75,0.0
2008-03-26,32.0,77.0,0.0
2008-03-26,32.0,77.25,0.0
2008-03-26,32.0,77.5,0.0
2008-03-27,31.5,76.5,0.0
2008-03-27,31.5,76.75,0.0
2008-03-27,31.5,77.0,0.0
2008-03-27,31.5,77.25,0.0
2008-03-27,31.5,77.5,0.0
2008-03-27,31.75,76.5,0.0
2008-03-27,31.75,76.75,0.0
2008-03-27,31.75,77.0,0.0
2008-03-27,31.75,77.25,0.0
2008-03-27,31.75,77.5,0.0
2008-03-27,32.0,76.5,0.0
2008-03-27,32.0,76.75,0.0
2008-03-27,32.0,77.0,0.0
2008-03-27,32.0,77.25,0.0
2008-03-27,32.0,77.5,0.0
2008-03-28,31.5,76.5,0.0
2008-03-28,31.5,76.75,0.0
2008-03-28,31.5,77.0,0.0
2008-03-28,31.5,77.25,0.0
2008-03-28,31.5,77.5,0.0
2008-03-28,31.75,76.5,0.0
2008-03-28,31.75,76.75,0.0
2008-03-28,31.75,77.0,0.0
2008-03-28,31.75,77.25,0.0
2008-03-28,31.75,77.5,0.0
2008-03-28,32.0,76.5,0.0
2008-03-28,32.0,76.75,0.0
2008-03-28,32.0,77.0,0.0
2008-03-28,32.0,77.25,0.0
2008-03-28,32.0,77.5,0.0
2008-03-29,31.5,76.5,0.0
2008-03-29,31.5,76.75,0.2895868122577667
2008-03-29,31.5,77.0,0.0
2008-03-29,31.5,77.25,0.0
2008-03-29,31.5,77.5,0.0
2008-03-29,31.75,76.5,0.0
2008-03-29,31.75,76.75,0.0
2008-03-29,31.75,77.0,0.0
2008-03-29,31.75,77.25,0.0
2008-03-29,31.75,77.5,0.0
2008-03-29,32.0,76.5,0.0
2008-03-29,32.0,76.75,0.0
2008-03-29,32.0,77.0,0.0
2008-03-29,32.0,77.25,0.0
2008-03-29,32.0,77.5,0.0
2008-03-30,31.5,76.5,0.0
2008-03-30,31.5,76.75,0.0
2008-03-30,31.5,77.0,0.0
2008-03-30,31.5,77.25,0.0
2008-03-30,31.5,77.5,0.0
2008-03-30,31.75,76.5,0.0
2008-03-30,31.75,76.75,0.0
2008-03-30,31.75,77.0,0.0
2008-03-30,31.75,77.25,0.0
2008-03-30,31.75,77.5,0.0
2008-03-30,32.0,76.5,0.0
2008-03-30,32.0,76.75,0.0
2008-03-30,32.0,77.0,0.0
2008-03-30,32.0,77.25,0.0
2008-03-30,32.0,77.5,0.0
2008-03-31,31.5,76.5,0.0
2008-03-31,31.5,76.75,0.0
2008-03-31,31.5,77.0,0.0
2008-03-31,31.5,77.25,0.0
2008-03-31,31.5,77.5,0.0
2008-03-31,31.75,76.5,0.0
2008-03-31,31.75,76.75,0.0
2008-03-31,31.75,77.0,0.0
2008-03-31,31.75,77.25,0.0
2008-03-31,31.75,77.5,0.0
2008-03-31,32.0,76.5,0.0
2008-03-31,32.0,76.75,0.0
2008-03-31,32.0,77.0,0.0
2008-03-31,32.0,77.25,0.0
2008-03-31,32.0,77.5,0.0
2008-04-01,31.5,76.5,0.0
2008-04-01,31.5,76.75,0.0
2008-04-01,31.5,77.0,0.0
2008-04-01,31.5,77.25,0.0
2008-04-01,31.5,77.5,1.2288849353790283
2008-04-01,31.75,76.5,0.0
2008-04-01,31.75,76.75,0.0
2008-04-01,31.75,77.0,0.0
2008-04-01,31.75,77.25,0.5301255583763123
2008-04-01,31.75,77.5,0.9849357604980469
2008-04-01,32.0,76.5,0.0
2008-04-01,32.0,76.75,1.6657915115356445
2008-04-01,32.0,77.0,0.5224072337150574
2008-04-01,32.0,77.25,1.0547826290130615
2008-04-01,32.0,77.5,1.3427351713180542
2008-04-02,31.5,76.5,1.9087886810302734
2008-04-02,31.5,76.75,3.382843494415283
2008-04-02,31.5,77.0,3.682722568511963
2008-04-02,31.5,77.25,3.911019802093506
2008-04-02,31.5,77.5,3.6500484943389893
2008-04-02,31.75,76.5,0.944237470626831
2008-04-02,31.75,76.75,3.2606940269470215
2008-04-02,31.75,77.0,4.941035747528076
2008-04-02,31.75,77.25,3.8777782917022705
2008-04-02,31.75,77.5,2.8467729091644287
2008-04-02,32.0,76.5,2.965463638305664
2008-04-02,32.0,76.75,2.1383981704711914
2008-04-02,32.0,77.0,4.003322601318359
2008-04-02,32.0,77.25,2.697079658508301
2008-04-02,32.0,77.5,1.8436976671218872
2008-04-03,31.5,76.5,22.546035766601562
2008-04-03,31.5,76.75,0.43937990069389343
2008-04-03,31.5,77.0,2.299809455871582
2008-04-03,31.5,77.25,0.5265960097312927
2008-04-03,31.5,77.5,1.5610159635543823
2008-04-03,31.75,76.5,44.21160888671875
2008-04-03,31.75,76.75,10.682143211364746
2008-04-03,31.75,77.0,0.0
2008-04-03,31.75,77.25,0.18793706595897675
2008-04-03,31.75,77.5,0.35968640446662903
2008-04-03,32.0,76.5,21.601482391357422
2008-04-03,32.0,76.75,0.6393311023712158
2008-04-03,32.0,77.0,0.1672360599040985
2008-04-03,32.0,77.25,0.3800811171531677
2008-04-03,32.0,77.5,0.5025354027748108
2008-04-04,31.5,76.5,1.6501492261886597
2008-04-04,31.5,76.75,2.777653932571411
2008-04-04,31.5,77.0,2.5964303016662598
2008-04-04,31.5,77.25,2.5040388107299805
2008-04-04,31.5,77.5,3.147918701171875
2008-04-04,31.75,76.5,0.5709332227706909
2008-04-04,31.75,76.75,2.1477997303009033
2008-04-04,31.75,77.0,2.5557615756988525
2008-04-04,31.75,77.25,2.1644697189331055
2008-04-04,31.75,77.5,1.4233864545822144
2008-04-04,32.0,76.5,2.3918190002441406
2008-04-04,32.0,76.75,1.1670341491699219
2008-04-04,32.0,77.0,2.0016613006591797
2008-04-04,32.0,77.25,1.3485398292541504
2008-04-04,32.0,77.5,0.9218488335609436
2008-04-05,31.5,76.5,5.620791435241699
2008-04-05,31.5,76.75,0.5175806879997253
2008-04-05,31.5,77.0,2.0657875537872314
2008-04-05,31.5,77.25,1.800830602645874
2008-04-05,31.5,77.5,2.8145787715911865
2008-04-05,31.75,76.5,10.554858207702637
2008-04-05,31.75,76.75,3.308359384536743
2008-04-05,31.75,77.0,1.306352972984314
2008-04-05,31.75,77.25,2.3906941413879395
2008-04-05,31.75,77.5,3.570448875427246
2008-04-05,32.0,76.5,7.981411457061768
2008-04-05,32.0,76.75,5.350879669189453
2008-04-05,32.0,77.0,2.4964170455932617
2008-04-05,32.0,77.25,3.7484357357025146
2008-04-05,32.0,77.5,4.383252143859863
2008-04-06,31.5,76.5,7.478322505950928
2008-04-06,31.5,76.75,12.204294204711914
2008-04-06,31.5,77.0,11.976226806640625
2008-04-06,31.5,77.25,11.651001930236816
2008-04-06,31.5,77.5,8.542435646057129
2008-04-06,31.75,76.5,2.7892251014709473
2008-04-06,31.75,76.75,8.506217956542969
2008-04-06,31.75,77.0,7.922300815582275
2008-04-06,31.75,77.25,9.555509567260742
2008-04-06,31.75,77.5,9.375005722045898
2008-04-06,32.0,76.5,8.132606506347656
2008-04-06,32.0,76.75,11.448707580566406
2008-04-06,32.0,77.0,8.474846839904785
2008-04-06,32.0,77.25,9.522612571716309
2008-04-06,32.0,77.5,10.045602798461914
2008-04-07,31.5,76.5,0.0
2008-04-07,31.5,76.75,0.0
2008-04-07,31.5,77.0,0.0
2008-04-07,31.5,77.25,0.0
2008-04-07,31.5,77.5,0.0
2008-04-07,31.75,76.5,0.0
2008-04-07,31.75,76.75,0.0
2008-04-07,31.75,77.0,0.0
2008-04-07,31.75,77.25,0.0
2008-04-07,31.75,77.5,0.5793938040733337
2008-04-07,32.0,76.5,0.0
2008-04-07,32.0,76.75,0.0
2008-04-07,32.0,77.0,0.21450942754745483
2008-04-07,32.0,77.25,0.5945498943328857
2008-04-07,32.0,77.5,0.9548032879829407
2008-04-08,31.5,76.5,0.0
2008-04-08,31.5,76.75,0.0
2008-04-08,31.5,77.0,0.0
2008-04-08,31.5,77.25,0.0
2008-04-08,31.5,77.5,0.0
2008-04-08,31.75,76.5,0.0
2008-04-08,31.75,76.75,0.0
2008-04-08,31.75,77.0,0.0
2008-04-08,31.75,77.25,0.0
2008-04-08,31.75,77.5,0.34763628244400024
2008-04-08,32.0,76.5,0.0
2008-04-08,32.0,76.75,0.0
2008-04-08,32.0,77.0,0.12870566546916962
2008-04-08,32.0,77.25,0.3567299544811249
2008-04-08,32.0,77.5,0.5728819966316223
2008-04-09,31.5,76.5,0.0
2008-04-09,31.5,76.75,0.0
2008-04-09,31.5,77.0,0.0
2008-04-09,31.5,77.25,0.0
2008-04-09,31.5,77.5,0.0
2008-04-09,31.75,76.5,0.0
2008-04-09,31.75,76.75,0.0
2008-04-09,31.75,77.0,0.0
2008-04-09,31.75,77.25,0.0
2008-04-09,31.75,77.5,0.2317575216293335
2008-04-09,32.0,76.5,0.0
2008-04-09,32.0,76.75,0.0
2008-04-09,32.0,77.0,0.0
2008-04-09,32.0,77.25,0.23781996965408325
2008-04-09,32.0,77.5,0.38192132115364075
2008-04-10,31.5,76.5,0.0
2008-04-10,31.5,76.75,0.0
2008-04-10,31.5,77.0,0.0
2008-04-10,31.5,77.25,0.0
2008-04-10,31.5,77.5,0.0
2008-04-10,31.75,76.5,0.0
2008-04-10,31.75,76.75,0.0
2008-04-10,31.75,77.0,0.0
2008-04-10,31.75,77.25,0.0
2008-04-10,31.75,77.5,0.0
2008-04-10,32.0,76.5,0.0
2008-04-10,32.0,76.75,0.0
2008-04-10,32.0,77.0,0.0
2008-04-10,32.0,77.25,0.0
2008-04-10,32.0,77.5,0.0
2008-04-11,31.5,76.5,0.2512896955013275
2008-04-11,31.5,76.75,0.0
2008-04-11,31.5,77.0,0.0
2008-04-11,31.5,77.25,0.0
2008-04-11,31.5,77.5,0.0
2008-04-11,31.75,76.5,0.3985014259815216
2008-04-11,31.75,76.75,0.0
2008-04-11,31.75,77.0,0.0
2008-04-11,31.75,77.25,0.0
2008-04-11,31.75,77.5,0.163493812084198
2008-04-11,32.0,76.5,1.8362196683883667
2008-04-11,32.0,76.75,0.2906050384044647
2008-04-11,32.0,77.0,0.0
2008-04-11,32.0,77.25,0.1727641522884369
2008-04-11,32.0,77.5,0.22842518985271454
2008-04-12,31.5,76.5,0.0
2008-04-12,31.5,76.75,0.0
2008-04-12,31.5,77.0,5.319870948791504
2008-04-12,31.5,77.25,7.353777885437012
2008-04-12,31.5,77.5,8.637158393859863
2008-04-12,31.75,76.5,0.0
2008-04-12,31.75,76.75,4.217133045196533
2008-04-12,31.75,77.0,12.01827621459961
2008-04-12,31.75,77.25,9.278156280517578
2008-04-12,31.75,77.5,9.531686782836914
2008-04-12,32.0,76.5,0.4590549170970917
2008-04-12,32.0,76.75,8.75814437866211
2008-04-12,32.0,77.0,11.234111785888672
2008-04-12,32.0,77.25,9.282407760620117
2008-04-12,32.0,77.5,7.900950908660889
2008-04-13,31.5,76.5,0.18846729397773743
2008-04-13,31.5,76.75,0.0
2008-04-13,31.5,77.0,0.16120822727680206
2008-04-13,31.5,77.25,0.2228417694568634
2008-04-13,31.5,77.5,3.380197525024414
2008-04-13,31.75,76.5,0.2988760471343994
2008-04-13,31.75,76.75,0.12779191136360168
2008-04-13,31.75,77.0,0.42744237184524536
2008-04-13,31.75,77.25,0.8084672689437866
2008-04-13,31.75,77.5,1.2980417013168335
2008-04-13,32.0,76.5,1.3771647214889526
2008-04-13,32.0,76.75,2.0592238903045654
2008-04-13,32.0,77.0,0.809656023979187
2008-04-13,32.0,77.25,1.3477110862731934
2008-04-13,32.0,77.5,1.6494290828704834
2008-04-14,31.5,76.5,0.7918248772621155
2008-04-14,31.5,76.75,1.5868080854415894
2008-04-14,31.5,77.0,1.431965947151184
2008-04-14,31.5,77.25,1.424290418624878
2008-04-14,31.5,77.5,2.3912594318389893
2008-04-14,31.75,76.5,0.27556997537612915
2008-04-14,31.75,76.75,1.2957741022109985
2008-04-14,31.75,77.0,1.6531916856765747
2008-04-14,31.75,77.25,1.3679057359695435
2008-04-14,31.75,77.5,0.9306758642196655
2008-04-14,32.0,76.5,0.12001132220029831
2008-04-14,32.0,76.75,0.7425358891487122
2008-04-14,32.0,77.0,1.3087786436080933
2008-04-14,32.0,77.25,0.8817375898361206
2008-04-14,32.0,77.5,0.60274738073349
2008-04-15,31.5,76.5,0.7770980596542358
2008-04-15,31.5,76.75,0.0
2008-04-15,31.5,77.0,3.6942858695983887
2008-04-15,31.5,77.25,5.013939380645752
2008-04-15,31.5,77.5,6.017437934875488
2008-04-15,31.75,76.5,1.374982237815857
2008-04-15,31.75,76.75,3.200112819671631
2008-04-15,31.75,77.0,8.376537322998047
2008-04-15,31.75,77.25,7.845432758331299
2008-04-15,31.75,77.5,9.406837463378906
2008-04-15,32.0,76.5,0.6568018198013306
2008-04-15,32.0,76.75,11.140268325805664
2008-04-15,32.0,77.0,9.011677742004395
2008-04-15,32.0,77.25,9.40176010131836
2008-04-15,32.0,77.5,9.449864387512207
2008-04-16,31.5,76.5,6.223851203918457
2008-04-16,31.5,76.75,2.6792337894439697
2008-04-16,31.5,77.0,8.898455619812012
2008-04-16,31.5,77.25,10.773524284362793
2008-04-16,31.5,77.5,11.222142219543457
2008-04-16,31.75,76.5,10.027338027954102
2008-04-16,31.75,76.75,9.23631763458252
2008-04-16,31.75,77.0,16.93861198425293
2008-04-16,31.75,77.25,16.135208129882812
2008-04-16,31.75,77.5,18.682880401611328
2008-04-16,32.0,76.5,8.031635284423828
2008-04-16,32.0,76.75,22.270402908325195
2008-04-16,32.0,77.0,17.962541580200195
2008-04-16,32.0,77.25,18.665307998657227
2008-04-16,32.0,77.5,18.716989517211914
2008-04-17,31.5,76.5,1.6331387758255005
2008-04-17,31.5,76.75,3.3201396465301514
2008-04-17,31.5,77.0,5.818236351013184
2008-04-17,31.5,77.25,7.301305294036865
2008-04-17,31.5,77.5,5.696170806884766
2008-04-17,31.75,76.5,0.5683630704879761
2008-04-17,31.75,76.75,4.619364261627197
2008-04-17,31.75,77.0,8.99573802947998
2008-04-17,31.75,77.25,7.419832706451416
2008-04-17,31.75,77.5,8.082005500793457
2008-04-17,32.0,76.5,1.3053653240203857
2008-04-17,32.0,76.75,6.647212982177734
2008-04-17,32.0,77.0,8.595135688781738
2008-04-17,32.0,77.25,7.93051815032959
2008-04-17,32.0,77.5,7.643293857574463
2008-04-18,31.5,76.5,1.732116937637329
2008-04-18,31.5,76.75,3.4456658363342285
2008-04-18,31.5,77.0,1.6336928606033325
2008-04-18,31.5,77.25,1.0439029932022095
2008-04-18,31.5,77.5,0.0
2008-04-18,31.75,76.5,0.6028093099594116
2008-04-18,31.75,76.75,1.6464405059814453
2008-04-18,31.75,77.0,0.27122998237609863
2008-04-18,31.75,77.25,0.7177566289901733
2008-04-18,31.75,77.5,0.0
2008-04-18,32.0,76.5,0.2625247538089752
2008-04-18,32.0,76.75,0.3112931251525879
2008-04-18,32.0,77.0,0.0
2008-04-18,32.0,77.25,0.0
2008-04-18,32.0,77.5,0.0
2008-04-19,31.5,76.5,0.0
2008-04-19,31.5,76.75,0.0
2008-04-19,31.5,77.0,0.0
2008-04-19,31.5,77.25,0.0
2008-04-19,31.5,77.5,1.129245638847351
2008-04-19,31.75,76.5,0.0
2008-04-19,31.75,76.75,0.0
2008-04-19,31.75,77.0,0.0
2008-04-19,31.75,77.25,0.0
2008-04-19,31.75,77.5,0.0
2008-04-19,32.0,76.5,0.0
2008-04-19,32.0,76.75,0.0
2008-04-19,32.0,77.0,0.0
2008-04-19,32.0,77.25,0.0
2008-04-19,32.0,77.5,0.0
2008-04-20,31.5,76.5,0.0
2008-04-20,31.5,76.75,0.0
2008-04-20,31.5,77.0,0.0
2008-04-20,31.5,77.25,0.0
2008-04-20,31.5,77.5,0.0
2008-04-20,31.75,76.5,0.0
2008-04-20,31.75,76.75,0.0
2008-04-20,31.75,77.0,0.0
2008-04-20,31.75,77.25,0.0
2008-04-20,31.75,77.5,0.0
2008-04-20,32.0,76.5,0.0
2008-04-20,32.0,76.75,0.0
2008-04-20,32.0,77.0,0.0
2008-04-20,32.0,77.25,0.0
2008-04-20,32.0,77.5,0.0
2008-04-21,31.5,76.5,0.0
2008-04-21,31.5,76.75,0.0
2008-04-21,31.5,77.0,0.0
2008-04-21,31.5,77.25,0.0
2008-04-21,31.5,77.5,0.0
2008-04-21,31.75,76.5,0.0
2008-04-21,31.75,76.75,0.0
2008-04-21,31.75,77.0,0.0
2008-04-21,31.75,77.25,0.0
2008-04-21,31.75,77.5,0.0
2008-04-21,32.0,76.5,0.0
2008-04-21,32.0,76.75,0.0
2008-04-21,32.0,77.0,0.0
2008-04-21,32.0,77.25,0.0
2008-04-21,32.0,77.5,0.0
2008-04-22,31.5,76.5,0.0
2008-04-22,31.5,76.75,0.0
2008-04-22,31.5,77.0,0.0
2008-04-22,31.5,77.25,0.0
2008-04-22,31.5,77.5,0.0
2008-04-22,31.75,76.5,0.0
2008-04-22,31.75,76.75,0.0
2008-04-22,31.75,77.0,0.0
2008-04-22,31.75,77.25,0.0
2008-04-22,31.75,77.5,0.0
2008-04-22,32.0,76.5,0.0
2008-04-22,32.0,76.75,0.0
2008-04-22,32.0,77.0,0.0
2008-04-22,32.0,77.25,0.0
2008-04-22,32.0,77.5,0.0
2008-04-23,31.5,76.5,0.0
2008-04-23,31.5,76.75,0.0
2008-04-23,31.5,77.0,0.0
2008-04-23,31.5,77.25,0.0
2008-04-23,31.5,77.5,0.0
2008-04-23,31.75,76.5,0.0
2008-04-23,31.75,76.75,0.0
2008-04-23,31.75,77.0,0.0
2008-04-23,31.75,77.25,0.0
2008-04-23,31.75,77.5,0.0
2008-04-23,32.0,76.5,0.0
2008-04-23,32.0,76.75,0.0
2008-04-23,32.0,77.0,0.0
2008-04-23,32.0,77.25,0.0
2008-04-23,32.0,77.5,0.0
2008-04-24,31.5,76.5,0.0
2008-04-24,31.5,76.75,0.0
2008-04-24,31.5,77.0,0.0
2008-04-24,31.5,77.25,0.0
2008-04-24,31.5,77.5,0.0
2008-04-24,31.75,76.5,0.0
2008-04-24,31.75,76.75,0.0
2008-04-24,31.75,77.0,0.0
2008-04-24,31.75,77.25,0.0
2008-04-24,31.75,77.5,0.0
2008-04-24,32.0,76.5,0.0
2008-04-24,32.0,76.75,0.0
2008-04-24,32.0,77.0,0.0
2008-04-24,32.0,77.25,0.0
2008-04-24,32.0,77.5,0.0
2008-04-25,31.5,76.5,0.0
2008-04-25,31.5,76.75,0.0
2008-04-25,31.5,77.0,0.0
2008-04-25,31.5,77.25,0.0
2008-04-25,31.5,77.5,0.0
2008-04-25,31.75,76.5,0.0
2008-04-25,31.75,76.75,0.0
2008-04-25,31.75,77.0,0.0
2008-04-25,31.75,77.25,0.0
2008-04-25,31.75,77.5,0.0
2008-04-25,32.0,76.5,0.0
2008-04-25,32.0,76.75,0.0
2008-04-25,32.0,77.0,0.0
2008-04-25,32.0,77.25,0.0
2008-04-25,32.0,77.5,0.0
2008-04-26,31.5,76.5,0.0
2008-04-26,31.5,76.75,0.0
2008-04-26,31.5,77.0,0.0
2008-04-26,31.5,77.25,0.0
2008-04-26,31.5,77.5,0.0
2008-04-26,31.75,76.5,0.0
2008-04-26,31.75,76.75,0.0
2008-04-26,31.75,77.0,0.0
2008-04-26,31.75,77.25,0.0
2008-04-26,31.75,77.5,0.0
2008-04-26,32.0,76.5,0.0
2008-04-26,32.0,76.75,0.14530251920223236
2008-04-26,32.0,77.0,0.0
2008-04-26,32.0,77.25,0.0
2008-04-26,32.0,77.5,0.11421259492635727
2008-04-27,31.5,76.5,0.0
2008-04-27,31.5,76.75,0.0
2008-04-27,31.5,77.0,0.0
2008-04-27,31.5,77.25,0.0
2008-04-27,31.5,77.5,0.0
2008-04-27,31.75,76.5,0.0
2008-04-27,31.75,76.75,0.0
2008-04-27,31.75,77.0,0.0
2008-04-27,31.75,77.25,0.0
2008-04-27,31.75,77.5,0.0
2008-04-27,32.0,76.5,0.0
2008-04-27,32.0,76.75,0.0
2008-04-27,32.0,77.0,0.0
2008-04-27,32.0,77.25,0.0
2008-04-27,32.0,77.5,0.0
2008-04-28,31.5,76.5,0.0
2008-04-28,31.5,76.75,0.0
2008-04-28,31.5,77.0,0.0
2008-04-28,31.5,77.25,0.0
2008-04-28,31.5,77.5,0.0
2008-04-28,31.75,76.5,0.0
2008-04-28,31.75,76.75,0.0
2008-04-28,31.75,77.0,0.0
2008-04-28,31.75,77.25,0.0
2008-04-28,31.75,77.5,0.0
2008-04-28,32.0,76.5,0.0
2008-04-28,32.0,76.75,0.0
2008-04-28,32.0,77.0,0.0
2008-04-28,32.0,77.25,0.0
2008-04-28,32.0,77.5,0.0
2008-04-29,31.5,76.5,0.0
2008-04-29,31.5,76.75,0.0
2008-04-29,31.5,77.0,0.0
2008-04-29,31.5,77.25,0.0
2008-04-29,31.5,77.5,0.0
2008-04-29,31.75,76.5,0.0
2008-04-29,31.75,76.75,0.0
2008-04-29,31.75,77.0,0.0
2008-04-29,31.75,77.25,0.0
2008-04-29,31.75,77.5,0.0
2008-04-29,32.0,76.5,0.0
2008-04-29,32.0,76.75,0.0
2008-04-29,32.0,77.0,0.0
2008-04-29,32.0,77.25,0.0
2008-04-29,32.0,77.5,0.0
2008-04-30,31.5,76.5,0.0
2008-04-30,31.5,76.75,0.0
2008-04-30,31.5,77.0,0.0
2008-04-30,31.5,77.25,0.0
2008-04-30,31.5,77.5,0.0
2008-04-30,31.75,76.5,0.0
2008-04-30,31.75,76.75,0.0
2008-04-30,31.75,77.0,0.0
2008-04-30,31.75,77.25,0.0
2008-04-30,31.75,77.5,0.0
2008-04-30,32.0,76.5,0.0
2008-04-30,32.0,76.75,0.0
2008-04-30,32.0,77.0,0.0
2008-04-30,32.0,77.25,0.0
2008-04-30,32.0,77.5,0.0
2008-05-01,31.5,76.5,0.0
2008-05-01,31.5,76.75,0.0
2008-05-01,31.5,77.0,0.0
2008-05-01,31.5,77.25,0.0
2008-05-01,31.5,77.5,0.0
2008-05-01,31.75,76.5,0.0
2008-05-01,31.75,76.75,0.0
2008-05-01,31.75,77.0,0.0
2008-05-01,31.75,77.25,0.0
2008-05-01,31.75,77.5,0.0
2008-05-01,32.0,76.5,0.0
2008-05-01,32.0,76.75,0.0
2008-05-01,32.0,77.0,0.0
2008-05-01,32.0,77.25,0.0
2008-05-01,32.0,77.5,0.0
2008-05-02,31.5,76.5,0.0
2008-05-02,31.5,76.75,0.0
2008-05-02,31.5,77.0,0.0
2008-05-02,31.5,77.25,0.0
2008-05-02,31.5,77.5,0.0
2008-05-02,31.75,76.5,0.0
2008-05-02,31.75,76.75,0.0
2008-05-02,31.75,77.0,0.0
2008-05-02,31.75,77.25,0.0
2008-05-02,31.75,77.5,0.0
2008-05-02,32.0,76.5,0.0
2008-05-02,32.0,76.75,0.0
2008-05-02,32.0,77.0,0.0
2008-05-02,32.0,77.25,0.0
2008-05-02,32.0,77.5,0.0
2008-05-03,31.5,76.5,0.0
2008-05-03,31.5,76.75,0.0
2008-05-03,31.5,77.0,0.0
2008-05-03,31.5,77.25,0.0
2008-05-03,31.5,77.5,0.0
2008-05-03,31.75,76.5,0.0
2008-05-03,31.75,76.75,0.0
2008-05-03,31.75,77.0,0.0
2008-05-03,31.75,77.25,0.0
2008-05-03,31.75,77.5,0.0
2008-05-03,32.0,76.5,0.0
2008-05-03,32.0,76.75,0.0
2008-05-03,32.0,77.0,0.0
2008-05-03,32.0,77.25,0.0
2008-05-03,32.0,77.5,0.0
2008-05-04,31.5,76.5,0.0
2008-05-04,31.5,76.75,0.0
2008-05-04,31.5,77.0,0.0
2008-05-04,31.5,77.25,0.0
2008-05-04,31.5,77.5,0.0
2008-05-04,31.75,76.5,0.0
2008-05-04,31.75,76.75,0.0
2008-05-04,31.75,77.0,0.0
2008-05-04,31.75,77.25,0.0
2008-05-04,31.75,77.5,0.0
2008-05-04,32.0,76.5,0.0
2008-05-04,32.0,76.75,0.0
2008-05-04,32.0,77.0,0.0
2008-05-04,32.0,77.25,0.0
2008-05-04,32.0,77.5,0.0
2008-05-05,31.5,76.5,0.5443796515464783
2008-05-05,31.5,76.75,1.0935924053192139
2008-05-05,31.5,77.0,1.1952621936798096
2008-05-05,31.5,77.25,1.319101095199585
2008-05-05,31.5,77.5,2.5021169185638428
2008-05-05,31.75,76.5,0.1894543468952179
2008-05-05,31.75,76.75,0.8369325399398804
2008-05-05,31.75,77.0,0.9991194009780884
2008-05-05,31.75,77.25,0.9568172097206116
2008-05-05,31.75,77.5,0.7763476967811584
2008-05-05,32.0,76.5,0.0
2008-05-05,32.0,76.75,0.8577587604522705
2008-05-05,32.0,77.0,0.8762927055358887
2008-05-05,32.0,77.25,0.7605389356613159
2008-05-05,32.0,77.5,0.6743525266647339
2008-05-06,31.5,76.5,0.5443796515464783
2008-05-06,31.5,76.75,1.1090569496154785
2008-05-06,31.5,77.0,2.1591923236846924
2008-05-06,31.5,77.25,2.6293585300445557
2008-05-06,31.5,77.5,2.1276872158050537
2008-05-06,31.75,76.5,0.1894543468952179
2008-05-06,31.75,76.75,1.4987165927886963
2008-05-06,31.75,77.0,2.6161248683929443
2008-05-06,31.75,77.25,2.6955807209014893
2008-05-06,31.75,77.5,3.220043182373047
2008-05-06,32.0,76.5,3.2560341358184814
2008-05-06,32.0,76.75,3.573676824569702
2008-05-06,32.0,77.0,2.989381790161133
2008-05-06,32.0,77.25,3.260673999786377
2008-05-06,32.0,77.5,3.3855795860290527
2008-05-07,31.5,76.5,0.0
2008-05-07,31.5,76.75,0.0
2008-05-07,31.5,77.0,0.0
2008-05-07,31.5,77.25,0.0
2008-05-07,31.5,77.5,0.0
2008-05-07,31.75,76.5,0.0
2008-05-07,31.75,76.75,0.0
2008-05-07,31.75,77.0,0.0
2008-05-07,31.75,77.25,0.0
2008-05-07,31.75,77.5,0.5793938040733337
2008-05-07,32.0,76.5,0.0
2008-05-07,32.0,76.75,0.0
2008-05-07,32.0,77.0,0.21450942754745483
2008-05-07,32.0,77.25,0.5945498943328857
2008-05-07,32.0,77.5,0.9548032879829407
2008-05-08,31.5,76.5,0.0
2008-05-08,31.5,76.75,0.0
2008-05-08,31.5,77.0,0.0
2008-05-08,31.5,77.25,0.1114208847284317
2008-05-08,31.5,77.5,1.3377703428268433
2008-05-08,31.75,76.5,0.0
2008-05-08,31.75,76.75,0.0
2008-05-08,31.75,77.0,0.179905965924263
2008-05-08,31.75,77.25,0.12232804298400879
2008-05-08,31.75,77.5,0.1094912737607956
2008-05-08,32.0,76.5,0.0
2008-05-08,32.0,76.75,0.0
2008-05-08,32.0,77.0,0.15397395193576813
2008-05-08,32.0,77.25,0.10373383015394211
2008-05-08,32.0,77.5,0.0
2008-05-09,31.5,76.5,0.0
2008-05-09,31.5,76.75,0.0
2008-05-09,31.5,77.0,0.2418123483657837
2008-05-09,31.5,77.25,0.3342626392841339
2008-05-09,31.5,77.5,0.7623773217201233
2008-05-09,31.75,76.5,0.0
2008-05-09,31.75,76.75,0.19168788194656372
2008-05-09,31.75,77.0,0.5397179126739502
2008-05-09,31.75,77.25,0.36698412895202637
2008-05-09,31.75,77.5,0.5602313280105591
2008-05-09,32.0,76.5,0.0
2008-05-09,32.0,76.75,0.21184606850147247
2008-05-09,32.0,77.0,0.5477256774902344
2008-05-09,32.0,77.25,0.5490214228630066
2008-05-09,32.0,77.5,0.5946556925773621
2008-05-10,31.5,76.5,2.544964075088501
2008-05-10,31.5,76.75,3.946125030517578
2008-05-10,31.5,77.0,2.3507022857666016
2008-05-10,31.5,77.25,1.8615572452545166
2008-05-10,31.5,77.5,0.8474768996238708
2008-05-10,31.75,76.5,1.5855531692504883
2008-05-10,31.75,76.75,2.3243563175201416
2008-05-10,31.75,77.0,1.4814764261245728
2008-05-10,31.75,77.25,2.305251121520996
2008-05-10,31.75,77.5,2.065999746322632
2008-05-10,32.0,76.5,4.431522369384766
2008-05-10,32.0,76.75,3.2031431198120117
2008-05-10,32.0,77.0,1.6403740644454956
2008-05-10,32.0,77.25,2.124683380126953
2008-05-10,32.0,77.5,2.3623461723327637
2008-05-11,31.5,76.5,1.0887593030929565
2008-05-11,31.5,76.75,2.1671197414398193
2008-05-11,31.5,77.0,1.1198244094848633
2008-05-11,31.5,77.25,1.0837373733520508
2008-05-11,31.5,77.5,0.503402829170227
2008-05-11,31.75,76.5,0.3789086937904358
2008-05-11,31.75,76.75,1.0349054336547852
2008-05-11,31.75,77.0,0.2873036563396454
2008-05-11,31.75,77.25,1.42501699924469
2008-05-11,31.75,77.5,1.863829493522644
2008-05-11,32.0,76.5,0.1650155633687973
2008-05-11,32.0,76.75,3.5085673332214355
2008-05-11,32.0,77.0,0.8665868043899536
2008-05-11,32.0,77.25,1.9695112705230713
2008-05-11,32.0,77.5,2.6040470600128174
2008-05-12,31.5,76.5,18.90481948852539
2008-05-12,31.5,76.75,37.662437438964844
2008-05-12,31.5,77.0,21.2772216796875
2008-05-12,31.5,77.25,15.912553787231445
2008-05-12,31.5,77.5,4.862060546875
2008-05-12,31.75,76.5,6.579233169555664
2008-05-12,31.75,76.75,20.072132110595703
2008-05-12,31.75,77.0,8.589554786682129
2008-05-12,31.75,77.25,12.02719783782959
2008-05-12,31.75,77.5,4.104230880737305
2008-05-12,32.0,76.5,2.8652703762054443
2008-05-12,32.0,76.75,6.682865142822266
2008-05-12,32.0,77.0,5.229161262512207
2008-05-12,32.0,77.25,3.9933412075042725
2008-05-12,32.0,77.5,3.1250882148742676
2008-05-13,31.5,76.5,0.0
2008-05-13,31.5,76.75,0.0
2008-05-13,31.5,77.0,1.853894591331482
2008-05-13,31.5,77.25,2.647559642791748
2008-05-13,31.5,77.5,3.1357815265655518
2008-05-13,31.75,76.5,0.0
2008-05-13,31.75,76.75,1.4696069955825806
2008-05-13,31.75,77.0,4.1378374099731445
2008-05-13,31.75,77.25,2.813544988632202
2008-05-13,31.75,77.5,2.5182993412017822
2008-05-13,32.0,76.5,0.0
2008-05-13,32.0,76.75,1.6241531372070312
2008-05-13,32.0,77.0,3.541400909423828
2008-05-13,32.0,77.25,2.385878086090088
2008-05-13,32.0,77.5,1.6309633255004883
2008-05-14,31.5,76.5,0.0
2008-05-14,31.5,76.75,0.0
2008-05-14,31.5,77.0,0.0
2008-05-14,31.5,77.25,0.0
2008-05-14,31.5,77.5,0.2709111273288727
2008-05-14,31.75,76.5,0.0
2008-05-14,31.75,76.75,0.0
2008-05-14,31.75,77.0,0.0
2008-05-14,31.75,77.25,0.0
2008-05-14,31.75,77.5,0.0
2008-05-14,32.0,76.5,0.0
2008-05-14,32.0,76.75,0.0
2008-05-14,32.0,77.0,0.0
2008-05-14,32.0,77.25,0.0
2008-05-14,32.0,77.5,0.0
2008-05-15,31.5,76.5,5.245840072631836
2008-05-15,31.5,76.75,10.435445785522461
2008-05-15,31.5,77.0,4.947755336761475
2008-05-15,31.5,77.25,3.1615350246429443
2008-05-15,31.5,77.5,0.0
2008-05-15,31.75,76.5,1.8256511688232422
2008-05-15,31.75,76.75,4.986362934112549
2008-05-15,31.75,77.0,0.8214393854141235
2008-05-15,31.75,77.25,2.1737773418426514
2008-05-15,31.75,77.5,0.0
2008-05-15,32.0,76.5,1.6545716524124146
2008-05-15,32.0,76.75,0.9427734613418579
2008-05-15,32.0,77.0,0.0
2008-05-15,32.0,77.25,0.0
2008-05-15,32.0,77.5,0.0
2008-05-16,31.5,76.5,0.0
2008-05-16,31.5,76.75,0.0
2008-05-16,31.5,77.0,0.0
2008-05-16,31.5,77.25,0.0
2008-05-16,31.5,77.5,0.0
2008-05-16,31.75,76.5,0.0
2008-05-16,31.75,76.75,0.0
2008-05-16,31.75,77.0,0.0
2008-05-16,31.75,77.25,0.0
2008-05-16,31.75,77.5,0.0
2008-05-16,32.0,76.5,0.0
2008-05-16,32.0,76.75,0.0
2008-05-16,32.0,77.0,0.0
2008-05-16,32.0,77.25,0.0
2008-05-16,32.0,77.5,0.0
2008-05-17,31.5,76.5,3.8601465225219727
2008-05-17,31.5,76.75,7.722074031829834
2008-05-17,31.5,77.0,6.179830551147461
2008-05-17,31.5,77.25,6.0342230796813965
2008-05-17,31.5,77.5,7.917192459106445
2008-05-17,31.75,76.5,1.3434035778045654
2008-05-17,31.75,76.75,5.6819329261779785
2008-05-17,31.75,77.0,6.339123725891113
2008-05-17,31.75,77.25,6.016716480255127
2008-05-17,31.75,77.5,4.759791851043701
2008-05-17,32.0,76.5,2.9651997089385986
2008-05-17,32.0,76.75,4.836115837097168
2008-05-17,32.0,77.0,5.437691688537598
2008-05-17,32.0,77.25,4.645678997039795
2008-05-17,32.0,77.5,4.123238563537598
2008-05-18,31.5,76.5,0.0
2008-05-18,31.5,76.75,0.0
2008-05-18,31.5,77.0,0.0
2008-05-18,31.5,77.25,0.0
2008-05-18,31.5,77.5,0.0
2008-05-18,31.75,76.5,0.0
2008-05-18,31.75,76.75,0.0
2008-05-18,31.75,77.0,0.0
2008-05-18,31.75,77.25,0.0
2008-05-18,31.75,77.5,0.34763628244400024
2008-05-18,32.0,76.5,0.0
2008-05-18,32.0,76.75,0.0
2008-05-18,32.0,77.0,0.12870566546916962
2008-05-18,32.0,77.25,0.3567299544811249
2008-05-18,32.0,77.5,0.5728819966316223
2008-05-19,31.5,76.5,0.5443796515464783
2008-05-19,31.5,76.75,1.0829236507415771
2008-05-19,31.5,77.0,0.5134463310241699
2008-05-19,31.5,77.25,0.5968692898750305
2008-05-19,31.5,77.5,2.0167791843414307
2008-05-19,31.75,76.5,0.1894543468952179
2008-05-19,31.75,76.75,0.5174527168273926
2008-05-19,31.75,77.0,0.0
2008-05-19,31.75,77.25,0.22558064758777618
2008-05-19,31.75,77.5,0.0
2008-05-19,32.0,76.5,0.0
2008-05-19,32.0,76.75,0.0
2008-05-19,32.0,77.0,0.0
2008-05-19,32.0,77.25,0.0
2008-05-19,32.0,77.5,0.0
2008-05-20,31.5,76.5,4.228839874267578
2008-05-20,31.5,76.75,0.570667028427124
2008-05-20,31.5,77.0,0.9098083972930908
2008-05-20,31.5,77.25,0.5228006839752197
2008-05-20,31.5,77.5,0.9377389550209045
2008-05-20,31.75,76.5,7.612288951873779
2008-05-20,31.75,76.75,2.103517770767212
2008-05-20,31.75,77.0,0.2534930408000946
2008-05-20,31.75,77.25,0.515312910079956
2008-05-20,31.75,77.5,1.244763970375061
2008-05-20,32.0,76.5,3.6864025592803955
2008-05-20,32.0,76.75,1.1031429767608643
2008-05-20,32.0,77.0,0.6269391179084778
2008-05-20,32.0,77.25,1.2856818437576294
2008-05-20,32.0,77.5,1.8023602962493896
2008-05-21,31.5,76.5,0.0
2008-05-21,31.5,76.75,0.0
2008-05-21,31.5,77.0,1.4105719327926636
2008-05-21,31.5,77.25,1.949865460395813
2008-05-21,31.5,77.5,3.0223147869110107
2008-05-21,31.75,76.5,0.0
2008-05-21,31.75,76.75,1.118179202079773
2008-05-21,31.75,77.0,3.1627001762390137
2008-05-21,31.75,77.25,2.2603371143341064
2008-05-21,31.75,77.5,2.2608675956726074
2008-05-21,32.0,76.5,0.0
2008-05-21,32.0,76.75,1.6426156759262085
2008-05-21,32.0,77.0,2.8438687324523926
2008-05-21,32.0,77.25,2.176121950149536
2008-05-21,32.0,77.5,1.7517064809799194
2008-05-22,31.5,76.5,2.275498628616333
2008-05-22,31.5,76.75,0.0
2008-05-22,31.5,77.0,0.22367003560066223
2008-05-22,31.5,77.25,0.0
2008-05-22,31.5,77.5,0.0
2008-05-22,31.75,76.5,4.477695941925049
2008-05-22,31.75,76.75,1.0826497077941895
2008-05-22,31.75,77.0,0.0
2008-05-22,31.75,77.25,0.0
2008-05-22,31.75,77.5,0.0
2008-05-22,32.0,76.5,2.1893393993377686
2008-05-22,32.0,76.75,0.0
2008-05-22,32.0,77.0,0.0
2008-05-22,32.0,77.25,0.0
2008-05-22,32.0,77.5,0.0
2008-05-23,31.5,76.5,25.117576599121094
2008-05-23,31.5,76.75,49.072120666503906
2008-05-23,31.5,77.0,25.905052185058594
2008-05-23,31.5,77.25,18.714040756225586
2008-05-23,31.5,77.5,4.580379486083984
2008-05-23,31.75,76.5,8.853246688842773
2008-05-23,31.75,76.75,25.535058975219727
2008-05-23,31.75,77.0,9.82685375213623
2008-05-23,31.75,77.25,14.505754470825195
2008-05-23,31.75,77.5,4.10369348526001
2008-05-23,32.0,76.5,13.944513320922852
2008-05-23,32.0,76.75,7.631377696990967
2008-05-23,32.0,77.0,5.309189319610596
2008-05-23,32.0,77.25,3.9415087699890137
2008-05-23,32.0,77.5,3.02535343170166
2008-05-24,31.5,76.5,7.34005880355835
2008-05-24,31.5,76.75,11.195143699645996
2008-05-24,31.5,77.0,9.425605773925781
2008-05-24,31.5,77.25,9.356056213378906
2008-05-24,31.5,77.5,17.053245544433594
2008-05-24,31.75,76.5,3.9856574535369873
2008-05-24,31.75,76.75,8.727928161621094
2008-05-24,31.75,77.0,10.32316780090332
2008-05-24,31.75,77.25,10.103360176086426
2008-05-24,31.75,77.5,8.54105281829834
2008-05-24,32.0,76.5,27.058950424194336
2008-05-24,32.0,76.75,9.428653717041016
2008-05-24,32.0,77.0,9.393938064575195
2008-05-24,32.0,77.25,8.432899475097656
2008-05-24,32.0,77.5,7.670733451843262
2008-05-25,31.5,76.5,1.4351825714111328
2008-05-25,31.5,76.75,2.8563504219055176
2008-05-25,31.5,77.0,1.4342353343963623
2008-05-25,31.5,77.25,1.4856469631195068
2008-05-25,31.5,77.5,0.951600968837738
2008-05-25,31.75,76.5,0.499470591545105
2008-05-25,31.75,76.75,1.4280894994735718
2008-05-25,31.75,77.0,0.4282075762748718
2008-05-25,31.75,77.25,0.9135203957557678
2008-05-25,31.75,77.5,0.48552703857421875
2008-05-25,32.0,76.5,3.3910467624664307
2008-05-25,32.0,76.75,0.9969354271888733
2008-05-25,32.0,77.0,0.3288116157054901
2008-05-25,32.0,77.25,0.5010913610458374
2008-05-25,32.0,77.5,0.596289336681366
2008-05-26,31.5,76.5,0.0
2008-05-26,31.5,76.75,0.2532810568809509
2008-05-26,31.5,77.0,4.133040428161621
2008-05-26,31.5,77.25,7.422569751739502
2008-05-26,31.5,77.5,4.474462509155273
2008-05-26,31.75,76.5,0.0
2008-05-26,31.75,76.75,0.34966614842414856
2008-05-26,31.75,77.0,0.7484438419342041
2008-05-26,31.75,77.25,0.6413806080818176
2008-05-26,31.75,77.5,0.6505070328712463
2008-05-26,32.0,76.5,0.0
2008-05-26,32.0,76.75,0.678036093711853
2008-05-26,32.0,77.0,0.7147171497344971
2008-05-26,32.0,77.25,0.639528751373291
2008-05-26,32.0,77.5,0.5805985331535339
2008-05-27,31.5,76.5,0.0
2008-05-27,31.5,76.75,0.0
2008-05-27,31.5,77.0,0.0
2008-05-27,31.5,77.25,0.0
2008-05-27,31.5,77.5,0.0
2008-05-27,31.75,76.5,0.0
2008-05-27,31.75,76.75,0.0
2008-05-27,31.75,77.0,0.0
2008-05-27,31.75,77.25,0.0
2008-05-27,31.75,77.5,0.0
2008-05-27,32.0,76.5,0.0
2008-05-27,32.0,76.75,0.0
2008-05-27,32.0,77.0,0.0
2008-05-27,32.0,77.25,0.0
2008-05-27,32.0,77.5,0.0
2008-05-28,31.5,76.5,0.2474452704191208
2008-05-28,31.5,76.75,0.49223798513412476
2008-05-28,31.5,77.0,0.23338469862937927
2008-05-28,31.5,77.25,0.1491290032863617
2008-05-28,31.5,77.5,0.0
2008-05-28,31.75,76.5,0.0
2008-05-28,31.75,76.75,0.2352057844400406
2008-05-28,31.75,77.0,0.0
2008-05-28,31.75,77.25,0.16233481466770172
2008-05-28,31.75,77.5,0.11444566398859024
2008-05-28,32.0,76.5,0.0
2008-05-28,32.0,76.75,0.24789395928382874
2008-05-28,32.0,77.0,0.0
2008-05-28,32.0,77.25,0.12093490362167358
2008-05-28,32.0,77.5,0.15989762544631958
2008-05-29,31.5,76.5,0.0
2008-05-29,31.5,76.75,0.0
2008-05-29,31.5,77.0,0.0
2008-05-29,31.5,77.25,0.0
2008-05-29,31.5,77.5,0.0
2008-05-29,31.75,76.5,0.0
2008-05-29,31.75,76.75,0.0
2008-05-29,31.75,77.0,0.0
2008-05-29,31.75,77.25,0.0
2008-05-29,31.75,77.5,0.11587876081466675
2008-05-29,32.0,76.5,0.0
2008-05-29,32.0,76.75,0.0
2008-05-29,32.0,77.0,0.0
2008-05-29,32.0,77.25,0.11890998482704163
2008-05-29,32.0,77.5,0.19096066057682037
2008-05-30,31.5,76.5,0.0
2008-05-30,31.5,76.75,0.0
2008-05-30,31.5,77.0,0.0
2008-05-30,31.5,77.25,0.0
2008-05-30,31.5,77.5,0.0
2008-05-30,31.75,76.5,0.0
2008-05-30,31.75,76.75,0.0
2008-05-30,31.75,77.0,0.0
2008-05-30,31.75,77.25,0.20550699532032013
2008-05-30,31.75,77.5,0.5954168438911438
2008-05-30,32.0,76.5,0.0
2008-05-30,32.0,76.75,0.5614924430847168
2008-05-30,32.0,77.0,0.3193487226963043
2008-05-30,32.0,77.25,0.6360989212989807
2008-05-30,32.0,77.5,0.8566408157348633
2008-05-31,31.5,76.5,0.0
2008-05-31,31.5,76.75,0.0
2008-05-31,31.5,77.0,0.0
2008-05-31,31.5,77.25,0.0
2008-05-31,31.5,77.5,0.0
2008-05-31,31.75,76.5,0.0
2008-05-31,31.75,76.75,0.0
2008-05-31,31.75,77.0,0.0
2008-05-31,31.75,77.25,0.0
2008-05-31,31.75,77.5,0.34763628244400024
2008-05-31,32.0,76.5,0.0
2008-05-31,32.0,76.75,0.0
2008-05-31,32.0,77.0,0.12870566546916962
2008-05-31,32.0,77.25,0.3567299544811249
2008-05-31,32.0,77.5,0.5728819966316223
2008-06-01,31.5,76.5,0.0
2008-06-01,31.5,76.75,0.0
2008-06-01,31.5,77.0,1.1006556749343872
2008-06-01,31.5,77.25,1.21566641330719
2008-06-01,31.5,77.5,1.2706724405288696
2008-06-01,31.75,76.5,0.0
2008-06-01,31.75,76.75,0.27475473284721375
2008-06-01,31.75,77.0,2.5039267539978027
2008-06-01,31.75,77.25,1.5715644359588623
2008-06-01,31.75,77.5,1.3899986743927002
2008-06-01,32.0,76.5,0.0
2008-06-01,32.0,76.75,1.0278748273849487
2008-06-01,32.0,77.0,1.7001084089279175
2008-06-01,32.0,77.25,1.192473292350769
2008-06-01,32.0,77.5,0.9929880499839783
2008-06-02,31.5,76.5,0.3881256580352783
2008-06-02,31.5,76.75,0.0
2008-06-02,31.5,77.0,0.0
2008-06-02,31.5,77.25,0.0
2008-06-02,31.5,77.5,0.0
2008-06-02,31.75,76.5,0.28499308228492737
2008-06-02,31.75,76.75,0.0
2008-06-02,31.75,77.0,0.0
2008-06-02,31.75,77.25,0.0
2008-06-02,31.75,77.5,0.0
2008-06-02,32.0,76.5,6.381745338439941
2008-06-02,32.0,76.75,0.0
2008-06-02,32.0,77.0,0.0
2008-06-02,32.0,77.25,0.0
2008-06-02,32.0,77.5,0.0
2008-06-03,31.5,76.5,0.0
2008-06-03,31.5,76.75,0.0
2008-06-03,31.5,77.0,1.9558091163635254
2008-06-03,31.5,77.25,2.245354413986206
2008-06-03,31.5,77.5,2.1601431369781494
2008-06-03,31.75,76.5,0.0
2008-06-03,31.75,76.75,0.46708306670188904
2008-06-03,31.75,77.0,4.276012897491455
2008-06-03,31.75,77.25,2.853701591491699
2008-06-03,31.75,77.5,2.783547878265381
2008-06-03,32.0,76.5,1.1080987453460693
2008-06-03,32.0,76.75,2.0841245651245117
2008-06-03,32.0,77.0,3.394008159637451
2008-06-03,32.0,77.25,2.6860511302948
2008-06-03,32.0,77.5,2.490957498550415
2008-06-04,31.5,76.5,0.15940874814987183
2008-06-04,31.5,76.75,0.0
2008-06-04,31.5,77.0,0.3014005124568939
2008-06-04,31.5,77.25,0.5622175931930542
2008-06-04,31.5,77.5,0.0
2008-06-04,31.75,76.5,0.11705072969198227
2008-06-04,31.75,76.75,0.0
2008-06-04,31.75,77.0,0.1669284701347351
2008-06-04,31.75,77.25,0.1047709658741951
2008-06-04,31.75,77.5,0.28680428862571716
2008-06-04,32.0,76.5,0.4213657081127167
2008-06-04,32.0,76.75,0.19510550796985626
2008-06-04,32.0,77.0,0.36814936995506287
2008-06-04,32.0,77.25,0.4758293330669403
2008-06-04,32.0,77.5,0.4241267740726471
2008-06-05,31.5,76.5,16.546113967895508
2008-06-05,31.5,76.75,1.1148144006729126
2008-06-05,31.5,77.0,3.3729007244110107
2008-06-05,31.5,77.25,3.4600913524627686
2008-06-05,31.5,77.5,3.326690196990967
2008-06-05,31.75,76.5,23.800865173339844
2008-06-05,31.75,76.75,8.661686897277832
2008-06-05,31.75,77.0,1.0383872985839844
2008-06-05,31.75,77.25,2.169165849685669
2008-06-05,31.75,77.5,2.7721729278564453
2008-06-05,32.0,76.5,15.36329174041748
2008-06-05,32.0,76.75,4.62467622756958
2008-06-05,32.0,77.0,1.1190237998962402
2008-06-05,32.0,77.25,1.6483076810836792
2008-06-05,32.0,77.5,1.702187418937683
2008-06-06,31.5,76.5,3.2511634826660156
2008-06-06,31.5,76.75,3.6680991649627686
2008-06-06,31.5,77.0,1.8149851560592651
2008-06-06,31.5,77.25,2.252147912979126
2008-06-06,31.5,77.5,2.0022430419921875
2008-06-06,31.75,76.5,2.0060179233551025
2008-06-06,31.75,76.75,0.36988261342048645
2008-06-06,31.75,77.0,0.22219468653202057
2008-06-06,31.75,77.25,0.7111260294914246
2008-06-06,31.75,77.5,0.0
2008-06-06,32.0,76.5,12.70019817352295
2008-06-06,32.0,76.75,0.0
2008-06-06,32.0,77.0,0.0
2008-06-06,32.0,77.25,0.12194804102182388
2008-06-06,32.0,77.5,0.11013156175613403
2008-06-07,31.5,76.5,28.78184700012207
2008-06-07,31.5,76.75,27.693132400512695
2008-06-07,31.5,77.0,19.115821838378906
2008-06-07,31.5,77.25,17.613250732421875
2008-06-07,31.5,77.5,19.33405303955078
2008-06-07,31.75,76.5,28.355459213256836
2008-06-07,31.75,76.75,30.427045822143555
2008-06-07,31.75,77.0,4.960059642791748
2008-06-07,31.75,77.25,11.99336051940918
2008-06-07,31.75,77.5,8.642335891723633
2008-06-07,32.0,76.5,20.046199798583984
2008-06-07,32.0,76.75,15.108384132385254
2008-06-07,32.0,77.0,2.870776653289795
2008-06-07,32.0,77.25,4.155081748962402
2008-06-07,32.0,77.5,4.470736026763916
2008-06-08,31.5,76.5,9.113221168518066
2008-06-08,31.5,76.75,26.94500160217285
2008-06-08,31.5,77.0,9.812178611755371
2008-06-08,31.5,77.25,8.567604064941406
2008-06-08,31.5,77.5,7.154561996459961
2008-06-08,31.75,76.5,3.8924968242645264
2008-06-08,31.75,76.75,2.8530943393707275
2008-06-08,31.75,77.0,3.077681303024292
2008-06-08,31.75,77.25,7.836465835571289
2008-06-08,31.75,77.5,7.634230136871338
2008-06-08,32.0,76.5,12.1890869140625
2008-06-08,32.0,76.75,5.666867733001709
2008-06-08,32.0,77.0,9.473949432373047
2008-06-08,32.0,77.25,12.755609512329102
2008-06-08,32.0,77.5,13.566766738891602
2008-06-09,31.5,76.5,6.863269329071045
2008-06-09,31.5,76.75,0.984957218170166
2008-06-09,31.5,77.0,18.783306121826172
2008-06-09,31.5,77.25,19.084354400634766
2008-06-09,31.5,77.5,20.68012237548828
2008-06-09,31.75,76.5,3.705874443054199
2008-06-09,31.75,76.75,30.250343322753906
2008-06-09,31.75,77.0,23.98419952392578
2008-06-09,31.75,77.25,20.138093948364258
2008-06-09,31.75,77.5,20.75147247314453
2008-06-09,32.0,76.5,20.979019165039062
2008-06-09,32.0,76.75,24.34613800048828
2008-06-09,32.0,77.0,17.448108673095703
2008-06-09,32.0,77.25,14.72170639038086
2008-06-09,32.0,77.5,13.666240692138672
2008-06-10,31.5,76.5,3.6255078315734863
2008-06-10,31.5,76.75,8.98202896118164
2008-06-10,31.5,77.0,5.871062755584717
2008-06-10,31.5,77.25,4.611821174621582
2008-06-10,31.5,77.5,8.503589630126953
2008-06-10,31.75,76.5,1.0702145099639893
2008-06-10,31.75,76.75,4.71729850769043
2008-06-10,31.75,77.0,1.5516537427902222
2008-06-10,31.75,77.25,3.3624730110168457
2008-06-10,31.75,77.5,3.610433340072632
2008-06-10,32.0,76.5,0.682564377784729
2008-06-10,32.0,76.75,4.117729663848877
2008-06-10,32.0,77.0,1.7068264484405518
2008-06-10,32.0,77.25,2.58174467086792
2008-06-10,32.0,77.5,3.1686315536499023
2008-06-11,31.5,76.5,8.571636199951172
2008-06-11,31.5,76.75,7.703092098236084
2008-06-11,31.5,77.0,13.694351196289062
2008-06-11,31.5,77.25,13.03660774230957
2008-06-11,31.5,77.5,11.900172233581543
2008-06-11,31.75,76.5,4.362963676452637
2008-06-11,31.75,76.75,26.687049865722656
2008-06-11,31.75,77.0,9.251608848571777
2008-06-11,31.75,77.25,12.46546745300293
2008-06-11,31.75,77.5,12.78291130065918
2008-06-11,32.0,76.5,16.03999137878418
2008-06-11,32.0,76.75,17.860734939575195
2008-06-11,32.0,77.0,8.278697967529297
2008-06-11,32.0,77.25,8.459641456604004
2008-06-11,32.0,77.5,9.596366882324219
2008-06-12,31.5,76.5,4.175363063812256
2008-06-12,31.5,76.75,1.101873517036438
2008-06-12,31.5,77.0,0.8168432712554932
2008-06-12,31.5,77.25,1.045573115348816
2008-06-12,31.5,77.5,5.748467445373535
2008-06-12,31.75,76.5,6.429383754730225
2008-06-12,31.75,76.75,0.29702720046043396
2008-06-12,31.75,77.0,0.6144153475761414
2008-06-12,31.75,77.25,0.9843721985816956
2008-06-12,31.75,77.5,2.0993263721466064
2008-06-12,32.0,76.5,7.376156806945801
2008-06-12,32.0,76.75,1.5525641441345215
2008-06-12,32.0,77.0,2.6077470779418945
2008-06-12,32.0,77.25,3.447476863861084
2008-06-12,32.0,77.5,3.6267106533050537
2008-06-13,31.5,76.5,10.617324829101562
2008-06-13,31.5,76.75,0.910923957824707
2008-06-13,31.5,77.0,0.9874622225761414
2008-06-13,31.5,77.25,1.001761555671692
2008-06-13,31.5,77.5,19.696561813354492
2008-06-13,31.75,76.5,16.515300750732422
2008-06-13,31.75,76.75,2.2526040077209473
2008-06-13,31.75,77.0,0.270376056432724
2008-06-13,31.75,77.25,0.6050780415534973
2008-06-13,31.75,77.5,2.5136215686798096
2008-06-13,32.0,76.5,13.108540534973145
2008-06-13,32.0,76.75,2.274163246154785
2008-06-13,32.0,77.0,2.731046199798584
2008-06-13,32.0,77.25,4.227088451385498
2008-06-13,32.0,77.5,3.8656578063964844
2008-06-14,31.5,76.5,20.96651268005371
2008-06-14,31.5,76.75,0.4204108715057373
2008-06-14,31.5,77.0,0.6190930008888245
2008-06-14,31.5,77.25,0.571361243724823
2008-06-14,31.5,77.5,0.5094259977340698
2008-06-14,31.75,76.5,33.71897888183594
2008-06-14,31.75,76.75,2.326066255569458
2008-06-14,31.75,77.0,0.20612768828868866
2008-06-14,31.75,77.25,0.4333992600440979
2008-06-14,31.75,77.5,1.0261257886886597
2008-06-14,32.0,76.5,81.92391967773438
2008-06-14,32.0,76.75,1.221436858177185
2008-06-14,32.0,77.0,0.8527873754501343
2008-06-14,32.0,77.25,1.3083463907241821
2008-06-14,32.0,77.5,1.2234525680541992
2008-06-15,31.5,76.5,5.014099597930908
2008-06-15,31.5,76.75,2.344390869140625
2008-06-15,31.5,77.0,7.289854526519775
2008-06-15,31.5,77.25,7.803308963775635
2008-06-15,31.5,77.5,5.628883361816406
2008-06-15,31.75,76.5,2.795309066772461
2008-06-15,31.75,76.75,14.80168628692627
2008-06-15,31.75,77.0,3.7962427139282227
2008-06-15,31.75,77.25,5.162685871124268
2008-06-15,31.75,77.5,5.2164154052734375
2008-06-15,32.0,76.5,27.6260986328125
2008-06-15,32.0,76.75,8.493499755859375
2008-06-15,32.0,77.0,2.280468702316284
2008-06-15,32.0,77.25,2.27028226852417
2008-06-15,32.0,77.5,2.3649752140045166
2008-06-16,31.5,76.5,34.567501068115234
2008-06-16,31.5,76.75,22.787899017333984
2008-06-16,31.5,77.0,17.088472366333008
2008-06-16,31.5,77.25,17.436525344848633
2008-06-16,31.5,77.5,14.24533748626709
2008-06-16,31.75,76.5,43.730587005615234
2008-06-16,31.75,76.75,18.180673599243164
2008-06-16,31.75,77.0,10.492745399475098
2008-06-16,31.75,77.25,13.014366149902344
2008-06-16,31.75,77.5,10.094878196716309
2008-06-16,32.0,76.5,34.62558364868164
2008-06-16,32.0,76.75,12.100846290588379
2008-06-16,32.0,77.0,8.292069435119629
2008-06-16,32.0,77.25,8.095260620117188
2008-06-16,32.0,77.5,8.075578689575195
2008-06-17,31.5,76.5,8.53032398223877
2008-06-17,31.5,76.75,5.219730854034424
2008-06-17,31.5,77.0,2.452136516571045
2008-06-17,31.5,77.25,2.2892355918884277
2008-06-17,31.5,77.5,1.0875234603881836
2008-06-17,31.75,76.5,11.469035148620605
2008-06-17,31.75,76.75,2.4122402667999268
2008-06-17,31.75,77.0,0.6117120981216431
2008-06-17,31.75,77.25,2.326915740966797
2008-06-17,31.75,77.5,5.01938533782959
2008-06-17,32.0,76.5,5.383462905883789
2008-06-17,32.0,76.75,4.168508529663086
2008-06-17,32.0,77.0,5.8261213302612305
2008-06-17,32.0,77.25,8.412731170654297
2008-06-17,32.0,77.5,8.691288948059082
2008-06-18,31.5,76.5,22.37883186340332
2008-06-18,31.5,76.75,37.208396911621094
2008-06-18,31.5,77.0,23.098960876464844
2008-06-18,31.5,77.25,20.712709426879883
2008-06-18,31.5,77.5,13.018211364746094
2008-06-18,31.75,76.5,11.23291015625
2008-06-18,31.75,76.75,33.462608337402344
2008-06-18,31.75,77.0,6.297269821166992
2008-06-18,31.75,77.25,15.094902038574219
2008-06-18,31.75,77.5,13.055197715759277
2008-06-18,32.0,76.5,43.35796356201172
2008-06-18,32.0,76.75,18.990291595458984
2008-06-18,32.0,77.0,7.777566432952881
2008-06-18,32.0,77.25,11.261271476745605
2008-06-18,32.0,77.5,11.365418434143066
2008-06-19,31.5,76.5,11.658891677856445
2008-06-19,31.5,76.75,15.509757995605469
2008-06-19,31.5,77.0,14.940293312072754
2008-06-19,31.5,77.25,13.658417701721191
2008-06-19,31.5,77.5,10.009177207946777
2008-06-19,31.75,76.5,5.76038122177124
2008-06-19,31.75,76.75,28.210630416870117
2008-06-19,31.75,77.0,5.580857276916504
2008-06-19,31.75,77.25,10.55764102935791
2008-06-19,31.75,77.5,18.694833755493164
2008-06-19,32.0,76.5,31.237342834472656
2008-06-19,32.0,76.75,21.548734664916992
2008-06-19,32.0,77.0,16.166154861450195
2008-06-19,32.0,77.25,23.88914680480957
2008-06-19,32.0,77.5,22.444473266601562
2008-06-20,31.5,76.5,3.041060209274292
2008-06-20,31.5,76.75,7.214450836181641
2008-06-20,31.5,77.0,4.330318450927734
2008-06-20,31.5,77.25,4.948210716247559
2008-06-20,31.5,77.5,4.4484782218933105
2008-06-20,31.75,76.5,1.3693161010742188
2008-06-20,31.75,76.75,3.2838284969329834
2008-06-20,31.75,77.0,1.0093375444412231
2008-06-20,31.75,77.25,3.0515637397766113
2008-06-20,31.75,77.5,4.051011085510254
2008-06-20,32.0,76.5,3.065650463104248
2008-06-20,32.0,76.75,3.8521599769592285
2008-06-20,32.0,77.0,4.27271032333374
2008-06-20,32.0,77.25,5.883570194244385
2008-06-20,32.0,77.5,6.435028553009033
2008-06-21,31.5,76.5,0.5849376916885376
2008-06-21,31.5,76.75,0.0
2008-06-21,31.5,77.0,0.8316417336463928
2008-06-21,31.5,77.25,0.7769224643707275
2008-06-21,31.5,77.5,0.6940397620201111
2008-06-21,31.75,76.5,0.31584155559539795
2008-06-21,31.75,76.75,2.3861382007598877
2008-06-21,31.75,77.0,0.29164987802505493
2008-06-21,31.75,77.25,0.5939573645591736
2008-06-21,31.75,77.5,0.6879695653915405
2008-06-21,32.0,76.5,0.7963619828224182
2008-06-21,32.0,76.75,1.2771483659744263
2008-06-21,32.0,77.0,0.16194240748882294
2008-06-21,32.0,77.25,0.22476011514663696
2008-06-21,32.0,77.5,0.2658040225505829
2008-06-22,31.5,76.5,1.3066588640213013
2008-06-22,31.5,76.75,0.0
2008-06-22,31.5,77.0,1.5124294757843018
2008-06-22,31.5,77.25,1.4816409349441528
2008-06-22,31.5,77.5,1.3488959074020386
2008-06-22,31.75,76.5,0.8078984618186951
2008-06-22,31.75,76.75,3.2822611331939697
2008-06-22,31.75,77.0,1.4345999956130981
2008-06-22,31.75,77.25,2.5696604251861572
2008-06-22,31.75,77.5,3.5126545429229736
2008-06-22,32.0,76.5,4.424108505249023
2008-06-22,32.0,76.75,3.8523712158203125
2008-06-22,32.0,77.0,3.258983850479126
2008-06-22,32.0,77.25,3.676807165145874
2008-06-22,32.0,77.5,4.7454752922058105
2008-06-23,31.5,76.5,8.286690711975098
2008-06-23,31.5,76.75,12.200555801391602
2008-06-23,31.5,77.0,4.073908805847168
2008-06-23,31.5,77.25,3.3650143146514893
2008-06-23,31.5,77.5,1.4562358856201172
2008-06-23,31.75,76.5,8.617623329162598
2008-06-23,31.75,76.75,1.3740164041519165
2008-06-23,31.75,77.0,0.7367508411407471
2008-06-23,31.75,77.25,2.3579444885253906
2008-06-23,31.75,77.5,0.19413772225379944
2008-06-23,32.0,76.5,3.1503117084503174
2008-06-23,32.0,76.75,0.12658052146434784
2008-06-23,32.0,77.0,0.25480881333351135
2008-06-23,32.0,77.25,0.3963310718536377
2008-06-23,32.0,77.5,0.3579275608062744
2008-06-24,31.5,76.5,0.9762015342712402
2008-06-24,31.5,76.75,0.0
2008-06-24,31.5,77.0,0.0
2008-06-24,31.5,77.25,0.0
2008-06-24,31.5,77.5,0.0
2008-06-24,31.75,76.5,1.6054669618606567
2008-06-24,31.75,76.75,0.0
2008-06-24,31.75,77.0,0.0
2008-06-24,31.75,77.25,0.19114404916763306
2008-06-24,31.75,77.5,2.676401376724243
2008-06-24,32.0,76.5,0.7373070120811462
2008-06-24,32.0,76.75,1.8107109069824219
2008-06-24,32.0,77.0,3.462256669998169
2008-06-24,32.0,77.25,5.254169464111328
2008-06-24,32.0,77.5,4.963318824768066
2008-06-25,31.5,76.5,0.3632830083370209
2008-06-25,31.5,76.75,0.8687604069709778
2008-06-25,31.5,77.0,0.29099348187446594
2008-06-25,31.5,77.25,0.2403581440448761
2008-06-25,31.5,77.5,0.10401684045791626
2008-06-25,31.75,76.5,0.1764560341835022
2008-06-25,31.75,76.75,0.0
2008-06-25,31.75,77.0,0.0
2008-06-25,31.75,77.25,0.168424591422081
2008-06-25,31.75,77.5,0.0
2008-06-25,32.0,76.5,12.002924919128418
2008-06-25,32.0,76.75,0.0
2008-06-25,32.0,77.0,0.0
2008-06-25,32.0,77.25,0.0
2008-06-25,32.0,77.5,0.0
2008-06-26,31.5,76.5,0.1039622351527214
2008-06-26,31.5,76.75,0.0
2008-06-26,31.5,77.0,0.0
2008-06-26,31.5,77.25,0.0
2008-06-26,31.5,77.5,0.0
2008-06-26,31.75,76.5,0.0
2008-06-26,31.75,76.75,0.0
2008-06-26,31.75,77.0,0.0
2008-06-26,31.75,77.25,0.0
2008-06-26,31.75,77.5,0.0
2008-06-26,32.0,76.5,0.2748037576675415
2008-06-26,32.0,76.75,0.0
2008-06-26,32.0,77.0,0.0
2008-06-26,32.0,77.25,0.0
2008-06-26,32.0,77.5,0.0
2008-06-27,31.5,76.5,20.468976974487305
2008-06-27,31.5,76.75,6.1826863288879395
2008-06-27,31.5,77.0,3.4483885765075684
2008-06-27,31.5,77.25,3.2841696739196777
2008-06-27,31.5,77.5,14.195053100585938
2008-06-27,31.75,76.5,27.65450096130371
2008-06-27,31.75,76.75,3.0453808307647705
2008-06-27,31.75,77.0,2.1834962368011475
2008-06-27,31.75,77.25,2.7913975715637207
2008-06-27,31.75,77.5,2.2850053310394287
2008-06-27,32.0,76.5,20.55640411376953
2008-06-27,32.0,76.75,2.243267059326172
2008-06-27,32.0,77.0,2.3239994049072266
2008-06-27,32.0,77.25,2.538057565689087
2008-06-27,32.0,77.5,2.5136947631835938
2008-06-28,31.5,76.5,42.982826232910156
2008-06-28,31.5,76.75,78.73702239990234
2008-06-28,31.5,77.0,49.6325798034668
2008-06-28,31.5,77.25,46.361568450927734
2008-06-28,31.5,77.5,35.489990234375
2008-06-28,31.75,76.5,27.119098663330078
2008-06-28,31.75,76.75,53.11684799194336
2008-06-28,31.75,77.0,26.725006103515625
2008-06-28,31.75,77.25,36.801639556884766
2008-06-28,31.75,77.5,23.363630294799805
2008-06-28,32.0,76.5,57.423622131347656
2008-06-28,32.0,76.75,31.262741088867188
2008-06-28,32.0,77.0,16.24995994567871
2008-06-28,32.0,77.25,14.717268943786621
2008-06-28,32.0,77.5,14.515204429626465
2008-06-29,31.5,76.5,5.35146427154541
2008-06-29,31.5,76.75,6.196566104888916
2008-06-29,31.5,77.0,5.783837795257568
2008-06-29,31.5,77.25,5.989535808563232
2008-06-29,31.5,77.5,3.656628131866455
2008-06-29,31.75,76.5,4.296926021575928
2008-06-29,31.75,76.75,7.273200035095215
2008-06-29,31.75,77.0,3.498530864715576
2008-06-29,31.75,77.25,4.411184310913086
2008-06-29,31.75,77.5,5.002767562866211
2008-06-29,32.0,76.5,4.112091064453125
2008-06-29,32.0,76.75,5.653685569763184
2008-06-29,32.0,77.0,4.421164512634277
2008-06-29,32.0,77.25,5.311991214752197
2008-06-29,32.0,77.5,5.115117073059082
2008-06-30,31.5,76.5,0.44895800948143005
2008-06-30,31.5,76.75,0.5899170637130737
2008-06-30,31.5,77.0,1.5007470846176147
2008-06-30,31.5,77.25,2.474963426589966
2008-06-30,31.5,77.5,5.642932415008545
2008-06-30,31.75,76.5,0.26946404576301575
2008-06-30,31.75,76.75,0.1683044284582138
2008-06-30,31.75,77.0,1.0772627592086792
2008-06-30,31.75,77.25,1.123197078704834
2008-06-30,31.75,77.5,2.026047945022583
2008-06-30,32.0,76.5,15.874267578125
2008-06-30,32.0,76.75,1.5009613037109375
2008-06-30,32.0,77.0,2.508380651473999
2008-06-30,32.0,77.25,3.058706283569336
2008-06-30,32.0,77.5,3.165281295776367
2008-07-01,31.5,76.5,5.720250129699707
2008-07-01,31.5,76.75,0.7057709097862244
2008-07-01,31.5,77.0,0.9789547920227051
2008-07-01,31.5,77.25,0.1335323005914688
2008-07-01,31.5,77.5,3.043470621109009
2008-07-01,31.75,76.5,0.0
2008-07-01,31.75,76.75,0.0
2008-07-01,31.75,77.0,0.0
2008-07-01,31.75,77.25,0.0
2008-07-01,31.75,77.5,1.493367075920105
2008-07-01,32.0,76.5,0.0
2008-07-01,32.0,76.75,0.9736963510513306
2008-07-01,32.0,77.0,1.9600677490234375
2008-07-01,32.0,77.25,3.0487008094787598
2008-07-01,32.0,77.5,2.753289222717285
2008-07-02,31.5,76.5,2.091336965560913
2008-07-02,31.5,76.75,0.0
2008-07-02,31.5,77.0,0.15125933289527893
2008-07-02,31.5,77.25,0.0
2008-07-02,31.5,77.5,4.018802642822266
2008-07-02,31.75,76.5,3.7867956161499023
2008-07-02,31.75,76.75,0.4241787791252136
2008-07-02,31.75,77.0,0.0
2008-07-02,31.75,77.25,0.0
2008-07-02,31.75,77.5,0.0
2008-07-02,32.0,76.5,5.069614410400391
2008-07-02,32.0,76.75,0.0
2008-07-02,32.0,77.0,0.0
2008-07-02,32.0,77.25,0.0
2008-07-02,32.0,77.5,0.0
2008-07-03,31.5,76.5,9.012275695800781
2008-07-03,31.5,76.75,0.0
2008-07-03,31.5,77.0,0.2344224900007248
2008-07-03,31.5,77.25,0.0
2008-07-03,31.5,77.5,2.028980255126953
2008-07-03,31.75,76.5,12.55183219909668
2008-07-03,31.75,76.75,0.2700099050998688
2008-07-03,31.75,77.0,0.0
2008-07-03,31.75,77.25,0.0
2008-07-03,31.75,77.5,0.0
2008-07-03,32.0,76.5,8.780891418457031
2008-07-03,32.0,76.75,0.0
2008-07-03,32.0,77.0,0.0
2008-07-03,32.0,77.25,0.0
2008-07-03,32.0,77.5,0.0
2008-07-04,31.5,76.5,14.09438419342041
2008-07-04,31.5,76.75,0.4894227683544159
2008-07-04,31.5,77.0,1.3116918802261353
2008-07-04,31.5,77.25,1.246312141418457
2008-07-04,31.5,77.5,0.36342114210128784
2008-07-04,31.75,76.5,24.354755401611328
2008-07-04,31.75,76.75,4.040948390960693
2008-07-04,31.75,77.0,0.4511420428752899
2008-07-04,31.75,77.25,0.9459928870201111
2008-07-04,31.75,77.5,4.772307395935059
2008-07-04,32.0,76.5,16.526256561279297
2008-07-04,32.0,76.75,4.326866149902344
2008-07-04,32.0,77.0,5.176886081695557
2008-07-04,32.0,77.25,8.012374877929688
2008-07-04,32.0,77.5,7.328135013580322
2008-07-05,31.5,76.5,19.136701583862305
2008-07-05,31.5,76.75,0.6323670744895935
2008-07-05,31.5,77.0,0.9907693862915039
2008-07-05,31.5,77.25,2.608227014541626
2008-07-05,31.5,77.5,0.3738473057746887
2008-07-05,31.75,76.5,33.04589080810547
2008-07-05,31.75,76.75,2.6242904663085938
2008-07-05,31.75,77.0,0.6760027408599854
2008-07-05,31.75,77.25,0.8295778036117554
2008-07-05,31.75,77.5,0.7591097354888916
2008-07-05,32.0,76.5,23.588096618652344
2008-07-05,32.0,76.75,1.1504595279693604
2008-07-05,32.0,77.0,0.4075072407722473
2008-07-05,32.0,77.25,0.37106165289878845
2008-07-05,32.0,77.5,0.3692810833454132
2008-07-06,31.5,76.5,21.716886520385742
2008-07-06,31.5,76.75,94.58753204345703
2008-07-06,31.5,77.0,37.123634338378906
2008-07-06,31.5,77.25,30.285076141357422
2008-07-06,31.5,77.5,2.3543992042541504
2008-07-06,31.75,76.5,23.188217163085938
2008-07-06,31.75,76.75,21.073232650756836
2008-07-06,31.75,77.0,7.358083724975586
2008-07-06,31.75,77.25,21.868188858032227
2008-07-06,31.75,77.5,6.247341632843018
2008-07-06,32.0,76.5,23.70366668701172
2008-07-06,32.0,76.75,8.221762657165527
2008-07-06,32.0,77.0,4.5123419761657715
2008-07-06,32.0,77.25,6.411776065826416
2008-07-06,32.0,77.5,6.718358516693115
2008-07-07,31.5,76.5,24.078590393066406
2008-07-07,31.5,76.75,9.004386901855469
2008-07-07,31.5,77.0,6.866305828094482
2008-07-07,31.5,77.25,8.735403060913086
2008-07-07,31.5,77.5,11.37339973449707
2008-07-07,31.75,76.5,29.2121639251709
2008-07-07,31.75,76.75,5.123790740966797
2008-07-07,31.75,77.0,5.33872127532959
2008-07-07,31.75,77.25,5.252619743347168
2008-07-07,31.75,77.5,5.403936386108398
2008-07-07,32.0,76.5,18.340534210205078
2008-07-07,32.0,76.75,4.843003749847412
2008-07-07,32.0,77.0,5.885140419006348
2008-07-07,32.0,77.25,6.552616119384766
2008-07-07,32.0,77.5,5.8531575202941895
2008-07-08,31.5,76.5,13.46246337890625
2008-07-08,31.5,76.75,4.669571399688721
2008-07-08,31.5,77.0,3.9199981689453125
2008-07-08,31.5,77.25,4.169404983520508
2008-07-08,31.5,77.5,3.3448729515075684
2008-07-08,31.75,76.5,22.763900756835938
2008-07-08,31.75,76.75,5.852483749389648
2008-07-08,31.75,77.0,2.5274040699005127
2008-07-08,31.75,77.25,3.115175247192383
2008-07-08,31.75,77.5,2.899951696395874
2008-07-08,32.0,76.5,26.921369552612305
2008-07-08,32.0,76.75,3.6290252208709717
2008-07-08,32.0,77.0,2.2413175106048584
2008-07-08,32.0,77.25,2.4639828205108643
2008-07-08,32.0,77.5,2.2949156761169434
2008-07-09,31.5,76.5,6.4091644287109375
2008-07-09,31.5,76.75,1.9777852296829224
2008-07-09,31.5,77.0,2.1443514823913574
2008-07-09,31.5,77.25,3.2303223609924316
2008-07-09,31.5,77.5,2.897117853164673
2008-07-09,31.75,76.5,0.27657461166381836
2008-07-09,31.75,76.75,0.34921887516975403
2008-07-09,31.75,77.0,1.7896913290023804
2008-07-09,31.75,77.25,2.260587215423584
2008-07-09,31.75,77.5,5.030730247497559
2008-07-09,32.0,76.5,16.035911560058594
2008-07-09,32.0,76.75,3.676022529602051
2008-07-09,32.0,77.0,6.278608798980713
2008-07-09,32.0,77.25,8.209755897521973
2008-07-09,32.0,77.5,8.421236991882324
2008-07-10,31.5,76.5,1.410935401916504
2008-07-10,31.5,76.75,1.086829662322998
2008-07-10,31.5,77.0,1.9480204582214355
2008-07-10,31.5,77.25,1.7959321737289429
2008-07-10,31.5,77.5,3.2363762855529785
2008-07-10,31.75,76.5,0.49746978282928467
2008-07-10,31.75,76.75,2.9481635093688965
2008-07-10,31.75,77.0,1.7244365215301514
2008-07-10,31.75,77.25,1.6984578371047974
2008-07-10,31.75,77.5,2.8949291706085205
2008-07-10,32.0,76.5,0.9025436043739319
2008-07-10,32.0,76.75,2.891435384750366
2008-07-10,32.0,77.0,2.893521547317505
2008-07-10,32.0,77.25,3.695518732070923
2008-07-10,32.0,77.5,3.363863945007324
2008-07-11,31.5,76.5,1.1389412879943848
2008-07-11,31.5,76.75,2.7129533290863037
2008-07-11,31.5,77.0,1.039840579032898
2008-07-11,31.5,77.25,0.7477809190750122
2008-07-11,31.5,77.5,1.0144901275634766
2008-07-11,31.75,76.5,0.3906448483467102
2008-07-11,31.75,76.75,0.27254506945610046
2008-07-11,31.75,77.0,0.16372239589691162
2008-07-11,31.75,77.25,0.5239876508712769
2008-07-11,31.75,77.5,0.4778774678707123
2008-07-11,32.0,76.5,1.9699535369873047
2008-07-11,32.0,76.75,0.3115828335285187
2008-07-11,32.0,77.0,0.6272217035293579
2008-07-11,32.0,77.25,0.9755843281745911
2008-07-11,32.0,77.5,0.8810524940490723
2008-07-12,31.5,76.5,1.382288932800293
2008-07-12,31.5,76.75,1.0566779375076294
2008-07-12,31.5,77.0,0.5437124371528625
2008-07-12,31.5,77.25,1.6924412250518799
2008-07-12,31.5,77.5,0.18387717008590698
2008-07-12,31.75,76.5,2.196789026260376
2008-07-12,31.75,76.75,0.19681882858276367
2008-07-12,31.75,77.0,0.675981879234314
2008-07-12,31.75,77.25,2.2973012924194336
2008-07-12,31.75,77.5,10.829647064208984
2008-07-12,32.0,76.5,10.972841262817383
2008-07-12,32.0,76.75,7.709799289703369
2008-07-12,32.0,77.0,13.709412574768066
2008-07-12,32.0,77.25,19.827434539794922
2008-07-12,32.0,77.5,19.9813289642334
2008-07-13,31.5,76.5,13.202051162719727
2008-07-13,31.5,76.75,22.671960830688477
2008-07-13,31.5,77.0,15.932551383972168
2008-07-13,31.5,77.25,17.280532836914062
2008-07-13,31.5,77.5,8.904050827026367
2008-07-13,31.75,76.5,19.537498474121094
2008-07-13,31.75,76.75,22.352758407592773
2008-07-13,31.75,77.0,7.989773750305176
2008-07-13,31.75,77.25,14.892114639282227
2008-07-13,31.75,77.5,14.538370132446289
2008-07-13,32.0,76.5,29.40129280090332
2008-07-13,32.0,76.75,17.540672302246094
2008-07-13,32.0,77.0,11.98849105834961
2008-07-13,32.0,77.25,13.8927640914917
2008-07-13,32.0,77.5,16.68852996826172
2008-07-14,31.5,76.5,6.094409465789795
2008-07-14,31.5,76.75,0.0
2008-07-14,31.5,77.0,0.0
2008-07-14,31.5,77.25,0.0
2008-07-14,31.5,77.5,0.0
2008-07-14,31.75,76.5,10.36255931854248
2008-07-14,31.75,76.75,0.2229151576757431
2008-07-14,31.75,77.0,0.1750037670135498
2008-07-14,31.75,77.25,1.647479772567749
2008-07-14,31.75,77.5,2.979400634765625
2008-07-14,32.0,76.5,5.25147008895874
2008-07-14,32.0,76.75,2.508532762527466
2008-07-14,32.0,77.0,3.474710464477539
2008-07-14,32.0,77.25,4.275104522705078
2008-07-14,32.0,77.5,5.742099285125732
2008-07-15,31.5,76.5,4.905026435852051
2008-07-15,31.5,76.75,0.7293273210525513
2008-07-15,31.5,77.0,1.91403329372406
2008-07-15,31.5,77.25,2.353837728500366
2008-07-15,31.5,77.5,0.8669909238815308
2008-07-15,31.75,76.5,8.201033592224121
2008-07-15,31.75,76.75,5.308952331542969
2008-07-15,31.75,77.0,0.6572697162628174
2008-07-15,31.75,77.25,1.379392147064209
2008-07-15,31.75,77.5,8.09821891784668
2008-07-15,32.0,76.5,7.210404872894287
2008-07-15,32.0,76.75,7.047795295715332
2008-07-15,32.0,77.0,9.048177719116211
2008-07-15,32.0,77.25,14.015721321105957
2008-07-15,32.0,77.5,12.791651725769043
2008-07-16,31.5,76.5,7.958887577056885
2008-07-16,31.5,76.75,0.8632615208625793
2008-07-16,31.5,77.0,0.30283859372138977
2008-07-16,31.5,77.25,0.2403581440448761
2008-07-16,31.5,77.5,0.0
2008-07-16,31.75,76.5,13.407154083251953
2008-07-16,31.75,76.75,0.37331193685531616
2008-07-16,31.75,77.0,0.0
2008-07-16,31.75,77.25,0.168424591422081
2008-07-16,31.75,77.5,0.0
2008-07-16,32.0,76.5,10.470375061035156
2008-07-16,32.0,76.75,0.0
2008-07-16,32.0,77.0,0.0
2008-07-16,32.0,77.25,0.0
2008-07-16,32.0,77.5,0.0
2008-07-17,31.5,76.5,15.937129020690918
2008-07-17,31.5,76.75,28.147981643676758
2008-07-17,31.5,77.0,13.7241849899292
2008-07-17,31.5,77.25,11.528919219970703
2008-07-17,31.5,77.5,1.799628496170044
2008-07-17,31.75,76.5,19.3085880279541
2008-07-17,31.75,76.75,13.914352416992188
2008-07-17,31.75,77.0,3.0119950771331787
2008-07-17,31.75,77.25,8.100907325744629
2008-07-17,31.75,77.5,4.179085731506348
2008-07-17,32.0,76.5,17.99921417236328
2008-07-17,32.0,76.75,6.4810638427734375
2008-07-17,32.0,77.0,2.1257870197296143
2008-07-17,32.0,77.25,3.183490037918091
2008-07-17,32.0,77.5,3.159813404083252
2008-07-18,31.5,76.5,15.471402168273926
2008-07-18,31.5,76.75,43.212032318115234
2008-07-18,31.5,77.0,28.807846069335938
2008-07-18,31.5,77.25,26.78508949279785
2008-07-18,31.5,77.5,13.575021743774414
2008-07-18,31.75,76.5,20.320838928222656
2008-07-18,31.75,76.75,40.92866134643555
2008-07-18,31.75,77.0,11.635122299194336
2008-07-18,31.75,77.25,20.097923278808594
2008-07-18,31.75,77.5,15.215056419372559
2008-07-18,32.0,76.5,50.515079498291016
2008-07-18,32.0,76.75,22.631349563598633
2008-07-18,32.0,77.0,8.57317066192627
2008-07-18,32.0,77.25,10.215874671936035
2008-07-18,32.0,77.5,10.015825271606445
2008-07-19,31.5,76.5,2.9130606651306152
2008-07-19,31.5,76.75,3.3732831478118896
2008-07-19,31.5,77.0,3.0154590606689453
2008-07-19,31.5,77.25,3.93027925491333
2008-07-19,31.5,77.5,8.458444595336914
2008-07-19,31.75,76.5,6.043511867523193
2008-07-19,31.75,76.75,4.089138031005859
2008-07-19,31.75,77.0,2.2958433628082275
2008-07-19,31.75,77.25,2.5551178455352783
2008-07-19,31.75,77.5,3.6082589626312256
2008-07-19,32.0,76.5,13.96491813659668
2008-07-19,32.0,76.75,3.6489408016204834
2008-07-19,32.0,77.0,3.566196918487549
2008-07-19,32.0,77.25,4.539175510406494
2008-07-19,32.0,77.5,4.13552188873291
2008-07-20,31.5,76.5,12.64338207244873
2008-07-20,31.5,76.75,1.2807382345199585
2008-07-20,31.5,77.0,1.4890645742416382
2008-07-20,31.5,77.25,0.4045426547527313
2008-07-20,31.5,77.5,0.5075675845146179
2008-07-20,31.75,76.5,7.7289958000183105
2008-07-20,31.75,76.75,0.2605993151664734
2008-07-20,31.75,77.0,0.0
2008-07-20,31.75,77.25,0.18713843822479248
2008-07-20,31.75,77.5,3.165938377380371
2008-07-20,32.0,76.5,6.009454250335693
2008-07-20,32.0,76.75,2.0642364025115967
2008-07-20,32.0,77.0,4.155344009399414
2008-07-20,32.0,77.25,6.4632463455200195
2008-07-20,32.0,77.5,5.836973190307617
2008-07-21,31.5,76.5,8.472047805786133
2008-07-21,31.5,76.75,20.230443954467773
2008-07-21,31.5,77.0,11.756043434143066
2008-07-21,31.5,77.25,11.07578182220459
2008-07-21,31.5,77.5,6.554930686950684
2008-07-21,31.75,76.5,4.147924423217773
2008-07-21,31.75,76.75,11.885682106018066
2008-07-21,31.75,77.0,4.717848777770996
2008-07-21,31.75,77.25,7.71747350692749
2008-07-21,31.75,77.5,4.759091377258301
2008-07-21,32.0,76.5,8.19843864440918
2008-07-21,32.0,76.75,6.558415412902832
2008-07-21,32.0,77.0,3.141566514968872
2008-07-21,32.0,77.25,3.421910047531128
2008-07-21,32.0,77.5,3.265377998352051
2008-07-22,31.5,76.5,5.068650722503662
2008-07-22,31.5,76.75,0.32286959886550903
2008-07-22,31.5,77.0,2.602900981903076
2008-07-22,31.5,77.25,2.2737014293670654
2008-07-22,31.5,77.5,1.551446557044983
2008-07-22,31.75,76.5,2.874372959136963
2008-07-22,31.75,76.75,2.925729274749756
2008-07-22,31.75,77.0,3.2381885051727295
2008-07-22,31.75,77.25,2.48576021194458
2008-07-22,31.75,77.5,2.474968671798706
2008-07-22,32.0,76.5,6.41653299331665
2008-07-22,32.0,76.75,2.6393747329711914
2008-07-22,32.0,77.0,2.3130037784576416
2008-07-22,32.0,77.25,1.874859094619751
2008-07-22,32.0,77.5,1.6622734069824219
2008-07-23,31.5,76.5,1.941430687904358
2008-07-23,31.5,76.75,0.9856845736503601
2008-07-23,31.5,77.0,1.5215564966201782
2008-07-23,31.5,77.25,1.3539470434188843
2008-07-23,31.5,77.5,0.35516154766082764
2008-07-23,31.75,76.5,2.3296890258789062
2008-07-23,31.75,76.75,3.5454108715057373
2008-07-23,31.75,77.0,0.47065654397010803
2008-07-23,31.75,77.25,1.0197635889053345
2008-07-23,31.75,77.5,0.9860897660255432
2008-07-23,32.0,76.5,19.05975914001465
2008-07-23,32.0,76.75,1.830579400062561
2008-07-23,32.0,77.0,0.2321174591779709
2008-07-23,32.0,77.25,0.32215616106987
2008-07-23,32.0,77.5,0.3809857666492462
2008-07-24,31.5,76.5,8.638668060302734
2008-07-24,31.5,76.75,0.6409094929695129
2008-07-24,31.5,77.0,0.4363149404525757
2008-07-24,31.5,77.25,0.16023877263069153
2008-07-24,31.5,77.5,1.6908169984817505
2008-07-24,31.75,76.5,12.290833473205566
2008-07-24,31.75,76.75,0.3111443519592285
2008-07-24,31.75,77.0,0.0
2008-07-24,31.75,77.25,0.11228306591510773
2008-07-24,31.75,77.5,0.0
2008-07-24,32.0,76.5,35.855140686035156
2008-07-24,32.0,76.75,0.0
2008-07-24,32.0,77.0,0.0
2008-07-24,32.0,77.25,0.0
2008-07-24,32.0,77.5,0.0
2008-07-25,31.5,76.5,10.117634773254395
2008-07-25,31.5,76.75,21.809024810791016
2008-07-25,31.5,77.0,9.967056274414062
2008-07-25,31.5,77.25,6.621327877044678
2008-07-25,31.5,77.5,1.0047006607055664
2008-07-25,31.75,76.5,10.588361740112305
2008-07-25,31.75,76.75,9.481595039367676
2008-07-25,31.75,77.0,1.7921024560928345
2008-07-25,31.75,77.25,5.150609016418457
2008-07-25,31.75,77.5,3.916459798812866
2008-07-25,32.0,76.5,45.17970657348633
2008-07-25,32.0,76.75,4.00872278213501
2008-07-25,32.0,77.0,0.5758956074714661
2008-07-25,32.0,77.25,1.3096615076065063
2008-07-25,32.0,77.5,1.852837324142456
2008-07-26,31.5,76.5,0.4641764461994171
2008-07-26,31.5,76.75,1.9238090515136719
2008-07-26,31.5,77.0,0.6925098896026611
2008-07-26,31.5,77.25,0.5341292023658752
2008-07-26,31.5,77.5,1.3526535034179688
2008-07-26,31.75,76.5,0.5691142678260803
2008-07-26,31.75,76.75,0.19467505812644958
2008-07-26,31.75,77.0,0.1169445812702179
2008-07-26,31.75,77.25,0.37427687644958496
2008-07-26,31.75,77.5,0.179204061627388
2008-07-26,32.0,76.5,2.952646493911743
2008-07-26,32.0,76.75,0.1168435662984848
2008-07-26,32.0,77.0,0.2352081537246704
2008-07-26,32.0,77.25,0.36584413051605225
2008-07-26,32.0,77.5,0.3303947150707245
2008-07-27,31.5,76.5,4.0534749031066895
2008-07-27,31.5,76.75,0.9723319411277771
2008-07-27,31.5,77.0,1.5843377113342285
2008-07-27,31.5,77.25,2.3484106063842773
2008-07-27,31.5,77.5,0.6024696826934814
2008-07-27,31.75,76.5,1.683005690574646
2008-07-27,31.75,76.75,2.6419217586517334
2008-07-27,31.75,77.0,0.35787102580070496
2008-07-27,31.75,77.25,0.7832652926445007
2008-07-27,31.75,77.5,0.7338342070579529
2008-07-27,32.0,76.5,8.576180458068848
2008-07-27,32.0,76.75,1.3622915744781494
2008-07-27,32.0,77.0,0.17273856699466705
2008-07-27,32.0,77.25,0.23974411189556122
2008-07-27,32.0,77.5,0.2835243046283722
2008-07-28,31.5,76.5,7.051620960235596
2008-07-28,31.5,76.75,11.0535249710083
2008-07-28,31.5,77.0,6.703327655792236
2008-07-28,31.5,77.25,6.07578706741333
2008-07-28,31.5,77.5,1.4952000379562378
2008-07-28,31.75,76.5,2.346081256866455
2008-07-28,31.75,76.75,4.794225215911865
2008-07-28,31.75,77.0,3.699954032897949
2008-07-28,31.75,77.25,4.944425582885742
2008-07-28,31.75,77.5,4.384414196014404
2008-07-28,32.0,76.5,2.332268476486206
2008-07-28,32.0,76.75,4.3001556396484375
2008-07-28,32.0,77.0,4.465325355529785
2008-07-28,32.0,77.25,5.150382041931152
2008-07-28,32.0,77.5,5.080770492553711
2008-07-29,31.5,76.5,3.0915558338165283
2008-07-29,31.5,76.75,0.6004801392555237
2008-07-29,31.5,77.0,2.4949047565460205
2008-07-29,31.5,77.25,2.47037935256958
2008-07-29,31.5,77.5,1.258028268814087
2008-07-29,31.75,76.5,0.4874565005302429
2008-07-29,31.75,76.75,3.5289528369903564
2008-07-29,31.75,77.0,2.615905523300171
2008-07-29,31.75,77.25,3.2065670490264893
2008-07-29,31.75,77.5,6.585299015045166
2008-07-29,32.0,76.5,1.0883612632751465
2008-07-29,32.0,76.75,5.874474048614502
2008-07-29,32.0,77.0,7.259739398956299
2008-07-29,32.0,77.25,9.35219955444336
2008-07-29,32.0,77.5,9.615593910217285
2008-07-30,31.5,76.5,21.223939895629883
2008-07-30,31.5,76.75,26.046903610229492
2008-07-30,31.5,77.0,9.309276580810547
2008-07-30,31.5,77.25,8.612232208251953
2008-07-30,31.5,77.5,0.9728377461433411
2008-07-30,31.75,76.5,30.052160263061523
2008-07-30,31.75,76.75,3.202984094619751
2008-07-30,31.75,77.0,1.701590657234192
2008-07-30,31.75,77.25,6.172805309295654
2008-07-30,31.75,77.5,2.837775230407715
2008-07-30,32.0,76.5,14.034977912902832
2008-07-30,32.0,76.75,2.228592872619629
2008-07-30,32.0,77.0,3.4332892894744873
2008-07-30,32.0,77.25,4.585090637207031
2008-07-30,32.0,77.5,5.398432731628418
2008-07-31,31.5,76.5,10.401761054992676
2008-07-31,31.5,76.75,6.290588855743408
2008-07-31,31.5,77.0,10.069817543029785
2008-07-31,31.5,77.25,10.010648727416992
2008-07-31,31.5,77.5,13.579204559326172
2008-07-31,31.75,76.5,18.175071716308594
2008-07-31,31.75,76.75,18.51074981689453
2008-07-31,31.75,77.0,8.092020988464355
2008-07-31,31.75,77.25,9.515803337097168
2008-07-31,31.75,77.5,9.208365440368652
2008-07-31,32.0,76.5,52.50678634643555
2008-07-31,32.0,76.75,12.408051490783691
2008-07-31,32.0,77.0,6.35159969329834
2008-07-31,32.0,77.25,6.000216484069824
2008-07-31,32.0,77.5,6.417430877685547
2008-08-01,31.5,76.5,16.67045021057129
2008-08-01,31.5,76.75,1.5703333616256714
2008-08-01,31.5,77.0,4.7766923904418945
2008-08-01,31.5,77.25,3.7694551944732666
2008-08-01,31.5,77.5,5.020881175994873
2008-08-01,31.75,76.5,11.742472648620605
2008-08-01,31.75,76.75,4.244936943054199
2008-08-01,31.75,77.0,4.955265998840332
2008-08-01,31.75,77.25,4.297828674316406
2008-08-01,31.75,77.5,4.411861896514893
2008-08-01,32.0,76.5,14.020808219909668
2008-08-01,32.0,76.75,4.438473701477051
2008-08-01,32.0,77.0,4.386128902435303
2008-08-01,32.0,77.25,3.9000816345214844
2008-08-01,32.0,77.5,3.9940030574798584
2008-08-02,31.5,76.5,2.1505377292633057
2008-08-02,31.5,76.75,1.134124755859375
2008-08-02,31.5,77.0,0.6533966660499573
2008-08-02,31.5,77.25,0.31146830320358276
2008-08-02,31.5,77.5,1.256616234779358
2008-08-02,31.75,76.5,0.15346762537956238
2008-08-02,31.75,76.75,0.10707128047943115
2008-08-02,31.75,77.0,0.0
2008-08-02,31.75,77.25,0.20585227012634277
2008-08-02,31.75,77.5,0.5674794912338257
2008-08-02,32.0,76.5,1.1080987453460693
2008-08-02,32.0,76.75,0.3700046241283417
2008-08-02,32.0,77.0,0.7448257207870483
2008-08-02,32.0,77.25,1.1585062742233276
2008-08-02,32.0,77.5,1.0462498664855957
2008-08-03,31.5,76.5,19.240154266357422
2008-08-03,31.5,76.75,0.10607261210680008
2008-08-03,31.5,77.0,1.1601123809814453
2008-08-03,31.5,77.25,1.111926794052124
2008-08-03,31.5,77.5,1.6437007188796997
2008-08-03,31.75,76.5,33.050601959228516
2008-08-03,31.75,76.75,4.110854148864746
2008-08-03,31.75,77.0,0.4180314838886261
2008-08-03,31.75,77.25,0.8513389229774475
2008-08-03,31.75,77.5,1.4938346147537231
2008-08-03,32.0,76.5,18.446630477905273
2008-08-03,32.0,76.75,2.1616363525390625
2008-08-03,32.0,77.0,0.8985404968261719
2008-08-03,32.0,77.25,1.3587145805358887
2008-08-03,32.0,77.5,1.3171041011810303
2008-08-04,31.5,76.5,15.99315357208252
2008-08-04,31.5,76.75,0.5962001085281372
2008-08-04,31.5,77.0,2.65956449508667
2008-08-04,31.5,77.25,0.132075235247612
2008-08-04,31.5,77.5,1.323665738105774
2008-08-04,31.75,76.5,27.753599166870117
2008-08-04,31.75,76.75,4.544525146484375
2008-08-04,31.75,77.0,0.1672833114862442
2008-08-04,31.75,77.25,1.2181942462921143
2008-08-04,31.75,77.5,3.177095413208008
2008-08-04,32.0,76.5,38.18718338012695
2008-08-04,32.0,76.75,3.900623321533203
2008-08-04,32.0,77.0,1.0942018032073975
2008-08-04,32.0,77.25,2.488356828689575
2008-08-04,32.0,77.5,3.520390748977661
2008-08-05,31.5,76.5,15.020906448364258
2008-08-05,31.5,76.75,37.173213958740234
2008-08-05,31.5,77.0,27.441715240478516
2008-08-05,31.5,77.25,28.09246253967285
2008-08-05,31.5,77.5,15.298293113708496
2008-08-05,31.75,76.5,10.74774169921875
2008-08-05,31.75,76.75,26.802885055541992
2008-08-05,31.75,77.0,25.01247215270996
2008-08-05,31.75,77.25,27.809017181396484
2008-08-05,31.75,77.5,28.70395851135254
2008-08-05,32.0,76.5,52.505741119384766
2008-08-05,32.0,76.75,29.21975326538086
2008-08-05,32.0,77.0,24.308975219726562
2008-08-05,32.0,77.25,25.21959686279297
2008-08-05,32.0,77.5,26.086875915527344
2008-08-06,31.5,76.5,3.5463719367980957
2008-08-06,31.5,76.75,4.231319427490234
2008-08-06,31.5,77.0,7.806189060211182
2008-08-06,31.5,77.25,7.449145793914795
2008-08-06,31.5,77.5,2.196479558944702
2008-08-06,31.75,76.5,5.288278579711914
2008-08-06,31.75,76.75,19.824234008789062
2008-08-06,31.75,77.0,2.6339218616485596
2008-08-06,31.75,77.25,5.915165424346924
2008-08-06,31.75,77.5,6.631590843200684
2008-08-06,32.0,76.5,10.129621505737305
2008-08-06,32.0,76.75,11.191221237182617
2008-08-06,32.0,77.0,2.5783188343048096
2008-08-06,32.0,77.25,3.533857583999634
2008-08-06,32.0,77.5,4.128530502319336
2008-08-07,31.5,76.5,2.5813310146331787
2008-08-07,31.5,76.75,0.10355284065008163
2008-08-07,31.5,77.0,0.37116894125938416
2008-08-07,31.5,77.25,0.13997837901115417
2008-08-07,31.5,77.5,0.0
2008-08-07,31.75,76.5,0.4580245912075043
2008-08-07,31.75,76.75,0.0
2008-08-07,31.75,77.0,0.0
2008-08-07,31.75,77.25,0.19114404916763306
2008-08-07,31.75,77.5,2.228391408920288
2008-08-07,32.0,76.5,4.911557674407959
2008-08-07,32.0,76.75,1.518601894378662
2008-08-07,32.0,77.0,2.8742363452911377
2008-08-07,32.0,77.25,4.339559078216553
2008-08-07,32.0,77.5,4.137331962585449
2008-08-08,31.5,76.5,42.973480224609375
2008-08-08,31.5,76.75,26.069665908813477
2008-08-08,31.5,77.0,15.46512508392334
2008-08-08,31.5,77.25,11.808255195617676
2008-08-08,31.5,77.5,1.629355788230896
2008-08-08,31.75,76.5,47.886844635009766
2008-08-08,31.75,76.75,17.857107162475586
2008-08-08,31.75,77.0,3.3312368392944336
2008-08-08,31.75,77.25,8.859756469726562
2008-08-08,31.75,77.5,4.947916507720947
2008-08-08,32.0,76.5,32.307308197021484
2008-08-08,32.0,76.75,8.35341739654541
2008-08-08,32.0,77.0,1.9246288537979126
2008-08-08,32.0,77.25,2.5740694999694824
2008-08-08,32.0,77.5,3.1298158168792725
2008-08-09,31.5,76.5,13.31723403930664
2008-08-09,31.5,76.75,12.991446495056152
2008-08-09,31.5,77.0,19.80669593811035
2008-08-09,31.5,77.25,21.0816650390625
2008-08-09,31.5,77.5,20.262218475341797
2008-08-09,31.75,76.5,16.09624481201172
2008-08-09,31.75,76.75,7.8249664306640625
2008-08-09,31.75,77.0,35.02323532104492
2008-08-09,31.75,77.25,25.612401962280273
2008-08-09,31.75,77.5,24.02737045288086
2008-08-09,32.0,76.5,26.045188903808594
2008-08-09,32.0,76.75,18.635263442993164
2008-08-09,32.0,77.0,28.726102828979492
2008-08-09,32.0,77.25,24.165250778198242
2008-08-09,32.0,77.5,22.233444213867188
2008-08-10,31.5,76.5,1.6982440948486328
2008-08-10,31.5,76.75,0.0
2008-08-10,31.5,77.0,0.24419009685516357
2008-08-10,31.5,77.25,0.0
2008-08-10,31.5,77.5,4.021172046661377
2008-08-10,31.75,76.5,0.305349737405777
2008-08-10,31.75,76.75,0.0
2008-08-10,31.75,77.0,0.0
2008-08-10,31.75,77.25,0.2821650207042694
2008-08-10,31.75,77.5,0.8034295439720154
2008-08-10,32.0,76.5,1.099215030670166
2008-08-10,32.0,76.75,0.6207731366157532
2008-08-10,32.0,77.0,0.9798741936683655
2008-08-10,32.0,77.25,1.3306549787521362
2008-08-10,32.0,77.5,1.5239194631576538
2008-08-11,31.5,76.5,8.225687980651855
2008-08-11,31.5,76.75,7.855475425720215
2008-08-11,31.5,77.0,3.654545545578003
2008-08-11,31.5,77.25,2.1098103523254395
2008-08-11,31.5,77.5,2.513232469558716
2008-08-11,31.75,76.5,1.102176547050476
2008-08-11,31.75,76.75,0.7689664363861084
2008-08-11,31.75,77.0,0.501572847366333
2008-08-11,31.75,77.25,1.8515796661376953
2008-08-11,31.75,77.5,1.4841152429580688
2008-08-11,32.0,76.5,1.4159040451049805
2008-08-11,32.0,76.75,1.0958561897277832
2008-08-11,32.0,77.0,1.8492075204849243
2008-08-11,32.0,77.25,2.6204190254211426
2008-08-11,32.0,77.5,2.792644739151001
2008-08-12,31.5,76.5,7.676229953765869
2008-08-12,31.5,76.75,14.46944522857666
2008-08-12,31.5,77.0,5.340338706970215
2008-08-12,31.5,77.25,4.679612159729004
2008-08-12,31.5,77.5,1.7592628002166748
2008-08-12,31.75,76.5,8.02730941772461
2008-08-12,31.75,76.75,1.5762299299240112
2008-08-12,31.75,77.0,1.0714255571365356
2008-08-12,31.75,77.25,4.636598110198975
2008-08-12,31.75,77.5,5.804271697998047
2008-08-12,32.0,76.5,5.819562911987305
2008-08-12,32.0,76.75,4.41292142868042
2008-08-12,32.0,77.0,7.134243488311768
2008-08-12,32.0,77.25,9.84235954284668
2008-08-12,32.0,77.5,10.97777271270752
2008-08-13,31.5,76.5,20.2312068939209
2008-08-13,31.5,76.75,14.756604194641113
2008-08-13,31.5,77.0,12.117321014404297
2008-08-13,31.5,77.25,15.906413078308105
2008-08-13,31.5,77.5,5.824256896972656
2008-08-13,31.75,76.5,32.5908317565918
2008-08-13,31.75,76.75,14.16033935546875
2008-08-13,31.75,77.0,10.429293632507324
2008-08-13,31.75,77.25,12.950943946838379
2008-08-13,31.75,77.5,16.26907730102539
2008-08-13,32.0,76.5,30.288833618164062
2008-08-13,32.0,76.75,15.703049659729004
2008-08-13,32.0,77.0,16.84859275817871
2008-08-13,32.0,77.25,19.85257339477539
2008-08-13,32.0,77.5,20.671100616455078
2008-08-14,31.5,76.5,19.843992233276367
2008-08-14,31.5,76.75,31.251373291015625
2008-08-14,31.5,77.0,21.832202911376953
2008-08-14,31.5,77.25,22.581758499145508
2008-08-14,31.5,77.5,9.989603042602539
2008-08-14,31.75,76.5,29.388978958129883
2008-08-14,31.75,76.75,15.452964782714844
2008-08-14,31.75,77.0,21.83194351196289
2008-08-14,31.75,77.25,22.202348709106445
2008-08-14,31.75,77.5,21.08826446533203
2008-08-14,32.0,76.5,27.261011123657227
2008-08-14,32.0,76.75,18.772077560424805
2008-08-14,32.0,77.0,23.162145614624023
2008-08-14,32.0,77.25,23.72364044189453
2008-08-14,32.0,77.5,23.472627639770508
2008-08-15,31.5,76.5,18.238792419433594
2008-08-15,31.5,76.75,22.76425552368164
2008-08-15,31.5,77.0,22.77048683166504
2008-08-15,31.5,77.25,23.016708374023438
2008-08-15,31.5,77.5,17.09396743774414
2008-08-15,31.75,76.5,22.713851928710938
2008-08-15,31.75,76.75,22.904281616210938
2008-08-15,31.75,77.0,24.654802322387695
2008-08-15,31.75,77.25,22.48168182373047
2008-08-15,31.75,77.5,20.050487518310547
2008-08-15,32.0,76.5,29.321868896484375
2008-08-15,32.0,76.75,18.508386611938477
2008-08-15,32.0,77.0,22.051233291625977
2008-08-15,32.0,77.25,19.04434585571289
2008-08-15,32.0,77.5,17.191858291625977
2008-08-16,31.5,76.5,36.443260192871094
2008-08-16,31.5,76.75,17.286039352416992
2008-08-16,31.5,77.0,28.053701400756836
2008-08-16,31.5,77.25,27.916336059570312
2008-08-16,31.5,77.5,14.990795135498047
2008-08-16,31.75,76.5,47.65950012207031
2008-08-16,31.75,76.75,40.204524993896484
2008-08-16,31.75,77.0,28.380786895751953
2008-08-16,31.75,77.25,27.739103317260742
2008-08-16,31.75,77.5,25.90839958190918
2008-08-16,32.0,76.5,41.3496208190918
2008-08-16,32.0,76.75,30.749008178710938
2008-08-16,32.0,77.0,21.53331184387207
2008-08-16,32.0,77.25,18.77261734008789
2008-08-16,32.0,77.5,18.795612335205078
2008-08-17,31.5,76.5,12.668753623962402
2008-08-17,31.5,76.75,15.63046646118164
2008-08-17,31.5,77.0,8.450408935546875
2008-08-17,31.5,77.25,7.78480339050293
2008-08-17,31.5,77.5,3.6652426719665527
2008-08-17,31.75,76.5,15.56588077545166
2008-08-17,31.75,76.75,4.8708977699279785
2008-08-17,31.75,77.0,5.81339693069458
2008-08-17,31.75,77.25,7.71541166305542
2008-08-17,31.75,77.5,7.27004337310791
2008-08-17,32.0,76.5,14.293846130371094
2008-08-17,32.0,76.75,6.282758712768555
2008-08-17,32.0,77.0,8.190144538879395
2008-08-17,32.0,77.25,9.258954048156738
2008-08-17,32.0,77.5,9.756397247314453
2008-08-18,31.5,76.5,2.375826597213745
2008-08-18,31.5,76.75,3.2445590496063232
2008-08-18,31.5,77.0,1.999008297920227
2008-08-18,31.5,77.25,2.531816005706787
2008-08-18,31.5,77.5,1.9768075942993164
2008-08-18,31.75,76.5,0.46040284633636475
2008-08-18,31.75,76.75,0.48606669902801514
2008-08-18,31.75,77.0,1.695314645767212
2008-08-18,31.75,77.25,1.5604954957962036
2008-08-18,31.75,77.5,2.163095712661743
2008-08-18,32.0,76.5,26.101884841918945
2008-08-18,32.0,76.75,1.4833146333694458
2008-08-18,32.0,77.0,2.7645251750946045
2008-08-18,32.0,77.25,3.4288277626037598
2008-08-18,32.0,77.5,3.046220064163208
2008-08-19,31.5,76.5,0.0
2008-08-19,31.5,76.75,0.0
2008-08-19,31.5,77.0,0.0
2008-08-19,31.5,77.25,1.7560923099517822
2008-08-19,31.5,77.5,1.256616234779358
2008-08-19,31.75,76.5,0.0
2008-08-19,31.75,76.75,0.0
2008-08-19,31.75,77.0,0.0
2008-08-19,31.75,77.25,0.0
2008-08-19,31.75,77.5,0.14933671057224274
2008-08-19,32.0,76.5,0.8002935647964478
2008-08-19,32.0,76.75,0.0
2008-08-19,32.0,77.0,0.19600677490234375
2008-08-19,32.0,77.25,0.3048700988292694
2008-08-19,32.0,77.5,0.2753289043903351
2008-08-20,31.5,76.5,4.789048671722412
2008-08-20,31.5,76.75,0.19211776554584503
2008-08-20,31.5,77.0,0.6886160969734192
2008-08-20,31.5,77.25,0.12373024225234985
2008-08-20,31.5,77.5,1.0052930116653442
2008-08-20,31.75,76.5,0.0
2008-08-20,31.75,76.75,0.0
2008-08-20,31.75,77.0,0.0
2008-08-20,31.75,77.25,0.0
2008-08-20,31.75,77.5,0.19413772225379944
2008-08-20,32.0,76.5,6.9563984870910645
2008-08-20,32.0,76.75,0.12658052146434784
2008-08-20,32.0,77.0,0.25480881333351135
2008-08-20,32.0,77.25,0.3963310718536377
2008-08-20,32.0,77.5,0.3579275608062744
2008-08-21,31.5,76.5,0.37248051166534424
2008-08-21,31.5,76.75,0.2060934454202652
2008-08-21,31.5,77.0,0.1855660229921341
2008-08-21,31.5,77.25,0.13445734977722168
2008-08-21,31.5,77.5,1.5879607200622559
2008-08-21,31.75,76.5,0.0
2008-08-21,31.75,76.75,0.0
2008-08-21,31.75,77.0,0.17862291634082794
2008-08-21,31.75,77.25,0.14219865202903748
2008-08-21,31.75,77.5,0.0
2008-08-21,32.0,76.5,1.662148356437683
2008-08-21,32.0,76.75,0.0
2008-08-21,32.0,77.0,0.11334055662155151
2008-08-21,32.0,77.25,0.0
2008-08-21,32.0,77.5,0.0
2008-08-22,31.5,76.5,25.052078247070312
2008-08-22,31.5,76.75,24.9298095703125
2008-08-22,31.5,77.0,20.574766159057617
2008-08-22,31.5,77.25,20.953182220458984
2008-08-22,31.5,77.5,11.381007194519043
2008-08-22,31.75,76.5,22.990121841430664
2008-08-22,31.75,76.75,8.739706039428711
2008-08-22,31.75,77.0,24.943824768066406
2008-08-22,31.75,77.25,20.910175323486328
2008-08-22,31.75,77.5,17.824474334716797
2008-08-22,32.0,76.5,26.806182861328125
2008-08-22,32.0,76.75,14.21206283569336
2008-08-22,32.0,77.0,20.974987030029297
2008-08-22,32.0,77.25,18.647432327270508
2008-08-22,32.0,77.5,17.208820343017578
2008-08-23,31.5,76.5,0.0
2008-08-23,31.5,76.75,0.29028254747390747
2008-08-23,31.5,77.0,0.37866830825805664
2008-08-23,31.5,77.25,1.380391240119934
2008-08-23,31.5,77.5,0.3200850784778595
2008-08-23,31.75,76.5,0.0
2008-08-23,31.75,76.75,0.10246919095516205
2008-08-23,31.75,77.0,0.782909631729126
2008-08-23,31.75,77.25,1.394537329673767
2008-08-23,31.75,77.5,5.879161357879639
2008-08-23,32.0,76.5,6.894836902618408
2008-08-23,32.0,76.75,4.181507110595703
2008-08-23,32.0,77.0,7.4401679039001465
2008-08-23,32.0,77.25,10.555047988891602
2008-08-23,32.0,77.5,10.559660911560059
2008-08-24,31.5,76.5,4.1747331619262695
2008-08-24,31.5,76.75,0.4371914267539978
2008-08-24,31.5,77.0,1.6697193384170532
2008-08-24,31.5,77.25,1.7277144193649292
2008-08-24,31.5,77.5,1.600425362586975
2008-08-24,31.75,76.5,5.310061454772949
2008-08-24,31.75,76.75,0.5183020830154419
2008-08-24,31.75,77.0,3.4596121311187744
2008-08-24,31.75,77.25,3.0895864963531494
2008-08-24,31.75,77.5,5.778857707977295
2008-08-24,32.0,76.5,6.168228626251221
2008-08-24,32.0,76.75,4.24578857421875
2008-08-24,32.0,77.0,7.1759443283081055
2008-08-24,32.0,77.25,8.595396995544434
2008-08-24,32.0,77.5,8.700361251831055
2008-08-25,31.5,76.5,10.732903480529785
2008-08-25,31.5,76.75,0.43056178092956543
2008-08-25,31.5,77.0,1.5432814359664917
2008-08-25,31.5,77.25,0.0
2008-08-25,31.5,77.5,0.0
2008-08-25,31.75,76.5,0.0
2008-08-25,31.75,76.75,0.0
2008-08-25,31.75,77.0,0.0
2008-08-25,31.75,77.25,0.0
2008-08-25,31.75,77.5,0.0
2008-08-25,32.0,76.5,1.477465271949768
2008-08-25,32.0,76.75,0.0
2008-08-25,32.0,77.0,0.0
2008-08-25,32.0,77.25,0.0
2008-08-25,32.0,77.5,0.0
2008-08-26,31.5,76.5,0.19699014723300934
2008-08-26,31.5,76.75,1.1510154008865356
2008-08-26,31.5,77.0,0.403784841299057
2008-08-26,31.5,77.25,0.32047754526138306
2008-08-26,31.5,77.5,0.0
2008-08-26,31.75,76.5,0.3964315354824066
2008-08-26,31.75,76.75,0.11680503189563751
2008-08-26,31.75,77.0,0.0
2008-08-26,31.75,77.25,0.22456613183021545
2008-08-26,31.75,77.5,1.209627389907837
2008-08-26,32.0,76.5,10.612617492675781
2008-08-26,32.0,76.75,0.7886940836906433
2008-08-26,32.0,77.0,1.587654948234558
2008-08-26,32.0,77.25,2.4694478511810303
2008-08-26,32.0,77.5,2.2301642894744873
2008-08-27,31.5,76.5,11.674930572509766
2008-08-27,31.5,76.75,18.28691291809082
2008-08-27,31.5,77.0,17.66668128967285
2008-08-27,31.5,77.25,15.216306686401367
2008-08-27,31.5,77.5,3.636794090270996
2008-08-27,31.75,76.5,6.73671817779541
2008-08-27,31.75,76.75,33.865936279296875
2008-08-27,31.75,77.0,4.968358516693115
2008-08-27,31.75,77.25,11.329689979553223
2008-08-27,31.75,77.5,11.654044151306152
2008-08-27,32.0,76.5,20.82035255432129
2008-08-27,32.0,76.75,18.756845474243164
2008-08-27,32.0,77.0,5.3169331550598145
2008-08-27,32.0,77.25,7.904691219329834
2008-08-27,32.0,77.5,7.984756946563721
2008-08-28,31.5,76.5,2.7064294815063477
2008-08-28,31.5,76.75,0.7673436403274536
2008-08-28,31.5,77.0,0.2691899240016937
2008-08-28,31.5,77.25,2.152092218399048
2008-08-28,31.5,77.5,0.0
2008-08-28,31.75,76.5,4.515604496002197
2008-08-28,31.75,76.75,0.17205952107906342
2008-08-28,31.75,77.0,0.0
2008-08-28,31.75,77.25,0.1497107446193695
2008-08-28,31.75,77.5,0.0
2008-08-28,32.0,76.5,6.473273277282715
2008-08-28,32.0,76.75,0.0
2008-08-28,32.0,77.0,0.0
2008-08-28,32.0,77.25,0.12194804102182388
2008-08-28,32.0,77.5,0.11013156175613403
2008-08-29,31.5,76.5,7.995365619659424
2008-08-29,31.5,76.75,31.871856689453125
2008-08-29,31.5,77.0,14.574974060058594
2008-08-29,31.5,77.25,12.275222778320312
2008-08-29,31.5,77.5,1.6819039583206177
2008-08-29,31.75,76.5,8.888282775878906
2008-08-29,31.75,76.75,13.68466854095459
2008-08-29,31.75,77.0,3.1972761154174805
2008-08-29,31.75,77.25,8.750468254089355
2008-08-29,31.75,77.5,3.093735694885254
2008-08-29,32.0,76.5,4.818005561828613
2008-08-29,32.0,76.75,5.635303020477295
2008-08-29,32.0,77.0,0.8247525691986084
2008-08-29,32.0,77.25,1.164374589920044
2008-08-29,32.0,77.5,1.325874924659729
2008-08-30,31.5,76.5,5.527769565582275
2008-08-30,31.5,76.75,2.206112861633301
2008-08-30,31.5,77.0,0.7739209532737732
2008-08-30,31.5,77.25,1.645334005355835
2008-08-30,31.5,77.5,0.25132325291633606
2008-08-30,31.75,76.5,9.07797908782959
2008-08-30,31.75,76.75,0.41225534677505493
2008-08-30,31.75,77.0,0.13448625802993774
2008-08-30,31.75,77.25,0.43041837215423584
2008-08-30,31.75,77.5,0.0
2008-08-30,32.0,76.5,4.021674633026123
2008-08-30,32.0,76.75,0.0
2008-08-30,32.0,77.0,0.0
2008-08-30,32.0,77.25,0.0
2008-08-30,32.0,77.5,0.0
2008-08-31,31.5,76.5,5.290670871734619
2008-08-31,31.5,76.75,11.045001983642578
2008-08-31,31.5,77.0,6.8670573234558105
2008-08-31,31.5,77.25,6.456397533416748
2008-08-31,31.5,77.5,1.1402603387832642
2008-08-31,31.75,76.5,5.751241683959961
2008-08-31,31.75,76.75,9.146018981933594
2008-08-31,31.75,77.0,2.1278412342071533
2008-08-31,31.75,77.25,4.3901214599609375
2008-08-31,31.75,77.5,3.1387109756469727
2008-08-31,32.0,76.5,9.03747844696045
2008-08-31,32.0,76.75,4.832740783691406
2008-08-31,32.0,77.0,1.6246553659439087
2008-08-31,32.0,77.25,2.1462013721466064
2008-08-31,32.0,77.5,2.1308608055114746
2008-09-01,31.5,76.5,4.551294326782227
2008-09-01,31.5,76.75,0.20786695182323456
2008-09-01,31.5,77.0,3.431650161743164
2008-09-01,31.5,77.25,3.241777181625366
2008-09-01,31.5,77.5,4.6828789710998535
2008-09-01,31.75,76.5,0.0
2008-09-01,31.75,76.75,0.7326793074607849
2008-09-01,31.75,77.0,6.677138328552246
2008-09-01,31.75,77.25,4.190838813781738
2008-09-01,31.75,77.5,3.706662893295288
2008-09-01,32.0,76.5,0.18320249021053314
2008-09-01,32.0,76.75,2.740999460220337
2008-09-01,32.0,77.0,4.5336222648620605
2008-09-01,32.0,77.25,4.149353504180908
2008-09-01,32.0,77.5,2.8364579677581787
2008-09-02,31.5,76.5,0.10189465433359146
2008-09-02,31.5,76.75,0.0
2008-09-02,31.5,77.0,0.0
2008-09-02,31.5,77.25,0.0
2008-09-02,31.5,77.5,2.035492181777954
2008-09-02,31.75,76.5,0.0
2008-09-02,31.75,76.75,0.0
2008-09-02,31.75,77.0,0.0
2008-09-02,31.75,77.25,0.0
2008-09-02,31.75,77.5,0.0
2008-09-02,32.0,76.5,0.0
2008-09-02,32.0,76.75,0.0
2008-09-02,32.0,77.0,0.0
2008-09-02,32.0,77.25,0.0
2008-09-02,32.0,77.5,0.0
2008-09-03,31.5,76.5,41.49107360839844
2008-09-03,31.5,76.75,0.8311477303504944
2008-09-03,31.5,77.0,2.979119062423706
2008-09-03,31.5,77.25,0.0
2008-09-03,31.5,77.5,0.8723537921905518
2008-09-03,31.75,76.5,35.320274353027344
2008-09-03,31.75,76.75,0.7597953081130981
2008-09-03,31.75,77.0,0.0
2008-09-03,31.75,77.25,0.0
2008-09-03,31.75,77.5,0.0
2008-09-03,32.0,76.5,16.220754623413086
2008-09-03,32.0,76.75,0.0
2008-09-03,32.0,77.0,0.0
2008-09-03,32.0,77.25,0.0
2008-09-03,32.0,77.5,0.0
2008-09-04,31.5,76.5,0.7520277500152588
2008-09-04,31.5,76.75,1.5526623725891113
2008-09-04,31.5,77.0,2.5116026401519775
2008-09-04,31.5,77.25,2.4900710582733154
2008-09-04,31.5,77.5,3.66434907913208
2008-09-04,31.75,76.5,0.7321793437004089
2008-09-04,31.75,76.75,3.5656445026397705
2008-09-04,31.75,77.0,2.686286449432373
2008-09-04,31.75,77.25,2.807859420776367
2008-09-04,31.75,77.5,3.501537561416626
2008-09-04,32.0,76.5,12.07828140258789
2008-09-04,32.0,76.75,3.621387004852295
2008-09-04,32.0,77.0,3.401353120803833
2008-09-04,32.0,77.25,2.9726765155792236
2008-09-04,32.0,77.5,2.967965841293335
2008-09-05,31.5,76.5,0.8395763635635376
2008-09-05,31.5,76.75,3.362154483795166
2008-09-05,31.5,77.0,2.2676494121551514
2008-09-05,31.5,77.25,1.9957112073898315
2008-09-05,31.5,77.5,2.076880931854248
2008-09-05,31.75,76.5,1.0437617301940918
2008-09-05,31.75,76.75,3.6715407371520996
2008-09-05,31.75,77.0,0.6071155667304993
2008-09-05,31.75,77.25,1.4678109884262085
2008-09-05,31.75,77.5,1.1871623992919922
2008-09-05,32.0,76.5,1.5729129314422607
2008-09-05,32.0,76.75,1.9340620040893555
2008-09-05,32.0,77.0,0.5207295417785645
2008-09-05,32.0,77.25,0.25914621353149414
2008-09-05,32.0,77.5,0.3426377773284912
2008-09-06,31.5,76.5,21.19571304321289
2008-09-06,31.5,76.75,34.690948486328125
2008-09-06,31.5,77.0,23.58896255493164
2008-09-06,31.5,77.25,24.593692779541016
2008-09-06,31.5,77.5,13.529659271240234
2008-09-06,31.75,76.5,31.56328773498535
2008-09-06,31.75,76.75,21.753389358520508
2008-09-06,31.75,77.0,18.951385498046875
2008-09-06,31.75,77.25,20.37904167175293
2008-09-06,31.75,77.5,15.163251876831055
2008-09-06,32.0,76.5,28.81938934326172
2008-09-06,32.0,76.75,16.342939376831055
2008-09-06,32.0,77.0,14.05156135559082
2008-09-06,32.0,77.25,11.87575626373291
2008-09-06,32.0,77.5,9.704944610595703
2008-09-07,31.5,76.5,0.0
2008-09-07,31.5,76.75,0.4988710582256317
2008-09-07,31.5,77.0,2.285874605178833
2008-09-07,31.5,77.25,2.5488367080688477
2008-09-07,31.5,77.5,3.0436480045318604
2008-09-07,31.75,76.5,0.12064963579177856
2008-09-07,31.75,76.75,0.6073367595672607
2008-09-07,31.75,77.0,5.120553970336914
2008-09-07,31.75,77.25,3.289083480834961
2008-09-07,31.75,77.5,4.0060906410217285
2008-09-07,32.0,76.5,0.18320249021053314
2008-09-07,32.0,76.75,2.859232187271118
2008-09-07,32.0,77.0,5.005340576171875
2008-09-07,32.0,77.25,4.5287184715271
2008-09-07,32.0,77.5,3.967358350753784
2008-09-08,31.5,76.5,0.0
2008-09-08,31.5,76.75,0.0
2008-09-08,31.5,77.0,1.0414577722549438
2008-09-08,31.5,77.25,1.4065914154052734
2008-09-08,31.5,77.5,2.6647815704345703
2008-09-08,31.75,76.5,0.0
2008-09-08,31.75,76.75,0.27475473284721375
2008-09-08,31.75,77.0,2.659593343734741
2008-09-08,31.75,77.25,3.0370020866394043
2008-09-08,31.75,77.5,3.933915376663208
2008-09-08,32.0,76.5,0.0
2008-09-08,32.0,76.75,3.1899333000183105
2008-09-08,32.0,77.0,4.651393890380859
2008-09-08,32.0,77.25,4.609479904174805
2008-09-08,32.0,77.5,4.703187942504883
2008-09-09,31.5,76.5,0.0
2008-09-09,31.5,76.75,0.0
2008-09-09,31.5,77.0,0.0
2008-09-09,31.5,77.25,0.0
2008-09-09,31.5,77.5,0.0
2008-09-09,31.75,76.5,0.0
2008-09-09,31.75,76.75,0.0
2008-09-09,31.75,77.0,0.0
2008-09-09,31.75,77.25,0.0
2008-09-09,31.75,77.5,0.0
2008-09-09,32.0,76.5,0.0
2008-09-09,32.0,76.75,0.0
2008-09-09,32.0,77.0,0.0
2008-09-09,32.0,77.25,0.0
2008-09-09,32.0,77.5,0.0
2008-09-10,31.5,76.5,2.4454715251922607
2008-09-10,31.5,76.75,0.10632094740867615
2008-09-10,31.5,77.0,1.2542304992675781
2008-09-10,31.5,77.25,1.0535775423049927
2008-09-10,31.5,77.5,1.0494105815887451
2008-09-10,31.75,76.5,0.0
2008-09-10,31.75,76.75,0.23812077939510345
2008-09-10,31.75,77.0,2.170069932937622
2008-09-10,31.75,77.25,1.3620225191116333
2008-09-10,31.75,77.5,1.2046654224395752
2008-09-10,32.0,76.5,0.0
2008-09-10,32.0,76.75,0.8908247351646423
2008-09-10,32.0,77.0,1.473427176475525
2008-09-10,32.0,77.25,1.3485398292541504
2008-09-10,32.0,77.5,0.9218488335609436
2008-09-11,31.5,76.5,0.0
2008-09-11,31.5,76.75,0.0
2008-09-11,31.5,77.0,0.0
2008-09-11,31.5,77.25,0.0
2008-09-11,31.5,77.5,0.0
2008-09-11,31.75,76.5,0.0
2008-09-11,31.75,76.75,0.0
2008-09-11,31.75,77.0,0.0
2008-09-11,31.75,77.25,0.0
2008-09-11,31.75,77.5,0.0
2008-09-11,32.0,76.5,0.0
2008-09-11,32.0,76.75,0.0
2008-09-11,32.0,77.0,0.0
2008-09-11,32.0,77.25,1.7836496829986572
2008-09-11,32.0,77.5,2.864409923553467
2008-09-12,31.5,76.5,0.0
2008-09-12,31.5,76.75,0.0
2008-09-12,31.5,77.0,0.0
2008-09-12,31.5,77.25,0.0
2008-09-12,31.5,77.5,1.1631383895874023
2008-09-12,31.75,76.5,0.0
2008-09-12,31.75,76.75,0.0
2008-09-12,31.75,77.0,0.0
2008-09-12,31.75,77.25,0.0
2008-09-12,31.75,77.5,0.0
2008-09-12,32.0,76.5,0.0
2008-09-12,32.0,76.75,0.0
2008-09-12,32.0,77.0,0.0
2008-09-12,32.0,77.25,1.3080098628997803
2008-09-12,32.0,77.5,2.10056734085083
2008-09-13,31.5,76.5,0.8830869197845459
2008-09-13,31.5,76.75,0.0
2008-09-13,31.5,77.0,0.12697884440422058
2008-09-13,31.5,77.25,0.0
2008-09-13,31.5,77.5,0.5815691947937012
2008-09-13,31.75,76.5,0.0
2008-09-13,31.75,76.75,0.0
2008-09-13,31.75,77.0,0.0
2008-09-13,31.75,77.25,0.0
2008-09-13,31.75,77.5,0.0
2008-09-13,32.0,76.5,1.9699535369873047
2008-09-13,32.0,76.75,0.0
2008-09-13,32.0,77.0,0.0
2008-09-13,32.0,77.25,0.0
2008-09-13,32.0,77.5,0.0
2008-09-14,31.5,76.5,3.6682074069976807
2008-09-14,31.5,76.75,0.1471540331840515
2008-09-14,31.5,77.0,0.5274506211280823
2008-09-14,31.5,77.25,0.0
2008-09-14,31.5,77.5,0.5815691947937012
2008-09-14,31.75,76.5,0.0
2008-09-14,31.75,76.75,0.0
2008-09-14,31.75,77.0,0.0
2008-09-14,31.75,77.25,0.0
2008-09-14,31.75,77.5,0.0
2008-09-14,32.0,76.5,2.3393197059631348
2008-09-14,32.0,76.75,0.0
2008-09-14,32.0,77.0,0.0
2008-09-14,32.0,77.25,0.6291027665138245
2008-09-14,32.0,77.5,1.0004884004592896
2008-09-15,31.5,76.5,6.849575042724609
2008-09-15,31.5,76.75,2.1799662113189697
2008-09-15,31.5,77.0,1.61066472530365
2008-09-15,31.5,77.25,0.5341292023658752
2008-09-15,31.5,77.5,0.5815691947937012
2008-09-15,31.75,76.5,0.27903202176094055
2008-09-15,31.75,76.75,0.19467505812644958
2008-09-15,31.75,77.0,0.1169445812702179
2008-09-15,31.75,77.25,0.37427687644958496
2008-09-15,31.75,77.5,0.0
2008-09-15,32.0,76.5,0.0
2008-09-15,32.0,76.75,0.0
2008-09-15,32.0,77.0,0.0
2008-09-15,32.0,77.25,0.4756399393081665
2008-09-15,32.0,77.5,0.7638426423072815
2008-09-16,31.5,76.5,0.0
2008-09-16,31.5,76.75,0.0
2008-09-16,31.5,77.0,0.0
2008-09-16,31.5,77.25,0.0
2008-09-16,31.5,77.5,0.0
2008-09-16,31.75,76.5,0.0
2008-09-16,31.75,76.75,0.0
2008-09-16,31.75,77.0,0.0
2008-09-16,31.75,77.25,0.0
2008-09-16,31.75,77.5,0.0
2008-09-16,32.0,76.5,0.0
2008-09-16,32.0,76.75,0.0
2008-09-16,32.0,77.0,0.0
2008-09-16,32.0,77.25,0.0
2008-09-16,32.0,77.5,0.0
2008-09-17,31.5,76.5,5.831449031829834
2008-09-17,31.5,76.75,0.20983074605464935
2008-09-17,31.5,77.0,0.7521054744720459
2008-09-17,31.5,77.25,0.0
2008-09-17,31.5,77.5,0.0
2008-09-17,31.75,76.5,1.1488897800445557
2008-09-17,31.75,76.75,0.0
2008-09-17,31.75,77.0,0.0
2008-09-17,31.75,77.25,0.0
2008-09-17,31.75,77.5,0.23893873393535614
2008-09-17,32.0,76.5,0.9272016286849976
2008-09-17,32.0,76.75,0.15579141676425934
2008-09-17,32.0,77.0,0.31361085176467896
2008-09-17,32.0,77.25,0.2764226496219635
2008-09-17,32.0,77.5,0.36548030376434326
2008-09-18,31.5,76.5,0.45488622784614563
2008-09-18,31.5,76.75,1.5008167028427124
2008-09-18,31.5,77.0,2.0483222007751465
2008-09-18,31.5,77.25,2.8351938724517822
2008-09-18,31.5,77.5,1.587005853652954
2008-09-18,31.75,76.5,0.5321463942527771
2008-09-18,31.75,76.75,2.0727407932281494
2008-09-18,31.75,77.0,2.628861665725708
2008-09-18,31.75,77.25,2.163271188735962
2008-09-18,31.75,77.5,3.063206434249878
2008-09-18,32.0,76.5,0.9238584041595459
2008-09-18,32.0,76.75,2.690732479095459
2008-09-18,32.0,77.0,3.3857858180999756
2008-09-18,32.0,77.25,2.9380452632904053
2008-09-18,32.0,77.5,2.95721697807312
2008-09-19,31.5,76.5,13.260442733764648
2008-09-19,31.5,76.75,10.648032188415527
2008-09-19,31.5,77.0,8.852434158325195
2008-09-19,31.5,77.25,10.63775634765625
2008-09-19,31.5,77.5,7.360866546630859
2008-09-19,31.75,76.5,6.988680839538574
2008-09-19,31.75,76.75,5.988861083984375
2008-09-19,31.75,77.0,7.713858604431152
2008-09-19,31.75,77.25,7.836531162261963
2008-09-19,31.75,77.5,9.65548324584961
2008-09-19,32.0,76.5,9.938536643981934
2008-09-19,32.0,76.75,8.30107593536377
2008-09-19,32.0,77.0,10.870352745056152
2008-09-19,32.0,77.25,9.710901260375977
2008-09-19,32.0,77.5,10.055970191955566
2008-09-20,31.5,76.5,73.70479583740234
2008-09-20,31.5,76.75,113.46417999267578
2008-09-20,31.5,77.0,107.62902069091797
2008-09-20,31.5,77.25,119.41111755371094
2008-09-20,31.5,77.5,68.11019897460938
2008-09-20,31.75,76.5,60.154170989990234
2008-09-20,31.75,76.75,96.15235137939453
2008-09-20,31.75,77.0,113.09204864501953
2008-09-20,31.75,77.25,105.9887466430664
2008-09-20,31.75,77.5,102.7877197265625
2008-09-20,32.0,76.5,44.77046203613281
2008-09-20,32.0,76.75,99.17781066894531
2008-09-20,32.0,77.0,105.78221893310547
2008-09-20,32.0,77.25,93.1032943725586
2008-09-20,32.0,77.5,83.29222869873047
2008-09-21,31.5,76.5,0.4362040162086487
2008-09-21,31.5,76.75,1.8035463094711304
2008-09-21,31.5,77.0,4.083555221557617
2008-09-21,31.5,77.25,10.081287384033203
2008-09-21,31.5,77.5,5.519999027252197
2008-09-21,31.75,76.5,0.4722178876399994
2008-09-21,31.75,76.75,2.6148173809051514
2008-09-21,31.75,77.0,7.320399284362793
2008-09-21,31.75,77.25,5.153000354766846
2008-09-21,31.75,77.5,7.1512370109558105
2008-09-21,32.0,76.5,0.5574533939361572
2008-09-21,32.0,76.75,5.583128452301025
2008-09-21,32.0,77.0,8.519389152526855
2008-09-21,32.0,77.25,9.353883743286133
2008-09-21,32.0,77.5,10.091399192810059
2008-09-22,31.5,76.5,0.5909703969955444
2008-09-22,31.5,76.75,3.454942464828491
2008-09-22,31.5,77.0,1.4196460247039795
2008-09-22,31.5,77.25,2.3250560760498047
2008-09-22,31.5,77.5,1.1225528717041016
2008-09-22,31.75,76.5,0.5022576451301575
2008-09-22,31.75,76.75,0.40536606311798096
2008-09-22,31.75,77.0,0.7112856507301331
2008-09-22,31.75,77.25,0.9880113005638123
2008-09-22,31.75,77.5,0.9052138924598694
2008-09-22,32.0,76.5,4.986445426940918
2008-09-22,32.0,76.75,0.6145274639129639
2008-09-22,32.0,77.0,1.1632500886917114
2008-09-22,32.0,77.25,2.939370632171631
2008-09-22,32.0,77.5,4.227490425109863
2008-09-23,31.5,76.5,14.072153091430664
2008-09-23,31.5,76.75,0.16034963726997375
2008-09-23,31.5,77.0,3.015637159347534
2008-09-23,31.5,77.25,3.113801956176758
2008-09-23,31.5,77.5,3.51340913772583
2008-09-23,31.75,76.5,22.043006896972656
2008-09-23,31.75,76.75,4.263185977935791
2008-09-23,31.75,77.0,4.581521034240723
2008-09-23,31.75,77.25,3.4508144855499268
2008-09-23,31.75,77.5,3.2798216342926025
2008-09-23,32.0,76.5,12.204697608947754
2008-09-23,32.0,76.75,3.5011322498321533
2008-09-23,32.0,77.0,3.0602333545684814
2008-09-23,32.0,77.25,4.971545696258545
2008-09-23,32.0,77.5,5.591999530792236
2008-09-24,31.5,76.5,0.20378930866718292
2008-09-24,31.5,76.75,0.0
2008-09-24,31.5,77.0,2.285794734954834
2008-09-24,31.5,77.25,2.633943796157837
2008-09-24,31.5,77.5,4.077449798583984
2008-09-24,31.75,76.5,0.0
2008-09-24,31.75,76.75,0.5953019261360168
2008-09-24,31.75,77.0,5.425175189971924
2008-09-24,31.75,77.25,3.4050564765930176
2008-09-24,31.75,77.5,3.0116636753082275
2008-09-24,32.0,76.5,0.0
2008-09-24,32.0,76.75,2.2270619869232178
2008-09-24,32.0,77.0,3.683568000793457
2008-09-24,32.0,77.25,3.371349573135376
2008-09-24,32.0,77.5,2.304622173309326
2008-09-25,31.5,76.5,0.0
2008-09-25,31.5,76.75,0.0
2008-09-25,31.5,77.0,0.0
2008-09-25,31.5,77.25,0.0
2008-09-25,31.5,77.5,0.8723537921905518
2008-09-25,31.75,76.5,0.0
2008-09-25,31.75,76.75,0.0
2008-09-25,31.75,77.0,0.0
2008-09-25,31.75,77.25,0.0
2008-09-25,31.75,77.5,0.0
2008-09-25,32.0,76.5,0.0
2008-09-25,32.0,76.75,0.0
2008-09-25,32.0,77.0,0.0
2008-09-25,32.0,77.25,0.0
2008-09-25,32.0,77.5,0.0
2008-09-26,31.5,76.5,0.0
2008-09-26,31.5,76.75,0.0
2008-09-26,31.5,77.0,0.0
2008-09-26,31.5,77.25,0.0
2008-09-26,31.5,77.5,1.4539231061935425
2008-09-26,31.75,76.5,0.0
2008-09-26,31.75,76.75,0.0
2008-09-26,31.75,77.0,0.0
2008-09-26,31.75,77.25,0.0
2008-09-26,31.75,77.5,0.0
2008-09-26,32.0,76.5,0.0
2008-09-26,32.0,76.75,0.0
2008-09-26,32.0,77.0,0.0
2008-09-26,32.0,77.25,0.0
2008-09-26,32.0,77.5,0.0
2008-09-27,31.5,76.5,0.0
2008-09-27,31.5,76.75,0.0
2008-09-27,31.5,77.0,0.0
2008-09-27,31.5,77.25,0.0
2008-09-27,31.5,77.5,1.4539231061935425
2008-09-27,31.75,76.5,0.0
2008-09-27,31.75,76.75,0.0
2008-09-27,31.75,77.0,0.0
2008-09-27,31.75,77.25,0.0
2008-09-27,31.75,77.5,0.0
2008-09-27,32.0,76.5,0.369366317987442
2008-09-27,32.0,76.75,0.0
2008-09-27,32.0,77.0,0.0
2008-09-27,32.0,77.25,0.5945498943328857
2008-09-27,32.0,77.5,0.9548032879829407
2008-09-28,31.5,76.5,0.0
2008-09-28,31.5,76.75,0.0
2008-09-28,31.5,77.0,0.0
2008-09-28,31.5,77.25,0.0
2008-09-28,31.5,77.5,0.0
2008-09-28,31.75,76.5,0.0
2008-09-28,31.75,76.75,0.0
2008-09-28,31.75,77.0,0.0
2008-09-28,31.75,77.25,0.0
2008-09-28,31.75,77.5,0.0
2008-09-28,32.0,76.5,0.0
2008-09-28,32.0,76.75,0.0
2008-09-28,32.0,77.0,0.0
2008-09-28,32.0,77.25,0.0
2008-09-28,32.0,77.5,0.0
2008-09-29,31.5,76.5,0.0
2008-09-29,31.5,76.75,0.0
2008-09-29,31.5,77.0,0.0
2008-09-29,31.5,77.25,0.0
2008-09-29,31.5,77.5,0.0
2008-09-29,31.75,76.5,0.0
2008-09-29,31.75,76.75,0.0
2008-09-29,31.75,77.0,0.0
2008-09-29,31.75,77.25,0.0
2008-09-29,31.75,77.5,0.0
2008-09-29,32.0,76.5,0.0
2008-09-29,32.0,76.75,0.0
2008-09-29,32.0,77.0,0.0
2008-09-29,32.0,77.25,0.0
2008-09-29,32.0,77.5,0.0
2008-09-30,31.5,76.5,1.6982440948486328
2008-09-30,31.5,76.75,0.0
2008-09-30,31.5,77.0,0.24419009685516357
2008-09-30,31.5,77.25,0.0
2008-09-30,31.5,77.5,0.0
2008-09-30,31.75,76.5,0.0
2008-09-30,31.75,76.75,0.0
2008-09-30,31.75,77.0,0.0
2008-09-30,31.75,77.25,0.0
2008-09-30,31.75,77.5,0.0
2008-09-30,32.0,76.5,0.0
2008-09-30,32.0,76.75,0.0
2008-09-30,32.0,77.0,0.0
2008-09-30,32.0,77.25,1.1890997886657715
2008-09-30,32.0,77.5,1.9096065759658813
2008-10-01,31.5,76.5,0.0
2008-10-01,31.5,76.75,0.0
2008-10-01,31.5,77.0,0.0
2008-10-01,31.5,77.25,0.0
2008-10-01,31.5,77.5,0.0
2008-10-01,31.75,76.5,0.0
2008-10-01,31.75,76.75,0.0
2008-10-01,31.75,77.0,0.0
2008-10-01,31.75,77.25,0.0
2008-10-01,31.75,77.5,0.0
2008-10-01,32.0,76.5,0.0
2008-10-01,32.0,76.75,0.0
2008-10-01,32.0,77.0,0.0
2008-10-01,32.0,77.25,0.0
2008-10-01,32.0,77.5,0.0
2008-10-02,31.5,76.5,0.0
2008-10-02,31.5,76.75,0.0
2008-10-02,31.5,77.0,0.0
2008-10-02,31.5,77.25,0.0
2008-10-02,31.5,77.5,0.0
2008-10-02,31.75,76.5,0.0
2008-10-02,31.75,76.75,0.0
2008-10-02,31.75,77.0,0.0
2008-10-02,31.75,77.25,0.0
2008-10-02,31.75,77.5,0.0
2008-10-02,32.0,76.5,0.0
2008-10-02,32.0,76.75,0.0
2008-10-02,32.0,77.0,0.0
2008-10-02,32.0,77.25,0.0
2008-10-02,32.0,77.5,0.0
2008-10-03,31.5,76.5,0.0
2008-10-03,31.5,76.75,0.0
2008-10-03,31.5,77.0,0.0
2008-10-03,31.5,77.25,0.0
2008-10-03,31.5,77.5,0.0
2008-10-03,31.75,76.5,0.0
2008-10-03,31.75,76.75,0.0
2008-10-03,31.75,77.0,0.0
2008-10-03,31.75,77.25,0.0
2008-10-03,31.75,77.5,0.0
2008-10-03,32.0,76.5,0.0
2008-10-03,32.0,76.75,0.0
2008-10-03,32.0,77.0,0.0
2008-10-03,32.0,77.25,0.0
2008-10-03,32.0,77.5,0.0
2008-10-04,31.5,76.5,0.0
2008-10-04,31.5,76.75,0.0
2008-10-04,31.5,77.0,0.0
2008-10-04,31.5,77.25,0.0
2008-10-04,31.5,77.5,0.0
2008-10-04,31.75,76.5,0.0
2008-10-04,31.75,76.75,0.0
2008-10-04,31.75,77.0,0.0
2008-10-04,31.75,77.25,0.0
2008-10-04,31.75,77.5,0.0
2008-10-04,32.0,76.5,5.971421241760254
2008-10-04,32.0,76.75,0.0
2008-10-04,32.0,77.0,0.0
2008-10-04,32.0,77.25,0.0
2008-10-04,32.0,77.5,0.0
2008-10-05,31.5,76.5,0.0
2008-10-05,31.5,76.75,0.0
2008-10-05,31.5,77.0,0.0
2008-10-05,31.5,77.25,0.0
2008-10-05,31.5,77.5,0.0
2008-10-05,31.75,76.5,0.0
2008-10-05,31.75,76.75,0.0
2008-10-05,31.75,77.0,0.0
2008-10-05,31.75,77.25,0.0
2008-10-05,31.75,77.5,1.9413772821426392
2008-10-05,32.0,76.5,2.277758836746216
2008-10-05,32.0,76.75,1.2658052444458008
2008-10-05,32.0,77.0,2.5480880737304688
2008-10-05,32.0,77.25,2.245934009552002
2008-10-05,32.0,77.5,2.96952748298645
2008-10-06,31.5,76.5,0.0
2008-10-06,31.5,76.75,0.0
2008-10-06,31.5,77.0,0.0
2008-10-06,31.5,77.25,0.0
2008-10-06,31.5,77.5,0.0
2008-10-06,31.75,76.5,0.305349737405777
2008-10-06,31.75,76.75,0.0
2008-10-06,31.75,77.0,0.0
2008-10-06,31.75,77.25,0.0
2008-10-06,31.75,77.5,0.2986734211444855
2008-10-06,32.0,76.5,14.273279190063477
2008-10-06,32.0,76.75,0.19473928213119507
2008-10-06,32.0,77.0,0.3920135498046875
2008-10-06,32.0,77.25,2.129178047180176
2008-10-06,32.0,77.5,3.3212602138519287
2008-10-07,31.5,76.5,5.738038539886475
2008-10-07,31.5,76.75,22.55486488342285
2008-10-07,31.5,77.0,21.27468490600586
2008-10-07,31.5,77.25,21.50153160095215
2008-10-07,31.5,77.5,14.883001327514648
2008-10-07,31.75,76.5,6.623945236206055
2008-10-07,31.75,76.75,11.87746524810791
2008-10-07,31.75,77.0,29.20586585998535
2008-10-07,31.75,77.25,22.95779037475586
2008-10-07,31.75,77.5,17.363378524780273
2008-10-07,32.0,76.5,3.9169235229492188
2008-10-07,32.0,76.75,14.926600456237793
2008-10-07,32.0,77.0,19.397232055664062
2008-10-07,32.0,77.25,17.32317352294922
2008-10-07,32.0,77.5,12.172931671142578
2008-10-08,31.5,76.5,0.0
2008-10-08,31.5,76.75,0.0
2008-10-08,31.5,77.0,0.0
2008-10-08,31.5,77.25,0.0
2008-10-08,31.5,77.5,0.0
2008-10-08,31.75,76.5,0.0
2008-10-08,31.75,76.75,0.0
2008-10-08,31.75,77.0,0.0
2008-10-08,31.75,77.25,0.19114404916763306
2008-10-08,31.75,77.5,0.3318152129650116
2008-10-08,32.0,76.5,0.0
2008-10-08,32.0,76.75,0.2820076048374176
2008-10-08,32.0,77.0,0.38495028018951416
2008-10-08,32.0,77.25,1.7062888145446777
2008-10-08,32.0,77.5,2.575286626815796
2008-10-09,31.5,76.5,0.3396488130092621
2008-10-09,31.5,76.75,0.0
2008-10-09,31.5,77.0,0.0
2008-10-09,31.5,77.25,0.0
2008-10-09,31.5,77.5,0.0
2008-10-09,31.75,76.5,0.0
2008-10-09,31.75,76.75,0.0
2008-10-09,31.75,77.0,0.0
2008-10-09,31.75,77.25,0.0
2008-10-09,31.75,77.5,0.0
2008-10-09,32.0,76.5,0.0
2008-10-09,32.0,76.75,0.0
2008-10-09,32.0,77.0,0.0
2008-10-09,32.0,77.25,3.5672993659973145
2008-10-09,32.0,77.5,5.728819847106934
2008-10-10,31.5,76.5,0.0
2008-10-10,31.5,76.75,0.0
2008-10-10,31.5,77.0,0.0
2008-10-10,31.5,77.25,0.0
2008-10-10,31.5,77.5,0.0
2008-10-10,31.75,76.5,0.0
2008-10-10,31.75,76.75,0.0
2008-10-10,31.75,77.0,0.0
2008-10-10,31.75,77.25,0.0
2008-10-10,31.75,77.5,0.0
2008-10-10,32.0,76.5,0.0
2008-10-10,32.0,76.75,0.0
2008-10-10,32.0,77.0,0.0
2008-10-10,32.0,77.25,0.0
2008-10-10,32.0,77.5,0.0
2008-10-11,31.5,76.5,0.0
2008-10-11,31.5,76.75,0.0
2008-10-11,31.5,77.0,0.0
2008-10-11,31.5,77.25,0.0
2008-10-11,31.5,77.5,0.0
2008-10-11,31.75,76.5,0.0
2008-10-11,31.75,76.75,0.0
2008-10-11,31.75,77.0,0.0
2008-10-11,31.75,77.25,0.0
2008-10-11,31.75,77.5,0.0
2008-10-11,32.0,76.5,0.0
2008-10-11,32.0,76.75,0.0
2008-10-11,32.0,77.0,0.0
2008-10-11,32.0,77.25,0.832369863986969
2008-10-11,32.0,77.5,1.3367245197296143
2008-10-12,31.5,76.5,0.0
2008-10-12,31.5,76.75,0.0
2008-10-12,31.5,77.0,0.0
2008-10-12,31.5,77.25,0.0
2008-10-12,31.5,77.5,0.0
2008-10-12,31.75,76.5,0.0
2008-10-12,31.75,76.75,0.0
2008-10-12,31.75,77.0,0.0
2008-10-12,31.75,77.25,0.0
2008-10-12,31.75,77.5,0.0
2008-10-12,32.0,76.5,0.0
2008-10-12,32.0,76.75,0.0
2008-10-12,32.0,77.0,0.0
2008-10-12,32.0,77.25,0.0
2008-10-12,32.0,77.5,0.0
2008-10-13,31.5,76.5,0.0
2008-10-13,31.5,76.75,0.0
2008-10-13,31.5,77.0,0.0
2008-10-13,31.5,77.25,0.0
2008-10-13,31.5,77.5,0.0
2008-10-13,31.75,76.5,0.0
2008-10-13,31.75,76.75,0.0
2008-10-13,31.75,77.0,0.0
2008-10-13,31.75,77.25,0.0
2008-10-13,31.75,77.5,0.0
2008-10-13,32.0,76.5,0.0
2008-10-13,32.0,76.75,0.0
2008-10-13,32.0,77.0,0.0
2008-10-13,32.0,77.25,0.0
2008-10-13,32.0,77.5,0.0
2008-10-14,31.5,76.5,0.0
2008-10-14,31.5,76.75,0.0
2008-10-14,31.5,77.0,0.0
2008-10-14,31.5,77.25,0.0
2008-10-14,31.5,77.5,0.0
2008-10-14,31.75,76.5,0.0
2008-10-14,31.75,76.75,0.0
2008-10-14,31.75,77.0,0.0
2008-10-14,31.75,77.25,0.0
2008-10-14,31.75,77.5,0.597346842288971
2008-10-14,32.0,76.5,0.0
2008-10-14,32.0,76.75,0.38947856426239014
2008-10-14,32.0,77.0,0.784027099609375
2008-10-14,32.0,77.25,0.6910566091537476
2008-10-14,32.0,77.5,0.9137007594108582
2008-10-15,31.5,76.5,10.008445739746094
2008-10-15,31.5,76.75,15.894022941589355
2008-10-15,31.5,77.0,12.21376895904541
2008-10-15,31.5,77.25,11.495494842529297
2008-10-15,31.5,77.5,7.471742153167725
2008-10-15,31.75,76.5,15.147256851196289
2008-10-15,31.75,76.75,13.453765869140625
2008-10-15,31.75,77.0,9.820818901062012
2008-10-15,31.75,77.25,10.812129974365234
2008-10-15,31.75,77.5,11.072690963745117
2008-10-15,32.0,76.5,10.930999755859375
2008-10-15,32.0,76.75,11.46871280670166
2008-10-15,32.0,77.0,10.702176094055176
2008-10-15,32.0,77.25,9.073661804199219
2008-10-15,32.0,77.5,8.914777755737305
2008-10-16,31.5,76.5,1.3193496465682983
2008-10-16,31.5,76.75,4.265223026275635
2008-10-16,31.5,77.0,5.108273029327393
2008-10-16,31.5,77.25,5.140000343322754
2008-10-16,31.5,77.5,3.417348861694336
2008-10-16,31.75,76.5,1.7282788753509521
2008-10-16,31.75,76.75,8.196772575378418
2008-10-16,31.75,77.0,4.057149887084961
2008-10-16,31.75,77.25,4.992484092712402
2008-10-16,31.75,77.5,5.99491024017334
2008-10-16,32.0,76.5,9.077857971191406
2008-10-16,32.0,76.75,6.836629390716553
2008-10-16,32.0,77.0,5.256387710571289
2008-10-16,32.0,77.25,4.4251179695129395
2008-10-16,32.0,77.5,4.57150411605835
2008-10-17,31.5,76.5,4.670424938201904
2008-10-17,31.5,76.75,1.0436753034591675
2008-10-17,31.5,77.0,2.025724172592163
2008-10-17,31.5,77.25,2.2332887649536133
2008-10-17,31.5,77.5,1.6648715734481812
2008-10-17,31.75,76.5,7.773990631103516
2008-10-17,31.75,76.75,3.0193376541137695
2008-10-17,31.75,77.0,2.4316861629486084
2008-10-17,31.75,77.25,2.6331725120544434
2008-10-17,31.75,77.5,2.8096771240234375
2008-10-17,32.0,76.5,4.20084810256958
2008-10-17,32.0,76.75,3.003756284713745
2008-10-17,32.0,77.0,2.6510143280029297
2008-10-17,32.0,77.25,3.590811252593994
2008-10-17,32.0,77.5,4.139491081237793
2008-10-18,31.5,76.5,0.0
2008-10-18,31.5,76.75,0.0
2008-10-18,31.5,77.0,0.0
2008-10-18,31.5,77.25,0.0
2008-10-18,31.5,77.5,0.0
2008-10-18,31.75,76.5,0.0
2008-10-18,31.75,76.75,0.0
2008-10-18,31.75,77.0,0.0
2008-10-18,31.75,77.25,0.0
2008-10-18,31.75,77.5,0.0
2008-10-18,32.0,76.5,0.0
2008-10-18,32.0,76.75,0.0
2008-10-18,32.0,77.0,0.0
2008-10-18,32.0,77.25,0.5945498943328857
2008-10-18,32.0,77.5,0.9548032879829407
2008-10-19,31.5,76.5,0.0
2008-10-19,31.5,76.75,0.0
2008-10-19,31.5,77.0,0.0
2008-10-19,31.5,77.25,0.0
2008-10-19,31.5,77.5,0.0
2008-10-19,31.75,76.5,0.0
2008-10-19,31.75,76.75,0.0
2008-10-19,31.75,77.0,0.0
2008-10-19,31.75,77.25,0.0
2008-10-19,31.75,77.5,0.0
2008-10-19,32.0,76.5,0.0
2008-10-19,32.0,76.75,0.0
2008-10-19,32.0,77.0,0.0
2008-10-19,32.0,77.25,0.7134599089622498
2008-10-19,32.0,77.5,1.1457639932632446
2008-10-20,31.5,76.5,0.0
2008-10-20,31.5,76.75,0.0
2008-10-20,31.5,77.0,0.0
2008-10-20,31.5,77.25,0.0
2008-10-20,31.5,77.5,0.0
2008-10-20,31.75,76.5,0.0
2008-10-20,31.75,76.75,0.0
2008-10-20,31.75,77.0,0.0
2008-10-20,31.75,77.25,0.0
2008-10-20,31.75,77.5,0.0
2008-10-20,32.0,76.5,0.0
2008-10-20,32.0,76.75,0.0
2008-10-20,32.0,77.0,0.0
2008-10-20,32.0,77.25,0.0
2008-10-20,32.0,77.5,0.0
2008-10-21,31.5,76.5,0.0
2008-10-21,31.5,76.75,0.0
2008-10-21,31.5,77.0,0.0
2008-10-21,31.5,77.25,0.0
2008-10-21,31.5,77.5,0.0
2008-10-21,31.75,76.5,0.0
2008-10-21,31.75,76.75,0.0
2008-10-21,31.75,77.0,0.0
2008-10-21,31.75,77.25,0.0
2008-10-21,31.75,77.5,0.0
2008-10-21,32.0,76.5,0.0
2008-10-21,32.0,76.75,0.0
2008-10-21,32.0,77.0,0.0
2008-10-21,32.0,77.25,0.0
2008-10-21,32.0,77.5,0.0
2008-10-22,31.5,76.5,0.0
2008-10-22,31.5,76.75,0.0
2008-10-22,31.5,77.0,0.0
2008-10-22,31.5,77.25,0.0
2008-10-22,31.5,77.5,0.0
2008-10-22,31.75,76.5,0.0
2008-10-22,31.75,76.75,0.0
2008-10-22,31.75,77.0,0.0
2008-10-22,31.75,77.25,0.0
2008-10-22,31.75,77.5,0.0
2008-10-22,32.0,76.5,0.0
2008-10-22,32.0,76.75,0.0
2008-10-22,32.0,77.0,0.0
2008-10-22,32.0,77.25,0.0
2008-10-22,32.0,77.5,0.0
2008-10-23,31.5,76.5,0.0
2008-10-23,31.5,76.75,0.0
2008-10-23,31.5,77.0,0.0
2008-10-23,31.5,77.25,0.0
2008-10-23,31.5,77.5,0.0
2008-10-23,31.75,76.5,0.0
2008-10-23,31.75,76.75,0.0
2008-10-23,31.75,77.0,0.0
2008-10-23,31.75,77.25,0.0
2008-10-23,31.75,77.5,0.0
2008-10-23,32.0,76.5,0.0
2008-10-23,32.0,76.75,0.0
2008-10-23,32.0,77.0,0.0
2008-10-23,32.0,77.25,0.0
2008-10-23,32.0,77.5,0.0
2008-10-24,31.5,76.5,0.0
2008-10-24,31.5,76.75,0.0
2008-10-24,31.5,77.0,0.0
2008-10-24,31.5,77.25,0.0
2008-10-24,31.5,77.5,0.0
2008-10-24,31.75,76.5,0.0
2008-10-24,31.75,76.75,0.0
2008-10-24,31.75,77.0,0.0
2008-10-24,31.75,77.25,0.0
2008-10-24,31.75,77.5,0.0
2008-10-24,32.0,76.5,0.0
2008-10-24,32.0,76.75,0.0
2008-10-24,32.0,77.0,0.0
2008-10-24,32.0,77.25,0.0
2008-10-24,32.0,77.5,0.0
2008-10-25,31.5,76.5,0.0
2008-10-25,31.5,76.75,0.0
2008-10-25,31.5,77.0,0.0
2008-10-25,31.5,77.25,0.0
2008-10-25,31.5,77.5,0.11631384491920471
2008-10-25,31.75,76.5,0.0
2008-10-25,31.75,76.75,0.0
2008-10-25,31.75,77.0,0.0
2008-10-25,31.75,77.25,0.0
2008-10-25,31.75,77.5,0.0
2008-10-25,32.0,76.5,0.0
2008-10-25,32.0,76.75,0.0
2008-10-25,32.0,77.0,0.0
2008-10-25,32.0,77.25,0.0
2008-10-25,32.0,77.5,0.0
2008-10-26,31.5,76.5,0.0
2008-10-26,31.5,76.75,0.0
2008-10-26,31.5,77.0,0.0
2008-10-26,31.5,77.25,0.0
2008-10-26,31.5,77.5,0.0
2008-10-26,31.75,76.5,0.0
2008-10-26,31.75,76.75,0.0
2008-10-26,31.75,77.0,0.0
2008-10-26,31.75,77.25,0.0
2008-10-26,31.75,77.5,0.0
2008-10-26,32.0,76.5,0.0
2008-10-26,32.0,76.75,0.0
2008-10-26,32.0,77.0,0.0
2008-10-26,32.0,77.25,0.0
2008-10-26,32.0,77.5,0.0
2008-10-27,31.5,76.5,0.0
2008-10-27,31.5,76.75,0.0
2008-10-27,31.5,77.0,0.0
2008-10-27,31.5,77.25,0.0
2008-10-27,31.5,77.5,0.0
2008-10-27,31.75,76.5,0.0
2008-10-27,31.75,76.75,0.0
2008-10-27,31.75,77.0,0.0
2008-10-27,31.75,77.25,0.0
2008-10-27,31.75,77.5,0.0
2008-10-27,32.0,76.5,0.0
2008-10-27,32.0,76.75,0.0
2008-10-27,32.0,77.0,0.0
2008-10-27,32.0,77.25,0.0
2008-10-27,32.0,77.5,0.0
2008-10-28,31.5,76.5,0.0
2008-10-28,31.5,76.75,0.0
2008-10-28,31.5,77.0,0.0
2008-10-28,31.5,77.25,0.0
2008-10-28,31.5,77.5,0.0
2008-10-28,31.75,76.5,0.0
2008-10-28,31.75,76.75,0.0
2008-10-28,31.75,77.0,0.0
2008-10-28,31.75,77.25,0.0
2008-10-28,31.75,77.5,0.0
2008-10-28,32.0,76.5,0.0
2008-10-28,32.0,76.75,0.0
2008-10-28,32.0,77.0,0.0
2008-10-28,32.0,77.25,0.0
2008-10-28,32.0,77.5,0.0
2008-10-29,31.5,76.5,0.0
2008-10-29,31.5,76.75,0.0
2008-10-29,31.5,77.0,0.0
2008-10-29,31.5,77.25,0.0
2008-10-29,31.5,77.5,0.0
2008-10-29,31.75,76.5,0.0
2008-10-29,31.75,76.75,0.0
2008-10-29,31.75,77.0,0.0
2008-10-29,31.75,77.25,0.0
2008-10-29,31.75,77.5,0.3882754445075989
2008-10-29,32.0,76.5,0.0
2008-10-29,32.0,76.75,0.2531610429286957
2008-10-29,32.0,77.0,0.5096176266670227
2008-10-29,32.0,77.25,0.4491867423057556
2008-10-29,32.0,77.5,0.5939054489135742
2008-10-30,31.5,76.5,0.0
2008-10-30,31.5,76.75,0.0
2008-10-30,31.5,77.0,0.0
2008-10-30,31.5,77.25,0.0
2008-10-30,31.5,77.5,0.0
2008-10-30,31.75,76.5,0.0
2008-10-30,31.75,76.75,0.0
2008-10-30,31.75,77.0,0.0
2008-10-30,31.75,77.25,0.0
2008-10-30,31.75,77.5,0.0
2008-10-30,32.0,76.5,0.0
2008-10-30,32.0,76.75,0.0
2008-10-30,32.0,77.0,0.0
2008-10-30,32.0,77.25,0.0
2008-10-30,32.0,77.5,0.0
2008-10-31,31.5,76.5,0.0
2008-10-31,31.5,76.75,0.0
2008-10-31,31.5,77.0,0.0
2008-10-31,31.5,77.25,0.0
2008-10-31,31.5,77.5,0.0
2008-10-31,31.75,76.5,0.0
2008-10-31,31.75,76.75,0.0
2008-10-31,31.75,77.0,0.0
2008-10-31,31.75,77.25,0.0
2008-10-31,31.75,77.5,0.0
2008-10-31,32.0,76.5,0.0
2008-10-31,32.0,76.75,0.0
2008-10-31,32.0,77.0,0.0
2008-10-31,32.0,77.25,0.0
2008-10-31,32.0,77.5,0.0
2008-11-01,31.5,76.5,0.0
2008-11-01,31.5,76.75,0.0
2008-11-01,31.5,77.0,0.0
2008-11-01,31.5,77.25,0.0
2008-11-01,31.5,77.5,0.0
2008-11-01,31.75,76.5,0.0
2008-11-01,31.75,76.75,0.0
2008-11-01,31.75,77.0,0.0
2008-11-01,31.75,77.25,0.0
2008-11-01,31.75,77.5,0.0
2008-11-01,32.0,76.5,0.0
2008-11-01,32.0,76.75,0.0
2008-11-01,32.0,77.0,0.0
2008-11-01,32.0,77.25,0.0
2008-11-01,32.0,77.5,0.0
2008-11-02,31.5,76.5,0.0
2008-11-02,31.5,76.75,0.0
2008-11-02,31.5,77.0,0.0
2008-11-02,31.5,77.25,0.0
2008-11-02,31.5,77.5,0.0
2008-11-02,31.75,76.5,0.0
2008-11-02,31.75,76.75,0.0
2008-11-02,31.75,77.0,0.0
2008-11-02,31.75,77.25,0.0
2008-11-02,31.75,77.5,0.0
2008-11-02,32.0,76.5,0.0
2008-11-02,32.0,76.75,0.0
2008-11-02,32.0,77.0,0.0
2008-11-02,32.0,77.25,0.0
2008-11-02,32.0,77.5,0.0
2008-11-03,31.5,76.5,0.0
2008-11-03,31.5,76.75,0.0
2008-11-03,31.5,77.0,0.0
2008-11-03,31.5,77.25,0.0
2008-11-03,31.5,77.5,0.0
2008-11-03,31.75,76.5,0.0
2008-11-03,31.75,76.75,0.0
2008-11-03,31.75,77.0,0.0
2008-11-03,31.75,77.25,0.0
2008-11-03,31.75,77.5,0.0
2008-11-03,32.0,76.5,0.0
2008-11-03,32.0,76.75,0.0
2008-11-03,32.0,77.0,0.0
2008-11-03,32.0,77.25,0.0
2008-11-03,32.0,77.5,0.0
2008-11-04,31.5,76.5,0.0
2008-11-04,31.5,76.75,0.0
2008-11-04,31.5,77.0,0.0
2008-11-04,31.5,77.25,0.0
2008-11-04,31.5,77.5,0.5815691947937012
2008-11-04,31.75,76.5,0.0
2008-11-04,31.75,76.75,0.0
2008-11-04,31.75,77.0,0.0
2008-11-04,31.75,77.25,0.0
2008-11-04,31.75,77.5,0.0
2008-11-04,32.0,76.5,0.0
2008-11-04,32.0,76.75,0.0
2008-11-04,32.0,77.0,0.0
2008-11-04,32.0,77.25,0.0
2008-11-04,32.0,77.5,0.0
2008-11-05,31.5,76.5,0.0
2008-11-05,31.5,76.75,0.0
2008-11-05,31.5,77.0,0.0
2008-11-05,31.5,77.25,0.0
2008-11-05,31.5,77.5,0.2907845973968506
2008-11-05,31.75,76.5,0.0
2008-11-05,31.75,76.75,0.0
2008-11-05,31.75,77.0,0.0
2008-11-05,31.75,77.25,0.0
2008-11-05,31.75,77.5,0.0
2008-11-05,32.0,76.5,0.0
2008-11-05,32.0,76.75,0.0
2008-11-05,32.0,77.0,0.0
2008-11-05,32.0,77.25,0.0
2008-11-05,32.0,77.5,0.0
2008-11-06,31.5,76.5,0.0
2008-11-06,31.5,76.75,0.0
2008-11-06,31.5,77.0,0.0
2008-11-06,31.5,77.25,0.0
2008-11-06,31.5,77.5,0.0
2008-11-06,31.75,76.5,0.0
2008-11-06,31.75,76.75,0.0
2008-11-06,31.75,77.0,0.0
2008-11-06,31.75,77.25,0.0
2008-11-06,31.75,77.5,0.0
2008-11-06,32.0,76.5,0.0
2008-11-06,32.0,76.75,0.0
2008-11-06,32.0,77.0,0.0
2008-11-06,32.0,77.25,0.0
2008-11-06,32.0,77.5,0.0
2008-11-07,31.5,76.5,0.0
2008-11-07,31.5,76.75,0.0
2008-11-07,31.5,77.0,0.0
2008-11-07,31.5,77.25,0.0
2008-11-07,31.5,77.5,0.0
2008-11-07,31.75,76.5,0.0
2008-11-07,31.75,76.75,0.0
2008-11-07,31.75,77.0,0.0
2008-11-07,31.75,77.25,0.0
2008-11-07,31.75,77.5,0.0
2008-11-07,32.0,76.5,0.0
2008-11-07,32.0,76.75,0.0
2008-11-07,32.0,77.0,0.0
2008-11-07,32.0,77.25,0.0
2008-11-07,32.0,77.5,0.0
2008-11-08,31.5,76.5,0.0
2008-11-08,31.5,76.75,0.0
2008-11-08,31.5,77.0,0.0
2008-11-08,31.5,77.25,0.0
2008-11-08,31.5,77.5,0.0
2008-11-08,31.75,76.5,0.0
2008-11-08,31.75,76.75,0.0
2008-11-08,31.75,77.0,0.0
2008-11-08,31.75,77.25,0.0
2008-11-08,31.75,77.5,0.0
2008-11-08,32.0,76.5,0.0
2008-11-08,32.0,76.75,0.0
2008-11-08,32.0,77.0,0.0
2008-11-08,32.0,77.25,0.0
2008-11-08,32.0,77.5,0.0
2008-11-09,31.5,76.5,0.0
2008-11-09,31.5,76.75,0.0
2008-11-09,31.5,77.0,0.0
2008-11-09,31.5,77.25,0.0
2008-11-09,31.5,77.5,1.1631383895874023
2008-11-09,31.75,76.5,0.0
2008-11-09,31.75,76.75,0.0
2008-11-09,31.75,77.0,0.0
2008-11-09,31.75,77.25,0.0
2008-11-09,31.75,77.5,0.0
2008-11-09,32.0,76.5,0.0
2008-11-09,32.0,76.75,0.0
2008-11-09,32.0,77.0,0.0
2008-11-09,32.0,77.25,0.0
2008-11-09,32.0,77.5,0.0
2008-11-10,31.5,76.5,0.0
2008-11-10,31.5,76.75,0.0
2008-11-10,31.5,77.0,0.0
2008-11-10,31.5,77.25,0.0
2008-11-10,31.5,77.5,0.8723537921905518
2008-11-10,31.75,76.5,0.0
2008-11-10,31.75,76.75,0.0
2008-11-10,31.75,77.0,0.0
2008-11-10,31.75,77.25,0.0
2008-11-10,31.75,77.5,0.0
2008-11-10,32.0,76.5,0.0
2008-11-10,32.0,76.75,0.0
2008-11-10,32.0,77.0,0.0
2008-11-10,32.0,77.25,0.0
2008-11-10,32.0,77.5,0.0
2008-11-11,31.5,76.5,0.0
2008-11-11,31.5,76.75,0.0
2008-11-11,31.5,77.0,0.0
2008-11-11,31.5,77.25,0.0
2008-11-11,31.5,77.5,1.4539231061935425
2008-11-11,31.75,76.5,0.0
2008-11-11,31.75,76.75,0.0
2008-11-11,31.75,77.0,0.0
2008-11-11,31.75,77.25,0.0
2008-11-11,31.75,77.5,0.0
2008-11-11,32.0,76.5,0.0
2008-11-11,32.0,76.75,0.0
2008-11-11,32.0,77.0,0.0
2008-11-11,32.0,77.25,0.0
2008-11-11,32.0,77.5,0.0
2008-11-12,31.5,76.5,0.0
2008-11-12,31.5,76.75,0.0
2008-11-12,31.5,77.0,0.0
2008-11-12,31.5,77.25,0.0
2008-11-12,31.5,77.5,0.0
2008-11-12,31.75,76.5,0.0
2008-11-12,31.75,76.75,0.0
2008-11-12,31.75,77.0,0.0
2008-11-12,31.75,77.25,0.0
2008-11-12,31.75,77.5,0.0
2008-11-12,32.0,76.5,0.0
2008-11-12,32.0,76.75,0.0
2008-11-12,32.0,77.0,0.0
2008-11-12,32.0,77.25,0.0
2008-11-12,32.0,77.5,0.0
2008-11-13,31.5,76.5,0.0
2008-11-13,31.5,76.75,0.0
2008-11-13,31.5,77.0,0.0
2008-11-13,31.5,77.25,0.0
2008-11-13,31.5,77.5,0.0
2008-11-13,31.75,76.5,0.0
2008-11-13,31.75,76.75,0.0
2008-11-13,31.75,77.0,0.0
2008-11-13,31.75,77.25,0.0
2008-11-13,31.75,77.5,0.0
2008-11-13,32.0,76.5,0.0
2008-11-13,32.0,76.75,0.0
2008-11-13,32.0,77.0,0.0
2008-11-13,32.0,77.25,0.0
2008-11-13,32.0,77.5,0.0
2008-11-14,31.5,76.5,0.0
2008-11-14,31.5,76.75,0.0
2008-11-14,31.5,77.0,0.0
2008-11-14,31.5,77.25,0.0
2008-11-14,31.5,77.5,0.0
2008-11-14,31.75,76.5,0.0
2008-11-14,31.75,76.75,0.0
2008-11-14,31.75,77.0,0.0
2008-11-14,31.75,77.25,0.0
2008-11-14,31.75,77.5,0.0
2008-11-14,32.0,76.5,0.0
2008-11-14,32.0,76.75,0.0
2008-11-14,32.0,77.0,0.0
2008-11-14,32.0,77.25,0.7134599089622498
2008-11-14,32.0,77.5,1.1457639932632446
2008-11-15,31.5,76.5,0.0
2008-11-15,31.5,76.75,0.0
2008-11-15,31.5,77.0,0.0
2008-11-15,31.5,77.25,0.0
2008-11-15,31.5,77.5,0.0
2008-11-15,31.75,76.5,0.0
2008-11-15,31.75,76.75,0.0
2008-11-15,31.75,77.0,0.0
2008-11-15,31.75,77.25,0.0
2008-11-15,31.75,77.5,0.0
2008-11-15,32.0,76.5,0.0
2008-11-15,32.0,76.75,0.0
2008-11-15,32.0,77.0,0.0
2008-11-15,32.0,77.25,0.0
2008-11-15,32.0,77.5,0.0
2008-11-16,31.5,76.5,0.0
2008-11-16,31.5,76.75,0.0
2008-11-16,31.5,77.0,0.0
2008-11-16,31.5,77.25,0.0
2008-11-16,31.5,77.5,0.5815691947937012
2008-11-16,31.75,76.5,0.0
2008-11-16,31.75,76.75,0.0
2008-11-16,31.75,77.0,0.0
2008-11-16,31.75,77.25,0.0
2008-11-16,31.75,77.5,0.0
2008-11-16,32.0,76.5,0.0
2008-11-16,32.0,76.75,0.0
2008-11-16,32.0,77.0,0.0
2008-11-16,32.0,77.25,0.0
2008-11-16,32.0,77.5,0.0
2008-11-17,31.5,76.5,0.0
2008-11-17,31.5,76.75,0.0
2008-11-17,31.5,77.0,0.0
2008-11-17,31.5,77.25,0.0
2008-11-17,31.5,77.5,0.5815691947937012
2008-11-17,31.75,76.5,0.0
2008-11-17,31.75,76.75,0.0
2008-11-17,31.75,77.0,0.0
2008-11-17,31.75,77.25,0.0
2008-11-17,31.75,77.5,0.0
2008-11-17,32.0,76.5,0.0
2008-11-17,32.0,76.75,0.0
2008-11-17,32.0,77.0,0.0
2008-11-17,32.0,77.25,0.0
2008-11-17,32.0,77.5,0.0
2008-11-18,31.5,76.5,0.0
2008-11-18,31.5,76.75,0.0
2008-11-18,31.5,77.0,0.0
2008-11-18,31.5,77.25,0.0
2008-11-18,31.5,77.5,0.0
2008-11-18,31.75,76.5,0.0
2008-11-18,31.75,76.75,0.0
2008-11-18,31.75,77.0,0.0
2008-11-18,31.75,77.25,0.0
2008-11-18,31.75,77.5,0.0
2008-11-18,32.0,76.5,0.0
2008-11-18,32.0,76.75,0.0
2008-11-18,32.0,77.0,0.0
2008-11-18,32.0,77.25,0.0
2008-11-18,32.0,77.5,0.0
2008-11-19,31.5,76.5,1.7749117612838745
2008-11-19,31.5,76.75,0.0
2008-11-19,31.5,77.0,0.14846660196781158
2008-11-19,31.5,77.25,0.0
2008-11-19,31.5,77.5,0.0
2008-11-19,31.75,76.5,2.9190306663513184
2008-11-19,31.75,76.75,0.0
2008-11-19,31.75,77.0,0.0
2008-11-19,31.75,77.25,0.0
2008-11-19,31.75,77.5,0.0
2008-11-19,32.0,76.5,1.3405581712722778
2008-11-19,32.0,76.75,0.0
2008-11-19,32.0,77.0,0.0
2008-11-19,32.0,77.25,0.0
2008-11-19,32.0,77.5,0.0
2008-11-20,31.5,76.5,0.0
2008-11-20,31.5,76.75,0.0
2008-11-20,31.5,77.0,0.0
2008-11-20,31.5,77.25,0.0
2008-11-20,31.5,77.5,0.0
2008-11-20,31.75,76.5,0.0
2008-11-20,31.75,76.75,0.0
2008-11-20,31.75,77.0,0.0
2008-11-20,31.75,77.25,0.0
2008-11-20,31.75,77.5,0.2240050584077835
2008-11-20,32.0,76.5,0.0
2008-11-20,32.0,76.75,0.1460544615983963
2008-11-20,32.0,77.0,0.2940101623535156
2008-11-20,32.0,77.25,0.25914621353149414
2008-11-20,32.0,77.5,0.3426377773284912
2008-11-21,31.5,76.5,0.9799162745475769
2008-11-21,31.5,76.75,2.9621191024780273
2008-11-21,31.5,77.0,3.3380627632141113
2008-11-21,31.5,77.25,3.687005043029785
2008-11-21,31.5,77.5,2.9867842197418213
2008-11-21,31.75,76.5,0.418548047542572
2008-11-21,31.75,76.75,0.9697409868240356
2008-11-21,31.75,77.0,6.351769924163818
2008-11-21,31.75,77.25,4.437941074371338
2008-11-21,31.75,77.5,3.4286632537841797
2008-11-21,32.0,76.5,0.0
2008-11-21,32.0,76.75,2.5354244709014893
2008-11-21,32.0,77.0,4.193600654602051
2008-11-21,32.0,77.25,3.8381519317626953
2008-11-21,32.0,77.5,2.6237237453460693
2008-11-22,31.5,76.5,0.0
2008-11-22,31.5,76.75,0.0
2008-11-22,31.5,77.0,0.0
2008-11-22,31.5,77.25,0.0
2008-11-22,31.5,77.5,0.0
2008-11-22,31.75,76.5,0.0
2008-11-22,31.75,76.75,0.0
2008-11-22,31.75,77.0,0.0
2008-11-22,31.75,77.25,0.0
2008-11-22,31.75,77.5,0.0
2008-11-22,32.0,76.5,0.0
2008-11-22,32.0,76.75,0.0
2008-11-22,32.0,77.0,0.0
2008-11-22,32.0,77.25,0.0
2008-11-22,32.0,77.5,0.0
2008-11-23,31.5,76.5,0.0
2008-11-23,31.5,76.75,0.0
2008-11-23,31.5,77.0,0.0
2008-11-23,31.5,77.25,0.0
2008-11-23,31.5,77.5,0.0
2008-11-23,31.75,76.5,0.0
2008-11-23,31.75,76.75,0.0
2008-11-23,31.75,77.0,0.0
2008-11-23,31.75,77.25,0.0
2008-11-23,31.75,77.5,0.0
2008-11-23,32.0,76.5,0.0
2008-11-23,32.0,76.75,0.0
2008-11-23,32.0,77.0,0.0
2008-11-23,32.0,77.25,0.4756399393081665
2008-11-23,32.0,77.5,0.7638426423072815
2008-11-24,31.5,76.5,0.0
2008-11-24,31.5,76.75,0.0
2008-11-24,31.5,77.0,0.0
2008-11-24,31.5,77.25,0.0
2008-11-24,31.5,77.5,0.0
2008-11-24,31.75,76.5,0.0
2008-11-24,31.75,76.75,0.0
2008-11-24,31.75,77.0,0.0
2008-11-24,31.75,77.25,0.0
2008-11-24,31.75,77.5,0.0
2008-11-24,32.0,76.5,0.0
2008-11-24,32.0,76.75,0.0
2008-11-24,32.0,77.0,0.0
2008-11-24,32.0,77.25,0.3567299544811249
2008-11-24,32.0,77.5,0.5728819966316223
2008-11-25,31.5,76.5,0.0
2008-11-25,31.5,76.75,0.0
2008-11-25,31.5,77.0,0.0
2008-11-25,31.5,77.25,0.0
2008-11-25,31.5,77.5,0.0
2008-11-25,31.75,76.5,0.0
2008-11-25,31.75,76.75,0.0
2008-11-25,31.75,77.0,0.0
2008-11-25,31.75,77.25,0.0
2008-11-25,31.75,77.5,0.0
2008-11-25,32.0,76.5,0.0
2008-11-25,32.0,76.75,0.0
2008-11-25,32.0,77.0,0.0
2008-11-25,32.0,77.25,1.1890997886657715
2008-11-25,32.0,77.5,1.9096065759658813
2008-11-26,31.5,76.5,0.0
2008-11-26,31.5,76.75,0.0
2008-11-26,31.5,77.0,0.0
2008-11-26,31.5,77.25,0.0
2008-11-26,31.5,77.5,0.0
2008-11-26,31.75,76.5,0.0
2008-11-26,31.75,76.75,0.0
2008-11-26,31.75,77.0,0.0
2008-11-26,31.75,77.25,0.0
2008-11-26,31.75,77.5,0.0
2008-11-26,32.0,76.5,0.0
2008-11-26,32.0,76.75,0.0
2008-11-26,32.0,77.0,0.0
2008-11-26,32.0,77.25,1.4269198179244995
2008-11-26,32.0,77.5,2.2915279865264893
2008-11-27,31.5,76.5,0.0
2008-11-27,31.5,76.75,0.0
2008-11-27,31.5,77.0,0.0
2008-11-27,31.5,77.25,0.0
2008-11-27,31.5,77.5,0.0
2008-11-27,31.75,76.5,0.0
2008-11-27,31.75,76.75,0.0
2008-11-27,31.75,77.0,0.0
2008-11-27,31.75,77.25,0.0
2008-11-27,31.75,77.5,0.0
2008-11-27,32.0,76.5,0.0
2008-11-27,32.0,76.75,0.0
2008-11-27,32.0,77.0,0.0
2008-11-27,32.0,77.25,0.0
2008-11-27,32.0,77.5,0.0
2008-11-28,31.5,76.5,0.0
2008-11-28,31.5,76.75,0.0
2008-11-28,31.5,77.0,0.0
2008-11-28,31.5,77.25,0.0
2008-11-28,31.5,77.5,0.0
2008-11-28,31.75,76.5,0.0
2008-11-28,31.75,76.75,0.0
2008-11-28,31.75,77.0,0.0
2008-11-28,31.75,77.25,0.0
2008-11-28,31.75,77.5,0.0
2008-11-28,32.0,76.5,0.0
2008-11-28,32.0,76.75,0.0
2008-11-28,32.0,77.0,0.0
2008-11-28,32.0,77.25,0.0
2008-11-28,32.0,77.5,0.0
2008-11-29,31.5,76.5,0.0
2008-11-29,31.5,76.75,0.0
2008-11-29,31.5,77.0,0.0
2008-11-29,31.5,77.25,0.0
2008-11-29,31.5,77.5,0.0
2008-11-29,31.75,76.5,0.0
2008-11-29,31.75,76.75,0.0
2008-11-29,31.75,77.0,0.0
2008-11-29,31.75,77.25,0.0
2008-11-29,31.75,77.5,0.0
2008-11-29,32.0,76.5,0.0
2008-11-29,32.0,76.75,0.0
2008-11-29,32.0,77.0,0.0
2008-11-29,32.0,77.25,1.7836496829986572
2008-11-29,32.0,77.5,2.864409923553467
2008-11-30,31.5,76.5,0.0
2008-11-30,31.5,76.75,0.0
2008-11-30,31.5,77.0,0.0
2008-11-30,31.5,77.25,0.0
2008-11-30,31.5,77.5,0.0
2008-11-30,31.75,76.5,0.0
2008-11-30,31.75,76.75,0.0
2008-11-30,31.75,77.0,0.0
2008-11-30,31.75,77.25,0.0
2008-11-30,31.75,77.5,0.0
2008-11-30,32.0,76.5,0.0
2008-11-30,32.0,76.75,0.0
2008-11-30,32.0,77.0,0.0
2008-11-30,32.0,77.25,0.0
2008-11-30,32.0,77.5,0.0
2008-12-01,31.5,76.5,0.0
2008-12-01,31.5,76.75,0.0
2008-12-01,31.5,77.0,0.0
2008-12-01,31.5,77.25,0.0
2008-12-01,31.5,77.5,0.0
2008-12-01,31.75,76.5,0.0
2008-12-01,31.75,76.75,0.0
2008-12-01,31.75,77.0,0.0
2008-12-01,31.75,77.25,0.0
2008-12-01,31.75,77.5,0.0
2008-12-01,32.0,76.5,0.0
2008-12-01,32.0,76.75,0.0
2008-12-01,32.0,77.0,0.0
2008-12-01,32.0,77.25,2.378199577331543
2008-12-01,32.0,77.5,3.8192131519317627
2008-12-02,31.5,76.5,0.0
2008-12-02,31.5,76.75,0.0
2008-12-02,31.5,77.0,0.0
2008-12-02,31.5,77.25,0.0
2008-12-02,31.5,77.5,0.0
2008-12-02,31.75,76.5,0.0
2008-12-02,31.75,76.75,0.0
2008-12-02,31.75,77.0,0.0
2008-12-02,31.75,77.25,0.0
2008-12-02,31.75,77.5,0.0
2008-12-02,32.0,76.5,0.0
2008-12-02,32.0,76.75,0.0
2008-12-02,32.0,77.0,0.0
2008-12-02,32.0,77.25,5.945498943328857
2008-12-02,32.0,77.5,9.548032760620117
2008-12-03,31.5,76.5,0.0
2008-12-03,31.5,76.75,0.0
2008-12-03,31.5,77.0,0.0
2008-12-03,31.5,77.25,0.0
2008-12-03,31.5,77.5,0.0
2008-12-03,31.75,76.5,0.0
2008-12-03,31.75,76.75,0.0
2008-12-03,31.75,77.0,0.0
2008-12-03,31.75,77.25,0.0
2008-12-03,31.75,77.5,0.0
2008-12-03,32.0,76.5,0.0
2008-12-03,32.0,76.75,0.0
2008-12-03,32.0,77.0,0.0
2008-12-03,32.0,77.25,0.0
2008-12-03,32.0,77.5,0.0
2008-12-04,31.5,76.5,0.0
2008-12-04,31.5,76.75,0.0
2008-12-04,31.5,77.0,0.0
2008-12-04,31.5,77.25,0.0
2008-12-04,31.5,77.5,0.0
2008-12-04,31.75,76.5,0.0
2008-12-04,31.75,76.75,0.0
2008-12-04,31.75,77.0,0.0
2008-12-04,31.75,77.25,0.0
2008-12-04,31.75,77.5,0.0
2008-12-04,32.0,76.5,0.0
2008-12-04,32.0,76.75,0.0
2008-12-04,32.0,77.0,0.0
2008-12-04,32.0,77.25,0.0
2008-12-04,32.0,77.5,0.0
2008-12-05,31.5,76.5,0.0
2008-12-05,31.5,76.75,0.0
2008-12-05,31.5,77.0,0.0
2008-12-05,31.5,77.25,0.0
2008-12-05,31.5,77.5,0.0
2008-12-05,31.75,76.5,0.0
2008-12-05,31.75,76.75,0.0
2008-12-05,31.75,77.0,0.0
2008-12-05,31.75,77.25,0.0
2008-12-05,31.75,77.5,0.0
2008-12-05,32.0,76.5,0.0
2008-12-05,32.0,76.75,0.0
2008-12-05,32.0,77.0,0.0
2008-12-05,32.0,77.25,0.0
2008-12-05,32.0,77.5,0.0
2008-12-06,31.5,76.5,0.0
2008-12-06,31.5,76.75,0.0
2008-12-06,31.5,77.0,0.0
2008-12-06,31.5,77.25,0.0
2008-12-06,31.5,77.5,0.0
2008-12-06,31.75,76.5,0.0
2008-12-06,31.75,76.75,0.0
2008-12-06,31.75,77.0,0.0
2008-12-06,31.75,77.25,0.0
2008-12-06,31.75,77.5,0.0
2008-12-06,32.0,76.5,0.0
2008-12-06,32.0,76.75,0.0
2008-12-06,32.0,77.0,0.0
2008-12-06,32.0,77.25,0.0
2008-12-06,32.0,77.5,0.0
2008-12-07,31.5,76.5,0.0
2008-12-07,31.5,76.75,0.0
2008-12-07,31.5,77.0,0.0
2008-12-07,31.5,77.25,0.0
2008-12-07,31.5,77.5,0.0
2008-12-07,31.75,76.5,0.0
2008-12-07,31.75,76.75,0.0
2008-12-07,31.75,77.0,0.0
2008-12-07,31.75,77.25,0.0
2008-12-07,31.75,77.5,0.0
2008-12-07,32.0,76.5,0.0
2008-12-07,32.0,76.75,0.0
2008-12-07,32.0,77.0,0.0
2008-12-07,32.0,77.25,0.0
2008-12-07,32.0,77.5,0.0
2008-12-08,31.5,76.5,0.0
2008-12-08,31.5,76.75,0.0
2008-12-08,31.5,77.0,0.0
2008-12-08,31.5,77.25,0.0
2008-12-08,31.5,77.5,0.0
2008-12-08,31.75,76.5,0.0
2008-12-08,31.75,76.75,0.0
2008-12-08,31.75,77.0,0.0
2008-12-08,31.75,77.25,0.0
2008-12-08,31.75,77.5,0.2986734211444855
2008-12-08,32.0,76.5,0.0
2008-12-08,32.0,76.75,0.19473928213119507
2008-12-08,32.0,77.0,0.3920135498046875
2008-12-08,32.0,77.25,0.3455283045768738
2008-12-08,32.0,77.5,0.4568503797054291
2008-12-09,31.5,76.5,0.0
2008-12-09,31.5,76.75,0.0
2008-12-09,31.5,77.0,0.0
2008-12-09,31.5,77.25,0.0
2008-12-09,31.5,77.5,0.0
2008-12-09,31.75,76.5,0.0
2008-12-09,31.75,76.75,0.0
2008-12-09,31.75,77.0,0.0
2008-12-09,31.75,77.25,0.0
2008-12-09,31.75,77.5,0.0
2008-12-09,32.0,76.5,0.0
2008-12-09,32.0,76.75,0.0
2008-12-09,32.0,77.0,0.0
2008-12-09,32.0,77.25,0.0
2008-12-09,32.0,77.5,0.0
2008-12-10,31.5,76.5,0.0
2008-12-10,31.5,76.75,0.0
2008-12-10,31.5,77.0,0.0
2008-12-10,31.5,77.25,0.0
2008-12-10,31.5,77.5,0.0
2008-12-10,31.75,76.5,0.0
2008-12-10,31.75,76.75,0.0
2008-12-10,31.75,77.0,0.0
2008-12-10,31.75,77.25,0.0
2008-12-10,31.75,77.5,0.2986734211444855
2008-12-10,32.0,76.5,0.0
2008-12-10,32.0,76.75,0.19473928213119507
2008-12-10,32.0,77.0,0.3920135498046875
2008-12-10,32.0,77.25,0.3455283045768738
2008-12-10,32.0,77.5,0.4568503797054291
2008-12-11,31.5,76.5,0.0
2008-12-11,31.5,76.75,0.0
2008-12-11,31.5,77.0,0.0
2008-12-11,31.5,77.25,0.0
2008-12-11,31.5,77.5,0.0
2008-12-11,31.75,76.5,0.0
2008-12-11,31.75,76.75,0.0
2008-12-11,31.75,77.0,0.0
2008-12-11,31.75,77.25,0.0
2008-12-11,31.75,77.5,0.0
2008-12-11,32.0,76.5,0.0
2008-12-11,32.0,76.75,0.0
2008-12-11,32.0,77.0,0.0
2008-12-11,32.0,77.25,0.0
2008-12-11,32.0,77.5,0.0
2008-12-12,31.5,76.5,0.0
2008-12-12,31.5,76.75,0.0
2008-12-12,31.5,77.0,0.0
2008-12-12,31.5,77.25,0.0
2008-12-12,31.5,77.5,0.0
2008-12-12,31.75,76.5,0.0
2008-12-12,31.75,76.75,0.0
2008-12-12,31.75,77.0,0.0
2008-12-12,31.75,77.25,0.0
2008-12-12,31.75,77.5,0.0
2008-12-12,32.0,76.5,0.0
2008-12-12,32.0,76.75,0.0
2008-12-12,32.0,77.0,0.0
2008-12-12,32.0,77.25,0.0
2008-12-12,32.0,77.5,0.0
2008-12-13,31.5,76.5,0.0
2008-12-13,31.5,76.75,0.0
2008-12-13,31.5,77.0,0.0
2008-12-13,31.5,77.25,0.0
2008-12-13,31.5,77.5,0.0
2008-12-13,31.75,76.5,0.0
2008-12-13,31.75,76.75,0.0
2008-12-13,31.75,77.0,0.0
2008-12-13,31.75,77.25,0.0
2008-12-13,31.75,77.5,0.0
2008-12-13,32.0,76.5,0.0
2008-12-13,32.0,76.75,0.0
2008-12-13,32.0,77.0,0.0
2008-12-13,32.0,77.25,0.0
2008-12-13,32.0,77.5,0.0
2008-12-14,31.5,76.5,0.0
2008-12-14,31.5,76.75,0.0
2008-12-14,31.5,77.0,0.0
2008-12-14,31.5,77.25,0.0
2008-12-14,31.5,77.5,0.0
2008-12-14,31.75,76.5,0.0
2008-12-14,31.75,76.75,0.0
2008-12-14,31.75,77.0,0.0
2008-12-14,31.75,77.25,0.0
2008-12-14,31.75,77.5,0.0
2008-12-14,32.0,76.5,0.0
2008-12-14,32.0,76.75,0.0
2008-12-14,32.0,77.0,0.0
2008-12-14,32.0,77.25,0.0
2008-12-14,32.0,77.5,0.0
2008-12-15,31.5,76.5,0.0
2008-12-15,31.5,76.75,0.0
2008-12-15,31.5,77.0,0.0
2008-12-15,31.5,77.25,0.0
2008-12-15,31.5,77.5,0.0
2008-12-15,31.75,76.5,0.0
2008-12-15,31.75,76.75,0.0
2008-12-15,31.75,77.0,0.0
2008-12-15,31.75,77.25,0.0
2008-12-15,31.75,77.5,0.0
2008-12-15,32.0,76.5,0.0
2008-12-15,32.0,76.75,0.0
2008-12-15,32.0,77.0,0.0
2008-12-15,32.0,77.25,0.0
2008-12-15,32.0,77.5,0.0
2008-12-16,31.5,76.5,0.0
2008-12-16,31.5,76.75,0.0
2008-12-16,31.5,77.0,0.0
2008-12-16,31.5,77.25,0.0
2008-12-16,31.5,77.5,0.0
2008-12-16,31.75,76.5,0.0
2008-12-16,31.75,76.75,0.0
2008-12-16,31.75,77.0,0.0
2008-12-16,31.75,77.25,0.0
2008-12-16,31.75,77.5,0.0
2008-12-16,32.0,76.5,0.0
2008-12-16,32.0,76.75,0.0
2008-12-16,32.0,77.0,0.0
2008-12-16,32.0,77.25,0.0
2008-12-16,32.0,77.5,0.0
2008-12-17,31.5,76.5,0.0
2008-12-17,31.5,76.75,0.0
2008-12-17,31.5,77.0,0.0
2008-12-17,31.5,77.25,0.1222720667719841
2008-12-17,31.5,77.5,0.0
2008-12-17,31.75,76.5,0.0
2008-12-17,31.75,76.75,0.0
2008-12-17,31.75,77.0,0.0
2008-12-17,31.75,77.25,0.21845035254955292
2008-12-17,31.75,77.5,1.0362988710403442
2008-12-17,32.0,76.5,0.0
2008-12-17,32.0,76.75,0.7507207989692688
2008-12-17,32.0,77.0,1.3023730516433716
2008-12-17,32.0,77.25,1.2153382301330566
2008-12-17,32.0,77.5,1.547607421875
2008-12-18,31.5,76.5,0.0
2008-12-18,31.5,76.75,0.0
2008-12-18,31.5,77.0,0.0
2008-12-18,31.5,77.25,0.0
2008-12-18,31.5,77.5,0.0
2008-12-18,31.75,76.5,0.0
2008-12-18,31.75,76.75,0.0
2008-12-18,31.75,77.0,0.0
2008-12-18,31.75,77.25,0.0
2008-12-18,31.75,77.5,0.0
2008-12-18,32.0,76.5,0.0
2008-12-18,32.0,76.75,0.0
2008-12-18,32.0,77.0,0.0
2008-12-18,32.0,77.25,3.5672993659973145
2008-12-18,32.0,77.5,5.728819847106934
2008-12-19,31.5,76.5,0.6631290316581726
2008-12-19,31.5,76.75,0.3909553289413452
2008-12-19,31.5,77.0,0.20459215342998505
2008-12-19,31.5,77.25,0.13249440491199493
2008-12-19,31.5,77.5,0.10929672420024872
2008-12-19,31.75,76.5,0.9315156936645508
2008-12-19,31.75,76.75,0.0
2008-12-19,31.75,77.0,0.0
2008-12-19,31.75,77.25,0.0
2008-12-19,31.75,77.5,0.20907139778137207
2008-12-19,32.0,76.5,0.40216749906539917
2008-12-19,32.0,76.75,0.13631749153137207
2008-12-19,32.0,77.0,0.2744095027446747
2008-12-19,32.0,77.25,4.998269081115723
2008-12-19,32.0,77.5,7.958221435546875
2008-12-20,31.5,76.5,3.22951340675354
2008-12-20,31.5,76.75,3.9010417461395264
2008-12-20,31.5,77.0,13.69049072265625
2008-12-20,31.5,77.25,19.438739776611328
2008-12-20,31.5,77.5,17.565900802612305
2008-12-20,31.75,76.5,1.6148074865341187
2008-12-20,31.75,76.75,11.818591117858887
2008-12-20,31.75,77.0,28.977628707885742
2008-12-20,31.75,77.25,26.245227813720703
2008-12-20,31.75,77.5,36.931114196777344
2008-12-20,32.0,76.5,4.440945148468018
2008-12-20,32.0,76.75,30.580324172973633
2008-12-20,32.0,77.0,42.76824951171875
2008-12-20,32.0,77.25,42.78659439086914
2008-12-20,32.0,77.5,44.91983413696289
2008-12-21,31.5,76.5,1.055899977684021
2008-12-21,31.5,76.75,1.9194769859313965
2008-12-21,31.5,77.0,5.566223621368408
2008-12-21,31.5,77.25,8.57978343963623
2008-12-21,31.5,77.5,7.041573524475098
2008-12-21,31.75,76.5,0.5038020610809326
2008-12-21,31.75,76.75,3.4120993614196777
2008-12-21,31.75,77.0,12.82473087310791
2008-12-21,31.75,77.25,12.021442413330078
2008-12-21,31.75,77.5,18.290496826171875
2008-12-21,32.0,76.5,1.3142610788345337
2008-12-21,32.0,76.75,14.417421340942383
2008-12-21,32.0,77.0,21.857152938842773
2008-12-21,32.0,77.25,20.54397201538086
2008-12-21,32.0,77.5,21.379459381103516
2008-12-22,31.5,76.5,0.0
2008-12-22,31.5,76.75,0.0
2008-12-22,31.5,77.0,0.0
2008-12-22,31.5,77.25,0.0
2008-12-22,31.5,77.5,0.0
2008-12-22,31.75,76.5,0.0
2008-12-22,31.75,76.75,0.0
2008-12-22,31.75,77.0,0.0
2008-12-22,31.75,77.25,0.0
2008-12-22,31.75,77.5,0.0
2008-12-22,32.0,76.5,0.0
2008-12-22,32.0,76.75,0.0
2008-12-22,32.0,77.0,0.0
2008-12-22,32.0,77.25,0.0
2008-12-22,32.0,77.5,0.0
2008-12-23,31.5,76.5,0.0
2008-12-23,31.5,76.75,0.0
2008-12-23,31.5,77.0,0.0
2008-12-23,31.5,77.25,0.0
2008-12-23,31.5,77.5,0.0
2008-12-23,31.75,76.5,0.0
2008-12-23,31.75,76.75,0.0
2008-12-23,31.75,77.0,0.0
2008-12-23,31.75,77.25,0.0
2008-12-23,31.75,77.5,0.0
2008-12-23,32.0,76.5,0.0
2008-12-23,32.0,76.75,0.0
2008-12-23,32.0,77.0,0.0
2008-12-23,32.0,77.25,1.7836496829986572
2008-12-23,32.0,77.5,2.864409923553467
2008-12-24,31.5,76.5,0.0
2008-12-24,31.5,76.75,0.0
2008-12-24,31.5,77.0,0.0
2008-12-24,31.5,77.25,0.0
2008-12-24,31.5,77.5,0.0
2008-12-24,31.75,76.5,0.0
2008-12-24,31.75,76.75,0.0
2008-12-24,31.75,77.0,0.0
2008-12-24,31.75,77.25,0.0
2008-12-24,31.75,77.5,0.0
2008-12-24,32.0,76.5,0.0
2008-12-24,32.0,76.75,0.0
2008-12-24,32.0,77.0,0.0
2008-12-24,32.0,77.25,0.0
2008-12-24,32.0,77.5,0.0
2008-12-25,31.5,76.5,0.0
2008-12-25,31.5,76.75,0.0
2008-12-25,31.5,77.0,0.0
2008-12-25,31.5,77.25,0.0
2008-12-25,31.5,77.5,0.0
2008-12-25,31.75,76.5,0.0
2008-12-25,31.75,76.75,0.0
2008-12-25,31.75,77.0,0.0
2008-12-25,31.75,77.25,0.0
2008-12-25,31.75,77.5,0.0
2008-12-25,32.0,76.5,0.0
2008-12-25,32.0,76.75,0.0
2008-12-25,32.0,77.0,0.0
2008-12-25,32.0,77.25,0.0
2008-12-25,32.0,77.5,0.0
2008-12-26,31.5,76.5,0.0
2008-12-26,31.5,76.75,0.0
2008-12-26,31.5,77.0,0.0
2008-12-26,31.5,77.25,0.0
2008-12-26,31.5,77.5,0.0
2008-12-26,31.75,76.5,0.0
2008-12-26,31.75,76.75,0.0
2008-12-26,31.75,77.0,0.0
2008-12-26,31.75,77.25,0.0
2008-12-26,31.75,77.5,0.0
2008-12-26,32.0,76.5,0.18320249021053314
2008-12-26,32.0,76.75,0.0
2008-12-26,32.0,77.0,0.0
2008-12-26,32.0,77.25,0.0
2008-12-26,32.0,77.5,0.0
2008-12-27,31.5,76.5,0.0
2008-12-27,31.5,76.75,0.0
2008-12-27,31.5,77.0,0.0
2008-12-27,31.5,77.25,0.0
2008-12-27,31.5,77.5,0.0
2008-12-27,31.75,76.5,0.0
2008-12-27,31.75,76.75,0.0
2008-12-27,31.75,77.0,0.0
2008-12-27,31.75,77.25,0.0
2008-12-27,31.75,77.5,0.0
2008-12-27,32.0,76.5,0.0
2008-12-27,32.0,76.75,0.0
2008-12-27,32.0,77.0,0.0
2008-12-27,32.0,77.25,0.0
2008-12-27,32.0,77.5,0.0
2008-12-28,31.5,76.5,0.0
2008-12-28,31.5,76.75,0.0
2008-12-28,31.5,77.0,0.0
2008-12-28,31.5,77.25,0.0
2008-12-28,31.5,77.5,0.0
2008-12-28,31.75,76.5,0.0
2008-12-28,31.75,76.75,0.0
2008-12-28,31.75,77.0,0.0
2008-12-28,31.75,77.25,0.0
2008-12-28,31.75,77.5,0.0
2008-12-28,32.0,76.5,0.0
2008-12-28,32.0,76.75,0.0
2008-12-28,32.0,77.0,0.0
2008-12-28,32.0,77.25,0.0
2008-12-28,32.0,77.5,0.0
2008-12-29,31.5,76.5,0.0
2008-12-29,31.5,76.75,0.0
2008-12-29,31.5,77.0,0.0
2008-12-29,31.5,77.25,0.0
2008-12-29,31.5,77.5,0.0
2008-12-29,31.75,76.5,0.0
2008-12-29,31.75,76.75,0.0
2008-12-29,31.75,77.0,0.0
2008-12-29,31.75,77.25,0.0
2008-12-29,31.75,77.5,0.0
2008-12-29,32.0,76.5,0.0
2008-12-29,32.0,76.75,0.0
2008-12-29,32.0,77.0,0.0
2008-12-29,32.0,77.25,0.0
2008-12-29,32.0,77.5,0.0
2008-12-30,31.5,76.5,0.13861630856990814
2008-12-30,31.5,76.75,0.0
2008-12-30,31.5,77.0,0.0
2008-12-30,31.5,77.25,0.0
2008-12-30,31.5,77.5,0.0
2008-12-30,31.75,76.5,0.10178324580192566
2008-12-30,31.75,76.75,0.0
2008-12-30,31.75,77.0,0.0
2008-12-30,31.75,77.25,0.0
2008-12-30,31.75,77.5,0.0
2008-12-30,32.0,76.5,0.3664049804210663
2008-12-30,32.0,76.75,0.0
2008-12-30,32.0,77.0,0.0
2008-12-30,32.0,77.25,0.0
2008-12-30,32.0,77.5,0.0
2008-12-31,31.5,76.5,0.0
2008-12-31,31.5,76.75,0.0
2008-12-31,31.5,77.0,0.0
2008-12-31,31.5,77.25,0.0
2008-12-31,31.5,77.5,0.0
2008-12-31,31.75,76.5,0.0
2008-12-31,31.75,76.75,0.0
2008-12-31,31.75,77.0,0.0
2008-12-31,31.75,77.25,0.0
2008-12-31,31.75,77.5,0.0
2008-12-31,32.0,76.5,0.0
2008-12-31,32.0,76.75,0.0
2008-12-31,32.0,77.0,0.0
2008-12-31,32.0,77.25,0.0
2008-12-31,32.0,77.5,0.0
