date,latitude,longitude,rainfall_mm
2014-01-01,31.5,76.5,0.8714739680290222
2014-01-01,31.5,76.75,1.970583438873291
2014-01-01,31.5,77.0,5.207485198974609
2014-01-01,31.5,77.25,4.11329460144043
2014-01-01,31.5,77.5,3.4198877811431885
2014-01-01,31.75,76.5,3.62394380569458
2014-01-01,31.75,76.75,6.241086959838867
2014-01-01,31.75,77.0,5.145051956176758
2014-01-01,31.75,77.25,3.533904790878296
2014-01-01,31.75,77.5,2.865370273590088
2014-01-01,32.0,76.5,8.323785781860352
2014-01-01,32.0,76.75,7.292747497558594
2014-01-01,32.0,77.0,4.63651180267334
2014-01-01,32.0,77.25,2.402635097503662
2014-01-01,32.0,77.5,4.597578048706055
2014-01-02,31.5,76.5,0.0
2014-01-02,31.5,76.75,0.0
2014-01-02,31.5,77.0,0.0
2014-01-02,31.5,77.25,0.0
2014-01-02,31.5,77.5,0.0
2014-01-02,31.75,76.5,0.0
2014-01-02,31.75,76.75,0.0
2014-01-02,31.75,77.0,0.0
2014-01-02,31.75,77.25,0.0
2014-01-02,31.75,77.5,0.0
2014-01-02,32.0,76.5,0.0
2014-01-02,32.0,76.75,0.0
2014-01-02,32.0,77.0,0.0
2014-01-02,32.0,77.25,0.0
2014-01-02,32.0,77.5,0.0
2014-01-03,31.5,76.5,0.0
2014-01-03,31.5,76.75,0.0
2014-01-03,31.5,77.0,0.0
2014-01-03,31.5,77.25,0.0
2014-01-03,31.5,77.5,0.0
2014-01-03,31.75,76.5,0.0
2014-01-03,31.75,76.75,0.0
2014-01-03,31.75,77.0,0.0
2014-01-03,31.75,77.25,0.0
2014-01-03,31.75,77.5,0.0
2014-01-03,32.0,76.5,0.0
2014-01-03,32.0,76.75,0.0
2014-01-03,32.0,77.0,0.0
2014-01-03,32.0,77.25,0.0
2014-01-03,32.0,77.5,0.0
2014-01-04,31.5,76.5,0.0
2014-01-04,31.5,76.75,0.0
2014-01-04,31.5,77.0,0.0
2014-01-04,31.5,77.25,0.0
2014-01-04,31.5,77.5,0.0
2014-01-04,31.75,76.5,0.0
2014-01-04,31.75,76.75,0.0
2014-01-04,31.75,77.0,0.0
2014-01-04,31.75,77.25,0.0
2014-01-04,31.75,77.5,0.0
2014-01-04,32.0,76.5,0.0
2014-01-04,32.0,76.75,0.0
2014-01-04,32.0,77.0,0.0
2014-01-04,32.0,77.25,0.0
2014-01-04,32.0,77.5,0.0
2014-01-05,31.5,76.5,0.43168124556541443
2014-01-05,31.5,76.75,1.053954839706421
2014-01-05,31.5,77.0,0.13830703496932983
2014-01-05,31.5,77.25,0.1986819952726364
2014-01-05,31.5,77.5,1.484424114227295
2014-01-05,31.75,76.5,0.6885133981704712
2014-01-05,31.75,76.75,0.29513970017433167
2014-01-05,31.75,77.0,0.945093035697937
2014-01-05,31.75,77.25,0.49861711263656616
2014-01-05,31.75,77.5,1.0702913999557495
2014-01-05,32.0,76.5,2.108616352081299
2014-01-05,32.0,76.75,1.8391609191894531
2014-01-05,32.0,77.0,2.8825864791870117
2014-01-05,32.0,77.25,1.0309852361679077
2014-01-05,32.0,77.5,2.81404185295105
2014-01-06,31.5,76.5,0.0
2014-01-06,31.5,76.75,0.0
2014-01-06,31.5,77.0,0.0
2014-01-06,31.5,77.25,0.23209665715694427
2014-01-06,31.5,77.5,1.614328145980835
2014-01-06,31.75,76.5,2.237287759780884
2014-01-06,31.75,76.75,0.23483234643936157
2014-01-06,31.75,77.0,1.4235854148864746
2014-01-06,31.75,77.25,0.7109601497650146
2014-01-06,31.75,77.5,1.5510960817337036
2014-01-06,32.0,76.5,4.240691661834717
2014-01-06,32.0,76.75,4.1996660232543945
2014-01-06,32.0,77.0,0.8003902435302734
2014-01-06,32.0,77.25,0.19110825657844543
2014-01-06,32.0,77.5,0.4702308475971222
2014-01-07,31.5,76.5,0.0
2014-01-07,31.5,76.75,0.0
2014-01-07,31.5,77.0,0.12181784212589264
2014-01-07,31.5,77.25,0.17581717669963837
2014-01-07,31.5,77.5,0.0
2014-01-07,31.75,76.5,0.8262161016464233
2014-01-07,31.75,76.75,0.2837393879890442
2014-01-07,31.75,77.0,0.531309187412262
2014-01-07,31.75,77.25,0.3185904622077942
2014-01-07,31.75,77.5,0.1469464898109436
2014-01-07,32.0,76.5,1.7917053699493408
2014-01-07,32.0,76.75,2.1080129146575928
2014-01-07,32.0,77.0,0.907153844833374
2014-01-07,32.0,77.25,0.3255959153175354
2014-01-07,32.0,77.5,0.9067427515983582
2014-01-08,31.5,76.5,0.0
2014-01-08,31.5,76.75,0.0
2014-01-08,31.5,77.0,0.0
2014-01-08,31.5,77.25,0.0
2014-01-08,31.5,77.5,0.0
2014-01-08,31.75,76.5,0.0
2014-01-08,31.75,76.75,0.0
2014-01-08,31.75,77.0,0.0
2014-01-08,31.75,77.25,0.0
2014-01-08,31.75,77.5,0.0
2014-01-08,32.0,76.5,0.0
2014-01-08,32.0,76.75,0.0
2014-01-08,32.0,77.0,0.0
2014-01-08,32.0,77.25,0.0
2014-01-08,32.0,77.5,0.0
2014-01-09,31.5,76.5,0.0
2014-01-09,31.5,76.75,0.0
2014-01-09,31.5,77.0,0.13279344141483307
2014-01-09,31.5,77.25,0.6681047081947327
2014-01-09,31.5,77.5,0.4571863114833832
2014-01-09,31.75,76.5,0.0
2014-01-09,31.75,76.75,0.0
2014-01-09,31.75,77.0,0.5617297887802124
2014-01-09,31.75,77.25,0.6403518319129944
2014-01-09,31.75,77.5,0.5306968092918396
2014-01-09,32.0,76.5,0.0
2014-01-09,32.0,76.75,0.0
2014-01-09,32.0,77.0,4.598291873931885
2014-01-09,32.0,77.25,1.97114098072052
2014-01-09,32.0,77.5,2.844050168991089
2014-01-10,31.5,76.5,0.0
2014-01-10,31.5,76.75,0.0
2014-01-10,31.5,77.0,0.0
2014-01-10,31.5,77.25,0.0
2014-01-10,31.5,77.5,0.0
2014-01-10,31.75,76.5,0.0
2014-01-10,31.75,76.75,0.0
2014-01-10,31.75,77.0,0.0
2014-01-10,31.75,77.25,0.0
2014-01-10,31.75,77.5,0.0
2014-01-10,32.0,76.5,0.0
2014-01-10,32.0,76.75,0.0
2014-01-10,32.0,77.0,0.0
2014-01-10,32.0,77.25,0.0
2014-01-10,32.0,77.5,0.0
2014-01-11,31.5,76.5,1.96218740940094
2014-01-11,31.5,76.75,5.303414344787598
2014-01-11,31.5,77.0,10.37728214263916
2014-01-11,31.5,77.25,14.956265449523926
2014-01-11,31.5,77.5,13.577266693115234
2014-01-11,31.75,76.5,0.8262161016464233
2014-01-11,31.75,76.75,8.380988121032715
2014-01-11,31.75,77.0,14.140602111816406
2014-01-11,31.75,77.25,15.623697280883789
2014-01-11,31.75,77.5,12.919275283813477
2014-01-11,32.0,76.5,2.0994696617126465
2014-01-11,32.0,76.75,6.127533435821533
2014-01-11,32.0,77.0,11.563185691833496
2014-01-11,32.0,77.25,11.89681625366211
2014-01-11,32.0,77.5,13.267971992492676
2014-01-12,31.5,76.5,0.0
2014-01-12,31.5,76.75,0.0
2014-01-12,31.5,77.0,0.0
2014-01-12,31.5,77.25,0.0
2014-01-12,31.5,77.5,0.0
2014-01-12,31.75,76.5,0.0
2014-01-12,31.75,76.75,0.0
2014-01-12,31.75,77.0,0.0
2014-01-12,31.75,77.25,0.0
2014-01-12,31.75,77.5,0.0
2014-01-12,32.0,76.5,0.0
2014-01-12,32.0,76.75,0.0
2014-01-12,32.0,77.0,0.0
2014-01-12,32.0,77.25,0.0
2014-01-12,32.0,77.5,0.0
2014-01-13,31.5,76.5,0.0
2014-01-13,31.5,76.75,0.0
2014-01-13,31.5,77.0,0.0
2014-01-13,31.5,77.25,0.0
2014-01-13,31.5,77.5,0.0
2014-01-13,31.75,76.5,0.0
2014-01-13,31.75,76.75,0.0
2014-01-13,31.75,77.0,0.0
2014-01-13,31.75,77.25,0.0
2014-01-13,31.75,77.5,0.0
2014-01-13,32.0,76.5,0.0
2014-01-13,32.0,76.75,0.0
2014-01-13,32.0,77.0,0.0
2014-01-13,32.0,77.25,0.0
2014-01-13,32.0,77.5,0.0
2014-01-14,31.5,76.5,0.8756884336471558
2014-01-14,31.5,76.75,1.9847407341003418
2014-01-14,31.5,77.0,6.60146427154541
2014-01-14,31.5,77.25,7.252493858337402
2014-01-14,31.5,77.5,4.823111057281494
2014-01-14,31.75,76.5,0.0
2014-01-14,31.75,76.75,0.45699626207351685
2014-01-14,31.75,77.0,1.9327988624572754
2014-01-14,31.75,77.25,6.253693580627441
2014-01-14,31.75,77.5,5.471311092376709
2014-01-14,32.0,76.5,0.0
2014-01-14,32.0,76.75,0.398833304643631
2014-01-14,32.0,77.0,6.126157760620117
2014-01-14,32.0,77.25,7.798764705657959
2014-01-14,32.0,77.5,7.414470672607422
2014-01-15,31.5,76.5,0.2354625016450882
2014-01-15,31.5,76.75,0.6023160219192505
2014-01-15,31.5,77.0,0.8722289204597473
2014-01-15,31.5,77.25,3.0403354167938232
2014-01-15,31.5,77.5,2.057338237762451
2014-01-15,31.75,76.5,0.5508107542991638
2014-01-15,31.75,76.75,0.39001569151878357
2014-01-15,31.75,77.0,3.6107001304626465
2014-01-15,31.75,77.25,3.1004724502563477
2014-01-15,31.75,77.5,2.6725761890411377
2014-01-15,32.0,76.5,1.2824028730392456
2014-01-15,32.0,76.75,2.031491279602051
2014-01-15,32.0,77.0,4.241492748260498
2014-01-15,32.0,77.25,1.5499557256698608
2014-01-15,32.0,77.5,3.266805648803711
2014-01-16,31.5,76.5,0.0
2014-01-16,31.5,76.75,0.0
2014-01-16,31.5,77.0,0.0
2014-01-16,31.5,77.25,0.0
2014-01-16,31.5,77.5,0.0
2014-01-16,31.75,76.5,0.0
2014-01-16,31.75,76.75,0.0
2014-01-16,31.75,77.0,0.0
2014-01-16,31.75,77.25,0.0
2014-01-16,31.75,77.5,0.0
2014-01-16,32.0,76.5,0.0
2014-01-16,32.0,76.75,0.0
2014-01-16,32.0,77.0,0.0
2014-01-16,32.0,77.25,0.0
2014-01-16,32.0,77.5,0.0
2014-01-17,31.5,76.5,0.0
2014-01-17,31.5,76.75,0.0
2014-01-17,31.5,77.0,0.0
2014-01-17,31.5,77.25,0.0
2014-01-17,31.5,77.5,0.0
2014-01-17,31.75,76.5,0.0
2014-01-17,31.75,76.75,0.0
2014-01-17,31.75,77.0,0.0
2014-01-17,31.75,77.25,0.0
2014-01-17,31.75,77.5,0.0
2014-01-17,32.0,76.5,0.0
2014-01-17,32.0,76.75,0.0
2014-01-17,32.0,77.0,0.0
2014-01-17,32.0,77.25,0.0
2014-01-17,32.0,77.5,0.0
2014-01-18,31.5,76.5,6.123770236968994
2014-01-18,31.5,76.75,10.099420547485352
2014-01-18,31.5,77.0,10.991302490234375
2014-01-18,31.5,77.25,9.411714553833008
2014-01-18,31.5,77.5,9.90518856048584
2014-01-18,31.75,76.5,2.2308902740478516
2014-01-18,31.75,76.75,5.306643009185791
2014-01-18,31.75,77.0,2.6078755855560303
2014-01-18,31.75,77.25,6.935146808624268
2014-01-18,31.75,77.5,6.889180660247803
2014-01-18,32.0,76.5,2.3681981563568115
2014-01-18,32.0,76.75,3.2468833923339844
2014-01-18,32.0,77.0,1.5387377738952637
2014-01-18,32.0,77.25,2.6398658752441406
2014-01-18,32.0,77.5,4.189285755157471
2014-01-19,31.5,76.5,0.0
2014-01-19,31.5,76.75,0.0
2014-01-19,31.5,77.0,0.0
2014-01-19,31.5,77.25,0.0
2014-01-19,31.5,77.5,1.4784702062606812
2014-01-19,31.75,76.5,0.0
2014-01-19,31.75,76.75,0.0
2014-01-19,31.75,77.0,0.0
2014-01-19,31.75,77.25,0.0
2014-01-19,31.75,77.5,1.027068018913269
2014-01-19,32.0,76.5,0.0
2014-01-19,32.0,76.75,0.0
2014-01-19,32.0,77.0,0.0
2014-01-19,32.0,77.25,0.0
2014-01-19,32.0,77.5,0.0
2014-01-20,31.5,76.5,0.0
2014-01-20,31.5,76.75,0.0
2014-01-20,31.5,77.0,0.0
2014-01-20,31.5,77.25,0.0
2014-01-20,31.5,77.5,0.0
2014-01-20,31.75,76.5,0.0
2014-01-20,31.75,76.75,0.0
2014-01-20,31.75,77.0,0.0
2014-01-20,31.75,77.25,0.0
2014-01-20,31.75,77.5,0.0
2014-01-20,32.0,76.5,0.0
2014-01-20,32.0,76.75,0.0
2014-01-20,32.0,77.0,0.0
2014-01-20,32.0,77.25,0.0
2014-01-20,32.0,77.5,0.0
2014-01-21,31.5,76.5,0.0
2014-01-21,31.5,76.75,0.0
2014-01-21,31.5,77.0,0.0
2014-01-21,31.5,77.25,0.0
2014-01-21,31.5,77.5,0.0
2014-01-21,31.75,76.5,0.0
2014-01-21,31.75,76.75,0.0
2014-01-21,31.75,77.0,0.0
2014-01-21,31.75,77.25,0.0
2014-01-21,31.75,77.5,0.0
2014-01-21,32.0,76.5,0.0
2014-01-21,32.0,76.75,0.0
2014-01-21,32.0,77.0,0.0
2014-01-21,32.0,77.25,0.0
2014-01-21,32.0,77.5,0.0
2014-01-22,31.5,76.5,1.0703980922698975
2014-01-22,31.5,76.75,0.0
2014-01-22,31.5,77.0,0.0
2014-01-22,31.5,77.25,0.0
2014-01-22,31.5,77.5,0.0
2014-01-22,31.75,76.5,1.943565011024475
2014-01-22,31.75,76.75,0.0
2014-01-22,31.75,77.0,0.0
2014-01-22,31.75,77.25,0.0
2014-01-22,31.75,77.5,0.0
2014-01-22,32.0,76.5,0.1343642771244049
2014-01-22,32.0,76.75,0.0
2014-01-22,32.0,77.0,0.0
2014-01-22,32.0,77.25,0.0
2014-01-22,32.0,77.5,0.0
2014-01-23,31.5,76.5,44.999168395996094
2014-01-23,31.5,76.75,30.810388565063477
2014-01-23,31.5,77.0,21.04642105102539
2014-01-23,31.5,77.25,20.279911041259766
2014-01-23,31.5,77.5,24.18913459777832
2014-01-23,31.75,76.5,31.549165725708008
2014-01-23,31.75,76.75,24.48812484741211
2014-01-23,31.75,77.0,18.793577194213867
2014-01-23,31.75,77.25,19.95148468017578
2014-01-23,31.75,77.5,20.431581497192383
2014-01-23,32.0,76.5,40.81752014160156
2014-01-23,32.0,76.75,30.197891235351562
2014-01-23,32.0,77.0,19.71034049987793
2014-01-23,32.0,77.25,20.5506591796875
2014-01-23,32.0,77.5,20.60735321044922
2014-01-24,31.5,76.5,0.0
2014-01-24,31.5,76.75,0.0
2014-01-24,31.5,77.0,0.0
2014-01-24,31.5,77.25,0.0
2014-01-24,31.5,77.5,0.0
2014-01-24,31.75,76.5,0.0
2014-01-24,31.75,76.75,0.0
2014-01-24,31.75,77.0,0.0
2014-01-24,31.75,77.25,0.0
2014-01-24,31.75,77.5,0.0
2014-01-24,32.0,76.5,0.0
2014-01-24,32.0,76.75,0.0
2014-01-24,32.0,77.0,0.0
2014-01-24,32.0,77.25,0.0
2014-01-24,32.0,77.5,0.0
2014-01-25,31.5,76.5,0.0
2014-01-25,31.5,76.75,0.0
2014-01-25,31.5,77.0,0.0
2014-01-25,31.5,77.25,0.0
2014-01-25,31.5,77.5,0.0
2014-01-25,31.75,76.5,0.0
2014-01-25,31.75,76.75,0.0
2014-01-25,31.75,77.0,0.0
2014-01-25,31.75,77.25,0.0
2014-01-25,31.75,77.5,0.0
2014-01-25,32.0,76.5,0.0
2014-01-25,32.0,76.75,0.0
2014-01-25,32.0,77.0,0.0
2014-01-25,32.0,77.25,0.0
2014-01-25,32.0,77.5,0.0
2014-01-26,31.5,76.5,0.0
2014-01-26,31.5,76.75,0.0
2014-01-26,31.5,77.0,0.0
2014-01-26,31.5,77.25,0.0
2014-01-26,31.5,77.5,0.0
2014-01-26,31.75,76.5,0.0
2014-01-26,31.75,76.75,0.0
2014-01-26,31.75,77.0,0.0
2014-01-26,31.75,77.25,0.0
2014-01-26,31.75,77.5,0.0
2014-01-26,32.0,76.5,0.0
2014-01-26,32.0,76.75,0.0
2014-01-26,32.0,77.0,0.0
2014-01-26,32.0,77.25,0.0
2014-01-26,32.0,77.5,0.0
2014-01-27,31.5,76.5,0.0
2014-01-27,31.5,76.75,0.0
2014-01-27,31.5,77.0,0.0
2014-01-27,31.5,77.25,0.0
2014-01-27,31.5,77.5,0.0
2014-01-27,31.75,76.5,0.0
2014-01-27,31.75,76.75,0.0
2014-01-27,31.75,77.0,0.0
2014-01-27,31.75,77.25,0.0
2014-01-27,31.75,77.5,0.0
2014-01-27,32.0,76.5,0.0
2014-01-27,32.0,76.75,0.0
2014-01-27,32.0,77.0,0.0
2014-01-27,32.0,77.25,0.0
2014-01-27,32.0,77.5,0.0
2014-01-28,31.5,76.5,0.0
2014-01-28,31.5,76.75,0.0
2014-01-28,31.5,77.0,0.0
2014-01-28,31.5,77.25,0.0
2014-01-28,31.5,77.5,0.0
2014-01-28,31.75,76.5,0.0
2014-01-28,31.75,76.75,0.0
2014-01-28,31.75,77.0,0.0
2014-01-28,31.75,77.25,0.0
2014-01-28,31.75,77.5,0.0
2014-01-28,32.0,76.5,0.0
2014-01-28,32.0,76.75,0.0
2014-01-28,32.0,77.0,0.0
2014-01-28,32.0,77.25,0.0
2014-01-28,32.0,77.5,0.0
2014-01-29,31.5,76.5,0.0
2014-01-29,31.5,76.75,0.0
2014-01-29,31.5,77.0,0.0
2014-01-29,31.5,77.25,0.0
2014-01-29,31.5,77.5,0.0
2014-01-29,31.75,76.5,0.0
2014-01-29,31.75,76.75,0.0
2014-01-29,31.75,77.0,0.0
2014-01-29,31.75,77.25,0.0
2014-01-29,31.75,77.5,0.0
2014-01-29,32.0,76.5,0.0
2014-01-29,32.0,76.75,0.0
2014-01-29,32.0,77.0,0.0
2014-01-29,32.0,77.25,0.0
2014-01-29,32.0,77.5,0.0
2014-01-30,31.5,76.5,0.0
2014-01-30,31.5,76.75,0.0
2014-01-30,31.5,77.0,0.0
2014-01-30,31.5,77.25,0.0
2014-01-30,31.5,77.5,0.0
2014-01-30,31.75,76.5,0.0
2014-01-30,31.75,76.75,0.0
2014-01-30,31.75,77.0,0.0
2014-01-30,31.75,77.25,0.0
2014-01-30,31.75,77.5,0.0
2014-01-30,32.0,76.5,0.0
2014-01-30,32.0,76.75,0.0
2014-01-30,32.0,77.0,0.0
2014-01-30,32.0,77.25,0.0
2014-01-30,32.0,77.5,0.0
2014-01-31,31.5,76.5,0.0
2014-01-31,31.5,76.75,0.0
2014-01-31,31.5,77.0,0.0
2014-01-31,31.5,77.25,0.0
2014-01-31,31.5,77.5,0.0
2014-01-31,31.75,76.5,0.0
2014-01-31,31.75,76.75,0.0
2014-01-31,31.75,77.0,0.0
2014-01-31,31.75,77.25,0.0
2014-01-31,31.75,77.5,0.0
2014-01-31,32.0,76.5,0.0
2014-01-31,32.0,76.75,0.0
2014-01-31,32.0,77.0,0.0
2014-01-31,32.0,77.25,0.0
2014-01-31,32.0,77.5,0.0
2014-02-01,31.5,76.5,0.0
2014-02-01,31.5,76.75,0.0
2014-02-01,31.5,77.0,0.0
2014-02-01,31.5,77.25,0.0
2014-02-01,31.5,77.5,0.0
2014-02-01,31.75,76.5,0.0
2014-02-01,31.75,76.75,0.0
2014-02-01,31.75,77.0,0.0
2014-02-01,31.75,77.25,0.0
2014-02-01,31.75,77.5,0.0
2014-02-01,32.0,76.5,0.0
2014-02-01,32.0,76.75,0.0
2014-02-01,32.0,77.0,0.0
2014-02-01,32.0,77.25,0.0
2014-02-01,32.0,77.5,0.0
2014-02-02,31.5,76.5,0.0
2014-02-02,31.5,76.75,0.0
2014-02-02,31.5,77.0,0.0
2014-02-02,31.5,77.25,0.0
2014-02-02,31.5,77.5,0.0
2014-02-02,31.75,76.5,0.0
2014-02-02,31.75,76.75,0.0
2014-02-02,31.75,77.0,0.0
2014-02-02,31.75,77.25,0.0
2014-02-02,31.75,77.5,0.0
2014-02-02,32.0,76.5,0.0
2014-02-02,32.0,76.75,0.0
2014-02-02,32.0,77.0,0.0
2014-02-02,32.0,77.25,0.0
2014-02-02,32.0,77.5,0.0
2014-02-03,31.5,76.5,0.0
2014-02-03,31.5,76.75,0.0
2014-02-03,31.5,77.0,3.670921564102173
2014-02-03,31.5,77.25,0.6117439866065979
2014-02-03,31.5,77.5,0.0
2014-02-03,31.75,76.5,0.5508107542991638
2014-02-03,31.75,76.75,0.0
2014-02-03,31.75,77.0,0.15047112107276917
2014-02-03,31.75,77.25,0.32318273186683655
2014-02-03,31.75,77.5,0.6403252482414246
2014-02-03,32.0,76.5,1.6341333389282227
2014-02-03,32.0,76.75,1.308443546295166
2014-02-03,32.0,77.0,0.8529189229011536
2014-02-03,32.0,77.25,0.3731573522090912
2014-02-03,32.0,77.5,0.4907734990119934
2014-02-04,31.5,76.5,1.2727305889129639
2014-02-04,31.5,76.75,1.1799898147583008
2014-02-04,31.5,77.0,1.0080349445343018
2014-02-04,31.5,77.25,6.323470115661621
2014-02-04,31.5,77.5,5.521185398101807
2014-02-04,31.75,76.5,1.605292558670044
2014-02-04,31.75,76.75,0.49629202485084534
2014-02-04,31.75,77.0,5.7741265296936035
2014-02-04,31.75,77.25,6.421140670776367
2014-02-04,31.75,77.5,5.484385013580322
2014-02-04,32.0,76.5,1.3145043849945068
2014-02-04,32.0,76.75,1.7554534673690796
2014-02-04,32.0,77.0,12.549072265625
2014-02-04,32.0,77.25,13.749079704284668
2014-02-04,32.0,77.5,11.892618179321289
2014-02-05,31.5,76.5,0.0
2014-02-05,31.5,76.75,0.0
2014-02-05,31.5,77.0,0.346892386674881
2014-02-05,31.5,77.25,0.6137867569923401
2014-02-05,31.5,77.5,1.1124918460845947
2014-02-05,31.75,76.5,0.5508107542991638
2014-02-05,31.75,76.75,0.0
2014-02-05,31.75,77.0,0.9493606686592102
2014-02-05,31.75,77.25,0.8059377074241638
2014-02-05,31.75,77.5,1.0882130861282349
2014-02-05,32.0,76.5,1.262721061706543
2014-02-05,32.0,76.75,1.470550775527954
2014-02-05,32.0,77.0,5.89357328414917
2014-02-05,32.0,77.25,6.80033016204834
2014-02-05,32.0,77.5,6.2023797035217285
2014-02-06,31.5,76.5,0.174766406416893
2014-02-06,31.5,76.75,0.6873248219490051
2014-02-06,31.5,77.0,19.82297706604004
2014-02-06,31.5,77.25,3.303417444229126
2014-02-06,31.5,77.5,2.4044830799102783
2014-02-06,31.75,76.5,0.0
2014-02-06,31.75,76.75,0.0
2014-02-06,31.75,77.0,0.9585995078086853
2014-02-06,31.75,77.25,2.907431125640869
2014-02-06,31.75,77.5,7.18027400970459
2014-02-06,32.0,76.5,0.0
2014-02-06,32.0,76.75,0.0
2014-02-06,32.0,77.0,1.820732831954956
2014-02-06,32.0,77.25,2.0161633491516113
2014-02-06,32.0,77.5,4.497826099395752
2014-02-07,31.5,76.5,26.546100616455078
2014-02-07,31.5,76.75,26.867902755737305
2014-02-07,31.5,77.0,21.533578872680664
2014-02-07,31.5,77.25,29.6317081451416
2014-02-07,31.5,77.5,25.440814971923828
2014-02-07,31.75,76.5,47.141845703125
2014-02-07,31.75,76.75,20.359603881835938
2014-02-07,31.75,77.0,40.33816146850586
2014-02-07,31.75,77.25,31.512502670288086
2014-02-07,31.75,77.5,29.88338851928711
2014-02-07,32.0,76.5,54.38163757324219
2014-02-07,32.0,76.75,53.892311096191406
2014-02-07,32.0,77.0,40.32393264770508
2014-02-07,32.0,77.25,38.29817581176758
2014-02-07,32.0,77.5,35.19404983520508
2014-02-08,31.5,76.5,8.102066040039062
2014-02-08,31.5,76.75,17.670839309692383
2014-02-08,31.5,77.0,0.3586047291755676
2014-02-08,31.5,77.25,1.6824510097503662
2014-02-08,31.5,77.5,9.128433227539062
2014-02-08,31.75,76.5,2.931694507598877
2014-02-08,31.75,76.75,13.724343299865723
2014-02-08,31.75,77.0,13.904339790344238
2014-02-08,31.75,77.25,4.405531406402588
2014-02-08,31.75,77.5,5.237302780151367
2014-02-08,32.0,76.5,8.44362735748291
2014-02-08,32.0,76.75,9.484780311584473
2014-02-08,32.0,77.0,13.475872039794922
2014-02-08,32.0,77.25,10.610549926757812
2014-02-08,32.0,77.5,7.907470226287842
2014-02-09,31.5,76.5,0.0
2014-02-09,31.5,76.75,0.0
2014-02-09,31.5,77.0,0.0
2014-02-09,31.5,77.25,0.0
2014-02-09,31.5,77.5,0.0
2014-02-09,31.75,76.5,0.8262161016464233
2014-02-09,31.75,76.75,1.250834584236145
2014-02-09,31.75,77.0,2.6129586696624756
2014-02-09,31.75,77.25,0.6110888123512268
2014-02-09,31.75,77.5,0.7077701687812805
2014-02-09,32.0,76.5,2.7589643001556396
2014-02-09,32.0,76.75,2.6380116939544678
2014-02-09,32.0,77.0,2.166013479232788
2014-02-09,32.0,77.25,1.5747710466384888
2014-02-09,32.0,77.5,1.0838501453399658
2014-02-10,31.5,76.5,0.0
2014-02-10,31.5,76.75,0.0
2014-02-10,31.5,77.0,0.0
2014-02-10,31.5,77.25,0.0
2014-02-10,31.5,77.5,0.0
2014-02-10,31.75,76.5,0.0
2014-02-10,31.75,76.75,0.1663231998682022
2014-02-10,31.75,77.0,0.14852279424667358
2014-02-10,31.75,77.25,0.0
2014-02-10,31.75,77.5,0.0
2014-02-10,32.0,76.5,0.0
2014-02-10,32.0,76.75,0.0
2014-02-10,32.0,77.0,0.0
2014-02-10,32.0,77.25,0.0
2014-02-10,32.0,77.5,0.0
2014-02-11,31.5,76.5,0.0
2014-02-11,31.5,76.75,0.0
2014-02-11,31.5,77.0,0.0
2014-02-11,31.5,77.25,0.0
2014-02-11,31.5,77.5,0.0
2014-02-11,31.75,76.5,0.2754053771495819
2014-02-11,31.75,76.75,0.0
2014-02-11,31.75,77.0,0.0
2014-02-11,31.75,77.25,0.0
2014-02-11,31.75,77.5,0.0
2014-02-11,32.0,76.5,0.5972351431846619
2014-02-11,32.0,76.75,0.654221773147583
2014-02-11,32.0,77.0,1.373685598373413
2014-02-11,32.0,77.25,1.5582906007766724
2014-02-11,32.0,77.5,1.1972410678863525
2014-02-12,31.5,76.5,0.0
2014-02-12,31.5,76.75,0.15670226514339447
2014-02-12,31.5,77.0,1.3563607931137085
2014-02-12,31.5,77.25,0.6288861632347107
2014-02-12,31.5,77.5,0.0
2014-02-12,31.75,76.5,0.8262161016464233
2014-02-12,31.75,76.75,5.0360541343688965
2014-02-12,31.75,77.0,0.9310834407806396
2014-02-12,31.75,77.25,0.0
2014-02-12,31.75,77.5,0.0
2014-02-12,32.0,76.5,2.319301128387451
2014-02-12,32.0,76.75,3.008146047592163
2014-02-12,32.0,77.0,0.6492628455162048
2014-02-12,32.0,77.25,0.14864826202392578
2014-02-12,32.0,77.5,0.0
2014-02-13,31.5,76.5,0.0
2014-02-13,31.5,76.75,0.0
2014-02-13,31.5,77.0,4.405106067657471
2014-02-13,31.5,77.25,0.7340927720069885
2014-02-13,31.5,77.5,0.0
2014-02-13,31.75,76.5,0.0
2014-02-13,31.75,76.75,0.0
2014-02-13,31.75,77.0,0.18056534230709076
2014-02-13,31.75,77.25,0.6384839415550232
2014-02-13,31.75,77.5,1.3074203729629517
2014-02-13,32.0,76.5,0.0
2014-02-13,32.0,76.75,0.0
2014-02-13,32.0,77.0,0.0
2014-02-13,32.0,77.25,0.0
2014-02-13,32.0,77.5,0.6560534834861755
2014-02-14,31.5,76.5,11.590493202209473
2014-02-14,31.5,76.75,15.578144073486328
2014-02-14,31.5,77.0,18.858322143554688
2014-02-14,31.5,77.25,11.976778984069824
2014-02-14,31.5,77.5,14.764663696289062
2014-02-14,31.75,76.5,12.877296447753906
2014-02-14,31.75,76.75,16.399658203125
2014-02-14,31.75,77.0,19.04461669921875
2014-02-14,31.75,77.25,12.948081016540527
2014-02-14,31.75,77.5,14.055262565612793
2014-02-14,32.0,76.5,20.754032135009766
2014-02-14,32.0,76.75,19.645153045654297
2014-02-14,32.0,77.0,18.956310272216797
2014-02-14,32.0,77.25,16.87308692932129
2014-02-14,32.0,77.5,16.18476104736328
2014-02-15,31.5,76.5,22.01665496826172
2014-02-15,31.5,76.75,21.861576080322266
2014-02-15,31.5,77.0,12.191152572631836
2014-02-15,31.5,77.25,31.170726776123047
2014-02-15,31.5,77.5,34.79982376098633
2014-02-15,31.75,76.5,28.48316192626953
2014-02-15,31.75,76.75,22.762836456298828
2014-02-15,31.75,77.0,23.73172950744629
2014-02-15,31.75,77.25,30.026994705200195
2014-02-15,31.75,77.5,26.640399932861328
2014-02-15,32.0,76.5,28.436811447143555
2014-02-15,32.0,76.75,25.012794494628906
2014-02-15,32.0,77.0,26.394147872924805
2014-02-15,32.0,77.25,28.4719181060791
2014-02-15,32.0,77.5,28.434425354003906
2014-02-16,31.5,76.5,2.727938652038574
2014-02-16,31.5,76.75,5.445886611938477
2014-02-16,31.5,77.0,5.175083160400391
2014-02-16,31.5,77.25,14.359576225280762
2014-02-16,31.5,77.5,18.781816482543945
2014-02-16,31.75,76.5,5.584248065948486
2014-02-16,31.75,76.75,15.528999328613281
2014-02-16,31.75,77.0,14.76014232635498
2014-02-16,31.75,77.25,13.965895652770996
2014-02-16,31.75,77.5,13.6876802444458
2014-02-16,32.0,76.5,12.150025367736816
2014-02-16,32.0,76.75,15.808465003967285
2014-02-16,32.0,77.0,15.270968437194824
2014-02-16,32.0,77.25,14.952442169189453
2014-02-16,32.0,77.5,14.051628112792969
2014-02-17,31.5,76.5,0.0
2014-02-17,31.5,76.75,0.0
2014-02-17,31.5,77.0,0.0
2014-02-17,31.5,77.25,0.0
2014-02-17,31.5,77.5,0.0
2014-02-17,31.75,76.5,2.2032430171966553
2014-02-17,31.75,76.75,0.31310978531837463
2014-02-17,31.75,77.0,0.0
2014-02-17,31.75,77.25,0.0
2014-02-17,31.75,77.5,0.0
2014-02-17,32.0,76.5,4.777881145477295
2014-02-17,32.0,76.75,5.233774185180664
2014-02-17,32.0,77.0,0.0
2014-02-17,32.0,77.25,0.0
2014-02-17,32.0,77.5,0.0
2014-02-18,31.5,76.5,0.0
2014-02-18,31.5,76.75,0.0
2014-02-18,31.5,77.0,0.0
2014-02-18,31.5,77.25,0.0
2014-02-18,31.5,77.5,0.0
2014-02-18,31.75,76.5,0.0
2014-02-18,31.75,76.75,0.0
2014-02-18,31.75,77.0,0.0
2014-02-18,31.75,77.25,0.0
2014-02-18,31.75,77.5,0.0
2014-02-18,32.0,76.5,0.0
2014-02-18,32.0,76.75,0.0
2014-02-18,32.0,77.0,0.0
2014-02-18,32.0,77.25,0.0
2014-02-18,32.0,77.5,0.0
2014-02-19,31.5,76.5,0.0
2014-02-19,31.5,76.75,0.0
2014-02-19,31.5,77.0,0.0
2014-02-19,31.5,77.25,0.0
2014-02-19,31.5,77.5,0.0
2014-02-19,31.75,76.5,0.0
2014-02-19,31.75,76.75,0.0
2014-02-19,31.75,77.0,0.0
2014-02-19,31.75,77.25,0.0
2014-02-19,31.75,77.5,0.0
2014-02-19,32.0,76.5,0.0
2014-02-19,32.0,76.75,0.0
2014-02-19,32.0,77.0,0.0
2014-02-19,32.0,77.25,0.0
2014-02-19,32.0,77.5,0.0
2014-02-20,31.5,76.5,0.0
2014-02-20,31.5,76.75,0.0
2014-02-20,31.5,77.0,0.0
2014-02-20,31.5,77.25,0.0
2014-02-20,31.5,77.5,0.0
2014-02-20,31.75,76.5,0.0
2014-02-20,31.75,76.75,0.0
2014-02-20,31.75,77.0,0.0
2014-02-20,31.75,77.25,0.0
2014-02-20,31.75,77.5,0.0
2014-02-20,32.0,76.5,0.0
2014-02-20,32.0,76.75,0.0
2014-02-20,32.0,77.0,0.0
2014-02-20,32.0,77.25,0.0
2014-02-20,32.0,77.5,0.0
2014-02-21,31.5,76.5,0.0
2014-02-21,31.5,76.75,0.0
2014-02-21,31.5,77.0,0.0
2014-02-21,31.5,77.25,0.0
2014-02-21,31.5,77.5,0.0
2014-02-21,31.75,76.5,0.0
2014-02-21,31.75,76.75,0.0
2014-02-21,31.75,77.0,0.0
2014-02-21,31.75,77.25,0.0
2014-02-21,31.75,77.5,0.0
2014-02-21,32.0,76.5,0.0
2014-02-21,32.0,76.75,0.0
2014-02-21,32.0,77.0,0.0
2014-02-21,32.0,77.25,0.0
2014-02-21,32.0,77.5,0.0
2014-02-22,31.5,76.5,3.5235540866851807
2014-02-22,31.5,76.75,1.4238890409469604
2014-02-22,31.5,77.0,0.18743743002414703
2014-02-22,31.5,77.25,5.890752792358398
2014-02-22,31.5,77.5,9.23300552368164
2014-02-22,31.75,76.5,3.941410779953003
2014-02-22,31.75,76.75,2.973351001739502
2014-02-22,31.75,77.0,1.1155314445495605
2014-02-22,31.75,77.25,5.09588623046875
2014-02-22,31.75,77.5,4.866822719573975
2014-02-22,32.0,76.5,11.051102638244629
2014-02-22,32.0,76.75,5.898479461669922
2014-02-22,32.0,77.0,6.668389320373535
2014-02-22,32.0,77.25,8.406721115112305
2014-02-22,32.0,77.5,7.930511951446533
2014-02-23,31.5,76.5,1.5697245597839355
2014-02-23,31.5,76.75,3.6205976009368896
2014-02-23,31.5,77.0,0.0
2014-02-23,31.5,77.25,1.3954356908798218
2014-02-23,31.5,77.5,2.540710687637329
2014-02-23,31.75,76.5,0.9471337795257568
2014-02-23,31.75,76.75,0.3942717909812927
2014-02-23,31.75,77.0,0.2190832495689392
2014-02-23,31.75,77.25,1.2380939722061157
2014-02-23,31.75,77.5,1.125714898109436
2014-02-23,32.0,76.5,0.8891875743865967
2014-02-23,32.0,76.75,0.0
2014-02-23,32.0,77.0,3.0401782989501953
2014-02-23,32.0,77.25,3.692615270614624
2014-02-23,32.0,77.5,3.210878372192383
2014-02-24,31.5,76.5,0.0
2014-02-24,31.5,76.75,0.0
2014-02-24,31.5,77.0,0.0
2014-02-24,31.5,77.25,0.0
2014-02-24,31.5,77.5,0.0
2014-02-24,31.75,76.5,0.0
2014-02-24,31.75,76.75,0.0
2014-02-24,31.75,77.0,0.0
2014-02-24,31.75,77.25,0.0
2014-02-24,31.75,77.5,0.0
2014-02-24,32.0,76.5,0.0
2014-02-24,32.0,76.75,0.0
2014-02-24,32.0,77.0,0.0
2014-02-24,32.0,77.25,0.0
2014-02-24,32.0,77.5,0.0
2014-02-25,31.5,76.5,0.0
2014-02-25,31.5,76.75,0.0
2014-02-25,31.5,77.0,0.0
2014-02-25,31.5,77.25,0.0
2014-02-25,31.5,77.5,0.0
2014-02-25,31.75,76.5,0.0
2014-02-25,31.75,76.75,0.0
2014-02-25,31.75,77.0,0.0
2014-02-25,31.75,77.25,0.0
2014-02-25,31.75,77.5,0.0
2014-02-25,32.0,76.5,0.0
2014-02-25,32.0,76.75,0.0
2014-02-25,32.0,77.0,0.0
2014-02-25,32.0,77.25,0.0
2014-02-25,32.0,77.5,0.0
2014-02-26,31.5,76.5,0.0
2014-02-26,31.5,76.75,0.0
2014-02-26,31.5,77.0,0.0
2014-02-26,31.5,77.25,0.0
2014-02-26,31.5,77.5,0.0
2014-02-26,31.75,76.5,0.0
2014-02-26,31.75,76.75,0.0
2014-02-26,31.75,77.0,0.0
2014-02-26,31.75,77.25,0.0
2014-02-26,31.75,77.5,0.0
2014-02-26,32.0,76.5,0.0
2014-02-26,32.0,76.75,0.0
2014-02-26,32.0,77.0,0.0
2014-02-26,32.0,77.25,0.0
2014-02-26,32.0,77.5,0.0
2014-02-27,31.5,76.5,0.9418500065803528
2014-02-27,31.5,76.75,2.44016170501709
2014-02-27,31.5,77.0,2.8301162719726562
2014-02-27,31.5,77.25,0.608290433883667
2014-02-27,31.5,77.5,0.6925376653671265
2014-02-27,31.75,76.5,0.8262161016464233
2014-02-27,31.75,76.75,4.193899631500244
2014-02-27,31.75,77.0,2.4743309020996094
2014-02-27,31.75,77.25,0.7933168411254883
2014-02-27,31.75,77.5,1.4231371879577637
2014-02-27,32.0,76.5,2.319301128387451
2014-02-27,32.0,76.75,3.0767719745635986
2014-02-27,32.0,77.0,2.349691152572632
2014-02-27,32.0,77.25,1.6911430358886719
2014-02-27,32.0,77.5,1.5150521993637085
2014-02-28,31.5,76.5,1.864605188369751
2014-02-28,31.5,76.75,1.3339043855667114
2014-02-28,31.5,77.0,0.7041821479797363
2014-02-28,31.5,77.25,6.3321213722229
2014-02-28,31.5,77.5,5.611089706420898
2014-02-28,31.75,76.5,2.424978494644165
2014-02-28,31.75,76.75,0.2626742124557495
2014-02-28,31.75,77.0,0.8763329982757568
2014-02-28,31.75,77.25,5.347947597503662
2014-02-28,31.75,77.5,4.3820953369140625
2014-02-28,32.0,76.5,2.670999050140381
2014-02-28,32.0,76.75,2.1123030185699463
2014-02-28,32.0,77.0,1.3085978031158447
2014-02-28,32.0,77.25,2.5658836364746094
2014-02-28,32.0,77.5,3.593017101287842
2014-03-01,31.5,76.5,10.44369125366211
2014-03-01,31.5,76.75,15.909748077392578
2014-03-01,31.5,77.0,2.253908634185791
2014-03-01,31.5,77.25,9.58240032196045
2014-03-01,31.5,77.5,10.360810279846191
2014-03-01,31.75,76.5,8.298060417175293
2014-03-01,31.75,76.75,15.33381175994873
2014-03-01,31.75,77.0,6.41076135635376
2014-03-01,31.75,77.25,8.687040328979492
2014-03-01,31.75,77.5,7.228107929229736
2014-03-01,32.0,76.5,12.608613014221191
2014-03-01,32.0,76.75,15.336165428161621
2014-03-01,32.0,77.0,10.617012977600098
2014-03-01,32.0,77.25,11.465843200683594
2014-03-01,32.0,77.5,10.6485595703125
2014-03-02,31.5,76.5,19.28388214111328
2014-03-02,31.5,76.75,16.387300491333008
2014-03-02,31.5,77.0,1.492104172706604
2014-03-02,31.5,77.25,7.809774875640869
2014-03-02,31.5,77.5,10.095481872558594
2014-03-02,31.75,76.5,27.359838485717773
2014-03-02,31.75,76.75,11.937840461730957
2014-03-02,31.75,77.0,8.375493049621582
2014-03-02,31.75,77.25,8.013969421386719
2014-03-02,31.75,77.5,7.44674825668335
2014-03-02,32.0,76.5,20.55327606201172
2014-03-02,32.0,76.75,12.483211517333984
2014-03-02,32.0,77.0,12.197559356689453
2014-03-02,32.0,77.25,12.503180503845215
2014-03-02,32.0,77.5,10.954946517944336
2014-03-03,31.5,76.5,4.471254348754883
2014-03-03,31.5,76.75,1.7263023853302002
2014-03-03,31.5,77.0,3.708216905593872
2014-03-03,31.5,77.25,3.299391746520996
2014-03-03,31.5,77.5,2.9924232959747314
2014-03-03,31.75,76.5,4.097176551818848
2014-03-03,31.75,76.75,1.6375652551651
2014-03-03,31.75,77.0,2.664008617401123
2014-03-03,31.75,77.25,3.1725010871887207
2014-03-03,31.75,77.5,3.484684467315674
2014-03-03,32.0,76.5,1.8284095525741577
2014-03-03,32.0,76.75,2.058408498764038
2014-03-03,32.0,77.0,4.5410847663879395
2014-03-03,32.0,77.25,4.946584701538086
2014-03-03,32.0,77.5,4.685957431793213
2014-03-04,31.5,76.5,0.0
2014-03-04,31.5,76.75,0.0
2014-03-04,31.5,77.0,0.0
2014-03-04,31.5,77.25,0.0
2014-03-04,31.5,77.5,0.0
2014-03-04,31.75,76.5,0.0
2014-03-04,31.75,76.75,0.0
2014-03-04,31.75,77.0,0.0
2014-03-04,31.75,77.25,0.0
2014-03-04,31.75,77.5,0.0
2014-03-04,32.0,76.5,0.0
2014-03-04,32.0,76.75,0.0
2014-03-04,32.0,77.0,0.0
2014-03-04,32.0,77.25,0.0
2014-03-04,32.0,77.5,0.0
2014-03-05,31.5,76.5,0.0
2014-03-05,31.5,76.75,0.0
2014-03-05,31.5,77.0,0.0
2014-03-05,31.5,77.25,1.8605810403823853
2014-03-05,31.5,77.5,1.3715589046478271
2014-03-05,31.75,76.5,0.0
2014-03-05,31.75,76.75,0.0
2014-03-05,31.75,77.0,0.4381664991378784
2014-03-05,31.75,77.25,1.6850454807281494
2014-03-05,31.75,77.5,1.2403119802474976
2014-03-05,32.0,76.5,0.0
2014-03-05,32.0,76.75,0.0
2014-03-05,32.0,77.0,3.6077229976654053
2014-03-05,32.0,77.25,4.368470668792725
2014-03-05,32.0,77.5,3.851309061050415
2014-03-06,31.5,76.5,1.173010230064392
2014-03-06,31.5,76.75,0.422873854637146
2014-03-06,31.5,77.0,3.3551619052886963
2014-03-06,31.5,77.25,7.325141906738281
2014-03-06,31.5,77.5,6.459629535675049
2014-03-06,31.75,76.5,4.0125908851623535
2014-03-06,31.75,76.75,0.4817965626716614
2014-03-06,31.75,77.0,6.007997512817383
2014-03-06,31.75,77.25,7.273285388946533
2014-03-06,31.75,77.5,7.023257732391357
2014-03-06,32.0,76.5,4.876424312591553
2014-03-06,32.0,76.75,5.647664546966553
2014-03-06,32.0,77.0,8.218720436096191
2014-03-06,32.0,77.25,8.870063781738281
2014-03-06,32.0,77.5,8.704622268676758
2014-03-07,31.5,76.5,0.0
2014-03-07,31.5,76.75,0.0
2014-03-07,31.5,77.0,0.0
2014-03-07,31.5,77.25,0.0
2014-03-07,31.5,77.5,0.0
2014-03-07,31.75,76.5,0.0
2014-03-07,31.75,76.75,0.0
2014-03-07,31.75,77.0,0.0
2014-03-07,31.75,77.25,0.0
2014-03-07,31.75,77.5,0.0
2014-03-07,32.0,76.5,0.0
2014-03-07,32.0,76.75,0.0
2014-03-07,32.0,77.0,0.0
2014-03-07,32.0,77.25,0.0
2014-03-07,32.0,77.5,0.0
2014-03-08,31.5,76.5,0.0
2014-03-08,31.5,76.75,0.0
2014-03-08,31.5,77.0,0.0
2014-03-08,31.5,77.25,0.0
2014-03-08,31.5,77.5,0.0
2014-03-08,31.75,76.5,0.0
2014-03-08,31.75,76.75,0.0
2014-03-08,31.75,77.0,0.0
2014-03-08,31.75,77.25,0.0
2014-03-08,31.75,77.5,0.0
2014-03-08,32.0,76.5,0.0
2014-03-08,32.0,76.75,0.0
2014-03-08,32.0,77.0,0.0
2014-03-08,32.0,77.25,0.0
2014-03-08,32.0,77.5,0.0
2014-03-09,31.5,76.5,0.0
2014-03-09,31.5,76.75,0.0
2014-03-09,31.5,77.0,0.0
2014-03-09,31.5,77.25,0.0
2014-03-09,31.5,77.5,0.0
2014-03-09,31.75,76.5,0.0
2014-03-09,31.75,76.75,0.0
2014-03-09,31.75,77.0,0.0
2014-03-09,31.75,77.25,0.0
2014-03-09,31.75,77.5,0.0
2014-03-09,32.0,76.5,0.0
2014-03-09,32.0,76.75,0.0
2014-03-09,32.0,77.0,0.0
2014-03-09,32.0,77.25,0.0
2014-03-09,32.0,77.5,0.0
2014-03-10,31.5,76.5,0.0
2014-03-10,31.5,76.75,0.0
2014-03-10,31.5,77.0,0.0
2014-03-10,31.5,77.25,2.170677900314331
2014-03-10,31.5,77.5,2.321108102798462
2014-03-10,31.75,76.5,0.0
2014-03-10,31.75,76.75,0.0
2014-03-10,31.75,77.0,0.2190832495689392
2014-03-10,31.75,77.25,1.8973795175552368
2014-03-10,31.75,77.5,1.3585591316223145
2014-03-10,32.0,76.5,0.9232924580574036
2014-03-10,32.0,76.75,0.0
2014-03-10,32.0,77.0,2.5593886375427246
2014-03-10,32.0,77.25,3.3237438201904297
2014-03-10,32.0,77.5,3.1380231380462646
2014-03-11,31.5,76.5,7.9480671882629395
2014-03-11,31.5,76.75,10.85991382598877
2014-03-11,31.5,77.0,21.270099639892578
2014-03-11,31.5,77.25,16.57604217529297
2014-03-11,31.5,77.5,23.073400497436523
2014-03-11,31.75,76.5,8.21516227722168
2014-03-11,31.75,76.75,12.442500114440918
2014-03-11,31.75,77.0,13.828985214233398
2014-03-11,31.75,77.25,15.45687198638916
2014-03-11,31.75,77.5,16.89376449584961
2014-03-11,32.0,76.5,12.869220733642578
2014-03-11,32.0,76.75,14.837055206298828
2014-03-11,32.0,77.0,26.0958251953125
2014-03-11,32.0,77.25,27.40261459350586
2014-03-11,32.0,77.5,23.179208755493164
2014-03-12,31.5,76.5,3.179553508758545
2014-03-12,31.5,76.75,5.808470249176025
2014-03-12,31.5,77.0,2.227897882461548
2014-03-12,31.5,77.25,3.62764573097229
2014-03-12,31.5,77.5,9.311563491821289
2014-03-12,31.75,76.5,6.637714385986328
2014-03-12,31.75,76.75,4.076646327972412
2014-03-12,31.75,77.0,8.429027557373047
2014-03-12,31.75,77.25,4.658712387084961
2014-03-12,31.75,77.5,8.480050086975098
2014-03-12,32.0,76.5,13.201766967773438
2014-03-12,32.0,76.75,9.893660545349121
2014-03-12,32.0,77.0,12.605230331420898
2014-03-12,32.0,77.25,11.820865631103516
2014-03-12,32.0,77.5,9.199312210083008
2014-03-13,31.5,76.5,1.0160351991653442
2014-03-13,31.5,76.75,0.0
2014-03-13,31.5,77.0,0.0
2014-03-13,31.5,77.25,0.0
2014-03-13,31.5,77.5,0.28838247060775757
2014-03-13,31.75,76.5,2.706913948059082
2014-03-13,31.75,76.75,0.19569362699985504
2014-03-13,31.75,77.0,2.1908323764801025
2014-03-13,31.75,77.25,0.513802170753479
2014-03-13,31.75,77.5,0.6635345220565796
2014-03-13,32.0,76.5,3.3818724155426025
2014-03-13,32.0,76.75,3.64520263671875
2014-03-13,32.0,77.0,4.095705986022949
2014-03-13,32.0,77.25,3.907339572906494
2014-03-13,32.0,77.5,2.95040225982666
2014-03-14,31.5,76.5,0.0
2014-03-14,31.5,76.75,0.0
2014-03-14,31.5,77.0,0.0
2014-03-14,31.5,77.25,0.0
2014-03-14,31.5,77.5,0.0
2014-03-14,31.75,76.5,0.0
2014-03-14,31.75,76.75,0.0
2014-03-14,31.75,77.0,0.0
2014-03-14,31.75,77.25,0.0
2014-03-14,31.75,77.5,0.0
2014-03-14,32.0,76.5,0.0
2014-03-14,32.0,76.75,0.0
2014-03-14,32.0,77.0,0.0
2014-03-14,32.0,77.25,0.0
2014-03-14,32.0,77.5,0.0
2014-03-15,31.5,76.5,0.0
2014-03-15,31.5,76.75,0.0
2014-03-15,31.5,77.0,0.0
2014-03-15,31.5,77.25,0.0
2014-03-15,31.5,77.5,0.0
2014-03-15,31.75,76.5,0.0
2014-03-15,31.75,76.75,0.0
2014-03-15,31.75,77.0,0.0
2014-03-15,31.75,77.25,0.0
2014-03-15,31.75,77.5,0.0
2014-03-15,32.0,76.5,0.0
2014-03-15,32.0,76.75,0.0
2014-03-15,32.0,77.0,0.0
2014-03-15,32.0,77.25,0.0
2014-03-15,32.0,77.5,0.0
2014-03-16,31.5,76.5,0.0
2014-03-16,31.5,76.75,0.0
2014-03-16,31.5,77.0,0.0
2014-03-16,31.5,77.25,0.0
2014-03-16,31.5,77.5,0.0
2014-03-16,31.75,76.5,0.0
2014-03-16,31.75,76.75,0.0
2014-03-16,31.75,77.0,0.0
2014-03-16,31.75,77.25,0.0
2014-03-16,31.75,77.5,0.0
2014-03-16,32.0,76.5,0.0
2014-03-16,32.0,76.75,0.0
2014-03-16,32.0,77.0,0.0
2014-03-16,32.0,77.25,0.0
2014-03-16,32.0,77.5,0.0
2014-03-17,31.5,76.5,0.0
2014-03-17,31.5,76.75,0.0
2014-03-17,31.5,77.0,0.0
2014-03-17,31.5,77.25,0.0
2014-03-17,31.5,77.5,0.0
2014-03-17,31.75,76.5,0.0
2014-03-17,31.75,76.75,0.0
2014-03-17,31.75,77.0,0.0
2014-03-17,31.75,77.25,0.0
2014-03-17,31.75,77.5,0.0
2014-03-17,32.0,76.5,0.0
2014-03-17,32.0,76.75,0.0
2014-03-17,32.0,77.0,0.0
2014-03-17,32.0,77.25,0.0
2014-03-17,32.0,77.5,0.0
2014-03-18,31.5,76.5,16.192665100097656
2014-03-18,31.5,76.75,18.532062530517578
2014-03-18,31.5,77.0,4.374837398529053
2014-03-18,31.5,77.25,21.97296905517578
2014-03-18,31.5,77.5,26.34440040588379
2014-03-18,31.75,76.5,25.49873161315918
2014-03-18,31.75,76.75,23.849233627319336
2014-03-18,31.75,77.0,30.5398006439209
2014-03-18,31.75,77.25,24.447750091552734
2014-03-18,31.75,77.5,22.562891006469727
2014-03-18,32.0,76.5,35.55422592163086
2014-03-18,32.0,76.75,40.594146728515625
2014-03-18,32.0,77.0,36.99888610839844
2014-03-18,32.0,77.25,36.12411117553711
2014-03-18,32.0,77.5,31.635398864746094
2014-03-19,31.5,76.5,2.1191625595092773
2014-03-19,31.5,76.75,5.268931865692139
2014-03-19,31.5,77.0,0.3084977865219116
2014-03-19,31.5,77.25,3.4319722652435303
2014-03-19,31.5,77.5,5.567506313323975
2014-03-19,31.75,76.5,0.2754053771495819
2014-03-19,31.75,76.75,2.9225902557373047
2014-03-19,31.75,77.0,4.61018705368042
2014-03-19,31.75,77.25,3.91172194480896
2014-03-19,31.75,77.5,3.496042251586914
2014-03-19,32.0,76.5,1.2127634286880493
2014-03-19,32.0,76.75,1.9660414457321167
2014-03-19,32.0,77.0,4.173816680908203
2014-03-19,32.0,77.25,4.0555338859558105
2014-03-19,32.0,77.5,3.6267590522766113
2014-03-20,31.5,76.5,0.0
2014-03-20,31.5,76.75,0.0
2014-03-20,31.5,77.0,0.0
2014-03-20,31.5,77.25,0.0
2014-03-20,31.5,77.5,0.0
2014-03-20,31.75,76.5,0.0
2014-03-20,31.75,76.75,0.0
2014-03-20,31.75,77.0,0.0
2014-03-20,31.75,77.25,0.0
2014-03-20,31.75,77.5,0.0
2014-03-20,32.0,76.5,0.0
2014-03-20,32.0,76.75,0.0
2014-03-20,32.0,77.0,0.0
2014-03-20,32.0,77.25,0.0
2014-03-20,32.0,77.5,0.0
2014-03-21,31.5,76.5,0.0
2014-03-21,31.5,76.75,0.0
2014-03-21,31.5,77.0,0.0
2014-03-21,31.5,77.25,0.0
2014-03-21,31.5,77.5,0.0
2014-03-21,31.75,76.5,0.0
2014-03-21,31.75,76.75,0.0
2014-03-21,31.75,77.0,0.0
2014-03-21,31.75,77.25,0.0
2014-03-21,31.75,77.5,0.0
2014-03-21,32.0,76.5,0.0
2014-03-21,32.0,76.75,0.0
2014-03-21,32.0,77.0,0.0
2014-03-21,32.0,77.25,0.0
2014-03-21,32.0,77.5,0.0
2014-03-22,31.5,76.5,0.0
2014-03-22,31.5,76.75,0.0
2014-03-22,31.5,77.0,0.0
2014-03-22,31.5,77.25,0.0
2014-03-22,31.5,77.5,0.0
2014-03-22,31.75,76.5,0.0
2014-03-22,31.75,76.75,0.0
2014-03-22,31.75,77.0,0.0
2014-03-22,31.75,77.25,0.0
2014-03-22,31.75,77.5,0.0
2014-03-22,32.0,76.5,0.0
2014-03-22,32.0,76.75,0.0
2014-03-22,32.0,77.0,0.0
2014-03-22,32.0,77.25,0.0
2014-03-22,32.0,77.5,0.0
2014-03-23,31.5,76.5,0.0
2014-03-23,31.5,76.75,0.0
2014-03-23,31.5,77.0,0.0
2014-03-23,31.5,77.25,0.0
2014-03-23,31.5,77.5,0.7209561467170715
2014-03-23,31.75,76.5,0.2754053771495819
2014-03-23,31.75,76.75,0.0
2014-03-23,31.75,77.0,2.6289987564086914
2014-03-23,31.75,77.25,0.61656254529953
2014-03-23,31.75,77.5,0.7962414026260376
2014-03-23,32.0,76.5,4.686101913452148
2014-03-23,32.0,76.75,1.103134274482727
2014-03-23,32.0,77.0,2.826845169067383
2014-03-23,32.0,77.25,2.3202056884765625
2014-03-23,32.0,77.5,1.7206761837005615
2014-03-24,31.5,76.5,4.170236110687256
2014-03-24,31.5,76.75,4.115612506866455
2014-03-24,31.5,77.0,1.0917155742645264
2014-03-24,31.5,77.25,3.014815092086792
2014-03-24,31.5,77.5,4.600936412811279
2014-03-24,31.75,76.5,5.22772741317749
2014-03-24,31.75,76.75,3.6740212440490723
2014-03-24,31.75,77.0,1.7647608518600464
2014-03-24,31.75,77.25,2.4782910346984863
2014-03-24,31.75,77.5,1.8306918144226074
2014-03-24,32.0,76.5,6.353556156158447
2014-03-24,32.0,76.75,3.5070364475250244
2014-03-24,32.0,77.0,1.2065205574035645
2014-03-24,32.0,77.25,1.2498927116394043
2014-03-24,32.0,77.5,1.5000419616699219
2014-03-25,31.5,76.5,7.096597194671631
2014-03-25,31.5,76.75,11.92224407196045
2014-03-25,31.5,77.0,3.1854469776153564
2014-03-25,31.5,77.25,14.106599807739258
2014-03-25,31.5,77.5,18.41362190246582
2014-03-25,31.75,76.5,10.33156681060791
2014-03-25,31.75,76.75,14.657020568847656
2014-03-25,31.75,77.0,20.830442428588867
2014-03-25,31.75,77.25,15.279464721679688
2014-03-25,31.75,77.5,14.925663948059082
2014-03-25,32.0,76.5,22.645706176757812
2014-03-25,32.0,76.75,21.49679183959961
2014-03-25,32.0,77.0,33.37248992919922
2014-03-25,32.0,77.25,32.99784469604492
2014-03-25,32.0,77.5,28.26423454284668
2014-03-26,31.5,76.5,0.0
2014-03-26,31.5,76.75,0.0
2014-03-26,31.5,77.0,0.9477992057800293
2014-03-26,31.5,77.25,0.4020734131336212
2014-03-26,31.5,77.5,0.0
2014-03-26,31.75,76.5,0.0
2014-03-26,31.75,76.75,0.0
2014-03-26,31.75,77.0,0.0
2014-03-26,31.75,77.25,0.0
2014-03-26,31.75,77.5,0.0
2014-03-26,32.0,76.5,0.0
2014-03-26,32.0,76.75,0.0
2014-03-26,32.0,77.0,0.5494741797447205
2014-03-26,32.0,77.25,0.62331622838974
2014-03-26,32.0,77.5,0.47889643907546997
2014-03-27,31.5,76.5,0.0
2014-03-27,31.5,76.75,0.0
2014-03-27,31.5,77.0,0.0
2014-03-27,31.5,77.25,4.362263202667236
2014-03-27,31.5,77.5,4.698554515838623
2014-03-27,31.75,76.5,1.3770267963409424
2014-03-27,31.75,76.75,0.19569362699985504
2014-03-27,31.75,77.0,4.600748062133789
2014-03-27,31.75,77.25,4.639126300811768
2014-03-27,31.75,77.5,4.094308376312256
2014-03-27,32.0,76.5,2.986175537109375
2014-03-27,32.0,76.75,4.056705474853516
2014-03-27,32.0,77.0,7.522639274597168
2014-03-27,32.0,77.25,7.935419082641602
2014-03-27,32.0,77.5,7.125375747680664
2014-03-28,31.5,76.5,2.2363548278808594
2014-03-28,31.5,76.75,3.7281734943389893
2014-03-28,31.5,77.0,1.7576789855957031
2014-03-28,31.5,77.25,7.685391902923584
2014-03-28,31.5,77.5,8.745573043823242
2014-03-28,31.75,76.5,4.2487030029296875
2014-03-28,31.75,76.75,3.5035617351531982
2014-03-28,31.75,77.0,10.281675338745117
2014-03-28,31.75,77.25,8.174118041992188
2014-03-28,31.75,77.5,7.539736747741699
2014-03-28,32.0,76.5,6.043966293334961
2014-03-28,32.0,76.75,6.2330217361450195
2014-03-28,32.0,77.0,21.60405158996582
2014-03-28,32.0,77.25,22.518159866333008
2014-03-28,32.0,77.5,18.818286895751953
2014-03-29,31.5,76.5,0.21892210841178894
2014-03-29,31.5,76.75,0.4989791512489319
2014-03-29,31.5,77.0,2.1437551975250244
2014-03-29,31.5,77.25,4.575586318969727
2014-03-29,31.5,77.5,6.638385772705078
2014-03-29,31.75,76.5,1.338404893875122
2014-03-29,31.75,76.75,0.29159435629844666
2014-03-29,31.75,77.0,2.302429676055908
2014-03-29,31.75,77.25,3.986062526702881
2014-03-29,31.75,77.5,4.665170192718506
2014-03-29,32.0,76.5,3.192004680633545
2014-03-29,32.0,76.75,3.044950246810913
2014-03-29,32.0,77.0,5.1456618309021
2014-03-29,32.0,77.25,5.92583703994751
2014-03-29,32.0,77.5,5.345122337341309
2014-03-30,31.5,76.5,0.0
2014-03-30,31.5,76.75,0.0
2014-03-30,31.5,77.0,0.0
2014-03-30,31.5,77.25,0.0
2014-03-30,31.5,77.5,0.0
2014-03-30,31.75,76.5,0.0
2014-03-30,31.75,76.75,0.0
2014-03-30,31.75,77.0,0.0
2014-03-30,31.75,77.25,0.0
2014-03-30,31.75,77.5,0.0
2014-03-30,32.0,76.5,0.0
2014-03-30,32.0,76.75,0.0
2014-03-30,32.0,77.0,0.0
2014-03-30,32.0,77.25,0.0
2014-03-30,32.0,77.5,0.0
2014-03-31,31.5,76.5,0.0
2014-03-31,31.5,76.75,0.0
2014-03-31,31.5,77.0,0.0
2014-03-31,31.5,77.25,0.0
2014-03-31,31.5,77.5,0.0
2014-03-31,31.75,76.5,0.0
2014-03-31,31.75,76.75,0.0
2014-03-31,31.75,77.0,0.0
2014-03-31,31.75,77.25,0.0
2014-03-31,31.75,77.5,0.0
2014-03-31,32.0,76.5,0.0
2014-03-31,32.0,76.75,0.0
2014-03-31,32.0,77.0,0.0
2014-03-31,32.0,77.25,0.0
2014-03-31,32.0,77.5,0.0
2014-04-01,31.5,76.5,0.0
2014-04-01,31.5,76.75,0.0
2014-04-01,31.5,77.0,0.0
2014-04-01,31.5,77.25,0.0
2014-04-01,31.5,77.5,0.0
2014-04-01,31.75,76.5,0.0
2014-04-01,31.75,76.75,0.0
2014-04-01,31.75,77.0,0.0
2014-04-01,31.75,77.25,0.0
2014-04-01,31.75,77.5,0.0
2014-04-01,32.0,76.5,0.0
2014-04-01,32.0,76.75,0.0
2014-04-01,32.0,77.0,0.0
2014-04-01,32.0,77.25,0.0
2014-04-01,32.0,77.5,0.0
2014-04-02,31.5,76.5,0.0
2014-04-02,31.5,76.75,0.0
2014-04-02,31.5,77.0,0.0
2014-04-02,31.5,77.25,0.0
2014-04-02,31.5,77.5,0.0
2014-04-02,31.75,76.5,0.0
2014-04-02,31.75,76.75,0.0
2014-04-02,31.75,77.0,0.0
2014-04-02,31.75,77.25,0.0
2014-04-02,31.75,77.5,0.0
2014-04-02,32.0,76.5,0.0
2014-04-02,32.0,76.75,0.0
2014-04-02,32.0,77.0,0.0
2014-04-02,32.0,77.25,0.0
2014-04-02,32.0,77.5,0.0
2014-04-03,31.5,76.5,2.160102367401123
2014-04-03,31.5,76.75,0.8919842839241028
2014-04-03,31.5,77.0,5.363051414489746
2014-04-03,31.5,77.25,14.606282234191895
2014-04-03,31.5,77.5,11.430150985717773
2014-04-03,31.75,76.5,2.491884231567383
2014-04-03,31.75,76.75,0.21568048000335693
2014-04-03,31.75,77.0,3.0350751876831055
2014-04-03,31.75,77.25,12.292174339294434
2014-04-03,31.75,77.5,10.17092227935791
2014-04-03,32.0,76.5,0.9049992561340332
2014-04-03,32.0,76.75,1.169573187828064
2014-04-03,32.0,77.0,6.126511096954346
2014-04-03,32.0,77.25,8.949177742004395
2014-04-03,32.0,77.5,10.48009967803955
2014-04-04,31.5,76.5,0.0
2014-04-04,31.5,76.75,0.0
2014-04-04,31.5,77.0,0.0
2014-04-04,31.5,77.25,0.0
2014-04-04,31.5,77.5,0.0
2014-04-04,31.75,76.5,0.0
2014-04-04,31.75,76.75,0.0
2014-04-04,31.75,77.0,0.0
2014-04-04,31.75,77.25,0.0
2014-04-04,31.75,77.5,0.0
2014-04-04,32.0,76.5,0.0
2014-04-04,32.0,76.75,0.0
2014-04-04,32.0,77.0,0.0
2014-04-04,32.0,77.25,0.0
2014-04-04,32.0,77.5,0.0
2014-04-05,31.5,76.5,0.0
2014-04-05,31.5,76.75,0.0
2014-04-05,31.5,77.0,0.0
2014-04-05,31.5,77.25,0.0
2014-04-05,31.5,77.5,0.0
2014-04-05,31.75,76.5,0.0
2014-04-05,31.75,76.75,0.0
2014-04-05,31.75,77.0,0.0
2014-04-05,31.75,77.25,0.0
2014-04-05,31.75,77.5,0.0
2014-04-05,32.0,76.5,0.0
2014-04-05,32.0,76.75,0.0
2014-04-05,32.0,77.0,0.0
2014-04-05,32.0,77.25,0.0
2014-04-05,32.0,77.5,0.0
2014-04-06,31.5,76.5,0.0
2014-04-06,31.5,76.75,0.0
2014-04-06,31.5,77.0,0.0
2014-04-06,31.5,77.25,0.0
2014-04-06,31.5,77.5,0.0
2014-04-06,31.75,76.5,0.0
2014-04-06,31.75,76.75,0.0
2014-04-06,31.75,77.0,0.0
2014-04-06,31.75,77.25,0.0
2014-04-06,31.75,77.5,0.0
2014-04-06,32.0,76.5,0.0
2014-04-06,32.0,76.75,0.0
2014-04-06,32.0,77.0,0.0
2014-04-06,32.0,77.25,0.0
2014-04-06,32.0,77.5,0.0
2014-04-07,31.5,76.5,1.986066222190857
2014-04-07,31.5,76.75,1.8944716453552246
2014-04-07,31.5,77.0,18.189319610595703
2014-04-07,31.5,77.25,17.936542510986328
2014-04-07,31.5,77.5,20.921350479125977
2014-04-07,31.75,76.5,1.637426495552063
2014-04-07,31.75,76.75,0.4509303569793701
2014-04-07,31.75,77.0,2.8907992839813232
2014-04-07,31.75,77.25,14.455178260803223
2014-04-07,31.75,77.5,16.333818435668945
2014-04-07,32.0,76.5,1.6122090816497803
2014-04-07,32.0,76.75,2.1425259113311768
2014-04-07,32.0,77.0,10.28293228149414
2014-04-07,32.0,77.25,14.085145950317383
2014-04-07,32.0,77.5,14.431982040405273
2014-04-08,31.5,76.5,0.8646783828735352
2014-04-08,31.5,76.75,4.907066345214844
2014-04-08,31.5,77.0,1.6695034503936768
2014-04-08,31.5,77.25,7.237548351287842
2014-04-08,31.5,77.5,14.191924095153809
2014-04-08,31.75,76.5,5.261631011962891
2014-04-08,31.75,76.75,7.014413356781006
2014-04-08,31.75,77.0,11.699188232421875
2014-04-08,31.75,77.25,8.443060874938965
2014-04-08,31.75,77.5,8.59195613861084
2014-04-08,32.0,76.5,8.074841499328613
2014-04-08,32.0,76.75,10.450949668884277
2014-04-08,32.0,77.0,19.050973892211914
2014-04-08,32.0,77.25,19.258811950683594
2014-04-08,32.0,77.5,15.908462524414062
2014-04-09,31.5,76.5,0.0
2014-04-09,31.5,76.75,0.0
2014-04-09,31.5,77.0,0.0
2014-04-09,31.5,77.25,0.0
2014-04-09,31.5,77.5,0.0
2014-04-09,31.75,76.5,0.0
2014-04-09,31.75,76.75,0.0
2014-04-09,31.75,77.0,0.0
2014-04-09,31.75,77.25,0.0
2014-04-09,31.75,77.5,0.0
2014-04-09,32.0,76.5,0.0
2014-04-09,32.0,76.75,0.0
2014-04-09,32.0,77.0,0.0
2014-04-09,32.0,77.25,0.0
2014-04-09,32.0,77.5,0.0
2014-04-10,31.5,76.5,0.0
2014-04-10,31.5,76.75,0.0
2014-04-10,31.5,77.0,0.0
2014-04-10,31.5,77.25,0.0
2014-04-10,31.5,77.5,0.0
2014-04-10,31.75,76.5,0.0
2014-04-10,31.75,76.75,0.0
2014-04-10,31.75,77.0,0.0
2014-04-10,31.75,77.25,0.0
2014-04-10,31.75,77.5,0.0
2014-04-10,32.0,76.5,0.0
2014-04-10,32.0,76.75,0.0
2014-04-10,32.0,77.0,0.0
2014-04-10,32.0,77.25,0.0
2014-04-10,32.0,77.5,0.0
2014-04-11,31.5,76.5,0.0
2014-04-11,31.5,76.75,0.0
2014-04-11,31.5,77.0,0.0
2014-04-11,31.5,77.25,0.0
2014-04-11,31.5,77.5,0.0
2014-04-11,31.75,76.5,0.0
2014-04-11,31.75,76.75,0.0
2014-04-11,31.75,77.0,0.0
2014-04-11,31.75,77.25,0.0
2014-04-11,31.75,77.5,0.0
2014-04-11,32.0,76.5,0.0
2014-04-11,32.0,76.75,0.0
2014-04-11,32.0,77.0,0.0
2014-04-11,32.0,77.25,0.0
2014-04-11,32.0,77.5,0.0
2014-04-12,31.5,76.5,0.0
2014-04-12,31.5,76.75,0.0
2014-04-12,31.5,77.0,0.0
2014-04-12,31.5,77.25,0.0
2014-04-12,31.5,77.5,0.0
2014-04-12,31.75,76.5,0.0
2014-04-12,31.75,76.75,0.0
2014-04-12,31.75,77.0,0.4082631766796112
2014-04-12,31.75,77.25,0.10805584490299225
2014-04-12,31.75,77.5,0.14855323731899261
2014-04-12,32.0,76.5,0.0
2014-04-12,32.0,76.75,0.0
2014-04-12,32.0,77.0,0.3108775317668915
2014-04-12,32.0,77.25,0.20490039885044098
2014-04-12,32.0,77.5,0.15172119438648224
2014-04-13,31.5,76.5,1.4657694101333618
2014-04-13,31.5,76.75,3.8633322715759277
2014-04-13,31.5,77.0,0.6174607872962952
2014-04-13,31.5,77.25,0.0
2014-04-13,31.5,77.5,3.1032111644744873
2014-04-13,31.75,76.5,0.0
2014-04-13,31.75,76.75,0.8412064909934998
2014-04-13,31.75,77.0,3.9822638034820557
2014-04-13,31.75,77.25,1.1536941528320312
2014-04-13,31.75,77.5,1.287461280822754
2014-04-13,32.0,76.5,0.0
2014-04-13,32.0,76.75,0.8559256196022034
2014-04-13,32.0,77.0,2.8770878314971924
2014-04-13,32.0,77.25,2.006793737411499
2014-04-13,32.0,77.5,1.5745729207992554
2014-04-14,31.5,76.5,2.0331156253814697
2014-04-14,31.5,76.75,4.096682071685791
2014-04-14,31.5,77.0,5.373382091522217
2014-04-14,31.5,77.25,5.492321491241455
2014-04-14,31.5,77.5,8.221550941467285
2014-04-14,31.75,76.5,0.8543672561645508
2014-04-14,31.75,76.75,1.1065583229064941
2014-04-14,31.75,77.0,5.021302223205566
2014-04-14,31.75,77.25,5.288736343383789
2014-04-14,31.75,77.5,7.070838928222656
2014-04-14,32.0,76.5,1.4167672395706177
2014-04-14,32.0,76.75,2.384535551071167
2014-04-14,32.0,77.0,5.031210899353027
2014-04-14,32.0,77.25,5.1069183349609375
2014-04-14,32.0,77.5,5.090981483459473
2014-04-15,31.5,76.5,0.0
2014-04-15,31.5,76.75,0.0
2014-04-15,31.5,77.0,1.7927114963531494
2014-04-15,31.5,77.25,9.019413948059082
2014-04-15,31.5,77.5,6.172015190124512
2014-04-15,31.75,76.5,0.0
2014-04-15,31.75,76.75,0.0
2014-04-15,31.75,77.0,0.23461507260799408
2014-04-15,31.75,77.25,7.399103164672852
2014-04-15,31.75,77.5,5.331806659698486
2014-04-15,32.0,76.5,0.0
2014-04-15,32.0,76.75,0.0
2014-04-15,32.0,77.0,0.0
2014-04-15,32.0,77.25,1.9065289497375488
2014-04-15,32.0,77.5,4.104091167449951
2014-04-16,31.5,76.5,0.0
2014-04-16,31.5,76.75,0.0
2014-04-16,31.5,77.0,0.0
2014-04-16,31.5,77.25,0.0
2014-04-16,31.5,77.5,0.0
2014-04-16,31.75,76.5,0.0
2014-04-16,31.75,76.75,0.0
2014-04-16,31.75,77.0,0.0
2014-04-16,31.75,77.25,0.0
2014-04-16,31.75,77.5,0.0
2014-04-16,32.0,76.5,0.0
2014-04-16,32.0,76.75,0.0
2014-04-16,32.0,77.0,0.0
2014-04-16,32.0,77.25,0.0
2014-04-16,32.0,77.5,0.0
2014-04-17,31.5,76.5,6.07234001159668
2014-04-17,31.5,76.75,16.460437774658203
2014-04-17,31.5,77.0,4.218415260314941
2014-04-17,31.5,77.25,1.6095635890960693
2014-04-17,31.5,77.5,1.2062911987304688
2014-04-17,31.75,76.5,1.7462302446365356
2014-04-17,31.75,76.75,5.6570940017700195
2014-04-17,31.75,77.0,2.913156270980835
2014-04-17,31.75,77.25,1.7930538654327393
2014-04-17,31.75,77.5,1.9735496044158936
2014-04-17,32.0,76.5,3.95297908782959
2014-04-17,32.0,76.75,4.676133632659912
2014-04-17,32.0,77.0,5.146831035614014
2014-04-17,32.0,77.25,4.880248546600342
2014-04-17,32.0,77.5,3.7358238697052
2014-04-18,31.5,76.5,1.4354783296585083
2014-04-18,31.5,76.75,3.569192409515381
2014-04-18,31.5,77.0,2.38529896736145
2014-04-18,31.5,77.25,6.045039653778076
2014-04-18,31.5,77.5,8.044156074523926
2014-04-18,31.75,76.5,0.0
2014-04-18,31.75,76.75,1.537783145904541
2014-04-18,31.75,77.0,6.3493852615356445
2014-04-18,31.75,77.25,6.307521343231201
2014-04-18,31.75,77.5,6.822335243225098
2014-04-18,32.0,76.5,0.21983154118061066
2014-04-18,32.0,76.75,1.491284966468811
2014-04-18,32.0,77.0,4.2942280769348145
2014-04-18,32.0,77.25,4.269522666931152
2014-04-18,32.0,77.5,5.005031585693359
2014-04-19,31.5,76.5,24.5745792388916
2014-04-19,31.5,76.75,27.95185661315918
2014-04-19,31.5,77.0,4.693539619445801
2014-04-19,31.5,77.25,13.642562866210938
2014-04-19,31.5,77.5,15.97385025024414
2014-04-19,31.75,76.5,24.612573623657227
2014-04-19,31.75,76.75,14.614486694335938
2014-04-19,31.75,77.0,17.129995346069336
2014-04-19,31.75,77.25,14.306666374206543
2014-04-19,31.75,77.5,12.932239532470703
2014-04-19,32.0,76.5,31.246318817138672
2014-04-19,32.0,76.75,20.915822982788086
2014-04-19,32.0,77.0,24.417036056518555
2014-04-19,32.0,77.25,24.948965072631836
2014-04-19,32.0,77.5,21.088356018066406
2014-04-20,31.5,76.5,0.8039254546165466
2014-04-20,31.5,76.75,2.356308698654175
2014-04-20,31.5,77.0,1.8340848684310913
2014-04-20,31.5,77.25,8.056778907775879
2014-04-20,31.5,77.5,6.513876438140869
2014-04-20,31.75,76.5,3.855675458908081
2014-04-20,31.75,76.75,2.283489227294922
2014-04-20,31.75,77.0,11.414534568786621
2014-04-20,31.75,77.25,9.259928703308105
2014-04-20,31.75,77.5,7.820694923400879
2014-04-20,32.0,76.5,8.361291885375977
2014-04-20,32.0,76.75,11.626923561096191
2014-04-20,32.0,77.0,9.52542781829834
2014-04-20,32.0,77.25,9.186830520629883
2014-04-20,32.0,77.5,8.20319652557373
2014-04-21,31.5,76.5,0.0
2014-04-21,31.5,76.75,0.0
2014-04-21,31.5,77.0,0.0
2014-04-21,31.5,77.25,0.0
2014-04-21,31.5,77.5,0.0
2014-04-21,31.75,76.5,0.0
2014-04-21,31.75,76.75,0.0
2014-04-21,31.75,77.0,0.0
2014-04-21,31.75,77.25,0.0
2014-04-21,31.75,77.5,0.0
2014-04-21,32.0,76.5,0.0
2014-04-21,32.0,76.75,0.0
2014-04-21,32.0,77.0,0.0
2014-04-21,32.0,77.25,0.0
2014-04-21,32.0,77.5,0.0
2014-04-22,31.5,76.5,0.0
2014-04-22,31.5,76.75,0.0
2014-04-22,31.5,77.0,0.0
2014-04-22,31.5,77.25,0.0
2014-04-22,31.5,77.5,0.0
2014-04-22,31.75,76.5,0.0
2014-04-22,31.75,76.75,0.0
2014-04-22,31.75,77.0,0.0
2014-04-22,31.75,77.25,0.0
2014-04-22,31.75,77.5,0.0
2014-04-22,32.0,76.5,0.0
2014-04-22,32.0,76.75,0.0
2014-04-22,32.0,77.0,0.0
2014-04-22,32.0,77.25,0.0
2014-04-22,32.0,77.5,0.0
2014-04-23,31.5,76.5,0.0
2014-04-23,31.5,76.75,0.22285370528697968
2014-04-23,31.5,77.0,0.1472093015909195
2014-04-23,31.5,77.25,0.0
2014-04-23,31.5,77.5,0.28838247060775757
2014-04-23,31.75,76.5,0.0
2014-04-23,31.75,76.75,6.218379020690918
2014-04-23,31.75,77.0,1.1365935802459717
2014-04-23,31.75,77.25,0.1575828343629837
2014-04-23,31.75,77.5,0.0
2014-04-23,32.0,76.5,0.0
2014-04-23,32.0,76.75,1.3673827648162842
2014-04-23,32.0,77.0,0.7315290570259094
2014-04-23,32.0,77.25,0.23099032044410706
2014-04-23,32.0,77.5,0.0
2014-04-24,31.5,76.5,0.0
2014-04-24,31.5,76.75,0.0
2014-04-24,31.5,77.0,0.0
2014-04-24,31.5,77.25,3.411065101623535
2014-04-24,31.5,77.5,2.5145246982574463
2014-04-24,31.75,76.5,0.0
2014-04-24,31.75,76.75,0.0
2014-04-24,31.75,77.0,0.5842219591140747
2014-04-24,31.75,77.25,3.037870168685913
2014-04-24,31.75,77.5,2.2075517177581787
2014-04-24,32.0,76.5,0.0
2014-04-24,32.0,76.75,0.0
2014-04-24,32.0,77.0,0.4145033657550812
2014-04-24,32.0,77.25,1.0499345064163208
2014-04-24,32.0,77.5,1.7193214893341064
2014-04-25,31.5,76.5,0.0
2014-04-25,31.5,76.75,0.0
2014-04-25,31.5,77.0,0.0
2014-04-25,31.5,77.25,0.0
2014-04-25,31.5,77.5,0.0
2014-04-25,31.75,76.5,0.0
2014-04-25,31.75,76.75,0.0
2014-04-25,31.75,77.0,0.0
2014-04-25,31.75,77.25,0.0
2014-04-25,31.75,77.5,0.0
2014-04-25,32.0,76.5,0.0
2014-04-25,32.0,76.75,0.0
2014-04-25,32.0,77.0,0.0
2014-04-25,32.0,77.25,0.0
2014-04-25,32.0,77.5,0.0
2014-04-26,31.5,76.5,0.0
2014-04-26,31.5,76.75,0.0
2014-04-26,31.5,77.0,0.0
2014-04-26,31.5,77.25,0.0
2014-04-26,31.5,77.5,0.0
2014-04-26,31.75,76.5,0.0
2014-04-26,31.75,76.75,0.0
2014-04-26,31.75,77.0,0.0
2014-04-26,31.75,77.25,0.0
2014-04-26,31.75,77.5,0.0
2014-04-26,32.0,76.5,0.0
2014-04-26,32.0,76.75,0.0
2014-04-26,32.0,77.0,0.0
2014-04-26,32.0,77.25,0.0
2014-04-26,32.0,77.5,0.0
2014-04-27,31.5,76.5,0.0
2014-04-27,31.5,76.75,0.0
2014-04-27,31.5,77.0,0.0
2014-04-27,31.5,77.25,0.0
2014-04-27,31.5,77.5,0.0
2014-04-27,31.75,76.5,0.0
2014-04-27,31.75,76.75,0.0
2014-04-27,31.75,77.0,1.1684439182281494
2014-04-27,31.75,77.25,0.27402782440185547
2014-04-27,31.75,77.5,0.35388508439064026
2014-04-27,32.0,76.5,0.0
2014-04-27,32.0,76.75,0.1995166689157486
2014-04-27,32.0,77.0,2.2026922702789307
2014-04-27,32.0,77.25,2.104691743850708
2014-04-27,32.0,77.5,1.5895111560821533
2014-04-28,31.5,76.5,0.0
2014-04-28,31.5,76.75,0.0
2014-04-28,31.5,77.0,0.0
2014-04-28,31.5,77.25,0.0
2014-04-28,31.5,77.5,0.0
2014-04-28,31.75,76.5,0.0
2014-04-28,31.75,76.75,0.0
2014-04-28,31.75,77.0,0.0
2014-04-28,31.75,77.25,0.0
2014-04-28,31.75,77.5,0.0
2014-04-28,32.0,76.5,0.0
2014-04-28,32.0,76.75,0.0
2014-04-28,32.0,77.0,0.0
2014-04-28,32.0,77.25,0.0
2014-04-28,32.0,77.5,0.0
2014-04-29,31.5,76.5,0.0
2014-04-29,31.5,76.75,0.0
2014-04-29,31.5,77.0,0.0
2014-04-29,31.5,77.25,0.0
2014-04-29,31.5,77.5,0.0
2014-04-29,31.75,76.5,0.0
2014-04-29,31.75,76.75,0.0
2014-04-29,31.75,77.0,0.0
2014-04-29,31.75,77.25,0.0
2014-04-29,31.75,77.5,0.0
2014-04-29,32.0,76.5,0.0
2014-04-29,32.0,76.75,0.0
2014-04-29,32.0,77.0,0.0
2014-04-29,32.0,77.25,0.0
2014-04-29,32.0,77.5,0.0
2014-04-30,31.5,76.5,0.0
2014-04-30,31.5,76.75,0.0
2014-04-30,31.5,77.0,0.0
2014-04-30,31.5,77.25,0.0
2014-04-30,31.5,77.5,0.0
2014-04-30,31.75,76.5,0.0
2014-04-30,31.75,76.75,0.0
2014-04-30,31.75,77.0,0.0
2014-04-30,31.75,77.25,0.0
2014-04-30,31.75,77.5,0.0
2014-04-30,32.0,76.5,0.0
2014-04-30,32.0,76.75,0.0
2014-04-30,32.0,77.0,0.0
2014-04-30,32.0,77.25,0.0
2014-04-30,32.0,77.5,0.0
2014-05-01,31.5,76.5,0.0
2014-05-01,31.5,76.75,0.0
2014-05-01,31.5,77.0,0.0
2014-05-01,31.5,77.25,0.0
2014-05-01,31.5,77.5,0.0
2014-05-01,31.75,76.5,0.0
2014-05-01,31.75,76.75,0.0
2014-05-01,31.75,77.0,0.0
2014-05-01,31.75,77.25,0.0
2014-05-01,31.75,77.5,0.0
2014-05-01,32.0,76.5,0.0
2014-05-01,32.0,76.75,0.0
2014-05-01,32.0,77.0,0.0
2014-05-01,32.0,77.25,0.0
2014-05-01,32.0,77.5,0.0
2014-05-02,31.5,76.5,0.0
2014-05-02,31.5,76.75,0.0
2014-05-02,31.5,77.0,0.0
2014-05-02,31.5,77.25,0.0
2014-05-02,31.5,77.5,0.0
2014-05-02,31.75,76.5,0.0
2014-05-02,31.75,76.75,0.0
2014-05-02,31.75,77.0,0.0
2014-05-02,31.75,77.25,0.0
2014-05-02,31.75,77.5,0.0
2014-05-02,32.0,76.5,0.0
2014-05-02,32.0,76.75,0.0
2014-05-02,32.0,77.0,0.0
2014-05-02,32.0,77.25,0.0
2014-05-02,32.0,77.5,0.0
2014-05-03,31.5,76.5,0.0
2014-05-03,31.5,76.75,0.0
2014-05-03,31.5,77.0,0.0
2014-05-03,31.5,77.25,0.0
2014-05-03,31.5,77.5,0.0
2014-05-03,31.75,76.5,0.0
2014-05-03,31.75,76.75,0.0
2014-05-03,31.75,77.0,0.0
2014-05-03,31.75,77.25,0.0
2014-05-03,31.75,77.5,0.0
2014-05-03,32.0,76.5,0.1318989396095276
2014-05-03,32.0,76.75,0.0
2014-05-03,32.0,77.0,0.0
2014-05-03,32.0,77.25,0.0
2014-05-03,32.0,77.5,0.0
2014-05-04,31.5,76.5,0.0
2014-05-04,31.5,76.75,0.0
2014-05-04,31.5,77.0,0.0
2014-05-04,31.5,77.25,0.0
2014-05-04,31.5,77.5,0.8124303221702576
2014-05-04,31.75,76.5,0.0
2014-05-04,31.75,76.75,0.0
2014-05-04,31.75,77.0,0.0
2014-05-04,31.75,77.25,0.0
2014-05-04,31.75,77.5,0.0
2014-05-04,32.0,76.5,0.1318989396095276
2014-05-04,32.0,76.75,0.0
2014-05-04,32.0,77.0,0.0
2014-05-04,32.0,77.25,0.0
2014-05-04,32.0,77.5,0.0
2014-05-05,31.5,76.5,18.51473617553711
2014-05-05,31.5,76.75,39.495941162109375
2014-05-05,31.5,77.0,15.733351707458496
2014-05-05,31.5,77.25,13.347552299499512
2014-05-05,31.5,77.5,12.10763931274414
2014-05-05,31.75,76.5,13.564850807189941
2014-05-05,31.75,76.75,22.25231170654297
2014-05-05,31.75,77.0,13.506646156311035
2014-05-05,31.75,77.25,13.189789772033691
2014-05-05,31.75,77.5,10.98249340057373
2014-05-05,32.0,76.5,8.203924179077148
2014-05-05,32.0,76.75,7.68628454208374
2014-05-05,32.0,77.0,8.657556533813477
2014-05-05,32.0,77.25,7.664666175842285
2014-05-05,32.0,77.5,9.476747512817383
2014-05-06,31.5,76.5,4.5334577560424805
2014-05-06,31.5,76.75,7.772199630737305
2014-05-06,31.5,77.0,3.0076167583465576
2014-05-06,31.5,77.25,4.264105319976807
2014-05-06,31.5,77.5,3.716891288757324
2014-05-06,31.75,76.5,2.3239939212799072
2014-05-06,31.75,76.75,3.129202365875244
2014-05-06,31.75,77.0,1.5010242462158203
2014-05-06,31.75,77.25,3.4283511638641357
2014-05-06,31.75,77.5,2.8228085041046143
2014-05-06,32.0,76.5,1.6341333389282227
2014-05-06,32.0,76.75,1.9373518228530884
2014-05-06,32.0,77.0,2.016491413116455
2014-05-06,32.0,77.25,2.457702875137329
2014-05-06,32.0,77.5,2.8411216735839844
2014-05-07,31.5,76.5,0.0
2014-05-07,31.5,76.75,0.0
2014-05-07,31.5,77.0,0.0
2014-05-07,31.5,77.25,0.0
2014-05-07,31.5,77.5,3.428140878677368
2014-05-07,31.75,76.5,7.160539627075195
2014-05-07,31.75,76.75,1.0176068544387817
2014-05-07,31.75,77.0,0.0
2014-05-07,31.75,77.25,0.0
2014-05-07,31.75,77.5,0.8945431709289551
2014-05-07,32.0,76.5,16.011743545532227
2014-05-07,32.0,76.75,17.009767532348633
2014-05-07,32.0,77.0,0.0
2014-05-07,32.0,77.25,0.0
2014-05-07,32.0,77.5,0.0
2014-05-08,31.5,76.5,0.0
2014-05-08,31.5,76.75,0.1117582842707634
2014-05-08,31.5,77.0,0.8124979734420776
2014-05-08,31.5,77.25,0.11288110166788101
2014-05-08,31.5,77.5,0.0
2014-05-08,31.75,76.5,0.0
2014-05-08,31.75,76.75,0.8316159844398499
2014-05-08,31.75,77.0,0.8879660367965698
2014-05-08,31.75,77.25,0.4344203770160675
2014-05-08,31.75,77.5,0.0
2014-05-08,32.0,76.5,0.0
2014-05-08,32.0,76.75,0.41499289870262146
2014-05-08,32.0,77.0,0.36563199758529663
2014-05-08,32.0,77.25,0.4619806408882141
2014-05-08,32.0,77.5,0.5193118453025818
2014-05-09,31.5,76.5,0.0
2014-05-09,31.5,76.75,0.0
2014-05-09,31.5,77.0,0.0
2014-05-09,31.5,77.25,0.0
2014-05-09,31.5,77.5,0.0
2014-05-09,31.75,76.5,0.0
2014-05-09,31.75,76.75,0.0
2014-05-09,31.75,77.0,0.0
2014-05-09,31.75,77.25,0.0
2014-05-09,31.75,77.5,0.0
2014-05-09,32.0,76.5,0.0
2014-05-09,32.0,76.75,0.0
2014-05-09,32.0,77.0,0.0
2014-05-09,32.0,77.25,0.0
2014-05-09,32.0,77.5,0.0
2014-05-10,31.5,76.5,0.0
2014-05-10,31.5,76.75,0.0
2014-05-10,31.5,77.0,0.630768895149231
2014-05-10,31.5,77.25,3.173497200012207
2014-05-10,31.5,77.5,2.1716349124908447
2014-05-10,31.75,76.5,0.0
2014-05-10,31.75,76.75,0.0
2014-05-10,31.75,77.0,0.0
2014-05-10,31.75,77.25,2.6033880710601807
2014-05-10,31.75,77.5,1.8760058879852295
2014-05-10,32.0,76.5,0.0
2014-05-10,32.0,76.75,0.0
2014-05-10,32.0,77.0,0.6868427991867065
2014-05-10,32.0,77.25,1.4499609470367432
2014-05-10,32.0,77.5,1.9705530405044556
2014-05-11,31.5,76.5,0.0
2014-05-11,31.5,76.75,0.0
2014-05-11,31.5,77.0,0.6971655488014221
2014-05-11,31.5,77.25,3.507549285888672
2014-05-11,31.5,77.5,2.4002280235290527
2014-05-11,31.75,76.5,0.30355653166770935
2014-05-11,31.75,76.75,0.0
2014-05-11,31.75,77.0,2.4047305583953857
2014-05-11,31.75,77.25,3.4897451400756836
2014-05-11,31.75,77.5,2.9152817726135254
2014-05-11,32.0,76.5,0.9311510920524597
2014-05-11,32.0,76.75,0.4239729642868042
2014-05-11,32.0,77.0,5.264537334442139
2014-05-11,32.0,77.25,5.876171112060547
2014-05-11,32.0,77.5,5.141046524047852
2014-05-12,31.5,76.5,16.704713821411133
2014-05-12,31.5,76.75,16.357555389404297
2014-05-12,31.5,77.0,9.46237850189209
2014-05-12,31.5,77.25,6.602838516235352
2014-05-12,31.5,77.5,4.108051300048828
2014-05-12,31.75,76.5,17.689634323120117
2014-05-12,31.75,76.75,10.580559730529785
2014-05-12,31.75,77.0,15.891539573669434
2014-05-12,31.75,77.25,8.836111068725586
2014-05-12,31.75,77.5,9.284544944763184
2014-05-12,32.0,76.5,8.277841567993164
2014-05-12,32.0,76.75,10.301962852478027
2014-05-12,32.0,77.0,17.261436462402344
2014-05-12,32.0,77.25,14.980670928955078
2014-05-12,32.0,77.5,12.394237518310547
2014-05-13,31.5,76.5,15.339139938354492
2014-05-13,31.5,76.75,20.726028442382812
2014-05-13,31.5,77.0,21.47885513305664
2014-05-13,31.5,77.25,19.550355911254883
2014-05-13,31.5,77.5,22.75798988342285
2014-05-13,31.75,76.5,20.737140655517578
2014-05-13,31.75,76.75,13.738516807556152
2014-05-13,31.75,77.0,21.222375869750977
2014-05-13,31.75,77.25,20.914566040039062
2014-05-13,31.75,77.5,21.913137435913086
2014-05-13,32.0,76.5,27.10674285888672
2014-05-13,32.0,76.75,23.80253791809082
2014-05-13,32.0,77.0,27.63471031188965
2014-05-13,32.0,77.25,28.917203903198242
2014-05-13,32.0,77.5,26.286104202270508
2014-05-14,31.5,76.5,3.977843761444092
2014-05-14,31.5,76.75,5.2612080574035645
2014-05-14,31.5,77.0,5.715325355529785
2014-05-14,31.5,77.25,1.2602885961532593
2014-05-14,31.5,77.5,4.973584175109863
2014-05-14,31.75,76.5,0.0
2014-05-14,31.75,76.75,7.393696308135986
2014-05-14,31.75,77.0,4.36078405380249
2014-05-14,31.75,77.25,1.3643907308578491
2014-05-14,31.75,77.5,5.230254173278809
2014-05-14,32.0,76.5,0.0
2014-05-14,32.0,76.75,2.018139123916626
2014-05-14,32.0,77.0,4.953395366668701
2014-05-14,32.0,77.25,3.9806270599365234
2014-05-14,32.0,77.5,2.902625322341919
2014-05-15,31.5,76.5,0.0
2014-05-15,31.5,76.75,0.0
2014-05-15,31.5,77.0,0.0
2014-05-15,31.5,77.25,0.0
2014-05-15,31.5,77.5,0.0
2014-05-15,31.75,76.5,0.0
2014-05-15,31.75,76.75,0.0
2014-05-15,31.75,77.0,0.5443509221076965
2014-05-15,31.75,77.25,0.1440744698047638
2014-05-15,31.75,77.5,0.1980709731578827
2014-05-15,32.0,76.5,0.0
2014-05-15,32.0,76.75,0.0
2014-05-15,32.0,77.0,0.4145033657550812
2014-05-15,32.0,77.25,0.27320054173469543
2014-05-15,32.0,77.5,0.20229493081569672
2014-05-16,31.5,76.5,0.0
2014-05-16,31.5,76.75,0.0
2014-05-16,31.5,77.0,0.0
2014-05-16,31.5,77.25,0.0
2014-05-16,31.5,77.5,0.0
2014-05-16,31.75,76.5,0.0
2014-05-16,31.75,76.75,0.0
2014-05-16,31.75,77.0,0.0
2014-05-16,31.75,77.25,0.0
2014-05-16,31.75,77.5,0.0
2014-05-16,32.0,76.5,0.0
2014-05-16,32.0,76.75,0.0
2014-05-16,32.0,77.0,0.0
2014-05-16,32.0,77.25,0.0
2014-05-16,32.0,77.5,0.0
2014-05-17,31.5,76.5,0.0
2014-05-17,31.5,76.75,0.0
2014-05-17,31.5,77.0,0.0
2014-05-17,31.5,77.25,0.0
2014-05-17,31.5,77.5,0.0
2014-05-17,31.75,76.5,0.0
2014-05-17,31.75,76.75,0.0
2014-05-17,31.75,77.0,0.0
2014-05-17,31.75,77.25,0.0
2014-05-17,31.75,77.5,0.0
2014-05-17,32.0,76.5,0.0
2014-05-17,32.0,76.75,0.0
2014-05-17,32.0,77.0,0.0
2014-05-17,32.0,77.25,0.0
2014-05-17,32.0,77.5,0.0
2014-05-18,31.5,76.5,0.0
2014-05-18,31.5,76.75,0.0
2014-05-18,31.5,77.0,0.1624995917081833
2014-05-18,31.5,77.25,0.0
2014-05-18,31.5,77.5,0.0
2014-05-18,31.75,76.5,0.0
2014-05-18,31.75,76.75,0.1663231998682022
2014-05-18,31.75,77.0,0.1775932013988495
2014-05-18,31.75,77.25,0.0
2014-05-18,31.75,77.5,0.0
2014-05-18,32.0,76.5,0.0
2014-05-18,32.0,76.75,0.0
2014-05-18,32.0,77.0,1.1033905744552612
2014-05-18,32.0,77.25,1.2611141204833984
2014-05-18,32.0,77.5,0.8936442136764526
2014-05-19,31.5,76.5,0.0
2014-05-19,31.5,76.75,0.0
2014-05-19,31.5,77.0,0.0
2014-05-19,31.5,77.25,0.0
2014-05-19,31.5,77.5,0.0
2014-05-19,31.75,76.5,0.0
2014-05-19,31.75,76.75,0.0
2014-05-19,31.75,77.0,0.0
2014-05-19,31.75,77.25,0.0
2014-05-19,31.75,77.5,0.0
2014-05-19,32.0,76.5,0.0
2014-05-19,32.0,76.75,0.0
2014-05-19,32.0,77.0,0.0
2014-05-19,32.0,77.25,0.0
2014-05-19,32.0,77.5,0.0
2014-05-20,31.5,76.5,0.0
2014-05-20,31.5,76.75,0.0
2014-05-20,31.5,77.0,0.0
2014-05-20,31.5,77.25,0.0
2014-05-20,31.5,77.5,0.0
2014-05-20,31.75,76.5,0.0
2014-05-20,31.75,76.75,0.0
2014-05-20,31.75,77.0,0.0
2014-05-20,31.75,77.25,0.0
2014-05-20,31.75,77.5,0.0
2014-05-20,32.0,76.5,0.0
2014-05-20,32.0,76.75,0.0
2014-05-20,32.0,77.0,0.0
2014-05-20,32.0,77.25,0.0
2014-05-20,32.0,77.5,0.0
2014-05-21,31.5,76.5,0.0
2014-05-21,31.5,76.75,0.8619714379310608
2014-05-21,31.5,77.0,5.687485694885254
2014-05-21,31.5,77.25,0.7901676893234253
2014-05-21,31.5,77.5,0.0
2014-05-21,31.75,76.5,0.0
2014-05-21,31.75,76.75,8.239049911499023
2014-05-21,31.75,77.0,8.47380256652832
2014-05-21,31.75,77.25,3.5271942615509033
2014-05-21,31.75,77.5,0.6684895157814026
2014-05-21,32.0,76.5,0.1457071751356125
2014-05-21,32.0,76.75,3.7249205112457275
2014-05-21,32.0,77.0,9.338324546813965
2014-05-21,32.0,77.25,9.999505996704102
2014-05-21,32.0,77.5,8.266837120056152
2014-05-22,31.5,76.5,0.0
2014-05-22,31.5,76.75,0.0
2014-05-22,31.5,77.0,0.0
2014-05-22,31.5,77.25,0.0
2014-05-22,31.5,77.5,0.0
2014-05-22,31.75,76.5,0.0
2014-05-22,31.75,76.75,0.0
2014-05-22,31.75,77.0,0.0
2014-05-22,31.75,77.25,0.0
2014-05-22,31.75,77.5,0.0
2014-05-22,32.0,76.5,0.0
2014-05-22,32.0,76.75,0.0
2014-05-22,32.0,77.0,0.4121056795120239
2014-05-22,32.0,77.25,0.4674871861934662
2014-05-22,32.0,77.5,0.31591272354125977
2014-05-23,31.5,76.5,0.15697501599788666
2014-05-23,31.5,76.75,0.3930051922798157
2014-05-23,31.5,77.0,1.2605931758880615
2014-05-23,31.5,77.25,0.17615213990211487
2014-05-23,31.5,77.5,0.0
2014-05-23,31.75,76.5,0.2754053771495819
2014-05-23,31.75,76.75,0.0
2014-05-23,31.75,77.0,0.0
2014-05-23,31.75,77.25,0.0
2014-05-23,31.75,77.5,0.18613870441913605
2014-05-23,32.0,76.5,1.0368982553482056
2014-05-23,32.0,76.75,0.654221773147583
2014-05-23,32.0,77.0,2.6100025177001953
2014-05-23,32.0,77.25,2.960752010345459
2014-05-23,32.0,77.5,2.0007805824279785
2014-05-24,31.5,76.5,3.0771474838256836
2014-05-24,31.5,76.75,5.168598651885986
2014-05-24,31.5,77.0,16.017393112182617
2014-05-24,31.5,77.25,13.864435195922852
2014-05-24,31.5,77.5,13.461613655090332
2014-05-24,31.75,76.5,4.820706844329834
2014-05-24,31.75,76.75,13.479170799255371
2014-05-24,31.75,77.0,19.130659103393555
2014-05-24,31.75,77.25,15.662416458129883
2014-05-24,31.75,77.5,14.66218376159668
2014-05-24,32.0,76.5,4.770664691925049
2014-05-24,32.0,76.75,10.018057823181152
2014-05-24,32.0,77.0,19.49480438232422
2014-05-24,32.0,77.25,18.95370101928711
2014-05-24,32.0,77.5,17.750526428222656
2014-05-25,31.5,76.5,0.0
2014-05-25,31.5,76.75,0.0
2014-05-25,31.5,77.0,2.4799742698669434
2014-05-25,31.5,77.25,0.35230427980422974
2014-05-25,31.5,77.5,0.3838214874267578
2014-05-25,31.75,76.5,0.0
2014-05-25,31.75,76.75,0.0
2014-05-25,31.75,77.0,0.0
2014-05-25,31.75,77.25,0.1916830837726593
2014-05-25,31.75,77.5,0.7201552391052246
2014-05-25,32.0,76.5,0.0
2014-05-25,32.0,76.75,0.0
2014-05-25,32.0,77.0,0.0
2014-05-25,32.0,77.25,0.0
2014-05-25,32.0,77.5,0.0
2014-05-26,31.5,76.5,0.2354625016450882
2014-05-26,31.5,76.75,0.6490287184715271
2014-05-26,31.5,77.0,6.312093734741211
2014-05-26,31.5,77.25,1.2173497676849365
2014-05-26,31.5,77.5,2.9163825511932373
2014-05-26,31.75,76.5,0.0
2014-05-26,31.75,76.75,0.1454150378704071
2014-05-26,31.75,77.0,2.946638584136963
2014-05-26,31.75,77.25,1.2790405750274658
2014-05-26,31.75,77.5,1.9705660343170166
2014-05-26,32.0,76.5,0.0
2014-05-26,32.0,76.75,0.5652305483818054
2014-05-26,32.0,77.0,2.2127058506011963
2014-05-26,32.0,77.25,1.4805008172988892
2014-05-26,32.0,77.5,1.113979458808899
2014-05-27,31.5,76.5,0.0
2014-05-27,31.5,76.75,0.0
2014-05-27,31.5,77.0,0.0
2014-05-27,31.5,77.25,0.0
2014-05-27,31.5,77.5,2.3396177291870117
2014-05-27,31.75,76.5,0.0
2014-05-27,31.75,76.75,0.0
2014-05-27,31.75,77.0,0.4082631766796112
2014-05-27,31.75,77.25,0.10805584490299225
2014-05-27,31.75,77.5,0.14855323731899261
2014-05-27,32.0,76.5,0.0
2014-05-27,32.0,76.75,0.0
2014-05-27,32.0,77.0,0.3108775317668915
2014-05-27,32.0,77.25,0.20490039885044098
2014-05-27,32.0,77.5,0.15172119438648224
2014-05-28,31.5,76.5,0.706387460231781
2014-05-28,31.5,76.75,1.7175413370132446
2014-05-28,31.5,77.0,0.17397689819335938
2014-05-28,31.5,77.25,0.0
2014-05-28,31.5,77.5,0.0
2014-05-28,31.75,76.5,0.0
2014-05-28,31.75,76.75,0.2699219286441803
2014-05-28,31.75,77.0,0.0
2014-05-28,31.75,77.25,0.0
2014-05-28,31.75,77.5,0.0
2014-05-28,32.0,76.5,0.0
2014-05-28,32.0,76.75,0.0
2014-05-28,32.0,77.0,0.0
2014-05-28,32.0,77.25,0.0
2014-05-28,32.0,77.5,0.0
2014-05-29,31.5,76.5,0.0
2014-05-29,31.5,76.75,0.0
2014-05-29,31.5,77.0,0.0
2014-05-29,31.5,77.25,0.0
2014-05-29,31.5,77.5,0.0
2014-05-29,31.75,76.5,0.0
2014-05-29,31.75,76.75,0.0
2014-05-29,31.75,77.0,0.0
2014-05-29,31.75,77.25,0.0
2014-05-29,31.75,77.5,0.0
2014-05-29,32.0,76.5,0.0
2014-05-29,32.0,76.75,0.0
2014-05-29,32.0,77.0,0.0
2014-05-29,32.0,77.25,0.0
2014-05-29,32.0,77.5,0.0
2014-05-30,31.5,76.5,0.0
2014-05-30,31.5,76.75,0.10677201300859451
2014-05-30,31.5,77.0,0.0
2014-05-30,31.5,77.25,0.0
2014-05-30,31.5,77.5,0.0
2014-05-30,31.75,76.5,0.5508107542991638
2014-05-30,31.75,76.75,3.0627243518829346
2014-05-30,31.75,77.0,1.682525396347046
2014-05-30,31.75,77.25,0.21897712349891663
2014-05-30,31.75,77.5,0.3792540431022644
2014-05-30,32.0,76.5,1.3703354597091675
2014-05-30,32.0,76.75,2.1294026374816895
2014-05-30,32.0,77.0,1.4564768075942993
2014-05-30,32.0,77.25,0.5015888810157776
2014-05-30,32.0,77.5,0.7877128720283508
2014-05-31,31.5,76.5,0.0
2014-05-31,31.5,76.75,0.34644514322280884
2014-05-31,31.5,77.0,1.3228554725646973
2014-05-31,31.5,77.25,2.382636070251465
2014-05-31,31.5,77.5,0.8423991799354553
2014-05-31,31.75,76.5,0.0
2014-05-31,31.75,76.75,0.0
2014-05-31,31.75,77.0,2.571347951889038
2014-05-31,31.75,77.25,2.091076374053955
2014-05-31,31.75,77.5,1.9562458992004395
2014-05-31,32.0,76.5,0.0
2014-05-31,32.0,76.75,0.6387612819671631
2014-05-31,32.0,77.0,2.5616724491119385
2014-05-31,32.0,77.25,2.4446563720703125
2014-05-31,32.0,77.5,2.240144968032837
2014-06-01,31.5,76.5,1.3342876434326172
2014-06-01,31.5,76.75,3.3097829818725586
2014-06-01,31.5,77.0,1.4151383638381958
2014-06-01,31.5,77.25,0.17615213990211487
2014-06-01,31.5,77.5,1.7180970907211304
2014-06-01,31.75,76.5,5.1981353759765625
2014-06-01,31.75,76.75,2.6024115085601807
2014-06-01,31.75,77.0,2.6982738971710205
2014-06-01,31.75,77.25,0.7081580758094788
2014-06-01,31.75,77.5,1.4089494943618774
2014-06-01,32.0,76.5,8.224567413330078
2014-06-01,32.0,76.75,1.5200562477111816
2014-06-01,32.0,77.0,1.9706729650497437
2014-06-01,32.0,77.25,1.161102294921875
2014-06-01,32.0,77.5,0.859753429889679
2014-06-02,31.5,76.5,9.218388557434082
2014-06-02,31.5,76.75,16.35985565185547
2014-06-02,31.5,77.0,3.5674538612365723
2014-06-02,31.5,77.25,10.633499145507812
2014-06-02,31.5,77.5,7.740116119384766
2014-06-02,31.75,76.5,15.206246376037598
2014-06-02,31.75,76.75,7.870096206665039
2014-06-02,31.75,77.0,11.321375846862793
2014-06-02,31.75,77.25,11.295595169067383
2014-06-02,31.75,77.5,9.53857707977295
2014-06-02,32.0,76.5,26.075727462768555
2014-06-02,32.0,76.75,15.44693374633789
2014-06-02,32.0,77.0,11.974198341369629
2014-06-02,32.0,77.25,11.840960502624512
2014-06-02,32.0,77.5,11.683537483215332
2014-06-03,31.5,76.5,0.0
2014-06-03,31.5,76.75,0.0
2014-06-03,31.5,77.0,0.0
2014-06-03,31.5,77.25,0.0
2014-06-03,31.5,77.5,0.0
2014-06-03,31.75,76.5,0.0
2014-06-03,31.75,76.75,0.0
2014-06-03,31.75,77.0,0.0
2014-06-03,31.75,77.25,0.0
2014-06-03,31.75,77.5,0.0
2014-06-03,32.0,76.5,0.0
2014-06-03,32.0,76.75,0.0
2014-06-03,32.0,77.0,0.0
2014-06-03,32.0,77.25,0.0
2014-06-03,32.0,77.5,0.0
2014-06-04,31.5,76.5,0.0
2014-06-04,31.5,76.75,0.0
2014-06-04,31.5,77.0,0.0
2014-06-04,31.5,77.25,0.0
2014-06-04,31.5,77.5,0.0
2014-06-04,31.75,76.5,0.0
2014-06-04,31.75,76.75,0.0
2014-06-04,31.75,77.0,0.0
2014-06-04,31.75,77.25,0.0
2014-06-04,31.75,77.5,0.0
2014-06-04,32.0,76.5,0.0
2014-06-04,32.0,76.75,0.0
2014-06-04,32.0,77.0,0.0
2014-06-04,32.0,77.25,0.0
2014-06-04,32.0,77.5,0.0
2014-06-05,31.5,76.5,0.0
2014-06-05,31.5,76.75,0.0
2014-06-05,31.5,77.0,0.0
2014-06-05,31.5,77.25,0.0
2014-06-05,31.5,77.5,0.0
2014-06-05,31.75,76.5,0.0
2014-06-05,31.75,76.75,0.0
2014-06-05,31.75,77.0,0.0
2014-06-05,31.75,77.25,0.0
2014-06-05,31.75,77.5,0.0
2014-06-05,32.0,76.5,0.0
2014-06-05,32.0,76.75,0.0
2014-06-05,32.0,77.0,0.0
2014-06-05,32.0,77.25,0.0
2014-06-05,32.0,77.5,0.0
2014-06-06,31.5,76.5,0.0
2014-06-06,31.5,76.75,0.0
2014-06-06,31.5,77.0,0.0
2014-06-06,31.5,77.25,0.0
2014-06-06,31.5,77.5,0.0
2014-06-06,31.75,76.5,0.0
2014-06-06,31.75,76.75,0.0
2014-06-06,31.75,77.0,0.0
2014-06-06,31.75,77.25,0.0
2014-06-06,31.75,77.5,0.0
2014-06-06,32.0,76.5,0.0
2014-06-06,32.0,76.75,0.0
2014-06-06,32.0,77.0,0.0
2014-06-06,32.0,77.25,0.0
2014-06-06,32.0,77.5,0.0
2014-06-07,31.5,76.5,0.0
2014-06-07,31.5,76.75,0.0
2014-06-07,31.5,77.0,0.0
2014-06-07,31.5,77.25,0.0
2014-06-07,31.5,77.5,0.0
2014-06-07,31.75,76.5,0.0
2014-06-07,31.75,76.75,0.0
2014-06-07,31.75,77.0,0.0
2014-06-07,31.75,77.25,0.0
2014-06-07,31.75,77.5,0.0
2014-06-07,32.0,76.5,0.0
2014-06-07,32.0,76.75,0.0
2014-06-07,32.0,77.0,0.0
2014-06-07,32.0,77.25,0.0
2014-06-07,32.0,77.5,0.0
2014-06-08,31.5,76.5,0.0
2014-06-08,31.5,76.75,0.0
2014-06-08,31.5,77.0,0.0
2014-06-08,31.5,77.25,0.0
2014-06-08,31.5,77.5,0.0
2014-06-08,31.75,76.5,0.0
2014-06-08,31.75,76.75,0.0
2014-06-08,31.75,77.0,0.0
2014-06-08,31.75,77.25,0.0
2014-06-08,31.75,77.5,0.0
2014-06-08,32.0,76.5,0.0
2014-06-08,32.0,76.75,0.0
2014-06-08,32.0,77.0,0.0
2014-06-08,32.0,77.25,0.0
2014-06-08,32.0,77.5,0.0
2014-06-09,31.5,76.5,0.0
2014-06-09,31.5,76.75,0.0
2014-06-09,31.5,77.0,0.0
2014-06-09,31.5,77.25,0.0
2014-06-09,31.5,77.5,0.0
2014-06-09,31.75,76.5,0.0
2014-06-09,31.75,76.75,0.0
2014-06-09,31.75,77.0,0.0
2014-06-09,31.75,77.25,0.0
2014-06-09,31.75,77.5,0.0
2014-06-09,32.0,76.5,0.0
2014-06-09,32.0,76.75,0.0
2014-06-09,32.0,77.0,0.0
2014-06-09,32.0,77.25,0.0
2014-06-09,32.0,77.5,0.0
2014-06-10,31.5,76.5,0.0
2014-06-10,31.5,76.75,0.0
2014-06-10,31.5,77.0,0.0
2014-06-10,31.5,77.25,0.0
2014-06-10,31.5,77.5,0.0
2014-06-10,31.75,76.5,0.0
2014-06-10,31.75,76.75,0.0
2014-06-10,31.75,77.0,0.0
2014-06-10,31.75,77.25,0.0
2014-06-10,31.75,77.5,0.0
2014-06-10,32.0,76.5,0.0
2014-06-10,32.0,76.75,0.0
2014-06-10,32.0,77.0,0.0
2014-06-10,32.0,77.25,0.0
2014-06-10,32.0,77.5,0.0
2014-06-11,31.5,76.5,0.0
2014-06-11,31.5,76.75,0.0
2014-06-11,31.5,77.0,0.0
2014-06-11,31.5,77.25,0.0
2014-06-11,31.5,77.5,0.0
2014-06-11,31.75,76.5,0.0
2014-06-11,31.75,76.75,0.0
2014-06-11,31.75,77.0,0.0
2014-06-11,31.75,77.25,0.0
2014-06-11,31.75,77.5,0.0
2014-06-11,32.0,76.5,0.0
2014-06-11,32.0,76.75,0.0
2014-06-11,32.0,77.0,0.0
2014-06-11,32.0,77.25,0.0
2014-06-11,32.0,77.5,0.0
2014-06-12,31.5,76.5,0.39243748784065247
2014-06-12,31.5,76.75,2.0634992122650146
2014-06-12,31.5,77.0,1.693972110748291
2014-06-12,31.5,77.25,4.288535118103027
2014-06-12,31.5,77.5,3.802823305130005
2014-06-12,31.75,76.5,9.017026901245117
2014-06-12,31.75,76.75,32.57303237915039
2014-06-12,31.75,77.0,9.225253105163574
2014-06-12,31.75,77.25,4.634331226348877
2014-06-12,31.75,77.5,3.864372491836548
2014-06-12,32.0,76.5,18.715845108032227
2014-06-12,32.0,76.75,26.66724967956543
2014-06-12,32.0,77.0,5.474330902099609
2014-06-12,32.0,77.25,2.8130857944488525
2014-06-12,32.0,77.5,3.5066890716552734
2014-06-13,31.5,76.5,0.0
2014-06-13,31.5,76.75,0.0
2014-06-13,31.5,77.0,0.0
2014-06-13,31.5,77.25,0.0
2014-06-13,31.5,77.5,0.0
2014-06-13,31.75,76.5,0.0
2014-06-13,31.75,76.75,0.0
2014-06-13,31.75,77.0,0.0
2014-06-13,31.75,77.25,0.0
2014-06-13,31.75,77.5,0.0
2014-06-13,32.0,76.5,0.0
2014-06-13,32.0,76.75,0.0
2014-06-13,32.0,77.0,0.0
2014-06-13,32.0,77.25,0.0
2014-06-13,32.0,77.5,0.0
2014-06-14,31.5,76.5,0.0
2014-06-14,31.5,76.75,0.0
2014-06-14,31.5,77.0,0.0
2014-06-14,31.5,77.25,0.0
2014-06-14,31.5,77.5,0.0
2014-06-14,31.75,76.5,0.0
2014-06-14,31.75,76.75,0.0
2014-06-14,31.75,77.0,0.0
2014-06-14,31.75,77.25,0.0
2014-06-14,31.75,77.5,0.0
2014-06-14,32.0,76.5,0.0
2014-06-14,32.0,76.75,0.0
2014-06-14,32.0,77.0,0.0
2014-06-14,32.0,77.25,0.0
2014-06-14,32.0,77.5,0.0
2014-06-15,31.5,76.5,3.856100559234619
2014-06-15,31.5,76.75,7.678645133972168
2014-06-15,31.5,77.0,0.41727203130722046
2014-06-15,31.5,77.25,0.0
2014-06-15,31.5,77.5,0.0
2014-06-15,31.75,76.5,2.914405345916748
2014-06-15,31.75,76.75,0.8404214978218079
2014-06-15,31.75,77.0,0.0
2014-06-15,31.75,77.25,0.0
2014-06-15,31.75,77.5,0.0
2014-06-15,32.0,76.5,1.1477679014205933
2014-06-15,32.0,76.75,0.0
2014-06-15,32.0,77.0,0.0
2014-06-15,32.0,77.25,0.0
2014-06-15,32.0,77.5,0.0
2014-06-16,31.5,76.5,8.092400550842285
2014-06-16,31.5,76.75,19.770307540893555
2014-06-16,31.5,77.0,3.614840507507324
2014-06-16,31.5,77.25,0.36121952533721924
2014-06-16,31.5,77.5,0.5848708748817444
2014-06-16,31.75,76.5,2.2259066104888916
2014-06-16,31.75,76.75,27.243061065673828
2014-06-16,31.75,77.0,6.7374138832092285
2014-06-16,31.75,77.25,1.3901453018188477
2014-06-16,31.75,77.5,0.5300996899604797
2014-06-16,32.0,76.5,3.1645143032073975
2014-06-16,32.0,76.75,8.41871166229248
2014-06-16,32.0,77.0,3.286487102508545
2014-06-16,32.0,77.25,1.4783381223678589
2014-06-16,32.0,77.5,1.6617978811264038
2014-06-17,31.5,76.5,3.709338426589966
2014-06-17,31.5,76.75,5.989198684692383
2014-06-17,31.5,77.0,2.269562244415283
2014-06-17,31.5,77.25,3.033879280090332
2014-06-17,31.5,77.5,1.8298016786575317
2014-06-17,31.75,76.5,2.1212549209594727
2014-06-17,31.75,76.75,5.158885478973389
2014-06-17,31.75,77.0,2.1925857067108154
2014-06-17,31.75,77.25,2.8372628688812256
2014-06-17,31.75,77.5,1.4810571670532227
2014-06-17,32.0,76.5,3.8613343238830566
2014-06-17,32.0,76.75,1.3545467853546143
2014-06-17,32.0,77.0,2.662665843963623
2014-06-17,32.0,77.25,3.3090198040008545
2014-06-17,32.0,77.5,3.39108943939209
2014-06-18,31.5,76.5,2.825549840927124
2014-06-18,31.5,76.75,7.8750224113464355
2014-06-18,31.5,77.0,9.710169792175293
2014-06-18,31.5,77.25,34.53861618041992
2014-06-18,31.5,77.5,23.27429962158203
2014-06-18,31.75,76.5,5.232702255249023
2014-06-18,31.75,76.75,25.151630401611328
2014-06-18,31.75,77.0,9.964570999145508
2014-06-18,31.75,77.25,29.889644622802734
2014-06-18,31.75,77.5,20.984477996826172
2014-06-18,32.0,76.5,19.349336624145508
2014-06-18,32.0,76.75,18.42972755432129
2014-06-18,32.0,77.0,7.253944396972656
2014-06-18,32.0,77.25,12.358527183532715
2014-06-18,32.0,77.5,19.683258056640625
2014-06-19,31.5,76.5,13.122791290283203
2014-06-19,31.5,76.75,16.966726303100586
2014-06-19,31.5,77.0,5.964047908782959
2014-06-19,31.5,77.25,3.9617927074432373
2014-06-19,31.5,77.5,2.642209053039551
2014-06-19,31.75,76.5,13.131101608276367
2014-06-19,31.75,76.75,8.027576446533203
2014-06-19,31.75,77.0,8.103334426879883
2014-06-19,31.75,77.25,4.948578834533691
2014-06-19,31.75,77.5,4.8524603843688965
2014-06-19,32.0,76.5,5.3065972328186035
2014-06-19,32.0,76.75,4.646271705627441
2014-06-19,32.0,77.0,6.784428596496582
2014-06-19,32.0,77.25,5.838533401489258
2014-06-19,32.0,77.5,5.4176130294799805
2014-06-20,31.5,76.5,0.13622012734413147
2014-06-20,31.5,76.75,0.13410994410514832
2014-06-20,31.5,77.0,0.9749975204467773
2014-06-20,31.5,77.25,0.13545732200145721
2014-06-20,31.5,77.5,0.0
2014-06-20,31.75,76.5,2.2032430171966553
2014-06-20,31.75,76.75,1.311048984527588
2014-06-20,31.75,77.0,1.0655592679977417
2014-06-20,31.75,77.25,0.5213044881820679
2014-06-20,31.75,77.5,0.0
2014-06-20,32.0,76.5,5.657207012176514
2014-06-20,32.0,76.75,5.731765270233154
2014-06-20,32.0,77.0,0.4387584328651428
2014-06-20,32.0,77.25,0.5543767809867859
2014-06-20,32.0,77.5,0.6231741905212402
2014-06-21,31.5,76.5,10.665562629699707
2014-06-21,31.5,76.75,10.394017219543457
2014-06-21,31.5,77.0,3.9907283782958984
2014-06-21,31.5,77.25,0.8672792911529541
2014-06-21,31.5,77.5,1.6958231925964355
2014-06-21,31.75,76.5,19.281564712524414
2014-06-21,31.75,76.75,14.57999038696289
2014-06-21,31.75,77.0,8.00477123260498
2014-06-21,31.75,77.25,2.0276670455932617
2014-06-21,31.75,77.5,2.5109870433807373
2014-06-21,32.0,76.5,22.89109992980957
2014-06-21,32.0,76.75,23.299480438232422
2014-06-21,32.0,77.0,7.352926731109619
2014-06-21,32.0,77.25,5.384767532348633
2014-06-21,32.0,77.5,4.048678874969482
2014-06-22,31.5,76.5,0.0
2014-06-22,31.5,76.75,0.0
2014-06-22,31.5,77.0,0.0
2014-06-22,31.5,77.25,0.0
2014-06-22,31.5,77.5,0.0
2014-06-22,31.75,76.5,0.0
2014-06-22,31.75,76.75,0.0
2014-06-22,31.75,77.0,0.4082631766796112
2014-06-22,31.75,77.25,0.10805584490299225
2014-06-22,31.75,77.5,0.14855323731899261
2014-06-22,32.0,76.5,0.0
2014-06-22,32.0,76.75,0.0
2014-06-22,32.0,77.0,1.6845630407333374
2014-06-22,32.0,77.25,1.7631909847259521
2014-06-22,32.0,77.5,1.204763650894165
2014-06-23,31.5,76.5,0.0
2014-06-23,31.5,76.75,0.0
2014-06-23,31.5,77.0,0.23238852620124817
2014-06-23,31.5,77.25,1.1691831350326538
2014-06-23,31.5,77.5,0.8000760078430176
2014-06-23,31.75,76.5,0.0
2014-06-23,31.75,76.75,0.0
2014-06-23,31.75,77.0,0.3025885224342346
2014-06-23,31.75,77.25,1.0311802625656128
2014-06-23,31.75,77.5,0.7901955246925354
2014-06-23,32.0,76.5,0.0
2014-06-23,32.0,76.75,0.0
2014-06-23,32.0,77.0,1.2375158071517944
2014-06-23,32.0,77.25,1.5524609088897705
2014-06-23,32.0,77.5,1.422940969467163
2014-06-24,31.5,76.5,0.0
2014-06-24,31.5,76.75,0.0
2014-06-24,31.5,77.0,0.0
2014-06-24,31.5,77.25,0.0
2014-06-24,31.5,77.5,0.0
2014-06-24,31.75,76.5,0.0
2014-06-24,31.75,76.75,0.0
2014-06-24,31.75,77.0,0.0
2014-06-24,31.75,77.25,0.0
2014-06-24,31.75,77.5,0.0
2014-06-24,32.0,76.5,0.0
2014-06-24,32.0,76.75,0.0
2014-06-24,32.0,77.0,0.0
2014-06-24,32.0,77.25,0.0
2014-06-24,32.0,77.5,0.0
2014-06-25,31.5,76.5,1.4520187377929688
2014-06-25,31.5,76.75,3.6708972454071045
2014-06-25,31.5,77.0,1.948096513748169
2014-06-25,31.5,77.25,0.4629769027233124
2014-06-25,31.5,77.5,0.5077689290046692
2014-06-25,31.75,76.5,0.0
2014-06-25,31.75,76.75,1.5481587648391724
2014-06-25,31.75,77.0,5.46187162399292
2014-06-25,31.75,77.25,1.7726863622665405
2014-06-25,31.75,77.5,1.6281193494796753
2014-06-25,32.0,76.5,0.0
2014-06-25,32.0,76.75,1.3541171550750732
2014-06-25,32.0,77.0,4.411128520965576
2014-06-25,32.0,77.25,3.543221950531006
2014-06-25,32.0,77.5,2.821343421936035
2014-06-26,31.5,76.5,17.031789779663086
2014-06-26,31.5,76.75,41.706050872802734
2014-06-26,31.5,77.0,6.563232898712158
2014-06-26,31.5,77.25,0.984618067741394
2014-06-26,31.5,77.5,0.0
2014-06-26,31.75,76.5,1.3770267963409424
2014-06-26,31.75,76.75,11.658135414123535
2014-06-26,31.75,77.0,5.464536666870117
2014-06-26,31.75,77.25,2.1248345375061035
2014-06-26,31.75,77.5,0.7060749530792236
2014-06-26,32.0,76.5,5.580187797546387
2014-06-26,32.0,76.75,5.869396686553955
2014-06-26,32.0,77.0,4.210434913635254
2014-06-26,32.0,77.25,4.030968189239502
2014-06-26,32.0,77.5,3.5574514865875244
2014-06-27,31.5,76.5,0.0
2014-06-27,31.5,76.75,0.0
2014-06-27,31.5,77.0,0.0
2014-06-27,31.5,77.25,0.0
2014-06-27,31.5,77.5,0.0
2014-06-27,31.75,76.5,0.0
2014-06-27,31.75,76.75,0.0
2014-06-27,31.75,77.0,0.0
2014-06-27,31.75,77.25,0.0
2014-06-27,31.75,77.5,0.0
2014-06-27,32.0,76.5,0.0
2014-06-27,32.0,76.75,0.0
2014-06-27,32.0,77.0,0.6868427991867065
2014-06-27,32.0,77.25,0.7791453003883362
2014-06-27,32.0,77.5,0.5265212059020996
2014-06-28,31.5,76.5,0.4709250032901764
2014-06-28,31.5,76.75,1.1375770568847656
2014-06-28,31.5,77.0,0.0
2014-06-28,31.5,77.25,0.0
2014-06-28,31.5,77.5,0.0
2014-06-28,31.75,76.5,0.0
2014-06-28,31.75,76.75,0.1245068833231926
2014-06-28,31.75,77.0,0.0
2014-06-28,31.75,77.25,0.0
2014-06-28,31.75,77.5,0.0
2014-06-28,32.0,76.5,0.0
2014-06-28,32.0,76.75,0.0
2014-06-28,32.0,77.0,0.0
2014-06-28,32.0,77.25,0.0
2014-06-28,32.0,77.5,0.0
2014-06-29,31.5,76.5,6.385350227355957
2014-06-29,31.5,76.75,14.292527198791504
2014-06-29,31.5,77.0,1.0925737619400024
2014-06-29,31.5,77.25,0.0
2014-06-29,31.5,77.5,6.3292365074157715
2014-06-29,31.75,76.5,4.795339107513428
2014-06-29,31.75,76.75,5.608831405639648
2014-06-29,31.75,77.0,1.0045068264007568
2014-06-29,31.75,77.25,0.17376816272735596
2014-06-29,31.75,77.5,3.54504132270813
2014-06-29,32.0,76.5,3.4345107078552246
2014-06-29,32.0,76.75,0.9116383194923401
2014-06-29,32.0,77.0,0.49899688363075256
2014-06-29,32.0,77.25,0.18479226529598236
2014-06-29,32.0,77.5,0.20772473514080048
2014-06-30,31.5,76.5,6.291665077209473
2014-06-30,31.5,76.75,12.78217887878418
2014-06-30,31.5,77.0,6.4059553146362305
2014-06-30,31.5,77.25,12.010339736938477
2014-06-30,31.5,77.5,7.8864641189575195
2014-06-30,31.75,76.5,0.2754053771495819
2014-06-30,31.75,76.75,1.7621119022369385
2014-06-30,31.75,77.0,0.7910600304603577
2014-06-30,31.75,77.25,9.903800964355469
2014-06-30,31.75,77.5,7.327727794647217
2014-06-30,32.0,76.5,0.861033022403717
2014-06-30,32.0,76.75,0.8451585173606873
2014-06-30,32.0,77.0,0.2498786449432373
2014-06-30,32.0,77.25,2.6892125606536865
2014-06-30,32.0,77.5,5.502414703369141
2014-07-01,31.5,76.5,9.507588386535645
2014-07-01,31.5,76.75,10.970155715942383
2014-07-01,31.5,77.0,27.485671997070312
2014-07-01,31.5,77.25,26.220821380615234
2014-07-01,31.5,77.5,19.904178619384766
2014-07-01,31.75,76.5,17.950775146484375
2014-07-01,31.75,76.75,16.5730037689209
2014-07-01,31.75,77.0,4.99055814743042
2014-07-01,31.75,77.25,21.028169631958008
2014-07-01,31.75,77.5,16.533985137939453
2014-07-01,32.0,76.5,19.027929306030273
2014-07-01,32.0,76.75,17.289226531982422
2014-07-01,32.0,77.0,3.8200652599334717
2014-07-01,32.0,77.25,7.833830833435059
2014-07-01,32.0,77.5,12.798808097839355
2014-07-02,31.5,76.5,28.537193298339844
2014-07-02,31.5,76.75,14.311614990234375
2014-07-02,31.5,77.0,23.483070373535156
2014-07-02,31.5,77.25,13.856111526489258
2014-07-02,31.5,77.5,11.6118803024292
2014-07-02,31.75,76.5,19.29920196533203
2014-07-02,31.75,76.75,31.539615631103516
2014-07-02,31.75,77.0,12.43900203704834
2014-07-02,31.75,77.25,12.92329216003418
2014-07-02,31.75,77.5,9.556769371032715
2014-07-02,32.0,76.5,23.225021362304688
2014-07-02,32.0,76.75,30.604663848876953
2014-07-02,32.0,77.0,9.332669258117676
2014-07-02,32.0,77.25,9.3896484375
2014-07-02,32.0,77.5,10.827601432800293
2014-07-03,31.5,76.5,3.1638343334198
2014-07-03,31.5,76.75,6.412992477416992
2014-07-03,31.5,77.0,6.284934997558594
2014-07-03,31.5,77.25,14.775723457336426
2014-07-03,31.5,77.5,15.465875625610352
2014-07-03,31.75,76.5,6.302544593811035
2014-07-03,31.75,76.75,5.2705078125
2014-07-03,31.75,77.0,8.066964149475098
2014-07-03,31.75,77.25,13.543702125549316
2014-07-03,31.75,77.5,14.009637832641602
2014-07-03,32.0,76.5,6.848416805267334
2014-07-03,32.0,76.75,4.229020595550537
2014-07-03,32.0,77.0,10.599922180175781
2014-07-03,32.0,77.25,12.31393051147461
2014-07-03,32.0,77.5,13.01282024383545
2014-07-04,31.5,76.5,0.8633624911308289
2014-07-04,31.5,76.75,2.1526129245758057
2014-07-04,31.5,77.0,1.3145966529846191
2014-07-04,31.5,77.25,3.6587913036346436
2014-07-04,31.5,77.5,5.383072853088379
2014-07-04,31.75,76.5,0.13354623317718506
2014-07-04,31.75,76.75,0.7272322177886963
2014-07-04,31.75,77.0,0.6261911392211914
2014-07-04,31.75,77.25,3.2065916061401367
2014-07-04,31.75,77.5,2.9676952362060547
2014-07-04,32.0,76.5,0.0
2014-07-04,32.0,76.75,0.24899573624134064
2014-07-04,32.0,77.0,0.2193792164325714
2014-07-04,32.0,77.25,1.0362694263458252
2014-07-04,32.0,77.5,1.9456233978271484
2014-07-05,31.5,76.5,0.5348971486091614
2014-07-05,31.5,76.75,0.9246828556060791
2014-07-05,31.5,77.0,0.9195052981376648
2014-07-05,31.5,77.25,0.12416921555995941
2014-07-05,31.5,77.5,2.4125924110412598
2014-07-05,31.75,76.5,4.023565769195557
2014-07-05,31.75,76.75,11.422723770141602
2014-07-05,31.75,77.0,2.7082836627960205
2014-07-05,31.75,77.25,0.4778624475002289
2014-07-05,31.75,77.5,2.1866610050201416
2014-07-05,32.0,76.5,7.76405668258667
2014-07-05,32.0,76.75,10.949750900268555
2014-07-05,32.0,77.0,2.029688835144043
2014-07-05,32.0,77.25,1.2873239517211914
2014-07-05,32.0,77.5,1.097764253616333
2014-07-06,31.5,76.5,1.7718793153762817
2014-07-06,31.5,76.75,0.23429948091506958
2014-07-06,31.5,77.0,0.3353022038936615
2014-07-06,31.5,77.25,0.0
2014-07-06,31.5,77.5,0.0
2014-07-06,31.75,76.5,2.767289400100708
2014-07-06,31.75,76.75,0.431674987077713
2014-07-06,31.75,77.0,0.355186402797699
2014-07-06,31.75,77.25,0.17376816272735596
2014-07-06,31.75,77.5,0.0
2014-07-06,32.0,76.5,1.9418975114822388
2014-07-06,32.0,76.75,1.4744408130645752
2014-07-06,32.0,77.0,0.1462528109550476
2014-07-06,32.0,77.25,0.18479226529598236
2014-07-06,32.0,77.5,0.20772473514080048
2014-07-07,31.5,76.5,0.0
2014-07-07,31.5,76.75,0.0
2014-07-07,31.5,77.0,0.0
2014-07-07,31.5,77.25,0.0
2014-07-07,31.5,77.5,0.0
2014-07-07,31.75,76.5,0.0
2014-07-07,31.75,76.75,0.0
2014-07-07,31.75,77.0,0.0
2014-07-07,31.75,77.25,0.0
2014-07-07,31.75,77.5,0.0
2014-07-07,32.0,76.5,0.0
2014-07-07,32.0,76.75,0.0
2014-07-07,32.0,77.0,1.030264139175415
2014-07-07,32.0,77.25,1.1687179803848267
2014-07-07,32.0,77.5,0.7897818088531494
2014-07-08,31.5,76.5,0.0
2014-07-08,31.5,76.75,0.0
2014-07-08,31.5,77.0,0.0
2014-07-08,31.5,77.25,0.0
2014-07-08,31.5,77.5,0.0
2014-07-08,31.75,76.5,0.0
2014-07-08,31.75,76.75,0.0
2014-07-08,31.75,77.0,0.0
2014-07-08,31.75,77.25,0.0
2014-07-08,31.75,77.5,0.0
2014-07-08,32.0,76.5,1.7586523294448853
2014-07-08,32.0,76.75,0.0
2014-07-08,32.0,77.0,0.0
2014-07-08,32.0,77.25,0.0
2014-07-08,32.0,77.5,0.0
2014-07-09,31.5,76.5,4.053402900695801
2014-07-09,31.5,76.75,1.0932420492172241
2014-07-09,31.5,77.0,0.2140146642923355
2014-07-09,31.5,77.25,0.0
2014-07-09,31.5,77.5,0.0
2014-07-09,31.75,76.5,7.61212682723999
2014-07-09,31.75,76.75,4.039442539215088
2014-07-09,31.75,77.0,1.7795276641845703
2014-07-09,31.75,77.25,0.3390143811702728
2014-07-09,31.75,77.5,0.3466241955757141
2014-07-09,32.0,76.5,5.9824113845825195
2014-07-09,32.0,76.75,1.6574387550354004
2014-07-09,32.0,77.0,1.1512514352798462
2014-07-09,32.0,77.25,0.5704970359802246
2014-07-09,32.0,77.5,0.457878440618515
2014-07-10,31.5,76.5,1.6874812841415405
2014-07-10,31.5,76.75,4.495120525360107
2014-07-10,31.5,77.0,0.22151480615139008
2014-07-10,31.5,77.25,0.0
2014-07-10,31.5,77.5,0.0
2014-07-10,31.75,76.5,1.3437751531600952
2014-07-10,31.75,76.75,13.19568157196045
2014-07-10,31.75,77.0,2.2124991416931152
2014-07-10,31.75,77.25,0.0
2014-07-10,31.75,77.5,0.0
2014-07-10,32.0,76.5,3.5429775714874268
2014-07-10,32.0,76.75,3.194924831390381
2014-07-10,32.0,77.0,1.201942801475525
2014-07-10,32.0,77.25,0.0
2014-07-10,32.0,77.5,0.0
2014-07-11,31.5,76.5,0.0
2014-07-11,31.5,76.75,0.0
2014-07-11,31.5,77.0,0.0
2014-07-11,31.5,77.25,0.0
2014-07-11,31.5,77.5,0.0
2014-07-11,31.75,76.5,0.2367834448814392
2014-07-11,31.75,76.75,0.0
2014-07-11,31.75,77.0,0.0
2014-07-11,31.75,77.25,0.0
2014-07-11,31.75,77.5,0.0
2014-07-11,32.0,76.5,0.1343642771244049
2014-07-11,32.0,76.75,0.0
2014-07-11,32.0,77.0,0.0
2014-07-11,32.0,77.25,0.0
2014-07-11,32.0,77.5,0.0
2014-07-12,31.5,76.5,3.7233498096466064
2014-07-12,31.5,76.75,0.0
2014-07-12,31.5,77.0,0.0
2014-07-12,31.5,77.25,0.0
2014-07-12,31.5,77.5,0.0
2014-07-12,31.75,76.5,1.1016215085983276
2014-07-12,31.75,76.75,0.15655489265918732
2014-07-12,31.75,77.0,0.0
2014-07-12,31.75,77.25,0.0
2014-07-12,31.75,77.5,0.0
2014-07-12,32.0,76.5,2.842411994934082
2014-07-12,32.0,76.75,2.616887092590332
2014-07-12,32.0,77.0,0.0
2014-07-12,32.0,77.25,0.0
2014-07-12,32.0,77.5,0.0
2014-07-13,31.5,76.5,0.0
2014-07-13,31.5,76.75,0.22269126772880554
2014-07-13,31.5,77.0,4.938708305358887
2014-07-13,31.5,77.25,0.6977781057357788
2014-07-13,31.5,77.5,0.0
2014-07-13,31.75,76.5,7.4359450340271
2014-07-13,31.75,76.75,10.021728515625
2014-07-13,31.75,77.0,1.5038292407989502
2014-07-13,31.75,77.25,0.9391552209854126
2014-07-13,31.75,77.5,0.5584161281585693
2014-07-13,32.0,76.5,46.462100982666016
2014-07-13,32.0,76.75,18.681705474853516
2014-07-13,32.0,77.0,1.9650088548660278
2014-07-13,32.0,77.25,0.6929709911346436
2014-07-13,32.0,77.5,0.7789677381515503
2014-07-14,31.5,76.5,60.463748931884766
2014-07-14,31.5,76.75,29.41933822631836
2014-07-14,31.5,77.0,18.63810920715332
2014-07-14,31.5,77.25,2.5224366188049316
2014-07-14,31.5,77.5,0.21932660043239594
2014-07-14,31.75,76.5,88.73824310302734
2014-07-14,31.75,76.75,13.008435249328613
2014-07-14,31.75,77.0,4.896759033203125
2014-07-14,31.75,77.25,3.178438186645508
2014-07-14,31.75,77.5,2.1532437801361084
2014-07-14,32.0,76.5,61.00626754760742
2014-07-14,32.0,76.75,54.28319549560547
2014-07-14,32.0,77.0,2.419808864593506
2014-07-14,32.0,77.25,2.6994760036468506
2014-07-14,32.0,77.5,2.8598198890686035
2014-07-15,31.5,76.5,0.5163317322731018
2014-07-15,31.5,76.75,1.2029699087142944
2014-07-15,31.5,77.0,0.6375511288642883
2014-07-15,31.5,77.25,1.704126000404358
2014-07-15,31.5,77.5,1.1429657936096191
2014-07-15,31.75,76.5,16.524322509765625
2014-07-15,31.75,76.75,3.689410448074341
2014-07-15,31.75,77.0,0.478179395198822
2014-07-15,31.75,77.25,1.5005303621292114
2014-07-15,31.75,77.5,0.9873715043067932
2014-07-15,32.0,76.5,44.61101531982422
2014-07-15,32.0,76.75,39.57111740112305
2014-07-15,32.0,77.0,1.094037413597107
2014-07-15,32.0,77.25,1.5045440196990967
2014-07-15,32.0,77.5,1.6002880334854126
2014-07-16,31.5,76.5,19.490819931030273
2014-07-16,31.5,76.75,38.00688934326172
2014-07-16,31.5,77.0,31.23052215576172
2014-07-16,31.5,77.25,7.809291362762451
2014-07-16,31.5,77.5,4.365965843200684
2014-07-16,31.75,76.5,33.0477180480957
2014-07-16,31.75,76.75,79.59809875488281
2014-07-16,31.75,77.0,35.22724914550781
2014-07-16,31.75,77.25,14.006525993347168
2014-07-16,31.75,77.5,8.633944511413574
2014-07-16,32.0,76.5,73.24688720703125
2014-07-16,32.0,76.75,67.17413330078125
2014-07-16,32.0,77.0,25.60994529724121
2014-07-16,32.0,77.25,21.019432067871094
2014-07-16,32.0,77.5,19.232114791870117
2014-07-17,31.5,76.5,8.357619285583496
2014-07-17,31.5,76.75,6.651240825653076
2014-07-17,31.5,77.0,11.225374221801758
2014-07-17,31.5,77.25,10.902541160583496
2014-07-17,31.5,77.5,6.734447479248047
2014-07-17,31.75,76.5,15.923003196716309
2014-07-17,31.75,76.75,15.26050853729248
2014-07-17,31.75,77.0,7.867429733276367
2014-07-17,31.75,77.25,10.338654518127441
2014-07-17,31.75,77.5,7.790687561035156
2014-07-17,32.0,76.5,19.182552337646484
2014-07-17,32.0,76.75,9.984708786010742
2014-07-17,32.0,77.0,5.606168746948242
2014-07-17,32.0,77.25,6.077330589294434
2014-07-17,32.0,77.5,7.7398681640625
2014-07-18,31.5,76.5,21.658842086791992
2014-07-18,31.5,76.75,25.410879135131836
2014-07-18,31.5,77.0,17.12766456604004
2014-07-18,31.5,77.25,18.712921142578125
2014-07-18,31.5,77.5,27.159744262695312
2014-07-18,31.75,76.5,8.250656127929688
2014-07-18,31.75,76.75,12.085343360900879
2014-07-18,31.75,77.0,6.978309154510498
2014-07-18,31.75,77.25,15.933082580566406
2014-07-18,31.75,77.5,20.921907424926758
2014-07-18,32.0,76.5,1.5950976610183716
2014-07-18,32.0,76.75,4.261431694030762
2014-07-18,32.0,77.0,5.331786632537842
2014-07-18,32.0,77.25,7.396361351013184
2014-07-18,32.0,77.5,10.553571701049805
2014-07-19,31.5,76.5,17.950517654418945
2014-07-19,31.5,76.75,38.708831787109375
2014-07-19,31.5,77.0,38.602699279785156
2014-07-19,31.5,77.25,37.10294723510742
2014-07-19,31.5,77.5,32.43317413330078
2014-07-19,31.75,76.5,16.308279037475586
2014-07-19,31.75,76.75,15.421210289001465
2014-07-19,31.75,77.0,24.796911239624023
2014-07-19,31.75,77.25,35.38064193725586
2014-07-19,31.75,77.5,32.21021270751953
2014-07-19,32.0,76.5,14.959136962890625
2014-07-19,32.0,76.75,16.255022048950195
2014-07-19,32.0,77.0,17.79012107849121
2014-07-19,32.0,77.25,19.87952995300293
2014-07-19,32.0,77.5,25.096025466918945
2014-07-20,31.5,76.5,5.593388080596924
2014-07-20,31.5,76.75,2.3221867084503174
2014-07-20,31.5,77.0,13.437233924865723
2014-07-20,31.5,77.25,29.54014015197754
2014-07-20,31.5,77.5,34.223358154296875
2014-07-20,31.75,76.5,7.952852249145508
2014-07-20,31.75,76.75,4.240653991699219
2014-07-20,31.75,77.0,5.624457359313965
2014-07-20,31.75,77.25,24.44516944885254
2014-07-20,31.75,77.5,22.8367919921875
2014-07-20,32.0,76.5,11.446313858032227
2014-07-20,32.0,76.75,11.992043495178223
2014-07-20,32.0,77.0,8.96359634399414
2014-07-20,32.0,77.25,14.270360946655273
2014-07-20,32.0,77.5,18.478742599487305
2014-07-21,31.5,76.5,2.9799227714538574
2014-07-21,31.5,76.75,0.12431588023900986
2014-07-21,31.5,77.0,11.159883499145508
2014-07-21,31.5,77.25,1.910670280456543
2014-07-21,31.5,77.5,5.640688896179199
2014-07-21,31.75,76.5,0.44329574704170227
2014-07-21,31.75,76.75,0.0
2014-07-21,31.75,77.0,0.0
2014-07-21,31.75,77.25,0.8625738620758057
2014-07-21,31.75,77.5,2.934234857559204
2014-07-21,32.0,76.5,1.8465849161148071
2014-07-21,32.0,76.75,0.0
2014-07-21,32.0,77.0,0.0
2014-07-21,32.0,77.25,0.0
2014-07-21,32.0,77.5,0.0
2014-07-22,31.5,76.5,0.706387460231781
2014-07-22,31.5,76.75,1.9807475805282593
2014-07-22,31.5,77.0,10.01262378692627
2014-07-22,31.5,77.25,1.409217119216919
2014-07-22,31.5,77.5,0.20104937255382538
2014-07-22,31.75,76.5,0.0
2014-07-22,31.75,76.75,5.160392761230469
2014-07-22,31.75,77.0,0.8657605051994324
2014-07-22,31.75,77.25,0.7667323350906372
2014-07-22,31.75,77.5,1.6713312864303589
2014-07-22,32.0,76.5,0.0
2014-07-22,32.0,76.75,0.9941881895065308
2014-07-22,32.0,77.0,0.47032544016838074
2014-07-22,32.0,77.25,0.0
2014-07-22,32.0,77.5,0.0
2014-07-23,31.5,76.5,4.940720081329346
2014-07-23,31.5,76.75,0.1387563943862915
2014-07-23,31.5,77.0,7.8461713790893555
2014-07-23,31.5,77.25,1.3302205801010132
2014-07-23,31.5,77.5,1.4217530488967896
2014-07-23,31.75,76.5,3.933746337890625
2014-07-23,31.75,76.75,0.5332241654396057
2014-07-23,31.75,77.0,0.4439830183982849
2014-07-23,31.75,77.25,0.7922593951225281
2014-07-23,31.75,77.5,1.1168322563171387
2014-07-23,32.0,76.5,6.540067195892334
2014-07-23,32.0,76.75,2.170161724090576
2014-07-23,32.0,77.0,0.18281599879264832
2014-07-23,32.0,77.25,0.23099032044410706
2014-07-23,32.0,77.5,0.2596559226512909
2014-07-24,31.5,76.5,16.802614212036133
2014-07-24,31.5,76.75,26.47825813293457
2014-07-24,31.5,77.0,12.186898231506348
2014-07-24,31.5,77.25,10.697550773620605
2014-07-24,31.5,77.5,13.532257080078125
2014-07-24,31.75,76.5,34.59171676635742
2014-07-24,31.75,76.75,30.199787139892578
2014-07-24,31.75,77.0,8.526517868041992
2014-07-24,31.75,77.25,9.672961235046387
2014-07-24,31.75,77.5,7.594162940979004
2014-07-24,32.0,76.5,51.37131881713867
2014-07-24,32.0,76.75,40.292083740234375
2014-07-24,32.0,77.0,5.528238773345947
2014-07-24,32.0,77.25,5.739877700805664
2014-07-24,32.0,77.5,7.529040336608887
2014-07-25,31.5,76.5,10.475577354431152
2014-07-25,31.5,76.75,9.466540336608887
2014-07-25,31.5,77.0,0.6724987030029297
2014-07-25,31.5,77.25,0.6189611554145813
2014-07-25,31.5,77.5,3.3821115493774414
2014-07-25,31.75,76.5,8.472987174987793
2014-07-25,31.75,76.75,3.420064687728882
2014-07-25,31.75,77.0,0.49022895097732544
2014-07-25,31.75,77.25,0.0
2014-07-25,31.75,77.5,0.0
2014-07-25,32.0,76.5,9.645342826843262
2014-07-25,32.0,76.75,7.638450622558594
2014-07-25,32.0,77.0,1.6166516542434692
2014-07-25,32.0,77.25,1.6506867408752441
2014-07-25,32.0,77.5,1.1569048166275024
2014-07-26,31.5,76.5,1.491262435913086
2014-07-26,31.5,76.75,4.376808166503906
2014-07-26,31.5,77.0,11.526905059814453
2014-07-26,31.5,77.25,2.362379312515259
2014-07-26,31.5,77.5,3.158867120742798
2014-07-26,31.75,76.5,4.053836822509766
2014-07-26,31.75,76.75,14.863571166992188
2014-07-26,31.75,77.0,4.288120746612549
2014-07-26,31.75,77.25,1.8048624992370605
2014-07-26,31.75,77.5,1.3960403203964233
2014-07-26,32.0,76.5,10.128089904785156
2014-07-26,32.0,76.75,11.91737174987793
2014-07-26,32.0,77.0,2.037635326385498
2014-07-26,32.0,77.25,1.154951572418213
2014-07-26,32.0,77.5,1.2982795238494873
2014-07-27,31.5,76.5,1.508777141571045
2014-07-27,31.5,76.75,5.342995643615723
2014-07-27,31.5,77.0,14.807276725769043
2014-07-27,31.5,77.25,17.31748390197754
2014-07-27,31.5,77.5,26.089197158813477
2014-07-27,31.75,76.5,4.3187713623046875
2014-07-27,31.75,76.75,37.56558609008789
2014-07-27,31.75,77.0,19.724519729614258
2014-07-27,31.75,77.25,18.077360153198242
2014-07-27,31.75,77.5,18.46897315979004
2014-07-27,32.0,76.5,8.074419975280762
2014-07-27,32.0,76.75,18.302343368530273
2014-07-27,32.0,77.0,16.63101577758789
2014-07-27,32.0,77.25,16.170530319213867
2014-07-27,32.0,77.5,17.352373123168945
2014-07-28,31.5,76.5,28.282968521118164
2014-07-28,31.5,76.75,30.863258361816406
2014-07-28,31.5,77.0,20.660730361938477
2014-07-28,31.5,77.25,5.888139247894287
2014-07-28,31.5,77.5,14.587761878967285
2014-07-28,31.75,76.5,28.190237045288086
2014-07-28,31.75,76.75,36.94833755493164
2014-07-28,31.75,77.0,12.737266540527344
2014-07-28,31.75,77.25,6.620452404022217
2014-07-28,31.75,77.5,12.212799072265625
2014-07-28,32.0,76.5,17.78103256225586
2014-07-28,32.0,76.75,13.849140167236328
2014-07-28,32.0,77.0,7.454078197479248
2014-07-28,32.0,77.25,5.424399375915527
2014-07-28,32.0,77.5,5.872113227844238
2014-07-29,31.5,76.5,3.9057857990264893
2014-07-29,31.5,76.75,3.7828168869018555
2014-07-29,31.5,77.0,6.110411643981934
2014-07-29,31.5,77.25,6.4108452796936035
2014-07-29,31.5,77.5,7.0283050537109375
2014-07-29,31.75,76.5,15.179342269897461
2014-07-29,31.75,76.75,5.462367534637451
2014-07-29,31.75,77.0,12.882164001464844
2014-07-29,31.75,77.25,8.215883255004883
2014-07-29,31.75,77.5,7.7537007331848145
2014-07-29,32.0,76.5,44.489559173583984
2014-07-29,32.0,76.75,29.251914978027344
2014-07-29,32.0,77.0,25.320293426513672
2014-07-29,32.0,77.25,25.652942657470703
2014-07-29,32.0,77.5,19.654096603393555
2014-07-30,31.5,76.5,17.8345947265625
2014-07-30,31.5,76.75,2.2277495861053467
2014-07-30,31.5,77.0,6.84832763671875
2014-07-30,31.5,77.25,12.721328735351562
2014-07-30,31.5,77.5,9.897502899169922
2014-07-30,31.75,76.5,37.89292526245117
2014-07-30,31.75,76.75,10.927437782287598
2014-07-30,31.75,77.0,5.036778450012207
2014-07-30,31.75,77.25,11.503026008605957
2014-07-30,31.75,77.5,8.249444007873535
2014-07-30,32.0,76.5,27.99473762512207
2014-07-30,32.0,76.75,30.12971305847168
2014-07-30,32.0,77.0,3.363910675048828
2014-07-30,32.0,77.25,5.196458339691162
2014-07-30,32.0,77.5,7.814736843109131
2014-07-31,31.5,76.5,0.0
2014-07-31,31.5,76.75,1.323871374130249
2014-07-31,31.5,77.0,0.3249991834163666
2014-07-31,31.5,77.25,0.3162364959716797
2014-07-31,31.5,77.5,2.7359442710876465
2014-07-31,31.75,76.5,0.2754053771495819
2014-07-31,31.75,76.75,39.193756103515625
2014-07-31,31.75,77.0,7.112928867340088
2014-07-31,31.75,77.25,0.17376816272735596
2014-07-31,31.75,77.5,0.6791901588439941
2014-07-31,32.0,76.5,0.5972351431846619
2014-07-31,32.0,76.75,8.580410957336426
2014-07-31,32.0,77.0,3.817404270172119
2014-07-31,32.0,77.25,0.18479226529598236
2014-07-31,32.0,77.5,0.20772473514080048
2014-08-01,31.5,76.5,3.1691577434539795
2014-08-01,31.5,76.75,0.718302309513092
2014-08-01,31.5,77.0,1.0262424945831299
2014-08-01,31.5,77.25,0.46981748938560486
2014-08-01,31.5,77.5,0.2031075805425644
2014-08-01,31.75,76.5,11.228434562683105
2014-08-01,31.75,76.75,21.836746215820312
2014-08-01,31.75,77.0,5.948340892791748
2014-08-01,31.75,77.25,0.8054102063179016
2014-08-01,31.75,77.5,0.8358354568481445
2014-08-01,32.0,76.5,27.996564865112305
2014-08-01,32.0,76.75,30.0729923248291
2014-08-01,32.0,77.0,10.212196350097656
2014-08-01,32.0,77.25,8.7352876663208
2014-08-01,32.0,77.5,6.0728654861450195
2014-08-02,31.5,76.5,6.398897647857666
2014-08-02,31.5,76.75,0.2933860123157501
2014-08-02,31.5,77.0,11.809882164001465
2014-08-02,31.5,77.25,1.892541527748108
2014-08-02,31.5,77.5,0.0
2014-08-02,31.75,76.5,14.243844032287598
2014-08-02,31.75,76.75,4.061499118804932
2014-08-02,31.75,77.0,1.1312286853790283
2014-08-02,31.75,77.25,1.2101101875305176
2014-08-02,31.75,77.5,1.6752482652664185
2014-08-02,32.0,76.5,15.018810272216797
2014-08-02,32.0,76.75,17.17082405090332
2014-08-02,32.0,77.0,0.5211360454559326
2014-08-02,32.0,77.25,0.3695845305919647
2014-08-02,32.0,77.5,0.41544947028160095
2014-08-03,31.5,76.5,0.7112245559692383
2014-08-03,31.5,76.75,0.3576264977455139
2014-08-03,31.5,77.0,2.5999934673309326
2014-08-03,31.5,77.25,0.36121952533721924
2014-08-03,31.5,77.5,0.0
2014-08-03,31.75,76.5,2.0325424671173096
2014-08-03,31.75,76.75,2.817725896835327
2014-08-03,31.75,77.0,2.841491222381592
2014-08-03,31.75,77.25,1.3901453018188477
2014-08-03,31.75,77.5,0.0
2014-08-03,32.0,76.5,2.3889405727386475
2014-08-03,32.0,76.75,3.944864273071289
2014-08-03,32.0,77.0,1.1700224876403809
2014-08-03,32.0,77.25,1.4783381223678589
2014-08-03,32.0,77.5,1.6617978811264038
2014-08-04,31.5,76.5,1.8889116048812866
2014-08-04,31.5,76.75,3.4780004024505615
2014-08-04,31.5,77.0,2.348289728164673
2014-08-04,31.5,77.25,0.30477896332740784
2014-08-04,31.5,77.5,1.0155378580093384
2014-08-04,31.75,76.5,9.45833969116211
2014-08-04,31.75,76.75,13.346549034118652
2014-08-04,31.75,77.0,4.153078556060791
2014-08-04,31.75,77.25,1.1729350090026855
2014-08-04,31.75,77.5,0.0
2014-08-04,32.0,76.5,13.717607498168945
2014-08-04,32.0,76.75,14.91246509552002
2014-08-04,32.0,77.0,3.314607620239258
2014-08-04,32.0,77.25,2.805638313293457
2014-08-04,32.0,77.5,2.4551842212677
2014-08-05,31.5,76.5,23.345947265625
2014-08-05,31.5,76.75,1.7190552949905396
2014-08-05,31.5,77.0,1.4430646896362305
2014-08-05,31.5,77.25,0.19189788401126862
2014-08-05,31.5,77.5,1.5233067274093628
2014-08-05,31.75,76.5,9.258306503295898
2014-08-05,31.75,76.75,13.497987747192383
2014-08-05,31.75,77.0,3.5777480602264404
2014-08-05,31.75,77.25,0.7385147213935852
2014-08-05,31.75,77.5,0.0
2014-08-05,32.0,76.5,14.235042572021484
2014-08-05,32.0,76.75,4.388936996459961
2014-08-05,32.0,77.0,2.0885512828826904
2014-08-05,32.0,77.25,1.174939751625061
2014-08-05,32.0,77.5,1.1460907459259033
2014-08-06,31.5,76.5,0.0
2014-08-06,31.5,76.75,0.1825723648071289
2014-08-06,31.5,77.0,4.261536598205566
2014-08-06,31.5,77.25,10.207046508789062
2014-08-06,31.5,77.5,8.729344367980957
2014-08-06,31.75,76.5,1.4878945350646973
2014-08-06,31.75,76.75,0.6071919798851013
2014-08-06,31.75,77.0,0.7826011776924133
2014-08-06,31.75,77.25,8.283088684082031
2014-08-06,31.75,77.5,6.519825458526611
2014-08-06,32.0,76.5,4.75399112701416
2014-08-06,32.0,76.75,1.8845502138137817
2014-08-06,32.0,77.0,0.2193792164325714
2014-08-06,32.0,77.25,2.307288408279419
2014-08-06,32.0,77.5,4.681683540344238
2014-08-07,31.5,76.5,23.155454635620117
2014-08-07,31.5,76.75,2.0458450317382812
2014-08-07,31.5,77.0,7.959136486053467
2014-08-07,31.5,77.25,1.4270780086517334
2014-08-07,31.5,77.5,1.9721593856811523
2014-08-07,31.75,76.5,19.820480346679688
2014-08-07,31.75,76.75,11.727041244506836
2014-08-07,31.75,77.0,7.666104316711426
2014-08-07,31.75,77.25,3.6580889225006104
2014-08-07,31.75,77.5,0.18613870441913605
2014-08-07,32.0,76.5,49.602622985839844
2014-08-07,32.0,76.75,47.0234375
2014-08-07,32.0,77.0,3.207216262817383
2014-08-07,32.0,77.25,3.788241386413574
2014-08-07,32.0,77.5,4.258357048034668
2014-08-08,31.5,76.5,1.123235821723938
2014-08-08,31.5,76.75,1.1954658031463623
2014-08-08,31.5,77.0,1.5088598728179932
2014-08-08,31.5,77.25,0.20318597555160522
2014-08-08,31.5,77.5,1.5233067274093628
2014-08-08,31.75,76.5,26.95640754699707
2014-08-08,31.75,76.75,9.043375968933105
2014-08-08,31.75,77.0,6.358443260192871
2014-08-08,31.75,77.25,1.8445059061050415
2014-08-08,31.75,77.5,1.4607733488082886
2014-08-08,32.0,76.5,60.90620040893555
2014-08-08,32.0,76.75,55.33077621459961
2014-08-08,32.0,77.0,10.095634460449219
2014-08-08,32.0,77.25,9.624982833862305
2014-08-08,32.0,77.5,7.007420539855957
2014-08-09,31.5,76.5,26.8155517578125
2014-08-09,31.5,76.75,45.37113952636719
2014-08-09,31.5,77.0,4.992100715637207
2014-08-09,31.5,77.25,0.7904964685440063
2014-08-09,31.5,77.5,3.708287000656128
2014-08-09,31.75,76.5,16.498315811157227
2014-08-09,31.75,76.75,8.82742691040039
2014-08-09,31.75,77.0,2.389770984649658
2014-08-09,31.75,77.25,0.971007227897644
2014-08-09,31.75,77.5,2.487863302230835
2014-08-09,32.0,76.5,23.451642990112305
2014-08-09,32.0,76.75,16.16718292236328
2014-08-09,32.0,77.0,7.441500663757324
2014-08-09,32.0,77.25,8.092977523803711
2014-08-09,32.0,77.5,5.822458744049072
2014-08-10,31.5,76.5,0.0
2014-08-10,31.5,76.75,0.3996196389198303
2014-08-10,31.5,77.0,2.193744659423828
2014-08-10,31.5,77.25,0.30477896332740784
2014-08-10,31.5,77.5,0.0
2014-08-10,31.75,76.5,0.0
2014-08-10,31.75,76.75,5.215726852416992
2014-08-10,31.75,77.0,2.914559841156006
2014-08-10,31.75,77.25,1.1729350090026855
2014-08-10,31.75,77.5,0.0
2014-08-10,32.0,76.5,0.0
2014-08-10,32.0,76.75,1.714232087135315
2014-08-10,32.0,77.0,1.2680952548980713
2014-08-10,32.0,77.25,1.2473477125167847
2014-08-10,32.0,77.5,1.4021419286727905
2014-08-11,31.5,76.5,0.0
2014-08-11,31.5,76.75,0.49173644185066223
2014-08-11,31.5,77.0,3.57499098777771
2014-08-11,31.5,77.25,0.49667686223983765
2014-08-11,31.5,77.5,0.0
2014-08-11,31.75,76.5,0.8262161016464233
2014-08-11,31.75,76.75,3.77652645111084
2014-08-11,31.75,77.0,3.907050371170044
2014-08-11,31.75,77.25,1.9114497900009155
2014-08-11,31.75,77.5,0.0
2014-08-11,32.0,76.5,1.9236042499542236
2014-08-11,32.0,76.75,3.7886343002319336
2014-08-11,32.0,77.0,3.7379932403564453
2014-08-11,32.0,77.25,4.448065280914307
2014-08-11,32.0,77.5,3.9171879291534424
2014-08-12,31.5,76.5,2.6839182376861572
2014-08-12,31.5,76.75,0.0
2014-08-12,31.5,77.0,0.0
2014-08-12,31.5,77.25,0.0
2014-08-12,31.5,77.5,0.0
2014-08-12,31.75,76.5,0.35612326860427856
2014-08-12,31.75,76.75,0.0
2014-08-12,31.75,77.0,0.0
2014-08-12,31.75,77.25,0.0
2014-08-12,31.75,77.5,0.0
2014-08-12,32.0,76.5,3.956967830657959
2014-08-12,32.0,76.75,0.0
2014-08-12,32.0,77.0,0.0
2014-08-12,32.0,77.25,0.0
2014-08-12,32.0,77.5,0.0
2014-08-13,31.5,76.5,14.392213821411133
2014-08-13,31.5,76.75,9.882326126098633
2014-08-13,31.5,77.0,8.009563446044922
2014-08-13,31.5,77.25,1.0497941970825195
2014-08-13,31.5,77.5,0.0
2014-08-13,31.75,76.5,22.120769500732422
2014-08-13,31.75,76.75,25.56639289855957
2014-08-13,31.75,77.0,10.903464317321777
2014-08-13,31.75,77.25,4.040109634399414
2014-08-13,31.75,77.5,0.0
2014-08-13,32.0,76.5,28.680965423583984
2014-08-13,32.0,76.75,35.68299102783203
2014-08-13,32.0,77.0,4.8374834060668945
2014-08-13,32.0,77.25,4.296420097351074
2014-08-13,32.0,77.5,4.829599857330322
2014-08-14,31.5,76.5,118.14960479736328
2014-08-14,31.5,76.75,147.09228515625
2014-08-14,31.5,77.0,36.403621673583984
2014-08-14,31.5,77.25,17.144454956054688
2014-08-14,31.5,77.5,8.591216087341309
2014-08-14,31.75,76.5,115.96731567382812
2014-08-14,31.75,76.75,128.7871856689453
2014-08-14,31.75,77.0,27.5506591796875
2014-08-14,31.75,77.25,42.42002487182617
2014-08-14,31.75,77.5,22.698932647705078
2014-08-14,32.0,76.5,68.14551544189453
2014-08-14,32.0,76.75,67.83552551269531
2014-08-14,32.0,77.0,19.647144317626953
2014-08-14,32.0,77.25,27.645143508911133
2014-08-14,32.0,77.5,33.07849884033203
2014-08-15,31.5,76.5,93.24073028564453
2014-08-15,31.5,76.75,69.59600067138672
2014-08-15,31.5,77.0,57.62526321411133
2014-08-15,31.5,77.25,25.636123657226562
2014-08-15,31.5,77.5,4.4454240798950195
2014-08-15,31.75,76.5,139.08457946777344
2014-08-15,31.75,76.75,56.57289505004883
2014-08-15,31.75,77.0,27.993127822875977
2014-08-15,31.75,77.25,37.521751403808594
2014-08-15,31.75,77.5,23.661195755004883
2014-08-15,32.0,76.5,90.4805908203125
2014-08-15,32.0,76.75,65.24502563476562
2014-08-15,32.0,77.0,22.590438842773438
2014-08-15,32.0,77.25,25.197223663330078
2014-08-15,32.0,77.5,27.347620010375977
2014-08-16,31.5,76.5,90.2853775024414
2014-08-16,31.5,76.75,127.62285614013672
2014-08-16,31.5,77.0,84.02342224121094
2014-08-16,31.5,77.25,31.303943634033203
2014-08-16,31.5,77.5,8.730440139770508
2014-08-16,31.75,76.5,35.833438873291016
2014-08-16,31.75,76.75,113.57354736328125
2014-08-16,31.75,77.0,35.241634368896484
2014-08-16,31.75,77.25,54.57431411743164
2014-08-16,31.75,77.5,23.274885177612305
2014-08-16,32.0,76.5,32.96341323852539
2014-08-16,32.0,76.75,34.87407302856445
2014-08-16,32.0,77.0,42.03119659423828
2014-08-16,32.0,77.25,46.98405838012695
2014-08-16,32.0,77.5,48.76769256591797
2014-08-17,31.5,76.5,0.3956822156906128
2014-08-17,31.5,76.75,0.0
2014-08-17,31.5,77.0,0.9485133290290833
2014-08-17,31.5,77.25,0.7367212176322937
2014-08-17,31.5,77.5,0.0
2014-08-17,31.75,76.5,2.070209264755249
2014-08-17,31.75,76.75,0.4158079922199249
2014-08-17,31.75,77.0,0.32964402437210083
2014-08-17,31.75,77.25,0.6546691656112671
2014-08-17,31.75,77.5,0.5799325704574585
2014-08-17,32.0,76.5,0.7496300339698792
2014-08-17,32.0,76.75,0.20749644935131073
2014-08-17,32.0,77.0,0.18281599879264832
2014-08-17,32.0,77.25,0.2943997383117676
2014-08-17,32.0,77.5,0.3850322663784027
2014-08-18,31.5,76.5,0.0
2014-08-18,31.5,76.75,0.0
2014-08-18,31.5,77.0,0.0
2014-08-18,31.5,77.25,0.0
2014-08-18,31.5,77.5,0.0
2014-08-18,31.75,76.5,0.0
2014-08-18,31.75,76.75,0.0
2014-08-18,31.75,77.0,0.0
2014-08-18,31.75,77.25,0.0
2014-08-18,31.75,77.5,0.0
2014-08-18,32.0,76.5,0.0
2014-08-18,32.0,76.75,0.0
2014-08-18,32.0,77.0,0.0
2014-08-18,32.0,77.25,0.0
2014-08-18,32.0,77.5,0.0
2014-08-19,31.5,76.5,0.0
2014-08-19,31.5,76.75,0.0
2014-08-19,31.5,77.0,0.0
2014-08-19,31.5,77.25,0.0
2014-08-19,31.5,77.5,0.0
2014-08-19,31.75,76.5,0.0
2014-08-19,31.75,76.75,0.0
2014-08-19,31.75,77.0,0.0
2014-08-19,31.75,77.25,0.0
2014-08-19,31.75,77.5,0.0
2014-08-19,32.0,76.5,0.0
2014-08-19,32.0,76.75,0.0
2014-08-19,32.0,77.0,0.0
2014-08-19,32.0,77.25,0.0
2014-08-19,32.0,77.5,0.0
2014-08-20,31.5,76.5,0.0
2014-08-20,31.5,76.75,0.0
2014-08-20,31.5,77.0,0.0
2014-08-20,31.5,77.25,0.0
2014-08-20,31.5,77.5,0.0
2014-08-20,31.75,76.5,7.4359450340271
2014-08-20,31.75,76.75,1.0567455291748047
2014-08-20,31.75,77.0,0.0
2014-08-20,31.75,77.25,0.0
2014-08-20,31.75,77.5,0.0
2014-08-20,32.0,76.5,16.125349044799805
2014-08-20,32.0,76.75,17.66398811340332
2014-08-20,32.0,77.0,0.0
2014-08-20,32.0,77.25,0.0
2014-08-20,32.0,77.5,0.0
2014-08-21,31.5,76.5,0.0
2014-08-21,31.5,76.75,0.0
2014-08-21,31.5,77.0,0.0
2014-08-21,31.5,77.25,0.0
2014-08-21,31.5,77.5,0.0
2014-08-21,31.75,76.5,0.0
2014-08-21,31.75,76.75,0.0
2014-08-21,31.75,77.0,0.0
2014-08-21,31.75,77.25,0.0
2014-08-21,31.75,77.5,0.0
2014-08-21,32.0,76.5,0.0
2014-08-21,32.0,76.75,0.0
2014-08-21,32.0,77.0,0.0
2014-08-21,32.0,77.25,0.0
2014-08-21,32.0,77.5,0.0
2014-08-22,31.5,76.5,4.041563510894775
2014-08-22,31.5,76.75,2.0019354820251465
2014-08-22,31.5,77.0,0.20866896212100983
2014-08-22,31.5,77.25,0.0
2014-08-22,31.5,77.5,0.0
2014-08-22,31.75,76.5,6.263432502746582
2014-08-22,31.75,76.75,0.535880982875824
2014-08-22,31.75,77.0,0.10038977861404419
2014-08-22,31.75,77.25,0.10764790326356888
2014-08-22,31.75,77.5,0.0
2014-08-22,32.0,76.5,4.796182155609131
2014-08-22,32.0,76.75,3.966830253601074
2014-08-22,32.0,77.0,0.0
2014-08-22,32.0,77.25,0.0
2014-08-22,32.0,77.5,0.0
2014-08-23,31.5,76.5,0.0
2014-08-23,31.5,76.75,0.10925278812646866
2014-08-23,31.5,77.0,0.2544914782047272
2014-08-23,31.5,77.25,0.0
2014-08-23,31.5,77.5,0.0
2014-08-23,31.75,76.5,1.6524322032928467
2014-08-23,31.75,76.75,3.5505876541137695
2014-08-23,31.75,77.0,0.27092379331588745
2014-08-23,31.75,77.25,0.5762022137641907
2014-08-23,31.75,77.5,0.0
2014-08-23,32.0,76.5,3.935141086578369
2014-08-23,32.0,76.75,4.588122844696045
2014-08-23,32.0,77.0,0.31355032324790955
2014-08-23,32.0,77.25,0.4488241672515869
2014-08-23,32.0,77.5,0.5150467157363892
2014-08-24,31.5,76.5,0.0
2014-08-24,31.5,76.75,0.0
2014-08-24,31.5,77.0,0.0
2014-08-24,31.5,77.25,0.0
2014-08-24,31.5,77.5,0.0
2014-08-24,31.75,76.5,1.1016215085983276
2014-08-24,31.75,76.75,0.15655489265918732
2014-08-24,31.75,77.0,0.0
2014-08-24,31.75,77.25,0.0
2014-08-24,31.75,77.5,0.0
2014-08-24,32.0,76.5,2.3889405727386475
2014-08-24,32.0,76.75,2.616887092590332
2014-08-24,32.0,77.0,0.0
2014-08-24,32.0,77.25,0.0
2014-08-24,32.0,77.5,0.0
2014-08-25,31.5,76.5,0.0
2014-08-25,31.5,76.75,0.0
2014-08-25,31.5,77.0,0.0
2014-08-25,31.5,77.25,0.0
2014-08-25,31.5,77.5,0.0
2014-08-25,31.75,76.5,0.5508107542991638
2014-08-25,31.75,76.75,0.0
2014-08-25,31.75,77.0,0.0
2014-08-25,31.75,77.25,0.0
2014-08-25,31.75,77.5,0.0
2014-08-25,32.0,76.5,1.1944702863693237
2014-08-25,32.0,76.75,1.308443546295166
2014-08-25,32.0,77.0,0.0
2014-08-25,32.0,77.25,0.0
2014-08-25,32.0,77.5,0.0
2014-08-26,31.5,76.5,0.0
2014-08-26,31.5,76.75,0.0
2014-08-26,31.5,77.0,0.0
2014-08-26,31.5,77.25,0.0
2014-08-26,31.5,77.5,0.0
2014-08-26,31.75,76.5,0.0
2014-08-26,31.75,76.75,0.0
2014-08-26,31.75,77.0,0.0
2014-08-26,31.75,77.25,0.0
2014-08-26,31.75,77.5,0.0
2014-08-26,32.0,76.5,0.0
2014-08-26,32.0,76.75,0.0
2014-08-26,32.0,77.0,0.0
2014-08-26,32.0,77.25,0.0
2014-08-26,32.0,77.5,0.0
2014-08-27,31.5,76.5,0.0
2014-08-27,31.5,76.75,0.0
2014-08-27,31.5,77.0,0.0
2014-08-27,31.5,77.25,0.0
2014-08-27,31.5,77.5,0.0
2014-08-27,31.75,76.5,0.0
2014-08-27,31.75,76.75,0.0
2014-08-27,31.75,77.0,0.0
2014-08-27,31.75,77.25,0.0
2014-08-27,31.75,77.5,0.0
2014-08-27,32.0,76.5,0.0
2014-08-27,32.0,76.75,0.0
2014-08-27,32.0,77.0,0.0
2014-08-27,32.0,77.25,0.0
2014-08-27,32.0,77.5,0.0
2014-08-28,31.5,76.5,0.0
2014-08-28,31.5,76.75,0.0
2014-08-28,31.5,77.0,0.0
2014-08-28,31.5,77.25,0.0
2014-08-28,31.5,77.5,0.0
2014-08-28,31.75,76.5,0.0
2014-08-28,31.75,76.75,0.0
2014-08-28,31.75,77.0,0.0
2014-08-28,31.75,77.25,0.0
2014-08-28,31.75,77.5,0.0
2014-08-28,32.0,76.5,0.0
2014-08-28,32.0,76.75,0.0
2014-08-28,32.0,77.0,0.0
2014-08-28,32.0,77.25,0.0
2014-08-28,32.0,77.5,0.0
2014-08-29,31.5,76.5,4.081349849700928
2014-08-29,31.5,76.75,10.049783706665039
2014-08-29,31.5,77.0,1.2459229230880737
2014-08-29,31.5,77.25,0.16526733338832855
2014-08-29,31.5,77.5,1.3452476263046265
2014-08-29,31.75,76.5,0.0
2014-08-29,31.75,76.75,6.357171058654785
2014-08-29,31.75,77.0,1.0383116006851196
2014-08-29,31.75,77.25,1.2919402122497559
2014-08-29,31.75,77.5,0.2823069989681244
2014-08-29,32.0,76.5,0.0
2014-08-29,32.0,76.75,1.1546823978424072
2014-08-29,32.0,77.0,1.1071895360946655
2014-08-29,32.0,77.25,1.3601198196411133
2014-08-29,32.0,77.5,1.4715180397033691
2014-08-30,31.5,76.5,1.521809458732605
2014-08-30,31.5,76.75,1.580090880393982
2014-08-30,31.5,77.0,0.32983121275901794
2014-08-30,31.5,77.25,0.8301463723182678
2014-08-30,31.5,77.5,0.9880548119544983
2014-08-30,31.75,76.5,0.0
2014-08-30,31.75,76.75,1.5757404565811157
2014-08-30,31.75,77.0,1.2140578031539917
2014-08-30,31.75,77.25,0.9963696002960205
2014-08-30,31.75,77.5,0.5674999356269836
2014-08-30,32.0,76.5,0.5715619921684265
2014-08-30,32.0,76.75,0.48118311166763306
2014-08-30,32.0,77.0,2.5982539653778076
2014-08-30,32.0,77.25,2.7987425327301025
2014-08-30,32.0,77.5,2.75358247756958
2014-08-31,31.5,76.5,0.0
2014-08-31,31.5,76.75,0.0
2014-08-31,31.5,77.0,0.0
2014-08-31,31.5,77.25,1.3684358596801758
2014-08-31,31.5,77.5,1.064619779586792
2014-08-31,31.75,76.5,0.0
2014-08-31,31.75,76.75,0.0
2014-08-31,31.75,77.0,0.0
2014-08-31,31.75,77.25,0.0
2014-08-31,31.75,77.5,0.3126033842563629
2014-08-31,32.0,76.5,0.0
2014-08-31,32.0,76.75,0.0
2014-08-31,32.0,77.0,0.0
2014-08-31,32.0,77.25,0.0
2014-08-31,32.0,77.5,0.0
2014-09-01,31.5,76.5,44.11104965209961
2014-09-01,31.5,76.75,41.80967330932617
2014-09-01,31.5,77.0,9.835297584533691
2014-09-01,31.5,77.25,6.268603324890137
2014-09-01,31.5,77.5,5.538131237030029
2014-09-01,31.75,76.5,10.156094551086426
2014-09-01,31.75,76.75,12.135809898376465
2014-09-01,31.75,77.0,4.908005237579346
2014-09-01,31.75,77.25,5.920596599578857
2014-09-01,31.75,77.5,4.905395984649658
2014-09-01,32.0,76.5,19.257869720458984
2014-09-01,32.0,76.75,17.83037757873535
2014-09-01,32.0,77.0,5.107451915740967
2014-09-01,32.0,77.25,5.352303981781006
2014-09-01,32.0,77.5,5.5702643394470215
2014-09-02,31.5,76.5,5.783222675323486
2014-09-02,31.5,76.75,2.9844489097595215
2014-09-02,31.5,77.0,3.7226951122283936
2014-09-02,31.5,77.25,2.8604207038879395
2014-09-02,31.5,77.5,11.308629035949707
2014-09-02,31.75,76.5,6.359282493591309
2014-09-02,31.75,76.75,0.4439431130886078
2014-09-02,31.75,77.0,0.8191995620727539
2014-09-02,31.75,77.25,2.0388736724853516
2014-09-02,31.75,77.5,4.349820613861084
2014-09-02,32.0,76.5,1.9648345708847046
2014-09-02,32.0,76.75,0.8204190135002136
2014-09-02,32.0,77.0,0.9667981266975403
2014-09-02,32.0,77.25,1.261206030845642
2014-09-02,32.0,77.5,1.4947319030761719
2014-09-03,31.5,76.5,1.0727324485778809
2014-09-03,31.5,76.75,2.2680890560150146
2014-09-03,31.5,77.0,4.168006896972656
2014-09-03,31.5,77.25,6.309267997741699
2014-09-03,31.5,77.5,4.697329044342041
2014-09-03,31.75,76.5,2.5255227088928223
2014-09-03,31.75,76.75,4.656423568725586
2014-09-03,31.75,77.0,9.123908996582031
2014-09-03,31.75,77.25,7.045590877532959
2014-09-03,31.75,77.5,6.245458602905273
2014-09-03,32.0,76.5,5.224300384521484
2014-09-03,32.0,76.75,6.435678482055664
2014-09-03,32.0,77.0,14.602272987365723
2014-09-03,32.0,77.25,14.824131965637207
2014-09-03,32.0,77.5,12.210405349731445
2014-09-04,31.5,76.5,3.0267961025238037
2014-09-04,31.5,76.75,0.2790027856826782
2014-09-04,31.5,77.0,0.8594915866851807
2014-09-04,31.5,77.25,1.0924619436264038
2014-09-04,31.5,77.5,2.1479568481445312
2014-09-04,31.75,76.5,4.805240154266357
2014-09-04,31.75,76.75,0.8425988554954529
2014-09-04,31.75,77.0,1.4849236011505127
2014-09-04,31.75,77.25,1.367761254310608
2014-09-04,31.75,77.5,2.1900196075439453
2014-09-04,32.0,76.5,4.044832706451416
2014-09-04,32.0,76.75,3.0860493183135986
2014-09-04,32.0,77.0,2.922976016998291
2014-09-04,32.0,77.25,3.2945077419281006
2014-09-04,32.0,77.5,2.7291786670684814
2014-09-05,31.5,76.5,6.2674760818481445
2014-09-05,31.5,76.75,1.4964686632156372
2014-09-05,31.5,77.0,0.6696047186851501
2014-09-05,31.5,77.25,1.7876390218734741
2014-09-05,31.5,77.5,1.5047754049301147
2014-09-05,31.75,76.5,9.212777137756348
2014-09-05,31.75,76.75,1.7268038988113403
2014-09-05,31.75,77.0,2.0934581756591797
2014-09-05,31.75,77.25,1.9832546710968018
2014-09-05,31.75,77.5,1.606194019317627
2014-09-05,32.0,76.5,3.4637534618377686
2014-09-05,32.0,76.75,1.9682936668395996
2014-09-05,32.0,77.0,7.6692376136779785
2014-09-05,32.0,77.25,8.384982109069824
2014-09-05,32.0,77.5,6.326752185821533
2014-09-06,31.5,76.5,19.397199630737305
2014-09-06,31.5,76.75,19.282276153564453
2014-09-06,31.5,77.0,16.88502311706543
2014-09-06,31.5,77.25,11.933816909790039
2014-09-06,31.5,77.5,12.928680419921875
2014-09-06,31.75,76.5,13.691267013549805
2014-09-06,31.75,76.75,10.922266006469727
2014-09-06,31.75,77.0,17.478004455566406
2014-09-06,31.75,77.25,13.492352485656738
2014-09-06,31.75,77.5,14.041360855102539
2014-09-06,32.0,76.5,17.353540420532227
2014-09-06,32.0,76.75,15.929265975952148
2014-09-06,32.0,77.0,20.449684143066406
2014-09-06,32.0,77.25,19.583772659301758
2014-09-06,32.0,77.5,17.158445358276367
2014-09-07,31.5,76.5,0.3107346296310425
2014-09-07,31.5,76.75,0.0
2014-09-07,31.5,77.0,3.376915454864502
2014-09-07,31.5,77.25,0.9123550057411194
2014-09-07,31.5,77.5,1.9462295770645142
2014-09-07,31.75,76.5,0.0
2014-09-07,31.75,76.75,0.24948479235172272
2014-09-07,31.75,77.0,1.0872608423233032
2014-09-07,31.75,77.25,0.7230620980262756
2014-09-07,31.75,77.5,1.2090681791305542
2014-09-07,32.0,76.5,0.1318989396095276
2014-09-07,32.0,76.75,0.27413538098335266
2014-09-07,32.0,77.0,1.7617088556289673
2014-09-07,32.0,77.25,1.752419114112854
2014-09-07,32.0,77.5,1.325019359588623
2014-09-08,31.5,76.5,2.366450309753418
2014-09-08,31.5,76.75,3.6074841022491455
2014-09-08,31.5,77.0,5.8739333152771
2014-09-08,31.5,77.25,2.970942258834839
2014-09-08,31.5,77.5,4.056501865386963
2014-09-08,31.75,76.5,1.7477092742919922
2014-09-08,31.75,76.75,0.7948201298713684
2014-09-08,31.75,77.0,0.6114546656608582
2014-09-08,31.75,77.25,2.2554075717926025
2014-09-08,31.75,77.5,2.5337769985198975
2014-09-08,32.0,76.5,1.2384365797042847
2014-09-08,32.0,76.75,1.511850118637085
2014-09-08,32.0,77.0,0.7137972712516785
2014-09-08,32.0,77.25,1.1784026622772217
2014-09-08,32.0,77.5,1.5115183591842651
2014-09-09,31.5,76.5,51.26710891723633
2014-09-09,31.5,76.75,79.32807922363281
2014-09-09,31.5,77.0,17.0079345703125
2014-09-09,31.5,77.25,21.979707717895508
2014-09-09,31.5,77.5,14.405594825744629
2014-09-09,31.75,76.5,3.6798934936523438
2014-09-09,31.75,76.75,11.66054916381836
2014-09-09,31.75,77.0,6.291647911071777
2014-09-09,31.75,77.25,19.389780044555664
2014-09-09,31.75,77.5,13.886381149291992
2014-09-09,32.0,76.5,3.225628614425659
2014-09-09,32.0,76.75,3.9014625549316406
2014-09-09,32.0,77.0,3.9872589111328125
2014-09-09,32.0,77.25,8.035273551940918
2014-09-09,32.0,77.5,12.602505683898926
2014-09-10,31.5,76.5,0.510168731212616
2014-09-10,31.5,76.75,1.232375144958496
2014-09-10,31.5,77.0,0.0
2014-09-10,31.5,77.25,0.0
2014-09-10,31.5,77.5,0.0
2014-09-10,31.75,76.5,3.029459238052368
2014-09-10,31.75,76.75,0.5654084086418152
2014-09-10,31.75,77.0,0.0
2014-09-10,31.75,77.25,0.0
2014-09-10,31.75,77.5,0.0
2014-09-10,32.0,76.5,6.569586277008057
2014-09-10,32.0,76.75,7.196439266204834
2014-09-10,32.0,77.0,1.030264139175415
2014-09-10,32.0,77.25,1.1687179803848267
2014-09-10,32.0,77.5,0.7897818088531494
2014-09-11,31.5,76.5,0.0
2014-09-11,31.5,76.75,0.0
2014-09-11,31.5,77.0,0.0
2014-09-11,31.5,77.25,0.0
2014-09-11,31.5,77.5,0.0
2014-09-11,31.75,76.5,0.8929892182350159
2014-09-11,31.75,76.75,0.11741617321968079
2014-09-11,31.75,77.0,0.0
2014-09-11,31.75,77.25,0.0
2014-09-11,31.75,77.5,0.0
2014-09-11,32.0,76.5,1.7917053699493408
2014-09-11,32.0,76.75,1.9626654386520386
2014-09-11,32.0,77.0,0.0
2014-09-11,32.0,77.25,0.0
2014-09-11,32.0,77.5,0.0
2014-09-12,31.5,76.5,10.920023918151855
2014-09-12,31.5,76.75,2.243103504180908
2014-09-12,31.5,77.0,3.002265214920044
2014-09-12,31.5,77.25,0.40637195110321045
2014-09-12,31.5,77.5,2.445192575454712
2014-09-12,31.75,76.5,13.40402889251709
2014-09-12,31.75,76.75,16.172954559326172
2014-09-12,31.75,77.0,5.409176826477051
2014-09-12,31.75,77.25,1.563913345336914
2014-09-12,31.75,77.5,0.5797964930534363
2014-09-12,32.0,76.5,11.35207748413086
2014-09-12,32.0,76.75,9.268452644348145
2014-09-12,32.0,77.0,4.578746318817139
2014-09-12,32.0,77.25,4.000566482543945
2014-09-12,32.0,77.5,3.4490864276885986
2014-09-13,31.5,76.5,0.7910379767417908
2014-09-13,31.5,76.75,2.312746047973633
2014-09-13,31.5,77.0,3.022871255874634
2014-09-13,31.5,77.25,0.40637195110321045
2014-09-13,31.5,77.5,0.0
2014-09-13,31.75,76.5,0.2754053771495819
2014-09-13,31.75,76.75,6.545847415924072
2014-09-13,31.75,77.0,4.862553119659424
2014-09-13,31.75,77.25,1.8520623445510864
2014-09-13,31.75,77.5,0.3961419463157654
2014-09-13,32.0,76.5,0.5972351431846619
2014-09-13,32.0,76.75,3.010504961013794
2014-09-13,32.0,77.0,3.4890964031219482
2014-09-13,32.0,77.25,3.378249168395996
2014-09-13,32.0,77.5,3.063894271850586
2014-09-14,31.5,76.5,0.0
2014-09-14,31.5,76.75,0.0
2014-09-14,31.5,77.0,0.0
2014-09-14,31.5,77.25,0.0
2014-09-14,31.5,77.5,0.0
2014-09-14,31.75,76.5,0.0
2014-09-14,31.75,76.75,0.0
2014-09-14,31.75,77.0,0.0
2014-09-14,31.75,77.25,0.0
2014-09-14,31.75,77.5,0.0
2014-09-14,32.0,76.5,2.330214500427246
2014-09-14,32.0,76.75,0.0
2014-09-14,32.0,77.0,1.3415645360946655
2014-09-14,32.0,77.25,1.5265741348266602
2014-09-14,32.0,77.5,1.052321434020996
2014-09-15,31.5,76.5,1.2165563106536865
2014-09-15,31.5,76.75,3.20529842376709
2014-09-15,31.5,77.0,1.8659424781799316
2014-09-15,31.5,77.25,0.23705030977725983
2014-09-15,31.5,77.5,0.0
2014-09-15,31.75,76.5,0.2367834448814392
2014-09-15,31.75,76.75,3.0351316928863525
2014-09-15,31.75,77.0,2.0330708026885986
2014-09-15,31.75,77.25,0.9122828245162964
2014-09-15,31.75,77.5,0.0
2014-09-15,32.0,76.5,4.6628947257995605
2014-09-15,32.0,76.75,1.064799427986145
2014-09-15,32.0,77.0,0.8592793941497803
2014-09-15,32.0,77.25,0.9701593518257141
2014-09-15,32.0,77.5,1.0905548334121704
2014-09-16,31.5,76.5,0.0
2014-09-16,31.5,76.75,0.0
2014-09-16,31.5,77.0,0.0
2014-09-16,31.5,77.25,0.0
2014-09-16,31.5,77.5,0.0
2014-09-16,31.75,76.5,0.0
2014-09-16,31.75,76.75,0.0
2014-09-16,31.75,77.0,0.0
2014-09-16,31.75,77.25,0.0
2014-09-16,31.75,77.5,0.0
2014-09-16,32.0,76.5,0.0
2014-09-16,32.0,76.75,0.0
2014-09-16,32.0,77.0,0.0
2014-09-16,32.0,77.25,0.0
2014-09-16,32.0,77.5,0.0
2014-09-17,31.5,76.5,0.0
2014-09-17,31.5,76.75,0.0
2014-09-17,31.5,77.0,0.0
2014-09-17,31.5,77.25,0.0
2014-09-17,31.5,77.5,0.0
2014-09-17,31.75,76.5,0.0
2014-09-17,31.75,76.75,0.0
2014-09-17,31.75,77.0,0.0
2014-09-17,31.75,77.25,0.0
2014-09-17,31.75,77.5,0.0
2014-09-17,32.0,76.5,0.0
2014-09-17,32.0,76.75,0.0
2014-09-17,32.0,77.0,0.0
2014-09-17,32.0,77.25,0.0
2014-09-17,32.0,77.5,0.0
2014-09-18,31.5,76.5,0.0
2014-09-18,31.5,76.75,0.0
2014-09-18,31.5,77.0,0.0
2014-09-18,31.5,77.25,0.0
2014-09-18,31.5,77.5,0.0
2014-09-18,31.75,76.5,0.0
2014-09-18,31.75,76.75,0.0
2014-09-18,31.75,77.0,0.0
2014-09-18,31.75,77.25,0.0
2014-09-18,31.75,77.5,0.0
2014-09-18,32.0,76.5,0.0
2014-09-18,32.0,76.75,0.0
2014-09-18,32.0,77.0,0.0
2014-09-18,32.0,77.25,0.0
2014-09-18,32.0,77.5,0.0
2014-09-19,31.5,76.5,0.0
2014-09-19,31.5,76.75,0.0
2014-09-19,31.5,77.0,0.0
2014-09-19,31.5,77.25,0.0
2014-09-19,31.5,77.5,0.0
2014-09-19,31.75,76.5,0.0
2014-09-19,31.75,76.75,0.0
2014-09-19,31.75,77.0,0.0
2014-09-19,31.75,77.25,0.0
2014-09-19,31.75,77.5,0.0
2014-09-19,32.0,76.5,0.0
2014-09-19,32.0,76.75,0.0
2014-09-19,32.0,77.0,0.0
2014-09-19,32.0,77.25,0.0
2014-09-19,32.0,77.5,0.0
2014-09-20,31.5,76.5,0.0
2014-09-20,31.5,76.75,0.0
2014-09-20,31.5,77.0,0.0
2014-09-20,31.5,77.25,0.0
2014-09-20,31.5,77.5,0.274158239364624
2014-09-20,31.75,76.5,0.0
2014-09-20,31.75,76.75,0.0
2014-09-20,31.75,77.0,0.0
2014-09-20,31.75,77.25,0.0
2014-09-20,31.75,77.5,0.24848419427871704
2014-09-20,32.0,76.5,0.0
2014-09-20,32.0,76.75,0.0
2014-09-20,32.0,77.0,0.0
2014-09-20,32.0,77.25,0.0
2014-09-20,32.0,77.5,0.0
2014-09-21,31.5,76.5,7.891028881072998
2014-09-21,31.5,76.75,8.27591323852539
2014-09-21,31.5,77.0,0.9202253222465515
2014-09-21,31.5,77.25,0.3930295705795288
2014-09-21,31.5,77.5,0.14419123530387878
2014-09-21,31.75,76.5,4.186951160430908
2014-09-21,31.75,76.75,8.909244537353516
2014-09-21,31.75,77.0,1.8314205408096313
2014-09-21,31.75,77.25,0.26065224409103394
2014-09-21,31.75,77.5,0.0
2014-09-21,32.0,76.5,4.623842716217041
2014-09-21,32.0,76.75,3.0487215518951416
2014-09-21,32.0,77.0,2.848026990890503
2014-09-21,32.0,77.25,2.4587950706481934
2014-09-21,32.0,77.5,1.785846471786499
2014-09-22,31.5,76.5,0.0
2014-09-22,31.5,76.75,0.0
2014-09-22,31.5,77.0,0.0
2014-09-22,31.5,77.25,0.0
2014-09-22,31.5,77.5,0.0
2014-09-22,31.75,76.5,0.0
2014-09-22,31.75,76.75,0.0
2014-09-22,31.75,77.0,0.0
2014-09-22,31.75,77.25,0.0
2014-09-22,31.75,77.5,0.0
2014-09-22,32.0,76.5,0.0
2014-09-22,32.0,76.75,0.0
2014-09-22,32.0,77.0,0.0
2014-09-22,32.0,77.25,0.0
2014-09-22,32.0,77.5,0.0
2014-09-23,31.5,76.5,0.0
2014-09-23,31.5,76.75,0.0
2014-09-23,31.5,77.0,0.0
2014-09-23,31.5,77.25,0.0
2014-09-23,31.5,77.5,0.0
2014-09-23,31.75,76.5,0.0
2014-09-23,31.75,76.75,0.0
2014-09-23,31.75,77.0,0.0
2014-09-23,31.75,77.25,0.0
2014-09-23,31.75,77.5,0.0
2014-09-23,32.0,76.5,0.0
2014-09-23,32.0,76.75,0.0
2014-09-23,32.0,77.0,0.0
2014-09-23,32.0,77.25,0.0
2014-09-23,32.0,77.5,0.0
2014-09-24,31.5,76.5,0.0
2014-09-24,31.5,76.75,0.0
2014-09-24,31.5,77.0,0.0
2014-09-24,31.5,77.25,0.0
2014-09-24,31.5,77.5,0.0
2014-09-24,31.75,76.5,0.0
2014-09-24,31.75,76.75,0.0
2014-09-24,31.75,77.0,0.0
2014-09-24,31.75,77.25,0.0
2014-09-24,31.75,77.5,0.0
2014-09-24,32.0,76.5,0.0
2014-09-24,32.0,76.75,0.0
2014-09-24,32.0,77.0,0.0
2014-09-24,32.0,77.25,0.0
2014-09-24,32.0,77.5,0.0
2014-09-25,31.5,76.5,9.574503898620605
2014-09-25,31.5,76.75,20.855579376220703
2014-09-25,31.5,77.0,1.1333314180374146
2014-09-25,31.5,77.25,0.0
2014-09-25,31.5,77.5,0.0
2014-09-25,31.75,76.5,4.959682941436768
2014-09-25,31.75,76.75,2.4783198833465576
2014-09-25,31.75,77.0,0.13608773052692413
2014-09-25,31.75,77.25,0.0
2014-09-25,31.75,77.5,0.0
2014-09-25,32.0,76.5,4.814897060394287
2014-09-25,32.0,76.75,3.296048164367676
2014-09-25,32.0,77.0,0.1036258414387703
2014-09-25,32.0,77.25,0.0
2014-09-25,32.0,77.5,0.0
2014-09-26,31.5,76.5,0.0
2014-09-26,31.5,76.75,0.0
2014-09-26,31.5,77.0,0.0
2014-09-26,31.5,77.25,0.0
2014-09-26,31.5,77.5,0.0
2014-09-26,31.75,76.5,0.0
2014-09-26,31.75,76.75,0.0
2014-09-26,31.75,77.0,0.0
2014-09-26,31.75,77.25,0.0
2014-09-26,31.75,77.5,0.0
2014-09-26,32.0,76.5,0.1318989396095276
2014-09-26,32.0,76.75,0.0
2014-09-26,32.0,77.0,3.1594765186309814
2014-09-26,32.0,77.25,3.5840680599212646
2014-09-26,32.0,77.5,2.421997547149658
2014-09-27,31.5,76.5,0.0
2014-09-27,31.5,76.75,0.0
2014-09-27,31.5,77.0,0.0
2014-09-27,31.5,77.25,0.0
2014-09-27,31.5,77.5,0.0
2014-09-27,31.75,76.5,0.0
2014-09-27,31.75,76.75,0.0
2014-09-27,31.75,77.0,0.0
2014-09-27,31.75,77.25,0.0
2014-09-27,31.75,77.5,0.0
2014-09-27,32.0,76.5,0.0
2014-09-27,32.0,76.75,0.0
2014-09-27,32.0,77.0,0.0
2014-09-27,32.0,77.25,0.0
2014-09-27,32.0,77.5,0.0
2014-09-28,31.5,76.5,12.322537422180176
2014-09-28,31.5,76.75,30.023591995239258
2014-09-28,31.5,77.0,1.6988228559494019
2014-09-28,31.5,77.25,0.0
2014-09-28,31.5,77.5,0.0
2014-09-28,31.75,76.5,0.0
2014-09-28,31.75,76.75,10.801541328430176
2014-09-28,31.75,77.0,1.3874374628067017
2014-09-28,31.75,77.25,0.0
2014-09-28,31.75,77.5,0.0
2014-09-28,32.0,76.5,0.1318989396095276
2014-09-28,32.0,76.75,1.532781720161438
2014-09-28,32.0,77.0,0.742051362991333
2014-09-28,32.0,77.25,0.0
2014-09-28,32.0,77.5,0.0
2014-09-29,31.5,76.5,4.989374160766602
2014-09-29,31.5,76.75,2.777644634246826
2014-09-29,31.5,77.0,0.3015902638435364
2014-09-29,31.5,77.25,0.0
2014-09-29,31.5,77.5,0.0
2014-09-29,31.75,76.5,7.960024356842041
2014-09-29,31.75,76.75,6.485037803649902
2014-09-29,31.75,77.0,1.2116960287094116
2014-09-29,31.75,77.25,0.0
2014-09-29,31.75,77.5,0.0
2014-09-29,32.0,76.5,8.73767375946045
2014-09-29,32.0,76.75,2.906055450439453
2014-09-29,32.0,77.0,0.6349040865898132
2014-09-29,32.0,77.25,0.0
2014-09-29,32.0,77.5,0.10386236757040024
2014-09-30,31.5,76.5,0.0
2014-09-30,31.5,76.75,0.0
2014-09-30,31.5,77.0,0.0
2014-09-30,31.5,77.25,0.0
2014-09-30,31.5,77.5,0.0
2014-09-30,31.75,76.5,0.9639188647270203
2014-09-30,31.75,76.75,0.13698552548885345
2014-09-30,31.75,77.0,0.0
2014-09-30,31.75,77.25,0.0
2014-09-30,31.75,77.5,0.0
2014-09-30,32.0,76.5,2.090322971343994
2014-09-30,32.0,76.75,2.28977632522583
2014-09-30,32.0,77.0,0.0
2014-09-30,32.0,77.25,0.0
2014-09-30,32.0,77.5,0.0
2014-10-01,31.5,76.5,0.0
2014-10-01,31.5,76.75,0.0
2014-10-01,31.5,77.0,0.0
2014-10-01,31.5,77.25,0.0
2014-10-01,31.5,77.5,0.3289898633956909
2014-10-01,31.75,76.5,0.8262161016464233
2014-10-01,31.75,76.75,2.6042323112487793
2014-10-01,31.75,77.0,0.4328802525997162
2014-10-01,31.75,77.25,0.0
2014-10-01,31.75,77.5,0.29818105697631836
2014-10-01,32.0,76.5,1.7917053699493408
2014-10-01,32.0,76.75,2.459759473800659
2014-10-01,32.0,77.0,0.23516272008419037
2014-10-01,32.0,77.25,0.0
2014-10-01,32.0,77.5,0.0
2014-10-02,31.5,76.5,1.7254548072814941
2014-10-02,31.5,76.75,0.0
2014-10-02,31.5,77.0,0.0
2014-10-02,31.5,77.25,0.0
2014-10-02,31.5,77.5,1.0155378580093384
2014-10-02,31.75,76.5,0.0
2014-10-02,31.75,76.75,0.0
2014-10-02,31.75,77.0,0.0
2014-10-02,31.75,77.25,0.0
2014-10-02,31.75,77.5,0.0
2014-10-02,32.0,76.5,0.0
2014-10-02,32.0,76.75,0.0
2014-10-02,32.0,77.0,0.0
2014-10-02,32.0,77.25,0.0
2014-10-02,32.0,77.5,0.0
2014-10-03,31.5,76.5,0.0
2014-10-03,31.5,76.75,0.0
2014-10-03,31.5,77.0,0.0
2014-10-03,31.5,77.25,0.0
2014-10-03,31.5,77.5,0.0
2014-10-03,31.75,76.5,0.0
2014-10-03,31.75,76.75,0.0
2014-10-03,31.75,77.0,0.0
2014-10-03,31.75,77.25,0.0
2014-10-03,31.75,77.5,0.0
2014-10-03,32.0,76.5,0.0
2014-10-03,32.0,76.75,0.0
2014-10-03,32.0,77.0,0.0
2014-10-03,32.0,77.25,0.0
2014-10-03,32.0,77.5,0.0
2014-10-04,31.5,76.5,0.0
2014-10-04,31.5,76.75,0.0
2014-10-04,31.5,77.0,0.0
2014-10-04,31.5,77.25,0.0
2014-10-04,31.5,77.5,0.0
2014-10-04,31.75,76.5,0.0
2014-10-04,31.75,76.75,1.6578775644302368
2014-10-04,31.75,77.0,0.28858688473701477
2014-10-04,31.75,77.25,0.0
2014-10-04,31.75,77.5,0.0
2014-10-04,32.0,76.5,0.35173049569129944
2014-10-04,32.0,76.75,0.33139610290527344
2014-10-04,32.0,77.0,0.15677516162395477
2014-10-04,32.0,77.25,0.0
2014-10-04,32.0,77.5,0.0
2014-10-05,31.5,76.5,4.74149751663208
2014-10-05,31.5,76.75,0.0
2014-10-05,31.5,77.0,0.0
2014-10-05,31.5,77.25,0.0
2014-10-05,31.5,77.5,0.0
2014-10-05,31.75,76.5,6.756950855255127
2014-10-05,31.75,76.75,0.0
2014-10-05,31.75,77.0,0.0
2014-10-05,31.75,77.25,0.0
2014-10-05,31.75,77.5,0.0
2014-10-05,32.0,76.5,3.479447364807129
2014-10-05,32.0,76.75,1.308443546295166
2014-10-05,32.0,77.0,0.0
2014-10-05,32.0,77.25,0.0
2014-10-05,32.0,77.5,0.0
2014-10-06,31.5,76.5,0.0
2014-10-06,31.5,76.75,0.0
2014-10-06,31.5,77.0,0.0
2014-10-06,31.5,77.25,0.0
2014-10-06,31.5,77.5,0.0
2014-10-06,31.75,76.5,0.0
2014-10-06,31.75,76.75,0.0
2014-10-06,31.75,77.0,0.0
2014-10-06,31.75,77.25,0.0
2014-10-06,31.75,77.5,0.0
2014-10-06,32.0,76.5,0.0
2014-10-06,32.0,76.75,0.0
2014-10-06,32.0,77.0,0.0
2014-10-06,32.0,77.25,0.0
2014-10-06,32.0,77.5,0.0
2014-10-07,31.5,76.5,0.0
2014-10-07,31.5,76.75,0.0
2014-10-07,31.5,77.0,0.0
2014-10-07,31.5,77.25,0.0
2014-10-07,31.5,77.5,0.0
2014-10-07,31.75,76.5,0.0
2014-10-07,31.75,76.75,0.0
2014-10-07,31.75,77.0,0.0
2014-10-07,31.75,77.25,0.0
2014-10-07,31.75,77.5,0.0
2014-10-07,32.0,76.5,0.0
2014-10-07,32.0,76.75,0.0
2014-10-07,32.0,77.0,2.2665812969207764
2014-10-07,32.0,77.25,2.5711793899536133
2014-10-07,32.0,77.5,1.7375199794769287
2014-10-08,31.5,76.5,12.428813934326172
2014-10-08,31.5,76.75,5.844979286193848
2014-10-08,31.5,77.0,4.136075496673584
2014-10-08,31.5,77.25,4.599030494689941
2014-10-08,31.5,77.5,2.857414484024048
2014-10-08,31.75,76.5,13.03868293762207
2014-10-08,31.75,76.75,9.36678695678711
2014-10-08,31.75,77.0,10.098002433776855
2014-10-08,31.75,77.25,6.236255645751953
2014-10-08,31.75,77.5,5.32554292678833
2014-10-08,32.0,76.5,11.036630630493164
2014-10-08,32.0,76.75,11.92686939239502
2014-10-08,32.0,77.0,9.949949264526367
2014-10-08,32.0,77.25,8.918192863464355
2014-10-08,32.0,77.5,7.937208652496338
2014-10-09,31.5,76.5,0.3405503034591675
2014-10-09,31.5,76.75,0.0
2014-10-09,31.5,77.0,1.0151803493499756
2014-10-09,31.5,77.25,1.9275927543640137
2014-10-09,31.5,77.5,1.2572623491287231
2014-10-09,31.75,76.5,3.140747547149658
2014-10-09,31.75,76.75,1.0958187580108643
2014-10-09,31.75,77.0,3.0036122798919678
2014-10-09,31.75,77.25,2.449068069458008
2014-10-09,31.75,77.5,1.903151512145996
2014-10-09,32.0,76.5,6.789417743682861
2014-10-09,32.0,76.75,7.939936637878418
2014-10-09,32.0,77.0,2.3457534313201904
2014-10-09,32.0,77.25,2.2744762897491455
2014-10-09,32.0,77.5,2.3491950035095215
2014-10-10,31.5,76.5,0.0
2014-10-10,31.5,76.75,0.0
2014-10-10,31.5,77.0,0.0
2014-10-10,31.5,77.25,0.0
2014-10-10,31.5,77.5,0.0
2014-10-10,31.75,76.5,0.0
2014-10-10,31.75,76.75,0.0
2014-10-10,31.75,77.0,0.0
2014-10-10,31.75,77.25,0.0
2014-10-10,31.75,77.5,0.0
2014-10-10,32.0,76.5,0.0
2014-10-10,32.0,76.75,0.0
2014-10-10,32.0,77.0,0.0
2014-10-10,32.0,77.25,0.0
2014-10-10,32.0,77.5,0.0
2014-10-11,31.5,76.5,0.0
2014-10-11,31.5,76.75,0.0
2014-10-11,31.5,77.0,0.0
2014-10-11,31.5,77.25,0.0
2014-10-11,31.5,77.5,0.0
2014-10-11,31.75,76.5,0.0
2014-10-11,31.75,76.75,0.0
2014-10-11,31.75,77.0,0.0
2014-10-11,31.75,77.25,0.0
2014-10-11,31.75,77.5,0.0
2014-10-11,32.0,76.5,0.0
2014-10-11,32.0,76.75,0.0
2014-10-11,32.0,77.0,0.0
2014-10-11,32.0,77.25,0.0
2014-10-11,32.0,77.5,0.0
2014-10-12,31.5,76.5,0.0
2014-10-12,31.5,76.75,0.0
2014-10-12,31.5,77.0,0.0
2014-10-12,31.5,77.25,0.0
2014-10-12,31.5,77.5,0.0
2014-10-12,31.75,76.5,0.0
2014-10-12,31.75,76.75,0.0
2014-10-12,31.75,77.0,0.0
2014-10-12,31.75,77.25,0.0
2014-10-12,31.75,77.5,0.0
2014-10-12,32.0,76.5,0.0
2014-10-12,32.0,76.75,0.0
2014-10-12,32.0,77.0,0.0
2014-10-12,32.0,77.25,0.0
2014-10-12,32.0,77.5,0.0
2014-10-13,31.5,76.5,0.0
2014-10-13,31.5,76.75,0.0
2014-10-13,31.5,77.0,0.0
2014-10-13,31.5,77.25,0.0
2014-10-13,31.5,77.5,0.0
2014-10-13,31.75,76.5,0.0
2014-10-13,31.75,76.75,0.0
2014-10-13,31.75,77.0,0.0
2014-10-13,31.75,77.25,0.0
2014-10-13,31.75,77.5,0.0
2014-10-13,32.0,76.5,0.0
2014-10-13,32.0,76.75,0.0
2014-10-13,32.0,77.0,0.0
2014-10-13,32.0,77.25,0.0
2014-10-13,32.0,77.5,0.0
2014-10-14,31.5,76.5,0.6286869645118713
2014-10-14,31.5,76.75,1.327173113822937
2014-10-14,31.5,77.0,0.0
2014-10-14,31.5,77.25,0.0
2014-10-14,31.5,77.5,0.0
2014-10-14,31.75,76.5,0.5951403379440308
2014-10-14,31.75,76.75,0.2235354632139206
2014-10-14,31.75,77.0,0.0
2014-10-14,31.75,77.25,0.0
2014-10-14,31.75,77.5,0.0
2014-10-14,32.0,76.5,2.5134594440460205
2014-10-14,32.0,76.75,1.308443546295166
2014-10-14,32.0,77.0,0.0
2014-10-14,32.0,77.25,0.0
2014-10-14,32.0,77.5,0.0
2014-10-15,31.5,76.5,0.0
2014-10-15,31.5,76.75,0.0
2014-10-15,31.5,77.0,2.922328233718872
2014-10-15,31.5,77.25,6.042800426483154
2014-10-15,31.5,77.5,8.667682647705078
2014-10-15,31.75,76.5,0.0
2014-10-15,31.75,76.75,0.0
2014-10-15,31.75,77.0,3.4051365852355957
2014-10-15,31.75,77.25,5.392862319946289
2014-10-15,31.75,77.5,5.256715774536133
2014-10-15,32.0,76.5,0.0
2014-10-15,32.0,76.75,0.598550021648407
2014-10-15,32.0,77.0,2.83044171333313
2014-10-15,32.0,77.25,3.1585707664489746
2014-10-15,32.0,77.5,3.9090843200683594
2014-10-16,31.5,76.5,0.0
2014-10-16,31.5,76.75,0.12290939688682556
2014-10-16,31.5,77.0,0.0
2014-10-16,31.5,77.25,0.0
2014-10-16,31.5,77.5,0.0
2014-10-16,31.75,76.5,2.2032430171966553
2014-10-16,31.75,76.75,4.043334484100342
2014-10-16,31.75,77.0,0.6493204236030579
2014-10-16,31.75,77.25,0.0
2014-10-16,31.75,77.5,0.0
2014-10-16,32.0,76.5,4.777881145477295
2014-10-16,32.0,76.75,5.979415416717529
2014-10-16,32.0,77.0,1.0395867824554443
2014-10-16,32.0,77.25,0.7791453003883362
2014-10-16,32.0,77.5,0.5265212059020996
2014-10-17,31.5,76.5,0.0
2014-10-17,31.5,76.75,0.0
2014-10-17,31.5,77.0,0.0
2014-10-17,31.5,77.25,0.0
2014-10-17,31.5,77.5,0.0
2014-10-17,31.75,76.5,0.0
2014-10-17,31.75,76.75,0.0
2014-10-17,31.75,77.0,0.0
2014-10-17,31.75,77.25,0.0
2014-10-17,31.75,77.5,0.0
2014-10-17,32.0,76.5,0.0
2014-10-17,32.0,76.75,0.0
2014-10-17,32.0,77.0,1.7857911586761475
2014-10-17,32.0,77.25,2.025777578353882
2014-10-17,32.0,77.5,1.3689550161361694
2014-10-18,31.5,76.5,0.0
2014-10-18,31.5,76.75,0.0
2014-10-18,31.5,77.0,0.0
2014-10-18,31.5,77.25,0.0
2014-10-18,31.5,77.5,0.0
2014-10-18,31.75,76.5,0.0
2014-10-18,31.75,76.75,0.0
2014-10-18,31.75,77.0,0.0
2014-10-18,31.75,77.25,0.0
2014-10-18,31.75,77.5,0.0
2014-10-18,32.0,76.5,0.0
2014-10-18,32.0,76.75,0.0
2014-10-18,32.0,77.0,0.0
2014-10-18,32.0,77.25,0.0
2014-10-18,32.0,77.5,0.0
2014-10-19,31.5,76.5,0.0
2014-10-19,31.5,76.75,0.0
2014-10-19,31.5,77.0,0.0
2014-10-19,31.5,77.25,0.0
2014-10-19,31.5,77.5,0.0
2014-10-19,31.75,76.5,0.0
2014-10-19,31.75,76.75,0.0
2014-10-19,31.75,77.0,0.0
2014-10-19,31.75,77.25,0.0
2014-10-19,31.75,77.5,0.0
2014-10-19,32.0,76.5,0.0
2014-10-19,32.0,76.75,0.0
2014-10-19,32.0,77.0,0.0
2014-10-19,32.0,77.25,0.0
2014-10-19,32.0,77.5,0.0
2014-10-20,31.5,76.5,0.0
2014-10-20,31.5,76.75,0.0
2014-10-20,31.5,77.0,0.0
2014-10-20,31.5,77.25,0.0
2014-10-20,31.5,77.5,0.0
2014-10-20,31.75,76.5,0.0
2014-10-20,31.75,76.75,0.0
2014-10-20,31.75,77.0,0.0
2014-10-20,31.75,77.25,0.0
2014-10-20,31.75,77.5,0.0
2014-10-20,32.0,76.5,0.0
2014-10-20,32.0,76.75,0.0
2014-10-20,32.0,77.0,0.0
2014-10-20,32.0,77.25,0.0
2014-10-20,32.0,77.5,0.0
2014-10-21,31.5,76.5,0.0
2014-10-21,31.5,76.75,0.0
2014-10-21,31.5,77.0,0.0
2014-10-21,31.5,77.25,0.0
2014-10-21,31.5,77.5,0.0
2014-10-21,31.75,76.5,0.0
2014-10-21,31.75,76.75,0.0
2014-10-21,31.75,77.0,0.27217546105384827
2014-10-21,31.75,77.25,0.0
2014-10-21,31.75,77.5,0.0
2014-10-21,32.0,76.5,0.0
2014-10-21,32.0,76.75,0.0
2014-10-21,32.0,77.0,0.2072516828775406
2014-10-21,32.0,77.25,0.13660027086734772
2014-10-21,32.0,77.5,0.10114746540784836
2014-10-22,31.5,76.5,0.0
2014-10-22,31.5,76.75,0.0
2014-10-22,31.5,77.0,0.0
2014-10-22,31.5,77.25,0.0
2014-10-22,31.5,77.5,0.0
2014-10-22,31.75,76.5,0.0
2014-10-22,31.75,76.75,0.0
2014-10-22,31.75,77.0,0.0
2014-10-22,31.75,77.25,0.0
2014-10-22,31.75,77.5,0.0
2014-10-22,32.0,76.5,0.0
2014-10-22,32.0,76.75,0.0
2014-10-22,32.0,77.0,0.0
2014-10-22,32.0,77.25,0.0
2014-10-22,32.0,77.5,0.0
2014-10-23,31.5,76.5,0.0
2014-10-23,31.5,76.75,0.0
2014-10-23,31.5,77.0,0.0
2014-10-23,31.5,77.25,0.0
2014-10-23,31.5,77.5,0.0
2014-10-23,31.75,76.5,0.0
2014-10-23,31.75,76.75,0.0
2014-10-23,31.75,77.0,0.0
2014-10-23,31.75,77.25,0.0
2014-10-23,31.75,77.5,0.0
2014-10-23,32.0,76.5,0.0
2014-10-23,32.0,76.75,0.0
2014-10-23,32.0,77.0,0.0
2014-10-23,32.0,77.25,0.0
2014-10-23,32.0,77.5,0.0
2014-10-24,31.5,76.5,0.0
2014-10-24,31.5,76.75,0.0
2014-10-24,31.5,77.0,0.0
2014-10-24,31.5,77.25,0.0
2014-10-24,31.5,77.5,0.0
2014-10-24,31.75,76.5,0.0
2014-10-24,31.75,76.75,0.0
2014-10-24,31.75,77.0,0.0
2014-10-24,31.75,77.25,0.0
2014-10-24,31.75,77.5,0.0
2014-10-24,32.0,76.5,0.0
2014-10-24,32.0,76.75,0.0
2014-10-24,32.0,77.0,0.0
2014-10-24,32.0,77.25,0.0
2014-10-24,32.0,77.5,0.0
2014-10-25,31.5,76.5,0.0
2014-10-25,31.5,76.75,0.0
2014-10-25,31.5,77.0,0.0
2014-10-25,31.5,77.25,0.0
2014-10-25,31.5,77.5,0.0
2014-10-25,31.75,76.5,0.0
2014-10-25,31.75,76.75,0.0
2014-10-25,31.75,77.0,0.0
2014-10-25,31.75,77.25,0.0
2014-10-25,31.75,77.5,0.0
2014-10-25,32.0,76.5,0.0
2014-10-25,32.0,76.75,0.0
2014-10-25,32.0,77.0,0.4121056795120239
2014-10-25,32.0,77.25,0.4674871861934662
2014-10-25,32.0,77.5,0.31591272354125977
2014-10-26,31.5,76.5,0.0
2014-10-26,31.5,76.75,0.0
2014-10-26,31.5,77.0,0.1624995917081833
2014-10-26,31.5,77.25,0.40209394693374634
2014-10-26,31.5,77.5,0.0
2014-10-26,31.75,76.5,0.0
2014-10-26,31.75,76.75,2.1005136966705322
2014-10-26,31.75,77.0,0.9225410223007202
2014-10-26,31.75,77.25,0.19493992626667023
2014-10-26,31.75,77.5,0.14855323731899261
2014-10-26,32.0,76.5,0.0
2014-10-26,32.0,76.75,0.5444461107254028
2014-10-26,32.0,77.0,0.9103296399116516
2014-10-26,32.0,77.25,0.6868691444396973
2014-10-26,32.0,77.5,0.5188441872596741
2014-10-27,31.5,76.5,0.6671438217163086
2014-10-27,31.5,76.75,1.611567497253418
2014-10-27,31.5,77.0,0.0
2014-10-27,31.5,77.25,0.0
2014-10-27,31.5,77.5,0.6031481027603149
2014-10-27,31.75,76.5,0.0
2014-10-27,31.75,76.75,0.17638476192951202
2014-10-27,31.75,77.0,0.0
2014-10-27,31.75,77.25,0.0
2014-10-27,31.75,77.5,0.5466652512550354
2014-10-27,32.0,76.5,0.3077641427516937
2014-10-27,32.0,76.75,0.0
2014-10-27,32.0,77.0,0.4807899296283722
2014-10-27,32.0,77.25,0.5454016923904419
2014-10-27,32.0,77.5,0.3685648441314697
2014-10-28,31.5,76.5,0.0
2014-10-28,31.5,76.75,0.0
2014-10-28,31.5,77.0,0.1624995917081833
2014-10-28,31.5,77.25,0.0
2014-10-28,31.5,77.5,0.0
2014-10-28,31.75,76.5,3.029459238052368
2014-10-28,31.75,76.75,2.392883062362671
2014-10-28,31.75,77.0,0.49022895097732544
2014-10-28,31.75,77.25,0.0
2014-10-28,31.75,77.5,0.0
2014-10-28,32.0,76.5,6.569586277008057
2014-10-28,32.0,76.75,7.638450622558594
2014-10-28,32.0,77.0,0.6550717949867249
2014-10-28,32.0,77.25,0.5598832964897156
2014-10-28,32.0,77.5,0.419775128364563
2014-10-29,31.5,76.5,0.19621874392032623
2014-10-29,31.5,76.75,0.47399044036865234
2014-10-29,31.5,77.0,0.4241378903388977
2014-10-29,31.5,77.25,2.2753982543945312
2014-10-29,31.5,77.5,2.387096643447876
2014-10-29,31.75,76.5,0.0
2014-10-29,31.75,76.75,0.0
2014-10-29,31.75,77.0,9.44218921661377
2014-10-29,31.75,77.25,4.1295294761657715
2014-10-29,31.75,77.5,4.601570129394531
2014-10-29,32.0,76.5,0.0
2014-10-29,32.0,76.75,1.720831274986267
2014-10-29,32.0,77.0,8.455184936523438
2014-10-29,32.0,77.25,6.616758346557617
2014-10-29,32.0,77.5,5.4019975662231445
2014-10-30,31.5,76.5,0.0
2014-10-30,31.5,76.75,0.0
2014-10-30,31.5,77.0,0.0
2014-10-30,31.5,77.25,0.0
2014-10-30,31.5,77.5,0.0
2014-10-30,31.75,76.5,0.0
2014-10-30,31.75,76.75,0.0
2014-10-30,31.75,77.0,0.0
2014-10-30,31.75,77.25,0.0
2014-10-30,31.75,77.5,0.0
2014-10-30,32.0,76.5,0.0
2014-10-30,32.0,76.75,0.0
2014-10-30,32.0,77.0,0.0
2014-10-30,32.0,77.25,0.0
2014-10-30,32.0,77.5,0.0
2014-10-31,31.5,76.5,0.0
2014-10-31,31.5,76.75,0.0
2014-10-31,31.5,77.0,0.0
2014-10-31,31.5,77.25,0.0
2014-10-31,31.5,77.5,0.0
2014-10-31,31.75,76.5,0.0
2014-10-31,31.75,76.75,0.0
2014-10-31,31.75,77.0,0.0
2014-10-31,31.75,77.25,0.0
2014-10-31,31.75,77.5,0.0
2014-10-31,32.0,76.5,0.0
2014-10-31,32.0,76.75,0.0
2014-10-31,32.0,77.0,0.0
2014-10-31,32.0,77.25,0.0
2014-10-31,32.0,77.5,0.0
2014-11-01,31.5,76.5,0.0
2014-11-01,31.5,76.75,0.0
2014-11-01,31.5,77.0,0.0
2014-11-01,31.5,77.25,0.0
2014-11-01,31.5,77.5,0.0
2014-11-01,31.75,76.5,0.0
2014-11-01,31.75,76.75,0.0
2014-11-01,31.75,77.0,0.0
2014-11-01,31.75,77.25,0.0
2014-11-01,31.75,77.5,0.0
2014-11-01,32.0,76.5,0.0
2014-11-01,32.0,76.75,0.0
2014-11-01,32.0,77.0,0.0
2014-11-01,32.0,77.25,0.0
2014-11-01,32.0,77.5,0.0
2014-11-02,31.5,76.5,0.0
2014-11-02,31.5,76.75,0.0
2014-11-02,31.5,77.0,0.0
2014-11-02,31.5,77.25,0.0
2014-11-02,31.5,77.5,0.0
2014-11-02,31.75,76.5,0.0
2014-11-02,31.75,76.75,0.0
2014-11-02,31.75,77.0,0.0
2014-11-02,31.75,77.25,0.0
2014-11-02,31.75,77.5,0.0
2014-11-02,32.0,76.5,0.0
2014-11-02,32.0,76.75,0.0
2014-11-02,32.0,77.0,0.0
2014-11-02,32.0,77.25,0.0
2014-11-02,32.0,77.5,0.0
2014-11-03,31.5,76.5,0.0
2014-11-03,31.5,76.75,0.0
2014-11-03,31.5,77.0,0.0
2014-11-03,31.5,77.25,0.0
2014-11-03,31.5,77.5,0.0
2014-11-03,31.75,76.5,0.0
2014-11-03,31.75,76.75,0.0
2014-11-03,31.75,77.0,0.0
2014-11-03,31.75,77.25,0.0
2014-11-03,31.75,77.5,0.0
2014-11-03,32.0,76.5,0.0
2014-11-03,32.0,76.75,0.0
2014-11-03,32.0,77.0,0.0
2014-11-03,32.0,77.25,0.0
2014-11-03,32.0,77.5,0.0
2014-11-04,31.5,76.5,0.0
2014-11-04,31.5,76.75,0.0
2014-11-04,31.5,77.0,0.0
2014-11-04,31.5,77.25,0.0
2014-11-04,31.5,77.5,0.0
2014-11-04,31.75,76.5,0.0
2014-11-04,31.75,76.75,0.0
2014-11-04,31.75,77.0,0.0
2014-11-04,31.75,77.25,0.0
2014-11-04,31.75,77.5,0.0
2014-11-04,32.0,76.5,0.0
2014-11-04,32.0,76.75,0.0
2014-11-04,32.0,77.0,0.0
2014-11-04,32.0,77.25,0.0
2014-11-04,32.0,77.5,0.0
2014-11-05,31.5,76.5,0.0
2014-11-05,31.5,76.75,0.0
2014-11-05,31.5,77.0,0.0
2014-11-05,31.5,77.25,0.0
2014-11-05,31.5,77.5,0.0
2014-11-05,31.75,76.5,0.0
2014-11-05,31.75,76.75,0.0
2014-11-05,31.75,77.0,0.0
2014-11-05,31.75,77.25,0.0
2014-11-05,31.75,77.5,0.0
2014-11-05,32.0,76.5,0.0
2014-11-05,32.0,76.75,0.0
2014-11-05,32.0,77.0,0.0
2014-11-05,32.0,77.25,0.0
2014-11-05,32.0,77.5,0.0
2014-11-06,31.5,76.5,0.0
2014-11-06,31.5,76.75,0.0
2014-11-06,31.5,77.0,0.0
2014-11-06,31.5,77.25,0.0
2014-11-06,31.5,77.5,0.0
2014-11-06,31.75,76.5,0.0
2014-11-06,31.75,76.75,0.0
2014-11-06,31.75,77.0,0.0
2014-11-06,31.75,77.25,0.0
2014-11-06,31.75,77.5,0.0
2014-11-06,32.0,76.5,0.0
2014-11-06,32.0,76.75,0.0
2014-11-06,32.0,77.0,0.0
2014-11-06,32.0,77.25,0.0
2014-11-06,32.0,77.5,0.0
2014-11-07,31.5,76.5,0.0
2014-11-07,31.5,76.75,0.0
2014-11-07,31.5,77.0,0.0
2014-11-07,31.5,77.25,0.0
2014-11-07,31.5,77.5,0.0
2014-11-07,31.75,76.5,0.0
2014-11-07,31.75,76.75,0.0
2014-11-07,31.75,77.0,0.0
2014-11-07,31.75,77.25,0.0
2014-11-07,31.75,77.5,0.0
2014-11-07,32.0,76.5,0.0
2014-11-07,32.0,76.75,0.0
2014-11-07,32.0,77.0,0.0
2014-11-07,32.0,77.25,0.0
2014-11-07,32.0,77.5,0.0
2014-11-08,31.5,76.5,0.0
2014-11-08,31.5,76.75,0.26279956102371216
2014-11-08,31.5,77.0,0.48749876022338867
2014-11-08,31.5,77.25,0.0
2014-11-08,31.5,77.5,0.0
2014-11-08,31.75,76.5,1.4954185485839844
2014-11-08,31.75,76.75,6.6353912353515625
2014-11-08,31.75,77.0,7.0103912353515625
2014-11-08,31.75,77.25,1.7013968229293823
2014-11-08,31.75,77.5,1.9807096719741821
2014-11-08,32.0,76.5,4.152515411376953
2014-11-08,32.0,76.75,5.705190181732178
2014-11-08,32.0,77.0,7.26145601272583
2014-11-08,32.0,77.25,5.658287525177002
2014-11-08,32.0,77.5,4.12470817565918
2014-11-09,31.5,76.5,0.0
2014-11-09,31.5,76.75,0.0
2014-11-09,31.5,77.0,0.0
2014-11-09,31.5,77.25,0.0
2014-11-09,31.5,77.5,0.40209874510765076
2014-11-09,31.75,76.5,0.0
2014-11-09,31.75,76.75,0.0
2014-11-09,31.75,77.0,0.0
2014-11-09,31.75,77.25,0.0
2014-11-09,31.75,77.5,0.36444351077079773
2014-11-09,32.0,76.5,0.0
2014-11-09,32.0,76.75,0.0
2014-11-09,32.0,77.0,0.0
2014-11-09,32.0,77.25,0.0
2014-11-09,32.0,77.5,0.0
2014-11-10,31.5,76.5,0.0
2014-11-10,31.5,76.75,0.0
2014-11-10,31.5,77.0,0.0
2014-11-10,31.5,77.25,0.0
2014-11-10,31.5,77.5,0.0
2014-11-10,31.75,76.5,0.0
2014-11-10,31.75,76.75,0.0
2014-11-10,31.75,77.0,0.0
2014-11-10,31.75,77.25,0.0
2014-11-10,31.75,77.5,0.0
2014-11-10,32.0,76.5,0.0
2014-11-10,32.0,76.75,0.0
2014-11-10,32.0,77.0,0.0
2014-11-10,32.0,77.25,0.0
2014-11-10,32.0,77.5,0.0
2014-11-11,31.5,76.5,0.0
2014-11-11,31.5,76.75,0.0
2014-11-11,31.5,77.0,0.0
2014-11-11,31.5,77.25,0.0
2014-11-11,31.5,77.5,0.0
2014-11-11,31.75,76.5,0.0
2014-11-11,31.75,76.75,0.0
2014-11-11,31.75,77.0,0.0
2014-11-11,31.75,77.25,0.0
2014-11-11,31.75,77.5,0.0
2014-11-11,32.0,76.5,0.0
2014-11-11,32.0,76.75,0.0
2014-11-11,32.0,77.0,0.0
2014-11-11,32.0,77.25,0.0
2014-11-11,32.0,77.5,0.0
2014-11-12,31.5,76.5,0.0
2014-11-12,31.5,76.75,0.0
2014-11-12,31.5,77.0,0.0
2014-11-12,31.5,77.25,0.0
2014-11-12,31.5,77.5,0.0
2014-11-12,31.75,76.5,0.0
2014-11-12,31.75,76.75,0.0
2014-11-12,31.75,77.0,0.0
2014-11-12,31.75,77.25,0.0
2014-11-12,31.75,77.5,0.0
2014-11-12,32.0,76.5,0.0
2014-11-12,32.0,76.75,0.0
2014-11-12,32.0,77.0,0.0
2014-11-12,32.0,77.25,0.0
2014-11-12,32.0,77.5,0.0
2014-11-13,31.5,76.5,0.0
2014-11-13,31.5,76.75,0.0
2014-11-13,31.5,77.0,0.0
2014-11-13,31.5,77.25,0.0
2014-11-13,31.5,77.5,0.0
2014-11-13,31.75,76.5,0.0
2014-11-13,31.75,76.75,0.0
2014-11-13,31.75,77.0,0.0
2014-11-13,31.75,77.25,0.0
2014-11-13,31.75,77.5,0.0
2014-11-13,32.0,76.5,0.0
2014-11-13,32.0,76.75,0.0
2014-11-13,32.0,77.0,0.0
2014-11-13,32.0,77.25,0.0
2014-11-13,32.0,77.5,0.0
2014-11-14,31.5,76.5,0.0
2014-11-14,31.5,76.75,0.0
2014-11-14,31.5,77.0,0.0
2014-11-14,31.5,77.25,0.0
2014-11-14,31.5,77.5,0.0
2014-11-14,31.75,76.5,0.0
2014-11-14,31.75,76.75,0.0
2014-11-14,31.75,77.0,0.0
2014-11-14,31.75,77.25,0.0
2014-11-14,31.75,77.5,0.0
2014-11-14,32.0,76.5,0.0
2014-11-14,32.0,76.75,0.0
2014-11-14,32.0,77.0,0.0
2014-11-14,32.0,77.25,0.0
2014-11-14,32.0,77.5,0.0
2014-11-15,31.5,76.5,0.0
2014-11-15,31.5,76.75,0.0
2014-11-15,31.5,77.0,0.0
2014-11-15,31.5,77.25,0.0
2014-11-15,31.5,77.5,0.0
2014-11-15,31.75,76.5,0.0
2014-11-15,31.75,76.75,0.0
2014-11-15,31.75,77.0,0.0
2014-11-15,31.75,77.25,0.0
2014-11-15,31.75,77.5,0.0
2014-11-15,32.0,76.5,0.0
2014-11-15,32.0,76.75,0.0
2014-11-15,32.0,77.0,0.0
2014-11-15,32.0,77.25,0.0
2014-11-15,32.0,77.5,0.0
2014-11-16,31.5,76.5,0.0
2014-11-16,31.5,76.75,0.0
2014-11-16,31.5,77.0,0.0
2014-11-16,31.5,77.25,0.0
2014-11-16,31.5,77.5,0.0
2014-11-16,31.75,76.5,0.0
2014-11-16,31.75,76.75,0.0
2014-11-16,31.75,77.0,0.0
2014-11-16,31.75,77.25,0.0
2014-11-16,31.75,77.5,0.0
2014-11-16,32.0,76.5,0.0
2014-11-16,32.0,76.75,0.0
2014-11-16,32.0,77.0,0.0
2014-11-16,32.0,77.25,0.0
2014-11-16,32.0,77.5,0.0
2014-11-17,31.5,76.5,0.0
2014-11-17,31.5,76.75,0.0
2014-11-17,31.5,77.0,0.0
2014-11-17,31.5,77.25,0.0
2014-11-17,31.5,77.5,0.0
2014-11-17,31.75,76.5,0.0
2014-11-17,31.75,76.75,0.0
2014-11-17,31.75,77.0,0.0
2014-11-17,31.75,77.25,0.0
2014-11-17,31.75,77.5,0.0
2014-11-17,32.0,76.5,0.0
2014-11-17,32.0,76.75,0.0
2014-11-17,32.0,77.0,0.0
2014-11-17,32.0,77.25,0.0
2014-11-17,32.0,77.5,0.0
2014-11-18,31.5,76.5,0.0
2014-11-18,31.5,76.75,0.0
2014-11-18,31.5,77.0,0.0
2014-11-18,31.5,77.25,0.0
2014-11-18,31.5,77.5,0.0
2014-11-18,31.75,76.5,0.0
2014-11-18,31.75,76.75,0.0
2014-11-18,31.75,77.0,0.0
2014-11-18,31.75,77.25,0.0
2014-11-18,31.75,77.5,0.0
2014-11-18,32.0,76.5,0.0
2014-11-18,32.0,76.75,0.0
2014-11-18,32.0,77.0,0.0
2014-11-18,32.0,77.25,0.0
2014-11-18,32.0,77.5,0.0
2014-11-19,31.5,76.5,0.0
2014-11-19,31.5,76.75,0.0
2014-11-19,31.5,77.0,0.0
2014-11-19,31.5,77.25,0.0
2014-11-19,31.5,77.5,0.0
2014-11-19,31.75,76.5,0.0
2014-11-19,31.75,76.75,0.0
2014-11-19,31.75,77.0,0.0
2014-11-19,31.75,77.25,0.0
2014-11-19,31.75,77.5,0.0
2014-11-19,32.0,76.5,0.0
2014-11-19,32.0,76.75,0.0
2014-11-19,32.0,77.0,0.0
2014-11-19,32.0,77.25,0.0
2014-11-19,32.0,77.5,0.0
2014-11-20,31.5,76.5,0.0
2014-11-20,31.5,76.75,0.0
2014-11-20,31.5,77.0,0.0
2014-11-20,31.5,77.25,0.0
2014-11-20,31.5,77.5,0.0
2014-11-20,31.75,76.5,0.0
2014-11-20,31.75,76.75,0.0
2014-11-20,31.75,77.0,0.0
2014-11-20,31.75,77.25,0.0
2014-11-20,31.75,77.5,0.0
2014-11-20,32.0,76.5,0.0
2014-11-20,32.0,76.75,0.0
2014-11-20,32.0,77.0,0.0
2014-11-20,32.0,77.25,0.0
2014-11-20,32.0,77.5,0.0
2014-11-21,31.5,76.5,0.0
2014-11-21,31.5,76.75,0.0
2014-11-21,31.5,77.0,0.0
2014-11-21,31.5,77.25,0.0
2014-11-21,31.5,77.5,0.0
2014-11-21,31.75,76.5,0.0
2014-11-21,31.75,76.75,0.0
2014-11-21,31.75,77.0,0.0
2014-11-21,31.75,77.25,0.0
2014-11-21,31.75,77.5,0.0
2014-11-21,32.0,76.5,0.0
2014-11-21,32.0,76.75,0.0
2014-11-21,32.0,77.0,0.0
2014-11-21,32.0,77.25,0.0
2014-11-21,32.0,77.5,0.0
2014-11-22,31.5,76.5,0.0
2014-11-22,31.5,76.75,0.0
2014-11-22,31.5,77.0,0.0
2014-11-22,31.5,77.25,0.0
2014-11-22,31.5,77.5,0.0
2014-11-22,31.75,76.5,0.0
2014-11-22,31.75,76.75,0.0
2014-11-22,31.75,77.0,0.0
2014-11-22,31.75,77.25,0.0
2014-11-22,31.75,77.5,0.0
2014-11-22,32.0,76.5,0.0
2014-11-22,32.0,76.75,0.0
2014-11-22,32.0,77.0,0.0
2014-11-22,32.0,77.25,0.0
2014-11-22,32.0,77.5,0.0
2014-11-23,31.5,76.5,0.0
2014-11-23,31.5,76.75,0.0
2014-11-23,31.5,77.0,0.0
2014-11-23,31.5,77.25,0.0
2014-11-23,31.5,77.5,0.0
2014-11-23,31.75,76.5,0.0
2014-11-23,31.75,76.75,0.0
2014-11-23,31.75,77.0,0.0
2014-11-23,31.75,77.25,0.0
2014-11-23,31.75,77.5,0.0
2014-11-23,32.0,76.5,0.0
2014-11-23,32.0,76.75,0.0
2014-11-23,32.0,77.0,0.0
2014-11-23,32.0,77.25,0.0
2014-11-23,32.0,77.5,0.0
2014-11-24,31.5,76.5,0.0
2014-11-24,31.5,76.75,0.0
2014-11-24,31.5,77.0,0.0
2014-11-24,31.5,77.25,0.0
2014-11-24,31.5,77.5,0.0
2014-11-24,31.75,76.5,0.0
2014-11-24,31.75,76.75,0.0
2014-11-24,31.75,77.0,0.0
2014-11-24,31.75,77.25,0.0
2014-11-24,31.75,77.5,0.0
2014-11-24,32.0,76.5,0.0
2014-11-24,32.0,76.75,0.0
2014-11-24,32.0,77.0,0.0
2014-11-24,32.0,77.25,0.0
2014-11-24,32.0,77.5,0.0
2014-11-25,31.5,76.5,0.0
2014-11-25,31.5,76.75,0.0
2014-11-25,31.5,77.0,0.0
2014-11-25,31.5,77.25,0.0
2014-11-25,31.5,77.5,0.0
2014-11-25,31.75,76.5,0.0
2014-11-25,31.75,76.75,0.0
2014-11-25,31.75,77.0,0.0
2014-11-25,31.75,77.25,0.0
2014-11-25,31.75,77.5,0.0
2014-11-25,32.0,76.5,0.0
2014-11-25,32.0,76.75,0.0
2014-11-25,32.0,77.0,0.0
2014-11-25,32.0,77.25,0.0
2014-11-25,32.0,77.5,0.0
2014-11-26,31.5,76.5,0.0
2014-11-26,31.5,76.75,0.0
2014-11-26,31.5,77.0,0.0
2014-11-26,31.5,77.25,0.0
2014-11-26,31.5,77.5,0.0
2014-11-26,31.75,76.5,0.0
2014-11-26,31.75,76.75,0.0
2014-11-26,31.75,77.0,0.0
2014-11-26,31.75,77.25,0.0
2014-11-26,31.75,77.5,0.0
2014-11-26,32.0,76.5,0.0
2014-11-26,32.0,76.75,0.0
2014-11-26,32.0,77.0,0.0
2014-11-26,32.0,77.25,0.0
2014-11-26,32.0,77.5,0.0
2014-11-27,31.5,76.5,0.0
2014-11-27,31.5,76.75,0.0
2014-11-27,31.5,77.0,0.0
2014-11-27,31.5,77.25,0.0
2014-11-27,31.5,77.5,0.0
2014-11-27,31.75,76.5,0.0
2014-11-27,31.75,76.75,0.0
2014-11-27,31.75,77.0,0.0
2014-11-27,31.75,77.25,0.0
2014-11-27,31.75,77.5,0.0
2014-11-27,32.0,76.5,0.0
2014-11-27,32.0,76.75,0.0
2014-11-27,32.0,77.0,0.0
2014-11-27,32.0,77.25,0.0
2014-11-27,32.0,77.5,0.0
2014-11-28,31.5,76.5,0.0
2014-11-28,31.5,76.75,0.0
2014-11-28,31.5,77.0,0.0
2014-11-28,31.5,77.25,0.0
2014-11-28,31.5,77.5,0.0
2014-11-28,31.75,76.5,0.0
2014-11-28,31.75,76.75,0.0
2014-11-28,31.75,77.0,0.13608773052692413
2014-11-28,31.75,77.25,0.0
2014-11-28,31.75,77.5,0.0
2014-11-28,32.0,76.5,0.0
2014-11-28,32.0,76.75,0.0
2014-11-28,32.0,77.0,0.7904686331748962
2014-11-28,32.0,77.25,0.8474453687667847
2014-11-28,32.0,77.5,0.5770949125289917
2014-11-29,31.5,76.5,0.0
2014-11-29,31.5,76.75,0.0
2014-11-29,31.5,77.0,0.0
2014-11-29,31.5,77.25,0.0
2014-11-29,31.5,77.5,0.0
2014-11-29,31.75,76.5,0.0
2014-11-29,31.75,76.75,0.0
2014-11-29,31.75,77.0,0.0
2014-11-29,31.75,77.25,0.0
2014-11-29,31.75,77.5,0.0
2014-11-29,32.0,76.5,0.0
2014-11-29,32.0,76.75,0.0
2014-11-29,32.0,77.0,0.0
2014-11-29,32.0,77.25,0.0
2014-11-29,32.0,77.5,0.0
2014-11-30,31.5,76.5,0.0
2014-11-30,31.5,76.75,0.0
2014-11-30,31.5,77.0,0.0
2014-11-30,31.5,77.25,0.0
2014-11-30,31.5,77.5,0.0
2014-11-30,31.75,76.5,0.0
2014-11-30,31.75,76.75,0.0
2014-11-30,31.75,77.0,0.0
2014-11-30,31.75,77.25,0.0
2014-11-30,31.75,77.5,0.0
2014-11-30,32.0,76.5,0.0
2014-11-30,32.0,76.75,0.0
2014-11-30,32.0,77.0,0.0
2014-11-30,32.0,77.25,0.0
2014-11-30,32.0,77.5,0.0
2014-12-01,31.5,76.5,0.0
2014-12-01,31.5,76.75,0.0
2014-12-01,31.5,77.0,0.0
2014-12-01,31.5,77.25,0.0
2014-12-01,31.5,77.5,0.0
2014-12-01,31.75,76.5,0.0
2014-12-01,31.75,76.75,0.0
2014-12-01,31.75,77.0,0.0
2014-12-01,31.75,77.25,0.0
2014-12-01,31.75,77.5,0.0
2014-12-01,32.0,76.5,0.0
2014-12-01,32.0,76.75,0.0
2014-12-01,32.0,77.0,0.0
2014-12-01,32.0,77.25,0.0
2014-12-01,32.0,77.5,0.0
2014-12-02,31.5,76.5,0.0
2014-12-02,31.5,76.75,0.0
2014-12-02,31.5,77.0,0.0
2014-12-02,31.5,77.25,0.0
2014-12-02,31.5,77.5,0.0
2014-12-02,31.75,76.5,0.0
2014-12-02,31.75,76.75,0.0
2014-12-02,31.75,77.0,0.0
2014-12-02,31.75,77.25,0.0
2014-12-02,31.75,77.5,0.0
2014-12-02,32.0,76.5,0.0
2014-12-02,32.0,76.75,0.0
2014-12-02,32.0,77.0,0.0
2014-12-02,32.0,77.25,0.0
2014-12-02,32.0,77.5,0.0
2014-12-03,31.5,76.5,0.0
2014-12-03,31.5,76.75,0.0
2014-12-03,31.5,77.0,0.0
2014-12-03,31.5,77.25,0.0
2014-12-03,31.5,77.5,0.0
2014-12-03,31.75,76.5,0.0
2014-12-03,31.75,76.75,0.0
2014-12-03,31.75,77.0,0.0
2014-12-03,31.75,77.25,0.0
2014-12-03,31.75,77.5,0.0
2014-12-03,32.0,76.5,0.0
2014-12-03,32.0,76.75,0.0
2014-12-03,32.0,77.0,0.0
2014-12-03,32.0,77.25,0.0
2014-12-03,32.0,77.5,0.0
2014-12-04,31.5,76.5,0.0
2014-12-04,31.5,76.75,0.0
2014-12-04,31.5,77.0,0.0
2014-12-04,31.5,77.25,0.0
2014-12-04,31.5,77.5,0.0
2014-12-04,31.75,76.5,0.0
2014-12-04,31.75,76.75,0.0
2014-12-04,31.75,77.0,0.0
2014-12-04,31.75,77.25,0.0
2014-12-04,31.75,77.5,0.0
2014-12-04,32.0,76.5,0.0
2014-12-04,32.0,76.75,0.0
2014-12-04,32.0,77.0,0.0
2014-12-04,32.0,77.25,0.0
2014-12-04,32.0,77.5,0.0
2014-12-05,31.5,76.5,0.0
2014-12-05,31.5,76.75,0.0
2014-12-05,31.5,77.0,0.0
2014-12-05,31.5,77.25,0.0
2014-12-05,31.5,77.5,0.0
2014-12-05,31.75,76.5,0.0
2014-12-05,31.75,76.75,0.0
2014-12-05,31.75,77.0,0.0
2014-12-05,31.75,77.25,0.0
2014-12-05,31.75,77.5,0.0
2014-12-05,32.0,76.5,0.0
2014-12-05,32.0,76.75,0.0
2014-12-05,32.0,77.0,0.0
2014-12-05,32.0,77.25,0.0
2014-12-05,32.0,77.5,0.0
2014-12-06,31.5,76.5,0.0
2014-12-06,31.5,76.75,0.0
2014-12-06,31.5,77.0,0.0
2014-12-06,31.5,77.25,0.0
2014-12-06,31.5,77.5,0.0
2014-12-06,31.75,76.5,0.0
2014-12-06,31.75,76.75,0.0
2014-12-06,31.75,77.0,0.0
2014-12-06,31.75,77.25,0.0
2014-12-06,31.75,77.5,0.0
2014-12-06,32.0,76.5,0.0
2014-12-06,32.0,76.75,0.0
2014-12-06,32.0,77.0,0.0
2014-12-06,32.0,77.25,0.0
2014-12-06,32.0,77.5,0.0
2014-12-07,31.5,76.5,0.0
2014-12-07,31.5,76.75,0.0
2014-12-07,31.5,77.0,0.0
2014-12-07,31.5,77.25,0.0
2014-12-07,31.5,77.5,0.0
2014-12-07,31.75,76.5,0.0
2014-12-07,31.75,76.75,0.0
2014-12-07,31.75,77.0,0.0
2014-12-07,31.75,77.25,0.0
2014-12-07,31.75,77.5,0.0
2014-12-07,32.0,76.5,0.0
2014-12-07,32.0,76.75,0.0
2014-12-07,32.0,77.0,0.0
2014-12-07,32.0,77.25,0.0
2014-12-07,32.0,77.5,0.0
2014-12-08,31.5,76.5,0.0
2014-12-08,31.5,76.75,0.0
2014-12-08,31.5,77.0,0.0
2014-12-08,31.5,77.25,0.0
2014-12-08,31.5,77.5,0.0
2014-12-08,31.75,76.5,0.0
2014-12-08,31.75,76.75,0.0
2014-12-08,31.75,77.0,0.0
2014-12-08,31.75,77.25,0.0
2014-12-08,31.75,77.5,0.0
2014-12-08,32.0,76.5,0.0
2014-12-08,32.0,76.75,0.0
2014-12-08,32.0,77.0,0.0
2014-12-08,32.0,77.25,0.0
2014-12-08,32.0,77.5,0.0
2014-12-09,31.5,76.5,0.0
2014-12-09,31.5,76.75,0.0
2014-12-09,31.5,77.0,0.0
2014-12-09,31.5,77.25,0.0
2014-12-09,31.5,77.5,0.0
2014-12-09,31.75,76.5,0.0
2014-12-09,31.75,76.75,0.0
2014-12-09,31.75,77.0,0.0
2014-12-09,31.75,77.25,0.0
2014-12-09,31.75,77.5,0.0
2014-12-09,32.0,76.5,0.0
2014-12-09,32.0,76.75,0.0
2014-12-09,32.0,77.0,0.0
2014-12-09,32.0,77.25,0.0
2014-12-09,32.0,77.5,0.0
2014-12-10,31.5,76.5,0.0
2014-12-10,31.5,76.75,0.0
2014-12-10,31.5,77.0,0.0
2014-12-10,31.5,77.25,0.0
2014-12-10,31.5,77.5,0.0
2014-12-10,31.75,76.5,0.0
2014-12-10,31.75,76.75,0.0
2014-12-10,31.75,77.0,0.0
2014-12-10,31.75,77.25,0.0
2014-12-10,31.75,77.5,0.0
2014-12-10,32.0,76.5,0.0
2014-12-10,32.0,76.75,0.0
2014-12-10,32.0,77.0,0.0
2014-12-10,32.0,77.25,0.0
2014-12-10,32.0,77.5,0.0
2014-12-11,31.5,76.5,0.0
2014-12-11,31.5,76.75,0.0
2014-12-11,31.5,77.0,0.0
2014-12-11,31.5,77.25,0.0
2014-12-11,31.5,77.5,0.0
2014-12-11,31.75,76.5,0.0
2014-12-11,31.75,76.75,0.0
2014-12-11,31.75,77.0,0.0
2014-12-11,31.75,77.25,0.0
2014-12-11,31.75,77.5,0.0
2014-12-11,32.0,76.5,0.0
2014-12-11,32.0,76.75,0.0
2014-12-11,32.0,77.0,0.0
2014-12-11,32.0,77.25,0.0
2014-12-11,32.0,77.5,0.0
2014-12-12,31.5,76.5,0.0
2014-12-12,31.5,76.75,0.0
2014-12-12,31.5,77.0,0.0
2014-12-12,31.5,77.25,0.0
2014-12-12,31.5,77.5,0.0
2014-12-12,31.75,76.5,0.0
2014-12-12,31.75,76.75,0.0
2014-12-12,31.75,77.0,0.0
2014-12-12,31.75,77.25,0.0
2014-12-12,31.75,77.5,0.0
2014-12-12,32.0,76.5,0.0
2014-12-12,32.0,76.75,0.0
2014-12-12,32.0,77.0,0.0
2014-12-12,32.0,77.25,0.0
2014-12-12,32.0,77.5,0.0
2014-12-13,31.5,76.5,0.0
2014-12-13,31.5,76.75,0.18959617614746094
2014-12-13,31.5,77.0,0.0
2014-12-13,31.5,77.25,0.10843363404273987
2014-12-13,31.5,77.5,3.604780912399292
2014-12-13,31.75,76.5,0.0
2014-12-13,31.75,76.75,0.0
2014-12-13,31.75,77.0,0.0
2014-12-13,31.75,77.25,0.0
2014-12-13,31.75,77.5,0.0
2014-12-13,32.0,76.5,0.0
2014-12-13,32.0,76.75,0.0
2014-12-13,32.0,77.0,0.0
2014-12-13,32.0,77.25,0.0
2014-12-13,32.0,77.5,0.0
2014-12-14,31.5,76.5,38.15278625488281
2014-12-14,31.5,76.75,59.164955139160156
2014-12-14,31.5,77.0,57.08725357055664
2014-12-14,31.5,77.25,24.95293426513672
2014-12-14,31.5,77.5,26.629987716674805
2014-12-14,31.75,76.5,33.480712890625
2014-12-14,31.75,76.75,50.68864059448242
2014-12-14,31.75,77.0,65.3513412475586
2014-12-14,31.75,77.25,34.289939880371094
2014-12-14,31.75,77.5,36.326324462890625
2014-12-14,32.0,76.5,52.61267852783203
2014-12-14,32.0,76.75,60.95814514160156
2014-12-14,32.0,77.0,64.07963562011719
2014-12-14,32.0,77.25,53.76033401489258
2014-12-14,32.0,77.5,41.630218505859375
2014-12-15,31.5,76.5,35.950523376464844
2014-12-15,31.5,76.75,47.814300537109375
2014-12-15,31.5,77.0,22.913164138793945
2014-12-15,31.5,77.25,3.4355430603027344
2014-12-15,31.5,77.5,13.753454208374023
2014-12-15,31.75,76.5,31.46419334411621
2014-12-15,31.75,76.75,41.82499313354492
2014-12-15,31.75,77.0,38.6412239074707
2014-12-15,31.75,77.25,11.439678192138672
2014-12-15,31.75,77.5,18.231595993041992
2014-12-15,32.0,76.5,31.351770401000977
2014-12-15,32.0,76.75,39.332706451416016
2014-12-15,32.0,77.0,30.196659088134766
2014-12-15,32.0,77.25,21.62700843811035
2014-12-15,32.0,77.5,20.586408615112305
2014-12-16,31.5,76.5,0.0
2014-12-16,31.5,76.75,0.0
2014-12-16,31.5,77.0,0.0
2014-12-16,31.5,77.25,0.0
2014-12-16,31.5,77.5,1.9353922605514526
2014-12-16,31.75,76.5,0.0
2014-12-16,31.75,76.75,0.0
2014-12-16,31.75,77.0,0.0
2014-12-16,31.75,77.25,0.0
2014-12-16,31.75,77.5,1.8813976049423218
2014-12-16,32.0,76.5,0.0
2014-12-16,32.0,76.75,0.0
2014-12-16,32.0,77.0,0.0
2014-12-16,32.0,77.25,0.0
2014-12-16,32.0,77.5,1.9298607110977173
2014-12-17,31.5,76.5,0.0
2014-12-17,31.5,76.75,0.0
2014-12-17,31.5,77.0,0.0
2014-12-17,31.5,77.25,0.0
2014-12-17,31.5,77.5,0.0
2014-12-17,31.75,76.5,0.0
2014-12-17,31.75,76.75,0.0
2014-12-17,31.75,77.0,0.0
2014-12-17,31.75,77.25,0.0
2014-12-17,31.75,77.5,0.0
2014-12-17,32.0,76.5,0.0
2014-12-17,32.0,76.75,0.0
2014-12-17,32.0,77.0,0.0
2014-12-17,32.0,77.25,0.0
2014-12-17,32.0,77.5,0.0
2014-12-18,31.5,76.5,0.0
2014-12-18,31.5,76.75,0.0
2014-12-18,31.5,77.0,0.0
2014-12-18,31.5,77.25,0.0
2014-12-18,31.5,77.5,0.0
2014-12-18,31.75,76.5,0.0
2014-12-18,31.75,76.75,0.0
2014-12-18,31.75,77.0,0.0
2014-12-18,31.75,77.25,0.0
2014-12-18,31.75,77.5,0.0
2014-12-18,32.0,76.5,0.0
2014-12-18,32.0,76.75,0.0
2014-12-18,32.0,77.0,0.0
2014-12-18,32.0,77.25,0.0
2014-12-18,32.0,77.5,0.0
2014-12-19,31.5,76.5,0.0
2014-12-19,31.5,76.75,0.0
2014-12-19,31.5,77.0,0.0
2014-12-19,31.5,77.25,0.0
2014-12-19,31.5,77.5,0.0
2014-12-19,31.75,76.5,0.0
2014-12-19,31.75,76.75,0.0
2014-12-19,31.75,77.0,0.0
2014-12-19,31.75,77.25,0.0
2014-12-19,31.75,77.5,0.0
2014-12-19,32.0,76.5,0.0
2014-12-19,32.0,76.75,0.0
2014-12-19,32.0,77.0,0.0
2014-12-19,32.0,77.25,0.0
2014-12-19,32.0,77.5,0.0
2014-12-20,31.5,76.5,0.0
2014-12-20,31.5,76.75,0.0
2014-12-20,31.5,77.0,0.0
2014-12-20,31.5,77.25,0.0
2014-12-20,31.5,77.5,0.0
2014-12-20,31.75,76.5,0.0
2014-12-20,31.75,76.75,0.0
2014-12-20,31.75,77.0,0.0
2014-12-20,31.75,77.25,0.0
2014-12-20,31.75,77.5,0.0
2014-12-20,32.0,76.5,0.0
2014-12-20,32.0,76.75,0.0
2014-12-20,32.0,77.0,0.0
2014-12-20,32.0,77.25,0.0
2014-12-20,32.0,77.5,0.0
2014-12-21,31.5,76.5,0.0
2014-12-21,31.5,76.75,0.0
2014-12-21,31.5,77.0,0.0
2014-12-21,31.5,77.25,0.0
2014-12-21,31.5,77.5,0.0
2014-12-21,31.75,76.5,0.0
2014-12-21,31.75,76.75,0.0
2014-12-21,31.75,77.0,0.0
2014-12-21,31.75,77.25,0.0
2014-12-21,31.75,77.5,0.0
2014-12-21,32.0,76.5,0.0
2014-12-21,32.0,76.75,0.0
2014-12-21,32.0,77.0,0.0
2014-12-21,32.0,77.25,0.0
2014-12-21,32.0,77.5,0.0
2014-12-22,31.5,76.5,0.0
2014-12-22,31.5,76.75,0.0
2014-12-22,31.5,77.0,0.0
2014-12-22,31.5,77.25,0.0
2014-12-22,31.5,77.5,0.0
2014-12-22,31.75,76.5,0.0
2014-12-22,31.75,76.75,0.0
2014-12-22,31.75,77.0,0.0
2014-12-22,31.75,77.25,0.0
2014-12-22,31.75,77.5,0.0
2014-12-22,32.0,76.5,0.0
2014-12-22,32.0,76.75,0.0
2014-12-22,32.0,77.0,0.0
2014-12-22,32.0,77.25,0.0
2014-12-22,32.0,77.5,0.0
2014-12-23,31.5,76.5,0.0
2014-12-23,31.5,76.75,0.0
2014-12-23,31.5,77.0,0.0
2014-12-23,31.5,77.25,0.0
2014-12-23,31.5,77.5,0.0
2014-12-23,31.75,76.5,0.0
2014-12-23,31.75,76.75,0.0
2014-12-23,31.75,77.0,0.0
2014-12-23,31.75,77.25,0.0
2014-12-23,31.75,77.5,0.0
2014-12-23,32.0,76.5,0.0
2014-12-23,32.0,76.75,0.0
2014-12-23,32.0,77.0,0.0
2014-12-23,32.0,77.25,0.0
2014-12-23,32.0,77.5,0.0
2014-12-24,31.5,76.5,0.0
2014-12-24,31.5,76.75,0.0
2014-12-24,31.5,77.0,0.0
2014-12-24,31.5,77.25,0.0
2014-12-24,31.5,77.5,0.0
2014-12-24,31.75,76.5,0.0
2014-12-24,31.75,76.75,0.0
2014-12-24,31.75,77.0,0.0
2014-12-24,31.75,77.25,0.0
2014-12-24,31.75,77.5,0.0
2014-12-24,32.0,76.5,0.0
2014-12-24,32.0,76.75,0.0
2014-12-24,32.0,77.0,0.0
2014-12-24,32.0,77.25,0.0
2014-12-24,32.0,77.5,0.0
2014-12-25,31.5,76.5,0.0
2014-12-25,31.5,76.75,0.0
2014-12-25,31.5,77.0,0.0
2014-12-25,31.5,77.25,0.0
2014-12-25,31.5,77.5,0.0
2014-12-25,31.75,76.5,0.0
2014-12-25,31.75,76.75,0.0
2014-12-25,31.75,77.0,0.0
2014-12-25,31.75,77.25,0.0
2014-12-25,31.75,77.5,0.0
2014-12-25,32.0,76.5,0.0
2014-12-25,32.0,76.75,0.0
2014-12-25,32.0,77.0,0.0
2014-12-25,32.0,77.25,0.0
2014-12-25,32.0,77.5,0.0
2014-12-26,31.5,76.5,0.0
2014-12-26,31.5,76.75,0.0
2014-12-26,31.5,77.0,0.0
2014-12-26,31.5,77.25,0.0
2014-12-26,31.5,77.5,0.0
2014-12-26,31.75,76.5,0.0
2014-12-26,31.75,76.75,0.0
2014-12-26,31.75,77.0,0.0
2014-12-26,31.75,77.25,0.0
2014-12-26,31.75,77.5,0.0
2014-12-26,32.0,76.5,0.0
2014-12-26,32.0,76.75,0.0
2014-12-26,32.0,77.0,0.0
2014-12-26,32.0,77.25,0.0
2014-12-26,32.0,77.5,0.0
2014-12-27,31.5,76.5,0.0
2014-12-27,31.5,76.75,0.0
2014-12-27,31.5,77.0,0.0
2014-12-27,31.5,77.25,0.0
2014-12-27,31.5,77.5,0.0
2014-12-27,31.75,76.5,0.0
2014-12-27,31.75,76.75,0.0
2014-12-27,31.75,77.0,0.0
2014-12-27,31.75,77.25,0.0
2014-12-27,31.75,77.5,0.0
2014-12-27,32.0,76.5,0.0
2014-12-27,32.0,76.75,0.0
2014-12-27,32.0,77.0,0.0
2014-12-27,32.0,77.25,0.0
2014-12-27,32.0,77.5,0.0
2014-12-28,31.5,76.5,0.0
2014-12-28,31.5,76.75,0.0
2014-12-28,31.5,77.0,0.0
2014-12-28,31.5,77.25,0.0
2014-12-28,31.5,77.5,0.0
2014-12-28,31.75,76.5,0.0
2014-12-28,31.75,76.75,0.0
2014-12-28,31.75,77.0,0.0
2014-12-28,31.75,77.25,0.0
2014-12-28,31.75,77.5,0.0
2014-12-28,32.0,76.5,0.0
2014-12-28,32.0,76.75,0.0
2014-12-28,32.0,77.0,0.0
2014-12-28,32.0,77.25,0.0
2014-12-28,32.0,77.5,0.0
2014-12-29,31.5,76.5,0.0
2014-12-29,31.5,76.75,0.0
2014-12-29,31.5,77.0,0.0
2014-12-29,31.5,77.25,0.0
2014-12-29,31.5,77.5,0.0
2014-12-29,31.75,76.5,0.0
2014-12-29,31.75,76.75,0.0
2014-12-29,31.75,77.0,0.0
2014-12-29,31.75,77.25,0.0
2014-12-29,31.75,77.5,0.0
2014-12-29,32.0,76.5,0.0
2014-12-29,32.0,76.75,0.0
2014-12-29,32.0,77.0,0.0
2014-12-29,32.0,77.25,0.0
2014-12-29,32.0,77.5,0.0
2014-12-30,31.5,76.5,0.0
2014-12-30,31.5,76.75,0.0
2014-12-30,31.5,77.0,0.0
2014-12-30,31.5,77.25,0.0
2014-12-30,31.5,77.5,0.0
2014-12-30,31.75,76.5,0.0
2014-12-30,31.75,76.75,0.0
2014-12-30,31.75,77.0,0.0
2014-12-30,31.75,77.25,0.0
2014-12-30,31.75,77.5,0.0
2014-12-30,32.0,76.5,0.0
2014-12-30,32.0,76.75,0.0
2014-12-30,32.0,77.0,0.0
2014-12-30,32.0,77.25,0.0
2014-12-30,32.0,77.5,0.0
2014-12-31,31.5,76.5,0.0
2014-12-31,31.5,76.75,0.0
2014-12-31,31.5,77.0,0.0
2014-12-31,31.5,77.25,0.0
2014-12-31,31.5,77.5,0.0
2014-12-31,31.75,76.5,0.0
2014-12-31,31.75,76.75,0.0
2014-12-31,31.75,77.0,0.0
2014-12-31,31.75,77.25,0.0
2014-12-31,31.75,77.5,0.0
2014-12-31,32.0,76.5,0.0
2014-12-31,32.0,76.75,0.0
2014-12-31,32.0,77.0,0.0
2014-12-31,32.0,77.25,0.0
2014-12-31,32.0,77.5,0.0
