date,latitude,longitude,rainfall_mm
2012-01-01,31.5,76.5,0.0
2012-01-01,31.5,76.75,0.0
2012-01-01,31.5,77.0,0.0
2012-01-01,31.5,77.25,0.0
2012-01-01,31.5,77.5,0.0
2012-01-01,31.75,76.5,0.0
2012-01-01,31.75,76.75,0.0
2012-01-01,31.75,77.0,0.0
2012-01-01,31.75,77.25,0.0
2012-01-01,31.75,77.5,0.0
2012-01-01,32.0,76.5,0.0
2012-01-01,32.0,76.75,0.0
2012-01-01,32.0,77.0,0.0
2012-01-01,32.0,77.25,0.0
2012-01-01,32.0,77.5,0.0
2012-01-02,31.5,76.5,0.0
2012-01-02,31.5,76.75,0.0
2012-01-02,31.5,77.0,0.0
2012-01-02,31.5,77.25,0.0
2012-01-02,31.5,77.5,0.0
2012-01-02,31.75,76.5,0.0
2012-01-02,31.75,76.75,0.0
2012-01-02,31.75,77.0,0.0
2012-01-02,31.75,77.25,0.0
2012-01-02,31.75,77.5,0.0
2012-01-02,32.0,76.5,0.0
2012-01-02,32.0,76.75,0.0
2012-01-02,32.0,77.0,0.0
2012-01-02,32.0,77.25,0.0
2012-01-02,32.0,77.5,0.0
2012-01-03,31.5,76.5,0.0
2012-01-03,31.5,76.75,0.0
2012-01-03,31.5,77.0,0.0
2012-01-03,31.5,77.25,0.0
2012-01-03,31.5,77.5,0.0
2012-01-03,31.75,76.5,0.0
2012-01-03,31.75,76.75,0.0
2012-01-03,31.75,77.0,0.0
2012-01-03,31.75,77.25,0.0
2012-01-03,31.75,77.5,0.0
2012-01-03,32.0,76.5,0.0
2012-01-03,32.0,76.75,0.0
2012-01-03,32.0,77.0,0.0
2012-01-03,32.0,77.25,0.0
2012-01-03,32.0,77.5,0.0
2012-01-04,31.5,76.5,0.0
2012-01-04,31.5,76.75,0.0
2012-01-04,31.5,77.0,0.0
2012-01-04,31.5,77.25,0.0
2012-01-04,31.5,77.5,0.0
2012-01-04,31.75,76.5,0.0
2012-01-04,31.75,76.75,0.0
2012-01-04,31.75,77.0,0.0
2012-01-04,31.75,77.25,0.0
2012-01-04,31.75,77.5,0.0
2012-01-04,32.0,76.5,0.0
2012-01-04,32.0,76.75,0.0
2012-01-04,32.0,77.0,0.0
2012-01-04,32.0,77.25,0.0
2012-01-04,32.0,77.5,0.0
2012-01-05,31.5,76.5,0.0
2012-01-05,31.5,76.75,0.0
2012-01-05,31.5,77.0,0.0
2012-01-05,31.5,77.25,0.0
2012-01-05,31.5,77.5,0.0
2012-01-05,31.75,76.5,0.0
2012-01-05,31.75,76.75,0.0
2012-01-05,31.75,77.0,0.0
2012-01-05,31.75,77.25,0.0
2012-01-05,31.75,77.5,0.0
2012-01-05,32.0,76.5,2.9795618057250977
2012-01-05,32.0,76.75,0.0
2012-01-05,32.0,77.0,0.0
2012-01-05,32.0,77.25,0.0
2012-01-05,32.0,77.5,0.0
2012-01-06,31.5,76.5,0.0
2012-01-06,31.5,76.75,0.0
2012-01-06,31.5,77.0,0.0
2012-01-06,31.5,77.25,1.3254811763763428
2012-01-06,31.5,77.5,1.3064638376235962
2012-01-06,31.75,76.5,0.0
2012-01-06,31.75,76.75,0.0
2012-01-06,31.75,77.0,0.0
2012-01-06,31.75,77.25,1.2107540369033813
2012-01-06,31.75,77.5,1.2643505334854126
2012-01-06,32.0,76.5,7.821348667144775
2012-01-06,32.0,76.75,0.0
2012-01-06,32.0,77.0,0.504233181476593
2012-01-06,32.0,77.25,1.2532258033752441
2012-01-06,32.0,77.5,1.035791277885437
2012-01-07,31.5,76.5,4.96455192565918
2012-01-07,31.5,76.75,4.9810004234313965
2012-01-07,31.5,77.0,4.786971569061279
2012-01-07,31.5,77.25,6.5483903884887695
2012-01-07,31.5,77.5,5.5227789878845215
2012-01-07,31.75,76.5,4.704625129699707
2012-01-07,31.75,76.75,4.54669189453125
2012-01-07,31.75,77.0,4.30195951461792
2012-01-07,31.75,77.25,5.11818790435791
2012-01-07,31.75,77.5,5.344754695892334
2012-01-07,32.0,76.5,63.473899841308594
2012-01-07,32.0,76.75,4.453319549560547
2012-01-07,32.0,77.0,4.438713550567627
2012-01-07,32.0,77.25,5.297727584838867
2012-01-07,32.0,77.5,4.378572463989258
2012-01-08,31.5,76.5,8.777504920959473
2012-01-08,31.5,76.75,9.14450740814209
2012-01-08,31.5,77.0,9.054136276245117
2012-01-08,31.5,77.25,6.867562294006348
2012-01-08,31.5,77.5,2.874587059020996
2012-01-08,31.75,76.5,8.230475425720215
2012-01-08,31.75,76.75,9.409857749938965
2012-01-08,31.75,77.0,9.396384239196777
2012-01-08,31.75,77.25,5.395293235778809
2012-01-08,31.75,77.5,2.0684213638305664
2012-01-08,32.0,76.5,24.318702697753906
2012-01-08,32.0,76.75,8.52102279663086
2012-01-08,32.0,77.0,9.52385425567627
2012-01-08,32.0,77.25,2.790318012237549
2012-01-08,32.0,77.5,0.6719599366188049
2012-01-09,31.5,76.5,11.10512924194336
2012-01-09,31.5,76.75,10.49096393585205
2012-01-09,31.5,77.0,9.647839546203613
2012-01-09,31.5,77.25,11.607144355773926
2012-01-09,31.5,77.5,9.204631805419922
2012-01-09,31.75,76.5,11.126646995544434
2012-01-09,31.75,76.75,9.984454154968262
2012-01-09,31.75,77.0,8.842693328857422
2012-01-09,31.75,77.25,8.530312538146973
2012-01-09,31.75,77.5,8.907923698425293
2012-01-09,32.0,76.5,5.482208728790283
2012-01-09,32.0,76.75,10.676443099975586
2012-01-09,32.0,77.0,9.089788436889648
2012-01-09,32.0,77.25,8.829545974731445
2012-01-09,32.0,77.5,7.29762077331543
2012-01-10,31.5,76.5,0.0
2012-01-10,31.5,76.75,0.0
2012-01-10,31.5,77.0,0.0
2012-01-10,31.5,77.25,0.0
2012-01-10,31.5,77.5,0.0
2012-01-10,31.75,76.5,0.0
2012-01-10,31.75,76.75,0.0
2012-01-10,31.75,77.0,0.0
2012-01-10,31.75,77.25,0.0
2012-01-10,31.75,77.5,0.0
2012-01-10,32.0,76.5,0.0
2012-01-10,32.0,76.75,0.0
2012-01-10,32.0,77.0,0.0
2012-01-10,32.0,77.25,0.0
2012-01-10,32.0,77.5,0.0
2012-01-11,31.5,76.5,2.050135612487793
2012-01-11,31.5,76.75,3.004903793334961
2012-01-11,31.5,77.0,3.5455000400543213
2012-01-11,31.5,77.25,3.4321577548980713
2012-01-11,31.5,77.5,2.55871844291687
2012-01-11,31.75,76.5,1.2043557167053223
2012-01-11,31.75,76.75,2.937443494796753
2012-01-11,31.75,77.0,3.7704074382781982
2012-01-11,31.75,77.25,3.8652708530426025
2012-01-11,31.75,77.5,2.2379794120788574
2012-01-11,32.0,76.5,0.0
2012-01-11,32.0,76.75,1.4284546375274658
2012-01-11,32.0,77.0,3.8961617946624756
2012-01-11,32.0,77.25,2.6414010524749756
2012-01-11,32.0,77.5,1.766730785369873
2012-01-12,31.5,76.5,0.0
2012-01-12,31.5,76.75,0.0
2012-01-12,31.5,77.0,0.0
2012-01-12,31.5,77.25,0.0
2012-01-12,31.5,77.5,0.779212236404419
2012-01-12,31.75,76.5,0.0
2012-01-12,31.75,76.75,0.0
2012-01-12,31.75,77.0,0.0
2012-01-12,31.75,77.25,0.5253273248672485
2012-01-12,31.75,77.5,0.9575279951095581
2012-01-12,32.0,76.5,0.0
2012-01-12,32.0,76.75,0.0
2012-01-12,32.0,77.0,0.0
2012-01-12,32.0,77.25,0.9140613079071045
2012-01-12,32.0,77.5,1.3507555723190308
2012-01-13,31.5,76.5,0.0
2012-01-13,31.5,76.75,0.0
2012-01-13,31.5,77.0,0.0
2012-01-13,31.5,77.25,1.385730266571045
2012-01-13,31.5,77.5,2.1450607776641846
2012-01-13,31.75,76.5,0.0
2012-01-13,31.75,76.75,0.0
2012-01-13,31.75,77.0,0.0
2012-01-13,31.75,77.25,1.7911155223846436
2012-01-13,31.75,77.5,2.279348850250244
2012-01-13,32.0,76.5,0.0
2012-01-13,32.0,76.75,0.0
2012-01-13,32.0,77.0,0.5271528959274292
2012-01-13,32.0,77.25,2.2242519855499268
2012-01-13,32.0,77.5,2.4336283206939697
2012-01-14,31.5,76.5,5.620689868927002
2012-01-14,31.5,76.75,9.134401321411133
2012-01-14,31.5,77.0,11.147740364074707
2012-01-14,31.5,77.25,5.01623010635376
2012-01-14,31.5,77.5,2.6008169651031494
2012-01-14,31.75,76.5,2.2931621074676514
2012-01-14,31.75,76.75,7.299317359924316
2012-01-14,31.75,77.0,10.31340217590332
2012-01-14,31.75,77.25,4.881455898284912
2012-01-14,31.75,77.5,1.8714289665222168
2012-01-14,32.0,76.5,0.0
2012-01-14,32.0,76.75,2.1250903606414795
2012-01-14,32.0,77.0,5.694390296936035
2012-01-14,32.0,77.25,2.524573564529419
2012-01-14,32.0,77.5,0.6079637408256531
2012-01-15,31.5,76.5,3.311757802963257
2012-01-15,31.5,76.75,4.854074954986572
2012-01-15,31.5,77.0,5.727346420288086
2012-01-15,31.5,77.25,5.544254302978516
2012-01-15,31.5,77.5,2.874587059020996
2012-01-15,31.75,76.5,1.945497751235962
2012-01-15,31.75,76.75,4.745100975036621
2012-01-15,31.75,77.0,6.090657711029053
2012-01-15,31.75,77.25,5.395293235778809
2012-01-15,31.75,77.5,2.0684213638305664
2012-01-15,32.0,76.5,3.352006673812866
2012-01-15,32.0,76.75,2.3075034618377686
2012-01-15,32.0,77.0,6.293799877166748
2012-01-15,32.0,77.25,2.790318012237549
2012-01-15,32.0,77.5,0.6719599366188049
2012-01-16,31.5,76.5,26.30222511291504
2012-01-16,31.5,76.75,19.435535430908203
2012-01-16,31.5,77.0,14.043083190917969
2012-01-16,31.5,77.25,12.228506088256836
2012-01-16,31.5,77.5,5.16143274307251
2012-01-16,31.75,76.5,31.398273468017578
2012-01-16,31.75,76.75,22.28386878967285
2012-01-16,31.75,77.0,14.654267311096191
2012-01-16,31.75,77.25,5.173497676849365
2012-01-16,31.75,77.5,4.893126964569092
2012-01-16,32.0,76.5,35.0
2012-01-16,32.0,76.75,31.37589454650879
2012-01-16,32.0,77.0,18.88296127319336
2012-01-16,32.0,77.25,4.955801963806152
2012-01-16,32.0,77.5,3.8625082969665527
2012-01-17,31.5,76.5,12.370987892150879
2012-01-17,31.5,76.75,12.931743621826172
2012-01-17,31.5,77.0,12.826345443725586
2012-01-17,31.5,77.25,8.965965270996094
2012-01-17,31.5,77.5,3.66852068901062
2012-01-17,31.75,76.5,11.529668807983398
2012-01-17,31.75,76.75,13.104867935180664
2012-01-17,31.75,77.0,13.11085033416748
2012-01-17,31.75,77.25,6.885422229766846
2012-01-17,31.75,77.5,2.639699697494507
2012-01-17,32.0,76.5,31.22937774658203
2012-01-17,32.0,76.75,11.826056480407715
2012-01-17,32.0,77.0,12.646450996398926
2012-01-17,32.0,77.25,3.5609772205352783
2012-01-17,32.0,77.5,0.8575488328933716
2012-01-18,31.5,76.5,0.0
2012-01-18,31.5,76.75,0.0
2012-01-18,31.5,77.0,0.0
2012-01-18,31.5,77.25,0.0
2012-01-18,31.5,77.5,0.0
2012-01-18,31.75,76.5,0.0
2012-01-18,31.75,76.75,0.0
2012-01-18,31.75,77.0,0.0
2012-01-18,31.75,77.25,0.0
2012-01-18,31.75,77.5,0.0
2012-01-18,32.0,76.5,0.9311130046844482
2012-01-18,32.0,76.75,0.0
2012-01-18,32.0,77.0,0.0
2012-01-18,32.0,77.25,0.0
2012-01-18,32.0,77.5,0.0
2012-01-19,31.5,76.5,0.0
2012-01-19,31.5,76.75,0.0
2012-01-19,31.5,77.0,0.0
2012-01-19,31.5,77.25,0.0
2012-01-19,31.5,77.5,0.0
2012-01-19,31.75,76.5,0.0
2012-01-19,31.75,76.75,0.0
2012-01-19,31.75,77.0,0.0
2012-01-19,31.75,77.25,0.0
2012-01-19,31.75,77.5,0.0
2012-01-19,32.0,76.5,13.966695785522461
2012-01-19,32.0,76.75,0.0
2012-01-19,32.0,77.0,0.0
2012-01-19,32.0,77.25,0.0
2012-01-19,32.0,77.5,0.0
2012-01-20,31.5,76.5,0.0
2012-01-20,31.5,76.75,0.0
2012-01-20,31.5,77.0,0.0
2012-01-20,31.5,77.25,0.0
2012-01-20,31.5,77.5,0.0
2012-01-20,31.75,76.5,0.0
2012-01-20,31.75,76.75,0.0
2012-01-20,31.75,77.0,0.0
2012-01-20,31.75,77.25,0.0
2012-01-20,31.75,77.5,0.0
2012-01-20,32.0,76.5,21.415599822998047
2012-01-20,32.0,76.75,0.0
2012-01-20,32.0,77.0,0.0
2012-01-20,32.0,77.25,0.0
2012-01-20,32.0,77.5,0.0
2012-01-21,31.5,76.5,0.0
2012-01-21,31.5,76.75,0.0
2012-01-21,31.5,77.0,0.0
2012-01-21,31.5,77.25,0.0
2012-01-21,31.5,77.5,0.0
2012-01-21,31.75,76.5,0.0
2012-01-21,31.75,76.75,0.0
2012-01-21,31.75,77.0,0.0
2012-01-21,31.75,77.25,0.0
2012-01-21,31.75,77.5,0.0
2012-01-21,32.0,76.5,2.7933390140533447
2012-01-21,32.0,76.75,0.0
2012-01-21,32.0,77.0,0.0
2012-01-21,32.0,77.25,0.0
2012-01-21,32.0,77.5,0.0
2012-01-22,31.5,76.5,0.0
2012-01-22,31.5,76.75,0.0
2012-01-22,31.5,77.0,0.0
2012-01-22,31.5,77.25,0.0
2012-01-22,31.5,77.5,0.0
2012-01-22,31.75,76.5,0.0
2012-01-22,31.75,76.75,0.0
2012-01-22,31.75,77.0,0.0
2012-01-22,31.75,77.25,0.0
2012-01-22,31.75,77.5,0.0
2012-01-22,32.0,76.5,0.0
2012-01-22,32.0,76.75,0.0
2012-01-22,32.0,77.0,0.0
2012-01-22,32.0,77.25,0.0
2012-01-22,32.0,77.5,0.0
2012-01-23,31.5,76.5,0.0
2012-01-23,31.5,76.75,0.0
2012-01-23,31.5,77.0,0.0
2012-01-23,31.5,77.25,0.0
2012-01-23,31.5,77.5,0.0
2012-01-23,31.75,76.5,0.0
2012-01-23,31.75,76.75,0.0
2012-01-23,31.75,77.0,0.0
2012-01-23,31.75,77.25,0.0
2012-01-23,31.75,77.5,0.0
2012-01-23,32.0,76.5,0.0
2012-01-23,32.0,76.75,0.0
2012-01-23,32.0,77.0,0.0
2012-01-23,32.0,77.25,0.0
2012-01-23,32.0,77.5,0.0
2012-01-24,31.5,76.5,0.0
2012-01-24,31.5,76.75,0.0
2012-01-24,31.5,77.0,0.0
2012-01-24,31.5,77.25,0.0
2012-01-24,31.5,77.5,0.0
2012-01-24,31.75,76.5,0.0
2012-01-24,31.75,76.75,0.0
2012-01-24,31.75,77.0,0.0
2012-01-24,31.75,77.25,0.0
2012-01-24,31.75,77.5,0.0
2012-01-24,32.0,76.5,0.0
2012-01-24,32.0,76.75,0.0
2012-01-24,32.0,77.0,0.0
2012-01-24,32.0,77.25,0.0
2012-01-24,32.0,77.5,0.0
2012-01-25,31.5,76.5,0.0
2012-01-25,31.5,76.75,0.0
2012-01-25,31.5,77.0,0.0
2012-01-25,31.5,77.25,0.0
2012-01-25,31.5,77.5,0.0
2012-01-25,31.75,76.5,0.0
2012-01-25,31.75,76.75,0.0
2012-01-25,31.75,77.0,0.0
2012-01-25,31.75,77.25,0.0
2012-01-25,31.75,77.5,0.0
2012-01-25,32.0,76.5,0.0
2012-01-25,32.0,76.75,0.0
2012-01-25,32.0,77.0,0.0
2012-01-25,32.0,77.25,0.0
2012-01-25,32.0,77.5,0.0
2012-01-26,31.5,76.5,0.0
2012-01-26,31.5,76.75,0.0
2012-01-26,31.5,77.0,0.0
2012-01-26,31.5,77.25,0.0
2012-01-26,31.5,77.5,0.0
2012-01-26,31.75,76.5,0.0
2012-01-26,31.75,76.75,0.0
2012-01-26,31.75,77.0,0.0
2012-01-26,31.75,77.25,0.0
2012-01-26,31.75,77.5,0.0
2012-01-26,32.0,76.5,1.3035582304000854
2012-01-26,32.0,76.75,0.0
2012-01-26,32.0,77.0,0.0
2012-01-26,32.0,77.25,0.0
2012-01-26,32.0,77.5,0.0
2012-01-27,31.5,76.5,0.0
2012-01-27,31.5,76.75,0.0
2012-01-27,31.5,77.0,0.0
2012-01-27,31.5,77.25,0.0
2012-01-27,31.5,77.5,0.0
2012-01-27,31.75,76.5,0.0
2012-01-27,31.75,76.75,0.0
2012-01-27,31.75,77.0,0.0
2012-01-27,31.75,77.25,0.0
2012-01-27,31.75,77.5,0.0
2012-01-27,32.0,76.5,0.0
2012-01-27,32.0,76.75,0.0
2012-01-27,32.0,77.0,0.0
2012-01-27,32.0,77.25,0.0
2012-01-27,32.0,77.5,0.0
2012-01-28,31.5,76.5,0.0
2012-01-28,31.5,76.75,0.0
2012-01-28,31.5,77.0,0.0
2012-01-28,31.5,77.25,0.0
2012-01-28,31.5,77.5,0.0
2012-01-28,31.75,76.5,0.0
2012-01-28,31.75,76.75,0.0
2012-01-28,31.75,77.0,0.0
2012-01-28,31.75,77.25,0.0
2012-01-28,31.75,77.5,0.0
2012-01-28,32.0,76.5,0.0
2012-01-28,32.0,76.75,0.0
2012-01-28,32.0,77.0,0.0
2012-01-28,32.0,77.25,0.0
2012-01-28,32.0,77.5,0.0
2012-01-29,31.5,76.5,0.0
2012-01-29,31.5,76.75,0.0
2012-01-29,31.5,77.0,0.0
2012-01-29,31.5,77.25,0.0
2012-01-29,31.5,77.5,0.0
2012-01-29,31.75,76.5,0.0
2012-01-29,31.75,76.75,0.0
2012-01-29,31.75,77.0,0.0
2012-01-29,31.75,77.25,0.0
2012-01-29,31.75,77.5,0.0
2012-01-29,32.0,76.5,0.0
2012-01-29,32.0,76.75,0.0
2012-01-29,32.0,77.0,0.0
2012-01-29,32.0,77.25,0.0
2012-01-29,32.0,77.5,0.0
2012-01-30,31.5,76.5,0.0
2012-01-30,31.5,76.75,0.0
2012-01-30,31.5,77.0,0.0
2012-01-30,31.5,77.25,0.0
2012-01-30,31.5,77.5,0.0
2012-01-30,31.75,76.5,0.0
2012-01-30,31.75,76.75,0.0
2012-01-30,31.75,77.0,0.0
2012-01-30,31.75,77.25,0.0
2012-01-30,31.75,77.5,0.0
2012-01-30,32.0,76.5,0.0
2012-01-30,32.0,76.75,0.0
2012-01-30,32.0,77.0,0.0
2012-01-30,32.0,77.25,0.0
2012-01-30,32.0,77.5,0.0
2012-01-31,31.5,76.5,0.0
2012-01-31,31.5,76.75,0.0
2012-01-31,31.5,77.0,0.0
2012-01-31,31.5,77.25,0.0
2012-01-31,31.5,77.5,0.0
2012-01-31,31.75,76.5,0.0
2012-01-31,31.75,76.75,0.0
2012-01-31,31.75,77.0,0.0
2012-01-31,31.75,77.25,0.0
2012-01-31,31.75,77.5,0.0
2012-01-31,32.0,76.5,0.0
2012-01-31,32.0,76.75,0.0
2012-01-31,32.0,77.0,0.0
2012-01-31,32.0,77.25,0.0
2012-01-31,32.0,77.5,0.0
2012-02-01,31.5,76.5,0.0
2012-02-01,31.5,76.75,0.0
2012-02-01,31.5,77.0,0.0
2012-02-01,31.5,77.25,0.0
2012-02-01,31.5,77.5,0.779212236404419
2012-02-01,31.75,76.5,0.0
2012-02-01,31.75,76.75,0.0
2012-02-01,31.75,77.0,0.0
2012-02-01,31.75,77.25,0.5253273248672485
2012-02-01,31.75,77.5,0.9575279951095581
2012-02-01,32.0,76.5,0.0
2012-02-01,32.0,76.75,0.0
2012-02-01,32.0,77.0,0.0
2012-02-01,32.0,77.25,0.9140613079071045
2012-02-01,32.0,77.5,1.3507555723190308
2012-02-02,31.5,76.5,0.0
2012-02-02,31.5,76.75,0.0
2012-02-02,31.5,77.0,0.0
2012-02-02,31.5,77.25,0.0
2012-02-02,31.5,77.5,0.3896061182022095
2012-02-02,31.75,76.5,0.0
2012-02-02,31.75,76.75,0.0
2012-02-02,31.75,77.0,0.0
2012-02-02,31.75,77.25,0.26266366243362427
2012-02-02,31.75,77.5,0.47876399755477905
2012-02-02,32.0,76.5,0.0
2012-02-02,32.0,76.75,0.0
2012-02-02,32.0,77.0,0.0
2012-02-02,32.0,77.25,0.45703065395355225
2012-02-02,32.0,77.5,0.6753777861595154
2012-02-03,31.5,76.5,0.0
2012-02-03,31.5,76.75,0.0
2012-02-03,31.5,77.0,0.0
2012-02-03,31.5,77.25,0.0
2012-02-03,31.5,77.5,0.779212236404419
2012-02-03,31.75,76.5,0.0
2012-02-03,31.75,76.75,0.0
2012-02-03,31.75,77.0,0.0
2012-02-03,31.75,77.25,0.5253273248672485
2012-02-03,31.75,77.5,0.9575279951095581
2012-02-03,32.0,76.5,0.0
2012-02-03,32.0,76.75,0.0
2012-02-03,32.0,77.0,0.0
2012-02-03,32.0,77.25,0.9140613079071045
2012-02-03,32.0,77.5,1.3507555723190308
2012-02-04,31.5,76.5,0.0
2012-02-04,31.5,76.75,0.0
2012-02-04,31.5,77.0,0.0
2012-02-04,31.5,77.25,0.0
2012-02-04,31.5,77.5,1.168818473815918
2012-02-04,31.75,76.5,0.0
2012-02-04,31.75,76.75,0.0
2012-02-04,31.75,77.0,0.0
2012-02-04,31.75,77.25,0.7879909873008728
2012-02-04,31.75,77.5,1.4362919330596924
2012-02-04,32.0,76.5,2.9795618057250977
2012-02-04,32.0,76.75,0.0
2012-02-04,32.0,77.0,0.0
2012-02-04,32.0,77.25,1.3710919618606567
2012-02-04,32.0,77.5,2.0261335372924805
2012-02-05,31.5,76.5,2.419314384460449
2012-02-05,31.5,76.75,2.2914974689483643
2012-02-05,31.5,77.0,2.3862972259521484
2012-02-05,31.5,77.25,3.5522515773773193
2012-02-05,31.5,77.5,2.872781753540039
2012-02-05,31.75,76.5,2.6882998943328857
2012-02-05,31.75,76.75,2.3478169441223145
2012-02-05,31.75,77.0,2.433885097503662
2012-02-05,31.75,77.25,2.855106830596924
2012-02-05,31.75,77.5,2.6333558559417725
2012-02-05,32.0,76.5,33.35428237915039
2012-02-05,32.0,76.75,2.6752192974090576
2012-02-05,32.0,77.0,2.735445022583008
2012-02-05,32.0,77.25,2.5302023887634277
2012-02-05,32.0,77.5,2.0646073818206787
2012-02-06,31.5,76.5,0.0
2012-02-06,31.5,76.75,0.0
2012-02-06,31.5,77.0,0.0
2012-02-06,31.5,77.25,0.7832388281822205
2012-02-06,31.5,77.5,0.772001326084137
2012-02-06,31.75,76.5,0.0
2012-02-06,31.75,76.75,0.0
2012-02-06,31.75,77.0,0.0
2012-02-06,31.75,77.25,0.7154455184936523
2012-02-06,31.75,77.5,0.747116208076477
2012-02-06,32.0,76.5,13.687360763549805
2012-02-06,32.0,76.75,0.0
2012-02-06,32.0,77.0,0.2979559600353241
2012-02-06,32.0,77.25,0.7405425310134888
2012-02-06,32.0,77.5,0.6120585203170776
2012-02-07,31.5,76.5,0.0
2012-02-07,31.5,76.75,0.0
2012-02-07,31.5,77.0,0.0
2012-02-07,31.5,77.25,0.0
2012-02-07,31.5,77.5,0.0
2012-02-07,31.75,76.5,0.0
2012-02-07,31.75,76.75,0.0
2012-02-07,31.75,77.0,0.0
2012-02-07,31.75,77.25,0.0
2012-02-07,31.75,77.5,0.0
2012-02-07,32.0,76.5,0.0
2012-02-07,32.0,76.75,0.0
2012-02-07,32.0,77.0,0.0
2012-02-07,32.0,77.25,0.0
2012-02-07,32.0,77.5,0.0
2012-02-08,31.5,76.5,3.1292848587036133
2012-02-08,31.5,76.75,4.750482082366943
2012-02-08,31.5,77.0,5.672776699066162
2012-02-08,31.5,77.25,12.930533409118652
2012-02-08,31.5,77.5,10.6729154586792
2012-02-08,31.75,76.5,1.653851866722107
2012-02-08,31.75,76.75,4.345773220062256
2012-02-08,31.75,77.0,5.750753402709961
2012-02-08,31.75,77.25,12.076066970825195
2012-02-08,31.75,77.5,9.758073806762695
2012-02-08,32.0,76.5,0.1862226128578186
2012-02-08,32.0,76.75,1.852832317352295
2012-02-08,32.0,77.0,8.266716003417969
2012-02-08,32.0,77.25,10.264293670654297
2012-02-08,32.0,77.5,7.176048755645752
2012-02-09,31.5,76.5,0.0
2012-02-09,31.5,76.75,0.0
2012-02-09,31.5,77.0,0.0
2012-02-09,31.5,77.25,0.0
2012-02-09,31.5,77.5,0.0
2012-02-09,31.75,76.5,0.0
2012-02-09,31.75,76.75,0.0
2012-02-09,31.75,77.0,0.0
2012-02-09,31.75,77.25,0.0
2012-02-09,31.75,77.5,0.0
2012-02-09,32.0,76.5,0.0
2012-02-09,32.0,76.75,0.0
2012-02-09,32.0,77.0,0.0
2012-02-09,32.0,77.25,0.0
2012-02-09,32.0,77.5,0.0
2012-02-10,31.5,76.5,0.0
2012-02-10,31.5,76.75,0.0
2012-02-10,31.5,77.0,0.0
2012-02-10,31.5,77.25,0.0
2012-02-10,31.5,77.5,0.0
2012-02-10,31.75,76.5,0.0
2012-02-10,31.75,76.75,0.0
2012-02-10,31.75,77.0,0.0
2012-02-10,31.75,77.25,0.0
2012-02-10,31.75,77.5,0.0
2012-02-10,32.0,76.5,0.0
2012-02-10,32.0,76.75,0.0
2012-02-10,32.0,77.0,0.0
2012-02-10,32.0,77.25,0.0
2012-02-10,32.0,77.5,0.0
2012-02-11,31.5,76.5,0.0
2012-02-11,31.5,76.75,0.0
2012-02-11,31.5,77.0,0.0
2012-02-11,31.5,77.25,0.0
2012-02-11,31.5,77.5,0.0
2012-02-11,31.75,76.5,0.0
2012-02-11,31.75,76.75,0.0
2012-02-11,31.75,77.0,0.0
2012-02-11,31.75,77.25,0.0
2012-02-11,31.75,77.5,0.0
2012-02-11,32.0,76.5,0.0
2012-02-11,32.0,76.75,0.0
2012-02-11,32.0,77.0,0.0
2012-02-11,32.0,77.25,0.0
2012-02-11,32.0,77.5,0.0
2012-02-12,31.5,76.5,0.0
2012-02-12,31.5,76.75,0.0
2012-02-12,31.5,77.0,0.0
2012-02-12,31.5,77.25,0.0
2012-02-12,31.5,77.5,0.0
2012-02-12,31.75,76.5,0.0
2012-02-12,31.75,76.75,0.0
2012-02-12,31.75,77.0,0.0
2012-02-12,31.75,77.25,0.0
2012-02-12,31.75,77.5,0.0
2012-02-12,32.0,76.5,1.3035582304000854
2012-02-12,32.0,76.75,0.0
2012-02-12,32.0,77.0,0.0
2012-02-12,32.0,77.25,0.0
2012-02-12,32.0,77.5,0.0
2012-02-13,31.5,76.5,0.0
2012-02-13,31.5,76.75,0.0
2012-02-13,31.5,77.0,0.0
2012-02-13,31.5,77.25,0.7229897379875183
2012-02-13,31.5,77.5,0.7126166224479675
2012-02-13,31.75,76.5,0.0
2012-02-13,31.75,76.75,0.0
2012-02-13,31.75,77.0,0.0
2012-02-13,31.75,77.25,0.6604112982749939
2012-02-13,31.75,77.5,0.6896457672119141
2012-02-13,32.0,76.5,20.856931686401367
2012-02-13,32.0,76.75,0.0
2012-02-13,32.0,77.0,0.2750363051891327
2012-02-13,32.0,77.25,0.6835777759552002
2012-02-13,32.0,77.5,0.5649771094322205
2012-02-14,31.5,76.5,0.0
2012-02-14,31.5,76.75,0.0
2012-02-14,31.5,77.0,0.0
2012-02-14,31.5,77.25,0.6024914383888245
2012-02-14,31.5,77.5,0.5938472151756287
2012-02-14,31.75,76.5,0.0
2012-02-14,31.75,76.75,0.0
2012-02-14,31.75,77.0,0.0
2012-02-14,31.75,77.25,0.5503427386283875
2012-02-14,31.75,77.5,0.5747047662734985
2012-02-14,32.0,76.5,48.60409927368164
2012-02-14,32.0,76.75,0.0
2012-02-14,32.0,77.0,0.22919689118862152
2012-02-14,32.0,77.25,0.5696480870246887
2012-02-14,32.0,77.5,0.4708142578601837
2012-02-15,31.5,76.5,0.0
2012-02-15,31.5,76.75,0.0
2012-02-15,31.5,77.0,0.0
2012-02-15,31.5,77.25,0.0
2012-02-15,31.5,77.5,0.0
2012-02-15,31.75,76.5,0.0
2012-02-15,31.75,76.75,0.0
2012-02-15,31.75,77.0,0.0
2012-02-15,31.75,77.25,0.0
2012-02-15,31.75,77.5,0.0
2012-02-15,32.0,76.5,20.67070960998535
2012-02-15,32.0,76.75,0.0
2012-02-15,32.0,77.0,0.0
2012-02-15,32.0,77.25,0.0
2012-02-15,32.0,77.5,0.0
2012-02-16,31.5,76.5,2.5232439041137695
2012-02-16,31.5,76.75,3.698342800140381
2012-02-16,31.5,77.0,4.363692283630371
2012-02-16,31.5,77.25,4.224194049835205
2012-02-16,31.5,77.5,2.19016170501709
2012-02-16,31.75,76.5,1.4822839498519897
2012-02-16,31.75,76.75,3.6153149604797363
2012-02-16,31.75,77.0,4.640501499176025
2012-02-16,31.75,77.25,4.110699653625488
2012-02-16,31.75,77.5,1.5759401321411133
2012-02-16,32.0,76.5,1.3035582304000854
2012-02-16,32.0,76.75,1.7580980062484741
2012-02-16,32.0,77.0,4.795276165008545
2012-02-16,32.0,77.25,2.1259567737579346
2012-02-16,32.0,77.5,0.5119694471359253
2012-02-17,31.5,76.5,0.0
2012-02-17,31.5,76.75,0.0
2012-02-17,31.5,77.0,0.0
2012-02-17,31.5,77.25,0.0
2012-02-17,31.5,77.5,0.779212236404419
2012-02-17,31.75,76.5,0.0
2012-02-17,31.75,76.75,0.0
2012-02-17,31.75,77.0,0.0
2012-02-17,31.75,77.25,0.5253273248672485
2012-02-17,31.75,77.5,0.9575279951095581
2012-02-17,32.0,76.5,0.0
2012-02-17,32.0,76.75,0.0
2012-02-17,32.0,77.0,0.0
2012-02-17,32.0,77.25,0.9140613079071045
2012-02-17,32.0,77.5,1.3507555723190308
2012-02-18,31.5,76.5,0.0
2012-02-18,31.5,76.75,0.0
2012-02-18,31.5,77.0,0.0
2012-02-18,31.5,77.25,0.0
2012-02-18,31.5,77.5,0.779212236404419
2012-02-18,31.75,76.5,0.0
2012-02-18,31.75,76.75,0.0
2012-02-18,31.75,77.0,0.0
2012-02-18,31.75,77.25,0.5253273248672485
2012-02-18,31.75,77.5,0.9575279951095581
2012-02-18,32.0,76.5,0.0
2012-02-18,32.0,76.75,0.0
2012-02-18,32.0,77.0,0.0
2012-02-18,32.0,77.25,0.9140613079071045
2012-02-18,32.0,77.5,1.3507555723190308
2012-02-19,31.5,76.5,0.0
2012-02-19,31.5,76.75,0.0
2012-02-19,31.5,77.0,0.0
2012-02-19,31.5,77.25,0.0
2012-02-19,31.5,77.5,0.779212236404419
2012-02-19,31.75,76.5,0.0
2012-02-19,31.75,76.75,0.0
2012-02-19,31.75,77.0,0.0
2012-02-19,31.75,77.25,0.5253273248672485
2012-02-19,31.75,77.5,0.9575279951095581
2012-02-19,32.0,76.5,0.0
2012-02-19,32.0,76.75,0.0
2012-02-19,32.0,77.0,0.0
2012-02-19,32.0,77.25,0.9140613079071045
2012-02-19,32.0,77.5,1.3507555723190308
2012-02-20,31.5,76.5,0.0
2012-02-20,31.5,76.75,0.0
2012-02-20,31.5,77.0,0.0
2012-02-20,31.5,77.25,0.0
2012-02-20,31.5,77.5,0.3896061182022095
2012-02-20,31.75,76.5,0.0
2012-02-20,31.75,76.75,0.0
2012-02-20,31.75,77.0,0.0
2012-02-20,31.75,77.25,0.26266366243362427
2012-02-20,31.75,77.5,0.47876399755477905
2012-02-20,32.0,76.5,0.3724452257156372
2012-02-20,32.0,76.75,0.0
2012-02-20,32.0,77.0,0.0
2012-02-20,32.0,77.25,0.45703065395355225
2012-02-20,32.0,77.5,0.6753777861595154
2012-02-21,31.5,76.5,0.0
2012-02-21,31.5,76.75,0.0
2012-02-21,31.5,77.0,0.0
2012-02-21,31.5,77.25,0.6024914383888245
2012-02-21,31.5,77.5,1.3730593919754028
2012-02-21,31.75,76.5,0.0
2012-02-21,31.75,76.75,0.0
2012-02-21,31.75,77.0,0.0
2012-02-21,31.75,77.25,1.0756701231002808
2012-02-21,31.75,77.5,1.5322327613830566
2012-02-21,32.0,76.5,2.7933390140533447
2012-02-21,32.0,76.75,0.0
2012-02-21,32.0,77.0,0.22919689118862152
2012-02-21,32.0,77.25,1.483709454536438
2012-02-21,32.0,77.5,1.8215699195861816
2012-02-22,31.5,76.5,0.0
2012-02-22,31.5,76.75,0.0
2012-02-22,31.5,77.0,0.0
2012-02-22,31.5,77.25,0.0
2012-02-22,31.5,77.5,0.0
2012-02-22,31.75,76.5,0.0
2012-02-22,31.75,76.75,0.0
2012-02-22,31.75,77.0,0.0
2012-02-22,31.75,77.25,0.0
2012-02-22,31.75,77.5,0.0
2012-02-22,32.0,76.5,5.5866780281066895
2012-02-22,32.0,76.75,0.0
2012-02-22,32.0,77.0,0.0
2012-02-22,32.0,77.25,0.0
2012-02-22,32.0,77.5,0.0
2012-02-23,31.5,76.5,0.0
2012-02-23,31.5,76.75,0.0
2012-02-23,31.5,77.0,0.0
2012-02-23,31.5,77.25,0.0
2012-02-23,31.5,77.5,0.0
2012-02-23,31.75,76.5,0.0
2012-02-23,31.75,76.75,0.0
2012-02-23,31.75,77.0,0.0
2012-02-23,31.75,77.25,0.0
2012-02-23,31.75,77.5,0.0
2012-02-23,32.0,76.5,5.959123611450195
2012-02-23,32.0,76.75,0.0
2012-02-23,32.0,77.0,0.0
2012-02-23,32.0,77.25,0.0
2012-02-23,32.0,77.5,0.0
2012-02-24,31.5,76.5,0.0
2012-02-24,31.5,76.75,0.0
2012-02-24,31.5,77.0,0.0
2012-02-24,31.5,77.25,0.0
2012-02-24,31.5,77.5,0.0
2012-02-24,31.75,76.5,0.0
2012-02-24,31.75,76.75,0.0
2012-02-24,31.75,77.0,0.0
2012-02-24,31.75,77.25,0.0
2012-02-24,31.75,77.5,0.0
2012-02-24,32.0,76.5,6.704013347625732
2012-02-24,32.0,76.75,0.0
2012-02-24,32.0,77.0,0.0
2012-02-24,32.0,77.25,0.0
2012-02-24,32.0,77.5,0.0
2012-02-25,31.5,76.5,0.0
2012-02-25,31.5,76.75,0.0
2012-02-25,31.5,77.0,0.0
2012-02-25,31.5,77.25,0.0
2012-02-25,31.5,77.5,0.0
2012-02-25,31.75,76.5,0.0
2012-02-25,31.75,76.75,0.0
2012-02-25,31.75,77.0,0.0
2012-02-25,31.75,77.25,0.0
2012-02-25,31.75,77.5,0.0
2012-02-25,32.0,76.5,0.0
2012-02-25,32.0,76.75,0.0
2012-02-25,32.0,77.0,0.0
2012-02-25,32.0,77.25,0.0
2012-02-25,32.0,77.5,0.0
2012-02-26,31.5,76.5,0.0
2012-02-26,31.5,76.75,0.0
2012-02-26,31.5,77.0,0.0
2012-02-26,31.5,77.25,0.0
2012-02-26,31.5,77.5,0.0
2012-02-26,31.75,76.5,0.0
2012-02-26,31.75,76.75,0.0
2012-02-26,31.75,77.0,0.0
2012-02-26,31.75,77.25,0.0
2012-02-26,31.75,77.5,0.0
2012-02-26,32.0,76.5,0.0
2012-02-26,32.0,76.75,0.0
2012-02-26,32.0,77.0,0.0
2012-02-26,32.0,77.25,0.0
2012-02-26,32.0,77.5,0.0
2012-02-27,31.5,76.5,0.0
2012-02-27,31.5,76.75,0.0
2012-02-27,31.5,77.0,0.0
2012-02-27,31.5,77.25,0.0
2012-02-27,31.5,77.5,0.0
2012-02-27,31.75,76.5,0.0
2012-02-27,31.75,76.75,0.0
2012-02-27,31.75,77.0,0.0
2012-02-27,31.75,77.25,0.0
2012-02-27,31.75,77.5,0.0
2012-02-27,32.0,76.5,0.0
2012-02-27,32.0,76.75,0.0
2012-02-27,32.0,77.0,0.0
2012-02-27,32.0,77.25,0.0
2012-02-27,32.0,77.5,0.0
2012-02-28,31.5,76.5,0.0
2012-02-28,31.5,76.75,0.0
2012-02-28,31.5,77.0,0.0
2012-02-28,31.5,77.25,0.0
2012-02-28,31.5,77.5,0.0
2012-02-28,31.75,76.5,0.0
2012-02-28,31.75,76.75,0.0
2012-02-28,31.75,77.0,0.0
2012-02-28,31.75,77.25,0.0
2012-02-28,31.75,77.5,0.0
2012-02-28,32.0,76.5,0.0
2012-02-28,32.0,76.75,0.0
2012-02-28,32.0,77.0,0.0
2012-02-28,32.0,77.25,0.0
2012-02-28,32.0,77.5,0.0
2012-02-29,31.5,76.5,0.0
2012-02-29,31.5,76.75,0.0
2012-02-29,31.5,77.0,0.0
2012-02-29,31.5,77.25,0.0
2012-02-29,31.5,77.5,0.0
2012-02-29,31.75,76.5,0.0
2012-02-29,31.75,76.75,0.0
2012-02-29,31.75,77.0,0.0
2012-02-29,31.75,77.25,0.0
2012-02-29,31.75,77.5,0.0
2012-02-29,32.0,76.5,1.1173356771469116
2012-02-29,32.0,76.75,0.0
2012-02-29,32.0,77.0,0.0
2012-02-29,32.0,77.25,0.0
2012-02-29,32.0,77.5,0.0
2012-03-01,31.5,76.5,0.0
2012-03-01,31.5,76.75,0.0
2012-03-01,31.5,77.0,0.0
2012-03-01,31.5,77.25,0.0
2012-03-01,31.5,77.5,0.0
2012-03-01,31.75,76.5,0.0
2012-03-01,31.75,76.75,0.0
2012-03-01,31.75,77.0,0.0
2012-03-01,31.75,77.25,0.0
2012-03-01,31.75,77.5,0.0
2012-03-01,32.0,76.5,0.0
2012-03-01,32.0,76.75,0.0
2012-03-01,32.0,77.0,0.0
2012-03-01,32.0,77.25,0.0
2012-03-01,32.0,77.5,0.0
2012-03-02,31.5,76.5,0.0
2012-03-02,31.5,76.75,0.0
2012-03-02,31.5,77.0,0.0
2012-03-02,31.5,77.25,0.0
2012-03-02,31.5,77.5,0.0
2012-03-02,31.75,76.5,0.0
2012-03-02,31.75,76.75,0.0
2012-03-02,31.75,77.0,0.0
2012-03-02,31.75,77.25,0.0
2012-03-02,31.75,77.5,0.0
2012-03-02,32.0,76.5,0.0
2012-03-02,32.0,76.75,0.0
2012-03-02,32.0,77.0,0.0
2012-03-02,32.0,77.25,0.0
2012-03-02,32.0,77.5,0.0
2012-03-03,31.5,76.5,0.0
2012-03-03,31.5,76.75,0.0
2012-03-03,31.5,77.0,0.0
2012-03-03,31.5,77.25,0.0
2012-03-03,31.5,77.5,0.0
2012-03-03,31.75,76.5,0.0
2012-03-03,31.75,76.75,0.0
2012-03-03,31.75,77.0,0.0
2012-03-03,31.75,77.25,0.0
2012-03-03,31.75,77.5,0.0
2012-03-03,32.0,76.5,0.0
2012-03-03,32.0,76.75,0.0
2012-03-03,32.0,77.0,0.0
2012-03-03,32.0,77.25,0.0
2012-03-03,32.0,77.5,0.0
2012-03-04,31.5,76.5,0.0
2012-03-04,31.5,76.75,0.0
2012-03-04,31.5,77.0,0.0
2012-03-04,31.5,77.25,0.0
2012-03-04,31.5,77.5,0.0
2012-03-04,31.75,76.5,0.0
2012-03-04,31.75,76.75,0.0
2012-03-04,31.75,77.0,0.0
2012-03-04,31.75,77.25,0.0
2012-03-04,31.75,77.5,0.0
2012-03-04,32.0,76.5,3.352006673812866
2012-03-04,32.0,76.75,0.0
2012-03-04,32.0,77.0,0.0
2012-03-04,32.0,77.25,0.0
2012-03-04,32.0,77.5,0.0
2012-03-05,31.5,76.5,3.9389877319335938
2012-03-05,31.5,76.75,5.901426315307617
2012-03-05,31.5,77.0,7.015981197357178
2012-03-05,31.5,77.25,7.2921552658081055
2012-03-05,31.5,77.5,4.400067329406738
2012-03-05,31.75,76.5,2.1698617935180664
2012-03-05,31.75,76.75,5.5360798835754395
2012-03-05,31.75,77.0,7.240823268890381
2012-03-05,31.75,77.25,7.017117500305176
2012-03-05,31.75,77.5,3.490366220474243
2012-03-05,32.0,76.5,43.76231002807617
2012-03-05,32.0,76.75,2.4886491298675537
2012-03-05,32.0,77.0,7.277560710906982
2012-03-05,32.0,77.25,4.256139755249023
2012-03-05,32.0,77.5,1.7589482069015503
2012-03-06,31.5,76.5,0.3154054880142212
2012-03-06,31.5,76.75,0.4622928500175476
2012-03-06,31.5,77.0,0.5454615354537964
2012-03-06,31.5,77.25,3.2392356395721436
2012-03-06,31.5,77.5,2.946082353591919
2012-03-06,31.75,76.5,0.18528549373149872
2012-03-06,31.75,76.75,0.45191437005996704
2012-03-06,31.75,77.0,0.5800626873970032
2012-03-06,31.75,77.25,2.990379810333252
2012-03-06,31.75,77.5,2.7831640243530273
2012-03-06,32.0,76.5,4.4693427085876465
2012-03-06,32.0,76.75,0.21976225078105927
2012-03-06,32.0,77.0,1.6307955980300903
2012-03-06,32.0,77.25,2.8291609287261963
2012-03-06,32.0,77.5,2.1826603412628174
2012-03-07,31.5,76.5,0.0
2012-03-07,31.5,76.75,0.0
2012-03-07,31.5,77.0,0.0
2012-03-07,31.5,77.25,0.0
2012-03-07,31.5,77.5,0.779212236404419
2012-03-07,31.75,76.5,0.0
2012-03-07,31.75,76.75,0.0
2012-03-07,31.75,77.0,0.0
2012-03-07,31.75,77.25,0.5253273248672485
2012-03-07,31.75,77.5,0.9575279951095581
2012-03-07,32.0,76.5,2.0484485626220703
2012-03-07,32.0,76.75,0.0
2012-03-07,32.0,77.0,0.0
2012-03-07,32.0,77.25,0.9140613079071045
2012-03-07,32.0,77.5,1.3507555723190308
2012-03-08,31.5,76.5,0.0
2012-03-08,31.5,76.75,0.0
2012-03-08,31.5,77.0,0.0
2012-03-08,31.5,77.25,0.0
2012-03-08,31.5,77.5,0.779212236404419
2012-03-08,31.75,76.5,0.0
2012-03-08,31.75,76.75,0.0
2012-03-08,31.75,77.0,0.0
2012-03-08,31.75,77.25,0.5253273248672485
2012-03-08,31.75,77.5,0.9575279951095581
2012-03-08,32.0,76.5,1.8622260093688965
2012-03-08,32.0,76.75,0.0
2012-03-08,32.0,77.0,0.0
2012-03-08,32.0,77.25,0.9140613079071045
2012-03-08,32.0,77.5,1.3507555723190308
2012-03-09,31.5,76.5,0.0
2012-03-09,31.5,76.75,0.0
2012-03-09,31.5,77.0,0.0
2012-03-09,31.5,77.25,0.9037371277809143
2012-03-09,31.5,77.5,1.6699830293655396
2012-03-09,31.75,76.5,0.0
2012-03-09,31.75,76.75,0.0
2012-03-09,31.75,77.0,0.0
2012-03-09,31.75,77.25,1.3508414030075073
2012-03-09,31.75,77.5,1.8195852041244507
2012-03-09,32.0,76.5,6.331569194793701
2012-03-09,32.0,76.75,0.0
2012-03-09,32.0,77.0,0.3437953591346741
2012-03-09,32.0,77.25,1.76853346824646
2012-03-09,32.0,77.5,2.0569770336151123
2012-03-10,31.5,76.5,0.0
2012-03-10,31.5,76.75,0.0
2012-03-10,31.5,77.0,0.0
2012-03-10,31.5,77.25,0.0
2012-03-10,31.5,77.5,2.337636947631836
2012-03-10,31.75,76.5,0.0
2012-03-10,31.75,76.75,0.0
2012-03-10,31.75,77.0,0.0
2012-03-10,31.75,77.25,1.5759819746017456
2012-03-10,31.75,77.5,2.8725838661193848
2012-03-10,32.0,76.5,0.0
2012-03-10,32.0,76.75,0.0
2012-03-10,32.0,77.0,0.0
2012-03-10,32.0,77.25,2.7421839237213135
2012-03-10,32.0,77.5,4.052267074584961
2012-03-11,31.5,76.5,0.0
2012-03-11,31.5,76.75,0.0
2012-03-11,31.5,77.0,0.0
2012-03-11,31.5,77.25,0.0
2012-03-11,31.5,77.5,0.0
2012-03-11,31.75,76.5,0.0
2012-03-11,31.75,76.75,0.0
2012-03-11,31.75,77.0,0.0
2012-03-11,31.75,77.25,0.0
2012-03-11,31.75,77.5,0.0
2012-03-11,32.0,76.5,0.0
2012-03-11,32.0,76.75,0.0
2012-03-11,32.0,77.0,0.0
2012-03-11,32.0,77.25,0.0
2012-03-11,32.0,77.5,0.0
2012-03-12,31.5,76.5,0.0
2012-03-12,31.5,76.75,0.0
2012-03-12,31.5,77.0,0.0
2012-03-12,31.5,77.25,0.0
2012-03-12,31.5,77.5,0.0
2012-03-12,31.75,76.5,0.0
2012-03-12,31.75,76.75,0.0
2012-03-12,31.75,77.0,0.0
2012-03-12,31.75,77.25,0.0
2012-03-12,31.75,77.5,0.0
2012-03-12,32.0,76.5,0.0
2012-03-12,32.0,76.75,0.0
2012-03-12,32.0,77.0,0.0
2012-03-12,32.0,77.25,0.0
2012-03-12,32.0,77.5,0.0
2012-03-13,31.5,76.5,0.0
2012-03-13,31.5,76.75,0.0
2012-03-13,31.5,77.0,0.0
2012-03-13,31.5,77.25,0.0
2012-03-13,31.5,77.5,0.0
2012-03-13,31.75,76.5,0.0
2012-03-13,31.75,76.75,0.0
2012-03-13,31.75,77.0,0.0
2012-03-13,31.75,77.25,0.0
2012-03-13,31.75,77.5,0.0
2012-03-13,32.0,76.5,1.1173356771469116
2012-03-13,32.0,76.75,0.0
2012-03-13,32.0,77.0,0.0
2012-03-13,32.0,77.25,0.0
2012-03-13,32.0,77.5,0.0
2012-03-14,31.5,76.5,0.0
2012-03-14,31.5,76.75,0.0
2012-03-14,31.5,77.0,0.0
2012-03-14,31.5,77.25,0.0
2012-03-14,31.5,77.5,0.0
2012-03-14,31.75,76.5,0.0
2012-03-14,31.75,76.75,0.0
2012-03-14,31.75,77.0,0.0
2012-03-14,31.75,77.25,0.0
2012-03-14,31.75,77.5,0.0
2012-03-14,32.0,76.5,0.0
2012-03-14,32.0,76.75,0.0
2012-03-14,32.0,77.0,0.0
2012-03-14,32.0,77.25,0.0
2012-03-14,32.0,77.5,0.0
2012-03-15,31.5,76.5,0.0
2012-03-15,31.5,76.75,0.0
2012-03-15,31.5,77.0,0.0
2012-03-15,31.5,77.25,0.0
2012-03-15,31.5,77.5,0.0
2012-03-15,31.75,76.5,0.0
2012-03-15,31.75,76.75,0.0
2012-03-15,31.75,77.0,0.0
2012-03-15,31.75,77.25,0.0
2012-03-15,31.75,77.5,0.0
2012-03-15,32.0,76.5,0.0
2012-03-15,32.0,76.75,0.0
2012-03-15,32.0,77.0,0.0
2012-03-15,32.0,77.25,0.0
2012-03-15,32.0,77.5,0.0
2012-03-16,31.5,76.5,0.0
2012-03-16,31.5,76.75,0.0
2012-03-16,31.5,77.0,0.0
2012-03-16,31.5,77.25,0.0
2012-03-16,31.5,77.5,0.0
2012-03-16,31.75,76.5,0.0
2012-03-16,31.75,76.75,0.0
2012-03-16,31.75,77.0,0.0
2012-03-16,31.75,77.25,0.0
2012-03-16,31.75,77.5,0.0
2012-03-16,32.0,76.5,0.0
2012-03-16,32.0,76.75,0.0
2012-03-16,32.0,77.0,0.0
2012-03-16,32.0,77.25,0.0
2012-03-16,32.0,77.5,0.0
2012-03-17,31.5,76.5,0.0
2012-03-17,31.5,76.75,0.0
2012-03-17,31.5,77.0,0.0
2012-03-17,31.5,77.25,0.0
2012-03-17,31.5,77.5,0.0
2012-03-17,31.75,76.5,0.0
2012-03-17,31.75,76.75,0.0
2012-03-17,31.75,77.0,0.0
2012-03-17,31.75,77.25,0.0
2012-03-17,31.75,77.5,0.0
2012-03-17,32.0,76.5,0.0
2012-03-17,32.0,76.75,0.0
2012-03-17,32.0,77.0,0.0
2012-03-17,32.0,77.25,0.0
2012-03-17,32.0,77.5,0.0
2012-03-18,31.5,76.5,0.0
2012-03-18,31.5,76.75,0.0
2012-03-18,31.5,77.0,0.0
2012-03-18,31.5,77.25,0.0
2012-03-18,31.5,77.5,0.0
2012-03-18,31.75,76.5,0.0
2012-03-18,31.75,76.75,0.0
2012-03-18,31.75,77.0,0.0
2012-03-18,31.75,77.25,0.0
2012-03-18,31.75,77.5,0.0
2012-03-18,32.0,76.5,0.0
2012-03-18,32.0,76.75,0.0
2012-03-18,32.0,77.0,0.0
2012-03-18,32.0,77.25,0.0
2012-03-18,32.0,77.5,0.0
2012-03-19,31.5,76.5,0.0
2012-03-19,31.5,76.75,0.0
2012-03-19,31.5,77.0,0.0
2012-03-19,31.5,77.25,0.0
2012-03-19,31.5,77.5,1.558424472808838
2012-03-19,31.75,76.5,0.0
2012-03-19,31.75,76.75,0.0
2012-03-19,31.75,77.0,0.0
2012-03-19,31.75,77.25,1.050654649734497
2012-03-19,31.75,77.5,1.9150559902191162
2012-03-19,32.0,76.5,0.0
2012-03-19,32.0,76.75,0.0
2012-03-19,32.0,77.0,0.0
2012-03-19,32.0,77.25,1.828122615814209
2012-03-19,32.0,77.5,2.7015111446380615
2012-03-20,31.5,76.5,0.0
2012-03-20,31.5,76.75,0.0
2012-03-20,31.5,77.0,0.0
2012-03-20,31.5,77.25,0.0
2012-03-20,31.5,77.5,0.779212236404419
2012-03-20,31.75,76.5,0.0
2012-03-20,31.75,76.75,0.0
2012-03-20,31.75,77.0,0.0
2012-03-20,31.75,77.25,0.5253273248672485
2012-03-20,31.75,77.5,0.9575279951095581
2012-03-20,32.0,76.5,3.1657845973968506
2012-03-20,32.0,76.75,0.0
2012-03-20,32.0,77.0,0.0
2012-03-20,32.0,77.25,0.9140613079071045
2012-03-20,32.0,77.5,1.3507555723190308
2012-03-21,31.5,76.5,0.0
2012-03-21,31.5,76.75,0.0
2012-03-21,31.5,77.0,0.0
2012-03-21,31.5,77.25,0.0
2012-03-21,31.5,77.5,0.779212236404419
2012-03-21,31.75,76.5,0.0
2012-03-21,31.75,76.75,0.0
2012-03-21,31.75,77.0,0.0
2012-03-21,31.75,77.25,0.5253273248672485
2012-03-21,31.75,77.5,0.9575279951095581
2012-03-21,32.0,76.5,1.676003336906433
2012-03-21,32.0,76.75,0.0
2012-03-21,32.0,77.0,0.0
2012-03-21,32.0,77.25,0.9140613079071045
2012-03-21,32.0,77.5,1.3507555723190308
2012-03-22,31.5,76.5,0.0
2012-03-22,31.5,76.75,0.0
2012-03-22,31.5,77.0,0.0
2012-03-22,31.5,77.25,0.0
2012-03-22,31.5,77.5,0.779212236404419
2012-03-22,31.75,76.5,0.0
2012-03-22,31.75,76.75,0.0
2012-03-22,31.75,77.0,0.0
2012-03-22,31.75,77.25,0.5253273248672485
2012-03-22,31.75,77.5,0.9575279951095581
2012-03-22,32.0,76.5,0.0
2012-03-22,32.0,76.75,0.0
2012-03-22,32.0,77.0,0.0
2012-03-22,32.0,77.25,0.9140613079071045
2012-03-22,32.0,77.5,1.3507555723190308
2012-03-23,31.5,76.5,0.0
2012-03-23,31.5,76.75,0.0
2012-03-23,31.5,77.0,0.0
2012-03-23,31.5,77.25,0.0
2012-03-23,31.5,77.5,0.779212236404419
2012-03-23,31.75,76.5,0.0
2012-03-23,31.75,76.75,0.0
2012-03-23,31.75,77.0,0.0
2012-03-23,31.75,77.25,0.5253273248672485
2012-03-23,31.75,77.5,0.9575279951095581
2012-03-23,32.0,76.5,0.0
2012-03-23,32.0,76.75,0.0
2012-03-23,32.0,77.0,0.0
2012-03-23,32.0,77.25,0.9140613079071045
2012-03-23,32.0,77.5,1.3507555723190308
2012-03-24,31.5,76.5,0.0
2012-03-24,31.5,76.75,0.0
2012-03-24,31.5,77.0,0.0
2012-03-24,31.5,77.25,0.0
2012-03-24,31.5,77.5,0.0
2012-03-24,31.75,76.5,0.0
2012-03-24,31.75,76.75,0.0
2012-03-24,31.75,77.0,0.0
2012-03-24,31.75,77.25,0.0
2012-03-24,31.75,77.5,0.0
2012-03-24,32.0,76.5,0.0
2012-03-24,32.0,76.75,0.0
2012-03-24,32.0,77.0,0.0
2012-03-24,32.0,77.25,0.0
2012-03-24,32.0,77.5,0.0
2012-03-25,31.5,76.5,0.0
2012-03-25,31.5,76.75,0.0
2012-03-25,31.5,77.0,0.0
2012-03-25,31.5,77.25,0.0
2012-03-25,31.5,77.5,0.0
2012-03-25,31.75,76.5,0.0
2012-03-25,31.75,76.75,0.0
2012-03-25,31.75,77.0,0.0
2012-03-25,31.75,77.25,0.0
2012-03-25,31.75,77.5,0.0
2012-03-25,32.0,76.5,0.0
2012-03-25,32.0,76.75,0.0
2012-03-25,32.0,77.0,0.0
2012-03-25,32.0,77.25,0.0
2012-03-25,32.0,77.5,0.0
2012-03-26,31.5,76.5,0.0
2012-03-26,31.5,76.75,0.0
2012-03-26,31.5,77.0,0.0
2012-03-26,31.5,77.25,0.0
2012-03-26,31.5,77.5,0.0
2012-03-26,31.75,76.5,0.0
2012-03-26,31.75,76.75,0.0
2012-03-26,31.75,77.0,0.0
2012-03-26,31.75,77.25,0.0
2012-03-26,31.75,77.5,0.0
2012-03-26,32.0,76.5,4.096897125244141
2012-03-26,32.0,76.75,0.0
2012-03-26,32.0,77.0,0.0
2012-03-26,32.0,77.25,0.0
2012-03-26,32.0,77.5,0.0
2012-03-27,31.5,76.5,0.0
2012-03-27,31.5,76.75,0.0
2012-03-27,31.5,77.0,0.0
2012-03-27,31.5,77.25,0.0
2012-03-27,31.5,77.5,0.0
2012-03-27,31.75,76.5,0.0
2012-03-27,31.75,76.75,0.0
2012-03-27,31.75,77.0,0.0
2012-03-27,31.75,77.25,0.0
2012-03-27,31.75,77.5,0.0
2012-03-27,32.0,76.5,5.400455951690674
2012-03-27,32.0,76.75,0.0
2012-03-27,32.0,77.0,0.0
2012-03-27,32.0,77.25,0.0
2012-03-27,32.0,77.5,0.0
2012-03-28,31.5,76.5,0.0
2012-03-28,31.5,76.75,0.0
2012-03-28,31.5,77.0,0.0
2012-03-28,31.5,77.25,0.0
2012-03-28,31.5,77.5,0.0
2012-03-28,31.75,76.5,0.0
2012-03-28,31.75,76.75,0.0
2012-03-28,31.75,77.0,0.0
2012-03-28,31.75,77.25,0.0
2012-03-28,31.75,77.5,0.0
2012-03-28,32.0,76.5,0.7448904514312744
2012-03-28,32.0,76.75,0.0
2012-03-28,32.0,77.0,0.0
2012-03-28,32.0,77.25,0.0
2012-03-28,32.0,77.5,0.0
2012-03-29,31.5,76.5,0.0
2012-03-29,31.5,76.75,0.0
2012-03-29,31.5,77.0,0.0
2012-03-29,31.5,77.25,0.0
2012-03-29,31.5,77.5,0.0
2012-03-29,31.75,76.5,0.0
2012-03-29,31.75,76.75,0.0
2012-03-29,31.75,77.0,0.0
2012-03-29,31.75,77.25,0.0
2012-03-29,31.75,77.5,0.0
2012-03-29,32.0,76.5,2.9795618057250977
2012-03-29,32.0,76.75,0.0
2012-03-29,32.0,77.0,0.0
2012-03-29,32.0,77.25,0.0
2012-03-29,32.0,77.5,0.0
2012-03-30,31.5,76.5,0.0
2012-03-30,31.5,76.75,0.0
2012-03-30,31.5,77.0,0.0
2012-03-30,31.5,77.25,0.0
2012-03-30,31.5,77.5,0.0
2012-03-30,31.75,76.5,0.0
2012-03-30,31.75,76.75,0.0
2012-03-30,31.75,77.0,0.0
2012-03-30,31.75,77.25,0.0
2012-03-30,31.75,77.5,0.0
2012-03-30,32.0,76.5,0.0
2012-03-30,32.0,76.75,0.0
2012-03-30,32.0,77.0,0.0
2012-03-30,32.0,77.25,0.0
2012-03-30,32.0,77.5,0.0
2012-03-31,31.5,76.5,0.0
2012-03-31,31.5,76.75,0.0
2012-03-31,31.5,77.0,0.0
2012-03-31,31.5,77.25,0.0
2012-03-31,31.5,77.5,0.0
2012-03-31,31.75,76.5,0.0
2012-03-31,31.75,76.75,0.0
2012-03-31,31.75,77.0,0.0
2012-03-31,31.75,77.25,0.0
2012-03-31,31.75,77.5,0.0
2012-03-31,32.0,76.5,0.0
2012-03-31,32.0,76.75,0.0
2012-03-31,32.0,77.0,0.0
2012-03-31,32.0,77.25,0.0
2012-03-31,32.0,77.5,0.0
2012-04-01,31.5,76.5,0.0
2012-04-01,31.5,76.75,0.0
2012-04-01,31.5,77.0,0.0
2012-04-01,31.5,77.25,0.0
2012-04-01,31.5,77.5,0.0
2012-04-01,31.75,76.5,0.0
2012-04-01,31.75,76.75,0.0
2012-04-01,31.75,77.0,0.0
2012-04-01,31.75,77.25,0.0
2012-04-01,31.75,77.5,0.0
2012-04-01,32.0,76.5,0.0
2012-04-01,32.0,76.75,0.0
2012-04-01,32.0,77.0,0.0
2012-04-01,32.0,77.25,0.0
2012-04-01,32.0,77.5,0.0
2012-04-02,31.5,76.5,0.0
2012-04-02,31.5,76.75,0.0
2012-04-02,31.5,77.0,0.0
2012-04-02,31.5,77.25,0.0
2012-04-02,31.5,77.5,0.0
2012-04-02,31.75,76.5,0.0
2012-04-02,31.75,76.75,0.0
2012-04-02,31.75,77.0,0.0
2012-04-02,31.75,77.25,0.0
2012-04-02,31.75,77.5,0.0
2012-04-02,32.0,76.5,0.0
2012-04-02,32.0,76.75,0.0
2012-04-02,32.0,77.0,0.0
2012-04-02,32.0,77.25,0.0
2012-04-02,32.0,77.5,0.0
2012-04-03,31.5,76.5,0.0
2012-04-03,31.5,76.75,0.0
2012-04-03,31.5,77.0,0.0
2012-04-03,31.5,77.25,0.0
2012-04-03,31.5,77.5,0.0
2012-04-03,31.75,76.5,0.0
2012-04-03,31.75,76.75,0.0
2012-04-03,31.75,77.0,0.0
2012-04-03,31.75,77.25,0.0
2012-04-03,31.75,77.5,0.0
2012-04-03,32.0,76.5,0.4655565023422241
2012-04-03,32.0,76.75,0.0
2012-04-03,32.0,77.0,0.0
2012-04-03,32.0,77.25,0.0
2012-04-03,32.0,77.5,0.0
2012-04-04,31.5,76.5,0.0
2012-04-04,31.5,76.75,0.0
2012-04-04,31.5,77.0,0.0
2012-04-04,31.5,77.25,0.0
2012-04-04,31.5,77.5,0.0
2012-04-04,31.75,76.5,0.0
2012-04-04,31.75,76.75,0.0
2012-04-04,31.75,77.0,0.0
2012-04-04,31.75,77.25,0.0
2012-04-04,31.75,77.5,0.0
2012-04-04,32.0,76.5,0.9311130046844482
2012-04-04,32.0,76.75,0.0
2012-04-04,32.0,77.0,0.0
2012-04-04,32.0,77.25,0.0
2012-04-04,32.0,77.5,0.0
2012-04-05,31.5,76.5,0.0
2012-04-05,31.5,76.75,0.0
2012-04-05,31.5,77.0,0.0
2012-04-05,31.5,77.25,8.495129585266113
2012-04-05,31.5,77.5,8.373245239257812
2012-04-05,31.75,76.5,0.0
2012-04-05,31.75,76.75,0.0
2012-04-05,31.75,77.0,0.0
2012-04-05,31.75,77.25,7.759832382202148
2012-04-05,31.75,77.5,8.103337287902832
2012-04-05,32.0,76.5,0.0
2012-04-05,32.0,76.75,0.0
2012-04-05,32.0,77.0,3.2316763401031494
2012-04-05,32.0,77.25,8.032038688659668
2012-04-05,32.0,77.5,6.638481140136719
2012-04-06,31.5,76.5,2.267338275909424
2012-04-06,31.5,76.75,3.4512743949890137
2012-04-06,31.5,77.0,4.125034332275391
2012-04-06,31.5,77.25,3.1681456565856934
2012-04-06,31.5,77.5,3.2010457515716553
2012-04-06,31.75,76.5,1.187848687171936
2012-04-06,31.75,76.75,3.1409337520599365
2012-04-06,31.75,77.0,4.166491508483887
2012-04-06,31.75,77.25,4.133679389953613
2012-04-06,31.75,77.5,3.097011089324951
2012-04-06,32.0,76.5,4.655564785003662
2012-04-06,32.0,76.75,1.323909044265747
2012-04-06,32.0,77.0,3.596457004547119
2012-04-06,32.0,77.25,3.4225900173187256
2012-04-06,32.0,77.5,3.0854883193969727
2012-04-07,31.5,76.5,0.0
2012-04-07,31.5,76.75,0.0
2012-04-07,31.5,77.0,0.0
2012-04-07,31.5,77.25,0.0
2012-04-07,31.5,77.5,2.337636947631836
2012-04-07,31.75,76.5,0.0
2012-04-07,31.75,76.75,0.0
2012-04-07,31.75,77.0,0.0
2012-04-07,31.75,77.25,1.5759819746017456
2012-04-07,31.75,77.5,2.8725838661193848
2012-04-07,32.0,76.5,0.0
2012-04-07,32.0,76.75,0.0
2012-04-07,32.0,77.0,0.0
2012-04-07,32.0,77.25,2.7421839237213135
2012-04-07,32.0,77.5,4.052267074584961
2012-04-08,31.5,76.5,0.0
2012-04-08,31.5,76.75,0.0
2012-04-08,31.5,77.0,0.0
2012-04-08,31.5,77.25,0.0
2012-04-08,31.5,77.5,0.0
2012-04-08,31.75,76.5,0.0
2012-04-08,31.75,76.75,0.0
2012-04-08,31.75,77.0,0.0
2012-04-08,31.75,77.25,0.0
2012-04-08,31.75,77.5,0.0
2012-04-08,32.0,76.5,0.0
2012-04-08,32.0,76.75,0.0
2012-04-08,32.0,77.0,0.0
2012-04-08,32.0,77.25,0.0
2012-04-08,32.0,77.5,0.0
2012-04-09,31.5,76.5,0.0
2012-04-09,31.5,76.75,0.0
2012-04-09,31.5,77.0,0.0
2012-04-09,31.5,77.25,0.0
2012-04-09,31.5,77.5,0.0
2012-04-09,31.75,76.5,0.0
2012-04-09,31.75,76.75,0.0
2012-04-09,31.75,77.0,0.0
2012-04-09,31.75,77.25,0.0
2012-04-09,31.75,77.5,0.0
2012-04-09,32.0,76.5,0.0
2012-04-09,32.0,76.75,0.0
2012-04-09,32.0,77.0,0.0
2012-04-09,32.0,77.25,0.0
2012-04-09,32.0,77.5,0.0
2012-04-10,31.5,76.5,0.0
2012-04-10,31.5,76.75,0.0
2012-04-10,31.5,77.0,0.0
2012-04-10,31.5,77.25,0.0
2012-04-10,31.5,77.5,0.0
2012-04-10,31.75,76.5,0.0
2012-04-10,31.75,76.75,0.0
2012-04-10,31.75,77.0,0.0
2012-04-10,31.75,77.25,0.0
2012-04-10,31.75,77.5,0.0
2012-04-10,32.0,76.5,10.242243766784668
2012-04-10,32.0,76.75,0.0
2012-04-10,32.0,77.0,0.0
2012-04-10,32.0,77.25,0.0
2012-04-10,32.0,77.5,0.0
2012-04-11,31.5,76.5,3.0497488975524902
2012-04-11,31.5,76.75,2.8315415382385254
2012-04-11,31.5,77.0,2.5790352821350098
2012-04-11,31.5,77.25,2.870133399963379
2012-04-11,31.5,77.5,1.6162618398666382
2012-04-11,31.75,76.5,3.1584646701812744
2012-04-11,31.75,76.75,3.049515724182129
2012-04-11,31.75,77.0,2.7186667919158936
2012-04-11,31.75,77.25,2.187183380126953
2012-04-11,31.75,77.5,1.384087324142456
2012-04-11,32.0,76.5,46.76231002807617
2012-04-11,32.0,76.75,3.2434773445129395
2012-04-11,32.0,77.0,3.3165395259857178
2012-04-11,32.0,77.25,1.5586954355239868
2012-04-11,32.0,77.5,0.8758112788200378
2012-04-12,31.5,76.5,26.72174644470215
2012-04-12,31.5,76.75,22.164390563964844
2012-04-12,31.5,77.0,18.384483337402344
2012-04-12,31.5,77.25,14.787739753723145
2012-04-12,31.5,77.5,6.599193572998047
2012-04-12,31.75,76.5,29.932594299316406
2012-04-12,31.75,76.75,24.104900360107422
2012-04-12,31.75,77.0,18.808996200561523
2012-04-12,31.75,77.25,8.129010200500488
2012-04-12,31.75,77.5,5.761983394622803
2012-04-12,32.0,76.5,9.746399879455566
2012-04-12,32.0,76.75,29.964191436767578
2012-04-12,32.0,77.0,21.042972564697266
2012-04-12,32.0,77.25,6.1760382652282715
2012-04-12,32.0,77.5,3.8141562938690186
2012-04-13,31.5,76.5,2.9518990516662598
2012-04-13,31.5,76.75,2.141953706741333
2012-04-13,31.5,77.0,1.5114160776138306
2012-04-13,31.5,77.25,0.7561758160591125
2012-04-13,31.5,77.5,0.779212236404419
2012-04-13,31.75,76.5,3.5566108226776123
2012-04-13,31.75,76.75,2.46925687789917
2012-04-13,31.75,77.0,1.575334072113037
2012-04-13,31.75,77.25,0.5253273248672485
2012-04-13,31.75,77.5,0.9575279951095581
2012-04-13,32.0,76.5,0.27554795145988464
2012-04-13,32.0,76.75,3.548143148422241
2012-04-13,32.0,77.0,1.84574556350708
2012-04-13,32.0,77.25,0.9140613079071045
2012-04-13,32.0,77.5,1.3507555723190308
2012-04-14,31.5,76.5,3.689873695373535
2012-04-14,31.5,76.75,2.6774423122406006
2012-04-14,31.5,77.0,1.8892700672149658
2012-04-14,31.5,77.25,0.9452196955680847
2012-04-14,31.5,77.5,0.779212236404419
2012-04-14,31.75,76.5,4.44576358795166
2012-04-14,31.75,76.75,3.086571216583252
2012-04-14,31.75,77.0,1.9691675901412964
2012-04-14,31.75,77.25,0.5253273248672485
2012-04-14,31.75,77.5,0.9575279951095581
2012-04-14,32.0,76.5,5.5586676597595215
2012-04-14,32.0,76.75,4.435178756713867
2012-04-14,32.0,77.0,2.3071820735931396
2012-04-14,32.0,77.25,0.9140613079071045
2012-04-14,32.0,77.5,1.3507555723190308
2012-04-15,31.5,76.5,0.0
2012-04-15,31.5,76.75,0.0
2012-04-15,31.5,77.0,0.0
2012-04-15,31.5,77.25,0.7229897379875183
2012-04-15,31.5,77.5,0.7126166224479675
2012-04-15,31.75,76.5,0.0
2012-04-15,31.75,76.75,0.0
2012-04-15,31.75,77.0,0.0
2012-04-15,31.75,77.25,0.6604112982749939
2012-04-15,31.75,77.5,0.6896457672119141
2012-04-15,32.0,76.5,1.8622260093688965
2012-04-15,32.0,76.75,0.0
2012-04-15,32.0,77.0,0.2750363051891327
2012-04-15,32.0,77.25,0.6835777759552002
2012-04-15,32.0,77.5,0.5649771094322205
2012-04-16,31.5,76.5,0.0
2012-04-16,31.5,76.75,0.0
2012-04-16,31.5,77.0,0.0
2012-04-16,31.5,77.25,0.0
2012-04-16,31.5,77.5,0.0
2012-04-16,31.75,76.5,0.0
2012-04-16,31.75,76.75,0.0
2012-04-16,31.75,77.0,0.0
2012-04-16,31.75,77.25,0.0
2012-04-16,31.75,77.5,0.0
2012-04-16,32.0,76.5,4.2831196784973145
2012-04-16,32.0,76.75,0.0
2012-04-16,32.0,77.0,0.0
2012-04-16,32.0,77.25,0.0
2012-04-16,32.0,77.5,0.0
2012-04-17,31.5,76.5,12.895392417907715
2012-04-17,31.5,76.75,10.836390495300293
2012-04-17,31.5,77.0,9.02919864654541
2012-04-17,31.5,77.25,5.264570713043213
2012-04-17,31.5,77.5,1.259342908859253
2012-04-17,31.75,76.5,14.265740394592285
2012-04-17,31.75,76.75,11.767967224121094
2012-04-17,31.75,77.0,9.261905670166016
2012-04-17,31.75,77.25,2.363652229309082
2012-04-17,31.75,77.5,0.906165599822998
2012-04-17,32.0,76.5,1.0333048105239868
2012-04-17,32.0,76.75,14.321778297424316
2012-04-17,32.0,77.0,9.678829193115234
2012-04-17,32.0,77.25,1.222425103187561
2012-04-17,32.0,77.5,0.2943824231624603
2012-04-18,31.5,76.5,0.0
2012-04-18,31.5,76.75,0.0
2012-04-18,31.5,77.0,0.0
2012-04-18,31.5,77.25,0.0
2012-04-18,31.5,77.5,0.0
2012-04-18,31.75,76.5,0.0
2012-04-18,31.75,76.75,0.0
2012-04-18,31.75,77.0,0.0
2012-04-18,31.75,77.25,0.0
2012-04-18,31.75,77.5,0.0
2012-04-18,32.0,76.5,0.0
2012-04-18,32.0,76.75,0.0
2012-04-18,32.0,77.0,0.0
2012-04-18,32.0,77.25,0.0
2012-04-18,32.0,77.5,0.0
2012-04-19,31.5,76.5,0.0
2012-04-19,31.5,76.75,0.0
2012-04-19,31.5,77.0,0.0
2012-04-19,31.5,77.25,0.0
2012-04-19,31.5,77.5,0.0
2012-04-19,31.75,76.5,0.0
2012-04-19,31.75,76.75,0.0
2012-04-19,31.75,77.0,0.0
2012-04-19,31.75,77.25,0.0
2012-04-19,31.75,77.5,0.0
2012-04-19,32.0,76.5,0.0
2012-04-19,32.0,76.75,0.0
2012-04-19,32.0,77.0,0.0
2012-04-19,32.0,77.25,0.0
2012-04-19,32.0,77.5,0.0
2012-04-20,31.5,76.5,0.0
2012-04-20,31.5,76.75,0.0
2012-04-20,31.5,77.0,0.0
2012-04-20,31.5,77.25,0.0
2012-04-20,31.5,77.5,0.0
2012-04-20,31.75,76.5,0.0
2012-04-20,31.75,76.75,0.0
2012-04-20,31.75,77.0,0.0
2012-04-20,31.75,77.25,0.0
2012-04-20,31.75,77.5,0.0
2012-04-20,32.0,76.5,0.0
2012-04-20,32.0,76.75,0.0
2012-04-20,32.0,77.0,0.0
2012-04-20,32.0,77.25,0.0
2012-04-20,32.0,77.5,0.0
2012-04-21,31.5,76.5,0.0
2012-04-21,31.5,76.75,0.0
2012-04-21,31.5,77.0,0.0
2012-04-21,31.5,77.25,0.0
2012-04-21,31.5,77.5,3.116848945617676
2012-04-21,31.75,76.5,0.0
2012-04-21,31.75,76.75,0.0
2012-04-21,31.75,77.0,0.0
2012-04-21,31.75,77.25,2.101309299468994
2012-04-21,31.75,77.5,3.8301119804382324
2012-04-21,32.0,76.5,16.201366424560547
2012-04-21,32.0,76.75,0.0
2012-04-21,32.0,77.0,0.0
2012-04-21,32.0,77.25,3.656245231628418
2012-04-21,32.0,77.5,5.403022289276123
2012-04-22,31.5,76.5,0.0
2012-04-22,31.5,76.75,0.0
2012-04-22,31.5,77.0,0.0
2012-04-22,31.5,77.25,1.1447337865829468
2012-04-22,31.5,77.5,3.8555526733398438
2012-04-22,31.75,76.5,0.0
2012-04-22,31.75,76.75,0.0
2012-04-22,31.75,77.0,0.0
2012-04-22,31.75,77.25,2.8842968940734863
2012-04-22,31.75,77.5,4.443286895751953
2012-04-22,32.0,76.5,3.538229465484619
2012-04-22,32.0,76.75,0.0
2012-04-22,32.0,77.0,0.43547409772872925
2012-04-22,32.0,77.25,4.281545639038086
2012-04-22,32.0,77.5,5.622191905975342
2012-04-23,31.5,76.5,0.0
2012-04-23,31.5,76.75,0.0
2012-04-23,31.5,77.0,0.0
2012-04-23,31.5,77.25,0.6024914383888245
2012-04-23,31.5,77.5,0.5938472151756287
2012-04-23,31.75,76.5,0.0
2012-04-23,31.75,76.75,0.0
2012-04-23,31.75,77.0,0.0
2012-04-23,31.75,77.25,0.5503427386283875
2012-04-23,31.75,77.5,0.5747047662734985
2012-04-23,32.0,76.5,4.2831196784973145
2012-04-23,32.0,76.75,0.0
2012-04-23,32.0,77.0,0.22919689118862152
2012-04-23,32.0,77.25,0.5696480870246887
2012-04-23,32.0,77.5,0.4708142578601837
2012-04-24,31.5,76.5,0.0
2012-04-24,31.5,76.75,0.0
2012-04-24,31.5,77.0,0.0
2012-04-24,31.5,77.25,0.0
2012-04-24,31.5,77.5,0.0
2012-04-24,31.75,76.5,0.0
2012-04-24,31.75,76.75,0.0
2012-04-24,31.75,77.0,0.0
2012-04-24,31.75,77.25,0.0
2012-04-24,31.75,77.5,0.0
2012-04-24,32.0,76.5,0.0
2012-04-24,32.0,76.75,0.0
2012-04-24,32.0,77.0,0.0
2012-04-24,32.0,77.25,0.0
2012-04-24,32.0,77.5,0.0
2012-04-25,31.5,76.5,0.0
2012-04-25,31.5,76.75,0.0
2012-04-25,31.5,77.0,0.0
2012-04-25,31.5,77.25,0.0
2012-04-25,31.5,77.5,0.0
2012-04-25,31.75,76.5,0.0
2012-04-25,31.75,76.75,0.0
2012-04-25,31.75,77.0,0.0
2012-04-25,31.75,77.25,0.0
2012-04-25,31.75,77.5,0.0
2012-04-25,32.0,76.5,2.2346713542938232
2012-04-25,32.0,76.75,0.0
2012-04-25,32.0,77.0,0.0
2012-04-25,32.0,77.25,0.0
2012-04-25,32.0,77.5,0.0
2012-04-26,31.5,76.5,0.0
2012-04-26,31.5,76.75,0.0
2012-04-26,31.5,77.0,0.0
2012-04-26,31.5,77.25,2.409965753555298
2012-04-26,31.5,77.5,2.3753888607025146
2012-04-26,31.75,76.5,0.0
2012-04-26,31.75,76.75,0.0
2012-04-26,31.75,77.0,0.0
2012-04-26,31.75,77.25,2.20137095451355
2012-04-26,31.75,77.5,2.298819065093994
2012-04-26,32.0,76.5,3.352006673812866
2012-04-26,32.0,76.75,0.0
2012-04-26,32.0,77.0,0.9167875647544861
2012-04-26,32.0,77.25,2.278592348098755
2012-04-26,32.0,77.5,1.8832570314407349
2012-04-27,31.5,76.5,0.0
2012-04-27,31.5,76.75,0.0
2012-04-27,31.5,77.0,0.0
2012-04-27,31.5,77.25,0.0
2012-04-27,31.5,77.5,0.0
2012-04-27,31.75,76.5,0.0
2012-04-27,31.75,76.75,0.0
2012-04-27,31.75,77.0,0.0
2012-04-27,31.75,77.25,0.0
2012-04-27,31.75,77.5,0.0
2012-04-27,32.0,76.5,5.959123611450195
2012-04-27,32.0,76.75,0.0
2012-04-27,32.0,77.0,0.0
2012-04-27,32.0,77.25,0.0
2012-04-27,32.0,77.5,0.0
2012-04-28,31.5,76.5,0.0
2012-04-28,31.5,76.75,0.0
2012-04-28,31.5,77.0,0.0
2012-04-28,31.5,77.25,2.77146053314209
2012-04-28,31.5,77.5,2.7316970825195312
2012-04-28,31.75,76.5,0.0
2012-04-28,31.75,76.75,0.0
2012-04-28,31.75,77.0,0.0
2012-04-28,31.75,77.25,2.53157639503479
2012-04-28,31.75,77.5,2.643641948699951
2012-04-28,32.0,76.5,4.096897125244141
2012-04-28,32.0,76.75,0.0
2012-04-28,32.0,77.0,1.0543057918548584
2012-04-28,32.0,77.25,2.6203811168670654
2012-04-28,32.0,77.5,2.165745496749878
2012-04-29,31.5,76.5,0.7498107552528381
2012-04-29,31.5,76.75,1.3550342321395874
2012-04-29,31.5,77.0,1.7045302391052246
2012-04-29,31.5,77.25,1.8074742555618286
2012-04-29,31.5,77.5,1.7815414667129517
2012-04-29,31.75,76.5,0.15227140486240387
2012-04-29,31.75,76.75,0.8588945865631104
2012-04-29,31.75,77.0,1.3722305297851562
2012-04-29,31.75,77.25,1.6510281562805176
2012-04-29,31.75,77.5,1.7241142988204956
2012-04-29,32.0,76.5,2.2346713542938232
2012-04-29,32.0,76.75,0.0
2012-04-29,32.0,77.0,0.6875907182693481
2012-04-29,32.0,77.25,1.7089444398880005
2012-04-29,32.0,77.5,1.412442684173584
2012-04-30,31.5,76.5,0.0
2012-04-30,31.5,76.75,0.0
2012-04-30,31.5,77.0,0.0
2012-04-30,31.5,77.25,1.204982876777649
2012-04-30,31.5,77.5,1.1876944303512573
2012-04-30,31.75,76.5,0.0
2012-04-30,31.75,76.75,0.0
2012-04-30,31.75,77.0,0.0
2012-04-30,31.75,77.25,1.100685477256775
2012-04-30,31.75,77.5,1.149409532546997
2012-04-30,32.0,76.5,12.104469299316406
2012-04-30,32.0,76.75,0.0
2012-04-30,32.0,77.0,0.45839378237724304
2012-04-30,32.0,77.25,1.1392961740493774
2012-04-30,32.0,77.5,0.9416285157203674
2012-05-01,31.5,76.5,0.0
2012-05-01,31.5,76.75,0.0
2012-05-01,31.5,77.0,0.0
2012-05-01,31.5,77.25,0.0
2012-05-01,31.5,77.5,0.0
2012-05-01,31.75,76.5,0.0
2012-05-01,31.75,76.75,0.0
2012-05-01,31.75,77.0,0.0
2012-05-01,31.75,77.25,0.0
2012-05-01,31.75,77.5,0.0
2012-05-01,32.0,76.5,13.035582542419434
2012-05-01,32.0,76.75,0.0
2012-05-01,32.0,77.0,0.0
2012-05-01,32.0,77.25,0.0
2012-05-01,32.0,77.5,0.0
2012-05-02,31.5,76.5,0.0
2012-05-02,31.5,76.75,0.0
2012-05-02,31.5,77.0,0.0
2012-05-02,31.5,77.25,0.0
2012-05-02,31.5,77.5,0.0
2012-05-02,31.75,76.5,0.0
2012-05-02,31.75,76.75,0.0
2012-05-02,31.75,77.0,0.0
2012-05-02,31.75,77.25,0.0
2012-05-02,31.75,77.5,0.0
2012-05-02,32.0,76.5,1.1173356771469116
2012-05-02,32.0,76.75,0.0
2012-05-02,32.0,77.0,0.0
2012-05-02,32.0,77.25,0.0
2012-05-02,32.0,77.5,0.0
2012-05-03,31.5,76.5,0.0
2012-05-03,31.5,76.75,0.0
2012-05-03,31.5,77.0,0.0
2012-05-03,31.5,77.25,0.0
2012-05-03,31.5,77.5,0.0
2012-05-03,31.75,76.5,0.0
2012-05-03,31.75,76.75,0.0
2012-05-03,31.75,77.0,0.0
2012-05-03,31.75,77.25,0.0
2012-05-03,31.75,77.5,0.0
2012-05-03,32.0,76.5,0.0
2012-05-03,32.0,76.75,0.0
2012-05-03,32.0,77.0,0.0
2012-05-03,32.0,77.25,0.0
2012-05-03,32.0,77.5,0.0
2012-05-04,31.5,76.5,0.0
2012-05-04,31.5,76.75,0.0
2012-05-04,31.5,77.0,0.0
2012-05-04,31.5,77.25,0.0
2012-05-04,31.5,77.5,0.0
2012-05-04,31.75,76.5,0.0
2012-05-04,31.75,76.75,0.0
2012-05-04,31.75,77.0,0.0
2012-05-04,31.75,77.25,0.0
2012-05-04,31.75,77.5,0.0
2012-05-04,32.0,76.5,0.0
2012-05-04,32.0,76.75,0.0
2012-05-04,32.0,77.0,0.0
2012-05-04,32.0,77.25,0.0
2012-05-04,32.0,77.5,0.0
2012-05-05,31.5,76.5,0.0
2012-05-05,31.5,76.75,0.0
2012-05-05,31.5,77.0,0.0
2012-05-05,31.5,77.25,0.0
2012-05-05,31.5,77.5,0.0
2012-05-05,31.75,76.5,0.0
2012-05-05,31.75,76.75,0.0
2012-05-05,31.75,77.0,0.0
2012-05-05,31.75,77.25,0.0
2012-05-05,31.75,77.5,0.0
2012-05-05,32.0,76.5,0.0
2012-05-05,32.0,76.75,0.0
2012-05-05,32.0,77.0,0.0
2012-05-05,32.0,77.25,0.0
2012-05-05,32.0,77.5,0.0
2012-05-06,31.5,76.5,0.0
2012-05-06,31.5,76.75,0.0
2012-05-06,31.5,77.0,0.0
2012-05-06,31.5,77.25,0.0
2012-05-06,31.5,77.5,0.0
2012-05-06,31.75,76.5,0.0
2012-05-06,31.75,76.75,0.0
2012-05-06,31.75,77.0,0.0
2012-05-06,31.75,77.25,0.0
2012-05-06,31.75,77.5,0.0
2012-05-06,32.0,76.5,9.683574676513672
2012-05-06,32.0,76.75,0.0
2012-05-06,32.0,77.0,0.0
2012-05-06,32.0,77.25,0.0
2012-05-06,32.0,77.5,0.0
2012-05-07,31.5,76.5,0.0
2012-05-07,31.5,76.75,0.0
2012-05-07,31.5,77.0,0.0
2012-05-07,31.5,77.25,0.0
2012-05-07,31.5,77.5,0.0
2012-05-07,31.75,76.5,0.0
2012-05-07,31.75,76.75,0.0
2012-05-07,31.75,77.0,0.0
2012-05-07,31.75,77.25,0.0
2012-05-07,31.75,77.5,0.0
2012-05-07,32.0,76.5,0.0
2012-05-07,32.0,76.75,0.0
2012-05-07,32.0,77.0,0.0
2012-05-07,32.0,77.25,0.0
2012-05-07,32.0,77.5,0.0
2012-05-08,31.5,76.5,0.0
2012-05-08,31.5,76.75,0.0
2012-05-08,31.5,77.0,0.0
2012-05-08,31.5,77.25,0.0
2012-05-08,31.5,77.5,0.0
2012-05-08,31.75,76.5,0.0
2012-05-08,31.75,76.75,0.0
2012-05-08,31.75,77.0,0.0
2012-05-08,31.75,77.25,0.0
2012-05-08,31.75,77.5,0.0
2012-05-08,32.0,76.5,0.0
2012-05-08,32.0,76.75,0.0
2012-05-08,32.0,77.0,0.0
2012-05-08,32.0,77.25,0.0
2012-05-08,32.0,77.5,0.0
2012-05-09,31.5,76.5,0.0
2012-05-09,31.5,76.75,0.0
2012-05-09,31.5,77.0,0.0
2012-05-09,31.5,77.25,0.0
2012-05-09,31.5,77.5,0.0
2012-05-09,31.75,76.5,0.0
2012-05-09,31.75,76.75,0.0
2012-05-09,31.75,77.0,0.0
2012-05-09,31.75,77.25,0.0
2012-05-09,31.75,77.5,0.0
2012-05-09,32.0,76.5,0.0
2012-05-09,32.0,76.75,0.0
2012-05-09,32.0,77.0,0.0
2012-05-09,32.0,77.25,0.0
2012-05-09,32.0,77.5,0.0
2012-05-10,31.5,76.5,0.0
2012-05-10,31.5,76.75,0.0
2012-05-10,31.5,77.0,0.0
2012-05-10,31.5,77.25,0.0
2012-05-10,31.5,77.5,0.0
2012-05-10,31.75,76.5,0.0
2012-05-10,31.75,76.75,0.0
2012-05-10,31.75,77.0,0.0
2012-05-10,31.75,77.25,0.0
2012-05-10,31.75,77.5,0.0
2012-05-10,32.0,76.5,0.0
2012-05-10,32.0,76.75,0.0
2012-05-10,32.0,77.0,0.0
2012-05-10,32.0,77.25,0.0
2012-05-10,32.0,77.5,0.0
2012-05-11,31.5,76.5,0.0
2012-05-11,31.5,76.75,0.0
2012-05-11,31.5,77.0,0.0
2012-05-11,31.5,77.25,0.0
2012-05-11,31.5,77.5,0.0
2012-05-11,31.75,76.5,0.0
2012-05-11,31.75,76.75,0.0
2012-05-11,31.75,77.0,0.0
2012-05-11,31.75,77.25,0.0
2012-05-11,31.75,77.5,0.0
2012-05-11,32.0,76.5,1.1173356771469116
2012-05-11,32.0,76.75,0.0
2012-05-11,32.0,77.0,0.0
2012-05-11,32.0,77.25,0.0
2012-05-11,32.0,77.5,0.0
2012-05-12,31.5,76.5,0.0
2012-05-12,31.5,76.75,0.0
2012-05-12,31.5,77.0,0.0
2012-05-12,31.5,77.25,0.0
2012-05-12,31.5,77.5,0.0
2012-05-12,31.75,76.5,0.0
2012-05-12,31.75,76.75,0.0
2012-05-12,31.75,77.0,0.0
2012-05-12,31.75,77.25,0.0
2012-05-12,31.75,77.5,0.0
2012-05-12,32.0,76.5,23.091602325439453
2012-05-12,32.0,76.75,0.0
2012-05-12,32.0,77.0,0.0
2012-05-12,32.0,77.25,0.0
2012-05-12,32.0,77.5,0.0
2012-05-13,31.5,76.5,0.0
2012-05-13,31.5,76.75,0.0
2012-05-13,31.5,77.0,0.0
2012-05-13,31.5,77.25,0.0
2012-05-13,31.5,77.5,0.0
2012-05-13,31.75,76.5,0.0
2012-05-13,31.75,76.75,0.0
2012-05-13,31.75,77.0,0.0
2012-05-13,31.75,77.25,0.0
2012-05-13,31.75,77.5,0.0
2012-05-13,32.0,76.5,8.938685417175293
2012-05-13,32.0,76.75,0.0
2012-05-13,32.0,77.0,0.0
2012-05-13,32.0,77.25,0.0
2012-05-13,32.0,77.5,0.0
2012-05-14,31.5,76.5,0.0
2012-05-14,31.5,76.75,0.0
2012-05-14,31.5,77.0,0.0
2012-05-14,31.5,77.25,0.0
2012-05-14,31.5,77.5,0.0
2012-05-14,31.75,76.5,0.0
2012-05-14,31.75,76.75,0.0
2012-05-14,31.75,77.0,0.0
2012-05-14,31.75,77.25,0.0
2012-05-14,31.75,77.5,0.0
2012-05-14,32.0,76.5,0.0
2012-05-14,32.0,76.75,0.0
2012-05-14,32.0,77.0,0.0
2012-05-14,32.0,77.25,0.0
2012-05-14,32.0,77.5,0.0
2012-05-15,31.5,76.5,0.0
2012-05-15,31.5,76.75,0.0
2012-05-15,31.5,77.0,0.0
2012-05-15,31.5,77.25,0.0
2012-05-15,31.5,77.5,0.0
2012-05-15,31.75,76.5,0.0
2012-05-15,31.75,76.75,0.0
2012-05-15,31.75,77.0,0.0
2012-05-15,31.75,77.25,0.0
2012-05-15,31.75,77.5,0.0
2012-05-15,32.0,76.5,0.0
2012-05-15,32.0,76.75,0.0
2012-05-15,32.0,77.0,0.0
2012-05-15,32.0,77.25,0.0
2012-05-15,32.0,77.5,0.0
2012-05-16,31.5,76.5,0.0
2012-05-16,31.5,76.75,0.0
2012-05-16,31.5,77.0,0.0
2012-05-16,31.5,77.25,0.0
2012-05-16,31.5,77.5,0.0
2012-05-16,31.75,76.5,0.0
2012-05-16,31.75,76.75,0.0
2012-05-16,31.75,77.0,0.0
2012-05-16,31.75,77.25,0.0
2012-05-16,31.75,77.5,0.0
2012-05-16,32.0,76.5,0.0
2012-05-16,32.0,76.75,0.0
2012-05-16,32.0,77.0,0.0
2012-05-16,32.0,77.25,0.0
2012-05-16,32.0,77.5,0.0
2012-05-17,31.5,76.5,0.0
2012-05-17,31.5,76.75,0.0
2012-05-17,31.5,77.0,0.0
2012-05-17,31.5,77.25,0.0
2012-05-17,31.5,77.5,0.0
2012-05-17,31.75,76.5,0.0
2012-05-17,31.75,76.75,0.0
2012-05-17,31.75,77.0,0.0
2012-05-17,31.75,77.25,0.0
2012-05-17,31.75,77.5,0.0
2012-05-17,32.0,76.5,0.0
2012-05-17,32.0,76.75,0.0
2012-05-17,32.0,77.0,0.0
2012-05-17,32.0,77.25,0.0
2012-05-17,32.0,77.5,0.0
2012-05-18,31.5,76.5,0.0
2012-05-18,31.5,76.75,0.0
2012-05-18,31.5,77.0,0.0
2012-05-18,31.5,77.25,0.0
2012-05-18,31.5,77.5,0.0
2012-05-18,31.75,76.5,0.0
2012-05-18,31.75,76.75,0.0
2012-05-18,31.75,77.0,0.0
2012-05-18,31.75,77.25,0.0
2012-05-18,31.75,77.5,0.0
2012-05-18,32.0,76.5,3.9106743335723877
2012-05-18,32.0,76.75,0.0
2012-05-18,32.0,77.0,0.0
2012-05-18,32.0,77.25,0.0
2012-05-18,32.0,77.5,0.0
2012-05-19,31.5,76.5,0.0
2012-05-19,31.5,76.75,0.0
2012-05-19,31.5,77.0,0.0
2012-05-19,31.5,77.25,0.0
2012-05-19,31.5,77.5,0.0
2012-05-19,31.75,76.5,0.0
2012-05-19,31.75,76.75,0.0
2012-05-19,31.75,77.0,0.0
2012-05-19,31.75,77.25,0.0
2012-05-19,31.75,77.5,0.0
2012-05-19,32.0,76.5,1.8622260093688965
2012-05-19,32.0,76.75,0.0
2012-05-19,32.0,77.0,0.0
2012-05-19,32.0,77.25,0.0
2012-05-19,32.0,77.5,0.0
2012-05-20,31.5,76.5,0.0
2012-05-20,31.5,76.75,0.0
2012-05-20,31.5,77.0,0.0
2012-05-20,31.5,77.25,0.0
2012-05-20,31.5,77.5,0.0
2012-05-20,31.75,76.5,0.0
2012-05-20,31.75,76.75,0.0
2012-05-20,31.75,77.0,0.0
2012-05-20,31.75,77.25,0.0
2012-05-20,31.75,77.5,0.0
2012-05-20,32.0,76.5,0.9311130046844482
2012-05-20,32.0,76.75,0.0
2012-05-20,32.0,77.0,0.0
2012-05-20,32.0,77.25,0.0
2012-05-20,32.0,77.5,0.0
2012-05-21,31.5,76.5,0.6938920617103577
2012-05-21,31.5,76.75,1.0170443058013916
2012-05-21,31.5,77.0,1.2000154256820679
2012-05-21,31.5,77.25,1.1616532802581787
2012-05-21,31.5,77.5,0.9326763153076172
2012-05-21,31.75,76.5,0.4076280891895294
2012-05-21,31.75,76.75,0.9942116141319275
2012-05-21,31.75,77.0,1.2761379480361938
2012-05-21,31.75,77.25,1.1064437627792358
2012-05-21,31.75,77.5,0.7886101603507996
2012-05-21,32.0,76.5,2.0484485626220703
2012-05-21,32.0,76.75,0.4834769666194916
2012-05-21,32.0,77.0,1.318700909614563
2012-05-21,32.0,77.25,0.9366459250450134
2012-05-21,32.0,77.5,0.4377974569797516
2012-05-22,31.5,76.5,0.0
2012-05-22,31.5,76.75,0.0
2012-05-22,31.5,77.0,0.0
2012-05-22,31.5,77.25,0.0
2012-05-22,31.5,77.5,0.0
2012-05-22,31.75,76.5,0.0
2012-05-22,31.75,76.75,0.0
2012-05-22,31.75,77.0,0.0
2012-05-22,31.75,77.25,0.0
2012-05-22,31.75,77.5,0.0
2012-05-22,32.0,76.5,5.028010368347168
2012-05-22,32.0,76.75,0.0
2012-05-22,32.0,77.0,0.0
2012-05-22,32.0,77.25,0.0
2012-05-22,32.0,77.5,0.0
2012-05-23,31.5,76.5,0.0
2012-05-23,31.5,76.75,0.0
2012-05-23,31.5,77.0,0.0
2012-05-23,31.5,77.25,0.0
2012-05-23,31.5,77.5,0.0
2012-05-23,31.75,76.5,0.0
2012-05-23,31.75,76.75,0.0
2012-05-23,31.75,77.0,0.0
2012-05-23,31.75,77.25,0.0
2012-05-23,31.75,77.5,0.0
2012-05-23,32.0,76.5,0.7448904514312744
2012-05-23,32.0,76.75,0.0
2012-05-23,32.0,77.0,0.0
2012-05-23,32.0,77.25,0.0
2012-05-23,32.0,77.5,0.0
2012-05-24,31.5,76.5,0.0
2012-05-24,31.5,76.75,0.0
2012-05-24,31.5,77.0,0.0
2012-05-24,31.5,77.25,0.0
2012-05-24,31.5,77.5,0.0
2012-05-24,31.75,76.5,0.0
2012-05-24,31.75,76.75,0.0
2012-05-24,31.75,77.0,0.0
2012-05-24,31.75,77.25,0.0
2012-05-24,31.75,77.5,0.0
2012-05-24,32.0,76.5,0.0
2012-05-24,32.0,76.75,0.0
2012-05-24,32.0,77.0,0.0
2012-05-24,32.0,77.25,0.0
2012-05-24,32.0,77.5,0.0
2012-05-25,31.5,76.5,0.0
2012-05-25,31.5,76.75,0.0
2012-05-25,31.5,77.0,0.0
2012-05-25,31.5,77.25,0.0
2012-05-25,31.5,77.5,0.0
2012-05-25,31.75,76.5,0.0
2012-05-25,31.75,76.75,0.0
2012-05-25,31.75,77.0,0.0
2012-05-25,31.75,77.25,0.0
2012-05-25,31.75,77.5,0.0
2012-05-25,32.0,76.5,0.0
2012-05-25,32.0,76.75,0.0
2012-05-25,32.0,77.0,0.0
2012-05-25,32.0,77.25,0.0
2012-05-25,32.0,77.5,0.0
2012-05-26,31.5,76.5,0.0
2012-05-26,31.5,76.75,0.0
2012-05-26,31.5,77.0,0.0
2012-05-26,31.5,77.25,0.0
2012-05-26,31.5,77.5,0.0
2012-05-26,31.75,76.5,0.0
2012-05-26,31.75,76.75,0.0
2012-05-26,31.75,77.0,0.0
2012-05-26,31.75,77.25,0.0
2012-05-26,31.75,77.5,0.0
2012-05-26,32.0,76.5,5.959123611450195
2012-05-26,32.0,76.75,0.0
2012-05-26,32.0,77.0,0.0
2012-05-26,32.0,77.25,0.0
2012-05-26,32.0,77.5,0.0
2012-05-27,31.5,76.5,0.0
2012-05-27,31.5,76.75,0.0
2012-05-27,31.5,77.0,0.0
2012-05-27,31.5,77.25,0.0
2012-05-27,31.5,77.5,0.0
2012-05-27,31.75,76.5,0.0
2012-05-27,31.75,76.75,0.0
2012-05-27,31.75,77.0,0.0
2012-05-27,31.75,77.25,0.0
2012-05-27,31.75,77.5,0.0
2012-05-27,32.0,76.5,1.1173356771469116
2012-05-27,32.0,76.75,0.0
2012-05-27,32.0,77.0,0.0
2012-05-27,32.0,77.25,0.0
2012-05-27,32.0,77.5,0.0
2012-05-28,31.5,76.5,0.0
2012-05-28,31.5,76.75,0.0
2012-05-28,31.5,77.0,0.0
2012-05-28,31.5,77.25,0.0
2012-05-28,31.5,77.5,0.0
2012-05-28,31.75,76.5,0.0
2012-05-28,31.75,76.75,0.0
2012-05-28,31.75,77.0,0.0
2012-05-28,31.75,77.25,0.0
2012-05-28,31.75,77.5,0.0
2012-05-28,32.0,76.5,0.0
2012-05-28,32.0,76.75,0.0
2012-05-28,32.0,77.0,0.0
2012-05-28,32.0,77.25,0.0
2012-05-28,32.0,77.5,0.0
2012-05-29,31.5,76.5,0.0
2012-05-29,31.5,76.75,0.0
2012-05-29,31.5,77.0,0.0
2012-05-29,31.5,77.25,0.0
2012-05-29,31.5,77.5,0.0
2012-05-29,31.75,76.5,0.0
2012-05-29,31.75,76.75,0.0
2012-05-29,31.75,77.0,0.0
2012-05-29,31.75,77.25,0.0
2012-05-29,31.75,77.5,0.0
2012-05-29,32.0,76.5,0.0
2012-05-29,32.0,76.75,0.0
2012-05-29,32.0,77.0,0.0
2012-05-29,32.0,77.25,0.0
2012-05-29,32.0,77.5,0.0
2012-05-30,31.5,76.5,0.0
2012-05-30,31.5,76.75,0.0
2012-05-30,31.5,77.0,0.0
2012-05-30,31.5,77.25,0.0
2012-05-30,31.5,77.5,0.0
2012-05-30,31.75,76.5,0.0
2012-05-30,31.75,76.75,0.0
2012-05-30,31.75,77.0,0.0
2012-05-30,31.75,77.25,0.0
2012-05-30,31.75,77.5,0.0
2012-05-30,32.0,76.5,0.0
2012-05-30,32.0,76.75,0.0
2012-05-30,32.0,77.0,0.0
2012-05-30,32.0,77.25,0.0
2012-05-30,32.0,77.5,0.0
2012-05-31,31.5,76.5,0.0
2012-05-31,31.5,76.75,0.0
2012-05-31,31.5,77.0,0.0
2012-05-31,31.5,77.25,0.0
2012-05-31,31.5,77.5,0.0
2012-05-31,31.75,76.5,0.0
2012-05-31,31.75,76.75,0.0
2012-05-31,31.75,77.0,0.0
2012-05-31,31.75,77.25,0.0
2012-05-31,31.75,77.5,0.0
2012-05-31,32.0,76.5,0.0
2012-05-31,32.0,76.75,0.0
2012-05-31,32.0,77.0,0.0
2012-05-31,32.0,77.25,0.0
2012-05-31,32.0,77.5,0.0
2012-06-01,31.5,76.5,0.0
2012-06-01,31.5,76.75,0.0
2012-06-01,31.5,77.0,0.0
2012-06-01,31.5,77.25,0.0
2012-06-01,31.5,77.5,0.0
2012-06-01,31.75,76.5,0.0
2012-06-01,31.75,76.75,0.0
2012-06-01,31.75,77.0,0.0
2012-06-01,31.75,77.25,0.0
2012-06-01,31.75,77.5,0.0
2012-06-01,32.0,76.5,0.3724452257156372
2012-06-01,32.0,76.75,0.0
2012-06-01,32.0,77.0,0.0
2012-06-01,32.0,77.25,0.0
2012-06-01,32.0,77.5,0.0
2012-06-02,31.5,76.5,0.0
2012-06-02,31.5,76.75,0.0
2012-06-02,31.5,77.0,0.0
2012-06-02,31.5,77.25,0.0
2012-06-02,31.5,77.5,0.0
2012-06-02,31.75,76.5,0.0
2012-06-02,31.75,76.75,0.0
2012-06-02,31.75,77.0,0.0
2012-06-02,31.75,77.25,0.0
2012-06-02,31.75,77.5,0.0
2012-06-02,32.0,76.5,0.3724452257156372
2012-06-02,32.0,76.75,0.0
2012-06-02,32.0,77.0,0.0
2012-06-02,32.0,77.25,0.0
2012-06-02,32.0,77.5,0.0
2012-06-03,31.5,76.5,0.0
2012-06-03,31.5,76.75,0.0
2012-06-03,31.5,77.0,0.0
2012-06-03,31.5,77.25,0.0
2012-06-03,31.5,77.5,0.0
2012-06-03,31.75,76.5,0.0
2012-06-03,31.75,76.75,0.0
2012-06-03,31.75,77.0,0.0
2012-06-03,31.75,77.25,0.0
2012-06-03,31.75,77.5,0.0
2012-06-03,32.0,76.5,0.0
2012-06-03,32.0,76.75,0.0
2012-06-03,32.0,77.0,0.0
2012-06-03,32.0,77.25,0.0
2012-06-03,32.0,77.5,0.0
2012-06-04,31.5,76.5,0.0
2012-06-04,31.5,76.75,0.0
2012-06-04,31.5,77.0,0.0
2012-06-04,31.5,77.25,0.0
2012-06-04,31.5,77.5,0.0
2012-06-04,31.75,76.5,0.0
2012-06-04,31.75,76.75,0.0
2012-06-04,31.75,77.0,0.0
2012-06-04,31.75,77.25,0.0
2012-06-04,31.75,77.5,0.0
2012-06-04,32.0,76.5,0.1862226128578186
2012-06-04,32.0,76.75,0.0
2012-06-04,32.0,77.0,0.0
2012-06-04,32.0,77.25,0.0
2012-06-04,32.0,77.5,0.0
2012-06-05,31.5,76.5,2.8386495113372803
2012-06-05,31.5,76.75,4.160635471343994
2012-06-05,31.5,77.0,4.909153938293457
2012-06-05,31.5,77.25,4.752218246459961
2012-06-05,31.5,77.5,3.8154938220977783
2012-06-05,31.75,76.5,1.6675695180892944
2012-06-05,31.75,76.75,4.067229270935059
2012-06-05,31.75,77.0,5.220564365386963
2012-06-05,31.75,77.25,4.526360988616943
2012-06-05,31.75,77.5,3.22613263130188
2012-06-05,32.0,76.5,0.0
2012-06-05,32.0,76.75,1.9778603315353394
2012-06-05,32.0,77.0,5.3946852684021
2012-06-05,32.0,77.25,3.831733226776123
2012-06-05,32.0,77.5,1.7909895181655884
2012-06-06,31.5,76.5,1.4759495258331299
2012-06-06,31.5,76.75,1.0709768533706665
2012-06-06,31.5,77.0,0.7557080388069153
2012-06-06,31.5,77.25,1.5830707550048828
2012-06-06,31.5,77.5,1.5975936651229858
2012-06-06,31.75,76.5,1.7783054113388062
2012-06-06,31.75,76.75,1.234628438949585
2012-06-06,31.75,77.0,0.7876670360565186
2012-06-06,31.75,77.25,1.640462875366211
2012-06-06,31.75,77.5,1.934590458869934
2012-06-06,32.0,76.5,1.2551096677780151
2012-06-06,32.0,76.75,1.7740715742111206
2012-06-06,32.0,77.0,1.3812665939331055
2012-06-06,32.0,77.25,2.084660530090332
2012-06-06,32.0,77.5,2.788687229156494
2012-06-07,31.5,76.5,0.4731082022190094
2012-06-07,31.5,76.75,0.6934393048286438
2012-06-07,31.5,77.0,0.8181923627853394
2012-06-07,31.5,77.25,0.7920364141464233
2012-06-07,31.5,77.5,0.6359156370162964
2012-06-07,31.75,76.5,0.27792826294898987
2012-06-07,31.75,76.75,0.677871584892273
2012-06-07,31.75,77.0,0.8700940012931824
2012-06-07,31.75,77.25,0.7543935179710388
2012-06-07,31.75,77.5,0.5376887321472168
2012-06-07,32.0,76.5,0.9311130046844482
2012-06-07,32.0,76.75,0.3296433687210083
2012-06-07,32.0,77.0,0.8991142511367798
2012-06-07,32.0,77.25,0.6386222243309021
2012-06-07,32.0,77.5,0.2984982430934906
2012-06-08,31.5,76.5,0.0
2012-06-08,31.5,76.75,0.0
2012-06-08,31.5,77.0,0.0
2012-06-08,31.5,77.25,0.0
2012-06-08,31.5,77.5,0.0
2012-06-08,31.75,76.5,0.0
2012-06-08,31.75,76.75,0.0
2012-06-08,31.75,77.0,0.0
2012-06-08,31.75,77.25,0.0
2012-06-08,31.75,77.5,0.0
2012-06-08,32.0,76.5,1.8622260093688965
2012-06-08,32.0,76.75,0.0
2012-06-08,32.0,77.0,0.0
2012-06-08,32.0,77.25,0.0
2012-06-08,32.0,77.5,0.0
2012-06-09,31.5,76.5,0.0
2012-06-09,31.5,76.75,0.0
2012-06-09,31.5,77.0,0.0
2012-06-09,31.5,77.25,0.0
2012-06-09,31.5,77.5,0.0
2012-06-09,31.75,76.5,0.0
2012-06-09,31.75,76.75,0.0
2012-06-09,31.75,77.0,0.0
2012-06-09,31.75,77.25,0.0
2012-06-09,31.75,77.5,0.0
2012-06-09,32.0,76.5,0.0
2012-06-09,32.0,76.75,0.0
2012-06-09,32.0,77.0,0.0
2012-06-09,32.0,77.25,0.0
2012-06-09,32.0,77.5,0.0
2012-06-10,31.5,76.5,0.0
2012-06-10,31.5,76.75,0.0
2012-06-10,31.5,77.0,0.0
2012-06-10,31.5,77.25,0.0
2012-06-10,31.5,77.5,0.0
2012-06-10,31.75,76.5,0.0
2012-06-10,31.75,76.75,0.0
2012-06-10,31.75,77.0,0.0
2012-06-10,31.75,77.25,0.0
2012-06-10,31.75,77.5,0.0
2012-06-10,32.0,76.5,2.7933390140533447
2012-06-10,32.0,76.75,0.0
2012-06-10,32.0,77.0,0.0
2012-06-10,32.0,77.25,0.0
2012-06-10,32.0,77.5,0.0
2012-06-11,31.5,76.5,0.0
2012-06-11,31.5,76.75,0.1957234889268875
2012-06-11,31.5,77.0,0.35792437195777893
2012-06-11,31.5,77.25,0.4913965165615082
2012-06-11,31.5,77.5,0.49411746859550476
2012-06-11,31.75,76.5,0.0
2012-06-11,31.75,76.75,0.14167837798595428
2012-06-11,31.75,77.0,0.3578242063522339
2012-06-11,31.75,77.25,0.5018599033355713
2012-06-11,31.75,77.5,0.4634760320186615
2012-06-11,32.0,76.5,1.1173356771469116
2012-06-11,32.0,76.75,0.0
2012-06-11,32.0,77.0,0.24852071702480316
2012-06-11,32.0,77.25,0.4246053993701935
2012-06-11,32.0,77.5,0.34163346886634827
2012-06-12,31.5,76.5,0.0
2012-06-12,31.5,76.75,0.0
2012-06-12,31.5,77.0,0.0
2012-06-12,31.5,77.25,0.0
2012-06-12,31.5,77.5,0.0
2012-06-12,31.75,76.5,0.0
2012-06-12,31.75,76.75,0.0
2012-06-12,31.75,77.0,0.0
2012-06-12,31.75,77.25,0.0
2012-06-12,31.75,77.5,0.0
2012-06-12,32.0,76.5,0.0
2012-06-12,32.0,76.75,0.0
2012-06-12,32.0,77.0,0.0
2012-06-12,32.0,77.25,0.0
2012-06-12,32.0,77.5,0.0
2012-06-13,31.5,76.5,0.0
2012-06-13,31.5,76.75,0.0
2012-06-13,31.5,77.0,0.0
2012-06-13,31.5,77.25,0.0
2012-06-13,31.5,77.5,0.0
2012-06-13,31.75,76.5,0.0
2012-06-13,31.75,76.75,0.0
2012-06-13,31.75,77.0,0.0
2012-06-13,31.75,77.25,0.0
2012-06-13,31.75,77.5,0.0
2012-06-13,32.0,76.5,0.0
2012-06-13,32.0,76.75,0.0
2012-06-13,32.0,77.0,0.0
2012-06-13,32.0,77.25,0.0
2012-06-13,32.0,77.5,0.0
2012-06-14,31.5,76.5,0.0
2012-06-14,31.5,76.75,0.0
2012-06-14,31.5,77.0,0.0
2012-06-14,31.5,77.25,0.0
2012-06-14,31.5,77.5,0.0
2012-06-14,31.75,76.5,0.0
2012-06-14,31.75,76.75,0.0
2012-06-14,31.75,77.0,0.0
2012-06-14,31.75,77.25,0.0
2012-06-14,31.75,77.5,0.0
2012-06-14,32.0,76.5,0.0
2012-06-14,32.0,76.75,0.0
2012-06-14,32.0,77.0,0.0
2012-06-14,32.0,77.25,0.0
2012-06-14,32.0,77.5,0.0
2012-06-15,31.5,76.5,0.0
2012-06-15,31.5,76.75,0.0
2012-06-15,31.5,77.0,0.0
2012-06-15,31.5,77.25,0.0
2012-06-15,31.5,77.5,0.0
2012-06-15,31.75,76.5,0.0
2012-06-15,31.75,76.75,0.0
2012-06-15,31.75,77.0,0.0
2012-06-15,31.75,77.25,0.0
2012-06-15,31.75,77.5,0.0
2012-06-15,32.0,76.5,0.0
2012-06-15,32.0,76.75,0.0
2012-06-15,32.0,77.0,0.0
2012-06-15,32.0,77.25,0.0
2012-06-15,32.0,77.5,0.0
2012-06-16,31.5,76.5,0.0
2012-06-16,31.5,76.75,0.0
2012-06-16,31.5,77.0,0.0
2012-06-16,31.5,77.25,0.0
2012-06-16,31.5,77.5,0.0
2012-06-16,31.75,76.5,0.0
2012-06-16,31.75,76.75,0.0
2012-06-16,31.75,77.0,0.0
2012-06-16,31.75,77.25,0.0
2012-06-16,31.75,77.5,0.0
2012-06-16,32.0,76.5,0.0
2012-06-16,32.0,76.75,0.0
2012-06-16,32.0,77.0,0.0
2012-06-16,32.0,77.25,0.0
2012-06-16,32.0,77.5,0.0
2012-06-17,31.5,76.5,0.0
2012-06-17,31.5,76.75,0.0
2012-06-17,31.5,77.0,0.0
2012-06-17,31.5,77.25,0.0
2012-06-17,31.5,77.5,0.0
2012-06-17,31.75,76.5,0.0
2012-06-17,31.75,76.75,0.0
2012-06-17,31.75,77.0,0.0
2012-06-17,31.75,77.25,0.0
2012-06-17,31.75,77.5,0.0
2012-06-17,32.0,76.5,0.0
2012-06-17,32.0,76.75,0.0
2012-06-17,32.0,77.0,0.0
2012-06-17,32.0,77.25,0.0
2012-06-17,32.0,77.5,0.0
2012-06-18,31.5,76.5,0.0
2012-06-18,31.5,76.75,0.0
2012-06-18,31.5,77.0,0.0
2012-06-18,31.5,77.25,0.0
2012-06-18,31.5,77.5,0.0
2012-06-18,31.75,76.5,0.0
2012-06-18,31.75,76.75,0.0
2012-06-18,31.75,77.0,0.0
2012-06-18,31.75,77.25,0.0
2012-06-18,31.75,77.5,0.0
2012-06-18,32.0,76.5,0.0
2012-06-18,32.0,76.75,0.0
2012-06-18,32.0,77.0,0.0
2012-06-18,32.0,77.25,0.0
2012-06-18,32.0,77.5,0.0
2012-06-19,31.5,76.5,0.0
2012-06-19,31.5,76.75,0.0
2012-06-19,31.5,77.0,0.0
2012-06-19,31.5,77.25,0.0
2012-06-19,31.5,77.5,0.0
2012-06-19,31.75,76.5,0.0
2012-06-19,31.75,76.75,0.0
2012-06-19,31.75,77.0,0.0
2012-06-19,31.75,77.25,0.0
2012-06-19,31.75,77.5,0.0
2012-06-19,32.0,76.5,0.9311130046844482
2012-06-19,32.0,76.75,0.0
2012-06-19,32.0,77.0,0.0
2012-06-19,32.0,77.25,0.0
2012-06-19,32.0,77.5,0.0
2012-06-20,31.5,76.5,0.0
2012-06-20,31.5,76.75,0.0
2012-06-20,31.5,77.0,0.0
2012-06-20,31.5,77.25,0.0
2012-06-20,31.5,77.5,0.0
2012-06-20,31.75,76.5,0.0
2012-06-20,31.75,76.75,0.0
2012-06-20,31.75,77.0,0.0
2012-06-20,31.75,77.25,0.0
2012-06-20,31.75,77.5,0.0
2012-06-20,32.0,76.5,0.0
2012-06-20,32.0,76.75,0.0
2012-06-20,32.0,77.0,0.0
2012-06-20,32.0,77.25,0.0
2012-06-20,32.0,77.5,0.0
2012-06-21,31.5,76.5,0.0
2012-06-21,31.5,76.75,0.0
2012-06-21,31.5,77.0,0.0
2012-06-21,31.5,77.25,0.0
2012-06-21,31.5,77.5,0.0
2012-06-21,31.75,76.5,0.0
2012-06-21,31.75,76.75,0.0
2012-06-21,31.75,77.0,0.0
2012-06-21,31.75,77.25,0.0
2012-06-21,31.75,77.5,0.0
2012-06-21,32.0,76.5,0.0
2012-06-21,32.0,76.75,0.0
2012-06-21,32.0,77.0,0.0
2012-06-21,32.0,77.25,0.0
2012-06-21,32.0,77.5,0.0
2012-06-22,31.5,76.5,0.0
2012-06-22,31.5,76.75,0.0
2012-06-22,31.5,77.0,0.0
2012-06-22,31.5,77.25,0.0
2012-06-22,31.5,77.5,0.0
2012-06-22,31.75,76.5,0.0
2012-06-22,31.75,76.75,0.0
2012-06-22,31.75,77.0,0.0
2012-06-22,31.75,77.25,0.0
2012-06-22,31.75,77.5,0.0
2012-06-22,32.0,76.5,0.0
2012-06-22,32.0,76.75,0.0
2012-06-22,32.0,77.0,0.0
2012-06-22,32.0,77.25,0.0
2012-06-22,32.0,77.5,0.0
2012-06-23,31.5,76.5,0.0
2012-06-23,31.5,76.75,0.0
2012-06-23,31.5,77.0,0.0
2012-06-23,31.5,77.25,0.0
2012-06-23,31.5,77.5,0.0
2012-06-23,31.75,76.5,0.0
2012-06-23,31.75,76.75,0.0
2012-06-23,31.75,77.0,0.0
2012-06-23,31.75,77.25,0.0
2012-06-23,31.75,77.5,0.0
2012-06-23,32.0,76.5,0.3724452257156372
2012-06-23,32.0,76.75,0.0
2012-06-23,32.0,77.0,0.0
2012-06-23,32.0,77.25,0.0
2012-06-23,32.0,77.5,0.0
2012-06-24,31.5,76.5,5.6275458335876465
2012-06-24,31.5,76.75,5.380985260009766
2012-06-24,31.5,77.0,4.994372367858887
2012-06-24,31.5,77.25,1.1342637538909912
2012-06-24,31.5,77.5,0.0
2012-06-24,31.75,76.5,5.578550338745117
2012-06-24,31.75,76.75,5.0781168937683105
2012-06-24,31.75,77.0,4.55856990814209
2012-06-24,31.75,77.25,1.0498785972595215
2012-06-24,31.75,77.5,0.0
2012-06-24,32.0,76.5,10.09689712524414
2012-06-24,32.0,76.75,5.339288711547852
2012-06-24,32.0,77.0,2.768618106842041
2012-06-24,32.0,77.25,0.6438970565795898
2012-06-24,32.0,77.5,0.0
2012-06-25,31.5,76.5,1.246140718460083
2012-06-25,31.5,76.75,1.9288923740386963
2012-06-25,31.5,77.0,2.3181967735290527
2012-06-25,31.5,77.25,1.5840728282928467
2012-06-25,31.5,77.5,4.131565093994141
2012-06-25,31.75,76.5,0.6167650818824768
2012-06-25,31.75,76.75,1.69930100440979
2012-06-25,31.75,77.0,2.2890801429748535
2012-06-25,31.75,77.25,1.5087870359420776
2012-06-25,31.75,77.5,3.204150438308716
2012-06-25,32.0,76.5,0.3724452257156372
2012-06-25,32.0,76.75,0.6635552048683167
2012-06-25,32.0,77.0,1.7982285022735596
2012-06-25,32.0,77.25,1.2772444486618042
2012-06-25,32.0,77.5,1.253740668296814
2012-06-26,31.5,76.5,0.0
2012-06-26,31.5,76.75,0.0
2012-06-26,31.5,77.0,0.0
2012-06-26,31.5,77.25,0.0
2012-06-26,31.5,77.5,0.7078548669815063
2012-06-26,31.75,76.5,0.0
2012-06-26,31.75,76.75,0.0
2012-06-26,31.75,77.0,0.0
2012-06-26,31.75,77.25,0.0
2012-06-26,31.75,77.5,0.5269238948822021
2012-06-26,32.0,76.5,5.959123611450195
2012-06-26,32.0,76.75,0.0
2012-06-26,32.0,77.0,0.0
2012-06-26,32.0,77.25,0.0
2012-06-26,32.0,77.5,0.16256041824817657
2012-06-27,31.5,76.5,13.565350532531738
2012-06-27,31.5,76.75,16.27483558654785
2012-06-27,31.5,77.0,17.428447723388672
2012-06-27,31.5,77.25,3.157697916030884
2012-06-27,31.5,77.5,1.0174651145935059
2012-06-27,31.75,76.5,10.4386568069458
2012-06-27,31.75,76.75,13.476134300231934
2012-06-27,31.75,77.0,15.265434265136719
2012-06-27,31.75,77.25,2.956827402114868
2012-06-27,31.75,77.5,0.8603020310401917
2012-06-27,32.0,76.5,2.551095962524414
2012-06-27,32.0,76.75,9.475046157836914
2012-06-27,32.0,77.0,6.0529465675354
2012-06-27,32.0,77.25,2.0949573516845703
2012-06-27,32.0,77.5,0.4775972068309784
2012-06-28,31.5,76.5,2.0551552772521973
2012-06-28,31.5,76.75,4.700422763824463
2012-06-28,31.5,77.0,7.1416850090026855
2012-06-28,31.5,77.25,5.405361652374268
2012-06-28,31.5,77.5,6.865159034729004
2012-06-28,31.75,76.5,0.35177263617515564
2012-06-28,31.75,76.75,3.1731839179992676
2012-06-28,31.75,77.0,6.515859603881836
2012-06-28,31.75,77.25,5.520458698272705
2012-06-28,31.75,77.5,6.162622928619385
2012-06-28,32.0,76.5,1.1173356771469116
2012-06-28,32.0,76.75,0.0
2012-06-28,32.0,77.0,2.7337279319763184
2012-06-28,32.0,77.25,4.670659065246582
2012-06-28,32.0,77.5,4.086339950561523
2012-06-29,31.5,76.5,0.0
2012-06-29,31.5,76.75,0.0
2012-06-29,31.5,77.0,0.0
2012-06-29,31.5,77.25,0.0
2012-06-29,31.5,77.5,0.0
2012-06-29,31.75,76.5,0.0
2012-06-29,31.75,76.75,0.0
2012-06-29,31.75,77.0,0.0
2012-06-29,31.75,77.25,0.0
2012-06-29,31.75,77.5,0.0
2012-06-29,32.0,76.5,0.0
2012-06-29,32.0,76.75,0.0
2012-06-29,32.0,77.0,0.0
2012-06-29,32.0,77.25,0.0
2012-06-29,32.0,77.5,0.0
2012-06-30,31.5,76.5,0.0
2012-06-30,31.5,76.75,0.0
2012-06-30,31.5,77.0,0.0
2012-06-30,31.5,77.25,0.0
2012-06-30,31.5,77.5,0.0
2012-06-30,31.75,76.5,0.0
2012-06-30,31.75,76.75,0.0
2012-06-30,31.75,77.0,0.0
2012-06-30,31.75,77.25,0.0
2012-06-30,31.75,77.5,0.0
2012-06-30,32.0,76.5,0.0
2012-06-30,32.0,76.75,0.0
2012-06-30,32.0,77.0,0.0
2012-06-30,32.0,77.25,0.0
2012-06-30,32.0,77.5,0.0
2012-07-01,31.5,76.5,0.0
2012-07-01,31.5,76.75,0.0
2012-07-01,31.5,77.0,0.0
2012-07-01,31.5,77.25,0.0
2012-07-01,31.5,77.5,0.0
2012-07-01,31.75,76.5,0.0
2012-07-01,31.75,76.75,0.0
2012-07-01,31.75,77.0,0.0
2012-07-01,31.75,77.25,0.0
2012-07-01,31.75,77.5,0.0
2012-07-01,32.0,76.5,0.0
2012-07-01,32.0,76.75,0.0
2012-07-01,32.0,77.0,0.0
2012-07-01,32.0,77.25,0.0
2012-07-01,32.0,77.5,0.0
2012-07-02,31.5,76.5,12.122127532958984
2012-07-02,31.5,76.75,19.5033016204834
2012-07-02,31.5,77.0,26.186307907104492
2012-07-02,31.5,77.25,21.094228744506836
2012-07-02,31.5,77.5,22.85568618774414
2012-07-02,31.75,76.5,7.3311357498168945
2012-07-02,31.75,76.75,15.757329940795898
2012-07-02,31.75,77.0,24.959678649902344
2012-07-02,31.75,77.25,21.14592170715332
2012-07-02,31.75,77.5,20.426294326782227
2012-07-02,32.0,76.5,0.3788784444332123
2012-07-02,32.0,76.75,6.860992431640625
2012-07-02,32.0,77.0,15.405721664428711
2012-07-02,32.0,77.25,17.668746948242188
2012-07-02,32.0,77.5,13.383365631103516
2012-07-03,31.5,76.5,0.0
2012-07-03,31.5,76.75,0.0
2012-07-03,31.5,77.0,0.0
2012-07-03,31.5,77.25,0.0
2012-07-03,31.5,77.5,0.0
2012-07-03,31.75,76.5,0.0
2012-07-03,31.75,76.75,0.0
2012-07-03,31.75,77.0,0.0
2012-07-03,31.75,77.25,0.0
2012-07-03,31.75,77.5,0.0
2012-07-03,32.0,76.5,0.0
2012-07-03,32.0,76.75,0.0
2012-07-03,32.0,77.0,0.0
2012-07-03,32.0,77.25,0.0
2012-07-03,32.0,77.5,0.0
2012-07-04,31.5,76.5,0.4731082022190094
2012-07-04,31.5,76.75,0.6934393048286438
2012-07-04,31.5,77.0,0.8181923627853394
2012-07-04,31.5,77.25,0.7920364141464233
2012-07-04,31.5,77.5,1.2446708679199219
2012-07-04,31.75,76.5,0.27792826294898987
2012-07-04,31.75,76.75,0.677871584892273
2012-07-04,31.75,77.0,0.8700940012931824
2012-07-04,31.75,77.25,0.7543935179710388
2012-07-04,31.75,77.5,0.9908433556556702
2012-07-04,32.0,76.5,0.0
2012-07-04,32.0,76.75,0.3296433687210083
2012-07-04,32.0,77.0,0.8991142511367798
2012-07-04,32.0,77.25,0.6386222243309021
2012-07-04,32.0,77.5,0.438300222158432
2012-07-05,31.5,76.5,4.997704982757568
2012-07-05,31.5,76.75,4.242756366729736
2012-07-05,31.5,77.0,3.5625669956207275
2012-07-05,31.5,77.25,1.1342637538909912
2012-07-05,31.5,77.5,0.0
2012-07-05,31.75,76.5,5.4506425857543945
2012-07-05,31.75,76.75,4.356645107269287
2012-07-05,31.75,77.0,3.4058961868286133
2012-07-05,31.75,77.25,1.0498785972595215
2012-07-05,31.75,77.5,0.0
2012-07-05,32.0,76.5,1.1582123041152954
2012-07-05,32.0,76.75,5.330324649810791
2012-07-05,32.0,77.0,2.768618106842041
2012-07-05,32.0,77.25,0.6438970565795898
2012-07-05,32.0,77.5,0.0
2012-07-06,31.5,76.5,9.17845344543457
2012-07-06,31.5,76.75,7.502340316772461
2012-07-06,31.5,77.0,6.502832412719727
2012-07-06,31.5,77.25,4.971208572387695
2012-07-06,31.5,77.5,2.7176461219787598
2012-07-06,31.75,76.5,10.702583312988281
2012-07-06,31.75,76.75,8.187002182006836
2012-07-06,31.75,77.0,6.694035053253174
2012-07-06,31.75,77.25,4.859986305236816
2012-07-06,31.75,77.5,2.5491180419921875
2012-07-06,32.0,76.5,3.9924283027648926
2012-07-06,32.0,76.75,10.666604995727539
2012-07-06,32.0,77.0,6.90410041809082
2012-07-06,32.0,77.25,3.6231236457824707
2012-07-06,32.0,77.5,1.878983974456787
2012-07-07,31.5,76.5,46.564231872558594
2012-07-07,31.5,76.75,34.663719177246094
2012-07-07,31.5,77.0,25.267841339111328
2012-07-07,31.5,77.25,11.720725059509277
2012-07-07,31.5,77.5,15.148094177246094
2012-07-07,31.75,76.5,55.29191970825195
2012-07-07,31.75,76.75,39.201087951660156
2012-07-07,31.75,77.0,25.899686813354492
2012-07-07,31.75,77.25,10.848745346069336
2012-07-07,31.75,77.5,11.276172637939453
2012-07-07,32.0,76.5,4.270993232727051
2012-07-07,32.0,76.75,55.00774383544922
2012-07-07,32.0,77.0,28.60905647277832
2012-07-07,32.0,77.25,6.653602600097656
2012-07-07,32.0,77.5,3.478793144226074
2012-07-08,31.5,76.5,14.790996551513672
2012-07-08,31.5,76.75,22.289573669433594
2012-07-08,31.5,77.0,29.101348876953125
2012-07-08,31.5,77.25,25.258806228637695
2012-07-08,31.5,77.5,24.746192932128906
2012-07-08,31.75,76.5,9.957944869995117
2012-07-08,31.75,76.75,18.5791072845459
2012-07-08,31.75,77.0,27.958816528320312
2012-07-08,31.75,77.25,25.36027717590332
2012-07-08,31.75,77.5,23.119014739990234
2012-07-08,32.0,76.5,9.117335319519043
2012-07-08,32.0,76.75,9.538012504577637
2012-07-08,32.0,77.0,18.903976440429688
2012-07-08,32.0,77.25,22.183570861816406
2012-07-08,32.0,77.5,17.75162696838379
2012-07-09,31.5,76.5,1.5146178007125854
2012-07-09,31.5,76.75,2.7371692657470703
2012-07-09,31.5,77.0,3.4431512355804443
2012-07-09,31.5,77.25,2.47021484375
2012-07-09,31.5,77.5,5.441102981567383
2012-07-09,31.75,76.5,0.30758824944496155
2012-07-09,31.75,76.75,1.7349671125411987
2012-07-09,31.75,77.0,2.7719058990478516
2012-07-09,31.75,77.25,2.6455318927764893
2012-07-09,31.75,77.5,5.5782976150512695
2012-07-09,32.0,76.5,0.0
2012-07-09,32.0,76.75,0.0
2012-07-09,32.0,77.0,0.9397072196006775
2012-07-09,32.0,77.25,3.833557605743408
2012-07-09,32.0,77.5,6.214243412017822
2012-07-10,31.5,76.5,13.630921363830566
2012-07-10,31.5,76.75,15.056684494018555
2012-07-10,31.5,77.0,15.42001724243164
2012-07-10,31.5,77.25,6.589354038238525
2012-07-10,31.5,77.5,3.935981035232544
2012-07-10,31.75,76.5,11.797423362731934
2012-07-10,31.75,76.75,13.776335716247559
2012-07-10,31.75,77.0,14.442891120910645
2012-07-10,31.75,77.25,6.291703701019287
2012-07-10,31.75,77.5,3.6198930740356445
2012-07-10,32.0,76.5,5.413321495056152
2012-07-10,32.0,76.75,11.428879737854004
2012-07-10,32.0,77.0,9.74062728881836
2012-07-10,32.0,77.25,5.26602840423584
2012-07-10,32.0,77.5,2.8669350147247314
2012-07-11,31.5,76.5,7.883472919464111
2012-07-11,31.5,76.75,12.371864318847656
2012-07-11,31.5,77.0,15.91156005859375
2012-07-11,31.5,77.25,10.725924491882324
2012-07-11,31.5,77.5,14.041430473327637
2012-07-11,31.75,76.5,4.468714237213135
2012-07-11,31.75,76.75,9.858004570007324
2012-07-11,31.75,77.0,14.829957962036133
2012-07-11,31.75,77.25,10.711944580078125
2012-07-11,31.75,77.5,12.325859069824219
2012-07-11,32.0,76.5,0.20666097104549408
2012-07-11,32.0,76.75,4.0749945640563965
2012-07-11,32.0,77.0,8.4407320022583
2012-07-11,32.0,77.25,9.331320762634277
2012-07-11,32.0,77.5,8.01143741607666
2012-07-12,31.5,76.5,50.045196533203125
2012-07-12,31.5,76.75,44.64719772338867
2012-07-12,31.5,77.0,39.29060745239258
2012-07-12,31.5,77.25,30.940122604370117
2012-07-12,31.5,77.5,25.156295776367188
2012-07-12,31.75,76.5,53.11538314819336
2012-07-12,31.75,76.75,47.278221130371094
2012-07-12,31.75,77.0,39.99504470825195
2012-07-12,31.75,77.25,30.08777618408203
2012-07-12,31.75,77.5,24.45659828186035
2012-07-12,32.0,76.5,4.837233066558838
2012-07-12,32.0,76.75,53.426856994628906
2012-07-12,32.0,77.0,42.767765045166016
2012-07-12,32.0,77.25,28.126455307006836
2012-07-12,32.0,77.5,23.45440673828125
2012-07-13,31.5,76.5,32.810768127441406
2012-07-13,31.5,76.75,33.30363082885742
2012-07-13,31.5,77.0,32.33565902709961
2012-07-13,31.5,77.25,19.25847816467285
2012-07-13,31.5,77.5,14.91971206665039
2012-07-13,31.75,76.5,31.145179748535156
2012-07-13,31.75,76.75,32.465301513671875
2012-07-13,31.75,77.0,31.398914337158203
2012-07-13,31.75,77.25,18.612030029296875
2012-07-13,31.75,77.5,14.119614601135254
2012-07-13,32.0,76.5,2.997722625732422
2012-07-13,32.0,76.75,30.853139877319336
2012-07-13,32.0,77.0,26.58413314819336
2012-07-13,32.0,77.25,16.82528305053711
2012-07-13,32.0,77.5,12.501790046691895
2012-07-14,31.5,76.5,0.6720595359802246
2012-07-14,31.5,76.75,1.331011176109314
2012-07-14,31.5,77.0,1.9175410270690918
2012-07-14,31.5,77.25,4.588225364685059
2012-07-14,31.5,77.5,8.245001792907715
2012-07-14,31.75,76.5,0.24280838668346405
2012-07-14,31.75,76.75,1.0466008186340332
2012-07-14,31.75,77.0,1.8588476181030273
2012-07-14,31.75,77.25,4.790261268615723
2012-07-14,31.75,77.5,8.171133041381836
2012-07-14,32.0,76.5,0.7448904514312744
2012-07-14,32.0,76.75,0.23283016681671143
2012-07-14,32.0,77.0,2.2979366779327393
2012-07-14,32.0,77.25,5.881827354431152
2012-07-14,32.0,77.5,8.256739616394043
2012-07-15,31.5,76.5,0.0
2012-07-15,31.5,76.75,0.0
2012-07-15,31.5,77.0,0.0
2012-07-15,31.5,77.25,0.0
2012-07-15,31.5,77.5,0.0
2012-07-15,31.75,76.5,0.0
2012-07-15,31.75,76.75,0.0
2012-07-15,31.75,77.0,0.0
2012-07-15,31.75,77.25,0.0
2012-07-15,31.75,77.5,0.0
2012-07-15,32.0,76.5,0.0
2012-07-15,32.0,76.75,0.0
2012-07-15,32.0,77.0,0.0
2012-07-15,32.0,77.25,0.0
2012-07-15,32.0,77.5,0.0
2012-07-16,31.5,76.5,0.0
2012-07-16,31.5,76.75,0.0
2012-07-16,31.5,77.0,0.0
2012-07-16,31.5,77.25,0.0
2012-07-16,31.5,77.5,0.6087552309036255
2012-07-16,31.75,76.5,0.0
2012-07-16,31.75,76.75,0.0
2012-07-16,31.75,77.0,0.0
2012-07-16,31.75,77.25,0.0
2012-07-16,31.75,77.5,0.453154593706131
2012-07-16,32.0,76.5,0.0
2012-07-16,32.0,76.75,0.0
2012-07-16,32.0,77.0,0.0
2012-07-16,32.0,77.25,0.0
2012-07-16,32.0,77.5,0.1398019790649414
2012-07-17,31.5,76.5,14.419005393981934
2012-07-17,31.5,76.75,11.303046226501465
2012-07-17,31.5,77.0,8.765033721923828
2012-07-17,31.5,77.25,5.906169891357422
2012-07-17,31.5,77.5,2.3249943256378174
2012-07-17,31.75,76.5,16.671777725219727
2012-07-17,31.75,76.75,12.738547325134277
2012-07-17,31.75,77.0,9.177227973937988
2012-07-17,31.75,77.25,5.60543155670166
2012-07-17,31.75,77.5,2.2577481269836426
2012-07-17,32.0,76.5,1.239965796470642
2012-07-17,32.0,76.75,16.757789611816406
2012-07-17,32.0,77.0,10.692925453186035
2012-07-17,32.0,77.25,4.3993988037109375
2012-07-17,32.0,77.5,2.1107394695281982
2012-07-18,31.5,76.5,0.0
2012-07-18,31.5,76.75,0.0
2012-07-18,31.5,77.0,0.0
2012-07-18,31.5,77.25,0.0
2012-07-18,31.5,77.5,0.0
2012-07-18,31.75,76.5,0.0
2012-07-18,31.75,76.75,0.0
2012-07-18,31.75,77.0,0.0
2012-07-18,31.75,77.25,0.0
2012-07-18,31.75,77.5,0.0
2012-07-18,32.0,76.5,0.0
2012-07-18,32.0,76.75,0.0
2012-07-18,32.0,77.0,0.0
2012-07-18,32.0,77.25,0.0
2012-07-18,32.0,77.5,0.0
2012-07-19,31.5,76.5,0.0
2012-07-19,31.5,76.75,0.0
2012-07-19,31.5,77.0,0.0
2012-07-19,31.5,77.25,0.0
2012-07-19,31.5,77.5,0.0
2012-07-19,31.75,76.5,0.0
2012-07-19,31.75,76.75,0.0
2012-07-19,31.75,77.0,0.0
2012-07-19,31.75,77.25,0.0
2012-07-19,31.75,77.5,0.0
2012-07-19,32.0,76.5,9.497352600097656
2012-07-19,32.0,76.75,0.0
2012-07-19,32.0,77.0,0.0
2012-07-19,32.0,77.25,0.0
2012-07-19,32.0,77.5,0.0
2012-07-20,31.5,76.5,53.46858596801758
2012-07-20,31.5,76.75,39.59147644042969
2012-07-20,31.5,77.0,28.68220329284668
2012-07-20,31.5,77.25,15.217402458190918
2012-07-20,31.5,77.5,1.4414088726043701
2012-07-20,31.75,76.5,63.75981903076172
2012-07-20,31.75,76.75,45.36581802368164
2012-07-20,31.75,77.0,29.934391021728516
2012-07-20,31.75,77.25,14.13352108001709
2012-07-20,31.75,77.5,1.2187612056732178
2012-07-20,32.0,76.5,6.566979885101318
2012-07-20,32.0,76.75,63.72673034667969
2012-07-20,32.0,77.0,34.79997634887695
2012-07-20,32.0,77.25,9.06699275970459
2012-07-20,32.0,77.5,0.6765960454940796
2012-07-21,31.5,76.5,0.6298410296440125
2012-07-21,31.5,76.75,1.1382286548614502
2012-07-21,31.5,77.0,1.4318053722381592
2012-07-21,31.5,77.25,0.0
2012-07-21,31.5,77.5,0.0
2012-07-21,31.75,76.5,0.12790797650814056
2012-07-21,31.75,76.75,0.7214714288711548
2012-07-21,31.75,77.0,1.152673602104187
2012-07-21,31.75,77.25,0.0
2012-07-21,31.75,77.5,0.0
2012-07-21,32.0,76.5,0.0
2012-07-21,32.0,76.75,0.0
2012-07-21,32.0,77.0,0.0
2012-07-21,32.0,77.25,0.0
2012-07-21,32.0,77.5,0.0
2012-07-22,31.5,76.5,0.14670705795288086
2012-07-22,31.5,76.75,0.48930874466896057
2012-07-22,31.5,77.0,0.8948110342025757
2012-07-22,31.5,77.25,1.2284913063049316
2012-07-22,31.5,77.5,2.1271908283233643
2012-07-22,31.75,76.5,0.0
2012-07-22,31.75,76.75,0.3541959524154663
2012-07-22,31.75,77.0,0.8945605158805847
2012-07-22,31.75,77.25,1.2546497583389282
2012-07-22,31.75,77.5,1.8226141929626465
2012-07-22,32.0,76.5,0.0
2012-07-22,32.0,76.75,0.0
2012-07-22,32.0,77.0,0.6213018298149109
2012-07-22,32.0,77.25,1.0615135431289673
2012-07-22,32.0,77.5,1.0589097738265991
2012-07-23,31.5,76.5,0.0
2012-07-23,31.5,76.75,0.0
2012-07-23,31.5,77.0,0.0
2012-07-23,31.5,77.25,0.0
2012-07-23,31.5,77.5,0.0
2012-07-23,31.75,76.5,0.0
2012-07-23,31.75,76.75,0.0
2012-07-23,31.75,77.0,0.0
2012-07-23,31.75,77.25,0.0
2012-07-23,31.75,77.5,0.0
2012-07-23,32.0,76.5,0.0
2012-07-23,32.0,76.75,0.0
2012-07-23,32.0,77.0,0.0
2012-07-23,32.0,77.25,0.0
2012-07-23,32.0,77.5,0.0
2012-07-24,31.5,76.5,4.445570468902588
2012-07-24,31.5,76.75,4.830499649047852
2012-07-24,31.5,77.0,4.889796257019043
2012-07-24,31.5,77.25,0.8089781999588013
2012-07-24,31.5,77.5,0.7502492666244507
2012-07-24,31.75,76.5,3.8720686435699463
2012-07-24,31.75,76.75,4.1892924308776855
2012-07-24,31.75,77.0,4.309189796447754
2012-07-24,31.75,77.25,0.7502119541168213
2012-07-24,31.75,77.5,0.5627698302268982
2012-07-24,32.0,76.5,0.27554795145988464
2012-07-24,32.0,76.75,3.590927839279175
2012-07-24,32.0,77.0,1.9056864976882935
2012-07-24,32.0,77.25,0.4718395173549652
2012-07-24,32.0,77.5,0.18246032297611237
2012-07-25,31.5,76.5,13.146892547607422
2012-07-25,31.5,76.75,14.32210922241211
2012-07-25,31.5,77.0,16.2955322265625
2012-07-25,31.5,77.25,15.075900077819824
2012-07-25,31.5,77.5,13.394936561584473
2012-07-25,31.75,76.5,13.200906753540039
2012-07-25,31.75,76.75,13.778144836425781
2012-07-25,31.75,77.0,16.307884216308594
2012-07-25,31.75,77.25,15.049180030822754
2012-07-25,31.75,77.5,12.23489761352539
2012-07-25,32.0,76.5,2.4541985988616943
2012-07-25,32.0,76.75,13.090206146240234
2012-07-25,32.0,77.0,13.610289573669434
2012-07-25,32.0,77.25,12.162993431091309
2012-07-25,32.0,77.5,8.473999977111816
2012-07-26,31.5,76.5,0.0
2012-07-26,31.5,76.75,0.0
2012-07-26,31.5,77.0,0.0
2012-07-26,31.5,77.25,6.024914264678955
2012-07-26,31.5,77.5,12.971266746520996
2012-07-26,31.75,76.5,0.0
2012-07-26,31.75,76.75,0.0
2012-07-26,31.75,77.0,0.0
2012-07-26,31.75,77.25,6.452516555786133
2012-07-26,31.75,77.5,13.38249683380127
2012-07-26,32.0,76.5,1.8622260093688965
2012-07-26,32.0,76.75,0.0
2012-07-26,32.0,77.0,2.291969060897827
2012-07-26,32.0,77.25,9.350140571594238
2012-07-26,32.0,77.5,15.087862014770508
2012-07-27,31.5,76.5,0.37490537762641907
2012-07-27,31.5,76.75,0.6775171160697937
2012-07-27,31.5,77.0,0.8522651195526123
2012-07-27,31.5,77.25,5.54292106628418
2012-07-27,31.5,77.5,8.099257469177246
2012-07-27,31.75,76.5,0.0
2012-07-27,31.75,76.75,0.4294472932815552
2012-07-27,31.75,77.0,0.6861152648925781
2012-07-27,31.75,77.25,5.936315059661865
2012-07-27,31.75,77.5,9.457655906677246
2012-07-27,32.0,76.5,12.290692329406738
2012-07-27,32.0,76.75,0.0
2012-07-27,32.0,77.0,2.108611583709717
2012-07-27,32.0,77.25,8.602128982543945
2012-07-27,32.0,77.5,13.000275611877441
2012-07-28,31.5,76.5,4.8060832023620605
2012-07-28,31.5,76.75,10.71713638305664
2012-07-28,31.5,77.0,17.57659149169922
2012-07-28,31.5,77.25,36.137882232666016
2012-07-28,31.5,77.5,47.64278793334961
2012-07-28,31.75,76.5,2.4072766304016113
2012-07-28,31.75,76.75,8.367772102355957
2012-07-28,31.75,77.0,17.530195236206055
2012-07-28,31.75,77.25,37.503822326660156
2012-07-28,31.75,77.5,48.249446868896484
2012-07-28,32.0,76.5,0.13777397572994232
2012-07-28,32.0,76.75,2.323295831680298
2012-07-28,32.0,77.0,17.821367263793945
2012-07-28,32.0,77.25,40.67646026611328
2012-07-28,32.0,77.5,48.90361785888672
2012-07-29,31.5,76.5,0.0
2012-07-29,31.5,76.75,0.0
2012-07-29,31.5,77.0,0.0
2012-07-29,31.5,77.25,0.0
2012-07-29,31.5,77.5,1.4581811428070068
2012-07-29,31.75,76.5,0.0
2012-07-29,31.75,76.75,0.0
2012-07-29,31.75,77.0,0.0
2012-07-29,31.75,77.25,0.0
2012-07-29,31.75,77.5,1.085463285446167
2012-07-29,32.0,76.5,0.0
2012-07-29,32.0,76.75,0.0
2012-07-29,32.0,77.0,0.0
2012-07-29,32.0,77.25,0.0
2012-07-29,32.0,77.5,0.3348744809627533
2012-07-30,31.5,76.5,12.07719612121582
2012-07-30,31.5,76.75,19.57435417175293
2012-07-30,31.5,77.0,24.110546112060547
2012-07-30,31.5,77.25,7.203714847564697
2012-07-30,31.5,77.5,16.12555503845215
2012-07-30,31.75,76.5,4.889105319976807
2012-07-30,31.75,76.75,13.629220008850098
2012-07-30,31.75,77.0,20.239688873291016
2012-07-30,31.75,77.25,7.4097466468811035
2012-07-30,31.75,77.5,14.708219528198242
2012-07-30,32.0,76.5,0.7653287649154663
2012-07-30,32.0,76.75,3.2448136806488037
2012-07-30,32.0,77.0,4.952392101287842
2012-07-30,32.0,77.25,8.481950759887695
2012-07-30,32.0,77.5,12.084568977355957
2012-07-31,31.5,76.5,14.28091812133789
2012-07-31,31.5,76.75,20.40027618408203
2012-07-31,31.5,77.0,23.815189361572266
2012-07-31,31.5,77.25,4.234073162078857
2012-07-31,31.5,77.5,9.957550048828125
2012-07-31,31.75,76.5,8.063236236572266
2012-07-31,31.75,76.75,14.911290168762207
2012-07-31,31.75,77.0,19.93924903869629
2012-07-31,31.75,77.25,4.2933831214904785
2012-07-31,31.75,77.5,8.79622745513916
2012-07-31,32.0,76.5,0.8546541333198547
2012-07-31,32.0,76.75,6.345368385314941
2012-07-31,32.0,77.0,4.460525989532471
2012-07-31,32.0,77.25,4.592469215393066
2012-07-31,32.0,77.5,6.617964267730713
2012-08-01,31.5,76.5,14.829032897949219
2012-08-01,31.5,76.75,11.90402603149414
2012-08-01,31.5,77.0,9.47413444519043
2012-08-01,31.5,77.25,5.990109920501709
2012-08-01,31.5,77.5,2.077324390411377
2012-08-01,31.75,76.5,16.912647247314453
2012-08-01,31.75,76.75,13.32603645324707
2012-08-01,31.75,77.0,9.931310653686523
2012-08-01,31.75,77.25,5.613987445831299
2012-08-01,31.75,77.5,1.7564499378204346
2012-08-01,32.0,76.5,1.239965796470642
2012-08-01,32.0,76.75,17.043479919433594
2012-08-01,32.0,77.0,11.242961883544922
2012-08-01,32.0,77.25,4.017857074737549
2012-08-01,32.0,77.5,0.9750943183898926
2012-08-02,31.5,76.5,1.9490578174591064
2012-08-02,31.5,76.75,1.7644160985946655
2012-08-02,31.5,77.0,1.5739004611968994
2012-08-02,31.5,77.25,1.1701242923736572
2012-08-02,31.5,77.5,0.6359156370162964
2012-08-02,31.75,76.5,2.0562336444854736
2012-08-02,31.75,76.75,1.912500023841858
2012-08-02,31.75,77.0,1.6577610969543457
2012-08-02,31.75,77.25,1.1043530702590942
2012-08-02,31.75,77.5,0.5376887321472168
2012-08-02,32.0,76.5,2.0
2012-08-02,32.0,76.75,2.103714942932129
2012-08-02,32.0,77.0,1.8219871520996094
2012-08-02,32.0,77.25,0.8532546162605286
2012-08-02,32.0,77.5,0.2984982430934906
2012-08-03,31.5,76.5,2.2139244079589844
2012-08-03,31.5,76.75,1.606465220451355
2012-08-03,31.5,77.0,1.1335620880126953
2012-08-03,31.5,77.25,0.5671318769454956
2012-08-03,31.5,77.5,0.7503262162208557
2012-08-03,31.75,76.5,2.6674580574035645
2012-08-03,31.75,76.75,1.8519426584243774
2012-08-03,31.75,77.0,1.1815005540847778
2012-08-03,31.75,77.25,0.5249392986297607
2012-08-03,31.75,77.5,0.5585393905639648
2012-08-03,32.0,76.5,0.20666097104549408
2012-08-03,32.0,76.75,2.661107301712036
2012-08-03,32.0,77.0,1.3843090534210205
2012-08-03,32.0,77.25,0.3219485282897949
2012-08-03,32.0,77.5,0.17231406271457672
2012-08-04,31.5,76.5,12.197792053222656
2012-08-04,31.5,76.75,18.608539581298828
2012-08-04,31.5,77.0,24.019140243530273
2012-08-04,31.5,77.25,23.961669921875
2012-08-04,31.5,77.5,26.40704917907715
2012-08-04,31.75,76.5,7.509018898010254
2012-08-04,31.75,76.75,14.163189888000488
2012-08-04,31.75,77.0,21.636343002319336
2012-08-04,31.75,77.25,24.88402557373047
2012-08-04,31.75,77.5,28.66120147705078
2012-08-04,32.0,76.5,10.538229942321777
2012-08-04,32.0,76.75,6.386052131652832
2012-08-04,32.0,77.0,13.320096015930176
2012-08-04,32.0,77.25,27.771997451782227
2012-08-04,32.0,77.5,33.336402893066406
2012-08-05,31.5,76.5,0.2053898572921753
2012-08-05,31.5,76.75,0.6850321888923645
2012-08-05,31.5,77.0,1.2527352571487427
2012-08-05,31.5,77.25,5.2143378257751465
2012-08-05,31.5,77.5,6.787146091461182
2012-08-05,31.75,76.5,0.0
2012-08-05,31.75,76.75,0.4958743155002594
2012-08-05,31.75,77.0,1.2523846626281738
2012-08-05,31.75,77.25,5.498969078063965
2012-08-05,31.75,77.5,7.548632621765137
2012-08-05,32.0,76.5,6.704013347625732
2012-08-05,32.0,76.75,0.0
2012-08-05,32.0,77.0,2.199164390563965
2012-08-05,32.0,77.25,6.909201145172119
2012-08-05,32.0,77.5,9.380447387695312
2012-08-06,31.5,76.5,0.788513720035553
2012-08-06,31.5,76.75,1.1557321548461914
2012-08-06,31.5,77.0,1.3636538982391357
2012-08-06,31.5,77.25,2.9467873573303223
2012-08-06,31.5,77.5,4.250079154968262
2012-08-06,31.75,76.5,0.4632137417793274
2012-08-06,31.75,76.75,1.1297858953475952
2012-08-06,31.75,77.0,1.4501566886901855
2012-08-06,31.75,77.25,2.999501943588257
2012-08-06,31.75,77.5,4.277153968811035
2012-08-06,32.0,76.5,0.0
2012-08-06,32.0,76.75,0.549405574798584
2012-08-06,32.0,77.0,2.1173553466796875
2012-08-06,32.0,77.25,3.5889086723327637
2012-08-06,32.0,77.5,4.499563217163086
2012-08-07,31.5,76.5,0.0
2012-08-07,31.5,76.75,0.0
2012-08-07,31.5,77.0,0.0
2012-08-07,31.5,77.25,0.0
2012-08-07,31.5,77.5,0.0
2012-08-07,31.75,76.5,0.0
2012-08-07,31.75,76.75,0.0
2012-08-07,31.75,77.0,0.0
2012-08-07,31.75,77.25,0.0
2012-08-07,31.75,77.5,0.0
2012-08-07,32.0,76.5,0.0
2012-08-07,32.0,76.75,0.0
2012-08-07,32.0,77.0,0.0
2012-08-07,32.0,77.25,0.0
2012-08-07,32.0,77.5,0.0
2012-08-08,31.5,76.5,41.841976165771484
2012-08-08,31.5,76.75,33.313209533691406
2012-08-08,31.5,77.0,26.23075294494629
2012-08-08,31.5,77.25,10.019330024719238
2012-08-08,31.5,77.5,0.0
2012-08-08,31.75,76.5,47.679359436035156
2012-08-08,31.75,76.75,35.844032287597656
2012-08-08,31.75,77.0,25.86809539794922
2012-08-08,31.75,77.25,9.273927688598633
2012-08-08,31.75,77.5,0.0
2012-08-08,32.0,76.5,3.837233066558838
2012-08-08,32.0,76.75,47.05173873901367
2012-08-08,32.0,77.0,24.45612907409668
2012-08-08,32.0,77.25,5.68775749206543
2012-08-08,32.0,77.5,0.0
2012-08-09,31.5,76.5,5.165231227874756
2012-08-09,31.5,76.75,9.91732120513916
2012-08-09,31.5,77.0,13.201412200927734
2012-08-09,31.5,77.25,10.002230644226074
2012-08-09,31.5,77.5,15.097902297973633
2012-08-09,31.75,76.5,1.0101975202560425
2012-08-09,31.75,76.75,6.400656700134277
2012-08-09,31.75,77.0,11.080687522888184
2012-08-09,31.75,77.25,10.55343246459961
2012-08-09,31.75,77.5,16.071802139282227
2012-08-09,32.0,76.5,0.0
2012-08-09,32.0,76.75,0.0
2012-08-09,32.0,77.0,4.205309867858887
2012-08-09,32.0,77.25,13.325593948364258
2012-08-09,32.0,77.5,18.633445739746094
2012-08-10,31.5,76.5,18.881982803344727
2012-08-10,31.5,76.75,18.67913055419922
2012-08-10,31.5,77.0,17.812755584716797
2012-08-10,31.5,77.25,15.009193420410156
2012-08-10,31.5,77.5,19.011655807495117
2012-08-10,31.75,76.5,18.3540096282959
2012-08-10,31.75,76.75,18.430795669555664
2012-08-10,31.75,77.0,17.363101959228516
2012-08-10,31.75,77.25,14.95406723022461
2012-08-10,31.75,77.5,18.49404525756836
2012-08-10,32.0,76.5,1.239965796470642
2012-08-10,32.0,76.75,18.199054718017578
2012-08-10,32.0,77.0,16.70651626586914
2012-08-10,32.0,77.25,16.006820678710938
2012-08-10,32.0,77.5,18.096891403198242
2012-08-11,31.5,76.5,5.33141565322876
2012-08-11,31.5,76.75,7.9115986824035645
2012-08-11,31.5,77.0,9.375106811523438
2012-08-11,31.5,77.25,10.376360893249512
2012-08-11,31.5,77.5,9.339250564575195
2012-08-11,31.75,76.5,3.0224311351776123
2012-08-11,31.75,76.75,7.557010173797607
2012-08-11,31.75,77.0,9.802450180053711
2012-08-11,31.75,77.25,10.111669540405273
2012-08-11,31.75,77.5,8.83069133758545
2012-08-11,32.0,76.5,4.4693427085876465
2012-08-11,32.0,76.75,3.5202507972717285
2012-08-11,32.0,77.0,10.323982238769531
2012-08-11,32.0,77.25,9.804015159606934
2012-08-11,32.0,77.5,7.645881175994873
2012-08-12,31.5,76.5,9.495855331420898
2012-08-12,31.5,76.75,12.820210456848145
2012-08-12,31.5,77.0,14.792135238647461
2012-08-12,31.5,77.25,20.086952209472656
2012-08-12,31.5,77.5,19.9224796295166
2012-08-12,31.75,76.5,6.574209690093994
2012-08-12,31.75,76.75,12.205462455749512
2012-08-12,31.75,77.0,15.19144344329834
2012-08-12,31.75,77.25,20.10830307006836
2012-08-12,31.75,77.5,20.666292190551758
2012-08-12,32.0,76.5,8.2142333984375
2012-08-12,32.0,76.75,7.110494136810303
2012-08-12,32.0,77.0,16.9945125579834
2012-08-12,32.0,77.25,21.83696174621582
2012-08-12,32.0,77.5,22.57207489013672
2012-08-13,31.5,76.5,9.593671798706055
2012-08-13,31.5,76.75,6.9613494873046875
2012-08-13,31.5,77.0,4.912102222442627
2012-08-13,31.5,77.25,2.457571268081665
2012-08-13,31.5,77.5,0.0
2012-08-13,31.75,76.5,11.558984756469727
2012-08-13,31.75,76.75,8.025084495544434
2012-08-13,31.75,77.0,5.11983585357666
2012-08-13,31.75,77.25,2.2747371196746826
2012-08-13,31.75,77.5,0.0
2012-08-13,32.0,76.5,1.6404212713241577
2012-08-13,32.0,76.75,11.531465530395508
2012-08-13,32.0,77.0,5.998672962188721
2012-08-13,32.0,77.25,1.3951102495193481
2012-08-13,32.0,77.5,0.0
2012-08-14,31.5,76.5,11.988813400268555
2012-08-14,31.5,76.75,10.902060508728027
2012-08-14,31.5,77.0,9.739374160766602
2012-08-14,31.5,77.25,4.358458518981934
2012-08-14,31.5,77.5,8.080933570861816
2012-08-14,31.75,76.5,12.481829643249512
2012-08-14,31.75,76.75,11.094919204711914
2012-08-14,31.75,77.0,9.513408660888672
2012-08-14,31.75,77.25,4.085280895233154
2012-08-14,31.75,77.5,6.169768810272217
2012-08-14,32.0,76.5,5.178650379180908
2012-08-14,32.0,76.75,12.340537071228027
2012-08-14,32.0,77.0,8.156546592712402
2012-08-14,32.0,77.25,2.9278035163879395
2012-08-14,32.0,77.5,2.221705436706543
2012-08-15,31.5,76.5,24.780630111694336
2012-08-15,31.5,76.75,26.163721084594727
2012-08-15,31.5,77.0,27.9542236328125
2012-08-15,31.5,77.25,31.90257453918457
2012-08-15,31.5,77.5,28.362693786621094
2012-08-15,31.75,76.5,24.4506778717041
2012-08-15,31.75,76.75,26.059568405151367
2012-08-15,31.75,77.0,28.442291259765625
2012-08-15,31.75,77.25,31.98278045654297
2012-08-15,31.75,77.5,28.784961700439453
2012-08-15,32.0,76.5,14.875092506408691
2012-08-15,32.0,76.75,24.695293426513672
2012-08-15,32.0,77.0,28.9409122467041
2012-08-15,32.0,77.25,31.02701759338379
2012-08-15,32.0,77.5,28.892351150512695
2012-08-16,31.5,76.5,0.6448373198509216
2012-08-16,31.5,76.75,1.1653294563293457
2012-08-16,31.5,77.0,1.4658961296081543
2012-08-16,31.5,77.25,1.265231966972351
2012-08-16,31.5,77.5,1.6774733066558838
2012-08-16,31.75,76.5,0.13095341622829437
2012-08-16,31.75,76.75,0.7386494278907776
2012-08-16,31.75,77.0,1.1801183223724365
2012-08-16,31.75,77.25,1.3550283908843994
2012-08-16,31.75,77.5,2.0313198566436768
2012-08-16,32.0,76.5,1.676003336906433
2012-08-16,32.0,76.75,0.0
2012-08-16,32.0,77.0,0.48131343722343445
2012-08-16,32.0,77.25,1.9635294675827026
2012-08-16,32.0,77.5,2.928121566772461
2012-08-17,31.5,76.5,0.0
2012-08-17,31.5,76.75,0.0
2012-08-17,31.5,77.0,0.0
2012-08-17,31.5,77.25,0.0
2012-08-17,31.5,77.5,0.0
2012-08-17,31.75,76.5,0.0
2012-08-17,31.75,76.75,0.0
2012-08-17,31.75,77.0,0.0
2012-08-17,31.75,77.25,0.0
2012-08-17,31.75,77.5,0.0
2012-08-17,32.0,76.5,0.0
2012-08-17,32.0,76.75,0.0
2012-08-17,32.0,77.0,0.0
2012-08-17,32.0,77.25,0.0
2012-08-17,32.0,77.5,0.0
2012-08-18,31.5,76.5,9.928446769714355
2012-08-18,31.5,76.75,10.729042053222656
2012-08-18,31.5,77.0,10.881447792053223
2012-08-18,31.5,77.25,9.296473503112793
2012-08-18,31.5,77.5,6.401550769805908
2012-08-18,31.75,76.5,9.021880149841309
2012-08-18,31.75,76.75,11.145106315612793
2012-08-18,31.75,77.0,11.51578140258789
2012-08-18,31.75,77.25,8.819086074829102
2012-08-18,31.75,77.5,5.412733554840088
2012-08-18,32.0,76.5,0.48220890760421753
2012-08-18,32.0,76.75,9.527660369873047
2012-08-18,32.0,77.0,12.28113842010498
2012-08-18,32.0,77.25,7.180009841918945
2012-08-18,32.0,77.5,3.004882574081421
2012-08-19,31.5,76.5,1.9071916341781616
2012-08-19,31.5,76.75,6.361012935638428
2012-08-19,31.5,77.0,11.632542610168457
2012-08-19,31.5,77.25,15.970386505126953
2012-08-19,31.5,77.5,22.599397659301758
2012-08-19,31.75,76.5,0.19352976977825165
2012-08-19,31.75,76.75,4.604547023773193
2012-08-19,31.75,77.0,11.629286766052246
2012-08-19,31.75,77.25,16.31044578552246
2012-08-19,31.75,77.5,19.93174934387207
2012-08-19,32.0,76.5,0.0
2012-08-19,32.0,76.75,0.13103976845741272
2012-08-19,32.0,77.0,8.076923370361328
2012-08-19,32.0,77.25,13.799675941467285
2012-08-19,32.0,77.5,12.605145454406738
2012-08-20,31.5,76.5,8.677659034729004
2012-08-20,31.5,76.75,11.520770072937012
2012-08-20,31.5,77.0,13.499789237976074
2012-08-20,31.5,77.25,12.105181694030762
2012-08-20,31.5,77.5,14.618823051452637
2012-08-20,31.75,76.5,6.156229496002197
2012-08-20,31.75,76.75,9.09317398071289
2012-08-20,31.75,77.0,11.893590927124023
2012-08-20,31.75,77.25,12.62854290008545
2012-08-20,31.75,77.5,16.210216522216797
2012-08-20,32.0,76.5,0.41332194209098816
2012-08-20,32.0,76.75,5.4050750732421875
2012-08-20,32.0,77.0,7.37322473526001
2012-08-20,32.0,77.25,15.303810119628906
2012-08-20,32.0,77.5,20.090579986572266
2012-08-21,31.5,76.5,14.177492141723633
2012-08-21,31.5,76.75,17.21732521057129
2012-08-21,31.5,77.0,19.00847053527832
2012-08-21,31.5,77.25,10.587555885314941
2012-08-21,31.5,77.5,12.168890953063965
2012-08-21,31.75,76.5,11.269698143005371
2012-08-21,31.75,76.75,15.139652252197266
2012-08-21,31.75,77.0,17.780385971069336
2012-08-21,31.75,77.25,10.398052215576172
2012-08-21,31.75,77.5,10.880725860595703
2012-08-21,32.0,76.5,4.040876388549805
2012-08-21,32.0,76.75,10.814508438110352
2012-08-21,32.0,77.0,11.649200439453125
2012-08-21,32.0,77.25,9.364886283874512
2012-08-21,32.0,77.5,7.940661907196045
2012-08-22,31.5,76.5,10.980883598327637
2012-08-22,31.5,76.75,12.740890502929688
2012-08-22,31.5,77.0,14.249833106994629
2012-08-22,31.5,77.25,19.58038330078125
2012-08-22,31.5,77.5,24.089946746826172
2012-08-22,31.75,76.5,9.790817260742188
2012-08-22,31.75,76.75,12.032997131347656
2012-08-22,31.75,77.0,14.137726783752441
2012-08-22,31.75,77.25,19.9658260345459
2012-08-22,31.75,77.5,24.534578323364258
2012-08-22,32.0,76.5,1.3648732900619507
2012-08-22,32.0,76.75,9.800830841064453
2012-08-22,32.0,77.0,14.789346694946289
2012-08-22,32.0,77.25,22.013885498046875
2012-08-22,32.0,77.5,25.81475257873535
2012-08-23,31.5,76.5,8.831609725952148
2012-08-23,31.5,76.75,8.095130920410156
2012-08-23,31.5,77.0,7.468791961669922
2012-08-23,31.5,77.25,8.768132209777832
2012-08-23,31.5,77.5,11.322900772094727
2012-08-23,31.75,76.5,9.29269790649414
2012-08-23,31.75,76.75,8.112993240356445
2012-08-23,31.75,77.0,7.224302768707275
2012-08-23,31.75,77.25,8.99201488494873
2012-08-23,31.75,77.5,11.878469467163086
2012-08-23,32.0,76.5,6.647993564605713
2012-08-23,32.0,76.75,9.114285469055176
2012-08-23,32.0,77.0,7.7832489013671875
2012-08-23,32.0,77.25,10.50804328918457
2012-08-23,32.0,77.5,13.564997673034668
2012-08-24,31.5,76.5,26.40317153930664
2012-08-24,31.5,76.75,25.652978897094727
2012-08-24,31.5,77.0,24.982973098754883
2012-08-24,31.5,77.25,14.13075065612793
2012-08-24,31.5,77.5,8.190926551818848
2012-08-24,31.75,76.5,26.78435707092285
2012-08-24,31.75,76.75,25.26781463623047
2012-08-24,31.75,77.0,24.30506706237793
2012-08-24,31.75,77.25,13.68893051147461
2012-08-24,31.75,77.5,7.428221225738525
2012-08-24,32.0,76.5,1.9288356304168701
2012-08-24,32.0,76.75,26.353134155273438
2012-08-24,32.0,77.0,19.55010986328125
2012-08-24,32.0,77.25,10.442875862121582
2012-08-24,32.0,77.5,5.0514607429504395
2012-08-25,31.5,76.5,5.33899450302124
2012-08-25,31.5,76.75,10.509150505065918
2012-08-25,31.5,77.0,14.488207817077637
2012-08-25,31.5,77.25,10.688253402709961
2012-08-25,31.5,77.5,15.297426223754883
2012-08-25,31.75,76.5,1.255157470703125
2012-08-25,31.75,76.75,7.190466403961182
2012-08-25,31.75,77.0,12.781726837158203
2012-08-25,31.75,77.25,11.02873706817627
2012-08-25,31.75,77.5,14.931556701660156
2012-08-25,32.0,76.5,0.0
2012-08-25,32.0,76.75,0.544892430305481
2012-08-25,32.0,77.0,5.602088451385498
2012-08-25,32.0,77.25,11.74384880065918
2012-08-25,32.0,77.5,13.961834907531738
2012-08-26,31.5,76.5,31.100317001342773
2012-08-26,31.5,76.75,26.008081436157227
2012-08-26,31.5,77.0,21.645278930664062
2012-08-26,31.5,77.25,14.608420372009277
2012-08-26,31.5,77.5,10.457246780395508
2012-08-26,31.75,76.5,34.39973068237305
2012-08-26,31.75,76.75,27.071680068969727
2012-08-26,31.75,77.0,20.936443328857422
2012-08-26,31.75,77.25,14.564314842224121
2012-08-26,31.75,77.5,12.064499855041504
2012-08-26,32.0,76.5,15.653287887573242
2012-08-26,32.0,76.75,33.75566482543945
2012-08-26,32.0,77.0,20.451448440551758
2012-08-26,32.0,77.25,15.093579292297363
2012-08-26,32.0,77.5,16.184738159179688
2012-08-27,31.5,76.5,17.693965911865234
2012-08-27,31.5,76.75,24.827302932739258
2012-08-27,31.5,77.0,32.38795471191406
2012-08-27,31.5,77.25,37.952247619628906
2012-08-27,31.5,77.5,43.8507080078125
2012-08-27,31.75,76.5,14.130120277404785
2012-08-27,31.75,76.75,21.7840518951416
2012-08-27,31.75,77.0,31.9931583404541
2012-08-27,31.75,77.25,38.49106979370117
2012-08-27,31.75,77.5,41.76200485229492
2012-08-27,32.0,76.5,2.012866497039795
2012-08-27,32.0,76.75,13.952929496765137
2012-08-27,32.0,77.0,26.442928314208984
2012-08-27,32.0,77.25,36.31880569458008
2012-08-27,32.0,77.5,35.358280181884766
2012-08-28,31.5,76.5,9.219392776489258
2012-08-28,31.5,76.75,8.867568969726562
2012-08-28,31.5,77.0,8.62783145904541
2012-08-28,31.5,77.25,6.664000988006592
2012-08-28,31.5,77.5,5.677164077758789
2012-08-28,31.75,76.5,9.480756759643555
2012-08-28,31.75,76.75,8.796730995178223
2012-08-28,31.75,77.0,8.437679290771484
2012-08-28,31.75,77.25,6.627154350280762
2012-08-28,31.75,77.5,5.673953056335449
2012-08-28,32.0,76.5,1.9924280643463135
2012-08-28,32.0,76.75,9.341471672058105
2012-08-28,32.0,77.0,7.504518508911133
2012-08-28,32.0,77.25,6.172916889190674
2012-08-28,32.0,77.5,5.561009407043457
2012-08-29,31.5,76.5,17.65647315979004
2012-08-29,31.5,76.75,13.389082908630371
2012-08-29,31.5,77.0,9.986103057861328
2012-08-29,31.5,77.25,5.140047073364258
2012-08-29,31.5,77.5,0.6359156370162964
2012-08-29,31.75,76.5,20.77107810974121
2012-08-29,31.75,76.75,15.116588592529297
2012-08-29,31.75,77.0,10.31248950958252
2012-08-29,31.75,77.25,4.778927803039551
2012-08-29,31.75,77.5,0.5376887321472168
2012-08-29,32.0,76.5,1.5844007730484009
2012-08-29,32.0,76.75,20.734453201293945
2012-08-29,32.0,77.0,11.512151718139648
2012-08-29,32.0,77.25,3.1068942546844482
2012-08-29,32.0,77.5,0.2984982430934906
2012-08-30,31.5,76.5,3.1168575286865234
2012-08-30,31.5,76.75,2.440061330795288
2012-08-30,31.5,77.0,1.8864127397537231
2012-08-30,31.5,77.25,0.7561758160591125
2012-08-30,31.5,77.5,0.0
2012-08-30,31.75,76.5,3.5901105403900146
2012-08-30,31.75,76.75,2.6582136154174805
2012-08-30,31.75,77.0,1.8772246837615967
2012-08-30,31.75,77.25,0.6999190449714661
2012-08-30,31.75,77.5,0.0
2012-08-30,32.0,76.5,3.6275546550750732
2012-08-30,32.0,76.75,3.5504908561706543
2012-08-30,32.0,77.0,1.84574556350708
2012-08-30,32.0,77.25,0.42926472425460815
2012-08-30,32.0,77.5,0.0
2012-08-31,31.5,76.5,8.833976745605469
2012-08-31,31.5,76.75,8.341392517089844
2012-08-31,31.5,77.0,8.227205276489258
2012-08-31,31.5,77.25,6.650275707244873
2012-08-31,31.5,77.5,4.518681526184082
2012-08-31,31.75,76.5,9.448197364807129
2012-08-31,31.75,76.75,8.586700439453125
2012-08-31,31.75,77.0,8.359819412231445
2012-08-31,31.75,77.25,6.520139217376709
2012-08-31,31.75,77.5,4.140480041503906
2012-08-31,32.0,76.5,2.364873170852661
2012-08-31,32.0,76.75,9.451615333557129
2012-08-31,32.0,77.0,7.852532386779785
2012-08-31,32.0,77.25,5.109769344329834
2012-08-31,32.0,77.5,2.8889315128326416
2012-09-01,31.5,76.5,2.9518990516662598
2012-09-01,31.5,76.75,2.141953706741333
2012-09-01,31.5,77.0,1.5114160776138306
2012-09-01,31.5,77.25,0.9431400299072266
2012-09-01,31.5,77.5,0.0
2012-09-01,31.75,76.5,3.5566108226776123
2012-09-01,31.75,76.75,2.46925687789917
2012-09-01,31.75,77.0,1.575334072113037
2012-09-01,31.75,77.25,0.9068933129310608
2012-09-01,31.75,77.5,0.0
2012-09-01,32.0,76.5,0.27554795145988464
2012-09-01,32.0,76.75,3.548143148422241
2012-09-01,32.0,77.0,1.979053258895874
2012-09-01,32.0,77.25,0.7629849910736084
2012-09-01,32.0,77.5,0.0
2012-09-02,31.5,76.5,0.0
2012-09-02,31.5,76.75,0.0
2012-09-02,31.5,77.0,0.0
2012-09-02,31.5,77.25,0.0
2012-09-02,31.5,77.5,0.0
2012-09-02,31.75,76.5,0.0
2012-09-02,31.75,76.75,0.0
2012-09-02,31.75,77.0,0.0
2012-09-02,31.75,77.25,0.0
2012-09-02,31.75,77.5,0.0
2012-09-02,32.0,76.5,0.0
2012-09-02,32.0,76.75,0.0
2012-09-02,32.0,77.0,0.0
2012-09-02,32.0,77.25,0.0
2012-09-02,32.0,77.5,0.0
2012-09-03,31.5,76.5,5.025744438171387
2012-09-03,31.5,76.75,4.427938938140869
2012-09-03,31.5,77.0,3.9630911350250244
2012-09-03,31.5,77.25,3.5422942638397217
2012-09-03,31.5,77.5,24.586410522460938
2012-09-03,31.75,76.5,5.447392463684082
2012-09-03,31.75,76.75,4.50045108795166
2012-09-03,31.75,77.0,3.8328540325164795
2012-09-03,31.75,77.25,3.3549904823303223
2012-09-03,31.75,77.5,21.590839385986328
2012-09-03,32.0,76.5,6.372445583343506
2012-09-03,32.0,76.75,5.335518836975098
2012-09-03,32.0,77.0,3.6907215118408203
2012-09-03,32.0,77.25,2.7793684005737305
2012-09-03,32.0,77.5,13.092387199401855
2012-09-04,31.5,76.5,0.0
2012-09-04,31.5,76.75,0.0
2012-09-04,31.5,77.0,0.0
2012-09-04,31.5,77.25,0.0
2012-09-04,31.5,77.5,0.0
2012-09-04,31.75,76.5,0.0
2012-09-04,31.75,76.75,0.0
2012-09-04,31.75,77.0,0.0
2012-09-04,31.75,77.25,0.0
2012-09-04,31.75,77.5,0.0
2012-09-04,32.0,76.5,0.5586678385734558
2012-09-04,32.0,76.75,0.0
2012-09-04,32.0,77.0,0.0
2012-09-04,32.0,77.25,0.0
2012-09-04,32.0,77.5,0.0
2012-09-05,31.5,76.5,1.4759495258331299
2012-09-05,31.5,76.75,1.0709768533706665
2012-09-05,31.5,77.0,0.7557080388069153
2012-09-05,31.5,77.25,0.4715700149536133
2012-09-05,31.5,77.5,3.198103427886963
2012-09-05,31.75,76.5,1.7783054113388062
2012-09-05,31.75,76.75,1.234628438949585
2012-09-05,31.75,77.0,0.7876670360565186
2012-09-05,31.75,77.25,0.4534466564655304
2012-09-05,31.75,77.5,2.777956962585449
2012-09-05,32.0,76.5,3.117335796356201
2012-09-05,32.0,76.75,1.7740715742111206
2012-09-05,32.0,77.0,0.989526629447937
2012-09-05,32.0,77.25,0.3814924955368042
2012-09-05,32.0,77.5,1.5803556442260742
2012-09-06,31.5,76.5,0.0
2012-09-06,31.5,76.75,0.0
2012-09-06,31.5,77.0,0.0
2012-09-06,31.5,77.25,0.0
2012-09-06,31.5,77.5,0.0
2012-09-06,31.75,76.5,0.0
2012-09-06,31.75,76.75,0.0
2012-09-06,31.75,77.0,0.0
2012-09-06,31.75,77.25,0.0
2012-09-06,31.75,77.5,0.0
2012-09-06,32.0,76.5,3.538229465484619
2012-09-06,32.0,76.75,0.0
2012-09-06,32.0,77.0,0.0
2012-09-06,32.0,77.25,0.0
2012-09-06,32.0,77.5,0.0
2012-09-07,31.5,76.5,0.2999243140220642
2012-09-07,31.5,76.75,0.5420136451721191
2012-09-07,31.5,77.0,0.6818121075630188
2012-09-07,31.5,77.25,0.751522958278656
2012-09-07,31.5,77.5,0.7135788798332214
2012-09-07,31.75,76.5,0.0
2012-09-07,31.75,76.75,0.34355783462524414
2012-09-07,31.75,77.0,0.5488921999931335
2012-09-07,31.75,77.25,0.6407825946807861
2012-09-07,31.75,77.5,0.6008604764938354
2012-09-07,32.0,76.5,0.1862226128578186
2012-09-07,32.0,76.75,0.0
2012-09-07,32.0,77.0,0.18501949310302734
2012-09-07,32.0,77.25,0.32606449723243713
2012-09-07,32.0,77.5,0.2704242467880249
2012-09-08,31.5,76.5,18.146286010742188
2012-09-08,31.5,76.75,13.637640953063965
2012-09-08,31.5,77.0,10.057124137878418
2012-09-08,31.5,77.25,6.74854850769043
2012-09-08,31.5,77.5,5.726643085479736
2012-09-08,31.75,76.5,21.427982330322266
2012-09-08,31.75,76.75,15.313699722290039
2012-09-08,31.75,77.0,10.24789810180664
2012-09-08,31.75,77.25,6.370494842529297
2012-09-08,31.75,77.5,4.946803092956543
2012-09-08,32.0,76.5,5.191516876220703
2012-09-08,32.0,76.75,21.295047760009766
2012-09-08,32.0,77.0,12.142598152160645
2012-09-08,32.0,77.25,5.050703525543213
2012-09-08,32.0,77.5,2.710663080215454
2012-09-09,31.5,76.5,0.0
2012-09-09,31.5,76.75,0.0
2012-09-09,31.5,77.0,0.0
2012-09-09,31.5,77.25,0.0
2012-09-09,31.5,77.5,0.0
2012-09-09,31.75,76.5,0.0
2012-09-09,31.75,76.75,0.0
2012-09-09,31.75,77.0,0.0
2012-09-09,31.75,77.25,0.0
2012-09-09,31.75,77.5,0.0
2012-09-09,32.0,76.5,14.339139938354492
2012-09-09,32.0,76.75,0.0
2012-09-09,32.0,77.0,0.0
2012-09-09,32.0,77.25,0.0
2012-09-09,32.0,77.5,0.0
2012-09-10,31.5,76.5,0.0
2012-09-10,31.5,76.75,0.0
2012-09-10,31.5,77.0,0.0
2012-09-10,31.5,77.25,0.0
2012-09-10,31.5,77.5,0.0
2012-09-10,31.75,76.5,0.0
2012-09-10,31.75,76.75,0.0
2012-09-10,31.75,77.0,0.0
2012-09-10,31.75,77.25,0.0
2012-09-10,31.75,77.5,0.0
2012-09-10,32.0,76.5,0.3724452257156372
2012-09-10,32.0,76.75,0.0
2012-09-10,32.0,77.0,0.0
2012-09-10,32.0,77.25,0.0
2012-09-10,32.0,77.5,0.0
2012-09-11,31.5,76.5,0.0
2012-09-11,31.5,76.75,0.0
2012-09-11,31.5,77.0,0.0
2012-09-11,31.5,77.25,0.0
2012-09-11,31.5,77.5,0.0
2012-09-11,31.75,76.5,0.0
2012-09-11,31.75,76.75,0.0
2012-09-11,31.75,77.0,0.0
2012-09-11,31.75,77.25,0.0
2012-09-11,31.75,77.5,0.0
2012-09-11,32.0,76.5,0.0
2012-09-11,32.0,76.75,0.0
2012-09-11,32.0,77.0,0.0
2012-09-11,32.0,77.25,0.0
2012-09-11,32.0,77.5,0.0
2012-09-12,31.5,76.5,6.935186862945557
2012-09-12,31.5,76.75,5.798013210296631
2012-09-12,31.5,77.0,5.190308094024658
2012-09-12,31.5,77.25,4.955381870269775
2012-09-12,31.5,77.5,6.977715015411377
2012-09-12,31.75,76.5,8.032147407531738
2012-09-12,31.75,76.75,6.264220237731934
2012-09-12,31.75,77.0,5.333622455596924
2012-09-12,31.75,77.25,5.058243274688721
2012-09-12,31.75,77.5,6.949985504150391
2012-09-12,32.0,76.5,3.4133219718933105
2012-09-12,32.0,76.75,8.0034818649292
2012-09-12,32.0,77.0,5.811563491821289
2012-09-12,32.0,77.25,5.318653106689453
2012-09-12,32.0,77.5,7.056873321533203
2012-09-13,31.5,76.5,8.318672180175781
2012-09-13,31.5,76.75,8.48646068572998
2012-09-13,31.5,77.0,9.505330085754395
2012-09-13,31.5,77.25,11.424464225769043
2012-09-13,31.5,77.5,10.748186111450195
2012-09-13,31.75,76.5,8.98680305480957
2012-09-13,31.75,76.75,8.439996719360352
2012-09-13,31.75,77.0,9.663521766662598
2012-09-13,31.75,77.25,11.923978805541992
2012-09-13,31.75,77.5,12.180825233459473
2012-09-13,32.0,76.5,2.364873170852661
2012-09-13,32.0,76.75,8.934869766235352
2012-09-13,32.0,77.0,9.295453071594238
2012-09-13,32.0,77.25,13.433660507202148
2012-09-13,32.0,77.5,16.85944366455078
2012-09-14,31.5,76.5,0.0
2012-09-14,31.5,76.75,0.1957234889268875
2012-09-14,31.5,77.0,0.35792437195777893
2012-09-14,31.5,77.25,0.566663384437561
2012-09-14,31.5,77.5,0.6717616319656372
2012-09-14,31.75,76.5,0.0
2012-09-14,31.75,76.75,0.14167837798595428
2012-09-14,31.75,77.0,0.3578242063522339
2012-09-14,31.75,77.25,0.6035466194152832
2012-09-14,31.75,77.5,0.761301577091217
2012-09-14,32.0,76.5,0.3724452257156372
2012-09-14,32.0,76.75,0.0
2012-09-14,32.0,77.0,0.27173876762390137
2012-09-14,32.0,77.25,0.7203873991966248
2012-09-14,32.0,77.5,1.0537152290344238
2012-09-15,31.5,76.5,1.1318141222000122
2012-09-15,31.5,76.75,2.5366029739379883
2012-09-15,31.5,77.0,4.008864402770996
2012-09-15,31.5,77.25,5.763917922973633
2012-09-15,31.5,77.5,6.530449390411377
2012-09-15,31.75,76.5,0.43673762679100037
2012-09-15,31.75,76.75,2.0824472904205322
2012-09-15,31.75,77.0,4.080724716186523
2012-09-15,31.75,77.25,6.135865211486816
2012-09-15,31.75,77.5,7.293182373046875
2012-09-15,32.0,76.5,0.9311130046844482
2012-09-15,32.0,76.75,0.49375662207603455
2012-09-15,32.0,77.0,3.53098201751709
2012-09-15,32.0,77.25,7.306784152984619
2012-09-15,32.0,77.5,9.696297645568848
2012-09-16,31.5,76.5,2.2139244079589844
2012-09-16,31.5,76.75,1.606465220451355
2012-09-16,31.5,77.0,1.1335620880126953
2012-09-16,31.5,77.25,0.7073550820350647
2012-09-16,31.5,77.5,0.0
2012-09-16,31.75,76.5,2.6674580574035645
2012-09-16,31.75,76.75,1.8519426584243774
2012-09-16,31.75,77.0,1.1815005540847778
2012-09-16,31.75,77.25,0.6801699995994568
2012-09-16,31.75,77.5,0.0
2012-09-16,32.0,76.5,0.20666097104549408
2012-09-16,32.0,76.75,2.661107301712036
2012-09-16,32.0,77.0,1.4842900037765503
2012-09-16,32.0,77.25,0.5722387433052063
2012-09-16,32.0,77.5,0.0
2012-09-17,31.5,76.5,18.841846466064453
2012-09-17,31.5,76.75,27.628314971923828
2012-09-17,31.5,77.0,34.02213668823242
2012-09-17,31.5,77.25,39.251041412353516
2012-09-17,31.5,77.5,45.36483383178711
2012-09-17,31.75,76.5,11.570060729980469
2012-09-17,31.75,76.75,21.963417053222656
2012-09-17,31.75,77.0,31.034055709838867
2012-09-17,31.75,77.25,37.395835876464844
2012-09-17,31.75,77.5,43.49809646606445
2012-09-17,32.0,76.5,2.4822089672088623
2012-09-17,32.0,76.75,10.37522029876709
2012-09-17,32.0,77.0,21.32402229309082
2012-09-17,32.0,77.25,32.362125396728516
2012-09-17,32.0,77.5,38.374237060546875
2012-09-18,31.5,76.5,28.11149787902832
2012-09-18,31.5,76.75,24.309967041015625
2012-09-18,31.5,77.0,21.965946197509766
2012-09-18,31.5,77.25,20.551132202148438
2012-09-18,31.5,77.5,16.015792846679688
2012-09-18,31.75,76.5,31.543142318725586
2012-09-18,31.75,76.75,26.154367446899414
2012-09-18,31.75,77.0,22.692777633666992
2012-09-18,31.75,77.25,21.00102996826172
2012-09-18,31.75,77.5,17.186796188354492
2012-09-18,32.0,76.5,71.80318450927734
2012-09-18,32.0,76.75,31.649433135986328
2012-09-18,32.0,77.0,25.15399932861328
2012-09-18,32.0,77.25,22.16707420349121
2012-09-18,32.0,77.5,20.86771011352539
2012-09-19,31.5,76.5,50.25813674926758
2012-09-19,31.5,76.75,39.965965270996094
2012-09-19,31.5,77.0,31.600297927856445
2012-09-19,31.5,77.25,23.672739028930664
2012-09-19,31.5,77.5,8.716684341430664
2012-09-19,31.75,76.5,57.73039245605469
2012-09-19,31.75,76.75,44.812801361083984
2012-09-19,31.75,77.0,33.07529067993164
2012-09-19,31.75,77.25,23.678781509399414
2012-09-19,31.75,77.5,9.160418510437012
2012-09-19,32.0,76.5,5.20210599899292
2012-09-19,32.0,76.75,58.07893753051758
2012-09-19,32.0,77.0,40.13007736206055
2012-09-19,32.0,77.25,23.19808006286621
2012-09-19,32.0,77.5,10.024408340454102
2012-09-20,31.5,76.5,0.0
2012-09-20,31.5,76.75,0.0
2012-09-20,31.5,77.0,0.0
2012-09-20,31.5,77.25,0.0
2012-09-20,31.5,77.5,0.0
2012-09-20,31.75,76.5,0.0
2012-09-20,31.75,76.75,0.0
2012-09-20,31.75,77.0,0.0
2012-09-20,31.75,77.25,0.0
2012-09-20,31.75,77.5,0.0
2012-09-20,32.0,76.5,0.0
2012-09-20,32.0,76.75,0.0
2012-09-20,32.0,77.0,0.0
2012-09-20,32.0,77.25,0.0
2012-09-20,32.0,77.5,0.0
2012-09-21,31.5,76.5,0.0
2012-09-21,31.5,76.75,0.0
2012-09-21,31.5,77.0,0.0
2012-09-21,31.5,77.25,0.0
2012-09-21,31.5,77.5,0.0
2012-09-21,31.75,76.5,0.0
2012-09-21,31.75,76.75,0.0
2012-09-21,31.75,77.0,0.0
2012-09-21,31.75,77.25,0.0
2012-09-21,31.75,77.5,0.0
2012-09-21,32.0,76.5,0.0
2012-09-21,32.0,76.75,0.0
2012-09-21,32.0,77.0,0.0
2012-09-21,32.0,77.25,0.0
2012-09-21,32.0,77.5,0.0
2012-09-22,31.5,76.5,0.0
2012-09-22,31.5,76.75,0.0
2012-09-22,31.5,77.0,0.0
2012-09-22,31.5,77.25,0.0
2012-09-22,31.5,77.5,0.0
2012-09-22,31.75,76.5,0.0
2012-09-22,31.75,76.75,0.0
2012-09-22,31.75,77.0,0.0
2012-09-22,31.75,77.25,0.0
2012-09-22,31.75,77.5,0.0
2012-09-22,32.0,76.5,0.0
2012-09-22,32.0,76.75,0.0
2012-09-22,32.0,77.0,0.0
2012-09-22,32.0,77.25,0.0
2012-09-22,32.0,77.5,0.0
2012-09-23,31.5,76.5,0.0
2012-09-23,31.5,76.75,0.0
2012-09-23,31.5,77.0,0.0
2012-09-23,31.5,77.25,0.0
2012-09-23,31.5,77.5,0.0
2012-09-23,31.75,76.5,0.0
2012-09-23,31.75,76.75,0.0
2012-09-23,31.75,77.0,0.0
2012-09-23,31.75,77.25,0.0
2012-09-23,31.75,77.5,0.0
2012-09-23,32.0,76.5,0.0
2012-09-23,32.0,76.75,0.0
2012-09-23,32.0,77.0,0.0
2012-09-23,32.0,77.25,0.0
2012-09-23,32.0,77.5,0.0
2012-09-24,31.5,76.5,0.0
2012-09-24,31.5,76.75,0.0
2012-09-24,31.5,77.0,0.0
2012-09-24,31.5,77.25,0.0
2012-09-24,31.5,77.5,0.0
2012-09-24,31.75,76.5,0.0
2012-09-24,31.75,76.75,0.0
2012-09-24,31.75,77.0,0.0
2012-09-24,31.75,77.25,0.0
2012-09-24,31.75,77.5,0.0
2012-09-24,32.0,76.5,0.0
2012-09-24,32.0,76.75,0.0
2012-09-24,32.0,77.0,0.0
2012-09-24,32.0,77.25,0.0
2012-09-24,32.0,77.5,0.0
2012-09-25,31.5,76.5,0.0
2012-09-25,31.5,76.75,0.0
2012-09-25,31.5,77.0,0.0
2012-09-25,31.5,77.25,0.0
2012-09-25,31.5,77.5,0.0
2012-09-25,31.75,76.5,0.0
2012-09-25,31.75,76.75,0.0
2012-09-25,31.75,77.0,0.0
2012-09-25,31.75,77.25,0.0
2012-09-25,31.75,77.5,0.0
2012-09-25,32.0,76.5,0.0
2012-09-25,32.0,76.75,0.0
2012-09-25,32.0,77.0,0.0
2012-09-25,32.0,77.25,0.0
2012-09-25,32.0,77.5,0.0
2012-09-26,31.5,76.5,0.0
2012-09-26,31.5,76.75,0.0
2012-09-26,31.5,77.0,0.0
2012-09-26,31.5,77.25,0.0
2012-09-26,31.5,77.5,0.0
2012-09-26,31.75,76.5,0.0
2012-09-26,31.75,76.75,0.0
2012-09-26,31.75,77.0,0.0
2012-09-26,31.75,77.25,0.0
2012-09-26,31.75,77.5,0.0
2012-09-26,32.0,76.5,0.0
2012-09-26,32.0,76.75,0.0
2012-09-26,32.0,77.0,0.0
2012-09-26,32.0,77.25,0.0
2012-09-26,32.0,77.5,0.0
2012-09-27,31.5,76.5,0.0
2012-09-27,31.5,76.75,0.0
2012-09-27,31.5,77.0,0.0
2012-09-27,31.5,77.25,0.0
2012-09-27,31.5,77.5,0.0
2012-09-27,31.75,76.5,0.0
2012-09-27,31.75,76.75,0.0
2012-09-27,31.75,77.0,0.0
2012-09-27,31.75,77.25,0.0
2012-09-27,31.75,77.5,0.0
2012-09-27,32.0,76.5,0.0
2012-09-27,32.0,76.75,0.0
2012-09-27,32.0,77.0,0.0
2012-09-27,32.0,77.25,0.0
2012-09-27,32.0,77.5,0.0
2012-09-28,31.5,76.5,0.6308109760284424
2012-09-28,31.5,76.75,0.9245857000350952
2012-09-28,31.5,77.0,1.0909230709075928
2012-09-28,31.5,77.25,1.1720104217529297
2012-09-28,31.5,77.5,1.101291537284851
2012-09-28,31.75,76.5,0.37057098746299744
2012-09-28,31.75,76.75,0.9038287401199341
2012-09-28,31.75,77.0,1.1601253747940063
2012-09-28,31.75,77.25,1.2452309131622314
2012-09-28,31.75,77.5,1.1454951763153076
2012-09-28,32.0,76.5,0.0
2012-09-28,32.0,76.75,0.43952450156211853
2012-09-28,32.0,77.0,1.2924493551254272
2012-09-28,32.0,77.25,1.4701759815216064
2012-09-28,32.0,77.5,1.206262230873108
2012-09-29,31.5,76.5,0.0
2012-09-29,31.5,76.75,0.0
2012-09-29,31.5,77.0,0.0
2012-09-29,31.5,77.25,0.0
2012-09-29,31.5,77.5,0.0
2012-09-29,31.75,76.5,0.0
2012-09-29,31.75,76.75,0.0
2012-09-29,31.75,77.0,0.0
2012-09-29,31.75,77.25,0.0
2012-09-29,31.75,77.5,0.0
2012-09-29,32.0,76.5,0.0
2012-09-29,32.0,76.75,0.0
2012-09-29,32.0,77.0,0.0
2012-09-29,32.0,77.25,0.0
2012-09-29,32.0,77.5,0.0
2012-09-30,31.5,76.5,0.0
2012-09-30,31.5,76.75,0.0
2012-09-30,31.5,77.0,0.0
2012-09-30,31.5,77.25,0.0
2012-09-30,31.5,77.5,0.0
2012-09-30,31.75,76.5,0.0
2012-09-30,31.75,76.75,0.0
2012-09-30,31.75,77.0,0.0
2012-09-30,31.75,77.25,0.0
2012-09-30,31.75,77.5,0.0
2012-09-30,32.0,76.5,0.0
2012-09-30,32.0,76.75,0.0
2012-09-30,32.0,77.0,0.0
2012-09-30,32.0,77.25,0.0
2012-09-30,32.0,77.5,0.0
2012-10-01,31.5,76.5,0.0
2012-10-01,31.5,76.75,0.0
2012-10-01,31.5,77.0,0.0
2012-10-01,31.5,77.25,0.0
2012-10-01,31.5,77.5,0.0
2012-10-01,31.75,76.5,0.0
2012-10-01,31.75,76.75,0.0
2012-10-01,31.75,77.0,0.0
2012-10-01,31.75,77.25,0.0
2012-10-01,31.75,77.5,0.0
2012-10-01,32.0,76.5,0.0
2012-10-01,32.0,76.75,0.0
2012-10-01,32.0,77.0,0.0
2012-10-01,32.0,77.25,0.0
2012-10-01,32.0,77.5,0.0
2012-10-02,31.5,76.5,0.0
2012-10-02,31.5,76.75,0.0
2012-10-02,31.5,77.0,0.0
2012-10-02,31.5,77.25,0.0
2012-10-02,31.5,77.5,0.0
2012-10-02,31.75,76.5,0.0
2012-10-02,31.75,76.75,0.0
2012-10-02,31.75,77.0,0.0
2012-10-02,31.75,77.25,0.0
2012-10-02,31.75,77.5,0.0
2012-10-02,32.0,76.5,0.0
2012-10-02,32.0,76.75,0.0
2012-10-02,32.0,77.0,0.0
2012-10-02,32.0,77.25,0.0
2012-10-02,32.0,77.5,0.0
2012-10-03,31.5,76.5,0.0
2012-10-03,31.5,76.75,0.0
2012-10-03,31.5,77.0,0.0
2012-10-03,31.5,77.25,0.0
2012-10-03,31.5,77.5,0.0
2012-10-03,31.75,76.5,0.0
2012-10-03,31.75,76.75,0.0
2012-10-03,31.75,77.0,0.0
2012-10-03,31.75,77.25,0.0
2012-10-03,31.75,77.5,0.0
2012-10-03,32.0,76.5,0.0
2012-10-03,32.0,76.75,0.0
2012-10-03,32.0,77.0,0.0
2012-10-03,32.0,77.25,0.0
2012-10-03,32.0,77.5,0.0
2012-10-04,31.5,76.5,0.0
2012-10-04,31.5,76.75,0.0
2012-10-04,31.5,77.0,0.0
2012-10-04,31.5,77.25,0.0
2012-10-04,31.5,77.5,0.0
2012-10-04,31.75,76.5,0.0
2012-10-04,31.75,76.75,0.0
2012-10-04,31.75,77.0,0.0
2012-10-04,31.75,77.25,0.0
2012-10-04,31.75,77.5,0.0
2012-10-04,32.0,76.5,0.1862226128578186
2012-10-04,32.0,76.75,0.0
2012-10-04,32.0,77.0,0.0
2012-10-04,32.0,77.25,0.0
2012-10-04,32.0,77.5,0.0
2012-10-05,31.5,76.5,0.0
2012-10-05,31.5,76.75,0.0
2012-10-05,31.5,77.0,0.0
2012-10-05,31.5,77.25,0.0
2012-10-05,31.5,77.5,0.0
2012-10-05,31.75,76.5,0.0
2012-10-05,31.75,76.75,0.0
2012-10-05,31.75,77.0,0.0
2012-10-05,31.75,77.25,0.0
2012-10-05,31.75,77.5,0.0
2012-10-05,32.0,76.5,0.0
2012-10-05,32.0,76.75,0.0
2012-10-05,32.0,77.0,0.0
2012-10-05,32.0,77.25,0.0
2012-10-05,32.0,77.5,0.0
2012-10-06,31.5,76.5,0.0
2012-10-06,31.5,76.75,0.0
2012-10-06,31.5,77.0,0.0
2012-10-06,31.5,77.25,0.0
2012-10-06,31.5,77.5,0.0
2012-10-06,31.75,76.5,0.0
2012-10-06,31.75,76.75,0.0
2012-10-06,31.75,77.0,0.0
2012-10-06,31.75,77.25,0.0
2012-10-06,31.75,77.5,0.0
2012-10-06,32.0,76.5,0.0
2012-10-06,32.0,76.75,0.0
2012-10-06,32.0,77.0,0.0
2012-10-06,32.0,77.25,0.0
2012-10-06,32.0,77.5,0.0
2012-10-07,31.5,76.5,0.0
2012-10-07,31.5,76.75,0.0
2012-10-07,31.5,77.0,0.0
2012-10-07,31.5,77.25,0.0
2012-10-07,31.5,77.5,0.0
2012-10-07,31.75,76.5,0.0
2012-10-07,31.75,76.75,0.0
2012-10-07,31.75,77.0,0.0
2012-10-07,31.75,77.25,0.0
2012-10-07,31.75,77.5,0.0
2012-10-07,32.0,76.5,0.0
2012-10-07,32.0,76.75,0.0
2012-10-07,32.0,77.0,0.0
2012-10-07,32.0,77.25,0.0
2012-10-07,32.0,77.5,0.0
2012-10-08,31.5,76.5,0.0
2012-10-08,31.5,76.75,0.0
2012-10-08,31.5,77.0,0.0
2012-10-08,31.5,77.25,0.0
2012-10-08,31.5,77.5,0.0
2012-10-08,31.75,76.5,0.0
2012-10-08,31.75,76.75,0.0
2012-10-08,31.75,77.0,0.0
2012-10-08,31.75,77.25,0.0
2012-10-08,31.75,77.5,0.0
2012-10-08,32.0,76.5,0.0
2012-10-08,32.0,76.75,0.0
2012-10-08,32.0,77.0,0.0
2012-10-08,32.0,77.25,0.0
2012-10-08,32.0,77.5,0.0
2012-10-09,31.5,76.5,0.0
2012-10-09,31.5,76.75,0.0
2012-10-09,31.5,77.0,0.0
2012-10-09,31.5,77.25,0.9037371277809143
2012-10-09,31.5,77.5,1.198195219039917
2012-10-09,31.75,76.5,0.0
2012-10-09,31.75,76.75,0.0
2012-10-09,31.75,77.0,0.0
2012-10-09,31.75,77.25,0.9678774476051331
2012-10-09,31.75,77.5,1.4509427547454834
2012-10-09,32.0,76.5,0.0
2012-10-09,32.0,76.75,0.0
2012-10-09,32.0,77.0,0.3437953591346741
2012-10-09,32.0,77.25,1.4025211334228516
2012-10-09,32.0,77.5,2.09151554107666
2012-10-10,31.5,76.5,0.0
2012-10-10,31.5,76.75,0.0
2012-10-10,31.5,77.0,0.0
2012-10-10,31.5,77.25,0.0
2012-10-10,31.5,77.5,0.7078548669815063
2012-10-10,31.75,76.5,0.0
2012-10-10,31.75,76.75,0.0
2012-10-10,31.75,77.0,0.0
2012-10-10,31.75,77.25,0.0
2012-10-10,31.75,77.5,0.5269238948822021
2012-10-10,32.0,76.5,0.0
2012-10-10,32.0,76.75,0.0
2012-10-10,32.0,77.0,0.0
2012-10-10,32.0,77.25,0.0
2012-10-10,32.0,77.5,0.16256041824817657
2012-10-11,31.5,76.5,0.0
2012-10-11,31.5,76.75,0.0
2012-10-11,31.5,77.0,0.0
2012-10-11,31.5,77.25,0.0
2012-10-11,31.5,77.5,0.0
2012-10-11,31.75,76.5,0.0
2012-10-11,31.75,76.75,0.0
2012-10-11,31.75,77.0,0.0
2012-10-11,31.75,77.25,0.0
2012-10-11,31.75,77.5,0.0
2012-10-11,32.0,76.5,0.0
2012-10-11,32.0,76.75,0.0
2012-10-11,32.0,77.0,0.0
2012-10-11,32.0,77.25,0.0
2012-10-11,32.0,77.5,0.0
2012-10-12,31.5,76.5,0.0
2012-10-12,31.5,76.75,0.0
2012-10-12,31.5,77.0,0.0
2012-10-12,31.5,77.25,0.0
2012-10-12,31.5,77.5,0.0
2012-10-12,31.75,76.5,0.0
2012-10-12,31.75,76.75,0.0
2012-10-12,31.75,77.0,0.0
2012-10-12,31.75,77.25,0.0
2012-10-12,31.75,77.5,0.0
2012-10-12,32.0,76.5,0.0
2012-10-12,32.0,76.75,0.0
2012-10-12,32.0,77.0,0.0
2012-10-12,32.0,77.25,0.0
2012-10-12,32.0,77.5,0.0
2012-10-13,31.5,76.5,0.0
2012-10-13,31.5,76.75,0.0
2012-10-13,31.5,77.0,0.0
2012-10-13,31.5,77.25,0.0
2012-10-13,31.5,77.5,0.0
2012-10-13,31.75,76.5,0.0
2012-10-13,31.75,76.75,0.0
2012-10-13,31.75,77.0,0.0
2012-10-13,31.75,77.25,0.0
2012-10-13,31.75,77.5,0.0
2012-10-13,32.0,76.5,0.0
2012-10-13,32.0,76.75,0.0
2012-10-13,32.0,77.0,0.0
2012-10-13,32.0,77.25,0.0
2012-10-13,32.0,77.5,0.0
2012-10-14,31.5,76.5,0.0
2012-10-14,31.5,76.75,0.0
2012-10-14,31.5,77.0,0.0
2012-10-14,31.5,77.25,0.0
2012-10-14,31.5,77.5,0.0
2012-10-14,31.75,76.5,0.0
2012-10-14,31.75,76.75,0.0
2012-10-14,31.75,77.0,0.0
2012-10-14,31.75,77.25,0.0
2012-10-14,31.75,77.5,0.0
2012-10-14,32.0,76.5,0.0
2012-10-14,32.0,76.75,0.0
2012-10-14,32.0,77.0,0.0
2012-10-14,32.0,77.25,0.0
2012-10-14,32.0,77.5,0.0
2012-10-15,31.5,76.5,0.0
2012-10-15,31.5,76.75,0.0
2012-10-15,31.5,77.0,0.0
2012-10-15,31.5,77.25,0.0
2012-10-15,31.5,77.5,0.0
2012-10-15,31.75,76.5,0.0
2012-10-15,31.75,76.75,0.0
2012-10-15,31.75,77.0,0.0
2012-10-15,31.75,77.25,0.0
2012-10-15,31.75,77.5,0.0
2012-10-15,32.0,76.5,0.0
2012-10-15,32.0,76.75,0.0
2012-10-15,32.0,77.0,0.0
2012-10-15,32.0,77.25,0.0
2012-10-15,32.0,77.5,0.0
2012-10-16,31.5,76.5,0.0
2012-10-16,31.5,76.75,0.0
2012-10-16,31.5,77.0,0.0
2012-10-16,31.5,77.25,0.0
2012-10-16,31.5,77.5,0.0
2012-10-16,31.75,76.5,0.0
2012-10-16,31.75,76.75,0.0
2012-10-16,31.75,77.0,0.0
2012-10-16,31.75,77.25,0.0
2012-10-16,31.75,77.5,0.0
2012-10-16,32.0,76.5,0.9311130046844482
2012-10-16,32.0,76.75,0.0
2012-10-16,32.0,77.0,0.0
2012-10-16,32.0,77.25,0.0
2012-10-16,32.0,77.5,0.0
2012-10-17,31.5,76.5,0.0
2012-10-17,31.5,76.75,0.0
2012-10-17,31.5,77.0,0.0
2012-10-17,31.5,77.25,0.0
2012-10-17,31.5,77.5,0.0
2012-10-17,31.75,76.5,0.0
2012-10-17,31.75,76.75,0.0
2012-10-17,31.75,77.0,0.0
2012-10-17,31.75,77.25,0.0
2012-10-17,31.75,77.5,0.0
2012-10-17,32.0,76.5,1.1173356771469116
2012-10-17,32.0,76.75,0.0
2012-10-17,32.0,77.0,0.0
2012-10-17,32.0,77.25,0.0
2012-10-17,32.0,77.5,0.0
2012-10-18,31.5,76.5,0.0
2012-10-18,31.5,76.75,0.0
2012-10-18,31.5,77.0,0.0
2012-10-18,31.5,77.25,0.0
2012-10-18,31.5,77.5,0.0
2012-10-18,31.75,76.5,0.0
2012-10-18,31.75,76.75,0.0
2012-10-18,31.75,77.0,0.0
2012-10-18,31.75,77.25,0.0
2012-10-18,31.75,77.5,0.0
2012-10-18,32.0,76.5,0.0
2012-10-18,32.0,76.75,0.0
2012-10-18,32.0,77.0,0.0
2012-10-18,32.0,77.25,0.0
2012-10-18,32.0,77.5,0.0
2012-10-19,31.5,76.5,0.0
2012-10-19,31.5,76.75,0.0
2012-10-19,31.5,77.0,0.0
2012-10-19,31.5,77.25,0.0
2012-10-19,31.5,77.5,0.0
2012-10-19,31.75,76.5,0.0
2012-10-19,31.75,76.75,0.0
2012-10-19,31.75,77.0,0.0
2012-10-19,31.75,77.25,0.0
2012-10-19,31.75,77.5,0.0
2012-10-19,32.0,76.5,0.0
2012-10-19,32.0,76.75,0.0
2012-10-19,32.0,77.0,0.0
2012-10-19,32.0,77.25,0.0
2012-10-19,32.0,77.5,0.0
2012-10-20,31.5,76.5,0.0
2012-10-20,31.5,76.75,0.0
2012-10-20,31.5,77.0,0.0
2012-10-20,31.5,77.25,0.0
2012-10-20,31.5,77.5,0.0
2012-10-20,31.75,76.5,0.0
2012-10-20,31.75,76.75,0.0
2012-10-20,31.75,77.0,0.0
2012-10-20,31.75,77.25,0.0
2012-10-20,31.75,77.5,0.0
2012-10-20,32.0,76.5,0.0
2012-10-20,32.0,76.75,0.0
2012-10-20,32.0,77.0,0.0
2012-10-20,32.0,77.25,0.0
2012-10-20,32.0,77.5,0.0
2012-10-21,31.5,76.5,0.0
2012-10-21,31.5,76.75,0.0
2012-10-21,31.5,77.0,0.0
2012-10-21,31.5,77.25,0.0
2012-10-21,31.5,77.5,0.0
2012-10-21,31.75,76.5,0.0
2012-10-21,31.75,76.75,0.0
2012-10-21,31.75,77.0,0.0
2012-10-21,31.75,77.25,0.0
2012-10-21,31.75,77.5,0.0
2012-10-21,32.0,76.5,0.0
2012-10-21,32.0,76.75,0.0
2012-10-21,32.0,77.0,0.0
2012-10-21,32.0,77.25,0.0
2012-10-21,32.0,77.5,0.0
2012-10-22,31.5,76.5,0.0
2012-10-22,31.5,76.75,0.0
2012-10-22,31.5,77.0,0.0
2012-10-22,31.5,77.25,0.0
2012-10-22,31.5,77.5,0.0
2012-10-22,31.75,76.5,0.0
2012-10-22,31.75,76.75,0.0
2012-10-22,31.75,77.0,0.0
2012-10-22,31.75,77.25,0.0
2012-10-22,31.75,77.5,0.0
2012-10-22,32.0,76.5,0.0
2012-10-22,32.0,76.75,0.0
2012-10-22,32.0,77.0,0.0
2012-10-22,32.0,77.25,0.0
2012-10-22,32.0,77.5,0.0
2012-10-23,31.5,76.5,0.0
2012-10-23,31.5,76.75,0.0
2012-10-23,31.5,77.0,0.0
2012-10-23,31.5,77.25,0.0
2012-10-23,31.5,77.5,0.0
2012-10-23,31.75,76.5,0.0
2012-10-23,31.75,76.75,0.0
2012-10-23,31.75,77.0,0.0
2012-10-23,31.75,77.25,0.0
2012-10-23,31.75,77.5,0.0
2012-10-23,32.0,76.5,0.0
2012-10-23,32.0,76.75,0.0
2012-10-23,32.0,77.0,0.0
2012-10-23,32.0,77.25,0.0
2012-10-23,32.0,77.5,0.0
2012-10-24,31.5,76.5,0.0
2012-10-24,31.5,76.75,0.0
2012-10-24,31.5,77.0,0.0
2012-10-24,31.5,77.25,0.0
2012-10-24,31.5,77.5,0.0
2012-10-24,31.75,76.5,0.0
2012-10-24,31.75,76.75,0.0
2012-10-24,31.75,77.0,0.0
2012-10-24,31.75,77.25,0.0
2012-10-24,31.75,77.5,0.0
2012-10-24,32.0,76.5,0.0
2012-10-24,32.0,76.75,0.0
2012-10-24,32.0,77.0,0.0
2012-10-24,32.0,77.25,0.0
2012-10-24,32.0,77.5,0.0
2012-10-25,31.5,76.5,0.0
2012-10-25,31.5,76.75,0.0
2012-10-25,31.5,77.0,0.0
2012-10-25,31.5,77.25,0.0
2012-10-25,31.5,77.5,0.0
2012-10-25,31.75,76.5,0.0
2012-10-25,31.75,76.75,0.0
2012-10-25,31.75,77.0,0.0
2012-10-25,31.75,77.25,0.0
2012-10-25,31.75,77.5,0.0
2012-10-25,32.0,76.5,0.0
2012-10-25,32.0,76.75,0.0
2012-10-25,32.0,77.0,0.0
2012-10-25,32.0,77.25,0.0
2012-10-25,32.0,77.5,0.0
2012-10-26,31.5,76.5,0.0
2012-10-26,31.5,76.75,0.0
2012-10-26,31.5,77.0,0.0
2012-10-26,31.5,77.25,0.0
2012-10-26,31.5,77.5,0.0
2012-10-26,31.75,76.5,0.0
2012-10-26,31.75,76.75,0.0
2012-10-26,31.75,77.0,0.0
2012-10-26,31.75,77.25,0.0
2012-10-26,31.75,77.5,0.0
2012-10-26,32.0,76.5,0.0
2012-10-26,32.0,76.75,0.0
2012-10-26,32.0,77.0,0.0
2012-10-26,32.0,77.25,0.0
2012-10-26,32.0,77.5,0.0
2012-10-27,31.5,76.5,0.0
2012-10-27,31.5,76.75,0.0
2012-10-27,31.5,77.0,0.0
2012-10-27,31.5,77.25,0.0
2012-10-27,31.5,77.5,0.0
2012-10-27,31.75,76.5,0.0
2012-10-27,31.75,76.75,0.0
2012-10-27,31.75,77.0,0.0
2012-10-27,31.75,77.25,0.0
2012-10-27,31.75,77.5,0.0
2012-10-27,32.0,76.5,0.0
2012-10-27,32.0,76.75,0.0
2012-10-27,32.0,77.0,0.0
2012-10-27,32.0,77.25,0.0
2012-10-27,32.0,77.5,0.0
2012-10-28,31.5,76.5,0.0
2012-10-28,31.5,76.75,0.0
2012-10-28,31.5,77.0,0.0
2012-10-28,31.5,77.25,0.0
2012-10-28,31.5,77.5,0.0
2012-10-28,31.75,76.5,0.0
2012-10-28,31.75,76.75,0.0
2012-10-28,31.75,77.0,0.0
2012-10-28,31.75,77.25,0.0
2012-10-28,31.75,77.5,0.0
2012-10-28,32.0,76.5,0.0
2012-10-28,32.0,76.75,0.0
2012-10-28,32.0,77.0,0.0
2012-10-28,32.0,77.25,0.0
2012-10-28,32.0,77.5,0.0
2012-10-29,31.5,76.5,0.0
2012-10-29,31.5,76.75,0.0
2012-10-29,31.5,77.0,0.0
2012-10-29,31.5,77.25,0.0
2012-10-29,31.5,77.5,0.0
2012-10-29,31.75,76.5,0.0
2012-10-29,31.75,76.75,0.0
2012-10-29,31.75,77.0,0.0
2012-10-29,31.75,77.25,0.0
2012-10-29,31.75,77.5,0.0
2012-10-29,32.0,76.5,0.0
2012-10-29,32.0,76.75,0.0
2012-10-29,32.0,77.0,0.0
2012-10-29,32.0,77.25,0.0
2012-10-29,32.0,77.5,0.0
2012-10-30,31.5,76.5,0.0
2012-10-30,31.5,76.75,0.0
2012-10-30,31.5,77.0,0.0
2012-10-30,31.5,77.25,0.0
2012-10-30,31.5,77.5,0.0
2012-10-30,31.75,76.5,0.0
2012-10-30,31.75,76.75,0.0
2012-10-30,31.75,77.0,0.0
2012-10-30,31.75,77.25,0.0
2012-10-30,31.75,77.5,0.0
2012-10-30,32.0,76.5,0.0
2012-10-30,32.0,76.75,0.0
2012-10-30,32.0,77.0,0.0
2012-10-30,32.0,77.25,0.0
2012-10-30,32.0,77.5,0.0
2012-10-31,31.5,76.5,0.0
2012-10-31,31.5,76.75,0.0
2012-10-31,31.5,77.0,0.0
2012-10-31,31.5,77.25,0.0
2012-10-31,31.5,77.5,0.0
2012-10-31,31.75,76.5,0.0
2012-10-31,31.75,76.75,0.0
2012-10-31,31.75,77.0,0.0
2012-10-31,31.75,77.25,0.0
2012-10-31,31.75,77.5,0.0
2012-10-31,32.0,76.5,0.0
2012-10-31,32.0,76.75,0.0
2012-10-31,32.0,77.0,0.0
2012-10-31,32.0,77.25,0.0
2012-10-31,32.0,77.5,0.0
2012-11-01,31.5,76.5,0.0
2012-11-01,31.5,76.75,0.0
2012-11-01,31.5,77.0,0.0
2012-11-01,31.5,77.25,0.0
2012-11-01,31.5,77.5,0.0
2012-11-01,31.75,76.5,0.0
2012-11-01,31.75,76.75,0.0
2012-11-01,31.75,77.0,0.0
2012-11-01,31.75,77.25,0.0
2012-11-01,31.75,77.5,0.0
2012-11-01,32.0,76.5,0.0
2012-11-01,32.0,76.75,0.0
2012-11-01,32.0,77.0,0.0
2012-11-01,32.0,77.25,0.0
2012-11-01,32.0,77.5,0.0
2012-11-02,31.5,76.5,0.0
2012-11-02,31.5,76.75,0.0
2012-11-02,31.5,77.0,0.0
2012-11-02,31.5,77.25,0.0
2012-11-02,31.5,77.5,0.0
2012-11-02,31.75,76.5,0.0
2012-11-02,31.75,76.75,0.0
2012-11-02,31.75,77.0,0.0
2012-11-02,31.75,77.25,0.0
2012-11-02,31.75,77.5,0.0
2012-11-02,32.0,76.5,0.0
2012-11-02,32.0,76.75,0.0
2012-11-02,32.0,77.0,0.0
2012-11-02,32.0,77.25,0.0
2012-11-02,32.0,77.5,0.0
2012-11-03,31.5,76.5,0.0
2012-11-03,31.5,76.75,0.0
2012-11-03,31.5,77.0,0.0
2012-11-03,31.5,77.25,0.0
2012-11-03,31.5,77.5,0.0
2012-11-03,31.75,76.5,0.0
2012-11-03,31.75,76.75,0.0
2012-11-03,31.75,77.0,0.0
2012-11-03,31.75,77.25,0.0
2012-11-03,31.75,77.5,0.0
2012-11-03,32.0,76.5,0.0
2012-11-03,32.0,76.75,0.0
2012-11-03,32.0,77.0,0.0
2012-11-03,32.0,77.25,0.0
2012-11-03,32.0,77.5,0.0
2012-11-04,31.5,76.5,0.0
2012-11-04,31.5,76.75,0.0
2012-11-04,31.5,77.0,0.0
2012-11-04,31.5,77.25,0.0
2012-11-04,31.5,77.5,0.0
2012-11-04,31.75,76.5,0.0
2012-11-04,31.75,76.75,0.0
2012-11-04,31.75,77.0,0.0
2012-11-04,31.75,77.25,0.0
2012-11-04,31.75,77.5,0.0
2012-11-04,32.0,76.5,0.0
2012-11-04,32.0,76.75,0.0
2012-11-04,32.0,77.0,0.0
2012-11-04,32.0,77.25,0.0
2012-11-04,32.0,77.5,0.0
2012-11-05,31.5,76.5,0.0
2012-11-05,31.5,76.75,0.0
2012-11-05,31.5,77.0,0.0
2012-11-05,31.5,77.25,0.0
2012-11-05,31.5,77.5,0.0
2012-11-05,31.75,76.5,0.0
2012-11-05,31.75,76.75,0.0
2012-11-05,31.75,77.0,0.0
2012-11-05,31.75,77.25,0.0
2012-11-05,31.75,77.5,0.0
2012-11-05,32.0,76.5,0.0
2012-11-05,32.0,76.75,0.0
2012-11-05,32.0,77.0,0.0
2012-11-05,32.0,77.25,0.0
2012-11-05,32.0,77.5,0.0
2012-11-06,31.5,76.5,0.0
2012-11-06,31.5,76.75,0.0
2012-11-06,31.5,77.0,0.0
2012-11-06,31.5,77.25,0.0
2012-11-06,31.5,77.5,0.0
2012-11-06,31.75,76.5,0.0
2012-11-06,31.75,76.75,0.0
2012-11-06,31.75,77.0,0.0
2012-11-06,31.75,77.25,0.0
2012-11-06,31.75,77.5,0.0
2012-11-06,32.0,76.5,0.0
2012-11-06,32.0,76.75,0.0
2012-11-06,32.0,77.0,0.0
2012-11-06,32.0,77.25,0.0
2012-11-06,32.0,77.5,0.0
2012-11-07,31.5,76.5,0.0
2012-11-07,31.5,76.75,0.0
2012-11-07,31.5,77.0,0.0
2012-11-07,31.5,77.25,0.0
2012-11-07,31.5,77.5,0.0
2012-11-07,31.75,76.5,0.0
2012-11-07,31.75,76.75,0.0
2012-11-07,31.75,77.0,0.0
2012-11-07,31.75,77.25,0.0
2012-11-07,31.75,77.5,0.0
2012-11-07,32.0,76.5,0.0
2012-11-07,32.0,76.75,0.0
2012-11-07,32.0,77.0,0.0
2012-11-07,32.0,77.25,0.0
2012-11-07,32.0,77.5,0.0
2012-11-08,31.5,76.5,0.0
2012-11-08,31.5,76.75,0.0
2012-11-08,31.5,77.0,0.0
2012-11-08,31.5,77.25,0.0
2012-11-08,31.5,77.5,0.0
2012-11-08,31.75,76.5,0.0
2012-11-08,31.75,76.75,0.0
2012-11-08,31.75,77.0,0.0
2012-11-08,31.75,77.25,0.0
2012-11-08,31.75,77.5,0.0
2012-11-08,32.0,76.5,0.0
2012-11-08,32.0,76.75,0.0
2012-11-08,32.0,77.0,0.0
2012-11-08,32.0,77.25,0.0
2012-11-08,32.0,77.5,0.0
2012-11-09,31.5,76.5,0.0
2012-11-09,31.5,76.75,0.0
2012-11-09,31.5,77.0,0.0
2012-11-09,31.5,77.25,0.0
2012-11-09,31.5,77.5,0.0
2012-11-09,31.75,76.5,0.0
2012-11-09,31.75,76.75,0.0
2012-11-09,31.75,77.0,0.0
2012-11-09,31.75,77.25,0.0
2012-11-09,31.75,77.5,0.0
2012-11-09,32.0,76.5,0.0
2012-11-09,32.0,76.75,0.0
2012-11-09,32.0,77.0,0.0
2012-11-09,32.0,77.25,0.0
2012-11-09,32.0,77.5,0.0
2012-11-10,31.5,76.5,0.0
2012-11-10,31.5,76.75,0.0
2012-11-10,31.5,77.0,0.0
2012-11-10,31.5,77.25,0.0
2012-11-10,31.5,77.5,0.0
2012-11-10,31.75,76.5,0.0
2012-11-10,31.75,76.75,0.0
2012-11-10,31.75,77.0,0.0
2012-11-10,31.75,77.25,0.0
2012-11-10,31.75,77.5,0.0
2012-11-10,32.0,76.5,0.0
2012-11-10,32.0,76.75,0.0
2012-11-10,32.0,77.0,0.0
2012-11-10,32.0,77.25,0.0
2012-11-10,32.0,77.5,0.0
2012-11-11,31.5,76.5,0.0
2012-11-11,31.5,76.75,0.0
2012-11-11,31.5,77.0,0.0
2012-11-11,31.5,77.25,0.0
2012-11-11,31.5,77.5,0.0
2012-11-11,31.75,76.5,0.0
2012-11-11,31.75,76.75,0.0
2012-11-11,31.75,77.0,0.0
2012-11-11,31.75,77.25,0.0
2012-11-11,31.75,77.5,0.0
2012-11-11,32.0,76.5,0.0
2012-11-11,32.0,76.75,0.0
2012-11-11,32.0,77.0,0.0
2012-11-11,32.0,77.25,0.0
2012-11-11,32.0,77.5,0.0
2012-11-12,31.5,76.5,0.0
2012-11-12,31.5,76.75,0.0
2012-11-12,31.5,77.0,0.0
2012-11-12,31.5,77.25,0.0
2012-11-12,31.5,77.5,0.0
2012-11-12,31.75,76.5,0.0
2012-11-12,31.75,76.75,0.0
2012-11-12,31.75,77.0,0.0
2012-11-12,31.75,77.25,0.0
2012-11-12,31.75,77.5,0.0
2012-11-12,32.0,76.5,0.0
2012-11-12,32.0,76.75,0.0
2012-11-12,32.0,77.0,0.0
2012-11-12,32.0,77.25,0.0
2012-11-12,32.0,77.5,0.0
2012-11-13,31.5,76.5,0.0
2012-11-13,31.5,76.75,0.0
2012-11-13,31.5,77.0,0.0
2012-11-13,31.5,77.25,0.0
2012-11-13,31.5,77.5,0.0
2012-11-13,31.75,76.5,0.0
2012-11-13,31.75,76.75,0.0
2012-11-13,31.75,77.0,0.0
2012-11-13,31.75,77.25,0.0
2012-11-13,31.75,77.5,0.0
2012-11-13,32.0,76.5,0.0
2012-11-13,32.0,76.75,0.0
2012-11-13,32.0,77.0,0.0
2012-11-13,32.0,77.25,0.0
2012-11-13,32.0,77.5,0.0
2012-11-14,31.5,76.5,0.0
2012-11-14,31.5,76.75,0.0
2012-11-14,31.5,77.0,0.0
2012-11-14,31.5,77.25,0.0
2012-11-14,31.5,77.5,0.0
2012-11-14,31.75,76.5,0.0
2012-11-14,31.75,76.75,0.0
2012-11-14,31.75,77.0,0.0
2012-11-14,31.75,77.25,0.0
2012-11-14,31.75,77.5,0.0
2012-11-14,32.0,76.5,0.0
2012-11-14,32.0,76.75,0.0
2012-11-14,32.0,77.0,0.0
2012-11-14,32.0,77.25,0.0
2012-11-14,32.0,77.5,0.0
2012-11-15,31.5,76.5,0.0
2012-11-15,31.5,76.75,0.0
2012-11-15,31.5,77.0,0.0
2012-11-15,31.5,77.25,0.0
2012-11-15,31.5,77.5,0.0
2012-11-15,31.75,76.5,0.0
2012-11-15,31.75,76.75,0.0
2012-11-15,31.75,77.0,0.0
2012-11-15,31.75,77.25,0.0
2012-11-15,31.75,77.5,0.0
2012-11-15,32.0,76.5,0.0
2012-11-15,32.0,76.75,0.0
2012-11-15,32.0,77.0,0.0
2012-11-15,32.0,77.25,0.0
2012-11-15,32.0,77.5,0.0
2012-11-16,31.5,76.5,0.0
2012-11-16,31.5,76.75,0.0
2012-11-16,31.5,77.0,0.0
2012-11-16,31.5,77.25,0.0
2012-11-16,31.5,77.5,0.0
2012-11-16,31.75,76.5,0.0
2012-11-16,31.75,76.75,0.0
2012-11-16,31.75,77.0,0.0
2012-11-16,31.75,77.25,0.0
2012-11-16,31.75,77.5,0.0
2012-11-16,32.0,76.5,0.0
2012-11-16,32.0,76.75,0.0
2012-11-16,32.0,77.0,0.0
2012-11-16,32.0,77.25,0.0
2012-11-16,32.0,77.5,0.0
2012-11-17,31.5,76.5,0.0
2012-11-17,31.5,76.75,0.0
2012-11-17,31.5,77.0,0.0
2012-11-17,31.5,77.25,0.0
2012-11-17,31.5,77.5,0.0
2012-11-17,31.75,76.5,0.0
2012-11-17,31.75,76.75,0.0
2012-11-17,31.75,77.0,0.0
2012-11-17,31.75,77.25,0.0
2012-11-17,31.75,77.5,0.0
2012-11-17,32.0,76.5,0.0
2012-11-17,32.0,76.75,0.0
2012-11-17,32.0,77.0,0.0
2012-11-17,32.0,77.25,0.0
2012-11-17,32.0,77.5,0.0
2012-11-18,31.5,76.5,0.0
2012-11-18,31.5,76.75,0.0
2012-11-18,31.5,77.0,0.0
2012-11-18,31.5,77.25,0.0
2012-11-18,31.5,77.5,0.0
2012-11-18,31.75,76.5,0.0
2012-11-18,31.75,76.75,0.0
2012-11-18,31.75,77.0,0.0
2012-11-18,31.75,77.25,0.0
2012-11-18,31.75,77.5,0.0
2012-11-18,32.0,76.5,0.0
2012-11-18,32.0,76.75,0.0
2012-11-18,32.0,77.0,0.0
2012-11-18,32.0,77.25,0.0
2012-11-18,32.0,77.5,0.0
2012-11-19,31.5,76.5,0.0
2012-11-19,31.5,76.75,0.0
2012-11-19,31.5,77.0,0.0
2012-11-19,31.5,77.25,0.0
2012-11-19,31.5,77.5,0.0
2012-11-19,31.75,76.5,0.0
2012-11-19,31.75,76.75,0.0
2012-11-19,31.75,77.0,0.0
2012-11-19,31.75,77.25,0.0
2012-11-19,31.75,77.5,0.0
2012-11-19,32.0,76.5,0.0
2012-11-19,32.0,76.75,0.0
2012-11-19,32.0,77.0,0.0
2012-11-19,32.0,77.25,0.0
2012-11-19,32.0,77.5,0.0
2012-11-20,31.5,76.5,0.0
2012-11-20,31.5,76.75,0.0
2012-11-20,31.5,77.0,0.0
2012-11-20,31.5,77.25,0.0
2012-11-20,31.5,77.5,0.0
2012-11-20,31.75,76.5,0.0
2012-11-20,31.75,76.75,0.0
2012-11-20,31.75,77.0,0.0
2012-11-20,31.75,77.25,0.0
2012-11-20,31.75,77.5,0.0
2012-11-20,32.0,76.5,0.0
2012-11-20,32.0,76.75,0.0
2012-11-20,32.0,77.0,0.0
2012-11-20,32.0,77.25,0.0
2012-11-20,32.0,77.5,0.0
2012-11-21,31.5,76.5,0.0
2012-11-21,31.5,76.75,0.0
2012-11-21,31.5,77.0,0.0
2012-11-21,31.5,77.25,0.0
2012-11-21,31.5,77.5,0.0
2012-11-21,31.75,76.5,0.0
2012-11-21,31.75,76.75,0.0
2012-11-21,31.75,77.0,0.0
2012-11-21,31.75,77.25,0.0
2012-11-21,31.75,77.5,0.0
2012-11-21,32.0,76.5,0.0
2012-11-21,32.0,76.75,0.0
2012-11-21,32.0,77.0,0.0
2012-11-21,32.0,77.25,0.0
2012-11-21,32.0,77.5,0.0
2012-11-22,31.5,76.5,0.0
2012-11-22,31.5,76.75,0.0
2012-11-22,31.5,77.0,0.0
2012-11-22,31.5,77.25,0.0
2012-11-22,31.5,77.5,0.0
2012-11-22,31.75,76.5,0.0
2012-11-22,31.75,76.75,0.0
2012-11-22,31.75,77.0,0.0
2012-11-22,31.75,77.25,0.0
2012-11-22,31.75,77.5,0.0
2012-11-22,32.0,76.5,0.0
2012-11-22,32.0,76.75,0.0
2012-11-22,32.0,77.0,0.0
2012-11-22,32.0,77.25,0.0
2012-11-22,32.0,77.5,0.0
2012-11-23,31.5,76.5,0.0
2012-11-23,31.5,76.75,0.0
2012-11-23,31.5,77.0,0.0
2012-11-23,31.5,77.25,0.0
2012-11-23,31.5,77.5,0.0
2012-11-23,31.75,76.5,0.0
2012-11-23,31.75,76.75,0.0
2012-11-23,31.75,77.0,0.0
2012-11-23,31.75,77.25,0.0
2012-11-23,31.75,77.5,0.0
2012-11-23,32.0,76.5,0.0
2012-11-23,32.0,76.75,0.0
2012-11-23,32.0,77.0,0.0
2012-11-23,32.0,77.25,0.0
2012-11-23,32.0,77.5,0.0
2012-11-24,31.5,76.5,0.0
2012-11-24,31.5,76.75,0.0
2012-11-24,31.5,77.0,0.0
2012-11-24,31.5,77.25,0.0
2012-11-24,31.5,77.5,0.0
2012-11-24,31.75,76.5,0.0
2012-11-24,31.75,76.75,0.0
2012-11-24,31.75,77.0,0.0
2012-11-24,31.75,77.25,0.0
2012-11-24,31.75,77.5,0.0
2012-11-24,32.0,76.5,0.0
2012-11-24,32.0,76.75,0.0
2012-11-24,32.0,77.0,0.0
2012-11-24,32.0,77.25,0.0
2012-11-24,32.0,77.5,0.0
2012-11-25,31.5,76.5,0.0
2012-11-25,31.5,76.75,0.0
2012-11-25,31.5,77.0,0.0
2012-11-25,31.5,77.25,0.0
2012-11-25,31.5,77.5,0.0
2012-11-25,31.75,76.5,0.0
2012-11-25,31.75,76.75,0.0
2012-11-25,31.75,77.0,0.0
2012-11-25,31.75,77.25,0.0
2012-11-25,31.75,77.5,0.0
2012-11-25,32.0,76.5,0.0
2012-11-25,32.0,76.75,0.0
2012-11-25,32.0,77.0,0.0
2012-11-25,32.0,77.25,0.0
2012-11-25,32.0,77.5,0.0
2012-11-26,31.5,76.5,0.0
2012-11-26,31.5,76.75,0.0
2012-11-26,31.5,77.0,0.0
2012-11-26,31.5,77.25,0.0
2012-11-26,31.5,77.5,0.0
2012-11-26,31.75,76.5,0.0
2012-11-26,31.75,76.75,0.0
2012-11-26,31.75,77.0,0.0
2012-11-26,31.75,77.25,0.0
2012-11-26,31.75,77.5,0.0
2012-11-26,32.0,76.5,0.0
2012-11-26,32.0,76.75,0.0
2012-11-26,32.0,77.0,0.0
2012-11-26,32.0,77.25,0.0
2012-11-26,32.0,77.5,0.0
2012-11-27,31.5,76.5,0.0
2012-11-27,31.5,76.75,0.0
2012-11-27,31.5,77.0,0.0
2012-11-27,31.5,77.25,0.0
2012-11-27,31.5,77.5,0.0
2012-11-27,31.75,76.5,0.0
2012-11-27,31.75,76.75,0.0
2012-11-27,31.75,77.0,0.0
2012-11-27,31.75,77.25,0.0
2012-11-27,31.75,77.5,0.0
2012-11-27,32.0,76.5,0.0
2012-11-27,32.0,76.75,0.0
2012-11-27,32.0,77.0,0.0
2012-11-27,32.0,77.25,0.0
2012-11-27,32.0,77.5,0.0
2012-11-28,31.5,76.5,0.0
2012-11-28,31.5,76.75,0.0
2012-11-28,31.5,77.0,0.0
2012-11-28,31.5,77.25,0.0
2012-11-28,31.5,77.5,0.0
2012-11-28,31.75,76.5,0.0
2012-11-28,31.75,76.75,0.0
2012-11-28,31.75,77.0,0.0
2012-11-28,31.75,77.25,0.0
2012-11-28,31.75,77.5,0.0
2012-11-28,32.0,76.5,0.0
2012-11-28,32.0,76.75,0.0
2012-11-28,32.0,77.0,0.0
2012-11-28,32.0,77.25,0.0
2012-11-28,32.0,77.5,0.0
2012-11-29,31.5,76.5,0.0
2012-11-29,31.5,76.75,0.0
2012-11-29,31.5,77.0,0.0
2012-11-29,31.5,77.25,0.0
2012-11-29,31.5,77.5,0.0
2012-11-29,31.75,76.5,0.0
2012-11-29,31.75,76.75,0.0
2012-11-29,31.75,77.0,0.0
2012-11-29,31.75,77.25,0.0
2012-11-29,31.75,77.5,0.0
2012-11-29,32.0,76.5,0.0
2012-11-29,32.0,76.75,0.0
2012-11-29,32.0,77.0,0.0
2012-11-29,32.0,77.25,0.0
2012-11-29,32.0,77.5,0.0
2012-11-30,31.5,76.5,2.4975507259368896
2012-11-30,31.5,76.75,2.2086989879608154
2012-11-30,31.5,77.0,2.002845525741577
2012-11-30,31.5,77.25,1.9622654914855957
2012-11-30,31.5,77.5,2.86735200881958
2012-11-30,31.75,76.5,2.7190940380096436
2012-11-30,31.75,76.75,2.2512893676757812
2012-11-30,31.75,77.0,1.9509937763214111
2012-11-30,31.75,77.25,1.9946767091751099
2012-11-30,31.75,77.5,2.7891125679016113
2012-11-30,32.0,76.5,3.0
2012-11-30,32.0,76.75,2.6683406829833984
2012-11-30,32.0,77.0,1.9766252040863037
2012-11-30,32.0,77.25,2.1490750312805176
2012-11-30,32.0,77.5,2.7029991149902344
2012-12-01,31.5,76.5,0.0
2012-12-01,31.5,76.75,0.0
2012-12-01,31.5,77.0,0.0
2012-12-01,31.5,77.25,0.0
2012-12-01,31.5,77.5,0.0
2012-12-01,31.75,76.5,0.0
2012-12-01,31.75,76.75,0.0
2012-12-01,31.75,77.0,0.0
2012-12-01,31.75,77.25,0.0
2012-12-01,31.75,77.5,0.0
2012-12-01,32.0,76.5,0.0
2012-12-01,32.0,76.75,0.0
2012-12-01,32.0,77.0,0.0
2012-12-01,32.0,77.25,0.0
2012-12-01,32.0,77.5,0.0
2012-12-02,31.5,76.5,0.0
2012-12-02,31.5,76.75,0.0
2012-12-02,31.5,77.0,0.0
2012-12-02,31.5,77.25,0.0
2012-12-02,31.5,77.5,0.0
2012-12-02,31.75,76.5,0.0
2012-12-02,31.75,76.75,0.0
2012-12-02,31.75,77.0,0.0
2012-12-02,31.75,77.25,0.0
2012-12-02,31.75,77.5,0.0
2012-12-02,32.0,76.5,0.0
2012-12-02,32.0,76.75,0.0
2012-12-02,32.0,77.0,0.0
2012-12-02,32.0,77.25,0.0
2012-12-02,32.0,77.5,0.0
2012-12-03,31.5,76.5,0.0
2012-12-03,31.5,76.75,0.0
2012-12-03,31.5,77.0,0.0
2012-12-03,31.5,77.25,0.0
2012-12-03,31.5,77.5,0.0
2012-12-03,31.75,76.5,0.0
2012-12-03,31.75,76.75,0.0
2012-12-03,31.75,77.0,0.0
2012-12-03,31.75,77.25,0.0
2012-12-03,31.75,77.5,0.0
2012-12-03,32.0,76.5,0.0
2012-12-03,32.0,76.75,0.0
2012-12-03,32.0,77.0,0.0
2012-12-03,32.0,77.25,0.0
2012-12-03,32.0,77.5,0.0
2012-12-04,31.5,76.5,0.0
2012-12-04,31.5,76.75,0.0
2012-12-04,31.5,77.0,0.0
2012-12-04,31.5,77.25,0.0
2012-12-04,31.5,77.5,0.0
2012-12-04,31.75,76.5,0.0
2012-12-04,31.75,76.75,0.0
2012-12-04,31.75,77.0,0.0
2012-12-04,31.75,77.25,0.0
2012-12-04,31.75,77.5,0.0
2012-12-04,32.0,76.5,0.0
2012-12-04,32.0,76.75,0.0
2012-12-04,32.0,77.0,0.0
2012-12-04,32.0,77.25,0.0
2012-12-04,32.0,77.5,0.0
2012-12-05,31.5,76.5,0.0
2012-12-05,31.5,76.75,0.0
2012-12-05,31.5,77.0,0.0
2012-12-05,31.5,77.25,0.0
2012-12-05,31.5,77.5,0.0
2012-12-05,31.75,76.5,0.0
2012-12-05,31.75,76.75,0.0
2012-12-05,31.75,77.0,0.0
2012-12-05,31.75,77.25,0.0
2012-12-05,31.75,77.5,0.0
2012-12-05,32.0,76.5,0.0
2012-12-05,32.0,76.75,0.0
2012-12-05,32.0,77.0,0.0
2012-12-05,32.0,77.25,0.0
2012-12-05,32.0,77.5,0.0
2012-12-06,31.5,76.5,0.0
2012-12-06,31.5,76.75,0.0
2012-12-06,31.5,77.0,0.0
2012-12-06,31.5,77.25,0.0
2012-12-06,31.5,77.5,0.0
2012-12-06,31.75,76.5,0.0
2012-12-06,31.75,76.75,0.0
2012-12-06,31.75,77.0,0.0
2012-12-06,31.75,77.25,0.0
2012-12-06,31.75,77.5,0.0
2012-12-06,32.0,76.5,0.0
2012-12-06,32.0,76.75,0.0
2012-12-06,32.0,77.0,0.0
2012-12-06,32.0,77.25,0.0
2012-12-06,32.0,77.5,0.0
2012-12-07,31.5,76.5,0.0
2012-12-07,31.5,76.75,0.0
2012-12-07,31.5,77.0,0.0
2012-12-07,31.5,77.25,0.0
2012-12-07,31.5,77.5,0.0
2012-12-07,31.75,76.5,0.0
2012-12-07,31.75,76.75,0.0
2012-12-07,31.75,77.0,0.0
2012-12-07,31.75,77.25,0.0
2012-12-07,31.75,77.5,0.0
2012-12-07,32.0,76.5,0.0
2012-12-07,32.0,76.75,0.0
2012-12-07,32.0,77.0,0.0
2012-12-07,32.0,77.25,0.0
2012-12-07,32.0,77.5,0.0
2012-12-08,31.5,76.5,0.0
2012-12-08,31.5,76.75,0.0
2012-12-08,31.5,77.0,0.0
2012-12-08,31.5,77.25,0.0
2012-12-08,31.5,77.5,0.0
2012-12-08,31.75,76.5,0.0
2012-12-08,31.75,76.75,0.0
2012-12-08,31.75,77.0,0.0
2012-12-08,31.75,77.25,0.0
2012-12-08,31.75,77.5,0.0
2012-12-08,32.0,76.5,0.0
2012-12-08,32.0,76.75,0.0
2012-12-08,32.0,77.0,0.0
2012-12-08,32.0,77.25,0.0
2012-12-08,32.0,77.5,0.0
2012-12-09,31.5,76.5,0.2053898572921753
2012-12-09,31.5,76.75,0.6850321888923645
2012-12-09,31.5,77.0,1.2527352571487427
2012-12-09,31.5,77.25,1.9833217859268188
2012-12-09,31.5,77.5,2.6262784004211426
2012-12-09,31.75,76.5,0.0
2012-12-09,31.75,76.75,0.4958743155002594
2012-12-09,31.75,77.0,1.2523846626281738
2012-12-09,31.75,77.25,2.112413167953491
2012-12-09,31.75,77.5,2.9275600910186768
2012-12-09,32.0,76.5,0.0
2012-12-09,32.0,76.75,0.0
2012-12-09,32.0,77.0,0.9510856866836548
2012-12-09,32.0,77.25,2.5213558673858643
2012-12-09,32.0,77.5,3.9784927368164062
2012-12-10,31.5,76.5,0.0
2012-12-10,31.5,76.75,0.0
2012-12-10,31.5,77.0,0.0
2012-12-10,31.5,77.25,0.0
2012-12-10,31.5,77.5,0.0
2012-12-10,31.75,76.5,0.0
2012-12-10,31.75,76.75,0.0
2012-12-10,31.75,77.0,0.0
2012-12-10,31.75,77.25,0.0
2012-12-10,31.75,77.5,0.0
2012-12-10,32.0,76.5,0.0
2012-12-10,32.0,76.75,0.0
2012-12-10,32.0,77.0,0.0
2012-12-10,32.0,77.25,0.0
2012-12-10,32.0,77.5,0.0
2012-12-11,31.5,76.5,2.4388678073883057
2012-12-11,31.5,76.75,2.0129756927490234
2012-12-11,31.5,77.0,1.6449211835861206
2012-12-11,31.5,77.25,1.2709972858428955
2012-12-11,31.5,77.5,1.0069034099578857
2012-12-11,31.75,76.5,2.713139295578003
2012-12-11,31.75,76.75,2.1096110343933105
2012-12-11,31.75,77.0,1.5931696891784668
2012-12-11,31.75,77.25,1.1607569456100464
2012-12-11,31.75,77.5,0.8353303074836731
2012-12-11,32.0,76.5,3.0
2012-12-11,32.0,76.75,2.664308786392212
2012-12-11,32.0,77.0,1.6230546236038208
2012-12-11,32.0,77.25,0.8167871236801147
2012-12-11,32.0,77.5,0.34112972021102905
2012-12-12,31.5,76.5,2.9518990516662598
2012-12-12,31.5,76.75,2.141953706741333
2012-12-12,31.5,77.0,1.5114160776138306
2012-12-12,31.5,77.25,0.9431400299072266
2012-12-12,31.5,77.5,0.5231130719184875
2012-12-12,31.75,76.5,3.5566108226776123
2012-12-12,31.75,76.75,2.46925687789917
2012-12-12,31.75,77.0,1.575334072113037
2012-12-12,31.75,77.25,0.9068933129310608
2012-12-12,31.75,77.5,0.441182404756546
2012-12-12,32.0,76.5,4.0
2012-12-12,32.0,76.75,3.548143148422241
2012-12-12,32.0,77.0,1.979053258895874
2012-12-12,32.0,77.25,0.7629849910736084
2012-12-12,32.0,77.5,0.15844357013702393
2012-12-13,31.5,76.5,0.0
2012-12-13,31.5,76.75,0.0
2012-12-13,31.5,77.0,0.0
2012-12-13,31.5,77.25,0.0
2012-12-13,31.5,77.5,0.0
2012-12-13,31.75,76.5,0.0
2012-12-13,31.75,76.75,0.0
2012-12-13,31.75,77.0,0.0
2012-12-13,31.75,77.25,0.0
2012-12-13,31.75,77.5,0.0
2012-12-13,32.0,76.5,0.0
2012-12-13,32.0,76.75,0.0
2012-12-13,32.0,77.0,0.0
2012-12-13,32.0,77.25,0.0
2012-12-13,32.0,77.5,0.0
2012-12-14,31.5,76.5,11.539519309997559
2012-12-14,31.5,76.75,11.579916000366211
2012-12-14,31.5,77.0,11.17634391784668
2012-12-14,31.5,77.25,10.329316139221191
2012-12-14,31.5,77.5,9.272454261779785
2012-12-14,31.75,76.5,11.191088676452637
2012-12-14,31.75,76.75,12.02556324005127
2012-12-14,31.75,77.0,11.58520221710205
2012-12-14,31.75,77.25,10.539596557617188
2012-12-14,31.75,77.5,9.223702430725098
2012-12-14,32.0,76.5,10.0
2012-12-14,32.0,76.75,11.512840270996094
2012-12-14,32.0,77.0,12.93360424041748
2012-12-14,32.0,77.25,11.136098861694336
2012-12-14,32.0,77.5,8.397021293640137
2012-12-15,31.5,76.5,0.0
2012-12-15,31.5,76.75,0.0
2012-12-15,31.5,77.0,0.0
2012-12-15,31.5,77.25,0.0
2012-12-15,31.5,77.5,0.0
2012-12-15,31.75,76.5,0.0
2012-12-15,31.75,76.75,0.0
2012-12-15,31.75,77.0,0.0
2012-12-15,31.75,77.25,0.0
2012-12-15,31.75,77.5,0.0
2012-12-15,32.0,76.5,0.0
2012-12-15,32.0,76.75,0.0
2012-12-15,32.0,77.0,0.0
2012-12-15,32.0,77.25,0.0
2012-12-15,32.0,77.5,0.0
2012-12-16,31.5,76.5,0.0
2012-12-16,31.5,76.75,0.0
2012-12-16,31.5,77.0,0.0
2012-12-16,31.5,77.25,0.0
2012-12-16,31.5,77.5,0.0
2012-12-16,31.75,76.5,0.0
2012-12-16,31.75,76.75,0.0
2012-12-16,31.75,77.0,0.0
2012-12-16,31.75,77.25,0.0
2012-12-16,31.75,77.5,0.0
2012-12-16,32.0,76.5,0.0
2012-12-16,32.0,76.75,0.0
2012-12-16,32.0,77.0,0.0
2012-12-16,32.0,77.25,0.0
2012-12-16,32.0,77.5,0.0
2012-12-17,31.5,76.5,0.0
2012-12-17,31.5,76.75,0.0
2012-12-17,31.5,77.0,0.0
2012-12-17,31.5,77.25,0.0
2012-12-17,31.5,77.5,0.0
2012-12-17,31.75,76.5,0.0
2012-12-17,31.75,76.75,0.0
2012-12-17,31.75,77.0,0.0
2012-12-17,31.75,77.25,0.0
2012-12-17,31.75,77.5,0.0
2012-12-17,32.0,76.5,0.0
2012-12-17,32.0,76.75,0.0
2012-12-17,32.0,77.0,0.0
2012-12-17,32.0,77.25,0.0
2012-12-17,32.0,77.5,0.0
2012-12-18,31.5,76.5,0.0
2012-12-18,31.5,76.75,0.0
2012-12-18,31.5,77.0,0.0
2012-12-18,31.5,77.25,0.0
2012-12-18,31.5,77.5,0.0
2012-12-18,31.75,76.5,0.0
2012-12-18,31.75,76.75,0.0
2012-12-18,31.75,77.0,0.0
2012-12-18,31.75,77.25,0.0
2012-12-18,31.75,77.5,0.0
2012-12-18,32.0,76.5,0.0
2012-12-18,32.0,76.75,0.0
2012-12-18,32.0,77.0,0.0
2012-12-18,32.0,77.25,0.0
2012-12-18,32.0,77.5,0.0
2012-12-19,31.5,76.5,0.0
2012-12-19,31.5,76.75,0.0
2012-12-19,31.5,77.0,0.0
2012-12-19,31.5,77.25,0.0
2012-12-19,31.5,77.5,0.0
2012-12-19,31.75,76.5,0.0
2012-12-19,31.75,76.75,0.0
2012-12-19,31.75,77.0,0.0
2012-12-19,31.75,77.25,0.0
2012-12-19,31.75,77.5,0.0
2012-12-19,32.0,76.5,0.0
2012-12-19,32.0,76.75,0.0
2012-12-19,32.0,77.0,0.0
2012-12-19,32.0,77.25,0.0
2012-12-19,32.0,77.5,0.0
2012-12-20,31.5,76.5,0.0
2012-12-20,31.5,76.75,0.0
2012-12-20,31.5,77.0,0.0
2012-12-20,31.5,77.25,0.0
2012-12-20,31.5,77.5,0.0
2012-12-20,31.75,76.5,0.0
2012-12-20,31.75,76.75,0.0
2012-12-20,31.75,77.0,0.0
2012-12-20,31.75,77.25,0.0
2012-12-20,31.75,77.5,0.0
2012-12-20,32.0,76.5,0.0
2012-12-20,32.0,76.75,0.0
2012-12-20,32.0,77.0,0.0
2012-12-20,32.0,77.25,0.0
2012-12-20,32.0,77.5,0.0
2012-12-21,31.5,76.5,0.0
2012-12-21,31.5,76.75,0.0
2012-12-21,31.5,77.0,0.0
2012-12-21,31.5,77.25,0.0
2012-12-21,31.5,77.5,0.0
2012-12-21,31.75,76.5,0.0
2012-12-21,31.75,76.75,0.0
2012-12-21,31.75,77.0,0.0
2012-12-21,31.75,77.25,0.0
2012-12-21,31.75,77.5,0.0
2012-12-21,32.0,76.5,0.0
2012-12-21,32.0,76.75,0.0
2012-12-21,32.0,77.0,0.0
2012-12-21,32.0,77.25,0.0
2012-12-21,32.0,77.5,0.0
2012-12-22,31.5,76.5,0.0
2012-12-22,31.5,76.75,0.0
2012-12-22,31.5,77.0,0.0
2012-12-22,31.5,77.25,0.0
2012-12-22,31.5,77.5,0.0
2012-12-22,31.75,76.5,0.0
2012-12-22,31.75,76.75,0.0
2012-12-22,31.75,77.0,0.0
2012-12-22,31.75,77.25,0.0
2012-12-22,31.75,77.5,0.0
2012-12-22,32.0,76.5,0.0
2012-12-22,32.0,76.75,0.0
2012-12-22,32.0,77.0,0.0
2012-12-22,32.0,77.25,0.0
2012-12-22,32.0,77.5,0.0
2012-12-23,31.5,76.5,0.0
2012-12-23,31.5,76.75,0.0
2012-12-23,31.5,77.0,0.0
2012-12-23,31.5,77.25,0.0
2012-12-23,31.5,77.5,0.0
2012-12-23,31.75,76.5,0.0
2012-12-23,31.75,76.75,0.0
2012-12-23,31.75,77.0,0.0
2012-12-23,31.75,77.25,0.0
2012-12-23,31.75,77.5,0.0
2012-12-23,32.0,76.5,0.0
2012-12-23,32.0,76.75,0.0
2012-12-23,32.0,77.0,0.0
2012-12-23,32.0,77.25,0.0
2012-12-23,32.0,77.5,0.0
2012-12-24,31.5,76.5,0.0
2012-12-24,31.5,76.75,0.0
2012-12-24,31.5,77.0,0.0
2012-12-24,31.5,77.25,0.0
2012-12-24,31.5,77.5,0.0
2012-12-24,31.75,76.5,0.0
2012-12-24,31.75,76.75,0.0
2012-12-24,31.75,77.0,0.0
2012-12-24,31.75,77.25,0.0
2012-12-24,31.75,77.5,0.0
2012-12-24,32.0,76.5,0.0
2012-12-24,32.0,76.75,0.0
2012-12-24,32.0,77.0,0.0
2012-12-24,32.0,77.25,0.0
2012-12-24,32.0,77.5,0.0
2012-12-25,31.5,76.5,0.0
2012-12-25,31.5,76.75,0.0
2012-12-25,31.5,77.0,0.0
2012-12-25,31.5,77.25,0.0
2012-12-25,31.5,77.5,0.0
2012-12-25,31.75,76.5,0.0
2012-12-25,31.75,76.75,0.0
2012-12-25,31.75,77.0,0.0
2012-12-25,31.75,77.25,0.0
2012-12-25,31.75,77.5,0.0
2012-12-25,32.0,76.5,0.0
2012-12-25,32.0,76.75,0.0
2012-12-25,32.0,77.0,0.0
2012-12-25,32.0,77.25,0.0
2012-12-25,32.0,77.5,0.0
2012-12-26,31.5,76.5,0.0
2012-12-26,31.5,76.75,0.0
2012-12-26,31.5,77.0,0.0
2012-12-26,31.5,77.25,0.0
2012-12-26,31.5,77.5,0.0
2012-12-26,31.75,76.5,0.0
2012-12-26,31.75,76.75,0.0
2012-12-26,31.75,77.0,0.0
2012-12-26,31.75,77.25,0.0
2012-12-26,31.75,77.5,0.0
2012-12-26,32.0,76.5,0.0
2012-12-26,32.0,76.75,0.0
2012-12-26,32.0,77.0,0.0
2012-12-26,32.0,77.25,0.0
2012-12-26,32.0,77.5,0.0
2012-12-27,31.5,76.5,0.0
2012-12-27,31.5,76.75,0.0
2012-12-27,31.5,77.0,0.0
2012-12-27,31.5,77.25,0.0
2012-12-27,31.5,77.5,0.0
2012-12-27,31.75,76.5,0.0
2012-12-27,31.75,76.75,0.0
2012-12-27,31.75,77.0,0.0
2012-12-27,31.75,77.25,0.0
2012-12-27,31.75,77.5,0.0
2012-12-27,32.0,76.5,0.0
2012-12-27,32.0,76.75,0.0
2012-12-27,32.0,77.0,0.0
2012-12-27,32.0,77.25,0.0
2012-12-27,32.0,77.5,0.0
2012-12-28,31.5,76.5,0.0
2012-12-28,31.5,76.75,0.0
2012-12-28,31.5,77.0,0.0
2012-12-28,31.5,77.25,0.0
2012-12-28,31.5,77.5,0.0
2012-12-28,31.75,76.5,0.0
2012-12-28,31.75,76.75,0.0
2012-12-28,31.75,77.0,0.0
2012-12-28,31.75,77.25,0.0
2012-12-28,31.75,77.5,0.0
2012-12-28,32.0,76.5,0.0
2012-12-28,32.0,76.75,0.0
2012-12-28,32.0,77.0,0.0
2012-12-28,32.0,77.25,0.0
2012-12-28,32.0,77.5,0.0
2012-12-29,31.5,76.5,0.0
2012-12-29,31.5,76.75,0.0
2012-12-29,31.5,77.0,0.0
2012-12-29,31.5,77.25,0.0
2012-12-29,31.5,77.5,0.0
2012-12-29,31.75,76.5,0.0
2012-12-29,31.75,76.75,0.0
2012-12-29,31.75,77.0,0.0
2012-12-29,31.75,77.25,0.0
2012-12-29,31.75,77.5,0.0
2012-12-29,32.0,76.5,0.0
2012-12-29,32.0,76.75,0.0
2012-12-29,32.0,77.0,0.0
2012-12-29,32.0,77.25,0.0
2012-12-29,32.0,77.5,0.0
2012-12-30,31.5,76.5,0.0
2012-12-30,31.5,76.75,0.0
2012-12-30,31.5,77.0,0.0
2012-12-30,31.5,77.25,0.0
2012-12-30,31.5,77.5,0.0
2012-12-30,31.75,76.5,0.0
2012-12-30,31.75,76.75,0.0
2012-12-30,31.75,77.0,0.0
2012-12-30,31.75,77.25,0.0
2012-12-30,31.75,77.5,0.0
2012-12-30,32.0,76.5,0.0
2012-12-30,32.0,76.75,0.0
2012-12-30,32.0,77.0,0.0
2012-12-30,32.0,77.25,0.0
2012-12-30,32.0,77.5,0.0
2012-12-31,31.5,76.5,0.0
2012-12-31,31.5,76.75,0.0
2012-12-31,31.5,77.0,0.0
2012-12-31,31.5,77.25,0.0
2012-12-31,31.5,77.5,0.0
2012-12-31,31.75,76.5,0.0
2012-12-31,31.75,76.75,0.0
2012-12-31,31.75,77.0,0.0
2012-12-31,31.75,77.25,0.0
2012-12-31,31.75,77.5,0.0
2012-12-31,32.0,76.5,0.0
2012-12-31,32.0,76.75,0.0
2012-12-31,32.0,77.0,0.0
2012-12-31,32.0,77.25,0.0
2012-12-31,32.0,77.5,0.0
