date,latitude,longitude,rainfall_mm
2022-01-01,31.5,76.5,0.0
2022-01-01,31.5,76.75,0.0
2022-01-01,31.5,77.0,0.0
2022-01-01,31.5,77.25,0.0
2022-01-01,31.5,77.5,0.0
2022-01-01,31.75,76.5,0.0
2022-01-01,31.75,76.75,0.0
2022-01-01,31.75,77.0,0.0
2022-01-01,31.75,77.25,0.0
2022-01-01,31.75,77.5,0.0
2022-01-01,32.0,76.5,0.0
2022-01-01,32.0,76.75,0.0
2022-01-01,32.0,77.0,0.0
2022-01-01,32.0,77.25,0.0
2022-01-01,32.0,77.5,0.0
2022-01-02,31.5,76.5,0.0
2022-01-02,31.5,76.75,0.0
2022-01-02,31.5,77.0,0.0
2022-01-02,31.5,77.25,0.0
2022-01-02,31.5,77.5,0.0
2022-01-02,31.75,76.5,0.0
2022-01-02,31.75,76.75,0.0
2022-01-02,31.75,77.0,0.0
2022-01-02,31.75,77.25,0.0
2022-01-02,31.75,77.5,0.0
2022-01-02,32.0,76.5,0.0
2022-01-02,32.0,76.75,0.0
2022-01-02,32.0,77.0,0.0
2022-01-02,32.0,77.25,0.0
2022-01-02,32.0,77.5,0.0
2022-01-03,31.5,76.5,0.0
2022-01-03,31.5,76.75,0.0
2022-01-03,31.5,77.0,0.0
2022-01-03,31.5,77.25,0.0
2022-01-03,31.5,77.5,0.0
2022-01-03,31.75,76.5,0.0
2022-01-03,31.75,76.75,0.0
2022-01-03,31.75,77.0,0.0
2022-01-03,31.75,77.25,0.0
2022-01-03,31.75,77.5,0.0
2022-01-03,32.0,76.5,0.0
2022-01-03,32.0,76.75,0.0
2022-01-03,32.0,77.0,0.0
2022-01-03,32.0,77.25,0.0
2022-01-03,32.0,77.5,0.0
2022-01-04,31.5,76.5,0.0
2022-01-04,31.5,76.75,0.0
2022-01-04,31.5,77.0,0.0
2022-01-04,31.5,77.25,0.0
2022-01-04,31.5,77.5,0.0
2022-01-04,31.75,76.5,1.0087778568267822
2022-01-04,31.75,76.75,0.27438777685165405
2022-01-04,31.75,77.0,0.0
2022-01-04,31.75,77.25,0.0
2022-01-04,31.75,77.5,0.0
2022-01-04,32.0,76.5,0.4083963930606842
2022-01-04,32.0,76.75,0.0
2022-01-04,32.0,77.0,0.7129719257354736
2022-01-04,32.0,77.25,0.7791453003883362
2022-01-04,32.0,77.5,0.0
2022-01-05,31.5,76.5,13.660168647766113
2022-01-05,31.5,76.75,9.569111824035645
2022-01-05,31.5,77.0,11.395156860351562
2022-01-05,31.5,77.25,14.652907371520996
2022-01-05,31.5,77.5,16.219022750854492
2022-01-05,31.75,76.5,9.957947731018066
2022-01-05,31.75,76.75,12.13015079498291
2022-01-05,31.75,77.0,27.17514991760254
2022-01-05,31.75,77.25,18.03939437866211
2022-01-05,31.75,77.5,15.29430103302002
2022-01-05,32.0,76.5,21.714372634887695
2022-01-05,32.0,76.75,22.725854873657227
2022-01-05,32.0,77.0,32.3369140625
2022-01-05,32.0,77.25,31.113122940063477
2022-01-05,32.0,77.5,19.98479652404785
2022-01-06,31.5,76.5,23.946365356445312
2022-01-06,31.5,76.75,47.48774337768555
2022-01-06,31.5,77.0,16.730939865112305
2022-01-06,31.5,77.25,14.293675422668457
2022-01-06,31.5,77.5,18.392101287841797
2022-01-06,31.75,76.5,18.99725914001465
2022-01-06,31.75,76.75,26.427656173706055
2022-01-06,31.75,77.0,30.604875564575195
2022-01-06,31.75,77.25,17.994991302490234
2022-01-06,31.75,77.5,15.986795425415039
2022-01-06,32.0,76.5,53.55089569091797
2022-01-06,32.0,76.75,40.84756851196289
2022-01-06,32.0,77.0,32.749752044677734
2022-01-06,32.0,77.25,29.7431697845459
2022-01-06,32.0,77.5,20.911537170410156
2022-01-07,31.5,76.5,0.31190842390060425
2022-01-07,31.5,76.75,0.6401464343070984
2022-01-07,31.5,77.0,0.0
2022-01-07,31.5,77.25,0.0
2022-01-07,31.5,77.5,0.0
2022-01-07,31.75,76.5,3.5664548873901367
2022-01-07,31.75,76.75,0.4631780982017517
2022-01-07,31.75,77.0,0.0
2022-01-07,31.75,77.25,0.0
2022-01-07,31.75,77.5,0.0
2022-01-07,32.0,76.5,0.21756239235401154
2022-01-07,32.0,76.75,0.0
2022-01-07,32.0,77.0,0.0
2022-01-07,32.0,77.25,0.0
2022-01-07,32.0,77.5,0.0
2022-01-08,31.5,76.5,12.67685317993164
2022-01-08,31.5,76.75,24.04388999938965
2022-01-08,31.5,77.0,0.0
2022-01-08,31.5,77.25,9.696549415588379
2022-01-08,31.5,77.5,0.6850989460945129
2022-01-08,31.75,76.5,15.037712097167969
2022-01-08,31.75,76.75,2.1611428260803223
2022-01-08,31.75,77.0,0.24453823268413544
2022-01-08,31.75,77.25,10.086909294128418
2022-01-08,31.75,77.5,5.975594997406006
2022-01-08,32.0,76.5,18.87961196899414
2022-01-08,32.0,76.75,5.970059394836426
2022-01-08,32.0,77.0,1.2096470594406128
2022-01-08,32.0,77.25,3.9664788246154785
2022-01-08,32.0,77.5,4.228643417358398
2022-01-09,31.5,76.5,34.655033111572266
2022-01-09,31.5,76.75,38.934654235839844
2022-01-09,31.5,77.0,9.92127799987793
2022-01-09,31.5,77.25,11.460836410522461
2022-01-09,31.5,77.5,17.416790008544922
2022-01-09,31.75,76.5,25.902421951293945
2022-01-09,31.75,76.75,12.503133773803711
2022-01-09,31.75,77.0,10.796003341674805
2022-01-09,31.75,77.25,10.416971206665039
2022-01-09,31.75,77.5,15.721288681030273
2022-01-09,32.0,76.5,37.55893325805664
2022-01-09,32.0,76.75,19.009313583374023
2022-01-09,32.0,77.0,11.678335189819336
2022-01-09,32.0,77.25,12.19699764251709
2022-01-09,32.0,77.5,13.777231216430664
2022-01-10,31.5,76.5,15.23641586303711
2022-01-10,31.5,76.75,29.64317512512207
2022-01-10,31.5,77.0,33.05626678466797
2022-01-10,31.5,77.25,41.802268981933594
2022-01-10,31.5,77.5,42.524803161621094
2022-01-10,31.75,76.5,16.68864631652832
2022-01-10,31.75,76.75,38.47873306274414
2022-01-10,31.75,77.0,37.04109191894531
2022-01-10,31.75,77.25,42.5478515625
2022-01-10,31.75,77.5,42.72062683105469
2022-01-10,32.0,76.5,25.802692413330078
2022-01-10,32.0,76.75,34.89219284057617
2022-01-10,32.0,77.0,37.79746627807617
2022-01-10,32.0,77.25,39.350120544433594
2022-01-10,32.0,77.5,39.67627716064453
2022-01-11,31.5,76.5,0.0
2022-01-11,31.5,76.75,0.0
2022-01-11,31.5,77.0,0.0
2022-01-11,31.5,77.25,0.0
2022-01-11,31.5,77.5,1.0965712070465088
2022-01-11,31.75,76.5,0.0
2022-01-11,31.75,76.75,0.0
2022-01-11,31.75,77.0,0.0
2022-01-11,31.75,77.25,0.0
2022-01-11,31.75,77.5,0.3384464383125305
2022-01-11,32.0,76.5,0.0
2022-01-11,32.0,76.75,0.0
2022-01-11,32.0,77.0,0.6868427991867065
2022-01-11,32.0,77.25,0.7791453003883362
2022-01-11,32.0,77.5,0.0
2022-01-12,31.5,76.5,0.0
2022-01-12,31.5,76.75,0.0
2022-01-12,31.5,77.0,0.0
2022-01-12,31.5,77.25,0.26397979259490967
2022-01-12,31.5,77.5,0.0
2022-01-12,31.75,76.5,0.0
2022-01-12,31.75,76.75,0.0
2022-01-12,31.75,77.0,0.0
2022-01-12,31.75,77.25,0.0
2022-01-12,31.75,77.5,0.0
2022-01-12,32.0,76.5,0.0
2022-01-12,32.0,76.75,0.0
2022-01-12,32.0,77.0,0.0
2022-01-12,32.0,77.25,0.0
2022-01-12,32.0,77.5,0.0
2022-01-13,31.5,76.5,0.0
2022-01-13,31.5,76.75,0.0
2022-01-13,31.5,77.0,0.0
2022-01-13,31.5,77.25,0.0
2022-01-13,31.5,77.5,0.0
2022-01-13,31.75,76.5,0.0
2022-01-13,31.75,76.75,0.0
2022-01-13,31.75,77.0,0.0
2022-01-13,31.75,77.25,0.0
2022-01-13,31.75,77.5,0.0
2022-01-13,32.0,76.5,0.0
2022-01-13,32.0,76.75,0.0
2022-01-13,32.0,77.0,0.0
2022-01-13,32.0,77.25,0.0
2022-01-13,32.0,77.5,0.0
2022-01-14,31.5,76.5,0.0
2022-01-14,31.5,76.75,0.0
2022-01-14,31.5,77.0,0.0
2022-01-14,31.5,77.25,0.0
2022-01-14,31.5,77.5,0.0
2022-01-14,31.75,76.5,0.0
2022-01-14,31.75,76.75,0.0
2022-01-14,31.75,77.0,0.0
2022-01-14,31.75,77.25,0.0
2022-01-14,31.75,77.5,0.0
2022-01-14,32.0,76.5,0.0
2022-01-14,32.0,76.75,0.0
2022-01-14,32.0,77.0,0.0
2022-01-14,32.0,77.25,0.0
2022-01-14,32.0,77.5,0.0
2022-01-15,31.5,76.5,0.0
2022-01-15,31.5,76.75,0.0
2022-01-15,31.5,77.0,0.0
2022-01-15,31.5,77.25,0.0
2022-01-15,31.5,77.5,0.0
2022-01-15,31.75,76.5,0.0
2022-01-15,31.75,76.75,0.0
2022-01-15,31.75,77.0,0.0
2022-01-15,31.75,77.25,0.0
2022-01-15,31.75,77.5,0.0
2022-01-15,32.0,76.5,0.0
2022-01-15,32.0,76.75,0.0
2022-01-15,32.0,77.0,0.0
2022-01-15,32.0,77.25,0.0
2022-01-15,32.0,77.5,0.0
2022-01-16,31.5,76.5,0.0
2022-01-16,31.5,76.75,0.0
2022-01-16,31.5,77.0,0.0
2022-01-16,31.5,77.25,0.0
2022-01-16,31.5,77.5,0.0
2022-01-16,31.75,76.5,0.0
2022-01-16,31.75,76.75,0.0
2022-01-16,31.75,77.0,0.0
2022-01-16,31.75,77.25,0.0
2022-01-16,31.75,77.5,0.0
2022-01-16,32.0,76.5,0.0
2022-01-16,32.0,76.75,0.0
2022-01-16,32.0,77.0,0.0
2022-01-16,32.0,77.25,0.0
2022-01-16,32.0,77.5,0.0
2022-01-17,31.5,76.5,0.0
2022-01-17,31.5,76.75,0.0
2022-01-17,31.5,77.0,0.0
2022-01-17,31.5,77.25,0.0
2022-01-17,31.5,77.5,0.0
2022-01-17,31.75,76.5,0.0
2022-01-17,31.75,76.75,0.0
2022-01-17,31.75,77.0,0.0
2022-01-17,31.75,77.25,0.0
2022-01-17,31.75,77.5,0.0
2022-01-17,32.0,76.5,0.0
2022-01-17,32.0,76.75,0.0
2022-01-17,32.0,77.0,0.0
2022-01-17,32.0,77.25,0.0
2022-01-17,32.0,77.5,0.0
2022-01-18,31.5,76.5,0.0
2022-01-18,31.5,76.75,0.0
2022-01-18,31.5,77.0,0.0
2022-01-18,31.5,77.25,0.0
2022-01-18,31.5,77.5,0.0
2022-01-18,31.75,76.5,0.0
2022-01-18,31.75,76.75,0.0
2022-01-18,31.75,77.0,0.0
2022-01-18,31.75,77.25,0.0
2022-01-18,31.75,77.5,0.0
2022-01-18,32.0,76.5,0.0
2022-01-18,32.0,76.75,0.0
2022-01-18,32.0,77.0,0.0
2022-01-18,32.0,77.25,0.0
2022-01-18,32.0,77.5,0.0
2022-01-19,31.5,76.5,0.0
2022-01-19,31.5,76.75,0.0
2022-01-19,31.5,77.0,0.0
2022-01-19,31.5,77.25,0.0
2022-01-19,31.5,77.5,0.0
2022-01-19,31.75,76.5,0.0
2022-01-19,31.75,76.75,0.0
2022-01-19,31.75,77.0,0.0
2022-01-19,31.75,77.25,0.0
2022-01-19,31.75,77.5,0.0
2022-01-19,32.0,76.5,0.0
2022-01-19,32.0,76.75,0.0
2022-01-19,32.0,77.0,0.0
2022-01-19,32.0,77.25,0.0
2022-01-19,32.0,77.5,0.0
2022-01-20,31.5,76.5,0.360006183385849
2022-01-20,31.5,76.75,1.178311824798584
2022-01-20,31.5,77.0,2.394113302230835
2022-01-20,31.5,77.25,2.878307819366455
2022-01-20,31.5,77.5,3.1561944484710693
2022-01-20,31.75,76.5,1.123924732208252
2022-01-20,31.75,76.75,0.638556718826294
2022-01-20,31.75,77.0,3.6689796447753906
2022-01-20,31.75,77.25,3.0415472984313965
2022-01-20,31.75,77.5,3.084707736968994
2022-01-20,32.0,76.5,7.851675987243652
2022-01-20,32.0,76.75,6.482645034790039
2022-01-20,32.0,77.0,4.2128214836120605
2022-01-20,32.0,77.25,4.140754222869873
2022-01-20,32.0,77.5,3.479067087173462
2022-01-21,31.5,76.5,0.0
2022-01-21,31.5,76.75,0.0
2022-01-21,31.5,77.0,0.0
2022-01-21,31.5,77.25,0.0
2022-01-21,31.5,77.5,0.0
2022-01-21,31.75,76.5,0.8278524875640869
2022-01-21,31.75,76.75,0.3523606061935425
2022-01-21,31.75,77.0,0.0
2022-01-21,31.75,77.25,0.0
2022-01-21,31.75,77.5,0.0
2022-01-21,32.0,76.5,0.0
2022-01-21,32.0,76.75,0.0
2022-01-21,32.0,77.0,0.2191174328327179
2022-01-21,32.0,77.25,0.2337435930967331
2022-01-21,32.0,77.5,0.0
2022-01-22,31.5,76.5,0.0
2022-01-22,31.5,76.75,1.9926092624664307
2022-01-22,31.5,77.0,1.5387526750564575
2022-01-22,31.5,77.25,2.981459617614746
2022-01-22,31.5,77.5,0.30081409215927124
2022-01-22,31.75,76.5,0.0
2022-01-22,31.75,76.75,6.778895854949951
2022-01-22,31.75,77.0,2.0735583305358887
2022-01-22,31.75,77.25,3.4161744117736816
2022-01-22,31.75,77.5,1.8512498140335083
2022-01-22,32.0,76.5,2.776745557785034
2022-01-22,32.0,76.75,4.990009307861328
2022-01-22,32.0,77.0,5.127135276794434
2022-01-22,32.0,77.25,5.436647891998291
2022-01-22,32.0,77.5,1.9458255767822266
2022-01-23,31.5,76.5,36.38639450073242
2022-01-23,31.5,76.75,29.130247116088867
2022-01-23,31.5,77.0,13.281316757202148
2022-01-23,31.5,77.25,14.457685470581055
2022-01-23,31.5,77.5,6.053607940673828
2022-01-23,31.75,76.5,25.37572479248047
2022-01-23,31.75,76.75,13.141183853149414
2022-01-23,31.75,77.0,9.593591690063477
2022-01-23,31.75,77.25,15.476797103881836
2022-01-23,31.75,77.5,12.171136856079102
2022-01-23,32.0,76.5,19.52936363220215
2022-01-23,32.0,76.75,13.789175033569336
2022-01-23,32.0,77.0,9.764693260192871
2022-01-23,32.0,77.25,11.679266929626465
2022-01-23,32.0,77.5,11.980416297912598
2022-01-24,31.5,76.5,34.007041931152344
2022-01-24,31.5,76.75,31.06113624572754
2022-01-24,31.5,77.0,6.4456868171691895
2022-01-24,31.5,77.25,19.686752319335938
2022-01-24,31.5,77.5,11.223959922790527
2022-01-24,31.75,76.5,30.508750915527344
2022-01-24,31.75,76.75,20.140661239624023
2022-01-24,31.75,77.0,16.12254524230957
2022-01-24,31.75,77.25,21.878204345703125
2022-01-24,31.75,77.5,19.758987426757812
2022-01-24,32.0,76.5,19.081340789794922
2022-01-24,32.0,76.75,17.352012634277344
2022-01-24,32.0,77.0,17.469009399414062
2022-01-24,32.0,77.25,19.535308837890625
2022-01-24,32.0,77.5,20.0340576171875
2022-01-25,31.5,76.5,5.05075740814209
2022-01-25,31.5,76.75,0.4273850619792938
2022-01-25,31.5,77.0,5.226080894470215
2022-01-25,31.5,77.25,2.491461992263794
2022-01-25,31.5,77.5,2.858518600463867
2022-01-25,31.75,76.5,4.017331600189209
2022-01-25,31.75,76.75,3.7488420009613037
2022-01-25,31.75,77.0,1.8345507383346558
2022-01-25,31.75,77.25,1.5931575298309326
2022-01-25,31.75,77.5,3.610877513885498
2022-01-25,32.0,76.5,5.099724769592285
2022-01-25,32.0,76.75,2.6047439575195312
2022-01-25,32.0,77.0,1.5269825458526611
2022-01-25,32.0,77.25,0.5627830028533936
2022-01-25,32.0,77.5,2.7190163135528564
2022-01-26,31.5,76.5,0.0
2022-01-26,31.5,76.75,1.352376103401184
2022-01-26,31.5,77.0,4.981429576873779
2022-01-26,31.5,77.25,7.946810722351074
2022-01-26,31.5,77.5,8.776346206665039
2022-01-26,31.75,76.5,2.9510271549224854
2022-01-26,31.75,76.75,6.041637420654297
2022-01-26,31.75,77.0,2.9388680458068848
2022-01-26,31.75,77.25,6.7242512702941895
2022-01-26,31.75,77.5,9.380372047424316
2022-01-26,32.0,76.5,3.3485002517700195
2022-01-26,32.0,76.75,4.581348896026611
2022-01-26,32.0,77.0,0.753749430179596
2022-01-26,32.0,77.25,0.4206791818141937
2022-01-26,32.0,77.5,4.107222557067871
2022-01-27,31.5,76.5,0.0
2022-01-27,31.5,76.75,0.29706907272338867
2022-01-27,31.5,77.0,4.087761878967285
2022-01-27,31.5,77.25,2.044147491455078
2022-01-27,31.5,77.5,0.0
2022-01-27,31.75,76.5,3.7667291164398193
2022-01-27,31.75,76.75,3.2591304779052734
2022-01-27,31.75,77.0,0.528672993183136
2022-01-27,31.75,77.25,1.16380774974823
2022-01-27,31.75,77.5,1.3426811695098877
2022-01-27,32.0,76.5,0.7895079851150513
2022-01-27,32.0,76.75,1.0397518873214722
2022-01-27,32.0,77.0,0.0
2022-01-27,32.0,77.25,0.0
2022-01-27,32.0,77.5,0.25298741459846497
2022-01-28,31.5,76.5,0.0
2022-01-28,31.5,76.75,0.0
2022-01-28,31.5,77.0,0.0
2022-01-28,31.5,77.25,0.0
2022-01-28,31.5,77.5,0.0
2022-01-28,31.75,76.5,0.0
2022-01-28,31.75,76.75,0.0
2022-01-28,31.75,77.0,0.0
2022-01-28,31.75,77.25,0.0
2022-01-28,31.75,77.5,0.0
2022-01-28,32.0,76.5,0.0
2022-01-28,32.0,76.75,0.0
2022-01-28,32.0,77.0,0.0
2022-01-28,32.0,77.25,0.0
2022-01-28,32.0,77.5,0.0
2022-01-29,31.5,76.5,0.0
2022-01-29,31.5,76.75,0.0
2022-01-29,31.5,77.0,0.0
2022-01-29,31.5,77.25,0.0
2022-01-29,31.5,77.5,0.0
2022-01-29,31.75,76.5,0.0
2022-01-29,31.75,76.75,0.0
2022-01-29,31.75,77.0,0.0
2022-01-29,31.75,77.25,0.0
2022-01-29,31.75,77.5,0.0
2022-01-29,32.0,76.5,0.0
2022-01-29,32.0,76.75,0.0
2022-01-29,32.0,77.0,0.0
2022-01-29,32.0,77.25,0.0
2022-01-29,32.0,77.5,0.0
2022-01-30,31.5,76.5,0.0
2022-01-30,31.5,76.75,0.0
2022-01-30,31.5,77.0,0.0
2022-01-30,31.5,77.25,0.0
2022-01-30,31.5,77.5,0.0
2022-01-30,31.75,76.5,0.0
2022-01-30,31.75,76.75,0.0
2022-01-30,31.75,77.0,0.0
2022-01-30,31.75,77.25,0.0
2022-01-30,31.75,77.5,0.0
2022-01-30,32.0,76.5,0.0
2022-01-30,32.0,76.75,0.0
2022-01-30,32.0,77.0,0.0
2022-01-30,32.0,77.25,0.0
2022-01-30,32.0,77.5,0.0
2022-01-31,31.5,76.5,0.0
2022-01-31,31.5,76.75,0.0
2022-01-31,31.5,77.0,0.0
2022-01-31,31.5,77.25,0.0
2022-01-31,31.5,77.5,0.0
2022-01-31,31.75,76.5,0.0
2022-01-31,31.75,76.75,0.0
2022-01-31,31.75,77.0,0.0
2022-01-31,31.75,77.25,0.0
2022-01-31,31.75,77.5,0.0
2022-01-31,32.0,76.5,0.0
2022-01-31,32.0,76.75,0.0
2022-01-31,32.0,77.0,0.0
2022-01-31,32.0,77.25,0.0
2022-01-31,32.0,77.5,0.0
2022-02-01,31.5,76.5,0.0
2022-02-01,31.5,76.75,0.0
2022-02-01,31.5,77.0,0.0
2022-02-01,31.5,77.25,0.0
2022-02-01,31.5,77.5,0.0
2022-02-01,31.75,76.5,0.0
2022-02-01,31.75,76.75,0.0
2022-02-01,31.75,77.0,0.0
2022-02-01,31.75,77.25,0.0
2022-02-01,31.75,77.5,0.0
2022-02-01,32.0,76.5,0.0
2022-02-01,32.0,76.75,0.0
2022-02-01,32.0,77.0,0.0
2022-02-01,32.0,77.25,0.0
2022-02-01,32.0,77.5,0.0
2022-02-02,31.5,76.5,0.0
2022-02-02,31.5,76.75,0.0
2022-02-02,31.5,77.0,0.0
2022-02-02,31.5,77.25,0.0
2022-02-02,31.5,77.5,0.0
2022-02-02,31.75,76.5,0.0
2022-02-02,31.75,76.75,0.0
2022-02-02,31.75,77.0,0.0
2022-02-02,31.75,77.25,0.0
2022-02-02,31.75,77.5,0.0
2022-02-02,32.0,76.5,0.0
2022-02-02,32.0,76.75,0.0
2022-02-02,32.0,77.0,0.0
2022-02-02,32.0,77.25,0.0
2022-02-02,32.0,77.5,0.0
2022-02-03,31.5,76.5,3.2282447814941406
2022-02-03,31.5,76.75,4.5692033767700195
2022-02-03,31.5,77.0,1.4718163013458252
2022-02-03,31.5,77.25,10.096994400024414
2022-02-03,31.5,77.5,5.312012672424316
2022-02-03,31.75,76.5,8.597959518432617
2022-02-03,31.75,76.75,2.738191604614258
2022-02-03,31.75,77.0,6.376430511474609
2022-02-03,31.75,77.25,11.48324966430664
2022-02-03,31.75,77.5,10.043424606323242
2022-02-03,32.0,76.5,6.958003044128418
2022-02-03,32.0,76.75,5.858925819396973
2022-02-03,32.0,77.0,9.725118637084961
2022-02-03,32.0,77.25,11.66807746887207
2022-02-03,32.0,77.5,9.924956321716309
2022-02-04,31.5,76.5,26.463279724121094
2022-02-04,31.5,76.75,26.0546817779541
2022-02-04,31.5,77.0,10.788908958435059
2022-02-04,31.5,77.25,19.2772216796875
2022-02-04,31.5,77.5,10.877699851989746
2022-02-04,31.75,76.5,18.467374801635742
2022-02-04,31.75,76.75,19.99515151977539
2022-02-04,31.75,77.0,18.85236930847168
2022-02-04,31.75,77.25,21.772106170654297
2022-02-04,31.75,77.5,16.666458129882812
2022-02-04,32.0,76.5,29.652841567993164
2022-02-04,32.0,76.75,23.856958389282227
2022-02-04,32.0,77.0,18.59759521484375
2022-02-04,32.0,77.25,19.950862884521484
2022-02-04,32.0,77.5,17.37605094909668
2022-02-05,31.5,76.5,5.300747871398926
2022-02-05,31.5,76.75,4.69214391708374
2022-02-05,31.5,77.0,19.272987365722656
2022-02-05,31.5,77.25,23.584728240966797
2022-02-05,31.5,77.5,10.123394012451172
2022-02-05,31.75,76.5,2.2411582469940186
2022-02-05,31.75,76.75,9.833507537841797
2022-02-05,31.75,77.0,15.467896461486816
2022-02-05,31.75,77.25,24.690187454223633
2022-02-05,31.75,77.5,16.329355239868164
2022-02-05,32.0,76.5,3.2297182083129883
2022-02-05,32.0,76.75,7.964298725128174
2022-02-05,32.0,77.0,12.503618240356445
2022-02-05,32.0,77.25,14.973094940185547
2022-02-05,32.0,77.5,15.907849311828613
2022-02-06,31.5,76.5,0.0
2022-02-06,31.5,76.75,0.0
2022-02-06,31.5,77.0,0.0
2022-02-06,31.5,77.25,0.0
2022-02-06,31.5,77.5,0.0
2022-02-06,31.75,76.5,0.0
2022-02-06,31.75,76.75,0.0
2022-02-06,31.75,77.0,0.0
2022-02-06,31.75,77.25,0.0
2022-02-06,31.75,77.5,0.0
2022-02-06,32.0,76.5,0.0
2022-02-06,32.0,76.75,0.0
2022-02-06,32.0,77.0,0.0
2022-02-06,32.0,77.25,0.0
2022-02-06,32.0,77.5,0.0
2022-02-07,31.5,76.5,0.0
2022-02-07,31.5,76.75,0.0
2022-02-07,31.5,77.0,0.0
2022-02-07,31.5,77.25,0.0
2022-02-07,31.5,77.5,0.0
2022-02-07,31.75,76.5,0.0
2022-02-07,31.75,76.75,0.0
2022-02-07,31.75,77.0,0.0
2022-02-07,31.75,77.25,0.0
2022-02-07,31.75,77.5,0.0
2022-02-07,32.0,76.5,0.0
2022-02-07,32.0,76.75,0.0
2022-02-07,32.0,77.0,0.0
2022-02-07,32.0,77.25,0.0
2022-02-07,32.0,77.5,0.0
2022-02-08,31.5,76.5,0.0
2022-02-08,31.5,76.75,0.0
2022-02-08,31.5,77.0,0.0
2022-02-08,31.5,77.25,0.0
2022-02-08,31.5,77.5,0.0
2022-02-08,31.75,76.5,0.0
2022-02-08,31.75,76.75,0.0
2022-02-08,31.75,77.0,0.0
2022-02-08,31.75,77.25,0.0
2022-02-08,31.75,77.5,0.0
2022-02-08,32.0,76.5,0.0
2022-02-08,32.0,76.75,0.0
2022-02-08,32.0,77.0,0.0
2022-02-08,32.0,77.25,0.0
2022-02-08,32.0,77.5,0.0
2022-02-09,31.5,76.5,0.0
2022-02-09,31.5,76.75,0.0
2022-02-09,31.5,77.0,0.0
2022-02-09,31.5,77.25,0.0
2022-02-09,31.5,77.5,0.0
2022-02-09,31.75,76.5,0.0
2022-02-09,31.75,76.75,0.0
2022-02-09,31.75,77.0,0.0
2022-02-09,31.75,77.25,0.0
2022-02-09,31.75,77.5,0.0
2022-02-09,32.0,76.5,0.0
2022-02-09,32.0,76.75,0.0
2022-02-09,32.0,77.0,0.0
2022-02-09,32.0,77.25,0.0
2022-02-09,32.0,77.5,0.0
2022-02-10,31.5,76.5,2.6334261894226074
2022-02-10,31.5,76.75,0.16266196966171265
2022-02-10,31.5,77.0,0.0
2022-02-10,31.5,77.25,0.0
2022-02-10,31.5,77.5,0.0
2022-02-10,31.75,76.5,0.0
2022-02-10,31.75,76.75,0.8372621536254883
2022-02-10,31.75,77.0,0.11544111371040344
2022-02-10,31.75,77.25,0.0
2022-02-10,31.75,77.5,0.0
2022-02-10,32.0,76.5,0.0
2022-02-10,32.0,76.75,0.1794399619102478
2022-02-10,32.0,77.0,0.10841847956180573
2022-02-10,32.0,77.25,0.0
2022-02-10,32.0,77.5,0.0
2022-02-11,31.5,76.5,0.0
2022-02-11,31.5,76.75,0.0
2022-02-11,31.5,77.0,0.0
2022-02-11,31.5,77.25,0.0
2022-02-11,31.5,77.5,0.0
2022-02-11,31.75,76.5,0.0
2022-02-11,31.75,76.75,0.0
2022-02-11,31.75,77.0,0.0
2022-02-11,31.75,77.25,0.0
2022-02-11,31.75,77.5,0.0
2022-02-11,32.0,76.5,0.0
2022-02-11,32.0,76.75,0.0
2022-02-11,32.0,77.0,0.0
2022-02-11,32.0,77.25,0.0
2022-02-11,32.0,77.5,0.0
2022-02-12,31.5,76.5,0.0
2022-02-12,31.5,76.75,0.0
2022-02-12,31.5,77.0,0.0
2022-02-12,31.5,77.25,0.0
2022-02-12,31.5,77.5,0.0
2022-02-12,31.75,76.5,0.0
2022-02-12,31.75,76.75,0.0
2022-02-12,31.75,77.0,0.0
2022-02-12,31.75,77.25,0.0
2022-02-12,31.75,77.5,0.0
2022-02-12,32.0,76.5,0.0
2022-02-12,32.0,76.75,0.0
2022-02-12,32.0,77.0,0.0
2022-02-12,32.0,77.25,0.0
2022-02-12,32.0,77.5,0.0
2022-02-13,31.5,76.5,0.0
2022-02-13,31.5,76.75,0.0
2022-02-13,31.5,77.0,0.0
2022-02-13,31.5,77.25,0.0
2022-02-13,31.5,77.5,0.0
2022-02-13,31.75,76.5,0.0
2022-02-13,31.75,76.75,0.0
2022-02-13,31.75,77.0,0.0
2022-02-13,31.75,77.25,0.0
2022-02-13,31.75,77.5,0.0
2022-02-13,32.0,76.5,0.0
2022-02-13,32.0,76.75,0.0
2022-02-13,32.0,77.0,0.0
2022-02-13,32.0,77.25,0.0
2022-02-13,32.0,77.5,0.0
2022-02-14,31.5,76.5,0.0
2022-02-14,31.5,76.75,0.0
2022-02-14,31.5,77.0,0.0
2022-02-14,31.5,77.25,0.0
2022-02-14,31.5,77.5,0.0
2022-02-14,31.75,76.5,0.0
2022-02-14,31.75,76.75,0.0
2022-02-14,31.75,77.0,0.0
2022-02-14,31.75,77.25,0.0
2022-02-14,31.75,77.5,0.0
2022-02-14,32.0,76.5,0.0
2022-02-14,32.0,76.75,0.0
2022-02-14,32.0,77.0,0.0
2022-02-14,32.0,77.25,0.0
2022-02-14,32.0,77.5,0.0
2022-02-15,31.5,76.5,0.0
2022-02-15,31.5,76.75,0.0
2022-02-15,31.5,77.0,0.0
2022-02-15,31.5,77.25,0.0
2022-02-15,31.5,77.5,0.0
2022-02-15,31.75,76.5,0.0
2022-02-15,31.75,76.75,0.0
2022-02-15,31.75,77.0,0.0
2022-02-15,31.75,77.25,0.0
2022-02-15,31.75,77.5,0.0
2022-02-15,32.0,76.5,0.0
2022-02-15,32.0,76.75,0.0
2022-02-15,32.0,77.0,0.0
2022-02-15,32.0,77.25,0.0
2022-02-15,32.0,77.5,0.0
2022-02-16,31.5,76.5,0.0
2022-02-16,31.5,76.75,0.0
2022-02-16,31.5,77.0,0.0
2022-02-16,31.5,77.25,0.0
2022-02-16,31.5,77.5,0.0
2022-02-16,31.75,76.5,0.0
2022-02-16,31.75,76.75,0.0
2022-02-16,31.75,77.0,0.0
2022-02-16,31.75,77.25,0.0
2022-02-16,31.75,77.5,0.0
2022-02-16,32.0,76.5,0.0
2022-02-16,32.0,76.75,0.0
2022-02-16,32.0,77.0,0.0
2022-02-16,32.0,77.25,0.0
2022-02-16,32.0,77.5,0.0
2022-02-17,31.5,76.5,0.0
2022-02-17,31.5,76.75,0.0
2022-02-17,31.5,77.0,0.0
2022-02-17,31.5,77.25,0.0
2022-02-17,31.5,77.5,0.0
2022-02-17,31.75,76.5,0.0
2022-02-17,31.75,76.75,0.0
2022-02-17,31.75,77.0,0.0
2022-02-17,31.75,77.25,0.0
2022-02-17,31.75,77.5,0.0
2022-02-17,32.0,76.5,0.0
2022-02-17,32.0,76.75,0.0
2022-02-17,32.0,77.0,0.0
2022-02-17,32.0,77.25,0.0
2022-02-17,32.0,77.5,0.0
2022-02-18,31.5,76.5,0.0
2022-02-18,31.5,76.75,0.0
2022-02-18,31.5,77.0,0.0
2022-02-18,31.5,77.25,0.0
2022-02-18,31.5,77.5,0.0
2022-02-18,31.75,76.5,0.0
2022-02-18,31.75,76.75,0.0
2022-02-18,31.75,77.0,0.0
2022-02-18,31.75,77.25,0.0
2022-02-18,31.75,77.5,0.0
2022-02-18,32.0,76.5,0.0
2022-02-18,32.0,76.75,0.0
2022-02-18,32.0,77.0,0.0
2022-02-18,32.0,77.25,0.0
2022-02-18,32.0,77.5,0.0
2022-02-19,31.5,76.5,0.0
2022-02-19,31.5,76.75,0.0
2022-02-19,31.5,77.0,0.0
2022-02-19,31.5,77.25,0.0
2022-02-19,31.5,77.5,0.0
2022-02-19,31.75,76.5,0.0
2022-02-19,31.75,76.75,0.0
2022-02-19,31.75,77.0,0.0
2022-02-19,31.75,77.25,0.0
2022-02-19,31.75,77.5,0.0
2022-02-19,32.0,76.5,0.0
2022-02-19,32.0,76.75,0.0
2022-02-19,32.0,77.0,0.0
2022-02-19,32.0,77.25,0.0
2022-02-19,32.0,77.5,0.0
2022-02-20,31.5,76.5,0.0
2022-02-20,31.5,76.75,0.0
2022-02-20,31.5,77.0,0.0
2022-02-20,31.5,77.25,0.0
2022-02-20,31.5,77.5,0.0
2022-02-20,31.75,76.5,0.0
2022-02-20,31.75,76.75,0.0
2022-02-20,31.75,77.0,0.0
2022-02-20,31.75,77.25,0.0
2022-02-20,31.75,77.5,0.0
2022-02-20,32.0,76.5,0.0
2022-02-20,32.0,76.75,0.0
2022-02-20,32.0,77.0,0.6868427991867065
2022-02-20,32.0,77.25,0.7791453003883362
2022-02-20,32.0,77.5,0.0
2022-02-21,31.5,76.5,0.0
2022-02-21,31.5,76.75,0.0
2022-02-21,31.5,77.0,0.0
2022-02-21,31.5,77.25,0.0
2022-02-21,31.5,77.5,0.0
2022-02-21,31.75,76.5,0.0
2022-02-21,31.75,76.75,0.0
2022-02-21,31.75,77.0,0.0
2022-02-21,31.75,77.25,0.0
2022-02-21,31.75,77.5,0.0
2022-02-21,32.0,76.5,0.0
2022-02-21,32.0,76.75,0.0
2022-02-21,32.0,77.0,0.0
2022-02-21,32.0,77.25,0.0
2022-02-21,32.0,77.5,0.0
2022-02-22,31.5,76.5,0.0
2022-02-22,31.5,76.75,0.0
2022-02-22,31.5,77.0,0.0
2022-02-22,31.5,77.25,0.0
2022-02-22,31.5,77.5,0.0
2022-02-22,31.75,76.5,0.0
2022-02-22,31.75,76.75,0.0
2022-02-22,31.75,77.0,0.0
2022-02-22,31.75,77.25,0.0
2022-02-22,31.75,77.5,0.0
2022-02-22,32.0,76.5,0.0
2022-02-22,32.0,76.75,0.0
2022-02-22,32.0,77.0,0.0
2022-02-22,32.0,77.25,0.0
2022-02-22,32.0,77.5,0.0
2022-02-23,31.5,76.5,2.6709814071655273
2022-02-23,31.5,76.75,3.230259895324707
2022-02-23,31.5,77.0,1.7365740537643433
2022-02-23,31.5,77.25,10.827391624450684
2022-02-23,31.5,77.5,4.469109058380127
2022-02-23,31.75,76.5,2.3275914192199707
2022-02-23,31.75,76.75,4.5076422691345215
2022-02-23,31.75,77.0,6.264538764953613
2022-02-23,31.75,77.25,11.63906478881836
2022-02-23,31.75,77.5,8.710639953613281
2022-02-23,32.0,76.5,8.862160682678223
2022-02-23,32.0,76.75,7.607999324798584
2022-02-23,32.0,77.0,12.17566204071045
2022-02-23,32.0,77.25,14.34527587890625
2022-02-23,32.0,77.5,8.532496452331543
2022-02-24,31.5,76.5,0.13806729018688202
2022-02-24,31.5,76.75,0.350839227437973
2022-02-24,31.5,77.0,1.0475163459777832
2022-02-24,31.5,77.25,6.647955894470215
2022-02-24,31.5,77.5,3.0433547496795654
2022-02-24,31.75,76.5,0.46312305331230164
2022-02-24,31.75,76.75,1.8662163019180298
2022-02-24,31.75,77.0,2.8314318656921387
2022-02-24,31.75,77.25,7.493753910064697
2022-02-24,31.75,77.5,5.377715110778809
2022-02-24,32.0,76.5,4.573021411895752
2022-02-24,32.0,76.75,2.214251756668091
2022-02-24,32.0,77.0,9.814921379089355
2022-02-24,32.0,77.25,11.951584815979004
2022-02-24,32.0,77.5,4.537262916564941
2022-02-25,31.5,76.5,6.649168014526367
2022-02-25,31.5,76.75,7.111171245574951
2022-02-25,31.5,77.0,7.46091365814209
2022-02-25,31.5,77.25,16.94384765625
2022-02-25,31.5,77.5,17.039562225341797
2022-02-25,31.75,76.5,1.6948860883712769
2022-02-25,31.75,76.75,10.98418140411377
2022-02-25,31.75,77.0,19.107452392578125
2022-02-25,31.75,77.25,18.76344871520996
2022-02-25,31.75,77.5,17.38824462890625
2022-02-25,32.0,76.5,11.80245590209961
2022-02-25,32.0,76.75,17.378129959106445
2022-02-25,32.0,77.0,18.18586540222168
2022-02-25,32.0,77.25,18.161802291870117
2022-02-25,32.0,77.5,17.983613967895508
2022-02-26,31.5,76.5,4.863745212554932
2022-02-26,31.5,76.75,2.7081363201141357
2022-02-26,31.5,77.0,6.15501070022583
2022-02-26,31.5,77.25,7.0496697425842285
2022-02-26,31.5,77.5,1.5238157510757446
2022-02-26,31.75,76.5,7.4599409103393555
2022-02-26,31.75,76.75,2.2381081581115723
2022-02-26,31.75,77.0,5.166920185089111
2022-02-26,31.75,77.25,7.818418979644775
2022-02-26,31.75,77.5,4.522262096405029
2022-02-26,32.0,76.5,6.361775875091553
2022-02-26,32.0,76.75,3.7082905769348145
2022-02-26,32.0,77.0,6.512895107269287
2022-02-26,32.0,77.25,7.572282791137695
2022-02-26,32.0,77.5,5.230074405670166
2022-02-27,31.5,76.5,10.434796333312988
2022-02-27,31.5,76.75,11.815857887268066
2022-02-27,31.5,77.0,26.52613067626953
2022-02-27,31.5,77.25,17.52459144592285
2022-02-27,31.5,77.5,21.52216148376465
2022-02-27,31.75,76.5,2.6040258407592773
2022-02-27,31.75,76.75,10.614108085632324
2022-02-27,31.75,77.0,20.700504302978516
2022-02-27,31.75,77.25,16.23174285888672
2022-02-27,31.75,77.5,15.368958473205566
2022-02-27,32.0,76.5,4.0502471923828125
2022-02-27,32.0,76.75,9.863265037536621
2022-02-27,32.0,77.0,18.162521362304688
2022-02-27,32.0,77.25,16.47093963623047
2022-02-27,32.0,77.5,16.238208770751953
2022-02-28,31.5,76.5,0.0
2022-02-28,31.5,76.75,0.0
2022-02-28,31.5,77.0,0.0
2022-02-28,31.5,77.25,0.0
2022-02-28,31.5,77.5,0.0
2022-02-28,31.75,76.5,0.0
2022-02-28,31.75,76.75,0.0
2022-02-28,31.75,77.0,0.0
2022-02-28,31.75,77.25,0.0
2022-02-28,31.75,77.5,0.0
2022-02-28,32.0,76.5,0.0
2022-02-28,32.0,76.75,0.0
2022-02-28,32.0,77.0,0.0
2022-02-28,32.0,77.25,0.0
2022-02-28,32.0,77.5,0.0
2022-03-01,31.5,76.5,0.0
2022-03-01,31.5,76.75,0.0
2022-03-01,31.5,77.0,0.0
2022-03-01,31.5,77.25,0.0
2022-03-01,31.5,77.5,0.0
2022-03-01,31.75,76.5,0.0
2022-03-01,31.75,76.75,0.0
2022-03-01,31.75,77.0,0.0
2022-03-01,31.75,77.25,0.0
2022-03-01,31.75,77.5,0.0
2022-03-01,32.0,76.5,0.0
2022-03-01,32.0,76.75,0.0
2022-03-01,32.0,77.0,0.0
2022-03-01,32.0,77.25,0.0
2022-03-01,32.0,77.5,0.0
2022-03-02,31.5,76.5,0.0
2022-03-02,31.5,76.75,0.0
2022-03-02,31.5,77.0,0.0
2022-03-02,31.5,77.25,0.0
2022-03-02,31.5,77.5,0.0
2022-03-02,31.75,76.5,0.0
2022-03-02,31.75,76.75,0.0
2022-03-02,31.75,77.0,0.0
2022-03-02,31.75,77.25,0.0
2022-03-02,31.75,77.5,0.0
2022-03-02,32.0,76.5,0.0
2022-03-02,32.0,76.75,0.0
2022-03-02,32.0,77.0,0.0
2022-03-02,32.0,77.25,0.0
2022-03-02,32.0,77.5,0.0
2022-03-03,31.5,76.5,0.0
2022-03-03,31.5,76.75,0.0
2022-03-03,31.5,77.0,0.0
2022-03-03,31.5,77.25,0.0
2022-03-03,31.5,77.5,0.0
2022-03-03,31.75,76.5,0.0
2022-03-03,31.75,76.75,0.0
2022-03-03,31.75,77.0,0.0
2022-03-03,31.75,77.25,0.0
2022-03-03,31.75,77.5,0.0
2022-03-03,32.0,76.5,0.0
2022-03-03,32.0,76.75,0.0
2022-03-03,32.0,77.0,0.0
2022-03-03,32.0,77.25,0.0
2022-03-03,32.0,77.5,0.0
2022-03-04,31.5,76.5,3.0492594242095947
2022-03-04,31.5,76.75,4.429868221282959
2022-03-04,31.5,77.0,2.4329020977020264
2022-03-04,31.5,77.25,7.298594951629639
2022-03-04,31.5,77.5,0.41082116961479187
2022-03-04,31.75,76.5,6.858657360076904
2022-03-04,31.75,76.75,9.106270790100098
2022-03-04,31.75,77.0,5.8135528564453125
2022-03-04,31.75,77.25,9.089125633239746
2022-03-04,31.75,77.5,3.0998549461364746
2022-03-04,32.0,76.5,10.358489036560059
2022-03-04,32.0,76.75,13.1010103225708
2022-03-04,32.0,77.0,10.552873611450195
2022-03-04,32.0,77.25,11.957844734191895
2022-03-04,32.0,77.5,4.718928337097168
2022-03-05,31.5,76.5,0.0
2022-03-05,31.5,76.75,0.0
2022-03-05,31.5,77.0,0.0
2022-03-05,31.5,77.25,0.0
2022-03-05,31.5,77.5,1.0965712070465088
2022-03-05,31.75,76.5,0.0
2022-03-05,31.75,76.75,0.0
2022-03-05,31.75,77.0,0.0
2022-03-05,31.75,77.25,0.0
2022-03-05,31.75,77.5,0.3384464383125305
2022-03-05,32.0,76.5,0.0
2022-03-05,32.0,76.75,0.0
2022-03-05,32.0,77.0,0.0
2022-03-05,32.0,77.25,0.0
2022-03-05,32.0,77.5,0.0
2022-03-06,31.5,76.5,0.0
2022-03-06,31.5,76.75,0.0
2022-03-06,31.5,77.0,0.0
2022-03-06,31.5,77.25,0.0
2022-03-06,31.5,77.5,0.0
2022-03-06,31.75,76.5,0.0
2022-03-06,31.75,76.75,0.0
2022-03-06,31.75,77.0,0.0
2022-03-06,31.75,77.25,0.0
2022-03-06,31.75,77.5,0.0
2022-03-06,32.0,76.5,0.0
2022-03-06,32.0,76.75,0.0
2022-03-06,32.0,77.0,0.0
2022-03-06,32.0,77.25,0.0
2022-03-06,32.0,77.5,0.0
2022-03-07,31.5,76.5,0.0
2022-03-07,31.5,76.75,0.0
2022-03-07,31.5,77.0,0.0
2022-03-07,31.5,77.25,0.0
2022-03-07,31.5,77.5,0.0
2022-03-07,31.75,76.5,0.0
2022-03-07,31.75,76.75,0.0
2022-03-07,31.75,77.0,0.0
2022-03-07,31.75,77.25,0.0
2022-03-07,31.75,77.5,0.0
2022-03-07,32.0,76.5,0.0
2022-03-07,32.0,76.75,0.0
2022-03-07,32.0,77.0,0.0
2022-03-07,32.0,77.25,0.0
2022-03-07,32.0,77.5,0.0
2022-03-08,31.5,76.5,0.0
2022-03-08,31.5,76.75,0.0
2022-03-08,31.5,77.0,0.0
2022-03-08,31.5,77.25,0.0
2022-03-08,31.5,77.5,0.0
2022-03-08,31.75,76.5,0.0
2022-03-08,31.75,76.75,0.0
2022-03-08,31.75,77.0,0.0
2022-03-08,31.75,77.25,0.0
2022-03-08,31.75,77.5,0.0
2022-03-08,32.0,76.5,0.0
2022-03-08,32.0,76.75,0.0
2022-03-08,32.0,77.0,0.0
2022-03-08,32.0,77.25,0.0
2022-03-08,32.0,77.5,0.0
2022-03-09,31.5,76.5,0.0
2022-03-09,31.5,76.75,0.0
2022-03-09,31.5,77.0,0.0
2022-03-09,31.5,77.25,0.0
2022-03-09,31.5,77.5,0.0
2022-03-09,31.75,76.5,0.0
2022-03-09,31.75,76.75,0.0
2022-03-09,31.75,77.0,0.0
2022-03-09,31.75,77.25,0.0
2022-03-09,31.75,77.5,0.0
2022-03-09,32.0,76.5,0.0
2022-03-09,32.0,76.75,0.0
2022-03-09,32.0,77.0,0.0
2022-03-09,32.0,77.25,0.0
2022-03-09,32.0,77.5,0.0
2022-03-10,31.5,76.5,0.0
2022-03-10,31.5,76.75,0.0
2022-03-10,31.5,77.0,0.0
2022-03-10,31.5,77.25,0.0
2022-03-10,31.5,77.5,0.0
2022-03-10,31.75,76.5,0.0
2022-03-10,31.75,76.75,0.0
2022-03-10,31.75,77.0,0.0
2022-03-10,31.75,77.25,0.0
2022-03-10,31.75,77.5,0.0
2022-03-10,32.0,76.5,0.0
2022-03-10,32.0,76.75,0.0
2022-03-10,32.0,77.0,0.0
2022-03-10,32.0,77.25,0.0
2022-03-10,32.0,77.5,0.0
2022-03-11,31.5,76.5,0.0
2022-03-11,31.5,76.75,0.0
2022-03-11,31.5,77.0,0.0
2022-03-11,31.5,77.25,0.0
2022-03-11,31.5,77.5,0.0
2022-03-11,31.75,76.5,0.0
2022-03-11,31.75,76.75,0.0
2022-03-11,31.75,77.0,0.0
2022-03-11,31.75,77.25,0.0
2022-03-11,31.75,77.5,0.0
2022-03-11,32.0,76.5,0.0
2022-03-11,32.0,76.75,0.0
2022-03-11,32.0,77.0,0.0
2022-03-11,32.0,77.25,0.0
2022-03-11,32.0,77.5,0.0
2022-03-12,31.5,76.5,0.0
2022-03-12,31.5,76.75,0.0
2022-03-12,31.5,77.0,0.0
2022-03-12,31.5,77.25,0.0
2022-03-12,31.5,77.5,0.0
2022-03-12,31.75,76.5,0.0
2022-03-12,31.75,76.75,0.0
2022-03-12,31.75,77.0,0.0
2022-03-12,31.75,77.25,0.0
2022-03-12,31.75,77.5,0.0
2022-03-12,32.0,76.5,0.0
2022-03-12,32.0,76.75,0.0
2022-03-12,32.0,77.0,0.0
2022-03-12,32.0,77.25,0.0
2022-03-12,32.0,77.5,0.0
2022-03-13,31.5,76.5,0.0
2022-03-13,31.5,76.75,0.0
2022-03-13,31.5,77.0,0.0
2022-03-13,31.5,77.25,0.0
2022-03-13,31.5,77.5,0.0
2022-03-13,31.75,76.5,0.0
2022-03-13,31.75,76.75,0.0
2022-03-13,31.75,77.0,0.0
2022-03-13,31.75,77.25,0.0
2022-03-13,31.75,77.5,0.0
2022-03-13,32.0,76.5,0.0
2022-03-13,32.0,76.75,0.0
2022-03-13,32.0,77.0,0.0
2022-03-13,32.0,77.25,0.0
2022-03-13,32.0,77.5,0.0
2022-03-14,31.5,76.5,0.0
2022-03-14,31.5,76.75,0.0
2022-03-14,31.5,77.0,0.0
2022-03-14,31.5,77.25,0.0
2022-03-14,31.5,77.5,0.0
2022-03-14,31.75,76.5,0.0
2022-03-14,31.75,76.75,0.0
2022-03-14,31.75,77.0,0.0
2022-03-14,31.75,77.25,0.0
2022-03-14,31.75,77.5,0.0
2022-03-14,32.0,76.5,0.0
2022-03-14,32.0,76.75,0.0
2022-03-14,32.0,77.0,0.0
2022-03-14,32.0,77.25,0.0
2022-03-14,32.0,77.5,0.0
2022-03-15,31.5,76.5,0.0
2022-03-15,31.5,76.75,0.0
2022-03-15,31.5,77.0,0.0
2022-03-15,31.5,77.25,0.0
2022-03-15,31.5,77.5,0.0
2022-03-15,31.75,76.5,0.0
2022-03-15,31.75,76.75,0.0
2022-03-15,31.75,77.0,0.0
2022-03-15,31.75,77.25,0.0
2022-03-15,31.75,77.5,0.0
2022-03-15,32.0,76.5,0.0
2022-03-15,32.0,76.75,0.0
2022-03-15,32.0,77.0,0.0
2022-03-15,32.0,77.25,0.0
2022-03-15,32.0,77.5,0.0
2022-03-16,31.5,76.5,0.0
2022-03-16,31.5,76.75,0.0
2022-03-16,31.5,77.0,0.0
2022-03-16,31.5,77.25,0.0
2022-03-16,31.5,77.5,0.0
2022-03-16,31.75,76.5,0.0
2022-03-16,31.75,76.75,0.0
2022-03-16,31.75,77.0,0.0
2022-03-16,31.75,77.25,0.0
2022-03-16,31.75,77.5,0.0
2022-03-16,32.0,76.5,0.0
2022-03-16,32.0,76.75,0.0
2022-03-16,32.0,77.0,0.0
2022-03-16,32.0,77.25,0.0
2022-03-16,32.0,77.5,0.0
2022-03-17,31.5,76.5,0.0
2022-03-17,31.5,76.75,0.0
2022-03-17,31.5,77.0,0.0
2022-03-17,31.5,77.25,0.0
2022-03-17,31.5,77.5,0.0
2022-03-17,31.75,76.5,0.0
2022-03-17,31.75,76.75,0.0
2022-03-17,31.75,77.0,0.0
2022-03-17,31.75,77.25,0.0
2022-03-17,31.75,77.5,0.0
2022-03-17,32.0,76.5,0.0
2022-03-17,32.0,76.75,0.0
2022-03-17,32.0,77.0,0.0
2022-03-17,32.0,77.25,0.0
2022-03-17,32.0,77.5,0.0
2022-03-18,31.5,76.5,0.0
2022-03-18,31.5,76.75,0.0
2022-03-18,31.5,77.0,0.0
2022-03-18,31.5,77.25,0.0
2022-03-18,31.5,77.5,0.0
2022-03-18,31.75,76.5,0.0
2022-03-18,31.75,76.75,0.0
2022-03-18,31.75,77.0,0.0
2022-03-18,31.75,77.25,0.0
2022-03-18,31.75,77.5,0.0
2022-03-18,32.0,76.5,0.0
2022-03-18,32.0,76.75,0.0
2022-03-18,32.0,77.0,0.0
2022-03-18,32.0,77.25,0.0
2022-03-18,32.0,77.5,0.0
2022-03-19,31.5,76.5,0.0
2022-03-19,31.5,76.75,0.0
2022-03-19,31.5,77.0,0.0
2022-03-19,31.5,77.25,0.0
2022-03-19,31.5,77.5,0.0
2022-03-19,31.75,76.5,0.0
2022-03-19,31.75,76.75,0.0
2022-03-19,31.75,77.0,0.0
2022-03-19,31.75,77.25,0.0
2022-03-19,31.75,77.5,0.0
2022-03-19,32.0,76.5,0.0
2022-03-19,32.0,76.75,0.0
2022-03-19,32.0,77.0,0.0
2022-03-19,32.0,77.25,0.0
2022-03-19,32.0,77.5,0.0
2022-03-20,31.5,76.5,0.0
2022-03-20,31.5,76.75,0.0
2022-03-20,31.5,77.0,4.618710041046143
2022-03-20,31.5,77.25,3.9477195739746094
2022-03-20,31.5,77.5,0.19640718400478363
2022-03-20,31.75,76.5,0.0
2022-03-20,31.75,76.75,0.1656460016965866
2022-03-20,31.75,77.0,2.418347120285034
2022-03-20,31.75,77.25,4.141617774963379
2022-03-20,31.75,77.5,1.705855131149292
2022-03-20,32.0,76.5,0.0
2022-03-20,32.0,76.75,0.7467014789581299
2022-03-20,32.0,77.0,1.6275140047073364
2022-03-20,32.0,77.25,1.9289382696151733
2022-03-20,32.0,77.5,2.194817543029785
2022-03-21,31.5,76.5,0.0
2022-03-21,31.5,76.75,0.0
2022-03-21,31.5,77.0,1.6461234092712402
2022-03-21,31.5,77.25,0.34916791319847107
2022-03-21,31.5,77.5,0.0
2022-03-21,31.75,76.5,0.0
2022-03-21,31.75,76.75,0.0
2022-03-21,31.75,77.0,0.0
2022-03-21,31.75,77.25,0.21282798051834106
2022-03-21,31.75,77.5,0.0
2022-03-21,32.0,76.5,0.0
2022-03-21,32.0,76.75,0.0
2022-03-21,32.0,77.0,0.0
2022-03-21,32.0,77.25,0.0
2022-03-21,32.0,77.5,0.0
2022-03-22,31.5,76.5,0.0
2022-03-22,31.5,76.75,0.0
2022-03-22,31.5,77.0,0.0
2022-03-22,31.5,77.25,0.0
2022-03-22,31.5,77.5,0.0
2022-03-22,31.75,76.5,0.0
2022-03-22,31.75,76.75,0.0
2022-03-22,31.75,77.0,0.0
2022-03-22,31.75,77.25,0.0
2022-03-22,31.75,77.5,0.0
2022-03-22,32.0,76.5,0.0
2022-03-22,32.0,76.75,0.0
2022-03-22,32.0,77.0,0.0
2022-03-22,32.0,77.25,0.0
2022-03-22,32.0,77.5,0.0
2022-03-23,31.5,76.5,0.0
2022-03-23,31.5,76.75,0.0
2022-03-23,31.5,77.0,0.0
2022-03-23,31.5,77.25,0.0
2022-03-23,31.5,77.5,0.0
2022-03-23,31.75,76.5,0.0
2022-03-23,31.75,76.75,0.0
2022-03-23,31.75,77.0,0.0
2022-03-23,31.75,77.25,0.0
2022-03-23,31.75,77.5,0.0
2022-03-23,32.0,76.5,0.0
2022-03-23,32.0,76.75,0.0
2022-03-23,32.0,77.0,0.0
2022-03-23,32.0,77.25,0.0
2022-03-23,32.0,77.5,0.0
2022-03-24,31.5,76.5,0.0
2022-03-24,31.5,76.75,0.0
2022-03-24,31.5,77.0,0.0
2022-03-24,31.5,77.25,0.0
2022-03-24,31.5,77.5,0.0
2022-03-24,31.75,76.5,0.0
2022-03-24,31.75,76.75,0.0
2022-03-24,31.75,77.0,0.0
2022-03-24,31.75,77.25,0.0
2022-03-24,31.75,77.5,0.0
2022-03-24,32.0,76.5,0.0
2022-03-24,32.0,76.75,0.0
2022-03-24,32.0,77.0,0.0
2022-03-24,32.0,77.25,0.0
2022-03-24,32.0,77.5,0.0
2022-03-25,31.5,76.5,0.0
2022-03-25,31.5,76.75,0.0
2022-03-25,31.5,77.0,0.0
2022-03-25,31.5,77.25,0.0
2022-03-25,31.5,77.5,0.0
2022-03-25,31.75,76.5,0.0
2022-03-25,31.75,76.75,0.0
2022-03-25,31.75,77.0,0.4583313763141632
2022-03-25,31.75,77.25,0.1027604341506958
2022-03-25,31.75,77.5,0.0
2022-03-25,32.0,76.5,0.0
2022-03-25,32.0,76.75,0.14934030175209045
2022-03-25,32.0,77.0,0.3108775317668915
2022-03-25,32.0,77.25,0.20490039885044098
2022-03-25,32.0,77.5,0.20280523598194122
2022-03-26,31.5,76.5,0.0
2022-03-26,31.5,76.75,0.0
2022-03-26,31.5,77.0,0.0
2022-03-26,31.5,77.25,0.0
2022-03-26,31.5,77.5,0.0
2022-03-26,31.75,76.5,0.0
2022-03-26,31.75,76.75,0.0
2022-03-26,31.75,77.0,0.0
2022-03-26,31.75,77.25,0.0
2022-03-26,31.75,77.5,0.0
2022-03-26,32.0,76.5,0.0
2022-03-26,32.0,76.75,0.0
2022-03-26,32.0,77.0,0.0
2022-03-26,32.0,77.25,0.0
2022-03-26,32.0,77.5,0.0
2022-03-27,31.5,76.5,0.0
2022-03-27,31.5,76.75,0.0
2022-03-27,31.5,77.0,0.0
2022-03-27,31.5,77.25,0.0
2022-03-27,31.5,77.5,0.0
2022-03-27,31.75,76.5,0.0
2022-03-27,31.75,76.75,0.0
2022-03-27,31.75,77.0,0.0
2022-03-27,31.75,77.25,0.0
2022-03-27,31.75,77.5,0.0
2022-03-27,32.0,76.5,0.0
2022-03-27,32.0,76.75,0.0
2022-03-27,32.0,77.0,0.0
2022-03-27,32.0,77.25,0.0
2022-03-27,32.0,77.5,0.0
2022-03-28,31.5,76.5,0.0
2022-03-28,31.5,76.75,0.0
2022-03-28,31.5,77.0,0.0
2022-03-28,31.5,77.25,0.0
2022-03-28,31.5,77.5,0.0
2022-03-28,31.75,76.5,0.0
2022-03-28,31.75,76.75,0.0
2022-03-28,31.75,77.0,0.0
2022-03-28,31.75,77.25,0.0
2022-03-28,31.75,77.5,0.0
2022-03-28,32.0,76.5,0.0
2022-03-28,32.0,76.75,0.0
2022-03-28,32.0,77.0,0.0
2022-03-28,32.0,77.25,0.0
2022-03-28,32.0,77.5,0.0
2022-03-29,31.5,76.5,0.0
2022-03-29,31.5,76.75,0.0
2022-03-29,31.5,77.0,0.0
2022-03-29,31.5,77.25,0.0
2022-03-29,31.5,77.5,0.0
2022-03-29,31.75,76.5,0.0
2022-03-29,31.75,76.75,0.0
2022-03-29,31.75,77.0,0.0
2022-03-29,31.75,77.25,0.0
2022-03-29,31.75,77.5,0.0
2022-03-29,32.0,76.5,0.0
2022-03-29,32.0,76.75,0.0
2022-03-29,32.0,77.0,0.0
2022-03-29,32.0,77.25,0.0
2022-03-29,32.0,77.5,0.0
2022-03-30,31.5,76.5,0.0
2022-03-30,31.5,76.75,0.0
2022-03-30,31.5,77.0,0.0
2022-03-30,31.5,77.25,0.0
2022-03-30,31.5,77.5,0.0
2022-03-30,31.75,76.5,0.0
2022-03-30,31.75,76.75,0.0
2022-03-30,31.75,77.0,0.0
2022-03-30,31.75,77.25,0.0
2022-03-30,31.75,77.5,0.0
2022-03-30,32.0,76.5,0.0
2022-03-30,32.0,76.75,0.0
2022-03-30,32.0,77.0,0.0
2022-03-30,32.0,77.25,0.0
2022-03-30,32.0,77.5,0.0
2022-03-31,31.5,76.5,0.0
2022-03-31,31.5,76.75,0.0
2022-03-31,31.5,77.0,0.0
2022-03-31,31.5,77.25,0.0
2022-03-31,31.5,77.5,0.0
2022-03-31,31.75,76.5,0.0
2022-03-31,31.75,76.75,0.0
2022-03-31,31.75,77.0,0.0
2022-03-31,31.75,77.25,0.0
2022-03-31,31.75,77.5,0.0
2022-03-31,32.0,76.5,0.0
2022-03-31,32.0,76.75,0.0
2022-03-31,32.0,77.0,0.0
2022-03-31,32.0,77.25,0.0
2022-03-31,32.0,77.5,0.0
2022-04-01,31.5,76.5,0.0
2022-04-01,31.5,76.75,0.0
2022-04-01,31.5,77.0,0.0
2022-04-01,31.5,77.25,0.0
2022-04-01,31.5,77.5,0.0
2022-04-01,31.75,76.5,0.0
2022-04-01,31.75,76.75,0.0
2022-04-01,31.75,77.0,0.0
2022-04-01,31.75,77.25,0.0
2022-04-01,31.75,77.5,0.0
2022-04-01,32.0,76.5,0.0
2022-04-01,32.0,76.75,0.0
2022-04-01,32.0,77.0,0.0
2022-04-01,32.0,77.25,0.0
2022-04-01,32.0,77.5,0.0
2022-04-02,31.5,76.5,0.0
2022-04-02,31.5,76.75,0.0
2022-04-02,31.5,77.0,0.0
2022-04-02,31.5,77.25,0.0
2022-04-02,31.5,77.5,0.0
2022-04-02,31.75,76.5,0.0
2022-04-02,31.75,76.75,0.0
2022-04-02,31.75,77.0,0.0
2022-04-02,31.75,77.25,0.0
2022-04-02,31.75,77.5,0.0
2022-04-02,32.0,76.5,0.0
2022-04-02,32.0,76.75,0.0
2022-04-02,32.0,77.0,0.0
2022-04-02,32.0,77.25,0.0
2022-04-02,32.0,77.5,0.0
2022-04-03,31.5,76.5,0.0
2022-04-03,31.5,76.75,0.0
2022-04-03,31.5,77.0,0.0
2022-04-03,31.5,77.25,0.0
2022-04-03,31.5,77.5,0.0
2022-04-03,31.75,76.5,0.0
2022-04-03,31.75,76.75,0.0
2022-04-03,31.75,77.0,0.0
2022-04-03,31.75,77.25,0.0
2022-04-03,31.75,77.5,0.0
2022-04-03,32.0,76.5,0.0
2022-04-03,32.0,76.75,0.0
2022-04-03,32.0,77.0,0.0
2022-04-03,32.0,77.25,0.0
2022-04-03,32.0,77.5,0.0
2022-04-04,31.5,76.5,0.0
2022-04-04,31.5,76.75,0.0
2022-04-04,31.5,77.0,0.0
2022-04-04,31.5,77.25,0.0
2022-04-04,31.5,77.5,0.0
2022-04-04,31.75,76.5,0.0
2022-04-04,31.75,76.75,0.0
2022-04-04,31.75,77.0,0.0
2022-04-04,31.75,77.25,0.0
2022-04-04,31.75,77.5,0.0
2022-04-04,32.0,76.5,0.0
2022-04-04,32.0,76.75,0.0
2022-04-04,32.0,77.0,0.0
2022-04-04,32.0,77.25,0.0
2022-04-04,32.0,77.5,0.0
2022-04-05,31.5,76.5,0.0
2022-04-05,31.5,76.75,0.0
2022-04-05,31.5,77.0,0.0
2022-04-05,31.5,77.25,0.0
2022-04-05,31.5,77.5,0.0
2022-04-05,31.75,76.5,0.0
2022-04-05,31.75,76.75,0.0
2022-04-05,31.75,77.0,0.0
2022-04-05,31.75,77.25,0.0
2022-04-05,31.75,77.5,0.0
2022-04-05,32.0,76.5,0.0
2022-04-05,32.0,76.75,0.0
2022-04-05,32.0,77.0,0.0
2022-04-05,32.0,77.25,0.0
2022-04-05,32.0,77.5,0.0
2022-04-06,31.5,76.5,0.0
2022-04-06,31.5,76.75,0.0
2022-04-06,31.5,77.0,0.0
2022-04-06,31.5,77.25,0.0
2022-04-06,31.5,77.5,0.0
2022-04-06,31.75,76.5,0.0
2022-04-06,31.75,76.75,0.0
2022-04-06,31.75,77.0,0.0
2022-04-06,31.75,77.25,0.0
2022-04-06,31.75,77.5,0.0
2022-04-06,32.0,76.5,0.0
2022-04-06,32.0,76.75,0.0
2022-04-06,32.0,77.0,0.0
2022-04-06,32.0,77.25,0.0
2022-04-06,32.0,77.5,0.0
2022-04-07,31.5,76.5,0.0
2022-04-07,31.5,76.75,0.0
2022-04-07,31.5,77.0,0.0
2022-04-07,31.5,77.25,0.0
2022-04-07,31.5,77.5,0.0
2022-04-07,31.75,76.5,0.0
2022-04-07,31.75,76.75,0.0
2022-04-07,31.75,77.0,0.0
2022-04-07,31.75,77.25,0.0
2022-04-07,31.75,77.5,0.0
2022-04-07,32.0,76.5,0.0
2022-04-07,32.0,76.75,0.0
2022-04-07,32.0,77.0,0.0
2022-04-07,32.0,77.25,0.0
2022-04-07,32.0,77.5,0.0
2022-04-08,31.5,76.5,0.0
2022-04-08,31.5,76.75,0.0
2022-04-08,31.5,77.0,0.0
2022-04-08,31.5,77.25,0.0
2022-04-08,31.5,77.5,0.0
2022-04-08,31.75,76.5,0.0
2022-04-08,31.75,76.75,0.0
2022-04-08,31.75,77.0,0.0
2022-04-08,31.75,77.25,0.0
2022-04-08,31.75,77.5,0.0
2022-04-08,32.0,76.5,0.0
2022-04-08,32.0,76.75,0.0
2022-04-08,32.0,77.0,0.0
2022-04-08,32.0,77.25,0.0
2022-04-08,32.0,77.5,0.0
2022-04-09,31.5,76.5,0.0
2022-04-09,31.5,76.75,0.0
2022-04-09,31.5,77.0,0.0
2022-04-09,31.5,77.25,0.0
2022-04-09,31.5,77.5,0.0
2022-04-09,31.75,76.5,0.0
2022-04-09,31.75,76.75,0.0
2022-04-09,31.75,77.0,0.0
2022-04-09,31.75,77.25,0.0
2022-04-09,31.75,77.5,0.0
2022-04-09,32.0,76.5,0.0
2022-04-09,32.0,76.75,0.0
2022-04-09,32.0,77.0,0.0
2022-04-09,32.0,77.25,0.0
2022-04-09,32.0,77.5,0.0
2022-04-10,31.5,76.5,0.0
2022-04-10,31.5,76.75,0.0
2022-04-10,31.5,77.0,0.0
2022-04-10,31.5,77.25,0.0
2022-04-10,31.5,77.5,0.0
2022-04-10,31.75,76.5,0.0
2022-04-10,31.75,76.75,0.1681578904390335
2022-04-10,31.75,77.0,0.12669025361537933
2022-04-10,31.75,77.25,0.0
2022-04-10,31.75,77.5,0.0
2022-04-10,32.0,76.5,0.0
2022-04-10,32.0,76.75,0.0
2022-04-10,32.0,77.0,0.0
2022-04-10,32.0,77.25,0.0
2022-04-10,32.0,77.5,0.0
2022-04-11,31.5,76.5,0.0
2022-04-11,31.5,76.75,0.0
2022-04-11,31.5,77.0,0.0
2022-04-11,31.5,77.25,0.0
2022-04-11,31.5,77.5,0.0
2022-04-11,31.75,76.5,0.0
2022-04-11,31.75,76.75,0.0
2022-04-11,31.75,77.0,0.0
2022-04-11,31.75,77.25,0.0
2022-04-11,31.75,77.5,0.0
2022-04-11,32.0,76.5,0.0
2022-04-11,32.0,76.75,0.0
2022-04-11,32.0,77.0,0.0
2022-04-11,32.0,77.25,0.0
2022-04-11,32.0,77.5,0.0
2022-04-12,31.5,76.5,0.0
2022-04-12,31.5,76.75,0.0
2022-04-12,31.5,77.0,0.0
2022-04-12,31.5,77.25,0.0
2022-04-12,31.5,77.5,0.0
2022-04-12,31.75,76.5,0.0
2022-04-12,31.75,76.75,0.0
2022-04-12,31.75,77.0,0.0
2022-04-12,31.75,77.25,0.0
2022-04-12,31.75,77.5,0.0
2022-04-12,32.0,76.5,0.0
2022-04-12,32.0,76.75,0.0
2022-04-12,32.0,77.0,0.0
2022-04-12,32.0,77.25,0.0
2022-04-12,32.0,77.5,0.0
2022-04-13,31.5,76.5,0.0
2022-04-13,31.5,76.75,0.0
2022-04-13,31.5,77.0,0.0
2022-04-13,31.5,77.25,0.0
2022-04-13,31.5,77.5,0.0
2022-04-13,31.75,76.5,0.0
2022-04-13,31.75,76.75,0.0
2022-04-13,31.75,77.0,0.0
2022-04-13,31.75,77.25,0.0
2022-04-13,31.75,77.5,0.0
2022-04-13,32.0,76.5,0.0
2022-04-13,32.0,76.75,0.0
2022-04-13,32.0,77.0,0.0
2022-04-13,32.0,77.25,0.0
2022-04-13,32.0,77.5,0.0
2022-04-14,31.5,76.5,0.0
2022-04-14,31.5,76.75,0.37409746646881104
2022-04-14,31.5,77.0,4.809621810913086
2022-04-14,31.5,77.25,8.158791542053223
2022-04-14,31.5,77.5,17.473255157470703
2022-04-14,31.75,76.5,0.0
2022-04-14,31.75,76.75,5.933204650878906
2022-04-14,31.75,77.0,3.6386959552764893
2022-04-14,31.75,77.25,6.8216657638549805
2022-04-14,31.75,77.5,11.95180892944336
2022-04-14,32.0,76.5,3.5725395679473877
2022-04-14,32.0,76.75,5.743709564208984
2022-04-14,32.0,77.0,9.722453117370605
2022-04-14,32.0,77.25,11.014225006103516
2022-04-14,32.0,77.5,7.4961256980896
2022-04-15,31.5,76.5,0.6560434103012085
2022-04-15,31.5,76.75,3.3568432331085205
2022-04-15,31.5,77.0,1.7078680992126465
2022-04-15,31.5,77.25,1.1198492050170898
2022-04-15,31.5,77.5,1.8438156843185425
2022-04-15,31.75,76.5,0.0
2022-04-15,31.75,76.75,2.581261157989502
2022-04-15,31.75,77.0,1.0341439247131348
2022-04-15,31.75,77.25,1.3133453130722046
2022-04-15,31.75,77.5,0.9349154233932495
2022-04-15,32.0,76.5,0.0
2022-04-15,32.0,76.75,0.2936290204524994
2022-04-15,32.0,77.0,0.62946617603302
2022-04-15,32.0,77.25,0.8233034014701843
2022-04-15,32.0,77.5,0.2566938102245331
2022-04-16,31.5,76.5,0.0
2022-04-16,31.5,76.75,0.0
2022-04-16,31.5,77.0,0.8602641224861145
2022-04-16,31.5,77.25,0.4781080186367035
2022-04-16,31.5,77.5,0.0
2022-04-16,31.75,76.5,0.0
2022-04-16,31.75,76.75,1.2347450256347656
2022-04-16,31.75,77.0,0.0
2022-04-16,31.75,77.25,0.0
2022-04-16,31.75,77.5,0.0
2022-04-16,32.0,76.5,0.4083963930606842
2022-04-16,32.0,76.75,0.2936290204524994
2022-04-16,32.0,77.0,0.11758136004209518
2022-04-16,32.0,77.25,0.0
2022-04-16,32.0,77.5,0.0
2022-04-17,31.5,76.5,0.0
2022-04-17,31.5,76.75,0.8133098483085632
2022-04-17,31.5,77.0,1.4945348501205444
2022-04-17,31.5,77.25,6.131188869476318
2022-04-17,31.5,77.5,4.754011154174805
2022-04-17,31.75,76.5,0.0
2022-04-17,31.75,76.75,0.1587105691432953
2022-04-17,31.75,77.0,0.0
2022-04-17,31.75,77.25,5.816754341125488
2022-04-17,31.75,77.5,5.455198287963867
2022-04-17,32.0,76.5,4.01548957824707
2022-04-17,32.0,76.75,3.542649745941162
2022-04-17,32.0,77.0,0.0
2022-04-17,32.0,77.25,1.5005089044570923
2022-04-17,32.0,77.5,3.219081163406372
2022-04-18,31.5,76.5,0.0
2022-04-18,31.5,76.75,0.0
2022-04-18,31.5,77.0,0.0
2022-04-18,31.5,77.25,0.0
2022-04-18,31.5,77.5,0.0
2022-04-18,31.75,76.5,0.0
2022-04-18,31.75,76.75,0.0
2022-04-18,31.75,77.0,0.0
2022-04-18,31.75,77.25,0.0
2022-04-18,31.75,77.5,0.0
2022-04-18,32.0,76.5,0.0
2022-04-18,32.0,76.75,0.0
2022-04-18,32.0,77.0,0.0
2022-04-18,32.0,77.25,0.0
2022-04-18,32.0,77.5,0.0
2022-04-19,31.5,76.5,0.0
2022-04-19,31.5,76.75,0.0
2022-04-19,31.5,77.0,0.0
2022-04-19,31.5,77.25,0.0
2022-04-19,31.5,77.5,0.0
2022-04-19,31.75,76.5,0.0
2022-04-19,31.75,76.75,0.0
2022-04-19,31.75,77.0,0.0
2022-04-19,31.75,77.25,0.0
2022-04-19,31.75,77.5,0.21960210800170898
2022-04-19,32.0,76.5,0.0
2022-04-19,32.0,76.75,0.0
2022-04-19,32.0,77.0,0.0
2022-04-19,32.0,77.25,0.0
2022-04-19,32.0,77.5,0.29200294613838196
2022-04-20,31.5,76.5,0.0
2022-04-20,31.5,76.75,0.0
2022-04-20,31.5,77.0,0.0
2022-04-20,31.5,77.25,0.0
2022-04-20,31.5,77.5,0.22779405117034912
2022-04-20,31.75,76.5,0.0
2022-04-20,31.75,76.75,0.0
2022-04-20,31.75,77.0,0.2291656881570816
2022-04-20,31.75,77.25,0.0
2022-04-20,31.75,77.5,0.5133321285247803
2022-04-20,32.0,76.5,0.0
2022-04-20,32.0,76.75,0.0
2022-04-20,32.0,77.0,0.15543876588344574
2022-04-20,32.0,77.25,0.10245019942522049
2022-04-20,32.0,77.5,0.6527015566825867
2022-04-21,31.5,76.5,0.0
2022-04-21,31.5,76.75,0.0
2022-04-21,31.5,77.0,0.0
2022-04-21,31.5,77.25,0.0
2022-04-21,31.5,77.5,0.0
2022-04-21,31.75,76.5,0.0
2022-04-21,31.75,76.75,0.0
2022-04-21,31.75,77.0,0.0
2022-04-21,31.75,77.25,0.0
2022-04-21,31.75,77.5,0.0
2022-04-21,32.0,76.5,0.0
2022-04-21,32.0,76.75,0.0
2022-04-21,32.0,77.0,0.0
2022-04-21,32.0,77.25,0.0
2022-04-21,32.0,77.5,0.0
2022-04-22,31.5,76.5,2.4379091262817383
2022-04-22,31.5,76.75,0.5267930030822754
2022-04-22,31.5,77.0,3.1172657012939453
2022-04-22,31.5,77.25,1.7414445877075195
2022-04-22,31.5,77.5,0.2537093758583069
2022-04-22,31.75,76.5,0.1797882467508316
2022-04-22,31.75,76.75,0.5054913759231567
2022-04-22,31.75,77.0,2.5791985988616943
2022-04-22,31.75,77.25,2.0429580211639404
2022-04-22,31.75,77.5,0.8870709538459778
2022-04-22,32.0,76.5,2.8537209033966064
2022-04-22,32.0,76.75,3.8617472648620605
2022-04-22,32.0,77.0,4.7662177085876465
2022-04-22,32.0,77.25,4.893452167510986
2022-04-22,32.0,77.5,1.7178330421447754
2022-04-23,31.5,76.5,0.0
2022-04-23,31.5,76.75,0.0
2022-04-23,31.5,77.0,0.0
2022-04-23,31.5,77.25,0.0
2022-04-23,31.5,77.5,0.0
2022-04-23,31.75,76.5,0.0
2022-04-23,31.75,76.75,0.0
2022-04-23,31.75,77.0,0.0
2022-04-23,31.75,77.25,0.0
2022-04-23,31.75,77.5,0.39920178055763245
2022-04-23,32.0,76.5,1.5790159702301025
2022-04-23,32.0,76.75,1.0028640031814575
2022-04-23,32.0,77.0,0.0
2022-04-23,32.0,77.25,0.0
2022-04-23,32.0,77.5,0.29229557514190674
2022-04-24,31.5,76.5,0.0
2022-04-24,31.5,76.75,0.0
2022-04-24,31.5,77.0,0.0
2022-04-24,31.5,77.25,0.0
2022-04-24,31.5,77.5,0.0
2022-04-24,31.75,76.5,0.0
2022-04-24,31.75,76.75,0.0
2022-04-24,31.75,77.0,0.0
2022-04-24,31.75,77.25,0.0
2022-04-24,31.75,77.5,0.0
2022-04-24,32.0,76.5,0.0
2022-04-24,32.0,76.75,0.0
2022-04-24,32.0,77.0,0.0
2022-04-24,32.0,77.25,0.0
2022-04-24,32.0,77.5,0.0
2022-04-25,31.5,76.5,0.0
2022-04-25,31.5,76.75,0.0
2022-04-25,31.5,77.0,0.0
2022-04-25,31.5,77.25,0.0
2022-04-25,31.5,77.5,0.0
2022-04-25,31.75,76.5,0.0
2022-04-25,31.75,76.75,0.0
2022-04-25,31.75,77.0,0.0
2022-04-25,31.75,77.25,0.0
2022-04-25,31.75,77.5,0.0
2022-04-25,32.0,76.5,0.0
2022-04-25,32.0,76.75,0.0
2022-04-25,32.0,77.0,0.0
2022-04-25,32.0,77.25,0.0
2022-04-25,32.0,77.5,0.0
2022-04-26,31.5,76.5,0.0
2022-04-26,31.5,76.75,0.0
2022-04-26,31.5,77.0,0.0
2022-04-26,31.5,77.25,0.0
2022-04-26,31.5,77.5,0.0
2022-04-26,31.75,76.5,0.3988419771194458
2022-04-26,31.75,76.75,0.0
2022-04-26,31.75,77.0,0.0
2022-04-26,31.75,77.25,0.0
2022-04-26,31.75,77.5,0.0
2022-04-26,32.0,76.5,0.7558632493019104
2022-04-26,32.0,76.75,0.0
2022-04-26,32.0,77.0,0.0
2022-04-26,32.0,77.25,0.0
2022-04-26,32.0,77.5,0.0
2022-04-27,31.5,76.5,0.0
2022-04-27,31.5,76.75,0.0
2022-04-27,31.5,77.0,0.0
2022-04-27,31.5,77.25,0.0
2022-04-27,31.5,77.5,0.0
2022-04-27,31.75,76.5,0.0
2022-04-27,31.75,76.75,0.0
2022-04-27,31.75,77.0,0.0
2022-04-27,31.75,77.25,0.0
2022-04-27,31.75,77.5,0.0
2022-04-27,32.0,76.5,0.0
2022-04-27,32.0,76.75,0.0
2022-04-27,32.0,77.0,0.0
2022-04-27,32.0,77.25,0.0
2022-04-27,32.0,77.5,0.0
2022-04-28,31.5,76.5,0.0
2022-04-28,31.5,76.75,0.0
2022-04-28,31.5,77.0,0.0
2022-04-28,31.5,77.25,0.0
2022-04-28,31.5,77.5,0.0
2022-04-28,31.75,76.5,0.0
2022-04-28,31.75,76.75,0.0
2022-04-28,31.75,77.0,0.0
2022-04-28,31.75,77.25,0.0
2022-04-28,31.75,77.5,0.0
2022-04-28,32.0,76.5,0.0
2022-04-28,32.0,76.75,0.0
2022-04-28,32.0,77.0,0.0
2022-04-28,32.0,77.25,0.0
2022-04-28,32.0,77.5,0.0
2022-04-29,31.5,76.5,0.0
2022-04-29,31.5,76.75,0.0
2022-04-29,31.5,77.0,0.0
2022-04-29,31.5,77.25,0.0
2022-04-29,31.5,77.5,0.0
2022-04-29,31.75,76.5,0.0
2022-04-29,31.75,76.75,0.0
2022-04-29,31.75,77.0,0.0
2022-04-29,31.75,77.25,0.0
2022-04-29,31.75,77.5,0.0
2022-04-29,32.0,76.5,0.0
2022-04-29,32.0,76.75,0.0
2022-04-29,32.0,77.0,2.1123411655426025
2022-04-29,32.0,77.25,2.3715858459472656
2022-04-29,32.0,77.5,0.0
2022-04-30,31.5,76.5,0.0
2022-04-30,31.5,76.75,0.0
2022-04-30,31.5,77.0,0.0
2022-04-30,31.5,77.25,0.0
2022-04-30,31.5,77.5,0.0
2022-04-30,31.75,76.5,0.0
2022-04-30,31.75,76.75,0.0
2022-04-30,31.75,77.0,0.0
2022-04-30,31.75,77.25,0.0
2022-04-30,31.75,77.5,0.0
2022-04-30,32.0,76.5,0.0
2022-04-30,32.0,76.75,0.0
2022-04-30,32.0,77.0,0.0
2022-04-30,32.0,77.25,0.0
2022-04-30,32.0,77.5,0.0
2022-05-01,31.5,76.5,0.0
2022-05-01,31.5,76.75,0.0
2022-05-01,31.5,77.0,0.0
2022-05-01,31.5,77.25,0.0
2022-05-01,31.5,77.5,0.0
2022-05-01,31.75,76.5,0.0
2022-05-01,31.75,76.75,0.0
2022-05-01,31.75,77.0,0.8402742147445679
2022-05-01,31.75,77.25,0.18839411437511444
2022-05-01,31.75,77.5,0.0
2022-05-01,32.0,76.5,0.0
2022-05-01,32.0,76.75,0.273790568113327
2022-05-01,32.0,77.0,0.5699421763420105
2022-05-01,32.0,77.25,0.3756507337093353
2022-05-01,32.0,77.5,0.37180957198143005
2022-05-02,31.5,76.5,0.0
2022-05-02,31.5,76.75,0.17063447833061218
2022-05-02,31.5,77.0,0.4099956750869751
2022-05-02,31.5,77.25,0.0
2022-05-02,31.5,77.5,0.0
2022-05-02,31.75,76.5,0.0
2022-05-02,31.75,76.75,0.0
2022-05-02,31.75,77.0,0.434449166059494
2022-05-02,31.75,77.25,0.0
2022-05-02,31.75,77.5,0.0
2022-05-02,32.0,76.5,4.219512939453125
2022-05-02,32.0,76.75,5.014320373535156
2022-05-02,32.0,77.0,0.0
2022-05-02,32.0,77.25,0.0
2022-05-02,32.0,77.5,0.0
2022-05-03,31.5,76.5,0.0
2022-05-03,31.5,76.75,0.0
2022-05-03,31.5,77.0,0.0
2022-05-03,31.5,77.25,0.0
2022-05-03,31.5,77.5,0.0
2022-05-03,31.75,76.5,0.0
2022-05-03,31.75,76.75,0.0
2022-05-03,31.75,77.0,0.0
2022-05-03,31.75,77.25,0.0
2022-05-03,31.75,77.5,0.0
2022-05-03,32.0,76.5,0.0
2022-05-03,32.0,76.75,0.0
2022-05-03,32.0,77.0,0.0
2022-05-03,32.0,77.25,0.0
2022-05-03,32.0,77.5,0.0
2022-05-04,31.5,76.5,0.0
2022-05-04,31.5,76.75,0.0
2022-05-04,31.5,77.0,1.2571898698806763
2022-05-04,31.5,77.25,7.112088203430176
2022-05-04,31.5,77.5,14.429997444152832
2022-05-04,31.75,76.5,1.4291837215423584
2022-05-04,31.75,76.75,1.314475417137146
2022-05-04,31.75,77.0,5.309060573577881
2022-05-04,31.75,77.25,6.4340996742248535
2022-05-04,31.75,77.5,10.95528507232666
2022-05-04,32.0,76.5,3.1304609775543213
2022-05-04,32.0,76.75,2.6807234287261963
2022-05-04,32.0,77.0,6.599109172821045
2022-05-04,32.0,77.25,7.452003479003906
2022-05-04,32.0,77.5,8.383722305297852
2022-05-05,31.5,76.5,1.4664928913116455
2022-05-05,31.5,76.75,4.115766525268555
2022-05-05,31.5,77.0,0.0
2022-05-05,31.5,77.25,3.1833269596099854
2022-05-05,31.5,77.5,0.0
2022-05-05,31.75,76.5,0.8837868571281433
2022-05-05,31.75,76.75,0.3120240867137909
2022-05-05,31.75,77.0,0.0
2022-05-05,31.75,77.25,3.428284168243408
2022-05-05,31.75,77.5,1.9283579587936401
2022-05-05,32.0,76.5,2.090398073196411
2022-05-05,32.0,76.75,0.48462527990341187
2022-05-05,32.0,77.0,0.0
2022-05-05,32.0,77.25,0.9179583191871643
2022-05-05,32.0,77.5,1.3348076343536377
2022-05-06,31.5,76.5,0.0
2022-05-06,31.5,76.75,0.0
2022-05-06,31.5,77.0,0.0
2022-05-06,31.5,77.25,0.0
2022-05-06,31.5,77.5,0.0
2022-05-06,31.75,76.5,0.0
2022-05-06,31.75,76.75,0.0
2022-05-06,31.75,77.0,0.0
2022-05-06,31.75,77.25,0.0
2022-05-06,31.75,77.5,0.0
2022-05-06,32.0,76.5,0.0
2022-05-06,32.0,76.75,0.0
2022-05-06,32.0,77.0,0.0
2022-05-06,32.0,77.25,0.0
2022-05-06,32.0,77.5,0.0
2022-05-07,31.5,76.5,0.0
2022-05-07,31.5,76.75,0.0
2022-05-07,31.5,77.0,0.0
2022-05-07,31.5,77.25,0.0
2022-05-07,31.5,77.5,0.0
2022-05-07,31.75,76.5,0.0
2022-05-07,31.75,76.75,0.754566490650177
2022-05-07,31.75,77.0,2.4965298175811768
2022-05-07,31.75,77.25,0.5480556488037109
2022-05-07,31.75,77.5,0.0
2022-05-07,32.0,76.5,1.2251890897750854
2022-05-07,32.0,76.75,0.975921630859375
2022-05-07,32.0,77.0,2.0732901096343994
2022-05-07,32.0,77.25,1.4823747873306274
2022-05-07,32.0,77.5,1.0816279649734497
2022-05-08,31.5,76.5,0.0
2022-05-08,31.5,76.75,0.0
2022-05-08,31.5,77.0,0.0
2022-05-08,31.5,77.25,0.0
2022-05-08,31.5,77.5,0.0
2022-05-08,31.75,76.5,0.0
2022-05-08,31.75,76.75,0.0
2022-05-08,31.75,77.0,0.0
2022-05-08,31.75,77.25,0.0
2022-05-08,31.75,77.5,0.0
2022-05-08,32.0,76.5,0.0
2022-05-08,32.0,76.75,0.0
2022-05-08,32.0,77.0,0.0
2022-05-08,32.0,77.25,0.0
2022-05-08,32.0,77.5,0.0
2022-05-09,31.5,76.5,0.0
2022-05-09,31.5,76.75,0.0
2022-05-09,31.5,77.0,0.0
2022-05-09,31.5,77.25,0.0
2022-05-09,31.5,77.5,0.0
2022-05-09,31.75,76.5,0.0
2022-05-09,31.75,76.75,0.0
2022-05-09,31.75,77.0,0.0
2022-05-09,31.75,77.25,0.0
2022-05-09,31.75,77.5,0.19764189422130585
2022-05-09,32.0,76.5,0.0
2022-05-09,32.0,76.75,0.0
2022-05-09,32.0,77.0,0.0
2022-05-09,32.0,77.25,0.0
2022-05-09,32.0,77.5,0.2628026306629181
2022-05-10,31.5,76.5,0.0
2022-05-10,31.5,76.75,3.554262638092041
2022-05-10,31.5,77.0,4.82758903503418
2022-05-10,31.5,77.25,1.30442214012146
2022-05-10,31.5,77.5,2.79343581199646
2022-05-10,31.75,76.5,1.0087778568267822
2022-05-10,31.75,76.75,0.0
2022-05-10,31.75,77.0,0.37238502502441406
2022-05-10,31.75,77.25,0.5320699214935303
2022-05-10,31.75,77.5,4.007884979248047
2022-05-10,32.0,76.5,9.706104278564453
2022-05-10,32.0,76.75,1.0028640031814575
2022-05-10,32.0,77.0,0.20605283975601196
2022-05-10,32.0,77.25,0.2337435930967331
2022-05-10,32.0,77.5,3.753957986831665
2022-05-11,31.5,76.5,0.0
2022-05-11,31.5,76.75,0.0
2022-05-11,31.5,77.0,5.230871677398682
2022-05-11,31.5,77.25,1.3334287405014038
2022-05-11,31.5,77.5,0.0
2022-05-11,31.75,76.5,0.0
2022-05-11,31.75,76.75,0.0
2022-05-11,31.75,77.0,0.0
2022-05-11,31.75,77.25,0.7448979616165161
2022-05-11,31.75,77.5,0.0
2022-05-11,32.0,76.5,0.0
2022-05-11,32.0,76.75,0.0
2022-05-11,32.0,77.0,0.0
2022-05-11,32.0,77.25,0.0
2022-05-11,32.0,77.5,0.0
2022-05-12,31.5,76.5,0.0
2022-05-12,31.5,76.75,9.137773513793945
2022-05-12,31.5,77.0,3.374616861343384
2022-05-12,31.5,77.25,2.70131516456604
2022-05-12,31.5,77.5,0.0
2022-05-12,31.75,76.5,0.0
2022-05-12,31.75,76.75,10.133634567260742
2022-05-12,31.75,77.0,4.254825592041016
2022-05-12,31.75,77.25,3.313133955001831
2022-05-12,31.75,77.5,1.3101561069488525
2022-05-12,32.0,76.5,3.1443023681640625
2022-05-12,32.0,76.75,5.3892502784729
2022-05-12,32.0,77.0,2.5056488513946533
2022-05-12,32.0,77.25,2.1726980209350586
2022-05-12,32.0,77.5,1.6074987649917603
2022-05-13,31.5,76.5,5.451375484466553
2022-05-13,31.5,76.75,5.919460773468018
2022-05-13,31.5,77.0,8.421089172363281
2022-05-13,31.5,77.25,7.271603107452393
2022-05-13,31.5,77.5,3.7023708820343018
2022-05-13,31.75,76.5,13.450810432434082
2022-05-13,31.75,76.75,8.048178672790527
2022-05-13,31.75,77.0,2.131443977355957
2022-05-13,31.75,77.25,6.646157741546631
2022-05-13,31.75,77.5,5.6218366622924805
2022-05-13,32.0,76.5,3.48457407951355
2022-05-13,32.0,76.75,5.031317234039307
2022-05-13,32.0,77.0,1.1739013195037842
2022-05-13,32.0,77.25,2.026801824569702
2022-05-13,32.0,77.5,4.228696823120117
2022-05-14,31.5,76.5,0.0
2022-05-14,31.5,76.75,0.0
2022-05-14,31.5,77.0,0.0
2022-05-14,31.5,77.25,0.0
2022-05-14,31.5,77.5,0.0
2022-05-14,31.75,76.5,0.0
2022-05-14,31.75,76.75,0.0
2022-05-14,31.75,77.0,0.0
2022-05-14,31.75,77.25,0.0
2022-05-14,31.75,77.5,0.0
2022-05-14,32.0,76.5,0.0
2022-05-14,32.0,76.75,0.0
2022-05-14,32.0,77.0,0.0
2022-05-14,32.0,77.25,0.0
2022-05-14,32.0,77.5,0.0
2022-05-15,31.5,76.5,0.0
2022-05-15,31.5,76.75,0.0
2022-05-15,31.5,77.0,0.0
2022-05-15,31.5,77.25,0.0
2022-05-15,31.5,77.5,0.0
2022-05-15,31.75,76.5,0.0
2022-05-15,31.75,76.75,0.0
2022-05-15,31.75,77.0,0.0
2022-05-15,31.75,77.25,0.0
2022-05-15,31.75,77.5,0.0
2022-05-15,32.0,76.5,0.0
2022-05-15,32.0,76.75,0.0
2022-05-15,32.0,77.0,0.0
2022-05-15,32.0,77.25,0.0
2022-05-15,32.0,77.5,0.0
2022-05-16,31.5,76.5,0.0
2022-05-16,31.5,76.75,0.0
2022-05-16,31.5,77.0,0.0
2022-05-16,31.5,77.25,0.0
2022-05-16,31.5,77.5,0.0
2022-05-16,31.75,76.5,0.0
2022-05-16,31.75,76.75,1.0449497699737549
2022-05-16,31.75,77.0,1.4110100269317627
2022-05-16,31.75,77.25,0.4117469787597656
2022-05-16,31.75,77.5,0.0
2022-05-16,32.0,76.5,0.0
2022-05-16,32.0,76.75,0.45407241582870483
2022-05-16,32.0,77.0,0.945205569267273
2022-05-16,32.0,77.25,0.7211392521858215
2022-05-16,32.0,77.5,0.4394112825393677
2022-05-17,31.5,76.5,0.0
2022-05-17,31.5,76.75,0.8747054934501648
2022-05-17,31.5,77.0,7.837584972381592
2022-05-17,31.5,77.25,10.18044662475586
2022-05-17,31.5,77.5,7.123667240142822
2022-05-17,31.75,76.5,1.2417787313461304
2022-05-17,31.75,76.75,3.26021671295166
2022-05-17,31.75,77.0,7.728443145751953
2022-05-17,31.75,77.25,10.3829984664917
2022-05-17,31.75,77.5,7.806117534637451
2022-05-17,32.0,76.5,3.479870319366455
2022-05-17,32.0,76.75,6.34512186050415
2022-05-17,32.0,77.0,5.074514389038086
2022-05-17,32.0,77.25,5.526346206665039
2022-05-17,32.0,77.5,8.49916934967041
2022-05-18,31.5,76.5,0.0
2022-05-18,31.5,76.75,0.18817724287509918
2022-05-18,31.5,77.0,0.8644090294837952
2022-05-18,31.5,77.25,0.19048981368541718
2022-05-18,31.5,77.5,0.22779405117034912
2022-05-18,31.75,76.5,0.0
2022-05-18,31.75,76.75,0.5273075103759766
2022-05-18,31.75,77.0,3.212822675704956
2022-05-18,31.75,77.25,0.7914835214614868
2022-05-18,31.75,77.5,0.2937300205230713
2022-05-18,32.0,76.5,0.2558818459510803
2022-05-18,32.0,76.75,1.435210108757019
2022-05-18,32.0,77.0,2.1182429790496826
2022-05-18,32.0,77.25,1.3660026788711548
2022-05-18,32.0,77.5,1.6113308668136597
2022-05-19,31.5,76.5,0.0
2022-05-19,31.5,76.75,0.0
2022-05-19,31.5,77.0,0.0
2022-05-19,31.5,77.25,0.0
2022-05-19,31.5,77.5,1.3667641878128052
2022-05-19,31.75,76.5,0.0
2022-05-19,31.75,76.75,0.0
2022-05-19,31.75,77.0,0.0
2022-05-19,31.75,77.25,0.0
2022-05-19,31.75,77.5,1.7623801231384277
2022-05-19,32.0,76.5,0.0
2022-05-19,32.0,76.75,0.0
2022-05-19,32.0,77.0,0.0
2022-05-19,32.0,77.25,0.0
2022-05-19,32.0,77.5,1.555775761604309
2022-05-20,31.5,76.5,0.0
2022-05-20,31.5,76.75,0.0
2022-05-20,31.5,77.0,0.0
2022-05-20,31.5,77.25,0.0
2022-05-20,31.5,77.5,0.0
2022-05-20,31.75,76.5,0.8061770796775818
2022-05-20,31.75,76.75,0.0
2022-05-20,31.75,77.0,0.0
2022-05-20,31.75,77.25,0.0
2022-05-20,31.75,77.5,0.0
2022-05-20,32.0,76.5,2.9604640007019043
2022-05-20,32.0,76.75,0.8134781718254089
2022-05-20,32.0,77.0,0.4121056795120239
2022-05-20,32.0,77.25,0.4674871861934662
2022-05-20,32.0,77.5,0.0
2022-05-21,31.5,76.5,0.0
2022-05-21,31.5,76.75,0.36598941683769226
2022-05-21,31.5,77.0,4.318822383880615
2022-05-21,31.5,77.25,2.0644187927246094
2022-05-21,31.5,77.5,3.990126848220825
2022-05-21,31.75,76.5,0.0
2022-05-21,31.75,76.75,2.8554975986480713
2022-05-21,31.75,77.0,1.601062536239624
2022-05-21,31.75,77.25,0.9609436392784119
2022-05-21,31.75,77.5,3.2297489643096924
2022-05-21,32.0,76.5,0.0
2022-05-21,32.0,76.75,0.8704678416252136
2022-05-21,32.0,77.0,1.8406363725662231
2022-05-21,32.0,77.25,1.5344345569610596
2022-05-21,32.0,77.5,2.223111629486084
2022-05-22,31.5,76.5,0.0
2022-05-22,31.5,76.75,0.0
2022-05-22,31.5,77.0,0.0
2022-05-22,31.5,77.25,3.4281985759735107
2022-05-22,31.5,77.5,0.0
2022-05-22,31.75,76.5,0.0
2022-05-22,31.75,76.75,0.0
2022-05-22,31.75,77.0,0.0
2022-05-22,31.75,77.25,3.6919984817504883
2022-05-22,31.75,77.5,1.327892541885376
2022-05-22,32.0,76.5,0.8415428400039673
2022-05-22,32.0,76.75,0.0
2022-05-22,32.0,77.0,0.0
2022-05-22,32.0,77.25,0.9885705709457397
2022-05-22,32.0,77.5,1.4701787233352661
2022-05-23,31.5,76.5,9.289558410644531
2022-05-23,31.5,76.75,11.413300514221191
2022-05-23,31.5,77.0,10.498233795166016
2022-05-23,31.5,77.25,12.78104305267334
2022-05-23,31.5,77.5,5.632932186126709
2022-05-23,31.75,76.5,10.100054740905762
2022-05-23,31.75,76.75,7.94952392578125
2022-05-23,31.75,77.0,1.2825989723205566
2022-05-23,31.75,77.25,11.37471866607666
2022-05-23,31.75,77.5,9.392378807067871
2022-05-23,32.0,76.5,0.17672276496887207
2022-05-23,32.0,76.75,1.402894377708435
2022-05-23,32.0,77.0,1.431436538696289
2022-05-23,32.0,77.25,3.7287044525146484
2022-05-23,32.0,77.5,6.286747932434082
2022-05-24,31.5,76.5,15.388279914855957
2022-05-24,31.5,76.75,4.752007484436035
2022-05-24,31.5,77.0,12.241769790649414
2022-05-24,31.5,77.25,18.06268310546875
2022-05-24,31.5,77.5,3.0562262535095215
2022-05-24,31.75,76.5,7.362688064575195
2022-05-24,31.75,76.75,31.673320770263672
2022-05-24,31.75,77.0,18.06439781188965
2022-05-24,31.75,77.25,22.20009422302246
2022-05-24,31.75,77.5,8.465035438537598
2022-05-24,32.0,76.5,19.430707931518555
2022-05-24,32.0,76.75,21.065582275390625
2022-05-24,32.0,77.0,16.33710479736328
2022-05-24,32.0,77.25,17.405651092529297
2022-05-24,32.0,77.5,11.532388687133789
2022-05-25,31.5,76.5,4.697229385375977
2022-05-25,31.5,76.75,6.946834564208984
2022-05-25,31.5,77.0,21.723459243774414
2022-05-25,31.5,77.25,29.600711822509766
2022-05-25,31.5,77.5,12.989439010620117
2022-05-25,31.75,76.5,4.607052803039551
2022-05-25,31.75,76.75,15.483495712280273
2022-05-25,31.75,77.0,14.40077018737793
2022-05-25,31.75,77.25,26.517345428466797
2022-05-25,31.75,77.5,17.498733520507812
2022-05-25,32.0,76.5,11.156757354736328
2022-05-25,32.0,76.75,12.86638069152832
2022-05-25,32.0,77.0,12.701555252075195
2022-05-25,32.0,77.25,15.58646297454834
2022-05-25,32.0,77.5,15.233800888061523
2022-05-26,31.5,76.5,0.0
2022-05-26,31.5,76.75,0.0
2022-05-26,31.5,77.0,0.0
2022-05-26,31.5,77.25,0.0
2022-05-26,31.5,77.5,0.0
2022-05-26,31.75,76.5,0.0
2022-05-26,31.75,76.75,0.0
2022-05-26,31.75,77.0,0.0
2022-05-26,31.75,77.25,0.0
2022-05-26,31.75,77.5,0.0
2022-05-26,32.0,76.5,0.0
2022-05-26,32.0,76.75,0.0
2022-05-26,32.0,77.0,0.0
2022-05-26,32.0,77.25,0.0
2022-05-26,32.0,77.5,0.0
2022-05-27,31.5,76.5,0.0
2022-05-27,31.5,76.75,0.0
2022-05-27,31.5,77.0,0.0
2022-05-27,31.5,77.25,0.0
2022-05-27,31.5,77.5,0.0
2022-05-27,31.75,76.5,0.0
2022-05-27,31.75,76.75,0.0
2022-05-27,31.75,77.0,0.0
2022-05-27,31.75,77.25,0.0
2022-05-27,31.75,77.5,0.0
2022-05-27,32.0,76.5,0.0
2022-05-27,32.0,76.75,0.0
2022-05-27,32.0,77.0,0.0
2022-05-27,32.0,77.25,0.0
2022-05-27,32.0,77.5,0.0
2022-05-28,31.5,76.5,0.0
2022-05-28,31.5,76.75,0.0
2022-05-28,31.5,77.0,0.0
2022-05-28,31.5,77.25,0.0
2022-05-28,31.5,77.5,2.7335283756256104
2022-05-28,31.75,76.5,0.0
2022-05-28,31.75,76.75,0.0
2022-05-28,31.75,77.0,0.0
2022-05-28,31.75,77.25,0.0
2022-05-28,31.75,77.5,3.5247602462768555
2022-05-28,32.0,76.5,0.0
2022-05-28,32.0,76.75,0.0
2022-05-28,32.0,77.0,0.6868427991867065
2022-05-28,32.0,77.25,0.7791453003883362
2022-05-28,32.0,77.5,3.111551523208618
2022-05-29,31.5,76.5,8.31475830078125
2022-05-29,31.5,76.75,3.8184988498687744
2022-05-29,31.5,77.0,8.600003242492676
2022-05-29,31.5,77.25,5.545795440673828
2022-05-29,31.5,77.5,16.54913902282715
2022-05-29,31.75,76.5,0.8956640362739563
2022-05-29,31.75,76.75,6.339231967926025
2022-05-29,31.75,77.0,2.8699228763580322
2022-05-29,31.75,77.25,2.938800096511841
2022-05-29,31.75,77.5,10.348605155944824
2022-05-29,32.0,76.5,7.316246509552002
2022-05-29,32.0,76.75,3.7407703399658203
2022-05-29,32.0,77.0,1.8434267044067383
2022-05-29,32.0,77.25,1.6744531393051147
2022-05-29,32.0,77.5,6.169917106628418
2022-05-30,31.5,76.5,0.0
2022-05-30,31.5,76.75,0.0
2022-05-30,31.5,77.0,0.0
2022-05-30,31.5,77.25,0.0
2022-05-30,31.5,77.5,0.0
2022-05-30,31.75,76.5,0.0
2022-05-30,31.75,76.75,0.0
2022-05-30,31.75,77.0,0.0
2022-05-30,31.75,77.25,0.0
2022-05-30,31.75,77.5,0.0
2022-05-30,32.0,76.5,0.0
2022-05-30,32.0,76.75,0.0
2022-05-30,32.0,77.0,0.0
2022-05-30,32.0,77.25,0.0
2022-05-30,32.0,77.5,0.0
2022-05-31,31.5,76.5,6.168662071228027
2022-05-31,31.5,76.75,3.0433502197265625
2022-05-31,31.5,77.0,2.984642744064331
2022-05-31,31.5,77.25,0.9115251898765564
2022-05-31,31.5,77.5,0.0
2022-05-31,31.75,76.5,3.852686643600464
2022-05-31,31.75,76.75,17.247051239013672
2022-05-31,31.75,77.0,8.329730033874512
2022-05-31,31.75,77.25,5.131579875946045
2022-05-31,31.75,77.5,0.0
2022-05-31,32.0,76.5,1.1967833042144775
2022-05-31,32.0,76.75,5.775828838348389
2022-05-31,32.0,77.0,7.4702229499816895
2022-05-31,32.0,77.25,5.819994926452637
2022-05-31,32.0,77.5,2.56858491897583
2022-06-01,31.5,76.5,0.34516823291778564
2022-06-01,31.5,76.75,0.21660028398036957
2022-06-01,31.5,77.0,0.761420488357544
2022-06-01,31.5,77.25,0.0
2022-06-01,31.5,77.5,0.0
2022-06-01,31.75,76.5,0.0
2022-06-01,31.75,76.75,0.0
2022-06-01,31.75,77.0,0.8068341612815857
2022-06-01,31.75,77.25,0.0
2022-06-01,31.75,77.5,0.0
2022-06-01,32.0,76.5,0.0
2022-06-01,32.0,76.75,0.0
2022-06-01,32.0,77.0,0.0
2022-06-01,32.0,77.25,0.0
2022-06-01,32.0,77.5,0.0
2022-06-02,31.5,76.5,0.0
2022-06-02,31.5,76.75,0.0
2022-06-02,31.5,77.0,0.0
2022-06-02,31.5,77.25,0.0
2022-06-02,31.5,77.5,0.0
2022-06-02,31.75,76.5,0.0
2022-06-02,31.75,76.75,0.0
2022-06-02,31.75,77.0,0.0
2022-06-02,31.75,77.25,0.0
2022-06-02,31.75,77.5,0.0
2022-06-02,32.0,76.5,0.0
2022-06-02,32.0,76.75,0.0
2022-06-02,32.0,77.0,0.0
2022-06-02,32.0,77.25,0.0
2022-06-02,32.0,77.5,0.0
2022-06-03,31.5,76.5,0.0
2022-06-03,31.5,76.75,0.0
2022-06-03,31.5,77.0,0.0
2022-06-03,31.5,77.25,0.0
2022-06-03,31.5,77.5,0.0
2022-06-03,31.75,76.5,0.0
2022-06-03,31.75,76.75,0.0
2022-06-03,31.75,77.0,0.0
2022-06-03,31.75,77.25,0.0
2022-06-03,31.75,77.5,0.0
2022-06-03,32.0,76.5,0.0
2022-06-03,32.0,76.75,0.0
2022-06-03,32.0,77.0,0.0
2022-06-03,32.0,77.25,0.0
2022-06-03,32.0,77.5,0.0
2022-06-04,31.5,76.5,0.0
2022-06-04,31.5,76.75,0.0
2022-06-04,31.5,77.0,0.0
2022-06-04,31.5,77.25,0.0
2022-06-04,31.5,77.5,0.0
2022-06-04,31.75,76.5,0.0
2022-06-04,31.75,76.75,0.0
2022-06-04,31.75,77.0,0.0
2022-06-04,31.75,77.25,0.0
2022-06-04,31.75,77.5,0.0
2022-06-04,32.0,76.5,0.0
2022-06-04,32.0,76.75,0.0
2022-06-04,32.0,77.0,0.0
2022-06-04,32.0,77.25,0.0
2022-06-04,32.0,77.5,0.0
2022-06-05,31.5,76.5,0.0
2022-06-05,31.5,76.75,0.0
2022-06-05,31.5,77.0,0.0
2022-06-05,31.5,77.25,0.0
2022-06-05,31.5,77.5,0.0
2022-06-05,31.75,76.5,0.0
2022-06-05,31.75,76.75,0.0
2022-06-05,31.75,77.0,0.0
2022-06-05,31.75,77.25,0.0
2022-06-05,31.75,77.5,0.0
2022-06-05,32.0,76.5,0.0
2022-06-05,32.0,76.75,0.0
2022-06-05,32.0,77.0,0.0
2022-06-05,32.0,77.25,0.0
2022-06-05,32.0,77.5,0.0
2022-06-06,31.5,76.5,0.0
2022-06-06,31.5,76.75,0.0
2022-06-06,31.5,77.0,0.0
2022-06-06,31.5,77.25,0.0
2022-06-06,31.5,77.5,0.0
2022-06-06,31.75,76.5,0.0
2022-06-06,31.75,76.75,0.0
2022-06-06,31.75,77.0,0.0
2022-06-06,31.75,77.25,0.0
2022-06-06,31.75,77.5,0.0
2022-06-06,32.0,76.5,0.0
2022-06-06,32.0,76.75,0.0
2022-06-06,32.0,77.0,0.0
2022-06-06,32.0,77.25,0.0
2022-06-06,32.0,77.5,0.0
2022-06-07,31.5,76.5,0.0
2022-06-07,31.5,76.75,0.0
2022-06-07,31.5,77.0,0.0
2022-06-07,31.5,77.25,0.0
2022-06-07,31.5,77.5,0.0
2022-06-07,31.75,76.5,0.0
2022-06-07,31.75,76.75,0.0
2022-06-07,31.75,77.0,0.0
2022-06-07,31.75,77.25,0.0
2022-06-07,31.75,77.5,0.0
2022-06-07,32.0,76.5,0.0
2022-06-07,32.0,76.75,0.0
2022-06-07,32.0,77.0,0.0
2022-06-07,32.0,77.25,0.0
2022-06-07,32.0,77.5,0.0
2022-06-08,31.5,76.5,0.0
2022-06-08,31.5,76.75,0.0
2022-06-08,31.5,77.0,0.0
2022-06-08,31.5,77.25,0.0
2022-06-08,31.5,77.5,0.0
2022-06-08,31.75,76.5,0.0
2022-06-08,31.75,76.75,0.0
2022-06-08,31.75,77.0,0.0
2022-06-08,31.75,77.25,0.0
2022-06-08,31.75,77.5,0.0
2022-06-08,32.0,76.5,0.0
2022-06-08,32.0,76.75,0.0
2022-06-08,32.0,77.0,0.0
2022-06-08,32.0,77.25,0.0
2022-06-08,32.0,77.5,0.0
2022-06-09,31.5,76.5,0.0
2022-06-09,31.5,76.75,0.0
2022-06-09,31.5,77.0,0.0
2022-06-09,31.5,77.25,0.0
2022-06-09,31.5,77.5,0.0
2022-06-09,31.75,76.5,0.0
2022-06-09,31.75,76.75,0.0
2022-06-09,31.75,77.0,0.0
2022-06-09,31.75,77.25,0.0
2022-06-09,31.75,77.5,0.0
2022-06-09,32.0,76.5,0.0
2022-06-09,32.0,76.75,0.0
2022-06-09,32.0,77.0,0.0
2022-06-09,32.0,77.25,0.0
2022-06-09,32.0,77.5,0.0
2022-06-10,31.5,76.5,0.5611697435379028
2022-06-10,31.5,76.75,0.7319788336753845
2022-06-10,31.5,77.0,0.0
2022-06-10,31.5,77.25,0.0
2022-06-10,31.5,77.5,0.0
2022-06-10,31.75,76.5,0.0
2022-06-10,31.75,76.75,0.0
2022-06-10,31.75,77.0,0.0
2022-06-10,31.75,77.25,0.0
2022-06-10,31.75,77.5,0.0
2022-06-10,32.0,76.5,0.0
2022-06-10,32.0,76.75,0.0
2022-06-10,32.0,77.0,0.0
2022-06-10,32.0,77.25,0.0
2022-06-10,32.0,77.5,0.0
2022-06-11,31.5,76.5,0.0
2022-06-11,31.5,76.75,0.0
2022-06-11,31.5,77.0,2.241802453994751
2022-06-11,31.5,77.25,4.0993971824646
2022-06-11,31.5,77.5,5.807068347930908
2022-06-11,31.75,76.5,0.0
2022-06-11,31.75,76.75,0.0
2022-06-11,31.75,77.0,2.0624911785125732
2022-06-11,31.75,77.25,4.2099480628967285
2022-06-11,31.75,77.5,4.431957721710205
2022-06-11,32.0,76.5,0.0
2022-06-11,32.0,76.75,0.6720313429832458
2022-06-11,32.0,77.0,1.3989489078521729
2022-06-11,32.0,77.25,1.840010166168213
2022-06-11,32.0,77.5,3.1031079292297363
2022-06-12,31.5,76.5,1.7113707065582275
2022-06-12,31.5,76.75,2.534510612487793
2022-06-12,31.5,77.0,8.808950424194336
2022-06-12,31.5,77.25,0.9437397122383118
2022-06-12,31.5,77.5,0.2260860651731491
2022-06-12,31.75,76.5,2.62733793258667
2022-06-12,31.75,76.75,0.545949399471283
2022-06-12,31.75,77.0,5.56237268447876
2022-06-12,31.75,77.25,1.6231719255447388
2022-06-12,31.75,77.5,0.0
2022-06-12,32.0,76.5,0.0
2022-06-12,32.0,76.75,1.5680732727050781
2022-06-12,32.0,77.0,3.4104671478271484
2022-06-12,32.0,77.25,2.3362464904785156
2022-06-12,32.0,77.5,2.1294548511505127
2022-06-13,31.5,76.5,2.575058937072754
2022-06-13,31.5,76.75,0.609982430934906
2022-06-13,31.5,77.0,6.926754951477051
2022-06-13,31.5,77.25,1.1429388523101807
2022-06-13,31.5,77.5,0.0
2022-06-13,31.75,76.5,17.33559226989746
2022-06-13,31.75,76.75,0.0
2022-06-13,31.75,77.0,0.824333906173706
2022-06-13,31.75,77.25,0.6866401433944702
2022-06-13,31.75,77.5,0.0
2022-06-13,32.0,76.5,1.6335855722427368
2022-06-13,32.0,76.75,0.17776784300804138
2022-06-13,32.0,77.0,0.6742601990699768
2022-06-13,32.0,77.25,0.5256752371788025
2022-06-13,32.0,77.5,0.3080545663833618
2022-06-14,31.5,76.5,0.0
2022-06-14,31.5,76.75,0.0
2022-06-14,31.5,77.0,0.0
2022-06-14,31.5,77.25,0.0
2022-06-14,31.5,77.5,0.0
2022-06-14,31.75,76.5,0.0
2022-06-14,31.75,76.75,0.0
2022-06-14,31.75,77.0,0.0
2022-06-14,31.75,77.25,0.0
2022-06-14,31.75,77.5,0.0
2022-06-14,32.0,76.5,0.0
2022-06-14,32.0,76.75,0.0
2022-06-14,32.0,77.0,0.0
2022-06-14,32.0,77.25,0.0
2022-06-14,32.0,77.5,0.0
2022-06-15,31.5,76.5,0.0
2022-06-15,31.5,76.75,0.0
2022-06-15,31.5,77.0,0.0
2022-06-15,31.5,77.25,0.0
2022-06-15,31.5,77.5,0.0
2022-06-15,31.75,76.5,0.0
2022-06-15,31.75,76.75,0.0
2022-06-15,31.75,77.0,0.0
2022-06-15,31.75,77.25,0.0
2022-06-15,31.75,77.5,0.0
2022-06-15,32.0,76.5,0.0
2022-06-15,32.0,76.75,0.0
2022-06-15,32.0,77.0,0.0
2022-06-15,32.0,77.25,0.0
2022-06-15,32.0,77.5,0.0
2022-06-16,31.5,76.5,16.525041580200195
2022-06-16,31.5,76.75,18.75762939453125
2022-06-16,31.5,77.0,11.272065162658691
2022-06-16,31.5,77.25,17.040374755859375
2022-06-16,31.5,77.5,9.339990615844727
2022-06-16,31.75,76.5,16.98122787475586
2022-06-16,31.75,76.75,19.549705505371094
2022-06-16,31.75,77.0,20.35403060913086
2022-06-16,31.75,77.25,19.121353149414062
2022-06-16,31.75,77.5,11.256144523620605
2022-06-16,32.0,76.5,3.314342975616455
2022-06-16,32.0,76.75,11.692115783691406
2022-06-16,32.0,77.0,14.129325866699219
2022-06-16,32.0,77.25,13.220175743103027
2022-06-16,32.0,77.5,14.786877632141113
2022-06-17,31.5,76.5,7.155813217163086
2022-06-17,31.5,76.75,9.663390159606934
2022-06-17,31.5,77.0,2.998100757598877
2022-06-17,31.5,77.25,4.264735221862793
2022-06-17,31.5,77.5,11.76525592803955
2022-06-17,31.75,76.5,9.316885948181152
2022-06-17,31.75,76.75,5.439515590667725
2022-06-17,31.75,77.0,6.842564105987549
2022-06-17,31.75,77.25,4.976574897766113
2022-06-17,31.75,77.5,8.789055824279785
2022-06-17,32.0,76.5,6.973873615264893
2022-06-17,32.0,76.75,8.185243606567383
2022-06-17,32.0,77.0,4.818457126617432
2022-06-17,32.0,77.25,4.228316307067871
2022-06-17,32.0,77.5,7.603016376495361
2022-06-18,31.5,76.5,15.058395385742188
2022-06-18,31.5,76.75,4.856081962585449
2022-06-18,31.5,77.0,8.256876945495605
2022-06-18,31.5,77.25,6.324448585510254
2022-06-18,31.5,77.5,1.9467434883117676
2022-06-18,31.75,76.5,9.226362228393555
2022-06-18,31.75,76.75,10.699047088623047
2022-06-18,31.75,77.0,7.050939083099365
2022-06-18,31.75,77.25,7.18475341796875
2022-06-18,31.75,77.5,4.283106327056885
2022-06-18,32.0,76.5,14.112489700317383
2022-06-18,32.0,76.75,12.173745155334473
2022-06-18,32.0,77.0,10.440765380859375
2022-06-18,32.0,77.25,10.773167610168457
2022-06-18,32.0,77.5,5.217097282409668
2022-06-19,31.5,76.5,7.347018718719482
2022-06-19,31.5,76.75,3.972870349884033
2022-06-19,31.5,77.0,2.289194345474243
2022-06-19,31.5,77.25,5.055637359619141
2022-06-19,31.5,77.5,5.841645240783691
2022-06-19,31.75,76.5,1.0087778568267822
2022-06-19,31.75,76.75,1.969584345817566
2022-06-19,31.75,77.0,3.193568229675293
2022-06-19,31.75,77.25,5.2065582275390625
2022-06-19,31.75,77.5,5.585452556610107
2022-06-19,32.0,76.5,3.3779542446136475
2022-06-19,32.0,76.75,4.181108474731445
2022-06-19,32.0,77.0,7.876702308654785
2022-06-19,32.0,77.25,9.116077423095703
2022-06-19,32.0,77.5,4.5230231285095215
2022-06-20,31.5,76.5,0.0
2022-06-20,31.5,76.75,0.0
2022-06-20,31.5,77.0,0.0
2022-06-20,31.5,77.25,2.1253483295440674
2022-06-20,31.5,77.5,7.712695598602295
2022-06-20,31.75,76.5,0.0
2022-06-20,31.75,76.75,0.0
2022-06-20,31.75,77.0,0.0
2022-06-20,31.75,77.25,0.9229996204376221
2022-06-20,31.75,77.5,4.488642692565918
2022-06-20,32.0,76.5,0.0
2022-06-20,32.0,76.75,0.0
2022-06-20,32.0,77.0,0.0
2022-06-20,32.0,77.25,0.24714264273643494
2022-06-20,32.0,77.5,2.7599270343780518
2022-06-21,31.5,76.5,23.63939666748047
2022-06-21,31.5,76.75,6.547939300537109
2022-06-21,31.5,77.0,12.884638786315918
2022-06-21,31.5,77.25,9.725680351257324
2022-06-21,31.5,77.5,5.548659324645996
2022-06-21,31.75,76.5,6.26750373840332
2022-06-21,31.75,76.75,5.432811737060547
2022-06-21,31.75,77.0,9.964494705200195
2022-06-21,31.75,77.25,9.25080680847168
2022-06-21,31.75,77.5,5.72209358215332
2022-06-21,32.0,76.5,0.0
2022-06-21,32.0,76.75,3.3698923587799072
2022-06-21,32.0,77.0,6.224295139312744
2022-06-21,32.0,77.25,5.725837707519531
2022-06-21,32.0,77.5,6.7849626541137695
2022-06-22,31.5,76.5,0.0
2022-06-22,31.5,76.75,0.0
2022-06-22,31.5,77.0,0.0
2022-06-22,31.5,77.25,1.9589706659317017
2022-06-22,31.5,77.5,0.27962473034858704
2022-06-22,31.75,76.5,4.030885696411133
2022-06-22,31.75,76.75,0.0
2022-06-22,31.75,77.0,1.145828366279602
2022-06-22,31.75,77.25,2.366614580154419
2022-06-22,31.75,77.5,1.4804118871688843
2022-06-22,32.0,76.5,15.210716247558594
2022-06-22,32.0,76.75,4.440741539001465
2022-06-22,32.0,77.0,2.425616502761841
2022-06-22,32.0,77.25,2.947097063064575
2022-06-22,32.0,77.5,1.5877292156219482
2022-06-23,31.5,76.5,0.0
2022-06-23,31.5,76.75,0.0
2022-06-23,31.5,77.0,0.0
2022-06-23,31.5,77.25,3.8617167472839355
2022-06-23,31.5,77.5,0.28768831491470337
2022-06-23,31.75,76.5,0.737566351890564
2022-06-23,31.75,76.75,0.0
2022-06-23,31.75,77.0,1.2986055612564087
2022-06-23,31.75,77.25,3.0601532459259033
2022-06-23,31.75,77.5,1.557519793510437
2022-06-23,32.0,76.5,2.708509922027588
2022-06-23,32.0,76.75,1.1673768758773804
2022-06-23,32.0,77.0,1.2242411375045776
2022-06-23,32.0,77.25,1.7115516662597656
2022-06-23,32.0,77.5,1.652728796005249
2022-06-24,31.5,76.5,0.0
2022-06-24,31.5,76.75,0.0
2022-06-24,31.5,77.0,0.0
2022-06-24,31.5,77.25,0.0
2022-06-24,31.5,77.5,0.0
2022-06-24,31.75,76.5,0.0
2022-06-24,31.75,76.75,0.0
2022-06-24,31.75,77.0,0.0
2022-06-24,31.75,77.25,0.0
2022-06-24,31.75,77.5,0.0
2022-06-24,32.0,76.5,0.0
2022-06-24,32.0,76.75,0.0
2022-06-24,32.0,77.0,0.0
2022-06-24,32.0,77.25,0.0
2022-06-24,32.0,77.5,0.0
2022-06-25,31.5,76.5,0.0
2022-06-25,31.5,76.75,0.0
2022-06-25,31.5,77.0,0.0
2022-06-25,31.5,77.25,0.0
2022-06-25,31.5,77.5,0.22779405117034912
2022-06-25,31.75,76.5,0.0
2022-06-25,31.75,76.75,0.0
2022-06-25,31.75,77.0,0.0
2022-06-25,31.75,77.25,0.0
2022-06-25,31.75,77.5,0.2937300205230713
2022-06-25,32.0,76.5,0.0
2022-06-25,32.0,76.75,0.0
2022-06-25,32.0,77.0,0.0
2022-06-25,32.0,77.25,0.0
2022-06-25,32.0,77.5,0.2592959702014923
2022-06-26,31.5,76.5,0.0
2022-06-26,31.5,76.75,0.0
2022-06-26,31.5,77.0,0.0
2022-06-26,31.5,77.25,0.0
2022-06-26,31.5,77.5,0.0
2022-06-26,31.75,76.5,0.0
2022-06-26,31.75,76.75,0.0
2022-06-26,31.75,77.0,0.0
2022-06-26,31.75,77.25,0.0
2022-06-26,31.75,77.5,0.0
2022-06-26,32.0,76.5,0.0
2022-06-26,32.0,76.75,0.0
2022-06-26,32.0,77.0,0.0
2022-06-26,32.0,77.25,0.0
2022-06-26,32.0,77.5,0.0
2022-06-27,31.5,76.5,0.0
2022-06-27,31.5,76.75,0.0
2022-06-27,31.5,77.0,0.0
2022-06-27,31.5,77.25,0.0
2022-06-27,31.5,77.5,0.0
2022-06-27,31.75,76.5,0.0
2022-06-27,31.75,76.75,0.0
2022-06-27,31.75,77.0,0.0
2022-06-27,31.75,77.25,0.0
2022-06-27,31.75,77.5,0.0
2022-06-27,32.0,76.5,0.0
2022-06-27,32.0,76.75,0.0
2022-06-27,32.0,77.0,0.0
2022-06-27,32.0,77.25,0.0
2022-06-27,32.0,77.5,0.0
2022-06-28,31.5,76.5,13.9677734375
2022-06-28,31.5,76.75,4.6669840812683105
2022-06-28,31.5,77.0,0.7592807412147522
2022-06-28,31.5,77.25,0.0
2022-06-28,31.5,77.5,1.1389702558517456
2022-06-28,31.75,76.5,14.225040435791016
2022-06-28,31.75,76.75,9.41921615600586
2022-06-28,31.75,77.0,2.371896982192993
2022-06-28,31.75,77.25,0.6618479490280151
2022-06-28,31.75,77.5,1.4686501026153564
2022-06-28,32.0,76.5,42.34244918823242
2022-06-28,32.0,76.75,39.808349609375
2022-06-28,32.0,77.0,1.4341216087341309
2022-06-28,32.0,77.25,0.9701593518257141
2022-06-28,32.0,77.5,1.2964799404144287
2022-06-29,31.5,76.5,50.1319580078125
2022-06-29,31.5,76.75,25.206674575805664
2022-06-29,31.5,77.0,6.963565349578857
2022-06-29,31.5,77.25,2.979473829269409
2022-06-29,31.5,77.5,0.0
2022-06-29,31.75,76.5,78.72444915771484
2022-06-29,31.75,76.75,35.39600372314453
2022-06-29,31.75,77.0,8.828694343566895
2022-06-29,31.75,77.25,5.647404193878174
2022-06-29,31.75,77.5,0.7113710045814514
2022-06-29,32.0,76.5,17.281457901000977
2022-06-29,32.0,76.75,6.696951389312744
2022-06-29,32.0,77.0,5.081297874450684
2022-06-29,32.0,77.25,5.008809566497803
2022-06-29,32.0,77.5,0.8994050025939941
2022-06-30,31.5,76.5,13.3936128616333
2022-06-30,31.5,76.75,15.09146499633789
2022-06-30,31.5,77.0,22.256805419921875
2022-06-30,31.5,77.25,10.242012977600098
2022-06-30,31.5,77.5,0.4537107050418854
2022-06-30,31.75,76.5,12.478174209594727
2022-06-30,31.75,76.75,16.932518005371094
2022-06-30,31.75,77.0,4.961968898773193
2022-06-30,31.75,77.25,9.12165355682373
2022-06-30,31.75,77.5,2.7038681507110596
2022-06-30,32.0,76.5,12.151995658874512
2022-06-30,32.0,76.75,11.935317993164062
2022-06-30,32.0,77.0,9.123322486877441
2022-06-30,32.0,77.25,9.859207153320312
2022-06-30,32.0,77.5,3.258777618408203
2022-07-01,31.5,76.5,27.148540496826172
2022-07-01,31.5,76.75,24.117788314819336
2022-07-01,31.5,77.0,3.555748224258423
2022-07-01,31.5,77.25,2.4486591815948486
2022-07-01,31.5,77.5,0.31950628757476807
2022-07-01,31.75,76.5,1.4197921752929688
2022-07-01,31.75,76.75,9.857487678527832
2022-07-01,31.75,77.0,2.4563510417938232
2022-07-01,31.75,77.25,1.1701892614364624
2022-07-01,31.75,77.5,0.0
2022-07-01,32.0,76.5,18.889877319335938
2022-07-01,32.0,76.75,13.241905212402344
2022-07-01,32.0,77.0,4.3355488777160645
2022-07-01,32.0,77.25,4.36392879486084
2022-07-01,32.0,77.5,0.0
2022-07-02,31.5,76.5,0.0
2022-07-02,31.5,76.75,0.0
2022-07-02,31.5,77.0,3.819572687149048
2022-07-02,31.5,77.25,2.705838918685913
2022-07-02,31.5,77.5,4.296573162078857
2022-07-02,31.75,76.5,0.232657790184021
2022-07-02,31.75,76.75,0.0
2022-07-02,31.75,77.0,0.8402742147445679
2022-07-02,31.75,77.25,1.836607813835144
2022-07-02,31.75,77.5,7.4073638916015625
2022-07-02,32.0,76.5,1.407341718673706
2022-07-02,32.0,76.75,1.3978108167648315
2022-07-02,32.0,77.0,2.2870490550994873
2022-07-02,32.0,77.25,2.7648401260375977
2022-07-02,32.0,77.5,5.337935924530029
2022-07-03,31.5,76.5,52.08070755004883
2022-07-03,31.5,76.75,28.32964324951172
2022-07-03,31.5,77.0,16.661623001098633
2022-07-03,31.5,77.25,26.192777633666992
2022-07-03,31.5,77.5,19.694778442382812
2022-07-03,31.75,76.5,20.470491409301758
2022-07-03,31.75,76.75,67.51071166992188
2022-07-03,31.75,77.0,9.34721851348877
2022-07-03,31.75,77.25,20.660919189453125
2022-07-03,31.75,77.5,19.673124313354492
2022-07-03,32.0,76.5,14.529032707214355
2022-07-03,32.0,76.75,22.989330291748047
2022-07-03,32.0,77.0,10.034138679504395
2022-07-03,32.0,77.25,9.547953605651855
2022-07-03,32.0,77.5,13.408108711242676
2022-07-04,31.5,76.5,16.43487548828125
2022-07-04,31.5,76.75,5.357396125793457
2022-07-04,31.5,77.0,27.870086669921875
2022-07-04,31.5,77.25,24.78782081604004
2022-07-04,31.5,77.5,12.494560241699219
2022-07-04,31.75,76.5,41.5802001953125
2022-07-04,31.75,76.75,15.270012855529785
2022-07-04,31.75,77.0,15.347138404846191
2022-07-04,31.75,77.25,21.53375244140625
2022-07-04,31.75,77.5,13.424906730651855
2022-07-04,32.0,76.5,6.891966819763184
2022-07-04,32.0,76.75,9.602193832397461
2022-07-04,32.0,77.0,23.939027786254883
2022-07-04,32.0,77.25,27.095272064208984
2022-07-04,32.0,77.5,12.35727310180664
2022-07-05,31.5,76.5,0.0
2022-07-05,31.5,76.75,0.0
2022-07-05,31.5,77.0,0.0
2022-07-05,31.5,77.25,0.8677986264228821
2022-07-05,31.5,77.5,7.766337871551514
2022-07-05,31.75,76.5,0.0
2022-07-05,31.75,76.75,0.0
2022-07-05,31.75,77.0,0.7638855576515198
2022-07-05,31.75,77.25,0.17126737534999847
2022-07-05,31.75,77.5,3.0472474098205566
2022-07-05,32.0,76.5,0.0
2022-07-05,32.0,76.75,0.24890050292015076
2022-07-05,32.0,77.0,6.699714183807373
2022-07-05,32.0,77.25,7.353808403015137
2022-07-05,32.0,77.5,1.1158965826034546
2022-07-06,31.5,76.5,28.394868850708008
2022-07-06,31.5,76.75,51.31991195678711
2022-07-06,31.5,77.0,12.12142562866211
2022-07-06,31.5,77.25,16.857229232788086
2022-07-06,31.5,77.5,46.35170364379883
2022-07-06,31.75,76.5,26.491817474365234
2022-07-06,31.75,76.75,20.16358184814453
2022-07-06,31.75,77.0,13.884812355041504
2022-07-06,31.75,77.25,14.727263450622559
2022-07-06,31.75,77.5,27.100725173950195
2022-07-06,32.0,76.5,28.840972900390625
2022-07-06,32.0,76.75,26.431976318359375
2022-07-06,32.0,77.0,28.077465057373047
2022-07-06,32.0,77.25,30.606075286865234
2022-07-06,32.0,77.5,16.84693145751953
2022-07-07,31.5,76.5,0.0
2022-07-07,31.5,76.75,0.0
2022-07-07,31.5,77.0,0.0
2022-07-07,31.5,77.25,0.0
2022-07-07,31.5,77.5,0.0
2022-07-07,31.75,76.5,2.178393602371216
2022-07-07,31.75,76.75,0.0
2022-07-07,31.75,77.0,0.2291656881570816
2022-07-07,31.75,77.25,0.0
2022-07-07,31.75,77.5,0.0
2022-07-07,32.0,76.5,7.999551773071289
2022-07-07,32.0,76.75,2.272791862487793
2022-07-07,32.0,77.0,0.15543876588344574
2022-07-07,32.0,77.25,0.10245019942522049
2022-07-07,32.0,77.5,0.10140261799097061
2022-07-08,31.5,76.5,100.07392120361328
2022-07-08,31.5,76.75,15.06893253326416
2022-07-08,31.5,77.0,24.093812942504883
2022-07-08,31.5,77.25,25.18413734436035
2022-07-08,31.5,77.5,34.76935577392578
2022-07-08,31.75,76.5,73.4758529663086
2022-07-08,31.75,76.75,52.667755126953125
2022-07-08,31.75,77.0,21.046825408935547
2022-07-08,31.75,77.25,16.014760971069336
2022-07-08,31.75,77.5,16.075143814086914
2022-07-08,32.0,76.5,48.18867492675781
2022-07-08,32.0,76.75,45.90736770629883
2022-07-08,32.0,77.0,18.467174530029297
2022-07-08,32.0,77.25,16.19405174255371
2022-07-08,32.0,77.5,9.647378921508789
2022-07-09,31.5,76.5,0.0
2022-07-09,31.5,76.75,0.0
2022-07-09,31.5,77.0,0.0
2022-07-09,31.5,77.25,0.0
2022-07-09,31.5,77.5,0.0
2022-07-09,31.75,76.5,0.0
2022-07-09,31.75,76.75,0.16539135575294495
2022-07-09,31.75,77.0,0.35585594177246094
2022-07-09,31.75,77.25,0.38734573125839233
2022-07-09,31.75,77.5,1.254634141921997
2022-07-09,32.0,76.5,0.9664215445518494
2022-07-09,32.0,76.75,1.0775341987609863
2022-07-09,32.0,77.0,0.503302276134491
2022-07-09,32.0,77.25,0.5637382864952087
2022-07-09,32.0,77.5,1.0227750539779663
2022-07-10,31.5,76.5,9.48401927947998
2022-07-10,31.5,76.75,6.5234246253967285
2022-07-10,31.5,77.0,7.912534713745117
2022-07-10,31.5,77.25,10.898866653442383
2022-07-10,31.5,77.5,12.151728630065918
2022-07-10,31.75,76.5,6.008190631866455
2022-07-10,31.75,76.75,2.2360012531280518
2022-07-10,31.75,77.0,2.101362943649292
2022-07-10,31.75,77.25,8.315011978149414
2022-07-10,31.75,77.5,17.715946197509766
2022-07-10,32.0,76.5,26.293277740478516
2022-07-10,32.0,76.75,17.828710556030273
2022-07-10,32.0,77.0,4.212305068969727
2022-07-10,32.0,77.25,6.222750186920166
2022-07-10,32.0,77.5,12.8723726272583
2022-07-11,31.5,76.5,2.4387733936309814
2022-07-11,31.5,76.75,4.977461338043213
2022-07-11,31.5,77.0,8.586134910583496
2022-07-11,31.5,77.25,8.325804710388184
2022-07-11,31.5,77.5,7.372927665710449
2022-07-11,31.75,76.5,21.347585678100586
2022-07-11,31.75,76.75,24.31069564819336
2022-07-11,31.75,77.0,20.787967681884766
2022-07-11,31.75,77.25,10.790297508239746
2022-07-11,31.75,77.5,6.587242126464844
2022-07-11,32.0,76.5,13.027411460876465
2022-07-11,32.0,76.75,21.15380859375
2022-07-11,32.0,77.0,19.023157119750977
2022-07-11,32.0,77.25,15.259791374206543
2022-07-11,32.0,77.5,11.443755149841309
2022-07-12,31.5,76.5,4.590632438659668
2022-07-12,31.5,76.75,17.36016845703125
2022-07-12,31.5,77.0,8.711186408996582
2022-07-12,31.5,77.25,0.9524490237236023
2022-07-12,31.5,77.5,0.6833820939064026
2022-07-12,31.75,76.5,3.0216617584228516
2022-07-12,31.75,76.75,19.586610794067383
2022-07-12,31.75,77.0,7.227996826171875
2022-07-12,31.75,77.25,1.1247056722640991
2022-07-12,31.75,77.5,1.0788319110870361
2022-07-12,32.0,76.5,2.531707763671875
2022-07-12,32.0,76.75,7.358880043029785
2022-07-12,32.0,77.0,3.6823554039001465
2022-07-12,32.0,77.25,2.1786539554595947
2022-07-12,32.0,77.5,1.2772966623306274
2022-07-13,31.5,76.5,16.071847915649414
2022-07-13,31.5,76.75,18.915639877319336
2022-07-13,31.5,77.0,0.6141309142112732
2022-07-13,31.5,77.25,2.081406354904175
2022-07-13,31.5,77.5,0.28286412358283997
2022-07-13,31.75,76.5,13.753552436828613
2022-07-13,31.75,76.75,6.629323482513428
2022-07-13,31.75,77.0,6.21062707901001
2022-07-13,31.75,77.25,3.540465831756592
2022-07-13,31.75,77.5,2.0157439708709717
2022-07-13,32.0,76.5,23.367177963256836
2022-07-13,32.0,76.75,19.32492446899414
2022-07-13,32.0,77.0,17.260412216186523
2022-07-13,32.0,77.25,17.977266311645508
2022-07-13,32.0,77.5,4.246525764465332
2022-07-14,31.5,76.5,39.559791564941406
2022-07-14,31.5,76.75,0.10206112265586853
2022-07-14,31.5,77.0,7.004459857940674
2022-07-14,31.5,77.25,2.8134937286376953
2022-07-14,31.5,77.5,12.14913558959961
2022-07-14,31.75,76.5,34.54218292236328
2022-07-14,31.75,76.75,9.927776336669922
2022-07-14,31.75,77.0,2.9452946186065674
2022-07-14,31.75,77.25,1.5807502269744873
2022-07-14,31.75,77.5,6.471675872802734
2022-07-14,32.0,76.5,12.804657936096191
2022-07-14,32.0,76.75,6.452018737792969
2022-07-14,32.0,77.0,2.062249183654785
2022-07-14,32.0,77.25,1.7233346700668335
2022-07-14,32.0,77.5,3.666670083999634
2022-07-15,31.5,76.5,45.24370574951172
2022-07-15,31.5,76.75,30.832584381103516
2022-07-15,31.5,77.0,38.23095703125
2022-07-15,31.5,77.25,21.413633346557617
2022-07-15,31.5,77.5,31.420856475830078
2022-07-15,31.75,76.5,60.53757095336914
2022-07-15,31.75,76.75,32.09524154663086
2022-07-15,31.75,77.0,29.54340171813965
2022-07-15,31.75,77.25,26.614824295043945
2022-07-15,31.75,77.5,29.762300491333008
2022-07-15,32.0,76.5,21.539457321166992
2022-07-15,32.0,76.75,18.882158279418945
2022-07-15,32.0,77.0,33.26134490966797
2022-07-15,32.0,77.25,34.74889373779297
2022-07-15,32.0,77.5,27.749343872070312
2022-07-16,31.5,76.5,10.282693862915039
2022-07-16,31.5,76.75,7.772043228149414
2022-07-16,31.5,77.0,7.07276725769043
2022-07-16,31.5,77.25,7.588833332061768
2022-07-16,31.5,77.5,20.11615562438965
2022-07-16,31.75,76.5,3.0328433513641357
2022-07-16,31.75,76.75,1.5550583600997925
2022-07-16,31.75,77.0,5.702736854553223
2022-07-16,31.75,77.25,7.0000386238098145
2022-07-16,31.75,77.5,37.627628326416016
2022-07-16,32.0,76.5,2.834486961364746
2022-07-16,32.0,76.75,2.552107095718384
2022-07-16,32.0,77.0,3.8884592056274414
2022-07-16,32.0,77.25,4.324647426605225
2022-07-16,32.0,77.5,28.947689056396484
2022-07-17,31.5,76.5,17.90178108215332
2022-07-17,31.5,76.75,12.448299407958984
2022-07-17,31.5,77.0,17.79505729675293
2022-07-17,31.5,77.25,17.931556701660156
2022-07-17,31.5,77.5,32.13593292236328
2022-07-17,31.75,76.5,3.377511501312256
2022-07-17,31.75,76.75,32.48671340942383
2022-07-17,31.75,77.0,24.51504135131836
2022-07-17,31.75,77.25,18.9088134765625
2022-07-17,31.75,77.5,21.436031341552734
2022-07-17,32.0,76.5,3.1707348823547363
2022-07-17,32.0,76.75,11.155193328857422
2022-07-17,32.0,77.0,31.327783584594727
2022-07-17,32.0,77.25,30.543088912963867
2022-07-17,32.0,77.5,20.99576759338379
2022-07-18,31.5,76.5,6.537929058074951
2022-07-18,31.5,76.75,3.4596831798553467
2022-07-18,31.5,77.0,2.1169989109039307
2022-07-18,31.5,77.25,2.2175145149230957
2022-07-18,31.5,77.5,0.0
2022-07-18,31.75,76.5,8.777507781982422
2022-07-18,31.75,76.75,1.547937273979187
2022-07-18,31.75,77.0,0.7657491564750671
2022-07-18,31.75,77.25,2.3222243785858154
2022-07-18,31.75,77.5,0.7113710045814514
2022-07-18,32.0,76.5,0.4219512939453125
2022-07-18,32.0,76.75,0.8946212530136108
2022-07-18,32.0,77.0,0.397959440946579
2022-07-18,32.0,77.25,0.7585877180099487
2022-07-18,32.0,77.5,0.8994050025939941
2022-07-19,31.5,76.5,0.0
2022-07-19,31.5,76.75,0.0
2022-07-19,31.5,77.0,0.0
2022-07-19,31.5,77.25,0.0
2022-07-19,31.5,77.5,0.0
2022-07-19,31.75,76.5,0.0
2022-07-19,31.75,76.75,0.0
2022-07-19,31.75,77.0,0.0
2022-07-19,31.75,77.25,0.0
2022-07-19,31.75,77.5,0.0
2022-07-19,32.0,76.5,0.0
2022-07-19,32.0,76.75,0.0
2022-07-19,32.0,77.0,0.0
2022-07-19,32.0,77.25,0.0
2022-07-19,32.0,77.5,0.0
2022-07-20,31.5,76.5,18.097694396972656
2022-07-20,31.5,76.75,25.708467483520508
2022-07-20,31.5,77.0,3.7773826122283936
2022-07-20,31.5,77.25,7.105524063110352
2022-07-20,31.5,77.5,3.151235580444336
2022-07-20,31.75,76.5,34.293739318847656
2022-07-20,31.75,76.75,37.89635467529297
2022-07-20,31.75,77.0,9.859973907470703
2022-07-20,31.75,77.25,8.703778266906738
2022-07-20,31.75,77.5,6.457923412322998
2022-07-20,32.0,76.5,11.15593147277832
2022-07-20,32.0,76.75,18.522214889526367
2022-07-20,32.0,77.0,16.783733367919922
2022-07-20,32.0,77.25,16.00172233581543
2022-07-20,32.0,77.5,6.581245422363281
2022-07-21,31.5,76.5,1.8796381950378418
2022-07-21,31.5,76.75,6.372756481170654
2022-07-21,31.5,77.0,4.8707194328308105
2022-07-21,31.5,77.25,1.0415171384811401
2022-07-21,31.5,77.5,1.359789252281189
2022-07-21,31.75,76.5,2.0673699378967285
2022-07-21,31.75,76.75,4.592928409576416
2022-07-21,31.75,77.0,2.7915003299713135
2022-07-21,31.75,77.25,1.1988105773925781
2022-07-21,31.75,77.5,1.3102986812591553
2022-07-21,32.0,76.5,3.3353989124298096
2022-07-21,32.0,76.75,1.7133595943450928
2022-07-21,32.0,77.0,1.7767515182495117
2022-07-21,32.0,77.25,1.176323652267456
2022-07-21,32.0,77.5,1.7808030843734741
2022-07-22,31.5,76.5,18.25777244567871
2022-07-22,31.5,76.75,0.9747868180274963
2022-07-22,31.5,77.0,0.9231393337249756
2022-07-22,31.5,77.25,0.7792611718177795
2022-07-22,31.5,77.5,0.9671182036399841
2022-07-22,31.75,76.5,11.584081649780273
2022-07-22,31.75,76.75,0.0
2022-07-22,31.75,77.0,0.0
2022-07-22,31.75,77.25,0.11271730065345764
2022-07-22,31.75,77.5,0.27075713872909546
2022-07-22,32.0,76.5,5.920928001403809
2022-07-22,32.0,76.75,1.6269563436508179
2022-07-22,32.0,77.0,0.0
2022-07-22,32.0,77.25,0.0
2022-07-22,32.0,77.5,0.0
2022-07-23,31.5,76.5,0.0
2022-07-23,31.5,76.75,1.30448317527771
2022-07-23,31.5,77.0,1.2491487264633179
2022-07-23,31.5,77.25,3.4038610458374023
2022-07-23,31.5,77.5,1.6381222009658813
2022-07-23,31.75,76.5,11.837695121765137
2022-07-23,31.75,76.75,5.248284339904785
2022-07-23,31.75,77.0,3.0790631771087646
2022-07-23,31.75,77.25,3.244080066680908
2022-07-23,31.75,77.5,3.257955312728882
2022-07-23,32.0,76.5,37.26692199707031
2022-07-23,32.0,76.75,13.564081192016602
2022-07-23,32.0,77.0,1.4944982528686523
2022-07-23,32.0,77.25,2.035954713821411
2022-07-23,32.0,77.5,2.8860111236572266
2022-07-24,31.5,76.5,33.40086364746094
2022-07-24,31.5,76.75,22.298912048339844
2022-07-24,31.5,77.0,28.814149856567383
2022-07-24,31.5,77.25,32.077735900878906
2022-07-24,31.5,77.5,23.548660278320312
2022-07-24,31.75,76.5,1.2480705976486206
2022-07-24,31.75,76.75,16.837566375732422
2022-07-24,31.75,77.0,21.13742446899414
2022-07-24,31.75,77.25,28.147233963012695
2022-07-24,31.75,77.5,22.900882720947266
2022-07-24,32.0,76.5,38.5069580078125
2022-07-24,32.0,76.75,37.32918167114258
2022-07-24,32.0,77.0,12.67982292175293
2022-07-24,32.0,77.25,15.955679893493652
2022-07-24,32.0,77.5,17.256776809692383
2022-07-25,31.5,76.5,10.897900581359863
2022-07-25,31.5,76.75,17.880706787109375
2022-07-25,31.5,77.0,10.195084571838379
2022-07-25,31.5,77.25,10.85046672821045
2022-07-25,31.5,77.5,20.552997589111328
2022-07-25,31.75,76.5,17.787708282470703
2022-07-25,31.75,76.75,5.538186550140381
2022-07-25,31.75,77.0,3.325267791748047
2022-07-25,31.75,77.25,6.480630397796631
2022-07-25,31.75,77.5,15.960541725158691
2022-07-25,32.0,76.5,4.519104480743408
2022-07-25,32.0,76.75,2.005728006362915
2022-07-25,32.0,77.0,2.3974552154541016
2022-07-25,32.0,77.25,4.1228556632995605
2022-07-25,32.0,77.5,9.93709659576416
2022-07-26,31.5,76.5,1.7870371341705322
2022-07-26,31.5,76.75,9.391616821289062
2022-07-26,31.5,77.0,5.605840682983398
2022-07-26,31.5,77.25,5.744025230407715
2022-07-26,31.5,77.5,8.331809997558594
2022-07-26,31.75,76.5,2.3206992149353027
2022-07-26,31.75,76.75,1.897593379020691
2022-07-26,31.75,77.0,2.0189218521118164
2022-07-26,31.75,77.25,5.135169506072998
2022-07-26,31.75,77.5,7.831315517425537
2022-07-26,32.0,76.5,9.590873718261719
2022-07-26,32.0,76.75,10.2666654586792
2022-07-26,32.0,77.0,5.3807830810546875
2022-07-26,32.0,77.25,7.182392120361328
2022-07-26,32.0,77.5,5.239998817443848
2022-07-27,31.5,76.5,0.6517413854598999
2022-07-27,31.5,76.75,1.9816412925720215
2022-07-27,31.5,77.0,0.20646339654922485
2022-07-27,31.5,77.25,9.237564086914062
2022-07-27,31.5,77.5,5.393951416015625
2022-07-27,31.75,76.5,2.391634941101074
2022-07-27,31.75,76.75,0.2972783148288727
2022-07-27,31.75,77.0,3.3610968589782715
2022-07-27,31.75,77.25,10.379144668579102
2022-07-27,31.75,77.5,9.918702125549316
2022-07-27,32.0,76.5,23.46355438232422
2022-07-27,32.0,76.75,28.172489166259766
2022-07-27,32.0,77.0,10.521882057189941
2022-07-27,32.0,77.25,13.42969036102295
2022-07-27,32.0,77.5,8.700429916381836
2022-07-28,31.5,76.5,15.226490020751953
2022-07-28,31.5,76.75,8.461913108825684
2022-07-28,31.5,77.0,1.1218949556350708
2022-07-28,31.5,77.25,5.028285980224609
2022-07-28,31.5,77.5,11.93403434753418
2022-07-28,31.75,76.5,9.507762908935547
2022-07-28,31.75,76.75,35.30315017700195
2022-07-28,31.75,77.0,12.723368644714355
2022-07-28,31.75,77.25,7.381331920623779
2022-07-28,31.75,77.5,17.956653594970703
2022-07-28,32.0,76.5,41.98237609863281
2022-07-28,32.0,76.75,31.34386444091797
2022-07-28,32.0,77.0,18.227502822875977
2022-07-28,32.0,77.25,15.736164093017578
2022-07-28,32.0,77.5,16.386802673339844
2022-07-29,31.5,76.5,5.428305625915527
2022-07-29,31.5,76.75,7.504461288452148
2022-07-29,31.5,77.0,23.63336753845215
2022-07-29,31.5,77.25,8.736031532287598
2022-07-29,31.5,77.5,3.754157304763794
2022-07-29,31.75,76.5,2.903729200363159
2022-07-29,31.75,76.75,8.92139720916748
2022-07-29,31.75,77.0,7.565965175628662
2022-07-29,31.75,77.25,7.9275641441345215
2022-07-29,31.75,77.5,7.086301803588867
2022-07-29,32.0,76.5,22.012611389160156
2022-07-29,32.0,76.75,8.26600170135498
2022-07-29,32.0,77.0,8.42408275604248
2022-07-29,32.0,77.25,7.546329975128174
2022-07-29,32.0,77.5,8.972606658935547
2022-07-30,31.5,76.5,20.59447479248047
2022-07-30,31.5,76.75,17.9323673248291
2022-07-30,31.5,77.0,10.460103988647461
2022-07-30,31.5,77.25,4.548107624053955
2022-07-30,31.5,77.5,9.509029388427734
2022-07-30,31.75,76.5,20.29534149169922
2022-07-30,31.75,76.75,10.779959678649902
2022-07-30,31.75,77.0,3.525514841079712
2022-07-30,31.75,77.25,1.4579147100448608
2022-07-30,31.75,77.5,10.661784172058105
2022-07-30,32.0,76.5,12.805584907531738
2022-07-30,32.0,76.75,11.998218536376953
2022-07-30,32.0,77.0,9.093820571899414
2022-07-30,32.0,77.25,9.771747589111328
2022-07-30,32.0,77.5,6.19357967376709
2022-07-31,31.5,76.5,53.23090362548828
2022-07-31,31.5,76.75,5.87532377243042
2022-07-31,31.5,77.0,8.137158393859863
2022-07-31,31.5,77.25,10.673672676086426
2022-07-31,31.5,77.5,8.16770076751709
2022-07-31,31.75,76.5,9.689027786254883
2022-07-31,31.75,76.75,31.568376541137695
2022-07-31,31.75,77.0,6.771901607513428
2022-07-31,31.75,77.25,6.316308498382568
2022-07-31,31.75,77.5,8.681853294372559
2022-07-31,32.0,76.5,23.539833068847656
2022-07-31,32.0,76.75,25.31879997253418
2022-07-31,32.0,77.0,8.206815719604492
2022-07-31,32.0,77.25,7.955152988433838
2022-07-31,32.0,77.5,6.7256011962890625
2022-08-01,31.5,76.5,6.847137928009033
2022-08-01,31.5,76.75,36.499385833740234
2022-08-01,31.5,77.0,25.227115631103516
2022-08-01,31.5,77.25,10.087611198425293
2022-08-01,31.5,77.5,8.208979606628418
2022-08-01,31.75,76.5,44.667236328125
2022-08-01,31.75,76.75,19.473623275756836
2022-08-01,31.75,77.0,21.367094039916992
2022-08-01,31.75,77.25,9.459935188293457
2022-08-01,31.75,77.5,5.879767894744873
2022-08-01,32.0,76.5,27.585899353027344
2022-08-01,32.0,76.75,14.52578067779541
2022-08-01,32.0,77.0,15.142394065856934
2022-08-01,32.0,77.25,12.585448265075684
2022-08-01,32.0,77.5,9.065032005310059
2022-08-02,31.5,76.5,0.0
2022-08-02,31.5,76.75,0.0
2022-08-02,31.5,77.0,0.8911258578300476
2022-08-02,31.5,77.25,0.19048981368541718
2022-08-02,31.5,77.5,0.0
2022-08-02,31.75,76.5,0.0
2022-08-02,31.75,76.75,0.0
2022-08-02,31.75,77.0,0.0
2022-08-02,31.75,77.25,0.10641399025917053
2022-08-02,31.75,77.5,0.0
2022-08-02,32.0,76.5,0.0
2022-08-02,32.0,76.75,0.0
2022-08-02,32.0,77.0,0.0
2022-08-02,32.0,77.25,0.0
2022-08-02,32.0,77.5,0.0
2022-08-03,31.5,76.5,0.0
2022-08-03,31.5,76.75,0.0
2022-08-03,31.5,77.0,0.0
2022-08-03,31.5,77.25,0.0
2022-08-03,31.5,77.5,0.0
2022-08-03,31.75,76.5,0.0
2022-08-03,31.75,76.75,0.0
2022-08-03,31.75,77.0,0.0
2022-08-03,31.75,77.25,0.0
2022-08-03,31.75,77.5,0.0
2022-08-03,32.0,76.5,0.0
2022-08-03,32.0,76.75,0.0
2022-08-03,32.0,77.0,0.0
2022-08-03,32.0,77.25,0.0
2022-08-03,32.0,77.5,0.0
2022-08-04,31.5,76.5,2.5186874866485596
2022-08-04,31.5,76.75,11.218497276306152
2022-08-04,31.5,77.0,8.979601860046387
2022-08-04,31.5,77.25,6.840668201446533
2022-08-04,31.5,77.5,27.338205337524414
2022-08-04,31.75,76.5,0.4035111665725708
2022-08-04,31.75,76.75,21.98895835876465
2022-08-04,31.75,77.0,10.442266464233398
2022-08-04,31.75,77.25,6.698172092437744
2022-08-04,31.75,77.5,14.433799743652344
2022-08-04,32.0,76.5,20.763385772705078
2022-08-04,32.0,76.75,25.06939125061035
2022-08-04,32.0,77.0,6.860589027404785
2022-08-04,32.0,77.25,6.845921516418457
2022-08-04,32.0,77.5,7.384243965148926
2022-08-05,31.5,76.5,0.0
2022-08-05,31.5,76.75,1.4763240814208984
2022-08-05,31.5,77.0,21.05657386779785
2022-08-05,31.5,77.25,14.245318412780762
2022-08-05,31.5,77.5,55.19844055175781
2022-08-05,31.75,76.5,8.26782512664795
2022-08-05,31.75,76.75,42.8886604309082
2022-08-05,31.75,77.0,21.341373443603516
2022-08-05,31.75,77.25,12.437629699707031
2022-08-05,31.75,77.5,27.926345825195312
2022-08-05,32.0,76.5,48.43440246582031
2022-08-05,32.0,76.75,31.15239715576172
2022-08-05,32.0,77.0,20.327157974243164
2022-08-05,32.0,77.25,18.07566261291504
2022-08-05,32.0,77.5,21.72203826904297
2022-08-06,31.5,76.5,9.792959213256836
2022-08-06,31.5,76.75,13.400856971740723
2022-08-06,31.5,77.0,7.876363277435303
2022-08-06,31.5,77.25,17.595327377319336
2022-08-06,31.5,77.5,9.924434661865234
2022-08-06,31.75,76.5,31.03650665283203
2022-08-06,31.75,76.75,43.72321319580078
2022-08-06,31.75,77.0,47.704524993896484
2022-08-06,31.75,77.25,28.949390411376953
2022-08-06,31.75,77.5,20.33401870727539
2022-08-06,32.0,76.5,41.76679611206055
2022-08-06,32.0,76.75,58.114418029785156
2022-08-06,32.0,77.0,41.94369888305664
2022-08-06,32.0,77.25,35.78841781616211
2022-08-06,32.0,77.5,33.740211486816406
2022-08-07,31.5,76.5,6.354860782623291
2022-08-07,31.5,76.75,4.517843723297119
2022-08-07,31.5,77.0,17.61103630065918
2022-08-07,31.5,77.25,7.221092700958252
2022-08-07,31.5,77.5,3.5580077171325684
2022-08-07,31.75,76.5,0.3430540859699249
2022-08-07,31.75,76.75,10.88737964630127
2022-08-07,31.75,77.0,11.064537048339844
2022-08-07,31.75,77.25,3.6422483921051025
2022-08-07,31.75,77.5,2.944164752960205
2022-08-07,32.0,76.5,25.929458618164062
2022-08-07,32.0,76.75,15.523571014404297
2022-08-07,32.0,77.0,19.181499481201172
2022-08-07,32.0,77.25,20.6965389251709
2022-08-07,32.0,77.5,3.4285025596618652
2022-08-08,31.5,76.5,0.0
2022-08-08,31.5,76.75,0.509784460067749
2022-08-08,31.5,77.0,2.257763147354126
2022-08-08,31.5,77.25,2.551892042160034
2022-08-08,31.5,77.5,5.280967712402344
2022-08-08,31.75,76.5,0.0
2022-08-08,31.75,76.75,0.529018759727478
2022-08-08,31.75,77.0,0.7524557709693909
2022-08-08,31.75,77.25,2.1160693168640137
2022-08-08,31.75,77.5,2.7921996116638184
2022-08-08,32.0,76.5,9.03113842010498
2022-08-08,32.0,76.75,4.097996711730957
2022-08-08,32.0,77.0,4.683857440948486
2022-08-08,32.0,77.25,5.800611972808838
2022-08-08,32.0,77.5,0.9266997575759888
2022-08-09,31.5,76.5,8.288156509399414
2022-08-09,31.5,76.75,0.27020931243896484
2022-08-09,31.5,77.0,4.459709167480469
2022-08-09,31.5,77.25,5.793287754058838
2022-08-09,31.5,77.5,3.827239751815796
2022-08-09,31.75,76.5,6.986179828643799
2022-08-09,31.75,76.75,7.579552173614502
2022-08-09,31.75,77.0,2.9353737831115723
2022-08-09,31.75,77.25,6.202476978302002
2022-08-09,31.75,77.5,5.27666711807251
2022-08-09,32.0,76.5,1.2114592790603638
2022-08-09,32.0,76.75,2.6950197219848633
2022-08-09,32.0,77.0,5.110011577606201
2022-08-09,32.0,77.25,6.435993194580078
2022-08-09,32.0,77.5,3.7055766582489014
2022-08-10,31.5,76.5,0.0
2022-08-10,31.5,76.75,3.19503116607666
2022-08-10,31.5,77.0,0.5270677208900452
2022-08-10,31.5,77.25,0.0
2022-08-10,31.5,77.5,0.0
2022-08-10,31.75,76.5,16.658218383789062
2022-08-10,31.75,76.75,4.869365692138672
2022-08-10,31.75,77.0,1.1971526145935059
2022-08-10,31.75,77.25,0.44123193621635437
2022-08-10,31.75,77.5,0.0
2022-08-10,32.0,76.5,1.3227605819702148
2022-08-10,32.0,76.75,0.3634689450263977
2022-08-10,32.0,77.0,0.5118848085403442
2022-08-10,32.0,77.25,0.6467729210853577
2022-08-10,32.0,77.5,0.0
2022-08-11,31.5,76.5,62.95702362060547
2022-08-11,31.5,76.75,64.63273620605469
2022-08-11,31.5,77.0,27.99390411376953
2022-08-11,31.5,77.25,41.960479736328125
2022-08-11,31.5,77.5,62.15922927856445
2022-08-11,31.75,76.5,93.46045684814453
2022-08-11,31.75,76.75,71.57898712158203
2022-08-11,31.75,77.0,28.264183044433594
2022-08-11,31.75,77.25,36.27006530761719
2022-08-11,31.75,77.5,39.530696868896484
2022-08-11,32.0,76.5,64.54771423339844
2022-08-11,32.0,76.75,51.24113845825195
2022-08-11,32.0,77.0,26.09488868713379
2022-08-11,32.0,77.25,28.972272872924805
2022-08-11,32.0,77.5,22.053009033203125
2022-08-12,31.5,76.5,8.474757194519043
2022-08-12,31.5,76.75,3.9830071926116943
2022-08-12,31.5,77.0,10.357641220092773
2022-08-12,31.5,77.25,6.477272033691406
2022-08-12,31.5,77.5,3.3814895153045654
2022-08-12,31.75,76.5,22.861814498901367
2022-08-12,31.75,76.75,11.407205581665039
2022-08-12,31.75,77.0,11.024402618408203
2022-08-12,31.75,77.25,7.437297821044922
2022-08-12,31.75,77.5,4.362145900726318
2022-08-12,32.0,76.5,12.032524108886719
2022-08-12,32.0,76.75,11.084193229675293
2022-08-12,32.0,77.0,14.193696975708008
2022-08-12,32.0,77.25,14.144125938415527
2022-08-12,32.0,77.5,5.82963228225708
2022-08-13,31.5,76.5,0.0
2022-08-13,31.5,76.75,0.0
2022-08-13,31.5,77.0,0.0
2022-08-13,31.5,77.25,0.0
2022-08-13,31.5,77.5,0.0
2022-08-13,31.75,76.5,0.0
2022-08-13,31.75,76.75,0.0
2022-08-13,31.75,77.0,0.0
2022-08-13,31.75,77.25,0.0
2022-08-13,31.75,77.5,0.0
2022-08-13,32.0,76.5,0.0
2022-08-13,32.0,76.75,0.0
2022-08-13,32.0,77.0,0.0
2022-08-13,32.0,77.25,0.0
2022-08-13,32.0,77.5,0.0
2022-08-14,31.5,76.5,21.977455139160156
2022-08-14,31.5,76.75,0.0
2022-08-14,31.5,77.0,0.0
2022-08-14,31.5,77.25,0.0
2022-08-14,31.5,77.5,0.0
2022-08-14,31.75,76.5,7.781813621520996
2022-08-14,31.75,76.75,2.0225672721862793
2022-08-14,31.75,77.0,0.0
2022-08-14,31.75,77.25,0.0
2022-08-14,31.75,77.5,0.0
2022-08-14,32.0,76.5,0.0
2022-08-14,32.0,76.75,0.0
2022-08-14,32.0,77.0,0.0
2022-08-14,32.0,77.25,0.0
2022-08-14,32.0,77.5,0.0
2022-08-15,31.5,76.5,11.317117691040039
2022-08-15,31.5,76.75,16.225187301635742
2022-08-15,31.5,77.0,21.159833908081055
2022-08-15,31.5,77.25,36.991390228271484
2022-08-15,31.5,77.5,17.12460708618164
2022-08-15,31.75,76.5,46.270408630371094
2022-08-15,31.75,76.75,60.92844009399414
2022-08-15,31.75,77.0,17.486841201782227
2022-08-15,31.75,77.25,36.24581527709961
2022-08-15,31.75,77.5,24.80142593383789
2022-08-15,32.0,76.5,101.5031509399414
2022-08-15,32.0,76.75,92.99308013916016
2022-08-15,32.0,77.0,20.356821060180664
2022-08-15,32.0,77.25,24.31912612915039
2022-08-15,32.0,77.5,22.28315544128418
2022-08-16,31.5,76.5,7.608908653259277
2022-08-16,31.5,76.75,0.9026134014129639
2022-08-16,31.5,77.0,8.58542251586914
2022-08-16,31.5,77.25,30.592510223388672
2022-08-16,31.5,77.5,11.895692825317383
2022-08-16,31.75,76.5,14.869161605834961
2022-08-16,31.75,76.75,10.089877128601074
2022-08-16,31.75,77.0,12.935196876525879
2022-08-16,31.75,77.25,25.173917770385742
2022-08-16,31.75,77.5,17.677858352661133
2022-08-16,32.0,76.5,45.62506866455078
2022-08-16,32.0,76.75,26.904172897338867
2022-08-16,32.0,77.0,14.598910331726074
2022-08-16,32.0,77.25,17.934410095214844
2022-08-16,32.0,77.5,16.045042037963867
2022-08-17,31.5,76.5,2.2956793308258057
2022-08-17,31.5,76.75,30.03639793395996
2022-08-17,31.5,77.0,2.9652981758117676
2022-08-17,31.5,77.25,8.187000274658203
2022-08-17,31.5,77.5,5.297455787658691
2022-08-17,31.75,76.5,24.319305419921875
2022-08-17,31.75,76.75,11.394630432128906
2022-08-17,31.75,77.0,3.3888444900512695
2022-08-17,31.75,77.25,8.96437931060791
2022-08-17,31.75,77.5,9.538211822509766
2022-08-17,32.0,76.5,1.1152578592300415
2022-08-17,32.0,76.75,1.5860776901245117
2022-08-17,32.0,77.0,2.008883476257324
2022-08-17,32.0,77.25,3.562955617904663
2022-08-17,32.0,77.5,7.974771499633789
2022-08-18,31.5,76.5,5.912446022033691
2022-08-18,31.5,76.75,2.8581769466400146
2022-08-18,31.5,77.0,0.9410834908485413
2022-08-18,31.5,77.25,0.0
2022-08-18,31.5,77.5,0.0
2022-08-18,31.75,76.5,9.647741317749023
2022-08-18,31.75,76.75,3.8189220428466797
2022-08-18,31.75,77.0,1.7576966285705566
2022-08-18,31.75,77.25,0.4097153842449188
2022-08-18,31.75,77.5,0.0
2022-08-18,32.0,76.5,17.34958267211914
2022-08-18,32.0,76.75,7.102895736694336
2022-08-18,32.0,77.0,0.7366135120391846
2022-08-18,32.0,77.25,0.6005748510360718
2022-08-18,32.0,77.5,0.0
2022-08-19,31.5,76.5,3.5864312648773193
2022-08-19,31.5,76.75,12.966582298278809
2022-08-19,31.5,77.0,7.566030502319336
2022-08-19,31.5,77.25,1.3334287405014038
2022-08-19,31.5,77.5,0.0
2022-08-19,31.75,76.5,17.887569427490234
2022-08-19,31.75,76.75,11.225659370422363
2022-08-19,31.75,77.0,2.7181396484375
2022-08-19,31.75,77.25,1.4382623434066772
2022-08-19,31.75,77.5,0.0
2022-08-19,32.0,76.5,31.24394416809082
2022-08-19,32.0,76.75,16.859363555908203
2022-08-19,32.0,77.0,1.2616513967514038
2022-08-19,32.0,77.25,1.016357421875
2022-08-19,32.0,77.5,0.0
2022-08-20,31.5,76.5,33.49296951293945
2022-08-20,31.5,76.75,55.456302642822266
2022-08-20,31.5,77.0,50.61375045776367
2022-08-20,31.5,77.25,39.23121643066406
2022-08-20,31.5,77.5,16.58872413635254
2022-08-20,31.75,76.5,64.30669403076172
2022-08-20,31.75,76.75,114.99685668945312
2022-08-20,31.75,77.0,54.14680099487305
2022-08-20,31.75,77.25,44.967830657958984
2022-08-20,31.75,77.5,23.639944076538086
2022-08-20,32.0,76.5,123.15394592285156
2022-08-20,32.0,76.75,136.073974609375
2022-08-20,32.0,77.0,39.94389724731445
2022-08-20,32.0,77.25,36.4056510925293
2022-08-20,32.0,77.5,26.37161636352539
2022-08-21,31.5,76.5,18.18886947631836
2022-08-21,31.5,76.75,6.739013671875
2022-08-21,31.5,77.0,6.662990570068359
2022-08-21,31.5,77.25,26.98646354675293
2022-08-21,31.5,77.5,2.8860437870025635
2022-08-21,31.75,76.5,14.878941535949707
2022-08-21,31.75,76.75,34.30315017700195
2022-08-21,31.75,77.0,14.765305519104004
2022-08-21,31.75,77.25,31.464073181152344
2022-08-21,31.75,77.5,17.67296028137207
2022-08-21,32.0,76.5,26.540721893310547
2022-08-21,32.0,76.75,27.22013282775879
2022-08-21,32.0,77.0,16.943342208862305
2022-08-21,32.0,77.25,20.83850860595703
2022-08-21,32.0,77.5,16.506885528564453
2022-08-22,31.5,76.5,0.0
2022-08-22,31.5,76.75,0.0
2022-08-22,31.5,77.0,2.0451037883758545
2022-08-22,31.5,77.25,5.523277759552002
2022-08-22,31.5,77.5,0.13605552911758423
2022-08-22,31.75,76.5,1.475132703781128
2022-08-22,31.75,76.75,0.0
2022-08-22,31.75,77.0,2.520822525024414
2022-08-22,31.75,77.25,6.3160080909729
2022-08-22,31.75,77.5,3.115039587020874
2022-08-22,32.0,76.5,5.702897071838379
2022-08-22,32.0,76.75,2.309863567352295
2022-08-22,32.0,77.0,2.0532479286193848
2022-08-22,32.0,77.25,2.999380588531494
2022-08-22,32.0,77.5,3.2716565132141113
2022-08-23,31.5,76.5,0.0
2022-08-23,31.5,76.75,0.0
2022-08-23,31.5,77.0,0.0
2022-08-23,31.5,77.25,0.0
2022-08-23,31.5,77.5,0.0
2022-08-23,31.75,76.5,0.0
2022-08-23,31.75,76.75,0.0
2022-08-23,31.75,77.0,0.0
2022-08-23,31.75,77.25,0.0
2022-08-23,31.75,77.5,0.0
2022-08-23,32.0,76.5,0.0
2022-08-23,32.0,76.75,0.0
2022-08-23,32.0,77.0,0.0
2022-08-23,32.0,77.25,0.0
2022-08-23,32.0,77.5,0.0
2022-08-24,31.5,76.5,38.672019958496094
2022-08-24,31.5,76.75,8.926291465759277
2022-08-24,31.5,77.0,6.0758233070373535
2022-08-24,31.5,77.25,2.177050828933716
2022-08-24,31.5,77.5,4.5769476890563965
2022-08-24,31.75,76.5,5.310526371002197
2022-08-24,31.75,76.75,15.194231986999512
2022-08-24,31.75,77.0,2.510314464569092
2022-08-24,31.75,77.25,1.3633649349212646
2022-08-24,31.75,77.5,2.7100300788879395
2022-08-24,32.0,76.5,19.98818588256836
2022-08-24,32.0,76.75,8.635076522827148
2022-08-24,32.0,77.0,15.001456260681152
2022-08-24,32.0,77.25,15.866315841674805
2022-08-24,32.0,77.5,1.555775761604309
2022-08-25,31.5,76.5,8.080778121948242
2022-08-25,31.5,76.75,5.014077186584473
2022-08-25,31.5,77.0,6.347677230834961
2022-08-25,31.5,77.25,4.012110710144043
2022-08-25,31.5,77.5,8.106348991394043
2022-08-25,31.75,76.5,9.893261909484863
2022-08-25,31.75,76.75,7.835978031158447
2022-08-25,31.75,77.0,6.223107814788818
2022-08-25,31.75,77.25,3.6376595497131348
2022-08-25,31.75,77.5,7.195022106170654
2022-08-25,32.0,76.5,2.143723249435425
2022-08-25,32.0,76.75,5.055733680725098
2022-08-25,32.0,77.0,10.621247291564941
2022-08-25,32.0,77.25,10.487696647644043
2022-08-25,32.0,77.5,6.896805286407471
2022-08-26,31.5,76.5,19.86074447631836
2022-08-26,31.5,76.75,1.52344810962677
2022-08-26,31.5,77.0,0.21945786476135254
2022-08-26,31.5,77.25,0.0
2022-08-26,31.5,77.5,0.0
2022-08-26,31.75,76.5,5.014491081237793
2022-08-26,31.75,76.75,0.757339596748352
2022-08-26,31.75,77.0,0.18619251251220703
2022-08-26,31.75,77.25,0.0
2022-08-26,31.75,77.5,0.0
2022-08-26,32.0,76.5,2.4229185581207275
2022-08-26,32.0,76.75,2.005728006362915
2022-08-26,32.0,77.0,0.34342139959335327
2022-08-26,32.0,77.25,0.3895726501941681
2022-08-26,32.0,77.5,0.0
2022-08-27,31.5,76.5,0.0
2022-08-27,31.5,76.75,1.0127205848693848
2022-08-27,31.5,77.0,0.5996872782707214
2022-08-27,31.5,77.25,0.0
2022-08-27,31.5,77.5,0.0
2022-08-27,31.75,76.5,4.53211784362793
2022-08-27,31.75,76.75,4.1835761070251465
2022-08-27,31.75,77.0,0.9854128956794739
2022-08-27,31.75,77.25,0.0
2022-08-27,31.75,77.5,0.0
2022-08-27,32.0,76.5,1.3857492208480835
2022-08-27,32.0,76.75,1.196413278579712
2022-08-27,32.0,77.0,0.43630450963974
2022-08-27,32.0,77.25,0.13859419524669647
2022-08-27,32.0,77.5,0.0
2022-08-28,31.5,76.5,0.7353258728981018
2022-08-28,31.5,76.75,0.0
2022-08-28,31.5,77.0,0.0
2022-08-28,31.5,77.25,0.0
2022-08-28,31.5,77.5,0.0
2022-08-28,31.75,76.5,0.0
2022-08-28,31.75,76.75,0.4961740970611572
2022-08-28,31.75,77.0,0.3800707459449768
2022-08-28,31.75,77.25,0.18909941613674164
2022-08-28,31.75,77.5,0.0
2022-08-28,32.0,76.5,6.329268932342529
2022-08-28,32.0,76.75,7.521480560302734
2022-08-28,32.0,77.0,0.5628005862236023
2022-08-28,32.0,77.25,0.666761040687561
2022-08-28,32.0,77.5,0.0
2022-08-29,31.5,76.5,13.557963371276855
2022-08-29,31.5,76.75,3.6914405822753906
2022-08-29,31.5,77.0,2.302786350250244
2022-08-29,31.5,77.25,2.5711488723754883
2022-08-29,31.5,77.5,1.8903801441192627
2022-08-29,31.75,76.5,19.763479232788086
2022-08-29,31.75,76.75,1.3437607288360596
2022-08-29,31.75,77.0,1.8657678365707397
2022-08-29,31.75,77.25,2.863548755645752
2022-08-29,31.75,77.5,4.368524551391602
2022-08-29,32.0,76.5,9.200676918029785
2022-08-29,32.0,76.75,9.52720832824707
2022-08-29,32.0,77.0,0.7965323328971863
2022-08-29,32.0,77.25,1.6591672897338867
2022-08-29,32.0,77.5,3.765688180923462
2022-08-30,31.5,76.5,0.0
2022-08-30,31.5,76.75,1.94752037525177
2022-08-30,31.5,77.0,3.3309221267700195
2022-08-30,31.5,77.25,0.5574416518211365
2022-08-30,31.5,77.5,11.914020538330078
2022-08-30,31.75,76.5,3.0216617584228516
2022-08-30,31.75,76.75,2.108489513397217
2022-08-30,31.75,77.0,4.994292259216309
2022-08-30,31.75,77.25,1.1379544734954834
2022-08-30,31.75,77.5,7.475350856781006
2022-08-30,32.0,76.5,7.351134777069092
2022-08-30,32.0,76.75,0.9209318161010742
2022-08-30,32.0,77.0,4.562617778778076
2022-08-30,32.0,77.25,4.340157508850098
2022-08-30,32.0,77.5,5.658663749694824
2022-08-31,31.5,76.5,0.0
2022-08-31,31.5,76.75,0.0
2022-08-31,31.5,77.0,0.0
2022-08-31,31.5,77.25,0.0
2022-08-31,31.5,77.5,0.0
2022-08-31,31.75,76.5,0.0
2022-08-31,31.75,76.75,0.0
2022-08-31,31.75,77.0,0.0
2022-08-31,31.75,77.25,0.0
2022-08-31,31.75,77.5,0.0
2022-08-31,32.0,76.5,2.4364736080169678
2022-08-31,32.0,76.75,2.507160186767578
2022-08-31,32.0,77.0,0.0
2022-08-31,32.0,77.25,0.0
2022-08-31,32.0,77.5,0.0
2022-09-01,31.5,76.5,2.469961166381836
2022-09-01,31.5,76.75,0.0
2022-09-01,31.5,77.0,0.0
2022-09-01,31.5,77.25,0.0
2022-09-01,31.5,77.5,0.0
2022-09-01,31.75,76.5,0.0
2022-09-01,31.75,76.75,0.6615654230117798
2022-09-01,31.75,77.0,0.5067610144615173
2022-09-01,31.75,77.25,0.2521325349807739
2022-09-01,31.75,77.5,0.0
2022-09-01,32.0,76.5,1.9194629192352295
2022-09-01,32.0,76.75,0.0
2022-09-01,32.0,77.0,0.2925056219100952
2022-09-01,32.0,77.25,0.3695845305919647
2022-09-01,32.0,77.5,0.0
2022-09-02,31.5,76.5,19.143539428710938
2022-09-02,31.5,76.75,1.2989614009857178
2022-09-02,31.5,77.0,0.761420488357544
2022-09-02,31.5,77.25,0.0
2022-09-02,31.5,77.5,0.0
2022-09-02,31.75,76.5,2.7467029094696045
2022-09-02,31.75,76.75,0.0
2022-09-02,31.75,77.0,0.8068341612815857
2022-09-02,31.75,77.25,0.0
2022-09-02,31.75,77.5,0.0
2022-09-02,32.0,76.5,0.35028013586997986
2022-09-02,32.0,76.75,0.0
2022-09-02,32.0,77.0,0.0
2022-09-02,32.0,77.25,0.0
2022-09-02,32.0,77.5,0.0
2022-09-03,31.5,76.5,26.964128494262695
2022-09-03,31.5,76.75,2.39306640625
2022-09-03,31.5,77.0,1.9045305252075195
2022-09-03,31.5,77.25,0.38097962737083435
2022-09-03,31.5,77.5,0.0
2022-09-03,31.75,76.5,26.928407669067383
2022-09-03,31.75,76.75,3.777315139770508
2022-09-03,31.75,77.0,0.434449166059494
2022-09-03,31.75,77.25,0.21282798051834106
2022-09-03,31.75,77.5,0.0
2022-09-03,32.0,76.5,12.829187393188477
2022-09-03,32.0,76.75,3.008592128753662
2022-09-03,32.0,77.0,0.34342139959335327
2022-09-03,32.0,77.25,0.3895726501941681
2022-09-03,32.0,77.5,0.0
2022-09-04,31.5,76.5,47.54823303222656
2022-09-04,31.5,76.75,25.79938316345215
2022-09-04,31.5,77.0,9.920950889587402
2022-09-04,31.5,77.25,4.72091817855835
2022-09-04,31.5,77.5,0.0
2022-09-04,31.75,76.5,53.190975189208984
2022-09-04,31.75,76.75,33.524837493896484
2022-09-04,31.75,77.0,12.685908317565918
2022-09-04,31.75,77.25,7.499147415161133
2022-09-04,31.75,77.5,1.705855131149292
2022-09-04,32.0,76.5,35.10737991333008
2022-09-04,32.0,76.75,36.65300369262695
2022-09-04,32.0,77.0,17.090042114257812
2022-09-04,32.0,77.25,16.932767868041992
2022-09-04,32.0,77.5,3.47925066947937
2022-09-05,31.5,76.5,0.0
2022-09-05,31.5,76.75,0.0
2022-09-05,31.5,77.0,0.0
2022-09-05,31.5,77.25,0.0
2022-09-05,31.5,77.5,0.0
2022-09-05,31.75,76.5,0.24013786017894745
2022-09-05,31.75,76.75,0.2198895812034607
2022-09-05,31.75,77.0,0.5311484932899475
2022-09-05,31.75,77.25,0.13427700102329254
2022-09-05,31.75,77.5,0.0
2022-09-05,32.0,76.5,3.6724908351898193
2022-09-05,32.0,76.75,0.9257103800773621
2022-09-05,32.0,77.0,0.7039267420768738
2022-09-05,32.0,77.25,0.6406711339950562
2022-09-05,32.0,77.5,0.20280523598194122
2022-09-06,31.5,76.5,5.074399471282959
2022-09-06,31.5,76.75,0.0
2022-09-06,31.5,77.0,0.0
2022-09-06,31.5,77.25,0.3519730567932129
2022-09-06,31.5,77.5,0.0
2022-09-06,31.75,76.5,9.640953063964844
2022-09-06,31.75,76.75,1.8074004650115967
2022-09-06,31.75,77.0,0.0
2022-09-06,31.75,77.25,0.0
2022-09-06,31.75,77.5,0.0
2022-09-06,32.0,76.5,0.0
2022-09-06,32.0,76.75,0.0
2022-09-06,32.0,77.0,0.0
2022-09-06,32.0,77.25,0.0
2022-09-06,32.0,77.5,0.0
2022-09-07,31.5,76.5,0.0
2022-09-07,31.5,76.75,0.0
2022-09-07,31.5,77.0,0.48639577627182007
2022-09-07,31.5,77.25,1.965857982635498
2022-09-07,31.5,77.5,7.20313835144043
2022-09-07,31.75,76.5,0.0
2022-09-07,31.75,76.75,3.6386098861694336
2022-09-07,31.75,77.0,2.7871854305267334
2022-09-07,31.75,77.25,2.9690139293670654
2022-09-07,31.75,77.5,3.1011948585510254
2022-09-07,32.0,76.5,0.0
2022-09-07,32.0,76.75,0.0
2022-09-07,32.0,77.0,1.608780860900879
2022-09-07,32.0,77.25,2.456387996673584
2022-09-07,32.0,77.5,0.6160651445388794
2022-09-08,31.5,76.5,0.0
2022-09-08,31.5,76.75,0.0
2022-09-08,31.5,77.0,0.0
2022-09-08,31.5,77.25,0.0
2022-09-08,31.5,77.5,0.0
2022-09-08,31.75,76.5,0.0
2022-09-08,31.75,76.75,0.0
2022-09-08,31.75,77.0,0.0
2022-09-08,31.75,77.25,0.0
2022-09-08,31.75,77.5,0.0
2022-09-08,32.0,76.5,0.0
2022-09-08,32.0,76.75,0.0
2022-09-08,32.0,77.0,0.0
2022-09-08,32.0,77.25,0.0
2022-09-08,32.0,77.5,0.0
2022-09-09,31.5,76.5,0.0
2022-09-09,31.5,76.75,0.0
2022-09-09,31.5,77.0,0.0
2022-09-09,31.5,77.25,0.0
2022-09-09,31.5,77.5,0.0
2022-09-09,31.75,76.5,0.0
2022-09-09,31.75,76.75,0.0
2022-09-09,31.75,77.0,0.0
2022-09-09,31.75,77.25,0.0
2022-09-09,31.75,77.5,0.0
2022-09-09,32.0,76.5,0.12251891940832138
2022-09-09,32.0,76.75,0.0
2022-09-09,32.0,77.0,0.0
2022-09-09,32.0,77.25,0.0
2022-09-09,32.0,77.5,0.0
2022-09-10,31.5,76.5,0.9965617060661316
2022-09-10,31.5,76.75,1.1025320291519165
2022-09-10,31.5,77.0,0.0
2022-09-10,31.5,77.25,0.0
2022-09-10,31.5,77.5,0.0
2022-09-10,31.75,76.5,3.429844856262207
2022-09-10,31.75,76.75,0.0
2022-09-10,31.75,77.0,0.0
2022-09-10,31.75,77.25,0.0
2022-09-10,31.75,77.5,0.0
2022-09-10,32.0,76.5,13.394351959228516
2022-09-10,32.0,76.75,9.025776863098145
2022-09-10,32.0,77.0,0.0
2022-09-10,32.0,77.25,0.0
2022-09-10,32.0,77.5,0.0
2022-09-11,31.5,76.5,2.4387733936309814
2022-09-11,31.5,76.75,0.0
2022-09-11,31.5,77.0,0.0
2022-09-11,31.5,77.25,0.0
2022-09-11,31.5,77.5,0.0
2022-09-11,31.75,76.5,0.898941159248352
2022-09-11,31.75,76.75,0.0
2022-09-11,31.75,77.0,0.0
2022-09-11,31.75,77.25,0.0
2022-09-11,31.75,77.5,0.0
2022-09-11,32.0,76.5,13.56147575378418
2022-09-11,32.0,76.75,8.524344444274902
2022-09-11,32.0,77.0,0.0
2022-09-11,32.0,77.25,0.0
2022-09-11,32.0,77.5,0.0
2022-09-12,31.5,76.5,11.175989151000977
2022-09-12,31.5,76.75,4.605041027069092
2022-09-12,31.5,77.0,1.94175124168396
2022-09-12,31.5,77.25,0.0
2022-09-12,31.5,77.5,0.0
2022-09-12,31.75,76.5,17.1069393157959
2022-09-12,31.75,76.75,5.22446870803833
2022-09-12,31.75,77.0,3.2502856254577637
2022-09-12,31.75,77.25,0.6933645009994507
2022-09-12,31.75,77.5,0.0
2022-09-12,32.0,76.5,0.0
2022-09-12,32.0,76.75,0.19575269520282745
2022-09-12,32.0,77.0,0.882777988910675
2022-09-12,32.0,77.25,1.016357421875
2022-09-12,32.0,77.5,0.0
2022-09-13,31.5,76.5,1.7932156324386597
2022-09-13,31.5,76.75,0.0
2022-09-13,31.5,77.0,0.0
2022-09-13,31.5,77.25,0.0
2022-09-13,31.5,77.5,0.0
2022-09-13,31.75,76.5,0.0
2022-09-13,31.75,76.75,0.0
2022-09-13,31.75,77.0,0.0
2022-09-13,31.75,77.25,0.0
2022-09-13,31.75,77.5,0.0
2022-09-13,32.0,76.5,0.0
2022-09-13,32.0,76.75,0.0
2022-09-13,32.0,77.0,0.0
2022-09-13,32.0,77.25,0.0
2022-09-13,32.0,77.5,0.0
2022-09-14,31.5,76.5,0.7279738783836365
2022-09-14,31.5,76.75,1.8852074146270752
2022-09-14,31.5,77.0,0.0
2022-09-14,31.5,77.25,0.0
2022-09-14,31.5,77.5,2.0501463413238525
2022-09-14,31.75,76.5,0.0
2022-09-14,31.75,76.75,0.13137857615947723
2022-09-14,31.75,77.0,0.0
2022-09-14,31.75,77.25,0.0
2022-09-14,31.75,77.5,2.6435701847076416
2022-09-14,32.0,76.5,0.0
2022-09-14,32.0,76.75,0.0
2022-09-14,32.0,77.0,0.0
2022-09-14,32.0,77.25,0.0
2022-09-14,32.0,77.5,2.3336639404296875
2022-09-15,31.5,76.5,8.500350952148438
2022-09-15,31.5,76.75,1.219964861869812
2022-09-15,31.5,77.0,1.5719159841537476
2022-09-15,31.5,77.25,3.989464044570923
2022-09-15,31.5,77.5,6.411082744598389
2022-09-15,31.75,76.5,4.064225673675537
2022-09-15,31.75,76.75,0.5788697600364685
2022-09-15,31.75,77.0,0.6725815534591675
2022-09-15,31.75,77.25,4.176822662353516
2022-09-15,31.75,77.5,8.975933074951172
2022-09-15,32.0,76.5,4.251455783843994
2022-09-15,32.0,76.75,2.3059041500091553
2022-09-15,32.0,77.0,0.7548025250434875
2022-09-15,32.0,77.25,1.803979754447937
2022-09-15,32.0,77.5,7.367214202880859
2022-09-16,31.5,76.5,3.134086847305298
2022-09-16,31.5,76.75,0.32044509053230286
2022-09-16,31.5,77.0,0.0
2022-09-16,31.5,77.25,5.65460205078125
2022-09-16,31.5,77.5,6.536157131195068
2022-09-16,31.75,76.5,1.4922852516174316
2022-09-16,31.75,76.75,0.0
2022-09-16,31.75,77.0,0.0
2022-09-16,31.75,77.25,0.0
2022-09-16,31.75,77.5,2.446523427963257
2022-09-16,32.0,76.5,16.6146240234375
2022-09-16,32.0,76.75,10.030143737792969
2022-09-16,32.0,77.0,0.34342139959335327
2022-09-16,32.0,77.25,0.3895726501941681
2022-09-16,32.0,77.5,0.9017024040222168
2022-09-17,31.5,76.5,0.0
2022-09-17,31.5,76.75,0.8699203729629517
2022-09-17,31.5,77.0,0.9305358529090881
2022-09-17,31.5,77.25,3.2172658443450928
2022-09-17,31.5,77.5,13.922554969787598
2022-09-17,31.75,76.5,0.0
2022-09-17,31.75,76.75,4.256804466247559
2022-09-17,31.75,77.0,1.891926646232605
2022-09-17,31.75,77.25,1.9317042827606201
2022-09-17,31.75,77.5,10.287725448608398
2022-09-17,32.0,76.5,0.0
2022-09-17,32.0,76.75,0.8654162883758545
2022-09-17,32.0,77.0,4.916929721832275
2022-09-17,32.0,77.25,5.6288251876831055
2022-09-17,32.0,77.5,6.8039960861206055
2022-09-18,31.5,76.5,0.0
2022-09-18,31.5,76.75,0.5972957015037537
2022-09-18,31.5,77.0,2.135693073272705
2022-09-18,31.5,77.25,5.039635181427002
2022-09-18,31.5,77.5,7.534273147583008
2022-09-18,31.75,76.5,0.0
2022-09-18,31.75,76.75,4.79634952545166
2022-09-18,31.75,77.0,3.6740171909332275
2022-09-18,31.75,77.25,5.0735015869140625
2022-09-18,31.75,77.5,5.767387866973877
2022-09-18,32.0,76.5,0.0
2022-09-18,32.0,76.75,0.0
2022-09-18,32.0,77.0,2.1206657886505127
2022-09-18,32.0,77.25,3.491527795791626
2022-09-18,32.0,77.5,3.3935739994049072
2022-09-19,31.5,76.5,0.0
2022-09-19,31.5,76.75,0.0
2022-09-19,31.5,77.0,0.0
2022-09-19,31.5,77.25,1.4372233152389526
2022-09-19,31.5,77.5,0.24462199211120605
2022-09-19,31.75,76.5,0.0
2022-09-19,31.75,76.75,0.0
2022-09-19,31.75,77.0,0.0
2022-09-19,31.75,77.25,0.0
2022-09-19,31.75,77.5,0.0
2022-09-19,32.0,76.5,0.0
2022-09-19,32.0,76.75,0.0
2022-09-19,32.0,77.0,0.0
2022-09-19,32.0,77.25,0.0
2022-09-19,32.0,77.5,0.0
2022-09-20,31.5,76.5,4.105554103851318
2022-09-20,31.5,76.75,1.908241868019104
2022-09-20,31.5,77.0,14.01760482788086
2022-09-20,31.5,77.25,11.055749893188477
2022-09-20,31.5,77.5,1.6654345989227295
2022-09-20,31.75,76.5,3.601158380508423
2022-09-20,31.75,76.75,4.664219856262207
2022-09-20,31.75,77.0,9.090786933898926
2022-09-20,31.75,77.25,12.25768756866455
2022-09-20,31.75,77.5,6.89900541305542
2022-09-20,32.0,76.5,3.8656861782073975
2022-09-20,32.0,76.75,6.74094295501709
2022-09-20,32.0,77.0,8.337766647338867
2022-09-20,32.0,77.25,9.44425106048584
2022-09-20,32.0,77.5,8.307415962219238
2022-09-21,31.5,76.5,2.535526752471924
2022-09-21,31.5,76.75,0.8471155166625977
2022-09-21,31.5,77.0,2.979010581970215
2022-09-21,31.5,77.25,8.015289306640625
2022-09-21,31.5,77.5,3.918818473815918
2022-09-21,31.75,76.5,0.2229851633310318
2022-09-21,31.75,76.75,2.14250111579895
2022-09-21,31.75,77.0,4.734230995178223
2022-09-21,31.75,77.25,6.742303848266602
2022-09-21,31.75,77.5,5.7969160079956055
2022-09-21,32.0,76.5,2.5612263679504395
2022-09-21,32.0,76.75,2.6896462440490723
2022-09-21,32.0,77.0,19.088335037231445
2022-09-21,32.0,77.25,21.945636749267578
2022-09-21,32.0,77.5,5.606927871704102
2022-09-22,31.5,76.5,0.0
2022-09-22,31.5,76.75,0.16824190318584442
2022-09-22,31.5,77.0,0.9408681392669678
2022-09-22,31.5,77.25,7.15567684173584
2022-09-22,31.5,77.5,6.327061176300049
2022-09-22,31.75,76.5,0.9777041673660278
2022-09-22,31.75,76.75,0.0
2022-09-22,31.75,77.0,3.4339747428894043
2022-09-22,31.75,77.25,6.581647872924805
2022-09-22,31.75,77.5,8.090202331542969
2022-09-22,32.0,76.5,6.598578453063965
2022-09-22,32.0,76.75,4.389760494232178
2022-09-22,32.0,77.0,11.517627716064453
2022-09-22,32.0,77.25,13.772408485412598
2022-09-22,32.0,77.5,6.992537975311279
2022-09-23,31.5,76.5,7.626948356628418
2022-09-23,31.5,76.75,9.055187225341797
2022-09-23,31.5,77.0,2.1498680114746094
2022-09-23,31.5,77.25,3.8839662075042725
2022-09-23,31.5,77.5,23.65134048461914
2022-09-23,31.75,76.5,6.8462042808532715
2022-09-23,31.75,76.75,4.22155237197876
2022-09-23,31.75,77.0,1.117296576499939
2022-09-23,31.75,77.25,0.2957247495651245
2022-09-23,31.75,77.5,13.693598747253418
2022-09-23,32.0,76.5,3.474565029144287
2022-09-23,32.0,76.75,2.518357038497925
2022-09-23,32.0,77.0,1.761656403541565
2022-09-23,32.0,77.25,1.7069387435913086
2022-09-23,32.0,77.5,7.744800567626953
2022-09-24,31.5,76.5,0.29539117217063904
2022-09-24,31.5,76.75,0.1386534422636032
2022-09-24,31.5,77.0,4.611800670623779
2022-09-24,31.5,77.25,4.652220726013184
2022-09-24,31.5,77.5,5.3510613441467285
2022-09-24,31.75,76.5,1.6557049751281738
2022-09-24,31.75,76.75,0.513029158115387
2022-09-24,31.75,77.0,0.7221933603286743
2022-09-24,31.75,77.25,3.558886766433716
2022-09-24,31.75,77.5,5.250550270080566
2022-09-24,32.0,76.5,0.0
2022-09-24,32.0,76.75,0.17423035204410553
2022-09-24,32.0,77.0,1.7729392051696777
2022-09-24,32.0,77.25,2.5849668979644775
2022-09-24,32.0,77.5,3.9186506271362305
2022-09-25,31.5,76.5,30.54393196105957
2022-09-25,31.5,76.75,39.90799331665039
2022-09-25,31.5,77.0,23.56858253479004
2022-09-25,31.5,77.25,27.62468147277832
2022-09-25,31.5,77.5,15.865720748901367
2022-09-25,31.75,76.5,18.441640853881836
2022-09-25,31.75,76.75,24.070823669433594
2022-09-25,31.75,77.0,24.61554527282715
2022-09-25,31.75,77.25,29.25865936279297
2022-09-25,31.75,77.5,21.15828514099121
2022-09-25,32.0,76.5,28.01735496520996
2022-09-25,32.0,76.75,25.751951217651367
2022-09-25,32.0,77.0,29.37776756286621
2022-09-25,32.0,77.25,30.497516632080078
2022-09-25,32.0,77.5,23.11637306213379
2022-09-26,31.5,76.5,9.9072847366333
2022-09-26,31.5,76.75,17.449037551879883
2022-09-26,31.5,77.0,17.143831253051758
2022-09-26,31.5,77.25,27.383956909179688
2022-09-26,31.5,77.5,16.232145309448242
2022-09-26,31.75,76.5,25.787206649780273
2022-09-26,31.75,76.75,12.075039863586426
2022-09-26,31.75,77.0,19.844453811645508
2022-09-26,31.75,77.25,29.349071502685547
2022-09-26,31.75,77.5,22.83384895324707
2022-09-26,32.0,76.5,38.260337829589844
2022-09-26,32.0,76.75,22.08268165588379
2022-09-26,32.0,77.0,22.8598690032959
2022-09-26,32.0,77.25,26.378482818603516
2022-09-26,32.0,77.5,22.31294822692871
2022-09-27,31.5,76.5,0.0
2022-09-27,31.5,76.75,0.0
2022-09-27,31.5,77.0,0.0
2022-09-27,31.5,77.25,0.0
2022-09-27,31.5,77.5,0.0
2022-09-27,31.75,76.5,0.0
2022-09-27,31.75,76.75,0.0
2022-09-27,31.75,77.0,0.0
2022-09-27,31.75,77.25,0.0
2022-09-27,31.75,77.5,0.0
2022-09-27,32.0,76.5,0.0
2022-09-27,32.0,76.75,0.0
2022-09-27,32.0,77.0,0.0
2022-09-27,32.0,77.25,0.0
2022-09-27,32.0,77.5,0.0
2022-09-28,31.5,76.5,0.0
2022-09-28,31.5,76.75,0.0
2022-09-28,31.5,77.0,0.0
2022-09-28,31.5,77.25,0.0
2022-09-28,31.5,77.5,0.0
2022-09-28,31.75,76.5,0.0
2022-09-28,31.75,76.75,0.0
2022-09-28,31.75,77.0,0.0
2022-09-28,31.75,77.25,0.0
2022-09-28,31.75,77.5,0.0
2022-09-28,32.0,76.5,0.0
2022-09-28,32.0,76.75,0.0
2022-09-28,32.0,77.0,0.0
2022-09-28,32.0,77.25,0.0
2022-09-28,32.0,77.5,0.0
2022-09-29,31.5,76.5,0.0
2022-09-29,31.5,76.75,0.6478437781333923
2022-09-29,31.5,77.0,5.482330322265625
2022-09-29,31.5,77.25,0.37186574935913086
2022-09-29,31.5,77.5,0.0
2022-09-29,31.75,76.5,0.0
2022-09-29,31.75,76.75,0.3312920033931732
2022-09-29,31.75,77.0,0.9360863566398621
2022-09-29,31.75,77.25,0.0
2022-09-29,31.75,77.5,0.0
2022-09-29,32.0,76.5,1.68780517578125
2022-09-29,32.0,76.75,2.005728006362915
2022-09-29,32.0,77.0,2.6019344329833984
2022-09-29,32.0,77.25,1.1008142232894897
2022-09-29,32.0,77.5,0.0
2022-09-30,31.5,76.5,0.0
2022-09-30,31.5,76.75,0.0
2022-09-30,31.5,77.0,0.0
2022-09-30,31.5,77.25,0.0
2022-09-30,31.5,77.5,0.0
2022-09-30,31.75,76.5,0.0
2022-09-30,31.75,76.75,0.0
2022-09-30,31.75,77.0,0.0
2022-09-30,31.75,77.25,0.0
2022-09-30,31.75,77.5,0.0
2022-09-30,32.0,76.5,0.0
2022-09-30,32.0,76.75,0.0
2022-09-30,32.0,77.0,0.0
2022-09-30,32.0,77.25,0.0
2022-09-30,32.0,77.5,0.0
2022-10-01,31.5,76.5,0.0
2022-10-01,31.5,76.75,0.0
2022-10-01,31.5,77.0,0.0
2022-10-01,31.5,77.25,0.0
2022-10-01,31.5,77.5,0.0
2022-10-01,31.75,76.5,0.0
2022-10-01,31.75,76.75,0.0
2022-10-01,31.75,77.0,0.0
2022-10-01,31.75,77.25,0.0
2022-10-01,31.75,77.5,0.0
2022-10-01,32.0,76.5,0.0
2022-10-01,32.0,76.75,0.0
2022-10-01,32.0,77.0,0.0
2022-10-01,32.0,77.25,0.0
2022-10-01,32.0,77.5,0.0
2022-10-02,31.5,76.5,0.0
2022-10-02,31.5,76.75,0.0
2022-10-02,31.5,77.0,0.0
2022-10-02,31.5,77.25,0.791939377784729
2022-10-02,31.5,77.5,0.13479170203208923
2022-10-02,31.75,76.5,0.0
2022-10-02,31.75,76.75,0.0
2022-10-02,31.75,77.0,0.0
2022-10-02,31.75,77.25,0.0
2022-10-02,31.75,77.5,0.0
2022-10-02,32.0,76.5,0.0
2022-10-02,32.0,76.75,0.0
2022-10-02,32.0,77.0,0.0
2022-10-02,32.0,77.25,0.0
2022-10-02,32.0,77.5,0.0
2022-10-03,31.5,76.5,0.0
2022-10-03,31.5,76.75,0.0
2022-10-03,31.5,77.0,0.0
2022-10-03,31.5,77.25,0.0
2022-10-03,31.5,77.5,0.0
2022-10-03,31.75,76.5,0.0
2022-10-03,31.75,76.75,0.0
2022-10-03,31.75,77.0,0.0
2022-10-03,31.75,77.25,0.0
2022-10-03,31.75,77.5,0.0
2022-10-03,32.0,76.5,1.7969441413879395
2022-10-03,32.0,76.75,0.0
2022-10-03,32.0,77.0,0.0
2022-10-03,32.0,77.25,0.0
2022-10-03,32.0,77.5,0.0
2022-10-04,31.5,76.5,0.0
2022-10-04,31.5,76.75,0.0
2022-10-04,31.5,77.0,0.0
2022-10-04,31.5,77.25,0.0
2022-10-04,31.5,77.5,0.0
2022-10-04,31.75,76.5,0.0
2022-10-04,31.75,76.75,0.0
2022-10-04,31.75,77.0,0.0
2022-10-04,31.75,77.25,0.0
2022-10-04,31.75,77.5,0.19764189422130585
2022-10-04,32.0,76.5,0.0
2022-10-04,32.0,76.75,0.0
2022-10-04,32.0,77.0,0.0
2022-10-04,32.0,77.25,0.0
2022-10-04,32.0,77.5,0.2628026306629181
2022-10-05,31.5,76.5,0.0
2022-10-05,31.5,76.75,0.0
2022-10-05,31.5,77.0,0.0
2022-10-05,31.5,77.25,0.0
2022-10-05,31.5,77.5,1.5945583581924438
2022-10-05,31.75,76.5,0.0
2022-10-05,31.75,76.75,0.0
2022-10-05,31.75,77.0,0.0
2022-10-05,31.75,77.25,0.0
2022-10-05,31.75,77.5,2.2976725101470947
2022-10-05,32.0,76.5,0.0
2022-10-05,32.0,76.75,0.0
2022-10-05,32.0,77.0,0.0
2022-10-05,32.0,77.25,0.0
2022-10-05,32.0,77.5,2.136275053024292
2022-10-06,31.5,76.5,0.0
2022-10-06,31.5,76.75,0.0
2022-10-06,31.5,77.0,0.0
2022-10-06,31.5,77.25,0.0
2022-10-06,31.5,77.5,0.0
2022-10-06,31.75,76.5,0.0
2022-10-06,31.75,76.75,0.0
2022-10-06,31.75,77.0,0.0
2022-10-06,31.75,77.25,0.0
2022-10-06,31.75,77.5,0.7246869206428528
2022-10-06,32.0,76.5,0.0
2022-10-06,32.0,76.75,0.0
2022-10-06,32.0,77.0,0.0
2022-10-06,32.0,77.25,0.0
2022-10-06,32.0,77.5,0.9636096954345703
2022-10-07,31.5,76.5,0.0
2022-10-07,31.5,76.75,0.3630646765232086
2022-10-07,31.5,77.0,0.0
2022-10-07,31.5,77.25,0.0
2022-10-07,31.5,77.5,0.0
2022-10-07,31.75,76.5,0.0
2022-10-07,31.75,76.75,0.0
2022-10-07,31.75,77.0,0.0
2022-10-07,31.75,77.25,0.0
2022-10-07,31.75,77.5,0.0
2022-10-07,32.0,76.5,0.0
2022-10-07,32.0,76.75,0.0
2022-10-07,32.0,77.0,0.0
2022-10-07,32.0,77.25,0.0
2022-10-07,32.0,77.5,0.0
2022-10-08,31.5,76.5,8.13493824005127
2022-10-08,31.5,76.75,0.0
2022-10-08,31.5,77.0,0.0
2022-10-08,31.5,77.25,0.0
2022-10-08,31.5,77.5,0.6833820939064026
2022-10-08,31.75,76.5,0.0
2022-10-08,31.75,76.75,0.0
2022-10-08,31.75,77.0,0.0
2022-10-08,31.75,77.25,0.0
2022-10-08,31.75,77.5,1.2610722780227661
2022-10-08,32.0,76.5,0.0
2022-10-08,32.0,76.75,0.0
2022-10-08,32.0,77.0,0.0
2022-10-08,32.0,77.25,0.0
2022-10-08,32.0,77.5,0.896389901638031
2022-10-09,31.5,76.5,0.0
2022-10-09,31.5,76.75,0.0
2022-10-09,31.5,77.0,0.0
2022-10-09,31.5,77.25,0.0
2022-10-09,31.5,77.5,0.0
2022-10-09,31.75,76.5,0.0
2022-10-09,31.75,76.75,0.0
2022-10-09,31.75,77.0,0.0
2022-10-09,31.75,77.25,0.0
2022-10-09,31.75,77.5,0.0
2022-10-09,32.0,76.5,0.0
2022-10-09,32.0,76.75,0.0
2022-10-09,32.0,77.0,0.34342139959335327
2022-10-09,32.0,77.25,0.3895726501941681
2022-10-09,32.0,77.5,0.0
2022-10-10,31.5,76.5,0.0
2022-10-10,31.5,76.75,2.73077392578125
2022-10-10,31.5,77.0,0.0
2022-10-10,31.5,77.25,0.20531761646270752
2022-10-10,31.5,77.5,0.0
2022-10-10,31.75,76.5,0.0
2022-10-10,31.75,76.75,0.4961740970611572
2022-10-10,31.75,77.0,0.9911791682243347
2022-10-10,31.75,77.25,0.3261133134365082
2022-10-10,31.75,77.5,0.0
2022-10-10,32.0,76.5,0.0
2022-10-10,32.0,76.75,0.1991204023361206
2022-10-10,32.0,77.0,12.997053146362305
2022-10-10,32.0,77.25,14.575003623962402
2022-10-10,32.0,77.5,0.2704069912433624
2022-10-11,31.5,76.5,20.117965698242188
2022-10-11,31.5,76.75,53.66306686401367
2022-10-11,31.5,77.0,37.33958053588867
2022-10-11,31.5,77.25,38.425289154052734
2022-10-11,31.5,77.5,24.23404884338379
2022-10-11,31.75,76.5,12.939866065979004
2022-10-11,31.75,76.75,30.04181480407715
2022-10-11,31.75,77.0,38.752845764160156
2022-10-11,31.75,77.25,37.45863723754883
2022-10-11,31.75,77.5,22.30449104309082
2022-10-11,32.0,76.5,22.785701751708984
2022-10-11,32.0,76.75,34.953914642333984
2022-10-11,32.0,77.0,28.649658203125
2022-10-11,32.0,77.25,28.273645401000977
2022-10-11,32.0,77.5,23.6228084564209
2022-10-12,31.5,76.5,1.8645771741867065
2022-10-12,31.5,76.75,1.9760454893112183
2022-10-12,31.5,77.0,12.841255187988281
2022-10-12,31.5,77.25,14.491432189941406
2022-10-12,31.5,77.5,23.410808563232422
2022-10-12,31.75,76.5,2.030172109603882
2022-10-12,31.75,76.75,1.3231308460235596
2022-10-12,31.75,77.0,15.073783874511719
2022-10-12,31.75,77.25,13.911298751831055
2022-10-12,31.75,77.5,17.14016342163086
2022-10-12,32.0,76.5,3.1018640995025635
2022-10-12,32.0,76.75,5.483072757720947
2022-10-12,32.0,77.0,18.496871948242188
2022-10-12,32.0,77.25,18.991004943847656
2022-10-12,32.0,77.5,15.487661361694336
2022-10-13,31.5,76.5,0.0
2022-10-13,31.5,76.75,2.155271053314209
2022-10-13,31.5,77.0,6.237881183624268
2022-10-13,31.5,77.25,7.726847171783447
2022-10-13,31.5,77.5,7.063533306121826
2022-10-13,31.75,76.5,0.0
2022-10-13,31.75,76.75,0.0
2022-10-13,31.75,77.0,1.9097139835357666
2022-10-13,31.75,77.25,7.238492012023926
2022-10-13,31.75,77.5,6.8663225173950195
2022-10-13,32.0,76.5,0.0
2022-10-13,32.0,76.75,0.6222512125968933
2022-10-13,32.0,77.0,2.325587272644043
2022-10-13,32.0,77.25,3.646549940109253
2022-10-13,32.0,77.5,4.762380599975586
2022-10-14,31.5,76.5,0.0
2022-10-14,31.5,76.75,0.0
2022-10-14,31.5,77.0,0.0
2022-10-14,31.5,77.25,0.14665544033050537
2022-10-14,31.5,77.5,0.48054951429367065
2022-10-14,31.75,76.5,0.0
2022-10-14,31.75,76.75,0.0
2022-10-14,31.75,77.0,0.0
2022-10-14,31.75,77.25,0.0
2022-10-14,31.75,77.5,0.5874600410461426
2022-10-14,32.0,76.5,0.0
2022-10-14,32.0,76.75,0.0
2022-10-14,32.0,77.0,0.0
2022-10-14,32.0,77.25,0.0
2022-10-14,32.0,77.5,0.5185919404029846
2022-10-15,31.5,76.5,0.0
2022-10-15,31.5,76.75,0.0
2022-10-15,31.5,77.0,0.0
2022-10-15,31.5,77.25,0.0
2022-10-15,31.5,77.5,0.0
2022-10-15,31.75,76.5,0.0
2022-10-15,31.75,76.75,0.0
2022-10-15,31.75,77.0,0.0
2022-10-15,31.75,77.25,0.0
2022-10-15,31.75,77.5,0.0
2022-10-15,32.0,76.5,0.0
2022-10-15,32.0,76.75,0.0
2022-10-15,32.0,77.0,0.0
2022-10-15,32.0,77.25,0.0
2022-10-15,32.0,77.5,0.0
2022-10-16,31.5,76.5,0.0
2022-10-16,31.5,76.75,0.0
2022-10-16,31.5,77.0,0.0
2022-10-16,31.5,77.25,0.0
2022-10-16,31.5,77.5,0.0
2022-10-16,31.75,76.5,0.0
2022-10-16,31.75,76.75,0.0
2022-10-16,31.75,77.0,0.0
2022-10-16,31.75,77.25,0.0
2022-10-16,31.75,77.5,0.0
2022-10-16,32.0,76.5,0.0
2022-10-16,32.0,76.75,0.0
2022-10-16,32.0,77.0,0.0
2022-10-16,32.0,77.25,0.0
2022-10-16,32.0,77.5,0.0
2022-10-17,31.5,76.5,0.0
2022-10-17,31.5,76.75,0.0
2022-10-17,31.5,77.0,0.0
2022-10-17,31.5,77.25,0.0
2022-10-17,31.5,77.5,0.0
2022-10-17,31.75,76.5,0.0
2022-10-17,31.75,76.75,0.0
2022-10-17,31.75,77.0,0.0
2022-10-17,31.75,77.25,0.0
2022-10-17,31.75,77.5,0.0
2022-10-17,32.0,76.5,0.0
2022-10-17,32.0,76.75,0.0
2022-10-17,32.0,77.0,0.0
2022-10-17,32.0,77.25,0.0
2022-10-17,32.0,77.5,0.0
2022-10-18,31.5,76.5,0.0
2022-10-18,31.5,76.75,0.0
2022-10-18,31.5,77.0,0.0
2022-10-18,31.5,77.25,0.0
2022-10-18,31.5,77.5,0.0
2022-10-18,31.75,76.5,0.0
2022-10-18,31.75,76.75,0.0
2022-10-18,31.75,77.0,0.0
2022-10-18,31.75,77.25,0.0
2022-10-18,31.75,77.5,0.0
2022-10-18,32.0,76.5,0.0
2022-10-18,32.0,76.75,0.0
2022-10-18,32.0,77.0,0.0
2022-10-18,32.0,77.25,0.0
2022-10-18,32.0,77.5,0.0
2022-10-19,31.5,76.5,0.0
2022-10-19,31.5,76.75,0.0
2022-10-19,31.5,77.0,0.0
2022-10-19,31.5,77.25,0.0
2022-10-19,31.5,77.5,0.22779405117034912
2022-10-19,31.75,76.5,0.0
2022-10-19,31.75,76.75,0.0
2022-10-19,31.75,77.0,0.0
2022-10-19,31.75,77.25,0.0
2022-10-19,31.75,77.5,0.2937300205230713
2022-10-19,32.0,76.5,0.0
2022-10-19,32.0,76.75,0.0
2022-10-19,32.0,77.0,0.0
2022-10-19,32.0,77.25,0.0
2022-10-19,32.0,77.5,0.2592959702014923
2022-10-20,31.5,76.5,0.0
2022-10-20,31.5,76.75,0.0
2022-10-20,31.5,77.0,0.0
2022-10-20,31.5,77.25,0.0
2022-10-20,31.5,77.5,0.0
2022-10-20,31.75,76.5,0.0
2022-10-20,31.75,76.75,0.0
2022-10-20,31.75,77.0,0.0
2022-10-20,31.75,77.25,0.0
2022-10-20,31.75,77.5,0.0
2022-10-20,32.0,76.5,0.0
2022-10-20,32.0,76.75,0.0
2022-10-20,32.0,77.0,0.0
2022-10-20,32.0,77.25,0.0
2022-10-20,32.0,77.5,0.0
2022-10-21,31.5,76.5,0.0
2022-10-21,31.5,76.75,0.7319788336753845
2022-10-21,31.5,77.0,4.455629348754883
2022-10-21,31.5,77.25,0.9524490237236023
2022-10-21,31.5,77.5,0.0
2022-10-21,31.75,76.5,2.4126389026641846
2022-10-21,31.75,76.75,0.10758336633443832
2022-10-21,31.75,77.0,0.0
2022-10-21,31.75,77.25,0.5320699214935303
2022-10-21,31.75,77.5,0.0
2022-10-21,32.0,76.5,7.341721534729004
2022-10-21,32.0,76.75,2.1110801696777344
2022-10-21,32.0,77.0,0.34342139959335327
2022-10-21,32.0,77.25,0.3895726501941681
2022-10-21,32.0,77.5,0.0
2022-10-22,31.5,76.5,0.0
2022-10-22,31.5,76.75,0.0
2022-10-22,31.5,77.0,0.10728797316551208
2022-10-22,31.5,77.25,0.1823895424604416
2022-10-22,31.5,77.5,0.0
2022-10-22,31.75,76.5,0.0
2022-10-22,31.75,76.75,0.0
2022-10-22,31.75,77.0,0.0
2022-10-22,31.75,77.25,0.0
2022-10-22,31.75,77.5,0.0
2022-10-22,32.0,76.5,2.450378179550171
2022-10-22,32.0,76.75,0.0
2022-10-22,32.0,77.0,0.0
2022-10-22,32.0,77.25,0.0
2022-10-22,32.0,77.5,0.0
2022-10-23,31.5,76.5,0.0
2022-10-23,31.5,76.75,0.0
2022-10-23,31.5,77.0,0.0
2022-10-23,31.5,77.25,0.0
2022-10-23,31.5,77.5,0.0
2022-10-23,31.75,76.5,0.0
2022-10-23,31.75,76.75,0.0
2022-10-23,31.75,77.0,0.0
2022-10-23,31.75,77.25,0.0
2022-10-23,31.75,77.5,0.0
2022-10-23,32.0,76.5,0.0
2022-10-23,32.0,76.75,0.0
2022-10-23,32.0,77.0,0.0
2022-10-23,32.0,77.25,0.0
2022-10-23,32.0,77.5,0.0
2022-10-24,31.5,76.5,0.0
2022-10-24,31.5,76.75,0.0
2022-10-24,31.5,77.0,0.0
2022-10-24,31.5,77.25,0.0
2022-10-24,31.5,77.5,0.0
2022-10-24,31.75,76.5,0.0
2022-10-24,31.75,76.75,0.0
2022-10-24,31.75,77.0,0.0
2022-10-24,31.75,77.25,0.0
2022-10-24,31.75,77.5,0.0
2022-10-24,32.0,76.5,0.0
2022-10-24,32.0,76.75,0.0
2022-10-24,32.0,77.0,0.0
2022-10-24,32.0,77.25,0.0
2022-10-24,32.0,77.5,0.0
2022-10-25,31.5,76.5,0.0
2022-10-25,31.5,76.75,0.0
2022-10-25,31.5,77.0,0.0
2022-10-25,31.5,77.25,0.0
2022-10-25,31.5,77.5,0.0
2022-10-25,31.75,76.5,0.0
2022-10-25,31.75,76.75,0.0
2022-10-25,31.75,77.0,0.0
2022-10-25,31.75,77.25,0.0
2022-10-25,31.75,77.5,0.0
2022-10-25,32.0,76.5,0.0
2022-10-25,32.0,76.75,0.0
2022-10-25,32.0,77.0,0.0
2022-10-25,32.0,77.25,0.0
2022-10-25,32.0,77.5,0.0
2022-10-26,31.5,76.5,0.0
2022-10-26,31.5,76.75,0.0
2022-10-26,31.5,77.0,0.0
2022-10-26,31.5,77.25,0.0
2022-10-26,31.5,77.5,0.0
2022-10-26,31.75,76.5,0.0
2022-10-26,31.75,76.75,0.0
2022-10-26,31.75,77.0,0.0
2022-10-26,31.75,77.25,0.0
2022-10-26,31.75,77.5,0.0
2022-10-26,32.0,76.5,0.0
2022-10-26,32.0,76.75,0.0
2022-10-26,32.0,77.0,0.0
2022-10-26,32.0,77.25,0.0
2022-10-26,32.0,77.5,0.0
2022-10-27,31.5,76.5,0.0
2022-10-27,31.5,76.75,0.0
2022-10-27,31.5,77.0,0.0
2022-10-27,31.5,77.25,0.0
2022-10-27,31.5,77.5,0.0
2022-10-27,31.75,76.5,0.0
2022-10-27,31.75,76.75,0.0
2022-10-27,31.75,77.0,0.0
2022-10-27,31.75,77.25,0.0
2022-10-27,31.75,77.5,0.0
2022-10-27,32.0,76.5,0.0
2022-10-27,32.0,76.75,0.0
2022-10-27,32.0,77.0,0.0
2022-10-27,32.0,77.25,0.0
2022-10-27,32.0,77.5,0.0
2022-10-28,31.5,76.5,0.0
2022-10-28,31.5,76.75,0.0
2022-10-28,31.5,77.0,0.0
2022-10-28,31.5,77.25,0.0
2022-10-28,31.5,77.5,0.0
2022-10-28,31.75,76.5,0.0
2022-10-28,31.75,76.75,0.0
2022-10-28,31.75,77.0,0.0
2022-10-28,31.75,77.25,0.0
2022-10-28,31.75,77.5,0.0
2022-10-28,32.0,76.5,0.0
2022-10-28,32.0,76.75,0.0
2022-10-28,32.0,77.0,0.0
2022-10-28,32.0,77.25,0.0
2022-10-28,32.0,77.5,0.0
2022-10-29,31.5,76.5,0.0
2022-10-29,31.5,76.75,0.0
2022-10-29,31.5,77.0,0.0
2022-10-29,31.5,77.25,0.0
2022-10-29,31.5,77.5,0.0
2022-10-29,31.75,76.5,0.0
2022-10-29,31.75,76.75,0.0
2022-10-29,31.75,77.0,0.0
2022-10-29,31.75,77.25,0.0
2022-10-29,31.75,77.5,0.0
2022-10-29,32.0,76.5,0.0
2022-10-29,32.0,76.75,0.0
2022-10-29,32.0,77.0,0.0
2022-10-29,32.0,77.25,0.0
2022-10-29,32.0,77.5,0.0
2022-10-30,31.5,76.5,0.0
2022-10-30,31.5,76.75,0.0
2022-10-30,31.5,77.0,0.0
2022-10-30,31.5,77.25,0.0
2022-10-30,31.5,77.5,0.0
2022-10-30,31.75,76.5,0.0
2022-10-30,31.75,76.75,0.0
2022-10-30,31.75,77.0,0.0
2022-10-30,31.75,77.25,0.0
2022-10-30,31.75,77.5,0.0
2022-10-30,32.0,76.5,0.0
2022-10-30,32.0,76.75,0.0
2022-10-30,32.0,77.0,0.0
2022-10-30,32.0,77.25,0.0
2022-10-30,32.0,77.5,0.0
2022-10-31,31.5,76.5,0.0
2022-10-31,31.5,76.75,0.0
2022-10-31,31.5,77.0,0.0
2022-10-31,31.5,77.25,0.0
2022-10-31,31.5,77.5,0.0
2022-10-31,31.75,76.5,0.0
2022-10-31,31.75,76.75,0.0
2022-10-31,31.75,77.0,0.0
2022-10-31,31.75,77.25,0.0
2022-10-31,31.75,77.5,0.0
2022-10-31,32.0,76.5,0.0
2022-10-31,32.0,76.75,0.0
2022-10-31,32.0,77.0,0.0
2022-10-31,32.0,77.25,0.0
2022-10-31,32.0,77.5,0.0
2022-11-01,31.5,76.5,0.0
2022-11-01,31.5,76.75,0.0
2022-11-01,31.5,77.0,0.0
2022-11-01,31.5,77.25,0.0
2022-11-01,31.5,77.5,0.0
2022-11-01,31.75,76.5,0.0
2022-11-01,31.75,76.75,0.0
2022-11-01,31.75,77.0,0.0
2022-11-01,31.75,77.25,0.0
2022-11-01,31.75,77.5,0.0
2022-11-01,32.0,76.5,0.0
2022-11-01,32.0,76.75,0.0
2022-11-01,32.0,77.0,0.0
2022-11-01,32.0,77.25,0.0
2022-11-01,32.0,77.5,0.0
2022-11-02,31.5,76.5,0.0
2022-11-02,31.5,76.75,0.0
2022-11-02,31.5,77.0,0.0
2022-11-02,31.5,77.25,0.0
2022-11-02,31.5,77.5,0.0
2022-11-02,31.75,76.5,0.0
2022-11-02,31.75,76.75,0.0
2022-11-02,31.75,77.0,0.0
2022-11-02,31.75,77.25,0.0
2022-11-02,31.75,77.5,0.0
2022-11-02,32.0,76.5,0.0
2022-11-02,32.0,76.75,0.0
2022-11-02,32.0,77.0,0.0
2022-11-02,32.0,77.25,0.0
2022-11-02,32.0,77.5,0.0
2022-11-03,31.5,76.5,0.0
2022-11-03,31.5,76.75,0.0
2022-11-03,31.5,77.0,0.0
2022-11-03,31.5,77.25,0.0
2022-11-03,31.5,77.5,0.0
2022-11-03,31.75,76.5,0.0
2022-11-03,31.75,76.75,0.0
2022-11-03,31.75,77.0,0.0
2022-11-03,31.75,77.25,0.0
2022-11-03,31.75,77.5,0.0
2022-11-03,32.0,76.5,0.0
2022-11-03,32.0,76.75,0.0
2022-11-03,32.0,77.0,0.0
2022-11-03,32.0,77.25,0.0
2022-11-03,32.0,77.5,0.0
2022-11-04,31.5,76.5,0.0
2022-11-04,31.5,76.75,0.0
2022-11-04,31.5,77.0,0.0
2022-11-04,31.5,77.25,0.0
2022-11-04,31.5,77.5,0.0
2022-11-04,31.75,76.5,0.0
2022-11-04,31.75,76.75,0.0
2022-11-04,31.75,77.0,0.0
2022-11-04,31.75,77.25,0.0
2022-11-04,31.75,77.5,0.0
2022-11-04,32.0,76.5,0.0
2022-11-04,32.0,76.75,0.0
2022-11-04,32.0,77.0,0.0
2022-11-04,32.0,77.25,0.0
2022-11-04,32.0,77.5,0.0
2022-11-05,31.5,76.5,0.0
2022-11-05,31.5,76.75,0.0
2022-11-05,31.5,77.0,0.0
2022-11-05,31.5,77.25,0.0
2022-11-05,31.5,77.5,0.0
2022-11-05,31.75,76.5,0.0
2022-11-05,31.75,76.75,0.0
2022-11-05,31.75,77.0,0.0
2022-11-05,31.75,77.25,0.0
2022-11-05,31.75,77.5,0.0
2022-11-05,32.0,76.5,0.0
2022-11-05,32.0,76.75,0.0
2022-11-05,32.0,77.0,0.0
2022-11-05,32.0,77.25,0.0
2022-11-05,32.0,77.5,0.0
2022-11-06,31.5,76.5,0.0
2022-11-06,31.5,76.75,0.0
2022-11-06,31.5,77.0,0.0
2022-11-06,31.5,77.25,0.0
2022-11-06,31.5,77.5,0.0
2022-11-06,31.75,76.5,0.5317338109016418
2022-11-06,31.75,76.75,0.0
2022-11-06,31.75,77.0,0.0
2022-11-06,31.75,77.25,0.0
2022-11-06,31.75,77.5,0.0
2022-11-06,32.0,76.5,1.9526464939117432
2022-11-06,32.0,76.75,0.5365493893623352
2022-11-06,32.0,77.0,0.0
2022-11-06,32.0,77.25,0.0
2022-11-06,32.0,77.5,0.0
2022-11-07,31.5,76.5,0.0
2022-11-07,31.5,76.75,0.0
2022-11-07,31.5,77.0,0.0
2022-11-07,31.5,77.25,0.0
2022-11-07,31.5,77.5,0.0
2022-11-07,31.75,76.5,0.0
2022-11-07,31.75,76.75,0.0
2022-11-07,31.75,77.0,0.0
2022-11-07,31.75,77.25,0.0
2022-11-07,31.75,77.5,0.0
2022-11-07,32.0,76.5,0.0
2022-11-07,32.0,76.75,0.0
2022-11-07,32.0,77.0,0.0
2022-11-07,32.0,77.25,0.0
2022-11-07,32.0,77.5,0.0
2022-11-08,31.5,76.5,0.0
2022-11-08,31.5,76.75,0.0
2022-11-08,31.5,77.0,0.0
2022-11-08,31.5,77.25,0.0
2022-11-08,31.5,77.5,0.0
2022-11-08,31.75,76.5,0.0
2022-11-08,31.75,76.75,0.0
2022-11-08,31.75,77.0,0.0
2022-11-08,31.75,77.25,0.0
2022-11-08,31.75,77.5,0.0
2022-11-08,32.0,76.5,0.0
2022-11-08,32.0,76.75,0.0
2022-11-08,32.0,77.0,0.0
2022-11-08,32.0,77.25,0.0
2022-11-08,32.0,77.5,0.0
2022-11-09,31.5,76.5,0.0
2022-11-09,31.5,76.75,0.0
2022-11-09,31.5,77.0,0.0
2022-11-09,31.5,77.25,0.0
2022-11-09,31.5,77.5,0.0
2022-11-09,31.75,76.5,0.0
2022-11-09,31.75,76.75,0.0
2022-11-09,31.75,77.0,0.0
2022-11-09,31.75,77.25,0.0
2022-11-09,31.75,77.5,0.0
2022-11-09,32.0,76.5,0.0
2022-11-09,32.0,76.75,0.0
2022-11-09,32.0,77.0,0.0
2022-11-09,32.0,77.25,0.0
2022-11-09,32.0,77.5,0.0
2022-11-10,31.5,76.5,0.0
2022-11-10,31.5,76.75,0.0
2022-11-10,31.5,77.0,0.11714161932468414
2022-11-10,31.5,77.25,6.081417083740234
2022-11-10,31.5,77.5,2.6250948905944824
2022-11-10,31.75,76.5,0.5317338109016418
2022-11-10,31.75,76.75,0.5487755537033081
2022-11-10,31.75,77.0,6.120324611663818
2022-11-10,31.75,77.25,7.533168792724609
2022-11-10,31.75,77.5,4.9085822105407715
2022-11-10,32.0,76.5,7.699155330657959
2022-11-10,32.0,76.75,8.124227523803711
2022-11-10,32.0,77.0,10.9620943069458
2022-11-10,32.0,77.25,12.114544868469238
2022-11-10,32.0,77.5,5.827277660369873
2022-11-11,31.5,76.5,0.0
2022-11-11,31.5,76.75,0.0
2022-11-11,31.5,77.0,0.0
2022-11-11,31.5,77.25,0.0
2022-11-11,31.5,77.5,0.22779405117034912
2022-11-11,31.75,76.5,0.0
2022-11-11,31.75,76.75,0.3307827115058899
2022-11-11,31.75,77.0,0.5589348077774048
2022-11-11,31.75,77.25,0.19457322359085083
2022-11-11,31.75,77.5,0.2937300205230713
2022-11-11,32.0,76.5,0.0
2022-11-11,32.0,76.75,0.0
2022-11-11,32.0,77.0,0.3535045087337494
2022-11-11,32.0,77.25,0.3213925361633301
2022-11-11,32.0,77.5,0.3944994807243347
2022-11-12,31.5,76.5,0.0
2022-11-12,31.5,76.75,0.0
2022-11-12,31.5,77.0,0.0
2022-11-12,31.5,77.25,0.0
2022-11-12,31.5,77.5,0.0
2022-11-12,31.75,76.5,0.0
2022-11-12,31.75,76.75,0.0
2022-11-12,31.75,77.0,0.0
2022-11-12,31.75,77.25,0.0
2022-11-12,31.75,77.5,0.0
2022-11-12,32.0,76.5,0.0
2022-11-12,32.0,76.75,0.0
2022-11-12,32.0,77.0,0.0
2022-11-12,32.0,77.25,0.0
2022-11-12,32.0,77.5,0.0
2022-11-13,31.5,76.5,0.0
2022-11-13,31.5,76.75,0.0
2022-11-13,31.5,77.0,0.0
2022-11-13,31.5,77.25,0.0
2022-11-13,31.5,77.5,0.0
2022-11-13,31.75,76.5,0.0
2022-11-13,31.75,76.75,0.0
2022-11-13,31.75,77.0,0.0
2022-11-13,31.75,77.25,0.0
2022-11-13,31.75,77.5,0.0
2022-11-13,32.0,76.5,0.0
2022-11-13,32.0,76.75,0.0
2022-11-13,32.0,77.0,0.0
2022-11-13,32.0,77.25,0.0
2022-11-13,32.0,77.5,0.0
2022-11-14,31.5,76.5,0.31603774428367615
2022-11-14,31.5,76.75,0.0
2022-11-14,31.5,77.0,0.0
2022-11-14,31.5,77.25,1.836534857749939
2022-11-14,31.5,77.5,0.0
2022-11-14,31.75,76.5,0.0
2022-11-14,31.75,76.75,0.0
2022-11-14,31.75,77.0,3.118887424468994
2022-11-14,31.75,77.25,2.6944422721862793
2022-11-14,31.75,77.5,1.1125142574310303
2022-11-14,32.0,76.5,1.9781956672668457
2022-11-14,32.0,76.75,2.4998981952667236
2022-11-14,32.0,77.0,3.4827656745910645
2022-11-14,32.0,77.25,3.5000827312469482
2022-11-14,32.0,77.5,2.1221160888671875
2022-11-15,31.5,76.5,1.3955971002578735
2022-11-15,31.5,76.75,1.4053544998168945
2022-11-15,31.5,77.0,6.289318084716797
2022-11-15,31.5,77.25,13.590269088745117
2022-11-15,31.5,77.5,7.180381774902344
2022-11-15,31.75,76.5,2.864501953125
2022-11-15,31.75,76.75,2.6614112854003906
2022-11-15,31.75,77.0,15.333253860473633
2022-11-15,31.75,77.25,16.20146369934082
2022-11-15,31.75,77.5,11.750106811523438
2022-11-15,32.0,76.5,15.051946640014648
2022-11-15,32.0,76.75,11.092637062072754
2022-11-15,32.0,77.0,20.89061737060547
2022-11-15,32.0,77.25,22.06735610961914
2022-11-15,32.0,77.5,14.525653839111328
2022-11-16,31.5,76.5,0.0
2022-11-16,31.5,76.75,0.0
2022-11-16,31.5,77.0,0.0
2022-11-16,31.5,77.25,0.0
2022-11-16,31.5,77.5,0.0
2022-11-16,31.75,76.5,0.0
2022-11-16,31.75,76.75,0.0
2022-11-16,31.75,77.0,0.0
2022-11-16,31.75,77.25,0.0
2022-11-16,31.75,77.5,0.0
2022-11-16,32.0,76.5,0.0
2022-11-16,32.0,76.75,0.0
2022-11-16,32.0,77.0,0.0
2022-11-16,32.0,77.25,0.0
2022-11-16,32.0,77.5,0.0
2022-11-17,31.5,76.5,0.0
2022-11-17,31.5,76.75,0.0
2022-11-17,31.5,77.0,0.0
2022-11-17,31.5,77.25,0.0
2022-11-17,31.5,77.5,0.0
2022-11-17,31.75,76.5,0.0
2022-11-17,31.75,76.75,0.0
2022-11-17,31.75,77.0,0.0
2022-11-17,31.75,77.25,0.0
2022-11-17,31.75,77.5,0.0
2022-11-17,32.0,76.5,0.0
2022-11-17,32.0,76.75,0.0
2022-11-17,32.0,77.0,0.0
2022-11-17,32.0,77.25,0.0
2022-11-17,32.0,77.5,0.0
2022-11-18,31.5,76.5,0.0
2022-11-18,31.5,76.75,0.0
2022-11-18,31.5,77.0,0.0
2022-11-18,31.5,77.25,0.0
2022-11-18,31.5,77.5,0.0
2022-11-18,31.75,76.5,0.0
2022-11-18,31.75,76.75,0.0
2022-11-18,31.75,77.0,0.0
2022-11-18,31.75,77.25,0.0
2022-11-18,31.75,77.5,0.0
2022-11-18,32.0,76.5,0.0
2022-11-18,32.0,76.75,0.0
2022-11-18,32.0,77.0,0.0
2022-11-18,32.0,77.25,0.0
2022-11-18,32.0,77.5,0.0
2022-11-19,31.5,76.5,0.0
2022-11-19,31.5,76.75,0.0
2022-11-19,31.5,77.0,0.0
2022-11-19,31.5,77.25,0.0
2022-11-19,31.5,77.5,0.0
2022-11-19,31.75,76.5,0.0
2022-11-19,31.75,76.75,0.0
2022-11-19,31.75,77.0,0.0
2022-11-19,31.75,77.25,0.0
2022-11-19,31.75,77.5,0.0
2022-11-19,32.0,76.5,0.0
2022-11-19,32.0,76.75,0.0
2022-11-19,32.0,77.0,0.0
2022-11-19,32.0,77.25,0.0
2022-11-19,32.0,77.5,0.0
2022-11-20,31.5,76.5,0.0
2022-11-20,31.5,76.75,0.0
2022-11-20,31.5,77.0,0.0
2022-11-20,31.5,77.25,0.0
2022-11-20,31.5,77.5,0.0
2022-11-20,31.75,76.5,0.0
2022-11-20,31.75,76.75,0.0
2022-11-20,31.75,77.0,0.0
2022-11-20,31.75,77.25,0.0
2022-11-20,31.75,77.5,0.0
2022-11-20,32.0,76.5,0.0
2022-11-20,32.0,76.75,0.0
2022-11-20,32.0,77.0,0.0
2022-11-20,32.0,77.25,0.0
2022-11-20,32.0,77.5,0.0
2022-11-21,31.5,76.5,0.0
2022-11-21,31.5,76.75,0.0
2022-11-21,31.5,77.0,0.0
2022-11-21,31.5,77.25,0.0
2022-11-21,31.5,77.5,0.0
2022-11-21,31.75,76.5,0.0
2022-11-21,31.75,76.75,0.0
2022-11-21,31.75,77.0,0.0
2022-11-21,31.75,77.25,0.0
2022-11-21,31.75,77.5,0.0
2022-11-21,32.0,76.5,0.0
2022-11-21,32.0,76.75,0.0
2022-11-21,32.0,77.0,0.0
2022-11-21,32.0,77.25,0.0
2022-11-21,32.0,77.5,0.0
2022-11-22,31.5,76.5,0.0
2022-11-22,31.5,76.75,0.0
2022-11-22,31.5,77.0,0.0
2022-11-22,31.5,77.25,0.0
2022-11-22,31.5,77.5,0.0
2022-11-22,31.75,76.5,0.0
2022-11-22,31.75,76.75,0.0
2022-11-22,31.75,77.0,0.0
2022-11-22,31.75,77.25,0.0
2022-11-22,31.75,77.5,0.0
2022-11-22,32.0,76.5,0.0
2022-11-22,32.0,76.75,0.0
2022-11-22,32.0,77.0,0.0
2022-11-22,32.0,77.25,0.0
2022-11-22,32.0,77.5,0.0
2022-11-23,31.5,76.5,0.0
2022-11-23,31.5,76.75,0.0
2022-11-23,31.5,77.0,0.0
2022-11-23,31.5,77.25,0.0
2022-11-23,31.5,77.5,0.0
2022-11-23,31.75,76.5,0.0
2022-11-23,31.75,76.75,0.0
2022-11-23,31.75,77.0,0.0
2022-11-23,31.75,77.25,0.0
2022-11-23,31.75,77.5,0.0
2022-11-23,32.0,76.5,0.0
2022-11-23,32.0,76.75,0.0
2022-11-23,32.0,77.0,0.0
2022-11-23,32.0,77.25,0.0
2022-11-23,32.0,77.5,0.0
2022-11-24,31.5,76.5,0.0
2022-11-24,31.5,76.75,0.0
2022-11-24,31.5,77.0,0.0
2022-11-24,31.5,77.25,0.0
2022-11-24,31.5,77.5,0.0
2022-11-24,31.75,76.5,0.0
2022-11-24,31.75,76.75,0.0
2022-11-24,31.75,77.0,0.0
2022-11-24,31.75,77.25,0.0
2022-11-24,31.75,77.5,0.0
2022-11-24,32.0,76.5,0.0
2022-11-24,32.0,76.75,0.0
2022-11-24,32.0,77.0,0.0
2022-11-24,32.0,77.25,0.0
2022-11-24,32.0,77.5,0.0
2022-11-25,31.5,76.5,0.0
2022-11-25,31.5,76.75,0.0
2022-11-25,31.5,77.0,0.0
2022-11-25,31.5,77.25,0.0
2022-11-25,31.5,77.5,0.0
2022-11-25,31.75,76.5,0.0
2022-11-25,31.75,76.75,0.0
2022-11-25,31.75,77.0,0.0
2022-11-25,31.75,77.25,0.0
2022-11-25,31.75,77.5,0.0
2022-11-25,32.0,76.5,0.0
2022-11-25,32.0,76.75,0.0
2022-11-25,32.0,77.0,0.0
2022-11-25,32.0,77.25,0.0
2022-11-25,32.0,77.5,0.0
2022-11-26,31.5,76.5,0.0
2022-11-26,31.5,76.75,0.0
2022-11-26,31.5,77.0,0.0
2022-11-26,31.5,77.25,0.0
2022-11-26,31.5,77.5,0.0
2022-11-26,31.75,76.5,0.0
2022-11-26,31.75,76.75,0.0
2022-11-26,31.75,77.0,0.0
2022-11-26,31.75,77.25,0.0
2022-11-26,31.75,77.5,0.0
2022-11-26,32.0,76.5,0.0
2022-11-26,32.0,76.75,0.0
2022-11-26,32.0,77.0,0.0
2022-11-26,32.0,77.25,0.0
2022-11-26,32.0,77.5,0.0
2022-11-27,31.5,76.5,0.0
2022-11-27,31.5,76.75,0.0
2022-11-27,31.5,77.0,0.0
2022-11-27,31.5,77.25,0.0
2022-11-27,31.5,77.5,0.0
2022-11-27,31.75,76.5,0.0
2022-11-27,31.75,76.75,0.0
2022-11-27,31.75,77.0,0.0
2022-11-27,31.75,77.25,0.0
2022-11-27,31.75,77.5,0.0
2022-11-27,32.0,76.5,0.0
2022-11-27,32.0,76.75,0.0
2022-11-27,32.0,77.0,0.0
2022-11-27,32.0,77.25,0.0
2022-11-27,32.0,77.5,0.0
2022-11-28,31.5,76.5,0.0
2022-11-28,31.5,76.75,0.0
2022-11-28,31.5,77.0,0.0
2022-11-28,31.5,77.25,0.0
2022-11-28,31.5,77.5,0.0
2022-11-28,31.75,76.5,0.0
2022-11-28,31.75,76.75,0.0
2022-11-28,31.75,77.0,0.0
2022-11-28,31.75,77.25,0.0
2022-11-28,31.75,77.5,0.0
2022-11-28,32.0,76.5,0.0
2022-11-28,32.0,76.75,0.0
2022-11-28,32.0,77.0,0.0
2022-11-28,32.0,77.25,0.0
2022-11-28,32.0,77.5,0.0
2022-11-29,31.5,76.5,0.0
2022-11-29,31.5,76.75,0.0
2022-11-29,31.5,77.0,0.0
2022-11-29,31.5,77.25,0.0
2022-11-29,31.5,77.5,0.0
2022-11-29,31.75,76.5,0.0
2022-11-29,31.75,76.75,0.0
2022-11-29,31.75,77.0,0.0
2022-11-29,31.75,77.25,0.0
2022-11-29,31.75,77.5,0.0
2022-11-29,32.0,76.5,0.0
2022-11-29,32.0,76.75,0.0
2022-11-29,32.0,77.0,0.0
2022-11-29,32.0,77.25,0.0
2022-11-29,32.0,77.5,0.0
2022-11-30,31.5,76.5,0.0
2022-11-30,31.5,76.75,0.0
2022-11-30,31.5,77.0,0.0
2022-11-30,31.5,77.25,0.0
2022-11-30,31.5,77.5,0.0
2022-11-30,31.75,76.5,0.0
2022-11-30,31.75,76.75,0.0
2022-11-30,31.75,77.0,0.0
2022-11-30,31.75,77.25,0.0
2022-11-30,31.75,77.5,0.0
2022-11-30,32.0,76.5,0.0
2022-11-30,32.0,76.75,0.0
2022-11-30,32.0,77.0,0.0
2022-11-30,32.0,77.25,0.0
2022-11-30,32.0,77.5,0.0
2022-12-01,31.5,76.5,0.0
2022-12-01,31.5,76.75,0.0
2022-12-01,31.5,77.0,0.0
2022-12-01,31.5,77.25,0.0
2022-12-01,31.5,77.5,0.0
2022-12-01,31.75,76.5,0.0
2022-12-01,31.75,76.75,0.0
2022-12-01,31.75,77.0,0.0
2022-12-01,31.75,77.25,0.0
2022-12-01,31.75,77.5,0.0
2022-12-01,32.0,76.5,0.0
2022-12-01,32.0,76.75,0.0
2022-12-01,32.0,77.0,0.0
2022-12-01,32.0,77.25,0.0
2022-12-01,32.0,77.5,0.0
2022-12-02,31.5,76.5,0.0
2022-12-02,31.5,76.75,0.0
2022-12-02,31.5,77.0,0.0
2022-12-02,31.5,77.25,0.0
2022-12-02,31.5,77.5,0.0
2022-12-02,31.75,76.5,0.0
2022-12-02,31.75,76.75,0.0
2022-12-02,31.75,77.0,0.0
2022-12-02,31.75,77.25,0.0
2022-12-02,31.75,77.5,0.0
2022-12-02,32.0,76.5,0.0
2022-12-02,32.0,76.75,0.0
2022-12-02,32.0,77.0,0.0
2022-12-02,32.0,77.25,0.0
2022-12-02,32.0,77.5,0.0
2022-12-03,31.5,76.5,0.0
2022-12-03,31.5,76.75,0.0
2022-12-03,31.5,77.0,0.0
2022-12-03,31.5,77.25,0.0
2022-12-03,31.5,77.5,0.0
2022-12-03,31.75,76.5,0.0
2022-12-03,31.75,76.75,0.0
2022-12-03,31.75,77.0,0.0
2022-12-03,31.75,77.25,0.0
2022-12-03,31.75,77.5,0.0
2022-12-03,32.0,76.5,0.0
2022-12-03,32.0,76.75,0.0
2022-12-03,32.0,77.0,0.0
2022-12-03,32.0,77.25,0.0
2022-12-03,32.0,77.5,0.0
2022-12-04,31.5,76.5,0.0
2022-12-04,31.5,76.75,0.0
2022-12-04,31.5,77.0,0.0
2022-12-04,31.5,77.25,0.0
2022-12-04,31.5,77.5,0.0
2022-12-04,31.75,76.5,0.0
2022-12-04,31.75,76.75,0.0
2022-12-04,31.75,77.0,0.0
2022-12-04,31.75,77.25,0.0
2022-12-04,31.75,77.5,0.0
2022-12-04,32.0,76.5,0.0
2022-12-04,32.0,76.75,0.0
2022-12-04,32.0,77.0,0.0
2022-12-04,32.0,77.25,0.0
2022-12-04,32.0,77.5,0.0
2022-12-05,31.5,76.5,0.0
2022-12-05,31.5,76.75,0.0
2022-12-05,31.5,77.0,0.0
2022-12-05,31.5,77.25,0.0
2022-12-05,31.5,77.5,0.0
2022-12-05,31.75,76.5,0.0
2022-12-05,31.75,76.75,0.0
2022-12-05,31.75,77.0,0.0
2022-12-05,31.75,77.25,0.0
2022-12-05,31.75,77.5,0.0
2022-12-05,32.0,76.5,0.0
2022-12-05,32.0,76.75,0.0
2022-12-05,32.0,77.0,0.0
2022-12-05,32.0,77.25,0.0
2022-12-05,32.0,77.5,0.0
2022-12-06,31.5,76.5,0.0
2022-12-06,31.5,76.75,0.0
2022-12-06,31.5,77.0,0.0
2022-12-06,31.5,77.25,0.0
2022-12-06,31.5,77.5,0.0
2022-12-06,31.75,76.5,0.0
2022-12-06,31.75,76.75,0.0
2022-12-06,31.75,77.0,0.0
2022-12-06,31.75,77.25,0.0
2022-12-06,31.75,77.5,0.0
2022-12-06,32.0,76.5,0.0
2022-12-06,32.0,76.75,0.0
2022-12-06,32.0,77.0,0.0
2022-12-06,32.0,77.25,0.0
2022-12-06,32.0,77.5,0.0
2022-12-07,31.5,76.5,0.0
2022-12-07,31.5,76.75,0.0
2022-12-07,31.5,77.0,0.0
2022-12-07,31.5,77.25,0.0
2022-12-07,31.5,77.5,0.0
2022-12-07,31.75,76.5,0.0
2022-12-07,31.75,76.75,0.0
2022-12-07,31.75,77.0,0.0
2022-12-07,31.75,77.25,0.0
2022-12-07,31.75,77.5,0.0
2022-12-07,32.0,76.5,0.0
2022-12-07,32.0,76.75,0.0
2022-12-07,32.0,77.0,0.0
2022-12-07,32.0,77.25,0.0
2022-12-07,32.0,77.5,0.0
2022-12-08,31.5,76.5,0.0
2022-12-08,31.5,76.75,0.0
2022-12-08,31.5,77.0,0.0
2022-12-08,31.5,77.25,0.0
2022-12-08,31.5,77.5,0.0
2022-12-08,31.75,76.5,0.0
2022-12-08,31.75,76.75,0.0
2022-12-08,31.75,77.0,0.0
2022-12-08,31.75,77.25,0.0
2022-12-08,31.75,77.5,0.0
2022-12-08,32.0,76.5,0.0
2022-12-08,32.0,76.75,0.0
2022-12-08,32.0,77.0,0.0
2022-12-08,32.0,77.25,0.0
2022-12-08,32.0,77.5,0.0
2022-12-09,31.5,76.5,0.0
2022-12-09,31.5,76.75,0.0
2022-12-09,31.5,77.0,0.0
2022-12-09,31.5,77.25,0.0
2022-12-09,31.5,77.5,0.0
2022-12-09,31.75,76.5,0.0
2022-12-09,31.75,76.75,0.0
2022-12-09,31.75,77.0,0.0
2022-12-09,31.75,77.25,0.0
2022-12-09,31.75,77.5,0.0
2022-12-09,32.0,76.5,0.0
2022-12-09,32.0,76.75,0.0
2022-12-09,32.0,77.0,0.0
2022-12-09,32.0,77.25,0.0
2022-12-09,32.0,77.5,0.0
2022-12-10,31.5,76.5,0.0
2022-12-10,31.5,76.75,0.0
2022-12-10,31.5,77.0,0.0
2022-12-10,31.5,77.25,0.0
2022-12-10,31.5,77.5,0.0
2022-12-10,31.75,76.5,0.0
2022-12-10,31.75,76.75,0.0
2022-12-10,31.75,77.0,0.0
2022-12-10,31.75,77.25,0.0
2022-12-10,31.75,77.5,0.0
2022-12-10,32.0,76.5,0.0
2022-12-10,32.0,76.75,0.0
2022-12-10,32.0,77.0,0.0
2022-12-10,32.0,77.25,0.0
2022-12-10,32.0,77.5,0.0
2022-12-11,31.5,76.5,0.0
2022-12-11,31.5,76.75,0.0
2022-12-11,31.5,77.0,0.0
2022-12-11,31.5,77.25,0.0
2022-12-11,31.5,77.5,0.0
2022-12-11,31.75,76.5,0.0
2022-12-11,31.75,76.75,0.0
2022-12-11,31.75,77.0,0.0
2022-12-11,31.75,77.25,0.0
2022-12-11,31.75,77.5,0.0
2022-12-11,32.0,76.5,0.0
2022-12-11,32.0,76.75,0.0
2022-12-11,32.0,77.0,0.0
2022-12-11,32.0,77.25,0.0
2022-12-11,32.0,77.5,0.0
2022-12-12,31.5,76.5,0.0
2022-12-12,31.5,76.75,0.0
2022-12-12,31.5,77.0,0.0
2022-12-12,31.5,77.25,0.0
2022-12-12,31.5,77.5,0.0
2022-12-12,31.75,76.5,0.0
2022-12-12,31.75,76.75,0.0
2022-12-12,31.75,77.0,0.0
2022-12-12,31.75,77.25,0.0
2022-12-12,31.75,77.5,0.0
2022-12-12,32.0,76.5,0.0
2022-12-12,32.0,76.75,0.0
2022-12-12,32.0,77.0,0.0
2022-12-12,32.0,77.25,0.0
2022-12-12,32.0,77.5,0.0
2022-12-13,31.5,76.5,0.0
2022-12-13,31.5,76.75,0.0
2022-12-13,31.5,77.0,0.0
2022-12-13,31.5,77.25,0.0
2022-12-13,31.5,77.5,0.0
2022-12-13,31.75,76.5,0.0
2022-12-13,31.75,76.75,0.0
2022-12-13,31.75,77.0,0.0
2022-12-13,31.75,77.25,0.0
2022-12-13,31.75,77.5,0.0
2022-12-13,32.0,76.5,0.0
2022-12-13,32.0,76.75,0.0
2022-12-13,32.0,77.0,0.0
2022-12-13,32.0,77.25,0.0
2022-12-13,32.0,77.5,0.0
2022-12-14,31.5,76.5,0.0
2022-12-14,31.5,76.75,0.0
2022-12-14,31.5,77.0,0.0
2022-12-14,31.5,77.25,0.0
2022-12-14,31.5,77.5,0.0
2022-12-14,31.75,76.5,0.0
2022-12-14,31.75,76.75,0.0
2022-12-14,31.75,77.0,0.0
2022-12-14,31.75,77.25,0.0
2022-12-14,31.75,77.5,0.0
2022-12-14,32.0,76.5,0.0
2022-12-14,32.0,76.75,0.0
2022-12-14,32.0,77.0,0.0
2022-12-14,32.0,77.25,0.0
2022-12-14,32.0,77.5,0.0
2022-12-15,31.5,76.5,0.0
2022-12-15,31.5,76.75,0.0
2022-12-15,31.5,77.0,0.0
2022-12-15,31.5,77.25,0.0
2022-12-15,31.5,77.5,0.0
2022-12-15,31.75,76.5,0.0
2022-12-15,31.75,76.75,0.0
2022-12-15,31.75,77.0,0.0
2022-12-15,31.75,77.25,0.0
2022-12-15,31.75,77.5,0.0
2022-12-15,32.0,76.5,0.0
2022-12-15,32.0,76.75,0.0
2022-12-15,32.0,77.0,0.0
2022-12-15,32.0,77.25,0.0
2022-12-15,32.0,77.5,0.0
2022-12-16,31.5,76.5,0.0
2022-12-16,31.5,76.75,0.0
2022-12-16,31.5,77.0,0.0
2022-12-16,31.5,77.25,0.0
2022-12-16,31.5,77.5,0.0
2022-12-16,31.75,76.5,0.0
2022-12-16,31.75,76.75,0.0
2022-12-16,31.75,77.0,0.0
2022-12-16,31.75,77.25,0.0
2022-12-16,31.75,77.5,0.0
2022-12-16,32.0,76.5,0.0
2022-12-16,32.0,76.75,0.0
2022-12-16,32.0,77.0,0.0
2022-12-16,32.0,77.25,0.0
2022-12-16,32.0,77.5,0.0
2022-12-17,31.5,76.5,0.0
2022-12-17,31.5,76.75,0.0
2022-12-17,31.5,77.0,0.0
2022-12-17,31.5,77.25,0.0
2022-12-17,31.5,77.5,0.0
2022-12-17,31.75,76.5,0.0
2022-12-17,31.75,76.75,0.0
2022-12-17,31.75,77.0,0.0
2022-12-17,31.75,77.25,0.0
2022-12-17,31.75,77.5,0.0
2022-12-17,32.0,76.5,0.0
2022-12-17,32.0,76.75,0.0
2022-12-17,32.0,77.0,0.0
2022-12-17,32.0,77.25,0.0
2022-12-17,32.0,77.5,0.0
2022-12-18,31.5,76.5,0.0
2022-12-18,31.5,76.75,0.0
2022-12-18,31.5,77.0,0.0
2022-12-18,31.5,77.25,0.0
2022-12-18,31.5,77.5,0.0
2022-12-18,31.75,76.5,0.0
2022-12-18,31.75,76.75,0.0
2022-12-18,31.75,77.0,0.0
2022-12-18,31.75,77.25,0.0
2022-12-18,31.75,77.5,0.0
2022-12-18,32.0,76.5,0.0
2022-12-18,32.0,76.75,0.0
2022-12-18,32.0,77.0,0.0
2022-12-18,32.0,77.25,0.0
2022-12-18,32.0,77.5,0.0
2022-12-19,31.5,76.5,0.0
2022-12-19,31.5,76.75,0.0
2022-12-19,31.5,77.0,0.0
2022-12-19,31.5,77.25,0.0
2022-12-19,31.5,77.5,0.0
2022-12-19,31.75,76.5,0.0
2022-12-19,31.75,76.75,0.0
2022-12-19,31.75,77.0,0.0
2022-12-19,31.75,77.25,0.0
2022-12-19,31.75,77.5,0.0
2022-12-19,32.0,76.5,0.0
2022-12-19,32.0,76.75,0.0
2022-12-19,32.0,77.0,0.0
2022-12-19,32.0,77.25,0.0
2022-12-19,32.0,77.5,0.0
2022-12-20,31.5,76.5,0.0
2022-12-20,31.5,76.75,0.0
2022-12-20,31.5,77.0,0.0
2022-12-20,31.5,77.25,0.0
2022-12-20,31.5,77.5,0.0
2022-12-20,31.75,76.5,0.0
2022-12-20,31.75,76.75,0.0
2022-12-20,31.75,77.0,0.0
2022-12-20,31.75,77.25,0.0
2022-12-20,31.75,77.5,0.0
2022-12-20,32.0,76.5,0.0
2022-12-20,32.0,76.75,0.0
2022-12-20,32.0,77.0,0.0
2022-12-20,32.0,77.25,0.0
2022-12-20,32.0,77.5,0.0
2022-12-21,31.5,76.5,0.0
2022-12-21,31.5,76.75,0.0
2022-12-21,31.5,77.0,0.0
2022-12-21,31.5,77.25,0.0
2022-12-21,31.5,77.5,0.0
2022-12-21,31.75,76.5,0.0
2022-12-21,31.75,76.75,0.0
2022-12-21,31.75,77.0,0.0
2022-12-21,31.75,77.25,0.0
2022-12-21,31.75,77.5,0.0
2022-12-21,32.0,76.5,0.0
2022-12-21,32.0,76.75,0.0
2022-12-21,32.0,77.0,0.0
2022-12-21,32.0,77.25,0.0
2022-12-21,32.0,77.5,0.0
2022-12-22,31.5,76.5,0.0
2022-12-22,31.5,76.75,0.0
2022-12-22,31.5,77.0,0.0
2022-12-22,31.5,77.25,0.0
2022-12-22,31.5,77.5,0.0
2022-12-22,31.75,76.5,0.0
2022-12-22,31.75,76.75,0.0
2022-12-22,31.75,77.0,0.0
2022-12-22,31.75,77.25,0.0
2022-12-22,31.75,77.5,0.0
2022-12-22,32.0,76.5,0.0
2022-12-22,32.0,76.75,0.0
2022-12-22,32.0,77.0,0.0
2022-12-22,32.0,77.25,0.0
2022-12-22,32.0,77.5,0.0
2022-12-23,31.5,76.5,0.0
2022-12-23,31.5,76.75,0.0
2022-12-23,31.5,77.0,0.0
2022-12-23,31.5,77.25,0.0
2022-12-23,31.5,77.5,0.0
2022-12-23,31.75,76.5,0.0
2022-12-23,31.75,76.75,0.0
2022-12-23,31.75,77.0,0.0
2022-12-23,31.75,77.25,0.0
2022-12-23,31.75,77.5,0.0
2022-12-23,32.0,76.5,0.0
2022-12-23,32.0,76.75,0.0
2022-12-23,32.0,77.0,0.0
2022-12-23,32.0,77.25,0.0
2022-12-23,32.0,77.5,0.0
2022-12-24,31.5,76.5,0.0
2022-12-24,31.5,76.75,0.0
2022-12-24,31.5,77.0,0.0
2022-12-24,31.5,77.25,0.0
2022-12-24,31.5,77.5,0.0
2022-12-24,31.75,76.5,0.0
2022-12-24,31.75,76.75,0.0
2022-12-24,31.75,77.0,0.0
2022-12-24,31.75,77.25,0.0
2022-12-24,31.75,77.5,0.0
2022-12-24,32.0,76.5,0.0
2022-12-24,32.0,76.75,0.0
2022-12-24,32.0,77.0,0.0
2022-12-24,32.0,77.25,0.0
2022-12-24,32.0,77.5,0.0
2022-12-25,31.5,76.5,0.0
2022-12-25,31.5,76.75,0.0
2022-12-25,31.5,77.0,0.0
2022-12-25,31.5,77.25,0.0
2022-12-25,31.5,77.5,0.0
2022-12-25,31.75,76.5,0.0
2022-12-25,31.75,76.75,0.0
2022-12-25,31.75,77.0,0.0
2022-12-25,31.75,77.25,0.0
2022-12-25,31.75,77.5,0.0
2022-12-25,32.0,76.5,0.0
2022-12-25,32.0,76.75,0.0
2022-12-25,32.0,77.0,0.0
2022-12-25,32.0,77.25,0.0
2022-12-25,32.0,77.5,0.0
2022-12-26,31.5,76.5,0.0
2022-12-26,31.5,76.75,0.0
2022-12-26,31.5,77.0,0.0
2022-12-26,31.5,77.25,0.0
2022-12-26,31.5,77.5,0.0
2022-12-26,31.75,76.5,0.0
2022-12-26,31.75,76.75,0.0
2022-12-26,31.75,77.0,0.0
2022-12-26,31.75,77.25,0.0
2022-12-26,31.75,77.5,0.0
2022-12-26,32.0,76.5,0.0
2022-12-26,32.0,76.75,0.0
2022-12-26,32.0,77.0,0.0
2022-12-26,32.0,77.25,0.0
2022-12-26,32.0,77.5,0.0
2022-12-27,31.5,76.5,0.0
2022-12-27,31.5,76.75,0.0
2022-12-27,31.5,77.0,0.0
2022-12-27,31.5,77.25,0.0
2022-12-27,31.5,77.5,0.0
2022-12-27,31.75,76.5,0.0
2022-12-27,31.75,76.75,0.0
2022-12-27,31.75,77.0,0.0
2022-12-27,31.75,77.25,0.0
2022-12-27,31.75,77.5,0.0
2022-12-27,32.0,76.5,0.0
2022-12-27,32.0,76.75,0.0
2022-12-27,32.0,77.0,0.0
2022-12-27,32.0,77.25,0.0
2022-12-27,32.0,77.5,0.0
2022-12-28,31.5,76.5,0.0
2022-12-28,31.5,76.75,0.0
2022-12-28,31.5,77.0,0.0
2022-12-28,31.5,77.25,0.0
2022-12-28,31.5,77.5,0.0
2022-12-28,31.75,76.5,0.0
2022-12-28,31.75,76.75,0.0
2022-12-28,31.75,77.0,0.0
2022-12-28,31.75,77.25,0.0
2022-12-28,31.75,77.5,0.0
2022-12-28,32.0,76.5,0.0
2022-12-28,32.0,76.75,0.0
2022-12-28,32.0,77.0,0.0
2022-12-28,32.0,77.25,0.0
2022-12-28,32.0,77.5,0.0
2022-12-29,31.5,76.5,0.0
2022-12-29,31.5,76.75,0.0
2022-12-29,31.5,77.0,0.0
2022-12-29,31.5,77.25,0.0
2022-12-29,31.5,77.5,0.0
2022-12-29,31.75,76.5,0.0
2022-12-29,31.75,76.75,0.0
2022-12-29,31.75,77.0,0.0
2022-12-29,31.75,77.25,0.0
2022-12-29,31.75,77.5,0.0
2022-12-29,32.0,76.5,0.0
2022-12-29,32.0,76.75,0.0
2022-12-29,32.0,77.0,0.0
2022-12-29,32.0,77.25,0.0
2022-12-29,32.0,77.5,0.0
2022-12-30,31.5,76.5,0.0
2022-12-30,31.5,76.75,0.5286514163017273
2022-12-30,31.5,77.0,0.38832342624664307
2022-12-30,31.5,77.25,5.802367210388184
2022-12-30,31.5,77.5,7.99476957321167
2022-12-30,31.75,76.5,1.7454990148544312
2022-12-30,31.75,76.75,1.0167522430419922
2022-12-30,31.75,77.0,3.5090599060058594
2022-12-30,31.75,77.25,5.5922441482543945
2022-12-30,31.75,77.5,6.367004871368408
2022-12-30,32.0,76.5,10.855082511901855
2022-12-30,32.0,76.75,7.2791218757629395
2022-12-30,32.0,77.0,7.19561767578125
2022-12-30,32.0,77.25,8.344131469726562
2022-12-30,32.0,77.5,4.827114105224609
2022-12-31,31.5,76.5,0.0
2022-12-31,31.5,76.75,0.0
2022-12-31,31.5,77.0,3.74739146232605
2022-12-31,31.5,77.25,3.8600704669952393
2022-12-31,31.5,77.5,2.4862844944000244
2022-12-31,31.75,76.5,0.0
2022-12-31,31.75,76.75,0.0
2022-12-31,31.75,77.0,2.2022247314453125
2022-12-31,31.75,77.25,2.5963692665100098
2022-12-31,31.75,77.5,3.516345262527466
2022-12-31,32.0,76.5,0.0
2022-12-31,32.0,76.75,0.6969214081764221
2022-12-31,32.0,77.0,3.2044320106506348
2022-12-31,32.0,77.25,3.635728359222412
2022-12-31,32.0,77.5,3.205627918243408
