date,latitude,longitude,rainfall_mm
2009-01-01,31.5,76.5,0.0
2009-01-01,31.5,76.75,0.0
2009-01-01,31.5,77.0,0.0
2009-01-01,31.5,77.25,0.0
2009-01-01,31.5,77.5,0.0
2009-01-01,31.75,76.5,0.0
2009-01-01,31.75,76.75,0.0
2009-01-01,31.75,77.0,0.0
2009-01-01,31.75,77.25,0.0
2009-01-01,31.75,77.5,0.0
2009-01-01,32.0,76.5,0.0
2009-01-01,32.0,76.75,0.0
2009-01-01,32.0,77.0,0.0
2009-01-01,32.0,77.25,0.0
2009-01-01,32.0,77.5,0.0
2009-01-02,31.5,76.5,0.0
2009-01-02,31.5,76.75,0.0
2009-01-02,31.5,77.0,0.0
2009-01-02,31.5,77.25,0.0
2009-01-02,31.5,77.5,0.0
2009-01-02,31.75,76.5,0.0
2009-01-02,31.75,76.75,0.0
2009-01-02,31.75,77.0,0.0
2009-01-02,31.75,77.25,0.0
2009-01-02,31.75,77.5,0.0
2009-01-02,32.0,76.5,0.0
2009-01-02,32.0,76.75,0.0
2009-01-02,32.0,77.0,0.0
2009-01-02,32.0,77.25,0.0
2009-01-02,32.0,77.5,0.0
2009-01-03,31.5,76.5,0.0
2009-01-03,31.5,76.75,0.0
2009-01-03,31.5,77.0,0.0
2009-01-03,31.5,77.25,0.0
2009-01-03,31.5,77.5,0.0
2009-01-03,31.75,76.5,0.0
2009-01-03,31.75,76.75,0.0
2009-01-03,31.75,77.0,0.0
2009-01-03,31.75,77.25,0.0
2009-01-03,31.75,77.5,0.0
2009-01-03,32.0,76.5,0.0
2009-01-03,32.0,76.75,0.0
2009-01-03,32.0,77.0,0.0
2009-01-03,32.0,77.25,0.0
2009-01-03,32.0,77.5,0.0
2009-01-04,31.5,76.5,1.6178287267684937
2009-01-04,31.5,76.75,2.166328191757202
2009-01-04,31.5,77.0,4.299774169921875
2009-01-04,31.5,77.25,4.39946985244751
2009-01-04,31.5,77.5,4.518941402435303
2009-01-04,31.75,76.5,0.6509373784065247
2009-01-04,31.75,76.75,3.577268600463867
2009-01-04,31.75,77.0,6.675777912139893
2009-01-04,31.75,77.25,6.109963893890381
2009-01-04,31.75,77.5,11.207437515258789
2009-01-04,32.0,76.5,2.3800086975097656
2009-01-04,32.0,76.75,8.961272239685059
2009-01-04,32.0,77.0,13.245038032531738
2009-01-04,32.0,77.25,12.028901100158691
2009-01-04,32.0,77.5,13.155461311340332
2009-01-05,31.5,76.5,3.203554391860962
2009-01-05,31.5,76.75,6.914520740509033
2009-01-05,31.5,77.0,6.142531871795654
2009-01-05,31.5,77.25,5.955787658691406
2009-01-05,31.5,77.5,4.671090126037598
2009-01-05,31.75,76.5,1.4696818590164185
2009-01-05,31.75,76.75,4.6996846199035645
2009-01-05,31.75,77.0,7.061649799346924
2009-01-05,31.75,77.25,6.655182361602783
2009-01-05,31.75,77.5,8.48460578918457
2009-01-05,32.0,76.5,1.7905975580215454
2009-01-05,32.0,76.75,7.210850238800049
2009-01-05,32.0,77.0,9.62362289428711
2009-01-05,32.0,77.25,8.621031761169434
2009-01-05,32.0,77.5,8.774625778198242
2009-01-06,31.5,76.5,0.0
2009-01-06,31.5,76.75,0.0
2009-01-06,31.5,77.0,0.0
2009-01-06,31.5,77.25,0.0
2009-01-06,31.5,77.5,0.0
2009-01-06,31.75,76.5,0.0
2009-01-06,31.75,76.75,0.0
2009-01-06,31.75,77.0,0.0
2009-01-06,31.75,77.25,0.4192061722278595
2009-01-06,31.75,77.5,0.9939053654670715
2009-01-06,32.0,76.5,0.0
2009-01-06,32.0,76.75,0.7856123447418213
2009-01-06,32.0,77.0,1.1985760927200317
2009-01-06,32.0,77.25,1.1800175905227661
2009-01-06,32.0,77.5,1.4515007734298706
2009-01-07,31.5,76.5,6.728257656097412
2009-01-07,31.5,76.75,3.41825270652771
2009-01-07,31.5,77.0,3.9271464347839355
2009-01-07,31.5,77.25,3.653256416320801
2009-01-07,31.5,77.5,0.9140910506248474
2009-01-07,31.75,76.5,8.6212797164917
2009-01-07,31.75,76.75,7.146842956542969
2009-01-07,31.75,77.0,2.375839948654175
2009-01-07,31.75,77.25,3.5525169372558594
2009-01-07,31.75,77.5,4.040766716003418
2009-01-07,32.0,76.5,7.313388347625732
2009-01-07,32.0,76.75,5.126855373382568
2009-01-07,32.0,77.0,3.086604356765747
2009-01-07,32.0,77.25,2.5071418285369873
2009-01-07,32.0,77.5,2.6564881801605225
2009-01-08,31.5,76.5,0.0
2009-01-08,31.5,76.75,0.0
2009-01-08,31.5,77.0,0.0
2009-01-08,31.5,77.25,0.0
2009-01-08,31.5,77.5,0.11426138132810593
2009-01-08,31.75,76.5,0.0
2009-01-08,31.75,76.75,0.0
2009-01-08,31.75,77.0,0.1669284701347351
2009-01-08,31.75,77.25,0.1047709658741951
2009-01-08,31.75,77.5,0.0
2009-01-08,32.0,76.5,0.0
2009-01-08,32.0,76.75,0.0
2009-01-08,32.0,77.0,0.11334055662155151
2009-01-08,32.0,77.25,3.6710331439971924
2009-01-08,32.0,77.5,5.799731254577637
2009-01-09,31.5,76.5,0.0
2009-01-09,31.5,76.75,0.0
2009-01-09,31.5,77.0,0.0
2009-01-09,31.5,77.25,0.0
2009-01-09,31.5,77.5,0.0
2009-01-09,31.75,76.5,0.0
2009-01-09,31.75,76.75,0.0
2009-01-09,31.75,77.0,0.0
2009-01-09,31.75,77.25,0.0
2009-01-09,31.75,77.5,0.0
2009-01-09,32.0,76.5,0.0
2009-01-09,32.0,76.75,0.0
2009-01-09,32.0,77.0,0.0
2009-01-09,32.0,77.25,1.1890997886657715
2009-01-09,32.0,77.5,1.9096065759658813
2009-01-10,31.5,76.5,0.5317413806915283
2009-01-10,31.5,76.75,1.158347249031067
2009-01-10,31.5,77.0,0.3879913091659546
2009-01-10,31.5,77.25,0.32047754526138306
2009-01-10,31.5,77.5,0.0
2009-01-10,31.75,76.5,0.32009410858154297
2009-01-10,31.75,76.75,0.11680503189563751
2009-01-10,31.75,77.0,0.11077535897493362
2009-01-10,31.75,77.25,0.6068542003631592
2009-01-10,31.75,77.5,2.1569974422454834
2009-01-10,32.0,76.5,2.0270726680755615
2009-01-10,32.0,76.75,1.537711501121521
2009-01-10,32.0,77.0,2.729968309402466
2009-01-10,32.0,77.25,3.1187493801116943
2009-01-10,32.0,77.5,4.1884942054748535
2009-01-11,31.5,76.5,0.0
2009-01-11,31.5,76.75,0.0
2009-01-11,31.5,77.0,0.0
2009-01-11,31.5,77.25,0.0
2009-01-11,31.5,77.5,0.0
2009-01-11,31.75,76.5,0.0
2009-01-11,31.75,76.75,0.0
2009-01-11,31.75,77.0,0.0
2009-01-11,31.75,77.25,0.0
2009-01-11,31.75,77.5,0.2986734211444855
2009-01-11,32.0,76.5,1.6606677770614624
2009-01-11,32.0,76.75,0.19473928213119507
2009-01-11,32.0,77.0,0.3920135498046875
2009-01-11,32.0,77.25,2.129178047180176
2009-01-11,32.0,77.5,3.3212602138519287
2009-01-12,31.5,76.5,0.0
2009-01-12,31.5,76.75,0.0
2009-01-12,31.5,77.0,0.0
2009-01-12,31.5,77.25,0.0
2009-01-12,31.5,77.5,0.0
2009-01-12,31.75,76.5,0.0
2009-01-12,31.75,76.75,0.0
2009-01-12,31.75,77.0,0.0
2009-01-12,31.75,77.25,0.0
2009-01-12,31.75,77.5,0.0
2009-01-12,32.0,76.5,0.0
2009-01-12,32.0,76.75,0.0
2009-01-12,32.0,77.0,0.0
2009-01-12,32.0,77.25,0.0
2009-01-12,32.0,77.5,0.0
2009-01-13,31.5,76.5,0.0
2009-01-13,31.5,76.75,0.0
2009-01-13,31.5,77.0,0.0
2009-01-13,31.5,77.25,0.0
2009-01-13,31.5,77.5,0.0
2009-01-13,31.75,76.5,0.0
2009-01-13,31.75,76.75,0.0
2009-01-13,31.75,77.0,0.0
2009-01-13,31.75,77.25,0.0
2009-01-13,31.75,77.5,0.0
2009-01-13,32.0,76.5,0.0
2009-01-13,32.0,76.75,0.0
2009-01-13,32.0,77.0,0.0
2009-01-13,32.0,77.25,0.0
2009-01-13,32.0,77.5,0.0
2009-01-14,31.5,76.5,0.0
2009-01-14,31.5,76.75,0.0
2009-01-14,31.5,77.0,0.0
2009-01-14,31.5,77.25,0.0
2009-01-14,31.5,77.5,0.0
2009-01-14,31.75,76.5,0.0
2009-01-14,31.75,76.75,0.0
2009-01-14,31.75,77.0,0.0
2009-01-14,31.75,77.25,0.0
2009-01-14,31.75,77.5,0.0
2009-01-14,32.0,76.5,0.0
2009-01-14,32.0,76.75,0.0
2009-01-14,32.0,77.0,0.0
2009-01-14,32.0,77.25,0.0
2009-01-14,32.0,77.5,0.0
2009-01-15,31.5,76.5,0.0
2009-01-15,31.5,76.75,0.0
2009-01-15,31.5,77.0,0.0
2009-01-15,31.5,77.25,0.0
2009-01-15,31.5,77.5,0.0
2009-01-15,31.75,76.5,0.0
2009-01-15,31.75,76.75,0.0
2009-01-15,31.75,77.0,0.0
2009-01-15,31.75,77.25,0.0
2009-01-15,31.75,77.5,0.0
2009-01-15,32.0,76.5,0.0
2009-01-15,32.0,76.75,0.0
2009-01-15,32.0,77.0,0.0
2009-01-15,32.0,77.25,0.0
2009-01-15,32.0,77.5,0.0
2009-01-16,31.5,76.5,0.7797653079032898
2009-01-16,31.5,76.75,0.0
2009-01-16,31.5,77.0,0.0
2009-01-16,31.5,77.25,0.0
2009-01-16,31.5,77.5,0.0
2009-01-16,31.75,76.5,1.4595153331756592
2009-01-16,31.75,76.75,0.0
2009-01-16,31.75,77.0,0.0
2009-01-16,31.75,77.25,0.0
2009-01-16,31.75,77.5,2.0309793949127197
2009-01-16,32.0,76.5,0.6702790856361389
2009-01-16,32.0,76.75,1.3242270946502686
2009-01-16,32.0,77.0,2.6656923294067383
2009-01-16,32.0,77.25,2.349592447280884
2009-01-16,32.0,77.5,3.1065826416015625
2009-01-17,31.5,76.5,0.0
2009-01-17,31.5,76.75,0.0
2009-01-17,31.5,77.0,0.2568196654319763
2009-01-17,31.5,77.25,0.2836554944515228
2009-01-17,31.5,77.5,0.4477354884147644
2009-01-17,31.75,76.5,0.1806652694940567
2009-01-17,31.75,76.75,0.0
2009-01-17,31.75,77.0,0.6122888326644897
2009-01-17,31.75,77.25,0.6306592226028442
2009-01-17,31.75,77.5,5.621063709259033
2009-01-17,32.0,76.5,4.898081302642822
2009-01-17,32.0,76.75,3.784052848815918
2009-01-17,32.0,77.0,7.278910160064697
2009-01-17,32.0,77.25,6.510631084442139
2009-01-17,32.0,77.5,8.304731369018555
2009-01-18,31.5,76.5,1.2476245164871216
2009-01-18,31.5,76.75,0.0
2009-01-18,31.5,77.0,0.0
2009-01-18,31.5,77.25,0.0
2009-01-18,31.5,77.5,0.2094874083995819
2009-01-18,31.75,76.5,2.6965551376342773
2009-01-18,31.75,76.75,0.0
2009-01-18,31.75,77.0,0.2442782074213028
2009-01-18,31.75,77.25,0.8329387903213501
2009-01-18,31.75,77.5,2.4319489002227783
2009-01-18,32.0,76.5,3.111917018890381
2009-01-18,32.0,76.75,1.8439010381698608
2009-01-18,32.0,77.0,2.9910666942596436
2009-01-18,32.0,77.25,4.886358737945557
2009-01-18,32.0,77.5,6.770359516143799
2009-01-19,31.5,76.5,4.331765174865723
2009-01-19,31.5,76.75,4.9192657470703125
2009-01-19,31.5,77.0,5.967964172363281
2009-01-19,31.5,77.25,6.153076171875
2009-01-19,31.5,77.5,4.620772838592529
2009-01-19,31.75,76.5,4.108005523681641
2009-01-19,31.75,76.75,5.062771797180176
2009-01-19,31.75,77.0,7.348134517669678
2009-01-19,31.75,77.25,7.484757423400879
2009-01-19,31.75,77.5,7.417740821838379
2009-01-19,32.0,76.5,7.170255184173584
2009-01-19,32.0,76.75,7.018283843994141
2009-01-19,32.0,77.0,7.812307357788086
2009-01-19,32.0,77.25,7.769418239593506
2009-01-19,32.0,77.5,7.427323341369629
2009-01-20,31.5,76.5,0.0
2009-01-20,31.5,76.75,0.0
2009-01-20,31.5,77.0,0.0
2009-01-20,31.5,77.25,0.0
2009-01-20,31.5,77.5,0.0
2009-01-20,31.75,76.5,0.0
2009-01-20,31.75,76.75,0.0
2009-01-20,31.75,77.0,0.0
2009-01-20,31.75,77.25,0.0
2009-01-20,31.75,77.5,0.3136070668697357
2009-01-20,32.0,76.5,0.0
2009-01-20,32.0,76.75,0.2044762223958969
2009-01-20,32.0,77.0,0.41161423921585083
2009-01-20,32.0,77.25,0.6006246209144592
2009-01-20,32.0,77.5,0.8616141676902771
2009-01-21,31.5,76.5,0.0
2009-01-21,31.5,76.75,0.0
2009-01-21,31.5,77.0,0.0
2009-01-21,31.5,77.25,0.0
2009-01-21,31.5,77.5,0.0
2009-01-21,31.75,76.5,0.0
2009-01-21,31.75,76.75,0.0
2009-01-21,31.75,77.0,0.0
2009-01-21,31.75,77.25,0.0
2009-01-21,31.75,77.5,0.0
2009-01-21,32.0,76.5,0.0
2009-01-21,32.0,76.75,0.0
2009-01-21,32.0,77.0,0.0
2009-01-21,32.0,77.25,0.0
2009-01-21,32.0,77.5,0.0
2009-01-22,31.5,76.5,0.0
2009-01-22,31.5,76.75,0.0
2009-01-22,31.5,77.0,0.0
2009-01-22,31.5,77.25,0.0
2009-01-22,31.5,77.5,0.0
2009-01-22,31.75,76.5,0.0
2009-01-22,31.75,76.75,0.0
2009-01-22,31.75,77.0,0.0
2009-01-22,31.75,77.25,0.0
2009-01-22,31.75,77.5,0.0
2009-01-22,32.0,76.5,0.0
2009-01-22,32.0,76.75,0.0
2009-01-22,32.0,77.0,0.0
2009-01-22,32.0,77.25,0.0
2009-01-22,32.0,77.5,0.0
2009-01-23,31.5,76.5,0.0
2009-01-23,31.5,76.75,0.0
2009-01-23,31.5,77.0,0.0
2009-01-23,31.5,77.25,0.0
2009-01-23,31.5,77.5,0.0
2009-01-23,31.75,76.5,0.0
2009-01-23,31.75,76.75,0.0
2009-01-23,31.75,77.0,0.0
2009-01-23,31.75,77.25,0.30947133898735046
2009-01-23,31.75,77.5,1.9708571434020996
2009-01-23,32.0,76.5,0.0
2009-01-23,32.0,76.75,1.3913322687149048
2009-01-23,32.0,77.0,2.504918098449707
2009-01-23,32.0,77.25,2.303368330001831
2009-01-23,32.0,77.5,2.9614756107330322
2009-01-24,31.5,76.5,0.0
2009-01-24,31.5,76.75,0.0
2009-01-24,31.5,77.0,0.0
2009-01-24,31.5,77.25,0.0
2009-01-24,31.5,77.5,0.0
2009-01-24,31.75,76.5,0.0
2009-01-24,31.75,76.75,0.0
2009-01-24,31.75,77.0,0.0
2009-01-24,31.75,77.25,0.0
2009-01-24,31.75,77.5,0.0
2009-01-24,32.0,76.5,0.0
2009-01-24,32.0,76.75,0.0
2009-01-24,32.0,77.0,0.0
2009-01-24,32.0,77.25,0.0
2009-01-24,32.0,77.5,0.0
2009-01-25,31.5,76.5,0.0
2009-01-25,31.5,76.75,0.0
2009-01-25,31.5,77.0,0.0
2009-01-25,31.5,77.25,0.0
2009-01-25,31.5,77.5,0.0
2009-01-25,31.75,76.5,0.0
2009-01-25,31.75,76.75,0.0
2009-01-25,31.75,77.0,0.0
2009-01-25,31.75,77.25,0.0
2009-01-25,31.75,77.5,0.25387242436408997
2009-01-25,32.0,76.5,0.0
2009-01-25,32.0,76.75,0.16552838683128357
2009-01-25,32.0,77.0,0.3332115411758423
2009-01-25,32.0,77.25,0.2936990559101105
2009-01-25,32.0,77.5,0.3883228302001953
2009-01-26,31.5,76.5,0.0
2009-01-26,31.5,76.75,0.0
2009-01-26,31.5,77.0,0.0
2009-01-26,31.5,77.25,0.0
2009-01-26,31.5,77.5,0.0
2009-01-26,31.75,76.5,0.0
2009-01-26,31.75,76.75,0.0
2009-01-26,31.75,77.0,0.0
2009-01-26,31.75,77.25,0.1820419579744339
2009-01-26,31.75,77.5,1.0029633045196533
2009-01-26,32.0,76.5,0.0
2009-01-26,32.0,76.75,0.7164790034294128
2009-01-26,32.0,77.0,1.2682504653930664
2009-01-26,32.0,77.25,2.363128185272217
2009-01-26,32.0,77.5,3.4124763011932373
2009-01-27,31.5,76.5,0.0
2009-01-27,31.5,76.75,0.0
2009-01-27,31.5,77.0,0.0
2009-01-27,31.5,77.25,0.0
2009-01-27,31.5,77.5,0.0
2009-01-27,31.75,76.5,0.0
2009-01-27,31.75,76.75,0.0
2009-01-27,31.75,77.0,0.0
2009-01-27,31.75,77.25,0.0
2009-01-27,31.75,77.5,0.23893873393535614
2009-01-27,32.0,76.5,0.0
2009-01-27,32.0,76.75,0.15579141676425934
2009-01-27,32.0,77.0,0.31361085176467896
2009-01-27,32.0,77.25,0.5142425894737244
2009-01-27,32.0,77.5,0.7474016547203064
2009-01-28,31.5,76.5,0.0
2009-01-28,31.5,76.75,0.0
2009-01-28,31.5,77.0,0.0
2009-01-28,31.5,77.25,0.0
2009-01-28,31.5,77.5,0.0
2009-01-28,31.75,76.5,0.0
2009-01-28,31.75,76.75,0.0
2009-01-28,31.75,77.0,0.0
2009-01-28,31.75,77.25,0.0
2009-01-28,31.75,77.5,0.0
2009-01-28,32.0,76.5,0.0
2009-01-28,32.0,76.75,0.0
2009-01-28,32.0,77.0,0.0
2009-01-28,32.0,77.25,0.832369863986969
2009-01-28,32.0,77.5,1.3367245197296143
2009-01-29,31.5,76.5,0.0
2009-01-29,31.5,76.75,0.0
2009-01-29,31.5,77.0,0.0
2009-01-29,31.5,77.25,0.0
2009-01-29,31.5,77.5,0.0
2009-01-29,31.75,76.5,0.0
2009-01-29,31.75,76.75,0.0
2009-01-29,31.75,77.0,0.0
2009-01-29,31.75,77.25,0.0
2009-01-29,31.75,77.5,0.0
2009-01-29,32.0,76.5,0.0
2009-01-29,32.0,76.75,0.0
2009-01-29,32.0,77.0,0.0
2009-01-29,32.0,77.25,0.0
2009-01-29,32.0,77.5,0.0
2009-01-30,31.5,76.5,0.0
2009-01-30,31.5,76.75,0.0
2009-01-30,31.5,77.0,0.0
2009-01-30,31.5,77.25,0.0
2009-01-30,31.5,77.5,0.0
2009-01-30,31.75,76.5,0.0
2009-01-30,31.75,76.75,0.0
2009-01-30,31.75,77.0,0.0
2009-01-30,31.75,77.25,0.0
2009-01-30,31.75,77.5,0.0
2009-01-30,32.0,76.5,0.0
2009-01-30,32.0,76.75,0.0
2009-01-30,32.0,77.0,0.0
2009-01-30,32.0,77.25,0.0
2009-01-30,32.0,77.5,0.0
2009-01-31,31.5,76.5,0.0
2009-01-31,31.5,76.75,0.0
2009-01-31,31.5,77.0,0.0
2009-01-31,31.5,77.25,0.0
2009-01-31,31.5,77.5,0.0
2009-01-31,31.75,76.5,0.0
2009-01-31,31.75,76.75,0.0
2009-01-31,31.75,77.0,0.0
2009-01-31,31.75,77.25,0.0
2009-01-31,31.75,77.5,0.0
2009-01-31,32.0,76.5,0.0
2009-01-31,32.0,76.75,0.0
2009-01-31,32.0,77.0,0.0
2009-01-31,32.0,77.25,0.0
2009-01-31,32.0,77.5,0.0
2009-02-01,31.5,76.5,0.0
2009-02-01,31.5,76.75,0.0
2009-02-01,31.5,77.0,0.0
2009-02-01,31.5,77.25,0.0
2009-02-01,31.5,77.5,0.0
2009-02-01,31.75,76.5,0.0
2009-02-01,31.75,76.75,0.0
2009-02-01,31.75,77.0,0.0
2009-02-01,31.75,77.25,0.0
2009-02-01,31.75,77.5,0.0
2009-02-01,32.0,76.5,0.0
2009-02-01,32.0,76.75,0.0
2009-02-01,32.0,77.0,0.0
2009-02-01,32.0,77.25,0.0
2009-02-01,32.0,77.5,0.0
2009-02-02,31.5,76.5,0.0
2009-02-02,31.5,76.75,0.0
2009-02-02,31.5,77.0,0.0
2009-02-02,31.5,77.25,0.0
2009-02-02,31.5,77.5,0.0
2009-02-02,31.75,76.5,0.0
2009-02-02,31.75,76.75,0.0
2009-02-02,31.75,77.0,0.0
2009-02-02,31.75,77.25,0.0
2009-02-02,31.75,77.5,0.0
2009-02-02,32.0,76.5,0.0
2009-02-02,32.0,76.75,0.0
2009-02-02,32.0,77.0,0.0
2009-02-02,32.0,77.25,0.5945498943328857
2009-02-02,32.0,77.5,0.9548032879829407
2009-02-03,31.5,76.5,0.0
2009-02-03,31.5,76.75,0.0
2009-02-03,31.5,77.0,0.0
2009-02-03,31.5,77.25,0.0
2009-02-03,31.5,77.5,0.0
2009-02-03,31.75,76.5,0.0
2009-02-03,31.75,76.75,0.0
2009-02-03,31.75,77.0,0.0
2009-02-03,31.75,77.25,0.0
2009-02-03,31.75,77.5,0.0
2009-02-03,32.0,76.5,0.0
2009-02-03,32.0,76.75,0.0
2009-02-03,32.0,77.0,0.0
2009-02-03,32.0,77.25,0.832369863986969
2009-02-03,32.0,77.5,1.3367245197296143
2009-02-04,31.5,76.5,0.0
2009-02-04,31.5,76.75,0.0
2009-02-04,31.5,77.0,0.0
2009-02-04,31.5,77.25,0.0
2009-02-04,31.5,77.5,0.0
2009-02-04,31.75,76.5,0.0
2009-02-04,31.75,76.75,0.0
2009-02-04,31.75,77.0,0.0
2009-02-04,31.75,77.25,0.0
2009-02-04,31.75,77.5,0.0
2009-02-04,32.0,76.5,0.0
2009-02-04,32.0,76.75,0.0
2009-02-04,32.0,77.0,0.0
2009-02-04,32.0,77.25,1.4269198179244995
2009-02-04,32.0,77.5,2.2915279865264893
2009-02-05,31.5,76.5,0.0
2009-02-05,31.5,76.75,0.0
2009-02-05,31.5,77.0,0.0
2009-02-05,31.5,77.25,0.0
2009-02-05,31.5,77.5,0.0
2009-02-05,31.75,76.5,0.0
2009-02-05,31.75,76.75,0.0
2009-02-05,31.75,77.0,0.0
2009-02-05,31.75,77.25,0.0
2009-02-05,31.75,77.5,0.0
2009-02-05,32.0,76.5,0.30780524015426636
2009-02-05,32.0,76.75,0.0
2009-02-05,32.0,77.0,0.0
2009-02-05,32.0,77.25,0.0
2009-02-05,32.0,77.5,0.0
2009-02-06,31.5,76.5,0.16231627762317657
2009-02-06,31.5,76.75,0.0
2009-02-06,31.5,77.0,0.8071475028991699
2009-02-06,31.5,77.25,0.8914887309074402
2009-02-06,31.5,77.5,1.2568751573562622
2009-02-06,31.75,76.5,0.5852536559104919
2009-02-06,31.75,76.75,0.20148681104183197
2009-02-06,31.75,77.0,1.9909125566482544
2009-02-06,31.75,77.25,2.608816385269165
2009-02-06,31.75,77.5,14.747701644897461
2009-02-06,32.0,76.5,4.323026180267334
2009-02-06,32.0,76.75,10.205126762390137
2009-02-06,32.0,77.0,18.88020896911621
2009-02-06,32.0,77.25,17.132888793945312
2009-02-06,32.0,77.5,21.528825759887695
2009-02-07,31.5,76.5,0.7754372954368591
2009-02-07,31.5,76.75,0.3110736906528473
2009-02-07,31.5,77.0,0.9775223731994629
2009-02-07,31.5,77.25,1.0526525974273682
2009-02-07,31.5,77.5,1.3711366653442383
2009-02-07,31.75,76.5,0.11819224804639816
2009-02-07,31.75,76.75,0.24900506436824799
2009-02-07,31.75,77.0,2.246931314468384
2009-02-07,31.75,77.25,3.443284034729004
2009-02-07,31.75,77.5,4.809368133544922
2009-02-07,32.0,76.5,2.1216351985931396
2009-02-07,32.0,76.75,3.964670419692993
2009-02-07,32.0,77.0,5.649532794952393
2009-02-07,32.0,77.25,5.682771682739258
2009-02-07,32.0,77.5,6.140668869018555
2009-02-08,31.5,76.5,0.0
2009-02-08,31.5,76.75,0.0
2009-02-08,31.5,77.0,0.0
2009-02-08,31.5,77.25,0.0
2009-02-08,31.5,77.5,0.0
2009-02-08,31.75,76.5,0.0
2009-02-08,31.75,76.75,0.0
2009-02-08,31.75,77.0,0.0
2009-02-08,31.75,77.25,0.0
2009-02-08,31.75,77.5,0.0
2009-02-08,32.0,76.5,0.0
2009-02-08,32.0,76.75,0.0
2009-02-08,32.0,77.0,0.0
2009-02-08,32.0,77.25,0.0
2009-02-08,32.0,77.5,0.0
2009-02-09,31.5,76.5,0.0
2009-02-09,31.5,76.75,0.0
2009-02-09,31.5,77.0,0.0
2009-02-09,31.5,77.25,0.0
2009-02-09,31.5,77.5,0.0
2009-02-09,31.75,76.5,0.0
2009-02-09,31.75,76.75,0.0
2009-02-09,31.75,77.0,0.0
2009-02-09,31.75,77.25,0.0
2009-02-09,31.75,77.5,0.0
2009-02-09,32.0,76.5,0.0
2009-02-09,32.0,76.75,0.0
2009-02-09,32.0,77.0,0.0
2009-02-09,32.0,77.25,0.951279878616333
2009-02-09,32.0,77.5,1.527685284614563
2009-02-10,31.5,76.5,0.0
2009-02-10,31.5,76.75,0.0
2009-02-10,31.5,77.0,0.0
2009-02-10,31.5,77.25,0.0
2009-02-10,31.5,77.5,0.0
2009-02-10,31.75,76.5,0.0
2009-02-10,31.75,76.75,0.0
2009-02-10,31.75,77.0,0.0
2009-02-10,31.75,77.25,0.0
2009-02-10,31.75,77.5,0.5376121401786804
2009-02-10,32.0,76.5,0.0
2009-02-10,32.0,76.75,0.3505306839942932
2009-02-10,32.0,77.0,0.7056244015693665
2009-02-10,32.0,77.25,1.8110507726669312
2009-02-10,32.0,77.5,2.7319371700286865
2009-02-11,31.5,76.5,6.74149751663208
2009-02-11,31.5,76.75,10.911687850952148
2009-02-11,31.5,77.0,11.27499008178711
2009-02-11,31.5,77.25,11.911314010620117
2009-02-11,31.5,77.5,10.91661548614502
2009-02-11,31.75,76.5,2.6480448246002197
2009-02-11,31.75,76.75,8.887552261352539
2009-02-11,31.75,77.0,11.964077949523926
2009-02-11,31.75,77.25,11.673738479614258
2009-02-11,31.75,77.5,12.380074501037598
2009-02-11,32.0,76.5,5.0857391357421875
2009-02-11,32.0,76.75,11.394789695739746
2009-02-11,32.0,77.0,13.27520751953125
2009-02-11,32.0,77.25,13.890920639038086
2009-02-11,32.0,77.5,14.40379810333252
2009-02-12,31.5,76.5,0.0
2009-02-12,31.5,76.75,0.0
2009-02-12,31.5,77.0,0.0
2009-02-12,31.5,77.25,0.0
2009-02-12,31.5,77.5,0.0
2009-02-12,31.75,76.5,0.0
2009-02-12,31.75,76.75,0.0
2009-02-12,31.75,77.0,0.0
2009-02-12,31.75,77.25,0.0
2009-02-12,31.75,77.5,0.0
2009-02-12,32.0,76.5,0.0
2009-02-12,32.0,76.75,0.0
2009-02-12,32.0,77.0,0.0
2009-02-12,32.0,77.25,0.0
2009-02-12,32.0,77.5,0.0
2009-02-13,31.5,76.5,0.1352635622024536
2009-02-13,31.5,76.75,0.0
2009-02-13,31.5,77.0,0.0
2009-02-13,31.5,77.25,0.0
2009-02-13,31.5,77.5,0.0
2009-02-13,31.75,76.5,0.0
2009-02-13,31.75,76.75,0.0
2009-02-13,31.75,77.0,0.0
2009-02-13,31.75,77.25,0.0
2009-02-13,31.75,77.5,0.0
2009-02-13,32.0,76.5,9.111035346984863
2009-02-13,32.0,76.75,0.0
2009-02-13,32.0,77.0,0.0
2009-02-13,32.0,77.25,0.0
2009-02-13,32.0,77.5,0.0
2009-02-14,31.5,76.5,0.8418614864349365
2009-02-14,31.5,76.75,1.2147129774093628
2009-02-14,31.5,77.0,1.410402774810791
2009-02-14,31.5,77.25,1.3505898714065552
2009-02-14,31.5,77.5,0.6855683326721191
2009-02-14,31.75,76.5,0.4902915954589844
2009-02-14,31.75,76.75,1.897003412246704
2009-02-14,31.75,77.0,1.33390474319458
2009-02-14,31.75,77.25,1.8150880336761475
2009-02-14,31.75,77.5,5.151559829711914
2009-02-14,32.0,76.5,0.9238584041595459
2009-02-14,32.0,76.75,4.175126075744629
2009-02-14,32.0,77.0,6.048604965209961
2009-02-14,32.0,77.25,5.422943115234375
2009-02-14,32.0,77.5,6.624424457550049
2009-02-15,31.5,76.5,0.0
2009-02-15,31.5,76.75,0.0
2009-02-15,31.5,77.0,0.5503278374671936
2009-02-15,31.5,77.25,0.607833206653595
2009-02-15,31.5,77.5,0.8569603562355042
2009-02-15,31.75,76.5,0.0
2009-02-15,31.75,76.75,0.13737736642360687
2009-02-15,31.75,77.0,1.2809696197509766
2009-02-15,31.75,77.25,1.0588451623916626
2009-02-15,31.75,77.5,1.4676945209503174
2009-02-15,32.0,76.5,0.0
2009-02-15,32.0,76.75,1.1115447282791138
2009-02-15,32.0,77.0,1.791996717453003
2009-02-15,32.0,77.25,1.6925020217895508
2009-02-15,32.0,77.5,1.6668570041656494
2009-02-16,31.5,76.5,0.0
2009-02-16,31.5,76.75,0.0
2009-02-16,31.5,77.0,0.0
2009-02-16,31.5,77.25,0.0
2009-02-16,31.5,77.5,0.0
2009-02-16,31.75,76.5,0.0
2009-02-16,31.75,76.75,0.0
2009-02-16,31.75,77.0,0.0
2009-02-16,31.75,77.25,0.0
2009-02-16,31.75,77.5,0.0
2009-02-16,32.0,76.5,0.0
2009-02-16,32.0,76.75,0.0
2009-02-16,32.0,77.0,0.0
2009-02-16,32.0,77.25,0.0
2009-02-16,32.0,77.5,0.0
2009-02-17,31.5,76.5,0.0
2009-02-17,31.5,76.75,0.0
2009-02-17,31.5,77.0,0.0
2009-02-17,31.5,77.25,0.0
2009-02-17,31.5,77.5,0.0
2009-02-17,31.75,76.5,0.0
2009-02-17,31.75,76.75,0.0
2009-02-17,31.75,77.0,0.0
2009-02-17,31.75,77.25,0.0
2009-02-17,31.75,77.5,0.0
2009-02-17,32.0,76.5,0.0
2009-02-17,32.0,76.75,0.0
2009-02-17,32.0,77.0,0.0
2009-02-17,32.0,77.25,0.0
2009-02-17,32.0,77.5,0.0
2009-02-18,31.5,76.5,0.0
2009-02-18,31.5,76.75,0.0
2009-02-18,31.5,77.0,0.0
2009-02-18,31.5,77.25,0.0
2009-02-18,31.5,77.5,0.0
2009-02-18,31.75,76.5,0.0
2009-02-18,31.75,76.75,0.0
2009-02-18,31.75,77.0,0.0
2009-02-18,31.75,77.25,0.0
2009-02-18,31.75,77.5,0.0
2009-02-18,32.0,76.5,0.0
2009-02-18,32.0,76.75,0.0
2009-02-18,32.0,77.0,0.0
2009-02-18,32.0,77.25,0.0
2009-02-18,32.0,77.5,0.0
2009-02-19,31.5,76.5,0.0
2009-02-19,31.5,76.75,0.0
2009-02-19,31.5,77.0,0.0
2009-02-19,31.5,77.25,0.0
2009-02-19,31.5,77.5,0.0
2009-02-19,31.75,76.5,0.0
2009-02-19,31.75,76.75,0.0
2009-02-19,31.75,77.0,0.0
2009-02-19,31.75,77.25,0.0
2009-02-19,31.75,77.5,0.0
2009-02-19,32.0,76.5,0.0
2009-02-19,32.0,76.75,0.0
2009-02-19,32.0,77.0,0.0
2009-02-19,32.0,77.25,0.0
2009-02-19,32.0,77.5,0.0
2009-02-20,31.5,76.5,0.9173187613487244
2009-02-20,31.5,76.75,1.3424453735351562
2009-02-20,31.5,77.0,2.5988337993621826
2009-02-20,31.5,77.25,2.6447575092315674
2009-02-20,31.5,77.5,2.399488925933838
2009-02-20,31.75,76.5,0.42351600527763367
2009-02-20,31.75,76.75,2.3405680656433105
2009-02-20,31.75,77.0,3.9037303924560547
2009-02-20,31.75,77.25,3.827251434326172
2009-02-20,31.75,77.5,5.578482151031494
2009-02-20,32.0,76.5,2.0264482498168945
2009-02-20,32.0,76.75,4.761619567871094
2009-02-20,32.0,77.0,6.334133625030518
2009-02-20,32.0,77.25,5.840549945831299
2009-02-20,32.0,77.5,6.079172134399414
2009-02-21,31.5,76.5,0.0
2009-02-21,31.5,76.75,0.0
2009-02-21,31.5,77.0,0.0
2009-02-21,31.5,77.25,0.0
2009-02-21,31.5,77.5,0.0
2009-02-21,31.75,76.5,0.0
2009-02-21,31.75,76.75,0.0
2009-02-21,31.75,77.0,0.0
2009-02-21,31.75,77.25,0.0
2009-02-21,31.75,77.5,0.0
2009-02-21,32.0,76.5,0.0
2009-02-21,32.0,76.75,0.0
2009-02-21,32.0,77.0,0.0
2009-02-21,32.0,77.25,0.0
2009-02-21,32.0,77.5,0.0
2009-02-22,31.5,76.5,0.0
2009-02-22,31.5,76.75,0.0
2009-02-22,31.5,77.0,0.0
2009-02-22,31.5,77.25,0.0
2009-02-22,31.5,77.5,0.0
2009-02-22,31.75,76.5,0.0
2009-02-22,31.75,76.75,0.0
2009-02-22,31.75,77.0,0.0
2009-02-22,31.75,77.25,0.0
2009-02-22,31.75,77.5,0.0
2009-02-22,32.0,76.5,0.0
2009-02-22,32.0,76.75,0.0
2009-02-22,32.0,77.0,0.0
2009-02-22,32.0,77.25,0.0
2009-02-22,32.0,77.5,0.0
2009-02-23,31.5,76.5,0.0
2009-02-23,31.5,76.75,0.0
2009-02-23,31.5,77.0,0.366885244846344
2009-02-23,31.5,77.25,0.4052221477031708
2009-02-23,31.5,77.5,0.5713068842887878
2009-02-23,31.75,76.5,0.0
2009-02-23,31.75,76.75,0.0
2009-02-23,31.75,77.0,0.844310998916626
2009-02-23,31.75,77.25,0.6148757934570312
2009-02-23,31.75,77.5,2.9659264087677
2009-02-23,32.0,76.5,0.12312209606170654
2009-02-23,32.0,76.75,2.005617618560791
2009-02-23,32.0,77.0,3.8273186683654785
2009-02-23,32.0,77.25,4.015273094177246
2009-02-23,32.0,77.5,5.121692657470703
2009-02-24,31.5,76.5,0.0
2009-02-24,31.5,76.75,0.0
2009-02-24,31.5,77.0,0.5870163440704346
2009-02-24,31.5,77.25,0.6483554244041443
2009-02-24,31.5,77.5,0.9140910506248474
2009-02-24,31.75,76.5,0.0
2009-02-24,31.75,76.75,0.14653587341308594
2009-02-24,31.75,77.0,1.654495358467102
2009-02-24,31.75,77.25,3.841860055923462
2009-02-24,31.75,77.5,8.942305564880371
2009-02-24,32.0,76.5,0.0
2009-02-24,32.0,76.75,6.927141189575195
2009-02-24,32.0,77.0,10.876078605651855
2009-02-24,32.0,77.25,11.732922554016113
2009-02-24,32.0,77.5,14.505279541015625
2009-02-25,31.5,76.5,0.3536244332790375
2009-02-25,31.5,76.75,0.4213005304336548
2009-02-25,31.5,77.0,4.758900165557861
2009-02-25,31.5,77.25,5.172509670257568
2009-02-25,31.5,77.5,6.741421222686768
2009-02-25,31.75,76.5,0.16819143295288086
2009-02-25,31.75,76.75,2.0643584728240967
2009-02-25,31.75,77.0,10.03132438659668
2009-02-25,31.75,77.25,6.93031644821167
2009-02-25,31.75,77.5,7.129898548126221
2009-02-25,32.0,76.5,0.31854480504989624
2009-02-25,32.0,76.75,5.6147589683532715
2009-02-25,32.0,77.0,8.452445030212402
2009-02-25,32.0,77.25,9.543286323547363
2009-02-25,32.0,77.5,9.092169761657715
2009-02-26,31.5,76.5,0.0
2009-02-26,31.5,76.75,0.0
2009-02-26,31.5,77.0,0.0
2009-02-26,31.5,77.25,0.0
2009-02-26,31.5,77.5,0.0
2009-02-26,31.75,76.5,0.0
2009-02-26,31.75,76.75,0.0
2009-02-26,31.75,77.0,0.0
2009-02-26,31.75,77.25,0.0
2009-02-26,31.75,77.5,0.0
2009-02-26,32.0,76.5,0.0
2009-02-26,32.0,76.75,0.0
2009-02-26,32.0,77.0,0.0
2009-02-26,32.0,77.25,2.9727494716644287
2009-02-26,32.0,77.5,4.774016380310059
2009-02-27,31.5,76.5,0.0
2009-02-27,31.5,76.75,0.0
2009-02-27,31.5,77.0,0.0
2009-02-27,31.5,77.25,0.0
2009-02-27,31.5,77.5,0.0
2009-02-27,31.75,76.5,0.0
2009-02-27,31.75,76.75,0.0
2009-02-27,31.75,77.0,0.0
2009-02-27,31.75,77.25,0.0
2009-02-27,31.75,77.5,0.0
2009-02-27,32.0,76.5,0.0
2009-02-27,32.0,76.75,0.0
2009-02-27,32.0,77.0,0.0
2009-02-27,32.0,77.25,0.4756399393081665
2009-02-27,32.0,77.5,0.7638426423072815
2009-02-28,31.5,76.5,0.0
2009-02-28,31.5,76.75,0.0
2009-02-28,31.5,77.0,0.0
2009-02-28,31.5,77.25,0.0
2009-02-28,31.5,77.5,0.0
2009-02-28,31.75,76.5,0.0
2009-02-28,31.75,76.75,0.0
2009-02-28,31.75,77.0,0.0
2009-02-28,31.75,77.25,0.0
2009-02-28,31.75,77.5,0.0
2009-02-28,32.0,76.5,0.0
2009-02-28,32.0,76.75,0.0
2009-02-28,32.0,77.0,0.0
2009-02-28,32.0,77.25,0.0
2009-02-28,32.0,77.5,0.0
2009-03-01,31.5,76.5,0.0
2009-03-01,31.5,76.75,0.0
2009-03-01,31.5,77.0,0.0
2009-03-01,31.5,77.25,0.0
2009-03-01,31.5,77.5,0.0
2009-03-01,31.75,76.5,0.0
2009-03-01,31.75,76.75,0.0
2009-03-01,31.75,77.0,0.0
2009-03-01,31.75,77.25,0.0
2009-03-01,31.75,77.5,0.0
2009-03-01,32.0,76.5,0.0
2009-03-01,32.0,76.75,0.0
2009-03-01,32.0,77.0,0.0
2009-03-01,32.0,77.25,0.0
2009-03-01,32.0,77.5,0.0
2009-03-02,31.5,76.5,0.0
2009-03-02,31.5,76.75,0.0
2009-03-02,31.5,77.0,0.0
2009-03-02,31.5,77.25,0.0
2009-03-02,31.5,77.5,0.0
2009-03-02,31.75,76.5,0.0
2009-03-02,31.75,76.75,0.0
2009-03-02,31.75,77.0,0.0
2009-03-02,31.75,77.25,0.0
2009-03-02,31.75,77.5,0.0
2009-03-02,32.0,76.5,0.0
2009-03-02,32.0,76.75,0.0
2009-03-02,32.0,77.0,0.0
2009-03-02,32.0,77.25,0.0
2009-03-02,32.0,77.5,0.0
2009-03-03,31.5,76.5,0.0
2009-03-03,31.5,76.75,0.0
2009-03-03,31.5,77.0,0.0
2009-03-03,31.5,77.25,0.0
2009-03-03,31.5,77.5,0.0
2009-03-03,31.75,76.5,0.0
2009-03-03,31.75,76.75,0.0
2009-03-03,31.75,77.0,0.0
2009-03-03,31.75,77.25,0.0
2009-03-03,31.75,77.5,0.0
2009-03-03,32.0,76.5,0.0
2009-03-03,32.0,76.75,0.0
2009-03-03,32.0,77.0,0.0
2009-03-03,32.0,77.25,0.0
2009-03-03,32.0,77.5,0.0
2009-03-04,31.5,76.5,0.0
2009-03-04,31.5,76.75,0.0
2009-03-04,31.5,77.0,0.0
2009-03-04,31.5,77.25,0.0
2009-03-04,31.5,77.5,0.0
2009-03-04,31.75,76.5,0.0
2009-03-04,31.75,76.75,0.0
2009-03-04,31.75,77.0,0.0
2009-03-04,31.75,77.25,0.0
2009-03-04,31.75,77.5,0.0
2009-03-04,32.0,76.5,0.0
2009-03-04,32.0,76.75,0.0
2009-03-04,32.0,77.0,0.0
2009-03-04,32.0,77.25,0.0
2009-03-04,32.0,77.5,0.0
2009-03-05,31.5,76.5,0.0
2009-03-05,31.5,76.75,0.0
2009-03-05,31.5,77.0,0.0
2009-03-05,31.5,77.25,0.0
2009-03-05,31.5,77.5,0.0
2009-03-05,31.75,76.5,0.0
2009-03-05,31.75,76.75,0.0
2009-03-05,31.75,77.0,0.0
2009-03-05,31.75,77.25,0.0
2009-03-05,31.75,77.5,0.14933671057224274
2009-03-05,32.0,76.5,0.0
2009-03-05,32.0,76.75,0.0
2009-03-05,32.0,77.0,0.19600677490234375
2009-03-05,32.0,77.25,1.3618639707565308
2009-03-05,32.0,77.5,2.1380317211151123
2009-03-06,31.5,76.5,0.7099647521972656
2009-03-06,31.5,76.75,0.0
2009-03-06,31.5,77.0,0.0
2009-03-06,31.5,77.25,0.0
2009-03-06,31.5,77.5,0.0
2009-03-06,31.75,76.5,1.1676123142242432
2009-03-06,31.75,76.75,0.0
2009-03-06,31.75,77.0,0.0
2009-03-06,31.75,77.25,0.0
2009-03-06,31.75,77.5,0.0
2009-03-06,32.0,76.5,0.536223292350769
2009-03-06,32.0,76.75,0.0
2009-03-06,32.0,77.0,0.0
2009-03-06,32.0,77.25,1.7836496829986572
2009-03-06,32.0,77.5,2.864409923553467
2009-03-07,31.5,76.5,3.6385691165924072
2009-03-07,31.5,76.75,0.0
2009-03-07,31.5,77.0,0.0
2009-03-07,31.5,77.25,0.0
2009-03-07,31.5,77.5,0.0
2009-03-07,31.75,76.5,5.984013080596924
2009-03-07,31.75,76.75,0.12872564792633057
2009-03-07,31.75,77.0,0.0
2009-03-07,31.75,77.25,0.0
2009-03-07,31.75,77.5,0.0
2009-03-07,32.0,76.5,2.7481443881988525
2009-03-07,32.0,76.75,0.0
2009-03-07,32.0,77.0,0.0
2009-03-07,32.0,77.25,0.0
2009-03-07,32.0,77.5,0.0
2009-03-08,31.5,76.5,0.0
2009-03-08,31.5,76.75,0.0
2009-03-08,31.5,77.0,0.0
2009-03-08,31.5,77.25,0.0
2009-03-08,31.5,77.5,0.0
2009-03-08,31.75,76.5,0.0
2009-03-08,31.75,76.75,0.0
2009-03-08,31.75,77.0,0.0
2009-03-08,31.75,77.25,0.0
2009-03-08,31.75,77.5,0.0
2009-03-08,32.0,76.5,0.5540493726730347
2009-03-08,32.0,76.75,0.0
2009-03-08,32.0,77.0,0.0
2009-03-08,32.0,77.25,0.0
2009-03-08,32.0,77.5,0.0
2009-03-09,31.5,76.5,0.0
2009-03-09,31.5,76.75,0.0
2009-03-09,31.5,77.0,0.0
2009-03-09,31.5,77.25,0.0
2009-03-09,31.5,77.5,0.0
2009-03-09,31.75,76.5,0.0
2009-03-09,31.75,76.75,0.0
2009-03-09,31.75,77.0,0.0
2009-03-09,31.75,77.25,0.0
2009-03-09,31.75,77.5,0.0
2009-03-09,32.0,76.5,0.0
2009-03-09,32.0,76.75,0.0
2009-03-09,32.0,77.0,0.0
2009-03-09,32.0,77.25,0.0
2009-03-09,32.0,77.5,0.0
2009-03-10,31.5,76.5,0.0
2009-03-10,31.5,76.75,0.0
2009-03-10,31.5,77.0,0.0
2009-03-10,31.5,77.25,0.0
2009-03-10,31.5,77.5,0.0
2009-03-10,31.75,76.5,0.0
2009-03-10,31.75,76.75,0.0
2009-03-10,31.75,77.0,0.0
2009-03-10,31.75,77.25,0.0
2009-03-10,31.75,77.5,0.0
2009-03-10,32.0,76.5,0.0
2009-03-10,32.0,76.75,0.0
2009-03-10,32.0,77.0,0.0
2009-03-10,32.0,77.25,0.0
2009-03-10,32.0,77.5,0.0
2009-03-11,31.5,76.5,3.993551254272461
2009-03-11,31.5,76.75,0.0
2009-03-11,31.5,77.0,0.0
2009-03-11,31.5,77.25,0.0
2009-03-11,31.5,77.5,0.0
2009-03-11,31.75,76.5,6.567819118499756
2009-03-11,31.75,76.75,0.1412842571735382
2009-03-11,31.75,77.0,0.0
2009-03-11,31.75,77.25,0.0
2009-03-11,31.75,77.5,0.0
2009-03-11,32.0,76.5,3.016256093978882
2009-03-11,32.0,76.75,0.0
2009-03-11,32.0,77.0,0.0
2009-03-11,32.0,77.25,0.5945498943328857
2009-03-11,32.0,77.5,0.9548032879829407
2009-03-12,31.5,76.5,0.0
2009-03-12,31.5,76.75,0.0
2009-03-12,31.5,77.0,0.0
2009-03-12,31.5,77.25,0.0
2009-03-12,31.5,77.5,0.0
2009-03-12,31.75,76.5,0.0
2009-03-12,31.75,76.75,0.0
2009-03-12,31.75,77.0,0.0
2009-03-12,31.75,77.25,0.0
2009-03-12,31.75,77.5,0.0
2009-03-12,32.0,76.5,0.0
2009-03-12,32.0,76.75,0.0
2009-03-12,32.0,77.0,0.0
2009-03-12,32.0,77.25,0.4756399393081665
2009-03-12,32.0,77.5,0.7638426423072815
2009-03-13,31.5,76.5,0.0
2009-03-13,31.5,76.75,0.0
2009-03-13,31.5,77.0,0.0
2009-03-13,31.5,77.25,0.0
2009-03-13,31.5,77.5,0.0
2009-03-13,31.75,76.5,0.0
2009-03-13,31.75,76.75,0.0
2009-03-13,31.75,77.0,0.0
2009-03-13,31.75,77.25,0.0
2009-03-13,31.75,77.5,0.0
2009-03-13,32.0,76.5,0.0
2009-03-13,32.0,76.75,0.0
2009-03-13,32.0,77.0,0.0
2009-03-13,32.0,77.25,0.23781996965408325
2009-03-13,32.0,77.5,0.38192132115364075
2009-03-14,31.5,76.5,0.0
2009-03-14,31.5,76.75,0.0
2009-03-14,31.5,77.0,0.0
2009-03-14,31.5,77.25,0.0
2009-03-14,31.5,77.5,0.0
2009-03-14,31.75,76.5,0.0
2009-03-14,31.75,76.75,0.0
2009-03-14,31.75,77.0,0.0
2009-03-14,31.75,77.25,0.0
2009-03-14,31.75,77.5,0.0
2009-03-14,32.0,76.5,0.0
2009-03-14,32.0,76.75,0.0
2009-03-14,32.0,77.0,0.0
2009-03-14,32.0,77.25,0.0
2009-03-14,32.0,77.5,0.0
2009-03-15,31.5,76.5,0.0
2009-03-15,31.5,76.75,0.0
2009-03-15,31.5,77.0,0.0
2009-03-15,31.5,77.25,0.0
2009-03-15,31.5,77.5,0.0
2009-03-15,31.75,76.5,0.0
2009-03-15,31.75,76.75,0.0
2009-03-15,31.75,77.0,0.0
2009-03-15,31.75,77.25,0.0
2009-03-15,31.75,77.5,0.0
2009-03-15,32.0,76.5,0.0
2009-03-15,32.0,76.75,0.0
2009-03-15,32.0,77.0,0.0
2009-03-15,32.0,77.25,0.0
2009-03-15,32.0,77.5,0.0
2009-03-16,31.5,76.5,0.0
2009-03-16,31.5,76.75,0.0
2009-03-16,31.5,77.0,0.0
2009-03-16,31.5,77.25,0.0
2009-03-16,31.5,77.5,0.0
2009-03-16,31.75,76.5,0.0
2009-03-16,31.75,76.75,0.0
2009-03-16,31.75,77.0,0.0
2009-03-16,31.75,77.25,0.0
2009-03-16,31.75,77.5,0.0
2009-03-16,32.0,76.5,0.0
2009-03-16,32.0,76.75,0.0
2009-03-16,32.0,77.0,0.0
2009-03-16,32.0,77.25,0.7134599089622498
2009-03-16,32.0,77.5,1.1457639932632446
2009-03-17,31.5,76.5,0.0
2009-03-17,31.5,76.75,0.0
2009-03-17,31.5,77.0,0.0
2009-03-17,31.5,77.25,0.0
2009-03-17,31.5,77.5,0.0
2009-03-17,31.75,76.5,0.0
2009-03-17,31.75,76.75,0.0
2009-03-17,31.75,77.0,0.0
2009-03-17,31.75,77.25,0.0
2009-03-17,31.75,77.5,0.0
2009-03-17,32.0,76.5,0.0
2009-03-17,32.0,76.75,0.0
2009-03-17,32.0,77.0,0.0
2009-03-17,32.0,77.25,0.0
2009-03-17,32.0,77.5,0.0
2009-03-18,31.5,76.5,0.6239335536956787
2009-03-18,31.5,76.75,0.0
2009-03-18,31.5,77.0,0.8870845437049866
2009-03-18,31.5,77.25,0.8287172913551331
2009-03-18,31.5,77.5,0.2219172716140747
2009-03-18,31.75,76.5,0.33689767122268677
2009-03-18,31.75,76.75,2.5452139377593994
2009-03-18,31.75,77.0,0.31109318137168884
2009-03-18,31.75,77.25,0.6335545778274536
2009-03-18,31.75,77.5,0.7338342070579529
2009-03-18,32.0,76.5,0.849452793598175
2009-03-18,32.0,76.75,1.3622915744781494
2009-03-18,32.0,77.0,0.17273856699466705
2009-03-18,32.0,77.25,0.0
2009-03-18,32.0,77.5,0.0
2009-03-19,31.5,76.5,0.0
2009-03-19,31.5,76.75,0.0
2009-03-19,31.5,77.0,0.0
2009-03-19,31.5,77.25,0.0
2009-03-19,31.5,77.5,0.0
2009-03-19,31.75,76.5,0.0
2009-03-19,31.75,76.75,0.0
2009-03-19,31.75,77.0,0.0
2009-03-19,31.75,77.25,0.0
2009-03-19,31.75,77.5,0.0
2009-03-19,32.0,76.5,0.0
2009-03-19,32.0,76.75,0.0
2009-03-19,32.0,77.0,0.0
2009-03-19,32.0,77.25,0.0
2009-03-19,32.0,77.5,0.0
2009-03-20,31.5,76.5,0.0
2009-03-20,31.5,76.75,0.0
2009-03-20,31.5,77.0,0.11006557196378708
2009-03-20,31.5,77.25,0.12156664580106735
2009-03-20,31.5,77.5,0.17139208316802979
2009-03-20,31.75,76.5,0.0
2009-03-20,31.75,76.75,0.0
2009-03-20,31.75,77.0,0.2793988585472107
2009-03-20,31.75,77.25,0.4302193820476532
2009-03-20,31.75,77.5,0.9116950035095215
2009-03-20,32.0,76.5,0.0
2009-03-20,32.0,76.75,0.7003947496414185
2009-03-20,32.0,77.0,1.1119533777236938
2009-03-20,32.0,77.25,1.0700989961624146
2009-03-20,32.0,77.5,1.2413883209228516
2009-03-21,31.5,76.5,16.136194229125977
2009-03-21,31.5,76.75,19.120744705200195
2009-03-21,31.5,77.0,14.79245376586914
2009-03-21,31.5,77.25,15.65304946899414
2009-03-21,31.5,77.5,13.723430633544922
2009-03-21,31.75,76.5,18.28761863708496
2009-03-21,31.75,76.75,5.723963260650635
2009-03-21,31.75,77.0,16.57363510131836
2009-03-21,31.75,77.25,13.820767402648926
2009-03-21,31.75,77.5,13.78608512878418
2009-03-21,32.0,76.5,11.588382720947266
2009-03-21,32.0,76.75,10.424062728881836
2009-03-21,32.0,77.0,16.724172592163086
2009-03-21,32.0,77.25,15.03657054901123
2009-03-21,32.0,77.5,13.803496360778809
2009-03-22,31.5,76.5,0.0
2009-03-22,31.5,76.75,0.0
2009-03-22,31.5,77.0,0.0
2009-03-22,31.5,77.25,0.0
2009-03-22,31.5,77.5,0.0
2009-03-22,31.75,76.5,0.0
2009-03-22,31.75,76.75,0.0
2009-03-22,31.75,77.0,0.3384051024913788
2009-03-22,31.75,77.25,3.185734272003174
2009-03-22,31.75,77.5,8.218314170837402
2009-03-22,32.0,76.5,0.0
2009-03-22,32.0,76.75,6.452780246734619
2009-03-22,32.0,77.0,9.943960189819336
2009-03-22,32.0,77.25,9.747737884521484
2009-03-22,32.0,77.5,12.02364444732666
2009-03-23,31.5,76.5,0.0
2009-03-23,31.5,76.75,0.0
2009-03-23,31.5,77.0,0.0
2009-03-23,31.5,77.25,0.0
2009-03-23,31.5,77.5,0.0
2009-03-23,31.75,76.5,0.0
2009-03-23,31.75,76.75,0.0
2009-03-23,31.75,77.0,0.0
2009-03-23,31.75,77.25,0.0
2009-03-23,31.75,77.5,3.8827545642852783
2009-03-23,32.0,76.5,0.0
2009-03-23,32.0,76.75,2.5316104888916016
2009-03-23,32.0,77.0,5.0961761474609375
2009-03-23,32.0,77.25,5.0864176750183105
2009-03-23,32.0,77.5,6.893858432769775
2009-03-24,31.5,76.5,0.0
2009-03-24,31.5,76.75,0.0
2009-03-24,31.5,77.0,0.183442622423172
2009-03-24,31.5,77.25,0.2026110738515854
2009-03-24,31.5,77.5,0.4756903052330017
2009-03-24,31.75,76.5,0.0
2009-03-24,31.75,76.75,0.0
2009-03-24,31.75,77.0,0.4173211455345154
2009-03-24,31.75,77.25,0.26192742586135864
2009-03-24,31.75,77.5,0.2316664308309555
2009-03-24,32.0,76.5,0.0
2009-03-24,32.0,76.75,0.17131246626377106
2009-03-24,32.0,77.0,0.2833513915538788
2009-03-24,32.0,77.25,0.7349745035171509
2009-03-24,32.0,77.5,0.9411212801933289
2009-03-25,31.5,76.5,14.024760246276855
2009-03-25,31.5,76.75,16.63286590576172
2009-03-25,31.5,77.0,11.857946395874023
2009-03-25,31.5,77.25,11.171260833740234
2009-03-25,31.5,77.5,3.7133119106292725
2009-03-25,31.75,76.5,13.241169929504395
2009-03-25,31.75,76.75,13.759642601013184
2009-03-25,31.75,77.0,7.515748500823975
2009-03-25,31.75,77.25,10.392544746398926
2009-03-25,31.75,77.5,8.2714204788208
2009-03-25,32.0,76.5,15.533185005187988
2009-03-25,32.0,76.75,10.023541450500488
2009-03-25,32.0,77.0,6.7384772300720215
2009-03-25,32.0,77.25,6.005027770996094
2009-03-25,32.0,77.5,5.674061298370361
2009-03-26,31.5,76.5,8.351973533630371
2009-03-26,31.5,76.75,16.630483627319336
2009-03-26,31.5,77.0,13.810667037963867
2009-03-26,31.5,77.25,13.262504577636719
2009-03-26,31.5,77.5,7.979780673980713
2009-03-26,31.75,76.5,3.9053614139556885
2009-03-26,31.75,76.75,14.062422752380371
2009-03-26,31.75,77.0,12.212636947631836
2009-03-26,31.75,77.25,14.27497673034668
2009-03-26,31.75,77.5,12.557829856872559
2009-03-26,32.0,76.5,6.583078861236572
2009-03-26,32.0,76.75,13.385161399841309
2009-03-26,32.0,77.0,11.871748924255371
2009-03-26,32.0,77.25,10.825021743774414
2009-03-26,32.0,77.5,9.919792175292969
2009-03-27,31.5,76.5,0.27297091484069824
2009-03-27,31.5,76.75,0.0
2009-03-27,31.5,77.0,0.38809946179389954
2009-03-27,31.5,77.25,0.3625637888908386
2009-03-27,31.5,77.5,0.0
2009-03-27,31.75,76.5,0.14739271998405457
2009-03-27,31.75,76.75,1.1135311126708984
2009-03-27,31.75,77.0,0.13610327243804932
2009-03-27,31.75,77.25,0.27718010544776917
2009-03-27,31.75,77.5,0.3210524618625641
2009-03-27,32.0,76.5,0.3716356158256531
2009-03-27,32.0,76.75,0.5960025191307068
2009-03-27,32.0,77.0,0.0
2009-03-27,32.0,77.25,0.0
2009-03-27,32.0,77.5,0.0
2009-03-28,31.5,76.5,0.0
2009-03-28,31.5,76.75,0.0
2009-03-28,31.5,77.0,0.11006557196378708
2009-03-28,31.5,77.25,0.12156664580106735
2009-03-28,31.5,77.5,0.42477452754974365
2009-03-28,31.75,76.5,0.0
2009-03-28,31.75,76.75,0.0
2009-03-28,31.75,77.0,0.2890675663948059
2009-03-28,31.75,77.25,0.5212403535842896
2009-03-28,31.75,77.5,1.5177123546600342
2009-03-28,32.0,76.5,3.9399070739746094
2009-03-28,32.0,76.75,1.1267930269241333
2009-03-28,32.0,77.0,1.8832834959030151
2009-03-28,32.0,77.25,1.7780482769012451
2009-03-28,32.0,77.5,2.1527206897735596
2009-03-29,31.5,76.5,0.0
2009-03-29,31.5,76.75,0.0
2009-03-29,31.5,77.0,0.0
2009-03-29,31.5,77.25,0.0
2009-03-29,31.5,77.5,0.0
2009-03-29,31.75,76.5,0.0
2009-03-29,31.75,76.75,0.0
2009-03-29,31.75,77.0,0.0
2009-03-29,31.75,77.25,0.0
2009-03-29,31.75,77.5,0.2986734211444855
2009-03-29,32.0,76.5,0.861854612827301
2009-03-29,32.0,76.75,0.19473928213119507
2009-03-29,32.0,77.0,0.3920135498046875
2009-03-29,32.0,77.25,0.3455283045768738
2009-03-29,32.0,77.5,0.4568503797054291
2009-03-30,31.5,76.5,8.354945182800293
2009-03-30,31.5,76.75,4.957527160644531
2009-03-30,31.5,77.0,8.358062744140625
2009-03-30,31.5,77.25,8.549980163574219
2009-03-30,31.5,77.5,7.198467254638672
2009-03-30,31.75,76.5,10.216373443603516
2009-03-30,31.75,76.75,7.774913787841797
2009-03-30,31.75,77.0,11.709989547729492
2009-03-30,31.75,77.25,10.713127136230469
2009-03-30,31.75,77.5,14.831086158752441
2009-03-30,32.0,76.5,6.012579917907715
2009-03-30,32.0,76.75,12.846214294433594
2009-03-30,32.0,77.0,16.633989334106445
2009-03-30,32.0,77.25,15.079763412475586
2009-03-30,32.0,77.5,15.295463562011719
2009-03-31,31.5,76.5,0.0
2009-03-31,31.5,76.75,0.0
2009-03-31,31.5,77.0,0.0
2009-03-31,31.5,77.25,0.0
2009-03-31,31.5,77.5,0.0
2009-03-31,31.75,76.5,0.0
2009-03-31,31.75,76.75,0.0
2009-03-31,31.75,77.0,0.0
2009-03-31,31.75,77.25,0.0
2009-03-31,31.75,77.5,0.0
2009-03-31,32.0,76.5,0.0
2009-03-31,32.0,76.75,0.0
2009-03-31,32.0,77.0,0.0
2009-03-31,32.0,77.25,0.0
2009-03-31,32.0,77.5,0.0
2009-04-01,31.5,76.5,0.0
2009-04-01,31.5,76.75,0.0
2009-04-01,31.5,77.0,0.0
2009-04-01,31.5,77.25,0.0
2009-04-01,31.5,77.5,0.0
2009-04-01,31.75,76.5,0.0
2009-04-01,31.75,76.75,0.0
2009-04-01,31.75,77.0,0.0
2009-04-01,31.75,77.25,0.0
2009-04-01,31.75,77.5,0.0
2009-04-01,32.0,76.5,0.0
2009-04-01,32.0,76.75,0.0
2009-04-01,32.0,77.0,0.0
2009-04-01,32.0,77.25,0.0
2009-04-01,32.0,77.5,0.0
2009-04-02,31.5,76.5,0.0
2009-04-02,31.5,76.75,0.0
2009-04-02,31.5,77.0,0.0
2009-04-02,31.5,77.25,0.0
2009-04-02,31.5,77.5,0.0
2009-04-02,31.75,76.5,0.0
2009-04-02,31.75,76.75,0.0
2009-04-02,31.75,77.0,0.0
2009-04-02,31.75,77.25,0.0
2009-04-02,31.75,77.5,0.0
2009-04-02,32.0,76.5,0.0
2009-04-02,32.0,76.75,0.0
2009-04-02,32.0,77.0,0.0
2009-04-02,32.0,77.25,0.0
2009-04-02,32.0,77.5,0.0
2009-04-03,31.5,76.5,3.938870668411255
2009-04-03,31.5,76.75,6.738454341888428
2009-04-03,31.5,77.0,8.949565887451172
2009-04-03,31.5,77.25,9.033259391784668
2009-04-03,31.5,77.5,7.312728404998779
2009-04-03,31.75,76.5,1.947235107421875
2009-04-03,31.75,76.75,7.551179885864258
2009-04-03,31.75,77.0,12.2199068069458
2009-04-03,31.75,77.25,13.571632385253906
2009-04-03,31.75,77.5,19.658761978149414
2009-04-03,32.0,76.5,2.8272812366485596
2009-04-03,32.0,76.75,16.76336669921875
2009-04-03,32.0,77.0,22.38612174987793
2009-04-03,32.0,77.25,21.045085906982422
2009-04-03,32.0,77.5,22.48320198059082
2009-04-04,31.5,76.5,1.4199295043945312
2009-04-04,31.5,76.75,0.0
2009-04-04,31.5,77.0,0.0
2009-04-04,31.5,77.25,0.0
2009-04-04,31.5,77.5,0.0
2009-04-04,31.75,76.5,2.3352246284484863
2009-04-04,31.75,76.75,0.0
2009-04-04,31.75,77.0,0.0
2009-04-04,31.75,77.25,0.6735552549362183
2009-04-04,31.75,77.5,6.94858455657959
2009-04-04,32.0,76.5,1.072446584701538
2009-04-04,32.0,76.75,4.761946678161621
2009-04-04,32.0,77.0,8.941954612731934
2009-04-04,32.0,77.25,8.565072059631348
2009-04-04,32.0,77.5,11.276719093322754
2009-04-05,31.5,76.5,0.3118866980075836
2009-04-05,31.5,76.75,0.0
2009-04-05,31.5,77.0,0.0
2009-04-05,31.5,77.25,0.0
2009-04-05,31.5,77.5,0.0
2009-04-05,31.75,76.5,0.22901229560375214
2009-04-05,31.75,76.75,0.0
2009-04-05,31.75,77.0,0.0
2009-04-05,31.75,77.25,0.0
2009-04-05,31.75,77.5,0.0
2009-04-05,32.0,76.5,0.8244112133979797
2009-04-05,32.0,76.75,0.0
2009-04-05,32.0,77.0,0.0
2009-04-05,32.0,77.25,0.3567299544811249
2009-04-05,32.0,77.5,0.5728819966316223
2009-04-06,31.5,76.5,0.0
2009-04-06,31.5,76.75,0.0
2009-04-06,31.5,77.0,0.0
2009-04-06,31.5,77.25,0.0
2009-04-06,31.5,77.5,0.0
2009-04-06,31.75,76.5,0.0
2009-04-06,31.75,76.75,0.0
2009-04-06,31.75,77.0,0.4408934712409973
2009-04-06,31.75,77.25,4.150556564331055
2009-04-06,31.75,77.5,7.205130577087402
2009-04-06,32.0,76.5,0.8002935647964478
2009-04-06,32.0,76.75,6.123593807220459
2009-04-06,32.0,77.0,8.358920097351074
2009-04-06,32.0,77.25,8.648343086242676
2009-04-06,32.0,77.5,10.308195114135742
2009-04-07,31.5,76.5,13.154047966003418
2009-04-07,31.5,76.75,19.102739334106445
2009-04-07,31.5,77.0,26.825681686401367
2009-04-07,31.5,77.25,27.364248275756836
2009-04-07,31.5,77.5,21.366880416870117
2009-04-07,31.75,76.5,8.657063484191895
2009-04-07,31.75,76.75,23.86636734008789
2009-04-07,31.75,77.0,34.58589553833008
2009-04-07,31.75,77.25,27.742156982421875
2009-04-07,31.75,77.5,30.10884666442871
2009-04-07,32.0,76.5,11.558453559875488
2009-04-07,32.0,76.75,27.582365036010742
2009-04-07,32.0,77.0,32.21357727050781
2009-04-07,32.0,77.25,28.001882553100586
2009-04-07,32.0,77.5,24.636014938354492
2009-04-08,31.5,76.5,0.7798368334770203
2009-04-08,31.5,76.75,0.0
2009-04-08,31.5,77.0,0.6653134226799011
2009-04-08,31.5,77.25,0.621537983417511
2009-04-08,31.5,77.5,0.0
2009-04-08,31.75,76.5,0.4816855490207672
2009-04-08,31.75,76.75,1.9089105129241943
2009-04-08,31.75,77.0,0.33387455344200134
2009-04-08,31.75,77.25,1.4217840433120728
2009-04-08,31.75,77.5,4.359033107757568
2009-04-08,32.0,76.5,1.4615007638931274
2009-04-08,32.0,76.75,3.8301875591278076
2009-04-08,32.0,77.0,4.878073215484619
2009-04-08,32.0,77.25,4.477509498596191
2009-04-08,32.0,77.5,5.663156509399414
2009-04-09,31.5,76.5,23.068065643310547
2009-04-09,31.5,76.75,20.320301055908203
2009-04-09,31.5,77.0,16.039791107177734
2009-04-09,31.5,77.25,15.56163215637207
2009-04-09,31.5,77.5,5.117782115936279
2009-04-09,31.75,76.5,24.694364547729492
2009-04-09,31.75,76.75,19.551109313964844
2009-04-09,31.75,77.0,10.216160774230957
2009-04-09,31.75,77.25,12.387533187866211
2009-04-09,31.75,77.5,9.072733879089355
2009-04-09,32.0,76.5,31.408252716064453
2009-04-09,32.0,76.75,11.976829528808594
2009-04-09,32.0,77.0,6.447630882263184
2009-04-09,32.0,77.25,4.892005443572998
2009-04-09,32.0,77.5,3.6611878871917725
2009-04-10,31.5,76.5,9.49034595489502
2009-04-10,31.5,76.75,4.594736576080322
2009-04-10,31.5,77.0,2.6238770484924316
2009-04-10,31.5,77.25,2.2902910709381104
2009-04-10,31.5,77.5,0.31880417466163635
2009-04-10,31.75,76.5,12.895499229431152
2009-04-10,31.75,76.75,3.9631195068359375
2009-04-10,31.75,77.0,0.6675606369972229
2009-04-10,31.75,77.25,1.6725785732269287
2009-04-10,31.75,77.5,1.0148934125900269
2009-04-10,32.0,76.5,6.517621994018555
2009-04-10,32.0,76.75,1.7941209077835083
2009-04-10,32.0,77.0,0.31932464241981506
2009-04-10,32.0,77.25,0.0
2009-04-10,32.0,77.5,0.11421259492635727
2009-04-11,31.5,76.5,0.0
2009-04-11,31.5,76.75,0.0
2009-04-11,31.5,77.0,0.0
2009-04-11,31.5,77.25,0.0
2009-04-11,31.5,77.5,0.0
2009-04-11,31.75,76.5,0.0
2009-04-11,31.75,76.75,0.0
2009-04-11,31.75,77.0,0.0
2009-04-11,31.75,77.25,0.0
2009-04-11,31.75,77.5,0.0
2009-04-11,32.0,76.5,0.0
2009-04-11,32.0,76.75,0.0
2009-04-11,32.0,77.0,0.0
2009-04-11,32.0,77.25,0.0
2009-04-11,32.0,77.5,0.0
2009-04-12,31.5,76.5,0.0
2009-04-12,31.5,76.75,0.0
2009-04-12,31.5,77.0,0.0
2009-04-12,31.5,77.25,0.0
2009-04-12,31.5,77.5,0.0
2009-04-12,31.75,76.5,0.0
2009-04-12,31.75,76.75,0.0
2009-04-12,31.75,77.0,0.0
2009-04-12,31.75,77.25,0.0
2009-04-12,31.75,77.5,0.0
2009-04-12,32.0,76.5,0.0
2009-04-12,32.0,76.75,0.0
2009-04-12,32.0,77.0,0.0
2009-04-12,32.0,77.25,0.0
2009-04-12,32.0,77.5,0.0
2009-04-13,31.5,76.5,0.0
2009-04-13,31.5,76.75,0.0
2009-04-13,31.5,77.0,0.0
2009-04-13,31.5,77.25,0.0
2009-04-13,31.5,77.5,0.0
2009-04-13,31.75,76.5,0.0
2009-04-13,31.75,76.75,0.0
2009-04-13,31.75,77.0,0.0
2009-04-13,31.75,77.25,0.0
2009-04-13,31.75,77.5,0.0
2009-04-13,32.0,76.5,0.0
2009-04-13,32.0,76.75,0.0
2009-04-13,32.0,77.0,0.0
2009-04-13,32.0,77.25,0.0
2009-04-13,32.0,77.5,0.0
2009-04-14,31.5,76.5,0.0
2009-04-14,31.5,76.75,0.0
2009-04-14,31.5,77.0,0.0
2009-04-14,31.5,77.25,0.0
2009-04-14,31.5,77.5,0.0
2009-04-14,31.75,76.5,0.0
2009-04-14,31.75,76.75,0.0
2009-04-14,31.75,77.0,0.0
2009-04-14,31.75,77.25,0.0
2009-04-14,31.75,77.5,0.0
2009-04-14,32.0,76.5,0.0
2009-04-14,32.0,76.75,0.0
2009-04-14,32.0,77.0,0.0
2009-04-14,32.0,77.25,0.0
2009-04-14,32.0,77.5,0.0
2009-04-15,31.5,76.5,0.0
2009-04-15,31.5,76.75,0.0
2009-04-15,31.5,77.0,0.0
2009-04-15,31.5,77.25,0.0
2009-04-15,31.5,77.5,0.0
2009-04-15,31.75,76.5,0.0
2009-04-15,31.75,76.75,0.0
2009-04-15,31.75,77.0,0.0
2009-04-15,31.75,77.25,0.0
2009-04-15,31.75,77.5,0.0
2009-04-15,32.0,76.5,0.0
2009-04-15,32.0,76.75,0.0
2009-04-15,32.0,77.0,0.0
2009-04-15,32.0,77.25,0.0
2009-04-15,32.0,77.5,0.0
2009-04-16,31.5,76.5,0.0
2009-04-16,31.5,76.75,0.0
2009-04-16,31.5,77.0,1.2107212543487549
2009-04-16,31.5,77.25,1.3372329473495483
2009-04-16,31.5,77.5,1.885312795639038
2009-04-16,31.75,76.5,0.0
2009-04-16,31.75,76.75,0.30223023891448975
2009-04-16,31.75,77.0,2.754319667816162
2009-04-16,31.75,77.25,1.7287209033966064
2009-04-16,31.75,77.5,2.6042227745056152
2009-04-16,32.0,76.5,0.646390974521637
2009-04-16,32.0,76.75,1.831723690032959
2009-04-16,32.0,77.0,3.281367778778076
2009-04-16,32.0,77.25,2.955509901046753
2009-04-16,32.0,77.5,2.814700126647949
2009-04-17,31.5,76.5,0.0
2009-04-17,31.5,76.75,0.0
2009-04-17,31.5,77.0,0.0
2009-04-17,31.5,77.25,0.0
2009-04-17,31.5,77.5,0.0
2009-04-17,31.75,76.5,0.0
2009-04-17,31.75,76.75,0.0
2009-04-17,31.75,77.0,0.0
2009-04-17,31.75,77.25,0.0
2009-04-17,31.75,77.5,0.2986734211444855
2009-04-17,32.0,76.5,0.0
2009-04-17,32.0,76.75,0.19473928213119507
2009-04-17,32.0,77.0,0.3920135498046875
2009-04-17,32.0,77.25,0.3455283045768738
2009-04-17,32.0,77.5,0.4568503797054291
2009-04-18,31.5,76.5,0.0
2009-04-18,31.5,76.75,0.0
2009-04-18,31.5,77.0,0.0
2009-04-18,31.5,77.25,0.0
2009-04-18,31.5,77.5,0.0
2009-04-18,31.75,76.5,0.0
2009-04-18,31.75,76.75,0.0
2009-04-18,31.75,77.0,0.0
2009-04-18,31.75,77.25,0.0
2009-04-18,31.75,77.5,0.0
2009-04-18,32.0,76.5,0.0
2009-04-18,32.0,76.75,0.0
2009-04-18,32.0,77.0,0.0
2009-04-18,32.0,77.25,0.0
2009-04-18,32.0,77.5,0.0
2009-04-19,31.5,76.5,0.0
2009-04-19,31.5,76.75,0.0
2009-04-19,31.5,77.0,0.0
2009-04-19,31.5,77.25,0.0
2009-04-19,31.5,77.5,0.0
2009-04-19,31.75,76.5,0.0
2009-04-19,31.75,76.75,0.0
2009-04-19,31.75,77.0,0.0
2009-04-19,31.75,77.25,0.0
2009-04-19,31.75,77.5,0.0
2009-04-19,32.0,76.5,0.0
2009-04-19,32.0,76.75,0.0
2009-04-19,32.0,77.0,0.0
2009-04-19,32.0,77.25,0.0
2009-04-19,32.0,77.5,0.0
2009-04-20,31.5,76.5,0.0
2009-04-20,31.5,76.75,0.0
2009-04-20,31.5,77.0,0.0
2009-04-20,31.5,77.25,0.0
2009-04-20,31.5,77.5,0.0
2009-04-20,31.75,76.5,0.0
2009-04-20,31.75,76.75,0.0
2009-04-20,31.75,77.0,0.0
2009-04-20,31.75,77.25,0.0
2009-04-20,31.75,77.5,0.0
2009-04-20,32.0,76.5,0.0
2009-04-20,32.0,76.75,0.0
2009-04-20,32.0,77.0,0.0
2009-04-20,32.0,77.25,0.0
2009-04-20,32.0,77.5,0.0
2009-04-21,31.5,76.5,0.0
2009-04-21,31.5,76.75,0.0
2009-04-21,31.5,77.0,1.9444917440414429
2009-04-21,31.5,77.25,2.147677421569824
2009-04-21,31.5,77.5,3.0279266834259033
2009-04-21,31.75,76.5,0.0
2009-04-21,31.75,76.75,0.4854000508785248
2009-04-21,31.75,77.0,4.47194766998291
2009-04-21,31.75,77.25,3.2315354347229004
2009-04-21,31.75,77.5,5.635087966918945
2009-04-21,32.0,76.5,0.0
2009-04-21,32.0,76.75,4.045273303985596
2009-04-21,32.0,77.0,7.05618143081665
2009-04-21,32.0,77.25,6.461456298828125
2009-04-21,32.0,77.5,6.664240837097168
2009-04-22,31.5,76.5,0.1802012026309967
2009-04-22,31.5,76.75,0.0
2009-04-22,31.5,77.0,0.5503278374671936
2009-04-22,31.5,77.25,0.607833206653595
2009-04-22,31.5,77.5,0.8569603562355042
2009-04-22,31.75,76.5,0.13231821358203888
2009-04-22,31.75,76.75,0.13737736642360687
2009-04-22,31.75,77.0,1.4376028776168823
2009-04-22,31.75,77.25,2.5333852767944336
2009-04-22,31.75,77.5,5.042901515960693
2009-04-22,32.0,76.5,0.47632646560668945
2009-04-22,32.0,76.75,3.9491453170776367
2009-04-22,32.0,77.0,6.094459533691406
2009-04-22,32.0,77.25,5.939736366271973
2009-04-22,32.0,77.5,6.882270336151123
2009-04-23,31.5,76.5,0.0
2009-04-23,31.5,76.75,0.0
2009-04-23,31.5,77.0,0.6970819234848022
2009-04-23,31.5,77.25,0.7699220776557922
2009-04-23,31.5,77.5,1.0854830741882324
2009-04-23,31.75,76.5,0.0
2009-04-23,31.75,76.75,0.17401133477687836
2009-04-23,31.75,77.0,1.609025239944458
2009-04-23,31.75,77.25,1.213774561882019
2009-04-23,31.75,77.5,2.0062334537506104
2009-04-23,32.0,76.5,0.0
2009-04-23,32.0,76.75,1.460129976272583
2009-04-23,32.0,77.0,2.4967124462127686
2009-04-23,32.0,77.25,3.136837959289551
2009-04-23,32.0,77.5,3.6950457096099854
2009-04-24,31.5,76.5,0.0
2009-04-24,31.5,76.75,0.0
2009-04-24,31.5,77.0,0.0
2009-04-24,31.5,77.25,0.0
2009-04-24,31.5,77.5,0.0
2009-04-24,31.75,76.5,0.0
2009-04-24,31.75,76.75,0.0
2009-04-24,31.75,77.0,0.0
2009-04-24,31.75,77.25,0.0
2009-04-24,31.75,77.5,0.0
2009-04-24,32.0,76.5,0.0
2009-04-24,32.0,76.75,0.0
2009-04-24,32.0,77.0,0.0
2009-04-24,32.0,77.25,1.1890997886657715
2009-04-24,32.0,77.5,1.9096065759658813
2009-04-25,31.5,76.5,0.0
2009-04-25,31.5,76.75,0.0
2009-04-25,31.5,77.0,0.0
2009-04-25,31.5,77.25,0.0
2009-04-25,31.5,77.5,0.0
2009-04-25,31.75,76.5,0.0
2009-04-25,31.75,76.75,0.0
2009-04-25,31.75,77.0,0.0
2009-04-25,31.75,77.25,0.0
2009-04-25,31.75,77.5,0.0
2009-04-25,32.0,76.5,0.0
2009-04-25,32.0,76.75,0.0
2009-04-25,32.0,77.0,0.0
2009-04-25,32.0,77.25,0.0
2009-04-25,32.0,77.5,0.0
2009-04-26,31.5,76.5,0.0
2009-04-26,31.5,76.75,0.0
2009-04-26,31.5,77.0,0.0
2009-04-26,31.5,77.25,0.0
2009-04-26,31.5,77.5,0.0
2009-04-26,31.75,76.5,0.0
2009-04-26,31.75,76.75,0.0
2009-04-26,31.75,77.0,0.0
2009-04-26,31.75,77.25,0.0
2009-04-26,31.75,77.5,0.0
2009-04-26,32.0,76.5,0.0
2009-04-26,32.0,76.75,0.0
2009-04-26,32.0,77.0,0.0
2009-04-26,32.0,77.25,0.0
2009-04-26,32.0,77.5,0.0
2009-04-27,31.5,76.5,0.0
2009-04-27,31.5,76.75,0.0
2009-04-27,31.5,77.0,0.0
2009-04-27,31.5,77.25,0.0
2009-04-27,31.5,77.5,0.0
2009-04-27,31.75,76.5,0.0
2009-04-27,31.75,76.75,0.0
2009-04-27,31.75,77.0,0.0
2009-04-27,31.75,77.25,0.0
2009-04-27,31.75,77.5,0.0
2009-04-27,32.0,76.5,0.0
2009-04-27,32.0,76.75,0.0
2009-04-27,32.0,77.0,0.0
2009-04-27,32.0,77.25,0.0
2009-04-27,32.0,77.5,0.0
2009-04-28,31.5,76.5,0.0
2009-04-28,31.5,76.75,0.0
2009-04-28,31.5,77.0,0.0
2009-04-28,31.5,77.25,0.0
2009-04-28,31.5,77.5,0.0
2009-04-28,31.75,76.5,0.0
2009-04-28,31.75,76.75,0.0
2009-04-28,31.75,77.0,0.0
2009-04-28,31.75,77.25,0.0
2009-04-28,31.75,77.5,0.0
2009-04-28,32.0,76.5,0.0
2009-04-28,32.0,76.75,0.0
2009-04-28,32.0,77.0,0.0
2009-04-28,32.0,77.25,0.0
2009-04-28,32.0,77.5,0.0
2009-04-29,31.5,76.5,0.0
2009-04-29,31.5,76.75,0.0
2009-04-29,31.5,77.0,0.0
2009-04-29,31.5,77.25,0.0
2009-04-29,31.5,77.5,0.0
2009-04-29,31.75,76.5,0.0
2009-04-29,31.75,76.75,0.0
2009-04-29,31.75,77.0,0.0
2009-04-29,31.75,77.25,0.0
2009-04-29,31.75,77.5,0.0
2009-04-29,32.0,76.5,0.0
2009-04-29,32.0,76.75,0.0
2009-04-29,32.0,77.0,0.0
2009-04-29,32.0,77.25,1.1890997886657715
2009-04-29,32.0,77.5,1.9096065759658813
2009-04-30,31.5,76.5,0.0
2009-04-30,31.5,76.75,0.0
2009-04-30,31.5,77.0,0.0
2009-04-30,31.5,77.25,0.0
2009-04-30,31.5,77.5,0.0
2009-04-30,31.75,76.5,0.0
2009-04-30,31.75,76.75,0.0
2009-04-30,31.75,77.0,0.0
2009-04-30,31.75,77.25,0.0
2009-04-30,31.75,77.5,0.0
2009-04-30,32.0,76.5,0.0
2009-04-30,32.0,76.75,0.0
2009-04-30,32.0,77.0,0.0
2009-04-30,32.0,77.25,0.5945498943328857
2009-04-30,32.0,77.5,0.9548032879829407
2009-05-01,31.5,76.5,0.0
2009-05-01,31.5,76.75,0.0
2009-05-01,31.5,77.0,0.0
2009-05-01,31.5,77.25,0.0
2009-05-01,31.5,77.5,0.0
2009-05-01,31.75,76.5,0.0
2009-05-01,31.75,76.75,0.0
2009-05-01,31.75,77.0,0.0
2009-05-01,31.75,77.25,0.0
2009-05-01,31.75,77.5,0.0
2009-05-01,32.0,76.5,0.0
2009-05-01,32.0,76.75,0.0
2009-05-01,32.0,77.0,0.0
2009-05-01,32.0,77.25,0.0
2009-05-01,32.0,77.5,0.0
2009-05-02,31.5,76.5,0.0
2009-05-02,31.5,76.75,0.0
2009-05-02,31.5,77.0,0.0
2009-05-02,31.5,77.25,0.0
2009-05-02,31.5,77.5,0.0
2009-05-02,31.75,76.5,0.0
2009-05-02,31.75,76.75,0.0
2009-05-02,31.75,77.0,0.0
2009-05-02,31.75,77.25,0.0
2009-05-02,31.75,77.5,0.0
2009-05-02,32.0,76.5,0.0
2009-05-02,32.0,76.75,0.0
2009-05-02,32.0,77.0,0.0
2009-05-02,32.0,77.25,1.1890997886657715
2009-05-02,32.0,77.5,1.9096065759658813
2009-05-03,31.5,76.5,0.0
2009-05-03,31.5,76.75,0.0
2009-05-03,31.5,77.0,0.11006557196378708
2009-05-03,31.5,77.25,0.12156664580106735
2009-05-03,31.5,77.5,0.17139208316802979
2009-05-03,31.75,76.5,0.0
2009-05-03,31.75,76.75,0.0
2009-05-03,31.75,77.0,0.25039270520210266
2009-05-03,31.75,77.25,0.15715645253658295
2009-05-03,31.75,77.5,0.13899986445903778
2009-05-03,32.0,76.5,0.0
2009-05-03,32.0,76.75,0.10278748720884323
2009-05-03,32.0,77.0,0.17001084983348846
2009-05-03,32.0,77.25,0.7501506805419922
2009-05-03,32.0,77.5,1.0611704587936401
2009-05-04,31.5,76.5,0.0
2009-05-04,31.5,76.75,0.1162252426147461
2009-05-04,31.5,77.0,0.8394801616668701
2009-05-04,31.5,77.25,0.9181951284408569
2009-05-04,31.5,77.5,1.2568751573562622
2009-05-04,31.75,76.5,0.0
2009-05-04,31.75,76.75,0.21122057735919952
2009-05-04,31.75,77.0,1.9387474060058594
2009-05-04,31.75,77.25,2.081404447555542
2009-05-04,31.75,77.5,4.943991184234619
2009-05-04,32.0,76.5,0.677171528339386
2009-05-04,32.0,76.75,3.6253714561462402
2009-05-04,32.0,77.0,6.157149314880371
2009-05-04,32.0,77.25,5.987855434417725
2009-05-04,32.0,77.5,7.008791446685791
2009-05-05,31.5,76.5,4.941567897796631
2009-05-05,31.5,76.75,4.174488544464111
2009-05-05,31.5,77.0,2.8524646759033203
2009-05-05,31.5,77.25,2.5740625858306885
2009-05-05,31.5,77.5,0.5141761898994446
2009-05-05,31.75,76.5,5.082432270050049
2009-05-05,31.75,76.75,3.9134681224823
2009-05-05,31.75,77.0,1.4708187580108643
2009-05-05,31.75,77.25,2.7079336643218994
2009-05-05,31.75,77.5,4.575187683105469
2009-05-05,32.0,76.5,8.347481727600098
2009-05-05,32.0,76.75,4.392186641693115
2009-05-05,32.0,77.0,4.76655387878418
2009-05-05,32.0,77.25,4.209718227386475
2009-05-05,32.0,77.5,5.099926471710205
2009-05-06,31.5,76.5,4.856853008270264
2009-05-06,31.5,76.75,14.280176162719727
2009-05-06,31.5,77.0,8.692972183227539
2009-05-06,31.5,77.25,8.513514518737793
2009-05-06,31.5,77.5,6.973766326904297
2009-05-06,31.75,76.5,2.07633113861084
2009-05-06,31.75,76.75,2.3558692932128906
2009-05-06,31.75,77.0,9.544684410095215
2009-05-06,31.75,77.25,10.444822311401367
2009-05-06,31.75,77.5,14.466113090515137
2009-05-06,32.0,76.5,1.1996999979019165
2009-05-06,32.0,76.75,10.666848182678223
2009-05-06,32.0,77.0,17.93292808532715
2009-05-06,32.0,77.25,16.741426467895508
2009-05-06,32.0,77.5,18.137718200683594
2009-05-07,31.5,76.5,0.0
2009-05-07,31.5,76.75,0.0
2009-05-07,31.5,77.0,0.0
2009-05-07,31.5,77.25,0.0
2009-05-07,31.5,77.5,0.0
2009-05-07,31.75,76.5,0.0
2009-05-07,31.75,76.75,0.0
2009-05-07,31.75,77.0,0.0
2009-05-07,31.75,77.25,0.0
2009-05-07,31.75,77.5,0.0
2009-05-07,32.0,76.5,0.0
2009-05-07,32.0,76.75,0.0
2009-05-07,32.0,77.0,0.0
2009-05-07,32.0,77.25,0.0
2009-05-07,32.0,77.5,0.0
2009-05-08,31.5,76.5,0.0
2009-05-08,31.5,76.75,0.0
2009-05-08,31.5,77.0,0.0
2009-05-08,31.5,77.25,0.0
2009-05-08,31.5,77.5,0.0
2009-05-08,31.75,76.5,0.0
2009-05-08,31.75,76.75,0.0
2009-05-08,31.75,77.0,0.0
2009-05-08,31.75,77.25,0.0
2009-05-08,31.75,77.5,0.0
2009-05-08,32.0,76.5,0.0
2009-05-08,32.0,76.75,0.0
2009-05-08,32.0,77.0,0.0
2009-05-08,32.0,77.25,0.0
2009-05-08,32.0,77.5,0.0
2009-05-09,31.5,76.5,0.0
2009-05-09,31.5,76.75,0.0
2009-05-09,31.5,77.0,0.0
2009-05-09,31.5,77.25,0.0
2009-05-09,31.5,77.5,0.11426138132810593
2009-05-09,31.75,76.5,0.0
2009-05-09,31.75,76.75,0.0
2009-05-09,31.75,77.0,0.1669284701347351
2009-05-09,31.75,77.25,0.1047709658741951
2009-05-09,31.75,77.5,0.0
2009-05-09,32.0,76.5,0.0
2009-05-09,32.0,76.75,0.0
2009-05-09,32.0,77.0,0.11334055662155151
2009-05-09,32.0,77.25,0.10373383015394211
2009-05-09,32.0,77.5,0.0
2009-05-10,31.5,76.5,0.0
2009-05-10,31.5,76.75,0.0
2009-05-10,31.5,77.0,0.4402622878551483
2009-05-10,31.5,77.25,0.4862665832042694
2009-05-10,31.5,77.5,0.6855683326721191
2009-05-10,31.75,76.5,0.0
2009-05-10,31.75,76.75,0.10990190505981445
2009-05-10,31.75,77.0,1.0885891914367676
2009-05-10,31.75,77.25,1.4478145837783813
2009-05-10,31.75,77.5,4.516788959503174
2009-05-10,32.0,76.5,1.477465271949768
2009-05-10,32.0,76.75,3.2750377655029297
2009-05-10,32.0,77.0,5.661945819854736
2009-05-10,32.0,77.25,5.266303539276123
2009-05-10,32.0,77.5,6.3432087898254395
2009-05-11,31.5,76.5,0.8724479079246521
2009-05-11,31.5,76.75,1.164094090461731
2009-05-11,31.5,77.0,3.192798614501953
2009-05-11,31.5,77.25,3.432013511657715
2009-05-11,31.5,77.5,3.1993186473846436
2009-05-11,31.75,76.5,0.40614086389541626
2009-05-11,31.75,76.75,2.5288572311401367
2009-05-11,31.75,77.0,5.10313081741333
2009-05-11,31.75,77.25,4.8524909019470215
2009-05-11,31.75,77.5,5.443274974822998
2009-05-11,32.0,76.5,0.6370896100997925
2009-05-11,32.0,76.75,4.8641228675842285
2009-05-11,32.0,77.0,5.99210786819458
2009-05-11,32.0,77.25,5.656642436981201
2009-05-11,32.0,77.5,5.288320064544678
2009-05-12,31.5,76.5,1.8138647079467773
2009-05-12,31.5,76.75,3.445859909057617
2009-05-12,31.5,77.0,1.991004467010498
2009-05-12,31.5,77.25,1.7375460863113403
2009-05-12,31.5,77.5,0.4750920832157135
2009-05-12,31.75,76.5,0.8146756887435913
2009-05-12,31.75,76.75,2.8063573837280273
2009-05-12,31.75,77.0,0.5060244798660278
2009-05-12,31.75,77.25,1.2687405347824097
2009-05-12,31.75,77.5,0.7109017968177795
2009-05-12,32.0,76.5,1.376956820487976
2009-05-12,32.0,76.75,1.319719910621643
2009-05-12,32.0,77.0,0.1673404723405838
2009-05-12,32.0,77.25,0.23781996965408325
2009-05-12,32.0,77.5,0.38192132115364075
2009-05-13,31.5,76.5,0.0
2009-05-13,31.5,76.75,0.0
2009-05-13,31.5,77.0,0.0
2009-05-13,31.5,77.25,0.0
2009-05-13,31.5,77.5,0.0
2009-05-13,31.75,76.5,0.0
2009-05-13,31.75,76.75,0.0
2009-05-13,31.75,77.0,0.0
2009-05-13,31.75,77.25,0.0
2009-05-13,31.75,77.5,0.0
2009-05-13,32.0,76.5,0.0
2009-05-13,32.0,76.75,0.0
2009-05-13,32.0,77.0,0.0
2009-05-13,32.0,77.25,0.0
2009-05-13,32.0,77.5,0.0
2009-05-14,31.5,76.5,0.0
2009-05-14,31.5,76.75,0.0
2009-05-14,31.5,77.0,0.0
2009-05-14,31.5,77.25,0.0
2009-05-14,31.5,77.5,0.0
2009-05-14,31.75,76.5,0.0
2009-05-14,31.75,76.75,0.0
2009-05-14,31.75,77.0,0.0
2009-05-14,31.75,77.25,0.0
2009-05-14,31.75,77.5,0.0
2009-05-14,32.0,76.5,0.0
2009-05-14,32.0,76.75,0.0
2009-05-14,32.0,77.0,0.0
2009-05-14,32.0,77.25,0.0
2009-05-14,32.0,77.5,0.0
2009-05-15,31.5,76.5,16.144933700561523
2009-05-15,31.5,76.75,12.617494583129883
2009-05-15,31.5,77.0,16.816015243530273
2009-05-15,31.5,77.25,15.302221298217773
2009-05-15,31.5,77.5,0.43098944425582886
2009-05-15,31.75,76.5,10.93775463104248
2009-05-15,31.75,76.75,38.18616485595703
2009-05-15,31.75,77.0,5.3794474601745605
2009-05-15,31.75,77.25,11.53697395324707
2009-05-15,31.75,77.5,10.733262062072754
2009-05-15,32.0,76.5,14.327902793884277
2009-05-15,32.0,76.75,19.821752548217773
2009-05-15,32.0,77.0,2.6180496215820312
2009-05-15,32.0,77.25,0.10373383015394211
2009-05-15,32.0,77.5,0.0
2009-05-16,31.5,76.5,1.2476245164871216
2009-05-16,31.5,76.75,0.0
2009-05-16,31.5,77.0,0.0
2009-05-16,31.5,77.25,0.0
2009-05-16,31.5,77.5,0.12669123709201813
2009-05-16,31.75,76.5,2.3352246284484863
2009-05-16,31.75,76.75,0.0
2009-05-16,31.75,77.0,0.0
2009-05-16,31.75,77.25,0.0
2009-05-16,31.75,77.5,0.0
2009-05-16,32.0,76.5,1.072446584701538
2009-05-16,32.0,76.75,0.0
2009-05-16,32.0,77.0,0.0
2009-05-16,32.0,77.25,0.0
2009-05-16,32.0,77.5,0.0
2009-05-17,31.5,76.5,0.0
2009-05-17,31.5,76.75,0.0
2009-05-17,31.5,77.0,0.0
2009-05-17,31.5,77.25,0.0
2009-05-17,31.5,77.5,0.0
2009-05-17,31.75,76.5,0.0
2009-05-17,31.75,76.75,0.0
2009-05-17,31.75,77.0,0.0
2009-05-17,31.75,77.25,0.0
2009-05-17,31.75,77.5,0.0
2009-05-17,32.0,76.5,0.0
2009-05-17,32.0,76.75,0.0
2009-05-17,32.0,77.0,0.0
2009-05-17,32.0,77.25,0.0
2009-05-17,32.0,77.5,0.0
2009-05-18,31.5,76.5,0.0
2009-05-18,31.5,76.75,0.0
2009-05-18,31.5,77.0,0.0
2009-05-18,31.5,77.25,0.0
2009-05-18,31.5,77.5,0.0
2009-05-18,31.75,76.5,0.0
2009-05-18,31.75,76.75,0.0
2009-05-18,31.75,77.0,0.0
2009-05-18,31.75,77.25,0.0
2009-05-18,31.75,77.5,0.0
2009-05-18,32.0,76.5,0.0
2009-05-18,32.0,76.75,0.0
2009-05-18,32.0,77.0,0.0
2009-05-18,32.0,77.25,0.0
2009-05-18,32.0,77.5,0.0
2009-05-19,31.5,76.5,0.0
2009-05-19,31.5,76.75,0.0
2009-05-19,31.5,77.0,0.0
2009-05-19,31.5,77.25,0.0
2009-05-19,31.5,77.5,0.0
2009-05-19,31.75,76.5,0.0
2009-05-19,31.75,76.75,0.0
2009-05-19,31.75,77.0,0.0
2009-05-19,31.75,77.25,0.0
2009-05-19,31.75,77.5,0.0
2009-05-19,32.0,76.5,0.0
2009-05-19,32.0,76.75,0.0
2009-05-19,32.0,77.0,0.0
2009-05-19,32.0,77.25,0.4756399393081665
2009-05-19,32.0,77.5,0.7638426423072815
2009-05-20,31.5,76.5,2.997427225112915
2009-05-20,31.5,76.75,2.624645709991455
2009-05-20,31.5,77.0,2.4452085494995117
2009-05-20,31.5,77.25,2.2683260440826416
2009-05-20,31.5,77.5,0.6855683326721191
2009-05-20,31.75,76.5,3.1401443481445312
2009-05-20,31.75,76.75,3.7538070678710938
2009-05-20,31.75,77.0,1.561908483505249
2009-05-20,31.75,77.25,1.9467259645462036
2009-05-20,31.75,77.5,1.519156813621521
2009-05-20,32.0,76.5,2.1873533725738525
2009-05-20,32.0,76.75,2.199157476425171
2009-05-20,32.0,77.0,0.9067627787590027
2009-05-20,32.0,77.25,1.8115028142929077
2009-05-20,32.0,77.5,2.3350753784179688
2009-05-21,31.5,76.5,0.0
2009-05-21,31.5,76.75,0.0
2009-05-21,31.5,77.0,0.0
2009-05-21,31.5,77.25,0.0
2009-05-21,31.5,77.5,0.0
2009-05-21,31.75,76.5,0.0
2009-05-21,31.75,76.75,0.0
2009-05-21,31.75,77.0,0.0
2009-05-21,31.75,77.25,0.0
2009-05-21,31.75,77.5,0.0
2009-05-21,32.0,76.5,0.0
2009-05-21,32.0,76.75,0.0
2009-05-21,32.0,77.0,0.0
2009-05-21,32.0,77.25,0.951279878616333
2009-05-21,32.0,77.5,1.527685284614563
2009-05-22,31.5,76.5,2.357787847518921
2009-05-22,31.5,76.75,0.9862607717514038
2009-05-22,31.5,77.0,0.32332608103752136
2009-05-22,31.5,77.25,0.2670646011829376
2009-05-22,31.5,77.5,0.0
2009-05-22,31.75,76.5,3.934255838394165
2009-05-22,31.75,76.75,0.1789684295654297
2009-05-22,31.75,77.0,0.0
2009-05-22,31.75,77.25,0.18713843822479248
2009-05-22,31.75,77.5,0.0
2009-05-22,32.0,76.5,3.2201907634735107
2009-05-22,32.0,76.75,0.0
2009-05-22,32.0,77.0,0.0
2009-05-22,32.0,77.25,0.0
2009-05-22,32.0,77.5,0.0
2009-05-23,31.5,76.5,0.0
2009-05-23,31.5,76.75,0.0
2009-05-23,31.5,77.0,0.0
2009-05-23,31.5,77.25,0.0
2009-05-23,31.5,77.5,0.0
2009-05-23,31.75,76.5,0.0
2009-05-23,31.75,76.75,0.0
2009-05-23,31.75,77.0,0.0
2009-05-23,31.75,77.25,0.0
2009-05-23,31.75,77.5,0.0
2009-05-23,32.0,76.5,0.0
2009-05-23,32.0,76.75,0.0
2009-05-23,32.0,77.0,0.0
2009-05-23,32.0,77.25,0.0
2009-05-23,32.0,77.5,0.0
2009-05-24,31.5,76.5,0.33039817214012146
2009-05-24,31.5,76.75,0.9796139597892761
2009-05-24,31.5,77.0,0.9103425145149231
2009-05-24,31.5,77.25,0.9154199957847595
2009-05-24,31.5,77.5,0.9140910506248474
2009-05-24,31.75,76.5,0.13951601088047028
2009-05-24,31.75,76.75,0.24387338757514954
2009-05-24,31.75,77.0,1.3939000368118286
2009-05-24,31.75,77.25,1.0253061056137085
2009-05-24,31.75,77.5,0.7413325905799866
2009-05-24,32.0,76.5,0.0
2009-05-24,32.0,76.75,0.5481998920440674
2009-05-24,32.0,77.0,0.9067244529724121
2009-05-24,32.0,77.25,0.8298706412315369
2009-05-24,32.0,77.5,0.5672916173934937
2009-05-25,31.5,76.5,7.69126558303833
2009-05-25,31.5,76.75,1.4994218349456787
2009-05-25,31.5,77.0,2.1839306354522705
2009-05-25,31.5,77.25,2.541238307952881
2009-05-25,31.5,77.5,0.6855683326721191
2009-05-25,31.75,76.5,12.8710298538208
2009-05-25,31.75,76.75,3.055119037628174
2009-05-25,31.75,77.0,1.394525170326233
2009-05-25,31.75,77.25,1.5241740942001343
2009-05-25,31.75,77.5,1.3047672510147095
2009-05-25,32.0,76.5,6.763760566711426
2009-05-25,32.0,76.75,1.783178448677063
2009-05-25,32.0,77.0,0.872382640838623
2009-05-25,32.0,77.25,0.6396794319152832
2009-05-25,32.0,77.5,0.4483112394809723
2009-05-26,31.5,76.5,0.0
2009-05-26,31.5,76.75,0.0
2009-05-26,31.5,77.0,0.0
2009-05-26,31.5,77.25,0.0
2009-05-26,31.5,77.5,0.0
2009-05-26,31.75,76.5,0.0
2009-05-26,31.75,76.75,0.0
2009-05-26,31.75,77.0,0.0
2009-05-26,31.75,77.25,0.7463719844818115
2009-05-26,31.75,77.5,1.3852614164352417
2009-05-26,32.0,76.5,0.0
2009-05-26,32.0,76.75,1.1595942974090576
2009-05-26,32.0,77.0,1.6207433938980103
2009-05-26,32.0,77.25,1.658842921257019
2009-05-26,32.0,77.5,1.9907217025756836
2009-05-27,31.5,76.5,0.0
2009-05-27,31.5,76.75,0.0
2009-05-27,31.5,77.0,0.0
2009-05-27,31.5,77.25,0.0
2009-05-27,31.5,77.5,0.0
2009-05-27,31.75,76.5,0.0
2009-05-27,31.75,76.75,0.0
2009-05-27,31.75,77.0,0.0
2009-05-27,31.75,77.25,0.0
2009-05-27,31.75,77.5,0.0
2009-05-27,32.0,76.5,0.0
2009-05-27,32.0,76.75,0.0
2009-05-27,32.0,77.0,0.0
2009-05-27,32.0,77.25,0.0
2009-05-27,32.0,77.5,0.0
2009-05-28,31.5,76.5,0.0
2009-05-28,31.5,76.75,0.10548180341720581
2009-05-28,31.5,77.0,0.3992178440093994
2009-05-28,31.5,77.25,0.4319286048412323
2009-05-28,31.5,77.5,0.5713068842887878
2009-05-28,31.75,76.5,0.0
2009-05-28,31.75,76.75,0.10131867229938507
2009-05-28,31.75,77.0,0.8404895663261414
2009-05-28,31.75,77.25,0.5425686836242676
2009-05-28,31.75,77.5,0.463332861661911
2009-05-28,32.0,76.5,1.723709225654602
2009-05-28,32.0,76.75,0.3426249325275421
2009-05-28,32.0,77.0,0.5667027831077576
2009-05-28,32.0,77.25,1.113219141960144
2009-05-28,32.0,77.5,1.3093605041503906
2009-05-29,31.5,76.5,1.8013488054275513
2009-05-29,31.5,76.75,3.6737453937530518
2009-05-29,31.5,77.0,1.2286391258239746
2009-05-29,31.5,77.25,1.0148454904556274
2009-05-29,31.5,77.5,0.41174647212028503
2009-05-29,31.75,76.5,1.5518215894699097
2009-05-29,31.75,76.75,0.39186015725135803
2009-05-29,31.75,77.0,0.22219468653202057
2009-05-29,31.75,77.25,0.7111260294914246
2009-05-29,31.75,77.5,0.0
2009-05-29,32.0,76.5,0.4691953659057617
2009-05-29,32.0,76.75,0.0
2009-05-29,32.0,77.0,0.0
2009-05-29,32.0,77.25,0.23781996965408325
2009-05-29,32.0,77.5,0.38192132115364075
2009-05-30,31.5,76.5,5.671565055847168
2009-05-30,31.5,76.75,8.520627975463867
2009-05-30,31.5,77.0,7.407872676849365
2009-05-30,31.5,77.25,6.779255390167236
2009-05-30,31.5,77.5,2.568488359451294
2009-05-30,31.75,76.5,2.607173204421997
2009-05-30,31.75,76.75,11.793952941894531
2009-05-30,31.75,77.0,3.8960444927215576
2009-05-30,31.75,77.25,5.573122024536133
2009-05-30,31.75,77.5,4.284062385559082
2009-05-30,32.0,76.5,6.292314529418945
2009-05-30,32.0,76.75,6.623203754425049
2009-05-30,32.0,77.0,2.184699058532715
2009-05-30,32.0,77.25,2.5203256607055664
2009-05-30,32.0,77.5,2.8416848182678223
2009-05-31,31.5,76.5,3.822643280029297
2009-05-31,31.5,76.75,5.624671936035156
2009-05-31,31.5,77.0,5.085797309875488
2009-05-31,31.5,77.25,4.673943519592285
2009-05-31,31.5,77.5,1.560575246810913
2009-05-31,31.75,76.5,1.760398507118225
2009-05-31,31.75,76.75,8.116129875183105
2009-05-31,31.75,77.0,2.8173797130584717
2009-05-31,31.75,77.25,3.8845672607421875
2009-05-31,31.75,77.5,3.0279719829559326
2009-05-31,32.0,76.5,3.8846261501312256
2009-05-31,32.0,76.75,4.619884490966797
2009-05-31,32.0,77.0,1.5983574390411377
2009-05-31,32.0,77.25,1.0027477741241455
2009-05-31,32.0,77.5,0.6965013146400452
2009-06-01,31.5,76.5,9.042967796325684
2009-06-01,31.5,76.75,3.0615429878234863
2009-06-01,31.5,77.0,5.280011177062988
2009-06-01,31.5,77.25,5.268476963043213
2009-06-01,31.5,77.5,3.999148368835449
2009-06-01,31.75,76.5,12.02475643157959
2009-06-01,31.75,76.75,6.249274730682373
2009-06-01,31.75,77.0,6.701933860778809
2009-06-01,31.75,77.25,6.113941192626953
2009-06-01,31.75,77.5,6.205324649810791
2009-06-01,32.0,76.5,14.667372703552246
2009-06-01,32.0,76.75,6.316143989562988
2009-06-01,32.0,77.0,6.105181694030762
2009-06-01,32.0,77.25,5.407467842102051
2009-06-01,32.0,77.5,4.658204555511475
2009-06-02,31.5,76.5,0.0
2009-06-02,31.5,76.75,0.10727237164974213
2009-06-02,31.5,77.0,0.47259488701820374
2009-06-02,31.5,77.25,0.5129730701446533
2009-06-02,31.5,77.5,0.6855683326721191
2009-06-02,31.75,76.5,0.0
2009-06-02,31.75,76.75,0.11963565647602081
2009-06-02,31.75,77.0,1.0074180364608765
2009-06-02,31.75,77.25,0.6473397016525269
2009-06-02,31.75,77.5,0.7949381470680237
2009-06-02,32.0,76.5,0.2748037576675415
2009-06-02,32.0,76.75,0.5669413805007935
2009-06-02,32.0,77.0,0.9936542510986328
2009-06-02,32.0,77.25,0.8988257050514221
2009-06-02,32.0,77.5,0.7909490466117859
2009-06-03,31.5,76.5,0.0
2009-06-03,31.5,76.75,0.0
2009-06-03,31.5,77.0,0.0
2009-06-03,31.5,77.25,0.0
2009-06-03,31.5,77.5,0.0
2009-06-03,31.75,76.5,0.0
2009-06-03,31.75,76.75,0.0
2009-06-03,31.75,77.0,0.0
2009-06-03,31.75,77.25,0.3640839159488678
2009-06-03,31.75,77.5,0.8411003947257996
2009-06-03,32.0,76.5,0.0
2009-06-03,32.0,76.75,0.6734748482704163
2009-06-03,32.0,77.0,1.0076481103897095
2009-06-03,32.0,77.25,1.0242784023284912
2009-06-03,32.0,77.5,1.2622150182724
2009-06-04,31.5,76.5,0.0
2009-06-04,31.5,76.75,0.0
2009-06-04,31.5,77.0,0.0
2009-06-04,31.5,77.25,0.0
2009-06-04,31.5,77.5,0.31880417466163635
2009-06-04,31.75,76.5,0.0
2009-06-04,31.75,76.75,0.0
2009-06-04,31.75,77.0,0.0
2009-06-04,31.75,77.25,0.0
2009-06-04,31.75,77.5,0.0
2009-06-04,32.0,76.5,0.0
2009-06-04,32.0,76.75,0.0
2009-06-04,32.0,77.0,0.0
2009-06-04,32.0,77.25,0.0
2009-06-04,32.0,77.5,0.0
2009-06-05,31.5,76.5,0.0
2009-06-05,31.5,76.75,0.0
2009-06-05,31.5,77.0,0.3322627544403076
2009-06-05,31.5,77.25,0.7011380791664124
2009-06-05,31.5,77.5,0.0
2009-06-05,31.75,76.5,0.0
2009-06-05,31.75,76.75,0.0
2009-06-05,31.75,77.0,0.0
2009-06-05,31.75,77.25,0.0
2009-06-05,31.75,77.5,0.0
2009-06-05,32.0,76.5,0.0
2009-06-05,32.0,76.75,0.0
2009-06-05,32.0,77.0,0.0
2009-06-05,32.0,77.25,0.0
2009-06-05,32.0,77.5,0.0
2009-06-06,31.5,76.5,5.56947135925293
2009-06-06,31.5,76.75,10.516371726989746
2009-06-06,31.5,77.0,5.523677825927734
2009-06-06,31.5,77.25,5.019782543182373
2009-06-06,31.5,77.5,3.7546067237854004
2009-06-06,31.75,76.5,3.0624821186065674
2009-06-06,31.75,76.75,3.256897449493408
2009-06-06,31.75,77.0,4.026739597320557
2009-06-06,31.75,77.25,4.467111110687256
2009-06-06,31.75,77.5,2.5270471572875977
2009-06-06,32.0,76.5,1.2137953042984009
2009-06-06,32.0,76.75,2.436913251876831
2009-06-06,32.0,77.0,2.5912373065948486
2009-06-06,32.0,77.25,2.2473654747009277
2009-06-06,32.0,77.5,1.71279776096344
2009-06-07,31.5,76.5,1.6845946311950684
2009-06-07,31.5,76.75,4.107907295227051
2009-06-07,31.5,77.0,2.6999704837799072
2009-06-07,31.5,77.25,2.5378127098083496
2009-06-07,31.5,77.5,1.4853978157043457
2009-06-07,31.75,76.5,0.7333599925041199
2009-06-07,31.75,76.75,1.7604693174362183
2009-06-07,31.75,77.0,2.638775110244751
2009-06-07,31.75,77.25,3.244372844696045
2009-06-07,31.75,77.5,4.754757404327393
2009-06-07,32.0,76.5,0.3716356158256531
2009-06-07,32.0,76.75,3.8736038208007812
2009-06-07,32.0,77.0,5.570468902587891
2009-06-07,32.0,77.25,5.264805793762207
2009-06-07,32.0,77.5,5.911266326904297
2009-06-08,31.5,76.5,0.0
2009-06-08,31.5,76.75,0.0
2009-06-08,31.5,77.0,0.0
2009-06-08,31.5,77.25,0.0
2009-06-08,31.5,77.5,0.0
2009-06-08,31.75,76.5,0.0
2009-06-08,31.75,76.75,0.0
2009-06-08,31.75,77.0,0.0
2009-06-08,31.75,77.25,0.1820419579744339
2009-06-08,31.75,77.5,0.31601449847221375
2009-06-08,32.0,76.5,0.0
2009-06-08,32.0,76.75,0.2685786783695221
2009-06-08,32.0,77.0,0.3666193187236786
2009-06-08,32.0,77.25,0.49822330474853516
2009-06-08,32.0,77.5,0.6430744528770447
2009-06-09,31.5,76.5,0.0
2009-06-09,31.5,76.75,0.0
2009-06-09,31.5,77.0,0.0
2009-06-09,31.5,77.25,0.0
2009-06-09,31.5,77.5,0.0
2009-06-09,31.75,76.5,0.0
2009-06-09,31.75,76.75,0.0
2009-06-09,31.75,77.0,0.0
2009-06-09,31.75,77.25,0.0
2009-06-09,31.75,77.5,0.0
2009-06-09,32.0,76.5,0.0
2009-06-09,32.0,76.75,0.0
2009-06-09,32.0,77.0,0.0
2009-06-09,32.0,77.25,0.1308009773492813
2009-06-09,32.0,77.5,0.21005673706531525
2009-06-10,31.5,76.5,0.0
2009-06-10,31.5,76.75,0.0
2009-06-10,31.5,77.0,0.0
2009-06-10,31.5,77.25,0.0
2009-06-10,31.5,77.5,0.0
2009-06-10,31.75,76.5,0.0
2009-06-10,31.75,76.75,0.0
2009-06-10,31.75,77.0,0.0
2009-06-10,31.75,77.25,0.0
2009-06-10,31.75,77.5,0.0
2009-06-10,32.0,76.5,0.0
2009-06-10,32.0,76.75,0.0
2009-06-10,32.0,77.0,0.0
2009-06-10,32.0,77.25,0.0
2009-06-10,32.0,77.5,0.0
2009-06-11,31.5,76.5,0.0
2009-06-11,31.5,76.75,0.0
2009-06-11,31.5,77.0,0.0
2009-06-11,31.5,77.25,0.0
2009-06-11,31.5,77.5,0.0
2009-06-11,31.75,76.5,0.0
2009-06-11,31.75,76.75,0.0
2009-06-11,31.75,77.0,0.0
2009-06-11,31.75,77.25,0.0
2009-06-11,31.75,77.5,0.0
2009-06-11,32.0,76.5,0.0
2009-06-11,32.0,76.75,0.0
2009-06-11,32.0,77.0,0.0
2009-06-11,32.0,77.25,0.0
2009-06-11,32.0,77.5,0.0
2009-06-12,31.5,76.5,0.1321592777967453
2009-06-12,31.5,76.75,0.3861157298088074
2009-06-12,31.5,77.0,0.12933044135570526
2009-06-12,31.5,77.25,0.10682584345340729
2009-06-12,31.5,77.5,0.0
2009-06-12,31.75,76.5,0.0
2009-06-12,31.75,76.75,0.0
2009-06-12,31.75,77.0,0.0
2009-06-12,31.75,77.25,0.0
2009-06-12,31.75,77.5,0.0
2009-06-12,32.0,76.5,0.0
2009-06-12,32.0,76.75,0.0
2009-06-12,32.0,77.0,0.0
2009-06-12,32.0,77.25,0.1426919847726822
2009-06-12,32.0,77.5,0.22915279865264893
2009-06-13,31.5,76.5,0.0
2009-06-13,31.5,76.75,0.0
2009-06-13,31.5,77.0,0.0
2009-06-13,31.5,77.25,0.0
2009-06-13,31.5,77.5,0.0
2009-06-13,31.75,76.5,0.0
2009-06-13,31.75,76.75,0.0
2009-06-13,31.75,77.0,0.0
2009-06-13,31.75,77.25,0.0
2009-06-13,31.75,77.5,0.0
2009-06-13,32.0,76.5,0.0
2009-06-13,32.0,76.75,0.0
2009-06-13,32.0,77.0,0.0
2009-06-13,32.0,77.25,0.0
2009-06-13,32.0,77.5,0.15276852250099182
2009-06-14,31.5,76.5,0.1321592777967453
2009-06-14,31.5,76.75,0.3861157298088074
2009-06-14,31.5,77.0,0.12933044135570526
2009-06-14,31.5,77.25,0.10682584345340729
2009-06-14,31.5,77.5,0.0
2009-06-14,31.75,76.5,0.0
2009-06-14,31.75,76.75,0.0
2009-06-14,31.75,77.0,0.0
2009-06-14,31.75,77.25,0.0
2009-06-14,31.75,77.5,0.0
2009-06-14,32.0,76.5,0.0
2009-06-14,32.0,76.75,0.0
2009-06-14,32.0,77.0,0.0
2009-06-14,32.0,77.25,0.0
2009-06-14,32.0,77.5,0.0
2009-06-15,31.5,76.5,5.153725624084473
2009-06-15,31.5,76.75,0.5440303087234497
2009-06-15,31.5,77.0,7.396690845489502
2009-06-15,31.5,77.25,7.0224714279174805
2009-06-15,31.5,77.5,1.0283523797988892
2009-06-15,31.75,76.5,2.558316469192505
2009-06-15,31.75,76.75,19.492570877075195
2009-06-15,31.75,77.0,3.878256320953369
2009-06-15,31.75,77.25,5.881422519683838
2009-06-15,31.75,77.5,7.105640411376953
2009-06-15,32.0,76.5,6.450531959533691
2009-06-15,32.0,76.75,11.461214065551758
2009-06-15,32.0,77.0,3.215653419494629
2009-06-15,32.0,77.25,1.7519690990447998
2009-06-15,32.0,77.5,1.6856433153152466
2009-06-16,31.5,76.5,0.2299480438232422
2009-06-16,31.5,76.75,0.0
2009-06-16,31.5,77.0,0.0
2009-06-16,31.5,77.25,0.0
2009-06-16,31.5,77.5,0.0
2009-06-16,31.75,76.5,0.25445809960365295
2009-06-16,31.75,76.75,0.0
2009-06-16,31.75,77.0,0.0
2009-06-16,31.75,77.25,0.30947133898735046
2009-06-16,31.75,77.5,0.895632803440094
2009-06-16,32.0,76.5,7.687727451324463
2009-06-16,32.0,76.75,0.6902709007263184
2009-06-16,32.0,77.0,1.0936691761016846
2009-06-16,32.0,77.25,1.1664855480194092
2009-06-16,32.0,77.5,1.4886785745620728
2009-06-17,31.5,76.5,10.83311939239502
2009-06-17,31.5,76.75,13.316182136535645
2009-06-17,31.5,77.0,19.333635330200195
2009-06-17,31.5,77.25,19.144550323486328
2009-06-17,31.5,77.5,12.490583419799805
2009-06-17,31.75,76.5,4.737708568572998
2009-06-17,31.75,76.75,24.590646743774414
2009-06-17,31.75,77.0,20.616043090820312
2009-06-17,31.75,77.25,21.85548973083496
2009-06-17,31.75,77.5,29.174964904785156
2009-06-17,32.0,76.5,8.63004207611084
2009-06-17,32.0,76.75,28.498973846435547
2009-06-17,32.0,77.0,29.861909866333008
2009-06-17,32.0,77.25,26.680164337158203
2009-06-17,32.0,77.5,27.687397003173828
2009-06-18,31.5,76.5,0.0
2009-06-18,31.5,76.75,0.0
2009-06-18,31.5,77.0,0.0
2009-06-18,31.5,77.25,0.0
2009-06-18,31.5,77.5,0.0
2009-06-18,31.75,76.5,0.0
2009-06-18,31.75,76.75,0.0
2009-06-18,31.75,77.0,0.0
2009-06-18,31.75,77.25,0.0
2009-06-18,31.75,77.5,1.1050916910171509
2009-06-18,32.0,76.5,0.0
2009-06-18,32.0,76.75,0.7205353379249573
2009-06-18,32.0,77.0,1.4504501819610596
2009-06-18,32.0,77.25,1.3973647356033325
2009-06-18,32.0,77.5,1.8813071250915527
2009-06-19,31.5,76.5,0.0
2009-06-19,31.5,76.75,0.0
2009-06-19,31.5,77.0,0.0
2009-06-19,31.5,77.25,0.0
2009-06-19,31.5,77.5,0.0
2009-06-19,31.75,76.5,0.0
2009-06-19,31.75,76.75,0.0
2009-06-19,31.75,77.0,0.0
2009-06-19,31.75,77.25,0.0
2009-06-19,31.75,77.5,0.0
2009-06-19,32.0,76.5,0.0
2009-06-19,32.0,76.75,0.0
2009-06-19,32.0,77.0,0.0
2009-06-19,32.0,77.25,0.1426919847726822
2009-06-19,32.0,77.5,0.22915279865264893
2009-06-20,31.5,76.5,0.0
2009-06-20,31.5,76.75,0.0
2009-06-20,31.5,77.0,0.0
2009-06-20,31.5,77.25,0.0
2009-06-20,31.5,77.5,0.0
2009-06-20,31.75,76.5,0.0
2009-06-20,31.75,76.75,0.0
2009-06-20,31.75,77.0,0.0
2009-06-20,31.75,77.25,0.0
2009-06-20,31.75,77.5,0.0
2009-06-20,32.0,76.5,0.0
2009-06-20,32.0,76.75,0.0
2009-06-20,32.0,77.0,0.0
2009-06-20,32.0,77.25,0.0
2009-06-20,32.0,77.5,0.0
2009-06-21,31.5,76.5,0.0
2009-06-21,31.5,76.75,0.0
2009-06-21,31.5,77.0,0.0
2009-06-21,31.5,77.25,0.0
2009-06-21,31.5,77.5,0.0
2009-06-21,31.75,76.5,0.0
2009-06-21,31.75,76.75,0.0
2009-06-21,31.75,77.0,0.0
2009-06-21,31.75,77.25,0.0
2009-06-21,31.75,77.5,0.0
2009-06-21,32.0,76.5,0.0
2009-06-21,32.0,76.75,0.0
2009-06-21,32.0,77.0,0.0
2009-06-21,32.0,77.25,0.0
2009-06-21,32.0,77.5,0.0
2009-06-22,31.5,76.5,8.6553955078125
2009-06-22,31.5,76.75,0.0
2009-06-22,31.5,77.0,0.0
2009-06-22,31.5,77.25,0.0
2009-06-22,31.5,77.5,0.0
2009-06-22,31.75,76.5,16.200620651245117
2009-06-22,31.75,76.75,0.34850117564201355
2009-06-22,31.75,77.0,0.0
2009-06-22,31.75,77.25,0.0
2009-06-22,31.75,77.5,0.0
2009-06-22,32.0,76.5,7.440098285675049
2009-06-22,32.0,76.75,0.0
2009-06-22,32.0,77.0,0.0
2009-06-22,32.0,77.25,0.0
2009-06-22,32.0,77.5,0.0
2009-06-23,31.5,76.5,0.0
2009-06-23,31.5,76.75,0.0
2009-06-23,31.5,77.0,0.0
2009-06-23,31.5,77.25,0.0
2009-06-23,31.5,77.5,0.0
2009-06-23,31.75,76.5,0.0
2009-06-23,31.75,76.75,0.0
2009-06-23,31.75,77.0,0.0
2009-06-23,31.75,77.25,0.0
2009-06-23,31.75,77.5,0.0
2009-06-23,32.0,76.5,0.0
2009-06-23,32.0,76.75,0.0
2009-06-23,32.0,77.0,0.0
2009-06-23,32.0,77.25,0.0
2009-06-23,32.0,77.5,0.0
2009-06-24,31.5,76.5,0.0
2009-06-24,31.5,76.75,0.0
2009-06-24,31.5,77.0,0.0
2009-06-24,31.5,77.25,0.0
2009-06-24,31.5,77.5,0.0
2009-06-24,31.75,76.5,0.0
2009-06-24,31.75,76.75,0.0
2009-06-24,31.75,77.0,0.0
2009-06-24,31.75,77.25,0.0
2009-06-24,31.75,77.5,0.0
2009-06-24,32.0,76.5,0.0
2009-06-24,32.0,76.75,0.0
2009-06-24,32.0,77.0,0.0
2009-06-24,32.0,77.25,0.0
2009-06-24,32.0,77.5,0.0
2009-06-25,31.5,76.5,0.0
2009-06-25,31.5,76.75,0.0
2009-06-25,31.5,77.0,0.0
2009-06-25,31.5,77.25,0.0
2009-06-25,31.5,77.5,0.0
2009-06-25,31.75,76.5,0.0
2009-06-25,31.75,76.75,0.0
2009-06-25,31.75,77.0,0.0
2009-06-25,31.75,77.25,0.0
2009-06-25,31.75,77.5,0.0
2009-06-25,32.0,76.5,0.0
2009-06-25,32.0,76.75,0.0
2009-06-25,32.0,77.0,0.0
2009-06-25,32.0,77.25,0.0
2009-06-25,32.0,77.5,0.0
2009-06-26,31.5,76.5,0.0
2009-06-26,31.5,76.75,0.0
2009-06-26,31.5,77.0,0.0
2009-06-26,31.5,77.25,0.0
2009-06-26,31.5,77.5,0.0
2009-06-26,31.75,76.5,0.0
2009-06-26,31.75,76.75,0.0
2009-06-26,31.75,77.0,0.0
2009-06-26,31.75,77.25,0.0
2009-06-26,31.75,77.5,0.0
2009-06-26,32.0,76.5,0.0
2009-06-26,32.0,76.75,0.0
2009-06-26,32.0,77.0,0.0
2009-06-26,32.0,77.25,0.0
2009-06-26,32.0,77.5,0.0
2009-06-27,31.5,76.5,0.0
2009-06-27,31.5,76.75,0.0
2009-06-27,31.5,77.0,0.0
2009-06-27,31.5,77.25,0.0
2009-06-27,31.5,77.5,0.0
2009-06-27,31.75,76.5,0.0
2009-06-27,31.75,76.75,0.0
2009-06-27,31.75,77.0,0.0
2009-06-27,31.75,77.25,0.0
2009-06-27,31.75,77.5,0.0
2009-06-27,32.0,76.5,0.0
2009-06-27,32.0,76.75,0.0
2009-06-27,32.0,77.0,0.0
2009-06-27,32.0,77.25,0.0
2009-06-27,32.0,77.5,0.0
2009-06-28,31.5,76.5,10.994690895080566
2009-06-28,31.5,76.75,0.11372961103916168
2009-06-28,31.5,77.0,0.0
2009-06-28,31.5,77.25,0.0
2009-06-28,31.5,77.5,0.6376083493232727
2009-06-28,31.75,76.5,20.579166412353516
2009-06-28,31.75,76.75,0.4426906704902649
2009-06-28,31.75,77.0,0.0
2009-06-28,31.75,77.25,0.0
2009-06-28,31.75,77.5,0.358408123254776
2009-06-28,32.0,76.5,9.450935363769531
2009-06-28,32.0,76.75,0.2336871325969696
2009-06-28,32.0,77.0,0.4704163074493408
2009-06-28,32.0,77.25,0.41463395953178406
2009-06-28,32.0,77.5,0.5482204556465149
2009-06-29,31.5,76.5,18.373201370239258
2009-06-29,31.5,76.75,23.305278778076172
2009-06-29,31.5,77.0,22.769838333129883
2009-06-29,31.5,77.25,21.937952041625977
2009-06-29,31.5,77.5,0.0
2009-06-29,31.75,76.5,8.55711841583252
2009-06-29,31.75,76.75,42.6440315246582
2009-06-29,31.75,77.0,6.3047380447387695
2009-06-29,31.75,77.25,14.562108039855957
2009-06-29,31.75,77.5,12.086835861206055
2009-06-29,32.0,76.5,25.304784774780273
2009-06-29,32.0,76.75,21.980236053466797
2009-06-29,32.0,77.0,3.2631099224090576
2009-06-29,32.0,77.25,0.5209031105041504
2009-06-29,32.0,77.5,0.6343803405761719
2009-06-30,31.5,76.5,37.40127182006836
2009-06-30,31.5,76.75,93.80804443359375
2009-06-30,31.5,77.0,38.76716995239258
2009-06-30,31.5,77.25,33.44004821777344
2009-06-30,31.5,77.5,3.4396731853485107
2009-06-30,31.75,76.5,16.65764617919922
2009-06-30,31.75,76.75,25.169221878051758
2009-06-30,31.75,77.0,12.037253379821777
2009-06-30,31.75,77.25,25.5478458404541
2009-06-30,31.75,77.5,10.675325393676758
2009-06-30,32.0,76.5,30.58045768737793
2009-06-30,32.0,76.75,12.778332710266113
2009-06-30,32.0,77.0,8.818233489990234
2009-06-30,32.0,77.25,7.230217933654785
2009-06-30,32.0,77.5,7.567047595977783
2009-07-01,31.5,76.5,6.009909152984619
2009-07-01,31.5,76.75,8.0745267868042
2009-07-01,31.5,77.0,4.143744945526123
2009-07-01,31.5,77.25,4.515406608581543
2009-07-01,31.5,77.5,1.8105403184890747
2009-07-01,31.75,76.5,3.621009349822998
2009-07-01,31.75,76.75,2.757627487182617
2009-07-01,31.75,77.0,0.7186399102210999
2009-07-01,31.75,77.25,2.0284149646759033
2009-07-01,31.75,77.5,0.8490490913391113
2009-07-01,32.0,76.5,2.6351475715637207
2009-07-01,32.0,76.75,1.2164580821990967
2009-07-01,32.0,77.0,0.5215674638748169
2009-07-01,32.0,77.25,0.3455283045768738
2009-07-01,32.0,77.5,0.4568503797054291
2009-07-02,31.5,76.5,0.4453836679458618
2009-07-02,31.5,76.75,0.0
2009-07-02,31.5,77.0,0.5821491479873657
2009-07-02,31.5,77.25,0.5438457131385803
2009-07-02,31.5,77.5,0.9564125537872314
2009-07-02,31.75,76.5,0.22108906507492065
2009-07-02,31.75,76.75,1.6702966690063477
2009-07-02,31.75,77.0,0.20415489375591278
2009-07-02,31.75,77.25,0.41577014327049255
2009-07-02,31.75,77.5,0.5114459991455078
2009-07-02,32.0,76.5,0.5574533939361572
2009-07-02,32.0,76.75,0.9134777188301086
2009-07-02,32.0,77.0,0.1525610387325287
2009-07-02,32.0,77.25,0.15346281230449677
2009-07-02,32.0,77.5,0.2366456836462021
2009-07-03,31.5,76.5,3.6266958713531494
2009-07-03,31.5,76.75,0.3714958727359772
2009-07-03,31.5,77.0,4.740357875823975
2009-07-03,31.5,77.25,4.428458213806152
2009-07-03,31.5,77.5,1.1158146858215332
2009-07-03,31.75,76.5,1.986051321029663
2009-07-03,31.75,76.75,13.600987434387207
2009-07-03,31.75,77.0,1.6836755275726318
2009-07-03,31.75,77.25,3.585803508758545
2009-07-03,31.75,77.5,5.881878852844238
2009-07-03,32.0,76.5,5.207952499389648
2009-07-03,32.0,76.75,8.626774787902832
2009-07-03,32.0,77.0,3.4432263374328613
2009-07-03,32.0,77.25,2.449571371078491
2009-07-03,32.0,77.5,3.2316620349884033
2009-07-04,31.5,76.5,0.0
2009-07-04,31.5,76.75,0.0
2009-07-04,31.5,77.0,0.5842800140380859
2009-07-04,31.5,77.25,0.9008643627166748
2009-07-04,31.5,77.5,0.5141761898994446
2009-07-04,31.75,76.5,0.0
2009-07-04,31.75,76.75,0.0
2009-07-04,31.75,77.0,0.7511780261993408
2009-07-04,31.75,77.25,0.47146934270858765
2009-07-04,31.75,77.5,0.41699957847595215
2009-07-04,32.0,76.5,0.738732635974884
2009-07-04,32.0,76.75,0.3083624243736267
2009-07-04,32.0,77.0,0.5100324749946594
2009-07-04,32.0,77.25,0.4668022394180298
2009-07-04,32.0,77.5,0.3191015422344208
2009-07-05,31.5,76.5,0.0
2009-07-05,31.5,76.75,0.0
2009-07-05,31.5,77.0,0.0
2009-07-05,31.5,77.25,0.0
2009-07-05,31.5,77.5,0.0
2009-07-05,31.75,76.5,0.0
2009-07-05,31.75,76.75,0.0
2009-07-05,31.75,77.0,0.0
2009-07-05,31.75,77.25,0.0
2009-07-05,31.75,77.5,0.0
2009-07-05,32.0,76.5,0.0
2009-07-05,32.0,76.75,0.0
2009-07-05,32.0,77.0,0.0
2009-07-05,32.0,77.25,0.0
2009-07-05,32.0,77.5,0.0
2009-07-06,31.5,76.5,0.0
2009-07-06,31.5,76.75,0.0
2009-07-06,31.5,77.0,0.0
2009-07-06,31.5,77.25,0.0
2009-07-06,31.5,77.5,0.0
2009-07-06,31.75,76.5,0.0
2009-07-06,31.75,76.75,0.0
2009-07-06,31.75,77.0,0.0
2009-07-06,31.75,77.25,0.0
2009-07-06,31.75,77.5,0.0
2009-07-06,32.0,76.5,0.0
2009-07-06,32.0,76.75,0.0
2009-07-06,32.0,77.0,0.0
2009-07-06,32.0,77.25,0.0
2009-07-06,32.0,77.5,0.0
2009-07-07,31.5,76.5,0.0
2009-07-07,31.5,76.75,0.0
2009-07-07,31.5,77.0,0.0
2009-07-07,31.5,77.25,0.0
2009-07-07,31.5,77.5,0.7970104217529297
2009-07-07,31.75,76.5,0.0
2009-07-07,31.75,76.75,0.0
2009-07-07,31.75,77.0,0.0
2009-07-07,31.75,77.25,0.0
2009-07-07,31.75,77.5,0.0
2009-07-07,32.0,76.5,0.0
2009-07-07,32.0,76.75,0.0
2009-07-07,32.0,77.0,0.0
2009-07-07,32.0,77.25,0.0
2009-07-07,32.0,77.5,0.0
2009-07-08,31.5,76.5,2.1476521492004395
2009-07-08,31.5,76.75,0.5993384718894958
2009-07-08,31.5,77.0,0.1939956545829773
2009-07-08,31.5,77.25,0.16023877263069153
2009-07-08,31.5,77.5,2.570687770843506
2009-07-08,31.75,76.5,3.7324981689453125
2009-07-08,31.75,76.75,0.13689376413822174
2009-07-08,31.75,77.0,0.0
2009-07-08,31.75,77.25,0.11228306591510773
2009-07-08,31.75,77.5,0.2986734211444855
2009-07-08,32.0,76.5,1.6756978034973145
2009-07-08,32.0,76.75,0.19473928213119507
2009-07-08,32.0,77.0,0.3920135498046875
2009-07-08,32.0,77.25,0.3455283045768738
2009-07-08,32.0,77.5,0.4568503797054291
2009-07-09,31.5,76.5,5.461799621582031
2009-07-09,31.5,76.75,1.3323205709457397
2009-07-09,31.5,77.0,0.7807019948959351
2009-07-09,31.5,77.25,0.6838503479957581
2009-07-09,31.5,77.5,4.028674602508545
2009-07-09,31.75,76.5,9.353597640991211
2009-07-09,31.75,76.75,1.352050542831421
2009-07-09,31.75,77.0,0.2526729106903076
2009-07-09,31.75,77.25,0.9739705324172974
2009-07-09,31.75,77.5,1.3288291692733765
2009-07-09,32.0,76.5,16.237350463867188
2009-07-09,32.0,76.75,1.3880528211593628
2009-07-09,32.0,77.0,1.2977946996688843
2009-07-09,32.0,77.25,1.2280843257904053
2009-07-09,32.0,77.5,1.4952912330627441
2009-07-10,31.5,76.5,7.911778450012207
2009-07-10,31.5,76.75,12.51893424987793
2009-07-10,31.5,77.0,8.8612699508667
2009-07-10,31.5,77.25,8.120858192443848
2009-07-10,31.5,77.5,10.0465087890625
2009-07-10,31.75,76.5,3.5608396530151367
2009-07-10,31.75,76.75,14.270673751831055
2009-07-10,31.75,77.0,2.3311033248901367
2009-07-10,31.75,77.25,5.604910850524902
2009-07-10,31.75,77.5,3.7609000205993652
2009-07-10,32.0,76.5,4.628249168395996
2009-07-10,32.0,76.75,6.981744289398193
2009-07-10,32.0,77.0,0.8852851390838623
2009-07-10,32.0,77.25,0.0
2009-07-10,32.0,77.5,0.0
2009-07-11,31.5,76.5,0.1321592777967453
2009-07-11,31.5,76.75,0.3861157298088074
2009-07-11,31.5,77.0,0.42901840806007385
2009-07-11,31.5,77.25,0.739224910736084
2009-07-11,31.5,77.5,0.6376083493232727
2009-07-11,31.75,76.5,0.361156165599823
2009-07-11,31.75,76.75,0.0
2009-07-11,31.75,77.0,0.0
2009-07-11,31.75,77.25,0.3479183316230774
2009-07-11,31.75,77.5,1.1609705686569214
2009-07-11,32.0,76.5,1.099215030670166
2009-07-11,32.0,76.75,0.8507683277130127
2009-07-11,32.0,77.0,1.451560139656067
2009-07-11,32.0,77.25,1.3636850118637085
2009-07-11,32.0,77.5,1.728926658630371
2009-07-12,31.5,76.5,3.453334093093872
2009-07-12,31.5,76.75,0.23884449899196625
2009-07-12,31.5,77.0,2.9612038135528564
2009-07-12,31.5,77.25,2.858304738998413
2009-07-12,31.5,77.5,1.4294285774230957
2009-07-12,31.75,76.5,3.4377756118774414
2009-07-12,31.75,76.75,8.322179794311523
2009-07-12,31.75,77.0,1.0110528469085693
2009-07-12,31.75,77.25,2.059051990509033
2009-07-12,31.75,77.5,2.7732362747192383
2009-07-12,32.0,76.5,4.660942077636719
2009-07-12,32.0,76.75,4.680608749389648
2009-07-12,32.0,77.0,1.071017861366272
2009-07-12,32.0,77.25,0.4491867423057556
2009-07-12,32.0,77.5,0.5939054489135742
2009-07-13,31.5,76.5,20.600502014160156
2009-07-13,31.5,76.75,37.97050476074219
2009-07-13,31.5,77.0,22.335121154785156
2009-07-13,31.5,77.25,20.541662216186523
2009-07-13,31.5,77.5,0.0
2009-07-13,31.75,76.5,10.981851577758789
2009-07-13,31.75,76.75,29.552640914916992
2009-07-13,31.75,77.0,5.687242031097412
2009-07-13,31.75,77.25,16.277891159057617
2009-07-13,31.75,77.5,13.96859359741211
2009-07-13,32.0,76.5,32.13114929199219
2009-07-13,32.0,76.75,18.963136672973633
2009-07-13,32.0,77.0,9.632647514343262
2009-07-13,32.0,77.25,7.977291107177734
2009-07-13,32.0,77.5,9.891749382019043
2009-07-14,31.5,76.5,10.008764266967773
2009-07-14,31.5,76.75,21.032909393310547
2009-07-14,31.5,77.0,10.814862251281738
2009-07-14,31.5,77.25,9.874221801757812
2009-07-14,31.5,77.5,6.113814830780029
2009-07-14,31.75,76.5,5.906757354736328
2009-07-14,31.75,76.75,6.926903247833252
2009-07-14,31.75,77.0,7.006863117218018
2009-07-14,31.75,77.25,9.579526901245117
2009-07-14,31.75,77.5,9.421517372131348
2009-07-14,32.0,76.5,10.112921714782715
2009-07-14,32.0,76.75,8.297979354858398
2009-07-14,32.0,77.0,10.462124824523926
2009-07-14,32.0,77.25,9.746654510498047
2009-07-14,32.0,77.5,10.589850425720215
2009-07-15,31.5,76.5,0.1321592777967453
2009-07-15,31.5,76.75,0.4138696491718292
2009-07-15,31.5,77.0,1.3709139823913574
2009-07-15,31.5,77.25,1.582979440689087
2009-07-15,31.5,77.5,2.151124954223633
2009-07-15,31.75,76.5,0.0
2009-07-15,31.75,76.75,0.32284826040267944
2009-07-15,31.75,77.0,2.6494550704956055
2009-07-15,31.75,77.25,2.062889337539673
2009-07-15,31.75,77.5,3.7110648155212402
2009-07-15,32.0,76.5,0.0
2009-07-15,32.0,76.75,2.670360565185547
2009-07-15,32.0,77.0,4.646091938018799
2009-07-15,32.0,77.25,4.552290916442871
2009-07-15,32.0,77.5,4.974337577819824
2009-07-16,31.5,76.5,12.02297306060791
2009-07-16,31.5,76.75,1.4727487564086914
2009-07-16,31.5,77.0,0.6254704594612122
2009-07-16,31.5,77.25,0.590970516204834
2009-07-16,31.5,77.5,3.3007850646972656
2009-07-16,31.75,76.5,21.504247665405273
2009-07-16,31.75,76.75,0.6312954425811768
2009-07-16,31.75,77.0,0.4157181680202484
2009-07-16,31.75,77.25,0.47153574228286743
2009-07-16,31.75,77.5,0.3048025071620941
2009-07-16,32.0,76.5,12.43320083618164
2009-07-16,32.0,76.75,0.2149456888437271
2009-07-16,32.0,77.0,0.3834865391254425
2009-07-16,32.0,77.25,0.34567898511886597
2009-07-16,32.0,77.5,0.32456305623054504
2009-07-17,31.5,76.5,0.0
2009-07-17,31.5,76.75,0.0
2009-07-17,31.5,77.0,0.0
2009-07-17,31.5,77.25,0.0
2009-07-17,31.5,77.5,0.31880417466163635
2009-07-17,31.75,76.5,0.0
2009-07-17,31.75,76.75,0.0
2009-07-17,31.75,77.0,0.0
2009-07-17,31.75,77.25,0.0
2009-07-17,31.75,77.5,0.0
2009-07-17,32.0,76.5,0.0
2009-07-17,32.0,76.75,0.0
2009-07-17,32.0,77.0,0.0
2009-07-17,32.0,77.25,0.0
2009-07-17,32.0,77.5,0.0
2009-07-18,31.5,76.5,41.58505630493164
2009-07-18,31.5,76.75,4.444556713104248
2009-07-18,31.5,77.0,12.303617477416992
2009-07-18,31.5,77.25,11.47508430480957
2009-07-18,31.5,77.5,2.246424913406372
2009-07-18,31.75,76.5,62.788326263427734
2009-07-18,31.75,76.75,32.1712532043457
2009-07-18,31.75,77.0,5.27310037612915
2009-07-18,31.75,77.25,9.20292854309082
2009-07-18,31.75,77.5,11.628996849060059
2009-07-18,32.0,76.5,60.97358703613281
2009-07-18,32.0,76.75,18.275373458862305
2009-07-18,32.0,77.0,5.697968482971191
2009-07-18,32.0,77.25,3.2755966186523438
2009-07-18,32.0,77.5,3.7614548206329346
2009-07-19,31.5,76.5,0.2312787026166916
2009-07-19,31.5,76.75,0.7267338037490845
2009-07-19,31.5,77.0,3.2622427940368652
2009-07-19,31.5,77.25,4.490142822265625
2009-07-19,31.5,77.5,7.883793354034424
2009-07-19,31.75,76.5,0.0
2009-07-19,31.75,76.75,0.5901702642440796
2009-07-19,31.75,77.0,4.798391342163086
2009-07-19,31.75,77.25,3.116969347000122
2009-07-19,31.75,77.5,2.7604665756225586
2009-07-19,32.0,76.5,0.0
2009-07-19,32.0,76.75,2.030857801437378
2009-07-19,32.0,77.0,3.3870110511779785
2009-07-19,32.0,77.25,3.09462571144104
2009-07-19,32.0,77.5,2.203716516494751
2009-07-20,31.5,76.5,23.338424682617188
2009-07-20,31.5,76.75,6.187248706817627
2009-07-20,31.5,77.0,2.2652199268341064
2009-07-20,31.5,77.25,2.2057127952575684
2009-07-20,31.5,77.5,0.4782062768936157
2009-07-20,31.75,76.5,37.498836517333984
2009-07-20,31.75,76.75,1.3915446996688843
2009-07-20,31.75,77.0,0.3625282049179077
2009-07-20,31.75,77.25,1.1602582931518555
2009-07-20,31.75,77.5,0.0
2009-07-20,32.0,76.5,46.92736053466797
2009-07-20,32.0,76.75,0.0
2009-07-20,32.0,77.0,0.0
2009-07-20,32.0,77.25,0.0
2009-07-20,32.0,77.5,0.0
2009-07-21,31.5,76.5,23.104331970214844
2009-07-21,31.5,76.75,1.5369213819503784
2009-07-21,31.5,77.0,0.4526565372943878
2009-07-21,31.5,77.25,0.3738904595375061
2009-07-21,31.5,77.5,0.0
2009-07-21,31.75,76.5,34.42576599121094
2009-07-21,31.75,76.75,0.858392059803009
2009-07-21,31.75,77.0,0.19981954991817474
2009-07-21,31.75,77.25,1.3724497556686401
2009-07-21,31.75,77.5,6.049381732940674
2009-07-21,32.0,76.5,25.00069236755371
2009-07-21,32.0,76.75,4.3257317543029785
2009-07-21,32.0,77.0,7.646165370941162
2009-07-21,32.0,77.25,7.367485523223877
2009-07-21,32.0,77.5,9.520734786987305
2009-07-22,31.5,76.5,0.20289532840251923
2009-07-22,31.5,76.75,0.0
2009-07-22,31.5,77.0,0.22013114392757416
2009-07-22,31.5,77.25,0.2431332916021347
2009-07-22,31.5,77.5,0.34278416633605957
2009-07-22,31.75,76.5,0.356241375207901
2009-07-22,31.75,76.75,0.0
2009-07-22,31.75,77.0,0.5452615022659302
2009-07-22,31.75,77.25,0.733009397983551
2009-07-22,31.75,77.5,2.4085981845855713
2009-07-22,32.0,76.5,27.815227508544922
2009-07-22,32.0,76.75,1.7385804653167725
2009-07-22,32.0,77.0,3.025709629058838
2009-07-22,32.0,77.25,2.807605028152466
2009-07-22,32.0,77.5,3.3997926712036133
2009-07-23,31.5,76.5,1.23799467086792
2009-07-23,31.5,76.75,1.646363615989685
2009-07-23,31.5,77.0,0.7697855234146118
2009-07-23,31.5,77.25,0.6971431970596313
2009-07-23,31.5,77.5,0.34278416633605957
2009-07-23,31.75,76.5,1.6188846826553345
2009-07-23,31.75,76.75,0.22042475640773773
2009-07-23,31.75,77.0,0.7297490835189819
2009-07-23,31.75,77.25,1.852129340171814
2009-07-23,31.75,77.5,3.6497251987457275
2009-07-23,32.0,76.5,14.639032363891602
2009-07-23,32.0,76.75,2.8229568004608154
2009-07-23,32.0,77.0,4.442828178405762
2009-07-23,32.0,77.25,4.720004558563232
2009-07-23,32.0,77.5,5.829030513763428
2009-07-24,31.5,76.5,9.564178466796875
2009-07-24,31.5,76.75,0.8459861874580383
2009-07-24,31.5,77.0,0.965701162815094
2009-07-24,31.5,77.25,1.5580519437789917
2009-07-24,31.5,77.5,3.2691123485565186
2009-07-24,31.75,76.5,13.11474609375
2009-07-24,31.75,76.75,0.38765352964401245
2009-07-24,31.75,77.0,0.40964093804359436
2009-07-24,31.75,77.25,0.6323156356811523
2009-07-24,31.75,77.5,1.0476303100585938
2009-07-24,32.0,76.5,9.023717880249023
2009-07-24,32.0,76.75,0.7930790185928345
2009-07-24,32.0,77.0,1.2862277030944824
2009-07-24,32.0,77.25,1.3683162927627563
2009-07-24,32.0,77.5,1.6430518627166748
2009-07-25,31.5,76.5,0.3748331367969513
2009-07-25,31.5,76.75,0.34558308124542236
2009-07-25,31.5,77.0,1.5947201251983643
2009-07-25,31.5,77.25,1.6729742288589478
2009-07-25,31.5,77.5,1.771051287651062
2009-07-25,31.75,76.5,0.17871949076652527
2009-07-25,31.75,76.75,1.3471076488494873
2009-07-25,31.75,77.0,2.740983009338379
2009-07-25,31.75,77.25,2.028493881225586
2009-07-25,31.75,77.5,2.0417959690093994
2009-07-25,32.0,76.5,0.34509018063545227
2009-07-25,32.0,76.75,1.8472272157669067
2009-07-25,32.0,77.0,2.2062699794769287
2009-07-25,32.0,77.25,2.2081151008605957
2009-07-25,32.0,77.5,1.9355309009552002
2009-07-26,31.5,76.5,1.7029414176940918
2009-07-26,31.5,76.75,0.9773882031440735
2009-07-26,31.5,77.0,0.32332608103752136
2009-07-26,31.5,77.25,0.2670646011829376
2009-07-26,31.5,77.5,0.0
2009-07-26,31.75,76.5,2.328788995742798
2009-07-26,31.75,76.75,0.14443227648735046
2009-07-26,31.75,77.0,0.17449688911437988
2009-07-26,31.75,77.25,1.2793900966644287
2009-07-26,31.75,77.5,1.9856889247894287
2009-07-26,32.0,76.5,1.0054186582565308
2009-07-26,32.0,76.75,1.6698939800262451
2009-07-26,32.0,77.0,2.3173201084136963
2009-07-26,32.0,77.25,2.3795382976531982
2009-07-26,32.0,77.5,2.849738121032715
2009-07-27,31.5,76.5,3.876729965209961
2009-07-27,31.5,76.75,0.8628305196762085
2009-07-27,31.5,77.0,5.012906551361084
2009-07-27,31.5,77.25,4.665579795837402
2009-07-27,31.5,77.5,0.0
2009-07-27,31.75,76.5,1.9121670722961426
2009-07-27,31.75,76.75,13.967808723449707
2009-07-27,31.75,77.0,1.8194791078567505
2009-07-27,31.75,77.25,4.395713806152344
2009-07-27,31.75,77.5,7.826342582702637
2009-07-27,32.0,76.5,19.78946304321289
2009-07-27,32.0,76.75,10.2239351272583
2009-07-27,32.0,77.0,5.728020191192627
2009-07-27,32.0,77.25,4.474514484405518
2009-07-27,32.0,77.5,5.688841342926025
2009-07-28,31.5,76.5,22.093082427978516
2009-07-28,31.5,76.75,13.632833480834961
2009-07-28,31.5,77.0,8.002172470092773
2009-07-28,31.5,77.25,7.187862396240234
2009-07-28,31.5,77.5,2.02705979347229
2009-07-28,31.75,76.5,30.808948516845703
2009-07-28,31.75,76.75,11.666129112243652
2009-07-28,31.75,77.0,2.1940767765045166
2009-07-28,31.75,77.25,6.855849266052246
2009-07-28,31.75,77.5,7.2387166023254395
2009-07-28,32.0,76.5,35.773414611816406
2009-07-28,32.0,76.75,8.754767417907715
2009-07-28,32.0,77.0,5.971535682678223
2009-07-28,32.0,77.25,5.251108646392822
2009-07-28,32.0,77.5,6.438962459564209
2009-07-29,31.5,76.5,54.31444549560547
2009-07-29,31.5,76.75,39.811607360839844
2009-07-29,31.5,77.0,25.888948440551758
2009-07-29,31.5,77.25,24.334943771362305
2009-07-29,31.5,77.5,14.625922203063965
2009-07-29,31.75,76.5,71.99091339111328
2009-07-29,31.75,76.75,25.979167938232422
2009-07-29,31.75,77.0,17.56644058227539
2009-07-29,31.75,77.25,20.401384353637695
2009-07-29,31.75,77.5,16.02315330505371
2009-07-29,32.0,76.5,52.041282653808594
2009-07-29,32.0,76.75,17.782930374145508
2009-07-29,32.0,77.0,14.390307426452637
2009-07-29,32.0,77.25,11.822869300842285
2009-07-29,32.0,77.5,10.531221389770508
2009-07-30,31.5,76.5,0.1352635622024536
2009-07-30,31.5,76.75,0.0
2009-07-30,31.5,77.0,0.13441286981105804
2009-07-30,31.5,77.25,0.24673929810523987
2009-07-30,31.5,77.5,0.3738587498664856
2009-07-30,31.75,76.5,0.0
2009-07-30,31.75,76.75,0.0
2009-07-30,31.75,77.0,0.0
2009-07-30,31.75,77.25,0.0
2009-07-30,31.75,77.5,0.2852720320224762
2009-07-30,32.0,76.5,0.0
2009-07-30,32.0,76.75,0.19005392491817474
2009-07-30,32.0,77.0,0.3702811300754547
2009-07-30,32.0,77.25,0.45909053087234497
2009-07-30,32.0,77.5,0.6109927892684937
2009-07-31,31.5,76.5,1.2240253686904907
2009-07-31,31.5,76.75,3.380303144454956
2009-07-31,31.5,77.0,1.205018401145935
2009-07-31,31.5,77.25,1.0157705545425415
2009-07-31,31.5,77.5,0.11426138132810593
2009-07-31,31.75,76.5,0.518841028213501
2009-07-31,31.75,76.75,0.3589983284473419
2009-07-31,31.75,77.0,0.4876060485839844
2009-07-31,31.75,77.25,1.8520071506500244
2009-07-31,31.75,77.5,1.9887534379959106
2009-07-31,32.0,76.5,2.0798749923706055
2009-07-31,32.0,76.75,1.6799970865249634
2009-07-31,32.0,77.0,2.313056468963623
2009-07-31,32.0,77.25,2.3796136379241943
2009-07-31,32.0,77.5,2.7835943698883057
2009-08-01,31.5,76.5,16.451162338256836
2009-08-01,31.5,76.75,29.35087776184082
2009-08-01,31.5,77.0,18.352956771850586
2009-08-01,31.5,77.25,16.11875343322754
2009-08-01,31.5,77.5,0.911271870136261
2009-08-01,31.75,76.5,7.438906192779541
2009-08-01,31.75,76.75,27.804615020751953
2009-08-01,31.75,77.0,4.994779109954834
2009-08-01,31.75,77.25,12.31484317779541
2009-08-01,31.75,77.5,11.644598960876465
2009-08-01,32.0,76.5,15.942279815673828
2009-08-01,32.0,76.75,16.401758193969727
2009-08-01,32.0,77.0,7.423650741577148
2009-08-01,32.0,77.25,5.198356628417969
2009-08-01,32.0,77.5,6.6834001541137695
2009-08-02,31.5,76.5,2.0424797534942627
2009-08-02,31.5,76.75,0.0
2009-08-02,31.5,77.0,0.0
2009-08-02,31.5,77.25,0.0
2009-08-02,31.5,77.5,0.9564125537872314
2009-08-02,31.75,76.5,0.0
2009-08-02,31.75,76.75,0.0
2009-08-02,31.75,77.0,0.0
2009-08-02,31.75,77.25,0.0
2009-08-02,31.75,77.5,0.0
2009-08-02,32.0,76.5,0.0
2009-08-02,32.0,76.75,0.0
2009-08-02,32.0,77.0,0.1176040768623352
2009-08-02,32.0,77.25,0.2463504821062088
2009-08-02,32.0,77.5,0.36620792746543884
2009-08-03,31.5,76.5,0.0
2009-08-03,31.5,76.75,0.0
2009-08-03,31.5,77.0,0.0
2009-08-03,31.5,77.25,0.0
2009-08-03,31.5,77.5,0.7970104217529297
2009-08-03,31.75,76.5,1.3791629076004028
2009-08-03,31.75,76.75,0.0
2009-08-03,31.75,77.0,0.0
2009-08-03,31.75,77.25,0.0
2009-08-03,31.75,77.5,0.0
2009-08-03,32.0,76.5,4.964787483215332
2009-08-03,32.0,76.75,0.0
2009-08-03,32.0,77.0,0.0
2009-08-03,32.0,77.25,0.4496176242828369
2009-08-03,32.0,77.5,0.7024441957473755
2009-08-04,31.5,76.5,2.31300687789917
2009-08-04,31.5,76.75,0.0
2009-08-04,31.5,77.0,0.0
2009-08-04,31.5,77.25,0.0
2009-08-04,31.5,77.5,0.8276451826095581
2009-08-04,31.75,76.5,0.0
2009-08-04,31.75,76.75,0.0
2009-08-04,31.75,77.0,0.0
2009-08-04,31.75,77.25,0.0
2009-08-04,31.75,77.5,0.0
2009-08-04,32.0,76.5,1.723709225654602
2009-08-04,32.0,76.75,0.0
2009-08-04,32.0,77.0,0.0
2009-08-04,32.0,77.25,0.0
2009-08-04,32.0,77.5,0.0
2009-08-05,31.5,76.5,1.3540116548538208
2009-08-05,31.5,76.75,0.11514200270175934
2009-08-05,31.5,77.0,2.0067176818847656
2009-08-05,31.5,77.25,2.5067570209503174
2009-08-05,31.5,77.5,0.0
2009-08-05,31.75,76.5,1.0923488140106201
2009-08-05,31.75,76.75,4.215510845184326
2009-08-05,31.75,77.0,0.5152481198310852
2009-08-05,31.75,77.25,1.0493247509002686
2009-08-05,31.75,77.5,1.305014967918396
2009-08-05,32.0,76.5,4.746436595916748
2009-08-05,32.0,76.75,2.3147170543670654
2009-08-05,32.0,77.0,0.4037023186683655
2009-08-05,32.0,77.25,0.3176964521408081
2009-08-05,32.0,77.5,0.48078426718711853
2009-08-06,31.5,76.5,118.01201629638672
2009-08-06,31.5,76.75,103.77720642089844
2009-08-06,31.5,77.0,61.627601623535156
2009-08-06,31.5,77.25,55.39017868041992
2009-08-06,31.5,77.5,0.4502323865890503
2009-08-06,31.75,76.5,143.88113403320312
2009-08-06,31.75,76.75,88.43772888183594
2009-08-06,31.75,77.0,15.710927963256836
2009-08-06,31.75,77.25,38.65118408203125
2009-08-06,31.75,77.5,22.01689910888672
2009-08-06,32.0,76.5,104.0547103881836
2009-08-06,32.0,76.75,40.66522216796875
2009-08-06,32.0,77.0,5.365652561187744
2009-08-06,32.0,77.25,0.20746766030788422
2009-08-06,32.0,77.5,0.1418229043483734
2009-08-07,31.5,76.5,36.92006301879883
2009-08-07,31.5,76.75,32.764400482177734
2009-08-07,31.5,77.0,32.48283004760742
2009-08-07,31.5,77.25,29.81413459777832
2009-08-07,31.5,77.5,4.741847515106201
2009-08-07,31.75,76.5,33.915496826171875
2009-08-07,31.75,76.75,58.772464752197266
2009-08-07,31.75,77.0,15.539239883422852
2009-08-07,31.75,77.25,24.66245460510254
2009-08-07,31.75,77.5,22.858007431030273
2009-08-07,32.0,76.5,37.37166213989258
2009-08-07,32.0,76.75,34.3881721496582
2009-08-07,32.0,77.0,12.564751625061035
2009-08-07,32.0,77.25,8.209731101989746
2009-08-07,32.0,77.5,7.903075218200684
2009-08-08,31.5,76.5,1.570754885673523
2009-08-08,31.5,76.75,2.6758010387420654
2009-08-08,31.5,77.0,1.7991546392440796
2009-08-08,31.5,77.25,1.632278561592102
2009-08-08,31.5,77.5,0.0
2009-08-08,31.75,76.5,0.7135908603668213
2009-08-08,31.75,76.75,2.8080251216888428
2009-08-08,31.75,77.0,0.6526740193367004
2009-08-08,31.75,77.25,2.8682267665863037
2009-08-08,31.75,77.5,8.27580738067627
2009-08-08,32.0,76.5,4.4815545082092285
2009-08-08,32.0,76.75,6.873826026916504
2009-08-08,32.0,77.0,9.614228248596191
2009-08-08,32.0,77.25,8.855506896972656
2009-08-08,32.0,77.5,11.23920726776123
2009-08-09,31.5,76.5,0.1487899124622345
2009-08-09,31.5,76.75,0.0
2009-08-09,31.5,77.0,0.0
2009-08-09,31.5,77.25,0.0
2009-08-09,31.5,77.5,0.0
2009-08-09,31.75,76.5,0.40713298320770264
2009-08-09,31.75,76.75,0.0
2009-08-09,31.75,77.0,0.0
2009-08-09,31.75,77.25,0.0
2009-08-09,31.75,77.5,0.0
2009-08-09,32.0,76.5,18.57958984375
2009-08-09,32.0,76.75,0.0
2009-08-09,32.0,77.0,0.0
2009-08-09,32.0,77.25,0.0
2009-08-09,32.0,77.5,0.0
2009-08-10,31.5,76.5,6.4133477210998535
2009-08-10,31.5,76.75,0.6051521897315979
2009-08-10,31.5,77.0,1.0764689445495605
2009-08-10,31.5,77.25,0.9881470203399658
2009-08-10,31.5,77.5,0.9564125537872314
2009-08-10,31.75,76.5,9.795341491699219
2009-08-10,31.75,76.75,2.87121844291687
2009-08-10,31.75,77.0,0.42933449149131775
2009-08-10,31.75,77.25,1.493294358253479
2009-08-10,31.75,77.5,2.5900380611419678
2009-08-10,32.0,76.5,18.87078857421875
2009-08-10,32.0,76.75,2.8565661907196045
2009-08-10,32.0,77.0,2.3869001865386963
2009-08-10,32.0,77.25,2.177135467529297
2009-08-10,32.0,77.5,2.675997257232666
2009-08-11,31.5,76.5,0.0
2009-08-11,31.5,76.75,0.0
2009-08-11,31.5,77.0,0.0
2009-08-11,31.5,77.25,0.0
2009-08-11,31.5,77.5,0.31880417466163635
2009-08-11,31.75,76.5,0.0
2009-08-11,31.75,76.75,0.0
2009-08-11,31.75,77.0,0.0
2009-08-11,31.75,77.25,0.0
2009-08-11,31.75,77.5,0.448010116815567
2009-08-11,32.0,76.5,2.0315144062042236
2009-08-11,32.0,76.75,0.2921089231967926
2009-08-11,32.0,77.0,0.5880203247070312
2009-08-11,32.0,77.25,0.5182924270629883
2009-08-11,32.0,77.5,0.6852755546569824
2009-08-12,31.5,76.5,0.16231627762317657
2009-08-12,31.5,76.75,0.0
2009-08-12,31.5,77.0,0.0
2009-08-12,31.5,77.25,0.0
2009-08-12,31.5,77.5,4.816342830657959
2009-08-12,31.75,76.5,0.0
2009-08-12,31.75,76.75,0.0
2009-08-12,31.75,77.0,0.0
2009-08-12,31.75,77.25,0.0
2009-08-12,31.75,77.5,0.0
2009-08-12,32.0,76.5,1.354343056678772
2009-08-12,32.0,76.75,0.0
2009-08-12,32.0,77.0,0.0
2009-08-12,32.0,77.25,0.0
2009-08-12,32.0,77.5,0.0
2009-08-13,31.5,76.5,0.1321592777967453
2009-08-13,31.5,76.75,0.3861157298088074
2009-08-13,31.5,77.0,0.12933044135570526
2009-08-13,31.5,77.25,0.10682584345340729
2009-08-13,31.5,77.5,0.0
2009-08-13,31.75,76.5,0.361156165599823
2009-08-13,31.75,76.75,0.0
2009-08-13,31.75,77.0,0.0
2009-08-13,31.75,77.25,0.0
2009-08-13,31.75,77.5,0.0
2009-08-13,32.0,76.5,9.964005470275879
2009-08-13,32.0,76.75,0.0
2009-08-13,32.0,77.0,0.0
2009-08-13,32.0,77.25,0.0
2009-08-13,32.0,77.5,0.0
2009-08-14,31.5,76.5,5.3854899406433105
2009-08-14,31.5,76.75,15.734214782714844
2009-08-14,31.5,77.0,5.270215034484863
2009-08-14,31.5,77.25,4.353153228759766
2009-08-14,31.5,77.5,0.0
2009-08-14,31.75,76.5,2.477677345275879
2009-08-14,31.75,76.75,1.5866016149520874
2009-08-14,31.75,77.0,1.0497853755950928
2009-08-14,31.75,77.25,3.9605660438537598
2009-08-14,31.75,77.5,2.44622540473938
2009-08-14,32.0,76.5,2.39495849609375
2009-08-14,32.0,76.75,1.907637357711792
2009-08-14,32.0,77.0,2.969935894012451
2009-08-14,32.0,77.25,3.100745439529419
2009-08-14,32.0,77.5,3.9100685119628906
2009-08-15,31.5,76.5,31.37786293029785
2009-08-15,31.5,76.75,37.69174575805664
2009-08-15,31.5,77.0,14.915416717529297
2009-08-15,31.5,77.25,13.445356369018555
2009-08-15,31.5,77.5,5.2829108238220215
2009-08-15,31.75,76.5,40.30744934082031
2009-08-15,31.75,76.75,5.000174045562744
2009-08-15,31.75,77.0,6.6533403396606445
2009-08-15,31.75,77.25,10.403712272644043
2009-08-15,31.75,77.5,5.615153789520264
2009-08-15,32.0,76.5,16.520570755004883
2009-08-15,32.0,76.75,4.015716552734375
2009-08-15,32.0,77.0,7.0437912940979
2009-08-15,32.0,77.25,6.437385559082031
2009-08-15,32.0,77.5,6.675417900085449
2009-08-16,31.5,76.5,12.768293380737305
2009-08-16,31.5,76.75,1.3266838788986206
2009-08-16,31.5,77.0,9.998124122619629
2009-08-16,31.5,77.25,10.50592041015625
2009-08-16,31.5,77.5,10.551363945007324
2009-08-16,31.75,76.5,18.517358779907227
2009-08-16,31.75,76.75,13.988276481628418
2009-08-16,31.75,77.0,13.502190589904785
2009-08-16,31.75,77.25,11.63866138458252
2009-08-16,31.75,77.5,13.611156463623047
2009-08-16,32.0,76.5,19.42976951599121
2009-08-16,32.0,76.75,14.047447204589844
2009-08-16,32.0,77.0,13.207770347595215
2009-08-16,32.0,77.25,11.822890281677246
2009-08-16,32.0,77.5,10.751445770263672
2009-08-17,31.5,76.5,3.4192092418670654
2009-08-17,31.5,76.75,3.280937433242798
2009-08-17,31.5,77.0,3.057117462158203
2009-08-17,31.5,77.25,2.9676616191864014
2009-08-17,31.5,77.5,2.0051910877227783
2009-08-17,31.75,76.5,0.9245296120643616
2009-08-17,31.75,76.75,3.1320242881774902
2009-08-17,31.75,77.0,3.0308704376220703
2009-08-17,31.75,77.25,3.7715213298797607
2009-08-17,31.75,77.5,6.354303359985352
2009-08-17,32.0,76.5,1.3074589967727661
2009-08-17,32.0,76.75,5.488370418548584
2009-08-17,32.0,77.0,7.164698600769043
2009-08-17,32.0,77.25,6.943539142608643
2009-08-17,32.0,77.5,8.066431999206543
2009-08-18,31.5,76.5,0.0
2009-08-18,31.5,76.75,0.0
2009-08-18,31.5,77.0,0.0
2009-08-18,31.5,77.25,0.0
2009-08-18,31.5,77.5,2.4388060569763184
2009-08-18,31.75,76.5,0.0
2009-08-18,31.75,76.75,0.0
2009-08-18,31.75,77.0,0.12569332122802734
2009-08-18,31.75,77.25,1.1832727193832397
2009-08-18,31.75,77.5,4.682420253753662
2009-08-18,32.0,76.5,7.941374778747559
2009-08-18,32.0,76.75,3.4594671726226807
2009-08-18,32.0,77.0,5.83274507522583
2009-08-18,32.0,77.25,5.506185531616211
2009-08-18,32.0,77.5,6.959023475646973
2009-08-19,31.5,76.5,12.515459060668945
2009-08-19,31.5,76.75,5.344632625579834
2009-08-19,31.5,77.0,3.5862321853637695
2009-08-19,31.5,77.25,4.070954322814941
2009-08-19,31.5,77.5,2.7394540309906006
2009-08-19,31.75,76.5,19.301044464111328
2009-08-19,31.75,76.75,1.232607364654541
2009-08-19,31.75,77.0,3.153534412384033
2009-08-19,31.75,77.25,2.791654109954834
2009-08-19,31.75,77.5,2.307081699371338
2009-08-19,32.0,76.5,23.049362182617188
2009-08-19,32.0,76.75,1.642035961151123
2009-08-19,32.0,77.0,2.8872227668762207
2009-08-19,32.0,77.25,2.6100196838378906
2009-08-19,32.0,77.5,2.3247780799865723
2009-08-20,31.5,76.5,0.20134319365024567
2009-08-20,31.5,76.75,0.19574372470378876
2009-08-20,31.5,77.0,0.1747307926416397
2009-08-20,31.5,77.25,0.174979567527771
2009-08-20,31.5,77.5,0.9684025049209595
2009-08-20,31.75,76.5,0.0
2009-08-20,31.75,76.75,0.0
2009-08-20,31.75,77.0,0.2736895978450775
2009-08-20,31.75,77.25,0.3038093149662018
2009-08-20,31.75,77.5,0.5376799702644348
2009-08-20,32.0,76.5,0.0
2009-08-20,32.0,76.75,0.40025216341018677
2009-08-20,32.0,77.0,0.6643919348716736
2009-08-20,32.0,77.25,0.7915325164794922
2009-08-20,32.0,77.5,0.9647756218910217
2009-08-21,31.5,76.5,0.0
2009-08-21,31.5,76.75,0.0
2009-08-21,31.5,77.0,0.0
2009-08-21,31.5,77.25,0.0
2009-08-21,31.5,77.5,0.0
2009-08-21,31.75,76.5,0.0
2009-08-21,31.75,76.75,0.0
2009-08-21,31.75,77.0,0.0
2009-08-21,31.75,77.25,0.0
2009-08-21,31.75,77.5,0.0
2009-08-21,32.0,76.5,0.0
2009-08-21,32.0,76.75,0.0
2009-08-21,32.0,77.0,0.0
2009-08-21,32.0,77.25,0.0
2009-08-21,32.0,77.5,0.0
2009-08-22,31.5,76.5,0.0
2009-08-22,31.5,76.75,0.0
2009-08-22,31.5,77.0,0.0
2009-08-22,31.5,77.25,0.0
2009-08-22,31.5,77.5,0.0
2009-08-22,31.75,76.5,0.0
2009-08-22,31.75,76.75,0.0
2009-08-22,31.75,77.0,0.0
2009-08-22,31.75,77.25,0.0
2009-08-22,31.75,77.5,0.0
2009-08-22,32.0,76.5,1.6005871295928955
2009-08-22,32.0,76.75,0.0
2009-08-22,32.0,77.0,0.0
2009-08-22,32.0,77.25,0.0
2009-08-22,32.0,77.5,0.0
2009-08-23,31.5,76.5,0.0
2009-08-23,31.5,76.75,0.0
2009-08-23,31.5,77.0,0.40357375144958496
2009-08-23,31.5,77.25,0.4457443654537201
2009-08-23,31.5,77.5,0.6284375786781311
2009-08-23,31.75,76.5,0.0
2009-08-23,31.75,76.75,0.10074340552091599
2009-08-23,31.75,77.0,0.9181064963340759
2009-08-23,31.75,77.25,0.5762403607368469
2009-08-23,31.75,77.5,0.5096662044525146
2009-08-23,32.0,76.5,1.0465378761291504
2009-08-23,32.0,76.75,0.3768874406814575
2009-08-23,32.0,77.0,0.6233730912208557
2009-08-23,32.0,77.25,0.6894460916519165
2009-08-23,32.0,77.5,0.5809736251831055
2009-08-24,31.5,76.5,0.0
2009-08-24,31.5,76.75,0.0
2009-08-24,31.5,77.0,0.0
2009-08-24,31.5,77.25,0.0
2009-08-24,31.5,77.5,0.0
2009-08-24,31.75,76.5,0.0
2009-08-24,31.75,76.75,0.0
2009-08-24,31.75,77.0,0.0
2009-08-24,31.75,77.25,0.0
2009-08-24,31.75,77.5,0.0
2009-08-24,32.0,76.5,0.0
2009-08-24,32.0,76.75,0.0
2009-08-24,32.0,77.0,0.0
2009-08-24,32.0,77.25,0.4161849319934845
2009-08-24,32.0,77.5,0.6683622598648071
2009-08-25,31.5,76.5,0.0
2009-08-25,31.5,76.75,0.0
2009-08-25,31.5,77.0,0.0
2009-08-25,31.5,77.25,0.0
2009-08-25,31.5,77.5,0.7970104217529297
2009-08-25,31.75,76.5,0.0
2009-08-25,31.75,76.75,0.0
2009-08-25,31.75,77.0,0.0
2009-08-25,31.75,77.25,0.0
2009-08-25,31.75,77.5,0.0
2009-08-25,32.0,76.5,0.0
2009-08-25,32.0,76.75,0.0
2009-08-25,32.0,77.0,0.0
2009-08-25,32.0,77.25,0.0
2009-08-25,32.0,77.5,0.0
2009-08-26,31.5,76.5,1.5528713464736938
2009-08-26,31.5,76.75,4.536859512329102
2009-08-26,31.5,77.0,1.5196325778961182
2009-08-26,31.5,77.25,1.2552036046981812
2009-08-26,31.5,77.5,0.7970104217529297
2009-08-26,31.75,76.5,1.1137498617172241
2009-08-26,31.75,76.75,0.4574863612651825
2009-08-26,31.75,77.0,0.2748197317123413
2009-08-26,31.75,77.25,0.8795506358146667
2009-08-26,31.75,77.5,0.0
2009-08-26,32.0,76.5,25.78075408935547
2009-08-26,32.0,76.75,0.0
2009-08-26,32.0,77.0,0.0
2009-08-26,32.0,77.25,0.0
2009-08-26,32.0,77.5,0.0
2009-08-27,31.5,76.5,0.0
2009-08-27,31.5,76.75,0.0
2009-08-27,31.5,77.0,0.0
2009-08-27,31.5,77.25,0.0
2009-08-27,31.5,77.5,0.9818570017814636
2009-08-27,31.75,76.5,0.0
2009-08-27,31.75,76.75,0.0
2009-08-27,31.75,77.0,0.0
2009-08-27,31.75,77.25,0.0
2009-08-27,31.75,77.5,0.7317498922348022
2009-08-27,32.0,76.5,9.972890853881836
2009-08-27,32.0,76.75,0.47711125016212463
2009-08-27,32.0,77.0,0.9604332447052002
2009-08-27,32.0,77.25,0.8465443253517151
2009-08-27,32.0,77.5,1.1192834377288818
2009-08-28,31.5,76.5,14.82188606262207
2009-08-28,31.5,76.75,0.13792739808559418
2009-08-28,31.5,77.0,0.0
2009-08-28,31.5,77.25,0.0
2009-08-28,31.5,77.5,0.6376083493232727
2009-08-28,31.75,76.5,24.957714080810547
2009-08-28,31.75,76.75,0.5368801951408386
2009-08-28,31.75,77.0,0.0
2009-08-28,31.75,77.25,0.0
2009-08-28,31.75,77.5,0.0
2009-08-28,32.0,76.5,11.461772918701172
2009-08-28,32.0,76.75,0.0
2009-08-28,32.0,77.0,0.0
2009-08-28,32.0,77.25,0.0
2009-08-28,32.0,77.5,0.0
2009-08-29,31.5,76.5,4.517463207244873
2009-08-29,31.5,76.75,0.4627404510974884
2009-08-29,31.5,77.0,5.904655933380127
2009-08-29,31.5,77.25,5.516149044036865
2009-08-29,31.5,77.5,1.2752166986465454
2009-08-29,31.75,76.5,2.2424747943878174
2009-08-29,31.75,76.75,16.941579818725586
2009-08-29,31.75,77.0,2.070713996887207
2009-08-29,31.75,77.25,4.21709680557251
2009-08-29,31.75,77.5,4.884583473205566
2009-08-29,32.0,76.5,15.380815505981445
2009-08-29,32.0,76.75,9.067752838134766
2009-08-29,32.0,77.0,1.1497910022735596
2009-08-29,32.0,77.25,0.23781996965408325
2009-08-29,32.0,77.5,0.38192132115364075
2009-08-30,31.5,76.5,35.195152282714844
2009-08-30,31.5,76.75,1.8068677186965942
2009-08-30,31.5,77.0,0.48498910665512085
2009-08-30,31.5,77.25,0.4005969166755676
2009-08-30,31.5,77.5,0.5701104998588562
2009-08-30,31.75,76.5,65.15770721435547
2009-08-30,31.75,76.75,1.543150544166565
2009-08-30,31.75,77.0,0.30042019486427307
2009-08-30,31.75,77.25,2.2831690311431885
2009-08-30,31.75,77.5,5.238332271575928
2009-08-30,32.0,76.5,31.120201110839844
2009-08-30,32.0,76.75,4.10332727432251
2009-08-30,32.0,77.0,6.3456926345825195
2009-08-30,32.0,77.25,6.211062908172607
2009-08-30,32.0,77.5,7.6686692237854
2009-08-31,31.5,76.5,10.241353034973145
2009-08-31,31.5,76.75,6.105288505554199
2009-08-31,31.5,77.0,5.777393817901611
2009-08-31,31.5,77.25,5.439990043640137
2009-08-31,31.5,77.5,5.359579563140869
2009-08-31,31.75,76.5,4.5748066902160645
2009-08-31,31.75,76.75,7.570905685424805
2009-08-31,31.75,77.0,5.121258735656738
2009-08-31,31.75,77.25,9.975193977355957
2009-08-31,31.75,77.5,16.05112648010254
2009-08-31,32.0,76.5,21.45052146911621
2009-08-31,32.0,76.75,14.656285285949707
2009-08-31,32.0,77.0,17.51343536376953
2009-08-31,32.0,77.25,17.03293228149414
2009-08-31,32.0,77.5,19.8952693939209
2009-09-01,31.5,76.5,41.60326385498047
2009-09-01,31.5,76.75,77.84312438964844
2009-09-01,31.5,77.0,50.39258575439453
2009-09-01,31.5,77.25,49.32938003540039
2009-09-01,31.5,77.5,18.22064781188965
2009-09-01,31.75,76.5,23.435131072998047
2009-09-01,31.75,76.75,43.5775146484375
2009-09-01,31.75,77.0,32.558990478515625
2009-09-01,31.75,77.25,39.556243896484375
2009-09-01,31.75,77.5,32.73545455932617
2009-09-01,32.0,76.5,37.8697395324707
2009-09-01,32.0,76.75,34.52861022949219
2009-09-01,32.0,77.0,31.09467887878418
2009-09-01,32.0,77.25,26.960542678833008
2009-09-01,32.0,77.5,25.951997756958008
2009-09-02,31.5,76.5,0.0
2009-09-02,31.5,76.75,0.0
2009-09-02,31.5,77.0,0.6504533886909485
2009-09-02,31.5,77.25,0.8560149669647217
2009-09-02,31.5,77.5,2.2418806552886963
2009-09-02,31.75,76.5,0.0
2009-09-02,31.75,76.75,0.128218874335289
2009-09-02,31.75,77.0,1.2033065557479858
2009-09-02,31.75,77.25,1.0610722303390503
2009-09-02,31.75,77.5,1.2174921035766602
2009-09-02,32.0,76.5,0.0
2009-09-02,32.0,76.75,0.963116466999054
2009-09-02,32.0,77.0,1.4532986879348755
2009-09-02,32.0,77.25,1.7656306028366089
2009-09-02,32.0,77.5,1.883067011833191
2009-09-03,31.5,76.5,4.508090972900391
2009-09-03,31.5,76.75,0.9123163819313049
2009-09-03,31.5,77.0,0.29099348187446594
2009-09-03,31.5,77.25,0.2403581440448761
2009-09-03,31.5,77.5,2.708097219467163
2009-09-03,31.75,76.5,9.40646743774414
2009-09-03,31.75,76.75,0.25714486837387085
2009-09-03,31.75,77.0,0.48771730065345764
2009-09-03,31.75,77.25,4.264368534088135
2009-09-03,31.75,77.5,10.933345794677734
2009-09-03,32.0,76.5,29.711454391479492
2009-09-03,32.0,76.75,8.535683631896973
2009-09-03,32.0,77.0,13.266709327697754
2009-09-03,32.0,77.25,12.957311630249023
2009-09-03,32.0,77.5,16.020246505737305
2009-09-04,31.5,76.5,44.966033935546875
2009-09-04,31.5,76.75,49.903507232666016
2009-09-04,31.5,77.0,22.37691879272461
2009-09-04,31.5,77.25,20.79026985168457
2009-09-04,31.5,77.5,8.321239471435547
2009-09-04,31.75,76.5,54.84060287475586
2009-09-04,31.75,76.75,7.2774128913879395
2009-09-04,31.75,77.0,14.63983154296875
2009-09-04,31.75,77.25,17.245866775512695
2009-09-04,31.75,77.5,16.152027130126953
2009-09-04,32.0,76.5,41.477996826171875
2009-09-04,32.0,76.75,11.219717979431152
2009-09-04,32.0,77.0,20.527618408203125
2009-09-04,32.0,77.25,18.472187042236328
2009-09-04,32.0,77.5,19.720823287963867
2009-09-05,31.5,76.5,4.199331760406494
2009-09-05,31.5,76.75,0.43015310168266296
2009-09-05,31.5,77.0,5.488835334777832
2009-09-05,31.5,77.25,5.127687931060791
2009-09-05,31.5,77.5,0.31672805547714233
2009-09-05,31.75,76.5,2.0845541954040527
2009-09-05,31.75,76.75,15.74851131439209
2009-09-05,31.75,77.0,1.924889087677002
2009-09-05,31.75,77.25,3.9201183319091797
2009-09-05,31.75,77.5,4.5405988693237305
2009-09-05,32.0,76.5,5.255989074707031
2009-09-05,32.0,76.75,8.429178237915039
2009-09-05,32.0,77.0,1.0688197612762451
2009-09-05,32.0,77.25,0.0
2009-09-05,32.0,77.5,0.0
2009-09-06,31.5,76.5,0.0
2009-09-06,31.5,76.75,0.0
2009-09-06,31.5,77.0,0.0
2009-09-06,31.5,77.25,0.0
2009-09-06,31.5,77.5,0.0
2009-09-06,31.75,76.5,0.0
2009-09-06,31.75,76.75,0.0
2009-09-06,31.75,77.0,0.0
2009-09-06,31.75,77.25,0.0
2009-09-06,31.75,77.5,0.0
2009-09-06,32.0,76.5,0.0
2009-09-06,32.0,76.75,0.0
2009-09-06,32.0,77.0,0.0
2009-09-06,32.0,77.25,0.0
2009-09-06,32.0,77.5,0.0
2009-09-07,31.5,76.5,0.0
2009-09-07,31.5,76.75,0.0
2009-09-07,31.5,77.0,0.0
2009-09-07,31.5,77.25,0.0
2009-09-07,31.5,77.5,0.728474497795105
2009-09-07,31.75,76.5,0.0
2009-09-07,31.75,76.75,0.0
2009-09-07,31.75,77.0,0.0
2009-09-07,31.75,77.25,0.0
2009-09-07,31.75,77.5,0.0
2009-09-07,32.0,76.5,0.0
2009-09-07,32.0,76.75,0.0
2009-09-07,32.0,77.0,0.0
2009-09-07,32.0,77.25,0.0
2009-09-07,32.0,77.5,0.0
2009-09-08,31.5,76.5,0.0
2009-09-08,31.5,76.75,0.0
2009-09-08,31.5,77.0,0.0
2009-09-08,31.5,77.25,0.0
2009-09-08,31.5,77.5,5.212702751159668
2009-09-08,31.75,76.5,0.0
2009-09-08,31.75,76.75,0.0
2009-09-08,31.75,77.0,0.0
2009-09-08,31.75,77.25,0.0
2009-09-08,31.75,77.5,0.0
2009-09-08,32.0,76.5,0.0
2009-09-08,32.0,76.75,0.0
2009-09-08,32.0,77.0,0.0
2009-09-08,32.0,77.25,0.5350949168205261
2009-09-08,32.0,77.5,0.8593229651451111
2009-09-09,31.5,76.5,13.008866310119629
2009-09-09,31.5,76.75,21.927898406982422
2009-09-09,31.5,77.0,16.646772384643555
2009-09-09,31.5,77.25,17.076656341552734
2009-09-09,31.5,77.5,25.889230728149414
2009-09-09,31.75,76.5,8.05872917175293
2009-09-09,31.75,76.75,18.276823043823242
2009-09-09,31.75,77.0,9.232867240905762
2009-09-09,31.75,77.25,15.071020126342773
2009-09-09,31.75,77.5,14.743969917297363
2009-09-09,32.0,76.5,7.598464012145996
2009-09-09,32.0,76.75,16.45389747619629
2009-09-09,32.0,77.0,13.348607063293457
2009-09-09,32.0,77.25,12.627813339233398
2009-09-09,32.0,77.5,13.652373313903809
2009-09-10,31.5,76.5,60.783111572265625
2009-09-10,31.5,76.75,68.01229858398438
2009-09-10,31.5,77.0,60.07490539550781
2009-09-10,31.5,77.25,61.04471206665039
2009-09-10,31.5,77.5,40.23805236816406
2009-09-10,31.75,76.5,63.450809478759766
2009-09-10,31.75,76.75,54.11289596557617
2009-09-10,31.75,77.0,55.28532028198242
2009-09-10,31.75,77.25,54.19955825805664
2009-09-10,31.75,77.5,45.19257736206055
2009-09-10,32.0,76.5,42.35515213012695
2009-09-10,32.0,76.75,46.82414245605469
2009-09-10,32.0,77.0,43.60125732421875
2009-09-10,32.0,77.25,38.102455139160156
2009-09-10,32.0,77.5,31.640213012695312
2009-09-11,31.5,76.5,15.282715797424316
2009-09-11,31.5,76.75,16.493267059326172
2009-09-11,31.5,77.0,22.638940811157227
2009-09-11,31.5,77.25,26.580217361450195
2009-09-11,31.5,77.5,33.13499069213867
2009-09-11,31.75,76.5,15.46788215637207
2009-09-11,31.75,76.75,18.411287307739258
2009-09-11,31.75,77.0,22.09298324584961
2009-09-11,31.75,77.25,21.035232543945312
2009-09-11,31.75,77.5,20.460227966308594
2009-09-11,32.0,76.5,10.084012985229492
2009-09-11,32.0,76.75,20.108047485351562
2009-09-11,32.0,77.0,20.784067153930664
2009-09-11,32.0,77.25,19.15771484375
2009-09-11,32.0,77.5,17.254629135131836
2009-09-12,31.5,76.5,22.283552169799805
2009-09-12,31.5,76.75,39.83589172363281
2009-09-12,31.5,77.0,41.93075180053711
2009-09-12,31.5,77.25,43.50611114501953
2009-09-12,31.5,77.5,31.719600677490234
2009-09-12,31.75,76.5,9.767308235168457
2009-09-12,31.75,76.75,38.655738830566406
2009-09-12,31.75,77.0,41.83295440673828
2009-09-12,31.75,77.25,39.04916000366211
2009-09-12,31.75,77.5,38.79041290283203
2009-09-12,32.0,76.5,11.83568000793457
2009-09-12,32.0,76.75,38.27238845825195
2009-09-12,32.0,77.0,39.15005874633789
2009-09-12,32.0,77.25,33.9610595703125
2009-09-12,32.0,77.5,30.367891311645508
2009-09-13,31.5,76.5,2.9379284381866455
2009-09-13,31.5,76.75,3.6147191524505615
2009-09-13,31.5,77.0,6.254410743713379
2009-09-13,31.5,77.25,6.792492389678955
2009-09-13,31.5,77.5,3.4278414249420166
2009-09-13,31.75,76.5,1.3726624250411987
2009-09-13,31.75,76.75,7.571376800537109
2009-09-13,31.75,77.0,6.029126167297363
2009-09-13,31.75,77.25,5.461193561553955
2009-09-13,31.75,77.5,4.7063117027282715
2009-09-13,32.0,76.5,2.229813575744629
2009-09-13,32.0,76.75,5.6317644119262695
2009-09-13,32.0,77.0,3.8536555767059326
2009-09-13,32.0,77.25,3.1120147705078125
2009-09-13,32.0,77.5,2.1273434162139893
2009-09-14,31.5,76.5,0.0
2009-09-14,31.5,76.75,0.0
2009-09-14,31.5,77.0,0.0
2009-09-14,31.5,77.25,0.0
2009-09-14,31.5,77.5,0.0
2009-09-14,31.75,76.5,0.0
2009-09-14,31.75,76.75,0.0
2009-09-14,31.75,77.0,0.0
2009-09-14,31.75,77.25,0.0
2009-09-14,31.75,77.5,0.0
2009-09-14,32.0,76.5,0.0
2009-09-14,32.0,76.75,0.0
2009-09-14,32.0,77.0,0.0
2009-09-14,32.0,77.25,0.0
2009-09-14,32.0,77.5,0.0
2009-09-15,31.5,76.5,0.0
2009-09-15,31.5,76.75,0.0
2009-09-15,31.5,77.0,0.0
2009-09-15,31.5,77.25,0.0
2009-09-15,31.5,77.5,0.0
2009-09-15,31.75,76.5,0.0
2009-09-15,31.75,76.75,0.0
2009-09-15,31.75,77.0,0.0
2009-09-15,31.75,77.25,0.0
2009-09-15,31.75,77.5,0.0
2009-09-15,32.0,76.5,0.861854612827301
2009-09-15,32.0,76.75,0.0
2009-09-15,32.0,77.0,0.0
2009-09-15,32.0,77.25,0.11890998482704163
2009-09-15,32.0,77.5,0.19096066057682037
2009-09-16,31.5,76.5,0.0
2009-09-16,31.5,76.75,0.0
2009-09-16,31.5,77.0,0.0
2009-09-16,31.5,77.25,0.0
2009-09-16,31.5,77.5,0.0
2009-09-16,31.75,76.5,0.0
2009-09-16,31.75,76.75,0.0
2009-09-16,31.75,77.0,0.0
2009-09-16,31.75,77.25,0.0
2009-09-16,31.75,77.5,0.0
2009-09-16,32.0,76.5,0.0
2009-09-16,32.0,76.75,0.0
2009-09-16,32.0,77.0,0.0
2009-09-16,32.0,77.25,0.0
2009-09-16,32.0,77.5,0.0
2009-09-17,31.5,76.5,0.0
2009-09-17,31.5,76.75,0.0
2009-09-17,31.5,77.0,0.0
2009-09-17,31.5,77.25,0.0
2009-09-17,31.5,77.5,0.0
2009-09-17,31.75,76.5,0.0
2009-09-17,31.75,76.75,0.0
2009-09-17,31.75,77.0,0.0
2009-09-17,31.75,77.25,0.0
2009-09-17,31.75,77.5,0.0
2009-09-17,32.0,76.5,0.0
2009-09-17,32.0,76.75,0.0
2009-09-17,32.0,77.0,0.0
2009-09-17,32.0,77.25,0.0
2009-09-17,32.0,77.5,0.0
2009-09-18,31.5,76.5,0.0
2009-09-18,31.5,76.75,0.0
2009-09-18,31.5,77.0,0.0
2009-09-18,31.5,77.25,0.0
2009-09-18,31.5,77.5,0.0
2009-09-18,31.75,76.5,0.0
2009-09-18,31.75,76.75,0.0
2009-09-18,31.75,77.0,0.0
2009-09-18,31.75,77.25,0.0
2009-09-18,31.75,77.5,0.0
2009-09-18,32.0,76.5,0.0
2009-09-18,32.0,76.75,0.0
2009-09-18,32.0,77.0,0.0
2009-09-18,32.0,77.25,0.0
2009-09-18,32.0,77.5,0.0
2009-09-19,31.5,76.5,0.0
2009-09-19,31.5,76.75,0.0
2009-09-19,31.5,77.0,0.0
2009-09-19,31.5,77.25,0.0
2009-09-19,31.5,77.5,0.0
2009-09-19,31.75,76.5,0.0
2009-09-19,31.75,76.75,0.0
2009-09-19,31.75,77.0,0.0
2009-09-19,31.75,77.25,0.0
2009-09-19,31.75,77.5,0.0
2009-09-19,32.0,76.5,0.0
2009-09-19,32.0,76.75,0.0
2009-09-19,32.0,77.0,0.0
2009-09-19,32.0,77.25,0.0
2009-09-19,32.0,77.5,0.0
2009-09-20,31.5,76.5,0.0
2009-09-20,31.5,76.75,0.0
2009-09-20,31.5,77.0,0.0
2009-09-20,31.5,77.25,0.0
2009-09-20,31.5,77.5,0.0
2009-09-20,31.75,76.5,0.0
2009-09-20,31.75,76.75,0.0
2009-09-20,31.75,77.0,0.0
2009-09-20,31.75,77.25,0.0
2009-09-20,31.75,77.5,0.0
2009-09-20,32.0,76.5,0.0
2009-09-20,32.0,76.75,0.0
2009-09-20,32.0,77.0,0.0
2009-09-20,32.0,77.25,0.0
2009-09-20,32.0,77.5,0.0
2009-09-21,31.5,76.5,0.0
2009-09-21,31.5,76.75,0.0
2009-09-21,31.5,77.0,0.0
2009-09-21,31.5,77.25,0.0
2009-09-21,31.5,77.5,0.0
2009-09-21,31.75,76.5,0.0
2009-09-21,31.75,76.75,0.0
2009-09-21,31.75,77.0,0.0
2009-09-21,31.75,77.25,0.0
2009-09-21,31.75,77.5,0.0
2009-09-21,32.0,76.5,0.0
2009-09-21,32.0,76.75,0.0
2009-09-21,32.0,77.0,0.0
2009-09-21,32.0,77.25,0.16647396981716156
2009-09-21,32.0,77.5,0.2673449218273163
2009-09-22,31.5,76.5,1.2885528802871704
2009-09-22,31.5,76.75,3.7646281719207764
2009-09-22,31.5,77.0,1.2609717845916748
2009-09-22,31.5,77.25,1.0415520668029785
2009-09-22,31.5,77.5,0.0
2009-09-22,31.75,76.5,0.436996728181839
2009-09-22,31.75,76.75,0.379616379737854
2009-09-22,31.75,77.0,0.27831926941871643
2009-09-22,31.75,77.25,1.2031490802764893
2009-09-22,31.75,77.5,2.16566801071167
2009-09-22,32.0,76.5,0.2825952470302582
2009-09-22,32.0,76.75,1.5746312141418457
2009-09-22,32.0,77.0,2.717271327972412
2009-09-22,32.0,77.25,2.5410919189453125
2009-09-22,32.0,77.5,3.2313222885131836
2009-09-23,31.5,76.5,9.279207229614258
2009-09-23,31.5,76.75,0.0
2009-09-23,31.5,77.0,0.0
2009-09-23,31.5,77.25,0.0
2009-09-23,31.5,77.5,0.0
2009-09-23,31.75,76.5,18.09794807434082
2009-09-23,31.75,76.75,0.37361836433410645
2009-09-23,31.75,77.0,0.0
2009-09-23,31.75,77.25,0.0
2009-09-23,31.75,77.5,0.0
2009-09-23,32.0,76.5,8.731606483459473
2009-09-23,32.0,76.75,0.0
2009-09-23,32.0,77.0,0.0
2009-09-23,32.0,77.25,0.0
2009-09-23,32.0,77.5,0.0
2009-09-24,31.5,76.5,0.0
2009-09-24,31.5,76.75,0.0
2009-09-24,31.5,77.0,0.0
2009-09-24,31.5,77.25,0.0
2009-09-24,31.5,77.5,0.0
2009-09-24,31.75,76.5,0.0
2009-09-24,31.75,76.75,0.0
2009-09-24,31.75,77.0,0.0
2009-09-24,31.75,77.25,0.0
2009-09-24,31.75,77.5,0.0
2009-09-24,32.0,76.5,0.0
2009-09-24,32.0,76.75,0.0
2009-09-24,32.0,77.0,0.0
2009-09-24,32.0,77.25,0.0
2009-09-24,32.0,77.5,0.0
2009-09-25,31.5,76.5,7.40777063369751
2009-09-25,31.5,76.75,0.0
2009-09-25,31.5,77.0,0.0
2009-09-25,31.5,77.25,0.0
2009-09-25,31.5,77.5,0.0
2009-09-25,31.75,76.5,14.447941780090332
2009-09-25,31.75,76.75,0.29826676845550537
2009-09-25,31.75,77.0,0.0
2009-09-25,31.75,77.25,0.0
2009-09-25,31.75,77.5,0.0
2009-09-25,32.0,76.5,6.970610618591309
2009-09-25,32.0,76.75,0.0
2009-09-25,32.0,77.0,0.0
2009-09-25,32.0,77.25,0.0
2009-09-25,32.0,77.5,0.0
2009-09-26,31.5,76.5,0.0
2009-09-26,31.5,76.75,0.0
2009-09-26,31.5,77.0,0.0
2009-09-26,31.5,77.25,0.0
2009-09-26,31.5,77.5,0.15940208733081818
2009-09-26,31.75,76.5,0.0
2009-09-26,31.75,76.75,0.0
2009-09-26,31.75,77.0,0.0
2009-09-26,31.75,77.25,0.0
2009-09-26,31.75,77.5,0.0
2009-09-26,32.0,76.5,0.0
2009-09-26,32.0,76.75,0.0
2009-09-26,32.0,77.0,0.0
2009-09-26,32.0,77.25,0.0
2009-09-26,32.0,77.5,0.0
2009-09-27,31.5,76.5,0.0
2009-09-27,31.5,76.75,0.0
2009-09-27,31.5,77.0,0.0
2009-09-27,31.5,77.25,0.0
2009-09-27,31.5,77.5,0.6376083493232727
2009-09-27,31.75,76.5,0.0
2009-09-27,31.75,76.75,0.0
2009-09-27,31.75,77.0,0.0
2009-09-27,31.75,77.25,0.0
2009-09-27,31.75,77.5,0.0
2009-09-27,32.0,76.5,1.9358350038528442
2009-09-27,32.0,76.75,0.0
2009-09-27,32.0,77.0,0.0
2009-09-27,32.0,77.25,0.0
2009-09-27,32.0,77.5,0.0
2009-09-28,31.5,76.5,0.0
2009-09-28,31.5,76.75,0.0
2009-09-28,31.5,77.0,0.0
2009-09-28,31.5,77.25,0.0
2009-09-28,31.5,77.5,0.0
2009-09-28,31.75,76.5,0.0
2009-09-28,31.75,76.75,0.0
2009-09-28,31.75,77.0,0.0
2009-09-28,31.75,77.25,0.0
2009-09-28,31.75,77.5,0.0
2009-09-28,32.0,76.5,1.5838648080825806
2009-09-28,32.0,76.75,0.0
2009-09-28,32.0,77.0,0.0
2009-09-28,32.0,77.25,0.0
2009-09-28,32.0,77.5,0.0
2009-09-29,31.5,76.5,0.0
2009-09-29,31.5,76.75,0.0
2009-09-29,31.5,77.0,0.0
2009-09-29,31.5,77.25,0.0
2009-09-29,31.5,77.5,0.0
2009-09-29,31.75,76.5,0.0
2009-09-29,31.75,76.75,0.0
2009-09-29,31.75,77.0,0.0
2009-09-29,31.75,77.25,0.0
2009-09-29,31.75,77.5,0.0
2009-09-29,32.0,76.5,0.0
2009-09-29,32.0,76.75,0.0
2009-09-29,32.0,77.0,0.0
2009-09-29,32.0,77.25,0.0
2009-09-29,32.0,77.5,0.0
2009-09-30,31.5,76.5,0.0
2009-09-30,31.5,76.75,0.0
2009-09-30,31.5,77.0,0.0
2009-09-30,31.5,77.25,0.0
2009-09-30,31.5,77.5,0.0
2009-09-30,31.75,76.5,0.0
2009-09-30,31.75,76.75,0.0
2009-09-30,31.75,77.0,0.0
2009-09-30,31.75,77.25,0.0
2009-09-30,31.75,77.5,0.0
2009-09-30,32.0,76.5,0.0
2009-09-30,32.0,76.75,0.0
2009-09-30,32.0,77.0,0.0
2009-09-30,32.0,77.25,0.0
2009-09-30,32.0,77.5,0.0
2009-10-01,31.5,76.5,1.5988296270370483
2009-10-01,31.5,76.75,0.17814421653747559
2009-10-01,31.5,77.0,2.2731540203094482
2009-10-01,31.5,77.25,2.1235878467559814
2009-10-01,31.5,77.5,0.0
2009-10-01,31.75,76.5,0.8633002042770386
2009-10-01,31.75,76.75,6.522110939025879
2009-10-01,31.75,77.0,0.7971763014793396
2009-10-01,31.75,77.25,1.623483419418335
2009-10-01,31.75,77.5,1.664553165435791
2009-10-01,32.0,76.5,9.74873161315918
2009-10-01,32.0,76.75,2.5355136394500732
2009-10-01,32.0,77.0,0.5471155047416687
2009-10-01,32.0,77.25,0.827436625957489
2009-10-01,32.0,77.5,0.9839054942131042
2009-10-02,31.5,76.5,0.0
2009-10-02,31.5,76.75,0.1930578649044037
2009-10-02,31.5,77.0,0.0
2009-10-02,31.5,77.25,0.0
2009-10-02,31.5,77.5,0.0
2009-10-02,31.75,76.5,0.0
2009-10-02,31.75,76.75,0.0
2009-10-02,31.75,77.0,0.10838162899017334
2009-10-02,31.75,77.25,0.9476374387741089
2009-10-02,31.75,77.5,2.4482338428497314
2009-10-02,32.0,76.5,0.0
2009-10-02,32.0,76.75,3.3376097679138184
2009-10-02,32.0,77.0,3.4481098651885986
2009-10-02,32.0,77.25,4.150942325592041
2009-10-02,32.0,77.5,4.246597766876221
2009-10-03,31.5,76.5,0.0
2009-10-03,31.5,76.75,0.0
2009-10-03,31.5,77.0,0.0
2009-10-03,31.5,77.25,0.0
2009-10-03,31.5,77.5,0.0
2009-10-03,31.75,76.5,0.0
2009-10-03,31.75,76.75,0.0
2009-10-03,31.75,77.0,0.0
2009-10-03,31.75,77.25,0.0
2009-10-03,31.75,77.5,0.0
2009-10-03,32.0,76.5,5.35581111907959
2009-10-03,32.0,76.75,0.0
2009-10-03,32.0,77.0,0.0
2009-10-03,32.0,77.25,0.0
2009-10-03,32.0,77.5,0.0
2009-10-04,31.5,76.5,1.3415347337722778
2009-10-04,31.5,76.75,1.6357076168060303
2009-10-04,31.5,77.0,1.6816201210021973
2009-10-04,31.5,77.25,1.514994740486145
2009-10-04,31.5,77.5,0.5701104998588562
2009-10-04,31.75,76.5,0.6654037833213806
2009-10-04,31.75,76.75,3.496333360671997
2009-10-04,31.75,77.0,0.540540337562561
2009-10-04,31.75,77.25,1.495045781135559
2009-10-04,31.75,77.5,1.991198182106018
2009-10-04,32.0,76.5,35.158164978027344
2009-10-04,32.0,76.75,2.746262788772583
2009-10-04,32.0,77.0,1.7023768424987793
2009-10-04,32.0,77.25,2.158013105392456
2009-10-04,32.0,77.5,2.2825770378112793
2009-10-05,31.5,76.5,3.633037805557251
2009-10-05,31.5,76.75,2.649191379547119
2009-10-05,31.5,77.0,1.8412895202636719
2009-10-05,31.5,77.25,2.026439666748047
2009-10-05,31.5,77.5,1.3959962129592896
2009-10-05,31.75,76.5,4.901190757751465
2009-10-05,31.75,76.75,0.5433103442192078
2009-10-05,31.75,77.0,1.8561660051345825
2009-10-05,31.75,77.25,1.8260464668273926
2009-10-05,31.75,77.5,1.9101134538650513
2009-10-05,32.0,76.5,2.0778651237487793
2009-10-05,32.0,76.75,1.7656904458999634
2009-10-05,32.0,77.0,2.2305614948272705
2009-10-05,32.0,77.25,2.2463083267211914
2009-10-05,32.0,77.5,2.220466136932373
2009-10-06,31.5,76.5,0.0
2009-10-06,31.5,76.75,0.0
2009-10-06,31.5,77.0,0.0
2009-10-06,31.5,77.25,0.0
2009-10-06,31.5,77.5,0.0
2009-10-06,31.75,76.5,0.0
2009-10-06,31.75,76.75,0.0
2009-10-06,31.75,77.0,0.0
2009-10-06,31.75,77.25,0.0
2009-10-06,31.75,77.5,0.0
2009-10-06,32.0,76.5,0.0
2009-10-06,32.0,76.75,0.0
2009-10-06,32.0,77.0,0.0
2009-10-06,32.0,77.25,0.0
2009-10-06,32.0,77.5,0.0
2009-10-07,31.5,76.5,0.0
2009-10-07,31.5,76.75,0.0
2009-10-07,31.5,77.0,0.0
2009-10-07,31.5,77.25,0.0
2009-10-07,31.5,77.5,0.0
2009-10-07,31.75,76.5,0.0
2009-10-07,31.75,76.75,0.0
2009-10-07,31.75,77.0,0.0
2009-10-07,31.75,77.25,0.0
2009-10-07,31.75,77.5,0.0
2009-10-07,32.0,76.5,0.0
2009-10-07,32.0,76.75,0.0
2009-10-07,32.0,77.0,0.0
2009-10-07,32.0,77.25,0.0
2009-10-07,32.0,77.5,0.0
2009-10-08,31.5,76.5,0.0
2009-10-08,31.5,76.75,0.0
2009-10-08,31.5,77.0,0.0
2009-10-08,31.5,77.25,0.0
2009-10-08,31.5,77.5,0.0
2009-10-08,31.75,76.5,0.0
2009-10-08,31.75,76.75,0.0
2009-10-08,31.75,77.0,0.0
2009-10-08,31.75,77.25,0.0
2009-10-08,31.75,77.5,0.0
2009-10-08,32.0,76.5,0.0
2009-10-08,32.0,76.75,0.0
2009-10-08,32.0,77.0,0.0
2009-10-08,32.0,77.25,0.0
2009-10-08,32.0,77.5,0.0
2009-10-09,31.5,76.5,0.0
2009-10-09,31.5,76.75,0.0
2009-10-09,31.5,77.0,0.0
2009-10-09,31.5,77.25,0.0
2009-10-09,31.5,77.5,0.0
2009-10-09,31.75,76.5,0.0
2009-10-09,31.75,76.75,0.0
2009-10-09,31.75,77.0,0.0
2009-10-09,31.75,77.25,0.0
2009-10-09,31.75,77.5,0.0
2009-10-09,32.0,76.5,1.354343056678772
2009-10-09,32.0,76.75,0.0
2009-10-09,32.0,77.0,0.0
2009-10-09,32.0,77.25,0.0
2009-10-09,32.0,77.5,0.0
2009-10-10,31.5,76.5,0.0
2009-10-10,31.5,76.75,0.0
2009-10-10,31.5,77.0,0.0
2009-10-10,31.5,77.25,0.0
2009-10-10,31.5,77.5,0.0
2009-10-10,31.75,76.5,0.0
2009-10-10,31.75,76.75,0.0
2009-10-10,31.75,77.0,0.0
2009-10-10,31.75,77.25,0.0
2009-10-10,31.75,77.5,0.0
2009-10-10,32.0,76.5,0.0
2009-10-10,32.0,76.75,0.0
2009-10-10,32.0,77.0,0.0
2009-10-10,32.0,77.25,0.0
2009-10-10,32.0,77.5,0.0
2009-10-11,31.5,76.5,0.0
2009-10-11,31.5,76.75,0.0
2009-10-11,31.5,77.0,0.0
2009-10-11,31.5,77.25,0.0
2009-10-11,31.5,77.5,0.0
2009-10-11,31.75,76.5,0.0
2009-10-11,31.75,76.75,0.0
2009-10-11,31.75,77.0,0.0
2009-10-11,31.75,77.25,0.0
2009-10-11,31.75,77.5,0.0
2009-10-11,32.0,76.5,0.0
2009-10-11,32.0,76.75,0.0
2009-10-11,32.0,77.0,0.0
2009-10-11,32.0,77.25,0.0
2009-10-11,32.0,77.5,0.0
2009-10-12,31.5,76.5,0.0
2009-10-12,31.5,76.75,0.0
2009-10-12,31.5,77.0,0.0
2009-10-12,31.5,77.25,0.0
2009-10-12,31.5,77.5,0.0
2009-10-12,31.75,76.5,0.0
2009-10-12,31.75,76.75,0.0
2009-10-12,31.75,77.0,0.0
2009-10-12,31.75,77.25,0.0
2009-10-12,31.75,77.5,0.0
2009-10-12,32.0,76.5,0.0
2009-10-12,32.0,76.75,0.0
2009-10-12,32.0,77.0,0.0
2009-10-12,32.0,77.25,0.0
2009-10-12,32.0,77.5,0.0
2009-10-13,31.5,76.5,0.0
2009-10-13,31.5,76.75,0.0
2009-10-13,31.5,77.0,0.0
2009-10-13,31.5,77.25,0.0
2009-10-13,31.5,77.5,0.0
2009-10-13,31.75,76.5,0.0
2009-10-13,31.75,76.75,0.0
2009-10-13,31.75,77.0,0.0
2009-10-13,31.75,77.25,0.0
2009-10-13,31.75,77.5,0.0
2009-10-13,32.0,76.5,0.0
2009-10-13,32.0,76.75,0.0
2009-10-13,32.0,77.0,0.0
2009-10-13,32.0,77.25,0.0
2009-10-13,32.0,77.5,0.0
2009-10-14,31.5,76.5,0.0
2009-10-14,31.5,76.75,0.0
2009-10-14,31.5,77.0,0.0
2009-10-14,31.5,77.25,0.0
2009-10-14,31.5,77.5,0.0
2009-10-14,31.75,76.5,0.0
2009-10-14,31.75,76.75,0.0
2009-10-14,31.75,77.0,0.0
2009-10-14,31.75,77.25,0.0
2009-10-14,31.75,77.5,0.0
2009-10-14,32.0,76.5,0.0
2009-10-14,32.0,76.75,0.0
2009-10-14,32.0,77.0,0.0
2009-10-14,32.0,77.25,0.0
2009-10-14,32.0,77.5,0.0
2009-10-15,31.5,76.5,0.0
2009-10-15,31.5,76.75,0.0
2009-10-15,31.5,77.0,0.0
2009-10-15,31.5,77.25,0.0
2009-10-15,31.5,77.5,0.0
2009-10-15,31.75,76.5,0.0
2009-10-15,31.75,76.75,0.0
2009-10-15,31.75,77.0,0.0
2009-10-15,31.75,77.25,0.0
2009-10-15,31.75,77.5,0.0
2009-10-15,32.0,76.5,0.0
2009-10-15,32.0,76.75,0.0
2009-10-15,32.0,77.0,0.0
2009-10-15,32.0,77.25,0.0
2009-10-15,32.0,77.5,0.0
2009-10-16,31.5,76.5,0.0
2009-10-16,31.5,76.75,0.0
2009-10-16,31.5,77.0,0.0
2009-10-16,31.5,77.25,0.0
2009-10-16,31.5,77.5,0.0
2009-10-16,31.75,76.5,0.0
2009-10-16,31.75,76.75,0.0
2009-10-16,31.75,77.0,0.0
2009-10-16,31.75,77.25,0.0
2009-10-16,31.75,77.5,0.0
2009-10-16,32.0,76.5,0.0
2009-10-16,32.0,76.75,0.0
2009-10-16,32.0,77.0,0.0
2009-10-16,32.0,77.25,0.0
2009-10-16,32.0,77.5,0.0
2009-10-17,31.5,76.5,0.0
2009-10-17,31.5,76.75,0.0
2009-10-17,31.5,77.0,0.0
2009-10-17,31.5,77.25,0.0
2009-10-17,31.5,77.5,0.0
2009-10-17,31.75,76.5,0.0
2009-10-17,31.75,76.75,0.0
2009-10-17,31.75,77.0,0.0
2009-10-17,31.75,77.25,0.0
2009-10-17,31.75,77.5,0.0
2009-10-17,32.0,76.5,0.0
2009-10-17,32.0,76.75,0.0
2009-10-17,32.0,77.0,0.0
2009-10-17,32.0,77.25,0.0
2009-10-17,32.0,77.5,0.0
2009-10-18,31.5,76.5,0.0
2009-10-18,31.5,76.75,0.0
2009-10-18,31.5,77.0,0.0
2009-10-18,31.5,77.25,0.0
2009-10-18,31.5,77.5,0.0
2009-10-18,31.75,76.5,0.0
2009-10-18,31.75,76.75,0.0
2009-10-18,31.75,77.0,0.0
2009-10-18,31.75,77.25,0.0
2009-10-18,31.75,77.5,0.0
2009-10-18,32.0,76.5,0.0
2009-10-18,32.0,76.75,0.0
2009-10-18,32.0,77.0,0.0
2009-10-18,32.0,77.25,0.0
2009-10-18,32.0,77.5,0.0
2009-10-19,31.5,76.5,0.0
2009-10-19,31.5,76.75,0.0
2009-10-19,31.5,77.0,0.0
2009-10-19,31.5,77.25,0.0
2009-10-19,31.5,77.5,0.0
2009-10-19,31.75,76.5,0.0
2009-10-19,31.75,76.75,0.0
2009-10-19,31.75,77.0,0.0
2009-10-19,31.75,77.25,0.0
2009-10-19,31.75,77.5,0.0
2009-10-19,32.0,76.5,0.0
2009-10-19,32.0,76.75,0.0
2009-10-19,32.0,77.0,0.0
2009-10-19,32.0,77.25,0.0
2009-10-19,32.0,77.5,0.0
2009-10-20,31.5,76.5,0.0
2009-10-20,31.5,76.75,0.0
2009-10-20,31.5,77.0,0.0
2009-10-20,31.5,77.25,0.0
2009-10-20,31.5,77.5,0.0
2009-10-20,31.75,76.5,0.0
2009-10-20,31.75,76.75,0.0
2009-10-20,31.75,77.0,0.0
2009-10-20,31.75,77.25,0.0
2009-10-20,31.75,77.5,0.0
2009-10-20,32.0,76.5,0.0
2009-10-20,32.0,76.75,0.0
2009-10-20,32.0,77.0,0.0
2009-10-20,32.0,77.25,0.0
2009-10-20,32.0,77.5,0.0
2009-10-21,31.5,76.5,0.0
2009-10-21,31.5,76.75,0.0
2009-10-21,31.5,77.0,0.0
2009-10-21,31.5,77.25,0.0
2009-10-21,31.5,77.5,0.0
2009-10-21,31.75,76.5,0.0
2009-10-21,31.75,76.75,0.0
2009-10-21,31.75,77.0,0.0
2009-10-21,31.75,77.25,0.0
2009-10-21,31.75,77.5,0.0
2009-10-21,32.0,76.5,0.0
2009-10-21,32.0,76.75,0.0
2009-10-21,32.0,77.0,0.0
2009-10-21,32.0,77.25,0.0
2009-10-21,32.0,77.5,0.0
2009-10-22,31.5,76.5,0.0
2009-10-22,31.5,76.75,0.0
2009-10-22,31.5,77.0,0.0
2009-10-22,31.5,77.25,0.0
2009-10-22,31.5,77.5,0.0
2009-10-22,31.75,76.5,0.0
2009-10-22,31.75,76.75,0.0
2009-10-22,31.75,77.0,0.0
2009-10-22,31.75,77.25,0.0
2009-10-22,31.75,77.5,0.0
2009-10-22,32.0,76.5,0.0
2009-10-22,32.0,76.75,0.0
2009-10-22,32.0,77.0,0.0
2009-10-22,32.0,77.25,0.0
2009-10-22,32.0,77.5,0.0
2009-10-23,31.5,76.5,0.0
2009-10-23,31.5,76.75,0.0
2009-10-23,31.5,77.0,0.0
2009-10-23,31.5,77.25,0.0
2009-10-23,31.5,77.5,0.0
2009-10-23,31.75,76.5,0.0
2009-10-23,31.75,76.75,0.0
2009-10-23,31.75,77.0,0.0
2009-10-23,31.75,77.25,0.0
2009-10-23,31.75,77.5,0.0
2009-10-23,32.0,76.5,0.0
2009-10-23,32.0,76.75,0.0
2009-10-23,32.0,77.0,0.0
2009-10-23,32.0,77.25,0.0
2009-10-23,32.0,77.5,0.0
2009-10-24,31.5,76.5,0.0
2009-10-24,31.5,76.75,0.0
2009-10-24,31.5,77.0,0.0
2009-10-24,31.5,77.25,0.0
2009-10-24,31.5,77.5,0.0
2009-10-24,31.75,76.5,0.0
2009-10-24,31.75,76.75,0.0
2009-10-24,31.75,77.0,0.0
2009-10-24,31.75,77.25,0.0
2009-10-24,31.75,77.5,0.0
2009-10-24,32.0,76.5,0.0
2009-10-24,32.0,76.75,0.0
2009-10-24,32.0,77.0,0.0
2009-10-24,32.0,77.25,0.0
2009-10-24,32.0,77.5,0.0
2009-10-25,31.5,76.5,0.0
2009-10-25,31.5,76.75,0.0
2009-10-25,31.5,77.0,0.0
2009-10-25,31.5,77.25,0.0
2009-10-25,31.5,77.5,0.0
2009-10-25,31.75,76.5,0.0
2009-10-25,31.75,76.75,0.0
2009-10-25,31.75,77.0,0.0
2009-10-25,31.75,77.25,0.0
2009-10-25,31.75,77.5,0.0
2009-10-25,32.0,76.5,0.0
2009-10-25,32.0,76.75,0.0
2009-10-25,32.0,77.0,0.0
2009-10-25,32.0,77.25,0.0
2009-10-25,32.0,77.5,0.0
2009-10-26,31.5,76.5,0.0
2009-10-26,31.5,76.75,0.0
2009-10-26,31.5,77.0,0.0
2009-10-26,31.5,77.25,0.0
2009-10-26,31.5,77.5,0.0
2009-10-26,31.75,76.5,0.0
2009-10-26,31.75,76.75,0.0
2009-10-26,31.75,77.0,0.0
2009-10-26,31.75,77.25,0.0
2009-10-26,31.75,77.5,0.0
2009-10-26,32.0,76.5,0.0
2009-10-26,32.0,76.75,0.0
2009-10-26,32.0,77.0,0.0
2009-10-26,32.0,77.25,0.0
2009-10-26,32.0,77.5,0.0
2009-10-27,31.5,76.5,0.0
2009-10-27,31.5,76.75,0.0
2009-10-27,31.5,77.0,0.0
2009-10-27,31.5,77.25,0.0
2009-10-27,31.5,77.5,0.0
2009-10-27,31.75,76.5,0.0
2009-10-27,31.75,76.75,0.0
2009-10-27,31.75,77.0,0.0
2009-10-27,31.75,77.25,0.0
2009-10-27,31.75,77.5,0.0
2009-10-27,32.0,76.5,0.0
2009-10-27,32.0,76.75,0.0
2009-10-27,32.0,77.0,0.0
2009-10-27,32.0,77.25,0.0
2009-10-27,32.0,77.5,0.0
2009-10-28,31.5,76.5,0.0
2009-10-28,31.5,76.75,0.0
2009-10-28,31.5,77.0,0.0
2009-10-28,31.5,77.25,0.0
2009-10-28,31.5,77.5,0.0
2009-10-28,31.75,76.5,0.0
2009-10-28,31.75,76.75,0.0
2009-10-28,31.75,77.0,0.0
2009-10-28,31.75,77.25,0.0
2009-10-28,31.75,77.5,0.0
2009-10-28,32.0,76.5,0.0
2009-10-28,32.0,76.75,0.0
2009-10-28,32.0,77.0,0.0
2009-10-28,32.0,77.25,0.0
2009-10-28,32.0,77.5,0.0
2009-10-29,31.5,76.5,0.0
2009-10-29,31.5,76.75,0.0
2009-10-29,31.5,77.0,0.0
2009-10-29,31.5,77.25,0.0
2009-10-29,31.5,77.5,0.0
2009-10-29,31.75,76.5,0.0
2009-10-29,31.75,76.75,0.0
2009-10-29,31.75,77.0,0.0
2009-10-29,31.75,77.25,0.0
2009-10-29,31.75,77.5,0.0
2009-10-29,32.0,76.5,0.0
2009-10-29,32.0,76.75,0.0
2009-10-29,32.0,77.0,0.0
2009-10-29,32.0,77.25,0.0
2009-10-29,32.0,77.5,0.0
2009-10-30,31.5,76.5,0.0
2009-10-30,31.5,76.75,0.0
2009-10-30,31.5,77.0,0.0
2009-10-30,31.5,77.25,0.0
2009-10-30,31.5,77.5,0.0
2009-10-30,31.75,76.5,0.0
2009-10-30,31.75,76.75,0.0
2009-10-30,31.75,77.0,0.0
2009-10-30,31.75,77.25,0.0
2009-10-30,31.75,77.5,0.0
2009-10-30,32.0,76.5,0.0
2009-10-30,32.0,76.75,0.0
2009-10-30,32.0,77.0,0.0
2009-10-30,32.0,77.25,0.0
2009-10-30,32.0,77.5,0.0
2009-10-31,31.5,76.5,0.0
2009-10-31,31.5,76.75,0.0
2009-10-31,31.5,77.0,0.0
2009-10-31,31.5,77.25,0.0
2009-10-31,31.5,77.5,0.8234929442405701
2009-10-31,31.75,76.5,0.0
2009-10-31,31.75,76.75,0.0
2009-10-31,31.75,77.0,0.0
2009-10-31,31.75,77.25,0.0
2009-10-31,31.75,77.5,0.0
2009-10-31,32.0,76.5,0.0
2009-10-31,32.0,76.75,0.0
2009-10-31,32.0,77.0,0.0
2009-10-31,32.0,77.25,0.0
2009-10-31,32.0,77.5,0.0
2009-11-01,31.5,76.5,0.0
2009-11-01,31.5,76.75,0.0
2009-11-01,31.5,77.0,0.0
2009-11-01,31.5,77.25,0.0
2009-11-01,31.5,77.5,0.0
2009-11-01,31.75,76.5,0.0
2009-11-01,31.75,76.75,0.0
2009-11-01,31.75,77.0,0.0
2009-11-01,31.75,77.25,0.0
2009-11-01,31.75,77.5,0.0
2009-11-01,32.0,76.5,0.0
2009-11-01,32.0,76.75,0.0
2009-11-01,32.0,77.0,0.0
2009-11-01,32.0,77.25,0.0
2009-11-01,32.0,77.5,0.0
2009-11-02,31.5,76.5,0.0
2009-11-02,31.5,76.75,0.0
2009-11-02,31.5,77.0,0.0
2009-11-02,31.5,77.25,0.0
2009-11-02,31.5,77.5,0.0
2009-11-02,31.75,76.5,0.0
2009-11-02,31.75,76.75,0.0
2009-11-02,31.75,77.0,0.0
2009-11-02,31.75,77.25,0.0
2009-11-02,31.75,77.5,0.0
2009-11-02,32.0,76.5,0.0
2009-11-02,32.0,76.75,0.0
2009-11-02,32.0,77.0,0.0
2009-11-02,32.0,77.25,0.0
2009-11-02,32.0,77.5,0.0
2009-11-03,31.5,76.5,0.0
2009-11-03,31.5,76.75,0.0
2009-11-03,31.5,77.0,0.0
2009-11-03,31.5,77.25,0.0
2009-11-03,31.5,77.5,0.0
2009-11-03,31.75,76.5,0.0
2009-11-03,31.75,76.75,0.0
2009-11-03,31.75,77.0,0.0
2009-11-03,31.75,77.25,0.0
2009-11-03,31.75,77.5,0.0
2009-11-03,32.0,76.5,0.0
2009-11-03,32.0,76.75,0.0
2009-11-03,32.0,77.0,0.0
2009-11-03,32.0,77.25,0.0
2009-11-03,32.0,77.5,0.0
2009-11-04,31.5,76.5,0.0
2009-11-04,31.5,76.75,0.0
2009-11-04,31.5,77.0,0.0
2009-11-04,31.5,77.25,0.0
2009-11-04,31.5,77.5,0.0
2009-11-04,31.75,76.5,0.0
2009-11-04,31.75,76.75,0.0
2009-11-04,31.75,77.0,0.0
2009-11-04,31.75,77.25,0.0
2009-11-04,31.75,77.5,0.0
2009-11-04,32.0,76.5,0.0
2009-11-04,32.0,76.75,0.0
2009-11-04,32.0,77.0,0.0
2009-11-04,32.0,77.25,0.0
2009-11-04,32.0,77.5,0.0
2009-11-05,31.5,76.5,0.0
2009-11-05,31.5,76.75,0.0
2009-11-05,31.5,77.0,0.0
2009-11-05,31.5,77.25,0.0
2009-11-05,31.5,77.5,0.0
2009-11-05,31.75,76.5,0.0
2009-11-05,31.75,76.75,0.0
2009-11-05,31.75,77.0,0.0
2009-11-05,31.75,77.25,0.0
2009-11-05,31.75,77.5,0.0
2009-11-05,32.0,76.5,0.0
2009-11-05,32.0,76.75,0.0
2009-11-05,32.0,77.0,0.0
2009-11-05,32.0,77.25,0.0
2009-11-05,32.0,77.5,0.0
2009-11-06,31.5,76.5,0.0
2009-11-06,31.5,76.75,0.0
2009-11-06,31.5,77.0,0.0
2009-11-06,31.5,77.25,0.0
2009-11-06,31.5,77.5,0.0
2009-11-06,31.75,76.5,0.0
2009-11-06,31.75,76.75,0.0
2009-11-06,31.75,77.0,0.0
2009-11-06,31.75,77.25,0.0
2009-11-06,31.75,77.5,0.0
2009-11-06,32.0,76.5,0.0
2009-11-06,32.0,76.75,0.0
2009-11-06,32.0,77.0,0.0
2009-11-06,32.0,77.25,0.0
2009-11-06,32.0,77.5,0.0
2009-11-07,31.5,76.5,0.0
2009-11-07,31.5,76.75,0.0
2009-11-07,31.5,77.0,0.0
2009-11-07,31.5,77.25,0.0
2009-11-07,31.5,77.5,0.0
2009-11-07,31.75,76.5,0.0
2009-11-07,31.75,76.75,0.0
2009-11-07,31.75,77.0,0.0
2009-11-07,31.75,77.25,0.0
2009-11-07,31.75,77.5,0.0
2009-11-07,32.0,76.5,0.0
2009-11-07,32.0,76.75,0.0
2009-11-07,32.0,77.0,0.0
2009-11-07,32.0,77.25,0.0
2009-11-07,32.0,77.5,0.0
2009-11-08,31.5,76.5,0.0
2009-11-08,31.5,76.75,0.0
2009-11-08,31.5,77.0,0.0
2009-11-08,31.5,77.25,0.0
2009-11-08,31.5,77.5,0.0
2009-11-08,31.75,76.5,0.0
2009-11-08,31.75,76.75,0.0
2009-11-08,31.75,77.0,0.0
2009-11-08,31.75,77.25,0.0
2009-11-08,31.75,77.5,0.0
2009-11-08,32.0,76.5,0.0
2009-11-08,32.0,76.75,0.0
2009-11-08,32.0,77.0,0.0
2009-11-08,32.0,77.25,0.0
2009-11-08,32.0,77.5,0.0
2009-11-09,31.5,76.5,3.0172383785247803
2009-11-09,31.5,76.75,0.4373360276222229
2009-11-09,31.5,77.0,0.8159321546554565
2009-11-09,31.5,77.25,0.40502601861953735
2009-11-09,31.5,77.5,0.2856534421443939
2009-11-09,31.75,76.5,4.20948600769043
2009-11-09,31.75,76.75,1.742586374282837
2009-11-09,31.75,77.0,0.8981133699417114
2009-11-09,31.75,77.25,3.298367738723755
2009-11-09,31.75,77.5,4.702932357788086
2009-11-09,32.0,76.5,2.0650901794433594
2009-11-09,32.0,76.75,7.561487197875977
2009-11-09,32.0,77.0,5.777680397033691
2009-11-09,32.0,77.25,7.512517929077148
2009-11-09,32.0,77.5,8.519491195678711
2009-11-10,31.5,76.5,6.634345054626465
2009-11-10,31.5,76.75,10.141204833984375
2009-11-10,31.5,77.0,15.564336776733398
2009-11-10,31.5,77.25,17.944839477539062
2009-11-10,31.5,77.5,17.258134841918945
2009-11-10,31.75,76.5,4.289731979370117
2009-11-10,31.75,76.75,13.8959321975708
2009-11-10,31.75,77.0,24.53114128112793
2009-11-10,31.75,77.25,21.357452392578125
2009-11-10,31.75,77.5,19.9603214263916
2009-11-10,32.0,76.5,11.781375885009766
2009-11-10,32.0,76.75,19.564002990722656
2009-11-10,32.0,77.0,23.075145721435547
2009-11-10,32.0,77.25,22.179553985595703
2009-11-10,32.0,77.5,21.331148147583008
2009-11-11,31.5,76.5,0.7432119846343994
2009-11-11,31.5,76.75,0.0
2009-11-11,31.5,77.0,2.2401444911956787
2009-11-11,31.5,77.25,3.057049036026001
2009-11-11,31.5,77.5,3.6775248050689697
2009-11-11,31.75,76.5,0.7226953506469727
2009-11-11,31.75,76.75,2.3527615070343018
2009-11-11,31.75,77.0,5.587517738342285
2009-11-11,31.75,77.25,6.713120460510254
2009-11-11,31.75,77.5,7.9285359382629395
2009-11-11,32.0,76.5,12.367914199829102
2009-11-11,32.0,76.75,10.01774787902832
2009-11-11,32.0,77.0,9.681090354919434
2009-11-11,32.0,77.25,11.007015228271484
2009-11-11,32.0,77.5,11.760986328125
2009-11-12,31.5,76.5,0.0
2009-11-12,31.5,76.75,0.0
2009-11-12,31.5,77.0,0.0
2009-11-12,31.5,77.25,0.0
2009-11-12,31.5,77.5,0.0
2009-11-12,31.75,76.5,0.0
2009-11-12,31.75,76.75,0.0
2009-11-12,31.75,77.0,0.0
2009-11-12,31.75,77.25,0.0
2009-11-12,31.75,77.5,0.0
2009-11-12,32.0,76.5,2.0964794158935547
2009-11-12,32.0,76.75,0.0
2009-11-12,32.0,77.0,0.0
2009-11-12,32.0,77.25,0.0
2009-11-12,32.0,77.5,0.0
2009-11-13,31.5,76.5,0.0
2009-11-13,31.5,76.75,0.0
2009-11-13,31.5,77.0,0.0
2009-11-13,31.5,77.25,0.0
2009-11-13,31.5,77.5,0.0
2009-11-13,31.75,76.5,0.0
2009-11-13,31.75,76.75,0.0
2009-11-13,31.75,77.0,0.0
2009-11-13,31.75,77.25,0.16927845776081085
2009-11-13,31.75,77.5,0.264071524143219
2009-11-13,32.0,76.5,0.0
2009-11-13,32.0,76.75,0.4155975878238678
2009-11-13,32.0,77.0,0.3242020606994629
2009-11-13,32.0,77.25,0.43230530619621277
2009-11-13,32.0,77.5,0.4990836977958679
2009-11-14,31.5,76.5,1.6584171056747437
2009-11-14,31.5,76.75,0.6391838788986206
2009-11-14,31.5,77.0,2.3376784324645996
2009-11-14,31.5,77.25,3.4973573684692383
2009-11-14,31.5,77.5,2.6851422786712646
2009-11-14,31.75,76.5,1.9506345987319946
2009-11-14,31.75,76.75,4.506185531616211
2009-11-14,31.75,77.0,6.209017276763916
2009-11-14,31.75,77.25,16.561668395996094
2009-11-14,31.75,77.5,23.426511764526367
2009-11-14,32.0,76.5,1.1889324188232422
2009-11-14,32.0,76.75,35.104347229003906
2009-11-14,32.0,77.0,28.809110641479492
2009-11-14,32.0,77.25,36.81520080566406
2009-11-14,32.0,77.5,41.65656661987305
2009-11-15,31.5,76.5,6.078957557678223
2009-11-15,31.5,76.75,6.318284511566162
2009-11-15,31.5,77.0,7.928065776824951
2009-11-15,31.5,77.25,8.194282531738281
2009-11-15,31.5,77.5,13.22622013092041
2009-11-15,31.75,76.5,5.696831226348877
2009-11-15,31.75,76.75,9.01633071899414
2009-11-15,31.75,77.0,11.877572059631348
2009-11-15,31.75,77.25,17.238574981689453
2009-11-15,31.75,77.5,20.647905349731445
2009-11-15,32.0,76.5,12.378288269042969
2009-11-15,32.0,76.75,27.454147338867188
2009-11-15,32.0,77.0,24.503604888916016
2009-11-15,32.0,77.25,28.915964126586914
2009-11-15,32.0,77.5,31.475833892822266
2009-11-16,31.5,76.5,0.9797347784042358
2009-11-16,31.5,76.75,0.0
2009-11-16,31.5,77.0,1.9482940435409546
2009-11-16,31.5,77.25,2.6787054538726807
2009-11-16,31.5,77.5,2.7422733306884766
2009-11-16,31.75,76.5,1.030792474746704
2009-11-16,31.75,76.75,1.5335030555725098
2009-11-16,31.75,77.0,4.41178560256958
2009-11-16,31.75,77.25,2.9972829818725586
2009-11-16,31.75,77.5,2.3421568870544434
2009-11-16,32.0,76.5,21.570148468017578
2009-11-16,32.0,76.75,1.8183374404907227
2009-11-16,32.0,77.0,3.0182151794433594
2009-11-16,32.0,77.25,2.3941831588745117
2009-11-16,32.0,77.5,1.9169045686721802
2009-11-17,31.5,76.5,0.0
2009-11-17,31.5,76.75,0.0
2009-11-17,31.5,77.0,0.0
2009-11-17,31.5,77.25,0.10918031632900238
2009-11-17,31.5,77.5,0.11426138132810593
2009-11-17,31.75,76.5,0.0
2009-11-17,31.75,76.75,0.12323013693094254
2009-11-17,31.75,77.0,0.23018598556518555
2009-11-17,31.75,77.25,0.46344372630119324
2009-11-17,31.75,77.5,0.6257328987121582
2009-11-17,32.0,76.5,0.0
2009-11-17,32.0,76.75,0.9069592356681824
2009-11-17,32.0,77.0,0.7741630673408508
2009-11-17,32.0,77.25,0.9643682837486267
2009-11-17,32.0,77.5,1.0780383348464966
2009-11-18,31.5,76.5,0.0
2009-11-18,31.5,76.75,0.0
2009-11-18,31.5,77.0,0.0
2009-11-18,31.5,77.25,0.0
2009-11-18,31.5,77.5,0.0
2009-11-18,31.75,76.5,0.0
2009-11-18,31.75,76.75,0.0
2009-11-18,31.75,77.0,0.0
2009-11-18,31.75,77.25,0.0
2009-11-18,31.75,77.5,0.0
2009-11-18,32.0,76.5,0.0
2009-11-18,32.0,76.75,0.0
2009-11-18,32.0,77.0,0.0
2009-11-18,32.0,77.25,0.0
2009-11-18,32.0,77.5,0.0
2009-11-19,31.5,76.5,0.0
2009-11-19,31.5,76.75,0.0
2009-11-19,31.5,77.0,0.0
2009-11-19,31.5,77.25,0.0
2009-11-19,31.5,77.5,0.0
2009-11-19,31.75,76.5,0.0
2009-11-19,31.75,76.75,0.0
2009-11-19,31.75,77.0,0.0
2009-11-19,31.75,77.25,0.0
2009-11-19,31.75,77.5,0.0
2009-11-19,32.0,76.5,0.0
2009-11-19,32.0,76.75,0.0
2009-11-19,32.0,77.0,0.0
2009-11-19,32.0,77.25,0.0
2009-11-19,32.0,77.5,0.0
2009-11-20,31.5,76.5,0.0
2009-11-20,31.5,76.75,0.0
2009-11-20,31.5,77.0,0.0
2009-11-20,31.5,77.25,0.0
2009-11-20,31.5,77.5,0.0
2009-11-20,31.75,76.5,0.0
2009-11-20,31.75,76.75,0.0
2009-11-20,31.75,77.0,0.0
2009-11-20,31.75,77.25,0.0
2009-11-20,31.75,77.5,0.0
2009-11-20,32.0,76.5,0.0
2009-11-20,32.0,76.75,0.0
2009-11-20,32.0,77.0,0.0
2009-11-20,32.0,77.25,0.0
2009-11-20,32.0,77.5,0.0
2009-11-21,31.5,76.5,0.0
2009-11-21,31.5,76.75,0.0
2009-11-21,31.5,77.0,0.0
2009-11-21,31.5,77.25,0.0
2009-11-21,31.5,77.5,0.0
2009-11-21,31.75,76.5,0.0
2009-11-21,31.75,76.75,0.0
2009-11-21,31.75,77.0,0.0
2009-11-21,31.75,77.25,0.0
2009-11-21,31.75,77.5,0.0
2009-11-21,32.0,76.5,0.0
2009-11-21,32.0,76.75,0.0
2009-11-21,32.0,77.0,0.0
2009-11-21,32.0,77.25,0.0
2009-11-21,32.0,77.5,0.0
2009-11-22,31.5,76.5,0.0
2009-11-22,31.5,76.75,0.0
2009-11-22,31.5,77.0,0.0
2009-11-22,31.5,77.25,0.0
2009-11-22,31.5,77.5,0.0
2009-11-22,31.75,76.5,0.0
2009-11-22,31.75,76.75,0.0
2009-11-22,31.75,77.0,0.0
2009-11-22,31.75,77.25,0.0
2009-11-22,31.75,77.5,0.0
2009-11-22,32.0,76.5,0.0
2009-11-22,32.0,76.75,0.0
2009-11-22,32.0,77.0,0.0
2009-11-22,32.0,77.25,0.0
2009-11-22,32.0,77.5,0.0
2009-11-23,31.5,76.5,0.0
2009-11-23,31.5,76.75,0.0
2009-11-23,31.5,77.0,0.0
2009-11-23,31.5,77.25,0.0
2009-11-23,31.5,77.5,0.0
2009-11-23,31.75,76.5,0.0
2009-11-23,31.75,76.75,0.0
2009-11-23,31.75,77.0,0.0
2009-11-23,31.75,77.25,0.0
2009-11-23,31.75,77.5,0.0
2009-11-23,32.0,76.5,0.0
2009-11-23,32.0,76.75,0.0
2009-11-23,32.0,77.0,0.0
2009-11-23,32.0,77.25,0.0
2009-11-23,32.0,77.5,0.0
2009-11-24,31.5,76.5,0.0
2009-11-24,31.5,76.75,0.0
2009-11-24,31.5,77.0,0.0
2009-11-24,31.5,77.25,0.0
2009-11-24,31.5,77.5,0.0
2009-11-24,31.75,76.5,0.0
2009-11-24,31.75,76.75,0.0
2009-11-24,31.75,77.0,0.0
2009-11-24,31.75,77.25,0.0
2009-11-24,31.75,77.5,0.0
2009-11-24,32.0,76.5,0.0
2009-11-24,32.0,76.75,0.0
2009-11-24,32.0,77.0,0.0
2009-11-24,32.0,77.25,0.0
2009-11-24,32.0,77.5,0.0
2009-11-25,31.5,76.5,0.0
2009-11-25,31.5,76.75,0.0
2009-11-25,31.5,77.0,0.0
2009-11-25,31.5,77.25,0.0
2009-11-25,31.5,77.5,0.0
2009-11-25,31.75,76.5,0.0
2009-11-25,31.75,76.75,0.0
2009-11-25,31.75,77.0,0.0
2009-11-25,31.75,77.25,0.0
2009-11-25,31.75,77.5,0.0
2009-11-25,32.0,76.5,0.0
2009-11-25,32.0,76.75,0.0
2009-11-25,32.0,77.0,0.0
2009-11-25,32.0,77.25,0.0
2009-11-25,32.0,77.5,0.0
2009-11-26,31.5,76.5,0.0
2009-11-26,31.5,76.75,0.0
2009-11-26,31.5,77.0,0.0
2009-11-26,31.5,77.25,0.0
2009-11-26,31.5,77.5,0.0
2009-11-26,31.75,76.5,0.0
2009-11-26,31.75,76.75,0.0
2009-11-26,31.75,77.0,0.0
2009-11-26,31.75,77.25,0.0
2009-11-26,31.75,77.5,0.0
2009-11-26,32.0,76.5,0.0
2009-11-26,32.0,76.75,0.0
2009-11-26,32.0,77.0,0.0
2009-11-26,32.0,77.25,0.0
2009-11-26,32.0,77.5,0.0
2009-11-27,31.5,76.5,0.0
2009-11-27,31.5,76.75,0.0
2009-11-27,31.5,77.0,0.0
2009-11-27,31.5,77.25,0.0
2009-11-27,31.5,77.5,0.0
2009-11-27,31.75,76.5,0.0
2009-11-27,31.75,76.75,0.0
2009-11-27,31.75,77.0,0.0
2009-11-27,31.75,77.25,0.0
2009-11-27,31.75,77.5,0.0
2009-11-27,32.0,76.5,0.0
2009-11-27,32.0,76.75,0.0
2009-11-27,32.0,77.0,0.0
2009-11-27,32.0,77.25,0.0
2009-11-27,32.0,77.5,0.0
2009-11-28,31.5,76.5,0.0
2009-11-28,31.5,76.75,0.0
2009-11-28,31.5,77.0,0.0
2009-11-28,31.5,77.25,0.0
2009-11-28,31.5,77.5,0.0
2009-11-28,31.75,76.5,0.0
2009-11-28,31.75,76.75,0.0
2009-11-28,31.75,77.0,0.0
2009-11-28,31.75,77.25,0.0
2009-11-28,31.75,77.5,0.0
2009-11-28,32.0,76.5,0.0
2009-11-28,32.0,76.75,0.0
2009-11-28,32.0,77.0,0.0
2009-11-28,32.0,77.25,0.0
2009-11-28,32.0,77.5,0.0
2009-11-29,31.5,76.5,0.0
2009-11-29,31.5,76.75,0.0
2009-11-29,31.5,77.0,0.0
2009-11-29,31.5,77.25,0.0
2009-11-29,31.5,77.5,0.0
2009-11-29,31.75,76.5,0.0
2009-11-29,31.75,76.75,0.0
2009-11-29,31.75,77.0,0.0
2009-11-29,31.75,77.25,0.0
2009-11-29,31.75,77.5,0.0
2009-11-29,32.0,76.5,0.0
2009-11-29,32.0,76.75,0.0
2009-11-29,32.0,77.0,0.0
2009-11-29,32.0,77.25,0.0
2009-11-29,32.0,77.5,0.0
2009-11-30,31.5,76.5,0.0
2009-11-30,31.5,76.75,0.0
2009-11-30,31.5,77.0,0.0
2009-11-30,31.5,77.25,0.0
2009-11-30,31.5,77.5,0.0
2009-11-30,31.75,76.5,0.0
2009-11-30,31.75,76.75,0.0
2009-11-30,31.75,77.0,0.0
2009-11-30,31.75,77.25,0.0
2009-11-30,31.75,77.5,0.0
2009-11-30,32.0,76.5,0.0
2009-11-30,32.0,76.75,0.0
2009-11-30,32.0,77.0,0.0
2009-11-30,32.0,77.25,0.0
2009-11-30,32.0,77.5,0.0
2009-12-01,31.5,76.5,0.0
2009-12-01,31.5,76.75,0.0
2009-12-01,31.5,77.0,0.0
2009-12-01,31.5,77.25,0.0
2009-12-01,31.5,77.5,0.0
2009-12-01,31.75,76.5,0.0
2009-12-01,31.75,76.75,0.0
2009-12-01,31.75,77.0,0.0
2009-12-01,31.75,77.25,0.0
2009-12-01,31.75,77.5,0.0
2009-12-01,32.0,76.5,0.0
2009-12-01,32.0,76.75,0.0
2009-12-01,32.0,77.0,0.0
2009-12-01,32.0,77.25,0.0
2009-12-01,32.0,77.5,0.0
2009-12-02,31.5,76.5,0.0
2009-12-02,31.5,76.75,0.0
2009-12-02,31.5,77.0,0.0
2009-12-02,31.5,77.25,0.0
2009-12-02,31.5,77.5,0.0
2009-12-02,31.75,76.5,0.0
2009-12-02,31.75,76.75,0.0
2009-12-02,31.75,77.0,0.0
2009-12-02,31.75,77.25,0.0
2009-12-02,31.75,77.5,0.0
2009-12-02,32.0,76.5,0.0
2009-12-02,32.0,76.75,0.0
2009-12-02,32.0,77.0,0.0
2009-12-02,32.0,77.25,0.0
2009-12-02,32.0,77.5,0.0
2009-12-03,31.5,76.5,0.0
2009-12-03,31.5,76.75,0.0
2009-12-03,31.5,77.0,0.0
2009-12-03,31.5,77.25,0.0
2009-12-03,31.5,77.5,0.0
2009-12-03,31.75,76.5,0.0
2009-12-03,31.75,76.75,0.0
2009-12-03,31.75,77.0,0.0
2009-12-03,31.75,77.25,0.0
2009-12-03,31.75,77.5,0.0
2009-12-03,32.0,76.5,0.0
2009-12-03,32.0,76.75,0.0
2009-12-03,32.0,77.0,0.0
2009-12-03,32.0,77.25,0.0
2009-12-03,32.0,77.5,0.0
2009-12-04,31.5,76.5,0.0
2009-12-04,31.5,76.75,0.0
2009-12-04,31.5,77.0,0.0
2009-12-04,31.5,77.25,0.0
2009-12-04,31.5,77.5,0.0
2009-12-04,31.75,76.5,0.0
2009-12-04,31.75,76.75,0.0
2009-12-04,31.75,77.0,0.0
2009-12-04,31.75,77.25,0.0
2009-12-04,31.75,77.5,0.0
2009-12-04,32.0,76.5,0.0
2009-12-04,32.0,76.75,0.0
2009-12-04,32.0,77.0,0.0
2009-12-04,32.0,77.25,0.0
2009-12-04,32.0,77.5,0.0
2009-12-05,31.5,76.5,0.0
2009-12-05,31.5,76.75,0.0
2009-12-05,31.5,77.0,0.0
2009-12-05,31.5,77.25,0.0
2009-12-05,31.5,77.5,0.0
2009-12-05,31.75,76.5,0.0
2009-12-05,31.75,76.75,0.0
2009-12-05,31.75,77.0,0.0
2009-12-05,31.75,77.25,0.0
2009-12-05,31.75,77.5,0.0
2009-12-05,32.0,76.5,0.0
2009-12-05,32.0,76.75,0.0
2009-12-05,32.0,77.0,0.0
2009-12-05,32.0,77.25,0.0
2009-12-05,32.0,77.5,0.0
2009-12-06,31.5,76.5,0.0
2009-12-06,31.5,76.75,0.0
2009-12-06,31.5,77.0,0.0
2009-12-06,31.5,77.25,0.0
2009-12-06,31.5,77.5,0.0
2009-12-06,31.75,76.5,0.0
2009-12-06,31.75,76.75,0.0
2009-12-06,31.75,77.0,0.0
2009-12-06,31.75,77.25,0.0
2009-12-06,31.75,77.5,0.0
2009-12-06,32.0,76.5,0.0
2009-12-06,32.0,76.75,0.0
2009-12-06,32.0,77.0,0.0
2009-12-06,32.0,77.25,0.0
2009-12-06,32.0,77.5,0.0
2009-12-07,31.5,76.5,0.0
2009-12-07,31.5,76.75,0.0
2009-12-07,31.5,77.0,0.0
2009-12-07,31.5,77.25,0.0
2009-12-07,31.5,77.5,0.0
2009-12-07,31.75,76.5,0.0
2009-12-07,31.75,76.75,0.0
2009-12-07,31.75,77.0,0.0
2009-12-07,31.75,77.25,0.0
2009-12-07,31.75,77.5,0.0
2009-12-07,32.0,76.5,0.0
2009-12-07,32.0,76.75,0.0
2009-12-07,32.0,77.0,0.0
2009-12-07,32.0,77.25,0.0
2009-12-07,32.0,77.5,0.0
2009-12-08,31.5,76.5,0.0
2009-12-08,31.5,76.75,0.0
2009-12-08,31.5,77.0,0.0
2009-12-08,31.5,77.25,0.0
2009-12-08,31.5,77.5,0.0
2009-12-08,31.75,76.5,0.0
2009-12-08,31.75,76.75,0.0
2009-12-08,31.75,77.0,0.0
2009-12-08,31.75,77.25,0.0
2009-12-08,31.75,77.5,0.0
2009-12-08,32.0,76.5,0.0
2009-12-08,32.0,76.75,0.0
2009-12-08,32.0,77.0,0.0
2009-12-08,32.0,77.25,0.0
2009-12-08,32.0,77.5,0.0
2009-12-09,31.5,76.5,0.0
2009-12-09,31.5,76.75,0.0
2009-12-09,31.5,77.0,0.0
2009-12-09,31.5,77.25,0.0
2009-12-09,31.5,77.5,0.0
2009-12-09,31.75,76.5,0.0
2009-12-09,31.75,76.75,0.0
2009-12-09,31.75,77.0,0.0
2009-12-09,31.75,77.25,0.0
2009-12-09,31.75,77.5,0.0
2009-12-09,32.0,76.5,0.0
2009-12-09,32.0,76.75,0.0
2009-12-09,32.0,77.0,0.0
2009-12-09,32.0,77.25,0.0
2009-12-09,32.0,77.5,0.0
2009-12-10,31.5,76.5,0.0
2009-12-10,31.5,76.75,0.0
2009-12-10,31.5,77.0,0.0
2009-12-10,31.5,77.25,0.0
2009-12-10,31.5,77.5,0.0
2009-12-10,31.75,76.5,0.0
2009-12-10,31.75,76.75,0.0
2009-12-10,31.75,77.0,0.29973021149635315
2009-12-10,31.75,77.25,2.821650266647339
2009-12-10,31.75,77.5,7.524535655975342
2009-12-10,32.0,76.5,0.0
2009-12-10,32.0,76.75,10.30068588256836
2009-12-10,32.0,77.0,10.671640396118164
2009-12-10,32.0,77.25,12.837806701660156
2009-12-10,32.0,77.5,13.131826400756836
2009-12-11,31.5,76.5,0.0
2009-12-11,31.5,76.75,0.15740841627120972
2009-12-11,31.5,77.0,2.5271522998809814
2009-12-11,31.5,77.25,2.782217025756836
2009-12-11,31.5,77.5,3.884887218475342
2009-12-11,31.75,76.5,0.0
2009-12-11,31.75,76.75,0.6325111985206604
2009-12-11,31.75,77.0,5.681415557861328
2009-12-11,31.75,77.25,3.5809268951416016
2009-12-11,31.75,77.5,3.0667922496795654
2009-12-11,32.0,76.5,0.8002935647964478
2009-12-11,32.0,76.75,1.9418048858642578
2009-12-11,32.0,77.0,3.816305637359619
2009-12-11,32.0,77.25,2.9723753929138184
2009-12-11,32.0,77.5,2.7509772777557373
2009-12-12,31.5,76.5,0.0
2009-12-12,31.5,76.75,0.0
2009-12-12,31.5,77.0,0.0
2009-12-12,31.5,77.25,0.0
2009-12-12,31.5,77.5,0.0
2009-12-12,31.75,76.5,0.0
2009-12-12,31.75,76.75,0.0
2009-12-12,31.75,77.0,0.0
2009-12-12,31.75,77.25,0.1820419579744339
2009-12-12,31.75,77.5,0.48545390367507935
2009-12-12,32.0,76.5,0.0
2009-12-12,32.0,76.75,0.6645603775978088
2009-12-12,32.0,77.0,0.6884929537773132
2009-12-12,32.0,77.25,0.8282455801963806
2009-12-12,32.0,77.5,0.8472145795822144
2009-12-13,31.5,76.5,0.0
2009-12-13,31.5,76.75,0.0
2009-12-13,31.5,77.0,0.0
2009-12-13,31.5,77.25,0.0
2009-12-13,31.5,77.5,0.0
2009-12-13,31.75,76.5,0.0
2009-12-13,31.75,76.75,0.0
2009-12-13,31.75,77.0,0.0
2009-12-13,31.75,77.25,0.0
2009-12-13,31.75,77.5,0.0
2009-12-13,32.0,76.5,0.0
2009-12-13,32.0,76.75,0.0
2009-12-13,32.0,77.0,0.0
2009-12-13,32.0,77.25,0.0
2009-12-13,32.0,77.5,0.0
2009-12-14,31.5,76.5,0.0
2009-12-14,31.5,76.75,0.0
2009-12-14,31.5,77.0,0.0
2009-12-14,31.5,77.25,0.0
2009-12-14,31.5,77.5,0.0
2009-12-14,31.75,76.5,0.0
2009-12-14,31.75,76.75,0.0
2009-12-14,31.75,77.0,0.0
2009-12-14,31.75,77.25,0.0
2009-12-14,31.75,77.5,0.0
2009-12-14,32.0,76.5,0.0
2009-12-14,32.0,76.75,0.0
2009-12-14,32.0,77.0,0.0
2009-12-14,32.0,77.25,0.0
2009-12-14,32.0,77.5,0.0
2009-12-15,31.5,76.5,0.0
2009-12-15,31.5,76.75,0.0
2009-12-15,31.5,77.0,0.0
2009-12-15,31.5,77.25,0.0
2009-12-15,31.5,77.5,0.0
2009-12-15,31.75,76.5,0.0
2009-12-15,31.75,76.75,0.0
2009-12-15,31.75,77.0,0.0
2009-12-15,31.75,77.25,0.0
2009-12-15,31.75,77.5,0.0
2009-12-15,32.0,76.5,0.0
2009-12-15,32.0,76.75,0.0
2009-12-15,32.0,77.0,0.0
2009-12-15,32.0,77.25,0.0
2009-12-15,32.0,77.5,0.0
2009-12-16,31.5,76.5,0.0
2009-12-16,31.5,76.75,0.0
2009-12-16,31.5,77.0,0.0
2009-12-16,31.5,77.25,0.0
2009-12-16,31.5,77.5,0.0
2009-12-16,31.75,76.5,0.0
2009-12-16,31.75,76.75,0.0
2009-12-16,31.75,77.0,0.0
2009-12-16,31.75,77.25,0.0
2009-12-16,31.75,77.5,0.0
2009-12-16,32.0,76.5,0.0
2009-12-16,32.0,76.75,0.0
2009-12-16,32.0,77.0,0.0
2009-12-16,32.0,77.25,0.0
2009-12-16,32.0,77.5,0.0
2009-12-17,31.5,76.5,0.0
2009-12-17,31.5,76.75,0.0
2009-12-17,31.5,77.0,0.0
2009-12-17,31.5,77.25,0.0
2009-12-17,31.5,77.5,0.0
2009-12-17,31.75,76.5,0.0
2009-12-17,31.75,76.75,0.0
2009-12-17,31.75,77.0,0.0
2009-12-17,31.75,77.25,0.0
2009-12-17,31.75,77.5,0.0
2009-12-17,32.0,76.5,0.0
2009-12-17,32.0,76.75,0.0
2009-12-17,32.0,77.0,0.0
2009-12-17,32.0,77.25,0.0
2009-12-17,32.0,77.5,0.0
2009-12-18,31.5,76.5,0.0
2009-12-18,31.5,76.75,0.0
2009-12-18,31.5,77.0,0.0
2009-12-18,31.5,77.25,0.0
2009-12-18,31.5,77.5,0.0
2009-12-18,31.75,76.5,0.0
2009-12-18,31.75,76.75,0.0
2009-12-18,31.75,77.0,0.0
2009-12-18,31.75,77.25,0.0
2009-12-18,31.75,77.5,0.0
2009-12-18,32.0,76.5,0.0
2009-12-18,32.0,76.75,0.0
2009-12-18,32.0,77.0,0.0
2009-12-18,32.0,77.25,0.0
2009-12-18,32.0,77.5,0.0
2009-12-19,31.5,76.5,0.0
2009-12-19,31.5,76.75,0.0
2009-12-19,31.5,77.0,0.0
2009-12-19,31.5,77.25,0.0
2009-12-19,31.5,77.5,0.0
2009-12-19,31.75,76.5,0.0
2009-12-19,31.75,76.75,0.0
2009-12-19,31.75,77.0,0.0
2009-12-19,31.75,77.25,0.0
2009-12-19,31.75,77.5,0.0
2009-12-19,32.0,76.5,0.0
2009-12-19,32.0,76.75,0.0
2009-12-19,32.0,77.0,0.0
2009-12-19,32.0,77.25,0.0
2009-12-19,32.0,77.5,0.0
2009-12-20,31.5,76.5,0.0
2009-12-20,31.5,76.75,0.0
2009-12-20,31.5,77.0,0.0
2009-12-20,31.5,77.25,0.0
2009-12-20,31.5,77.5,0.0
2009-12-20,31.75,76.5,0.0
2009-12-20,31.75,76.75,0.0
2009-12-20,31.75,77.0,0.0
2009-12-20,31.75,77.25,0.0
2009-12-20,31.75,77.5,0.0
2009-12-20,32.0,76.5,0.0
2009-12-20,32.0,76.75,0.0
2009-12-20,32.0,77.0,0.0
2009-12-20,32.0,77.25,0.0
2009-12-20,32.0,77.5,0.0
2009-12-21,31.5,76.5,0.0
2009-12-21,31.5,76.75,0.0
2009-12-21,31.5,77.0,0.0
2009-12-21,31.5,77.25,0.0
2009-12-21,31.5,77.5,0.0
2009-12-21,31.75,76.5,0.0
2009-12-21,31.75,76.75,0.0
2009-12-21,31.75,77.0,0.0
2009-12-21,31.75,77.25,0.0
2009-12-21,31.75,77.5,0.0
2009-12-21,32.0,76.5,0.0
2009-12-21,32.0,76.75,0.0
2009-12-21,32.0,77.0,0.0
2009-12-21,32.0,77.25,0.0
2009-12-21,32.0,77.5,0.0
2009-12-22,31.5,76.5,0.0
2009-12-22,31.5,76.75,0.0
2009-12-22,31.5,77.0,0.0
2009-12-22,31.5,77.25,0.0
2009-12-22,31.5,77.5,0.0
2009-12-22,31.75,76.5,0.0
2009-12-22,31.75,76.75,0.0
2009-12-22,31.75,77.0,0.0
2009-12-22,31.75,77.25,0.0
2009-12-22,31.75,77.5,0.0
2009-12-22,32.0,76.5,0.0
2009-12-22,32.0,76.75,0.0
2009-12-22,32.0,77.0,0.0
2009-12-22,32.0,77.25,0.0
2009-12-22,32.0,77.5,0.0
2009-12-23,31.5,76.5,0.0
2009-12-23,31.5,76.75,0.0
2009-12-23,31.5,77.0,0.0
2009-12-23,31.5,77.25,0.0
2009-12-23,31.5,77.5,0.0
2009-12-23,31.75,76.5,0.0
2009-12-23,31.75,76.75,0.0
2009-12-23,31.75,77.0,0.0
2009-12-23,31.75,77.25,0.0
2009-12-23,31.75,77.5,0.0
2009-12-23,32.0,76.5,0.0
2009-12-23,32.0,76.75,0.0
2009-12-23,32.0,77.0,0.0
2009-12-23,32.0,77.25,0.0
2009-12-23,32.0,77.5,0.0
2009-12-24,31.5,76.5,0.0
2009-12-24,31.5,76.75,0.0
2009-12-24,31.5,77.0,0.0
2009-12-24,31.5,77.25,0.0
2009-12-24,31.5,77.5,0.0
2009-12-24,31.75,76.5,0.0
2009-12-24,31.75,76.75,0.0
2009-12-24,31.75,77.0,0.0
2009-12-24,31.75,77.25,0.0
2009-12-24,31.75,77.5,0.0
2009-12-24,32.0,76.5,0.0
2009-12-24,32.0,76.75,0.0
2009-12-24,32.0,77.0,0.0
2009-12-24,32.0,77.25,0.0
2009-12-24,32.0,77.5,0.0
2009-12-25,31.5,76.5,0.0
2009-12-25,31.5,76.75,0.0
2009-12-25,31.5,77.0,0.0
2009-12-25,31.5,77.25,0.0
2009-12-25,31.5,77.5,0.0
2009-12-25,31.75,76.5,0.0
2009-12-25,31.75,76.75,0.0
2009-12-25,31.75,77.0,0.0
2009-12-25,31.75,77.25,0.0
2009-12-25,31.75,77.5,0.0
2009-12-25,32.0,76.5,0.0
2009-12-25,32.0,76.75,0.0
2009-12-25,32.0,77.0,0.0
2009-12-25,32.0,77.25,0.0
2009-12-25,32.0,77.5,0.0
2009-12-26,31.5,76.5,0.0
2009-12-26,31.5,76.75,0.0
2009-12-26,31.5,77.0,0.0
2009-12-26,31.5,77.25,0.0
2009-12-26,31.5,77.5,0.0
2009-12-26,31.75,76.5,0.0
2009-12-26,31.75,76.75,0.0
2009-12-26,31.75,77.0,0.0
2009-12-26,31.75,77.25,0.0
2009-12-26,31.75,77.5,0.0
2009-12-26,32.0,76.5,0.0
2009-12-26,32.0,76.75,0.0
2009-12-26,32.0,77.0,0.0
2009-12-26,32.0,77.25,0.0
2009-12-26,32.0,77.5,0.0
2009-12-27,31.5,76.5,0.0
2009-12-27,31.5,76.75,0.0
2009-12-27,31.5,77.0,0.0
2009-12-27,31.5,77.25,0.0
2009-12-27,31.5,77.5,0.0
2009-12-27,31.75,76.5,0.0
2009-12-27,31.75,76.75,0.0
2009-12-27,31.75,77.0,0.0
2009-12-27,31.75,77.25,0.0
2009-12-27,31.75,77.5,0.0
2009-12-27,32.0,76.5,0.0
2009-12-27,32.0,76.75,0.0
2009-12-27,32.0,77.0,0.0
2009-12-27,32.0,77.25,0.0
2009-12-27,32.0,77.5,0.0
2009-12-28,31.5,76.5,0.0
2009-12-28,31.5,76.75,0.0
2009-12-28,31.5,77.0,0.0
2009-12-28,31.5,77.25,0.0
2009-12-28,31.5,77.5,0.0
2009-12-28,31.75,76.5,0.0
2009-12-28,31.75,76.75,0.0
2009-12-28,31.75,77.0,0.0
2009-12-28,31.75,77.25,0.0
2009-12-28,31.75,77.5,0.0
2009-12-28,32.0,76.5,0.0
2009-12-28,32.0,76.75,0.0
2009-12-28,32.0,77.0,0.0
2009-12-28,32.0,77.25,0.0
2009-12-28,32.0,77.5,0.0
2009-12-29,31.5,76.5,0.0
2009-12-29,31.5,76.75,0.0
2009-12-29,31.5,77.0,0.0
2009-12-29,31.5,77.25,0.0
2009-12-29,31.5,77.5,0.0
2009-12-29,31.75,76.5,0.0
2009-12-29,31.75,76.75,0.0
2009-12-29,31.75,77.0,0.0
2009-12-29,31.75,77.25,0.0
2009-12-29,31.75,77.5,0.0
2009-12-29,32.0,76.5,0.0
2009-12-29,32.0,76.75,0.0
2009-12-29,32.0,77.0,0.0
2009-12-29,32.0,77.25,0.0
2009-12-29,32.0,77.5,0.0
2009-12-30,31.5,76.5,0.0
2009-12-30,31.5,76.75,0.0
2009-12-30,31.5,77.0,0.0
2009-12-30,31.5,77.25,0.0
2009-12-30,31.5,77.5,0.0
2009-12-30,31.75,76.5,0.0
2009-12-30,31.75,76.75,0.0
2009-12-30,31.75,77.0,0.0
2009-12-30,31.75,77.25,0.0
2009-12-30,31.75,77.5,0.0
2009-12-30,32.0,76.5,0.0
2009-12-30,32.0,76.75,0.0
2009-12-30,32.0,77.0,0.0
2009-12-30,32.0,77.25,0.0
2009-12-30,32.0,77.5,0.0
2009-12-31,31.5,76.5,0.0
2009-12-31,31.5,76.75,0.0
2009-12-31,31.5,77.0,0.0
2009-12-31,31.5,77.25,0.0
2009-12-31,31.5,77.5,0.0
2009-12-31,31.75,76.5,0.0
2009-12-31,31.75,76.75,0.0
2009-12-31,31.75,77.0,0.0
2009-12-31,31.75,77.25,0.0
2009-12-31,31.75,77.5,0.0
2009-12-31,32.0,76.5,0.0
2009-12-31,32.0,76.75,0.0
2009-12-31,32.0,77.0,0.0
2009-12-31,32.0,77.25,0.0
2009-12-31,32.0,77.5,0.0
