date,latitude,longitude,rainfall_mm
2015-01-01,31.5,76.5,0.0
2015-01-01,31.5,76.75,0.0
2015-01-01,31.5,77.0,0.0
2015-01-01,31.5,77.25,0.0
2015-01-01,31.5,77.5,0.0
2015-01-01,31.75,76.5,0.0
2015-01-01,31.75,76.75,0.0
2015-01-01,31.75,77.0,0.0
2015-01-01,31.75,77.25,0.0
2015-01-01,31.75,77.5,0.0
2015-01-01,32.0,76.5,0.0
2015-01-01,32.0,76.75,0.0
2015-01-01,32.0,77.0,0.0
2015-01-01,32.0,77.25,0.0
2015-01-01,32.0,77.5,0.0
2015-01-02,31.5,76.5,0.0
2015-01-02,31.5,76.75,0.0
2015-01-02,31.5,77.0,0.0
2015-01-02,31.5,77.25,0.0
2015-01-02,31.5,77.5,0.0
2015-01-02,31.75,76.5,0.0
2015-01-02,31.75,76.75,0.0
2015-01-02,31.75,77.0,0.0
2015-01-02,31.75,77.25,0.0
2015-01-02,31.75,77.5,0.0
2015-01-02,32.0,76.5,0.0
2015-01-02,32.0,76.75,0.0
2015-01-02,32.0,77.0,0.0
2015-01-02,32.0,77.25,0.0
2015-01-02,32.0,77.5,0.0
2015-01-03,31.5,76.5,6.719651699066162
2015-01-03,31.5,76.75,5.9910125732421875
2015-01-03,31.5,77.0,2.7388932704925537
2015-01-03,31.5,77.25,3.914080858230591
2015-01-03,31.5,77.5,7.174839019775391
2015-01-03,31.75,76.5,5.734287261962891
2015-01-03,31.75,76.75,5.430786609649658
2015-01-03,31.75,77.0,6.672853469848633
2015-01-03,31.75,77.25,4.656658172607422
2015-01-03,31.75,77.5,5.192941188812256
2015-01-03,32.0,76.5,7.694425106048584
2015-01-03,32.0,76.75,9.203805923461914
2015-01-03,32.0,77.0,12.302363395690918
2015-01-03,32.0,77.25,12.364984512329102
2015-01-03,32.0,77.5,9.74967098236084
2015-01-04,31.5,76.5,20.32147789001465
2015-01-04,31.5,76.75,27.67110252380371
2015-01-04,31.5,77.0,19.559865951538086
2015-01-04,31.5,77.25,15.004179954528809
2015-01-04,31.5,77.5,12.001014709472656
2015-01-04,31.75,76.5,14.03583812713623
2015-01-04,31.75,76.75,9.244298934936523
2015-01-04,31.75,77.0,11.562858581542969
2015-01-04,31.75,77.25,15.011213302612305
2015-01-04,31.75,77.5,13.662798881530762
2015-01-04,32.0,76.5,11.722437858581543
2015-01-04,32.0,76.75,13.916045188903809
2015-01-04,32.0,77.0,14.80566120147705
2015-01-04,32.0,77.25,16.743791580200195
2015-01-04,32.0,77.5,16.32415771484375
2015-01-05,31.5,76.5,0.0
2015-01-05,31.5,76.75,0.0
2015-01-05,31.5,77.0,0.0
2015-01-05,31.5,77.25,0.0
2015-01-05,31.5,77.5,0.0
2015-01-05,31.75,76.5,0.0
2015-01-05,31.75,76.75,0.0
2015-01-05,31.75,77.0,0.0
2015-01-05,31.75,77.25,0.0
2015-01-05,31.75,77.5,0.0
2015-01-05,32.0,76.5,0.0
2015-01-05,32.0,76.75,0.0
2015-01-05,32.0,77.0,0.0
2015-01-05,32.0,77.25,0.0
2015-01-05,32.0,77.5,0.0
2015-01-06,31.5,76.5,0.0
2015-01-06,31.5,76.75,0.0
2015-01-06,31.5,77.0,0.0
2015-01-06,31.5,77.25,0.0
2015-01-06,31.5,77.5,0.0
2015-01-06,31.75,76.5,0.0
2015-01-06,31.75,76.75,0.0
2015-01-06,31.75,77.0,0.0
2015-01-06,31.75,77.25,0.0
2015-01-06,31.75,77.5,0.0
2015-01-06,32.0,76.5,0.0
2015-01-06,32.0,76.75,0.0
2015-01-06,32.0,77.0,0.0
2015-01-06,32.0,77.25,0.0
2015-01-06,32.0,77.5,0.0
2015-01-07,31.5,76.5,0.0
2015-01-07,31.5,76.75,0.0
2015-01-07,31.5,77.0,0.0
2015-01-07,31.5,77.25,0.0
2015-01-07,31.5,77.5,0.0
2015-01-07,31.75,76.5,0.0
2015-01-07,31.75,76.75,0.0
2015-01-07,31.75,77.0,0.0
2015-01-07,31.75,77.25,0.0
2015-01-07,31.75,77.5,0.0
2015-01-07,32.0,76.5,0.0
2015-01-07,32.0,76.75,0.0
2015-01-07,32.0,77.0,0.0
2015-01-07,32.0,77.25,0.0
2015-01-07,32.0,77.5,0.0
2015-01-08,31.5,76.5,0.0
2015-01-08,31.5,76.75,0.0
2015-01-08,31.5,77.0,0.0
2015-01-08,31.5,77.25,0.0
2015-01-08,31.5,77.5,0.0
2015-01-08,31.75,76.5,0.0
2015-01-08,31.75,76.75,0.0
2015-01-08,31.75,77.0,0.0
2015-01-08,31.75,77.25,0.0
2015-01-08,31.75,77.5,0.0
2015-01-08,32.0,76.5,0.0
2015-01-08,32.0,76.75,0.0
2015-01-08,32.0,77.0,0.0
2015-01-08,32.0,77.25,0.0
2015-01-08,32.0,77.5,0.0
2015-01-09,31.5,76.5,0.0
2015-01-09,31.5,76.75,0.0
2015-01-09,31.5,77.0,0.0
2015-01-09,31.5,77.25,0.0
2015-01-09,31.5,77.5,0.0
2015-01-09,31.75,76.5,0.0
2015-01-09,31.75,76.75,0.0
2015-01-09,31.75,77.0,0.0
2015-01-09,31.75,77.25,0.0
2015-01-09,31.75,77.5,0.0
2015-01-09,32.0,76.5,0.0
2015-01-09,32.0,76.75,0.0
2015-01-09,32.0,77.0,0.0
2015-01-09,32.0,77.25,0.0
2015-01-09,32.0,77.5,0.0
2015-01-10,31.5,76.5,0.0
2015-01-10,31.5,76.75,0.0
2015-01-10,31.5,77.0,0.0
2015-01-10,31.5,77.25,0.0
2015-01-10,31.5,77.5,0.0
2015-01-10,31.75,76.5,0.0
2015-01-10,31.75,76.75,0.0
2015-01-10,31.75,77.0,0.0
2015-01-10,31.75,77.25,0.0
2015-01-10,31.75,77.5,0.0
2015-01-10,32.0,76.5,0.0
2015-01-10,32.0,76.75,0.0
2015-01-10,32.0,77.0,0.0
2015-01-10,32.0,77.25,0.0
2015-01-10,32.0,77.5,0.0
2015-01-11,31.5,76.5,0.0
2015-01-11,31.5,76.75,0.0
2015-01-11,31.5,77.0,0.0
2015-01-11,31.5,77.25,0.0
2015-01-11,31.5,77.5,0.0
2015-01-11,31.75,76.5,0.0
2015-01-11,31.75,76.75,0.0
2015-01-11,31.75,77.0,0.0
2015-01-11,31.75,77.25,0.0
2015-01-11,31.75,77.5,0.0
2015-01-11,32.0,76.5,0.0
2015-01-11,32.0,76.75,0.0
2015-01-11,32.0,77.0,0.0
2015-01-11,32.0,77.25,0.0
2015-01-11,32.0,77.5,0.0
2015-01-12,31.5,76.5,0.0
2015-01-12,31.5,76.75,0.0
2015-01-12,31.5,77.0,0.0
2015-01-12,31.5,77.25,0.0
2015-01-12,31.5,77.5,0.0
2015-01-12,31.75,76.5,0.0
2015-01-12,31.75,76.75,0.0
2015-01-12,31.75,77.0,0.0
2015-01-12,31.75,77.25,0.0
2015-01-12,31.75,77.5,0.0
2015-01-12,32.0,76.5,0.0
2015-01-12,32.0,76.75,0.0
2015-01-12,32.0,77.0,0.0
2015-01-12,32.0,77.25,0.0
2015-01-12,32.0,77.5,0.0
2015-01-13,31.5,76.5,0.0
2015-01-13,31.5,76.75,0.0
2015-01-13,31.5,77.0,0.0
2015-01-13,31.5,77.25,0.0
2015-01-13,31.5,77.5,0.0
2015-01-13,31.75,76.5,0.0
2015-01-13,31.75,76.75,0.0
2015-01-13,31.75,77.0,0.0
2015-01-13,31.75,77.25,0.0
2015-01-13,31.75,77.5,0.0
2015-01-13,32.0,76.5,0.0
2015-01-13,32.0,76.75,0.0
2015-01-13,32.0,77.0,0.0
2015-01-13,32.0,77.25,0.0
2015-01-13,32.0,77.5,0.0
2015-01-14,31.5,76.5,2.011155128479004
2015-01-14,31.5,76.75,3.9696438312530518
2015-01-14,31.5,77.0,3.4714131355285645
2015-01-14,31.5,77.25,2.4105782508850098
2015-01-14,31.5,77.5,2.62461256980896
2015-01-14,31.75,76.5,2.514866352081299
2015-01-14,31.75,76.75,4.081822395324707
2015-01-14,31.75,77.0,4.430684566497803
2015-01-14,31.75,77.25,2.9329633712768555
2015-01-14,31.75,77.5,3.1273136138916016
2015-01-14,32.0,76.5,6.368307113647461
2015-01-14,32.0,76.75,4.054019451141357
2015-01-14,32.0,77.0,10.094992637634277
2015-01-14,32.0,77.25,10.29740047454834
2015-01-14,32.0,77.5,7.779891014099121
2015-01-15,31.5,76.5,14.948639869689941
2015-01-15,31.5,76.75,17.49243927001953
2015-01-15,31.5,77.0,5.7744364738464355
2015-01-15,31.5,77.25,6.905555725097656
2015-01-15,31.5,77.5,10.010976791381836
2015-01-15,31.75,76.5,17.174402236938477
2015-01-15,31.75,76.75,11.820015907287598
2015-01-15,31.75,77.0,10.414846420288086
2015-01-15,31.75,77.25,8.060690879821777
2015-01-15,31.75,77.5,8.028637886047363
2015-01-15,32.0,76.5,14.9734525680542
2015-01-15,32.0,76.75,16.775917053222656
2015-01-15,32.0,77.0,11.082748413085938
2015-01-15,32.0,77.25,10.733893394470215
2015-01-15,32.0,77.5,9.903141975402832
2015-01-16,31.5,76.5,0.0
2015-01-16,31.5,76.75,0.0
2015-01-16,31.5,77.0,0.0
2015-01-16,31.5,77.25,0.0
2015-01-16,31.5,77.5,0.0
2015-01-16,31.75,76.5,0.0
2015-01-16,31.75,76.75,0.0
2015-01-16,31.75,77.0,0.0
2015-01-16,31.75,77.25,0.0
2015-01-16,31.75,77.5,0.0
2015-01-16,32.0,76.5,0.0
2015-01-16,32.0,76.75,0.0
2015-01-16,32.0,77.0,0.0
2015-01-16,32.0,77.25,0.0
2015-01-16,32.0,77.5,0.0
2015-01-17,31.5,76.5,0.0
2015-01-17,31.5,76.75,0.0
2015-01-17,31.5,77.0,0.0
2015-01-17,31.5,77.25,0.0
2015-01-17,31.5,77.5,0.0
2015-01-17,31.75,76.5,0.0
2015-01-17,31.75,76.75,0.0
2015-01-17,31.75,77.0,0.0
2015-01-17,31.75,77.25,0.0
2015-01-17,31.75,77.5,0.0
2015-01-17,32.0,76.5,0.0
2015-01-17,32.0,76.75,0.0
2015-01-17,32.0,77.0,0.0
2015-01-17,32.0,77.25,0.0
2015-01-17,32.0,77.5,0.0
2015-01-18,31.5,76.5,0.0
2015-01-18,31.5,76.75,0.0
2015-01-18,31.5,77.0,0.0
2015-01-18,31.5,77.25,0.0
2015-01-18,31.5,77.5,0.0
2015-01-18,31.75,76.5,0.0
2015-01-18,31.75,76.75,0.0
2015-01-18,31.75,77.0,0.0
2015-01-18,31.75,77.25,0.0
2015-01-18,31.75,77.5,0.0
2015-01-18,32.0,76.5,0.0
2015-01-18,32.0,76.75,0.0
2015-01-18,32.0,77.0,0.0
2015-01-18,32.0,77.25,0.0
2015-01-18,32.0,77.5,0.0
2015-01-19,31.5,76.5,0.0
2015-01-19,31.5,76.75,0.0
2015-01-19,31.5,77.0,0.0
2015-01-19,31.5,77.25,0.0
2015-01-19,31.5,77.5,0.0
2015-01-19,31.75,76.5,0.0
2015-01-19,31.75,76.75,0.0
2015-01-19,31.75,77.0,0.0
2015-01-19,31.75,77.25,0.0
2015-01-19,31.75,77.5,0.0
2015-01-19,32.0,76.5,0.0
2015-01-19,32.0,76.75,0.0
2015-01-19,32.0,77.0,0.0
2015-01-19,32.0,77.25,0.0
2015-01-19,32.0,77.5,0.0
2015-01-20,31.5,76.5,0.0
2015-01-20,31.5,76.75,0.0
2015-01-20,31.5,77.0,0.0
2015-01-20,31.5,77.25,0.0
2015-01-20,31.5,77.5,0.0
2015-01-20,31.75,76.5,0.0
2015-01-20,31.75,76.75,0.0
2015-01-20,31.75,77.0,0.0
2015-01-20,31.75,77.25,0.0
2015-01-20,31.75,77.5,0.0
2015-01-20,32.0,76.5,0.0
2015-01-20,32.0,76.75,0.0
2015-01-20,32.0,77.0,0.0
2015-01-20,32.0,77.25,0.0
2015-01-20,32.0,77.5,0.0
2015-01-21,31.5,76.5,0.0
2015-01-21,31.5,76.75,0.0
2015-01-21,31.5,77.0,0.0
2015-01-21,31.5,77.25,0.0
2015-01-21,31.5,77.5,0.0
2015-01-21,31.75,76.5,0.0
2015-01-21,31.75,76.75,0.0
2015-01-21,31.75,77.0,0.0
2015-01-21,31.75,77.25,0.0
2015-01-21,31.75,77.5,0.0
2015-01-21,32.0,76.5,0.0
2015-01-21,32.0,76.75,0.0
2015-01-21,32.0,77.0,0.0
2015-01-21,32.0,77.25,0.0
2015-01-21,32.0,77.5,0.0
2015-01-22,31.5,76.5,5.236119270324707
2015-01-22,31.5,76.75,5.312010288238525
2015-01-22,31.5,77.0,5.063205718994141
2015-01-22,31.5,77.25,4.574014663696289
2015-01-22,31.5,77.5,6.390166759490967
2015-01-22,31.75,76.5,10.392260551452637
2015-01-22,31.75,76.75,4.662691593170166
2015-01-22,31.75,77.0,8.982725143432617
2015-01-22,31.75,77.25,5.774349689483643
2015-01-22,31.75,77.5,6.732093334197998
2015-01-22,32.0,76.5,20.755348205566406
2015-01-22,32.0,76.75,18.575746536254883
2015-01-22,32.0,77.0,17.81081199645996
2015-01-22,32.0,77.25,17.906532287597656
2015-01-22,32.0,77.5,10.52324390411377
2015-01-23,31.5,76.5,28.721656799316406
2015-01-23,31.5,76.75,15.947319984436035
2015-01-23,31.5,77.0,16.23873519897461
2015-01-23,31.5,77.25,10.893696784973145
2015-01-23,31.5,77.5,9.557991027832031
2015-01-23,31.75,76.5,30.571474075317383
2015-01-23,31.75,76.75,14.549959182739258
2015-01-23,31.75,77.0,13.27851676940918
2015-01-23,31.75,77.25,11.46865177154541
2015-01-23,31.75,77.5,10.561217308044434
2015-01-23,32.0,76.5,24.21548843383789
2015-01-23,32.0,76.75,16.877357482910156
2015-01-23,32.0,77.0,16.61084747314453
2015-01-23,32.0,77.25,16.595848083496094
2015-01-23,32.0,77.5,14.778386116027832
2015-01-24,31.5,76.5,0.0
2015-01-24,31.5,76.75,0.0
2015-01-24,31.5,77.0,0.0
2015-01-24,31.5,77.25,0.0
2015-01-24,31.5,77.5,0.28838247060775757
2015-01-24,31.75,76.5,0.0
2015-01-24,31.75,76.75,0.0
2015-01-24,31.75,77.0,0.0
2015-01-24,31.75,77.25,0.0
2015-01-24,31.75,77.5,0.0
2015-01-24,32.0,76.5,0.0
2015-01-24,32.0,76.75,0.0
2015-01-24,32.0,77.0,0.0
2015-01-24,32.0,77.25,0.0
2015-01-24,32.0,77.5,0.0
2015-01-25,31.5,76.5,0.0
2015-01-25,31.5,76.75,0.0
2015-01-25,31.5,77.0,0.0
2015-01-25,31.5,77.25,0.0
2015-01-25,31.5,77.5,0.0
2015-01-25,31.75,76.5,0.0
2015-01-25,31.75,76.75,0.0
2015-01-25,31.75,77.0,0.0
2015-01-25,31.75,77.25,0.0
2015-01-25,31.75,77.5,0.0
2015-01-25,32.0,76.5,0.0
2015-01-25,32.0,76.75,0.0
2015-01-25,32.0,77.0,0.0
2015-01-25,32.0,77.25,0.0
2015-01-25,32.0,77.5,0.0
2015-01-26,31.5,76.5,0.0
2015-01-26,31.5,76.75,0.0
2015-01-26,31.5,77.0,0.0
2015-01-26,31.5,77.25,0.0
2015-01-26,31.5,77.5,0.0
2015-01-26,31.75,76.5,0.0
2015-01-26,31.75,76.75,0.0
2015-01-26,31.75,77.0,0.0
2015-01-26,31.75,77.25,0.0
2015-01-26,31.75,77.5,0.0
2015-01-26,32.0,76.5,0.0
2015-01-26,32.0,76.75,0.0
2015-01-26,32.0,77.0,0.0
2015-01-26,32.0,77.25,0.0
2015-01-26,32.0,77.5,0.0
2015-01-27,31.5,76.5,6.087050437927246
2015-01-27,31.5,76.75,9.744331359863281
2015-01-27,31.5,77.0,6.096765041351318
2015-01-27,31.5,77.25,5.281525135040283
2015-01-27,31.5,77.5,9.040019035339355
2015-01-27,31.75,76.5,3.4957902431488037
2015-01-27,31.75,76.75,5.3414835929870605
2015-01-27,31.75,77.0,4.844207763671875
2015-01-27,31.75,77.25,5.163299083709717
2015-01-27,31.75,77.5,6.36293363571167
2015-01-27,32.0,76.5,5.774346351623535
2015-01-27,32.0,76.75,4.293222427368164
2015-01-27,32.0,77.0,7.115548133850098
2015-01-27,32.0,77.25,7.499227523803711
2015-01-27,32.0,77.5,6.736622333526611
2015-01-28,31.5,76.5,3.327240228652954
2015-01-28,31.5,76.75,5.284228801727295
2015-01-28,31.5,77.0,0.6844303607940674
2015-01-28,31.5,77.25,0.21909099817276
2015-01-28,31.5,77.5,0.9263036847114563
2015-01-28,31.75,76.5,10.054742813110352
2015-01-28,31.75,76.75,5.289881706237793
2015-01-28,31.75,77.0,2.6542093753814697
2015-01-28,31.75,77.25,0.6494335532188416
2015-01-28,31.75,77.5,1.0580501556396484
2015-01-28,32.0,76.5,17.72715187072754
2015-01-28,32.0,76.75,17.852218627929688
2015-01-28,32.0,77.0,3.8004045486450195
2015-01-28,32.0,77.25,3.3880276679992676
2015-01-28,32.0,77.5,2.4461042881011963
2015-01-29,31.5,76.5,0.0
2015-01-29,31.5,76.75,0.0
2015-01-29,31.5,77.0,0.0
2015-01-29,31.5,77.25,0.0
2015-01-29,31.5,77.5,0.0
2015-01-29,31.75,76.5,0.5508107542991638
2015-01-29,31.75,76.75,0.0
2015-01-29,31.75,77.0,0.0
2015-01-29,31.75,77.25,0.0
2015-01-29,31.75,77.5,0.0
2015-01-29,32.0,76.5,1.1944702863693237
2015-01-29,32.0,76.75,1.308443546295166
2015-01-29,32.0,77.0,0.34342139959335327
2015-01-29,32.0,77.25,0.3895726501941681
2015-01-29,32.0,77.5,0.2632606029510498
2015-01-30,31.5,76.5,0.0
2015-01-30,31.5,76.75,0.0
2015-01-30,31.5,77.0,0.28043997287750244
2015-01-30,31.5,77.25,1.121878743171692
2015-01-30,31.5,77.5,2.5529887676239014
2015-01-30,31.75,76.5,1.1016215085983276
2015-01-30,31.75,76.75,1.1377333402633667
2015-01-30,31.75,77.0,5.170340061187744
2015-01-30,31.75,77.25,2.1622345447540283
2015-01-30,31.75,77.5,3.2696046829223633
2015-01-30,32.0,76.5,2.4329066276550293
2015-01-30,32.0,76.75,3.735717535018921
2015-01-30,32.0,77.0,7.286227226257324
2015-01-30,32.0,77.25,6.612565994262695
2015-01-30,32.0,77.5,4.9612016677856445
2015-01-31,31.5,76.5,0.0
2015-01-31,31.5,76.75,0.0
2015-01-31,31.5,77.0,0.0
2015-01-31,31.5,77.25,0.0
2015-01-31,31.5,77.5,0.0
2015-01-31,31.75,76.5,0.0
2015-01-31,31.75,76.75,0.0
2015-01-31,31.75,77.0,0.0
2015-01-31,31.75,77.25,0.0
2015-01-31,31.75,77.5,0.0
2015-01-31,32.0,76.5,0.0
2015-01-31,32.0,76.75,0.0
2015-01-31,32.0,77.0,0.0
2015-01-31,32.0,77.25,0.0
2015-01-31,32.0,77.5,0.0
2015-02-01,31.5,76.5,0.0
2015-02-01,31.5,76.75,0.0
2015-02-01,31.5,77.0,0.0
2015-02-01,31.5,77.25,0.0
2015-02-01,31.5,77.5,0.0
2015-02-01,31.75,76.5,0.0
2015-02-01,31.75,76.75,0.0
2015-02-01,31.75,77.0,0.0
2015-02-01,31.75,77.25,0.0
2015-02-01,31.75,77.5,0.0
2015-02-01,32.0,76.5,0.0
2015-02-01,32.0,76.75,0.0
2015-02-01,32.0,77.0,0.0
2015-02-01,32.0,77.25,0.0
2015-02-01,32.0,77.5,0.0
2015-02-02,31.5,76.5,0.0
2015-02-02,31.5,76.75,0.0
2015-02-02,31.5,77.0,0.3099967837333679
2015-02-02,31.5,77.25,0.0
2015-02-02,31.5,77.5,0.4614119529724121
2015-02-02,31.75,76.5,0.0
2015-02-02,31.75,76.75,0.0
2015-02-02,31.75,77.0,1.2247895002365112
2015-02-02,31.75,77.25,0.34812790155410767
2015-02-02,31.75,77.5,0.49219435453414917
2015-02-02,32.0,76.5,0.0
2015-02-02,32.0,76.75,0.22445625066757202
2015-02-02,32.0,77.0,5.1910576820373535
2015-02-02,32.0,77.25,5.445402145385742
2015-02-02,32.0,77.5,3.719594955444336
2015-02-03,31.5,76.5,9.421809196472168
2015-02-03,31.5,76.75,11.065422058105469
2015-02-03,31.5,77.0,24.118724822998047
2015-02-03,31.5,77.25,16.868019104003906
2015-02-03,31.5,77.5,16.76131820678711
2015-02-03,31.75,76.5,14.484625816345215
2015-02-03,31.75,76.75,10.870505332946777
2015-02-03,31.75,77.0,17.953208923339844
2015-02-03,31.75,77.25,17.38429069519043
2015-02-03,31.75,77.5,18.53759002685547
2015-02-03,32.0,76.5,26.78313446044922
2015-02-03,32.0,76.75,22.84963607788086
2015-02-03,32.0,77.0,25.949214935302734
2015-02-03,32.0,77.25,26.22854995727539
2015-02-03,32.0,77.5,22.815372467041016
2015-02-04,31.5,76.5,2.638563871383667
2015-02-04,31.5,76.75,1.5533710718154907
2015-02-04,31.5,77.0,1.0181875228881836
2015-02-04,31.5,77.25,3.5414137840270996
2015-02-04,31.5,77.5,9.30990219116211
2015-02-04,31.75,76.5,4.644775390625
2015-02-04,31.75,76.75,3.4733293056488037
2015-02-04,31.75,77.0,5.909925937652588
2015-02-04,31.75,77.25,4.3404436111450195
2015-02-04,31.75,77.5,6.9205780029296875
2015-02-04,32.0,76.5,4.836503505706787
2015-02-04,32.0,76.75,3.2765681743621826
2015-02-04,32.0,77.0,9.032634735107422
2015-02-04,32.0,77.25,8.861144065856934
2015-02-04,32.0,77.5,7.3087053298950195
2015-02-05,31.5,76.5,0.0
2015-02-05,31.5,76.75,0.0
2015-02-05,31.5,77.0,0.0
2015-02-05,31.5,77.25,0.0
2015-02-05,31.5,77.5,0.0
2015-02-05,31.75,76.5,0.0
2015-02-05,31.75,76.75,0.0
2015-02-05,31.75,77.0,0.0
2015-02-05,31.75,77.25,0.0
2015-02-05,31.75,77.5,0.0
2015-02-05,32.0,76.5,0.0
2015-02-05,32.0,76.75,0.0
2015-02-05,32.0,77.0,0.0
2015-02-05,32.0,77.25,0.0
2015-02-05,32.0,77.5,0.0
2015-02-06,31.5,76.5,0.0
2015-02-06,31.5,76.75,0.0
2015-02-06,31.5,77.0,0.0
2015-02-06,31.5,77.25,0.0
2015-02-06,31.5,77.5,0.0
2015-02-06,31.75,76.5,0.0
2015-02-06,31.75,76.75,0.0
2015-02-06,31.75,77.0,0.0
2015-02-06,31.75,77.25,0.0
2015-02-06,31.75,77.5,0.0
2015-02-06,32.0,76.5,0.0
2015-02-06,32.0,76.75,0.0
2015-02-06,32.0,77.0,0.0
2015-02-06,32.0,77.25,0.0
2015-02-06,32.0,77.5,0.0
2015-02-07,31.5,76.5,0.0
2015-02-07,31.5,76.75,0.0
2015-02-07,31.5,77.0,0.0
2015-02-07,31.5,77.25,0.0
2015-02-07,31.5,77.5,0.0
2015-02-07,31.75,76.5,0.0
2015-02-07,31.75,76.75,0.0
2015-02-07,31.75,77.0,0.0
2015-02-07,31.75,77.25,0.0
2015-02-07,31.75,77.5,0.0
2015-02-07,32.0,76.5,0.0
2015-02-07,32.0,76.75,0.0
2015-02-07,32.0,77.0,0.0
2015-02-07,32.0,77.25,0.0
2015-02-07,32.0,77.5,0.0
2015-02-08,31.5,76.5,0.0
2015-02-08,31.5,76.75,0.0
2015-02-08,31.5,77.0,0.0
2015-02-08,31.5,77.25,0.0
2015-02-08,31.5,77.5,0.0
2015-02-08,31.75,76.5,0.0
2015-02-08,31.75,76.75,0.0
2015-02-08,31.75,77.0,0.0
2015-02-08,31.75,77.25,0.0
2015-02-08,31.75,77.5,0.0
2015-02-08,32.0,76.5,0.0
2015-02-08,32.0,76.75,0.0
2015-02-08,32.0,77.0,0.0
2015-02-08,32.0,77.25,0.0
2015-02-08,32.0,77.5,0.0
2015-02-09,31.5,76.5,0.0
2015-02-09,31.5,76.75,0.0
2015-02-09,31.5,77.0,0.0
2015-02-09,31.5,77.25,0.0
2015-02-09,31.5,77.5,0.0
2015-02-09,31.75,76.5,0.0
2015-02-09,31.75,76.75,0.0
2015-02-09,31.75,77.0,0.0
2015-02-09,31.75,77.25,0.0
2015-02-09,31.75,77.5,0.0
2015-02-09,32.0,76.5,0.0
2015-02-09,32.0,76.75,0.0
2015-02-09,32.0,77.0,0.6868427991867065
2015-02-09,32.0,77.25,0.7791453003883362
2015-02-09,32.0,77.5,0.5265212059020996
2015-02-10,31.5,76.5,0.0
2015-02-10,31.5,76.75,0.0
2015-02-10,31.5,77.0,0.0
2015-02-10,31.5,77.25,0.0
2015-02-10,31.5,77.5,0.0
2015-02-10,31.75,76.5,0.0
2015-02-10,31.75,76.75,0.0
2015-02-10,31.75,77.0,0.0
2015-02-10,31.75,77.25,0.0
2015-02-10,31.75,77.5,0.0
2015-02-10,32.0,76.5,0.0
2015-02-10,32.0,76.75,0.0
2015-02-10,32.0,77.0,0.0
2015-02-10,32.0,77.25,0.0
2015-02-10,32.0,77.5,0.0
2015-02-11,31.5,76.5,0.0
2015-02-11,31.5,76.75,0.0
2015-02-11,31.5,77.0,0.0
2015-02-11,31.5,77.25,0.0
2015-02-11,31.5,77.5,0.0
2015-02-11,31.75,76.5,0.0
2015-02-11,31.75,76.75,0.0
2015-02-11,31.75,77.0,0.0
2015-02-11,31.75,77.25,0.0
2015-02-11,31.75,77.5,0.0
2015-02-11,32.0,76.5,0.0
2015-02-11,32.0,76.75,0.0
2015-02-11,32.0,77.0,0.0
2015-02-11,32.0,77.25,0.0
2015-02-11,32.0,77.5,0.0
2015-02-12,31.5,76.5,0.0
2015-02-12,31.5,76.75,0.0
2015-02-12,31.5,77.0,0.0
2015-02-12,31.5,77.25,0.0
2015-02-12,31.5,77.5,0.0
2015-02-12,31.75,76.5,0.0
2015-02-12,31.75,76.75,0.0
2015-02-12,31.75,77.0,0.0
2015-02-12,31.75,77.25,0.0
2015-02-12,31.75,77.5,0.0
2015-02-12,32.0,76.5,0.0
2015-02-12,32.0,76.75,0.0
2015-02-12,32.0,77.0,0.0
2015-02-12,32.0,77.25,0.0
2015-02-12,32.0,77.5,0.0
2015-02-13,31.5,76.5,0.0
2015-02-13,31.5,76.75,0.0
2015-02-13,31.5,77.0,0.0
2015-02-13,31.5,77.25,0.0
2015-02-13,31.5,77.5,0.0
2015-02-13,31.75,76.5,0.0
2015-02-13,31.75,76.75,0.0
2015-02-13,31.75,77.0,0.0
2015-02-13,31.75,77.25,0.0
2015-02-13,31.75,77.5,0.0
2015-02-13,32.0,76.5,0.0
2015-02-13,32.0,76.75,0.0
2015-02-13,32.0,77.0,0.0
2015-02-13,32.0,77.25,0.0
2015-02-13,32.0,77.5,0.0
2015-02-14,31.5,76.5,0.0
2015-02-14,31.5,76.75,0.0
2015-02-14,31.5,77.0,0.0
2015-02-14,31.5,77.25,0.0
2015-02-14,31.5,77.5,0.0
2015-02-14,31.75,76.5,0.0
2015-02-14,31.75,76.75,0.0
2015-02-14,31.75,77.0,0.0
2015-02-14,31.75,77.25,0.0
2015-02-14,31.75,77.5,0.0
2015-02-14,32.0,76.5,0.0
2015-02-14,32.0,76.75,0.0
2015-02-14,32.0,77.0,0.0
2015-02-14,32.0,77.25,0.0
2015-02-14,32.0,77.5,0.0
2015-02-15,31.5,76.5,0.0
2015-02-15,31.5,76.75,0.0
2015-02-15,31.5,77.0,0.0
2015-02-15,31.5,77.25,0.0
2015-02-15,31.5,77.5,0.0
2015-02-15,31.75,76.5,0.0
2015-02-15,31.75,76.75,0.0
2015-02-15,31.75,77.0,0.0
2015-02-15,31.75,77.25,0.0
2015-02-15,31.75,77.5,0.0
2015-02-15,32.0,76.5,0.0
2015-02-15,32.0,76.75,0.0
2015-02-15,32.0,77.0,0.0
2015-02-15,32.0,77.25,0.0
2015-02-15,32.0,77.5,0.0
2015-02-16,31.5,76.5,3.0285024642944336
2015-02-16,31.5,76.75,5.369845867156982
2015-02-16,31.5,77.0,3.0122079849243164
2015-02-16,31.5,77.25,0.4946022927761078
2015-02-16,31.5,77.5,2.9489402770996094
2015-02-16,31.75,76.5,1.578776240348816
2015-02-16,31.75,76.75,0.9087943434715271
2015-02-16,31.75,77.0,3.804670572280884
2015-02-16,31.75,77.25,1.258493185043335
2015-02-16,31.75,77.5,1.6597386598587036
2015-02-16,32.0,76.5,1.5071650743484497
2015-02-16,32.0,76.75,2.0813705921173096
2015-02-16,32.0,77.0,6.993702411651611
2015-02-16,32.0,77.25,6.667183876037598
2015-02-16,32.0,77.5,4.68248987197876
2015-02-17,31.5,76.5,3.309619903564453
2015-02-17,31.5,76.75,4.193201065063477
2015-02-17,31.5,77.0,1.6623471975326538
2015-02-17,31.5,77.25,1.5011552572250366
2015-02-17,31.5,77.5,5.887439727783203
2015-02-17,31.75,76.5,8.063264846801758
2015-02-17,31.75,76.75,6.591091632843018
2015-02-17,31.75,77.0,22.032703399658203
2015-02-17,31.75,77.25,6.887500286102295
2015-02-17,31.75,77.5,11.175803184509277
2015-02-17,32.0,76.5,14.055353164672852
2015-02-17,32.0,76.75,16.894428253173828
2015-02-17,32.0,77.0,24.919692993164062
2015-02-17,32.0,77.25,20.91914176940918
2015-02-17,32.0,77.5,15.459503173828125
2015-02-18,31.5,76.5,0.0
2015-02-18,31.5,76.75,0.0
2015-02-18,31.5,77.0,0.0
2015-02-18,31.5,77.25,0.0
2015-02-18,31.5,77.5,0.0
2015-02-18,31.75,76.5,0.0
2015-02-18,31.75,76.75,0.0
2015-02-18,31.75,77.0,3.334149122238159
2015-02-18,31.75,77.25,0.8824560642242432
2015-02-18,31.75,77.5,1.2131845951080322
2015-02-18,32.0,76.5,0.0
2015-02-18,32.0,76.75,0.6110198497772217
2015-02-18,32.0,77.0,4.599361419677734
2015-02-18,32.0,77.25,4.010788917541504
2015-02-18,32.0,77.5,2.818619966506958
2015-02-19,31.5,76.5,6.374730587005615
2015-02-19,31.5,76.75,3.96152400970459
2015-02-19,31.5,77.0,6.553037643432617
2015-02-19,31.5,77.25,1.8752244710922241
2015-02-19,31.5,77.5,4.906008243560791
2015-02-19,31.75,76.5,9.931880950927734
2015-02-19,31.75,76.75,5.7672929763793945
2015-02-19,31.75,77.0,4.056759357452393
2015-02-19,31.75,77.25,2.2027368545532227
2015-02-19,31.75,77.5,4.42875862121582
2015-02-19,32.0,76.5,6.709705829620361
2015-02-19,32.0,76.75,7.189568996429443
2015-02-19,32.0,77.0,5.033173084259033
2015-02-19,32.0,77.25,4.402111053466797
2015-02-19,32.0,77.5,3.463303327560425
2015-02-20,31.5,76.5,28.509742736816406
2015-02-20,31.5,76.75,35.24989318847656
2015-02-20,31.5,77.0,35.96673583984375
2015-02-20,31.5,77.25,45.73933792114258
2015-02-20,31.5,77.5,39.287811279296875
2015-02-20,31.75,76.5,25.621177673339844
2015-02-20,31.75,76.75,24.01443099975586
2015-02-20,31.75,77.0,53.17314147949219
2015-02-20,31.75,77.25,49.857364654541016
2015-02-20,31.75,77.5,48.90926742553711
2015-02-20,32.0,76.5,27.58989143371582
2015-02-20,32.0,76.75,33.48128128051758
2015-02-20,32.0,77.0,49.56700134277344
2015-02-20,32.0,77.25,46.980831146240234
2015-02-20,32.0,77.5,47.0992431640625
2015-02-21,31.5,76.5,16.096189498901367
2015-02-21,31.5,76.75,17.102956771850586
2015-02-21,31.5,77.0,19.1062068939209
2015-02-21,31.5,77.25,24.49562644958496
2015-02-21,31.5,77.5,25.63969612121582
2015-02-21,31.75,76.5,16.386432647705078
2015-02-21,31.75,76.75,18.018085479736328
2015-02-21,31.75,77.0,25.43523597717285
2015-02-21,31.75,77.25,25.739391326904297
2015-02-21,31.75,77.5,27.32061195373535
2015-02-21,32.0,76.5,17.749326705932617
2015-02-21,32.0,76.75,20.43642807006836
2015-02-21,32.0,77.0,26.280582427978516
2015-02-21,32.0,77.25,25.631296157836914
2015-02-21,32.0,77.5,25.408981323242188
2015-02-22,31.5,76.5,0.0
2015-02-22,31.5,76.75,0.0
2015-02-22,31.5,77.0,0.0
2015-02-22,31.5,77.25,0.0
2015-02-22,31.5,77.5,0.0
2015-02-22,31.75,76.5,0.0
2015-02-22,31.75,76.75,0.0
2015-02-22,31.75,77.0,0.0
2015-02-22,31.75,77.25,0.0
2015-02-22,31.75,77.5,0.0
2015-02-22,32.0,76.5,0.0
2015-02-22,32.0,76.75,0.0
2015-02-22,32.0,77.0,0.0
2015-02-22,32.0,77.25,0.0
2015-02-22,32.0,77.5,0.0
2015-02-23,31.5,76.5,0.0
2015-02-23,31.5,76.75,0.0
2015-02-23,31.5,77.0,0.0
2015-02-23,31.5,77.25,0.0
2015-02-23,31.5,77.5,0.0
2015-02-23,31.75,76.5,0.0
2015-02-23,31.75,76.75,0.0
2015-02-23,31.75,77.0,0.0
2015-02-23,31.75,77.25,0.0
2015-02-23,31.75,77.5,0.0
2015-02-23,32.0,76.5,0.0
2015-02-23,32.0,76.75,0.0
2015-02-23,32.0,77.0,0.0
2015-02-23,32.0,77.25,0.0
2015-02-23,32.0,77.5,0.0
2015-02-24,31.5,76.5,0.0
2015-02-24,31.5,76.75,0.0
2015-02-24,31.5,77.0,0.0
2015-02-24,31.5,77.25,0.0
2015-02-24,31.5,77.5,0.0
2015-02-24,31.75,76.5,0.0
2015-02-24,31.75,76.75,0.0
2015-02-24,31.75,77.0,0.0
2015-02-24,31.75,77.25,0.0
2015-02-24,31.75,77.5,0.0
2015-02-24,32.0,76.5,0.0
2015-02-24,32.0,76.75,0.0
2015-02-24,32.0,77.0,0.0
2015-02-24,32.0,77.25,0.0
2015-02-24,32.0,77.5,0.0
2015-02-25,31.5,76.5,8.977046966552734
2015-02-25,31.5,76.75,7.6315531730651855
2015-02-25,31.5,77.0,21.16469955444336
2015-02-25,31.5,77.25,23.021453857421875
2015-02-25,31.5,77.5,17.526159286499023
2015-02-25,31.75,76.5,8.277809143066406
2015-02-25,31.75,76.75,8.332082748413086
2015-02-25,31.75,77.0,15.70725154876709
2015-02-25,31.75,77.25,21.817031860351562
2015-02-25,31.75,77.5,20.40480613708496
2015-02-25,32.0,76.5,11.265979766845703
2015-02-25,32.0,76.75,13.92346477508545
2015-02-25,32.0,77.0,20.52085304260254
2015-02-25,32.0,77.25,22.315359115600586
2015-02-25,32.0,77.5,22.099040985107422
2015-02-26,31.5,76.5,12.699515342712402
2015-02-26,31.5,76.75,9.802254676818848
2015-02-26,31.5,77.0,6.433465957641602
2015-02-26,31.5,77.25,11.010461807250977
2015-02-26,31.5,77.5,16.263408660888672
2015-02-26,31.75,76.5,21.125267028808594
2015-02-26,31.75,76.75,8.820281982421875
2015-02-26,31.75,77.0,10.419597625732422
2015-02-26,31.75,77.25,11.20876407623291
2015-02-26,31.75,77.5,14.264161109924316
2015-02-26,32.0,76.5,30.419599533081055
2015-02-26,32.0,76.75,25.937307357788086
2015-02-26,32.0,77.0,24.580486297607422
2015-02-26,32.0,77.25,26.44333267211914
2015-02-26,32.0,77.5,21.5084285736084
2015-02-27,31.5,76.5,0.15697501599788666
2015-02-27,31.5,76.75,0.4238956570625305
2015-02-27,31.5,77.0,1.0759692192077637
2015-02-27,31.5,77.25,3.7197282314300537
2015-02-27,31.5,77.5,3.509667158126831
2015-02-27,31.75,76.5,0.8262161016464233
2015-02-27,31.75,76.75,0.49156486988067627
2015-02-27,31.75,77.0,3.98905086517334
2015-02-27,31.75,77.25,4.124701499938965
2015-02-27,31.75,77.5,3.824122190475464
2015-02-27,32.0,76.5,1.8356717824935913
2015-02-27,32.0,76.75,2.7770917415618896
2015-02-27,32.0,77.0,6.618159770965576
2015-02-27,32.0,77.25,7.0226287841796875
2015-02-27,32.0,77.5,6.090545654296875
2015-02-28,31.5,76.5,0.0
2015-02-28,31.5,76.75,0.0
2015-02-28,31.5,77.0,0.0
2015-02-28,31.5,77.25,0.0
2015-02-28,31.5,77.5,0.0
2015-02-28,31.75,76.5,0.0
2015-02-28,31.75,76.75,0.0
2015-02-28,31.75,77.0,0.0
2015-02-28,31.75,77.25,0.0
2015-02-28,31.75,77.5,0.0
2015-02-28,32.0,76.5,0.0
2015-02-28,32.0,76.75,0.0
2015-02-28,32.0,77.0,0.0
2015-02-28,32.0,77.25,0.0
2015-02-28,32.0,77.5,0.0
2015-03-01,31.5,76.5,0.0
2015-03-01,31.5,76.75,0.0
2015-03-01,31.5,77.0,0.8465582132339478
2015-03-01,31.5,77.25,4.259167194366455
2015-03-01,31.5,77.5,4.582060813903809
2015-03-01,31.75,76.5,0.0
2015-03-01,31.75,76.75,0.0
2015-03-01,31.75,77.0,0.11079045385122299
2015-03-01,31.75,77.25,3.494020700454712
2015-03-01,31.75,77.5,2.5177974700927734
2015-03-01,32.0,76.5,0.0
2015-03-01,32.0,76.75,0.0
2015-03-01,32.0,77.0,1.167632818222046
2015-03-01,32.0,77.25,2.2248523235321045
2015-03-01,32.0,77.5,2.8331289291381836
2015-03-02,31.5,76.5,58.58808898925781
2015-03-02,31.5,76.75,42.060882568359375
2015-03-02,31.5,77.0,26.860593795776367
2015-03-02,31.5,77.25,20.97401237487793
2015-03-02,31.5,77.5,32.220802307128906
2015-03-02,31.75,76.5,46.22050476074219
2015-03-02,31.75,76.75,33.39707565307617
2015-03-02,31.75,77.0,20.20783042907715
2015-03-02,31.75,77.25,18.755043029785156
2015-03-02,31.75,77.5,25.654022216796875
2015-03-02,32.0,76.5,52.38861846923828
2015-03-02,32.0,76.75,41.91747283935547
2015-03-02,32.0,77.0,31.768653869628906
2015-03-02,32.0,77.25,32.30615234375
2015-03-02,32.0,77.5,27.70790672302246
2015-03-03,31.5,76.5,25.3563175201416
2015-03-03,31.5,76.75,21.56071662902832
2015-03-03,31.5,77.0,25.635461807250977
2015-03-03,31.5,77.25,22.250335693359375
2015-03-03,31.5,77.5,23.49004364013672
2015-03-03,31.75,76.5,23.9123477935791
2015-03-03,31.75,76.75,19.69674301147461
2015-03-03,31.75,77.0,26.67739486694336
2015-03-03,31.75,77.25,23.00794219970703
2015-03-03,31.75,77.5,22.691003799438477
2015-03-03,32.0,76.5,30.133363723754883
2015-03-03,32.0,76.75,28.934768676757812
2015-03-03,32.0,77.0,30.0258846282959
2015-03-03,32.0,77.25,29.282089233398438
2015-03-03,32.0,77.5,26.817264556884766
2015-03-04,31.5,76.5,2.3594961166381836
2015-03-04,31.5,76.75,5.170912742614746
2015-03-04,31.5,77.0,4.757911682128906
2015-03-04,31.5,77.25,3.776071071624756
2015-03-04,31.5,77.5,3.096571922302246
2015-03-04,31.75,76.5,1.338404893875122
2015-03-04,31.75,76.75,10.5971097946167
2015-03-04,31.75,77.0,9.744247436523438
2015-03-04,31.75,77.25,4.875868797302246
2015-03-04,31.75,77.5,4.845757484436035
2015-03-04,32.0,76.5,7.137226104736328
2015-03-04,32.0,76.75,6.145913600921631
2015-03-04,32.0,77.0,7.793893337249756
2015-03-04,32.0,77.25,5.8267130851745605
2015-03-04,32.0,77.5,5.228241443634033
2015-03-05,31.5,76.5,0.0
2015-03-05,31.5,76.75,0.0
2015-03-05,31.5,77.0,0.0
2015-03-05,31.5,77.25,0.0
2015-03-05,31.5,77.5,0.8651474714279175
2015-03-05,31.75,76.5,0.0
2015-03-05,31.75,76.75,0.0
2015-03-05,31.75,77.0,1.088701844215393
2015-03-05,31.75,77.25,0.2881489396095276
2015-03-05,31.75,77.5,0.3961419463157654
2015-03-05,32.0,76.5,0.0
2015-03-05,32.0,76.75,0.1995166689157486
2015-03-05,32.0,77.0,0.8290067315101624
2015-03-05,32.0,77.25,0.5464010834693909
2015-03-05,32.0,77.5,0.40458986163139343
2015-03-06,31.5,76.5,0.2250850647687912
2015-03-06,31.5,76.75,0.4482567012310028
2015-03-06,31.5,77.0,6.419731616973877
2015-03-06,31.5,77.25,2.42508602142334
2015-03-06,31.5,77.5,1.8515281677246094
2015-03-06,31.75,76.5,0.5508107542991638
2015-03-06,31.75,76.75,0.11977974325418472
2015-03-06,31.75,77.0,1.3189016580581665
2015-03-06,31.75,77.25,1.6435071229934692
2015-03-06,31.75,77.5,2.5898971557617188
2015-03-06,32.0,76.5,1.3887465000152588
2015-03-06,32.0,76.75,1.5453696250915527
2015-03-06,32.0,77.0,4.762080669403076
2015-03-06,32.0,77.25,5.145987033843994
2015-03-06,32.0,77.5,3.832327127456665
2015-03-07,31.5,76.5,0.0
2015-03-07,31.5,76.75,0.0
2015-03-07,31.5,77.0,3.0999677181243896
2015-03-07,31.5,77.25,0.6416133046150208
2015-03-07,31.5,77.5,0.0
2015-03-07,31.75,76.5,0.0
2015-03-07,31.75,76.75,0.0
2015-03-07,31.75,77.0,0.0
2015-03-07,31.75,77.25,0.23960384726524353
2015-03-07,31.75,77.5,0.4653467535972595
2015-03-07,32.0,76.5,0.0
2015-03-07,32.0,76.75,0.0
2015-03-07,32.0,77.0,0.34342139959335327
2015-03-07,32.0,77.25,0.3895726501941681
2015-03-07,32.0,77.5,0.2632606029510498
2015-03-08,31.5,76.5,1.1187199354171753
2015-03-08,31.5,76.75,1.3119418621063232
2015-03-08,31.5,77.0,2.7758400440216064
2015-03-08,31.5,77.25,0.8964488506317139
2015-03-08,31.5,77.5,4.883319854736328
2015-03-08,31.75,76.5,3.959807872772217
2015-03-08,31.75,76.75,1.4927629232406616
2015-03-08,31.75,77.0,1.0230391025543213
2015-03-08,31.75,77.25,0.7327010631561279
2015-03-08,31.75,77.5,1.1155215501785278
2015-03-08,32.0,76.5,8.763718605041504
2015-03-08,32.0,76.75,5.293866157531738
2015-03-08,32.0,77.0,4.179073810577393
2015-03-08,32.0,77.25,4.478149890899658
2015-03-08,32.0,77.5,3.1939926147460938
2015-03-09,31.5,76.5,22.385251998901367
2015-03-09,31.5,76.75,24.48255729675293
2015-03-09,31.5,77.0,10.382601737976074
2015-03-09,31.5,77.25,26.46704864501953
2015-03-09,31.5,77.5,30.95643424987793
2015-03-09,31.75,76.5,26.571197509765625
2015-03-09,31.75,76.75,22.858129501342773
2015-03-09,31.75,77.0,29.398962020874023
2015-03-09,31.75,77.25,28.33900260925293
2015-03-09,31.75,77.5,29.13843536376953
2015-03-09,32.0,76.5,26.90925407409668
2015-03-09,32.0,76.75,28.405935287475586
2015-03-09,32.0,77.0,27.273160934448242
2015-03-09,32.0,77.25,26.152950286865234
2015-03-09,32.0,77.5,26.918291091918945
2015-03-10,31.5,76.5,0.19621874392032623
2015-03-10,31.5,76.75,0.5286168456077576
2015-03-10,31.5,77.0,0.2415468692779541
2015-03-10,31.5,77.25,1.0584580898284912
2015-03-10,31.5,77.5,1.5431320667266846
2015-03-10,31.75,76.5,0.8262161016464233
2015-03-10,31.75,76.75,1.827171802520752
2015-03-10,31.75,77.0,0.31682756543159485
2015-03-10,31.75,77.25,0.890632688999176
2015-03-10,31.75,77.5,0.9068412780761719
2015-03-10,32.0,76.5,2.0115368366241455
2015-03-10,32.0,76.75,2.2940614223480225
2015-03-10,32.0,77.0,0.15677516162395477
2015-03-10,32.0,77.25,0.22948957979679108
2015-03-10,32.0,77.5,0.49401095509529114
2015-03-11,31.5,76.5,0.0
2015-03-11,31.5,76.75,0.0
2015-03-11,31.5,77.0,0.0
2015-03-11,31.5,77.25,0.0
2015-03-11,31.5,77.5,0.0
2015-03-11,31.75,76.5,0.0
2015-03-11,31.75,76.75,0.0
2015-03-11,31.75,77.0,0.0
2015-03-11,31.75,77.25,0.0
2015-03-11,31.75,77.5,0.0
2015-03-11,32.0,76.5,0.0
2015-03-11,32.0,76.75,0.0
2015-03-11,32.0,77.0,0.0
2015-03-11,32.0,77.25,0.0
2015-03-11,32.0,77.5,0.0
2015-03-12,31.5,76.5,0.0
2015-03-12,31.5,76.75,0.0
2015-03-12,31.5,77.0,0.0
2015-03-12,31.5,77.25,0.0
2015-03-12,31.5,77.5,0.0
2015-03-12,31.75,76.5,0.0
2015-03-12,31.75,76.75,0.0
2015-03-12,31.75,77.0,0.0
2015-03-12,31.75,77.25,0.0
2015-03-12,31.75,77.5,0.0
2015-03-12,32.0,76.5,0.0
2015-03-12,32.0,76.75,0.0
2015-03-12,32.0,77.0,0.0
2015-03-12,32.0,77.25,0.0
2015-03-12,32.0,77.5,0.0
2015-03-13,31.5,76.5,0.0
2015-03-13,31.5,76.75,0.0
2015-03-13,31.5,77.0,0.0
2015-03-13,31.5,77.25,0.0
2015-03-13,31.5,77.5,0.0
2015-03-13,31.75,76.5,0.0
2015-03-13,31.75,76.75,0.0
2015-03-13,31.75,77.0,0.0
2015-03-13,31.75,77.25,0.0
2015-03-13,31.75,77.5,0.0
2015-03-13,32.0,76.5,0.0
2015-03-13,32.0,76.75,0.0
2015-03-13,32.0,77.0,0.0
2015-03-13,32.0,77.25,0.0
2015-03-13,32.0,77.5,0.0
2015-03-14,31.5,76.5,0.0
2015-03-14,31.5,76.75,0.0
2015-03-14,31.5,77.0,0.0
2015-03-14,31.5,77.25,0.3253009021282196
2015-03-14,31.5,77.5,0.0
2015-03-14,31.75,76.5,0.0
2015-03-14,31.75,76.75,0.0
2015-03-14,31.75,77.0,0.0
2015-03-14,31.75,77.25,0.0
2015-03-14,31.75,77.5,0.0
2015-03-14,32.0,76.5,0.0
2015-03-14,32.0,76.75,0.0
2015-03-14,32.0,77.0,0.0
2015-03-14,32.0,77.25,0.0
2015-03-14,32.0,77.5,0.0
2015-03-15,31.5,76.5,0.9702881574630737
2015-03-15,31.5,76.75,0.8841156959533691
2015-03-15,31.5,77.0,4.797286033630371
2015-03-15,31.5,77.25,4.462571620941162
2015-03-15,31.5,77.5,5.6684794425964355
2015-03-15,31.75,76.5,1.7164788246154785
2015-03-15,31.75,76.75,1.9500571489334106
2015-03-15,31.75,77.0,2.463695764541626
2015-03-15,31.75,77.25,3.9233436584472656
2015-03-15,31.75,77.5,3.9385294914245605
2015-03-15,32.0,76.5,2.3957557678222656
2015-03-15,32.0,76.75,2.4005165100097656
2015-03-15,32.0,77.0,3.163403034210205
2015-03-15,32.0,77.25,3.551499605178833
2015-03-15,32.0,77.5,3.6689224243164062
2015-03-16,31.5,76.5,7.734691143035889
2015-03-16,31.5,76.75,2.8828206062316895
2015-03-16,31.5,77.0,1.9534660577774048
2015-03-16,31.5,77.25,8.046744346618652
2015-03-16,31.5,77.5,10.061108589172363
2015-03-16,31.75,76.5,10.939006805419922
2015-03-16,31.75,76.75,3.9420671463012695
2015-03-16,31.75,77.0,3.9935975074768066
2015-03-16,31.75,77.25,7.362695217132568
2015-03-16,31.75,77.5,9.142553329467773
2015-03-16,32.0,76.5,13.970833778381348
2015-03-16,32.0,76.75,7.168724060058594
2015-03-16,32.0,77.0,6.454514503479004
2015-03-16,32.0,77.25,7.585882186889648
2015-03-16,32.0,77.5,7.736361503601074
2015-03-17,31.5,76.5,14.300742149353027
2015-03-17,31.5,76.75,12.921914100646973
2015-03-17,31.5,77.0,4.84412145614624
2015-03-17,31.5,77.25,5.7824859619140625
2015-03-17,31.5,77.5,5.337031841278076
2015-03-17,31.75,76.5,15.618947982788086
2015-03-17,31.75,76.75,6.226171016693115
2015-03-17,31.75,77.0,7.036815166473389
2015-03-17,31.75,77.25,6.3593549728393555
2015-03-17,31.75,77.5,6.392243385314941
2015-03-17,32.0,76.5,16.29977035522461
2015-03-17,32.0,76.75,12.182537078857422
2015-03-17,32.0,77.0,10.968624114990234
2015-03-17,32.0,77.25,11.132067680358887
2015-03-17,32.0,77.5,9.501123428344727
2015-03-18,31.5,76.5,0.1177312508225441
2015-03-18,31.5,76.75,0.4851250946521759
2015-03-18,31.5,77.0,0.7467026710510254
2015-03-18,31.5,77.25,0.10159298777580261
2015-03-18,31.5,77.5,0.0
2015-03-18,31.75,76.5,0.0
2015-03-18,31.75,76.75,3.8190231323242188
2015-03-18,31.75,77.0,3.5056488513946533
2015-03-18,31.75,77.25,0.9672762751579285
2015-03-18,31.75,77.5,0.7922838926315308
2015-03-18,32.0,76.5,0.0
2015-03-18,32.0,76.75,1.3800865411758423
2015-03-18,32.0,77.0,2.274503469467163
2015-03-18,32.0,77.25,1.5085846185684204
2015-03-18,32.0,77.5,1.2765604257583618
2015-03-19,31.5,76.5,0.0
2015-03-19,31.5,76.75,0.0
2015-03-19,31.5,77.0,0.0
2015-03-19,31.5,77.25,0.0
2015-03-19,31.5,77.5,0.0
2015-03-19,31.75,76.5,0.0
2015-03-19,31.75,76.75,0.0
2015-03-19,31.75,77.0,0.0
2015-03-19,31.75,77.25,0.0
2015-03-19,31.75,77.5,0.0
2015-03-19,32.0,76.5,0.0
2015-03-19,32.0,76.75,0.0
2015-03-19,32.0,77.0,0.0
2015-03-19,32.0,77.25,0.0
2015-03-19,32.0,77.5,0.0
2015-03-20,31.5,76.5,0.0
2015-03-20,31.5,76.75,0.0
2015-03-20,31.5,77.0,0.0
2015-03-20,31.5,77.25,0.0
2015-03-20,31.5,77.5,0.0
2015-03-20,31.75,76.5,0.0
2015-03-20,31.75,76.75,0.0
2015-03-20,31.75,77.0,0.0
2015-03-20,31.75,77.25,0.0
2015-03-20,31.75,77.5,0.0
2015-03-20,32.0,76.5,0.0
2015-03-20,32.0,76.75,0.0
2015-03-20,32.0,77.0,0.0
2015-03-20,32.0,77.25,0.0
2015-03-20,32.0,77.5,0.0
2015-03-21,31.5,76.5,0.0
2015-03-21,31.5,76.75,0.0
2015-03-21,31.5,77.0,0.0
2015-03-21,31.5,77.25,0.0
2015-03-21,31.5,77.5,0.0
2015-03-21,31.75,76.5,0.0
2015-03-21,31.75,76.75,0.0
2015-03-21,31.75,77.0,0.0
2015-03-21,31.75,77.25,0.0
2015-03-21,31.75,77.5,0.0
2015-03-21,32.0,76.5,0.0
2015-03-21,32.0,76.75,0.0
2015-03-21,32.0,77.0,0.0
2015-03-21,32.0,77.25,0.0
2015-03-21,32.0,77.5,0.0
2015-03-22,31.5,76.5,0.0
2015-03-22,31.5,76.75,0.0
2015-03-22,31.5,77.0,0.0
2015-03-22,31.5,77.25,0.0
2015-03-22,31.5,77.5,0.0
2015-03-22,31.75,76.5,0.0
2015-03-22,31.75,76.75,0.0
2015-03-22,31.75,77.0,0.0
2015-03-22,31.75,77.25,0.0
2015-03-22,31.75,77.5,0.0
2015-03-22,32.0,76.5,0.0
2015-03-22,32.0,76.75,0.0
2015-03-22,32.0,77.0,0.0
2015-03-22,32.0,77.25,0.0
2015-03-22,32.0,77.5,0.0
2015-03-23,31.5,76.5,0.0
2015-03-23,31.5,76.75,0.0
2015-03-23,31.5,77.0,0.0
2015-03-23,31.5,77.25,0.0
2015-03-23,31.5,77.5,0.0
2015-03-23,31.75,76.5,0.0
2015-03-23,31.75,76.75,0.0
2015-03-23,31.75,77.0,0.0
2015-03-23,31.75,77.25,0.0
2015-03-23,31.75,77.5,0.0
2015-03-23,32.0,76.5,0.0
2015-03-23,32.0,76.75,0.0
2015-03-23,32.0,77.0,0.0
2015-03-23,32.0,77.25,0.0
2015-03-23,32.0,77.5,0.0
2015-03-24,31.5,76.5,0.0
2015-03-24,31.5,76.75,0.0
2015-03-24,31.5,77.0,0.0
2015-03-24,31.5,77.25,0.0
2015-03-24,31.5,77.5,0.0
2015-03-24,31.75,76.5,0.0
2015-03-24,31.75,76.75,0.0
2015-03-24,31.75,77.0,0.0
2015-03-24,31.75,77.25,0.0
2015-03-24,31.75,77.5,0.0
2015-03-24,32.0,76.5,0.0
2015-03-24,32.0,76.75,0.0
2015-03-24,32.0,77.0,0.0
2015-03-24,32.0,77.25,0.0
2015-03-24,32.0,77.5,0.0
2015-03-25,31.5,76.5,0.0
2015-03-25,31.5,76.75,0.0
2015-03-25,31.5,77.0,0.0
2015-03-25,31.5,77.25,0.0
2015-03-25,31.5,77.5,0.0
2015-03-25,31.75,76.5,0.0
2015-03-25,31.75,76.75,0.0
2015-03-25,31.75,77.0,0.0
2015-03-25,31.75,77.25,0.0
2015-03-25,31.75,77.5,0.0
2015-03-25,32.0,76.5,0.0
2015-03-25,32.0,76.75,0.0
2015-03-25,32.0,77.0,0.0
2015-03-25,32.0,77.25,0.0
2015-03-25,32.0,77.5,0.0
2015-03-26,31.5,76.5,0.0
2015-03-26,31.5,76.75,0.0
2015-03-26,31.5,77.0,0.0
2015-03-26,31.5,77.25,0.0
2015-03-26,31.5,77.5,0.0
2015-03-26,31.75,76.5,0.0
2015-03-26,31.75,76.75,0.0
2015-03-26,31.75,77.0,0.0
2015-03-26,31.75,77.25,0.0
2015-03-26,31.75,77.5,0.0
2015-03-26,32.0,76.5,0.0
2015-03-26,32.0,76.75,0.0
2015-03-26,32.0,77.0,0.0
2015-03-26,32.0,77.25,0.0
2015-03-26,32.0,77.5,0.0
2015-03-27,31.5,76.5,0.0
2015-03-27,31.5,76.75,0.0
2015-03-27,31.5,77.0,0.0
2015-03-27,31.5,77.25,0.0
2015-03-27,31.5,77.5,0.0
2015-03-27,31.75,76.5,0.0
2015-03-27,31.75,76.75,0.0
2015-03-27,31.75,77.0,0.0
2015-03-27,31.75,77.25,0.0
2015-03-27,31.75,77.5,0.0
2015-03-27,32.0,76.5,0.0
2015-03-27,32.0,76.75,0.0
2015-03-27,32.0,77.0,0.0
2015-03-27,32.0,77.25,0.0
2015-03-27,32.0,77.5,0.0
2015-03-28,31.5,76.5,0.0
2015-03-28,31.5,76.75,0.0
2015-03-28,31.5,77.0,0.0
2015-03-28,31.5,77.25,0.0
2015-03-28,31.5,77.5,0.0
2015-03-28,31.75,76.5,0.0
2015-03-28,31.75,76.75,0.0
2015-03-28,31.75,77.0,0.0
2015-03-28,31.75,77.25,0.0
2015-03-28,31.75,77.5,0.0
2015-03-28,32.0,76.5,0.0
2015-03-28,32.0,76.75,0.0
2015-03-28,32.0,77.0,0.0
2015-03-28,32.0,77.25,0.0
2015-03-28,32.0,77.5,0.0
2015-03-29,31.5,76.5,1.1555832624435425
2015-03-29,31.5,76.75,2.7102253437042236
2015-03-29,31.5,77.0,1.0816649198532104
2015-03-29,31.5,77.25,2.783076286315918
2015-03-29,31.5,77.5,1.8575834035873413
2015-03-29,31.75,76.5,0.8349509239196777
2015-03-29,31.75,76.75,0.7846015691757202
2015-03-29,31.75,77.0,4.3239545822143555
2015-03-29,31.75,77.25,3.418058156967163
2015-03-29,31.75,77.5,2.9662911891937256
2015-03-29,32.0,76.5,2.536924362182617
2015-03-29,32.0,76.75,2.2142481803894043
2015-03-29,32.0,77.0,10.296188354492188
2015-03-29,32.0,77.25,10.88931655883789
2015-03-29,32.0,77.5,8.420219421386719
2015-03-30,31.5,76.5,16.451766967773438
2015-03-30,31.5,76.75,20.364782333374023
2015-03-30,31.5,77.0,14.19948959350586
2015-03-30,31.5,77.25,14.683104515075684
2015-03-30,31.5,77.5,10.114801406860352
2015-03-30,31.75,76.5,18.179290771484375
2015-03-30,31.75,76.75,10.301466941833496
2015-03-30,31.75,77.0,17.445358276367188
2015-03-30,31.75,77.25,15.813185691833496
2015-03-30,31.75,77.5,15.160300254821777
2015-03-30,32.0,76.5,19.201812744140625
2015-03-30,32.0,76.75,21.496673583984375
2015-03-30,32.0,77.0,30.08942413330078
2015-03-30,32.0,77.25,30.912004470825195
2015-03-30,32.0,77.5,25.675949096679688
2015-03-31,31.5,76.5,1.783567190170288
2015-03-31,31.5,76.75,0.7719588875770569
2015-03-31,31.5,77.0,1.5010665655136108
2015-03-31,31.5,77.25,2.761019706726074
2015-03-31,31.5,77.5,1.7206783294677734
2015-03-31,31.75,76.5,2.9691715240478516
2015-03-31,31.75,76.75,7.982857704162598
2015-03-31,31.75,77.0,4.6140851974487305
2015-03-31,31.75,77.25,4.639922142028809
2015-03-31,31.75,77.5,3.412233352661133
2015-03-31,32.0,76.5,2.8480911254882812
2015-03-31,32.0,76.75,4.398474216461182
2015-03-31,32.0,77.0,3.854781150817871
2015-03-31,32.0,77.25,4.113433361053467
2015-03-31,32.0,77.5,4.363739967346191
2015-04-01,31.5,76.5,0.22703352570533752
2015-04-01,31.5,76.75,0.0
2015-04-01,31.5,77.0,0.36518198251724243
2015-04-01,31.5,77.25,1.9457216262817383
2015-04-01,31.5,77.5,1.2572623491287231
2015-04-01,31.75,76.5,0.0
2015-04-01,31.75,76.75,0.0
2015-04-01,31.75,77.0,0.0
2015-04-01,31.75,77.25,1.507224678993225
2015-04-01,31.75,77.5,1.086108684539795
2015-04-01,32.0,76.5,0.0
2015-04-01,32.0,76.75,0.0
2015-04-01,32.0,77.0,0.0
2015-04-01,32.0,77.25,0.3883669972419739
2015-04-01,32.0,77.5,0.8360185623168945
2015-04-02,31.5,76.5,4.073409557342529
2015-04-02,31.5,76.75,4.445298194885254
2015-04-02,31.5,77.0,4.420346260070801
2015-04-02,31.5,77.25,4.652435779571533
2015-04-02,31.5,77.5,4.533863067626953
2015-04-02,31.75,76.5,5.0182671546936035
2015-04-02,31.75,76.75,4.308653831481934
2015-04-02,31.75,77.0,12.14338493347168
2015-04-02,31.75,77.25,6.518367767333984
2015-04-02,31.75,77.5,7.210896968841553
2015-04-02,32.0,76.5,10.008814811706543
2015-04-02,32.0,76.75,10.669264793395996
2015-04-02,32.0,77.0,23.6981143951416
2015-04-02,32.0,77.25,23.34906578063965
2015-04-02,32.0,77.5,17.423015594482422
2015-04-03,31.5,76.5,6.99299430847168
2015-04-03,31.5,76.75,8.807315826416016
2015-04-03,31.5,77.0,13.570384979248047
2015-04-03,31.5,77.25,10.787862777709961
2015-04-03,31.5,77.5,10.491127014160156
2015-04-03,31.75,76.5,6.3666887283325195
2015-04-03,31.75,76.75,6.272724628448486
2015-04-03,31.75,77.0,18.806671142578125
2015-04-03,31.75,77.25,12.99547290802002
2015-04-03,31.75,77.5,15.763230323791504
2015-04-03,32.0,76.5,5.890535354614258
2015-04-03,32.0,76.75,8.301408767700195
2015-04-03,32.0,77.0,25.348379135131836
2015-04-03,32.0,77.25,24.08203887939453
2015-04-03,32.0,77.5,19.79469108581543
2015-04-04,31.5,76.5,4.6004767417907715
2015-04-04,31.5,76.75,3.610008955001831
2015-04-04,31.5,77.0,6.507750511169434
2015-04-04,31.5,77.25,4.419956207275391
2015-04-04,31.5,77.5,4.4392900466918945
2015-04-04,31.75,76.5,18.494384765625
2015-04-04,31.75,76.75,24.950475692749023
2015-04-04,31.75,77.0,14.002723693847656
2015-04-04,31.75,77.25,5.90947961807251
2015-04-04,31.75,77.5,7.3545379638671875
2015-04-04,32.0,76.5,18.405269622802734
2015-04-04,32.0,76.75,17.711606979370117
2015-04-04,32.0,77.0,21.67392349243164
2015-04-04,32.0,77.25,19.271976470947266
2015-04-04,32.0,77.5,14.4528226852417
2015-04-05,31.5,76.5,18.760889053344727
2015-04-05,31.5,76.75,28.575477600097656
2015-04-05,31.5,77.0,2.093594551086426
2015-04-05,31.5,77.25,0.29588401317596436
2015-04-05,31.5,77.5,1.4236879348754883
2015-04-05,31.75,76.5,15.597851753234863
2015-04-05,31.75,76.75,17.34684944152832
2015-04-05,31.75,77.0,3.746797561645508
2015-04-05,31.75,77.25,0.5202059745788574
2015-04-05,31.75,77.5,0.9431654214859009
2015-04-05,32.0,76.5,14.670255661010742
2015-04-05,32.0,76.75,10.287740707397461
2015-04-05,32.0,77.0,4.192427158355713
2015-04-05,32.0,77.25,3.0706229209899902
2015-04-05,32.0,77.5,2.2465243339538574
2015-04-06,31.5,76.5,0.0
2015-04-06,31.5,76.75,0.0
2015-04-06,31.5,77.0,0.0
2015-04-06,31.5,77.25,0.0
2015-04-06,31.5,77.5,1.2759754657745361
2015-04-06,31.75,76.5,0.0
2015-04-06,31.75,76.75,0.0
2015-04-06,31.75,77.0,0.0
2015-04-06,31.75,77.25,0.0
2015-04-06,31.75,77.5,0.4638371765613556
2015-04-06,32.0,76.5,0.0
2015-04-06,32.0,76.75,0.0
2015-04-06,32.0,77.0,0.0
2015-04-06,32.0,77.25,0.0
2015-04-06,32.0,77.5,0.0
2015-04-07,31.5,76.5,0.0
2015-04-07,31.5,76.75,0.0
2015-04-07,31.5,77.0,1.298058032989502
2015-04-07,31.5,77.25,4.3507585525512695
2015-04-07,31.5,77.5,4.336806774139404
2015-04-07,31.75,76.5,1.6524322032928467
2015-04-07,31.75,76.75,0.4011555314064026
2015-04-07,31.75,77.0,8.306697845458984
2015-04-07,31.75,77.25,5.392204761505127
2015-04-07,31.75,77.5,5.944098949432373
2015-04-07,32.0,76.5,3.605393886566162
2015-04-07,32.0,76.75,5.479764938354492
2015-04-07,32.0,77.0,9.48389720916748
2015-04-07,32.0,77.25,8.674041748046875
2015-04-07,32.0,77.5,7.363052845001221
2015-04-08,31.5,76.5,6.1604156494140625
2015-04-08,31.5,76.75,11.319318771362305
2015-04-08,31.5,77.0,4.303512096405029
2015-04-08,31.5,77.25,4.662196159362793
2015-04-08,31.5,77.5,3.749235153198242
2015-04-08,31.75,76.5,4.671420574188232
2015-04-08,31.75,76.75,16.59357261657715
2015-04-08,31.75,77.0,11.01066780090332
2015-04-08,31.75,77.25,6.337404727935791
2015-04-08,31.75,77.5,5.398696422576904
2015-04-08,32.0,76.5,10.740521430969238
2015-04-08,32.0,76.75,14.574729919433594
2015-04-08,32.0,77.0,11.874464988708496
2015-04-08,32.0,77.25,10.74148178100586
2015-04-08,32.0,77.5,9.297578811645508
2015-04-09,31.5,76.5,0.15697501599788666
2015-04-09,31.5,76.75,0.5482624769210815
2015-04-09,31.5,77.0,0.670604407787323
2015-04-09,31.5,77.25,0.0
2015-04-09,31.5,77.5,0.3289898633956909
2015-04-09,31.75,76.5,0.0
2015-04-09,31.75,76.75,3.1245334148406982
2015-04-09,31.75,77.0,4.941684722900391
2015-04-09,31.75,77.25,1.3560575246810913
2015-04-09,31.75,77.5,1.6846778392791748
2015-04-09,32.0,76.5,0.0
2015-04-09,32.0,76.75,1.5135886669158936
2015-04-09,32.0,77.0,3.4226596355438232
2015-04-09,32.0,77.25,2.2819881439208984
2015-04-09,32.0,77.5,1.83151376247406
2015-04-10,31.5,76.5,0.0
2015-04-10,31.5,76.75,0.0
2015-04-10,31.5,77.0,0.0
2015-04-10,31.5,77.25,0.0
2015-04-10,31.5,77.5,0.0
2015-04-10,31.75,76.5,0.0
2015-04-10,31.75,76.75,0.0
2015-04-10,31.75,77.0,0.0
2015-04-10,31.75,77.25,0.0
2015-04-10,31.75,77.5,0.0
2015-04-10,32.0,76.5,0.0
2015-04-10,32.0,76.75,0.0
2015-04-10,32.0,77.0,0.0
2015-04-10,32.0,77.25,0.0
2015-04-10,32.0,77.5,0.0
2015-04-11,31.5,76.5,0.0
2015-04-11,31.5,76.75,0.0
2015-04-11,31.5,77.0,0.0
2015-04-11,31.5,77.25,0.0
2015-04-11,31.5,77.5,0.0
2015-04-11,31.75,76.5,0.0
2015-04-11,31.75,76.75,0.0
2015-04-11,31.75,77.0,0.0
2015-04-11,31.75,77.25,0.0
2015-04-11,31.75,77.5,0.0
2015-04-11,32.0,76.5,0.0
2015-04-11,32.0,76.75,0.0
2015-04-11,32.0,77.0,0.0
2015-04-11,32.0,77.25,0.0
2015-04-11,32.0,77.5,0.0
2015-04-12,31.5,76.5,0.0
2015-04-12,31.5,76.75,0.0
2015-04-12,31.5,77.0,0.0
2015-04-12,31.5,77.25,0.10843363404273987
2015-04-12,31.5,77.5,0.0
2015-04-12,31.75,76.5,0.0
2015-04-12,31.75,76.75,0.0
2015-04-12,31.75,77.0,0.0
2015-04-12,31.75,77.25,0.0
2015-04-12,31.75,77.5,0.0
2015-04-12,32.0,76.5,0.0
2015-04-12,32.0,76.75,0.0
2015-04-12,32.0,77.0,0.0
2015-04-12,32.0,77.25,0.0
2015-04-12,32.0,77.5,0.0
2015-04-13,31.5,76.5,0.0
2015-04-13,31.5,76.75,0.0
2015-04-13,31.5,77.0,0.0
2015-04-13,31.5,77.25,0.0
2015-04-13,31.5,77.5,0.0
2015-04-13,31.75,76.5,0.0
2015-04-13,31.75,76.75,0.0
2015-04-13,31.75,77.0,0.0
2015-04-13,31.75,77.25,0.0
2015-04-13,31.75,77.5,0.0
2015-04-13,32.0,76.5,0.0
2015-04-13,32.0,76.75,0.0
2015-04-13,32.0,77.0,0.0
2015-04-13,32.0,77.25,0.0
2015-04-13,32.0,77.5,0.0
2015-04-14,31.5,76.5,0.0
2015-04-14,31.5,76.75,0.1905577927827835
2015-04-14,31.5,77.0,0.0
2015-04-14,31.5,77.25,0.0
2015-04-14,31.5,77.5,0.0
2015-04-14,31.75,76.5,0.0
2015-04-14,31.75,76.75,0.0
2015-04-14,31.75,77.0,0.0
2015-04-14,31.75,77.25,0.0
2015-04-14,31.75,77.5,0.0
2015-04-14,32.0,76.5,0.0
2015-04-14,32.0,76.75,0.0
2015-04-14,32.0,77.0,0.0
2015-04-14,32.0,77.25,0.0
2015-04-14,32.0,77.5,0.0
2015-04-15,31.5,76.5,0.0
2015-04-15,31.5,76.75,0.0
2015-04-15,31.5,77.0,0.0
2015-04-15,31.5,77.25,0.0
2015-04-15,31.5,77.5,0.0
2015-04-15,31.75,76.5,0.0
2015-04-15,31.75,76.75,0.0
2015-04-15,31.75,77.0,0.0
2015-04-15,31.75,77.25,0.0
2015-04-15,31.75,77.5,0.0
2015-04-15,32.0,76.5,0.0
2015-04-15,32.0,76.75,0.0
2015-04-15,32.0,77.0,0.0
2015-04-15,32.0,77.25,0.0
2015-04-15,32.0,77.5,0.0
2015-04-16,31.5,76.5,15.491418838500977
2015-04-16,31.5,76.75,21.786548614501953
2015-04-16,31.5,77.0,20.35004425048828
2015-04-16,31.5,77.25,7.190407752990723
2015-04-16,31.5,77.5,3.7443954944610596
2015-04-16,31.75,76.5,17.66469955444336
2015-04-16,31.75,76.75,7.704095363616943
2015-04-16,31.75,77.0,16.943523406982422
2015-04-16,31.75,77.25,9.078790664672852
2015-04-16,31.75,77.5,6.01719331741333
2015-04-16,32.0,76.5,25.37744140625
2015-04-16,32.0,76.75,22.393627166748047
2015-04-16,32.0,77.0,12.257875442504883
2015-04-16,32.0,77.25,10.35353946685791
2015-04-16,32.0,77.5,6.193723201751709
2015-04-17,31.5,76.5,2.2725415229797363
2015-04-17,31.5,76.75,1.247786283493042
2015-04-17,31.5,77.0,0.0
2015-04-17,31.5,77.25,0.0
2015-04-17,31.5,77.5,0.0
2015-04-17,31.75,76.5,2.5675809383392334
2015-04-17,31.75,76.75,0.2571827471256256
2015-04-17,31.75,77.0,0.36637240648269653
2015-04-17,31.75,77.25,0.10002352297306061
2015-04-17,31.75,77.5,0.0
2015-04-17,32.0,76.5,1.4330487251281738
2015-04-17,32.0,76.75,0.7456002235412598
2015-04-17,32.0,77.0,0.2438148856163025
2015-04-17,32.0,77.25,0.1827983260154724
2015-04-17,32.0,77.5,0.0
2015-04-18,31.5,76.5,0.0
2015-04-18,31.5,76.75,0.0
2015-04-18,31.5,77.0,0.0
2015-04-18,31.5,77.25,0.0
2015-04-18,31.5,77.5,0.0
2015-04-18,31.75,76.5,0.0
2015-04-18,31.75,76.75,0.0
2015-04-18,31.75,77.0,0.0
2015-04-18,31.75,77.25,0.0
2015-04-18,31.75,77.5,0.0
2015-04-18,32.0,76.5,0.0
2015-04-18,32.0,76.75,0.0
2015-04-18,32.0,77.0,0.0
2015-04-18,32.0,77.25,0.0
2015-04-18,32.0,77.5,0.0
2015-04-19,31.5,76.5,0.0
2015-04-19,31.5,76.75,0.0
2015-04-19,31.5,77.0,0.0
2015-04-19,31.5,77.25,0.0
2015-04-19,31.5,77.5,0.0
2015-04-19,31.75,76.5,0.0
2015-04-19,31.75,76.75,0.0
2015-04-19,31.75,77.0,0.0
2015-04-19,31.75,77.25,0.0
2015-04-19,31.75,77.5,0.0
2015-04-19,32.0,76.5,0.0
2015-04-19,32.0,76.75,0.0
2015-04-19,32.0,77.0,0.0
2015-04-19,32.0,77.25,0.0
2015-04-19,32.0,77.5,0.0
2015-04-20,31.5,76.5,0.0
2015-04-20,31.5,76.75,0.0
2015-04-20,31.5,77.0,0.0
2015-04-20,31.5,77.25,0.0
2015-04-20,31.5,77.5,1.0155378580093384
2015-04-20,31.75,76.5,0.0
2015-04-20,31.75,76.75,1.9341903924942017
2015-04-20,31.75,77.0,2.445927858352661
2015-04-20,31.75,77.25,0.513802170753479
2015-04-20,31.75,77.5,0.6635345220565796
2015-04-20,32.0,76.5,0.0
2015-04-20,32.0,76.75,0.7607225179672241
2015-04-20,32.0,77.0,12.726776123046875
2015-04-20,32.0,77.25,13.490826606750488
2015-04-20,32.0,77.5,10.313434600830078
2015-04-21,31.5,76.5,0.0
2015-04-21,31.5,76.75,0.0
2015-04-21,31.5,77.0,0.6800797581672668
2015-04-21,31.5,77.25,17.15938949584961
2015-04-21,31.5,77.5,12.686920166015625
2015-04-21,31.75,76.5,0.0
2015-04-21,31.75,76.75,0.8316159844398499
2015-04-21,31.75,77.0,3.15252947807312
2015-04-21,31.75,77.25,15.516486167907715
2015-04-21,31.75,77.5,10.975234031677246
2015-04-21,32.0,76.5,0.0
2015-04-21,32.0,76.75,0.8264960050582886
2015-04-21,32.0,77.0,10.798361778259277
2015-04-21,32.0,77.25,15.403055191040039
2015-04-21,32.0,77.5,16.096704483032227
2015-04-22,31.5,76.5,10.203375816345215
2015-04-22,31.5,76.75,24.88243865966797
2015-04-22,31.5,77.0,1.7373958826065063
2015-04-22,31.5,77.25,2.5252935886383057
2015-04-22,31.5,77.5,2.8473801612854004
2015-04-22,31.75,76.5,0.0
2015-04-22,31.75,76.75,3.6955883502960205
2015-04-22,31.75,77.0,0.8911368250846863
2015-04-22,31.75,77.25,1.8286268711090088
2015-04-22,31.75,77.5,1.8802273273468018
2015-04-22,32.0,76.5,0.0
2015-04-22,32.0,76.75,0.4979914724826813
2015-04-22,32.0,77.0,1.4690226316452026
2015-04-22,32.0,77.25,2.111461877822876
2015-04-22,32.0,77.5,1.6595240831375122
2015-04-23,31.5,76.5,0.0
2015-04-23,31.5,76.75,0.0
2015-04-23,31.5,77.0,0.0
2015-04-23,31.5,77.25,0.0
2015-04-23,31.5,77.5,0.3289898633956909
2015-04-23,31.75,76.5,0.0
2015-04-23,31.75,76.75,0.0
2015-04-23,31.75,77.0,0.0
2015-04-23,31.75,77.25,0.0
2015-04-23,31.75,77.5,0.1789495199918747
2015-04-23,32.0,76.5,0.0
2015-04-23,32.0,76.75,0.0
2015-04-23,32.0,77.0,0.0
2015-04-23,32.0,77.25,0.0
2015-04-23,32.0,77.5,0.0
2015-04-24,31.5,76.5,0.0
2015-04-24,31.5,76.75,0.0
2015-04-24,31.5,77.0,0.0
2015-04-24,31.5,77.25,0.0
2015-04-24,31.5,77.5,0.0
2015-04-24,31.75,76.5,0.0
2015-04-24,31.75,76.75,0.0
2015-04-24,31.75,77.0,0.0
2015-04-24,31.75,77.25,0.0
2015-04-24,31.75,77.5,0.0
2015-04-24,32.0,76.5,0.0
2015-04-24,32.0,76.75,0.0
2015-04-24,32.0,77.0,0.0
2015-04-24,32.0,77.25,0.0
2015-04-24,32.0,77.5,0.0
2015-04-25,31.5,76.5,0.0
2015-04-25,31.5,76.75,0.0
2015-04-25,31.5,77.0,0.0
2015-04-25,31.5,77.25,0.0
2015-04-25,31.5,77.5,0.49348482489585876
2015-04-25,31.75,76.5,0.0
2015-04-25,31.75,76.75,0.0
2015-04-25,31.75,77.0,0.0
2015-04-25,31.75,77.25,0.0
2015-04-25,31.75,77.5,0.26842430233955383
2015-04-25,32.0,76.5,0.0
2015-04-25,32.0,76.75,0.0
2015-04-25,32.0,77.0,0.0
2015-04-25,32.0,77.25,0.0
2015-04-25,32.0,77.5,0.0
2015-04-26,31.5,76.5,0.0
2015-04-26,31.5,76.75,0.0
2015-04-26,31.5,77.0,0.0
2015-04-26,31.5,77.25,0.0
2015-04-26,31.5,77.5,0.8407518863677979
2015-04-26,31.75,76.5,0.0
2015-04-26,31.75,76.75,0.1663231998682022
2015-04-26,31.75,77.0,0.14852279424667358
2015-04-26,31.75,77.25,0.0
2015-04-26,31.75,77.5,0.45731544494628906
2015-04-26,32.0,76.5,0.0
2015-04-26,32.0,76.75,0.0
2015-04-26,32.0,77.0,0.0
2015-04-26,32.0,77.25,0.0
2015-04-26,32.0,77.5,0.0
2015-04-27,31.5,76.5,0.0
2015-04-27,31.5,76.75,0.0
2015-04-27,31.5,77.0,0.0
2015-04-27,31.5,77.25,0.0
2015-04-27,31.5,77.5,0.0
2015-04-27,31.75,76.5,0.0
2015-04-27,31.75,76.75,0.0
2015-04-27,31.75,77.0,0.0
2015-04-27,31.75,77.25,0.0
2015-04-27,31.75,77.5,0.0
2015-04-27,32.0,76.5,0.0
2015-04-27,32.0,76.75,0.0
2015-04-27,32.0,77.0,0.0
2015-04-27,32.0,77.25,0.0
2015-04-27,32.0,77.5,0.0
2015-04-28,31.5,76.5,0.0
2015-04-28,31.5,76.75,0.0
2015-04-28,31.5,77.0,0.0
2015-04-28,31.5,77.25,0.0
2015-04-28,31.5,77.5,0.0
2015-04-28,31.75,76.5,0.0
2015-04-28,31.75,76.75,0.0
2015-04-28,31.75,77.0,0.0
2015-04-28,31.75,77.25,0.0
2015-04-28,31.75,77.5,0.0
2015-04-28,32.0,76.5,0.0
2015-04-28,32.0,76.75,0.0
2015-04-28,32.0,77.0,0.0
2015-04-28,32.0,77.25,0.0
2015-04-28,32.0,77.5,0.0
2015-04-29,31.5,76.5,0.0
2015-04-29,31.5,76.75,0.0
2015-04-29,31.5,77.0,0.14683687686920166
2015-04-29,31.5,77.25,0.0
2015-04-29,31.5,77.5,1.5145270824432373
2015-04-29,31.75,76.5,2.4786484241485596
2015-04-29,31.75,76.75,0.35224851965904236
2015-04-29,31.75,77.0,0.15207433700561523
2015-04-29,31.75,77.25,0.0
2015-04-29,31.75,77.5,0.5053651928901672
2015-04-29,32.0,76.5,5.375116348266602
2015-04-29,32.0,76.75,5.912935733795166
2015-04-29,32.0,77.0,0.1036258414387703
2015-04-29,32.0,77.25,0.0
2015-04-29,32.0,77.5,0.0
2015-04-30,31.5,76.5,0.0
2015-04-30,31.5,76.75,0.0
2015-04-30,31.5,77.0,0.0
2015-04-30,31.5,77.25,0.0
2015-04-30,31.5,77.5,0.0
2015-04-30,31.75,76.5,0.0
2015-04-30,31.75,76.75,0.0
2015-04-30,31.75,77.0,0.0
2015-04-30,31.75,77.25,0.0
2015-04-30,31.75,77.5,0.0
2015-04-30,32.0,76.5,0.0
2015-04-30,32.0,76.75,0.0
2015-04-30,32.0,77.0,0.8242113590240479
2015-04-30,32.0,77.25,0.9349743723869324
2015-04-30,32.0,77.5,0.7183446884155273
2015-05-01,31.5,76.5,7.540970325469971
2015-05-01,31.5,76.75,11.841748237609863
2015-05-01,31.5,77.0,1.7911083698272705
2015-05-01,31.5,77.25,12.576264381408691
2015-05-01,31.5,77.5,10.998799324035645
2015-05-01,31.75,76.5,5.29355525970459
2015-05-01,31.75,76.75,9.004851341247559
2015-05-01,31.75,77.0,6.039178371429443
2015-05-01,31.75,77.25,11.687918663024902
2015-05-01,31.75,77.5,9.23783016204834
2015-05-01,32.0,76.5,5.915459156036377
2015-05-01,32.0,76.75,7.76686429977417
2015-05-01,32.0,77.0,6.210655212402344
2015-05-01,32.0,77.25,7.7505035400390625
2015-05-01,32.0,77.5,8.678091049194336
2015-05-02,31.5,76.5,0.0
2015-05-02,31.5,76.75,0.0
2015-05-02,31.5,77.0,0.0
2015-05-02,31.5,77.25,0.0
2015-05-02,31.5,77.5,0.0
2015-05-02,31.75,76.5,0.0
2015-05-02,31.75,76.75,0.0
2015-05-02,31.75,77.0,0.0
2015-05-02,31.75,77.25,0.0
2015-05-02,31.75,77.5,0.0
2015-05-02,32.0,76.5,0.0
2015-05-02,32.0,76.75,0.0
2015-05-02,32.0,77.0,0.0
2015-05-02,32.0,77.25,0.0
2015-05-02,32.0,77.5,0.0
2015-05-03,31.5,76.5,0.0
2015-05-03,31.5,76.75,0.0
2015-05-03,31.5,77.0,0.0
2015-05-03,31.5,77.25,0.0
2015-05-03,31.5,77.5,0.0
2015-05-03,31.75,76.5,0.0
2015-05-03,31.75,76.75,0.0
2015-05-03,31.75,77.0,0.0
2015-05-03,31.75,77.25,0.0
2015-05-03,31.75,77.5,0.0
2015-05-03,32.0,76.5,0.0
2015-05-03,32.0,76.75,0.0
2015-05-03,32.0,77.0,0.0
2015-05-03,32.0,77.25,0.0
2015-05-03,32.0,77.5,0.0
2015-05-04,31.5,76.5,0.0
2015-05-04,31.5,76.75,0.0
2015-05-04,31.5,77.0,0.0
2015-05-04,31.5,77.25,0.0
2015-05-04,31.5,77.5,0.0
2015-05-04,31.75,76.5,1.3770267963409424
2015-05-04,31.75,76.75,0.19569362699985504
2015-05-04,31.75,77.0,0.0
2015-05-04,31.75,77.25,0.0
2015-05-04,31.75,77.5,0.0
2015-05-04,32.0,76.5,2.986175537109375
2015-05-04,32.0,76.75,3.271108865737915
2015-05-04,32.0,77.0,0.0
2015-05-04,32.0,77.25,0.0
2015-05-04,32.0,77.5,0.0
2015-05-05,31.5,76.5,0.0
2015-05-05,31.5,76.75,0.0
2015-05-05,31.5,77.0,0.0
2015-05-05,31.5,77.25,0.0
2015-05-05,31.5,77.5,0.0
2015-05-05,31.75,76.5,0.0
2015-05-05,31.75,76.75,0.0
2015-05-05,31.75,77.0,0.0
2015-05-05,31.75,77.25,0.0
2015-05-05,31.75,77.5,0.0
2015-05-05,32.0,76.5,0.0
2015-05-05,32.0,76.75,0.0
2015-05-05,32.0,77.0,0.0
2015-05-05,32.0,77.25,0.0
2015-05-05,32.0,77.5,0.0
2015-05-06,31.5,76.5,0.0
2015-05-06,31.5,76.75,0.0
2015-05-06,31.5,77.0,0.0
2015-05-06,31.5,77.25,0.0
2015-05-06,31.5,77.5,0.0
2015-05-06,31.75,76.5,0.0
2015-05-06,31.75,76.75,0.0
2015-05-06,31.75,77.0,0.0
2015-05-06,31.75,77.25,0.0
2015-05-06,31.75,77.5,0.0
2015-05-06,32.0,76.5,0.0
2015-05-06,32.0,76.75,0.0
2015-05-06,32.0,77.0,0.0
2015-05-06,32.0,77.25,0.0
2015-05-06,32.0,77.5,0.0
2015-05-07,31.5,76.5,0.0
2015-05-07,31.5,76.75,0.0
2015-05-07,31.5,77.0,0.0
2015-05-07,31.5,77.25,0.0
2015-05-07,31.5,77.5,0.0
2015-05-07,31.75,76.5,0.0
2015-05-07,31.75,76.75,0.0
2015-05-07,31.75,77.0,0.0
2015-05-07,31.75,77.25,0.0
2015-05-07,31.75,77.5,0.0
2015-05-07,32.0,76.5,0.0
2015-05-07,32.0,76.75,0.0
2015-05-07,32.0,77.0,0.0
2015-05-07,32.0,77.25,0.0
2015-05-07,32.0,77.5,0.0
2015-05-08,31.5,76.5,0.0
2015-05-08,31.5,76.75,0.0
2015-05-08,31.5,77.0,0.0
2015-05-08,31.5,77.25,0.0
2015-05-08,31.5,77.5,0.0
2015-05-08,31.75,76.5,0.0
2015-05-08,31.75,76.75,0.0
2015-05-08,31.75,77.0,0.0
2015-05-08,31.75,77.25,0.0
2015-05-08,31.75,77.5,0.0
2015-05-08,32.0,76.5,0.0
2015-05-08,32.0,76.75,0.0
2015-05-08,32.0,77.0,0.0
2015-05-08,32.0,77.25,0.0
2015-05-08,32.0,77.5,0.0
2015-05-09,31.5,76.5,0.0
2015-05-09,31.5,76.75,0.0
2015-05-09,31.5,77.0,0.0
2015-05-09,31.5,77.25,0.0
2015-05-09,31.5,77.5,0.0
2015-05-09,31.75,76.5,0.0
2015-05-09,31.75,76.75,0.0
2015-05-09,31.75,77.0,0.0
2015-05-09,31.75,77.25,0.0
2015-05-09,31.75,77.5,0.0
2015-05-09,32.0,76.5,0.0
2015-05-09,32.0,76.75,0.0
2015-05-09,32.0,77.0,0.0
2015-05-09,32.0,77.25,0.0
2015-05-09,32.0,77.5,0.0
2015-05-10,31.5,76.5,0.0
2015-05-10,31.5,76.75,0.0
2015-05-10,31.5,77.0,0.0
2015-05-10,31.5,77.25,0.0
2015-05-10,31.5,77.5,1.5718406438827515
2015-05-10,31.75,76.5,0.0
2015-05-10,31.75,76.75,0.0
2015-05-10,31.75,77.0,0.0
2015-05-10,31.75,77.25,0.0
2015-05-10,31.75,77.5,0.8549811840057373
2015-05-10,32.0,76.5,0.0
2015-05-10,32.0,76.75,0.0
2015-05-10,32.0,77.0,0.0
2015-05-10,32.0,77.25,0.0
2015-05-10,32.0,77.5,0.0
2015-05-11,31.5,76.5,0.0
2015-05-11,31.5,76.75,0.0
2015-05-11,31.5,77.0,0.0
2015-05-11,31.5,77.25,1.7055325508117676
2015-05-11,31.5,77.5,2.7884955406188965
2015-05-11,31.75,76.5,0.0
2015-05-11,31.75,76.75,0.0
2015-05-11,31.75,77.0,0.0
2015-05-11,31.75,77.25,1.4504281282424927
2015-05-11,31.75,77.5,1.6913361549377441
2015-05-11,32.0,76.5,0.0
2015-05-11,32.0,76.75,0.0
2015-05-11,32.0,77.0,0.0
2015-05-11,32.0,77.25,0.3883669972419739
2015-05-11,32.0,77.5,0.7615932822227478
2015-05-12,31.5,76.5,4.57619571685791
2015-05-12,31.5,76.75,4.230869770050049
2015-05-12,31.5,77.0,3.5652318000793457
2015-05-12,31.5,77.25,0.5284615755081177
2015-05-12,31.5,77.5,1.1819994449615479
2015-05-12,31.75,76.5,7.831066608428955
2015-05-12,31.75,76.75,3.6337170600891113
2015-05-12,31.75,77.0,0.8594067096710205
2015-05-12,31.75,77.25,0.40594857931137085
2015-05-12,31.75,77.5,0.995267391204834
2015-05-12,32.0,76.5,9.461691856384277
2015-05-12,32.0,76.75,5.907922267913818
2015-05-12,32.0,77.0,0.8049641251564026
2015-05-12,32.0,77.25,0.5964669585227966
2015-05-12,32.0,77.5,0.46962788701057434
2015-05-13,31.5,76.5,10.860087394714355
2015-05-13,31.5,76.75,5.9163384437561035
2015-05-13,31.5,77.0,0.8778389692306519
2015-05-13,31.5,77.25,0.18745040893554688
2015-05-13,31.5,77.5,0.0
2015-05-13,31.75,76.5,12.791666984558105
2015-05-13,31.75,76.75,6.272632598876953
2015-05-13,31.75,77.0,6.17825984954834
2015-05-13,31.75,77.25,1.5647457838058472
2015-05-13,31.75,77.5,1.7331209182739258
2015-05-13,32.0,76.5,12.326369285583496
2015-05-13,32.0,76.75,10.57960319519043
2015-05-13,32.0,77.0,9.740036964416504
2015-05-13,32.0,77.25,8.869138717651367
2015-05-13,32.0,77.5,6.293116092681885
2015-05-14,31.5,76.5,8.148889541625977
2015-05-14,31.5,76.75,7.475579738616943
2015-05-14,31.5,77.0,6.04536771774292
2015-05-14,31.5,77.25,7.379764080047607
2015-05-14,31.5,77.5,7.65333890914917
2015-05-14,31.75,76.5,13.632566452026367
2015-05-14,31.75,76.75,5.029951095581055
2015-05-14,31.75,77.0,1.7749969959259033
2015-05-14,31.75,77.25,6.562996864318848
2015-05-14,31.75,77.5,6.597227573394775
2015-05-14,32.0,76.5,29.826936721801758
2015-05-14,32.0,76.75,33.06685256958008
2015-05-14,32.0,77.0,5.676449775695801
2015-05-14,32.0,77.25,7.260422706604004
2015-05-14,32.0,77.5,8.116430282592773
2015-05-15,31.5,76.5,0.0
2015-05-15,31.5,76.75,0.0
2015-05-15,31.5,77.0,0.0
2015-05-15,31.5,77.25,0.8967552185058594
2015-05-15,31.5,77.5,4.828468322753906
2015-05-15,31.75,76.5,0.0
2015-05-15,31.75,76.75,0.0
2015-05-15,31.75,77.0,2.0447769165039062
2015-05-15,31.75,77.25,1.2047626972198486
2015-05-15,31.75,77.5,2.240415096282959
2015-05-15,32.0,76.5,1.8905513286590576
2015-05-15,32.0,76.75,0.34915417432785034
2015-05-15,32.0,77.0,3.5112900733947754
2015-05-15,32.0,77.25,3.487821102142334
2015-05-15,32.0,77.5,2.863130569458008
2015-05-16,31.5,76.5,0.2796262800693512
2015-05-16,31.5,76.75,0.7988742589950562
2015-05-16,31.5,77.0,0.18899312615394592
2015-05-16,31.5,77.25,3.2224812507629395
2015-05-16,31.5,77.5,4.611579418182373
2015-05-16,31.75,76.5,0.0
2015-05-16,31.75,76.75,0.41565099358558655
2015-05-16,31.75,77.0,0.29704558849334717
2015-05-16,31.75,77.25,2.829136610031128
2015-05-16,31.75,77.5,2.3792989253997803
2015-05-16,32.0,76.5,0.0
2015-05-16,32.0,76.75,0.16599714756011963
2015-05-16,32.0,77.0,0.1462528109550476
2015-05-16,32.0,77.25,0.9085670709609985
2015-05-16,32.0,77.5,1.4193328619003296
2015-05-17,31.5,76.5,0.0
2015-05-17,31.5,76.75,0.0
2015-05-17,31.5,77.0,0.0
2015-05-17,31.5,77.25,0.0
2015-05-17,31.5,77.5,0.0
2015-05-17,31.75,76.5,0.0
2015-05-17,31.75,76.75,0.0
2015-05-17,31.75,77.0,0.0
2015-05-17,31.75,77.25,0.0
2015-05-17,31.75,77.5,0.0
2015-05-17,32.0,76.5,0.0
2015-05-17,32.0,76.75,0.0
2015-05-17,32.0,77.0,0.0
2015-05-17,32.0,77.25,0.0
2015-05-17,32.0,77.5,0.0
2015-05-18,31.5,76.5,0.0
2015-05-18,31.5,76.75,0.0
2015-05-18,31.5,77.0,0.0
2015-05-18,31.5,77.25,0.7752420902252197
2015-05-18,31.5,77.5,0.5714828968048096
2015-05-18,31.75,76.5,0.41310805082321167
2015-05-18,31.75,76.75,0.0
2015-05-18,31.75,77.0,0.0
2015-05-18,31.75,77.25,0.6592854857444763
2015-05-18,31.75,77.5,0.4615020751953125
2015-05-18,32.0,76.5,0.9837852716445923
2015-05-18,32.0,76.75,0.9813327193260193
2015-05-18,32.0,77.0,0.9615798592567444
2015-05-18,32.0,77.25,1.267333745956421
2015-05-18,32.0,77.5,1.1842474937438965
2015-05-19,31.5,76.5,0.0
2015-05-19,31.5,76.75,0.0
2015-05-19,31.5,77.0,0.0
2015-05-19,31.5,77.25,0.0
2015-05-19,31.5,77.5,0.0
2015-05-19,31.75,76.5,0.0
2015-05-19,31.75,76.75,0.0
2015-05-19,31.75,77.0,0.2190832495689392
2015-05-19,31.75,77.25,0.0
2015-05-19,31.75,77.5,0.0
2015-05-19,32.0,76.5,0.0
2015-05-19,32.0,76.75,0.0
2015-05-19,32.0,77.0,0.15543876588344574
2015-05-19,32.0,77.25,0.10245019942522049
2015-05-19,32.0,77.5,0.0
2015-05-20,31.5,76.5,2.1191625595092773
2015-05-20,31.5,76.75,5.407312393188477
2015-05-20,31.5,77.0,0.18654002249240875
2015-05-20,31.5,77.25,0.27532705664634705
2015-05-20,31.5,77.5,0.0
2015-05-20,31.75,76.5,1.3770267963409424
2015-05-20,31.75,76.75,7.831459045410156
2015-05-20,31.75,77.0,15.616631507873535
2015-05-20,31.75,77.25,9.417291641235352
2015-05-20,31.75,77.5,6.391056060791016
2015-05-20,32.0,76.5,2.986175537109375
2015-05-20,32.0,76.75,7.291181564331055
2015-05-20,32.0,77.0,12.003762245178223
2015-05-20,32.0,77.25,9.036083221435547
2015-05-20,32.0,77.5,7.925290107727051
2015-05-21,31.5,76.5,0.0
2015-05-21,31.5,76.75,0.0
2015-05-21,31.5,77.0,0.0
2015-05-21,31.5,77.25,0.0
2015-05-21,31.5,77.5,0.0
2015-05-21,31.75,76.5,0.0
2015-05-21,31.75,76.75,0.0
2015-05-21,31.75,77.0,0.0
2015-05-21,31.75,77.25,0.0
2015-05-21,31.75,77.5,0.0
2015-05-21,32.0,76.5,0.0
2015-05-21,32.0,76.75,0.0
2015-05-21,32.0,77.0,0.0
2015-05-21,32.0,77.25,0.0
2015-05-21,32.0,77.5,0.0
2015-05-22,31.5,76.5,0.0
2015-05-22,31.5,76.75,0.0
2015-05-22,31.5,77.0,0.0
2015-05-22,31.5,77.25,0.0
2015-05-22,31.5,77.5,0.0
2015-05-22,31.75,76.5,0.0
2015-05-22,31.75,76.75,0.0
2015-05-22,31.75,77.0,0.0
2015-05-22,31.75,77.25,0.0
2015-05-22,31.75,77.5,0.0
2015-05-22,32.0,76.5,0.0
2015-05-22,32.0,76.75,0.0
2015-05-22,32.0,77.0,0.0
2015-05-22,32.0,77.25,0.0
2015-05-22,32.0,77.5,0.0
2015-05-23,31.5,76.5,0.0
2015-05-23,31.5,76.75,0.0
2015-05-23,31.5,77.0,0.0
2015-05-23,31.5,77.25,0.0
2015-05-23,31.5,77.5,0.0
2015-05-23,31.75,76.5,0.0
2015-05-23,31.75,76.75,0.0
2015-05-23,31.75,77.0,0.0
2015-05-23,31.75,77.25,0.0
2015-05-23,31.75,77.5,0.0
2015-05-23,32.0,76.5,0.0
2015-05-23,32.0,76.75,0.0
2015-05-23,32.0,77.0,0.0
2015-05-23,32.0,77.25,0.0
2015-05-23,32.0,77.5,0.0
2015-05-24,31.5,76.5,0.4242435097694397
2015-05-24,31.5,76.75,0.381115585565567
2015-05-24,31.5,77.0,0.0
2015-05-24,31.5,77.25,2.4252448081970215
2015-05-24,31.5,77.5,1.771596908569336
2015-05-24,31.75,76.5,0.44329574704170227
2015-05-24,31.75,76.75,0.0
2015-05-24,31.75,77.0,0.0
2015-05-24,31.75,77.25,2.0437848567962646
2015-05-24,31.75,77.5,1.4306564331054688
2015-05-24,32.0,76.5,0.0
2015-05-24,32.0,76.75,0.0
2015-05-24,32.0,77.0,0.0
2015-05-24,32.0,77.25,0.5472444295883179
2015-05-24,32.0,77.5,1.073154091835022
2015-05-25,31.5,76.5,0.0
2015-05-25,31.5,76.75,0.0
2015-05-25,31.5,77.0,1.4978104829788208
2015-05-25,31.5,77.25,0.24469760060310364
2015-05-25,31.5,77.5,0.0
2015-05-25,31.75,76.5,0.8262161016464233
2015-05-25,31.75,76.75,0.2005777657032013
2015-05-25,31.75,77.0,6.26878023147583
2015-05-25,31.75,77.25,1.6829904317855835
2015-05-25,31.75,77.5,2.293703317642212
2015-05-25,32.0,76.5,2.495166301727295
2015-05-25,32.0,76.75,3.0516273975372314
2015-05-25,32.0,77.0,7.204903602600098
2015-05-25,32.0,77.25,6.109299182891846
2015-05-25,32.0,77.5,4.732446193695068
2015-05-26,31.5,76.5,0.4099077582359314
2015-05-26,31.5,76.75,0.971110463142395
2015-05-26,31.5,77.0,0.11447450518608093
2015-05-26,31.5,77.25,2.4807746410369873
2015-05-26,31.5,77.5,3.4371402263641357
2015-05-26,31.75,76.5,2.1868786811828613
2015-05-26,31.75,76.75,0.5440500378608704
2015-05-26,31.75,77.0,2.1932997703552246
2015-05-26,31.75,77.25,2.6522953510284424
2015-05-26,31.75,77.5,2.9709699153900146
2015-05-26,32.0,76.5,5.1064043045043945
2015-05-26,32.0,76.75,5.01170539855957
2015-05-26,32.0,77.0,6.675209045410156
2015-05-26,32.0,77.25,7.457084655761719
2015-05-26,32.0,77.5,6.28389835357666
2015-05-27,31.5,76.5,0.0
2015-05-27,31.5,76.75,0.0
2015-05-27,31.5,77.0,0.0
2015-05-27,31.5,77.25,0.0
2015-05-27,31.5,77.5,0.43865320086479187
2015-05-27,31.75,76.5,5.921215534210205
2015-05-27,31.75,76.75,0.8414825797080994
2015-05-27,31.75,77.0,3.797442674636841
2015-05-27,31.75,77.25,0.8905903697013855
2015-05-27,31.75,77.5,1.3887258768081665
2015-05-27,32.0,76.5,12.928487777709961
2015-05-27,32.0,76.75,14.714197158813477
2015-05-27,32.0,77.0,4.067957401275635
2015-05-27,32.0,77.25,3.3340938091278076
2015-05-27,32.0,77.5,2.472118616104126
2015-05-28,31.5,76.5,0.0
2015-05-28,31.5,76.75,0.0
2015-05-28,31.5,77.0,0.0
2015-05-28,31.5,77.25,0.0
2015-05-28,31.5,77.5,0.0
2015-05-28,31.75,76.5,0.0
2015-05-28,31.75,76.75,0.0
2015-05-28,31.75,77.0,0.0
2015-05-28,31.75,77.25,0.0
2015-05-28,31.75,77.5,0.0
2015-05-28,32.0,76.5,0.0
2015-05-28,32.0,76.75,0.0
2015-05-28,32.0,77.0,0.0
2015-05-28,32.0,77.25,0.0
2015-05-28,32.0,77.5,0.0
2015-05-29,31.5,76.5,0.0
2015-05-29,31.5,76.75,0.0
2015-05-29,31.5,77.0,0.0
2015-05-29,31.5,77.25,0.0
2015-05-29,31.5,77.5,0.0
2015-05-29,31.75,76.5,0.0
2015-05-29,31.75,76.75,0.0
2015-05-29,31.75,77.0,0.0
2015-05-29,31.75,77.25,0.0
2015-05-29,31.75,77.5,0.0
2015-05-29,32.0,76.5,0.0
2015-05-29,32.0,76.75,0.0
2015-05-29,32.0,77.0,0.0
2015-05-29,32.0,77.25,0.0
2015-05-29,32.0,77.5,0.0
2015-05-30,31.5,76.5,0.0
2015-05-30,31.5,76.75,0.0
2015-05-30,31.5,77.0,0.0
2015-05-30,31.5,77.25,0.0
2015-05-30,31.5,77.5,0.0
2015-05-30,31.75,76.5,0.0
2015-05-30,31.75,76.75,0.0
2015-05-30,31.75,77.0,0.0
2015-05-30,31.75,77.25,0.0
2015-05-30,31.75,77.5,0.0
2015-05-30,32.0,76.5,0.0
2015-05-30,32.0,76.75,0.0
2015-05-30,32.0,77.0,0.0
2015-05-30,32.0,77.25,0.0
2015-05-30,32.0,77.5,0.0
2015-05-31,31.5,76.5,0.0
2015-05-31,31.5,76.75,0.0
2015-05-31,31.5,77.0,0.0
2015-05-31,31.5,77.25,0.0
2015-05-31,31.5,77.5,0.0
2015-05-31,31.75,76.5,0.0
2015-05-31,31.75,76.75,0.0
2015-05-31,31.75,77.0,0.0
2015-05-31,31.75,77.25,0.0
2015-05-31,31.75,77.5,0.0
2015-05-31,32.0,76.5,0.0
2015-05-31,32.0,76.75,0.0
2015-05-31,32.0,77.0,0.0
2015-05-31,32.0,77.25,0.0
2015-05-31,32.0,77.5,0.0
2015-06-01,31.5,76.5,0.0
2015-06-01,31.5,76.75,0.1905577927827835
2015-06-01,31.5,77.0,1.627353549003601
2015-06-01,31.5,77.25,4.003395080566406
2015-06-01,31.5,77.5,4.380313873291016
2015-06-01,31.75,76.5,0.5180822610855103
2015-06-01,31.75,76.75,0.0
2015-06-01,31.75,77.0,0.7302774786949158
2015-06-01,31.75,77.25,2.9402661323547363
2015-06-01,31.75,77.5,2.8355183601379395
2015-06-01,32.0,76.5,0.4006274938583374
2015-06-01,32.0,76.75,0.12469792366027832
2015-06-01,32.0,77.0,0.5181292295455933
2015-06-01,32.0,77.25,1.0829285383224487
2015-06-01,32.0,77.5,1.6991194486618042
2015-06-02,31.5,76.5,0.17300967872142792
2015-06-02,31.5,76.75,0.381115585565567
2015-06-02,31.5,77.0,0.0
2015-06-02,31.5,77.25,0.0
2015-06-02,31.5,77.5,0.1015537902712822
2015-06-02,31.75,76.5,2.4786484241485596
2015-06-02,31.75,76.75,0.39375078678131104
2015-06-02,31.75,77.0,0.0
2015-06-02,31.75,77.25,0.0
2015-06-02,31.75,77.5,0.0
2015-06-02,32.0,76.5,5.375116348266602
2015-06-02,32.0,76.75,5.887995719909668
2015-06-02,32.0,77.0,0.0
2015-06-02,32.0,77.25,0.0
2015-06-02,32.0,77.5,0.0
2015-06-03,31.5,76.5,4.214552879333496
2015-06-03,31.5,76.75,1.8923150300979614
2015-06-03,31.5,77.0,0.8526122570037842
2015-06-03,31.5,77.25,0.4111941456794739
2015-06-03,31.5,77.5,1.2550801038742065
2015-06-03,31.75,76.5,7.3256096839904785
2015-06-03,31.75,76.75,4.200289726257324
2015-06-03,31.75,77.0,4.43760347366333
2015-06-03,31.75,77.25,1.071479082107544
2015-06-03,31.75,77.5,1.275902271270752
2015-06-03,32.0,76.5,5.972072124481201
2015-06-03,32.0,76.75,4.18535852432251
2015-06-03,32.0,77.0,4.036680698394775
2015-06-03,32.0,77.25,3.1554033756256104
2015-06-03,32.0,77.5,2.0257067680358887
2015-06-04,31.5,76.5,0.46671050786972046
2015-06-04,31.5,76.75,1.0198264122009277
2015-06-04,31.5,77.0,12.93321704864502
2015-06-04,31.5,77.25,5.3031415939331055
2015-06-04,31.5,77.5,4.689031600952148
2015-06-04,31.75,76.5,0.6305805444717407
2015-06-04,31.75,76.75,1.0996140241622925
2015-06-04,31.75,77.0,3.1220932006835938
2015-06-04,31.75,77.25,5.160346031188965
2015-06-04,31.75,77.5,6.971287727355957
2015-06-04,32.0,76.5,0.8427478671073914
2015-06-04,32.0,76.75,1.271509051322937
2015-06-04,32.0,77.0,3.9136199951171875
2015-06-04,32.0,77.25,4.239965915679932
2015-06-04,32.0,77.5,5.942204475402832
2015-06-05,31.5,76.5,5.392721652984619
2015-06-05,31.5,76.75,0.5378228425979614
2015-06-05,31.5,77.0,1.667694330215454
2015-06-05,31.5,77.25,2.5850610733032227
2015-06-05,31.5,77.5,3.058856725692749
2015-06-05,31.75,76.5,7.77469539642334
2015-06-05,31.75,76.75,1.1721827983856201
2015-06-05,31.75,77.0,13.576489448547363
2015-06-05,31.75,77.25,5.431079864501953
2015-06-05,31.75,77.5,6.219069004058838
2015-06-05,32.0,76.5,15.769787788391113
2015-06-05,32.0,76.75,14.22805118560791
2015-06-05,32.0,77.0,11.981775283813477
2015-06-05,32.0,77.25,9.712516784667969
2015-06-05,32.0,77.5,7.825291156768799
2015-06-06,31.5,76.5,1.0161229372024536
2015-06-06,31.5,76.75,2.440737247467041
2015-06-06,31.5,77.0,11.161983489990234
2015-06-06,31.5,77.25,5.678587913513184
2015-06-06,31.5,77.5,2.9717109203338623
2015-06-06,31.75,76.5,2.900282382965088
2015-06-06,31.75,76.75,4.193893909454346
2015-06-06,31.75,77.0,4.086043357849121
2015-06-06,31.75,77.25,5.7897233963012695
2015-06-06,31.75,77.5,6.575192451477051
2015-06-06,32.0,76.5,2.4693992137908936
2015-06-06,32.0,76.75,2.3212337493896484
2015-06-06,32.0,77.0,3.5804643630981445
2015-06-06,32.0,77.25,3.5792250633239746
2015-06-06,32.0,77.5,5.343385219573975
2015-06-07,31.5,76.5,0.0
2015-06-07,31.5,76.75,0.0
2015-06-07,31.5,77.0,0.621921956539154
2015-06-07,31.5,77.25,27.753665924072266
2015-06-07,31.5,77.5,21.43794822692871
2015-06-07,31.75,76.5,0.0
2015-06-07,31.75,76.75,0.0
2015-06-07,31.75,77.0,0.0
2015-06-07,31.75,77.25,23.602418899536133
2015-06-07,31.75,77.5,16.998971939086914
2015-06-07,32.0,76.5,0.0
2015-06-07,32.0,76.75,0.0
2015-06-07,32.0,77.0,0.0
2015-06-07,32.0,77.25,6.319789886474609
2015-06-07,32.0,77.5,12.39319896697998
2015-06-08,31.5,76.5,1.491262435913086
2015-06-08,31.5,76.75,3.708503484725952
2015-06-08,31.5,77.0,3.137456178665161
2015-06-08,31.5,77.25,6.824116230010986
2015-06-08,31.5,77.5,4.795567035675049
2015-06-08,31.75,76.5,6.472026348114014
2015-06-08,31.75,76.75,3.9390041828155518
2015-06-08,31.75,77.0,6.364570140838623
2015-06-08,31.75,77.25,6.389519214630127
2015-06-08,31.75,77.5,5.754870414733887
2015-06-08,32.0,76.5,14.035025596618652
2015-06-08,32.0,76.75,16.921443939208984
2015-06-08,32.0,77.0,4.49688720703125
2015-06-08,32.0,77.25,4.106630802154541
2015-06-08,32.0,77.5,4.681447982788086
2015-06-09,31.5,76.5,0.0
2015-06-09,31.5,76.75,0.0
2015-06-09,31.5,77.0,0.0
2015-06-09,31.5,77.25,0.0
2015-06-09,31.5,77.5,0.0
2015-06-09,31.75,76.5,0.0
2015-06-09,31.75,76.75,0.0
2015-06-09,31.75,77.0,0.0
2015-06-09,31.75,77.25,0.0
2015-06-09,31.75,77.5,0.0
2015-06-09,32.0,76.5,0.0
2015-06-09,32.0,76.75,0.0
2015-06-09,32.0,77.0,0.0
2015-06-09,32.0,77.25,0.0
2015-06-09,32.0,77.5,0.0
2015-06-10,31.5,76.5,0.0
2015-06-10,31.5,76.75,0.0
2015-06-10,31.5,77.0,0.0
2015-06-10,31.5,77.25,0.0
2015-06-10,31.5,77.5,0.5848708748817444
2015-06-10,31.75,76.5,0.0
2015-06-10,31.75,76.75,0.0
2015-06-10,31.75,77.0,0.8763329982757568
2015-06-10,31.75,77.25,0.2055208683013916
2015-06-10,31.75,77.5,0.5835463404655457
2015-06-10,32.0,76.5,0.0
2015-06-10,32.0,76.75,0.14963750541210175
2015-06-10,32.0,77.0,0.621755063533783
2015-06-10,32.0,77.25,0.40980079770088196
2015-06-10,32.0,77.5,0.2942025065422058
2015-06-11,31.5,76.5,13.792287826538086
2015-06-11,31.5,76.75,21.5787296295166
2015-06-11,31.5,77.0,8.363512992858887
2015-06-11,31.5,77.25,9.078252792358398
2015-06-11,31.5,77.5,5.371938705444336
2015-06-11,31.75,76.5,21.830093383789062
2015-06-11,31.75,76.75,13.141768455505371
2015-06-11,31.75,77.0,8.800265312194824
2015-06-11,31.75,77.25,9.014106750488281
2015-06-11,31.75,77.5,8.049832344055176
2015-06-11,32.0,76.5,37.30392837524414
2015-06-11,32.0,76.75,35.62129592895508
2015-06-11,32.0,77.0,9.151698112487793
2015-06-11,32.0,77.25,9.08541202545166
2015-06-11,32.0,77.5,9.184198379516602
2015-06-12,31.5,76.5,0.0
2015-06-12,31.5,76.75,0.0
2015-06-12,31.5,77.0,0.0
2015-06-12,31.5,77.25,0.0
2015-06-12,31.5,77.5,0.0
2015-06-12,31.75,76.5,0.0
2015-06-12,31.75,76.75,0.0
2015-06-12,31.75,77.0,0.0
2015-06-12,31.75,77.25,0.0
2015-06-12,31.75,77.5,0.0
2015-06-12,32.0,76.5,0.0
2015-06-12,32.0,76.75,0.0
2015-06-12,32.0,77.0,0.0
2015-06-12,32.0,77.25,0.0
2015-06-12,32.0,77.5,0.0
2015-06-13,31.5,76.5,0.0
2015-06-13,31.5,76.75,0.0
2015-06-13,31.5,77.0,1.468368649482727
2015-06-13,31.5,77.25,0.2886865437030792
2015-06-13,31.5,77.5,0.0
2015-06-13,31.75,76.5,0.0
2015-06-13,31.75,76.75,0.0
2015-06-13,31.75,77.0,0.0
2015-06-13,31.75,77.25,0.21282798051834106
2015-06-13,31.75,77.5,0.4358068108558655
2015-06-13,32.0,76.5,0.0
2015-06-13,32.0,76.75,0.0
2015-06-13,32.0,77.0,0.0
2015-06-13,32.0,77.25,0.0
2015-06-13,32.0,77.5,0.21868449449539185
2015-06-14,31.5,76.5,1.5778614282608032
2015-06-14,31.5,76.75,3.3503856658935547
2015-06-14,31.5,77.0,1.468368649482727
2015-06-14,31.5,77.25,0.26669207215309143
2015-06-14,31.5,77.5,0.0
2015-06-14,31.75,76.5,0.4735668897628784
2015-06-14,31.75,76.75,0.3631450831890106
2015-06-14,31.75,77.0,0.0
2015-06-14,31.75,77.25,0.21282798051834106
2015-06-14,31.75,77.5,0.4358068108558655
2015-06-14,32.0,76.5,0.2687285542488098
2015-06-14,32.0,76.75,0.0
2015-06-14,32.0,77.0,0.0
2015-06-14,32.0,77.25,0.0
2015-06-14,32.0,77.5,0.21868449449539185
2015-06-15,31.5,76.5,2.7078189849853516
2015-06-15,31.5,76.75,6.644832134246826
2015-06-15,31.5,77.0,1.645019769668579
2015-06-15,31.5,77.25,0.3326754868030548
2015-06-15,31.5,77.5,4.130960941314697
2015-06-15,31.75,76.5,0.36443617939949036
2015-06-15,31.75,76.75,1.2540229558944702
2015-06-15,31.75,77.0,0.5057568550109863
2015-06-15,31.75,77.25,0.4019273817539215
2015-06-15,31.75,77.5,1.3106712102890015
2015-06-15,32.0,76.5,2.1779890060424805
2015-06-15,32.0,76.75,0.9032174944877625
2015-06-15,32.0,77.0,0.2193792164325714
2015-06-15,32.0,77.25,0.27718839049339294
2015-06-15,32.0,77.5,0.21868449449539185
2015-06-16,31.5,76.5,0.0
2015-06-16,31.5,76.75,0.0
2015-06-16,31.5,77.0,0.0
2015-06-16,31.5,77.25,0.0
2015-06-16,31.5,77.5,0.0
2015-06-16,31.75,76.5,0.0
2015-06-16,31.75,76.75,0.0
2015-06-16,31.75,77.0,0.0
2015-06-16,31.75,77.25,0.0
2015-06-16,31.75,77.5,0.0
2015-06-16,32.0,76.5,0.0
2015-06-16,32.0,76.75,0.0
2015-06-16,32.0,77.0,0.0
2015-06-16,32.0,77.25,0.0
2015-06-16,32.0,77.5,0.0
2015-06-17,31.5,76.5,0.0
2015-06-17,31.5,76.75,0.0
2015-06-17,31.5,77.0,0.0
2015-06-17,31.5,77.25,0.0
2015-06-17,31.5,77.5,0.0
2015-06-17,31.75,76.5,0.0
2015-06-17,31.75,76.75,0.0
2015-06-17,31.75,77.0,0.0
2015-06-17,31.75,77.25,0.0
2015-06-17,31.75,77.5,0.0
2015-06-17,32.0,76.5,0.0
2015-06-17,32.0,76.75,0.0
2015-06-17,32.0,77.0,0.0
2015-06-17,32.0,77.25,0.0
2015-06-17,32.0,77.5,0.0
2015-06-18,31.5,76.5,0.0
2015-06-18,31.5,76.75,0.0
2015-06-18,31.5,77.0,0.0
2015-06-18,31.5,77.25,0.0
2015-06-18,31.5,77.5,0.0
2015-06-18,31.75,76.5,0.0
2015-06-18,31.75,76.75,0.0
2015-06-18,31.75,77.0,0.0
2015-06-18,31.75,77.25,0.0
2015-06-18,31.75,77.5,0.0
2015-06-18,32.0,76.5,0.0
2015-06-18,32.0,76.75,0.0
2015-06-18,32.0,77.0,0.0
2015-06-18,32.0,77.25,0.0
2015-06-18,32.0,77.5,0.0
2015-06-19,31.5,76.5,0.0
2015-06-19,31.5,76.75,0.0
2015-06-19,31.5,77.0,0.0
2015-06-19,31.5,77.25,0.0
2015-06-19,31.5,77.5,0.0
2015-06-19,31.75,76.5,0.0
2015-06-19,31.75,76.75,0.0
2015-06-19,31.75,77.0,0.0
2015-06-19,31.75,77.25,0.0
2015-06-19,31.75,77.5,0.0
2015-06-19,32.0,76.5,0.0
2015-06-19,32.0,76.75,0.0
2015-06-19,32.0,77.0,0.0
2015-06-19,32.0,77.25,0.0
2015-06-19,32.0,77.5,0.0
2015-06-20,31.5,76.5,25.961111068725586
2015-06-20,31.5,76.75,14.720076560974121
2015-06-20,31.5,77.0,2.3915622234344482
2015-06-20,31.5,77.25,5.034374237060547
2015-06-20,31.5,77.5,7.856983661651611
2015-06-20,31.75,76.5,29.46750259399414
2015-06-20,31.75,76.75,33.12327575683594
2015-06-20,31.75,77.0,17.2364444732666
2015-06-20,31.75,77.25,11.431235313415527
2015-06-20,31.75,77.5,8.047928810119629
2015-06-20,32.0,76.5,18.438518524169922
2015-06-20,32.0,76.75,20.081274032592773
2015-06-20,32.0,77.0,12.69046401977539
2015-06-20,32.0,77.25,9.03121280670166
2015-06-20,32.0,77.5,8.429092407226562
2015-06-21,31.5,76.5,6.175290584564209
2015-06-21,31.5,76.75,10.694913864135742
2015-06-21,31.5,77.0,0.37440571188926697
2015-06-21,31.5,77.25,0.5506541132926941
2015-06-21,31.5,77.5,0.0
2015-06-21,31.75,76.5,12.569966316223145
2015-06-21,31.75,76.75,9.136117935180664
2015-06-21,31.75,77.0,4.0139994621276855
2015-06-21,31.75,77.25,2.772069215774536
2015-06-21,31.75,77.5,0.983239471912384
2015-06-21,32.0,76.5,29.045085906982422
2015-06-21,32.0,76.75,17.189687728881836
2015-06-21,32.0,77.0,8.809635162353516
2015-06-21,32.0,77.25,9.433075904846191
2015-06-21,32.0,77.5,8.7626953125
2015-06-22,31.5,76.5,0.0
2015-06-22,31.5,76.75,0.0
2015-06-22,31.5,77.0,0.0
2015-06-22,31.5,77.25,0.0
2015-06-22,31.5,77.5,0.4488525986671448
2015-06-22,31.75,76.5,0.0
2015-06-22,31.75,76.75,0.0
2015-06-22,31.75,77.0,0.29211097955703735
2015-06-22,31.75,77.25,0.0
2015-06-22,31.75,77.5,0.0
2015-06-22,32.0,76.5,0.0
2015-06-22,32.0,76.75,0.0
2015-06-22,32.0,77.0,0.8940944671630859
2015-06-22,32.0,77.25,0.9157455563545227
2015-06-22,32.0,77.5,0.6966880559921265
2015-06-23,31.5,76.5,0.849073052406311
2015-06-23,31.5,76.75,0.4240001440048218
2015-06-23,31.5,77.0,0.0
2015-06-23,31.5,77.25,1.8540817499160767
2015-06-23,31.5,77.5,6.711032390594482
2015-06-23,31.75,76.5,3.6997127532958984
2015-06-23,31.75,76.75,1.3864705562591553
2015-06-23,31.75,77.0,1.0963633060455322
2015-06-23,31.75,77.25,1.8193225860595703
2015-06-23,31.75,77.5,1.850217580795288
2015-06-23,32.0,76.5,6.84460973739624
2015-06-23,32.0,76.75,3.0289547443389893
2015-06-23,32.0,77.0,1.861783504486084
2015-06-23,32.0,77.25,2.1263043880462646
2015-06-23,32.0,77.5,2.082824468612671
2015-06-24,31.5,76.5,0.49514251947402954
2015-06-24,31.5,76.75,0.0
2015-06-24,31.5,77.0,0.0
2015-06-24,31.5,77.25,0.0
2015-06-24,31.5,77.5,0.43257373571395874
2015-06-24,31.75,76.5,0.0
2015-06-24,31.75,76.75,0.0
2015-06-24,31.75,77.0,0.29211097955703735
2015-06-24,31.75,77.25,0.0
2015-06-24,31.75,77.5,0.0
2015-06-24,32.0,76.5,0.0
2015-06-24,32.0,76.75,0.0
2015-06-24,32.0,77.0,0.5506730675697327
2015-06-24,32.0,77.25,0.526172935962677
2015-06-24,32.0,77.5,0.39737778902053833
2015-06-25,31.5,76.5,16.12847900390625
2015-06-25,31.5,76.75,2.7169950008392334
2015-06-25,31.5,77.0,12.651973724365234
2015-06-25,31.5,77.25,17.16499137878418
2015-06-25,31.5,77.5,14.91623306274414
2015-06-25,31.75,76.5,25.949552536010742
2015-06-25,31.75,76.75,17.32660484313965
2015-06-25,31.75,77.0,11.86790657043457
2015-06-25,31.75,77.25,16.80335235595703
2015-06-25,31.75,77.5,14.594083786010742
2015-06-25,32.0,76.5,26.646133422851562
2015-06-25,32.0,76.75,22.9177303314209
2015-06-25,32.0,77.0,20.943330764770508
2015-06-25,32.0,77.25,23.380495071411133
2015-06-25,32.0,77.5,22.207731246948242
2015-06-26,31.5,76.5,0.2354625016450882
2015-06-26,31.5,76.75,0.5872978568077087
2015-06-26,31.5,77.0,1.5413315296173096
2015-06-26,31.5,77.25,3.4451241493225098
2015-06-26,31.5,77.5,4.364035129547119
2015-06-26,31.75,76.5,0.0
2015-06-26,31.75,76.75,0.0
2015-06-26,31.75,77.0,1.374687910079956
2015-06-26,31.75,77.25,3.2901082038879395
2015-06-26,31.75,77.5,3.448267936706543
2015-06-26,32.0,76.5,0.483629435300827
2015-06-26,32.0,76.75,0.22445625066757202
2015-06-26,32.0,77.0,1.9628968238830566
2015-06-26,32.0,77.25,2.5248470306396484
2015-06-26,32.0,77.5,3.0118699073791504
2015-06-27,31.5,76.5,0.0
2015-06-27,31.5,76.75,0.0
2015-06-27,31.5,77.0,0.0
2015-06-27,31.5,77.25,0.0
2015-06-27,31.5,77.5,0.0
2015-06-27,31.75,76.5,0.0
2015-06-27,31.75,76.75,0.0
2015-06-27,31.75,77.0,0.0
2015-06-27,31.75,77.25,0.0
2015-06-27,31.75,77.5,0.0
2015-06-27,32.0,76.5,0.0
2015-06-27,32.0,76.75,0.0
2015-06-27,32.0,77.0,0.0
2015-06-27,32.0,77.25,0.0
2015-06-27,32.0,77.5,0.0
2015-06-28,31.5,76.5,0.0
2015-06-28,31.5,76.75,0.0
2015-06-28,31.5,77.0,0.0
2015-06-28,31.5,77.25,0.0
2015-06-28,31.5,77.5,0.0
2015-06-28,31.75,76.5,0.0
2015-06-28,31.75,76.75,0.0
2015-06-28,31.75,77.0,0.0
2015-06-28,31.75,77.25,0.0
2015-06-28,31.75,77.5,0.0
2015-06-28,32.0,76.5,0.0
2015-06-28,32.0,76.75,0.0
2015-06-28,32.0,77.0,0.0
2015-06-28,32.0,77.25,0.0
2015-06-28,32.0,77.5,0.0
2015-06-29,31.5,76.5,0.15536731481552124
2015-06-29,31.5,76.75,0.5389006733894348
2015-06-29,31.5,77.0,12.045239448547363
2015-06-29,31.5,77.25,6.043920993804932
2015-06-29,31.5,77.5,2.9717109203338623
2015-06-29,31.75,76.5,1.3770267963409424
2015-06-29,31.75,76.75,7.07063627243042
2015-06-29,31.75,77.0,9.956018447875977
2015-06-29,31.75,77.25,7.5744309425354
2015-06-29,31.75,77.5,7.658965587615967
2015-06-29,32.0,76.5,2.986175537109375
2015-06-29,32.0,76.75,6.563666343688965
2015-06-29,32.0,77.0,7.605340480804443
2015-06-29,32.0,77.25,7.028093338012695
2015-06-29,32.0,77.5,6.844022274017334
2015-06-30,31.5,76.5,13.729061126708984
2015-06-30,31.5,76.75,1.9344300031661987
2015-06-30,31.5,77.0,1.0353013277053833
2015-06-30,31.5,77.25,2.701378107070923
2015-06-30,31.5,77.5,2.7243287563323975
2015-06-30,31.75,76.5,25.866626739501953
2015-06-30,31.75,76.75,3.0007426738739014
2015-06-30,31.75,77.0,1.398637056350708
2015-06-30,31.75,77.25,2.53560209274292
2015-06-30,31.75,77.5,2.564821481704712
2015-06-30,32.0,76.5,5.2725114822387695
2015-06-30,32.0,76.75,1.4184845685958862
2015-06-30,32.0,77.0,1.1110259294509888
2015-06-30,32.0,77.25,1.4245109558105469
2015-06-30,32.0,77.5,1.9159514904022217
2015-07-01,31.5,76.5,0.0
2015-07-01,31.5,76.75,0.0
2015-07-01,31.5,77.0,7.351399898529053
2015-07-01,31.5,77.25,8.822854995727539
2015-07-01,31.5,77.5,6.091569900512695
2015-07-01,31.75,76.5,0.0
2015-07-01,31.75,76.75,0.1663231998682022
2015-07-01,31.75,77.0,2.2835824489593506
2015-07-01,31.75,77.25,6.267964839935303
2015-07-01,31.75,77.5,5.435108184814453
2015-07-01,32.0,76.5,0.0
2015-07-01,32.0,76.75,0.43215274810791016
2015-07-01,32.0,77.0,3.4470479488372803
2015-07-01,32.0,77.25,4.6777544021606445
2015-07-01,32.0,77.5,5.52930212020874
2015-07-02,31.5,76.5,0.5886563062667847
2015-07-02,31.5,76.75,1.436995506286621
2015-07-02,31.5,77.0,0.7341843247413635
2015-07-02,31.5,77.25,0.12234880030155182
2015-07-02,31.5,77.5,0.8164233565330505
2015-07-02,31.75,76.5,0.0
2015-07-02,31.75,76.75,0.1556336134672165
2015-07-02,31.75,77.0,0.0
2015-07-02,31.75,77.25,0.10641399025917053
2015-07-02,31.75,77.5,0.4962693452835083
2015-07-02,32.0,76.5,0.0
2015-07-02,32.0,76.75,0.0
2015-07-02,32.0,77.0,0.4121056795120239
2015-07-02,32.0,77.25,0.4674871861934662
2015-07-02,32.0,77.5,0.4685145914554596
2015-07-03,31.5,76.5,0.0
2015-07-03,31.5,76.75,0.0
2015-07-03,31.5,77.0,2.2025530338287354
2015-07-03,31.5,77.25,0.41103532910346985
2015-07-03,31.5,77.5,2.561115026473999
2015-07-03,31.75,76.5,0.0
2015-07-03,31.75,76.75,1.105251669883728
2015-07-03,31.75,77.0,0.236051544547081
2015-07-03,31.75,77.25,0.3192419707775116
2015-07-03,31.75,77.5,0.9420177936553955
2015-07-03,32.0,76.5,4.800261974334717
2015-07-03,32.0,76.75,0.22093072533607483
2015-07-03,32.0,77.0,0.10451677441596985
2015-07-03,32.0,77.25,0.0
2015-07-03,32.0,77.5,0.32802674174308777
2015-07-04,31.5,76.5,0.0
2015-07-04,31.5,76.75,0.0
2015-07-04,31.5,77.0,0.0
2015-07-04,31.5,77.25,0.0
2015-07-04,31.5,77.5,0.0
2015-07-04,31.75,76.5,0.0
2015-07-04,31.75,76.75,0.0
2015-07-04,31.75,77.0,0.0
2015-07-04,31.75,77.25,0.0
2015-07-04,31.75,77.5,0.0
2015-07-04,32.0,76.5,0.0
2015-07-04,32.0,76.75,0.0
2015-07-04,32.0,77.0,0.0
2015-07-04,32.0,77.25,0.0
2015-07-04,32.0,77.5,0.0
2015-07-05,31.5,76.5,11.850767135620117
2015-07-05,31.5,76.75,30.17885398864746
2015-07-05,31.5,77.0,0.6771628260612488
2015-07-05,31.5,77.25,0.0
2015-07-05,31.5,77.5,0.0
2015-07-05,31.75,76.5,6.268131732940674
2015-07-05,31.75,76.75,7.18077278137207
2015-07-05,31.75,77.0,1.9266655445098877
2015-07-05,31.75,77.25,0.7248810529708862
2015-07-05,31.75,77.5,0.0
2015-07-05,32.0,76.5,8.466522216796875
2015-07-05,32.0,76.75,7.17387580871582
2015-07-05,32.0,77.0,0.9977288246154785
2015-07-05,32.0,77.25,1.0625555515289307
2015-07-05,32.0,77.5,0.0
2015-07-06,31.5,76.5,53.05641174316406
2015-07-06,31.5,76.75,59.13875961303711
2015-07-06,31.5,77.0,11.484378814697266
2015-07-06,31.5,77.25,9.830678939819336
2015-07-06,31.5,77.5,13.749482154846191
2015-07-06,31.75,76.5,32.93662643432617
2015-07-06,31.75,76.75,15.889862060546875
2015-07-06,31.75,77.0,2.223520040512085
2015-07-06,31.75,77.25,8.636087417602539
2015-07-06,31.75,77.5,9.64606761932373
2015-07-06,32.0,76.5,26.34290313720703
2015-07-06,32.0,76.75,16.368194580078125
2015-07-06,32.0,77.0,14.153794288635254
2015-07-06,32.0,77.25,17.06635284423828
2015-07-06,32.0,77.5,16.54494857788086
2015-07-07,31.5,76.5,1.4695333242416382
2015-07-07,31.5,76.75,4.1208295822143555
2015-07-07,31.5,77.0,3.636608839035034
2015-07-07,31.5,77.25,1.4073094129562378
2015-07-07,31.5,77.5,2.568371534347534
2015-07-07,31.75,76.5,5.5081071853637695
2015-07-07,31.75,76.75,12.608500480651855
2015-07-07,31.75,77.0,16.32320785522461
2015-07-07,31.75,77.25,5.363458156585693
2015-07-07,31.75,77.5,5.064496040344238
2015-07-07,32.0,76.5,25.25065040588379
2015-07-07,32.0,76.75,18.562850952148438
2015-07-07,32.0,77.0,16.932172775268555
2015-07-07,32.0,77.25,14.905660629272461
2015-07-07,32.0,77.5,10.053725242614746
2015-07-08,31.5,76.5,17.476377487182617
2015-07-08,31.5,76.75,22.043371200561523
2015-07-08,31.5,77.0,1.9821960926055908
2015-07-08,31.5,77.25,0.48168182373046875
2015-07-08,31.5,77.5,1.0276721715927124
2015-07-08,31.75,76.5,12.95965576171875
2015-07-08,31.75,76.75,2.700066328048706
2015-07-08,31.75,77.0,0.9389886856079102
2015-07-08,31.75,77.25,0.4471285343170166
2015-07-08,31.75,77.5,0.806109607219696
2015-07-08,32.0,76.5,12.656951904296875
2015-07-08,32.0,76.75,2.4974727630615234
2015-07-08,32.0,77.0,1.4154669046401978
2015-07-08,32.0,77.25,1.3688712120056152
2015-07-08,32.0,77.5,1.18219792842865
2015-07-09,31.5,76.5,0.7671959400177002
2015-07-09,31.5,76.75,0.5550762414932251
2015-07-09,31.5,77.0,12.655611991882324
2015-07-09,31.5,77.25,14.38889217376709
2015-07-09,31.5,77.5,9.960565567016602
2015-07-09,31.75,76.5,2.412687301635742
2015-07-09,31.75,76.75,7.9488911628723145
2015-07-09,31.75,77.0,1.5551674365997314
2015-07-09,31.75,77.25,11.780721664428711
2015-07-09,31.75,77.5,10.375682830810547
2015-07-09,32.0,76.5,1.3613377809524536
2015-07-09,32.0,76.75,2.256044387817383
2015-07-09,32.0,77.0,2.6635305881500244
2015-07-09,32.0,77.25,4.907416343688965
2015-07-09,32.0,77.5,8.61749267578125
2015-07-10,31.5,76.5,36.39068603515625
2015-07-10,31.5,76.75,42.31232833862305
2015-07-10,31.5,77.0,15.311827659606934
2015-07-10,31.5,77.25,41.80107879638672
2015-07-10,31.5,77.5,44.57002258300781
2015-07-10,31.75,76.5,71.42271423339844
2015-07-10,31.75,76.75,30.682235717773438
2015-07-10,31.75,77.0,45.703189849853516
2015-07-10,31.75,77.25,45.26173782348633
2015-07-10,31.75,77.5,41.96404266357422
2015-07-10,32.0,76.5,71.240478515625
2015-07-10,32.0,76.75,39.84110641479492
2015-07-10,32.0,77.0,41.80471420288086
2015-07-10,32.0,77.25,40.986175537109375
2015-07-10,32.0,77.5,41.247554779052734
2015-07-11,31.5,76.5,33.760398864746094
2015-07-11,31.5,76.75,12.51045036315918
2015-07-11,31.5,77.0,14.042462348937988
2015-07-11,31.5,77.25,19.95600128173828
2015-07-11,31.5,77.5,27.093717575073242
2015-07-11,31.75,76.5,18.28752899169922
2015-07-11,31.75,76.75,19.851842880249023
2015-07-11,31.75,77.0,13.308252334594727
2015-07-11,31.75,77.25,18.570289611816406
2015-07-11,31.75,77.5,18.24138069152832
2015-07-11,32.0,76.5,17.267709732055664
2015-07-11,32.0,76.75,17.930248260498047
2015-07-11,32.0,77.0,11.874055862426758
2015-07-11,32.0,77.25,13.626944541931152
2015-07-11,32.0,77.5,13.981782913208008
2015-07-12,31.5,76.5,14.182239532470703
2015-07-12,31.5,76.75,13.488739013671875
2015-07-12,31.5,77.0,21.102558135986328
2015-07-12,31.5,77.25,31.915904998779297
2015-07-12,31.5,77.5,34.97007751464844
2015-07-12,31.75,76.5,10.219185829162598
2015-07-12,31.75,76.75,12.881568908691406
2015-07-12,31.75,77.0,18.644325256347656
2015-07-12,31.75,77.25,29.812177658081055
2015-07-12,31.75,77.5,28.628616333007812
2015-07-12,32.0,76.5,12.86136245727539
2015-07-12,32.0,76.75,14.996988296508789
2015-07-12,32.0,77.0,20.692771911621094
2015-07-12,32.0,77.25,24.14185333251953
2015-07-12,32.0,77.5,26.56519317626953
2015-07-13,31.5,76.5,4.359015464782715
2015-07-13,31.5,76.75,5.691051006317139
2015-07-13,31.5,77.0,14.409673690795898
2015-07-13,31.5,77.25,16.188413619995117
2015-07-13,31.5,77.5,15.127218246459961
2015-07-13,31.75,76.5,4.51218843460083
2015-07-13,31.75,76.75,6.748297691345215
2015-07-13,31.75,77.0,7.385308265686035
2015-07-13,31.75,77.25,13.554168701171875
2015-07-13,31.75,77.5,12.509133338928223
2015-07-13,32.0,76.5,5.083330154418945
2015-07-13,32.0,76.75,5.698522567749023
2015-07-13,32.0,77.0,5.481895446777344
2015-07-13,32.0,77.25,6.736917495727539
2015-07-13,32.0,77.5,9.32297134399414
2015-07-14,31.5,76.5,0.0
2015-07-14,31.5,76.75,0.0
2015-07-14,31.5,77.0,0.0
2015-07-14,31.5,77.25,2.4032504558563232
2015-07-14,31.5,77.5,1.771596908569336
2015-07-14,31.75,76.5,0.0
2015-07-14,31.75,76.75,0.0
2015-07-14,31.75,77.0,0.0
2015-07-14,31.75,77.25,2.0437848567962646
2015-07-14,31.75,77.5,1.4306564331054688
2015-07-14,32.0,76.5,0.0
2015-07-14,32.0,76.75,0.0
2015-07-14,32.0,77.0,0.0
2015-07-14,32.0,77.25,0.5472444295883179
2015-07-14,32.0,77.5,1.073154091835022
2015-07-15,31.5,76.5,0.0
2015-07-15,31.5,76.75,0.0
2015-07-15,31.5,77.0,0.0
2015-07-15,31.5,77.25,0.0
2015-07-15,31.5,77.5,0.0
2015-07-15,31.75,76.5,2.065540313720703
2015-07-15,31.75,76.75,0.29354044795036316
2015-07-15,31.75,77.0,0.0
2015-07-15,31.75,77.25,0.0
2015-07-15,31.75,77.5,0.0
2015-07-15,32.0,76.5,4.4792633056640625
2015-07-15,32.0,76.75,4.906663417816162
2015-07-15,32.0,77.0,0.0
2015-07-15,32.0,77.25,0.0
2015-07-15,32.0,77.5,0.0
2015-07-16,31.5,76.5,37.88212966918945
2015-07-16,31.5,76.75,87.8056869506836
2015-07-16,31.5,77.0,1.6077219247817993
2015-07-16,31.5,77.25,0.42534226179122925
2015-07-16,31.5,77.5,0.0
2015-07-16,31.75,76.5,20.40936279296875
2015-07-16,31.75,76.75,69.14896392822266
2015-07-16,31.75,77.0,8.592354774475098
2015-07-16,31.75,77.25,0.28912290930747986
2015-07-16,31.75,77.5,0.0
2015-07-16,32.0,76.5,19.350818634033203
2015-07-16,32.0,76.75,15.730772018432617
2015-07-16,32.0,77.0,6.041776657104492
2015-07-16,32.0,77.25,0.45998671650886536
2015-07-16,32.0,77.5,0.0
2015-07-17,31.5,76.5,59.71199417114258
2015-07-17,31.5,76.75,18.222537994384766
2015-07-17,31.5,77.0,18.37396812438965
2015-07-17,31.5,77.25,9.213898658752441
2015-07-17,31.5,77.5,12.843801498413086
2015-07-17,31.75,76.5,75.46131134033203
2015-07-17,31.75,76.75,38.95048522949219
2015-07-17,31.75,77.0,16.87746810913086
2015-07-17,31.75,77.25,10.158573150634766
2015-07-17,31.75,77.5,10.900500297546387
2015-07-17,32.0,76.5,75.77718353271484
2015-07-17,32.0,76.75,52.9477653503418
2015-07-17,32.0,77.0,23.48765754699707
2015-07-17,32.0,77.25,21.57819938659668
2015-07-17,32.0,77.5,18.603042602539062
2015-07-18,31.5,76.5,4.02448844909668
2015-07-18,31.5,76.75,0.0
2015-07-18,31.5,77.0,0.5418562293052673
2015-07-18,31.5,77.25,8.193320274353027
2015-07-18,31.5,77.5,7.601852893829346
2015-07-18,31.75,76.5,5.981647968292236
2015-07-18,31.75,76.75,0.16143904626369476
2015-07-18,31.75,77.0,0.0
2015-07-18,31.75,77.25,6.690299987792969
2015-07-18,31.75,77.5,4.97930383682251
2015-07-18,32.0,76.5,1.2673238515853882
2015-07-18,32.0,76.75,1.3499428033828735
2015-07-18,32.0,77.0,2.852618455886841
2015-07-18,32.0,77.25,5.023651123046875
2015-07-18,32.0,77.5,5.95074987411499
2015-07-19,31.5,76.5,13.047517776489258
2015-07-19,31.5,76.75,0.5716733336448669
2015-07-19,31.5,77.0,0.8998737335205078
2015-07-19,31.5,77.25,13.73335075378418
2015-07-19,31.5,77.5,14.616841316223145
2015-07-19,31.75,76.5,9.661446571350098
2015-07-19,31.75,76.75,1.432108759880066
2015-07-19,31.75,77.0,0.0
2015-07-19,31.75,77.25,11.471567153930664
2015-07-19,31.75,77.5,9.909106254577637
2015-07-19,32.0,76.5,21.03512954711914
2015-07-19,32.0,76.75,22.897762298583984
2015-07-19,32.0,77.0,19.712387084960938
2015-07-19,32.0,77.25,25.43309783935547
2015-07-19,32.0,77.5,23.203920364379883
2015-07-20,31.5,76.5,9.048995018005371
2015-07-20,31.5,76.75,0.8994855284690857
2015-07-20,31.5,77.0,3.3367116451263428
2015-07-20,31.5,77.25,10.902630805969238
2015-07-20,31.5,77.5,10.199889183044434
2015-07-20,31.75,76.5,3.71797251701355
2015-07-20,31.75,76.75,4.341601848602295
2015-07-20,31.75,77.0,3.6494178771972656
2015-07-20,31.75,77.25,9.741131782531738
2015-07-20,31.75,77.5,8.64876651763916
2015-07-20,32.0,76.5,9.3080472946167
2015-07-20,32.0,76.75,10.101366996765137
2015-07-20,32.0,77.0,3.2157294750213623
2015-07-20,32.0,77.25,4.543650150299072
2015-07-20,32.0,77.5,6.525915145874023
2015-07-21,31.5,76.5,3.1024680137634277
2015-07-21,31.5,76.75,2.9544966220855713
2015-07-21,31.5,77.0,1.4790077209472656
2015-07-21,31.5,77.25,1.9158592224121094
2015-07-21,31.5,77.5,1.689836025238037
2015-07-21,31.75,76.5,5.080573558807373
2015-07-21,31.75,76.75,4.57283353805542
2015-07-21,31.75,77.0,7.763627529144287
2015-07-21,31.75,77.25,3.649125099182129
2015-07-21,31.75,77.5,2.95839786529541
2015-07-21,32.0,76.5,8.121953010559082
2015-07-21,32.0,76.75,8.24325180053711
2015-07-21,32.0,77.0,7.574463367462158
2015-07-21,32.0,77.25,6.9657487869262695
2015-07-21,32.0,77.5,4.9382853507995605
2015-07-22,31.5,76.5,4.0507121086120605
2015-07-22,31.5,76.75,1.0061085224151611
2015-07-22,31.5,77.0,0.4557070732116699
2015-07-22,31.5,77.25,3.343994379043579
2015-07-22,31.5,77.5,3.3263144493103027
2015-07-22,31.75,76.5,21.943035125732422
2015-07-22,31.75,76.75,4.529038429260254
2015-07-22,31.75,77.0,1.09294593334198
2015-07-22,31.75,77.25,3.1787142753601074
2015-07-22,31.75,77.5,2.276324510574341
2015-07-22,32.0,76.5,41.58279800415039
2015-07-22,32.0,76.75,40.64033126831055
2015-07-22,32.0,77.0,2.833354949951172
2015-07-22,32.0,77.25,3.913182020187378
2015-07-22,32.0,77.5,3.429398536682129
2015-07-23,31.5,76.5,0.3654228746891022
2015-07-23,31.5,76.75,3.828364372253418
2015-07-23,31.5,77.0,25.111801147460938
2015-07-23,31.5,77.25,9.737405776977539
2015-07-23,31.5,77.5,9.163684844970703
2015-07-23,31.75,76.5,5.1999735832214355
2015-07-23,31.75,76.75,65.82167053222656
2015-07-23,31.75,77.0,21.040393829345703
2015-07-23,31.75,77.25,12.619712829589844
2015-07-23,31.75,77.5,9.736653327941895
2015-07-23,32.0,76.5,15.38991928100586
2015-07-23,32.0,76.75,28.212141036987305
2015-07-23,32.0,77.0,15.837677955627441
2015-07-23,32.0,77.25,13.486433982849121
2015-07-23,32.0,77.5,9.302995681762695
2015-07-24,31.5,76.5,15.81709098815918
2015-07-24,31.5,76.75,37.098812103271484
2015-07-24,31.5,77.0,10.113213539123535
2015-07-24,31.5,77.25,10.094795227050781
2015-07-24,31.5,77.5,13.531736373901367
2015-07-24,31.75,76.5,13.660987854003906
2015-07-24,31.75,76.75,26.011207580566406
2015-07-24,31.75,77.0,11.890607833862305
2015-07-24,31.75,77.25,11.294611930847168
2015-07-24,31.75,77.5,7.713031768798828
2015-07-24,32.0,76.5,31.13174819946289
2015-07-24,32.0,76.75,27.867046356201172
2015-07-24,32.0,77.0,9.353919982910156
2015-07-24,32.0,77.25,10.312479019165039
2015-07-24,32.0,77.5,7.717700481414795
2015-07-25,31.5,76.5,0.0
2015-07-25,31.5,76.75,0.13213929533958435
2015-07-25,31.5,77.0,0.0
2015-07-25,31.5,77.25,0.13196685910224915
2015-07-25,31.5,77.5,6.056032180786133
2015-07-25,31.75,76.5,2.072329044342041
2015-07-25,31.75,76.75,3.896547794342041
2015-07-25,31.75,77.0,0.6404927372932434
2015-07-25,31.75,77.25,0.0
2015-07-25,31.75,77.5,0.0
2015-07-25,32.0,76.5,4.991247653961182
2015-07-25,32.0,76.75,0.828639805316925
2015-07-25,32.0,77.0,0.8379762172698975
2015-07-25,32.0,77.25,0.5598832964897156
2015-07-25,32.0,77.5,0.35917234420776367
2015-07-26,31.5,76.5,51.04895782470703
2015-07-26,31.5,76.75,78.06067657470703
2015-07-26,31.5,77.0,22.226842880249023
2015-07-26,31.5,77.25,74.14026641845703
2015-07-26,31.5,77.5,60.844383239746094
2015-07-26,31.75,76.5,53.704463958740234
2015-07-26,31.75,76.75,35.209320068359375
2015-07-26,31.75,77.0,25.244731903076172
2015-07-26,31.75,77.25,68.39549255371094
2015-07-26,31.75,77.5,55.883056640625
2015-07-26,32.0,76.5,68.1338119506836
2015-07-26,32.0,76.75,57.81146240234375
2015-07-26,32.0,77.0,18.745529174804688
2015-07-26,32.0,77.25,29.87090301513672
2015-07-26,32.0,77.5,41.74540328979492
2015-07-27,31.5,76.5,1.8352277278900146
2015-07-27,31.5,76.75,0.0
2015-07-27,31.5,77.0,1.5048500299453735
2015-07-27,31.5,77.25,1.91669499874115
2015-07-27,31.5,77.5,8.259546279907227
2015-07-27,31.75,76.5,21.630184173583984
2015-07-27,31.75,76.75,2.739710807800293
2015-07-27,31.75,77.0,0.0
2015-07-27,31.75,77.25,1.5973273515701294
2015-07-27,31.75,77.5,3.6517720222473145
2015-07-27,32.0,76.5,45.71381378173828
2015-07-27,32.0,76.75,45.79552459716797
2015-07-27,32.0,77.0,9.959220886230469
2015-07-27,32.0,77.25,11.668320655822754
2015-07-27,32.0,77.5,9.62565803527832
2015-07-28,31.5,76.5,15.841117858886719
2015-07-28,31.5,76.75,32.052181243896484
2015-07-28,31.5,77.0,2.6043217182159424
2015-07-28,31.5,77.25,3.71610689163208
2015-07-28,31.5,77.5,4.221870422363281
2015-07-28,31.75,76.5,30.526840209960938
2015-07-28,31.75,76.75,16.253894805908203
2015-07-28,31.75,77.0,7.463625907897949
2015-07-28,31.75,77.25,4.803313255310059
2015-07-28,31.75,77.5,4.017667770385742
2015-07-28,32.0,76.5,34.11244201660156
2015-07-28,32.0,76.75,11.790654182434082
2015-07-28,32.0,77.0,4.735252380371094
2015-07-28,32.0,77.25,4.019665241241455
2015-07-28,32.0,77.5,2.7891366481781006
2015-07-29,31.5,76.5,0.9975989460945129
2015-07-29,31.5,76.75,0.6151878833770752
2015-07-29,31.5,77.0,0.294418603181839
2015-07-29,31.5,77.25,0.0
2015-07-29,31.5,77.5,0.31071266531944275
2015-07-29,31.75,76.5,3.9443345069885254
2015-07-29,31.75,76.75,12.314669609069824
2015-07-29,31.75,77.0,2.182081460952759
2015-07-29,31.75,77.25,0.3151656687259674
2015-07-29,31.75,77.5,0.16900791227817535
2015-07-29,32.0,76.5,10.867371559143066
2015-07-29,32.0,76.75,11.755788803100586
2015-07-29,32.0,77.0,1.3977351188659668
2015-07-29,32.0,77.25,0.4619806408882141
2015-07-29,32.0,77.5,0.0
2015-07-30,31.5,76.5,0.0
2015-07-30,31.5,76.75,0.0
2015-07-30,31.5,77.0,0.0
2015-07-30,31.5,77.25,0.5744896531105042
2015-07-30,31.5,77.5,0.0
2015-07-30,31.75,76.5,16.623401641845703
2015-07-30,31.75,76.75,2.7445621490478516
2015-07-30,31.75,77.0,0.37130698561668396
2015-07-30,31.75,77.25,0.5119737386703491
2015-07-30,31.75,77.5,0.0
2015-07-30,32.0,76.5,47.85772705078125
2015-07-30,32.0,76.75,39.13369369506836
2015-07-30,32.0,77.0,0.18281599879264832
2015-07-30,32.0,77.25,0.2955385744571686
2015-07-30,32.0,77.5,0.33751270174980164
2015-07-31,31.5,76.5,1.7552169561386108
2015-07-31,31.5,76.75,4.096992492675781
2015-07-31,31.5,77.0,0.0
2015-07-31,31.5,77.25,0.0
2015-07-31,31.5,77.5,0.0
2015-07-31,31.75,76.5,11.296514511108398
2015-07-31,31.75,76.75,1.4246177673339844
2015-07-31,31.75,77.0,0.0
2015-07-31,31.75,77.25,0.0
2015-07-31,31.75,77.5,0.0
2015-07-31,32.0,76.5,18.707460403442383
2015-07-31,32.0,76.75,16.355545043945312
2015-07-31,32.0,77.0,0.0
2015-07-31,32.0,77.25,0.0
2015-07-31,32.0,77.5,0.0
2015-08-01,31.5,76.5,15.76406192779541
2015-08-01,31.5,76.75,21.61378288269043
2015-08-01,31.5,77.0,23.384605407714844
2015-08-01,31.5,77.25,66.59526824951172
2015-08-01,31.5,77.5,54.84102249145508
2015-08-01,31.75,76.5,44.09169006347656
2015-08-01,31.75,76.75,55.165287017822266
2015-08-01,31.75,77.0,14.543622970581055
2015-08-01,31.75,77.25,58.66400909423828
2015-08-01,31.75,77.5,44.420623779296875
2015-08-01,32.0,76.5,71.31514739990234
2015-08-01,32.0,76.75,68.03828430175781
2015-08-01,32.0,77.0,9.914273262023926
2015-08-01,32.0,77.25,20.749589920043945
2015-08-01,32.0,77.5,32.15304183959961
2015-08-02,31.5,76.5,4.015188217163086
2015-08-02,31.5,76.75,9.95695686340332
2015-08-02,31.5,77.0,2.608844041824341
2015-08-02,31.5,77.25,6.477960109710693
2015-08-02,31.5,77.5,6.906096458435059
2015-08-02,31.75,76.5,5.108523368835449
2015-08-02,31.75,76.75,12.569841384887695
2015-08-02,31.75,77.0,2.263245105743408
2015-08-02,31.75,77.25,5.535667419433594
2015-08-02,31.75,77.5,4.046196937561035
2015-08-02,32.0,76.5,15.71117877960205
2015-08-02,32.0,76.75,12.299694061279297
2015-08-02,32.0,77.0,2.6157262325286865
2015-08-02,32.0,77.25,3.2808165550231934
2015-08-02,32.0,77.5,3.8925421237945557
2015-08-03,31.5,76.5,0.27470624446868896
2015-08-03,31.5,76.75,1.1355844736099243
2015-08-03,31.5,77.0,10.30931568145752
2015-08-03,31.5,77.25,10.036564826965332
2015-08-03,31.5,77.5,9.544788360595703
2015-08-03,31.75,76.5,5.706268787384033
2015-08-03,31.75,76.75,10.24174690246582
2015-08-03,31.75,77.0,3.12412691116333
2015-08-03,31.75,77.25,8.921274185180664
2015-08-03,31.75,77.5,8.731234550476074
2015-08-03,32.0,76.5,29.202720642089844
2015-08-03,32.0,76.75,14.737499237060547
2015-08-03,32.0,77.0,8.004096984863281
2015-08-03,32.0,77.25,9.857322692871094
2015-08-03,32.0,77.5,10.783560752868652
2015-08-04,31.5,76.5,2.527723789215088
2015-08-04,31.5,76.75,0.5654700398445129
2015-08-04,31.5,77.0,2.304957866668701
2015-08-04,31.5,77.25,3.711041212081909
2015-08-04,31.5,77.5,2.4002280235290527
2015-08-04,31.75,76.5,3.1030702590942383
2015-08-04,31.75,76.75,5.098296165466309
2015-08-04,31.75,77.0,0.8205040097236633
2015-08-04,31.75,77.25,3.119757652282715
2015-08-04,31.75,77.5,2.5920190811157227
2015-08-04,32.0,76.5,0.0
2015-08-04,32.0,76.75,1.0356874465942383
2015-08-04,32.0,77.0,5.658209323883057
2015-08-04,32.0,77.25,6.631215572357178
2015-08-04,32.0,77.5,6.271631240844727
2015-08-05,31.5,76.5,0.0
2015-08-05,31.5,76.75,0.549894392490387
2015-08-05,31.5,77.0,11.044068336486816
2015-08-05,31.5,77.25,1.8448500633239746
2015-08-05,31.5,77.5,0.43257373571395874
2015-08-05,31.75,76.5,0.0
2015-08-05,31.75,76.75,8.79371166229248
2015-08-05,31.75,77.0,3.226728677749634
2015-08-05,31.75,77.25,2.3092267513275146
2015-08-05,31.75,77.5,3.050647497177124
2015-08-05,32.0,76.5,14.069218635559082
2015-08-05,32.0,76.75,2.4045658111572266
2015-08-05,32.0,77.0,6.042221546173096
2015-08-05,32.0,77.25,6.265594005584717
2015-08-05,32.0,77.5,5.421825408935547
2015-08-06,31.5,76.5,4.103923320770264
2015-08-06,31.5,76.75,3.347464084625244
2015-08-06,31.5,77.0,7.18265438079834
2015-08-06,31.5,77.25,4.487281799316406
2015-08-06,31.5,77.5,2.688610553741455
2015-08-06,31.75,76.5,14.216167449951172
2015-08-06,31.75,76.75,25.671329498291016
2015-08-06,31.75,77.0,10.598886489868164
2015-08-06,31.75,77.25,6.476934909820557
2015-08-06,31.75,77.5,2.8574328422546387
2015-08-06,32.0,76.5,32.85342788696289
2015-08-06,32.0,76.75,22.619277954101562
2015-08-06,32.0,77.0,6.186617374420166
2015-08-06,32.0,77.25,6.206806182861328
2015-08-06,32.0,77.5,2.375490427017212
2015-08-07,31.5,76.5,56.11650085449219
2015-08-07,31.5,76.75,5.8335442543029785
2015-08-07,31.5,77.0,4.1761250495910645
2015-08-07,31.5,77.25,0.7784098386764526
2015-08-07,31.5,77.5,0.0
2015-08-07,31.75,76.5,67.46895599365234
2015-08-07,31.75,76.75,4.2617950439453125
2015-08-07,31.75,77.0,3.237551689147949
2015-08-07,31.75,77.25,1.484861135482788
2015-08-07,31.75,77.5,1.1812630891799927
2015-08-07,32.0,76.5,14.275832176208496
2015-08-07,32.0,76.75,5.754547119140625
2015-08-07,32.0,77.0,3.648081064224243
2015-08-07,32.0,77.25,3.782942771911621
2015-08-07,32.0,77.5,2.396880865097046
2015-08-08,31.5,76.5,89.98546600341797
2015-08-08,31.5,76.75,140.56532287597656
2015-08-08,31.5,77.0,12.141671180725098
2015-08-08,31.5,77.25,11.270371437072754
2015-08-08,31.5,77.5,11.201386451721191
2015-08-08,31.75,76.5,89.12725830078125
2015-08-08,31.75,76.75,81.09271240234375
2015-08-08,31.75,77.0,14.849556922912598
2015-08-08,31.75,77.25,10.0055570602417
2015-08-08,31.75,77.5,7.689091205596924
2015-08-08,32.0,76.5,96.16607666015625
2015-08-08,32.0,76.75,75.49320220947266
2015-08-08,32.0,77.0,9.916230201721191
2015-08-08,32.0,77.25,6.12033748626709
2015-08-08,32.0,77.5,5.670156478881836
2015-08-09,31.5,76.5,50.8369140625
2015-08-09,31.5,76.75,23.38266372680664
2015-08-09,31.5,77.0,24.01009750366211
2015-08-09,31.5,77.25,28.125368118286133
2015-08-09,31.5,77.5,25.209705352783203
2015-08-09,31.75,76.5,59.77402114868164
2015-08-09,31.75,76.75,21.35628890991211
2015-08-09,31.75,77.0,16.589990615844727
2015-08-09,31.75,77.25,26.673641204833984
2015-08-09,31.75,77.5,23.141414642333984
2015-08-09,32.0,76.5,15.753739356994629
2015-08-09,32.0,76.75,10.529092788696289
2015-08-09,32.0,77.0,11.063575744628906
2015-08-09,32.0,77.25,13.59407901763916
2015-08-09,32.0,77.5,16.93531608581543
2015-08-10,31.5,76.5,43.091373443603516
2015-08-10,31.5,76.75,39.52497100830078
2015-08-10,31.5,77.0,30.87962532043457
2015-08-10,31.5,77.25,17.861188888549805
2015-08-10,31.5,77.5,18.37660789489746
2015-08-10,31.75,76.5,35.33183670043945
2015-08-10,31.75,76.75,17.128671646118164
2015-08-10,31.75,77.0,17.795934677124023
2015-08-10,31.75,77.25,17.87445831298828
2015-08-10,31.75,77.5,18.551416397094727
2015-08-10,32.0,76.5,9.293113708496094
2015-08-10,32.0,76.75,6.394967555999756
2015-08-10,32.0,77.0,13.43014144897461
2015-08-10,32.0,77.25,12.922356605529785
2015-08-10,32.0,77.5,15.063007354736328
2015-08-11,31.5,76.5,4.513031482696533
2015-08-11,31.5,76.75,11.082626342773438
2015-08-11,31.5,77.0,1.8425174951553345
2015-08-11,31.5,77.25,1.2189770936965942
2015-08-11,31.5,77.5,2.946321487426758
2015-08-11,31.75,76.5,9.348734855651855
2015-08-11,31.75,76.75,3.326153039932251
2015-08-11,31.75,77.0,5.332989692687988
2015-08-11,31.75,77.25,2.409773826599121
2015-08-11,31.75,77.5,2.316678524017334
2015-08-11,32.0,76.5,28.523700714111328
2015-08-11,32.0,76.75,20.218610763549805
2015-08-11,32.0,77.0,4.028323650360107
2015-08-11,32.0,77.25,3.360618829727173
2015-08-11,32.0,77.5,2.5241458415985107
2015-08-12,31.5,76.5,0.735291063785553
2015-08-12,31.5,76.75,3.5648748874664307
2015-08-12,31.5,77.0,10.730039596557617
2015-08-12,31.5,77.25,6.217001438140869
2015-08-12,31.5,77.5,19.69125747680664
2015-08-12,31.75,76.5,20.3799991607666
2015-08-12,31.75,76.75,44.5859375
2015-08-12,31.75,77.0,27.814287185668945
2015-08-12,31.75,77.25,10.287558555603027
2015-08-12,31.75,77.5,9.758421897888184
2015-08-12,32.0,76.5,75.23561096191406
2015-08-12,32.0,76.75,61.79233169555664
2015-08-12,32.0,77.0,19.127403259277344
2015-08-12,32.0,77.25,13.770227432250977
2015-08-12,32.0,77.5,8.634747505187988
2015-08-13,31.5,76.5,0.2354625016450882
2015-08-13,31.5,76.75,0.6029223203659058
2015-08-13,31.5,77.0,2.936737298965454
2015-08-13,31.5,77.25,0.4893952012062073
2015-08-13,31.5,77.5,0.0
2015-08-13,31.75,76.5,0.0
2015-08-13,31.75,76.75,0.0
2015-08-13,31.75,77.0,2.165153741836548
2015-08-13,31.75,77.25,0.9052045941352844
2015-08-13,31.75,77.5,1.4909125566482544
2015-08-13,32.0,76.5,0.1318989396095276
2015-08-13,32.0,76.75,0.34915417432785034
2015-08-13,32.0,77.0,1.9315516948699951
2015-08-13,32.0,77.25,1.501603603363037
2015-08-13,32.0,77.5,1.5428757667541504
2015-08-14,31.5,76.5,3.3916988372802734
2015-08-14,31.5,76.75,3.3658809661865234
2015-08-14,31.5,77.0,1.3248838186264038
2015-08-14,31.5,77.25,0.13196685910224915
2015-08-14,31.5,77.5,12.40283489227295
2015-08-14,31.75,76.5,9.226079940795898
2015-08-14,31.75,76.75,5.375061988830566
2015-08-14,31.75,77.0,3.6338741779327393
2015-08-14,31.75,77.25,1.4867525100708008
2015-08-14,31.75,77.5,1.3311764001846313
2015-08-14,32.0,76.5,24.887636184692383
2015-08-14,32.0,76.75,23.833778381347656
2015-08-14,32.0,77.0,1.8525958061218262
2015-08-14,32.0,77.25,2.215513229370117
2015-08-14,32.0,77.5,0.0
2015-08-15,31.5,76.5,0.0
2015-08-15,31.5,76.75,0.37771543860435486
2015-08-15,31.5,77.0,0.0
2015-08-15,31.5,77.25,0.13196685910224915
2015-08-15,31.5,77.5,0.2031075805425644
2015-08-15,31.75,76.5,1.2570046186447144
2015-08-15,31.75,76.75,9.325566291809082
2015-08-15,31.75,77.0,1.2208143472671509
2015-08-15,31.75,77.25,0.0
2015-08-15,31.75,77.5,0.0
2015-08-15,32.0,76.5,2.1925883293151855
2015-08-15,32.0,76.75,2.831627368927002
2015-08-15,32.0,77.0,4.2408576011657715
2015-08-15,32.0,77.25,3.817811965942383
2015-08-15,32.0,77.5,2.9332406520843506
2015-08-16,31.5,76.5,16.047521591186523
2015-08-16,31.5,76.75,1.0714377164840698
2015-08-16,31.5,77.0,3.0685837268829346
2015-08-16,31.5,77.25,3.8333899974823
2015-08-16,31.5,77.5,15.997103691101074
2015-08-16,31.75,76.5,11.300655364990234
2015-08-16,31.75,76.75,21.481578826904297
2015-08-16,31.75,77.0,4.645118713378906
2015-08-16,31.75,77.25,3.6344761848449707
2015-08-16,31.75,77.5,7.422295570373535
2015-08-16,32.0,76.5,7.523879051208496
2015-08-16,32.0,76.75,9.134570121765137
2015-08-16,32.0,77.0,4.023040771484375
2015-08-16,32.0,77.25,2.5200998783111572
2015-08-16,32.0,77.5,3.1490354537963867
2015-08-17,31.5,76.5,0.0
2015-08-17,31.5,76.75,0.1138177216053009
2015-08-17,31.5,77.0,0.0
2015-08-17,31.5,77.25,0.0
2015-08-17,31.5,77.5,2.0817909240722656
2015-08-17,31.75,76.5,0.5508107542991638
2015-08-17,31.75,76.75,3.808501958847046
2015-08-17,31.75,77.0,0.4919699728488922
2015-08-17,31.75,77.25,0.0
2015-08-17,31.75,77.5,0.24854101240634918
2015-08-17,32.0,76.5,2.463873863220215
2015-08-17,32.0,76.75,2.0540847778320312
2015-08-17,32.0,77.0,0.35274410247802734
2015-08-17,32.0,77.25,0.0
2015-08-17,32.0,77.5,0.0
2015-08-18,31.5,76.5,0.0
2015-08-18,31.5,76.75,0.0
2015-08-18,31.5,77.0,0.0
2015-08-18,31.5,77.25,0.0
2015-08-18,31.5,77.5,0.0
2015-08-18,31.75,76.5,0.6885133981704712
2015-08-18,31.75,76.75,0.9267855882644653
2015-08-18,31.75,77.0,0.6935486197471619
2015-08-18,31.75,77.25,0.13701391220092773
2015-08-18,31.75,77.5,0.17694254219532013
2015-08-18,32.0,76.5,4.13106632232666
2015-08-18,32.0,76.75,1.9010107517242432
2015-08-18,32.0,77.0,0.49289095401763916
2015-08-18,32.0,77.25,0.27320054173469543
2015-08-18,32.0,77.5,0.19613498449325562
2015-08-19,31.5,76.5,0.0
2015-08-19,31.5,76.75,0.0
2015-08-19,31.5,77.0,0.0
2015-08-19,31.5,77.25,0.0
2015-08-19,31.5,77.5,0.0
2015-08-19,31.75,76.5,2.2789628505706787
2015-08-19,31.75,76.75,0.8876469135284424
2015-08-19,31.75,77.0,0.10932665318250656
2015-08-19,31.75,77.25,0.0
2015-08-19,31.75,77.5,0.0
2015-08-19,32.0,76.5,4.996969699859619
2015-08-19,32.0,76.75,1.1470307111740112
2015-08-19,32.0,77.0,0.0
2015-08-19,32.0,77.25,0.0
2015-08-19,32.0,77.5,0.0
2015-08-20,31.5,76.5,15.959282875061035
2015-08-20,31.5,76.75,7.3364739418029785
2015-08-20,31.5,77.0,0.0
2015-08-20,31.5,77.25,1.628008246421814
2015-08-20,31.5,77.5,1.2001140117645264
2015-08-20,31.75,76.5,24.58369255065918
2015-08-20,31.75,76.75,0.838057816028595
2015-08-20,31.75,77.0,0.0
2015-08-20,31.75,77.25,1.384499430656433
2015-08-20,31.75,77.5,0.9691543579101562
2015-08-20,32.0,76.5,6.2521820068359375
2015-08-20,32.0,76.75,0.654221773147583
2015-08-20,32.0,77.0,0.0
2015-08-20,32.0,77.25,0.3707139492034912
2015-08-20,32.0,77.5,0.7269753813743591
2015-08-21,31.5,76.5,47.05537414550781
2015-08-21,31.5,76.75,32.785701751708984
2015-08-21,31.5,77.0,6.638962745666504
2015-08-21,31.5,77.25,1.0227793455123901
2015-08-21,31.5,77.5,1.708017349243164
2015-08-21,31.75,76.5,23.03594970703125
2015-08-21,31.75,76.75,12.443333625793457
2015-08-21,31.75,77.0,8.085221290588379
2015-08-21,31.75,77.25,2.869614362716675
2015-08-21,31.75,77.5,3.520132064819336
2015-08-21,32.0,76.5,19.230199813842773
2015-08-21,32.0,76.75,14.615867614746094
2015-08-21,32.0,77.0,8.243182182312012
2015-08-21,32.0,77.25,7.097808361053467
2015-08-21,32.0,77.5,5.2847113609313965
2015-08-22,31.5,76.5,7.338510036468506
2015-08-22,31.5,76.75,0.36070001125335693
2015-08-22,31.5,77.0,3.1241748332977295
2015-08-22,31.5,77.25,6.270175933837891
2015-08-22,31.5,77.5,7.5839948654174805
2015-08-22,31.75,76.5,2.329068183898926
2015-08-22,31.75,76.75,1.0263887643814087
2015-08-22,31.75,77.0,0.8163928985595703
2015-08-22,31.75,77.25,5.470162391662598
2015-08-22,31.75,77.5,5.6919660568237305
2015-08-22,32.0,76.5,5.017551898956299
2015-08-22,32.0,76.75,0.323515385389328
2015-08-22,32.0,77.0,4.9268693923950195
2015-08-22,32.0,77.25,6.668066024780273
2015-08-22,32.0,77.5,7.037226676940918
2015-08-23,31.5,76.5,0.0
2015-08-23,31.5,76.75,0.0
2015-08-23,31.5,77.0,0.0
2015-08-23,31.5,77.25,3.343994379043579
2015-08-23,31.5,77.5,2.4002280235290527
2015-08-23,31.75,76.5,0.0
2015-08-23,31.75,76.75,0.0
2015-08-23,31.75,77.0,0.29211097955703735
2015-08-23,31.75,77.25,2.83750581741333
2015-08-23,31.75,77.5,2.026779890060425
2015-08-23,32.0,76.5,0.2637978792190552
2015-08-23,32.0,76.75,0.0
2015-08-23,32.0,77.0,2.267780065536499
2015-08-23,32.0,77.25,3.2154641151428223
2015-08-23,32.0,77.5,3.3478798866271973
2015-08-24,31.5,76.5,0.43168124556541443
2015-08-24,31.5,76.75,1.3595346212387085
2015-08-24,31.5,77.0,1.001023292541504
2015-08-24,31.5,77.25,0.0
2015-08-24,31.5,77.5,0.0
2015-08-24,31.75,76.5,0.0
2015-08-24,31.75,76.75,2.9416258335113525
2015-08-24,31.75,77.0,2.524887800216675
2015-08-24,31.75,77.25,1.0715633630752563
2015-08-24,31.75,77.5,0.0
2015-08-24,32.0,76.5,13.277826309204102
2015-08-24,32.0,76.75,1.4109758138656616
2015-08-24,32.0,77.0,1.2431488037109375
2015-08-24,32.0,77.25,1.5707342624664307
2015-08-24,32.0,77.5,0.0
2015-08-25,31.5,76.5,6.034914970397949
2015-08-25,31.5,76.75,1.0841379165649414
2015-08-25,31.5,77.0,4.112549304962158
2015-08-25,31.5,77.25,0.6117439866065979
2015-08-25,31.5,77.5,0.0
2015-08-25,31.75,76.5,4.544188499450684
2015-08-25,31.75,76.75,6.742615699768066
2015-08-25,31.75,77.0,2.0390758514404297
2015-08-25,31.75,77.25,1.0390719175338745
2015-08-25,31.75,77.5,1.1337525844573975
2015-08-25,32.0,76.5,9.854379653930664
2015-08-25,32.0,76.75,12.394851684570312
2015-08-25,32.0,77.0,1.1028025150299072
2015-08-25,32.0,77.25,0.7612711191177368
2015-08-25,32.0,77.5,0.5957449674606323
2015-08-26,31.5,76.5,0.0
2015-08-26,31.5,76.75,0.0
2015-08-26,31.5,77.0,0.0
2015-08-26,31.5,77.25,0.0
2015-08-26,31.5,77.5,0.0
2015-08-26,31.75,76.5,0.2754053771495819
2015-08-26,31.75,76.75,0.0
2015-08-26,31.75,77.0,0.0
2015-08-26,31.75,77.25,0.0
2015-08-26,31.75,77.5,0.0
2015-08-26,32.0,76.5,0.5972351431846619
2015-08-26,32.0,76.75,0.654221773147583
2015-08-26,32.0,77.0,0.0
2015-08-26,32.0,77.25,0.0
2015-08-26,32.0,77.5,0.0
2015-08-27,31.5,76.5,0.0
2015-08-27,31.5,76.75,0.0
2015-08-27,31.5,77.0,0.0
2015-08-27,31.5,77.25,0.0
2015-08-27,31.5,77.5,0.0
2015-08-27,31.75,76.5,0.2754053771495819
2015-08-27,31.75,76.75,0.0
2015-08-27,31.75,77.0,0.0
2015-08-27,31.75,77.25,0.0
2015-08-27,31.75,77.5,0.0
2015-08-27,32.0,76.5,0.5972351431846619
2015-08-27,32.0,76.75,0.654221773147583
2015-08-27,32.0,77.0,0.0
2015-08-27,32.0,77.25,0.0
2015-08-27,32.0,77.5,0.0
2015-08-28,31.5,76.5,8.555137634277344
2015-08-28,31.5,76.75,21.4528865814209
2015-08-28,31.5,77.0,4.077128887176514
2015-08-28,31.5,77.25,4.025136470794678
2015-08-28,31.5,77.5,2.4002280235290527
2015-08-28,31.75,76.5,8.134984970092773
2015-08-28,31.75,76.75,14.936287879943848
2015-08-28,31.75,77.0,7.5326690673828125
2015-08-28,31.75,77.25,4.995572090148926
2015-08-28,31.75,77.5,3.874852418899536
2015-08-28,32.0,76.5,12.154214859008789
2015-08-28,32.0,76.75,10.81784725189209
2015-08-28,32.0,77.0,8.17814826965332
2015-08-28,32.0,77.25,7.957602024078369
2015-08-28,32.0,77.5,6.19705867767334
2015-08-29,31.5,76.5,0.0
2015-08-29,31.5,76.75,0.0
2015-08-29,31.5,77.0,0.0
2015-08-29,31.5,77.25,0.0
2015-08-29,31.5,77.5,0.0
2015-08-29,31.75,76.5,0.0
2015-08-29,31.75,76.75,0.0
2015-08-29,31.75,77.0,0.0
2015-08-29,31.75,77.25,0.0
2015-08-29,31.75,77.5,0.0
2015-08-29,32.0,76.5,0.0
2015-08-29,32.0,76.75,0.0
2015-08-29,32.0,77.0,0.0
2015-08-29,32.0,77.25,0.0
2015-08-29,32.0,77.5,0.0
2015-08-30,31.5,76.5,0.0
2015-08-30,31.5,76.75,0.0
2015-08-30,31.5,77.0,0.0
2015-08-30,31.5,77.25,0.0
2015-08-30,31.5,77.5,0.0
2015-08-30,31.75,76.5,0.0
2015-08-30,31.75,76.75,0.0
2015-08-30,31.75,77.0,0.0
2015-08-30,31.75,77.25,0.0
2015-08-30,31.75,77.5,0.0
2015-08-30,32.0,76.5,1.099157691001892
2015-08-30,32.0,76.75,0.0
2015-08-30,32.0,77.0,0.0
2015-08-30,32.0,77.25,0.0
2015-08-30,32.0,77.5,0.0
2015-08-31,31.5,76.5,0.0
2015-08-31,31.5,76.75,0.0
2015-08-31,31.5,77.0,0.0
2015-08-31,31.5,77.25,0.0
2015-08-31,31.5,77.5,0.0
2015-08-31,31.75,76.5,0.2754053771495819
2015-08-31,31.75,76.75,0.0
2015-08-31,31.75,77.0,0.0
2015-08-31,31.75,77.25,0.0
2015-08-31,31.75,77.5,0.0
2015-08-31,32.0,76.5,2.575719118118286
2015-08-31,32.0,76.75,0.654221773147583
2015-08-31,32.0,77.0,0.0
2015-08-31,32.0,77.25,0.0
2015-08-31,32.0,77.5,0.0
2015-09-01,31.5,76.5,0.0
2015-09-01,31.5,76.75,0.0
2015-09-01,31.5,77.0,0.0
2015-09-01,31.5,77.25,0.0
2015-09-01,31.5,77.5,0.0
2015-09-01,31.75,76.5,0.0
2015-09-01,31.75,76.75,0.0
2015-09-01,31.75,77.0,0.0
2015-09-01,31.75,77.25,0.0
2015-09-01,31.75,77.5,0.0
2015-09-01,32.0,76.5,0.0
2015-09-01,32.0,76.75,0.0
2015-09-01,32.0,77.0,0.0
2015-09-01,32.0,77.25,0.0
2015-09-01,32.0,77.5,0.0
2015-09-02,31.5,76.5,0.1177312508225441
2015-09-02,31.5,76.75,0.2949974536895752
2015-09-02,31.5,77.0,0.0
2015-09-02,31.5,77.25,0.0
2015-09-02,31.5,77.5,0.0
2015-09-02,31.75,76.5,0.0
2015-09-02,31.75,76.75,0.1142883226275444
2015-09-02,31.75,77.0,0.0
2015-09-02,31.75,77.25,0.0
2015-09-02,31.75,77.5,0.0
2015-09-02,32.0,76.5,1.5388208627700806
2015-09-02,32.0,76.75,0.0
2015-09-02,32.0,77.0,0.0
2015-09-02,32.0,77.25,0.0
2015-09-02,32.0,77.5,0.0
2015-09-03,31.5,76.5,0.8547688722610474
2015-09-03,31.5,76.75,3.237046718597412
2015-09-03,31.5,77.0,0.3827441930770874
2015-09-03,31.5,77.25,0.0
2015-09-03,31.5,77.5,0.0
2015-09-03,31.75,76.5,2.9522151947021484
2015-09-03,31.75,76.75,38.262699127197266
2015-09-03,31.75,77.0,5.793992042541504
2015-09-03,31.75,77.25,0.4097153842449188
2015-09-03,31.75,77.5,0.0
2015-09-03,32.0,76.5,9.966352462768555
2015-09-03,32.0,76.75,13.745817184448242
2015-09-03,32.0,77.0,3.937439441680908
2015-09-03,32.0,77.25,0.6005748510360718
2015-09-03,32.0,77.5,0.0
2015-09-04,31.5,76.5,2.787914276123047
2015-09-04,31.5,76.75,0.2272009253501892
2015-09-04,31.5,77.0,0.11776744574308395
2015-09-04,31.5,77.25,0.0
2015-09-04,31.5,77.5,0.0
2015-09-04,31.75,76.5,6.527153491973877
2015-09-04,31.75,76.75,0.7643541693687439
2015-09-04,31.75,77.0,0.29704558849334717
2015-09-04,31.75,77.25,0.12606626749038696
2015-09-04,31.75,77.5,0.0
2015-09-04,32.0,76.5,6.270968914031982
2015-09-04,32.0,76.75,7.035325527191162
2015-09-04,32.0,77.0,0.1462528109550476
2015-09-04,32.0,77.25,0.18479226529598236
2015-09-04,32.0,77.5,0.0
2015-09-05,31.5,76.5,0.0
2015-09-05,31.5,76.75,0.0
2015-09-05,31.5,77.0,0.0
2015-09-05,31.5,77.25,0.0
2015-09-05,31.5,77.5,0.0
2015-09-05,31.75,76.5,1.6524322032928467
2015-09-05,31.75,76.75,0.23483234643936157
2015-09-05,31.75,77.0,0.0
2015-09-05,31.75,77.25,0.0
2015-09-05,31.75,77.5,0.0
2015-09-05,32.0,76.5,3.5834107398986816
2015-09-05,32.0,76.75,3.925330877304077
2015-09-05,32.0,77.0,0.0
2015-09-05,32.0,77.25,0.0
2015-09-05,32.0,77.5,0.0
2015-09-06,31.5,76.5,0.174766406416893
2015-09-06,31.5,76.75,0.4763944447040558
2015-09-06,31.5,77.0,0.0
2015-09-06,31.5,77.25,0.0
2015-09-06,31.5,77.5,0.0
2015-09-06,31.75,76.5,0.9704357981681824
2015-09-06,31.75,76.75,0.0
2015-09-06,31.75,77.0,0.0
2015-09-06,31.75,77.25,0.0
2015-09-06,31.75,77.5,0.0
2015-09-06,32.0,76.5,2.7698776721954346
2015-09-06,32.0,76.75,0.0
2015-09-06,32.0,77.0,0.0
2015-09-06,32.0,77.25,0.0
2015-09-06,32.0,77.5,0.0
2015-09-07,31.5,76.5,1.3547134399414062
2015-09-07,31.5,76.75,0.0
2015-09-07,31.5,77.0,0.0
2015-09-07,31.5,77.25,0.0
2015-09-07,31.5,77.5,0.0
2015-09-07,31.75,76.5,3.976426124572754
2015-09-07,31.75,76.75,0.31310978531837463
2015-09-07,31.75,77.0,0.0
2015-09-07,31.75,77.25,0.0
2015-09-07,31.75,77.5,0.0
2015-09-07,32.0,76.5,4.777881145477295
2015-09-07,32.0,76.75,5.233774185180664
2015-09-07,32.0,77.0,0.0
2015-09-07,32.0,77.25,0.0
2015-09-07,32.0,77.5,0.0
2015-09-08,31.5,76.5,0.0
2015-09-08,31.5,76.75,0.0
2015-09-08,31.5,77.0,0.0
2015-09-08,31.5,77.25,0.0
2015-09-08,31.5,77.5,0.0
2015-09-08,31.75,76.5,0.0
2015-09-08,31.75,76.75,0.0
2015-09-08,31.75,77.0,0.0
2015-09-08,31.75,77.25,0.0
2015-09-08,31.75,77.5,0.0
2015-09-08,32.0,76.5,0.0
2015-09-08,32.0,76.75,0.0
2015-09-08,32.0,77.0,0.0
2015-09-08,32.0,77.25,0.0
2015-09-08,32.0,77.5,0.0
2015-09-09,31.5,76.5,0.0
2015-09-09,31.5,76.75,0.0
2015-09-09,31.5,77.0,0.0
2015-09-09,31.5,77.25,0.0
2015-09-09,31.5,77.5,0.0
2015-09-09,31.75,76.5,0.0
2015-09-09,31.75,76.75,0.0
2015-09-09,31.75,77.0,0.0
2015-09-09,31.75,77.25,0.0
2015-09-09,31.75,77.5,0.0
2015-09-09,32.0,76.5,0.0
2015-09-09,32.0,76.75,0.0
2015-09-09,32.0,77.0,0.0
2015-09-09,32.0,77.25,0.0
2015-09-09,32.0,77.5,0.0
2015-09-10,31.5,76.5,0.0
2015-09-10,31.5,76.75,0.0
2015-09-10,31.5,77.0,0.0
2015-09-10,31.5,77.25,0.0
2015-09-10,31.5,77.5,0.0
2015-09-10,31.75,76.5,0.0
2015-09-10,31.75,76.75,0.0
2015-09-10,31.75,77.0,0.0
2015-09-10,31.75,77.25,0.0
2015-09-10,31.75,77.5,0.0
2015-09-10,32.0,76.5,0.0
2015-09-10,32.0,76.75,0.0
2015-09-10,32.0,77.0,0.0
2015-09-10,32.0,77.25,0.0
2015-09-10,32.0,77.5,0.0
2015-09-11,31.5,76.5,0.0
2015-09-11,31.5,76.75,0.0
2015-09-11,31.5,77.0,0.0
2015-09-11,31.5,77.25,0.0
2015-09-11,31.5,77.5,0.0
2015-09-11,31.75,76.5,0.0
2015-09-11,31.75,76.75,0.0
2015-09-11,31.75,77.0,0.0
2015-09-11,31.75,77.25,0.0
2015-09-11,31.75,77.5,0.0
2015-09-11,32.0,76.5,0.0
2015-09-11,32.0,76.75,0.0
2015-09-11,32.0,77.0,0.0
2015-09-11,32.0,77.25,0.0
2015-09-11,32.0,77.5,0.0
2015-09-12,31.5,76.5,0.0
2015-09-12,31.5,76.75,0.0
2015-09-12,31.5,77.0,0.0
2015-09-12,31.5,77.25,0.0
2015-09-12,31.5,77.5,0.0
2015-09-12,31.75,76.5,0.0
2015-09-12,31.75,76.75,0.0
2015-09-12,31.75,77.0,0.0
2015-09-12,31.75,77.25,0.0
2015-09-12,31.75,77.5,0.0
2015-09-12,32.0,76.5,0.0
2015-09-12,32.0,76.75,0.0
2015-09-12,32.0,77.0,0.0
2015-09-12,32.0,77.25,0.0
2015-09-12,32.0,77.5,0.0
2015-09-13,31.5,76.5,0.0
2015-09-13,31.5,76.75,0.0
2015-09-13,31.5,77.0,0.0
2015-09-13,31.5,77.25,0.0
2015-09-13,31.5,77.5,0.0
2015-09-13,31.75,76.5,0.0
2015-09-13,31.75,76.75,0.0
2015-09-13,31.75,77.0,0.0
2015-09-13,31.75,77.25,0.0
2015-09-13,31.75,77.5,0.0
2015-09-13,32.0,76.5,0.0
2015-09-13,32.0,76.75,0.0
2015-09-13,32.0,77.0,0.0
2015-09-13,32.0,77.25,0.0
2015-09-13,32.0,77.5,0.0
2015-09-14,31.5,76.5,0.0
2015-09-14,31.5,76.75,0.0
2015-09-14,31.5,77.0,0.0
2015-09-14,31.5,77.25,0.0
2015-09-14,31.5,77.5,0.0
2015-09-14,31.75,76.5,3.482398509979248
2015-09-14,31.75,76.75,0.41095659136772156
2015-09-14,31.75,77.0,0.0
2015-09-14,31.75,77.25,0.0
2015-09-14,31.75,77.5,0.0
2015-09-14,32.0,76.5,6.270968914031982
2015-09-14,32.0,76.75,6.869328498840332
2015-09-14,32.0,77.0,0.0
2015-09-14,32.0,77.25,0.0
2015-09-14,32.0,77.5,0.0
2015-09-15,31.5,76.5,0.0
2015-09-15,31.5,76.75,0.0
2015-09-15,31.5,77.0,0.0
2015-09-15,31.5,77.25,0.0
2015-09-15,31.5,77.5,0.0
2015-09-15,31.75,76.5,3.71797251701355
2015-09-15,31.75,76.75,0.5283727645874023
2015-09-15,31.75,77.0,0.0
2015-09-15,31.75,77.25,0.0
2015-09-15,31.75,77.5,0.0
2015-09-15,32.0,76.5,8.062674522399902
2015-09-15,32.0,76.75,8.83199405670166
2015-09-15,32.0,77.0,0.0
2015-09-15,32.0,77.25,0.0
2015-09-15,32.0,77.5,0.0
2015-09-16,31.5,76.5,0.6096210479736328
2015-09-16,31.5,76.75,0.0
2015-09-16,31.5,77.0,0.0
2015-09-16,31.5,77.25,0.0
2015-09-16,31.5,77.5,0.0
2015-09-16,31.75,76.5,3.615391731262207
2015-09-16,31.75,76.75,0.31310978531837463
2015-09-16,31.75,77.0,0.0
2015-09-16,31.75,77.25,0.0
2015-09-16,31.75,77.5,0.0
2015-09-16,32.0,76.5,5.1577582359313965
2015-09-16,32.0,76.75,5.233774185180664
2015-09-16,32.0,77.0,0.0
2015-09-16,32.0,77.25,0.0
2015-09-16,32.0,77.5,0.0
2015-09-17,31.5,76.5,13.664000511169434
2015-09-17,31.5,76.75,0.547901451587677
2015-09-17,31.5,77.0,0.9611238837242126
2015-09-17,31.5,77.25,1.0746338367462158
2015-09-17,31.5,77.5,1.7276123762130737
2015-09-17,31.75,76.5,16.069934844970703
2015-09-17,31.75,76.75,3.7321536540985107
2015-09-17,31.75,77.0,2.566509485244751
2015-09-17,31.75,77.25,1.4949607849121094
2015-09-17,31.75,77.5,1.636080265045166
2015-09-17,32.0,76.5,0.1318989396095276
2015-09-17,32.0,76.75,1.186198115348816
2015-09-17,32.0,77.0,4.231098175048828
2015-09-17,32.0,77.25,4.1693620681762695
2015-09-17,32.0,77.5,3.279024124145508
2015-09-18,31.5,76.5,0.0
2015-09-18,31.5,76.75,0.0
2015-09-18,31.5,77.0,0.0
2015-09-18,31.5,77.25,0.0
2015-09-18,31.5,77.5,0.0
2015-09-18,31.75,76.5,0.0
2015-09-18,31.75,76.75,0.0
2015-09-18,31.75,77.0,0.0
2015-09-18,31.75,77.25,0.0
2015-09-18,31.75,77.5,0.0
2015-09-18,32.0,76.5,0.0
2015-09-18,32.0,76.75,0.0
2015-09-18,32.0,77.0,0.0
2015-09-18,32.0,77.25,0.0
2015-09-18,32.0,77.5,0.0
2015-09-19,31.5,76.5,0.9082304239273071
2015-09-19,31.5,76.75,0.3041582703590393
2015-09-19,31.5,77.0,0.0
2015-09-19,31.5,77.25,0.0
2015-09-19,31.5,77.5,0.5990951657295227
2015-09-19,31.75,76.5,1.6058311462402344
2015-09-19,31.75,76.75,0.23658864200115204
2015-09-19,31.75,77.0,0.5136615037918091
2015-09-19,31.75,77.25,0.14866681396961212
2015-09-19,31.75,77.5,0.2795969843864441
2015-09-19,32.0,76.5,0.8427478671073914
2015-09-19,32.0,76.75,0.799569308757782
2015-09-19,32.0,77.0,0.33219102025032043
2015-09-19,32.0,77.25,0.26314646005630493
2015-09-19,32.0,77.5,0.12258436530828476
2015-09-20,31.5,76.5,4.460733890533447
2015-09-20,31.5,76.75,5.507684230804443
2015-09-20,31.5,77.0,28.766950607299805
2015-09-20,31.5,77.25,29.13426971435547
2015-09-20,31.5,77.5,19.671445846557617
2015-09-20,31.75,76.5,3.3911688327789307
2015-09-20,31.75,76.75,3.2429585456848145
2015-09-20,31.75,77.0,5.782093524932861
2015-09-20,31.75,77.25,24.555889129638672
2015-09-20,31.75,77.5,22.806438446044922
2015-09-20,32.0,76.5,5.345227241516113
2015-09-20,32.0,76.75,6.865787982940674
2015-09-20,32.0,77.0,8.333008766174316
2015-09-20,32.0,77.25,13.196525573730469
2015-09-20,32.0,77.5,19.830284118652344
2015-09-21,31.5,76.5,5.699539661407471
2015-09-21,31.5,76.75,6.341601848602295
2015-09-21,31.5,77.0,15.776688575744629
2015-09-21,31.5,77.25,20.49874496459961
2015-09-21,31.5,77.5,14.77737808227539
2015-09-21,31.75,76.5,5.988296031951904
2015-09-21,31.75,76.75,3.525347948074341
2015-09-21,31.75,77.0,6.026268005371094
2015-09-21,31.75,77.25,16.6396541595459
2015-09-21,31.75,77.5,14.615859985351562
2015-09-21,32.0,76.5,6.875616073608398
2015-09-21,32.0,76.75,7.7595624923706055
2015-09-21,32.0,77.0,8.44028091430664
2015-09-21,32.0,77.25,11.574997901916504
2015-09-21,32.0,77.5,14.271039962768555
2015-09-22,31.5,76.5,0.0
2015-09-22,31.5,76.75,0.0
2015-09-22,31.5,77.0,0.0
2015-09-22,31.5,77.25,0.0
2015-09-22,31.5,77.5,1.0378081798553467
2015-09-22,31.75,76.5,0.0
2015-09-22,31.75,76.75,0.0
2015-09-22,31.75,77.0,0.14605548977851868
2015-09-22,31.75,77.25,0.0
2015-09-22,31.75,77.5,0.3325432240962982
2015-09-22,32.0,76.5,0.0
2015-09-22,32.0,76.75,0.0
2015-09-22,32.0,77.0,0.1036258414387703
2015-09-22,32.0,77.25,0.0
2015-09-22,32.0,77.5,0.0
2015-09-23,31.5,76.5,23.427364349365234
2015-09-23,31.5,76.75,9.606233596801758
2015-09-23,31.5,77.0,7.876147270202637
2015-09-23,31.5,77.25,9.044089317321777
2015-09-23,31.5,77.5,8.89195442199707
2015-09-23,31.75,76.5,16.96157455444336
2015-09-23,31.75,76.75,14.56485366821289
2015-09-23,31.75,77.0,17.23650550842285
2015-09-23,31.75,77.25,11.041558265686035
2015-09-23,31.75,77.5,11.184771537780762
2015-09-23,32.0,76.5,19.340261459350586
2015-09-23,32.0,76.75,20.74681854248047
2015-09-23,32.0,77.0,31.386661529541016
2015-09-23,32.0,77.25,31.332914352416992
2015-09-23,32.0,77.5,26.06404685974121
2015-09-24,31.5,76.5,3.6251957416534424
2015-09-24,31.5,76.75,4.228914260864258
2015-09-24,31.5,77.0,0.15251168608665466
2015-09-24,31.5,77.25,1.594473123550415
2015-09-24,31.5,77.5,1.4171239137649536
2015-09-24,31.75,76.5,10.742532730102539
2015-09-24,31.75,76.75,1.5523767471313477
2015-09-24,31.75,77.0,11.25120735168457
2015-09-24,31.75,77.25,4.013647556304932
2015-09-24,31.75,77.5,4.389801502227783
2015-09-24,32.0,76.5,18.315120697021484
2015-09-24,32.0,76.75,14.793790817260742
2015-09-24,32.0,77.0,9.635297775268555
2015-09-24,32.0,77.25,7.608226299285889
2015-09-24,32.0,77.5,5.8664398193359375
2015-09-25,31.5,76.5,0.0
2015-09-25,31.5,76.75,0.0
2015-09-25,31.5,77.0,0.0
2015-09-25,31.5,77.25,0.0
2015-09-25,31.5,77.5,0.0
2015-09-25,31.75,76.5,0.0
2015-09-25,31.75,76.75,0.0
2015-09-25,31.75,77.0,0.0
2015-09-25,31.75,77.25,0.0
2015-09-25,31.75,77.5,0.0
2015-09-25,32.0,76.5,0.0
2015-09-25,32.0,76.75,0.0
2015-09-25,32.0,77.0,0.0
2015-09-25,32.0,77.25,0.0
2015-09-25,32.0,77.5,0.0
2015-09-26,31.5,76.5,0.19621874392032623
2015-09-26,31.5,76.75,0.4763944447040558
2015-09-26,31.5,77.0,0.0
2015-09-26,31.5,77.25,0.0
2015-09-26,31.5,77.5,1.730294942855835
2015-09-26,31.75,76.5,3.71797251701355
2015-09-26,31.75,76.75,0.58025062084198
2015-09-26,31.75,77.0,0.0
2015-09-26,31.75,77.25,0.0
2015-09-26,31.75,77.5,0.0
2015-09-26,32.0,76.5,8.282505989074707
2015-09-26,32.0,76.75,8.83199405670166
2015-09-26,32.0,77.0,0.0
2015-09-26,32.0,77.25,0.0
2015-09-26,32.0,77.5,0.0
2015-09-27,31.5,76.5,1.765968680381775
2015-09-27,31.5,76.75,4.503029823303223
2015-09-27,31.5,77.0,0.6411350965499878
2015-09-27,31.5,77.25,4.961549282073975
2015-09-27,31.5,77.5,3.6574904918670654
2015-09-27,31.75,76.5,8.274791717529297
2015-09-27,31.75,76.75,4.208767890930176
2015-09-27,31.75,77.0,3.3080246448516846
2015-09-27,31.75,77.25,5.1977667808532715
2015-09-27,31.75,77.5,3.484441041946411
2015-09-27,32.0,76.5,11.30990219116211
2015-09-27,32.0,76.75,11.190985679626465
2015-09-27,32.0,77.0,6.179479598999023
2015-09-27,32.0,77.25,7.4558329582214355
2015-09-27,32.0,77.5,6.39567232131958
2015-09-28,31.5,76.5,0.0
2015-09-28,31.5,76.75,0.0
2015-09-28,31.5,77.0,0.0
2015-09-28,31.5,77.25,0.0
2015-09-28,31.5,77.5,0.609322726726532
2015-09-28,31.75,76.5,0.0
2015-09-28,31.75,76.75,0.0
2015-09-28,31.75,77.0,0.0
2015-09-28,31.75,77.25,0.0
2015-09-28,31.75,77.5,0.0
2015-09-28,32.0,76.5,0.0
2015-09-28,32.0,76.75,0.0
2015-09-28,32.0,77.0,0.0
2015-09-28,32.0,77.25,0.0
2015-09-28,32.0,77.5,0.0
2015-09-29,31.5,76.5,0.0
2015-09-29,31.5,76.75,0.0
2015-09-29,31.5,77.0,0.0
2015-09-29,31.5,77.25,0.0
2015-09-29,31.5,77.5,0.0
2015-09-29,31.75,76.5,0.0
2015-09-29,31.75,76.75,0.0
2015-09-29,31.75,77.0,0.0
2015-09-29,31.75,77.25,0.0
2015-09-29,31.75,77.5,0.0
2015-09-29,32.0,76.5,0.0
2015-09-29,32.0,76.75,0.0
2015-09-29,32.0,77.0,0.0
2015-09-29,32.0,77.25,0.0
2015-09-29,32.0,77.5,0.0
2015-09-30,31.5,76.5,0.0
2015-09-30,31.5,76.75,0.0
2015-09-30,31.5,77.0,0.0
2015-09-30,31.5,77.25,0.0
2015-09-30,31.5,77.5,0.0
2015-09-30,31.75,76.5,0.0
2015-09-30,31.75,76.75,0.0
2015-09-30,31.75,77.0,0.0
2015-09-30,31.75,77.25,0.0
2015-09-30,31.75,77.5,0.0
2015-09-30,32.0,76.5,0.0
2015-09-30,32.0,76.75,0.0
2015-09-30,32.0,77.0,0.0
2015-09-30,32.0,77.25,0.0
2015-09-30,32.0,77.5,0.0
2015-10-01,31.5,76.5,0.0
2015-10-01,31.5,76.75,0.0
2015-10-01,31.5,77.0,0.0
2015-10-01,31.5,77.25,0.0
2015-10-01,31.5,77.5,0.0
2015-10-01,31.75,76.5,0.0
2015-10-01,31.75,76.75,0.0
2015-10-01,31.75,77.0,0.0
2015-10-01,31.75,77.25,0.0
2015-10-01,31.75,77.5,0.0
2015-10-01,32.0,76.5,0.0
2015-10-01,32.0,76.75,0.0
2015-10-01,32.0,77.0,0.0
2015-10-01,32.0,77.25,0.0
2015-10-01,32.0,77.5,0.0
2015-10-02,31.5,76.5,0.0
2015-10-02,31.5,76.75,0.0
2015-10-02,31.5,77.0,0.0
2015-10-02,31.5,77.25,0.0
2015-10-02,31.5,77.5,0.0
2015-10-02,31.75,76.5,0.0
2015-10-02,31.75,76.75,0.0
2015-10-02,31.75,77.0,0.0
2015-10-02,31.75,77.25,0.0
2015-10-02,31.75,77.5,0.0
2015-10-02,32.0,76.5,0.0
2015-10-02,32.0,76.75,0.0
2015-10-02,32.0,77.0,0.0
2015-10-02,32.0,77.25,0.0
2015-10-02,32.0,77.5,0.0
2015-10-03,31.5,76.5,0.0
2015-10-03,31.5,76.75,0.0
2015-10-03,31.5,77.0,0.0
2015-10-03,31.5,77.25,0.0
2015-10-03,31.5,77.5,0.0
2015-10-03,31.75,76.5,0.0
2015-10-03,31.75,76.75,0.0
2015-10-03,31.75,77.0,0.0
2015-10-03,31.75,77.25,0.0
2015-10-03,31.75,77.5,0.0
2015-10-03,32.0,76.5,0.0
2015-10-03,32.0,76.75,0.0
2015-10-03,32.0,77.0,0.0
2015-10-03,32.0,77.25,0.0
2015-10-03,32.0,77.5,0.0
2015-10-04,31.5,76.5,0.0
2015-10-04,31.5,76.75,0.0
2015-10-04,31.5,77.0,0.0
2015-10-04,31.5,77.25,0.0
2015-10-04,31.5,77.5,0.0
2015-10-04,31.75,76.5,0.0
2015-10-04,31.75,76.75,0.0
2015-10-04,31.75,77.0,0.0
2015-10-04,31.75,77.25,0.0
2015-10-04,31.75,77.5,0.0
2015-10-04,32.0,76.5,0.0
2015-10-04,32.0,76.75,0.0
2015-10-04,32.0,77.0,0.0
2015-10-04,32.0,77.25,0.0
2015-10-04,32.0,77.5,0.0
2015-10-05,31.5,76.5,0.0
2015-10-05,31.5,76.75,0.0
2015-10-05,31.5,77.0,0.0
2015-10-05,31.5,77.25,0.0
2015-10-05,31.5,77.5,0.0
2015-10-05,31.75,76.5,0.0
2015-10-05,31.75,76.75,0.0
2015-10-05,31.75,77.0,0.0
2015-10-05,31.75,77.25,0.0
2015-10-05,31.75,77.5,0.0
2015-10-05,32.0,76.5,0.0
2015-10-05,32.0,76.75,0.0
2015-10-05,32.0,77.0,0.0
2015-10-05,32.0,77.25,0.0
2015-10-05,32.0,77.5,0.0
2015-10-06,31.5,76.5,0.0
2015-10-06,31.5,76.75,0.0
2015-10-06,31.5,77.0,0.0
2015-10-06,31.5,77.25,0.0
2015-10-06,31.5,77.5,0.0
2015-10-06,31.75,76.5,0.0
2015-10-06,31.75,76.75,0.0
2015-10-06,31.75,77.0,0.0
2015-10-06,31.75,77.25,0.0
2015-10-06,31.75,77.5,0.0
2015-10-06,32.0,76.5,0.0
2015-10-06,32.0,76.75,0.0
2015-10-06,32.0,77.0,0.0
2015-10-06,32.0,77.25,0.0
2015-10-06,32.0,77.5,0.0
2015-10-07,31.5,76.5,0.0
2015-10-07,31.5,76.75,0.0
2015-10-07,31.5,77.0,0.0
2015-10-07,31.5,77.25,0.0
2015-10-07,31.5,77.5,0.0
2015-10-07,31.75,76.5,0.0
2015-10-07,31.75,76.75,0.0
2015-10-07,31.75,77.0,0.0
2015-10-07,31.75,77.25,0.0
2015-10-07,31.75,77.5,0.0
2015-10-07,32.0,76.5,0.0
2015-10-07,32.0,76.75,0.0
2015-10-07,32.0,77.0,0.0
2015-10-07,32.0,77.25,0.0
2015-10-07,32.0,77.5,0.0
2015-10-08,31.5,76.5,0.0
2015-10-08,31.5,76.75,0.0
2015-10-08,31.5,77.0,0.0
2015-10-08,31.5,77.25,0.0
2015-10-08,31.5,77.5,0.0
2015-10-08,31.75,76.5,0.0
2015-10-08,31.75,76.75,0.0
2015-10-08,31.75,77.0,0.0
2015-10-08,31.75,77.25,0.0
2015-10-08,31.75,77.5,0.0
2015-10-08,32.0,76.5,0.0
2015-10-08,32.0,76.75,0.0
2015-10-08,32.0,77.0,0.0
2015-10-08,32.0,77.25,0.0
2015-10-08,32.0,77.5,0.0
2015-10-09,31.5,76.5,0.0
2015-10-09,31.5,76.75,0.0
2015-10-09,31.5,77.0,0.0
2015-10-09,31.5,77.25,0.0
2015-10-09,31.5,77.5,0.0
2015-10-09,31.75,76.5,0.0
2015-10-09,31.75,76.75,0.0
2015-10-09,31.75,77.0,0.0
2015-10-09,31.75,77.25,0.0
2015-10-09,31.75,77.5,0.0
2015-10-09,32.0,76.5,0.0
2015-10-09,32.0,76.75,0.0
2015-10-09,32.0,77.0,0.0
2015-10-09,32.0,77.25,0.0
2015-10-09,32.0,77.5,0.0
2015-10-10,31.5,76.5,0.0
2015-10-10,31.5,76.75,0.0
2015-10-10,31.5,77.0,0.0
2015-10-10,31.5,77.25,0.0
2015-10-10,31.5,77.5,0.0
2015-10-10,31.75,76.5,0.0
2015-10-10,31.75,76.75,0.0
2015-10-10,31.75,77.0,0.0
2015-10-10,31.75,77.25,0.0
2015-10-10,31.75,77.5,0.0
2015-10-10,32.0,76.5,0.0
2015-10-10,32.0,76.75,0.0
2015-10-10,32.0,77.0,0.0
2015-10-10,32.0,77.25,0.0
2015-10-10,32.0,77.5,0.0
2015-10-11,31.5,76.5,0.0
2015-10-11,31.5,76.75,0.0
2015-10-11,31.5,77.0,0.0
2015-10-11,31.5,77.25,0.0
2015-10-11,31.5,77.5,0.0
2015-10-11,31.75,76.5,0.0
2015-10-11,31.75,76.75,0.0
2015-10-11,31.75,77.0,0.0
2015-10-11,31.75,77.25,0.0
2015-10-11,31.75,77.5,0.0
2015-10-11,32.0,76.5,0.0
2015-10-11,32.0,76.75,0.0
2015-10-11,32.0,77.0,0.0
2015-10-11,32.0,77.25,0.0
2015-10-11,32.0,77.5,0.0
2015-10-12,31.5,76.5,0.0
2015-10-12,31.5,76.75,0.0
2015-10-12,31.5,77.0,0.0
2015-10-12,31.5,77.25,0.0
2015-10-12,31.5,77.5,0.0
2015-10-12,31.75,76.5,0.0
2015-10-12,31.75,76.75,0.0
2015-10-12,31.75,77.0,0.0
2015-10-12,31.75,77.25,0.0
2015-10-12,31.75,77.5,0.0
2015-10-12,32.0,76.5,0.0
2015-10-12,32.0,76.75,0.0
2015-10-12,32.0,77.0,0.0
2015-10-12,32.0,77.25,0.0
2015-10-12,32.0,77.5,0.0
2015-10-13,31.5,76.5,0.0
2015-10-13,31.5,76.75,0.0
2015-10-13,31.5,77.0,0.0
2015-10-13,31.5,77.25,0.0
2015-10-13,31.5,77.5,0.0
2015-10-13,31.75,76.5,0.0
2015-10-13,31.75,76.75,0.0
2015-10-13,31.75,77.0,0.0
2015-10-13,31.75,77.25,0.0
2015-10-13,31.75,77.5,0.0
2015-10-13,32.0,76.5,0.0
2015-10-13,32.0,76.75,0.0
2015-10-13,32.0,77.0,0.0
2015-10-13,32.0,77.25,0.0
2015-10-13,32.0,77.5,0.0
2015-10-14,31.5,76.5,0.0
2015-10-14,31.5,76.75,0.0
2015-10-14,31.5,77.0,0.0
2015-10-14,31.5,77.25,0.0
2015-10-14,31.5,77.5,0.0
2015-10-14,31.75,76.5,1.6524322032928467
2015-10-14,31.75,76.75,0.23483234643936157
2015-10-14,31.75,77.0,0.0
2015-10-14,31.75,77.25,0.0
2015-10-14,31.75,77.5,0.0
2015-10-14,32.0,76.5,3.7153096199035645
2015-10-14,32.0,76.75,3.925330877304077
2015-10-14,32.0,77.0,0.0
2015-10-14,32.0,77.25,0.0
2015-10-14,32.0,77.5,0.0
2015-10-15,31.5,76.5,9.830400466918945
2015-10-15,31.5,76.75,13.77881145477295
2015-10-15,31.5,77.0,7.487621784210205
2015-10-15,31.5,77.25,3.6039083003997803
2015-10-15,31.5,77.5,2.9559166431427
2015-10-15,31.75,76.5,9.114583015441895
2015-10-15,31.75,76.75,14.17728328704834
2015-10-15,31.75,77.0,7.67861270904541
2015-10-15,31.75,77.25,4.891873836517334
2015-10-15,31.75,77.5,4.654417514801025
2015-10-15,32.0,76.5,10.001996040344238
2015-10-15,32.0,76.75,11.686857223510742
2015-10-15,32.0,77.0,7.904923439025879
2015-10-15,32.0,77.25,7.242850303649902
2015-10-15,32.0,77.5,6.134072303771973
2015-10-16,31.5,76.5,0.0
2015-10-16,31.5,76.75,0.0
2015-10-16,31.5,77.0,0.0
2015-10-16,31.5,77.25,0.0
2015-10-16,31.5,77.5,0.0
2015-10-16,31.75,76.5,0.0
2015-10-16,31.75,76.75,0.0
2015-10-16,31.75,77.0,0.0
2015-10-16,31.75,77.25,0.0
2015-10-16,31.75,77.5,0.0
2015-10-16,32.0,76.5,0.0
2015-10-16,32.0,76.75,0.0
2015-10-16,32.0,77.0,0.0
2015-10-16,32.0,77.25,0.0
2015-10-16,32.0,77.5,0.0
2015-10-17,31.5,76.5,0.0
2015-10-17,31.5,76.75,0.0
2015-10-17,31.5,77.0,0.0
2015-10-17,31.5,77.25,0.0
2015-10-17,31.5,77.5,0.0
2015-10-17,31.75,76.5,0.0
2015-10-17,31.75,76.75,0.0
2015-10-17,31.75,77.0,0.0
2015-10-17,31.75,77.25,0.0
2015-10-17,31.75,77.5,0.0
2015-10-17,32.0,76.5,0.0
2015-10-17,32.0,76.75,0.0
2015-10-17,32.0,77.0,0.0
2015-10-17,32.0,77.25,0.0
2015-10-17,32.0,77.5,0.0
2015-10-18,31.5,76.5,0.0
2015-10-18,31.5,76.75,0.0
2015-10-18,31.5,77.0,0.0
2015-10-18,31.5,77.25,0.0
2015-10-18,31.5,77.5,0.0
2015-10-18,31.75,76.5,0.0
2015-10-18,31.75,76.75,0.0
2015-10-18,31.75,77.0,0.0
2015-10-18,31.75,77.25,0.0
2015-10-18,31.75,77.5,0.0
2015-10-18,32.0,76.5,0.0
2015-10-18,32.0,76.75,0.0
2015-10-18,32.0,77.0,0.0
2015-10-18,32.0,77.25,0.0
2015-10-18,32.0,77.5,0.0
2015-10-19,31.5,76.5,0.0
2015-10-19,31.5,76.75,0.0
2015-10-19,31.5,77.0,0.0
2015-10-19,31.5,77.25,0.0
2015-10-19,31.5,77.5,0.0
2015-10-19,31.75,76.5,0.0
2015-10-19,31.75,76.75,0.0
2015-10-19,31.75,77.0,0.0
2015-10-19,31.75,77.25,0.0
2015-10-19,31.75,77.5,0.0
2015-10-19,32.0,76.5,0.0
2015-10-19,32.0,76.75,0.0
2015-10-19,32.0,77.0,0.0
2015-10-19,32.0,77.25,0.0
2015-10-19,32.0,77.5,0.0
2015-10-20,31.5,76.5,0.0
2015-10-20,31.5,76.75,0.4632966220378876
2015-10-20,31.5,77.0,0.8139145970344543
2015-10-20,31.5,77.25,1.0746338367462158
2015-10-20,31.5,77.5,0.6857794523239136
2015-10-20,31.75,76.5,0.2754053771495819
2015-10-20,31.75,76.75,8.308364868164062
2015-10-20,31.75,77.0,4.457772731781006
2015-10-20,31.75,77.25,1.7141661643981934
2015-10-20,31.75,77.5,1.7448899745941162
2015-10-20,32.0,76.5,0.6851677298545837
2015-10-20,32.0,76.75,2.90144681930542
2015-10-20,32.0,77.0,6.1392822265625
2015-10-20,32.0,77.25,5.235074996948242
2015-10-20,32.0,77.5,4.237429618835449
2015-10-21,31.5,76.5,0.0
2015-10-21,31.5,76.75,0.0
2015-10-21,31.5,77.0,0.0
2015-10-21,31.5,77.25,0.0
2015-10-21,31.5,77.5,0.0
2015-10-21,31.75,76.5,0.0
2015-10-21,31.75,76.75,0.0
2015-10-21,31.75,77.0,0.0
2015-10-21,31.75,77.25,0.0
2015-10-21,31.75,77.5,0.0
2015-10-21,32.0,76.5,0.0
2015-10-21,32.0,76.75,0.0
2015-10-21,32.0,77.0,0.0
2015-10-21,32.0,77.25,0.0
2015-10-21,32.0,77.5,0.0
2015-10-22,31.5,76.5,0.0
2015-10-22,31.5,76.75,0.0
2015-10-22,31.5,77.0,0.0
2015-10-22,31.5,77.25,0.0
2015-10-22,31.5,77.5,0.0
2015-10-22,31.75,76.5,0.0
2015-10-22,31.75,76.75,0.0
2015-10-22,31.75,77.0,0.0
2015-10-22,31.75,77.25,0.0
2015-10-22,31.75,77.5,0.0
2015-10-22,32.0,76.5,0.0
2015-10-22,32.0,76.75,0.0
2015-10-22,32.0,77.0,0.0
2015-10-22,32.0,77.25,0.0
2015-10-22,32.0,77.5,0.0
2015-10-23,31.5,76.5,0.0
2015-10-23,31.5,76.75,0.0
2015-10-23,31.5,77.0,0.0
2015-10-23,31.5,77.25,0.0
2015-10-23,31.5,77.5,0.0
2015-10-23,31.75,76.5,0.0
2015-10-23,31.75,76.75,0.0
2015-10-23,31.75,77.0,0.0
2015-10-23,31.75,77.25,0.0
2015-10-23,31.75,77.5,0.0
2015-10-23,32.0,76.5,0.0
2015-10-23,32.0,76.75,0.0
2015-10-23,32.0,77.0,0.0
2015-10-23,32.0,77.25,0.0
2015-10-23,32.0,77.5,0.0
2015-10-24,31.5,76.5,0.0
2015-10-24,31.5,76.75,0.0
2015-10-24,31.5,77.0,0.0
2015-10-24,31.5,77.25,0.0
2015-10-24,31.5,77.5,0.0
2015-10-24,31.75,76.5,0.0
2015-10-24,31.75,76.75,0.0
2015-10-24,31.75,77.0,0.0
2015-10-24,31.75,77.25,0.0
2015-10-24,31.75,77.5,0.0
2015-10-24,32.0,76.5,0.0
2015-10-24,32.0,76.75,0.0
2015-10-24,32.0,77.0,0.0
2015-10-24,32.0,77.25,0.0
2015-10-24,32.0,77.5,0.0
2015-10-25,31.5,76.5,0.0
2015-10-25,31.5,76.75,0.0
2015-10-25,31.5,77.0,0.0
2015-10-25,31.5,77.25,0.0
2015-10-25,31.5,77.5,0.0
2015-10-25,31.75,76.5,0.0
2015-10-25,31.75,76.75,0.0
2015-10-25,31.75,77.0,0.0
2015-10-25,31.75,77.25,0.0
2015-10-25,31.75,77.5,0.0
2015-10-25,32.0,76.5,0.0
2015-10-25,32.0,76.75,0.0
2015-10-25,32.0,77.0,0.0
2015-10-25,32.0,77.25,0.0
2015-10-25,32.0,77.5,0.0
2015-10-26,31.5,76.5,8.818305015563965
2015-10-26,31.5,76.75,7.4400153160095215
2015-10-26,31.5,77.0,3.2676122188568115
2015-10-26,31.5,77.25,2.277397394180298
2015-10-26,31.5,77.5,1.545644760131836
2015-10-26,31.75,76.5,10.192328453063965
2015-10-26,31.75,76.75,8.572530746459961
2015-10-26,31.75,77.0,4.333377838134766
2015-10-26,31.75,77.25,2.908329725265503
2015-10-26,31.75,77.5,2.2440781593322754
2015-10-26,32.0,76.5,13.348054885864258
2015-10-26,32.0,76.75,12.127562522888184
2015-10-26,32.0,77.0,5.064995288848877
2015-10-26,32.0,77.25,5.01963472366333
2015-10-26,32.0,77.5,3.822230577468872
2015-10-27,31.5,76.5,0.0
2015-10-27,31.5,76.75,0.0
2015-10-27,31.5,77.0,0.0
2015-10-27,31.5,77.25,0.0
2015-10-27,31.5,77.5,0.7209561467170715
2015-10-27,31.75,76.5,0.0
2015-10-27,31.75,76.75,0.0
2015-10-27,31.75,77.0,0.29211097955703735
2015-10-27,31.75,77.25,0.0
2015-10-27,31.75,77.5,0.0
2015-10-27,32.0,76.5,0.0
2015-10-27,32.0,76.75,0.0
2015-10-27,32.0,77.0,0.2072516828775406
2015-10-27,32.0,77.25,0.13660027086734772
2015-10-27,32.0,77.5,0.0
2015-10-28,31.5,76.5,0.0
2015-10-28,31.5,76.75,0.0
2015-10-28,31.5,77.0,0.0
2015-10-28,31.5,77.25,0.0
2015-10-28,31.5,77.5,0.0
2015-10-28,31.75,76.5,0.0
2015-10-28,31.75,76.75,0.0
2015-10-28,31.75,77.0,0.0
2015-10-28,31.75,77.25,0.0
2015-10-28,31.75,77.5,0.0
2015-10-28,32.0,76.5,0.0
2015-10-28,32.0,76.75,0.0
2015-10-28,32.0,77.0,0.0
2015-10-28,32.0,77.25,0.0
2015-10-28,32.0,77.5,0.0
2015-10-29,31.5,76.5,0.0
2015-10-29,31.5,76.75,0.0
2015-10-29,31.5,77.0,0.7341843247413635
2015-10-29,31.5,77.25,0.1663377434015274
2015-10-29,31.5,77.5,0.0
2015-10-29,31.75,76.5,0.0
2015-10-29,31.75,76.75,0.0
2015-10-29,31.75,77.0,0.0
2015-10-29,31.75,77.25,0.10641399025917053
2015-10-29,31.75,77.5,0.21790340542793274
2015-10-29,32.0,76.5,0.0
2015-10-29,32.0,76.75,0.0
2015-10-29,32.0,77.0,0.0
2015-10-29,32.0,77.25,0.0
2015-10-29,32.0,77.5,0.10934224724769592
2015-10-30,31.5,76.5,0.0
2015-10-30,31.5,76.75,0.0
2015-10-30,31.5,77.0,0.0
2015-10-30,31.5,77.25,0.0
2015-10-30,31.5,77.5,0.0
2015-10-30,31.75,76.5,0.0
2015-10-30,31.75,76.75,0.0
2015-10-30,31.75,77.0,0.0
2015-10-30,31.75,77.25,0.0
2015-10-30,31.75,77.5,0.0
2015-10-30,32.0,76.5,0.0
2015-10-30,32.0,76.75,0.0
2015-10-30,32.0,77.0,0.0
2015-10-30,32.0,77.25,0.0
2015-10-30,32.0,77.5,0.0
2015-10-31,31.5,76.5,0.0
2015-10-31,31.5,76.75,0.0
2015-10-31,31.5,77.0,0.0
2015-10-31,31.5,77.25,0.0
2015-10-31,31.5,77.5,0.0
2015-10-31,31.75,76.5,0.0
2015-10-31,31.75,76.75,0.0
2015-10-31,31.75,77.0,0.0
2015-10-31,31.75,77.25,0.0
2015-10-31,31.75,77.5,0.0
2015-10-31,32.0,76.5,0.0
2015-10-31,32.0,76.75,0.0
2015-10-31,32.0,77.0,0.0
2015-10-31,32.0,77.25,0.0
2015-10-31,32.0,77.5,0.0
2015-11-01,31.5,76.5,0.0
2015-11-01,31.5,76.75,0.0
2015-11-01,31.5,77.0,0.0
2015-11-01,31.5,77.25,0.0
2015-11-01,31.5,77.5,0.0
2015-11-01,31.75,76.5,0.0
2015-11-01,31.75,76.75,0.0
2015-11-01,31.75,77.0,0.0
2015-11-01,31.75,77.25,0.0
2015-11-01,31.75,77.5,0.0
2015-11-01,32.0,76.5,0.0
2015-11-01,32.0,76.75,0.0
2015-11-01,32.0,77.0,0.0
2015-11-01,32.0,77.25,0.0
2015-11-01,32.0,77.5,0.0
2015-11-02,31.5,76.5,0.0
2015-11-02,31.5,76.75,0.0
2015-11-02,31.5,77.0,0.0
2015-11-02,31.5,77.25,0.0
2015-11-02,31.5,77.5,0.0
2015-11-02,31.75,76.5,0.0
2015-11-02,31.75,76.75,0.0
2015-11-02,31.75,77.0,0.0
2015-11-02,31.75,77.25,0.0
2015-11-02,31.75,77.5,0.0
2015-11-02,32.0,76.5,0.0
2015-11-02,32.0,76.75,0.0
2015-11-02,32.0,77.0,0.0
2015-11-02,32.0,77.25,0.0
2015-11-02,32.0,77.5,0.0
2015-11-03,31.5,76.5,0.0
2015-11-03,31.5,76.75,0.0
2015-11-03,31.5,77.0,0.0
2015-11-03,31.5,77.25,0.0
2015-11-03,31.5,77.5,0.0
2015-11-03,31.75,76.5,0.0
2015-11-03,31.75,76.75,0.0
2015-11-03,31.75,77.0,0.0
2015-11-03,31.75,77.25,0.0
2015-11-03,31.75,77.5,0.0
2015-11-03,32.0,76.5,0.0
2015-11-03,32.0,76.75,0.0
2015-11-03,32.0,77.0,0.0
2015-11-03,32.0,77.25,0.0
2015-11-03,32.0,77.5,0.0
2015-11-04,31.5,76.5,0.0
2015-11-04,31.5,76.75,0.0
2015-11-04,31.5,77.0,0.0
2015-11-04,31.5,77.25,0.0
2015-11-04,31.5,77.5,0.0
2015-11-04,31.75,76.5,0.0
2015-11-04,31.75,76.75,0.0
2015-11-04,31.75,77.0,0.0
2015-11-04,31.75,77.25,0.0
2015-11-04,31.75,77.5,0.0
2015-11-04,32.0,76.5,0.0
2015-11-04,32.0,76.75,0.0
2015-11-04,32.0,77.0,0.0
2015-11-04,32.0,77.25,0.0
2015-11-04,32.0,77.5,0.0
2015-11-05,31.5,76.5,0.19621874392032623
2015-11-05,31.5,76.75,0.6544488072395325
2015-11-05,31.5,77.0,1.0875428915023804
2015-11-05,31.5,77.25,3.7485342025756836
2015-11-05,31.5,77.5,4.024007797241211
2015-11-05,31.75,76.5,3.280134677886963
2015-11-05,31.75,76.75,4.031754493713379
2015-11-05,31.75,77.0,5.424935817718506
2015-11-05,31.75,77.25,4.418863773345947
2015-11-05,31.75,77.5,3.9561893939971924
2015-11-05,32.0,76.5,5.163528919219971
2015-11-05,32.0,76.75,4.005134105682373
2015-11-05,32.0,77.0,9.196508407592773
2015-11-05,32.0,77.25,9.463790893554688
2015-11-05,32.0,77.5,7.961741924285889
2015-11-06,31.5,76.5,0.0
2015-11-06,31.5,76.75,0.0
2015-11-06,31.5,77.0,0.0
2015-11-06,31.5,77.25,0.0
2015-11-06,31.5,77.5,0.0
2015-11-06,31.75,76.5,0.0
2015-11-06,31.75,76.75,0.0
2015-11-06,31.75,77.0,0.0
2015-11-06,31.75,77.25,0.0
2015-11-06,31.75,77.5,0.0
2015-11-06,32.0,76.5,0.0
2015-11-06,32.0,76.75,0.0
2015-11-06,32.0,77.0,0.34342139959335327
2015-11-06,32.0,77.25,0.3895726501941681
2015-11-06,32.0,77.5,0.29931026697158813
2015-11-07,31.5,76.5,0.0
2015-11-07,31.5,76.75,0.0
2015-11-07,31.5,77.0,0.0
2015-11-07,31.5,77.25,0.0
2015-11-07,31.5,77.5,0.0
2015-11-07,31.75,76.5,0.0
2015-11-07,31.75,76.75,0.0
2015-11-07,31.75,77.0,0.0
2015-11-07,31.75,77.25,0.0
2015-11-07,31.75,77.5,0.0
2015-11-07,32.0,76.5,0.0
2015-11-07,32.0,76.75,0.0
2015-11-07,32.0,77.0,0.0
2015-11-07,32.0,77.25,0.0
2015-11-07,32.0,77.5,0.0
2015-11-08,31.5,76.5,0.0
2015-11-08,31.5,76.75,0.0
2015-11-08,31.5,77.0,0.0
2015-11-08,31.5,77.25,0.0
2015-11-08,31.5,77.5,0.0
2015-11-08,31.75,76.5,0.0
2015-11-08,31.75,76.75,0.0
2015-11-08,31.75,77.0,0.0
2015-11-08,31.75,77.25,0.0
2015-11-08,31.75,77.5,0.0
2015-11-08,32.0,76.5,0.0
2015-11-08,32.0,76.75,0.0
2015-11-08,32.0,77.0,0.0
2015-11-08,32.0,77.25,0.0
2015-11-08,32.0,77.5,0.0
2015-11-09,31.5,76.5,0.0
2015-11-09,31.5,76.75,0.0
2015-11-09,31.5,77.0,0.0
2015-11-09,31.5,77.25,0.0
2015-11-09,31.5,77.5,0.0
2015-11-09,31.75,76.5,0.0
2015-11-09,31.75,76.75,0.0
2015-11-09,31.75,77.0,0.0
2015-11-09,31.75,77.25,0.0
2015-11-09,31.75,77.5,0.0
2015-11-09,32.0,76.5,0.0
2015-11-09,32.0,76.75,0.0
2015-11-09,32.0,77.0,0.0
2015-11-09,32.0,77.25,0.0
2015-11-09,32.0,77.5,0.0
2015-11-10,31.5,76.5,0.0
2015-11-10,31.5,76.75,0.0
2015-11-10,31.5,77.0,0.0
2015-11-10,31.5,77.25,0.0
2015-11-10,31.5,77.5,0.0
2015-11-10,31.75,76.5,0.2754053771495819
2015-11-10,31.75,76.75,0.0
2015-11-10,31.75,77.0,0.0
2015-11-10,31.75,77.25,0.0
2015-11-10,31.75,77.5,0.0
2015-11-10,32.0,76.5,0.7291340827941895
2015-11-10,32.0,76.75,0.654221773147583
2015-11-10,32.0,77.0,0.0
2015-11-10,32.0,77.25,0.0
2015-11-10,32.0,77.5,0.0
2015-11-11,31.5,76.5,0.0
2015-11-11,31.5,76.75,0.0
2015-11-11,31.5,77.0,0.7758774161338806
2015-11-11,31.5,77.25,2.0049242973327637
2015-11-11,31.5,77.5,1.7736575603485107
2015-11-11,31.75,76.5,1.2997829914093018
2015-11-11,31.75,76.75,0.11741617321968079
2015-11-11,31.75,77.0,7.771035671234131
2015-11-11,31.75,77.25,3.5041332244873047
2015-11-11,31.75,77.5,3.8887133598327637
2015-11-11,32.0,76.5,2.4561307430267334
2015-11-11,32.0,76.75,3.284463405609131
2015-11-11,32.0,77.0,10.6434907913208
2015-11-11,32.0,77.25,9.887170791625977
2015-11-11,32.0,77.5,8.028614044189453
2015-11-12,31.5,76.5,0.0
2015-11-12,31.5,76.75,0.0
2015-11-12,31.5,77.0,0.0
2015-11-12,31.5,77.25,0.0
2015-11-12,31.5,77.5,0.0
2015-11-12,31.75,76.5,0.0
2015-11-12,31.75,76.75,0.0
2015-11-12,31.75,77.0,0.0
2015-11-12,31.75,77.25,0.0
2015-11-12,31.75,77.5,0.0
2015-11-12,32.0,76.5,0.0
2015-11-12,32.0,76.75,0.0
2015-11-12,32.0,77.0,0.0
2015-11-12,32.0,77.25,0.0
2015-11-12,32.0,77.5,0.0
2015-11-13,31.5,76.5,0.0
2015-11-13,31.5,76.75,0.0
2015-11-13,31.5,77.0,0.0
2015-11-13,31.5,77.25,0.0
2015-11-13,31.5,77.5,0.0
2015-11-13,31.75,76.5,0.0
2015-11-13,31.75,76.75,0.0
2015-11-13,31.75,77.0,0.0
2015-11-13,31.75,77.25,0.0
2015-11-13,31.75,77.5,0.0
2015-11-13,32.0,76.5,0.0
2015-11-13,32.0,76.75,0.0
2015-11-13,32.0,77.0,0.0
2015-11-13,32.0,77.25,0.0
2015-11-13,32.0,77.5,0.0
2015-11-14,31.5,76.5,0.0
2015-11-14,31.5,76.75,0.0
2015-11-14,31.5,77.0,0.0
2015-11-14,31.5,77.25,0.0
2015-11-14,31.5,77.5,0.0
2015-11-14,31.75,76.5,0.0
2015-11-14,31.75,76.75,0.0
2015-11-14,31.75,77.0,0.0
2015-11-14,31.75,77.25,0.0
2015-11-14,31.75,77.5,0.0
2015-11-14,32.0,76.5,0.0
2015-11-14,32.0,76.75,0.0
2015-11-14,32.0,77.0,0.0
2015-11-14,32.0,77.25,0.0
2015-11-14,32.0,77.5,0.0
2015-11-15,31.5,76.5,0.0
2015-11-15,31.5,76.75,0.0
2015-11-15,31.5,77.0,0.0
2015-11-15,31.5,77.25,0.0
2015-11-15,31.5,77.5,0.0
2015-11-15,31.75,76.5,0.0
2015-11-15,31.75,76.75,0.0
2015-11-15,31.75,77.0,0.0
2015-11-15,31.75,77.25,0.0
2015-11-15,31.75,77.5,0.0
2015-11-15,32.0,76.5,0.0
2015-11-15,32.0,76.75,0.0
2015-11-15,32.0,77.0,0.0
2015-11-15,32.0,77.25,0.0
2015-11-15,32.0,77.5,0.0
2015-11-16,31.5,76.5,0.0
2015-11-16,31.5,76.75,0.0
2015-11-16,31.5,77.0,0.0
2015-11-16,31.5,77.25,0.0
2015-11-16,31.5,77.5,0.0
2015-11-16,31.75,76.5,0.0
2015-11-16,31.75,76.75,0.0
2015-11-16,31.75,77.0,0.0
2015-11-16,31.75,77.25,0.0
2015-11-16,31.75,77.5,0.0
2015-11-16,32.0,76.5,0.0
2015-11-16,32.0,76.75,0.0
2015-11-16,32.0,77.0,0.0
2015-11-16,32.0,77.25,0.0
2015-11-16,32.0,77.5,0.0
2015-11-17,31.5,76.5,0.0
2015-11-17,31.5,76.75,0.0
2015-11-17,31.5,77.0,0.0
2015-11-17,31.5,77.25,0.0
2015-11-17,31.5,77.5,0.0
2015-11-17,31.75,76.5,0.0
2015-11-17,31.75,76.75,0.0
2015-11-17,31.75,77.0,0.0
2015-11-17,31.75,77.25,0.0
2015-11-17,31.75,77.5,0.0
2015-11-17,32.0,76.5,0.0
2015-11-17,32.0,76.75,0.0
2015-11-17,32.0,77.0,0.0
2015-11-17,32.0,77.25,0.0
2015-11-17,32.0,77.5,0.0
2015-11-18,31.5,76.5,0.0
2015-11-18,31.5,76.75,0.0
2015-11-18,31.5,77.0,0.0
2015-11-18,31.5,77.25,0.0
2015-11-18,31.5,77.5,0.0
2015-11-18,31.75,76.5,0.0
2015-11-18,31.75,76.75,0.0
2015-11-18,31.75,77.0,0.0
2015-11-18,31.75,77.25,0.0
2015-11-18,31.75,77.5,0.0
2015-11-18,32.0,76.5,0.0
2015-11-18,32.0,76.75,0.0
2015-11-18,32.0,77.0,0.0
2015-11-18,32.0,77.25,0.0
2015-11-18,32.0,77.5,0.0
2015-11-19,31.5,76.5,0.0
2015-11-19,31.5,76.75,0.0
2015-11-19,31.5,77.0,0.0
2015-11-19,31.5,77.25,0.0
2015-11-19,31.5,77.5,0.0
2015-11-19,31.75,76.5,0.0
2015-11-19,31.75,76.75,0.0
2015-11-19,31.75,77.0,0.0
2015-11-19,31.75,77.25,0.0
2015-11-19,31.75,77.5,0.0
2015-11-19,32.0,76.5,0.0
2015-11-19,32.0,76.75,0.0
2015-11-19,32.0,77.0,0.0
2015-11-19,32.0,77.25,0.0
2015-11-19,32.0,77.5,0.0
2015-11-20,31.5,76.5,0.0
2015-11-20,31.5,76.75,0.0
2015-11-20,31.5,77.0,0.0
2015-11-20,31.5,77.25,0.0
2015-11-20,31.5,77.5,0.0
2015-11-20,31.75,76.5,0.0
2015-11-20,31.75,76.75,0.0
2015-11-20,31.75,77.0,0.0
2015-11-20,31.75,77.25,0.0
2015-11-20,31.75,77.5,0.0
2015-11-20,32.0,76.5,0.0
2015-11-20,32.0,76.75,0.0
2015-11-20,32.0,77.0,0.0
2015-11-20,32.0,77.25,0.0
2015-11-20,32.0,77.5,0.0
2015-11-21,31.5,76.5,0.0
2015-11-21,31.5,76.75,0.0
2015-11-21,31.5,77.0,0.0
2015-11-21,31.5,77.25,0.0
2015-11-21,31.5,77.5,0.0
2015-11-21,31.75,76.5,0.0
2015-11-21,31.75,76.75,0.0
2015-11-21,31.75,77.0,0.0
2015-11-21,31.75,77.25,0.0
2015-11-21,31.75,77.5,0.0
2015-11-21,32.0,76.5,0.0
2015-11-21,32.0,76.75,0.0
2015-11-21,32.0,77.0,0.0
2015-11-21,32.0,77.25,0.0
2015-11-21,32.0,77.5,0.0
2015-11-22,31.5,76.5,0.0
2015-11-22,31.5,76.75,0.0
2015-11-22,31.5,77.0,0.0
2015-11-22,31.5,77.25,0.0
2015-11-22,31.5,77.5,0.0
2015-11-22,31.75,76.5,0.0
2015-11-22,31.75,76.75,0.0
2015-11-22,31.75,77.0,0.0
2015-11-22,31.75,77.25,0.0
2015-11-22,31.75,77.5,0.0
2015-11-22,32.0,76.5,0.0
2015-11-22,32.0,76.75,0.0
2015-11-22,32.0,77.0,0.0
2015-11-22,32.0,77.25,0.0
2015-11-22,32.0,77.5,0.0
2015-11-23,31.5,76.5,0.0
2015-11-23,31.5,76.75,0.0
2015-11-23,31.5,77.0,0.0
2015-11-23,31.5,77.25,0.0
2015-11-23,31.5,77.5,0.0
2015-11-23,31.75,76.5,0.0
2015-11-23,31.75,76.75,0.0
2015-11-23,31.75,77.0,0.0
2015-11-23,31.75,77.25,0.0
2015-11-23,31.75,77.5,0.0
2015-11-23,32.0,76.5,0.0
2015-11-23,32.0,76.75,0.0
2015-11-23,32.0,77.0,0.0
2015-11-23,32.0,77.25,0.0
2015-11-23,32.0,77.5,0.0
2015-11-24,31.5,76.5,0.0
2015-11-24,31.5,76.75,0.0
2015-11-24,31.5,77.0,0.0
2015-11-24,31.5,77.25,0.0
2015-11-24,31.5,77.5,0.0
2015-11-24,31.75,76.5,0.0
2015-11-24,31.75,76.75,0.0
2015-11-24,31.75,77.0,0.0
2015-11-24,31.75,77.25,0.0
2015-11-24,31.75,77.5,0.0
2015-11-24,32.0,76.5,0.0
2015-11-24,32.0,76.75,0.0
2015-11-24,32.0,77.0,0.0
2015-11-24,32.0,77.25,0.0
2015-11-24,32.0,77.5,0.0
2015-11-25,31.5,76.5,0.0
2015-11-25,31.5,76.75,0.0
2015-11-25,31.5,77.0,0.0
2015-11-25,31.5,77.25,0.0
2015-11-25,31.5,77.5,0.0
2015-11-25,31.75,76.5,0.0
2015-11-25,31.75,76.75,0.0
2015-11-25,31.75,77.0,0.0
2015-11-25,31.75,77.25,0.0
2015-11-25,31.75,77.5,0.0
2015-11-25,32.0,76.5,0.0
2015-11-25,32.0,76.75,0.0
2015-11-25,32.0,77.0,0.0
2015-11-25,32.0,77.25,0.0
2015-11-25,32.0,77.5,0.0
2015-11-26,31.5,76.5,0.0
2015-11-26,31.5,76.75,0.0
2015-11-26,31.5,77.0,0.0
2015-11-26,31.5,77.25,0.0
2015-11-26,31.5,77.5,0.0
2015-11-26,31.75,76.5,0.0
2015-11-26,31.75,76.75,0.0
2015-11-26,31.75,77.0,0.0
2015-11-26,31.75,77.25,0.0
2015-11-26,31.75,77.5,0.0
2015-11-26,32.0,76.5,0.0
2015-11-26,32.0,76.75,0.0
2015-11-26,32.0,77.0,0.0
2015-11-26,32.0,77.25,0.0
2015-11-26,32.0,77.5,0.0
2015-11-27,31.5,76.5,6.822494029998779
2015-11-27,31.5,76.75,9.055465698242188
2015-11-27,31.5,77.0,4.942734241485596
2015-11-27,31.5,77.25,11.653465270996094
2015-11-27,31.5,77.5,11.72538948059082
2015-11-27,31.75,76.5,7.84096097946167
2015-11-27,31.75,76.75,10.131916999816895
2015-11-27,31.75,77.0,9.437944412231445
2015-11-27,31.75,77.25,11.930574417114258
2015-11-27,31.75,77.5,10.879447937011719
2015-11-27,32.0,76.5,6.572084426879883
2015-11-27,32.0,76.75,7.882020473480225
2015-11-27,32.0,77.0,11.90956974029541
2015-11-27,32.0,77.25,12.649876594543457
2015-11-27,32.0,77.5,12.792241096496582
2015-11-28,31.5,76.5,0.745631217956543
2015-11-28,31.5,76.75,1.836432695388794
2015-11-28,31.5,77.0,0.7930680513381958
2015-11-28,31.5,77.25,0.12234880030155182
2015-11-28,31.5,77.5,3.1235358715057373
2015-11-28,31.75,76.5,0.0
2015-11-28,31.75,76.75,0.3634590804576874
2015-11-28,31.75,77.0,0.4707280099391937
2015-11-28,31.75,77.25,0.23795408010482788
2015-11-28,31.75,77.5,0.9824062585830688
2015-11-28,32.0,76.5,0.0
2015-11-28,32.0,76.75,0.13287775218486786
2015-11-28,32.0,77.0,0.2803780734539032
2015-11-28,32.0,77.25,0.2289963811635971
2015-11-28,32.0,77.5,0.20740973949432373
2015-11-29,31.5,76.5,0.0
2015-11-29,31.5,76.75,0.0
2015-11-29,31.5,77.0,0.0
2015-11-29,31.5,77.25,0.0
2015-11-29,31.5,77.5,0.0
2015-11-29,31.75,76.5,0.0
2015-11-29,31.75,76.75,0.0
2015-11-29,31.75,77.0,0.0
2015-11-29,31.75,77.25,0.0
2015-11-29,31.75,77.5,0.0
2015-11-29,32.0,76.5,0.0
2015-11-29,32.0,76.75,0.0
2015-11-29,32.0,77.0,0.0
2015-11-29,32.0,77.25,0.0
2015-11-29,32.0,77.5,0.0
2015-11-30,31.5,76.5,0.0
2015-11-30,31.5,76.75,0.0
2015-11-30,31.5,77.0,0.0
2015-11-30,31.5,77.25,0.0
2015-11-30,31.5,77.5,0.0
2015-11-30,31.75,76.5,0.0
2015-11-30,31.75,76.75,0.0
2015-11-30,31.75,77.0,0.0
2015-11-30,31.75,77.25,0.0
2015-11-30,31.75,77.5,0.0
2015-11-30,32.0,76.5,0.0
2015-11-30,32.0,76.75,0.0
2015-11-30,32.0,77.0,0.0
2015-11-30,32.0,77.25,0.0
2015-11-30,32.0,77.5,0.0
2015-12-01,31.5,76.5,0.0
2015-12-01,31.5,76.75,0.0
2015-12-01,31.5,77.0,0.0
2015-12-01,31.5,77.25,0.0
2015-12-01,31.5,77.5,0.0
2015-12-01,31.75,76.5,0.0
2015-12-01,31.75,76.75,0.0
2015-12-01,31.75,77.0,0.0
2015-12-01,31.75,77.25,0.0
2015-12-01,31.75,77.5,0.0
2015-12-01,32.0,76.5,0.0
2015-12-01,32.0,76.75,0.0
2015-12-01,32.0,77.0,0.0
2015-12-01,32.0,77.25,0.0
2015-12-01,32.0,77.5,0.0
2015-12-02,31.5,76.5,0.0
2015-12-02,31.5,76.75,0.0
2015-12-02,31.5,77.0,0.0
2015-12-02,31.5,77.25,0.0
2015-12-02,31.5,77.5,0.0
2015-12-02,31.75,76.5,0.0
2015-12-02,31.75,76.75,0.0
2015-12-02,31.75,77.0,0.0
2015-12-02,31.75,77.25,0.0
2015-12-02,31.75,77.5,0.0
2015-12-02,32.0,76.5,0.0
2015-12-02,32.0,76.75,0.0
2015-12-02,32.0,77.0,0.0
2015-12-02,32.0,77.25,0.0
2015-12-02,32.0,77.5,0.0
2015-12-03,31.5,76.5,0.0
2015-12-03,31.5,76.75,0.0
2015-12-03,31.5,77.0,0.0
2015-12-03,31.5,77.25,0.0
2015-12-03,31.5,77.5,0.0
2015-12-03,31.75,76.5,0.0
2015-12-03,31.75,76.75,0.0
2015-12-03,31.75,77.0,0.0
2015-12-03,31.75,77.25,0.0
2015-12-03,31.75,77.5,0.0
2015-12-03,32.0,76.5,0.0
2015-12-03,32.0,76.75,0.0
2015-12-03,32.0,77.0,0.0
2015-12-03,32.0,77.25,0.0
2015-12-03,32.0,77.5,0.0
2015-12-04,31.5,76.5,0.0
2015-12-04,31.5,76.75,0.0
2015-12-04,31.5,77.0,0.0
2015-12-04,31.5,77.25,0.0
2015-12-04,31.5,77.5,0.0
2015-12-04,31.75,76.5,0.0
2015-12-04,31.75,76.75,0.0
2015-12-04,31.75,77.0,0.0
2015-12-04,31.75,77.25,0.0
2015-12-04,31.75,77.5,0.0
2015-12-04,32.0,76.5,0.0
2015-12-04,32.0,76.75,0.0
2015-12-04,32.0,77.0,0.0
2015-12-04,32.0,77.25,0.0
2015-12-04,32.0,77.5,0.0
2015-12-05,31.5,76.5,0.0
2015-12-05,31.5,76.75,0.0
2015-12-05,31.5,77.0,0.0
2015-12-05,31.5,77.25,0.0
2015-12-05,31.5,77.5,0.0
2015-12-05,31.75,76.5,0.0
2015-12-05,31.75,76.75,0.0
2015-12-05,31.75,77.0,0.0
2015-12-05,31.75,77.25,0.0
2015-12-05,31.75,77.5,0.0
2015-12-05,32.0,76.5,0.0
2015-12-05,32.0,76.75,0.0
2015-12-05,32.0,77.0,0.0
2015-12-05,32.0,77.25,0.0
2015-12-05,32.0,77.5,0.0
2015-12-06,31.5,76.5,0.0
2015-12-06,31.5,76.75,0.0
2015-12-06,31.5,77.0,0.0
2015-12-06,31.5,77.25,0.0
2015-12-06,31.5,77.5,0.0
2015-12-06,31.75,76.5,0.0
2015-12-06,31.75,76.75,0.0
2015-12-06,31.75,77.0,0.0
2015-12-06,31.75,77.25,0.0
2015-12-06,31.75,77.5,0.0
2015-12-06,32.0,76.5,0.0
2015-12-06,32.0,76.75,0.0
2015-12-06,32.0,77.0,0.0
2015-12-06,32.0,77.25,0.0
2015-12-06,32.0,77.5,0.0
2015-12-07,31.5,76.5,0.0
2015-12-07,31.5,76.75,0.0
2015-12-07,31.5,77.0,0.0
2015-12-07,31.5,77.25,0.0
2015-12-07,31.5,77.5,0.0
2015-12-07,31.75,76.5,0.0
2015-12-07,31.75,76.75,0.0
2015-12-07,31.75,77.0,0.0
2015-12-07,31.75,77.25,0.0
2015-12-07,31.75,77.5,0.0
2015-12-07,32.0,76.5,0.0
2015-12-07,32.0,76.75,0.0
2015-12-07,32.0,77.0,0.0
2015-12-07,32.0,77.25,0.0
2015-12-07,32.0,77.5,0.0
2015-12-08,31.5,76.5,0.0
2015-12-08,31.5,76.75,0.0
2015-12-08,31.5,77.0,0.0
2015-12-08,31.5,77.25,0.0
2015-12-08,31.5,77.5,0.0
2015-12-08,31.75,76.5,0.0
2015-12-08,31.75,76.75,0.0
2015-12-08,31.75,77.0,0.0
2015-12-08,31.75,77.25,0.0
2015-12-08,31.75,77.5,0.0
2015-12-08,32.0,76.5,0.0
2015-12-08,32.0,76.75,0.0
2015-12-08,32.0,77.0,0.0
2015-12-08,32.0,77.25,0.0
2015-12-08,32.0,77.5,0.0
2015-12-09,31.5,76.5,0.0
2015-12-09,31.5,76.75,0.0
2015-12-09,31.5,77.0,0.0
2015-12-09,31.5,77.25,0.0
2015-12-09,31.5,77.5,0.0
2015-12-09,31.75,76.5,0.0
2015-12-09,31.75,76.75,0.0
2015-12-09,31.75,77.0,0.0
2015-12-09,31.75,77.25,0.0
2015-12-09,31.75,77.5,0.0
2015-12-09,32.0,76.5,0.0
2015-12-09,32.0,76.75,0.0
2015-12-09,32.0,77.0,0.0
2015-12-09,32.0,77.25,0.0
2015-12-09,32.0,77.5,0.0
2015-12-10,31.5,76.5,0.0
2015-12-10,31.5,76.75,0.0
2015-12-10,31.5,77.0,0.0
2015-12-10,31.5,77.25,0.0
2015-12-10,31.5,77.5,0.0
2015-12-10,31.75,76.5,0.0
2015-12-10,31.75,76.75,0.0
2015-12-10,31.75,77.0,0.0
2015-12-10,31.75,77.25,0.0
2015-12-10,31.75,77.5,0.0
2015-12-10,32.0,76.5,0.0
2015-12-10,32.0,76.75,0.0
2015-12-10,32.0,77.0,0.0
2015-12-10,32.0,77.25,0.0
2015-12-10,32.0,77.5,0.0
2015-12-11,31.5,76.5,6.836524963378906
2015-12-11,31.5,76.75,10.526925086975098
2015-12-11,31.5,77.0,9.946822166442871
2015-12-11,31.5,77.25,2.4569175243377686
2015-12-11,31.5,77.5,4.199841499328613
2015-12-11,31.75,76.5,13.308444023132324
2015-12-11,31.75,76.75,8.40173625946045
2015-12-11,31.75,77.0,8.17181396484375
2015-12-11,31.75,77.25,3.4689736366271973
2015-12-11,31.75,77.5,5.196920394897461
2015-12-11,32.0,76.5,21.802715301513672
2015-12-11,32.0,76.75,15.657022476196289
2015-12-11,32.0,77.0,14.03638744354248
2015-12-11,32.0,77.25,13.213582038879395
2015-12-11,32.0,77.5,11.243707656860352
2015-12-12,31.5,76.5,19.189090728759766
2015-12-12,31.5,76.75,36.188289642333984
2015-12-12,31.5,77.0,15.76673412322998
2015-12-12,31.5,77.25,15.726299285888672
2015-12-12,31.5,77.5,15.319626808166504
2015-12-12,31.75,76.5,11.192330360412598
2015-12-12,31.75,76.75,19.55451774597168
2015-12-12,31.75,77.0,21.17371368408203
2015-12-12,31.75,77.25,17.207576751708984
2015-12-12,31.75,77.5,17.004276275634766
2015-12-12,32.0,76.5,14.811447143554688
2015-12-12,32.0,76.75,18.5378360748291
2015-12-12,32.0,77.0,29.522918701171875
2015-12-12,32.0,77.25,29.784494400024414
2015-12-12,32.0,77.5,26.090702056884766
2015-12-13,31.5,76.5,0.0
2015-12-13,31.5,76.75,0.0
2015-12-13,31.5,77.0,0.0
2015-12-13,31.5,77.25,0.0
2015-12-13,31.5,77.5,0.0
2015-12-13,31.75,76.5,0.0
2015-12-13,31.75,76.75,0.0
2015-12-13,31.75,77.0,0.0
2015-12-13,31.75,77.25,0.0
2015-12-13,31.75,77.5,0.0
2015-12-13,32.0,76.5,0.0
2015-12-13,32.0,76.75,0.0
2015-12-13,32.0,77.0,0.0
2015-12-13,32.0,77.25,0.0
2015-12-13,32.0,77.5,0.0
2015-12-14,31.5,76.5,0.0
2015-12-14,31.5,76.75,0.0
2015-12-14,31.5,77.0,0.0
2015-12-14,31.5,77.25,0.0
2015-12-14,31.5,77.5,0.0
2015-12-14,31.75,76.5,0.0
2015-12-14,31.75,76.75,0.0
2015-12-14,31.75,77.0,0.0
2015-12-14,31.75,77.25,0.0
2015-12-14,31.75,77.5,0.0
2015-12-14,32.0,76.5,0.0
2015-12-14,32.0,76.75,0.0
2015-12-14,32.0,77.0,0.0
2015-12-14,32.0,77.25,0.0
2015-12-14,32.0,77.5,0.0
2015-12-15,31.5,76.5,0.0
2015-12-15,31.5,76.75,0.0
2015-12-15,31.5,77.0,0.0
2015-12-15,31.5,77.25,0.0
2015-12-15,31.5,77.5,0.0
2015-12-15,31.75,76.5,0.0
2015-12-15,31.75,76.75,0.0
2015-12-15,31.75,77.0,0.0
2015-12-15,31.75,77.25,0.0
2015-12-15,31.75,77.5,0.0
2015-12-15,32.0,76.5,0.0
2015-12-15,32.0,76.75,0.0
2015-12-15,32.0,77.0,0.0
2015-12-15,32.0,77.25,0.0
2015-12-15,32.0,77.5,0.0
2015-12-16,31.5,76.5,0.0
2015-12-16,31.5,76.75,0.0
2015-12-16,31.5,77.0,0.0
2015-12-16,31.5,77.25,0.0
2015-12-16,31.5,77.5,0.0
2015-12-16,31.75,76.5,0.0
2015-12-16,31.75,76.75,0.0
2015-12-16,31.75,77.0,0.0
2015-12-16,31.75,77.25,0.0
2015-12-16,31.75,77.5,0.0
2015-12-16,32.0,76.5,0.0
2015-12-16,32.0,76.75,0.0
2015-12-16,32.0,77.0,0.0
2015-12-16,32.0,77.25,0.0
2015-12-16,32.0,77.5,0.0
2015-12-17,31.5,76.5,0.0
2015-12-17,31.5,76.75,0.0
2015-12-17,31.5,77.0,0.0
2015-12-17,31.5,77.25,0.0
2015-12-17,31.5,77.5,0.0
2015-12-17,31.75,76.5,0.0
2015-12-17,31.75,76.75,0.0
2015-12-17,31.75,77.0,0.0
2015-12-17,31.75,77.25,0.0
2015-12-17,31.75,77.5,0.0
2015-12-17,32.0,76.5,0.0
2015-12-17,32.0,76.75,0.0
2015-12-17,32.0,77.0,0.0
2015-12-17,32.0,77.25,0.0
2015-12-17,32.0,77.5,0.0
2015-12-18,31.5,76.5,0.0
2015-12-18,31.5,76.75,0.20227615535259247
2015-12-18,31.5,77.0,1.1012765169143677
2015-12-18,31.5,77.25,0.2934955656528473
2015-12-18,31.5,77.5,0.0
2015-12-18,31.75,76.5,0.994970977306366
2015-12-18,31.75,76.75,0.13816732168197632
2015-12-18,31.75,77.0,0.6293632984161377
2015-12-18,31.75,77.25,0.2966349124908447
2015-12-18,31.75,77.5,0.5037976503372192
2015-12-18,32.0,76.5,2.319301128387451
2015-12-18,32.0,76.75,2.0624237060546875
2015-12-18,32.0,77.0,1.7881889343261719
2015-12-18,32.0,77.25,1.8314911127090454
2015-12-18,32.0,77.5,1.5573893785476685
2015-12-19,31.5,76.5,0.0
2015-12-19,31.5,76.75,0.0
2015-12-19,31.5,77.0,0.0
2015-12-19,31.5,77.25,0.0
2015-12-19,31.5,77.5,0.0
2015-12-19,31.75,76.5,0.0
2015-12-19,31.75,76.75,0.0
2015-12-19,31.75,77.0,0.0
2015-12-19,31.75,77.25,0.0
2015-12-19,31.75,77.5,0.0
2015-12-19,32.0,76.5,0.0
2015-12-19,32.0,76.75,0.0
2015-12-19,32.0,77.0,0.0
2015-12-19,32.0,77.25,0.0
2015-12-19,32.0,77.5,0.0
2015-12-20,31.5,76.5,0.0
2015-12-20,31.5,76.75,0.0
2015-12-20,31.5,77.0,0.0
2015-12-20,31.5,77.25,0.0
2015-12-20,31.5,77.5,0.0
2015-12-20,31.75,76.5,0.0
2015-12-20,31.75,76.75,0.0
2015-12-20,31.75,77.0,0.0
2015-12-20,31.75,77.25,0.0
2015-12-20,31.75,77.5,0.0
2015-12-20,32.0,76.5,0.0
2015-12-20,32.0,76.75,0.0
2015-12-20,32.0,77.0,0.0
2015-12-20,32.0,77.25,0.0
2015-12-20,32.0,77.5,0.0
2015-12-21,31.5,76.5,0.0
2015-12-21,31.5,76.75,0.0
2015-12-21,31.5,77.0,0.0
2015-12-21,31.5,77.25,0.0
2015-12-21,31.5,77.5,0.0
2015-12-21,31.75,76.5,0.0
2015-12-21,31.75,76.75,0.0
2015-12-21,31.75,77.0,0.0
2015-12-21,31.75,77.25,0.0
2015-12-21,31.75,77.5,0.0
2015-12-21,32.0,76.5,0.0
2015-12-21,32.0,76.75,0.0
2015-12-21,32.0,77.0,0.0
2015-12-21,32.0,77.25,0.0
2015-12-21,32.0,77.5,0.0
2015-12-22,31.5,76.5,0.0
2015-12-22,31.5,76.75,0.0
2015-12-22,31.5,77.0,0.0
2015-12-22,31.5,77.25,0.0
2015-12-22,31.5,77.5,0.0
2015-12-22,31.75,76.5,0.0
2015-12-22,31.75,76.75,0.0
2015-12-22,31.75,77.0,0.0
2015-12-22,31.75,77.25,0.0
2015-12-22,31.75,77.5,0.0
2015-12-22,32.0,76.5,0.0
2015-12-22,32.0,76.75,0.0
2015-12-22,32.0,77.0,0.0
2015-12-22,32.0,77.25,0.0
2015-12-22,32.0,77.5,0.0
2015-12-23,31.5,76.5,0.0
2015-12-23,31.5,76.75,0.0
2015-12-23,31.5,77.0,0.0
2015-12-23,31.5,77.25,0.0
2015-12-23,31.5,77.5,0.0
2015-12-23,31.75,76.5,0.0
2015-12-23,31.75,76.75,0.0
2015-12-23,31.75,77.0,0.0
2015-12-23,31.75,77.25,0.0
2015-12-23,31.75,77.5,0.0
2015-12-23,32.0,76.5,0.0
2015-12-23,32.0,76.75,0.0
2015-12-23,32.0,77.0,0.0
2015-12-23,32.0,77.25,0.0
2015-12-23,32.0,77.5,0.0
2015-12-24,31.5,76.5,0.0
2015-12-24,31.5,76.75,0.20753081142902374
2015-12-24,31.5,77.0,0.763626217842102
2015-12-24,31.5,77.25,0.1443432718515396
2015-12-24,31.5,77.5,0.0
2015-12-24,31.75,76.5,0.0
2015-12-24,31.75,76.75,0.10391274839639664
2015-12-24,31.75,77.0,0.39646661281585693
2015-12-24,31.75,77.25,0.20643751323223114
2015-12-24,31.75,77.5,0.3063746690750122
2015-12-24,32.0,76.5,0.0
2015-12-24,32.0,76.75,0.0
2015-12-24,32.0,77.0,0.5872362852096558
2015-12-24,32.0,77.25,0.5723710060119629
2015-12-24,32.0,77.5,0.5067200064659119
2015-12-25,31.5,76.5,0.0
2015-12-25,31.5,76.75,0.0
2015-12-25,31.5,77.0,0.0
2015-12-25,31.5,77.25,0.0
2015-12-25,31.5,77.5,0.0
2015-12-25,31.75,76.5,0.0
2015-12-25,31.75,76.75,0.0
2015-12-25,31.75,77.0,0.0
2015-12-25,31.75,77.25,0.0
2015-12-25,31.75,77.5,0.0
2015-12-25,32.0,76.5,0.0
2015-12-25,32.0,76.75,0.0
2015-12-25,32.0,77.0,0.0
2015-12-25,32.0,77.25,0.0
2015-12-25,32.0,77.5,0.0
2015-12-26,31.5,76.5,0.0
2015-12-26,31.5,76.75,0.0
2015-12-26,31.5,77.0,0.0
2015-12-26,31.5,77.25,0.0
2015-12-26,31.5,77.5,0.0
2015-12-26,31.75,76.5,0.0
2015-12-26,31.75,76.75,0.0
2015-12-26,31.75,77.0,0.0
2015-12-26,31.75,77.25,0.0
2015-12-26,31.75,77.5,0.0
2015-12-26,32.0,76.5,0.0
2015-12-26,32.0,76.75,0.0
2015-12-26,32.0,77.0,0.0
2015-12-26,32.0,77.25,0.0
2015-12-26,32.0,77.5,0.0
2015-12-27,31.5,76.5,0.0
2015-12-27,31.5,76.75,0.0
2015-12-27,31.5,77.0,0.0
2015-12-27,31.5,77.25,0.0
2015-12-27,31.5,77.5,0.0
2015-12-27,31.75,76.5,0.0
2015-12-27,31.75,76.75,0.0
2015-12-27,31.75,77.0,0.0
2015-12-27,31.75,77.25,0.0
2015-12-27,31.75,77.5,0.0
2015-12-27,32.0,76.5,0.0
2015-12-27,32.0,76.75,0.0
2015-12-27,32.0,77.0,0.0
2015-12-27,32.0,77.25,0.0
2015-12-27,32.0,77.5,0.0
2015-12-28,31.5,76.5,0.0
2015-12-28,31.5,76.75,0.0
2015-12-28,31.5,77.0,0.0
2015-12-28,31.5,77.25,0.0
2015-12-28,31.5,77.5,0.0
2015-12-28,31.75,76.5,0.0
2015-12-28,31.75,76.75,0.0
2015-12-28,31.75,77.0,0.0
2015-12-28,31.75,77.25,0.0
2015-12-28,31.75,77.5,0.0
2015-12-28,32.0,76.5,0.0
2015-12-28,32.0,76.75,0.0
2015-12-28,32.0,77.0,0.0
2015-12-28,32.0,77.25,0.0
2015-12-28,32.0,77.5,0.0
2015-12-29,31.5,76.5,0.0
2015-12-29,31.5,76.75,0.0
2015-12-29,31.5,77.0,0.0
2015-12-29,31.5,77.25,0.0
2015-12-29,31.5,77.5,0.0
2015-12-29,31.75,76.5,0.0
2015-12-29,31.75,76.75,0.0
2015-12-29,31.75,77.0,0.0
2015-12-29,31.75,77.25,0.0
2015-12-29,31.75,77.5,0.0
2015-12-29,32.0,76.5,0.0
2015-12-29,32.0,76.75,0.0
2015-12-29,32.0,77.0,0.0
2015-12-29,32.0,77.25,0.0
2015-12-29,32.0,77.5,0.0
2015-12-30,31.5,76.5,0.0
2015-12-30,31.5,76.75,0.0
2015-12-30,31.5,77.0,0.0
2015-12-30,31.5,77.25,0.0
2015-12-30,31.5,77.5,0.0
2015-12-30,31.75,76.5,0.0
2015-12-30,31.75,76.75,0.0
2015-12-30,31.75,77.0,0.0
2015-12-30,31.75,77.25,0.0
2015-12-30,31.75,77.5,0.0
2015-12-30,32.0,76.5,0.0
2015-12-30,32.0,76.75,0.0
2015-12-30,32.0,77.0,0.0
2015-12-30,32.0,77.25,0.0
2015-12-30,32.0,77.5,0.0
2015-12-31,31.5,76.5,0.0
2015-12-31,31.5,76.75,0.0
2015-12-31,31.5,77.0,0.0
2015-12-31,31.5,77.25,0.0
2015-12-31,31.5,77.5,0.0
2015-12-31,31.75,76.5,0.0
2015-12-31,31.75,76.75,0.0
2015-12-31,31.75,77.0,0.0
2015-12-31,31.75,77.25,0.0
2015-12-31,31.75,77.5,0.0
2015-12-31,32.0,76.5,0.0
2015-12-31,32.0,76.75,0.0
2015-12-31,32.0,77.0,0.0
2015-12-31,32.0,77.25,0.0
2015-12-31,32.0,77.5,0.0
