date,latitude,longitude,rainfall_mm
2010-01-01,31.5,76.5,0.0
2010-01-01,31.5,76.75,0.0
2010-01-01,31.5,77.0,1.4003105163574219
2010-01-01,31.5,77.25,8.478314399719238
2010-01-01,31.5,77.5,3.8752686977386475
2010-01-01,31.75,76.5,0.88129723072052
2010-01-01,31.75,76.75,0.2807612419128418
2010-01-01,31.75,77.0,0.3680323660373688
2010-01-01,31.75,77.25,7.2513298988342285
2010-01-01,31.75,77.5,4.055035591125488
2010-01-01,32.0,76.5,3.5923166275024414
2010-01-01,32.0,76.75,1.9204109907150269
2010-01-01,32.0,77.0,1.1676762104034424
2010-01-01,32.0,77.25,2.9534380435943604
2010-01-01,32.0,77.5,2.910886764526367
2010-01-02,31.5,76.5,0.0
2010-01-02,31.5,76.75,0.0
2010-01-02,31.5,77.0,0.0
2010-01-02,31.5,77.25,0.0
2010-01-02,31.5,77.5,0.0
2010-01-02,31.75,76.5,0.0
2010-01-02,31.75,76.75,0.0
2010-01-02,31.75,77.0,0.0
2010-01-02,31.75,77.25,0.0
2010-01-02,31.75,77.5,0.0
2010-01-02,32.0,76.5,0.0
2010-01-02,32.0,76.75,0.0
2010-01-02,32.0,77.0,0.0
2010-01-02,32.0,77.25,0.0
2010-01-02,32.0,77.5,0.0
2010-01-03,31.5,76.5,9.454153060913086
2010-01-03,31.5,76.75,4.657732009887695
2010-01-03,31.5,77.0,0.0
2010-01-03,31.5,77.25,0.0
2010-01-03,31.5,77.5,0.0
2010-01-03,31.75,76.5,0.7103503942489624
2010-01-03,31.75,76.75,0.15367859601974487
2010-01-03,31.75,77.0,0.0
2010-01-03,31.75,77.25,0.0
2010-01-03,31.75,77.5,0.0
2010-01-03,32.0,76.5,0.26878592371940613
2010-01-03,32.0,76.75,0.0
2010-01-03,32.0,77.0,0.0
2010-01-03,32.0,77.25,0.0
2010-01-03,32.0,77.5,0.0
2010-01-04,31.5,76.5,1.2844568490982056
2010-01-04,31.5,76.75,2.5811574459075928
2010-01-04,31.5,77.0,1.08189857006073
2010-01-04,31.5,77.25,0.5428083539009094
2010-01-04,31.5,77.5,0.5771680474281311
2010-01-04,31.75,76.5,6.6494364738464355
2010-01-04,31.75,76.75,6.311783790588379
2010-01-04,31.75,77.0,12.667634010314941
2010-01-04,31.75,77.25,2.9206714630126953
2010-01-04,31.75,77.5,1.5628056526184082
2010-01-04,32.0,76.5,0.6237188577651978
2010-01-04,32.0,76.75,4.9722371101379395
2010-01-04,32.0,77.0,9.837699890136719
2010-01-04,32.0,77.25,7.984588623046875
2010-01-04,32.0,77.5,4.704475402832031
2010-01-05,31.5,76.5,0.0
2010-01-05,31.5,76.75,0.0
2010-01-05,31.5,77.0,0.0
2010-01-05,31.5,77.25,0.0
2010-01-05,31.5,77.5,0.0
2010-01-05,31.75,76.5,0.0
2010-01-05,31.75,76.75,0.0
2010-01-05,31.75,77.0,0.0
2010-01-05,31.75,77.25,0.0
2010-01-05,31.75,77.5,0.0
2010-01-05,32.0,76.5,0.0
2010-01-05,32.0,76.75,0.0
2010-01-05,32.0,77.0,0.0
2010-01-05,32.0,77.25,0.0
2010-01-05,32.0,77.5,0.0
2010-01-06,31.5,76.5,0.0
2010-01-06,31.5,76.75,0.0
2010-01-06,31.5,77.0,0.0
2010-01-06,31.5,77.25,0.0
2010-01-06,31.5,77.5,0.0
2010-01-06,31.75,76.5,0.7103503942489624
2010-01-06,31.75,76.75,0.0
2010-01-06,31.75,77.0,0.0
2010-01-06,31.75,77.25,0.0
2010-01-06,31.75,77.5,0.0
2010-01-06,32.0,76.5,0.26878592371940613
2010-01-06,32.0,76.75,0.0
2010-01-06,32.0,77.0,0.0
2010-01-06,32.0,77.25,0.0
2010-01-06,32.0,77.5,0.0
2010-01-07,31.5,76.5,0.0
2010-01-07,31.5,76.75,0.0
2010-01-07,31.5,77.0,0.0
2010-01-07,31.5,77.25,0.0
2010-01-07,31.5,77.5,0.0
2010-01-07,31.75,76.5,0.0
2010-01-07,31.75,76.75,0.0
2010-01-07,31.75,77.0,0.0
2010-01-07,31.75,77.25,0.0
2010-01-07,31.75,77.5,0.0
2010-01-07,32.0,76.5,0.0
2010-01-07,32.0,76.75,0.0
2010-01-07,32.0,77.0,0.0
2010-01-07,32.0,77.25,0.0
2010-01-07,32.0,77.5,0.0
2010-01-08,31.5,76.5,0.0
2010-01-08,31.5,76.75,0.0
2010-01-08,31.5,77.0,0.0
2010-01-08,31.5,77.25,0.0
2010-01-08,31.5,77.5,0.0
2010-01-08,31.75,76.5,0.0
2010-01-08,31.75,76.75,0.0
2010-01-08,31.75,77.0,0.0
2010-01-08,31.75,77.25,0.0
2010-01-08,31.75,77.5,0.0
2010-01-08,32.0,76.5,0.0
2010-01-08,32.0,76.75,0.0
2010-01-08,32.0,77.0,0.0
2010-01-08,32.0,77.25,0.0
2010-01-08,32.0,77.5,0.0
2010-01-09,31.5,76.5,0.0
2010-01-09,31.5,76.75,0.0
2010-01-09,31.5,77.0,0.0
2010-01-09,31.5,77.25,0.0
2010-01-09,31.5,77.5,0.0
2010-01-09,31.75,76.5,0.0
2010-01-09,31.75,76.75,0.0
2010-01-09,31.75,77.0,0.0
2010-01-09,31.75,77.25,0.0
2010-01-09,31.75,77.5,0.0
2010-01-09,32.0,76.5,0.0
2010-01-09,32.0,76.75,0.0
2010-01-09,32.0,77.0,0.0
2010-01-09,32.0,77.25,0.0
2010-01-09,32.0,77.5,0.0
2010-01-10,31.5,76.5,0.0
2010-01-10,31.5,76.75,0.0
2010-01-10,31.5,77.0,0.0
2010-01-10,31.5,77.25,0.0
2010-01-10,31.5,77.5,0.0
2010-01-10,31.75,76.5,0.0
2010-01-10,31.75,76.75,0.0
2010-01-10,31.75,77.0,0.0
2010-01-10,31.75,77.25,0.0
2010-01-10,31.75,77.5,0.0
2010-01-10,32.0,76.5,0.0
2010-01-10,32.0,76.75,0.0
2010-01-10,32.0,77.0,0.0
2010-01-10,32.0,77.25,0.0
2010-01-10,32.0,77.5,0.0
2010-01-11,31.5,76.5,0.0
2010-01-11,31.5,76.75,0.0
2010-01-11,31.5,77.0,0.0
2010-01-11,31.5,77.25,0.0
2010-01-11,31.5,77.5,0.0
2010-01-11,31.75,76.5,0.0
2010-01-11,31.75,76.75,0.0
2010-01-11,31.75,77.0,0.0
2010-01-11,31.75,77.25,0.0
2010-01-11,31.75,77.5,0.0
2010-01-11,32.0,76.5,0.0
2010-01-11,32.0,76.75,0.0
2010-01-11,32.0,77.0,0.0
2010-01-11,32.0,77.25,0.0
2010-01-11,32.0,77.5,0.0
2010-01-12,31.5,76.5,0.0
2010-01-12,31.5,76.75,0.0
2010-01-12,31.5,77.0,0.0
2010-01-12,31.5,77.25,0.0
2010-01-12,31.5,77.5,0.0
2010-01-12,31.75,76.5,0.0
2010-01-12,31.75,76.75,0.0
2010-01-12,31.75,77.0,0.0
2010-01-12,31.75,77.25,0.0
2010-01-12,31.75,77.5,0.0
2010-01-12,32.0,76.5,0.0
2010-01-12,32.0,76.75,0.0
2010-01-12,32.0,77.0,0.0
2010-01-12,32.0,77.25,0.0
2010-01-12,32.0,77.5,0.0
2010-01-13,31.5,76.5,3.5493671894073486
2010-01-13,31.5,76.75,1.6937206983566284
2010-01-13,31.5,77.0,0.0
2010-01-13,31.5,77.25,0.0
2010-01-13,31.5,77.5,0.0
2010-01-13,31.75,76.5,0.8865914940834045
2010-01-13,31.75,76.75,0.0
2010-01-13,31.75,77.0,0.0
2010-01-13,31.75,77.25,0.0
2010-01-13,31.75,77.5,0.0
2010-01-13,32.0,76.5,0.0
2010-01-13,32.0,76.75,0.0
2010-01-13,32.0,77.0,0.0
2010-01-13,32.0,77.25,0.0
2010-01-13,32.0,77.5,0.0
2010-01-14,31.5,76.5,0.0
2010-01-14,31.5,76.75,0.0
2010-01-14,31.5,77.0,0.0
2010-01-14,31.5,77.25,0.0
2010-01-14,31.5,77.5,0.0
2010-01-14,31.75,76.5,0.0
2010-01-14,31.75,76.75,0.0
2010-01-14,31.75,77.0,0.0
2010-01-14,31.75,77.25,0.0
2010-01-14,31.75,77.5,0.0
2010-01-14,32.0,76.5,0.0
2010-01-14,32.0,76.75,0.0
2010-01-14,32.0,77.0,0.0
2010-01-14,32.0,77.25,0.0
2010-01-14,32.0,77.5,0.0
2010-01-15,31.5,76.5,0.0
2010-01-15,31.5,76.75,1.1411412954330444
2010-01-15,31.5,77.0,6.955413341522217
2010-01-15,31.5,77.25,6.875887870788574
2010-01-15,31.5,77.5,3.384779453277588
2010-01-15,31.75,76.5,5.783513069152832
2010-01-15,31.75,76.75,1.8424956798553467
2010-01-15,31.75,77.0,0.37565281987190247
2010-01-15,31.75,77.25,5.553004264831543
2010-01-15,31.75,77.5,3.2563867568969727
2010-01-15,32.0,76.5,21.43115234375
2010-01-15,32.0,76.75,12.228199005126953
2010-01-15,32.0,77.0,4.075568675994873
2010-01-15,32.0,77.25,2.627927780151367
2010-01-15,32.0,77.5,2.00653338432312
2010-01-16,31.5,76.5,0.0
2010-01-16,31.5,76.75,0.0
2010-01-16,31.5,77.0,2.2296204566955566
2010-01-16,31.5,77.25,13.499451637268066
2010-01-16,31.5,77.5,6.17033052444458
2010-01-16,31.75,76.5,5.232702255249023
2010-01-16,31.75,76.75,1.6670200824737549
2010-01-16,31.75,77.0,0.5859932899475098
2010-01-16,31.75,77.25,11.545806884765625
2010-01-16,31.75,77.5,6.45656156539917
2010-01-16,32.0,76.5,19.006357192993164
2010-01-16,32.0,76.75,10.996562004089355
2010-01-16,32.0,77.0,4.2790117263793945
2010-01-16,32.0,77.25,4.702561378479004
2010-01-16,32.0,77.5,4.634809970855713
2010-01-17,31.5,76.5,0.0
2010-01-17,31.5,76.75,0.24497012794017792
2010-01-17,31.5,77.0,0.0
2010-01-17,31.5,77.25,0.0
2010-01-17,31.5,77.5,0.0
2010-01-17,31.75,76.5,0.0
2010-01-17,31.75,76.75,0.0
2010-01-17,31.75,77.0,0.0
2010-01-17,31.75,77.25,0.0
2010-01-17,31.75,77.5,0.0
2010-01-17,32.0,76.5,0.0
2010-01-17,32.0,76.75,0.0
2010-01-17,32.0,77.0,0.0
2010-01-17,32.0,77.25,0.0
2010-01-17,32.0,77.5,0.0
2010-01-18,31.5,76.5,0.0
2010-01-18,31.5,76.75,0.0
2010-01-18,31.5,77.0,0.0
2010-01-18,31.5,77.25,0.2469411939382553
2010-01-18,31.5,77.5,0.11287190020084381
2010-01-18,31.75,76.5,0.0
2010-01-18,31.75,76.75,0.0
2010-01-18,31.75,77.0,0.0
2010-01-18,31.75,77.25,0.21120379865169525
2010-01-18,31.75,77.5,0.11810783296823502
2010-01-18,32.0,76.5,0.0
2010-01-18,32.0,76.75,0.0
2010-01-18,32.0,77.0,0.0
2010-01-18,32.0,77.25,0.0
2010-01-18,32.0,77.5,0.0
2010-01-19,31.5,76.5,0.0
2010-01-19,31.5,76.75,0.0
2010-01-19,31.5,77.0,0.0
2010-01-19,31.5,77.25,0.0
2010-01-19,31.5,77.5,0.0
2010-01-19,31.75,76.5,0.0
2010-01-19,31.75,76.75,0.0
2010-01-19,31.75,77.0,0.0
2010-01-19,31.75,77.25,0.0
2010-01-19,31.75,77.5,0.0
2010-01-19,32.0,76.5,0.0
2010-01-19,32.0,76.75,0.0
2010-01-19,32.0,77.0,0.0
2010-01-19,32.0,77.25,0.0
2010-01-19,32.0,77.5,0.0
2010-01-20,31.5,76.5,0.0
2010-01-20,31.5,76.75,0.0
2010-01-20,31.5,77.0,0.0
2010-01-20,31.5,77.25,0.0
2010-01-20,31.5,77.5,0.0
2010-01-20,31.75,76.5,0.0
2010-01-20,31.75,76.75,0.0
2010-01-20,31.75,77.0,0.0
2010-01-20,31.75,77.25,0.0
2010-01-20,31.75,77.5,0.0
2010-01-20,32.0,76.5,0.0
2010-01-20,32.0,76.75,0.0
2010-01-20,32.0,77.0,0.0
2010-01-20,32.0,77.25,0.0
2010-01-20,32.0,77.5,0.0
2010-01-21,31.5,76.5,0.0
2010-01-21,31.5,76.75,0.0
2010-01-21,31.5,77.0,0.0
2010-01-21,31.5,77.25,0.0
2010-01-21,31.5,77.5,0.0
2010-01-21,31.75,76.5,0.0
2010-01-21,31.75,76.75,0.0
2010-01-21,31.75,77.0,0.0
2010-01-21,31.75,77.25,0.0
2010-01-21,31.75,77.5,0.0
2010-01-21,32.0,76.5,0.0
2010-01-21,32.0,76.75,0.0
2010-01-21,32.0,77.0,0.0
2010-01-21,32.0,77.25,0.0
2010-01-21,32.0,77.5,0.0
2010-01-22,31.5,76.5,0.0
2010-01-22,31.5,76.75,0.0
2010-01-22,31.5,77.0,0.0
2010-01-22,31.5,77.25,0.0
2010-01-22,31.5,77.5,0.0
2010-01-22,31.75,76.5,0.0
2010-01-22,31.75,76.75,0.0
2010-01-22,31.75,77.0,0.0
2010-01-22,31.75,77.25,0.0
2010-01-22,31.75,77.5,0.0
2010-01-22,32.0,76.5,0.0
2010-01-22,32.0,76.75,0.0
2010-01-22,32.0,77.0,0.0
2010-01-22,32.0,77.25,0.0
2010-01-22,32.0,77.5,0.0
2010-01-23,31.5,76.5,0.0
2010-01-23,31.5,76.75,0.0
2010-01-23,31.5,77.0,0.0
2010-01-23,31.5,77.25,0.0
2010-01-23,31.5,77.5,0.0
2010-01-23,31.75,76.5,0.0
2010-01-23,31.75,76.75,0.0
2010-01-23,31.75,77.0,0.0
2010-01-23,31.75,77.25,0.0
2010-01-23,31.75,77.5,0.0
2010-01-23,32.0,76.5,0.0
2010-01-23,32.0,76.75,0.0
2010-01-23,32.0,77.0,0.0
2010-01-23,32.0,77.25,0.0
2010-01-23,32.0,77.5,0.0
2010-01-24,31.5,76.5,0.0
2010-01-24,31.5,76.75,0.0
2010-01-24,31.5,77.0,0.0
2010-01-24,31.5,77.25,0.0
2010-01-24,31.5,77.5,0.0
2010-01-24,31.75,76.5,0.0
2010-01-24,31.75,76.75,0.0
2010-01-24,31.75,77.0,0.0
2010-01-24,31.75,77.25,0.0
2010-01-24,31.75,77.5,0.0
2010-01-24,32.0,76.5,0.0
2010-01-24,32.0,76.75,0.0
2010-01-24,32.0,77.0,0.0
2010-01-24,32.0,77.25,0.0
2010-01-24,32.0,77.5,0.0
2010-01-25,31.5,76.5,0.0
2010-01-25,31.5,76.75,0.0
2010-01-25,31.5,77.0,0.0
2010-01-25,31.5,77.25,0.0
2010-01-25,31.5,77.5,0.0
2010-01-25,31.75,76.5,0.0
2010-01-25,31.75,76.75,0.0
2010-01-25,31.75,77.0,0.0
2010-01-25,31.75,77.25,0.0
2010-01-25,31.75,77.5,0.0
2010-01-25,32.0,76.5,0.0
2010-01-25,32.0,76.75,0.0
2010-01-25,32.0,77.0,0.0
2010-01-25,32.0,77.25,0.0
2010-01-25,32.0,77.5,0.0
2010-01-26,31.5,76.5,0.0
2010-01-26,31.5,76.75,0.0
2010-01-26,31.5,77.0,0.0
2010-01-26,31.5,77.25,0.0
2010-01-26,31.5,77.5,0.0
2010-01-26,31.75,76.5,0.0
2010-01-26,31.75,76.75,0.0
2010-01-26,31.75,77.0,0.0
2010-01-26,31.75,77.25,0.0
2010-01-26,31.75,77.5,0.0
2010-01-26,32.0,76.5,0.0
2010-01-26,32.0,76.75,0.0
2010-01-26,32.0,77.0,0.0
2010-01-26,32.0,77.25,0.0
2010-01-26,32.0,77.5,0.0
2010-01-27,31.5,76.5,0.0
2010-01-27,31.5,76.75,0.0
2010-01-27,31.5,77.0,0.0
2010-01-27,31.5,77.25,0.0
2010-01-27,31.5,77.5,0.0
2010-01-27,31.75,76.5,0.0
2010-01-27,31.75,76.75,0.0
2010-01-27,31.75,77.0,0.0
2010-01-27,31.75,77.25,0.0
2010-01-27,31.75,77.5,0.0
2010-01-27,32.0,76.5,0.0
2010-01-27,32.0,76.75,0.0
2010-01-27,32.0,77.0,0.0
2010-01-27,32.0,77.25,0.0
2010-01-27,32.0,77.5,0.0
2010-01-28,31.5,76.5,0.0
2010-01-28,31.5,76.75,0.0
2010-01-28,31.5,77.0,0.0
2010-01-28,31.5,77.25,0.0
2010-01-28,31.5,77.5,0.0
2010-01-28,31.75,76.5,0.0
2010-01-28,31.75,76.75,0.0
2010-01-28,31.75,77.0,0.0
2010-01-28,31.75,77.25,0.0
2010-01-28,31.75,77.5,0.0
2010-01-28,32.0,76.5,0.0
2010-01-28,32.0,76.75,0.0
2010-01-28,32.0,77.0,0.0
2010-01-28,32.0,77.25,0.0
2010-01-28,32.0,77.5,0.0
2010-01-29,31.5,76.5,0.0
2010-01-29,31.5,76.75,0.0
2010-01-29,31.5,77.0,0.0
2010-01-29,31.5,77.25,0.0
2010-01-29,31.5,77.5,0.0
2010-01-29,31.75,76.5,0.0
2010-01-29,31.75,76.75,0.0
2010-01-29,31.75,77.0,0.0
2010-01-29,31.75,77.25,0.0
2010-01-29,31.75,77.5,0.0
2010-01-29,32.0,76.5,0.0
2010-01-29,32.0,76.75,0.0
2010-01-29,32.0,77.0,0.0
2010-01-29,32.0,77.25,0.0
2010-01-29,32.0,77.5,0.0
2010-01-30,31.5,76.5,0.0
2010-01-30,31.5,76.75,0.0
2010-01-30,31.5,77.0,0.44864314794540405
2010-01-30,31.5,77.25,2.716352939605713
2010-01-30,31.5,77.5,1.2415908575057983
2010-01-30,31.75,76.5,0.0
2010-01-30,31.75,76.75,0.0
2010-01-30,31.75,77.0,0.11791328340768814
2010-01-30,31.75,77.25,2.323241710662842
2010-01-30,31.75,77.5,1.299186110496521
2010-01-30,32.0,76.5,0.312339186668396
2010-01-30,32.0,76.75,0.0
2010-01-30,32.0,77.0,0.19569149613380432
2010-01-30,32.0,77.25,0.9462471008300781
2010-01-30,32.0,77.5,0.9326142072677612
2010-01-31,31.5,76.5,0.0
2010-01-31,31.5,76.75,0.0
2010-01-31,31.5,77.0,0.0
2010-01-31,31.5,77.25,0.0
2010-01-31,31.5,77.5,0.0
2010-01-31,31.75,76.5,0.2754053771495819
2010-01-31,31.75,76.75,0.0
2010-01-31,31.75,77.0,0.0
2010-01-31,31.75,77.25,0.0
2010-01-31,31.75,77.5,0.0
2010-01-31,32.0,76.5,0.5564842224121094
2010-01-31,32.0,76.75,0.5012170672416687
2010-01-31,32.0,77.0,0.1740255057811737
2010-01-31,32.0,77.25,0.0
2010-01-31,32.0,77.5,0.0
2010-02-01,31.5,76.5,0.0
2010-02-01,31.5,76.75,0.0
2010-02-01,31.5,77.0,0.0
2010-02-01,31.5,77.25,0.0
2010-02-01,31.5,77.5,0.0
2010-02-01,31.75,76.5,0.0
2010-02-01,31.75,76.75,0.0
2010-02-01,31.75,77.0,0.0
2010-02-01,31.75,77.25,0.0
2010-02-01,31.75,77.5,0.0
2010-02-01,32.0,76.5,0.0
2010-02-01,32.0,76.75,0.0
2010-02-01,32.0,77.0,0.0
2010-02-01,32.0,77.25,0.0
2010-02-01,32.0,77.5,0.0
2010-02-02,31.5,76.5,0.0
2010-02-02,31.5,76.75,0.0
2010-02-02,31.5,77.0,0.0
2010-02-02,31.5,77.25,0.0
2010-02-02,31.5,77.5,0.0
2010-02-02,31.75,76.5,0.0
2010-02-02,31.75,76.75,0.0
2010-02-02,31.75,77.0,0.0
2010-02-02,31.75,77.25,0.0
2010-02-02,31.75,77.5,0.0
2010-02-02,32.0,76.5,0.0
2010-02-02,32.0,76.75,0.0
2010-02-02,32.0,77.0,0.0
2010-02-02,32.0,77.25,0.0
2010-02-02,32.0,77.5,0.0
2010-02-03,31.5,76.5,0.0
2010-02-03,31.5,76.75,0.0
2010-02-03,31.5,77.0,0.0
2010-02-03,31.5,77.25,0.0
2010-02-03,31.5,77.5,0.0
2010-02-03,31.75,76.5,0.0
2010-02-03,31.75,76.75,0.0
2010-02-03,31.75,77.0,0.0
2010-02-03,31.75,77.25,0.0
2010-02-03,31.75,77.5,0.0
2010-02-03,32.0,76.5,0.0
2010-02-03,32.0,76.75,0.0
2010-02-03,32.0,77.0,0.0
2010-02-03,32.0,77.25,0.0
2010-02-03,32.0,77.5,0.0
2010-02-04,31.5,76.5,0.0
2010-02-04,31.5,76.75,0.0
2010-02-04,31.5,77.0,0.0
2010-02-04,31.5,77.25,0.0
2010-02-04,31.5,77.5,0.0
2010-02-04,31.75,76.5,0.0
2010-02-04,31.75,76.75,0.0
2010-02-04,31.75,77.0,0.0
2010-02-04,31.75,77.25,0.0
2010-02-04,31.75,77.5,0.0
2010-02-04,32.0,76.5,0.0
2010-02-04,32.0,76.75,0.0
2010-02-04,32.0,77.0,0.0
2010-02-04,32.0,77.25,0.0
2010-02-04,32.0,77.5,0.0
2010-02-05,31.5,76.5,0.0
2010-02-05,31.5,76.75,0.0
2010-02-05,31.5,77.0,0.0
2010-02-05,31.5,77.25,0.0
2010-02-05,31.5,77.5,0.0
2010-02-05,31.75,76.5,0.0
2010-02-05,31.75,76.75,0.0
2010-02-05,31.75,77.0,0.0
2010-02-05,31.75,77.25,0.0
2010-02-05,31.75,77.5,0.0
2010-02-05,32.0,76.5,0.0
2010-02-05,32.0,76.75,0.0
2010-02-05,32.0,77.0,0.0
2010-02-05,32.0,77.25,0.0
2010-02-05,32.0,77.5,0.0
2010-02-06,31.5,76.5,0.0
2010-02-06,31.5,76.75,0.7767061591148376
2010-02-06,31.5,77.0,1.7090332508087158
2010-02-06,31.5,77.25,1.7136247158050537
2010-02-06,31.5,77.5,1.286149501800537
2010-02-06,31.75,76.5,0.3112759292125702
2010-02-06,31.75,76.75,0.3424357771873474
2010-02-06,31.75,77.0,3.1342592239379883
2010-02-06,31.75,77.25,2.483582019805908
2010-02-06,31.75,77.5,1.7296545505523682
2010-02-06,32.0,76.5,2.5187249183654785
2010-02-06,32.0,76.75,2.453890562057495
2010-02-06,32.0,77.0,3.0939743518829346
2010-02-06,32.0,77.25,3.8504574298858643
2010-02-06,32.0,77.5,2.37902569770813
2010-02-07,31.5,76.5,0.0
2010-02-07,31.5,76.75,0.6879397630691528
2010-02-07,31.5,77.0,1.513715147972107
2010-02-07,31.5,77.25,1.5177818536758423
2010-02-07,31.5,77.5,2.8546459674835205
2010-02-07,31.75,76.5,0.27570152282714844
2010-02-07,31.75,76.75,0.30330026149749756
2010-02-07,31.75,77.0,2.7987568378448486
2010-02-07,31.75,77.25,2.3862953186035156
2010-02-07,31.75,77.5,2.988919258117676
2010-02-07,32.0,76.5,2.5407168865203857
2010-02-07,32.0,76.75,2.7357230186462402
2010-02-07,32.0,77.0,3.245140790939331
2010-02-07,32.0,77.25,5.3259196281433105
2010-02-07,32.0,77.5,4.0622735023498535
2010-02-08,31.5,76.5,7.436494827270508
2010-02-08,31.5,76.75,29.048032760620117
2010-02-08,31.5,77.0,44.777381896972656
2010-02-08,31.5,77.25,44.333595275878906
2010-02-08,31.5,77.5,41.42399597167969
2010-02-08,31.75,76.5,17.220596313476562
2010-02-08,31.75,76.75,25.305681228637695
2010-02-08,31.75,77.0,65.9708480834961
2010-02-08,31.75,77.25,54.00404357910156
2010-02-08,31.75,77.5,48.80414581298828
2010-02-08,32.0,76.5,30.17561912536621
2010-02-08,32.0,76.75,45.04294967651367
2010-02-08,32.0,77.0,58.334136962890625
2010-02-08,32.0,77.25,50.58293151855469
2010-02-08,32.0,77.5,49.01935958862305
2010-02-09,31.5,76.5,18.958833694458008
2010-02-09,31.5,76.75,24.856454849243164
2010-02-09,31.5,77.0,21.087709426879883
2010-02-09,31.5,77.25,20.62729835510254
2010-02-09,31.5,77.5,24.878707885742188
2010-02-09,31.75,76.5,22.076778411865234
2010-02-09,31.75,76.75,30.033842086791992
2010-02-09,31.75,77.0,12.780827522277832
2010-02-09,31.75,77.25,17.71833610534668
2010-02-09,31.75,77.5,26.315561294555664
2010-02-09,32.0,76.5,51.174957275390625
2010-02-09,32.0,76.75,25.848438262939453
2010-02-09,32.0,77.0,16.76015281677246
2010-02-09,32.0,77.25,20.017663955688477
2010-02-09,32.0,77.5,26.22426414489746
2010-02-10,31.5,76.5,1.4508284330368042
2010-02-10,31.5,76.75,2.712078809738159
2010-02-10,31.5,77.0,2.2944111824035645
2010-02-10,31.5,77.25,2.6304914951324463
2010-02-10,31.5,77.5,4.199488639831543
2010-02-10,31.75,76.5,1.962129831314087
2010-02-10,31.75,76.75,2.858842611312866
2010-02-10,31.75,77.0,0.3452198803424835
2010-02-10,31.75,77.25,1.1064168214797974
2010-02-10,31.75,77.5,2.769268274307251
2010-02-10,32.0,76.5,17.524028778076172
2010-02-10,32.0,76.75,4.3744025230407715
2010-02-10,32.0,77.0,1.4199142456054688
2010-02-10,32.0,77.25,2.5170743465423584
2010-02-10,32.0,77.5,2.9518356323242188
2010-02-11,31.5,76.5,0.0
2010-02-11,31.5,76.75,0.0
2010-02-11,31.5,77.0,0.0
2010-02-11,31.5,77.25,0.0
2010-02-11,31.5,77.5,0.0
2010-02-11,31.75,76.5,0.0
2010-02-11,31.75,76.75,0.0
2010-02-11,31.75,77.0,0.0
2010-02-11,31.75,77.25,0.0
2010-02-11,31.75,77.5,0.0
2010-02-11,32.0,76.5,0.0
2010-02-11,32.0,76.75,0.0
2010-02-11,32.0,77.0,0.0
2010-02-11,32.0,77.25,0.0
2010-02-11,32.0,77.5,0.0
2010-02-12,31.5,76.5,0.0
2010-02-12,31.5,76.75,0.0
2010-02-12,31.5,77.0,0.0
2010-02-12,31.5,77.25,0.0
2010-02-12,31.5,77.5,0.0
2010-02-12,31.75,76.5,0.0
2010-02-12,31.75,76.75,0.0
2010-02-12,31.75,77.0,0.0
2010-02-12,31.75,77.25,0.0
2010-02-12,31.75,77.5,0.0
2010-02-12,32.0,76.5,0.0
2010-02-12,32.0,76.75,0.0
2010-02-12,32.0,77.0,0.0
2010-02-12,32.0,77.25,0.0
2010-02-12,32.0,77.5,0.0
2010-02-13,31.5,76.5,0.0
2010-02-13,31.5,76.75,0.8210893869400024
2010-02-13,31.5,77.0,1.806692361831665
2010-02-13,31.5,77.25,1.8115460872650146
2010-02-13,31.5,77.5,1.359643816947937
2010-02-13,31.75,76.5,0.3290631175041199
2010-02-13,31.75,76.75,0.2628200054168701
2010-02-13,31.75,77.0,3.129340648651123
2010-02-13,31.75,77.25,1.9658020734786987
2010-02-13,31.75,77.5,1.6037616729736328
2010-02-13,32.0,76.5,0.4728396236896515
2010-02-13,32.0,76.75,1.3085044622421265
2010-02-13,32.0,77.0,2.188166379928589
2010-02-13,32.0,77.25,1.7333528995513916
2010-02-13,32.0,77.5,1.2708382606506348
2010-02-14,31.5,76.5,0.0
2010-02-14,31.5,76.75,0.0
2010-02-14,31.5,77.0,0.0
2010-02-14,31.5,77.25,0.0
2010-02-14,31.5,77.5,0.0
2010-02-14,31.75,76.5,0.0
2010-02-14,31.75,76.75,0.0
2010-02-14,31.75,77.0,0.0
2010-02-14,31.75,77.25,0.0
2010-02-14,31.75,77.5,0.0
2010-02-14,32.0,76.5,0.0
2010-02-14,32.0,76.75,0.0
2010-02-14,32.0,77.0,0.0
2010-02-14,32.0,77.25,0.0
2010-02-14,32.0,77.5,0.0
2010-02-15,31.5,76.5,0.0
2010-02-15,31.5,76.75,0.0
2010-02-15,31.5,77.0,0.0
2010-02-15,31.5,77.25,0.0
2010-02-15,31.5,77.5,0.0
2010-02-15,31.75,76.5,0.0
2010-02-15,31.75,76.75,0.0
2010-02-15,31.75,77.0,0.0
2010-02-15,31.75,77.25,0.0
2010-02-15,31.75,77.5,0.0
2010-02-15,32.0,76.5,0.0
2010-02-15,32.0,76.75,0.0
2010-02-15,32.0,77.0,0.0
2010-02-15,32.0,77.25,0.0
2010-02-15,32.0,77.5,0.0
2010-02-16,31.5,76.5,0.0
2010-02-16,31.5,76.75,0.0
2010-02-16,31.5,77.0,0.0
2010-02-16,31.5,77.25,0.0
2010-02-16,31.5,77.5,0.0
2010-02-16,31.75,76.5,0.0
2010-02-16,31.75,76.75,0.0
2010-02-16,31.75,77.0,0.0
2010-02-16,31.75,77.25,0.0
2010-02-16,31.75,77.5,0.0
2010-02-16,32.0,76.5,0.0
2010-02-16,32.0,76.75,0.0
2010-02-16,32.0,77.0,0.0
2010-02-16,32.0,77.25,0.0
2010-02-16,32.0,77.5,0.0
2010-02-17,31.5,76.5,0.0
2010-02-17,31.5,76.75,0.0
2010-02-17,31.5,77.0,0.0
2010-02-17,31.5,77.25,0.0
2010-02-17,31.5,77.5,0.0
2010-02-17,31.75,76.5,0.0
2010-02-17,31.75,76.75,0.0
2010-02-17,31.75,77.0,0.0
2010-02-17,31.75,77.25,0.0
2010-02-17,31.75,77.5,0.0
2010-02-17,32.0,76.5,0.0
2010-02-17,32.0,76.75,0.0
2010-02-17,32.0,77.0,0.0
2010-02-17,32.0,77.25,0.0
2010-02-17,32.0,77.5,0.0
2010-02-18,31.5,76.5,0.0
2010-02-18,31.5,76.75,0.0
2010-02-18,31.5,77.0,0.0
2010-02-18,31.5,77.25,0.0
2010-02-18,31.5,77.5,0.0
2010-02-18,31.75,76.5,0.0
2010-02-18,31.75,76.75,0.0
2010-02-18,31.75,77.0,0.0
2010-02-18,31.75,77.25,0.0
2010-02-18,31.75,77.5,0.0
2010-02-18,32.0,76.5,0.0
2010-02-18,32.0,76.75,0.0
2010-02-18,32.0,77.0,0.0
2010-02-18,32.0,77.25,0.0
2010-02-18,32.0,77.5,0.0
2010-02-19,31.5,76.5,0.0
2010-02-19,31.5,76.75,0.0
2010-02-19,31.5,77.0,0.0
2010-02-19,31.5,77.25,0.0
2010-02-19,31.5,77.5,0.0
2010-02-19,31.75,76.5,0.0
2010-02-19,31.75,76.75,0.0
2010-02-19,31.75,77.0,0.0
2010-02-19,31.75,77.25,0.0
2010-02-19,31.75,77.5,0.0
2010-02-19,32.0,76.5,0.0
2010-02-19,32.0,76.75,0.0
2010-02-19,32.0,77.0,0.0
2010-02-19,32.0,77.25,0.0
2010-02-19,32.0,77.5,0.0
2010-02-20,31.5,76.5,0.0
2010-02-20,31.5,76.75,0.0
2010-02-20,31.5,77.0,0.0
2010-02-20,31.5,77.25,0.0
2010-02-20,31.5,77.5,0.0
2010-02-20,31.75,76.5,0.0
2010-02-20,31.75,76.75,0.0
2010-02-20,31.75,77.0,0.0
2010-02-20,31.75,77.25,0.0
2010-02-20,31.75,77.5,0.0
2010-02-20,32.0,76.5,0.0
2010-02-20,32.0,76.75,0.0
2010-02-20,32.0,77.0,0.0
2010-02-20,32.0,77.25,0.0
2010-02-20,32.0,77.5,0.0
2010-02-21,31.5,76.5,0.0
2010-02-21,31.5,76.75,0.0
2010-02-21,31.5,77.0,0.0
2010-02-21,31.5,77.25,0.0
2010-02-21,31.5,77.5,0.0
2010-02-21,31.75,76.5,0.0
2010-02-21,31.75,76.75,0.0
2010-02-21,31.75,77.0,0.0
2010-02-21,31.75,77.25,0.0
2010-02-21,31.75,77.5,0.0
2010-02-21,32.0,76.5,0.0
2010-02-21,32.0,76.75,0.0
2010-02-21,32.0,77.0,0.0
2010-02-21,32.0,77.25,0.0
2010-02-21,32.0,77.5,0.0
2010-02-22,31.5,76.5,0.0
2010-02-22,31.5,76.75,0.0
2010-02-22,31.5,77.0,0.0
2010-02-22,31.5,77.25,0.0
2010-02-22,31.5,77.5,0.0
2010-02-22,31.75,76.5,0.0
2010-02-22,31.75,76.75,0.0
2010-02-22,31.75,77.0,0.0
2010-02-22,31.75,77.25,0.0
2010-02-22,31.75,77.5,0.0
2010-02-22,32.0,76.5,0.0
2010-02-22,32.0,76.75,0.0
2010-02-22,32.0,77.0,0.0
2010-02-22,32.0,77.25,0.0
2010-02-22,32.0,77.5,0.0
2010-02-23,31.5,76.5,0.0
2010-02-23,31.5,76.75,0.890335738658905
2010-02-23,31.5,77.0,2.3267011642456055
2010-02-23,31.5,77.25,2.886842966079712
2010-02-23,31.5,77.5,4.4592814445495605
2010-02-23,31.75,76.5,0.2934887111186981
2010-02-23,31.75,76.75,0.2571455240249634
2010-02-23,31.75,77.0,2.8187193870544434
2010-02-23,31.75,77.25,2.14259672164917
2010-02-23,31.75,77.5,2.425673484802246
2010-02-23,32.0,76.5,20.910337448120117
2010-02-23,32.0,76.75,2.9245262145996094
2010-02-23,32.0,77.0,2.221978187561035
2010-02-23,32.0,77.25,1.9390395879745483
2010-02-23,32.0,77.5,1.6997371912002563
2010-02-24,31.5,76.5,0.0
2010-02-24,31.5,76.75,0.23358407616615295
2010-02-24,31.5,77.0,0.47210538387298584
2010-02-24,31.5,77.25,0.7906811833381653
2010-02-24,31.5,77.5,0.24506929516792297
2010-02-24,31.75,76.5,0.0
2010-02-24,31.75,76.75,0.0
2010-02-24,31.75,77.0,0.0
2010-02-24,31.75,77.25,0.0
2010-02-24,31.75,77.5,0.266306072473526
2010-02-24,32.0,76.5,0.0
2010-02-24,32.0,76.75,0.0
2010-02-24,32.0,77.0,0.0
2010-02-24,32.0,77.25,0.0
2010-02-24,32.0,77.5,0.0
2010-02-25,31.5,76.5,0.0
2010-02-25,31.5,76.75,0.0
2010-02-25,31.5,77.0,0.0
2010-02-25,31.5,77.25,0.0
2010-02-25,31.5,77.5,0.0
2010-02-25,31.75,76.5,0.0
2010-02-25,31.75,76.75,0.0
2010-02-25,31.75,77.0,0.0
2010-02-25,31.75,77.25,0.0
2010-02-25,31.75,77.5,0.0
2010-02-25,32.0,76.5,1.4818286895751953
2010-02-25,32.0,76.75,0.10893812775611877
2010-02-25,32.0,77.0,0.0
2010-02-25,32.0,77.25,0.0
2010-02-25,32.0,77.5,0.0
2010-02-26,31.5,76.5,0.0
2010-02-26,31.5,76.75,0.0
2010-02-26,31.5,77.0,0.0
2010-02-26,31.5,77.25,0.0
2010-02-26,31.5,77.5,0.0
2010-02-26,31.75,76.5,0.0
2010-02-26,31.75,76.75,0.0
2010-02-26,31.75,77.0,0.0
2010-02-26,31.75,77.25,0.0
2010-02-26,31.75,77.5,0.0
2010-02-26,32.0,76.5,0.0
2010-02-26,32.0,76.75,0.0
2010-02-26,32.0,77.0,0.0
2010-02-26,32.0,77.25,0.0
2010-02-26,32.0,77.5,0.0
2010-02-27,31.5,76.5,0.0
2010-02-27,31.5,76.75,0.0
2010-02-27,31.5,77.0,0.0
2010-02-27,31.5,77.25,0.0
2010-02-27,31.5,77.5,0.0
2010-02-27,31.75,76.5,0.0
2010-02-27,31.75,76.75,0.0
2010-02-27,31.75,77.0,0.11074472218751907
2010-02-27,31.75,77.25,0.9196505546569824
2010-02-27,31.75,77.5,0.38603347539901733
2010-02-27,32.0,76.5,0.3398936092853546
2010-02-27,32.0,76.75,1.0299499034881592
2010-02-27,32.0,77.0,1.0037496089935303
2010-02-27,32.0,77.25,1.3920748233795166
2010-02-27,32.0,77.5,1.6354552507400513
2010-02-28,31.5,76.5,0.0
2010-02-28,31.5,76.75,0.0
2010-02-28,31.5,77.0,0.0
2010-02-28,31.5,77.25,0.0
2010-02-28,31.5,77.5,0.0
2010-02-28,31.75,76.5,0.0
2010-02-28,31.75,76.75,0.0
2010-02-28,31.75,77.0,0.0
2010-02-28,31.75,77.25,0.0
2010-02-28,31.75,77.5,0.0
2010-02-28,32.0,76.5,0.0
2010-02-28,32.0,76.75,0.0
2010-02-28,32.0,77.0,0.0
2010-02-28,32.0,77.25,0.0
2010-02-28,32.0,77.5,0.0
2010-03-01,31.5,76.5,0.0
2010-03-01,31.5,76.75,0.0
2010-03-01,31.5,77.0,0.1834755688905716
2010-03-01,31.5,77.25,3.7084906101226807
2010-03-01,31.5,77.5,2.950995922088623
2010-03-01,31.75,76.5,1.1016215085983276
2010-03-01,31.75,76.75,0.15655489265918732
2010-03-01,31.75,77.0,0.6377624273300171
2010-03-01,31.75,77.25,3.0160164833068848
2010-03-01,31.75,77.5,1.678788423538208
2010-03-01,32.0,76.5,2.696704626083374
2010-03-01,32.0,76.75,2.7166454792022705
2010-03-01,32.0,77.0,4.342415809631348
2010-03-01,32.0,77.25,1.957546353340149
2010-03-01,32.0,77.5,1.0255045890808105
2010-03-02,31.5,76.5,0.0
2010-03-02,31.5,76.75,0.13688570261001587
2010-03-02,31.5,77.0,1.5190389156341553
2010-03-02,31.5,77.25,3.1129019260406494
2010-03-02,31.5,77.5,3.3222854137420654
2010-03-02,31.75,76.5,5.418447971343994
2010-03-02,31.75,76.75,8.82174301147461
2010-03-02,31.75,77.0,4.0761919021606445
2010-03-02,31.75,77.25,2.9640166759490967
2010-03-02,31.75,77.5,1.3976962566375732
2010-03-02,32.0,76.5,5.0016398429870605
2010-03-02,32.0,76.75,5.667545318603516
2010-03-02,32.0,77.0,4.827899932861328
2010-03-02,32.0,77.25,1.9031821489334106
2010-03-02,32.0,77.5,1.0512397289276123
2010-03-03,31.5,76.5,2.9575581550598145
2010-03-03,31.5,76.75,0.10843817889690399
2010-03-03,31.5,77.0,7.015440464019775
2010-03-03,31.5,77.25,11.278968811035156
2010-03-03,31.5,77.5,7.019964694976807
2010-03-03,31.75,76.5,7.555557727813721
2010-03-03,31.75,76.75,0.6262195706367493
2010-03-03,31.75,77.0,0.24764923751354218
2010-03-03,31.75,77.25,7.737879276275635
2010-03-03,31.75,77.5,4.296660900115967
2010-03-03,32.0,76.5,14.304123878479004
2010-03-03,32.0,76.75,10.467548370361328
2010-03-03,32.0,77.0,0.0
2010-03-03,32.0,77.25,0.3203483819961548
2010-03-03,32.0,77.5,2.191802501678467
2010-03-04,31.5,76.5,24.332796096801758
2010-03-04,31.5,76.75,1.120527744293213
2010-03-04,31.5,77.0,9.050821304321289
2010-03-04,31.5,77.25,36.90166473388672
2010-03-04,31.5,77.5,19.79592514038086
2010-03-04,31.75,76.5,10.465404510498047
2010-03-04,31.75,76.75,1.4872715473175049
2010-03-04,31.75,77.0,0.8928406834602356
2010-03-04,31.75,77.25,27.897090911865234
2010-03-04,31.75,77.5,15.490592956542969
2010-03-04,32.0,76.5,24.71738624572754
2010-03-04,32.0,76.75,24.860427856445312
2010-03-04,32.0,77.0,2.345526933670044
2010-03-04,32.0,77.25,2.1811230182647705
2010-03-04,32.0,77.5,7.902024745941162
2010-03-05,31.5,76.5,0.46529722213745117
2010-03-05,31.5,76.75,5.014211654663086
2010-03-05,31.5,77.0,2.6734297275543213
2010-03-05,31.5,77.25,1.112636685371399
2010-03-05,31.5,77.5,0.4480462670326233
2010-03-05,31.75,76.5,0.0
2010-03-05,31.75,76.75,2.916356325149536
2010-03-05,31.75,77.0,26.712942123413086
2010-03-05,31.75,77.25,5.505478858947754
2010-03-05,31.75,77.5,3.244605541229248
2010-03-05,32.0,76.5,0.6050520539283752
2010-03-05,32.0,76.75,5.313260555267334
2010-03-05,32.0,77.0,17.69106674194336
2010-03-05,32.0,77.25,5.161925315856934
2010-03-05,32.0,77.5,10.049687385559082
2010-03-06,31.5,76.5,0.0
2010-03-06,31.5,76.75,0.0
2010-03-06,31.5,77.0,0.0
2010-03-06,31.5,77.25,0.0
2010-03-06,31.5,77.5,0.0
2010-03-06,31.75,76.5,0.0
2010-03-06,31.75,76.75,0.0
2010-03-06,31.75,77.0,0.0
2010-03-06,31.75,77.25,0.0
2010-03-06,31.75,77.5,0.0
2010-03-06,32.0,76.5,0.0
2010-03-06,32.0,76.75,0.0
2010-03-06,32.0,77.0,0.0
2010-03-06,32.0,77.25,0.0
2010-03-06,32.0,77.5,0.0
2010-03-07,31.5,76.5,0.0
2010-03-07,31.5,76.75,0.0
2010-03-07,31.5,77.0,0.0
2010-03-07,31.5,77.25,0.0
2010-03-07,31.5,77.5,0.0
2010-03-07,31.75,76.5,0.0
2010-03-07,31.75,76.75,0.0
2010-03-07,31.75,77.0,0.7484824657440186
2010-03-07,31.75,77.25,0.1338462233543396
2010-03-07,31.75,77.5,0.0
2010-03-07,32.0,76.5,0.0
2010-03-07,32.0,76.75,0.13716772198677063
2010-03-07,32.0,77.0,0.4001951217651367
2010-03-07,32.0,77.25,0.0
2010-03-07,32.0,77.5,0.2733116149902344
2010-03-08,31.5,76.5,0.0
2010-03-08,31.5,76.75,0.0
2010-03-08,31.5,77.0,0.0
2010-03-08,31.5,77.25,0.0
2010-03-08,31.5,77.5,0.0
2010-03-08,31.75,76.5,0.0
2010-03-08,31.75,76.75,0.0
2010-03-08,31.75,77.0,0.0
2010-03-08,31.75,77.25,0.0
2010-03-08,31.75,77.5,0.0
2010-03-08,32.0,76.5,0.0
2010-03-08,32.0,76.75,0.0
2010-03-08,32.0,77.0,0.0
2010-03-08,32.0,77.25,0.0
2010-03-08,32.0,77.5,0.0
2010-03-09,31.5,76.5,0.0
2010-03-09,31.5,76.75,0.0
2010-03-09,31.5,77.0,0.0
2010-03-09,31.5,77.25,0.0
2010-03-09,31.5,77.5,0.0
2010-03-09,31.75,76.5,0.0
2010-03-09,31.75,76.75,0.0
2010-03-09,31.75,77.0,6.532210826873779
2010-03-09,31.75,77.25,1.1681125164031982
2010-03-09,31.75,77.5,0.6974156498908997
2010-03-09,32.0,76.5,0.0
2010-03-09,32.0,76.75,1.197100043296814
2010-03-09,32.0,77.0,3.49261212348938
2010-03-09,32.0,77.25,0.7705893516540527
2010-03-09,32.0,77.5,2.3852651119232178
2010-03-10,31.5,76.5,0.0
2010-03-10,31.5,76.75,0.0
2010-03-10,31.5,77.0,0.1792086809873581
2010-03-10,31.5,77.25,3.622246503829956
2010-03-10,31.5,77.5,1.8817942142486572
2010-03-10,31.75,76.5,3.3048644065856934
2010-03-10,31.75,76.75,0.46966469287872314
2010-03-10,31.75,77.0,0.0
2010-03-10,31.75,77.25,2.850797653198242
2010-03-10,31.75,77.5,1.5829801559448242
2010-03-10,32.0,76.5,8.375895500183105
2010-03-10,32.0,76.75,7.850661754608154
2010-03-10,32.0,77.0,0.0
2010-03-10,32.0,77.25,0.11802307516336441
2010-03-10,32.0,77.5,0.8075062036514282
2010-03-11,31.5,76.5,0.0
2010-03-11,31.5,76.75,0.0
2010-03-11,31.5,77.0,0.0
2010-03-11,31.5,77.25,0.0
2010-03-11,31.5,77.5,0.0
2010-03-11,31.75,76.5,0.0
2010-03-11,31.75,76.75,0.0
2010-03-11,31.75,77.0,0.0
2010-03-11,31.75,77.25,0.0
2010-03-11,31.75,77.5,0.0
2010-03-11,32.0,76.5,0.0
2010-03-11,32.0,76.75,0.0
2010-03-11,32.0,77.0,0.0
2010-03-11,32.0,77.25,0.0
2010-03-11,32.0,77.5,0.0
2010-03-12,31.5,76.5,0.0
2010-03-12,31.5,76.75,0.0
2010-03-12,31.5,77.0,0.0
2010-03-12,31.5,77.25,0.0
2010-03-12,31.5,77.5,0.0
2010-03-12,31.75,76.5,0.0
2010-03-12,31.75,76.75,0.0
2010-03-12,31.75,77.0,0.0
2010-03-12,31.75,77.25,0.0
2010-03-12,31.75,77.5,0.0
2010-03-12,32.0,76.5,0.0
2010-03-12,32.0,76.75,0.0
2010-03-12,32.0,77.0,0.0
2010-03-12,32.0,77.25,0.0
2010-03-12,32.0,77.5,0.0
2010-03-13,31.5,76.5,0.0
2010-03-13,31.5,76.75,0.0
2010-03-13,31.5,77.0,0.0
2010-03-13,31.5,77.25,0.0
2010-03-13,31.5,77.5,0.0
2010-03-13,31.75,76.5,0.0
2010-03-13,31.75,76.75,0.0
2010-03-13,31.75,77.0,0.0
2010-03-13,31.75,77.25,0.0
2010-03-13,31.75,77.5,0.0
2010-03-13,32.0,76.5,0.0
2010-03-13,32.0,76.75,0.0
2010-03-13,32.0,77.0,0.0
2010-03-13,32.0,77.25,0.0
2010-03-13,32.0,77.5,0.0
2010-03-14,31.5,76.5,0.0
2010-03-14,31.5,76.75,0.0
2010-03-14,31.5,77.0,0.0
2010-03-14,31.5,77.25,0.0
2010-03-14,31.5,77.5,0.0
2010-03-14,31.75,76.5,0.0
2010-03-14,31.75,76.75,0.0
2010-03-14,31.75,77.0,0.0
2010-03-14,31.75,77.25,0.0
2010-03-14,31.75,77.5,0.0
2010-03-14,32.0,76.5,0.0
2010-03-14,32.0,76.75,0.0
2010-03-14,32.0,77.0,0.0
2010-03-14,32.0,77.25,0.0
2010-03-14,32.0,77.5,0.0
2010-03-15,31.5,76.5,0.0
2010-03-15,31.5,76.75,0.0
2010-03-15,31.5,77.0,0.0
2010-03-15,31.5,77.25,0.0
2010-03-15,31.5,77.5,0.0
2010-03-15,31.75,76.5,0.0
2010-03-15,31.75,76.75,0.0
2010-03-15,31.75,77.0,0.0
2010-03-15,31.75,77.25,0.0
2010-03-15,31.75,77.5,0.0
2010-03-15,32.0,76.5,0.0
2010-03-15,32.0,76.75,0.0
2010-03-15,32.0,77.0,0.0
2010-03-15,32.0,77.25,0.0
2010-03-15,32.0,77.5,0.0
2010-03-16,31.5,76.5,0.0
2010-03-16,31.5,76.75,0.0
2010-03-16,31.5,77.0,0.0
2010-03-16,31.5,77.25,0.0
2010-03-16,31.5,77.5,0.0
2010-03-16,31.75,76.5,0.0
2010-03-16,31.75,76.75,0.0
2010-03-16,31.75,77.0,0.0
2010-03-16,31.75,77.25,0.0
2010-03-16,31.75,77.5,0.0
2010-03-16,32.0,76.5,0.0
2010-03-16,32.0,76.75,0.0
2010-03-16,32.0,77.0,0.0
2010-03-16,32.0,77.25,0.0
2010-03-16,32.0,77.5,0.0
2010-03-17,31.5,76.5,0.0
2010-03-17,31.5,76.75,0.0
2010-03-17,31.5,77.0,0.0
2010-03-17,31.5,77.25,0.0
2010-03-17,31.5,77.5,0.0
2010-03-17,31.75,76.5,0.0
2010-03-17,31.75,76.75,0.0
2010-03-17,31.75,77.0,0.0
2010-03-17,31.75,77.25,0.0
2010-03-17,31.75,77.5,0.0
2010-03-17,32.0,76.5,0.0
2010-03-17,32.0,76.75,0.0
2010-03-17,32.0,77.0,0.0
2010-03-17,32.0,77.25,0.0
2010-03-17,32.0,77.5,0.0
2010-03-18,31.5,76.5,0.0
2010-03-18,31.5,76.75,0.0
2010-03-18,31.5,77.0,0.0
2010-03-18,31.5,77.25,0.0
2010-03-18,31.5,77.5,0.0
2010-03-18,31.75,76.5,0.0
2010-03-18,31.75,76.75,0.0
2010-03-18,31.75,77.0,0.0
2010-03-18,31.75,77.25,0.0
2010-03-18,31.75,77.5,0.0
2010-03-18,32.0,76.5,0.0
2010-03-18,32.0,76.75,0.0
2010-03-18,32.0,77.0,0.0
2010-03-18,32.0,77.25,0.0
2010-03-18,32.0,77.5,0.0
2010-03-19,31.5,76.5,0.0
2010-03-19,31.5,76.75,0.0
2010-03-19,31.5,77.0,0.0
2010-03-19,31.5,77.25,0.0
2010-03-19,31.5,77.5,0.0
2010-03-19,31.75,76.5,0.0
2010-03-19,31.75,76.75,0.0
2010-03-19,31.75,77.0,0.0
2010-03-19,31.75,77.25,0.0
2010-03-19,31.75,77.5,0.0
2010-03-19,32.0,76.5,0.0
2010-03-19,32.0,76.75,0.0
2010-03-19,32.0,77.0,0.0
2010-03-19,32.0,77.25,0.0
2010-03-19,32.0,77.5,0.0
2010-03-20,31.5,76.5,0.0
2010-03-20,31.5,76.75,0.0
2010-03-20,31.5,77.0,0.0
2010-03-20,31.5,77.25,0.34497588872909546
2010-03-20,31.5,77.5,0.2762461304664612
2010-03-20,31.75,76.5,0.0
2010-03-20,31.75,76.75,0.0
2010-03-20,31.75,77.0,0.0
2010-03-20,31.75,77.25,0.27150455117225647
2010-03-20,31.75,77.5,0.15076002478599548
2010-03-20,32.0,76.5,0.0
2010-03-20,32.0,76.75,0.0
2010-03-20,32.0,77.0,0.0
2010-03-20,32.0,77.25,0.0
2010-03-20,32.0,77.5,0.0
2010-03-21,31.5,76.5,0.0
2010-03-21,31.5,76.75,0.0
2010-03-21,31.5,77.0,0.0
2010-03-21,31.5,77.25,0.0
2010-03-21,31.5,77.5,0.0
2010-03-21,31.75,76.5,0.0
2010-03-21,31.75,76.75,0.0
2010-03-21,31.75,77.0,0.0
2010-03-21,31.75,77.25,0.0
2010-03-21,31.75,77.5,0.0
2010-03-21,32.0,76.5,0.0
2010-03-21,32.0,76.75,0.0
2010-03-21,32.0,77.0,0.0
2010-03-21,32.0,77.25,0.0
2010-03-21,32.0,77.5,0.0
2010-03-22,31.5,76.5,0.0
2010-03-22,31.5,76.75,0.0
2010-03-22,31.5,77.0,0.0
2010-03-22,31.5,77.25,0.0
2010-03-22,31.5,77.5,0.0
2010-03-22,31.75,76.5,0.0
2010-03-22,31.75,76.75,0.0
2010-03-22,31.75,77.0,0.0
2010-03-22,31.75,77.25,0.0
2010-03-22,31.75,77.5,0.0
2010-03-22,32.0,76.5,0.0
2010-03-22,32.0,76.75,0.0
2010-03-22,32.0,77.0,0.0
2010-03-22,32.0,77.25,0.0
2010-03-22,32.0,77.5,0.0
2010-03-23,31.5,76.5,0.0
2010-03-23,31.5,76.75,0.0
2010-03-23,31.5,77.0,0.0
2010-03-23,31.5,77.25,0.0
2010-03-23,31.5,77.5,0.0
2010-03-23,31.75,76.5,0.0
2010-03-23,31.75,76.75,0.0
2010-03-23,31.75,77.0,0.0
2010-03-23,31.75,77.25,0.0
2010-03-23,31.75,77.5,0.0
2010-03-23,32.0,76.5,0.0
2010-03-23,32.0,76.75,0.0
2010-03-23,32.0,77.0,0.0
2010-03-23,32.0,77.25,0.0
2010-03-23,32.0,77.5,0.0
2010-03-24,31.5,76.5,0.0
2010-03-24,31.5,76.75,0.0
2010-03-24,31.5,77.0,0.0
2010-03-24,31.5,77.25,0.0
2010-03-24,31.5,77.5,0.0
2010-03-24,31.75,76.5,0.0
2010-03-24,31.75,76.75,0.0
2010-03-24,31.75,77.0,0.0
2010-03-24,31.75,77.25,0.0
2010-03-24,31.75,77.5,0.0
2010-03-24,32.0,76.5,0.0
2010-03-24,32.0,76.75,0.0
2010-03-24,32.0,77.0,0.0
2010-03-24,32.0,77.25,0.0
2010-03-24,32.0,77.5,0.0
2010-03-25,31.5,76.5,0.0
2010-03-25,31.5,76.75,0.0
2010-03-25,31.5,77.0,0.0
2010-03-25,31.5,77.25,0.0
2010-03-25,31.5,77.5,0.0
2010-03-25,31.75,76.5,0.0
2010-03-25,31.75,76.75,0.0
2010-03-25,31.75,77.0,0.0
2010-03-25,31.75,77.25,0.0
2010-03-25,31.75,77.5,0.0
2010-03-25,32.0,76.5,0.0
2010-03-25,32.0,76.75,0.0
2010-03-25,32.0,77.0,0.0
2010-03-25,32.0,77.25,0.0
2010-03-25,32.0,77.5,0.0
2010-03-26,31.5,76.5,0.0
2010-03-26,31.5,76.75,0.0
2010-03-26,31.5,77.0,0.0
2010-03-26,31.5,77.25,0.0
2010-03-26,31.5,77.5,0.0
2010-03-26,31.75,76.5,0.0
2010-03-26,31.75,76.75,0.0
2010-03-26,31.75,77.0,0.0
2010-03-26,31.75,77.25,0.0
2010-03-26,31.75,77.5,0.0
2010-03-26,32.0,76.5,0.0
2010-03-26,32.0,76.75,0.0
2010-03-26,32.0,77.0,0.0
2010-03-26,32.0,77.25,0.0
2010-03-26,32.0,77.5,0.0
2010-03-27,31.5,76.5,0.0
2010-03-27,31.5,76.75,0.0
2010-03-27,31.5,77.0,0.0
2010-03-27,31.5,77.25,0.0
2010-03-27,31.5,77.5,0.0
2010-03-27,31.75,76.5,0.0
2010-03-27,31.75,76.75,0.0
2010-03-27,31.75,77.0,0.0
2010-03-27,31.75,77.25,0.0
2010-03-27,31.75,77.5,0.0
2010-03-27,32.0,76.5,0.0
2010-03-27,32.0,76.75,0.0
2010-03-27,32.0,77.0,0.0
2010-03-27,32.0,77.25,0.0
2010-03-27,32.0,77.5,0.0
2010-03-28,31.5,76.5,0.0
2010-03-28,31.5,76.75,0.0
2010-03-28,31.5,77.0,0.0
2010-03-28,31.5,77.25,0.0
2010-03-28,31.5,77.5,0.0
2010-03-28,31.75,76.5,0.0
2010-03-28,31.75,76.75,0.0
2010-03-28,31.75,77.0,0.0
2010-03-28,31.75,77.25,0.0
2010-03-28,31.75,77.5,0.0
2010-03-28,32.0,76.5,0.0
2010-03-28,32.0,76.75,0.0
2010-03-28,32.0,77.0,0.0
2010-03-28,32.0,77.25,0.0
2010-03-28,32.0,77.5,0.0
2010-03-29,31.5,76.5,0.3111079931259155
2010-03-29,31.5,76.75,0.0
2010-03-29,31.5,77.0,0.0
2010-03-29,31.5,77.25,0.2587319016456604
2010-03-29,31.5,77.5,0.23144152760505676
2010-03-29,31.75,76.5,3.0760304927825928
2010-03-29,31.75,76.75,0.0
2010-03-29,31.75,77.0,0.0
2010-03-29,31.75,77.25,0.20362842082977295
2010-03-29,31.75,77.5,0.11307002604007721
2010-03-29,32.0,76.5,0.9405499696731567
2010-03-29,32.0,76.75,0.0
2010-03-29,32.0,77.0,0.0
2010-03-29,32.0,77.25,0.0
2010-03-29,32.0,77.5,0.0
2010-03-30,31.5,76.5,4.709573268890381
2010-03-30,31.5,76.75,0.21687635779380798
2010-03-30,31.5,77.0,6.242970943450928
2010-03-30,31.5,77.25,26.38409996032715
2010-03-30,31.5,77.5,17.123449325561523
2010-03-30,31.75,76.5,0.5508107542991638
2010-03-30,31.75,76.75,0.0
2010-03-30,31.75,77.0,0.9086774587631226
2010-03-30,31.75,77.25,19.936378479003906
2010-03-30,31.75,77.5,11.072230339050293
2010-03-30,32.0,76.5,2.3815605640411377
2010-03-30,32.0,76.75,1.3583227396011353
2010-03-30,32.0,77.0,0.10929090529680252
2010-03-30,32.0,77.25,1.1478478908538818
2010-03-30,32.0,77.5,5.732702732086182
2010-03-31,31.5,76.5,0.33107689023017883
2010-03-31,31.5,76.75,3.4924283027648926
2010-03-31,31.5,77.0,1.3716596364974976
2010-03-31,31.5,77.25,0.13803967833518982
2010-03-31,31.5,77.5,0.0
2010-03-31,31.75,76.5,0.0
2010-03-31,31.75,76.75,0.38389623165130615
2010-03-31,31.75,77.0,5.443508625030518
2010-03-31,31.75,77.25,0.9734270572662354
2010-03-31,31.75,77.5,0.5811797380447388
2010-03-31,32.0,76.5,0.0
2010-03-31,32.0,76.75,0.9975833892822266
2010-03-31,32.0,77.0,2.1858179569244385
2010-03-31,32.0,77.25,0.5011297464370728
2010-03-31,32.0,77.5,1.9877208471298218
2010-04-01,31.5,76.5,0.0
2010-04-01,31.5,76.75,0.0
2010-04-01,31.5,77.0,0.0
2010-04-01,31.5,77.25,0.0
2010-04-01,31.5,77.5,0.0
2010-04-01,31.75,76.5,0.0
2010-04-01,31.75,76.75,0.0
2010-04-01,31.75,77.0,0.0
2010-04-01,31.75,77.25,0.0
2010-04-01,31.75,77.5,0.0
2010-04-01,32.0,76.5,0.0
2010-04-01,32.0,76.75,0.0
2010-04-01,32.0,77.0,0.0
2010-04-01,32.0,77.25,0.0
2010-04-01,32.0,77.5,0.0
2010-04-02,31.5,76.5,0.0
2010-04-02,31.5,76.75,0.0
2010-04-02,31.5,77.0,0.0
2010-04-02,31.5,77.25,0.0
2010-04-02,31.5,77.5,0.0
2010-04-02,31.75,76.5,0.0
2010-04-02,31.75,76.75,0.0
2010-04-02,31.75,77.0,0.0
2010-04-02,31.75,77.25,0.0
2010-04-02,31.75,77.5,0.0
2010-04-02,32.0,76.5,0.0
2010-04-02,32.0,76.75,0.0
2010-04-02,32.0,77.0,0.0
2010-04-02,32.0,77.25,0.0
2010-04-02,32.0,77.5,0.0
2010-04-03,31.5,76.5,0.0
2010-04-03,31.5,76.75,0.2706241309642792
2010-04-03,31.5,77.0,0.0
2010-04-03,31.5,77.25,1.9836111068725586
2010-04-03,31.5,77.5,1.0305063724517822
2010-04-03,31.75,76.5,0.0
2010-04-03,31.75,76.75,0.0
2010-04-03,31.75,77.0,0.0
2010-04-03,31.75,77.25,1.561151146888733
2010-04-03,31.75,77.5,0.8668701648712158
2010-04-03,32.0,76.5,0.4396630823612213
2010-04-03,32.0,76.75,0.0
2010-04-03,32.0,77.0,0.0
2010-04-03,32.0,77.25,0.0
2010-04-03,32.0,77.5,0.4422057569026947
2010-04-04,31.5,76.5,0.0
2010-04-04,31.5,76.75,0.0
2010-04-04,31.5,77.0,0.10240497440099716
2010-04-04,31.5,77.25,2.069855213165283
2010-04-04,31.5,77.5,1.6393001079559326
2010-04-04,31.75,76.5,0.0
2010-04-04,31.75,76.75,0.0
2010-04-04,31.75,77.0,0.0
2010-04-04,31.75,77.25,1.6290273666381836
2010-04-04,31.75,77.5,0.9045602083206177
2010-04-04,32.0,76.5,0.0
2010-04-04,32.0,76.75,0.0
2010-04-04,32.0,77.0,0.0
2010-04-04,32.0,77.25,0.0
2010-04-04,32.0,77.5,0.46143215894699097
2010-04-05,31.5,76.5,0.0
2010-04-05,31.5,76.75,0.0
2010-04-05,31.5,77.0,0.0
2010-04-05,31.5,77.25,0.0
2010-04-05,31.5,77.5,0.0
2010-04-05,31.75,76.5,0.0
2010-04-05,31.75,76.75,0.0
2010-04-05,31.75,77.0,0.0
2010-04-05,31.75,77.25,0.0
2010-04-05,31.75,77.5,0.0
2010-04-05,32.0,76.5,0.0
2010-04-05,32.0,76.75,0.0
2010-04-05,32.0,77.0,0.0
2010-04-05,32.0,77.25,0.0
2010-04-05,32.0,77.5,0.0
2010-04-06,31.5,76.5,0.0
2010-04-06,31.5,76.75,0.0
2010-04-06,31.5,77.0,0.0
2010-04-06,31.5,77.25,0.8624396920204163
2010-04-06,31.5,77.5,0.7883853316307068
2010-04-06,31.75,76.5,0.0
2010-04-06,31.75,76.75,0.0
2010-04-06,31.75,77.0,0.0
2010-04-06,31.75,77.25,0.67876136302948
2010-04-06,31.75,77.5,0.3769000768661499
2010-04-06,32.0,76.5,0.0
2010-04-06,32.0,76.75,0.0
2010-04-06,32.0,77.0,0.0
2010-04-06,32.0,77.25,0.0
2010-04-06,32.0,77.5,0.1922633796930313
2010-04-07,31.5,76.5,0.0
2010-04-07,31.5,76.75,0.0
2010-04-07,31.5,77.0,0.14507371187210083
2010-04-07,31.5,77.25,2.9322948455810547
2010-04-07,31.5,77.5,1.5233573913574219
2010-04-07,31.75,76.5,0.0
2010-04-07,31.75,76.75,0.0
2010-04-07,31.75,77.0,0.0
2010-04-07,31.75,77.25,2.307788610458374
2010-04-07,31.75,77.5,1.2814602851867676
2010-04-07,32.0,76.5,0.0
2010-04-07,32.0,76.75,0.0
2010-04-07,32.0,77.0,0.0
2010-04-07,32.0,77.25,0.13028980791568756
2010-04-07,32.0,77.5,0.6536955237388611
2010-04-08,31.5,76.5,0.0
2010-04-08,31.5,76.75,0.0
2010-04-08,31.5,77.0,0.0
2010-04-08,31.5,77.25,0.0
2010-04-08,31.5,77.5,0.0
2010-04-08,31.75,76.5,0.0
2010-04-08,31.75,76.75,0.0
2010-04-08,31.75,77.0,0.0
2010-04-08,31.75,77.25,0.0
2010-04-08,31.75,77.5,0.0
2010-04-08,32.0,76.5,0.6594946384429932
2010-04-08,32.0,76.75,0.0
2010-04-08,32.0,77.0,0.0
2010-04-08,32.0,77.25,0.0
2010-04-08,32.0,77.5,0.0
2010-04-09,31.5,76.5,0.0
2010-04-09,31.5,76.75,0.0
2010-04-09,31.5,77.0,0.0
2010-04-09,31.5,77.25,0.0
2010-04-09,31.5,77.5,0.0
2010-04-09,31.75,76.5,0.0
2010-04-09,31.75,76.75,0.0
2010-04-09,31.75,77.0,0.0
2010-04-09,31.75,77.25,0.0
2010-04-09,31.75,77.5,0.0
2010-04-09,32.0,76.5,0.0
2010-04-09,32.0,76.75,0.0
2010-04-09,32.0,77.0,0.0
2010-04-09,32.0,77.25,0.0
2010-04-09,32.0,77.5,0.0
2010-04-10,31.5,76.5,0.0
2010-04-10,31.5,76.75,0.0
2010-04-10,31.5,77.0,0.0
2010-04-10,31.5,77.25,1.8973673582077026
2010-04-10,31.5,77.5,0.9857017993927002
2010-04-10,31.75,76.5,0.0
2010-04-10,31.75,76.75,0.0
2010-04-10,31.75,77.0,0.0
2010-04-10,31.75,77.25,1.4932750463485718
2010-04-10,31.75,77.5,0.8291801810264587
2010-04-10,32.0,76.5,0.0
2010-04-10,32.0,76.75,0.0
2010-04-10,32.0,77.0,0.0
2010-04-10,32.0,77.25,0.0
2010-04-10,32.0,77.5,0.4229794442653656
2010-04-11,31.5,76.5,0.0
2010-04-11,31.5,76.75,0.0
2010-04-11,31.5,77.0,0.0
2010-04-11,31.5,77.25,0.0
2010-04-11,31.5,77.5,1.351628065109253
2010-04-11,31.75,76.5,1.2714991569519043
2010-04-11,31.75,76.75,0.0
2010-04-11,31.75,77.0,0.0
2010-04-11,31.75,77.25,0.0
2010-04-11,31.75,77.5,0.0
2010-04-11,32.0,76.5,0.2687285542488098
2010-04-11,32.0,76.75,0.0
2010-04-11,32.0,77.0,0.0
2010-04-11,32.0,77.25,0.0
2010-04-11,32.0,77.5,0.0
2010-04-12,31.5,76.5,0.0
2010-04-12,31.5,76.75,0.0
2010-04-12,31.5,77.0,0.14080682396888733
2010-04-12,31.5,77.25,2.913778305053711
2010-04-12,31.5,77.5,2.401057481765747
2010-04-12,31.75,76.5,0.0
2010-04-12,31.75,76.75,0.0
2010-04-12,31.75,77.0,0.0
2010-04-12,31.75,77.25,2.239912509918213
2010-04-12,31.75,77.5,1.2437702417373657
2010-04-12,32.0,76.5,0.5275957584381104
2010-04-12,32.0,76.75,0.0
2010-04-12,32.0,77.0,0.0
2010-04-12,32.0,77.25,0.12645773589611053
2010-04-12,32.0,77.5,0.6344690918922424
2010-04-13,31.5,76.5,0.0
2010-04-13,31.5,76.75,0.18041609227657318
2010-04-13,31.5,77.0,0.0
2010-04-13,31.5,77.25,0.13545531034469604
2010-04-13,31.5,77.5,1.2693977355957031
2010-04-13,31.75,76.5,0.5508107542991638
2010-04-13,31.75,76.75,0.0
2010-04-13,31.75,77.0,0.8165263533592224
2010-04-13,31.75,77.25,0.14601406455039978
2010-04-13,31.75,77.5,0.0
2010-04-13,32.0,76.5,1.9858638048171997
2010-04-13,32.0,76.75,1.4580811262130737
2010-04-13,32.0,77.0,0.32787272334098816
2010-04-13,32.0,77.25,0.0
2010-04-13,32.0,77.5,0.2981581389904022
2010-04-14,31.5,76.5,0.9053122401237488
2010-04-14,31.5,76.75,0.0
2010-04-14,31.5,77.0,0.27307993173599243
2010-04-14,31.5,77.25,5.519614219665527
2010-04-14,31.5,77.5,3.193037986755371
2010-04-14,31.75,76.5,1.8618420362472534
2010-04-14,31.75,76.75,0.0
2010-04-14,31.75,77.0,0.13903115689754486
2010-04-14,31.75,77.25,4.3440728187561035
2010-04-14,31.75,77.5,2.4121603965759277
2010-04-14,32.0,76.5,0.1318989396095276
2010-04-14,32.0,76.75,0.0
2010-04-14,32.0,77.0,0.0
2010-04-14,32.0,77.25,0.2452513873577118
2010-04-14,32.0,77.5,1.2304856777191162
2010-04-15,31.5,76.5,0.0
2010-04-15,31.5,76.75,0.0
2010-04-15,31.5,77.0,0.0
2010-04-15,31.5,77.25,0.0
2010-04-15,31.5,77.5,1.1313575506210327
2010-04-15,31.75,76.5,0.0
2010-04-15,31.75,76.75,0.0
2010-04-15,31.75,77.0,0.0
2010-04-15,31.75,77.25,0.0
2010-04-15,31.75,77.5,0.0
2010-04-15,32.0,76.5,0.0
2010-04-15,32.0,76.75,0.0
2010-04-15,32.0,77.0,0.0
2010-04-15,32.0,77.25,0.0
2010-04-15,32.0,77.5,0.0
2010-04-16,31.5,76.5,0.0
2010-04-16,31.5,76.75,0.0
2010-04-16,31.5,77.0,0.0
2010-04-16,31.5,77.25,0.15803119540214539
2010-04-16,31.5,77.5,0.7694622278213501
2010-04-16,31.75,76.5,2.81298828125
2010-04-16,31.75,76.75,0.0
2010-04-16,31.75,77.0,0.0
2010-04-16,31.75,77.25,0.0
2010-04-16,31.75,77.5,0.0
2010-04-16,32.0,76.5,1.3436427116394043
2010-04-16,32.0,76.75,0.0
2010-04-16,32.0,77.0,0.0
2010-04-16,32.0,77.25,0.0
2010-04-16,32.0,77.5,0.0
2010-04-17,31.5,76.5,15.81862735748291
2010-04-17,31.5,76.75,0.759067177772522
2010-04-17,31.5,77.0,0.7296354174613953
2010-04-17,31.5,77.25,14.83802318572998
2010-04-17,31.5,77.5,8.967137336730957
2010-04-17,31.75,76.5,10.106385231018066
2010-04-17,31.75,76.75,0.0
2010-04-17,31.75,77.0,0.37147387862205505
2010-04-17,31.75,77.25,11.606820106506348
2010-04-17,31.75,77.5,6.444991111755371
2010-04-17,32.0,76.5,12.147439002990723
2010-04-17,32.0,76.75,0.0
2010-04-17,32.0,77.0,0.0
2010-04-17,32.0,77.25,0.6552810072898865
2010-04-17,32.0,77.5,3.2877039909362793
2010-04-18,31.5,76.5,0.6401668190956116
2010-04-18,31.5,76.75,0.0
2010-04-18,31.5,77.0,0.7851047515869141
2010-04-18,31.5,77.25,15.914039611816406
2010-04-18,31.5,77.5,12.703328132629395
2010-04-18,31.75,76.5,27.01058006286621
2010-04-18,31.75,76.75,2.817988157272339
2010-04-18,31.75,77.0,0.39971455931663513
2010-04-18,31.75,77.25,12.489209175109863
2010-04-18,31.75,77.5,6.934961318969727
2010-04-18,32.0,76.5,48.804481506347656
2010-04-18,32.0,76.75,47.103965759277344
2010-04-18,32.0,77.0,0.0
2010-04-18,32.0,77.25,0.7050977349281311
2010-04-18,32.0,77.5,3.5376460552215576
2010-04-19,31.5,76.5,0.10274024307727814
2010-04-19,31.5,76.75,0.6549133658409119
2010-04-19,31.5,77.0,8.12795352935791
2010-04-19,31.5,77.25,8.471722602844238
2010-04-19,31.5,77.5,5.177167892456055
2010-04-19,31.75,76.5,6.6409101486206055
2010-04-19,31.75,76.75,1.9099645614624023
2010-04-19,31.75,77.0,11.792040824890137
2010-04-19,31.75,77.25,7.677916049957275
2010-04-19,31.75,77.5,4.348747730255127
2010-04-19,32.0,76.5,13.687527656555176
2010-04-19,32.0,76.75,16.04070472717285
2010-04-19,32.0,77.0,4.676424026489258
2010-04-19,32.0,77.25,1.370432734489441
2010-04-19,32.0,77.5,5.7699995040893555
2010-04-20,31.5,76.5,0.18966874480247498
2010-04-20,31.5,76.75,1.804160714149475
2010-04-20,31.5,77.0,0.0
2010-04-20,31.5,77.25,0.17248794436454773
2010-04-20,31.5,77.5,0.5631244778633118
2010-04-20,31.75,76.5,1.9278377294540405
2010-04-20,31.75,76.75,0.48148253560066223
2010-04-20,31.75,77.0,11.57180118560791
2010-04-20,31.75,77.25,2.204284906387329
2010-04-20,31.75,77.5,1.3103868961334229
2010-04-20,32.0,76.5,5.939298152923584
2010-04-20,32.0,76.75,6.699417591094971
2010-04-20,32.0,77.0,4.644863605499268
2010-04-20,32.0,77.25,1.0725648403167725
2010-04-20,32.0,77.5,4.262359619140625
2010-04-21,31.5,76.5,0.7586749792098999
2010-04-21,31.5,76.75,7.451106071472168
2010-04-21,31.5,77.0,2.352931261062622
2010-04-21,31.5,77.25,10.677058219909668
2010-04-21,31.5,77.5,5.4661641120910645
2010-04-21,31.75,76.5,0.0
2010-04-21,31.75,76.75,4.271212577819824
2010-04-21,31.75,77.0,10.41528034210205
2010-04-21,31.75,77.25,10.274445533752441
2010-04-21,31.75,77.5,5.7645697593688965
2010-04-21,32.0,76.5,0.0
2010-04-21,32.0,76.75,2.4832565784454346
2010-04-21,32.0,77.0,5.071127891540527
2010-04-21,32.0,77.25,2.7659146785736084
2010-04-21,32.0,77.5,6.447855472564697
2010-04-22,31.5,76.5,3.3192031383514404
2010-04-22,31.5,76.75,32.19093704223633
2010-04-22,31.5,77.0,3.296452760696411
2010-04-22,31.5,77.25,1.224763035774231
2010-04-22,31.5,77.5,0.4928508996963501
2010-04-22,31.75,76.5,0.0
2010-04-22,31.75,76.75,20.101573944091797
2010-04-22,31.75,77.0,8.650473594665527
2010-04-22,31.75,77.25,1.8988960981369019
2010-04-22,31.75,77.5,1.0074224472045898
2010-04-22,32.0,76.5,0.0
2010-04-22,32.0,76.75,4.426548480987549
2010-04-22,32.0,77.0,3.8323497772216797
2010-04-22,32.0,77.25,0.8583837151527405
2010-04-22,32.0,77.5,2.2602553367614746
2010-04-23,31.5,76.5,0.0
2010-04-23,31.5,76.75,0.0
2010-04-23,31.5,77.0,0.0
2010-04-23,31.5,77.25,0.0
2010-04-23,31.5,77.5,0.0
2010-04-23,31.75,76.5,0.0
2010-04-23,31.75,76.75,0.0
2010-04-23,31.75,77.0,1.496964931488037
2010-04-23,31.75,77.25,0.2676924467086792
2010-04-23,31.75,77.5,0.1598244160413742
2010-04-23,32.0,76.5,0.0
2010-04-23,32.0,76.75,0.27433544397354126
2010-04-23,32.0,77.0,0.6011000275611877
2010-04-23,32.0,77.25,0.13781067728996277
2010-04-23,32.0,77.5,0.5466232299804688
2010-04-24,31.5,76.5,0.0
2010-04-24,31.5,76.75,0.0
2010-04-24,31.5,77.0,0.0
2010-04-24,31.5,77.25,0.0
2010-04-24,31.5,77.5,0.0
2010-04-24,31.75,76.5,0.0
2010-04-24,31.75,76.75,0.0
2010-04-24,31.75,77.0,0.0
2010-04-24,31.75,77.25,0.0
2010-04-24,31.75,77.5,0.0
2010-04-24,32.0,76.5,0.0
2010-04-24,32.0,76.75,0.0
2010-04-24,32.0,77.0,0.0
2010-04-24,32.0,77.25,0.0
2010-04-24,32.0,77.5,0.0
2010-04-25,31.5,76.5,0.0
2010-04-25,31.5,76.75,0.0
2010-04-25,31.5,77.0,0.0
2010-04-25,31.5,77.25,0.0
2010-04-25,31.5,77.5,0.0
2010-04-25,31.75,76.5,0.0
2010-04-25,31.75,76.75,0.0
2010-04-25,31.75,77.0,0.0
2010-04-25,31.75,77.25,0.0
2010-04-25,31.75,77.5,0.0
2010-04-25,32.0,76.5,0.0
2010-04-25,32.0,76.75,0.0
2010-04-25,32.0,77.0,0.0
2010-04-25,32.0,77.25,0.0
2010-04-25,32.0,77.5,0.0
2010-04-26,31.5,76.5,0.0
2010-04-26,31.5,76.75,0.0
2010-04-26,31.5,77.0,0.0
2010-04-26,31.5,77.25,0.0
2010-04-26,31.5,77.5,0.0
2010-04-26,31.75,76.5,0.0
2010-04-26,31.75,76.75,0.0
2010-04-26,31.75,77.0,0.0
2010-04-26,31.75,77.25,0.0
2010-04-26,31.75,77.5,0.0
2010-04-26,32.0,76.5,0.0
2010-04-26,32.0,76.75,0.0
2010-04-26,32.0,77.0,0.0
2010-04-26,32.0,77.25,0.0
2010-04-26,32.0,77.5,0.0
2010-04-27,31.5,76.5,0.0
2010-04-27,31.5,76.75,0.0
2010-04-27,31.5,77.0,0.0
2010-04-27,31.5,77.25,0.0
2010-04-27,31.5,77.5,0.0
2010-04-27,31.75,76.5,0.0
2010-04-27,31.75,76.75,0.0
2010-04-27,31.75,77.0,0.0
2010-04-27,31.75,77.25,0.0
2010-04-27,31.75,77.5,0.0
2010-04-27,32.0,76.5,0.0
2010-04-27,32.0,76.75,0.0
2010-04-27,32.0,77.0,0.0
2010-04-27,32.0,77.25,0.0
2010-04-27,32.0,77.5,0.0
2010-04-28,31.5,76.5,0.0
2010-04-28,31.5,76.75,0.0
2010-04-28,31.5,77.0,0.14462792873382568
2010-04-28,31.5,77.25,0.0
2010-04-28,31.5,77.5,0.0
2010-04-28,31.75,76.5,0.0
2010-04-28,31.75,76.75,0.1663231998682022
2010-04-28,31.75,77.0,0.3136809468269348
2010-04-28,31.75,77.25,0.0
2010-04-28,31.75,77.5,0.0
2010-04-28,32.0,76.5,0.0
2010-04-28,32.0,76.75,0.10793816298246384
2010-04-28,32.0,77.0,0.11898188292980194
2010-04-28,32.0,77.25,0.0
2010-04-28,32.0,77.5,0.0
2010-04-29,31.5,76.5,0.0
2010-04-29,31.5,76.75,0.0
2010-04-29,31.5,77.0,0.0
2010-04-29,31.5,77.25,0.0
2010-04-29,31.5,77.5,0.0
2010-04-29,31.75,76.5,0.0
2010-04-29,31.75,76.75,0.0
2010-04-29,31.75,77.0,0.0
2010-04-29,31.75,77.25,0.0
2010-04-29,31.75,77.5,0.0
2010-04-29,32.0,76.5,0.0
2010-04-29,32.0,76.75,0.0
2010-04-29,32.0,77.0,0.0
2010-04-29,32.0,77.25,0.0
2010-04-29,32.0,77.5,0.0
2010-04-30,31.5,76.5,0.0
2010-04-30,31.5,76.75,0.0
2010-04-30,31.5,77.0,0.0
2010-04-30,31.5,77.25,0.0
2010-04-30,31.5,77.5,0.0
2010-04-30,31.75,76.5,0.0
2010-04-30,31.75,76.75,0.0
2010-04-30,31.75,77.0,0.0
2010-04-30,31.75,77.25,0.0
2010-04-30,31.75,77.5,0.0
2010-04-30,32.0,76.5,0.0
2010-04-30,32.0,76.75,0.0
2010-04-30,32.0,77.0,0.0
2010-04-30,32.0,77.25,0.0
2010-04-30,32.0,77.5,0.0
2010-05-01,31.5,76.5,3.247091770172119
2010-05-01,31.5,76.75,1.4108235836029053
2010-05-01,31.5,77.0,3.1650850772857666
2010-05-01,31.5,77.25,0.5867651104927063
2010-05-01,31.5,77.5,0.38811054825782776
2010-05-01,31.75,76.5,0.0
2010-05-01,31.75,76.75,0.1245068833231926
2010-05-01,31.75,77.0,0.0
2010-05-01,31.75,77.25,0.8152751326560974
2010-05-01,31.75,77.5,0.6020439267158508
2010-05-01,32.0,76.5,0.0
2010-05-01,32.0,76.75,0.0
2010-05-01,32.0,77.0,3.266813039779663
2010-05-01,32.0,77.25,4.7464985847473145
2010-05-01,32.0,77.5,2.4405195713043213
2010-05-02,31.5,76.5,1.0307285785675049
2010-05-02,31.5,76.75,4.510401725769043
2010-05-02,31.5,77.0,0.4821567237377167
2010-05-02,31.5,77.25,9.835872650146484
2010-05-02,31.5,77.5,7.003475666046143
2010-05-02,31.75,76.5,2.6597743034362793
2010-05-02,31.75,76.75,0.5187786817550659
2010-05-02,31.75,77.0,7.934433937072754
2010-05-02,31.75,77.25,9.04496955871582
2010-05-02,31.75,77.5,5.079887390136719
2010-05-02,32.0,76.5,0.0
2010-05-02,32.0,76.75,1.4090864658355713
2010-05-02,32.0,77.0,3.087468147277832
2010-05-02,32.0,77.25,1.1408677101135254
2010-05-02,32.0,77.5,4.980231761932373
2010-05-03,31.5,76.5,1.3805416822433472
2010-05-03,31.5,76.75,0.0
2010-05-03,31.5,77.0,0.0
2010-05-03,31.5,77.25,0.0
2010-05-03,31.5,77.5,0.0
2010-05-03,31.75,76.5,6.294799327850342
2010-05-03,31.75,76.75,0.0
2010-05-03,31.75,77.0,0.0
2010-05-03,31.75,77.25,0.0
2010-05-03,31.75,77.5,0.0
2010-05-03,32.0,76.5,0.0
2010-05-03,32.0,76.75,0.0
2010-05-03,32.0,77.0,0.0
2010-05-03,32.0,77.25,0.0
2010-05-03,32.0,77.5,0.0
2010-05-04,31.5,76.5,0.0
2010-05-04,31.5,76.75,0.0
2010-05-04,31.5,77.0,0.0
2010-05-04,31.5,77.25,0.0
2010-05-04,31.5,77.5,0.0
2010-05-04,31.75,76.5,0.0
2010-05-04,31.75,76.75,0.0
2010-05-04,31.75,77.0,0.0
2010-05-04,31.75,77.25,0.0
2010-05-04,31.75,77.5,0.0
2010-05-04,32.0,76.5,0.0
2010-05-04,32.0,76.75,0.0
2010-05-04,32.0,77.0,0.0
2010-05-04,32.0,77.25,0.0
2010-05-04,32.0,77.5,0.0
2010-05-05,31.5,76.5,0.0
2010-05-05,31.5,76.75,0.0
2010-05-05,31.5,77.0,0.0
2010-05-05,31.5,77.25,0.0
2010-05-05,31.5,77.5,0.0
2010-05-05,31.75,76.5,2.3678343296051025
2010-05-05,31.75,76.75,0.0
2010-05-05,31.75,77.0,0.0
2010-05-05,31.75,77.25,0.0
2010-05-05,31.75,77.5,0.0
2010-05-05,32.0,76.5,1.3436427116394043
2010-05-05,32.0,76.75,0.0
2010-05-05,32.0,77.0,3.3263838291168213
2010-05-05,32.0,77.25,1.455313801765442
2010-05-05,32.0,77.5,0.0
2010-05-06,31.5,76.5,3.339069128036499
2010-05-06,31.5,76.75,10.243780136108398
2010-05-06,31.5,77.0,4.707309722900391
2010-05-06,31.5,77.25,10.223318099975586
2010-05-06,31.5,77.5,6.721503257751465
2010-05-06,31.75,76.5,1.1906522512435913
2010-05-06,31.75,76.75,3.8564395904541016
2010-05-06,31.75,77.0,9.052793502807617
2010-05-06,31.75,77.25,12.151891708374023
2010-05-06,31.75,77.5,7.208979606628418
2010-05-06,32.0,76.5,3.0484352111816406
2010-05-06,32.0,76.75,4.773700714111328
2010-05-06,32.0,77.0,15.322328567504883
2010-05-06,32.0,77.25,18.371191024780273
2010-05-06,32.0,77.5,13.7491455078125
2010-05-07,31.5,76.5,14.269989967346191
2010-05-07,31.5,76.75,0.9780067801475525
2010-05-07,31.5,77.0,4.326494216918945
2010-05-07,31.5,77.25,1.6250301599502563
2010-05-07,31.5,77.5,1.0781910419464111
2010-05-07,31.75,76.5,0.4735668897628784
2010-05-07,31.75,76.75,0.0
2010-05-07,31.75,77.0,0.7723784446716309
2010-05-07,31.75,77.25,1.182437539100647
2010-05-07,31.75,77.5,0.7174815535545349
2010-05-07,32.0,76.5,0.2687285542488098
2010-05-07,32.0,76.75,0.13716772198677063
2010-05-07,32.0,77.0,3.548457384109497
2010-05-07,32.0,77.25,2.760728359222412
2010-05-07,32.0,77.5,1.3886975049972534
2010-05-08,31.5,76.5,3.971881628036499
2010-05-08,31.5,76.75,8.685580253601074
2010-05-08,31.5,77.0,8.006146430969238
2010-05-08,31.5,77.25,12.371484756469727
2010-05-08,31.5,77.5,7.959208965301514
2010-05-08,31.75,76.5,1.3770267963409424
2010-05-08,31.75,76.75,11.79395580291748
2010-05-08,31.75,77.0,13.505955696105957
2010-05-08,31.75,77.25,12.801794052124023
2010-05-08,31.75,77.5,7.003610134124756
2010-05-08,32.0,76.5,7.629774570465088
2010-05-08,32.0,76.75,7.863481044769287
2010-05-08,32.0,77.0,9.411544799804688
2010-05-08,32.0,77.25,9.711552619934082
2010-05-08,32.0,77.5,10.429729461669922
2010-05-09,31.5,76.5,0.0
2010-05-09,31.5,76.75,0.0
2010-05-09,31.5,77.0,0.0
2010-05-09,31.5,77.25,0.0
2010-05-09,31.5,77.5,0.47351524233818054
2010-05-09,31.75,76.5,0.0
2010-05-09,31.75,76.75,0.0
2010-05-09,31.75,77.0,0.0
2010-05-09,31.75,77.25,0.0
2010-05-09,31.75,77.5,0.0
2010-05-09,32.0,76.5,0.0
2010-05-09,32.0,76.75,0.0
2010-05-09,32.0,77.0,0.0
2010-05-09,32.0,77.25,0.0
2010-05-09,32.0,77.5,0.0
2010-05-10,31.5,76.5,0.0
2010-05-10,31.5,76.75,0.0
2010-05-10,31.5,77.0,0.0
2010-05-10,31.5,77.25,0.0
2010-05-10,31.5,77.5,0.0
2010-05-10,31.75,76.5,0.0
2010-05-10,31.75,76.75,0.0
2010-05-10,31.75,77.0,0.0
2010-05-10,31.75,77.25,0.0
2010-05-10,31.75,77.5,0.0
2010-05-10,32.0,76.5,0.0
2010-05-10,32.0,76.75,0.0
2010-05-10,32.0,77.0,0.0
2010-05-10,32.0,77.25,0.0
2010-05-10,32.0,77.5,0.0
2010-05-11,31.5,76.5,0.23264861106872559
2010-05-11,31.5,76.75,2.4165356159210205
2010-05-11,31.5,77.0,0.46419763565063477
2010-05-11,31.5,77.25,3.5360026359558105
2010-05-11,31.5,77.5,1.8369895219802856
2010-05-11,31.75,76.5,1.9278377294540405
2010-05-11,31.75,76.75,4.537528991699219
2010-05-11,31.75,77.0,3.871347188949585
2010-05-11,31.75,77.25,3.6809234619140625
2010-05-11,31.75,77.5,2.066124200820923
2010-05-11,32.0,76.5,5.634612083435059
2010-05-11,32.0,76.75,5.988644123077393
2010-05-11,32.0,77.0,3.1904683113098145
2010-05-11,32.0,77.25,2.414156675338745
2010-05-11,32.0,77.5,2.7108829021453857
2010-05-12,31.5,76.5,1.5698577165603638
2010-05-12,31.5,76.75,0.0
2010-05-12,31.5,77.0,0.0
2010-05-12,31.5,77.25,0.0
2010-05-12,31.5,77.5,0.0
2010-05-12,31.75,76.5,0.0
2010-05-12,31.75,76.75,0.0
2010-05-12,31.75,77.0,0.0
2010-05-12,31.75,77.25,0.0
2010-05-12,31.75,77.5,0.0
2010-05-12,32.0,76.5,0.0
2010-05-12,32.0,76.75,0.0
2010-05-12,32.0,77.0,0.0
2010-05-12,32.0,77.25,0.0
2010-05-12,32.0,77.5,0.0
2010-05-13,31.5,76.5,0.0
2010-05-13,31.5,76.75,0.0
2010-05-13,31.5,77.0,0.0
2010-05-13,31.5,77.25,0.0
2010-05-13,31.5,77.5,0.0
2010-05-13,31.75,76.5,0.0
2010-05-13,31.75,76.75,0.0
2010-05-13,31.75,77.0,0.0
2010-05-13,31.75,77.25,0.0
2010-05-13,31.75,77.5,0.0
2010-05-13,32.0,76.5,0.0
2010-05-13,32.0,76.75,0.0
2010-05-13,32.0,77.0,0.0
2010-05-13,32.0,77.25,0.0
2010-05-13,32.0,77.5,0.0
2010-05-14,31.5,76.5,0.0
2010-05-14,31.5,76.75,0.0
2010-05-14,31.5,77.0,0.0
2010-05-14,31.5,77.25,1.7248793840408325
2010-05-14,31.5,77.5,0.8960925340652466
2010-05-14,31.75,76.5,0.0
2010-05-14,31.75,76.75,0.0
2010-05-14,31.75,77.0,1.4043244123458862
2010-05-14,31.75,77.25,1.600879430770874
2010-05-14,31.75,77.5,0.8990950584411621
2010-05-14,32.0,76.5,0.0
2010-05-14,32.0,76.75,0.24939584732055664
2010-05-14,32.0,77.0,0.7276275157928467
2010-05-14,32.0,77.25,0.2167409062385559
2010-05-14,32.0,77.5,0.8814569711685181
2010-05-15,31.5,76.5,0.0
2010-05-15,31.5,76.75,0.0
2010-05-15,31.5,77.0,0.0
2010-05-15,31.5,77.25,0.0
2010-05-15,31.5,77.5,0.9322331547737122
2010-05-15,31.75,76.5,0.0
2010-05-15,31.75,76.75,0.0
2010-05-15,31.75,77.0,0.0
2010-05-15,31.75,77.25,0.0
2010-05-15,31.75,77.5,0.0
2010-05-15,32.0,76.5,0.0
2010-05-15,32.0,76.75,0.0
2010-05-15,32.0,77.0,0.0
2010-05-15,32.0,77.25,0.0
2010-05-15,32.0,77.5,0.0
2010-05-16,31.5,76.5,0.0
2010-05-16,31.5,76.75,0.0
2010-05-16,31.5,77.0,0.0
2010-05-16,31.5,77.25,0.0
2010-05-16,31.5,77.5,0.0
2010-05-16,31.75,76.5,0.0
2010-05-16,31.75,76.75,0.0
2010-05-16,31.75,77.0,0.0
2010-05-16,31.75,77.25,0.0
2010-05-16,31.75,77.5,0.0
2010-05-16,32.0,76.5,0.0
2010-05-16,32.0,76.75,0.0
2010-05-16,32.0,77.0,0.7676270008087158
2010-05-16,32.0,77.25,0.3358415961265564
2010-05-16,32.0,77.5,0.0
2010-05-17,31.5,76.5,0.0
2010-05-17,31.5,76.75,0.0
2010-05-17,31.5,77.0,0.0
2010-05-17,31.5,77.25,0.0
2010-05-17,31.5,77.5,0.0
2010-05-17,31.75,76.5,0.0
2010-05-17,31.75,76.75,0.0
2010-05-17,31.75,77.0,0.0
2010-05-17,31.75,77.25,0.0
2010-05-17,31.75,77.5,0.0
2010-05-17,32.0,76.5,0.0
2010-05-17,32.0,76.75,0.0
2010-05-17,32.0,77.0,0.0
2010-05-17,32.0,77.25,0.0
2010-05-17,32.0,77.5,0.0
2010-05-18,31.5,76.5,0.0
2010-05-18,31.5,76.75,0.0
2010-05-18,31.5,77.0,0.17067494988441467
2010-05-18,31.5,77.25,3.449758768081665
2010-05-18,31.5,77.5,1.7921850681304932
2010-05-18,31.75,76.5,3.3048644065856934
2010-05-18,31.75,76.75,0.46966469287872314
2010-05-18,31.75,77.0,2.8086488246917725
2010-05-18,31.75,77.25,3.201758861541748
2010-05-18,31.75,77.5,1.7981901168823242
2010-05-18,32.0,76.5,7.166821479797363
2010-05-18,32.0,76.75,8.34945297241211
2010-05-18,32.0,77.0,1.6684848070144653
2010-05-18,32.0,77.25,0.5267711877822876
2010-05-18,32.0,77.5,1.7629139423370361
2010-05-19,31.5,76.5,0.6600809097290039
2010-05-19,31.5,76.75,3.8360583782196045
2010-05-19,31.5,77.0,6.827456474304199
2010-05-19,31.5,77.25,8.229366302490234
2010-05-19,31.5,77.5,7.2779765129089355
2010-05-19,31.75,76.5,1.418546438217163
2010-05-19,31.75,76.75,8.476733207702637
2010-05-19,31.75,77.0,8.133111953735352
2010-05-19,31.75,77.25,7.004819393157959
2010-05-19,31.75,77.5,3.775122880935669
2010-05-19,32.0,76.5,2.945742607116699
2010-05-19,32.0,76.75,2.971860408782959
2010-05-19,32.0,77.0,6.390022277832031
2010-05-19,32.0,77.25,3.0112547874450684
2010-05-19,32.0,77.5,4.11223840713501
2010-05-20,31.5,76.5,2.3547866344451904
2010-05-20,31.5,76.75,0.10843817889690399
2010-05-20,31.5,77.0,0.0
2010-05-20,31.5,77.25,0.0
2010-05-20,31.5,77.5,0.0
2010-05-20,31.75,76.5,0.0
2010-05-20,31.75,76.75,0.0
2010-05-20,31.75,77.0,0.0
2010-05-20,31.75,77.25,0.0
2010-05-20,31.75,77.5,0.0
2010-05-20,32.0,76.5,0.0
2010-05-20,32.0,76.75,0.0
2010-05-20,32.0,77.0,0.0
2010-05-20,32.0,77.25,0.0
2010-05-20,32.0,77.5,0.0
2010-05-21,31.5,76.5,0.0
2010-05-21,31.5,76.75,0.0
2010-05-21,31.5,77.0,0.0
2010-05-21,31.5,77.25,0.0
2010-05-21,31.5,77.5,0.0
2010-05-21,31.75,76.5,0.0
2010-05-21,31.75,76.75,0.0
2010-05-21,31.75,77.0,0.0
2010-05-21,31.75,77.25,0.0
2010-05-21,31.75,77.5,0.0
2010-05-21,32.0,76.5,0.0
2010-05-21,32.0,76.75,0.0
2010-05-21,32.0,77.0,0.0
2010-05-21,32.0,77.25,0.0
2010-05-21,32.0,77.5,0.0
2010-05-22,31.5,76.5,0.0
2010-05-22,31.5,76.75,0.0
2010-05-22,31.5,77.0,0.0
2010-05-22,31.5,77.25,0.0
2010-05-22,31.5,77.5,0.0
2010-05-22,31.75,76.5,0.0
2010-05-22,31.75,76.75,0.0
2010-05-22,31.75,77.0,0.0
2010-05-22,31.75,77.25,0.0
2010-05-22,31.75,77.5,0.0
2010-05-22,32.0,76.5,0.0
2010-05-22,32.0,76.75,0.0
2010-05-22,32.0,77.0,0.0
2010-05-22,32.0,77.25,0.0
2010-05-22,32.0,77.5,0.0
2010-05-23,31.5,76.5,0.0
2010-05-23,31.5,76.75,0.0
2010-05-23,31.5,77.0,0.0
2010-05-23,31.5,77.25,0.0
2010-05-23,31.5,77.5,0.0
2010-05-23,31.75,76.5,0.0
2010-05-23,31.75,76.75,0.0
2010-05-23,31.75,77.0,0.0
2010-05-23,31.75,77.25,0.0
2010-05-23,31.75,77.5,0.0
2010-05-23,32.0,76.5,0.0
2010-05-23,32.0,76.75,0.0
2010-05-23,32.0,77.0,0.0
2010-05-23,32.0,77.25,0.0
2010-05-23,32.0,77.5,0.0
2010-05-24,31.5,76.5,0.0
2010-05-24,31.5,76.75,0.0
2010-05-24,31.5,77.0,0.0
2010-05-24,31.5,77.25,0.0
2010-05-24,31.5,77.5,0.0
2010-05-24,31.75,76.5,0.0
2010-05-24,31.75,76.75,0.0
2010-05-24,31.75,77.0,0.0
2010-05-24,31.75,77.25,0.0
2010-05-24,31.75,77.5,0.0
2010-05-24,32.0,76.5,0.0
2010-05-24,32.0,76.75,0.0
2010-05-24,32.0,77.0,0.2132297307252884
2010-05-24,32.0,77.25,0.0
2010-05-24,32.0,77.5,0.0
2010-05-25,31.5,76.5,0.0
2010-05-25,31.5,76.75,0.0
2010-05-25,31.5,77.0,0.0
2010-05-25,31.5,77.25,0.0
2010-05-25,31.5,77.5,0.0
2010-05-25,31.75,76.5,0.0
2010-05-25,31.75,76.75,0.0
2010-05-25,31.75,77.0,0.0
2010-05-25,31.75,77.25,0.0
2010-05-25,31.75,77.5,0.0
2010-05-25,32.0,76.5,0.0
2010-05-25,32.0,76.75,0.0
2010-05-25,32.0,77.0,0.0
2010-05-25,32.0,77.25,0.0
2010-05-25,32.0,77.5,0.0
2010-05-26,31.5,76.5,0.0
2010-05-26,31.5,76.75,0.0
2010-05-26,31.5,77.0,0.0
2010-05-26,31.5,77.25,0.0
2010-05-26,31.5,77.5,0.0
2010-05-26,31.75,76.5,0.0
2010-05-26,31.75,76.75,0.0
2010-05-26,31.75,77.0,0.0
2010-05-26,31.75,77.25,0.0
2010-05-26,31.75,77.5,0.0
2010-05-26,32.0,76.5,0.0
2010-05-26,32.0,76.75,0.0
2010-05-26,32.0,77.0,0.0
2010-05-26,32.0,77.25,0.0
2010-05-26,32.0,77.5,0.0
2010-05-27,31.5,76.5,0.194442480802536
2010-05-27,31.5,76.75,0.0
2010-05-27,31.5,77.0,0.0
2010-05-27,31.5,77.25,0.0
2010-05-27,31.5,77.5,0.0
2010-05-27,31.75,76.5,0.8865914940834045
2010-05-27,31.75,76.75,0.0
2010-05-27,31.75,77.0,0.0
2010-05-27,31.75,77.25,0.0
2010-05-27,31.75,77.5,0.0
2010-05-27,32.0,76.5,0.0
2010-05-27,32.0,76.75,0.0
2010-05-27,32.0,77.0,0.0
2010-05-27,32.0,77.25,0.0
2010-05-27,32.0,77.5,0.0
2010-05-28,31.5,76.5,0.16106441617012024
2010-05-28,31.5,76.75,2.575732946395874
2010-05-28,31.5,77.0,9.160499572753906
2010-05-28,31.5,77.25,2.6221063137054443
2010-05-28,31.5,77.5,2.2992842197418213
2010-05-28,31.75,76.5,2.2032430171966553
2010-05-28,31.75,76.75,3.874635934829712
2010-05-28,31.75,77.0,3.10247540473938
2010-05-28,31.75,77.25,2.0210072994232178
2010-05-28,31.75,77.5,0.9440497159957886
2010-05-28,32.0,76.5,5.305476665496826
2010-05-28,32.0,76.75,6.518491744995117
2010-05-28,32.0,77.0,9.10315227508545
2010-05-28,32.0,77.25,3.744586229324341
2010-05-28,32.0,77.5,0.9255297780036926
2010-05-29,31.5,76.5,1.4290437698364258
2010-05-29,31.5,76.75,11.827078819274902
2010-05-29,31.5,77.0,9.038488388061523
2010-05-29,31.5,77.25,14.989400863647461
2010-05-29,31.5,77.5,9.993962287902832
2010-05-29,31.75,76.5,3.266242504119873
2010-05-29,31.75,76.75,4.087124347686768
2010-05-29,31.75,77.0,13.791116714477539
2010-05-29,31.75,77.25,15.031723022460938
2010-05-29,31.75,77.5,8.319165229797363
2010-05-29,32.0,76.5,18.398988723754883
2010-05-29,32.0,76.75,10.366056442260742
2010-05-29,32.0,77.0,14.835654258728027
2010-05-29,32.0,77.25,11.541029930114746
2010-05-29,32.0,77.5,11.47962474822998
2010-05-30,31.5,76.5,4.16873836517334
2010-05-30,31.5,76.75,10.518507957458496
2010-05-30,31.5,77.0,0.0
2010-05-30,31.5,77.25,0.9527432322502136
2010-05-30,31.5,77.5,1.030212163925171
2010-05-30,31.75,76.5,0.0
2010-05-30,31.75,76.75,1.1931909322738647
2010-05-30,31.75,77.0,0.7021622061729431
2010-05-30,31.75,77.25,0.800439715385437
2010-05-30,31.75,77.5,0.44954752922058105
2010-05-30,32.0,76.5,0.0
2010-05-30,32.0,76.75,0.12469792366027832
2010-05-30,32.0,77.0,0.36381375789642334
2010-05-30,32.0,77.25,0.10837045311927795
2010-05-30,32.0,77.5,0.44072848558425903
2010-05-31,31.5,76.5,0.0
2010-05-31,31.5,76.75,0.0
2010-05-31,31.5,77.0,0.0
2010-05-31,31.5,77.25,0.0
2010-05-31,31.5,77.5,0.0
2010-05-31,31.75,76.5,0.0
2010-05-31,31.75,76.75,0.0
2010-05-31,31.75,77.0,0.0
2010-05-31,31.75,77.25,0.0
2010-05-31,31.75,77.5,0.0
2010-05-31,32.0,76.5,0.0
2010-05-31,32.0,76.75,0.0
2010-05-31,32.0,77.0,0.0
2010-05-31,32.0,77.25,0.0
2010-05-31,32.0,77.5,0.0
2010-06-01,31.5,76.5,0.0
2010-06-01,31.5,76.75,0.0
2010-06-01,31.5,77.0,0.0
2010-06-01,31.5,77.25,0.0
2010-06-01,31.5,77.5,0.0
2010-06-01,31.75,76.5,0.0
2010-06-01,31.75,76.75,0.0
2010-06-01,31.75,77.0,0.0
2010-06-01,31.75,77.25,0.0
2010-06-01,31.75,77.5,0.0
2010-06-01,32.0,76.5,0.0
2010-06-01,32.0,76.75,0.0
2010-06-01,32.0,77.0,0.0
2010-06-01,32.0,77.25,0.0
2010-06-01,32.0,77.5,0.0
2010-06-02,31.5,76.5,0.0
2010-06-02,31.5,76.75,0.18041609227657318
2010-06-02,31.5,77.0,0.0
2010-06-02,31.5,77.25,0.9486836791038513
2010-06-02,31.5,77.5,0.4928508996963501
2010-06-02,31.75,76.5,0.0
2010-06-02,31.75,76.75,0.0
2010-06-02,31.75,77.0,1.7930363416671753
2010-06-02,31.75,77.25,1.0630013942718506
2010-06-02,31.75,77.5,0.6034735441207886
2010-06-02,32.0,76.5,0.0
2010-06-02,32.0,76.75,0.3242145776748657
2010-06-02,32.0,77.0,0.945915699005127
2010-06-02,32.0,77.25,0.23961208760738373
2010-06-02,32.0,77.5,0.8574989438056946
2010-06-03,31.5,76.5,3.6643691062927246
2010-06-03,31.5,76.75,1.360233187675476
2010-06-03,31.5,77.0,0.0
2010-06-03,31.5,77.25,0.0
2010-06-03,31.5,77.5,0.0
2010-06-03,31.75,76.5,3.101166248321533
2010-06-03,31.75,76.75,2.521510124206543
2010-06-03,31.75,77.0,0.38478246331214905
2010-06-03,31.75,77.25,0.3925398588180542
2010-06-03,31.75,77.5,0.28987300395965576
2010-06-03,32.0,76.5,3.765763282775879
2010-06-03,32.0,76.75,3.385859251022339
2010-06-03,32.0,77.0,3.6748106479644775
2010-06-03,32.0,77.25,3.2511301040649414
2010-06-03,32.0,77.5,1.1750649213790894
2010-06-04,31.5,76.5,0.1968565285205841
2010-06-04,31.5,76.75,1.984576940536499
2010-06-04,31.5,77.0,0.4004174768924713
2010-06-04,31.5,77.25,3.7084906101226807
2010-06-04,31.5,77.5,1.926599144935608
2010-06-04,31.75,76.5,4.812912940979004
2010-06-04,31.75,76.75,0.5560249090194702
2010-06-04,31.75,77.0,5.0548272132873535
2010-06-04,31.75,77.25,3.831130027770996
2010-06-04,31.75,77.5,2.1219377517700195
2010-06-04,32.0,76.5,5.019949436187744
2010-06-04,32.0,76.75,2.2933571338653564
2010-06-04,32.0,77.0,4.962855339050293
2010-06-04,32.0,77.25,1.7195348739624023
2010-06-04,32.0,77.5,2.5411417484283447
2010-06-05,31.5,76.5,6.393019199371338
2010-06-05,31.5,76.75,17.44692611694336
2010-06-05,31.5,77.0,9.645003318786621
2010-06-05,31.5,77.25,19.266725540161133
2010-06-05,31.5,77.5,12.366297721862793
2010-06-05,31.75,76.5,9.251042366027832
2010-06-05,31.75,76.75,13.963494300842285
2010-06-05,31.75,77.0,24.654571533203125
2010-06-05,31.75,77.25,20.577470779418945
2010-06-05,31.75,77.5,11.292012214660645
2010-06-05,32.0,76.5,10.820687294006348
2010-06-05,32.0,76.75,15.044475555419922
2010-06-05,32.0,77.0,15.428595542907715
2010-06-05,32.0,77.25,12.008146286010742
2010-06-05,32.0,77.5,16.180715560913086
2010-06-06,31.5,76.5,0.0
2010-06-06,31.5,76.75,0.0
2010-06-06,31.5,77.0,0.0
2010-06-06,31.5,77.25,0.0
2010-06-06,31.5,77.5,0.0
2010-06-06,31.75,76.5,0.0
2010-06-06,31.75,76.75,0.0
2010-06-06,31.75,77.0,0.0
2010-06-06,31.75,77.25,0.0
2010-06-06,31.75,77.5,0.0
2010-06-06,32.0,76.5,0.0
2010-06-06,32.0,76.75,0.0
2010-06-06,32.0,77.0,0.0
2010-06-06,32.0,77.25,0.0
2010-06-06,32.0,77.5,0.0
2010-06-07,31.5,76.5,0.0
2010-06-07,31.5,76.75,0.0
2010-06-07,31.5,77.0,0.0
2010-06-07,31.5,77.25,0.0
2010-06-07,31.5,77.5,0.0
2010-06-07,31.75,76.5,5.682803153991699
2010-06-07,31.75,76.75,0.0
2010-06-07,31.75,77.0,0.0
2010-06-07,31.75,77.25,0.0
2010-06-07,31.75,77.5,0.0
2010-06-07,32.0,76.5,3.224742889404297
2010-06-07,32.0,76.75,0.0
2010-06-07,32.0,77.0,0.0
2010-06-07,32.0,77.25,0.0
2010-06-07,32.0,77.5,0.0
2010-06-08,31.5,76.5,46.388267517089844
2010-06-08,31.5,76.75,52.244232177734375
2010-06-08,31.5,77.0,37.787052154541016
2010-06-08,31.5,77.25,63.371925354003906
2010-06-08,31.5,77.5,38.86004638671875
2010-06-08,31.75,76.5,38.687461853027344
2010-06-08,31.75,76.75,42.85960006713867
2010-06-08,31.75,77.0,39.997066497802734
2010-06-08,31.75,77.25,61.84447479248047
2010-06-08,31.75,77.5,35.20067596435547
2010-06-08,32.0,76.5,30.99602508544922
2010-06-08,32.0,76.75,34.935516357421875
2010-06-08,32.0,77.0,48.99304962158203
2010-06-08,32.0,77.25,59.34180450439453
2010-06-08,32.0,77.5,51.02764892578125
2010-06-09,31.5,76.5,32.085391998291016
2010-06-09,31.5,76.75,66.87532806396484
2010-06-09,31.5,77.0,34.10316848754883
2010-06-09,31.5,77.25,54.99667739868164
2010-06-09,31.5,77.5,29.339500427246094
2010-06-09,31.75,76.5,28.487642288208008
2010-06-09,31.75,76.75,51.9631233215332
2010-06-09,31.75,77.0,53.30973434448242
2010-06-09,31.75,77.25,58.89979553222656
2010-06-09,31.75,77.5,33.741939544677734
2010-06-09,32.0,76.5,32.5507698059082
2010-06-09,32.0,76.75,43.88458251953125
2010-06-09,32.0,77.0,59.770259857177734
2010-06-09,32.0,77.25,65.91868591308594
2010-06-09,32.0,77.5,56.195552825927734
2010-06-10,31.5,76.5,2.0619990825653076
2010-06-10,31.5,76.75,5.063258647918701
2010-06-10,31.5,77.0,0.9473282694816589
2010-06-10,31.5,77.25,3.7659401893615723
2010-06-10,31.5,77.5,2.876596212387085
2010-06-10,31.75,76.5,0.0
2010-06-10,31.75,76.75,2.0903775691986084
2010-06-10,31.75,77.0,2.5331807136535645
2010-06-10,31.75,77.25,3.240168333053589
2010-06-10,31.75,77.5,1.8154520988464355
2010-06-10,32.0,76.5,0.7474272847175598
2010-06-10,32.0,76.75,0.7028131484985352
2010-06-10,32.0,77.0,1.761247158050537
2010-06-10,32.0,77.25,0.6360962986946106
2010-06-10,32.0,77.5,1.6025944948196411
2010-06-11,31.5,76.5,0.10737628489732742
2010-06-11,31.5,76.75,1.0824965238571167
2010-06-11,31.5,77.0,0.14507371187210083
2010-06-11,31.5,77.25,2.9322948455810547
2010-06-11,31.5,77.5,1.5233573913574219
2010-06-11,31.75,76.5,0.0
2010-06-11,31.75,76.75,0.1245068833231926
2010-06-11,31.75,77.0,0.0
2010-06-11,31.75,77.25,2.307788610458374
2010-06-11,31.75,77.5,1.2814602851867676
2010-06-11,32.0,76.5,0.0
2010-06-11,32.0,76.75,0.0
2010-06-11,32.0,77.0,0.0
2010-06-11,32.0,77.25,0.0
2010-06-11,32.0,77.5,0.6536955237388611
2010-06-12,31.5,76.5,0.0
2010-06-12,31.5,76.75,0.0
2010-06-12,31.5,77.0,0.0
2010-06-12,31.5,77.25,0.0
2010-06-12,31.5,77.5,0.0
2010-06-12,31.75,76.5,0.9471337795257568
2010-06-12,31.75,76.75,0.0
2010-06-12,31.75,77.0,0.0
2010-06-12,31.75,77.25,0.0
2010-06-12,31.75,77.5,0.0
2010-06-12,32.0,76.5,0.5374571084976196
2010-06-12,32.0,76.75,0.0
2010-06-12,32.0,77.0,0.0
2010-06-12,32.0,77.25,0.0
2010-06-12,32.0,77.5,0.0
2010-06-13,31.5,76.5,1.5698577165603638
2010-06-13,31.5,76.75,0.21186184883117676
2010-06-13,31.5,77.0,0.1619182974100113
2010-06-13,31.5,77.25,1.811123251914978
2010-06-13,31.5,77.5,0.9408971071243286
2010-06-13,31.75,76.5,0.4451540410518646
2010-06-13,31.75,76.75,7.267297267913818
2010-06-13,31.75,77.0,4.7871527671813965
2010-06-13,31.75,77.25,2.0580825805664062
2010-06-13,31.75,77.5,1.1547274589538574
2010-06-13,32.0,76.5,0.395696759223938
2010-06-13,32.0,76.75,2.1010384559631348
2010-06-13,32.0,77.0,1.8405245542526245
2010-06-13,32.0,77.25,0.4603601396083832
2010-06-13,32.0,77.5,1.6460785865783691
2010-06-14,31.5,76.5,0.3400248885154724
2010-06-14,31.5,76.75,3.6793429851531982
2010-06-14,31.5,77.0,4.909125328063965
2010-06-14,31.5,77.25,1.7990838289260864
2010-06-14,31.5,77.5,0.925766110420227
2010-06-14,31.75,76.5,0.5508107542991638
2010-06-14,31.75,76.75,1.2875328063964844
2010-06-14,31.75,77.0,0.8962751030921936
2010-06-14,31.75,77.25,1.233744740486145
2010-06-14,31.75,77.5,0.5860676169395447
2010-06-14,32.0,76.5,1.5311217308044434
2010-06-14,32.0,76.75,1.7151366472244263
2010-06-14,32.0,77.0,0.6663216948509216
2010-06-14,32.0,77.25,0.991729199886322
2010-06-14,32.0,77.5,0.7730538249015808
2010-06-15,31.5,76.5,0.38476502895355225
2010-06-15,31.5,76.75,4.062688827514648
2010-06-15,31.5,77.0,5.516379356384277
2010-06-15,31.5,77.25,1.9665305614471436
2010-06-15,31.5,77.5,1.3660995960235596
2010-06-15,31.75,76.5,0.0
2010-06-15,31.75,76.75,0.44614970684051514
2010-06-15,31.75,77.0,0.36411529779434204
2010-06-15,31.75,77.25,1.06413733959198
2010-06-15,31.75,77.5,0.6404461860656738
2010-06-15,32.0,76.5,0.0
2010-06-15,32.0,76.75,0.0
2010-06-15,32.0,77.0,0.8279827833175659
2010-06-15,32.0,77.25,1.4282240867614746
2010-06-15,32.0,77.5,1.1040339469909668
2010-06-16,31.5,76.5,0.0
2010-06-16,31.5,76.75,0.0
2010-06-16,31.5,77.0,0.22187741100788116
2010-06-16,31.5,77.25,4.484686374664307
2010-06-16,31.5,77.5,2.3298404216766357
2010-06-16,31.75,76.5,0.0
2010-06-16,31.75,76.75,0.0
2010-06-16,31.75,77.0,0.11296280473470688
2010-06-16,31.75,77.25,3.5295588970184326
2010-06-16,31.75,77.5,1.9598802328109741
2010-06-16,32.0,76.5,0.0
2010-06-16,32.0,76.75,0.0
2010-06-16,32.0,77.0,0.0
2010-06-16,32.0,77.25,0.14612381160259247
2010-06-16,32.0,77.5,0.9997695684432983
2010-06-17,31.5,76.5,0.0
2010-06-17,31.5,76.75,1.1681987047195435
2010-06-17,31.5,77.0,4.6093902587890625
2010-06-17,31.5,77.25,4.684037685394287
2010-06-17,31.5,77.5,3.3327598571777344
2010-06-17,31.75,76.5,0.0
2010-06-17,31.75,76.75,6.25305700302124
2010-06-17,31.75,77.0,3.442824363708496
2010-06-17,31.75,77.25,4.309276103973389
2010-06-17,31.75,77.5,2.4972639083862305
2010-06-17,32.0,76.5,0.8793261647224426
2010-06-17,32.0,76.75,1.7027287483215332
2010-06-17,32.0,77.0,3.292212724685669
2010-06-17,32.0,77.25,4.898937702178955
2010-06-17,32.0,77.5,4.117764949798584
2010-06-18,31.5,76.5,0.0
2010-06-18,31.5,76.75,0.0
2010-06-18,31.5,77.0,0.0
2010-06-18,31.5,77.25,0.8624396920204163
2010-06-18,31.5,77.5,0.4480462670326233
2010-06-18,31.75,76.5,0.0
2010-06-18,31.75,76.75,0.0
2010-06-18,31.75,77.0,0.0
2010-06-18,31.75,77.25,0.67876136302948
2010-06-18,31.75,77.5,0.3769000768661499
2010-06-18,32.0,76.5,0.0
2010-06-18,32.0,76.75,0.0
2010-06-18,32.0,77.0,0.0
2010-06-18,32.0,77.25,0.0
2010-06-18,32.0,77.5,0.1922633796930313
2010-06-19,31.5,76.5,0.0
2010-06-19,31.5,76.75,0.0
2010-06-19,31.5,77.0,0.0
2010-06-19,31.5,77.25,0.0
2010-06-19,31.5,77.5,0.0
2010-06-19,31.75,76.5,0.0
2010-06-19,31.75,76.75,0.0
2010-06-19,31.75,77.0,0.0
2010-06-19,31.75,77.25,0.0
2010-06-19,31.75,77.5,0.0
2010-06-19,32.0,76.5,0.0
2010-06-19,32.0,76.75,0.0
2010-06-19,32.0,77.0,0.0
2010-06-19,32.0,77.25,0.0
2010-06-19,32.0,77.5,0.0
2010-06-20,31.5,76.5,0.11347868293523788
2010-06-20,31.5,76.75,0.1257188469171524
2010-06-20,31.5,77.0,1.1144733428955078
2010-06-20,31.5,77.25,0.11215723305940628
2010-06-20,31.5,77.5,0.0
2010-06-20,31.75,76.5,0.0
2010-06-20,31.75,76.75,0.0
2010-06-20,31.75,77.0,0.0
2010-06-20,31.75,77.25,0.0
2010-06-20,31.75,77.5,0.0
2010-06-20,32.0,76.5,0.0
2010-06-20,32.0,76.75,0.0
2010-06-20,32.0,77.0,0.0
2010-06-20,32.0,77.25,0.0
2010-06-20,32.0,77.5,0.0
2010-06-21,31.5,76.5,0.5458294153213501
2010-06-21,31.5,76.75,5.720280647277832
2010-06-21,31.5,77.0,2.2482430934906006
2010-06-21,31.5,77.25,2.3542768955230713
2010-06-21,31.5,77.5,1.0753110647201538
2010-06-21,31.75,76.5,5.006021976470947
2010-06-21,31.75,76.75,1.1563657522201538
2010-06-21,31.75,77.0,0.3185264766216278
2010-06-21,31.75,77.25,2.8040337562561035
2010-06-21,31.75,77.5,1.718434453010559
2010-06-21,32.0,76.5,6.225177764892578
2010-06-21,32.0,76.75,4.704050540924072
2010-06-21,32.0,77.0,2.8386940956115723
2010-06-21,32.0,77.25,5.895325183868408
2010-06-21,32.0,77.5,3.760653018951416
2010-06-22,31.5,76.5,0.0
2010-06-22,31.5,76.75,0.9020803570747375
2010-06-22,31.5,77.0,0.0
2010-06-22,31.5,77.25,0.9486836791038513
2010-06-22,31.5,77.5,0.977989137172699
2010-06-22,31.75,76.5,5.919586181640625
2010-06-22,31.75,76.75,0.10375573486089706
2010-06-22,31.75,77.0,0.0
2010-06-22,31.75,77.25,0.7466375231742859
2010-06-22,31.75,77.5,0.41459009051322937
2010-06-22,32.0,76.5,3.35910701751709
2010-06-22,32.0,76.75,0.0
2010-06-22,32.0,77.0,0.0
2010-06-22,32.0,77.25,0.0
2010-06-22,32.0,77.5,0.2114897221326828
2010-06-23,31.5,76.5,5.610550880432129
2010-06-23,31.5,76.75,16.008533477783203
2010-06-23,31.5,77.0,11.492148399353027
2010-06-23,31.5,77.25,2.9542579650878906
2010-06-23,31.5,77.5,1.4375320672988892
2010-06-23,31.75,76.5,12.459821701049805
2010-06-23,31.75,76.75,14.275428771972656
2010-06-23,31.75,77.0,7.245597839355469
2010-06-23,31.75,77.25,5.649374008178711
2010-06-23,31.75,77.5,3.3007287979125977
2010-06-23,32.0,76.5,22.300125122070312
2010-06-23,32.0,76.75,17.74714469909668
2010-06-23,32.0,77.0,10.783541679382324
2010-06-23,32.0,77.25,18.535682678222656
2010-06-23,32.0,77.5,11.473678588867188
2010-06-24,31.5,76.5,44.619537353515625
2010-06-24,31.5,76.75,15.091621398925781
2010-06-24,31.5,77.0,9.386324882507324
2010-06-24,31.5,77.25,16.556188583374023
2010-06-24,31.5,77.5,9.296392440795898
2010-06-24,31.75,76.5,7.876291275024414
2010-06-24,31.75,76.75,9.088733673095703
2010-06-24,31.75,77.0,7.5760817527771
2010-06-24,31.75,77.25,18.65845489501953
2010-06-24,31.75,77.5,10.797536849975586
2010-06-24,32.0,76.5,2.4997689723968506
2010-06-24,32.0,76.75,4.955472469329834
2010-06-24,32.0,77.0,15.222116470336914
2010-06-24,32.0,77.25,27.313568115234375
2010-06-24,32.0,77.5,19.517967224121094
2010-06-25,31.5,76.5,0.0
2010-06-25,31.5,76.75,0.4306740164756775
2010-06-25,31.5,77.0,15.82647705078125
2010-06-25,31.5,77.25,3.38738751411438
2010-06-25,31.5,77.5,3.8502466678619385
2010-06-25,31.75,76.5,9.68791389465332
2010-06-25,31.75,76.75,22.79749870300293
2010-06-25,31.75,77.0,13.05074691772461
2010-06-25,31.75,77.25,4.415757179260254
2010-06-25,31.75,77.5,0.9758413434028625
2010-06-25,32.0,76.5,34.431297302246094
2010-06-25,32.0,76.75,22.993995666503906
2010-06-25,32.0,77.0,5.720505237579346
2010-06-25,32.0,77.25,1.4164555072784424
2010-06-25,32.0,77.5,0.8149034380912781
2010-06-26,31.5,76.5,0.0
2010-06-26,31.5,76.75,0.0
2010-06-26,31.5,77.0,0.0
2010-06-26,31.5,77.25,0.0
2010-06-26,31.5,77.5,0.19405527412891388
2010-06-26,31.75,76.5,0.0
2010-06-26,31.75,76.75,0.0
2010-06-26,31.75,77.0,3.150770425796509
2010-06-26,31.75,77.25,0.5718443989753723
2010-06-26,31.75,77.5,0.32691359519958496
2010-06-26,32.0,76.5,0.0
2010-06-26,32.0,76.75,0.60263991355896
2010-06-26,32.0,77.0,3.1938717365264893
2010-06-26,32.0,77.25,1.0328969955444336
2010-06-26,32.0,77.5,1.1180930137634277
2010-06-27,31.5,76.5,0.0
2010-06-27,31.5,76.75,0.0
2010-06-27,31.5,77.0,0.0
2010-06-27,31.5,77.25,0.0
2010-06-27,31.5,77.5,0.0
2010-06-27,31.75,76.5,0.7103503942489624
2010-06-27,31.75,76.75,0.0
2010-06-27,31.75,77.0,0.0
2010-06-27,31.75,77.25,0.0
2010-06-27,31.75,77.5,0.0
2010-06-27,32.0,76.5,0.4030928611755371
2010-06-27,32.0,76.75,0.0
2010-06-27,32.0,77.0,0.0
2010-06-27,32.0,77.25,0.0
2010-06-27,32.0,77.5,0.0
2010-06-28,31.5,76.5,3.184455633163452
2010-06-28,31.5,76.75,0.7648613452911377
2010-06-28,31.5,77.0,1.6325258016586304
2010-06-28,31.5,77.25,2.8245439529418945
2010-06-28,31.5,77.5,1.5829986333847046
2010-06-28,31.75,76.5,1.3770267963409424
2010-06-28,31.75,76.75,0.24757148325443268
2010-06-28,31.75,77.0,0.0
2010-06-28,31.75,77.25,6.6334662437438965
2010-06-28,31.75,77.5,4.513078689575195
2010-06-28,32.0,76.5,6.512685775756836
2010-06-28,32.0,76.75,3.271108865737915
2010-06-28,32.0,77.0,11.401339530944824
2010-06-28,32.0,77.25,24.037317276000977
2010-06-28,32.0,77.5,14.154458045959473
2010-06-29,31.5,76.5,0.0
2010-06-29,31.5,76.75,0.0
2010-06-29,31.5,77.0,0.0
2010-06-29,31.5,77.25,0.0
2010-06-29,31.5,77.5,2.1012237071990967
2010-06-29,31.75,76.5,0.0
2010-06-29,31.75,76.75,0.0
2010-06-29,31.75,77.0,0.0
2010-06-29,31.75,77.25,0.0
2010-06-29,31.75,77.5,0.0
2010-06-29,32.0,76.5,0.0
2010-06-29,32.0,76.75,0.0
2010-06-29,32.0,77.0,0.0
2010-06-29,32.0,77.25,0.0
2010-06-29,32.0,77.5,0.0
2010-06-30,31.5,76.5,0.0
2010-06-30,31.5,76.75,0.11541344225406647
2010-06-30,31.5,77.0,0.24703289568424225
2010-06-30,31.5,77.25,2.069855213165283
2010-06-30,31.5,77.5,1.0753110647201538
2010-06-30,31.75,76.5,0.0
2010-06-30,31.75,76.75,6.107050895690918
2010-06-30,31.75,77.0,2.7607979774475098
2010-06-30,31.75,77.25,1.945303201675415
2010-06-30,31.75,77.5,1.0643845796585083
2010-06-30,32.0,76.5,0.17586524784564972
2010-06-30,32.0,76.75,1.5448367595672607
2010-06-30,32.0,77.0,1.0565317869186401
2010-06-30,32.0,77.25,0.33732450008392334
2010-06-30,32.0,77.5,1.0080554485321045
2010-07-01,31.5,76.5,3.180629014968872
2010-07-01,31.5,76.75,0.10843817889690399
2010-07-01,31.5,77.0,0.0
2010-07-01,31.5,77.25,0.0
2010-07-01,31.5,77.5,0.4062151610851288
2010-07-01,31.75,76.5,2.3877367973327637
2010-07-01,31.75,76.75,0.15655489265918732
2010-07-01,31.75,77.0,0.0
2010-07-01,31.75,77.25,0.0
2010-07-01,31.75,77.5,0.10322289913892746
2010-07-01,32.0,76.5,3.2774722576141357
2010-07-01,32.0,76.75,2.616887092590332
2010-07-01,32.0,77.0,0.15201787650585175
2010-07-01,32.0,77.25,0.31933605670928955
2010-07-01,32.0,77.5,0.1681007742881775
2010-07-02,31.5,76.5,1.9954091310501099
2010-07-02,31.5,76.75,20.116392135620117
2010-07-02,31.5,77.0,1.3146748542785645
2010-07-02,31.5,77.25,1.8151829242706299
2010-07-02,31.5,77.5,1.3968502283096313
2010-07-02,31.75,76.5,0.0
2010-07-02,31.75,76.75,3.7275002002716064
2010-07-02,31.75,77.0,2.9138667583465576
2010-07-02,31.75,77.25,2.1950109004974365
2010-07-02,31.75,77.5,1.6364107131958008
2010-07-02,32.0,76.5,0.0
2010-07-02,32.0,76.75,0.9548837542533875
2010-07-02,32.0,77.0,2.1881210803985596
2010-07-02,32.0,77.25,1.4546172618865967
2010-07-02,32.0,77.5,1.786491870880127
2010-07-03,31.5,76.5,0.0
2010-07-03,31.5,76.75,0.0
2010-07-03,31.5,77.0,0.0
2010-07-03,31.5,77.25,0.0
2010-07-03,31.5,77.5,0.0
2010-07-03,31.75,76.5,0.0
2010-07-03,31.75,76.75,0.0
2010-07-03,31.75,77.0,0.0
2010-07-03,31.75,77.25,0.0
2010-07-03,31.75,77.5,0.0
2010-07-03,32.0,76.5,0.0
2010-07-03,32.0,76.75,0.0
2010-07-03,32.0,77.0,0.0
2010-07-03,32.0,77.25,0.0
2010-07-03,32.0,77.5,0.0
2010-07-04,31.5,76.5,3.514282703399658
2010-07-04,31.5,76.75,0.6718743443489075
2010-07-04,31.5,77.0,6.399890422821045
2010-07-04,31.5,77.25,0.5349037051200867
2010-07-04,31.5,77.5,4.605858325958252
2010-07-04,31.75,76.5,11.895374298095703
2010-07-04,31.75,76.75,1.6779499053955078
2010-07-04,31.75,77.0,1.33194899559021
2010-07-04,31.75,77.25,0.3643757104873657
2010-07-04,31.75,77.5,1.9800078868865967
2010-07-04,32.0,76.5,7.053215503692627
2010-07-04,32.0,76.75,7.818928241729736
2010-07-04,32.0,77.0,0.32183900475502014
2010-07-04,32.0,77.25,0.0
2010-07-04,32.0,77.5,0.0
2010-07-05,31.5,76.5,8.573541641235352
2010-07-05,31.5,76.75,13.802014350891113
2010-07-05,31.5,77.0,16.046628952026367
2010-07-05,31.5,77.25,16.522415161132812
2010-07-05,31.5,77.5,21.883573532104492
2010-07-05,31.75,76.5,12.104307174682617
2010-07-05,31.75,76.75,7.8450446128845215
2010-07-05,31.75,77.0,13.761512756347656
2010-07-05,31.75,77.25,16.217182159423828
2010-07-05,31.75,77.5,18.356943130493164
2010-07-05,32.0,76.5,10.40390682220459
2010-07-05,32.0,76.75,10.222064018249512
2010-07-05,32.0,77.0,14.210894584655762
2010-07-05,32.0,77.25,17.230411529541016
2010-07-05,32.0,77.5,15.76052474975586
2010-07-06,31.5,76.5,45.912635803222656
2010-07-06,31.5,76.75,36.03504180908203
2010-07-06,31.5,77.0,29.036407470703125
2010-07-06,31.5,77.25,47.32064437866211
2010-07-06,31.5,77.5,48.87479019165039
2010-07-06,31.75,76.5,53.98004150390625
2010-07-06,31.75,76.75,30.484094619750977
2010-07-06,31.75,77.0,42.64164733886719
2010-07-06,31.75,77.25,45.42748260498047
2010-07-06,31.75,77.5,44.289981842041016
2010-07-06,32.0,76.5,43.09111022949219
2010-07-06,32.0,76.75,37.26821517944336
2010-07-06,32.0,77.0,45.84671401977539
2010-07-06,32.0,77.25,37.315673828125
2010-07-06,32.0,77.5,44.40099334716797
2010-07-07,31.5,76.5,44.65456008911133
2010-07-07,31.5,76.75,43.92841339111328
2010-07-07,31.5,77.0,25.651689529418945
2010-07-07,31.5,77.25,41.410770416259766
2010-07-07,31.5,77.5,42.35049819946289
2010-07-07,31.75,76.5,57.4261360168457
2010-07-07,31.75,76.75,36.02288055419922
2010-07-07,31.75,77.0,38.264671325683594
2010-07-07,31.75,77.25,40.768898010253906
2010-07-07,31.75,77.5,40.541690826416016
2010-07-07,32.0,76.5,51.94075012207031
2010-07-07,32.0,76.75,40.4504508972168
2010-07-07,32.0,77.0,45.84429168701172
2010-07-07,32.0,77.25,41.4994010925293
2010-07-07,32.0,77.5,43.986305236816406
2010-07-08,31.5,76.5,21.711881637573242
2010-07-08,31.5,76.75,44.31927490234375
2010-07-08,31.5,77.0,8.24775505065918
2010-07-08,31.5,77.25,14.492847442626953
2010-07-08,31.5,77.5,15.320009231567383
2010-07-08,31.75,76.5,9.64977741241455
2010-07-08,31.75,76.75,25.53341293334961
2010-07-08,31.75,77.0,20.563690185546875
2010-07-08,31.75,77.25,17.272953033447266
2010-07-08,31.75,77.5,15.747507095336914
2010-07-08,32.0,76.5,15.425142288208008
2010-07-08,32.0,76.75,19.045135498046875
2010-07-08,32.0,77.0,16.573686599731445
2010-07-08,32.0,77.25,16.130136489868164
2010-07-08,32.0,77.5,15.887750625610352
2010-07-09,31.5,76.5,0.0
2010-07-09,31.5,76.75,0.0
2010-07-09,31.5,77.0,0.0
2010-07-09,31.5,77.25,0.0
2010-07-09,31.5,77.5,0.0
2010-07-09,31.75,76.5,0.0
2010-07-09,31.75,76.75,0.0
2010-07-09,31.75,77.0,0.0
2010-07-09,31.75,77.25,0.0
2010-07-09,31.75,77.5,0.0
2010-07-09,32.0,76.5,0.0
2010-07-09,32.0,76.75,0.0
2010-07-09,32.0,77.0,0.0
2010-07-09,32.0,77.25,0.0
2010-07-09,32.0,77.5,0.0
2010-07-10,31.5,76.5,0.15974439680576324
2010-07-10,31.5,76.75,0.18041609227657318
2010-07-10,31.5,77.0,0.14462792873382568
2010-07-10,31.5,77.25,0.0
2010-07-10,31.5,77.5,0.0
2010-07-10,31.75,76.5,1.3770267963409424
2010-07-10,31.75,76.75,0.3827679753303528
2010-07-10,31.75,77.0,0.1775932013988495
2010-07-10,31.75,77.25,0.6222955584526062
2010-07-10,31.75,77.5,0.9806175827980042
2010-07-10,32.0,76.5,3.4738993644714355
2010-07-10,32.0,76.75,3.35410737991333
2010-07-10,32.0,77.0,4.770819187164307
2010-07-10,32.0,77.25,4.470348358154297
2010-07-10,32.0,77.5,3.486435890197754
2010-07-11,31.5,76.5,21.048744201660156
2010-07-11,31.5,76.75,1.5891697406768799
2010-07-11,31.5,77.0,0.0
2010-07-11,31.5,77.25,0.0
2010-07-11,31.5,77.5,0.0
2010-07-11,31.75,76.5,14.070015907287598
2010-07-11,31.75,76.75,0.2591288387775421
2010-07-11,31.75,77.0,0.0
2010-07-11,31.75,77.25,1.6607455015182495
2010-07-11,31.75,77.5,2.838629722595215
2010-07-11,32.0,76.5,4.434293746948242
2010-07-11,32.0,76.75,2.943997859954834
2010-07-11,32.0,77.0,4.1804914474487305
2010-07-11,32.0,77.25,8.781742095947266
2010-07-11,32.0,77.5,4.622771263122559
2010-07-12,31.5,76.5,1.6265970468521118
2010-07-12,31.5,76.75,0.11523664742708206
2010-07-12,31.5,77.0,0.0
2010-07-12,31.5,77.25,0.0
2010-07-12,31.5,77.5,0.0
2010-07-12,31.75,76.5,0.0
2010-07-12,31.75,76.75,2.210503339767456
2010-07-12,31.75,77.0,0.38478246331214905
2010-07-12,31.75,77.25,0.2717583477497101
2010-07-12,31.75,77.5,0.46450304985046387
2010-07-12,32.0,76.5,0.0
2010-07-12,32.0,76.75,0.44186145067214966
2010-07-12,32.0,77.0,0.6840803623199463
2010-07-12,32.0,77.25,1.4370123147964478
2010-07-12,32.0,77.5,0.7564534544944763
2010-07-13,31.5,76.5,4.386237144470215
2010-07-13,31.5,76.75,38.42028045654297
2010-07-13,31.5,77.0,15.66213607788086
2010-07-13,31.5,77.25,3.9416584968566895
2010-07-13,31.5,77.5,1.784824013710022
2010-07-13,31.75,76.5,2.6597743034362793
2010-07-13,31.75,76.75,9.787652969360352
2010-07-13,31.75,77.0,2.8894548416137695
2010-07-13,31.75,77.25,1.3806556463241577
2010-07-13,31.75,77.5,0.8623822331428528
2010-07-13,32.0,76.5,2.141331195831299
2010-07-13,32.0,76.75,1.5853958129882812
2010-07-13,32.0,77.0,0.7733409404754639
2010-07-13,32.0,77.25,0.14088158309459686
2010-07-13,32.0,77.5,0.5941710472106934
2010-07-14,31.5,76.5,0.0
2010-07-14,31.5,76.75,0.0
2010-07-14,31.5,77.0,0.0
2010-07-14,31.5,77.25,0.0
2010-07-14,31.5,77.5,0.0
2010-07-14,31.75,76.5,0.0
2010-07-14,31.75,76.75,0.0
2010-07-14,31.75,77.0,0.0
2010-07-14,31.75,77.25,0.0
2010-07-14,31.75,77.5,0.0
2010-07-14,32.0,76.5,0.0
2010-07-14,32.0,76.75,0.0
2010-07-14,32.0,77.0,0.0
2010-07-14,32.0,77.25,0.0
2010-07-14,32.0,77.5,0.0
2010-07-15,31.5,76.5,0.0
2010-07-15,31.5,76.75,0.0
2010-07-15,31.5,77.0,0.0
2010-07-15,31.5,77.25,0.0
2010-07-15,31.5,77.5,0.0
2010-07-15,31.75,76.5,0.0
2010-07-15,31.75,76.75,0.0
2010-07-15,31.75,77.0,0.0
2010-07-15,31.75,77.25,0.0
2010-07-15,31.75,77.5,0.0
2010-07-15,32.0,76.5,0.0
2010-07-15,32.0,76.75,0.0
2010-07-15,32.0,77.0,0.0
2010-07-15,32.0,77.25,0.0
2010-07-15,32.0,77.5,0.0
2010-07-16,31.5,76.5,22.762935638427734
2010-07-16,31.5,76.75,1.077760100364685
2010-07-16,31.5,77.0,0.0
2010-07-16,31.5,77.25,0.0
2010-07-16,31.5,77.5,0.5585458278656006
2010-07-16,31.75,76.5,24.538131713867188
2010-07-16,31.75,76.75,1.911108374595642
2010-07-16,31.75,77.0,0.2645379602909088
2010-07-16,31.75,77.25,0.34724679589271545
2010-07-16,31.75,77.5,0.5935316681861877
2010-07-16,32.0,76.5,18.333864212036133
2010-07-16,32.0,76.75,6.845996856689453
2010-07-16,32.0,77.0,0.959394633769989
2010-07-16,32.0,77.25,1.8734982013702393
2010-07-16,32.0,77.5,1.01565682888031
2010-07-17,31.5,76.5,4.861480236053467
2010-07-17,31.5,76.75,30.33917808532715
2010-07-17,31.5,77.0,17.978715896606445
2010-07-17,31.5,77.25,4.354559898376465
2010-07-17,31.5,77.5,1.9237332344055176
2010-07-17,31.75,76.5,31.828859329223633
2010-07-17,31.75,76.75,57.545196533203125
2010-07-17,31.75,77.0,16.35329818725586
2010-07-17,31.75,77.25,4.027847766876221
2010-07-17,31.75,77.5,2.2741193771362305
2010-07-17,32.0,76.5,29.96603775024414
2010-07-17,32.0,76.75,16.782955169677734
2010-07-17,32.0,77.0,4.29400110244751
2010-07-17,32.0,77.25,2.918938159942627
2010-07-17,32.0,77.5,2.7361910343170166
2010-07-18,31.5,76.5,1.2502834796905518
2010-07-18,31.5,76.75,0.7677561640739441
2010-07-18,31.5,77.0,5.551330089569092
2010-07-18,31.5,77.25,1.1211715936660767
2010-07-18,31.5,77.5,1.32779860496521
2010-07-18,31.75,76.5,17.444324493408203
2010-07-18,31.75,76.75,23.848783493041992
2010-07-18,31.75,77.0,10.499122619628906
2010-07-18,31.75,77.25,3.868091583251953
2010-07-18,31.75,77.5,2.7911839485168457
2010-07-18,32.0,76.5,32.31057357788086
2010-07-18,32.0,76.75,26.20143699645996
2010-07-18,32.0,77.0,5.5974016189575195
2010-07-18,32.0,77.25,5.777881622314453
2010-07-18,32.0,77.5,3.914736747741699
2010-07-19,31.5,76.5,0.0
2010-07-19,31.5,76.75,0.9020803570747375
2010-07-19,31.5,77.0,3.7332167625427246
2010-07-19,31.5,77.25,1.8540377616882324
2010-07-19,31.5,77.5,1.9191079139709473
2010-07-19,31.75,76.5,10.133386611938477
2010-07-19,31.75,76.75,1.4099860191345215
2010-07-19,31.75,77.0,1.2494168281555176
2010-07-19,31.75,77.25,1.1934908628463745
2010-07-19,31.75,77.5,0.9287194013595581
2010-07-19,32.0,76.5,17.405553817749023
2010-07-19,32.0,76.75,17.963064193725586
2010-07-19,32.0,77.0,1.4692717790603638
2010-07-19,32.0,77.25,0.5435338020324707
2010-07-19,32.0,77.5,1.155188798904419
2010-07-20,31.5,76.5,4.633446216583252
2010-07-20,31.5,76.75,0.7671703100204468
2010-07-20,31.5,77.0,10.759187698364258
2010-07-20,31.5,77.25,6.375222206115723
2010-07-20,31.5,77.5,5.916142463684082
2010-07-20,31.75,76.5,25.7236385345459
2010-07-20,31.75,76.75,27.57136344909668
2010-07-20,31.75,77.0,9.184431076049805
2010-07-20,31.75,77.25,4.4735236167907715
2010-07-20,31.75,77.5,4.627939224243164
2010-07-20,32.0,76.5,19.874189376831055
2010-07-20,32.0,76.75,21.331571578979492
2010-07-20,32.0,77.0,6.333118438720703
2010-07-20,32.0,77.25,2.7056989669799805
2010-07-20,32.0,77.5,4.847740650177002
2010-07-21,31.5,76.5,4.6188859939575195
2010-07-21,31.5,76.75,41.675071716308594
2010-07-21,31.5,77.0,14.257344245910645
2010-07-21,31.5,77.25,22.267465591430664
2010-07-21,31.5,77.5,20.376310348510742
2010-07-21,31.75,76.5,11.197340965270996
2010-07-21,31.75,76.75,43.487308502197266
2010-07-21,31.75,77.0,27.223285675048828
2010-07-21,31.75,77.25,23.299348831176758
2010-07-21,31.75,77.5,21.56345558166504
2010-07-21,32.0,76.5,21.234325408935547
2010-07-21,32.0,76.75,32.16880798339844
2010-07-21,32.0,77.0,24.610628128051758
2010-07-21,32.0,77.25,23.0625057220459
2010-07-21,32.0,77.5,23.617435455322266
2010-07-22,31.5,76.5,0.4539351761341095
2010-07-22,31.5,76.75,2.959589719772339
2010-07-22,31.5,77.0,1.9629677534103394
2010-07-22,31.5,77.25,1.3119778633117676
2010-07-22,31.5,77.5,4.279840469360352
2010-07-22,31.75,76.5,9.693990707397461
2010-07-22,31.75,76.75,17.98491859436035
2010-07-22,31.75,77.0,3.7804219722747803
2010-07-22,31.75,77.25,0.800439715385437
2010-07-22,31.75,77.5,0.930514931678772
2010-07-22,32.0,76.5,4.592670440673828
2010-07-22,32.0,76.75,3.6595895290374756
2010-07-22,32.0,77.0,0.8542420864105225
2010-07-22,32.0,77.25,0.32293590903282166
2010-07-22,32.0,77.5,0.7392494678497314
2010-07-23,31.5,76.5,3.1751320362091064
2010-07-23,31.5,76.75,17.10599136352539
2010-07-23,31.5,77.0,6.561539173126221
2010-07-23,31.5,77.25,2.2338080406188965
2010-07-23,31.5,77.5,2.8578732013702393
2010-07-23,31.75,76.5,12.876245498657227
2010-07-23,31.75,76.75,32.90180206298828
2010-07-23,31.75,77.0,10.959856986999512
2010-07-23,31.75,77.25,4.837801456451416
2010-07-23,31.75,77.5,4.568669319152832
2010-07-23,32.0,76.5,25.00078010559082
2010-07-23,32.0,76.75,21.430753707885742
2010-07-23,32.0,77.0,10.333995819091797
2010-07-23,32.0,77.25,10.84080696105957
2010-07-23,32.0,77.5,8.054248809814453
2010-07-24,31.5,76.5,12.55886173248291
2010-07-24,31.5,76.75,0.6179208755493164
2010-07-24,31.5,77.0,0.0
2010-07-24,31.5,77.25,0.2587319016456604
2010-07-24,31.5,77.5,0.86604243516922
2010-07-24,31.75,76.5,0.0
2010-07-24,31.75,76.75,0.0
2010-07-24,31.75,77.0,0.20520327985286713
2010-07-24,31.75,77.25,0.2401319444179535
2010-07-24,31.75,77.5,0.19901131093502045
2010-07-24,32.0,76.5,3.956967830657959
2010-07-24,32.0,76.75,0.0
2010-07-24,32.0,77.0,0.10914412885904312
2010-07-24,32.0,77.25,0.0
2010-07-24,32.0,77.5,0.13711640238761902
2010-07-25,31.5,76.5,11.095317840576172
2010-07-25,31.5,76.75,33.77527618408203
2010-07-25,31.5,77.0,9.702733993530273
2010-07-25,31.5,77.25,7.613314151763916
2010-07-25,31.5,77.5,9.80661678314209
2010-07-25,31.75,76.5,6.344427108764648
2010-07-25,31.75,76.75,10.68073558807373
2010-07-25,31.75,77.0,7.2256903648376465
2010-07-25,31.75,77.25,18.522825241088867
2010-07-25,31.75,77.5,27.42163848876953
2010-07-25,32.0,76.5,16.364622116088867
2010-07-25,32.0,76.75,9.755117416381836
2010-07-25,32.0,77.0,35.201324462890625
2010-07-25,32.0,77.25,67.35667419433594
2010-07-25,32.0,77.5,38.52198791503906
2010-07-26,31.5,76.5,11.872013092041016
2010-07-26,31.5,76.75,9.314191818237305
2010-07-26,31.5,77.0,13.665093421936035
2010-07-26,31.5,77.25,12.906020164489746
2010-07-26,31.5,77.5,13.542387962341309
2010-07-26,31.75,76.5,7.875942230224609
2010-07-26,31.75,76.75,40.72103500366211
2010-07-26,31.75,77.0,16.250856399536133
2010-07-26,31.75,77.25,10.188106536865234
2010-07-26,31.75,77.5,9.482783317565918
2010-07-26,32.0,76.5,13.749991416931152
2010-07-26,32.0,76.75,22.696821212768555
2010-07-26,32.0,77.0,6.692076683044434
2010-07-26,32.0,77.25,2.5157573223114014
2010-07-26,32.0,77.5,6.862523078918457
2010-07-27,31.5,76.5,19.999910354614258
2010-07-27,31.5,76.75,30.003549575805664
2010-07-27,31.5,77.0,32.94110107421875
2010-07-27,31.5,77.25,44.04133224487305
2010-07-27,31.5,77.5,40.85539627075195
2010-07-27,31.75,76.5,13.510754585266113
2010-07-27,31.75,76.75,29.512413024902344
2010-07-27,31.75,77.0,40.328857421875
2010-07-27,31.75,77.25,39.32047653198242
2010-07-27,31.75,77.5,36.0318717956543
2010-07-27,32.0,76.5,32.96818161010742
2010-07-27,32.0,76.75,33.12876510620117
2010-07-27,32.0,77.0,32.4480094909668
2010-07-27,32.0,77.25,18.945478439331055
2010-07-27,32.0,77.5,31.54547119140625
2010-07-28,31.5,76.5,6.308869361877441
2010-07-28,31.5,76.75,8.152608871459961
2010-07-28,31.5,77.0,13.602935791015625
2010-07-28,31.5,77.25,13.576671600341797
2010-07-28,31.5,77.5,11.61614990234375
2010-07-28,31.75,76.5,7.327733039855957
2010-07-28,31.75,76.75,12.81620979309082
2010-07-28,31.75,77.0,13.684148788452148
2010-07-28,31.75,77.25,15.108282089233398
2010-07-28,31.75,77.5,15.134156227111816
2010-07-28,32.0,76.5,6.0475850105285645
2010-07-28,32.0,76.75,8.691556930541992
2010-07-28,32.0,77.0,17.146682739257812
2010-07-28,32.0,77.25,21.835494995117188
2010-07-28,32.0,77.5,17.69333267211914
2010-07-29,31.5,76.5,1.7627606391906738
2010-07-29,31.5,76.75,18.50909423828125
2010-07-29,31.5,77.0,0.7851871252059937
2010-07-29,31.5,77.25,0.8273079991340637
2010-07-29,31.5,77.5,1.5670115947723389
2010-07-29,31.75,76.5,5.184925556182861
2010-07-29,31.75,76.75,40.50667953491211
2010-07-29,31.75,77.0,6.894313335418701
2010-07-29,31.75,77.25,0.3201759159564972
2010-07-29,31.75,77.5,0.2653484046459198
2010-07-29,32.0,76.5,8.766865730285645
2010-07-29,32.0,76.75,15.495035171508789
2010-07-29,32.0,77.0,1.2116740942001343
2010-07-29,32.0,77.25,0.5097948312759399
2010-07-29,32.0,77.5,0.7962889075279236
2010-07-30,31.5,76.5,19.364517211914062
2010-07-30,31.5,76.75,12.233405113220215
2010-07-30,31.5,77.0,0.0
2010-07-30,31.5,77.25,0.0
2010-07-30,31.5,77.5,1.7019625902175903
2010-07-30,31.75,76.5,25.189861297607422
2010-07-30,31.75,76.75,2.4630963802337646
2010-07-30,31.75,77.0,0.0
2010-07-30,31.75,77.25,0.0
2010-07-30,31.75,77.5,0.25142958760261536
2010-07-30,32.0,76.5,19.62825584411621
2010-07-30,32.0,76.75,18.972431182861328
2010-07-30,32.0,77.0,0.6396892070770264
2010-07-30,32.0,77.25,0.2798680067062378
2010-07-30,32.0,77.5,0.3680802285671234
2010-07-31,31.5,76.5,6.701536178588867
2010-07-31,31.5,76.75,47.63541793823242
2010-07-31,31.5,77.0,10.734452247619629
2010-07-31,31.5,77.25,9.353991508483887
2010-07-31,31.5,77.5,11.294028282165527
2010-07-31,31.75,76.5,29.860830307006836
2010-07-31,31.75,76.75,36.978084564208984
2010-07-31,31.75,77.0,8.864614486694336
2010-07-31,31.75,77.25,16.04964828491211
2010-07-31,31.75,77.5,18.788776397705078
2010-07-31,32.0,76.5,68.9417953491211
2010-07-31,32.0,76.75,60.56781768798828
2010-07-31,32.0,77.0,24.530241012573242
2010-07-31,32.0,77.25,45.92274475097656
2010-07-31,32.0,77.5,27.33737564086914
2010-08-01,31.5,76.5,0.7874261140823364
2010-08-01,31.5,76.75,8.202510833740234
2010-08-01,31.5,77.0,2.7214155197143555
2010-08-01,31.5,77.25,0.27982306480407715
2010-08-01,31.5,77.5,4.051775932312012
2010-08-01,31.75,76.5,0.5508107542991638
2010-08-01,31.75,76.75,10.8621244430542
2010-08-01,31.75,77.0,29.018354415893555
2010-08-01,31.75,77.25,5.7196526527404785
2010-08-01,31.75,77.5,10.136529922485352
2010-08-01,32.0,76.5,15.353683471679688
2010-08-01,32.0,76.75,8.554730415344238
2010-08-01,32.0,77.0,18.99247932434082
2010-08-01,32.0,77.25,7.527108192443848
2010-08-01,32.0,77.5,10.507299423217773
2010-08-02,31.5,76.5,35.976043701171875
2010-08-02,31.5,76.75,40.165008544921875
2010-08-02,31.5,77.0,9.661006927490234
2010-08-02,31.5,77.25,1.3609724044799805
2010-08-02,31.5,77.5,0.5077689290046692
2010-08-02,31.75,76.5,26.217126846313477
2010-08-02,31.75,76.75,30.065975189208984
2010-08-02,31.75,77.0,7.270193576812744
2010-08-02,31.75,77.25,1.0136712789535522
2010-08-02,31.75,77.5,0.15483435988426208
2010-08-02,32.0,76.5,17.607118606567383
2010-08-02,32.0,76.75,8.144330024719238
2010-08-02,32.0,77.0,2.066854953765869
2010-08-02,32.0,77.25,0.9267929792404175
2010-08-02,32.0,77.5,0.841079592704773
2010-08-03,31.5,76.5,43.05580520629883
2010-08-03,31.5,76.75,33.180545806884766
2010-08-03,31.5,77.0,22.591739654541016
2010-08-03,31.5,77.25,20.547670364379883
2010-08-03,31.5,77.5,23.100669860839844
2010-08-03,31.75,76.5,17.07513427734375
2010-08-03,31.75,76.75,46.56085968017578
2010-08-03,31.75,77.0,22.417943954467773
2010-08-03,31.75,77.25,24.344209671020508
2010-08-03,31.75,77.5,22.364526748657227
2010-08-03,32.0,76.5,46.4373664855957
2010-08-03,32.0,76.75,52.96364212036133
2010-08-03,32.0,77.0,24.74747085571289
2010-08-03,32.0,77.25,33.4859504699707
2010-08-03,32.0,77.5,25.776262283325195
2010-08-04,31.5,76.5,5.505947113037109
2010-08-04,31.5,76.75,8.780824661254883
2010-08-04,31.5,77.0,14.796717643737793
2010-08-04,31.5,77.25,19.032012939453125
2010-08-04,31.5,77.5,14.481800079345703
2010-08-04,31.75,76.5,15.10804557800293
2010-08-04,31.75,76.75,20.3980712890625
2010-08-04,31.75,77.0,18.398740768432617
2010-08-04,31.75,77.25,16.327152252197266
2010-08-04,31.75,77.5,12.51184368133545
2010-08-04,32.0,76.5,36.169776916503906
2010-08-04,32.0,76.75,32.47797775268555
2010-08-04,32.0,77.0,12.512822151184082
2010-08-04,32.0,77.25,4.24655294418335
2010-08-04,32.0,77.5,11.327882766723633
2010-08-05,31.5,76.5,21.94970703125
2010-08-05,31.5,76.75,25.363279342651367
2010-08-05,31.5,77.0,16.121349334716797
2010-08-05,31.5,77.25,13.096338272094727
2010-08-05,31.5,77.5,18.32328987121582
2010-08-05,31.75,76.5,8.519152641296387
2010-08-05,31.75,76.75,41.77115249633789
2010-08-05,31.75,77.0,15.519957542419434
2010-08-05,31.75,77.25,14.521977424621582
2010-08-05,31.75,77.5,12.790290832519531
2010-08-05,32.0,76.5,8.35930061340332
2010-08-05,32.0,76.75,14.5247220993042
2010-08-05,32.0,77.0,13.954627990722656
2010-08-05,32.0,77.25,17.09929847717285
2010-08-05,32.0,77.5,13.93459415435791
2010-08-06,31.5,76.5,16.222557067871094
2010-08-06,31.5,76.75,23.35330581665039
2010-08-06,31.5,77.0,18.360061645507812
2010-08-06,31.5,77.25,19.17001724243164
2010-08-06,31.5,77.5,18.0294132232666
2010-08-06,31.75,76.5,12.980719566345215
2010-08-06,31.75,76.75,58.55463409423828
2010-08-06,31.75,77.0,24.26410675048828
2010-08-06,31.75,77.25,20.291654586791992
2010-08-06,31.75,77.5,21.42887306213379
2010-08-06,32.0,76.5,29.452054977416992
2010-08-06,32.0,76.75,28.559907913208008
2010-08-06,32.0,77.0,25.419504165649414
2010-08-06,32.0,77.25,28.438051223754883
2010-08-06,32.0,77.5,24.869136810302734
2010-08-07,31.5,76.5,5.889060974121094
2010-08-07,31.5,76.75,13.892038345336914
2010-08-07,31.5,77.0,1.5141950845718384
2010-08-07,31.5,77.25,3.1478357315063477
2010-08-07,31.5,77.5,3.6450045108795166
2010-08-07,31.75,76.5,20.56892204284668
2010-08-07,31.75,76.75,1.8473230600357056
2010-08-07,31.75,77.0,0.3402501046657562
2010-08-07,31.75,77.25,2.712812900543213
2010-08-07,31.75,77.5,2.2687020301818848
2010-08-07,32.0,76.5,0.0
2010-08-07,32.0,76.75,0.12449786812067032
2010-08-07,32.0,77.0,3.9496512413024902
2010-08-07,32.0,77.25,3.1859283447265625
2010-08-07,32.0,77.5,3.602059841156006
2010-08-08,31.5,76.5,0.0
2010-08-08,31.5,76.75,0.5074049234390259
2010-08-08,31.5,77.0,0.562558650970459
2010-08-08,31.5,77.25,6.985761642456055
2010-08-08,31.5,77.5,5.494158744812012
2010-08-08,31.75,76.5,5.5081071853637695
2010-08-08,31.75,76.75,3.9854226112365723
2010-08-08,31.75,77.0,4.62174654006958
2010-08-08,31.75,77.25,8.990781784057617
2010-08-08,31.75,77.5,9.455761909484863
2010-08-08,32.0,76.5,15.374074935913086
2010-08-08,32.0,76.75,14.462244987487793
2010-08-08,32.0,77.0,13.333664894104004
2010-08-08,32.0,77.25,17.173799514770508
2010-08-08,32.0,77.5,13.394612312316895
2010-08-09,31.5,76.5,0.0
2010-08-09,31.5,76.75,0.0
2010-08-09,31.5,77.0,0.0
2010-08-09,31.5,77.25,0.0
2010-08-09,31.5,77.5,0.347298800945282
2010-08-09,31.75,76.5,5.314997673034668
2010-08-09,31.75,76.75,0.5870808959007263
2010-08-09,31.75,77.0,0.0
2010-08-09,31.75,77.25,0.0
2010-08-09,31.75,77.5,0.0
2010-08-09,32.0,76.5,9.810816764831543
2010-08-09,32.0,76.75,9.813326835632324
2010-08-09,32.0,77.0,0.0
2010-08-09,32.0,77.25,0.0
2010-08-09,32.0,77.5,0.0
2010-08-10,31.5,76.5,0.4441213011741638
2010-08-10,31.5,76.75,0.42256495356559753
2010-08-10,31.5,77.0,2.153242826461792
2010-08-10,31.5,77.25,5.632493495941162
2010-08-10,31.5,77.5,6.094781398773193
2010-08-10,31.75,76.5,23.154268264770508
2010-08-10,31.75,76.75,6.633741855621338
2010-08-10,31.75,77.0,14.90854263305664
2010-08-10,31.75,77.25,7.105029106140137
2010-08-10,31.75,77.5,6.876649856567383
2010-08-10,32.0,76.5,36.93061828613281
2010-08-10,32.0,76.75,24.831466674804688
2010-08-10,32.0,77.0,6.924595355987549
2010-08-10,32.0,77.25,1.5845648050308228
2010-08-10,32.0,77.5,4.985166549682617
2010-08-11,31.5,76.5,30.850584030151367
2010-08-11,31.5,76.75,2.9070868492126465
2010-08-11,31.5,77.0,1.2016980648040771
2010-08-11,31.5,77.25,14.05776596069336
2010-08-11,31.5,77.5,9.315170288085938
2010-08-11,31.75,76.5,41.9599609375
2010-08-11,31.75,76.75,2.715452194213867
2010-08-11,31.75,77.0,5.4665656089782715
2010-08-11,31.75,77.25,12.0369291305542
2010-08-11,31.75,77.5,8.513718605041504
2010-08-11,32.0,76.5,49.920249938964844
2010-08-11,32.0,76.75,33.82459259033203
2010-08-11,32.0,77.0,4.470429420471191
2010-08-11,32.0,77.25,1.8274260759353638
2010-08-11,32.0,77.5,6.754035949707031
2010-08-12,31.5,76.5,23.17578887939453
2010-08-12,31.5,76.75,95.67922973632812
2010-08-12,31.5,77.0,43.32099914550781
2010-08-12,31.5,77.25,16.79261589050293
2010-08-12,31.5,77.5,13.049619674682617
2010-08-12,31.75,76.5,62.86198043823242
2010-08-12,31.75,76.75,57.26810836791992
2010-08-12,31.75,77.0,30.260122299194336
2010-08-12,31.75,77.25,15.667750358581543
2010-08-12,31.75,77.5,10.00599193572998
2010-08-12,32.0,76.5,36.25870895385742
2010-08-12,32.0,76.75,37.519554138183594
2010-08-12,32.0,77.0,13.689186096191406
2010-08-12,32.0,77.25,5.859408378601074
2010-08-12,32.0,77.5,9.509400367736816
2010-08-13,31.5,76.5,5.665136814117432
2010-08-13,31.5,76.75,4.210783958435059
2010-08-13,31.5,77.0,1.6088662147521973
2010-08-13,31.5,77.25,6.2772932052612305
2010-08-13,31.5,77.5,6.360838890075684
2010-08-13,31.75,76.5,13.84968376159668
2010-08-13,31.75,76.75,5.806011199951172
2010-08-13,31.75,77.0,7.731368064880371
2010-08-13,31.75,77.25,6.224752426147461
2010-08-13,31.75,77.5,5.483680248260498
2010-08-13,32.0,76.5,11.956332206726074
2010-08-13,32.0,76.75,4.390048027038574
2010-08-13,32.0,77.0,5.445278167724609
2010-08-13,32.0,77.25,1.831833004951477
2010-08-13,32.0,77.5,4.689807415008545
2010-08-14,31.5,76.5,0.5833274722099304
2010-08-14,31.5,76.75,0.0
2010-08-14,31.5,77.0,0.22547563910484314
2010-08-14,31.5,77.25,0.5337020754814148
2010-08-14,31.5,77.5,0.9267269372940063
2010-08-14,31.75,76.5,9.269503593444824
2010-08-14,31.75,76.75,1.1888140439987183
2010-08-14,31.75,77.0,0.2707345485687256
2010-08-14,31.75,77.25,0.20862741768360138
2010-08-14,31.75,77.5,0.0
2010-08-14,32.0,76.5,14.597441673278809
2010-08-14,32.0,76.75,15.825820922851562
2010-08-14,32.0,77.0,7.314178943634033
2010-08-14,32.0,77.25,3.177457571029663
2010-08-14,32.0,77.5,4.225869178771973
2010-08-15,31.5,76.5,0.9811604022979736
2010-08-15,31.5,76.75,0.3599534332752228
2010-08-15,31.5,77.0,4.698322296142578
2010-08-15,31.5,77.25,2.853893280029297
2010-08-15,31.5,77.5,10.468826293945312
2010-08-15,31.75,76.5,7.810226917266846
2010-08-15,31.75,76.75,14.28648853302002
2010-08-15,31.75,77.0,2.4625346660614014
2010-08-15,31.75,77.25,2.8143858909606934
2010-08-15,31.75,77.5,6.105874538421631
2010-08-15,32.0,76.5,8.830161094665527
2010-08-15,32.0,76.75,9.317660331726074
2010-08-15,32.0,77.0,5.692677021026611
2010-08-15,32.0,77.25,8.36462116241455
2010-08-15,32.0,77.5,5.700141429901123
2010-08-16,31.5,76.5,2.8962342739105225
2010-08-16,31.5,76.75,2.5780410766601562
2010-08-16,31.5,77.0,4.2879509925842285
2010-08-16,31.5,77.25,5.646554470062256
2010-08-16,31.5,77.5,5.153521537780762
2010-08-16,31.75,76.5,8.036194801330566
2010-08-16,31.75,76.75,27.175233840942383
2010-08-16,31.75,77.0,7.4785332679748535
2010-08-16,31.75,77.25,4.276052951812744
2010-08-16,31.75,77.5,3.3319780826568604
2010-08-16,32.0,76.5,17.722700119018555
2010-08-16,32.0,76.75,18.860849380493164
2010-08-16,32.0,77.0,8.396265029907227
2010-08-16,32.0,77.25,3.813210964202881
2010-08-16,32.0,77.5,6.270662784576416
2010-08-17,31.5,76.5,0.0
2010-08-17,31.5,76.75,0.5412482619285583
2010-08-17,31.5,77.0,0.0
2010-08-17,31.5,77.25,0.0
2010-08-17,31.5,77.5,0.28838247060775757
2010-08-17,31.75,76.5,6.167776584625244
2010-08-17,31.75,76.75,0.26577478647232056
2010-08-17,31.75,77.0,0.0
2010-08-17,31.75,77.25,0.1056838110089302
2010-08-17,31.75,77.5,0.1806400865316391
2010-08-17,32.0,76.5,11.948190689086914
2010-08-17,32.0,76.75,3.4019529819488525
2010-08-17,32.0,77.0,0.543229877948761
2010-08-17,32.0,77.25,0.680114209651947
2010-08-17,32.0,77.5,0.45367780327796936
2010-08-18,31.5,76.5,5.973529815673828
2010-08-18,31.5,76.75,0.18117225170135498
2010-08-18,31.5,77.0,4.321992874145508
2010-08-18,31.5,77.25,1.1211715936660767
2010-08-18,31.5,77.5,1.32779860496521
2010-08-18,31.75,76.5,51.3333625793457
2010-08-18,31.75,76.75,15.093147277832031
2010-08-18,31.75,77.0,6.8905415534973145
2010-08-18,31.75,77.25,2.315600872039795
2010-08-18,31.75,77.5,0.8056679368019104
2010-08-18,32.0,76.5,45.54051971435547
2010-08-18,32.0,76.75,18.705440521240234
2010-08-18,32.0,77.0,7.769406795501709
2010-08-18,32.0,77.25,2.8818557262420654
2010-08-18,32.0,77.5,4.095057010650635
2010-08-19,31.5,76.5,1.8104137182235718
2010-08-19,31.5,76.75,13.890280723571777
2010-08-19,31.5,77.0,2.9522945880889893
2010-08-19,31.5,77.25,1.2074154615402222
2010-08-19,31.5,77.5,2.097797155380249
2010-08-19,31.75,76.5,23.428071975708008
2010-08-19,31.75,76.75,35.57864761352539
2010-08-19,31.75,77.0,13.723528861999512
2010-08-19,31.75,77.25,2.871025800704956
2010-08-19,31.75,77.5,2.4457359313964844
2010-08-19,32.0,76.5,64.76061248779297
2010-08-19,32.0,76.75,57.44640350341797
2010-08-19,32.0,77.0,10.732564926147461
2010-08-19,32.0,77.25,3.743993043899536
2010-08-19,32.0,77.5,5.876516819000244
2010-08-20,31.5,76.5,18.44062614440918
2010-08-20,31.5,76.75,13.92587947845459
2010-08-20,31.5,77.0,18.725881576538086
2010-08-20,31.5,77.25,12.637144088745117
2010-08-20,31.5,77.5,14.842344284057617
2010-08-20,31.75,76.5,47.06074905395508
2010-08-20,31.75,76.75,61.21895217895508
2010-08-20,31.75,77.0,38.16438674926758
2010-08-20,31.75,77.25,15.619384765625
2010-08-20,31.75,77.5,14.960503578186035
2010-08-20,32.0,76.5,147.58790588378906
2010-08-20,32.0,76.75,124.46448516845703
2010-08-20,32.0,77.0,20.626811981201172
2010-08-20,32.0,77.25,9.887712478637695
2010-08-20,32.0,77.5,14.376961708068848
2010-08-21,31.5,76.5,0.8858543038368225
2010-08-21,31.5,76.75,9.46871280670166
2010-08-21,31.5,77.0,9.359073638916016
2010-08-21,31.5,77.25,1.9066352844238281
2010-08-21,31.5,77.5,3.574347972869873
2010-08-21,31.75,76.5,4.2687835693359375
2010-08-21,31.75,76.75,17.05905532836914
2010-08-21,31.75,77.0,5.433932781219482
2010-08-21,31.75,77.25,11.572444915771484
2010-08-21,31.75,77.5,19.835538864135742
2010-08-21,32.0,76.5,12.30795955657959
2010-08-21,32.0,76.75,14.020225524902344
2010-08-21,32.0,77.0,29.319063186645508
2010-08-21,32.0,77.25,57.6814079284668
2010-08-21,32.0,77.5,30.933263778686523
2010-08-22,31.5,76.5,1.5877537727355957
2010-08-22,31.5,76.75,0.6780140995979309
2010-08-22,31.5,77.0,11.143714904785156
2010-08-22,31.5,77.25,4.081140995025635
2010-08-22,31.5,77.5,5.827025413513184
2010-08-22,31.75,76.5,5.5081071853637695
2010-08-22,31.75,76.75,15.233484268188477
2010-08-22,31.75,77.0,4.549615859985352
2010-08-22,31.75,77.25,4.3698201179504395
2010-08-22,31.75,77.5,5.312089443206787
2010-08-22,32.0,76.5,25.002696990966797
2010-08-22,32.0,76.75,16.60329818725586
2010-08-22,32.0,77.0,14.663923263549805
2010-08-22,32.0,77.25,15.396218299865723
2010-08-22,32.0,77.5,11.681441307067871
2010-08-23,31.5,76.5,3.6801321506500244
2010-08-23,31.5,76.75,2.923940896987915
2010-08-23,31.5,77.0,11.351431846618652
2010-08-23,31.5,77.25,4.740706443786621
2010-08-23,31.5,77.5,5.839702606201172
2010-08-23,31.75,76.5,27.065963745117188
2010-08-23,31.75,76.75,9.471982955932617
2010-08-23,31.75,77.0,2.9255123138427734
2010-08-23,31.75,77.25,3.7991185188293457
2010-08-23,31.75,77.5,4.0060954093933105
2010-08-23,32.0,76.5,22.960607528686523
2010-08-23,32.0,76.75,21.68132781982422
2010-08-23,32.0,77.0,7.233732223510742
2010-08-23,32.0,77.25,8.001605987548828
2010-08-23,32.0,77.5,6.386280536651611
2010-08-24,31.5,76.5,3.1364362239837646
2010-08-24,31.5,76.75,0.1208835169672966
2010-08-24,31.5,77.0,1.114277720451355
2010-08-24,31.5,77.25,0.9702831506729126
2010-08-24,31.5,77.5,3.0105361938476562
2010-08-24,31.75,76.5,24.44366455078125
2010-08-24,31.75,76.75,0.5870808959007263
2010-08-24,31.75,77.0,0.0
2010-08-24,31.75,77.25,0.6938590407371521
2010-08-24,31.75,77.5,0.6328579187393188
2010-08-24,32.0,76.5,21.78132438659668
2010-08-24,32.0,76.75,9.813326835632324
2010-08-24,32.0,77.0,2.085010051727295
2010-08-24,32.0,77.25,1.0035123825073242
2010-08-24,32.0,77.5,1.491349458694458
2010-08-25,31.5,76.5,0.0
2010-08-25,31.5,76.75,0.5732493996620178
2010-08-25,31.5,77.0,3.721712112426758
2010-08-25,31.5,77.25,12.280732154846191
2010-08-25,31.5,77.5,13.763144493103027
2010-08-25,31.75,76.5,2.065540313720703
2010-08-25,31.75,76.75,4.631976127624512
2010-08-25,31.75,77.0,1.1133846044540405
2010-08-25,31.75,77.25,9.346158981323242
2010-08-25,31.75,77.5,6.257147312164307
2010-08-25,32.0,76.5,5.395411491394043
2010-08-25,32.0,76.75,5.79046106338501
2010-08-25,32.0,77.0,2.638528347015381
2010-08-25,32.0,77.25,2.469637870788574
2010-08-25,32.0,77.5,5.445899486541748
2010-08-26,31.5,76.5,0.0
2010-08-26,31.5,76.75,0.1450602114200592
2010-08-26,31.5,77.0,3.3000600337982178
2010-08-26,31.5,77.25,10.392186164855957
2010-08-26,31.5,77.5,15.415885925292969
2010-08-26,31.75,76.5,0.2754053771495819
2010-08-26,31.75,76.75,0.0
2010-08-26,31.75,77.0,2.692883253097534
2010-08-26,31.75,77.25,8.040169715881348
2010-08-26,31.75,77.5,7.75759220123291
2010-08-26,32.0,76.5,0.8170666694641113
2010-08-26,32.0,76.75,1.103134274482727
2010-08-26,32.0,77.0,2.205294370651245
2010-08-26,32.0,77.25,0.995514452457428
2010-08-26,32.0,77.5,4.223862171173096
2010-08-27,31.5,76.5,0.8369685411453247
2010-08-27,31.5,76.75,2.1649930477142334
2010-08-27,31.5,77.0,0.39166080951690674
2010-08-27,31.5,77.25,2.069855213165283
2010-08-27,31.5,77.5,3.881835460662842
2010-08-27,31.75,76.5,2.837092876434326
2010-08-27,31.75,76.75,0.5816601514816284
2010-08-27,31.75,77.0,3.5373406410217285
2010-08-27,31.75,77.25,3.040799140930176
2010-08-27,31.75,77.5,3.8281383514404297
2010-08-27,32.0,76.5,1.165107250213623
2010-08-27,32.0,76.75,0.739607572555542
2010-08-27,32.0,77.0,4.811030864715576
2010-08-27,32.0,77.25,4.932145595550537
2010-08-27,32.0,77.5,4.269026756286621
2010-08-28,31.5,76.5,0.0
2010-08-28,31.5,76.75,0.0
2010-08-28,31.5,77.0,0.0
2010-08-28,31.5,77.25,0.0
2010-08-28,31.5,77.5,0.0
2010-08-28,31.75,76.5,0.0
2010-08-28,31.75,76.75,0.0
2010-08-28,31.75,77.0,0.0
2010-08-28,31.75,77.25,0.0
2010-08-28,31.75,77.5,0.0
2010-08-28,32.0,76.5,0.0
2010-08-28,32.0,76.75,0.0
2010-08-28,32.0,77.0,0.0
2010-08-28,32.0,77.25,0.0
2010-08-28,32.0,77.5,0.0
2010-08-29,31.5,76.5,0.0
2010-08-29,31.5,76.75,0.0
2010-08-29,31.5,77.0,0.0
2010-08-29,31.5,77.25,0.0
2010-08-29,31.5,77.5,0.0
2010-08-29,31.75,76.5,0.0
2010-08-29,31.75,76.75,0.0
2010-08-29,31.75,77.0,0.0
2010-08-29,31.75,77.25,0.0
2010-08-29,31.75,77.5,0.0
2010-08-29,32.0,76.5,0.0
2010-08-29,32.0,76.75,0.0
2010-08-29,32.0,77.0,0.0
2010-08-29,32.0,77.25,0.0
2010-08-29,32.0,77.5,0.0
2010-08-30,31.5,76.5,0.0
2010-08-30,31.5,76.75,0.0
2010-08-30,31.5,77.0,0.0
2010-08-30,31.5,77.25,0.0
2010-08-30,31.5,77.5,0.0
2010-08-30,31.75,76.5,2.1092140674591064
2010-08-30,31.75,76.75,0.0
2010-08-30,31.75,77.0,0.0
2010-08-30,31.75,77.25,0.0
2010-08-30,31.75,77.5,0.0
2010-08-30,32.0,76.5,13.598616600036621
2010-08-30,32.0,76.75,1.6355544328689575
2010-08-30,32.0,77.0,0.0
2010-08-30,32.0,77.25,0.0
2010-08-30,32.0,77.5,0.0
2010-08-31,31.5,76.5,0.4563491940498352
2010-08-31,31.5,76.75,4.891714096069336
2010-08-31,31.5,77.0,8.060489654541016
2010-08-31,31.5,77.25,28.299753189086914
2010-08-31,31.5,77.5,18.344600677490234
2010-08-31,31.75,76.5,10.1899995803833
2010-08-31,31.75,76.75,13.324856758117676
2010-08-31,31.75,77.0,8.215265274047852
2010-08-31,31.75,77.25,23.640085220336914
2010-08-31,31.75,77.5,13.95877456665039
2010-08-31,32.0,76.5,30.451297760009766
2010-08-31,32.0,76.75,28.27815818786621
2010-08-31,32.0,77.0,1.911849021911621
2010-08-31,32.0,77.25,1.4211724996566772
2010-08-31,32.0,77.5,9.059052467346191
2010-09-01,31.5,76.5,0.20580454170703888
2010-09-01,31.5,76.75,2.3887851238250732
2010-09-01,31.5,77.0,11.963398933410645
2010-09-01,31.5,77.25,3.972748041152954
2010-09-01,31.5,77.5,3.6834335327148438
2010-09-01,31.75,76.5,5.783513069152832
2010-09-01,31.75,76.75,9.107789039611816
2010-09-01,31.75,77.0,7.120841026306152
2010-09-01,31.75,77.25,4.086082458496094
2010-09-01,31.75,77.5,1.8312000036239624
2010-09-01,32.0,76.5,13.245399475097656
2010-09-01,32.0,76.75,17.23780632019043
2010-09-01,32.0,77.0,1.6306508779525757
2010-09-01,32.0,77.25,0.0
2010-09-01,32.0,77.5,0.8958428502082825
2010-09-02,31.5,76.5,0.0
2010-09-02,31.5,76.75,0.1837429255247116
2010-09-02,31.5,77.0,1.8246760368347168
2010-09-02,31.5,77.25,1.2891533374786377
2010-09-02,31.5,77.5,0.6857794523239136
2010-09-02,31.75,76.5,3.029459238052368
2010-09-02,31.75,76.75,0.5968491435050964
2010-09-02,31.75,77.0,0.20366154611110687
2010-09-02,31.75,77.25,1.6179814338684082
2010-09-02,31.75,77.5,1.8018908500671387
2010-09-02,32.0,76.5,7.448912620544434
2010-09-02,32.0,76.75,7.279438018798828
2010-09-02,32.0,77.0,1.943135142326355
2010-09-02,32.0,77.25,4.025421619415283
2010-09-02,32.0,77.5,2.427020788192749
2010-09-03,31.5,76.5,28.337970733642578
2010-09-03,31.5,76.75,2.234013795852661
2010-09-03,31.5,77.0,1.7947486639022827
2010-09-03,31.5,77.25,0.17557114362716675
2010-09-03,31.5,77.5,4.278926372528076
2010-09-03,31.75,76.5,8.2000732421875
2010-09-03,31.75,76.75,1.3163833618164062
2010-09-03,31.75,77.0,0.8879660367965698
2010-09-03,31.75,77.25,4.787321090698242
2010-09-03,31.75,77.5,9.519673347473145
2010-09-03,32.0,76.5,14.921516418457031
2010-09-03,32.0,76.75,6.957211017608643
2010-09-03,32.0,77.0,11.65390396118164
2010-09-03,32.0,77.25,24.030040740966797
2010-09-03,32.0,77.5,12.649582862854004
2010-09-04,31.5,76.5,6.019150733947754
2010-09-04,31.5,76.75,19.50893783569336
2010-09-04,31.5,77.0,4.277137279510498
2010-09-04,31.5,77.25,1.3713685274124146
2010-09-04,31.5,77.5,2.591055393218994
2010-09-04,31.75,76.5,13.691547393798828
2010-09-04,31.75,76.75,14.534146308898926
2010-09-04,31.75,77.0,4.923562526702881
2010-09-04,31.75,77.25,8.049327850341797
2010-09-04,31.75,77.5,11.851417541503906
2010-09-04,32.0,76.5,8.330005645751953
2010-09-04,32.0,76.75,8.746099472045898
2010-09-04,32.0,77.0,17.174558639526367
2010-09-04,32.0,77.25,34.006561279296875
2010-09-04,32.0,77.5,18.44997215270996
2010-09-05,31.5,76.5,14.141963005065918
2010-09-05,31.5,76.75,26.80336570739746
2010-09-05,31.5,77.0,5.352280616760254
2010-09-05,31.5,77.25,0.8635392785072327
2010-09-05,31.5,77.5,3.137697696685791
2010-09-05,31.75,76.5,5.700649261474609
2010-09-05,31.75,76.75,23.297685623168945
2010-09-05,31.75,77.0,6.677823543548584
2010-09-05,31.75,77.25,3.080686092376709
2010-09-05,31.75,77.5,3.3068735599517822
2010-09-05,32.0,76.5,9.864611625671387
2010-09-05,32.0,76.75,10.928367614746094
2010-09-05,32.0,77.0,8.845027923583984
2010-09-05,32.0,77.25,10.12549114227295
2010-09-05,32.0,77.5,6.885079383850098
2010-09-06,31.5,76.5,0.0
2010-09-06,31.5,76.75,0.979624330997467
2010-09-06,31.5,77.0,11.601005554199219
2010-09-06,31.5,77.25,27.104867935180664
2010-09-06,31.5,77.5,18.066781997680664
2010-09-06,31.75,76.5,5.783513069152832
2010-09-06,31.75,76.75,14.789253234863281
2010-09-06,31.75,77.0,8.22743034362793
2010-09-06,31.75,77.25,22.0462703704834
2010-09-06,31.75,77.5,12.998672485351562
2010-09-06,32.0,76.5,24.908245086669922
2010-09-06,32.0,76.75,18.16642189025879
2010-09-06,32.0,77.0,1.6063933372497559
2010-09-06,32.0,77.25,0.9020209312438965
2010-09-06,32.0,77.5,8.3010835647583
2010-09-07,31.5,76.5,21.010921478271484
2010-09-07,31.5,76.75,0.9397974610328674
2010-09-07,31.5,77.0,2.458766222000122
2010-09-07,31.5,77.25,4.7453789710998535
2010-09-07,31.5,77.5,5.713663101196289
2010-09-07,31.75,76.5,16.967174530029297
2010-09-07,31.75,76.75,1.6192418336868286
2010-09-07,31.75,77.0,1.6490434408187866
2010-09-07,31.75,77.25,3.930438280105591
2010-09-07,31.75,77.5,2.2880635261535645
2010-09-07,32.0,76.5,12.477415084838867
2010-09-07,32.0,76.75,6.875005722045898
2010-09-07,32.0,77.0,2.0515289306640625
2010-09-07,32.0,77.25,0.8792036771774292
2010-09-07,32.0,77.5,2.3997771739959717
2010-09-08,31.5,76.5,4.110686779022217
2010-09-08,31.5,76.75,14.220036506652832
2010-09-08,31.5,77.0,11.841643333435059
2010-09-08,31.5,77.25,8.050539016723633
2010-09-08,31.5,77.5,10.59228515625
2010-09-08,31.75,76.5,17.458236694335938
2010-09-08,31.75,76.75,10.556499481201172
2010-09-08,31.75,77.0,14.9320650100708
2010-09-08,31.75,77.25,10.750700950622559
2010-09-08,31.75,77.5,12.444917678833008
2010-09-08,32.0,76.5,24.3294677734375
2010-09-08,32.0,76.75,16.566448211669922
2010-09-08,32.0,77.0,12.94769287109375
2010-09-08,32.0,77.25,13.46536922454834
2010-09-08,32.0,77.5,11.502370834350586
2010-09-09,31.5,76.5,0.5833274722099304
2010-09-09,31.5,76.75,0.0
2010-09-09,31.5,77.0,0.0
2010-09-09,31.5,77.25,0.0
2010-09-09,31.5,77.5,1.0154181718826294
2010-09-09,31.75,76.5,6.344176769256592
2010-09-09,31.75,76.75,0.25440171360969543
2010-09-09,31.75,77.0,0.0
2010-09-09,31.75,77.25,0.0
2010-09-09,31.75,77.5,0.18857218325138092
2010-09-09,32.0,76.5,12.653107643127441
2010-09-09,32.0,76.75,4.252441883087158
2010-09-09,32.0,77.0,2.2175891399383545
2010-09-09,32.0,77.25,0.9702090620994568
2010-09-09,32.0,77.5,1.276011347770691
2010-09-10,31.5,76.5,1.6018282175064087
2010-09-10,31.5,76.75,0.5160998106002808
2010-09-10,31.5,77.0,9.517516136169434
2010-09-10,31.5,77.25,3.0096962451934814
2010-09-10,31.5,77.5,3.0408248901367188
2010-09-10,31.75,76.5,20.58985710144043
2010-09-10,31.75,76.75,8.472522735595703
2010-09-10,31.75,77.0,8.320594787597656
2010-09-10,31.75,77.25,3.3113853931427
2010-09-10,31.75,77.5,2.30796480178833
2010-09-10,32.0,76.5,28.98044776916504
2010-09-10,32.0,76.75,29.9825439453125
2010-09-10,32.0,77.0,4.495348930358887
2010-09-10,32.0,77.25,1.1764963865280151
2010-09-10,32.0,77.5,2.5347862243652344
2010-09-11,31.5,76.5,1.7323172092437744
2010-09-11,31.5,76.75,2.265026807785034
2010-09-11,31.5,77.0,7.080174922943115
2010-09-11,31.5,77.25,2.0754408836364746
2010-09-11,31.5,77.5,1.193548321723938
2010-09-11,31.75,76.5,7.596775054931641
2010-09-11,31.75,76.75,0.7115898132324219
2010-09-11,31.75,77.0,0.5528611540794373
2010-09-11,31.75,77.25,1.7761056423187256
2010-09-11,31.75,77.5,1.978326439857483
2010-09-11,32.0,76.5,3.123021364212036
2010-09-11,32.0,76.75,2.1702017784118652
2010-09-11,32.0,77.0,2.6838741302490234
2010-09-11,32.0,77.25,4.627224445343018
2010-09-11,32.0,77.5,2.9196510314941406
2010-09-12,31.5,76.5,26.95718765258789
2010-09-12,31.5,76.75,2.242497205734253
2010-09-12,31.5,77.0,8.07999324798584
2010-09-12,31.5,77.25,4.919242858886719
2010-09-12,31.5,77.5,8.186077117919922
2010-09-12,31.75,76.5,41.04671096801758
2010-09-12,31.75,76.75,2.173027515411377
2010-09-12,31.75,77.0,2.609868049621582
2010-09-12,31.75,77.25,3.8117332458496094
2010-09-12,31.75,77.5,3.6220357418060303
2010-09-12,32.0,76.5,20.62525749206543
2010-09-12,32.0,76.75,3.6586594581604004
2010-09-12,32.0,77.0,2.185938835144043
2010-09-12,32.0,77.25,2.130594253540039
2010-09-12,32.0,77.5,2.520684003829956
2010-09-13,31.5,76.5,35.886531829833984
2010-09-13,31.5,76.75,12.922490119934082
2010-09-13,31.5,77.0,6.869351387023926
2010-09-13,31.5,77.25,3.908327341079712
2010-09-13,31.5,77.5,6.0592169761657715
2010-09-13,31.75,76.5,55.50730514526367
2010-09-13,31.75,76.75,8.403867721557617
2010-09-13,31.75,77.0,14.54316234588623
2010-09-13,31.75,77.25,5.332279205322266
2010-09-13,31.75,77.5,8.621464729309082
2010-09-13,32.0,76.5,85.07192993164062
2010-09-13,32.0,76.75,73.16841888427734
2010-09-13,32.0,77.0,21.367761611938477
2010-09-13,32.0,77.25,10.222655296325684
2010-09-13,32.0,77.5,13.450051307678223
2010-09-14,31.5,76.5,11.327101707458496
2010-09-14,31.5,76.75,37.367942810058594
2010-09-14,31.5,77.0,10.18170166015625
2010-09-14,31.5,77.25,19.120441436767578
2010-09-14,31.5,77.5,16.030298233032227
2010-09-14,31.75,76.5,7.827073097229004
2010-09-14,31.75,76.75,21.937023162841797
2010-09-14,31.75,77.0,23.2989501953125
2010-09-14,31.75,77.25,22.388385772705078
2010-09-14,31.75,77.5,22.347312927246094
2010-09-14,32.0,76.5,5.614777565002441
2010-09-14,32.0,76.75,9.744094848632812
2010-09-14,32.0,77.0,26.598482131958008
2010-09-14,32.0,77.25,27.365053176879883
2010-09-14,32.0,77.5,25.67011070251465
2010-09-15,31.5,76.5,0.29528477787971497
2010-09-15,31.5,76.75,2.976865291595459
2010-09-15,31.5,77.0,1.5900659561157227
2010-09-15,31.5,77.25,6.525747776031494
2010-09-15,31.5,77.5,9.131696701049805
2010-09-15,31.75,76.5,0.0
2010-09-15,31.75,76.75,0.9245251417160034
2010-09-15,31.75,77.0,9.83216381072998
2010-09-15,31.75,77.25,8.094501495361328
2010-09-15,31.75,77.5,9.145219802856445
2010-09-15,32.0,76.5,1.099157691001892
2010-09-15,32.0,76.75,1.9489773511886597
2010-09-15,32.0,77.0,9.73322582244873
2010-09-15,32.0,77.25,8.72377872467041
2010-09-15,32.0,77.5,8.920433044433594
2010-09-16,31.5,76.5,0.0
2010-09-16,31.5,76.75,0.36083218455314636
2010-09-16,31.5,77.0,0.1280062049627304
2010-09-16,31.5,77.25,2.5873191356658936
2010-09-16,31.5,77.5,1.785536289215088
2010-09-16,31.75,76.5,0.0
2010-09-16,31.75,76.75,0.0
2010-09-16,31.75,77.0,0.0
2010-09-16,31.75,77.25,2.0362842082977295
2010-09-16,31.75,77.5,1.279011607170105
2010-09-16,32.0,76.5,0.3077641427516937
2010-09-16,32.0,76.75,0.0
2010-09-16,32.0,77.0,0.0
2010-09-16,32.0,77.25,0.0
2010-09-16,32.0,77.5,0.8144025802612305
2010-09-17,31.5,76.5,0.33055222034454346
2010-09-17,31.5,76.75,0.0
2010-09-17,31.5,77.0,0.0
2010-09-17,31.5,77.25,0.0
2010-09-17,31.5,77.5,3.306487798690796
2010-09-17,31.75,76.5,1.507205605506897
2010-09-17,31.75,76.75,0.0
2010-09-17,31.75,77.0,0.0
2010-09-17,31.75,77.25,0.0
2010-09-17,31.75,77.5,0.3300012946128845
2010-09-17,32.0,76.5,0.0
2010-09-17,32.0,76.75,0.0
2010-09-17,32.0,77.0,0.2132297307252884
2010-09-17,32.0,77.25,0.0
2010-09-17,32.0,77.5,0.12269341200590134
2010-09-18,31.5,76.5,0.6480364203453064
2010-09-18,31.5,76.75,4.112163543701172
2010-09-18,31.5,77.0,0.0
2010-09-18,31.5,77.25,0.0
2010-09-18,31.5,77.5,7.561585903167725
2010-09-18,31.75,76.5,1.2412281036376953
2010-09-18,31.75,76.75,17.083627700805664
2010-09-18,31.75,77.0,2.897892951965332
2010-09-18,31.75,77.25,0.0
2010-09-18,31.75,77.5,2.1292941570281982
2010-09-18,32.0,76.5,0.0
2010-09-18,32.0,76.75,3.3277690410614014
2010-09-18,32.0,77.0,0.0
2010-09-18,32.0,77.25,0.0
2010-09-18,32.0,77.5,0.0
2010-09-19,31.5,76.5,0.1700124442577362
2010-09-19,31.5,76.75,1.713952660560608
2010-09-19,31.5,77.0,0.0
2010-09-19,31.5,77.25,0.0
2010-09-19,31.5,77.5,11.080700874328613
2010-09-19,31.75,76.5,0.0
2010-09-19,31.75,76.75,0.19713589549064636
2010-09-19,31.75,77.0,0.0
2010-09-19,31.75,77.25,0.0
2010-09-19,31.75,77.5,2.416620969772339
2010-09-19,32.0,76.5,0.0
2010-09-19,32.0,76.75,0.0
2010-09-19,32.0,77.0,0.0
2010-09-19,32.0,77.25,0.15966802835464478
2010-09-19,32.0,77.5,0.0
2010-09-20,31.5,76.5,2.120469331741333
2010-09-20,31.5,76.75,3.6943681240081787
2010-09-20,31.5,77.0,14.385372161865234
2010-09-20,31.5,77.25,16.914623260498047
2010-09-20,31.5,77.5,21.559829711914062
2010-09-20,31.75,76.5,1.1016215085983276
2010-09-20,31.75,76.75,3.5960631370544434
2010-09-20,31.75,77.0,14.308021545410156
2010-09-20,31.75,77.25,14.840490341186523
2010-09-20,31.75,77.5,15.998978614807129
2010-09-20,32.0,76.5,3.576030969619751
2010-09-20,32.0,76.75,5.791709899902344
2010-09-20,32.0,77.0,14.273801803588867
2010-09-20,32.0,77.25,7.699359893798828
2010-09-20,32.0,77.5,13.16059684753418
2010-09-21,31.5,76.5,0.0
2010-09-21,31.5,76.75,0.0
2010-09-21,31.5,77.0,0.0
2010-09-21,31.5,77.25,0.0
2010-09-21,31.5,77.5,1.084533929824829
2010-09-21,31.75,76.5,0.0
2010-09-21,31.75,76.75,0.0
2010-09-21,31.75,77.0,0.27217546105384827
2010-09-21,31.75,77.25,0.0
2010-09-21,31.75,77.5,0.0
2010-09-21,32.0,76.5,0.5715619921684265
2010-09-21,32.0,76.75,0.0
2010-09-21,32.0,77.0,1.0197674036026
2010-09-21,32.0,77.25,0.4145941734313965
2010-09-21,32.0,77.5,0.5772778391838074
2010-09-22,31.5,76.5,12.375265121459961
2010-09-22,31.5,76.75,11.313393592834473
2010-09-22,31.5,77.0,16.79391860961914
2010-09-22,31.5,77.25,12.184486389160156
2010-09-22,31.5,77.5,16.028127670288086
2010-09-22,31.75,76.5,4.394669532775879
2010-09-22,31.75,76.75,7.8870015144348145
2010-09-22,31.75,77.0,17.421247482299805
2010-09-22,31.75,77.25,13.596455574035645
2010-09-22,31.75,77.5,15.48495101928711
2010-09-22,32.0,76.5,5.341910362243652
2010-09-22,32.0,76.75,7.719567775726318
2010-09-22,32.0,77.0,15.936422348022461
2010-09-22,32.0,77.25,17.1126651763916
2010-09-22,32.0,77.5,15.258420944213867
2010-09-23,31.5,76.5,21.767822265625
2010-09-23,31.5,76.75,30.83529281616211
2010-09-23,31.5,77.0,29.4569034576416
2010-09-23,31.5,77.25,36.613121032714844
2010-09-23,31.5,77.5,34.87841796875
2010-09-23,31.75,76.5,2.4786484241485596
2010-09-23,31.75,76.75,26.47156524658203
2010-09-23,31.75,77.0,32.075355529785156
2010-09-23,31.75,77.25,37.75386047363281
2010-09-23,31.75,77.5,38.27821350097656
2010-09-23,32.0,76.5,6.259045124053955
2010-09-23,32.0,76.75,16.164918899536133
2010-09-23,32.0,77.0,32.75559997558594
2010-09-23,32.0,77.25,38.60947036743164
2010-09-23,32.0,77.5,36.040008544921875
2010-09-24,31.5,76.5,0.42055708169937134
2010-09-24,31.5,76.75,4.301510334014893
2010-09-24,31.5,77.0,0.49362000823020935
2010-09-24,31.5,77.25,1.2074154615402222
2010-09-24,31.5,77.5,0.8610082864761353
2010-09-24,31.75,76.5,1.1016215085983276
2010-09-24,31.75,76.75,4.320774555206299
2010-09-24,31.75,77.0,1.1163175106048584
2010-09-24,31.75,77.25,1.0960161685943604
2010-09-24,31.75,77.5,0.5968720316886902
2010-09-24,32.0,76.5,2.3889405727386475
2010-09-24,32.0,76.75,3.501058578491211
2010-09-24,32.0,77.0,2.7727839946746826
2010-09-24,32.0,77.25,1.1961288452148438
2010-09-24,32.0,77.5,1.9014527797698975
2010-09-25,31.5,76.5,0.0
2010-09-25,31.5,76.75,0.6314562559127808
2010-09-25,31.5,77.0,0.3157486319541931
2010-09-25,31.5,77.25,6.382053852081299
2010-09-25,31.5,77.5,5.2972283363342285
2010-09-25,31.75,76.5,0.0
2010-09-25,31.75,76.75,0.0
2010-09-25,31.75,77.0,0.16075477004051208
2010-09-25,31.75,77.25,5.022833824157715
2010-09-25,31.75,77.5,3.154895305633545
2010-09-25,32.0,76.5,2.7259109020233154
2010-09-25,32.0,76.75,0.0
2010-09-25,32.0,77.0,2.8999242782592773
2010-09-25,32.0,77.25,1.4766805171966553
2010-09-25,32.0,77.5,3.677489995956421
2010-09-26,31.5,76.5,0.0
2010-09-26,31.5,76.75,0.0
2010-09-26,31.5,77.0,0.0
2010-09-26,31.5,77.25,0.0
2010-09-26,31.5,77.5,0.0
2010-09-26,31.75,76.5,0.0
2010-09-26,31.75,76.75,0.0
2010-09-26,31.75,77.0,0.0
2010-09-26,31.75,77.25,0.0
2010-09-26,31.75,77.5,0.0
2010-09-26,32.0,76.5,0.0
2010-09-26,32.0,76.75,0.0
2010-09-26,32.0,77.0,0.0
2010-09-26,32.0,77.25,0.0
2010-09-26,32.0,77.5,0.0
2010-09-27,31.5,76.5,0.0
2010-09-27,31.5,76.75,0.0
2010-09-27,31.5,77.0,0.0
2010-09-27,31.5,77.25,0.0
2010-09-27,31.5,77.5,0.0
2010-09-27,31.75,76.5,0.0
2010-09-27,31.75,76.75,0.0
2010-09-27,31.75,77.0,0.0
2010-09-27,31.75,77.25,0.0
2010-09-27,31.75,77.5,0.0
2010-09-27,32.0,76.5,0.0
2010-09-27,32.0,76.75,0.0
2010-09-27,32.0,77.0,0.0
2010-09-27,32.0,77.25,0.0
2010-09-27,32.0,77.5,0.0
2010-09-28,31.5,76.5,0.0
2010-09-28,31.5,76.75,0.0
2010-09-28,31.5,77.0,0.0
2010-09-28,31.5,77.25,0.0
2010-09-28,31.5,77.5,0.0
2010-09-28,31.75,76.5,0.0
2010-09-28,31.75,76.75,0.0
2010-09-28,31.75,77.0,0.0
2010-09-28,31.75,77.25,0.0
2010-09-28,31.75,77.5,0.0
2010-09-28,32.0,76.5,0.0
2010-09-28,32.0,76.75,0.0
2010-09-28,32.0,77.0,0.0
2010-09-28,32.0,77.25,0.0
2010-09-28,32.0,77.5,0.0
2010-09-29,31.5,76.5,0.0
2010-09-29,31.5,76.75,0.0
2010-09-29,31.5,77.0,0.0
2010-09-29,31.5,77.25,0.0
2010-09-29,31.5,77.5,0.0
2010-09-29,31.75,76.5,0.0
2010-09-29,31.75,76.75,0.0
2010-09-29,31.75,77.0,0.0
2010-09-29,31.75,77.25,0.0
2010-09-29,31.75,77.5,0.0
2010-09-29,32.0,76.5,0.0
2010-09-29,32.0,76.75,0.0
2010-09-29,32.0,77.0,0.0
2010-09-29,32.0,77.25,0.0
2010-09-29,32.0,77.5,0.0
2010-09-30,31.5,76.5,0.0
2010-09-30,31.5,76.75,0.0
2010-09-30,31.5,77.0,0.0
2010-09-30,31.5,77.25,0.0
2010-09-30,31.5,77.5,0.0
2010-09-30,31.75,76.5,0.0
2010-09-30,31.75,76.75,0.0
2010-09-30,31.75,77.0,0.0
2010-09-30,31.75,77.25,0.0
2010-09-30,31.75,77.5,0.0
2010-09-30,32.0,76.5,0.0
2010-09-30,32.0,76.75,0.0
2010-09-30,32.0,77.0,0.0
2010-09-30,32.0,77.25,0.0
2010-09-30,32.0,77.5,0.0
2010-10-01,31.5,76.5,0.0
2010-10-01,31.5,76.75,0.0
2010-10-01,31.5,77.0,0.0
2010-10-01,31.5,77.25,0.0
2010-10-01,31.5,77.5,0.0
2010-10-01,31.75,76.5,0.0
2010-10-01,31.75,76.75,0.0
2010-10-01,31.75,77.0,0.0
2010-10-01,31.75,77.25,0.0
2010-10-01,31.75,77.5,0.0
2010-10-01,32.0,76.5,0.0
2010-10-01,32.0,76.75,0.0
2010-10-01,32.0,77.0,0.0
2010-10-01,32.0,77.25,0.0
2010-10-01,32.0,77.5,0.0
2010-10-02,31.5,76.5,0.0
2010-10-02,31.5,76.75,0.0
2010-10-02,31.5,77.0,0.0
2010-10-02,31.5,77.25,0.0
2010-10-02,31.5,77.5,0.0
2010-10-02,31.75,76.5,0.0
2010-10-02,31.75,76.75,0.0
2010-10-02,31.75,77.0,0.0
2010-10-02,31.75,77.25,0.0
2010-10-02,31.75,77.5,0.0
2010-10-02,32.0,76.5,0.0
2010-10-02,32.0,76.75,0.0
2010-10-02,32.0,77.0,0.0
2010-10-02,32.0,77.25,0.0
2010-10-02,32.0,77.5,0.0
2010-10-03,31.5,76.5,0.0
2010-10-03,31.5,76.75,0.0
2010-10-03,31.5,77.0,0.0
2010-10-03,31.5,77.25,0.0
2010-10-03,31.5,77.5,0.0
2010-10-03,31.75,76.5,0.0
2010-10-03,31.75,76.75,0.0
2010-10-03,31.75,77.0,0.0
2010-10-03,31.75,77.25,0.0
2010-10-03,31.75,77.5,0.0
2010-10-03,32.0,76.5,0.0
2010-10-03,32.0,76.75,0.0
2010-10-03,32.0,77.0,0.0
2010-10-03,32.0,77.25,0.0
2010-10-03,32.0,77.5,0.0
2010-10-04,31.5,76.5,0.0
2010-10-04,31.5,76.75,0.0
2010-10-04,31.5,77.0,0.0
2010-10-04,31.5,77.25,0.0
2010-10-04,31.5,77.5,0.0
2010-10-04,31.75,76.5,0.0
2010-10-04,31.75,76.75,0.0
2010-10-04,31.75,77.0,0.0
2010-10-04,31.75,77.25,0.0
2010-10-04,31.75,77.5,0.0
2010-10-04,32.0,76.5,0.0
2010-10-04,32.0,76.75,0.0
2010-10-04,32.0,77.0,0.0
2010-10-04,32.0,77.25,0.0
2010-10-04,32.0,77.5,0.0
2010-10-05,31.5,76.5,0.0
2010-10-05,31.5,76.75,0.0
2010-10-05,31.5,77.0,0.0
2010-10-05,31.5,77.25,0.0
2010-10-05,31.5,77.5,0.4366243779659271
2010-10-05,31.75,76.5,0.0
2010-10-05,31.75,76.75,0.0
2010-10-05,31.75,77.0,0.0
2010-10-05,31.75,77.25,0.0
2010-10-05,31.75,77.5,0.0
2010-10-05,32.0,76.5,0.0
2010-10-05,32.0,76.75,0.0
2010-10-05,32.0,77.0,0.0
2010-10-05,32.0,77.25,0.0
2010-10-05,32.0,77.5,0.0
2010-10-06,31.5,76.5,0.0
2010-10-06,31.5,76.75,0.0
2010-10-06,31.5,77.0,0.0
2010-10-06,31.5,77.25,0.0
2010-10-06,31.5,77.5,0.0
2010-10-06,31.75,76.5,0.0
2010-10-06,31.75,76.75,0.0
2010-10-06,31.75,77.0,0.0
2010-10-06,31.75,77.25,0.0
2010-10-06,31.75,77.5,0.0
2010-10-06,32.0,76.5,0.0
2010-10-06,32.0,76.75,0.0
2010-10-06,32.0,77.0,0.0
2010-10-06,32.0,77.25,0.0
2010-10-06,32.0,77.5,0.0
2010-10-07,31.5,76.5,0.0
2010-10-07,31.5,76.75,0.0
2010-10-07,31.5,77.0,0.0
2010-10-07,31.5,77.25,0.0
2010-10-07,31.5,77.5,0.0
2010-10-07,31.75,76.5,0.0
2010-10-07,31.75,76.75,0.0
2010-10-07,31.75,77.0,0.0
2010-10-07,31.75,77.25,0.0
2010-10-07,31.75,77.5,0.0
2010-10-07,32.0,76.5,0.35173049569129944
2010-10-07,32.0,76.75,0.0
2010-10-07,32.0,77.0,0.0
2010-10-07,32.0,77.25,0.0
2010-10-07,32.0,77.5,0.0
2010-10-08,31.5,76.5,0.0
2010-10-08,31.5,76.75,0.0
2010-10-08,31.5,77.0,0.0
2010-10-08,31.5,77.25,0.0
2010-10-08,31.5,77.5,0.0
2010-10-08,31.75,76.5,0.0
2010-10-08,31.75,76.75,0.0
2010-10-08,31.75,77.0,0.0
2010-10-08,31.75,77.25,0.0
2010-10-08,31.75,77.5,0.0
2010-10-08,32.0,76.5,0.3737136423587799
2010-10-08,32.0,76.75,0.0
2010-10-08,32.0,77.0,0.0
2010-10-08,32.0,77.25,0.0
2010-10-08,32.0,77.5,0.0
2010-10-09,31.5,76.5,0.0
2010-10-09,31.5,76.75,0.0
2010-10-09,31.5,77.0,0.0
2010-10-09,31.5,77.25,0.0
2010-10-09,31.5,77.5,0.0
2010-10-09,31.75,76.5,0.5508107542991638
2010-10-09,31.75,76.75,0.0
2010-10-09,31.75,77.0,0.0
2010-10-09,31.75,77.25,0.0
2010-10-09,31.75,77.5,0.0
2010-10-09,32.0,76.5,1.3703354597091675
2010-10-09,32.0,76.75,1.308443546295166
2010-10-09,32.0,77.0,0.0
2010-10-09,32.0,77.25,0.0
2010-10-09,32.0,77.5,0.0
2010-10-10,31.5,76.5,0.15211640298366547
2010-10-10,31.5,76.75,1.533536672592163
2010-10-10,31.5,77.0,0.0
2010-10-10,31.5,77.25,0.0
2010-10-10,31.5,77.5,0.0
2010-10-10,31.75,76.5,0.0
2010-10-10,31.75,76.75,0.17638476192951202
2010-10-10,31.75,77.0,0.0
2010-10-10,31.75,77.25,0.0
2010-10-10,31.75,77.5,0.0
2010-10-10,32.0,76.5,0.0
2010-10-10,32.0,76.75,0.0
2010-10-10,32.0,77.0,0.0
2010-10-10,32.0,77.25,0.0
2010-10-10,32.0,77.5,0.0
2010-10-11,31.5,76.5,0.0
2010-10-11,31.5,76.75,0.0
2010-10-11,31.5,77.0,0.0
2010-10-11,31.5,77.25,0.0
2010-10-11,31.5,77.5,0.0
2010-10-11,31.75,76.5,0.2367834448814392
2010-10-11,31.75,76.75,0.0
2010-10-11,31.75,77.0,0.0
2010-10-11,31.75,77.25,0.0
2010-10-11,31.75,77.5,0.0
2010-10-11,32.0,76.5,0.1343642771244049
2010-10-11,32.0,76.75,0.0
2010-10-11,32.0,77.0,0.0
2010-10-11,32.0,77.25,0.0
2010-10-11,32.0,77.5,0.0
2010-10-12,31.5,76.5,0.0
2010-10-12,31.5,76.75,0.0
2010-10-12,31.5,77.0,0.0
2010-10-12,31.5,77.25,0.0
2010-10-12,31.5,77.5,0.0
2010-10-12,31.75,76.5,0.0
2010-10-12,31.75,76.75,0.0
2010-10-12,31.75,77.0,0.0
2010-10-12,31.75,77.25,0.22646529972553253
2010-10-12,31.75,77.5,0.1672344207763672
2010-10-12,32.0,76.5,0.0
2010-10-12,32.0,76.75,0.0
2010-10-12,32.0,77.0,0.5700669884681702
2010-10-12,32.0,77.25,1.1975102424621582
2010-10-12,32.0,77.5,0.6779220700263977
2010-10-13,31.5,76.5,0.0
2010-10-13,31.5,76.75,0.0
2010-10-13,31.5,77.0,0.0
2010-10-13,31.5,77.25,0.0
2010-10-13,31.5,77.5,0.0
2010-10-13,31.75,76.5,0.0
2010-10-13,31.75,76.75,0.0
2010-10-13,31.75,77.0,0.0
2010-10-13,31.75,77.25,0.0
2010-10-13,31.75,77.5,0.0
2010-10-13,32.0,76.5,0.0
2010-10-13,32.0,76.75,0.0
2010-10-13,32.0,77.0,0.0
2010-10-13,32.0,77.25,0.0
2010-10-13,32.0,77.5,0.0
2010-10-14,31.5,76.5,0.0
2010-10-14,31.5,76.75,0.0
2010-10-14,31.5,77.0,0.0
2010-10-14,31.5,77.25,0.0
2010-10-14,31.5,77.5,0.0
2010-10-14,31.75,76.5,0.0
2010-10-14,31.75,76.75,0.0
2010-10-14,31.75,77.0,0.0
2010-10-14,31.75,77.25,0.0
2010-10-14,31.75,77.5,0.0
2010-10-14,32.0,76.5,0.0
2010-10-14,32.0,76.75,0.0
2010-10-14,32.0,77.0,0.0
2010-10-14,32.0,77.25,0.0
2010-10-14,32.0,77.5,0.0
2010-10-15,31.5,76.5,0.0
2010-10-15,31.5,76.75,0.0
2010-10-15,31.5,77.0,0.0
2010-10-15,31.5,77.25,0.0
2010-10-15,31.5,77.5,0.0
2010-10-15,31.75,76.5,0.0
2010-10-15,31.75,76.75,0.0
2010-10-15,31.75,77.0,0.0
2010-10-15,31.75,77.25,0.0
2010-10-15,31.75,77.5,0.0
2010-10-15,32.0,76.5,0.0
2010-10-15,32.0,76.75,0.0
2010-10-15,32.0,77.0,0.0
2010-10-15,32.0,77.25,0.0
2010-10-15,32.0,77.5,0.0
2010-10-16,31.5,76.5,0.0
2010-10-16,31.5,76.75,0.0
2010-10-16,31.5,77.0,0.0
2010-10-16,31.5,77.25,0.0
2010-10-16,31.5,77.5,0.0
2010-10-16,31.75,76.5,0.0
2010-10-16,31.75,76.75,0.0
2010-10-16,31.75,77.0,0.0
2010-10-16,31.75,77.25,0.0
2010-10-16,31.75,77.5,0.0
2010-10-16,32.0,76.5,0.0
2010-10-16,32.0,76.75,0.0
2010-10-16,32.0,77.0,0.0
2010-10-16,32.0,77.25,0.0
2010-10-16,32.0,77.5,0.0
2010-10-17,31.5,76.5,0.0
2010-10-17,31.5,76.75,0.0
2010-10-17,31.5,77.0,0.0
2010-10-17,31.5,77.25,0.0
2010-10-17,31.5,77.5,0.0
2010-10-17,31.75,76.5,0.0
2010-10-17,31.75,76.75,0.0
2010-10-17,31.75,77.0,0.0
2010-10-17,31.75,77.25,0.0
2010-10-17,31.75,77.5,0.0
2010-10-17,32.0,76.5,0.0
2010-10-17,32.0,76.75,0.0
2010-10-17,32.0,77.0,0.0
2010-10-17,32.0,77.25,0.0
2010-10-17,32.0,77.5,0.0
2010-10-18,31.5,76.5,0.0
2010-10-18,31.5,76.75,0.0
2010-10-18,31.5,77.0,0.0
2010-10-18,31.5,77.25,0.0
2010-10-18,31.5,77.5,0.0
2010-10-18,31.75,76.5,0.0
2010-10-18,31.75,76.75,0.0
2010-10-18,31.75,77.0,0.0
2010-10-18,31.75,77.25,0.0
2010-10-18,31.75,77.5,0.0
2010-10-18,32.0,76.5,0.0
2010-10-18,32.0,76.75,0.0
2010-10-18,32.0,77.0,0.0
2010-10-18,32.0,77.25,0.0
2010-10-18,32.0,77.5,0.0
2010-10-19,31.5,76.5,0.0
2010-10-19,31.5,76.75,0.0
2010-10-19,31.5,77.0,0.0
2010-10-19,31.5,77.25,0.0
2010-10-19,31.5,77.5,0.0
2010-10-19,31.75,76.5,0.0
2010-10-19,31.75,76.75,0.0
2010-10-19,31.75,77.0,0.0
2010-10-19,31.75,77.25,0.0
2010-10-19,31.75,77.5,0.0
2010-10-19,32.0,76.5,0.0
2010-10-19,32.0,76.75,0.0
2010-10-19,32.0,77.0,0.0
2010-10-19,32.0,77.25,0.0
2010-10-19,32.0,77.5,0.0
2010-10-20,31.5,76.5,0.0
2010-10-20,31.5,76.75,0.0
2010-10-20,31.5,77.0,0.14080682396888733
2010-10-20,31.5,77.25,2.84605073928833
2010-10-20,31.5,77.5,1.4785526990890503
2010-10-20,31.75,76.5,0.0
2010-10-20,31.75,76.75,0.0
2010-10-20,31.75,77.0,0.0
2010-10-20,31.75,77.25,2.239912509918213
2010-10-20,31.75,77.5,1.2437702417373657
2010-10-20,32.0,76.5,0.0
2010-10-20,32.0,76.75,0.0
2010-10-20,32.0,77.0,0.0
2010-10-20,32.0,77.25,0.0
2010-10-20,32.0,77.5,0.6344690918922424
2010-10-21,31.5,76.5,0.0
2010-10-21,31.5,76.75,0.0
2010-10-21,31.5,77.0,0.0
2010-10-21,31.5,77.25,0.0
2010-10-21,31.5,77.5,0.6214886903762817
2010-10-21,31.75,76.5,0.0
2010-10-21,31.75,76.75,0.0
2010-10-21,31.75,77.0,0.27217546105384827
2010-10-21,31.75,77.25,0.0
2010-10-21,31.75,77.5,0.0
2010-10-21,32.0,76.5,0.0
2010-10-21,32.0,76.75,0.0
2010-10-21,32.0,77.0,0.7286443114280701
2010-10-21,32.0,77.25,0.47684651613235474
2010-10-21,32.0,77.5,0.23497046530246735
2010-10-22,31.5,76.5,0.0
2010-10-22,31.5,76.75,0.0
2010-10-22,31.5,77.0,0.0
2010-10-22,31.5,77.25,1.9836111068725586
2010-10-22,31.5,77.5,1.9037550687789917
2010-10-22,31.75,76.5,4.4420599937438965
2010-10-22,31.75,76.75,0.0
2010-10-22,31.75,77.0,2.4995431900024414
2010-10-22,31.75,77.25,1.9991933107376099
2010-10-22,31.75,77.5,1.1284010410308838
2010-10-22,32.0,76.5,3.0116100311279297
2010-10-22,32.0,76.75,0.44891250133514404
2010-10-22,32.0,77.0,1.6935430765151978
2010-10-22,32.0,77.25,0.5215234756469727
2010-10-22,32.0,77.5,1.3366800546646118
2010-10-23,31.5,76.5,48.6497688293457
2010-10-23,31.5,76.75,31.565576553344727
2010-10-23,31.5,77.0,38.80293273925781
2010-10-23,31.5,77.25,56.68344497680664
2010-10-23,31.5,77.5,35.211753845214844
2010-10-23,31.75,76.5,33.53763198852539
2010-10-23,31.75,76.75,23.126811981201172
2010-10-23,31.75,77.0,29.5567569732666
2010-10-23,31.75,77.25,47.04921340942383
2010-10-23,31.75,77.5,26.340599060058594
2010-10-23,32.0,76.5,12.60842227935791
2010-10-23,32.0,76.75,16.311296463012695
2010-10-23,32.0,77.0,28.936092376708984
2010-10-23,32.0,77.25,13.043926239013672
2010-10-23,32.0,77.5,22.03789520263672
2010-10-24,31.5,76.5,0.0
2010-10-24,31.5,76.75,0.0
2010-10-24,31.5,77.0,0.1991901844739914
2010-10-24,31.5,77.25,1.3274579048156738
2010-10-24,31.5,77.5,0.5376555323600769
2010-10-24,31.75,76.5,0.0
2010-10-24,31.75,76.75,0.0
2010-10-24,31.75,77.0,0.7065069675445557
2010-10-24,31.75,77.25,0.9361920952796936
2010-10-24,31.75,77.5,0.52492755651474
2010-10-24,32.0,76.5,0.0
2010-10-24,32.0,76.75,0.12469792366027832
2010-10-24,32.0,77.0,0.36381375789642334
2010-10-24,32.0,77.25,0.11399060487747192
2010-10-24,32.0,77.5,0.479181170463562
2010-10-25,31.5,76.5,0.0
2010-10-25,31.5,76.75,0.0
2010-10-25,31.5,77.0,0.0
2010-10-25,31.5,77.25,0.0
2010-10-25,31.5,77.5,0.0
2010-10-25,31.75,76.5,0.0
2010-10-25,31.75,76.75,0.0
2010-10-25,31.75,77.0,0.0
2010-10-25,31.75,77.25,0.0
2010-10-25,31.75,77.5,0.0
2010-10-25,32.0,76.5,0.0
2010-10-25,32.0,76.75,0.0
2010-10-25,32.0,77.0,0.0
2010-10-25,32.0,77.25,0.0
2010-10-25,32.0,77.5,0.0
2010-10-26,31.5,76.5,0.0
2010-10-26,31.5,76.75,0.0
2010-10-26,31.5,77.0,0.0
2010-10-26,31.5,77.25,0.0
2010-10-26,31.5,77.5,0.0
2010-10-26,31.75,76.5,0.0
2010-10-26,31.75,76.75,0.0
2010-10-26,31.75,77.0,0.0
2010-10-26,31.75,77.25,0.0
2010-10-26,31.75,77.5,0.0
2010-10-26,32.0,76.5,0.0
2010-10-26,32.0,76.75,0.0
2010-10-26,32.0,77.0,0.0
2010-10-26,32.0,77.25,0.0
2010-10-26,32.0,77.5,0.0
2010-10-27,31.5,76.5,0.0
2010-10-27,31.5,76.75,0.0
2010-10-27,31.5,77.0,0.0
2010-10-27,31.5,77.25,0.0
2010-10-27,31.5,77.5,0.0
2010-10-27,31.75,76.5,0.0
2010-10-27,31.75,76.75,0.0
2010-10-27,31.75,77.0,0.0
2010-10-27,31.75,77.25,0.0
2010-10-27,31.75,77.5,0.0
2010-10-27,32.0,76.5,0.0
2010-10-27,32.0,76.75,0.0
2010-10-27,32.0,77.0,0.0
2010-10-27,32.0,77.25,0.0
2010-10-27,32.0,77.5,0.0
2010-10-28,31.5,76.5,0.0
2010-10-28,31.5,76.75,0.0
2010-10-28,31.5,77.0,0.0
2010-10-28,31.5,77.25,0.0
2010-10-28,31.5,77.5,0.0
2010-10-28,31.75,76.5,0.0
2010-10-28,31.75,76.75,0.0
2010-10-28,31.75,77.0,0.0
2010-10-28,31.75,77.25,0.0
2010-10-28,31.75,77.5,0.0
2010-10-28,32.0,76.5,0.0
2010-10-28,32.0,76.75,0.0
2010-10-28,32.0,77.0,0.0
2010-10-28,32.0,77.25,0.0
2010-10-28,32.0,77.5,0.0
2010-10-29,31.5,76.5,0.0
2010-10-29,31.5,76.75,0.0
2010-10-29,31.5,77.0,0.0
2010-10-29,31.5,77.25,0.0
2010-10-29,31.5,77.5,0.0
2010-10-29,31.75,76.5,0.0
2010-10-29,31.75,76.75,0.0
2010-10-29,31.75,77.0,0.0
2010-10-29,31.75,77.25,0.0
2010-10-29,31.75,77.5,0.0
2010-10-29,32.0,76.5,0.0
2010-10-29,32.0,76.75,0.0
2010-10-29,32.0,77.0,0.0
2010-10-29,32.0,77.25,0.0
2010-10-29,32.0,77.5,0.0
2010-10-30,31.5,76.5,0.0
2010-10-30,31.5,76.75,0.0
2010-10-30,31.5,77.0,0.0
2010-10-30,31.5,77.25,0.0
2010-10-30,31.5,77.5,0.0
2010-10-30,31.75,76.5,0.0
2010-10-30,31.75,76.75,0.0
2010-10-30,31.75,77.0,0.0
2010-10-30,31.75,77.25,0.0
2010-10-30,31.75,77.5,0.0
2010-10-30,32.0,76.5,0.0
2010-10-30,32.0,76.75,0.0
2010-10-30,32.0,77.0,0.0
2010-10-30,32.0,77.25,0.0
2010-10-30,32.0,77.5,0.0
2010-10-31,31.5,76.5,0.0
2010-10-31,31.5,76.75,0.0
2010-10-31,31.5,77.0,0.0
2010-10-31,31.5,77.25,0.0
2010-10-31,31.5,77.5,0.0
2010-10-31,31.75,76.5,0.0
2010-10-31,31.75,76.75,0.0
2010-10-31,31.75,77.0,0.0
2010-10-31,31.75,77.25,0.0
2010-10-31,31.75,77.5,0.0
2010-10-31,32.0,76.5,0.0
2010-10-31,32.0,76.75,0.0
2010-10-31,32.0,77.0,0.5543972849845886
2010-10-31,32.0,77.25,0.2425522655248642
2010-10-31,32.0,77.5,0.0
2010-11-01,31.5,76.5,0.0
2010-11-01,31.5,76.75,0.0
2010-11-01,31.5,77.0,0.0
2010-11-01,31.5,77.25,0.0
2010-11-01,31.5,77.5,0.0
2010-11-01,31.75,76.5,0.0
2010-11-01,31.75,76.75,0.0
2010-11-01,31.75,77.0,0.0
2010-11-01,31.75,77.25,0.0
2010-11-01,31.75,77.5,0.0
2010-11-01,32.0,76.5,0.0
2010-11-01,32.0,76.75,0.0
2010-11-01,32.0,77.0,0.0
2010-11-01,32.0,77.25,0.0
2010-11-01,32.0,77.5,0.0
2010-11-02,31.5,76.5,0.0
2010-11-02,31.5,76.75,0.0
2010-11-02,31.5,77.0,0.0
2010-11-02,31.5,77.25,0.0
2010-11-02,31.5,77.5,0.0
2010-11-02,31.75,76.5,0.0
2010-11-02,31.75,76.75,0.0
2010-11-02,31.75,77.0,0.0
2010-11-02,31.75,77.25,0.0
2010-11-02,31.75,77.5,0.0
2010-11-02,32.0,76.5,0.0
2010-11-02,32.0,76.75,0.0
2010-11-02,32.0,77.0,0.0
2010-11-02,32.0,77.25,0.0
2010-11-02,32.0,77.5,0.0
2010-11-03,31.5,76.5,0.0
2010-11-03,31.5,76.75,0.0
2010-11-03,31.5,77.0,0.0
2010-11-03,31.5,77.25,0.0
2010-11-03,31.5,77.5,0.0
2010-11-03,31.75,76.5,0.0
2010-11-03,31.75,76.75,0.0
2010-11-03,31.75,77.0,0.0
2010-11-03,31.75,77.25,0.0
2010-11-03,31.75,77.5,0.0
2010-11-03,32.0,76.5,0.0
2010-11-03,32.0,76.75,0.0
2010-11-03,32.0,77.0,0.0
2010-11-03,32.0,77.25,0.0
2010-11-03,32.0,77.5,0.0
2010-11-04,31.5,76.5,0.0
2010-11-04,31.5,76.75,0.0
2010-11-04,31.5,77.0,0.0
2010-11-04,31.5,77.25,0.0
2010-11-04,31.5,77.5,0.0
2010-11-04,31.75,76.5,0.0
2010-11-04,31.75,76.75,0.0
2010-11-04,31.75,77.0,0.0
2010-11-04,31.75,77.25,0.0
2010-11-04,31.75,77.5,0.0
2010-11-04,32.0,76.5,0.0
2010-11-04,32.0,76.75,0.0
2010-11-04,32.0,77.0,0.0
2010-11-04,32.0,77.25,0.0
2010-11-04,32.0,77.5,0.0
2010-11-05,31.5,76.5,0.0
2010-11-05,31.5,76.75,0.0
2010-11-05,31.5,77.0,0.0
2010-11-05,31.5,77.25,0.0
2010-11-05,31.5,77.5,0.0
2010-11-05,31.75,76.5,0.0
2010-11-05,31.75,76.75,0.0
2010-11-05,31.75,77.0,0.0
2010-11-05,31.75,77.25,0.0
2010-11-05,31.75,77.5,0.0
2010-11-05,32.0,76.5,0.0
2010-11-05,32.0,76.75,0.0
2010-11-05,32.0,77.0,0.0
2010-11-05,32.0,77.25,0.0
2010-11-05,32.0,77.5,0.0
2010-11-06,31.5,76.5,0.0
2010-11-06,31.5,76.75,0.0
2010-11-06,31.5,77.0,0.0
2010-11-06,31.5,77.25,0.0
2010-11-06,31.5,77.5,0.0
2010-11-06,31.75,76.5,0.0
2010-11-06,31.75,76.75,0.0
2010-11-06,31.75,77.0,0.0
2010-11-06,31.75,77.25,0.0
2010-11-06,31.75,77.5,0.0
2010-11-06,32.0,76.5,0.0
2010-11-06,32.0,76.75,0.0
2010-11-06,32.0,77.0,0.0
2010-11-06,32.0,77.25,0.0
2010-11-06,32.0,77.5,0.0
2010-11-07,31.5,76.5,0.0
2010-11-07,31.5,76.75,0.0
2010-11-07,31.5,77.0,0.0
2010-11-07,31.5,77.25,0.0
2010-11-07,31.5,77.5,0.0
2010-11-07,31.75,76.5,0.0
2010-11-07,31.75,76.75,0.0
2010-11-07,31.75,77.0,0.0
2010-11-07,31.75,77.25,0.0
2010-11-07,31.75,77.5,0.0
2010-11-07,32.0,76.5,0.0
2010-11-07,32.0,76.75,0.0
2010-11-07,32.0,77.0,0.0
2010-11-07,32.0,77.25,0.0
2010-11-07,32.0,77.5,0.0
2010-11-08,31.5,76.5,0.0
2010-11-08,31.5,76.75,0.0
2010-11-08,31.5,77.0,0.0
2010-11-08,31.5,77.25,0.0
2010-11-08,31.5,77.5,0.0
2010-11-08,31.75,76.5,0.0
2010-11-08,31.75,76.75,0.0
2010-11-08,31.75,77.0,0.0
2010-11-08,31.75,77.25,0.0
2010-11-08,31.75,77.5,0.0
2010-11-08,32.0,76.5,0.0
2010-11-08,32.0,76.75,0.0
2010-11-08,32.0,77.0,0.0
2010-11-08,32.0,77.25,0.0
2010-11-08,32.0,77.5,0.0
2010-11-09,31.5,76.5,0.0
2010-11-09,31.5,76.75,0.0
2010-11-09,31.5,77.0,0.0
2010-11-09,31.5,77.25,0.0
2010-11-09,31.5,77.5,0.0
2010-11-09,31.75,76.5,0.0
2010-11-09,31.75,76.75,0.0
2010-11-09,31.75,77.0,0.0
2010-11-09,31.75,77.25,0.0
2010-11-09,31.75,77.5,0.0
2010-11-09,32.0,76.5,0.0
2010-11-09,32.0,76.75,0.0
2010-11-09,32.0,77.0,0.0
2010-11-09,32.0,77.25,0.0
2010-11-09,32.0,77.5,0.0
2010-11-10,31.5,76.5,0.0
2010-11-10,31.5,76.75,0.0
2010-11-10,31.5,77.0,0.0
2010-11-10,31.5,77.25,0.0
2010-11-10,31.5,77.5,0.0
2010-11-10,31.75,76.5,0.0
2010-11-10,31.75,76.75,0.0
2010-11-10,31.75,77.0,0.0
2010-11-10,31.75,77.25,0.0
2010-11-10,31.75,77.5,0.0
2010-11-10,32.0,76.5,0.0
2010-11-10,32.0,76.75,0.0
2010-11-10,32.0,77.0,0.0
2010-11-10,32.0,77.25,0.0
2010-11-10,32.0,77.5,0.0
2010-11-11,31.5,76.5,0.0
2010-11-11,31.5,76.75,0.0
2010-11-11,31.5,77.0,0.0
2010-11-11,31.5,77.25,0.0
2010-11-11,31.5,77.5,0.0
2010-11-11,31.75,76.5,0.0
2010-11-11,31.75,76.75,0.0
2010-11-11,31.75,77.0,0.0
2010-11-11,31.75,77.25,0.0
2010-11-11,31.75,77.5,0.0
2010-11-11,32.0,76.5,0.0
2010-11-11,32.0,76.75,0.0
2010-11-11,32.0,77.0,0.0
2010-11-11,32.0,77.25,0.0
2010-11-11,32.0,77.5,0.0
2010-11-12,31.5,76.5,0.0
2010-11-12,31.5,76.75,0.0
2010-11-12,31.5,77.0,0.0
2010-11-12,31.5,77.25,0.0
2010-11-12,31.5,77.5,0.0
2010-11-12,31.75,76.5,0.0
2010-11-12,31.75,76.75,0.0
2010-11-12,31.75,77.0,0.0
2010-11-12,31.75,77.25,0.0
2010-11-12,31.75,77.5,0.0
2010-11-12,32.0,76.5,0.0
2010-11-12,32.0,76.75,0.0
2010-11-12,32.0,77.0,0.0
2010-11-12,32.0,77.25,0.0
2010-11-12,32.0,77.5,0.0
2010-11-13,31.5,76.5,0.0
2010-11-13,31.5,76.75,0.0
2010-11-13,31.5,77.0,0.0
2010-11-13,31.5,77.25,0.0
2010-11-13,31.5,77.5,0.0
2010-11-13,31.75,76.5,0.0
2010-11-13,31.75,76.75,0.0
2010-11-13,31.75,77.0,0.0
2010-11-13,31.75,77.25,0.0
2010-11-13,31.75,77.5,0.0
2010-11-13,32.0,76.5,0.0
2010-11-13,32.0,76.75,0.0
2010-11-13,32.0,77.0,0.0
2010-11-13,32.0,77.25,0.0
2010-11-13,32.0,77.5,0.0
2010-11-14,31.5,76.5,0.0
2010-11-14,31.5,76.75,0.0
2010-11-14,31.5,77.0,0.0
2010-11-14,31.5,77.25,0.0
2010-11-14,31.5,77.5,0.0
2010-11-14,31.75,76.5,0.0
2010-11-14,31.75,76.75,0.0
2010-11-14,31.75,77.0,0.0
2010-11-14,31.75,77.25,0.0
2010-11-14,31.75,77.5,0.0
2010-11-14,32.0,76.5,0.0
2010-11-14,32.0,76.75,0.0
2010-11-14,32.0,77.0,0.0
2010-11-14,32.0,77.25,0.0
2010-11-14,32.0,77.5,0.0
2010-11-15,31.5,76.5,0.0
2010-11-15,31.5,76.75,0.0
2010-11-15,31.5,77.0,0.0
2010-11-15,31.5,77.25,0.0
2010-11-15,31.5,77.5,0.0
2010-11-15,31.75,76.5,0.0
2010-11-15,31.75,76.75,0.0
2010-11-15,31.75,77.0,0.0
2010-11-15,31.75,77.25,0.0
2010-11-15,31.75,77.5,0.0
2010-11-15,32.0,76.5,0.0
2010-11-15,32.0,76.75,0.0
2010-11-15,32.0,77.0,0.0
2010-11-15,32.0,77.25,0.0
2010-11-15,32.0,77.5,0.0
2010-11-16,31.5,76.5,0.0
2010-11-16,31.5,76.75,0.0
2010-11-16,31.5,77.0,0.0
2010-11-16,31.5,77.25,0.0
2010-11-16,31.5,77.5,0.0
2010-11-16,31.75,76.5,0.0
2010-11-16,31.75,76.75,0.0
2010-11-16,31.75,77.0,0.0
2010-11-16,31.75,77.25,0.0
2010-11-16,31.75,77.5,0.0
2010-11-16,32.0,76.5,0.0
2010-11-16,32.0,76.75,0.0
2010-11-16,32.0,77.0,0.0
2010-11-16,32.0,77.25,0.0
2010-11-16,32.0,77.5,0.0
2010-11-17,31.5,76.5,0.0
2010-11-17,31.5,76.75,0.0
2010-11-17,31.5,77.0,0.0
2010-11-17,31.5,77.25,0.0
2010-11-17,31.5,77.5,0.0
2010-11-17,31.75,76.5,0.4735668897628784
2010-11-17,31.75,76.75,0.0
2010-11-17,31.75,77.0,0.0
2010-11-17,31.75,77.25,0.0
2010-11-17,31.75,77.5,0.0
2010-11-17,32.0,76.5,0.2687285542488098
2010-11-17,32.0,76.75,0.0
2010-11-17,32.0,77.0,0.0
2010-11-17,32.0,77.25,0.0
2010-11-17,32.0,77.5,0.0
2010-11-18,31.5,76.5,2.5426950454711914
2010-11-18,31.5,76.75,2.1413590908050537
2010-11-18,31.5,77.0,3.6842870712280273
2010-11-18,31.5,77.25,1.643427848815918
2010-11-18,31.5,77.5,0.6272647380828857
2010-11-18,31.75,76.5,2.038379430770874
2010-11-18,31.75,76.75,2.1330771446228027
2010-11-18,31.75,77.0,2.21844220161438
2010-11-18,31.75,77.25,1.435950756072998
2010-11-18,31.75,77.5,0.7912057042121887
2010-11-18,32.0,76.5,1.2186458110809326
2010-11-18,32.0,76.75,0.886013388633728
2010-11-18,32.0,77.0,1.8172767162322998
2010-11-18,32.0,77.25,1.1225416660308838
2010-11-18,32.0,77.5,1.2270435094833374
2010-11-19,31.5,76.5,6.559998989105225
2010-11-19,31.5,76.75,9.068467140197754
2010-11-19,31.5,77.0,7.498220920562744
2010-11-19,31.5,77.25,8.463150978088379
2010-11-19,31.5,77.5,5.233839988708496
2010-11-19,31.75,76.5,2.701620101928711
2010-11-19,31.75,76.75,6.7562947273254395
2010-11-19,31.75,77.0,7.2581787109375
2010-11-19,31.75,77.25,7.286441326141357
2010-11-19,31.75,77.5,4.086934566497803
2010-11-19,32.0,76.5,3.855026960372925
2010-11-19,32.0,76.75,5.80502462387085
2010-11-19,32.0,77.0,8.102193832397461
2010-11-19,32.0,77.25,5.8349738121032715
2010-11-19,32.0,77.5,5.51439905166626
2010-11-20,31.5,76.5,1.0006046295166016
2010-11-20,31.5,76.75,0.0
2010-11-20,31.5,77.0,0.15279804170131683
2010-11-20,31.5,77.25,0.34534046053886414
2010-11-20,31.5,77.5,0.17921851575374603
2010-11-20,31.75,76.5,4.521616458892822
2010-11-20,31.75,76.75,0.0
2010-11-20,31.75,77.0,0.5737930536270142
2010-11-20,31.75,77.25,0.38097113370895386
2010-11-20,31.75,77.5,0.20161324739456177
2010-11-20,32.0,76.5,0.0
2010-11-20,32.0,76.75,0.1287878304719925
2010-11-20,32.0,77.0,0.5320011973381042
2010-11-20,32.0,77.25,0.17937631905078888
2010-11-20,32.0,77.5,0.25083091855049133
2010-11-21,31.5,76.5,0.0
2010-11-21,31.5,76.75,0.0
2010-11-21,31.5,77.0,0.0
2010-11-21,31.5,77.25,0.0
2010-11-21,31.5,77.5,0.0
2010-11-21,31.75,76.5,0.0
2010-11-21,31.75,76.75,0.0
2010-11-21,31.75,77.0,0.0
2010-11-21,31.75,77.25,0.0
2010-11-21,31.75,77.5,0.0
2010-11-21,32.0,76.5,0.0
2010-11-21,32.0,76.75,0.0
2010-11-21,32.0,77.0,0.0
2010-11-21,32.0,77.25,0.0
2010-11-21,32.0,77.5,0.0
2010-11-22,31.5,76.5,0.0
2010-11-22,31.5,76.75,0.0
2010-11-22,31.5,77.0,0.0
2010-11-22,31.5,77.25,0.0
2010-11-22,31.5,77.5,0.0
2010-11-22,31.75,76.5,0.0
2010-11-22,31.75,76.75,0.0
2010-11-22,31.75,77.0,0.0
2010-11-22,31.75,77.25,0.0
2010-11-22,31.75,77.5,0.0
2010-11-22,32.0,76.5,0.0
2010-11-22,32.0,76.75,0.0
2010-11-22,32.0,77.0,0.0
2010-11-22,32.0,77.25,0.0
2010-11-22,32.0,77.5,0.0
2010-11-23,31.5,76.5,0.0
2010-11-23,31.5,76.75,0.0
2010-11-23,31.5,77.0,0.0
2010-11-23,31.5,77.25,0.0
2010-11-23,31.5,77.5,0.0
2010-11-23,31.75,76.5,0.0
2010-11-23,31.75,76.75,0.0
2010-11-23,31.75,77.0,0.0
2010-11-23,31.75,77.25,0.0
2010-11-23,31.75,77.5,0.0
2010-11-23,32.0,76.5,0.0
2010-11-23,32.0,76.75,0.0
2010-11-23,32.0,77.0,0.0
2010-11-23,32.0,77.25,0.0
2010-11-23,32.0,77.5,0.0
2010-11-24,31.5,76.5,0.0
2010-11-24,31.5,76.75,0.0
2010-11-24,31.5,77.0,0.0
2010-11-24,31.5,77.25,0.0
2010-11-24,31.5,77.5,0.0
2010-11-24,31.75,76.5,0.0
2010-11-24,31.75,76.75,0.0
2010-11-24,31.75,77.0,0.0
2010-11-24,31.75,77.25,0.0
2010-11-24,31.75,77.5,0.0
2010-11-24,32.0,76.5,0.0
2010-11-24,32.0,76.75,0.0
2010-11-24,32.0,77.0,0.0
2010-11-24,32.0,77.25,0.0
2010-11-24,32.0,77.5,0.0
2010-11-25,31.5,76.5,0.0
2010-11-25,31.5,76.75,0.0
2010-11-25,31.5,77.0,0.0
2010-11-25,31.5,77.25,0.0
2010-11-25,31.5,77.5,0.0
2010-11-25,31.75,76.5,0.0
2010-11-25,31.75,76.75,0.0
2010-11-25,31.75,77.0,0.0
2010-11-25,31.75,77.25,0.0
2010-11-25,31.75,77.5,0.0
2010-11-25,32.0,76.5,0.0
2010-11-25,32.0,76.75,0.0
2010-11-25,32.0,77.0,0.0
2010-11-25,32.0,77.25,0.0
2010-11-25,32.0,77.5,0.0
2010-11-26,31.5,76.5,0.0
2010-11-26,31.5,76.75,0.0
2010-11-26,31.5,77.0,0.0
2010-11-26,31.5,77.25,0.0
2010-11-26,31.5,77.5,0.0
2010-11-26,31.75,76.5,0.0
2010-11-26,31.75,76.75,0.0
2010-11-26,31.75,77.0,0.0
2010-11-26,31.75,77.25,0.0
2010-11-26,31.75,77.5,0.0
2010-11-26,32.0,76.5,0.0
2010-11-26,32.0,76.75,0.0
2010-11-26,32.0,77.0,0.0
2010-11-26,32.0,77.25,0.0
2010-11-26,32.0,77.5,0.0
2010-11-27,31.5,76.5,0.0
2010-11-27,31.5,76.75,0.0
2010-11-27,31.5,77.0,0.0
2010-11-27,31.5,77.25,0.0
2010-11-27,31.5,77.5,0.0
2010-11-27,31.75,76.5,0.0
2010-11-27,31.75,76.75,0.0
2010-11-27,31.75,77.0,0.0
2010-11-27,31.75,77.25,0.0
2010-11-27,31.75,77.5,0.0
2010-11-27,32.0,76.5,0.0
2010-11-27,32.0,76.75,0.0
2010-11-27,32.0,77.0,0.0
2010-11-27,32.0,77.25,0.0
2010-11-27,32.0,77.5,0.0
2010-11-28,31.5,76.5,0.0
2010-11-28,31.5,76.75,0.0
2010-11-28,31.5,77.0,0.0
2010-11-28,31.5,77.25,0.0
2010-11-28,31.5,77.5,0.0
2010-11-28,31.75,76.5,0.0
2010-11-28,31.75,76.75,0.0
2010-11-28,31.75,77.0,0.0
2010-11-28,31.75,77.25,0.0
2010-11-28,31.75,77.5,0.0
2010-11-28,32.0,76.5,0.0
2010-11-28,32.0,76.75,0.0
2010-11-28,32.0,77.0,0.0
2010-11-28,32.0,77.25,0.0
2010-11-28,32.0,77.5,0.0
2010-11-29,31.5,76.5,0.0
2010-11-29,31.5,76.75,0.0
2010-11-29,31.5,77.0,0.0
2010-11-29,31.5,77.25,0.0
2010-11-29,31.5,77.5,0.0
2010-11-29,31.75,76.5,0.0
2010-11-29,31.75,76.75,0.0
2010-11-29,31.75,77.0,0.0
2010-11-29,31.75,77.25,0.0
2010-11-29,31.75,77.5,0.0
2010-11-29,32.0,76.5,0.0
2010-11-29,32.0,76.75,0.0
2010-11-29,32.0,77.0,0.0
2010-11-29,32.0,77.25,0.0
2010-11-29,32.0,77.5,0.0
2010-11-30,31.5,76.5,0.0
2010-11-30,31.5,76.75,0.0
2010-11-30,31.5,77.0,0.0
2010-11-30,31.5,77.25,0.0
2010-11-30,31.5,77.5,0.0
2010-11-30,31.75,76.5,0.0
2010-11-30,31.75,76.75,0.0
2010-11-30,31.75,77.0,0.0
2010-11-30,31.75,77.25,0.0
2010-11-30,31.75,77.5,0.0
2010-11-30,32.0,76.5,0.8133767247200012
2010-11-30,32.0,76.75,0.0
2010-11-30,32.0,77.0,0.0
2010-11-30,32.0,77.25,0.0
2010-11-30,32.0,77.5,0.0
2010-12-01,31.5,76.5,0.0
2010-12-01,31.5,76.75,0.0
2010-12-01,31.5,77.0,0.0
2010-12-01,31.5,77.25,0.0
2010-12-01,31.5,77.5,0.0
2010-12-01,31.75,76.5,0.0
2010-12-01,31.75,76.75,0.0
2010-12-01,31.75,77.0,0.0
2010-12-01,31.75,77.25,0.0
2010-12-01,31.75,77.5,0.0
2010-12-01,32.0,76.5,0.0
2010-12-01,32.0,76.75,0.0
2010-12-01,32.0,77.0,0.0
2010-12-01,32.0,77.25,0.0
2010-12-01,32.0,77.5,0.0
2010-12-02,31.5,76.5,0.0
2010-12-02,31.5,76.75,0.0
2010-12-02,31.5,77.0,0.0
2010-12-02,31.5,77.25,0.0
2010-12-02,31.5,77.5,0.0
2010-12-02,31.75,76.5,0.0
2010-12-02,31.75,76.75,0.0
2010-12-02,31.75,77.0,0.0
2010-12-02,31.75,77.25,0.0
2010-12-02,31.75,77.5,0.0
2010-12-02,32.0,76.5,0.0
2010-12-02,32.0,76.75,0.0
2010-12-02,32.0,77.0,0.0
2010-12-02,32.0,77.25,0.0
2010-12-02,32.0,77.5,0.0
2010-12-03,31.5,76.5,0.0
2010-12-03,31.5,76.75,0.0
2010-12-03,31.5,77.0,0.0
2010-12-03,31.5,77.25,0.0
2010-12-03,31.5,77.5,0.0
2010-12-03,31.75,76.5,0.0
2010-12-03,31.75,76.75,0.0
2010-12-03,31.75,77.0,0.0
2010-12-03,31.75,77.25,0.0
2010-12-03,31.75,77.5,0.0
2010-12-03,32.0,76.5,0.0
2010-12-03,32.0,76.75,0.0
2010-12-03,32.0,77.0,0.0
2010-12-03,32.0,77.25,0.0
2010-12-03,32.0,77.5,0.0
2010-12-04,31.5,76.5,0.0
2010-12-04,31.5,76.75,0.0
2010-12-04,31.5,77.0,0.0
2010-12-04,31.5,77.25,0.0
2010-12-04,31.5,77.5,0.0
2010-12-04,31.75,76.5,0.0
2010-12-04,31.75,76.75,0.0
2010-12-04,31.75,77.0,0.0
2010-12-04,31.75,77.25,0.0
2010-12-04,31.75,77.5,0.0
2010-12-04,32.0,76.5,0.0
2010-12-04,32.0,76.75,0.0
2010-12-04,32.0,77.0,0.0
2010-12-04,32.0,77.25,0.0
2010-12-04,32.0,77.5,0.0
2010-12-05,31.5,76.5,0.0
2010-12-05,31.5,76.75,0.0
2010-12-05,31.5,77.0,0.0
2010-12-05,31.5,77.25,0.0
2010-12-05,31.5,77.5,0.0
2010-12-05,31.75,76.5,0.0
2010-12-05,31.75,76.75,0.0
2010-12-05,31.75,77.0,0.0
2010-12-05,31.75,77.25,0.0
2010-12-05,31.75,77.5,0.0
2010-12-05,32.0,76.5,0.0
2010-12-05,32.0,76.75,0.0
2010-12-05,32.0,77.0,0.0
2010-12-05,32.0,77.25,0.0
2010-12-05,32.0,77.5,0.0
2010-12-06,31.5,76.5,0.0
2010-12-06,31.5,76.75,0.0
2010-12-06,31.5,77.0,0.0
2010-12-06,31.5,77.25,0.0
2010-12-06,31.5,77.5,0.0
2010-12-06,31.75,76.5,0.0
2010-12-06,31.75,76.75,0.0
2010-12-06,31.75,77.0,0.0
2010-12-06,31.75,77.25,0.0
2010-12-06,31.75,77.5,0.0
2010-12-06,32.0,76.5,0.0
2010-12-06,32.0,76.75,0.0
2010-12-06,32.0,77.0,0.0
2010-12-06,32.0,77.25,0.0
2010-12-06,32.0,77.5,0.0
2010-12-07,31.5,76.5,0.0
2010-12-07,31.5,76.75,0.0
2010-12-07,31.5,77.0,0.0
2010-12-07,31.5,77.25,0.0
2010-12-07,31.5,77.5,0.0
2010-12-07,31.75,76.5,0.0
2010-12-07,31.75,76.75,0.0
2010-12-07,31.75,77.0,0.0
2010-12-07,31.75,77.25,0.0
2010-12-07,31.75,77.5,0.0
2010-12-07,32.0,76.5,0.0
2010-12-07,32.0,76.75,0.0
2010-12-07,32.0,77.0,0.0
2010-12-07,32.0,77.25,0.0
2010-12-07,32.0,77.5,0.0
2010-12-08,31.5,76.5,0.0
2010-12-08,31.5,76.75,0.0
2010-12-08,31.5,77.0,0.0
2010-12-08,31.5,77.25,0.0
2010-12-08,31.5,77.5,0.0
2010-12-08,31.75,76.5,0.0
2010-12-08,31.75,76.75,0.0
2010-12-08,31.75,77.0,0.0
2010-12-08,31.75,77.25,0.0
2010-12-08,31.75,77.5,0.0
2010-12-08,32.0,76.5,0.0
2010-12-08,32.0,76.75,0.0
2010-12-08,32.0,77.0,0.0
2010-12-08,32.0,77.25,0.0
2010-12-08,32.0,77.5,0.0
2010-12-09,31.5,76.5,0.0
2010-12-09,31.5,76.75,0.0
2010-12-09,31.5,77.0,0.0
2010-12-09,31.5,77.25,0.0
2010-12-09,31.5,77.5,0.0
2010-12-09,31.75,76.5,0.0
2010-12-09,31.75,76.75,0.0
2010-12-09,31.75,77.0,0.0
2010-12-09,31.75,77.25,0.0
2010-12-09,31.75,77.5,0.0
2010-12-09,32.0,76.5,0.0
2010-12-09,32.0,76.75,0.0
2010-12-09,32.0,77.0,0.0
2010-12-09,32.0,77.25,0.0
2010-12-09,32.0,77.5,0.0
2010-12-10,31.5,76.5,0.0
2010-12-10,31.5,76.75,0.0
2010-12-10,31.5,77.0,0.0
2010-12-10,31.5,77.25,0.0
2010-12-10,31.5,77.5,0.0
2010-12-10,31.75,76.5,0.0
2010-12-10,31.75,76.75,0.0
2010-12-10,31.75,77.0,0.0
2010-12-10,31.75,77.25,0.0
2010-12-10,31.75,77.5,0.0
2010-12-10,32.0,76.5,0.0
2010-12-10,32.0,76.75,0.0
2010-12-10,32.0,77.0,0.0
2010-12-10,32.0,77.25,0.0
2010-12-10,32.0,77.5,0.0
2010-12-11,31.5,76.5,0.0
2010-12-11,31.5,76.75,0.0
2010-12-11,31.5,77.0,0.0
2010-12-11,31.5,77.25,0.0
2010-12-11,31.5,77.5,0.0
2010-12-11,31.75,76.5,0.0
2010-12-11,31.75,76.75,0.0
2010-12-11,31.75,77.0,0.0
2010-12-11,31.75,77.25,0.0
2010-12-11,31.75,77.5,0.0
2010-12-11,32.0,76.5,0.791393518447876
2010-12-11,32.0,76.75,0.0
2010-12-11,32.0,77.0,0.0
2010-12-11,32.0,77.25,0.0
2010-12-11,32.0,77.5,0.0
2010-12-12,31.5,76.5,0.0
2010-12-12,31.5,76.75,0.0
2010-12-12,31.5,77.0,0.0
2010-12-12,31.5,77.25,0.0
2010-12-12,31.5,77.5,0.0
2010-12-12,31.75,76.5,0.0
2010-12-12,31.75,76.75,0.0
2010-12-12,31.75,77.0,0.0
2010-12-12,31.75,77.25,0.0
2010-12-12,31.75,77.5,0.0
2010-12-12,32.0,76.5,1.3189892768859863
2010-12-12,32.0,76.75,0.0
2010-12-12,32.0,77.0,0.0
2010-12-12,32.0,77.25,0.0
2010-12-12,32.0,77.5,0.0
2010-12-13,31.5,76.5,0.0
2010-12-13,31.5,76.75,0.0
2010-12-13,31.5,77.0,0.0
2010-12-13,31.5,77.25,0.0
2010-12-13,31.5,77.5,0.0
2010-12-13,31.75,76.5,0.0
2010-12-13,31.75,76.75,0.0
2010-12-13,31.75,77.0,0.0
2010-12-13,31.75,77.25,0.0
2010-12-13,31.75,77.5,0.0
2010-12-13,32.0,76.5,3.6052372455596924
2010-12-13,32.0,76.75,0.0
2010-12-13,32.0,77.0,0.0
2010-12-13,32.0,77.25,0.0
2010-12-13,32.0,77.5,0.0
2010-12-14,31.5,76.5,0.0
2010-12-14,31.5,76.75,0.0
2010-12-14,31.5,77.0,0.0
2010-12-14,31.5,77.25,0.0
2010-12-14,31.5,77.5,0.0
2010-12-14,31.75,76.5,0.0
2010-12-14,31.75,76.75,0.0
2010-12-14,31.75,77.0,0.0
2010-12-14,31.75,77.25,0.0
2010-12-14,31.75,77.5,0.0
2010-12-14,32.0,76.5,1.8026186227798462
2010-12-14,32.0,76.75,0.0
2010-12-14,32.0,77.0,0.0
2010-12-14,32.0,77.25,0.0
2010-12-14,32.0,77.5,0.0
2010-12-15,31.5,76.5,0.0
2010-12-15,31.5,76.75,0.0
2010-12-15,31.5,77.0,0.0
2010-12-15,31.5,77.25,0.0
2010-12-15,31.5,77.5,0.0
2010-12-15,31.75,76.5,0.0
2010-12-15,31.75,76.75,0.0
2010-12-15,31.75,77.0,0.0
2010-12-15,31.75,77.25,0.0
2010-12-15,31.75,77.5,0.0
2010-12-15,32.0,76.5,0.0
2010-12-15,32.0,76.75,0.0
2010-12-15,32.0,77.0,0.0
2010-12-15,32.0,77.25,0.0
2010-12-15,32.0,77.5,0.0
2010-12-16,31.5,76.5,0.0
2010-12-16,31.5,76.75,0.0
2010-12-16,31.5,77.0,0.0
2010-12-16,31.5,77.25,0.0
2010-12-16,31.5,77.5,0.0
2010-12-16,31.75,76.5,0.0
2010-12-16,31.75,76.75,0.0
2010-12-16,31.75,77.0,0.0
2010-12-16,31.75,77.25,0.0
2010-12-16,31.75,77.5,0.0
2010-12-16,32.0,76.5,0.0
2010-12-16,32.0,76.75,0.0
2010-12-16,32.0,77.0,0.0
2010-12-16,32.0,77.25,0.0
2010-12-16,32.0,77.5,0.0
2010-12-17,31.5,76.5,0.0
2010-12-17,31.5,76.75,0.0
2010-12-17,31.5,77.0,0.0
2010-12-17,31.5,77.25,0.0
2010-12-17,31.5,77.5,0.0
2010-12-17,31.75,76.5,0.0
2010-12-17,31.75,76.75,0.0
2010-12-17,31.75,77.0,0.0
2010-12-17,31.75,77.25,0.0
2010-12-17,31.75,77.5,0.0
2010-12-17,32.0,76.5,0.0
2010-12-17,32.0,76.75,0.0
2010-12-17,32.0,77.0,0.0
2010-12-17,32.0,77.25,0.0
2010-12-17,32.0,77.5,0.0
2010-12-18,31.5,76.5,0.0
2010-12-18,31.5,76.75,0.0
2010-12-18,31.5,77.0,0.0
2010-12-18,31.5,77.25,0.0
2010-12-18,31.5,77.5,0.0
2010-12-18,31.75,76.5,0.0
2010-12-18,31.75,76.75,0.0
2010-12-18,31.75,77.0,0.0
2010-12-18,31.75,77.25,0.0
2010-12-18,31.75,77.5,0.0
2010-12-18,32.0,76.5,0.0
2010-12-18,32.0,76.75,0.0
2010-12-18,32.0,77.0,0.0
2010-12-18,32.0,77.25,0.0
2010-12-18,32.0,77.5,0.0
2010-12-19,31.5,76.5,0.0
2010-12-19,31.5,76.75,0.0
2010-12-19,31.5,77.0,0.0
2010-12-19,31.5,77.25,0.0
2010-12-19,31.5,77.5,0.0
2010-12-19,31.75,76.5,0.0
2010-12-19,31.75,76.75,0.0
2010-12-19,31.75,77.0,0.0
2010-12-19,31.75,77.25,0.0
2010-12-19,31.75,77.5,0.0
2010-12-19,32.0,76.5,0.0
2010-12-19,32.0,76.75,0.0
2010-12-19,32.0,77.0,0.0
2010-12-19,32.0,77.25,0.0
2010-12-19,32.0,77.5,0.0
2010-12-20,31.5,76.5,0.0
2010-12-20,31.5,76.75,0.0
2010-12-20,31.5,77.0,0.0
2010-12-20,31.5,77.25,0.0
2010-12-20,31.5,77.5,0.0
2010-12-20,31.75,76.5,0.0
2010-12-20,31.75,76.75,0.0
2010-12-20,31.75,77.0,0.0
2010-12-20,31.75,77.25,0.0
2010-12-20,31.75,77.5,0.0
2010-12-20,32.0,76.5,0.0
2010-12-20,32.0,76.75,0.0
2010-12-20,32.0,77.0,0.0
2010-12-20,32.0,77.25,0.0
2010-12-20,32.0,77.5,0.0
2010-12-21,31.5,76.5,0.0
2010-12-21,31.5,76.75,0.0
2010-12-21,31.5,77.0,0.0
2010-12-21,31.5,77.25,0.0
2010-12-21,31.5,77.5,0.0
2010-12-21,31.75,76.5,0.0
2010-12-21,31.75,76.75,0.0
2010-12-21,31.75,77.0,0.0
2010-12-21,31.75,77.25,0.0
2010-12-21,31.75,77.5,0.0
2010-12-21,32.0,76.5,0.0
2010-12-21,32.0,76.75,0.0
2010-12-21,32.0,77.0,0.0
2010-12-21,32.0,77.25,0.0
2010-12-21,32.0,77.5,0.0
2010-12-22,31.5,76.5,0.0
2010-12-22,31.5,76.75,0.0
2010-12-22,31.5,77.0,0.0
2010-12-22,31.5,77.25,0.0
2010-12-22,31.5,77.5,0.0
2010-12-22,31.75,76.5,0.0
2010-12-22,31.75,76.75,0.0
2010-12-22,31.75,77.0,0.0
2010-12-22,31.75,77.25,0.0
2010-12-22,31.75,77.5,0.0
2010-12-22,32.0,76.5,0.0
2010-12-22,32.0,76.75,0.0
2010-12-22,32.0,77.0,0.0
2010-12-22,32.0,77.25,0.0
2010-12-22,32.0,77.5,0.0
2010-12-23,31.5,76.5,0.0
2010-12-23,31.5,76.75,0.0
2010-12-23,31.5,77.0,0.0
2010-12-23,31.5,77.25,0.0
2010-12-23,31.5,77.5,0.0
2010-12-23,31.75,76.5,0.0
2010-12-23,31.75,76.75,0.0
2010-12-23,31.75,77.0,0.0
2010-12-23,31.75,77.25,0.0
2010-12-23,31.75,77.5,0.0
2010-12-23,32.0,76.5,0.0
2010-12-23,32.0,76.75,0.0
2010-12-23,32.0,77.0,0.0
2010-12-23,32.0,77.25,0.0
2010-12-23,32.0,77.5,0.0
2010-12-24,31.5,76.5,0.0
2010-12-24,31.5,76.75,0.0
2010-12-24,31.5,77.0,0.0
2010-12-24,31.5,77.25,0.0
2010-12-24,31.5,77.5,0.0
2010-12-24,31.75,76.5,0.0
2010-12-24,31.75,76.75,0.0
2010-12-24,31.75,77.0,0.0
2010-12-24,31.75,77.25,0.0
2010-12-24,31.75,77.5,0.0
2010-12-24,32.0,76.5,0.0
2010-12-24,32.0,76.75,0.0
2010-12-24,32.0,77.0,0.0
2010-12-24,32.0,77.25,0.0
2010-12-24,32.0,77.5,0.0
2010-12-25,31.5,76.5,0.0
2010-12-25,31.5,76.75,0.0
2010-12-25,31.5,77.0,0.0
2010-12-25,31.5,77.25,0.0
2010-12-25,31.5,77.5,0.0
2010-12-25,31.75,76.5,0.0
2010-12-25,31.75,76.75,0.0
2010-12-25,31.75,77.0,0.0
2010-12-25,31.75,77.25,0.0
2010-12-25,31.75,77.5,0.0
2010-12-25,32.0,76.5,0.0
2010-12-25,32.0,76.75,0.0
2010-12-25,32.0,77.0,0.0
2010-12-25,32.0,77.25,0.0
2010-12-25,32.0,77.5,0.0
2010-12-26,31.5,76.5,0.0
2010-12-26,31.5,76.75,0.0
2010-12-26,31.5,77.0,0.0
2010-12-26,31.5,77.25,0.0
2010-12-26,31.5,77.5,0.0
2010-12-26,31.75,76.5,0.0
2010-12-26,31.75,76.75,0.0
2010-12-26,31.75,77.0,0.0
2010-12-26,31.75,77.25,0.0
2010-12-26,31.75,77.5,0.0
2010-12-26,32.0,76.5,0.0
2010-12-26,32.0,76.75,0.0
2010-12-26,32.0,77.0,0.0
2010-12-26,32.0,77.25,0.0
2010-12-26,32.0,77.5,0.0
2010-12-27,31.5,76.5,0.0
2010-12-27,31.5,76.75,0.0
2010-12-27,31.5,77.0,0.0
2010-12-27,31.5,77.25,0.0
2010-12-27,31.5,77.5,0.0
2010-12-27,31.75,76.5,0.0
2010-12-27,31.75,76.75,0.0
2010-12-27,31.75,77.0,0.0
2010-12-27,31.75,77.25,0.0
2010-12-27,31.75,77.5,0.0
2010-12-27,32.0,76.5,0.0
2010-12-27,32.0,76.75,0.0
2010-12-27,32.0,77.0,0.0
2010-12-27,32.0,77.25,0.0
2010-12-27,32.0,77.5,0.0
2010-12-28,31.5,76.5,0.0
2010-12-28,31.5,76.75,0.0
2010-12-28,31.5,77.0,0.0
2010-12-28,31.5,77.25,0.0
2010-12-28,31.5,77.5,0.0
2010-12-28,31.75,76.5,0.0
2010-12-28,31.75,76.75,0.0
2010-12-28,31.75,77.0,0.0
2010-12-28,31.75,77.25,0.0
2010-12-28,31.75,77.5,0.0
2010-12-28,32.0,76.5,0.0
2010-12-28,32.0,76.75,0.0
2010-12-28,32.0,77.0,0.0
2010-12-28,32.0,77.25,0.0
2010-12-28,32.0,77.5,0.0
2010-12-29,31.5,76.5,0.0
2010-12-29,31.5,76.75,0.0
2010-12-29,31.5,77.0,0.0
2010-12-29,31.5,77.25,0.0
2010-12-29,31.5,77.5,1.4554145336151123
2010-12-29,31.75,76.5,3.9116673469543457
2010-12-29,31.75,76.75,0.0
2010-12-29,31.75,77.0,0.0
2010-12-29,31.75,77.25,0.0
2010-12-29,31.75,77.5,0.0
2010-12-29,32.0,76.5,1.2092784643173218
2010-12-29,32.0,76.75,0.0
2010-12-29,32.0,77.0,0.0
2010-12-29,32.0,77.25,0.0
2010-12-29,32.0,77.5,0.0
2010-12-30,31.5,76.5,16.347206115722656
2010-12-30,31.5,76.75,13.008689880371094
2010-12-30,31.5,77.0,13.672784805297852
2010-12-30,31.5,77.25,19.428091049194336
2010-12-30,31.5,77.5,15.843669891357422
2010-12-30,31.75,76.5,28.338420867919922
2010-12-30,31.75,76.75,11.33415412902832
2010-12-30,31.75,77.0,15.829251289367676
2010-12-30,31.75,77.25,18.12576675415039
2010-12-30,31.75,77.5,10.136265754699707
2010-12-30,32.0,76.5,22.392436981201172
2010-12-30,32.0,76.75,19.59495735168457
2010-12-30,32.0,77.0,18.2297306060791
2010-12-30,32.0,77.25,12.009424209594727
2010-12-30,32.0,77.5,12.200026512145996
2010-12-31,31.5,76.5,68.96669006347656
2010-12-31,31.5,76.75,74.69110107421875
2010-12-31,31.5,77.0,28.46609115600586
2010-12-31,31.5,77.25,34.821800231933594
2010-12-31,31.5,77.5,25.9614200592041
2010-12-31,31.75,76.5,62.83570098876953
2010-12-31,31.75,76.75,58.23774337768555
2010-12-31,31.75,77.0,50.328285217285156
2010-12-31,31.75,77.25,44.49713897705078
2010-12-31,31.75,77.5,25.786968231201172
2010-12-31,32.0,76.5,50.4143180847168
2010-12-31,32.0,76.75,61.81279373168945
2010-12-31,32.0,77.0,61.284698486328125
2010-12-31,32.0,77.25,65.28173065185547
2010-12-31,32.0,77.5,50.991493225097656
