date,latitude,longitude,rainfall_mm
2025-01-01,31.5,76.5,0.0
2025-01-01,31.5,76.75,0.0
2025-01-01,31.5,77.0,0.0
2025-01-01,31.5,77.25,0.0
2025-01-01,31.5,77.5,0.0
2025-01-01,31.75,76.5,0.0
2025-01-01,31.75,76.75,0.0
2025-01-01,31.75,77.0,0.0
2025-01-01,31.75,77.25,0.0
2025-01-01,31.75,77.5,0.0
2025-01-01,32.0,76.5,0.0
2025-01-01,32.0,76.75,0.0
2025-01-01,32.0,77.0,0.0
2025-01-01,32.0,77.25,0.0
2025-01-01,32.0,77.5,0.0
2025-01-02,31.5,76.5,0.0
2025-01-02,31.5,76.75,0.0
2025-01-02,31.5,77.0,0.0
2025-01-02,31.5,77.25,0.0
2025-01-02,31.5,77.5,0.0
2025-01-02,31.75,76.5,0.0
2025-01-02,31.75,76.75,0.0
2025-01-02,31.75,77.0,0.0
2025-01-02,31.75,77.25,0.0
2025-01-02,31.75,77.5,0.0
2025-01-02,32.0,76.5,0.0
2025-01-02,32.0,76.75,0.0
2025-01-02,32.0,77.0,0.0
2025-01-02,32.0,77.25,0.0
2025-01-02,32.0,77.5,0.0
2025-01-03,31.5,76.5,0.0
2025-01-03,31.5,76.75,0.0
2025-01-03,31.5,77.0,0.0
2025-01-03,31.5,77.25,0.0
2025-01-03,31.5,77.5,0.0
2025-01-03,31.75,76.5,0.0
2025-01-03,31.75,76.75,0.0
2025-01-03,31.75,77.0,0.0
2025-01-03,31.75,77.25,0.0
2025-01-03,31.75,77.5,0.0
2025-01-03,32.0,76.5,0.0
2025-01-03,32.0,76.75,0.0
2025-01-03,32.0,77.0,0.0
2025-01-03,32.0,77.25,0.0
2025-01-03,32.0,77.5,1.3888638019561768
2025-01-04,31.5,76.5,0.0
2025-01-04,31.5,76.75,0.0
2025-01-04,31.5,77.0,0.0
2025-01-04,31.5,77.25,0.0
2025-01-04,31.5,77.5,0.0
2025-01-04,31.75,76.5,0.0
2025-01-04,31.75,76.75,0.0
2025-01-04,31.75,77.0,0.0
2025-01-04,31.75,77.25,0.0
2025-01-04,31.75,77.5,0.0
2025-01-04,32.0,76.5,0.0
2025-01-04,32.0,76.75,0.0
2025-01-04,32.0,77.0,0.0
2025-01-04,32.0,77.25,0.0
2025-01-04,32.0,77.5,0.0
2025-01-05,31.5,76.5,0.0
2025-01-05,31.5,76.75,0.0
2025-01-05,31.5,77.0,0.0
2025-01-05,31.5,77.25,0.0
2025-01-05,31.5,77.5,0.0
2025-01-05,31.75,76.5,0.0
2025-01-05,31.75,76.75,0.0
2025-01-05,31.75,77.0,0.0
2025-01-05,31.75,77.25,0.0
2025-01-05,31.75,77.5,0.0
2025-01-05,32.0,76.5,0.0
2025-01-05,32.0,76.75,0.0
2025-01-05,32.0,77.0,0.0
2025-01-05,32.0,77.25,0.0
2025-01-05,32.0,77.5,0.0
2025-01-06,31.5,76.5,0.0
2025-01-06,31.5,76.75,0.0
2025-01-06,31.5,77.0,0.0
2025-01-06,31.5,77.25,0.0
2025-01-06,31.5,77.5,0.0
2025-01-06,31.75,76.5,0.0
2025-01-06,31.75,76.75,0.0
2025-01-06,31.75,77.0,0.0
2025-01-06,31.75,77.25,0.0
2025-01-06,31.75,77.5,0.0
2025-01-06,32.0,76.5,0.0
2025-01-06,32.0,76.75,0.0
2025-01-06,32.0,77.0,0.0
2025-01-06,32.0,77.25,0.0
2025-01-06,32.0,77.5,1.3888638019561768
2025-01-07,31.5,76.5,0.0
2025-01-07,31.5,76.75,0.1913646161556244
2025-01-07,31.5,77.0,9.738916397094727
2025-01-07,31.5,77.25,9.766044616699219
2025-01-07,31.5,77.5,1.3376729488372803
2025-01-07,31.75,76.5,0.0
2025-01-07,31.75,76.75,3.8866968154907227
2025-01-07,31.75,77.0,4.672069072723389
2025-01-07,31.75,77.25,9.531204223632812
2025-01-07,31.75,77.5,3.380852460861206
2025-01-07,32.0,76.5,0.0
2025-01-07,32.0,76.75,0.0
2025-01-07,32.0,77.0,0.5599310994148254
2025-01-07,32.0,77.25,0.1784123331308365
2025-01-07,32.0,77.5,2.823620319366455
2025-01-08,31.5,76.5,0.0
2025-01-08,31.5,76.75,0.0
2025-01-08,31.5,77.0,0.0
2025-01-08,31.5,77.25,0.0
2025-01-08,31.5,77.5,0.0
2025-01-08,31.75,76.5,0.0
2025-01-08,31.75,76.75,0.0
2025-01-08,31.75,77.0,0.0
2025-01-08,31.75,77.25,0.0
2025-01-08,31.75,77.5,0.0
2025-01-08,32.0,76.5,0.0
2025-01-08,32.0,76.75,0.0
2025-01-08,32.0,77.0,0.0
2025-01-08,32.0,77.25,0.0
2025-01-08,32.0,77.5,0.0
2025-01-09,31.5,76.5,0.0
2025-01-09,31.5,76.75,0.0
2025-01-09,31.5,77.0,0.0
2025-01-09,31.5,77.25,0.0
2025-01-09,31.5,77.5,0.0
2025-01-09,31.75,76.5,0.0
2025-01-09,31.75,76.75,0.0
2025-01-09,31.75,77.0,0.0
2025-01-09,31.75,77.25,0.0
2025-01-09,31.75,77.5,0.0
2025-01-09,32.0,76.5,0.0
2025-01-09,32.0,76.75,0.0
2025-01-09,32.0,77.0,0.0
2025-01-09,32.0,77.25,0.0
2025-01-09,32.0,77.5,0.0
2025-01-10,31.5,76.5,0.0
2025-01-10,31.5,76.75,0.0
2025-01-10,31.5,77.0,0.0
2025-01-10,31.5,77.25,0.0
2025-01-10,31.5,77.5,0.0
2025-01-10,31.75,76.5,0.0
2025-01-10,31.75,76.75,0.0
2025-01-10,31.75,77.0,0.0
2025-01-10,31.75,77.25,0.0
2025-01-10,31.75,77.5,0.0
2025-01-10,32.0,76.5,0.0
2025-01-10,32.0,76.75,0.0
2025-01-10,32.0,77.0,0.0
2025-01-10,32.0,77.25,0.0
2025-01-10,32.0,77.5,0.0
2025-01-11,31.5,76.5,0.0
2025-01-11,31.5,76.75,0.0
2025-01-11,31.5,77.0,0.0
2025-01-11,31.5,77.25,0.0
2025-01-11,31.5,77.5,0.0
2025-01-11,31.75,76.5,0.0
2025-01-11,31.75,76.75,0.0
2025-01-11,31.75,77.0,0.0
2025-01-11,31.75,77.25,0.0
2025-01-11,31.75,77.5,0.0
2025-01-11,32.0,76.5,0.0
2025-01-11,32.0,76.75,0.0
2025-01-11,32.0,77.0,0.0
2025-01-11,32.0,77.25,0.0
2025-01-11,32.0,77.5,0.0
2025-01-12,31.5,76.5,0.9299152493476868
2025-01-12,31.5,76.75,1.0830965042114258
2025-01-12,31.5,77.0,0.2282673418521881
2025-01-12,31.5,77.25,2.9516549110412598
2025-01-12,31.5,77.5,3.0931694507598877
2025-01-12,31.75,76.5,0.0
2025-01-12,31.75,76.75,0.24750295281410217
2025-01-12,31.75,77.0,2.418347120285034
2025-01-12,31.75,77.25,3.427023410797119
2025-01-12,31.75,77.5,6.89011812210083
2025-01-12,32.0,76.5,0.24728775024414062
2025-01-12,32.0,76.75,0.7412799596786499
2025-01-12,32.0,77.0,2.8461809158325195
2025-01-12,32.0,77.25,2.4051432609558105
2025-01-12,32.0,77.5,4.192379474639893
2025-01-13,31.5,76.5,0.0
2025-01-13,31.5,76.75,0.0
2025-01-13,31.5,77.0,0.0
2025-01-13,31.5,77.25,2.1581361293792725
2025-01-13,31.5,77.5,0.12809163331985474
2025-01-13,31.75,76.5,0.0
2025-01-13,31.75,76.75,0.0
2025-01-13,31.75,77.0,0.0
2025-01-13,31.75,77.25,2.0336315631866455
2025-01-13,31.75,77.5,1.1125142574310303
2025-01-13,32.0,76.5,0.0
2025-01-13,32.0,76.75,0.0
2025-01-13,32.0,77.0,0.0
2025-01-13,32.0,77.25,0.0
2025-01-13,32.0,77.5,0.6870223879814148
2025-01-14,31.5,76.5,0.0
2025-01-14,31.5,76.75,0.0
2025-01-14,31.5,77.0,0.0
2025-01-14,31.5,77.25,0.0
2025-01-14,31.5,77.5,0.0
2025-01-14,31.75,76.5,0.0
2025-01-14,31.75,76.75,0.0
2025-01-14,31.75,77.0,0.0
2025-01-14,31.75,77.25,0.0
2025-01-14,31.75,77.5,0.0
2025-01-14,32.0,76.5,0.0
2025-01-14,32.0,76.75,0.0
2025-01-14,32.0,77.0,0.0
2025-01-14,32.0,77.25,0.0
2025-01-14,32.0,77.5,0.0
2025-01-15,31.5,76.5,0.0
2025-01-15,31.5,76.75,0.0
2025-01-15,31.5,77.0,0.0
2025-01-15,31.5,77.25,0.0
2025-01-15,31.5,77.5,0.0
2025-01-15,31.75,76.5,0.0
2025-01-15,31.75,76.75,0.0
2025-01-15,31.75,77.0,0.0
2025-01-15,31.75,77.25,0.0
2025-01-15,31.75,77.5,0.0
2025-01-15,32.0,76.5,0.0
2025-01-15,32.0,76.75,0.0
2025-01-15,32.0,77.0,0.0
2025-01-15,32.0,77.25,0.0
2025-01-15,32.0,77.5,0.0
2025-01-16,31.5,76.5,0.9208202362060547
2025-01-16,31.5,76.75,1.1761168241500854
2025-01-16,31.5,77.0,2.2912919521331787
2025-01-16,31.5,77.25,2.067284345626831
2025-01-16,31.5,77.5,0.342989444732666
2025-01-16,31.75,76.5,2.4475672245025635
2025-01-16,31.75,76.75,1.0660191774368286
2025-01-16,31.75,77.0,2.1674814224243164
2025-01-16,31.75,77.25,2.2951176166534424
2025-01-16,31.75,77.5,1.513515830039978
2025-01-16,32.0,76.5,2.8955156803131104
2025-01-16,32.0,76.75,2.362086534500122
2025-01-16,32.0,77.0,2.575932741165161
2025-01-16,32.0,77.25,2.4093010425567627
2025-01-16,32.0,77.5,2.7366349697113037
2025-01-17,31.5,76.5,2.035400867462158
2025-01-17,31.5,76.75,0.5645317435264587
2025-01-17,31.5,77.0,3.6145832538604736
2025-01-17,31.5,77.25,0.9745067358016968
2025-01-17,31.5,77.5,2.721076726913452
2025-01-17,31.75,76.5,0.0
2025-01-17,31.75,76.75,1.5953338146209717
2025-01-17,31.75,77.0,6.359565258026123
2025-01-17,31.75,77.25,1.659974455833435
2025-01-17,31.75,77.5,0.7671452164649963
2025-01-17,32.0,76.5,4.233242511749268
2025-01-17,32.0,76.75,5.97440242767334
2025-01-17,32.0,77.0,7.2486252784729
2025-01-17,32.0,77.25,5.791260242462158
2025-01-17,32.0,77.5,1.5764870643615723
2025-01-18,31.5,76.5,0.0
2025-01-18,31.5,76.75,0.0
2025-01-18,31.5,77.0,0.0
2025-01-18,31.5,77.25,0.0
2025-01-18,31.5,77.5,0.0
2025-01-18,31.75,76.5,0.0
2025-01-18,31.75,76.75,0.0
2025-01-18,31.75,77.0,0.0
2025-01-18,31.75,77.25,0.0
2025-01-18,31.75,77.5,0.0
2025-01-18,32.0,76.5,0.0
2025-01-18,32.0,76.75,0.0
2025-01-18,32.0,77.0,0.0
2025-01-18,32.0,77.25,0.0
2025-01-18,32.0,77.5,0.6944319009780884
2025-01-19,31.5,76.5,0.0
2025-01-19,31.5,76.75,0.0
2025-01-19,31.5,77.0,0.0
2025-01-19,31.5,77.25,0.0
2025-01-19,31.5,77.5,0.0
2025-01-19,31.75,76.5,0.0
2025-01-19,31.75,76.75,0.0
2025-01-19,31.75,77.0,0.0
2025-01-19,31.75,77.25,0.0
2025-01-19,31.75,77.5,0.0
2025-01-19,32.0,76.5,0.0
2025-01-19,32.0,76.75,0.0
2025-01-19,32.0,77.0,0.0
2025-01-19,32.0,77.25,0.0
2025-01-19,32.0,77.5,2.7777276039123535
2025-01-20,31.5,76.5,0.0
2025-01-20,31.5,76.75,0.0
2025-01-20,31.5,77.0,0.0
2025-01-20,31.5,77.25,0.0
2025-01-20,31.5,77.5,0.0
2025-01-20,31.75,76.5,0.0
2025-01-20,31.75,76.75,0.0
2025-01-20,31.75,77.0,0.0
2025-01-20,31.75,77.25,0.0
2025-01-20,31.75,77.5,0.0
2025-01-20,32.0,76.5,0.0
2025-01-20,32.0,76.75,0.0
2025-01-20,32.0,77.0,0.0
2025-01-20,32.0,77.25,0.0
2025-01-20,32.0,77.5,4.166591644287109
2025-01-21,31.5,76.5,0.0
2025-01-21,31.5,76.75,0.0
2025-01-21,31.5,77.0,0.0
2025-01-21,31.5,77.25,0.0
2025-01-21,31.5,77.5,0.0
2025-01-21,31.75,76.5,0.0
2025-01-21,31.75,76.75,0.0
2025-01-21,31.75,77.0,0.0
2025-01-21,31.75,77.25,0.0
2025-01-21,31.75,77.5,0.0
2025-01-21,32.0,76.5,0.0
2025-01-21,32.0,76.75,0.0
2025-01-21,32.0,77.0,0.0
2025-01-21,32.0,77.25,0.0
2025-01-21,32.0,77.5,0.6944319009780884
2025-01-22,31.5,76.5,0.0
2025-01-22,31.5,76.75,0.0
2025-01-22,31.5,77.0,0.0
2025-01-22,31.5,77.25,0.0
2025-01-22,31.5,77.5,0.0
2025-01-22,31.75,76.5,0.0
2025-01-22,31.75,76.75,0.0
2025-01-22,31.75,77.0,0.0
2025-01-22,31.75,77.25,0.0
2025-01-22,31.75,77.5,0.0
2025-01-22,32.0,76.5,0.0
2025-01-22,32.0,76.75,0.0
2025-01-22,32.0,77.0,0.0
2025-01-22,32.0,77.25,0.0
2025-01-22,32.0,77.5,0.0
2025-01-23,31.5,76.5,0.0
2025-01-23,31.5,76.75,0.0
2025-01-23,31.5,77.0,0.0
2025-01-23,31.5,77.25,0.0
2025-01-23,31.5,77.5,0.0
2025-01-23,31.75,76.5,0.0
2025-01-23,31.75,76.75,0.0
2025-01-23,31.75,77.0,0.0
2025-01-23,31.75,77.25,0.0
2025-01-23,31.75,77.5,0.0
2025-01-23,32.0,76.5,0.0
2025-01-23,32.0,76.75,0.0
2025-01-23,32.0,77.0,0.0
2025-01-23,32.0,77.25,0.0
2025-01-23,32.0,77.5,0.0
2025-01-24,31.5,76.5,0.0
2025-01-24,31.5,76.75,0.0
2025-01-24,31.5,77.0,0.0
2025-01-24,31.5,77.25,0.0
2025-01-24,31.5,77.5,0.0
2025-01-24,31.75,76.5,0.0
2025-01-24,31.75,76.75,0.0
2025-01-24,31.75,77.0,0.0
2025-01-24,31.75,77.25,0.0
2025-01-24,31.75,77.5,0.0
2025-01-24,32.0,76.5,0.0
2025-01-24,32.0,76.75,0.0
2025-01-24,32.0,77.0,0.0
2025-01-24,32.0,77.25,0.0
2025-01-24,32.0,77.5,0.0
2025-01-25,31.5,76.5,0.0
2025-01-25,31.5,76.75,0.0
2025-01-25,31.5,77.0,0.0
2025-01-25,31.5,77.25,0.0
2025-01-25,31.5,77.5,0.0
2025-01-25,31.75,76.5,0.0
2025-01-25,31.75,76.75,0.0
2025-01-25,31.75,77.0,0.0
2025-01-25,31.75,77.25,0.0
2025-01-25,31.75,77.5,0.0
2025-01-25,32.0,76.5,0.0
2025-01-25,32.0,76.75,0.0
2025-01-25,32.0,77.0,0.0
2025-01-25,32.0,77.25,0.0
2025-01-25,32.0,77.5,0.0
2025-01-26,31.5,76.5,0.0
2025-01-26,31.5,76.75,0.0
2025-01-26,31.5,77.0,0.0
2025-01-26,31.5,77.25,0.0
2025-01-26,31.5,77.5,0.0
2025-01-26,31.75,76.5,0.0
2025-01-26,31.75,76.75,0.0
2025-01-26,31.75,77.0,0.0
2025-01-26,31.75,77.25,0.0
2025-01-26,31.75,77.5,0.0
2025-01-26,32.0,76.5,0.0
2025-01-26,32.0,76.75,0.0
2025-01-26,32.0,77.0,0.0
2025-01-26,32.0,77.25,0.0
2025-01-26,32.0,77.5,0.0
2025-01-27,31.5,76.5,0.0
2025-01-27,31.5,76.75,0.0
2025-01-27,31.5,77.0,0.0
2025-01-27,31.5,77.25,0.0
2025-01-27,31.5,77.5,0.0
2025-01-27,31.75,76.5,0.0
2025-01-27,31.75,76.75,0.0
2025-01-27,31.75,77.0,0.0
2025-01-27,31.75,77.25,0.0
2025-01-27,31.75,77.5,0.0
2025-01-27,32.0,76.5,0.0
2025-01-27,32.0,76.75,0.0
2025-01-27,32.0,77.0,0.0
2025-01-27,32.0,77.25,0.0
2025-01-27,32.0,77.5,0.0
2025-01-28,31.5,76.5,0.0
2025-01-28,31.5,76.75,0.0
2025-01-28,31.5,77.0,0.0
2025-01-28,31.5,77.25,0.0
2025-01-28,31.5,77.5,0.0
2025-01-28,31.75,76.5,0.0
2025-01-28,31.75,76.75,0.0
2025-01-28,31.75,77.0,0.0
2025-01-28,31.75,77.25,0.0
2025-01-28,31.75,77.5,0.0
2025-01-28,32.0,76.5,0.0
2025-01-28,32.0,76.75,0.0
2025-01-28,32.0,77.0,0.0
2025-01-28,32.0,77.25,0.0
2025-01-28,32.0,77.5,0.0
2025-01-29,31.5,76.5,0.0
2025-01-29,31.5,76.75,0.0
2025-01-29,31.5,77.0,0.0
2025-01-29,31.5,77.25,0.0
2025-01-29,31.5,77.5,0.0
2025-01-29,31.75,76.5,0.0
2025-01-29,31.75,76.75,0.0
2025-01-29,31.75,77.0,0.0
2025-01-29,31.75,77.25,0.0
2025-01-29,31.75,77.5,0.0
2025-01-29,32.0,76.5,0.0
2025-01-29,32.0,76.75,0.0
2025-01-29,32.0,77.0,0.0
2025-01-29,32.0,77.25,0.0
2025-01-29,32.0,77.5,0.0
2025-01-30,31.5,76.5,0.0
2025-01-30,31.5,76.75,0.0
2025-01-30,31.5,77.0,0.0
2025-01-30,31.5,77.25,0.0
2025-01-30,31.5,77.5,0.0
2025-01-30,31.75,76.5,0.0
2025-01-30,31.75,76.75,0.0
2025-01-30,31.75,77.0,0.0
2025-01-30,31.75,77.25,0.0
2025-01-30,31.75,77.5,0.0
2025-01-30,32.0,76.5,0.0
2025-01-30,32.0,76.75,0.0
2025-01-30,32.0,77.0,0.0
2025-01-30,32.0,77.25,0.0
2025-01-30,32.0,77.5,0.0
2025-01-31,31.5,76.5,0.0
2025-01-31,31.5,76.75,0.0
2025-01-31,31.5,77.0,0.0
2025-01-31,31.5,77.25,0.0
2025-01-31,31.5,77.5,0.0
2025-01-31,31.75,76.5,0.0
2025-01-31,31.75,76.75,0.0
2025-01-31,31.75,77.0,0.0
2025-01-31,31.75,77.25,0.0
2025-01-31,31.75,77.5,0.0
2025-01-31,32.0,76.5,0.0
2025-01-31,32.0,76.75,0.0
2025-01-31,32.0,77.0,0.0
2025-01-31,32.0,77.25,0.0
2025-01-31,32.0,77.5,0.0
2025-02-01,31.5,76.5,0.0
2025-02-01,31.5,76.75,0.0
2025-02-01,31.5,77.0,0.0
2025-02-01,31.5,77.25,0.0
2025-02-01,31.5,77.5,0.0
2025-02-01,31.75,76.5,0.0
2025-02-01,31.75,76.75,0.0
2025-02-01,31.75,77.0,0.0
2025-02-01,31.75,77.25,0.0
2025-02-01,31.75,77.5,0.0
2025-02-01,32.0,76.5,0.0
2025-02-01,32.0,76.75,0.0
2025-02-01,32.0,77.0,0.0
2025-02-01,32.0,77.25,0.0
2025-02-01,32.0,77.5,0.0
2025-02-02,31.5,76.5,0.0
2025-02-02,31.5,76.75,0.0
2025-02-02,31.5,77.0,0.0
2025-02-02,31.5,77.25,0.0
2025-02-02,31.5,77.5,0.0
2025-02-02,31.75,76.5,0.0
2025-02-02,31.75,76.75,0.0
2025-02-02,31.75,77.0,0.0
2025-02-02,31.75,77.25,0.0
2025-02-02,31.75,77.5,0.0
2025-02-02,32.0,76.5,0.0
2025-02-02,32.0,76.75,0.0
2025-02-02,32.0,77.0,0.0
2025-02-02,32.0,77.25,0.0
2025-02-02,32.0,77.5,0.0
2025-02-03,31.5,76.5,0.0
2025-02-03,31.5,76.75,0.0
2025-02-03,31.5,77.0,0.0
2025-02-03,31.5,77.25,0.0
2025-02-03,31.5,77.5,0.0
2025-02-03,31.75,76.5,0.0
2025-02-03,31.75,76.75,0.0
2025-02-03,31.75,77.0,0.0
2025-02-03,31.75,77.25,0.0
2025-02-03,31.75,77.5,0.0
2025-02-03,32.0,76.5,0.0
2025-02-03,32.0,76.75,0.0
2025-02-03,32.0,77.0,0.0
2025-02-03,32.0,77.25,0.0
2025-02-03,32.0,77.5,0.0
2025-02-04,31.5,76.5,0.0
2025-02-04,31.5,76.75,0.0
2025-02-04,31.5,77.0,0.0
2025-02-04,31.5,77.25,0.0
2025-02-04,31.5,77.5,0.0
2025-02-04,31.75,76.5,0.0
2025-02-04,31.75,76.75,0.0
2025-02-04,31.75,77.0,0.0
2025-02-04,31.75,77.25,0.0
2025-02-04,31.75,77.5,0.0
2025-02-04,32.0,76.5,0.0
2025-02-04,32.0,76.75,0.0
2025-02-04,32.0,77.0,0.0
2025-02-04,32.0,77.25,0.0
2025-02-04,32.0,77.5,1.3888638019561768
2025-02-05,31.5,76.5,1.1335500478744507
2025-02-05,31.5,76.75,5.730586528778076
2025-02-05,31.5,77.0,21.12015724182129
2025-02-05,31.5,77.25,16.589902877807617
2025-02-05,31.5,77.5,6.720903396606445
2025-02-05,31.75,76.5,3.929659843444824
2025-02-05,31.75,76.75,12.105512619018555
2025-02-05,31.75,77.0,19.786352157592773
2025-02-05,31.75,77.25,21.19252586364746
2025-02-05,31.75,77.5,10.965376853942871
2025-02-05,32.0,76.5,14.643922805786133
2025-02-05,32.0,76.75,16.027191162109375
2025-02-05,32.0,77.0,25.330429077148438
2025-02-05,32.0,77.25,28.5953369140625
2025-02-05,32.0,77.5,20.960874557495117
2025-02-06,31.5,76.5,0.0
2025-02-06,31.5,76.75,0.0
2025-02-06,31.5,77.0,0.0
2025-02-06,31.5,77.25,3.3065757751464844
2025-02-06,31.5,77.5,1.0601073503494263
2025-02-06,31.75,76.5,0.0
2025-02-06,31.75,76.75,0.3307827115058899
2025-02-06,31.75,77.0,1.628374457359314
2025-02-06,31.75,77.25,3.7645561695098877
2025-02-06,31.75,77.5,1.8282769918441772
2025-02-06,32.0,76.5,0.0
2025-02-06,32.0,76.75,0.15959692001342773
2025-02-06,32.0,77.0,4.364441394805908
2025-02-06,32.0,77.25,5.204164505004883
2025-02-06,32.0,77.5,2.9324400424957275
2025-02-07,31.5,76.5,0.0
2025-02-07,31.5,76.75,0.0
2025-02-07,31.5,77.0,0.0
2025-02-07,31.5,77.25,0.0
2025-02-07,31.5,77.5,0.0
2025-02-07,31.75,76.5,0.0
2025-02-07,31.75,76.75,0.0
2025-02-07,31.75,77.0,0.0
2025-02-07,31.75,77.25,0.0
2025-02-07,31.75,77.5,0.0
2025-02-07,32.0,76.5,0.0
2025-02-07,32.0,76.75,0.0
2025-02-07,32.0,77.0,0.0
2025-02-07,32.0,77.25,0.0
2025-02-07,32.0,77.5,0.0
2025-02-08,31.5,76.5,0.0
2025-02-08,31.5,76.75,0.0
2025-02-08,31.5,77.0,0.0
2025-02-08,31.5,77.25,0.0
2025-02-08,31.5,77.5,0.0
2025-02-08,31.75,76.5,0.0
2025-02-08,31.75,76.75,0.0
2025-02-08,31.75,77.0,0.0
2025-02-08,31.75,77.25,0.0
2025-02-08,31.75,77.5,0.0
2025-02-08,32.0,76.5,0.0
2025-02-08,32.0,76.75,0.0
2025-02-08,32.0,77.0,0.0
2025-02-08,32.0,77.25,0.0
2025-02-08,32.0,77.5,0.0
2025-02-09,31.5,76.5,0.0
2025-02-09,31.5,76.75,0.0
2025-02-09,31.5,77.0,0.0
2025-02-09,31.5,77.25,0.0
2025-02-09,31.5,77.5,0.0
2025-02-09,31.75,76.5,0.0
2025-02-09,31.75,76.75,0.0
2025-02-09,31.75,77.0,0.0
2025-02-09,31.75,77.25,0.0
2025-02-09,31.75,77.5,0.0
2025-02-09,32.0,76.5,0.0
2025-02-09,32.0,76.75,0.0
2025-02-09,32.0,77.0,0.0
2025-02-09,32.0,77.25,0.0
2025-02-09,32.0,77.5,0.0
2025-02-10,31.5,76.5,0.0
2025-02-10,31.5,76.75,0.0
2025-02-10,31.5,77.0,0.0
2025-02-10,31.5,77.25,0.0
2025-02-10,31.5,77.5,0.0
2025-02-10,31.75,76.5,0.0
2025-02-10,31.75,76.75,0.0
2025-02-10,31.75,77.0,0.0
2025-02-10,31.75,77.25,0.0
2025-02-10,31.75,77.5,0.0
2025-02-10,32.0,76.5,0.0
2025-02-10,32.0,76.75,0.0
2025-02-10,32.0,77.0,0.0
2025-02-10,32.0,77.25,0.0
2025-02-10,32.0,77.5,0.0
2025-02-11,31.5,76.5,0.0
2025-02-11,31.5,76.75,0.0
2025-02-11,31.5,77.0,0.0
2025-02-11,31.5,77.25,0.0
2025-02-11,31.5,77.5,0.0
2025-02-11,31.75,76.5,0.0
2025-02-11,31.75,76.75,0.0
2025-02-11,31.75,77.0,0.0
2025-02-11,31.75,77.25,0.0
2025-02-11,31.75,77.5,0.0
2025-02-11,32.0,76.5,0.0
2025-02-11,32.0,76.75,0.0
2025-02-11,32.0,77.0,0.0
2025-02-11,32.0,77.25,0.0
2025-02-11,32.0,77.5,0.0
2025-02-12,31.5,76.5,0.0
2025-02-12,31.5,76.75,0.0
2025-02-12,31.5,77.0,0.0
2025-02-12,31.5,77.25,0.0
2025-02-12,31.5,77.5,0.0
2025-02-12,31.75,76.5,0.0
2025-02-12,31.75,76.75,0.0
2025-02-12,31.75,77.0,0.0
2025-02-12,31.75,77.25,0.0
2025-02-12,31.75,77.5,0.0
2025-02-12,32.0,76.5,0.0
2025-02-12,32.0,76.75,0.0
2025-02-12,32.0,77.0,0.9299768209457397
2025-02-12,32.0,77.25,0.6601065993309021
2025-02-12,32.0,77.5,0.0
2025-02-13,31.5,76.5,0.0
2025-02-13,31.5,76.75,0.0
2025-02-13,31.5,77.0,0.0
2025-02-13,31.5,77.25,0.0
2025-02-13,31.5,77.5,0.0
2025-02-13,31.75,76.5,0.0
2025-02-13,31.75,76.75,0.0
2025-02-13,31.75,77.0,0.0
2025-02-13,31.75,77.25,0.0
2025-02-13,31.75,77.5,0.0
2025-02-13,32.0,76.5,0.0
2025-02-13,32.0,76.75,0.0
2025-02-13,32.0,77.0,0.0
2025-02-13,32.0,77.25,0.0
2025-02-13,32.0,77.5,0.0
2025-02-14,31.5,76.5,0.0
2025-02-14,31.5,76.75,0.0
2025-02-14,31.5,77.0,0.0
2025-02-14,31.5,77.25,0.0
2025-02-14,31.5,77.5,0.0
2025-02-14,31.75,76.5,0.0
2025-02-14,31.75,76.75,0.0
2025-02-14,31.75,77.0,0.0
2025-02-14,31.75,77.25,0.0
2025-02-14,31.75,77.5,0.0
2025-02-14,32.0,76.5,0.0
2025-02-14,32.0,76.75,0.0
2025-02-14,32.0,77.0,0.0
2025-02-14,32.0,77.25,0.0
2025-02-14,32.0,77.5,0.0
2025-02-15,31.5,76.5,0.0
2025-02-15,31.5,76.75,0.0
2025-02-15,31.5,77.0,0.0
2025-02-15,31.5,77.25,0.0
2025-02-15,31.5,77.5,0.0
2025-02-15,31.75,76.5,0.0
2025-02-15,31.75,76.75,0.0
2025-02-15,31.75,77.0,0.0
2025-02-15,31.75,77.25,0.0
2025-02-15,31.75,77.5,0.0
2025-02-15,32.0,76.5,0.0
2025-02-15,32.0,76.75,0.0
2025-02-15,32.0,77.0,0.0
2025-02-15,32.0,77.25,0.0
2025-02-15,32.0,77.5,0.0
2025-02-16,31.5,76.5,0.0
2025-02-16,31.5,76.75,0.0
2025-02-16,31.5,77.0,0.0
2025-02-16,31.5,77.25,0.17598652839660645
2025-02-16,31.5,77.5,0.0
2025-02-16,31.75,76.5,0.0
2025-02-16,31.75,76.75,0.0
2025-02-16,31.75,77.0,0.0
2025-02-16,31.75,77.25,0.0
2025-02-16,31.75,77.5,0.0
2025-02-16,32.0,76.5,0.0
2025-02-16,32.0,76.75,0.0
2025-02-16,32.0,77.0,0.0
2025-02-16,32.0,77.25,0.0
2025-02-16,32.0,77.5,0.0
2025-02-17,31.5,76.5,0.0
2025-02-17,31.5,76.75,0.0
2025-02-17,31.5,77.0,0.0
2025-02-17,31.5,77.25,0.0
2025-02-17,31.5,77.5,0.0
2025-02-17,31.75,76.5,0.0
2025-02-17,31.75,76.75,0.0
2025-02-17,31.75,77.0,0.0
2025-02-17,31.75,77.25,0.0
2025-02-17,31.75,77.5,0.0
2025-02-17,32.0,76.5,0.0
2025-02-17,32.0,76.75,0.0
2025-02-17,32.0,77.0,0.0
2025-02-17,32.0,77.25,0.0
2025-02-17,32.0,77.5,0.0
2025-02-18,31.5,76.5,0.0
2025-02-18,31.5,76.75,0.0
2025-02-18,31.5,77.0,0.0
2025-02-18,31.5,77.25,0.0
2025-02-18,31.5,77.5,0.0
2025-02-18,31.75,76.5,0.0
2025-02-18,31.75,76.75,0.0
2025-02-18,31.75,77.0,0.0
2025-02-18,31.75,77.25,0.0
2025-02-18,31.75,77.5,0.0
2025-02-18,32.0,76.5,0.0
2025-02-18,32.0,76.75,0.0
2025-02-18,32.0,77.0,0.0
2025-02-18,32.0,77.25,0.0
2025-02-18,32.0,77.5,0.0
2025-02-19,31.5,76.5,0.0
2025-02-19,31.5,76.75,0.0
2025-02-19,31.5,77.0,0.0
2025-02-19,31.5,77.25,0.0
2025-02-19,31.5,77.5,0.0
2025-02-19,31.75,76.5,0.0
2025-02-19,31.75,76.75,0.0
2025-02-19,31.75,77.0,0.0
2025-02-19,31.75,77.25,0.0
2025-02-19,31.75,77.5,0.0
2025-02-19,32.0,76.5,0.0
2025-02-19,32.0,76.75,0.0
2025-02-19,32.0,77.0,0.0
2025-02-19,32.0,77.25,0.0
2025-02-19,32.0,77.5,0.0
2025-02-20,31.5,76.5,4.138730525970459
2025-02-20,31.5,76.75,6.29393196105957
2025-02-20,31.5,77.0,0.6266273260116577
2025-02-20,31.5,77.25,3.378291130065918
2025-02-20,31.5,77.5,0.6043689846992493
2025-02-20,31.75,76.5,3.174459457397461
2025-02-20,31.75,76.75,4.711253643035889
2025-02-20,31.75,77.0,4.82191276550293
2025-02-20,31.75,77.25,3.5269525051116943
2025-02-20,31.75,77.5,2.101755380630493
2025-02-20,32.0,76.5,8.409045219421387
2025-02-20,32.0,76.75,7.043155670166016
2025-02-20,32.0,77.0,3.7022998332977295
2025-02-20,32.0,77.25,2.7080421447753906
2025-02-20,32.0,77.5,1.8293532133102417
2025-02-21,31.5,76.5,12.70969295501709
2025-02-21,31.5,76.75,14.64897632598877
2025-02-21,31.5,77.0,19.029020309448242
2025-02-21,31.5,77.25,19.375659942626953
2025-02-21,31.5,77.5,11.57524299621582
2025-02-21,31.75,76.5,9.623749732971191
2025-02-21,31.75,76.75,18.05815887451172
2025-02-21,31.75,77.0,19.665496826171875
2025-02-21,31.75,77.25,22.691333770751953
2025-02-21,31.75,77.5,14.994929313659668
2025-02-21,32.0,76.5,28.01755142211914
2025-02-21,32.0,76.75,26.07204818725586
2025-02-21,32.0,77.0,21.03220558166504
2025-02-21,32.0,77.25,21.33836555480957
2025-02-21,32.0,77.5,17.533950805664062
2025-02-22,31.5,76.5,0.0
2025-02-22,31.5,76.75,0.0
2025-02-22,31.5,77.0,0.0
2025-02-22,31.5,77.25,0.0
2025-02-22,31.5,77.5,0.1822352409362793
2025-02-22,31.75,76.5,0.0
2025-02-22,31.75,76.75,0.0
2025-02-22,31.75,77.0,0.0
2025-02-22,31.75,77.25,0.0
2025-02-22,31.75,77.5,0.23498401045799255
2025-02-22,32.0,76.5,0.0
2025-02-22,32.0,76.75,0.0
2025-02-22,32.0,77.0,0.0
2025-02-22,32.0,77.25,0.0
2025-02-22,32.0,77.5,0.0
2025-02-23,31.5,76.5,0.0
2025-02-23,31.5,76.75,0.0
2025-02-23,31.5,77.0,0.0
2025-02-23,31.5,77.25,0.0
2025-02-23,31.5,77.5,0.0
2025-02-23,31.75,76.5,0.0
2025-02-23,31.75,76.75,0.0
2025-02-23,31.75,77.0,0.0
2025-02-23,31.75,77.25,0.4029494524002075
2025-02-23,31.75,77.5,0.0
2025-02-23,32.0,76.5,0.0
2025-02-23,32.0,76.75,0.0
2025-02-23,32.0,77.0,1.1339435577392578
2025-02-23,32.0,77.25,1.7993454933166504
2025-02-23,32.0,77.5,0.7882435321807861
2025-02-24,31.5,76.5,0.0
2025-02-24,31.5,76.75,0.0
2025-02-24,31.5,77.0,0.0
2025-02-24,31.5,77.25,0.0
2025-02-24,31.5,77.5,0.0
2025-02-24,31.75,76.5,0.0
2025-02-24,31.75,76.75,0.0
2025-02-24,31.75,77.0,0.0
2025-02-24,31.75,77.25,0.0
2025-02-24,31.75,77.5,0.0
2025-02-24,32.0,76.5,0.0
2025-02-24,32.0,76.75,0.0
2025-02-24,32.0,77.0,0.0
2025-02-24,32.0,77.25,0.0
2025-02-24,32.0,77.5,0.0
2025-02-25,31.5,76.5,0.0
2025-02-25,31.5,76.75,0.0
2025-02-25,31.5,77.0,0.0
2025-02-25,31.5,77.25,0.0
2025-02-25,31.5,77.5,0.0
2025-02-25,31.75,76.5,0.0
2025-02-25,31.75,76.75,0.0
2025-02-25,31.75,77.0,0.0
2025-02-25,31.75,77.25,0.0
2025-02-25,31.75,77.5,0.0
2025-02-25,32.0,76.5,0.0
2025-02-25,32.0,76.75,0.0
2025-02-25,32.0,77.0,0.0
2025-02-25,32.0,77.25,0.0
2025-02-25,32.0,77.5,0.0
2025-02-26,31.5,76.5,0.3204237222671509
2025-02-26,31.5,76.75,2.0541441440582275
2025-02-26,31.5,77.0,12.625262260437012
2025-02-26,31.5,77.25,17.968219757080078
2025-02-26,31.5,77.5,15.68354606628418
2025-02-26,31.75,76.5,0.18573257327079773
2025-02-26,31.75,76.75,4.9011335372924805
2025-02-26,31.75,77.0,17.941421508789062
2025-02-26,31.75,77.25,20.522735595703125
2025-02-26,31.75,77.5,18.11044692993164
2025-02-26,32.0,76.5,6.83797025680542
2025-02-26,32.0,76.75,9.992483139038086
2025-02-26,32.0,77.0,20.703428268432617
2025-02-26,32.0,77.25,19.07587242126465
2025-02-26,32.0,77.5,17.139789581298828
2025-02-27,31.5,76.5,1.615597128868103
2025-02-27,31.5,76.75,0.6793505549430847
2025-02-27,31.5,77.0,6.0047430992126465
2025-02-27,31.5,77.25,13.3062744140625
2025-02-27,31.5,77.5,12.941709518432617
2025-02-27,31.75,76.5,0.0
2025-02-27,31.75,76.75,3.8433260917663574
2025-02-27,31.75,77.0,9.734452247619629
2025-02-27,31.75,77.25,17.045490264892578
2025-02-27,31.75,77.5,18.024173736572266
2025-02-27,32.0,76.5,4.947552680969238
2025-02-27,32.0,76.75,5.038971424102783
2025-02-27,32.0,77.0,16.839200973510742
2025-02-27,32.0,77.25,20.875185012817383
2025-02-27,32.0,77.5,17.944549560546875
2025-02-28,31.5,76.5,38.98876953125
2025-02-28,31.5,76.75,33.941627502441406
2025-02-28,31.5,77.0,58.69164276123047
2025-02-28,31.5,77.25,104.80245971679688
2025-02-28,31.5,77.5,89.12753295898438
2025-02-28,31.75,76.5,44.124813079833984
2025-02-28,31.75,76.75,51.2286262512207
2025-02-28,31.75,77.0,95.47359466552734
2025-02-28,31.75,77.25,100.52119445800781
2025-02-28,31.75,77.5,80.46722412109375
2025-02-28,32.0,76.5,84.46595764160156
2025-02-28,32.0,76.75,92.8764419555664
2025-02-28,32.0,77.0,107.27981567382812
2025-02-28,32.0,77.25,112.29515075683594
2025-02-28,32.0,77.5,83.04767608642578
2025-03-01,31.5,76.5,22.50184440612793
2025-03-01,31.5,76.75,26.7607479095459
2025-03-01,31.5,77.0,35.85405731201172
2025-03-01,31.5,77.25,66.16094207763672
2025-03-01,31.5,77.5,56.4718132019043
2025-03-01,31.75,76.5,26.522157669067383
2025-03-01,31.75,76.75,37.513755798339844
2025-03-01,31.75,77.0,92.10206604003906
2025-03-01,31.75,77.25,85.7135009765625
2025-03-01,31.75,77.5,63.44493865966797
2025-03-01,32.0,76.5,82.14913940429688
2025-03-01,32.0,76.75,89.41532135009766
2025-03-01,32.0,77.0,88.633056640625
2025-03-01,32.0,77.25,72.21553039550781
2025-03-01,32.0,77.5,68.89791107177734
2025-03-02,31.5,76.5,0.0
2025-03-02,31.5,76.75,0.0
2025-03-02,31.5,77.0,0.0
2025-03-02,31.5,77.25,0.0
2025-03-02,31.5,77.5,0.0
2025-03-02,31.75,76.5,0.0
2025-03-02,31.75,76.75,0.0
2025-03-02,31.75,77.0,0.0
2025-03-02,31.75,77.25,0.0
2025-03-02,31.75,77.5,0.0
2025-03-02,32.0,76.5,0.0
2025-03-02,32.0,76.75,0.0
2025-03-02,32.0,77.0,0.0
2025-03-02,32.0,77.25,0.0
2025-03-02,32.0,77.5,0.0
2025-03-03,31.5,76.5,0.0
2025-03-03,31.5,76.75,0.0
2025-03-03,31.5,77.0,0.0
2025-03-03,31.5,77.25,0.0
2025-03-03,31.5,77.5,0.0
2025-03-03,31.75,76.5,0.0
2025-03-03,31.75,76.75,0.0
2025-03-03,31.75,77.0,0.0
2025-03-03,31.75,77.25,0.0
2025-03-03,31.75,77.5,0.0
2025-03-03,32.0,76.5,0.0
2025-03-03,32.0,76.75,0.0
2025-03-03,32.0,77.0,0.0
2025-03-03,32.0,77.25,0.0
2025-03-03,32.0,77.5,0.0
2025-03-04,31.5,76.5,0.7518272399902344
2025-03-04,31.5,76.75,1.9591262340545654
2025-03-04,31.5,77.0,8.254737854003906
2025-03-04,31.5,77.25,14.53691291809082
2025-03-04,31.5,77.5,11.907594680786133
2025-03-04,31.75,76.5,1.9766374826431274
2025-03-04,31.75,76.75,3.924583673477173
2025-03-04,31.75,77.0,21.390060424804688
2025-03-04,31.75,77.25,20.076358795166016
2025-03-04,31.75,77.5,13.463244438171387
2025-03-04,32.0,76.5,8.537737846374512
2025-03-04,32.0,76.75,8.804208755493164
2025-03-04,32.0,77.0,24.997764587402344
2025-03-04,32.0,77.25,23.89300537109375
2025-03-04,32.0,77.5,15.89113712310791
2025-03-05,31.5,76.5,0.0
2025-03-05,31.5,76.75,0.0
2025-03-05,31.5,77.0,0.0
2025-03-05,31.5,77.25,0.0
2025-03-05,31.5,77.5,0.0
2025-03-05,31.75,76.5,0.0
2025-03-05,31.75,76.75,0.0
2025-03-05,31.75,77.0,0.0
2025-03-05,31.75,77.25,0.0
2025-03-05,31.75,77.5,0.0
2025-03-05,32.0,76.5,0.0
2025-03-05,32.0,76.75,0.0
2025-03-05,32.0,77.0,0.0
2025-03-05,32.0,77.25,0.0
2025-03-05,32.0,77.5,0.0
2025-03-06,31.5,76.5,0.0
2025-03-06,31.5,76.75,0.0
2025-03-06,31.5,77.0,0.0
2025-03-06,31.5,77.25,0.0
2025-03-06,31.5,77.5,0.0
2025-03-06,31.75,76.5,0.0
2025-03-06,31.75,76.75,0.0
2025-03-06,31.75,77.0,0.0
2025-03-06,31.75,77.25,0.0
2025-03-06,31.75,77.5,0.0
2025-03-06,32.0,76.5,0.0
2025-03-06,32.0,76.75,0.0
2025-03-06,32.0,77.0,0.0
2025-03-06,32.0,77.25,0.0
2025-03-06,32.0,77.5,0.0
2025-03-07,31.5,76.5,0.0
2025-03-07,31.5,76.75,0.0
2025-03-07,31.5,77.0,0.0
2025-03-07,31.5,77.25,0.0
2025-03-07,31.5,77.5,0.0
2025-03-07,31.75,76.5,0.0
2025-03-07,31.75,76.75,0.0
2025-03-07,31.75,77.0,0.0
2025-03-07,31.75,77.25,0.0
2025-03-07,31.75,77.5,0.0
2025-03-07,32.0,76.5,0.0
2025-03-07,32.0,76.75,0.0
2025-03-07,32.0,77.0,0.0
2025-03-07,32.0,77.25,0.0
2025-03-07,32.0,77.5,0.0
2025-03-08,31.5,76.5,0.0
2025-03-08,31.5,76.75,0.0
2025-03-08,31.5,77.0,0.0
2025-03-08,31.5,77.25,0.0
2025-03-08,31.5,77.5,0.0
2025-03-08,31.75,76.5,0.0
2025-03-08,31.75,76.75,0.0
2025-03-08,31.75,77.0,0.0
2025-03-08,31.75,77.25,0.0
2025-03-08,31.75,77.5,0.0
2025-03-08,32.0,76.5,0.0
2025-03-08,32.0,76.75,0.0
2025-03-08,32.0,77.0,0.0
2025-03-08,32.0,77.25,0.0
2025-03-08,32.0,77.5,0.0
2025-03-09,31.5,76.5,0.0
2025-03-09,31.5,76.75,0.0
2025-03-09,31.5,77.0,0.0
2025-03-09,31.5,77.25,0.0
2025-03-09,31.5,77.5,0.0
2025-03-09,31.75,76.5,0.0
2025-03-09,31.75,76.75,0.0
2025-03-09,31.75,77.0,0.0
2025-03-09,31.75,77.25,0.0
2025-03-09,31.75,77.5,0.0
2025-03-09,32.0,76.5,0.0
2025-03-09,32.0,76.75,0.0
2025-03-09,32.0,77.0,0.0
2025-03-09,32.0,77.25,0.0
2025-03-09,32.0,77.5,0.0
2025-03-10,31.5,76.5,0.0
2025-03-10,31.5,76.75,0.0
2025-03-10,31.5,77.0,0.0
2025-03-10,31.5,77.25,0.0
2025-03-10,31.5,77.5,0.0
2025-03-10,31.75,76.5,0.0
2025-03-10,31.75,76.75,0.0
2025-03-10,31.75,77.0,0.0
2025-03-10,31.75,77.25,0.0
2025-03-10,31.75,77.5,0.0
2025-03-10,32.0,76.5,0.0
2025-03-10,32.0,76.75,0.0
2025-03-10,32.0,77.0,0.0
2025-03-10,32.0,77.25,0.0
2025-03-10,32.0,77.5,0.0
2025-03-11,31.5,76.5,0.7857946157455444
2025-03-11,31.5,76.75,0.4879859387874603
2025-03-11,31.5,77.0,0.7472674250602722
2025-03-11,31.5,77.25,0.19048981368541718
2025-03-11,31.5,77.5,0.0
2025-03-11,31.75,76.5,0.0
2025-03-11,31.75,76.75,0.0
2025-03-11,31.75,77.0,0.0
2025-03-11,31.75,77.25,0.27947998046875
2025-03-11,31.75,77.5,0.0
2025-03-11,32.0,76.5,0.0
2025-03-11,32.0,76.75,0.0
2025-03-11,32.0,77.0,0.9664650559425354
2025-03-11,32.0,77.25,1.1895909309387207
2025-03-11,32.0,77.5,1.0885536670684814
2025-03-12,31.5,76.5,0.0
2025-03-12,31.5,76.75,0.0
2025-03-12,31.5,77.0,0.0
2025-03-12,31.5,77.25,0.0
2025-03-12,31.5,77.5,0.0
2025-03-12,31.75,76.5,0.0
2025-03-12,31.75,76.75,0.0
2025-03-12,31.75,77.0,0.0
2025-03-12,31.75,77.25,0.0
2025-03-12,31.75,77.5,0.0
2025-03-12,32.0,76.5,0.0
2025-03-12,32.0,76.75,0.0
2025-03-12,32.0,77.0,0.0
2025-03-12,32.0,77.25,0.0
2025-03-12,32.0,77.5,0.0
2025-03-13,31.5,76.5,0.0
2025-03-13,31.5,76.75,0.0
2025-03-13,31.5,77.0,0.0
2025-03-13,31.5,77.25,0.0
2025-03-13,31.5,77.5,0.0
2025-03-13,31.75,76.5,0.0
2025-03-13,31.75,76.75,0.0
2025-03-13,31.75,77.0,0.0
2025-03-13,31.75,77.25,0.0
2025-03-13,31.75,77.5,0.0
2025-03-13,32.0,76.5,0.0
2025-03-13,32.0,76.75,0.0
2025-03-13,32.0,77.0,0.0
2025-03-13,32.0,77.25,0.0
2025-03-13,32.0,77.5,0.0
2025-03-14,31.5,76.5,0.0
2025-03-14,31.5,76.75,0.0
2025-03-14,31.5,77.0,0.0
2025-03-14,31.5,77.25,0.0
2025-03-14,31.5,77.5,0.0
2025-03-14,31.75,76.5,0.0
2025-03-14,31.75,76.75,0.0
2025-03-14,31.75,77.0,0.3819427788257599
2025-03-14,31.75,77.25,0.0
2025-03-14,31.75,77.5,0.0
2025-03-14,32.0,76.5,0.0
2025-03-14,32.0,76.75,0.0
2025-03-14,32.0,77.0,1.416881799697876
2025-03-14,32.0,77.25,1.009796142578125
2025-03-14,32.0,77.5,0.6944319009780884
2025-03-15,31.5,76.5,0.0
2025-03-15,31.5,76.75,0.0
2025-03-15,31.5,77.0,7.371767520904541
2025-03-15,31.5,77.25,8.521075248718262
2025-03-15,31.5,77.5,4.70071268081665
2025-03-15,31.75,76.5,0.3790150582790375
2025-03-15,31.75,76.75,0.0
2025-03-15,31.75,77.0,5.805530548095703
2025-03-15,31.75,77.25,5.7417893409729
2025-03-15,31.75,77.5,4.124758243560791
2025-03-15,32.0,76.5,0.46371302008628845
2025-03-15,32.0,76.75,0.6738536953926086
2025-03-15,32.0,77.0,5.457927703857422
2025-03-15,32.0,77.25,3.710425853729248
2025-03-15,32.0,77.5,3.310300827026367
2025-03-16,31.5,76.5,11.64247989654541
2025-03-16,31.5,76.75,13.63269329071045
2025-03-16,31.5,77.0,14.929441452026367
2025-03-16,31.5,77.25,22.531702041625977
2025-03-16,31.5,77.5,9.738836288452148
2025-03-16,31.75,76.5,1.317599892616272
2025-03-16,31.75,76.75,16.416919708251953
2025-03-16,31.75,77.0,41.644901275634766
2025-03-16,31.75,77.25,24.990875244140625
2025-03-16,31.75,77.5,10.510477066040039
2025-03-16,32.0,76.5,6.981260299682617
2025-03-16,32.0,76.75,16.783939361572266
2025-03-16,32.0,77.0,47.10860824584961
2025-03-16,32.0,77.25,45.98331832885742
2025-03-16,32.0,77.5,24.849231719970703
2025-03-17,31.5,76.5,2.403778314590454
2025-03-17,31.5,76.75,1.4719301462173462
2025-03-17,31.5,77.0,6.525607585906982
2025-03-17,31.5,77.25,14.268027305603027
2025-03-17,31.5,77.5,2.3984954357147217
2025-03-17,31.75,76.5,0.0
2025-03-17,31.75,76.75,1.8681130409240723
2025-03-17,31.75,77.0,9.99947738647461
2025-03-17,31.75,77.25,9.635330200195312
2025-03-17,31.75,77.5,5.2269673347473145
2025-03-17,32.0,76.5,5.708628177642822
2025-03-17,32.0,76.75,6.554880619049072
2025-03-17,32.0,77.0,8.989156723022461
2025-03-17,32.0,77.25,7.285335540771484
2025-03-17,32.0,77.5,5.170259475708008
2025-03-18,31.5,76.5,0.0
2025-03-18,31.5,76.75,0.0
2025-03-18,31.5,77.0,0.0
2025-03-18,31.5,77.25,0.0
2025-03-18,31.5,77.5,0.0
2025-03-18,31.75,76.5,0.0
2025-03-18,31.75,76.75,0.5788697600364685
2025-03-18,31.75,77.0,0.44341588020324707
2025-03-18,31.75,77.25,0.0
2025-03-18,31.75,77.5,0.0
2025-03-18,32.0,76.5,0.0
2025-03-18,32.0,76.75,0.0
2025-03-18,32.0,77.0,0.0
2025-03-18,32.0,77.25,0.0
2025-03-18,32.0,77.5,0.0
2025-03-19,31.5,76.5,0.0
2025-03-19,31.5,76.75,0.0
2025-03-19,31.5,77.0,0.0
2025-03-19,31.5,77.25,0.0
2025-03-19,31.5,77.5,0.0
2025-03-19,31.75,76.5,0.0
2025-03-19,31.75,76.75,0.0
2025-03-19,31.75,77.0,0.0
2025-03-19,31.75,77.25,0.0
2025-03-19,31.75,77.5,0.0
2025-03-19,32.0,76.5,0.0
2025-03-19,32.0,76.75,0.0
2025-03-19,32.0,77.0,0.0
2025-03-19,32.0,77.25,0.0
2025-03-19,32.0,77.5,0.0
2025-03-20,31.5,76.5,0.0
2025-03-20,31.5,76.75,1.0849580764770508
2025-03-20,31.5,77.0,0.0
2025-03-20,31.5,77.25,0.0
2025-03-20,31.5,77.5,0.0
2025-03-20,31.75,76.5,0.0
2025-03-20,31.75,76.75,0.0
2025-03-20,31.75,77.0,0.0
2025-03-20,31.75,77.25,0.0
2025-03-20,31.75,77.5,0.0
2025-03-20,32.0,76.5,6.376834869384766
2025-03-20,32.0,76.75,4.717635631561279
2025-03-20,32.0,77.0,0.4914432764053345
2025-03-20,32.0,77.25,0.339673787355423
2025-03-20,32.0,77.5,0.0
2025-03-21,31.5,76.5,0.0
2025-03-21,31.5,76.75,0.0
2025-03-21,31.5,77.0,0.0
2025-03-21,31.5,77.25,0.0
2025-03-21,31.5,77.5,0.0
2025-03-21,31.75,76.5,0.0
2025-03-21,31.75,76.75,0.0
2025-03-21,31.75,77.0,0.0
2025-03-21,31.75,77.25,0.0
2025-03-21,31.75,77.5,0.0
2025-03-21,32.0,76.5,0.0
2025-03-21,32.0,76.75,0.0
2025-03-21,32.0,77.0,0.0
2025-03-21,32.0,77.25,0.0
2025-03-21,32.0,77.5,0.0
2025-03-22,31.5,76.5,0.0
2025-03-22,31.5,76.75,0.0
2025-03-22,31.5,77.0,0.0
2025-03-22,31.5,77.25,0.0
2025-03-22,31.5,77.5,0.0
2025-03-22,31.75,76.5,0.0
2025-03-22,31.75,76.75,0.0
2025-03-22,31.75,77.0,0.0
2025-03-22,31.75,77.25,0.0
2025-03-22,31.75,77.5,0.0
2025-03-22,32.0,76.5,0.0
2025-03-22,32.0,76.75,0.0
2025-03-22,32.0,77.0,0.0
2025-03-22,32.0,77.25,0.0
2025-03-22,32.0,77.5,0.0
2025-03-23,31.5,76.5,0.0
2025-03-23,31.5,76.75,0.0
2025-03-23,31.5,77.0,0.0
2025-03-23,31.5,77.25,0.0
2025-03-23,31.5,77.5,0.0
2025-03-23,31.75,76.5,0.0
2025-03-23,31.75,76.75,0.0
2025-03-23,31.75,77.0,0.0
2025-03-23,31.75,77.25,0.0
2025-03-23,31.75,77.5,0.0
2025-03-23,32.0,76.5,0.0
2025-03-23,32.0,76.75,0.0
2025-03-23,32.0,77.0,0.0
2025-03-23,32.0,77.25,0.0
2025-03-23,32.0,77.5,0.0
2025-03-24,31.5,76.5,0.0
2025-03-24,31.5,76.75,0.0
2025-03-24,31.5,77.0,0.0
2025-03-24,31.5,77.25,0.0
2025-03-24,31.5,77.5,0.0
2025-03-24,31.75,76.5,0.0
2025-03-24,31.75,76.75,0.0
2025-03-24,31.75,77.0,0.0
2025-03-24,31.75,77.25,0.0
2025-03-24,31.75,77.5,0.0
2025-03-24,32.0,76.5,0.0
2025-03-24,32.0,76.75,0.0
2025-03-24,32.0,77.0,0.0
2025-03-24,32.0,77.25,0.0
2025-03-24,32.0,77.5,0.0
2025-03-25,31.5,76.5,0.0
2025-03-25,31.5,76.75,0.0
2025-03-25,31.5,77.0,0.0
2025-03-25,31.5,77.25,0.0
2025-03-25,31.5,77.5,0.0
2025-03-25,31.75,76.5,0.0
2025-03-25,31.75,76.75,0.0
2025-03-25,31.75,77.0,0.0
2025-03-25,31.75,77.25,0.0
2025-03-25,31.75,77.5,0.0
2025-03-25,32.0,76.5,0.0
2025-03-25,32.0,76.75,0.0
2025-03-25,32.0,77.0,0.0
2025-03-25,32.0,77.25,0.0
2025-03-25,32.0,77.5,0.0
2025-03-26,31.5,76.5,0.0
2025-03-26,31.5,76.75,0.0
2025-03-26,31.5,77.0,0.0
2025-03-26,31.5,77.25,0.0
2025-03-26,31.5,77.5,0.0
2025-03-26,31.75,76.5,0.0
2025-03-26,31.75,76.75,0.0
2025-03-26,31.75,77.0,0.0
2025-03-26,31.75,77.25,0.0
2025-03-26,31.75,77.5,0.0
2025-03-26,32.0,76.5,0.0
2025-03-26,32.0,76.75,0.0
2025-03-26,32.0,77.0,0.0
2025-03-26,32.0,77.25,0.0
2025-03-26,32.0,77.5,0.0
2025-03-27,31.5,76.5,0.0
2025-03-27,31.5,76.75,0.0
2025-03-27,31.5,77.0,0.0
2025-03-27,31.5,77.25,0.0
2025-03-27,31.5,77.5,0.0
2025-03-27,31.75,76.5,0.0
2025-03-27,31.75,76.75,0.0
2025-03-27,31.75,77.0,0.0
2025-03-27,31.75,77.25,0.0
2025-03-27,31.75,77.5,0.0
2025-03-27,32.0,76.5,0.0
2025-03-27,32.0,76.75,0.0
2025-03-27,32.0,77.0,0.0
2025-03-27,32.0,77.25,0.0
2025-03-27,32.0,77.5,0.0
2025-03-28,31.5,76.5,0.0
2025-03-28,31.5,76.75,0.0
2025-03-28,31.5,77.0,0.0
2025-03-28,31.5,77.25,0.0
2025-03-28,31.5,77.5,0.0
2025-03-28,31.75,76.5,0.0
2025-03-28,31.75,76.75,0.0
2025-03-28,31.75,77.0,0.0
2025-03-28,31.75,77.25,0.0
2025-03-28,31.75,77.5,0.0
2025-03-28,32.0,76.5,0.0
2025-03-28,32.0,76.75,0.0
2025-03-28,32.0,77.0,0.0
2025-03-28,32.0,77.25,0.0
2025-03-28,32.0,77.5,0.0
2025-03-29,31.5,76.5,0.0
2025-03-29,31.5,76.75,0.0
2025-03-29,31.5,77.0,0.0
2025-03-29,31.5,77.25,0.0
2025-03-29,31.5,77.5,0.0
2025-03-29,31.75,76.5,0.0
2025-03-29,31.75,76.75,0.0
2025-03-29,31.75,77.0,0.0
2025-03-29,31.75,77.25,0.0
2025-03-29,31.75,77.5,0.0
2025-03-29,32.0,76.5,0.0
2025-03-29,32.0,76.75,0.0
2025-03-29,32.0,77.0,0.0
2025-03-29,32.0,77.25,0.0
2025-03-29,32.0,77.5,0.0
2025-03-30,31.5,76.5,0.0
2025-03-30,31.5,76.75,0.0
2025-03-30,31.5,77.0,0.0
2025-03-30,31.5,77.25,0.0
2025-03-30,31.5,77.5,0.0
2025-03-30,31.75,76.5,0.0
2025-03-30,31.75,76.75,0.0
2025-03-30,31.75,77.0,0.0
2025-03-30,31.75,77.25,0.0
2025-03-30,31.75,77.5,0.0
2025-03-30,32.0,76.5,0.0
2025-03-30,32.0,76.75,0.0
2025-03-30,32.0,77.0,0.0
2025-03-30,32.0,77.25,0.0
2025-03-30,32.0,77.5,0.0
2025-03-31,31.5,76.5,0.0
2025-03-31,31.5,76.75,0.0
2025-03-31,31.5,77.0,0.0
2025-03-31,31.5,77.25,0.0
2025-03-31,31.5,77.5,0.0
2025-03-31,31.75,76.5,0.0
2025-03-31,31.75,76.75,0.0
2025-03-31,31.75,77.0,0.0
2025-03-31,31.75,77.25,0.0
2025-03-31,31.75,77.5,0.0
2025-03-31,32.0,76.5,0.0
2025-03-31,32.0,76.75,0.0
2025-03-31,32.0,77.0,0.0
2025-03-31,32.0,77.25,0.0
2025-03-31,32.0,77.5,0.0
2025-04-01,31.5,76.5,0.0
2025-04-01,31.5,76.75,0.0
2025-04-01,31.5,77.0,0.0
2025-04-01,31.5,77.25,0.0
2025-04-01,31.5,77.5,0.0
2025-04-01,31.75,76.5,0.0
2025-04-01,31.75,76.75,0.0
2025-04-01,31.75,77.0,0.0
2025-04-01,31.75,77.25,0.0
2025-04-01,31.75,77.5,0.0
2025-04-01,32.0,76.5,0.0
2025-04-01,32.0,76.75,0.0
2025-04-01,32.0,77.0,0.0
2025-04-01,32.0,77.25,0.0
2025-04-01,32.0,77.5,0.0
2025-04-02,31.5,76.5,0.0
2025-04-02,31.5,76.75,0.0
2025-04-02,31.5,77.0,0.0
2025-04-02,31.5,77.25,0.0
2025-04-02,31.5,77.5,0.0
2025-04-02,31.75,76.5,0.0
2025-04-02,31.75,76.75,0.0
2025-04-02,31.75,77.0,0.0
2025-04-02,31.75,77.25,0.0
2025-04-02,31.75,77.5,0.0
2025-04-02,32.0,76.5,0.0
2025-04-02,32.0,76.75,0.0
2025-04-02,32.0,77.0,0.0
2025-04-02,32.0,77.25,0.0
2025-04-02,32.0,77.5,0.0
2025-04-03,31.5,76.5,0.0
2025-04-03,31.5,76.75,0.0
2025-04-03,31.5,77.0,0.0
2025-04-03,31.5,77.25,0.0
2025-04-03,31.5,77.5,0.0
2025-04-03,31.75,76.5,0.0
2025-04-03,31.75,76.75,0.0
2025-04-03,31.75,77.0,0.0
2025-04-03,31.75,77.25,0.0
2025-04-03,31.75,77.5,0.0
2025-04-03,32.0,76.5,0.0
2025-04-03,32.0,76.75,0.0
2025-04-03,32.0,77.0,0.0
2025-04-03,32.0,77.25,0.0
2025-04-03,32.0,77.5,0.0
2025-04-04,31.5,76.5,0.0
2025-04-04,31.5,76.75,0.0
2025-04-04,31.5,77.0,0.0
2025-04-04,31.5,77.25,0.0
2025-04-04,31.5,77.5,0.0
2025-04-04,31.75,76.5,0.0
2025-04-04,31.75,76.75,0.0
2025-04-04,31.75,77.0,0.0
2025-04-04,31.75,77.25,0.0
2025-04-04,31.75,77.5,0.0
2025-04-04,32.0,76.5,0.0
2025-04-04,32.0,76.75,0.0
2025-04-04,32.0,77.0,0.0
2025-04-04,32.0,77.25,0.0
2025-04-04,32.0,77.5,0.0
2025-04-05,31.5,76.5,0.0
2025-04-05,31.5,76.75,0.0
2025-04-05,31.5,77.0,0.0
2025-04-05,31.5,77.25,0.0
2025-04-05,31.5,77.5,0.0
2025-04-05,31.75,76.5,0.0
2025-04-05,31.75,76.75,0.0
2025-04-05,31.75,77.0,0.0
2025-04-05,31.75,77.25,0.0
2025-04-05,31.75,77.5,0.0
2025-04-05,32.0,76.5,0.0
2025-04-05,32.0,76.75,0.0
2025-04-05,32.0,77.0,0.0
2025-04-05,32.0,77.25,0.0
2025-04-05,32.0,77.5,0.0
2025-04-06,31.5,76.5,0.0
2025-04-06,31.5,76.75,0.0
2025-04-06,31.5,77.0,0.0
2025-04-06,31.5,77.25,0.0
2025-04-06,31.5,77.5,0.0
2025-04-06,31.75,76.5,0.0
2025-04-06,31.75,76.75,0.0
2025-04-06,31.75,77.0,0.0
2025-04-06,31.75,77.25,0.0
2025-04-06,31.75,77.5,0.0
2025-04-06,32.0,76.5,0.0
2025-04-06,32.0,76.75,0.0
2025-04-06,32.0,77.0,0.0
2025-04-06,32.0,77.25,0.0
2025-04-06,32.0,77.5,0.0
2025-04-07,31.5,76.5,0.0
2025-04-07,31.5,76.75,0.0
2025-04-07,31.5,77.0,0.0
2025-04-07,31.5,77.25,0.0
2025-04-07,31.5,77.5,0.0
2025-04-07,31.75,76.5,0.0
2025-04-07,31.75,76.75,0.0
2025-04-07,31.75,77.0,0.0
2025-04-07,31.75,77.25,0.0
2025-04-07,31.75,77.5,0.0
2025-04-07,32.0,76.5,0.0
2025-04-07,32.0,76.75,0.0
2025-04-07,32.0,77.0,0.0
2025-04-07,32.0,77.25,0.0
2025-04-07,32.0,77.5,0.0
2025-04-08,31.5,76.5,0.0
2025-04-08,31.5,76.75,0.0
2025-04-08,31.5,77.0,0.0
2025-04-08,31.5,77.25,0.0
2025-04-08,31.5,77.5,0.0
2025-04-08,31.75,76.5,0.0
2025-04-08,31.75,76.75,0.0
2025-04-08,31.75,77.0,0.0
2025-04-08,31.75,77.25,0.0
2025-04-08,31.75,77.5,0.0
2025-04-08,32.0,76.5,0.0
2025-04-08,32.0,76.75,0.0
2025-04-08,32.0,77.0,0.0
2025-04-08,32.0,77.25,0.0
2025-04-08,32.0,77.5,0.0
2025-04-09,31.5,76.5,0.0
2025-04-09,31.5,76.75,0.0
2025-04-09,31.5,77.0,0.0
2025-04-09,31.5,77.25,0.0
2025-04-09,31.5,77.5,0.0
2025-04-09,31.75,76.5,0.0
2025-04-09,31.75,76.75,0.0
2025-04-09,31.75,77.0,0.0
2025-04-09,31.75,77.25,0.0
2025-04-09,31.75,77.5,0.0
2025-04-09,32.0,76.5,0.0
2025-04-09,32.0,76.75,0.0
2025-04-09,32.0,77.0,0.38890060782432556
2025-04-09,32.0,77.25,0.3458162844181061
2025-04-09,32.0,77.5,0.0
2025-04-10,31.5,76.5,0.0
2025-04-10,31.5,76.75,0.0
2025-04-10,31.5,77.0,0.0
2025-04-10,31.5,77.25,0.0
2025-04-10,31.5,77.5,0.0
2025-04-10,31.75,76.5,0.0
2025-04-10,31.75,76.75,0.0
2025-04-10,31.75,77.0,0.0
2025-04-10,31.75,77.25,0.0
2025-04-10,31.75,77.5,0.0
2025-04-10,32.0,76.5,0.0
2025-04-10,32.0,76.75,0.0
2025-04-10,32.0,77.0,0.0
2025-04-10,32.0,77.25,0.0
2025-04-10,32.0,77.5,0.0
2025-04-11,31.5,76.5,0.6735382080078125
2025-04-11,31.5,76.75,0.6083846092224121
2025-04-11,31.5,77.0,13.748296737670898
2025-04-11,31.5,77.25,2.649813175201416
2025-04-11,31.5,77.5,0.16718588769435883
2025-04-11,31.75,76.5,1.1912026405334473
2025-04-11,31.75,76.75,8.139859199523926
2025-04-11,31.75,77.0,4.553979396820068
2025-04-11,31.75,77.25,2.2273924350738525
2025-04-11,31.75,77.5,0.7416761517524719
2025-04-11,32.0,76.5,0.5873697996139526
2025-04-11,32.0,76.75,1.5491873025894165
2025-04-11,32.0,77.0,0.7835599184036255
2025-04-11,32.0,77.25,0.20782001316547394
2025-04-11,32.0,77.5,0.45801493525505066
2025-04-12,31.5,76.5,4.5815863609313965
2025-04-12,31.5,76.75,5.527254581451416
2025-04-12,31.5,77.0,6.339406490325928
2025-04-12,31.5,77.25,4.671710014343262
2025-04-12,31.5,77.5,1.831210970878601
2025-04-12,31.75,76.5,9.206791877746582
2025-04-12,31.75,76.75,12.419404029846191
2025-04-12,31.75,77.0,1.919400691986084
2025-04-12,31.75,77.25,3.888249158859253
2025-04-12,31.75,77.5,2.643976926803589
2025-04-12,32.0,76.5,29.30000877380371
2025-04-12,32.0,76.75,26.190174102783203
2025-04-12,32.0,77.0,0.7896832227706909
2025-04-12,32.0,77.25,0.5188482403755188
2025-04-12,32.0,77.5,1.2800270318984985
2025-04-13,31.5,76.5,3.0022852420806885
2025-04-13,31.5,76.75,4.582123756408691
2025-04-13,31.5,77.0,0.42195379734039307
2025-04-13,31.5,77.25,0.9472270011901855
2025-04-13,31.5,77.5,0.8520724177360535
2025-04-13,31.75,76.5,1.5617024898529053
2025-04-13,31.75,76.75,0.8220424652099609
2025-04-13,31.75,77.0,0.25338050723075867
2025-04-13,31.75,77.25,0.5337372422218323
2025-04-13,31.75,77.5,0.29186856746673584
2025-04-13,32.0,76.5,0.0
2025-04-13,32.0,76.75,0.0
2025-04-13,32.0,77.0,0.5930087566375732
2025-04-13,32.0,77.25,0.4522330164909363
2025-04-13,32.0,77.5,0.0
2025-04-14,31.5,76.5,0.0
2025-04-14,31.5,76.75,0.0
2025-04-14,31.5,77.0,0.0
2025-04-14,31.5,77.25,0.0
2025-04-14,31.5,77.5,0.0
2025-04-14,31.75,76.5,0.0
2025-04-14,31.75,76.75,0.0
2025-04-14,31.75,77.0,0.0
2025-04-14,31.75,77.25,0.0
2025-04-14,31.75,77.5,0.0
2025-04-14,32.0,76.5,0.0
2025-04-14,32.0,76.75,0.0
2025-04-14,32.0,77.0,0.0
2025-04-14,32.0,77.25,0.0
2025-04-14,32.0,77.5,0.0
2025-04-15,31.5,76.5,0.0
2025-04-15,31.5,76.75,0.0
2025-04-15,31.5,77.0,0.0
2025-04-15,31.5,77.25,0.0
2025-04-15,31.5,77.5,0.0
2025-04-15,31.75,76.5,0.0
2025-04-15,31.75,76.75,0.0
2025-04-15,31.75,77.0,0.0
2025-04-15,31.75,77.25,0.0
2025-04-15,31.75,77.5,0.0
2025-04-15,32.0,76.5,0.0
2025-04-15,32.0,76.75,0.0
2025-04-15,32.0,77.0,0.0
2025-04-15,32.0,77.25,0.0
2025-04-15,32.0,77.5,0.0
2025-04-16,31.5,76.5,0.0
2025-04-16,31.5,76.75,0.0
2025-04-16,31.5,77.0,0.0
2025-04-16,31.5,77.25,0.0
2025-04-16,31.5,77.5,0.0
2025-04-16,31.75,76.5,0.0
2025-04-16,31.75,76.75,0.0
2025-04-16,31.75,77.0,0.0
2025-04-16,31.75,77.25,0.0
2025-04-16,31.75,77.5,0.0
2025-04-16,32.0,76.5,0.0
2025-04-16,32.0,76.75,0.0
2025-04-16,32.0,77.0,0.0
2025-04-16,32.0,77.25,0.0
2025-04-16,32.0,77.5,0.0
2025-04-17,31.5,76.5,9.760087966918945
2025-04-17,31.5,76.75,12.633569717407227
2025-04-17,31.5,77.0,14.162904739379883
2025-04-17,31.5,77.25,12.959397315979004
2025-04-17,31.5,77.5,10.283119201660156
2025-04-17,31.75,76.5,3.581099033355713
2025-04-17,31.75,76.75,16.37775993347168
2025-04-17,31.75,77.0,12.047771453857422
2025-04-17,31.75,77.25,10.360356330871582
2025-04-17,31.75,77.5,10.345821380615234
2025-04-17,32.0,76.5,6.648641109466553
2025-04-17,32.0,76.75,10.582502365112305
2025-04-17,32.0,77.0,6.131025314331055
2025-04-17,32.0,77.25,2.0569567680358887
2025-04-17,32.0,77.5,4.0784173011779785
2025-04-18,31.5,76.5,0.0
2025-04-18,31.5,76.75,0.0
2025-04-18,31.5,77.0,0.0
2025-04-18,31.5,77.25,0.0
2025-04-18,31.5,77.5,0.0
2025-04-18,31.75,76.5,0.0
2025-04-18,31.75,76.75,0.0
2025-04-18,31.75,77.0,0.0
2025-04-18,31.75,77.25,0.0
2025-04-18,31.75,77.5,0.0
2025-04-18,32.0,76.5,0.0
2025-04-18,32.0,76.75,0.0
2025-04-18,32.0,77.0,0.0
2025-04-18,32.0,77.25,0.0
2025-04-18,32.0,77.5,0.0
2025-04-19,31.5,76.5,1.850705862045288
2025-04-19,31.5,76.75,5.022491931915283
2025-04-19,31.5,77.0,1.3581668138504028
2025-04-19,31.5,77.25,8.232819557189941
2025-04-19,31.5,77.5,1.8170119524002075
2025-04-19,31.75,76.5,0.6269487738609314
2025-04-19,31.75,76.75,2.9500668048858643
2025-04-19,31.75,77.0,11.383796691894531
2025-04-19,31.75,77.25,9.81378173828125
2025-04-19,31.75,77.5,4.233809947967529
2025-04-19,32.0,76.5,1.059380292892456
2025-04-19,32.0,76.75,3.124545097351074
2025-04-19,32.0,77.0,10.396758079528809
2025-04-19,32.0,77.25,7.895269870758057
2025-04-19,32.0,77.5,6.483592987060547
2025-04-20,31.5,76.5,0.0
2025-04-20,31.5,76.75,0.0
2025-04-20,31.5,77.0,0.0
2025-04-20,31.5,77.25,0.7409774661064148
2025-04-20,31.5,77.5,0.14477628469467163
2025-04-20,31.75,76.5,0.0
2025-04-20,31.75,76.75,0.0
2025-04-20,31.75,77.0,0.0
2025-04-20,31.75,77.25,0.0
2025-04-20,31.75,77.5,0.0
2025-04-20,32.0,76.5,0.0
2025-04-20,32.0,76.75,0.0
2025-04-20,32.0,77.0,1.8796143531799316
2025-04-20,32.0,77.25,1.5879600048065186
2025-04-20,32.0,77.5,1.3888638019561768
2025-04-21,31.5,76.5,4.212817668914795
2025-04-21,31.5,76.75,0.8236748576164246
2025-04-21,31.5,77.0,9.57889175415039
2025-04-21,31.5,77.25,5.727821350097656
2025-04-21,31.5,77.5,14.62856674194336
2025-04-21,31.75,76.5,7.660503387451172
2025-04-21,31.75,76.75,0.2720237374305725
2025-04-21,31.75,77.0,2.6666035652160645
2025-04-21,31.75,77.25,3.427023410797119
2025-04-21,31.75,77.5,10.680426597595215
2025-04-21,32.0,76.5,10.330810546875
2025-04-21,32.0,76.75,6.929755210876465
2025-04-21,32.0,77.0,5.236684322357178
2025-04-21,32.0,77.25,4.350067615509033
2025-04-21,32.0,77.5,5.274039268493652
2025-04-22,31.5,76.5,1.133325457572937
2025-04-22,31.5,76.75,2.8971035480499268
2025-04-22,31.5,77.0,0.8516520857810974
2025-04-22,31.5,77.25,4.763614654541016
2025-04-22,31.5,77.5,2.349480390548706
2025-04-22,31.75,76.5,7.396636962890625
2025-04-22,31.75,76.75,5.286998748779297
2025-04-22,31.75,77.0,5.2639265060424805
2025-04-22,31.75,77.25,8.111615180969238
2025-04-22,31.75,77.5,4.009562015533447
2025-04-22,32.0,76.5,3.5026752948760986
2025-04-22,32.0,76.75,3.4338059425354004
2025-04-22,32.0,77.0,12.299080848693848
2025-04-22,32.0,77.25,18.040023803710938
2025-04-22,32.0,77.5,11.534956932067871
2025-04-23,31.5,76.5,0.0
2025-04-23,31.5,76.75,0.0
2025-04-23,31.5,77.0,0.0
2025-04-23,31.5,77.25,0.0
2025-04-23,31.5,77.5,0.0
2025-04-23,31.75,76.5,0.0
2025-04-23,31.75,76.75,0.0
2025-04-23,31.75,77.0,0.0
2025-04-23,31.75,77.25,0.0
2025-04-23,31.75,77.5,0.0
2025-04-23,32.0,76.5,0.0
2025-04-23,32.0,76.75,0.0
2025-04-23,32.0,77.0,0.0
2025-04-23,32.0,77.25,0.0
2025-04-23,32.0,77.5,0.0
2025-04-24,31.5,76.5,0.0
2025-04-24,31.5,76.75,0.0
2025-04-24,31.5,77.0,0.0
2025-04-24,31.5,77.25,0.0
2025-04-24,31.5,77.5,0.0
2025-04-24,31.75,76.5,0.0
2025-04-24,31.75,76.75,0.0
2025-04-24,31.75,77.0,0.0
2025-04-24,31.75,77.25,0.0
2025-04-24,31.75,77.5,0.0
2025-04-24,32.0,76.5,0.0
2025-04-24,32.0,76.75,0.0
2025-04-24,32.0,77.0,0.0
2025-04-24,32.0,77.25,0.0
2025-04-24,32.0,77.5,0.0
2025-04-25,31.5,76.5,0.0
2025-04-25,31.5,76.75,0.0
2025-04-25,31.5,77.0,0.0
2025-04-25,31.5,77.25,0.0
2025-04-25,31.5,77.5,0.0
2025-04-25,31.75,76.5,0.0
2025-04-25,31.75,76.75,0.0
2025-04-25,31.75,77.0,0.0
2025-04-25,31.75,77.25,0.0
2025-04-25,31.75,77.5,0.0
2025-04-25,32.0,76.5,0.0
2025-04-25,32.0,76.75,0.0
2025-04-25,32.0,77.0,0.0
2025-04-25,32.0,77.25,0.0
2025-04-25,32.0,77.5,0.0
2025-04-26,31.5,76.5,0.0
2025-04-26,31.5,76.75,0.0
2025-04-26,31.5,77.0,0.0
2025-04-26,31.5,77.25,0.0
2025-04-26,31.5,77.5,0.0
2025-04-26,31.75,76.5,0.0
2025-04-26,31.75,76.75,0.0
2025-04-26,31.75,77.0,0.0
2025-04-26,31.75,77.25,0.0
2025-04-26,31.75,77.5,0.0
2025-04-26,32.0,76.5,0.0
2025-04-26,32.0,76.75,0.0
2025-04-26,32.0,77.0,0.0
2025-04-26,32.0,77.25,0.0
2025-04-26,32.0,77.5,0.0
2025-04-27,31.5,76.5,0.0
2025-04-27,31.5,76.75,0.0
2025-04-27,31.5,77.0,0.0
2025-04-27,31.5,77.25,0.0
2025-04-27,31.5,77.5,0.0
2025-04-27,31.75,76.5,0.0
2025-04-27,31.75,76.75,0.0
2025-04-27,31.75,77.0,0.0
2025-04-27,31.75,77.25,0.0
2025-04-27,31.75,77.5,0.0
2025-04-27,32.0,76.5,0.0
2025-04-27,32.0,76.75,0.0
2025-04-27,32.0,77.0,0.0
2025-04-27,32.0,77.25,0.0
2025-04-27,32.0,77.5,0.0
2025-04-28,31.5,76.5,0.0
2025-04-28,31.5,76.75,0.0
2025-04-28,31.5,77.0,0.0
2025-04-28,31.5,77.25,0.0
2025-04-28,31.5,77.5,0.0
2025-04-28,31.75,76.5,0.0
2025-04-28,31.75,76.75,0.0
2025-04-28,31.75,77.0,0.0
2025-04-28,31.75,77.25,0.0
2025-04-28,31.75,77.5,0.0
2025-04-28,32.0,76.5,0.0
2025-04-28,32.0,76.75,0.0
2025-04-28,32.0,77.0,0.0
2025-04-28,32.0,77.25,0.0
2025-04-28,32.0,77.5,0.0
2025-04-29,31.5,76.5,0.0
2025-04-29,31.5,76.75,0.0
2025-04-29,31.5,77.0,0.0
2025-04-29,31.5,77.25,0.0
2025-04-29,31.5,77.5,0.0
2025-04-29,31.75,76.5,0.0
2025-04-29,31.75,76.75,0.0
2025-04-29,31.75,77.0,0.0
2025-04-29,31.75,77.25,0.0
2025-04-29,31.75,77.5,0.0
2025-04-29,32.0,76.5,0.0
2025-04-29,32.0,76.75,0.0
2025-04-29,32.0,77.0,0.0
2025-04-29,32.0,77.25,0.0
2025-04-29,32.0,77.5,0.0
2025-04-30,31.5,76.5,0.0
2025-04-30,31.5,76.75,0.0
2025-04-30,31.5,77.0,0.0
2025-04-30,31.5,77.25,0.0
2025-04-30,31.5,77.5,0.0
2025-04-30,31.75,76.5,0.0
2025-04-30,31.75,76.75,0.0
2025-04-30,31.75,77.0,0.0
2025-04-30,31.75,77.25,0.0
2025-04-30,31.75,77.5,0.0
2025-04-30,32.0,76.5,0.0
2025-04-30,32.0,76.75,0.0
2025-04-30,32.0,77.0,0.0
2025-04-30,32.0,77.25,0.0
2025-04-30,32.0,77.5,0.0
2025-05-01,31.5,76.5,0.0
2025-05-01,31.5,76.75,0.0
2025-05-01,31.5,77.0,0.0
2025-05-01,31.5,77.25,0.0
2025-05-01,31.5,77.5,0.0
2025-05-01,31.75,76.5,0.0
2025-05-01,31.75,76.75,0.0
2025-05-01,31.75,77.0,0.0
2025-05-01,31.75,77.25,0.0
2025-05-01,31.75,77.5,0.0
2025-05-01,32.0,76.5,0.0
2025-05-01,32.0,76.75,0.0
2025-05-01,32.0,77.0,0.0
2025-05-01,32.0,77.25,0.0
2025-05-01,32.0,77.5,0.0
2025-05-02,31.5,76.5,8.529145240783691
2025-05-02,31.5,76.75,12.482921600341797
2025-05-02,31.5,77.0,1.7363739013671875
2025-05-02,31.5,77.25,0.1545480191707611
2025-05-02,31.5,77.5,0.0
2025-05-02,31.75,76.5,3.0659186840057373
2025-05-02,31.75,76.75,9.600879669189453
2025-05-02,31.75,77.0,3.813894271850586
2025-05-02,31.75,77.25,0.7798454165458679
2025-05-02,31.75,77.5,0.0
2025-05-02,32.0,76.5,0.28863224387168884
2025-05-02,32.0,76.75,2.03344988822937
2025-05-02,32.0,77.0,2.0280985832214355
2025-05-02,32.0,77.25,1.9472146034240723
2025-05-02,32.0,77.5,0.8179729580879211
2025-05-03,31.5,76.5,0.0
2025-05-03,31.5,76.75,0.6913133859634399
2025-05-03,31.5,77.0,4.426915645599365
2025-05-03,31.5,77.25,2.297304153442383
2025-05-03,31.5,77.5,0.0
2025-05-03,31.75,76.5,0.0
2025-05-03,31.75,76.75,1.1477752923965454
2025-05-03,31.75,77.0,0.6826832890510559
2025-05-03,31.75,77.25,1.7235746383666992
2025-05-03,31.75,77.5,0.7416761517524719
2025-05-03,32.0,76.5,0.0
2025-05-03,32.0,76.75,0.22024790942668915
2025-05-03,32.0,77.0,0.6363186836242676
2025-05-03,32.0,77.25,0.843304455280304
2025-05-03,32.0,77.5,0.8521367311477661
2025-05-04,31.5,76.5,3.6832215785980225
2025-05-04,31.5,76.75,7.378960132598877
2025-05-04,31.5,77.0,3.317530632019043
2025-05-04,31.5,77.25,0.6518675088882446
2025-05-04,31.5,77.5,0.16006334125995636
2025-05-04,31.75,76.5,6.9110107421875
2025-05-04,31.75,76.75,16.15387535095215
2025-05-04,31.75,77.0,6.47155237197876
2025-05-04,31.75,77.25,1.0822465419769287
2025-05-04,31.75,77.5,0.0
2025-05-04,32.0,76.5,12.781562805175781
2025-05-04,32.0,76.75,13.592453002929688
2025-05-04,32.0,77.0,4.865832328796387
2025-05-04,32.0,77.25,3.4647488594055176
2025-05-04,32.0,77.5,0.7882435321807861
2025-05-05,31.5,76.5,2.970632314682007
2025-05-05,31.5,76.75,0.5890281200408936
2025-05-05,31.5,77.0,1.9341466426849365
2025-05-05,31.5,77.25,5.512923717498779
2025-05-05,31.5,77.5,0.4161928594112396
2025-05-05,31.75,76.5,20.21902084350586
2025-05-05,31.75,76.75,1.513209342956543
2025-05-05,31.75,77.0,1.8849822282791138
2025-05-05,31.75,77.25,4.905621528625488
2025-05-05,31.75,77.5,3.5898776054382324
2025-05-05,32.0,76.5,0.0
2025-05-05,32.0,76.75,0.0
2025-05-05,32.0,77.0,0.3175661861896515
2025-05-05,32.0,77.25,0.2406739592552185
2025-05-05,32.0,77.5,1.8778611421585083
2025-05-06,31.5,76.5,0.0
2025-05-06,31.5,76.75,0.0
2025-05-06,31.5,77.0,2.989069700241089
2025-05-06,31.5,77.25,0.6181920766830444
2025-05-06,31.5,77.5,0.0
2025-05-06,31.75,76.5,4.675634384155273
2025-05-06,31.75,76.75,0.0
2025-05-06,31.75,77.0,0.0
2025-05-06,31.75,77.25,0.25767725706100464
2025-05-06,31.75,77.5,0.0
2025-05-06,32.0,76.5,0.5204083323478699
2025-05-06,32.0,76.75,0.0
2025-05-06,32.0,77.0,0.0
2025-05-06,32.0,77.25,0.0
2025-05-06,32.0,77.5,0.6944319009780884
2025-05-07,31.5,76.5,8.854923248291016
2025-05-07,31.5,76.75,5.378752708435059
2025-05-07,31.5,77.0,9.157014846801758
2025-05-07,31.5,77.25,3.25828218460083
2025-05-07,31.5,77.5,0.12900438904762268
2025-05-07,31.75,76.5,19.350603103637695
2025-05-07,31.75,76.75,4.021426677703857
2025-05-07,31.75,77.0,1.755639910697937
2025-05-07,31.75,77.25,1.5185896158218384
2025-05-07,31.75,77.5,1.1040196418762207
2025-05-07,32.0,76.5,0.7969681024551392
2025-05-07,32.0,76.75,0.7388447523117065
2025-05-07,32.0,77.0,0.0
2025-05-07,32.0,77.25,0.0
2025-05-07,32.0,77.5,0.45801493525505066
2025-05-08,31.5,76.5,9.803324699401855
2025-05-08,31.5,76.75,1.3110101222991943
2025-05-08,31.5,77.0,2.033154249191284
2025-05-08,31.5,77.25,5.659884929656982
2025-05-08,31.5,77.5,2.6317529678344727
2025-05-08,31.75,76.5,1.030348777770996
2025-05-08,31.75,76.75,0.8794237375259399
2025-05-08,31.75,77.0,1.1910450458526611
2025-05-08,31.75,77.25,6.392753601074219
2025-05-08,31.75,77.5,6.566146373748779
2025-05-08,32.0,76.5,0.5211776494979858
2025-05-08,32.0,76.75,1.1888340711593628
2025-05-08,32.0,77.0,2.8874351978302
2025-05-08,32.0,77.25,4.813040256500244
2025-05-08,32.0,77.5,5.233572006225586
2025-05-09,31.5,76.5,19.366064071655273
2025-05-09,31.5,76.75,5.036596298217773
2025-05-09,31.5,77.0,2.9435009956359863
2025-05-09,31.5,77.25,0.7467288374900818
2025-05-09,31.5,77.5,1.074234962463379
2025-05-09,31.75,76.5,3.7576637268066406
2025-05-09,31.75,76.75,1.1985419988632202
2025-05-09,31.75,77.0,2.3400864601135254
2025-05-09,31.75,77.25,0.7207952737808228
2025-05-09,31.75,77.5,0.5861692428588867
2025-05-09,32.0,76.5,1.5639021396636963
2025-05-09,32.0,76.75,1.1633660793304443
2025-05-09,32.0,77.0,1.5667961835861206
2025-05-09,32.0,77.25,1.0900907516479492
2025-05-09,32.0,77.5,0.46349036693573
2025-05-10,31.5,76.5,0.0
2025-05-10,31.5,76.75,0.798159658908844
2025-05-10,31.5,77.0,10.847737312316895
2025-05-10,31.5,77.25,6.573568344116211
2025-05-10,31.5,77.5,8.320863723754883
2025-05-10,31.75,76.5,0.7481014728546143
2025-05-10,31.75,76.75,15.563651084899902
2025-05-10,31.75,77.0,2.3242902755737305
2025-05-10,31.75,77.25,5.081490516662598
2025-05-10,31.75,77.5,9.255059242248535
2025-05-10,32.0,76.5,0.0
2025-05-10,32.0,76.75,3.8535380363464355
2025-05-10,32.0,77.0,3.402272939682007
2025-05-10,32.0,77.25,4.67937707901001
2025-05-10,32.0,77.5,5.09385871887207
2025-05-11,31.5,76.5,0.20527181029319763
2025-05-11,31.5,76.75,0.0
2025-05-11,31.5,77.0,0.0
2025-05-11,31.5,77.25,0.5946053266525269
2025-05-11,31.5,77.5,2.676030158996582
2025-05-11,31.75,76.5,1.5380061864852905
2025-05-11,31.75,76.75,0.0
2025-05-11,31.75,77.0,0.0
2025-05-11,31.75,77.25,0.4029494524002075
2025-05-11,31.75,77.5,0.9570029973983765
2025-05-11,32.0,76.5,0.42601728439331055
2025-05-11,32.0,76.75,0.9505702257156372
2025-05-11,32.0,77.0,1.1469428539276123
2025-05-11,32.0,77.25,1.8526153564453125
2025-05-11,32.0,77.5,0.8675219416618347
2025-05-12,31.5,76.5,0.0
2025-05-12,31.5,76.75,0.0
2025-05-12,31.5,77.0,2.704822063446045
2025-05-12,31.5,77.25,0.5237518548965454
2025-05-12,31.5,77.5,0.0
2025-05-12,31.75,76.5,0.0
2025-05-12,31.75,76.75,0.5984278917312622
2025-05-12,31.75,77.0,0.3078833818435669
2025-05-12,31.75,77.25,1.227803349494934
2025-05-12,31.75,77.5,0.0
2025-05-12,32.0,76.5,0.0
2025-05-12,32.0,76.75,0.12328224629163742
2025-05-12,32.0,77.0,2.212935447692871
2025-05-12,32.0,77.25,4.044114589691162
2025-05-12,32.0,77.5,1.9706088304519653
2025-05-13,31.5,76.5,0.0
2025-05-13,31.5,76.75,0.0
2025-05-13,31.5,77.0,0.0
2025-05-13,31.5,77.25,0.2973026633262634
2025-05-13,31.5,77.5,1.2805067300796509
2025-05-13,31.75,76.5,0.0
2025-05-13,31.75,76.75,0.4141150116920471
2025-05-13,31.75,77.0,0.7750570178031921
2025-05-13,31.75,77.25,0.0
2025-05-13,31.75,77.5,0.36100950837135315
2025-05-13,32.0,76.5,0.0
2025-05-13,32.0,76.75,0.0
2025-05-13,32.0,77.0,0.29383495450019836
2025-05-13,32.0,77.25,0.0
2025-05-13,32.0,77.5,0.0
2025-05-14,31.5,76.5,0.0
2025-05-14,31.5,76.75,0.0
2025-05-14,31.5,77.0,0.0
2025-05-14,31.5,77.25,0.0
2025-05-14,31.5,77.5,0.25108766555786133
2025-05-14,31.75,76.5,0.0
2025-05-14,31.75,76.75,0.0
2025-05-14,31.75,77.0,0.0
2025-05-14,31.75,77.25,0.0
2025-05-14,31.75,77.5,2.0862200260162354
2025-05-14,32.0,76.5,0.0
2025-05-14,32.0,76.75,0.0
2025-05-14,32.0,77.0,0.0
2025-05-14,32.0,77.25,0.0
2025-05-14,32.0,77.5,0.0
2025-05-15,31.5,76.5,0.0
2025-05-15,31.5,76.75,0.0
2025-05-15,31.5,77.0,0.0
2025-05-15,31.5,77.25,0.0
2025-05-15,31.5,77.5,0.0
2025-05-15,31.75,76.5,0.0
2025-05-15,31.75,76.75,0.0
2025-05-15,31.75,77.0,0.0
2025-05-15,31.75,77.25,0.0
2025-05-15,31.75,77.5,0.0
2025-05-15,32.0,76.5,0.0
2025-05-15,32.0,76.75,0.0
2025-05-15,32.0,77.0,0.0
2025-05-15,32.0,77.25,0.0
2025-05-15,32.0,77.5,0.0
2025-05-16,31.5,76.5,0.0
2025-05-16,31.5,76.75,5.564457416534424
2025-05-16,31.5,77.0,0.1326534003019333
2025-05-16,31.5,77.25,1.1492761373519897
2025-05-16,31.5,77.5,6.840561866760254
2025-05-16,31.75,76.5,0.5240886807441711
2025-05-16,31.75,76.75,1.581512689590454
2025-05-16,31.75,77.0,0.7601414918899536
2025-05-16,31.75,77.25,0.0
2025-05-16,31.75,77.5,3.8275179862976074
2025-05-16,32.0,76.5,0.0
2025-05-16,32.0,76.75,0.0
2025-05-16,32.0,77.0,0.0
2025-05-16,32.0,77.25,0.0
2025-05-16,32.0,77.5,0.7432350516319275
2025-05-17,31.5,76.5,0.0
2025-05-17,31.5,76.75,0.0
2025-05-17,31.5,77.0,0.0
2025-05-17,31.5,77.25,0.0
2025-05-17,31.5,77.5,1.4351025819778442
2025-05-17,31.75,76.5,0.0
2025-05-17,31.75,76.75,0.0
2025-05-17,31.75,77.0,0.7638855576515198
2025-05-17,31.75,77.25,0.135859414935112
2025-05-17,31.75,77.5,1.850499153137207
2025-05-17,32.0,76.5,0.4878670871257782
2025-05-17,32.0,76.75,1.039235234260559
2025-05-17,32.0,77.0,0.48972490429878235
2025-05-17,32.0,77.25,0.12988750636577606
2025-05-17,32.0,77.5,0.624317467212677
2025-05-18,31.5,76.5,0.0
2025-05-18,31.5,76.75,0.0
2025-05-18,31.5,77.0,0.0
2025-05-18,31.5,77.25,0.5572906732559204
2025-05-18,31.5,77.5,0.0
2025-05-18,31.75,76.5,0.0
2025-05-18,31.75,76.75,0.0
2025-05-18,31.75,77.0,0.0
2025-05-18,31.75,77.25,0.0
2025-05-18,31.75,77.5,0.0
2025-05-18,32.0,76.5,3.786269187927246
2025-05-18,32.0,76.75,1.3006722927093506
2025-05-18,32.0,77.0,0.0
2025-05-18,32.0,77.25,0.0
2025-05-18,32.0,77.5,0.0
2025-05-19,31.5,76.5,0.4550887942314148
2025-05-19,31.5,76.75,0.17063447833061218
2025-05-19,31.5,77.0,6.680369853973389
2025-05-19,31.5,77.25,2.26350736618042
2025-05-19,31.5,77.5,7.527555465698242
2025-05-19,31.75,76.5,0.6015548706054688
2025-05-19,31.75,76.75,12.903812408447266
2025-05-19,31.75,77.0,6.603037357330322
2025-05-19,31.75,77.25,1.3216314315795898
2025-05-19,31.75,77.5,3.248591423034668
2025-05-19,32.0,76.5,2.556095838546753
2025-05-19,32.0,76.75,7.1660847663879395
2025-05-19,32.0,77.0,3.5209686756134033
2025-05-19,32.0,77.25,1.8554060459136963
2025-05-19,32.0,77.5,0.8202431797981262
2025-05-20,31.5,76.5,0.0
2025-05-20,31.5,76.75,0.0
2025-05-20,31.5,77.0,0.0
2025-05-20,31.5,77.25,0.0
2025-05-20,31.5,77.5,0.0
2025-05-20,31.75,76.5,0.0
2025-05-20,31.75,76.75,0.0
2025-05-20,31.75,77.0,0.0
2025-05-20,31.75,77.25,0.0
2025-05-20,31.75,77.5,1.3176125288009644
2025-05-20,32.0,76.5,0.0
2025-05-20,32.0,76.75,0.0
2025-05-20,32.0,77.0,0.0
2025-05-20,32.0,77.25,0.0
2025-05-20,32.0,77.5,0.0
2025-05-21,31.5,76.5,0.0
2025-05-21,31.5,76.75,2.5994317531585693
2025-05-21,31.5,77.0,0.0
2025-05-21,31.5,77.25,0.0
2025-05-21,31.5,77.5,0.0
2025-05-21,31.75,76.5,0.5330544114112854
2025-05-21,31.75,76.75,0.19706785678863525
2025-05-21,31.75,77.0,0.0
2025-05-21,31.75,77.25,0.0
2025-05-21,31.75,77.5,0.0
2025-05-21,32.0,76.5,6.843667030334473
2025-05-21,32.0,76.75,5.623222351074219
2025-05-21,32.0,77.0,0.0
2025-05-21,32.0,77.25,0.0
2025-05-21,32.0,77.5,0.0
2025-05-22,31.5,76.5,0.49992430210113525
2025-05-22,31.5,76.75,14.296874046325684
2025-05-22,31.5,77.0,0.0
2025-05-22,31.5,77.25,0.0
2025-05-22,31.5,77.5,0.0
2025-05-22,31.75,76.5,2.9665138721466064
2025-05-22,31.75,76.75,1.0838731527328491
2025-05-22,31.75,77.0,0.0
2025-05-22,31.75,77.25,0.0
2025-05-22,31.75,77.5,0.0
2025-05-22,32.0,76.5,2.7910499572753906
2025-05-22,32.0,76.75,0.7804034352302551
2025-05-22,32.0,77.0,0.0
2025-05-22,32.0,77.25,0.0
2025-05-22,32.0,77.5,0.0
2025-05-23,31.5,76.5,0.0
2025-05-23,31.5,76.75,0.0
2025-05-23,31.5,77.0,0.0
2025-05-23,31.5,77.25,0.0
2025-05-23,31.5,77.5,0.0
2025-05-23,31.75,76.5,0.0
2025-05-23,31.75,76.75,0.0
2025-05-23,31.75,77.0,0.0
2025-05-23,31.75,77.25,0.0
2025-05-23,31.75,77.5,0.0
2025-05-23,32.0,76.5,0.0
2025-05-23,32.0,76.75,0.0
2025-05-23,32.0,77.0,0.0
2025-05-23,32.0,77.25,0.0
2025-05-23,32.0,77.5,0.0
2025-05-24,31.5,76.5,0.0
2025-05-24,31.5,76.75,0.0
2025-05-24,31.5,77.0,0.0
2025-05-24,31.5,77.25,0.0
2025-05-24,31.5,77.5,0.0
2025-05-24,31.75,76.5,0.0
2025-05-24,31.75,76.75,0.0
2025-05-24,31.75,77.0,0.0
2025-05-24,31.75,77.25,0.0
2025-05-24,31.75,77.5,0.0
2025-05-24,32.0,76.5,0.0
2025-05-24,32.0,76.75,0.0
2025-05-24,32.0,77.0,0.0
2025-05-24,32.0,77.25,0.0
2025-05-24,32.0,77.5,0.0
2025-05-25,31.5,76.5,22.290435791015625
2025-05-25,31.5,76.75,12.668536186218262
2025-05-25,31.5,77.0,4.953938961029053
2025-05-25,31.5,77.25,16.826313018798828
2025-05-25,31.5,77.5,31.369600296020508
2025-05-25,31.75,76.5,14.09902572631836
2025-05-25,31.75,76.75,1.8657306432724
2025-05-25,31.75,77.0,0.47370392084121704
2025-05-25,31.75,77.25,8.489875793457031
2025-05-25,31.75,77.5,16.74225616455078
2025-05-25,32.0,76.5,7.070281505584717
2025-05-25,32.0,76.75,3.8719637393951416
2025-05-25,32.0,77.0,0.9307560324668884
2025-05-25,32.0,77.25,0.5775257349014282
2025-05-25,32.0,77.5,5.528864860534668
2025-05-26,31.5,76.5,0.0
2025-05-26,31.5,76.75,0.0
2025-05-26,31.5,77.0,0.0
2025-05-26,31.5,77.25,0.0
2025-05-26,31.5,77.5,0.0
2025-05-26,31.75,76.5,0.0
2025-05-26,31.75,76.75,0.0
2025-05-26,31.75,77.0,0.0
2025-05-26,31.75,77.25,0.0
2025-05-26,31.75,77.5,0.21960210800170898
2025-05-26,32.0,76.5,0.0
2025-05-26,32.0,76.75,0.0
2025-05-26,32.0,77.0,0.0
2025-05-26,32.0,77.25,0.0
2025-05-26,32.0,77.5,0.0
2025-05-27,31.5,76.5,0.0
2025-05-27,31.5,76.75,0.0
2025-05-27,31.5,77.0,0.0
2025-05-27,31.5,77.25,0.0
2025-05-27,31.5,77.5,0.0
2025-05-27,31.75,76.5,0.0
2025-05-27,31.75,76.75,0.0
2025-05-27,31.75,77.0,0.0
2025-05-27,31.75,77.25,0.0
2025-05-27,31.75,77.5,0.0
2025-05-27,32.0,76.5,0.0
2025-05-27,32.0,76.75,0.0
2025-05-27,32.0,77.0,0.0
2025-05-27,32.0,77.25,0.0
2025-05-27,32.0,77.5,0.0
2025-05-28,31.5,76.5,2.548497200012207
2025-05-28,31.5,76.75,0.0
2025-05-28,31.5,77.0,0.0
2025-05-28,31.5,77.25,5.47102689743042
2025-05-28,31.5,77.5,0.1295766979455948
2025-05-28,31.75,76.5,0.0
2025-05-28,31.75,76.75,0.0
2025-05-28,31.75,77.0,11.611061096191406
2025-05-28,31.75,77.25,7.244483947753906
2025-05-28,31.75,77.5,2.9667046070098877
2025-05-28,32.0,76.5,1.962512493133545
2025-05-28,32.0,76.75,2.128110647201538
2025-05-28,32.0,77.0,7.51402473449707
2025-05-28,32.0,77.25,2.0228147506713867
2025-05-28,32.0,77.5,3.2822680473327637
2025-05-29,31.5,76.5,0.0
2025-05-29,31.5,76.75,0.11721133440732956
2025-05-29,31.5,77.0,1.4366735219955444
2025-05-29,31.5,77.25,0.0
2025-05-29,31.5,77.5,0.0
2025-05-29,31.75,76.5,3.4198925495147705
2025-05-29,31.75,76.75,0.17124482989311218
2025-05-29,31.75,77.0,1.8740692138671875
2025-05-29,31.75,77.25,0.2642645537853241
2025-05-29,31.75,77.5,0.0
2025-05-29,32.0,76.5,4.946403980255127
2025-05-29,32.0,76.75,0.6798658967018127
2025-05-29,32.0,77.0,0.905811071395874
2025-05-29,32.0,77.25,0.2554109990596771
2025-05-29,32.0,77.5,0.21227113902568817
2025-05-30,31.5,76.5,15.541415214538574
2025-05-30,31.5,76.75,11.237656593322754
2025-05-30,31.5,77.0,6.577037334442139
2025-05-30,31.5,77.25,12.606568336486816
2025-05-30,31.5,77.5,1.1818835735321045
2025-05-30,31.75,76.5,12.092525482177734
2025-05-30,31.75,76.75,4.736056804656982
2025-05-30,31.75,77.0,2.7730777263641357
2025-05-30,31.75,77.25,7.791297912597656
2025-05-30,31.75,77.5,3.8567159175872803
2025-05-30,32.0,76.5,10.984143257141113
2025-05-30,32.0,76.75,9.195558547973633
2025-05-30,32.0,77.0,2.043187141418457
2025-05-30,32.0,77.25,2.0105955600738525
2025-05-30,32.0,77.5,3.037447452545166
2025-05-31,31.5,76.5,0.5587002635002136
2025-05-31,31.5,76.75,0.10371339321136475
2025-05-31,31.5,77.0,0.0
2025-05-31,31.5,77.25,0.8769504427909851
2025-05-31,31.5,77.5,0.9166678786277771
2025-05-31,31.75,76.5,0.0
2025-05-31,31.75,76.75,0.0
2025-05-31,31.75,77.0,1.0312031507492065
2025-05-31,31.75,77.25,0.5452247858047485
2025-05-31,31.75,77.5,0.5691410899162292
2025-05-31,32.0,76.5,0.0
2025-05-31,32.0,76.75,0.10639795660972595
2025-05-31,32.0,77.0,0.9158738255500793
2025-05-31,32.0,77.25,0.8374159932136536
2025-05-31,32.0,77.5,0.41879913210868835
2025-06-01,31.5,76.5,0.0
2025-06-01,31.5,76.75,0.0
2025-06-01,31.5,77.0,10.461743354797363
2025-06-01,31.5,77.25,2.7276692390441895
2025-06-01,31.5,77.5,0.8772570490837097
2025-06-01,31.75,76.5,4.4647955894470215
2025-06-01,31.75,76.75,0.667016863822937
2025-06-01,31.75,77.0,0.30555424094200134
2025-06-01,31.75,77.25,0.9562141299247742
2025-06-01,31.75,77.5,0.27075713872909546
2025-06-01,32.0,76.5,0.8965119123458862
2025-06-01,32.0,76.75,0.0
2025-06-01,32.0,77.0,0.22505752742290497
2025-06-01,32.0,77.25,0.0
2025-06-01,32.0,77.5,0.0
2025-06-02,31.5,76.5,0.0
2025-06-02,31.5,76.75,0.8539752960205078
2025-06-02,31.5,77.0,2.241802453994751
2025-06-02,31.5,77.25,2.4080042839050293
2025-06-02,31.5,77.5,0.0
2025-06-02,31.75,76.5,0.0
2025-06-02,31.75,76.75,1.2347450256347656
2025-06-02,31.75,77.0,1.2310763597488403
2025-06-02,31.75,77.25,2.796210765838623
2025-06-02,31.75,77.5,1.1125142574310303
2025-06-02,32.0,76.5,0.18425023555755615
2025-06-02,32.0,76.75,0.44964519143104553
2025-06-02,32.0,77.0,2.1465938091278076
2025-06-02,32.0,77.25,2.7134170532226562
2025-06-02,32.0,77.5,1.8693878650665283
2025-06-03,31.5,76.5,8.848461151123047
2025-06-03,31.5,76.75,5.724403381347656
2025-06-03,31.5,77.0,19.4398250579834
2025-06-03,31.5,77.25,11.029760360717773
2025-06-03,31.5,77.5,0.8268550634384155
2025-06-03,31.75,76.5,2.8291218280792236
2025-06-03,31.75,76.75,9.77637004852295
2025-06-03,31.75,77.0,3.410816192626953
2025-06-03,31.75,77.25,4.766441822052002
2025-06-03,31.75,77.5,1.557519793510437
2025-06-03,32.0,76.5,0.6999881863594055
2025-06-03,32.0,76.75,3.2822580337524414
2025-06-03,32.0,77.0,1.9086326360702515
2025-06-03,32.0,77.25,3.204364061355591
2025-06-03,32.0,77.5,3.232750415802002
2025-06-04,31.5,76.5,18.650232315063477
2025-06-04,31.5,76.75,7.749083042144775
2025-06-04,31.5,77.0,44.594032287597656
2025-06-04,31.5,77.25,16.126020431518555
2025-06-04,31.5,77.5,17.788246154785156
2025-06-04,31.75,76.5,1.15358304977417
2025-06-04,31.75,76.75,11.0127534866333
2025-06-04,31.75,77.0,10.2958402633667
2025-06-04,31.75,77.25,8.405055046081543
2025-06-04,31.75,77.5,13.189011573791504
2025-06-04,32.0,76.5,2.676046371459961
2025-06-04,32.0,76.75,6.800284385681152
2025-06-04,32.0,77.0,7.7799763679504395
2025-06-04,32.0,77.25,7.0740885734558105
2025-06-04,32.0,77.5,6.470026969909668
2025-06-05,31.5,76.5,4.694925785064697
2025-06-05,31.5,76.75,1.907444953918457
2025-06-05,31.5,77.0,7.402717590332031
2025-06-05,31.5,77.25,1.4282464981079102
2025-06-05,31.5,77.5,1.8019013404846191
2025-06-05,31.75,76.5,0.1093444898724556
2025-06-05,31.75,76.75,2.229489326477051
2025-06-05,31.75,77.0,2.182262659072876
2025-06-05,31.75,77.25,0.48312103748321533
2025-06-05,31.75,77.5,0.715618908405304
2025-06-05,32.0,76.5,2.1087117195129395
2025-06-05,32.0,76.75,1.6790170669555664
2025-06-05,32.0,77.0,0.7835599184036255
2025-06-05,32.0,77.25,0.20782001316547394
2025-06-05,32.0,77.5,0.0
2025-06-06,31.5,76.5,0.0
2025-06-06,31.5,76.75,0.0
2025-06-06,31.5,77.0,0.0
2025-06-06,31.5,77.25,0.0
2025-06-06,31.5,77.5,0.0
2025-06-06,31.75,76.5,0.0
2025-06-06,31.75,76.75,0.0
2025-06-06,31.75,77.0,0.0
2025-06-06,31.75,77.25,0.0
2025-06-06,31.75,77.5,0.0
2025-06-06,32.0,76.5,0.6788256764411926
2025-06-06,32.0,76.75,0.9505702257156372
2025-06-06,32.0,77.0,0.0
2025-06-06,32.0,77.25,0.0
2025-06-06,32.0,77.5,0.0
2025-06-07,31.5,76.5,0.0
2025-06-07,31.5,76.75,0.0
2025-06-07,31.5,77.0,0.0
2025-06-07,31.5,77.25,0.0
2025-06-07,31.5,77.5,0.0
2025-06-07,31.75,76.5,0.0
2025-06-07,31.75,76.75,0.0
2025-06-07,31.75,77.0,0.0
2025-06-07,31.75,77.25,0.0
2025-06-07,31.75,77.5,0.0
2025-06-07,32.0,76.5,0.0
2025-06-07,32.0,76.75,0.0
2025-06-07,32.0,77.0,0.0
2025-06-07,32.0,77.25,0.0
2025-06-07,32.0,77.5,0.0
2025-06-08,31.5,76.5,0.0
2025-06-08,31.5,76.75,0.0
2025-06-08,31.5,77.0,0.0
2025-06-08,31.5,77.25,0.0
2025-06-08,31.5,77.5,0.0
2025-06-08,31.75,76.5,0.0
2025-06-08,31.75,76.75,0.0
2025-06-08,31.75,77.0,0.0
2025-06-08,31.75,77.25,0.0
2025-06-08,31.75,77.5,0.0
2025-06-08,32.0,76.5,0.0
2025-06-08,32.0,76.75,0.0
2025-06-08,32.0,77.0,0.0
2025-06-08,32.0,77.25,0.0
2025-06-08,32.0,77.5,0.0
2025-06-09,31.5,76.5,0.0
2025-06-09,31.5,76.75,0.0
2025-06-09,31.5,77.0,0.0
2025-06-09,31.5,77.25,0.0
2025-06-09,31.5,77.5,0.0
2025-06-09,31.75,76.5,0.0
2025-06-09,31.75,76.75,0.0
2025-06-09,31.75,77.0,0.0
2025-06-09,31.75,77.25,0.0
2025-06-09,31.75,77.5,0.0
2025-06-09,32.0,76.5,0.0
2025-06-09,32.0,76.75,0.0
2025-06-09,32.0,77.0,0.0
2025-06-09,32.0,77.25,0.0
2025-06-09,32.0,77.5,0.0
2025-06-10,31.5,76.5,0.0
2025-06-10,31.5,76.75,0.0
2025-06-10,31.5,77.0,0.0
2025-06-10,31.5,77.25,0.0
2025-06-10,31.5,77.5,0.0
2025-06-10,31.75,76.5,0.0
2025-06-10,31.75,76.75,0.0
2025-06-10,31.75,77.0,0.0
2025-06-10,31.75,77.25,0.0
2025-06-10,31.75,77.5,0.0
2025-06-10,32.0,76.5,0.0
2025-06-10,32.0,76.75,0.0
2025-06-10,32.0,77.0,0.0
2025-06-10,32.0,77.25,0.0
2025-06-10,32.0,77.5,0.0
2025-06-11,31.5,76.5,0.0
2025-06-11,31.5,76.75,0.0
2025-06-11,31.5,77.0,0.0
2025-06-11,31.5,77.25,0.0
2025-06-11,31.5,77.5,0.0
2025-06-11,31.75,76.5,0.0
2025-06-11,31.75,76.75,0.0
2025-06-11,31.75,77.0,0.0
2025-06-11,31.75,77.25,0.0
2025-06-11,31.75,77.5,0.0
2025-06-11,32.0,76.5,0.0
2025-06-11,32.0,76.75,0.0
2025-06-11,32.0,77.0,0.0
2025-06-11,32.0,77.25,0.0
2025-06-11,32.0,77.5,0.0
2025-06-12,31.5,76.5,0.0
2025-06-12,31.5,76.75,0.0
2025-06-12,31.5,77.0,0.0
2025-06-12,31.5,77.25,0.0
2025-06-12,31.5,77.5,0.0
2025-06-12,31.75,76.5,0.0
2025-06-12,31.75,76.75,0.0
2025-06-12,31.75,77.0,0.0
2025-06-12,31.75,77.25,0.0
2025-06-12,31.75,77.5,0.0
2025-06-12,32.0,76.5,0.0
2025-06-12,32.0,76.75,0.0
2025-06-12,32.0,77.0,0.0
2025-06-12,32.0,77.25,0.0
2025-06-12,32.0,77.5,0.0
2025-06-13,31.5,76.5,0.0
2025-06-13,31.5,76.75,0.0
2025-06-13,31.5,77.0,0.7909845113754272
2025-06-13,31.5,77.25,3.086784839630127
2025-06-13,31.5,77.5,2.7123401165008545
2025-06-13,31.75,76.5,0.0
2025-06-13,31.75,76.75,1.157739520072937
2025-06-13,31.75,77.0,0.8868317604064941
2025-06-13,31.75,77.25,0.33995234966278076
2025-06-13,31.75,77.5,0.676892876625061
2025-06-13,32.0,76.5,0.0
2025-06-13,32.0,76.75,0.0
2025-06-13,32.0,77.0,0.8750264048576355
2025-06-13,32.0,77.25,0.7780866026878357
2025-06-13,32.0,77.5,0.0
2025-06-14,31.5,76.5,7.064554691314697
2025-06-14,31.5,76.75,1.8142855167388916
2025-06-14,31.5,77.0,0.29742905497550964
2025-06-14,31.5,77.25,0.0
2025-06-14,31.5,77.5,0.0
2025-06-14,31.75,76.5,3.460768461227417
2025-06-14,31.75,76.75,5.805942058563232
2025-06-14,31.75,77.0,0.4676821529865265
2025-06-14,31.75,77.25,0.0
2025-06-14,31.75,77.5,0.7686073184013367
2025-06-14,32.0,76.5,10.983047485351562
2025-06-14,32.0,76.75,6.594463348388672
2025-06-14,32.0,77.0,1.5553867816925049
2025-06-14,32.0,77.25,1.132809042930603
2025-06-14,32.0,77.5,0.0
2025-06-15,31.5,76.5,0.0
2025-06-15,31.5,76.75,0.0
2025-06-15,31.5,77.0,0.0
2025-06-15,31.5,77.25,0.0
2025-06-15,31.5,77.5,0.0
2025-06-15,31.75,76.5,0.0
2025-06-15,31.75,76.75,0.0
2025-06-15,31.75,77.0,0.0
2025-06-15,31.75,77.25,0.0
2025-06-15,31.75,77.5,0.0
2025-06-15,32.0,76.5,0.0
2025-06-15,32.0,76.75,0.0
2025-06-15,32.0,77.0,0.0
2025-06-15,32.0,77.25,0.0
2025-06-15,32.0,77.5,0.0
2025-06-16,31.5,76.5,0.0
2025-06-16,31.5,76.75,0.4066549241542816
2025-06-16,31.5,77.0,16.492877960205078
2025-06-16,31.5,77.25,6.047120571136475
2025-06-16,31.5,77.5,0.8946162462234497
2025-06-16,31.75,76.5,6.219208717346191
2025-06-16,31.75,76.75,3.270329713821411
2025-06-16,31.75,77.0,0.24331305921077728
2025-06-16,31.75,77.25,4.6701459884643555
2025-06-16,31.75,77.5,2.818596601486206
2025-06-16,32.0,76.5,6.838764667510986
2025-06-16,32.0,76.75,2.874737501144409
2025-06-16,32.0,77.0,1.4040254354476929
2025-06-16,32.0,77.25,2.053410053253174
2025-06-16,32.0,77.5,2.2538912296295166
2025-06-17,31.5,76.5,19.829124450683594
2025-06-17,31.5,76.75,35.27581024169922
2025-06-17,31.5,77.0,24.429630279541016
2025-06-17,31.5,77.25,17.22413444519043
2025-06-17,31.5,77.5,8.913376808166504
2025-06-17,31.75,76.5,13.13698673248291
2025-06-17,31.75,76.75,9.944517135620117
2025-06-17,31.75,77.0,20.76905059814453
2025-06-17,31.75,77.25,20.097335815429688
2025-06-17,31.75,77.5,16.70702362060547
2025-06-17,32.0,76.5,9.877188682556152
2025-06-17,32.0,76.75,9.78083610534668
2025-06-17,32.0,77.0,24.288515090942383
2025-06-17,32.0,77.25,24.497974395751953
2025-06-17,32.0,77.5,17.33253288269043
2025-06-18,31.5,76.5,2.9972007274627686
2025-06-18,31.5,76.75,26.53008460998535
2025-06-18,31.5,77.0,23.345584869384766
2025-06-18,31.5,77.25,18.806859970092773
2025-06-18,31.5,77.5,13.207125663757324
2025-06-18,31.75,76.5,2.453075885772705
2025-06-18,31.75,76.75,21.521642684936523
2025-06-18,31.75,77.0,28.50704002380371
2025-06-18,31.75,77.25,21.891225814819336
2025-06-18,31.75,77.5,16.693145751953125
2025-06-18,32.0,76.5,12.987797737121582
2025-06-18,32.0,76.75,18.899986267089844
2025-06-18,32.0,77.0,24.13676643371582
2025-06-18,32.0,77.25,19.970211029052734
2025-06-18,32.0,77.5,15.390520095825195
2025-06-19,31.5,76.5,0.0
2025-06-19,31.5,76.75,2.670912265777588
2025-06-19,31.5,77.0,0.0
2025-06-19,31.5,77.25,1.898971676826477
2025-06-19,31.5,77.5,0.14721673727035522
2025-06-19,31.75,76.5,0.0
2025-06-19,31.75,76.75,0.32473206520080566
2025-06-19,31.75,77.0,0.30555424094200134
2025-06-19,31.75,77.25,1.2508368492126465
2025-06-19,31.75,77.5,0.9612782001495361
2025-06-19,32.0,76.5,0.0
2025-06-19,32.0,76.75,0.0
2025-06-19,32.0,77.0,0.19588997960090637
2025-06-19,32.0,77.25,0.0
2025-06-19,32.0,77.5,0.45801493525505066
2025-06-20,31.5,76.5,0.0
2025-06-20,31.5,76.75,0.1913646161556244
2025-06-20,31.5,77.0,2.3996410369873047
2025-06-20,31.5,77.25,0.9810434579849243
2025-06-20,31.5,77.5,16.074119567871094
2025-06-20,31.75,76.5,0.0
2025-06-20,31.75,76.75,11.712295532226562
2025-06-20,31.75,77.0,5.75347375869751
2025-06-20,31.75,77.25,0.0
2025-06-20,31.75,77.5,9.541308403015137
2025-06-20,32.0,76.5,4.07871675491333
2025-06-20,32.0,76.75,10.47292423248291
2025-06-20,32.0,77.0,0.0
2025-06-20,32.0,77.25,0.0
2025-06-20,32.0,77.5,2.0315091609954834
2025-06-21,31.5,76.5,12.840232849121094
2025-06-21,31.5,76.75,0.5376923680305481
2025-06-21,31.5,77.0,0.45867079496383667
2025-06-21,31.5,77.25,0.0
2025-06-21,31.5,77.5,0.0
2025-06-21,31.75,76.5,13.042231559753418
2025-06-21,31.75,76.75,4.323066711425781
2025-06-21,31.75,77.0,1.4594095945358276
2025-06-21,31.75,77.25,0.0
2025-06-21,31.75,77.5,0.0
2025-06-21,32.0,76.5,30.59774398803711
2025-06-21,32.0,76.75,33.68800735473633
2025-06-21,32.0,77.0,0.16743133962154388
2025-06-21,32.0,77.25,0.13497890532016754
2025-06-21,32.0,77.5,0.0
2025-06-22,31.5,76.5,0.41121700406074524
2025-06-22,31.5,76.75,0.3611105978488922
2025-06-22,31.5,77.0,3.7238657474517822
2025-06-22,31.5,77.25,0.5714694261550903
2025-06-22,31.5,77.5,0.0
2025-06-22,31.75,76.5,2.90048885345459
2025-06-22,31.75,76.75,7.764947414398193
2025-06-22,31.75,77.0,0.9708888530731201
2025-06-22,31.75,77.25,0.19325792789459229
2025-06-22,31.75,77.5,0.0
2025-06-22,32.0,76.5,0.9137758612632751
2025-06-22,32.0,76.75,3.6251118183135986
2025-06-22,32.0,77.0,0.0
2025-06-22,32.0,77.25,0.0
2025-06-22,32.0,77.5,0.0
2025-06-23,31.5,76.5,0.0
2025-06-23,31.5,76.75,10.78576946258545
2025-06-23,31.5,77.0,4.001643657684326
2025-06-23,31.5,77.25,2.352792263031006
2025-06-23,31.5,77.5,0.0
2025-06-23,31.75,76.5,4.509244441986084
2025-06-23,31.75,76.75,12.097931861877441
2025-06-23,31.75,77.0,2.10754656791687
2025-06-23,31.75,77.25,1.5185896158218384
2025-06-23,31.75,77.5,1.0710793733596802
2025-06-23,32.0,76.5,18.283416748046875
2025-06-23,32.0,76.75,14.17298412322998
2025-06-23,32.0,77.0,1.408571720123291
2025-06-23,32.0,77.25,1.121829628944397
2025-06-23,32.0,77.5,0.37243905663490295
2025-06-24,31.5,76.5,18.82576560974121
2025-06-24,31.5,76.75,0.0
2025-06-24,31.5,77.0,1.7818659543991089
2025-06-24,31.5,77.25,0.0
2025-06-24,31.5,77.5,0.9111762046813965
2025-06-24,31.75,76.5,27.422340393066406
2025-06-24,31.75,76.75,26.159381866455078
2025-06-24,31.75,77.0,2.7599236965179443
2025-06-24,31.75,77.25,0.0
2025-06-24,31.75,77.5,1.1749200820922852
2025-06-24,32.0,76.5,1.9989763498306274
2025-06-24,32.0,76.75,7.917448043823242
2025-06-24,32.0,77.0,0.0
2025-06-24,32.0,77.25,0.0
2025-06-24,32.0,77.5,1.0535929203033447
2025-06-25,31.5,76.5,2.6316349506378174
2025-06-25,31.5,76.75,2.7078990936279297
2025-06-25,31.5,77.0,12.657118797302246
2025-06-25,31.5,77.25,2.198209047317505
2025-06-25,31.5,77.5,0.0
2025-06-25,31.75,76.5,9.3280668258667
2025-06-25,31.75,76.75,11.210563659667969
2025-06-25,31.75,77.0,4.485055923461914
2025-06-25,31.75,77.25,2.9575703144073486
2025-06-25,31.75,77.5,0.44500571489334106
2025-06-25,32.0,76.5,87.64161682128906
2025-06-25,32.0,76.75,78.38701629638672
2025-06-25,32.0,77.0,5.6236701011657715
2025-06-25,32.0,77.25,10.594186782836914
2025-06-25,32.0,77.5,5.845363140106201
2025-06-26,31.5,76.5,1.4897404909133911
2025-06-26,31.5,76.75,0.0
2025-06-26,31.5,77.0,16.361581802368164
2025-06-26,31.5,77.25,60.578895568847656
2025-06-26,31.5,77.5,27.31302261352539
2025-06-26,31.75,76.5,12.21485424041748
2025-06-26,31.75,76.75,4.298640251159668
2025-06-26,31.75,77.0,2.0773630142211914
2025-06-26,31.75,77.25,52.78704833984375
2025-06-26,31.75,77.5,41.965858459472656
2025-06-26,32.0,76.5,31.71275520324707
2025-06-26,32.0,76.75,13.884669303894043
2025-06-26,32.0,77.0,2.897495746612549
2025-06-26,32.0,77.25,5.130321025848389
2025-06-26,32.0,77.5,24.116186141967773
2025-06-27,31.5,76.5,1.099959373474121
2025-06-27,31.5,76.75,1.409711480140686
2025-06-27,31.5,77.0,31.799732208251953
2025-06-27,31.5,77.25,20.973655700683594
2025-06-27,31.5,77.5,11.514843940734863
2025-06-27,31.75,76.5,3.7755532264709473
2025-06-27,31.75,76.75,44.25910186767578
2025-06-27,31.75,77.0,20.697175979614258
2025-06-27,31.75,77.25,23.600543975830078
2025-06-27,31.75,77.5,18.307401657104492
2025-06-27,32.0,76.5,34.47902297973633
2025-06-27,32.0,76.75,48.28070068359375
2025-06-27,32.0,77.0,1.874712347984314
2025-06-27,32.0,77.25,2.610543966293335
2025-06-27,32.0,77.5,9.835533142089844
2025-06-28,31.5,76.5,30.476572036743164
2025-06-28,31.5,76.75,18.23659896850586
2025-06-28,31.5,77.0,8.934568405151367
2025-06-28,31.5,77.25,1.7709211111068726
2025-06-28,31.5,77.5,5.817123889923096
2025-06-28,31.75,76.5,4.7505083084106445
2025-06-28,31.75,76.75,7.2675395011901855
2025-06-28,31.75,77.0,0.45821014046669006
2025-06-28,31.75,77.25,0.7264418601989746
2025-06-28,31.75,77.5,11.296998023986816
2025-06-28,32.0,76.5,9.861885070800781
2025-06-28,32.0,76.75,4.353021621704102
2025-06-28,32.0,77.0,2.095442533493042
2025-06-28,32.0,77.25,1.5157099962234497
2025-06-28,32.0,77.5,9.141758918762207
2025-06-29,31.5,76.5,58.77773666381836
2025-06-29,31.5,76.75,45.45375061035156
2025-06-29,31.5,77.0,41.81422424316406
2025-06-29,31.5,77.25,15.95842456817627
2025-06-29,31.5,77.5,11.120065689086914
2025-06-29,31.75,76.5,71.44036865234375
2025-06-29,31.75,76.75,50.3012809753418
2025-06-29,31.75,77.0,16.980724334716797
2025-06-29,31.75,77.25,14.007744789123535
2025-06-29,31.75,77.5,18.39012908935547
2025-06-29,32.0,76.5,52.22806930541992
2025-06-29,32.0,76.75,77.2921142578125
2025-06-29,32.0,77.0,2.6510233879089355
2025-06-29,32.0,77.25,1.7958316802978516
2025-06-29,32.0,77.5,12.163558959960938
2025-06-30,31.5,76.5,47.22574234008789
2025-06-30,31.5,76.75,37.863712310791016
2025-06-30,31.5,77.0,51.885719299316406
2025-06-30,31.5,77.25,47.7467155456543
2025-06-30,31.5,77.5,15.344588279724121
2025-06-30,31.75,76.5,25.462305068969727
2025-06-30,31.75,76.75,110.96479034423828
2025-06-30,31.75,77.0,37.45201873779297
2025-06-30,31.75,77.25,55.38029098510742
2025-06-30,31.75,77.5,35.93223190307617
2025-06-30,32.0,76.5,32.57141876220703
2025-06-30,32.0,76.75,50.05424880981445
2025-06-30,32.0,77.0,25.27801513671875
2025-06-30,32.0,77.25,26.191967010498047
2025-06-30,32.0,77.5,31.809032440185547
2025-07-01,31.5,76.5,35.30601119995117
2025-07-01,31.5,76.75,20.120521545410156
2025-07-01,31.5,77.0,106.89169311523438
2025-07-01,31.5,77.25,66.83902740478516
2025-07-01,31.5,77.5,48.01032638549805
2025-07-01,31.75,76.5,85.2168197631836
2025-07-01,31.75,76.75,200.0253143310547
2025-07-01,31.75,77.0,57.63901901245117
2025-07-01,31.75,77.25,42.95479202270508
2025-07-01,31.75,77.5,44.1440544128418
2025-07-01,32.0,76.5,60.204833984375
2025-07-01,32.0,76.75,79.69235229492188
2025-07-01,32.0,77.0,13.511270523071289
2025-07-01,32.0,77.25,10.85300064086914
2025-07-01,32.0,77.5,20.09893226623535
2025-07-02,31.5,76.5,10.78261661529541
2025-07-02,31.5,76.75,9.271732330322266
2025-07-02,31.5,77.0,6.575079441070557
2025-07-02,31.5,77.25,8.740362167358398
2025-07-02,31.5,77.5,9.353909492492676
2025-07-02,31.75,76.5,6.3825554847717285
2025-07-02,31.75,76.75,29.881376266479492
2025-07-02,31.75,77.0,12.496785163879395
2025-07-02,31.75,77.25,9.130568504333496
2025-07-02,31.75,77.5,14.228507995605469
2025-07-02,32.0,76.5,15.329363822937012
2025-07-02,32.0,76.75,17.235427856445312
2025-07-02,32.0,77.0,7.168915748596191
2025-07-02,32.0,77.25,6.008836269378662
2025-07-02,32.0,77.5,7.871743202209473
2025-07-03,31.5,76.5,5.262299537658691
2025-07-03,31.5,76.75,27.36941909790039
2025-07-03,31.5,77.0,3.3416056632995605
2025-07-03,31.5,77.25,1.0852502584457397
2025-07-03,31.5,77.5,6.813521385192871
2025-07-03,31.75,76.5,7.609610557556152
2025-07-03,31.75,76.75,12.73084831237793
2025-07-03,31.75,77.0,7.413426399230957
2025-07-03,31.75,77.25,4.9646100997924805
2025-07-03,31.75,77.5,10.106719017028809
2025-07-03,32.0,76.5,38.05290222167969
2025-07-03,32.0,76.75,26.719520568847656
2025-07-03,32.0,77.0,12.494074821472168
2025-07-03,32.0,77.25,18.39815330505371
2025-07-03,32.0,77.5,11.160308837890625
2025-07-04,31.5,76.5,11.785425186157227
2025-07-04,31.5,76.75,0.0
2025-07-04,31.5,77.0,7.9531121253967285
2025-07-04,31.5,77.25,1.218047857284546
2025-07-04,31.5,77.5,14.89391040802002
2025-07-04,31.75,76.5,6.443575859069824
2025-07-04,31.75,76.75,14.986126899719238
2025-07-04,31.75,77.0,1.8504135608673096
2025-07-04,31.75,77.25,0.25767725706100464
2025-07-04,31.75,77.5,12.751824378967285
2025-07-04,32.0,76.5,10.293532371520996
2025-07-04,32.0,76.75,10.512568473815918
2025-07-04,32.0,77.0,0.6222409605979919
2025-07-04,32.0,77.25,0.5533060431480408
2025-07-04,32.0,77.5,3.617077112197876
2025-07-05,31.5,76.5,7.598763465881348
2025-07-05,31.5,76.75,0.4606122672557831
2025-07-05,31.5,77.0,0.0
2025-07-05,31.5,77.25,0.0
2025-07-05,31.5,77.5,0.0
2025-07-05,31.75,76.5,1.971872329711914
2025-07-05,31.75,76.75,2.7938268184661865
2025-07-05,31.75,77.0,0.2877142131328583
2025-07-05,31.75,77.25,0.0
2025-07-05,31.75,77.5,0.0
2025-07-05,32.0,76.5,12.322962760925293
2025-07-05,32.0,76.75,25.312938690185547
2025-07-05,32.0,77.0,0.20417281985282898
2025-07-05,32.0,77.25,0.18155354261398315
2025-07-05,32.0,77.5,0.0
2025-07-06,31.5,76.5,29.59568977355957
2025-07-06,31.5,76.75,7.31728458404541
2025-07-06,31.5,77.0,0.22108900547027588
2025-07-06,31.5,77.25,0.0
2025-07-06,31.5,77.5,0.5705384016036987
2025-07-06,31.75,76.5,7.378347396850586
2025-07-06,31.75,76.75,16.62344741821289
2025-07-06,31.75,77.0,2.576488494873047
2025-07-06,31.75,77.25,0.0
2025-07-06,31.75,77.5,0.3771724998950958
2025-07-06,32.0,76.5,8.306050300598145
2025-07-06,32.0,76.75,10.813950538635254
2025-07-06,32.0,77.0,0.630126416683197
2025-07-06,32.0,77.25,0.39637383818626404
2025-07-06,32.0,77.5,0.0
2025-07-07,31.5,76.5,22.727920532226562
2025-07-07,31.5,76.75,32.023765563964844
2025-07-07,31.5,77.0,1.8312067985534668
2025-07-07,31.5,77.25,0.0
2025-07-07,31.5,77.5,0.0
2025-07-07,31.75,76.5,1.6295069456100464
2025-07-07,31.75,76.75,13.937514305114746
2025-07-07,31.75,77.0,3.289346218109131
2025-07-07,31.75,77.25,0.0
2025-07-07,31.75,77.5,0.0
2025-07-07,32.0,76.5,3.1378495693206787
2025-07-07,32.0,76.75,2.7090976238250732
2025-07-07,32.0,77.0,0.0
2025-07-07,32.0,77.25,0.0
2025-07-07,32.0,77.5,0.0
2025-07-08,31.5,76.5,0.0
2025-07-08,31.5,76.75,1.0843994617462158
2025-07-08,31.5,77.0,19.317060470581055
2025-07-08,31.5,77.25,0.0
2025-07-08,31.5,77.5,0.20501463115215302
2025-07-08,31.75,76.5,0.9433987140655518
2025-07-08,31.75,76.75,8.509814262390137
2025-07-08,31.75,77.0,6.439337730407715
2025-07-08,31.75,77.25,0.24282310903072357
2025-07-08,31.75,77.5,0.9561036229133606
2025-07-08,32.0,76.5,44.21131896972656
2025-07-08,32.0,76.75,30.88630485534668
2025-07-08,32.0,77.0,0.0
2025-07-08,32.0,77.25,0.0
2025-07-08,32.0,77.5,0.0
2025-07-09,31.5,76.5,6.089146137237549
2025-07-09,31.5,76.75,12.733774185180664
2025-07-09,31.5,77.0,5.679081439971924
2025-07-09,31.5,77.25,0.5726487040519714
2025-07-09,31.5,77.5,11.808157920837402
2025-07-09,31.75,76.5,0.0
2025-07-09,31.75,76.75,0.9448674917221069
2025-07-09,31.75,77.0,1.304628610610962
2025-07-09,31.75,77.25,0.0
2025-07-09,31.75,77.5,12.500736236572266
2025-07-09,32.0,76.5,4.587419509887695
2025-07-09,32.0,76.75,2.005728006362915
2025-07-09,32.0,77.0,1.1935482025146484
2025-07-09,32.0,77.25,0.8750132322311401
2025-07-09,32.0,77.5,3.8648219108581543
2025-07-10,31.5,76.5,0.9397377371788025
2025-07-10,31.5,76.75,6.751333713531494
2025-07-10,31.5,77.0,9.755451202392578
2025-07-10,31.5,77.25,10.159004211425781
2025-07-10,31.5,77.5,25.721338272094727
2025-07-10,31.75,76.5,8.295506477355957
2025-07-10,31.75,76.75,16.689550399780273
2025-07-10,31.75,77.0,1.630969762802124
2025-07-10,31.75,77.25,12.289117813110352
2025-07-10,31.75,77.5,16.246395111083984
2025-07-10,32.0,76.5,30.296401977539062
2025-07-10,32.0,76.75,21.881690979003906
2025-07-10,32.0,77.0,27.154373168945312
2025-07-10,32.0,77.25,49.32282638549805
2025-07-10,32.0,77.5,26.640647888183594
2025-07-11,31.5,76.5,8.626132011413574
2025-07-11,31.5,76.75,17.10346031188965
2025-07-11,31.5,77.0,13.909405708312988
2025-07-11,31.5,77.25,8.27879524230957
2025-07-11,31.5,77.5,11.861245155334473
2025-07-11,31.75,76.5,1.358604073524475
2025-07-11,31.75,76.75,32.00032043457031
2025-07-11,31.75,77.0,20.57351303100586
2025-07-11,31.75,77.25,10.082486152648926
2025-07-11,31.75,77.5,12.300374031066895
2025-07-11,32.0,76.5,3.7518272399902344
2025-07-11,32.0,76.75,13.336017608642578
2025-07-11,32.0,77.0,14.031315803527832
2025-07-11,32.0,77.25,14.013944625854492
2025-07-11,32.0,77.5,9.666494369506836
2025-07-12,31.5,76.5,25.3796329498291
2025-07-12,31.5,76.75,18.45583152770996
2025-07-12,31.5,77.0,59.83424758911133
2025-07-12,31.5,77.25,13.913139343261719
2025-07-12,31.5,77.5,8.563034057617188
2025-07-12,31.75,76.5,24.51845359802246
2025-07-12,31.75,76.75,51.58574676513672
2025-07-12,31.75,77.0,50.15514373779297
2025-07-12,31.75,77.25,21.32829475402832
2025-07-12,31.75,77.5,15.318146705627441
2025-07-12,32.0,76.5,26.354801177978516
2025-07-12,32.0,76.75,47.101932525634766
2025-07-12,32.0,77.0,36.47388458251953
2025-07-12,32.0,77.25,27.0335636138916
2025-07-12,32.0,77.5,14.978802680969238
2025-07-13,31.5,76.5,0.18203550577163696
2025-07-13,31.5,76.75,1.0595364570617676
2025-07-13,31.5,77.0,1.0519471168518066
2025-07-13,31.5,77.25,1.340076208114624
2025-07-13,31.5,77.5,2.1086690425872803
2025-07-13,31.75,76.5,0.0
2025-07-13,31.75,76.75,1.071250557899475
2025-07-13,31.75,77.0,2.3284497261047363
2025-07-13,31.75,77.25,0.8216214776039124
2025-07-13,31.75,77.5,1.2412300109863281
2025-07-13,32.0,76.5,0.843902587890625
2025-07-13,32.0,76.75,1.79597806930542
2025-07-13,32.0,77.0,2.6867198944091797
2025-07-13,32.0,77.25,2.9047768115997314
2025-07-13,32.0,77.5,1.2517338991165161
2025-07-14,31.5,76.5,1.1468340158462524
2025-07-14,31.5,76.75,0.35948431491851807
2025-07-14,31.5,77.0,0.5084900856018066
2025-07-14,31.5,77.25,18.145126342773438
2025-07-14,31.5,77.5,3.538846254348755
2025-07-14,31.75,76.5,1.2223429679870605
2025-07-14,31.75,76.75,18.97219467163086
2025-07-14,31.75,77.0,18.625892639160156
2025-07-14,31.75,77.25,13.2045259475708
2025-07-14,31.75,77.5,5.693524360656738
2025-07-14,32.0,76.5,3.426677703857422
2025-07-14,32.0,76.75,12.964042663574219
2025-07-14,32.0,77.0,15.590449333190918
2025-07-14,32.0,77.25,11.331920623779297
2025-07-14,32.0,77.5,6.967864036560059
2025-07-15,31.5,76.5,16.3605899810791
2025-07-15,31.5,76.75,5.950202941894531
2025-07-15,31.5,77.0,15.511953353881836
2025-07-15,31.5,77.25,8.584117889404297
2025-07-15,31.5,77.5,3.547586679458618
2025-07-15,31.75,76.5,1.9580117464065552
2025-07-15,31.75,76.75,8.475801467895508
2025-07-15,31.75,77.0,4.259811878204346
2025-07-15,31.75,77.25,3.3560144901275635
2025-07-15,31.75,77.5,2.132201910018921
2025-07-15,32.0,76.5,3.4781556129455566
2025-07-15,32.0,76.75,4.666496276855469
2025-07-15,32.0,77.0,3.6370747089385986
2025-07-15,32.0,77.25,4.4270405769348145
2025-07-15,32.0,77.5,2.6576313972473145
2025-07-16,31.5,76.5,0.3694312274456024
2025-07-16,31.5,76.75,0.0
2025-07-16,31.5,77.0,10.970274925231934
2025-07-16,31.5,77.25,3.2837610244750977
2025-07-16,31.5,77.5,1.8104362487792969
2025-07-16,31.75,76.5,0.0
2025-07-16,31.75,76.75,0.3307827115058899
2025-07-16,31.75,77.0,1.265522837638855
2025-07-16,31.75,77.25,2.802515983581543
2025-07-16,31.75,77.5,1.5125669240951538
2025-07-16,32.0,76.5,5.771244525909424
2025-07-16,32.0,76.75,6.76751708984375
2025-07-16,32.0,77.0,6.95383358001709
2025-07-16,32.0,77.25,9.083683967590332
2025-07-16,32.0,77.5,3.6109888553619385
2025-07-17,31.5,76.5,0.0
2025-07-17,31.5,76.75,0.14263291656970978
2025-07-17,31.5,77.0,4.848138809204102
2025-07-17,31.5,77.25,2.051635265350342
2025-07-17,31.5,77.5,0.0
2025-07-17,31.75,76.5,2.528151512145996
2025-07-17,31.75,76.75,6.90211296081543
2025-07-17,31.75,77.0,5.0650482177734375
2025-07-17,31.75,77.25,5.003726005554199
2025-07-17,31.75,77.5,1.6615195274353027
2025-07-17,32.0,76.5,3.403244972229004
2025-07-17,32.0,76.75,0.5014320015907288
2025-07-17,32.0,77.0,4.727884292602539
2025-07-17,32.0,77.25,7.188201904296875
2025-07-17,32.0,77.5,4.5569658279418945
2025-07-18,31.5,76.5,5.636504173278809
2025-07-18,31.5,76.75,2.214188814163208
2025-07-18,31.5,77.0,8.747114181518555
2025-07-18,31.5,77.25,23.100467681884766
2025-07-18,31.5,77.5,23.722854614257812
2025-07-18,31.75,76.5,2.1199233531951904
2025-07-18,31.75,76.75,5.0235724449157715
2025-07-18,31.75,77.0,2.683515787124634
2025-07-18,31.75,77.25,12.701865196228027
2025-07-18,31.75,77.5,22.46065330505371
2025-07-18,32.0,76.5,21.80979347229004
2025-07-18,32.0,76.75,21.802658081054688
2025-07-18,32.0,77.0,5.131376266479492
2025-07-18,32.0,77.25,5.9001569747924805
2025-07-18,32.0,77.5,12.129414558410645
2025-07-19,31.5,76.5,0.35989904403686523
2025-07-19,31.5,76.75,0.7726443409919739
2025-07-19,31.5,77.0,5.1004109382629395
2025-07-19,31.5,77.25,1.3679084777832031
2025-07-19,31.5,77.5,1.6018788814544678
2025-07-19,31.75,76.5,0.0
2025-07-19,31.75,76.75,0.2480870485305786
2025-07-19,31.75,77.0,1.1066981554031372
2025-07-19,31.75,77.25,0.21664689481258392
2025-07-19,31.75,77.5,0.4512619078159332
2025-07-19,32.0,76.5,0.0
2025-07-19,32.0,76.75,0.2986806035041809
2025-07-19,32.0,77.0,0.9225325584411621
2025-07-19,32.0,77.25,0.42582279443740845
2025-07-19,32.0,77.5,0.0
2025-07-20,31.5,76.5,0.7557747960090637
2025-07-20,31.5,76.75,3.030405044555664
2025-07-20,31.5,77.0,0.0
2025-07-20,31.5,77.25,0.0
2025-07-20,31.5,77.5,0.0
2025-07-20,31.75,76.5,2.588345527648926
2025-07-20,31.75,76.75,1.5056613683700562
2025-07-20,31.75,77.0,0.1296491026878357
2025-07-20,31.75,77.25,0.3317320644855499
2025-07-20,31.75,77.5,0.0
2025-07-20,32.0,76.5,4.6414642333984375
2025-07-20,32.0,76.75,5.744130611419678
2025-07-20,32.0,77.0,0.8315252065658569
2025-07-20,32.0,77.25,1.5999484062194824
2025-07-20,32.0,77.5,0.7882435321807861
2025-07-21,31.5,76.5,69.62232971191406
2025-07-21,31.5,76.75,48.144718170166016
2025-07-21,31.5,77.0,60.213600158691406
2025-07-21,31.5,77.25,69.30348205566406
2025-07-21,31.5,77.5,47.04491424560547
2025-07-21,31.75,76.5,42.521209716796875
2025-07-21,31.75,76.75,97.2112808227539
2025-07-21,31.75,77.0,27.55268096923828
2025-07-21,31.75,77.25,55.659034729003906
2025-07-21,31.75,77.5,51.62279510498047
2025-07-21,32.0,76.5,63.19266891479492
2025-07-21,32.0,76.75,71.8871841430664
2025-07-21,32.0,77.0,9.0403413772583
2025-07-21,32.0,77.25,8.416749000549316
2025-07-21,32.0,77.5,24.38170623779297
2025-07-22,31.5,76.5,58.809417724609375
2025-07-22,31.5,76.75,27.694316864013672
2025-07-22,31.5,77.0,40.95192337036133
2025-07-22,31.5,77.25,14.90482234954834
2025-07-22,31.5,77.5,20.30207061767578
2025-07-22,31.75,76.5,13.094290733337402
2025-07-22,31.75,76.75,20.140403747558594
2025-07-22,31.75,77.0,24.067584991455078
2025-07-22,31.75,77.25,7.108001708984375
2025-07-22,31.75,77.5,15.679354667663574
2025-07-22,32.0,76.5,33.279991149902344
2025-07-22,32.0,76.75,34.645877838134766
2025-07-22,32.0,77.0,16.89673614501953
2025-07-22,32.0,77.25,12.401666641235352
2025-07-22,32.0,77.5,8.264054298400879
2025-07-23,31.5,76.5,20.469654083251953
2025-07-23,31.5,76.75,8.475211143493652
2025-07-23,31.5,77.0,10.65874195098877
2025-07-23,31.5,77.25,6.358367443084717
2025-07-23,31.5,77.5,10.591597557067871
2025-07-23,31.75,76.5,3.1670331954956055
2025-07-23,31.75,76.75,6.318650245666504
2025-07-23,31.75,77.0,15.628124237060547
2025-07-23,31.75,77.25,7.949958801269531
2025-07-23,31.75,77.5,13.023656845092773
2025-07-23,32.0,76.5,13.55927848815918
2025-07-23,32.0,76.75,13.795727729797363
2025-07-23,32.0,77.0,19.66201400756836
2025-07-23,32.0,77.25,18.19734001159668
2025-07-23,32.0,77.5,10.983955383300781
2025-07-24,31.5,76.5,0.27305328845977783
2025-07-24,31.5,76.75,0.758167564868927
2025-07-24,31.5,77.0,0.0
2025-07-24,31.5,77.25,2.174854278564453
2025-07-24,31.5,77.5,2.3341739177703857
2025-07-24,31.75,76.5,1.0624181032180786
2025-07-24,31.75,76.75,0.0
2025-07-24,31.75,77.0,0.15277712047100067
2025-07-24,31.75,77.25,3.1432926654815674
2025-07-24,31.75,77.5,3.088575839996338
2025-07-24,32.0,76.5,3.0449717044830322
2025-07-24,32.0,76.75,0.3094007968902588
2025-07-24,32.0,77.0,6.110201358795166
2025-07-24,32.0,77.25,11.798437118530273
2025-07-24,32.0,77.5,7.078517913818359
2025-07-25,31.5,76.5,0.0
2025-07-25,31.5,76.75,9.353063583374023
2025-07-25,31.5,77.0,1.5819690227508545
2025-07-25,31.5,77.25,0.8176303505897522
2025-07-25,31.5,77.5,0.36476776003837585
2025-07-25,31.75,76.5,0.0
2025-07-25,31.75,76.75,3.001448631286621
2025-07-25,31.75,77.0,1.8210234642028809
2025-07-25,31.75,77.25,0.8336296081542969
2025-07-25,31.75,77.5,0.2643570005893707
2025-07-25,32.0,76.5,0.0
2025-07-25,32.0,76.75,0.16312724351882935
2025-07-25,32.0,77.0,0.3914563059806824
2025-07-25,32.0,77.25,0.7783607244491577
2025-07-25,32.0,77.5,0.48330995440483093
2025-07-26,31.5,76.5,0.0
2025-07-26,31.5,76.75,12.997159004211426
2025-07-26,31.5,77.0,2.569711208343506
2025-07-26,31.5,77.25,0.8589730858802795
2025-07-26,31.5,77.5,7.119813442230225
2025-07-26,31.75,76.5,0.0
2025-07-26,31.75,76.75,20.831541061401367
2025-07-26,31.75,77.0,2.5805511474609375
2025-07-26,31.75,77.25,2.04717755317688
2025-07-26,31.75,77.5,5.229909420013428
2025-07-26,32.0,76.5,6.738540172576904
2025-07-26,32.0,76.75,4.306559085845947
2025-07-26,32.0,77.0,5.099581718444824
2025-07-26,32.0,77.25,8.781729698181152
2025-07-26,32.0,77.5,5.130393981933594
2025-07-27,31.5,76.5,0.5723925232887268
2025-07-27,31.5,76.75,0.47009679675102234
2025-07-27,31.5,77.0,0.22599557042121887
2025-07-27,31.5,77.25,0.22905950248241425
2025-07-27,31.5,77.5,1.329131841659546
2025-07-27,31.75,76.5,0.0
2025-07-27,31.75,76.75,0.3307827115058899
2025-07-27,31.75,77.0,0.40615764260292053
2025-07-27,31.75,77.25,0.12109590321779251
2025-07-27,31.75,77.5,0.5666205286979675
2025-07-27,32.0,76.5,2.531707763671875
2025-07-27,32.0,76.75,3.0583722591400146
2025-07-27,32.0,77.0,0.870212972164154
2025-07-27,32.0,77.25,0.5597506165504456
2025-07-27,32.0,77.5,0.20796442031860352
2025-07-28,31.5,76.5,5.704860210418701
2025-07-28,31.5,76.75,17.514890670776367
2025-07-28,31.5,77.0,9.023126602172852
2025-07-28,31.5,77.25,3.201550245285034
2025-07-28,31.5,77.5,8.855366706848145
2025-07-28,31.75,76.5,16.59075927734375
2025-07-28,31.75,76.75,24.446699142456055
2025-07-28,31.75,77.0,8.984698295593262
2025-07-28,31.75,77.25,3.484706401824951
2025-07-28,31.75,77.5,10.095090866088867
2025-07-28,32.0,76.5,57.0809211730957
2025-07-28,32.0,76.75,34.50028610229492
2025-07-28,32.0,77.0,2.448624610900879
2025-07-28,32.0,77.25,0.6494374871253967
2025-07-28,32.0,77.5,8.864027976989746
2025-07-29,31.5,76.5,53.79726791381836
2025-07-29,31.5,76.75,44.41410827636719
2025-07-29,31.5,77.0,50.726566314697266
2025-07-29,31.5,77.25,24.248422622680664
2025-07-29,31.5,77.5,14.347270011901855
2025-07-29,31.75,76.5,77.55615234375
2025-07-29,31.75,76.75,168.650146484375
2025-07-29,31.75,77.0,45.4058952331543
2025-07-29,31.75,77.25,25.347156524658203
2025-07-29,31.75,77.5,20.729890823364258
2025-07-29,32.0,76.5,70.39623260498047
2025-07-29,32.0,76.75,64.07180786132812
2025-07-29,32.0,77.0,14.109247207641602
2025-07-29,32.0,77.25,8.538191795349121
2025-07-29,32.0,77.5,18.539581298828125
2025-07-30,31.5,76.5,1.8164879083633423
2025-07-30,31.5,76.75,4.9426069259643555
2025-07-30,31.5,77.0,31.529766082763672
2025-07-30,31.5,77.25,1.641115665435791
2025-07-30,31.5,77.5,4.814554214477539
2025-07-30,31.75,76.5,32.968814849853516
2025-07-30,31.75,76.75,15.74015998840332
2025-07-30,31.75,77.0,21.715797424316406
2025-07-30,31.75,77.25,8.9600248336792
2025-07-30,31.75,77.5,7.218297481536865
2025-07-30,32.0,76.5,78.42756652832031
2025-07-30,32.0,76.75,31.15003204345703
2025-07-30,32.0,77.0,19.087202072143555
2025-07-30,32.0,77.25,24.078340530395508
2025-07-30,32.0,77.5,18.774085998535156
2025-07-31,31.5,76.5,0.6327513456344604
2025-07-31,31.5,76.75,22.988510131835938
2025-07-31,31.5,77.0,27.983999252319336
2025-07-31,31.5,77.25,1.77677583694458
2025-07-31,31.5,77.5,10.5828857421875
2025-07-31,31.75,76.5,9.301989555358887
2025-07-31,31.75,76.75,19.356462478637695
2025-07-31,31.75,77.0,14.993846893310547
2025-07-31,31.75,77.25,6.0635600090026855
2025-07-31,31.75,77.5,15.480297088623047
2025-07-31,32.0,76.5,7.22836446762085
2025-07-31,32.0,76.75,12.823363304138184
2025-07-31,32.0,77.0,19.398067474365234
2025-07-31,32.0,77.25,22.18373680114746
2025-07-31,32.0,77.5,13.838605880737305
2025-08-01,31.5,76.5,28.078495025634766
2025-08-01,31.5,76.75,10.823793411254883
2025-08-01,31.5,77.0,6.16630220413208
2025-08-01,31.5,77.25,33.28397750854492
2025-08-01,31.5,77.5,11.337785720825195
2025-08-01,31.75,76.5,20.607471466064453
2025-08-01,31.75,76.75,11.470296859741211
2025-08-01,31.75,77.0,6.065290927886963
2025-08-01,31.75,77.25,39.38985824584961
2025-08-01,31.75,77.5,31.403289794921875
2025-08-01,32.0,76.5,18.06735610961914
2025-08-01,32.0,76.75,14.346169471740723
2025-08-01,32.0,77.0,22.3900089263916
2025-08-01,32.0,77.25,31.79054069519043
2025-08-01,32.0,77.5,28.37307357788086
2025-08-02,31.5,76.5,43.54221725463867
2025-08-02,31.5,76.75,32.06629180908203
2025-08-02,31.5,77.0,23.123611450195312
2025-08-02,31.5,77.25,29.371601104736328
2025-08-02,31.5,77.5,9.795247077941895
2025-08-02,31.75,76.5,34.24397659301758
2025-08-02,31.75,76.75,31.07539939880371
2025-08-02,31.75,77.0,33.43536376953125
2025-08-02,31.75,77.25,26.173664093017578
2025-08-02,31.75,77.5,16.8303279876709
2025-08-02,32.0,76.5,45.39136505126953
2025-08-02,32.0,76.75,39.28728485107422
2025-08-02,32.0,77.0,27.854328155517578
2025-08-02,32.0,77.25,19.796058654785156
2025-08-02,32.0,77.5,12.766229629516602
2025-08-03,31.5,76.5,70.93656921386719
2025-08-03,31.5,76.75,24.35847282409668
2025-08-03,31.5,77.0,3.8386406898498535
2025-08-03,31.5,77.25,2.2871758937835693
2025-08-03,31.5,77.5,2.42364239692688
2025-08-03,31.75,76.5,11.328505516052246
2025-08-03,31.75,76.75,5.020003318786621
2025-08-03,31.75,77.0,7.556807994842529
2025-08-03,31.75,77.25,3.3208563327789307
2025-08-03,31.75,77.5,2.7904350757598877
2025-08-03,32.0,76.5,19.303030014038086
2025-08-03,32.0,76.75,13.828595161437988
2025-08-03,32.0,77.0,8.924067497253418
2025-08-03,32.0,77.25,8.92697811126709
2025-08-03,32.0,77.5,4.488527297973633
2025-08-04,31.5,76.5,12.76318645477295
2025-08-04,31.5,76.75,14.00920581817627
2025-08-04,31.5,77.0,16.620742797851562
2025-08-04,31.5,77.25,3.8806421756744385
2025-08-04,31.5,77.5,6.593277454376221
2025-08-04,31.75,76.5,11.152412414550781
2025-08-04,31.75,76.75,10.018472671508789
2025-08-04,31.75,77.0,4.784064292907715
2025-08-04,31.75,77.25,1.9092439413070679
2025-08-04,31.75,77.5,8.878432273864746
2025-08-04,32.0,76.5,27.921403884887695
2025-08-04,32.0,76.75,30.934185028076172
2025-08-04,32.0,77.0,5.213785171508789
2025-08-04,32.0,77.25,6.161874771118164
2025-08-04,32.0,77.5,4.497608184814453
2025-08-05,31.5,76.5,42.15570068359375
2025-08-05,31.5,76.75,52.96527862548828
2025-08-05,31.5,77.0,44.96614074707031
2025-08-05,31.5,77.25,13.474723815917969
2025-08-05,31.5,77.5,9.885519981384277
2025-08-05,31.75,76.5,12.270380020141602
2025-08-05,31.75,76.75,113.71600341796875
2025-08-05,31.75,77.0,26.28844451904297
2025-08-05,31.75,77.25,8.303262710571289
2025-08-05,31.75,77.5,11.923367500305176
2025-08-05,32.0,76.5,19.471221923828125
2025-08-05,32.0,76.75,34.48114776611328
2025-08-05,32.0,77.0,8.657815933227539
2025-08-05,32.0,77.25,5.405426025390625
2025-08-05,32.0,77.5,7.519560813903809
2025-08-06,31.5,76.5,19.018749237060547
2025-08-06,31.5,76.75,60.10655212402344
2025-08-06,31.5,77.0,64.95699310302734
2025-08-06,31.5,77.25,66.41146087646484
2025-08-06,31.5,77.5,52.96476364135742
2025-08-06,31.75,76.5,8.72474479675293
2025-08-06,31.75,76.75,57.97019958496094
2025-08-06,31.75,77.0,35.50373458862305
2025-08-06,31.75,77.25,49.99205780029297
2025-08-06,31.75,77.5,51.9488639831543
2025-08-06,32.0,76.5,39.093177795410156
2025-08-06,32.0,76.75,44.66991424560547
2025-08-06,32.0,77.0,19.49849510192871
2025-08-06,32.0,77.25,18.227001190185547
2025-08-06,32.0,77.5,26.420351028442383
2025-08-07,31.5,76.5,13.360307693481445
2025-08-07,31.5,76.75,44.26163864135742
2025-08-07,31.5,77.0,4.860236644744873
2025-08-07,31.5,77.25,2.816648244857788
2025-08-07,31.5,77.5,13.08980941772461
2025-08-07,31.75,76.5,1.6140446662902832
2025-08-07,31.75,76.75,3.0797691345214844
2025-08-07,31.75,77.0,3.5342209339141846
2025-08-07,31.75,77.25,1.3279212713241577
2025-08-07,31.75,77.5,10.953737258911133
2025-08-07,32.0,76.5,5.538792133331299
2025-08-07,32.0,76.75,3.253861904144287
2025-08-07,32.0,77.0,2.7145907878875732
2025-08-07,32.0,77.25,1.327481746673584
2025-08-07,32.0,77.5,3.1523985862731934
2025-08-08,31.5,76.5,1.2135815620422363
2025-08-08,31.5,76.75,0.0
2025-08-08,31.5,77.0,0.0
2025-08-08,31.5,77.25,0.0
2025-08-08,31.5,77.5,0.0
2025-08-08,31.75,76.5,2.56634259223938
2025-08-08,31.75,76.75,0.667016863822937
2025-08-08,31.75,77.0,0.0
2025-08-08,31.75,77.25,0.0
2025-08-08,31.75,77.5,0.0
2025-08-08,32.0,76.5,1.68780517578125
2025-08-08,32.0,76.75,2.005728006362915
2025-08-08,32.0,77.0,0.0
2025-08-08,32.0,77.25,0.0
2025-08-08,32.0,77.5,0.0
2025-08-09,31.5,76.5,10.701333045959473
2025-08-09,31.5,76.75,46.609012603759766
2025-08-09,31.5,77.0,33.75748062133789
2025-08-09,31.5,77.25,20.619075775146484
2025-08-09,31.5,77.5,8.279932022094727
2025-08-09,31.75,76.5,9.296279907226562
2025-08-09,31.75,76.75,22.49343490600586
2025-08-09,31.75,77.0,20.340721130371094
2025-08-09,31.75,77.25,10.524819374084473
2025-08-09,31.75,77.5,4.060343265533447
2025-08-09,32.0,76.5,5.198681354522705
2025-08-09,32.0,76.75,5.411410331726074
2025-08-09,32.0,77.0,13.386366844177246
2025-08-09,32.0,77.25,17.566795349121094
2025-08-09,32.0,77.5,8.844266891479492
2025-08-10,31.5,76.5,3.0764307975769043
2025-08-10,31.5,76.75,1.6396468877792358
2025-08-10,31.5,77.0,0.36479684710502625
2025-08-10,31.5,77.25,0.30405908823013306
2025-08-10,31.5,77.5,10.081135749816895
2025-08-10,31.75,76.5,3.760561227798462
2025-08-10,31.75,76.75,6.414239883422852
2025-08-10,31.75,77.0,2.2987730503082275
2025-08-10,31.75,77.25,0.4029494524002075
2025-08-10,31.75,77.5,8.697036743164062
2025-08-10,32.0,76.5,12.571194648742676
2025-08-10,32.0,76.75,2.7234878540039062
2025-08-10,32.0,77.0,0.7829126119613647
2025-08-10,32.0,77.25,1.5567214488983154
2025-08-10,32.0,77.5,3.2656939029693604
2025-08-11,31.5,76.5,2.78482723236084
2025-08-11,31.5,76.75,2.231311559677124
2025-08-11,31.5,77.0,0.47962090373039246
2025-08-11,31.5,77.25,0.0
2025-08-11,31.5,77.5,6.8338212966918945
2025-08-11,31.75,76.5,12.782572746276855
2025-08-11,31.75,76.75,6.740345478057861
2025-08-11,31.75,77.0,0.910322368144989
2025-08-11,31.75,77.25,1.8132725954055786
2025-08-11,31.75,77.5,8.81190013885498
2025-08-11,32.0,76.5,13.80416202545166
2025-08-11,32.0,76.75,5.601881504058838
2025-08-11,32.0,77.0,3.9897875785827637
2025-08-11,32.0,77.25,7.420225620269775
2025-08-11,32.0,77.5,6.520035743713379
2025-08-12,31.5,76.5,45.07329559326172
2025-08-12,31.5,76.75,22.06048011779785
2025-08-12,31.5,77.0,17.571903228759766
2025-08-12,31.5,77.25,9.18067455291748
2025-08-12,31.5,77.5,12.503829002380371
2025-08-12,31.75,76.5,18.108461380004883
2025-08-12,31.75,76.75,35.94416809082031
2025-08-12,31.75,77.0,11.078337669372559
2025-08-12,31.75,77.25,7.934359550476074
2025-08-12,31.75,77.5,14.217106819152832
2025-08-12,32.0,76.5,55.81576919555664
2025-08-12,32.0,76.75,47.002010345458984
2025-08-12,32.0,77.0,6.6387939453125
2025-08-12,32.0,77.25,7.309383392333984
2025-08-12,32.0,77.5,7.659202575683594
2025-08-13,31.5,76.5,0.0
2025-08-13,31.5,76.75,3.2539944648742676
2025-08-13,31.5,77.0,2.502081871032715
2025-08-13,31.5,77.25,1.2243566513061523
2025-08-13,31.5,77.5,3.4493050575256348
2025-08-13,31.75,76.5,4.6670002937316895
2025-08-13,31.75,76.75,0.4545342028141022
2025-08-13,31.75,77.0,0.5029181241989136
2025-08-13,31.75,77.25,1.1964930295944214
2025-08-13,31.75,77.5,5.1476263999938965
2025-08-13,32.0,76.5,3.006829023361206
2025-08-13,32.0,76.75,2.6975486278533936
2025-08-13,32.0,77.0,0.16528277099132538
2025-08-13,32.0,77.25,0.1469719260931015
2025-08-13,32.0,77.5,1.944485068321228
2025-08-14,31.5,76.5,29.93585777282715
2025-08-14,31.5,76.75,41.34151077270508
2025-08-14,31.5,77.0,10.17565631866455
2025-08-14,31.5,77.25,44.593231201171875
2025-08-14,31.5,77.5,12.576329231262207
2025-08-14,31.75,76.5,32.21314239501953
2025-08-14,31.75,76.75,25.2901668548584
2025-08-14,31.75,77.0,9.574857711791992
2025-08-14,31.75,77.25,41.59157943725586
2025-08-14,31.75,77.5,33.11284255981445
2025-08-14,32.0,76.5,14.27765941619873
2025-08-14,32.0,76.75,15.215875625610352
2025-08-14,32.0,77.0,14.126813888549805
2025-08-14,32.0,77.25,19.16701889038086
2025-08-14,32.0,77.5,27.33834457397461
2025-08-15,31.5,76.5,53.637855529785156
2025-08-15,31.5,76.75,29.262371063232422
2025-08-15,31.5,77.0,25.125293731689453
2025-08-15,31.5,77.25,11.289163589477539
2025-08-15,31.5,77.5,27.014244079589844
2025-08-15,31.75,76.5,29.33816909790039
2025-08-15,31.75,76.75,46.308319091796875
2025-08-15,31.75,77.0,28.300304412841797
2025-08-15,31.75,77.25,11.754549026489258
2025-08-15,31.75,77.5,21.38648796081543
2025-08-15,32.0,76.5,89.86871337890625
2025-08-15,32.0,76.75,73.65855407714844
2025-08-15,32.0,77.0,21.326744079589844
2025-08-15,32.0,77.25,17.30636978149414
2025-08-15,32.0,77.5,10.996822357177734
2025-08-16,31.5,76.5,27.76300048828125
2025-08-16,31.5,76.75,6.682772636413574
2025-08-16,31.5,77.0,8.502552032470703
2025-08-16,31.5,77.25,7.386680603027344
2025-08-16,31.5,77.5,7.157435894012451
2025-08-16,31.75,76.5,7.846785068511963
2025-08-16,31.75,76.75,56.02599334716797
2025-08-16,31.75,77.0,18.424863815307617
2025-08-16,31.75,77.25,8.11407470703125
2025-08-16,31.75,77.5,13.887131690979004
2025-08-16,32.0,76.5,42.394344329833984
2025-08-16,32.0,76.75,29.5594539642334
2025-08-16,32.0,77.0,5.463344573974609
2025-08-16,32.0,77.25,3.621526002883911
2025-08-16,32.0,77.5,5.916955471038818
2025-08-17,31.5,76.5,27.971059799194336
2025-08-17,31.5,76.75,1.990571141242981
2025-08-17,31.5,77.0,16.165109634399414
2025-08-17,31.5,77.25,35.41145706176758
2025-08-17,31.5,77.5,13.503877639770508
2025-08-17,31.75,76.5,15.559329986572266
2025-08-17,31.75,76.75,23.353654861450195
2025-08-17,31.75,77.0,54.13591766357422
2025-08-17,31.75,77.25,46.28593826293945
2025-08-17,31.75,77.5,29.844892501831055
2025-08-17,32.0,76.5,71.6301040649414
2025-08-17,32.0,76.75,67.96711730957031
2025-08-17,32.0,77.0,51.29677963256836
2025-08-17,32.0,77.25,47.24253845214844
2025-08-17,32.0,77.5,33.181087493896484
2025-08-18,31.5,76.5,10.591508865356445
2025-08-18,31.5,76.75,5.0782880783081055
2025-08-18,31.5,77.0,5.320182800292969
2025-08-18,31.5,77.25,3.3749799728393555
2025-08-18,31.5,77.5,9.554239273071289
2025-08-18,31.75,76.5,13.276124000549316
2025-08-18,31.75,76.75,3.1630465984344482
2025-08-18,31.75,77.0,20.162633895874023
2025-08-18,31.75,77.25,14.430849075317383
2025-08-18,31.75,77.5,10.83134937286377
2025-08-18,32.0,76.5,42.38010025024414
2025-08-18,32.0,76.75,23.770601272583008
2025-08-18,32.0,77.0,29.94333267211914
2025-08-18,32.0,77.25,38.515411376953125
2025-08-18,32.0,77.5,21.127483367919922
2025-08-19,31.5,76.5,17.38007164001465
2025-08-19,31.5,76.75,2.155271053314209
2025-08-19,31.5,77.0,5.978139400482178
2025-08-19,31.5,77.25,22.147762298583984
2025-08-19,31.5,77.5,3.2621562480926514
2025-08-19,31.75,76.5,1.767216682434082
2025-08-19,31.75,76.75,1.2347450256347656
2025-08-19,31.75,77.0,34.30731964111328
2025-08-19,31.75,77.25,31.197919845581055
2025-08-19,31.75,77.5,15.032814979553223
2025-08-19,32.0,76.5,8.984227180480957
2025-08-19,32.0,76.75,19.744213104248047
2025-08-19,32.0,77.0,36.19078063964844
2025-08-19,32.0,77.25,32.67076110839844
2025-08-19,32.0,77.5,20.916770935058594
2025-08-20,31.5,76.5,5.75451135635376
2025-08-20,31.5,76.75,0.2033274620771408
2025-08-20,31.5,77.0,0.6964303255081177
2025-08-20,31.5,77.25,1.856805443763733
2025-08-20,31.5,77.5,0.3410102427005768
2025-08-20,31.75,76.5,9.597336769104004
2025-08-20,31.75,76.75,17.877365112304688
2025-08-20,31.75,77.0,11.574888229370117
2025-08-20,31.75,77.25,4.803575038909912
2025-08-20,31.75,77.5,2.5642993450164795
2025-08-20,32.0,76.5,34.60621643066406
2025-08-20,32.0,76.75,25.338680267333984
2025-08-20,32.0,77.0,8.669842720031738
2025-08-20,32.0,77.25,8.823150634765625
2025-08-20,32.0,77.5,4.234118461608887
2025-08-21,31.5,76.5,5.6292524337768555
2025-08-21,31.5,76.75,15.867956161499023
2025-08-21,31.5,77.0,0.0
2025-08-21,31.5,77.25,3.0211021900177
2025-08-21,31.5,77.5,0.5142053961753845
2025-08-21,31.75,76.5,3.2280893325805664
2025-08-21,31.75,76.75,3.060398578643799
2025-08-21,31.75,77.0,1.678693413734436
2025-08-21,31.75,77.25,0.6474964022636414
2025-08-21,31.75,77.5,0.0
2025-08-21,32.0,76.5,10.071004867553711
2025-08-21,32.0,76.75,6.355278968811035
2025-08-21,32.0,77.0,1.720582365989685
2025-08-21,32.0,77.25,1.8293386697769165
2025-08-21,32.0,77.5,0.7882435321807861
2025-08-22,31.5,76.5,0.0
2025-08-22,31.5,76.75,8.448153495788574
2025-08-22,31.5,77.0,0.0
2025-08-22,31.5,77.25,0.0
2025-08-22,31.5,77.5,0.0
2025-08-22,31.75,76.5,0.0
2025-08-22,31.75,76.75,0.6404705047607422
2025-08-22,31.75,77.0,0.0
2025-08-22,31.75,77.25,0.0
2025-08-22,31.75,77.5,0.0
2025-08-22,32.0,76.5,0.0
2025-08-22,32.0,76.75,0.0
2025-08-22,32.0,77.0,1.2637112140655518
2025-08-22,32.0,77.25,0.8734468817710876
2025-08-22,32.0,77.5,0.0
2025-08-23,31.5,76.5,1.8886829614639282
2025-08-23,31.5,76.75,3.0069580078125
2025-08-23,31.5,77.0,0.30390849709510803
2025-08-23,31.5,77.25,1.2243566513061523
2025-08-23,31.5,77.5,0.0
2025-08-23,31.75,76.5,0.30069735646247864
2025-08-23,31.75,76.75,0.2140742540359497
2025-08-23,31.75,77.0,0.3736659586429596
2025-08-23,31.75,77.25,1.1964930295944214
2025-08-23,31.75,77.5,0.7416761517524719
2025-08-23,32.0,76.5,21.493181228637695
2025-08-23,32.0,76.75,22.56443977355957
2025-08-23,32.0,77.0,0.0
2025-08-23,32.0,77.25,0.0
2025-08-23,32.0,77.5,0.45801493525505066
2025-08-24,31.5,76.5,7.748165607452393
2025-08-24,31.5,76.75,8.317144393920898
2025-08-24,31.5,77.0,31.262027740478516
2025-08-24,31.5,77.25,16.4600772857666
2025-08-24,31.5,77.5,12.811933517456055
2025-08-24,31.75,76.5,77.54088592529297
2025-08-24,31.75,76.75,75.74805450439453
2025-08-24,31.75,77.0,33.4947624206543
2025-08-24,31.75,77.25,12.523528099060059
2025-08-24,31.75,77.5,16.46146011352539
2025-08-24,32.0,76.5,71.04655456542969
2025-08-24,32.0,76.75,53.465423583984375
2025-08-24,32.0,77.0,11.993446350097656
2025-08-24,32.0,77.25,6.590911865234375
2025-08-24,32.0,77.5,7.361409664154053
2025-08-25,31.5,76.5,118.79386138916016
2025-08-25,31.5,76.75,73.8614273071289
2025-08-25,31.5,77.0,28.412160873413086
2025-08-25,31.5,77.25,38.06490707397461
2025-08-25,31.5,77.5,25.944854736328125
2025-08-25,31.75,76.5,60.89883041381836
2025-08-25,31.75,76.75,44.9713134765625
2025-08-25,31.75,77.0,27.472219467163086
2025-08-25,31.75,77.25,38.07516860961914
2025-08-25,31.75,77.5,32.828067779541016
2025-08-25,32.0,76.5,85.5744400024414
2025-08-25,32.0,76.75,53.283103942871094
2025-08-25,32.0,77.0,28.624406814575195
2025-08-25,32.0,77.25,31.004365921020508
2025-08-25,32.0,77.5,27.15218162536621
2025-08-26,31.5,76.5,42.49820327758789
2025-08-26,31.5,76.75,37.6710205078125
2025-08-26,31.5,77.0,43.302406311035156
2025-08-26,31.5,77.25,53.58723831176758
2025-08-26,31.5,77.5,21.608661651611328
2025-08-26,31.75,76.5,38.66096115112305
2025-08-26,31.75,76.75,33.1986083984375
2025-08-26,31.75,77.0,66.43771362304688
2025-08-26,31.75,77.25,60.26102828979492
2025-08-26,31.75,77.5,37.7722282409668
2025-08-26,32.0,76.5,86.93603515625
2025-08-26,32.0,76.75,65.89913940429688
2025-08-26,32.0,77.0,74.58341217041016
2025-08-26,32.0,77.25,69.2791748046875
2025-08-26,32.0,77.5,46.55410385131836
2025-08-27,31.5,76.5,6.318952560424805
2025-08-27,31.5,76.75,2.975719451904297
2025-08-27,31.5,77.0,4.822470664978027
2025-08-27,31.5,77.25,3.972641706466675
2025-08-27,31.5,77.5,0.27015945315361023
2025-08-27,31.75,76.5,12.226144790649414
2025-08-27,31.75,76.75,4.885794639587402
2025-08-27,31.75,77.0,8.750432014465332
2025-08-27,31.75,77.25,8.240909576416016
2025-08-27,31.75,77.5,1.2478147745132446
2025-08-27,32.0,76.5,37.71117401123047
2025-08-27,32.0,76.75,16.366289138793945
2025-08-27,32.0,77.0,19.358417510986328
2025-08-27,32.0,77.25,13.854059219360352
2025-08-27,32.0,77.5,8.950616836547852
2025-08-28,31.5,76.5,36.0252571105957
2025-08-28,31.5,76.75,10.550440788269043
2025-08-28,31.5,77.0,5.492013931274414
2025-08-28,31.5,77.25,5.4509687423706055
2025-08-28,31.5,77.5,18.821882247924805
2025-08-28,31.75,76.5,12.966330528259277
2025-08-28,31.75,76.75,59.144073486328125
2025-08-28,31.75,77.0,25.77307891845703
2025-08-28,31.75,77.25,14.95192813873291
2025-08-28,31.75,77.5,15.153557777404785
2025-08-28,32.0,76.5,2.1097564697265625
2025-08-28,32.0,76.75,13.76399040222168
2025-08-28,32.0,77.0,6.455866813659668
2025-08-28,32.0,77.25,3.8089420795440674
2025-08-28,32.0,77.5,7.897400856018066
2025-08-29,31.5,76.5,22.27836036682129
2025-08-29,31.5,76.75,6.765231132507324
2025-08-29,31.5,77.0,19.929218292236328
2025-08-29,31.5,77.25,12.922700881958008
2025-08-29,31.5,77.5,14.224807739257812
2025-08-29,31.75,76.5,10.293561935424805
2025-08-29,31.75,76.75,11.258362770080566
2025-08-29,31.75,77.0,9.833020210266113
2025-08-29,31.75,77.25,15.661932945251465
2025-08-29,31.75,77.5,19.58942985534668
2025-08-29,32.0,76.5,33.619747161865234
2025-08-29,32.0,76.75,14.426770210266113
2025-08-29,32.0,77.0,11.52800178527832
2025-08-29,32.0,77.25,17.439476013183594
2025-08-29,32.0,77.5,17.453210830688477
2025-08-30,31.5,76.5,3.799750566482544
2025-08-30,31.5,76.75,7.219354152679443
2025-08-30,31.5,77.0,10.729317665100098
2025-08-30,31.5,77.25,50.41256332397461
2025-08-30,31.5,77.5,69.10580444335938
2025-08-30,31.75,76.5,30.746177673339844
2025-08-30,31.75,76.75,7.083619594573975
2025-08-30,31.75,77.0,10.925400733947754
2025-08-30,31.75,77.25,17.922277450561523
2025-08-30,31.75,77.5,51.871097564697266
2025-08-30,32.0,76.5,66.31242370605469
2025-08-30,32.0,76.75,50.94826126098633
2025-08-30,32.0,77.0,13.521035194396973
2025-08-30,32.0,77.25,15.945755004882812
2025-08-30,32.0,77.5,22.574357986450195
2025-08-31,31.5,76.5,12.38310718536377
2025-08-31,31.5,76.75,49.449737548828125
2025-08-31,31.5,77.0,22.233440399169922
2025-08-31,31.5,77.25,32.47258758544922
2025-08-31,31.5,77.5,10.613851547241211
2025-08-31,31.75,76.5,19.917919158935547
2025-08-31,31.75,76.75,18.473512649536133
2025-08-31,31.75,77.0,6.828926086425781
2025-08-31,31.75,77.25,7.885318279266357
2025-08-31,31.75,77.5,15.670360565185547
2025-08-31,32.0,76.5,32.342533111572266
2025-08-31,32.0,76.75,33.406402587890625
2025-08-31,32.0,77.0,7.411296367645264
2025-08-31,32.0,77.25,7.923829078674316
2025-08-31,32.0,77.5,6.297544956207275
2025-09-01,31.5,76.5,70.84996795654297
2025-09-01,31.5,76.75,137.80377197265625
2025-09-01,31.5,77.0,43.782222747802734
2025-09-01,31.5,77.25,56.33973693847656
2025-09-01,31.5,77.5,47.10396957397461
2025-09-01,31.75,76.5,23.53274154663086
2025-09-01,31.75,76.75,34.735774993896484
2025-09-01,31.75,77.0,24.382369995117188
2025-09-01,31.75,77.25,43.22064208984375
2025-09-01,31.75,77.5,48.91852951049805
2025-09-01,32.0,76.5,23.42666244506836
2025-09-01,32.0,76.75,23.55004119873047
2025-09-01,32.0,77.0,23.276525497436523
2025-09-01,32.0,77.25,23.21808624267578
2025-09-01,32.0,77.5,28.502477645874023
2025-09-02,31.5,76.5,34.066802978515625
2025-09-02,31.5,76.75,39.00896453857422
2025-09-02,31.5,77.0,38.314430236816406
2025-09-02,31.5,77.25,37.990299224853516
2025-09-02,31.5,77.5,26.14922332763672
2025-09-02,31.75,76.5,25.116167068481445
2025-09-02,31.75,76.75,35.87936019897461
2025-09-02,31.75,77.0,45.831199645996094
2025-09-02,31.75,77.25,41.58198165893555
2025-09-02,31.75,77.5,34.49513244628906
2025-09-02,32.0,76.5,26.121795654296875
2025-09-02,32.0,76.75,35.60631561279297
2025-09-02,32.0,77.0,43.67386245727539
2025-09-02,32.0,77.25,39.95600128173828
2025-09-02,32.0,77.5,32.913143157958984
2025-09-03,31.5,76.5,28.75016975402832
2025-09-03,31.5,76.75,19.7016544342041
2025-09-03,31.5,77.0,19.20364761352539
2025-09-03,31.5,77.25,38.16891098022461
2025-09-03,31.5,77.5,23.806142807006836
2025-09-03,31.75,76.5,33.97864532470703
2025-09-03,31.75,76.75,19.943145751953125
2025-09-03,31.75,77.0,26.675722122192383
2025-09-03,31.75,77.25,31.466644287109375
2025-09-03,31.75,77.5,31.466102600097656
2025-09-03,32.0,76.5,57.461463928222656
2025-09-03,32.0,76.75,36.53382110595703
2025-09-03,32.0,77.0,32.39234924316406
2025-09-03,32.0,77.25,29.908605575561523
2025-09-03,32.0,77.5,24.0611515045166
2025-09-04,31.5,76.5,16.23020362854004
2025-09-04,31.5,76.75,14.56706428527832
2025-09-04,31.5,77.0,41.27008819580078
2025-09-04,31.5,77.25,34.77406311035156
2025-09-04,31.5,77.5,32.02768325805664
2025-09-04,31.75,76.5,4.970190048217773
2025-09-04,31.75,76.75,22.84648323059082
2025-09-04,31.75,77.0,48.05027389526367
2025-09-04,31.75,77.25,42.1036262512207
2025-09-04,31.75,77.5,36.993621826171875
2025-09-04,32.0,76.5,6.251501560211182
2025-09-04,32.0,76.75,23.997386932373047
2025-09-04,32.0,77.0,49.817420959472656
2025-09-04,32.0,77.25,48.45836639404297
2025-09-04,32.0,77.5,30.106056213378906
2025-09-05,31.5,76.5,2.62140154838562
2025-09-05,31.5,76.75,4.00527811050415
2025-09-05,31.5,77.0,8.83830738067627
2025-09-05,31.5,77.25,23.144115447998047
2025-09-05,31.5,77.5,11.092904090881348
2025-09-05,31.75,76.5,11.085750579833984
2025-09-05,31.75,76.75,7.6765971183776855
2025-09-05,31.75,77.0,14.449821472167969
2025-09-05,31.75,77.25,20.522464752197266
2025-09-05,31.75,77.5,12.799662590026855
2025-09-05,32.0,76.5,8.736930847167969
2025-09-05,32.0,76.75,11.334257125854492
2025-09-05,32.0,77.0,14.365541458129883
2025-09-05,32.0,77.25,15.292375564575195
2025-09-05,32.0,77.5,9.833983421325684
2025-09-06,31.5,76.5,25.84624481201172
2025-09-06,31.5,76.75,2.8198201656341553
2025-09-06,31.5,77.0,0.0
2025-09-06,31.5,77.25,2.2990097999572754
2025-09-06,31.5,77.5,8.383296012878418
2025-09-06,31.75,76.5,12.722107887268066
2025-09-06,31.75,76.75,0.3131922483444214
2025-09-06,31.75,77.0,0.7377987504005432
2025-09-06,31.75,77.25,1.5186179876327515
2025-09-06,31.75,77.5,7.744431972503662
2025-09-06,32.0,76.5,0.0
2025-09-06,32.0,76.75,0.1991204023361206
2025-09-06,32.0,77.0,2.638465404510498
2025-09-06,32.0,77.25,3.759474992752075
2025-09-06,32.0,77.5,5.760632038116455
2025-09-07,31.5,76.5,2.537647008895874
2025-09-07,31.5,76.75,6.0026044845581055
2025-09-07,31.5,77.0,0.0
2025-09-07,31.5,77.25,2.575974702835083
2025-09-07,31.5,77.5,9.69359016418457
2025-09-07,31.75,76.5,10.328352928161621
2025-09-07,31.75,76.75,7.714446067810059
2025-09-07,31.75,77.0,5.456540584564209
2025-09-07,31.75,77.25,2.816115617752075
2025-09-07,31.75,77.5,5.1197428703308105
2025-09-07,32.0,76.5,2.2947137355804443
2025-09-07,32.0,76.75,4.458108901977539
2025-09-07,32.0,77.0,10.207029342651367
2025-09-07,32.0,77.25,11.459794998168945
2025-09-07,32.0,77.5,2.2364280223846436
2025-09-08,31.5,76.5,0.0
2025-09-08,31.5,76.75,6.130451679229736
2025-09-08,31.5,77.0,10.695426940917969
2025-09-08,31.5,77.25,4.358417987823486
2025-09-08,31.5,77.5,9.107892990112305
2025-09-08,31.75,76.5,20.248300552368164
2025-09-08,31.75,76.75,32.93999099731445
2025-09-08,31.75,77.0,6.865015983581543
2025-09-08,31.75,77.25,5.1381144523620605
2025-09-08,31.75,77.5,8.561932563781738
2025-09-08,32.0,76.5,0.0
2025-09-08,32.0,76.75,7.235797882080078
2025-09-08,32.0,77.0,6.8772969245910645
2025-09-08,32.0,77.25,10.009261131286621
2025-09-08,32.0,77.5,7.099672794342041
2025-09-09,31.5,76.5,2.6334686279296875
2025-09-09,31.5,76.75,0.2846584618091583
2025-09-09,31.5,77.0,10.5281343460083
2025-09-09,31.5,77.25,2.7482752799987793
2025-09-09,31.5,77.5,5.38555383682251
2025-09-09,31.75,76.5,9.75023365020752
2025-09-09,31.75,76.75,0.0
2025-09-09,31.75,77.0,13.512354850769043
2025-09-09,31.75,77.25,5.148789882659912
2025-09-09,31.75,77.5,8.467840194702148
2025-09-09,32.0,76.5,3.2909116744995117
2025-09-09,32.0,76.75,4.081968307495117
2025-09-09,32.0,77.0,10.897625923156738
2025-09-09,32.0,77.25,7.196441650390625
2025-09-09,32.0,77.5,5.151548862457275
2025-09-10,31.5,76.5,0.0
2025-09-10,31.5,76.75,0.6232742667198181
2025-09-10,31.5,77.0,4.905914783477783
2025-09-10,31.5,77.25,0.0
2025-09-10,31.5,77.5,0.20501463115215302
2025-09-10,31.75,76.5,10.823285102844238
2025-09-10,31.75,76.75,3.5590596199035645
2025-09-10,31.75,77.0,0.7056729197502136
2025-09-10,31.75,77.25,0.0
2025-09-10,31.75,77.5,0.2643570005893707
2025-09-10,32.0,76.5,4.600799560546875
2025-09-10,32.0,76.75,4.696590900421143
2025-09-10,32.0,77.0,0.0
2025-09-10,32.0,77.25,0.0
2025-09-10,32.0,77.5,0.0
2025-09-11,31.5,76.5,45.09296417236328
2025-09-11,31.5,76.75,16.720170974731445
2025-09-11,31.5,77.0,2.521062135696411
2025-09-11,31.5,77.25,0.19048981368541718
2025-09-11,31.5,77.5,0.0
2025-09-11,31.75,76.5,22.505210876464844
2025-09-11,31.75,76.75,23.71988868713379
2025-09-11,31.75,77.0,4.603987693786621
2025-09-11,31.75,77.25,0.0
2025-09-11,31.75,77.5,0.0
2025-09-11,32.0,76.5,13.676738739013672
2025-09-11,32.0,76.75,8.93513298034668
2025-09-11,32.0,77.0,0.0
2025-09-11,32.0,77.25,0.0
2025-09-11,32.0,77.5,0.0
2025-09-12,31.5,76.5,6.5965752601623535
2025-09-12,31.5,76.75,22.32373809814453
2025-09-12,31.5,77.0,0.0
2025-09-12,31.5,77.25,0.0
2025-09-12,31.5,77.5,0.0
2025-09-12,31.75,76.5,13.852027893066406
2025-09-12,31.75,76.75,43.95689392089844
2025-09-12,31.75,77.0,3.053537130355835
2025-09-12,31.75,77.25,0.0
2025-09-12,31.75,77.5,0.0
2025-09-12,32.0,76.5,14.149412155151367
2025-09-12,32.0,76.75,23.966087341308594
2025-09-12,32.0,77.0,0.0
2025-09-12,32.0,77.25,0.0
2025-09-12,32.0,77.5,0.0
2025-09-13,31.5,76.5,104.8140869140625
2025-09-13,31.5,76.75,3.17356014251709
2025-09-13,31.5,77.0,0.0
2025-09-13,31.5,77.25,0.0
2025-09-13,31.5,77.5,0.15945583581924438
2025-09-13,31.75,76.5,44.6049690246582
2025-09-13,31.75,76.75,17.75296401977539
2025-09-13,31.75,77.0,0.644095778465271
2025-09-13,31.75,77.25,0.0
2025-09-13,31.75,77.5,0.20561100542545319
2025-09-13,32.0,76.5,37.97764587402344
2025-09-13,32.0,76.75,25.146440505981445
2025-09-13,32.0,77.0,0.0
2025-09-13,32.0,77.25,0.0
2025-09-13,32.0,77.5,0.0
2025-09-14,31.5,76.5,42.15953063964844
2025-09-14,31.5,76.75,34.677860260009766
2025-09-14,31.5,77.0,25.217506408691406
2025-09-14,31.5,77.25,6.912315845489502
2025-09-14,31.5,77.5,6.355347633361816
2025-09-14,31.75,76.5,37.63261795043945
2025-09-14,31.75,76.75,30.23857879638672
2025-09-14,31.75,77.0,8.850202560424805
2025-09-14,31.75,77.25,2.397254228591919
2025-09-14,31.75,77.5,8.231791496276855
2025-09-14,32.0,76.5,69.23882293701172
2025-09-14,32.0,76.75,45.725093841552734
2025-09-14,32.0,77.0,1.223232626914978
2025-09-14,32.0,77.25,0.4154336154460907
2025-09-14,32.0,77.5,2.985013961791992
2025-09-15,31.5,76.5,13.411442756652832
2025-09-15,31.5,76.75,6.329157829284668
2025-09-15,31.5,77.0,8.527141571044922
2025-09-15,31.5,77.25,2.718832015991211
2025-09-15,31.5,77.5,5.204835891723633
2025-09-15,31.75,76.5,10.047313690185547
2025-09-15,31.75,76.75,26.01689338684082
2025-09-15,31.75,77.0,6.6182661056518555
2025-09-15,31.75,77.25,0.38651585578918457
2025-09-15,31.75,77.5,5.659636497497559
2025-09-15,32.0,76.5,35.7753791809082
2025-09-15,32.0,76.75,33.01620101928711
2025-09-15,32.0,77.0,0.11667019128799438
2025-09-15,32.0,77.25,0.10374488681554794
2025-09-15,32.0,77.5,1.83331298828125
2025-09-16,31.5,76.5,53.859378814697266
2025-09-16,31.5,76.75,41.183807373046875
2025-09-16,31.5,77.0,14.02112865447998
2025-09-16,31.5,77.25,4.252460479736328
2025-09-16,31.5,77.5,7.211252689361572
2025-09-16,31.75,76.5,10.195714950561523
2025-09-16,31.75,76.75,39.81273651123047
2025-09-16,31.75,77.0,6.215847492218018
2025-09-16,31.75,77.25,2.3805787563323975
2025-09-16,31.75,77.5,8.359819412231445
2025-09-16,32.0,76.5,15.766130447387695
2025-09-16,32.0,76.75,20.29740333557129
2025-09-16,32.0,77.0,5.265835285186768
2025-09-16,32.0,77.25,6.905349254608154
2025-09-16,32.0,77.5,5.533596515655518
2025-09-17,31.5,76.5,4.421788215637207
2025-09-17,31.5,76.75,3.0591814517974854
2025-09-17,31.5,77.0,2.57973575592041
2025-09-17,31.5,77.25,0.0
2025-09-17,31.5,77.5,7.631100177764893
2025-09-17,31.75,76.5,5.760277271270752
2025-09-17,31.75,76.75,15.75749397277832
2025-09-17,31.75,77.0,3.2475602626800537
2025-09-17,31.75,77.25,0.0
2025-09-17,31.75,77.5,10.432881355285645
2025-09-17,32.0,76.5,3.7080912590026855
2025-09-17,32.0,76.75,3.0248210430145264
2025-09-17,32.0,77.0,0.44723567366600037
2025-09-17,32.0,77.25,0.39768871665000916
2025-09-17,32.0,77.5,3.3197832107543945
2025-09-18,31.5,76.5,26.510440826416016
2025-09-18,31.5,76.75,8.453761100769043
2025-09-18,31.5,77.0,1.2026396989822388
2025-09-18,31.5,77.25,0.19048981368541718
2025-09-18,31.5,77.5,4.555881023406982
2025-09-18,31.75,76.5,9.211048126220703
2025-09-18,31.75,76.75,31.776477813720703
2025-09-18,31.75,77.0,4.019442081451416
2025-09-18,31.75,77.25,0.14593496918678284
2025-09-18,31.75,77.5,5.874600410461426
2025-09-18,32.0,76.5,6.96634578704834
2025-09-18,32.0,76.75,7.196436882019043
2025-09-18,32.0,77.0,0.29383495450019836
2025-09-18,32.0,77.25,0.0
2025-09-18,32.0,77.5,1.9819599390029907
2025-09-19,31.5,76.5,6.376626491546631
2025-09-19,31.5,76.75,5.236238479614258
2025-09-19,31.5,77.0,0.7693763375282288
2025-09-19,31.5,77.25,0.5452253818511963
2025-09-19,31.5,77.5,9.217625617980957
2025-09-19,31.75,76.5,15.84439754486084
2025-09-19,31.75,76.75,6.95755672454834
2025-09-19,31.75,77.0,0.925400972366333
2025-09-19,31.75,77.25,0.13234902918338776
2025-09-19,31.75,77.5,7.470462322235107
2025-09-19,32.0,76.5,10.034994125366211
2025-09-19,32.0,76.75,8.615636825561523
2025-09-19,32.0,77.0,0.9351610541343689
2025-09-19,32.0,77.25,0.6787676215171814
2025-09-19,32.0,77.5,1.7837640047073364
2025-09-20,31.5,76.5,2.3191678524017334
2025-09-20,31.5,76.75,0.8219558000564575
2025-09-20,31.5,77.0,0.38128966093063354
2025-09-20,31.5,77.25,0.0
2025-09-20,31.5,77.5,1.1389702558517456
2025-09-20,31.75,76.5,0.797257125377655
2025-09-20,31.75,76.75,0.7424715757369995
2025-09-20,31.75,77.0,0.8170818090438843
2025-09-20,31.75,77.25,0.0
2025-09-20,31.75,77.5,1.7431528568267822
2025-09-20,32.0,76.5,3.634377956390381
2025-09-20,32.0,76.75,3.008592128753662
2025-09-20,32.0,77.0,1.3632792234420776
2025-09-20,32.0,77.25,1.1733182668685913
2025-09-20,32.0,77.5,0.4954899847507477
2025-09-21,31.5,76.5,0.0
2025-09-21,31.5,76.75,0.0
2025-09-21,31.5,77.0,0.0
2025-09-21,31.5,77.25,0.0
2025-09-21,31.5,77.5,0.0
2025-09-21,31.75,76.5,0.0
2025-09-21,31.75,76.75,0.0
2025-09-21,31.75,77.0,0.0
2025-09-21,31.75,77.25,0.0
2025-09-21,31.75,77.5,0.0
2025-09-21,32.0,76.5,0.0
2025-09-21,32.0,76.75,0.0
2025-09-21,32.0,77.0,0.0
2025-09-21,32.0,77.25,0.0
2025-09-21,32.0,77.5,0.0
2025-09-22,31.5,76.5,0.0
2025-09-22,31.5,76.75,0.0
2025-09-22,31.5,77.0,0.0
2025-09-22,31.5,77.25,0.0
2025-09-22,31.5,77.5,1.2528672218322754
2025-09-22,31.75,76.5,0.0
2025-09-22,31.75,76.75,0.0
2025-09-22,31.75,77.0,0.0
2025-09-22,31.75,77.25,0.0
2025-09-22,31.75,77.5,1.615515112876892
2025-09-22,32.0,76.5,0.0
2025-09-22,32.0,76.75,0.0
2025-09-22,32.0,77.0,0.0
2025-09-22,32.0,77.25,0.0
2025-09-22,32.0,77.5,0.5450390577316284
2025-09-23,31.5,76.5,0.0
2025-09-23,31.5,76.75,0.0
2025-09-23,31.5,77.0,0.0
2025-09-23,31.5,77.25,0.0
2025-09-23,31.5,77.5,0.5694851279258728
2025-09-23,31.75,76.5,0.5701004266738892
2025-09-23,31.75,76.75,0.0
2025-09-23,31.75,77.0,0.0
2025-09-23,31.75,77.25,0.0
2025-09-23,31.75,77.5,0.7343250513076782
2025-09-23,32.0,76.5,2.531707763671875
2025-09-23,32.0,76.75,3.008592128753662
2025-09-23,32.0,77.0,0.0
2025-09-23,32.0,77.25,0.0
2025-09-23,32.0,77.5,0.24774499237537384
2025-09-24,31.5,76.5,0.0
2025-09-24,31.5,76.75,0.0
2025-09-24,31.5,77.0,0.0
2025-09-24,31.5,77.25,0.0
2025-09-24,31.5,77.5,0.0
2025-09-24,31.75,76.5,0.0
2025-09-24,31.75,76.75,0.0
2025-09-24,31.75,77.0,0.0
2025-09-24,31.75,77.25,0.0
2025-09-24,31.75,77.5,0.0
2025-09-24,32.0,76.5,0.0
2025-09-24,32.0,76.75,0.0
2025-09-24,32.0,77.0,0.0
2025-09-24,32.0,77.25,0.0
2025-09-24,32.0,77.5,0.0
2025-09-25,31.5,76.5,0.0
2025-09-25,31.5,76.75,0.0
2025-09-25,31.5,77.0,0.0
2025-09-25,31.5,77.25,0.0
2025-09-25,31.5,77.5,0.0
2025-09-25,31.75,76.5,0.0
2025-09-25,31.75,76.75,0.0
2025-09-25,31.75,77.0,0.0
2025-09-25,31.75,77.25,0.0
2025-09-25,31.75,77.5,0.0
2025-09-25,32.0,76.5,0.0
2025-09-25,32.0,76.75,0.0
2025-09-25,32.0,77.0,0.0
2025-09-25,32.0,77.25,0.0
2025-09-25,32.0,77.5,0.0
2025-09-26,31.5,76.5,0.0
2025-09-26,31.5,76.75,0.0
2025-09-26,31.5,77.0,0.0
2025-09-26,31.5,77.25,0.0
2025-09-26,31.5,77.5,0.0
2025-09-26,31.75,76.5,0.0
2025-09-26,31.75,76.75,0.0
2025-09-26,31.75,77.0,0.0
2025-09-26,31.75,77.25,0.0
2025-09-26,31.75,77.5,0.0
2025-09-26,32.0,76.5,0.0
2025-09-26,32.0,76.75,0.0
2025-09-26,32.0,77.0,0.0
2025-09-26,32.0,77.25,0.0
2025-09-26,32.0,77.5,0.0
2025-09-27,31.5,76.5,0.0
2025-09-27,31.5,76.75,0.0
2025-09-27,31.5,77.0,0.0
2025-09-27,31.5,77.25,0.0
2025-09-27,31.5,77.5,0.0
2025-09-27,31.75,76.5,0.0
2025-09-27,31.75,76.75,0.0
2025-09-27,31.75,77.0,0.0
2025-09-27,31.75,77.25,0.0
2025-09-27,31.75,77.5,0.0
2025-09-27,32.0,76.5,0.0
2025-09-27,32.0,76.75,0.0
2025-09-27,32.0,77.0,0.0
2025-09-27,32.0,77.25,0.0
2025-09-27,32.0,77.5,0.0
2025-09-28,31.5,76.5,0.0
2025-09-28,31.5,76.75,0.0
2025-09-28,31.5,77.0,0.0
2025-09-28,31.5,77.25,0.0
2025-09-28,31.5,77.5,0.20501463115215302
2025-09-28,31.75,76.5,0.0
2025-09-28,31.75,76.75,0.0
2025-09-28,31.75,77.0,0.0
2025-09-28,31.75,77.25,0.0
2025-09-28,31.75,77.5,0.2643570005893707
2025-09-28,32.0,76.5,0.0
2025-09-28,32.0,76.75,0.0
2025-09-28,32.0,77.0,0.0
2025-09-28,32.0,77.25,0.0
2025-09-28,32.0,77.5,0.0
2025-09-29,31.5,76.5,0.0
2025-09-29,31.5,76.75,0.0
2025-09-29,31.5,77.0,0.0
2025-09-29,31.5,77.25,0.0
2025-09-29,31.5,77.5,0.0
2025-09-29,31.75,76.5,0.0
2025-09-29,31.75,76.75,0.0
2025-09-29,31.75,77.0,0.0
2025-09-29,31.75,77.25,0.0
2025-09-29,31.75,77.5,0.0
2025-09-29,32.0,76.5,0.0
2025-09-29,32.0,76.75,0.0
2025-09-29,32.0,77.0,0.0
2025-09-29,32.0,77.25,0.0
2025-09-29,32.0,77.5,0.0
2025-09-30,31.5,76.5,0.0
2025-09-30,31.5,76.75,0.0
2025-09-30,31.5,77.0,0.0
2025-09-30,31.5,77.25,0.0
2025-09-30,31.5,77.5,0.0
2025-09-30,31.75,76.5,0.0
2025-09-30,31.75,76.75,0.0
2025-09-30,31.75,77.0,0.0
2025-09-30,31.75,77.25,0.0
2025-09-30,31.75,77.5,0.0
2025-09-30,32.0,76.5,0.0
2025-09-30,32.0,76.75,0.0
2025-09-30,32.0,77.0,0.0
2025-09-30,32.0,77.25,0.0
2025-09-30,32.0,77.5,0.0
2025-10-01,31.5,76.5,0.0
2025-10-01,31.5,76.75,0.0
2025-10-01,31.5,77.0,0.0
2025-10-01,31.5,77.25,0.0
2025-10-01,31.5,77.5,0.0
2025-10-01,31.75,76.5,2.4560937881469727
2025-10-01,31.75,76.75,0.4961740970611572
2025-10-01,31.75,77.0,0.3800707459449768
2025-10-01,31.75,77.25,0.0
2025-10-01,31.75,77.5,1.0101696252822876
2025-10-01,32.0,76.5,8.036416053771973
2025-10-01,32.0,76.75,4.68596887588501
2025-10-01,32.0,77.0,0.6319634914398193
2025-10-01,32.0,77.25,0.5619514584541321
2025-10-01,32.0,77.5,0.0
2025-10-02,31.5,76.5,0.0
2025-10-02,31.5,76.75,0.0
2025-10-02,31.5,77.0,0.0
2025-10-02,31.5,77.25,0.0
2025-10-02,31.5,77.5,0.0
2025-10-02,31.75,76.5,0.0
2025-10-02,31.75,76.75,0.0
2025-10-02,31.75,77.0,0.0
2025-10-02,31.75,77.25,0.0
2025-10-02,31.75,77.5,0.0
2025-10-02,32.0,76.5,0.0
2025-10-02,32.0,76.75,0.0
2025-10-02,32.0,77.0,0.0
2025-10-02,32.0,77.25,0.0
2025-10-02,32.0,77.5,0.0
2025-10-03,31.5,76.5,0.0
2025-10-03,31.5,76.75,0.0
2025-10-03,31.5,77.0,0.0
2025-10-03,31.5,77.25,0.0
2025-10-03,31.5,77.5,0.0
2025-10-03,31.75,76.5,2.2313482761383057
2025-10-03,31.75,76.75,0.0
2025-10-03,31.75,77.0,0.0
2025-10-03,31.75,77.25,0.0
2025-10-03,31.75,77.5,0.0
2025-10-03,32.0,76.5,6.543898105621338
2025-10-03,32.0,76.75,1.7308045625686646
2025-10-03,32.0,77.0,0.0
2025-10-03,32.0,77.25,0.0
2025-10-03,32.0,77.5,0.0
2025-10-04,31.5,76.5,0.0
2025-10-04,31.5,76.75,0.0
2025-10-04,31.5,77.0,0.0
2025-10-04,31.5,77.25,0.0
2025-10-04,31.5,77.5,0.0
2025-10-04,31.75,76.5,0.0
2025-10-04,31.75,76.75,0.0
2025-10-04,31.75,77.0,0.0
2025-10-04,31.75,77.25,0.0
2025-10-04,31.75,77.5,0.0
2025-10-04,32.0,76.5,0.0
2025-10-04,32.0,76.75,0.0
2025-10-04,32.0,77.0,0.0
2025-10-04,32.0,77.25,0.0
2025-10-04,32.0,77.5,0.0
2025-10-05,31.5,76.5,5.4432244300842285
2025-10-05,31.5,76.75,15.953238487243652
2025-10-05,31.5,77.0,0.0
2025-10-05,31.5,77.25,1.1145813465118408
2025-10-05,31.5,77.5,0.18970683217048645
2025-10-05,31.75,76.5,0.6929893493652344
2025-10-05,31.75,76.75,2.814063787460327
2025-10-05,31.75,77.0,1.8314704895019531
2025-10-05,31.75,77.25,0.271718829870224
2025-10-05,31.75,77.5,0.0
2025-10-05,32.0,76.5,3.871875047683716
2025-10-05,32.0,76.75,1.356623649597168
2025-10-05,32.0,77.0,0.9794498085975647
2025-10-05,32.0,77.25,0.2597750127315521
2025-10-05,32.0,77.5,0.6944319009780884
2025-10-06,31.5,76.5,16.58540153503418
2025-10-06,31.5,76.75,7.997957706451416
2025-10-06,31.5,77.0,6.819695949554443
2025-10-06,31.5,77.25,12.880615234375
2025-10-06,31.5,77.5,4.5042853355407715
2025-10-06,31.75,76.5,8.325446128845215
2025-10-06,31.75,76.75,13.971662521362305
2025-10-06,31.75,77.0,16.73799705505371
2025-10-06,31.75,77.25,15.990327835083008
2025-10-06,31.75,77.5,10.449100494384766
2025-10-06,32.0,76.5,26.276308059692383
2025-10-06,32.0,76.75,23.02301788330078
2025-10-06,32.0,77.0,15.739401817321777
2025-10-06,32.0,77.25,12.228180885314941
2025-10-06,32.0,77.5,10.58434772491455
2025-10-07,31.5,76.5,14.826569557189941
2025-10-07,31.5,76.75,12.274271965026855
2025-10-07,31.5,77.0,17.690628051757812
2025-10-07,31.5,77.25,20.831356048583984
2025-10-07,31.5,77.5,22.01071548461914
2025-10-07,31.75,76.5,19.999513626098633
2025-10-07,31.75,76.75,13.738062858581543
2025-10-07,31.75,77.0,13.575491905212402
2025-10-07,31.75,77.25,20.839162826538086
2025-10-07,31.75,77.5,25.288238525390625
2025-10-07,32.0,76.5,33.97767639160156
2025-10-07,32.0,76.75,19.31580352783203
2025-10-07,32.0,77.0,19.622798919677734
2025-10-07,32.0,77.25,19.88734245300293
2025-10-07,32.0,77.5,18.70287322998047
2025-10-08,31.5,76.5,51.14792251586914
2025-10-08,31.5,76.75,48.83888626098633
2025-10-08,31.5,77.0,36.0980110168457
2025-10-08,31.5,77.25,22.844539642333984
2025-10-08,31.5,77.5,14.730594635009766
2025-10-08,31.75,76.5,20.14912223815918
2025-10-08,31.75,76.75,27.24955177307129
2025-10-08,31.75,77.0,27.946197509765625
2025-10-08,31.75,77.25,22.534696578979492
2025-10-08,31.75,77.5,16.42951202392578
2025-10-08,32.0,76.5,27.319414138793945
2025-10-08,32.0,76.75,29.924232482910156
2025-10-08,32.0,77.0,25.64118766784668
2025-10-08,32.0,77.25,22.854549407958984
2025-10-08,32.0,77.5,16.368682861328125
2025-10-09,31.5,76.5,0.0
2025-10-09,31.5,76.75,0.4935658276081085
2025-10-09,31.5,77.0,6.619119644165039
2025-10-09,31.5,77.25,3.4944756031036377
2025-10-09,31.5,77.5,8.31141185760498
2025-10-09,31.75,76.5,0.0
2025-10-09,31.75,76.75,0.41347840428352356
2025-10-09,31.75,77.0,4.909572601318359
2025-10-09,31.75,77.25,1.2218234539031982
2025-10-09,31.75,77.5,8.167008399963379
2025-10-09,32.0,76.5,0.843902587890625
2025-10-09,32.0,76.75,2.297146797180176
2025-10-09,32.0,77.0,3.970245838165283
2025-10-09,32.0,77.25,1.7884303331375122
2025-10-09,32.0,77.5,2.526998996734619
2025-10-10,31.5,76.5,0.0
2025-10-10,31.5,76.75,0.0
2025-10-10,31.5,77.0,0.0
2025-10-10,31.5,77.25,0.0
2025-10-10,31.5,77.5,0.0
2025-10-10,31.75,76.5,0.0
2025-10-10,31.75,76.75,0.0
2025-10-10,31.75,77.0,0.0
2025-10-10,31.75,77.25,0.0
2025-10-10,31.75,77.5,0.0
2025-10-10,32.0,76.5,0.0
2025-10-10,32.0,76.75,0.0
2025-10-10,32.0,77.0,0.0
2025-10-10,32.0,77.25,0.0
2025-10-10,32.0,77.5,0.0
2025-10-11,31.5,76.5,0.0
2025-10-11,31.5,76.75,0.0
2025-10-11,31.5,77.0,1.4945348501205444
2025-10-11,31.5,77.25,0.38097962737083435
2025-10-11,31.5,77.5,0.0
2025-10-11,31.75,76.5,0.0
2025-10-11,31.75,76.75,0.0
2025-10-11,31.75,77.0,0.0
2025-10-11,31.75,77.25,0.12883862853050232
2025-10-11,31.75,77.5,0.0
2025-10-11,32.0,76.5,0.0
2025-10-11,32.0,76.75,0.0
2025-10-11,32.0,77.0,0.0
2025-10-11,32.0,77.25,0.0
2025-10-11,32.0,77.5,0.0
2025-10-12,31.5,76.5,0.0
2025-10-12,31.5,76.75,0.0
2025-10-12,31.5,77.0,0.0
2025-10-12,31.5,77.25,0.0
2025-10-12,31.5,77.5,0.0
2025-10-12,31.75,76.5,0.0
2025-10-12,31.75,76.75,0.0
2025-10-12,31.75,77.0,0.0
2025-10-12,31.75,77.25,0.0
2025-10-12,31.75,77.5,0.0
2025-10-12,32.0,76.5,0.0
2025-10-12,32.0,76.75,0.0
2025-10-12,32.0,77.0,0.0
2025-10-12,32.0,77.25,0.0
2025-10-12,32.0,77.5,0.0
2025-10-13,31.5,76.5,0.0
2025-10-13,31.5,76.75,0.0
2025-10-13,31.5,77.0,0.0
2025-10-13,31.5,77.25,0.0
2025-10-13,31.5,77.5,0.0
2025-10-13,31.75,76.5,0.0
2025-10-13,31.75,76.75,0.0
2025-10-13,31.75,77.0,0.0
2025-10-13,31.75,77.25,0.0
2025-10-13,31.75,77.5,0.0
2025-10-13,32.0,76.5,0.0
2025-10-13,32.0,76.75,0.0
2025-10-13,32.0,77.0,0.0
2025-10-13,32.0,77.25,0.0
2025-10-13,32.0,77.5,0.0
2025-10-14,31.5,76.5,0.0
2025-10-14,31.5,76.75,0.0
2025-10-14,31.5,77.0,0.0
2025-10-14,31.5,77.25,0.0
2025-10-14,31.5,77.5,0.0
2025-10-14,31.75,76.5,0.0
2025-10-14,31.75,76.75,0.0
2025-10-14,31.75,77.0,0.0
2025-10-14,31.75,77.25,0.0
2025-10-14,31.75,77.5,0.0
2025-10-14,32.0,76.5,0.0
2025-10-14,32.0,76.75,0.0
2025-10-14,32.0,77.0,0.0
2025-10-14,32.0,77.25,0.0
2025-10-14,32.0,77.5,0.0
2025-10-15,31.5,76.5,0.0
2025-10-15,31.5,76.75,0.0
2025-10-15,31.5,77.0,0.0
2025-10-15,31.5,77.25,0.0
2025-10-15,31.5,77.5,0.3416910469532013
2025-10-15,31.75,76.5,0.0
2025-10-15,31.75,76.75,0.0
2025-10-15,31.75,77.0,0.0
2025-10-15,31.75,77.25,0.0
2025-10-15,31.75,77.5,0.44059503078460693
2025-10-15,32.0,76.5,0.0
2025-10-15,32.0,76.75,0.0
2025-10-15,32.0,77.0,0.0
2025-10-15,32.0,77.25,0.0
2025-10-15,32.0,77.5,0.1486470103263855
2025-10-16,31.5,76.5,0.0
2025-10-16,31.5,76.75,0.0
2025-10-16,31.5,77.0,0.0
2025-10-16,31.5,77.25,0.0
2025-10-16,31.5,77.5,0.0
2025-10-16,31.75,76.5,0.0
2025-10-16,31.75,76.75,0.0
2025-10-16,31.75,77.0,0.0
2025-10-16,31.75,77.25,0.0
2025-10-16,31.75,77.5,0.0
2025-10-16,32.0,76.5,0.0
2025-10-16,32.0,76.75,0.0
2025-10-16,32.0,77.0,0.0
2025-10-16,32.0,77.25,0.0
2025-10-16,32.0,77.5,0.0
2025-10-17,31.5,76.5,0.0
2025-10-17,31.5,76.75,0.0
2025-10-17,31.5,77.0,0.0
2025-10-17,31.5,77.25,0.0
2025-10-17,31.5,77.5,0.0
2025-10-17,31.75,76.5,0.0
2025-10-17,31.75,76.75,0.0
2025-10-17,31.75,77.0,0.0
2025-10-17,31.75,77.25,0.0
2025-10-17,31.75,77.5,0.0
2025-10-17,32.0,76.5,0.0
2025-10-17,32.0,76.75,0.0
2025-10-17,32.0,77.0,0.0
2025-10-17,32.0,77.25,0.0
2025-10-17,32.0,77.5,0.0
2025-10-18,31.5,76.5,0.0
2025-10-18,31.5,76.75,0.0
2025-10-18,31.5,77.0,0.0
2025-10-18,31.5,77.25,0.0
2025-10-18,31.5,77.5,0.0
2025-10-18,31.75,76.5,0.0
2025-10-18,31.75,76.75,0.0
2025-10-18,31.75,77.0,0.0
2025-10-18,31.75,77.25,0.0
2025-10-18,31.75,77.5,0.0
2025-10-18,32.0,76.5,0.0
2025-10-18,32.0,76.75,0.0
2025-10-18,32.0,77.0,0.0
2025-10-18,32.0,77.25,0.0
2025-10-18,32.0,77.5,0.0
2025-10-19,31.5,76.5,0.0
2025-10-19,31.5,76.75,0.0
2025-10-19,31.5,77.0,0.0
2025-10-19,31.5,77.25,0.0
2025-10-19,31.5,77.5,0.0
2025-10-19,31.75,76.5,0.0
2025-10-19,31.75,76.75,0.0
2025-10-19,31.75,77.0,0.0
2025-10-19,31.75,77.25,0.0
2025-10-19,31.75,77.5,0.0
2025-10-19,32.0,76.5,0.0
2025-10-19,32.0,76.75,0.0
2025-10-19,32.0,77.0,0.0
2025-10-19,32.0,77.25,0.0
2025-10-19,32.0,77.5,0.0
2025-10-20,31.5,76.5,0.0
2025-10-20,31.5,76.75,0.0
2025-10-20,31.5,77.0,0.0
2025-10-20,31.5,77.25,0.0
2025-10-20,31.5,77.5,0.0
2025-10-20,31.75,76.5,0.0
2025-10-20,31.75,76.75,0.0
2025-10-20,31.75,77.0,0.0
2025-10-20,31.75,77.25,0.0
2025-10-20,31.75,77.5,0.0
2025-10-20,32.0,76.5,0.0
2025-10-20,32.0,76.75,0.0
2025-10-20,32.0,77.0,0.0
2025-10-20,32.0,77.25,0.0
2025-10-20,32.0,77.5,0.0
2025-10-21,31.5,76.5,0.0
2025-10-21,31.5,76.75,0.0
2025-10-21,31.5,77.0,0.0
2025-10-21,31.5,77.25,0.0
2025-10-21,31.5,77.5,0.0
2025-10-21,31.75,76.5,0.0
2025-10-21,31.75,76.75,0.0
2025-10-21,31.75,77.0,0.0
2025-10-21,31.75,77.25,0.0
2025-10-21,31.75,77.5,0.0
2025-10-21,32.0,76.5,0.0
2025-10-21,32.0,76.75,0.0
2025-10-21,32.0,77.0,0.0
2025-10-21,32.0,77.25,0.0
2025-10-21,32.0,77.5,0.0
2025-10-22,31.5,76.5,0.0
2025-10-22,31.5,76.75,0.0
2025-10-22,31.5,77.0,0.0
2025-10-22,31.5,77.25,1.836534857749939
2025-10-22,31.5,77.5,0.0
2025-10-22,31.75,76.5,0.0
2025-10-22,31.75,76.75,0.0
2025-10-22,31.75,77.0,2.749987840652466
2025-10-22,31.75,77.25,3.8956313133239746
2025-10-22,31.75,77.5,1.1125142574310303
2025-10-22,32.0,76.5,0.8303475975990295
2025-10-22,32.0,76.75,1.3974738121032715
2025-10-22,32.0,77.0,6.855223178863525
2025-10-22,32.0,77.25,8.270999908447266
2025-10-22,32.0,77.5,3.839996576309204
2025-10-23,31.5,76.5,0.0
2025-10-23,31.5,76.75,0.0
2025-10-23,31.5,77.0,0.0
2025-10-23,31.5,77.25,0.0
2025-10-23,31.5,77.5,0.0
2025-10-23,31.75,76.5,6.724769115447998
2025-10-23,31.75,76.75,1.6137504577636719
2025-10-23,31.75,77.0,0.0
2025-10-23,31.75,77.25,0.4029494524002075
2025-10-23,31.75,77.5,0.0
2025-10-23,32.0,76.5,0.0
2025-10-23,32.0,76.75,0.0
2025-10-23,32.0,77.0,0.9287503361701965
2025-10-23,32.0,77.25,1.6864025592803955
2025-10-23,32.0,77.5,0.7882435321807861
2025-10-24,31.5,76.5,0.0
2025-10-24,31.5,76.75,0.589794397354126
2025-10-24,31.5,77.0,2.563340187072754
2025-10-24,31.5,77.25,3.507183074951172
2025-10-24,31.5,77.5,5.7300028800964355
2025-10-24,31.75,76.5,0.0
2025-10-24,31.75,76.75,15.164793968200684
2025-10-24,31.75,77.0,8.0963716506958
2025-10-24,31.75,77.25,2.2167556285858154
2025-10-24,31.75,77.5,6.0294671058654785
2025-10-24,32.0,76.5,5.06341552734375
2025-10-24,32.0,76.75,9.854568481445312
2025-10-24,32.0,77.0,2.350679636001587
2025-10-24,32.0,77.25,0.623460054397583
2025-10-24,32.0,77.5,2.085637092590332
2025-10-25,31.5,76.5,0.0
2025-10-25,31.5,76.75,0.0
2025-10-25,31.5,77.0,0.0
2025-10-25,31.5,77.25,0.0
2025-10-25,31.5,77.5,0.0
2025-10-25,31.75,76.5,0.0
2025-10-25,31.75,76.75,0.0
2025-10-25,31.75,77.0,0.0
2025-10-25,31.75,77.25,0.0
2025-10-25,31.75,77.5,0.0
2025-10-25,32.0,76.5,0.0
2025-10-25,32.0,76.75,0.0
2025-10-25,32.0,77.0,0.0
2025-10-25,32.0,77.25,0.0
2025-10-25,32.0,77.5,0.0
2025-10-26,31.5,76.5,0.0
2025-10-26,31.5,76.75,0.0
2025-10-26,31.5,77.0,0.0
2025-10-26,31.5,77.25,0.0
2025-10-26,31.5,77.5,0.0
2025-10-26,31.75,76.5,0.0
2025-10-26,31.75,76.75,0.0
2025-10-26,31.75,77.0,0.0
2025-10-26,31.75,77.25,0.0
2025-10-26,31.75,77.5,0.0
2025-10-26,32.0,76.5,0.0
2025-10-26,32.0,76.75,0.0
2025-10-26,32.0,77.0,0.0
2025-10-26,32.0,77.25,0.0
2025-10-26,32.0,77.5,0.0
2025-10-27,31.5,76.5,0.0
2025-10-27,31.5,76.75,0.0
2025-10-27,31.5,77.0,0.0
2025-10-27,31.5,77.25,0.0
2025-10-27,31.5,77.5,0.0
2025-10-27,31.75,76.5,0.0
2025-10-27,31.75,76.75,0.0
2025-10-27,31.75,77.0,0.0
2025-10-27,31.75,77.25,0.0
2025-10-27,31.75,77.5,0.0
2025-10-27,32.0,76.5,0.0
2025-10-27,32.0,76.75,0.0
2025-10-27,32.0,77.0,0.0
2025-10-27,32.0,77.25,0.0
2025-10-27,32.0,77.5,0.0
2025-10-28,31.5,76.5,0.0
2025-10-28,31.5,76.75,0.0
2025-10-28,31.5,77.0,0.0
2025-10-28,31.5,77.25,0.0
2025-10-28,31.5,77.5,0.0
2025-10-28,31.75,76.5,0.0
2025-10-28,31.75,76.75,0.0
2025-10-28,31.75,77.0,0.0
2025-10-28,31.75,77.25,0.0
2025-10-28,31.75,77.5,0.0
2025-10-28,32.0,76.5,0.0
2025-10-28,32.0,76.75,0.0
2025-10-28,32.0,77.0,0.0
2025-10-28,32.0,77.25,0.0
2025-10-28,32.0,77.5,0.0
2025-10-29,31.5,76.5,0.0
2025-10-29,31.5,76.75,0.0
2025-10-29,31.5,77.0,0.0
2025-10-29,31.5,77.25,0.0
2025-10-29,31.5,77.5,0.0
2025-10-29,31.75,76.5,0.0
2025-10-29,31.75,76.75,0.0
2025-10-29,31.75,77.0,0.0
2025-10-29,31.75,77.25,0.0
2025-10-29,31.75,77.5,0.0
2025-10-29,32.0,76.5,0.0
2025-10-29,32.0,76.75,0.0
2025-10-29,32.0,77.0,0.0
2025-10-29,32.0,77.25,0.0
2025-10-29,32.0,77.5,0.0
2025-10-30,31.5,76.5,0.0
2025-10-30,31.5,76.75,0.0
2025-10-30,31.5,77.0,0.0
2025-10-30,31.5,77.25,0.0
2025-10-30,31.5,77.5,0.0
2025-10-30,31.75,76.5,0.0
2025-10-30,31.75,76.75,0.0
2025-10-30,31.75,77.0,0.0
2025-10-30,31.75,77.25,0.0
2025-10-30,31.75,77.5,0.0
2025-10-30,32.0,76.5,0.0
2025-10-30,32.0,76.75,0.0
2025-10-30,32.0,77.0,0.0
2025-10-30,32.0,77.25,0.0
2025-10-30,32.0,77.5,0.0
2025-10-31,31.5,76.5,0.0
2025-10-31,31.5,76.75,0.0
2025-10-31,31.5,77.0,0.0
2025-10-31,31.5,77.25,0.0
2025-10-31,31.5,77.5,0.0
2025-10-31,31.75,76.5,0.0
2025-10-31,31.75,76.75,0.0
2025-10-31,31.75,77.0,0.0
2025-10-31,31.75,77.25,0.0
2025-10-31,31.75,77.5,0.0
2025-10-31,32.0,76.5,0.0
2025-10-31,32.0,76.75,0.0
2025-10-31,32.0,77.0,0.0
2025-10-31,32.0,77.25,0.0
2025-10-31,32.0,77.5,0.0
2025-11-01,31.5,76.5,0.0
2025-11-01,31.5,76.75,0.0
2025-11-01,31.5,77.0,0.0
2025-11-01,31.5,77.25,0.0
2025-11-01,31.5,77.5,0.0
2025-11-01,31.75,76.5,0.0
2025-11-01,31.75,76.75,0.0
2025-11-01,31.75,77.0,0.0
2025-11-01,31.75,77.25,0.0
2025-11-01,31.75,77.5,0.0
2025-11-01,32.0,76.5,0.0
2025-11-01,32.0,76.75,0.0
2025-11-01,32.0,77.0,0.0
2025-11-01,32.0,77.25,0.0
2025-11-01,32.0,77.5,0.0
2025-11-02,31.5,76.5,0.0
2025-11-02,31.5,76.75,0.0
2025-11-02,31.5,77.0,0.0
2025-11-02,31.5,77.25,0.0
2025-11-02,31.5,77.5,0.0
2025-11-02,31.75,76.5,0.0
2025-11-02,31.75,76.75,0.0
2025-11-02,31.75,77.0,0.0
2025-11-02,31.75,77.25,0.0
2025-11-02,31.75,77.5,0.0
2025-11-02,32.0,76.5,0.0
2025-11-02,32.0,76.75,0.0
2025-11-02,32.0,77.0,0.0
2025-11-02,32.0,77.25,0.0
2025-11-02,32.0,77.5,0.0
2025-11-03,31.5,76.5,0.0
2025-11-03,31.5,76.75,0.0
2025-11-03,31.5,77.0,0.0
2025-11-03,31.5,77.25,0.0
2025-11-03,31.5,77.5,0.0
2025-11-03,31.75,76.5,0.0
2025-11-03,31.75,76.75,0.0
2025-11-03,31.75,77.0,0.0
2025-11-03,31.75,77.25,0.0
2025-11-03,31.75,77.5,0.0
2025-11-03,32.0,76.5,0.0
2025-11-03,32.0,76.75,0.0
2025-11-03,32.0,77.0,0.0
2025-11-03,32.0,77.25,0.0
2025-11-03,32.0,77.5,0.0
2025-11-04,31.5,76.5,0.0
2025-11-04,31.5,76.75,0.0
2025-11-04,31.5,77.0,0.0
2025-11-04,31.5,77.25,0.0
2025-11-04,31.5,77.5,0.0
2025-11-04,31.75,76.5,0.0
2025-11-04,31.75,76.75,0.0
2025-11-04,31.75,77.0,0.0
2025-11-04,31.75,77.25,0.0
2025-11-04,31.75,77.5,0.0
2025-11-04,32.0,76.5,0.0
2025-11-04,32.0,76.75,0.0
2025-11-04,32.0,77.0,0.0
2025-11-04,32.0,77.25,0.0
2025-11-04,32.0,77.5,0.0
2025-11-05,31.5,76.5,0.0
2025-11-05,31.5,76.75,0.758167564868927
2025-11-05,31.5,77.0,0.0
2025-11-05,31.5,77.25,0.0
2025-11-05,31.5,77.5,0.0
2025-11-05,31.75,76.5,0.0
2025-11-05,31.75,76.75,0.0
2025-11-05,31.75,77.0,0.0
2025-11-05,31.75,77.25,0.0
2025-11-05,31.75,77.5,0.0
2025-11-05,32.0,76.5,0.21048462390899658
2025-11-05,32.0,76.75,0.0
2025-11-05,32.0,77.0,0.48070043325424194
2025-11-05,32.0,77.25,0.3996388912200928
2025-11-05,32.0,77.5,0.0
2025-11-06,31.5,76.5,0.0
2025-11-06,31.5,76.75,0.0
2025-11-06,31.5,77.0,0.0
2025-11-06,31.5,77.25,0.0
2025-11-06,31.5,77.5,0.0
2025-11-06,31.75,76.5,0.0
2025-11-06,31.75,76.75,0.0
2025-11-06,31.75,77.0,0.0
2025-11-06,31.75,77.25,0.0
2025-11-06,31.75,77.5,0.0
2025-11-06,32.0,76.5,0.0
2025-11-06,32.0,76.75,0.0
2025-11-06,32.0,77.0,0.0
2025-11-06,32.0,77.25,0.0
2025-11-06,32.0,77.5,0.0
2025-11-07,31.5,76.5,0.0
2025-11-07,31.5,76.75,0.0
2025-11-07,31.5,77.0,0.0
2025-11-07,31.5,77.25,0.0
2025-11-07,31.5,77.5,0.0
2025-11-07,31.75,76.5,0.0
2025-11-07,31.75,76.75,0.0
2025-11-07,31.75,77.0,0.0
2025-11-07,31.75,77.25,0.0
2025-11-07,31.75,77.5,0.0
2025-11-07,32.0,76.5,0.0
2025-11-07,32.0,76.75,0.0
2025-11-07,32.0,77.0,0.0
2025-11-07,32.0,77.25,0.0
2025-11-07,32.0,77.5,0.0
2025-11-08,31.5,76.5,0.0
2025-11-08,31.5,76.75,0.0
2025-11-08,31.5,77.0,0.0
2025-11-08,31.5,77.25,0.0
2025-11-08,31.5,77.5,0.0
2025-11-08,31.75,76.5,0.0
2025-11-08,31.75,76.75,0.0
2025-11-08,31.75,77.0,0.0
2025-11-08,31.75,77.25,0.0
2025-11-08,31.75,77.5,0.0
2025-11-08,32.0,76.5,0.0
2025-11-08,32.0,76.75,0.0
2025-11-08,32.0,77.0,0.0
2025-11-08,32.0,77.25,0.0
2025-11-08,32.0,77.5,0.0
2025-11-09,31.5,76.5,0.0
2025-11-09,31.5,76.75,0.0
2025-11-09,31.5,77.0,0.0
2025-11-09,31.5,77.25,0.0
2025-11-09,31.5,77.5,0.0
2025-11-09,31.75,76.5,0.0
2025-11-09,31.75,76.75,0.0
2025-11-09,31.75,77.0,0.0
2025-11-09,31.75,77.25,0.0
2025-11-09,31.75,77.5,0.0
2025-11-09,32.0,76.5,0.0
2025-11-09,32.0,76.75,0.0
2025-11-09,32.0,77.0,0.0
2025-11-09,32.0,77.25,0.0
2025-11-09,32.0,77.5,0.0
2025-11-10,31.5,76.5,0.0
2025-11-10,31.5,76.75,0.0
2025-11-10,31.5,77.0,0.0
2025-11-10,31.5,77.25,0.0
2025-11-10,31.5,77.5,0.0
2025-11-10,31.75,76.5,0.0
2025-11-10,31.75,76.75,0.0
2025-11-10,31.75,77.0,0.0
2025-11-10,31.75,77.25,0.0
2025-11-10,31.75,77.5,0.0
2025-11-10,32.0,76.5,0.0
2025-11-10,32.0,76.75,0.0
2025-11-10,32.0,77.0,0.0
2025-11-10,32.0,77.25,0.0
2025-11-10,32.0,77.5,0.0
2025-11-11,31.5,76.5,0.0
2025-11-11,31.5,76.75,0.0
2025-11-11,31.5,77.0,0.0
2025-11-11,31.5,77.25,0.0
2025-11-11,31.5,77.5,0.0
2025-11-11,31.75,76.5,0.0
2025-11-11,31.75,76.75,0.0
2025-11-11,31.75,77.0,0.0
2025-11-11,31.75,77.25,0.0
2025-11-11,31.75,77.5,0.0
2025-11-11,32.0,76.5,0.0
2025-11-11,32.0,76.75,0.0
2025-11-11,32.0,77.0,0.0
2025-11-11,32.0,77.25,0.0
2025-11-11,32.0,77.5,0.0
2025-11-12,31.5,76.5,0.0
2025-11-12,31.5,76.75,0.0
2025-11-12,31.5,77.0,0.0
2025-11-12,31.5,77.25,0.0
2025-11-12,31.5,77.5,0.0
2025-11-12,31.75,76.5,0.0
2025-11-12,31.75,76.75,0.0
2025-11-12,31.75,77.0,0.0
2025-11-12,31.75,77.25,0.0
2025-11-12,31.75,77.5,0.0
2025-11-12,32.0,76.5,0.0
2025-11-12,32.0,76.75,0.0
2025-11-12,32.0,77.0,0.0
2025-11-12,32.0,77.25,0.0
2025-11-12,32.0,77.5,0.0
2025-11-13,31.5,76.5,0.0
2025-11-13,31.5,76.75,0.0
2025-11-13,31.5,77.0,0.0
2025-11-13,31.5,77.25,0.0
2025-11-13,31.5,77.5,0.0
2025-11-13,31.75,76.5,0.0
2025-11-13,31.75,76.75,0.0
2025-11-13,31.75,77.0,0.0
2025-11-13,31.75,77.25,0.0
2025-11-13,31.75,77.5,0.0
2025-11-13,32.0,76.5,0.0
2025-11-13,32.0,76.75,0.0
2025-11-13,32.0,77.0,0.0
2025-11-13,32.0,77.25,0.0
2025-11-13,32.0,77.5,0.0
2025-11-14,31.5,76.5,0.0
2025-11-14,31.5,76.75,0.0
2025-11-14,31.5,77.0,0.0
2025-11-14,31.5,77.25,0.0
2025-11-14,31.5,77.5,0.0
2025-11-14,31.75,76.5,0.0
2025-11-14,31.75,76.75,0.0
2025-11-14,31.75,77.0,0.0
2025-11-14,31.75,77.25,0.0
2025-11-14,31.75,77.5,0.0
2025-11-14,32.0,76.5,0.0
2025-11-14,32.0,76.75,0.0
2025-11-14,32.0,77.0,0.0
2025-11-14,32.0,77.25,0.0
2025-11-14,32.0,77.5,0.0
2025-11-15,31.5,76.5,0.0
2025-11-15,31.5,76.75,0.0
2025-11-15,31.5,77.0,0.0
2025-11-15,31.5,77.25,0.0
2025-11-15,31.5,77.5,0.0
2025-11-15,31.75,76.5,0.0
2025-11-15,31.75,76.75,0.0
2025-11-15,31.75,77.0,0.0
2025-11-15,31.75,77.25,0.0
2025-11-15,31.75,77.5,0.0
2025-11-15,32.0,76.5,0.0
2025-11-15,32.0,76.75,0.0
2025-11-15,32.0,77.0,0.0
2025-11-15,32.0,77.25,0.0
2025-11-15,32.0,77.5,0.0
2025-11-16,31.5,76.5,0.0
2025-11-16,31.5,76.75,0.0
2025-11-16,31.5,77.0,0.0
2025-11-16,31.5,77.25,0.0
2025-11-16,31.5,77.5,0.0
2025-11-16,31.75,76.5,0.0
2025-11-16,31.75,76.75,0.0
2025-11-16,31.75,77.0,0.0
2025-11-16,31.75,77.25,0.0
2025-11-16,31.75,77.5,0.0
2025-11-16,32.0,76.5,0.0
2025-11-16,32.0,76.75,0.0
2025-11-16,32.0,77.0,0.0
2025-11-16,32.0,77.25,0.0
2025-11-16,32.0,77.5,0.0
2025-11-17,31.5,76.5,0.0
2025-11-17,31.5,76.75,0.0
2025-11-17,31.5,77.0,0.0
2025-11-17,31.5,77.25,0.0
2025-11-17,31.5,77.5,0.0
2025-11-17,31.75,76.5,0.0
2025-11-17,31.75,76.75,0.0
2025-11-17,31.75,77.0,0.0
2025-11-17,31.75,77.25,0.0
2025-11-17,31.75,77.5,0.0
2025-11-17,32.0,76.5,0.0
2025-11-17,32.0,76.75,0.0
2025-11-17,32.0,77.0,0.0
2025-11-17,32.0,77.25,0.0
2025-11-17,32.0,77.5,0.0
2025-11-18,31.5,76.5,0.0
2025-11-18,31.5,76.75,0.0
2025-11-18,31.5,77.0,0.0
2025-11-18,31.5,77.25,0.0
2025-11-18,31.5,77.5,0.0
2025-11-18,31.75,76.5,0.0
2025-11-18,31.75,76.75,0.0
2025-11-18,31.75,77.0,0.0
2025-11-18,31.75,77.25,0.0
2025-11-18,31.75,77.5,0.0
2025-11-18,32.0,76.5,0.0
2025-11-18,32.0,76.75,0.0
2025-11-18,32.0,77.0,0.0
2025-11-18,32.0,77.25,0.0
2025-11-18,32.0,77.5,0.0
2025-11-19,31.5,76.5,0.0
2025-11-19,31.5,76.75,0.0
2025-11-19,31.5,77.0,0.0
2025-11-19,31.5,77.25,0.0
2025-11-19,31.5,77.5,0.0
2025-11-19,31.75,76.5,0.0
2025-11-19,31.75,76.75,0.0
2025-11-19,31.75,77.0,0.0
2025-11-19,31.75,77.25,0.0
2025-11-19,31.75,77.5,0.0
2025-11-19,32.0,76.5,0.0
2025-11-19,32.0,76.75,0.0
2025-11-19,32.0,77.0,0.0
2025-11-19,32.0,77.25,0.0
2025-11-19,32.0,77.5,0.0
2025-11-20,31.5,76.5,0.0
2025-11-20,31.5,76.75,0.0
2025-11-20,31.5,77.0,0.0
2025-11-20,31.5,77.25,0.0
2025-11-20,31.5,77.5,0.0
2025-11-20,31.75,76.5,0.0
2025-11-20,31.75,76.75,0.0
2025-11-20,31.75,77.0,0.0
2025-11-20,31.75,77.25,0.0
2025-11-20,31.75,77.5,0.0
2025-11-20,32.0,76.5,0.0
2025-11-20,32.0,76.75,0.0
2025-11-20,32.0,77.0,0.0
2025-11-20,32.0,77.25,0.0
2025-11-20,32.0,77.5,0.0
2025-11-21,31.5,76.5,0.0
2025-11-21,31.5,76.75,0.0
2025-11-21,31.5,77.0,0.0
2025-11-21,31.5,77.25,0.0
2025-11-21,31.5,77.5,0.0
2025-11-21,31.75,76.5,0.0
2025-11-21,31.75,76.75,0.0
2025-11-21,31.75,77.0,0.0
2025-11-21,31.75,77.25,0.0
2025-11-21,31.75,77.5,0.0
2025-11-21,32.0,76.5,0.0
2025-11-21,32.0,76.75,0.0
2025-11-21,32.0,77.0,0.0
2025-11-21,32.0,77.25,0.0
2025-11-21,32.0,77.5,0.0
2025-11-22,31.5,76.5,0.0
2025-11-22,31.5,76.75,0.0
2025-11-22,31.5,77.0,0.0
2025-11-22,31.5,77.25,0.0
2025-11-22,31.5,77.5,0.0
2025-11-22,31.75,76.5,0.0
2025-11-22,31.75,76.75,0.0
2025-11-22,31.75,77.0,0.0
2025-11-22,31.75,77.25,0.0
2025-11-22,31.75,77.5,0.0
2025-11-22,32.0,76.5,0.0
2025-11-22,32.0,76.75,0.0
2025-11-22,32.0,77.0,0.0
2025-11-22,32.0,77.25,0.0
2025-11-22,32.0,77.5,0.0
2025-11-23,31.5,76.5,0.0
2025-11-23,31.5,76.75,0.0
2025-11-23,31.5,77.0,0.0
2025-11-23,31.5,77.25,0.0
2025-11-23,31.5,77.5,0.0
2025-11-23,31.75,76.5,0.0
2025-11-23,31.75,76.75,0.0
2025-11-23,31.75,77.0,0.0
2025-11-23,31.75,77.25,0.0
2025-11-23,31.75,77.5,0.0
2025-11-23,32.0,76.5,0.0
2025-11-23,32.0,76.75,0.0
2025-11-23,32.0,77.0,0.0
2025-11-23,32.0,77.25,0.0
2025-11-23,32.0,77.5,0.0
2025-11-24,31.5,76.5,0.0
2025-11-24,31.5,76.75,0.0
2025-11-24,31.5,77.0,0.0
2025-11-24,31.5,77.25,0.0
2025-11-24,31.5,77.5,0.0
2025-11-24,31.75,76.5,0.0
2025-11-24,31.75,76.75,0.0
2025-11-24,31.75,77.0,0.0
2025-11-24,31.75,77.25,0.0
2025-11-24,31.75,77.5,0.0
2025-11-24,32.0,76.5,0.0
2025-11-24,32.0,76.75,0.0
2025-11-24,32.0,77.0,0.0
2025-11-24,32.0,77.25,0.0
2025-11-24,32.0,77.5,0.0
2025-11-25,31.5,76.5,0.0
2025-11-25,31.5,76.75,0.0
2025-11-25,31.5,77.0,0.0
2025-11-25,31.5,77.25,0.0
2025-11-25,31.5,77.5,0.0
2025-11-25,31.75,76.5,0.0
2025-11-25,31.75,76.75,0.0
2025-11-25,31.75,77.0,0.0
2025-11-25,31.75,77.25,0.0
2025-11-25,31.75,77.5,0.0
2025-11-25,32.0,76.5,0.0
2025-11-25,32.0,76.75,0.0
2025-11-25,32.0,77.0,0.0
2025-11-25,32.0,77.25,0.0
2025-11-25,32.0,77.5,0.0
2025-11-26,31.5,76.5,0.0
2025-11-26,31.5,76.75,0.0
2025-11-26,31.5,77.0,0.0
2025-11-26,31.5,77.25,0.0
2025-11-26,31.5,77.5,0.0
2025-11-26,31.75,76.5,0.0
2025-11-26,31.75,76.75,0.0
2025-11-26,31.75,77.0,0.0
2025-11-26,31.75,77.25,0.0
2025-11-26,31.75,77.5,0.0
2025-11-26,32.0,76.5,0.0
2025-11-26,32.0,76.75,0.0
2025-11-26,32.0,77.0,0.0
2025-11-26,32.0,77.25,0.0
2025-11-26,32.0,77.5,0.0
2025-11-27,31.5,76.5,0.0
2025-11-27,31.5,76.75,0.0
2025-11-27,31.5,77.0,0.0
2025-11-27,31.5,77.25,0.0
2025-11-27,31.5,77.5,0.0
2025-11-27,31.75,76.5,0.0
2025-11-27,31.75,76.75,0.0
2025-11-27,31.75,77.0,0.0
2025-11-27,31.75,77.25,0.0
2025-11-27,31.75,77.5,0.0
2025-11-27,32.0,76.5,0.0
2025-11-27,32.0,76.75,0.0
2025-11-27,32.0,77.0,0.0
2025-11-27,32.0,77.25,0.0
2025-11-27,32.0,77.5,0.0
2025-11-28,31.5,76.5,0.0
2025-11-28,31.5,76.75,0.0
2025-11-28,31.5,77.0,0.0
2025-11-28,31.5,77.25,0.0
2025-11-28,31.5,77.5,0.0
2025-11-28,31.75,76.5,0.0
2025-11-28,31.75,76.75,0.0
2025-11-28,31.75,77.0,0.0
2025-11-28,31.75,77.25,0.0
2025-11-28,31.75,77.5,0.0
2025-11-28,32.0,76.5,0.0
2025-11-28,32.0,76.75,0.0
2025-11-28,32.0,77.0,0.0
2025-11-28,32.0,77.25,0.0
2025-11-28,32.0,77.5,0.0
2025-11-29,31.5,76.5,0.0
2025-11-29,31.5,76.75,0.0
2025-11-29,31.5,77.0,0.0
2025-11-29,31.5,77.25,0.0
2025-11-29,31.5,77.5,0.0
2025-11-29,31.75,76.5,0.0
2025-11-29,31.75,76.75,0.0
2025-11-29,31.75,77.0,0.0
2025-11-29,31.75,77.25,0.0
2025-11-29,31.75,77.5,0.0
2025-11-29,32.0,76.5,0.0
2025-11-29,32.0,76.75,0.0
2025-11-29,32.0,77.0,0.0
2025-11-29,32.0,77.25,0.0
2025-11-29,32.0,77.5,0.0
2025-11-30,31.5,76.5,0.0
2025-11-30,31.5,76.75,0.0
2025-11-30,31.5,77.0,0.0
2025-11-30,31.5,77.25,0.0
2025-11-30,31.5,77.5,0.0
2025-11-30,31.75,76.5,0.0
2025-11-30,31.75,76.75,0.0
2025-11-30,31.75,77.0,0.0
2025-11-30,31.75,77.25,0.0
2025-11-30,31.75,77.5,0.0
2025-11-30,32.0,76.5,0.0
2025-11-30,32.0,76.75,0.0
2025-11-30,32.0,77.0,0.0
2025-11-30,32.0,77.25,0.0
2025-11-30,32.0,77.5,0.0
2025-12-01,31.5,76.5,0.0
2025-12-01,31.5,76.75,0.0
2025-12-01,31.5,77.0,0.0
2025-12-01,31.5,77.25,0.0
2025-12-01,31.5,77.5,0.0
2025-12-01,31.75,76.5,0.0
2025-12-01,31.75,76.75,0.0
2025-12-01,31.75,77.0,0.0
2025-12-01,31.75,77.25,0.0
2025-12-01,31.75,77.5,0.0
2025-12-01,32.0,76.5,0.0
2025-12-01,32.0,76.75,0.0
2025-12-01,32.0,77.0,0.0
2025-12-01,32.0,77.25,0.0
2025-12-01,32.0,77.5,0.0
2025-12-02,31.5,76.5,0.0
2025-12-02,31.5,76.75,0.0
2025-12-02,31.5,77.0,0.0
2025-12-02,31.5,77.25,0.0
2025-12-02,31.5,77.5,0.0
2025-12-02,31.75,76.5,0.0
2025-12-02,31.75,76.75,0.0
2025-12-02,31.75,77.0,0.0
2025-12-02,31.75,77.25,0.0
2025-12-02,31.75,77.5,0.0
2025-12-02,32.0,76.5,0.0
2025-12-02,32.0,76.75,0.0
2025-12-02,32.0,77.0,0.0
2025-12-02,32.0,77.25,0.0
2025-12-02,32.0,77.5,0.0
2025-12-03,31.5,76.5,0.0
2025-12-03,31.5,76.75,0.0
2025-12-03,31.5,77.0,0.0
2025-12-03,31.5,77.25,0.0
2025-12-03,31.5,77.5,0.0
2025-12-03,31.75,76.5,0.0
2025-12-03,31.75,76.75,0.0
2025-12-03,31.75,77.0,0.0
2025-12-03,31.75,77.25,0.0
2025-12-03,31.75,77.5,0.0
2025-12-03,32.0,76.5,0.0
2025-12-03,32.0,76.75,0.0
2025-12-03,32.0,77.0,0.0
2025-12-03,32.0,77.25,0.0
2025-12-03,32.0,77.5,0.0
2025-12-04,31.5,76.5,0.0
2025-12-04,31.5,76.75,0.0
2025-12-04,31.5,77.0,0.0
2025-12-04,31.5,77.25,0.0
2025-12-04,31.5,77.5,0.0
2025-12-04,31.75,76.5,0.0
2025-12-04,31.75,76.75,0.0
2025-12-04,31.75,77.0,0.0
2025-12-04,31.75,77.25,0.0
2025-12-04,31.75,77.5,0.0
2025-12-04,32.0,76.5,0.0
2025-12-04,32.0,76.75,0.0
2025-12-04,32.0,77.0,0.0
2025-12-04,32.0,77.25,0.0
2025-12-04,32.0,77.5,0.0
2025-12-05,31.5,76.5,0.0
2025-12-05,31.5,76.75,0.0
2025-12-05,31.5,77.0,0.0
2025-12-05,31.5,77.25,0.0
2025-12-05,31.5,77.5,0.0
2025-12-05,31.75,76.5,0.0
2025-12-05,31.75,76.75,0.0
2025-12-05,31.75,77.0,0.0
2025-12-05,31.75,77.25,0.0
2025-12-05,31.75,77.5,0.0
2025-12-05,32.0,76.5,0.0
2025-12-05,32.0,76.75,0.0
2025-12-05,32.0,77.0,0.0
2025-12-05,32.0,77.25,0.0
2025-12-05,32.0,77.5,0.0
2025-12-06,31.5,76.5,0.0
2025-12-06,31.5,76.75,0.0
2025-12-06,31.5,77.0,0.0
2025-12-06,31.5,77.25,0.0
2025-12-06,31.5,77.5,0.0
2025-12-06,31.75,76.5,0.0
2025-12-06,31.75,76.75,0.0
2025-12-06,31.75,77.0,0.0
2025-12-06,31.75,77.25,0.0
2025-12-06,31.75,77.5,0.0
2025-12-06,32.0,76.5,0.0
2025-12-06,32.0,76.75,0.0
2025-12-06,32.0,77.0,0.0
2025-12-06,32.0,77.25,0.0
2025-12-06,32.0,77.5,0.0
2025-12-07,31.5,76.5,0.0
2025-12-07,31.5,76.75,0.0
2025-12-07,31.5,77.0,0.0
2025-12-07,31.5,77.25,0.0
2025-12-07,31.5,77.5,0.0
2025-12-07,31.75,76.5,0.0
2025-12-07,31.75,76.75,0.0
2025-12-07,31.75,77.0,0.0
2025-12-07,31.75,77.25,0.0
2025-12-07,31.75,77.5,0.0
2025-12-07,32.0,76.5,0.0
2025-12-07,32.0,76.75,0.0
2025-12-07,32.0,77.0,0.0
2025-12-07,32.0,77.25,0.0
2025-12-07,32.0,77.5,0.0
2025-12-08,31.5,76.5,0.0
2025-12-08,31.5,76.75,0.0
2025-12-08,31.5,77.0,0.0
2025-12-08,31.5,77.25,0.0
2025-12-08,31.5,77.5,0.0
2025-12-08,31.75,76.5,0.0
2025-12-08,31.75,76.75,0.0
2025-12-08,31.75,77.0,0.0
2025-12-08,31.75,77.25,0.0
2025-12-08,31.75,77.5,0.0
2025-12-08,32.0,76.5,0.0
2025-12-08,32.0,76.75,0.0
2025-12-08,32.0,77.0,0.0
2025-12-08,32.0,77.25,0.0
2025-12-08,32.0,77.5,0.0
2025-12-09,31.5,76.5,0.0
2025-12-09,31.5,76.75,0.0
2025-12-09,31.5,77.0,0.0
2025-12-09,31.5,77.25,0.0
2025-12-09,31.5,77.5,0.0
2025-12-09,31.75,76.5,0.0
2025-12-09,31.75,76.75,0.0
2025-12-09,31.75,77.0,0.0
2025-12-09,31.75,77.25,0.0
2025-12-09,31.75,77.5,0.0
2025-12-09,32.0,76.5,0.0
2025-12-09,32.0,76.75,0.0
2025-12-09,32.0,77.0,0.0
2025-12-09,32.0,77.25,0.0
2025-12-09,32.0,77.5,0.0
2025-12-10,31.5,76.5,0.0
2025-12-10,31.5,76.75,0.0
2025-12-10,31.5,77.0,0.0
2025-12-10,31.5,77.25,0.0
2025-12-10,31.5,77.5,0.0
2025-12-10,31.75,76.5,0.0
2025-12-10,31.75,76.75,0.0
2025-12-10,31.75,77.0,0.0
2025-12-10,31.75,77.25,0.0
2025-12-10,31.75,77.5,0.0
2025-12-10,32.0,76.5,0.0
2025-12-10,32.0,76.75,0.0
2025-12-10,32.0,77.0,0.0
2025-12-10,32.0,77.25,0.0
2025-12-10,32.0,77.5,0.0
2025-12-11,31.5,76.5,0.0
2025-12-11,31.5,76.75,0.0
2025-12-11,31.5,77.0,0.0
2025-12-11,31.5,77.25,0.0
2025-12-11,31.5,77.5,0.0
2025-12-11,31.75,76.5,0.0
2025-12-11,31.75,76.75,0.0
2025-12-11,31.75,77.0,0.0
2025-12-11,31.75,77.25,0.0
2025-12-11,31.75,77.5,0.0
2025-12-11,32.0,76.5,0.0
2025-12-11,32.0,76.75,0.0
2025-12-11,32.0,77.0,0.0
2025-12-11,32.0,77.25,0.0
2025-12-11,32.0,77.5,0.0
2025-12-12,31.5,76.5,0.0
2025-12-12,31.5,76.75,0.0
2025-12-12,31.5,77.0,0.0
2025-12-12,31.5,77.25,0.0
2025-12-12,31.5,77.5,0.0
2025-12-12,31.75,76.5,0.0
2025-12-12,31.75,76.75,0.0
2025-12-12,31.75,77.0,0.0
2025-12-12,31.75,77.25,0.0
2025-12-12,31.75,77.5,0.0
2025-12-12,32.0,76.5,0.0
2025-12-12,32.0,76.75,0.0
2025-12-12,32.0,77.0,0.0
2025-12-12,32.0,77.25,0.0
2025-12-12,32.0,77.5,0.0
2025-12-13,31.5,76.5,0.0
2025-12-13,31.5,76.75,0.0
2025-12-13,31.5,77.0,0.0
2025-12-13,31.5,77.25,0.0
2025-12-13,31.5,77.5,0.0
2025-12-13,31.75,76.5,0.0
2025-12-13,31.75,76.75,0.0
2025-12-13,31.75,77.0,0.0
2025-12-13,31.75,77.25,0.0
2025-12-13,31.75,77.5,0.0
2025-12-13,32.0,76.5,0.0
2025-12-13,32.0,76.75,0.0
2025-12-13,32.0,77.0,0.0
2025-12-13,32.0,77.25,0.0
2025-12-13,32.0,77.5,0.0
2025-12-14,31.5,76.5,0.0
2025-12-14,31.5,76.75,0.0
2025-12-14,31.5,77.0,0.0
2025-12-14,31.5,77.25,0.0
2025-12-14,31.5,77.5,0.0
2025-12-14,31.75,76.5,0.0
2025-12-14,31.75,76.75,0.0
2025-12-14,31.75,77.0,0.0
2025-12-14,31.75,77.25,0.0
2025-12-14,31.75,77.5,0.0
2025-12-14,32.0,76.5,0.0
2025-12-14,32.0,76.75,0.0
2025-12-14,32.0,77.0,0.0
2025-12-14,32.0,77.25,0.0
2025-12-14,32.0,77.5,0.0
2025-12-15,31.5,76.5,0.0
2025-12-15,31.5,76.75,0.0
2025-12-15,31.5,77.0,0.0
2025-12-15,31.5,77.25,0.0
2025-12-15,31.5,77.5,0.0
2025-12-15,31.75,76.5,0.0
2025-12-15,31.75,76.75,0.0
2025-12-15,31.75,77.0,0.0
2025-12-15,31.75,77.25,0.0
2025-12-15,31.75,77.5,0.0
2025-12-15,32.0,76.5,0.0
2025-12-15,32.0,76.75,0.0
2025-12-15,32.0,77.0,0.0
2025-12-15,32.0,77.25,0.0
2025-12-15,32.0,77.5,0.0
2025-12-16,31.5,76.5,0.0
2025-12-16,31.5,76.75,0.0
2025-12-16,31.5,77.0,0.0
2025-12-16,31.5,77.25,0.0
2025-12-16,31.5,77.5,0.0
2025-12-16,31.75,76.5,0.0
2025-12-16,31.75,76.75,0.0
2025-12-16,31.75,77.0,0.0
2025-12-16,31.75,77.25,0.0
2025-12-16,31.75,77.5,0.0
2025-12-16,32.0,76.5,0.0
2025-12-16,32.0,76.75,0.0
2025-12-16,32.0,77.0,0.0
2025-12-16,32.0,77.25,0.0
2025-12-16,32.0,77.5,0.0
2025-12-17,31.5,76.5,0.0
2025-12-17,31.5,76.75,0.0
2025-12-17,31.5,77.0,0.0
2025-12-17,31.5,77.25,0.0
2025-12-17,31.5,77.5,0.0
2025-12-17,31.75,76.5,0.0
2025-12-17,31.75,76.75,0.0
2025-12-17,31.75,77.0,0.0
2025-12-17,31.75,77.25,0.0
2025-12-17,31.75,77.5,0.0
2025-12-17,32.0,76.5,0.0
2025-12-17,32.0,76.75,0.0
2025-12-17,32.0,77.0,0.0
2025-12-17,32.0,77.25,0.0
2025-12-17,32.0,77.5,0.0
2025-12-18,31.5,76.5,0.0
2025-12-18,31.5,76.75,0.0
2025-12-18,31.5,77.0,0.0
2025-12-18,31.5,77.25,0.0
2025-12-18,31.5,77.5,0.0
2025-12-18,31.75,76.5,0.0
2025-12-18,31.75,76.75,0.0
2025-12-18,31.75,77.0,0.0
2025-12-18,31.75,77.25,0.0
2025-12-18,31.75,77.5,0.0
2025-12-18,32.0,76.5,0.0
2025-12-18,32.0,76.75,0.0
2025-12-18,32.0,77.0,0.0
2025-12-18,32.0,77.25,0.0
2025-12-18,32.0,77.5,0.0
2025-12-19,31.5,76.5,0.0
2025-12-19,31.5,76.75,0.0
2025-12-19,31.5,77.0,0.0
2025-12-19,31.5,77.25,0.0
2025-12-19,31.5,77.5,0.0
2025-12-19,31.75,76.5,0.0
2025-12-19,31.75,76.75,0.0
2025-12-19,31.75,77.0,0.0
2025-12-19,31.75,77.25,0.0
2025-12-19,31.75,77.5,0.0
2025-12-19,32.0,76.5,0.0
2025-12-19,32.0,76.75,0.0
2025-12-19,32.0,77.0,0.0
2025-12-19,32.0,77.25,0.0
2025-12-19,32.0,77.5,0.0
2025-12-20,31.5,76.5,0.0
2025-12-20,31.5,76.75,0.0
2025-12-20,31.5,77.0,0.0
2025-12-20,31.5,77.25,0.0
2025-12-20,31.5,77.5,0.0
2025-12-20,31.75,76.5,0.0
2025-12-20,31.75,76.75,0.0
2025-12-20,31.75,77.0,0.0
2025-12-20,31.75,77.25,0.0
2025-12-20,31.75,77.5,0.0
2025-12-20,32.0,76.5,0.0
2025-12-20,32.0,76.75,0.0
2025-12-20,32.0,77.0,0.0
2025-12-20,32.0,77.25,0.0
2025-12-20,32.0,77.5,0.0
2025-12-21,31.5,76.5,0.0
2025-12-21,31.5,76.75,0.0
2025-12-21,31.5,77.0,0.0
2025-12-21,31.5,77.25,0.0
2025-12-21,31.5,77.5,0.0
2025-12-21,31.75,76.5,0.0
2025-12-21,31.75,76.75,0.0
2025-12-21,31.75,77.0,0.0
2025-12-21,31.75,77.25,0.0
2025-12-21,31.75,77.5,0.0
2025-12-21,32.0,76.5,0.0
2025-12-21,32.0,76.75,0.0
2025-12-21,32.0,77.0,0.0
2025-12-21,32.0,77.25,0.0
2025-12-21,32.0,77.5,0.0
2025-12-22,31.5,76.5,0.0
2025-12-22,31.5,76.75,0.0
2025-12-22,31.5,77.0,0.0
2025-12-22,31.5,77.25,0.0
2025-12-22,31.5,77.5,0.0
2025-12-22,31.75,76.5,0.0
2025-12-22,31.75,76.75,0.0
2025-12-22,31.75,77.0,0.0
2025-12-22,31.75,77.25,0.0
2025-12-22,31.75,77.5,0.0
2025-12-22,32.0,76.5,0.0
2025-12-22,32.0,76.75,0.0
2025-12-22,32.0,77.0,0.0
2025-12-22,32.0,77.25,0.0
2025-12-22,32.0,77.5,0.0
2025-12-23,31.5,76.5,0.0
2025-12-23,31.5,76.75,0.0
2025-12-23,31.5,77.0,0.0
2025-12-23,31.5,77.25,0.0
2025-12-23,31.5,77.5,0.0
2025-12-23,31.75,76.5,0.0
2025-12-23,31.75,76.75,0.0
2025-12-23,31.75,77.0,0.0
2025-12-23,31.75,77.25,0.0
2025-12-23,31.75,77.5,0.0
2025-12-23,32.0,76.5,0.0
2025-12-23,32.0,76.75,0.0
2025-12-23,32.0,77.0,0.0
2025-12-23,32.0,77.25,0.0
2025-12-23,32.0,77.5,0.0
2025-12-24,31.5,76.5,0.0
2025-12-24,31.5,76.75,0.0
2025-12-24,31.5,77.0,0.0
2025-12-24,31.5,77.25,0.0
2025-12-24,31.5,77.5,0.0
2025-12-24,31.75,76.5,0.0
2025-12-24,31.75,76.75,0.0
2025-12-24,31.75,77.0,0.0
2025-12-24,31.75,77.25,0.0
2025-12-24,31.75,77.5,0.0
2025-12-24,32.0,76.5,0.0
2025-12-24,32.0,76.75,0.0
2025-12-24,32.0,77.0,0.0
2025-12-24,32.0,77.25,0.0
2025-12-24,32.0,77.5,0.0
2025-12-25,31.5,76.5,0.0
2025-12-25,31.5,76.75,0.0
2025-12-25,31.5,77.0,0.0
2025-12-25,31.5,77.25,0.0
2025-12-25,31.5,77.5,0.0
2025-12-25,31.75,76.5,0.0
2025-12-25,31.75,76.75,0.0
2025-12-25,31.75,77.0,0.0
2025-12-25,31.75,77.25,0.0
2025-12-25,31.75,77.5,0.0
2025-12-25,32.0,76.5,0.0
2025-12-25,32.0,76.75,0.0
2025-12-25,32.0,77.0,0.0
2025-12-25,32.0,77.25,0.0
2025-12-25,32.0,77.5,0.0
2025-12-26,31.5,76.5,0.0
2025-12-26,31.5,76.75,0.0
2025-12-26,31.5,77.0,0.0
2025-12-26,31.5,77.25,0.0
2025-12-26,31.5,77.5,0.0
2025-12-26,31.75,76.5,0.0
2025-12-26,31.75,76.75,0.0
2025-12-26,31.75,77.0,0.0
2025-12-26,31.75,77.25,0.0
2025-12-26,31.75,77.5,0.0
2025-12-26,32.0,76.5,0.0
2025-12-26,32.0,76.75,0.0
2025-12-26,32.0,77.0,0.0
2025-12-26,32.0,77.25,0.0
2025-12-26,32.0,77.5,0.0
2025-12-27,31.5,76.5,0.0
2025-12-27,31.5,76.75,0.0
2025-12-27,31.5,77.0,0.0
2025-12-27,31.5,77.25,0.0
2025-12-27,31.5,77.5,0.0
2025-12-27,31.75,76.5,0.0
2025-12-27,31.75,76.75,0.0
2025-12-27,31.75,77.0,0.0
2025-12-27,31.75,77.25,0.0
2025-12-27,31.75,77.5,0.0
2025-12-27,32.0,76.5,0.0
2025-12-27,32.0,76.75,0.0
2025-12-27,32.0,77.0,0.0
2025-12-27,32.0,77.25,0.0
2025-12-27,32.0,77.5,0.0
2025-12-28,31.5,76.5,0.0
2025-12-28,31.5,76.75,0.0
2025-12-28,31.5,77.0,0.0
2025-12-28,31.5,77.25,0.0
2025-12-28,31.5,77.5,0.0
2025-12-28,31.75,76.5,0.0
2025-12-28,31.75,76.75,0.0
2025-12-28,31.75,77.0,0.0
2025-12-28,31.75,77.25,0.0
2025-12-28,31.75,77.5,0.0
2025-12-28,32.0,76.5,0.0
2025-12-28,32.0,76.75,0.0
2025-12-28,32.0,77.0,0.0
2025-12-28,32.0,77.25,0.0
2025-12-28,32.0,77.5,0.0
2025-12-29,31.5,76.5,0.0
2025-12-29,31.5,76.75,0.0
2025-12-29,31.5,77.0,0.0
2025-12-29,31.5,77.25,0.0
2025-12-29,31.5,77.5,0.0
2025-12-29,31.75,76.5,0.0
2025-12-29,31.75,76.75,0.0
2025-12-29,31.75,77.0,0.0
2025-12-29,31.75,77.25,0.0
2025-12-29,31.75,77.5,0.0
2025-12-29,32.0,76.5,0.0
2025-12-29,32.0,76.75,0.0
2025-12-29,32.0,77.0,0.0
2025-12-29,32.0,77.25,0.0
2025-12-29,32.0,77.5,0.0
2025-12-30,31.5,76.5,0.0
2025-12-30,31.5,76.75,0.0
2025-12-30,31.5,77.0,0.0
2025-12-30,31.5,77.25,0.0
2025-12-30,31.5,77.5,0.0
2025-12-30,31.75,76.5,0.0
2025-12-30,31.75,76.75,0.0
2025-12-30,31.75,77.0,0.0
2025-12-30,31.75,77.25,0.0
2025-12-30,31.75,77.5,0.0
2025-12-30,32.0,76.5,0.0
2025-12-30,32.0,76.75,0.0
2025-12-30,32.0,77.0,0.0
2025-12-30,32.0,77.25,0.0
2025-12-30,32.0,77.5,0.0
2025-12-31,31.5,76.5,0.0
2025-12-31,31.5,76.75,0.0
2025-12-31,31.5,77.0,0.0
2025-12-31,31.5,77.25,0.0
2025-12-31,31.5,77.5,0.0
2025-12-31,31.75,76.5,0.0
2025-12-31,31.75,76.75,0.0
2025-12-31,31.75,77.0,0.0
2025-12-31,31.75,77.25,0.0
2025-12-31,31.75,77.5,0.0
2025-12-31,32.0,76.5,0.0
2025-12-31,32.0,76.75,0.0
2025-12-31,32.0,77.0,0.0
2025-12-31,32.0,77.25,0.0
2025-12-31,32.0,77.5,0.0
