temperature_2m,dewpoint_2m,relative_humidity,surface_pressure,wind_speed_10m,wind_direction_10m,wind_gusts_10m,wind_u_10m,wind_v_10m,cloud_cover,cape,precipitation_openmeteo,rain_openmeteo,snowfall,rolling_precip_3h,rolling_precip_6h,precip_lag_1h,precip_lag_3h,precip_lag_6h,temp_dewpoint_spread,wind_gust_ratio,precip_acceleration,humidity_cape_interact,rolling_ratio_3_24,hour_sin,hour_cos,month_sin,month_cos,hour,month,day_of_year,season,is_monsoon
-1.9536938221485667,-1.7954228675406854,0.36096965235771794,0.35195667093372585,0.6029051183025171,53.010204,0.8584184855708092,-0.8914854090275595,-0.9492143635780051,-0.9766771001135072,-0.1816460878647987,-0.19807513125343568,-0.19807142307621395,-0.02969624345712769,-0.2480788643037877,-0.28745731901851257,-0.19807513125343568,-0.19807513125343568,-0.19807513125343568,-0.7801769556399606,-0.14436289425627846,6.744611840697695e-20,-0.17700969389840043,-0.35055984059429374,0.9659258262890684,0.2588190451025207,0.4999999999999999,0.8660254037844387,5,1,30,0,0
-2.0251315047024634,-1.904479670014922,0.3457283893583768,0.28591947612702545,0.2683392923406394,48.78738,0.39397684802587923,-0.6889507285202003,-0.9021734312212919,-0.9524112727139923,-0.1816460878647987,-0.19807513125343568,-0.19807142307621395,-0.02969624345712769,-0.2480788643037877,-0.28745731901851257,-0.19807513125343568,-0.19807513125343568,-0.19807513125343568,-0.7654102325134228,-0.1768636506613277,6.744611840697695e-20,-0.17700969389840043,-0.35055984059429374,1.0,6.123233995736766e-17,0.4999999999999999,0.8660254037844387,6,1,30,0,0
-2.0000823839702138,-1.9074467566011353,0.17907835754221216,0.41693677316818206,0.5607679664896252,36.181564,0.46032545251582796,-0.5703964403343024,-1.3588080374532179,-0.9766771001135072,-0.1816460878647987,-0.19807513125343568,-0.19807142307621395,-0.02969624345712769,-0.2480788643037877,-0.28745731901851257,-0.19807513125343568,-0.19807513125343568,-0.19807513125343568,-0.7294874437931582,-0.3624598060084415,6.744611840697695e-20,-0.17700969389840043,-0.35055984059429374,0.9659258262890684,-0.2588190451025206,0.4999999999999999,0.8660254037844387,7,1,30,0,0
-1.8059247253229673,-1.7977153760357991,0.25995217318492875,0.4234093453350808,0.6345421381890543,27.51562,0.39397684802587923,-0.4017889101848266,-1.5751993678858651,-0.9552567773850505,-0.1816460878647987,-0.19807513125343568,-0.19807142307621395,-0.02969624345712769,-0.2480788643037877,-0.28745731901851257,-0.19807513125343568,-0.19807513125343568,-0.19807513125343568,-0.5834337643922038,-0.4546208640588455,6.744611840697695e-20,-0.17700969389840043,-0.35055984059429374,0.8660254037844387,-0.4999999999999998,0.4999999999999999,0.8660254037844387,8,1,30,0,0
-1.4010254232023238,-1.642148883040668,-0.9329585726811933,0.5612082398227325,0.09572768337633711,14.285644,-0.4022095696129055,-0.009484161511524116,-1.3528574890493144,-0.9552567773850505,-0.1816460878647987,-0.19807513125343568,-0.19807142307621395,-0.02969624345712769,-0.2480788643037877,-0.28745731901851257,-0.19807513125343568,-0.19807513125343568,-0.19807513125343568,-0.20577152206364085,-0.6163163599195173,6.744611840697695e-20,-0.17700969389840043,-0.35055984059429374,0.7071067811865476,-0.7071067811865475,0.4999999999999999,0.8660254037844387,9,1,30,0,0
-0.7155803777726322,-1.4049444970717129,-1.3071134263100177,0.5631113833128467,0.11942314238249413,356.9417,-0.9330001631766061,0.35356031543527605,-1.4220264360114196,-1.000942927513022,-0.1816460878647987,-0.19807513125343568,-0.19807142307621395,-0.02969624345712769,-0.2480788643037877,-0.28745731901851257,-0.19807513125343568,-0.19807513125343568,-0.19807513125343568,0.45964763239232725,-1.0296717756599538,6.744611840697695e-20,-0.17700969389840043,-0.35055984059429374,0.4999999999999999,-0.8660254037844387,0.4999999999999999,0.8660254037844387,10,1,30,0,0
-0.5332400616990715,-1.480252634135809,-1.249136903526066,0.5298157937381652,0.1540660349501987,345.20694,-0.2695118333397747,0.604692640355218,-1.392058175489678,-1.000942927513022,-0.1816460878647987,-0.19807513125343568,-0.19807142307621395,-0.02969624345712769,-0.2480788643037877,-0.28745731901851257,-0.19807513125343568,-0.19807513125343568,-0.19807513125343568,0.7747117937974783,-0.5612166381364352,6.744611840697695e-20,-0.17700969389840043,-0.35055984059429374,0.258819045102521,-0.9659258262890682,0.4999999999999999,0.8660254037844387,11,1,30,0,0
-0.42394035020198023,-1.4204341987877287,-1.2463228246907183,0.3442875679586824,0.4387068503397104,326.29092,0.06223259522525782,1.059838219719004,-1.3329007364512102,-1.000942927513022,-0.1816460878647987,-0.19807513125343568,-0.19807142307621395,-0.02969624345712769,-0.2480788643037877,-0.28745731901851257,-0.19807513125343568,-0.19807513125343568,-0.19807513125343568,0.8588807414026141,-0.5340085599323706,6.744611840697695e-20,-0.17700969389840043,-0.35055984059429374,1.2246467991473532e-16,-1.0,0.4999999999999999,0.8660254037844387,12,1,30,0,0
-0.1569957872292275,-1.4040924036786588,-1.200032480406595,0.1388799720596214,1.1059074058944132,310.23624,0.26127893598833735,1.6204501400263602,-1.291047999248093,0.2973183034654288,-0.1816460878647987,-0.19807513125343568,-0.19807142307621395,-0.02969624345712769,-0.2480788643037877,-0.28745731901851257,-0.19807513125343568,-0.19807513125343568,-0.19807513125343568,1.1938666106739815,-0.7950841594810313,6.744611840697695e-20,-0.17700969389840043,-0.35055984059429374,-0.2588190451025208,-0.9659258262890684,0.4999999999999999,0.8660254037844387,13,1,30,0,0
-0.14217233602148213,-1.4135972088160533,-1.117631815513194,0.0062817469113105205,1.7495313369531043,299.15826,0.3276275404782861,2.1111747090995734,-1.1330350258488968,1.4851583103943324,-0.1816460878647987,-0.19807513125343568,-0.19807142307621395,-0.02969624345712769,-0.2480788643037877,-0.28745731901851257,-0.19807513125343568,-0.19807513125343568,-0.19807513125343568,1.2228537687180112,-1.021887962991381,6.744611840697695e-20,-0.17700969389840043,-0.35055984059429374,-0.4999999999999997,-0.8660254037844388,0.4999999999999999,0.8660254037844387,14,1,30,0,0
-0.3429958616897038,-1.229232269277721,-0.41409359061118495,-0.18132486230342387,1.5783964068837308,294.6985,-0.2695118333397747,2.1020257925050547,-0.8706637354442257,1.2417095687925461,-0.1816460878647987,-0.19807513125343568,-0.19807142307621395,-0.02969624345712769,-0.2480788643037877,-0.28745731901851257,-0.19807513125343568,-0.19807513125343568,-0.19807513125343568,0.7746915701101765,-1.239191250086093,6.744611840697695e-20,-0.17700969389840043,-0.35055984059429374,-0.7071067811865471,-0.7071067811865479,0.4999999999999999,0.8660254037844387,15,1,30,0,0
-0.39275575217401965,-1.0864267182947098,-0.9689815773364132,-0.16859452822494012,1.030812676806198,296.74423,-0.9330001631766061,1.8109710855546761,-0.7747089019730613,1.1814797419371628,-0.1816460878647987,-0.19807513125343568,-0.19807142307621395,-0.02969624345712769,-0.2480788643037877,-0.28745731901851257,-0.19807513125343568,-0.19807513125343568,-0.19807513125343568,0.5667734489078777,-1.4069081637167216,6.744611840697695e-20,-0.17700969389840043,-0.35055984059429374,-0.8660254037844385,-0.5000000000000004,0.4999999999999999,0.8660254037844387,16,1,30,0,0
-0.5438193873579255,-0.9381232453480545,-0.5676707358754496,-0.1403827813595079,0.5952762273847583,292.64673,-0.9330001631766061,1.6480816093505921,-0.48778946757234576,0.030868494289933372,-0.1816460878647987,-0.19807513125343568,-0.19807142307621395,-0.02969624345712769,-0.2480788643037877,-0.28745731901851257,-0.19807513125343568,-0.19807513125343568,-0.19807513125343568,0.2200610403224113,-1.256094808175974,6.744611840697695e-20,-0.17700969389840043,-0.35055984059429374,-0.9659258262890684,-0.2588190451025206,0.4999999999999999,0.8660254037844387,17,1,30,0,0
-0.8221737853016484,-0.9145489938680949,-0.21683505094162686,-0.04727007287999374,1.3088461511148628,313.61768,-1.7291863171687745,1.6298069418088688,-1.507820506305894,-0.629604636576012,-0.1816460878647987,-0.19807513125343568,-0.19807142307621395,-0.02969624345712769,-0.2480788643037877,-0.28745731901851257,-0.19807513125343568,-0.19807513125343568,-0.19807513125343568,-0.16975252163755566,-1.883207060646518,6.744611840697695e-20,-0.17700969389840043,-0.35055984059429374,-1.0,-1.8369701987210294e-16,0.4999999999999999,0.8660254037844387,18,1,30,0,0
-1.1226402889819196,-0.955286769609314,-0.0378476923362266,-0.018383746440846418,0.6079207885313126,350.79324,-1.198395459958457,0.5252521168399772,-1.7700261385876352,-0.8679156068039092,-0.1816460878647987,-0.19807513125343568,-0.19807142307621395,-0.02969624345712769,-0.2480788643037877,-0.28745731901851257,-0.19807513125343568,-0.19807513125343568,-0.19807513125343568,-0.5245185992711962,-1.4259728558888392,6.744611840697695e-20,-0.17700969389840043,-0.35055984059429374,-0.9659258262890684,0.2588190451025203,0.4999999999999999,0.8660254037844387,19,1,30,0,0
-1.2825610105837777,-1.0109563726970419,0.3111320293662324,0.11783233563919193,0.2914620686296417,17.920788,-0.8666512071578358,-0.11511220775791507,-1.4645257287212101,-1.000942927513022,-0.1816460878647987,-0.19807513125343568,-0.19807142307621395,-0.02969624345712769,-0.2480788643037877,-0.28745731901851257,-0.19807513125343568,-0.19807513125343568,-0.19807513125343568,-0.6794403324004639,-1.0748505349006687,6.744611840697695e-20,-0.17700969389840043,-0.35055984059429374,-0.8660254037844386,0.5000000000000001,0.4999999999999999,0.8660254037844387,20,1,30,0,0
-1.3111315134737054,-1.0530737519599587,0.6161061439940692,0.12827701322903243,0.08090567551694416,35.77595,-0.13681409706664424,-0.41283226193748546,-1.0703304390424693,-1.000942927513022,-0.1816460878647987,-0.19807513125343568,-0.19807142307621395,-0.02969624345712769,-0.2480788643037877,-0.28745731901851257,-0.19807513125343568,-0.19807513125343568,-0.19807513125343568,-0.6750290820497113,-0.4040862810226731,6.744611840697695e-20,-0.17700969389840043,-0.35055984059429374,-0.7071067811865477,0.7071067811865474,0.4999999999999999,0.8660254037844387,21,1,30,0,0
-1.487905414259365,-1.1574338362601424,0.38290102382034785,0.09592545819746459,-0.42566420908132013,47.814335,-0.004116536557924229,-0.40072616718810455,-0.5700861418498776,-1.000942927513022,-0.1816460878647987,-0.19807513125343568,-0.19807142307621395,-0.02969624345712769,-0.2480788643037877,-0.28745731901851257,-0.19807513125343568,-0.19807513125343568,-0.19807513125343568,-0.8035640420557416,0.26219119926516976,6.744611840697695e-20,-0.17700969389840043,-0.35055984059429374,-0.5000000000000004,0.8660254037844384,0.4999999999999999,0.8660254037844387,22,1,30,0,0
-1.5865642015758938,-1.2068549206627421,0.2538095593524882,0.11962807400163852,-0.7916025449649977,55.760063,-0.004116536557924229,-0.31952977088164924,-0.2676189593713602,-1.000942927513022,-0.1816460878647987,-0.19807513125343568,-0.19807142307621395,-0.02969624345712769,-0.2480788643037877,-0.28745731901851257,-0.19807513125343568,-0.19807513125343568,-0.19807513125343568,-0.8841005667695566,0.9046908310353554,6.744611840697695e-20,-0.17700969389840043,-0.35055984059429374,-0.2588190451025215,0.965925826289068,0.4999999999999999,0.8660254037844387,23,1,30,0,0
-1.7115791823873578,-1.3323955171918311,0.17858604804656883,0.11180822698779005,-1.0420328261602427,65.03788,0.06223259522525782,-0.2575206550640026,-0.03853091690207968,-1.000942927513022,-0.1816460878647987,-0.19807513125343568,-0.19807142307621395,-0.02969624345712769,-0.2480788643037877,-0.28745731901851257,-0.19807513125343568,-0.19807513125343568,-0.19807513125343568,-0.923397627985771,1.651611067804965,6.744611840697695e-20,-0.17700969389840043,-0.35055984059429374,0.0,1.0,0.4999999999999999,0.8660254037844387,0,1,31,0,0
-1.8017498823649547,-1.4242583979244898,0.17436002848219695,0.07622698092446535,-1.1758624867576135,67.8151,0.06223259522525782,-0.20327422653378135,0.038428480774047286,-1.000942927513022,-0.1816460878647987,-0.19807513125343568,-0.19807142307621395,-0.02969624345712769,-0.2480788643037877,-0.28745731901851257,-0.19807513125343568,-0.19807513125343568,-0.19807513125343568,-0.9504321061368347,2.1287594975384216,6.744611840697695e-20,-0.17700969389840043,-0.35055984059429374,0.2588190451025207,0.9659258262890684,0.4999999999999999,0.8660254037844387,1,1,31,0,0
-1.778038558075237,-1.406689235991214,0.19360729662529066,0.012104235410805055,-1.1998619344028962,71.166466,-0.07046531681228407,-0.20207286817682302,0.0860826414819486,-1.000942927513022,-0.1816460878647987,-0.19807513125343568,-0.19807142307621395,-0.02969624345712769,-0.2480788643037877,-0.28745731901851257,-0.19807513125343568,-0.19807513125343568,-0.19807513125343568,-0.9367529863905267,2.0105315059525393,6.744611840697695e-20,-0.17700969389840043,-0.35055984059429374,0.4999999999999999,0.8660254037844387,0.4999999999999999,0.8660254037844387,2,1,31,0,0
-1.9277797397612817,-1.5649235607717908,0.21361045589665087,-0.040241632069951946,-0.8990385627504138,70.33751,-0.004116536557924229,-0.3502917519100589,-0.0013358017575914713,0.06754389128140563,-0.1816460878647987,-0.19807513125343568,-0.19807142307621395,-0.02969624345712769,-0.2480788643037877,-0.28745731901851257,-0.19807513125343568,-0.19807513125343568,-0.19807513125343568,-0.9759791983940125,1.1563176861791251,6.744611840697695e-20,-0.17700969389840043,-0.35055984059429374,0.7071067811865476,0.7071067811865476,0.4999999999999999,0.8660254037844387,3,1,31,0,0
-2.00650995666907,-1.666189882928089,0.4797335092200688,-0.07697795433072159,-0.28759644020680536,77.49966,0.12858137547961765,-0.6913072653489483,0.014477086219519337,1.4269835257834518,-0.1816460878647987,-0.19807513125343568,-0.19807142307621395,-0.02969624345712769,-0.2480788643037877,-0.28745731901851257,-0.19807513125343568,-0.19807513125343568,-0.19807513125343568,-0.9785794341236697,0.19881373033207694,6.744611840697695e-20,-0.17700969389840043,-0.35055984059429374,0.8660254037844386,0.5000000000000001,0.4999999999999999,0.8660254037844387,4,1,31,0,0
-1.642567209308477,-1.2011236078756407,1.034975116482728,0.7638836000181553,-0.9534321209278606,74.54741,-0.6012560861403962,-0.33743479493925127,0.0778944157419971,1.5323462699786614,-0.1816460878647987,-0.19807513125343568,-0.19807142307621395,-0.02969624345712769,-0.2480788643037877,-0.28745731901851257,-0.19807513125343568,-0.19807513125343568,-0.19807513125343568,-0.9635141795343282,0.5029789189128759,6.744611840697695e-20,-0.17700969389840043,-0.35055984059429374,0.9659258262890684,0.2588190451025207,0.8660254037844386,0.5000000000000001,5,2,37,0,0
-1.7150543845490063,-1.3033028516250822,0.9950192632939122,0.811725989339117,-1.1922451404113197,59.330475,-0.6012560861403962,-0.1608104594358806,-0.05615052125058401,1.5015989591552892,-0.1816460878647987,-0.19807513125343568,-0.19807142307621395,-0.02969624345712769,-0.2480788643037877,-0.28745731901851257,-0.19807513125343568,-0.19807513125343568,-0.19807513125343568,-0.956988327177851,1.1228461899664464,6.744611840697695e-20,-0.17700969389840043,-0.35055984059429374,1.0,6.123233995736766e-17,0.8660254037844386,0.5000000000000001,6,2,37,0,0
-1.7550345712478883,-1.362218453554187,0.7911105517720689,0.8629299707257712,-0.7420745412782612,64.20155,-0.4022095696129055,-0.3974108299566294,-0.1495692429193897,1.5307653088649738,-0.1816460878647987,-0.19807513125343568,-0.19807142307621395,-0.02969624345712769,-0.2480788643037877,-0.28745731901851257,-0.19807513125343568,-0.19807513125343568,-0.19807513125343568,-0.9508368119579736,0.3409087658672162,6.744611840697695e-20,-0.17700969389840043,-0.35055984059429374,0.9659258262890684,-0.2588190451025206,0.8660254037844386,0.5000000000000001,7,2,37,0,0
-1.6262060624882624,-1.2330666563070105,0.3812080745738989,1.0048479460742086,-0.812707923990394,66.89872,-0.3358606135941342,-0.3776922082513517,-0.0815771203997474,1.4851583103943324,-0.1816460878647987,-0.19807513125343568,-0.19807142307621395,-0.02969624345712769,-0.2480788643037877,-0.28745731901851257,-0.19807513125343568,-0.19807513125343568,-0.19807513125343568,-0.9101232140606018,0.5505157243087981,6.744611840697695e-20,-0.17700969389840043,-0.35055984059429374,0.8660254037844387,-0.4999999999999998,0.8660254037844386,0.5000000000000001,8,2,37,0,0
-1.4709599632613475,-1.2632547945460775,-0.8380454045002913,1.0820778857634188,-1.4458115141401664,80.54835,-0.4022095696129055,-0.09373016387743614,0.23486306947141825,0.12832702862616785,-0.1816460878647987,-0.19807513125343568,-0.19807142307621395,-0.02969624345712769,-0.2480788643037877,-0.28745731901851257,-0.19807513125343568,-0.19807513125343568,-0.19807513125343568,-0.6757171018377987,2.2900982664416403,6.744611840697695e-20,-0.17700969389840043,-0.35055984059429374,0.7071067811865476,-0.7071067811865475,0.8660254037844386,0.5000000000000001,9,2,37,0,0
-1.112060837354719,-1.2168363961844977,-1.0193198602058429,1.1101520786934096,-2.0587465539231444,129.4661,-0.8003026026678864,0.24105903677170373,0.38216829286625253,-0.05947625894334681,-0.1816460878647987,-0.19807513125343568,-0.19807142307621395,-0.02969624345712769,-0.2480788643037877,-0.28745731901851257,-0.19807513125343568,-0.19807513125343568,-0.19807513125343568,-0.24972261733898812,2.2900982664416403,6.744611840697695e-20,-0.17700969389840043,-0.35055984059429374,0.4999999999999999,-0.8660254037844387,0.8660254037844386,0.5000000000000001,10,2,37,0,0
-0.924399996206703,-1.0963272557469477,-0.928535774542604,1.1068507842432218,-1.1368882826544484,222.77725,-0.4022095696129055,0.6632131762377494,0.9073088333695957,-0.5046395803965847,-0.1816460878647987,-0.19807513125343568,-0.19807142307621395,-0.02969624345712769,-0.2480788643037877,-0.28745731901851257,-0.19807513125343568,-0.19807513125343568,-0.19807513125343568,-0.1229683364231002,1.2633590288244274,6.744611840697695e-20,-0.17700969389840043,-0.35055984059429374,0.258819045102521,-0.9659258262890682,0.8660254037844386,0.5000000000000001,11,2,37,0,0
-0.7979396167906548,-0.9887615585415115,-0.8702522844440753,1.001418519191025,-0.2742336062785715,229.68866,0.26127893598833735,1.0591451429178222,1.2643586836150715,-0.4505749838763547,-0.1816460878647987,-0.19807513125343568,-0.19807142307621395,-0.02969624345712769,-0.2480788643037877,-0.28745731901851257,-0.19807513125343568,-0.19807513125343568,-0.19807513125343568,-0.06384073970145794,0.29975008577090784,6.744611840697695e-20,-0.17700969389840043,-0.35055984059429374,1.2246467991473532e-16,-1.0,0.8660254037844386,0.5000000000000001,12,2,37,0,0
-0.4717935837853103,-0.9293589986171565,-0.7605101080074184,0.8536818239440754,0.4353989814543179,235.90515,1.2565115186257905,1.4380152923911114,1.4427260977356797,-0.7765433065479662,-0.1816460878647987,-0.19807513125343568,-0.19807142307621395,-0.02969624345712769,-0.2480788643037877,-0.28745731901851257,-0.19807513125343568,-0.19807513125343568,-0.19807513125343568,0.3061017233409272,0.25666275077926215,6.744611840697695e-20,-0.17700969389840043,-0.35055984059429374,-0.2588190451025208,-0.9659258262890684,0.8660254037844386,0.5000000000000001,13,2,37,0,0
-0.4820038221873002,-1.05623864653455,-0.6732099470640863,0.7733993174687477,0.8652411942465167,245.17166,1.1901625626070196,1.755835179442792,1.3003106241653029,-0.28577286748219455,-0.1816460878647987,-0.19807513125343568,-0.19807142307621395,-0.02969624345712769,-0.2480788643037877,-0.28745731901851257,-0.19807513125343568,-0.19807513125343568,-0.19807513125343568,0.41921744792266136,-0.14217553665626986,6.744611840697695e-20,-0.17700969389840043,-0.35055984059429374,-0.4999999999999997,-0.8660254037844388,0.8660254037844386,0.5000000000000001,14,2,37,0,0
-0.5235833282140298,-0.9694881599629471,-0.6125353431467472,0.7269889965166157,1.0612533818516812,255.78311,0.12858137547961765,1.9568334324591643,0.9326691366811041,-0.331775183932492,-0.1816460878647987,-0.19807513125343568,-0.19807142307621395,-0.02969624345712769,-0.2480788643037877,-0.28745731901851257,-0.19807513125343568,-0.19807513125343568,-0.19807513125343568,0.2779745527342228,-0.8450363091735582,6.744611840697695e-20,-0.17700969389840043,-0.35055984059429374,-0.7071067811865471,-0.7071067811865479,0.8660254037844386,0.5000000000000001,15,2,37,0,0
-0.5945327322610814,-0.9227857304703494,-0.5074319856081984,0.741686540301701,0.4338269503177154,264.58716,-1.1320466797040971,1.6696022685913074,0.5139423991725444,0.05086604655257289,-0.1816460878647987,-0.19807513125343568,-0.19807142307621395,-0.02969624345712769,-0.2480788643037877,-0.28745731901851257,-0.19807513125343568,-0.19807513125343568,-0.19807513125343568,0.1380269681406809,-1.3195317909268356,6.744611840697695e-20,-0.17700969389840043,-0.35055984059429374,-0.8660254037844385,-0.5000000000000004,0.8660254037844386,0.5000000000000001,16,2,37,0,0
-0.691530815874244,-0.7679089893768866,-0.25079732646906544,0.721481186198159,-0.0373821958815006,252.59036,-1.5301398006412839,1.3730605585308409,0.8141553059142376,-0.34205062825870713,-0.1816460878647987,-0.19807513125343568,-0.19807142307621395,-0.02969624345712769,-0.2480788643037877,-0.28745731901851257,-0.19807513125343568,-0.19807513125343568,-0.19807513125343568,-0.14409421567701036,-1.410327417018941,6.744611840697695e-20,-0.17700969389840043,-0.35055984059429374,-0.9659258262890684,-0.2588190451025206,0.8660254037844386,0.5000000000000001,17,2,37,0,0
-0.6009602671694332,-0.8605023071024214,0.012825331945432457,0.7700641056098251,0.2832552292739197,251.40784,-1.7291863171687745,1.5274711049990035,0.9241991183269287,-0.4282061712460639,-0.1816460878647987,-0.19807513125343568,-0.19807142307621395,-0.02969624345712769,-0.2480788643037877,-0.28745731901851257,-0.19807513125343568,-0.19807513125343568,-0.19807513125343568,0.06744613368899459,-1.6733499485602226,6.744611840697695e-20,-0.17700969389840043,-0.35055984059429374,-1.0,-1.8369701987210294e-16,0.8660254037844386,0.5000000000000001,18,2,37,0,0
-0.8622769423009231,-0.8537668304220424,0.44442518837176176,0.8471621442650568,-1.8617295529342328,300.67694,-0.8666512071578358,0.431418261856253,0.20448043552297024,-0.6399591030574999,-0.1816460878647987,-0.19807513125343568,-0.19807142307621395,-0.02969624345712769,-0.2480788643037877,-0.28745731901851257,-0.19807513125343568,-0.19807513125343568,-0.19807513125343568,-0.2831513778415167,2.2900982664416403,6.744611840697695e-20,-0.17700969389840043,-0.35055984059429374,-0.9659258262890684,0.2588190451025203,0.8660254037844386,0.5000000000000001,19,2,37,0,0
-1.0586719247601684,-0.8472747496406549,0.8908282757867437,0.9492309329510593,-1.4890310846761856,80.2245,-0.6676048663947559,-0.07070777262339444,0.23736595188374157,-0.6422513153694669,-0.1816460878647987,-0.19807513125343568,-0.19807142307621395,-0.02969624345712769,-0.2480788643037877,-0.28745731901851257,-0.19807513125343568,-0.19807513125343568,-0.19807513125343568,-0.5480724813768396,2.246142275454565,6.744611840697695e-20,-0.17700969389840043,-0.35055984059429374,-0.8660254037844386,0.5000000000000001,0.8660254037844386,0.5000000000000001,20,2,37,0,0
-1.0884110360057015,-0.8318154952641371,0.9381193952366051,1.0920609097343559,-1.1542256399541504,76.542175,-0.5349071301216252,-0.23919975464379953,0.14497489716979617,-0.13330126355916316,-0.1816460878647987,-0.19807513125343568,-0.19807142307621395,-0.02969624345712769,-0.2480788643037877,-0.28745731901851257,-0.19807513125343568,-0.19807513125343568,-0.19807513125343568,-0.6026269553653495,1.1108194207346467,6.744611840697695e-20,-0.17700969389840043,-0.35055984059429374,-0.7071067811865477,0.7071067811865474,0.8660254037844386,0.5000000000000001,21,2,37,0,0
-1.2686601515498446,-0.9210004394174555,0.8002992398437775,1.1294002081504313,-0.5270499705841076,72.51461,-0.5349071301216252,-0.5472354110086054,-0.05159229406571245,-0.09733727316843899,-0.1816460878647987,-0.19807513125343568,-0.19807142307621395,-0.02969624345712769,-0.2480788643037877,-0.28745731901851257,-0.19807513125343568,-0.19807513125343568,-0.19807513125343568,-0.7508710590226176,-0.12498416495215708,6.744611840697695e-20,-0.17700969389840043,-0.35055984059429374,-0.5000000000000004,0.8660254037844384,0.8660254037844386,0.5000000000000001,22,2,37,0,0
-1.439467876498232,-1.0454049114224722,0.5750436836203557,1.1229370574859565,0.12414976723391868,81.91453,-0.8666512071578358,-0.9219701139126586,0.0794193503619945,0.19013768709318132,-0.1816460878647987,-0.19807513125343568,-0.19807142307621395,-0.02969624345712769,-0.2480788643037877,-0.28745731901851257,-0.19807513125343568,-0.19807513125343568,-0.19807513125343568,-0.8515622286960638,-0.9829685596271586,6.744611840697695e-20,-0.17700969389840043,-0.35055984059429374,-0.2588190451025215,0.965925826289068,0.8660254037844386,0.5000000000000001,23,2,37,0,0
-1.4067149095652953,-0.9738702833283961,0.4182540010609588,1.086505991903801,-0.4065473654768263,79.56281,-0.6676048663947559,-0.6362637947121315,0.08173990021081813,0.24649449592537837,-0.1816460878647987,-0.19807513125343568,-0.19807142307621395,-0.02969624345712769,-0.2480788643037877,-0.28745731901851257,-0.19807513125343568,-0.19807513125343568,-0.19807513125343568,-0.8798108243105445,-0.3956935495710477,6.744611840697695e-20,-0.17700969389840043,-0.35055984059429374,0.0,1.0,0.8660254037844386,0.5000000000000001,0,2,38,0,0
-1.4998071556255759,-1.0594440932425335,0.6333602121879874,1.0686126744956936,-0.8540046952255533,70.3463,-0.4022095696129055,-0.3728867369711534,-0.012756229301037517,0.27305251880159276,-0.1816460878647987,-0.19807513125343568,-0.19807142307621395,-0.02969624345712769,-0.2480788643037877,-0.28745731901851257,-0.19807513125343568,-0.19807513125343568,-0.19807513125343568,-0.9169627324917738,0.5518409328316116,6.744611840697695e-20,-0.17700969389840043,-0.35055984059429374,0.2588190451025207,0.9659258262890684,0.8660254037844386,0.5000000000000001,1,2,38,0,0
-1.5534422103702668,-1.112679072551278,0.6666441099185163,1.0167001961265465,-0.8902283002533561,68.15234,-0.6012560861403962,-0.34547473565856834,-0.03854749357720038,0.5394233317222267,-0.1816460878647987,-0.19807513125343568,-0.19807142307621395,-0.02969624345712769,-0.2480788643037877,-0.28745731901851257,-0.19807513125343568,-0.19807513125343568,-0.19807513125343568,-0.9344462759322263,0.3736644782178597,6.744611840697695e-20,-0.17700969389840043,-0.35055984059429374,0.4999999999999999,0.8660254037844387,0.8660254037844386,0.5000000000000001,2,2,38,0,0
-1.5285007295905737,-1.0708457244193794,0.5595399281686915,0.8827339688259361,-0.637034511850928,74.44074,-0.8003026026678864,-0.49924996803437516,0.011443793654645198,0.3430045571950459,-0.1631655100648522,-0.19807513125343568,-0.19807142307621395,-0.02969624345712769,-0.2480788643037877,-0.28745731901851257,-0.19807513125343568,-0.19807513125343568,-0.19807513125343568,-0.9433498371508681,-0.2620838155681277,6.744611840697695e-20,-0.15221097370857034,-0.35055984059429374,0.7071067811865476,0.7071067811865476,0.8660254037844386,0.5000000000000001,3,2,38,0,0
-1.5768151962766361,-1.1108126772315983,0.7823132424881948,0.8181702969987223,-0.7694197140720486,69.11605,-0.7339538224135272,-0.40970175780378054,-0.05606764873780837,-0.11290847101810189,-0.13544464336493242,0.44666847107003516,0.4510945779705652,-0.02969624345712769,0.021090481723954727,-0.13150953445361888,-0.19807513125343568,-0.19807513125343568,-0.19807513125343568,-0.9670655087549269,6.82936019846797e-05,6.744611840697695e-20,-0.1111241526699665,4.2930590113052585,0.8660254037844386,0.5000000000000001,0.8660254037844386,0.5000000000000001,4,2,38,0,0
-1.7956067839842473,-1.5171458848143904,0.6205953821309641,0.2862511130124307,-0.44104580651423503,67.14991,0.06223259522525782,-0.5611204912032044,-0.18754340748041112,-0.9992830500731426,-0.10772377666501268,-0.19807513125343568,-0.19807142307621395,-0.02969624345712769,-0.2480788643037877,-0.28745731901851257,-0.19807513125343568,-0.19807513125343568,-0.19807513125343568,-0.8497005719727492,0.34841945453154743,6.744611840697695e-20,-0.07610955444384576,-0.35055984059429374,0.9659258262890684,0.2588190451025207,0.8660254037844386,0.5000000000000001,5,2,47,0,0
-1.7831860152376764,-1.5582945002021147,0.5085031176668005,0.2622451248301234,-0.3458104069161555,69.08092,-0.07046531681228407,-0.6200221776887845,-0.17212831625488567,-1.000942927513022,-0.14352989615240902,-0.19807513125343568,-0.19807142307621395,-0.02969624345712769,-0.2480788643037877,-0.28745731901851257,-0.19807513125343568,-0.19807513125343568,-0.19807513125343568,-0.7923131572362668,0.09253915362007256,6.744611840697695e-20,-0.12659732667057833,-0.35055984059429374,1.0,6.123233995736766e-17,0.8660254037844386,0.5000000000000001,6,2,47,0,0
-1.7200903597243045,-1.5473645368718631,0.38861377449435053,0.3823202889533423,-0.27066045891783697,68.92311,0.659371969043318,-0.6563636275842417,-0.19634490502286137,-0.9856878633511669,-0.1781809795273087,-0.19807513125343568,-0.19807142307621395,-0.02969624345712769,-0.2480788643037877,-0.28745731901851257,-0.19807513125343568,-0.19807513125343568,-0.19807513125343568,-0.72018421609841,0.6485101366436384,6.744611840697695e-20,-0.17258371094593464,-0.35055984059429374,0.9659258262890684,-0.2588190451025206,0.8660254037844386,0.5000000000000001,7,2,47,0,0
-1.4523614296449603,-1.46601569418655,0.012814077082331466,0.5033979009347206,0.12956734004552817,65.76881,0.5930230130245476,-0.8290373344752003,-0.39553103712219356,-0.9873477409464488,-0.1816460878647987,-0.19807513125343568,-0.19807142307621395,-0.02969624345712769,-0.2480788643037877,-0.28745731901851257,-0.19807513125343568,-0.19807513125343568,-0.19807513125343568,-0.4490052737937388,0.09795181887557573,6.744611840697695e-20,-0.17700969389840043,-0.35055984059429374,0.8660254037844387,-0.4999999999999998,0.8660254037844386,0.5000000000000001,8,2,47,0,0
-1.14641303543766,-1.2786684277725282,-0.6904859803940565,0.5386154770043642,-0.7347810910077024,66.14854,-0.13681409706664424,-0.4118272589381705,-0.11810921199071935,-1.000942927513022,-0.1816460878647987,-0.19807513125343568,-0.19807142307621395,-0.02969624345712769,-0.2480788643037877,-0.28745731901851257,-0.19807513125343568,-0.19807513125343568,-0.19807513125343568,-0.23325606014113678,0.6330195426698279,6.744611840697695e-20,-0.17700969389840043,-0.35055984059429374,0.7071067811865476,-0.7071067811865475,0.8660254037844386,0.5000000000000001,9,2,47,0,0
-0.34422594259867084,-1.1664974042707148,-1.0660215515833025,0.6403488602039789,-1.7254641549025116,52.202835,-0.4685583498672653,0.0998519705339936,0.11624980037948325,-1.000942927513022,-0.17587090730231542,-0.19807513125343568,-0.19807142307621395,-0.02969624345712769,-0.2480788643037877,-0.28745731901851257,-0.19807513125343568,-0.19807513125343568,-0.19807513125343568,0.7105000449720938,2.2900982664416403,6.744611840697695e-20,-0.17280707790757216,-0.35055984059429374,0.4999999999999999,-0.8660254037844387,0.8660254037844386,0.5000000000000001,10,2,47,0,0
-0.21262970770494685,-1.1275297956310006,-0.857542639522257,0.59367473718389,-1.1899726830170765,277.6801,0.5930230130245476,0.8073196957738608,0.22576319720820967,-1.000942927513022,0.40626729339599943,-0.19807513125343568,-0.19807142307621395,-0.02969624345712769,-0.2480788643037877,-0.28745731901851257,-0.19807513125343568,-0.19807513125343568,-0.19807513125343568,0.8448070442556112,2.2900982664416403,6.744611840697695e-20,0.2971256508089499,-0.35055984059429374,0.258819045102521,-0.9659258262890682,0.8660254037844386,0.5000000000000001,11,2,47,0,0
-0.1304242760386756,-1.0557922406726923,-0.8454511044207429,0.48792779395065516,-0.19224391389992426,273.95502,0.8584184855708092,1.3402423310548486,0.22181825812007847,-1.000942927513022,1.399598350143124,-0.19807513125343568,-0.19807142307621395,-0.02969624345712769,-0.2480788643037877,-0.28745731901851257,-0.19807513125343568,-0.19807513125343568,-0.19807513125343568,0.8814329707990612,0.7056413284098919,6.744611840697695e-20,1.105442650931498,-0.35055984059429374,1.2246467991473532e-16,-1.0,0.8660254037844386,0.5000000000000001,12,2,47,0,0
0.06461755443653205,-1.0811469634847737,-0.8828658999694353,0.3211935812112343,0.4760409531910607,277.5551,0.8584184855708092,1.686005590917475,0.0601919280178894,-0.8707611140650087,2.2289142789157235,-0.19807513125343568,-0.19807142307621395,-0.02969624345712769,-0.2480788643037877,-0.28745731901851257,-0.19807513125343568,-0.19807513125343568,-0.19807513125343568,1.163387309196511,-0.04120104446782126,6.744611840697695e-20,1.7439747268824872,-0.35055984059429374,-0.2588190451025208,-0.9659258262890684,0.8660254037844386,0.5000000000000001,13,2,47,0,0
0.08971284256797668,-1.0908090078574266,-1.033926857210428,0.15616654471148328,0.27595124756174305,300.7099,0.39397684802587923,1.409032266526028,-0.6289120473859314,-0.6263639252970666,2.432200634715135,-0.19807513125343568,-0.19807142307621395,-0.02969624345712769,-0.2480788643037877,-0.28745731901851257,-0.19807513125343568,-0.19807513125343568,-0.19807513125343568,1.2060485144882316,-0.18343575651900773,6.744611840697695e-20,1.7567902432817615,-0.35055984059429374,-0.4999999999999997,-0.8660254037844388,0.8660254037844386,0.5000000000000001,14,2,47,0,0
-0.032318993639095066,-0.997606992637829,-1.0544197845567314,-0.04109522018976543,0.5508204506146396,308.63885,0.26127893598833735,1.4207110080757723,-0.9725856288174481,-0.33920513135777236,0.4316780878709259,-0.19807513125343568,-0.19807142307621395,-0.02969624345712769,-0.2480788643037877,-0.28745731901851257,-0.19807513125343568,-0.19807513125343568,-0.19807513125343568,0.9524995881658164,-0.4814506557655037,6.744611840697695e-20,0.27199658999854376,-0.35055984059429374,-0.7071067811865471,-0.7071067811865479,0.8660254037844386,0.5000000000000001,15,2,47,0,0
-0.034779281425376764,-1.0653376145632067,-1.2353745658442048,-0.13949716013144006,0.3024783835120402,312.76535,-0.4685583498672653,1.2556613731120028,-0.9574191659930773,-0.1734544900962224,0.7481579826950098,-0.19807513125343568,-0.19807142307621395,-0.02969624345712769,-0.2480788643037877,-0.28745731901851257,-0.19807513125343568,-0.19807513125343568,-0.19807513125343568,1.0168176273870866,-0.8043470976730763,6.744611840697695e-20,0.4401172783977587,-0.35055984059429374,-0.8660254037844385,-0.5000000000000004,0.8660254037844386,0.5000000000000001,16,2,47,0,0
-0.14515539244803147,-0.6935950443699878,-1.1623796989623316,-0.18380648604251149,0.2752907553921819,296.17477,-0.6676048663947559,1.457837894542749,-0.4985634373745685,0.15543836199176153,2.4668517180900347,-0.19807513125343568,-0.19807142307621395,-0.02969624345712769,-0.2480788643037877,-0.28745731901851257,-0.19807513125343568,-0.19807513125343568,-0.19807513125343568,0.5007860437605898,-0.9269687849293734,6.744611840697695e-20,1.653887512201145,-0.35055984059429374,-0.9659258262890684,-0.2588190451025206,0.8660254037844386,0.5000000000000001,17,2,47,0,0
-0.4425773671483916,-0.7769218672207177,-0.915390639030797,-0.12267977830042495,0.7753923424023084,307.01038,-0.4022095696129055,1.54136769231253,-1.02907439696673,0.2801662740041355,1.9459304313540424,-0.19807513125343568,-0.19807142307621395,-0.02969624345712769,-0.2480788643037877,-0.28745731901851257,-0.19807513125343568,-0.19807513125343568,-0.19807513125343568,0.19250543753387972,-1.0117428872827996,6.744611840697695e-20,1.4923188199154023,-0.35055984059429374,-1.0,-1.8369701987210294e-16,0.8660254037844386,0.5000000000000001,18,2,47,0,0
-0.7662322501224269,-0.823974308159731,-0.5472760162862046,-0.06868514789506534,1.025142918662879,338.5086,-0.2695118333397747,0.911965866815886,-1.9460564153214714,0.030868494289933372,1.665256656017355,-0.19807513125343568,-0.19807142307621395,-0.02969624345712769,-0.2480788643037877,-0.28745731901851257,-0.19807513125343568,-0.19807513125343568,-0.19807513125343568,-0.186477013732471,-1.0444923261598824,6.744611840697695e-20,1.5289703122699583,-0.35055984059429374,-0.9659258262890684,0.2588190451025203,0.8660254037844386,0.5000000000000001,19,2,47,0,0
-1.0514370587155573,-0.880693779389437,-0.3197291877714812,0.002618666767965117,1.1230150212183938,1.7425281,-0.8666512071578358,0.23513305221548447,-2.189382778887953,-0.40560021444871985,1.9158994924291295,-0.19807513125343568,-0.19807142307621395,-0.02969624345712769,-0.2480788643037877,-0.28745731901851257,-0.19807513125343568,-0.19807513125343568,-0.19807513125343568,-0.505219068171787,-1.3988922443374947,6.744611840697695e-20,1.940820410699411,-0.35055984059429374,-0.8660254037844386,0.5000000000000001,0.8660254037844386,0.5000000000000001,20,2,47,0,0
-1.146021021941633,-0.9691685626165765,0.5084098112210922,0.08582749189691634,0.9167083494319752,27.83612,-0.6012560861403962,-0.4792771676988442,-1.7600808939131691,-0.9144712182033391,1.6548613310048852,-0.19807513125343568,-0.19807142307621395,-0.02969624345712769,-0.2480788643037877,-0.28745731901851257,-0.19807513125343568,-0.19807513125343568,-0.19807513125343568,-0.5414405209691983,-1.1849241042056666,6.744611840697695e-20,2.2518850747214403,-0.35055984059429374,-0.7071067811865477,0.7071067811865474,0.8660254037844386,0.5000000000000001,21,2,47,0,0
-1.2612639200526592,-1.0523534530004315,0.8414128916915953,0.13529980113761125,0.361959396501417,47.92567,-0.13681409706664424,-0.7129319428883881,-0.9710109533092608,-0.9766771001135072,1.1166145025814431,-0.19807513125343568,-0.19807142307621395,-0.02969624345712769,-0.2480788643037877,-0.28745731901851257,-0.19807513125343568,-0.19807513125343568,-0.19807513125343568,-0.6101243072447916,-0.615111273297369,6.744611840697695e-20,1.703363269209973,-0.35055984059429374,-0.5000000000000004,0.8660254037844384,0.8660254037844386,0.5000000000000001,22,2,47,0,0
-1.3355731518522944,-1.0970980786759479,0.848000254146575,0.13650575344817995,-0.1267215536582603,65.14434,-0.13681409706664424,-0.6997861950848696,-0.33073793046732125,-0.9173957631599584,0.643049696457814,-0.19807513125343568,-0.19807142307621395,-0.02969624345712769,-0.2480788643037877,-0.28745731901851257,-0.19807513125343568,-0.19807513125343568,-0.19807513125343568,-0.6632824350858602,-0.2134025940963631,6.744611840697695e-20,1.0195146581868761,-0.35055984059429374,-0.2588190451025215,0.965925826289068,0.8660254037844386,0.5000000000000001,23,2,47,0,0
-1.3677380355570168,-1.1121618666532511,0.7737606357117421,0.09946040590781395,-0.5762773443076935,68.81283,-0.2695118333397747,-0.5040785671095229,-0.11464496932401852,-1.000942927513022,0.27112806823389063,-0.19807513125343568,-0.19807142307621395,-0.02969624345712769,-0.2480788643037877,-0.28745731901851257,-0.19807513125343568,-0.19807513125343568,-0.19807513125343568,-0.6905849102472602,0.216855883009979,6.744611840697695e-20,0.4672055222828749,-0.35055984059429374,0.0,1.0,0.8660254037844386,0.5000000000000001,0,2,48,0,0
-1.5062886049864659,-1.16920076903206,0.7139435797506785,0.03742169673086814,-0.9327351910570948,70.30545,-0.2695118333397747,-0.3332877579758851,0.006819270632118638,-0.9856878633511669,-0.026871248790246723,-0.19807513125343568,-0.19807142307621395,-0.02969624345712769,-0.2480788643037877,-0.28745731901851257,-0.19807513125343568,-0.19807513125343568,-0.19807513125343568,-0.8160188496110176,0.8948634448252879,6.744611840697695e-20,0.039708765373038774,-0.35055984059429374,0.2588190451025207,0.9659258262890684,0.8660254037844386,0.5000000000000001,1,2,48,0,0
-1.5431741524969795,-1.164098512904352,0.5784528179596558,0.049933451953034266,-0.7467722758236267,69.36101,-0.20316287732100374,-0.4221082110685835,-0.0578743542463741,-0.9630819132879298,-0.16085543783985887,-0.19807513125343568,-0.19807142307621395,-0.02969624345712769,-0.2480788643037877,-0.28745731901851257,-0.19807513125343568,-0.19807513125343568,-0.19807513125343568,-0.8696474268337488,0.579517814287277,6.744611840697695e-20,-0.14896256877935635,-0.35055984059429374,0.4999999999999999,0.8660254037844387,0.8660254037844386,0.5000000000000001,2,2,48,0,0
-1.7242267697396314,-1.3477634461695809,0.41208089018011557,-0.01565151073720823,-0.6364420471015456,59.62946,-0.13681409706664424,-0.4172796119934359,-0.26727088178230923,-0.9873477409464488,0.044740990184545984,-0.19807513125343568,-0.19807142307621395,-0.02969624345712769,-0.2480788643037877,-0.28745731901851257,-0.19807513125343568,-0.19807513125343568,-0.19807513125343568,-0.9247129799232474,0.45459998765555665,6.744611840697695e-20,0.11416177637028624,-0.35055984059429374,0.7071067811865476,0.7071067811865476,0.8660254037844386,0.5000000000000001,3,2,48,0,0
-1.7501831397010224,-1.3817860212971178,0.6526430602208843,0.003033212874727117,-0.3906858758664156,61.74871,-0.004116536557924229,-0.5472469938322626,-0.3182069308677561,-0.9552567773850505,-0.13775471558992575,-0.19807513125343568,-0.19807142307621395,-0.02969624345712769,-0.2480788643037877,-0.28745731901851257,-0.19807513125343568,-0.19807513125343568,-0.19807513125343568,-0.9249355565211188,0.21356271825087114,6.744611840697695e-20,-0.1165687817054984,-0.35055984059429374,0.8660254037844386,0.5000000000000001,0.8660254037844386,0.5000000000000001,4,2,48,0,0
-0.1911018431620285,0.4497617200165335,-0.3400934103123232,-0.4034217076004825,0.6195190367214757,76.10137,0.7257209250620889,-1.1541231343774572,-0.18605161534782733,-0.9200041417942515,9.465215523707275,-0.19807513125343568,-0.19807142307621395,-0.02969624345712769,-0.2480788643037877,-0.28745731901851257,-0.19807513125343568,-0.19807513125343568,-0.19807513125343568,-0.7000802629713769,-0.23932013083490195,6.744611840697695e-20,9.488918892012492,-0.35055984059429374,0.9659258262890684,0.2588190451025207,1.0,6.123233995736766e-17,5,3,78,1,0
-0.24529040282366793,0.37132940670850706,-0.5631146946801483,-0.26294710642375785,0.23026272285524482,76.78395,0.7257209250620889,-0.9566942836657184,-0.09342851977067565,-0.9313861578884433,8.67286075053457,-0.19807513125343568,-0.19807142307621395,-0.02969624345712769,-0.2480788643037877,-0.28745731901851257,-0.19807513125343568,-0.19807513125343568,-0.19807513125343568,-0.6931599492517544,0.09324406999256706,6.744611840697695e-20,7.9488912964665355,-0.35055984059429374,1.0,6.123233995736766e-17,1.0,6.123233995736766e-17,6,3,78,1,0
-0.07282197417191434,0.4296363942421826,-0.6402783991606384,-0.16952348836418824,0.5698055088821341,74.011,0.5930230130245476,-1.114720563733143,-0.2507618060386131,-1.000942927513022,8.481124755860126,-0.19807513125343568,-0.19807142307621395,-0.02969624345712769,-0.2480788643037877,-0.28745731901851257,-0.19807513125343568,-0.19807513125343568,-0.19807513125343568,-0.5243566440048519,-0.28536545515227946,6.744611840697695e-20,7.520375134388427,-0.35055984059429374,0.9659258262890684,-0.2588190451025206,1.0,6.123233995736766e-17,7,3,78,1,0
0.1506365518414698,0.48550892419414293,-1.0104078239303587,-0.040612839265533676,-0.074510081720635,74.98094,0.46032545251582796,-0.7902931678658266,-0.0891520634743724,-0.8737646993071888,8.332125097348056,-0.19807513125343568,-0.19807142307621395,-0.02969624345712769,-0.2480788643037877,-0.28745731901851257,-0.19807513125343568,-0.19807513125343568,-0.19807513125343568,-0.2860247991176787,0.21918400307401878,6.744611840697695e-20,6.197380172089171,-0.35055984059429374,0.8660254037844387,-0.4999999999999998,1.0,6.123233995736766e-17,8,3,78,1,0
0.3981138404923879,0.5687697667294759,-1.1319964699010079,0.03739720082455724,-0.7031696881413164,87.83079,0.06223259522525782,-0.4934741513801575,0.2836609284286106,-0.8947898141327377,8.411822589110326,-0.19807513125343568,-0.19807142307621395,-0.02969624345712769,-0.2480788643037877,-0.28745731901851257,-0.19807513125343568,-0.19807513125343568,-0.19807513125343568,-0.04340304600356452,0.7974289795525142,6.744611840697695e-20,5.8622739413857285,-0.35055984059429374,0.7071067811865476,-0.7071067811865475,1.0,6.123233995736766e-17,9,3,78,1,0
0.8741549003260325,0.6145389985622338,-1.1349379828314667,0.052797588690650946,-1.0246420289101705,144.94421,0.06223259522525782,-0.06276025223819894,1.0444202054144645,-0.7999396765610844,8.259357822260768,-0.19807513125343568,-0.19807142307621395,-0.02969624345712769,-0.2480788643037877,-0.28745731901851257,-0.19807513125343568,-0.19807513125343568,-0.19807513125343568,0.537391746616738,1.59686489595879,6.744611840697695e-20,5.745744231186034,-0.35055984059429374,0.4999999999999999,-0.8660254037844387,1.0,6.123233995736766e-17,10,3,78,1,0
1.0426252196106882,0.7305443592341568,-1.210261698724995,-0.0045906668886769725,-1.022533719688384,184.73529,1.1901625626070196,0.33903992114832127,1.202201040185005,-0.8378006907861766,7.996009588611529,-0.19807513125343568,-0.19807142307621395,-0.02969624345712769,-0.2480788643037877,-0.28745731901851257,-0.19807513125343568,-0.19807513125343568,-0.19807513125343568,0.6433844233020436,2.2900982664416403,6.744611840697695e-20,5.328232914894392,-0.35055984059429374,0.258819045102521,-0.9659258262890682,1.0,6.123233995736766e-17,11,3,78,1,0
1.0696580268881466,0.7114333353864314,-1.377643841232874,-0.16319977593561402,-0.6485133562638313,207.1486,1.986348628716982,0.6587889009834376,1.3623853407684552,-0.8329791478956009,8.611643836572247,-0.19807513125343568,-0.19807142307621395,-0.02969624345712769,-0.2480788643037877,-0.28745731901851257,-0.19807513125343568,-0.19807513125343568,-0.19807513125343568,0.6980198749237261,2.2900982664416403,6.744611840697695e-20,5.186583963905491,-0.35055984059429374,1.2246467991473532e-16,-1.0,1.0,6.123233995736766e-17,12,3,78,1,0
1.295761384316244,0.6736980794889637,-1.4006420647994478,-0.28883739509135287,-0.6865082359182999,212.96564,0.12858137547961765,0.719076847058003,1.278862079434615,-0.7718798442285125,8.567752464297374,-0.19807513125343568,-0.19807142307621395,-0.02969624345712769,-0.2480788643037877,-0.28745731901851257,-0.19807513125343568,-0.19807513125343568,-0.19807513125343568,1.03319815102994,0.8385384200992161,6.744611840697695e-20,5.083785681349085,-0.35055984059429374,-0.2588190451025208,-0.9659258262890684,1.0,6.123233995736766e-17,13,3,78,1,0
1.3661265471696666,0.6139303841668051,-1.1780121592194572,-0.5093759238871091,-0.9225104420973635,211.83015,2.1853954967732947,0.6396247558600512,1.1378720912963394,-0.8264186772820259,8.663620461634597,-0.19807513125343568,-0.19807142307621395,-0.02969624345712769,-0.2480788643037877,-0.28745731901851257,-0.19807513125343568,-0.19807513125343568,-0.19807513125343568,1.1854084181493894,2.2900982664416403,6.744611840697695e-20,5.885448870896059,-0.35055984059429374,-0.4999999999999997,-0.8660254037844388,1.0,6.123233995736766e-17,14,3,78,1,0
1.1709923818960695,0.6050848669718533,-1.0467176460646037,-0.616323166529471,1.6127505387076218,252.2611,1.7209535076995426,2.2071340879291066,1.2068421833339629,0.8755089870684376,3.9880342782481315,-0.19807513125343568,-0.19807142307621395,-0.02969624345712769,-0.2480788643037877,-0.28745731901851257,-0.19807513125343568,-0.19807513125343568,-0.19807513125343568,0.9374444619969188,-0.3291843770485556,6.744611840697695e-20,2.887690577925898,-0.35055984059429374,-0.7071067811865471,-0.7071067811865479,1.0,6.123233995736766e-17,15,3,78,1,0
1.149310835969747,0.7612599411229597,-1.4478792698244545,-0.6773123203361375,0.839791538627128,281.40158,0.1949299799695664,1.860100124177039,-0.12861799844232222,-0.34600272023798906,1.661791547679865,-0.19807513125343568,-0.19807142307621395,-0.02969624345712769,-0.2480788643037877,-0.28745731901851257,-0.19807513125343568,-0.19807513125343568,-0.19807513125343568,0.7531410265765117,-0.6966790281727864,6.744611840697695e-20,0.8985028992009769,-0.35055984059429374,-0.8660254037844385,-0.5000000000000004,1.0,6.123233995736766e-17,16,3,78,1,0
1.1201252296411623,0.7959926771766755,-1.1026448761139251,-0.7669409572183832,-1.795036210238109,54.0713,-0.6012560861403962,0.1251500308244268,0.15634558382505245,-0.8196210780416447,3.9198871476108286,-0.19807513125343568,-0.19807142307621395,-0.02969624345712769,-0.2480788643037877,-0.28745731901851257,-0.19807513125343568,-0.19807513125343568,-0.19807513125343568,0.680091244594702,2.2900982664416403,6.744611840697695e-20,2.7509344708199457,-0.35055984059429374,-0.9659258262890684,-0.2588190451025206,1.0,6.123233995736766e-17,17,3,78,1,0
0.9427054891401642,0.6563316283634714,-1.0651788890911282,-0.7442238305680012,-0.2979434392793684,58.40105,-0.9993489434309663,-0.561617189935324,-0.4242229588366096,-0.8665718960489617,4.383056628721988,-0.19807513125343568,-0.19807142307621395,-0.02969624345712769,-0.2480788643037877,-0.28745731901851257,-0.19807513125343568,-0.19807513125343568,-0.19807513125343568,0.5859161635467325,-0.8029130791153876,6.744611840697695e-20,3.1461912891335095,-0.35055984059429374,-1.0,-1.8369701987210294e-16,1.0,6.123233995736766e-17,18,3,78,1,0
0.45937577477771724,0.5644687476308128,-0.8908189129906852,-0.706021522529667,0.23382135390456046,57.28762,-1.2647444159772279,-0.7892996946968579,-0.6671348620737633,-0.939764588740455,2.5430841015148142,-0.19807513125343568,-0.19807142307621395,-0.02969624345712769,-0.2480788643037877,-0.28745731901851257,-0.19807513125343568,-0.19807513125343568,-0.19807513125343568,0.04150444745432816,-1.3281330131948599,6.744611840697695e-20,1.9861504240098637,-0.35055984059429374,-0.9659258262890684,0.2588190451025203,1.0,6.123233995736766e-17,19,3,78,1,0
0.1523279288373432,0.4794631661759791,-0.49826853021344203,-0.6040243372621167,0.027038774810447187,65.86872,-1.0656978994497373,-0.7801392709834117,-0.3607393552021324,-0.9442699678987458,1.5243422502927628,-0.19807513125343568,-0.19807142307621395,-0.02969624345712769,-0.2480788643037877,-0.28745731901851257,-0.19807513125343568,-0.19807513125343568,-0.19807513125343568,-0.2777688931964853,-1.077919858959282,6.744611840697695e-20,1.4303964672255278,-0.35055984059429374,-0.8660254037844386,0.5000000000000001,1.0,6.123233995736766e-17,20,3,78,1,0
0.05293109297543438,0.4603926944616469,-0.11747058440428314,-0.5195775267143424,-0.417779859545944,72.525665,-0.4685583498672653,-0.6027294004923728,-0.07640559968672161,-0.9824471502591928,0.9040878578820584,-0.19807513125343568,-0.19807142307621395,-0.02969624345712769,-0.2480788643037877,-0.28745731901851257,-0.19807513125343568,-0.19807513125343568,-0.19807513125343568,-0.38954885980871845,-0.19330059737419777,6.744611840697695e-20,1.0021938744370842,-0.35055984059429374,-0.7071067811865477,0.7071067811865474,1.0,6.123233995736766e-17,21,3,78,1,0
-0.09963950154425974,0.37778085225786767,0.034610027127649434,-0.5196453615318122,-0.5098852862319017,74.427986,-0.2695118333397747,-0.5643549000785393,-0.014861304098947774,-0.9614220362106561,1.7680548700295575,-0.19807513125343568,-0.19807142307621395,-0.02969624345712769,-0.2480788643037877,-0.28745731901851257,-0.19807513125343568,-0.19807513125343568,-0.19807513125343568,-0.5079255611437434,0.12013067815189554,6.744611840697695e-20,2.0525682716402223,-0.35055984059429374,-0.5000000000000004,0.8660254037844384,1.0,6.123233995736766e-17,22,3,78,1,0
-0.1358984824965344,0.4006248329422202,-0.028528484158556536,-0.5440658958208815,-0.48704358558066757,73.85788,0.12858137547961765,-0.57361934209071,-0.031867614919297925,-0.970511839992881,2.4206502735901685,-0.19807513125343568,-0.19807142307621395,-0.02969624345712769,-0.2480788643037877,-0.28745731901851257,-0.19807513125343568,-0.19807513125343568,-0.19807513125343568,-0.5784255008462228,0.48378926127603517,6.744611840697695e-20,2.7367643656016583,-0.35055984059429374,-0.2588190451025215,0.965925826289068,1.0,6.123233995736766e-17,23,3,78,1,0
-0.1849817969888315,0.39145473248285734,-0.3335864656695006,-0.5755054494175901,-0.22432994322299787,73.176735,0.39397684802587923,-0.7043605776773992,-0.10458372051219084,-1.000942927513022,2.5592546070897675,-0.19807513125343568,-0.19807142307621395,-0.02969624345712769,-0.2480788643037877,-0.28745731901851257,-0.19807513125343568,-0.19807513125343568,-0.19807513125343568,-0.6338702314958387,0.35021709370739934,6.744611840697695e-20,2.57604683820422,-0.35055984059429374,0.0,1.0,1.0,6.123233995736766e-17,0,3,79,1,0
-0.3013548831096126,0.2612479814573018,-0.5754149893391803,-0.6551454094274356,-0.019090504959427698,72.72646,0.5266744085345989,-0.8062228056977294,-0.1622825533567991,-1.000942927513022,2.291286228990543,-0.19807513125343568,-0.19807142307621395,-0.02969624345712769,-0.2480788643037877,-0.28745731901851257,-0.19807513125343568,-0.19807513125343568,-0.19807513125343568,-0.6571408990952907,0.2081021212367867,6.744611840697695e-20,2.0809412328563677,-0.35055984059429374,0.2588190451025207,0.9659258262890684,1.0,6.123233995736766e-17,1,3,79,1,0
-0.28573191080312554,0.23463049180292958,-0.6049116256362262,-0.7253356025036781,0.028536374271832848,72.78693,0.5930230130245476,-0.8307815714494471,-0.17138242018859376,-1.000942927513022,1.8743181923792498,-0.19807513125343568,-0.19807142307621395,-0.02969624345712769,-0.2480788643037877,-0.28745731901851257,-0.19807513125343568,-0.19807513125343568,-0.19807513125343568,-0.6100331348840045,0.2062242064378059,6.744611840697695e-20,1.677309001174076,-0.35055984059429374,0.4999999999999999,0.8660254037844387,1.0,6.123233995736766e-17,2,3,79,1,0
-0.43578061901482906,0.02696501106531229,-0.5435682650146283,-0.8396561129448722,-0.2119503759182281,68.54429,0.659371969043318,-0.6830016237395047,-0.2216886425220768,-0.9977022144210479,2.2393096039281932,-0.19807513125343568,-0.19807142307621395,-0.02969624345712769,-0.2480788643037877,-0.28745731901851257,-0.19807513125343568,-0.19807513125343568,-0.19807513125343568,-0.6003605762441028,0.5630436182920985,6.744611840697695e-20,2.0626132266934096,-0.35055984059429374,0.7071067811865476,0.7071067811865476,1.0,6.123233995736766e-17,3,3,79,1,0
-0.49799588175065135,0.00643383156249737,-0.32256396103253065,-0.8263962904300368,-0.05511842441663196,69.31427,0.7257209250620889,-0.7660924854859921,-0.2451924994368297,-0.9992830500731426,2.337487673490409,-0.19807513125343568,-0.19807142307621395,-0.02969624345712769,-0.2480788643037877,-0.28745731901851257,-0.19807513125343568,-0.19807513125343568,-0.19807513125343568,-0.6617545520869917,0.4097995752162405,6.744611840697695e-20,2.363787491336002,-0.35055984059429374,0.8660254037844386,0.5000000000000001,1.0,6.123233995736766e-17,4,3,79,1,0
-0.7965864648066173,-0.6275279739986914,-0.6027764691879384,-0.3229356966727669,0.4173848082505475,64.26804,0.9911160460795289,-0.9534021120815576,-0.5326589641165277,-0.9873477409464488,-0.1816460878647987,-0.19807513125343568,-0.19807142307621395,-0.02969624345712769,-0.2480788643037877,-0.28745731901851257,-0.19807513125343568,-0.19807513125343568,-0.19807513125343568,-0.4223604663126805,0.09791123252111106,6.744611840697695e-20,-0.17700969389840043,-0.35055984059429374,0.9659258262890684,0.2588190451025207,1.0,6.123233995736766e-17,5,3,81,1,0
-0.8782690018642743,-0.7697552748271379,-0.8724088614382655,-0.25661020389182004,0.3934755894429082,65.1988,0.9247674415895801,-0.9514152414483499,-0.4959445182364004,-1.000942927513022,-0.1816460878647987,-0.19807513125343568,-0.19807142307621395,-0.02969624345712769,-0.2480788643037877,-0.28745731901851257,-0.19807513125343568,-0.19807513125343568,-0.19807513125343568,-0.38799064127889726,0.07560528197269083,6.744611840697695e-20,-0.17700969389840043,-0.35055984059429374,1.0,6.123233995736766e-17,1.0,6.123233995736766e-17,6,3,81,1,0
-0.5117429334328337,-0.47544085404866787,-1.0720423587521821,-0.2703071841192264,0.9955371861575409,63.59592,0.9247674415895801,-1.221757891376847,-0.749746449727277,-1.000942927513022,-0.1816460878647987,-0.19807513125343568,-0.19807142307621395,-0.02969624345712769,-0.2480788643037877,-0.28745731901851257,-0.19807513125343568,-0.19807513125343568,-0.19807513125343568,-0.19921511867790326,-0.3771670085872816,6.744611840697695e-20,-0.17700969389840043,-0.35055984059429374,0.9659258262890684,-0.2588190451025206,1.0,6.123233995736766e-17,7,3,81,1,0
-0.20029740652851102,-0.3348873259062851,-1.449143989682916,-0.16023388697181412,0.32824284384572966,58.977745,0.5266744085345989,-0.8522907235712351,-0.6582338610292781,-1.000942927513022,-0.1816460878647987,-0.19807513125343568,-0.19807142307621395,-0.02969624345712769,-0.2480788643037877,-0.28745731901851257,-0.19807513125343568,-0.19807513125343568,-0.19807513125343568,0.07044089708896809,-0.13641097634260127,6.744611840697695e-20,-0.17700969389840043,-0.35055984059429374,0.8660254037844387,-0.4999999999999998,1.0,6.123233995736766e-17,8,3,81,1,0
0.28398576225277605,-0.27219804880989246,-1.909277011665831,-0.10492966772920068,-0.5083247827543673,44.496677,-0.004116536557924229,-0.3326062185755225,-0.5808103599010828,-1.000942927513022,-0.1816460878647987,-0.19807513125343568,-0.19807142307621395,-0.02969624345712769,-0.2480788643037877,-0.28745731901851257,-0.19807513125343568,-0.19807513125343568,-0.19807513125343568,0.6452055497667906,0.38458622766797335,6.744611840697695e-20,-0.17700969389840043,-0.35055984059429374,0.7071067811865476,-0.7071067811865475,1.0,6.123233995736766e-17,9,3,81,1,0
0.9993236003114048,-0.5262413757756965,-2.148389482727172,-0.07039043983423322,-0.6655001446427659,355.53134,1.1238139581170707,0.3509958517809372,-0.8218989809545498,-1.000942927513022,-0.1816460878647987,-0.19807513125343568,-0.19807142307621395,-0.02969624345712769,-0.2480788643037877,-0.28745731901851257,-0.19807513125343568,-0.19807513125343568,-0.19807513125343568,1.8399407638876961,1.8922420190045561,6.744611840697695e-20,-0.17700969389840043,-0.35055984059429374,0.4999999999999999,-0.8660254037844387,1.0,6.123233995736766e-17,10,3,81,1,0
1.0577561595535887,-0.48148661206683196,-2.09489829518404,-0.06900736327804669,0.7331059002886468,309.70908,1.7209535076995426,1.4782034510164046,-1.091596705523796,-1.000942927513022,-0.1816460878647987,-0.19807513125343568,-0.19807142307621395,-0.02969624345712769,-0.2480788643037877,-0.28745731901851257,-0.19807513125343568,-0.19807513125343568,-0.19807513125343568,1.8721958874549973,0.27250787976826724,6.744611840697695e-20,-0.17700969389840043,-0.35055984059429374,0.258819045102521,-0.9659258262890682,1.0,6.123233995736766e-17,11,3,81,1,0
1.0777770647607188,-0.3473439773404169,-2.1222336347055952,-0.18418899904101912,2.0179066253977114,296.23416,1.7209535076995426,2.288734777774506,-1.0882649676297833,-1.000942927513022,-0.1816460878647987,-0.19807513125343568,-0.19807142307621395,-0.02969624345712769,-0.2480788643037877,-0.28745731901851257,-0.19807513125343568,-0.19807513125343568,-0.19807513125343568,1.764746276444309,-0.5241705633250894,6.744611840697695e-20,-0.17700969389840043,-0.35055984059429374,1.2246467991473532e-16,-1.0,1.0,6.123233995736766e-17,12,3,81,1,0
1.2659300642406683,-0.34028375119835946,-2.0486281915004936,-0.25123994750880485,2.7715284755004133,292.43683,1.455558035153281,2.720164904224015,-1.1146198171343937,-1.000942927513022,-0.1816460878647987,-0.19807513125343568,-0.19807142307621395,-0.02969624345712769,-0.2480788643037877,-0.28745731901851257,-0.19807513125343568,-0.19807513125343568,-0.19807513125343568,2.0053040530781248,-0.899018691413854,6.744611840697695e-20,-0.17700969389840043,-0.35055984059429374,-0.2588190451025208,-0.9659258262890684,1.0,6.123233995736766e-17,13,3,81,1,0
1.2727881589592454,-0.38130572426786485,-1.868788186250168,-0.35123977426195835,3.046561769799055,293.9816,1.2565115186257905,2.8258852723883785,-1.2934845315086227,-1.000942927513022,-0.1816460878647987,-0.19807513125343568,-0.19807142307621395,-0.02969624345712769,-0.2480788643037877,-0.28745731901851257,-0.19807513125343568,-0.19807513125343568,-0.19807513125343568,2.055244956958898,-1.0441963504971168,6.744611840697695e-20,-0.17700969389840043,-0.35055984059429374,-0.4999999999999997,-0.8660254037844388,1.0,6.123233995736766e-17,14,3,81,1,0
1.1764051158005666,-0.21344482161162692,-1.844501825448681,-0.4930201956749758,2.8807890513144097,296.07742,0.9247674415895801,2.7037037434842914,-1.3699300522560085,-1.000942927513022,-0.1816460878647987,-0.19807513125343568,-0.19807142307621395,-0.02969624345712769,-0.2480788643037877,-0.28745731901851257,-0.19807513125343568,-0.19807513125343568,-0.19807513125343568,1.7609825156230752,-1.1164270800657174,6.744611840697695e-20,-0.17700969389840043,-0.35055984059429374,-0.7071067811865471,-0.7071067811865479,1.0,6.123233995736766e-17,15,3,81,1,0
1.145251254049287,-0.1643890388040992,-1.7882050002175272,-0.510619562207395,2.4392045657520876,299.9281,0.46032545251582796,2.4152943869067904,-1.430678786929095,-1.000942927513022,-0.004925562652810248,-0.19807513125343568,-0.19807142307621395,-0.02969624345712769,-0.2480788643037877,-0.28745731901851257,-0.19807513125343568,-0.19807513125343568,-0.19807513125343568,1.6710565638915857,-1.173251310371286,6.744611840697695e-20,-0.09662937695676946,-0.35055984059429374,-0.8660254037844385,-0.5000000000000004,1.0,6.123233995736766e-17,16,3,81,1,0
1.0577868958302694,0.10653361509467892,-1.5288854208736329,-0.5209003056550027,0.3836843373908441,294.9085,-0.2695118333397747,1.5225501461535182,-0.4961268725255557,-1.000942927513022,0.7897392827448894,-0.19807513125343568,-0.19807142307621395,-0.02969624345712769,-0.2480788643037877,-0.28745731901851257,-0.19807513125343568,-0.19807513125343568,-0.19807513125343568,1.2857351470315788,-0.718872965988483,6.744611840697695e-20,0.3599931090236332,-0.35055984059429374,-0.9659258262890684,-0.2588190451025206,1.0,6.123233995736766e-17,17,3,81,1,0
0.7035932545436119,0.14451218379250355,-1.5464208606450758,-0.44601820437046397,1.8762641436778977,294.00476,-0.8003026026678864,2.2567367353410046,-0.9315616167420873,-1.000942927513022,0.7031115743076402,-0.19807513125343568,-0.19807142307621395,-0.02969624345712769,-0.2480788643037877,-0.28745731901851257,-0.19807513125343568,-0.19807513125343568,-0.19807513125343568,0.7817538972143202,-1.5527230586497762,6.744611840697695e-20,0.3062416380673741,-0.35055984059429374,-1.0,-1.8369701987210294e-16,1.0,6.123233995736766e-17,18,3,81,1,0
0.21684979797604317,0.10146177306701518,-1.4269989573514172,-0.365121415936926,1.331002027209942,319.3774,-1.3310931962315877,1.502438730457751,-1.7045534860182647,-1.000942927513022,0.4928950018332487,-0.19807513125343568,-0.19807142307621395,-0.02969624345712769,-0.2480788643037877,-0.28745731901851257,-0.19807513125343568,-0.19807513125343568,-0.19807513125343568,0.1841634980576883,-1.6881632129501376,6.744611840697695e-20,0.2218577871925991,-0.35055984059429374,-0.9659258262890684,0.2588190451025203,1.0,6.123233995736766e-17,19,3,81,1,0
-0.0018725701248626344,0.17502517121161032,-1.2733058143851927,-0.19781814445095572,0.30872281680741415,14.53334,-1.7291863171687745,-0.042972322852802974,-1.5083675583105316,-1.000942927513022,0.4155075822959727,-0.19807513125343568,-0.19807142307621395,-0.02969624345712769,-0.2480788643037877,-0.28745731901851257,-0.19807513125343568,-0.19807513125343568,-0.19807513125343568,-0.17703735903239934,-1.6805464327253632,6.744611840697695e-20,0.21077345531418126,-0.35055984059429374,-0.8660254037844386,0.5000000000000001,1.0,6.123233995736766e-17,20,3,81,1,0
-0.11913751214277499,0.12653728446885074,-1.0853909894500569,-0.142992537531613,0.21439539825691065,48.602478,-1.5301398006412839,-0.664657686370028,-0.879465232986676,-1.000942927513022,0.34967052388366326,-0.19807513125343568,-0.19807142307621395,-0.02969624345712769,-0.2480788643037877,-0.28745731901851257,-0.19807513125343568,-0.19807513125343568,-0.19807513125343568,-0.2829894225751724,-1.5102907549535975,6.744611840697695e-20,0.20574266904466795,-0.35055984059429374,-0.7071067811865477,0.7071067811865474,1.0,6.123233995736766e-17,21,3,81,1,0
-0.31900770936050327,0.03670317378671088,-0.5466014506203452,-0.11900539235415364,0.07684537782300399,63.143257,-0.6012560861403962,-0.7798042775541131,-0.45004736560018604,-1.000942927513022,0.19258561258411802,-0.19807513125343568,-0.19807142307621395,-0.02969624345712769,-0.2480788643037877,-0.28745731901851257,-0.19807513125343568,-0.19807513125343568,-0.19807513125343568,-0.4564063808137754,-0.7532116200237868,6.744611840697695e-20,0.1687626849830859,-0.35055984059429374,-0.5000000000000004,0.8660254037844384,1.0,6.123233995736766e-17,22,3,81,1,0
-0.34782422843222444,0.07305882616248142,-0.36591025096549495,-0.060855879378771474,-0.4360761046049328,67.97154,-0.4685583498672653,-0.5686174548890843,-0.17143215021395586,-1.000942927513022,0.02857048460959279,-0.19807513125343568,-0.19807142307621395,-0.02969624345712769,-0.2480788643037877,-0.28745731901851257,-0.19807513125343568,-0.19807513125343568,-0.19807513125343568,-0.5305891865882799,-0.1716821866417413,6.744611840697695e-20,0.031571868031480224,-0.35055984059429374,-0.2588190451025215,0.965925826289068,1.0,6.123233995736766e-17,23,3,81,1,0
-0.4402398985004861,0.05281167779068422,-0.24000826947641604,-0.15186005561528168,-0.8618939404581142,70.644844,-0.4685583498672653,-0.37014899654604605,-0.005811156429687389,-1.000942927513022,-0.09732845165254277,-0.19807513125343568,-0.19807142307621395,-0.02969624345712769,-0.2480788643037877,-0.28745731901851257,-0.19807513125343568,-0.19807513125343568,-0.19807513125343568,-0.6320086576564886,0.4850688997257597,6.744611840697695e-20,-0.08933696392785856,-0.35055984059429374,0.0,1.0,1.0,6.123233995736766e-17,0,3,82,1,0
-0.6529652915032654,-0.010932453365726782,-0.14428202820149244,-0.14581898825951237,-0.7666674498903763,69.7083,-0.3358606135941342,-0.4137910320583208,-0.046420784215514446,-1.000942927513022,-0.1631655100648522,-0.19807513125343568,-0.19807142307621395,-0.02969624345712769,-0.2480788643037877,-0.28745731901851257,-0.19807513125343568,-0.19807513125343568,-0.19807513125343568,-0.8483649797711779,0.4624151416195213,6.744611840697695e-20,-0.1571253524950203,-0.35055984059429374,0.2588190451025207,0.9659258262890684,1.0,6.123233995736766e-17,1,3,82,1,0
-0.6840575547328364,0.002782145189923698,-0.121821496643066,-0.2422574870955251,-0.5640345434271745,70.60051,-0.07046531681228407,-0.5194190707342388,-0.08205781138976391,-1.000942927513022,-0.1816460878647987,-0.19807513125343568,-0.19807142307621395,-0.02969624345712769,-0.2480788643037877,-0.28745731901851257,-0.19807513125343568,-0.19807513125343568,-0.19807513125343568,-0.9029599840182558,0.40480851069007395,6.744611840697695e-20,-0.17700969389840043,-0.35055984059429374,0.4999999999999999,0.8660254037844387,1.0,6.123233995736766e-17,2,3,82,1,0
-0.8320457986918028,-0.12646099407574732,-0.17646385699837433,-0.35006585505964405,0.3660445996316151,71.06304,-0.07046531681228407,-0.9896626336208745,-0.30307365398210995,-1.000942927513022,0.1879654681341314,-0.19807513125343568,-0.19807142307621395,-0.02969624345712769,-0.2480788643037877,-0.28745731901851257,-0.19807513125343568,-0.19807513125343568,-0.19807513125343568,-0.9687957115107791,-0.5729196070415423,6.744611840697695e-20,0.21618299483986983,-0.35055984059429374,0.7071067811865476,0.7071067811865476,1.0,6.123233995736766e-17,3,3,82,1,0
-0.8100259017852974,-0.09806319928652166,-0.10982726164836056,-0.36174098086636414,0.29704558280511867,72.65829,-0.004116536557924229,-0.9663398989923566,-0.2360760233414311,-1.000942927513022,0.007779834584652973,-0.19807513125343568,-0.19807142307621395,-0.02969624345712769,-0.2480788643037877,-0.28745731901851257,-0.19807513125343568,-0.19807513125343568,-0.19807513125343568,-0.9681430831754698,-0.47816406351550295,6.744611840697695e-20,0.02927072554764771,-0.35055984059429374,0.8660254037844386,0.5000000000000001,1.0,6.123233995736766e-17,4,3,82,1,0
-0.6736320364257334,-0.1259233459137559,-0.16773208006255597,-0.250925269327767,-0.2830831482065276,77.760994,0.06223259522525782,-0.6946341096993505,0.020162440409975176,-1.000942927513022,-0.1816460878647987,-0.19807513125343568,-0.19807142307621395,-0.02969624345712769,-0.2480788643037877,-0.28745731901851257,-0.19807513125343568,-0.19807513125343568,-0.19807513125343568,-0.7608675281952079,0.13373500014176404,6.744611840697695e-20,-0.17700969389840043,-0.35055984059429374,0.9659258262890684,0.2588190451025207,0.8660254037844387,-0.4999999999999998,5,4,92,1,0
-0.6757539732318322,-0.17980267203054995,-0.6716669416389501,-0.18565310051808184,-0.18360855872378656,77.10142,0.12858137547961765,-0.74369387849396,-0.013004857702192283,-1.000942927513022,-0.1816460878647987,-0.19807513125343568,-0.19807142307621395,-0.02969624345712769,-0.2480788643037877,-0.28745731901851257,-0.19807513125343568,-0.19807513125343568,-0.19807513125343568,-0.7099197499154839,0.07137072907661549,6.744611840697695e-20,-0.17700969389840043,-0.35055984059429374,1.0,6.123233995736766e-17,0.8660254037844387,-0.4999999999999998,6,4,92,1,0
-0.16286969125228382,0.07204452423585571,-1.0498439565859787,-0.021072643233325757,0.3373953781953611,78.24422,0.12858137547961765,-1.0195351900609317,-0.06442161950331116,-1.000942927513022,-0.1816460878647987,-0.19807513125343568,-0.19807142307621395,-0.02969624345712769,-0.2480788643037877,-0.28745731901851257,-0.19807513125343568,-0.19807513125343568,-0.19807513125343568,-0.28618675438402275,-0.4167780032959539,6.744611840697695e-20,-0.17700969389840043,-0.35055984059429374,0.9659258262890684,-0.2588190451025206,0.8660254037844387,-0.4999999999999998,7,4,92,1,0
0.08725255478169498,-0.05223829136898231,-1.4700037892603015,0.10464223224230682,-0.43166599226915214,87.06688,-0.4685583498672653,-0.637245685057443,0.25810172130989567,-1.000942927513022,-0.1816460878647987,-0.19807513125343568,-0.19807142307621395,-0.02969624345712769,-0.2480788643037877,-0.28745731901851257,-0.19807513125343568,-0.19807513125343568,-0.19807513125343568,0.16692313616864518,-0.17693146116210134,6.744611840697695e-20,-0.17700969389840043,-0.35055984059429374,0.8660254037844387,-0.4999999999999998,0.8660254037844387,-0.4999999999999998,8,4,92,1,0
0.6677955696782436,0.019823846853736917,-1.5836873461429053,0.23609857129653633,-0.7505590406690651,129.08266,0.06223259522525782,-0.29937219044165897,1.0112197648148835,-1.000942927513022,-0.1816460878647987,-0.19807513125343568,-0.19807142307621395,-0.02969624345712769,-0.2480788643037877,-0.28745731901851257,-0.19807513125343568,-0.19807513125343568,-0.19807513125343568,0.8590121953700772,0.8946500835041162,6.744611840697695e-20,-0.17700969389840043,-0.35055984059429374,0.7071067811865476,-0.7071067811865475,0.8660254037844387,-0.4999999999999998,9,4,92,1,0
1.2414191432712007,-0.3870267328243502,-1.734794230486552,0.3186516598566204,-0.9581165346227474,194.5802,0.659371969043318,0.4513101641175356,1.2244783426319326,-1.000942927513022,-0.1816460878647987,-0.19807513125343568,-0.19807142307621395,-0.02969624345712769,-0.2480788643037877,-0.28745731901851257,-0.19807513125343568,-0.19807513125343568,-0.19807513125343568,2.019671159458935,2.19898379989188,6.744611840697695e-20,-0.17700969389840043,-0.35055984059429374,0.4999999999999999,-0.8660254037844387,0.8660254037844387,-0.4999999999999998,10,4,92,1,0
1.3402623482478142,-0.5855626652359979,-1.8076874405404164,0.2930854708725087,-0.4018611585905291,233.62238,0.9911160460795289,1.0475241640769037,1.1285070085254414,-1.000942927513022,-0.1816460878647987,-0.19807513125343568,-0.19807142307621395,-0.02969624345712769,-0.2480788643037877,-0.28745731901851257,-0.19807513125343568,-0.19807513125343568,-0.19807513125343568,2.3477668350433247,1.1732194937910967,6.744611840697695e-20,-0.17700969389840043,-0.35055984059429374,0.258819045102521,-0.9659258262890682,0.8660254037844387,-0.4999999999999998,11,4,92,1,0
1.3960503280119785,-0.5856033835666589,-1.8711991776094552,0.3013876988105889,0.09485812785898795,229.47597,1.1238139581170707,1.2059547074013803,1.4515110837799758,-1.000942927513022,-0.1816460878647987,-0.19807513125343568,-0.19807142307621395,-0.02969624345712769,-0.2480788643037877,-0.28745731901851257,-0.19807513125343568,-0.19807513125343568,-0.19807513125343568,2.4212215880749595,0.5340157755327163,6.744611840697695e-20,-0.17700969389840043,-0.35055984059429374,1.2246467991473532e-16,-1.0,0.8660254037844387,-0.4999999999999998,12,4,92,1,0
1.6332556537708507,-0.8447996568269124,-1.9540084666454423,0.11638142426553563,0.47648597775779583,223.45609,1.1238139581170707,1.258272050718639,1.7948198914562155,-1.000942927513022,-0.1816460878647987,-0.19807513125343568,-0.19807142307621395,-0.02969624345712769,-0.2480788643037877,-0.28745731901851257,-0.19807513125343568,-0.19807513125343568,-0.19807513125343568,2.991898403630931,0.13104568590474125,6.744611840697695e-20,-0.17700969389840043,-0.35055984059429374,-0.2588190451025208,-0.9659258262890684,0.8660254037844387,-0.4999999999999998,13,4,92,1,0
1.6804629216704958,-0.9334165387181946,-2.0113086084630343,0.020960447691547816,0.7433561239517507,220.04442,1.1238139581170707,1.2869778458632497,2.030969076111174,-1.000942927513022,-0.1816460878647987,-0.19807513125343568,-0.19807142307621395,-0.02969624345712769,-0.2480788643037877,-0.28745731901851257,-0.19807513125343568,-0.19807513125343568,-0.19807513125343568,3.142408720641517,-0.09102624940041712,6.744611840697695e-20,-0.17700969389840043,-0.35055984059429374,-0.4999999999999997,-0.8660254037844388,0.8660254037844387,-0.4999999999999998,14,4,92,1,0
1.5889083712226852,-0.8986839688617466,-2.0233820813245718,-0.02275532356666324,0.8465907227255502,215.99956,0.9247674415895801,1.2329624454569135,2.191534596771089,-1.000942927513022,-0.1816460878647987,-0.19807513125343568,-0.19807142307621395,-0.02969624345712769,-0.2480788643037877,-0.28745731901851257,-0.19807513125343568,-0.19807513125343568,-0.19807513125343568,2.9872847506392315,-0.2811997751614447,6.744611840697695e-20,-0.17700969389840043,-0.35055984059429374,-0.7071067811865471,-0.7071067811865479,0.8660254037844387,-0.4999999999999998,15,4,92,1,0
1.5844490917370277,-0.8585140891852949,-2.152068007660696,-0.3120783572766449,1.0770925277278494,212.88414,0.7257209250620889,1.227486949465753,2.410180072586628,-1.000942927513022,-0.1816460878647987,-0.19807513125343568,-0.19807142307621395,-0.02969624345712769,-0.2480788643037877,-0.28745731901851257,-0.19807513125343568,-0.19807513125343568,-0.19807513125343568,2.9413504575952425,-0.5326996053286709,6.744611840697695e-20,-0.17700969389840043,-0.35055984059429374,-0.8660254037844385,-0.5000000000000004,0.8660254037844387,-0.4999999999999998,16,4,92,1,0
1.504304124323493,-0.7205979454888598,-1.9331712675592836,-0.23861136565652574,-0.03327692608551745,206.41327,1.3892094306633325,0.7950749705232975,1.7896980681800687,-1.000942927513022,-0.1816460878647987,-0.19807513125343568,-0.19807142307621395,-0.02969624345712769,-0.2480788643037877,-0.28745731901851257,-0.19807513125343568,-0.19807513125343568,-0.19807513125343568,2.6983238991992313,0.9106904504900936,6.744611840697695e-20,-0.17700969389840043,-0.35055984059429374,-0.9659258262890684,-0.2588190451025206,0.8660254037844387,-0.4999999999999998,17,4,92,1,0
1.082359415321446,-0.4685835547708426,-1.4316532063037768,-0.20044485932742825,0.9897762029591287,185.89182,0.659371969043318,0.46123301016464663,2.7284104130168942,-1.000942927513022,-0.1816460878647987,-0.19807513125343568,-0.19807142307621395,-0.02969624345712769,-0.2480788643037877,-0.28745731901851257,-0.19807513125343568,-0.19807513125343568,-0.19807513125343568,1.8917027942332159,-0.5194414019871254,6.744611840697695e-20,-0.17700969389840043,-0.35055984059429374,-1.0,-1.8369701987210294e-16,0.8660254037844387,-0.4999999999999998,18,4,92,1,0
0.43683310923094426,-0.5854004567024265,-1.4391055594470825,-0.11558727127387443,0.5101463152859291,136.99313,0.46032545251582796,-0.685496775928489,1.8244732386019755,-1.000942927513022,-0.1816460878647987,-0.19807513125343568,-0.19807142307621395,-0.02969624345712769,-0.2480788643037877,-0.28745731901851257,-0.19807513125343568,-0.19807513125343568,-0.19807513125343568,1.158738181868068,-0.32569841067477867,6.744611840697695e-20,-0.17700969389840043,-0.35055984059429374,-0.9659258262890684,0.2588190451025203,0.8660254037844387,-0.4999999999999998,19,4,92,1,0
0.24834188473915847,-0.6105977907017086,-1.409451899656773,0.03798510257595465,1.110912544681591,110.039604,-0.13681409706664424,-1.3532269522356892,1.185393638603275,-1.000942927513022,-0.1816460878647987,-0.19807513125343568,-0.19807142307621395,-0.02969624345712769,-0.2480788643037877,-0.28745731901851257,-0.19807513125343568,-0.19807513125343568,-0.19807513125343568,0.9358255724051913,-1.0084572114914363,6.744611840697695e-20,-0.17700969389840043,-0.35055984059429374,-0.8660254037844386,0.5000000000000001,0.8660254037844387,-0.4999999999999998,20,4,92,1,0
0.21906406958053137,-0.5843048843117473,-1.2450332352154048,0.09230006406379367,1.2585696180993127,94.11451,-0.8666512071578358,-1.5328662513141673,0.5141578850862855,-1.000942927513022,-0.1816460878647987,-0.19807513125343568,-0.19807142307621395,-0.02969624345712769,-0.2480788643037877,-0.28745731901851257,-0.19807513125343568,-0.19807513125343568,-0.19807513125343568,0.8710724752550365,-1.4374260839302155,6.744611840697695e-20,-0.17700969389840043,-0.35055984059429374,-0.7071067811865477,0.7071067811865474,0.8660254037844387,-0.4999999999999998,21,4,92,1,0
-0.07592822764188095,-0.5774882202659488,-0.939432841915013,0.11770043460521344,0.6495206945049258,84.988434,-0.13681409706664424,-1.2078497212396635,0.13788064508518763,-1.000942927513022,-0.1816460878647987,-0.19807513125343568,-0.19807142307621395,-0.02969624345712769,-0.2480788643037877,-0.28745731901851257,-0.19807513125343568,-0.19807513125343568,-0.19807513125343568,0.4760785826390924,-0.789630204376714,6.744611840697695e-20,-0.17700969389840043,-0.35055984059429374,-0.5000000000000004,0.8660254037844384,0.8660254037844387,-0.4999999999999998,22,4,92,1,0
-0.13885080264640265,-0.4646071189365904,-0.7278642884026957,0.11176488807660978,0.16681861453172342,74.792564,0.46032545251582796,-0.9132139534562644,-0.14255787421038454,-1.000942927513022,-0.1816460878647987,-0.19807513125343568,-0.19807142307621395,-0.02969624345712769,-0.2480788643037877,-0.28745731901851257,-0.19807513125343568,-0.19807513125343568,-0.19807513125343568,0.28068618451196964,-0.036821885201251014,6.744611840697695e-20,-0.17700969389840043,-0.35055984059429374,-0.2588190451025215,0.965925826289068,0.8660254037844387,-0.4999999999999998,23,4,92,1,0
-0.21155330817938384,-0.31752095787942686,-0.6429463463057232,0.08399972042619394,0.5579478172045526,69.86893,0.659371969043318,-1.0760919225414214,-0.3915694724762168,-1.000942927513022,-0.18049105175230204,-0.19807513125343568,-0.19807142307621395,-0.02969624345712769,-0.2480788643037877,-0.28745731901851257,-0.19807513125343568,-0.19807513125343568,-0.19807513125343568,0.03830719852944228,-0.23464632324395995,6.744611840697695e-20,-0.17598454021635754,-0.35055984059429374,0.0,1.0,0.8660254037844387,-0.4999999999999998,0,4,93,1,0
-0.4124999049226756,-0.2466355794128064,-0.5785307711176548,-0.048202801620202886,0.8353158182564049,68.31943,1.2565115186257905,-1.1991744891394096,-0.5224651344922177,-1.000942927513022,-0.15854536561486557,-0.19807513125343568,-0.19807142307621395,-0.02969624345712769,-0.2480788643037877,-0.28745731901851257,-0.19807513125343568,-0.19807513125343568,-0.19807513125343568,-0.2968305473182036,-0.0823512515472148,6.744611840697695e-20,-0.15594439970347287,-0.35055984059429374,0.2588190451025207,0.9659258262890684,0.8660254037844387,-0.4999999999999998,1,4,93,1,0
-0.460476083612729,-0.28120594073568334,-0.6557434887116493,-0.10907512879677785,0.9029252540564855,70.67327,1.5219069911720526,-1.2561470677006081,-0.45115794851913293,-1.000942927513022,-0.11580902945248928,-0.19807513125343568,-0.19807142307621395,-0.02969624345712769,-0.2480788643037877,-0.28745731901851257,-0.19807513125343568,-0.19807513125343568,-0.19807513125343568,-0.32548369956268713,0.018417947899609825,6.744611840697695e-20,-0.11889426118037698,-0.35055984059429374,0.4999999999999999,0.8660254037844387,0.8660254037844387,-0.4999999999999998,2,4,93,1,0
-0.5937330851939925,-0.5007600106453967,-0.7396259834033306,-0.12251019125675056,0.3885256695658339,74.66176,1.5219069911720526,-1.0262004615853937,-0.1912562785482667,-1.000942927513022,0.11404315693434537,-0.19807513125343568,-0.19807142307621395,-0.02969624345712769,-0.2480788643037877,-0.28745731901851257,-0.19807513125343568,-0.19807513125343568,-0.19807513125343568,-0.2818562330145492,0.4811991090732949,6.744611840697695e-20,0.07462872717415878,-0.35055984059429374,0.7071067811865476,0.7071067811865476,0.8660254037844387,-0.4999999999999998,3,4,93,1,0
-0.666773815738809,-0.5313539361340212,-0.4261682434180475,-0.14570593023040326,0.28387245714278103,77.404205,1.3892094306633325,-0.9876180002788407,-0.08298602915672779,-1.000942927513022,0.08863236245941893,-0.19807513125343568,-0.19807142307621395,-0.02969624345712769,-0.2480788643037877,-0.28745731901851257,-0.19807513125343568,-0.19807513125343568,-0.19807513125343568,-0.34745922233517107,0.5050590070949845,6.744611840697695e-20,0.0850131829672472,-0.35055984059429374,0.8660254037844386,0.5000000000000001,0.8660254037844387,-0.4999999999999998,4,4,93,1,0
0.06633979367743326,-0.3529027773633308,-1.0996305696334099,-1.2054176801402359,0.42912736565422804,69.96732,1.7209535076995426,-1.012569522168683,-0.3545235691334702,-0.8160641978503322,-0.1816460878647987,-0.19807513125343568,-0.19807142307621395,-0.02969624345712769,-0.2480788643037877,-0.28745731901851257,-0.19807513125343568,-0.19807513125343568,-0.19807513125343568,0.4392907837132622,0.5700701939173871,6.744611840697695e-20,-0.17700969389840043,-0.35055984059429374,0.9659258262890684,0.2588190451025207,0.4999999999999999,-0.8660254037844387,5,5,121,1,0
0.17302541003649205,-0.2533710560931853,-1.1970631933784837,-1.0924463288464934,0.637426472341283,69.11562,1.5882555956620008,-1.1088984914890265,-0.43887556645789483,-0.7668211571708836,-0.1816460878647987,-0.19807513125343568,-0.19807142307621395,-0.02969624345712769,-0.2480788643037877,-0.28745731901851257,-0.19807513125343568,-0.19807513125343568,-0.19807513125343568,0.4804090211246018,0.27795325016111205,6.744611840697695e-20,-0.17700969389840043,-0.35055984059429374,1.0,6.123233995736766e-17,0.4999999999999999,-0.8660254037844387,6,5,121,1,0
0.5463481006331483,-0.20216484683496008,-1.4807707903518739,-0.9594165988870531,0.43032937316642633,70.09741,1.2565115186257905,-1.0142444893151765,-0.3505952121518735,-0.9960423370847702,-0.1816460878647987,-0.19807513125343568,-0.19807142307621395,-0.02969624345712769,-0.2480788643037877,-0.28745731901851257,-0.19807513125343568,-0.19807513125343568,-0.19807513125343568,0.920608739621843,0.26159393674287995,6.744611840697695e-20,-0.17700969389840043,-0.35055984059429374,0.9659258262890684,-0.2588190451025206,0.4999999999999999,-0.8660254037844387,7,5,121,1,0
0.8794752994321401,-0.29849112139712164,-1.9264409501899162,-0.8551450629337854,-0.5689080391941318,86.87099,0.9911160460795289,-0.5641816119520614,0.25927857399571097,-0.9992830500731426,-0.1816460878647987,-0.19807513125343568,-0.19807142307621395,-0.02969624345712769,-0.2480788643037877,-0.28745731901851257,-0.19807513125343568,-0.19807513125343568,-0.19807513125343568,1.455064599684189,1.5162215230801428,6.744611840697695e-20,-0.17700969389840043,-0.35055984059429374,0.8660254037844387,-0.4999999999999998,0.4999999999999999,-0.8660254037844387,8,5,121,1,0
1.0861421188150842,-0.39956465472253566,-2.151854528321877,-0.8118061517726192,-0.03585414062949115,156.9209,1.1901625626070196,-0.15742582209476028,1.8276888528675217,-0.9808663142444924,-0.1816460878647987,-0.19807513125343568,-0.19807142307621395,-0.02969624345712769,-0.2480788643037877,-0.28745731901851257,-0.19807513125343568,-0.19807513125343568,-0.19807513125343568,1.8278400366281318,0.7558951541192991,6.744611840697695e-20,-0.17700969389840043,-0.35055984059429374,0.7071067811865476,-0.7071067811865475,0.4999999999999999,-0.8660254037844387,9,5,121,1,0
1.5450839832831336,-0.13549930010158312,-2.1941046490478198,-0.7803006476589427,0.8229410897221081,168.51395,0.7920698810808605,-0.029006405147739563,2.5680106591081855,-0.970511839992881,-0.1816460878647987,-0.19807513125343568,-0.19807142307621395,-0.02969624345712769,-0.2480788643037877,-0.28745731901851257,-0.19807513125343568,-0.19807513125343568,-0.19807513125343568,2.168400963147307,-0.3419117790976335,6.744611840697695e-20,-0.17700969389840043,-0.35055984059429374,0.4999999999999999,-0.8660254037844387,0.4999999999999999,-0.8660254037844387,10,5,121,1,0
1.6604730046767406,-0.07106528408568945,-2.1964789713370036,-0.8732060830850652,0.7335699953037167,179.31705,2.4507909693195566,0.27003051236616404,2.5454516074983453,-0.8763730779414819,-0.1816460878647987,-0.19807513125343568,-0.19807142307621395,-0.02969624345712769,-0.2480788643037877,-0.28745731901851257,-0.19807513125343568,-0.19807513125343568,-0.19807513125343568,2.2559794752404136,0.7068046249303619,6.744611840697695e-20,-0.17700969389840043,-0.35055984059429374,0.258819045102521,-0.9659258262890682,0.4999999999999999,-0.8660254037844387,11,5,121,1,0
1.696885415075725,0.022948106196301273,-2.191482719770414,-0.9672138342950927,0.19988606036013892,211.48157,2.8488836508457154,0.9479722930001525,1.8715306824568434,-0.6056549664336791,-0.1816460878647987,-0.19807513125343568,-0.19807142307621395,-0.02969624345712769,-0.2480788643037877,-0.28745731901851257,-0.19807513125343568,-0.19807513125343568,-0.19807513125343568,2.2101258282937395,1.6563220864678696,6.744611840697695e-20,-0.17700969389840043,-0.35055984059429374,1.2246467991473532e-16,-1.0,0.4999999999999999,-0.8660254037844387,12,5,121,1,0
1.9369512300594647,-0.10510813527992297,-2.1810466479600206,-1.1753555501982722,0.41100474706515183,240.56763,2.1853954967732947,1.4861625163728922,1.2958021161429658,-0.5979088785864842,-0.1816460878647987,-0.19807513125343568,-0.19807142307621395,-0.02969624345712769,-0.2480788643037877,-0.28745731901851257,-0.19807513125343568,-0.19807513125343568,-0.19807513125343568,2.6537656457314185,0.8992515253541041,6.744611840697695e-20,-0.17700969389840043,-0.35055984059429374,-0.2588190451025208,-0.9659258262890684,0.4999999999999999,-0.8660254037844387,13,5,121,1,0
1.94144137179015,-0.04814019913455137,-1.8665504653236211,-1.3283061048879692,0.5795140748858221,236.11069,3.844116585011991,1.5044371839146158,1.498137490630395,-0.18120060384382877,-0.1816460878647987,-0.19807513125343568,-0.19807142307621395,-0.02969624345712769,-0.2480788643037877,-0.28745731901851257,-0.19807513125343568,-0.19807513125343568,-0.19807513125343568,2.602853673324295,1.7469196478346865,6.744611840697695e-20,-0.17700969389840043,-0.35055984059429374,-0.4999999999999997,-0.8660254037844388,0.4999999999999999,-0.8660254037844387,14,5,121,1,0
1.860773635736348,-0.04387973216928117,-1.936492995179501,-1.5569339356669722,0.7844842498042489,286.65546,3.910465541030762,1.7962889859649007,-0.32110763175732027,1.3782937308423542,-0.1816460878647987,-0.19807513125343568,-0.19807142307621395,-0.02969624345712769,-0.2480788643037877,-0.28745731901851257,-0.19807513125343568,-0.19807513125343568,-0.19807513125343568,2.492449580520308,1.5106823780284686,6.744611840697695e-20,-0.17700969389840043,-0.35055984059429374,-0.7071067811865471,-0.7071067811865479,0.4999999999999999,-0.8660254037844387,15,5,121,1,0
1.756087011076665,0.04169391154758849,-1.9707290180223636,-1.6134064212104584,0.530298513454861,264.90552,0.39397684802587923,1.7214229131764465,0.5094670553632762,1.5130600466155357,-0.1816460878647987,-0.19807513125343568,-0.19807142307621395,-0.02969624345712769,-0.2480788643037877,-0.28745731901851257,-0.19807513125343568,-0.19807513125343568,-0.19807513125343568,2.269334734184413,-0.38282985749681114,6.744611840697695e-20,-0.17700969389840043,-0.35055984059429374,-0.8660254037844385,-0.5000000000000004,0.4999999999999999,-0.8660254037844387,16,5,121,1,0
1.6630562375697457,0.44432474259106647,-1.9001429641391772,-1.4977480574247173,0.6413060277263798,240.07188,-0.20316287732100374,1.5864421370170667,1.3983373247699975,1.2948256663457978,-0.1816460878647987,-0.19807513125343568,-0.19807142307621395,-0.02969624345712769,-0.2480788643037877,-0.28745731901851257,-0.19807513125343568,-0.19807513125343568,-0.19807513125343568,1.7453202644152976,-0.8258669927494735,6.744611840697695e-20,-0.17700969389840043,-0.35055984059429374,-0.9659258262890684,-0.2588190451025206,0.4999999999999999,-0.8660254037844387,17,5,121,1,0
1.6038547675371535,0.48932298529755586,-1.481534124212191,-1.494582432609469,0.26980430125972177,229.81976,0.1949299799695664,1.2817449078263203,1.5297467985377733,1.1451996111245242,-0.1816460878647987,-0.19807513125343568,-0.19807142307621395,-0.02969624345712769,-0.2480788643037877,-0.28745731901851257,-0.19807513125343568,-0.19807513125343568,-0.19807513125343568,1.6225321469615914,-0.31794679168920564,6.744611840697695e-20,-0.17700969389840043,-0.35055984059429374,-1.0,-1.8369701987210294e-16,0.4999999999999999,-0.8660254037844387,18,5,121,1,0
1.1101302711442846,0.4181534926012836,-1.3988656117299916,-1.459685187622305,-0.3457060887174294,111.99701,0.7257209250620889,-0.6133799961069072,0.8489138562097129,-0.34884821713892383,-0.1816460878647987,-0.19807513125343568,-0.19807142307621395,-0.02969624345712769,-0.2480788643037877,-0.28745731901851257,-0.19807513125343568,-0.19807513125343568,-0.19807513125343568,1.0438014965895166,0.8263319346504854,6.744611840697695e-20,-0.17700969389840043,-0.35055984059429374,-0.9659258262890684,0.2588190451025203,0.4999999999999999,-0.8660254037844387,19,5,121,1,0
0.9511936142696001,0.4274048635246993,-1.2389370930757684,-1.3957018803445451,1.224224309915696,83.79828,0.659371969043318,-1.5087233316431585,0.045937106285361885,-0.9553358176706116,-0.1816460878647987,-0.19807513125343568,-0.19807142307621395,-0.02969624345712769,-0.2480788643037877,-0.28745731901851257,-0.19807513125343568,-0.19807513125343568,-0.19807513125343568,0.8254214796012043,-0.6449664818752312,6.744611840697695e-20,-0.17700969389840043,-0.35055984059429374,-0.8660254037844386,0.5000000000000001,0.4999999999999999,-0.8660254037844387,20,5,121,1,0
0.8737858130691689,0.4401860982232426,-1.1535918292410583,-1.2927455861299728,0.8550385043874708,75.130806,0.12858137547961765,-1.268957822074828,-0.2671714108687574,-0.9737525538618673,-0.1816460878647987,-0.19807513125343568,-0.19807142307621395,-0.02969624345712769,-0.2480788643037877,-0.28745731901851257,-0.19807513125343568,-0.19807513125343568,-0.19807513125343568,0.7108085390874124,-0.74294556385988,6.744611840697695e-20,-0.17700969389840043,-0.35055984059429374,-0.7071067811865477,0.7071067811865474,0.4999999999999999,-0.8660254037844387,21,5,121,1,0
0.6905227788534484,0.4269584576628423,-0.9458557381446782,-1.2871209491814675,0.8761570334832115,76.32385,0.12858137547961765,-1.2881451101341097,-0.22432411660971005,-0.9960423370847702,-0.1816460878647987,-0.19807513125343568,-0.19807142307621395,-0.02969624345712769,-0.2480788643037877,-0.28745731901851257,-0.19807513125343568,-0.19807513125343568,-0.19807513125343568,0.48283718974426343,-0.7540068511584458,6.744611840697695e-20,-0.17700969389840043,-0.35055984059429374,-0.5000000000000004,0.8660254037844384,0.4999999999999999,-0.8660254037844387,22,5,121,1,0
0.5599720812402601,0.41855934632974795,-0.7599951072555231,-1.3216036480618696,0.751341518399945,76.43897,-0.2695118333397747,-1.2243685689834831,-0.19743890040385975,-0.9585765315395979,-0.1816460878647987,-0.19807513125343568,-0.19807142307621395,-0.02969624345712769,-0.2480788643037877,-0.28745731901851257,-0.19807513125343568,-0.19807513125343568,-0.19807513125343568,0.3194165349103221,-0.9221609475697914,6.744611840697695e-20,-0.17700969389840043,-0.35055984059429374,-0.2588190451025215,0.965925826289068,0.4999999999999999,-0.8660254037844387,23,5,121,1,0
0.4470127373246008,0.3683267206674877,-0.5931668129302428,-1.3242228257363773,0.4315369310329908,75.96687,-0.2695118333397747,-1.0562693203897837,-0.15611651903915447,-0.9721717196601958,-0.1816460878647987,-0.19807513125343568,-0.19807142307621395,-0.02969624345712769,-0.2480788643037877,-0.28745731901851257,-0.19807513125343568,-0.19807513125343568,-0.19807513125343568,0.22087065088620367,-0.7484111908329477,6.744611840697695e-20,-0.17700969389840043,-0.35055984059429374,0.0,1.0,0.4999999999999999,-0.8660254037844387,0,5,122,1,0
0.3450016803563119,0.33428386947325384,-0.5340355774981391,-1.3066988312233927,0.2886117481875026,85.52031,0.12858137547961765,-1.0176060064318204,0.17933561812520293,-0.970511839992881,-0.1816460878647987,-0.19807513125343568,-0.19807142307621395,-0.02969624345712769,-0.2480788643037877,-0.28745731901851257,-0.19807513125343568,-0.19807513125343568,-0.19807513125343568,0.12058420361068957,-0.37935592663663886,6.744611840697695e-20,-0.17700969389840043,-0.35055984059429374,0.2588190451025207,0.9659258262890684,0.4999999999999999,-0.8660254037844387,1,5,122,1,0
0.34358705581891263,0.2840514100082612,-0.5232245553694381,-1.3190033133921886,0.20052065087599186,96.26421,0.1949299799695664,-0.9672062639200163,0.5239373412838892,-0.9717765104622675,-0.1816460878647987,-0.19807513125343568,-0.19807142307621395,-0.02969624345712769,-0.2480788643037877,-0.28745731901851257,-0.19807513125343568,-0.19807513125343568,-0.19807513125343568,0.16882532315052798,-0.2602185897941455,6.744611840697695e-20,-0.17700969389840043,-0.35055984059429374,0.4999999999999999,0.8660254037844387,0.4999999999999999,-0.8660254037844387,2,5,122,1,0
0.16115427897861537,0.16070195826053119,-0.5129185498398812,-1.35881858264591,0.10500317942269388,102.14321,0.06223259522525782,-0.8968107068348266,0.6921109366430153,-0.9219801877838923,-0.1816460878647987,-0.19807513125343568,-0.19807142307621395,-0.02969624345712769,-0.2480788643037877,-0.28745731901851257,-0.19807513125343568,-0.19807513125343568,-0.19807513125343568,0.05178388248121677,-0.2747689212519298,6.744611840697695e-20,-0.17700969389840043,-0.35055984059429374,0.7071067811865476,0.7071067811865476,0.4999999999999999,-0.8660254037844387,3,5,122,1,0
0.1571870318565449,0.19300007053526372,-0.26446363475446805,-1.239738329178907,0.03921283668689424,82.30944,-0.004116536557924229,-0.8783511683429682,0.10007224727537298,-0.9410292566198005,-0.1816460878647987,-0.19807513125343568,-0.19807142307621395,-0.02969624345712769,-0.2480788643037877,-0.28745731901851257,-0.19807513125343568,-0.19807513125343568,-0.19807513125343568,0.014348511141902652,-0.2661590974231474,6.744611840697695e-20,-0.17700969389840043,-0.35055984059429374,0.8660254037844386,0.5000000000000001,0.4999999999999999,-0.8660254037844387,4,5,122,1,0
0.6415624094678742,1.6429656986008152,1.473899528897152,-2.0727611935090877,-0.17288797810735407,89.049355,-0.6676048663947559,-0.7759691516479342,0.3008164260661986,1.5890982154876347,-0.1816460878647987,11.407309230197628,11.486916112099456,-0.02969624345712769,4.798846173169595,2.7145374176655386,-0.03688923067256801,-0.03688923067256801,-0.03688923067256801,-0.7944580781961519,-0.6158214417272108,6.744611840697695e-20,-0.17700969389840043,1.3110404056521126,0.9659258262890684,0.2588190451025207,1.2246467991473532e-16,-1.0,5,6,181,2,1
0.6439919609774754,1.6557876516300185,1.42046506949465,-2.0776038457562103,-0.392866026598048,72.23875,-0.9330001631766061,-0.6139344575478526,-0.08860507664670096,1.5890982154876347,-0.1816460878647987,13.663912727016886,13.758998010545938,-0.02969624345712769,10.451402610216956,6.067414884572382,11.407309230197628,0.12429666990829967,-0.19807513125343568,-0.8040497420868451,-0.6606958791913584,9.906633957808635,-0.17700969389840043,2.42096946900195,1.0,6.123233995736766e-17,1.2246467991473532e-16,-1.0,6,6,181,2,1
0.6279384288607625,1.647104342968639,1.4215883774441496,-1.979639063527128,-1.2678988898059422,110.8043,-0.004116536557924229,-0.16219664332013609,0.571856707068066,1.5890982154876347,-0.1816460878647987,16.565257664488264,16.680243733540603,-0.02969624345712769,17.382512909447108,10.08307012797612,13.663912727016886,-0.03688923067256801,-0.03688923067256801,-0.8165144957178441,2.2900982664416403,12.029484962283592,-0.17700969389840043,3.2361976515575543,0.9659258262890684,-0.2588190451025206,1.2246467991473532e-16,-1.0,7,6,181,2,1
0.5775018364160807,1.634850618398739,1.3960238635604991,-1.8784709704731017,-0.1881700961120155,167.81326,-0.4022095696129055,0.0654512340979943,1.8078978670206245,1.5890982154876347,-0.1816460878647987,12.052052976632522,12.136082258246141,-0.02969624345712769,17.651682315638887,13.007091007234772,16.565257664488264,11.407309230197628,-0.03688923067256801,-0.8706644130763505,-0.3763677972256591,4.528746807533395,-0.17700969389840043,2.819878097369664,0.8660254037844387,-0.4999999999999998,1.2246467991473532e-16,-1.0,8,6,181,2,1
0.6020127573855484,1.62762818372311,1.3428704126754225,-1.7839544581320512,0.7862397272684886,177.39458,0.9911160460795289,0.21688148521500772,2.583475523810384,1.5890982154876347,-0.1816460878647987,13.986284215937204,14.083580696686196,-0.02969624345712769,17.786266858297346,16.359968398618015,12.052052976632522,13.663912727016886,0.12429666990829967,-0.8312055126313423,-0.20084452020078267,-1.4152341365445764,-0.17700969389840043,2.482978049802748,0.7071067811865476,-0.7071067811865475,1.2246467991473532e-16,-1.0,9,6,181,2,1
0.6486359100599114,1.5828328678808525,1.2542488944980235,-1.6400692730769908,1.6426568442493992,173.28865,1.0574653536271221,0.05118496544798183,3.2195384079193308,1.5890982154876347,-0.1816460878647987,5.765803178229384,5.806714074514834,-0.02969624345712769,13.277680668303207,17.763498456797308,13.986284215937204,16.565257664488264,-0.03688923067256801,-0.7251722228035037,-0.6493868505542044,-2.2643727289307938,-0.17700969389840043,1.7403169426361755,0.4999999999999999,-0.8660254037844387,1.2246467991473532e-16,-1.0,10,6,181,2,1
0.6299066842834572,1.5072406996857386,0.8654732475808126,-1.5651871717924521,2.77651212445402,155.73438,0.06223259522525782,-0.7938163902852914,3.7711000068623175,1.5890982154876347,-0.1816460878647987,0.12429666990829967,0.12651157744717553,-0.02969624345712769,8.298047907172721,15.034412343101819,5.765803178229384,12.052052976632522,11.407309230197628,-0.6744220398947958,-1.3975031904380646,-5.519410298213059,-0.17700969389840043,0.9800800640473311,0.258819045102521,-0.9659258262890682,1.2246467991473532e-16,-1.0,11,6,181,2,1
0.6383024746145036,1.4989226926194301,1.0787507249839803,-1.4212454577228264,2.376483853614276,136.90334,0.659371969043318,-1.365436989579065,2.8624885576738555,1.5890982154876347,-0.1816460878647987,2.2197133414317243,2.236301044574231,-0.02969624345712769,3.3857072870160567,12.266339059599064,0.12429666990829967,13.986284215937204,13.663912727016886,-0.6550770883829213,-1.0796011739452978,-12.171008036411235,-0.17700969389840043,0.20322863231237884,1.2246467991473532e-16,-1.0,1.2246467991473532e-16,-1.0,12,6,181,2,1
0.6065643716695949,1.4553040534346378,1.1395647439797316,-1.4307988611831362,1.4407571538296318,137.37093,0.46032545251582796,-1.0138517331770518,2.3562770919509277,1.5890982154876347,-0.1816460878647987,16.72644417754268,16.8425358504769,-0.02969624345712769,7.961586069214284,12.30532615388273,2.2197133414317243,5.765803178229384,16.565257664488264,-0.653336856667383,-0.8432258534539909,-3.1135136832426737,-0.17700969389840043,0.7095477571828688,-0.2588190451025208,-0.9659258262890684,1.2246467991473532e-16,-1.0,13,6,181,2,1
0.6542023253478125,1.4787972006478116,1.2145791326680326,-1.4179780806813738,1.2869279440400736,146.61372,-0.004116536557924229,-0.7246683714422288,2.5320256955616456,1.5890982154876347,-0.1816460878647987,9.473078759487203,9.539418447525566,-0.02969624345712769,11.864541526452513,11.681535062099217,16.72644417754268,0.12429666990829967,12.052052976632522,-0.6140801930953935,-1.0102703935183188,14.576904651381621,-0.17700969389840043,1.0865986762619575,-0.4999999999999997,-0.8660254037844388,1.2246467991473532e-16,-1.0,14,6,181,2,1
0.5142101741546949,1.4584689480092288,1.2038267447454865,-1.50904255453341,0.5814285201917764,177.95912,-0.4685583498672653,0.23626511046279763,2.4281478414268047,1.5890982154876347,-0.1816460878647987,1.8973414682142773,1.9117179715008883,-0.02969624345712769,11.729956823356623,8.757514052126645,9.473078759487203,2.2197133414317243,13.986284215937204,-0.7780269953350434,-0.9594023034948895,6.368550577689034,-0.17700969389840043,1.0475527338202446,-0.7071067811865471,-0.7071067811865479,1.2246467991473532e-16,-1.0,15,6,181,2,1
0.521068268873272,1.4501103888095277,1.067633461660902,-1.6600051722111342,0.6825398949453901,194.85991,-1.1320466797040971,0.678184081801182,2.4337337247037087,1.5890982154876347,-0.1816460878647987,-0.03688923067256801,-0.0357799228145192,-0.02969624345712769,4.731553931922384,7.353983993947358,1.8973414682142773,16.72644417754268,5.765803178229384,-0.7606651255542599,-1.410393988833072,-13.020147915203394,-0.17700969389840043,0.292456237769638,-0.8660254037844385,-0.5000000000000004,1.2246467991473532e-16,-1.0,16,6,181,2,1
0.5364453509663132,1.4303905843691054,0.9944753992640643,-1.7144934893436299,0.10677658880103896,156.94264,-0.4022095696129055,-0.18674384138914257,1.9281023339817287,1.5890982154876347,-0.1816460878647987,-0.19807513125343568,-0.19807142307621395,-0.02969624345712769,0.6940138016702836,7.276010101664909,-0.03688923067256801,9.473078759487203,0.12429666990829967,-0.7207608066848222,-0.6245182041906124,-8.349877421972316,-0.17700969389840043,-0.22890815334756315,-0.9659258262890684,-0.2588190451025206,1.2246467991473532e-16,-1.0,17,6,181,2,1
0.5391209186577073,1.4469049421015434,1.3054792160332316,-1.7101464081241027,-0.813475438377475,108.548874,-1.1320466797040971,-0.3977573759276933,0.6565567928443693,1.5890982154876347,-0.1816460878647987,-0.19807513125343568,-0.19807142307621395,-0.02969624345712769,-0.1807865277968521,6.6912059182608195,-0.19807513125343568,1.8973414682142773,2.2197133414317243,-0.7337115918827821,-0.410305626399261,-1.8398034327376864,-0.17700969389840043,-0.3418704339461915,-1.0,-1.8369701987210294e-16,1.2246467991473532e-16,-1.0,18,6,181,2,1
0.5511457310989883,1.4869935513139412,1.2022438027093472,-1.685556286791359,-1.352614147738593,23.933578,-1.4637909325047185,0.11117256057759821,-0.2470157598948606,1.5890982154876347,-0.1816460878647987,-0.19807513125343568,-0.19807142307621395,-0.02969624345712769,-0.2480788643037877,2.5975766344321904,-0.19807513125343568,-0.03688923067256801,16.72644417754268,-0.757872599027305,0.085835136758061,-0.14152334827972962,-0.17700969389840043,-0.35055984059429374,-0.9659258262890684,0.2588190451025203,1.2246467991473532e-16,-1.0,19,6,181,2,1
0.47204642693433607,1.4552227829705837,1.151037080080641,-1.694160002807092,-1.227466550684102,71.211784,-1.3310931962315877,-0.18830331339987597,0.09342552196771182,1.5890982154876347,-0.1816460878647987,-0.19807513125343568,-0.19807142307621395,-0.02969624345712769,-0.2480788643037877,0.2583599008158311,-0.19807513125343568,-0.19807513125343568,9.473078759487203,-0.8302745599437384,0.019790749570770545,6.744611840697695e-20,-0.17700969389840043,-0.35055984059429374,-0.8660254037844386,0.5000000000000001,1.2246467991473532e-16,-1.0,20,6,181,2,1
0.502000818084982,1.4635407900368924,1.2384688503102348,-1.633596700910092,-1.1047936147029132,95.833305,-1.3310931962315877,-0.27744722252105386,0.4091198266354133,1.5890982154876347,-0.1816460878647987,-0.19807513125343568,-0.19807142307621395,-0.02969624345712769,-0.2480788643037877,-0.24847037287728915,-0.19807513125343568,-0.19807513125343568,1.8973414682142773,-0.7991526259370606,-0.22672324401582464,6.744611840697695e-20,-0.17700969389840043,-0.35055984059429374,-0.7071067811865477,0.7071067811865474,1.2246467991473532e-16,-1.0,21,6,181,2,1
0.46162090862723326,1.3797118852395234,1.406958870713362,-1.4754379396791324,-1.3065370412997592,77.020424,-0.4022095696129055,-0.16128406822541563,0.1774128758907924,1.5890982154876347,-0.1816460878647987,-0.19807513125343568,-0.19807142307621395,-0.02969624345712769,-0.2480788643037877,-0.28745731901851257,-0.19807513125343568,-0.19807513125343568,-0.03688923067256801,-0.7686781814599015,1.88125752937024,6.744611840697695e-20,-0.17700969389840043,-0.35055984059429374,-0.5000000000000004,0.8660254037844384,1.2246467991473532e-16,-1.0,22,6,181,2,1
0.4181962182528796,1.3923714635378877,1.0768435702785124,-1.3563689920150555,-1.194853735804978,81.766945,-0.4685583498672653,-0.22711677254842194,0.21911647733196238,1.5890982154876347,-0.1816460878647987,-0.19807513125343568,-0.19807142307621395,-0.02969624345712769,-0.2480788643037877,-0.28745731901851257,-0.19807513125343568,-0.19807513125343568,-0.19807513125343568,-0.838449736883653,1.3459985804563925,6.744611840697695e-20,-0.17700969389840043,-0.35055984059429374,-0.2588190451025215,0.965925826289068,1.2246467991473532e-16,-1.0,23,6,181,2,1
0.4348955900849302,1.447148254901901,1.1250401616178536,-1.3200717117673373,-1.1728086960170858,103.89792,-1.3310931962315877,-0.22861850456174831,0.5097488371146722,1.5890982154876347,-0.1816460878647987,0.7690402962503411,0.7756776026772724,-0.02969624345712769,0.15567516476516532,-0.053535636361664446,-0.19807513125343568,-0.19807513125343568,-0.19807513125343568,-0.8711094999649223,-0.09657732599016321,6.744611840697695e-20,-0.17700969389840043,-0.2986564982689633,0.0,1.0,-0.4999999999999997,-0.8660254037844388,0,7,182,2,1
0.4105384764672137,1.4402098513572896,1.1250401616178536,-1.3617204053932226,-0.9949811344214404,173.93642,-1.5301398006412839,0.22220678453636947,1.2211964325287312,1.5890982154876347,-0.1816460878647987,0.2854825824984526,0.2888030898005291,-0.02969624345712769,0.3575521792996419,0.06342520496675962,0.7690402962503411,-0.19807513125343568,-0.19807513125343568,-0.8962417414037237,-0.6822002483012879,0.8491401107669997,-0.17700969389840043,-0.27293619417199,0.2588190451025207,0.9659258262890684,-0.4999999999999997,-0.8660254037844388,1,7,182,2,1
0.4045722376457679,1.4296603135734984,1.3952233160399294,-1.4092424636316834,-1.2237344924083637,223.36876,-1.4637909325047185,0.635650991882217,0.8535383792322395,1.5890982154876347,-0.1816460878647987,0.44666847107003516,0.4510945779705652,-0.02969624345712769,0.6267215253273841,0.2193729895316532,0.2854825824984526,-0.19807513125343568,-0.19807513125343568,-0.8935707227685102,-0.20912952153848874,0.4245700553834998,-0.17700969389840043,-0.2389343840998864,0.4999999999999999,0.8660254037844387,-0.4999999999999997,-0.8660254037844388,2,7,182,2,1
0.3726187288273995,1.4089260410091824,1.3552707303920137,-1.5480023513667949,-1.0505114336364119,244.31296,-1.198395459958457,0.8271307378132601,0.6979288933716089,1.5890982154876347,-0.1816460878647987,0.6078543596416176,0.6133860661406011,-0.02969624345712769,0.5594291737794397,0.41430771733301647,0.44666847107003516,0.7690402962503411,-0.19807513125343568,-0.9149392033860787,-0.130138043633402,-0.2830467176480812,-0.17700969389840043,-0.24797621223236038,0.7071067811865476,0.7071067811865476,-0.4999999999999997,-0.8660254037844388,3,7,182,2,1
0.36262364436217476,1.3864879140532949,1.3545326292086481,-1.4499433541134514,-0.4523288230397616,265.36234,-0.9993489434309663,1.2014034147514352,0.4324247851743735,1.5890982154876347,-0.1816460878647987,-0.03688923067256801,-0.0357799228145192,-0.02969624345712769,0.4248444957518987,0.45329466347424,0.6078543596416176,0.2854825824984526,-0.19807513125343568,-0.905712063170606,-0.6693907797281038,0.2830466754708374,-0.17700969389840043,-0.2650734842629389,0.8660254037844386,0.5000000000000001,-0.4999999999999997,-0.8660254037844388,4,7,182,2,1
0.4034035033218149,1.4136329138363106,1.3016866902282977,-1.2360752490355402,-1.2027893905390459,359.03418,-0.8666512071578358,0.29717683095775776,-0.4151893878424699,1.5890982154876347,-0.1816460878647987,0.12429666990829967,0.12651157744717553,-0.02969624345712769,0.2902598227380275,0.5312685557566871,-0.03688923067256801,0.44666847107003516,-0.19807513125343568,-0.8791227216384927,0.7234323220558321,-0.42457004483918886,-0.17700969389840043,-0.2743099415323257,0.9659258262890684,0.2588190451025207,-0.4999999999999997,-0.8660254037844388,5,7,182,2,1
0.40352657439688544,1.4016226682640358,1.249879103134039,-1.191737658617197,-1.4828048821601523,102.36737,-0.5349071301216252,-0.07077708030351261,0.43918752548222384,1.5890982154876347,-0.1816460878647987,-0.03688923067256801,-0.0357799228145192,-0.02969624345712769,0.021090481723954727,0.33633381924106215,0.12429666990829967,0.6078543596416176,0.7690402962503411,-0.8669815470043246,2.2900982664416403,-0.42457003429487794,-0.17700969389840043,-0.30625049967837786,1.0,6.123233995736766e-17,-0.4999999999999997,-0.8660254037844388,6,7,182,2,1
0.4442140985581361,1.373706679354752,1.2120435209294096,-1.0018943847264412,-1.5879706057663603,118.063995,-0.5349071301216252,0.013295656647340426,0.5366672175335916,1.5890982154876347,-0.1816460878647987,-0.03688923067256801,-0.0357799228145192,-0.02969624345712769,0.021090481723954727,0.2583599240538615,-0.03688923067256801,-0.03688923067256801,0.2854825824984526,-0.7855949643521137,2.2900982664416403,6.744611840697695e-20,-0.17700969389840043,-0.29540997253230017,0.9659258262890684,-0.2588190451025206,-0.4999999999999997,-0.8660254037844388,7,7,182,2,1
0.43947794064565776,1.4148908609578292,1.0761268896410494,-1.0376018789222814,-0.9097391336277729,76.57472,-0.6012560861403962,-0.36577094659974085,0.10207786202255914,1.5890982154876347,-0.1816460878647987,-0.03688923067256801,-0.0357799228145192,-0.02969624345712769,-0.04620185478298092,0.14139908563019124,-0.03688923067256801,0.12429666990829967,0.44666847107003516,-0.8329052969722772,0.41234361530708513,-0.14152334827972962,-0.17700969389840043,-0.30023160135016763,0.8660254037844387,-0.4999999999999998,-0.4999999999999997,-0.8660254037844388,8,7,182,2,1
0.5229135791892437,1.38482427940058,0.7740082426999639,-1.0298197179181074,-0.7472467599635354,53.57881,-0.7339538224135272,-0.32232528915652847,-0.3204943599548216,1.5890982154876347,-0.1816460878647987,-0.19807513125343568,-0.19807142307621395,-0.02969624345712769,-0.1134941912899165,-0.05353564217117205,-0.03688923067256801,-0.03688923067256801,0.6078543596416176,-0.6931193361092218,-0.03405800919683681,6.744611840697695e-20,-0.17700969389840043,-0.3055635334495995,0.7071067811865476,-0.7071067811865475,-0.4999999999999997,-0.8660254037844388,9,7,182,2,1
0.6681953932117879,1.4053960110367878,0.3769737046272263,-1.048851152819335,-0.9741451041312544,8.992893,-0.3358606135941342,0.18868396859798423,-0.5785561058899142,1.5890982154876347,-0.1816460878647987,-0.19807513125343568,-0.19807142307621395,-0.02969624345712769,-0.1807865277968521,-0.09252258831239547,-0.19807513125343568,-0.03688923067256801,-0.03688923067256801,-0.5224544570229694,0.9071800973204622,-0.14152334827972962,-0.17700969389840043,-0.3242950277793034,0.4999999999999999,-0.8660254037844387,-0.4999999999999997,-0.8660254037844388,10,7,182,2,1
0.7042390942589501,1.4026371363879293,0.19995830695514952,-1.1028438989241927,-1.0232993697256652,350.66565,0.3276275404782861,0.387764673802213,-0.5406648572929794,1.5784275049825864,-0.1816460878647987,-0.19807513125343568,-0.19807142307621395,-0.02969624345712769,-0.2480788643037877,-0.17049648059484232,-0.19807513125343568,-0.03688923067256801,0.12429666990829967,-0.47227103466250087,1.9655240674268395,-0.14152334827972962,-0.17700969389840043,-0.35055984059429374,0.258819045102521,-0.9659258262890682,-0.4999999999999997,-0.8660254037844388,11,7,182,2,1
0.7791557454280719,1.3831202588117395,0.09400938244362637,-1.1726496947014255,-0.7615645394762888,303.9185,0.26127893598833735,0.9120351820664773,-0.2755088484104504,1.5890982154876347,-0.1816460878647987,-0.19807513125343568,-0.19807142307621395,-0.02969624345712769,-0.2480788643037877,-0.20948342673606574,-0.19807513125343568,-0.19807513125343568,-0.03688923067256801,-0.35421807809223566,1.1506281708362787,6.744611840697695e-20,-0.17700969389840043,-0.35055984059429374,1.2246467991473532e-16,-1.0,-0.4999999999999997,-0.8660254037844388,12,7,182,2,1
1.0468384829145518,1.445565890713239,-0.018873626918406605,-1.3833521749640885,-0.6301217589631691,282.65143,-0.07046531681228407,1.0898839885808096,0.06803207616878983,1.5890982154876347,-0.1816460878647987,-0.19807513125343568,-0.19807142307621395,-0.02969624345712769,-0.2480788643037877,-0.24847037287728915,-0.19807513125343568,-0.19807513125343568,-0.03688923067256801,-0.06424554498335383,0.5153199042013528,6.744611840697695e-20,-0.17700969389840043,-0.35055984059429374,-0.2588190451025208,-0.9659258262890684,-0.4999999999999997,-0.8660254037844388,13,7,182,2,1
1.1106530397845524,1.4156211317534364,-0.04436661796235024,-1.480853419273787,-0.23293313480716804,285.52502,-0.13681409706664424,1.283431457796471,-0.07043848547052513,1.5512372530633656,-0.1816460878647987,-0.19807513125343568,-0.19807142307621395,-0.02969624345712769,-0.2480788643037877,-0.28745731901851257,-0.19807513125343568,-0.19807513125343568,-0.03688923067256801,0.04959856387710706,-0.10116585671655307,6.744611840697695e-20,-0.17700969389840043,-0.35055984059429374,-0.4999999999999997,-0.8660254037844388,-0.4999999999999997,-0.8660254037844388,14,7,182,2,1
1.1165578060526364,1.5244040577497302,0.17873308738708177,-1.6197263650380502,0.5766540769027368,290.90887,0.06223259522525782,1.6554053606147239,-0.4231787152066287,1.5784275049825864,-0.1816460878647987,-0.19807513125343568,-0.19807142307621395,-0.02969624345712769,-0.2480788643037877,-0.28745731901851257,-0.19807513125343568,-0.19807513125343568,-0.19807513125343568,-0.051132970286978864,-0.6237033150407985,6.744611840697695e-20,-0.17700969389840043,-0.35055984059429374,-0.7071067811865471,-0.7071067811865479,-0.4999999999999997,-0.8660254037844388,15,7,182,2,1
1.1343644396552783,1.5419732695421864,0.36804678288764076,-1.7722717951233875,0.10229830672830086,285.20312,0.06223259522525782,1.4570523822664996,-0.12951306285904476,1.5010456227654985,-0.1816460878647987,-0.19807513125343568,-0.19807142307621395,-0.02969624345712769,-0.2480788643037877,-0.28745731901851257,-0.19807513125343568,-0.19807513125343568,-0.19807513125343568,-0.045224172468310266,-0.27237537580227433,6.744611840697695e-20,-0.17700969389840043,-0.35055984059429374,-0.8660254037844385,-0.5000000000000004,-0.4999999999999997,-0.8660254037844388,16,7,182,2,1
1.1052095696033741,1.5579193988153206,0.5081451404081689,-1.811135492632052,0.3043397446595707,269.7962,-0.20316287732100374,1.60690005326106,0.33288974661240506,1.3262052580129993,-0.1816460878647987,-0.19807513125343568,-0.19807142307621395,-0.02969624345712769,-0.2480788643037877,-0.28745731901851257,-0.19807513125343568,-0.19807513125343568,-0.19807513125343568,-0.09949543195062936,-0.6215275298772265,6.744611840697695e-20,-0.17700969389840043,-0.35055984059429374,-0.9659258262890684,-0.2588190451025206,-0.4999999999999997,-0.8660254037844388,17,7,182,2,1
1.049421967744251,1.650715643405087,1.0361910047577352,-1.8037283074244637,-0.41308283658447165,263.71225,-1.5301398006412839,1.219643409526917,0.4733824905492515,1.222976733620034,-0.1816460878647987,-0.19807513125343568,-0.19807142307621395,-0.02969624345712769,-0.2480788643037877,-0.28745731901851257,-0.19807513125343568,-0.19807513125343568,-0.19807513125343568,-0.26546559752804433,-1.2119896177858274,6.744611840697695e-20,-0.17700969389840043,-0.35055984059429374,-1.0,-1.8369701987210294e-16,-0.4999999999999997,-0.8660254037844388,18,7,182,2,1
0.902233244884026,1.6210143634429095,0.8110839401152264,-1.7269261039454218,-0.44945103545934917,277.21066,-1.5964886687778492,1.1986772117271471,0.16092038768504466,1.1187205845031711,-0.1816460878647987,-0.19807513125343568,-0.19807142307621395,-0.02969624345712769,-0.2480788643037877,-0.28745731901851257,-0.19807513125343568,-0.19807513125343568,-0.19807513125343568,-0.42953390765943456,-1.2531118557591647,6.744611840697695e-20,-0.17700969389840043,-0.35055984059429374,-0.9659258262890684,0.2588190451025203,-0.4999999999999997,-0.8660254037844388,19,7,182,2,1
0.8596389378534424,1.5480597458910115,0.7071815853875835,-1.6604498671256487,-1.0038599936057917,323.25726,-1.8618839655596997,0.6608912970342972,-0.38966332864258246,0.8950323286982053,-0.1816460878647987,-0.19807513125343568,-0.19807142307621395,-0.02969624345712769,-0.2480788643037877,-0.28745731901851257,-0.19807513125343568,-0.19807513125343568,-0.19807513125343568,-0.41281969317609885,-1.129608129253773,6.744611840697695e-20,-0.17700969389840043,-0.35055984059429374,-0.8660254037844386,0.5000000000000001,-0.4999999999999997,-0.8660254037844388,20,7,182,2,1
0.8459226224479407,1.5479379232935648,0.8996106996065165,-1.5855753030430533,-1.3869436018330719,43.908066,-1.7955351853053398,-0.0019525023479836157,-0.10675509114775603,0.8837293373493275,-0.1816460878647987,-0.19807513125343568,-0.19807142307621395,-0.02969624345712769,-0.2480788643037877,-0.28745731901851257,-0.19807513125343568,-0.19807513125343568,-0.19807513125343568,-0.43074815773719455,-0.470143621677336,6.744611840697695e-20,-0.17700969389840043,-0.35055984059429374,-0.7071067811865477,0.7071067811865474,-0.4999999999999997,-0.8660254037844388,21,7,182,2,1
0.6980575755323914,1.649904102145426,0.8757115424017134,-1.5513940922402827,-0.7057639806987237,65.39062,-1.7955351853053398,-0.4217038948182206,-0.14058540195061198,0.604000413134079,-0.1816460878647987,-0.19807513125343568,-0.19807142307621395,-0.02969624345712769,-0.2480788643037877,-0.28745731901851257,-0.19807513125343568,-0.19807513125343568,-0.19807513125343568,-0.7270337966428543,-1.2926923358962135,6.744611840697695e-20,-0.17700969389840043,-0.35055984059429374,-0.5000000000000004,0.8660254037844384,-0.4999999999999997,-0.8660254037844388,22,7,182,2,1
0.660322371521009,1.6256805179393767,1.2780583758581185,-1.5082360739257166,-0.6228784041986833,54.391182,-1.8618839655596997,-0.3824399168227241,-0.3632753909646971,0.6548242724749525,-0.1816460878647987,-0.19807513125343568,-0.19807142307621395,-0.02969624345712769,-0.2480788643037877,-0.28745731901851257,-0.19807513125343568,-0.19807513125343568,-0.19807513125343568,-0.7525303959889491,-1.4187957811726364,6.744611840697695e-20,-0.17700969389840043,-0.35055984059429374,-0.2588190451025215,0.965925826289068,-0.4999999999999997,-0.8660254037844388,23,7,182,2,1
0.7215843058063384,1.6746957486135117,1.21341007914593,-1.5515712164859006,-0.7602117473371458,39.575504,-1.662837449032209,-0.19072915790874198,-0.5057239961596598,0.8321941750093519,-0.1816460878647987,-0.19807513125343568,-0.19807142307621395,-0.02969624345712769,-0.2480788643037877,-0.28745731901851257,-0.19807513125343568,-0.19807513125343568,-0.19807513125343568,-0.7208014198273553,-1.0985217097383642,6.744611840697695e-20,-0.17700969389840043,-0.35055984059429374,0.0,1.0,-0.4999999999999997,-0.8660254037844388,0,7,183,2,1
0.6788670536690313,1.662157992912594,1.4608061294495998,-1.5537230876400847,-0.6143940471246582,35.298897,-1.3974421522503586,-0.1909832911161573,-0.6455205831803518,0.11536418351038676,-0.1816460878647987,-0.19807513125343568,-0.19807142307621395,-0.02969624345712769,-0.2480788643037877,-0.28745731901851257,-0.19807513125343568,-0.19807513125343568,-0.19807513125343568,-0.7645097811247009,-0.9280576091329098,6.744611840697695e-20,-0.17700969389840043,-0.35055984059429374,0.2588190451025207,0.9659258262890684,-0.4999999999999997,-0.8660254037844388,1,7,183,2,1
0.664873985805056,1.6887754825669663,1.447671341150644,-1.5971072220128906,-0.8360115849050186,53.718666,-1.3310931962315877,-0.2853600701400078,-0.27826033749827306,0.18895206985956142,-0.1816460878647987,-0.19807513125343568,-0.19807142307621395,-0.02969624345712769,-0.2480788643037877,-0.28745731901851257,-0.19807513125343568,-0.19807513125343568,-0.19807513125343568,-0.809472674106481,-0.6240335860274957,6.744611840697695e-20,-0.17700969389840043,-0.35055984059429374,0.4999999999999999,0.8660254037844387,-0.4999999999999997,-0.8660254037844388,2,7,183,2,1
0.5896189836557508,1.5865251063868187,1.4609179519604096,-1.7367809954833844,-1.3379800834170414,52.992615,-1.3310931962315877,-0.06674556118732536,-0.05802352259680474,0.14128987374194896,-0.1816460878647987,-0.03688923067256801,-0.0357799228145192,-0.02969624345712769,-0.1807865277968521,-0.24847037287728915,-0.19807513125343568,-0.19807513125343568,-0.19807513125343568,-0.8065181923131827,0.294792530952947,6.744611840697695e-20,-0.17700969389840043,0.3750056042041286,0.7071067811865476,0.7071067811865476,-0.4999999999999997,-0.8660254037844388,3,7,183,2,1
0.5924790949755772,1.558649835808196,1.340741065188734,-1.811653675265499,-1.2091001434532551,104.86207,-1.2647444159772279,-0.2077331594133888,0.5151026795283701,0.11702403727729006,-0.1816460878647987,-0.19807513125343568,-0.19807142307621395,-0.02969624345712769,-0.1807865277968521,-0.24847037287728915,-0.03688923067256801,-0.19807513125343568,-0.19807513125343568,-0.7749511714179329,0.08825108884081236,0.14152334827972962,-0.17700969389840043,0.47865781082455167,0.8660254037844386,0.5000000000000001,-0.4999999999999997,-0.8660254037844388,4,7,183,2,1
0.6124075394159706,1.6199187910522306,0.9678983107614256,-0.7114916468384063,-1.2695735313399272,168.16864,-1.3974421522503586,0.18980447430353217,1.0019707187698303,0.819231278092748,-0.1816460878647987,-0.19807513125343568,-0.19807142307621395,-0.02969624345712769,-0.2480788643037877,-0.20948342673606574,-0.19807513125343568,-0.19807513125343568,8.828335013052309,-0.8098370320137733,0.00259166340533105,6.744611840697695e-20,-0.17700969389840043,-0.35055984059429374,0.9659258262890684,0.2588190451025207,-0.4999999999999997,-0.8660254037844388,5,7,203,2,1
0.5929403910624831,1.6365142530514545,0.9684439900917736,-0.577757188497477,-1.5508048209690803,205.57422,-1.5964886687778492,0.43161463992531524,0.7553625102771141,1.1814797419371628,-0.1816460878647987,-0.19807513125343568,-0.19807142307621395,-0.02969624345712769,-0.2480788643037877,-0.24847037287728915,-0.19807513125343568,-0.19807513125343568,-0.03688923067256801,-0.8520073984685997,0.41834896906969166,6.744611840697695e-20,-0.17700969389840043,-0.35055984059429374,1.0,6.123233995736766e-17,-0.4999999999999997,-0.8660254037844388,6,7,203,2,1
0.6796973110444542,1.6376909297089193,0.9934181682527713,-0.4640961832261111,-1.7139180088850003,138.08853,-1.662837449032209,0.12491899513006889,0.5876032992075219,1.2744328220039136,-0.1816460878647987,0.12429666990829967,0.12651157744717553,-0.02969624345712769,-0.1134941912899165,-0.20948342673606574,-0.19807513125343568,-0.19807513125343568,-0.03688923067256801,-0.7390133475465348,0.9853198211557451,6.744611840697695e-20,-0.17700969389840043,-0.2982668344993604,0.9659258262890684,-0.2588190451025206,-0.4999999999999997,-0.8660254037844388,7,7,203,2,1
0.6670882574095441,1.6603319835290393,0.959982148340329,-0.41068757027168984,-0.931332886910671,150.43527,-1.198395459958457,-0.0377394302387114,1.151298155312627,1.5036540532006146,-0.1816460878647987,0.2854825824984526,0.2888030898005291,-0.02969624345712769,0.08838282324456002,-0.09252258540764166,0.12429666990829967,-0.19807513125343568,-0.19807513125343568,-0.7781887848334585,-0.3267394979820257,0.28304669655945924,-0.17700969389840043,-0.22041356793702682,0.8660254037844387,-0.4999999999999998,-0.4999999999999997,-0.8660254037844388,8,7,203,2,1
0.7082678139343819,1.7523166868591444,0.7468560669988746,-0.37084780511165744,-0.6560447601882379,158.84221,-0.6012560861403962,-0.003015245344705631,1.4068239089364658,1.5890982154876347,-0.1816460878647987,0.9302261367847825,0.9379690424806729,-0.02969624345712769,0.5594291637521003,0.18038602886666086,0.2854825824984526,-0.19807513125343568,-0.19807513125343568,-0.8157456640645124,-0.01965975517866984,0.4245700553834998,-0.17700969389840043,-0.04639266482342313,0.7071067811865476,-0.7071067811865475,-0.4999999999999997,-0.8660254037844388,9,7,203,2,1
0.8778761312663095,1.817480973670646,0.781225151368399,-0.4190990876379182,-0.6211145300445055,162.68463,-0.5349071301216252,0.04257901831642713,1.457875940433619,1.5890982154876347,-0.1816460878647987,-0.19807513125343568,-0.19807142307621395,-0.02969624345712769,0.42484449073822905,0.18038602886666086,0.9302261367847825,0.12429666990829967,-0.19807513125343568,-0.6575457043771872,0.0020811925724622798,0.7076167097657152,-0.17700969389840043,-0.0937225134482006,0.4999999999999999,-0.8660254037844387,-0.4999999999999997,-0.8660254037844388,10,7,203,2,1
0.9703841361329606,1.8342791963368337,0.7039783061250016,-0.42934968227777337,-0.7483566885199685,158.06602,-0.6676048663947559,0.005151750622609607,1.335699001212742,1.5890982154876347,-0.1816460878647987,-0.03688923067256801,-0.0357799228145192,-0.02969624345712769,0.29025981271068807,0.21937297500788427,-0.19807513125343568,0.2854825824984526,-0.19807513125343568,-0.5525647093607639,0.04449196259889685,-0.4245700553834998,-0.17700969389840043,-0.14044134196156882,0.258819045102521,-0.9659258262890682,-0.4999999999999997,-0.8660254037844388,11,7,203,2,1
1.0123633397248872,1.8289638753115451,0.5247555030447305,-0.498804998164753,-0.6946147419450971,175.5166,-0.6012560861403962,0.2269429511646388,1.4520414070299046,1.564832379022976,-0.1816460878647987,0.2854825824984526,0.2888030898005291,-0.02969624345712769,0.02109048673762442,0.33633381633630827,-0.03688923067256801,0.9302261367847825,-0.19807513125343568,-0.49202062568834287,0.03730760892868067,-0.8491400580454449,-0.17700969389840043,-0.23388599542068145,1.2246467991473532e-16,-1.0,-0.4999999999999997,-0.8660254037844388,12,7,203,2,1
1.181786987460036,1.6551383189039293,0.5133445241007264,-0.63860125116678,-0.5062387034134006,185.88704,0.3276275404782861,0.3794706074459536,1.5925674003443897,1.5645162127006498,-0.1816460878647987,0.44666847107003516,0.4510945779705652,-0.02969624345712769,0.2902598327653669,0.4143077086187552,0.2854825824984526,-0.19807513125343568,0.12429666990829967,-0.09569122375479208,0.7142802380349597,0.4245700553834998,-0.17700969389840043,-0.11119803705474217,-0.2588190451025208,-0.9659258262890684,-0.4999999999999997,-0.8660254037844388,13,7,203,2,1
1.1556460360797092,1.7031797997848312,0.6942312316194439,-0.7512390812746581,-0.6612840100762402,188.86554,0.39397684802587923,0.4124967049689896,1.4671416066051037,1.554794156565048,-0.1816460878647987,0.44666847107003516,0.4510945779705652,-0.02969624345712769,0.4921368422861737,0.45329465185522483,0.44666847107003516,-0.03688923067256801,0.2854825824984526,-0.17800875909460684,1.0802388683442834,0.42457004483918886,-0.17700969389840043,-0.019732063832641176,-0.4999999999999997,-0.8660254037844388,-0.4999999999999997,-0.8660254037844388,14,7,203,2,1
1.0623999826676775,1.6192696245234088,0.8595651705729926,-0.9596238719404234,-0.8219014455722674,277.13348,0.5930230130245476,1.002241834184377,0.19798289377369857,1.3621692484037236,-0.1816460878647987,-0.19807513125343568,-0.19807142307621395,-0.02969624345712769,0.2902598277516972,0.18038603758092225,0.44666847107003516,0.2854825824984526,0.9302261367847825,-0.21702240688311544,1.6978124940526707,0.14152333773541872,-0.17700969389840043,-0.10743842984585857,-0.7071067811865471,-0.7071067811865479,-0.4999999999999997,-0.8660254037844388,15,7,203,2,1
1.1546619713525352,1.6390705332306164,0.6065638353849294,-1.0763996259139352,-1.0054317401088368,255.27953,-0.4685583498672653,0.8897751904346815,0.552844770637702,1.2637622410009222,-0.1816460878647987,-0.19807513125343568,-0.19807142307621395,-0.02969624345712769,0.021090481723954727,0.18038603758092225,-0.19807513125343568,0.44666847107003516,-0.19807513125343568,-0.11536008579935453,0.8025903773587563,-0.5660933931189185,-0.17700969389840043,-0.22899913522007617,-0.8660254037844385,-0.5000000000000004,-0.4999999999999997,-0.8660254037844388,16,7,203,2,1
1.1466045320016718,1.6504721644074618,0.6054390751950305,-1.2099023152951833,-0.3951971754317925,243.42432,-1.1320466797040971,1.1348082351014532,0.9336470627477744,1.0001578251247158,-0.1816460878647987,-0.19807513125343568,-0.19807142307621395,-0.02969624345712769,-0.2480788643037877,0.14139909143969884,-0.19807513125343568,0.44666847107003516,-0.03688923067256801,-0.1373354428039099,-0.8467747948158006,-0.5660933931189185,-0.17700969389840043,-0.35055984059429374,-0.9659258262890684,-0.2588190451025206,-0.4999999999999997,-0.8660254037844388,17,7,203,2,1
1.1286749532923066,1.6539616422464638,0.5926658947557064,-1.0841441009083919,-1.1583928744755432,213.40335,-1.928232833696265,0.5859443564534865,0.9734279328173617,1.2481910431512595,-0.1816460878647987,-0.19807513125343568,-0.19807142307621395,-0.02969624345712769,-0.2480788643037877,0.02443825011127479,-0.19807513125343568,-0.19807513125343568,0.2854825824984526,-0.16441031859919927,-1.0621476702076789,6.744611840697695e-20,-0.17700969389840043,-0.35055984059429374,-1.0,-1.8369701987210294e-16,-0.4999999999999997,-0.8660254037844388,18,7,203,2,1
0.9110595950252982,1.7327187050161694,0.8913441841888892,-1.0093072228354925,-1.544387885506345,167.73497,-1.3974421522503586,0.21729734340847354,0.7959058422252862,1.4472972443684178,-0.1816460878647987,-0.19807513125343568,-0.19807142307621395,-0.02969624345712769,-0.2480788643037877,-0.13150953445361888,-0.19807513125343568,-0.19807513125343568,0.44666847107003516,-0.5293346549038449,0.8631287494361864,6.744611840697695e-20,-0.17700969389840043,-0.35055984059429374,-0.9659258262890684,0.2588190451025203,-0.4999999999999997,-0.8660254037844388,19,7,203,2,1
0.8566251451502119,1.687112014111519,0.8562141258496978,-0.8948962659709983,-1.5373145850606282,70.28178,-1.3310931962315877,-0.030450359311294025,0.16214696387852534,1.4748038439128446,-0.1816460878647987,-0.19807513125343568,-0.19807142307621395,-0.02969624345712769,-0.2480788643037877,-0.28745731901851257,-0.19807513125343568,-0.19807513125343568,0.44666847107003516,-0.5554787437794593,0.9880618752086944,6.744611840697695e-20,-0.17700969389840043,-0.35055984059429374,-0.8660254037844386,0.5000000000000001,-0.4999999999999997,-0.8660254037844388,20,7,203,2,1
0.8275626098966977,1.709996380731996,0.9480196811043764,-0.8266619767984743,-0.8782586621977143,78.42909,-1.3310931962315877,-0.3868872971605664,0.12775310043570495,1.5097402613804947,-0.1816460878647987,-0.19807513125343568,-0.19807142307621395,-0.02969624345712769,-0.2480788643037877,-0.28745731901851257,-0.19807513125343568,-0.19807513125343568,-0.19807513125343568,-0.6165488090896594,-0.5714206825167382,6.744611840697695e-20,-0.17700969389840043,-0.35055984059429374,-0.7071067811865477,0.7071067811865474,-0.4999999999999997,-0.8660254037844388,21,7,203,2,1
0.7368690531009902,1.658911827873949,0.9944753992640643,-0.8448096747720931,-0.27393388714280437,112.45823,-1.5964886687778492,-0.6457014491460502,0.8802412737374179,1.5007295082439953,-0.1816460878647987,-0.19807513125343568,-0.19807142307621395,-0.02969624345712769,-0.2480788643037877,-0.28745731901851257,-0.19807513125343568,-0.19807513125343568,-0.19807513125343568,-0.6849443249372357,-1.3529670755758991,6.744611840697695e-20,-0.17700969389840043,-0.35055984059429374,-0.5000000000000004,0.8660254037844384,-0.4999999999999997,-0.8660254037844388,22,7,203,2,1
0.7697757644015046,1.6526227570554275,1.0296428527935588,-0.7947343893760924,-0.45531363283769377,117.03023,-1.3974421522503586,-0.5260034896072902,0.9224089894934836,1.5615917195448534,-0.1816460878647987,-0.19807513125343568,-0.19807142307621395,-0.02969624345712769,-0.2480788643037877,-0.28745731901851257,-0.19807513125343568,-0.19807513125343568,-0.19807513125343568,-0.635367944731683,-1.0551647191987095,6.744611840697695e-20,-0.17700969389840043,-0.35055984059429374,-0.2588190451025215,0.965925826289068,-0.4999999999999997,-0.8660254037844388,23,7,203,2,1
0.7424970669106001,1.641829574076743,1.0169328448116406,-0.8946023150952889,-0.5467941465487448,107.0052,-1.3310931962315877,-0.5393687811271852,0.6894423092051406,1.5460203921931335,-0.1816460878647987,-0.19807513125343568,-0.19807142307621395,-0.02969624345712769,-0.2480788643037877,-0.28745731901851257,-0.19807513125343568,-0.19807513125343568,-0.19807513125343568,-0.6605000204025567,-0.9167527027772565,6.744611840697695e-20,-0.17700969389840043,-0.35055984059429374,0.0,1.0,-0.4999999999999997,-0.8660254037844388,0,7,204,2,1
0.6939365210585702,1.6057174006985977,1.0521616554980404,-0.8868578401008321,-0.5622675383038671,130.4541,-1.2647444159772279,-0.3639919611545228,1.1244626256808279,1.5097402613804947,-0.1816460878647987,-0.19807513125343568,-0.19807142307621395,-0.02969624345712769,-0.2480788643037877,-0.28745731901851257,-0.19807513125343568,-0.19807513125343568,-0.19807513125343568,-0.6883843409937096,-0.834825114217246,6.744611840697695e-20,-0.17700969389840043,-0.35055984059429374,0.2588190451025207,0.9659258262890684,-0.4999999999999997,-0.8660254037844388,1,7,204,2,1
0.6586001322801078,1.5980892784917717,1.0758879960952283,-0.9054935719001457,-0.5391187180443779,143.76231,-1.662837449032209,-0.2256843709266327,1.3327817453737127,1.3051801328272858,-0.1816460878647987,-0.19807513125343568,-0.19807142307621395,-0.02969624345712769,-0.2480788643037877,-0.28745731901851257,-0.19807513125343568,-0.19807513125343568,-0.19807513125343568,-0.727276812426335,-1.262302679518364,6.744611840697695e-20,-0.17700969389840043,-0.35055984059429374,0.4999999999999999,0.8660254037844387,-0.4999999999999997,-0.8660254037844388,2,7,204,2,1
0.5933094783193468,1.5929767181334475,1.0127946857914762,-0.8744591429077752,-0.5260193124733639,131.68268,-1.928232833696265,-0.3663138554989211,1.162751703617831,1.58743833582032,-0.1816460878647987,1.4137838505366709,1.4248435553574161,-0.02969624345712769,0.42484449073822905,0.10241213658421403,-0.19807513125343568,-0.19807513125343568,-0.19807513125343568,-0.808096634530306,-1.5400159812243557,6.744611840697695e-20,-0.17700969389840043,1.3078754452976062,0.7071067811865476,0.7071067811865476,-0.4999999999999997,-0.8660254037844388,3,7,204,2,1
0.5569890248137108,1.5659940930812717,1.4331522046902663,-0.8128802030492093,0.11142138150475873,123.2211,-1.5964886687778492,-0.7286421127086442,1.281961678699972,1.5890982154876347,-0.1816460878647987,-0.03688923067256801,-0.0357799228145192,-0.02969624345712769,0.4921368272451645,0.14139908272543736,1.4137838505366709,-0.19807513125343568,-0.19807513125343568,-0.8289795808846995,-1.5215578949380526,1.4152334617086744,-0.17700969389840043,1.4230445644404441,0.8660254037844386,0.5000000000000001,-0.4999999999999997,-0.8660254037844388,4,7,204,2,1
0.7130654444002218,1.5174251020717262,1.0715570521619473,-0.6507549892967709,-0.568636783414088,88.611916,-1.3974421522503586,-0.565348373247508,0.2964736815362197,1.3967895513498703,-0.1816460878647987,-0.19807513125343568,-0.19807142307621395,-0.02969624345712769,0.6940138568206502,0.2583599327681229,1.091412073393506,-0.19807513125343568,-0.19807513125343568,-0.5751474400560929,-0.9669886045659035,1.132186786237837,-0.17700969389840043,3.7126066587100506,0.9659258262890684,0.2588190451025207,-0.4999999999999997,-0.8660254037844388,5,7,206,2,1
0.7118353634912543,1.6315639012267014,0.8809348880608732,-0.5511018738328882,-1.3663832391430666,38.45101,-1.3974421522503586,0.02125472200382816,-0.15671322502936022,1.0911349887038826,-0.1816460878647987,-0.19807513125343568,-0.19807142307621395,-0.02969624345712769,0.2902598277516972,0.2583599327681229,-0.19807513125343568,0.7690402962503411,-0.19807513125343568,-0.6906101069724235,0.24894196108522465,-0.8491401107669997,-0.17700969389840043,1.9712495628670064,1.0,6.123233995736766e-17,-0.4999999999999997,-0.8660254037844388,6,7,206,2,1
0.8076031772429294,1.5642491879645029,0.6605476047187798,-0.4922174836682646,-1.2873590441754936,59.336765,-1.1320466797040971,-0.11731857668466145,-0.019054866156819863,0.9599256800340296,-0.1816460878647987,-0.19807513125343568,-0.19807142307621395,-0.02969624345712769,-0.2480788643037877,0.2583599327681229,-0.19807513125343568,1.091412073393506,-0.19807513125343568,-0.49744372347590715,0.5128603133115276,-1.132186786237837,-0.17700969389840043,-0.35055984059429374,0.9659258262890684,-0.2588190451025206,-0.4999999999999997,-0.8660254037844388,7,7,206,2,1
0.8202124828145337,1.639232741764188,0.5817991429016502,-0.3810927468500711,-1.9823765241817428,107.9693,-0.7339538224135272,0.19141014891085337,0.3713280055007193,1.0991181948177193,-0.1816460878647987,-0.19807513125343568,-0.19807142307621395,-0.02969624345712769,-0.2480788643037877,0.2583599327681229,-0.19807513125343568,-0.19807513125343568,-0.19807513125343568,-0.5556403675099455,2.2900982664416403,6.744611840697695e-20,-0.17700969389840043,-0.35055984059429374,0.8660254037844387,-0.4999999999999998,-0.4999999999999997,-0.8660254037844388,8,7,206,2,1
0.7620566760308238,1.6404905226884385,0.45146819125228155,-0.34097598951871816,-1.2249789245522678,222.6488,0.1949299799695664,0.6305567297693077,0.8590579666714886,0.8747976322685126,-0.1816460878647987,-0.19807513125343568,-0.19807142307621395,-0.02969624345712769,-0.2480788643037877,0.02443825011127479,-0.19807513125343568,-0.19807513125343568,0.7690402962503411,-0.6334249788393391,2.2900982664416403,6.744611840697695e-20,-0.17700969389840043,-0.35055984059429374,0.7071067811865476,-0.7071067811865475,-0.4999999999999997,-0.8660254037844388,9,7,206,2,1
0.8970665271613224,1.6421947094745466,0.6294994310842477,-0.22725845523278698,-0.3395352331966007,217.77232,0.659371969043318,0.8862519680152168,1.4330792549390414,0.8269773141391201,-0.1816460878647987,0.44666847107003516,0.4510945779705652,-0.02969624345712769,0.021090481723954727,-0.13150953445361888,-0.19807513125343568,-0.19807513125343568,1.091412073393506,-0.45745867562519105,0.7552443540091995,6.744611840697695e-20,-0.17700969389840043,0.6168607452624246,0.4999999999999999,-0.8660254037844387,-0.4999999999999997,-0.8660254037844388,10,7,206,2,1
0.9372005464056248,1.6190261455257837,0.5667183524665231,-0.23341258061766543,0.22947485716882177,211.9571,0.46032545251582796,0.9652188600295035,1.8827853323862547,0.38031228683117035,-0.1816460878647987,-0.03688923067256801,-0.0357799228145192,-0.02969624345712769,0.08838281823089034,-0.09252258831239547,0.44666847107003516,-0.19807513125343568,-0.19807513125343568,-0.381535638135148,-0.09535276006119016,0.5660933931189185,-0.17700969389840043,0.8103448626932507,0.258819045102521,-0.9659258262890682,-0.4999999999999997,-0.8660254037844388,11,7,206,2,1
0.94086030479254,1.5446512061215272,0.4116731736877797,-0.22548721277662986,-0.3604247745955465,219.16034,0.1949299799695664,0.8977458386148264,1.399613598400357,0.7299139682804845,-0.1816460878647987,-0.03688923067256801,-0.0357799228145192,-0.02969624345712769,0.15567515473782595,-0.05353564217117205,-0.03688923067256801,-0.19807513125343568,-0.19807513125343568,-0.3025367767279945,0.35775744380968816,0.14152334827972962,-0.17700969389840043,0.9889455865523217,1.2246467991473532e-16,-1.0,-0.4999999999999997,-0.8660254037844388,12,7,206,2,1
0.9812403402186355,1.5499666933440839,0.32267697748714835,-0.31050685067193606,-0.89202055237319,232.75418,0.06223259522525782,0.8314048300246245,0.9184805999234038,0.887523410918475,-0.1816460878647987,-0.19807513125343568,-0.19807142307621395,-0.02969624345712769,-0.1134941912899165,-0.05353564217117205,-0.03688923067256801,0.44666847107003516,-0.19807513125343568,-0.25470046247005257,1.2233389283504779,-0.42457004483918886,-0.17700969389840043,0.11380204072072399,-0.2588190451025208,-0.9659258262890684,-0.4999999999999997,-0.8660254037844388,13,7,206,2,1
1.0500676814912417,1.4901989980219255,0.35470105667056634,-0.3792461323745008,-2.070306540247376,191.6012,-0.6012560861403962,0.29957956886899884,0.40383228657706716,0.994071746446893,-0.1816460878647987,-0.03688923067256801,-0.0357799228145192,-0.02969624345712769,-0.1134941912899165,-0.01454869602994863,-0.19807513125343568,-0.03688923067256801,-0.19807513125343568,-0.10451389022422601,2.2900982664416403,-0.14152334827972962,-0.17700969389840043,0.1331504523340654,-0.4999999999999997,-0.8660254037844388,-0.4999999999999997,-0.8660254037844388,14,7,206,2,1
0.9724754626307255,1.5571889618224448,0.6148586694903593,-0.5485505309758288,-0.8521361470807028,40.538105,0.12858137547961765,-0.16861932660847478,-0.44073202371747805,1.0982487439064255,-0.1816460878647987,0.7690402962503411,0.7756776026772724,-0.02969624345712769,0.22296750127210094,0.2193729866268995,-0.03688923067256801,-0.03688923067256801,-0.19807513125343568,-0.27343820605908226,1.2065501656808195,6.744611840697695e-20,-0.17700969389840043,1.1005710625172604,-0.7071067811865471,-0.7071067811865479,-0.4999999999999997,-0.8660254037844388,15,7,206,2,1
0.9816094274754996,1.5417703426779543,1.1030416240367178,-0.6001426782624751,0.2623423479232804,53.92419,0.1949299799695664,-0.7590922205322315,-0.768973872071382,1.328734588591608,-0.1816460878647987,2.0585274048230007,2.0740095080375593,-0.02969624345712769,1.1650601822871813,0.6092424306106109,0.7690402962503411,-0.19807513125343568,0.44666847107003516,-0.24603958549903376,-0.3118784251166802,0.8491401107669997,-0.17700969389840043,2.551701903332441,-0.8660254037844385,-0.5000000000000004,-0.4999999999999997,-0.8660254037844388,16,7,206,2,1
0.9844694128269783,1.5350348659975754,1.0421205023114568,-0.7254430076313243,-0.031453421201099355,40.398426,0.3276275404782861,-0.4502479619485919,-0.9193786295546068,1.4880828294505402,-0.1816460878647987,-0.03688923067256801,-0.0357799228145192,-0.02969624345712769,1.1650601822871813,0.6092424306106109,2.0585274048230007,-0.03688923067256801,-0.03688923067256801,-0.23555791359912637,0.06404665163815208,1.8398034643706194,-0.17700969389840043,2.48420744391407,-0.9659258262890684,-0.2588190451025206,-0.4999999999999997,-0.8660254037844388,17,7,206,2,1
0.9601122992092618,1.524688088880748,1.0529012089218055,-0.6989667015128338,-0.08562914931719488,36.951748,-0.4685583498672653,-0.3794018481640867,-0.947805454821025,1.459311616417632,-0.1816460878647987,-0.19807513125343568,-0.19807142307621395,-0.02969624345712769,0.7613061532182283,0.5702554844693873,-0.03688923067256801,0.7690402962503411,-0.03688923067256801,-0.25729058635605817,-0.5241105182285382,-0.7076167624872701,-0.17700969389840043,1.6742739024453837,-1.0,-1.8369701987210294e-16,-0.4999999999999997,-0.8660254037844388,18,7,206,2,1
0.8273473299915849,1.641261511814707,1.0526550541739839,-0.5788990745915584,-0.7030016120257697,29.853977,-0.9993489434309663,-0.1011000950267369,-0.6477582605163996,1.4897426832174439,-0.1816460878647987,-0.19807513125343568,-0.19807142307621395,-0.02969624345712769,-0.1807865277968521,0.5702554844693873,-0.19807513125343568,2.0585274048230007,-0.19807513125343568,-0.5482748011338234,-0.3981675487486864,-1.981326812650349,-0.17700969389840043,-0.21557092036866538,-0.9659258262890684,0.2588190451025203,-0.4999999999999997,-0.8660254037844388,19,7,206,2,1
0.7371150692827836,1.6360678471895969,0.9810541565461833,-0.438784374807511,-0.715698688063634,62.127384,-1.198395459958457,-0.3973646273600417,-0.19428957111314085,1.5282360300871882,-0.1816460878647987,-0.19807513125343568,-0.19807142307621395,-0.02969624345712769,-0.2480788643037877,0.5312685383281641,-0.19807513125343568,-0.03688923067256801,-0.03688923067256801,-0.6618356126041283,-0.6080584896502067,-0.14152334827972962,-0.17700969389840043,-0.35055984059429374,-0.8660254037844386,0.5000000000000001,-0.4999999999999997,-0.8660254037844388,20,7,206,2,1
0.7567668872330496,1.7015972693989017,0.9097168405510059,-0.3481457528651624,-0.5518771326138259,65.92514,-1.198395459958457,-0.4994463461034375,-0.17897393993833952,1.535982169735206,-0.1816460878647987,-0.19807513125343568,-0.19807142307621395,-0.02969624345712769,-0.2480788643037877,0.2973468556713159,-0.19807513125343568,-0.19807513125343568,0.7690402962503411,-0.7013349604237405,-0.7758241695008319,6.744611840697695e-20,-0.17700969389840043,-0.35055984059429374,-0.7071067811865477,0.7071067811865474,-0.4999999999999997,-0.8660254037844388,21,7,206,2,1
0.670748015796459,1.6792807988431924,0.9799794986500887,-0.21003594879743384,-0.6980598042050765,64.75554,-0.8666512071578358,-0.42176163481562773,-0.15435953269312297,1.5677569239795952,-0.1816460878647987,-0.19807513125343568,-0.19807142307621395,-0.02969624345712769,-0.2480788643037877,-0.24847037287728915,-0.19807513125343568,-0.19807513125343568,2.0585274048230007,-0.7922725938241127,-0.25537474738934984,6.744611840697695e-20,-0.17700969389840043,-0.35055984059429374,-0.5000000000000004,0.8660254037844384,-0.4999999999999997,-0.8660254037844388,22,7,206,2,1
0.703870007002086,1.7307710392324362,1.0278663997241027,-0.24386667970995132,-0.5732995080319135,60.32433,-0.8003026026678864,-0.45142623036296575,-0.27880734605159996,1.4690337502544677,-0.1816460878647987,-0.19807513125343568,-0.19807142307621395,-0.02969624345712769,-0.2480788643037877,-0.28745731901851257,-0.19807513125343568,-0.19807513125343568,-0.03688923067256801,-0.8000429654821319,-0.34080489211626847,6.744611840697695e-20,-0.17700969389840043,-0.35055984059429374,-0.2588190451025215,0.965925826289068,-0.4999999999999997,-0.8660254037844388,23,7,206,2,1
0.7051000879110535,1.7356401205931353,1.0029285275731081,-0.20913148456451805,-0.6697761945730895,52.50765,-0.8666512071578358,-0.3464912684882296,-0.37275646701012866,1.4680062809330394,-0.1816460878647987,-0.19807513125343568,-0.19807142307621395,-0.02969624345712769,-0.2480788643037877,-0.28745731901851257,-0.19807513125343568,-0.19807513125343568,-0.19807513125343568,-0.8032807446655859,-0.29247061221514603,6.744611840697695e-20,-0.17700969389840043,-0.35055984059429374,0.0,1.0,-0.4999999999999997,-0.8660254037844388,0,7,207,2,1
0.6797896458428436,1.6687718131927938,0.8024293134506649,-0.21363496272431334,-0.46641974960739957,43.96341,-0.8666512071578358,-0.3421709812507504,-0.612088079991909,1.5677569239795952,-0.1816460878647987,-0.19807513125343568,-0.19807142307621395,-0.02969624345712769,-0.2480788643037877,-0.28745731901851257,-0.19807513125343568,-0.19807513125343568,-0.19807513125343568,-0.7698924315376608,-0.5257921834775106,6.744611840697695e-20,-0.17700969389840043,-0.35055984059429374,0.2588190451025207,0.9659258262890684,-0.4999999999999997,-0.8660254037844388,1,7,207,2,1
0.6695485451958254,1.6112762007215111,0.5476576972148459,-0.30685130773051267,-0.32065363922716045,44.971992,-0.9993489434309663,-0.40838487402917023,-0.6747263492350256,1.445637390601514,-0.1816460878647987,-0.19807513125343568,-0.19807142307621395,-0.02969624345712769,-0.2480788643037877,-0.28745731901851257,-0.19807513125343568,-0.19807513125343568,-0.19807513125343568,-0.7260221149739714,-0.7845676721145197,6.744611840697695e-20,-0.17700969389840043,-0.35055984059429374,0.4999999999999999,0.8660254037844387,-0.4999999999999997,-0.8660254037844388,2,7,207,2,1
0.5969998470145959,1.5318294192895918,0.5259408942713348,-0.25133981543450756,-0.8290457905538693,52.152355,-1.1320466797040971,-0.27655772979844484,-0.3038029733732811,1.4349666800964658,-0.1816460878647987,-0.19807513125343568,-0.19807142307621395,-0.02969624345712769,-0.2480788643037877,-0.28745731901851257,-0.19807513125343568,-0.19807513125343568,-0.19807513125343568,-0.7422509609620606,-0.38931919763219425,6.744611840697695e-20,-0.17700969389840043,-0.35055984059429374,0.7071067811865476,0.7071067811865476,-0.4999999999999997,-0.8660254037844388,3,7,207,2,1
0.5911874155449013,1.5434745294640624,0.7795855719566548,-0.25181089055583483,-0.8534645461239908,50.721066,-1.3310931962315877,-0.2553605190157359,-0.31205748408805983,1.582616792929744,-0.1816460878647987,-0.19807513125343568,-0.19807142307621395,-0.02969624345712769,-0.2480788643037877,-0.28745731901851257,-0.19807513125343568,-0.19807513125343568,-0.19807513125343568,-0.7615148519567982,-0.6026666785033092,6.744611840697695e-20,-0.17700969389840043,-0.35055984059429374,0.8660254037844386,0.5000000000000001,-0.4999999999999997,-0.8660254037844388,4,7,207,2,1
0.5620634077380249,1.4480003482949546,0.57350176737552,-1.066154684175543,-1.7564493354796276,80.20079,-0.2695118333397747,0.06949430575594673,0.2718924232961135,1.5890982154876347,-0.1816460878647987,-0.19807513125343568,-0.19807142307621395,-0.02969624345712769,-0.04620185478298092,0.10241214529847542,-0.03688923067256801,0.12429666990829967,-0.03688923067256801,-0.7046130212138698,2.2900982664416403,-0.14152334827972962,-0.17700969389840043,-0.21125127385821907,0.9659258262890684,0.2588190451025207,-0.8660254037844385,-0.5000000000000004,5,8,228,2,1
0.5830991139490096,1.4755106496730421,0.6420638519660533,-1.004042487279643,-1.586364632078058,95.282196,-1.0656978994497373,-0.022895595064223152,0.36746594652934317,1.5890982154876347,-0.1816460878647987,-0.19807513125343568,-0.19807142307621395,-0.02969624345712769,-0.1807865277968521,-0.01454869602994863,-0.19807513125343568,0.12429666990829967,0.2854825824984526,-0.7043703369662468,1.877025035860422,-0.28304669655945924,-0.17700969389840043,-0.30374916628349685,1.0,6.123233995736766e-17,-0.8660254037844385,-0.5000000000000004,6,8,228,2,1
0.7265972161772912,1.4452413074488286,0.40814858623666955,-0.876607245460977,-0.6160708234103225,115.42539,-0.7339538224135272,-0.4600899553442925,0.8367641092750956,1.4181308946587328,-0.1816460878647987,-0.19807513125343568,-0.19807142307621395,-0.02969624345712769,-0.2480788643037877,-0.09252258831239547,-0.19807513125343568,-0.03688923067256801,0.12429666990829967,-0.4853429962163439,-0.21774326922038206,-0.14152334827972962,-0.17700969389840043,-0.35055984059429374,0.9659258262890684,-0.2588190451025206,-0.8660254037844385,-0.5000000000000004,7,8,228,2,1
0.803174634033953,1.5166541129454578,0.14382485876900997,-0.8535509447232462,0.17978566549862357,147.83514,-0.6676048663947559,-0.3781427195278293,1.8471483052120055,1.5767677030165057,-0.1816460878647987,-0.19807513125343568,-0.19807142307621395,-0.02969624345712769,-0.2480788643037877,-0.17049648059484232,-0.19807513125343568,-0.19807513125343568,0.12429666990829967,-0.45579933865885985,-0.8700319346770083,6.744611840697695e-20,-0.17700969389840043,-0.35055984059429374,0.8660254037844387,-0.4999999999999998,-0.8660254037844385,-0.5000000000000004,8,8,228,2,1
0.9015259326153265,1.3690810769916781,0.008685720684868524,-0.707811607990672,1.1894698409935553,168.76485,-0.6012560861403962,-0.060149589772508706,2.8443882623353343,1.5735269917375605,-0.1816460878647987,-0.19807513125343568,-0.19807142307621395,-0.02969624345712769,-0.2480788643037877,-0.24847037287728915,-0.19807513125343568,-0.19807513125343568,0.12429666990829967,-0.17918223026190544,-1.2806361868224483,6.744611840697695e-20,-0.17700969389840043,-0.35055984059429374,0.7071067811865476,-0.7071067811865475,-0.8660254037844385,-0.5000000000000004,9,8,228,2,1
1.163857408750671,1.3636033812355504,-0.18986785436150386,-0.6085655014316079,2.1210275130653966,181.60995,-0.6012560861403962,0.3526592853118478,3.6033407957927253,1.5521857261299323,-0.1816460878647987,-0.19807513125343568,-0.19807142307621395,-0.02969624345712769,-0.2480788643037877,-0.28745731901851257,-0.19807513125343568,-0.19807513125343568,-0.03688923067256801,0.17149617601781314,-1.5188057733294986,6.744611840697695e-20,-0.17700969389840043,-0.35055984059429374,0.4999999999999999,-0.8660254037844387,-0.8660254037844385,-0.5000000000000004,10,8,228,2,1
1.2622394436087252,1.4779856593881504,-0.2593793411136206,-0.6281433834735546,1.9388036865565301,187.7293,-0.8666512071578358,0.582721447126606,3.4370236251046995,1.4049308535750757,-0.1816460878647987,-0.19807513125343568,-0.19807142307621395,-0.02969624345712769,-0.2480788643037877,-0.28745731901851257,-0.19807513125343568,-0.19807513125343568,-0.19807513125343568,0.18687512983543456,-1.593724006953859,6.744611840697695e-20,-0.17700969389840043,-0.35055984059429374,0.258819045102521,-0.9659258262890682,-0.8660254037844385,-0.5000000000000004,11,8,228,2,1
1.2558119087003736,1.534588460135718,-0.2761710522701482,-0.6362081895504906,1.4460242978062432,195.84415,0.06223259522525782,0.8142391307876298,2.9844334668943535,1.1685168968213817,-0.1816460878647987,-0.19807513125343568,-0.19807142307621395,-0.02969624345712769,-0.2480788643037877,-0.28745731901851257,-0.19807513125343568,-0.19807513125343568,-0.19807513125343568,0.12196024318686467,-1.0376400581313943,6.744611840697695e-20,-0.17700969389840043,-0.35055984059429374,1.2246467991473532e-16,-1.0,-0.8660254037844385,-0.5000000000000004,12,8,228,2,1
1.3915293240362654,1.6036075263812928,-0.22317353569803464,-0.7729141897566828,1.1909779718965592,206.26495,0.26127893598833735,1.0806196222733688,2.6295549872844424,0.6516626092516914,-0.1816460878647987,-0.19807513125343568,-0.19807142307621395,-0.02969624345712769,-0.2480788643037877,-0.28745731901851257,-0.19807513125343568,-0.19807513125343568,-0.19807513125343568,0.2317166806934033,-0.8343777931947441,6.744611840697695e-20,-0.17700969389840043,-0.35055984059429374,-0.2588190451025208,-0.9659258262890684,-0.8660254037844385,-0.5000000000000004,13,8,228,2,1
1.3243932337911863,1.5832791075454418,-0.1651401940084279,-0.9206358105997454,1.0153277573920072,210.32819,-0.07046531681228407,1.145193182819172,2.4275013945484094,1.3514986155999094,-0.1816460878647987,-0.19807513125343568,-0.19807142307621395,-0.02969624345712769,-0.2480788643037877,-0.28745731901851257,-0.19807513125343568,-0.19807513125343568,-0.19807513125343568,0.1636449096105873,-0.9319241534168162,6.744611840697695e-20,-0.17700969389840043,-0.35055984059429374,-0.4999999999999997,-0.8660254037844388,-0.8660254037844385,-0.5000000000000004,14,8,228,2,1
1.3528099293293627,1.6573294636852873,-0.05648538257136665,-1.0734412741520787,0.6098339529862595,232.41646,-0.6012560861403962,1.4620657765870526,1.622237258988304,1.113898963911361,-0.1816460878647987,-0.19807513125343568,-0.19807142307621395,-0.02969624345712769,-0.2480788643037877,-0.28745731901851257,-0.19807513125343568,-0.19807513125343568,-0.19807513125343568,0.1271807725655524,-1.0559125785992376,6.744611840697695e-20,-0.17700969389840043,-0.35055984059429374,-0.7071067811865471,-0.7071067811865479,-0.8660254037844385,-0.5000000000000004,15,8,228,2,1
1.3095699085517878,1.636311326187222,0.1856588218552912,-1.212879510061909,0.18501708796380248,225.2219,-1.198395459958457,1.1792935455988032,1.594539763975885,1.4243751471491588,-0.1816460878647987,-0.19807513125343568,-0.19807142307621395,-0.02969624345712769,-0.2480788643037877,-0.28745731901851257,-0.19807513125343568,-0.19807513125343568,-0.19807513125343568,0.09124294869415375,-1.2587403482874142,6.744611840697695e-20,-0.17700969389840043,-0.35055984059429374,-0.8660254037844385,-0.5000000000000004,-0.8660254037844385,-0.5000000000000004,16,8,228,2,1
1.260701747996256,1.748705552619964,0.6681123249630455,-1.1968158484249833,-0.6488371269351848,232.9115,-0.9993489434309663,0.9357275601791162,1.0282758165234234,1.4443726735113869,-0.1816460878647987,-0.19807513125343568,-0.19807142307621395,-0.02969624345712769,-0.2480788643037877,-0.28745731901851257,-0.19807513125343568,-0.19807513125343568,-0.19807513125343568,-0.0851689387123516,-0.46367816414322466,6.744611840697695e-20,-0.17700969389840043,-0.35055984059429374,-0.9659258262890684,-0.2588190451025206,-0.8660254037844385,-0.5000000000000004,17,8,228,2,1
1.213463617851583,1.8173591510731995,0.9856014842990835,-1.1615511648431984,-1.6843126606349645,164.86472,-1.3974421522503586,0.22042783240123257,0.6871051935440241,1.5401713022798953,-0.1816460878647987,-0.19807513125343568,-0.19807142307621395,-0.02969624345712769,-0.2480788643037877,-0.28745731901851257,-0.19807513125343568,-0.19807513125343568,-0.19807513125343568,-0.21580815680535606,1.5887225938646066,6.744611840697695e-20,-0.17700969389840043,-0.35055984059429374,-1.0,-1.8369701987210294e-16,-0.8660254037844385,-0.5000000000000004,18,8,228,2,1
1.003936687148813,1.7442016066570685,0.4292961109433305,-0.9696351604186539,-1.0508687056774517,152.11275,-1.5964886687778492,0.008975339127969315,1.084002177108259,1.5767677030165057,-0.1816460878647987,-0.19807513125343568,-0.19807142307621395,-0.02969624345712769,-0.2480788643037877,-0.28745731901851257,-0.19807513125343568,-0.19807513125343568,-0.19807513125343568,-0.41856636996049396,-0.7009129319129397,6.744611840697695e-20,-0.17700969389840043,-0.35055984059429374,-0.9659258262890684,0.2588190451025203,-0.8660254037844385,-0.5000000000000004,19,8,228,2,1
0.8795983705072107,1.7592956425371484,0.5323042486445948,-0.8920905425484273,-0.4779723141116265,156.43694,-1.5301398006412839,-0.07223259457930521,1.5129061567031803,1.4825498799592165,-0.1816460878647987,-0.19807513125343568,-0.19807142307621395,-0.02969624345712769,-0.2480788643037877,-0.28745731901851257,-0.19807513125343568,-0.19807513125343568,-0.19807513125343568,-0.5972443049523886,-1.1695243209606614,6.744611840697695e-20,-0.17700969389840043,-0.35055984059429374,-0.8660254037844386,0.5000000000000001,-0.8660254037844385,-0.5000000000000004,20,8,228,2,1
0.8611766334659118,1.7344228918022775,1.0763650570666703,-0.7861419791632638,-0.5008059027064791,174.49603,-0.9330001631766061,0.20308884503776006,1.5975399683674842,1.3132423869968068,-0.1816460878647987,-0.19807513125343568,-0.19807142307621395,-0.02969624345712769,-0.2480788643037877,-0.28745731901851257,-0.19807513125343568,-0.19807513125343568,-0.19807513125343568,-0.5966778759400059,-0.5563956455435326,6.744611840697695e-20,-0.17700969389840043,-0.35055984059429374,-0.7071067811865477,0.7071067811865474,-0.8660254037844385,-0.5000000000000004,21,8,228,2,1
0.7377916452748025,1.6608189415242893,1.3013552163569686,-0.6675704868273055,-0.2700650055161038,178.81523,-0.8003026026678864,0.26752380914950924,1.7792390117538277,1.2129383816600487,-0.1816460878647987,3.6703865787616716,3.696924679937732,-0.02969624345712769,1.3669372519720246,0.6482294116088801,-0.19807513125343568,-0.19807513125343568,-0.19807513125343568,-0.6856324276092877,-0.6481774026710853,6.744611840697695e-20,-0.17700969389840043,3.5191225500840084,-0.5000000000000004,0.8660254037844384,-0.8660254037844385,-0.5000000000000004,22,8,228,2,1
0.7302569745642066,1.709671797467585,1.4463948218389318,-0.6856522342839351,-0.28121339036905885,163.14575,-0.6012560861403962,-0.0034888617047136475,1.708976069410724,1.3382195782613906,-0.1816460878647987,4.637501814116884,4.670673512224676,-0.02969624345712769,3.3857073170980745,1.8178377784170596,3.6703865787616716,-0.19807513125343568,-0.19807513125343568,-0.7442743242998262,-0.4608312977347841,3.3965604430679996,-0.17700969389840043,4.471659719836954,-0.2588190451025215,0.965925826289068,-0.8660254037844385,-0.5000000000000004,23,8,228,2,1
0.7593193838493736,1.7293103314439533,1.5140841099489881,-0.6395547072123391,-0.2978762657598615,138.12206,-0.8666512071578358,-0.37780772609853064,1.3925027913662835,1.2666867859575415,-0.1816460878647987,-0.19807513125343568,-0.19807142307621395,-0.02969624345712769,3.3857073170980745,1.8178377784170596,4.637501814116884,-0.19807513125343568,-0.19807513125343568,-0.7256174754600043,-0.6835440806638698,4.245700385126023,-0.17700969389840043,4.704992929664126,0.0,1.0,-0.8660254037844385,-0.5000000000000004,0,8,229,2,1
0.7062073496816448,1.751058905934894,1.51399189268358,-0.727615606090837,-0.05300516257094974,90.977264,-0.8666512071578358,-0.8397225271512465,0.35377470024871827,1.422082934837192,-0.1816460878647987,-0.19807513125343568,-0.19807142307621395,-0.02969624345712769,1.7706912008222622,1.8178377784170596,-0.19807513125343568,3.6703865787616716,-0.19807513125343568,-0.8172025983898954,-0.8708758658156361,-3.3965604430679996,-0.17700969389840043,2.5517018834593825,0.2588190451025207,0.9659258262890684,-0.8660254037844385,-0.5000000000000004,1,8,229,2,1
0.6192657601028948,1.6814719436245513,1.5406437715668253,-0.7620493131586388,-0.23047703184179755,68.59514,-0.8003026026678864,-0.6741646863364299,-0.21529054561557037,1.4871342527823277,-0.1816460878647987,-0.03688923067256801,-0.0357799228145192,-0.02969624345712769,-0.1807865277968521,1.856824724558283,-0.19807513125343568,4.637501814116884,-0.19807513125343568,-0.8622061045142088,-0.681710847969241,-4.245700385126023,-0.17700969389840043,-0.25217808577426676,0.4999999999999999,0.8660254037844387,-0.8660254037844385,-0.5000000000000004,2,8,229,2,1
0.46537287584419085,1.5596237517986964,1.4722951663151107,-0.8344479064035879,-0.7151662809948279,33.339542,-0.6012560861403962,-0.13808839641536896,-0.604214789353595,1.4521188131594047,-0.1816460878647987,-0.19807513125343568,-0.19807142307621395,-0.02969624345712769,-0.1807865277968521,1.856824724558283,-0.03688923067256801,-0.19807513125343568,-0.19807513125343568,-0.9431878818845237,0.06878265033066673,0.14152334827972962,-0.17700969389840043,-0.24872609438519475,0.7071067811865476,0.7071067811865476,-0.8660254037844385,-0.5000000000000004,3,8,229,2,1
0.48511690262449964,1.5771116931270996,1.0576376909868224,-0.8242915267879938,-0.9624220441262444,27.884886,-0.3358606135941342,-0.013007406642407734,-0.4913697469648914,1.1682007304990558,-0.1816460878647987,-0.19807513125343568,-0.19807142307621395,-0.02969624345712769,-0.1807865277968521,0.9211379939308907,-0.19807513125343568,-0.19807513125343568,3.6703865787616716,-0.934648512805246,0.8784166396032582,6.744611840697695e-20,-0.17700969389840043,-0.24690763463581575,0.8660254037844386,0.5000000000000001,-0.8660254037844385,-0.5000000000000004,4,8,229,2,1
0.5088897750485872,1.5279748060527856,1.2872710258964293,-1.1306410996828629,1.0557109972252245,205.10245,-0.2695118333397747,1.0173628925088651,2.5586455980629434,1.5890982154876347,-0.1816460878647987,0.7690402962503411,0.7756776026772724,-0.02969624345712769,1.7033988492743175,2.5975766663844824,0.6078543596416176,0.9302261367847825,0.12429666990829967,-0.8543546723390535,-1.0569171031097897,-0.28304667547083734,-0.17700969389840043,0.9246763769563429,0.9659258262890684,0.2588190451025207,-0.8660254037844385,-0.5000000000000004,5,8,232,2,1
0.5203609566045725,1.4831793240132605,1.3924005237621804,-1.0386005581794584,1.2943269933603665,202.99893,-0.4685583498672653,1.0093576245557896,2.763185583438801,1.5890982154876347,-0.1816460878647987,0.6078543596416176,0.6133860661406011,-0.02969624345712769,0.828598519807182,2.2466941656372406,0.7690402962503411,2.7032709591093305,2.0585274048230007,-0.7945794203199634,-1.2468196382096928,-1.698280052825024,-0.17700969389840043,0.3425176057064773,1.0,6.123233995736766e-17,-0.8660254037844385,-0.5000000000000004,6,8,232,2,1
0.5679989102827901,1.5403909053535247,1.5413056301291834,-0.8478528200557868,1.246553670163909,203.00073,0.26127893598833735,0.9994809583938474,2.729587291773496,1.5677569239795952,-0.1816460878647987,3.83157232322183,3.8592160230078614,-0.02969624345712769,2.1744452298912154,2.2856810740166646,0.6078543596416176,0.6078543596416176,3.6703865787616716,-0.7889540856593792,-0.8590346191863475,6.744611840697695e-20,-0.17700969389840043,0.9719898332410701,0.9659258262890684,-0.2588190451025206,-0.8660254037844385,-0.5000000000000004,7,8,232,2,1
0.5465941168149414,1.5330466480804492,1.5281505104646265,-0.8160081418547616,1.2893430597732025,203.793,0.26127893598833735,1.0317562315478217,2.7451350398512977,1.5890982154876347,-0.1816460878647987,5.282245560551778,5.319839658371362,-0.02969624345712769,4.058630672140091,3.3383286459724815,3.83157232322183,0.7690402962503411,0.9302261367847825,-0.8097964188712409,-0.8775007745408747,2.6889435435046862,-0.17700969389840043,1.604648105941425,0.8660254037844387,-0.4999999999999998,-0.8660254037844385,-0.5000000000000004,8,8,232,2,1
0.5610792170425042,1.5082955537457565,1.2104743751770715,-0.6738753562510104,1.1164001373482801,202.91446,-0.13681409706664424,0.9700012337966444,2.6396162469590982,1.5784275049825864,-0.1816460878647987,7.377661775722362,7.429628666015381,-0.02969624345712769,6.884908634966616,4.468950011449116,5.282245560551778,0.6078543596416176,2.7032709591093305,-0.7660476101992911,-1.0107058828686317,4.104177173922337,-0.17700969389840043,2.301506934625671,0.7071067811865476,-0.7071067811865475,-0.8660254037844385,-0.5000000000000004,9,8,232,2,1
0.6600763553392159,1.4926740077370337,1.2764935868269809,-0.5812808304049433,0.5534155970727187,202.98782,0.7257209250620889,0.8551087833904476,2.242769015145881,1.5890982154876347,-0.1816460878647987,14.46984221791194,14.570455499762755,-0.02969624345712769,11.326203034943816,7.821827478355959,7.377661775722362,3.83157232322183,0.6078543596416176,-0.6201912277870809,-0.18920332747659077,3.113513345824723,-0.17700969389840043,2.82898810690153,0.4999999999999999,-0.8660254037844387,-0.8660254037844385,-0.5000000000000004,10,8,232,2,1
0.7992995957419252,1.5168163214790293,1.3294575203398409,-0.5708229627116964,0.4160621161100821,202.14574,0.39397684802587923,0.8078741799262251,2.157405873227578,1.5890982154876347,-0.1816460878647987,8.828335013052309,8.890252301378881,-0.02969624345712769,12.80663428768631,9.77117470989353,14.46984221791194,5.282245560551778,0.7690402962503411,-0.4610604811800801,-0.29786676026754494,8.066831136640987,-0.17700969389840043,2.7345841752033127,0.258819045102521,-0.9659258262890682,-0.8660254037844385,-0.5000000000000004,11,8,232,2,1
0.7504008248780596,1.530855669496359,1.3428704126754225,-0.524683981029422,-0.3417814189135113,178.91078,0.1949299799695664,0.2699380988454682,1.7245569491131116,1.5890982154876347,-0.1816460878647987,5.604617049472096,5.644422344511621,-0.02969624345712769,12.066418661315062,10.979769985081134,8.828335013052309,7.377661775722362,0.6078543596416176,-0.5394118530577141,0.3315782423050158,1.2737102505049873,-0.17700969389840043,2.3318336338521752,1.2246467991473532e-16,-1.0,-0.8660254037844385,-0.5000000000000004,12,8,232,2,1
0.8620377530863623,1.5586092836748033,1.3953572852168405,-0.5756203917471797,-0.14848306995979219,139.8554,0.26127893598833735,-0.40625937289478026,1.5080993554312927,1.5890982154876347,-0.1816460878647987,7.055290286802044,7.105045979875121,-0.02969624345712769,8.970970971421897,11.759508896286587,5.604617049472096,14.46984221791194,3.83157232322183,-0.4201852595522215,0.14227807761251815,-7.783784714233613,-0.17700969389840043,1.4608745831674865,-0.2588190451025208,-0.9659258262890684,-0.8660254037844385,-0.5000000000000004,13,8,232,2,1
0.7787867841395554,1.6760348000018161,1.213605405479747,-0.637220058911074,-0.1717423280394881,124.5459,0.3276275404782861,-0.5889020830065997,1.19288573089078,1.5890982154876347,-0.1816460878647987,6.571732284827309,6.618171176798565,-0.02969624345712769,8.0288782101881,12.071404349226222,7.055290286802044,8.828335013052309,5.282245560551778,-0.6468614640684027,0.2262122529230064,-1.5567566729123614,-0.17700969389840043,1.1399545231500774,-0.4999999999999997,-0.8660254037844388,-0.8660254037844385,-0.5000000000000004,14,8,232,2,1
0.5985991411487738,1.398741804820463,1.125486725540893,-0.6423020173198428,-0.2424589660671118,101.06272,-0.9993489434309663,-0.7200130604935591,0.6090849646999678,1.5890982154876347,-0.1816460878647987,0.9302261367847825,0.9379690424806729,-0.02969624345712769,6.077400536719353,10.511926596529408,6.571732284827309,5.604617049472096,7.377661775722362,-0.6074025636233946,-0.8460438946842702,0.8491399420580242,-0.17700969389840043,0.788532439327059,-0.7071067811865471,-0.7071067811865479,-0.8660254037844385,-0.5000000000000004,15,8,232,2,1
0.6370416574288555,1.496650443571286,1.064486093653725,-0.8925955350784895,-0.054855992276862435,80.645004,-1.0656978994497373,-0.8239084147369956,0.06320864390764287,1.5890982154876347,-0.1816460878647987,-0.03688923067256801,-0.0357799228145192,-0.02969624345712769,3.116537775537214,7.003101347962424,0.9302261367847825,7.055290286802044,14.46984221791194,-0.6544698804600773,-1.0294977093390982,-5.37788717136386,-0.17700969389840043,0.25660787051483636,-0.8660254037844385,-0.5000000000000004,-0.8660254037844385,-0.5000000000000004,16,8,232,2,1
0.6626903245089012,1.5147877176257787,1.2915188290668032,-1.056378933257976,-0.9810803430700348,32.877586,-0.6676048663947559,-0.05606030794749551,-0.43866009140698137,1.5890982154876347,-0.1816460878647987,0.12429666990829967,0.12651157744717553,-0.02969624345712769,0.42484448572455935,4.897806326050452,-0.03688923067256801,6.571732284827309,8.828335013052309,-0.6388079607881575,0.473135843928965,-5.802456920962341,-0.17700969389840043,-0.22937980910575237,-0.9659258262890684,-0.2588190451025206,-0.8660254037844385,-0.5000000000000004,17,8,232,2,1
0.6503272870557848,1.5278935355887322,0.9175883465797985,-1.0268236801465336,-1.2695094887895495,30.092197,-1.3310931962315877,0.047176551415324994,-0.27129868795180223,1.5615917195448534,-0.1816460878647987,-0.03688923067256801,-0.0357799228145192,-0.02969624345712769,0.021090481723954727,3.533263269202708,0.12429666990829967,0.9302261367847825,5.604617049472096,-0.6681490499367638,0.11756853510812017,-0.7076167097657152,-0.17700969389840043,-0.3021888102788448,-1.0,-1.8369701987210294e-16,-0.8660254037844385,-0.5000000000000004,18,8,232,2,1
0.6060723393060083,1.4909698209509257,0.9278567753890021,-0.992020650183652,-0.8276810722686783,13.620735,-1.3974421522503586,0.11979007539186408,-0.6727041795383744,1.410700843631807,-0.1816460878647987,0.6078543596416176,0.6133860661406011,-0.02969624345712769,0.2902598227380275,1.9737854467918012,-0.03688923067256801,-0.03688923067256801,7.055290286802044,-0.6895579779289365,-0.7150156201659241,6.744611840697695e-20,-0.17700969389840043,-0.2546173020167323,-0.9659258262890684,0.2588190451025203,-0.8660254037844385,-0.5000000000000004,19,8,232,2,1
0.5724889260451278,1.4889816030337992,1.4863510380878477,-0.8529592743708664,-1.072198731737895,22.224512,-1.3974421522503586,0.06674501278907419,-0.4524839739005099,1.1203013902143903,-0.1816460878647987,4.315129940899436,4.346090439151333,-0.02969624345712769,2.0398605117543167,1.427968264719257,0.6078543596416176,0.12429666990829967,6.571732284827309,-0.7317689575262953,-0.3809194487752146,0.42457003429487794,-0.17700969389840043,0.03946742885843869,-0.8660254037844386,0.5000000000000001,-0.8660254037844385,-0.5000000000000004,20,8,232,2,1
0.5579116169875231,1.4348134260652152,1.4861462721914296,-0.7649059126942905,-0.803353769460496,19.695644,-1.198395459958457,0.042706081134898315,-0.6589631912832769,1.2527754159743705,-0.1816460878647987,0.6078543596416176,0.6133860661406011,-0.02969624345712769,2.3090298527683895,1.349994378246318,4.315129940899436,-0.03688923067256801,0.9302261367847825,-0.6969237100729875,-0.5033745793587948,3.8211302770209685,-0.17700969389840043,0.08278375961196953,-0.7071067811865477,0.7071067811865474,-0.8660254037844385,-0.5000000000000004,21,8,232,2,1
0.5181466850000843,1.3838505296073471,1.1086323865171097,-0.737319753589973,-0.6933348871549955,26.28023,-0.9330001631766061,-0.06031131021627547,-0.6873236446722459,1.298382543947069,-0.1816460878647987,-0.03688923067256801,-0.0357799228145192,-0.02969624345712769,2.0398605117543167,1.349994378246318,0.6078543596416176,0.6078543596416176,-0.03688923067256801,-0.6984210917729746,-0.335920833805646,6.744611840697695e-20,-0.17700969389840043,0.03793188845855633,-0.5000000000000004,0.8660254037844384,-0.8660254037844385,-0.5000000000000004,22,8,232,2,1
0.5101199819259015,1.360479038794352,1.221402847248133,-0.7789816373192435,-1.0538659824251908,42.997837,-0.8666512071578358,-0.11795393619985516,-0.2992612902750471,1.1443301343128187,-0.1816460878647987,-0.19807513125343568,-0.19807142307621395,-0.02969624345712769,0.15567514972415625,1.2720204859638713,-0.03688923067256801,4.315129940899436,0.12429666990829967,-0.685672709215963,0.35324628921687157,-3.8211302770209685,-0.17700969389840043,-0.2817314978099667,-0.2588190451025215,0.965925826289068,-0.8660254037844385,-0.5000000000000004,23,8,232,2,1
0.4915137012561707,1.3821868949546317,1.0094091503586784,-0.794873827611993,-1.0425108112929056,52.395206,-0.8666512071578358,-0.1884534888723505,-0.20093629642080196,1.0096428924957328,-0.1816460878647987,-0.19807513125343568,-0.19807142307621395,-0.02969624345712769,-0.1807865277968521,1.2330335398226475,-0.19807513125343568,0.6078543596416176,-0.03688923067256801,-0.731809404900899,0.3285712615998858,-0.7076167308543372,-0.17700969389840043,-0.3387620283088425,0.0,1.0,-0.8660254037844385,-0.5000000000000004,0,8,233,2,1
0.4651267336940506,1.3485498974888628,1.0816530274236356,-0.856942685596734,-0.9274990294431882,24.075981,-0.9993489434309663,0.017927847371533866,-0.5426372969642688,0.8102205249562486,-0.1816460878647987,-0.19807513125343568,-0.19807142307621395,-0.02969624345712769,-0.2480788643037877,1.0380988120212844,-0.19807513125343568,-0.03688923067256801,0.6078543596416176,-0.7329832076040548,-0.07217039004518983,-0.14152334827972962,-0.17700969389840043,-0.35055984059429374,0.2588190451025207,0.9659258262890684,-0.8660254037844385,-0.5000000000000004,1,8,233,2,1
0.456423454627849,1.3043630298447664,1.1425596267448952,-0.9405547510295214,-0.5231809466406283,24.05913,-0.6676048663947559,-0.06957571437608127,-0.824551031717304,0.9979447126692562,-0.1816460878647987,-0.19807513125343568,-0.19807142307621395,-0.02969624345712769,-0.2480788643037877,-0.05353564507592585,-0.19807513125343568,-0.19807513125343568,4.315129940899436,-0.7003635603615325,-0.2643514841054285,6.744611840697695e-20,-0.17700969389840043,-0.35055984059429374,0.4999999999999999,0.8660254037844387,-0.8660254037844385,-0.5000000000000004,2,8,233,2,1
0.371880680282019,1.425562221339067,0.9350765885382374,-1.0361321245437558,-0.7346273888867961,28.595146,-0.8003026026678864,-0.0780430537178726,-0.6386086419335875,1.5347174526450789,-0.1816460878647987,-0.19807513125343568,-0.19807142307621395,-0.02969624345712769,-0.2480788643037877,-0.24847037287728915,-0.19807513125343568,-0.19807513125343568,0.6078543596416176,-0.9325036415757393,-0.12925056079178235,6.744611840697695e-20,-0.17700969389840043,-0.35055984059429374,0.7071067811865476,0.7071067811865476,-0.8660254037844385,-0.5000000000000004,3,8,233,2,1
0.38962571536295193,1.4286054595134796,1.4159152003210496,-0.9985309083602467,-0.5171135554178542,34.44541,-1.1320466797040971,-0.21011278618472107,-0.7168941084424024,1.5347174526450789,-0.1816460878647987,-0.19807513125343568,-0.19807142307621395,-0.02969624345712769,-0.2480788643037877,-0.28745731901851257,-0.19807513125343568,-0.19807513125343568,-0.03688923067256801,-0.9121874557695863,-0.7405093056214763,6.744611840697695e-20,-0.17700969389840043,-0.35055984059429374,0.8660254037844386,0.5000000000000001,-0.8660254037844385,-0.5000000000000004,4,8,233,2,1
0.540258790736632,1.5301657846368764,1.220241781048231,-0.5518103708153381,-0.8317728219706928,116.5696,-1.5301398006412839,-0.3502108992586485,0.7844688488695472,1.328102255946956,-0.1816460878647987,-0.19807513125343568,-0.19807142307621395,-0.02969624345712769,-0.2480788643037877,-0.20948342673606574,-0.19807513125343568,-0.19807513125343568,3.6703865787616716,-0.8152599640334093,-0.8726960344961726,6.744611840697695e-20,-0.17700969389840043,-0.35055984059429374,0.9659258262890684,0.2588190451025207,-0.8660254037844385,-0.5000000000000004,5,8,241,2,1
0.5920177988886708,1.5376316983101306,1.221981565047584,-0.3875464760121005,-0.4201307904119165,130.62598,-0.8666512071578358,-0.4197054640727749,1.1979080506648918,1.0800691415220582,-0.1816460878647987,-0.03688923067256801,-0.0357799228145192,-0.02969624345712769,-0.1807865277968521,-0.24847037287728915,-0.19807513125343568,-0.19807513125343568,0.12429666990829967,-0.7545943724692473,-0.5719103930868726,6.744611840697695e-20,-0.17700969389840043,-0.26392516027876384,1.0,6.123233995736766e-17,-0.8660254037844385,-0.5000000000000004,6,8,241,2,1
0.7028243437532037,1.6043377971769004,1.075408030642986,-0.21672521552014828,-0.6578234352873916,141.42001,-0.4685583498672653,-0.2145486064103252,1.230959290325559,0.4455217526884979,-0.1816460878647987,-0.19807513125343568,-0.19807142307621395,-0.02969624345712769,-0.1807865277968521,-0.24847037287728915,-0.03688923067256801,-0.19807513125343568,-0.19807513125343568,-0.6753123794398671,0.12824735983407531,0.14152334827972962,-0.17700969389840043,-0.26392516027876384,0.9659258262890684,-0.2588190451025206,-0.8660254037844385,-0.5000000000000004,7,8,241,2,1
0.7656548358960302,1.6370417631800973,0.9591580019132565,-0.08214282196084703,-0.38399983360699347,162.82495,-0.8003026026678864,0.007265699215234381,1.631652071784564,0.3037207297684577,-0.1816460878647987,-0.19807513125343568,-0.19807142307621395,-0.02969624345712769,-0.1807865277968521,-0.24847037287728915,-0.19807513125343568,-0.19807513125343568,-0.19807513125343568,-0.6252501334352818,-0.5440006408674785,6.744611840697695e-20,-0.17700969389840043,-0.26392516027876384,0.8660254037844387,-0.4999999999999998,-0.8660254037844385,-0.5000000000000004,8,8,241,2,1
0.8208581965615243,1.5686313113299517,0.789065797288689,0.03126757134596829,-0.32412588399185577,186.08034,0.06223259522525782,0.39270876801312066,1.7303417307658084,0.7661152323403192,-0.1816460878647987,-0.19807513125343568,-0.19807142307621395,-0.02969624345712769,-0.2480788643037877,-0.24847037287728915,-0.19807513125343568,-0.03688923067256801,-0.19807513125343568,-0.4843715961541364,0.18624211018264303,-0.14152334827972962,-0.17700969389840043,-0.35055984059429374,0.7071067811865476,-0.7071067811865475,-0.8660254037844385,-0.5000000000000004,9,8,241,2,1
1.0711955965322688,1.5894059698303922,0.682062909306773,0.11697309461789407,-0.321388278438381,195.5684,0.7257209250620889,0.5529875590400957,1.688488993562691,0.980713609251867,-0.1816460878647987,-0.19807513125343568,-0.19807142307621395,-0.02969624345712769,-0.2480788643037877,-0.24847037287728915,-0.19807513125343568,-0.19807513125343568,-0.19807513125343568,-0.17566131945622424,0.786822345149285,6.744611840697695e-20,-0.17700969389840043,-0.35055984059429374,0.4999999999999999,-0.8660254037844387,-0.8660254037844385,-0.5000000000000004,10,8,241,2,1
1.1419913191959166,1.5716745495043638,0.8504080687299869,0.1883617028027617,-0.28769805438673773,203.7577,1.3892094306633325,0.6927506786847244,1.6440669803441457,1.4000302626288155,-0.1816460878647987,-0.03688923067256801,-0.0357799228145192,-0.02969624345712769,-0.1807865277968521,-0.20948342673606574,-0.19807513125343568,-0.19807513125343568,-0.19807513125343568,-0.06481213976366544,1.3277677428604275,6.744611840697695e-20,-0.17700969389840043,-0.26392516027876384,0.258819045102521,-0.9659258262890682,-0.8660254037844385,-0.5000000000000004,11,8,241,2,1
1.2094656344528318,1.551346296865781,1.0331794212279701,0.052352893776115086,-0.11260358690268511,217.28912,1.5219069911720526,0.9528586169317612,1.5780805160230005,1.4757523169794116,-0.1816460878647987,0.12429666990829967,0.12651157744717553,-0.02969624345712769,-0.04620185478298092,-0.17049648059484232,-0.03688923067256801,-0.19807513125343568,-0.03688923067256801,0.04425636083875008,1.1397837908792812,0.14152334827972962,-0.17700969389840043,-0.09818925015222388,1.2246467991473532e-16,-1.0,-0.8660254037844385,-0.5000000000000004,12,8,241,2,1
1.349765274381105,1.5396604683606496,0.9491317341907742,-0.0025443165616798064,0.09136496252783607,220.22453,0.1949299799695664,1.06673454207877,1.6464870011065211,0.11947434570062591,-0.1816460878647987,-0.03688923067256801,-0.0357799228145192,-0.02969624345712769,0.021090481723954727,-0.13150953445361888,0.12429666990829967,-0.19807513125343568,-0.19807513125343568,0.24053918139490954,-0.16252837519540156,0.28304669655945924,-0.17700969389840043,-0.018872778897036147,-0.2588190451025208,-0.9659258262890684,-0.8660254037844385,-0.5000000000000004,13,8,241,2,1
1.2826909086260807,1.6151715322889781,0.8589574079655392,-0.11774856393048264,0.0044734533432870035,222.17451,-0.6676048663947559,1.066561253952292,1.5585713119274993,0.7197176497111881,-0.1816460878647987,-0.19807513125343568,-0.19807142307621395,-0.02969624345712769,-0.04620185478298092,-0.13150953445361888,-0.03688923067256801,-0.03688923067256801,-0.19807513125343568,0.07695673706255134,-0.7533217545342266,6.744611840697695e-20,-0.17700969389840043,-0.09447791791869518,-0.4999999999999997,-0.8660254037844388,-0.8660254037844385,-0.5000000000000004,14,8,241,2,1
1.0465924667327582,1.5540647855785146,0.8461079849052084,-0.34481996250866387,0.7000282076521712,234.94147,-0.004116536557924229,1.5399930458290936,1.5863350701890901,1.2244784394747457,-0.1816460878647987,0.44666847107003516,0.4510945779705652,-0.02969624345712769,0.08838281823089034,0.02443825011127479,-0.19807513125343568,0.12429666990829967,-0.19807513125343568,-0.17278789818006196,-0.7369314117068717,-0.28304669655945924,-0.17700969389840043,0.05820942555003888,-0.7071067811865471,-0.7071067811865479,-0.8660254037844385,-0.5000000000000004,15,8,241,2,1
0.7729434904248326,1.604784203038758,0.5896288970189392,-0.22119854487216972,0.8306062714184146,269.02686,0.12858137547961765,1.8866226706193796,0.3651122455028437,1.3654099596826688,-0.1816460878647987,0.9302261367847825,0.9379690424806729,-0.02969624345712769,0.49213682223149496,0.29734686438557734,0.44666847107003516,-0.03688923067256801,-0.19807513125343568,-0.5834844064944236,-0.72996343203599,0.42457004483918886,-0.17700969389840043,0.46802680332920876,-0.8660254037844385,-0.5000000000000004,-0.8660254037844385,-0.5000000000000004,16,8,241,2,1
0.7897659333319537,1.6189450412589979,1.1199780146431082,-0.26535901104491666,-0.37389818866076574,325.8309,-1.7955351853053398,0.8263221355944265,-0.8107769661517594,1.319091476910045,-0.1816460878647987,-0.19807513125343568,-0.19807142307621395,-0.02969624345712769,0.49213682223149496,0.258359918244354,0.9302261367847825,-0.19807513125343568,-0.03688923067256801,-0.5754711848208526,-1.484451377427395,0.9906634063251745,-0.17700969389840043,0.4786577987891889,-0.9659258262890684,-0.2588190451025206,-0.8660254037844385,-0.5000000000000004,17,8,241,2,1
0.7074682928356396,1.517830789602923,0.8880918918128029,-0.2298474840995422,0.3519309023793984,89.35967,-1.5964886687778492,-1.0552065773930617,0.30461218268222306,1.1927827073856292,-0.1816460878647987,-0.19807513125343568,-0.19807142307621395,-0.02969624345712769,0.22296747620375248,0.18038602596190706,-0.19807513125343568,0.44666847107003516,0.12429666990829967,-0.5829176459461831,-1.6021004395215916,-0.5660933931189185,-0.17700969389840043,0.1840673154878954,-1.0,-1.8369701987210294e-16,-0.8660254037844385,-0.5000000000000004,18,8,241,2,1
0.671240048160046,1.500383400407913,0.8175656520810969,-0.17488432324475806,0.756039395262089,91.96339,-1.5301398006412839,-1.2693390710940253,0.4027880364293896,0.3595242281112755,-0.1816460878647987,-0.19807513125343568,-0.19807142307621395,-0.02969624345712769,-0.2480788643037877,0.14139907982068364,-0.19807513125343568,0.9302261367847825,-0.03688923067256801,-0.6131898535503222,-1.669807840425242,-0.9906634063251745,-0.17700969389840043,-0.35055984059429374,-0.9659258262890684,0.2588190451025203,-0.8660254037844385,-0.5000000000000004,19,8,241,2,1
0.540289527013313,1.4360712069894657,0.9082627848503779,-0.08014169484548923,0.006345203615656589,91.8662,-1.7955351853053398,-0.8708426218334311,0.380361576494859,0.08556542345481553,-0.1816460878647987,-0.19807513125343568,-0.19807142307621395,-0.02969624345712769,-0.2480788643037877,0.14139907982068364,-0.19807513125343568,-0.19807513125343568,-0.19807513125343568,-0.7213680146076664,-1.6368073986387683,6.744611840697695e-20,-0.17700969389840043,-0.35055984059429374,-0.8660254037844386,0.5000000000000001,-0.8660254037844385,-0.5000000000000004,20,8,241,2,1
0.559695328781786,1.439925820226272,0.9659835317938571,0.01064767113568581,-0.7947572809965987,87.19732,-1.5964886687778492,-0.44443749523955145,0.2746770820284191,0.033555920979910926,-0.1816460878647987,-0.19807513125343568,-0.19807142307621395,-0.02969624345712769,-0.2480788643037877,-0.014548704744210035,-0.19807513125343568,-0.19807513125343568,0.44666847107003516,-0.6996756234574094,-0.9894240079175473,6.744611840697695e-20,-0.17700969389840043,-0.35055984059429374,-0.7071067811865477,0.7071067811865474,-0.8660254037844385,-0.5000000000000004,21,8,241,2,1
0.5000632989389684,1.4408184657527188,1.110237475219351,0.10093016028631818,-0.8991508933837762,89.35496,-1.8618839655596997,-0.38974054786237966,0.31520383730147045,0.08951748953368605,-0.1816460878647987,-0.19807513125343568,-0.19807142307621395,-0.02969624345712769,-0.2480788643037877,-0.28745731901851257,-0.19807513125343568,-0.19807513125343568,0.9302261367847825,-0.7790386770039263,-1.2245809724150947,6.744611840697695e-20,-0.17700969389840043,-0.35055984059429374,-0.5000000000000004,0.8660254037844384,-0.8660254037844385,-0.5000000000000004,22,8,241,2,1
0.49046803800728833,1.4428474020005053,1.1848673832617183,0.12777202069897028,-0.6150979459116975,99.24794,-1.7955351853053398,-0.5301043391150145,0.517406652702073,-0.17756470408728442,-0.1816460878647987,-0.19807513125343568,-0.19807142307621395,-0.02969624345712769,-0.2480788643037877,-0.28745731901851257,-0.19807513125343568,-0.19807513125343568,-0.19807513125343568,-0.7936892465428204,-1.3525079595812184,6.744611840697695e-20,-0.17700969389840043,-0.35055984059429374,-0.2588190451025215,0.965925826289068,-0.8660254037844385,-0.5000000000000004,23,8,241,2,1
0.4769671284752467,1.3915193701448338,1.2352790042713542,0.08013502013091979,-0.7422263932810457,103.44047,-1.7291863171687745,-0.45239656816651225,0.5802106886963965,0.04225053369449548,-0.1816460878647987,-0.19807513125343568,-0.19807142307621395,-0.02969624345712769,-0.2480788643037877,-0.28745731901851257,-0.19807513125343568,-0.19807513125343568,-0.19807513125343568,-0.7602603202723635,-1.1901289948133054,6.744611840697695e-20,-0.17700969389840043,-0.35055984059429374,0.0,1.0,-0.8660254037844385,-0.5000000000000004,0,8,242,2,1
0.45420905705501363,1.3649017142931934,1.338441805575232,0.06754035568737556,-1.664908479454443,104.51028,-1.994581613950625,0.026198808644262897,0.42355696463719894,0.44141153869743593,-0.1816460878647987,-0.19807513125343568,-0.19807142307621395,-0.02969624345712769,-0.2480788643037877,-0.28745731901851257,-0.19807513125343568,-0.19807513125343568,-0.19807513125343568,-0.7636598889542332,-0.1953654429488733,6.744611840697695e-20,-0.17700969389840043,-0.35055984059429374,0.2588190451025207,0.9659258262890684,-0.8660254037844385,-0.5000000000000004,1,8,242,2,1
0.4415692671434226,1.3530131251210977,1.5668233092599282,0.0716933539569176,-1.055479712377928,81.50734,-1.198395459958457,-0.3000999400090823,0.20005481087623633,0.7878516346247234,-0.1816460878647987,0.6078543596416176,0.6133860661406011,-0.02969624345712769,0.08838281321722065,-0.09252259121714927,-0.19807513125343568,-0.19807513125343568,-0.19807513125343568,-0.7684353314443496,-0.12113530769058542,6.744611840697695e-20,-0.17700969389840043,0.9686500556884473,0.4999999999999999,0.8660254037844387,-0.8660254037844385,-0.5000000000000004,2,8,242,2,1
0.39254742520448677,1.319862919453311,1.5811238835400874,-0.0509256158214171,-1.111636063102035,79.21735,-1.0656978994497373,-0.2667735066820432,0.17442930248845256,-0.06943551104682448,-0.1816460878647987,-0.03688923067256801,-0.0357799228145192,-0.02969624345712769,0.15567514972415625,-0.05353564507592585,0.6078543596416176,-0.19807513125343568,-0.19807513125343568,-0.7998810102157873,0.1858642562732037,0.7076167308543372,-0.17700969389840043,1.1636636953544215,0.7071067811865476,0.7071067811865476,-0.8660254037844385,-0.5000000000000004,3,8,242,2,1
0.3767705195779013,1.335525017595427,1.0274368996257648,-0.06332431301447411,-1.027033007717646,80.784454,-0.9993489434309663,-0.3138810321868486,0.18593260254467428,-0.07654926624936721,-0.1816460878647987,-0.19807513125343568,-0.19807142307621395,-0.02969624345712769,0.15567514972415625,-0.05353564507592585,-0.03688923067256801,-0.19807513125343568,-0.19807513125343568,-0.8362642525116143,0.10868511755756641,0.14152334827972962,-0.17700969389840043,1.1636636953544215,0.8660254037844386,0.5000000000000001,-0.8660254037844385,-0.5000000000000004,4,8,242,2,1
0.07384372811134847,1.086513312918429,1.2773772751104586,-1.4338608494716991,0.13751772456618255,97.354065,-0.004116536557924229,-0.9311190305071774,0.5520160020586344,1.5890982154876347,-0.1816460878647987,8.183591266617416,8.241086155232196,-0.02969624345712769,6.2119852799246,8.523592154518015,4.476316069656725,6.410546540367149,7.861219777697096,-0.986532051042506,-0.3522456651410433,-1.6982798841160478,-0.17700969389840043,1.0390517875858256,0.9659258262890684,0.2588190451025207,-1.0,-1.8369701987210294e-16,5,9,268,2,1
0.07544302224552675,1.0757606820731371,1.1435282710917805,-1.4459015295725595,0.3273954897458445,137.83476,-0.3358606135941342,-0.6047971237769909,1.741447234070445,1.5809569391628409,-0.1816460878647987,9.634264503947362,9.701709790595697,-0.02969624345712769,9.307432648942905,9.06940942954268,8.183591266617416,2.2197133414317243,7.377661775722362,-0.9737026079683576,-0.7283484225104814,5.236363538387734,-0.17700969389840043,1.441271343303206,1.0,6.123233995736766e-17,-1.0,-1.8369701987210294e-16,6,9,268,2,1
0.0956176088360608,1.0863509381875898,1.1563381206012078,-1.273346712634146,0.21415260583259033,164.17067,1.2565115186257905,-0.058081843776471735,2.0800155037239687,1.4524349535813195,-0.1816460878647987,1.091412073393506,1.1002605790173443,-0.02969624345712769,7.89429354720157,7.743853359502716,9.634264503947362,4.476316069656725,6.571732284827309,-0.9577167777637492,0.4902516574241422,4.5287468075333965,-0.17700969389840043,1.1533959263864748,0.9659258262890684,-0.2588190451025206,-1.0,-1.8369701987210294e-16,7,9,268,2,1
0.10481304623419614,1.105745993166333,1.1074651482955071,-1.1353970741076893,1.1701994375849338,164.24332,2.052697936264575,-0.19463359149503912,2.7829599491592667,1.4181308946587328,-0.1816460878647987,9.311893015027044,9.377127104455436,-0.02969624345712769,8.365340088255897,8.44561845394932,1.091412073393506,8.183591266617416,6.410546540367149,-0.9649610020160604,0.10842974839744404,-6.227026944712908,-0.17700969389840043,1.0646382979023832,0.8660254037844387,-0.4999999999999998,-1.0,-1.8369701987210294e-16,8,9,268,2,1
0.1290164784685091,1.125141048145076,0.9358622505947065,-1.0060586887988876,3.3800203712232935,166.7958,1.7209535076995426,-0.38641368080055827,4.4535241361967195,1.5677569239795952,-0.1816460878647987,0.12429666990829967,0.12651157744717553,-0.02969624345712769,4.395092359688439,7.938788162827677,9.311893015027044,9.634264503947362,2.2197133414317243,-0.9524554694746007,-0.9763336658998572,-0.28304642240737404,-0.17700969389840043,0.40942523610154413,0.7071067811865476,-0.7071067811865475,-1.0,-1.8369701987210294e-16,9,9,268,2,1
0.1926156294650496,1.1792688391775352,0.7786586795212732,-0.862531520836024,5.006766047265522,173.86223,0.3276275404782861,-0.11995235180435498,5.775856590657578,1.5007295082439953,-0.1816460878647987,0.2854825824984526,0.2888030898005291,-0.02969624345712769,4.058630682167431,6.925127545727345,0.12429666990829967,1.091412073393506,4.476316069656725,-0.9227501881866303,-1.6415908770373588,-0.8491400896783777,-0.17700969389840043,0.35036377689272585,0.4999999999999999,-0.8660254037844387,-1.0,-1.8369701987210294e-16,10,9,268,2,1
0.13873468450691206,1.11183230331789,0.7310255574571817,-0.7531667206710831,6.063770693967352,175.08667,0.5930230130245476,-0.0868569466012008,6.590966576018393,1.4457163868563758,-0.1816460878647987,0.2854825824984526,0.2888030898005291,-0.02969624345712769,0.2902598377790365,5.01476729228329,0.2854825824984526,9.311893015027044,8.183591266617416,-0.9263924411161236,-1.681629960709517,-7.925307503664859,-0.17700969389840043,-0.26343753214727034,0.258819045102521,-0.9659258262890682,-1.0,-1.8369701987210294e-16,11,9,268,2,1
0.1287396000416878,1.1587782118081125,0.8373095864410343,-0.6942634875015902,6.2529587920378376,181.85313,0.46032545251582796,0.433428245143464,6.755112267442576,1.4929833426955663,-0.1816460878647987,0.2854825824984526,0.2888030898005291,-0.02969624345712769,0.3575521792996419,2.7535244916159294,0.2854825824984526,0.12429666990829967,9.634264503947362,-0.9863700957761613,-1.725955621827837,0.14152335882404055,-0.17700969389840043,-0.2530958209816923,1.2246467991473532e-16,-1.0,-1.0,-1.8369701987210294e-16,12,9,268,2,1
0.17167225805245445,1.1856798987907706,1.1655794523874208,-0.6743652743771641,6.055733069261406,184.35025,1.8536510682082623,0.6205414633880751,6.589839340384531,1.5761353185710307,-0.1816460878647987,3.025642832326777,3.047758533791046,-0.02969624345712769,1.5015218748491985,3.221367833691595,0.2854825824984526,0.2854825824984526,1.091412073393506,-0.9567050960948663,-1.4073830070469708,6.744611840697695e-20,-0.17700969389840043,-0.07912528117610357,-0.2588190451025208,-0.9659258262890684,-1.0,-1.8369701987210294e-16,13,9,268,2,1
0.25390842599540675,1.2597300887333487,1.0768526467810131,-0.639449186385152,5.399173681560667,188.22894,1.0574653536271221,0.8650778093227275,6.047278028731509,1.5890982154876347,-0.1816460878647987,0.12429666990829967,0.12651157744717553,-0.02969624345712769,1.4342295333285933,0.9991119007371067,3.025642832326777,0.2854825824984526,9.311893015027044,-0.9223453829047344,-1.5090909630480855,2.4058968680338486,-0.17700969389840043,-0.0905005379009312,-0.4999999999999997,-0.8660254037844388,-1.0,-1.8369701987210294e-16,14,9,268,2,1
0.25240134069127124,1.2275536328587946,1.0524390334144649,-0.4166871830167808,2.0372601418050458,213.57986,0.1949299799695664,1.527551957650414,3.004240964239405,1.566097096113103,-0.1816460878647987,-0.03688923067256801,-0.0357799228145192,-0.02969624345712769,1.2996448553010524,0.9601249545958831,0.12429666990829967,0.2854825824984526,0.12429666990829967,-0.8922352963348676,-1.1693367943228745,-0.14152335882404055,-0.17700969389840043,-0.11173328766294728,-0.7071067811865471,-0.7071067811865479,-1.0,-1.8369701987210294e-16,15,9,268,2,1
0.25452340346571717,1.2500324781453431,1.3025892576369766,-0.42051985020382204,0.9691408393267923,209.03331,-0.07046531681228407,1.0999570328118142,2.423921115155864,1.5890982154876347,-0.1816460878647987,0.12429666990829967,0.12651157744717553,-0.02969624345712769,0.08838281823089034,0.9211380055499059,-0.03688923067256801,3.025642832326777,0.2854825824984526,-0.9118635452368976,-0.9110738762819552,-2.688943575137619,-0.17700969389840043,-0.29836088656785775,-0.8660254037844385,-0.5000000000000004,-1.0,-1.8369701987210294e-16,16,9,268,2,1
0.28764552063969134,1.2932454297989386,1.4519583548118213,-0.38946846250708406,-0.5841013515289363,181.90729,0.9247674415895801,0.31661821664323175,1.5391781228321872,1.5890982154876347,-0.1816460878647987,8.50596352413199,8.56566961523862,-0.02969624345712769,3.5875843266188814,2.909472261657054,0.12429666990829967,0.12429666990829967,0.2854825824984526,-0.9113778452057932,1.4811236699555295,6.744611840697695e-20,-0.17700969389840043,0.21116825757768315,-0.9659258262890684,-0.2588190451025206,-1.0,-1.8369701987210294e-16,17,9,268,2,1
0.3027457243059108,1.2642338684989762,1.3569324564698593,-0.3023384080682934,-1.2975493667064772,88.809105,0.06223259522525782,-0.17775666037933652,0.3122534237670686,1.516300706093658,-0.1816460878647987,0.7690402962503411,0.7756776026772724,-0.02969624345712769,3.924046019180899,3.026433102985478,8.50596352413199,-0.03688923067256801,0.2854825824984526,-0.8625701308856438,2.2900982664416403,7.500737479914292,-0.17700969389840043,0.266730844114836,-1.0,-1.8369701987210294e-16,-1.0,-1.8369701987210294e-16,18,9,268,2,1
0.21589646952555025,1.1992319564183143,1.5087326040745173,-0.15524049068584359,-1.4037386895112094,37.55884,-0.9330001631766061,0.03863991196388846,-0.14002183844781982,1.5890982154876347,-0.1816460878647987,0.6078543596416176,0.6133860661406011,-0.02969624345712769,4.125923023688036,2.441628919581388,0.7690402962503411,0.12429666990829967,3.025642832326777,-0.9120253347353133,1.282353745026684,0.5660934142075404,-0.17700969389840043,0.3090451243695825,-0.9659258262890684,0.2588190451025203,-1.0,-1.8369701987210294e-16,19,9,268,2,1
0.11683785867547725,1.0662659983493639,1.396477325625439,-0.061477698538925186,-0.29279384896189453,53.56473,0.5266744085345989,-0.5167044505336077,-0.5267249923877447,1.514324763705663,-0.1816460878647987,1.5749697871453943,1.5871350918940874,-0.02969624345712769,1.232352548876135,2.7925114377571525,0.6078543596416176,8.50596352413199,0.12429666990829967,-0.9097589556140663,0.5628951365691374,-6.934644097339684,-0.17700969389840043,-0.12573673919454872,-0.8660254037844386,0.5000000000000001,-1.0,-1.8369701987210294e-16,20,9,268,2,1
0.12163548914131726,1.0745029011488867,1.381352604918208,0.03630619084357819,0.20076942060501407,46.335217,0.7257209250620889,-0.6254283281474621,-0.925445301586977,1.3433573133747039,-0.1816460878647987,-0.19807513125343568,-0.19807142307621395,-0.02969624345712769,0.828598519807182,2.7535244916159294,1.5749697871453943,0.7690402962503411,-0.03688923067256801,-0.9116611425959494,0.12263357397031695,0.7076167308543372,-0.17700969389840043,-0.18139339488914882,-0.7071067811865477,0.7071067811865474,-1.0,-1.8369701987210294e-16,21,9,268,2,1
0.06138835585984251,1.0307218872332544,1.041869627782335,0.1301066690002139,-0.0063336558745445085,36.70575,0.26127893598833735,-0.40079543701585774,-1.000432161826365,1.0823613279336135,-0.1816460878647987,-0.19807513125343568,-0.19807142307621395,-0.02969624345712769,0.4921368422861737,2.6755505993334823,-0.19807513125343568,0.6078543596416176,0.12429666990829967,-0.9472753874705165,-0.015086824710611695,-0.7076167308543372,-0.17700969389840043,-0.22705933601891093,-0.5000000000000004,0.8660254037844384,-1.0,-1.8369701987210294e-16,22,9,268,2,1
0.07685764678292559,0.9903897990232318,1.2695319094088684,0.13567666123467736,0.029259058873649553,51.577854,0.5930230130245476,-0.6298294983182435,-0.7190323040020709,0.5987837076663157,-0.1816460878647987,-0.19807513125343568,-0.19807142307621395,-0.02969624345712769,-0.2480788643037877,0.5702555018979103,-0.19807513125343568,1.5749697871453943,8.50596352413199,-0.886690690655563,0.20541660520558339,-1.5567568416213369,-0.17700969389840043,-0.35055984059429374,-0.2588190451025215,0.965925826289068,-1.0,-1.8369701987210294e-16,23,9,268,2,1
0.09610964119964734,1.0636286139034163,1.0232068864002926,0.11764390559064816,0.07773172672022993,63.181923,0.46032545251582796,-0.7805897898303623,-0.4493180570718426,0.4743719619762678,-0.1816460878647987,-0.19807513125343568,-0.19807142307621395,-0.02969624345712769,-0.2480788643037877,0.33633381924106215,-0.19807513125343568,-0.19807513125343568,0.7690402962503411,-0.9344056627896941,0.051673845819198504,6.744611840697695e-20,-0.17700969389840043,-0.35055984059429374,0.0,1.0,-1.0,-1.8369701987210294e-16,0,9,269,2,1
0.07470484773179907,1.04228589314094,1.3065945366605298,0.10345512293658608,-0.22395963496503662,53.554874,-0.2695118333397747,-0.5460571425942315,-0.5581352932910532,0.04051158007108487,-0.1816460878647987,-0.19807513125343568,-0.19807142307621395,-0.02969624345712769,-0.2480788643037877,0.14139909143969884,-0.19807513125343568,-0.19807513125343568,0.6078543596416176,-0.9412856949026412,-0.22629323701927237,6.744611840697695e-20,-0.17700969389840043,-0.35055984059429374,0.2588190451025207,0.9659258262890684,-1.0,-1.8369701987210294e-16,1,9,269,2,1
0.06378717109276251,1.0242298895505013,1.4578272213288384,-0.01778077028556208,-0.33647314538787926,49.811787,-0.20316287732100374,-0.4583225527227316,-0.5790036543925172,-0.1910017857363489,-0.1816460878647987,-0.19807513125343568,-0.19807142307621395,-0.02969624345712769,-0.2480788643037877,-0.28745731901851257,-0.19807513125343568,-0.19807513125343568,1.5749697871453943,-0.937643441973148,-0.04103688642101067,6.744611840697695e-20,-0.17700969389840043,-0.35055984059429374,0.4999999999999999,0.8660254037844387,-1.0,-1.8369701987210294e-16,2,9,269,2,1
-0.023800132232978513,0.8412343988807907,1.4009084741463298,-0.04286646264592255,0.5685771727658917,42.00488,-0.4685583498672653,-0.6878879855234783,-1.229503671071836,0.09615700820294538,-0.1816460878647987,-0.19807513125343568,-0.19807142307621395,-0.02969624345712769,-0.2480788643037877,-0.28745731901851257,-0.19807513125343568,-0.19807513125343568,-0.19807513125343568,-0.8703811156861949,-0.9529177062625294,6.744611840697695e-20,-0.17700969389840043,-0.35055984059429374,0.7071067811865476,0.7071067811865476,-1.0,-1.8369701987210294e-16,3,9,269,2,1
-0.014696903664885474,0.8540561857127266,1.160580477870081,-0.11352207794200789,-0.24932575063537737,57.416862,-0.8003026026678864,-0.5743008360682347,-0.46504807253617775,-0.5392598833427317,-0.1816460878647987,-0.19807513125343568,-0.19807142307621395,-0.02969624345712769,-0.2480788643037877,-0.28745731901851257,-0.19807513125343568,-0.19807513125343568,-0.19807513125343568,-0.8711903947141302,-0.6659050066246327,6.744611840697695e-20,-0.17700969389840043,-0.35055984059429374,0.8660254037844386,0.5000000000000001,-1.0,-1.8369701987210294e-16,4,9,269,2,1
-0.4438996568874014,0.36974687632257747,0.9994642080986033,0.7259903172594173,-0.0834263702177625,71.69791,-0.13681409706664424,-0.7674440420268439,-0.1749792762562601,1.3998721406170354,-0.1816460878647987,-0.19807513125343568,-0.19807142307621395,-0.02969624345712769,-0.2480788643037877,-0.28745731901851257,-0.19807513125343568,-0.19807513125343568,-0.19807513125343568,-0.9529411695057044,-0.25609073333488835,6.744611840697695e-20,-0.17700969389840043,-0.35055984059429374,0.9659258262890684,0.2588190451025207,-0.8660254037844386,0.5000000000000001,5,10,289,3,0
-0.49774986556885786,0.2990237894881628,0.7017356838871042,0.7957848072337457,0.04339979631380347,71.97721,0.06223259522525782,-0.8332883064620884,-0.19753833872892837,1.3998721406170354,-0.1816460878647987,-0.19807513125343568,-0.19807142307621395,-0.02969624345712769,-0.2480788643037877,-0.28745731901851257,-0.19807513125343568,-0.19807513125343568,-0.19807513125343568,-0.9532649142704641,-0.21889547248306315,6.744611840697695e-20,-0.17700969389840043,-0.35055984059429374,1.0,6.123233995736766e-17,-0.8660254037844386,0.5000000000000001,6,10,289,3,0
-0.292805285426815,0.44700284536767493,0.6136514946577531,0.8847690133500288,0.02186456369027249,72.659996,0.06223259522525782,-0.8266230349376266,-0.1734211882860213,0.6793273567083101,-0.1816460878647987,-0.19807513125343568,-0.19807142307621395,-0.02969624345712769,-0.2480788643037877,-0.28745731901851257,-0.19807513125343568,-0.19807513125343568,-0.19807513125343568,-0.8311650652567382,-0.19866885467416234,6.744611840697695e-20,-0.17700969389840043,-0.35055984059429374,0.9659258262890684,-0.2588190451025206,-0.8660254037844386,0.5000000000000001,7,10,289,3,0
-0.13359187609365672,0.5044575733110286,-0.08138731177245793,1.058995204818875,-0.5276667715026331,72.11682,-0.2695118333397747,-0.5450752522489198,-0.05976396485619871,0.056873258477591455,-0.1816460878647987,-0.19807513125343568,-0.19807142307621395,-0.02969624345712769,-0.2480788643037877,-0.28745731901851257,-0.19807513125343568,-0.19807513125343568,-0.19807513125343568,-0.6789546323693598,0.14533218829149538,6.744611840697695e-20,-0.17700969389840043,-0.35055984059429374,0.8660254037844387,-0.4999999999999998,-0.8660254037844386,0.5000000000000001,8,10,289,3,0
0.1639529177450796,0.6433476329979643,-0.6064143313902585,1.1197149036561431,-1.267929487913345,83.21011,-0.8003026026678864,-0.19023242132425766,0.2443773260241606,-0.8620665143006296,-0.1816460878647987,-0.19807513125343568,-0.19807142307621395,-0.02969624345712769,-0.2480788643037877,-0.28745731901851257,-0.19807513125343568,-0.19807513125343568,-0.19807513125343568,-0.4259321021045455,1.0333606843946457,6.744611840697695e-20,-0.17700969389840043,-0.35055984059429374,0.7071067811865476,-0.7071067811865475,-0.8660254037844386,0.5000000000000001,9,10,289,3,0
0.6974117358170537,0.6797438375071281,-0.6287240114771216,1.1576741369318704,-1.7603863299165743,247.51685,-0.4022095696129055,0.4918563682623469,0.44694479677521753,-1.000942927513022,-0.1816460878647987,-0.19807513125343568,-0.19807142307621395,-0.02969624345712769,-0.2480788643037877,-0.28745731901851257,-0.19807513125343568,-0.19807513125343568,-0.19807513125343568,0.23977034974157796,2.2900982664416403,6.744611840697695e-20,-0.17700969389840043,-0.35055984059429374,0.4999999999999999,-0.8660254037844387,-0.8660254037844386,0.5000000000000001,10,10,289,3,0
0.7613492377937772,0.5846347917358238,-0.3543618537736288,1.0493815037430392,-0.6488667288251371,265.78305,-0.004116536557924229,1.0976582586918922,0.41177188391586395,-1.000942927513022,-0.1816460878647987,-0.19807513125343568,-0.19807142307621395,-0.02969624345712769,-0.2480788643037877,-0.28745731901851257,-0.19807513125343568,-0.19807513125343568,-0.19807513125343568,0.4187721952661612,0.6205386327824258,6.744611840697695e-20,-0.17700969389840043,-0.35055984059429374,0.258819045102521,-0.9659258262890682,-0.8660254037844386,0.5000000000000001,11,10,289,3,0
0.7916111176795783,0.5511194506702334,-0.22218056632444727,0.9910831310293325,0.09915410213831787,265.24664,-0.004116536557924229,1.4936017173499463,0.46995140123279205,-1.000942927513022,-0.1816460878647987,-0.19807513125343568,-0.19807142307621395,-0.02969624345712769,-0.2480788643037877,-0.28745731901851257,-0.19807513125343568,-0.19807513125343568,-0.19807513125343568,0.4920240483530619,-0.3194838831395818,6.744611840697695e-20,-0.17700969389840043,-0.35055984059429374,1.2246467991473532e-16,-1.0,-0.8660254037844386,0.5000000000000001,12,10,289,3,0
0.979394903934317,0.5512411070704125,-0.24948359349709984,0.8706235696071255,0.641099383763828,269.17926,-0.20316287732100374,1.7858925311282547,0.3569405931791646,-0.991220788496104,-0.1816460878647987,-0.19807513125343568,-0.19807142307621395,-0.02969624345712769,-0.2480788643037877,-0.28745731901851257,-0.19807513125343568,-0.19807513125343568,-0.19807513125343568,0.7390166044433244,-0.8257559501165782,6.744611840697695e-20,-0.17700969389840043,-0.35055984059429374,-0.2588190451025208,-0.9659258262890684,-0.8660254037844386,0.5000000000000001,13,10,289,3,0
1.02361924137576,0.6120234367137327,-0.27716547388413576,0.8402542986860676,0.7591827459514007,275.37054,-0.4685583498672653,1.8420103275854505,0.11659787796853432,-0.9841070281134788,-0.1816460878647987,-0.19807513125343568,-0.19807142307621395,-0.02969624345712769,-0.2480788643037877,-0.28745731901851257,-0.19807513125343568,-0.19807513125343568,-0.19807513125343568,0.7365882700557339,-1.0435360500498745,6.744611840697695e-20,-0.17700969389840043,-0.35055984059429374,-0.4999999999999997,-0.8660254037844388,-0.8660254037844386,0.5000000000000001,14,10,289,3,0
0.8171984381746095,0.6988143092214603,-0.24060967853211862,0.6742003184218248,1.1967904737688304,266.4699,-0.6012560861403962,2.0782410319106592,0.4845874321789565,-0.9977022144210479,-0.1816460878647987,-0.19807513125343568,-0.19807142307621395,-0.02969624345712769,-0.2480788643037877,-0.28745731901851257,-0.19807513125343568,-0.19807513125343568,-0.19807513125343568,0.37838234213354865,-1.2830002116192063,6.744611840697695e-20,-0.17700969389840043,-0.35055984059429374,-0.7071067811865471,-0.7071067811865479,-0.8660254037844386,0.5000000000000001,15,10,289,3,0
0.7476943949416376,0.758500900276833,-0.20820602001411753,0.7466045645682369,0.1937977485709079,266.0477,-1.198395459958457,1.5451104584483708,0.45074055556380765,-0.9765980585329257,-0.1816460878647987,-0.19807513125343568,-0.19807142307621395,-0.02969624345712769,-0.2480788643037877,-0.28745731901851257,-0.19807513125343568,-0.19807513125343568,-0.19807513125343568,0.22738615932393033,-1.262785370306859,6.744611840697695e-20,-0.17700969389840043,-0.35055984059429374,-0.8660254037844385,-0.5000000000000004,-0.8660254037844386,0.5000000000000001,16,10,289,3,0
0.7819236479178555,0.5997695459465646,0.0193930891550104,0.8037459767839966,-0.8867186261758846,236.37106,-1.7955351853053398,0.8587128584613227,0.8703955325649868,-0.9830794844578696,-0.1816460878647987,-0.19807513125343568,-0.19807142307621395,-0.02969624345712769,-0.2480788643037877,-0.28745731901851257,-0.19807513125343568,-0.19807513125343568,-0.19807513125343568,0.4307514146339841,-1.150630709097791,6.744611840697695e-20,-0.17700969389840043,-0.35055984059429374,-0.9659258262890684,-0.2588190451025206,-0.8660254037844386,0.5000000000000001,17,10,289,3,0
0.5803004751825449,0.74758606089797,0.2466736130863603,0.8489409239231573,-1.5764361439563734,67.04821,-1.7955351853053398,-0.004332136689788904,0.14824024146070436,-0.9666387934792423,-0.1816460878647987,-0.19807513125343568,-0.19807142307621395,-0.02969624345712769,-0.2480788643037877,-0.28745731901851257,-0.19807513125343568,-0.19807513125343568,-0.19807513125343568,0.017990929839324207,0.02787481846748048,6.744611840697695e-20,-0.17700969389840043,-0.35055984059429374,-1.0,-1.8369701987210294e-16,-0.8660254037844386,0.5000000000000001,18,10,289,3,0
0.12458780929118551,0.8144949204317036,0.46884461069991057,1.0100674584184188,-0.7959393072330792,60.75889,-1.3974421522503586,-0.35126208971360534,-0.1877257291810831,-0.9196879754719255,-0.1816460878647987,-0.19807513125343568,-0.19807142307621395,-0.02969624345712769,-0.2480788643037877,-0.28745731901851257,-0.19807513125343568,-0.19807513125343568,-0.19807513125343568,-0.6484397405175971,-0.750506314546805,6.744611840697695e-20,-0.17700969389840043,-0.35055984059429374,-0.9659258262890684,0.2588190451025203,-0.8660254037844386,0.5000000000000001,19,10,289,3,0
-0.08616920232055199,0.7485598106912023,1.0061960684733957,0.9942204913373087,-0.13812425859460367,60.752728,-0.5349071301216252,-0.6565369157107196,-0.43314050396773235,-0.9122580461769331,-0.1816460878647987,-0.19807513125343568,-0.19807142307621395,-0.02969624345712769,-0.2480788643037877,-0.28745731901851257,-0.19807513125343568,-0.19807513125343568,-0.19807513125343568,-0.8600204543742413,-0.5338716228963643,6.744611840697695e-20,-0.17700969389840043,-0.35055984059429374,-0.8660254037844386,0.5000000000000001,-0.8660254037844386,0.5000000000000001,20,10,289,3,0
-0.14149563406111618,0.7272983603927798,1.3311254184393877,1.05909695704508,-0.24754351761675764,64.39499,-0.5349071301216252,-0.6357555131563548,-0.30937230170072,-0.9685357965932812,-0.1816460878647987,-0.19807513125343568,-0.19807142307621395,-0.02969624345712769,-0.2480788643037877,-0.28745731901851257,-0.19807513125343568,-0.19807513125343568,-0.19807513125343568,-0.9116206952213457,-0.43437706778756746,6.744611840697695e-20,-0.17700969389840043,-0.35055984059429374,-0.7071067811865477,0.7071067811865474,-0.8660254037844386,0.5000000000000001,21,10,289,3,0
-0.24236881895048032,0.6249263278124539,1.4267028050732995,1.0033668858928,-0.46555332505917957,63.926044,-0.4022095696129055,-0.5279326732364017,-0.2470655116458781,-0.977625600375506,-0.1816460878647987,-0.19807513125343568,-0.19807142307621395,-0.02969624345712769,-0.2480788643037877,-0.28745731901851257,-0.19807513125343568,-0.19807513125343568,-0.19807513125343568,-0.9422570949648488,-0.07083317711391354,6.744611840697695e-20,-0.17700969389840043,-0.35055984059429374,-0.5000000000000004,0.8660254037844384,-0.8660254037844386,0.5000000000000001,22,10,289,3,0
-0.2506415382064566,0.5861766037910926,1.396249323882619,0.9678515903464644,-0.7267703641729143,68.20433,-0.5349071301216252,-0.42644006598877376,-0.08404683859900161,-0.9672711287139357,-0.1816460878647987,-0.19807513125343568,-0.19807142307621395,-0.02969624345712769,-0.2480788643037877,-0.28745731901851257,-0.19807513125343568,-0.19807513125343568,-0.19807513125343568,-0.9144939507295792,0.16273489777931183,6.744611840697695e-20,-0.17700969389840043,-0.35055984059429374,-0.2588190451025215,0.965925826289068,-0.8660254037844386,0.5000000000000001,23,10,289,3,0
-0.2640503648768027,0.5568811775573795,1.3523230454398536,0.9623758131362836,-0.8146799364332992,69.30502,-0.6012560861403962,-0.38805402817412105,-0.04055310832438657,-0.9977022144210479,-0.1816460878647987,-0.19807513125343568,-0.19807142307621395,-0.02969624345712769,-0.2480788643037877,-0.28745731901851257,-0.19807513125343568,-0.19807513125343568,-0.19807513125343568,-0.9029195366436515,0.23337389826455462,6.744611840697695e-20,-0.17700969389840043,-0.35055984059429374,0.0,1.0,-0.8660254037844386,0.5000000000000001,0,10,290,3,0
-0.3381058964254743,0.4870912883828044,1.2812409606949986,0.8557432486749594,-0.8207791354560945,68.11186,-0.6676048663947559,-0.37957512114961856,-0.05895175122659641,-0.9977022144210479,-0.1816460878647987,-0.19807513125343568,-0.19807142307621395,-0.02969624345712769,-0.2480788643037877,-0.28745731901851257,-0.19807513125343568,-0.19807513125343568,-0.19807513125343568,-0.930763244092272,0.1635878353830988,6.744611840697695e-20,-0.17700969389840043,-0.35055984059429374,0.2588190451025207,0.9659258262890684,-0.8660254037844386,0.5000000000000001,1,10,290,3,0
-0.3723966219550538,0.4691569411925442,1.1976253151768408,0.8172601798643436,-0.758498182164209,67.20267,-0.6012560861403962,-0.405774203993007,-0.09253342276546986,0.07244445632725423,-0.1816460878647987,-0.19807513125343568,-0.19807142307621395,-0.02969624345712769,-0.2480788643037877,-0.28745731901851257,-0.19807513125343568,-0.19807513125343568,-0.19807513125343568,-0.9580000751539047,0.13786733910937093,6.744611840697695e-20,-0.17700969389840043,-0.35055984059429374,0.4999999999999999,0.8660254037844387,-0.8660254037844386,0.5000000000000001,2,10,290,3,0
-0.48670911785475074,0.34726803103602905,1.1156281915846253,0.8435970477469336,-0.5635569283181363,70.8798,-0.4022095696129055,-0.5210363508766359,-0.07652163641256637,0.0034410205024250936,-0.1816460878647987,-0.19807513125343568,-0.19807142307621395,-0.02969624345712769,-0.2480788643037877,-0.28745731901851257,-0.19807513125343568,-0.19807513125343568,-0.19807513125343568,-0.9867342879155253,0.06023376000960254,6.744611840697695e-20,-0.17700969389840043,-0.35055984059429374,0.7071067811865476,0.7071067811865476,-0.8660254037844386,0.5000000000000001,3,10,290,3,0
-0.5019323925960407,0.3270208826642321,1.2228826802158634,0.9460200849241504,0.2876698957466159,72.53345,-0.4022095696129055,-0.9607257876409596,-0.2378495972254109,0.5705658310231979,-0.1816460878647987,-0.19807513125343568,-0.19807142307621395,-0.02969624345712769,-0.2480788643037877,-0.28745731901851257,-0.19807513125343568,-0.19807513125343568,-0.19807513125343568,-0.9866936747729927,-0.7489020045452229,6.744611840697695e-20,-0.17700969389840043,-0.35055984059429374,0.8660254037844386,0.5000000000000001,-0.8660254037844386,0.5000000000000001,4,10,290,3,0
-0.9707770067309254,-0.32466220518963634,0.5772935670602537,0.37260860425226267,-0.48938939304261003,69.66349,0.5266744085345989,-0.5518907219572753,-0.12076127361630111,-0.9721717196601958,-0.1816460878647987,-0.19807513125343568,-0.19807142307621395,-0.02969624345712769,-0.2480788643037877,-0.28745731901851257,-0.19807513125343568,-0.19807513125343568,-0.19807513125343568,-0.9536697195523604,0.8833315899382986,6.744611840697695e-20,-0.17700969389840043,-0.35055984059429374,0.9659258262890684,0.2588190451025207,-0.5000000000000004,0.8660254037844384,5,11,307,3,0
-0.9735756454973898,-0.3459238216853268,0.28636987830365346,0.46983097209013863,-0.4223435316858522,73.45919,0.12858137547961765,-0.604854886485817,-0.05452612657986253,-0.9416615892644528,-0.1816460878647987,-0.19807513125343568,-0.19807142307621395,-0.02969624345712769,-0.2480788643037877,-0.28745731901851257,-0.19807513125343568,-0.19807513125343568,-0.19807513125343568,-0.9361458945052326,0.384767681027058,6.744611840697695e-20,-0.17700969389840043,-0.35055984059429374,1.0,6.123233995736766e-17,-0.5000000000000004,0.8660254037844384,6,11,307,3,0
-0.898781939434991,-0.29439286296542283,0.04416776579104049,0.5914512626112749,0.3238113839931564,78.14782,0.1949299799695664,-1.0120034779040805,-0.06544929732099916,-0.9351801641165209,-0.1816460878647987,-0.19807513125343568,-0.19807142307621395,-0.02969624345712769,-0.2480788643037877,-0.28745731901851257,-0.19807513125343568,-0.19807513125343568,-0.19807513125343568,-0.8891190250431535,-0.360845050538407,6.744611840697695e-20,-0.17700969389840043,-0.35055984059429374,0.9659258262890684,-0.2588190451025206,-0.5000000000000004,0.8660254037844384,7,11,307,3,0
-0.5904731503406219,-0.21129422896366157,-0.08053557277778298,0.7371265331273404,-0.09187856369982046,82.75247,0.12858137547961765,-0.8103583279716953,0.1256480256377947,-0.9520951063916663,-0.1816460878647987,-0.19807513125343568,-0.19807142307621395,-0.02969624345712769,-0.2480788643037877,-0.28745731901851257,-0.19807513125343568,-0.19807513125343568,-0.19807513125343568,-0.5662843262120549,-0.03115905114520048,6.744611840697695e-20,-0.17700969389840043,-0.35055984059429374,0.8660254037844387,-0.4999999999999998,-0.5000000000000004,0.8660254037844384,8,11,307,3,0
-0.15582705290527496,-0.1316445206675094,-0.7631324911099492,0.8198473244306184,-1.057460050352382,94.488,-0.6676048663947559,-0.3037502555289101,0.392859397759679,-0.757178071389732,-0.1816460878647987,-0.19807513125343568,-0.19807142307621395,-0.02969624345712769,-0.2480788643037877,-0.28745731901851257,-0.19807513125343568,-0.19807513125343568,-0.19807513125343568,-0.07375614835691147,0.6483543333384343,6.744611840697695e-20,-0.17700969389840043,-0.35055984059429374,0.7071067811865476,-0.7071067811865475,-0.5000000000000004,0.8660254037844384,9,11,307,3,0
0.4363718131440379,-0.16361804967783097,-1.0788392068848802,0.8355341259704565,-1.8886860728372954,209.28488,-0.4685583498672653,0.3627554043444907,0.5162297956711265,1.100461908162708,-0.1816460878647987,-0.19807513125343568,-0.19807142307621395,-0.02969624345712769,-0.2480788643037877,-0.28745731901851257,-0.19807513125343568,-0.19807513125343568,-0.19807513125343568,0.7374383279941299,2.2900982664416403,6.744611840697695e-20,-0.17700969389840043,-0.35055984059429374,0.4999999999999999,-0.8660254037844387,-0.5000000000000004,0.8660254037844384,10,11,307,3,0
0.5035385136974514,-0.18086267820587637,-1.2483383528360457,0.7686508802458861,-1.2492063921402503,269.13235,-0.4022095696129055,0.780450595789983,0.33685125759601275,1.4246122136149777,-0.1816460878647987,-0.19807513125343568,-0.19807142307621395,-0.02969624345712769,-0.2480788643037877,-0.28745731901851257,-0.19807513125343568,-0.19807513125343568,-0.19807513125343568,0.8430263651654682,1.6504721685012347,6.744611840697695e-20,-0.17700969389840043,-0.35055984059429374,0.258819045102521,-0.9659258262890682,-0.5000000000000004,0.8660254037844384,11,11,307,3,0
0.537890711780393,-0.19027617456422993,-1.0994681002386455,0.5820297601849438,-0.9045485560780573,280.3818,0.46032545251582796,0.952789309251643,0.15152216242673322,1.5356659257116456,-0.1816460878647987,-0.19807513125343568,-0.19807142307621395,-0.02969624345712769,-0.2480788643037877,-0.28745731901851257,-0.19807513125343568,-0.19807513125343568,-0.19807513125343568,0.8976212865285823,1.7678263011154967,6.744611840697695e-20,-0.17700969389840043,-0.35055984059429374,1.2246467991473532e-16,-1.0,-0.5000000000000004,0.8660254037844384,12,11,307,3,0
0.6807122380166559,-0.25397967048861425,-0.7995601262466547,0.4577601431815259,-0.33215297725618487,278.30072,0.5930230130245476,1.2580640898259194,0.1231782965757127,1.564832379022976,-0.1816460878647987,-0.19807513125343568,-0.19807142307621395,-0.02969624345712769,-0.2480788643037877,-0.28745731901851257,-0.19807513125343568,-0.19807513125343568,-0.19807513125343568,1.1491060706027705,0.6827068368342414,6.744611840697695e-20,-0.17700969389840043,-0.35055984059429374,-0.2588190451025208,-0.9659258262890684,-0.5000000000000004,0.8660254037844384,13,11,307,3,0
0.6960584578646689,-0.24448498676484104,-0.6649145683685064,0.3391434276339068,0.2320341397986894,275.56952,-0.13681409706664424,1.5624032356447826,0.14790872968394622,1.523335516842162,-0.1816460878647987,-0.19807513125343568,-0.19807142307621395,-0.02969624345712769,-0.2480788643037877,-0.28745731901851257,-0.19807513125343568,-0.19807513125343568,-0.19807513125343568,1.1598307582861587,-0.5233436945000893,6.744611840697695e-20,-0.17700969389840043,-0.35055984059429374,-0.4999999999999997,-0.8660254037844388,-0.5000000000000004,0.8660254037844384,14,11,307,3,0
0.45553159873071736,0.006271623028925696,-0.685729166963438,0.25516015500551636,0.1284490147991565,272.32196,-1.1320466797040971,1.5123384865622773,0.2549524028820045,1.5619078340663566,-0.1816460878647987,-0.19807513125343568,-0.19807142307621395,-0.02969624345712769,-0.2480788643037877,-0.28745731901851257,-0.19807513125343568,-0.19807513125343568,-0.19807513125343568,0.5932008351736471,-1.18268495913221,6.744611840697695e-20,-0.17700969389840043,-0.35055984059429374,-0.7071067811865471,-0.7071067811865479,-0.5000000000000004,0.8660254037844384,15,11,307,3,0
0.4114303323643449,0.09188581887918827,-0.5803742087755671,0.3258214232030647,-0.8629113488767685,267.4771,-1.662837449032209,0.9853186853311406,0.37021745517025567,1.4113332539776933,-0.1816460878647987,-0.19807513125343568,-0.19807142307621395,-0.02969624345712769,-0.2480788643037877,-0.28745731901851257,-0.19807513125343568,-0.19807513125343568,-0.19807513125343568,0.44977278714902763,-1.0054975176366319,6.744611840697695e-20,-0.17700969389840043,-0.35055984059429374,-0.8660254037844385,-0.5000000000000004,-0.5000000000000004,0.8660254037844384,16,11,307,3,0
0.45802262279367967,0.12986455377428105,-0.3828128769825824,0.33276318619078876,-1.4603535137376311,300.13123,-1.7955351853053398,0.6168796028969553,0.05265013829350573,0.6048698899457845,-0.1816460878647987,-0.19807513125343568,-0.19807142307621395,-0.02969624345712769,-0.2480788643037877,-0.28745731901851257,-0.19807513125343568,-0.19807513125343568,-0.19807513125343568,0.47320524424689486,-0.3033691453542136,6.744611840697695e-20,-0.17700969389840043,-0.35055984059429374,-0.9659258262890684,-0.2588190451025206,-0.5000000000000004,0.8660254037844384,17,11,307,3,0
0.38608902805110723,0.044493670724375996,-0.19515455400811907,0.39261987540579785,-1.4102042403855204,356.56976,-1.7955351853053398,0.31278307559610685,-0.2559333267516388,-0.9322556191599017,-0.1816460878647987,-0.19807513125343568,-0.19807142307621395,-0.02969624345712769,-0.2480788643037877,-0.28745731901851257,-0.19807513125343568,-0.19807513125343568,-0.19807513125343568,0.4636946408733375,-0.4202235948139586,6.744611840697695e-20,-0.17700969389840043,-0.35055984059429374,-1.0,-1.8369701987210294e-16,-0.5000000000000004,0.8660254037844384,18,11,307,3,0
-0.22179440882640158,0.06786516153737135,-0.12635048986091454,0.4825575375676399,-1.0449021601240054,42.758026,-0.9993489434309663,-0.11936321759716804,-0.30672025093796607,-0.9977022144210479,-0.1816460878647987,-0.19807513125343568,-0.19807142307621395,-0.02969624345712769,-0.2480788643037877,-0.28745731901851257,-0.19807513125343568,-0.19807513125343568,-0.19807513125343568,-0.35956011536266347,0.14415150286477366,6.744611840697695e-20,-0.17700969389840043,-0.35055984059429374,-0.9659258262890684,0.2588190451025203,-0.5000000000000004,0.8660254037844384,19,11,307,3,0
-0.5985614519365131,-0.0487082613965874,0.24838979817921134,0.6059792193527073,-0.4564742261673144,64.054,-0.5349071301216252,-0.5331655355686012,-0.2474799285238951,-1.000942927513022,-0.1816460878647987,-0.19807513125343568,-0.19807142307621395,-0.02969624345712769,-0.2480788643037877,-0.28745731901851257,-0.19807513125343568,-0.19807513125343568,-0.19807513125343568,-0.7390940765278138,-0.21188145479650652,6.744611840697695e-20,-0.17700969389840043,-0.35055984059429374,-0.8660254037844386,0.5000000000000001,-0.5000000000000004,0.8660254037844384,20,11,307,3,0
-0.608341256496625,-0.055078602679162446,0.625219315564971,0.6383062784779642,-0.39346802657159724,71.166885,-0.20316287732100374,-0.6080662811232971,-0.11260619036376321,-1.000942927513022,-0.1816460878647987,-0.19807513125343568,-0.19807142307621395,-0.02969624345712769,-0.2480788643037877,-0.28745731901851257,-0.19807513125343568,-0.19807513125343568,-0.19807513125343568,-0.7456099165013974,0.02932758779304759,6.744611840697695e-20,-0.17700969389840043,-0.35055984059429374,-0.7071067811865477,0.7071067811865474,-0.5000000000000004,0.8660254037844384,21,11,307,3,0
-0.7309881961423541,-0.13931336120499574,0.7378427369554815,0.6778351340578983,-0.5870565594369163,74.44915,-0.07046531681228407,-0.5248945667253992,0.0013825665684729595,-1.000942927513022,-0.1816460878647987,-0.19807513125343568,-0.19807142307621395,-0.02969624345712769,-0.2480788643037877,-0.28745731901851257,-0.19807513125343568,-0.19807513125343568,-0.19807513125343568,-0.8229898883168236,0.44234741712274717,6.744611840697695e-20,-0.17700969389840043,-0.35055984059429374,-0.5000000000000004,0.8660254037844384,-0.5000000000000004,0.8660254037844384,22,11,307,3,0
-0.770384040872929,-0.14012490246465717,0.7075264924826138,0.7067327662999715,-1.0788750252979817,74.410515,-0.07046531681228407,-0.2727456938348503,0.10148114516952564,-1.000942927513022,-0.1816460878647987,-0.19807513125343568,-0.19807142307621395,-0.02969624345712769,-0.2480788643037877,-0.28745731901851257,-0.19807513125343568,-0.19807513125343568,-0.19807513125343568,-0.8740233686156876,1.5778886128922416,6.744611840697695e-20,-0.17700969389840043,-0.35055984059429374,-0.2588190451025215,0.965925826289068,-0.5000000000000004,0.8660254037844384,23,11,307,3,0
-0.8195904264402967,-0.2041530647520862,0.715620191292626,0.6512099682010619,-1.1145309286958816,73.590576,-0.13681409706664424,-0.2522531123950884,0.09766882491377368,-1.000942927513022,-0.1816460878647987,-0.19807513125343568,-0.19807142307621395,-0.02969624345712769,-0.2480788643037877,-0.28745731901851257,-0.19807513125343568,-0.19807513125343568,-0.19807513125343568,-0.874913708160759,1.5960597861933967,6.744611840697695e-20,-0.17700969389840043,-0.35055984059429374,0.0,1.0,-0.5000000000000004,0.8660254037844384,0,11,308,3,0
-0.893338469253813,-0.262176021154744,0.6876689203113664,0.6248165713039281,-0.9423802837775194,72.33391,-0.3358606135941342,-0.33588688304075603,0.040831903135646615,-1.000942927513022,-0.1816460878647987,-0.19807513125343568,-0.19807142307621395,-0.02969624345712769,-0.2480788643037877,-0.28745731901851257,-0.19807513125343568,-0.19807513125343568,-0.19807513125343568,-0.9140893112156115,0.8303793170830863,6.744611840697695e-20,-0.17700969389840043,-0.35055984059429374,0.2588190451025207,0.9659258262890684,-0.5000000000000004,0.8660254037844384,1,11,308,3,0
-0.8950299722180334,-0.3017776723718912,0.6733222373985039,0.6271851370139065,-0.7991808564996363,72.54001,-0.2695118333397747,-0.4092627839281221,0.011261471953973161,-1.000942927513022,-0.1816460878647987,-0.19807513125343568,-0.19807142307621395,-0.02969624345712769,-0.2480788643037877,-0.28745731901851257,-0.19807513125343568,-0.19807513125343568,-0.19807513125343568,-0.876815895142642,0.6035154639115197,6.744611840697695e-20,-0.17700969389840043,-0.35055984059429374,0.4999999999999999,0.8660254037844387,-0.5000000000000004,0.8660254037844384,2,11,308,3,0
-0.9615200967794281,-0.3369566480901967,0.6345593996983929,0.5986869764747085,-0.11976966365638204,73.17075,-0.07046531681228407,-0.7575673758649019,-0.12783894902578896,-0.9193718091495993,-0.1816460878647987,-0.19807513125343568,-0.19807142307621395,-0.02969624345712769,-0.2480788643037877,-0.28745731901851257,-0.19807513125343568,-0.19807513125343568,-0.19807513125343568,-0.9292254150176814,-0.16550042491383488,6.744611840697695e-20,-0.17700969389840043,-0.35055984059429374,0.7071067811865476,0.7071067811865476,-0.5000000000000004,0.8660254037844384,3,11,308,3,0
-0.989567705060741,-0.36949823936255466,0.7157828422174403,0.581257196985985,-0.20115849459570834,72.032684,-0.004116536557924229,-0.7098938363773858,-0.13839745463992606,0.22926341840840073,-0.1816460878647987,-0.19807513125343568,-0.19807142307621395,-0.02969624345712769,-0.2480788643037877,-0.28745731901851257,-0.19807513125343568,-0.19807513125343568,-0.19807513125343568,-0.9336771127430379,-0.02196228652667437,6.744611840697695e-20,-0.17700969389840043,-0.35055984059429374,0.8660254037844386,0.5000000000000001,-0.5000000000000004,0.8660254037844384,4,11,308,3,0
-1.5685116777598056,-1.1654425502106964,0.5137667629970636,0.215729283050783,-0.28722442414750066,70.544525,0.1949299799695664,-0.6579808320219092,-0.1535639066014691,1.3998721406170354,-0.1816460878647987,-0.19807513125343568,-0.19807142307621395,-0.02969624345712769,-0.2480788643037877,-0.28745731901851257,-0.19807513125343568,-0.19807513125343568,-0.19807513125343568,-0.9016497543097763,0.25773218357081096,6.744611840697695e-20,-0.17700969389840043,-0.35055984059429374,0.9659258262890684,0.2588190451025207,-0.5000000000000004,0.8660254037844384,5,11,332,3,0
-1.5568865628837223,-1.1866280483576412,0.4456330893245681,0.3472195395137688,-0.284596117880004,73.38836,0.06223259522525782,-0.6747422377199598,-0.0861685009348603,1.4133882703217844,-0.1816460878647987,-0.19807513125343568,-0.19807142307621395,-0.02969624345712769,-0.2480788643037877,-0.28745731901851257,-0.19807513125343568,-0.19807513125343568,-0.19807513125343568,-0.8652209258335558,0.13563292840167104,6.744611840697695e-20,-0.17700969389840043,-0.35055984059429374,1.0,6.123233995736766e-17,-0.5000000000000004,0.8660254037844384,6,11,332,3,0
-1.5072804797511572,-1.1579207942553928,0.07757546701568024,0.42979712398014236,0.025494068495339323,75.121666,-0.004116536557924229,-0.842414057409293,-0.10494837477636257,1.3813763978107534,-0.1816460878647987,-0.19807513125343568,-0.19807142307621395,-0.02969624345712769,-0.2480788643037877,-0.28745731901851257,-0.19807513125343568,-0.19807513125343568,-0.19807513125343568,-0.8285749413707322,-0.25357079252703135,6.744611840697695e-20,-0.17700969389840043,-0.35055984059429374,0.9659258262890684,-0.2588190451025206,-0.5000000000000004,0.8660254037844384,7,11,332,3,0
-1.2837604182002378,-0.9911047738230931,-0.08427472874801167,0.6633184831193919,0.06756475837261716,78.96012,-0.004116536557924229,-0.8819553191185732,-0.0015015576459705378,0.29866201681041765,-0.1816460878647987,-0.19807513125343568,-0.19807142307621395,-0.02969624345712769,-0.2480788643037877,-0.28745731901851257,-0.19807513125343568,-0.19807513125343568,-0.19807513125343568,-0.7008190077456481,-0.2917156575463282,6.744611840697695e-20,-0.17700969389840043,-0.35055984059429374,0.8660254037844387,-0.4999999999999998,-0.5000000000000004,0.8660254037844384,8,11,332,3,0
-0.8233423936572543,-0.7578666856550419,-0.6345206290342318,0.7535011043443216,-0.8018297987000327,97.39963,-0.5349071301216252,-0.4354734268837488,0.4610670029342141,-0.9902722869390844,-0.1816460878647987,-0.19807513125343568,-0.19807142307621395,-0.02969624345712769,-0.2480788643037877,-0.28745731901851257,-0.19807513125343568,-0.19807513125343568,-0.19807513125343568,-0.32756789973028744,0.29048249726771036,6.744611840697695e-20,-0.17700969389840043,-0.35055984059429374,0.7071067811865476,-0.7071067811865475,-0.5000000000000004,0.8660254037844384,9,11,332,3,0
-0.17489462966191166,-0.828077386312202,-1.277536916790965,0.8009176417556167,-0.6243011450345164,166.25327,-1.1320466797040971,0.092551347064811,1.4752801457710039,-1.000942927513022,-0.1816460878647987,-0.19807513125343568,-0.19807142307621395,-0.02969624345712769,-0.2480788643037877,-0.28745731901851257,-0.19807513125343568,-0.19807513125343568,-0.19807513125343568,0.5957856544859348,-0.6344328653598438,6.744611840697695e-20,-0.17700969389840043,-0.35055984059429374,0.4999999999999999,-0.8660254037844387,-0.5000000000000004,0.8660254037844384,10,11,332,3,0
-0.05929032836319164,-1.0063713224673607,-1.325482633601184,0.8222592290517556,-0.19713064512729278,199.0949,-0.6676048663947559,0.6325089427772198,1.7521880722480816,-1.000942927513022,-0.1816460878647987,-0.19807513125343568,-0.19807142307621395,-0.02969624345712769,-0.2480788643037877,-0.28745731901851257,-0.19807513125343568,-0.19807513125343568,-0.19807513125343568,0.9257483742513226,-0.5952394065573429,6.744611840697695e-20,-0.17700969389840043,-0.35055984059429374,0.258819045102521,-0.9659258262890682,-0.5000000000000004,0.8660254037844384,11,11,332,3,0
-0.006639464314021581,-1.12343170339657,-1.2430986694723845,0.769121955367192,0.10356179508886186,211.64981,-0.6012560861403962,0.9242452421212718,1.8061574247612304,-1.000942927513022,-0.1816460878647987,-0.19807513125343568,-0.19807142307621395,-0.02969624345712769,-0.2480788643037877,-0.28745731901851257,-0.19807513125343568,-0.19807513125343568,-0.19807513125343568,1.111792207155197,-0.7715588862685195,6.744611840697695e-20,-0.17700969389840043,-0.35055984059429374,1.2246467991473532e-16,-1.0,-0.5000000000000004,0.8660254037844384,12,11,332,3,0
0.22536865938216016,-1.2404108138617251,-1.1179701875264236,0.6383986092017234,0.131210814204996,219.87558,-0.5349071301216252,1.0747051902589146,1.6766044082530382,-1.000942927513022,-0.1816460878647987,-0.19807513125343568,-0.19807142307621395,-0.02969624345712769,-0.2480788643037877,-0.28745731901851257,-0.19807513125343568,-0.19807513125343568,-0.19807513125343568,1.5337799979332578,-0.7408809412290792,6.744611840697695e-20,-0.17700969389840043,-0.35055984059429374,-0.2588190451025208,-0.9659258262890684,-0.5000000000000004,0.8660254037844384,13,11,332,3,0
0.2513558034107356,-1.2669877513827046,-0.9213117862022184,0.583367613529491,0.031329625685746744,227.46083,-0.6012560861403962,1.1529096902214284,1.464323789091143,-1.000942927513022,-0.1816460878647987,-0.19807513125343568,-0.19807142307621395,-0.02969624345712769,-0.2480788643037877,-0.28745731901851257,-0.19807513125343568,-0.19807513125343568,-0.19807513125343568,1.5944860368720233,-0.7209924228888456,6.744611840697695e-20,-0.17700969389840043,-0.35055984059429374,-0.4999999999999997,-0.8660254037844388,-0.5000000000000004,0.8660254037844384,14,11,332,3,0
-0.07346781388725207,-0.9046180423158123,0.24352878649988358,0.5099929526331524,0.1565588556444523,235.54993,-0.9330001631766061,1.310855041932713,1.3325331386982135,-1.000942927513022,-0.1816460878647987,-0.19807513125343568,-0.19807142307621395,-0.02969624345712769,-0.2480788643037877,-0.28745731901851257,-0.19807513125343568,-0.19807513125343568,-0.19807513125343568,0.805601105669806,-1.0504765434240062,6.744611840697695e-20,-0.17700969389840043,-0.35055984059429374,-0.7071067811865471,-0.7071067811865479,-0.5000000000000004,0.8660254037844384,15,11,332,3,0
-0.14518625469305926,-0.4755827865155429,-0.6081174463195084,0.4538031121624497,-0.38763745046844145,232.37222,-0.8666512071578358,1.0411361232729144,1.1587073207732175,-1.000942927513022,-0.1816460878647987,-0.19807513125343568,-0.19807142307621395,-0.02969624345712769,-0.2480788643037877,-0.28745731901851257,-0.19807513125343568,-0.19807513125343568,-0.19807513125343568,0.2832963663173488,-0.6029616167436044,6.744611840697695e-20,-0.17700969389840043,-0.35055984059429374,-0.8660254037844385,-0.5000000000000004,-0.5000000000000004,0.8660254037844384,16,11,332,3,0
-0.037731727543592636,-0.7269227487200021,-0.48124010387169325,0.5877015046455905,0.36548629090910084,226.14397,-1.0656978994497373,1.2626270410042515,1.6692449510921543,-1.000942927513022,-0.1816460878647987,-0.19807513125343568,-0.19807142307621395,-0.02969624345712769,-0.2480788643037877,-0.28745731901851257,-0.19807513125343568,-0.19807513125343568,-0.19807513125343568,0.6753917238159319,-1.246671153448937,6.744611840697695e-20,-0.17700969389840043,-0.35055984059429374,-0.9659258262890684,-0.2588190451025206,-0.5000000000000004,0.8660254037844384,17,11,332,3,0
-0.15269018912697446,-0.7461605810832138,-0.32330968647799596,0.6697156832668775,-1.309674087355778,230.04811,-1.5301398006412839,0.6409993947730145,0.7498926420003993,-1.000942927513022,-0.1816460878647987,-0.19807513125343568,-0.19807142307621395,-0.02969624345712769,-0.2480788643037877,-0.28745731901851257,-0.19807513125343568,-0.19807513125343568,-0.19807513125343568,0.5433003786674775,-0.14054671744463285,6.744611840697695e-20,-0.17700969389840043,-0.35055984059429374,-1.0,-1.8369701987210294e-16,-0.5000000000000004,0.8660254037844384,18,11,332,3,0
-0.521738017898058,-0.8282449131583496,-0.14370784865329192,0.7362597549041205,-1.6876509426159476,66.47736,-1.4637909325047185,0.051161875505397414,0.17794328604334322,-1.000942927513022,-0.1816460878647987,-0.19807513125343568,-0.19807142307621395,-0.02969624345712769,-0.2480788643037877,-0.28745731901851257,-0.19807513125343568,-0.19807513125343568,-0.19807513125343568,0.1395245156085967,1.4183036999723866,6.744611840697695e-20,-0.17700969389840043,-0.35055984059429374,-0.9659258262890684,0.2588190451025203,-0.5000000000000004,0.8660254037844384,19,11,332,3,0
-0.8748553856274993,-0.8043661882834074,0.20451362203025036,0.7965573704327045,-1.231790902929088,74.18916,-0.8003026026678864,-0.19387119944326622,0.1301730994724249,-1.000942927513022,-0.1816460878647987,-0.19807513125343568,-0.19807142307621395,-0.02969624345712769,-0.2480788643037877,-0.28745731901851257,-0.19807513125343568,-0.19807513125343568,-0.19807513125343568,-0.3489769934903887,0.9184686663036999,6.744611840697695e-20,-0.17700969389840043,-0.35055984059429374,-0.8660254037844386,0.5000000000000001,-0.5000000000000004,0.8660254037844384,20,11,332,3,0
-1.1142136364058455,-0.8254602779329506,0.652436115963866,0.8485263778163954,-0.758173130641848,81.36774,-0.6012560861403962,-0.45624324661445637,0.16393710357479813,-1.000942927513022,-0.1816460878647987,-0.19807513125343568,-0.19807142307621395,-0.02969624345712769,-0.2480788643037877,-0.28745731901851257,-0.19807513125343568,-0.19807513125343568,-0.19807513125343568,-0.6429206630993131,0.1373348024474424,6.744611840697695e-20,-0.17700969389840043,-0.35055984059429374,-0.7071067811865477,0.7071067811865474,-0.5000000000000004,0.8660254037844384,21,11,332,3,0
-1.3778983904935742,-1.0038404704702033,0.9681393826678468,0.9126114373203598,-0.4934543871902445,78.86196,-0.3358606135941342,-0.5887519605274362,0.0783419425189445,-1.000942927513022,-0.1816460878647987,-0.19807513125343568,-0.19807142307621395,-0.02969624345712769,-0.2480788643037877,-0.28745731901851257,-0.19807513125343568,-0.19807513125343568,-0.19807513125343568,-0.8119969881247914,0.03116325653367412,6.744611840697695e-20,-0.17700969389840043,-0.35055984059429374,-0.5000000000000004,0.8660254037844384,-0.5000000000000004,0.8660254037844384,22,11,332,3,0
-1.4110203816992015,-1.014111129238285,1.0463664901813305,0.9063555597092553,-0.5219639958666754,75.576904,-0.20316287732100374,-0.5627261128172147,0.012040521370506402,-1.000942927513022,-0.1816460878647987,-0.19807513125343568,-0.19807142307621395,-0.02969624345712769,-0.2480788643037877,-0.28745731901851257,-0.19807513125343568,-0.19807513125343568,-0.19807513125343568,-0.8453397150723226,0.20436297949517374,6.744611840697695e-20,-0.17700969389840043,-0.35055984059429374,-0.2588190451025215,0.965925826289068,-0.5000000000000004,0.8660254037844384,23,11,332,3,0
-1.433532310969294,-1.0222007812583562,0.9748824979057402,0.8680477308437553,-0.8175054225975699,75.1078,-0.13681409706664424,-0.40897400823635727,0.06002617212951033,-1.000942927513022,-0.1816460878647987,-0.19807513125343568,-0.19807142307621395,-0.02969624345712769,-0.2480788643037877,-0.28745731901851257,-0.19807513125343568,-0.19807513125343568,-0.19807513125343568,-0.8668955134493276,0.8012380424089589,6.744611840697695e-20,-0.17700969389840043,-0.35055984059429374,0.0,1.0,-0.5000000000000004,0.8660254037844384,0,11,333,3,0
-1.5216732451803303,-1.0865181267921113,0.8229451135832703,0.8758788836605297,-1.125288653991533,78.12777,-0.07046531681228407,-0.2575553051188252,0.16145079783759547,-1.000942927513022,-0.1816460878647987,-0.19807513125343568,-0.19807142307621395,-0.02969624345712769,-0.2480788643037877,-0.28745731901851257,-0.19807513125343568,-0.19807513125343568,-0.19807513125343568,-0.9187332997382655,1.7334710125394763,6.744611840697695e-20,-0.17700969389840043,-0.35055984059429374,0.2588190451025207,0.9659258262890684,-0.5000000000000004,0.8660254037844384,1,11,333,3,0
-1.564605903191097,-1.130177318110297,0.6618542580187948,0.8241378766355589,-1.112683656909434,74.46114,-0.13681409706664424,-0.2555568970847983,0.1091058182695127,-1.000942927513022,-0.1816460878647987,-0.19807513125343568,-0.19807142307621395,-0.02969624345712769,-0.2480788643037877,-0.28745731901851257,-0.19807513125343568,-0.19807513125343568,-0.19807513125343568,-0.931684084936225,1.589904529013914,6.744611840697695e-20,-0.17700969389840043,-0.35055984059429374,0.4999999999999999,0.8660254037844387,-0.5000000000000004,0.8660254037844384,2,11,333,3,0
-1.6503172858925328,-1.2248146129363726,0.5700617729277173,0.8089937536354573,-0.7540210386256998,68.61426,-0.3358606135941342,-0.41496930047269465,-0.06911244922632044,-1.000942927513022,-0.1816460878647987,-0.19807513125343568,-0.19807142307621395,-0.02969624345712769,-0.2480788643037877,-0.28745731901851257,-0.19807513125343568,-0.19807513125343568,-0.19807513125343568,-0.9500830817629478,0.4391245794157982,6.744611840697695e-20,-0.17700969389840043,-0.35055984059429374,0.7071067811865476,0.7071067811865476,-0.5000000000000004,0.8660254037844384,3,11,333,3,0
-1.6679085136217147,-1.2485817363458505,0.7322559681361899,0.7683569293701767,-0.772419424436702,67.688614,-0.13681409706664424,-0.40137304139269847,-0.08003560910462929,-1.000942927513022,-0.1816460878647987,-0.19807513125343568,-0.19807142307621395,-0.02969624345712769,-0.2480788643037877,-0.28745731901851257,-0.19807513125343568,-0.19807513125343568,-0.19807513125343568,-0.9495265159423226,0.7073216319192621,6.744611840697695e-20,-0.17700969389840043,-0.35055984059429374,0.8660254037844386,0.5000000000000001,-0.5000000000000004,0.8660254037844384,4,11,333,3,0
-1.953086440569584,-1.5988345011944098,0.9543260350419313,0.9463328788047077,-0.02754440624282879,65.42297,0.06223259522525782,-0.7499779767039543,-0.35531918436229637,0.8606491440187001,-0.18049105175230204,-0.19807513125343568,-0.19807142307621395,-0.02969624345712769,-0.2480788643037877,-0.28745731901851257,-0.19807513125343568,-0.19807513125343568,-0.19807513125343568,-0.9754581897940946,-0.15082395337926416,6.744611840697695e-20,-0.17528748879624767,-0.35055984059429374,0.9659258262890684,0.2588190451025207,-2.4492935982947064e-16,1.0,5,12,359,0,0
-1.9287792608046388,-1.567195793200208,0.9244527238911026,0.8689898810864098,0.19419922420338612,64.92864,-0.004116536557924229,-0.8526834797093598,-0.4398701017881691,1.3537117798561922,-0.18049105175230204,-0.19807513125343568,-0.19807142307621395,-0.02969624345712769,-0.2480788643037877,-0.28745731901851257,-0.19807513125343568,-0.19807513125343568,-0.19807513125343568,-0.9750281546334498,-0.39881814239288876,6.744611840697695e-20,-0.17530052554201767,-0.35055984059429374,1.0,6.123233995736766e-17,-2.4492935982947064e-16,1.0,6,12,359,0,0
-1.935214517572665,-1.5802103854827547,0.6294968896635474,0.9226924449165406,0.26732770467823047,65.98468,0.5266744085345989,-0.8978618670078914,-0.43227857117559576,1.3715751641174105,-0.18049105175230204,-0.19807513125343568,-0.19807142307621395,-0.02969624345712769,-0.2480788643037877,-0.28745731901851257,-0.19807513125343568,-0.19807513125343568,-0.19807513125343568,-0.9705156532318444,-0.08268807262206773,6.744611840697695e-20,-0.17542924459176706,-0.35055984059429374,0.9659258262890684,-0.2588190451025206,-2.4492935982947064e-16,1.0,7,12,359,0,0
-1.9189226155528247,-1.6109006887670945,0.23920111010750275,1.0254621933830497,0.13266102217910236,70.348854,0.5266744085345989,-0.86718078405373,-0.2659780206140012,1.3288135848464695,-0.18049105175230204,-0.19807513125343568,-0.19807142307621395,-0.02969624345712769,-0.2480788643037877,-0.28745731901851257,-0.19807513125343568,-0.19807513125343568,-0.19807513125343568,-0.9184653193047218,0.04556283101937468,6.744611840697695e-20,-0.17559957009828642,-0.35055984059429374,0.8660254037844387,-0.4999999999999998,-2.4492935982947064e-16,1.0,8,12,359,0,0
-1.5820433235685283,-1.4047669485303047,-0.17666644453419217,1.076319463480433,-0.5412755288243171,78.72339,0.06223259522525782,-0.5633845925568848,0.08243606625174799,0.27139266503468945,-0.18049105175230204,-0.19807513125343568,-0.19807142307621395,-0.02969624345712769,-0.2480788643037877,-0.28745731901851257,-0.19807513125343568,-0.19807513125343568,-0.19807513125343568,-0.6807505621089434,0.5044521646642307,6.744611840697695e-20,-0.1757810551555163,-0.35055984059429374,0.7071067811865476,-0.7071067811865475,-2.4492935982947064e-16,1.0,9,12,359,0,0
-1.059502308103938,-1.1987702545607108,-0.8751250955766542,1.2109527331528365,-1.416151900502444,119.08951,-0.9330001631766061,-0.06390386302727727,0.6074605700292464,0.6172004542177364,-0.18049105175230204,-0.19807513125343568,-0.19807142307621395,-0.02969624345712769,-0.2480788643037877,-0.28745731901851257,-0.19807513125343568,-0.19807513125343568,-0.19807513125343568,-0.19857774099203454,1.3333316593202011,6.744611840697695e-20,-0.17608586327733855,-0.35055984059429374,0.4999999999999999,-0.8660254037844387,-2.4492935982947064e-16,1.0,10,12,359,0,0
-0.9699774856321834,-1.295228323556399,-0.9856302428135282,1.1217800969880098,-1.172015237281263,214.8709,-1.0656978994497373,0.5932565324644344,0.953752994559137,0.9094969573699323,-0.18049105175230204,-0.19807513125343568,-0.19807142307621395,-0.02969624345712769,-0.2480788643037877,-0.28745731901851257,-0.19807513125343568,-0.19807513125343568,-0.19807513125343568,0.015441253327922242,0.3230854932349823,6.744611840697695e-20,-0.17613408784486406,-0.35055984059429374,0.258819045102521,-0.9659258262890682,-2.4492935982947064e-16,1.0,11,12,359,0,0
-0.9833247137808209,-1.2626157660506039,-0.9400981495483216,1.104112895638142,-0.055091384228694765,241.81198,-1.0656978994497373,1.2820221385467931,1.0902013756389728,1.1731013473457272,-0.18049105175230204,-0.19807513125343568,-0.19807142307621395,-0.02969624345712769,-0.2480788643037877,-0.28745731901851257,-0.19807513125343568,-0.19807513125343568,-0.19807513125343568,-0.03465132820761538,-1.0293534736994403,6.744611840697695e-20,-0.176114217589395,-0.35055984059429374,1.2246467991473532e-16,-1.0,-2.4492935982947064e-16,1.0,12,12,359,0,0
-0.9187412461204124,-1.2111356636947088,-0.8884788091159292,0.9745107082614051,0.7869084738112095,253.02937,-1.198395459958457,1.7950182820754592,0.9858594615033749,1.3362435581721612,-0.18049105175230204,-0.19807513125343568,-0.19807142307621395,-0.02969624345712769,-0.2480788643037877,-0.28745731901851257,-0.19807513125343568,-0.19807513125343568,-0.19807513125343568,-0.0010098874525594917,-1.4830243598376205,6.744611840697695e-20,-0.17609169085258183,-0.35055984059429374,-0.2588190451025208,-0.9659258262890684,-2.4492935982947064e-16,1.0,13,12,359,0,0
-0.9580448820209448,-1.166751021301688,-0.8771044992420284,0.9257016727914993,0.7094747684664249,265.34015,-1.0656978994497373,1.8173475435350082,0.5049751348788873,1.5097402613804947,-0.18049105175230204,-0.19807513125343568,-0.19807142307621395,-0.02969624345712769,-0.2480788643037877,-0.28745731901851257,-0.19807513125343568,-0.19807513125343568,-0.19807513125343568,-0.09700145346327131,-1.3795043925385568,6.744611840697695e-20,-0.17608672709127038,-0.35055984059429374,-0.4999999999999997,-0.8660254037844388,-2.4492935982947064e-16,1.0,14,12,359,0,0
-1.0913634821239169,-1.0610874518285525,-0.9741894929413215,0.9466419040842826,-0.11110641439163524,263.873,-1.4637909325047185,1.3796449774038924,0.4942342967012504,1.2213167762514845,-0.18049105175230204,-0.19807513125343568,-0.19807142307621395,-0.02969624345712769,-0.2480788643037877,-0.28745731901851257,-0.19807513125343568,-0.19807513125343568,-0.19807513125343568,-0.3778325483758204,-1.3220819860419046,6.744611840697695e-20,-0.17612909508906446,-0.35055984059429374,-0.7071067811865471,-0.7071067811865479,-2.4492935982947064e-16,1.0,15,12,359,0,0
-1.1486274330104955,-1.0337647871660414,-0.8180438789993812,0.9311416482924862,-0.7805451859236462,251.91232,-1.3974421522503586,0.9931737702412686,0.6564241903062316,1.4767007900459783,-0.18049105175230204,-0.19807513125343568,-0.19807142307621395,-0.02969624345712769,-0.2480788643037877,-0.28745731901851257,-0.19807513125343568,-0.19807513125343568,-0.19807513125343568,-0.48044107279662607,-0.7671903776159873,6.744611840697695e-20,-0.1760609529717818,-0.35055984059429374,-0.8660254037844385,-0.5000000000000004,-2.4492935982947064e-16,1.0,16,12,359,0,0
-1.2749032687981117,-1.0242853935909246,-0.7037482027881236,0.9446539670723313,-0.03264034313476431,250.32242,-1.0656978994497373,1.361127676203208,0.8765781109692689,1.5890982154876347,-0.18049105175230204,-0.19807513125343568,-0.19807142307621395,-0.02969624345712769,-0.2480788643037877,-0.28745731901851257,-0.19807513125343568,-0.19807513125343568,-0.19807513125343568,-0.6560685463645021,-1.0429764594949589,6.744611840697695e-20,-0.17601107421325204,-0.35055984059429374,-0.9659258262890684,-0.2588190451025206,-2.4492935982947064e-16,1.0,17,12,359,0,0
-1.177505424635578,-1.000295150349152,-0.5975396903050776,0.8972242395576511,-0.057395208240945045,282.16553,-1.0656978994497373,1.389198157255463,-0.01433088308356924,1.5890982154876347,-0.18049105175230204,-0.19807513125343568,-0.19807142307621395,-0.02969624345712769,-0.2480788643037877,-0.28745731901851257,-0.19807513125343568,-0.19807513125343568,-0.19807513125343568,-0.5518262132383863,-1.0279402264672557,6.744611840697695e-20,-0.17596472470184835,-0.35055984059429374,-1.0,-1.8369701987210294e-16,-2.4492935982947064e-16,1.0,18,12,359,0,0
-1.2531602503184276,-1.0104187245350504,-0.35516766566564967,1.0106892775785512,-0.22964832123991127,339.75137,-1.198395459958457,0.6464633155109909,-1.0663523628983385,1.5890982154876347,-0.18049105175230204,-0.19807513125343568,-0.19807142307621395,-0.02969624345712769,-0.2480788643037877,-0.28745731901851257,-0.19807513125343568,-0.19807513125343568,-0.19807513125343568,-0.6412866886260741,-1.0289536124790633,6.744611840697695e-20,-0.17585895328431012,-0.35055984059429374,-0.9659258262890684,0.2588190451025203,-2.4492935982947064e-16,1.0,19,12,359,0,0
-1.520719916729837,-1.0919348281508825,0.2678349340768224,1.0256204746238196,-0.7202469899914514,32.59655,0.06223259522525782,-0.1281886554517884,-0.6088061481630525,1.5677569239795952,-0.18049105175230204,-0.19807513125343568,-0.19807142307621395,-0.02969624345712769,-0.2480788643037877,-0.28745731901851257,-0.19807513125343568,-0.19807513125343568,-0.19807513125343568,-0.9120760597214966,0.8317984399269851,6.744611840697695e-20,-0.17558707426608267,-0.35055984059429374,-0.8660254037844386,0.5000000000000001,-2.4492935982947064e-16,1.0,20,12,359,0,0
-1.5245333565001562,-1.103904687787032,0.5542632126748271,1.0398469432875774,-1.4783723833950952,49.393078,0.06223259522525782,0.00746207728429672,-0.01951898047171567,1.532741432555849,-0.18049105175230204,-0.19807513125343568,-0.19807142307621395,-0.02969624345712769,-0.2480788643037877,-0.28745731901851257,-0.19807513125343568,-0.19807513125343568,-0.19807513125343568,-0.9051554144660169,2.2900982664416403,6.744611840697695e-20,-0.17546207665096838,-0.35055984059429374,-0.7071067811865477,0.7071067811865474,-2.4492935982947064e-16,1.0,21,12,359,0,0
-1.5866872726509642,-1.1608117957323143,0.8553079278400181,1.122514974177251,-1.1593886080488143,68.88027,-0.13681409706664424,-0.2150915304504514,0.04706423329094623,1.4932995867191268,-0.18049105175230204,-0.19807513125343568,-0.19807142307621395,-0.02969624345712769,-0.2480788643037877,-0.28745731901851257,-0.19807513125343568,-0.19807513125343568,-0.19807513125343568,-0.9301867032362381,1.751562219362403,6.744611840697695e-20,-0.17533070040689572,-0.35055984059429374,-0.5000000000000004,0.8660254037844384,-2.4492935982947064e-16,1.0,22,12,359,0,0
-1.5549799059827363,-1.1220723759415692,0.8001413087002636,1.0316615419795887,-1.002340477360499,77.3354,-0.4022095696129055,-0.31972614895071155,0.1300570736094079,1.2682676175691718,-0.18049105175230204,-0.19807513125343568,-0.19807142307621395,-0.02969624345712769,-0.2480788643037877,-0.28745731901851257,-0.19807513125343568,-0.19807513125343568,-0.19807513125343568,-0.9271007674754771,0.8867410788303207,6.744611840697695e-20,-0.17535477518002965,-0.35055984059429374,-0.2588190451025215,0.965925826289068,-2.4492935982947064e-16,1.0,23,12,359,0,0
-1.500729873767735,-1.0510499678274798,0.78589555649521,1.0373408236421788,-1.3423718368883804,67.89055,-0.3358606135941342,-0.12147715861931985,0.08719319181241221,0.7678540823620839,-0.18049105175230204,-0.19807513125343568,-0.19807142307621395,-0.02969624345712769,-0.2480788643037877,-0.28745731901851257,-0.19807513125343568,-0.19807513125343568,-0.19807513125343568,-0.9265494233446064,2.1630430682497495,6.744611840697695e-20,-0.1753609920419256,-0.35055984059429374,0.0,1.0,-2.4492935982947064e-16,1.0,0,12,360,0,0
-1.5885017207219077,-1.123441841429918,0.7074854666913102,1.0028505875598333,-1.478817763753777,55.073647,-0.3358606135941342,-0.014809459318791254,0.022284081020178405,0.4152487042988203,-0.18049105175230204,-0.19807513125343568,-0.19807142307621395,-0.02969624345712769,-0.2480788643037877,-0.28745731901851257,-0.19807513125343568,-0.19807513125343568,-0.19807513125343568,-0.9698478405542659,2.2900982664416403,6.744611840697695e-20,-0.17539521029116537,-0.35055984059429374,0.2588190451025207,0.9659258262890684,-2.4492935982947064e-16,1.0,1,12,360,0,0
-1.6236228295952575,-1.1701593948739044,0.6166267721775149,0.9974238021622528,-1.3058754105959691,59.38864,-0.5349071301216252,-0.10905916038322461,-0.011330743868936495,1.4594697643298236,-0.18049105175230204,-0.19807513125343568,-0.19807142307621395,-0.02969624345712769,-0.2480788643037877,-0.28745731901851257,-0.19807513125343568,-0.19807513125343568,-0.19807513125343568,-0.9694685635333903,1.6399107287889079,6.744611840697695e-20,-0.17543486112516196,-0.35055984059429374,0.4999999999999999,0.8660254037844387,-2.4492935982947064e-16,1.0,2,12,360,0,0
-1.8172806458413997,-1.4177257816294364,0.652504371262672,0.9822928692655576,-0.3492443684674029,81.0396,-0.4022095696129055,-0.6704565929668302,0.10920526745740904,1.4789139802026723,-0.18049105175230204,-0.19807513125343568,-0.19807142307621395,-0.02969624345712769,-0.2480788643037877,-0.28745731901851257,-0.19807513125343568,-0.19807513125343568,-0.19807513125343568,-0.9773855403475549,-0.20943579708340884,6.744611840697695e-20,-0.17541920410154815,-0.35055984059429374,0.7071067811865476,0.7071067811865476,-2.4492935982947064e-16,1.0,3,12,360,0,0
-1.7540504561333756,-1.3356820681666006,0.5361795521523358,0.9656431901777364,-0.3742941139388781,89.59698,-0.2695118333397747,-0.6689549139468148,0.3164967158503027,1.5064204761454536,-0.18049105175230204,-0.19807513125343568,-0.19807142307621395,-0.02969624345712769,-0.2480788643037877,-0.28745731901851257,-0.19807513125343568,-0.19807513125343568,-0.19807513125343568,-0.9760096002321368,-0.056865808810482685,6.744611840697695e-20,-0.17546996838026588,-0.35055984059429374,0.8660254037844386,0.5000000000000001,-2.4492935982947064e-16,1.0,4,12,360,0,0
-2.211008621459382,-2.0031339528086427,-0.2737129538628819,1.871494268263515,0.4337731545753984,69.54541,0.8584184855708092,-1.0113565809880676,-0.3694911009935651,0.006365565459044201,-0.18049105175230204,-0.19807513125343568,-0.19807142307621395,-0.02969624345712769,-0.2480788643037877,-0.28745731901851257,-0.19807513125343568,-0.19807513125343568,-0.19807513125343568,-0.9116156227227274,-0.00471655558329666,6.744611840697695e-20,-0.17582340635868882,-0.35055984059429374,0.9659258262890684,0.2588190451025207,0.4999999999999999,0.8660254037844387,5,1,5,0,0
-2.268964516476319,-2.081175868734129,-0.25256089090497064,1.946689163428611,0.37009664295239547,70.2387,0.5930230130245476,-0.9852499563311655,-0.33043956117797685,-0.9552567773850505,-0.18049105175230204,-0.19807513125343568,-0.19807142307621395,-0.02969624345712769,-0.2480788643037877,-0.28745731901851257,-0.19807513125343568,-0.19807513125343568,-0.19807513125343568,-0.9100423193113939,-0.12704607629056286,6.744611840697695e-20,-0.17581417557520113,-0.35055984059429374,1.0,6.123233995736766e-17,0.4999999999999999,0.8660254037844387,6,1,5,0,0
-2.2164982086524154,-2.038744027620423,-0.5304599801029748,2.0157054373025174,0.2766481728266299,72.78749,0.5266744085345989,-0.956856064673269,-0.22740716092560173,-1.000942927513022,-0.18049105175230204,-0.19807513125343568,-0.19807142307621395,-0.02969624345712769,-0.2480788643037877,-0.28745731901851257,-0.19807513125343568,-0.19807513125343568,-0.19807513125343568,-0.8833215569654033,-0.09107162462471731,6.744611840697695e-20,-0.17593545104270109,-0.35055984059429374,0.9659258262890684,-0.2588190451025206,0.4999999999999999,0.8660254037844387,7,1,5,0,0
-2.02926023064862,-2.0933079369038503,-0.5551302769602456,2.171814079605519,0.3992537929715331,76.63498,0.5266744085345989,-1.0433892204830808,-0.12788866818832328,-1.000942927513022,-0.18049105175230204,-0.19807513125343568,-0.19807142307621395,-0.02969624345712769,-0.2480788643037877,-0.28745731901851257,-0.19807513125343568,-0.19807513125343568,-0.19807513125343568,-0.5825029608957357,-0.19599540213915095,6.744611840697695e-20,-0.17594621718732345,-0.35055984059429374,0.8660254037844387,-0.4999999999999998,0.4999999999999999,0.8660254037844387,8,1,5,0,0
-1.848926539956266,-2.168438542046265,-0.159474641147429,2.2788611901735836,-0.25290644078537855,81.73059,0.39397684802587923,-0.7229240587632524,0.11523869923691597,-1.000942927513022,-0.18049105175230204,-0.19807513125343568,-0.19807142307621395,-0.02969624345712769,-0.2480788643037877,-0.28745731901851257,-0.19807513125343568,-0.19807513125343568,-0.19807513125343568,-0.27025648958911613,0.3885118967830985,6.744611840697695e-20,-0.17577355263365158,-0.35055984059429374,0.7071067811865476,-0.7071067811865475,0.4999999999999999,0.8660254037844387,9,1,5,0,0
-1.3567088769308386,-1.836120091148512,-0.8717088815654035,2.40684287913299,-1.4572059647033504,110.09355,-0.3358606135941342,-0.06971432973631762,0.5141744508985784,-1.000942927513022,-0.18049105175230204,-0.19807513125343568,-0.19807142307621395,-0.02969624345712769,-0.2480788643037877,-0.28745731901851257,-0.19807513125343568,-0.19807513125343568,-0.19807513125343568,0.046016915702348164,2.2900982664416403,6.744611840697695e-20,-0.17608437243779504,-0.35055984059429374,0.4999999999999999,-0.8660254037844387,0.4999999999999999,0.8660254037844387,10,1,5,0,0
-1.1684329323441656,-1.985387242333959,-1.46953471561106,2.3504646086137653,-1.4305120904152253,239.0311,-0.6676048663947559,0.6276688214421988,0.6182511382322453,-1.000942927513022,-0.18049105175230204,-0.19807513125343568,-0.19807142307621395,-0.02969624345712769,-0.2480788643037877,-0.28745731901851257,-0.19807513125343568,-0.19807513125343568,-0.19807513125343568,0.44266001686417933,1.9382671726825929,6.744611840697695e-20,-0.17634526428784272,-0.35055984059429374,0.258819045102521,-0.9659258262890682,0.4999999999999999,0.8660254037844387,11,1,5,0,0
-1.051044919251183,-2.0189533234254706,-1.7482635786676874,2.262837098846877,-0.65759928636107,245.95123,-0.3358606135941342,1.0251833425051164,0.7978948911601794,-1.000942927513022,-0.18049105175230204,-0.19807513125343568,-0.19807142307621395,-0.02969624345712769,-0.2480788643037877,-0.28745731901851257,-0.19807513125343568,-0.19807513125343568,-0.19807513125343568,0.6306160325560374,0.27322236528307803,6.744611840697695e-20,-0.17646690186956518,-0.35055984059429374,1.2246467991473532e-16,-1.0,0.4999999999999999,0.8660254037844387,12,1,5,0,0
-0.8849119426460855,-1.7652144199954682,-1.7554424567906441,2.1399618642025504,0.2941778997159883,246.9371,-0.3358606135941342,1.4965589712095382,1.0642277679364827,-1.000942927513022,-0.18049105175230204,-0.19807513125343568,-0.19807142307621395,-0.02969624345712769,-0.2480788643037877,-0.28745731901851257,-0.19807513125343568,-0.19807513125343568,-0.19807513125343568,0.5961551511990169,-0.7068857646543797,6.744611840697695e-20,-0.17647003473985634,-0.35055984059429374,-0.2588190451025208,-0.9659258262890684,0.4999999999999999,0.8660254037844387,13,1,5,0,0
-0.9033028174423567,-1.6930711775059633,-1.5437345789649395,2.0079929954163154,0.40962854381592645,252.00195,-0.5349071301216252,1.5956603234393387,0.9355366516319435,-1.000942927513022,-0.18049105175230204,-0.19807513125343568,-0.19807142307621395,-0.02969624345712769,-0.2480788643037877,-0.28745731901851257,-0.19807513125343568,-0.19807513125343568,-0.19807513125343568,0.4999968226520281,-0.9118748217695855,6.744611840697695e-20,-0.17637764518963928,-0.35055984059429374,-0.4999999999999997,-0.8660254037844388,0.4999999999999999,0.8660254037844387,14,1,5,0,0
-1.1377097563714587,-1.5891572830111886,0.11403251002048834,2.036596676782679,-1.1923693118006629,246.34697,-1.2647444159772279,0.766865911963171,0.6268205949114891,-1.000942927513022,-0.18049105175230204,-0.19807513125343568,-0.19807142307621395,-0.02969624345712769,-0.2480788643037877,-0.28745731901851257,-0.19807513125343568,-0.19807513125343568,-0.19807513125343568,0.08788377765650926,0.050991958979556766,6.744611840697695e-20,-0.17565419381272776,-0.35055984059429374,-0.7071067811865471,-0.7071067811865479,0.4999999999999999,0.8660254037844387,15,1,5,0,0
-1.2319707367556918,-1.3046976289573482,-0.6955508503195522,2.029956401872608,-0.6625944629737447,243.947,-1.4637909325047185,1.0108477964568778,0.832902048131154,-1.000942927513022,-0.18049105175230204,-0.19807513125343568,-0.19807142307621395,-0.02969624345712769,-0.2480788643037877,-0.28745731901851257,-0.19807513125343568,-0.19807513125343568,-0.19807513125343568,-0.3198836776648165,-0.9575968927517724,6.744611840697695e-20,-0.17600749687963876,-0.35055984059429374,-0.8660254037844385,-0.5000000000000004,0.4999999999999999,0.8660254037844387,16,1,5,0,0
-1.2226291760749755,-1.3855392542004412,-0.4546902448765573,2.0556036157775956,0.2573723613804211,251.31927,-1.3974421522503586,1.513782402873467,0.9206188389343831,-1.000942927513022,-0.18049105175230204,-0.19807513125343568,-0.19807142307621395,-0.02969624345712769,-0.2480788643037877,-0.28745731901851257,-0.19807513125343568,-0.19807513125343568,-0.19807513125343568,-0.22695787345794205,-1.4317396848567516,6.744611840697695e-20,-0.17590238504709654,-0.35055984059429374,-0.9659258262890684,-0.2588190451025206,0.4999999999999999,0.8660254037844387,17,1,5,0,0
-1.2168782171586423,-1.259045117465909,-0.2551729267946505,2.103244384946607,-0.5695192897582915,259.88705,-1.5964886687778492,1.1288014433166613,0.5412254447184632,-1.000942927513022,-0.18049105175230204,-0.19807513125343568,-0.19807142307621395,-0.02969624345712769,-0.2480788643037877,-0.28745731901851257,-0.19807513125343568,-0.19807513125343568,-0.19807513125343568,-0.34555726742838855,-1.173244884253732,6.744611840697695e-20,-0.1758153154705299,-0.35055984059429374,-1.0,-1.8369701987210294e-16,0.4999999999999999,0.8660254037844387,18,1,5,0,0
-1.4125196569658198,-1.3661340113291696,0.05171741904115483,2.208991328179842,-1.8977651717291604,255.20284,-1.662837449032209,0.4306327571504766,0.38004664465206994,-1.000942927513022,-0.18049105175230204,-0.19807513125343568,-0.19807142307621395,-0.02969624345712769,-0.2480788643037877,-0.28745731901851257,-0.19807513125343568,-0.19807513125343568,-0.19807513125343568,-0.4961991875975732,2.2900982664416403,6.744611840697695e-20,-0.17568138818681742,-0.35055984059429374,-0.9659258262890684,0.2588190451025203,0.4999999999999999,0.8660254037844387,19,1,5,0,0
-1.562860611742685,-1.3811672688683407,0.5297530253216703,2.3474308848324954,-1.3788800754734167,48.792732,-0.7339538224135272,-0.029815022507519242,-0.07375354892396764,-1.000942927513022,-0.18049105175230204,-0.19807513125343568,-0.19807142307621395,-0.02969624345712769,-0.2480788643037877,-0.28745731901851257,-0.19807513125343568,-0.19807513125343568,-0.19807513125343568,-0.6790458047301472,1.5699837394465161,6.744611840697695e-20,-0.17547277292362745,-0.35055984059429374,-0.8660254037844386,0.5000000000000001,0.4999999999999999,0.8660254037844387,20,1,5,0,0
-1.552235055700463,-1.3266236522713364,0.7522228213975469,2.3821698485788896,-1.126557066512634,64.51587,-0.004116536557924229,-0.214594809006913,-0.017894585800994185,-1.000942927513022,-0.18049105175230204,-0.19807513125343568,-0.19807142307621395,-0.02969624345712769,-0.2480788643037877,-0.28745731901851257,-0.19807513125343568,-0.19807513125343568,-0.19807513125343568,-0.7194658276257837,1.8391873922290927,6.744611840697695e-20,-0.17537568686047558,-0.35055984059429374,-0.7071067811865477,0.7071067811865474,0.4999999999999999,0.8660254037844387,21,1,5,0,0
-1.6707071523881791,-1.4081854601358692,0.24584365769768726,2.391768475250839,-0.9244304377576841,80.835556,0.39397684802587923,-0.36785022242612414,0.17423040411265986,-1.000942927513022,-0.18049105175230204,-0.19807513125343568,-0.19807142307621395,-0.02969624345712769,-0.2480788643037877,-0.28745731901851257,-0.19807513125343568,-0.19807513125343568,-0.19807513125343568,-0.7940179643454414,1.7409824311585875,6.744611840697695e-20,-0.17559667128322834,-0.35055984059429374,-0.5000000000000004,0.8660254037844384,0.4999999999999999,0.8660254037844387,22,1,5,0,0
-1.7139626168851028,-1.494479402812266,-0.25381689732103113,2.374383918973755,-0.7987808040349442,80.34731,0.659371969043318,-0.43281656939194374,0.15012983034487348,0.06754389128140563,-0.18049105175230204,-0.19807513125343568,-0.19807142307621395,-0.02969624345712769,-0.2480788643037877,-0.28745731901851257,-0.19807513125343568,-0.19807513125343568,-0.19807513125343568,-0.7648689339190317,1.7145746654147502,6.744611840697695e-20,-0.17581472369777948,-0.35055984059429374,-0.2588190451025215,0.965925826289068,0.4999999999999999,0.8660254037844387,23,1,5,0,0
-1.7660675845054865,-1.545320526531868,-0.5641328967306879,2.344504566178872,-1.2741896756761115,72.63269,1.0574653536271221,-0.16845762130565406,0.12110637512804386,0.06754389128140563,-0.18049105175230204,-0.19807513125343568,-0.19807142307621395,-0.02969624345712769,-0.2480788643037877,-0.28745731901851257,-0.19807513125343568,-0.19807513125343568,-0.19807513125343568,-0.782726632151363,2.2900982664416403,6.744611840697695e-20,-0.17595014594047098,-0.35055984059429374,0.0,1.0,0.4999999999999999,0.8660254037844387,0,1,6,0,0
-1.9880037452542376,-1.6997458259862528,-0.6372588283086728,2.2753262424632346,-0.8648749930930909,70.60909,1.1901625626070196,-0.3685086567429563,-0.005645400541308322,1.3813763978107534,-0.18049105175230204,-0.19807513125343568,-0.19807142307621395,-0.02969624345712769,-0.2480788643037877,-0.28745731901851257,-0.19807513125343568,-0.19807513125343568,-0.19807513125343568,-0.92075694488151,2.2900982664416403,6.744611840697695e-20,-0.17598205817726195,-0.35055984059429374,0.2588190451025207,0.9659258262890684,0.4999999999999999,0.8660254037844387,1,1,6,0,0
-2.122710050458844,-1.8846838968032957,-0.524871032923083,2.1563496255229166,-0.05118123073619554,74.7529,0.9911160460795289,-0.8011054687831817,-0.09999235083990561,1.2026629373338338,-0.18049105175230204,-0.19807513125343568,-0.19807142307621395,-0.02969624345712769,-0.2480788643037877,-0.28745731901851257,-0.19807513125343568,-0.19807513125343568,-0.19807513125343568,-0.9135632632706611,0.6177243392968109,6.744611840697695e-20,-0.1759330120200183,-0.35055984059429374,0.4999999999999999,0.8660254037844387,0.4999999999999999,0.8660254037844387,2,1,6,0,0
-2.2298223719967076,-2.065792649607723,-0.5365016632276064,2.1322324636119805,0.6603561247617022,71.51688,0.5930230130245476,-1.141578027900053,-0.3597448090090302,0.5025899422210313,-0.18049105175230204,-0.19807513125343568,-0.19807142307621395,-0.02969624345712769,-0.2480788643037877,-0.28745731901851257,-0.19807513125343568,-0.19807513125343568,-0.19807513125343568,-0.8738767303059558,-0.35015021528985435,6.744611840697695e-20,-0.17593808763984697,-0.35055984059429374,0.7071067811865476,0.7071067811865476,0.4999999999999999,0.8660254037844387,3,1,6,0,0
-2.242385396797605,-2.092100812906887,-0.360796730986595,1.9490012001240455,0.5243573572147198,71.38877,0.5930230130245476,-1.071944893148528,-0.3312020230565616,0.33944765369336305,-0.18049105175230204,-0.19807513125343568,-0.19807142307621395,-0.02969624345712769,-0.2480788643037877,-0.28745731901851257,-0.19807513125343568,-0.19807513125343568,-0.19807513125343568,-0.8641688299436545,-0.2512927944396576,6.744611840697695e-20,-0.17586140981459364,-0.35055984059429374,0.8660254037844386,0.5000000000000001,0.4999999999999999,0.8660254037844387,4,1,6,0,0
-1.1417077397702096,-0.749000892393394,1.266197565450175,1.0214674763542775,0.2702719541942569,99.86365,1.0574653536271221,-0.9926313945993936,0.6457828121793189,1.5890982154876347,-0.18049105175230204,2.0585274048230007,2.0740095080375593,-0.02969624345712769,1.2323525187941167,2.246694171446748,0.12429666990829967,4.476316069656725,-0.19807513125343568,-0.7553633698905069,0.28742990011373,-3.8211304773628774,-0.17515138771812128,0.9936456019095864,0.9659258262890684,0.2588190451025207,0.4999999999999999,0.8660254037844387,5,1,30,0,0
-1.121164065922812,-0.7228701945370043,1.2940827594932287,1.1144200192925413,0.631180615878123,97.28751,1.1238139581170707,-1.1917813923427947,0.5977805738823666,1.5890982154876347,-0.18049105175230204,0.7690402962503411,0.7756776026772724,-0.02969624345712769,1.2323525187941167,1.9347986255549912,2.0585274048230007,0.7690402962503411,2.0585274048230007,-0.7543921355962276,-0.002579860407850962,1.1321867018833494,-0.17513921858883894,0.9137918109564852,1.0,6.123233995736766e-17,0.4999999999999999,0.8660254037844387,6,1,30,0,0
-1.1023733675929963,-0.7056257322062267,0.9885829338405457,1.2989043426031863,0.799226844901174,87.30921,0.12858137547961765,-1.291483537308169,0.21961373847940294,1.5890982154876347,-0.18049105175230204,-0.19807513125343568,-0.19807142307621395,-0.02969624345712769,1.0977678457802458,1.9347986255549912,0.7690402962503411,0.12429666990829967,-0.19807513125343568,-0.7468644481858324,-0.7129912197978674,0.5660934142075404,-0.1752725390480175,0.7988507501675463,0.9659258262890684,-0.2588190451025206,0.4999999999999999,0.8660254037844387,7,1,30,0,0
-1.0793694059593169,-0.7104946473696577,0.8153215776027993,1.398252201388455,-0.2315422729297451,73.9646,0.06223259522525782,-0.704707153930355,-0.08343356679650289,1.4913235407294856,-0.18049105175230204,0.7690402962503411,0.7756776026772724,-0.02969624345712769,0.5594291938341184,1.0380988497830836,-0.19807513125343568,2.0585274048230007,4.476316069656725,-0.7117360691102979,0.07072531681636021,-1.981326812650349,-0.17534815049402133,0.3004147804897677,0.8660254037844387,-0.4999999999999998,0.4999999999999999,0.8660254037844387,8,1,30,0,0
-1.0503990795358449,-0.6828628557886604,0.610365437692364,1.625536525921491,-0.7739533573716686,75.69954,0.5930230130245476,-0.433301730723244,0.06216440027766195,1.58743833582032,-0.18049105175230204,2.3808992780404474,2.3985925811109023,-0.02969624345712769,1.232352548876135,1.4279683053858103,0.7690402962503411,0.7690402962503411,0.7690402962503411,-0.701173005157396,1.5699661216478376,6.744611840697695e-20,-0.17543759357840263,0.6876476322441846,0.7071067811865476,-0.7071067811865475,0.4999999999999999,0.8660254037844387,9,1,30,0,0
-0.7962173775497536,-0.7070458047626828,0.31669737763962214,1.7835275844092566,-1.496496396688602,54.660378,0.659371969043318,-0.005602817867811396,0.026958334068066934,1.582616792929744,-0.18049105175230204,1.091412073393506,1.1002605790173443,-0.02969624345712769,1.7706912409316198,1.6618899822331508,2.3808992780404474,-0.19807513125343568,0.12429666990829967,-0.34256235483727926,2.2900982664416403,2.264373572475674,-0.1755657506420889,0.978720370162461,0.4999999999999999,-0.8660254037844387,0.4999999999999999,0.8660254037844387,10,1,30,0,0
-0.7265596529333779,-0.6891520097058155,-0.04612056130560424,1.874878471935059,-1.460259228871797,52.433315,0.659371969043318,-0.012556887795457154,-0.006076361505962792,1.579376081650799,-0.18049105175230204,-0.03688923067256801,-0.0357799228145192,-0.02969624345712769,1.4342295483696024,1.1550596998257692,1.091412073393506,0.7690402962503411,2.0585274048230007,-0.2687439069700672,2.2900982664416403,0.28304667547083734,-0.1757240847888108,0.7487817423715681,0.258819045102521,-0.9659258262890682,0.4999999999999999,0.8660254037844387,11,1,30,0,0
-0.6970358215929573,-0.5666951203858981,0.1040124143197066,1.789150337057303,-0.7879577553379075,9.573875,0.5930230130245476,0.16582330535818227,-0.7171924451432637,1.577716201983484,-0.18049105175230204,1.091412073393506,1.1002605790173443,-0.02969624345712769,0.8958908563141177,1.2330335862987085,-0.03688923067256801,2.3808992780404474,0.7690402962503411,-0.3520325937201971,1.6064775402713445,-2.1228502241959446,-0.1756585665934879,0.3542751628116432,1.2246467991473532e-16,-1.0,0.4999999999999999,0.8660254037844387,12,1,30,0,0
-0.5992072916518513,-0.4647694936674297,0.44423058815814465,1.614522789585101,-0.26263749284008764,17.86149,0.659371969043318,-0.02341542159129191,-1.0625731851300002,1.3371130090834553,-0.18049105175230204,1.091412073393506,1.1002605790173443,-0.02969624345712769,0.8958908563141177,1.5449291554284958,1.091412073393506,1.091412073393506,-0.19807513125343568,-0.3249575521569794,0.6365425646743602,6.744611840697695e-20,-0.17551009500906023,0.316175973376974,-0.2588190451025208,-0.9659258262890684,0.4999999999999999,0.8660254037844387,13,1,30,0,0
-0.5744503545005897,-0.39230166791351395,0.8591654414028574,1.4760625056271193,-0.24352335325438748,2.7309396,1.2565115186257905,0.23953422238626595,-1.1458147081637553,0.9725723329270731,-0.18049105175230204,1.8973414682142773,1.9117179715008883,-0.02969624345712769,1.7033988492743175,1.8178377464647677,1.091412073393506,-0.03688923067256801,0.7690402962503411,-0.36465930261753915,1.131715120786098,0.9906634379581074,-0.17532901698374356,0.6949754385225854,-0.4999999999999997,-0.8660254037844388,0.4999999999999999,0.8660254037844387,14,1,30,0,0
-0.7572213563527231,-0.38227947406109736,0.7687961519039053,1.39853484646126,0.026570837242354633,10.511263,-0.4022095696129055,0.07490045621462427,-1.3254583959147228,0.3905876534561512,-0.18049105175230204,0.44666847107003516,0.4510945779705652,-0.02969624345712769,1.434229503246575,1.3499943927700868,1.8973414682142773,1.091412073393506,2.3808992780404474,-0.6151729352814128,-0.5632224175342926,0.7076166464998495,-0.1753684542408546,0.5342760472193893,-0.7071067811865471,-0.7071067811865479,0.4999999999999999,0.8660254037844387,15,1,30,0,0
-0.7560834842737985,-0.3710806035512161,1.0024928554530699,1.4512010450244965,0.1987224783781672,356.8786,-0.2695118333397747,0.35719907462810213,-1.4823607538064894,0.5459047542801172,-0.18049105175230204,-0.19807513125343568,-0.19807142307621395,-0.02969624345712769,0.8958908111910906,1.0380988236402995,0.44666847107003516,1.091412073393506,1.091412073393506,-0.6248454939213145,-0.5941325564114378,-0.5660933931189185,-0.17526646874296067,0.2511285555244034,-0.8660254037844385,-0.5000000000000004,0.4999999999999999,0.8660254037844387,16,1,30,0,0
-0.751316590084639,-0.33245270212730144,1.0005675477426004,1.4312463028855051,0.40640421487958217,352.57394,0.659371969043318,0.4658883135428434,-1.627047101514466,0.35399125271954046,-0.18049105175230204,-0.19807513125343568,-0.19807142307621395,-0.02969624345712769,0.021090481723954727,0.9991118774990762,-0.19807513125343568,1.8973414682142773,-0.03688923067256801,-0.6571006174886157,-0.11328913582383568,-1.8398034327376864,-0.1752673089493584,-0.20453409020337657,-0.9659258262890684,-0.2588190451025206,0.4999999999999999,0.8660254037844387,17,1,30,0,0
-0.9151738225318866,-0.5213317422816045,1.1280263309406164,1.4159363614427116,0.31969572507233446,17.132292,0.5930230130245476,-0.10232456603769859,-1.492919313734765,0.3916152263792253,-0.18049105175230204,-0.19807513125343568,-0.19807142307621395,-0.02969624345712769,-0.2480788643037877,0.6872163083692887,-0.19807513125343568,0.44666847107003516,1.091412073393506,-0.6843372827823204,-0.08329993605070675,-0.5660933931189185,-0.1752116857964941,-0.35055984059429374,-1.0,-1.8369701987210294e-16,0.4999999999999999,0.8660254037844387,18,1,30,0,0
-1.0736491833196646,-0.6599781567736472,1.0124810018650487,1.547130782729486,0.44603089871767204,26.41937,0.5266744085345989,-0.3316936359103291,-1.4649400369709498,0.28269563048315566,-0.18049105175230204,-0.19807513125343568,-0.19807142307621395,-0.02969624345712769,-0.2480788643037877,0.37532073923950143,-0.19807513125343568,-0.19807513125343568,1.091412073393506,-0.7545945382371756,-0.2335719721790892,6.744611840697695e-20,-0.17526210990490526,-0.35055984059429374,-0.9659258262890684,0.2588190451025203,0.4999999999999999,0.8660254037844387,19,1,30,0,0
-1.188546046381338,-0.7483517258645723,0.8208375497025848,1.6317358745180088,0.35437505073536507,28.471556,1.1238139581170707,-0.3527522313328016,-1.3704273525096289,0.4882833319594388,-0.18049105175230204,-0.19807513125343568,-0.19807142307621395,-0.02969624345712769,-0.2480788643037877,-0.13150953445361888,-0.19807513125343568,-0.19807513125343568,1.8973414682142773,-0.817647685278467,0.2474570896203048,6.744611840697695e-20,-0.1753457433177436,-0.35055984059429374,-0.8660254037844386,0.5000000000000001,0.4999999999999999,0.8660254037844387,20,1,30,0,0
-1.2481473399474747,-0.7966365195458316,0.9071997448774843,1.7156060891172902,-0.041371477502911196,36.719852,1.1238139581170707,-0.38987917079308904,-0.9787515870952986,0.9147136628376956,-0.18049105175230204,-0.19807513125343568,-0.19807142307621395,-0.02969624345712769,-0.2480788643037877,-0.28745731901851257,-0.19807513125343568,-0.19807513125343568,0.44666847107003516,-0.8479198928826066,0.7106060831602588,6.744611840697695e-20,-0.1753080547609931,-0.35055984059429374,-0.7071067811865477,0.7071067811865474,0.4999999999999999,0.8660254037844387,21,1,30,0,0
-1.339701890395286,-0.8884182960117049,1.0658312313243434,1.7379350498677228,0.20401367389036504,40.453808,0.9911160460795289,-0.5323569333497676,-1.0551143330953585,0.23811604953311982,-0.18049105175230204,-0.19807513125343568,-0.19807142307621395,-0.02969624345712769,-0.2480788643037877,-0.28745731901851257,-0.19807513125343568,-0.19807513125343568,-0.19807513125343568,-0.876856342517246,0.31065285279882804,6.744611840697695e-20,-0.17523882780622121,-0.35055984059429374,-0.5000000000000004,0.8660254037844384,0.4999999999999999,0.8660254037844387,22,1,30,0,0
-1.308640363442396,-0.8975072922042816,1.06374726635016,1.7212495690706648,0.39701756942912575,40.344734,0.8584184855708092,-0.5969882566043966,-1.1696334132775237,0.43904027832978454,-0.18049105175230204,-0.19807513125343568,-0.19807142307621395,-0.02969624345712769,-0.2480788643037877,-0.28745731901851257,-0.19807513125343568,-0.19807513125343568,-0.19807513125343568,-0.8269154386364724,0.02793387135729493,6.744611840697695e-20,-0.17523973725082295,-0.35055984059429374,-0.2588190451025215,0.965925826289068,0.4999999999999999,0.8660254037844387,23,1,30,0,0
-1.4186781234848675,-1.0003255644491966,1.118329358728863,1.7095197985498813,-0.08234405111638106,48.469006,0.7920698810808605,-0.5445322979269018,-0.7324749229678238,-0.004779329778464651,-0.18049105175230204,-0.19807513125343568,-0.19807142307621395,-0.02969624345712769,-0.2480788643037877,-0.28745731901851257,-0.19807513125343568,-0.19807513125343568,-0.19807513125343568,-0.8691668656084353,0.49817581819755824,6.744611840697695e-20,-0.17521591756580904,-0.35055984059429374,0.0,1.0,0.4999999999999999,0.8660254037844387,0,1,31,0,0
-1.5332060252580242,-1.1174670496451915,1.1889899306975809,1.617320975805707,-0.5447190255997317,54.599995,0.659371969043318,-0.4180767070933422,-0.39432102674100583,-0.009679920724724797,-0.18049105175230204,-0.19807513125343568,-0.19807142307621395,-0.02969624345712769,-0.2480788643037877,-0.28745731901851257,-0.19807513125343568,-0.19807513125343568,-0.19807513125343568,-0.9030408787674636,1.122398026149667,6.744611840697695e-20,-0.17518508121465706,-0.35055984059429374,0.2588190451025207,0.9659258262890684,0.4999999999999999,0.8660254037844387,1,1,31,0,0
-1.4971008516575006,-1.1049597080443185,1.2461134437765076,1.5843457173135265,-0.7228506754562475,55.85269,-0.004116536557924229,-0.3504650400365368,-0.2956644993843472,0.08137621320889205,-0.18049105175230204,-0.19807513125343568,-0.19807142307621395,-0.02969624345712769,-0.2480788643037877,-0.28745731901851257,-0.19807513125343568,-0.19807513125343568,-0.19807513125343568,-0.8680033405168589,0.7614686486570196,6.744611840697695e-20,-0.17516015245086053,-0.35055984059429374,0.4999999999999999,0.8660254037844387,0.4999999999999999,0.8660254037844387,2,1,31,0,0
-1.5309302811001744,-1.0401808326973174,1.2449186129873024,1.511623024385094,-0.5018382686185663,59.780136,-0.2695118333397747,-0.48023596810157143,-0.3163173419835869,0.13733778176266717,-0.18049105175230204,-0.19807513125343568,-0.19807142307621395,-0.02969624345712769,-0.2480788643037877,-0.28745731901851257,-0.19807513125343568,-0.19807513125343568,-0.19807513125343568,-0.9771326779491093,0.10888805441252648,6.744611840697695e-20,-0.17516067387632817,-0.35055984059429374,0.7071067811865476,0.7071067811865476,0.4999999999999999,0.8660254037844387,3,1,31,0,0
-1.4697605556448874,-0.9783640912579433,1.3229569292487695,1.425857203497642,-0.4622774774489759,63.75706,-0.6012560861403962,-0.5283138465508692,-0.2516237388307497,-0.5289053909608321,-0.18049105175230204,-0.19807513125343568,-0.19807142307621395,-0.02969624345712769,-0.2480788643037877,-0.28745731901851257,-0.19807513125343568,-0.19807513125343568,-0.19807513125343568,-0.9582934843877119,-0.26999131834908796,6.744611840697695e-20,-0.17512661786947034,-0.35055984059429374,0.8660254037844386,0.5000000000000001,0.4999999999999999,0.8660254037844387,4,1,31,0,0
0.5539443698654526,1.6081518582803134,0.888683679775855,-1.4563556286648238,-0.3764933351188449,13.213848,-0.4022095696129055,0.06987550178183317,-1.0096646963732638,1.58743833582032,-0.1816460878647987,0.6078543596416176,0.6133860661406011,-0.02969624345712769,1.2323525087667775,1.349994389865333,1.2525979139279475,-0.19807513125343568,0.6078543596416176,-0.8750350502845711,-0.1784545378583666,1.2737100817960119,-0.17700969389840043,0.9013962181213997,0.9659258262890684,0.2588190451025207,1.2246467991473532e-16,-1.0,5,6,176,2,1
0.5424422000960923,1.5321945546873954,1.1521124640969358,-1.3261636552362088,-1.0239046002900891,82.18562,-0.4022095696129055,-0.31773927074703084,0.20678440869667317,1.5858575560095123,-0.1816460878647987,4.153944196439277,4.183799096081204,-0.02969624345712769,2.5109069074122234,2.2077072107817557,0.6078543596416176,1.091412073393506,0.6078543596416176,-0.8144102376308705,0.9418260157081163,-0.42457005538349984,-0.17700969389840043,2.0778632674766686,1.0,6.123233995736766e-17,1.2246467991473532e-16,-1.0,6,6,176,2,1
0.5511149948223073,1.4609845098577299,1.0187318076072989,-1.3228774351899082,0.34983813414983667,115.30394,0.7257209250620889,-0.925354720971887,1.1496074648042505,1.2824951020738458,-0.1816460878647987,-0.03688923067256801,-0.0357799228145192,-0.02969624345712769,1.9725682404250873,1.6618899735188892,4.153944196439277,1.2525979139279475,2.2197133414317243,-0.7319711943993147,-0.01924887089790075,2.547420332300999,-0.17700969389840043,1.754377282473525,0.9659258262890684,-0.2588190451025206,1.2246467991473532e-16,-1.0,7,6,176,2,1
0.5826070815854226,1.4235740034219413,0.7270482340613317,-1.245638073998274,0.34507080669972795,159.3025,1.0574653536271221,-0.18517282440711696,2.1249679488207205,1.3504710685772467,-0.1816460878647987,-0.03688923067256801,-0.0357799228145192,-0.02969624345712769,1.7033988994110145,1.7008769196601126,-0.03688923067256801,0.6078543596416176,-0.19807513125343568,-0.6532153487756426,0.2114781081645642,-0.5660933825746075,-0.17700969389840043,1.6067795158455715,0.8660254037844387,-0.4999999999999998,1.2246467991473532e-16,-1.0,8,6,176,2,1
0.6399631153336964,1.3931422864668879,0.4472926370418141,-1.1089414952945271,1.9315882258806534,169.13455,-0.13681409706664424,-0.12323300869911556,3.403856370443843,1.5599317621763045,-0.1816460878647987,-0.03688923067256801,-0.0357799228145192,-0.02969624345712769,-0.04620185478298092,1.427968296671549,-0.03688923067256801,4.153944196439277,1.091412073393506,-0.5473846273566804,-1.2802159221932465,-3.6796070658172813,-0.17700969389840043,-0.14325542630536836,0.7071067811865476,-0.7071067811865475,1.2246467991473532e-16,-1.0,9,6,176,2,1
0.8118473027918207,1.4848835107993685,0.39282781307542136,-1.0303529749554414,0.995191641019059,170.44202,2.8488836508457154,0.008524820281018735,2.7117190264353535,1.5573234094424229,-0.1816460878647987,1.2525979139279475,1.2625520188207449,-0.02969624345712769,0.49213681220415556,1.427968296671549,-0.03688923067256801,-0.03688923067256801,1.2525979139279475,-0.4126980195164302,0.6785510399576439,6.744611840697695e-20,-0.17700969389840043,0.3668531669724483,0.4999999999999999,-0.8660254037844387,1.2246467991473532e-16,-1.0,10,6,176,2,1
0.8848572970599566,1.5290296601128044,0.7698508414944981,-1.0505470232560574,0.632025408275993,152.45059,2.7161860903369957,-0.4019506154876473,2.2252322833101523,1.4913235407294856,-0.1816460878647987,3.6703865787616716,3.696924679937732,-0.02969624345712769,2.039860591973032,2.168720299497578,1.2525979139279475,-0.03688923067256801,0.6078543596416176,-0.3606526917807545,0.9778410488739906,1.132186733516282,-0.17700969389840043,1.4115276849435665,0.258819045102521,-0.9659258262890682,1.2246467991473532e-16,-1.0,11,6,176,2,1
0.9503939672025112,1.6232055082242685,0.6738272539976483,-1.134492609874752,1.3838959081010354,154.66501,0.26127893598833735,-0.5214406141336879,2.780788578523701,1.3744998385760867,-0.1816460878647987,0.2854825824984526,0.2888030898005291,-0.02969624345712769,2.174445270000573,1.233033592108216,3.6703865787616716,-0.03688923067256801,4.153944196439277,-0.3683423344574941,-0.9167914240687971,3.25503709478827,-0.17700969389840043,1.4665084227272203,1.2246467991473532e-16,-1.0,1.2246467991473532e-16,-1.0,12,6,176,2,1
0.9663861527342096,1.6218662906386956,0.5428308131849211,-1.1522615634508242,1.889160890156161,174.3539,0.06223259522525782,0.0758130388798177,3.4126081162352753,1.5755030895280244,-0.1816460878647987,0.12429666990829967,0.12651157744717553,-0.02969624345712769,1.7033989395203721,1.2720205382494394,0.2854825824984526,1.2525979139279475,-0.03688923067256801,-0.3459616748672556,-1.1827858393362505,-0.849140026412512,-0.17700969389840043,1.0881682571538203,-0.2588190451025208,-0.9659258262890684,1.2246467991473532e-16,-1.0,13,6,176,2,1
0.8319911531056737,1.6279933191209135,0.5318500604594548,-1.2119053267110216,2.0389668046142195,174.23509,-0.20316287732100374,0.0633488380471347,3.5257350164151693,1.5890982154876347,-0.1816460878647987,0.12429666990829967,0.12651157744717553,-0.02969624345712769,0.22296749625843124,1.311007484390663,0.12429666990829967,3.6703865787616716,-0.03688923067256801,-0.528929849621949,-1.335871156476571,-3.11351374650854,-0.17700969389840043,-0.009117274012574462,-0.4999999999999997,-0.8660254037844388,1.2246467991473532e-16,-1.0,14,6,176,2,1
0.9044475164885142,1.520305965515299,0.8400931682279792,-1.3930751654680726,3.389806642188106,166.98338,0.39397684802587923,-0.3781658246113597,4.463950060998374,1.4443726735113869,-0.1816460878647987,-0.19807513125343568,-0.19807142307621395,-0.02969624345712769,0.021090481723954727,1.2720205382494394,0.12429666990829967,0.2854825824984526,-0.03688923067256801,-0.3261718022347388,-1.4012631656016488,-0.14152335882404055,-0.17700969389840043,-0.15544980462428706,-0.7071067811865471,-0.7071067811865479,1.2246467991473532e-16,-1.0,15,6,176,2,1
1.0026757439948177,1.60291764152181,1.2294311952401396,-1.4443959734848397,3.3849169223083866,178.88576,-0.8003026026678864,0.23096291773906086,4.568540625260781,0.6819356835417802,-0.1816460878647987,-0.19807513125343568,-0.19807142307621395,-0.02969624345712769,-0.1134941912899165,0.9211380375021977,-0.19807513125343568,0.12429666990829967,1.2525979139279475,-0.2793067222710755,-1.7809355513980962,-0.28304669655945924,-0.17700969389840043,-0.2530048226092904,-0.8660254037844385,-0.5000000000000004,1.2246467991473532e-16,-1.0,16,6,176,2,1
0.8266091554778576,1.3979708156941946,1.1919764630804437,-1.5240340491942048,2.29073827913115,177.774,-0.6012560861403962,0.1962156277615247,3.7316009185441263,0.5206904447488916,-0.1816460878647987,-0.19807513125343568,-0.19807142307621395,-0.02969624345712769,-0.2480788643037877,-0.01454869312519483,-0.19807513125343568,0.12429666990829967,3.6703865787616716,-0.3065840007073125,-1.5518239908924991,-0.28304669655945924,-0.17700969389840043,-0.35055984059429374,-0.9659258262890684,-0.2588190451025206,1.2246467991473532e-16,-1.0,17,6,176,2,1
0.8033899139390654,1.3573952484865466,1.5160137743806579,-1.395147896001861,0.0017078113844247913,159.53865,-0.6012560861403962,-0.11615186081205267,1.882205148757031,1.3556878517462443,-0.1816460878647987,-0.19807513125343568,-0.19807142307621395,-0.02969624345712769,-0.2480788643037877,-0.13150953445361888,-0.19807513125343568,-0.19807513125343568,0.2854825824984526,-0.2966685920518596,-0.6993444307670174,6.744611840697695e-20,-0.17700969389840043,-0.35055984059429374,-1.0,-1.8369701987210294e-16,1.2246467991473532e-16,-1.0,18,6,176,2,1
0.6404245373889496,1.4048686671054127,1.5974347215941234,-1.3454777352101985,-1.4258105987069045,163.47543,-0.6012560861403962,0.17523787741998964,0.873793457668377,1.420106837046728,-0.1816460878647987,3.025642832326777,3.047758533791046,-0.02969624345712769,1.0977678457802458,0.5702554844693873,-0.19807513125343568,-0.19807513125343568,0.12429666990829967,-0.5584735071794324,2.050614497644462,6.744611840697695e-20,-0.17700969389840043,0.48462339578221436,-0.9659258262890684,0.2588190451025203,1.2246467991473532e-16,-1.0,19,6,176,2,1
0.44476760347508476,1.3814566241590247,1.420715580963672,-1.2227042527920764,-1.4863422653144205,199.05675,-0.07046531681228407,0.40793381435444137,0.8224098600803273,1.548312578604689,-0.1816460878647987,6.894104542341884,6.942754636804992,-0.02969624345712769,4.058630672140091,2.2077072340197863,3.025642832326777,-0.19807513125343568,0.12429666990829967,-0.7925965043568014,2.2900982664416403,2.8304669234173487,-0.17700969389840043,1.6794374707858595,-0.8660254037844386,0.5000000000000001,1.2246467991473532e-16,-1.0,20,6,176,2,1
0.42234800900338193,1.3235554903538134,1.4347173567815041,-1.1008578462127219,-1.6144282199703033,199.23277,-0.13681409706664424,0.3865517553330165,0.7295712460009512,1.507527097124212,-0.1816460878647987,0.2854825824984526,0.2888030898005291,-0.02969624345712769,4.2605076866745675,2.3246680753482103,6.894104542341884,-0.19807513125343568,-0.19807513125343568,-0.7643479916262851,2.2900982664416403,6.2270273664853475,-0.17700969389840043,1.7403169278471338,-0.7071067811865477,0.7071067811865474,1.2246467991473532e-16,-1.0,21,6,176,2,1
0.41865751433978554,1.3550418951716168,1.528674406188972,-0.8826483128167463,-1.5813685304063223,54.501602,0.06223259522525782,0.03173202949188456,0.06340755314626327,1.4968564902208092,-0.1816460878647987,0.12429666990829967,0.12651157744717553,-0.02969624345712769,3.049245649604406,2.402641967630657,0.2854825824984526,3.025642832326777,-0.19807513125343568,-0.8006095602624436,2.2900982664416403,-2.4058968680338486,-0.17700969389840043,1.1704115849823309,-0.5000000000000004,0.8660254037844384,1.2246467991473532e-16,-1.0,22,6,176,2,1
0.40251164742468365,1.2773804047925905,1.446743722595063,-0.9327217139122664,-0.5167919194981799,88.529945,-0.3358606135941342,-0.5928874070966723,0.29370559622018655,1.2910316186770616,-0.1816460878647987,0.2854825824984526,0.2888030898005291,-0.02969624345712769,0.2902598377790365,2.519602808959081,0.12429666990829967,6.894104542341884,-0.19807513125343568,-0.7443958321915666,0.06288575739091987,-5.943980669925888,-0.17700969389840043,-0.09955341191650516,-0.2588190451025215,0.965925826289068,1.2246467991473532e-16,-1.0,23,6,176,2,1
0.4128142206250631,1.2930425029347068,1.4472080764630033,-0.9218304571074096,-1.2326013400565996,54.722076,0.06223259522525782,-0.12042596816436303,-0.0889200117483384,1.0510608102225079,-0.1816460878647987,0.44666847107003516,0.4510945779705652,-0.02969624345712769,0.3575521692723025,2.6755505935239747,0.2854825824984526,0.2854825824984526,-0.19807513125343568,-0.7464598086718653,2.2900982664416403,6.744611840697695e-20,-0.17700969389840043,-0.06664292533783278,0.0,1.0,1.2246467991473532e-16,-1.0,0,6,177,2,1
0.39211686539426144,1.347657251962416,1.4472080764630033,-1.003786222413651,-1.434363082822854,24.814606,-0.4022095696129055,0.12330176798098252,-0.18639969293687841,1.4531463601820676,-0.1816460878647987,0.7690402962503411,0.7756776026772724,-0.02969624345712769,0.6267215253273841,2.12973336497537,0.44666847107003516,0.12429666990829967,3.025642832326777,-0.828170136088836,2.2900982664416403,0.2830466965594593,-0.17700969389840043,0.08063334412536986,0.2588190451025207,0.9659258262890684,1.2246467991473532e-16,-1.0,1,6,177,2,1
0.4232706011771938,1.3423012126064666,1.3398236123159537,-1.0649242359586633,-1.1994424699296007,123.546684,-0.4685583498672653,-0.14367938754228965,0.7373119449639554,1.5784275049825864,-0.1816460878647987,-0.19807513125343568,-0.19807142307621395,-0.02969624345712769,0.4248445107929078,0.41430772314252406,0.7690402962503411,0.2854825824984526,6.894104542341884,-0.7818312035308808,1.361448922687602,0.42457005538349996,-0.17700969389840043,-0.018872776185709702,0.4999999999999999,0.8660254037844387,1.2246467991473532e-16,-1.0,2,6,177,2,1
0.4145364598659643,1.4216263376382074,1.1232451924832956,-1.0440838725916042,-0.7171390761800154,89.84116,-0.6676048663947559,-0.48660091896297614,0.3230771335884549,1.5890982154876347,-0.1816460878647987,-0.19807513125343568,-0.19807142307621395,-0.02969624345712769,0.15567516476516532,0.29734688181410013,-0.19807513125343568,0.44666847107003516,0.2854825824984526,-0.8724450921664931,-0.0035175593424798734,-0.5660933931189185,-0.17700969389840043,-0.1420140794751977,0.7071067811865476,0.7071067811865476,1.2246467991473532e-16,-1.0,3,6,177,2,1
0.4198568589720724,1.3880298923058318,1.328206052175032,-1.1433865081652121,-0.36518939802686184,89.05561,-1.1320466797040971,-0.673691001842165,0.30340218207758035,1.566097096113103,-0.1816460878647987,-0.19807513125343568,-0.19807142307621395,-0.02969624345712769,-0.2480788643037877,0.2193729895316532,-0.19807513125343568,0.7690402962503411,0.12429666990829967,-0.831934062677998,-0.8708939541641642,-0.8491401107669997,-0.17700969389840043,-0.35055984059429374,0.8660254037844386,0.5000000000000001,1.2246467991473532e-16,-1.0,4,6,177,2,1
